redirect seq=000145 caller=QUEST2 WSAVS READ_IN              pc=701766ED area_wfp=740072BA argc=0 frame=6 real_wsp=700010DE shadow_wsp=700010F4 master_wfp=700010E8 ret=7015C063 depth=1
redirect seq=000157 caller=QUEST2 WRTN  READ_IN              area_wfp=740072BA ret_pc=7017E77D real_wsp=700010DC (was 740072AE) shadow_wsp=700010DC master_wfp=700010E8 depth=0
redirect seq=000160 caller=QUEST2 WSAVS LOGON                pc=70175E9F area_wfp=7400714A argc=0 frame=40 real_wsp=700010DE shadow_wsp=70001138 master_wfp=700010E8 ret=7015C287 depth=1
redirect seq=000198 caller=QUEST2 WSAVS READ_IN              pc=701766ED area_wfp=740072BA argc=0 frame=6 real_wsp=700010EC shadow_wsp=7000115C master_wfp=70001150 ret=70175F6F depth=2
redirect seq=000210 caller=QUEST2 WRTN  READ_IN              area_wfp=740072BA ret_pc=7017E77D real_wsp=700010EA (was 740072AE) shadow_wsp=70001144 master_wfp=70001150 depth=1
redirect seq=000220 caller=QUEST2 WSAVS READ_IN              pc=701766ED area_wfp=740072BA argc=0 frame=6 real_wsp=700010EC shadow_wsp=7000115C master_wfp=70001150 ret=70175FD7 depth=2
redirect seq=000232 caller=QUEST2 WRTN  READ_IN              area_wfp=740072BA ret_pc=7017E77D real_wsp=700010EA (was 740072AE) shadow_wsp=70001144 master_wfp=70001150 depth=1
redirect seq=000267 caller=QUEST2 WSAVS GET_INPUT            pc=7016AA35 area_wfp=74003ECC argc=1 frame=41 real_wsp=700010EE shadow_wsp=700011A4 master_wfp=70001152 ret=701760C8 depth=2
redirect seq=000275 caller=QUEST2 WRTN  GET_INPUT            area_wfp=74003ECC ret_pc=7016AA66 real_wsp=700010EA (was 74003EBE) shadow_wsp=70001144 master_wfp=70001152 depth=1
redirect seq=000792 caller=QUEST2 WRTN  LOGON                area_wfp=7400714A ret_pc=7017E77D real_wsp=700010DC (was 7400713E) shadow_wsp=700010DC master_wfp=700010E8 depth=0
redirect seq=000799 caller=QUEST2 WSAVS INIT_SCREEN          pc=7016E103 area_wfp=740056FC argc=1 frame=5 real_wsp=700010E0 shadow_wsp=700010F4 master_wfp=700010EA ret=7015C390 depth=1
redirect seq=000804 caller=QUEST2 WRTN  INIT_SCREEN          area_wfp=740056FC ret_pc=7016E1DC real_wsp=700010DC (was 740056EE) shadow_wsp=700010DC master_wfp=700010EA depth=0
redirect seq=000838 caller=QUEST2 WSAVS HIT_ANY_CHAR         pc=7016DE91 area_wfp=7400569A argc=0 frame=9 real_wsp=70001B7E shadow_wsp=70001B9A master_wfp=70001B88 ret=7016BCA4 depth=1
redirect seq=000856 caller=QUEST2 WSAVS GET_INPUT            pc=7016AA35 area_wfp=74003ECC argc=1 frame=41 real_wsp=70001B82 shadow_wsp=70001BFA master_wfp=70001BA8 ret=7016DEAD depth=2
redirect seq=000864 caller=QUEST2 WRTN  GET_INPUT            area_wfp=74003ECC ret_pc=7016AA66 real_wsp=70001B7E (was 74003EBE) shadow_wsp=70001B9A master_wfp=70001BA8 depth=1
redirect seq=000873 caller=QUEST2 WRTN  HIT_ANY_CHAR         area_wfp=7400569A ret_pc=7016DEBB real_wsp=70001B7C (was 7400568E) shadow_wsp=70001B7C master_wfp=70001B88 depth=0
redirect seq=000875 caller=QUEST2 WSAVS REFRESH_SCREEN       pc=70176A93 area_wfp=7400733C argc=0 frame=23 real_wsp=70001B7E shadow_wsp=70001BB6 master_wfp=70001B88 ret=7016BCA8 depth=1
redirect seq=000964 caller=QUEST2 WRTN  REFRESH_SCREEN       area_wfp=7400733C ret_pc=70176B4D real_wsp=70001B7C (was 74007330) shadow_wsp=70001B7C master_wfp=70001B88 depth=0
redirect seq=000967 caller=QUEST2 WSAVS DIST                 pc=70168717 area_wfp=74003962 argc=4 frame=0 real_wsp=70001FDA shadow_wsp=70001FE4 master_wfp=70001FE4 ret=70166B8A depth=1
redirect seq=000969 caller=QUEST2 WRTN  DIST                 area_wfp=74003962 ret_pc=70168732 real_wsp=70001FD0 (was 7400394E) shadow_wsp=70001FD0 master_wfp=70001FE4 depth=0
redirect seq=000971 caller=QUEST2 WSAVS DIST                 pc=70168717 area_wfp=74003962 argc=4 frame=0 real_wsp=70001FDA shadow_wsp=70001FE4 master_wfp=70001FE4 ret=70166B8A depth=1
redirect seq=000973 caller=QUEST2 WRTN  DIST                 area_wfp=74003962 ret_pc=70168732 real_wsp=70001FD0 (was 7400394E) shadow_wsp=70001FD0 master_wfp=70001FE4 depth=0
redirect seq=000975 caller=QUEST2 WSAVS DIST                 pc=70168717 area_wfp=74003962 argc=4 frame=0 real_wsp=70001FDA shadow_wsp=70001FE4 master_wfp=70001FE4 ret=70166B8A depth=1
redirect seq=000977 caller=QUEST2 WRTN  DIST                 area_wfp=74003962 ret_pc=70168732 real_wsp=70001FD0 (was 7400394E) shadow_wsp=70001FD0 master_wfp=70001FE4 depth=0
redirect seq=000982 caller=QUEST2 WSAVS DIST                 pc=70168717 area_wfp=74003962 argc=4 frame=0 real_wsp=70001FDA shadow_wsp=70001FE4 master_wfp=70001FE4 ret=70166E20 depth=1
redirect seq=000984 caller=QUEST2 WRTN  DIST                 area_wfp=74003962 ret_pc=70168732 real_wsp=70001FD0 (was 7400394E) shadow_wsp=70001FD0 master_wfp=70001FE4 depth=0
redirect seq=000986 caller=QUEST2 WSAVS DIST                 pc=70168717 area_wfp=74003962 argc=4 frame=0 real_wsp=70001FDA shadow_wsp=70001FE4 master_wfp=70001FE4 ret=70166E20 depth=1
redirect seq=000988 caller=QUEST2 WRTN  DIST                 area_wfp=74003962 ret_pc=70168732 real_wsp=70001FD0 (was 7400394E) shadow_wsp=70001FD0 master_wfp=70001FE4 depth=0
redirect seq=000990 caller=QUEST2 WSAVS DIST                 pc=70168717 area_wfp=74003962 argc=4 frame=0 real_wsp=70001FDA shadow_wsp=70001FE4 master_wfp=70001FE4 ret=70166E20 depth=1
redirect seq=000992 caller=QUEST2 WRTN  DIST                 area_wfp=74003962 ret_pc=70168732 real_wsp=70001FD0 (was 7400394E) shadow_wsp=70001FD0 master_wfp=70001FE4 depth=0
redirect seq=000997 caller=QUEST2 WSAVS DIST                 pc=70168717 area_wfp=74003962 argc=4 frame=0 real_wsp=70001FDA shadow_wsp=70001FE4 master_wfp=70001FE4 ret=70166E20 depth=1
redirect seq=000999 caller=QUEST2 WRTN  DIST                 area_wfp=74003962 ret_pc=70168732 real_wsp=70001FD0 (was 7400394E) shadow_wsp=70001FD0 master_wfp=70001FE4 depth=0
redirect seq=001001 caller=QUEST2 WSAVS DIST                 pc=70168717 area_wfp=74003962 argc=4 frame=0 real_wsp=70001FDA shadow_wsp=70001FE4 master_wfp=70001FE4 ret=70166E20 depth=1
redirect seq=001003 caller=QUEST2 WRTN  DIST                 area_wfp=74003962 ret_pc=70168732 real_wsp=70001FD0 (was 7400394E) shadow_wsp=70001FD0 master_wfp=70001FE4 depth=0
redirect seq=001005 caller=QUEST2 WSAVS DIST                 pc=70168717 area_wfp=74003962 argc=4 frame=0 real_wsp=70001FDA shadow_wsp=70001FE4 master_wfp=70001FE4 ret=70166E20 depth=1
redirect seq=001007 caller=QUEST2 WRTN  DIST                 area_wfp=74003962 ret_pc=70168732 real_wsp=70001FD0 (was 7400394E) shadow_wsp=70001FD0 master_wfp=70001FE4 depth=0
redirect seq=001012 caller=QUEST2 WSAVS DIST                 pc=70168717 area_wfp=74003962 argc=4 frame=0 real_wsp=70001FDA shadow_wsp=70001FE4 master_wfp=70001FE4 ret=70166E20 depth=1
redirect seq=001014 caller=QUEST2 WRTN  DIST                 area_wfp=74003962 ret_pc=70168732 real_wsp=70001FD0 (was 7400394E) shadow_wsp=70001FD0 master_wfp=70001FE4 depth=0
redirect seq=001016 caller=QUEST2 WSAVS DIST                 pc=70168717 area_wfp=74003962 argc=4 frame=0 real_wsp=70001FDA shadow_wsp=70001FE4 master_wfp=70001FE4 ret=70166E20 depth=1
redirect seq=001018 caller=QUEST2 WRTN  DIST                 area_wfp=74003962 ret_pc=70168732 real_wsp=70001FD0 (was 7400394E) shadow_wsp=70001FD0 master_wfp=70001FE4 depth=0
redirect seq=001020 caller=QUEST2 WSAVS DIST                 pc=70168717 area_wfp=74003962 argc=4 frame=0 real_wsp=70001FDA shadow_wsp=70001FE4 master_wfp=70001FE4 ret=70166E20 depth=1
redirect seq=001022 caller=QUEST2 WRTN  DIST                 area_wfp=74003962 ret_pc=70168732 real_wsp=70001FD0 (was 7400394E) shadow_wsp=70001FD0 master_wfp=70001FE4 depth=0
redirect seq=001027 caller=QUEST2 WSAVS DIST                 pc=70168717 area_wfp=74003962 argc=4 frame=0 real_wsp=70001FDA shadow_wsp=70001FE4 master_wfp=70001FE4 ret=70166E20 depth=1
redirect seq=001029 caller=QUEST2 WRTN  DIST                 area_wfp=74003962 ret_pc=70168732 real_wsp=70001FD0 (was 7400394E) shadow_wsp=70001FD0 master_wfp=70001FE4 depth=0
redirect seq=001031 caller=QUEST2 WSAVS DIST                 pc=70168717 area_wfp=74003962 argc=4 frame=0 real_wsp=70001FDA shadow_wsp=70001FE4 master_wfp=70001FE4 ret=70166E20 depth=1
redirect seq=001033 caller=QUEST2 WRTN  DIST                 area_wfp=74003962 ret_pc=70168732 real_wsp=70001FD0 (was 7400394E) shadow_wsp=70001FD0 master_wfp=70001FE4 depth=0
redirect seq=001035 caller=QUEST2 WSAVS DIST                 pc=70168717 area_wfp=74003962 argc=4 frame=0 real_wsp=70001FDA shadow_wsp=70001FE4 master_wfp=70001FE4 ret=70166E20 depth=1
redirect seq=001037 caller=QUEST2 WRTN  DIST                 area_wfp=74003962 ret_pc=70168732 real_wsp=70001FD0 (was 7400394E) shadow_wsp=70001FD0 master_wfp=70001FE4 depth=0
redirect seq=001042 caller=QUEST2 WSAVS DIST                 pc=70168717 area_wfp=74003962 argc=4 frame=0 real_wsp=70001FDA shadow_wsp=70001FE4 master_wfp=70001FE4 ret=70166E20 depth=1
redirect seq=001044 caller=QUEST2 WRTN  DIST                 area_wfp=74003962 ret_pc=70168732 real_wsp=70001FD0 (was 7400394E) shadow_wsp=70001FD0 master_wfp=70001FE4 depth=0
redirect seq=001046 caller=QUEST2 WSAVS DIST                 pc=70168717 area_wfp=74003962 argc=4 frame=0 real_wsp=70001FDA shadow_wsp=70001FE4 master_wfp=70001FE4 ret=70166E20 depth=1
redirect seq=001048 caller=QUEST2 WRTN  DIST                 area_wfp=74003962 ret_pc=70168732 real_wsp=70001FD0 (was 7400394E) shadow_wsp=70001FD0 master_wfp=70001FE4 depth=0
redirect seq=001050 caller=QUEST2 WSAVS DIST                 pc=70168717 area_wfp=74003962 argc=4 frame=0 real_wsp=70001FDA shadow_wsp=70001FE4 master_wfp=70001FE4 ret=70166E20 depth=1
redirect seq=001052 caller=QUEST2 WRTN  DIST                 area_wfp=74003962 ret_pc=70168732 real_wsp=70001FD0 (was 7400394E) shadow_wsp=70001FD0 master_wfp=70001FE4 depth=0
redirect seq=001057 caller=QUEST2 WSAVS DIST                 pc=70168717 area_wfp=74003962 argc=4 frame=0 real_wsp=70001FDA shadow_wsp=70001FE4 master_wfp=70001FE4 ret=70166E20 depth=1
redirect seq=001059 caller=QUEST2 WRTN  DIST                 area_wfp=74003962 ret_pc=70168732 real_wsp=70001FD0 (was 7400394E) shadow_wsp=70001FD0 master_wfp=70001FE4 depth=0
redirect seq=001061 caller=QUEST2 WSAVS DIST                 pc=70168717 area_wfp=74003962 argc=4 frame=0 real_wsp=70001FDA shadow_wsp=70001FE4 master_wfp=70001FE4 ret=70166E20 depth=1
redirect seq=001063 caller=QUEST2 WRTN  DIST                 area_wfp=74003962 ret_pc=70168732 real_wsp=70001FD0 (was 7400394E) shadow_wsp=70001FD0 master_wfp=70001FE4 depth=0
redirect seq=001065 caller=QUEST2 WSAVS DIST                 pc=70168717 area_wfp=74003962 argc=4 frame=0 real_wsp=70001FDA shadow_wsp=70001FE4 master_wfp=70001FE4 ret=70166E20 depth=1
redirect seq=001067 caller=QUEST2 WRTN  DIST                 area_wfp=74003962 ret_pc=70168732 real_wsp=70001FD0 (was 7400394E) shadow_wsp=70001FD0 master_wfp=70001FE4 depth=0
redirect seq=001072 caller=QUEST2 WSAVS DIST                 pc=70168717 area_wfp=74003962 argc=4 frame=0 real_wsp=70001FDA shadow_wsp=70001FE4 master_wfp=70001FE4 ret=70166E20 depth=1
redirect seq=001074 caller=QUEST2 WRTN  DIST                 area_wfp=74003962 ret_pc=70168732 real_wsp=70001FD0 (was 7400394E) shadow_wsp=70001FD0 master_wfp=70001FE4 depth=0
redirect seq=001076 caller=QUEST2 WSAVS DIST                 pc=70168717 area_wfp=74003962 argc=4 frame=0 real_wsp=70001FDA shadow_wsp=70001FE4 master_wfp=70001FE4 ret=70166E20 depth=1
redirect seq=001078 caller=QUEST2 WRTN  DIST                 area_wfp=74003962 ret_pc=70168732 real_wsp=70001FD0 (was 7400394E) shadow_wsp=70001FD0 master_wfp=70001FE4 depth=0
redirect seq=001080 caller=QUEST2 WSAVS DIST                 pc=70168717 area_wfp=74003962 argc=4 frame=0 real_wsp=70001FDA shadow_wsp=70001FE4 master_wfp=70001FE4 ret=70166E20 depth=1
redirect seq=001082 caller=QUEST2 WRTN  DIST                 area_wfp=74003962 ret_pc=70168732 real_wsp=70001FD0 (was 7400394E) shadow_wsp=70001FD0 master_wfp=70001FE4 depth=0
redirect seq=001087 caller=QUEST2 WSAVS DIST                 pc=70168717 area_wfp=74003962 argc=4 frame=0 real_wsp=70001FDA shadow_wsp=70001FE4 master_wfp=70001FE4 ret=70166E20 depth=1
redirect seq=001089 caller=QUEST2 WRTN  DIST                 area_wfp=74003962 ret_pc=70168732 real_wsp=70001FD0 (was 7400394E) shadow_wsp=70001FD0 master_wfp=70001FE4 depth=0
redirect seq=001091 caller=QUEST2 WSAVS DIST                 pc=70168717 area_wfp=74003962 argc=4 frame=0 real_wsp=70001FDA shadow_wsp=70001FE4 master_wfp=70001FE4 ret=70166E20 depth=1
redirect seq=001093 caller=QUEST2 WRTN  DIST                 area_wfp=74003962 ret_pc=70168732 real_wsp=70001FD0 (was 7400394E) shadow_wsp=70001FD0 master_wfp=70001FE4 depth=0
redirect seq=001095 caller=QUEST2 WSAVS DIST                 pc=70168717 area_wfp=74003962 argc=4 frame=0 real_wsp=70001FDA shadow_wsp=70001FE4 master_wfp=70001FE4 ret=70166E20 depth=1
redirect seq=001097 caller=QUEST2 WRTN  DIST                 area_wfp=74003962 ret_pc=70168732 real_wsp=70001FD0 (was 7400394E) shadow_wsp=70001FD0 master_wfp=70001FE4 depth=0
redirect seq=001102 caller=QUEST2 WSAVS DIST                 pc=70168717 area_wfp=74003962 argc=4 frame=0 real_wsp=70001FDA shadow_wsp=70001FE4 master_wfp=70001FE4 ret=70166E20 depth=1
redirect seq=001104 caller=QUEST2 WRTN  DIST                 area_wfp=74003962 ret_pc=70168732 real_wsp=70001FD0 (was 7400394E) shadow_wsp=70001FD0 master_wfp=70001FE4 depth=0
redirect seq=001106 caller=QUEST2 WSAVS DIST                 pc=70168717 area_wfp=74003962 argc=4 frame=0 real_wsp=70001FDA shadow_wsp=70001FE4 master_wfp=70001FE4 ret=70166E20 depth=1
redirect seq=001108 caller=QUEST2 WRTN  DIST                 area_wfp=74003962 ret_pc=70168732 real_wsp=70001FD0 (was 7400394E) shadow_wsp=70001FD0 master_wfp=70001FE4 depth=0
redirect seq=001110 caller=QUEST2 WSAVS DIST                 pc=70168717 area_wfp=74003962 argc=4 frame=0 real_wsp=70001FDA shadow_wsp=70001FE4 master_wfp=70001FE4 ret=70166E20 depth=1
redirect seq=001112 caller=QUEST2 WRTN  DIST                 area_wfp=74003962 ret_pc=70168732 real_wsp=70001FD0 (was 7400394E) shadow_wsp=70001FD0 master_wfp=70001FE4 depth=0
redirect seq=001117 caller=QUEST2 WSAVS DIST                 pc=70168717 area_wfp=74003962 argc=4 frame=0 real_wsp=70001FDA shadow_wsp=70001FE4 master_wfp=70001FE4 ret=70166E20 depth=1
redirect seq=001119 caller=QUEST2 WRTN  DIST                 area_wfp=74003962 ret_pc=70168732 real_wsp=70001FD0 (was 7400394E) shadow_wsp=70001FD0 master_wfp=70001FE4 depth=0
redirect seq=001121 caller=QUEST2 WSAVS DIST                 pc=70168717 area_wfp=74003962 argc=4 frame=0 real_wsp=70001FDA shadow_wsp=70001FE4 master_wfp=70001FE4 ret=70166E20 depth=1
redirect seq=001123 caller=QUEST2 WRTN  DIST                 area_wfp=74003962 ret_pc=70168732 real_wsp=70001FD0 (was 7400394E) shadow_wsp=70001FD0 master_wfp=70001FE4 depth=0
redirect seq=001125 caller=QUEST2 WSAVS DIST                 pc=70168717 area_wfp=74003962 argc=4 frame=0 real_wsp=70001FDA shadow_wsp=70001FE4 master_wfp=70001FE4 ret=70166E20 depth=1
redirect seq=001127 caller=QUEST2 WRTN  DIST                 area_wfp=74003962 ret_pc=70168732 real_wsp=70001FD0 (was 7400394E) shadow_wsp=70001FD0 master_wfp=70001FE4 depth=0
redirect seq=001132 caller=QUEST2 WSAVS DIST                 pc=70168717 area_wfp=74003962 argc=4 frame=0 real_wsp=70001FDA shadow_wsp=70001FE4 master_wfp=70001FE4 ret=70166E20 depth=1
redirect seq=001134 caller=QUEST2 WRTN  DIST                 area_wfp=74003962 ret_pc=70168732 real_wsp=70001FD0 (was 7400394E) shadow_wsp=70001FD0 master_wfp=70001FE4 depth=0
redirect seq=001136 caller=QUEST2 WSAVS DIST                 pc=70168717 area_wfp=74003962 argc=4 frame=0 real_wsp=70001FDA shadow_wsp=70001FE4 master_wfp=70001FE4 ret=70166E20 depth=1
redirect seq=001138 caller=QUEST2 WRTN  DIST                 area_wfp=74003962 ret_pc=70168732 real_wsp=70001FD0 (was 7400394E) shadow_wsp=70001FD0 master_wfp=70001FE4 depth=0
redirect seq=001140 caller=QUEST2 WSAVS DIST                 pc=70168717 area_wfp=74003962 argc=4 frame=0 real_wsp=70001FDA shadow_wsp=70001FE4 master_wfp=70001FE4 ret=70166E20 depth=1
redirect seq=001142 caller=QUEST2 WRTN  DIST                 area_wfp=74003962 ret_pc=70168732 real_wsp=70001FD0 (was 7400394E) shadow_wsp=70001FD0 master_wfp=70001FE4 depth=0
redirect seq=001146 caller=QUEST2 WSAVS DIST                 pc=70168717 area_wfp=74003962 argc=4 frame=0 real_wsp=70001FDA shadow_wsp=70001FE4 master_wfp=70001FE4 ret=70166E20 depth=1
redirect seq=001148 caller=QUEST2 WRTN  DIST                 area_wfp=74003962 ret_pc=70168732 real_wsp=70001FD0 (was 7400394E) shadow_wsp=70001FD0 master_wfp=70001FE4 depth=0
redirect seq=001150 caller=QUEST2 WSAVS DIST                 pc=70168717 area_wfp=74003962 argc=4 frame=0 real_wsp=70001FDA shadow_wsp=70001FE4 master_wfp=70001FE4 ret=70166E20 depth=1
redirect seq=001153 caller=QUEST2 WRTN  DIST                 area_wfp=74003962 ret_pc=70168732 real_wsp=70001FD0 (was 7400394E) shadow_wsp=70001FD0 master_wfp=70001FE4 depth=0
redirect seq=001155 caller=QUEST2 WSAVS DIST                 pc=70168717 area_wfp=74003962 argc=4 frame=0 real_wsp=70001FDA shadow_wsp=70001FE4 master_wfp=70001FE4 ret=70166E20 depth=1
redirect seq=001157 caller=QUEST2 WRTN  DIST                 area_wfp=74003962 ret_pc=70168732 real_wsp=70001FD0 (was 7400394E) shadow_wsp=70001FD0 master_wfp=70001FE4 depth=0
redirect seq=001162 caller=QUEST2 WSAVS DIST                 pc=70168717 area_wfp=74003962 argc=4 frame=0 real_wsp=70001FDA shadow_wsp=70001FE4 master_wfp=70001FE4 ret=70166E20 depth=1
redirect seq=001164 caller=QUEST2 WRTN  DIST                 area_wfp=74003962 ret_pc=70168732 real_wsp=70001FD0 (was 7400394E) shadow_wsp=70001FD0 master_wfp=70001FE4 depth=0
redirect seq=001166 caller=QUEST2 WSAVS DIST                 pc=70168717 area_wfp=74003962 argc=4 frame=0 real_wsp=70001FDA shadow_wsp=70001FE4 master_wfp=70001FE4 ret=70166E20 depth=1
redirect seq=001168 caller=QUEST2 WRTN  DIST                 area_wfp=74003962 ret_pc=70168732 real_wsp=70001FD0 (was 7400394E) shadow_wsp=70001FD0 master_wfp=70001FE4 depth=0
redirect seq=001170 caller=QUEST2 WSAVS DIST                 pc=70168717 area_wfp=74003962 argc=4 frame=0 real_wsp=70001FDA shadow_wsp=70001FE4 master_wfp=70001FE4 ret=70166E20 depth=1
redirect seq=001172 caller=QUEST2 WRTN  DIST                 area_wfp=74003962 ret_pc=70168732 real_wsp=70001FD0 (was 7400394E) shadow_wsp=70001FD0 master_wfp=70001FE4 depth=0
redirect seq=001176 caller=QUEST2 WSAVS DIST                 pc=70168717 area_wfp=74003962 argc=4 frame=0 real_wsp=70001FDA shadow_wsp=70001FE4 master_wfp=70001FE4 ret=70166E20 depth=1
redirect seq=001178 caller=QUEST2 WRTN  DIST                 area_wfp=74003962 ret_pc=70168732 real_wsp=70001FD0 (was 7400394E) shadow_wsp=70001FD0 master_wfp=70001FE4 depth=0
redirect seq=001180 caller=QUEST2 WSAVS DIST                 pc=70168717 area_wfp=74003962 argc=4 frame=0 real_wsp=70001FDA shadow_wsp=70001FE4 master_wfp=70001FE4 ret=70166E20 depth=1
redirect seq=001183 caller=QUEST2 WRTN  DIST                 area_wfp=74003962 ret_pc=70168732 real_wsp=70001FD0 (was 7400394E) shadow_wsp=70001FD0 master_wfp=70001FE4 depth=0
redirect seq=001185 caller=QUEST2 WSAVS DIST                 pc=70168717 area_wfp=74003962 argc=4 frame=0 real_wsp=70001FDA shadow_wsp=70001FE4 master_wfp=70001FE4 ret=70166E20 depth=1
redirect seq=001187 caller=QUEST2 WRTN  DIST                 area_wfp=74003962 ret_pc=70168732 real_wsp=70001FD0 (was 7400394E) shadow_wsp=70001FD0 master_wfp=70001FE4 depth=0
redirect seq=001192 caller=QUEST2 WSAVS DIST                 pc=70168717 area_wfp=74003962 argc=4 frame=0 real_wsp=70001FDA shadow_wsp=70001FE4 master_wfp=70001FE4 ret=70166E20 depth=1
redirect seq=001194 caller=QUEST2 WRTN  DIST                 area_wfp=74003962 ret_pc=70168732 real_wsp=70001FD0 (was 7400394E) shadow_wsp=70001FD0 master_wfp=70001FE4 depth=0
redirect seq=001196 caller=QUEST2 WSAVS DIST                 pc=70168717 area_wfp=74003962 argc=4 frame=0 real_wsp=70001FDA shadow_wsp=70001FE4 master_wfp=70001FE4 ret=70166E20 depth=1
redirect seq=001198 caller=QUEST2 WRTN  DIST                 area_wfp=74003962 ret_pc=70168732 real_wsp=70001FD0 (was 7400394E) shadow_wsp=70001FD0 master_wfp=70001FE4 depth=0
redirect seq=001200 caller=QUEST2 WSAVS DIST                 pc=70168717 area_wfp=74003962 argc=4 frame=0 real_wsp=70001FDA shadow_wsp=70001FE4 master_wfp=70001FE4 ret=70166E20 depth=1
redirect seq=001202 caller=QUEST2 WRTN  DIST                 area_wfp=74003962 ret_pc=70168732 real_wsp=70001FD0 (was 7400394E) shadow_wsp=70001FD0 master_wfp=70001FE4 depth=0
redirect seq=001206 caller=QUEST2 WSAVS DIST                 pc=70168717 area_wfp=74003962 argc=4 frame=0 real_wsp=70001FDA shadow_wsp=70001FE4 master_wfp=70001FE4 ret=70166E20 depth=1
redirect seq=001208 caller=QUEST2 WRTN  DIST                 area_wfp=74003962 ret_pc=70168732 real_wsp=70001FD0 (was 7400394E) shadow_wsp=70001FD0 master_wfp=70001FE4 depth=0
redirect seq=001210 caller=QUEST2 WSAVS DIST                 pc=70168717 area_wfp=74003962 argc=4 frame=0 real_wsp=70001FDA shadow_wsp=70001FE4 master_wfp=70001FE4 ret=70166E20 depth=1
redirect seq=001213 caller=QUEST2 WRTN  DIST                 area_wfp=74003962 ret_pc=70168732 real_wsp=70001FD0 (was 7400394E) shadow_wsp=70001FD0 master_wfp=70001FE4 depth=0
redirect seq=001215 caller=QUEST2 WSAVS DIST                 pc=70168717 area_wfp=74003962 argc=4 frame=0 real_wsp=70001FDA shadow_wsp=70001FE4 master_wfp=70001FE4 ret=70166E20 depth=1
redirect seq=001217 caller=QUEST2 WRTN  DIST                 area_wfp=74003962 ret_pc=70168732 real_wsp=70001FD0 (was 7400394E) shadow_wsp=70001FD0 master_wfp=70001FE4 depth=0
redirect seq=001222 caller=QUEST2 WSAVS DIST                 pc=70168717 area_wfp=74003962 argc=4 frame=0 real_wsp=70001FDA shadow_wsp=70001FE4 master_wfp=70001FE4 ret=70166E20 depth=1
redirect seq=001224 caller=QUEST2 WRTN  DIST                 area_wfp=74003962 ret_pc=70168732 real_wsp=70001FD0 (was 7400394E) shadow_wsp=70001FD0 master_wfp=70001FE4 depth=0
redirect seq=001226 caller=QUEST2 WSAVS DIST                 pc=70168717 area_wfp=74003962 argc=4 frame=0 real_wsp=70001FDA shadow_wsp=70001FE4 master_wfp=70001FE4 ret=70166E20 depth=1
redirect seq=001228 caller=QUEST2 WRTN  DIST                 area_wfp=74003962 ret_pc=70168732 real_wsp=70001FD0 (was 7400394E) shadow_wsp=70001FD0 master_wfp=70001FE4 depth=0
redirect seq=001230 caller=QUEST2 WSAVS DIST                 pc=70168717 area_wfp=74003962 argc=4 frame=0 real_wsp=70001FDA shadow_wsp=70001FE4 master_wfp=70001FE4 ret=70166E20 depth=1
redirect seq=001232 caller=QUEST2 WRTN  DIST                 area_wfp=74003962 ret_pc=70168732 real_wsp=70001FD0 (was 7400394E) shadow_wsp=70001FD0 master_wfp=70001FE4 depth=0
redirect seq=001236 caller=QUEST2 WSAVS DIST                 pc=70168717 area_wfp=74003962 argc=4 frame=0 real_wsp=70001FDA shadow_wsp=70001FE4 master_wfp=70001FE4 ret=70166E20 depth=1
redirect seq=001238 caller=QUEST2 WRTN  DIST                 area_wfp=74003962 ret_pc=70168732 real_wsp=70001FD0 (was 7400394E) shadow_wsp=70001FD0 master_wfp=70001FE4 depth=0
redirect seq=001240 caller=QUEST2 WSAVS DIST                 pc=70168717 area_wfp=74003962 argc=4 frame=0 real_wsp=70001FDA shadow_wsp=70001FE4 master_wfp=70001FE4 ret=70166E20 depth=1
redirect seq=001243 caller=QUEST2 WRTN  DIST                 area_wfp=74003962 ret_pc=70168732 real_wsp=70001FD0 (was 7400394E) shadow_wsp=70001FD0 master_wfp=70001FE4 depth=0
redirect seq=001245 caller=QUEST2 WSAVS DIST                 pc=70168717 area_wfp=74003962 argc=4 frame=0 real_wsp=70001FDA shadow_wsp=70001FE4 master_wfp=70001FE4 ret=70166E20 depth=1
redirect seq=001247 caller=QUEST2 WRTN  DIST                 area_wfp=74003962 ret_pc=70168732 real_wsp=70001FD0 (was 7400394E) shadow_wsp=70001FD0 master_wfp=70001FE4 depth=0
redirect seq=001252 caller=QUEST2 WSAVS DIST                 pc=70168717 area_wfp=74003962 argc=4 frame=0 real_wsp=70001FDA shadow_wsp=70001FE4 master_wfp=70001FE4 ret=70166E20 depth=1
redirect seq=001254 caller=QUEST2 WRTN  DIST                 area_wfp=74003962 ret_pc=70168732 real_wsp=70001FD0 (was 7400394E) shadow_wsp=70001FD0 master_wfp=70001FE4 depth=0
redirect seq=001256 caller=QUEST2 WSAVS DIST                 pc=70168717 area_wfp=74003962 argc=4 frame=0 real_wsp=70001FDA shadow_wsp=70001FE4 master_wfp=70001FE4 ret=70166E20 depth=1
redirect seq=001258 caller=QUEST2 WRTN  DIST                 area_wfp=74003962 ret_pc=70168732 real_wsp=70001FD0 (was 7400394E) shadow_wsp=70001FD0 master_wfp=70001FE4 depth=0
redirect seq=001260 caller=QUEST2 WSAVS DIST                 pc=70168717 area_wfp=74003962 argc=4 frame=0 real_wsp=70001FDA shadow_wsp=70001FE4 master_wfp=70001FE4 ret=70166E20 depth=1
redirect seq=001262 caller=QUEST2 WRTN  DIST                 area_wfp=74003962 ret_pc=70168732 real_wsp=70001FD0 (was 7400394E) shadow_wsp=70001FD0 master_wfp=70001FE4 depth=0
redirect seq=001266 caller=QUEST2 WSAVS DIST                 pc=70168717 area_wfp=74003962 argc=4 frame=0 real_wsp=70001FDA shadow_wsp=70001FE4 master_wfp=70001FE4 ret=70166E20 depth=1
redirect seq=001268 caller=QUEST2 WRTN  DIST                 area_wfp=74003962 ret_pc=70168732 real_wsp=70001FD0 (was 7400394E) shadow_wsp=70001FD0 master_wfp=70001FE4 depth=0
redirect seq=001270 caller=QUEST2 WSAVS DIST                 pc=70168717 area_wfp=74003962 argc=4 frame=0 real_wsp=70001FDA shadow_wsp=70001FE4 master_wfp=70001FE4 ret=70166E20 depth=1
redirect seq=001273 caller=QUEST2 WRTN  DIST                 area_wfp=74003962 ret_pc=70168732 real_wsp=70001FD0 (was 7400394E) shadow_wsp=70001FD0 master_wfp=70001FE4 depth=0
redirect seq=001275 caller=QUEST2 WSAVS DIST                 pc=70168717 area_wfp=74003962 argc=4 frame=0 real_wsp=70001FDA shadow_wsp=70001FE4 master_wfp=70001FE4 ret=70166E20 depth=1
redirect seq=001277 caller=QUEST2 WRTN  DIST                 area_wfp=74003962 ret_pc=70168732 real_wsp=70001FD0 (was 7400394E) shadow_wsp=70001FD0 master_wfp=70001FE4 depth=0
redirect seq=001282 caller=QUEST2 WSAVS DIST                 pc=70168717 area_wfp=74003962 argc=4 frame=0 real_wsp=70001FDA shadow_wsp=70001FE4 master_wfp=70001FE4 ret=70166E20 depth=1
redirect seq=001284 caller=QUEST2 WRTN  DIST                 area_wfp=74003962 ret_pc=70168732 real_wsp=70001FD0 (was 7400394E) shadow_wsp=70001FD0 master_wfp=70001FE4 depth=0
redirect seq=001286 caller=QUEST2 WSAVS DIST                 pc=70168717 area_wfp=74003962 argc=4 frame=0 real_wsp=70001FDA shadow_wsp=70001FE4 master_wfp=70001FE4 ret=70166E20 depth=1
redirect seq=001288 caller=QUEST2 WRTN  DIST                 area_wfp=74003962 ret_pc=70168732 real_wsp=70001FD0 (was 7400394E) shadow_wsp=70001FD0 master_wfp=70001FE4 depth=0
redirect seq=001290 caller=QUEST2 WSAVS DIST                 pc=70168717 area_wfp=74003962 argc=4 frame=0 real_wsp=70001FDA shadow_wsp=70001FE4 master_wfp=70001FE4 ret=70166E20 depth=1
redirect seq=001292 caller=QUEST2 WRTN  DIST                 area_wfp=74003962 ret_pc=70168732 real_wsp=70001FD0 (was 7400394E) shadow_wsp=70001FD0 master_wfp=70001FE4 depth=0
redirect seq=001296 caller=QUEST2 WSAVS DIST                 pc=70168717 area_wfp=74003962 argc=4 frame=0 real_wsp=70001FDA shadow_wsp=70001FE4 master_wfp=70001FE4 ret=70166E20 depth=1
redirect seq=001298 caller=QUEST2 WRTN  DIST                 area_wfp=74003962 ret_pc=70168732 real_wsp=70001FD0 (was 7400394E) shadow_wsp=70001FD0 master_wfp=70001FE4 depth=0
redirect seq=001300 caller=QUEST2 WSAVS DIST                 pc=70168717 area_wfp=74003962 argc=4 frame=0 real_wsp=70001FDA shadow_wsp=70001FE4 master_wfp=70001FE4 ret=70166E20 depth=1
redirect seq=001303 caller=QUEST2 WRTN  DIST                 area_wfp=74003962 ret_pc=70168732 real_wsp=70001FD0 (was 7400394E) shadow_wsp=70001FD0 master_wfp=70001FE4 depth=0
redirect seq=001305 caller=QUEST2 WSAVS DIST                 pc=70168717 area_wfp=74003962 argc=4 frame=0 real_wsp=70001FDA shadow_wsp=70001FE4 master_wfp=70001FE4 ret=70166E20 depth=1
redirect seq=001307 caller=QUEST2 WRTN  DIST                 area_wfp=74003962 ret_pc=70168732 real_wsp=70001FD0 (was 7400394E) shadow_wsp=70001FD0 master_wfp=70001FE4 depth=0
redirect seq=001312 caller=QUEST2 WSAVS DIST                 pc=70168717 area_wfp=74003962 argc=4 frame=0 real_wsp=70001FDA shadow_wsp=70001FE4 master_wfp=70001FE4 ret=70166E20 depth=1
redirect seq=001314 caller=QUEST2 WRTN  DIST                 area_wfp=74003962 ret_pc=70168732 real_wsp=70001FD0 (was 7400394E) shadow_wsp=70001FD0 master_wfp=70001FE4 depth=0
redirect seq=001316 caller=QUEST2 WSAVS DIST                 pc=70168717 area_wfp=74003962 argc=4 frame=0 real_wsp=70001FDA shadow_wsp=70001FE4 master_wfp=70001FE4 ret=70166E20 depth=1
redirect seq=001318 caller=QUEST2 WRTN  DIST                 area_wfp=74003962 ret_pc=70168732 real_wsp=70001FD0 (was 7400394E) shadow_wsp=70001FD0 master_wfp=70001FE4 depth=0
redirect seq=001320 caller=QUEST2 WSAVS DIST                 pc=70168717 area_wfp=74003962 argc=4 frame=0 real_wsp=70001FDA shadow_wsp=70001FE4 master_wfp=70001FE4 ret=70166E20 depth=1
redirect seq=001322 caller=QUEST2 WRTN  DIST                 area_wfp=74003962 ret_pc=70168732 real_wsp=70001FD0 (was 7400394E) shadow_wsp=70001FD0 master_wfp=70001FE4 depth=0
redirect seq=001325 caller=QUEST2 WSAVS DIST                 pc=70168717 area_wfp=74003962 argc=4 frame=0 real_wsp=70001FDA shadow_wsp=70001FE4 master_wfp=70001FE4 ret=70166E20 depth=1
redirect seq=001329 caller=QUEST2 WRTN  DIST                 area_wfp=74003962 ret_pc=70168732 real_wsp=70001FD0 (was 7400394E) shadow_wsp=70001FD0 master_wfp=70001FE4 depth=0
redirect seq=001331 caller=QUEST2 WSAVS DIST                 pc=70168717 area_wfp=74003962 argc=4 frame=0 real_wsp=70001FDA shadow_wsp=70001FE4 master_wfp=70001FE4 ret=70166E20 depth=1
redirect seq=001333 caller=QUEST2 WRTN  DIST                 area_wfp=74003962 ret_pc=70168732 real_wsp=70001FD0 (was 7400394E) shadow_wsp=70001FD0 master_wfp=70001FE4 depth=0
redirect seq=001335 caller=QUEST2 WSAVS DIST                 pc=70168717 area_wfp=74003962 argc=4 frame=0 real_wsp=70001FDA shadow_wsp=70001FE4 master_wfp=70001FE4 ret=70166E20 depth=1
redirect seq=001337 caller=QUEST2 WRTN  DIST                 area_wfp=74003962 ret_pc=70168732 real_wsp=70001FD0 (was 7400394E) shadow_wsp=70001FD0 master_wfp=70001FE4 depth=0
redirect seq=001341 caller=QUEST2 WSAVS DIST                 pc=70168717 area_wfp=74003962 argc=4 frame=0 real_wsp=70001FDA shadow_wsp=70001FE4 master_wfp=70001FE4 ret=70166E20 depth=1
redirect seq=001343 caller=QUEST2 WRTN  DIST                 area_wfp=74003962 ret_pc=70168732 real_wsp=70001FD0 (was 7400394E) shadow_wsp=70001FD0 master_wfp=70001FE4 depth=0
redirect seq=001345 caller=QUEST2 WSAVS DIST                 pc=70168717 area_wfp=74003962 argc=4 frame=0 real_wsp=70001FDA shadow_wsp=70001FE4 master_wfp=70001FE4 ret=70166E20 depth=1
redirect seq=001347 caller=QUEST2 WRTN  DIST                 area_wfp=74003962 ret_pc=70168732 real_wsp=70001FD0 (was 7400394E) shadow_wsp=70001FD0 master_wfp=70001FE4 depth=0
redirect seq=001350 caller=QUEST2 WSAVS DIST                 pc=70168717 area_wfp=74003962 argc=4 frame=0 real_wsp=70001FDA shadow_wsp=70001FE4 master_wfp=70001FE4 ret=70166E20 depth=1
redirect seq=001352 caller=QUEST2 WRTN  DIST                 area_wfp=74003962 ret_pc=70168732 real_wsp=70001FD0 (was 7400394E) shadow_wsp=70001FD0 master_wfp=70001FE4 depth=0
redirect seq=001357 caller=QUEST2 WSAVS DIST                 pc=70168717 area_wfp=74003962 argc=4 frame=0 real_wsp=70001FDA shadow_wsp=70001FE4 master_wfp=70001FE4 ret=70166E20 depth=1
redirect seq=001359 caller=QUEST2 WRTN  DIST                 area_wfp=74003962 ret_pc=70168732 real_wsp=70001FD0 (was 7400394E) shadow_wsp=70001FD0 master_wfp=70001FE4 depth=0
redirect seq=001361 caller=QUEST2 WSAVS DIST                 pc=70168717 area_wfp=74003962 argc=4 frame=0 real_wsp=70001FDA shadow_wsp=70001FE4 master_wfp=70001FE4 ret=70166E20 depth=1
redirect seq=001363 caller=QUEST2 WRTN  DIST                 area_wfp=74003962 ret_pc=70168732 real_wsp=70001FD0 (was 7400394E) shadow_wsp=70001FD0 master_wfp=70001FE4 depth=0
redirect seq=001365 caller=QUEST2 WSAVS DIST                 pc=70168717 area_wfp=74003962 argc=4 frame=0 real_wsp=70001FDA shadow_wsp=70001FE4 master_wfp=70001FE4 ret=70166E20 depth=1
redirect seq=001367 caller=QUEST2 WRTN  DIST                 area_wfp=74003962 ret_pc=70168732 real_wsp=70001FD0 (was 7400394E) shadow_wsp=70001FD0 master_wfp=70001FE4 depth=0
redirect seq=001371 caller=QUEST2 WSAVS DIST                 pc=70168717 area_wfp=74003962 argc=4 frame=0 real_wsp=70001FDA shadow_wsp=70001FE4 master_wfp=70001FE4 ret=70166E20 depth=1
redirect seq=001373 caller=QUEST2 WRTN  DIST                 area_wfp=74003962 ret_pc=70168732 real_wsp=70001FD0 (was 7400394E) shadow_wsp=70001FD0 master_wfp=70001FE4 depth=0
redirect seq=001375 caller=QUEST2 WSAVS DIST                 pc=70168717 area_wfp=74003962 argc=4 frame=0 real_wsp=70001FDA shadow_wsp=70001FE4 master_wfp=70001FE4 ret=70166E20 depth=1
redirect seq=001377 caller=QUEST2 WRTN  DIST                 area_wfp=74003962 ret_pc=70168732 real_wsp=70001FD0 (was 7400394E) shadow_wsp=70001FD0 master_wfp=70001FE4 depth=0
redirect seq=001380 caller=QUEST2 WSAVS DIST                 pc=70168717 area_wfp=74003962 argc=4 frame=0 real_wsp=70001FDA shadow_wsp=70001FE4 master_wfp=70001FE4 ret=70166E20 depth=1
redirect seq=001382 caller=QUEST2 WRTN  DIST                 area_wfp=74003962 ret_pc=70168732 real_wsp=70001FD0 (was 7400394E) shadow_wsp=70001FD0 master_wfp=70001FE4 depth=0
redirect seq=001387 caller=QUEST2 WSAVS DIST                 pc=70168717 area_wfp=74003962 argc=4 frame=0 real_wsp=70001FDA shadow_wsp=70001FE4 master_wfp=70001FE4 ret=70166E20 depth=1
redirect seq=001389 caller=QUEST2 WRTN  DIST                 area_wfp=74003962 ret_pc=70168732 real_wsp=70001FD0 (was 7400394E) shadow_wsp=70001FD0 master_wfp=70001FE4 depth=0
redirect seq=001391 caller=QUEST2 WSAVS DIST                 pc=70168717 area_wfp=74003962 argc=4 frame=0 real_wsp=70001FDA shadow_wsp=70001FE4 master_wfp=70001FE4 ret=70166E20 depth=1
redirect seq=001393 caller=QUEST2 WRTN  DIST                 area_wfp=74003962 ret_pc=70168732 real_wsp=70001FD0 (was 7400394E) shadow_wsp=70001FD0 master_wfp=70001FE4 depth=0
redirect seq=001395 caller=QUEST2 WSAVS DIST                 pc=70168717 area_wfp=74003962 argc=4 frame=0 real_wsp=70001FDA shadow_wsp=70001FE4 master_wfp=70001FE4 ret=70166E20 depth=1
redirect seq=001397 caller=QUEST2 WRTN  DIST                 area_wfp=74003962 ret_pc=70168732 real_wsp=70001FD0 (was 7400394E) shadow_wsp=70001FD0 master_wfp=70001FE4 depth=0
redirect seq=001402 caller=QUEST2 WSAVS DIST                 pc=70168717 area_wfp=74003962 argc=4 frame=0 real_wsp=70001FDA shadow_wsp=70001FE4 master_wfp=70001FE4 ret=70166E20 depth=1
redirect seq=001404 caller=QUEST2 WRTN  DIST                 area_wfp=74003962 ret_pc=70168732 real_wsp=70001FD0 (was 7400394E) shadow_wsp=70001FD0 master_wfp=70001FE4 depth=0
redirect seq=001406 caller=QUEST2 WSAVS DIST                 pc=70168717 area_wfp=74003962 argc=4 frame=0 real_wsp=70001FDA shadow_wsp=70001FE4 master_wfp=70001FE4 ret=70166E20 depth=1
redirect seq=001408 caller=QUEST2 WRTN  DIST                 area_wfp=74003962 ret_pc=70168732 real_wsp=70001FD0 (was 7400394E) shadow_wsp=70001FD0 master_wfp=70001FE4 depth=0
redirect seq=001410 caller=QUEST2 WSAVS DIST                 pc=70168717 area_wfp=74003962 argc=4 frame=0 real_wsp=70001FDA shadow_wsp=70001FE4 master_wfp=70001FE4 ret=70166E20 depth=1
redirect seq=001412 caller=QUEST2 WRTN  DIST                 area_wfp=74003962 ret_pc=70168732 real_wsp=70001FD0 (was 7400394E) shadow_wsp=70001FD0 master_wfp=70001FE4 depth=0
redirect seq=001417 caller=QUEST2 WSAVS DIST                 pc=70168717 area_wfp=74003962 argc=4 frame=0 real_wsp=70001FDA shadow_wsp=70001FE4 master_wfp=70001FE4 ret=70166E20 depth=1
redirect seq=001419 caller=QUEST2 WRTN  DIST                 area_wfp=74003962 ret_pc=70168732 real_wsp=70001FD0 (was 7400394E) shadow_wsp=70001FD0 master_wfp=70001FE4 depth=0
redirect seq=001421 caller=QUEST2 WSAVS DIST                 pc=70168717 area_wfp=74003962 argc=4 frame=0 real_wsp=70001FDA shadow_wsp=70001FE4 master_wfp=70001FE4 ret=70166E20 depth=1
redirect seq=001423 caller=QUEST2 WRTN  DIST                 area_wfp=74003962 ret_pc=70168732 real_wsp=70001FD0 (was 7400394E) shadow_wsp=70001FD0 master_wfp=70001FE4 depth=0
redirect seq=001425 caller=QUEST2 WSAVS DIST                 pc=70168717 area_wfp=74003962 argc=4 frame=0 real_wsp=70001FDA shadow_wsp=70001FE4 master_wfp=70001FE4 ret=70166E20 depth=1
redirect seq=001427 caller=QUEST2 WRTN  DIST                 area_wfp=74003962 ret_pc=70168732 real_wsp=70001FD0 (was 7400394E) shadow_wsp=70001FD0 master_wfp=70001FE4 depth=0
redirect seq=001430 caller=QUEST2 WSAVS DIST                 pc=70168717 area_wfp=74003962 argc=4 frame=0 real_wsp=70001FDA shadow_wsp=70001FE4 master_wfp=70001FE4 ret=70166E20 depth=1
redirect seq=001434 caller=QUEST2 WRTN  DIST                 area_wfp=74003962 ret_pc=70168732 real_wsp=70001FD0 (was 7400394E) shadow_wsp=70001FD0 master_wfp=70001FE4 depth=0
redirect seq=001436 caller=QUEST2 WSAVS DIST                 pc=70168717 area_wfp=74003962 argc=4 frame=0 real_wsp=70001FDA shadow_wsp=70001FE4 master_wfp=70001FE4 ret=70166E20 depth=1
redirect seq=001438 caller=QUEST2 WRTN  DIST                 area_wfp=74003962 ret_pc=70168732 real_wsp=70001FD0 (was 7400394E) shadow_wsp=70001FD0 master_wfp=70001FE4 depth=0
redirect seq=001440 caller=QUEST2 WSAVS DIST                 pc=70168717 area_wfp=74003962 argc=4 frame=0 real_wsp=70001FDA shadow_wsp=70001FE4 master_wfp=70001FE4 ret=70166E20 depth=1
redirect seq=001442 caller=QUEST2 WRTN  DIST                 area_wfp=74003962 ret_pc=70168732 real_wsp=70001FD0 (was 7400394E) shadow_wsp=70001FD0 master_wfp=70001FE4 depth=0
redirect seq=001446 caller=QUEST2 WSAVS DIST                 pc=70168717 area_wfp=74003962 argc=4 frame=0 real_wsp=70001FDA shadow_wsp=70001FE4 master_wfp=70001FE4 ret=70166E20 depth=1
redirect seq=001448 caller=QUEST2 WRTN  DIST                 area_wfp=74003962 ret_pc=70168732 real_wsp=70001FD0 (was 7400394E) shadow_wsp=70001FD0 master_wfp=70001FE4 depth=0
redirect seq=001450 caller=QUEST2 WSAVS DIST                 pc=70168717 area_wfp=74003962 argc=4 frame=0 real_wsp=70001FDA shadow_wsp=70001FE4 master_wfp=70001FE4 ret=70166E20 depth=1
redirect seq=001452 caller=QUEST2 WRTN  DIST                 area_wfp=74003962 ret_pc=70168732 real_wsp=70001FD0 (was 7400394E) shadow_wsp=70001FD0 master_wfp=70001FE4 depth=0
redirect seq=001455 caller=QUEST2 WSAVS DIST                 pc=70168717 area_wfp=74003962 argc=4 frame=0 real_wsp=70001FDA shadow_wsp=70001FE4 master_wfp=70001FE4 ret=70166E20 depth=1
redirect seq=001457 caller=QUEST2 WRTN  DIST                 area_wfp=74003962 ret_pc=70168732 real_wsp=70001FD0 (was 7400394E) shadow_wsp=70001FD0 master_wfp=70001FE4 depth=0
redirect seq=001462 caller=QUEST2 WSAVS DIST                 pc=70168717 area_wfp=74003962 argc=4 frame=0 real_wsp=70001FDA shadow_wsp=70001FE4 master_wfp=70001FE4 ret=70166E20 depth=1
redirect seq=001464 caller=QUEST2 WRTN  DIST                 area_wfp=74003962 ret_pc=70168732 real_wsp=70001FD0 (was 7400394E) shadow_wsp=70001FD0 master_wfp=70001FE4 depth=0
redirect seq=001466 caller=QUEST2 WSAVS DIST                 pc=70168717 area_wfp=74003962 argc=4 frame=0 real_wsp=70001FDA shadow_wsp=70001FE4 master_wfp=70001FE4 ret=70166E20 depth=1
redirect seq=001468 caller=QUEST2 WRTN  DIST                 area_wfp=74003962 ret_pc=70168732 real_wsp=70001FD0 (was 7400394E) shadow_wsp=70001FD0 master_wfp=70001FE4 depth=0
redirect seq=001470 caller=QUEST2 WSAVS DIST                 pc=70168717 area_wfp=74003962 argc=4 frame=0 real_wsp=70001FDA shadow_wsp=70001FE4 master_wfp=70001FE4 ret=70166E20 depth=1
redirect seq=001472 caller=QUEST2 WRTN  DIST                 area_wfp=74003962 ret_pc=70168732 real_wsp=70001FD0 (was 7400394E) shadow_wsp=70001FD0 master_wfp=70001FE4 depth=0
redirect seq=001475 caller=QUEST2 WSAVS DIST                 pc=70168717 area_wfp=74003962 argc=4 frame=0 real_wsp=70001FDA shadow_wsp=70001FE4 master_wfp=70001FE4 ret=70166E20 depth=1
redirect seq=001477 caller=QUEST2 WRTN  DIST                 area_wfp=74003962 ret_pc=70168732 real_wsp=70001FD0 (was 7400394E) shadow_wsp=70001FD0 master_wfp=70001FE4 depth=0
redirect seq=001481 caller=QUEST2 WSAVS DIST                 pc=70168717 area_wfp=74003962 argc=4 frame=0 real_wsp=70001FDA shadow_wsp=70001FE4 master_wfp=70001FE4 ret=70166E20 depth=1
redirect seq=001483 caller=QUEST2 WRTN  DIST                 area_wfp=74003962 ret_pc=70168732 real_wsp=70001FD0 (was 7400394E) shadow_wsp=70001FD0 master_wfp=70001FE4 depth=0
redirect seq=001485 caller=QUEST2 WSAVS DIST                 pc=70168717 area_wfp=74003962 argc=4 frame=0 real_wsp=70001FDA shadow_wsp=70001FE4 master_wfp=70001FE4 ret=70166E20 depth=1
redirect seq=001487 caller=QUEST2 WRTN  DIST                 area_wfp=74003962 ret_pc=70168732 real_wsp=70001FD0 (was 7400394E) shadow_wsp=70001FD0 master_wfp=70001FE4 depth=0
redirect seq=001492 caller=QUEST2 WSAVS DIST                 pc=70168717 area_wfp=74003962 argc=4 frame=0 real_wsp=70001FDA shadow_wsp=70001FE4 master_wfp=70001FE4 ret=70166E20 depth=1
redirect seq=001494 caller=QUEST2 WRTN  DIST                 area_wfp=74003962 ret_pc=70168732 real_wsp=70001FD0 (was 7400394E) shadow_wsp=70001FD0 master_wfp=70001FE4 depth=0
redirect seq=001496 caller=QUEST2 WSAVS DIST                 pc=70168717 area_wfp=74003962 argc=4 frame=0 real_wsp=70001FDA shadow_wsp=70001FE4 master_wfp=70001FE4 ret=70166E20 depth=1
redirect seq=001498 caller=QUEST2 WRTN  DIST                 area_wfp=74003962 ret_pc=70168732 real_wsp=70001FD0 (was 7400394E) shadow_wsp=70001FD0 master_wfp=70001FE4 depth=0
redirect seq=001500 caller=QUEST2 WSAVS DIST                 pc=70168717 area_wfp=74003962 argc=4 frame=0 real_wsp=70001FDA shadow_wsp=70001FE4 master_wfp=70001FE4 ret=70166E20 depth=1
redirect seq=001502 caller=QUEST2 WRTN  DIST                 area_wfp=74003962 ret_pc=70168732 real_wsp=70001FD0 (was 7400394E) shadow_wsp=70001FD0 master_wfp=70001FE4 depth=0
redirect seq=001505 caller=QUEST2 WSAVS DIST                 pc=70168717 area_wfp=74003962 argc=4 frame=0 real_wsp=70001FDA shadow_wsp=70001FE4 master_wfp=70001FE4 ret=70166E20 depth=1
redirect seq=001507 caller=QUEST2 WRTN  DIST                 area_wfp=74003962 ret_pc=70168732 real_wsp=70001FD0 (was 7400394E) shadow_wsp=70001FD0 master_wfp=70001FE4 depth=0
redirect seq=001511 caller=QUEST2 WSAVS DIST                 pc=70168717 area_wfp=74003962 argc=4 frame=0 real_wsp=70001FDA shadow_wsp=70001FE4 master_wfp=70001FE4 ret=70166E20 depth=1
redirect seq=001513 caller=QUEST2 WRTN  DIST                 area_wfp=74003962 ret_pc=70168732 real_wsp=70001FD0 (was 7400394E) shadow_wsp=70001FD0 master_wfp=70001FE4 depth=0
redirect seq=001515 caller=QUEST2 WSAVS DIST                 pc=70168717 area_wfp=74003962 argc=4 frame=0 real_wsp=70001FDA shadow_wsp=70001FE4 master_wfp=70001FE4 ret=70166E20 depth=1
redirect seq=001517 caller=QUEST2 WRTN  DIST                 area_wfp=74003962 ret_pc=70168732 real_wsp=70001FD0 (was 7400394E) shadow_wsp=70001FD0 master_wfp=70001FE4 depth=0
redirect seq=001522 caller=QUEST2 WSAVS DIST                 pc=70168717 area_wfp=74003962 argc=4 frame=0 real_wsp=70001FDA shadow_wsp=70001FE4 master_wfp=70001FE4 ret=70166E20 depth=1
redirect seq=001524 caller=QUEST2 WRTN  DIST                 area_wfp=74003962 ret_pc=70168732 real_wsp=70001FD0 (was 7400394E) shadow_wsp=70001FD0 master_wfp=70001FE4 depth=0
redirect seq=001526 caller=QUEST2 WSAVS DIST                 pc=70168717 area_wfp=74003962 argc=4 frame=0 real_wsp=70001FDA shadow_wsp=70001FE4 master_wfp=70001FE4 ret=70166E20 depth=1
redirect seq=001528 caller=QUEST2 WRTN  DIST                 area_wfp=74003962 ret_pc=70168732 real_wsp=70001FD0 (was 7400394E) shadow_wsp=70001FD0 master_wfp=70001FE4 depth=0
redirect seq=001530 caller=QUEST2 WSAVS DIST                 pc=70168717 area_wfp=74003962 argc=4 frame=0 real_wsp=70001FDA shadow_wsp=70001FE4 master_wfp=70001FE4 ret=70166E20 depth=1
redirect seq=001532 caller=QUEST2 WRTN  DIST                 area_wfp=74003962 ret_pc=70168732 real_wsp=70001FD0 (was 7400394E) shadow_wsp=70001FD0 master_wfp=70001FE4 depth=0
redirect seq=001535 caller=QUEST2 WSAVS DIST                 pc=70168717 area_wfp=74003962 argc=4 frame=0 real_wsp=70001FDA shadow_wsp=70001FE4 master_wfp=70001FE4 ret=70166E20 depth=1
redirect seq=001537 caller=QUEST2 WRTN  DIST                 area_wfp=74003962 ret_pc=70168732 real_wsp=70001FD0 (was 7400394E) shadow_wsp=70001FD0 master_wfp=70001FE4 depth=0
redirect seq=001541 caller=QUEST2 WSAVS DIST                 pc=70168717 area_wfp=74003962 argc=4 frame=0 real_wsp=70001FDA shadow_wsp=70001FE4 master_wfp=70001FE4 ret=70166E20 depth=1
redirect seq=001543 caller=QUEST2 WRTN  DIST                 area_wfp=74003962 ret_pc=70168732 real_wsp=70001FD0 (was 7400394E) shadow_wsp=70001FD0 master_wfp=70001FE4 depth=0
redirect seq=001545 caller=QUEST2 WSAVS DIST                 pc=70168717 area_wfp=74003962 argc=4 frame=0 real_wsp=70001FDA shadow_wsp=70001FE4 master_wfp=70001FE4 ret=70166E20 depth=1
redirect seq=001547 caller=QUEST2 WRTN  DIST                 area_wfp=74003962 ret_pc=70168732 real_wsp=70001FD0 (was 7400394E) shadow_wsp=70001FD0 master_wfp=70001FE4 depth=0
redirect seq=001552 caller=QUEST2 WSAVS DIST                 pc=70168717 area_wfp=74003962 argc=4 frame=0 real_wsp=70001FDA shadow_wsp=70001FE4 master_wfp=70001FE4 ret=70166E20 depth=1
redirect seq=001554 caller=QUEST2 WRTN  DIST                 area_wfp=74003962 ret_pc=70168732 real_wsp=70001FD0 (was 7400394E) shadow_wsp=70001FD0 master_wfp=70001FE4 depth=0
redirect seq=001556 caller=QUEST2 WSAVS DIST                 pc=70168717 area_wfp=74003962 argc=4 frame=0 real_wsp=70001FDA shadow_wsp=70001FE4 master_wfp=70001FE4 ret=70166E20 depth=1
redirect seq=001558 caller=QUEST2 WRTN  DIST                 area_wfp=74003962 ret_pc=70168732 real_wsp=70001FD0 (was 7400394E) shadow_wsp=70001FD0 master_wfp=70001FE4 depth=0
redirect seq=001560 caller=QUEST2 WSAVS DIST                 pc=70168717 area_wfp=74003962 argc=4 frame=0 real_wsp=70001FDA shadow_wsp=70001FE4 master_wfp=70001FE4 ret=70166E20 depth=1
redirect seq=001562 caller=QUEST2 WRTN  DIST                 area_wfp=74003962 ret_pc=70168732 real_wsp=70001FD0 (was 7400394E) shadow_wsp=70001FD0 master_wfp=70001FE4 depth=0
redirect seq=001565 caller=QUEST2 WSAVS DIST                 pc=70168717 area_wfp=74003962 argc=4 frame=0 real_wsp=70001FDA shadow_wsp=70001FE4 master_wfp=70001FE4 ret=70166E20 depth=1
redirect seq=001567 caller=QUEST2 WRTN  DIST                 area_wfp=74003962 ret_pc=70168732 real_wsp=70001FD0 (was 7400394E) shadow_wsp=70001FD0 master_wfp=70001FE4 depth=0
redirect seq=001571 caller=QUEST2 WSAVS DIST                 pc=70168717 area_wfp=74003962 argc=4 frame=0 real_wsp=70001FDA shadow_wsp=70001FE4 master_wfp=70001FE4 ret=70166E20 depth=1
redirect seq=001573 caller=QUEST2 WRTN  DIST                 area_wfp=74003962 ret_pc=70168732 real_wsp=70001FD0 (was 7400394E) shadow_wsp=70001FD0 master_wfp=70001FE4 depth=0
redirect seq=001575 caller=QUEST2 WSAVS DIST                 pc=70168717 area_wfp=74003962 argc=4 frame=0 real_wsp=70001FDA shadow_wsp=70001FE4 master_wfp=70001FE4 ret=70166E20 depth=1
redirect seq=001577 caller=QUEST2 WRTN  DIST                 area_wfp=74003962 ret_pc=70168732 real_wsp=70001FD0 (was 7400394E) shadow_wsp=70001FD0 master_wfp=70001FE4 depth=0
redirect seq=001582 caller=QUEST2 WSAVS DIST                 pc=70168717 area_wfp=74003962 argc=4 frame=0 real_wsp=70001FDA shadow_wsp=70001FE4 master_wfp=70001FE4 ret=70166E20 depth=1
redirect seq=001584 caller=QUEST2 WRTN  DIST                 area_wfp=74003962 ret_pc=70168732 real_wsp=70001FD0 (was 7400394E) shadow_wsp=70001FD0 master_wfp=70001FE4 depth=0
redirect seq=001586 caller=QUEST2 WSAVS DIST                 pc=70168717 area_wfp=74003962 argc=4 frame=0 real_wsp=70001FDA shadow_wsp=70001FE4 master_wfp=70001FE4 ret=70166E20 depth=1
redirect seq=001588 caller=QUEST2 WRTN  DIST                 area_wfp=74003962 ret_pc=70168732 real_wsp=70001FD0 (was 7400394E) shadow_wsp=70001FD0 master_wfp=70001FE4 depth=0
redirect seq=001590 caller=QUEST2 WSAVS DIST                 pc=70168717 area_wfp=74003962 argc=4 frame=0 real_wsp=70001FDA shadow_wsp=70001FE4 master_wfp=70001FE4 ret=70166E20 depth=1
redirect seq=001592 caller=QUEST2 WRTN  DIST                 area_wfp=74003962 ret_pc=70168732 real_wsp=70001FD0 (was 7400394E) shadow_wsp=70001FD0 master_wfp=70001FE4 depth=0
redirect seq=001597 caller=QUEST2 WSAVS DIST                 pc=70168717 area_wfp=74003962 argc=4 frame=0 real_wsp=70001FDA shadow_wsp=70001FE4 master_wfp=70001FE4 ret=70166E20 depth=1
redirect seq=001599 caller=QUEST2 WRTN  DIST                 area_wfp=74003962 ret_pc=70168732 real_wsp=70001FD0 (was 7400394E) shadow_wsp=70001FD0 master_wfp=70001FE4 depth=0
redirect seq=001601 caller=QUEST2 WSAVS DIST                 pc=70168717 area_wfp=74003962 argc=4 frame=0 real_wsp=70001FDA shadow_wsp=70001FE4 master_wfp=70001FE4 ret=70166E20 depth=1
redirect seq=001603 caller=QUEST2 WRTN  DIST                 area_wfp=74003962 ret_pc=70168732 real_wsp=70001FD0 (was 7400394E) shadow_wsp=70001FD0 master_wfp=70001FE4 depth=0
redirect seq=001605 caller=QUEST2 WSAVS DIST                 pc=70168717 area_wfp=74003962 argc=4 frame=0 real_wsp=70001FDA shadow_wsp=70001FE4 master_wfp=70001FE4 ret=70166E20 depth=1
redirect seq=001607 caller=QUEST2 WRTN  DIST                 area_wfp=74003962 ret_pc=70168732 real_wsp=70001FD0 (was 7400394E) shadow_wsp=70001FD0 master_wfp=70001FE4 depth=0
redirect seq=001611 caller=QUEST2 WSAVS DIST                 pc=70168717 area_wfp=74003962 argc=4 frame=0 real_wsp=70001FDA shadow_wsp=70001FE4 master_wfp=70001FE4 ret=70166E20 depth=1
redirect seq=001613 caller=QUEST2 WRTN  DIST                 area_wfp=74003962 ret_pc=70168732 real_wsp=70001FD0 (was 7400394E) shadow_wsp=70001FD0 master_wfp=70001FE4 depth=0
redirect seq=001615 caller=QUEST2 WSAVS DIST                 pc=70168717 area_wfp=74003962 argc=4 frame=0 real_wsp=70001FDA shadow_wsp=70001FE4 master_wfp=70001FE4 ret=70166E20 depth=1
redirect seq=001618 caller=QUEST2 WRTN  DIST                 area_wfp=74003962 ret_pc=70168732 real_wsp=70001FD0 (was 7400394E) shadow_wsp=70001FD0 master_wfp=70001FE4 depth=0
redirect seq=001620 caller=QUEST2 WSAVS DIST                 pc=70168717 area_wfp=74003962 argc=4 frame=0 real_wsp=70001FDA shadow_wsp=70001FE4 master_wfp=70001FE4 ret=70166E20 depth=1
redirect seq=001622 caller=QUEST2 WRTN  DIST                 area_wfp=74003962 ret_pc=70168732 real_wsp=70001FD0 (was 7400394E) shadow_wsp=70001FD0 master_wfp=70001FE4 depth=0
redirect seq=001627 caller=QUEST2 WSAVS DIST                 pc=70168717 area_wfp=74003962 argc=4 frame=0 real_wsp=70001FDA shadow_wsp=70001FE4 master_wfp=70001FE4 ret=70166E20 depth=1
redirect seq=001629 caller=QUEST2 WRTN  DIST                 area_wfp=74003962 ret_pc=70168732 real_wsp=70001FD0 (was 7400394E) shadow_wsp=70001FD0 master_wfp=70001FE4 depth=0
redirect seq=001631 caller=QUEST2 WSAVS DIST                 pc=70168717 area_wfp=74003962 argc=4 frame=0 real_wsp=70001FDA shadow_wsp=70001FE4 master_wfp=70001FE4 ret=70166E20 depth=1
redirect seq=001633 caller=QUEST2 WRTN  DIST                 area_wfp=74003962 ret_pc=70168732 real_wsp=70001FD0 (was 7400394E) shadow_wsp=70001FD0 master_wfp=70001FE4 depth=0
redirect seq=001635 caller=QUEST2 WSAVS DIST                 pc=70168717 area_wfp=74003962 argc=4 frame=0 real_wsp=70001FDA shadow_wsp=70001FE4 master_wfp=70001FE4 ret=70166E20 depth=1
redirect seq=001637 caller=QUEST2 WRTN  DIST                 area_wfp=74003962 ret_pc=70168732 real_wsp=70001FD0 (was 7400394E) shadow_wsp=70001FD0 master_wfp=70001FE4 depth=0
redirect seq=001640 caller=QUEST2 WSAVS DIST                 pc=70168717 area_wfp=74003962 argc=4 frame=0 real_wsp=70001FDA shadow_wsp=70001FE4 master_wfp=70001FE4 ret=70166E20 depth=1
redirect seq=001644 caller=QUEST2 WRTN  DIST                 area_wfp=74003962 ret_pc=70168732 real_wsp=70001FD0 (was 7400394E) shadow_wsp=70001FD0 master_wfp=70001FE4 depth=0
redirect seq=001646 caller=QUEST2 WSAVS DIST                 pc=70168717 area_wfp=74003962 argc=4 frame=0 real_wsp=70001FDA shadow_wsp=70001FE4 master_wfp=70001FE4 ret=70166E20 depth=1
redirect seq=001648 caller=QUEST2 WRTN  DIST                 area_wfp=74003962 ret_pc=70168732 real_wsp=70001FD0 (was 7400394E) shadow_wsp=70001FD0 master_wfp=70001FE4 depth=0
redirect seq=001650 caller=QUEST2 WSAVS DIST                 pc=70168717 area_wfp=74003962 argc=4 frame=0 real_wsp=70001FDA shadow_wsp=70001FE4 master_wfp=70001FE4 ret=70166E20 depth=1
redirect seq=001652 caller=QUEST2 WRTN  DIST                 area_wfp=74003962 ret_pc=70168732 real_wsp=70001FD0 (was 7400394E) shadow_wsp=70001FD0 master_wfp=70001FE4 depth=0
redirect seq=001657 caller=QUEST2 WSAVS DIST                 pc=70168717 area_wfp=74003962 argc=4 frame=0 real_wsp=70001FDA shadow_wsp=70001FE4 master_wfp=70001FE4 ret=70166E20 depth=1
redirect seq=001659 caller=QUEST2 WRTN  DIST                 area_wfp=74003962 ret_pc=70168732 real_wsp=70001FD0 (was 7400394E) shadow_wsp=70001FD0 master_wfp=70001FE4 depth=0
redirect seq=001661 caller=QUEST2 WSAVS DIST                 pc=70168717 area_wfp=74003962 argc=4 frame=0 real_wsp=70001FDA shadow_wsp=70001FE4 master_wfp=70001FE4 ret=70166E20 depth=1
redirect seq=001663 caller=QUEST2 WRTN  DIST                 area_wfp=74003962 ret_pc=70168732 real_wsp=70001FD0 (was 7400394E) shadow_wsp=70001FD0 master_wfp=70001FE4 depth=0
redirect seq=001665 caller=QUEST2 WSAVS DIST                 pc=70168717 area_wfp=74003962 argc=4 frame=0 real_wsp=70001FDA shadow_wsp=70001FE4 master_wfp=70001FE4 ret=70166E20 depth=1
redirect seq=001667 caller=QUEST2 WRTN  DIST                 area_wfp=74003962 ret_pc=70168732 real_wsp=70001FD0 (was 7400394E) shadow_wsp=70001FD0 master_wfp=70001FE4 depth=0
redirect seq=001672 caller=QUEST2 WSAVS DIST                 pc=70168717 area_wfp=74003962 argc=4 frame=0 real_wsp=70001FDA shadow_wsp=70001FE4 master_wfp=70001FE4 ret=70166E20 depth=1
redirect seq=001674 caller=QUEST2 WRTN  DIST                 area_wfp=74003962 ret_pc=70168732 real_wsp=70001FD0 (was 7400394E) shadow_wsp=70001FD0 master_wfp=70001FE4 depth=0
redirect seq=001676 caller=QUEST2 WSAVS DIST                 pc=70168717 area_wfp=74003962 argc=4 frame=0 real_wsp=70001FDA shadow_wsp=70001FE4 master_wfp=70001FE4 ret=70166E20 depth=1
redirect seq=001678 caller=QUEST2 WRTN  DIST                 area_wfp=74003962 ret_pc=70168732 real_wsp=70001FD0 (was 7400394E) shadow_wsp=70001FD0 master_wfp=70001FE4 depth=0
redirect seq=001680 caller=QUEST2 WSAVS DIST                 pc=70168717 area_wfp=74003962 argc=4 frame=0 real_wsp=70001FDA shadow_wsp=70001FE4 master_wfp=70001FE4 ret=70166E20 depth=1
redirect seq=001682 caller=QUEST2 WRTN  DIST                 area_wfp=74003962 ret_pc=70168732 real_wsp=70001FD0 (was 7400394E) shadow_wsp=70001FD0 master_wfp=70001FE4 depth=0
redirect seq=001687 caller=QUEST2 WSAVS DIST                 pc=70168717 area_wfp=74003962 argc=4 frame=0 real_wsp=70001FDA shadow_wsp=70001FE4 master_wfp=70001FE4 ret=70166E20 depth=1
redirect seq=001689 caller=QUEST2 WRTN  DIST                 area_wfp=74003962 ret_pc=70168732 real_wsp=70001FD0 (was 7400394E) shadow_wsp=70001FD0 master_wfp=70001FE4 depth=0
redirect seq=001691 caller=QUEST2 WSAVS DIST                 pc=70168717 area_wfp=74003962 argc=4 frame=0 real_wsp=70001FDA shadow_wsp=70001FE4 master_wfp=70001FE4 ret=70166E20 depth=1
redirect seq=001693 caller=QUEST2 WRTN  DIST                 area_wfp=74003962 ret_pc=70168732 real_wsp=70001FD0 (was 7400394E) shadow_wsp=70001FD0 master_wfp=70001FE4 depth=0
redirect seq=001695 caller=QUEST2 WSAVS DIST                 pc=70168717 area_wfp=74003962 argc=4 frame=0 real_wsp=70001FDA shadow_wsp=70001FE4 master_wfp=70001FE4 ret=70166E20 depth=1
redirect seq=001697 caller=QUEST2 WRTN  DIST                 area_wfp=74003962 ret_pc=70168732 real_wsp=70001FD0 (was 7400394E) shadow_wsp=70001FD0 master_wfp=70001FE4 depth=0
redirect seq=001702 caller=QUEST2 WSAVS DIST                 pc=70168717 area_wfp=74003962 argc=4 frame=0 real_wsp=70001FDA shadow_wsp=70001FE4 master_wfp=70001FE4 ret=70166E20 depth=1
redirect seq=001704 caller=QUEST2 WRTN  DIST                 area_wfp=74003962 ret_pc=70168732 real_wsp=70001FD0 (was 7400394E) shadow_wsp=70001FD0 master_wfp=70001FE4 depth=0
redirect seq=001706 caller=QUEST2 WSAVS DIST                 pc=70168717 area_wfp=74003962 argc=4 frame=0 real_wsp=70001FDA shadow_wsp=70001FE4 master_wfp=70001FE4 ret=70166E20 depth=1
redirect seq=001708 caller=QUEST2 WRTN  DIST                 area_wfp=74003962 ret_pc=70168732 real_wsp=70001FD0 (was 7400394E) shadow_wsp=70001FD0 master_wfp=70001FE4 depth=0
redirect seq=001710 caller=QUEST2 WSAVS DIST                 pc=70168717 area_wfp=74003962 argc=4 frame=0 real_wsp=70001FDA shadow_wsp=70001FE4 master_wfp=70001FE4 ret=70166E20 depth=1
redirect seq=001712 caller=QUEST2 WRTN  DIST                 area_wfp=74003962 ret_pc=70168732 real_wsp=70001FD0 (was 7400394E) shadow_wsp=70001FD0 master_wfp=70001FE4 depth=0
redirect seq=001716 caller=QUEST2 WSAVS DIST                 pc=70168717 area_wfp=74003962 argc=4 frame=0 real_wsp=70001FDA shadow_wsp=70001FE4 master_wfp=70001FE4 ret=70166E20 depth=1
redirect seq=001718 caller=QUEST2 WRTN  DIST                 area_wfp=74003962 ret_pc=70168732 real_wsp=70001FD0 (was 7400394E) shadow_wsp=70001FD0 master_wfp=70001FE4 depth=0
redirect seq=001720 caller=QUEST2 WSAVS DIST                 pc=70168717 area_wfp=74003962 argc=4 frame=0 real_wsp=70001FDA shadow_wsp=70001FE4 master_wfp=70001FE4 ret=70166E20 depth=1
redirect seq=001723 caller=QUEST2 WRTN  DIST                 area_wfp=74003962 ret_pc=70168732 real_wsp=70001FD0 (was 7400394E) shadow_wsp=70001FD0 master_wfp=70001FE4 depth=0
redirect seq=001725 caller=QUEST2 WSAVS DIST                 pc=70168717 area_wfp=74003962 argc=4 frame=0 real_wsp=70001FDA shadow_wsp=70001FE4 master_wfp=70001FE4 ret=70166E20 depth=1
redirect seq=001727 caller=QUEST2 WRTN  DIST                 area_wfp=74003962 ret_pc=70168732 real_wsp=70001FD0 (was 7400394E) shadow_wsp=70001FD0 master_wfp=70001FE4 depth=0
redirect seq=001732 caller=QUEST2 WSAVS DIST                 pc=70168717 area_wfp=74003962 argc=4 frame=0 real_wsp=70001FDA shadow_wsp=70001FE4 master_wfp=70001FE4 ret=70166E20 depth=1
redirect seq=001734 caller=QUEST2 WRTN  DIST                 area_wfp=74003962 ret_pc=70168732 real_wsp=70001FD0 (was 7400394E) shadow_wsp=70001FD0 master_wfp=70001FE4 depth=0
redirect seq=001736 caller=QUEST2 WSAVS DIST                 pc=70168717 area_wfp=74003962 argc=4 frame=0 real_wsp=70001FDA shadow_wsp=70001FE4 master_wfp=70001FE4 ret=70166E20 depth=1
redirect seq=001738 caller=QUEST2 WRTN  DIST                 area_wfp=74003962 ret_pc=70168732 real_wsp=70001FD0 (was 7400394E) shadow_wsp=70001FD0 master_wfp=70001FE4 depth=0
redirect seq=001740 caller=QUEST2 WSAVS DIST                 pc=70168717 area_wfp=74003962 argc=4 frame=0 real_wsp=70001FDA shadow_wsp=70001FE4 master_wfp=70001FE4 ret=70166E20 depth=1
redirect seq=001742 caller=QUEST2 WRTN  DIST                 area_wfp=74003962 ret_pc=70168732 real_wsp=70001FD0 (was 7400394E) shadow_wsp=70001FD0 master_wfp=70001FE4 depth=0
redirect seq=001745 caller=QUEST2 WSAVS DIST                 pc=70168717 area_wfp=74003962 argc=4 frame=0 real_wsp=70001FDA shadow_wsp=70001FE4 master_wfp=70001FE4 ret=70166E20 depth=1
redirect seq=001749 caller=QUEST2 WRTN  DIST                 area_wfp=74003962 ret_pc=70168732 real_wsp=70001FD0 (was 7400394E) shadow_wsp=70001FD0 master_wfp=70001FE4 depth=0
redirect seq=001751 caller=QUEST2 WSAVS DIST                 pc=70168717 area_wfp=74003962 argc=4 frame=0 real_wsp=70001FDA shadow_wsp=70001FE4 master_wfp=70001FE4 ret=70166E20 depth=1
redirect seq=001753 caller=QUEST2 WRTN  DIST                 area_wfp=74003962 ret_pc=70168732 real_wsp=70001FD0 (was 7400394E) shadow_wsp=70001FD0 master_wfp=70001FE4 depth=0
redirect seq=001755 caller=QUEST2 WSAVS DIST                 pc=70168717 area_wfp=74003962 argc=4 frame=0 real_wsp=70001FDA shadow_wsp=70001FE4 master_wfp=70001FE4 ret=70166E20 depth=1
redirect seq=001757 caller=QUEST2 WRTN  DIST                 area_wfp=74003962 ret_pc=70168732 real_wsp=70001FD0 (was 7400394E) shadow_wsp=70001FD0 master_wfp=70001FE4 depth=0
redirect seq=001761 caller=QUEST2 WSAVS DIST                 pc=70168717 area_wfp=74003962 argc=4 frame=0 real_wsp=70001FDA shadow_wsp=70001FE4 master_wfp=70001FE4 ret=70166E20 depth=1
redirect seq=001763 caller=QUEST2 WRTN  DIST                 area_wfp=74003962 ret_pc=70168732 real_wsp=70001FD0 (was 7400394E) shadow_wsp=70001FD0 master_wfp=70001FE4 depth=0
redirect seq=001765 caller=QUEST2 WSAVS DIST                 pc=70168717 area_wfp=74003962 argc=4 frame=0 real_wsp=70001FDA shadow_wsp=70001FE4 master_wfp=70001FE4 ret=70166E20 depth=1
redirect seq=001767 caller=QUEST2 WRTN  DIST                 area_wfp=74003962 ret_pc=70168732 real_wsp=70001FD0 (was 7400394E) shadow_wsp=70001FD0 master_wfp=70001FE4 depth=0
redirect seq=001770 caller=QUEST2 WSAVS DIST                 pc=70168717 area_wfp=74003962 argc=4 frame=0 real_wsp=70001FDA shadow_wsp=70001FE4 master_wfp=70001FE4 ret=70166E20 depth=1
redirect seq=001772 caller=QUEST2 WRTN  DIST                 area_wfp=74003962 ret_pc=70168732 real_wsp=70001FD0 (was 7400394E) shadow_wsp=70001FD0 master_wfp=70001FE4 depth=0
redirect seq=001777 caller=QUEST2 WSAVS DIST                 pc=70168717 area_wfp=74003962 argc=4 frame=0 real_wsp=70001FDA shadow_wsp=70001FE4 master_wfp=70001FE4 ret=70166E20 depth=1
redirect seq=001779 caller=QUEST2 WRTN  DIST                 area_wfp=74003962 ret_pc=70168732 real_wsp=70001FD0 (was 7400394E) shadow_wsp=70001FD0 master_wfp=70001FE4 depth=0
redirect seq=001781 caller=QUEST2 WSAVS DIST                 pc=70168717 area_wfp=74003962 argc=4 frame=0 real_wsp=70001FDA shadow_wsp=70001FE4 master_wfp=70001FE4 ret=70166E20 depth=1
redirect seq=001783 caller=QUEST2 WRTN  DIST                 area_wfp=74003962 ret_pc=70168732 real_wsp=70001FD0 (was 7400394E) shadow_wsp=70001FD0 master_wfp=70001FE4 depth=0
redirect seq=001785 caller=QUEST2 WSAVS DIST                 pc=70168717 area_wfp=74003962 argc=4 frame=0 real_wsp=70001FDA shadow_wsp=70001FE4 master_wfp=70001FE4 ret=70166E20 depth=1
redirect seq=001787 caller=QUEST2 WRTN  DIST                 area_wfp=74003962 ret_pc=70168732 real_wsp=70001FD0 (was 7400394E) shadow_wsp=70001FD0 master_wfp=70001FE4 depth=0
redirect seq=001790 caller=QUEST2 WSAVS DIST                 pc=70168717 area_wfp=74003962 argc=4 frame=0 real_wsp=70001FDA shadow_wsp=70001FE4 master_wfp=70001FE4 ret=70166E20 depth=1
redirect seq=001792 caller=QUEST2 WRTN  DIST                 area_wfp=74003962 ret_pc=70168732 real_wsp=70001FD0 (was 7400394E) shadow_wsp=70001FD0 master_wfp=70001FE4 depth=0
redirect seq=001796 caller=QUEST2 WSAVS DIST                 pc=70168717 area_wfp=74003962 argc=4 frame=0 real_wsp=70001FDA shadow_wsp=70001FE4 master_wfp=70001FE4 ret=70166E20 depth=1
redirect seq=001798 caller=QUEST2 WRTN  DIST                 area_wfp=74003962 ret_pc=70168732 real_wsp=70001FD0 (was 7400394E) shadow_wsp=70001FD0 master_wfp=70001FE4 depth=0
redirect seq=001800 caller=QUEST2 WSAVS DIST                 pc=70168717 area_wfp=74003962 argc=4 frame=0 real_wsp=70001FDA shadow_wsp=70001FE4 master_wfp=70001FE4 ret=70166E20 depth=1
redirect seq=001802 caller=QUEST2 WRTN  DIST                 area_wfp=74003962 ret_pc=70168732 real_wsp=70001FD0 (was 7400394E) shadow_wsp=70001FD0 master_wfp=70001FE4 depth=0
redirect seq=001807 caller=QUEST2 WSAVS DIST                 pc=70168717 area_wfp=74003962 argc=4 frame=0 real_wsp=70001FDA shadow_wsp=70001FE4 master_wfp=70001FE4 ret=70166E20 depth=1
redirect seq=001809 caller=QUEST2 WRTN  DIST                 area_wfp=74003962 ret_pc=70168732 real_wsp=70001FD0 (was 7400394E) shadow_wsp=70001FD0 master_wfp=70001FE4 depth=0
redirect seq=001811 caller=QUEST2 WSAVS DIST                 pc=70168717 area_wfp=74003962 argc=4 frame=0 real_wsp=70001FDA shadow_wsp=70001FE4 master_wfp=70001FE4 ret=70166E20 depth=1
redirect seq=001813 caller=QUEST2 WRTN  DIST                 area_wfp=74003962 ret_pc=70168732 real_wsp=70001FD0 (was 7400394E) shadow_wsp=70001FD0 master_wfp=70001FE4 depth=0
redirect seq=001815 caller=QUEST2 WSAVS DIST                 pc=70168717 area_wfp=74003962 argc=4 frame=0 real_wsp=70001FDA shadow_wsp=70001FE4 master_wfp=70001FE4 ret=70166E20 depth=1
redirect seq=001817 caller=QUEST2 WRTN  DIST                 area_wfp=74003962 ret_pc=70168732 real_wsp=70001FD0 (was 7400394E) shadow_wsp=70001FD0 master_wfp=70001FE4 depth=0
redirect seq=001822 caller=QUEST2 WSAVS DIST                 pc=70168717 area_wfp=74003962 argc=4 frame=0 real_wsp=70001FDA shadow_wsp=70001FE4 master_wfp=70001FE4 ret=70166E20 depth=1
redirect seq=001824 caller=QUEST2 WRTN  DIST                 area_wfp=74003962 ret_pc=70168732 real_wsp=70001FD0 (was 7400394E) shadow_wsp=70001FD0 master_wfp=70001FE4 depth=0
redirect seq=001826 caller=QUEST2 WSAVS DIST                 pc=70168717 area_wfp=74003962 argc=4 frame=0 real_wsp=70001FDA shadow_wsp=70001FE4 master_wfp=70001FE4 ret=70166E20 depth=1
redirect seq=001828 caller=QUEST2 WRTN  DIST                 area_wfp=74003962 ret_pc=70168732 real_wsp=70001FD0 (was 7400394E) shadow_wsp=70001FD0 master_wfp=70001FE4 depth=0
redirect seq=001830 caller=QUEST2 WSAVS DIST                 pc=70168717 area_wfp=74003962 argc=4 frame=0 real_wsp=70001FDA shadow_wsp=70001FE4 master_wfp=70001FE4 ret=70166E20 depth=1
redirect seq=001832 caller=QUEST2 WRTN  DIST                 area_wfp=74003962 ret_pc=70168732 real_wsp=70001FD0 (was 7400394E) shadow_wsp=70001FD0 master_wfp=70001FE4 depth=0
redirect seq=001837 caller=QUEST2 WSAVS DIST                 pc=70168717 area_wfp=74003962 argc=4 frame=0 real_wsp=70001FDA shadow_wsp=70001FE4 master_wfp=70001FE4 ret=70166E20 depth=1
redirect seq=001839 caller=QUEST2 WRTN  DIST                 area_wfp=74003962 ret_pc=70168732 real_wsp=70001FD0 (was 7400394E) shadow_wsp=70001FD0 master_wfp=70001FE4 depth=0
redirect seq=001841 caller=QUEST2 WSAVS DIST                 pc=70168717 area_wfp=74003962 argc=4 frame=0 real_wsp=70001FDA shadow_wsp=70001FE4 master_wfp=70001FE4 ret=70166E20 depth=1
redirect seq=001843 caller=QUEST2 WRTN  DIST                 area_wfp=74003962 ret_pc=70168732 real_wsp=70001FD0 (was 7400394E) shadow_wsp=70001FD0 master_wfp=70001FE4 depth=0
redirect seq=001845 caller=QUEST2 WSAVS DIST                 pc=70168717 area_wfp=74003962 argc=4 frame=0 real_wsp=70001FDA shadow_wsp=70001FE4 master_wfp=70001FE4 ret=70166E20 depth=1
redirect seq=001847 caller=QUEST2 WRTN  DIST                 area_wfp=74003962 ret_pc=70168732 real_wsp=70001FD0 (was 7400394E) shadow_wsp=70001FD0 master_wfp=70001FE4 depth=0
redirect seq=001852 caller=QUEST2 WSAVS DIST                 pc=70168717 area_wfp=74003962 argc=4 frame=0 real_wsp=70001FDA shadow_wsp=70001FE4 master_wfp=70001FE4 ret=70166E20 depth=1
redirect seq=001854 caller=QUEST2 WRTN  DIST                 area_wfp=74003962 ret_pc=70168732 real_wsp=70001FD0 (was 7400394E) shadow_wsp=70001FD0 master_wfp=70001FE4 depth=0
redirect seq=001856 caller=QUEST2 WSAVS DIST                 pc=70168717 area_wfp=74003962 argc=4 frame=0 real_wsp=70001FDA shadow_wsp=70001FE4 master_wfp=70001FE4 ret=70166E20 depth=1
redirect seq=001858 caller=QUEST2 WRTN  DIST                 area_wfp=74003962 ret_pc=70168732 real_wsp=70001FD0 (was 7400394E) shadow_wsp=70001FD0 master_wfp=70001FE4 depth=0
redirect seq=001860 caller=QUEST2 WSAVS DIST                 pc=70168717 area_wfp=74003962 argc=4 frame=0 real_wsp=70001FDA shadow_wsp=70001FE4 master_wfp=70001FE4 ret=70166E20 depth=1
redirect seq=001862 caller=QUEST2 WRTN  DIST                 area_wfp=74003962 ret_pc=70168732 real_wsp=70001FD0 (was 7400394E) shadow_wsp=70001FD0 master_wfp=70001FE4 depth=0
redirect seq=001867 caller=QUEST2 WSAVS DIST                 pc=70168717 area_wfp=74003962 argc=4 frame=0 real_wsp=70001FDA shadow_wsp=70001FE4 master_wfp=70001FE4 ret=70166E20 depth=1
redirect seq=001869 caller=QUEST2 WRTN  DIST                 area_wfp=74003962 ret_pc=70168732 real_wsp=70001FD0 (was 7400394E) shadow_wsp=70001FD0 master_wfp=70001FE4 depth=0
redirect seq=001871 caller=QUEST2 WSAVS DIST                 pc=70168717 area_wfp=74003962 argc=4 frame=0 real_wsp=70001FDA shadow_wsp=70001FE4 master_wfp=70001FE4 ret=70166E20 depth=1
redirect seq=001873 caller=QUEST2 WRTN  DIST                 area_wfp=74003962 ret_pc=70168732 real_wsp=70001FD0 (was 7400394E) shadow_wsp=70001FD0 master_wfp=70001FE4 depth=0
redirect seq=001875 caller=QUEST2 WSAVS DIST                 pc=70168717 area_wfp=74003962 argc=4 frame=0 real_wsp=70001FDA shadow_wsp=70001FE4 master_wfp=70001FE4 ret=70166E20 depth=1
redirect seq=001877 caller=QUEST2 WRTN  DIST                 area_wfp=74003962 ret_pc=70168732 real_wsp=70001FD0 (was 7400394E) shadow_wsp=70001FD0 master_wfp=70001FE4 depth=0
redirect seq=001882 caller=QUEST2 WSAVS DIST                 pc=70168717 area_wfp=74003962 argc=4 frame=0 real_wsp=70001FDA shadow_wsp=70001FE4 master_wfp=70001FE4 ret=70166E20 depth=1
redirect seq=001884 caller=QUEST2 WRTN  DIST                 area_wfp=74003962 ret_pc=70168732 real_wsp=70001FD0 (was 7400394E) shadow_wsp=70001FD0 master_wfp=70001FE4 depth=0
redirect seq=001886 caller=QUEST2 WSAVS DIST                 pc=70168717 area_wfp=74003962 argc=4 frame=0 real_wsp=70001FDA shadow_wsp=70001FE4 master_wfp=70001FE4 ret=70166E20 depth=1
redirect seq=001888 caller=QUEST2 WRTN  DIST                 area_wfp=74003962 ret_pc=70168732 real_wsp=70001FD0 (was 7400394E) shadow_wsp=70001FD0 master_wfp=70001FE4 depth=0
redirect seq=001890 caller=QUEST2 WSAVS DIST                 pc=70168717 area_wfp=74003962 argc=4 frame=0 real_wsp=70001FDA shadow_wsp=70001FE4 master_wfp=70001FE4 ret=70166E20 depth=1
redirect seq=001892 caller=QUEST2 WRTN  DIST                 area_wfp=74003962 ret_pc=70168732 real_wsp=70001FD0 (was 7400394E) shadow_wsp=70001FD0 master_wfp=70001FE4 depth=0
redirect seq=001897 caller=QUEST2 WSAVS DIST                 pc=70168717 area_wfp=74003962 argc=4 frame=0 real_wsp=70001FDA shadow_wsp=70001FE4 master_wfp=70001FE4 ret=70166E20 depth=1
redirect seq=001899 caller=QUEST2 WRTN  DIST                 area_wfp=74003962 ret_pc=70168732 real_wsp=70001FD0 (was 7400394E) shadow_wsp=70001FD0 master_wfp=70001FE4 depth=0
redirect seq=001901 caller=QUEST2 WSAVS DIST                 pc=70168717 area_wfp=74003962 argc=4 frame=0 real_wsp=70001FDA shadow_wsp=70001FE4 master_wfp=70001FE4 ret=70166E20 depth=1
redirect seq=001903 caller=QUEST2 WRTN  DIST                 area_wfp=74003962 ret_pc=70168732 real_wsp=70001FD0 (was 7400394E) shadow_wsp=70001FD0 master_wfp=70001FE4 depth=0
redirect seq=001905 caller=QUEST2 WSAVS DIST                 pc=70168717 area_wfp=74003962 argc=4 frame=0 real_wsp=70001FDA shadow_wsp=70001FE4 master_wfp=70001FE4 ret=70166E20 depth=1
redirect seq=001907 caller=QUEST2 WRTN  DIST                 area_wfp=74003962 ret_pc=70168732 real_wsp=70001FD0 (was 7400394E) shadow_wsp=70001FD0 master_wfp=70001FE4 depth=0
redirect seq=001912 caller=QUEST2 WSAVS DIST                 pc=70168717 area_wfp=74003962 argc=4 frame=0 real_wsp=70001FDA shadow_wsp=70001FE4 master_wfp=70001FE4 ret=70166E20 depth=1
redirect seq=001914 caller=QUEST2 WRTN  DIST                 area_wfp=74003962 ret_pc=70168732 real_wsp=70001FD0 (was 7400394E) shadow_wsp=70001FD0 master_wfp=70001FE4 depth=0
redirect seq=001916 caller=QUEST2 WSAVS DIST                 pc=70168717 area_wfp=74003962 argc=4 frame=0 real_wsp=70001FDA shadow_wsp=70001FE4 master_wfp=70001FE4 ret=70166E20 depth=1
redirect seq=001918 caller=QUEST2 WRTN  DIST                 area_wfp=74003962 ret_pc=70168732 real_wsp=70001FD0 (was 7400394E) shadow_wsp=70001FD0 master_wfp=70001FE4 depth=0
redirect seq=001920 caller=QUEST2 WSAVS DIST                 pc=70168717 area_wfp=74003962 argc=4 frame=0 real_wsp=70001FDA shadow_wsp=70001FE4 master_wfp=70001FE4 ret=70166E20 depth=1
redirect seq=001922 caller=QUEST2 WRTN  DIST                 area_wfp=74003962 ret_pc=70168732 real_wsp=70001FD0 (was 7400394E) shadow_wsp=70001FD0 master_wfp=70001FE4 depth=0
redirect seq=001926 caller=QUEST2 WSAVS DIST                 pc=70168717 area_wfp=74003962 argc=4 frame=0 real_wsp=70001FDA shadow_wsp=70001FE4 master_wfp=70001FE4 ret=70166E20 depth=1
redirect seq=001928 caller=QUEST2 WRTN  DIST                 area_wfp=74003962 ret_pc=70168732 real_wsp=70001FD0 (was 7400394E) shadow_wsp=70001FD0 master_wfp=70001FE4 depth=0
redirect seq=001930 caller=QUEST2 WSAVS DIST                 pc=70168717 area_wfp=74003962 argc=4 frame=0 real_wsp=70001FDA shadow_wsp=70001FE4 master_wfp=70001FE4 ret=70166E20 depth=1
redirect seq=001932 caller=QUEST2 WRTN  DIST                 area_wfp=74003962 ret_pc=70168732 real_wsp=70001FD0 (was 7400394E) shadow_wsp=70001FD0 master_wfp=70001FE4 depth=0
redirect seq=001935 caller=QUEST2 WSAVS DIST                 pc=70168717 area_wfp=74003962 argc=4 frame=0 real_wsp=70001FDA shadow_wsp=70001FE4 master_wfp=70001FE4 ret=70166E20 depth=1
redirect seq=001937 caller=QUEST2 WRTN  DIST                 area_wfp=74003962 ret_pc=70168732 real_wsp=70001FD0 (was 7400394E) shadow_wsp=70001FD0 master_wfp=70001FE4 depth=0
redirect seq=001942 caller=QUEST2 WSAVS DIST                 pc=70168717 area_wfp=74003962 argc=4 frame=0 real_wsp=70001FDA shadow_wsp=70001FE4 master_wfp=70001FE4 ret=70166E20 depth=1
redirect seq=001944 caller=QUEST2 WRTN  DIST                 area_wfp=74003962 ret_pc=70168732 real_wsp=70001FD0 (was 7400394E) shadow_wsp=70001FD0 master_wfp=70001FE4 depth=0
redirect seq=001946 caller=QUEST2 WSAVS DIST                 pc=70168717 area_wfp=74003962 argc=4 frame=0 real_wsp=70001FDA shadow_wsp=70001FE4 master_wfp=70001FE4 ret=70166E20 depth=1
redirect seq=001948 caller=QUEST2 WRTN  DIST                 area_wfp=74003962 ret_pc=70168732 real_wsp=70001FD0 (was 7400394E) shadow_wsp=70001FD0 master_wfp=70001FE4 depth=0
redirect seq=001950 caller=QUEST2 WSAVS DIST                 pc=70168717 area_wfp=74003962 argc=4 frame=0 real_wsp=70001FDA shadow_wsp=70001FE4 master_wfp=70001FE4 ret=70166E20 depth=1
redirect seq=001952 caller=QUEST2 WRTN  DIST                 area_wfp=74003962 ret_pc=70168732 real_wsp=70001FD0 (was 7400394E) shadow_wsp=70001FD0 master_wfp=70001FE4 depth=0
redirect seq=001956 caller=QUEST2 WSAVS DIST                 pc=70168717 area_wfp=74003962 argc=4 frame=0 real_wsp=70001FDA shadow_wsp=70001FE4 master_wfp=70001FE4 ret=70166E20 depth=1
redirect seq=001958 caller=QUEST2 WRTN  DIST                 area_wfp=74003962 ret_pc=70168732 real_wsp=70001FD0 (was 7400394E) shadow_wsp=70001FD0 master_wfp=70001FE4 depth=0
redirect seq=001960 caller=QUEST2 WSAVS DIST                 pc=70168717 area_wfp=74003962 argc=4 frame=0 real_wsp=70001FDA shadow_wsp=70001FE4 master_wfp=70001FE4 ret=70166E20 depth=1
redirect seq=001962 caller=QUEST2 WRTN  DIST                 area_wfp=74003962 ret_pc=70168732 real_wsp=70001FD0 (was 7400394E) shadow_wsp=70001FD0 master_wfp=70001FE4 depth=0
redirect seq=001965 caller=QUEST2 WSAVS DIST                 pc=70168717 area_wfp=74003962 argc=4 frame=0 real_wsp=70001FDA shadow_wsp=70001FE4 master_wfp=70001FE4 ret=70166E20 depth=1
redirect seq=001967 caller=QUEST2 WRTN  DIST                 area_wfp=74003962 ret_pc=70168732 real_wsp=70001FD0 (was 7400394E) shadow_wsp=70001FD0 master_wfp=70001FE4 depth=0
redirect seq=001972 caller=QUEST2 WSAVS DIST                 pc=70168717 area_wfp=74003962 argc=4 frame=0 real_wsp=70001FDA shadow_wsp=70001FE4 master_wfp=70001FE4 ret=70166E20 depth=1
redirect seq=001974 caller=QUEST2 WRTN  DIST                 area_wfp=74003962 ret_pc=70168732 real_wsp=70001FD0 (was 7400394E) shadow_wsp=70001FD0 master_wfp=70001FE4 depth=0
redirect seq=001976 caller=QUEST2 WSAVS DIST                 pc=70168717 area_wfp=74003962 argc=4 frame=0 real_wsp=70001FDA shadow_wsp=70001FE4 master_wfp=70001FE4 ret=70166E20 depth=1
redirect seq=001978 caller=QUEST2 WRTN  DIST                 area_wfp=74003962 ret_pc=70168732 real_wsp=70001FD0 (was 7400394E) shadow_wsp=70001FD0 master_wfp=70001FE4 depth=0
redirect seq=001980 caller=QUEST2 WSAVS DIST                 pc=70168717 area_wfp=74003962 argc=4 frame=0 real_wsp=70001FDA shadow_wsp=70001FE4 master_wfp=70001FE4 ret=70166E20 depth=1
redirect seq=001982 caller=QUEST2 WRTN  DIST                 area_wfp=74003962 ret_pc=70168732 real_wsp=70001FD0 (was 7400394E) shadow_wsp=70001FD0 master_wfp=70001FE4 depth=0
redirect seq=001985 caller=QUEST2 WSAVS DIST                 pc=70168717 area_wfp=74003962 argc=4 frame=0 real_wsp=70001FDA shadow_wsp=70001FE4 master_wfp=70001FE4 ret=70166E20 depth=1
redirect seq=001987 caller=QUEST2 WRTN  DIST                 area_wfp=74003962 ret_pc=70168732 real_wsp=70001FD0 (was 7400394E) shadow_wsp=70001FD0 master_wfp=70001FE4 depth=0
redirect seq=001991 caller=QUEST2 WSAVS DIST                 pc=70168717 area_wfp=74003962 argc=4 frame=0 real_wsp=70001FDA shadow_wsp=70001FE4 master_wfp=70001FE4 ret=70166E20 depth=1
redirect seq=001993 caller=QUEST2 WRTN  DIST                 area_wfp=74003962 ret_pc=70168732 real_wsp=70001FD0 (was 7400394E) shadow_wsp=70001FD0 master_wfp=70001FE4 depth=0
redirect seq=001995 caller=QUEST2 WSAVS DIST                 pc=70168717 area_wfp=74003962 argc=4 frame=0 real_wsp=70001FDA shadow_wsp=70001FE4 master_wfp=70001FE4 ret=70166E20 depth=1
redirect seq=001997 caller=QUEST2 WRTN  DIST                 area_wfp=74003962 ret_pc=70168732 real_wsp=70001FD0 (was 7400394E) shadow_wsp=70001FD0 master_wfp=70001FE4 depth=0
redirect seq=002002 caller=QUEST2 WSAVS DIST                 pc=70168717 area_wfp=74003962 argc=4 frame=0 real_wsp=70001FDA shadow_wsp=70001FE4 master_wfp=70001FE4 ret=70166E20 depth=1
redirect seq=002004 caller=QUEST2 WRTN  DIST                 area_wfp=74003962 ret_pc=70168732 real_wsp=70001FD0 (was 7400394E) shadow_wsp=70001FD0 master_wfp=70001FE4 depth=0
redirect seq=002006 caller=QUEST2 WSAVS DIST                 pc=70168717 area_wfp=74003962 argc=4 frame=0 real_wsp=70001FDA shadow_wsp=70001FE4 master_wfp=70001FE4 ret=70166E20 depth=1
redirect seq=002008 caller=QUEST2 WRTN  DIST                 area_wfp=74003962 ret_pc=70168732 real_wsp=70001FD0 (was 7400394E) shadow_wsp=70001FD0 master_wfp=70001FE4 depth=0
redirect seq=002010 caller=QUEST2 WSAVS DIST                 pc=70168717 area_wfp=74003962 argc=4 frame=0 real_wsp=70001FDA shadow_wsp=70001FE4 master_wfp=70001FE4 ret=70166E20 depth=1
redirect seq=002012 caller=QUEST2 WRTN  DIST                 area_wfp=74003962 ret_pc=70168732 real_wsp=70001FD0 (was 7400394E) shadow_wsp=70001FD0 master_wfp=70001FE4 depth=0
redirect seq=002015 caller=QUEST2 WSAVS DIST                 pc=70168717 area_wfp=74003962 argc=4 frame=0 real_wsp=70001FDA shadow_wsp=70001FE4 master_wfp=70001FE4 ret=70166E20 depth=1
redirect seq=002017 caller=QUEST2 WRTN  DIST                 area_wfp=74003962 ret_pc=70168732 real_wsp=70001FD0 (was 7400394E) shadow_wsp=70001FD0 master_wfp=70001FE4 depth=0
redirect seq=002021 caller=QUEST2 WSAVS DIST                 pc=70168717 area_wfp=74003962 argc=4 frame=0 real_wsp=70001FDA shadow_wsp=70001FE4 master_wfp=70001FE4 ret=70166E20 depth=1
redirect seq=002023 caller=QUEST2 WRTN  DIST                 area_wfp=74003962 ret_pc=70168732 real_wsp=70001FD0 (was 7400394E) shadow_wsp=70001FD0 master_wfp=70001FE4 depth=0
redirect seq=002025 caller=QUEST2 WSAVS DIST                 pc=70168717 area_wfp=74003962 argc=4 frame=0 real_wsp=70001FDA shadow_wsp=70001FE4 master_wfp=70001FE4 ret=70166E20 depth=1
redirect seq=002027 caller=QUEST2 WRTN  DIST                 area_wfp=74003962 ret_pc=70168732 real_wsp=70001FD0 (was 7400394E) shadow_wsp=70001FD0 master_wfp=70001FE4 depth=0
redirect seq=002032 caller=QUEST2 WSAVS DIST                 pc=70168717 area_wfp=74003962 argc=4 frame=0 real_wsp=70001FDA shadow_wsp=70001FE4 master_wfp=70001FE4 ret=70166E20 depth=1
redirect seq=002034 caller=QUEST2 WRTN  DIST                 area_wfp=74003962 ret_pc=70168732 real_wsp=70001FD0 (was 7400394E) shadow_wsp=70001FD0 master_wfp=70001FE4 depth=0
redirect seq=002036 caller=QUEST2 WSAVS DIST                 pc=70168717 area_wfp=74003962 argc=4 frame=0 real_wsp=70001FDA shadow_wsp=70001FE4 master_wfp=70001FE4 ret=70166E20 depth=1
redirect seq=002038 caller=QUEST2 WRTN  DIST                 area_wfp=74003962 ret_pc=70168732 real_wsp=70001FD0 (was 7400394E) shadow_wsp=70001FD0 master_wfp=70001FE4 depth=0
redirect seq=002040 caller=QUEST2 WSAVS DIST                 pc=70168717 area_wfp=74003962 argc=4 frame=0 real_wsp=70001FDA shadow_wsp=70001FE4 master_wfp=70001FE4 ret=70166E20 depth=1
redirect seq=002042 caller=QUEST2 WRTN  DIST                 area_wfp=74003962 ret_pc=70168732 real_wsp=70001FD0 (was 7400394E) shadow_wsp=70001FD0 master_wfp=70001FE4 depth=0
redirect seq=002045 caller=QUEST2 WSAVS DIST                 pc=70168717 area_wfp=74003962 argc=4 frame=0 real_wsp=70001FDA shadow_wsp=70001FE4 master_wfp=70001FE4 ret=70166E20 depth=1
redirect seq=002047 caller=QUEST2 WRTN  DIST                 area_wfp=74003962 ret_pc=70168732 real_wsp=70001FD0 (was 7400394E) shadow_wsp=70001FD0 master_wfp=70001FE4 depth=0
redirect seq=002051 caller=QUEST2 WSAVS DIST                 pc=70168717 area_wfp=74003962 argc=4 frame=0 real_wsp=70001FDA shadow_wsp=70001FE4 master_wfp=70001FE4 ret=70166E20 depth=1
redirect seq=002053 caller=QUEST2 WRTN  DIST                 area_wfp=74003962 ret_pc=70168732 real_wsp=70001FD0 (was 7400394E) shadow_wsp=70001FD0 master_wfp=70001FE4 depth=0
redirect seq=002055 caller=QUEST2 WSAVS DIST                 pc=70168717 area_wfp=74003962 argc=4 frame=0 real_wsp=70001FDA shadow_wsp=70001FE4 master_wfp=70001FE4 ret=70166E20 depth=1
redirect seq=002057 caller=QUEST2 WRTN  DIST                 area_wfp=74003962 ret_pc=70168732 real_wsp=70001FD0 (was 7400394E) shadow_wsp=70001FD0 master_wfp=70001FE4 depth=0
redirect seq=002062 caller=QUEST2 WSAVS DIST                 pc=70168717 area_wfp=74003962 argc=4 frame=0 real_wsp=70001FDA shadow_wsp=70001FE4 master_wfp=70001FE4 ret=70166E20 depth=1
redirect seq=002064 caller=QUEST2 WRTN  DIST                 area_wfp=74003962 ret_pc=70168732 real_wsp=70001FD0 (was 7400394E) shadow_wsp=70001FD0 master_wfp=70001FE4 depth=0
redirect seq=002066 caller=QUEST2 WSAVS DIST                 pc=70168717 area_wfp=74003962 argc=4 frame=0 real_wsp=70001FDA shadow_wsp=70001FE4 master_wfp=70001FE4 ret=70166E20 depth=1
redirect seq=002068 caller=QUEST2 WRTN  DIST                 area_wfp=74003962 ret_pc=70168732 real_wsp=70001FD0 (was 7400394E) shadow_wsp=70001FD0 master_wfp=70001FE4 depth=0
redirect seq=002070 caller=QUEST2 WSAVS DIST                 pc=70168717 area_wfp=74003962 argc=4 frame=0 real_wsp=70001FDA shadow_wsp=70001FE4 master_wfp=70001FE4 ret=70166E20 depth=1
redirect seq=002072 caller=QUEST2 WRTN  DIST                 area_wfp=74003962 ret_pc=70168732 real_wsp=70001FD0 (was 7400394E) shadow_wsp=70001FD0 master_wfp=70001FE4 depth=0
redirect seq=002075 caller=QUEST2 WSAVS DIST                 pc=70168717 area_wfp=74003962 argc=4 frame=0 real_wsp=70001FDA shadow_wsp=70001FE4 master_wfp=70001FE4 ret=70166E20 depth=1
redirect seq=002077 caller=QUEST2 WRTN  DIST                 area_wfp=74003962 ret_pc=70168732 real_wsp=70001FD0 (was 7400394E) shadow_wsp=70001FD0 master_wfp=70001FE4 depth=0
redirect seq=002081 caller=QUEST2 WSAVS DIST                 pc=70168717 area_wfp=74003962 argc=4 frame=0 real_wsp=70001FDA shadow_wsp=70001FE4 master_wfp=70001FE4 ret=70166E20 depth=1
redirect seq=002083 caller=QUEST2 WRTN  DIST                 area_wfp=74003962 ret_pc=70168732 real_wsp=70001FD0 (was 7400394E) shadow_wsp=70001FD0 master_wfp=70001FE4 depth=0
redirect seq=002085 caller=QUEST2 WSAVS DIST                 pc=70168717 area_wfp=74003962 argc=4 frame=0 real_wsp=70001FDA shadow_wsp=70001FE4 master_wfp=70001FE4 ret=70166E20 depth=1
redirect seq=002087 caller=QUEST2 WRTN  DIST                 area_wfp=74003962 ret_pc=70168732 real_wsp=70001FD0 (was 7400394E) shadow_wsp=70001FD0 master_wfp=70001FE4 depth=0
redirect seq=002092 caller=QUEST2 WSAVS DIST                 pc=70168717 area_wfp=74003962 argc=4 frame=0 real_wsp=70001FDA shadow_wsp=70001FE4 master_wfp=70001FE4 ret=70166E20 depth=1
redirect seq=002094 caller=QUEST2 WRTN  DIST                 area_wfp=74003962 ret_pc=70168732 real_wsp=70001FD0 (was 7400394E) shadow_wsp=70001FD0 master_wfp=70001FE4 depth=0
redirect seq=002096 caller=QUEST2 WSAVS DIST                 pc=70168717 area_wfp=74003962 argc=4 frame=0 real_wsp=70001FDA shadow_wsp=70001FE4 master_wfp=70001FE4 ret=70166E20 depth=1
redirect seq=002098 caller=QUEST2 WRTN  DIST                 area_wfp=74003962 ret_pc=70168732 real_wsp=70001FD0 (was 7400394E) shadow_wsp=70001FD0 master_wfp=70001FE4 depth=0
redirect seq=002100 caller=QUEST2 WSAVS DIST                 pc=70168717 area_wfp=74003962 argc=4 frame=0 real_wsp=70001FDA shadow_wsp=70001FE4 master_wfp=70001FE4 ret=70166E20 depth=1
redirect seq=002102 caller=QUEST2 WRTN  DIST                 area_wfp=74003962 ret_pc=70168732 real_wsp=70001FD0 (was 7400394E) shadow_wsp=70001FD0 master_wfp=70001FE4 depth=0
redirect seq=002105 caller=QUEST2 WSAVS DIST                 pc=70168717 area_wfp=74003962 argc=4 frame=0 real_wsp=70001FDA shadow_wsp=70001FE4 master_wfp=70001FE4 ret=70166E20 depth=1
redirect seq=002107 caller=QUEST2 WRTN  DIST                 area_wfp=74003962 ret_pc=70168732 real_wsp=70001FD0 (was 7400394E) shadow_wsp=70001FD0 master_wfp=70001FE4 depth=0
redirect seq=002111 caller=QUEST2 WSAVS DIST                 pc=70168717 area_wfp=74003962 argc=4 frame=0 real_wsp=70001FDA shadow_wsp=70001FE4 master_wfp=70001FE4 ret=70166E20 depth=1
redirect seq=002113 caller=QUEST2 WRTN  DIST                 area_wfp=74003962 ret_pc=70168732 real_wsp=70001FD0 (was 7400394E) shadow_wsp=70001FD0 master_wfp=70001FE4 depth=0
redirect seq=002115 caller=QUEST2 WSAVS DIST                 pc=70168717 area_wfp=74003962 argc=4 frame=0 real_wsp=70001FDA shadow_wsp=70001FE4 master_wfp=70001FE4 ret=70166E20 depth=1
redirect seq=002117 caller=QUEST2 WRTN  DIST                 area_wfp=74003962 ret_pc=70168732 real_wsp=70001FD0 (was 7400394E) shadow_wsp=70001FD0 master_wfp=70001FE4 depth=0
redirect seq=002122 caller=QUEST2 WSAVS DIST                 pc=70168717 area_wfp=74003962 argc=4 frame=0 real_wsp=70001FDA shadow_wsp=70001FE4 master_wfp=70001FE4 ret=70166E20 depth=1
redirect seq=002124 caller=QUEST2 WRTN  DIST                 area_wfp=74003962 ret_pc=70168732 real_wsp=70001FD0 (was 7400394E) shadow_wsp=70001FD0 master_wfp=70001FE4 depth=0
redirect seq=002126 caller=QUEST2 WSAVS DIST                 pc=70168717 area_wfp=74003962 argc=4 frame=0 real_wsp=70001FDA shadow_wsp=70001FE4 master_wfp=70001FE4 ret=70166E20 depth=1
redirect seq=002128 caller=QUEST2 WRTN  DIST                 area_wfp=74003962 ret_pc=70168732 real_wsp=70001FD0 (was 7400394E) shadow_wsp=70001FD0 master_wfp=70001FE4 depth=0
redirect seq=002130 caller=QUEST2 WSAVS DIST                 pc=70168717 area_wfp=74003962 argc=4 frame=0 real_wsp=70001FDA shadow_wsp=70001FE4 master_wfp=70001FE4 ret=70166E20 depth=1
redirect seq=002132 caller=QUEST2 WRTN  DIST                 area_wfp=74003962 ret_pc=70168732 real_wsp=70001FD0 (was 7400394E) shadow_wsp=70001FD0 master_wfp=70001FE4 depth=0
redirect seq=002137 caller=QUEST2 WSAVS DIST                 pc=70168717 area_wfp=74003962 argc=4 frame=0 real_wsp=70001FDA shadow_wsp=70001FE4 master_wfp=70001FE4 ret=70166E20 depth=1
redirect seq=002139 caller=QUEST2 WRTN  DIST                 area_wfp=74003962 ret_pc=70168732 real_wsp=70001FD0 (was 7400394E) shadow_wsp=70001FD0 master_wfp=70001FE4 depth=0
redirect seq=002141 caller=QUEST2 WSAVS DIST                 pc=70168717 area_wfp=74003962 argc=4 frame=0 real_wsp=70001FDA shadow_wsp=70001FE4 master_wfp=70001FE4 ret=70166E20 depth=1
redirect seq=002143 caller=QUEST2 WRTN  DIST                 area_wfp=74003962 ret_pc=70168732 real_wsp=70001FD0 (was 7400394E) shadow_wsp=70001FD0 master_wfp=70001FE4 depth=0
redirect seq=002145 caller=QUEST2 WSAVS DIST                 pc=70168717 area_wfp=74003962 argc=4 frame=0 real_wsp=70001FDA shadow_wsp=70001FE4 master_wfp=70001FE4 ret=70166E20 depth=1
redirect seq=002147 caller=QUEST2 WRTN  DIST                 area_wfp=74003962 ret_pc=70168732 real_wsp=70001FD0 (was 7400394E) shadow_wsp=70001FD0 master_wfp=70001FE4 depth=0
redirect seq=002152 caller=QUEST2 WSAVS DIST                 pc=70168717 area_wfp=74003962 argc=4 frame=0 real_wsp=70001FDA shadow_wsp=70001FE4 master_wfp=70001FE4 ret=70166E20 depth=1
redirect seq=002154 caller=QUEST2 WRTN  DIST                 area_wfp=74003962 ret_pc=70168732 real_wsp=70001FD0 (was 7400394E) shadow_wsp=70001FD0 master_wfp=70001FE4 depth=0
redirect seq=002156 caller=QUEST2 WSAVS DIST                 pc=70168717 area_wfp=74003962 argc=4 frame=0 real_wsp=70001FDA shadow_wsp=70001FE4 master_wfp=70001FE4 ret=70166E20 depth=1
redirect seq=002158 caller=QUEST2 WRTN  DIST                 area_wfp=74003962 ret_pc=70168732 real_wsp=70001FD0 (was 7400394E) shadow_wsp=70001FD0 master_wfp=70001FE4 depth=0
redirect seq=002160 caller=QUEST2 WSAVS DIST                 pc=70168717 area_wfp=74003962 argc=4 frame=0 real_wsp=70001FDA shadow_wsp=70001FE4 master_wfp=70001FE4 ret=70166E20 depth=1
redirect seq=002162 caller=QUEST2 WRTN  DIST                 area_wfp=74003962 ret_pc=70168732 real_wsp=70001FD0 (was 7400394E) shadow_wsp=70001FD0 master_wfp=70001FE4 depth=0
redirect seq=002167 caller=QUEST2 WSAVS DIST                 pc=70168717 area_wfp=74003962 argc=4 frame=0 real_wsp=70001FDA shadow_wsp=70001FE4 master_wfp=70001FE4 ret=70166E20 depth=1
redirect seq=002169 caller=QUEST2 WRTN  DIST                 area_wfp=74003962 ret_pc=70168732 real_wsp=70001FD0 (was 7400394E) shadow_wsp=70001FD0 master_wfp=70001FE4 depth=0
redirect seq=002171 caller=QUEST2 WSAVS DIST                 pc=70168717 area_wfp=74003962 argc=4 frame=0 real_wsp=70001FDA shadow_wsp=70001FE4 master_wfp=70001FE4 ret=70166E20 depth=1
redirect seq=002173 caller=QUEST2 WRTN  DIST                 area_wfp=74003962 ret_pc=70168732 real_wsp=70001FD0 (was 7400394E) shadow_wsp=70001FD0 master_wfp=70001FE4 depth=0
redirect seq=002175 caller=QUEST2 WSAVS DIST                 pc=70168717 area_wfp=74003962 argc=4 frame=0 real_wsp=70001FDA shadow_wsp=70001FE4 master_wfp=70001FE4 ret=70166E20 depth=1
redirect seq=002177 caller=QUEST2 WRTN  DIST                 area_wfp=74003962 ret_pc=70168732 real_wsp=70001FD0 (was 7400394E) shadow_wsp=70001FD0 master_wfp=70001FE4 depth=0
redirect seq=002182 caller=QUEST2 WSAVS DIST                 pc=70168717 area_wfp=74003962 argc=4 frame=0 real_wsp=70001FDA shadow_wsp=70001FE4 master_wfp=70001FE4 ret=70166E20 depth=1
redirect seq=002184 caller=QUEST2 WRTN  DIST                 area_wfp=74003962 ret_pc=70168732 real_wsp=70001FD0 (was 7400394E) shadow_wsp=70001FD0 master_wfp=70001FE4 depth=0
redirect seq=002186 caller=QUEST2 WSAVS DIST                 pc=70168717 area_wfp=74003962 argc=4 frame=0 real_wsp=70001FDA shadow_wsp=70001FE4 master_wfp=70001FE4 ret=70166E20 depth=1
redirect seq=002188 caller=QUEST2 WRTN  DIST                 area_wfp=74003962 ret_pc=70168732 real_wsp=70001FD0 (was 7400394E) shadow_wsp=70001FD0 master_wfp=70001FE4 depth=0
redirect seq=002190 caller=QUEST2 WSAVS DIST                 pc=70168717 area_wfp=74003962 argc=4 frame=0 real_wsp=70001FDA shadow_wsp=70001FE4 master_wfp=70001FE4 ret=70166E20 depth=1
redirect seq=002192 caller=QUEST2 WRTN  DIST                 area_wfp=74003962 ret_pc=70168732 real_wsp=70001FD0 (was 7400394E) shadow_wsp=70001FD0 master_wfp=70001FE4 depth=0
redirect seq=002197 caller=QUEST2 WSAVS DIST                 pc=70168717 area_wfp=74003962 argc=4 frame=0 real_wsp=70001FDA shadow_wsp=70001FE4 master_wfp=70001FE4 ret=70166E20 depth=1
redirect seq=002199 caller=QUEST2 WRTN  DIST                 area_wfp=74003962 ret_pc=70168732 real_wsp=70001FD0 (was 7400394E) shadow_wsp=70001FD0 master_wfp=70001FE4 depth=0
redirect seq=002201 caller=QUEST2 WSAVS DIST                 pc=70168717 area_wfp=74003962 argc=4 frame=0 real_wsp=70001FDA shadow_wsp=70001FE4 master_wfp=70001FE4 ret=70166E20 depth=1
redirect seq=002203 caller=QUEST2 WRTN  DIST                 area_wfp=74003962 ret_pc=70168732 real_wsp=70001FD0 (was 7400394E) shadow_wsp=70001FD0 master_wfp=70001FE4 depth=0
redirect seq=002205 caller=QUEST2 WSAVS DIST                 pc=70168717 area_wfp=74003962 argc=4 frame=0 real_wsp=70001FDA shadow_wsp=70001FE4 master_wfp=70001FE4 ret=70166E20 depth=1
redirect seq=002207 caller=QUEST2 WRTN  DIST                 area_wfp=74003962 ret_pc=70168732 real_wsp=70001FD0 (was 7400394E) shadow_wsp=70001FD0 master_wfp=70001FE4 depth=0
redirect seq=002211 caller=QUEST2 WSAVS DIST                 pc=70168717 area_wfp=74003962 argc=4 frame=0 real_wsp=70001FDA shadow_wsp=70001FE4 master_wfp=70001FE4 ret=70166E20 depth=1
redirect seq=002213 caller=QUEST2 WRTN  DIST                 area_wfp=74003962 ret_pc=70168732 real_wsp=70001FD0 (was 7400394E) shadow_wsp=70001FD0 master_wfp=70001FE4 depth=0
redirect seq=002215 caller=QUEST2 WSAVS DIST                 pc=70168717 area_wfp=74003962 argc=4 frame=0 real_wsp=70001FDA shadow_wsp=70001FE4 master_wfp=70001FE4 ret=70166E20 depth=1
redirect seq=002218 caller=QUEST2 WRTN  DIST                 area_wfp=74003962 ret_pc=70168732 real_wsp=70001FD0 (was 7400394E) shadow_wsp=70001FD0 master_wfp=70001FE4 depth=0
redirect seq=002220 caller=QUEST2 WSAVS DIST                 pc=70168717 area_wfp=74003962 argc=4 frame=0 real_wsp=70001FDA shadow_wsp=70001FE4 master_wfp=70001FE4 ret=70166E20 depth=1
redirect seq=002222 caller=QUEST2 WRTN  DIST                 area_wfp=74003962 ret_pc=70168732 real_wsp=70001FD0 (was 7400394E) shadow_wsp=70001FD0 master_wfp=70001FE4 depth=0
redirect seq=002227 caller=QUEST2 WSAVS DIST                 pc=70168717 area_wfp=74003962 argc=4 frame=0 real_wsp=70001FDA shadow_wsp=70001FE4 master_wfp=70001FE4 ret=70166E20 depth=1
redirect seq=002229 caller=QUEST2 WRTN  DIST                 area_wfp=74003962 ret_pc=70168732 real_wsp=70001FD0 (was 7400394E) shadow_wsp=70001FD0 master_wfp=70001FE4 depth=0
redirect seq=002231 caller=QUEST2 WSAVS DIST                 pc=70168717 area_wfp=74003962 argc=4 frame=0 real_wsp=70001FDA shadow_wsp=70001FE4 master_wfp=70001FE4 ret=70166E20 depth=1
redirect seq=002233 caller=QUEST2 WRTN  DIST                 area_wfp=74003962 ret_pc=70168732 real_wsp=70001FD0 (was 7400394E) shadow_wsp=70001FD0 master_wfp=70001FE4 depth=0
redirect seq=002235 caller=QUEST2 WSAVS DIST                 pc=70168717 area_wfp=74003962 argc=4 frame=0 real_wsp=70001FDA shadow_wsp=70001FE4 master_wfp=70001FE4 ret=70166E20 depth=1
redirect seq=002237 caller=QUEST2 WRTN  DIST                 area_wfp=74003962 ret_pc=70168732 real_wsp=70001FD0 (was 7400394E) shadow_wsp=70001FD0 master_wfp=70001FE4 depth=0
redirect seq=002242 caller=QUEST2 WSAVS DIST                 pc=70168717 area_wfp=74003962 argc=4 frame=0 real_wsp=70001FDA shadow_wsp=70001FE4 master_wfp=70001FE4 ret=70166E20 depth=1
redirect seq=002244 caller=QUEST2 WRTN  DIST                 area_wfp=74003962 ret_pc=70168732 real_wsp=70001FD0 (was 7400394E) shadow_wsp=70001FD0 master_wfp=70001FE4 depth=0
redirect seq=002246 caller=QUEST2 WSAVS DIST                 pc=70168717 area_wfp=74003962 argc=4 frame=0 real_wsp=70001FDA shadow_wsp=70001FE4 master_wfp=70001FE4 ret=70166E20 depth=1
redirect seq=002248 caller=QUEST2 WRTN  DIST                 area_wfp=74003962 ret_pc=70168732 real_wsp=70001FD0 (was 7400394E) shadow_wsp=70001FD0 master_wfp=70001FE4 depth=0
redirect seq=002250 caller=QUEST2 WSAVS DIST                 pc=70168717 area_wfp=74003962 argc=4 frame=0 real_wsp=70001FDA shadow_wsp=70001FE4 master_wfp=70001FE4 ret=70166E20 depth=1
redirect seq=002252 caller=QUEST2 WRTN  DIST                 area_wfp=74003962 ret_pc=70168732 real_wsp=70001FD0 (was 7400394E) shadow_wsp=70001FD0 master_wfp=70001FE4 depth=0
redirect seq=002257 caller=QUEST2 WSAVS DIST                 pc=70168717 area_wfp=74003962 argc=4 frame=0 real_wsp=70001FDA shadow_wsp=70001FE4 master_wfp=70001FE4 ret=70166E20 depth=1
redirect seq=002259 caller=QUEST2 WRTN  DIST                 area_wfp=74003962 ret_pc=70168732 real_wsp=70001FD0 (was 7400394E) shadow_wsp=70001FD0 master_wfp=70001FE4 depth=0
redirect seq=002261 caller=QUEST2 WSAVS DIST                 pc=70168717 area_wfp=74003962 argc=4 frame=0 real_wsp=70001FDA shadow_wsp=70001FE4 master_wfp=70001FE4 ret=70166E20 depth=1
redirect seq=002263 caller=QUEST2 WRTN  DIST                 area_wfp=74003962 ret_pc=70168732 real_wsp=70001FD0 (was 7400394E) shadow_wsp=70001FD0 master_wfp=70001FE4 depth=0
redirect seq=002265 caller=QUEST2 WSAVS DIST                 pc=70168717 area_wfp=74003962 argc=4 frame=0 real_wsp=70001FDA shadow_wsp=70001FE4 master_wfp=70001FE4 ret=70166E20 depth=1
redirect seq=002267 caller=QUEST2 WRTN  DIST                 area_wfp=74003962 ret_pc=70168732 real_wsp=70001FD0 (was 7400394E) shadow_wsp=70001FD0 master_wfp=70001FE4 depth=0
redirect seq=002272 caller=QUEST2 WSAVS DIST                 pc=70168717 area_wfp=74003962 argc=4 frame=0 real_wsp=70001FDA shadow_wsp=70001FE4 master_wfp=70001FE4 ret=70166E20 depth=1
redirect seq=002274 caller=QUEST2 WRTN  DIST                 area_wfp=74003962 ret_pc=70168732 real_wsp=70001FD0 (was 7400394E) shadow_wsp=70001FD0 master_wfp=70001FE4 depth=0
redirect seq=002276 caller=QUEST2 WSAVS DIST                 pc=70168717 area_wfp=74003962 argc=4 frame=0 real_wsp=70001FDA shadow_wsp=70001FE4 master_wfp=70001FE4 ret=70166E20 depth=1
redirect seq=002278 caller=QUEST2 WRTN  DIST                 area_wfp=74003962 ret_pc=70168732 real_wsp=70001FD0 (was 7400394E) shadow_wsp=70001FD0 master_wfp=70001FE4 depth=0
redirect seq=002280 caller=QUEST2 WSAVS DIST                 pc=70168717 area_wfp=74003962 argc=4 frame=0 real_wsp=70001FDA shadow_wsp=70001FE4 master_wfp=70001FE4 ret=70166E20 depth=1
redirect seq=002282 caller=QUEST2 WRTN  DIST                 area_wfp=74003962 ret_pc=70168732 real_wsp=70001FD0 (was 7400394E) shadow_wsp=70001FD0 master_wfp=70001FE4 depth=0
redirect seq=002287 caller=QUEST2 WSAVS DIST                 pc=70168717 area_wfp=74003962 argc=4 frame=0 real_wsp=70001FDA shadow_wsp=70001FE4 master_wfp=70001FE4 ret=70166E20 depth=1
redirect seq=002289 caller=QUEST2 WRTN  DIST                 area_wfp=74003962 ret_pc=70168732 real_wsp=70001FD0 (was 7400394E) shadow_wsp=70001FD0 master_wfp=70001FE4 depth=0
redirect seq=002291 caller=QUEST2 WSAVS DIST                 pc=70168717 area_wfp=74003962 argc=4 frame=0 real_wsp=70001FDA shadow_wsp=70001FE4 master_wfp=70001FE4 ret=70166E20 depth=1
redirect seq=002293 caller=QUEST2 WRTN  DIST                 area_wfp=74003962 ret_pc=70168732 real_wsp=70001FD0 (was 7400394E) shadow_wsp=70001FD0 master_wfp=70001FE4 depth=0
redirect seq=002295 caller=QUEST2 WSAVS DIST                 pc=70168717 area_wfp=74003962 argc=4 frame=0 real_wsp=70001FDA shadow_wsp=70001FE4 master_wfp=70001FE4 ret=70166E20 depth=1
redirect seq=002297 caller=QUEST2 WRTN  DIST                 area_wfp=74003962 ret_pc=70168732 real_wsp=70001FD0 (was 7400394E) shadow_wsp=70001FD0 master_wfp=70001FE4 depth=0
redirect seq=002302 caller=QUEST2 WSAVS DIST                 pc=70168717 area_wfp=74003962 argc=4 frame=0 real_wsp=70001FDA shadow_wsp=70001FE4 master_wfp=70001FE4 ret=70166E20 depth=1
redirect seq=002304 caller=QUEST2 WRTN  DIST                 area_wfp=74003962 ret_pc=70168732 real_wsp=70001FD0 (was 7400394E) shadow_wsp=70001FD0 master_wfp=70001FE4 depth=0
redirect seq=002306 caller=QUEST2 WSAVS DIST                 pc=70168717 area_wfp=74003962 argc=4 frame=0 real_wsp=70001FDA shadow_wsp=70001FE4 master_wfp=70001FE4 ret=70166E20 depth=1
redirect seq=002308 caller=QUEST2 WRTN  DIST                 area_wfp=74003962 ret_pc=70168732 real_wsp=70001FD0 (was 7400394E) shadow_wsp=70001FD0 master_wfp=70001FE4 depth=0
redirect seq=002310 caller=QUEST2 WSAVS DIST                 pc=70168717 area_wfp=74003962 argc=4 frame=0 real_wsp=70001FDA shadow_wsp=70001FE4 master_wfp=70001FE4 ret=70166E20 depth=1
redirect seq=002312 caller=QUEST2 WRTN  DIST                 area_wfp=74003962 ret_pc=70168732 real_wsp=70001FD0 (was 7400394E) shadow_wsp=70001FD0 master_wfp=70001FE4 depth=0
redirect seq=002316 caller=QUEST2 WSAVS DIST                 pc=70168717 area_wfp=74003962 argc=4 frame=0 real_wsp=70001FDA shadow_wsp=70001FE4 master_wfp=70001FE4 ret=70166E20 depth=1
redirect seq=002318 caller=QUEST2 WRTN  DIST                 area_wfp=74003962 ret_pc=70168732 real_wsp=70001FD0 (was 7400394E) shadow_wsp=70001FD0 master_wfp=70001FE4 depth=0
redirect seq=002320 caller=QUEST2 WSAVS DIST                 pc=70168717 area_wfp=74003962 argc=4 frame=0 real_wsp=70001FDA shadow_wsp=70001FE4 master_wfp=70001FE4 ret=70166E20 depth=1
redirect seq=002323 caller=QUEST2 WRTN  DIST                 area_wfp=74003962 ret_pc=70168732 real_wsp=70001FD0 (was 7400394E) shadow_wsp=70001FD0 master_wfp=70001FE4 depth=0
redirect seq=002325 caller=QUEST2 WSAVS DIST                 pc=70168717 area_wfp=74003962 argc=4 frame=0 real_wsp=70001FDA shadow_wsp=70001FE4 master_wfp=70001FE4 ret=70166E20 depth=1
redirect seq=002327 caller=QUEST2 WRTN  DIST                 area_wfp=74003962 ret_pc=70168732 real_wsp=70001FD0 (was 7400394E) shadow_wsp=70001FD0 master_wfp=70001FE4 depth=0
redirect seq=002332 caller=QUEST2 WSAVS DIST                 pc=70168717 area_wfp=74003962 argc=4 frame=0 real_wsp=70001FDA shadow_wsp=70001FE4 master_wfp=70001FE4 ret=70166E20 depth=1
redirect seq=002334 caller=QUEST2 WRTN  DIST                 area_wfp=74003962 ret_pc=70168732 real_wsp=70001FD0 (was 7400394E) shadow_wsp=70001FD0 master_wfp=70001FE4 depth=0
redirect seq=002336 caller=QUEST2 WSAVS DIST                 pc=70168717 area_wfp=74003962 argc=4 frame=0 real_wsp=70001FDA shadow_wsp=70001FE4 master_wfp=70001FE4 ret=70166E20 depth=1
redirect seq=002338 caller=QUEST2 WRTN  DIST                 area_wfp=74003962 ret_pc=70168732 real_wsp=70001FD0 (was 7400394E) shadow_wsp=70001FD0 master_wfp=70001FE4 depth=0
redirect seq=002340 caller=QUEST2 WSAVS DIST                 pc=70168717 area_wfp=74003962 argc=4 frame=0 real_wsp=70001FDA shadow_wsp=70001FE4 master_wfp=70001FE4 ret=70166E20 depth=1
redirect seq=002342 caller=QUEST2 WRTN  DIST                 area_wfp=74003962 ret_pc=70168732 real_wsp=70001FD0 (was 7400394E) shadow_wsp=70001FD0 master_wfp=70001FE4 depth=0
redirect seq=002346 caller=QUEST2 WSAVS DIST                 pc=70168717 area_wfp=74003962 argc=4 frame=0 real_wsp=70001FDA shadow_wsp=70001FE4 master_wfp=70001FE4 ret=70166E20 depth=1
redirect seq=002348 caller=QUEST2 WRTN  DIST                 area_wfp=74003962 ret_pc=70168732 real_wsp=70001FD0 (was 7400394E) shadow_wsp=70001FD0 master_wfp=70001FE4 depth=0
redirect seq=002350 caller=QUEST2 WSAVS DIST                 pc=70168717 area_wfp=74003962 argc=4 frame=0 real_wsp=70001FDA shadow_wsp=70001FE4 master_wfp=70001FE4 ret=70166E20 depth=1
redirect seq=002353 caller=QUEST2 WRTN  DIST                 area_wfp=74003962 ret_pc=70168732 real_wsp=70001FD0 (was 7400394E) shadow_wsp=70001FD0 master_wfp=70001FE4 depth=0
redirect seq=002355 caller=QUEST2 WSAVS DIST                 pc=70168717 area_wfp=74003962 argc=4 frame=0 real_wsp=70001FDA shadow_wsp=70001FE4 master_wfp=70001FE4 ret=70166E20 depth=1
redirect seq=002357 caller=QUEST2 WRTN  DIST                 area_wfp=74003962 ret_pc=70168732 real_wsp=70001FD0 (was 7400394E) shadow_wsp=70001FD0 master_wfp=70001FE4 depth=0
redirect seq=002362 caller=QUEST2 WSAVS DIST                 pc=70168717 area_wfp=74003962 argc=4 frame=0 real_wsp=70001FDA shadow_wsp=70001FE4 master_wfp=70001FE4 ret=70166E20 depth=1
redirect seq=002364 caller=QUEST2 WRTN  DIST                 area_wfp=74003962 ret_pc=70168732 real_wsp=70001FD0 (was 7400394E) shadow_wsp=70001FD0 master_wfp=70001FE4 depth=0
redirect seq=002366 caller=QUEST2 WSAVS DIST                 pc=70168717 area_wfp=74003962 argc=4 frame=0 real_wsp=70001FDA shadow_wsp=70001FE4 master_wfp=70001FE4 ret=70166E20 depth=1
redirect seq=002368 caller=QUEST2 WRTN  DIST                 area_wfp=74003962 ret_pc=70168732 real_wsp=70001FD0 (was 7400394E) shadow_wsp=70001FD0 master_wfp=70001FE4 depth=0
redirect seq=002370 caller=QUEST2 WSAVS DIST                 pc=70168717 area_wfp=74003962 argc=4 frame=0 real_wsp=70001FDA shadow_wsp=70001FE4 master_wfp=70001FE4 ret=70166E20 depth=1
redirect seq=002372 caller=QUEST2 WRTN  DIST                 area_wfp=74003962 ret_pc=70168732 real_wsp=70001FD0 (was 7400394E) shadow_wsp=70001FD0 master_wfp=70001FE4 depth=0
redirect seq=002376 caller=QUEST2 WSAVS DIST                 pc=70168717 area_wfp=74003962 argc=4 frame=0 real_wsp=70001FDA shadow_wsp=70001FE4 master_wfp=70001FE4 ret=70166E20 depth=1
redirect seq=002378 caller=QUEST2 WRTN  DIST                 area_wfp=74003962 ret_pc=70168732 real_wsp=70001FD0 (was 7400394E) shadow_wsp=70001FD0 master_wfp=70001FE4 depth=0
redirect seq=002380 caller=QUEST2 WSAVS DIST                 pc=70168717 area_wfp=74003962 argc=4 frame=0 real_wsp=70001FDA shadow_wsp=70001FE4 master_wfp=70001FE4 ret=70166E20 depth=1
redirect seq=002383 caller=QUEST2 WRTN  DIST                 area_wfp=74003962 ret_pc=70168732 real_wsp=70001FD0 (was 7400394E) shadow_wsp=70001FD0 master_wfp=70001FE4 depth=0
redirect seq=002385 caller=QUEST2 WSAVS DIST                 pc=70168717 area_wfp=74003962 argc=4 frame=0 real_wsp=70001FDA shadow_wsp=70001FE4 master_wfp=70001FE4 ret=70166E20 depth=1
redirect seq=002387 caller=QUEST2 WRTN  DIST                 area_wfp=74003962 ret_pc=70168732 real_wsp=70001FD0 (was 7400394E) shadow_wsp=70001FD0 master_wfp=70001FE4 depth=0
redirect seq=002392 caller=QUEST2 WSAVS DIST                 pc=70168717 area_wfp=74003962 argc=4 frame=0 real_wsp=70001FDA shadow_wsp=70001FE4 master_wfp=70001FE4 ret=70166E20 depth=1
redirect seq=002394 caller=QUEST2 WRTN  DIST                 area_wfp=74003962 ret_pc=70168732 real_wsp=70001FD0 (was 7400394E) shadow_wsp=70001FD0 master_wfp=70001FE4 depth=0
redirect seq=002396 caller=QUEST2 WSAVS DIST                 pc=70168717 area_wfp=74003962 argc=4 frame=0 real_wsp=70001FDA shadow_wsp=70001FE4 master_wfp=70001FE4 ret=70166E20 depth=1
redirect seq=002398 caller=QUEST2 WRTN  DIST                 area_wfp=74003962 ret_pc=70168732 real_wsp=70001FD0 (was 7400394E) shadow_wsp=70001FD0 master_wfp=70001FE4 depth=0
redirect seq=002400 caller=QUEST2 WSAVS DIST                 pc=70168717 area_wfp=74003962 argc=4 frame=0 real_wsp=70001FDA shadow_wsp=70001FE4 master_wfp=70001FE4 ret=70166E20 depth=1
redirect seq=002402 caller=QUEST2 WRTN  DIST                 area_wfp=74003962 ret_pc=70168732 real_wsp=70001FD0 (was 7400394E) shadow_wsp=70001FD0 master_wfp=70001FE4 depth=0
redirect seq=002406 caller=QUEST2 WSAVS DIST                 pc=70168717 area_wfp=74003962 argc=4 frame=0 real_wsp=70001FDA shadow_wsp=70001FE4 master_wfp=70001FE4 ret=70166E20 depth=1
redirect seq=002408 caller=QUEST2 WRTN  DIST                 area_wfp=74003962 ret_pc=70168732 real_wsp=70001FD0 (was 7400394E) shadow_wsp=70001FD0 master_wfp=70001FE4 depth=0
redirect seq=002410 caller=QUEST2 WSAVS DIST                 pc=70168717 area_wfp=74003962 argc=4 frame=0 real_wsp=70001FDA shadow_wsp=70001FE4 master_wfp=70001FE4 ret=70166E20 depth=1
redirect seq=002413 caller=QUEST2 WRTN  DIST                 area_wfp=74003962 ret_pc=70168732 real_wsp=70001FD0 (was 7400394E) shadow_wsp=70001FD0 master_wfp=70001FE4 depth=0
redirect seq=002415 caller=QUEST2 WSAVS DIST                 pc=70168717 area_wfp=74003962 argc=4 frame=0 real_wsp=70001FDA shadow_wsp=70001FE4 master_wfp=70001FE4 ret=70166E20 depth=1
redirect seq=002417 caller=QUEST2 WRTN  DIST                 area_wfp=74003962 ret_pc=70168732 real_wsp=70001FD0 (was 7400394E) shadow_wsp=70001FD0 master_wfp=70001FE4 depth=0
redirect seq=002422 caller=QUEST2 WSAVS DIST                 pc=70168717 area_wfp=74003962 argc=4 frame=0 real_wsp=70001FDA shadow_wsp=70001FE4 master_wfp=70001FE4 ret=70166E20 depth=1
redirect seq=002424 caller=QUEST2 WRTN  DIST                 area_wfp=74003962 ret_pc=70168732 real_wsp=70001FD0 (was 7400394E) shadow_wsp=70001FD0 master_wfp=70001FE4 depth=0
redirect seq=002426 caller=QUEST2 WSAVS DIST                 pc=70168717 area_wfp=74003962 argc=4 frame=0 real_wsp=70001FDA shadow_wsp=70001FE4 master_wfp=70001FE4 ret=70166E20 depth=1
redirect seq=002428 caller=QUEST2 WRTN  DIST                 area_wfp=74003962 ret_pc=70168732 real_wsp=70001FD0 (was 7400394E) shadow_wsp=70001FD0 master_wfp=70001FE4 depth=0
redirect seq=002430 caller=QUEST2 WSAVS DIST                 pc=70168717 area_wfp=74003962 argc=4 frame=0 real_wsp=70001FDA shadow_wsp=70001FE4 master_wfp=70001FE4 ret=70166E20 depth=1
redirect seq=002432 caller=QUEST2 WRTN  DIST                 area_wfp=74003962 ret_pc=70168732 real_wsp=70001FD0 (was 7400394E) shadow_wsp=70001FD0 master_wfp=70001FE4 depth=0
redirect seq=002436 caller=QUEST2 WSAVS DIST                 pc=70168717 area_wfp=74003962 argc=4 frame=0 real_wsp=70001FDA shadow_wsp=70001FE4 master_wfp=70001FE4 ret=70166E20 depth=1
redirect seq=002438 caller=QUEST2 WRTN  DIST                 area_wfp=74003962 ret_pc=70168732 real_wsp=70001FD0 (was 7400394E) shadow_wsp=70001FD0 master_wfp=70001FE4 depth=0
redirect seq=002440 caller=QUEST2 WSAVS DIST                 pc=70168717 area_wfp=74003962 argc=4 frame=0 real_wsp=70001FDA shadow_wsp=70001FE4 master_wfp=70001FE4 ret=70166E20 depth=1
redirect seq=002443 caller=QUEST2 WRTN  DIST                 area_wfp=74003962 ret_pc=70168732 real_wsp=70001FD0 (was 7400394E) shadow_wsp=70001FD0 master_wfp=70001FE4 depth=0
redirect seq=002445 caller=QUEST2 WSAVS DIST                 pc=70168717 area_wfp=74003962 argc=4 frame=0 real_wsp=70001FDA shadow_wsp=70001FE4 master_wfp=70001FE4 ret=70166E20 depth=1
redirect seq=002447 caller=QUEST2 WRTN  DIST                 area_wfp=74003962 ret_pc=70168732 real_wsp=70001FD0 (was 7400394E) shadow_wsp=70001FD0 master_wfp=70001FE4 depth=0
redirect seq=002452 caller=QUEST2 WSAVS DIST                 pc=70168717 area_wfp=74003962 argc=4 frame=0 real_wsp=70001FDA shadow_wsp=70001FE4 master_wfp=70001FE4 ret=70166E20 depth=1
redirect seq=002454 caller=QUEST2 WRTN  DIST                 area_wfp=74003962 ret_pc=70168732 real_wsp=70001FD0 (was 7400394E) shadow_wsp=70001FD0 master_wfp=70001FE4 depth=0
redirect seq=002456 caller=QUEST2 WSAVS DIST                 pc=70168717 area_wfp=74003962 argc=4 frame=0 real_wsp=70001FDA shadow_wsp=70001FE4 master_wfp=70001FE4 ret=70166E20 depth=1
redirect seq=002458 caller=QUEST2 WRTN  DIST                 area_wfp=74003962 ret_pc=70168732 real_wsp=70001FD0 (was 7400394E) shadow_wsp=70001FD0 master_wfp=70001FE4 depth=0
redirect seq=002460 caller=QUEST2 WSAVS DIST                 pc=70168717 area_wfp=74003962 argc=4 frame=0 real_wsp=70001FDA shadow_wsp=70001FE4 master_wfp=70001FE4 ret=70166E20 depth=1
redirect seq=002462 caller=QUEST2 WRTN  DIST                 area_wfp=74003962 ret_pc=70168732 real_wsp=70001FD0 (was 7400394E) shadow_wsp=70001FD0 master_wfp=70001FE4 depth=0
redirect seq=002472 caller=QUEST2 WSAVS TERRITORY            pc=7017CD71 area_wfp=74009956 argc=6 frame=22 real_wsp=70001FDE shadow_wsp=70002014 master_wfp=70001FE8 ret=701670F2 depth=1
redirect seq=002564 caller=QUEST2 WRTN  TERRITORY            area_wfp=74009956 ret_pc=7017CFAF real_wsp=70001FD0 (was 7400993E) shadow_wsp=70001FD0 master_wfp=70001FE8 depth=0
redirect seq=002787 caller=QUEST2 WSAVS TERRAIN              pc=7017C877 area_wfp=740098DC argc=9 frame=15 real_wsp=700010F0 shadow_wsp=70001118 master_wfp=700010FA ret=7015C51C depth=1
redirect seq=002788 caller=QUEST2 WRTN  TERRAIN              area_wfp=740098DC ret_pc=7017CA4B real_wsp=700010DC (was 740098BE) shadow_wsp=700010DC master_wfp=700010FA depth=0
redirect seq=002800 caller=QUEST2 WSAVS GET_INPUT            pc=7016AA35 area_wfp=74003ECC argc=1 frame=41 real_wsp=70001150 shadow_wsp=700011AC master_wfp=7000115A ret=70178270 depth=1
redirect seq=002808 caller=QUEST2 WRTN  GET_INPUT            area_wfp=74003ECC ret_pc=7016AA66 real_wsp=7000114C (was 74003EBE) shadow_wsp=7000114C master_wfp=7000115A depth=0
redirect seq=002825 caller=QUEST2 WSAVS GET_INPUT            pc=7016AA35 area_wfp=74003ECC argc=1 frame=41 real_wsp=70001150 shadow_wsp=700011AC master_wfp=7000115A ret=70178270 depth=1
redirect seq=002833 caller=QUEST2 WRTN  GET_INPUT            area_wfp=74003ECC ret_pc=7016AA66 real_wsp=7000114C (was 74003EBE) shadow_wsp=7000114C master_wfp=7000115A depth=0
redirect seq=002837 caller=QUEST2 WSAVS OWNS                 pc=70175CBF area_wfp=7400711E argc=2 frame=3 real_wsp=70001152 shadow_wsp=70001162 master_wfp=7000115C ret=7017853B depth=1
redirect seq=002838 caller=QUEST2 WRTN  OWNS                 area_wfp=7400711E ret_pc=70175CEB real_wsp=7000114C (was 7400710E) shadow_wsp=7000114C master_wfp=7000115C depth=0
redirect seq=002840 caller=QUEST2 WSAVS STORMS_AT_SEA        pc=7017A695 area_wfp=74007ADC argc=1 frame=23 real_wsp=70001150 shadow_wsp=70001188 master_wfp=7000115A ret=7017880C depth=1
redirect seq=002843 caller=QUEST2 WRTN  STORMS_AT_SEA        area_wfp=74007ADC ret_pc=7017A7D4 real_wsp=7000114C (was 74007ACE) shadow_wsp=7000114C master_wfp=7000115A depth=0
redirect seq=002845 caller=QUEST2 WSAVS MOVE_FAMILIAR        pc=7016FC67 area_wfp=74005F4C argc=1 frame=97 real_wsp=70001150 shadow_wsp=7000121C master_wfp=7000115A ret=70178813 depth=1
redirect seq=002846 caller=QUEST2 WRTN  MOVE_FAMILIAR        area_wfp=74005F4C ret_pc=70170104 real_wsp=7000114C (was 74005F3E) shadow_wsp=7000114C master_wfp=7000115A depth=0
redirect seq=002848 caller=QUEST2 WSAVS SIGNAL_TURN          pc=70177BED area_wfp=740077BA argc=0 frame=13 real_wsp=7000114E shadow_wsp=70001172 master_wfp=70001158 ret=70178841 depth=1
redirect seq=002865 caller=QUEST2 WRTN  SIGNAL_TURN          area_wfp=740077BA ret_pc=70177F31 real_wsp=7000114C (was 740077AE) shadow_wsp=7000114C master_wfp=70001158 depth=0
redirect seq=002875 caller=QUEST2 WSAVS REGEN_SPELLS         pc=70176797 area_wfp=7400730A argc=0 frame=6 real_wsp=7000114E shadow_wsp=70001164 master_wfp=70001158 ret=70178869 depth=1
redirect seq=002877 caller=QUEST2 WRTN  REGEN_SPELLS         area_wfp=7400730A ret_pc=70176A15 real_wsp=7000114C (was 740072FE) shadow_wsp=7000114C master_wfp=70001158 depth=0
redirect seq=002883 caller=QUEST2 WSAVS DIST                 pc=70168717 area_wfp=74003962 argc=4 frame=0 real_wsp=700015AA shadow_wsp=700015B4 master_wfp=700015B4 ret=70166B8A depth=1
redirect seq=002885 caller=QUEST2 WRTN  DIST                 area_wfp=74003962 ret_pc=70168732 real_wsp=700015A0 (was 7400394E) shadow_wsp=700015A0 master_wfp=700015B4 depth=0
redirect seq=002887 caller=QUEST2 WSAVS DIST                 pc=70168717 area_wfp=74003962 argc=4 frame=0 real_wsp=700015AA shadow_wsp=700015B4 master_wfp=700015B4 ret=70166B8A depth=1
redirect seq=002889 caller=QUEST2 WRTN  DIST                 area_wfp=74003962 ret_pc=70168732 real_wsp=700015A0 (was 7400394E) shadow_wsp=700015A0 master_wfp=700015B4 depth=0
redirect seq=002891 caller=QUEST2 WSAVS DIST                 pc=70168717 area_wfp=74003962 argc=4 frame=0 real_wsp=700015AA shadow_wsp=700015B4 master_wfp=700015B4 ret=70166B8A depth=1
redirect seq=002893 caller=QUEST2 WRTN  DIST                 area_wfp=74003962 ret_pc=70168732 real_wsp=700015A0 (was 7400394E) shadow_wsp=700015A0 master_wfp=700015B4 depth=0
redirect seq=002898 caller=QUEST2 WSAVS DIST                 pc=70168717 area_wfp=74003962 argc=4 frame=0 real_wsp=700015AA shadow_wsp=700015B4 master_wfp=700015B4 ret=70166E20 depth=1
redirect seq=002900 caller=QUEST2 WRTN  DIST                 area_wfp=74003962 ret_pc=70168732 real_wsp=700015A0 (was 7400394E) shadow_wsp=700015A0 master_wfp=700015B4 depth=0
redirect seq=002902 caller=QUEST2 WSAVS DIST                 pc=70168717 area_wfp=74003962 argc=4 frame=0 real_wsp=700015AA shadow_wsp=700015B4 master_wfp=700015B4 ret=70166E20 depth=1
redirect seq=002904 caller=QUEST2 WRTN  DIST                 area_wfp=74003962 ret_pc=70168732 real_wsp=700015A0 (was 7400394E) shadow_wsp=700015A0 master_wfp=700015B4 depth=0
redirect seq=002906 caller=QUEST2 WSAVS DIST                 pc=70168717 area_wfp=74003962 argc=4 frame=0 real_wsp=700015AA shadow_wsp=700015B4 master_wfp=700015B4 ret=70166E20 depth=1
redirect seq=002908 caller=QUEST2 WRTN  DIST                 area_wfp=74003962 ret_pc=70168732 real_wsp=700015A0 (was 7400394E) shadow_wsp=700015A0 master_wfp=700015B4 depth=0
redirect seq=002913 caller=QUEST2 WSAVS DIST                 pc=70168717 area_wfp=74003962 argc=4 frame=0 real_wsp=700015AA shadow_wsp=700015B4 master_wfp=700015B4 ret=70166E20 depth=1
redirect seq=002915 caller=QUEST2 WRTN  DIST                 area_wfp=74003962 ret_pc=70168732 real_wsp=700015A0 (was 7400394E) shadow_wsp=700015A0 master_wfp=700015B4 depth=0
redirect seq=002917 caller=QUEST2 WSAVS DIST                 pc=70168717 area_wfp=74003962 argc=4 frame=0 real_wsp=700015AA shadow_wsp=700015B4 master_wfp=700015B4 ret=70166E20 depth=1
redirect seq=002919 caller=QUEST2 WRTN  DIST                 area_wfp=74003962 ret_pc=70168732 real_wsp=700015A0 (was 7400394E) shadow_wsp=700015A0 master_wfp=700015B4 depth=0
redirect seq=002921 caller=QUEST2 WSAVS DIST                 pc=70168717 area_wfp=74003962 argc=4 frame=0 real_wsp=700015AA shadow_wsp=700015B4 master_wfp=700015B4 ret=70166E20 depth=1
redirect seq=002923 caller=QUEST2 WRTN  DIST                 area_wfp=74003962 ret_pc=70168732 real_wsp=700015A0 (was 7400394E) shadow_wsp=700015A0 master_wfp=700015B4 depth=0
redirect seq=002927 caller=QUEST2 WSAVS DIST                 pc=70168717 area_wfp=74003962 argc=4 frame=0 real_wsp=700015AA shadow_wsp=700015B4 master_wfp=700015B4 ret=70166E20 depth=1
redirect seq=002929 caller=QUEST2 WRTN  DIST                 area_wfp=74003962 ret_pc=70168732 real_wsp=700015A0 (was 7400394E) shadow_wsp=700015A0 master_wfp=700015B4 depth=0
redirect seq=002931 caller=QUEST2 WSAVS DIST                 pc=70168717 area_wfp=74003962 argc=4 frame=0 real_wsp=700015AA shadow_wsp=700015B4 master_wfp=700015B4 ret=70166E20 depth=1
redirect seq=002934 caller=QUEST2 WRTN  DIST                 area_wfp=74003962 ret_pc=70168732 real_wsp=700015A0 (was 7400394E) shadow_wsp=700015A0 master_wfp=700015B4 depth=0
redirect seq=002936 caller=QUEST2 WSAVS DIST                 pc=70168717 area_wfp=74003962 argc=4 frame=0 real_wsp=700015AA shadow_wsp=700015B4 master_wfp=700015B4 ret=70166E20 depth=1
redirect seq=002938 caller=QUEST2 WRTN  DIST                 area_wfp=74003962 ret_pc=70168732 real_wsp=700015A0 (was 7400394E) shadow_wsp=700015A0 master_wfp=700015B4 depth=0
redirect seq=002943 caller=QUEST2 WSAVS DIST                 pc=70168717 area_wfp=74003962 argc=4 frame=0 real_wsp=700015AA shadow_wsp=700015B4 master_wfp=700015B4 ret=70166E20 depth=1
redirect seq=002945 caller=QUEST2 WRTN  DIST                 area_wfp=74003962 ret_pc=70168732 real_wsp=700015A0 (was 7400394E) shadow_wsp=700015A0 master_wfp=700015B4 depth=0
redirect seq=002947 caller=QUEST2 WSAVS DIST                 pc=70168717 area_wfp=74003962 argc=4 frame=0 real_wsp=700015AA shadow_wsp=700015B4 master_wfp=700015B4 ret=70166E20 depth=1
redirect seq=002949 caller=QUEST2 WRTN  DIST                 area_wfp=74003962 ret_pc=70168732 real_wsp=700015A0 (was 7400394E) shadow_wsp=700015A0 master_wfp=700015B4 depth=0
redirect seq=002951 caller=QUEST2 WSAVS DIST                 pc=70168717 area_wfp=74003962 argc=4 frame=0 real_wsp=700015AA shadow_wsp=700015B4 master_wfp=700015B4 ret=70166E20 depth=1
redirect seq=002953 caller=QUEST2 WRTN  DIST                 area_wfp=74003962 ret_pc=70168732 real_wsp=700015A0 (was 7400394E) shadow_wsp=700015A0 master_wfp=700015B4 depth=0
redirect seq=002958 caller=QUEST2 WSAVS DIST                 pc=70168717 area_wfp=74003962 argc=4 frame=0 real_wsp=700015AA shadow_wsp=700015B4 master_wfp=700015B4 ret=70166E20 depth=1
redirect seq=002960 caller=QUEST2 WRTN  DIST                 area_wfp=74003962 ret_pc=70168732 real_wsp=700015A0 (was 7400394E) shadow_wsp=700015A0 master_wfp=700015B4 depth=0
redirect seq=002962 caller=QUEST2 WSAVS DIST                 pc=70168717 area_wfp=74003962 argc=4 frame=0 real_wsp=700015AA shadow_wsp=700015B4 master_wfp=700015B4 ret=70166E20 depth=1
redirect seq=002964 caller=QUEST2 WRTN  DIST                 area_wfp=74003962 ret_pc=70168732 real_wsp=700015A0 (was 7400394E) shadow_wsp=700015A0 master_wfp=700015B4 depth=0
redirect seq=002966 caller=QUEST2 WSAVS DIST                 pc=70168717 area_wfp=74003962 argc=4 frame=0 real_wsp=700015AA shadow_wsp=700015B4 master_wfp=700015B4 ret=70166E20 depth=1
redirect seq=002969 caller=QUEST2 WRTN  DIST                 area_wfp=74003962 ret_pc=70168732 real_wsp=700015A0 (was 7400394E) shadow_wsp=700015A0 master_wfp=700015B4 depth=0
redirect seq=002971 caller=QUEST2 WSAVS DIST                 pc=70168717 area_wfp=74003962 argc=4 frame=0 real_wsp=700015AA shadow_wsp=700015B4 master_wfp=700015B4 ret=70166E20 depth=1
redirect seq=002975 caller=QUEST2 WRTN  DIST                 area_wfp=74003962 ret_pc=70168732 real_wsp=700015A0 (was 7400394E) shadow_wsp=700015A0 master_wfp=700015B4 depth=0
redirect seq=002977 caller=QUEST2 WSAVS DIST                 pc=70168717 area_wfp=74003962 argc=4 frame=0 real_wsp=700015AA shadow_wsp=700015B4 master_wfp=700015B4 ret=70166E20 depth=1
redirect seq=002979 caller=QUEST2 WRTN  DIST                 area_wfp=74003962 ret_pc=70168732 real_wsp=700015A0 (was 7400394E) shadow_wsp=700015A0 master_wfp=700015B4 depth=0
redirect seq=002981 caller=QUEST2 WSAVS DIST                 pc=70168717 area_wfp=74003962 argc=4 frame=0 real_wsp=700015AA shadow_wsp=700015B4 master_wfp=700015B4 ret=70166E20 depth=1
redirect seq=002983 caller=QUEST2 WRTN  DIST                 area_wfp=74003962 ret_pc=70168732 real_wsp=700015A0 (was 7400394E) shadow_wsp=700015A0 master_wfp=700015B4 depth=0
redirect seq=002988 caller=QUEST2 WSAVS DIST                 pc=70168717 area_wfp=74003962 argc=4 frame=0 real_wsp=700015AA shadow_wsp=700015B4 master_wfp=700015B4 ret=70166E20 depth=1
redirect seq=002990 caller=QUEST2 WRTN  DIST                 area_wfp=74003962 ret_pc=70168732 real_wsp=700015A0 (was 7400394E) shadow_wsp=700015A0 master_wfp=700015B4 depth=0
redirect seq=002992 caller=QUEST2 WSAVS DIST                 pc=70168717 area_wfp=74003962 argc=4 frame=0 real_wsp=700015AA shadow_wsp=700015B4 master_wfp=700015B4 ret=70166E20 depth=1
redirect seq=002994 caller=QUEST2 WRTN  DIST                 area_wfp=74003962 ret_pc=70168732 real_wsp=700015A0 (was 7400394E) shadow_wsp=700015A0 master_wfp=700015B4 depth=0
redirect seq=002996 caller=QUEST2 WSAVS DIST                 pc=70168717 area_wfp=74003962 argc=4 frame=0 real_wsp=700015AA shadow_wsp=700015B4 master_wfp=700015B4 ret=70166E20 depth=1
redirect seq=002998 caller=QUEST2 WRTN  DIST                 area_wfp=74003962 ret_pc=70168732 real_wsp=700015A0 (was 7400394E) shadow_wsp=700015A0 master_wfp=700015B4 depth=0
redirect seq=003002 caller=QUEST2 WSAVS DIST                 pc=70168717 area_wfp=74003962 argc=4 frame=0 real_wsp=700015AA shadow_wsp=700015B4 master_wfp=700015B4 ret=70166E20 depth=1
redirect seq=003004 caller=QUEST2 WRTN  DIST                 area_wfp=74003962 ret_pc=70168732 real_wsp=700015A0 (was 7400394E) shadow_wsp=700015A0 master_wfp=700015B4 depth=0
redirect seq=003006 caller=QUEST2 WSAVS DIST                 pc=70168717 area_wfp=74003962 argc=4 frame=0 real_wsp=700015AA shadow_wsp=700015B4 master_wfp=700015B4 ret=70166E20 depth=1
redirect seq=003008 caller=QUEST2 WRTN  DIST                 area_wfp=74003962 ret_pc=70168732 real_wsp=700015A0 (was 7400394E) shadow_wsp=700015A0 master_wfp=700015B4 depth=0
redirect seq=003011 caller=QUEST2 WSAVS DIST                 pc=70168717 area_wfp=74003962 argc=4 frame=0 real_wsp=700015AA shadow_wsp=700015B4 master_wfp=700015B4 ret=70166E20 depth=1
redirect seq=003013 caller=QUEST2 WRTN  DIST                 area_wfp=74003962 ret_pc=70168732 real_wsp=700015A0 (was 7400394E) shadow_wsp=700015A0 master_wfp=700015B4 depth=0
redirect seq=003018 caller=QUEST2 WSAVS DIST                 pc=70168717 area_wfp=74003962 argc=4 frame=0 real_wsp=700015AA shadow_wsp=700015B4 master_wfp=700015B4 ret=70166E20 depth=1
redirect seq=003020 caller=QUEST2 WRTN  DIST                 area_wfp=74003962 ret_pc=70168732 real_wsp=700015A0 (was 7400394E) shadow_wsp=700015A0 master_wfp=700015B4 depth=0
redirect seq=003022 caller=QUEST2 WSAVS DIST                 pc=70168717 area_wfp=74003962 argc=4 frame=0 real_wsp=700015AA shadow_wsp=700015B4 master_wfp=700015B4 ret=70166E20 depth=1
redirect seq=003024 caller=QUEST2 WRTN  DIST                 area_wfp=74003962 ret_pc=70168732 real_wsp=700015A0 (was 7400394E) shadow_wsp=700015A0 master_wfp=700015B4 depth=0
redirect seq=003026 caller=QUEST2 WSAVS DIST                 pc=70168717 area_wfp=74003962 argc=4 frame=0 real_wsp=700015AA shadow_wsp=700015B4 master_wfp=700015B4 ret=70166E20 depth=1
redirect seq=003028 caller=QUEST2 WRTN  DIST                 area_wfp=74003962 ret_pc=70168732 real_wsp=700015A0 (was 7400394E) shadow_wsp=700015A0 master_wfp=700015B4 depth=0
redirect seq=003033 caller=QUEST2 WSAVS DIST                 pc=70168717 area_wfp=74003962 argc=4 frame=0 real_wsp=700015AA shadow_wsp=700015B4 master_wfp=700015B4 ret=70166E20 depth=1
redirect seq=003035 caller=QUEST2 WRTN  DIST                 area_wfp=74003962 ret_pc=70168732 real_wsp=700015A0 (was 7400394E) shadow_wsp=700015A0 master_wfp=700015B4 depth=0
redirect seq=003037 caller=QUEST2 WSAVS DIST                 pc=70168717 area_wfp=74003962 argc=4 frame=0 real_wsp=700015AA shadow_wsp=700015B4 master_wfp=700015B4 ret=70166E20 depth=1
redirect seq=003039 caller=QUEST2 WRTN  DIST                 area_wfp=74003962 ret_pc=70168732 real_wsp=700015A0 (was 7400394E) shadow_wsp=700015A0 master_wfp=700015B4 depth=0
redirect seq=003041 caller=QUEST2 WSAVS DIST                 pc=70168717 area_wfp=74003962 argc=4 frame=0 real_wsp=700015AA shadow_wsp=700015B4 master_wfp=700015B4 ret=70166E20 depth=1
redirect seq=003043 caller=QUEST2 WRTN  DIST                 area_wfp=74003962 ret_pc=70168732 real_wsp=700015A0 (was 7400394E) shadow_wsp=700015A0 master_wfp=700015B4 depth=0
redirect seq=003046 caller=QUEST2 WSAVS DIST                 pc=70168717 area_wfp=74003962 argc=4 frame=0 real_wsp=700015AA shadow_wsp=700015B4 master_wfp=700015B4 ret=70166E20 depth=1
redirect seq=003048 caller=QUEST2 WRTN  DIST                 area_wfp=74003962 ret_pc=70168732 real_wsp=700015A0 (was 7400394E) shadow_wsp=700015A0 master_wfp=700015B4 depth=0
redirect seq=003052 caller=QUEST2 WSAVS DIST                 pc=70168717 area_wfp=74003962 argc=4 frame=0 real_wsp=700015AA shadow_wsp=700015B4 master_wfp=700015B4 ret=70166E20 depth=1
redirect seq=003054 caller=QUEST2 WRTN  DIST                 area_wfp=74003962 ret_pc=70168732 real_wsp=700015A0 (was 7400394E) shadow_wsp=700015A0 master_wfp=700015B4 depth=0
redirect seq=003056 caller=QUEST2 WSAVS DIST                 pc=70168717 area_wfp=74003962 argc=4 frame=0 real_wsp=700015AA shadow_wsp=700015B4 master_wfp=700015B4 ret=70166E20 depth=1
redirect seq=003058 caller=QUEST2 WRTN  DIST                 area_wfp=74003962 ret_pc=70168732 real_wsp=700015A0 (was 7400394E) shadow_wsp=700015A0 master_wfp=700015B4 depth=0
redirect seq=003063 caller=QUEST2 WSAVS DIST                 pc=70168717 area_wfp=74003962 argc=4 frame=0 real_wsp=700015AA shadow_wsp=700015B4 master_wfp=700015B4 ret=70166E20 depth=1
redirect seq=003065 caller=QUEST2 WRTN  DIST                 area_wfp=74003962 ret_pc=70168732 real_wsp=700015A0 (was 7400394E) shadow_wsp=700015A0 master_wfp=700015B4 depth=0
redirect seq=003067 caller=QUEST2 WSAVS DIST                 pc=70168717 area_wfp=74003962 argc=4 frame=0 real_wsp=700015AA shadow_wsp=700015B4 master_wfp=700015B4 ret=70166E20 depth=1
redirect seq=003069 caller=QUEST2 WRTN  DIST                 area_wfp=74003962 ret_pc=70168732 real_wsp=700015A0 (was 7400394E) shadow_wsp=700015A0 master_wfp=700015B4 depth=0
redirect seq=003071 caller=QUEST2 WSAVS DIST                 pc=70168717 area_wfp=74003962 argc=4 frame=0 real_wsp=700015AA shadow_wsp=700015B4 master_wfp=700015B4 ret=70166E20 depth=1
redirect seq=003073 caller=QUEST2 WRTN  DIST                 area_wfp=74003962 ret_pc=70168732 real_wsp=700015A0 (was 7400394E) shadow_wsp=700015A0 master_wfp=700015B4 depth=0
redirect seq=003077 caller=QUEST2 WSAVS DIST                 pc=70168717 area_wfp=74003962 argc=4 frame=0 real_wsp=700015AA shadow_wsp=700015B4 master_wfp=700015B4 ret=70166E20 depth=1
redirect seq=003079 caller=QUEST2 WRTN  DIST                 area_wfp=74003962 ret_pc=70168732 real_wsp=700015A0 (was 7400394E) shadow_wsp=700015A0 master_wfp=700015B4 depth=0
redirect seq=003081 caller=QUEST2 WSAVS DIST                 pc=70168717 area_wfp=74003962 argc=4 frame=0 real_wsp=700015AA shadow_wsp=700015B4 master_wfp=700015B4 ret=70166E20 depth=1
redirect seq=003084 caller=QUEST2 WRTN  DIST                 area_wfp=74003962 ret_pc=70168732 real_wsp=700015A0 (was 7400394E) shadow_wsp=700015A0 master_wfp=700015B4 depth=0
redirect seq=003086 caller=QUEST2 WSAVS DIST                 pc=70168717 area_wfp=74003962 argc=4 frame=0 real_wsp=700015AA shadow_wsp=700015B4 master_wfp=700015B4 ret=70166E20 depth=1
redirect seq=003088 caller=QUEST2 WRTN  DIST                 area_wfp=74003962 ret_pc=70168732 real_wsp=700015A0 (was 7400394E) shadow_wsp=700015A0 master_wfp=700015B4 depth=0
redirect seq=003093 caller=QUEST2 WSAVS DIST                 pc=70168717 area_wfp=74003962 argc=4 frame=0 real_wsp=700015AA shadow_wsp=700015B4 master_wfp=700015B4 ret=70166E20 depth=1
redirect seq=003095 caller=QUEST2 WRTN  DIST                 area_wfp=74003962 ret_pc=70168732 real_wsp=700015A0 (was 7400394E) shadow_wsp=700015A0 master_wfp=700015B4 depth=0
redirect seq=003097 caller=QUEST2 WSAVS DIST                 pc=70168717 area_wfp=74003962 argc=4 frame=0 real_wsp=700015AA shadow_wsp=700015B4 master_wfp=700015B4 ret=70166E20 depth=1
redirect seq=003099 caller=QUEST2 WRTN  DIST                 area_wfp=74003962 ret_pc=70168732 real_wsp=700015A0 (was 7400394E) shadow_wsp=700015A0 master_wfp=700015B4 depth=0
redirect seq=003101 caller=QUEST2 WSAVS DIST                 pc=70168717 area_wfp=74003962 argc=4 frame=0 real_wsp=700015AA shadow_wsp=700015B4 master_wfp=700015B4 ret=70166E20 depth=1
redirect seq=003103 caller=QUEST2 WRTN  DIST                 area_wfp=74003962 ret_pc=70168732 real_wsp=700015A0 (was 7400394E) shadow_wsp=700015A0 master_wfp=700015B4 depth=0
redirect seq=003108 caller=QUEST2 WSAVS DIST                 pc=70168717 area_wfp=74003962 argc=4 frame=0 real_wsp=700015AA shadow_wsp=700015B4 master_wfp=700015B4 ret=70166E20 depth=1
redirect seq=003110 caller=QUEST2 WRTN  DIST                 area_wfp=74003962 ret_pc=70168732 real_wsp=700015A0 (was 7400394E) shadow_wsp=700015A0 master_wfp=700015B4 depth=0
redirect seq=003112 caller=QUEST2 WSAVS DIST                 pc=70168717 area_wfp=74003962 argc=4 frame=0 real_wsp=700015AA shadow_wsp=700015B4 master_wfp=700015B4 ret=70166E20 depth=1
redirect seq=003114 caller=QUEST2 WRTN  DIST                 area_wfp=74003962 ret_pc=70168732 real_wsp=700015A0 (was 7400394E) shadow_wsp=700015A0 master_wfp=700015B4 depth=0
redirect seq=003116 caller=QUEST2 WSAVS DIST                 pc=70168717 area_wfp=74003962 argc=4 frame=0 real_wsp=700015AA shadow_wsp=700015B4 master_wfp=700015B4 ret=70166E20 depth=1
redirect seq=003119 caller=QUEST2 WRTN  DIST                 area_wfp=74003962 ret_pc=70168732 real_wsp=700015A0 (was 7400394E) shadow_wsp=700015A0 master_wfp=700015B4 depth=0
redirect seq=003121 caller=QUEST2 WSAVS DIST                 pc=70168717 area_wfp=74003962 argc=4 frame=0 real_wsp=700015AA shadow_wsp=700015B4 master_wfp=700015B4 ret=70166E20 depth=1
redirect seq=003125 caller=QUEST2 WRTN  DIST                 area_wfp=74003962 ret_pc=70168732 real_wsp=700015A0 (was 7400394E) shadow_wsp=700015A0 master_wfp=700015B4 depth=0
redirect seq=003127 caller=QUEST2 WSAVS DIST                 pc=70168717 area_wfp=74003962 argc=4 frame=0 real_wsp=700015AA shadow_wsp=700015B4 master_wfp=700015B4 ret=70166E20 depth=1
redirect seq=003129 caller=QUEST2 WRTN  DIST                 area_wfp=74003962 ret_pc=70168732 real_wsp=700015A0 (was 7400394E) shadow_wsp=700015A0 master_wfp=700015B4 depth=0
redirect seq=003131 caller=QUEST2 WSAVS DIST                 pc=70168717 area_wfp=74003962 argc=4 frame=0 real_wsp=700015AA shadow_wsp=700015B4 master_wfp=700015B4 ret=70166E20 depth=1
redirect seq=003133 caller=QUEST2 WRTN  DIST                 area_wfp=74003962 ret_pc=70168732 real_wsp=700015A0 (was 7400394E) shadow_wsp=700015A0 master_wfp=700015B4 depth=0
redirect seq=003138 caller=QUEST2 WSAVS DIST                 pc=70168717 area_wfp=74003962 argc=4 frame=0 real_wsp=700015AA shadow_wsp=700015B4 master_wfp=700015B4 ret=70166E20 depth=1
redirect seq=003140 caller=QUEST2 WRTN  DIST                 area_wfp=74003962 ret_pc=70168732 real_wsp=700015A0 (was 7400394E) shadow_wsp=700015A0 master_wfp=700015B4 depth=0
redirect seq=003142 caller=QUEST2 WSAVS DIST                 pc=70168717 area_wfp=74003962 argc=4 frame=0 real_wsp=700015AA shadow_wsp=700015B4 master_wfp=700015B4 ret=70166E20 depth=1
redirect seq=003144 caller=QUEST2 WRTN  DIST                 area_wfp=74003962 ret_pc=70168732 real_wsp=700015A0 (was 7400394E) shadow_wsp=700015A0 master_wfp=700015B4 depth=0
redirect seq=003146 caller=QUEST2 WSAVS DIST                 pc=70168717 area_wfp=74003962 argc=4 frame=0 real_wsp=700015AA shadow_wsp=700015B4 master_wfp=700015B4 ret=70166E20 depth=1
redirect seq=003148 caller=QUEST2 WRTN  DIST                 area_wfp=74003962 ret_pc=70168732 real_wsp=700015A0 (was 7400394E) shadow_wsp=700015A0 master_wfp=700015B4 depth=0
redirect seq=003152 caller=QUEST2 WSAVS DIST                 pc=70168717 area_wfp=74003962 argc=4 frame=0 real_wsp=700015AA shadow_wsp=700015B4 master_wfp=700015B4 ret=70166E20 depth=1
redirect seq=003154 caller=QUEST2 WRTN  DIST                 area_wfp=74003962 ret_pc=70168732 real_wsp=700015A0 (was 7400394E) shadow_wsp=700015A0 master_wfp=700015B4 depth=0
redirect seq=003156 caller=QUEST2 WSAVS DIST                 pc=70168717 area_wfp=74003962 argc=4 frame=0 real_wsp=700015AA shadow_wsp=700015B4 master_wfp=700015B4 ret=70166E20 depth=1
redirect seq=003158 caller=QUEST2 WRTN  DIST                 area_wfp=74003962 ret_pc=70168732 real_wsp=700015A0 (was 7400394E) shadow_wsp=700015A0 master_wfp=700015B4 depth=0
redirect seq=003161 caller=QUEST2 WSAVS DIST                 pc=70168717 area_wfp=74003962 argc=4 frame=0 real_wsp=700015AA shadow_wsp=700015B4 master_wfp=700015B4 ret=70166E20 depth=1
redirect seq=003163 caller=QUEST2 WRTN  DIST                 area_wfp=74003962 ret_pc=70168732 real_wsp=700015A0 (was 7400394E) shadow_wsp=700015A0 master_wfp=700015B4 depth=0
redirect seq=003168 caller=QUEST2 WSAVS DIST                 pc=70168717 area_wfp=74003962 argc=4 frame=0 real_wsp=700015AA shadow_wsp=700015B4 master_wfp=700015B4 ret=70166E20 depth=1
redirect seq=003170 caller=QUEST2 WRTN  DIST                 area_wfp=74003962 ret_pc=70168732 real_wsp=700015A0 (was 7400394E) shadow_wsp=700015A0 master_wfp=700015B4 depth=0
redirect seq=003172 caller=QUEST2 WSAVS DIST                 pc=70168717 area_wfp=74003962 argc=4 frame=0 real_wsp=700015AA shadow_wsp=700015B4 master_wfp=700015B4 ret=70166E20 depth=1
redirect seq=003174 caller=QUEST2 WRTN  DIST                 area_wfp=74003962 ret_pc=70168732 real_wsp=700015A0 (was 7400394E) shadow_wsp=700015A0 master_wfp=700015B4 depth=0
redirect seq=003176 caller=QUEST2 WSAVS DIST                 pc=70168717 area_wfp=74003962 argc=4 frame=0 real_wsp=700015AA shadow_wsp=700015B4 master_wfp=700015B4 ret=70166E20 depth=1
redirect seq=003178 caller=QUEST2 WRTN  DIST                 area_wfp=74003962 ret_pc=70168732 real_wsp=700015A0 (was 7400394E) shadow_wsp=700015A0 master_wfp=700015B4 depth=0
redirect seq=003183 caller=QUEST2 WSAVS DIST                 pc=70168717 area_wfp=74003962 argc=4 frame=0 real_wsp=700015AA shadow_wsp=700015B4 master_wfp=700015B4 ret=70166E20 depth=1
redirect seq=003185 caller=QUEST2 WRTN  DIST                 area_wfp=74003962 ret_pc=70168732 real_wsp=700015A0 (was 7400394E) shadow_wsp=700015A0 master_wfp=700015B4 depth=0
redirect seq=003187 caller=QUEST2 WSAVS DIST                 pc=70168717 area_wfp=74003962 argc=4 frame=0 real_wsp=700015AA shadow_wsp=700015B4 master_wfp=700015B4 ret=70166E20 depth=1
redirect seq=003189 caller=QUEST2 WRTN  DIST                 area_wfp=74003962 ret_pc=70168732 real_wsp=700015A0 (was 7400394E) shadow_wsp=700015A0 master_wfp=700015B4 depth=0
redirect seq=003191 caller=QUEST2 WSAVS DIST                 pc=70168717 area_wfp=74003962 argc=4 frame=0 real_wsp=700015AA shadow_wsp=700015B4 master_wfp=700015B4 ret=70166E20 depth=1
redirect seq=003193 caller=QUEST2 WRTN  DIST                 area_wfp=74003962 ret_pc=70168732 real_wsp=700015A0 (was 7400394E) shadow_wsp=700015A0 master_wfp=700015B4 depth=0
redirect seq=003196 caller=QUEST2 WSAVS DIST                 pc=70168717 area_wfp=74003962 argc=4 frame=0 real_wsp=700015AA shadow_wsp=700015B4 master_wfp=700015B4 ret=70166E20 depth=1
redirect seq=003198 caller=QUEST2 WRTN  DIST                 area_wfp=74003962 ret_pc=70168732 real_wsp=700015A0 (was 7400394E) shadow_wsp=700015A0 master_wfp=700015B4 depth=0
redirect seq=003202 caller=QUEST2 WSAVS DIST                 pc=70168717 area_wfp=74003962 argc=4 frame=0 real_wsp=700015AA shadow_wsp=700015B4 master_wfp=700015B4 ret=70166E20 depth=1
redirect seq=003204 caller=QUEST2 WRTN  DIST                 area_wfp=74003962 ret_pc=70168732 real_wsp=700015A0 (was 7400394E) shadow_wsp=700015A0 master_wfp=700015B4 depth=0
redirect seq=003206 caller=QUEST2 WSAVS DIST                 pc=70168717 area_wfp=74003962 argc=4 frame=0 real_wsp=700015AA shadow_wsp=700015B4 master_wfp=700015B4 ret=70166E20 depth=1
redirect seq=003208 caller=QUEST2 WRTN  DIST                 area_wfp=74003962 ret_pc=70168732 real_wsp=700015A0 (was 7400394E) shadow_wsp=700015A0 master_wfp=700015B4 depth=0
redirect seq=003213 caller=QUEST2 WSAVS DIST                 pc=70168717 area_wfp=74003962 argc=4 frame=0 real_wsp=700015AA shadow_wsp=700015B4 master_wfp=700015B4 ret=70166E20 depth=1
redirect seq=003215 caller=QUEST2 WRTN  DIST                 area_wfp=74003962 ret_pc=70168732 real_wsp=700015A0 (was 7400394E) shadow_wsp=700015A0 master_wfp=700015B4 depth=0
redirect seq=003217 caller=QUEST2 WSAVS DIST                 pc=70168717 area_wfp=74003962 argc=4 frame=0 real_wsp=700015AA shadow_wsp=700015B4 master_wfp=700015B4 ret=70166E20 depth=1
redirect seq=003219 caller=QUEST2 WRTN  DIST                 area_wfp=74003962 ret_pc=70168732 real_wsp=700015A0 (was 7400394E) shadow_wsp=700015A0 master_wfp=700015B4 depth=0
redirect seq=003221 caller=QUEST2 WSAVS DIST                 pc=70168717 area_wfp=74003962 argc=4 frame=0 real_wsp=700015AA shadow_wsp=700015B4 master_wfp=700015B4 ret=70166E20 depth=1
redirect seq=003223 caller=QUEST2 WRTN  DIST                 area_wfp=74003962 ret_pc=70168732 real_wsp=700015A0 (was 7400394E) shadow_wsp=700015A0 master_wfp=700015B4 depth=0
redirect seq=003227 caller=QUEST2 WSAVS DIST                 pc=70168717 area_wfp=74003962 argc=4 frame=0 real_wsp=700015AA shadow_wsp=700015B4 master_wfp=700015B4 ret=70166E20 depth=1
redirect seq=003229 caller=QUEST2 WRTN  DIST                 area_wfp=74003962 ret_pc=70168732 real_wsp=700015A0 (was 7400394E) shadow_wsp=700015A0 master_wfp=700015B4 depth=0
redirect seq=003231 caller=QUEST2 WSAVS DIST                 pc=70168717 area_wfp=74003962 argc=4 frame=0 real_wsp=700015AA shadow_wsp=700015B4 master_wfp=700015B4 ret=70166E20 depth=1
redirect seq=003234 caller=QUEST2 WRTN  DIST                 area_wfp=74003962 ret_pc=70168732 real_wsp=700015A0 (was 7400394E) shadow_wsp=700015A0 master_wfp=700015B4 depth=0
redirect seq=003236 caller=QUEST2 WSAVS DIST                 pc=70168717 area_wfp=74003962 argc=4 frame=0 real_wsp=700015AA shadow_wsp=700015B4 master_wfp=700015B4 ret=70166E20 depth=1
redirect seq=003238 caller=QUEST2 WRTN  DIST                 area_wfp=74003962 ret_pc=70168732 real_wsp=700015A0 (was 7400394E) shadow_wsp=700015A0 master_wfp=700015B4 depth=0
redirect seq=003243 caller=QUEST2 WSAVS DIST                 pc=70168717 area_wfp=74003962 argc=4 frame=0 real_wsp=700015AA shadow_wsp=700015B4 master_wfp=700015B4 ret=70166E20 depth=1
redirect seq=003245 caller=QUEST2 WRTN  DIST                 area_wfp=74003962 ret_pc=70168732 real_wsp=700015A0 (was 7400394E) shadow_wsp=700015A0 master_wfp=700015B4 depth=0
redirect seq=003247 caller=QUEST2 WSAVS DIST                 pc=70168717 area_wfp=74003962 argc=4 frame=0 real_wsp=700015AA shadow_wsp=700015B4 master_wfp=700015B4 ret=70166E20 depth=1
redirect seq=003249 caller=QUEST2 WRTN  DIST                 area_wfp=74003962 ret_pc=70168732 real_wsp=700015A0 (was 7400394E) shadow_wsp=700015A0 master_wfp=700015B4 depth=0
redirect seq=003251 caller=QUEST2 WSAVS DIST                 pc=70168717 area_wfp=74003962 argc=4 frame=0 real_wsp=700015AA shadow_wsp=700015B4 master_wfp=700015B4 ret=70166E20 depth=1
redirect seq=003253 caller=QUEST2 WRTN  DIST                 area_wfp=74003962 ret_pc=70168732 real_wsp=700015A0 (was 7400394E) shadow_wsp=700015A0 master_wfp=700015B4 depth=0
redirect seq=003257 caller=QUEST2 WSAVS DIST                 pc=70168717 area_wfp=74003962 argc=4 frame=0 real_wsp=700015AA shadow_wsp=700015B4 master_wfp=700015B4 ret=70166E20 depth=1
redirect seq=003259 caller=QUEST2 WRTN  DIST                 area_wfp=74003962 ret_pc=70168732 real_wsp=700015A0 (was 7400394E) shadow_wsp=700015A0 master_wfp=700015B4 depth=0
redirect seq=003261 caller=QUEST2 WSAVS DIST                 pc=70168717 area_wfp=74003962 argc=4 frame=0 real_wsp=700015AA shadow_wsp=700015B4 master_wfp=700015B4 ret=70166E20 depth=1
redirect seq=003264 caller=QUEST2 WRTN  DIST                 area_wfp=74003962 ret_pc=70168732 real_wsp=700015A0 (was 7400394E) shadow_wsp=700015A0 master_wfp=700015B4 depth=0
redirect seq=003266 caller=QUEST2 WSAVS DIST                 pc=70168717 area_wfp=74003962 argc=4 frame=0 real_wsp=700015AA shadow_wsp=700015B4 master_wfp=700015B4 ret=70166E20 depth=1
redirect seq=003268 caller=QUEST2 WRTN  DIST                 area_wfp=74003962 ret_pc=70168732 real_wsp=700015A0 (was 7400394E) shadow_wsp=700015A0 master_wfp=700015B4 depth=0
redirect seq=003273 caller=QUEST2 WSAVS DIST                 pc=70168717 area_wfp=74003962 argc=4 frame=0 real_wsp=700015AA shadow_wsp=700015B4 master_wfp=700015B4 ret=70166E20 depth=1
redirect seq=003275 caller=QUEST2 WRTN  DIST                 area_wfp=74003962 ret_pc=70168732 real_wsp=700015A0 (was 7400394E) shadow_wsp=700015A0 master_wfp=700015B4 depth=0
redirect seq=003277 caller=QUEST2 WSAVS DIST                 pc=70168717 area_wfp=74003962 argc=4 frame=0 real_wsp=700015AA shadow_wsp=700015B4 master_wfp=700015B4 ret=70166E20 depth=1
redirect seq=003279 caller=QUEST2 WRTN  DIST                 area_wfp=74003962 ret_pc=70168732 real_wsp=700015A0 (was 7400394E) shadow_wsp=700015A0 master_wfp=700015B4 depth=0
redirect seq=003281 caller=QUEST2 WSAVS DIST                 pc=70168717 area_wfp=74003962 argc=4 frame=0 real_wsp=700015AA shadow_wsp=700015B4 master_wfp=700015B4 ret=70166E20 depth=1
redirect seq=003283 caller=QUEST2 WRTN  DIST                 area_wfp=74003962 ret_pc=70168732 real_wsp=700015A0 (was 7400394E) shadow_wsp=700015A0 master_wfp=700015B4 depth=0
redirect seq=003288 caller=QUEST2 WSAVS DIST                 pc=70168717 area_wfp=74003962 argc=4 frame=0 real_wsp=700015AA shadow_wsp=700015B4 master_wfp=700015B4 ret=70166E20 depth=1
redirect seq=003290 caller=QUEST2 WRTN  DIST                 area_wfp=74003962 ret_pc=70168732 real_wsp=700015A0 (was 7400394E) shadow_wsp=700015A0 master_wfp=700015B4 depth=0
redirect seq=003292 caller=QUEST2 WSAVS DIST                 pc=70168717 area_wfp=74003962 argc=4 frame=0 real_wsp=700015AA shadow_wsp=700015B4 master_wfp=700015B4 ret=70166E20 depth=1
redirect seq=003294 caller=QUEST2 WRTN  DIST                 area_wfp=74003962 ret_pc=70168732 real_wsp=700015A0 (was 7400394E) shadow_wsp=700015A0 master_wfp=700015B4 depth=0
redirect seq=003296 caller=QUEST2 WSAVS DIST                 pc=70168717 area_wfp=74003962 argc=4 frame=0 real_wsp=700015AA shadow_wsp=700015B4 master_wfp=700015B4 ret=70166E20 depth=1
redirect seq=003299 caller=QUEST2 WRTN  DIST                 area_wfp=74003962 ret_pc=70168732 real_wsp=700015A0 (was 7400394E) shadow_wsp=700015A0 master_wfp=700015B4 depth=0
redirect seq=003301 caller=QUEST2 WSAVS DIST                 pc=70168717 area_wfp=74003962 argc=4 frame=0 real_wsp=700015AA shadow_wsp=700015B4 master_wfp=700015B4 ret=70166E20 depth=1
redirect seq=003303 caller=QUEST2 WRTN  DIST                 area_wfp=74003962 ret_pc=70168732 real_wsp=700015A0 (was 7400394E) shadow_wsp=700015A0 master_wfp=700015B4 depth=0
redirect seq=003307 caller=QUEST2 WSAVS DIST                 pc=70168717 area_wfp=74003962 argc=4 frame=0 real_wsp=700015AA shadow_wsp=700015B4 master_wfp=700015B4 ret=70166E20 depth=1
redirect seq=003309 caller=QUEST2 WRTN  DIST                 area_wfp=74003962 ret_pc=70168732 real_wsp=700015A0 (was 7400394E) shadow_wsp=700015A0 master_wfp=700015B4 depth=0
redirect seq=003311 caller=QUEST2 WSAVS DIST                 pc=70168717 area_wfp=74003962 argc=4 frame=0 real_wsp=700015AA shadow_wsp=700015B4 master_wfp=700015B4 ret=70166E20 depth=1
redirect seq=003313 caller=QUEST2 WRTN  DIST                 area_wfp=74003962 ret_pc=70168732 real_wsp=700015A0 (was 7400394E) shadow_wsp=700015A0 master_wfp=700015B4 depth=0
redirect seq=003318 caller=QUEST2 WSAVS DIST                 pc=70168717 area_wfp=74003962 argc=4 frame=0 real_wsp=700015AA shadow_wsp=700015B4 master_wfp=700015B4 ret=70166E20 depth=1
redirect seq=003320 caller=QUEST2 WRTN  DIST                 area_wfp=74003962 ret_pc=70168732 real_wsp=700015A0 (was 7400394E) shadow_wsp=700015A0 master_wfp=700015B4 depth=0
redirect seq=003322 caller=QUEST2 WSAVS DIST                 pc=70168717 area_wfp=74003962 argc=4 frame=0 real_wsp=700015AA shadow_wsp=700015B4 master_wfp=700015B4 ret=70166E20 depth=1
redirect seq=003324 caller=QUEST2 WRTN  DIST                 area_wfp=74003962 ret_pc=70168732 real_wsp=700015A0 (was 7400394E) shadow_wsp=700015A0 master_wfp=700015B4 depth=0
redirect seq=003326 caller=QUEST2 WSAVS DIST                 pc=70168717 area_wfp=74003962 argc=4 frame=0 real_wsp=700015AA shadow_wsp=700015B4 master_wfp=700015B4 ret=70166E20 depth=1
redirect seq=003328 caller=QUEST2 WRTN  DIST                 area_wfp=74003962 ret_pc=70168732 real_wsp=700015A0 (was 7400394E) shadow_wsp=700015A0 master_wfp=700015B4 depth=0
redirect seq=003331 caller=QUEST2 WSAVS DIST                 pc=70168717 area_wfp=74003962 argc=4 frame=0 real_wsp=700015AA shadow_wsp=700015B4 master_wfp=700015B4 ret=70166E20 depth=1
redirect seq=003333 caller=QUEST2 WRTN  DIST                 area_wfp=74003962 ret_pc=70168732 real_wsp=700015A0 (was 7400394E) shadow_wsp=700015A0 master_wfp=700015B4 depth=0
redirect seq=003337 caller=QUEST2 WSAVS DIST                 pc=70168717 area_wfp=74003962 argc=4 frame=0 real_wsp=700015AA shadow_wsp=700015B4 master_wfp=700015B4 ret=70166E20 depth=1
redirect seq=003339 caller=QUEST2 WRTN  DIST                 area_wfp=74003962 ret_pc=70168732 real_wsp=700015A0 (was 7400394E) shadow_wsp=700015A0 master_wfp=700015B4 depth=0
redirect seq=003341 caller=QUEST2 WSAVS DIST                 pc=70168717 area_wfp=74003962 argc=4 frame=0 real_wsp=700015AA shadow_wsp=700015B4 master_wfp=700015B4 ret=70166E20 depth=1
redirect seq=003343 caller=QUEST2 WRTN  DIST                 area_wfp=74003962 ret_pc=70168732 real_wsp=700015A0 (was 7400394E) shadow_wsp=700015A0 master_wfp=700015B4 depth=0
redirect seq=003348 caller=QUEST2 WSAVS DIST                 pc=70168717 area_wfp=74003962 argc=4 frame=0 real_wsp=700015AA shadow_wsp=700015B4 master_wfp=700015B4 ret=70166E20 depth=1
redirect seq=003350 caller=QUEST2 WRTN  DIST                 area_wfp=74003962 ret_pc=70168732 real_wsp=700015A0 (was 7400394E) shadow_wsp=700015A0 master_wfp=700015B4 depth=0
redirect seq=003352 caller=QUEST2 WSAVS DIST                 pc=70168717 area_wfp=74003962 argc=4 frame=0 real_wsp=700015AA shadow_wsp=700015B4 master_wfp=700015B4 ret=70166E20 depth=1
redirect seq=003354 caller=QUEST2 WRTN  DIST                 area_wfp=74003962 ret_pc=70168732 real_wsp=700015A0 (was 7400394E) shadow_wsp=700015A0 master_wfp=700015B4 depth=0
redirect seq=003356 caller=QUEST2 WSAVS DIST                 pc=70168717 area_wfp=74003962 argc=4 frame=0 real_wsp=700015AA shadow_wsp=700015B4 master_wfp=700015B4 ret=70166E20 depth=1
redirect seq=003358 caller=QUEST2 WRTN  DIST                 area_wfp=74003962 ret_pc=70168732 real_wsp=700015A0 (was 7400394E) shadow_wsp=700015A0 master_wfp=700015B4 depth=0
redirect seq=003363 caller=QUEST2 WSAVS DIST                 pc=70168717 area_wfp=74003962 argc=4 frame=0 real_wsp=700015AA shadow_wsp=700015B4 master_wfp=700015B4 ret=70166E20 depth=1
redirect seq=003365 caller=QUEST2 WRTN  DIST                 area_wfp=74003962 ret_pc=70168732 real_wsp=700015A0 (was 7400394E) shadow_wsp=700015A0 master_wfp=700015B4 depth=0
redirect seq=003367 caller=QUEST2 WSAVS DIST                 pc=70168717 area_wfp=74003962 argc=4 frame=0 real_wsp=700015AA shadow_wsp=700015B4 master_wfp=700015B4 ret=70166E20 depth=1
redirect seq=003369 caller=QUEST2 WRTN  DIST                 area_wfp=74003962 ret_pc=70168732 real_wsp=700015A0 (was 7400394E) shadow_wsp=700015A0 master_wfp=700015B4 depth=0
redirect seq=003371 caller=QUEST2 WSAVS DIST                 pc=70168717 area_wfp=74003962 argc=4 frame=0 real_wsp=700015AA shadow_wsp=700015B4 master_wfp=700015B4 ret=70166E20 depth=1
redirect seq=003373 caller=QUEST2 WRTN  DIST                 area_wfp=74003962 ret_pc=70168732 real_wsp=700015A0 (was 7400394E) shadow_wsp=700015A0 master_wfp=700015B4 depth=0
redirect seq=003378 caller=QUEST2 WSAVS DIST                 pc=70168717 area_wfp=74003962 argc=4 frame=0 real_wsp=700015AA shadow_wsp=700015B4 master_wfp=700015B4 ret=70166E20 depth=1
redirect seq=003380 caller=QUEST2 WRTN  DIST                 area_wfp=74003962 ret_pc=70168732 real_wsp=700015A0 (was 7400394E) shadow_wsp=700015A0 master_wfp=700015B4 depth=0
redirect seq=003382 caller=QUEST2 WSAVS DIST                 pc=70168717 area_wfp=74003962 argc=4 frame=0 real_wsp=700015AA shadow_wsp=700015B4 master_wfp=700015B4 ret=70166E20 depth=1
redirect seq=003384 caller=QUEST2 WRTN  DIST                 area_wfp=74003962 ret_pc=70168732 real_wsp=700015A0 (was 7400394E) shadow_wsp=700015A0 master_wfp=700015B4 depth=0
redirect seq=003386 caller=QUEST2 WSAVS DIST                 pc=70168717 area_wfp=74003962 argc=4 frame=0 real_wsp=700015AA shadow_wsp=700015B4 master_wfp=700015B4 ret=70166E20 depth=1
redirect seq=003388 caller=QUEST2 WRTN  DIST                 area_wfp=74003962 ret_pc=70168732 real_wsp=700015A0 (was 7400394E) shadow_wsp=700015A0 master_wfp=700015B4 depth=0
redirect seq=003391 caller=QUEST2 WSAVS DIST                 pc=70168717 area_wfp=74003962 argc=4 frame=0 real_wsp=700015AA shadow_wsp=700015B4 master_wfp=700015B4 ret=70166E20 depth=1
redirect seq=003395 caller=QUEST2 WRTN  DIST                 area_wfp=74003962 ret_pc=70168732 real_wsp=700015A0 (was 7400394E) shadow_wsp=700015A0 master_wfp=700015B4 depth=0
redirect seq=003397 caller=QUEST2 WSAVS DIST                 pc=70168717 area_wfp=74003962 argc=4 frame=0 real_wsp=700015AA shadow_wsp=700015B4 master_wfp=700015B4 ret=70166E20 depth=1
redirect seq=003399 caller=QUEST2 WRTN  DIST                 area_wfp=74003962 ret_pc=70168732 real_wsp=700015A0 (was 7400394E) shadow_wsp=700015A0 master_wfp=700015B4 depth=0
redirect seq=003401 caller=QUEST2 WSAVS DIST                 pc=70168717 area_wfp=74003962 argc=4 frame=0 real_wsp=700015AA shadow_wsp=700015B4 master_wfp=700015B4 ret=70166E20 depth=1
redirect seq=003403 caller=QUEST2 WRTN  DIST                 area_wfp=74003962 ret_pc=70168732 real_wsp=700015A0 (was 7400394E) shadow_wsp=700015A0 master_wfp=700015B4 depth=0
redirect seq=003408 caller=QUEST2 WSAVS DIST                 pc=70168717 area_wfp=74003962 argc=4 frame=0 real_wsp=700015AA shadow_wsp=700015B4 master_wfp=700015B4 ret=70166E20 depth=1
redirect seq=003410 caller=QUEST2 WRTN  DIST                 area_wfp=74003962 ret_pc=70168732 real_wsp=700015A0 (was 7400394E) shadow_wsp=700015A0 master_wfp=700015B4 depth=0
redirect seq=003412 caller=QUEST2 WSAVS DIST                 pc=70168717 area_wfp=74003962 argc=4 frame=0 real_wsp=700015AA shadow_wsp=700015B4 master_wfp=700015B4 ret=70166E20 depth=1
redirect seq=003414 caller=QUEST2 WRTN  DIST                 area_wfp=74003962 ret_pc=70168732 real_wsp=700015A0 (was 7400394E) shadow_wsp=700015A0 master_wfp=700015B4 depth=0
redirect seq=003416 caller=QUEST2 WSAVS DIST                 pc=70168717 area_wfp=74003962 argc=4 frame=0 real_wsp=700015AA shadow_wsp=700015B4 master_wfp=700015B4 ret=70166E20 depth=1
redirect seq=003418 caller=QUEST2 WRTN  DIST                 area_wfp=74003962 ret_pc=70168732 real_wsp=700015A0 (was 7400394E) shadow_wsp=700015A0 master_wfp=700015B4 depth=0
redirect seq=003422 caller=QUEST2 WSAVS DIST                 pc=70168717 area_wfp=74003962 argc=4 frame=0 real_wsp=700015AA shadow_wsp=700015B4 master_wfp=700015B4 ret=70166E20 depth=1
redirect seq=003424 caller=QUEST2 WRTN  DIST                 area_wfp=74003962 ret_pc=70168732 real_wsp=700015A0 (was 7400394E) shadow_wsp=700015A0 master_wfp=700015B4 depth=0
redirect seq=003426 caller=QUEST2 WSAVS DIST                 pc=70168717 area_wfp=74003962 argc=4 frame=0 real_wsp=700015AA shadow_wsp=700015B4 master_wfp=700015B4 ret=70166E20 depth=1
redirect seq=003429 caller=QUEST2 WRTN  DIST                 area_wfp=74003962 ret_pc=70168732 real_wsp=700015A0 (was 7400394E) shadow_wsp=700015A0 master_wfp=700015B4 depth=0
redirect seq=003431 caller=QUEST2 WSAVS DIST                 pc=70168717 area_wfp=74003962 argc=4 frame=0 real_wsp=700015AA shadow_wsp=700015B4 master_wfp=700015B4 ret=70166E20 depth=1
redirect seq=003433 caller=QUEST2 WRTN  DIST                 area_wfp=74003962 ret_pc=70168732 real_wsp=700015A0 (was 7400394E) shadow_wsp=700015A0 master_wfp=700015B4 depth=0
redirect seq=003438 caller=QUEST2 WSAVS DIST                 pc=70168717 area_wfp=74003962 argc=4 frame=0 real_wsp=700015AA shadow_wsp=700015B4 master_wfp=700015B4 ret=70166E20 depth=1
redirect seq=003440 caller=QUEST2 WRTN  DIST                 area_wfp=74003962 ret_pc=70168732 real_wsp=700015A0 (was 7400394E) shadow_wsp=700015A0 master_wfp=700015B4 depth=0
redirect seq=003442 caller=QUEST2 WSAVS DIST                 pc=70168717 area_wfp=74003962 argc=4 frame=0 real_wsp=700015AA shadow_wsp=700015B4 master_wfp=700015B4 ret=70166E20 depth=1
redirect seq=003444 caller=QUEST2 WRTN  DIST                 area_wfp=74003962 ret_pc=70168732 real_wsp=700015A0 (was 7400394E) shadow_wsp=700015A0 master_wfp=700015B4 depth=0
redirect seq=003446 caller=QUEST2 WSAVS DIST                 pc=70168717 area_wfp=74003962 argc=4 frame=0 real_wsp=700015AA shadow_wsp=700015B4 master_wfp=700015B4 ret=70166E20 depth=1
redirect seq=003448 caller=QUEST2 WRTN  DIST                 area_wfp=74003962 ret_pc=70168732 real_wsp=700015A0 (was 7400394E) shadow_wsp=700015A0 master_wfp=700015B4 depth=0
redirect seq=003453 caller=QUEST2 WSAVS DIST                 pc=70168717 area_wfp=74003962 argc=4 frame=0 real_wsp=700015AA shadow_wsp=700015B4 master_wfp=700015B4 ret=70166E20 depth=1
redirect seq=003455 caller=QUEST2 WRTN  DIST                 area_wfp=74003962 ret_pc=70168732 real_wsp=700015A0 (was 7400394E) shadow_wsp=700015A0 master_wfp=700015B4 depth=0
redirect seq=003457 caller=QUEST2 WSAVS DIST                 pc=70168717 area_wfp=74003962 argc=4 frame=0 real_wsp=700015AA shadow_wsp=700015B4 master_wfp=700015B4 ret=70166E20 depth=1
redirect seq=003459 caller=QUEST2 WRTN  DIST                 area_wfp=74003962 ret_pc=70168732 real_wsp=700015A0 (was 7400394E) shadow_wsp=700015A0 master_wfp=700015B4 depth=0
redirect seq=003461 caller=QUEST2 WSAVS DIST                 pc=70168717 area_wfp=74003962 argc=4 frame=0 real_wsp=700015AA shadow_wsp=700015B4 master_wfp=700015B4 ret=70166E20 depth=1
redirect seq=003463 caller=QUEST2 WRTN  DIST                 area_wfp=74003962 ret_pc=70168732 real_wsp=700015A0 (was 7400394E) shadow_wsp=700015A0 master_wfp=700015B4 depth=0
redirect seq=003466 caller=QUEST2 WSAVS DIST                 pc=70168717 area_wfp=74003962 argc=4 frame=0 real_wsp=700015AA shadow_wsp=700015B4 master_wfp=700015B4 ret=70166E20 depth=1
redirect seq=003468 caller=QUEST2 WRTN  DIST                 area_wfp=74003962 ret_pc=70168732 real_wsp=700015A0 (was 7400394E) shadow_wsp=700015A0 master_wfp=700015B4 depth=0
redirect seq=003472 caller=QUEST2 WSAVS DIST                 pc=70168717 area_wfp=74003962 argc=4 frame=0 real_wsp=700015AA shadow_wsp=700015B4 master_wfp=700015B4 ret=70166E20 depth=1
redirect seq=003474 caller=QUEST2 WRTN  DIST                 area_wfp=74003962 ret_pc=70168732 real_wsp=700015A0 (was 7400394E) shadow_wsp=700015A0 master_wfp=700015B4 depth=0
redirect seq=003476 caller=QUEST2 WSAVS DIST                 pc=70168717 area_wfp=74003962 argc=4 frame=0 real_wsp=700015AA shadow_wsp=700015B4 master_wfp=700015B4 ret=70166E20 depth=1
redirect seq=003478 caller=QUEST2 WRTN  DIST                 area_wfp=74003962 ret_pc=70168732 real_wsp=700015A0 (was 7400394E) shadow_wsp=700015A0 master_wfp=700015B4 depth=0
redirect seq=003483 caller=QUEST2 WSAVS DIST                 pc=70168717 area_wfp=74003962 argc=4 frame=0 real_wsp=700015AA shadow_wsp=700015B4 master_wfp=700015B4 ret=70166E20 depth=1
redirect seq=003485 caller=QUEST2 WRTN  DIST                 area_wfp=74003962 ret_pc=70168732 real_wsp=700015A0 (was 7400394E) shadow_wsp=700015A0 master_wfp=700015B4 depth=0
redirect seq=003487 caller=QUEST2 WSAVS DIST                 pc=70168717 area_wfp=74003962 argc=4 frame=0 real_wsp=700015AA shadow_wsp=700015B4 master_wfp=700015B4 ret=70166E20 depth=1
redirect seq=003489 caller=QUEST2 WRTN  DIST                 area_wfp=74003962 ret_pc=70168732 real_wsp=700015A0 (was 7400394E) shadow_wsp=700015A0 master_wfp=700015B4 depth=0
redirect seq=003491 caller=QUEST2 WSAVS DIST                 pc=70168717 area_wfp=74003962 argc=4 frame=0 real_wsp=700015AA shadow_wsp=700015B4 master_wfp=700015B4 ret=70166E20 depth=1
redirect seq=003493 caller=QUEST2 WRTN  DIST                 area_wfp=74003962 ret_pc=70168732 real_wsp=700015A0 (was 7400394E) shadow_wsp=700015A0 master_wfp=700015B4 depth=0
redirect seq=003497 caller=QUEST2 WSAVS DIST                 pc=70168717 area_wfp=74003962 argc=4 frame=0 real_wsp=700015AA shadow_wsp=700015B4 master_wfp=700015B4 ret=70166E20 depth=1
redirect seq=003499 caller=QUEST2 WRTN  DIST                 area_wfp=74003962 ret_pc=70168732 real_wsp=700015A0 (was 7400394E) shadow_wsp=700015A0 master_wfp=700015B4 depth=0
redirect seq=003501 caller=QUEST2 WSAVS DIST                 pc=70168717 area_wfp=74003962 argc=4 frame=0 real_wsp=700015AA shadow_wsp=700015B4 master_wfp=700015B4 ret=70166E20 depth=1
redirect seq=003503 caller=QUEST2 WRTN  DIST                 area_wfp=74003962 ret_pc=70168732 real_wsp=700015A0 (was 7400394E) shadow_wsp=700015A0 master_wfp=700015B4 depth=0
redirect seq=003506 caller=QUEST2 WSAVS DIST                 pc=70168717 area_wfp=74003962 argc=4 frame=0 real_wsp=700015AA shadow_wsp=700015B4 master_wfp=700015B4 ret=70166E20 depth=1
redirect seq=003508 caller=QUEST2 WRTN  DIST                 area_wfp=74003962 ret_pc=70168732 real_wsp=700015A0 (was 7400394E) shadow_wsp=700015A0 master_wfp=700015B4 depth=0
redirect seq=003513 caller=QUEST2 WSAVS DIST                 pc=70168717 area_wfp=74003962 argc=4 frame=0 real_wsp=700015AA shadow_wsp=700015B4 master_wfp=700015B4 ret=70166E20 depth=1
redirect seq=003515 caller=QUEST2 WRTN  DIST                 area_wfp=74003962 ret_pc=70168732 real_wsp=700015A0 (was 7400394E) shadow_wsp=700015A0 master_wfp=700015B4 depth=0
redirect seq=003517 caller=QUEST2 WSAVS DIST                 pc=70168717 area_wfp=74003962 argc=4 frame=0 real_wsp=700015AA shadow_wsp=700015B4 master_wfp=700015B4 ret=70166E20 depth=1
redirect seq=003519 caller=QUEST2 WRTN  DIST                 area_wfp=74003962 ret_pc=70168732 real_wsp=700015A0 (was 7400394E) shadow_wsp=700015A0 master_wfp=700015B4 depth=0
redirect seq=003521 caller=QUEST2 WSAVS DIST                 pc=70168717 area_wfp=74003962 argc=4 frame=0 real_wsp=700015AA shadow_wsp=700015B4 master_wfp=700015B4 ret=70166E20 depth=1
redirect seq=003523 caller=QUEST2 WRTN  DIST                 area_wfp=74003962 ret_pc=70168732 real_wsp=700015A0 (was 7400394E) shadow_wsp=700015A0 master_wfp=700015B4 depth=0
redirect seq=003527 caller=QUEST2 WSAVS DIST                 pc=70168717 area_wfp=74003962 argc=4 frame=0 real_wsp=700015AA shadow_wsp=700015B4 master_wfp=700015B4 ret=70166E20 depth=1
redirect seq=003529 caller=QUEST2 WRTN  DIST                 area_wfp=74003962 ret_pc=70168732 real_wsp=700015A0 (was 7400394E) shadow_wsp=700015A0 master_wfp=700015B4 depth=0
redirect seq=003531 caller=QUEST2 WSAVS DIST                 pc=70168717 area_wfp=74003962 argc=4 frame=0 real_wsp=700015AA shadow_wsp=700015B4 master_wfp=700015B4 ret=70166E20 depth=1
redirect seq=003534 caller=QUEST2 WRTN  DIST                 area_wfp=74003962 ret_pc=70168732 real_wsp=700015A0 (was 7400394E) shadow_wsp=700015A0 master_wfp=700015B4 depth=0
redirect seq=003536 caller=QUEST2 WSAVS DIST                 pc=70168717 area_wfp=74003962 argc=4 frame=0 real_wsp=700015AA shadow_wsp=700015B4 master_wfp=700015B4 ret=70166E20 depth=1
redirect seq=003538 caller=QUEST2 WRTN  DIST                 area_wfp=74003962 ret_pc=70168732 real_wsp=700015A0 (was 7400394E) shadow_wsp=700015A0 master_wfp=700015B4 depth=0
redirect seq=003543 caller=QUEST2 WSAVS DIST                 pc=70168717 area_wfp=74003962 argc=4 frame=0 real_wsp=700015AA shadow_wsp=700015B4 master_wfp=700015B4 ret=70166E20 depth=1
redirect seq=003545 caller=QUEST2 WRTN  DIST                 area_wfp=74003962 ret_pc=70168732 real_wsp=700015A0 (was 7400394E) shadow_wsp=700015A0 master_wfp=700015B4 depth=0
redirect seq=003547 caller=QUEST2 WSAVS DIST                 pc=70168717 area_wfp=74003962 argc=4 frame=0 real_wsp=700015AA shadow_wsp=700015B4 master_wfp=700015B4 ret=70166E20 depth=1
redirect seq=003549 caller=QUEST2 WRTN  DIST                 area_wfp=74003962 ret_pc=70168732 real_wsp=700015A0 (was 7400394E) shadow_wsp=700015A0 master_wfp=700015B4 depth=0
redirect seq=003551 caller=QUEST2 WSAVS DIST                 pc=70168717 area_wfp=74003962 argc=4 frame=0 real_wsp=700015AA shadow_wsp=700015B4 master_wfp=700015B4 ret=70166E20 depth=1
redirect seq=003553 caller=QUEST2 WRTN  DIST                 area_wfp=74003962 ret_pc=70168732 real_wsp=700015A0 (was 7400394E) shadow_wsp=700015A0 master_wfp=700015B4 depth=0
redirect seq=003557 caller=QUEST2 WSAVS DIST                 pc=70168717 area_wfp=74003962 argc=4 frame=0 real_wsp=700015AA shadow_wsp=700015B4 master_wfp=700015B4 ret=70166E20 depth=1
redirect seq=003559 caller=QUEST2 WRTN  DIST                 area_wfp=74003962 ret_pc=70168732 real_wsp=700015A0 (was 7400394E) shadow_wsp=700015A0 master_wfp=700015B4 depth=0
redirect seq=003561 caller=QUEST2 WSAVS DIST                 pc=70168717 area_wfp=74003962 argc=4 frame=0 real_wsp=700015AA shadow_wsp=700015B4 master_wfp=700015B4 ret=70166E20 depth=1
redirect seq=003564 caller=QUEST2 WRTN  DIST                 area_wfp=74003962 ret_pc=70168732 real_wsp=700015A0 (was 7400394E) shadow_wsp=700015A0 master_wfp=700015B4 depth=0
redirect seq=003566 caller=QUEST2 WSAVS DIST                 pc=70168717 area_wfp=74003962 argc=4 frame=0 real_wsp=700015AA shadow_wsp=700015B4 master_wfp=700015B4 ret=70166E20 depth=1
redirect seq=003568 caller=QUEST2 WRTN  DIST                 area_wfp=74003962 ret_pc=70168732 real_wsp=700015A0 (was 7400394E) shadow_wsp=700015A0 master_wfp=700015B4 depth=0
redirect seq=003573 caller=QUEST2 WSAVS DIST                 pc=70168717 area_wfp=74003962 argc=4 frame=0 real_wsp=700015AA shadow_wsp=700015B4 master_wfp=700015B4 ret=70166E20 depth=1
redirect seq=003575 caller=QUEST2 WRTN  DIST                 area_wfp=74003962 ret_pc=70168732 real_wsp=700015A0 (was 7400394E) shadow_wsp=700015A0 master_wfp=700015B4 depth=0
redirect seq=003577 caller=QUEST2 WSAVS DIST                 pc=70168717 area_wfp=74003962 argc=4 frame=0 real_wsp=700015AA shadow_wsp=700015B4 master_wfp=700015B4 ret=70166E20 depth=1
redirect seq=003579 caller=QUEST2 WRTN  DIST                 area_wfp=74003962 ret_pc=70168732 real_wsp=700015A0 (was 7400394E) shadow_wsp=700015A0 master_wfp=700015B4 depth=0
redirect seq=003581 caller=QUEST2 WSAVS DIST                 pc=70168717 area_wfp=74003962 argc=4 frame=0 real_wsp=700015AA shadow_wsp=700015B4 master_wfp=700015B4 ret=70166E20 depth=1
redirect seq=003583 caller=QUEST2 WRTN  DIST                 area_wfp=74003962 ret_pc=70168732 real_wsp=700015A0 (was 7400394E) shadow_wsp=700015A0 master_wfp=700015B4 depth=0
redirect seq=003587 caller=QUEST2 WSAVS DIST                 pc=70168717 area_wfp=74003962 argc=4 frame=0 real_wsp=700015AA shadow_wsp=700015B4 master_wfp=700015B4 ret=70166E20 depth=1
redirect seq=003589 caller=QUEST2 WRTN  DIST                 area_wfp=74003962 ret_pc=70168732 real_wsp=700015A0 (was 7400394E) shadow_wsp=700015A0 master_wfp=700015B4 depth=0
redirect seq=003591 caller=QUEST2 WSAVS DIST                 pc=70168717 area_wfp=74003962 argc=4 frame=0 real_wsp=700015AA shadow_wsp=700015B4 master_wfp=700015B4 ret=70166E20 depth=1
redirect seq=003593 caller=QUEST2 WRTN  DIST                 area_wfp=74003962 ret_pc=70168732 real_wsp=700015A0 (was 7400394E) shadow_wsp=700015A0 master_wfp=700015B4 depth=0
redirect seq=003596 caller=QUEST2 WSAVS DIST                 pc=70168717 area_wfp=74003962 argc=4 frame=0 real_wsp=700015AA shadow_wsp=700015B4 master_wfp=700015B4 ret=70166E20 depth=1
redirect seq=003598 caller=QUEST2 WRTN  DIST                 area_wfp=74003962 ret_pc=70168732 real_wsp=700015A0 (was 7400394E) shadow_wsp=700015A0 master_wfp=700015B4 depth=0
redirect seq=003603 caller=QUEST2 WSAVS DIST                 pc=70168717 area_wfp=74003962 argc=4 frame=0 real_wsp=700015AA shadow_wsp=700015B4 master_wfp=700015B4 ret=70166E20 depth=1
redirect seq=003605 caller=QUEST2 WRTN  DIST                 area_wfp=74003962 ret_pc=70168732 real_wsp=700015A0 (was 7400394E) shadow_wsp=700015A0 master_wfp=700015B4 depth=0
redirect seq=003607 caller=QUEST2 WSAVS DIST                 pc=70168717 area_wfp=74003962 argc=4 frame=0 real_wsp=700015AA shadow_wsp=700015B4 master_wfp=700015B4 ret=70166E20 depth=1
redirect seq=003609 caller=QUEST2 WRTN  DIST                 area_wfp=74003962 ret_pc=70168732 real_wsp=700015A0 (was 7400394E) shadow_wsp=700015A0 master_wfp=700015B4 depth=0
redirect seq=003611 caller=QUEST2 WSAVS DIST                 pc=70168717 area_wfp=74003962 argc=4 frame=0 real_wsp=700015AA shadow_wsp=700015B4 master_wfp=700015B4 ret=70166E20 depth=1
redirect seq=003613 caller=QUEST2 WRTN  DIST                 area_wfp=74003962 ret_pc=70168732 real_wsp=700015A0 (was 7400394E) shadow_wsp=700015A0 master_wfp=700015B4 depth=0
redirect seq=003618 caller=QUEST2 WSAVS DIST                 pc=70168717 area_wfp=74003962 argc=4 frame=0 real_wsp=700015AA shadow_wsp=700015B4 master_wfp=700015B4 ret=70166E20 depth=1
redirect seq=003620 caller=QUEST2 WRTN  DIST                 area_wfp=74003962 ret_pc=70168732 real_wsp=700015A0 (was 7400394E) shadow_wsp=700015A0 master_wfp=700015B4 depth=0
redirect seq=003622 caller=QUEST2 WSAVS DIST                 pc=70168717 area_wfp=74003962 argc=4 frame=0 real_wsp=700015AA shadow_wsp=700015B4 master_wfp=700015B4 ret=70166E20 depth=1
redirect seq=003624 caller=QUEST2 WRTN  DIST                 area_wfp=74003962 ret_pc=70168732 real_wsp=700015A0 (was 7400394E) shadow_wsp=700015A0 master_wfp=700015B4 depth=0
redirect seq=003626 caller=QUEST2 WSAVS DIST                 pc=70168717 area_wfp=74003962 argc=4 frame=0 real_wsp=700015AA shadow_wsp=700015B4 master_wfp=700015B4 ret=70166E20 depth=1
redirect seq=003628 caller=QUEST2 WRTN  DIST                 area_wfp=74003962 ret_pc=70168732 real_wsp=700015A0 (was 7400394E) shadow_wsp=700015A0 master_wfp=700015B4 depth=0
redirect seq=003633 caller=QUEST2 WSAVS DIST                 pc=70168717 area_wfp=74003962 argc=4 frame=0 real_wsp=700015AA shadow_wsp=700015B4 master_wfp=700015B4 ret=70166E20 depth=1
redirect seq=003635 caller=QUEST2 WRTN  DIST                 area_wfp=74003962 ret_pc=70168732 real_wsp=700015A0 (was 7400394E) shadow_wsp=700015A0 master_wfp=700015B4 depth=0
redirect seq=003637 caller=QUEST2 WSAVS DIST                 pc=70168717 area_wfp=74003962 argc=4 frame=0 real_wsp=700015AA shadow_wsp=700015B4 master_wfp=700015B4 ret=70166E20 depth=1
redirect seq=003639 caller=QUEST2 WRTN  DIST                 area_wfp=74003962 ret_pc=70168732 real_wsp=700015A0 (was 7400394E) shadow_wsp=700015A0 master_wfp=700015B4 depth=0
redirect seq=003641 caller=QUEST2 WSAVS DIST                 pc=70168717 area_wfp=74003962 argc=4 frame=0 real_wsp=700015AA shadow_wsp=700015B4 master_wfp=700015B4 ret=70166E20 depth=1
redirect seq=003643 caller=QUEST2 WRTN  DIST                 area_wfp=74003962 ret_pc=70168732 real_wsp=700015A0 (was 7400394E) shadow_wsp=700015A0 master_wfp=700015B4 depth=0
redirect seq=003648 caller=QUEST2 WSAVS DIST                 pc=70168717 area_wfp=74003962 argc=4 frame=0 real_wsp=700015AA shadow_wsp=700015B4 master_wfp=700015B4 ret=70166E20 depth=1
redirect seq=003650 caller=QUEST2 WRTN  DIST                 area_wfp=74003962 ret_pc=70168732 real_wsp=700015A0 (was 7400394E) shadow_wsp=700015A0 master_wfp=700015B4 depth=0
redirect seq=003652 caller=QUEST2 WSAVS DIST                 pc=70168717 area_wfp=74003962 argc=4 frame=0 real_wsp=700015AA shadow_wsp=700015B4 master_wfp=700015B4 ret=70166E20 depth=1
redirect seq=003654 caller=QUEST2 WRTN  DIST                 area_wfp=74003962 ret_pc=70168732 real_wsp=700015A0 (was 7400394E) shadow_wsp=700015A0 master_wfp=700015B4 depth=0
redirect seq=003656 caller=QUEST2 WSAVS DIST                 pc=70168717 area_wfp=74003962 argc=4 frame=0 real_wsp=700015AA shadow_wsp=700015B4 master_wfp=700015B4 ret=70166E20 depth=1
redirect seq=003658 caller=QUEST2 WRTN  DIST                 area_wfp=74003962 ret_pc=70168732 real_wsp=700015A0 (was 7400394E) shadow_wsp=700015A0 master_wfp=700015B4 depth=0
redirect seq=003661 caller=QUEST2 WSAVS DIST                 pc=70168717 area_wfp=74003962 argc=4 frame=0 real_wsp=700015AA shadow_wsp=700015B4 master_wfp=700015B4 ret=70166E20 depth=1
redirect seq=003665 caller=QUEST2 WRTN  DIST                 area_wfp=74003962 ret_pc=70168732 real_wsp=700015A0 (was 7400394E) shadow_wsp=700015A0 master_wfp=700015B4 depth=0
redirect seq=003667 caller=QUEST2 WSAVS DIST                 pc=70168717 area_wfp=74003962 argc=4 frame=0 real_wsp=700015AA shadow_wsp=700015B4 master_wfp=700015B4 ret=70166E20 depth=1
redirect seq=003669 caller=QUEST2 WRTN  DIST                 area_wfp=74003962 ret_pc=70168732 real_wsp=700015A0 (was 7400394E) shadow_wsp=700015A0 master_wfp=700015B4 depth=0
redirect seq=003671 caller=QUEST2 WSAVS DIST                 pc=70168717 area_wfp=74003962 argc=4 frame=0 real_wsp=700015AA shadow_wsp=700015B4 master_wfp=700015B4 ret=70166E20 depth=1
redirect seq=003673 caller=QUEST2 WRTN  DIST                 area_wfp=74003962 ret_pc=70168732 real_wsp=700015A0 (was 7400394E) shadow_wsp=700015A0 master_wfp=700015B4 depth=0
redirect seq=003678 caller=QUEST2 WSAVS DIST                 pc=70168717 area_wfp=74003962 argc=4 frame=0 real_wsp=700015AA shadow_wsp=700015B4 master_wfp=700015B4 ret=70166E20 depth=1
redirect seq=003680 caller=QUEST2 WRTN  DIST                 area_wfp=74003962 ret_pc=70168732 real_wsp=700015A0 (was 7400394E) shadow_wsp=700015A0 master_wfp=700015B4 depth=0
redirect seq=003682 caller=QUEST2 WSAVS DIST                 pc=70168717 area_wfp=74003962 argc=4 frame=0 real_wsp=700015AA shadow_wsp=700015B4 master_wfp=700015B4 ret=70166E20 depth=1
redirect seq=003684 caller=QUEST2 WRTN  DIST                 area_wfp=74003962 ret_pc=70168732 real_wsp=700015A0 (was 7400394E) shadow_wsp=700015A0 master_wfp=700015B4 depth=0
redirect seq=003686 caller=QUEST2 WSAVS DIST                 pc=70168717 area_wfp=74003962 argc=4 frame=0 real_wsp=700015AA shadow_wsp=700015B4 master_wfp=700015B4 ret=70166E20 depth=1
redirect seq=003688 caller=QUEST2 WRTN  DIST                 area_wfp=74003962 ret_pc=70168732 real_wsp=700015A0 (was 7400394E) shadow_wsp=700015A0 master_wfp=700015B4 depth=0
redirect seq=003693 caller=QUEST2 WSAVS DIST                 pc=70168717 area_wfp=74003962 argc=4 frame=0 real_wsp=700015AA shadow_wsp=700015B4 master_wfp=700015B4 ret=70166E20 depth=1
redirect seq=003695 caller=QUEST2 WRTN  DIST                 area_wfp=74003962 ret_pc=70168732 real_wsp=700015A0 (was 7400394E) shadow_wsp=700015A0 master_wfp=700015B4 depth=0
redirect seq=003697 caller=QUEST2 WSAVS DIST                 pc=70168717 area_wfp=74003962 argc=4 frame=0 real_wsp=700015AA shadow_wsp=700015B4 master_wfp=700015B4 ret=70166E20 depth=1
redirect seq=003699 caller=QUEST2 WRTN  DIST                 area_wfp=74003962 ret_pc=70168732 real_wsp=700015A0 (was 7400394E) shadow_wsp=700015A0 master_wfp=700015B4 depth=0
redirect seq=003701 caller=QUEST2 WSAVS DIST                 pc=70168717 area_wfp=74003962 argc=4 frame=0 real_wsp=700015AA shadow_wsp=700015B4 master_wfp=700015B4 ret=70166E20 depth=1
redirect seq=003703 caller=QUEST2 WRTN  DIST                 area_wfp=74003962 ret_pc=70168732 real_wsp=700015A0 (was 7400394E) shadow_wsp=700015A0 master_wfp=700015B4 depth=0
redirect seq=003708 caller=QUEST2 WSAVS DIST                 pc=70168717 area_wfp=74003962 argc=4 frame=0 real_wsp=700015AA shadow_wsp=700015B4 master_wfp=700015B4 ret=70166E20 depth=1
redirect seq=003710 caller=QUEST2 WRTN  DIST                 area_wfp=74003962 ret_pc=70168732 real_wsp=700015A0 (was 7400394E) shadow_wsp=700015A0 master_wfp=700015B4 depth=0
redirect seq=003712 caller=QUEST2 WSAVS DIST                 pc=70168717 area_wfp=74003962 argc=4 frame=0 real_wsp=700015AA shadow_wsp=700015B4 master_wfp=700015B4 ret=70166E20 depth=1
redirect seq=003714 caller=QUEST2 WRTN  DIST                 area_wfp=74003962 ret_pc=70168732 real_wsp=700015A0 (was 7400394E) shadow_wsp=700015A0 master_wfp=700015B4 depth=0
redirect seq=003716 caller=QUEST2 WSAVS DIST                 pc=70168717 area_wfp=74003962 argc=4 frame=0 real_wsp=700015AA shadow_wsp=700015B4 master_wfp=700015B4 ret=70166E20 depth=1
redirect seq=003718 caller=QUEST2 WRTN  DIST                 area_wfp=74003962 ret_pc=70168732 real_wsp=700015A0 (was 7400394E) shadow_wsp=700015A0 master_wfp=700015B4 depth=0
redirect seq=003723 caller=QUEST2 WSAVS DIST                 pc=70168717 area_wfp=74003962 argc=4 frame=0 real_wsp=700015AA shadow_wsp=700015B4 master_wfp=700015B4 ret=70166E20 depth=1
redirect seq=003725 caller=QUEST2 WRTN  DIST                 area_wfp=74003962 ret_pc=70168732 real_wsp=700015A0 (was 7400394E) shadow_wsp=700015A0 master_wfp=700015B4 depth=0
redirect seq=003727 caller=QUEST2 WSAVS DIST                 pc=70168717 area_wfp=74003962 argc=4 frame=0 real_wsp=700015AA shadow_wsp=700015B4 master_wfp=700015B4 ret=70166E20 depth=1
redirect seq=003729 caller=QUEST2 WRTN  DIST                 area_wfp=74003962 ret_pc=70168732 real_wsp=700015A0 (was 7400394E) shadow_wsp=700015A0 master_wfp=700015B4 depth=0
redirect seq=003731 caller=QUEST2 WSAVS DIST                 pc=70168717 area_wfp=74003962 argc=4 frame=0 real_wsp=700015AA shadow_wsp=700015B4 master_wfp=700015B4 ret=70166E20 depth=1
redirect seq=003733 caller=QUEST2 WRTN  DIST                 area_wfp=74003962 ret_pc=70168732 real_wsp=700015A0 (was 7400394E) shadow_wsp=700015A0 master_wfp=700015B4 depth=0
redirect seq=003738 caller=QUEST2 WSAVS DIST                 pc=70168717 area_wfp=74003962 argc=4 frame=0 real_wsp=700015AA shadow_wsp=700015B4 master_wfp=700015B4 ret=70166E20 depth=1
redirect seq=003740 caller=QUEST2 WRTN  DIST                 area_wfp=74003962 ret_pc=70168732 real_wsp=700015A0 (was 7400394E) shadow_wsp=700015A0 master_wfp=700015B4 depth=0
redirect seq=003742 caller=QUEST2 WSAVS DIST                 pc=70168717 area_wfp=74003962 argc=4 frame=0 real_wsp=700015AA shadow_wsp=700015B4 master_wfp=700015B4 ret=70166E20 depth=1
redirect seq=003744 caller=QUEST2 WRTN  DIST                 area_wfp=74003962 ret_pc=70168732 real_wsp=700015A0 (was 7400394E) shadow_wsp=700015A0 master_wfp=700015B4 depth=0
redirect seq=003746 caller=QUEST2 WSAVS DIST                 pc=70168717 area_wfp=74003962 argc=4 frame=0 real_wsp=700015AA shadow_wsp=700015B4 master_wfp=700015B4 ret=70166E20 depth=1
redirect seq=003748 caller=QUEST2 WRTN  DIST                 area_wfp=74003962 ret_pc=70168732 real_wsp=700015A0 (was 7400394E) shadow_wsp=700015A0 master_wfp=700015B4 depth=0
redirect seq=003751 caller=QUEST2 WSAVS DIST                 pc=70168717 area_wfp=74003962 argc=4 frame=0 real_wsp=700015AA shadow_wsp=700015B4 master_wfp=700015B4 ret=70166E20 depth=1
redirect seq=003753 caller=QUEST2 WRTN  DIST                 area_wfp=74003962 ret_pc=70168732 real_wsp=700015A0 (was 7400394E) shadow_wsp=700015A0 master_wfp=700015B4 depth=0
redirect seq=003757 caller=QUEST2 WSAVS DIST                 pc=70168717 area_wfp=74003962 argc=4 frame=0 real_wsp=700015AA shadow_wsp=700015B4 master_wfp=700015B4 ret=70166E20 depth=1
redirect seq=003759 caller=QUEST2 WRTN  DIST                 area_wfp=74003962 ret_pc=70168732 real_wsp=700015A0 (was 7400394E) shadow_wsp=700015A0 master_wfp=700015B4 depth=0
redirect seq=003761 caller=QUEST2 WSAVS DIST                 pc=70168717 area_wfp=74003962 argc=4 frame=0 real_wsp=700015AA shadow_wsp=700015B4 master_wfp=700015B4 ret=70166E20 depth=1
redirect seq=003763 caller=QUEST2 WRTN  DIST                 area_wfp=74003962 ret_pc=70168732 real_wsp=700015A0 (was 7400394E) shadow_wsp=700015A0 master_wfp=700015B4 depth=0
redirect seq=003768 caller=QUEST2 WSAVS DIST                 pc=70168717 area_wfp=74003962 argc=4 frame=0 real_wsp=700015AA shadow_wsp=700015B4 master_wfp=700015B4 ret=70166E20 depth=1
redirect seq=003770 caller=QUEST2 WRTN  DIST                 area_wfp=74003962 ret_pc=70168732 real_wsp=700015A0 (was 7400394E) shadow_wsp=700015A0 master_wfp=700015B4 depth=0
redirect seq=003772 caller=QUEST2 WSAVS DIST                 pc=70168717 area_wfp=74003962 argc=4 frame=0 real_wsp=700015AA shadow_wsp=700015B4 master_wfp=700015B4 ret=70166E20 depth=1
redirect seq=003774 caller=QUEST2 WRTN  DIST                 area_wfp=74003962 ret_pc=70168732 real_wsp=700015A0 (was 7400394E) shadow_wsp=700015A0 master_wfp=700015B4 depth=0
redirect seq=003776 caller=QUEST2 WSAVS DIST                 pc=70168717 area_wfp=74003962 argc=4 frame=0 real_wsp=700015AA shadow_wsp=700015B4 master_wfp=700015B4 ret=70166E20 depth=1
redirect seq=003778 caller=QUEST2 WRTN  DIST                 area_wfp=74003962 ret_pc=70168732 real_wsp=700015A0 (was 7400394E) shadow_wsp=700015A0 master_wfp=700015B4 depth=0
redirect seq=003783 caller=QUEST2 WSAVS DIST                 pc=70168717 area_wfp=74003962 argc=4 frame=0 real_wsp=700015AA shadow_wsp=700015B4 master_wfp=700015B4 ret=70166E20 depth=1
redirect seq=003785 caller=QUEST2 WRTN  DIST                 area_wfp=74003962 ret_pc=70168732 real_wsp=700015A0 (was 7400394E) shadow_wsp=700015A0 master_wfp=700015B4 depth=0
redirect seq=003787 caller=QUEST2 WSAVS DIST                 pc=70168717 area_wfp=74003962 argc=4 frame=0 real_wsp=700015AA shadow_wsp=700015B4 master_wfp=700015B4 ret=70166E20 depth=1
redirect seq=003789 caller=QUEST2 WRTN  DIST                 area_wfp=74003962 ret_pc=70168732 real_wsp=700015A0 (was 7400394E) shadow_wsp=700015A0 master_wfp=700015B4 depth=0
redirect seq=003791 caller=QUEST2 WSAVS DIST                 pc=70168717 area_wfp=74003962 argc=4 frame=0 real_wsp=700015AA shadow_wsp=700015B4 master_wfp=700015B4 ret=70166E20 depth=1
redirect seq=003794 caller=QUEST2 WRTN  DIST                 area_wfp=74003962 ret_pc=70168732 real_wsp=700015A0 (was 7400394E) shadow_wsp=700015A0 master_wfp=700015B4 depth=0
redirect seq=003796 caller=QUEST2 WSAVS DIST                 pc=70168717 area_wfp=74003962 argc=4 frame=0 real_wsp=700015AA shadow_wsp=700015B4 master_wfp=700015B4 ret=70166E20 depth=1
redirect seq=003800 caller=QUEST2 WRTN  DIST                 area_wfp=74003962 ret_pc=70168732 real_wsp=700015A0 (was 7400394E) shadow_wsp=700015A0 master_wfp=700015B4 depth=0
redirect seq=003802 caller=QUEST2 WSAVS DIST                 pc=70168717 area_wfp=74003962 argc=4 frame=0 real_wsp=700015AA shadow_wsp=700015B4 master_wfp=700015B4 ret=70166E20 depth=1
redirect seq=003804 caller=QUEST2 WRTN  DIST                 area_wfp=74003962 ret_pc=70168732 real_wsp=700015A0 (was 7400394E) shadow_wsp=700015A0 master_wfp=700015B4 depth=0
redirect seq=003806 caller=QUEST2 WSAVS DIST                 pc=70168717 area_wfp=74003962 argc=4 frame=0 real_wsp=700015AA shadow_wsp=700015B4 master_wfp=700015B4 ret=70166E20 depth=1
redirect seq=003808 caller=QUEST2 WRTN  DIST                 area_wfp=74003962 ret_pc=70168732 real_wsp=700015A0 (was 7400394E) shadow_wsp=700015A0 master_wfp=700015B4 depth=0
redirect seq=003813 caller=QUEST2 WSAVS DIST                 pc=70168717 area_wfp=74003962 argc=4 frame=0 real_wsp=700015AA shadow_wsp=700015B4 master_wfp=700015B4 ret=70166E20 depth=1
redirect seq=003815 caller=QUEST2 WRTN  DIST                 area_wfp=74003962 ret_pc=70168732 real_wsp=700015A0 (was 7400394E) shadow_wsp=700015A0 master_wfp=700015B4 depth=0
redirect seq=003817 caller=QUEST2 WSAVS DIST                 pc=70168717 area_wfp=74003962 argc=4 frame=0 real_wsp=700015AA shadow_wsp=700015B4 master_wfp=700015B4 ret=70166E20 depth=1
redirect seq=003819 caller=QUEST2 WRTN  DIST                 area_wfp=74003962 ret_pc=70168732 real_wsp=700015A0 (was 7400394E) shadow_wsp=700015A0 master_wfp=700015B4 depth=0
redirect seq=003821 caller=QUEST2 WSAVS DIST                 pc=70168717 area_wfp=74003962 argc=4 frame=0 real_wsp=700015AA shadow_wsp=700015B4 master_wfp=700015B4 ret=70166E20 depth=1
redirect seq=003823 caller=QUEST2 WRTN  DIST                 area_wfp=74003962 ret_pc=70168732 real_wsp=700015A0 (was 7400394E) shadow_wsp=700015A0 master_wfp=700015B4 depth=0
redirect seq=003827 caller=QUEST2 WSAVS DIST                 pc=70168717 area_wfp=74003962 argc=4 frame=0 real_wsp=700015AA shadow_wsp=700015B4 master_wfp=700015B4 ret=70166E20 depth=1
redirect seq=003829 caller=QUEST2 WRTN  DIST                 area_wfp=74003962 ret_pc=70168732 real_wsp=700015A0 (was 7400394E) shadow_wsp=700015A0 master_wfp=700015B4 depth=0
redirect seq=003831 caller=QUEST2 WSAVS DIST                 pc=70168717 area_wfp=74003962 argc=4 frame=0 real_wsp=700015AA shadow_wsp=700015B4 master_wfp=700015B4 ret=70166E20 depth=1
redirect seq=003834 caller=QUEST2 WRTN  DIST                 area_wfp=74003962 ret_pc=70168732 real_wsp=700015A0 (was 7400394E) shadow_wsp=700015A0 master_wfp=700015B4 depth=0
redirect seq=003836 caller=QUEST2 WSAVS DIST                 pc=70168717 area_wfp=74003962 argc=4 frame=0 real_wsp=700015AA shadow_wsp=700015B4 master_wfp=700015B4 ret=70166E20 depth=1
redirect seq=003838 caller=QUEST2 WRTN  DIST                 area_wfp=74003962 ret_pc=70168732 real_wsp=700015A0 (was 7400394E) shadow_wsp=700015A0 master_wfp=700015B4 depth=0
redirect seq=003843 caller=QUEST2 WSAVS DIST                 pc=70168717 area_wfp=74003962 argc=4 frame=0 real_wsp=700015AA shadow_wsp=700015B4 master_wfp=700015B4 ret=70166E20 depth=1
redirect seq=003845 caller=QUEST2 WRTN  DIST                 area_wfp=74003962 ret_pc=70168732 real_wsp=700015A0 (was 7400394E) shadow_wsp=700015A0 master_wfp=700015B4 depth=0
redirect seq=003847 caller=QUEST2 WSAVS DIST                 pc=70168717 area_wfp=74003962 argc=4 frame=0 real_wsp=700015AA shadow_wsp=700015B4 master_wfp=700015B4 ret=70166E20 depth=1
redirect seq=003849 caller=QUEST2 WRTN  DIST                 area_wfp=74003962 ret_pc=70168732 real_wsp=700015A0 (was 7400394E) shadow_wsp=700015A0 master_wfp=700015B4 depth=0
redirect seq=003851 caller=QUEST2 WSAVS DIST                 pc=70168717 area_wfp=74003962 argc=4 frame=0 real_wsp=700015AA shadow_wsp=700015B4 master_wfp=700015B4 ret=70166E20 depth=1
redirect seq=003853 caller=QUEST2 WRTN  DIST                 area_wfp=74003962 ret_pc=70168732 real_wsp=700015A0 (was 7400394E) shadow_wsp=700015A0 master_wfp=700015B4 depth=0
redirect seq=003857 caller=QUEST2 WSAVS DIST                 pc=70168717 area_wfp=74003962 argc=4 frame=0 real_wsp=700015AA shadow_wsp=700015B4 master_wfp=700015B4 ret=70166E20 depth=1
redirect seq=003859 caller=QUEST2 WRTN  DIST                 area_wfp=74003962 ret_pc=70168732 real_wsp=700015A0 (was 7400394E) shadow_wsp=700015A0 master_wfp=700015B4 depth=0
redirect seq=003861 caller=QUEST2 WSAVS DIST                 pc=70168717 area_wfp=74003962 argc=4 frame=0 real_wsp=700015AA shadow_wsp=700015B4 master_wfp=700015B4 ret=70166E20 depth=1
redirect seq=003863 caller=QUEST2 WRTN  DIST                 area_wfp=74003962 ret_pc=70168732 real_wsp=700015A0 (was 7400394E) shadow_wsp=700015A0 master_wfp=700015B4 depth=0
redirect seq=003866 caller=QUEST2 WSAVS DIST                 pc=70168717 area_wfp=74003962 argc=4 frame=0 real_wsp=700015AA shadow_wsp=700015B4 master_wfp=700015B4 ret=70166E20 depth=1
redirect seq=003868 caller=QUEST2 WRTN  DIST                 area_wfp=74003962 ret_pc=70168732 real_wsp=700015A0 (was 7400394E) shadow_wsp=700015A0 master_wfp=700015B4 depth=0
redirect seq=003873 caller=QUEST2 WSAVS DIST                 pc=70168717 area_wfp=74003962 argc=4 frame=0 real_wsp=700015AA shadow_wsp=700015B4 master_wfp=700015B4 ret=70166E20 depth=1
redirect seq=003875 caller=QUEST2 WRTN  DIST                 area_wfp=74003962 ret_pc=70168732 real_wsp=700015A0 (was 7400394E) shadow_wsp=700015A0 master_wfp=700015B4 depth=0
redirect seq=003877 caller=QUEST2 WSAVS DIST                 pc=70168717 area_wfp=74003962 argc=4 frame=0 real_wsp=700015AA shadow_wsp=700015B4 master_wfp=700015B4 ret=70166E20 depth=1
redirect seq=003879 caller=QUEST2 WRTN  DIST                 area_wfp=74003962 ret_pc=70168732 real_wsp=700015A0 (was 7400394E) shadow_wsp=700015A0 master_wfp=700015B4 depth=0
redirect seq=003881 caller=QUEST2 WSAVS DIST                 pc=70168717 area_wfp=74003962 argc=4 frame=0 real_wsp=700015AA shadow_wsp=700015B4 master_wfp=700015B4 ret=70166E20 depth=1
redirect seq=003883 caller=QUEST2 WRTN  DIST                 area_wfp=74003962 ret_pc=70168732 real_wsp=700015A0 (was 7400394E) shadow_wsp=700015A0 master_wfp=700015B4 depth=0
redirect seq=003887 caller=QUEST2 WSAVS DIST                 pc=70168717 area_wfp=74003962 argc=4 frame=0 real_wsp=700015AA shadow_wsp=700015B4 master_wfp=700015B4 ret=70166E20 depth=1
redirect seq=003889 caller=QUEST2 WRTN  DIST                 area_wfp=74003962 ret_pc=70168732 real_wsp=700015A0 (was 7400394E) shadow_wsp=700015A0 master_wfp=700015B4 depth=0
redirect seq=003891 caller=QUEST2 WSAVS DIST                 pc=70168717 area_wfp=74003962 argc=4 frame=0 real_wsp=700015AA shadow_wsp=700015B4 master_wfp=700015B4 ret=70166E20 depth=1
redirect seq=003893 caller=QUEST2 WRTN  DIST                 area_wfp=74003962 ret_pc=70168732 real_wsp=700015A0 (was 7400394E) shadow_wsp=700015A0 master_wfp=700015B4 depth=0
redirect seq=003896 caller=QUEST2 WSAVS DIST                 pc=70168717 area_wfp=74003962 argc=4 frame=0 real_wsp=700015AA shadow_wsp=700015B4 master_wfp=700015B4 ret=70166E20 depth=1
redirect seq=003898 caller=QUEST2 WRTN  DIST                 area_wfp=74003962 ret_pc=70168732 real_wsp=700015A0 (was 7400394E) shadow_wsp=700015A0 master_wfp=700015B4 depth=0
redirect seq=003903 caller=QUEST2 WSAVS DIST                 pc=70168717 area_wfp=74003962 argc=4 frame=0 real_wsp=700015AA shadow_wsp=700015B4 master_wfp=700015B4 ret=70166E20 depth=1
redirect seq=003905 caller=QUEST2 WRTN  DIST                 area_wfp=74003962 ret_pc=70168732 real_wsp=700015A0 (was 7400394E) shadow_wsp=700015A0 master_wfp=700015B4 depth=0
redirect seq=003907 caller=QUEST2 WSAVS DIST                 pc=70168717 area_wfp=74003962 argc=4 frame=0 real_wsp=700015AA shadow_wsp=700015B4 master_wfp=700015B4 ret=70166E20 depth=1
redirect seq=003909 caller=QUEST2 WRTN  DIST                 area_wfp=74003962 ret_pc=70168732 real_wsp=700015A0 (was 7400394E) shadow_wsp=700015A0 master_wfp=700015B4 depth=0
redirect seq=003911 caller=QUEST2 WSAVS DIST                 pc=70168717 area_wfp=74003962 argc=4 frame=0 real_wsp=700015AA shadow_wsp=700015B4 master_wfp=700015B4 ret=70166E20 depth=1
redirect seq=003913 caller=QUEST2 WRTN  DIST                 area_wfp=74003962 ret_pc=70168732 real_wsp=700015A0 (was 7400394E) shadow_wsp=700015A0 master_wfp=700015B4 depth=0
redirect seq=003918 caller=QUEST2 WSAVS DIST                 pc=70168717 area_wfp=74003962 argc=4 frame=0 real_wsp=700015AA shadow_wsp=700015B4 master_wfp=700015B4 ret=70166E20 depth=1
redirect seq=003920 caller=QUEST2 WRTN  DIST                 area_wfp=74003962 ret_pc=70168732 real_wsp=700015A0 (was 7400394E) shadow_wsp=700015A0 master_wfp=700015B4 depth=0
redirect seq=003922 caller=QUEST2 WSAVS DIST                 pc=70168717 area_wfp=74003962 argc=4 frame=0 real_wsp=700015AA shadow_wsp=700015B4 master_wfp=700015B4 ret=70166E20 depth=1
redirect seq=003924 caller=QUEST2 WRTN  DIST                 area_wfp=74003962 ret_pc=70168732 real_wsp=700015A0 (was 7400394E) shadow_wsp=700015A0 master_wfp=700015B4 depth=0
redirect seq=003926 caller=QUEST2 WSAVS DIST                 pc=70168717 area_wfp=74003962 argc=4 frame=0 real_wsp=700015AA shadow_wsp=700015B4 master_wfp=700015B4 ret=70166E20 depth=1
redirect seq=003928 caller=QUEST2 WRTN  DIST                 area_wfp=74003962 ret_pc=70168732 real_wsp=700015A0 (was 7400394E) shadow_wsp=700015A0 master_wfp=700015B4 depth=0
redirect seq=003932 caller=QUEST2 WSAVS DIST                 pc=70168717 area_wfp=74003962 argc=4 frame=0 real_wsp=700015AA shadow_wsp=700015B4 master_wfp=700015B4 ret=70166E20 depth=1
redirect seq=003934 caller=QUEST2 WRTN  DIST                 area_wfp=74003962 ret_pc=70168732 real_wsp=700015A0 (was 7400394E) shadow_wsp=700015A0 master_wfp=700015B4 depth=0
redirect seq=003936 caller=QUEST2 WSAVS DIST                 pc=70168717 area_wfp=74003962 argc=4 frame=0 real_wsp=700015AA shadow_wsp=700015B4 master_wfp=700015B4 ret=70166E20 depth=1
redirect seq=003939 caller=QUEST2 WRTN  DIST                 area_wfp=74003962 ret_pc=70168732 real_wsp=700015A0 (was 7400394E) shadow_wsp=700015A0 master_wfp=700015B4 depth=0
redirect seq=003941 caller=QUEST2 WSAVS DIST                 pc=70168717 area_wfp=74003962 argc=4 frame=0 real_wsp=700015AA shadow_wsp=700015B4 master_wfp=700015B4 ret=70166E20 depth=1
redirect seq=003943 caller=QUEST2 WRTN  DIST                 area_wfp=74003962 ret_pc=70168732 real_wsp=700015A0 (was 7400394E) shadow_wsp=700015A0 master_wfp=700015B4 depth=0
redirect seq=003948 caller=QUEST2 WSAVS DIST                 pc=70168717 area_wfp=74003962 argc=4 frame=0 real_wsp=700015AA shadow_wsp=700015B4 master_wfp=700015B4 ret=70166E20 depth=1
redirect seq=003950 caller=QUEST2 WRTN  DIST                 area_wfp=74003962 ret_pc=70168732 real_wsp=700015A0 (was 7400394E) shadow_wsp=700015A0 master_wfp=700015B4 depth=0
redirect seq=003952 caller=QUEST2 WSAVS DIST                 pc=70168717 area_wfp=74003962 argc=4 frame=0 real_wsp=700015AA shadow_wsp=700015B4 master_wfp=700015B4 ret=70166E20 depth=1
redirect seq=003954 caller=QUEST2 WRTN  DIST                 area_wfp=74003962 ret_pc=70168732 real_wsp=700015A0 (was 7400394E) shadow_wsp=700015A0 master_wfp=700015B4 depth=0
redirect seq=003956 caller=QUEST2 WSAVS DIST                 pc=70168717 area_wfp=74003962 argc=4 frame=0 real_wsp=700015AA shadow_wsp=700015B4 master_wfp=700015B4 ret=70166E20 depth=1
redirect seq=003958 caller=QUEST2 WRTN  DIST                 area_wfp=74003962 ret_pc=70168732 real_wsp=700015A0 (was 7400394E) shadow_wsp=700015A0 master_wfp=700015B4 depth=0
redirect seq=003963 caller=QUEST2 WSAVS DIST                 pc=70168717 area_wfp=74003962 argc=4 frame=0 real_wsp=700015AA shadow_wsp=700015B4 master_wfp=700015B4 ret=70166E20 depth=1
redirect seq=003965 caller=QUEST2 WRTN  DIST                 area_wfp=74003962 ret_pc=70168732 real_wsp=700015A0 (was 7400394E) shadow_wsp=700015A0 master_wfp=700015B4 depth=0
redirect seq=003967 caller=QUEST2 WSAVS DIST                 pc=70168717 area_wfp=74003962 argc=4 frame=0 real_wsp=700015AA shadow_wsp=700015B4 master_wfp=700015B4 ret=70166E20 depth=1
redirect seq=003969 caller=QUEST2 WRTN  DIST                 area_wfp=74003962 ret_pc=70168732 real_wsp=700015A0 (was 7400394E) shadow_wsp=700015A0 master_wfp=700015B4 depth=0
redirect seq=003971 caller=QUEST2 WSAVS DIST                 pc=70168717 area_wfp=74003962 argc=4 frame=0 real_wsp=700015AA shadow_wsp=700015B4 master_wfp=700015B4 ret=70166E20 depth=1
redirect seq=003974 caller=QUEST2 WRTN  DIST                 area_wfp=74003962 ret_pc=70168732 real_wsp=700015A0 (was 7400394E) shadow_wsp=700015A0 master_wfp=700015B4 depth=0
redirect seq=003976 caller=QUEST2 WSAVS DIST                 pc=70168717 area_wfp=74003962 argc=4 frame=0 real_wsp=700015AA shadow_wsp=700015B4 master_wfp=700015B4 ret=70166E20 depth=1
redirect seq=003980 caller=QUEST2 WRTN  DIST                 area_wfp=74003962 ret_pc=70168732 real_wsp=700015A0 (was 7400394E) shadow_wsp=700015A0 master_wfp=700015B4 depth=0
redirect seq=003982 caller=QUEST2 WSAVS DIST                 pc=70168717 area_wfp=74003962 argc=4 frame=0 real_wsp=700015AA shadow_wsp=700015B4 master_wfp=700015B4 ret=70166E20 depth=1
redirect seq=003984 caller=QUEST2 WRTN  DIST                 area_wfp=74003962 ret_pc=70168732 real_wsp=700015A0 (was 7400394E) shadow_wsp=700015A0 master_wfp=700015B4 depth=0
redirect seq=003986 caller=QUEST2 WSAVS DIST                 pc=70168717 area_wfp=74003962 argc=4 frame=0 real_wsp=700015AA shadow_wsp=700015B4 master_wfp=700015B4 ret=70166E20 depth=1
redirect seq=003988 caller=QUEST2 WRTN  DIST                 area_wfp=74003962 ret_pc=70168732 real_wsp=700015A0 (was 7400394E) shadow_wsp=700015A0 master_wfp=700015B4 depth=0
redirect seq=003993 caller=QUEST2 WSAVS DIST                 pc=70168717 area_wfp=74003962 argc=4 frame=0 real_wsp=700015AA shadow_wsp=700015B4 master_wfp=700015B4 ret=70166E20 depth=1
redirect seq=003995 caller=QUEST2 WRTN  DIST                 area_wfp=74003962 ret_pc=70168732 real_wsp=700015A0 (was 7400394E) shadow_wsp=700015A0 master_wfp=700015B4 depth=0
redirect seq=003997 caller=QUEST2 WSAVS DIST                 pc=70168717 area_wfp=74003962 argc=4 frame=0 real_wsp=700015AA shadow_wsp=700015B4 master_wfp=700015B4 ret=70166E20 depth=1
redirect seq=003999 caller=QUEST2 WRTN  DIST                 area_wfp=74003962 ret_pc=70168732 real_wsp=700015A0 (was 7400394E) shadow_wsp=700015A0 master_wfp=700015B4 depth=0
redirect seq=004001 caller=QUEST2 WSAVS DIST                 pc=70168717 area_wfp=74003962 argc=4 frame=0 real_wsp=700015AA shadow_wsp=700015B4 master_wfp=700015B4 ret=70166E20 depth=1
redirect seq=004003 caller=QUEST2 WRTN  DIST                 area_wfp=74003962 ret_pc=70168732 real_wsp=700015A0 (was 7400394E) shadow_wsp=700015A0 master_wfp=700015B4 depth=0
redirect seq=004007 caller=QUEST2 WSAVS DIST                 pc=70168717 area_wfp=74003962 argc=4 frame=0 real_wsp=700015AA shadow_wsp=700015B4 master_wfp=700015B4 ret=70166E20 depth=1
redirect seq=004009 caller=QUEST2 WRTN  DIST                 area_wfp=74003962 ret_pc=70168732 real_wsp=700015A0 (was 7400394E) shadow_wsp=700015A0 master_wfp=700015B4 depth=0
redirect seq=004011 caller=QUEST2 WSAVS DIST                 pc=70168717 area_wfp=74003962 argc=4 frame=0 real_wsp=700015AA shadow_wsp=700015B4 master_wfp=700015B4 ret=70166E20 depth=1
redirect seq=004013 caller=QUEST2 WRTN  DIST                 area_wfp=74003962 ret_pc=70168732 real_wsp=700015A0 (was 7400394E) shadow_wsp=700015A0 master_wfp=700015B4 depth=0
redirect seq=004016 caller=QUEST2 WSAVS DIST                 pc=70168717 area_wfp=74003962 argc=4 frame=0 real_wsp=700015AA shadow_wsp=700015B4 master_wfp=700015B4 ret=70166E20 depth=1
redirect seq=004018 caller=QUEST2 WRTN  DIST                 area_wfp=74003962 ret_pc=70168732 real_wsp=700015A0 (was 7400394E) shadow_wsp=700015A0 master_wfp=700015B4 depth=0
redirect seq=004023 caller=QUEST2 WSAVS DIST                 pc=70168717 area_wfp=74003962 argc=4 frame=0 real_wsp=700015AA shadow_wsp=700015B4 master_wfp=700015B4 ret=70166E20 depth=1
redirect seq=004025 caller=QUEST2 WRTN  DIST                 area_wfp=74003962 ret_pc=70168732 real_wsp=700015A0 (was 7400394E) shadow_wsp=700015A0 master_wfp=700015B4 depth=0
redirect seq=004027 caller=QUEST2 WSAVS DIST                 pc=70168717 area_wfp=74003962 argc=4 frame=0 real_wsp=700015AA shadow_wsp=700015B4 master_wfp=700015B4 ret=70166E20 depth=1
redirect seq=004029 caller=QUEST2 WRTN  DIST                 area_wfp=74003962 ret_pc=70168732 real_wsp=700015A0 (was 7400394E) shadow_wsp=700015A0 master_wfp=700015B4 depth=0
redirect seq=004031 caller=QUEST2 WSAVS DIST                 pc=70168717 area_wfp=74003962 argc=4 frame=0 real_wsp=700015AA shadow_wsp=700015B4 master_wfp=700015B4 ret=70166E20 depth=1
redirect seq=004033 caller=QUEST2 WRTN  DIST                 area_wfp=74003962 ret_pc=70168732 real_wsp=700015A0 (was 7400394E) shadow_wsp=700015A0 master_wfp=700015B4 depth=0
redirect seq=004038 caller=QUEST2 WSAVS DIST                 pc=70168717 area_wfp=74003962 argc=4 frame=0 real_wsp=700015AA shadow_wsp=700015B4 master_wfp=700015B4 ret=70166E20 depth=1
redirect seq=004040 caller=QUEST2 WRTN  DIST                 area_wfp=74003962 ret_pc=70168732 real_wsp=700015A0 (was 7400394E) shadow_wsp=700015A0 master_wfp=700015B4 depth=0
redirect seq=004042 caller=QUEST2 WSAVS DIST                 pc=70168717 area_wfp=74003962 argc=4 frame=0 real_wsp=700015AA shadow_wsp=700015B4 master_wfp=700015B4 ret=70166E20 depth=1
redirect seq=004044 caller=QUEST2 WRTN  DIST                 area_wfp=74003962 ret_pc=70168732 real_wsp=700015A0 (was 7400394E) shadow_wsp=700015A0 master_wfp=700015B4 depth=0
redirect seq=004046 caller=QUEST2 WSAVS DIST                 pc=70168717 area_wfp=74003962 argc=4 frame=0 real_wsp=700015AA shadow_wsp=700015B4 master_wfp=700015B4 ret=70166E20 depth=1
redirect seq=004048 caller=QUEST2 WRTN  DIST                 area_wfp=74003962 ret_pc=70168732 real_wsp=700015A0 (was 7400394E) shadow_wsp=700015A0 master_wfp=700015B4 depth=0
redirect seq=004053 caller=QUEST2 WSAVS DIST                 pc=70168717 area_wfp=74003962 argc=4 frame=0 real_wsp=700015AA shadow_wsp=700015B4 master_wfp=700015B4 ret=70166E20 depth=1
redirect seq=004055 caller=QUEST2 WRTN  DIST                 area_wfp=74003962 ret_pc=70168732 real_wsp=700015A0 (was 7400394E) shadow_wsp=700015A0 master_wfp=700015B4 depth=0
redirect seq=004057 caller=QUEST2 WSAVS DIST                 pc=70168717 area_wfp=74003962 argc=4 frame=0 real_wsp=700015AA shadow_wsp=700015B4 master_wfp=700015B4 ret=70166E20 depth=1
redirect seq=004059 caller=QUEST2 WRTN  DIST                 area_wfp=74003962 ret_pc=70168732 real_wsp=700015A0 (was 7400394E) shadow_wsp=700015A0 master_wfp=700015B4 depth=0
redirect seq=004061 caller=QUEST2 WSAVS DIST                 pc=70168717 area_wfp=74003962 argc=4 frame=0 real_wsp=700015AA shadow_wsp=700015B4 master_wfp=700015B4 ret=70166E20 depth=1
redirect seq=004063 caller=QUEST2 WRTN  DIST                 area_wfp=74003962 ret_pc=70168732 real_wsp=700015A0 (was 7400394E) shadow_wsp=700015A0 master_wfp=700015B4 depth=0
redirect seq=004068 caller=QUEST2 WSAVS DIST                 pc=70168717 area_wfp=74003962 argc=4 frame=0 real_wsp=700015AA shadow_wsp=700015B4 master_wfp=700015B4 ret=70166E20 depth=1
redirect seq=004070 caller=QUEST2 WRTN  DIST                 area_wfp=74003962 ret_pc=70168732 real_wsp=700015A0 (was 7400394E) shadow_wsp=700015A0 master_wfp=700015B4 depth=0
redirect seq=004072 caller=QUEST2 WSAVS DIST                 pc=70168717 area_wfp=74003962 argc=4 frame=0 real_wsp=700015AA shadow_wsp=700015B4 master_wfp=700015B4 ret=70166E20 depth=1
redirect seq=004074 caller=QUEST2 WRTN  DIST                 area_wfp=74003962 ret_pc=70168732 real_wsp=700015A0 (was 7400394E) shadow_wsp=700015A0 master_wfp=700015B4 depth=0
redirect seq=004076 caller=QUEST2 WSAVS DIST                 pc=70168717 area_wfp=74003962 argc=4 frame=0 real_wsp=700015AA shadow_wsp=700015B4 master_wfp=700015B4 ret=70166E20 depth=1
redirect seq=004078 caller=QUEST2 WRTN  DIST                 area_wfp=74003962 ret_pc=70168732 real_wsp=700015A0 (was 7400394E) shadow_wsp=700015A0 master_wfp=700015B4 depth=0
redirect seq=004082 caller=QUEST2 WSAVS DIST                 pc=70168717 area_wfp=74003962 argc=4 frame=0 real_wsp=700015AA shadow_wsp=700015B4 master_wfp=700015B4 ret=70166E20 depth=1
redirect seq=004084 caller=QUEST2 WRTN  DIST                 area_wfp=74003962 ret_pc=70168732 real_wsp=700015A0 (was 7400394E) shadow_wsp=700015A0 master_wfp=700015B4 depth=0
redirect seq=004086 caller=QUEST2 WSAVS DIST                 pc=70168717 area_wfp=74003962 argc=4 frame=0 real_wsp=700015AA shadow_wsp=700015B4 master_wfp=700015B4 ret=70166E20 depth=1
redirect seq=004089 caller=QUEST2 WRTN  DIST                 area_wfp=74003962 ret_pc=70168732 real_wsp=700015A0 (was 7400394E) shadow_wsp=700015A0 master_wfp=700015B4 depth=0
redirect seq=004091 caller=QUEST2 WSAVS DIST                 pc=70168717 area_wfp=74003962 argc=4 frame=0 real_wsp=700015AA shadow_wsp=700015B4 master_wfp=700015B4 ret=70166E20 depth=1
redirect seq=004093 caller=QUEST2 WRTN  DIST                 area_wfp=74003962 ret_pc=70168732 real_wsp=700015A0 (was 7400394E) shadow_wsp=700015A0 master_wfp=700015B4 depth=0
redirect seq=004098 caller=QUEST2 WSAVS DIST                 pc=70168717 area_wfp=74003962 argc=4 frame=0 real_wsp=700015AA shadow_wsp=700015B4 master_wfp=700015B4 ret=70166E20 depth=1
redirect seq=004100 caller=QUEST2 WRTN  DIST                 area_wfp=74003962 ret_pc=70168732 real_wsp=700015A0 (was 7400394E) shadow_wsp=700015A0 master_wfp=700015B4 depth=0
redirect seq=004102 caller=QUEST2 WSAVS DIST                 pc=70168717 area_wfp=74003962 argc=4 frame=0 real_wsp=700015AA shadow_wsp=700015B4 master_wfp=700015B4 ret=70166E20 depth=1
redirect seq=004104 caller=QUEST2 WRTN  DIST                 area_wfp=74003962 ret_pc=70168732 real_wsp=700015A0 (was 7400394E) shadow_wsp=700015A0 master_wfp=700015B4 depth=0
redirect seq=004106 caller=QUEST2 WSAVS DIST                 pc=70168717 area_wfp=74003962 argc=4 frame=0 real_wsp=700015AA shadow_wsp=700015B4 master_wfp=700015B4 ret=70166E20 depth=1
redirect seq=004108 caller=QUEST2 WRTN  DIST                 area_wfp=74003962 ret_pc=70168732 real_wsp=700015A0 (was 7400394E) shadow_wsp=700015A0 master_wfp=700015B4 depth=0
redirect seq=004113 caller=QUEST2 WSAVS DIST                 pc=70168717 area_wfp=74003962 argc=4 frame=0 real_wsp=700015AA shadow_wsp=700015B4 master_wfp=700015B4 ret=70166E20 depth=1
redirect seq=004115 caller=QUEST2 WRTN  DIST                 area_wfp=74003962 ret_pc=70168732 real_wsp=700015A0 (was 7400394E) shadow_wsp=700015A0 master_wfp=700015B4 depth=0
redirect seq=004117 caller=QUEST2 WSAVS DIST                 pc=70168717 area_wfp=74003962 argc=4 frame=0 real_wsp=700015AA shadow_wsp=700015B4 master_wfp=700015B4 ret=70166E20 depth=1
redirect seq=004119 caller=QUEST2 WRTN  DIST                 area_wfp=74003962 ret_pc=70168732 real_wsp=700015A0 (was 7400394E) shadow_wsp=700015A0 master_wfp=700015B4 depth=0
redirect seq=004121 caller=QUEST2 WSAVS DIST                 pc=70168717 area_wfp=74003962 argc=4 frame=0 real_wsp=700015AA shadow_wsp=700015B4 master_wfp=700015B4 ret=70166E20 depth=1
redirect seq=004123 caller=QUEST2 WRTN  DIST                 area_wfp=74003962 ret_pc=70168732 real_wsp=700015A0 (was 7400394E) shadow_wsp=700015A0 master_wfp=700015B4 depth=0
redirect seq=004128 caller=QUEST2 WSAVS DIST                 pc=70168717 area_wfp=74003962 argc=4 frame=0 real_wsp=700015AA shadow_wsp=700015B4 master_wfp=700015B4 ret=70166E20 depth=1
redirect seq=004130 caller=QUEST2 WRTN  DIST                 area_wfp=74003962 ret_pc=70168732 real_wsp=700015A0 (was 7400394E) shadow_wsp=700015A0 master_wfp=700015B4 depth=0
redirect seq=004132 caller=QUEST2 WSAVS DIST                 pc=70168717 area_wfp=74003962 argc=4 frame=0 real_wsp=700015AA shadow_wsp=700015B4 master_wfp=700015B4 ret=70166E20 depth=1
redirect seq=004134 caller=QUEST2 WRTN  DIST                 area_wfp=74003962 ret_pc=70168732 real_wsp=700015A0 (was 7400394E) shadow_wsp=700015A0 master_wfp=700015B4 depth=0
redirect seq=004136 caller=QUEST2 WSAVS DIST                 pc=70168717 area_wfp=74003962 argc=4 frame=0 real_wsp=700015AA shadow_wsp=700015B4 master_wfp=700015B4 ret=70166E20 depth=1
redirect seq=004138 caller=QUEST2 WRTN  DIST                 area_wfp=74003962 ret_pc=70168732 real_wsp=700015A0 (was 7400394E) shadow_wsp=700015A0 master_wfp=700015B4 depth=0
redirect seq=004142 caller=QUEST2 WSAVS DIST                 pc=70168717 area_wfp=74003962 argc=4 frame=0 real_wsp=700015AA shadow_wsp=700015B4 master_wfp=700015B4 ret=70166E20 depth=1
redirect seq=004144 caller=QUEST2 WRTN  DIST                 area_wfp=74003962 ret_pc=70168732 real_wsp=700015A0 (was 7400394E) shadow_wsp=700015A0 master_wfp=700015B4 depth=0
redirect seq=004146 caller=QUEST2 WSAVS DIST                 pc=70168717 area_wfp=74003962 argc=4 frame=0 real_wsp=700015AA shadow_wsp=700015B4 master_wfp=700015B4 ret=70166E20 depth=1
redirect seq=004148 caller=QUEST2 WRTN  DIST                 area_wfp=74003962 ret_pc=70168732 real_wsp=700015A0 (was 7400394E) shadow_wsp=700015A0 master_wfp=700015B4 depth=0
redirect seq=004151 caller=QUEST2 WSAVS DIST                 pc=70168717 area_wfp=74003962 argc=4 frame=0 real_wsp=700015AA shadow_wsp=700015B4 master_wfp=700015B4 ret=70166E20 depth=1
redirect seq=004153 caller=QUEST2 WRTN  DIST                 area_wfp=74003962 ret_pc=70168732 real_wsp=700015A0 (was 7400394E) shadow_wsp=700015A0 master_wfp=700015B4 depth=0
redirect seq=004158 caller=QUEST2 WSAVS DIST                 pc=70168717 area_wfp=74003962 argc=4 frame=0 real_wsp=700015AA shadow_wsp=700015B4 master_wfp=700015B4 ret=70166E20 depth=1
redirect seq=004160 caller=QUEST2 WRTN  DIST                 area_wfp=74003962 ret_pc=70168732 real_wsp=700015A0 (was 7400394E) shadow_wsp=700015A0 master_wfp=700015B4 depth=0
redirect seq=004162 caller=QUEST2 WSAVS DIST                 pc=70168717 area_wfp=74003962 argc=4 frame=0 real_wsp=700015AA shadow_wsp=700015B4 master_wfp=700015B4 ret=70166E20 depth=1
redirect seq=004164 caller=QUEST2 WRTN  DIST                 area_wfp=74003962 ret_pc=70168732 real_wsp=700015A0 (was 7400394E) shadow_wsp=700015A0 master_wfp=700015B4 depth=0
redirect seq=004166 caller=QUEST2 WSAVS DIST                 pc=70168717 area_wfp=74003962 argc=4 frame=0 real_wsp=700015AA shadow_wsp=700015B4 master_wfp=700015B4 ret=70166E20 depth=1
redirect seq=004168 caller=QUEST2 WRTN  DIST                 area_wfp=74003962 ret_pc=70168732 real_wsp=700015A0 (was 7400394E) shadow_wsp=700015A0 master_wfp=700015B4 depth=0
redirect seq=004172 caller=QUEST2 WSAVS DIST                 pc=70168717 area_wfp=74003962 argc=4 frame=0 real_wsp=700015AA shadow_wsp=700015B4 master_wfp=700015B4 ret=70166E20 depth=1
redirect seq=004174 caller=QUEST2 WRTN  DIST                 area_wfp=74003962 ret_pc=70168732 real_wsp=700015A0 (was 7400394E) shadow_wsp=700015A0 master_wfp=700015B4 depth=0
redirect seq=004176 caller=QUEST2 WSAVS DIST                 pc=70168717 area_wfp=74003962 argc=4 frame=0 real_wsp=700015AA shadow_wsp=700015B4 master_wfp=700015B4 ret=70166E20 depth=1
redirect seq=004178 caller=QUEST2 WRTN  DIST                 area_wfp=74003962 ret_pc=70168732 real_wsp=700015A0 (was 7400394E) shadow_wsp=700015A0 master_wfp=700015B4 depth=0
redirect seq=004181 caller=QUEST2 WSAVS DIST                 pc=70168717 area_wfp=74003962 argc=4 frame=0 real_wsp=700015AA shadow_wsp=700015B4 master_wfp=700015B4 ret=70166E20 depth=1
redirect seq=004183 caller=QUEST2 WRTN  DIST                 area_wfp=74003962 ret_pc=70168732 real_wsp=700015A0 (was 7400394E) shadow_wsp=700015A0 master_wfp=700015B4 depth=0
redirect seq=004188 caller=QUEST2 WSAVS DIST                 pc=70168717 area_wfp=74003962 argc=4 frame=0 real_wsp=700015AA shadow_wsp=700015B4 master_wfp=700015B4 ret=70166E20 depth=1
redirect seq=004190 caller=QUEST2 WRTN  DIST                 area_wfp=74003962 ret_pc=70168732 real_wsp=700015A0 (was 7400394E) shadow_wsp=700015A0 master_wfp=700015B4 depth=0
redirect seq=004192 caller=QUEST2 WSAVS DIST                 pc=70168717 area_wfp=74003962 argc=4 frame=0 real_wsp=700015AA shadow_wsp=700015B4 master_wfp=700015B4 ret=70166E20 depth=1
redirect seq=004194 caller=QUEST2 WRTN  DIST                 area_wfp=74003962 ret_pc=70168732 real_wsp=700015A0 (was 7400394E) shadow_wsp=700015A0 master_wfp=700015B4 depth=0
redirect seq=004196 caller=QUEST2 WSAVS DIST                 pc=70168717 area_wfp=74003962 argc=4 frame=0 real_wsp=700015AA shadow_wsp=700015B4 master_wfp=700015B4 ret=70166E20 depth=1
redirect seq=004198 caller=QUEST2 WRTN  DIST                 area_wfp=74003962 ret_pc=70168732 real_wsp=700015A0 (was 7400394E) shadow_wsp=700015A0 master_wfp=700015B4 depth=0
redirect seq=004203 caller=QUEST2 WSAVS DIST                 pc=70168717 area_wfp=74003962 argc=4 frame=0 real_wsp=700015AA shadow_wsp=700015B4 master_wfp=700015B4 ret=70166E20 depth=1
redirect seq=004205 caller=QUEST2 WRTN  DIST                 area_wfp=74003962 ret_pc=70168732 real_wsp=700015A0 (was 7400394E) shadow_wsp=700015A0 master_wfp=700015B4 depth=0
redirect seq=004207 caller=QUEST2 WSAVS DIST                 pc=70168717 area_wfp=74003962 argc=4 frame=0 real_wsp=700015AA shadow_wsp=700015B4 master_wfp=700015B4 ret=70166E20 depth=1
redirect seq=004209 caller=QUEST2 WRTN  DIST                 area_wfp=74003962 ret_pc=70168732 real_wsp=700015A0 (was 7400394E) shadow_wsp=700015A0 master_wfp=700015B4 depth=0
redirect seq=004211 caller=QUEST2 WSAVS DIST                 pc=70168717 area_wfp=74003962 argc=4 frame=0 real_wsp=700015AA shadow_wsp=700015B4 master_wfp=700015B4 ret=70166E20 depth=1
redirect seq=004213 caller=QUEST2 WRTN  DIST                 area_wfp=74003962 ret_pc=70168732 real_wsp=700015A0 (was 7400394E) shadow_wsp=700015A0 master_wfp=700015B4 depth=0
redirect seq=004216 caller=QUEST2 WSAVS DIST                 pc=70168717 area_wfp=74003962 argc=4 frame=0 real_wsp=700015AA shadow_wsp=700015B4 master_wfp=700015B4 ret=70166E20 depth=1
redirect seq=004220 caller=QUEST2 WRTN  DIST                 area_wfp=74003962 ret_pc=70168732 real_wsp=700015A0 (was 7400394E) shadow_wsp=700015A0 master_wfp=700015B4 depth=0
redirect seq=004222 caller=QUEST2 WSAVS DIST                 pc=70168717 area_wfp=74003962 argc=4 frame=0 real_wsp=700015AA shadow_wsp=700015B4 master_wfp=700015B4 ret=70166E20 depth=1
redirect seq=004224 caller=QUEST2 WRTN  DIST                 area_wfp=74003962 ret_pc=70168732 real_wsp=700015A0 (was 7400394E) shadow_wsp=700015A0 master_wfp=700015B4 depth=0
redirect seq=004226 caller=QUEST2 WSAVS DIST                 pc=70168717 area_wfp=74003962 argc=4 frame=0 real_wsp=700015AA shadow_wsp=700015B4 master_wfp=700015B4 ret=70166E20 depth=1
redirect seq=004228 caller=QUEST2 WRTN  DIST                 area_wfp=74003962 ret_pc=70168732 real_wsp=700015A0 (was 7400394E) shadow_wsp=700015A0 master_wfp=700015B4 depth=0
redirect seq=004233 caller=QUEST2 WSAVS DIST                 pc=70168717 area_wfp=74003962 argc=4 frame=0 real_wsp=700015AA shadow_wsp=700015B4 master_wfp=700015B4 ret=70166E20 depth=1
redirect seq=004235 caller=QUEST2 WRTN  DIST                 area_wfp=74003962 ret_pc=70168732 real_wsp=700015A0 (was 7400394E) shadow_wsp=700015A0 master_wfp=700015B4 depth=0
redirect seq=004237 caller=QUEST2 WSAVS DIST                 pc=70168717 area_wfp=74003962 argc=4 frame=0 real_wsp=700015AA shadow_wsp=700015B4 master_wfp=700015B4 ret=70166E20 depth=1
redirect seq=004239 caller=QUEST2 WRTN  DIST                 area_wfp=74003962 ret_pc=70168732 real_wsp=700015A0 (was 7400394E) shadow_wsp=700015A0 master_wfp=700015B4 depth=0
redirect seq=004241 caller=QUEST2 WSAVS DIST                 pc=70168717 area_wfp=74003962 argc=4 frame=0 real_wsp=700015AA shadow_wsp=700015B4 master_wfp=700015B4 ret=70166E20 depth=1
redirect seq=004243 caller=QUEST2 WRTN  DIST                 area_wfp=74003962 ret_pc=70168732 real_wsp=700015A0 (was 7400394E) shadow_wsp=700015A0 master_wfp=700015B4 depth=0
redirect seq=004247 caller=QUEST2 WSAVS DIST                 pc=70168717 area_wfp=74003962 argc=4 frame=0 real_wsp=700015AA shadow_wsp=700015B4 master_wfp=700015B4 ret=70166E20 depth=1
redirect seq=004249 caller=QUEST2 WRTN  DIST                 area_wfp=74003962 ret_pc=70168732 real_wsp=700015A0 (was 7400394E) shadow_wsp=700015A0 master_wfp=700015B4 depth=0
redirect seq=004251 caller=QUEST2 WSAVS DIST                 pc=70168717 area_wfp=74003962 argc=4 frame=0 real_wsp=700015AA shadow_wsp=700015B4 master_wfp=700015B4 ret=70166E20 depth=1
redirect seq=004254 caller=QUEST2 WRTN  DIST                 area_wfp=74003962 ret_pc=70168732 real_wsp=700015A0 (was 7400394E) shadow_wsp=700015A0 master_wfp=700015B4 depth=0
redirect seq=004256 caller=QUEST2 WSAVS DIST                 pc=70168717 area_wfp=74003962 argc=4 frame=0 real_wsp=700015AA shadow_wsp=700015B4 master_wfp=700015B4 ret=70166E20 depth=1
redirect seq=004258 caller=QUEST2 WRTN  DIST                 area_wfp=74003962 ret_pc=70168732 real_wsp=700015A0 (was 7400394E) shadow_wsp=700015A0 master_wfp=700015B4 depth=0
redirect seq=004263 caller=QUEST2 WSAVS DIST                 pc=70168717 area_wfp=74003962 argc=4 frame=0 real_wsp=700015AA shadow_wsp=700015B4 master_wfp=700015B4 ret=70166E20 depth=1
redirect seq=004265 caller=QUEST2 WRTN  DIST                 area_wfp=74003962 ret_pc=70168732 real_wsp=700015A0 (was 7400394E) shadow_wsp=700015A0 master_wfp=700015B4 depth=0
redirect seq=004267 caller=QUEST2 WSAVS DIST                 pc=70168717 area_wfp=74003962 argc=4 frame=0 real_wsp=700015AA shadow_wsp=700015B4 master_wfp=700015B4 ret=70166E20 depth=1
redirect seq=004269 caller=QUEST2 WRTN  DIST                 area_wfp=74003962 ret_pc=70168732 real_wsp=700015A0 (was 7400394E) shadow_wsp=700015A0 master_wfp=700015B4 depth=0
redirect seq=004271 caller=QUEST2 WSAVS DIST                 pc=70168717 area_wfp=74003962 argc=4 frame=0 real_wsp=700015AA shadow_wsp=700015B4 master_wfp=700015B4 ret=70166E20 depth=1
redirect seq=004273 caller=QUEST2 WRTN  DIST                 area_wfp=74003962 ret_pc=70168732 real_wsp=700015A0 (was 7400394E) shadow_wsp=700015A0 master_wfp=700015B4 depth=0
redirect seq=004278 caller=QUEST2 WSAVS DIST                 pc=70168717 area_wfp=74003962 argc=4 frame=0 real_wsp=700015AA shadow_wsp=700015B4 master_wfp=700015B4 ret=70166E20 depth=1
redirect seq=004280 caller=QUEST2 WRTN  DIST                 area_wfp=74003962 ret_pc=70168732 real_wsp=700015A0 (was 7400394E) shadow_wsp=700015A0 master_wfp=700015B4 depth=0
redirect seq=004282 caller=QUEST2 WSAVS DIST                 pc=70168717 area_wfp=74003962 argc=4 frame=0 real_wsp=700015AA shadow_wsp=700015B4 master_wfp=700015B4 ret=70166E20 depth=1
redirect seq=004284 caller=QUEST2 WRTN  DIST                 area_wfp=74003962 ret_pc=70168732 real_wsp=700015A0 (was 7400394E) shadow_wsp=700015A0 master_wfp=700015B4 depth=0
redirect seq=004286 caller=QUEST2 WSAVS DIST                 pc=70168717 area_wfp=74003962 argc=4 frame=0 real_wsp=700015AA shadow_wsp=700015B4 master_wfp=700015B4 ret=70166E20 depth=1
redirect seq=004289 caller=QUEST2 WRTN  DIST                 area_wfp=74003962 ret_pc=70168732 real_wsp=700015A0 (was 7400394E) shadow_wsp=700015A0 master_wfp=700015B4 depth=0
redirect seq=004291 caller=QUEST2 WSAVS DIST                 pc=70168717 area_wfp=74003962 argc=4 frame=0 real_wsp=700015AA shadow_wsp=700015B4 master_wfp=700015B4 ret=70166E20 depth=1
redirect seq=004293 caller=QUEST2 WRTN  DIST                 area_wfp=74003962 ret_pc=70168732 real_wsp=700015A0 (was 7400394E) shadow_wsp=700015A0 master_wfp=700015B4 depth=0
redirect seq=004297 caller=QUEST2 WSAVS DIST                 pc=70168717 area_wfp=74003962 argc=4 frame=0 real_wsp=700015AA shadow_wsp=700015B4 master_wfp=700015B4 ret=70166E20 depth=1
redirect seq=004299 caller=QUEST2 WRTN  DIST                 area_wfp=74003962 ret_pc=70168732 real_wsp=700015A0 (was 7400394E) shadow_wsp=700015A0 master_wfp=700015B4 depth=0
redirect seq=004301 caller=QUEST2 WSAVS DIST                 pc=70168717 area_wfp=74003962 argc=4 frame=0 real_wsp=700015AA shadow_wsp=700015B4 master_wfp=700015B4 ret=70166E20 depth=1
redirect seq=004303 caller=QUEST2 WRTN  DIST                 area_wfp=74003962 ret_pc=70168732 real_wsp=700015A0 (was 7400394E) shadow_wsp=700015A0 master_wfp=700015B4 depth=0
redirect seq=004308 caller=QUEST2 WSAVS DIST                 pc=70168717 area_wfp=74003962 argc=4 frame=0 real_wsp=700015AA shadow_wsp=700015B4 master_wfp=700015B4 ret=70166E20 depth=1
redirect seq=004310 caller=QUEST2 WRTN  DIST                 area_wfp=74003962 ret_pc=70168732 real_wsp=700015A0 (was 7400394E) shadow_wsp=700015A0 master_wfp=700015B4 depth=0
redirect seq=004312 caller=QUEST2 WSAVS DIST                 pc=70168717 area_wfp=74003962 argc=4 frame=0 real_wsp=700015AA shadow_wsp=700015B4 master_wfp=700015B4 ret=70166E20 depth=1
redirect seq=004314 caller=QUEST2 WRTN  DIST                 area_wfp=74003962 ret_pc=70168732 real_wsp=700015A0 (was 7400394E) shadow_wsp=700015A0 master_wfp=700015B4 depth=0
redirect seq=004316 caller=QUEST2 WSAVS DIST                 pc=70168717 area_wfp=74003962 argc=4 frame=0 real_wsp=700015AA shadow_wsp=700015B4 master_wfp=700015B4 ret=70166E20 depth=1
redirect seq=004318 caller=QUEST2 WRTN  DIST                 area_wfp=74003962 ret_pc=70168732 real_wsp=700015A0 (was 7400394E) shadow_wsp=700015A0 master_wfp=700015B4 depth=0
redirect seq=004322 caller=QUEST2 WSAVS DIST                 pc=70168717 area_wfp=74003962 argc=4 frame=0 real_wsp=700015AA shadow_wsp=700015B4 master_wfp=700015B4 ret=70166E20 depth=1
redirect seq=004324 caller=QUEST2 WRTN  DIST                 area_wfp=74003962 ret_pc=70168732 real_wsp=700015A0 (was 7400394E) shadow_wsp=700015A0 master_wfp=700015B4 depth=0
redirect seq=004326 caller=QUEST2 WSAVS DIST                 pc=70168717 area_wfp=74003962 argc=4 frame=0 real_wsp=700015AA shadow_wsp=700015B4 master_wfp=700015B4 ret=70166E20 depth=1
redirect seq=004328 caller=QUEST2 WRTN  DIST                 area_wfp=74003962 ret_pc=70168732 real_wsp=700015A0 (was 7400394E) shadow_wsp=700015A0 master_wfp=700015B4 depth=0
redirect seq=004331 caller=QUEST2 WSAVS DIST                 pc=70168717 area_wfp=74003962 argc=4 frame=0 real_wsp=700015AA shadow_wsp=700015B4 master_wfp=700015B4 ret=70166E20 depth=1
redirect seq=004333 caller=QUEST2 WRTN  DIST                 area_wfp=74003962 ret_pc=70168732 real_wsp=700015A0 (was 7400394E) shadow_wsp=700015A0 master_wfp=700015B4 depth=0
redirect seq=004338 caller=QUEST2 WSAVS DIST                 pc=70168717 area_wfp=74003962 argc=4 frame=0 real_wsp=700015AA shadow_wsp=700015B4 master_wfp=700015B4 ret=70166E20 depth=1
redirect seq=004340 caller=QUEST2 WRTN  DIST                 area_wfp=74003962 ret_pc=70168732 real_wsp=700015A0 (was 7400394E) shadow_wsp=700015A0 master_wfp=700015B4 depth=0
redirect seq=004342 caller=QUEST2 WSAVS DIST                 pc=70168717 area_wfp=74003962 argc=4 frame=0 real_wsp=700015AA shadow_wsp=700015B4 master_wfp=700015B4 ret=70166E20 depth=1
redirect seq=004344 caller=QUEST2 WRTN  DIST                 area_wfp=74003962 ret_pc=70168732 real_wsp=700015A0 (was 7400394E) shadow_wsp=700015A0 master_wfp=700015B4 depth=0
redirect seq=004346 caller=QUEST2 WSAVS DIST                 pc=70168717 area_wfp=74003962 argc=4 frame=0 real_wsp=700015AA shadow_wsp=700015B4 master_wfp=700015B4 ret=70166E20 depth=1
redirect seq=004348 caller=QUEST2 WRTN  DIST                 area_wfp=74003962 ret_pc=70168732 real_wsp=700015A0 (was 7400394E) shadow_wsp=700015A0 master_wfp=700015B4 depth=0
redirect seq=004353 caller=QUEST2 WSAVS DIST                 pc=70168717 area_wfp=74003962 argc=4 frame=0 real_wsp=700015AA shadow_wsp=700015B4 master_wfp=700015B4 ret=70166E20 depth=1
redirect seq=004355 caller=QUEST2 WRTN  DIST                 area_wfp=74003962 ret_pc=70168732 real_wsp=700015A0 (was 7400394E) shadow_wsp=700015A0 master_wfp=700015B4 depth=0
redirect seq=004357 caller=QUEST2 WSAVS DIST                 pc=70168717 area_wfp=74003962 argc=4 frame=0 real_wsp=700015AA shadow_wsp=700015B4 master_wfp=700015B4 ret=70166E20 depth=1
redirect seq=004359 caller=QUEST2 WRTN  DIST                 area_wfp=74003962 ret_pc=70168732 real_wsp=700015A0 (was 7400394E) shadow_wsp=700015A0 master_wfp=700015B4 depth=0
redirect seq=004361 caller=QUEST2 WSAVS DIST                 pc=70168717 area_wfp=74003962 argc=4 frame=0 real_wsp=700015AA shadow_wsp=700015B4 master_wfp=700015B4 ret=70166E20 depth=1
redirect seq=004363 caller=QUEST2 WRTN  DIST                 area_wfp=74003962 ret_pc=70168732 real_wsp=700015A0 (was 7400394E) shadow_wsp=700015A0 master_wfp=700015B4 depth=0
redirect seq=004366 caller=QUEST2 WSAVS DIST                 pc=70168717 area_wfp=74003962 argc=4 frame=0 real_wsp=700015AA shadow_wsp=700015B4 master_wfp=700015B4 ret=70166E20 depth=1
redirect seq=004368 caller=QUEST2 WRTN  DIST                 area_wfp=74003962 ret_pc=70168732 real_wsp=700015A0 (was 7400394E) shadow_wsp=700015A0 master_wfp=700015B4 depth=0
redirect seq=004372 caller=QUEST2 WSAVS DIST                 pc=70168717 area_wfp=74003962 argc=4 frame=0 real_wsp=700015AA shadow_wsp=700015B4 master_wfp=700015B4 ret=70166E20 depth=1
redirect seq=004374 caller=QUEST2 WRTN  DIST                 area_wfp=74003962 ret_pc=70168732 real_wsp=700015A0 (was 7400394E) shadow_wsp=700015A0 master_wfp=700015B4 depth=0
redirect seq=004376 caller=QUEST2 WSAVS DIST                 pc=70168717 area_wfp=74003962 argc=4 frame=0 real_wsp=700015AA shadow_wsp=700015B4 master_wfp=700015B4 ret=70166E20 depth=1
redirect seq=004378 caller=QUEST2 WRTN  DIST                 area_wfp=74003962 ret_pc=70168732 real_wsp=700015A0 (was 7400394E) shadow_wsp=700015A0 master_wfp=700015B4 depth=0
redirect seq=004381 caller=QUEST2 WSAVS TERRITORY            pc=7017CD71 area_wfp=74009956 argc=6 frame=22 real_wsp=700015AE shadow_wsp=700015E4 master_wfp=700015B8 ret=701670F2 depth=1
redirect seq=004474 caller=QUEST2 WRTN  TERRITORY            area_wfp=74009956 ret_pc=7017CFAF real_wsp=700015A0 (was 7400993E) shadow_wsp=700015A0 master_wfp=700015B8 depth=0
redirect seq=004476 caller=QUEST2 WSAVS TOWER_ATTACK         pc=7017D0ED area_wfp=740099AC argc=1 frame=94 real_wsp=70001150 shadow_wsp=70001216 master_wfp=7000115A ret=701788EF depth=1
redirect seq=004487 caller=QUEST2 WRTN  TOWER_ATTACK         area_wfp=740099AC ret_pc=7017D40B real_wsp=7000114C (was 7400999E) shadow_wsp=7000114C master_wfp=7000115A depth=0
redirect seq=004489 caller=QUEST2 WSAVS REPORT               pc=70176C0B area_wfp=7400738A argc=0 frame=258 real_wsp=7000114E shadow_wsp=7000135C master_wfp=70001158 ret=701788F3 depth=1
redirect seq=004490 caller=QUEST2 WRTN  REPORT               area_wfp=7400738A ret_pc=70176F46 real_wsp=7000114C (was 7400737E) shadow_wsp=7000114C master_wfp=70001158 depth=0
redirect seq=004492 caller=QUEST2 WSAVS THIEF                pc=7017B42F area_wfp=74007C0C argc=1 frame=68 real_wsp=70001150 shadow_wsp=700011E2 master_wfp=7000115A ret=701788FA depth=1
redirect seq=004493 caller=QUEST2 WRTN  THIEF                area_wfp=74007C0C ret_pc=7017B431 real_wsp=7000114C (was 74007BFE) shadow_wsp=7000114C master_wfp=7000115A depth=0
redirect seq=004495 caller=QUEST2 WSAVS CATAPULT             pc=70161CBF area_wfp=74000EBC argc=1 frame=26 real_wsp=70001150 shadow_wsp=7000118E master_wfp=7000115A ret=70178901 depth=1
redirect seq=004497 caller=QUEST2 WRTN  CATAPULT             area_wfp=74000EBC ret_pc=70161FAE real_wsp=7000114C (was 74000EAE) shadow_wsp=7000114C master_wfp=7000115A depth=0
redirect seq=004499 caller=QUEST2 WSAVS DEFEND               pc=70165863 area_wfp=7400304A argc=0 frame=148 real_wsp=7000114E shadow_wsp=70001280 master_wfp=70001158 ret=70178930 depth=1
redirect seq=004501 caller=QUEST2 WRTN  DEFEND               area_wfp=7400304A ret_pc=70165D6E real_wsp=7000114C (was 7400303E) shadow_wsp=7000114C master_wfp=70001158 depth=0
redirect seq=004514 caller=QUEST2 WSAVS GET_INPUT            pc=7016AA35 area_wfp=74003ECC argc=1 frame=41 real_wsp=70001150 shadow_wsp=700011AC master_wfp=7000115A ret=70178C3F depth=1
redirect seq=004522 caller=QUEST2 WRTN  GET_INPUT            area_wfp=74003ECC ret_pc=7016AA66 real_wsp=7000114C (was 74003EBE) shadow_wsp=7000114C master_wfp=7000115A depth=0
redirect seq=004555 caller=QUEST2 WSAVS GET_INPUT            pc=7016AA35 area_wfp=74003ECC argc=1 frame=41 real_wsp=70001150 shadow_wsp=700011AC master_wfp=7000115A ret=70178C3F depth=1
redirect seq=004563 caller=QUEST2 WRTN  GET_INPUT            area_wfp=74003ECC ret_pc=7016AA66 real_wsp=7000114C (was 74003EBE) shadow_wsp=7000114C master_wfp=7000115A depth=0
redirect seq=004587 caller=QUEST2 WSAVS AUTO_MOVE            pc=7015FA73 area_wfp=740009FE argc=2 frame=16 real_wsp=70001152 shadow_wsp=7000117C master_wfp=7000115C ret=70178D56 depth=1
redirect seq=004598 caller=QUEST2 WSAVS GET_INPUT            pc=7016AA35 area_wfp=74003ECC argc=1 frame=41 real_wsp=7000115A shadow_wsp=700011E0 master_wfp=7000118E ret=7015FAA6 depth=2
redirect seq=004606 caller=QUEST2 WRTN  GET_INPUT            area_wfp=74003ECC ret_pc=7016AA66 real_wsp=70001156 (was 74003EBE) shadow_wsp=70001180 master_wfp=7000118E depth=1
redirect seq=004623 caller=QUEST2 WSAVS READ_IN              pc=701766ED area_wfp=740072BA argc=0 frame=6 real_wsp=70001158 shadow_wsp=70001198 master_wfp=7000118C ret=7015FB7E depth=2
redirect seq=004635 caller=QUEST2 WRTN  READ_IN              area_wfp=740072BA ret_pc=7017E77D real_wsp=70001156 (was 740072AE) shadow_wsp=70001180 master_wfp=7000118C depth=1
redirect seq=004652 caller=QUEST2 WRTN  AUTO_MOVE            area_wfp=740009FE ret_pc=7017E77D real_wsp=7000114C (was 740009EE) shadow_wsp=7000114C master_wfp=7000115C depth=0
redirect seq=004664 caller=QUEST2 WSAVS GET_INPUT            pc=7016AA35 area_wfp=74003ECC argc=1 frame=41 real_wsp=70001150 shadow_wsp=700011AC master_wfp=7000115A ret=70178C3F depth=1
redirect seq=004672 caller=QUEST2 WRTN  GET_INPUT            area_wfp=74003ECC ret_pc=7016AA66 real_wsp=7000114C (was 74003EBE) shadow_wsp=7000114C master_wfp=7000115A depth=0
