AddressBook: /home/questrunner/queue/Work/c_src/quest.addrbook — 102 live routine(s), 40320 words, 40 page(s) at 74000000
  7015C005 QUEST                    area 74000000 wfp 7400000A argc 0 frame 34 WSAVS
  7015C5E1 QUEST.1@7015C5E1         area 74000060 wfp 7400006A argc 0 frame 6 WSAVS
  7015C823 ALCHEMIST_HOME           area 74000090 wfp 740000A0 argc 3 frame 128 WSAVS
  7015CC78 ALCHEMIST_HOME.1@7015CC78 area 740001C0 wfp 740001CA argc 0 frame 49 WSAVS
  7015D053 ALLY_PLAYER              area 74000240 wfp 7400024A argc 0 frame 304 WSAVS
  7015D7A7 ATTACK                   area 74000510 wfp 7400051A argc 0 frame 186 WSAVS
  7015E113 ATTACK.1@7015E113        area 740006A0 wfp 740006AA argc 0 frame 33 WSAVS
  7015E1F1 ATTACK.2@7015E1F1        area 74000700 wfp 7400070A argc 0 frame 107 WSAVS
  7015E84A ATTACK.3@7015E84A        area 74000800 wfp 7400080A argc 0 frame 115 WSAVS
  7015F8F6 ATTACK.5@7015F8F6        area 74000930 wfp 7400093A argc 0 frame 81 WSAVS
  7015FA73 AUTO_MOVE                area 740009F0 wfp 740009FE argc 2 frame 16 WSAVS
  7015FD51 BACKPACK                 area 74000A50 wfp 74000A5C argc 1 frame 94 WSAVS
  7016044F BARGAIN                  area 74000B30 wfp 74000B40 argc 3 frame 107 WSAVS
  70160854 BARGAIN.1@70160854       area 74000C30 wfp 74000C3C argc 1 frame 80 WSAVS
  70160920 BARGAIN.2@70160920       area 74000CF0 wfp 74000CFA argc 0 frame 75 WSAVS
  70160B95 BEING_ATTACK             area 74000DB0 wfp 74000DBA argc 0 frame 22 WSAVS
  70161693 BOAT                     area 74000E00 wfp 74000E10 argc 3 frame 36 WSAVS
  70161AA3 BOAT.1@70161AA3          area 74000E70 wfp 74000E7C argc 1 frame 12 WSAVS
  70161CBF CATAPULT                 area 74000EB0 wfp 74000EBC argc 1 frame 26 WSAVS
  70162327 CAST                     area 74000F10 wfp 74000F1A argc 0 frame 89 WSAVS
  7016243F CAST.1@7016243F          area 74000FE0 wfp 74000FEA argc 0 frame 55 WSAVS
  70163682 CAST.4@70163682          area 740010B0 wfp 740010BE argc 2 frame 4 WSAVS
  7016389D CASTLE_INVENTORY         area 740010E0 wfp 740010EC argc 1 frame 77 WSAVS
  70163FD3 CAVE_ATTACK              area 740011C0 wfp 740011CA argc 0 frame 132 WSAVS
  701643E0 CAVE_ATTACK.1@701643E0   area 740012F0 wfp 740012FA argc 0 frame 110 WSAVS
  70164600 CAVE_ATTACK.2@70164600   area 740013F0 wfp 740013FA argc 0 frame 102 WSAVS
  70164D5B CLONE_SUNDAR             area 740014E0 wfp 740014F0 argc 3 frame 10 WSAVS
  7016509F CREATE_MAP               area 74001520 wfp 7400152E argc 2 frame 1706 WSAVS
  701650AC DISPLAY_MAP              area 740022A0 wfp 740022AE argc 2 frame 1706 WSAVS
  70165863 DEFEND                   area 74003040 wfp 7400304A argc 0 frame 148 WSAVS
  7016603D DIED                     area 74003190 wfp 7400319E argc 2 frame 7 WSAVS
  70166487 DISPLAY_MAGIC            area 740031C0 wfp 740031CA argc 0 frame 53 WSAVS
  701666A3 DISPLAY_CAVE             area 74003250 wfp 7400325C argc 1 frame 91 WSAVS
  70166AF9 DISPLAY_SCREEN           area 74003330 wfp 7400333C argc 1 frame 547 WSAVS
  701674B5 DISPLAY_INVENTORY        area 740037A0 wfp 740037AC argc 1 frame 158 WSAVS
  701685AB DISPLAY_FLASK            area 74003900 wfp 7400390C argc 1 frame 25 WSAVS
  70168717 DIST                     area 74003950 wfp 74003962 argc 4 frame 0 WSAVS
  701687AD DISTANCE_TO_PLAYER       area 74003980 wfp 74003990 argc 3 frame 2 WSAVS
  70168A27 DROP                     area 740039B0 wfp 740039BC argc 1 frame 101 WSAVS
  70169683 DROP.1@70169683          area 74003AA0 wfp 74003AAA argc 0 frame 17 WSAVS
  701697A1 FAKE_LAND_MASS           area 74003B00 wfp 74003B0C argc 1 frame 12 WSAVS
  701699B5 FAKE_OCEAN               area 74003B40 wfp 74003B4C argc 1 frame 6 WSAVS
  70169B0F LOCK_FILE                area 74003B70 wfp 74003B7E argc 2 frame 1 WSAVR
  70169B86 UNLOCK_FILE              area 74003BA0 wfp 74003BAC argc 1 frame 0 WSAVR
  70169D69 FIRE                     area 74003BC0 wfp 74003BCE argc 2 frame 169 WSAVS
  7016A3BD FIRE.1@7016A3BD          area 74003D40 wfp 74003D4A argc 0 frame 4 WSAVS
  7016A461 FIRE.2@7016A461          area 74003D70 wfp 74003D7A argc 0 frame 10 WSAVS
  7016A4F8 FIRE.3@7016A4F8          area 74003DA0 wfp 74003DAA argc 0 frame 105 WSAVS
  7016A88F FIND_OBJECT              area 74003E90 wfp 74003EA0 argc 3 frame 6 WSAVS
  7016AA35 GET_INPUT                area 74003EC0 wfp 74003ECC argc 1 frame 41 WSAVS
  7016B549 GET_QUEST                area 74003F30 wfp 74003F3A argc 0 frame 1354 WSAVS
  7016BDB3 GET_OBJECT_INDEX         area 740049E0 wfp 740049EC argc 1 frame 3 WSAVS
  7016D55F HELP                     area 74004A10 wfp 74004A1A argc 0 frame 1569 WSAVS
  7016DE91 HIT_ANY_CHAR             area 74005690 wfp 7400569A argc 0 frame 9 WSAVS
  7016DF39 INIT_OBJ_TBL             area 740056C0 wfp 740056CE argc 2 frame 5 WSAVS
  7016E103 INIT_SCREEN              area 740056F0 wfp 740056FC argc 1 frame 5 WSAVS
  7016E2C7 KILL_PLAYER              area 74005720 wfp 7400572A argc 0 frame 315 WSAVS
  7016E5CB KILL_PLAYER.4@7016E5CB   area 74005A30 wfp 74005A3C argc 1 frame 5 WSAVS
  7016E6BD KNIGHT_ATTACK            area 74005A60 wfp 74005A6C argc 1 frame 12 WSAVS
  7016EB87 LIST_PLAYERS             area 74005AA0 wfp 74005AAA argc 0 frame 419 WSAVS
  7016F556 LIST_PLAYERS.3@7016F556  area 74005E60 wfp 74005E6C argc 1 frame 3 WSAVS
  7016F65B LOOK                     area 74005E90 wfp 74005E9A argc 0 frame 44 WSAVS
  7016F7D1 MOVE                     area 74005F10 wfp 74005F1E argc 2 frame 7 WSAVS
  7016FC67 MOVE_FAMILIAR            area 74005F40 wfp 74005F4C argc 1 frame 97 WSAVS
  701702DB MOVE_IN_CAVE             area 74006020 wfp 74006030 argc 3 frame 110 WSAVS
  7017101D MOVE_PLAYER              area 74006120 wfp 74006130 argc 3 frame 221 WSAVS
  701729E2 MOVE_PLAYER.1@701729E2   area 74006300 wfp 7400630A argc 0 frame 6 WSAVS
  70172CE1 OBSERVE                  area 74006330 wfp 7400633C argc 1 frame 341 WSAVS
  7017381B OP_EDIT                  area 74006620 wfp 7400662A argc 0 frame 242 WSAVS
  70175672 OP_EDIT.4@70175672       area 74006880 wfp 74006890 argc 3 frame 16 WSAVS
  701757A8 OP_EDIT.6@701757A8       area 740068F0 wfp 74006900 argc 3 frame 22 WSAVS
  70175897 OP_EDIT.8@70175897       area 74006960 wfp 74006972 argc 4 frame 14 WSAVS
  70175BA9 OP_HELP                  area 740069C0 wfp 740069CA argc 0 frame 919 WSAVS
  70175CBF OWNS                     area 74007110 wfp 7400711E argc 2 frame 3 WSAVS
  70175E9F LOGON                    area 74007140 wfp 7400714A argc 0 frame 40 WSAVS
  701761E7 PICK_X_Y                 area 74007210 wfp 7400721E argc 2 frame 5 WSAVS
  701762F3 PLACE_PLAYER             area 74007240 wfp 74007250 argc 3 frame 8 WSAVS
  7017664D RANDOM                   area 74007280 wfp 7400728C argc 1 frame 2 WSAVS
  701766ED READ_IN                  area 740072B0 wfp 740072BA argc 0 frame 6 WSAVS
  70176797 REGEN_SPELLS             area 74007300 wfp 7400730A argc 0 frame 6 WSAVS
  70176A93 REFRESH_SCREEN           area 74007330 wfp 7400733C argc 1 frame 23 WSAVS
  70176C0B REPORT                   area 74007380 wfp 7400738A argc 0 frame 258 WSAVS
  70176FC1 REPOSITION               area 740075A0 wfp 740075AC argc 1 frame 1 WSAVS
  70176FDD RETURN_MESSAGE           area 740075C0 wfp 740075D6 argc 6 frame 3 WSAVS
  701771CF SEIGE                    area 740075F0 wfp 74007602 argc 4 frame 204 WSAVS
  70177BED SIGNAL_TURN              area 740077B0 wfp 740077BA argc 0 frame 13 WSAVS
  7017821F START_TURN               area 740077F0 wfp 740077FA argc 0 frame 48 WSAVS
  701797F3 SPYGLASS                 area 74007890 wfp 7400789C argc 1 frame 15 WSAVS
  70179BE3 STORE                    area 740078D0 wfp 740078E0 argc 3 frame 221 WSAVS
  7017A695 STORMS_AT_SEA            area 74007AD0 wfp 74007ADC argc 1 frame 23 WSAVS
  7017A963 TAKE                     area 74007B20 wfp 74007B2C argc 1 frame 92 WSAVS
  7017B42F THIEF                    area 74007C00 wfp 74007C0C argc 1 frame 68 WSAVS
  7017B799 TERRITORY_MAP            area 74007CB0 wfp 74007CBC argc 1 frame 3465 WSAVS
  7017C27D TAKE_OVER_CASTLE         area 740097E0 wfp 740097EE argc 2 frame 92 WSAVS
  7017C877 TERRAIN                  area 740098C0 wfp 740098DC argc 9 frame 15 WSAVS
  7017CD71 TERRITORY                area 74009940 wfp 74009956 argc 6 frame 22 WSAVS
  7017D0ED TOWER_ATTACK             area 740099A0 wfp 740099AC argc 1 frame 94 WSAVS
  7017D48F TRANSPORT_TERRAK         area 74009A80 wfp 74009A8E argc 2 frame 12 WSAVS
  7017D492 TRANSPORT_SUNDAR         area 74009AC0 wfp 74009ACE argc 2 frame 12 WSAVS
  7017D635 UPDATE_SCREENS           area 74009B00 wfp 74009B10 argc 3 frame 5 WSAVS
  7017D735 UPDATE_USER_DATA_FILE    area 74009B30 wfp 74009B40 argc 3 frame 260 WSAVS
  7017D859 WRITE_OBJECT             area 74009D60 wfp 74009D76 argc 6 frame 4 WSAVS
AddressBook: decorated call 70166E1C → DIST marker 74003958
AddressBook: /home/questrunner/queue/Work/c_src/quest.pushmap — caller map: 4 push redirect(s), 1 decorated call(s)
Decoder::initialize()...MachineThread()...
Init complete.
:
:CASTLE_DATA_FILE
:DATA_FILE
:FIXUP_OBJECTS.PR
:FIXUP_OBJECTS.ST
:NEW_CASTLES.PR
:NEW_CASTLES.ST
:NEW_USERS.PR
:NEW_USERS.ST
:NEW_USER_DATA_FILE
:OLD_USER_DATA_FILE
:PER
:QUEST.PR
:QUEST.ST
:QUEST_SERVER.PR
:QUEST_SERVER.ST
:SAVE_USER.PR
:SAVE_USER.ST
:SHARED_DATA_FILE
:SYSTEM
:USER_DATA_FILE
:WORLD_DATA_FILE
Lockstep role for QUEST_SERVER: SERVER
Waiting for terminal client for @QUEST
*** SD_PTR [QUEST_SERVER] set to 0x70180000
Lockstep role for QUEST1: MASTER
RTStubs: INJECT armed at 7016A896 type=-1 code=2006 (QUEST_INJECT)
RTStubs: RT range 7017D99B..7017FFFF, 137 entries
Silent clone terminal for @QUEST
Lockstep role for QUEST2: CLONE
NativeRegistry: 0x7015BD20 (direct)
NativeRegistry: 0x7017D99B (direct)
NativeRegistry: 0x7017DA75 (direct)
NativeRegistry: 0x7017DB1B (direct)
NativeRegistry: 0x7017DB3E (direct)
NativeRegistry: 0x7017DB4B (direct)
NativeRegistry: 0x7017DB63 (direct)
NativeRegistry: 0x7017DB9B (direct)
NativeRegistry: 0x7017DBB3 (direct)
NativeRegistry: 0x7017DC3F (direct)
NativeRegistry: 0x7017DC4F (direct)
NativeRegistry: 0x7017DC63 (direct)
NativeRegistry: 0x7017DC7D (direct)
NativeRegistry: 0x7017DCCB (direct)
NativeRegistry: 0x7017DD27 (direct)
NativeRegistry: 0x7017DDBB (direct)
NativeRegistry: 0x7017DE25 (direct)
NativeRegistry: 0x7017DE33 (direct)
NativeRegistry: 0x7017DE5F (direct)
NativeRegistry: 0x7017DEEB (direct)
NativeRegistry: 0x7017E095 (direct)
NativeRegistry: 0x7017E0BB (direct)
NativeRegistry: 0x7017E12B (direct)
NativeRegistry: 0x7017E14D (direct)
NativeRegistry: 0x7017E154 (direct)
NativeRegistry: 0x7017E15E (direct)
NativeRegistry: 0x7017E168 (direct)
NativeRegistry: 0x7017E171 (direct)
NativeRegistry: 0x7017E17F (direct)
NativeRegistry: 0x7017E189 (direct)
NativeRegistry: 0x7017E190 (direct)
NativeRegistry: 0x7017E197 (direct)
NativeRegistry: 0x7017E1A5 (direct)
NativeRegistry: 0x7017E1B5 (direct)
NativeRegistry: 0x7017E1C0 (direct)
NativeRegistry: 0x7017E1CB (direct)
NativeRegistry: 0x7017E1DC (direct)
NativeRegistry: 0x7017E1FC (direct)
NativeRegistry: 0x7017E27A (direct)
NativeRegistry: 0x7017E31C (direct)
NativeRegistry: 0x7017E33A (direct)
NativeRegistry: 0x7017E3D2 (direct)
NativeRegistry: 0x7017E3F0 (direct)
NativeRegistry: 0x7017E4B8 (direct)
NativeRegistry: 0x7017E5CB (direct)
NativeRegistry: 0x7017E5F4 (direct)
NativeRegistry: 0x7017E64A (direct)
NativeRegistry: 0x7017E688 (direct)
NativeRegistry: 0x7017E708 (direct)
NativeRegistry: 0x7017E722 (direct)
NativeRegistry: 0x7017E733 (direct)
NativeRegistry: 0x7017E750 (direct)
NativeRegistry: 0x7017E766 (direct)
NativeRegistry: 0x7017E77D (direct)
NativeRegistry: 0x7017E784 (direct)
NativeRegistry: 0x7017E786 (direct)
NativeRegistry: 0x7017E7C4 (direct)
NativeRegistry: 0x7017E7D0 (direct)
NativeRegistry: 0x7017E7ED (direct)
NativeRegistry: 0x7017E805 (direct)
NativeRegistry: 0x7017E811 (direct)
NativeRegistry: 0x7017E81C (direct)
NativeRegistry: 0x7017E820 (direct)
NativeRegistry: 0x7017E834 (direct)
NativeRegistry: 0x7017E838 (direct)
NativeRegistry: 0x7017E853 (direct)
NativeRegistry: 0x7017E866 (direct)
NativeRegistry: 0x7017E945 (direct)
NativeRegistry: 0x7017E949 (direct)
NativeRegistry: 0x7017E94C (direct)
NativeRegistry: 0x7017EA1E (direct)
NativeRegistry: 0x7017EA2E (direct)
NativeRegistry: 0x7017EA5E (direct)
NativeRegistry: 0x7017EA78 (direct)
NativeRegistry: 0x7017EA7A (direct)
NativeRegistry: 0x7017EB67 (direct)
NativeRegistry: 0x7017EBA8 (direct)
NativeRegistry: 0x7017EBC0 (direct)
NativeRegistry: 0x7017EC39 (direct)
NativeRegistry: 0x7017EC7B (direct)
NativeRegistry: 0x7017EC7C (direct)
NativeRegistry: 0x7017ECCC (direct)
NativeRegistry: 0x7017ED1C (direct)
NativeRegistry: 0x7017ED93 (direct)
NativeRegistry: 0x7017ED9B (direct)
NativeRegistry: 0x7017EDCB (direct)
NativeRegistry: 0x7017EDDD (direct)
NativeRegistry: 0x7017EDE7 (direct)
NativeRegistry: 0x7017EDED (direct)
NativeRegistry: 0x7017EE02 (direct)
NativeRegistry: 0x7017EE07 (direct)
NativeRegistry: 0x7017EE0F (direct)
NativeRegistry: 0x7017EE17 (direct)
NativeRegistry: 0x7017EE1F (direct)
NativeRegistry: 0x7017EE27 (direct)
NativeRegistry: 0x7017EE2D (direct)
NativeRegistry: 0x7017EE33 (direct)
NativeRegistry: 0x7017EE56 (direct)
NativeRegistry: 0x7017EF05 (direct)
NativeRegistry: 0x7017EF51 (direct)
NativeRegistry: 0x7017EF54 (direct)
NativeRegistry: 0x7017F030 (direct)
NativeRegistry: 0x7017F036 (direct)
NativeRegistry: 0x7017F6B4 (direct)
NativeRegistry: 0x7017F730 (direct)
NativeRegistry: 0x7017F774 (direct)
NativeRegistry: 0x7017F87B (direct)
NativeRegistry: 0x7017FA31 (direct)
NativeRegistry: 0x7017FABC (direct)
NativeRegistry: 0x7017FB81 (direct)
NativeRegistry: 0x7017FBAE (direct)
NativeRegistry: 0x7017FBE3 (direct)
NativeRegistry: 0x7017FC39 (direct)
NativeRegistry: 0x7017FC41 (direct)
NativeRegistry: 0x7017FC4D (direct)
NativeRegistry: 0x7017FC50 (direct)
NativeRegistry: 0x7017FCAB (direct)
NativeRegistry: 0x7017FCCD (direct)
NativeRegistry: 0x7017FCD8 (direct)
NativeRegistry: 0x7017FCE8 (direct)
NativeRegistry: 0x7017FCF3 (direct)
NativeRegistry: 0x7017FD16 (direct)
NativeRegistry: 0x7017FD3D (direct)
NativeRegistry: 0x7017FD61 (direct)
NativeRegistry: 0x7017FD7A (direct)
NativeRegistry: 0x7017FDA0 (direct)
NativeRegistry: 0x7017FDB9 (direct)
NativeRegistry: 0x7017FDBF (direct)
NativeRegistry: 0x7017FDC0 (direct)
NativeRegistry: 0x7017FDC2 (direct)
NativeRegistry: 0x7017FDCE (direct)
NativeRegistry: 0x7017FDD0 (direct)
NativeRegistry: 0x7017FDD3 (direct)
NativeRegistry: 0x7017FDD9 (direct)
NativeRegistry: 0x7017FDE5 (direct)
NativeRegistry: 0x7017FE05 (direct)
NativeRegistry: 0x7017FE26 (direct)
NativeRegistry: ?FILL_WORDS -> 0x7017E31C
NativeRegistry: ?UDIV32 -> 0x7017DB3E
NativeRegistry: ?UNSIGNED_TO_CHAR -> 0x7017DA75
NativeRegistry: O.ON -> 0x7017ED9B
NativeRegistry: O.REVERT -> 0x7017EDCB
NativeRegistry: I.LOCK -> 0x7017E7D0
NativeRegistry: I.UNLOCK -> 0x7017E7ED
NativeRegistry: I.ALLOC -> 0x7017E866
NativeRegistry: I.FREEB -> 0x7017E945
NativeRegistry: I.FREEW -> 0x7017E949
NativeRegistry: I.FREE -> 0x7017E94C
NativeRegistry: T?AREA -> 0x7017ED93
NativeRegistry: I.PROLOG -> 0x7017E733
NativeRegistry: I.EPILOG -> 0x7017E77D
NativeRegistry: I.GOTO -> 0x7017EC7C
NativeRegistry: O?SIGNAL -> 0x7017EDED
NativeRegistry: O.SET -> 0x7017EE56
NativeRegistry: O.SERROR -> 0x7017EE33
NativeRegistry: O.SCONVE -> 0x7017EE2D
NativeRegistry: O.SSUBSC -> 0x7017EE27
NativeRegistry: O.SFIXED -> 0x7017EE1F
NativeRegistry: O.SZEROD -> 0x7017EE17
NativeRegistry: O.SOVERF -> 0x7017EE0F
NativeRegistry: O.SUNDER -> 0x7017EE07
NativeRegistry: ?LIB_ERROR -> 0x7017E33A
NativeRegistry: ?LIB_ERROR_CODE -> 0x7017DE25
NativeRegistry: ?DEFAULT_ERROR_HANDLER -> 0x7017E3D2
NativeRegistry: O?AREA -> 0x7017FC39
NativeRegistry: P?DEFON -> 0x7017FD7A
NativeRegistry: R?SIGNAL -> 0x7017EF54
NativeRegistry: DEF?ON -> 0x7017EF05
RTStubs: 137 stubs registered, 31 translations
AddressBook: mapped 40 page(s) at 74000000 (RW, no exec) for QUEST
*** SD_PTR [QUEST] set to 0x70180000
*** SD_PTR [QUEST] set to 0x70180000
RTBridge::zero_frame_claim: entry 7017DC8B opcode A6C9 is not WSAVx/WSSVx — claim NOT zeroed (new entry shape? — further occurrences silenced)
RTBridge::zero_frame_claim: entry 7017E28C opcode A6C9 is not WSAVx/WSSVx — claim NOT zeroed (new entry shape? — further occurrences silenced)
RTBridge::zero_frame_claim: entry 7017E2BC opcode A6C9 is not WSAVx/WSSVx — claim NOT zeroed (new entry shape? — further occurrences silenced)
RTBridge::zero_frame_claim: entry 7017DF1B opcode A6C9 is not WSAVx/WSSVx — claim NOT zeroed (new entry shape? — further occurrences silenced)
RTBridge::zero_frame_claim: entry 7017DF5E opcode A6C9 is not WSAVx/WSSVx — claim NOT zeroed (new entry shape? — further occurrences silenced)
RTBridge::zero_frame_claim: entry 7017DF8C opcode A6C9 is not WSAVx/WSSVx — claim NOT zeroed (new entry shape? — further occurrences silenced)
Connecting 101 with 100
ISR SENDING MESSAGE
RECEIVED MESSAGE

IREC RETURN:
   system flags = 0000
   user flags = 0009
   origin port = 00650001
   destination port = 0001
   length = 0000
   data pointer = 00000000

SENDING MESSAGE
ISR RECEIVED MESSAGE
ISR SENDING MESSAGE
RECEIVED MESSAGE

IREC RETURN:
   system flags = 0000
   user flags = 0001
   origin port = 00650001
   destination port = 0001
   length = 0000
   data pointer = 00000001

SENDING MESSAGE
ISR RECEIVED MESSAGE
RTBridge::zero_frame_claim: entry 7017DE6D opcode A6C9 is not WSAVx/WSSVx — claim NOT zeroed (new entry shape? — further occurrences silenced)
ISR SENDING MESSAGE
RECEIVED MESSAGE

IREC RETURN:
   system flags = 0000
   user flags = 0002
   origin port = 00650001
   destination port = 0001
   length = 0000
   data pointer = 00000001

*** RESERVED ACCESS [QUEST_SERVER]: WRITE player[0] rec 310 (addr 0x70180162)
*** RESERVED ACCESS [QUEST_SERVER]: WRITE player[0] rec 311 (addr 0x70180163)
*** RESERVED ACCESS [QUEST_SERVER]: WRITE player[0] rec 312 (addr 0x70180164)
*** RESERVED ACCESS [QUEST_SERVER]: WRITE player[0] rec 313 (addr 0x70180165)
*** RESERVED ACCESS [QUEST_SERVER]: WRITE player[0] rec 314 (addr 0x70180166)
*** RESERVED ACCESS [QUEST_SERVER]: WRITE player[0] rec 315 (addr 0x70180167)
*** RESERVED ACCESS [QUEST_SERVER]: WRITE player[0] rec 316 (addr 0x70180168)
*** RESERVED ACCESS [QUEST_SERVER]: WRITE player[0] rec 317 (addr 0x70180169)
*** RESERVED ACCESS [QUEST_SERVER]: WRITE player[0] rec 318 (addr 0x7018016A)
*** RESERVED ACCESS [QUEST_SERVER]: WRITE player[0] rec 319 (addr 0x7018016B)
*** RESERVED ACCESS [QUEST_SERVER]: WRITE player[0] rec 320 (addr 0x7018016C)
*** RESERVED ACCESS [QUEST_SERVER]: WRITE player[0] rec 321 (addr 0x7018016D)
*** RESERVED ACCESS [QUEST_SERVER]: WRITE player[0] rec 322 (addr 0x7018016E)
*** RESERVED ACCESS [QUEST_SERVER]: WRITE player[0] rec 323 (addr 0x7018016F)
*** RESERVED ACCESS [QUEST_SERVER]: WRITE player[0] rec 324 (addr 0x70180170)
*** RESERVED ACCESS [QUEST_SERVER]: WRITE player[0] rec 325 (addr 0x70180171)
*** RESERVED ACCESS [QUEST_SERVER]: WRITE player[0] rec 326 (addr 0x70180172)
*** RESERVED ACCESS [QUEST_SERVER]: WRITE player[0] rec 327 (addr 0x70180173)
*** RESERVED ACCESS [QUEST_SERVER]: WRITE player[0] rec 328 (addr 0x70180174)
*** RESERVED ACCESS [QUEST_SERVER]: WRITE player[0] rec 329 (addr 0x70180175)
*** RESERVED ACCESS [QUEST_SERVER]: WRITE player[0] rec 330 (addr 0x70180176)
*** RESERVED ACCESS [QUEST_SERVER]: WRITE player[0] rec 331 (addr 0x70180177)
*** RESERVED ACCESS [QUEST_SERVER]: WRITE player[0] rec 332 (addr 0x70180178)
*** RESERVED ACCESS [QUEST_SERVER]: WRITE player[0] rec 333 (addr 0x70180179)
*** RESERVED ACCESS [QUEST_SERVER]: WRITE player[0] rec 334 (addr 0x7018017A)
*** RESERVED ACCESS [QUEST_SERVER]: WRITE player[0] rec 335 (addr 0x7018017B)
*** RESERVED ACCESS [QUEST_SERVER]: WRITE player[0] rec 336 (addr 0x7018017C)
*** RESERVED ACCESS [QUEST_SERVER]: WRITE player[0] rec 337 (addr 0x7018017D)
*** RESERVED ACCESS [QUEST_SERVER]: WRITE player[0] rec 338 (addr 0x7018017E)
*** RESERVED ACCESS [QUEST_SERVER]: WRITE player[0] rec 339 (addr 0x7018017F)
*** RESERVED ACCESS [QUEST_SERVER]: WRITE player[0] rec 340 (addr 0x70180180)
*** RESERVED ACCESS [QUEST_SERVER]: WRITE player[0] rec 341 (addr 0x70180181)
*** RESERVED ACCESS [QUEST_SERVER]: WRITE player[0] rec 342 (addr 0x70180182)
*** RESERVED ACCESS [QUEST_SERVER]: WRITE player[0] rec 343 (addr 0x70180183)
*** RESERVED ACCESS [QUEST_SERVER]: WRITE player[0] rec 344 (addr 0x70180184)
*** RESERVED ACCESS [QUEST_SERVER]: WRITE player[0] rec 345 (addr 0x70180185)
*** RESERVED ACCESS [QUEST_SERVER]: WRITE player[0] rec 346 (addr 0x70180186)
*** RESERVED ACCESS [QUEST_SERVER]: WRITE player[0] rec 347 (addr 0x70180187)
*** RESERVED ACCESS [QUEST_SERVER]: WRITE player[0] rec 348 (addr 0x70180188)
*** RESERVED ACCESS [QUEST_SERVER]: WRITE player[0] rec 349 (addr 0x70180189)
*** RESERVED ACCESS [QUEST_SERVER]: WRITE player[0] rec 350 (addr 0x7018018A)
*** RESERVED ACCESS [QUEST_SERVER]: WRITE player[0] rec 351 (addr 0x7018018B)
*** RESERVED ACCESS [QUEST_SERVER]: WRITE player[0] rec 352 (addr 0x7018018C)
*** RESERVED ACCESS [QUEST_SERVER]: WRITE player[0] rec 353 (addr 0x7018018D)
*** RESERVED ACCESS [QUEST_SERVER]: WRITE player[0] rec 354 (addr 0x7018018E)
*** RESERVED ACCESS [QUEST_SERVER]: WRITE player[0] rec 355 (addr 0x7018018F)
*** RESERVED ACCESS [QUEST_SERVER]: WRITE player[0] rec 356 (addr 0x70180190)
*** RESERVED ACCESS [QUEST_SERVER]: WRITE player[0] rec 357 (addr 0x70180191)
*** RESERVED ACCESS [QUEST_SERVER]: WRITE player[0] rec 358 (addr 0x70180192)
*** RESERVED ACCESS [QUEST_SERVER]: WRITE player[0] rec 359 (addr 0x70180193)
*** RESERVED ACCESS [QUEST_SERVER]: WRITE player[0] rec 360 (addr 0x70180194)
*** RESERVED ACCESS [QUEST_SERVER]: WRITE player[0] rec 361 (addr 0x70180195)
*** RESERVED ACCESS [QUEST_SERVER]: WRITE player[0] rec 362 (addr 0x70180196)
*** RESERVED ACCESS [QUEST_SERVER]: WRITE player[0] rec 363 (addr 0x70180197)
*** RESERVED ACCESS [QUEST_SERVER]: WRITE player[0] rec 364 (addr 0x70180198)
*** RESERVED ACCESS [QUEST_SERVER]: WRITE player[0] rec 365 (addr 0x70180199)
*** RESERVED ACCESS [QUEST_SERVER]: WRITE player[0] rec 366 (addr 0x7018019A)
*** RESERVED ACCESS [QUEST_SERVER]: WRITE player[0] rec 367 (addr 0x7018019B)
*** RESERVED ACCESS [QUEST_SERVER]: WRITE player[0] rec 368 (addr 0x7018019C)
*** RESERVED ACCESS [QUEST_SERVER]: WRITE player[0] rec 369 (addr 0x7018019D)
*** RESERVED ACCESS [QUEST_SERVER]: WRITE player[0] rec 370 (addr 0x7018019E)
*** RESERVED ACCESS [QUEST_SERVER]: WRITE player[0] rec 371 (addr 0x7018019F)
*** RESERVED ACCESS [QUEST_SERVER]: WRITE player[0] rec 372 (addr 0x701801A0)
*** RESERVED ACCESS [QUEST_SERVER]: READ player[0] rec 483 (addr 0x7018020F)
*** RESERVED ACCESS [QUEST_SERVER]: WRITE player[0] rec 483 (addr 0x7018020F)
*** RESERVED ACCESS [QUEST_SERVER]: READ player[0] rec 483 (addr 0x7018020F)
*** RESERVED ACCESS [QUEST_SERVER]: WRITE player[0] rec 483 (addr 0x7018020F)
*** RESERVED ACCESS [QUEST_SERVER]: READ player[0] rec 483 (addr 0x7018020F)
*** RESERVED ACCESS [QUEST_SERVER]: WRITE player[0] rec 483 (addr 0x7018020F)
*** RESERVED ACCESS [QUEST_SERVER]: READ player[0] rec 483 (addr 0x7018020F)
*** RESERVED ACCESS [QUEST_SERVER]: WRITE player[0] rec 483 (addr 0x7018020F)
*** RESERVED ACCESS [QUEST_SERVER]: READ player[0] rec 483 (addr 0x7018020F)
*** RESERVED ACCESS [QUEST_SERVER]: WRITE player[0] rec 483 (addr 0x7018020F)
*** RESERVED ACCESS [QUEST_SERVER]: READ player[0] rec 483 (addr 0x7018020F)
*** RESERVED ACCESS [QUEST_SERVER]: WRITE player[0] rec 483 (addr 0x7018020F)
*** RESERVED ACCESS [QUEST_SERVER]: READ player[0] rec 483 (addr 0x7018020F)
*** RESERVED ACCESS [QUEST_SERVER]: WRITE player[0] rec 483 (addr 0x7018020F)
*** RESERVED ACCESS [QUEST_SERVER]: READ player[0] rec 483 (addr 0x7018020F)
*** RESERVED ACCESS [QUEST_SERVER]: WRITE player[0] rec 483 (addr 0x7018020F)
*** RESERVED ACCESS [QUEST_SERVER]: READ player[0] rec 483 (addr 0x7018020F)
*** RESERVED ACCESS [QUEST_SERVER]: WRITE player[0] rec 483 (addr 0x7018020F)
*** RESERVED ACCESS [QUEST_SERVER]: READ player[0] rec 483 (addr 0x7018020F)
*** RESERVED ACCESS [QUEST_SERVER]: WRITE player[0] rec 483 (addr 0x7018020F)
*** RESERVED ACCESS [QUEST_SERVER]: READ player[0] rec 483 (addr 0x7018020F)
*** RESERVED ACCESS [QUEST_SERVER]: WRITE player[0] rec 483 (addr 0x7018020F)
*** RESERVED ACCESS [QUEST_SERVER]: READ player[0] rec 483 (addr 0x7018020F)
*** RESERVED ACCESS [QUEST_SERVER]: WRITE player[0] rec 483 (addr 0x7018020F)
*** RESERVED ACCESS [QUEST_SERVER]: READ player[0] rec 483 (addr 0x7018020F)
*** RESERVED ACCESS [QUEST_SERVER]: WRITE player[0] rec 483 (addr 0x7018020F)
*** RESERVED ACCESS [QUEST_SERVER]: READ player[0] rec 483 (addr 0x7018020F)
*** RESERVED ACCESS [QUEST_SERVER]: WRITE player[0] rec 483 (addr 0x7018020F)
*** RESERVED ACCESS [QUEST_SERVER]: READ player[0] rec 483 (addr 0x7018020F)
*** RESERVED ACCESS [QUEST_SERVER]: WRITE player[0] rec 483 (addr 0x7018020F)
*** RESERVED ACCESS [QUEST_SERVER]: READ player[0] rec 483 (addr 0x7018020F)
*** RESERVED ACCESS [QUEST_SERVER]: WRITE player[0] rec 483 (addr 0x7018020F)
*** RESERVED ACCESS [QUEST_SERVER]: READ player[0] rec 483 (addr 0x7018020F)
*** RESERVED ACCESS [QUEST_SERVER]: WRITE player[0] rec 483 (addr 0x7018020F)
*** RESERVED ACCESS [QUEST_SERVER]: READ player[0] rec 483 (addr 0x7018020F)
*** RESERVED ACCESS [QUEST_SERVER]: WRITE player[0] rec 483 (addr 0x7018020F)
*** RESERVED ACCESS [QUEST_SERVER]: READ player[0] rec 483 (addr 0x7018020F)
*** RESERVED ACCESS [QUEST_SERVER]: WRITE player[0] rec 483 (addr 0x7018020F)
*** RESERVED ACCESS [QUEST_SERVER]: READ player[0] rec 483 (addr 0x7018020F)
*** RESERVED ACCESS [QUEST_SERVER]: WRITE player[0] rec 483 (addr 0x7018020F)
*** RESERVED ACCESS [QUEST_SERVER]: READ player[0] rec 545 (addr 0x7018024D)
*** RESERVED ACCESS [QUEST_SERVER]: WRITE player[0] rec 545 (addr 0x7018024D)
*** RESERVED ACCESS [QUEST_SERVER]: READ player[0] rec 545 (addr 0x7018024D)
*** RESERVED ACCESS [QUEST_SERVER]: WRITE player[0] rec 545 (addr 0x7018024D)
*** RESERVED ACCESS [QUEST_SERVER]: READ player[0] rec 545 (addr 0x7018024D)
*** RESERVED ACCESS [QUEST_SERVER]: WRITE player[0] rec 545 (addr 0x7018024D)
*** RESERVED ACCESS [QUEST_SERVER]: READ player[0] rec 545 (addr 0x7018024D)
*** RESERVED ACCESS [QUEST_SERVER]: WRITE player[0] rec 545 (addr 0x7018024D)
*** RESERVED ACCESS [QUEST_SERVER]: READ player[0] rec 545 (addr 0x7018024D)
*** RESERVED ACCESS [QUEST_SERVER]: WRITE player[0] rec 545 (addr 0x7018024D)
*** RESERVED ACCESS [QUEST_SERVER]: READ player[0] rec 545 (addr 0x7018024D)
*** RESERVED ACCESS [QUEST_SERVER]: WRITE player[0] rec 545 (addr 0x7018024D)
*** RESERVED ACCESS [QUEST_SERVER]: READ player[0] rec 545 (addr 0x7018024D)
*** RESERVED ACCESS [QUEST_SERVER]: WRITE player[0] rec 545 (addr 0x7018024D)
*** RESERVED ACCESS [QUEST_SERVER]: READ player[0] rec 545 (addr 0x7018024D)
*** RESERVED ACCESS [QUEST_SERVER]: WRITE player[0] rec 545 (addr 0x7018024D)
*** RESERVED ACCESS [QUEST_SERVER]: READ player[0] rec 545 (addr 0x7018024D)
*** RESERVED ACCESS [QUEST_SERVER]: WRITE player[0] rec 545 (addr 0x7018024D)
*** RESERVED ACCESS [QUEST_SERVER]: READ player[0] rec 545 (addr 0x7018024D)
*** RESERVED ACCESS [QUEST_SERVER]: WRITE player[0] rec 545 (addr 0x7018024D)
*** RESERVED ACCESS [QUEST_SERVER]: READ player[0] rec 545 (addr 0x7018024D)
*** RESERVED ACCESS [QUEST_SERVER]: WRITE player[0] rec 545 (addr 0x7018024D)
*** RESERVED ACCESS [QUEST_SERVER]: READ player[0] rec 545 (addr 0x7018024D)
*** RESERVED ACCESS [QUEST_SERVER]: WRITE player[0] rec 545 (addr 0x7018024D)
*** RESERVED ACCESS [QUEST_SERVER]: READ player[0] rec 545 (addr 0x7018024D)
*** RESERVED ACCESS [QUEST_SERVER]: WRITE player[0] rec 545 (addr 0x7018024D)
*** RESERVED ACCESS [QUEST_SERVER]: READ player[0] rec 545 (addr 0x7018024D)
*** RESERVED ACCESS [QUEST_SERVER]: WRITE player[0] rec 545 (addr 0x7018024D)
*** RESERVED ACCESS [QUEST_SERVER]: READ player[0] rec 545 (addr 0x7018024D)
*** RESERVED ACCESS [QUEST_SERVER]: WRITE player[0] rec 545 (addr 0x7018024D)
*** RESERVED ACCESS [QUEST_SERVER]: READ player[0] rec 545 (addr 0x7018024D)
*** RESERVED ACCESS [QUEST_SERVER]: WRITE player[0] rec 545 (addr 0x7018024D)
*** RESERVED ACCESS [QUEST_SERVER]: READ player[0] rec 546 (addr 0x7018024E)
*** RESERVED ACCESS [QUEST_SERVER]: WRITE player[0] rec 546 (addr 0x7018024E)
*** RESERVED ACCESS [QUEST_SERVER]: READ player[0] rec 546 (addr 0x7018024E)
*** RESERVED ACCESS [QUEST_SERVER]: WRITE player[0] rec 546 (addr 0x7018024E)
*** RESERVED ACCESS [QUEST_SERVER]: READ player[0] rec 546 (addr 0x7018024E)
*** RESERVED ACCESS [QUEST_SERVER]: WRITE player[0] rec 546 (addr 0x7018024E)
*** RESERVED ACCESS [QUEST_SERVER]: READ player[0] rec 546 (addr 0x7018024E)
*** RESERVED ACCESS [QUEST_SERVER]: WRITE player[0] rec 546 (addr 0x7018024E)
*** RESERVED ACCESS [QUEST_SERVER]: READ player[0] rec 546 (addr 0x7018024E)
*** RESERVED ACCESS [QUEST_SERVER]: WRITE player[0] rec 546 (addr 0x7018024E)
*** RESERVED ACCESS [QUEST_SERVER]: READ player[0] rec 546 (addr 0x7018024E)
*** RESERVED ACCESS [QUEST_SERVER]: WRITE player[0] rec 546 (addr 0x7018024E)
*** RESERVED ACCESS [QUEST_SERVER]: READ player[0] rec 546 (addr 0x7018024E)
*** RESERVED ACCESS [QUEST_SERVER]: WRITE player[0] rec 546 (addr 0x7018024E)
*** RESERVED ACCESS [QUEST_SERVER]: READ player[0] rec 546 (addr 0x7018024E)
*** RESERVED ACCESS [QUEST_SERVER]: WRITE player[0] rec 546 (addr 0x7018024E)
*** RESERVED ACCESS [QUEST_SERVER]: READ player[0] rec 546 (addr 0x7018024E)
*** RESERVED ACCESS [QUEST_SERVER]: WRITE player[0] rec 546 (addr 0x7018024E)
*** RESERVED ACCESS [QUEST_SERVER]: READ player[0] rec 546 (addr 0x7018024E)
*** RESERVED ACCESS [QUEST_SERVER]: WRITE player[0] rec 546 (addr 0x7018024E)
*** RESERVED ACCESS [QUEST_SERVER]: READ player[0] rec 546 (addr 0x7018024E)
*** RESERVED ACCESS [QUEST_SERVER]: WRITE player[0] rec 546 (addr 0x7018024E)
*** RESERVED ACCESS [QUEST_SERVER]: READ player[0] rec 546 (addr 0x7018024E)
*** RESERVED ACCESS [QUEST_SERVER]: WRITE player[0] rec 546 (addr 0x7018024E)
*** RESERVED ACCESS [QUEST_SERVER]: READ player[0] rec 546 (addr 0x7018024E)
*** RESERVED ACCESS [QUEST_SERVER]: WRITE player[0] rec 546 (addr 0x7018024E)
*** RESERVED ACCESS [QUEST_SERVER]: READ player[0] rec 546 (addr 0x7018024E)
*** RESERVED ACCESS [QUEST_SERVER]: WRITE player[0] rec 546 (addr 0x7018024E)
*** RESERVED ACCESS [QUEST_SERVER]: READ player[0] rec 546 (addr 0x7018024E)
*** RESERVED ACCESS [QUEST_SERVER]: WRITE player[0] rec 546 (addr 0x7018024E)
*** RESERVED ACCESS [QUEST_SERVER]: READ player[0] rec 546 (addr 0x7018024E)
*** RESERVED ACCESS [QUEST_SERVER]: WRITE player[0] rec 546 (addr 0x7018024E)
*** RESERVED ACCESS [QUEST_SERVER]: READ player[0] rec 546 (addr 0x7018024E)
*** RESERVED ACCESS [QUEST_SERVER]: WRITE player[0] rec 546 (addr 0x7018024E)
*** RESERVED ACCESS [QUEST_SERVER]: READ player[0] rec 546 (addr 0x7018024E)
*** RESERVED ACCESS [QUEST_SERVER]: WRITE player[0] rec 546 (addr 0x7018024E)
*** RESERVED ACCESS [QUEST_SERVER]: READ player[0] rec 546 (addr 0x7018024E)
*** RESERVED ACCESS [QUEST_SERVER]: WRITE player[0] rec 546 (addr 0x7018024E)
*** RESERVED ACCESS [QUEST_SERVER]: READ player[0] rec 546 (addr 0x7018024E)
*** RESERVED ACCESS [QUEST_SERVER]: WRITE player[0] rec 546 (addr 0x7018024E)
*** RESERVED ACCESS [QUEST_SERVER]: READ player[0] rec 546 (addr 0x7018024E)
*** RESERVED ACCESS [QUEST_SERVER]: WRITE player[0] rec 546 (addr 0x7018024E)
*** RESERVED ACCESS [QUEST_SERVER]: READ player[0] rec 546 (addr 0x7018024E)
*** RESERVED ACCESS [QUEST_SERVER]: WRITE player[0] rec 546 (addr 0x7018024E)
*** RESERVED ACCESS [QUEST_SERVER]: READ player[0] rec 546 (addr 0x7018024E)
*** RESERVED ACCESS [QUEST_SERVER]: WRITE player[0] rec 546 (addr 0x7018024E)
*** RESERVED ACCESS [QUEST_SERVER]: READ player[0] rec 546 (addr 0x7018024E)
*** RESERVED ACCESS [QUEST_SERVER]: WRITE player[0] rec 546 (addr 0x7018024E)
*** RESERVED ACCESS [QUEST_SERVER]: READ player[0] rec 546 (addr 0x7018024E)
*** RESERVED ACCESS [QUEST_SERVER]: WRITE player[0] rec 546 (addr 0x7018024E)
*** RESERVED ACCESS [QUEST_SERVER]: READ player[0] rec 546 (addr 0x7018024E)
*** RESERVED ACCESS [QUEST_SERVER]: WRITE player[0] rec 546 (addr 0x7018024E)
*** RESERVED ACCESS [QUEST_SERVER]: READ player[0] rec 546 (addr 0x7018024E)
*** RESERVED ACCESS [QUEST_SERVER]: WRITE player[0] rec 546 (addr 0x7018024E)
*** RESERVED ACCESS [QUEST_SERVER]: READ player[0] rec 546 (addr 0x7018024E)
*** RESERVED ACCESS [QUEST_SERVER]: WRITE player[0] rec 546 (addr 0x7018024E)
*** RESERVED ACCESS [QUEST_SERVER]: READ player[0] rec 546 (addr 0x7018024E)
*** RESERVED ACCESS [QUEST_SERVER]: WRITE player[0] rec 546 (addr 0x7018024E)
*** RESERVED ACCESS [QUEST_SERVER]: READ player[0] rec 546 (addr 0x7018024E)
*** RESERVED ACCESS [QUEST_SERVER]: WRITE player[0] rec 546 (addr 0x7018024E)
*** RESERVED ACCESS [QUEST_SERVER]: READ player[0] rec 546 (addr 0x7018024E)
*** RESERVED ACCESS [QUEST_SERVER]: WRITE player[0] rec 546 (addr 0x7018024E)
*** RESERVED ACCESS [QUEST_SERVER]: READ player[0] rec 546 (addr 0x7018024E)
*** RESERVED ACCESS [QUEST_SERVER]: WRITE player[0] rec 546 (addr 0x7018024E)
*** RESERVED ACCESS [QUEST_SERVER]: READ player[0] rec 547 (addr 0x7018024F)
*** RESERVED ACCESS [QUEST_SERVER]: WRITE player[0] rec 547 (addr 0x7018024F)
*** RESERVED ACCESS [QUEST_SERVER]: READ player[0] rec 547 (addr 0x7018024F)
*** RESERVED ACCESS [QUEST_SERVER]: WRITE player[0] rec 547 (addr 0x7018024F)
*** RESERVED ACCESS [QUEST_SERVER]: READ player[0] rec 547 (addr 0x7018024F)
*** RESERVED ACCESS [QUEST_SERVER]: WRITE player[0] rec 547 (addr 0x7018024F)
*** RESERVED ACCESS [QUEST_SERVER]: READ player[0] rec 547 (addr 0x7018024F)
*** RESERVED ACCESS [QUEST_SERVER]: WRITE player[0] rec 547 (addr 0x7018024F)
*** RESERVED ACCESS [QUEST_SERVER]: READ player[0] rec 547 (addr 0x7018024F)
*** RESERVED ACCESS [QUEST_SERVER]: WRITE player[0] rec 547 (addr 0x7018024F)
*** RESERVED ACCESS [QUEST_SERVER]: READ player[0] rec 547 (addr 0x7018024F)
*** RESERVED ACCESS [QUEST_SERVER]: WRITE player[0] rec 547 (addr 0x7018024F)
*** RESERVED ACCESS [QUEST_SERVER]: READ player[0] rec 547 (addr 0x7018024F)
*** RESERVED ACCESS [QUEST_SERVER]: WRITE player[0] rec 547 (addr 0x7018024F)
*** RESERVED ACCESS [QUEST_SERVER]: READ player[0] rec 547 (addr 0x7018024F)
*** RESERVED ACCESS [QUEST_SERVER]: WRITE player[0] rec 547 (addr 0x7018024F)
*** RESERVED ACCESS [QUEST_SERVER]: READ player[0] rec 547 (addr 0x7018024F)
*** RESERVED ACCESS [QUEST_SERVER]: WRITE player[0] rec 547 (addr 0x7018024F)
*** RESERVED ACCESS [QUEST_SERVER]: READ player[0] rec 547 (addr 0x7018024F)
*** RESERVED ACCESS [QUEST_SERVER]: WRITE player[0] rec 547 (addr 0x7018024F)
*** RESERVED ACCESS [QUEST_SERVER]: READ player[0] rec 547 (addr 0x7018024F)
*** RESERVED ACCESS [QUEST_SERVER]: WRITE player[0] rec 547 (addr 0x7018024F)
*** RESERVED ACCESS [QUEST_SERVER]: READ player[0] rec 547 (addr 0x7018024F)
*** RESERVED ACCESS [QUEST_SERVER]: WRITE player[0] rec 547 (addr 0x7018024F)
*** RESERVED ACCESS [QUEST_SERVER]: READ player[0] rec 547 (addr 0x7018024F)
*** RESERVED ACCESS [QUEST_SERVER]: WRITE player[0] rec 547 (addr 0x7018024F)
*** RESERVED ACCESS [QUEST_SERVER]: READ player[0] rec 547 (addr 0x7018024F)
*** RESERVED ACCESS [QUEST_SERVER]: WRITE player[0] rec 547 (addr 0x7018024F)
*** RESERVED ACCESS [QUEST_SERVER]: READ player[0] rec 547 (addr 0x7018024F)
*** RESERVED ACCESS [QUEST_SERVER]: WRITE player[0] rec 547 (addr 0x7018024F)
*** RESERVED ACCESS [QUEST_SERVER]: READ player[0] rec 547 (addr 0x7018024F)
*** RESERVED ACCESS [QUEST_SERVER]: WRITE player[0] rec 547 (addr 0x7018024F)
*** RESERVED ACCESS [QUEST_SERVER]: READ player[0] rec 547 (addr 0x7018024F)
*** RESERVED ACCESS [QUEST_SERVER]: WRITE player[0] rec 547 (addr 0x7018024F)
*** RESERVED ACCESS [QUEST_SERVER]: READ player[0] rec 547 (addr 0x7018024F)
*** RESERVED ACCESS [QUEST_SERVER]: WRITE player[0] rec 547 (addr 0x7018024F)
*** RESERVED ACCESS [QUEST_SERVER]: READ player[0] rec 547 (addr 0x7018024F)
*** RESERVED ACCESS [QUEST_SERVER]: WRITE player[0] rec 547 (addr 0x7018024F)
*** RESERVED ACCESS [QUEST_SERVER]: READ player[0] rec 547 (addr 0x7018024F)
*** RESERVED ACCESS [QUEST_SERVER]: WRITE player[0] rec 547 (addr 0x7018024F)
*** RESERVED ACCESS [QUEST_SERVER]: READ player[0] rec 547 (addr 0x7018024F)
*** RESERVED ACCESS [QUEST_SERVER]: WRITE player[0] rec 547 (addr 0x7018024F)
*** RESERVED ACCESS [QUEST_SERVER]: READ player[0] rec 547 (addr 0x7018024F)
*** RESERVED ACCESS [QUEST_SERVER]: WRITE player[0] rec 547 (addr 0x7018024F)
*** RESERVED ACCESS [QUEST_SERVER]: READ player[0] rec 547 (addr 0x7018024F)
*** RESERVED ACCESS [QUEST_SERVER]: WRITE player[0] rec 547 (addr 0x7018024F)
*** RESERVED ACCESS [QUEST_SERVER]: READ player[0] rec 547 (addr 0x7018024F)
*** RESERVED ACCESS [QUEST_SERVER]: WRITE player[0] rec 547 (addr 0x7018024F)
*** RESERVED ACCESS [QUEST_SERVER]: READ player[0] rec 547 (addr 0x7018024F)
*** RESERVED ACCESS [QUEST_SERVER]: WRITE player[0] rec 547 (addr 0x7018024F)
*** RESERVED ACCESS [QUEST_SERVER]: READ player[0] rec 547 (addr 0x7018024F)
*** RESERVED ACCESS [QUEST_SERVER]: WRITE player[0] rec 547 (addr 0x7018024F)
*** RESERVED ACCESS [QUEST_SERVER]: READ player[0] rec 547 (addr 0x7018024F)
*** RESERVED ACCESS [QUEST_SERVER]: WRITE player[0] rec 547 (addr 0x7018024F)
*** RESERVED ACCESS [QUEST_SERVER]: READ player[0] rec 547 (addr 0x7018024F)
*** RESERVED ACCESS [QUEST_SERVER]: WRITE player[0] rec 547 (addr 0x7018024F)
*** RESERVED ACCESS [QUEST_SERVER]: READ player[0] rec 547 (addr 0x7018024F)
*** RESERVED ACCESS [QUEST_SERVER]: WRITE player[0] rec 547 (addr 0x7018024F)
*** RESERVED ACCESS [QUEST_SERVER]: READ player[0] rec 547 (addr 0x7018024F)
*** RESERVED ACCESS [QUEST_SERVER]: WRITE player[0] rec 547 (addr 0x7018024F)
*** RESERVED ACCESS [QUEST_SERVER]: READ player[0] rec 547 (addr 0x7018024F)
*** RESERVED ACCESS [QUEST_SERVER]: WRITE player[0] rec 547 (addr 0x7018024F)
*** RESERVED ACCESS [QUEST_SERVER]: READ player[0] rec 548 (addr 0x70180250)
*** RESERVED ACCESS [QUEST_SERVER]: WRITE player[0] rec 548 (addr 0x70180250)
*** RESERVED ACCESS [QUEST_SERVER]: READ player[0] rec 548 (addr 0x70180250)
*** RESERVED ACCESS [QUEST_SERVER]: WRITE player[0] rec 548 (addr 0x70180250)
*** RESERVED ACCESS [QUEST_SERVER]: READ player[0] rec 548 (addr 0x70180250)
*** RESERVED ACCESS [QUEST_SERVER]: WRITE player[0] rec 548 (addr 0x70180250)
*** RESERVED ACCESS [QUEST_SERVER]: READ player[0] rec 548 (addr 0x70180250)
*** RESERVED ACCESS [QUEST_SERVER]: WRITE player[0] rec 548 (addr 0x70180250)
*** RESERVED ACCESS [QUEST_SERVER]: READ player[0] rec 548 (addr 0x70180250)
*** RESERVED ACCESS [QUEST_SERVER]: WRITE player[0] rec 548 (addr 0x70180250)
*** RESERVED ACCESS [QUEST_SERVER]: READ player[0] rec 548 (addr 0x70180250)
*** RESERVED ACCESS [QUEST_SERVER]: WRITE player[0] rec 548 (addr 0x70180250)
*** RESERVED ACCESS [QUEST_SERVER]: READ player[0] rec 548 (addr 0x70180250)
*** RESERVED ACCESS [QUEST_SERVER]: WRITE player[0] rec 548 (addr 0x70180250)
*** RESERVED ACCESS [QUEST_SERVER]: READ player[0] rec 548 (addr 0x70180250)
*** RESERVED ACCESS [QUEST_SERVER]: WRITE player[0] rec 548 (addr 0x70180250)
*** RESERVED ACCESS [QUEST_SERVER]: READ player[0] rec 548 (addr 0x70180250)
*** RESERVED ACCESS [QUEST_SERVER]: WRITE player[0] rec 548 (addr 0x70180250)
*** RESERVED ACCESS [QUEST_SERVER]: READ player[0] rec 548 (addr 0x70180250)
*** RESERVED ACCESS [QUEST_SERVER]: WRITE player[0] rec 548 (addr 0x70180250)
*** RESERVED ACCESS [QUEST_SERVER]: READ player[0] rec 548 (addr 0x70180250)
*** RESERVED ACCESS [QUEST_SERVER]: WRITE player[0] rec 548 (addr 0x70180250)
*** RESERVED ACCESS [QUEST_SERVER]: READ player[0] rec 548 (addr 0x70180250)
*** RESERVED ACCESS [QUEST_SERVER]: WRITE player[0] rec 548 (addr 0x70180250)
*** RESERVED ACCESS [QUEST_SERVER]: READ player[0] rec 548 (addr 0x70180250)
*** RESERVED ACCESS [QUEST_SERVER]: WRITE player[0] rec 548 (addr 0x70180250)
*** RESERVED ACCESS [QUEST_SERVER]: READ player[0] rec 548 (addr 0x70180250)
*** RESERVED ACCESS [QUEST_SERVER]: WRITE player[0] rec 548 (addr 0x70180250)
*** RESERVED ACCESS [QUEST_SERVER]: READ player[0] rec 548 (addr 0x70180250)
*** RESERVED ACCESS [QUEST_SERVER]: WRITE player[0] rec 548 (addr 0x70180250)
*** RESERVED ACCESS [QUEST_SERVER]: READ player[0] rec 548 (addr 0x70180250)
*** RESERVED ACCESS [QUEST_SERVER]: WRITE player[0] rec 548 (addr 0x70180250)
*** RESERVED ACCESS [QUEST_SERVER]: READ player[0] rec 548 (addr 0x70180250)
*** RESERVED ACCESS [QUEST_SERVER]: WRITE player[0] rec 548 (addr 0x70180250)
*** RESERVED ACCESS [QUEST_SERVER]: READ player[0] rec 548 (addr 0x70180250)
*** RESERVED ACCESS [QUEST_SERVER]: WRITE player[0] rec 548 (addr 0x70180250)
*** RESERVED ACCESS [QUEST_SERVER]: READ player[0] rec 548 (addr 0x70180250)
*** RESERVED ACCESS [QUEST_SERVER]: WRITE player[0] rec 548 (addr 0x70180250)
*** RESERVED ACCESS [QUEST_SERVER]: READ player[0] rec 548 (addr 0x70180250)
*** RESERVED ACCESS [QUEST_SERVER]: WRITE player[0] rec 548 (addr 0x70180250)
*** RESERVED ACCESS [QUEST_SERVER]: READ player[0] rec 548 (addr 0x70180250)
*** RESERVED ACCESS [QUEST_SERVER]: WRITE player[0] rec 548 (addr 0x70180250)
*** RESERVED ACCESS [QUEST_SERVER]: READ player[0] rec 548 (addr 0x70180250)
*** RESERVED ACCESS [QUEST_SERVER]: WRITE player[0] rec 548 (addr 0x70180250)
*** RESERVED ACCESS [QUEST_SERVER]: READ player[0] rec 548 (addr 0x70180250)
*** RESERVED ACCESS [QUEST_SERVER]: WRITE player[0] rec 548 (addr 0x70180250)
*** RESERVED ACCESS [QUEST_SERVER]: READ player[0] rec 548 (addr 0x70180250)
*** RESERVED ACCESS [QUEST_SERVER]: WRITE player[0] rec 548 (addr 0x70180250)
*** RESERVED ACCESS [QUEST_SERVER]: READ player[0] rec 548 (addr 0x70180250)
*** RESERVED ACCESS [QUEST_SERVER]: WRITE player[0] rec 548 (addr 0x70180250)
*** RESERVED ACCESS [QUEST_SERVER]: READ player[0] rec 548 (addr 0x70180250)
*** RESERVED ACCESS [QUEST_SERVER]: WRITE player[0] rec 548 (addr 0x70180250)
*** RESERVED ACCESS [QUEST_SERVER]: READ player[0] rec 548 (addr 0x70180250)
*** RESERVED ACCESS [QUEST_SERVER]: WRITE player[0] rec 548 (addr 0x70180250)
*** RESERVED ACCESS [QUEST_SERVER]: READ player[0] rec 548 (addr 0x70180250)
*** RESERVED ACCESS [QUEST_SERVER]: WRITE player[0] rec 548 (addr 0x70180250)
*** RESERVED ACCESS [QUEST_SERVER]: READ player[0] rec 548 (addr 0x70180250)
*** RESERVED ACCESS [QUEST_SERVER]: WRITE player[0] rec 548 (addr 0x70180250)
*** RESERVED ACCESS [QUEST_SERVER]: READ player[0] rec 548 (addr 0x70180250)
*** RESERVED ACCESS [QUEST_SERVER]: WRITE player[0] rec 548 (addr 0x70180250)
*** RESERVED ACCESS [QUEST_SERVER]: READ player[0] rec 548 (addr 0x70180250)
*** RESERVED ACCESS [QUEST_SERVER]: WRITE player[0] rec 548 (addr 0x70180250)
*** RESERVED ACCESS [QUEST_SERVER]: READ player[0] rec 548 (addr 0x70180250)
*** RESERVED ACCESS [QUEST_SERVER]: WRITE player[0] rec 548 (addr 0x70180250)
*** RESERVED ACCESS [QUEST_SERVER]: READ player[0] rec 549 (addr 0x70180251)
*** RESERVED ACCESS [QUEST_SERVER]: WRITE player[0] rec 549 (addr 0x70180251)
*** RESERVED ACCESS [QUEST_SERVER]: READ player[0] rec 549 (addr 0x70180251)
*** RESERVED ACCESS [QUEST_SERVER]: WRITE player[0] rec 549 (addr 0x70180251)
*** RESERVED ACCESS [QUEST_SERVER]: READ player[0] rec 549 (addr 0x70180251)
*** RESERVED ACCESS [QUEST_SERVER]: WRITE player[0] rec 549 (addr 0x70180251)
*** RESERVED ACCESS [QUEST_SERVER]: READ player[0] rec 549 (addr 0x70180251)
*** RESERVED ACCESS [QUEST_SERVER]: WRITE player[0] rec 549 (addr 0x70180251)
*** RESERVED ACCESS [QUEST_SERVER]: READ player[0] rec 549 (addr 0x70180251)
*** RESERVED ACCESS [QUEST_SERVER]: WRITE player[0] rec 549 (addr 0x70180251)
*** RESERVED ACCESS [QUEST_SERVER]: READ player[0] rec 549 (addr 0x70180251)
*** RESERVED ACCESS [QUEST_SERVER]: WRITE player[0] rec 549 (addr 0x70180251)
*** RESERVED ACCESS [QUEST_SERVER]: READ player[0] rec 549 (addr 0x70180251)
*** RESERVED ACCESS [QUEST_SERVER]: WRITE player[0] rec 549 (addr 0x70180251)
*** RESERVED ACCESS [QUEST_SERVER]: READ player[0] rec 549 (addr 0x70180251)
*** RESERVED ACCESS [QUEST_SERVER]: WRITE player[0] rec 549 (addr 0x70180251)
*** RESERVED ACCESS [QUEST_SERVER]: READ player[0] rec 549 (addr 0x70180251)
*** RESERVED ACCESS [QUEST_SERVER]: WRITE player[0] rec 549 (addr 0x70180251)
*** RESERVED ACCESS [QUEST_SERVER]: READ player[0] rec 549 (addr 0x70180251)
*** RESERVED ACCESS [QUEST_SERVER]: WRITE player[0] rec 549 (addr 0x70180251)
*** RESERVED ACCESS [QUEST_SERVER]: READ player[0] rec 549 (addr 0x70180251)
*** RESERVED ACCESS [QUEST_SERVER]: WRITE player[0] rec 549 (addr 0x70180251)
*** RESERVED ACCESS [QUEST_SERVER]: READ player[0] rec 549 (addr 0x70180251)
*** RESERVED ACCESS [QUEST_SERVER]: WRITE player[0] rec 549 (addr 0x70180251)
*** RESERVED ACCESS [QUEST_SERVER]: READ player[0] rec 549 (addr 0x70180251)
*** RESERVED ACCESS [QUEST_SERVER]: WRITE player[0] rec 549 (addr 0x70180251)
*** RESERVED ACCESS [QUEST_SERVER]: READ player[0] rec 549 (addr 0x70180251)
*** RESERVED ACCESS [QUEST_SERVER]: WRITE player[0] rec 549 (addr 0x70180251)
*** RESERVED ACCESS [QUEST_SERVER]: READ player[0] rec 549 (addr 0x70180251)
*** RESERVED ACCESS [QUEST_SERVER]: WRITE player[0] rec 549 (addr 0x70180251)
*** RESERVED ACCESS [QUEST_SERVER]: READ player[0] rec 549 (addr 0x70180251)
*** RESERVED ACCESS [QUEST_SERVER]: WRITE player[0] rec 549 (addr 0x70180251)
*** RESERVED ACCESS [QUEST_SERVER]: READ player[0] rec 549 (addr 0x70180251)
*** RESERVED ACCESS [QUEST_SERVER]: WRITE player[0] rec 549 (addr 0x70180251)
*** RESERVED ACCESS [QUEST_SERVER]: READ player[0] rec 549 (addr 0x70180251)
*** RESERVED ACCESS [QUEST_SERVER]: WRITE player[0] rec 549 (addr 0x70180251)
*** RESERVED ACCESS [QUEST_SERVER]: READ player[0] rec 549 (addr 0x70180251)
*** RESERVED ACCESS [QUEST_SERVER]: WRITE player[0] rec 549 (addr 0x70180251)
*** RESERVED ACCESS [QUEST_SERVER]: READ player[0] rec 549 (addr 0x70180251)
*** RESERVED ACCESS [QUEST_SERVER]: WRITE player[0] rec 549 (addr 0x70180251)
*** RESERVED ACCESS [QUEST_SERVER]: READ player[0] rec 549 (addr 0x70180251)
*** RESERVED ACCESS [QUEST_SERVER]: WRITE player[0] rec 549 (addr 0x70180251)
*** RESERVED ACCESS [QUEST_SERVER]: READ player[0] rec 549 (addr 0x70180251)
*** RESERVED ACCESS [QUEST_SERVER]: WRITE player[0] rec 549 (addr 0x70180251)
*** RESERVED ACCESS [QUEST_SERVER]: READ player[0] rec 549 (addr 0x70180251)
*** RESERVED ACCESS [QUEST_SERVER]: WRITE player[0] rec 549 (addr 0x70180251)
*** RESERVED ACCESS [QUEST_SERVER]: READ player[0] rec 549 (addr 0x70180251)
*** RESERVED ACCESS [QUEST_SERVER]: WRITE player[0] rec 549 (addr 0x70180251)
*** RESERVED ACCESS [QUEST_SERVER]: READ player[0] rec 549 (addr 0x70180251)
*** RESERVED ACCESS [QUEST_SERVER]: WRITE player[0] rec 549 (addr 0x70180251)
*** RESERVED ACCESS [QUEST_SERVER]: READ player[0] rec 549 (addr 0x70180251)
*** RESERVED ACCESS [QUEST_SERVER]: WRITE player[0] rec 549 (addr 0x70180251)
*** RESERVED ACCESS [QUEST_SERVER]: READ player[0] rec 549 (addr 0x70180251)
*** RESERVED ACCESS [QUEST_SERVER]: WRITE player[0] rec 549 (addr 0x70180251)
*** RESERVED ACCESS [QUEST_SERVER]: READ player[0] rec 549 (addr 0x70180251)
*** RESERVED ACCESS [QUEST_SERVER]: WRITE player[0] rec 549 (addr 0x70180251)
*** RESERVED ACCESS [QUEST_SERVER]: READ player[0] rec 549 (addr 0x70180251)
*** RESERVED ACCESS [QUEST_SERVER]: WRITE player[0] rec 549 (addr 0x70180251)
*** RESERVED ACCESS [QUEST_SERVER]: READ player[0] rec 549 (addr 0x70180251)
*** RESERVED ACCESS [QUEST_SERVER]: WRITE player[0] rec 549 (addr 0x70180251)
*** RESERVED ACCESS [QUEST_SERVER]: READ player[0] rec 549 (addr 0x70180251)
*** RESERVED ACCESS [QUEST_SERVER]: WRITE player[0] rec 549 (addr 0x70180251)
*** RESERVED ACCESS [QUEST_SERVER]: READ player[0] rec 549 (addr 0x70180251)
*** RESERVED ACCESS [QUEST_SERVER]: WRITE player[0] rec 549 (addr 0x70180251)
*** RESERVED ACCESS [QUEST_SERVER]: READ player[0] rec 550 (addr 0x70180252)
*** RESERVED ACCESS [QUEST_SERVER]: WRITE player[0] rec 550 (addr 0x70180252)
*** RESERVED ACCESS [QUEST_SERVER]: READ player[0] rec 550 (addr 0x70180252)
*** RESERVED ACCESS [QUEST_SERVER]: WRITE player[0] rec 550 (addr 0x70180252)
*** RESERVED ACCESS [QUEST_SERVER]: READ player[0] rec 550 (addr 0x70180252)
*** RESERVED ACCESS [QUEST_SERVER]: WRITE player[0] rec 550 (addr 0x70180252)
*** RESERVED ACCESS [QUEST_SERVER]: READ player[0] rec 550 (addr 0x70180252)
*** RESERVED ACCESS [QUEST_SERVER]: WRITE player[0] rec 550 (addr 0x70180252)
*** RESERVED ACCESS [QUEST_SERVER]: READ player[0] rec 550 (addr 0x70180252)
*** RESERVED ACCESS [QUEST_SERVER]: WRITE player[0] rec 550 (addr 0x70180252)
*** RESERVED ACCESS [QUEST_SERVER]: READ player[0] rec 550 (addr 0x70180252)
*** RESERVED ACCESS [QUEST_SERVER]: WRITE player[0] rec 550 (addr 0x70180252)
*** RESERVED ACCESS [QUEST_SERVER]: READ player[0] rec 550 (addr 0x70180252)
*** RESERVED ACCESS [QUEST_SERVER]: WRITE player[0] rec 550 (addr 0x70180252)
*** RESERVED ACCESS [QUEST_SERVER]: READ player[0] rec 550 (addr 0x70180252)
*** RESERVED ACCESS [QUEST_SERVER]: WRITE player[0] rec 550 (addr 0x70180252)
*** RESERVED ACCESS [QUEST_SERVER]: READ player[0] rec 550 (addr 0x70180252)
*** RESERVED ACCESS [QUEST_SERVER]: WRITE player[0] rec 550 (addr 0x70180252)
*** RESERVED ACCESS [QUEST_SERVER]: READ player[0] rec 550 (addr 0x70180252)
*** RESERVED ACCESS [QUEST_SERVER]: WRITE player[0] rec 550 (addr 0x70180252)
*** RESERVED ACCESS [QUEST_SERVER]: READ player[0] rec 550 (addr 0x70180252)
*** RESERVED ACCESS [QUEST_SERVER]: WRITE player[0] rec 550 (addr 0x70180252)
*** RESERVED ACCESS [QUEST_SERVER]: READ player[0] rec 550 (addr 0x70180252)
*** RESERVED ACCESS [QUEST_SERVER]: WRITE player[0] rec 550 (addr 0x70180252)
*** RESERVED ACCESS [QUEST_SERVER]: READ player[0] rec 550 (addr 0x70180252)
*** RESERVED ACCESS [QUEST_SERVER]: WRITE player[0] rec 550 (addr 0x70180252)
*** RESERVED ACCESS [QUEST_SERVER]: READ player[0] rec 550 (addr 0x70180252)
*** RESERVED ACCESS [QUEST_SERVER]: WRITE player[0] rec 550 (addr 0x70180252)
*** RESERVED ACCESS [QUEST_SERVER]: READ player[0] rec 550 (addr 0x70180252)
*** RESERVED ACCESS [QUEST_SERVER]: WRITE player[0] rec 550 (addr 0x70180252)
*** RESERVED ACCESS [QUEST_SERVER]: READ player[0] rec 550 (addr 0x70180252)
*** RESERVED ACCESS [QUEST_SERVER]: WRITE player[0] rec 550 (addr 0x70180252)
*** RESERVED ACCESS [QUEST_SERVER]: READ player[0] rec 550 (addr 0x70180252)
*** RESERVED ACCESS [QUEST_SERVER]: WRITE player[0] rec 550 (addr 0x70180252)
*** RESERVED ACCESS [QUEST_SERVER]: READ player[0] rec 550 (addr 0x70180252)
*** RESERVED ACCESS [QUEST_SERVER]: WRITE player[0] rec 550 (addr 0x70180252)
*** RESERVED ACCESS [QUEST_SERVER]: READ player[0] rec 550 (addr 0x70180252)
*** RESERVED ACCESS [QUEST_SERVER]: WRITE player[0] rec 550 (addr 0x70180252)
*** RESERVED ACCESS [QUEST_SERVER]: READ player[0] rec 550 (addr 0x70180252)
*** RESERVED ACCESS [QUEST_SERVER]: WRITE player[0] rec 550 (addr 0x70180252)
*** RESERVED ACCESS [QUEST_SERVER]: READ player[0] rec 550 (addr 0x70180252)
*** RESERVED ACCESS [QUEST_SERVER]: WRITE player[0] rec 550 (addr 0x70180252)
*** RESERVED ACCESS [QUEST_SERVER]: READ player[0] rec 550 (addr 0x70180252)
*** RESERVED ACCESS [QUEST_SERVER]: WRITE player[0] rec 550 (addr 0x70180252)
*** RESERVED ACCESS [QUEST_SERVER]: READ player[0] rec 550 (addr 0x70180252)
*** RESERVED ACCESS [QUEST_SERVER]: WRITE player[0] rec 550 (addr 0x70180252)
*** RESERVED ACCESS [QUEST_SERVER]: READ player[0] rec 550 (addr 0x70180252)
*** RESERVED ACCESS [QUEST_SERVER]: WRITE player[0] rec 550 (addr 0x70180252)
*** RESERVED ACCESS [QUEST_SERVER]: READ player[0] rec 550 (addr 0x70180252)
*** RESERVED ACCESS [QUEST_SERVER]: WRITE player[0] rec 550 (addr 0x70180252)
*** RESERVED ACCESS [QUEST_SERVER]: READ player[0] rec 550 (addr 0x70180252)
*** RESERVED ACCESS [QUEST_SERVER]: WRITE player[0] rec 550 (addr 0x70180252)
*** RESERVED ACCESS [QUEST_SERVER]: READ player[0] rec 550 (addr 0x70180252)
*** RESERVED ACCESS [QUEST_SERVER]: WRITE player[0] rec 550 (addr 0x70180252)
*** RESERVED ACCESS [QUEST_SERVER]: READ player[0] rec 550 (addr 0x70180252)
*** RESERVED ACCESS [QUEST_SERVER]: WRITE player[0] rec 550 (addr 0x70180252)
*** RESERVED ACCESS [QUEST_SERVER]: READ player[0] rec 550 (addr 0x70180252)
*** RESERVED ACCESS [QUEST_SERVER]: WRITE player[0] rec 550 (addr 0x70180252)
*** RESERVED ACCESS [QUEST_SERVER]: READ player[0] rec 550 (addr 0x70180252)
*** RESERVED ACCESS [QUEST_SERVER]: WRITE player[0] rec 550 (addr 0x70180252)
*** RESERVED ACCESS [QUEST_SERVER]: READ player[0] rec 550 (addr 0x70180252)
*** RESERVED ACCESS [QUEST_SERVER]: WRITE player[0] rec 550 (addr 0x70180252)
*** RESERVED ACCESS [QUEST_SERVER]: READ player[0] rec 550 (addr 0x70180252)
*** RESERVED ACCESS [QUEST_SERVER]: WRITE player[0] rec 550 (addr 0x70180252)
*** RESERVED ACCESS [QUEST_SERVER]: READ player[0] rec 551 (addr 0x70180253)
*** RESERVED ACCESS [QUEST_SERVER]: WRITE player[0] rec 551 (addr 0x70180253)
*** RESERVED ACCESS [QUEST_SERVER]: READ player[0] rec 551 (addr 0x70180253)
*** RESERVED ACCESS [QUEST_SERVER]: WRITE player[0] rec 551 (addr 0x70180253)
*** RESERVED ACCESS [QUEST_SERVER]: READ player[0] rec 551 (addr 0x70180253)
*** RESERVED ACCESS [QUEST_SERVER]: WRITE player[0] rec 551 (addr 0x70180253)
*** RESERVED ACCESS [QUEST_SERVER]: READ player[0] rec 551 (addr 0x70180253)
*** RESERVED ACCESS [QUEST_SERVER]: WRITE player[0] rec 551 (addr 0x70180253)
*** RESERVED ACCESS [QUEST_SERVER]: READ player[0] rec 551 (addr 0x70180253)
*** RESERVED ACCESS [QUEST_SERVER]: WRITE player[0] rec 551 (addr 0x70180253)
*** RESERVED ACCESS [QUEST_SERVER]: READ player[0] rec 551 (addr 0x70180253)
*** RESERVED ACCESS [QUEST_SERVER]: WRITE player[0] rec 551 (addr 0x70180253)
*** RESERVED ACCESS [QUEST_SERVER]: READ player[0] rec 551 (addr 0x70180253)
*** RESERVED ACCESS [QUEST_SERVER]: WRITE player[0] rec 551 (addr 0x70180253)
*** RESERVED ACCESS [QUEST_SERVER]: READ player[0] rec 551 (addr 0x70180253)
*** RESERVED ACCESS [QUEST_SERVER]: WRITE player[0] rec 551 (addr 0x70180253)
*** RESERVED ACCESS [QUEST_SERVER]: READ player[0] rec 551 (addr 0x70180253)
*** RESERVED ACCESS [QUEST_SERVER]: WRITE player[0] rec 551 (addr 0x70180253)
*** RESERVED ACCESS [QUEST_SERVER]: READ player[0] rec 551 (addr 0x70180253)
*** RESERVED ACCESS [QUEST_SERVER]: WRITE player[0] rec 551 (addr 0x70180253)
*** RESERVED ACCESS [QUEST_SERVER]: READ player[0] rec 551 (addr 0x70180253)
*** RESERVED ACCESS [QUEST_SERVER]: WRITE player[0] rec 551 (addr 0x70180253)
*** RESERVED ACCESS [QUEST_SERVER]: READ player[0] rec 551 (addr 0x70180253)
*** RESERVED ACCESS [QUEST_SERVER]: WRITE player[0] rec 551 (addr 0x70180253)
*** RESERVED ACCESS [QUEST_SERVER]: READ player[0] rec 551 (addr 0x70180253)
*** RESERVED ACCESS [QUEST_SERVER]: WRITE player[0] rec 551 (addr 0x70180253)
*** RESERVED ACCESS [QUEST_SERVER]: READ player[0] rec 551 (addr 0x70180253)
*** RESERVED ACCESS [QUEST_SERVER]: WRITE player[0] rec 551 (addr 0x70180253)
*** RESERVED ACCESS [QUEST_SERVER]: READ player[0] rec 551 (addr 0x70180253)
*** RESERVED ACCESS [QUEST_SERVER]: WRITE player[0] rec 551 (addr 0x70180253)
*** RESERVED ACCESS [QUEST_SERVER]: READ player[0] rec 551 (addr 0x70180253)
*** RESERVED ACCESS [QUEST_SERVER]: WRITE player[0] rec 551 (addr 0x70180253)
*** RESERVED ACCESS [QUEST_SERVER]: READ player[0] rec 551 (addr 0x70180253)
*** RESERVED ACCESS [QUEST_SERVER]: WRITE player[0] rec 551 (addr 0x70180253)
*** RESERVED ACCESS [QUEST_SERVER]: READ player[0] rec 551 (addr 0x70180253)
*** RESERVED ACCESS [QUEST_SERVER]: WRITE player[0] rec 551 (addr 0x70180253)
*** RESERVED ACCESS [QUEST_SERVER]: READ player[0] rec 551 (addr 0x70180253)
*** RESERVED ACCESS [QUEST_SERVER]: WRITE player[0] rec 551 (addr 0x70180253)
*** RESERVED ACCESS [QUEST_SERVER]: READ player[0] rec 551 (addr 0x70180253)
*** RESERVED ACCESS [QUEST_SERVER]: WRITE player[0] rec 551 (addr 0x70180253)
*** RESERVED ACCESS [QUEST_SERVER]: READ player[0] rec 551 (addr 0x70180253)
*** RESERVED ACCESS [QUEST_SERVER]: WRITE player[0] rec 551 (addr 0x70180253)
*** RESERVED ACCESS [QUEST_SERVER]: READ player[0] rec 551 (addr 0x70180253)
*** RESERVED ACCESS [QUEST_SERVER]: WRITE player[0] rec 551 (addr 0x70180253)
*** RESERVED ACCESS [QUEST_SERVER]: READ player[0] rec 551 (addr 0x70180253)
*** RESERVED ACCESS [QUEST_SERVER]: WRITE player[0] rec 551 (addr 0x70180253)
*** RESERVED ACCESS [QUEST_SERVER]: READ player[0] rec 551 (addr 0x70180253)
*** RESERVED ACCESS [QUEST_SERVER]: WRITE player[0] rec 551 (addr 0x70180253)
*** RESERVED ACCESS [QUEST_SERVER]: WRITE player[0] rec 660 (addr 0x701802C0)
*** RESERVED ACCESS [QUEST_SERVER]: WRITE player[0] rec 661 (addr 0x701802C1)
*** RESERVED ACCESS [QUEST_SERVER]: WRITE player[0] rec 662 (addr 0x701802C2)
*** RESERVED ACCESS [QUEST_SERVER]: WRITE player[0] rec 663 (addr 0x701802C3)
*** RESERVED ACCESS [QUEST_SERVER]: WRITE player[0] rec 681 (addr 0x701802D5)
*** RESERVED ACCESS [QUEST_SERVER]: WRITE player[0] rec 685 (addr 0x701802D9)
*** RESERVED ACCESS [QUEST_SERVER]: WRITE player[0] rec 682 (addr 0x701802D6)
Exception: Segment fault - block 0, page 1 not loaded
Unregistering process 100
message to 101
OPEN Channel 1, path :QUEST_SERVER.PR modified: 0
OPEN Channel 2, path :SHARED_DATA_FILE modified: 1
OPEN Channel 3, path :WORLD_DATA_FILE modified: 1
OPEN Channel 4, path :CASTLE_DATA_FILE modified: 1
OPEN Channel 5, path :USER_DATA_FILE modified: 1
ISR RECEIVED MESSAGE
RTBridge::zero_frame_claim: entry 7017DBCE opcode A6E9 is not WSAVx/WSSVx — claim NOT zeroed (new entry shape? — further occurrences silenced)
RTBridge::zero_frame_claim: entry 7017DBFC opcode A6E9 is not WSAVx/WSSVx — claim NOT zeroed (new entry shape? — further occurrences silenced)
RTBridge::zero_frame_claim: entry 7017DC3A opcode A6E9 is not WSAVx/WSSVx — claim NOT zeroed (new entry shape? — further occurrences silenced)
*** RESERVED ACCESS [QUEST]: WRITE player[0] rec 555 (addr 0x70180257)
*** RESERVED ACCESS [QUEST]: READ player[0] rec 555 (addr 0x70180257)
*** RESERVED ACCESS [QUEST]: WRITE player[0] rec 556 (addr 0x70180258)
*** RESERVED ACCESS [QUEST]: READ player[0] rec 556 (addr 0x70180258)
*** RESERVED ACCESS [QUEST]: WRITE player[0] rec 557 (addr 0x70180259)
*** RESERVED ACCESS [QUEST]: READ player[0] rec 557 (addr 0x70180259)
*** RESERVED ACCESS [QUEST]: WRITE player[0] rec 558 (addr 0x7018025A)
*** RESERVED ACCESS [QUEST]: READ player[0] rec 558 (addr 0x7018025A)
*** RESERVED ACCESS [QUEST]: WRITE player[0] rec 559 (addr 0x7018025B)
*** RESERVED ACCESS [QUEST]: READ player[0] rec 559 (addr 0x7018025B)
*** RESERVED ACCESS [QUEST]: WRITE player[0] rec 560 (addr 0x7018025C)
*** RESERVED ACCESS [QUEST]: READ player[0] rec 560 (addr 0x7018025C)
*** RESERVED ACCESS [QUEST]: WRITE player[0] rec 561 (addr 0x7018025D)
*** RESERVED ACCESS [QUEST]: READ player[0] rec 561 (addr 0x7018025D)
*** RESERVED ACCESS [QUEST]: WRITE player[0] rec 562 (addr 0x7018025E)
*** RESERVED ACCESS [QUEST]: READ player[0] rec 562 (addr 0x7018025E)
*** RESERVED ACCESS [QUEST]: WRITE player[0] rec 563 (addr 0x7018025F)
*** RESERVED ACCESS [QUEST]: READ player[0] rec 563 (addr 0x7018025F)
*** RESERVED ACCESS [QUEST]: WRITE player[0] rec 564 (addr 0x70180260)
*** RESERVED ACCESS [QUEST]: READ player[0] rec 564 (addr 0x70180260)
*** RESERVED ACCESS [QUEST]: WRITE player[0] rec 555 (addr 0x70180257)
*** RESERVED ACCESS [QUEST]: READ player[0] rec 555 (addr 0x70180257)
*** RESERVED ACCESS [QUEST]: WRITE player[0] rec 556 (addr 0x70180258)
*** RESERVED ACCESS [QUEST]: READ player[0] rec 556 (addr 0x70180258)
*** RESERVED ACCESS [QUEST]: WRITE player[0] rec 557 (addr 0x70180259)
*** RESERVED ACCESS [QUEST]: READ player[0] rec 557 (addr 0x70180259)
*** RESERVED ACCESS [QUEST]: WRITE player[0] rec 558 (addr 0x7018025A)
*** RESERVED ACCESS [QUEST]: READ player[0] rec 558 (addr 0x7018025A)
*** RESERVED ACCESS [QUEST]: WRITE player[0] rec 559 (addr 0x7018025B)
*** RESERVED ACCESS [QUEST]: READ player[0] rec 559 (addr 0x7018025B)
*** RESERVED ACCESS [QUEST]: WRITE player[0] rec 560 (addr 0x7018025C)
*** RESERVED ACCESS [QUEST]: READ player[0] rec 560 (addr 0x7018025C)
*** RESERVED ACCESS [QUEST]: WRITE player[0] rec 561 (addr 0x7018025D)
*** RESERVED ACCESS [QUEST]: READ player[0] rec 561 (addr 0x7018025D)
*** RESERVED ACCESS [QUEST]: WRITE player[0] rec 562 (addr 0x7018025E)
*** RESERVED ACCESS [QUEST]: READ player[0] rec 562 (addr 0x7018025E)
*** RESERVED ACCESS [QUEST]: WRITE player[0] rec 563 (addr 0x7018025F)
*** RESERVED ACCESS [QUEST]: READ player[0] rec 563 (addr 0x7018025F)
*** RESERVED ACCESS [QUEST]: WRITE player[0] rec 564 (addr 0x70180260)
*** RESERVED ACCESS [QUEST]: READ player[0] rec 564 (addr 0x70180260)
*** RESERVED ACCESS [QUEST]: READ player[0] rec 555 (addr 0x70180257)
*** RESERVED ACCESS [QUEST]: READ player[0] rec 555 (addr 0x70180257)
*** RESERVED ACCESS [QUEST]: READ player[0] rec 555 (addr 0x70180257)
*** RESERVED ACCESS [QUEST]: READ player[0] rec 555 (addr 0x70180257)
*** RESERVED ACCESS [QUEST]: READ player[0] rec 556 (addr 0x70180258)
*** RESERVED ACCESS [QUEST]: READ player[0] rec 556 (addr 0x70180258)
*** RESERVED ACCESS [QUEST]: READ player[0] rec 556 (addr 0x70180258)
*** RESERVED ACCESS [QUEST]: READ player[0] rec 556 (addr 0x70180258)
*** RESERVED ACCESS [QUEST]: READ player[0] rec 557 (addr 0x70180259)
*** RESERVED ACCESS [QUEST]: READ player[0] rec 557 (addr 0x70180259)
*** RESERVED ACCESS [QUEST]: READ player[0] rec 557 (addr 0x70180259)
*** RESERVED ACCESS [QUEST]: READ player[0] rec 557 (addr 0x70180259)
*** RESERVED ACCESS [QUEST]: READ player[0] rec 558 (addr 0x7018025A)
*** RESERVED ACCESS [QUEST]: READ player[0] rec 559 (addr 0x7018025B)
*** RESERVED ACCESS [QUEST]: READ player[0] rec 560 (addr 0x7018025C)
*** RESERVED ACCESS [QUEST]: READ player[0] rec 561 (addr 0x7018025D)
*** RESERVED ACCESS [QUEST]: READ player[0] rec 562 (addr 0x7018025E)
*** RESERVED ACCESS [QUEST]: READ player[0] rec 563 (addr 0x7018025F)
*** RESERVED ACCESS [QUEST]: READ player[0] rec 564 (addr 0x70180260)
*** RESERVED ACCESS [QUEST]: READ player[0] rec 555 (addr 0x70180257)
*** RESERVED ACCESS [QUEST]: WRITE player[0] rec 555 (addr 0x70180257)
*** RESERVED ACCESS [QUEST]: READ player[0] rec 556 (addr 0x70180258)
*** RESERVED ACCESS [QUEST]: WRITE player[0] rec 556 (addr 0x70180258)
*** RESERVED ACCESS [QUEST]: READ player[0] rec 557 (addr 0x70180259)
*** RESERVED ACCESS [QUEST]: WRITE player[0] rec 557 (addr 0x70180259)
*** RESERVED ACCESS [QUEST]: READ player[0] rec 558 (addr 0x7018025A)
*** RESERVED ACCESS [QUEST]: WRITE player[0] rec 558 (addr 0x7018025A)
*** RESERVED ACCESS [QUEST]: READ player[0] rec 559 (addr 0x7018025B)
*** RESERVED ACCESS [QUEST]: WRITE player[0] rec 559 (addr 0x7018025B)
*** RESERVED ACCESS [QUEST]: READ player[0] rec 560 (addr 0x7018025C)
*** RESERVED ACCESS [QUEST]: WRITE player[0] rec 560 (addr 0x7018025C)
*** RESERVED ACCESS [QUEST]: READ player[0] rec 561 (addr 0x7018025D)
*** RESERVED ACCESS [QUEST]: WRITE player[0] rec 561 (addr 0x7018025D)
*** RESERVED ACCESS [QUEST]: READ player[0] rec 562 (addr 0x7018025E)
*** RESERVED ACCESS [QUEST]: WRITE player[0] rec 562 (addr 0x7018025E)
*** RESERVED ACCESS [QUEST]: READ player[0] rec 563 (addr 0x7018025F)
*** RESERVED ACCESS [QUEST]: WRITE player[0] rec 563 (addr 0x7018025F)
*** RESERVED ACCESS [QUEST]: READ player[0] rec 564 (addr 0x70180260)
*** RESERVED ACCESS [QUEST]: WRITE player[0] rec 564 (addr 0x70180260)
*** RESERVED ACCESS [QUEST]: READ player[0] rec 558 (addr 0x7018025A)
*** RESERVED ACCESS [QUEST]: READ player[0] rec 559 (addr 0x7018025B)
*** RESERVED ACCESS [QUEST]: READ player[0] rec 560 (addr 0x7018025C)
*** RESERVED ACCESS [QUEST]: READ player[0] rec 561 (addr 0x7018025D)
*** RESERVED ACCESS [QUEST]: READ player[0] rec 562 (addr 0x7018025E)
*** RESERVED ACCESS [QUEST]: READ player[0] rec 563 (addr 0x7018025F)
*** RESERVED ACCESS [QUEST]: READ player[0] rec 564 (addr 0x70180260)
*** RESERVED ACCESS [QUEST]: READ player[0] rec 555 (addr 0x70180257)
*** RESERVED ACCESS [QUEST]: WRITE player[0] rec 555 (addr 0x70180257)
*** RESERVED ACCESS [QUEST]: READ player[0] rec 556 (addr 0x70180258)
*** RESERVED ACCESS [QUEST]: WRITE player[0] rec 556 (addr 0x70180258)
*** RESERVED ACCESS [QUEST]: READ player[0] rec 557 (addr 0x70180259)
*** RESERVED ACCESS [QUEST]: WRITE player[0] rec 557 (addr 0x70180259)
*** RESERVED ACCESS [QUEST]: READ player[0] rec 558 (addr 0x7018025A)
*** RESERVED ACCESS [QUEST]: WRITE player[0] rec 558 (addr 0x7018025A)
*** RESERVED ACCESS [QUEST]: READ player[0] rec 559 (addr 0x7018025B)
*** RESERVED ACCESS [QUEST]: WRITE player[0] rec 559 (addr 0x7018025B)
*** RESERVED ACCESS [QUEST]: READ player[0] rec 560 (addr 0x7018025C)
*** RESERVED ACCESS [QUEST]: WRITE player[0] rec 560 (addr 0x7018025C)
*** RESERVED ACCESS [QUEST]: READ player[0] rec 561 (addr 0x7018025D)
*** RESERVED ACCESS [QUEST]: WRITE player[0] rec 561 (addr 0x7018025D)
*** RESERVED ACCESS [QUEST]: READ player[0] rec 562 (addr 0x7018025E)
*** RESERVED ACCESS [QUEST]: WRITE player[0] rec 562 (addr 0x7018025E)
*** RESERVED ACCESS [QUEST]: READ player[0] rec 563 (addr 0x7018025F)
*** RESERVED ACCESS [QUEST]: WRITE player[0] rec 563 (addr 0x7018025F)
*** RESERVED ACCESS [QUEST]: READ player[0] rec 564 (addr 0x70180260)
*** RESERVED ACCESS [QUEST]: WRITE player[0] rec 564 (addr 0x70180260)
RTBridge::zero_frame_claim: entry 701678DE opcode A6C9 is not WSAVx/WSSVx — claim NOT zeroed (new entry shape? — further occurrences silenced)
RTBridge::zero_frame_claim: entry 70167A23 opcode A6C9 is not WSAVx/WSSVx — claim NOT zeroed (new entry shape? — further occurrences silenced)
RTBridge::zero_frame_claim: entry 70167A98 opcode A6C9 is not WSAVx/WSSVx — claim NOT zeroed (new entry shape? — further occurrences silenced)
RTBridge::zero_frame_claim: entry 70167B2F opcode A6C9 is not WSAVx/WSSVx — claim NOT zeroed (new entry shape? — further occurrences silenced)
RTBridge::zero_frame_claim: entry 70167BA0 opcode A6C9 is not WSAVx/WSSVx — claim NOT zeroed (new entry shape? — further occurrences silenced)
RTBridge::zero_frame_claim: entry 70167C05 opcode A6C9 is not WSAVx/WSSVx — claim NOT zeroed (new entry shape? — further occurrences silenced)
RTBridge::zero_frame_claim: entry 70167C9C opcode A6C9 is not WSAVx/WSSVx — claim NOT zeroed (new entry shape? — further occurrences silenced)
*** RESERVED ACCESS [QUEST]: READ player[0] rec 681 (addr 0x701802D5)
*** RESERVED ACCESS [QUEST]: READ player[0] rec 681 (addr 0x701802D5)
*** RESERVED ACCESS [QUEST]: READ player[0] rec 545 (addr 0x7018024D)
*** RESERVED ACCESS [QUEST]: READ player[0] rec 545 (addr 0x7018024D)
*** RESERVED ACCESS [QUEST]: READ player[0] rec 545 (addr 0x7018024D)
*** RESERVED ACCESS [QUEST]: READ player[0] rec 545 (addr 0x7018024D)
*** RESERVED ACCESS [QUEST]: READ player[0] rec 545 (addr 0x7018024D)
*** RESERVED ACCESS [QUEST]: READ player[0] rec 545 (addr 0x7018024D)
*** RESERVED ACCESS [QUEST]: READ player[0] rec 661 (addr 0x701802C1)
*** RESERVED ACCESS [QUEST]: READ player[0] rec 662 (addr 0x701802C2)
*** RESERVED ACCESS [QUEST]: READ player[0] rec 663 (addr 0x701802C3)
*** RESERVED ACCESS [QUEST]: READ player[0] rec 661 (addr 0x701802C1)
*** RESERVED ACCESS [QUEST]: READ player[0] rec 662 (addr 0x701802C2)
*** RESERVED ACCESS [QUEST]: READ player[0] rec 663 (addr 0x701802C3)
*** RESERVED ACCESS [QUEST]: READ player[0] rec 310 (addr 0x70180162)
*** RESERVED ACCESS [QUEST]: READ player[0] rec 311 (addr 0x70180163)
*** RESERVED ACCESS [QUEST]: READ player[0] rec 312 (addr 0x70180164)
*** RESERVED ACCESS [QUEST]: READ player[0] rec 313 (addr 0x70180165)
*** RESERVED ACCESS [QUEST]: READ player[0] rec 314 (addr 0x70180166)
*** RESERVED ACCESS [QUEST]: READ player[0] rec 315 (addr 0x70180167)
*** RESERVED ACCESS [QUEST]: READ player[0] rec 316 (addr 0x70180168)
*** RESERVED ACCESS [QUEST]: READ player[0] rec 317 (addr 0x70180169)
*** RESERVED ACCESS [QUEST]: READ player[0] rec 318 (addr 0x7018016A)
*** RESERVED ACCESS [QUEST]: READ player[0] rec 319 (addr 0x7018016B)
*** RESERVED ACCESS [QUEST]: READ player[0] rec 320 (addr 0x7018016C)
*** RESERVED ACCESS [QUEST]: READ player[0] rec 321 (addr 0x7018016D)
*** RESERVED ACCESS [QUEST]: READ player[0] rec 322 (addr 0x7018016E)
*** RESERVED ACCESS [QUEST]: READ player[0] rec 323 (addr 0x7018016F)
*** RESERVED ACCESS [QUEST]: READ player[0] rec 324 (addr 0x70180170)
*** RESERVED ACCESS [QUEST]: READ player[0] rec 325 (addr 0x70180171)
*** RESERVED ACCESS [QUEST]: READ player[0] rec 326 (addr 0x70180172)
*** RESERVED ACCESS [QUEST]: READ player[0] rec 327 (addr 0x70180173)
*** RESERVED ACCESS [QUEST]: READ player[0] rec 328 (addr 0x70180174)
*** RESERVED ACCESS [QUEST]: READ player[0] rec 329 (addr 0x70180175)
*** RESERVED ACCESS [QUEST]: READ player[0] rec 330 (addr 0x70180176)
*** RESERVED ACCESS [QUEST]: READ player[0] rec 331 (addr 0x70180177)
*** RESERVED ACCESS [QUEST]: READ player[0] rec 332 (addr 0x70180178)
*** RESERVED ACCESS [QUEST]: READ player[0] rec 310 (addr 0x70180162)
*** RESERVED ACCESS [QUEST]: READ player[0] rec 311 (addr 0x70180163)
*** RESERVED ACCESS [QUEST]: READ player[0] rec 312 (addr 0x70180164)
*** RESERVED ACCESS [QUEST]: READ player[0] rec 313 (addr 0x70180165)
*** RESERVED ACCESS [QUEST]: READ player[0] rec 314 (addr 0x70180166)
*** RESERVED ACCESS [QUEST]: READ player[0] rec 315 (addr 0x70180167)
*** RESERVED ACCESS [QUEST]: READ player[0] rec 316 (addr 0x70180168)
*** RESERVED ACCESS [QUEST]: READ player[0] rec 317 (addr 0x70180169)
*** RESERVED ACCESS [QUEST]: READ player[0] rec 318 (addr 0x7018016A)
*** RESERVED ACCESS [QUEST]: READ player[0] rec 319 (addr 0x7018016B)
*** RESERVED ACCESS [QUEST]: READ player[0] rec 320 (addr 0x7018016C)
*** RESERVED ACCESS [QUEST]: READ player[0] rec 321 (addr 0x7018016D)
*** RESERVED ACCESS [QUEST]: READ player[0] rec 322 (addr 0x7018016E)
*** RESERVED ACCESS [QUEST]: READ player[0] rec 323 (addr 0x7018016F)
*** RESERVED ACCESS [QUEST]: READ player[0] rec 324 (addr 0x70180170)
*** RESERVED ACCESS [QUEST]: READ player[0] rec 325 (addr 0x70180171)
*** RESERVED ACCESS [QUEST]: READ player[0] rec 326 (addr 0x70180172)
*** RESERVED ACCESS [QUEST]: READ player[0] rec 327 (addr 0x70180173)
*** RESERVED ACCESS [QUEST]: READ player[0] rec 328 (addr 0x70180174)
*** RESERVED ACCESS [QUEST]: READ player[0] rec 329 (addr 0x70180175)
*** RESERVED ACCESS [QUEST]: READ player[0] rec 330 (addr 0x70180176)
*** RESERVED ACCESS [QUEST]: READ player[0] rec 331 (addr 0x70180177)
*** RESERVED ACCESS [QUEST]: READ player[0] rec 332 (addr 0x70180178)
*** RESERVED ACCESS [QUEST]: READ player[0] rec 333 (addr 0x70180179)
*** RESERVED ACCESS [QUEST]: READ player[0] rec 334 (addr 0x7018017A)
*** RESERVED ACCESS [QUEST]: READ player[0] rec 335 (addr 0x7018017B)
*** RESERVED ACCESS [QUEST]: READ player[0] rec 336 (addr 0x7018017C)
*** RESERVED ACCESS [QUEST]: READ player[0] rec 337 (addr 0x7018017D)
*** RESERVED ACCESS [QUEST]: READ player[0] rec 338 (addr 0x7018017E)
*** RESERVED ACCESS [QUEST]: READ player[0] rec 339 (addr 0x7018017F)
*** RESERVED ACCESS [QUEST]: READ player[0] rec 340 (addr 0x70180180)
*** RESERVED ACCESS [QUEST]: READ player[0] rec 341 (addr 0x70180181)
*** RESERVED ACCESS [QUEST]: READ player[0] rec 342 (addr 0x70180182)
*** RESERVED ACCESS [QUEST]: READ player[0] rec 343 (addr 0x70180183)
*** RESERVED ACCESS [QUEST]: READ player[0] rec 344 (addr 0x70180184)
*** RESERVED ACCESS [QUEST]: READ player[0] rec 345 (addr 0x70180185)
*** RESERVED ACCESS [QUEST]: READ player[0] rec 346 (addr 0x70180186)
*** RESERVED ACCESS [QUEST]: READ player[0] rec 347 (addr 0x70180187)
*** RESERVED ACCESS [QUEST]: READ player[0] rec 348 (addr 0x70180188)
*** RESERVED ACCESS [QUEST]: READ player[0] rec 349 (addr 0x70180189)
*** RESERVED ACCESS [QUEST]: READ player[0] rec 350 (addr 0x7018018A)
*** RESERVED ACCESS [QUEST]: READ player[0] rec 351 (addr 0x7018018B)
*** RESERVED ACCESS [QUEST]: READ player[0] rec 352 (addr 0x7018018C)
*** RESERVED ACCESS [QUEST]: READ player[0] rec 353 (addr 0x7018018D)
*** RESERVED ACCESS [QUEST]: READ player[0] rec 354 (addr 0x7018018E)
*** RESERVED ACCESS [QUEST]: READ player[0] rec 355 (addr 0x7018018F)
*** RESERVED ACCESS [QUEST]: READ player[0] rec 356 (addr 0x70180190)
*** RESERVED ACCESS [QUEST]: READ player[0] rec 357 (addr 0x70180191)
*** RESERVED ACCESS [QUEST]: READ player[0] rec 358 (addr 0x70180192)
*** RESERVED ACCESS [QUEST]: READ player[0] rec 359 (addr 0x70180193)
*** RESERVED ACCESS [QUEST]: READ player[0] rec 360 (addr 0x70180194)
*** RESERVED ACCESS [QUEST]: READ player[0] rec 361 (addr 0x70180195)
*** RESERVED ACCESS [QUEST]: READ player[0] rec 362 (addr 0x70180196)
*** RESERVED ACCESS [QUEST]: READ player[0] rec 363 (addr 0x70180197)
*** RESERVED ACCESS [QUEST]: READ player[0] rec 333 (addr 0x70180179)
*** RESERVED ACCESS [QUEST]: READ player[0] rec 334 (addr 0x7018017A)
*** RESERVED ACCESS [QUEST]: READ player[0] rec 335 (addr 0x7018017B)
*** RESERVED ACCESS [QUEST]: READ player[0] rec 336 (addr 0x7018017C)
*** RESERVED ACCESS [QUEST]: READ player[0] rec 337 (addr 0x7018017D)
*** RESERVED ACCESS [QUEST]: READ player[0] rec 338 (addr 0x7018017E)
*** RESERVED ACCESS [QUEST]: READ player[0] rec 339 (addr 0x7018017F)
*** RESERVED ACCESS [QUEST]: READ player[0] rec 340 (addr 0x70180180)
*** RESERVED ACCESS [QUEST]: READ player[0] rec 341 (addr 0x70180181)
*** RESERVED ACCESS [QUEST]: READ player[0] rec 342 (addr 0x70180182)
*** RESERVED ACCESS [QUEST]: READ player[0] rec 343 (addr 0x70180183)
*** RESERVED ACCESS [QUEST]: READ player[0] rec 344 (addr 0x70180184)
*** RESERVED ACCESS [QUEST]: READ player[0] rec 345 (addr 0x70180185)
*** RESERVED ACCESS [QUEST]: READ player[0] rec 346 (addr 0x70180186)
*** RESERVED ACCESS [QUEST]: READ player[0] rec 347 (addr 0x70180187)
*** RESERVED ACCESS [QUEST]: READ player[0] rec 348 (addr 0x70180188)
*** RESERVED ACCESS [QUEST]: READ player[0] rec 349 (addr 0x70180189)
*** RESERVED ACCESS [QUEST]: READ player[0] rec 350 (addr 0x7018018A)
*** RESERVED ACCESS [QUEST]: READ player[0] rec 351 (addr 0x7018018B)
*** RESERVED ACCESS [QUEST]: READ player[0] rec 352 (addr 0x7018018C)
*** RESERVED ACCESS [QUEST]: READ player[0] rec 353 (addr 0x7018018D)
*** RESERVED ACCESS [QUEST]: READ player[0] rec 354 (addr 0x7018018E)
*** RESERVED ACCESS [QUEST]: READ player[0] rec 355 (addr 0x7018018F)
*** RESERVED ACCESS [QUEST]: READ player[0] rec 356 (addr 0x70180190)
*** RESERVED ACCESS [QUEST]: READ player[0] rec 357 (addr 0x70180191)
*** RESERVED ACCESS [QUEST]: READ player[0] rec 358 (addr 0x70180192)
*** RESERVED ACCESS [QUEST]: READ player[0] rec 359 (addr 0x70180193)
*** RESERVED ACCESS [QUEST]: READ player[0] rec 360 (addr 0x70180194)
*** RESERVED ACCESS [QUEST]: READ player[0] rec 361 (addr 0x70180195)
*** RESERVED ACCESS [QUEST]: READ player[0] rec 362 (addr 0x70180196)
*** RESERVED ACCESS [QUEST]: READ player[0] rec 363 (addr 0x70180197)
*** RESERVED ACCESS [QUEST]: READ player[0] rec 364 (addr 0x70180198)
*** RESERVED ACCESS [QUEST]: READ player[0] rec 365 (addr 0x70180199)
*** RESERVED ACCESS [QUEST]: READ player[0] rec 366 (addr 0x7018019A)
*** RESERVED ACCESS [QUEST]: READ player[0] rec 367 (addr 0x7018019B)
*** RESERVED ACCESS [QUEST]: READ player[0] rec 368 (addr 0x7018019C)
*** RESERVED ACCESS [QUEST]: READ player[0] rec 369 (addr 0x7018019D)
*** RESERVED ACCESS [QUEST]: READ player[0] rec 370 (addr 0x7018019E)
*** RESERVED ACCESS [QUEST]: READ player[0] rec 371 (addr 0x7018019F)
*** RESERVED ACCESS [QUEST]: READ player[0] rec 372 (addr 0x701801A0)
*** RESERVED ACCESS [QUEST]: READ player[0] rec 364 (addr 0x70180198)
*** RESERVED ACCESS [QUEST]: READ player[0] rec 365 (addr 0x70180199)
*** RESERVED ACCESS [QUEST]: READ player[0] rec 366 (addr 0x7018019A)
*** RESERVED ACCESS [QUEST]: READ player[0] rec 367 (addr 0x7018019B)
*** RESERVED ACCESS [QUEST]: READ player[0] rec 368 (addr 0x7018019C)
*** RESERVED ACCESS [QUEST]: READ player[0] rec 369 (addr 0x7018019D)
*** RESERVED ACCESS [QUEST]: READ player[0] rec 370 (addr 0x7018019E)
*** RESERVED ACCESS [QUEST]: READ player[0] rec 371 (addr 0x7018019F)
*** RESERVED ACCESS [QUEST]: READ player[0] rec 372 (addr 0x701801A0)
*** RESERVED ACCESS [QUEST]: READ player[0] rec 310 (addr 0x70180162)
*** RESERVED ACCESS [QUEST]: READ player[0] rec 311 (addr 0x70180163)
*** RESERVED ACCESS [QUEST]: READ player[0] rec 312 (addr 0x70180164)
*** RESERVED ACCESS [QUEST]: READ player[0] rec 313 (addr 0x70180165)
*** RESERVED ACCESS [QUEST]: READ player[0] rec 314 (addr 0x70180166)
*** RESERVED ACCESS [QUEST]: READ player[0] rec 315 (addr 0x70180167)
*** RESERVED ACCESS [QUEST]: READ player[0] rec 316 (addr 0x70180168)
*** RESERVED ACCESS [QUEST]: READ player[0] rec 317 (addr 0x70180169)
*** RESERVED ACCESS [QUEST]: READ player[0] rec 318 (addr 0x7018016A)
*** RESERVED ACCESS [QUEST]: READ player[0] rec 319 (addr 0x7018016B)
*** RESERVED ACCESS [QUEST]: READ player[0] rec 310 (addr 0x70180162)
*** RESERVED ACCESS [QUEST]: READ player[0] rec 311 (addr 0x70180163)
*** RESERVED ACCESS [QUEST]: READ player[0] rec 312 (addr 0x70180164)
*** RESERVED ACCESS [QUEST]: READ player[0] rec 313 (addr 0x70180165)
*** RESERVED ACCESS [QUEST]: READ player[0] rec 314 (addr 0x70180166)
*** RESERVED ACCESS [QUEST]: READ player[0] rec 315 (addr 0x70180167)
*** RESERVED ACCESS [QUEST]: READ player[0] rec 316 (addr 0x70180168)
*** RESERVED ACCESS [QUEST]: READ player[0] rec 317 (addr 0x70180169)
*** RESERVED ACCESS [QUEST]: READ player[0] rec 318 (addr 0x7018016A)
*** RESERVED ACCESS [QUEST]: READ player[0] rec 319 (addr 0x7018016B)
*** RESERVED ACCESS [QUEST]: READ player[0] rec 320 (addr 0x7018016C)
*** RESERVED ACCESS [QUEST]: READ player[0] rec 321 (addr 0x7018016D)
*** RESERVED ACCESS [QUEST]: READ player[0] rec 322 (addr 0x7018016E)
*** RESERVED ACCESS [QUEST]: READ player[0] rec 323 (addr 0x7018016F)
*** RESERVED ACCESS [QUEST]: READ player[0] rec 324 (addr 0x70180170)
*** RESERVED ACCESS [QUEST]: READ player[0] rec 325 (addr 0x70180171)
*** RESERVED ACCESS [QUEST]: READ player[0] rec 326 (addr 0x70180172)
*** RESERVED ACCESS [QUEST]: READ player[0] rec 327 (addr 0x70180173)
*** RESERVED ACCESS [QUEST]: READ player[0] rec 328 (addr 0x70180174)
*** RESERVED ACCESS [QUEST]: READ player[0] rec 329 (addr 0x70180175)
*** RESERVED ACCESS [QUEST]: READ player[0] rec 330 (addr 0x70180176)
*** RESERVED ACCESS [QUEST]: READ player[0] rec 331 (addr 0x70180177)
*** RESERVED ACCESS [QUEST]: READ player[0] rec 332 (addr 0x70180178)
*** RESERVED ACCESS [QUEST]: READ player[0] rec 333 (addr 0x70180179)
*** RESERVED ACCESS [QUEST]: READ player[0] rec 334 (addr 0x7018017A)
*** RESERVED ACCESS [QUEST]: READ player[0] rec 335 (addr 0x7018017B)
*** RESERVED ACCESS [QUEST]: READ player[0] rec 336 (addr 0x7018017C)
*** RESERVED ACCESS [QUEST]: READ player[0] rec 337 (addr 0x7018017D)
*** RESERVED ACCESS [QUEST]: READ player[0] rec 338 (addr 0x7018017E)
*** RESERVED ACCESS [QUEST]: READ player[0] rec 339 (addr 0x7018017F)
*** RESERVED ACCESS [QUEST]: READ player[0] rec 340 (addr 0x70180180)
*** RESERVED ACCESS [QUEST]: READ player[0] rec 341 (addr 0x70180181)
*** RESERVED ACCESS [QUEST]: READ player[0] rec 342 (addr 0x70180182)
*** RESERVED ACCESS [QUEST]: READ player[0] rec 343 (addr 0x70180183)
*** RESERVED ACCESS [QUEST]: READ player[0] rec 344 (addr 0x70180184)
*** RESERVED ACCESS [QUEST]: READ player[0] rec 345 (addr 0x70180185)
*** RESERVED ACCESS [QUEST]: READ player[0] rec 346 (addr 0x70180186)
*** RESERVED ACCESS [QUEST]: READ player[0] rec 347 (addr 0x70180187)
*** RESERVED ACCESS [QUEST]: READ player[0] rec 320 (addr 0x7018016C)
*** RESERVED ACCESS [QUEST]: READ player[0] rec 321 (addr 0x7018016D)
*** RESERVED ACCESS [QUEST]: READ player[0] rec 322 (addr 0x7018016E)
*** RESERVED ACCESS [QUEST]: READ player[0] rec 323 (addr 0x7018016F)
*** RESERVED ACCESS [QUEST]: READ player[0] rec 324 (addr 0x70180170)
*** RESERVED ACCESS [QUEST]: READ player[0] rec 325 (addr 0x70180171)
*** RESERVED ACCESS [QUEST]: READ player[0] rec 326 (addr 0x70180172)
*** RESERVED ACCESS [QUEST]: READ player[0] rec 327 (addr 0x70180173)
*** RESERVED ACCESS [QUEST]: READ player[0] rec 328 (addr 0x70180174)
*** RESERVED ACCESS [QUEST]: READ player[0] rec 329 (addr 0x70180175)
*** RESERVED ACCESS [QUEST]: READ player[0] rec 330 (addr 0x70180176)
*** RESERVED ACCESS [QUEST]: READ player[0] rec 331 (addr 0x70180177)
*** RESERVED ACCESS [QUEST]: READ player[0] rec 332 (addr 0x70180178)
*** RESERVED ACCESS [QUEST]: READ player[0] rec 333 (addr 0x70180179)
*** RESERVED ACCESS [QUEST]: READ player[0] rec 334 (addr 0x7018017A)
*** RESERVED ACCESS [QUEST]: READ player[0] rec 335 (addr 0x7018017B)
*** RESERVED ACCESS [QUEST]: READ player[0] rec 336 (addr 0x7018017C)
*** RESERVED ACCESS [QUEST]: READ player[0] rec 337 (addr 0x7018017D)
*** RESERVED ACCESS [QUEST]: READ player[0] rec 338 (addr 0x7018017E)
*** RESERVED ACCESS [QUEST]: READ player[0] rec 339 (addr 0x7018017F)
*** RESERVED ACCESS [QUEST]: READ player[0] rec 340 (addr 0x70180180)
*** RESERVED ACCESS [QUEST]: READ player[0] rec 341 (addr 0x70180181)
*** RESERVED ACCESS [QUEST]: READ player[0] rec 342 (addr 0x70180182)
*** RESERVED ACCESS [QUEST]: READ player[0] rec 343 (addr 0x70180183)
*** RESERVED ACCESS [QUEST]: READ player[0] rec 344 (addr 0x70180184)
*** RESERVED ACCESS [QUEST]: READ player[0] rec 345 (addr 0x70180185)
*** RESERVED ACCESS [QUEST]: READ player[0] rec 346 (addr 0x70180186)
*** RESERVED ACCESS [QUEST]: READ player[0] rec 347 (addr 0x70180187)
*** RESERVED ACCESS [QUEST]: READ player[0] rec 348 (addr 0x70180188)
*** RESERVED ACCESS [QUEST]: READ player[0] rec 349 (addr 0x70180189)
*** RESERVED ACCESS [QUEST]: READ player[0] rec 350 (addr 0x7018018A)
*** RESERVED ACCESS [QUEST]: READ player[0] rec 351 (addr 0x7018018B)
*** RESERVED ACCESS [QUEST]: READ player[0] rec 352 (addr 0x7018018C)
*** RESERVED ACCESS [QUEST]: READ player[0] rec 353 (addr 0x7018018D)
*** RESERVED ACCESS [QUEST]: READ player[0] rec 354 (addr 0x7018018E)
*** RESERVED ACCESS [QUEST]: READ player[0] rec 355 (addr 0x7018018F)
*** RESERVED ACCESS [QUEST]: READ player[0] rec 356 (addr 0x70180190)
*** RESERVED ACCESS [QUEST]: READ player[0] rec 357 (addr 0x70180191)
*** RESERVED ACCESS [QUEST]: READ player[0] rec 358 (addr 0x70180192)
*** RESERVED ACCESS [QUEST]: READ player[0] rec 359 (addr 0x70180193)
*** RESERVED ACCESS [QUEST]: READ player[0] rec 360 (addr 0x70180194)
*** RESERVED ACCESS [QUEST]: READ player[0] rec 361 (addr 0x70180195)
*** RESERVED ACCESS [QUEST]: READ player[0] rec 362 (addr 0x70180196)
*** RESERVED ACCESS [QUEST]: READ player[0] rec 363 (addr 0x70180197)
*** RESERVED ACCESS [QUEST]: READ player[0] rec 364 (addr 0x70180198)
*** RESERVED ACCESS [QUEST]: READ player[0] rec 365 (addr 0x70180199)
*** RESERVED ACCESS [QUEST]: READ player[0] rec 366 (addr 0x7018019A)
*** RESERVED ACCESS [QUEST]: READ player[0] rec 367 (addr 0x7018019B)
*** RESERVED ACCESS [QUEST]: READ player[0] rec 368 (addr 0x7018019C)
*** RESERVED ACCESS [QUEST]: READ player[0] rec 369 (addr 0x7018019D)
*** RESERVED ACCESS [QUEST]: READ player[0] rec 370 (addr 0x7018019E)
*** RESERVED ACCESS [QUEST]: READ player[0] rec 371 (addr 0x7018019F)
*** RESERVED ACCESS [QUEST]: READ player[0] rec 372 (addr 0x701801A0)
*** RESERVED ACCESS [QUEST]: READ player[0] rec 348 (addr 0x70180188)
*** RESERVED ACCESS [QUEST]: READ player[0] rec 349 (addr 0x70180189)
*** RESERVED ACCESS [QUEST]: READ player[0] rec 350 (addr 0x7018018A)
*** RESERVED ACCESS [QUEST]: READ player[0] rec 351 (addr 0x7018018B)
*** RESERVED ACCESS [QUEST]: READ player[0] rec 352 (addr 0x7018018C)
*** RESERVED ACCESS [QUEST]: READ player[0] rec 353 (addr 0x7018018D)
*** RESERVED ACCESS [QUEST]: READ player[0] rec 354 (addr 0x7018018E)
*** RESERVED ACCESS [QUEST]: READ player[0] rec 355 (addr 0x7018018F)
*** RESERVED ACCESS [QUEST]: READ player[0] rec 356 (addr 0x70180190)
*** RESERVED ACCESS [QUEST]: READ player[0] rec 357 (addr 0x70180191)
*** RESERVED ACCESS [QUEST]: READ player[0] rec 358 (addr 0x70180192)
*** RESERVED ACCESS [QUEST]: READ player[0] rec 359 (addr 0x70180193)
*** RESERVED ACCESS [QUEST]: READ player[0] rec 360 (addr 0x70180194)
*** RESERVED ACCESS [QUEST]: READ player[0] rec 361 (addr 0x70180195)
*** RESERVED ACCESS [QUEST]: READ player[0] rec 362 (addr 0x70180196)
*** RESERVED ACCESS [QUEST]: READ player[0] rec 363 (addr 0x70180197)
*** RESERVED ACCESS [QUEST]: READ player[0] rec 364 (addr 0x70180198)
*** RESERVED ACCESS [QUEST]: READ player[0] rec 365 (addr 0x70180199)
*** RESERVED ACCESS [QUEST]: READ player[0] rec 366 (addr 0x7018019A)
*** RESERVED ACCESS [QUEST]: READ player[0] rec 367 (addr 0x7018019B)
*** RESERVED ACCESS [QUEST]: READ player[0] rec 368 (addr 0x7018019C)
*** RESERVED ACCESS [QUEST]: READ player[0] rec 369 (addr 0x7018019D)
*** RESERVED ACCESS [QUEST]: READ player[0] rec 370 (addr 0x7018019E)
*** RESERVED ACCESS [QUEST]: READ player[0] rec 371 (addr 0x7018019F)
*** RESERVED ACCESS [QUEST]: READ player[0] rec 372 (addr 0x701801A0)
*** RESERVED ACCESS [QUEST]: READ player[0] rec 473 (addr 0x70180205)
*** RESERVED ACCESS [QUEST]: WRITE player[0] rec 473 (addr 0x70180205)
*** RESERVED ACCESS [QUEST]: READ player[0] rec 474 (addr 0x70180206)
*** RESERVED ACCESS [QUEST]: WRITE player[0] rec 474 (addr 0x70180206)
*** RESERVED ACCESS [QUEST]: READ player[0] rec 475 (addr 0x70180207)
*** RESERVED ACCESS [QUEST]: WRITE player[0] rec 475 (addr 0x70180207)
*** RESERVED ACCESS [QUEST]: READ player[0] rec 476 (addr 0x70180208)
*** RESERVED ACCESS [QUEST]: WRITE player[0] rec 476 (addr 0x70180208)
*** RESERVED ACCESS [QUEST]: READ player[0] rec 477 (addr 0x70180209)
*** RESERVED ACCESS [QUEST]: WRITE player[0] rec 477 (addr 0x70180209)
*** RESERVED ACCESS [QUEST]: READ player[0] rec 478 (addr 0x7018020A)
*** RESERVED ACCESS [QUEST]: WRITE player[0] rec 478 (addr 0x7018020A)
*** RESERVED ACCESS [QUEST]: READ player[0] rec 479 (addr 0x7018020B)
*** RESERVED ACCESS [QUEST]: WRITE player[0] rec 479 (addr 0x7018020B)
*** RESERVED ACCESS [QUEST]: READ player[0] rec 480 (addr 0x7018020C)
*** RESERVED ACCESS [QUEST]: WRITE player[0] rec 480 (addr 0x7018020C)
*** RESERVED ACCESS [QUEST]: READ player[0] rec 481 (addr 0x7018020D)
*** RESERVED ACCESS [QUEST]: WRITE player[0] rec 481 (addr 0x7018020D)
*** RESERVED ACCESS [QUEST]: READ player[0] rec 482 (addr 0x7018020E)
*** RESERVED ACCESS [QUEST]: WRITE player[0] rec 482 (addr 0x7018020E)
*** RESERVED ACCESS [QUEST]: READ player[0] rec 473 (addr 0x70180205)
*** RESERVED ACCESS [QUEST]: WRITE player[0] rec 473 (addr 0x70180205)
*** RESERVED ACCESS [QUEST]: READ player[0] rec 474 (addr 0x70180206)
*** RESERVED ACCESS [QUEST]: WRITE player[0] rec 474 (addr 0x70180206)
*** RESERVED ACCESS [QUEST]: READ player[0] rec 475 (addr 0x70180207)
*** RESERVED ACCESS [QUEST]: WRITE player[0] rec 475 (addr 0x70180207)
*** RESERVED ACCESS [QUEST]: READ player[0] rec 476 (addr 0x70180208)
*** RESERVED ACCESS [QUEST]: WRITE player[0] rec 476 (addr 0x70180208)
*** RESERVED ACCESS [QUEST]: READ player[0] rec 477 (addr 0x70180209)
*** RESERVED ACCESS [QUEST]: WRITE player[0] rec 477 (addr 0x70180209)
*** RESERVED ACCESS [QUEST]: READ player[0] rec 478 (addr 0x7018020A)
*** RESERVED ACCESS [QUEST]: WRITE player[0] rec 478 (addr 0x7018020A)
*** RESERVED ACCESS [QUEST]: READ player[0] rec 479 (addr 0x7018020B)
*** RESERVED ACCESS [QUEST]: WRITE player[0] rec 479 (addr 0x7018020B)
*** RESERVED ACCESS [QUEST]: READ player[0] rec 480 (addr 0x7018020C)
*** RESERVED ACCESS [QUEST]: WRITE player[0] rec 480 (addr 0x7018020C)
*** RESERVED ACCESS [QUEST]: READ player[0] rec 481 (addr 0x7018020D)
*** RESERVED ACCESS [QUEST]: WRITE player[0] rec 481 (addr 0x7018020D)
*** RESERVED ACCESS [QUEST]: READ player[0] rec 482 (addr 0x7018020E)
*** RESERVED ACCESS [QUEST]: WRITE player[0] rec 482 (addr 0x7018020E)
*** RESERVED ACCESS [QUEST]: READ player[0] rec 426 (addr 0x701801D6)
*** RESERVED ACCESS [QUEST]: READ player[0] rec 430 (addr 0x701801DA)
*** RESERVED ACCESS [QUEST]: READ player[0] rec 434 (addr 0x701801DE)
*** RESERVED ACCESS [QUEST]: READ player[0] rec 438 (addr 0x701801E2)
*** RESERVED ACCESS [QUEST]: READ player[0] rec 442 (addr 0x701801E6)
*** RESERVED ACCESS [QUEST]: READ player[0] rec 446 (addr 0x701801EA)
*** RESERVED ACCESS [QUEST]: READ player[0] rec 450 (addr 0x701801EE)
*** RESERVED ACCESS [QUEST]: READ player[0] rec 454 (addr 0x701801F2)
*** RESERVED ACCESS [QUEST]: READ player[0] rec 458 (addr 0x701801F6)
*** RESERVED ACCESS [QUEST]: READ player[0] rec 462 (addr 0x701801FA)
*** RESERVED ACCESS [QUEST]: READ player[0] rec 466 (addr 0x701801FE)
*** RESERVED ACCESS [QUEST]: READ player[0] rec 426 (addr 0x701801D6)
*** RESERVED ACCESS [QUEST]: READ player[0] rec 430 (addr 0x701801DA)
*** RESERVED ACCESS [QUEST]: READ player[0] rec 434 (addr 0x701801DE)
*** RESERVED ACCESS [QUEST]: READ player[0] rec 438 (addr 0x701801E2)
*** RESERVED ACCESS [QUEST]: READ player[0] rec 442 (addr 0x701801E6)
*** RESERVED ACCESS [QUEST]: READ player[0] rec 446 (addr 0x701801EA)
*** RESERVED ACCESS [QUEST]: READ player[0] rec 450 (addr 0x701801EE)
*** RESERVED ACCESS [QUEST]: READ player[0] rec 454 (addr 0x701801F2)
*** RESERVED ACCESS [QUEST]: READ player[0] rec 458 (addr 0x701801F6)
*** RESERVED ACCESS [QUEST]: READ player[0] rec 462 (addr 0x701801FA)
*** RESERVED ACCESS [QUEST]: READ player[0] rec 466 (addr 0x701801FE)
*** RESERVED ACCESS [QUEST]: READ player[0] rec 555 (addr 0x70180257)
*** RESERVED ACCESS [QUEST]: READ player[0] rec 556 (addr 0x70180258)
*** RESERVED ACCESS [QUEST]: READ player[0] rec 557 (addr 0x70180259)
*** RESERVED ACCESS [QUEST]: READ player[0] rec 558 (addr 0x7018025A)
*** RESERVED ACCESS [QUEST]: READ player[0] rec 559 (addr 0x7018025B)
*** RESERVED ACCESS [QUEST]: READ player[0] rec 560 (addr 0x7018025C)
*** RESERVED ACCESS [QUEST]: READ player[0] rec 561 (addr 0x7018025D)
*** RESERVED ACCESS [QUEST]: READ player[0] rec 562 (addr 0x7018025E)
*** RESERVED ACCESS [QUEST]: READ player[0] rec 563 (addr 0x7018025F)
*** RESERVED ACCESS [QUEST]: READ player[0] rec 564 (addr 0x70180260)
*** RESERVED ACCESS [QUEST]: READ player[0] rec 555 (addr 0x70180257)
*** RESERVED ACCESS [QUEST]: WRITE player[0] rec 555 (addr 0x70180257)
*** RESERVED ACCESS [QUEST]: READ player[0] rec 556 (addr 0x70180258)
*** RESERVED ACCESS [QUEST]: WRITE player[0] rec 556 (addr 0x70180258)
*** RESERVED ACCESS [QUEST]: READ player[0] rec 557 (addr 0x70180259)
*** RESERVED ACCESS [QUEST]: WRITE player[0] rec 557 (addr 0x70180259)
*** RESERVED ACCESS [QUEST]: READ player[0] rec 558 (addr 0x7018025A)
*** RESERVED ACCESS [QUEST]: WRITE player[0] rec 558 (addr 0x7018025A)
*** RESERVED ACCESS [QUEST]: READ player[0] rec 559 (addr 0x7018025B)
*** RESERVED ACCESS [QUEST]: WRITE player[0] rec 559 (addr 0x7018025B)
*** RESERVED ACCESS [QUEST]: READ player[0] rec 560 (addr 0x7018025C)
*** RESERVED ACCESS [QUEST]: WRITE player[0] rec 560 (addr 0x7018025C)
*** RESERVED ACCESS [QUEST]: READ player[0] rec 561 (addr 0x7018025D)
*** RESERVED ACCESS [QUEST]: WRITE player[0] rec 561 (addr 0x7018025D)
*** RESERVED ACCESS [QUEST]: READ player[0] rec 555 (addr 0x70180257)
*** RESERVED ACCESS [QUEST]: READ player[0] rec 556 (addr 0x70180258)
*** RESERVED ACCESS [QUEST]: READ player[0] rec 557 (addr 0x70180259)
*** RESERVED ACCESS [QUEST]: READ player[0] rec 558 (addr 0x7018025A)
*** RESERVED ACCESS [QUEST]: READ player[0] rec 559 (addr 0x7018025B)
*** RESERVED ACCESS [QUEST]: READ player[0] rec 560 (addr 0x7018025C)
*** RESERVED ACCESS [QUEST]: READ player[0] rec 561 (addr 0x7018025D)
*** RESERVED ACCESS [QUEST]: READ player[0] rec 562 (addr 0x7018025E)
*** RESERVED ACCESS [QUEST]: READ player[0] rec 563 (addr 0x7018025F)
*** RESERVED ACCESS [QUEST]: READ player[0] rec 564 (addr 0x70180260)
*** RESERVED ACCESS [QUEST]: READ player[0] rec 555 (addr 0x70180257)
*** RESERVED ACCESS [QUEST]: WRITE player[0] rec 555 (addr 0x70180257)
*** RESERVED ACCESS [QUEST]: READ player[0] rec 556 (addr 0x70180258)
*** RESERVED ACCESS [QUEST]: WRITE player[0] rec 556 (addr 0x70180258)
*** RESERVED ACCESS [QUEST]: READ player[0] rec 557 (addr 0x70180259)
*** RESERVED ACCESS [QUEST]: WRITE player[0] rec 557 (addr 0x70180259)
*** RESERVED ACCESS [QUEST]: READ player[0] rec 558 (addr 0x7018025A)
*** RESERVED ACCESS [QUEST]: WRITE player[0] rec 558 (addr 0x7018025A)
*** RESERVED ACCESS [QUEST]: READ player[0] rec 559 (addr 0x7018025B)
*** RESERVED ACCESS [QUEST]: WRITE player[0] rec 559 (addr 0x7018025B)
*** RESERVED ACCESS [QUEST]: READ player[0] rec 560 (addr 0x7018025C)
*** RESERVED ACCESS [QUEST]: WRITE player[0] rec 560 (addr 0x7018025C)
*** RESERVED ACCESS [QUEST]: READ player[0] rec 561 (addr 0x7018025D)
*** RESERVED ACCESS [QUEST]: WRITE player[0] rec 561 (addr 0x7018025D)
*** RESERVED ACCESS [QUEST]: READ player[0] rec 562 (addr 0x7018025E)
*** RESERVED ACCESS [QUEST]: WRITE player[0] rec 562 (addr 0x7018025E)
*** RESERVED ACCESS [QUEST]: READ player[0] rec 563 (addr 0x7018025F)
*** RESERVED ACCESS [QUEST]: WRITE player[0] rec 563 (addr 0x7018025F)
*** RESERVED ACCESS [QUEST]: READ player[0] rec 564 (addr 0x70180260)
*** RESERVED ACCESS [QUEST]: WRITE player[0] rec 564 (addr 0x70180260)
*** RESERVED ACCESS [QUEST]: WRITE player[0] rec 660 (addr 0x701802C0)
*** RESERVED ACCESS [QUEST]: READ player[0] rec 562 (addr 0x7018025E)
*** RESERVED ACCESS [QUEST]: WRITE player[0] rec 562 (addr 0x7018025E)
*** RESERVED ACCESS [QUEST]: READ player[0] rec 563 (addr 0x7018025F)
*** RESERVED ACCESS [QUEST]: WRITE player[0] rec 563 (addr 0x7018025F)
*** RESERVED ACCESS [QUEST]: READ player[0] rec 564 (addr 0x70180260)
*** RESERVED ACCESS [QUEST]: WRITE player[0] rec 564 (addr 0x70180260)
*** RESERVED ACCESS [QUEST]: WRITE player[0] rec 660 (addr 0x701802C0)
*** RESERVED ACCESS [QUEST]: WRITE player[0] rec 683 (addr 0x701802D7)
*** RESERVED ACCESS [QUEST]: READ player[0] rec 660 (addr 0x701802C0)
*** RESERVED ACCESS [QUEST]: READ player[0] rec 555 (addr 0x70180257)
*** RESERVED ACCESS [QUEST]: READ player[0] rec 556 (addr 0x70180258)
*** RESERVED ACCESS [QUEST]: READ player[0] rec 557 (addr 0x70180259)
*** RESERVED ACCESS [QUEST]: READ player[0] rec 558 (addr 0x7018025A)
*** RESERVED ACCESS [QUEST]: WRITE player[0] rec 683 (addr 0x701802D7)
*** RESERVED ACCESS [QUEST]: READ player[0] rec 660 (addr 0x701802C0)
*** RESERVED ACCESS [QUEST]: READ player[0] rec 555 (addr 0x70180257)
*** RESERVED ACCESS [QUEST]: READ player[0] rec 556 (addr 0x70180258)
*** RESERVED ACCESS [QUEST]: READ player[0] rec 557 (addr 0x70180259)
*** RESERVED ACCESS [QUEST]: READ player[0] rec 558 (addr 0x7018025A)
*** RESERVED ACCESS [QUEST]: READ player[0] rec 559 (addr 0x7018025B)
*** RESERVED ACCESS [QUEST]: READ player[0] rec 560 (addr 0x7018025C)
*** RESERVED ACCESS [QUEST]: READ player[0] rec 561 (addr 0x7018025D)
*** RESERVED ACCESS [QUEST]: READ player[0] rec 562 (addr 0x7018025E)
*** RESERVED ACCESS [QUEST]: READ player[0] rec 563 (addr 0x7018025F)
*** RESERVED ACCESS [QUEST]: READ player[0] rec 564 (addr 0x70180260)
*** RESERVED ACCESS [QUEST]: READ player[0] rec 555 (addr 0x70180257)
*** RESERVED ACCESS [QUEST]: WRITE player[0] rec 555 (addr 0x70180257)
*** RESERVED ACCESS [QUEST]: READ player[0] rec 556 (addr 0x70180258)
*** RESERVED ACCESS [QUEST]: WRITE player[0] rec 556 (addr 0x70180258)
*** RESERVED ACCESS [QUEST]: READ player[0] rec 557 (addr 0x70180259)
*** RESERVED ACCESS [QUEST]: WRITE player[0] rec 557 (addr 0x70180259)
*** RESERVED ACCESS [QUEST]: READ player[0] rec 558 (addr 0x7018025A)
*** RESERVED ACCESS [QUEST]: WRITE player[0] rec 558 (addr 0x7018025A)
*** RESERVED ACCESS [QUEST]: READ player[0] rec 559 (addr 0x7018025B)
*** RESERVED ACCESS [QUEST]: WRITE player[0] rec 559 (addr 0x7018025B)
*** RESERVED ACCESS [QUEST]: READ player[0] rec 560 (addr 0x7018025C)
*** RESERVED ACCESS [QUEST]: WRITE player[0] rec 560 (addr 0x7018025C)
*** RESERVED ACCESS [QUEST]: READ player[0] rec 561 (addr 0x7018025D)
*** RESERVED ACCESS [QUEST]: WRITE player[0] rec 561 (addr 0x7018025D)
*** RESERVED ACCESS [QUEST]: READ player[0] rec 562 (addr 0x7018025E)
*** RESERVED ACCESS [QUEST]: WRITE player[0] rec 562 (addr 0x7018025E)
*** RESERVED ACCESS [QUEST]: READ player[0] rec 563 (addr 0x7018025F)
*** RESERVED ACCESS [QUEST]: WRITE player[0] rec 563 (addr 0x7018025F)
*** RESERVED ACCESS [QUEST]: READ player[0] rec 564 (addr 0x70180260)
*** RESERVED ACCESS [QUEST]: WRITE player[0] rec 564 (addr 0x70180260)
*** RESERVED ACCESS [QUEST]: READ player[0] rec 559 (addr 0x7018025B)
*** RESERVED ACCESS [QUEST]: READ player[0] rec 560 (addr 0x7018025C)
*** RESERVED ACCESS [QUEST]: READ player[0] rec 561 (addr 0x7018025D)
*** RESERVED ACCESS [QUEST]: READ player[0] rec 562 (addr 0x7018025E)
*** RESERVED ACCESS [QUEST]: READ player[0] rec 563 (addr 0x7018025F)
*** RESERVED ACCESS [QUEST]: READ player[0] rec 564 (addr 0x70180260)
*** RESERVED ACCESS [QUEST]: READ player[0] rec 555 (addr 0x70180257)
*** RESERVED ACCESS [QUEST]: WRITE player[0] rec 555 (addr 0x70180257)
*** RESERVED ACCESS [QUEST]: READ player[0] rec 556 (addr 0x70180258)
*** RESERVED ACCESS [QUEST]: WRITE player[0] rec 556 (addr 0x70180258)
*** RESERVED ACCESS [QUEST]: READ player[0] rec 557 (addr 0x70180259)
*** RESERVED ACCESS [QUEST]: WRITE player[0] rec 557 (addr 0x70180259)
*** RESERVED ACCESS [QUEST]: READ player[0] rec 558 (addr 0x7018025A)
*** RESERVED ACCESS [QUEST]: WRITE player[0] rec 558 (addr 0x7018025A)
*** RESERVED ACCESS [QUEST]: READ player[0] rec 559 (addr 0x7018025B)
*** RESERVED ACCESS [QUEST]: WRITE player[0] rec 559 (addr 0x7018025B)
*** RESERVED ACCESS [QUEST]: READ player[0] rec 560 (addr 0x7018025C)
*** RESERVED ACCESS [QUEST]: WRITE player[0] rec 560 (addr 0x7018025C)
*** RESERVED ACCESS [QUEST]: READ player[0] rec 561 (addr 0x7018025D)
*** RESERVED ACCESS [QUEST]: WRITE player[0] rec 561 (addr 0x7018025D)
*** RESERVED ACCESS [QUEST]: READ player[0] rec 562 (addr 0x7018025E)
*** RESERVED ACCESS [QUEST]: WRITE player[0] rec 562 (addr 0x7018025E)
*** RESERVED ACCESS [QUEST]: READ player[0] rec 563 (addr 0x7018025F)
*** RESERVED ACCESS [QUEST]: WRITE player[0] rec 563 (addr 0x7018025F)
*** RESERVED ACCESS [QUEST]: READ player[0] rec 564 (addr 0x70180260)
*** RESERVED ACCESS [QUEST]: WRITE player[0] rec 564 (addr 0x70180260)
*** RESERVED ACCESS [QUEST]: WRITE player[0] rec 660 (addr 0x701802C0)
*** RESERVED ACCESS [QUEST]: WRITE player[0] rec 683 (addr 0x701802D7)
*** RESERVED ACCESS [QUEST]: READ player[0] rec 660 (addr 0x701802C0)
*** RESERVED ACCESS [QUEST]: READ player[0] rec 555 (addr 0x70180257)
*** RESERVED ACCESS [QUEST]: READ player[0] rec 556 (addr 0x70180258)
*** RESERVED ACCESS [QUEST]: READ player[0] rec 557 (addr 0x70180259)
*** RESERVED ACCESS [QUEST]: WRITE player[0] rec 660 (addr 0x701802C0)
*** RESERVED ACCESS [QUEST]: WRITE player[0] rec 683 (addr 0x701802D7)
*** RESERVED ACCESS [QUEST]: READ player[0] rec 660 (addr 0x701802C0)
*** RESERVED ACCESS [QUEST]: READ player[0] rec 555 (addr 0x70180257)
*** RESERVED ACCESS [QUEST]: READ player[0] rec 556 (addr 0x70180258)
*** RESERVED ACCESS [QUEST]: READ player[0] rec 557 (addr 0x70180259)
*** RESERVED ACCESS [QUEST]: READ player[0] rec 558 (addr 0x7018025A)
*** RESERVED ACCESS [QUEST]: READ player[0] rec 559 (addr 0x7018025B)
*** RESERVED ACCESS [QUEST]: READ player[0] rec 560 (addr 0x7018025C)
*** RESERVED ACCESS [QUEST]: READ player[0] rec 561 (addr 0x7018025D)
*** RESERVED ACCESS [QUEST]: READ player[0] rec 562 (addr 0x7018025E)
*** RESERVED ACCESS [QUEST]: READ player[0] rec 563 (addr 0x7018025F)
*** RESERVED ACCESS [QUEST]: READ player[0] rec 564 (addr 0x70180260)
*** RESERVED ACCESS [QUEST]: READ player[0] rec 555 (addr 0x70180257)
*** RESERVED ACCESS [QUEST]: WRITE player[0] rec 555 (addr 0x70180257)
*** RESERVED ACCESS [QUEST]: READ player[0] rec 556 (addr 0x70180258)
*** RESERVED ACCESS [QUEST]: WRITE player[0] rec 556 (addr 0x70180258)
*** RESERVED ACCESS [QUEST]: READ player[0] rec 557 (addr 0x70180259)
*** RESERVED ACCESS [QUEST]: WRITE player[0] rec 557 (addr 0x70180259)
*** RESERVED ACCESS [QUEST]: READ player[0] rec 558 (addr 0x7018025A)
*** RESERVED ACCESS [QUEST]: WRITE player[0] rec 558 (addr 0x7018025A)
*** RESERVED ACCESS [QUEST]: READ player[0] rec 559 (addr 0x7018025B)
*** RESERVED ACCESS [QUEST]: WRITE player[0] rec 559 (addr 0x7018025B)
*** RESERVED ACCESS [QUEST]: READ player[0] rec 560 (addr 0x7018025C)
*** RESERVED ACCESS [QUEST]: WRITE player[0] rec 560 (addr 0x7018025C)
*** RESERVED ACCESS [QUEST]: READ player[0] rec 561 (addr 0x7018025D)
*** RESERVED ACCESS [QUEST]: WRITE player[0] rec 561 (addr 0x7018025D)
*** RESERVED ACCESS [QUEST]: READ player[0] rec 562 (addr 0x7018025E)
*** RESERVED ACCESS [QUEST]: WRITE player[0] rec 562 (addr 0x7018025E)
*** RESERVED ACCESS [QUEST]: READ player[0] rec 563 (addr 0x7018025F)
*** RESERVED ACCESS [QUEST]: WRITE player[0] rec 563 (addr 0x7018025F)
*** RESERVED ACCESS [QUEST]: READ player[0] rec 564 (addr 0x70180260)
*** RESERVED ACCESS [QUEST]: WRITE player[0] rec 564 (addr 0x70180260)
*** RESERVED ACCESS [QUEST]: READ player[0] rec 558 (addr 0x7018025A)
*** RESERVED ACCESS [QUEST]: READ player[0] rec 559 (addr 0x7018025B)
*** RESERVED ACCESS [QUEST]: READ player[0] rec 560 (addr 0x7018025C)
*** RESERVED ACCESS [QUEST]: READ player[0] rec 561 (addr 0x7018025D)
*** RESERVED ACCESS [QUEST]: READ player[0] rec 562 (addr 0x7018025E)
*** RESERVED ACCESS [QUEST]: READ player[0] rec 563 (addr 0x7018025F)
*** RESERVED ACCESS [QUEST]: READ player[0] rec 564 (addr 0x70180260)
*** RESERVED ACCESS [QUEST]: READ player[0] rec 555 (addr 0x70180257)
*** RESERVED ACCESS [QUEST]: WRITE player[0] rec 555 (addr 0x70180257)
*** RESERVED ACCESS [QUEST]: READ player[0] rec 556 (addr 0x70180258)
*** RESERVED ACCESS [QUEST]: WRITE player[0] rec 556 (addr 0x70180258)
*** RESERVED ACCESS [QUEST]: READ player[0] rec 557 (addr 0x70180259)
*** RESERVED ACCESS [QUEST]: WRITE player[0] rec 557 (addr 0x70180259)
*** RESERVED ACCESS [QUEST]: READ player[0] rec 558 (addr 0x7018025A)
*** RESERVED ACCESS [QUEST]: WRITE player[0] rec 558 (addr 0x7018025A)
*** RESERVED ACCESS [QUEST]: READ player[0] rec 559 (addr 0x7018025B)
*** RESERVED ACCESS [QUEST]: WRITE player[0] rec 559 (addr 0x7018025B)
*** RESERVED ACCESS [QUEST]: READ player[0] rec 560 (addr 0x7018025C)
*** RESERVED ACCESS [QUEST]: WRITE player[0] rec 560 (addr 0x7018025C)
*** RESERVED ACCESS [QUEST]: READ player[0] rec 561 (addr 0x7018025D)
*** RESERVED ACCESS [QUEST]: WRITE player[0] rec 561 (addr 0x7018025D)
*** RESERVED ACCESS [QUEST]: READ player[0] rec 562 (addr 0x7018025E)
*** RESERVED ACCESS [QUEST]: WRITE player[0] rec 562 (addr 0x7018025E)
*** RESERVED ACCESS [QUEST]: READ player[0] rec 563 (addr 0x7018025F)
*** RESERVED ACCESS [QUEST]: WRITE player[0] rec 563 (addr 0x7018025F)
*** RESERVED ACCESS [QUEST]: READ player[0] rec 564 (addr 0x70180260)
*** RESERVED ACCESS [QUEST]: WRITE player[0] rec 564 (addr 0x70180260)
RTStubs: INJECT firing at 7016A896: O?SIGNAL(type=-1, key2=0, code=2006)
RTStubs: INJECT firing at 7016A896: O?SIGNAL(type=-1, key2=0, code=2006)
Lockstep: ordinal 0 DETACHED at 7017F036 (?FATAL) — clone halted, master continues unverified
Exception: Unimplemented system call 0351
Exception: INTWT interrupted
Unregistering process 102
OPEN Channel 1, path :QUEST.PR modified: 0
OPEN Channel 2, path :SHARED_DATA_FILE modified: 1
OPEN Channel 3, path :WORLD_DATA_FILE modified: 1
OPEN Channel 4, path :CASTLE_DATA_FILE modified: 1
