gcalls seq=000076 caller=QUEST1 target=7015C005 QUEST                argc=0 site=7017EA51
gcalls seq=000077 caller=QUEST2 target=7015C005 QUEST                argc=0 site=7017EA51
gcalls seq=000143 caller=QUEST1 target=701766ED READ_IN              argc=0 site=7015C05F
gcalls seq=000144 caller=QUEST2 target=701766ED READ_IN              argc=0 site=7015C05F
gcalls seq=000158 caller=QUEST1 target=70175E9F LOGON                argc=0 site=7015C283
gcalls seq=000159 caller=QUEST2 target=70175E9F LOGON                argc=0 site=7015C283
gcalls seq=000195 caller=QUEST1 target=701766ED READ_IN              argc=0 site=70175F6B
gcalls seq=000196 caller=QUEST2 target=701766ED READ_IN              argc=0 site=70175F6B
gcalls seq=000218 caller=QUEST1 target=701766ED READ_IN              argc=0 site=70175FD3
gcalls seq=000219 caller=QUEST2 target=701766ED READ_IN              argc=0 site=70175FD3
gcalls seq=000264 caller=QUEST1 target=7016AA35 GET_INPUT            argc=1 site=701760C4
gcalls seq=000265 caller=QUEST2 target=7016AA35 GET_INPUT            argc=1 site=701760C4
gcalls seq=000294 caller=QUEST_SERVER target=7017B501 PICK_X_Y             argc=2 site=7017AD25
gcalls seq=000295 caller=QUEST_SERVER target=7017C098 ROLL32               argc=0 site=7017E21A
gcalls seq=000296 caller=QUEST_SERVER target=7017C098 ROLL32               argc=0 site=7017E21A
gcalls seq=000297 caller=QUEST_SERVER target=7017C098 ROLL32               argc=0 site=7017E21A
gcalls seq=000298 caller=QUEST_SERVER target=7017C098 ROLL32               argc=0 site=7017E21A
gcalls seq=000299 caller=QUEST_SERVER target=70178F4D FIND_OBJECT          argc=3 site=7017AD2F
gcalls seq=000300 caller=QUEST_SERVER target=7017C13B TERRITORY            argc=6 site=7017AD41
gcalls seq=000301 caller=QUEST_SERVER target=701782E8 SQR31?3              argc=0 site=7017C33E
gcalls seq=000302 caller=QUEST_SERVER target=701782E8 SQR31?3              argc=0 site=7017C33E
gcalls seq=000303 caller=QUEST_SERVER target=701782E8 SQR31?3              argc=0 site=7017C33E
gcalls seq=000304 caller=QUEST_SERVER target=701782E8 SQR31?3              argc=0 site=7017C33E
gcalls seq=000305 caller=QUEST_SERVER target=701782E8 SQR31?3              argc=0 site=7017C33E
gcalls seq=000306 caller=QUEST_SERVER target=701782E8 SQR31?3              argc=0 site=7017C33E
gcalls seq=000307 caller=QUEST_SERVER target=701782E8 SQR31?3              argc=0 site=7017C33E
gcalls seq=000308 caller=QUEST_SERVER target=701782E8 SQR31?3              argc=0 site=7017C33E
gcalls seq=000309 caller=QUEST_SERVER target=701782E8 SQR31?3              argc=0 site=7017C33E
gcalls seq=000310 caller=QUEST_SERVER target=701782E8 SQR31?3              argc=0 site=7017C33E
gcalls seq=000311 caller=QUEST_SERVER target=701782E8 SQR31?3              argc=0 site=7017C33E
gcalls seq=000312 caller=QUEST_SERVER target=701782E8 SQR31?3              argc=0 site=7017C33E
gcalls seq=000313 caller=QUEST_SERVER target=701782E8 SQR31?3              argc=0 site=7017C33E
gcalls seq=000314 caller=QUEST_SERVER target=701782E8 SQR31?3              argc=0 site=7017C33E
gcalls seq=000315 caller=QUEST_SERVER target=701782E8 SQR31?3              argc=0 site=7017C33E
gcalls seq=000316 caller=QUEST_SERVER target=701782E8 SQR31?3              argc=0 site=7017C33E
gcalls seq=000317 caller=QUEST_SERVER target=701782E8 SQR31?3              argc=0 site=7017C33E
gcalls seq=000318 caller=QUEST_SERVER target=701782E8 SQR31?3              argc=0 site=7017C33E
gcalls seq=000319 caller=QUEST_SERVER target=701782E8 SQR31?3              argc=0 site=7017C33E
gcalls seq=000320 caller=QUEST_SERVER target=701782E8 SQR31?3              argc=0 site=7017C33E
gcalls seq=000321 caller=QUEST_SERVER target=701782E8 SQR31?3              argc=0 site=7017C33E
gcalls seq=000322 caller=QUEST_SERVER target=701782E8 SQR31?3              argc=0 site=7017C33E
gcalls seq=000323 caller=QUEST_SERVER target=701782E8 SQR31?3              argc=0 site=7017C33E
gcalls seq=000324 caller=QUEST_SERVER target=701782E8 SQR31?3              argc=0 site=7017C33E
gcalls seq=000325 caller=QUEST_SERVER target=701782E8 SQR31?3              argc=0 site=7017C33E
gcalls seq=000326 caller=QUEST_SERVER target=701782E8 SQR31?3              argc=0 site=7017C33E
gcalls seq=000327 caller=QUEST_SERVER target=701782E8 SQR31?3              argc=0 site=7017C33E
gcalls seq=000328 caller=QUEST_SERVER target=701782E8 SQR31?3              argc=0 site=7017C33E
gcalls seq=000329 caller=QUEST_SERVER target=701782E8 SQR31?3              argc=0 site=7017C33E
gcalls seq=000330 caller=QUEST_SERVER target=701782E8 SQR31?3              argc=0 site=7017C33E
gcalls seq=000331 caller=QUEST_SERVER target=701782E8 SQR31?3              argc=0 site=7017C33E
gcalls seq=000332 caller=QUEST_SERVER target=701782E8 SQR31?3              argc=0 site=7017C33E
gcalls seq=000333 caller=QUEST_SERVER target=701782E8 SQR31?3              argc=0 site=7017C33E
gcalls seq=000334 caller=QUEST_SERVER target=701782E8 SQR31?3              argc=0 site=7017C33E
gcalls seq=000335 caller=QUEST_SERVER target=701782E8 SQR31?3              argc=0 site=7017C33E
gcalls seq=000336 caller=QUEST_SERVER target=701782E8 SQR31?3              argc=0 site=7017C33E
gcalls seq=000337 caller=QUEST_SERVER target=701782E8 SQR31?3              argc=0 site=7017C33E
gcalls seq=000338 caller=QUEST_SERVER target=701782E8 SQR31?3              argc=0 site=7017C33E
gcalls seq=000339 caller=QUEST_SERVER target=701782E8 SQR31?3              argc=0 site=7017C33E
gcalls seq=000340 caller=QUEST_SERVER target=701782E8 SQR31?3              argc=0 site=7017C33E
gcalls seq=000341 caller=QUEST_SERVER target=701782E8 SQR31?3              argc=0 site=7017C33E
gcalls seq=000342 caller=QUEST_SERVER target=701782E8 SQR31?3              argc=0 site=7017C33E
gcalls seq=000343 caller=QUEST_SERVER target=701782E8 SQR31?3              argc=0 site=7017C33E
gcalls seq=000344 caller=QUEST_SERVER target=701782E8 SQR31?3              argc=0 site=7017C33E
gcalls seq=000345 caller=QUEST_SERVER target=701782E8 SQR31?3              argc=0 site=7017C33E
gcalls seq=000346 caller=QUEST_SERVER target=701782E8 SQR31?3              argc=0 site=7017C33E
gcalls seq=000347 caller=QUEST_SERVER target=701782E8 SQR31?3              argc=0 site=7017C33E
gcalls seq=000348 caller=QUEST_SERVER target=701782E8 SQR31?3              argc=0 site=7017C33E
gcalls seq=000349 caller=QUEST_SERVER target=701782E8 SQR31?3              argc=0 site=7017C33E
gcalls seq=000350 caller=QUEST_SERVER target=701782E8 SQR31?3              argc=0 site=7017C33E
gcalls seq=000351 caller=QUEST_SERVER target=701782E8 SQR31?3              argc=0 site=7017C33E
gcalls seq=000352 caller=QUEST_SERVER target=701782E8 SQR31?3              argc=0 site=7017C33E
gcalls seq=000353 caller=QUEST_SERVER target=701782E8 SQR31?3              argc=0 site=7017C33E
gcalls seq=000354 caller=QUEST_SERVER target=701782E8 SQR31?3              argc=0 site=7017C33E
gcalls seq=000355 caller=QUEST_SERVER target=701782E8 SQR31?3              argc=0 site=7017C33E
gcalls seq=000356 caller=QUEST_SERVER target=7017C098 ROLL32               argc=0 site=7017E21A
gcalls seq=000357 caller=QUEST_SERVER target=70178F4D FIND_OBJECT          argc=3 site=7017B168
gcalls seq=000358 caller=QUEST_SERVER target=7017C99B UPDATE_USER_DATA_FILE argc=3 site=7017B1DD
gcalls seq=000368 caller=QUEST1 target=7016DF39 INIT_OBJ_TBL         argc=2 site=7015C2B7
gcalls seq=000369 caller=QUEST1 target=7015C5E1 -                    argc=0 site=7015C337
gcalls seq=000370 caller=QUEST2 target=7016DF39 INIT_OBJ_TBL         argc=2 site=7015C2B7
gcalls seq=000371 caller=QUEST2 target=7015C5E1 -                    argc=0 site=7015C337
gcalls seq=000372 caller=QUEST1 target=7016E103 INIT_SCREEN          argc=1 site=7015C38C
gcalls seq=000373 caller=QUEST2 target=7016E103 INIT_SCREEN          argc=1 site=7015C38C
gcalls seq=000375 caller=QUEST1 target=701697A1 FAKE_LAND_MASS       argc=1 site=7016E1D2
gcalls seq=000376 caller=QUEST2 target=701697A1 FAKE_LAND_MASS       argc=1 site=7016E1D2
gcalls seq=000377 caller=QUEST1 target=701699B5 FAKE_OCEAN           argc=1 site=7016E1D8
gcalls seq=000378 caller=QUEST2 target=701699B5 FAKE_OCEAN           argc=1 site=7016E1D8
gcalls seq=000397 caller=QUEST1 target=70165713 C_A_LISTENER         argc=1 site=7017E7C1
gcalls seq=000398 caller=QUEST2 target=70165713 C_A_LISTENER         argc=1 site=7017E7C1
gcalls seq=000403 caller=QUEST1 target=7016B549 GET_QUEST            argc=0 site=7015C3B5
gcalls seq=000404 caller=QUEST2 target=7016B549 GET_QUEST            argc=0 site=7015C3B5
gcalls seq=000419 caller=QUEST1 target=7016DE91 HIT_ANY_CHAR         argc=0 site=7016BCA0
gcalls seq=000420 caller=QUEST2 target=7016DE91 HIT_ANY_CHAR         argc=0 site=7016BCA0
gcalls seq=000429 caller=QUEST1 target=7016AA35 GET_INPUT            argc=1 site=7016DEA9
gcalls seq=000430 caller=QUEST2 target=7016AA35 GET_INPUT            argc=1 site=7016DEA9
gcalls seq=000447 caller=QUEST1 target=70176A93 REFRESH_SCREEN       argc=0 site=7016BCA4
gcalls seq=000449 caller=QUEST2 target=70176A93 REFRESH_SCREEN       argc=0 site=7016BCA4
gcalls seq=000535 caller=QUEST1 target=70166AF9 DISPLAY_SCREEN       argc=1 site=7016BCBE
gcalls seq=000536 caller=QUEST1 target=70168717 DIST                 argc=4 site=70166B86
gcalls seq=000537 caller=QUEST1 target=70168717 DIST                 argc=4 site=70166B86
gcalls seq=000538 caller=QUEST1 target=70168717 DIST                 argc=4 site=70166B86
gcalls seq=000540 caller=QUEST2 target=70166AF9 DISPLAY_SCREEN       argc=1 site=7016BCBE
gcalls seq=000541 caller=QUEST2 target=70168717 DIST                 argc=4 site=70166B86
gcalls seq=000545 caller=QUEST2 target=70168717 DIST                 argc=4 site=70166B86
gcalls seq=000549 caller=QUEST2 target=70168717 DIST                 argc=4 site=70166B86
gcalls seq=000553 caller=QUEST1 target=70168717 DIST                 argc=4 site=70166E1C
gcalls seq=000554 caller=QUEST1 target=70168717 DIST                 argc=4 site=70166E1C
gcalls seq=000555 caller=QUEST1 target=70168717 DIST                 argc=4 site=70166E1C
gcalls seq=000556 caller=QUEST2 target=70168717 DIST                 argc=4 site=70166E1C
gcalls seq=000560 caller=QUEST2 target=70168717 DIST                 argc=4 site=70166E1C
gcalls seq=000564 caller=QUEST2 target=70168717 DIST                 argc=4 site=70166E1C
gcalls seq=000568 caller=QUEST1 target=70168717 DIST                 argc=4 site=70166E1C
gcalls seq=000569 caller=QUEST1 target=70168717 DIST                 argc=4 site=70166E1C
gcalls seq=000570 caller=QUEST2 target=70168717 DIST                 argc=4 site=70166E1C
gcalls seq=000574 caller=QUEST2 target=70168717 DIST                 argc=4 site=70166E1C
gcalls seq=000578 caller=QUEST1 target=70168717 DIST                 argc=4 site=70166E1C
gcalls seq=000579 caller=QUEST2 target=70168717 DIST                 argc=4 site=70166E1C
gcalls seq=000583 caller=QUEST1 target=70168717 DIST                 argc=4 site=70166E1C
gcalls seq=000584 caller=QUEST1 target=70168717 DIST                 argc=4 site=70166E1C
gcalls seq=000585 caller=QUEST1 target=70168717 DIST                 argc=4 site=70166E1C
gcalls seq=000586 caller=QUEST2 target=70168717 DIST                 argc=4 site=70166E1C
gcalls seq=000590 caller=QUEST2 target=70168717 DIST                 argc=4 site=70166E1C
gcalls seq=000594 caller=QUEST2 target=70168717 DIST                 argc=4 site=70166E1C
gcalls seq=000598 caller=QUEST1 target=70168717 DIST                 argc=4 site=70166E1C
gcalls seq=000599 caller=QUEST1 target=70168717 DIST                 argc=4 site=70166E1C
gcalls seq=000600 caller=QUEST2 target=70168717 DIST                 argc=4 site=70166E1C
gcalls seq=000604 caller=QUEST2 target=70168717 DIST                 argc=4 site=70166E1C
gcalls seq=000608 caller=QUEST1 target=70168717 DIST                 argc=4 site=70166E1C
gcalls seq=000609 caller=QUEST2 target=70168717 DIST                 argc=4 site=70166E1C
gcalls seq=000613 caller=QUEST1 target=70168717 DIST                 argc=4 site=70166E1C
gcalls seq=000614 caller=QUEST1 target=70168717 DIST                 argc=4 site=70166E1C
gcalls seq=000615 caller=QUEST1 target=70168717 DIST                 argc=4 site=70166E1C
gcalls seq=000616 caller=QUEST2 target=70168717 DIST                 argc=4 site=70166E1C
gcalls seq=000620 caller=QUEST2 target=70168717 DIST                 argc=4 site=70166E1C
gcalls seq=000624 caller=QUEST2 target=70168717 DIST                 argc=4 site=70166E1C
gcalls seq=000628 caller=QUEST1 target=70168717 DIST                 argc=4 site=70166E1C
gcalls seq=000629 caller=QUEST1 target=70168717 DIST                 argc=4 site=70166E1C
gcalls seq=000630 caller=QUEST2 target=70168717 DIST                 argc=4 site=70166E1C
gcalls seq=000634 caller=QUEST2 target=70168717 DIST                 argc=4 site=70166E1C
gcalls seq=000638 caller=QUEST1 target=70168717 DIST                 argc=4 site=70166E1C
gcalls seq=000639 caller=QUEST2 target=70168717 DIST                 argc=4 site=70166E1C
gcalls seq=000643 caller=QUEST1 target=70168717 DIST                 argc=4 site=70166E1C
gcalls seq=000644 caller=QUEST1 target=70168717 DIST                 argc=4 site=70166E1C
gcalls seq=000645 caller=QUEST1 target=70168717 DIST                 argc=4 site=70166E1C
gcalls seq=000646 caller=QUEST2 target=70168717 DIST                 argc=4 site=70166E1C
gcalls seq=000650 caller=QUEST2 target=70168717 DIST                 argc=4 site=70166E1C
gcalls seq=000654 caller=QUEST2 target=70168717 DIST                 argc=4 site=70166E1C
gcalls seq=000658 caller=QUEST1 target=70168717 DIST                 argc=4 site=70166E1C
gcalls seq=000659 caller=QUEST1 target=70168717 DIST                 argc=4 site=70166E1C
gcalls seq=000660 caller=QUEST2 target=70168717 DIST                 argc=4 site=70166E1C
gcalls seq=000664 caller=QUEST2 target=70168717 DIST                 argc=4 site=70166E1C
gcalls seq=000668 caller=QUEST1 target=70168717 DIST                 argc=4 site=70166E1C
gcalls seq=000669 caller=QUEST2 target=70168717 DIST                 argc=4 site=70166E1C
gcalls seq=000673 caller=QUEST1 target=70168717 DIST                 argc=4 site=70166E1C
gcalls seq=000674 caller=QUEST1 target=70168717 DIST                 argc=4 site=70166E1C
gcalls seq=000675 caller=QUEST1 target=70168717 DIST                 argc=4 site=70166E1C
gcalls seq=000676 caller=QUEST2 target=70168717 DIST                 argc=4 site=70166E1C
gcalls seq=000680 caller=QUEST2 target=70168717 DIST                 argc=4 site=70166E1C
gcalls seq=000684 caller=QUEST2 target=70168717 DIST                 argc=4 site=70166E1C
gcalls seq=000688 caller=QUEST1 target=70168717 DIST                 argc=4 site=70166E1C
gcalls seq=000689 caller=QUEST1 target=70168717 DIST                 argc=4 site=70166E1C
gcalls seq=000690 caller=QUEST2 target=70168717 DIST                 argc=4 site=70166E1C
gcalls seq=000694 caller=QUEST2 target=70168717 DIST                 argc=4 site=70166E1C
gcalls seq=000698 caller=QUEST1 target=70168717 DIST                 argc=4 site=70166E1C
gcalls seq=000699 caller=QUEST2 target=70168717 DIST                 argc=4 site=70166E1C
gcalls seq=000703 caller=QUEST1 target=70168717 DIST                 argc=4 site=70166E1C
gcalls seq=000704 caller=QUEST1 target=70168717 DIST                 argc=4 site=70166E1C
gcalls seq=000705 caller=QUEST1 target=70168717 DIST                 argc=4 site=70166E1C
gcalls seq=000706 caller=QUEST2 target=70168717 DIST                 argc=4 site=70166E1C
gcalls seq=000710 caller=QUEST2 target=70168717 DIST                 argc=4 site=70166E1C
gcalls seq=000714 caller=QUEST2 target=70168717 DIST                 argc=4 site=70166E1C
gcalls seq=000718 caller=QUEST1 target=70168717 DIST                 argc=4 site=70166E1C
gcalls seq=000719 caller=QUEST2 target=70168717 DIST                 argc=4 site=70166E1C
gcalls seq=000723 caller=QUEST1 target=70168717 DIST                 argc=4 site=70166E1C
gcalls seq=000724 caller=QUEST1 target=70168717 DIST                 argc=4 site=70166E1C
gcalls seq=000725 caller=QUEST2 target=70168717 DIST                 argc=4 site=70166E1C
gcalls seq=000729 caller=QUEST2 target=70168717 DIST                 argc=4 site=70166E1C
gcalls seq=000733 caller=QUEST1 target=70168717 DIST                 argc=4 site=70166E1C
gcalls seq=000734 caller=QUEST1 target=70168717 DIST                 argc=4 site=70166E1C
gcalls seq=000735 caller=QUEST1 target=70168717 DIST                 argc=4 site=70166E1C
gcalls seq=000736 caller=QUEST2 target=70168717 DIST                 argc=4 site=70166E1C
gcalls seq=000740 caller=QUEST2 target=70168717 DIST                 argc=4 site=70166E1C
gcalls seq=000744 caller=QUEST2 target=70168717 DIST                 argc=4 site=70166E1C
gcalls seq=000748 caller=QUEST1 target=70168717 DIST                 argc=4 site=70166E1C
gcalls seq=000749 caller=QUEST1 target=70168717 DIST                 argc=4 site=70166E1C
gcalls seq=000750 caller=QUEST1 target=70168717 DIST                 argc=4 site=70166E1C
gcalls seq=000751 caller=QUEST2 target=70168717 DIST                 argc=4 site=70166E1C
gcalls seq=000755 caller=QUEST2 target=70168717 DIST                 argc=4 site=70166E1C
gcalls seq=000759 caller=QUEST2 target=70168717 DIST                 argc=4 site=70166E1C
gcalls seq=000763 caller=QUEST1 target=70168717 DIST                 argc=4 site=70166E1C
gcalls seq=000764 caller=QUEST1 target=70168717 DIST                 argc=4 site=70166E1C
gcalls seq=000765 caller=QUEST1 target=70168717 DIST                 argc=4 site=70166E1C
gcalls seq=000766 caller=QUEST2 target=70168717 DIST                 argc=4 site=70166E1C
gcalls seq=000770 caller=QUEST2 target=70168717 DIST                 argc=4 site=70166E1C
gcalls seq=000774 caller=QUEST2 target=70168717 DIST                 argc=4 site=70166E1C
gcalls seq=000778 caller=QUEST1 target=70168717 DIST                 argc=4 site=70166E1C
gcalls seq=000779 caller=QUEST1 target=70168717 DIST                 argc=4 site=70166E1C
gcalls seq=000780 caller=QUEST1 target=70168717 DIST                 argc=4 site=70166E1C
gcalls seq=000781 caller=QUEST2 target=70168717 DIST                 argc=4 site=70166E1C
gcalls seq=000785 caller=QUEST2 target=70168717 DIST                 argc=4 site=70166E1C
gcalls seq=000789 caller=QUEST2 target=70168717 DIST                 argc=4 site=70166E1C
gcalls seq=000793 caller=QUEST1 target=70168717 DIST                 argc=4 site=70166E1C
gcalls seq=000794 caller=QUEST2 target=70168717 DIST                 argc=4 site=70166E1C
gcalls seq=000797 caller=QUEST1 target=70168717 DIST                 argc=4 site=70166E1C
gcalls seq=000798 caller=QUEST1 target=70168717 DIST                 argc=4 site=70166E1C
gcalls seq=000800 caller=QUEST2 target=70168717 DIST                 argc=4 site=70166E1C
gcalls seq=000804 caller=QUEST2 target=70168717 DIST                 argc=4 site=70166E1C
gcalls seq=000808 caller=QUEST1 target=70168717 DIST                 argc=4 site=70166E1C
gcalls seq=000809 caller=QUEST1 target=70168717 DIST                 argc=4 site=70166E1C
gcalls seq=000810 caller=QUEST1 target=70168717 DIST                 argc=4 site=70166E1C
gcalls seq=000811 caller=QUEST2 target=70168717 DIST                 argc=4 site=70166E1C
gcalls seq=000815 caller=QUEST2 target=70168717 DIST                 argc=4 site=70166E1C
gcalls seq=000819 caller=QUEST2 target=70168717 DIST                 argc=4 site=70166E1C
gcalls seq=000823 caller=QUEST1 target=70168717 DIST                 argc=4 site=70166E1C
gcalls seq=000824 caller=QUEST1 target=70168717 DIST                 argc=4 site=70166E1C
gcalls seq=000825 caller=QUEST1 target=70168717 DIST                 argc=4 site=70166E1C
gcalls seq=000826 caller=QUEST2 target=70168717 DIST                 argc=4 site=70166E1C
gcalls seq=000830 caller=QUEST2 target=70168717 DIST                 argc=4 site=70166E1C
gcalls seq=000834 caller=QUEST2 target=70168717 DIST                 argc=4 site=70166E1C
gcalls seq=000838 caller=QUEST1 target=70168717 DIST                 argc=4 site=70166E1C
gcalls seq=000839 caller=QUEST2 target=70168717 DIST                 argc=4 site=70166E1C
gcalls seq=000843 caller=QUEST1 target=70168717 DIST                 argc=4 site=70166E1C
gcalls seq=000844 caller=QUEST1 target=70168717 DIST                 argc=4 site=70166E1C
gcalls seq=000845 caller=QUEST2 target=70168717 DIST                 argc=4 site=70166E1C
gcalls seq=000849 caller=QUEST2 target=70168717 DIST                 argc=4 site=70166E1C
gcalls seq=000853 caller=QUEST1 target=70168717 DIST                 argc=4 site=70166E1C
gcalls seq=000854 caller=QUEST1 target=70168717 DIST                 argc=4 site=70166E1C
gcalls seq=000855 caller=QUEST1 target=70168717 DIST                 argc=4 site=70166E1C
gcalls seq=000856 caller=QUEST2 target=70168717 DIST                 argc=4 site=70166E1C
gcalls seq=000860 caller=QUEST2 target=70168717 DIST                 argc=4 site=70166E1C
gcalls seq=000864 caller=QUEST2 target=70168717 DIST                 argc=4 site=70166E1C
gcalls seq=000868 caller=QUEST1 target=70168717 DIST                 argc=4 site=70166E1C
gcalls seq=000869 caller=QUEST2 target=70168717 DIST                 argc=4 site=70166E1C
gcalls seq=000873 caller=QUEST1 target=70168717 DIST                 argc=4 site=70166E1C
gcalls seq=000874 caller=QUEST1 target=70168717 DIST                 argc=4 site=70166E1C
gcalls seq=000875 caller=QUEST2 target=70168717 DIST                 argc=4 site=70166E1C
gcalls seq=000879 caller=QUEST2 target=70168717 DIST                 argc=4 site=70166E1C
gcalls seq=000883 caller=QUEST1 target=70168717 DIST                 argc=4 site=70166E1C
gcalls seq=000884 caller=QUEST1 target=70168717 DIST                 argc=4 site=70166E1C
gcalls seq=000885 caller=QUEST1 target=70168717 DIST                 argc=4 site=70166E1C
gcalls seq=000886 caller=QUEST2 target=70168717 DIST                 argc=4 site=70166E1C
gcalls seq=000890 caller=QUEST2 target=70168717 DIST                 argc=4 site=70166E1C
gcalls seq=000894 caller=QUEST2 target=70168717 DIST                 argc=4 site=70166E1C
gcalls seq=000898 caller=QUEST1 target=70168717 DIST                 argc=4 site=70166E1C
gcalls seq=000899 caller=QUEST1 target=70168717 DIST                 argc=4 site=70166E1C
gcalls seq=000900 caller=QUEST1 target=70168717 DIST                 argc=4 site=70166E1C
gcalls seq=000901 caller=QUEST2 target=70168717 DIST                 argc=4 site=70166E1C
gcalls seq=000905 caller=QUEST2 target=70168717 DIST                 argc=4 site=70166E1C
gcalls seq=000909 caller=QUEST2 target=70168717 DIST                 argc=4 site=70166E1C
gcalls seq=000913 caller=QUEST1 target=70168717 DIST                 argc=4 site=70166E1C
gcalls seq=000914 caller=QUEST1 target=70168717 DIST                 argc=4 site=70166E1C
gcalls seq=000915 caller=QUEST2 target=70168717 DIST                 argc=4 site=70166E1C
gcalls seq=000919 caller=QUEST2 target=70168717 DIST                 argc=4 site=70166E1C
gcalls seq=000921 caller=QUEST1 target=70168717 DIST                 argc=4 site=70166E1C
gcalls seq=000924 caller=QUEST2 target=70168717 DIST                 argc=4 site=70166E1C
gcalls seq=000928 caller=QUEST1 target=70168717 DIST                 argc=4 site=70166E1C
gcalls seq=000929 caller=QUEST1 target=70168717 DIST                 argc=4 site=70166E1C
gcalls seq=000930 caller=QUEST1 target=70168717 DIST                 argc=4 site=70166E1C
gcalls seq=000931 caller=QUEST2 target=70168717 DIST                 argc=4 site=70166E1C
gcalls seq=000935 caller=QUEST2 target=70168717 DIST                 argc=4 site=70166E1C
gcalls seq=000939 caller=QUEST2 target=70168717 DIST                 argc=4 site=70166E1C
gcalls seq=000943 caller=QUEST1 target=70168717 DIST                 argc=4 site=70166E1C
gcalls seq=000944 caller=QUEST2 target=70168717 DIST                 argc=4 site=70166E1C
gcalls seq=000946 caller=QUEST1 target=70168717 DIST                 argc=4 site=70166E1C
gcalls seq=000947 caller=QUEST1 target=70168717 DIST                 argc=4 site=70166E1C
gcalls seq=000950 caller=QUEST2 target=70168717 DIST                 argc=4 site=70166E1C
gcalls seq=000954 caller=QUEST2 target=70168717 DIST                 argc=4 site=70166E1C
gcalls seq=000958 caller=QUEST1 target=70168717 DIST                 argc=4 site=70166E1C
gcalls seq=000959 caller=QUEST1 target=70168717 DIST                 argc=4 site=70166E1C
gcalls seq=000960 caller=QUEST2 target=70168717 DIST                 argc=4 site=70166E1C
gcalls seq=000964 caller=QUEST2 target=70168717 DIST                 argc=4 site=70166E1C
gcalls seq=000968 caller=QUEST1 target=70168717 DIST                 argc=4 site=70166E1C
gcalls seq=000969 caller=QUEST2 target=70168717 DIST                 argc=4 site=70166E1C
gcalls seq=000973 caller=QUEST1 target=70168717 DIST                 argc=4 site=70166E1C
gcalls seq=000974 caller=QUEST1 target=70168717 DIST                 argc=4 site=70166E1C
gcalls seq=000975 caller=QUEST1 target=70168717 DIST                 argc=4 site=70166E1C
gcalls seq=000976 caller=QUEST2 target=70168717 DIST                 argc=4 site=70166E1C
gcalls seq=000980 caller=QUEST2 target=70168717 DIST                 argc=4 site=70166E1C
gcalls seq=000984 caller=QUEST2 target=70168717 DIST                 argc=4 site=70166E1C
gcalls seq=000988 caller=QUEST1 target=70168717 DIST                 argc=4 site=70166E1C
gcalls seq=000989 caller=QUEST1 target=70168717 DIST                 argc=4 site=70166E1C
gcalls seq=000990 caller=QUEST2 target=70168717 DIST                 argc=4 site=70166E1C
gcalls seq=000994 caller=QUEST2 target=70168717 DIST                 argc=4 site=70166E1C
gcalls seq=000998 caller=QUEST1 target=70168717 DIST                 argc=4 site=70166E1C
gcalls seq=000999 caller=QUEST2 target=70168717 DIST                 argc=4 site=70166E1C
gcalls seq=001003 caller=QUEST1 target=70168717 DIST                 argc=4 site=70166E1C
gcalls seq=001004 caller=QUEST1 target=70168717 DIST                 argc=4 site=70166E1C
gcalls seq=001005 caller=QUEST1 target=70168717 DIST                 argc=4 site=70166E1C
gcalls seq=001006 caller=QUEST2 target=70168717 DIST                 argc=4 site=70166E1C
gcalls seq=001010 caller=QUEST2 target=70168717 DIST                 argc=4 site=70166E1C
gcalls seq=001014 caller=QUEST2 target=70168717 DIST                 argc=4 site=70166E1C
gcalls seq=001018 caller=QUEST1 target=70168717 DIST                 argc=4 site=70166E1C
gcalls seq=001019 caller=QUEST2 target=70168717 DIST                 argc=4 site=70166E1C
gcalls seq=001023 caller=QUEST1 target=70168717 DIST                 argc=4 site=70166E1C
gcalls seq=001024 caller=QUEST1 target=70168717 DIST                 argc=4 site=70166E1C
gcalls seq=001025 caller=QUEST2 target=70168717 DIST                 argc=4 site=70166E1C
gcalls seq=001029 caller=QUEST2 target=70168717 DIST                 argc=4 site=70166E1C
gcalls seq=001033 caller=QUEST1 target=70168717 DIST                 argc=4 site=70166E1C
gcalls seq=001034 caller=QUEST1 target=70168717 DIST                 argc=4 site=70166E1C
gcalls seq=001035 caller=QUEST1 target=70168717 DIST                 argc=4 site=70166E1C
gcalls seq=001036 caller=QUEST2 target=70168717 DIST                 argc=4 site=70166E1C
gcalls seq=001040 caller=QUEST2 target=70168717 DIST                 argc=4 site=70166E1C
gcalls seq=001044 caller=QUEST2 target=70168717 DIST                 argc=4 site=70166E1C
gcalls seq=001048 caller=QUEST1 target=70168717 DIST                 argc=4 site=70166E1C
gcalls seq=001049 caller=QUEST1 target=70168717 DIST                 argc=4 site=70166E1C
gcalls seq=001050 caller=QUEST1 target=70168717 DIST                 argc=4 site=70166E1C
gcalls seq=001051 caller=QUEST2 target=70168717 DIST                 argc=4 site=70166E1C
gcalls seq=001055 caller=QUEST2 target=70168717 DIST                 argc=4 site=70166E1C
gcalls seq=001059 caller=QUEST2 target=70168717 DIST                 argc=4 site=70166E1C
gcalls seq=001063 caller=QUEST1 target=70168717 DIST                 argc=4 site=70166E1C
gcalls seq=001064 caller=QUEST1 target=70168717 DIST                 argc=4 site=70166E1C
gcalls seq=001065 caller=QUEST2 target=70168717 DIST                 argc=4 site=70166E1C
gcalls seq=001069 caller=QUEST2 target=70168717 DIST                 argc=4 site=70166E1C
gcalls seq=001071 caller=QUEST1 target=70168717 DIST                 argc=4 site=70166E1C
gcalls seq=001074 caller=QUEST2 target=70168717 DIST                 argc=4 site=70166E1C
gcalls seq=001078 caller=QUEST1 target=70168717 DIST                 argc=4 site=70166E1C
gcalls seq=001079 caller=QUEST1 target=70168717 DIST                 argc=4 site=70166E1C
gcalls seq=001080 caller=QUEST1 target=70168717 DIST                 argc=4 site=70166E1C
gcalls seq=001081 caller=QUEST2 target=70168717 DIST                 argc=4 site=70166E1C
gcalls seq=001085 caller=QUEST2 target=70168717 DIST                 argc=4 site=70166E1C
gcalls seq=001089 caller=QUEST2 target=70168717 DIST                 argc=4 site=70166E1C
gcalls seq=001093 caller=QUEST1 target=70168717 DIST                 argc=4 site=70166E1C
gcalls seq=001094 caller=QUEST2 target=70168717 DIST                 argc=4 site=70166E1C
gcalls seq=001098 caller=QUEST1 target=70168717 DIST                 argc=4 site=70166E1C
gcalls seq=001099 caller=QUEST1 target=70168717 DIST                 argc=4 site=70166E1C
gcalls seq=001100 caller=QUEST2 target=70168717 DIST                 argc=4 site=70166E1C
gcalls seq=001104 caller=QUEST2 target=70168717 DIST                 argc=4 site=70166E1C
gcalls seq=001108 caller=QUEST1 target=70168717 DIST                 argc=4 site=70166E1C
gcalls seq=001109 caller=QUEST1 target=70168717 DIST                 argc=4 site=70166E1C
gcalls seq=001110 caller=QUEST1 target=70168717 DIST                 argc=4 site=70166E1C
gcalls seq=001111 caller=QUEST2 target=70168717 DIST                 argc=4 site=70166E1C
gcalls seq=001115 caller=QUEST2 target=70168717 DIST                 argc=4 site=70166E1C
gcalls seq=001119 caller=QUEST2 target=70168717 DIST                 argc=4 site=70166E1C
gcalls seq=001123 caller=QUEST1 target=70168717 DIST                 argc=4 site=70166E1C
gcalls seq=001124 caller=QUEST2 target=70168717 DIST                 argc=4 site=70166E1C
gcalls seq=001128 caller=QUEST1 target=70168717 DIST                 argc=4 site=70166E1C
gcalls seq=001129 caller=QUEST1 target=70168717 DIST                 argc=4 site=70166E1C
gcalls seq=001130 caller=QUEST2 target=70168717 DIST                 argc=4 site=70166E1C
gcalls seq=001134 caller=QUEST2 target=70168717 DIST                 argc=4 site=70166E1C
gcalls seq=001138 caller=QUEST1 target=70168717 DIST                 argc=4 site=70166E1C
gcalls seq=001139 caller=QUEST1 target=70168717 DIST                 argc=4 site=70166E1C
gcalls seq=001140 caller=QUEST1 target=70168717 DIST                 argc=4 site=70166E1C
gcalls seq=001141 caller=QUEST2 target=70168717 DIST                 argc=4 site=70166E1C
gcalls seq=001145 caller=QUEST2 target=70168717 DIST                 argc=4 site=70166E1C
gcalls seq=001149 caller=QUEST2 target=70168717 DIST                 argc=4 site=70166E1C
gcalls seq=001153 caller=QUEST1 target=70168717 DIST                 argc=4 site=70166E1C
gcalls seq=001154 caller=QUEST1 target=70168717 DIST                 argc=4 site=70166E1C
gcalls seq=001155 caller=QUEST1 target=70168717 DIST                 argc=4 site=70166E1C
gcalls seq=001156 caller=QUEST2 target=70168717 DIST                 argc=4 site=70166E1C
gcalls seq=001160 caller=QUEST2 target=70168717 DIST                 argc=4 site=70166E1C
gcalls seq=001164 caller=QUEST2 target=70168717 DIST                 argc=4 site=70166E1C
gcalls seq=001168 caller=QUEST1 target=70168717 DIST                 argc=4 site=70166E1C
gcalls seq=001169 caller=QUEST2 target=70168717 DIST                 argc=4 site=70166E1C
gcalls seq=001173 caller=QUEST1 target=70168717 DIST                 argc=4 site=70166E1C
gcalls seq=001174 caller=QUEST1 target=70168717 DIST                 argc=4 site=70166E1C
gcalls seq=001175 caller=QUEST2 target=70168717 DIST                 argc=4 site=70166E1C
gcalls seq=001179 caller=QUEST2 target=70168717 DIST                 argc=4 site=70166E1C
gcalls seq=001183 caller=QUEST1 target=70168717 DIST                 argc=4 site=70166E1C
gcalls seq=001184 caller=QUEST1 target=70168717 DIST                 argc=4 site=70166E1C
gcalls seq=001185 caller=QUEST1 target=70168717 DIST                 argc=4 site=70166E1C
gcalls seq=001186 caller=QUEST2 target=70168717 DIST                 argc=4 site=70166E1C
gcalls seq=001190 caller=QUEST2 target=70168717 DIST                 argc=4 site=70166E1C
gcalls seq=001194 caller=QUEST2 target=70168717 DIST                 argc=4 site=70166E1C
gcalls seq=001198 caller=QUEST1 target=70168717 DIST                 argc=4 site=70166E1C
gcalls seq=001199 caller=QUEST2 target=70168717 DIST                 argc=4 site=70166E1C
gcalls seq=001203 caller=QUEST1 target=70168717 DIST                 argc=4 site=70166E1C
gcalls seq=001204 caller=QUEST1 target=70168717 DIST                 argc=4 site=70166E1C
gcalls seq=001205 caller=QUEST2 target=70168717 DIST                 argc=4 site=70166E1C
gcalls seq=001209 caller=QUEST2 target=70168717 DIST                 argc=4 site=70166E1C
gcalls seq=001213 caller=QUEST1 target=70168717 DIST                 argc=4 site=70166E1C
gcalls seq=001214 caller=QUEST1 target=70168717 DIST                 argc=4 site=70166E1C
gcalls seq=001215 caller=QUEST1 target=70168717 DIST                 argc=4 site=70166E1C
gcalls seq=001216 caller=QUEST2 target=70168717 DIST                 argc=4 site=70166E1C
gcalls seq=001220 caller=QUEST2 target=70168717 DIST                 argc=4 site=70166E1C
gcalls seq=001224 caller=QUEST2 target=70168717 DIST                 argc=4 site=70166E1C
gcalls seq=001228 caller=QUEST1 target=70168717 DIST                 argc=4 site=70166E1C
gcalls seq=001229 caller=QUEST1 target=70168717 DIST                 argc=4 site=70166E1C
gcalls seq=001230 caller=QUEST1 target=70168717 DIST                 argc=4 site=70166E1C
gcalls seq=001231 caller=QUEST2 target=70168717 DIST                 argc=4 site=70166E1C
gcalls seq=001235 caller=QUEST2 target=70168717 DIST                 argc=4 site=70166E1C
gcalls seq=001239 caller=QUEST2 target=70168717 DIST                 argc=4 site=70166E1C
gcalls seq=001243 caller=QUEST1 target=70168717 DIST                 argc=4 site=70166E1C
gcalls seq=001244 caller=QUEST1 target=70168717 DIST                 argc=4 site=70166E1C
gcalls seq=001245 caller=QUEST2 target=70168717 DIST                 argc=4 site=70166E1C
gcalls seq=001249 caller=QUEST2 target=70168717 DIST                 argc=4 site=70166E1C
gcalls seq=001251 caller=QUEST1 target=70168717 DIST                 argc=4 site=70166E1C
gcalls seq=001254 caller=QUEST2 target=70168717 DIST                 argc=4 site=70166E1C
gcalls seq=001258 caller=QUEST1 target=70168717 DIST                 argc=4 site=70166E1C
gcalls seq=001259 caller=QUEST1 target=70168717 DIST                 argc=4 site=70166E1C
gcalls seq=001260 caller=QUEST1 target=70168717 DIST                 argc=4 site=70166E1C
gcalls seq=001261 caller=QUEST2 target=70168717 DIST                 argc=4 site=70166E1C
gcalls seq=001265 caller=QUEST2 target=70168717 DIST                 argc=4 site=70166E1C
gcalls seq=001269 caller=QUEST2 target=70168717 DIST                 argc=4 site=70166E1C
gcalls seq=001273 caller=QUEST1 target=70168717 DIST                 argc=4 site=70166E1C
gcalls seq=001274 caller=QUEST2 target=70168717 DIST                 argc=4 site=70166E1C
gcalls seq=001276 caller=QUEST1 target=70168717 DIST                 argc=4 site=70166E1C
gcalls seq=001277 caller=QUEST1 target=70168717 DIST                 argc=4 site=70166E1C
gcalls seq=001280 caller=QUEST2 target=70168717 DIST                 argc=4 site=70166E1C
gcalls seq=001284 caller=QUEST2 target=70168717 DIST                 argc=4 site=70166E1C
gcalls seq=001288 caller=QUEST1 target=70168717 DIST                 argc=4 site=70166E1C
gcalls seq=001289 caller=QUEST1 target=70168717 DIST                 argc=4 site=70166E1C
gcalls seq=001290 caller=QUEST2 target=70168717 DIST                 argc=4 site=70166E1C
gcalls seq=001294 caller=QUEST2 target=70168717 DIST                 argc=4 site=70166E1C
gcalls seq=001298 caller=QUEST1 target=70168717 DIST                 argc=4 site=70166E1C
gcalls seq=001299 caller=QUEST2 target=70168717 DIST                 argc=4 site=70166E1C
gcalls seq=001303 caller=QUEST1 target=70168717 DIST                 argc=4 site=70166E1C
gcalls seq=001304 caller=QUEST1 target=70168717 DIST                 argc=4 site=70166E1C
gcalls seq=001305 caller=QUEST1 target=70168717 DIST                 argc=4 site=70166E1C
gcalls seq=001306 caller=QUEST2 target=70168717 DIST                 argc=4 site=70166E1C
gcalls seq=001310 caller=QUEST2 target=70168717 DIST                 argc=4 site=70166E1C
gcalls seq=001314 caller=QUEST2 target=70168717 DIST                 argc=4 site=70166E1C
gcalls seq=001318 caller=QUEST1 target=70168717 DIST                 argc=4 site=70166E1C
gcalls seq=001319 caller=QUEST1 target=70168717 DIST                 argc=4 site=70166E1C
gcalls seq=001320 caller=QUEST1 target=70168717 DIST                 argc=4 site=70166E1C
gcalls seq=001321 caller=QUEST2 target=70168717 DIST                 argc=4 site=70166E1C
gcalls seq=001325 caller=QUEST2 target=70168717 DIST                 argc=4 site=70166E1C
gcalls seq=001329 caller=QUEST2 target=70168717 DIST                 argc=4 site=70166E1C
gcalls seq=001333 caller=QUEST1 target=70168717 DIST                 argc=4 site=70166E1C
gcalls seq=001334 caller=QUEST1 target=70168717 DIST                 argc=4 site=70166E1C
gcalls seq=001335 caller=QUEST2 target=70168717 DIST                 argc=4 site=70166E1C
gcalls seq=001339 caller=QUEST2 target=70168717 DIST                 argc=4 site=70166E1C
gcalls seq=001342 caller=QUEST1 target=70168717 DIST                 argc=4 site=70166E1C
gcalls seq=001344 caller=QUEST2 target=70168717 DIST                 argc=4 site=70166E1C
gcalls seq=001348 caller=QUEST1 target=70168717 DIST                 argc=4 site=70166E1C
gcalls seq=001349 caller=QUEST1 target=70168717 DIST                 argc=4 site=70166E1C
gcalls seq=001350 caller=QUEST1 target=70168717 DIST                 argc=4 site=70166E1C
gcalls seq=001351 caller=QUEST2 target=70168717 DIST                 argc=4 site=70166E1C
gcalls seq=001355 caller=QUEST2 target=70168717 DIST                 argc=4 site=70166E1C
gcalls seq=001359 caller=QUEST2 target=70168717 DIST                 argc=4 site=70166E1C
gcalls seq=001363 caller=QUEST1 target=70168717 DIST                 argc=4 site=70166E1C
gcalls seq=001364 caller=QUEST1 target=70168717 DIST                 argc=4 site=70166E1C
gcalls seq=001365 caller=QUEST2 target=70168717 DIST                 argc=4 site=70166E1C
gcalls seq=001369 caller=QUEST2 target=70168717 DIST                 argc=4 site=70166E1C
gcalls seq=001372 caller=QUEST1 target=70168717 DIST                 argc=4 site=70166E1C
gcalls seq=001374 caller=QUEST2 target=70168717 DIST                 argc=4 site=70166E1C
gcalls seq=001378 caller=QUEST1 target=70168717 DIST                 argc=4 site=70166E1C
gcalls seq=001379 caller=QUEST1 target=70168717 DIST                 argc=4 site=70166E1C
gcalls seq=001380 caller=QUEST1 target=70168717 DIST                 argc=4 site=70166E1C
gcalls seq=001381 caller=QUEST2 target=70168717 DIST                 argc=4 site=70166E1C
gcalls seq=001385 caller=QUEST2 target=70168717 DIST                 argc=4 site=70166E1C
gcalls seq=001389 caller=QUEST2 target=70168717 DIST                 argc=4 site=70166E1C
gcalls seq=001393 caller=QUEST1 target=70168717 DIST                 argc=4 site=70166E1C
gcalls seq=001394 caller=QUEST2 target=70168717 DIST                 argc=4 site=70166E1C
gcalls seq=001397 caller=QUEST1 target=70168717 DIST                 argc=4 site=70166E1C
gcalls seq=001398 caller=QUEST1 target=70168717 DIST                 argc=4 site=70166E1C
gcalls seq=001400 caller=QUEST2 target=70168717 DIST                 argc=4 site=70166E1C
gcalls seq=001404 caller=QUEST2 target=70168717 DIST                 argc=4 site=70166E1C
gcalls seq=001408 caller=QUEST1 target=70168717 DIST                 argc=4 site=70166E1C
gcalls seq=001409 caller=QUEST1 target=70168717 DIST                 argc=4 site=70166E1C
gcalls seq=001410 caller=QUEST1 target=70168717 DIST                 argc=4 site=70166E1C
gcalls seq=001411 caller=QUEST2 target=70168717 DIST                 argc=4 site=70166E1C
gcalls seq=001415 caller=QUEST2 target=70168717 DIST                 argc=4 site=70166E1C
gcalls seq=001419 caller=QUEST2 target=70168717 DIST                 argc=4 site=70166E1C
gcalls seq=001423 caller=QUEST1 target=70168717 DIST                 argc=4 site=70166E1C
gcalls seq=001424 caller=QUEST2 target=70168717 DIST                 argc=4 site=70166E1C
gcalls seq=001427 caller=QUEST1 target=70168717 DIST                 argc=4 site=70166E1C
gcalls seq=001428 caller=QUEST1 target=70168717 DIST                 argc=4 site=70166E1C
gcalls seq=001430 caller=QUEST2 target=70168717 DIST                 argc=4 site=70166E1C
gcalls seq=001434 caller=QUEST2 target=70168717 DIST                 argc=4 site=70166E1C
gcalls seq=001438 caller=QUEST1 target=70168717 DIST                 argc=4 site=70166E1C
gcalls seq=001439 caller=QUEST1 target=70168717 DIST                 argc=4 site=70166E1C
gcalls seq=001440 caller=QUEST2 target=70168717 DIST                 argc=4 site=70166E1C
gcalls seq=001444 caller=QUEST2 target=70168717 DIST                 argc=4 site=70166E1C
gcalls seq=001448 caller=QUEST1 target=70168717 DIST                 argc=4 site=70166E1C
gcalls seq=001449 caller=QUEST2 target=70168717 DIST                 argc=4 site=70166E1C
gcalls seq=001453 caller=QUEST1 target=70168717 DIST                 argc=4 site=70166E1C
gcalls seq=001454 caller=QUEST1 target=70168717 DIST                 argc=4 site=70166E1C
gcalls seq=001455 caller=QUEST1 target=70168717 DIST                 argc=4 site=70166E1C
gcalls seq=001456 caller=QUEST2 target=70168717 DIST                 argc=4 site=70166E1C
gcalls seq=001460 caller=QUEST2 target=70168717 DIST                 argc=4 site=70166E1C
gcalls seq=001464 caller=QUEST2 target=70168717 DIST                 argc=4 site=70166E1C
gcalls seq=001468 caller=QUEST1 target=70168717 DIST                 argc=4 site=70166E1C
gcalls seq=001469 caller=QUEST2 target=70168717 DIST                 argc=4 site=70166E1C
gcalls seq=001472 caller=QUEST1 target=70168717 DIST                 argc=4 site=70166E1C
gcalls seq=001473 caller=QUEST1 target=70168717 DIST                 argc=4 site=70166E1C
gcalls seq=001475 caller=QUEST2 target=70168717 DIST                 argc=4 site=70166E1C
gcalls seq=001479 caller=QUEST2 target=70168717 DIST                 argc=4 site=70166E1C
gcalls seq=001483 caller=QUEST1 target=70168717 DIST                 argc=4 site=70166E1C
gcalls seq=001484 caller=QUEST1 target=70168717 DIST                 argc=4 site=70166E1C
gcalls seq=001485 caller=QUEST2 target=70168717 DIST                 argc=4 site=70166E1C
gcalls seq=001489 caller=QUEST2 target=70168717 DIST                 argc=4 site=70166E1C
gcalls seq=001493 caller=QUEST1 target=70168717 DIST                 argc=4 site=70166E1C
gcalls seq=001494 caller=QUEST2 target=70168717 DIST                 argc=4 site=70166E1C
gcalls seq=001498 caller=QUEST1 target=70168717 DIST                 argc=4 site=70166E1C
gcalls seq=001499 caller=QUEST1 target=70168717 DIST                 argc=4 site=70166E1C
gcalls seq=001500 caller=QUEST1 target=70168717 DIST                 argc=4 site=70166E1C
gcalls seq=001501 caller=QUEST2 target=70168717 DIST                 argc=4 site=70166E1C
gcalls seq=001505 caller=QUEST2 target=70168717 DIST                 argc=4 site=70166E1C
gcalls seq=001509 caller=QUEST2 target=70168717 DIST                 argc=4 site=70166E1C
gcalls seq=001513 caller=QUEST1 target=70168717 DIST                 argc=4 site=70166E1C
gcalls seq=001514 caller=QUEST2 target=70168717 DIST                 argc=4 site=70166E1C
gcalls seq=001518 caller=QUEST1 target=70168717 DIST                 argc=4 site=70166E1C
gcalls seq=001519 caller=QUEST1 target=70168717 DIST                 argc=4 site=70166E1C
gcalls seq=001520 caller=QUEST2 target=70168717 DIST                 argc=4 site=70166E1C
gcalls seq=001524 caller=QUEST2 target=70168717 DIST                 argc=4 site=70166E1C
gcalls seq=001528 caller=QUEST1 target=70168717 DIST                 argc=4 site=70166E1C
gcalls seq=001529 caller=QUEST1 target=70168717 DIST                 argc=4 site=70166E1C
gcalls seq=001530 caller=QUEST1 target=70168717 DIST                 argc=4 site=70166E1C
gcalls seq=001531 caller=QUEST2 target=70168717 DIST                 argc=4 site=70166E1C
gcalls seq=001535 caller=QUEST2 target=70168717 DIST                 argc=4 site=70166E1C
gcalls seq=001539 caller=QUEST2 target=70168717 DIST                 argc=4 site=70166E1C
gcalls seq=001543 caller=QUEST1 target=70168717 DIST                 argc=4 site=70166E1C
gcalls seq=001544 caller=QUEST1 target=70168717 DIST                 argc=4 site=70166E1C
gcalls seq=001545 caller=QUEST1 target=70168717 DIST                 argc=4 site=70166E1C
gcalls seq=001546 caller=QUEST2 target=70168717 DIST                 argc=4 site=70166E1C
gcalls seq=001550 caller=QUEST2 target=70168717 DIST                 argc=4 site=70166E1C
gcalls seq=001554 caller=QUEST2 target=70168717 DIST                 argc=4 site=70166E1C
gcalls seq=001558 caller=QUEST1 target=70168717 DIST                 argc=4 site=70166E1C
gcalls seq=001559 caller=QUEST1 target=70168717 DIST                 argc=4 site=70166E1C
gcalls seq=001560 caller=QUEST1 target=70168717 DIST                 argc=4 site=70166E1C
gcalls seq=001561 caller=QUEST2 target=70168717 DIST                 argc=4 site=70166E1C
gcalls seq=001565 caller=QUEST2 target=70168717 DIST                 argc=4 site=70166E1C
gcalls seq=001569 caller=QUEST2 target=70168717 DIST                 argc=4 site=70166E1C
gcalls seq=001573 caller=QUEST1 target=70168717 DIST                 argc=4 site=70166E1C
gcalls seq=001574 caller=QUEST1 target=70168717 DIST                 argc=4 site=70166E1C
gcalls seq=001575 caller=QUEST1 target=70168717 DIST                 argc=4 site=70166E1C
gcalls seq=001576 caller=QUEST2 target=70168717 DIST                 argc=4 site=70166E1C
gcalls seq=001580 caller=QUEST2 target=70168717 DIST                 argc=4 site=70166E1C
gcalls seq=001584 caller=QUEST2 target=70168717 DIST                 argc=4 site=70166E1C
gcalls seq=001588 caller=QUEST1 target=70168717 DIST                 argc=4 site=70166E1C
gcalls seq=001589 caller=QUEST1 target=70168717 DIST                 argc=4 site=70166E1C
gcalls seq=001590 caller=QUEST1 target=70168717 DIST                 argc=4 site=70166E1C
gcalls seq=001591 caller=QUEST2 target=70168717 DIST                 argc=4 site=70166E1C
gcalls seq=001595 caller=QUEST2 target=70168717 DIST                 argc=4 site=70166E1C
gcalls seq=001599 caller=QUEST2 target=70168717 DIST                 argc=4 site=70166E1C
gcalls seq=001603 caller=QUEST1 target=70168717 DIST                 argc=4 site=70166E1C
gcalls seq=001604 caller=QUEST1 target=70168717 DIST                 argc=4 site=70166E1C
gcalls seq=001605 caller=QUEST1 target=70168717 DIST                 argc=4 site=70166E1C
gcalls seq=001606 caller=QUEST2 target=70168717 DIST                 argc=4 site=70166E1C
gcalls seq=001610 caller=QUEST2 target=70168717 DIST                 argc=4 site=70166E1C
gcalls seq=001614 caller=QUEST2 target=70168717 DIST                 argc=4 site=70166E1C
gcalls seq=001618 caller=QUEST1 target=70168717 DIST                 argc=4 site=70166E1C
gcalls seq=001619 caller=QUEST2 target=70168717 DIST                 argc=4 site=70166E1C
gcalls seq=001621 caller=QUEST1 target=70168717 DIST                 argc=4 site=70166E1C
gcalls seq=001622 caller=QUEST1 target=70168717 DIST                 argc=4 site=70166E1C
gcalls seq=001625 caller=QUEST2 target=70168717 DIST                 argc=4 site=70166E1C
gcalls seq=001629 caller=QUEST2 target=70168717 DIST                 argc=4 site=70166E1C
gcalls seq=001633 caller=QUEST1 target=70168717 DIST                 argc=4 site=70166E1C
gcalls seq=001634 caller=QUEST1 target=70168717 DIST                 argc=4 site=70166E1C
gcalls seq=001635 caller=QUEST1 target=70168717 DIST                 argc=4 site=70166E1C
gcalls seq=001636 caller=QUEST2 target=70168717 DIST                 argc=4 site=70166E1C
gcalls seq=001640 caller=QUEST2 target=70168717 DIST                 argc=4 site=70166E1C
gcalls seq=001644 caller=QUEST2 target=70168717 DIST                 argc=4 site=70166E1C
gcalls seq=001648 caller=QUEST1 target=70168717 DIST                 argc=4 site=70166E1C
gcalls seq=001649 caller=QUEST2 target=70168717 DIST                 argc=4 site=70166E1C
gcalls seq=001651 caller=QUEST1 target=70168717 DIST                 argc=4 site=70166E1C
gcalls seq=001652 caller=QUEST1 target=70168717 DIST                 argc=4 site=70166E1C
gcalls seq=001655 caller=QUEST2 target=70168717 DIST                 argc=4 site=70166E1C
gcalls seq=001659 caller=QUEST2 target=70168717 DIST                 argc=4 site=70166E1C
gcalls seq=001663 caller=QUEST1 target=70168717 DIST                 argc=4 site=70166E1C
gcalls seq=001664 caller=QUEST1 target=70168717 DIST                 argc=4 site=70166E1C
gcalls seq=001665 caller=QUEST1 target=70168717 DIST                 argc=4 site=70166E1C
gcalls seq=001666 caller=QUEST2 target=70168717 DIST                 argc=4 site=70166E1C
gcalls seq=001670 caller=QUEST2 target=70168717 DIST                 argc=4 site=70166E1C
gcalls seq=001674 caller=QUEST2 target=70168717 DIST                 argc=4 site=70166E1C
gcalls seq=001678 caller=QUEST1 target=70168717 DIST                 argc=4 site=70166E1C
gcalls seq=001679 caller=QUEST1 target=70168717 DIST                 argc=4 site=70166E1C
gcalls seq=001680 caller=QUEST1 target=70168717 DIST                 argc=4 site=70166E1C
gcalls seq=001681 caller=QUEST2 target=70168717 DIST                 argc=4 site=70166E1C
gcalls seq=001685 caller=QUEST2 target=70168717 DIST                 argc=4 site=70166E1C
gcalls seq=001689 caller=QUEST2 target=70168717 DIST                 argc=4 site=70166E1C
gcalls seq=001693 caller=QUEST1 target=70168717 DIST                 argc=4 site=70166E1C
gcalls seq=001694 caller=QUEST1 target=70168717 DIST                 argc=4 site=70166E1C
gcalls seq=001695 caller=QUEST1 target=70168717 DIST                 argc=4 site=70166E1C
gcalls seq=001696 caller=QUEST2 target=70168717 DIST                 argc=4 site=70166E1C
gcalls seq=001700 caller=QUEST2 target=70168717 DIST                 argc=4 site=70166E1C
gcalls seq=001704 caller=QUEST2 target=70168717 DIST                 argc=4 site=70166E1C
gcalls seq=001708 caller=QUEST1 target=70168717 DIST                 argc=4 site=70166E1C
gcalls seq=001709 caller=QUEST1 target=70168717 DIST                 argc=4 site=70166E1C
gcalls seq=001710 caller=QUEST1 target=70168717 DIST                 argc=4 site=70166E1C
gcalls seq=001711 caller=QUEST2 target=70168717 DIST                 argc=4 site=70166E1C
gcalls seq=001715 caller=QUEST2 target=70168717 DIST                 argc=4 site=70166E1C
gcalls seq=001719 caller=QUEST2 target=70168717 DIST                 argc=4 site=70166E1C
gcalls seq=001723 caller=QUEST1 target=70168717 DIST                 argc=4 site=70166E1C
gcalls seq=001724 caller=QUEST1 target=70168717 DIST                 argc=4 site=70166E1C
gcalls seq=001725 caller=QUEST2 target=70168717 DIST                 argc=4 site=70166E1C
gcalls seq=001729 caller=QUEST2 target=70168717 DIST                 argc=4 site=70166E1C
gcalls seq=001732 caller=QUEST1 target=70168717 DIST                 argc=4 site=70166E1C
gcalls seq=001734 caller=QUEST2 target=70168717 DIST                 argc=4 site=70166E1C
gcalls seq=001738 caller=QUEST1 target=70168717 DIST                 argc=4 site=70166E1C
gcalls seq=001739 caller=QUEST1 target=70168717 DIST                 argc=4 site=70166E1C
gcalls seq=001740 caller=QUEST1 target=70168717 DIST                 argc=4 site=70166E1C
gcalls seq=001741 caller=QUEST2 target=70168717 DIST                 argc=4 site=70166E1C
gcalls seq=001745 caller=QUEST2 target=70168717 DIST                 argc=4 site=70166E1C
gcalls seq=001749 caller=QUEST2 target=70168717 DIST                 argc=4 site=70166E1C
gcalls seq=001753 caller=QUEST1 target=70168717 DIST                 argc=4 site=70166E1C
gcalls seq=001754 caller=QUEST1 target=70168717 DIST                 argc=4 site=70166E1C
gcalls seq=001755 caller=QUEST2 target=70168717 DIST                 argc=4 site=70166E1C
gcalls seq=001759 caller=QUEST2 target=70168717 DIST                 argc=4 site=70166E1C
gcalls seq=001762 caller=QUEST1 target=70168717 DIST                 argc=4 site=70166E1C
gcalls seq=001764 caller=QUEST2 target=70168717 DIST                 argc=4 site=70166E1C
gcalls seq=001768 caller=QUEST1 target=70168717 DIST                 argc=4 site=70166E1C
gcalls seq=001769 caller=QUEST1 target=70168717 DIST                 argc=4 site=70166E1C
gcalls seq=001770 caller=QUEST1 target=70168717 DIST                 argc=4 site=70166E1C
gcalls seq=001771 caller=QUEST2 target=70168717 DIST                 argc=4 site=70166E1C
gcalls seq=001775 caller=QUEST2 target=70168717 DIST                 argc=4 site=70166E1C
gcalls seq=001779 caller=QUEST2 target=70168717 DIST                 argc=4 site=70166E1C
gcalls seq=001783 caller=QUEST1 target=70168717 DIST                 argc=4 site=70166E1C
gcalls seq=001784 caller=QUEST1 target=70168717 DIST                 argc=4 site=70166E1C
gcalls seq=001785 caller=QUEST2 target=70168717 DIST                 argc=4 site=70166E1C
gcalls seq=001789 caller=QUEST2 target=70168717 DIST                 argc=4 site=70166E1C
gcalls seq=001792 caller=QUEST1 target=70168717 DIST                 argc=4 site=70166E1C
gcalls seq=001794 caller=QUEST2 target=70168717 DIST                 argc=4 site=70166E1C
gcalls seq=001798 caller=QUEST1 target=70168717 DIST                 argc=4 site=70166E1C
gcalls seq=001799 caller=QUEST1 target=70168717 DIST                 argc=4 site=70166E1C
gcalls seq=001800 caller=QUEST1 target=70168717 DIST                 argc=4 site=70166E1C
gcalls seq=001801 caller=QUEST2 target=70168717 DIST                 argc=4 site=70166E1C
gcalls seq=001805 caller=QUEST2 target=70168717 DIST                 argc=4 site=70166E1C
gcalls seq=001809 caller=QUEST2 target=70168717 DIST                 argc=4 site=70166E1C
gcalls seq=001813 caller=QUEST1 target=70168717 DIST                 argc=4 site=70166E1C
gcalls seq=001814 caller=QUEST1 target=70168717 DIST                 argc=4 site=70166E1C
gcalls seq=001815 caller=QUEST2 target=70168717 DIST                 argc=4 site=70166E1C
gcalls seq=001819 caller=QUEST2 target=70168717 DIST                 argc=4 site=70166E1C
gcalls seq=001822 caller=QUEST1 target=70168717 DIST                 argc=4 site=70166E1C
gcalls seq=001824 caller=QUEST2 target=70168717 DIST                 argc=4 site=70166E1C
gcalls seq=001828 caller=QUEST1 target=70168717 DIST                 argc=4 site=70166E1C
gcalls seq=001829 caller=QUEST1 target=70168717 DIST                 argc=4 site=70166E1C
gcalls seq=001830 caller=QUEST1 target=70168717 DIST                 argc=4 site=70166E1C
gcalls seq=001831 caller=QUEST2 target=70168717 DIST                 argc=4 site=70166E1C
gcalls seq=001835 caller=QUEST2 target=70168717 DIST                 argc=4 site=70166E1C
gcalls seq=001839 caller=QUEST2 target=70168717 DIST                 argc=4 site=70166E1C
gcalls seq=001843 caller=QUEST1 target=70168717 DIST                 argc=4 site=70166E1C
gcalls seq=001844 caller=QUEST2 target=70168717 DIST                 argc=4 site=70166E1C
gcalls seq=001847 caller=QUEST1 target=70168717 DIST                 argc=4 site=70166E1C
gcalls seq=001848 caller=QUEST1 target=70168717 DIST                 argc=4 site=70166E1C
gcalls seq=001850 caller=QUEST2 target=70168717 DIST                 argc=4 site=70166E1C
gcalls seq=001854 caller=QUEST2 target=70168717 DIST                 argc=4 site=70166E1C
gcalls seq=001858 caller=QUEST1 target=70168717 DIST                 argc=4 site=70166E1C
gcalls seq=001859 caller=QUEST1 target=70168717 DIST                 argc=4 site=70166E1C
gcalls seq=001860 caller=QUEST1 target=70168717 DIST                 argc=4 site=70166E1C
gcalls seq=001861 caller=QUEST2 target=70168717 DIST                 argc=4 site=70166E1C
gcalls seq=001865 caller=QUEST2 target=70168717 DIST                 argc=4 site=70166E1C
gcalls seq=001869 caller=QUEST2 target=70168717 DIST                 argc=4 site=70166E1C
gcalls seq=001873 caller=QUEST1 target=70168717 DIST                 argc=4 site=70166E1C
gcalls seq=001874 caller=QUEST1 target=70168717 DIST                 argc=4 site=70166E1C
gcalls seq=001875 caller=QUEST1 target=70168717 DIST                 argc=4 site=70166E1C
gcalls seq=001876 caller=QUEST2 target=70168717 DIST                 argc=4 site=70166E1C
gcalls seq=001880 caller=QUEST2 target=70168717 DIST                 argc=4 site=70166E1C
gcalls seq=001884 caller=QUEST2 target=70168717 DIST                 argc=4 site=70166E1C
gcalls seq=001888 caller=QUEST1 target=70168717 DIST                 argc=4 site=70166E1C
gcalls seq=001889 caller=QUEST1 target=70168717 DIST                 argc=4 site=70166E1C
gcalls seq=001890 caller=QUEST2 target=70168717 DIST                 argc=4 site=70166E1C
gcalls seq=001894 caller=QUEST2 target=70168717 DIST                 argc=4 site=70166E1C
gcalls seq=001898 caller=QUEST1 target=70168717 DIST                 argc=4 site=70166E1C
gcalls seq=001899 caller=QUEST2 target=70168717 DIST                 argc=4 site=70166E1C
gcalls seq=001903 caller=QUEST1 target=70168717 DIST                 argc=4 site=70166E1C
gcalls seq=001904 caller=QUEST1 target=70168717 DIST                 argc=4 site=70166E1C
gcalls seq=001905 caller=QUEST1 target=70168717 DIST                 argc=4 site=70166E1C
gcalls seq=001906 caller=QUEST2 target=70168717 DIST                 argc=4 site=70166E1C
gcalls seq=001910 caller=QUEST2 target=70168717 DIST                 argc=4 site=70166E1C
gcalls seq=001914 caller=QUEST2 target=70168717 DIST                 argc=4 site=70166E1C
gcalls seq=001918 caller=QUEST1 target=70168717 DIST                 argc=4 site=70166E1C
gcalls seq=001919 caller=QUEST1 target=70168717 DIST                 argc=4 site=70166E1C
gcalls seq=001920 caller=QUEST2 target=70168717 DIST                 argc=4 site=70166E1C
gcalls seq=001924 caller=QUEST2 target=70168717 DIST                 argc=4 site=70166E1C
gcalls seq=001928 caller=QUEST1 target=70168717 DIST                 argc=4 site=70166E1C
gcalls seq=001929 caller=QUEST2 target=70168717 DIST                 argc=4 site=70166E1C
gcalls seq=001933 caller=QUEST1 target=70168717 DIST                 argc=4 site=70166E1C
gcalls seq=001934 caller=QUEST1 target=70168717 DIST                 argc=4 site=70166E1C
gcalls seq=001935 caller=QUEST1 target=70168717 DIST                 argc=4 site=70166E1C
gcalls seq=001936 caller=QUEST2 target=70168717 DIST                 argc=4 site=70166E1C
gcalls seq=001940 caller=QUEST2 target=70168717 DIST                 argc=4 site=70166E1C
gcalls seq=001944 caller=QUEST2 target=70168717 DIST                 argc=4 site=70166E1C
gcalls seq=001948 caller=QUEST1 target=70168717 DIST                 argc=4 site=70166E1C
gcalls seq=001949 caller=QUEST1 target=70168717 DIST                 argc=4 site=70166E1C
gcalls seq=001950 caller=QUEST2 target=70168717 DIST                 argc=4 site=70166E1C
gcalls seq=001954 caller=QUEST2 target=70168717 DIST                 argc=4 site=70166E1C
gcalls seq=001958 caller=QUEST1 target=70168717 DIST                 argc=4 site=70166E1C
gcalls seq=001959 caller=QUEST2 target=70168717 DIST                 argc=4 site=70166E1C
gcalls seq=001963 caller=QUEST1 target=70168717 DIST                 argc=4 site=70166E1C
gcalls seq=001964 caller=QUEST1 target=70168717 DIST                 argc=4 site=70166E1C
gcalls seq=001965 caller=QUEST1 target=70168717 DIST                 argc=4 site=70166E1C
gcalls seq=001966 caller=QUEST2 target=70168717 DIST                 argc=4 site=70166E1C
gcalls seq=001970 caller=QUEST2 target=70168717 DIST                 argc=4 site=70166E1C
gcalls seq=001974 caller=QUEST2 target=70168717 DIST                 argc=4 site=70166E1C
gcalls seq=001978 caller=QUEST1 target=70168717 DIST                 argc=4 site=70166E1C
gcalls seq=001979 caller=QUEST1 target=70168717 DIST                 argc=4 site=70166E1C
gcalls seq=001980 caller=QUEST2 target=70168717 DIST                 argc=4 site=70166E1C
gcalls seq=001984 caller=QUEST2 target=70168717 DIST                 argc=4 site=70166E1C
gcalls seq=001988 caller=QUEST1 target=70168717 DIST                 argc=4 site=70166E1C
gcalls seq=001989 caller=QUEST2 target=70168717 DIST                 argc=4 site=70166E1C
gcalls seq=001993 caller=QUEST1 target=70168717 DIST                 argc=4 site=70166E1C
gcalls seq=001994 caller=QUEST1 target=70168717 DIST                 argc=4 site=70166E1C
gcalls seq=001995 caller=QUEST1 target=70168717 DIST                 argc=4 site=70166E1C
gcalls seq=001996 caller=QUEST2 target=70168717 DIST                 argc=4 site=70166E1C
gcalls seq=002000 caller=QUEST2 target=70168717 DIST                 argc=4 site=70166E1C
gcalls seq=002004 caller=QUEST2 target=70168717 DIST                 argc=4 site=70166E1C
gcalls seq=002008 caller=QUEST1 target=70168717 DIST                 argc=4 site=70166E1C
gcalls seq=002009 caller=QUEST1 target=70168717 DIST                 argc=4 site=70166E1C
gcalls seq=002010 caller=QUEST2 target=70168717 DIST                 argc=4 site=70166E1C
gcalls seq=002014 caller=QUEST2 target=70168717 DIST                 argc=4 site=70166E1C
gcalls seq=002018 caller=QUEST1 target=70168717 DIST                 argc=4 site=70166E1C
gcalls seq=002019 caller=QUEST2 target=70168717 DIST                 argc=4 site=70166E1C
gcalls seq=002023 caller=QUEST1 target=70168717 DIST                 argc=4 site=70166E1C
gcalls seq=002024 caller=QUEST1 target=70168717 DIST                 argc=4 site=70166E1C
gcalls seq=002025 caller=QUEST1 target=70168717 DIST                 argc=4 site=70166E1C
gcalls seq=002026 caller=QUEST2 target=70168717 DIST                 argc=4 site=70166E1C
gcalls seq=002030 caller=QUEST2 target=70168717 DIST                 argc=4 site=70166E1C
gcalls seq=002034 caller=QUEST2 target=70168717 DIST                 argc=4 site=70166E1C
gcalls seq=002045 caller=QUEST1 target=7017CD71 TERRITORY            argc=6 site=701670EE
gcalls seq=002046 caller=QUEST2 target=7017CD71 TERRITORY            argc=6 site=701670EE
gcalls seq=002125 caller=QUEST1 target=701674B5 DISPLAY_INVENTORY    argc=1 site=7016BD33
gcalls seq=002126 caller=QUEST2 target=701674B5 DISPLAY_INVENTORY    argc=1 site=7016BD33
gcalls seq=002323 caller=QUEST1 target=7017C877 TERRAIN              argc=9 site=7015C518
gcalls seq=002324 caller=QUEST1 target=7017821F START_TURN           argc=0 site=7015C5DC
gcalls seq=002325 caller=QUEST2 target=7017C877 TERRAIN              argc=9 site=7015C518
gcalls seq=002328 caller=QUEST2 target=7017821F START_TURN           argc=0 site=7015C5DC
gcalls seq=002337 caller=QUEST1 target=7016AA35 GET_INPUT            argc=1 site=7017826C
gcalls seq=002338 caller=QUEST2 target=7016AA35 GET_INPUT            argc=1 site=7017826C
gcalls seq=002362 caller=QUEST1 target=7016AA35 GET_INPUT            argc=1 site=7017826C
gcalls seq=002363 caller=QUEST2 target=7016AA35 GET_INPUT            argc=1 site=7017826C
gcalls seq=002373 caller=QUEST1 target=70175CBF OWNS                 argc=2 site=70178537
gcalls seq=002374 caller=QUEST1 target=7017A695 STORMS_AT_SEA        argc=1 site=70178808
gcalls seq=002375 caller=QUEST2 target=70175CBF OWNS                 argc=2 site=70178537
gcalls seq=002378 caller=QUEST2 target=7017A695 STORMS_AT_SEA        argc=1 site=70178808
gcalls seq=002380 caller=QUEST1 target=7016FC67 MOVE_FAMILIAR        argc=1 site=7017880F
gcalls seq=002381 caller=QUEST1 target=70177BED SIGNAL_TURN          argc=0 site=7017883D
gcalls seq=002383 caller=QUEST2 target=7016FC67 MOVE_FAMILIAR        argc=1 site=7017880F
gcalls seq=002386 caller=QUEST2 target=70177BED SIGNAL_TURN          argc=0 site=7017883D
gcalls seq=002395 caller=QUEST1 target=70169B0F LOCK_FILE            argc=2 site=70177F0B
gcalls seq=002396 caller=QUEST2 target=70169B0F LOCK_FILE            argc=2 site=70177F0B
gcalls seq=002412 caller=QUEST1 target=70176797 REGEN_SPELLS         argc=0 site=70178865
gcalls seq=002413 caller=QUEST2 target=70176797 REGEN_SPELLS         argc=0 site=70178865
gcalls seq=002415 caller=QUEST1 target=70166AF9 DISPLAY_SCREEN       argc=1 site=701788CE
gcalls seq=002417 caller=QUEST2 target=70166AF9 DISPLAY_SCREEN       argc=1 site=701788CE
gcalls seq=002418 caller=QUEST1 target=70168717 DIST                 argc=4 site=70166B86
gcalls seq=002419 caller=QUEST1 target=70168717 DIST                 argc=4 site=70166B86
gcalls seq=002420 caller=QUEST1 target=70168717 DIST                 argc=4 site=70166B86
gcalls seq=002421 caller=QUEST2 target=70168717 DIST                 argc=4 site=70166B86
gcalls seq=002425 caller=QUEST2 target=70168717 DIST                 argc=4 site=70166B86
gcalls seq=002429 caller=QUEST2 target=70168717 DIST                 argc=4 site=70166B86
gcalls seq=002433 caller=QUEST1 target=70168717 DIST                 argc=4 site=70166E1C
gcalls seq=002434 caller=QUEST1 target=70168717 DIST                 argc=4 site=70166E1C
gcalls seq=002435 caller=QUEST1 target=70168717 DIST                 argc=4 site=70166E1C
gcalls seq=002436 caller=QUEST2 target=70168717 DIST                 argc=4 site=70166E1C
gcalls seq=002440 caller=QUEST2 target=70168717 DIST                 argc=4 site=70166E1C
gcalls seq=002444 caller=QUEST2 target=70168717 DIST                 argc=4 site=70166E1C
gcalls seq=002448 caller=QUEST1 target=70168717 DIST                 argc=4 site=70166E1C
gcalls seq=002449 caller=QUEST1 target=70168717 DIST                 argc=4 site=70166E1C
gcalls seq=002450 caller=QUEST1 target=70168717 DIST                 argc=4 site=70166E1C
gcalls seq=002451 caller=QUEST2 target=70168717 DIST                 argc=4 site=70166E1C
gcalls seq=002455 caller=QUEST2 target=70168717 DIST                 argc=4 site=70166E1C
gcalls seq=002459 caller=QUEST2 target=70168717 DIST                 argc=4 site=70166E1C
gcalls seq=002463 caller=QUEST1 target=70168717 DIST                 argc=4 site=70166E1C
gcalls seq=002464 caller=QUEST2 target=70168717 DIST                 argc=4 site=70166E1C
gcalls seq=002468 caller=QUEST1 target=70168717 DIST                 argc=4 site=70166E1C
gcalls seq=002469 caller=QUEST1 target=70168717 DIST                 argc=4 site=70166E1C
gcalls seq=002470 caller=QUEST2 target=70168717 DIST                 argc=4 site=70166E1C
gcalls seq=002474 caller=QUEST2 target=70168717 DIST                 argc=4 site=70166E1C
gcalls seq=002478 caller=QUEST1 target=70168717 DIST                 argc=4 site=70166E1C
gcalls seq=002479 caller=QUEST1 target=70168717 DIST                 argc=4 site=70166E1C
gcalls seq=002480 caller=QUEST1 target=70168717 DIST                 argc=4 site=70166E1C
gcalls seq=002481 caller=QUEST2 target=70168717 DIST                 argc=4 site=70166E1C
gcalls seq=002485 caller=QUEST2 target=70168717 DIST                 argc=4 site=70166E1C
gcalls seq=002489 caller=QUEST2 target=70168717 DIST                 argc=4 site=70166E1C
gcalls seq=002493 caller=QUEST1 target=70168717 DIST                 argc=4 site=70166E1C
gcalls seq=002494 caller=QUEST1 target=70168717 DIST                 argc=4 site=70166E1C
gcalls seq=002495 caller=QUEST1 target=70168717 DIST                 argc=4 site=70166E1C
gcalls seq=002496 caller=QUEST2 target=70168717 DIST                 argc=4 site=70166E1C
gcalls seq=002500 caller=QUEST2 target=70168717 DIST                 argc=4 site=70166E1C
gcalls seq=002504 caller=QUEST2 target=70168717 DIST                 argc=4 site=70166E1C
gcalls seq=002506 caller=QUEST1 target=70168717 DIST                 argc=4 site=70166E1C
gcalls seq=002509 caller=QUEST2 target=70168717 DIST                 argc=4 site=70166E1C
gcalls seq=002512 caller=QUEST1 target=70168717 DIST                 argc=4 site=70166E1C
gcalls seq=002513 caller=QUEST1 target=70168717 DIST                 argc=4 site=70166E1C
gcalls seq=002515 caller=QUEST2 target=70168717 DIST                 argc=4 site=70166E1C
gcalls seq=002519 caller=QUEST2 target=70168717 DIST                 argc=4 site=70166E1C
gcalls seq=002523 caller=QUEST1 target=70168717 DIST                 argc=4 site=70166E1C
gcalls seq=002524 caller=QUEST1 target=70168717 DIST                 argc=4 site=70166E1C
gcalls seq=002525 caller=QUEST1 target=70168717 DIST                 argc=4 site=70166E1C
gcalls seq=002526 caller=QUEST2 target=70168717 DIST                 argc=4 site=70166E1C
gcalls seq=002530 caller=QUEST2 target=70168717 DIST                 argc=4 site=70166E1C
gcalls seq=002534 caller=QUEST2 target=70168717 DIST                 argc=4 site=70166E1C
gcalls seq=002538 caller=QUEST1 target=70168717 DIST                 argc=4 site=70166E1C
gcalls seq=002539 caller=QUEST1 target=70168717 DIST                 argc=4 site=70166E1C
gcalls seq=002540 caller=QUEST2 target=70168717 DIST                 argc=4 site=70166E1C
gcalls seq=002544 caller=QUEST2 target=70168717 DIST                 argc=4 site=70166E1C
gcalls seq=002547 caller=QUEST1 target=70168717 DIST                 argc=4 site=70166E1C
gcalls seq=002549 caller=QUEST2 target=70168717 DIST                 argc=4 site=70166E1C
gcalls seq=002553 caller=QUEST1 target=70168717 DIST                 argc=4 site=70166E1C
gcalls seq=002554 caller=QUEST1 target=70168717 DIST                 argc=4 site=70166E1C
gcalls seq=002555 caller=QUEST1 target=70168717 DIST                 argc=4 site=70166E1C
gcalls seq=002556 caller=QUEST2 target=70168717 DIST                 argc=4 site=70166E1C
gcalls seq=002560 caller=QUEST2 target=70168717 DIST                 argc=4 site=70166E1C
gcalls seq=002564 caller=QUEST2 target=70168717 DIST                 argc=4 site=70166E1C
gcalls seq=002568 caller=QUEST1 target=70168717 DIST                 argc=4 site=70166E1C
gcalls seq=002569 caller=QUEST1 target=70168717 DIST                 argc=4 site=70166E1C
gcalls seq=002570 caller=QUEST1 target=70168717 DIST                 argc=4 site=70166E1C
gcalls seq=002571 caller=QUEST2 target=70168717 DIST                 argc=4 site=70166E1C
gcalls seq=002575 caller=QUEST2 target=70168717 DIST                 argc=4 site=70166E1C
gcalls seq=002579 caller=QUEST2 target=70168717 DIST                 argc=4 site=70166E1C
gcalls seq=002582 caller=QUEST1 target=70168717 DIST                 argc=4 site=70166E1C
gcalls seq=002584 caller=QUEST2 target=70168717 DIST                 argc=4 site=70166E1C
gcalls seq=002587 caller=QUEST1 target=70168717 DIST                 argc=4 site=70166E1C
gcalls seq=002588 caller=QUEST1 target=70168717 DIST                 argc=4 site=70166E1C
gcalls seq=002590 caller=QUEST2 target=70168717 DIST                 argc=4 site=70166E1C
gcalls seq=002594 caller=QUEST2 target=70168717 DIST                 argc=4 site=70166E1C
gcalls seq=002598 caller=QUEST1 target=70168717 DIST                 argc=4 site=70166E1C
gcalls seq=002599 caller=QUEST1 target=70168717 DIST                 argc=4 site=70166E1C
gcalls seq=002600 caller=QUEST1 target=70168717 DIST                 argc=4 site=70166E1C
gcalls seq=002601 caller=QUEST2 target=70168717 DIST                 argc=4 site=70166E1C
gcalls seq=002605 caller=QUEST2 target=70168717 DIST                 argc=4 site=70166E1C
gcalls seq=002609 caller=QUEST2 target=70168717 DIST                 argc=4 site=70166E1C
gcalls seq=002613 caller=QUEST1 target=70168717 DIST                 argc=4 site=70166E1C
gcalls seq=002614 caller=QUEST1 target=70168717 DIST                 argc=4 site=70166E1C
gcalls seq=002615 caller=QUEST1 target=70168717 DIST                 argc=4 site=70166E1C
gcalls seq=002616 caller=QUEST2 target=70168717 DIST                 argc=4 site=70166E1C
gcalls seq=002620 caller=QUEST2 target=70168717 DIST                 argc=4 site=70166E1C
gcalls seq=002624 caller=QUEST2 target=70168717 DIST                 argc=4 site=70166E1C
gcalls seq=002628 caller=QUEST1 target=70168717 DIST                 argc=4 site=70166E1C
gcalls seq=002629 caller=QUEST1 target=70168717 DIST                 argc=4 site=70166E1C
gcalls seq=002630 caller=QUEST1 target=70168717 DIST                 argc=4 site=70166E1C
gcalls seq=002631 caller=QUEST2 target=70168717 DIST                 argc=4 site=70166E1C
gcalls seq=002635 caller=QUEST2 target=70168717 DIST                 argc=4 site=70166E1C
gcalls seq=002639 caller=QUEST2 target=70168717 DIST                 argc=4 site=70166E1C
gcalls seq=002643 caller=QUEST1 target=70168717 DIST                 argc=4 site=70166E1C
gcalls seq=002644 caller=QUEST2 target=70168717 DIST                 argc=4 site=70166E1C
gcalls seq=002648 caller=QUEST1 target=70168717 DIST                 argc=4 site=70166E1C
gcalls seq=002649 caller=QUEST1 target=70168717 DIST                 argc=4 site=70166E1C
gcalls seq=002650 caller=QUEST2 target=70168717 DIST                 argc=4 site=70166E1C
gcalls seq=002654 caller=QUEST2 target=70168717 DIST                 argc=4 site=70166E1C
gcalls seq=002658 caller=QUEST1 target=70168717 DIST                 argc=4 site=70166E1C
gcalls seq=002659 caller=QUEST1 target=70168717 DIST                 argc=4 site=70166E1C
gcalls seq=002660 caller=QUEST1 target=70168717 DIST                 argc=4 site=70166E1C
gcalls seq=002661 caller=QUEST2 target=70168717 DIST                 argc=4 site=70166E1C
gcalls seq=002665 caller=QUEST2 target=70168717 DIST                 argc=4 site=70166E1C
gcalls seq=002669 caller=QUEST2 target=70168717 DIST                 argc=4 site=70166E1C
gcalls seq=002673 caller=QUEST1 target=70168717 DIST                 argc=4 site=70166E1C
gcalls seq=002674 caller=QUEST1 target=70168717 DIST                 argc=4 site=70166E1C
gcalls seq=002675 caller=QUEST1 target=70168717 DIST                 argc=4 site=70166E1C
gcalls seq=002676 caller=QUEST2 target=70168717 DIST                 argc=4 site=70166E1C
gcalls seq=002680 caller=QUEST2 target=70168717 DIST                 argc=4 site=70166E1C
gcalls seq=002684 caller=QUEST2 target=70168717 DIST                 argc=4 site=70166E1C
gcalls seq=002688 caller=QUEST1 target=70168717 DIST                 argc=4 site=70166E1C
gcalls seq=002689 caller=QUEST1 target=70168717 DIST                 argc=4 site=70166E1C
gcalls seq=002690 caller=QUEST1 target=70168717 DIST                 argc=4 site=70166E1C
gcalls seq=002691 caller=QUEST2 target=70168717 DIST                 argc=4 site=70166E1C
gcalls seq=002695 caller=QUEST2 target=70168717 DIST                 argc=4 site=70166E1C
gcalls seq=002699 caller=QUEST2 target=70168717 DIST                 argc=4 site=70166E1C
gcalls seq=002703 caller=QUEST1 target=70168717 DIST                 argc=4 site=70166E1C
gcalls seq=002704 caller=QUEST2 target=70168717 DIST                 argc=4 site=70166E1C
gcalls seq=002706 caller=QUEST1 target=70168717 DIST                 argc=4 site=70166E1C
gcalls seq=002707 caller=QUEST1 target=70168717 DIST                 argc=4 site=70166E1C
gcalls seq=002710 caller=QUEST2 target=70168717 DIST                 argc=4 site=70166E1C
gcalls seq=002714 caller=QUEST2 target=70168717 DIST                 argc=4 site=70166E1C
gcalls seq=002718 caller=QUEST1 target=70168717 DIST                 argc=4 site=70166E1C
gcalls seq=002719 caller=QUEST1 target=70168717 DIST                 argc=4 site=70166E1C
gcalls seq=002720 caller=QUEST1 target=70168717 DIST                 argc=4 site=70166E1C
gcalls seq=002721 caller=QUEST2 target=70168717 DIST                 argc=4 site=70166E1C
gcalls seq=002725 caller=QUEST2 target=70168717 DIST                 argc=4 site=70166E1C
gcalls seq=002729 caller=QUEST2 target=70168717 DIST                 argc=4 site=70166E1C
gcalls seq=002731 caller=QUEST1 target=70168717 DIST                 argc=4 site=70166E1C
gcalls seq=002734 caller=QUEST2 target=70168717 DIST                 argc=4 site=70166E1C
gcalls seq=002737 caller=QUEST1 target=70168717 DIST                 argc=4 site=70166E1C
gcalls seq=002738 caller=QUEST1 target=70168717 DIST                 argc=4 site=70166E1C
gcalls seq=002740 caller=QUEST2 target=70168717 DIST                 argc=4 site=70166E1C
gcalls seq=002744 caller=QUEST2 target=70168717 DIST                 argc=4 site=70166E1C
gcalls seq=002748 caller=QUEST1 target=70168717 DIST                 argc=4 site=70166E1C
gcalls seq=002749 caller=QUEST1 target=70168717 DIST                 argc=4 site=70166E1C
gcalls seq=002750 caller=QUEST1 target=70168717 DIST                 argc=4 site=70166E1C
gcalls seq=002751 caller=QUEST2 target=70168717 DIST                 argc=4 site=70166E1C
gcalls seq=002755 caller=QUEST2 target=70168717 DIST                 argc=4 site=70166E1C
gcalls seq=002759 caller=QUEST2 target=70168717 DIST                 argc=4 site=70166E1C
gcalls seq=002763 caller=QUEST1 target=70168717 DIST                 argc=4 site=70166E1C
gcalls seq=002764 caller=QUEST2 target=70168717 DIST                 argc=4 site=70166E1C
gcalls seq=002767 caller=QUEST1 target=70168717 DIST                 argc=4 site=70166E1C
gcalls seq=002768 caller=QUEST1 target=70168717 DIST                 argc=4 site=70166E1C
gcalls seq=002770 caller=QUEST2 target=70168717 DIST                 argc=4 site=70166E1C
gcalls seq=002774 caller=QUEST2 target=70168717 DIST                 argc=4 site=70166E1C
gcalls seq=002778 caller=QUEST1 target=70168717 DIST                 argc=4 site=70166E1C
gcalls seq=002779 caller=QUEST1 target=70168717 DIST                 argc=4 site=70166E1C
gcalls seq=002780 caller=QUEST1 target=70168717 DIST                 argc=4 site=70166E1C
gcalls seq=002781 caller=QUEST2 target=70168717 DIST                 argc=4 site=70166E1C
gcalls seq=002785 caller=QUEST2 target=70168717 DIST                 argc=4 site=70166E1C
gcalls seq=002789 caller=QUEST2 target=70168717 DIST                 argc=4 site=70166E1C
gcalls seq=002792 caller=QUEST1 target=70168717 DIST                 argc=4 site=70166E1C
gcalls seq=002794 caller=QUEST2 target=70168717 DIST                 argc=4 site=70166E1C
gcalls seq=002797 caller=QUEST1 target=70168717 DIST                 argc=4 site=70166E1C
gcalls seq=002798 caller=QUEST1 target=70168717 DIST                 argc=4 site=70166E1C
gcalls seq=002800 caller=QUEST2 target=70168717 DIST                 argc=4 site=70166E1C
gcalls seq=002804 caller=QUEST2 target=70168717 DIST                 argc=4 site=70166E1C
gcalls seq=002808 caller=QUEST1 target=70168717 DIST                 argc=4 site=70166E1C
gcalls seq=002809 caller=QUEST1 target=70168717 DIST                 argc=4 site=70166E1C
gcalls seq=002810 caller=QUEST1 target=70168717 DIST                 argc=4 site=70166E1C
gcalls seq=002811 caller=QUEST2 target=70168717 DIST                 argc=4 site=70166E1C
gcalls seq=002815 caller=QUEST2 target=70168717 DIST                 argc=4 site=70166E1C
gcalls seq=002819 caller=QUEST2 target=70168717 DIST                 argc=4 site=70166E1C
gcalls seq=002823 caller=QUEST1 target=70168717 DIST                 argc=4 site=70166E1C
gcalls seq=002824 caller=QUEST2 target=70168717 DIST                 argc=4 site=70166E1C
gcalls seq=002828 caller=QUEST1 target=70168717 DIST                 argc=4 site=70166E1C
gcalls seq=002829 caller=QUEST1 target=70168717 DIST                 argc=4 site=70166E1C
gcalls seq=002830 caller=QUEST2 target=70168717 DIST                 argc=4 site=70166E1C
gcalls seq=002834 caller=QUEST2 target=70168717 DIST                 argc=4 site=70166E1C
gcalls seq=002838 caller=QUEST1 target=70168717 DIST                 argc=4 site=70166E1C
gcalls seq=002839 caller=QUEST1 target=70168717 DIST                 argc=4 site=70166E1C
gcalls seq=002840 caller=QUEST1 target=70168717 DIST                 argc=4 site=70166E1C
gcalls seq=002841 caller=QUEST2 target=70168717 DIST                 argc=4 site=70166E1C
gcalls seq=002845 caller=QUEST2 target=70168717 DIST                 argc=4 site=70166E1C
gcalls seq=002849 caller=QUEST2 target=70168717 DIST                 argc=4 site=70166E1C
gcalls seq=002853 caller=QUEST1 target=70168717 DIST                 argc=4 site=70166E1C
gcalls seq=002854 caller=QUEST2 target=70168717 DIST                 argc=4 site=70166E1C
gcalls seq=002858 caller=QUEST1 target=70168717 DIST                 argc=4 site=70166E1C
gcalls seq=002859 caller=QUEST1 target=70168717 DIST                 argc=4 site=70166E1C
gcalls seq=002860 caller=QUEST2 target=70168717 DIST                 argc=4 site=70166E1C
gcalls seq=002864 caller=QUEST2 target=70168717 DIST                 argc=4 site=70166E1C
gcalls seq=002868 caller=QUEST1 target=70168717 DIST                 argc=4 site=70166E1C
gcalls seq=002869 caller=QUEST1 target=70168717 DIST                 argc=4 site=70166E1C
gcalls seq=002870 caller=QUEST1 target=70168717 DIST                 argc=4 site=70166E1C
gcalls seq=002871 caller=QUEST2 target=70168717 DIST                 argc=4 site=70166E1C
gcalls seq=002875 caller=QUEST2 target=70168717 DIST                 argc=4 site=70166E1C
gcalls seq=002879 caller=QUEST2 target=70168717 DIST                 argc=4 site=70166E1C
gcalls seq=002883 caller=QUEST1 target=70168717 DIST                 argc=4 site=70166E1C
gcalls seq=002884 caller=QUEST1 target=70168717 DIST                 argc=4 site=70166E1C
gcalls seq=002885 caller=QUEST2 target=70168717 DIST                 argc=4 site=70166E1C
gcalls seq=002889 caller=QUEST2 target=70168717 DIST                 argc=4 site=70166E1C
gcalls seq=002893 caller=QUEST1 target=70168717 DIST                 argc=4 site=70166E1C
gcalls seq=002894 caller=QUEST2 target=70168717 DIST                 argc=4 site=70166E1C
gcalls seq=002898 caller=QUEST1 target=70168717 DIST                 argc=4 site=70166E1C
gcalls seq=002899 caller=QUEST1 target=70168717 DIST                 argc=4 site=70166E1C
gcalls seq=002900 caller=QUEST1 target=70168717 DIST                 argc=4 site=70166E1C
gcalls seq=002901 caller=QUEST2 target=70168717 DIST                 argc=4 site=70166E1C
gcalls seq=002905 caller=QUEST2 target=70168717 DIST                 argc=4 site=70166E1C
gcalls seq=002909 caller=QUEST2 target=70168717 DIST                 argc=4 site=70166E1C
gcalls seq=002913 caller=QUEST1 target=70168717 DIST                 argc=4 site=70166E1C
gcalls seq=002914 caller=QUEST1 target=70168717 DIST                 argc=4 site=70166E1C
gcalls seq=002915 caller=QUEST2 target=70168717 DIST                 argc=4 site=70166E1C
gcalls seq=002919 caller=QUEST2 target=70168717 DIST                 argc=4 site=70166E1C
gcalls seq=002923 caller=QUEST1 target=70168717 DIST                 argc=4 site=70166E1C
gcalls seq=002924 caller=QUEST2 target=70168717 DIST                 argc=4 site=70166E1C
gcalls seq=002928 caller=QUEST1 target=70168717 DIST                 argc=4 site=70166E1C
gcalls seq=002929 caller=QUEST1 target=70168717 DIST                 argc=4 site=70166E1C
gcalls seq=002930 caller=QUEST1 target=70168717 DIST                 argc=4 site=70166E1C
gcalls seq=002931 caller=QUEST2 target=70168717 DIST                 argc=4 site=70166E1C
gcalls seq=002935 caller=QUEST2 target=70168717 DIST                 argc=4 site=70166E1C
gcalls seq=002939 caller=QUEST2 target=70168717 DIST                 argc=4 site=70166E1C
gcalls seq=002943 caller=QUEST1 target=70168717 DIST                 argc=4 site=70166E1C
gcalls seq=002944 caller=QUEST1 target=70168717 DIST                 argc=4 site=70166E1C
gcalls seq=002945 caller=QUEST2 target=70168717 DIST                 argc=4 site=70166E1C
gcalls seq=002949 caller=QUEST2 target=70168717 DIST                 argc=4 site=70166E1C
gcalls seq=002952 caller=QUEST1 target=70168717 DIST                 argc=4 site=70166E1C
gcalls seq=002954 caller=QUEST2 target=70168717 DIST                 argc=4 site=70166E1C
gcalls seq=002958 caller=QUEST1 target=70168717 DIST                 argc=4 site=70166E1C
gcalls seq=002959 caller=QUEST1 target=70168717 DIST                 argc=4 site=70166E1C
gcalls seq=002960 caller=QUEST1 target=70168717 DIST                 argc=4 site=70166E1C
gcalls seq=002961 caller=QUEST2 target=70168717 DIST                 argc=4 site=70166E1C
gcalls seq=002965 caller=QUEST2 target=70168717 DIST                 argc=4 site=70166E1C
gcalls seq=002969 caller=QUEST2 target=70168717 DIST                 argc=4 site=70166E1C
gcalls seq=002973 caller=QUEST1 target=70168717 DIST                 argc=4 site=70166E1C
gcalls seq=002974 caller=QUEST1 target=70168717 DIST                 argc=4 site=70166E1C
gcalls seq=002975 caller=QUEST1 target=70168717 DIST                 argc=4 site=70166E1C
gcalls seq=002976 caller=QUEST2 target=70168717 DIST                 argc=4 site=70166E1C
gcalls seq=002980 caller=QUEST2 target=70168717 DIST                 argc=4 site=70166E1C
gcalls seq=002984 caller=QUEST2 target=70168717 DIST                 argc=4 site=70166E1C
gcalls seq=002987 caller=QUEST1 target=70168717 DIST                 argc=4 site=70166E1C
gcalls seq=002989 caller=QUEST2 target=70168717 DIST                 argc=4 site=70166E1C
gcalls seq=002992 caller=QUEST1 target=70168717 DIST                 argc=4 site=70166E1C
gcalls seq=002993 caller=QUEST1 target=70168717 DIST                 argc=4 site=70166E1C
gcalls seq=002995 caller=QUEST2 target=70168717 DIST                 argc=4 site=70166E1C
gcalls seq=002999 caller=QUEST2 target=70168717 DIST                 argc=4 site=70166E1C
gcalls seq=003003 caller=QUEST1 target=70168717 DIST                 argc=4 site=70166E1C
gcalls seq=003004 caller=QUEST1 target=70168717 DIST                 argc=4 site=70166E1C
gcalls seq=003005 caller=QUEST1 target=70168717 DIST                 argc=4 site=70166E1C
gcalls seq=003006 caller=QUEST2 target=70168717 DIST                 argc=4 site=70166E1C
gcalls seq=003010 caller=QUEST2 target=70168717 DIST                 argc=4 site=70166E1C
gcalls seq=003014 caller=QUEST2 target=70168717 DIST                 argc=4 site=70166E1C
gcalls seq=003018 caller=QUEST1 target=70168717 DIST                 argc=4 site=70166E1C
gcalls seq=003019 caller=QUEST2 target=70168717 DIST                 argc=4 site=70166E1C
gcalls seq=003023 caller=QUEST1 target=70168717 DIST                 argc=4 site=70166E1C
gcalls seq=003024 caller=QUEST1 target=70168717 DIST                 argc=4 site=70166E1C
gcalls seq=003025 caller=QUEST2 target=70168717 DIST                 argc=4 site=70166E1C
gcalls seq=003029 caller=QUEST2 target=70168717 DIST                 argc=4 site=70166E1C
gcalls seq=003033 caller=QUEST1 target=70168717 DIST                 argc=4 site=70166E1C
gcalls seq=003034 caller=QUEST1 target=70168717 DIST                 argc=4 site=70166E1C
gcalls seq=003035 caller=QUEST1 target=70168717 DIST                 argc=4 site=70166E1C
gcalls seq=003036 caller=QUEST2 target=70168717 DIST                 argc=4 site=70166E1C
gcalls seq=003040 caller=QUEST2 target=70168717 DIST                 argc=4 site=70166E1C
gcalls seq=003044 caller=QUEST2 target=70168717 DIST                 argc=4 site=70166E1C
gcalls seq=003048 caller=QUEST1 target=70168717 DIST                 argc=4 site=70166E1C
gcalls seq=003049 caller=QUEST1 target=70168717 DIST                 argc=4 site=70166E1C
gcalls seq=003050 caller=QUEST1 target=70168717 DIST                 argc=4 site=70166E1C
gcalls seq=003051 caller=QUEST2 target=70168717 DIST                 argc=4 site=70166E1C
gcalls seq=003055 caller=QUEST2 target=70168717 DIST                 argc=4 site=70166E1C
gcalls seq=003059 caller=QUEST2 target=70168717 DIST                 argc=4 site=70166E1C
gcalls seq=003063 caller=QUEST1 target=70168717 DIST                 argc=4 site=70166E1C
gcalls seq=003064 caller=QUEST1 target=70168717 DIST                 argc=4 site=70166E1C
gcalls seq=003065 caller=QUEST1 target=70168717 DIST                 argc=4 site=70166E1C
gcalls seq=003066 caller=QUEST2 target=70168717 DIST                 argc=4 site=70166E1C
gcalls seq=003070 caller=QUEST2 target=70168717 DIST                 argc=4 site=70166E1C
gcalls seq=003074 caller=QUEST2 target=70168717 DIST                 argc=4 site=70166E1C
gcalls seq=003078 caller=QUEST1 target=70168717 DIST                 argc=4 site=70166E1C
gcalls seq=003079 caller=QUEST2 target=70168717 DIST                 argc=4 site=70166E1C
gcalls seq=003083 caller=QUEST1 target=70168717 DIST                 argc=4 site=70166E1C
gcalls seq=003084 caller=QUEST1 target=70168717 DIST                 argc=4 site=70166E1C
gcalls seq=003085 caller=QUEST2 target=70168717 DIST                 argc=4 site=70166E1C
gcalls seq=003089 caller=QUEST2 target=70168717 DIST                 argc=4 site=70166E1C
gcalls seq=003093 caller=QUEST1 target=70168717 DIST                 argc=4 site=70166E1C
gcalls seq=003094 caller=QUEST1 target=70168717 DIST                 argc=4 site=70166E1C
gcalls seq=003095 caller=QUEST1 target=70168717 DIST                 argc=4 site=70166E1C
gcalls seq=003096 caller=QUEST2 target=70168717 DIST                 argc=4 site=70166E1C
gcalls seq=003100 caller=QUEST2 target=70168717 DIST                 argc=4 site=70166E1C
gcalls seq=003104 caller=QUEST2 target=70168717 DIST                 argc=4 site=70166E1C
gcalls seq=003108 caller=QUEST1 target=70168717 DIST                 argc=4 site=70166E1C
gcalls seq=003109 caller=QUEST2 target=70168717 DIST                 argc=4 site=70166E1C
gcalls seq=003111 caller=QUEST1 target=70168717 DIST                 argc=4 site=70166E1C
gcalls seq=003112 caller=QUEST1 target=70168717 DIST                 argc=4 site=70166E1C
gcalls seq=003115 caller=QUEST2 target=70168717 DIST                 argc=4 site=70166E1C
gcalls seq=003119 caller=QUEST2 target=70168717 DIST                 argc=4 site=70166E1C
gcalls seq=003123 caller=QUEST1 target=70168717 DIST                 argc=4 site=70166E1C
gcalls seq=003124 caller=QUEST1 target=70168717 DIST                 argc=4 site=70166E1C
gcalls seq=003125 caller=QUEST1 target=70168717 DIST                 argc=4 site=70166E1C
gcalls seq=003126 caller=QUEST2 target=70168717 DIST                 argc=4 site=70166E1C
gcalls seq=003130 caller=QUEST2 target=70168717 DIST                 argc=4 site=70166E1C
gcalls seq=003134 caller=QUEST2 target=70168717 DIST                 argc=4 site=70166E1C
gcalls seq=003138 caller=QUEST1 target=70168717 DIST                 argc=4 site=70166E1C
gcalls seq=003139 caller=QUEST2 target=70168717 DIST                 argc=4 site=70166E1C
gcalls seq=003142 caller=QUEST1 target=70168717 DIST                 argc=4 site=70166E1C
gcalls seq=003143 caller=QUEST1 target=70168717 DIST                 argc=4 site=70166E1C
gcalls seq=003145 caller=QUEST2 target=70168717 DIST                 argc=4 site=70166E1C
gcalls seq=003149 caller=QUEST2 target=70168717 DIST                 argc=4 site=70166E1C
gcalls seq=003153 caller=QUEST1 target=70168717 DIST                 argc=4 site=70166E1C
gcalls seq=003154 caller=QUEST1 target=70168717 DIST                 argc=4 site=70166E1C
gcalls seq=003155 caller=QUEST1 target=70168717 DIST                 argc=4 site=70166E1C
gcalls seq=003156 caller=QUEST2 target=70168717 DIST                 argc=4 site=70166E1C
gcalls seq=003160 caller=QUEST2 target=70168717 DIST                 argc=4 site=70166E1C
gcalls seq=003164 caller=QUEST2 target=70168717 DIST                 argc=4 site=70166E1C
gcalls seq=003168 caller=QUEST1 target=70168717 DIST                 argc=4 site=70166E1C
gcalls seq=003169 caller=QUEST2 target=70168717 DIST                 argc=4 site=70166E1C
gcalls seq=003173 caller=QUEST1 target=70168717 DIST                 argc=4 site=70166E1C
gcalls seq=003174 caller=QUEST1 target=70168717 DIST                 argc=4 site=70166E1C
gcalls seq=003175 caller=QUEST2 target=70168717 DIST                 argc=4 site=70166E1C
gcalls seq=003179 caller=QUEST2 target=70168717 DIST                 argc=4 site=70166E1C
gcalls seq=003183 caller=QUEST1 target=70168717 DIST                 argc=4 site=70166E1C
gcalls seq=003184 caller=QUEST1 target=70168717 DIST                 argc=4 site=70166E1C
gcalls seq=003185 caller=QUEST1 target=70168717 DIST                 argc=4 site=70166E1C
gcalls seq=003186 caller=QUEST2 target=70168717 DIST                 argc=4 site=70166E1C
gcalls seq=003190 caller=QUEST2 target=70168717 DIST                 argc=4 site=70166E1C
gcalls seq=003194 caller=QUEST2 target=70168717 DIST                 argc=4 site=70166E1C
gcalls seq=003198 caller=QUEST1 target=70168717 DIST                 argc=4 site=70166E1C
gcalls seq=003199 caller=QUEST1 target=70168717 DIST                 argc=4 site=70166E1C
gcalls seq=003200 caller=QUEST1 target=70168717 DIST                 argc=4 site=70166E1C
gcalls seq=003201 caller=QUEST2 target=70168717 DIST                 argc=4 site=70166E1C
gcalls seq=003205 caller=QUEST2 target=70168717 DIST                 argc=4 site=70166E1C
gcalls seq=003209 caller=QUEST2 target=70168717 DIST                 argc=4 site=70166E1C
gcalls seq=003213 caller=QUEST1 target=70168717 DIST                 argc=4 site=70166E1C
gcalls seq=003214 caller=QUEST1 target=70168717 DIST                 argc=4 site=70166E1C
gcalls seq=003215 caller=QUEST2 target=70168717 DIST                 argc=4 site=70166E1C
gcalls seq=003219 caller=QUEST2 target=70168717 DIST                 argc=4 site=70166E1C
gcalls seq=003223 caller=QUEST1 target=70168717 DIST                 argc=4 site=70166E1C
gcalls seq=003224 caller=QUEST2 target=70168717 DIST                 argc=4 site=70166E1C
gcalls seq=003228 caller=QUEST1 target=70168717 DIST                 argc=4 site=70166E1C
gcalls seq=003229 caller=QUEST1 target=70168717 DIST                 argc=4 site=70166E1C
gcalls seq=003230 caller=QUEST1 target=70168717 DIST                 argc=4 site=70166E1C
gcalls seq=003231 caller=QUEST2 target=70168717 DIST                 argc=4 site=70166E1C
gcalls seq=003235 caller=QUEST2 target=70168717 DIST                 argc=4 site=70166E1C
gcalls seq=003239 caller=QUEST2 target=70168717 DIST                 argc=4 site=70166E1C
gcalls seq=003243 caller=QUEST1 target=70168717 DIST                 argc=4 site=70166E1C
gcalls seq=003244 caller=QUEST1 target=70168717 DIST                 argc=4 site=70166E1C
gcalls seq=003245 caller=QUEST1 target=70168717 DIST                 argc=4 site=70166E1C
gcalls seq=003246 caller=QUEST2 target=70168717 DIST                 argc=4 site=70166E1C
gcalls seq=003250 caller=QUEST2 target=70168717 DIST                 argc=4 site=70166E1C
gcalls seq=003254 caller=QUEST2 target=70168717 DIST                 argc=4 site=70166E1C
gcalls seq=003258 caller=QUEST1 target=70168717 DIST                 argc=4 site=70166E1C
gcalls seq=003259 caller=QUEST2 target=70168717 DIST                 argc=4 site=70166E1C
gcalls seq=003261 caller=QUEST1 target=70168717 DIST                 argc=4 site=70166E1C
gcalls seq=003262 caller=QUEST1 target=70168717 DIST                 argc=4 site=70166E1C
gcalls seq=003265 caller=QUEST2 target=70168717 DIST                 argc=4 site=70166E1C
gcalls seq=003269 caller=QUEST2 target=70168717 DIST                 argc=4 site=70166E1C
gcalls seq=003273 caller=QUEST1 target=70168717 DIST                 argc=4 site=70166E1C
gcalls seq=003274 caller=QUEST1 target=70168717 DIST                 argc=4 site=70166E1C
gcalls seq=003275 caller=QUEST1 target=70168717 DIST                 argc=4 site=70166E1C
gcalls seq=003276 caller=QUEST2 target=70168717 DIST                 argc=4 site=70166E1C
gcalls seq=003280 caller=QUEST2 target=70168717 DIST                 argc=4 site=70166E1C
gcalls seq=003284 caller=QUEST2 target=70168717 DIST                 argc=4 site=70166E1C
gcalls seq=003288 caller=QUEST1 target=70168717 DIST                 argc=4 site=70166E1C
gcalls seq=003289 caller=QUEST1 target=70168717 DIST                 argc=4 site=70166E1C
gcalls seq=003290 caller=QUEST2 target=70168717 DIST                 argc=4 site=70166E1C
gcalls seq=003294 caller=QUEST2 target=70168717 DIST                 argc=4 site=70166E1C
gcalls seq=003297 caller=QUEST1 target=70168717 DIST                 argc=4 site=70166E1C
gcalls seq=003299 caller=QUEST2 target=70168717 DIST                 argc=4 site=70166E1C
gcalls seq=003303 caller=QUEST1 target=70168717 DIST                 argc=4 site=70166E1C
gcalls seq=003304 caller=QUEST1 target=70168717 DIST                 argc=4 site=70166E1C
gcalls seq=003305 caller=QUEST1 target=70168717 DIST                 argc=4 site=70166E1C
gcalls seq=003306 caller=QUEST2 target=70168717 DIST                 argc=4 site=70166E1C
gcalls seq=003310 caller=QUEST2 target=70168717 DIST                 argc=4 site=70166E1C
gcalls seq=003314 caller=QUEST2 target=70168717 DIST                 argc=4 site=70166E1C
gcalls seq=003318 caller=QUEST1 target=70168717 DIST                 argc=4 site=70166E1C
gcalls seq=003319 caller=QUEST1 target=70168717 DIST                 argc=4 site=70166E1C
gcalls seq=003320 caller=QUEST2 target=70168717 DIST                 argc=4 site=70166E1C
gcalls seq=003324 caller=QUEST2 target=70168717 DIST                 argc=4 site=70166E1C
gcalls seq=003328 caller=QUEST1 target=70168717 DIST                 argc=4 site=70166E1C
gcalls seq=003329 caller=QUEST2 target=70168717 DIST                 argc=4 site=70166E1C
gcalls seq=003333 caller=QUEST1 target=70168717 DIST                 argc=4 site=70166E1C
gcalls seq=003334 caller=QUEST1 target=70168717 DIST                 argc=4 site=70166E1C
gcalls seq=003335 caller=QUEST1 target=70168717 DIST                 argc=4 site=70166E1C
gcalls seq=003336 caller=QUEST2 target=70168717 DIST                 argc=4 site=70166E1C
gcalls seq=003340 caller=QUEST2 target=70168717 DIST                 argc=4 site=70166E1C
gcalls seq=003344 caller=QUEST2 target=70168717 DIST                 argc=4 site=70166E1C
gcalls seq=003348 caller=QUEST1 target=70168717 DIST                 argc=4 site=70166E1C
gcalls seq=003349 caller=QUEST2 target=70168717 DIST                 argc=4 site=70166E1C
gcalls seq=003353 caller=QUEST1 target=70168717 DIST                 argc=4 site=70166E1C
gcalls seq=003354 caller=QUEST1 target=70168717 DIST                 argc=4 site=70166E1C
gcalls seq=003355 caller=QUEST2 target=70168717 DIST                 argc=4 site=70166E1C
gcalls seq=003359 caller=QUEST2 target=70168717 DIST                 argc=4 site=70166E1C
gcalls seq=003363 caller=QUEST1 target=70168717 DIST                 argc=4 site=70166E1C
gcalls seq=003364 caller=QUEST1 target=70168717 DIST                 argc=4 site=70166E1C
gcalls seq=003365 caller=QUEST1 target=70168717 DIST                 argc=4 site=70166E1C
gcalls seq=003366 caller=QUEST2 target=70168717 DIST                 argc=4 site=70166E1C
gcalls seq=003370 caller=QUEST2 target=70168717 DIST                 argc=4 site=70166E1C
gcalls seq=003374 caller=QUEST2 target=70168717 DIST                 argc=4 site=70166E1C
gcalls seq=003378 caller=QUEST1 target=70168717 DIST                 argc=4 site=70166E1C
gcalls seq=003379 caller=QUEST2 target=70168717 DIST                 argc=4 site=70166E1C
gcalls seq=003381 caller=QUEST1 target=70168717 DIST                 argc=4 site=70166E1C
gcalls seq=003382 caller=QUEST1 target=70168717 DIST                 argc=4 site=70166E1C
gcalls seq=003385 caller=QUEST2 target=70168717 DIST                 argc=4 site=70166E1C
gcalls seq=003389 caller=QUEST2 target=70168717 DIST                 argc=4 site=70166E1C
gcalls seq=003393 caller=QUEST1 target=70168717 DIST                 argc=4 site=70166E1C
gcalls seq=003394 caller=QUEST1 target=70168717 DIST                 argc=4 site=70166E1C
gcalls seq=003395 caller=QUEST1 target=70168717 DIST                 argc=4 site=70166E1C
gcalls seq=003396 caller=QUEST2 target=70168717 DIST                 argc=4 site=70166E1C
gcalls seq=003400 caller=QUEST2 target=70168717 DIST                 argc=4 site=70166E1C
gcalls seq=003404 caller=QUEST2 target=70168717 DIST                 argc=4 site=70166E1C
gcalls seq=003408 caller=QUEST1 target=70168717 DIST                 argc=4 site=70166E1C
gcalls seq=003409 caller=QUEST1 target=70168717 DIST                 argc=4 site=70166E1C
gcalls seq=003410 caller=QUEST2 target=70168717 DIST                 argc=4 site=70166E1C
gcalls seq=003414 caller=QUEST2 target=70168717 DIST                 argc=4 site=70166E1C
gcalls seq=003417 caller=QUEST1 target=70168717 DIST                 argc=4 site=70166E1C
gcalls seq=003419 caller=QUEST2 target=70168717 DIST                 argc=4 site=70166E1C
gcalls seq=003423 caller=QUEST1 target=70168717 DIST                 argc=4 site=70166E1C
gcalls seq=003424 caller=QUEST1 target=70168717 DIST                 argc=4 site=70166E1C
gcalls seq=003425 caller=QUEST1 target=70168717 DIST                 argc=4 site=70166E1C
gcalls seq=003426 caller=QUEST2 target=70168717 DIST                 argc=4 site=70166E1C
gcalls seq=003430 caller=QUEST2 target=70168717 DIST                 argc=4 site=70166E1C
gcalls seq=003434 caller=QUEST2 target=70168717 DIST                 argc=4 site=70166E1C
gcalls seq=003438 caller=QUEST1 target=70168717 DIST                 argc=4 site=70166E1C
gcalls seq=003439 caller=QUEST1 target=70168717 DIST                 argc=4 site=70166E1C
gcalls seq=003440 caller=QUEST2 target=70168717 DIST                 argc=4 site=70166E1C
gcalls seq=003444 caller=QUEST2 target=70168717 DIST                 argc=4 site=70166E1C
gcalls seq=003447 caller=QUEST1 target=70168717 DIST                 argc=4 site=70166E1C
gcalls seq=003449 caller=QUEST2 target=70168717 DIST                 argc=4 site=70166E1C
gcalls seq=003453 caller=QUEST1 target=70168717 DIST                 argc=4 site=70166E1C
gcalls seq=003454 caller=QUEST1 target=70168717 DIST                 argc=4 site=70166E1C
gcalls seq=003455 caller=QUEST1 target=70168717 DIST                 argc=4 site=70166E1C
gcalls seq=003456 caller=QUEST2 target=70168717 DIST                 argc=4 site=70166E1C
gcalls seq=003460 caller=QUEST2 target=70168717 DIST                 argc=4 site=70166E1C
gcalls seq=003464 caller=QUEST2 target=70168717 DIST                 argc=4 site=70166E1C
gcalls seq=003468 caller=QUEST1 target=70168717 DIST                 argc=4 site=70166E1C
gcalls seq=003469 caller=QUEST1 target=70168717 DIST                 argc=4 site=70166E1C
gcalls seq=003470 caller=QUEST1 target=70168717 DIST                 argc=4 site=70166E1C
gcalls seq=003471 caller=QUEST2 target=70168717 DIST                 argc=4 site=70166E1C
gcalls seq=003475 caller=QUEST2 target=70168717 DIST                 argc=4 site=70166E1C
gcalls seq=003479 caller=QUEST2 target=70168717 DIST                 argc=4 site=70166E1C
gcalls seq=003483 caller=QUEST1 target=70168717 DIST                 argc=4 site=70166E1C
gcalls seq=003484 caller=QUEST1 target=70168717 DIST                 argc=4 site=70166E1C
gcalls seq=003485 caller=QUEST1 target=70168717 DIST                 argc=4 site=70166E1C
gcalls seq=003486 caller=QUEST2 target=70168717 DIST                 argc=4 site=70166E1C
gcalls seq=003490 caller=QUEST2 target=70168717 DIST                 argc=4 site=70166E1C
gcalls seq=003494 caller=QUEST2 target=70168717 DIST                 argc=4 site=70166E1C
gcalls seq=003498 caller=QUEST1 target=70168717 DIST                 argc=4 site=70166E1C
gcalls seq=003499 caller=QUEST1 target=70168717 DIST                 argc=4 site=70166E1C
gcalls seq=003500 caller=QUEST2 target=70168717 DIST                 argc=4 site=70166E1C
gcalls seq=003504 caller=QUEST2 target=70168717 DIST                 argc=4 site=70166E1C
gcalls seq=003508 caller=QUEST1 target=70168717 DIST                 argc=4 site=70166E1C
gcalls seq=003509 caller=QUEST2 target=70168717 DIST                 argc=4 site=70166E1C
gcalls seq=003513 caller=QUEST1 target=70168717 DIST                 argc=4 site=70166E1C
gcalls seq=003514 caller=QUEST1 target=70168717 DIST                 argc=4 site=70166E1C
gcalls seq=003515 caller=QUEST1 target=70168717 DIST                 argc=4 site=70166E1C
gcalls seq=003516 caller=QUEST2 target=70168717 DIST                 argc=4 site=70166E1C
gcalls seq=003520 caller=QUEST2 target=70168717 DIST                 argc=4 site=70166E1C
gcalls seq=003524 caller=QUEST2 target=70168717 DIST                 argc=4 site=70166E1C
gcalls seq=003528 caller=QUEST1 target=70168717 DIST                 argc=4 site=70166E1C
gcalls seq=003529 caller=QUEST1 target=70168717 DIST                 argc=4 site=70166E1C
gcalls seq=003530 caller=QUEST1 target=70168717 DIST                 argc=4 site=70166E1C
gcalls seq=003531 caller=QUEST2 target=70168717 DIST                 argc=4 site=70166E1C
gcalls seq=003535 caller=QUEST2 target=70168717 DIST                 argc=4 site=70166E1C
gcalls seq=003539 caller=QUEST2 target=70168717 DIST                 argc=4 site=70166E1C
gcalls seq=003543 caller=QUEST1 target=70168717 DIST                 argc=4 site=70166E1C
gcalls seq=003544 caller=QUEST2 target=70168717 DIST                 argc=4 site=70166E1C
gcalls seq=003548 caller=QUEST1 target=70168717 DIST                 argc=4 site=70166E1C
gcalls seq=003549 caller=QUEST1 target=70168717 DIST                 argc=4 site=70166E1C
gcalls seq=003550 caller=QUEST2 target=70168717 DIST                 argc=4 site=70166E1C
gcalls seq=003554 caller=QUEST2 target=70168717 DIST                 argc=4 site=70166E1C
gcalls seq=003558 caller=QUEST1 target=70168717 DIST                 argc=4 site=70166E1C
gcalls seq=003559 caller=QUEST1 target=70168717 DIST                 argc=4 site=70166E1C
gcalls seq=003560 caller=QUEST1 target=70168717 DIST                 argc=4 site=70166E1C
gcalls seq=003561 caller=QUEST2 target=70168717 DIST                 argc=4 site=70166E1C
gcalls seq=003565 caller=QUEST2 target=70168717 DIST                 argc=4 site=70166E1C
gcalls seq=003569 caller=QUEST2 target=70168717 DIST                 argc=4 site=70166E1C
gcalls seq=003573 caller=QUEST1 target=70168717 DIST                 argc=4 site=70166E1C
gcalls seq=003574 caller=QUEST1 target=70168717 DIST                 argc=4 site=70166E1C
gcalls seq=003575 caller=QUEST2 target=70168717 DIST                 argc=4 site=70166E1C
gcalls seq=003579 caller=QUEST2 target=70168717 DIST                 argc=4 site=70166E1C
gcalls seq=003583 caller=QUEST1 target=70168717 DIST                 argc=4 site=70166E1C
gcalls seq=003584 caller=QUEST2 target=70168717 DIST                 argc=4 site=70166E1C
gcalls seq=003588 caller=QUEST1 target=70168717 DIST                 argc=4 site=70166E1C
gcalls seq=003589 caller=QUEST1 target=70168717 DIST                 argc=4 site=70166E1C
gcalls seq=003590 caller=QUEST1 target=70168717 DIST                 argc=4 site=70166E1C
gcalls seq=003591 caller=QUEST2 target=70168717 DIST                 argc=4 site=70166E1C
gcalls seq=003595 caller=QUEST2 target=70168717 DIST                 argc=4 site=70166E1C
gcalls seq=003599 caller=QUEST2 target=70168717 DIST                 argc=4 site=70166E1C
gcalls seq=003603 caller=QUEST1 target=70168717 DIST                 argc=4 site=70166E1C
gcalls seq=003604 caller=QUEST1 target=70168717 DIST                 argc=4 site=70166E1C
gcalls seq=003605 caller=QUEST1 target=70168717 DIST                 argc=4 site=70166E1C
gcalls seq=003606 caller=QUEST2 target=70168717 DIST                 argc=4 site=70166E1C
gcalls seq=003610 caller=QUEST2 target=70168717 DIST                 argc=4 site=70166E1C
gcalls seq=003614 caller=QUEST2 target=70168717 DIST                 argc=4 site=70166E1C
gcalls seq=003616 caller=QUEST1 target=70168717 DIST                 argc=4 site=70166E1C
gcalls seq=003619 caller=QUEST2 target=70168717 DIST                 argc=4 site=70166E1C
gcalls seq=003622 caller=QUEST1 target=70168717 DIST                 argc=4 site=70166E1C
gcalls seq=003623 caller=QUEST1 target=70168717 DIST                 argc=4 site=70166E1C
gcalls seq=003625 caller=QUEST2 target=70168717 DIST                 argc=4 site=70166E1C
gcalls seq=003629 caller=QUEST2 target=70168717 DIST                 argc=4 site=70166E1C
gcalls seq=003633 caller=QUEST1 target=70168717 DIST                 argc=4 site=70166E1C
gcalls seq=003634 caller=QUEST1 target=70168717 DIST                 argc=4 site=70166E1C
gcalls seq=003635 caller=QUEST1 target=70168717 DIST                 argc=4 site=70166E1C
gcalls seq=003636 caller=QUEST2 target=70168717 DIST                 argc=4 site=70166E1C
gcalls seq=003640 caller=QUEST2 target=70168717 DIST                 argc=4 site=70166E1C
gcalls seq=003644 caller=QUEST2 target=70168717 DIST                 argc=4 site=70166E1C
gcalls seq=003648 caller=QUEST1 target=70168717 DIST                 argc=4 site=70166E1C
gcalls seq=003649 caller=QUEST1 target=70168717 DIST                 argc=4 site=70166E1C
gcalls seq=003650 caller=QUEST2 target=70168717 DIST                 argc=4 site=70166E1C
gcalls seq=003654 caller=QUEST2 target=70168717 DIST                 argc=4 site=70166E1C
gcalls seq=003657 caller=QUEST1 target=70168717 DIST                 argc=4 site=70166E1C
gcalls seq=003659 caller=QUEST2 target=70168717 DIST                 argc=4 site=70166E1C
gcalls seq=003663 caller=QUEST1 target=70168717 DIST                 argc=4 site=70166E1C
gcalls seq=003664 caller=QUEST1 target=70168717 DIST                 argc=4 site=70166E1C
gcalls seq=003665 caller=QUEST1 target=70168717 DIST                 argc=4 site=70166E1C
gcalls seq=003666 caller=QUEST2 target=70168717 DIST                 argc=4 site=70166E1C
gcalls seq=003670 caller=QUEST2 target=70168717 DIST                 argc=4 site=70166E1C
gcalls seq=003674 caller=QUEST2 target=70168717 DIST                 argc=4 site=70166E1C
gcalls seq=003678 caller=QUEST1 target=70168717 DIST                 argc=4 site=70166E1C
gcalls seq=003679 caller=QUEST1 target=70168717 DIST                 argc=4 site=70166E1C
gcalls seq=003680 caller=QUEST1 target=70168717 DIST                 argc=4 site=70166E1C
gcalls seq=003681 caller=QUEST2 target=70168717 DIST                 argc=4 site=70166E1C
gcalls seq=003685 caller=QUEST2 target=70168717 DIST                 argc=4 site=70166E1C
gcalls seq=003689 caller=QUEST2 target=70168717 DIST                 argc=4 site=70166E1C
gcalls seq=003692 caller=QUEST1 target=70168717 DIST                 argc=4 site=70166E1C
gcalls seq=003694 caller=QUEST2 target=70168717 DIST                 argc=4 site=70166E1C
gcalls seq=003697 caller=QUEST1 target=70168717 DIST                 argc=4 site=70166E1C
gcalls seq=003698 caller=QUEST1 target=70168717 DIST                 argc=4 site=70166E1C
gcalls seq=003700 caller=QUEST2 target=70168717 DIST                 argc=4 site=70166E1C
gcalls seq=003704 caller=QUEST2 target=70168717 DIST                 argc=4 site=70166E1C
gcalls seq=003708 caller=QUEST1 target=70168717 DIST                 argc=4 site=70166E1C
gcalls seq=003709 caller=QUEST1 target=70168717 DIST                 argc=4 site=70166E1C
gcalls seq=003710 caller=QUEST1 target=70168717 DIST                 argc=4 site=70166E1C
gcalls seq=003711 caller=QUEST2 target=70168717 DIST                 argc=4 site=70166E1C
gcalls seq=003715 caller=QUEST2 target=70168717 DIST                 argc=4 site=70166E1C
gcalls seq=003719 caller=QUEST2 target=70168717 DIST                 argc=4 site=70166E1C
gcalls seq=003723 caller=QUEST1 target=70168717 DIST                 argc=4 site=70166E1C
gcalls seq=003724 caller=QUEST2 target=70168717 DIST                 argc=4 site=70166E1C
gcalls seq=003728 caller=QUEST1 target=70168717 DIST                 argc=4 site=70166E1C
gcalls seq=003729 caller=QUEST1 target=70168717 DIST                 argc=4 site=70166E1C
gcalls seq=003730 caller=QUEST2 target=70168717 DIST                 argc=4 site=70166E1C
gcalls seq=003734 caller=QUEST2 target=70168717 DIST                 argc=4 site=70166E1C
gcalls seq=003738 caller=QUEST1 target=70168717 DIST                 argc=4 site=70166E1C
gcalls seq=003739 caller=QUEST1 target=70168717 DIST                 argc=4 site=70166E1C
gcalls seq=003740 caller=QUEST1 target=70168717 DIST                 argc=4 site=70166E1C
gcalls seq=003741 caller=QUEST2 target=70168717 DIST                 argc=4 site=70166E1C
gcalls seq=003745 caller=QUEST2 target=70168717 DIST                 argc=4 site=70166E1C
gcalls seq=003749 caller=QUEST2 target=70168717 DIST                 argc=4 site=70166E1C
gcalls seq=003753 caller=QUEST1 target=70168717 DIST                 argc=4 site=70166E1C
gcalls seq=003754 caller=QUEST2 target=70168717 DIST                 argc=4 site=70166E1C
gcalls seq=003758 caller=QUEST1 target=70168717 DIST                 argc=4 site=70166E1C
gcalls seq=003759 caller=QUEST1 target=70168717 DIST                 argc=4 site=70166E1C
gcalls seq=003760 caller=QUEST2 target=70168717 DIST                 argc=4 site=70166E1C
gcalls seq=003764 caller=QUEST2 target=70168717 DIST                 argc=4 site=70166E1C
gcalls seq=003768 caller=QUEST1 target=70168717 DIST                 argc=4 site=70166E1C
gcalls seq=003769 caller=QUEST1 target=70168717 DIST                 argc=4 site=70166E1C
gcalls seq=003770 caller=QUEST1 target=70168717 DIST                 argc=4 site=70166E1C
gcalls seq=003771 caller=QUEST2 target=70168717 DIST                 argc=4 site=70166E1C
gcalls seq=003775 caller=QUEST2 target=70168717 DIST                 argc=4 site=70166E1C
gcalls seq=003779 caller=QUEST2 target=70168717 DIST                 argc=4 site=70166E1C
gcalls seq=003783 caller=QUEST1 target=70168717 DIST                 argc=4 site=70166E1C
gcalls seq=003784 caller=QUEST1 target=70168717 DIST                 argc=4 site=70166E1C
gcalls seq=003785 caller=QUEST2 target=70168717 DIST                 argc=4 site=70166E1C
gcalls seq=003789 caller=QUEST2 target=70168717 DIST                 argc=4 site=70166E1C
gcalls seq=003793 caller=QUEST1 target=70168717 DIST                 argc=4 site=70166E1C
gcalls seq=003794 caller=QUEST2 target=70168717 DIST                 argc=4 site=70166E1C
gcalls seq=003798 caller=QUEST1 target=70168717 DIST                 argc=4 site=70166E1C
gcalls seq=003799 caller=QUEST1 target=70168717 DIST                 argc=4 site=70166E1C
gcalls seq=003800 caller=QUEST1 target=70168717 DIST                 argc=4 site=70166E1C
gcalls seq=003801 caller=QUEST2 target=70168717 DIST                 argc=4 site=70166E1C
gcalls seq=003805 caller=QUEST2 target=70168717 DIST                 argc=4 site=70166E1C
gcalls seq=003809 caller=QUEST2 target=70168717 DIST                 argc=4 site=70166E1C
gcalls seq=003813 caller=QUEST1 target=70168717 DIST                 argc=4 site=70166E1C
gcalls seq=003814 caller=QUEST1 target=70168717 DIST                 argc=4 site=70166E1C
gcalls seq=003815 caller=QUEST1 target=70168717 DIST                 argc=4 site=70166E1C
gcalls seq=003816 caller=QUEST2 target=70168717 DIST                 argc=4 site=70166E1C
gcalls seq=003820 caller=QUEST2 target=70168717 DIST                 argc=4 site=70166E1C
gcalls seq=003824 caller=QUEST2 target=70168717 DIST                 argc=4 site=70166E1C
gcalls seq=003828 caller=QUEST1 target=70168717 DIST                 argc=4 site=70166E1C
gcalls seq=003829 caller=QUEST1 target=70168717 DIST                 argc=4 site=70166E1C
gcalls seq=003830 caller=QUEST2 target=70168717 DIST                 argc=4 site=70166E1C
gcalls seq=003834 caller=QUEST2 target=70168717 DIST                 argc=4 site=70166E1C
gcalls seq=003836 caller=QUEST1 target=70168717 DIST                 argc=4 site=70166E1C
gcalls seq=003839 caller=QUEST2 target=70168717 DIST                 argc=4 site=70166E1C
gcalls seq=003843 caller=QUEST1 target=70168717 DIST                 argc=4 site=70166E1C
gcalls seq=003844 caller=QUEST1 target=70168717 DIST                 argc=4 site=70166E1C
gcalls seq=003845 caller=QUEST1 target=70168717 DIST                 argc=4 site=70166E1C
gcalls seq=003846 caller=QUEST2 target=70168717 DIST                 argc=4 site=70166E1C
gcalls seq=003850 caller=QUEST2 target=70168717 DIST                 argc=4 site=70166E1C
gcalls seq=003854 caller=QUEST2 target=70168717 DIST                 argc=4 site=70166E1C
gcalls seq=003858 caller=QUEST1 target=70168717 DIST                 argc=4 site=70166E1C
gcalls seq=003859 caller=QUEST1 target=70168717 DIST                 argc=4 site=70166E1C
gcalls seq=003860 caller=QUEST1 target=70168717 DIST                 argc=4 site=70166E1C
gcalls seq=003861 caller=QUEST2 target=70168717 DIST                 argc=4 site=70166E1C
gcalls seq=003865 caller=QUEST2 target=70168717 DIST                 argc=4 site=70166E1C
gcalls seq=003869 caller=QUEST2 target=70168717 DIST                 argc=4 site=70166E1C
gcalls seq=003872 caller=QUEST1 target=70168717 DIST                 argc=4 site=70166E1C
gcalls seq=003874 caller=QUEST2 target=70168717 DIST                 argc=4 site=70166E1C
gcalls seq=003877 caller=QUEST1 target=70168717 DIST                 argc=4 site=70166E1C
gcalls seq=003878 caller=QUEST1 target=70168717 DIST                 argc=4 site=70166E1C
gcalls seq=003880 caller=QUEST2 target=70168717 DIST                 argc=4 site=70166E1C
gcalls seq=003884 caller=QUEST2 target=70168717 DIST                 argc=4 site=70166E1C
gcalls seq=003888 caller=QUEST1 target=70168717 DIST                 argc=4 site=70166E1C
gcalls seq=003889 caller=QUEST1 target=70168717 DIST                 argc=4 site=70166E1C
gcalls seq=003890 caller=QUEST1 target=70168717 DIST                 argc=4 site=70166E1C
gcalls seq=003891 caller=QUEST2 target=70168717 DIST                 argc=4 site=70166E1C
gcalls seq=003895 caller=QUEST2 target=70168717 DIST                 argc=4 site=70166E1C
gcalls seq=003899 caller=QUEST2 target=70168717 DIST                 argc=4 site=70166E1C
gcalls seq=003903 caller=QUEST1 target=70168717 DIST                 argc=4 site=70166E1C
gcalls seq=003904 caller=QUEST1 target=70168717 DIST                 argc=4 site=70166E1C
gcalls seq=003905 caller=QUEST2 target=70168717 DIST                 argc=4 site=70166E1C
gcalls seq=003909 caller=QUEST2 target=70168717 DIST                 argc=4 site=70166E1C
gcalls seq=003912 caller=QUEST1 target=70168717 DIST                 argc=4 site=70166E1C
gcalls seq=003914 caller=QUEST2 target=70168717 DIST                 argc=4 site=70166E1C
gcalls seq=003918 caller=QUEST1 target=7017CD71 TERRITORY            argc=6 site=701670EE
gcalls seq=003919 caller=QUEST2 target=7017CD71 TERRITORY            argc=6 site=701670EE
gcalls seq=003976 caller=QUEST1 target=7017D0ED TOWER_ATTACK         argc=1 site=701788EB
gcalls seq=003978 caller=QUEST2 target=7017D0ED TOWER_ATTACK         argc=1 site=701788EB
gcalls seq=003987 caller=QUEST1 target=70176C0B REPORT               argc=0 site=701788EF
gcalls seq=003988 caller=QUEST1 target=7017B42F THIEF                argc=1 site=701788F6
gcalls seq=003989 caller=QUEST1 target=70161CBF CATAPULT             argc=1 site=701788FD
gcalls seq=003991 caller=QUEST2 target=70176C0B REPORT               argc=0 site=701788EF
gcalls seq=003994 caller=QUEST2 target=7017B42F THIEF                argc=1 site=701788F6
gcalls seq=003997 caller=QUEST2 target=70161CBF CATAPULT             argc=1 site=701788FD
gcalls seq=003999 caller=QUEST1 target=70165863 DEFEND               argc=0 site=7017892C
gcalls seq=004001 caller=QUEST2 target=70165863 DEFEND               argc=0 site=7017892C
gcalls seq=004003 caller=QUEST1 target=701674B5 DISPLAY_INVENTORY    argc=1 site=701789E0
gcalls seq=004005 caller=QUEST2 target=701674B5 DISPLAY_INVENTORY    argc=1 site=701789E0
gcalls seq=004006 caller=QUEST1 target=701674B5 DISPLAY_INVENTORY    argc=1 site=70178BF9
gcalls seq=004007 caller=QUEST2 target=701674B5 DISPLAY_INVENTORY    argc=1 site=70178BF9
gcalls seq=004015 caller=QUEST1 target=7016AA35 GET_INPUT            argc=1 site=70178C3B
gcalls seq=004016 caller=QUEST2 target=7016AA35 GET_INPUT            argc=1 site=70178C3B
gcalls seq=004047 caller=QUEST1 target=701674B5 DISPLAY_INVENTORY    argc=1 site=70178BF9
gcalls seq=004048 caller=QUEST2 target=701674B5 DISPLAY_INVENTORY    argc=1 site=70178BF9
gcalls seq=004056 caller=QUEST1 target=7016AA35 GET_INPUT            argc=1 site=70178C3B
gcalls seq=004057 caller=QUEST2 target=7016AA35 GET_INPUT            argc=1 site=70178C3B
gcalls seq=004088 caller=QUEST1 target=7015FA73 AUTO_MOVE            argc=2 site=70178D52
gcalls seq=004089 caller=QUEST2 target=7015FA73 AUTO_MOVE            argc=2 site=70178D52
gcalls seq=004099 caller=QUEST1 target=7016AA35 GET_INPUT            argc=1 site=7015FAA2
gcalls seq=004100 caller=QUEST2 target=7016AA35 GET_INPUT            argc=1 site=7015FAA2
gcalls seq=004124 caller=QUEST1 target=701766ED READ_IN              argc=0 site=7015FB7A
gcalls seq=004125 caller=QUEST2 target=701766ED READ_IN              argc=0 site=7015FB7A
gcalls seq=004149 caller=QUEST1 target=7015FBA7 -                    argc=0 site=7017EE3D
gcalls seq=004156 caller=QUEST1 target=701674B5 DISPLAY_INVENTORY    argc=1 site=70178BF9
gcalls seq=004157 caller=QUEST2 target=701674B5 DISPLAY_INVENTORY    argc=1 site=70178BF9
gcalls seq=004165 caller=QUEST1 target=7016AA35 GET_INPUT            argc=1 site=70178C3B
gcalls seq=004166 caller=QUEST2 target=7016AA35 GET_INPUT            argc=1 site=70178C3B
