gcalls seq=000076 caller=QUEST1 target=7015C005 QUEST                argc=0 site=7017EA51
gcalls seq=000077 caller=QUEST2 target=7015C005 QUEST                argc=0 site=7017EA51
gcalls seq=000143 caller=QUEST1 target=701766ED READ_IN              argc=0 site=7015C05F
gcalls seq=000144 caller=QUEST2 target=701766ED READ_IN              argc=0 site=7015C05F
gcalls seq=000158 caller=QUEST1 target=70175E9F LOGON                argc=0 site=7015C283
gcalls seq=000159 caller=QUEST2 target=70175E9F LOGON                argc=0 site=7015C283
gcalls seq=000195 caller=QUEST1 target=701766ED READ_IN              argc=0 site=70175F6B
gcalls seq=000196 caller=QUEST2 target=701766ED READ_IN              argc=0 site=70175F6B
gcalls seq=000218 caller=QUEST1 target=701766ED READ_IN              argc=0 site=70175FD3
gcalls seq=000219 caller=QUEST2 target=701766ED READ_IN              argc=0 site=70175FD3
gcalls seq=000264 caller=QUEST1 target=7016AA35 GET_INPUT            argc=1 site=701760C4
gcalls seq=000265 caller=QUEST2 target=7016AA35 GET_INPUT            argc=1 site=701760C4
gcalls seq=000294 caller=QUEST_SERVER target=7017B501 PICK_X_Y             argc=2 site=7017AD25
gcalls seq=000295 caller=QUEST_SERVER target=7017C098 ROLL32               argc=0 site=7017E21A
gcalls seq=000296 caller=QUEST_SERVER target=7017C098 ROLL32               argc=0 site=7017E21A
gcalls seq=000297 caller=QUEST_SERVER target=7017C098 ROLL32               argc=0 site=7017E21A
gcalls seq=000298 caller=QUEST_SERVER target=70178F4D FIND_OBJECT          argc=3 site=7017AD2F
gcalls seq=000299 caller=QUEST_SERVER target=7017C13B TERRITORY            argc=6 site=7017AD41
gcalls seq=000300 caller=QUEST_SERVER target=701782E8 SQR31?3              argc=0 site=7017C33E
gcalls seq=000301 caller=QUEST_SERVER target=701782E8 SQR31?3              argc=0 site=7017C33E
gcalls seq=000302 caller=QUEST_SERVER target=701782E8 SQR31?3              argc=0 site=7017C33E
gcalls seq=000303 caller=QUEST_SERVER target=701782E8 SQR31?3              argc=0 site=7017C33E
gcalls seq=000304 caller=QUEST_SERVER target=701782E8 SQR31?3              argc=0 site=7017C33E
gcalls seq=000305 caller=QUEST_SERVER target=701782E8 SQR31?3              argc=0 site=7017C33E
gcalls seq=000306 caller=QUEST_SERVER target=701782E8 SQR31?3              argc=0 site=7017C33E
gcalls seq=000307 caller=QUEST_SERVER target=701782E8 SQR31?3              argc=0 site=7017C33E
gcalls seq=000308 caller=QUEST_SERVER target=701782E8 SQR31?3              argc=0 site=7017C33E
gcalls seq=000309 caller=QUEST_SERVER target=701782E8 SQR31?3              argc=0 site=7017C33E
gcalls seq=000310 caller=QUEST_SERVER target=701782E8 SQR31?3              argc=0 site=7017C33E
gcalls seq=000311 caller=QUEST_SERVER target=701782E8 SQR31?3              argc=0 site=7017C33E
gcalls seq=000312 caller=QUEST_SERVER target=701782E8 SQR31?3              argc=0 site=7017C33E
gcalls seq=000313 caller=QUEST_SERVER target=701782E8 SQR31?3              argc=0 site=7017C33E
gcalls seq=000314 caller=QUEST_SERVER target=701782E8 SQR31?3              argc=0 site=7017C33E
gcalls seq=000315 caller=QUEST_SERVER target=701782E8 SQR31?3              argc=0 site=7017C33E
gcalls seq=000316 caller=QUEST_SERVER target=701782E8 SQR31?3              argc=0 site=7017C33E
gcalls seq=000317 caller=QUEST_SERVER target=701782E8 SQR31?3              argc=0 site=7017C33E
gcalls seq=000318 caller=QUEST_SERVER target=701782E8 SQR31?3              argc=0 site=7017C33E
gcalls seq=000319 caller=QUEST_SERVER target=701782E8 SQR31?3              argc=0 site=7017C33E
gcalls seq=000320 caller=QUEST_SERVER target=701782E8 SQR31?3              argc=0 site=7017C33E
gcalls seq=000321 caller=QUEST_SERVER target=701782E8 SQR31?3              argc=0 site=7017C33E
gcalls seq=000322 caller=QUEST_SERVER target=701782E8 SQR31?3              argc=0 site=7017C33E
gcalls seq=000323 caller=QUEST_SERVER target=701782E8 SQR31?3              argc=0 site=7017C33E
gcalls seq=000324 caller=QUEST_SERVER target=701782E8 SQR31?3              argc=0 site=7017C33E
gcalls seq=000325 caller=QUEST_SERVER target=701782E8 SQR31?3              argc=0 site=7017C33E
gcalls seq=000326 caller=QUEST_SERVER target=701782E8 SQR31?3              argc=0 site=7017C33E
gcalls seq=000327 caller=QUEST_SERVER target=701782E8 SQR31?3              argc=0 site=7017C33E
gcalls seq=000328 caller=QUEST_SERVER target=701782E8 SQR31?3              argc=0 site=7017C33E
gcalls seq=000329 caller=QUEST_SERVER target=701782E8 SQR31?3              argc=0 site=7017C33E
gcalls seq=000330 caller=QUEST_SERVER target=701782E8 SQR31?3              argc=0 site=7017C33E
gcalls seq=000331 caller=QUEST_SERVER target=701782E8 SQR31?3              argc=0 site=7017C33E
gcalls seq=000332 caller=QUEST_SERVER target=701782E8 SQR31?3              argc=0 site=7017C33E
gcalls seq=000333 caller=QUEST_SERVER target=701782E8 SQR31?3              argc=0 site=7017C33E
gcalls seq=000334 caller=QUEST_SERVER target=701782E8 SQR31?3              argc=0 site=7017C33E
gcalls seq=000335 caller=QUEST_SERVER target=701782E8 SQR31?3              argc=0 site=7017C33E
gcalls seq=000336 caller=QUEST_SERVER target=701782E8 SQR31?3              argc=0 site=7017C33E
gcalls seq=000337 caller=QUEST_SERVER target=701782E8 SQR31?3              argc=0 site=7017C33E
gcalls seq=000338 caller=QUEST_SERVER target=701782E8 SQR31?3              argc=0 site=7017C33E
gcalls seq=000339 caller=QUEST_SERVER target=701782E8 SQR31?3              argc=0 site=7017C33E
gcalls seq=000340 caller=QUEST_SERVER target=701782E8 SQR31?3              argc=0 site=7017C33E
gcalls seq=000341 caller=QUEST_SERVER target=701782E8 SQR31?3              argc=0 site=7017C33E
gcalls seq=000342 caller=QUEST_SERVER target=701782E8 SQR31?3              argc=0 site=7017C33E
gcalls seq=000343 caller=QUEST_SERVER target=701782E8 SQR31?3              argc=0 site=7017C33E
gcalls seq=000344 caller=QUEST_SERVER target=701782E8 SQR31?3              argc=0 site=7017C33E
gcalls seq=000345 caller=QUEST_SERVER target=701782E8 SQR31?3              argc=0 site=7017C33E
gcalls seq=000346 caller=QUEST_SERVER target=701782E8 SQR31?3              argc=0 site=7017C33E
gcalls seq=000347 caller=QUEST_SERVER target=701782E8 SQR31?3              argc=0 site=7017C33E
gcalls seq=000348 caller=QUEST_SERVER target=701782E8 SQR31?3              argc=0 site=7017C33E
gcalls seq=000349 caller=QUEST_SERVER target=701782E8 SQR31?3              argc=0 site=7017C33E
gcalls seq=000350 caller=QUEST_SERVER target=701782E8 SQR31?3              argc=0 site=7017C33E
gcalls seq=000351 caller=QUEST_SERVER target=701782E8 SQR31?3              argc=0 site=7017C33E
gcalls seq=000352 caller=QUEST_SERVER target=701782E8 SQR31?3              argc=0 site=7017C33E
gcalls seq=000353 caller=QUEST_SERVER target=701782E8 SQR31?3              argc=0 site=7017C33E
gcalls seq=000354 caller=QUEST_SERVER target=701782E8 SQR31?3              argc=0 site=7017C33E
gcalls seq=000355 caller=QUEST_SERVER target=701782E8 SQR31?3              argc=0 site=7017C33E
gcalls seq=000356 caller=QUEST_SERVER target=701782E8 SQR31?3              argc=0 site=7017C33E
gcalls seq=000357 caller=QUEST_SERVER target=701782E8 SQR31?3              argc=0 site=7017C33E
gcalls seq=000358 caller=QUEST_SERVER target=701782E8 SQR31?3              argc=0 site=7017C33E
gcalls seq=000359 caller=QUEST_SERVER target=701782E8 SQR31?3              argc=0 site=7017C33E
gcalls seq=000360 caller=QUEST_SERVER target=701782E8 SQR31?3              argc=0 site=7017C33E
gcalls seq=000361 caller=QUEST_SERVER target=701782E8 SQR31?3              argc=0 site=7017C33E
gcalls seq=000362 caller=QUEST_SERVER target=701782E8 SQR31?3              argc=0 site=7017C33E
gcalls seq=000363 caller=QUEST_SERVER target=701782E8 SQR31?3              argc=0 site=7017C33E
gcalls seq=000364 caller=QUEST_SERVER target=701782E8 SQR31?3              argc=0 site=7017C33E
gcalls seq=000365 caller=QUEST_SERVER target=701782E8 SQR31?3              argc=0 site=7017C33E
gcalls seq=000366 caller=QUEST_SERVER target=701782E8 SQR31?3              argc=0 site=7017C33E
gcalls seq=000367 caller=QUEST_SERVER target=701782E8 SQR31?3              argc=0 site=7017C33E
gcalls seq=000368 caller=QUEST_SERVER target=701782E8 SQR31?3              argc=0 site=7017C33E
gcalls seq=000369 caller=QUEST_SERVER target=701782E8 SQR31?3              argc=0 site=7017C33E
gcalls seq=000370 caller=QUEST_SERVER target=701782E8 SQR31?3              argc=0 site=7017C33E
gcalls seq=000371 caller=QUEST_SERVER target=701782E8 SQR31?3              argc=0 site=7017C33E
gcalls seq=000372 caller=QUEST_SERVER target=701782E8 SQR31?3              argc=0 site=7017C33E
gcalls seq=000373 caller=QUEST_SERVER target=701782E8 SQR31?3              argc=0 site=7017C33E
gcalls seq=000374 caller=QUEST_SERVER target=701782E8 SQR31?3              argc=0 site=7017C33E
gcalls seq=000375 caller=QUEST_SERVER target=701782E8 SQR31?3              argc=0 site=7017C33E
gcalls seq=000376 caller=QUEST_SERVER target=701782E8 SQR31?3              argc=0 site=7017C33E
gcalls seq=000377 caller=QUEST_SERVER target=701782E8 SQR31?3              argc=0 site=7017C33E
gcalls seq=000378 caller=QUEST_SERVER target=701782E8 SQR31?3              argc=0 site=7017C33E
gcalls seq=000379 caller=QUEST_SERVER target=701782E8 SQR31?3              argc=0 site=7017C33E
gcalls seq=000380 caller=QUEST_SERVER target=701782E8 SQR31?3              argc=0 site=7017C33E
gcalls seq=000381 caller=QUEST_SERVER target=701782E8 SQR31?3              argc=0 site=7017C33E
gcalls seq=000382 caller=QUEST_SERVER target=701782E8 SQR31?3              argc=0 site=7017C33E
gcalls seq=000383 caller=QUEST_SERVER target=701782E8 SQR31?3              argc=0 site=7017C33E
gcalls seq=000384 caller=QUEST_SERVER target=701782E8 SQR31?3              argc=0 site=7017C33E
gcalls seq=000385 caller=QUEST_SERVER target=701782E8 SQR31?3              argc=0 site=7017C33E
gcalls seq=000386 caller=QUEST_SERVER target=701782E8 SQR31?3              argc=0 site=7017C33E
gcalls seq=000387 caller=QUEST_SERVER target=701782E8 SQR31?3              argc=0 site=7017C33E
gcalls seq=000388 caller=QUEST_SERVER target=701782E8 SQR31?3              argc=0 site=7017C33E
gcalls seq=000389 caller=QUEST_SERVER target=701782E8 SQR31?3              argc=0 site=7017C33E
gcalls seq=000390 caller=QUEST_SERVER target=701782E8 SQR31?3              argc=0 site=7017C33E
gcalls seq=000391 caller=QUEST_SERVER target=701782E8 SQR31?3              argc=0 site=7017C33E
gcalls seq=000392 caller=QUEST_SERVER target=701782E8 SQR31?3              argc=0 site=7017C33E
gcalls seq=000393 caller=QUEST_SERVER target=701782E8 SQR31?3              argc=0 site=7017C33E
gcalls seq=000394 caller=QUEST_SERVER target=701782E8 SQR31?3              argc=0 site=7017C33E
gcalls seq=000395 caller=QUEST_SERVER target=701782E8 SQR31?3              argc=0 site=7017C33E
gcalls seq=000396 caller=QUEST_SERVER target=701782E8 SQR31?3              argc=0 site=7017C33E
gcalls seq=000397 caller=QUEST_SERVER target=701782E8 SQR31?3              argc=0 site=7017C33E
gcalls seq=000398 caller=QUEST_SERVER target=701782E8 SQR31?3              argc=0 site=7017C33E
gcalls seq=000399 caller=QUEST_SERVER target=701782E8 SQR31?3              argc=0 site=7017C33E
gcalls seq=000400 caller=QUEST_SERVER target=701782E8 SQR31?3              argc=0 site=7017C33E
gcalls seq=000401 caller=QUEST_SERVER target=701782E8 SQR31?3              argc=0 site=7017C33E
gcalls seq=000402 caller=QUEST_SERVER target=701782E8 SQR31?3              argc=0 site=7017C33E
gcalls seq=000403 caller=QUEST_SERVER target=701782E8 SQR31?3              argc=0 site=7017C33E
gcalls seq=000404 caller=QUEST_SERVER target=701782E8 SQR31?3              argc=0 site=7017C33E
gcalls seq=000405 caller=QUEST_SERVER target=701782E8 SQR31?3              argc=0 site=7017C33E
gcalls seq=000406 caller=QUEST_SERVER target=701782E8 SQR31?3              argc=0 site=7017C33E
gcalls seq=000407 caller=QUEST_SERVER target=701782E8 SQR31?3              argc=0 site=7017C33E
gcalls seq=000408 caller=QUEST_SERVER target=701782E8 SQR31?3              argc=0 site=7017C33E
gcalls seq=000409 caller=QUEST_SERVER target=701782E8 SQR31?3              argc=0 site=7017C33E
gcalls seq=000410 caller=QUEST_SERVER target=701782E8 SQR31?3              argc=0 site=7017C33E
gcalls seq=000411 caller=QUEST_SERVER target=701782E8 SQR31?3              argc=0 site=7017C33E
gcalls seq=000412 caller=QUEST_SERVER target=701782E8 SQR31?3              argc=0 site=7017C33E
gcalls seq=000413 caller=QUEST_SERVER target=701782E8 SQR31?3              argc=0 site=7017C33E
gcalls seq=000414 caller=QUEST_SERVER target=701782E8 SQR31?3              argc=0 site=7017C33E
gcalls seq=000415 caller=QUEST_SERVER target=701782E8 SQR31?3              argc=0 site=7017C33E
gcalls seq=000416 caller=QUEST_SERVER target=7017B501 PICK_X_Y             argc=2 site=7017AD25
gcalls seq=000417 caller=QUEST_SERVER target=7017C098 ROLL32               argc=0 site=7017E21A
gcalls seq=000418 caller=QUEST_SERVER target=7017C098 ROLL32               argc=0 site=7017E21A
gcalls seq=000419 caller=QUEST_SERVER target=7017C098 ROLL32               argc=0 site=7017E21A
gcalls seq=000420 caller=QUEST_SERVER target=70178F4D FIND_OBJECT          argc=3 site=7017AD2F
gcalls seq=000421 caller=QUEST_SERVER target=7017C13B TERRITORY            argc=6 site=7017AD41
gcalls seq=000422 caller=QUEST_SERVER target=701782E8 SQR31?3              argc=0 site=7017C33E
gcalls seq=000423 caller=QUEST_SERVER target=701782E8 SQR31?3              argc=0 site=7017C33E
gcalls seq=000424 caller=QUEST_SERVER target=701782E8 SQR31?3              argc=0 site=7017C33E
gcalls seq=000425 caller=QUEST_SERVER target=701782E8 SQR31?3              argc=0 site=7017C33E
gcalls seq=000426 caller=QUEST_SERVER target=701782E8 SQR31?3              argc=0 site=7017C33E
gcalls seq=000427 caller=QUEST_SERVER target=701782E8 SQR31?3              argc=0 site=7017C33E
gcalls seq=000428 caller=QUEST_SERVER target=701782E8 SQR31?3              argc=0 site=7017C33E
gcalls seq=000429 caller=QUEST_SERVER target=701782E8 SQR31?3              argc=0 site=7017C33E
gcalls seq=000430 caller=QUEST_SERVER target=701782E8 SQR31?3              argc=0 site=7017C33E
gcalls seq=000431 caller=QUEST_SERVER target=701782E8 SQR31?3              argc=0 site=7017C33E
gcalls seq=000432 caller=QUEST_SERVER target=701782E8 SQR31?3              argc=0 site=7017C33E
gcalls seq=000433 caller=QUEST_SERVER target=701782E8 SQR31?3              argc=0 site=7017C33E
gcalls seq=000434 caller=QUEST_SERVER target=701782E8 SQR31?3              argc=0 site=7017C33E
gcalls seq=000435 caller=QUEST_SERVER target=701782E8 SQR31?3              argc=0 site=7017C33E
gcalls seq=000436 caller=QUEST_SERVER target=701782E8 SQR31?3              argc=0 site=7017C33E
gcalls seq=000437 caller=QUEST_SERVER target=701782E8 SQR31?3              argc=0 site=7017C33E
gcalls seq=000438 caller=QUEST_SERVER target=701782E8 SQR31?3              argc=0 site=7017C33E
gcalls seq=000439 caller=QUEST_SERVER target=701782E8 SQR31?3              argc=0 site=7017C33E
gcalls seq=000440 caller=QUEST_SERVER target=701782E8 SQR31?3              argc=0 site=7017C33E
gcalls seq=000441 caller=QUEST_SERVER target=701782E8 SQR31?3              argc=0 site=7017C33E
gcalls seq=000442 caller=QUEST_SERVER target=701782E8 SQR31?3              argc=0 site=7017C33E
gcalls seq=000443 caller=QUEST_SERVER target=701782E8 SQR31?3              argc=0 site=7017C33E
gcalls seq=000444 caller=QUEST_SERVER target=701782E8 SQR31?3              argc=0 site=7017C33E
gcalls seq=000445 caller=QUEST_SERVER target=701782E8 SQR31?3              argc=0 site=7017C33E
gcalls seq=000446 caller=QUEST_SERVER target=701782E8 SQR31?3              argc=0 site=7017C33E
gcalls seq=000447 caller=QUEST_SERVER target=701782E8 SQR31?3              argc=0 site=7017C33E
gcalls seq=000448 caller=QUEST_SERVER target=701782E8 SQR31?3              argc=0 site=7017C33E
gcalls seq=000449 caller=QUEST_SERVER target=701782E8 SQR31?3              argc=0 site=7017C33E
gcalls seq=000450 caller=QUEST_SERVER target=701782E8 SQR31?3              argc=0 site=7017C33E
gcalls seq=000451 caller=QUEST_SERVER target=701782E8 SQR31?3              argc=0 site=7017C33E
gcalls seq=000452 caller=QUEST_SERVER target=701782E8 SQR31?3              argc=0 site=7017C33E
gcalls seq=000453 caller=QUEST_SERVER target=701782E8 SQR31?3              argc=0 site=7017C33E
gcalls seq=000454 caller=QUEST_SERVER target=701782E8 SQR31?3              argc=0 site=7017C33E
gcalls seq=000455 caller=QUEST_SERVER target=701782E8 SQR31?3              argc=0 site=7017C33E
gcalls seq=000456 caller=QUEST_SERVER target=701782E8 SQR31?3              argc=0 site=7017C33E
gcalls seq=000457 caller=QUEST_SERVER target=701782E8 SQR31?3              argc=0 site=7017C33E
gcalls seq=000458 caller=QUEST_SERVER target=701782E8 SQR31?3              argc=0 site=7017C33E
gcalls seq=000459 caller=QUEST_SERVER target=701782E8 SQR31?3              argc=0 site=7017C33E
gcalls seq=000460 caller=QUEST_SERVER target=701782E8 SQR31?3              argc=0 site=7017C33E
gcalls seq=000461 caller=QUEST_SERVER target=701782E8 SQR31?3              argc=0 site=7017C33E
gcalls seq=000462 caller=QUEST_SERVER target=701782E8 SQR31?3              argc=0 site=7017C33E
gcalls seq=000463 caller=QUEST_SERVER target=701782E8 SQR31?3              argc=0 site=7017C33E
gcalls seq=000464 caller=QUEST_SERVER target=701782E8 SQR31?3              argc=0 site=7017C33E
gcalls seq=000465 caller=QUEST_SERVER target=701782E8 SQR31?3              argc=0 site=7017C33E
gcalls seq=000466 caller=QUEST_SERVER target=701782E8 SQR31?3              argc=0 site=7017C33E
gcalls seq=000467 caller=QUEST_SERVER target=701782E8 SQR31?3              argc=0 site=7017C33E
gcalls seq=000468 caller=QUEST_SERVER target=701782E8 SQR31?3              argc=0 site=7017C33E
gcalls seq=000469 caller=QUEST_SERVER target=701782E8 SQR31?3              argc=0 site=7017C33E
gcalls seq=000470 caller=QUEST_SERVER target=701782E8 SQR31?3              argc=0 site=7017C33E
gcalls seq=000471 caller=QUEST_SERVER target=701782E8 SQR31?3              argc=0 site=7017C33E
gcalls seq=000472 caller=QUEST_SERVER target=701782E8 SQR31?3              argc=0 site=7017C33E
gcalls seq=000473 caller=QUEST_SERVER target=701782E8 SQR31?3              argc=0 site=7017C33E
gcalls seq=000474 caller=QUEST_SERVER target=701782E8 SQR31?3              argc=0 site=7017C33E
gcalls seq=000475 caller=QUEST_SERVER target=701782E8 SQR31?3              argc=0 site=7017C33E
gcalls seq=000476 caller=QUEST_SERVER target=701782E8 SQR31?3              argc=0 site=7017C33E
gcalls seq=000477 caller=QUEST_SERVER target=701782E8 SQR31?3              argc=0 site=7017C33E
gcalls seq=000478 caller=QUEST_SERVER target=701782E8 SQR31?3              argc=0 site=7017C33E
gcalls seq=000479 caller=QUEST_SERVER target=701782E8 SQR31?3              argc=0 site=7017C33E
gcalls seq=000480 caller=QUEST_SERVER target=701782E8 SQR31?3              argc=0 site=7017C33E
gcalls seq=000481 caller=QUEST_SERVER target=701782E8 SQR31?3              argc=0 site=7017C33E
gcalls seq=000482 caller=QUEST_SERVER target=701782E8 SQR31?3              argc=0 site=7017C33E
gcalls seq=000483 caller=QUEST_SERVER target=701782E8 SQR31?3              argc=0 site=7017C33E
gcalls seq=000484 caller=QUEST_SERVER target=701782E8 SQR31?3              argc=0 site=7017C33E
gcalls seq=000485 caller=QUEST_SERVER target=701782E8 SQR31?3              argc=0 site=7017C33E
gcalls seq=000486 caller=QUEST_SERVER target=701782E8 SQR31?3              argc=0 site=7017C33E
gcalls seq=000487 caller=QUEST_SERVER target=701782E8 SQR31?3              argc=0 site=7017C33E
gcalls seq=000488 caller=QUEST_SERVER target=701782E8 SQR31?3              argc=0 site=7017C33E
gcalls seq=000489 caller=QUEST_SERVER target=701782E8 SQR31?3              argc=0 site=7017C33E
gcalls seq=000490 caller=QUEST_SERVER target=701782E8 SQR31?3              argc=0 site=7017C33E
gcalls seq=000491 caller=QUEST_SERVER target=701782E8 SQR31?3              argc=0 site=7017C33E
gcalls seq=000492 caller=QUEST_SERVER target=701782E8 SQR31?3              argc=0 site=7017C33E
gcalls seq=000493 caller=QUEST_SERVER target=701782E8 SQR31?3              argc=0 site=7017C33E
gcalls seq=000494 caller=QUEST_SERVER target=701782E8 SQR31?3              argc=0 site=7017C33E
gcalls seq=000495 caller=QUEST_SERVER target=701782E8 SQR31?3              argc=0 site=7017C33E
gcalls seq=000496 caller=QUEST_SERVER target=701782E8 SQR31?3              argc=0 site=7017C33E
gcalls seq=000497 caller=QUEST_SERVER target=701782E8 SQR31?3              argc=0 site=7017C33E
gcalls seq=000498 caller=QUEST_SERVER target=701782E8 SQR31?3              argc=0 site=7017C33E
gcalls seq=000499 caller=QUEST_SERVER target=701782E8 SQR31?3              argc=0 site=7017C33E
gcalls seq=000500 caller=QUEST_SERVER target=701782E8 SQR31?3              argc=0 site=7017C33E
gcalls seq=000501 caller=QUEST_SERVER target=701782E8 SQR31?3              argc=0 site=7017C33E
gcalls seq=000502 caller=QUEST_SERVER target=701782E8 SQR31?3              argc=0 site=7017C33E
gcalls seq=000503 caller=QUEST_SERVER target=701782E8 SQR31?3              argc=0 site=7017C33E
gcalls seq=000504 caller=QUEST_SERVER target=701782E8 SQR31?3              argc=0 site=7017C33E
gcalls seq=000505 caller=QUEST_SERVER target=701782E8 SQR31?3              argc=0 site=7017C33E
gcalls seq=000506 caller=QUEST_SERVER target=701782E8 SQR31?3              argc=0 site=7017C33E
gcalls seq=000507 caller=QUEST_SERVER target=701782E8 SQR31?3              argc=0 site=7017C33E
gcalls seq=000508 caller=QUEST_SERVER target=701782E8 SQR31?3              argc=0 site=7017C33E
gcalls seq=000509 caller=QUEST_SERVER target=701782E8 SQR31?3              argc=0 site=7017C33E
gcalls seq=000510 caller=QUEST_SERVER target=701782E8 SQR31?3              argc=0 site=7017C33E
gcalls seq=000511 caller=QUEST_SERVER target=701782E8 SQR31?3              argc=0 site=7017C33E
gcalls seq=000512 caller=QUEST_SERVER target=701782E8 SQR31?3              argc=0 site=7017C33E
gcalls seq=000513 caller=QUEST_SERVER target=701782E8 SQR31?3              argc=0 site=7017C33E
gcalls seq=000514 caller=QUEST_SERVER target=701782E8 SQR31?3              argc=0 site=7017C33E
gcalls seq=000515 caller=QUEST_SERVER target=701782E8 SQR31?3              argc=0 site=7017C33E
gcalls seq=000516 caller=QUEST_SERVER target=701782E8 SQR31?3              argc=0 site=7017C33E
gcalls seq=000517 caller=QUEST_SERVER target=701782E8 SQR31?3              argc=0 site=7017C33E
gcalls seq=000518 caller=QUEST_SERVER target=701782E8 SQR31?3              argc=0 site=7017C33E
gcalls seq=000519 caller=QUEST_SERVER target=701782E8 SQR31?3              argc=0 site=7017C33E
gcalls seq=000520 caller=QUEST_SERVER target=701782E8 SQR31?3              argc=0 site=7017C33E
gcalls seq=000521 caller=QUEST_SERVER target=701782E8 SQR31?3              argc=0 site=7017C33E
gcalls seq=000522 caller=QUEST_SERVER target=701782E8 SQR31?3              argc=0 site=7017C33E
gcalls seq=000523 caller=QUEST_SERVER target=701782E8 SQR31?3              argc=0 site=7017C33E
gcalls seq=000524 caller=QUEST_SERVER target=701782E8 SQR31?3              argc=0 site=7017C33E
gcalls seq=000525 caller=QUEST_SERVER target=701782E8 SQR31?3              argc=0 site=7017C33E
gcalls seq=000526 caller=QUEST_SERVER target=701782E8 SQR31?3              argc=0 site=7017C33E
gcalls seq=000527 caller=QUEST_SERVER target=701782E8 SQR31?3              argc=0 site=7017C33E
gcalls seq=000528 caller=QUEST_SERVER target=701782E8 SQR31?3              argc=0 site=7017C33E
gcalls seq=000529 caller=QUEST_SERVER target=701782E8 SQR31?3              argc=0 site=7017C33E
gcalls seq=000530 caller=QUEST_SERVER target=701782E8 SQR31?3              argc=0 site=7017C33E
gcalls seq=000531 caller=QUEST_SERVER target=701782E8 SQR31?3              argc=0 site=7017C33E
gcalls seq=000532 caller=QUEST_SERVER target=701782E8 SQR31?3              argc=0 site=7017C33E
gcalls seq=000533 caller=QUEST_SERVER target=701782E8 SQR31?3              argc=0 site=7017C33E
gcalls seq=000534 caller=QUEST_SERVER target=701782E8 SQR31?3              argc=0 site=7017C33E
gcalls seq=000535 caller=QUEST_SERVER target=701782E8 SQR31?3              argc=0 site=7017C33E
gcalls seq=000536 caller=QUEST_SERVER target=701782E8 SQR31?3              argc=0 site=7017C33E
gcalls seq=000537 caller=QUEST_SERVER target=701782E8 SQR31?3              argc=0 site=7017C33E
gcalls seq=000538 caller=QUEST_SERVER target=7017B501 PICK_X_Y             argc=2 site=7017AD25
gcalls seq=000539 caller=QUEST_SERVER target=7017C098 ROLL32               argc=0 site=7017E21A
gcalls seq=000540 caller=QUEST_SERVER target=7017C098 ROLL32               argc=0 site=7017E21A
gcalls seq=000541 caller=QUEST_SERVER target=7017C098 ROLL32               argc=0 site=7017E21A
gcalls seq=000542 caller=QUEST_SERVER target=70178F4D FIND_OBJECT          argc=3 site=7017AD2F
gcalls seq=000543 caller=QUEST_SERVER target=7017B501 PICK_X_Y             argc=2 site=7017AD25
gcalls seq=000544 caller=QUEST_SERVER target=7017C098 ROLL32               argc=0 site=7017E21A
gcalls seq=000545 caller=QUEST_SERVER target=7017C098 ROLL32               argc=0 site=7017E21A
gcalls seq=000546 caller=QUEST_SERVER target=7017C098 ROLL32               argc=0 site=7017E21A
gcalls seq=000547 caller=QUEST_SERVER target=7017C098 ROLL32               argc=0 site=7017E21A
gcalls seq=000548 caller=QUEST_SERVER target=70178F4D FIND_OBJECT          argc=3 site=7017AD2F
gcalls seq=000549 caller=QUEST_SERVER target=7017C13B TERRITORY            argc=6 site=7017AD41
gcalls seq=000550 caller=QUEST_SERVER target=701782E8 SQR31?3              argc=0 site=7017C33E
gcalls seq=000551 caller=QUEST_SERVER target=701782E8 SQR31?3              argc=0 site=7017C33E
gcalls seq=000552 caller=QUEST_SERVER target=701782E8 SQR31?3              argc=0 site=7017C33E
gcalls seq=000553 caller=QUEST_SERVER target=701782E8 SQR31?3              argc=0 site=7017C33E
gcalls seq=000554 caller=QUEST_SERVER target=701782E8 SQR31?3              argc=0 site=7017C33E
gcalls seq=000555 caller=QUEST_SERVER target=701782E8 SQR31?3              argc=0 site=7017C33E
gcalls seq=000556 caller=QUEST_SERVER target=701782E8 SQR31?3              argc=0 site=7017C33E
gcalls seq=000557 caller=QUEST_SERVER target=701782E8 SQR31?3              argc=0 site=7017C33E
gcalls seq=000558 caller=QUEST_SERVER target=701782E8 SQR31?3              argc=0 site=7017C33E
gcalls seq=000559 caller=QUEST_SERVER target=701782E8 SQR31?3              argc=0 site=7017C33E
gcalls seq=000560 caller=QUEST_SERVER target=701782E8 SQR31?3              argc=0 site=7017C33E
gcalls seq=000561 caller=QUEST_SERVER target=701782E8 SQR31?3              argc=0 site=7017C33E
gcalls seq=000562 caller=QUEST_SERVER target=701782E8 SQR31?3              argc=0 site=7017C33E
gcalls seq=000563 caller=QUEST_SERVER target=701782E8 SQR31?3              argc=0 site=7017C33E
gcalls seq=000564 caller=QUEST_SERVER target=701782E8 SQR31?3              argc=0 site=7017C33E
gcalls seq=000565 caller=QUEST_SERVER target=701782E8 SQR31?3              argc=0 site=7017C33E
gcalls seq=000566 caller=QUEST_SERVER target=701782E8 SQR31?3              argc=0 site=7017C33E
gcalls seq=000567 caller=QUEST_SERVER target=701782E8 SQR31?3              argc=0 site=7017C33E
gcalls seq=000568 caller=QUEST_SERVER target=701782E8 SQR31?3              argc=0 site=7017C33E
gcalls seq=000569 caller=QUEST_SERVER target=701782E8 SQR31?3              argc=0 site=7017C33E
gcalls seq=000570 caller=QUEST_SERVER target=701782E8 SQR31?3              argc=0 site=7017C33E
gcalls seq=000571 caller=QUEST_SERVER target=701782E8 SQR31?3              argc=0 site=7017C33E
gcalls seq=000572 caller=QUEST_SERVER target=701782E8 SQR31?3              argc=0 site=7017C33E
gcalls seq=000573 caller=QUEST_SERVER target=701782E8 SQR31?3              argc=0 site=7017C33E
gcalls seq=000574 caller=QUEST_SERVER target=701782E8 SQR31?3              argc=0 site=7017C33E
gcalls seq=000575 caller=QUEST_SERVER target=701782E8 SQR31?3              argc=0 site=7017C33E
gcalls seq=000576 caller=QUEST_SERVER target=701782E8 SQR31?3              argc=0 site=7017C33E
gcalls seq=000577 caller=QUEST_SERVER target=701782E8 SQR31?3              argc=0 site=7017C33E
gcalls seq=000578 caller=QUEST_SERVER target=701782E8 SQR31?3              argc=0 site=7017C33E
gcalls seq=000579 caller=QUEST_SERVER target=701782E8 SQR31?3              argc=0 site=7017C33E
gcalls seq=000580 caller=QUEST_SERVER target=701782E8 SQR31?3              argc=0 site=7017C33E
gcalls seq=000581 caller=QUEST_SERVER target=701782E8 SQR31?3              argc=0 site=7017C33E
gcalls seq=000582 caller=QUEST_SERVER target=701782E8 SQR31?3              argc=0 site=7017C33E
gcalls seq=000583 caller=QUEST_SERVER target=701782E8 SQR31?3              argc=0 site=7017C33E
gcalls seq=000584 caller=QUEST_SERVER target=701782E8 SQR31?3              argc=0 site=7017C33E
gcalls seq=000585 caller=QUEST_SERVER target=701782E8 SQR31?3              argc=0 site=7017C33E
gcalls seq=000586 caller=QUEST_SERVER target=701782E8 SQR31?3              argc=0 site=7017C33E
gcalls seq=000587 caller=QUEST_SERVER target=701782E8 SQR31?3              argc=0 site=7017C33E
gcalls seq=000588 caller=QUEST_SERVER target=701782E8 SQR31?3              argc=0 site=7017C33E
gcalls seq=000589 caller=QUEST_SERVER target=701782E8 SQR31?3              argc=0 site=7017C33E
gcalls seq=000590 caller=QUEST_SERVER target=701782E8 SQR31?3              argc=0 site=7017C33E
gcalls seq=000591 caller=QUEST_SERVER target=701782E8 SQR31?3              argc=0 site=7017C33E
gcalls seq=000592 caller=QUEST_SERVER target=701782E8 SQR31?3              argc=0 site=7017C33E
gcalls seq=000593 caller=QUEST_SERVER target=701782E8 SQR31?3              argc=0 site=7017C33E
gcalls seq=000594 caller=QUEST_SERVER target=701782E8 SQR31?3              argc=0 site=7017C33E
gcalls seq=000595 caller=QUEST_SERVER target=701782E8 SQR31?3              argc=0 site=7017C33E
gcalls seq=000596 caller=QUEST_SERVER target=701782E8 SQR31?3              argc=0 site=7017C33E
gcalls seq=000597 caller=QUEST_SERVER target=701782E8 SQR31?3              argc=0 site=7017C33E
gcalls seq=000598 caller=QUEST_SERVER target=701782E8 SQR31?3              argc=0 site=7017C33E
gcalls seq=000599 caller=QUEST_SERVER target=701782E8 SQR31?3              argc=0 site=7017C33E
gcalls seq=000600 caller=QUEST_SERVER target=701782E8 SQR31?3              argc=0 site=7017C33E
gcalls seq=000601 caller=QUEST_SERVER target=701782E8 SQR31?3              argc=0 site=7017C33E
gcalls seq=000602 caller=QUEST_SERVER target=701782E8 SQR31?3              argc=0 site=7017C33E
gcalls seq=000603 caller=QUEST_SERVER target=701782E8 SQR31?3              argc=0 site=7017C33E
gcalls seq=000604 caller=QUEST_SERVER target=701782E8 SQR31?3              argc=0 site=7017C33E
gcalls seq=000605 caller=QUEST_SERVER target=701782E8 SQR31?3              argc=0 site=7017C33E
gcalls seq=000606 caller=QUEST_SERVER target=701782E8 SQR31?3              argc=0 site=7017C33E
gcalls seq=000607 caller=QUEST_SERVER target=701782E8 SQR31?3              argc=0 site=7017C33E
gcalls seq=000608 caller=QUEST_SERVER target=701782E8 SQR31?3              argc=0 site=7017C33E
gcalls seq=000609 caller=QUEST_SERVER target=701782E8 SQR31?3              argc=0 site=7017C33E
gcalls seq=000610 caller=QUEST_SERVER target=701782E8 SQR31?3              argc=0 site=7017C33E
gcalls seq=000611 caller=QUEST_SERVER target=701782E8 SQR31?3              argc=0 site=7017C33E
gcalls seq=000612 caller=QUEST_SERVER target=701782E8 SQR31?3              argc=0 site=7017C33E
gcalls seq=000613 caller=QUEST_SERVER target=701782E8 SQR31?3              argc=0 site=7017C33E
gcalls seq=000614 caller=QUEST_SERVER target=701782E8 SQR31?3              argc=0 site=7017C33E
gcalls seq=000615 caller=QUEST_SERVER target=701782E8 SQR31?3              argc=0 site=7017C33E
gcalls seq=000616 caller=QUEST_SERVER target=701782E8 SQR31?3              argc=0 site=7017C33E
gcalls seq=000617 caller=QUEST_SERVER target=701782E8 SQR31?3              argc=0 site=7017C33E
gcalls seq=000618 caller=QUEST_SERVER target=701782E8 SQR31?3              argc=0 site=7017C33E
gcalls seq=000619 caller=QUEST_SERVER target=701782E8 SQR31?3              argc=0 site=7017C33E
gcalls seq=000620 caller=QUEST_SERVER target=701782E8 SQR31?3              argc=0 site=7017C33E
gcalls seq=000621 caller=QUEST_SERVER target=701782E8 SQR31?3              argc=0 site=7017C33E
gcalls seq=000622 caller=QUEST_SERVER target=701782E8 SQR31?3              argc=0 site=7017C33E
gcalls seq=000623 caller=QUEST_SERVER target=701782E8 SQR31?3              argc=0 site=7017C33E
gcalls seq=000624 caller=QUEST_SERVER target=701782E8 SQR31?3              argc=0 site=7017C33E
gcalls seq=000625 caller=QUEST_SERVER target=701782E8 SQR31?3              argc=0 site=7017C33E
gcalls seq=000626 caller=QUEST_SERVER target=701782E8 SQR31?3              argc=0 site=7017C33E
gcalls seq=000627 caller=QUEST_SERVER target=701782E8 SQR31?3              argc=0 site=7017C33E
gcalls seq=000628 caller=QUEST_SERVER target=701782E8 SQR31?3              argc=0 site=7017C33E
gcalls seq=000629 caller=QUEST_SERVER target=701782E8 SQR31?3              argc=0 site=7017C33E
gcalls seq=000630 caller=QUEST_SERVER target=701782E8 SQR31?3              argc=0 site=7017C33E
gcalls seq=000631 caller=QUEST_SERVER target=701782E8 SQR31?3              argc=0 site=7017C33E
gcalls seq=000632 caller=QUEST_SERVER target=701782E8 SQR31?3              argc=0 site=7017C33E
gcalls seq=000633 caller=QUEST_SERVER target=701782E8 SQR31?3              argc=0 site=7017C33E
gcalls seq=000634 caller=QUEST_SERVER target=701782E8 SQR31?3              argc=0 site=7017C33E
gcalls seq=000635 caller=QUEST_SERVER target=701782E8 SQR31?3              argc=0 site=7017C33E
gcalls seq=000636 caller=QUEST_SERVER target=701782E8 SQR31?3              argc=0 site=7017C33E
gcalls seq=000637 caller=QUEST_SERVER target=701782E8 SQR31?3              argc=0 site=7017C33E
gcalls seq=000638 caller=QUEST_SERVER target=701782E8 SQR31?3              argc=0 site=7017C33E
gcalls seq=000639 caller=QUEST_SERVER target=701782E8 SQR31?3              argc=0 site=7017C33E
gcalls seq=000640 caller=QUEST_SERVER target=701782E8 SQR31?3              argc=0 site=7017C33E
gcalls seq=000641 caller=QUEST_SERVER target=701782E8 SQR31?3              argc=0 site=7017C33E
gcalls seq=000642 caller=QUEST_SERVER target=701782E8 SQR31?3              argc=0 site=7017C33E
gcalls seq=000643 caller=QUEST_SERVER target=701782E8 SQR31?3              argc=0 site=7017C33E
gcalls seq=000644 caller=QUEST_SERVER target=701782E8 SQR31?3              argc=0 site=7017C33E
gcalls seq=000645 caller=QUEST_SERVER target=701782E8 SQR31?3              argc=0 site=7017C33E
gcalls seq=000646 caller=QUEST_SERVER target=701782E8 SQR31?3              argc=0 site=7017C33E
gcalls seq=000647 caller=QUEST_SERVER target=701782E8 SQR31?3              argc=0 site=7017C33E
gcalls seq=000648 caller=QUEST_SERVER target=701782E8 SQR31?3              argc=0 site=7017C33E
gcalls seq=000649 caller=QUEST_SERVER target=701782E8 SQR31?3              argc=0 site=7017C33E
gcalls seq=000650 caller=QUEST_SERVER target=701782E8 SQR31?3              argc=0 site=7017C33E
gcalls seq=000651 caller=QUEST_SERVER target=701782E8 SQR31?3              argc=0 site=7017C33E
gcalls seq=000652 caller=QUEST_SERVER target=701782E8 SQR31?3              argc=0 site=7017C33E
gcalls seq=000653 caller=QUEST_SERVER target=701782E8 SQR31?3              argc=0 site=7017C33E
gcalls seq=000654 caller=QUEST_SERVER target=701782E8 SQR31?3              argc=0 site=7017C33E
gcalls seq=000655 caller=QUEST_SERVER target=701782E8 SQR31?3              argc=0 site=7017C33E
gcalls seq=000656 caller=QUEST_SERVER target=701782E8 SQR31?3              argc=0 site=7017C33E
gcalls seq=000657 caller=QUEST_SERVER target=701782E8 SQR31?3              argc=0 site=7017C33E
gcalls seq=000658 caller=QUEST_SERVER target=701782E8 SQR31?3              argc=0 site=7017C33E
gcalls seq=000659 caller=QUEST_SERVER target=701782E8 SQR31?3              argc=0 site=7017C33E
gcalls seq=000660 caller=QUEST_SERVER target=701782E8 SQR31?3              argc=0 site=7017C33E
gcalls seq=000661 caller=QUEST_SERVER target=701782E8 SQR31?3              argc=0 site=7017C33E
gcalls seq=000662 caller=QUEST_SERVER target=701782E8 SQR31?3              argc=0 site=7017C33E
gcalls seq=000663 caller=QUEST_SERVER target=701782E8 SQR31?3              argc=0 site=7017C33E
gcalls seq=000664 caller=QUEST_SERVER target=701782E8 SQR31?3              argc=0 site=7017C33E
gcalls seq=000665 caller=QUEST_SERVER target=701782E8 SQR31?3              argc=0 site=7017C33E
gcalls seq=000666 caller=QUEST_SERVER target=7017B501 PICK_X_Y             argc=2 site=7017AD25
gcalls seq=000667 caller=QUEST_SERVER target=7017C098 ROLL32               argc=0 site=7017E21A
gcalls seq=000668 caller=QUEST_SERVER target=7017C098 ROLL32               argc=0 site=7017E21A
gcalls seq=000669 caller=QUEST_SERVER target=7017C098 ROLL32               argc=0 site=7017E21A
gcalls seq=000670 caller=QUEST_SERVER target=7017C098 ROLL32               argc=0 site=7017E21A
gcalls seq=000671 caller=QUEST_SERVER target=70178F4D FIND_OBJECT          argc=3 site=7017AD2F
gcalls seq=000672 caller=QUEST_SERVER target=7017C13B TERRITORY            argc=6 site=7017AD41
gcalls seq=000673 caller=QUEST_SERVER target=701782E8 SQR31?3              argc=0 site=7017C33E
gcalls seq=000674 caller=QUEST_SERVER target=701782E8 SQR31?3              argc=0 site=7017C33E
gcalls seq=000675 caller=QUEST_SERVER target=701782E8 SQR31?3              argc=0 site=7017C33E
gcalls seq=000676 caller=QUEST_SERVER target=701782E8 SQR31?3              argc=0 site=7017C33E
gcalls seq=000677 caller=QUEST_SERVER target=701782E8 SQR31?3              argc=0 site=7017C33E
gcalls seq=000678 caller=QUEST_SERVER target=701782E8 SQR31?3              argc=0 site=7017C33E
gcalls seq=000679 caller=QUEST_SERVER target=701782E8 SQR31?3              argc=0 site=7017C33E
gcalls seq=000680 caller=QUEST_SERVER target=701782E8 SQR31?3              argc=0 site=7017C33E
gcalls seq=000681 caller=QUEST_SERVER target=701782E8 SQR31?3              argc=0 site=7017C33E
gcalls seq=000682 caller=QUEST_SERVER target=701782E8 SQR31?3              argc=0 site=7017C33E
gcalls seq=000683 caller=QUEST_SERVER target=701782E8 SQR31?3              argc=0 site=7017C33E
gcalls seq=000684 caller=QUEST_SERVER target=701782E8 SQR31?3              argc=0 site=7017C33E
gcalls seq=000685 caller=QUEST_SERVER target=701782E8 SQR31?3              argc=0 site=7017C33E
gcalls seq=000686 caller=QUEST_SERVER target=701782E8 SQR31?3              argc=0 site=7017C33E
gcalls seq=000687 caller=QUEST_SERVER target=701782E8 SQR31?3              argc=0 site=7017C33E
gcalls seq=000688 caller=QUEST_SERVER target=701782E8 SQR31?3              argc=0 site=7017C33E
gcalls seq=000689 caller=QUEST_SERVER target=701782E8 SQR31?3              argc=0 site=7017C33E
gcalls seq=000690 caller=QUEST_SERVER target=701782E8 SQR31?3              argc=0 site=7017C33E
gcalls seq=000691 caller=QUEST_SERVER target=701782E8 SQR31?3              argc=0 site=7017C33E
gcalls seq=000692 caller=QUEST_SERVER target=701782E8 SQR31?3              argc=0 site=7017C33E
gcalls seq=000693 caller=QUEST_SERVER target=701782E8 SQR31?3              argc=0 site=7017C33E
gcalls seq=000694 caller=QUEST_SERVER target=701782E8 SQR31?3              argc=0 site=7017C33E
gcalls seq=000695 caller=QUEST_SERVER target=701782E8 SQR31?3              argc=0 site=7017C33E
gcalls seq=000696 caller=QUEST_SERVER target=701782E8 SQR31?3              argc=0 site=7017C33E
gcalls seq=000697 caller=QUEST_SERVER target=701782E8 SQR31?3              argc=0 site=7017C33E
gcalls seq=000698 caller=QUEST_SERVER target=701782E8 SQR31?3              argc=0 site=7017C33E
gcalls seq=000699 caller=QUEST_SERVER target=701782E8 SQR31?3              argc=0 site=7017C33E
gcalls seq=000700 caller=QUEST_SERVER target=701782E8 SQR31?3              argc=0 site=7017C33E
gcalls seq=000701 caller=QUEST_SERVER target=701782E8 SQR31?3              argc=0 site=7017C33E
gcalls seq=000702 caller=QUEST_SERVER target=701782E8 SQR31?3              argc=0 site=7017C33E
gcalls seq=000703 caller=QUEST_SERVER target=701782E8 SQR31?3              argc=0 site=7017C33E
gcalls seq=000704 caller=QUEST_SERVER target=701782E8 SQR31?3              argc=0 site=7017C33E
gcalls seq=000705 caller=QUEST_SERVER target=701782E8 SQR31?3              argc=0 site=7017C33E
gcalls seq=000706 caller=QUEST_SERVER target=701782E8 SQR31?3              argc=0 site=7017C33E
gcalls seq=000707 caller=QUEST_SERVER target=701782E8 SQR31?3              argc=0 site=7017C33E
gcalls seq=000708 caller=QUEST_SERVER target=701782E8 SQR31?3              argc=0 site=7017C33E
gcalls seq=000709 caller=QUEST_SERVER target=701782E8 SQR31?3              argc=0 site=7017C33E
gcalls seq=000710 caller=QUEST_SERVER target=701782E8 SQR31?3              argc=0 site=7017C33E
gcalls seq=000711 caller=QUEST_SERVER target=701782E8 SQR31?3              argc=0 site=7017C33E
gcalls seq=000712 caller=QUEST_SERVER target=701782E8 SQR31?3              argc=0 site=7017C33E
gcalls seq=000713 caller=QUEST_SERVER target=701782E8 SQR31?3              argc=0 site=7017C33E
gcalls seq=000714 caller=QUEST_SERVER target=701782E8 SQR31?3              argc=0 site=7017C33E
gcalls seq=000715 caller=QUEST_SERVER target=701782E8 SQR31?3              argc=0 site=7017C33E
gcalls seq=000716 caller=QUEST_SERVER target=701782E8 SQR31?3              argc=0 site=7017C33E
gcalls seq=000717 caller=QUEST_SERVER target=701782E8 SQR31?3              argc=0 site=7017C33E
gcalls seq=000718 caller=QUEST_SERVER target=701782E8 SQR31?3              argc=0 site=7017C33E
gcalls seq=000719 caller=QUEST_SERVER target=701782E8 SQR31?3              argc=0 site=7017C33E
gcalls seq=000720 caller=QUEST_SERVER target=701782E8 SQR31?3              argc=0 site=7017C33E
gcalls seq=000721 caller=QUEST_SERVER target=701782E8 SQR31?3              argc=0 site=7017C33E
gcalls seq=000722 caller=QUEST_SERVER target=701782E8 SQR31?3              argc=0 site=7017C33E
gcalls seq=000723 caller=QUEST_SERVER target=701782E8 SQR31?3              argc=0 site=7017C33E
gcalls seq=000724 caller=QUEST_SERVER target=701782E8 SQR31?3              argc=0 site=7017C33E
gcalls seq=000725 caller=QUEST_SERVER target=701782E8 SQR31?3              argc=0 site=7017C33E
gcalls seq=000726 caller=QUEST_SERVER target=701782E8 SQR31?3              argc=0 site=7017C33E
gcalls seq=000727 caller=QUEST_SERVER target=701782E8 SQR31?3              argc=0 site=7017C33E
gcalls seq=000728 caller=QUEST_SERVER target=701782E8 SQR31?3              argc=0 site=7017C33E
gcalls seq=000729 caller=QUEST_SERVER target=701782E8 SQR31?3              argc=0 site=7017C33E
gcalls seq=000730 caller=QUEST_SERVER target=701782E8 SQR31?3              argc=0 site=7017C33E
gcalls seq=000731 caller=QUEST_SERVER target=701782E8 SQR31?3              argc=0 site=7017C33E
gcalls seq=000732 caller=QUEST_SERVER target=701782E8 SQR31?3              argc=0 site=7017C33E
gcalls seq=000733 caller=QUEST_SERVER target=701782E8 SQR31?3              argc=0 site=7017C33E
gcalls seq=000734 caller=QUEST_SERVER target=701782E8 SQR31?3              argc=0 site=7017C33E
gcalls seq=000735 caller=QUEST_SERVER target=701782E8 SQR31?3              argc=0 site=7017C33E
gcalls seq=000736 caller=QUEST_SERVER target=701782E8 SQR31?3              argc=0 site=7017C33E
gcalls seq=000737 caller=QUEST_SERVER target=701782E8 SQR31?3              argc=0 site=7017C33E
gcalls seq=000738 caller=QUEST_SERVER target=701782E8 SQR31?3              argc=0 site=7017C33E
gcalls seq=000739 caller=QUEST_SERVER target=701782E8 SQR31?3              argc=0 site=7017C33E
gcalls seq=000740 caller=QUEST_SERVER target=701782E8 SQR31?3              argc=0 site=7017C33E
gcalls seq=000741 caller=QUEST_SERVER target=701782E8 SQR31?3              argc=0 site=7017C33E
gcalls seq=000742 caller=QUEST_SERVER target=701782E8 SQR31?3              argc=0 site=7017C33E
gcalls seq=000743 caller=QUEST_SERVER target=701782E8 SQR31?3              argc=0 site=7017C33E
gcalls seq=000744 caller=QUEST_SERVER target=701782E8 SQR31?3              argc=0 site=7017C33E
gcalls seq=000745 caller=QUEST_SERVER target=701782E8 SQR31?3              argc=0 site=7017C33E
gcalls seq=000746 caller=QUEST_SERVER target=701782E8 SQR31?3              argc=0 site=7017C33E
gcalls seq=000747 caller=QUEST_SERVER target=701782E8 SQR31?3              argc=0 site=7017C33E
gcalls seq=000748 caller=QUEST_SERVER target=701782E8 SQR31?3              argc=0 site=7017C33E
gcalls seq=000749 caller=QUEST_SERVER target=701782E8 SQR31?3              argc=0 site=7017C33E
gcalls seq=000750 caller=QUEST_SERVER target=701782E8 SQR31?3              argc=0 site=7017C33E
gcalls seq=000751 caller=QUEST_SERVER target=701782E8 SQR31?3              argc=0 site=7017C33E
gcalls seq=000752 caller=QUEST_SERVER target=701782E8 SQR31?3              argc=0 site=7017C33E
gcalls seq=000753 caller=QUEST_SERVER target=701782E8 SQR31?3              argc=0 site=7017C33E
gcalls seq=000754 caller=QUEST_SERVER target=701782E8 SQR31?3              argc=0 site=7017C33E
gcalls seq=000755 caller=QUEST_SERVER target=701782E8 SQR31?3              argc=0 site=7017C33E
gcalls seq=000756 caller=QUEST_SERVER target=701782E8 SQR31?3              argc=0 site=7017C33E
gcalls seq=000757 caller=QUEST_SERVER target=701782E8 SQR31?3              argc=0 site=7017C33E
gcalls seq=000758 caller=QUEST_SERVER target=701782E8 SQR31?3              argc=0 site=7017C33E
gcalls seq=000759 caller=QUEST_SERVER target=701782E8 SQR31?3              argc=0 site=7017C33E
gcalls seq=000760 caller=QUEST_SERVER target=701782E8 SQR31?3              argc=0 site=7017C33E
gcalls seq=000761 caller=QUEST_SERVER target=701782E8 SQR31?3              argc=0 site=7017C33E
gcalls seq=000762 caller=QUEST_SERVER target=701782E8 SQR31?3              argc=0 site=7017C33E
gcalls seq=000763 caller=QUEST_SERVER target=701782E8 SQR31?3              argc=0 site=7017C33E
gcalls seq=000764 caller=QUEST_SERVER target=701782E8 SQR31?3              argc=0 site=7017C33E
gcalls seq=000765 caller=QUEST_SERVER target=701782E8 SQR31?3              argc=0 site=7017C33E
gcalls seq=000766 caller=QUEST_SERVER target=701782E8 SQR31?3              argc=0 site=7017C33E
gcalls seq=000767 caller=QUEST_SERVER target=701782E8 SQR31?3              argc=0 site=7017C33E
gcalls seq=000768 caller=QUEST_SERVER target=701782E8 SQR31?3              argc=0 site=7017C33E
gcalls seq=000769 caller=QUEST_SERVER target=701782E8 SQR31?3              argc=0 site=7017C33E
gcalls seq=000770 caller=QUEST_SERVER target=701782E8 SQR31?3              argc=0 site=7017C33E
gcalls seq=000771 caller=QUEST_SERVER target=701782E8 SQR31?3              argc=0 site=7017C33E
gcalls seq=000772 caller=QUEST_SERVER target=701782E8 SQR31?3              argc=0 site=7017C33E
gcalls seq=000773 caller=QUEST_SERVER target=701782E8 SQR31?3              argc=0 site=7017C33E
gcalls seq=000774 caller=QUEST_SERVER target=701782E8 SQR31?3              argc=0 site=7017C33E
gcalls seq=000775 caller=QUEST_SERVER target=701782E8 SQR31?3              argc=0 site=7017C33E
gcalls seq=000776 caller=QUEST_SERVER target=701782E8 SQR31?3              argc=0 site=7017C33E
gcalls seq=000777 caller=QUEST_SERVER target=701782E8 SQR31?3              argc=0 site=7017C33E
gcalls seq=000778 caller=QUEST_SERVER target=701782E8 SQR31?3              argc=0 site=7017C33E
gcalls seq=000779 caller=QUEST_SERVER target=701782E8 SQR31?3              argc=0 site=7017C33E
gcalls seq=000780 caller=QUEST_SERVER target=701782E8 SQR31?3              argc=0 site=7017C33E
gcalls seq=000781 caller=QUEST_SERVER target=701782E8 SQR31?3              argc=0 site=7017C33E
gcalls seq=000782 caller=QUEST_SERVER target=701782E8 SQR31?3              argc=0 site=7017C33E
gcalls seq=000783 caller=QUEST_SERVER target=701782E8 SQR31?3              argc=0 site=7017C33E
gcalls seq=000784 caller=QUEST_SERVER target=701782E8 SQR31?3              argc=0 site=7017C33E
gcalls seq=000785 caller=QUEST_SERVER target=701782E8 SQR31?3              argc=0 site=7017C33E
gcalls seq=000786 caller=QUEST_SERVER target=701782E8 SQR31?3              argc=0 site=7017C33E
gcalls seq=000787 caller=QUEST_SERVER target=701782E8 SQR31?3              argc=0 site=7017C33E
gcalls seq=000788 caller=QUEST_SERVER target=701782E8 SQR31?3              argc=0 site=7017C33E
gcalls seq=000789 caller=QUEST_SERVER target=7017B501 PICK_X_Y             argc=2 site=7017AD25
gcalls seq=000790 caller=QUEST_SERVER target=7017C098 ROLL32               argc=0 site=7017E21A
gcalls seq=000791 caller=QUEST_SERVER target=7017C098 ROLL32               argc=0 site=7017E21A
gcalls seq=000792 caller=QUEST_SERVER target=7017C098 ROLL32               argc=0 site=7017E21A
gcalls seq=000793 caller=QUEST_SERVER target=70178F4D FIND_OBJECT          argc=3 site=7017AD2F
gcalls seq=000794 caller=QUEST_SERVER target=7017C13B TERRITORY            argc=6 site=7017AD41
gcalls seq=000795 caller=QUEST_SERVER target=701782E8 SQR31?3              argc=0 site=7017C33E
gcalls seq=000796 caller=QUEST_SERVER target=701782E8 SQR31?3              argc=0 site=7017C33E
gcalls seq=000797 caller=QUEST_SERVER target=701782E8 SQR31?3              argc=0 site=7017C33E
gcalls seq=000798 caller=QUEST_SERVER target=701782E8 SQR31?3              argc=0 site=7017C33E
gcalls seq=000799 caller=QUEST_SERVER target=701782E8 SQR31?3              argc=0 site=7017C33E
gcalls seq=000800 caller=QUEST_SERVER target=701782E8 SQR31?3              argc=0 site=7017C33E
gcalls seq=000801 caller=QUEST_SERVER target=701782E8 SQR31?3              argc=0 site=7017C33E
gcalls seq=000802 caller=QUEST_SERVER target=701782E8 SQR31?3              argc=0 site=7017C33E
gcalls seq=000803 caller=QUEST_SERVER target=701782E8 SQR31?3              argc=0 site=7017C33E
gcalls seq=000804 caller=QUEST_SERVER target=701782E8 SQR31?3              argc=0 site=7017C33E
gcalls seq=000805 caller=QUEST_SERVER target=701782E8 SQR31?3              argc=0 site=7017C33E
gcalls seq=000806 caller=QUEST_SERVER target=701782E8 SQR31?3              argc=0 site=7017C33E
gcalls seq=000807 caller=QUEST_SERVER target=701782E8 SQR31?3              argc=0 site=7017C33E
gcalls seq=000808 caller=QUEST_SERVER target=701782E8 SQR31?3              argc=0 site=7017C33E
gcalls seq=000809 caller=QUEST_SERVER target=701782E8 SQR31?3              argc=0 site=7017C33E
gcalls seq=000810 caller=QUEST_SERVER target=701782E8 SQR31?3              argc=0 site=7017C33E
gcalls seq=000811 caller=QUEST_SERVER target=701782E8 SQR31?3              argc=0 site=7017C33E
gcalls seq=000812 caller=QUEST_SERVER target=701782E8 SQR31?3              argc=0 site=7017C33E
gcalls seq=000813 caller=QUEST_SERVER target=701782E8 SQR31?3              argc=0 site=7017C33E
gcalls seq=000814 caller=QUEST_SERVER target=701782E8 SQR31?3              argc=0 site=7017C33E
gcalls seq=000815 caller=QUEST_SERVER target=701782E8 SQR31?3              argc=0 site=7017C33E
gcalls seq=000816 caller=QUEST_SERVER target=701782E8 SQR31?3              argc=0 site=7017C33E
gcalls seq=000817 caller=QUEST_SERVER target=701782E8 SQR31?3              argc=0 site=7017C33E
gcalls seq=000818 caller=QUEST_SERVER target=701782E8 SQR31?3              argc=0 site=7017C33E
gcalls seq=000819 caller=QUEST_SERVER target=701782E8 SQR31?3              argc=0 site=7017C33E
gcalls seq=000820 caller=QUEST_SERVER target=701782E8 SQR31?3              argc=0 site=7017C33E
gcalls seq=000821 caller=QUEST_SERVER target=701782E8 SQR31?3              argc=0 site=7017C33E
gcalls seq=000822 caller=QUEST_SERVER target=701782E8 SQR31?3              argc=0 site=7017C33E
gcalls seq=000823 caller=QUEST_SERVER target=701782E8 SQR31?3              argc=0 site=7017C33E
gcalls seq=000824 caller=QUEST_SERVER target=701782E8 SQR31?3              argc=0 site=7017C33E
gcalls seq=000825 caller=QUEST_SERVER target=701782E8 SQR31?3              argc=0 site=7017C33E
gcalls seq=000826 caller=QUEST_SERVER target=701782E8 SQR31?3              argc=0 site=7017C33E
gcalls seq=000827 caller=QUEST_SERVER target=701782E8 SQR31?3              argc=0 site=7017C33E
gcalls seq=000828 caller=QUEST_SERVER target=701782E8 SQR31?3              argc=0 site=7017C33E
gcalls seq=000829 caller=QUEST_SERVER target=701782E8 SQR31?3              argc=0 site=7017C33E
gcalls seq=000830 caller=QUEST_SERVER target=701782E8 SQR31?3              argc=0 site=7017C33E
gcalls seq=000831 caller=QUEST_SERVER target=701782E8 SQR31?3              argc=0 site=7017C33E
gcalls seq=000832 caller=QUEST_SERVER target=701782E8 SQR31?3              argc=0 site=7017C33E
gcalls seq=000833 caller=QUEST_SERVER target=701782E8 SQR31?3              argc=0 site=7017C33E
gcalls seq=000834 caller=QUEST_SERVER target=701782E8 SQR31?3              argc=0 site=7017C33E
gcalls seq=000835 caller=QUEST_SERVER target=701782E8 SQR31?3              argc=0 site=7017C33E
gcalls seq=000836 caller=QUEST_SERVER target=701782E8 SQR31?3              argc=0 site=7017C33E
gcalls seq=000837 caller=QUEST_SERVER target=701782E8 SQR31?3              argc=0 site=7017C33E
gcalls seq=000838 caller=QUEST_SERVER target=701782E8 SQR31?3              argc=0 site=7017C33E
gcalls seq=000839 caller=QUEST_SERVER target=701782E8 SQR31?3              argc=0 site=7017C33E
gcalls seq=000840 caller=QUEST_SERVER target=701782E8 SQR31?3              argc=0 site=7017C33E
gcalls seq=000841 caller=QUEST_SERVER target=701782E8 SQR31?3              argc=0 site=7017C33E
gcalls seq=000842 caller=QUEST_SERVER target=701782E8 SQR31?3              argc=0 site=7017C33E
gcalls seq=000843 caller=QUEST_SERVER target=701782E8 SQR31?3              argc=0 site=7017C33E
gcalls seq=000844 caller=QUEST_SERVER target=701782E8 SQR31?3              argc=0 site=7017C33E
gcalls seq=000845 caller=QUEST_SERVER target=701782E8 SQR31?3              argc=0 site=7017C33E
gcalls seq=000846 caller=QUEST_SERVER target=701782E8 SQR31?3              argc=0 site=7017C33E
gcalls seq=000847 caller=QUEST_SERVER target=701782E8 SQR31?3              argc=0 site=7017C33E
gcalls seq=000848 caller=QUEST_SERVER target=701782E8 SQR31?3              argc=0 site=7017C33E
gcalls seq=000849 caller=QUEST_SERVER target=701782E8 SQR31?3              argc=0 site=7017C33E
gcalls seq=000850 caller=QUEST_SERVER target=701782E8 SQR31?3              argc=0 site=7017C33E
gcalls seq=000851 caller=QUEST_SERVER target=701782E8 SQR31?3              argc=0 site=7017C33E
gcalls seq=000852 caller=QUEST_SERVER target=701782E8 SQR31?3              argc=0 site=7017C33E
gcalls seq=000853 caller=QUEST_SERVER target=701782E8 SQR31?3              argc=0 site=7017C33E
gcalls seq=000854 caller=QUEST_SERVER target=701782E8 SQR31?3              argc=0 site=7017C33E
gcalls seq=000855 caller=QUEST_SERVER target=701782E8 SQR31?3              argc=0 site=7017C33E
gcalls seq=000856 caller=QUEST_SERVER target=701782E8 SQR31?3              argc=0 site=7017C33E
gcalls seq=000857 caller=QUEST_SERVER target=701782E8 SQR31?3              argc=0 site=7017C33E
gcalls seq=000858 caller=QUEST_SERVER target=701782E8 SQR31?3              argc=0 site=7017C33E
gcalls seq=000859 caller=QUEST_SERVER target=701782E8 SQR31?3              argc=0 site=7017C33E
gcalls seq=000860 caller=QUEST_SERVER target=701782E8 SQR31?3              argc=0 site=7017C33E
gcalls seq=000861 caller=QUEST_SERVER target=701782E8 SQR31?3              argc=0 site=7017C33E
gcalls seq=000862 caller=QUEST_SERVER target=701782E8 SQR31?3              argc=0 site=7017C33E
gcalls seq=000863 caller=QUEST_SERVER target=701782E8 SQR31?3              argc=0 site=7017C33E
gcalls seq=000864 caller=QUEST_SERVER target=701782E8 SQR31?3              argc=0 site=7017C33E
gcalls seq=000865 caller=QUEST_SERVER target=701782E8 SQR31?3              argc=0 site=7017C33E
gcalls seq=000866 caller=QUEST_SERVER target=701782E8 SQR31?3              argc=0 site=7017C33E
gcalls seq=000867 caller=QUEST_SERVER target=701782E8 SQR31?3              argc=0 site=7017C33E
gcalls seq=000868 caller=QUEST_SERVER target=701782E8 SQR31?3              argc=0 site=7017C33E
gcalls seq=000869 caller=QUEST_SERVER target=701782E8 SQR31?3              argc=0 site=7017C33E
gcalls seq=000870 caller=QUEST_SERVER target=701782E8 SQR31?3              argc=0 site=7017C33E
gcalls seq=000871 caller=QUEST_SERVER target=701782E8 SQR31?3              argc=0 site=7017C33E
gcalls seq=000872 caller=QUEST_SERVER target=701782E8 SQR31?3              argc=0 site=7017C33E
gcalls seq=000873 caller=QUEST_SERVER target=701782E8 SQR31?3              argc=0 site=7017C33E
gcalls seq=000874 caller=QUEST_SERVER target=701782E8 SQR31?3              argc=0 site=7017C33E
gcalls seq=000875 caller=QUEST_SERVER target=701782E8 SQR31?3              argc=0 site=7017C33E
gcalls seq=000876 caller=QUEST_SERVER target=701782E8 SQR31?3              argc=0 site=7017C33E
gcalls seq=000877 caller=QUEST_SERVER target=701782E8 SQR31?3              argc=0 site=7017C33E
gcalls seq=000878 caller=QUEST_SERVER target=701782E8 SQR31?3              argc=0 site=7017C33E
gcalls seq=000879 caller=QUEST_SERVER target=701782E8 SQR31?3              argc=0 site=7017C33E
gcalls seq=000880 caller=QUEST_SERVER target=701782E8 SQR31?3              argc=0 site=7017C33E
gcalls seq=000881 caller=QUEST_SERVER target=701782E8 SQR31?3              argc=0 site=7017C33E
gcalls seq=000882 caller=QUEST_SERVER target=701782E8 SQR31?3              argc=0 site=7017C33E
gcalls seq=000883 caller=QUEST_SERVER target=701782E8 SQR31?3              argc=0 site=7017C33E
gcalls seq=000884 caller=QUEST_SERVER target=701782E8 SQR31?3              argc=0 site=7017C33E
gcalls seq=000885 caller=QUEST_SERVER target=701782E8 SQR31?3              argc=0 site=7017C33E
gcalls seq=000886 caller=QUEST_SERVER target=701782E8 SQR31?3              argc=0 site=7017C33E
gcalls seq=000887 caller=QUEST_SERVER target=701782E8 SQR31?3              argc=0 site=7017C33E
gcalls seq=000888 caller=QUEST_SERVER target=701782E8 SQR31?3              argc=0 site=7017C33E
gcalls seq=000889 caller=QUEST_SERVER target=701782E8 SQR31?3              argc=0 site=7017C33E
gcalls seq=000890 caller=QUEST_SERVER target=701782E8 SQR31?3              argc=0 site=7017C33E
gcalls seq=000891 caller=QUEST_SERVER target=701782E8 SQR31?3              argc=0 site=7017C33E
gcalls seq=000892 caller=QUEST_SERVER target=701782E8 SQR31?3              argc=0 site=7017C33E
gcalls seq=000893 caller=QUEST_SERVER target=701782E8 SQR31?3              argc=0 site=7017C33E
gcalls seq=000894 caller=QUEST_SERVER target=701782E8 SQR31?3              argc=0 site=7017C33E
gcalls seq=000895 caller=QUEST_SERVER target=701782E8 SQR31?3              argc=0 site=7017C33E
gcalls seq=000896 caller=QUEST_SERVER target=701782E8 SQR31?3              argc=0 site=7017C33E
gcalls seq=000897 caller=QUEST_SERVER target=701782E8 SQR31?3              argc=0 site=7017C33E
gcalls seq=000898 caller=QUEST_SERVER target=701782E8 SQR31?3              argc=0 site=7017C33E
gcalls seq=000899 caller=QUEST_SERVER target=701782E8 SQR31?3              argc=0 site=7017C33E
gcalls seq=000900 caller=QUEST_SERVER target=701782E8 SQR31?3              argc=0 site=7017C33E
gcalls seq=000901 caller=QUEST_SERVER target=701782E8 SQR31?3              argc=0 site=7017C33E
gcalls seq=000902 caller=QUEST_SERVER target=701782E8 SQR31?3              argc=0 site=7017C33E
gcalls seq=000903 caller=QUEST_SERVER target=701782E8 SQR31?3              argc=0 site=7017C33E
gcalls seq=000904 caller=QUEST_SERVER target=701782E8 SQR31?3              argc=0 site=7017C33E
gcalls seq=000905 caller=QUEST_SERVER target=701782E8 SQR31?3              argc=0 site=7017C33E
gcalls seq=000906 caller=QUEST_SERVER target=701782E8 SQR31?3              argc=0 site=7017C33E
gcalls seq=000907 caller=QUEST_SERVER target=701782E8 SQR31?3              argc=0 site=7017C33E
gcalls seq=000908 caller=QUEST_SERVER target=701782E8 SQR31?3              argc=0 site=7017C33E
gcalls seq=000909 caller=QUEST_SERVER target=701782E8 SQR31?3              argc=0 site=7017C33E
gcalls seq=000910 caller=QUEST_SERVER target=701782E8 SQR31?3              argc=0 site=7017C33E
gcalls seq=000911 caller=QUEST_SERVER target=7017B501 PICK_X_Y             argc=2 site=7017AD25
gcalls seq=000912 caller=QUEST_SERVER target=7017C098 ROLL32               argc=0 site=7017E21A
gcalls seq=000913 caller=QUEST_SERVER target=7017C098 ROLL32               argc=0 site=7017E21A
gcalls seq=000914 caller=QUEST_SERVER target=7017C098 ROLL32               argc=0 site=7017E21A
gcalls seq=000915 caller=QUEST_SERVER target=70178F4D FIND_OBJECT          argc=3 site=7017AD2F
gcalls seq=000916 caller=QUEST_SERVER target=7017C13B TERRITORY            argc=6 site=7017AD41
gcalls seq=000917 caller=QUEST_SERVER target=701782E8 SQR31?3              argc=0 site=7017C33E
gcalls seq=000918 caller=QUEST_SERVER target=701782E8 SQR31?3              argc=0 site=7017C33E
gcalls seq=000919 caller=QUEST_SERVER target=701782E8 SQR31?3              argc=0 site=7017C33E
gcalls seq=000920 caller=QUEST_SERVER target=701782E8 SQR31?3              argc=0 site=7017C33E
gcalls seq=000921 caller=QUEST_SERVER target=701782E8 SQR31?3              argc=0 site=7017C33E
gcalls seq=000922 caller=QUEST_SERVER target=701782E8 SQR31?3              argc=0 site=7017C33E
gcalls seq=000923 caller=QUEST_SERVER target=701782E8 SQR31?3              argc=0 site=7017C33E
gcalls seq=000924 caller=QUEST_SERVER target=701782E8 SQR31?3              argc=0 site=7017C33E
gcalls seq=000925 caller=QUEST_SERVER target=701782E8 SQR31?3              argc=0 site=7017C33E
gcalls seq=000926 caller=QUEST_SERVER target=701782E8 SQR31?3              argc=0 site=7017C33E
gcalls seq=000927 caller=QUEST_SERVER target=701782E8 SQR31?3              argc=0 site=7017C33E
gcalls seq=000928 caller=QUEST_SERVER target=701782E8 SQR31?3              argc=0 site=7017C33E
gcalls seq=000929 caller=QUEST_SERVER target=701782E8 SQR31?3              argc=0 site=7017C33E
gcalls seq=000930 caller=QUEST_SERVER target=701782E8 SQR31?3              argc=0 site=7017C33E
gcalls seq=000931 caller=QUEST_SERVER target=701782E8 SQR31?3              argc=0 site=7017C33E
gcalls seq=000932 caller=QUEST_SERVER target=701782E8 SQR31?3              argc=0 site=7017C33E
gcalls seq=000933 caller=QUEST_SERVER target=701782E8 SQR31?3              argc=0 site=7017C33E
gcalls seq=000934 caller=QUEST_SERVER target=701782E8 SQR31?3              argc=0 site=7017C33E
gcalls seq=000935 caller=QUEST_SERVER target=701782E8 SQR31?3              argc=0 site=7017C33E
gcalls seq=000936 caller=QUEST_SERVER target=701782E8 SQR31?3              argc=0 site=7017C33E
gcalls seq=000937 caller=QUEST_SERVER target=701782E8 SQR31?3              argc=0 site=7017C33E
gcalls seq=000938 caller=QUEST_SERVER target=701782E8 SQR31?3              argc=0 site=7017C33E
gcalls seq=000939 caller=QUEST_SERVER target=701782E8 SQR31?3              argc=0 site=7017C33E
gcalls seq=000940 caller=QUEST_SERVER target=701782E8 SQR31?3              argc=0 site=7017C33E
gcalls seq=000941 caller=QUEST_SERVER target=701782E8 SQR31?3              argc=0 site=7017C33E
gcalls seq=000942 caller=QUEST_SERVER target=701782E8 SQR31?3              argc=0 site=7017C33E
gcalls seq=000943 caller=QUEST_SERVER target=701782E8 SQR31?3              argc=0 site=7017C33E
gcalls seq=000944 caller=QUEST_SERVER target=701782E8 SQR31?3              argc=0 site=7017C33E
gcalls seq=000945 caller=QUEST_SERVER target=701782E8 SQR31?3              argc=0 site=7017C33E
gcalls seq=000946 caller=QUEST_SERVER target=701782E8 SQR31?3              argc=0 site=7017C33E
gcalls seq=000947 caller=QUEST_SERVER target=701782E8 SQR31?3              argc=0 site=7017C33E
gcalls seq=000948 caller=QUEST_SERVER target=701782E8 SQR31?3              argc=0 site=7017C33E
gcalls seq=000949 caller=QUEST_SERVER target=701782E8 SQR31?3              argc=0 site=7017C33E
gcalls seq=000950 caller=QUEST_SERVER target=701782E8 SQR31?3              argc=0 site=7017C33E
gcalls seq=000951 caller=QUEST_SERVER target=701782E8 SQR31?3              argc=0 site=7017C33E
gcalls seq=000952 caller=QUEST_SERVER target=701782E8 SQR31?3              argc=0 site=7017C33E
gcalls seq=000953 caller=QUEST_SERVER target=701782E8 SQR31?3              argc=0 site=7017C33E
gcalls seq=000954 caller=QUEST_SERVER target=701782E8 SQR31?3              argc=0 site=7017C33E
gcalls seq=000955 caller=QUEST_SERVER target=701782E8 SQR31?3              argc=0 site=7017C33E
gcalls seq=000956 caller=QUEST_SERVER target=701782E8 SQR31?3              argc=0 site=7017C33E
gcalls seq=000957 caller=QUEST_SERVER target=701782E8 SQR31?3              argc=0 site=7017C33E
gcalls seq=000958 caller=QUEST_SERVER target=701782E8 SQR31?3              argc=0 site=7017C33E
gcalls seq=000959 caller=QUEST_SERVER target=701782E8 SQR31?3              argc=0 site=7017C33E
gcalls seq=000960 caller=QUEST_SERVER target=701782E8 SQR31?3              argc=0 site=7017C33E
gcalls seq=000961 caller=QUEST_SERVER target=701782E8 SQR31?3              argc=0 site=7017C33E
gcalls seq=000962 caller=QUEST_SERVER target=701782E8 SQR31?3              argc=0 site=7017C33E
gcalls seq=000963 caller=QUEST_SERVER target=701782E8 SQR31?3              argc=0 site=7017C33E
gcalls seq=000964 caller=QUEST_SERVER target=701782E8 SQR31?3              argc=0 site=7017C33E
gcalls seq=000965 caller=QUEST_SERVER target=701782E8 SQR31?3              argc=0 site=7017C33E
gcalls seq=000966 caller=QUEST_SERVER target=701782E8 SQR31?3              argc=0 site=7017C33E
gcalls seq=000967 caller=QUEST_SERVER target=701782E8 SQR31?3              argc=0 site=7017C33E
gcalls seq=000968 caller=QUEST_SERVER target=701782E8 SQR31?3              argc=0 site=7017C33E
gcalls seq=000969 caller=QUEST_SERVER target=701782E8 SQR31?3              argc=0 site=7017C33E
gcalls seq=000970 caller=QUEST_SERVER target=701782E8 SQR31?3              argc=0 site=7017C33E
gcalls seq=000971 caller=QUEST_SERVER target=701782E8 SQR31?3              argc=0 site=7017C33E
gcalls seq=000972 caller=QUEST_SERVER target=701782E8 SQR31?3              argc=0 site=7017C33E
gcalls seq=000973 caller=QUEST_SERVER target=701782E8 SQR31?3              argc=0 site=7017C33E
gcalls seq=000974 caller=QUEST_SERVER target=701782E8 SQR31?3              argc=0 site=7017C33E
gcalls seq=000975 caller=QUEST_SERVER target=701782E8 SQR31?3              argc=0 site=7017C33E
gcalls seq=000976 caller=QUEST_SERVER target=701782E8 SQR31?3              argc=0 site=7017C33E
gcalls seq=000977 caller=QUEST_SERVER target=701782E8 SQR31?3              argc=0 site=7017C33E
gcalls seq=000978 caller=QUEST_SERVER target=701782E8 SQR31?3              argc=0 site=7017C33E
gcalls seq=000979 caller=QUEST_SERVER target=701782E8 SQR31?3              argc=0 site=7017C33E
gcalls seq=000980 caller=QUEST_SERVER target=701782E8 SQR31?3              argc=0 site=7017C33E
gcalls seq=000981 caller=QUEST_SERVER target=701782E8 SQR31?3              argc=0 site=7017C33E
gcalls seq=000982 caller=QUEST_SERVER target=701782E8 SQR31?3              argc=0 site=7017C33E
gcalls seq=000983 caller=QUEST_SERVER target=701782E8 SQR31?3              argc=0 site=7017C33E
gcalls seq=000984 caller=QUEST_SERVER target=701782E8 SQR31?3              argc=0 site=7017C33E
gcalls seq=000985 caller=QUEST_SERVER target=701782E8 SQR31?3              argc=0 site=7017C33E
gcalls seq=000986 caller=QUEST_SERVER target=701782E8 SQR31?3              argc=0 site=7017C33E
gcalls seq=000987 caller=QUEST_SERVER target=701782E8 SQR31?3              argc=0 site=7017C33E
gcalls seq=000988 caller=QUEST_SERVER target=701782E8 SQR31?3              argc=0 site=7017C33E
gcalls seq=000989 caller=QUEST_SERVER target=701782E8 SQR31?3              argc=0 site=7017C33E
gcalls seq=000990 caller=QUEST_SERVER target=701782E8 SQR31?3              argc=0 site=7017C33E
gcalls seq=000991 caller=QUEST_SERVER target=701782E8 SQR31?3              argc=0 site=7017C33E
gcalls seq=000992 caller=QUEST_SERVER target=701782E8 SQR31?3              argc=0 site=7017C33E
gcalls seq=000993 caller=QUEST_SERVER target=701782E8 SQR31?3              argc=0 site=7017C33E
gcalls seq=000994 caller=QUEST_SERVER target=701782E8 SQR31?3              argc=0 site=7017C33E
gcalls seq=000995 caller=QUEST_SERVER target=701782E8 SQR31?3              argc=0 site=7017C33E
gcalls seq=000996 caller=QUEST_SERVER target=701782E8 SQR31?3              argc=0 site=7017C33E
gcalls seq=000997 caller=QUEST_SERVER target=701782E8 SQR31?3              argc=0 site=7017C33E
gcalls seq=000998 caller=QUEST_SERVER target=701782E8 SQR31?3              argc=0 site=7017C33E
gcalls seq=000999 caller=QUEST_SERVER target=701782E8 SQR31?3              argc=0 site=7017C33E
gcalls seq=001000 caller=QUEST_SERVER target=701782E8 SQR31?3              argc=0 site=7017C33E
gcalls seq=001001 caller=QUEST_SERVER target=701782E8 SQR31?3              argc=0 site=7017C33E
gcalls seq=001002 caller=QUEST_SERVER target=701782E8 SQR31?3              argc=0 site=7017C33E
gcalls seq=001003 caller=QUEST_SERVER target=701782E8 SQR31?3              argc=0 site=7017C33E
gcalls seq=001004 caller=QUEST_SERVER target=701782E8 SQR31?3              argc=0 site=7017C33E
gcalls seq=001005 caller=QUEST_SERVER target=701782E8 SQR31?3              argc=0 site=7017C33E
gcalls seq=001006 caller=QUEST_SERVER target=701782E8 SQR31?3              argc=0 site=7017C33E
gcalls seq=001007 caller=QUEST_SERVER target=701782E8 SQR31?3              argc=0 site=7017C33E
gcalls seq=001008 caller=QUEST_SERVER target=701782E8 SQR31?3              argc=0 site=7017C33E
gcalls seq=001009 caller=QUEST_SERVER target=701782E8 SQR31?3              argc=0 site=7017C33E
gcalls seq=001010 caller=QUEST_SERVER target=701782E8 SQR31?3              argc=0 site=7017C33E
gcalls seq=001011 caller=QUEST_SERVER target=701782E8 SQR31?3              argc=0 site=7017C33E
gcalls seq=001012 caller=QUEST_SERVER target=701782E8 SQR31?3              argc=0 site=7017C33E
gcalls seq=001013 caller=QUEST_SERVER target=701782E8 SQR31?3              argc=0 site=7017C33E
gcalls seq=001014 caller=QUEST_SERVER target=701782E8 SQR31?3              argc=0 site=7017C33E
gcalls seq=001015 caller=QUEST_SERVER target=701782E8 SQR31?3              argc=0 site=7017C33E
gcalls seq=001016 caller=QUEST_SERVER target=701782E8 SQR31?3              argc=0 site=7017C33E
gcalls seq=001017 caller=QUEST_SERVER target=701782E8 SQR31?3              argc=0 site=7017C33E
gcalls seq=001018 caller=QUEST_SERVER target=701782E8 SQR31?3              argc=0 site=7017C33E
gcalls seq=001019 caller=QUEST_SERVER target=701782E8 SQR31?3              argc=0 site=7017C33E
gcalls seq=001020 caller=QUEST_SERVER target=701782E8 SQR31?3              argc=0 site=7017C33E
gcalls seq=001021 caller=QUEST_SERVER target=701782E8 SQR31?3              argc=0 site=7017C33E
gcalls seq=001022 caller=QUEST_SERVER target=701782E8 SQR31?3              argc=0 site=7017C33E
gcalls seq=001023 caller=QUEST_SERVER target=701782E8 SQR31?3              argc=0 site=7017C33E
gcalls seq=001024 caller=QUEST_SERVER target=701782E8 SQR31?3              argc=0 site=7017C33E
gcalls seq=001025 caller=QUEST_SERVER target=701782E8 SQR31?3              argc=0 site=7017C33E
gcalls seq=001026 caller=QUEST_SERVER target=701782E8 SQR31?3              argc=0 site=7017C33E
gcalls seq=001027 caller=QUEST_SERVER target=701782E8 SQR31?3              argc=0 site=7017C33E
gcalls seq=001028 caller=QUEST_SERVER target=701782E8 SQR31?3              argc=0 site=7017C33E
gcalls seq=001029 caller=QUEST_SERVER target=701782E8 SQR31?3              argc=0 site=7017C33E
gcalls seq=001030 caller=QUEST_SERVER target=701782E8 SQR31?3              argc=0 site=7017C33E
gcalls seq=001031 caller=QUEST_SERVER target=701782E8 SQR31?3              argc=0 site=7017C33E
gcalls seq=001032 caller=QUEST_SERVER target=701782E8 SQR31?3              argc=0 site=7017C33E
gcalls seq=001033 caller=QUEST_SERVER target=7017B501 PICK_X_Y             argc=2 site=7017AD25
gcalls seq=001034 caller=QUEST_SERVER target=7017C098 ROLL32               argc=0 site=7017E21A
gcalls seq=001035 caller=QUEST_SERVER target=7017C098 ROLL32               argc=0 site=7017E21A
gcalls seq=001036 caller=QUEST_SERVER target=7017C098 ROLL32               argc=0 site=7017E21A
gcalls seq=001037 caller=QUEST_SERVER target=70178F4D FIND_OBJECT          argc=3 site=7017AD2F
gcalls seq=001038 caller=QUEST_SERVER target=7017C13B TERRITORY            argc=6 site=7017AD41
gcalls seq=001039 caller=QUEST_SERVER target=701782E8 SQR31?3              argc=0 site=7017C33E
gcalls seq=001040 caller=QUEST_SERVER target=701782E8 SQR31?3              argc=0 site=7017C33E
gcalls seq=001041 caller=QUEST_SERVER target=701782E8 SQR31?3              argc=0 site=7017C33E
gcalls seq=001042 caller=QUEST_SERVER target=701782E8 SQR31?3              argc=0 site=7017C33E
gcalls seq=001043 caller=QUEST_SERVER target=701782E8 SQR31?3              argc=0 site=7017C33E
gcalls seq=001044 caller=QUEST_SERVER target=701782E8 SQR31?3              argc=0 site=7017C33E
gcalls seq=001045 caller=QUEST_SERVER target=701782E8 SQR31?3              argc=0 site=7017C33E
gcalls seq=001046 caller=QUEST_SERVER target=701782E8 SQR31?3              argc=0 site=7017C33E
gcalls seq=001047 caller=QUEST_SERVER target=701782E8 SQR31?3              argc=0 site=7017C33E
gcalls seq=001048 caller=QUEST_SERVER target=701782E8 SQR31?3              argc=0 site=7017C33E
gcalls seq=001049 caller=QUEST_SERVER target=701782E8 SQR31?3              argc=0 site=7017C33E
gcalls seq=001050 caller=QUEST_SERVER target=701782E8 SQR31?3              argc=0 site=7017C33E
gcalls seq=001051 caller=QUEST_SERVER target=701782E8 SQR31?3              argc=0 site=7017C33E
gcalls seq=001052 caller=QUEST_SERVER target=701782E8 SQR31?3              argc=0 site=7017C33E
gcalls seq=001053 caller=QUEST_SERVER target=701782E8 SQR31?3              argc=0 site=7017C33E
gcalls seq=001054 caller=QUEST_SERVER target=701782E8 SQR31?3              argc=0 site=7017C33E
gcalls seq=001055 caller=QUEST_SERVER target=701782E8 SQR31?3              argc=0 site=7017C33E
gcalls seq=001056 caller=QUEST_SERVER target=701782E8 SQR31?3              argc=0 site=7017C33E
gcalls seq=001057 caller=QUEST_SERVER target=701782E8 SQR31?3              argc=0 site=7017C33E
gcalls seq=001058 caller=QUEST_SERVER target=701782E8 SQR31?3              argc=0 site=7017C33E
gcalls seq=001059 caller=QUEST_SERVER target=701782E8 SQR31?3              argc=0 site=7017C33E
gcalls seq=001060 caller=QUEST_SERVER target=701782E8 SQR31?3              argc=0 site=7017C33E
gcalls seq=001061 caller=QUEST_SERVER target=701782E8 SQR31?3              argc=0 site=7017C33E
gcalls seq=001062 caller=QUEST_SERVER target=701782E8 SQR31?3              argc=0 site=7017C33E
gcalls seq=001063 caller=QUEST_SERVER target=701782E8 SQR31?3              argc=0 site=7017C33E
gcalls seq=001064 caller=QUEST_SERVER target=701782E8 SQR31?3              argc=0 site=7017C33E
gcalls seq=001065 caller=QUEST_SERVER target=701782E8 SQR31?3              argc=0 site=7017C33E
gcalls seq=001066 caller=QUEST_SERVER target=701782E8 SQR31?3              argc=0 site=7017C33E
gcalls seq=001067 caller=QUEST_SERVER target=701782E8 SQR31?3              argc=0 site=7017C33E
gcalls seq=001068 caller=QUEST_SERVER target=701782E8 SQR31?3              argc=0 site=7017C33E
gcalls seq=001069 caller=QUEST_SERVER target=701782E8 SQR31?3              argc=0 site=7017C33E
gcalls seq=001070 caller=QUEST_SERVER target=701782E8 SQR31?3              argc=0 site=7017C33E
gcalls seq=001071 caller=QUEST_SERVER target=701782E8 SQR31?3              argc=0 site=7017C33E
gcalls seq=001072 caller=QUEST_SERVER target=701782E8 SQR31?3              argc=0 site=7017C33E
gcalls seq=001073 caller=QUEST_SERVER target=701782E8 SQR31?3              argc=0 site=7017C33E
gcalls seq=001074 caller=QUEST_SERVER target=701782E8 SQR31?3              argc=0 site=7017C33E
gcalls seq=001075 caller=QUEST_SERVER target=701782E8 SQR31?3              argc=0 site=7017C33E
gcalls seq=001076 caller=QUEST_SERVER target=701782E8 SQR31?3              argc=0 site=7017C33E
gcalls seq=001077 caller=QUEST_SERVER target=701782E8 SQR31?3              argc=0 site=7017C33E
gcalls seq=001078 caller=QUEST_SERVER target=701782E8 SQR31?3              argc=0 site=7017C33E
gcalls seq=001079 caller=QUEST_SERVER target=701782E8 SQR31?3              argc=0 site=7017C33E
gcalls seq=001080 caller=QUEST_SERVER target=701782E8 SQR31?3              argc=0 site=7017C33E
gcalls seq=001081 caller=QUEST_SERVER target=701782E8 SQR31?3              argc=0 site=7017C33E
gcalls seq=001082 caller=QUEST_SERVER target=701782E8 SQR31?3              argc=0 site=7017C33E
gcalls seq=001083 caller=QUEST_SERVER target=701782E8 SQR31?3              argc=0 site=7017C33E
gcalls seq=001084 caller=QUEST_SERVER target=701782E8 SQR31?3              argc=0 site=7017C33E
gcalls seq=001085 caller=QUEST_SERVER target=701782E8 SQR31?3              argc=0 site=7017C33E
gcalls seq=001086 caller=QUEST_SERVER target=701782E8 SQR31?3              argc=0 site=7017C33E
gcalls seq=001087 caller=QUEST_SERVER target=701782E8 SQR31?3              argc=0 site=7017C33E
gcalls seq=001088 caller=QUEST_SERVER target=701782E8 SQR31?3              argc=0 site=7017C33E
gcalls seq=001089 caller=QUEST_SERVER target=701782E8 SQR31?3              argc=0 site=7017C33E
gcalls seq=001090 caller=QUEST_SERVER target=701782E8 SQR31?3              argc=0 site=7017C33E
gcalls seq=001091 caller=QUEST_SERVER target=701782E8 SQR31?3              argc=0 site=7017C33E
gcalls seq=001092 caller=QUEST_SERVER target=701782E8 SQR31?3              argc=0 site=7017C33E
gcalls seq=001093 caller=QUEST_SERVER target=701782E8 SQR31?3              argc=0 site=7017C33E
gcalls seq=001094 caller=QUEST_SERVER target=701782E8 SQR31?3              argc=0 site=7017C33E
gcalls seq=001095 caller=QUEST_SERVER target=701782E8 SQR31?3              argc=0 site=7017C33E
gcalls seq=001096 caller=QUEST_SERVER target=701782E8 SQR31?3              argc=0 site=7017C33E
gcalls seq=001097 caller=QUEST_SERVER target=701782E8 SQR31?3              argc=0 site=7017C33E
gcalls seq=001098 caller=QUEST_SERVER target=701782E8 SQR31?3              argc=0 site=7017C33E
gcalls seq=001099 caller=QUEST_SERVER target=701782E8 SQR31?3              argc=0 site=7017C33E
gcalls seq=001100 caller=QUEST_SERVER target=701782E8 SQR31?3              argc=0 site=7017C33E
gcalls seq=001101 caller=QUEST_SERVER target=701782E8 SQR31?3              argc=0 site=7017C33E
gcalls seq=001102 caller=QUEST_SERVER target=701782E8 SQR31?3              argc=0 site=7017C33E
gcalls seq=001103 caller=QUEST_SERVER target=701782E8 SQR31?3              argc=0 site=7017C33E
gcalls seq=001104 caller=QUEST_SERVER target=701782E8 SQR31?3              argc=0 site=7017C33E
gcalls seq=001105 caller=QUEST_SERVER target=701782E8 SQR31?3              argc=0 site=7017C33E
gcalls seq=001106 caller=QUEST_SERVER target=701782E8 SQR31?3              argc=0 site=7017C33E
gcalls seq=001107 caller=QUEST_SERVER target=701782E8 SQR31?3              argc=0 site=7017C33E
gcalls seq=001108 caller=QUEST_SERVER target=701782E8 SQR31?3              argc=0 site=7017C33E
gcalls seq=001109 caller=QUEST_SERVER target=701782E8 SQR31?3              argc=0 site=7017C33E
gcalls seq=001110 caller=QUEST_SERVER target=701782E8 SQR31?3              argc=0 site=7017C33E
gcalls seq=001111 caller=QUEST_SERVER target=701782E8 SQR31?3              argc=0 site=7017C33E
gcalls seq=001112 caller=QUEST_SERVER target=701782E8 SQR31?3              argc=0 site=7017C33E
gcalls seq=001113 caller=QUEST_SERVER target=701782E8 SQR31?3              argc=0 site=7017C33E
gcalls seq=001114 caller=QUEST_SERVER target=701782E8 SQR31?3              argc=0 site=7017C33E
gcalls seq=001115 caller=QUEST_SERVER target=701782E8 SQR31?3              argc=0 site=7017C33E
gcalls seq=001116 caller=QUEST_SERVER target=701782E8 SQR31?3              argc=0 site=7017C33E
gcalls seq=001117 caller=QUEST_SERVER target=701782E8 SQR31?3              argc=0 site=7017C33E
gcalls seq=001118 caller=QUEST_SERVER target=701782E8 SQR31?3              argc=0 site=7017C33E
gcalls seq=001119 caller=QUEST_SERVER target=701782E8 SQR31?3              argc=0 site=7017C33E
gcalls seq=001120 caller=QUEST_SERVER target=701782E8 SQR31?3              argc=0 site=7017C33E
gcalls seq=001121 caller=QUEST_SERVER target=701782E8 SQR31?3              argc=0 site=7017C33E
gcalls seq=001122 caller=QUEST_SERVER target=701782E8 SQR31?3              argc=0 site=7017C33E
gcalls seq=001123 caller=QUEST_SERVER target=701782E8 SQR31?3              argc=0 site=7017C33E
gcalls seq=001124 caller=QUEST_SERVER target=701782E8 SQR31?3              argc=0 site=7017C33E
gcalls seq=001125 caller=QUEST_SERVER target=701782E8 SQR31?3              argc=0 site=7017C33E
gcalls seq=001126 caller=QUEST_SERVER target=701782E8 SQR31?3              argc=0 site=7017C33E
gcalls seq=001127 caller=QUEST_SERVER target=701782E8 SQR31?3              argc=0 site=7017C33E
gcalls seq=001128 caller=QUEST_SERVER target=701782E8 SQR31?3              argc=0 site=7017C33E
gcalls seq=001129 caller=QUEST_SERVER target=701782E8 SQR31?3              argc=0 site=7017C33E
gcalls seq=001130 caller=QUEST_SERVER target=701782E8 SQR31?3              argc=0 site=7017C33E
gcalls seq=001131 caller=QUEST_SERVER target=701782E8 SQR31?3              argc=0 site=7017C33E
gcalls seq=001132 caller=QUEST_SERVER target=701782E8 SQR31?3              argc=0 site=7017C33E
gcalls seq=001133 caller=QUEST_SERVER target=701782E8 SQR31?3              argc=0 site=7017C33E
gcalls seq=001134 caller=QUEST_SERVER target=701782E8 SQR31?3              argc=0 site=7017C33E
gcalls seq=001135 caller=QUEST_SERVER target=701782E8 SQR31?3              argc=0 site=7017C33E
gcalls seq=001136 caller=QUEST_SERVER target=701782E8 SQR31?3              argc=0 site=7017C33E
gcalls seq=001137 caller=QUEST_SERVER target=701782E8 SQR31?3              argc=0 site=7017C33E
gcalls seq=001138 caller=QUEST_SERVER target=701782E8 SQR31?3              argc=0 site=7017C33E
gcalls seq=001139 caller=QUEST_SERVER target=701782E8 SQR31?3              argc=0 site=7017C33E
gcalls seq=001140 caller=QUEST_SERVER target=701782E8 SQR31?3              argc=0 site=7017C33E
gcalls seq=001141 caller=QUEST_SERVER target=701782E8 SQR31?3              argc=0 site=7017C33E
gcalls seq=001142 caller=QUEST_SERVER target=701782E8 SQR31?3              argc=0 site=7017C33E
gcalls seq=001143 caller=QUEST_SERVER target=701782E8 SQR31?3              argc=0 site=7017C33E
gcalls seq=001144 caller=QUEST_SERVER target=701782E8 SQR31?3              argc=0 site=7017C33E
gcalls seq=001145 caller=QUEST_SERVER target=701782E8 SQR31?3              argc=0 site=7017C33E
gcalls seq=001146 caller=QUEST_SERVER target=701782E8 SQR31?3              argc=0 site=7017C33E
gcalls seq=001147 caller=QUEST_SERVER target=701782E8 SQR31?3              argc=0 site=7017C33E
gcalls seq=001148 caller=QUEST_SERVER target=701782E8 SQR31?3              argc=0 site=7017C33E
gcalls seq=001149 caller=QUEST_SERVER target=701782E8 SQR31?3              argc=0 site=7017C33E
gcalls seq=001150 caller=QUEST_SERVER target=701782E8 SQR31?3              argc=0 site=7017C33E
gcalls seq=001151 caller=QUEST_SERVER target=701782E8 SQR31?3              argc=0 site=7017C33E
gcalls seq=001152 caller=QUEST_SERVER target=701782E8 SQR31?3              argc=0 site=7017C33E
gcalls seq=001153 caller=QUEST_SERVER target=701782E8 SQR31?3              argc=0 site=7017C33E
gcalls seq=001154 caller=QUEST_SERVER target=701782E8 SQR31?3              argc=0 site=7017C33E
gcalls seq=001155 caller=QUEST_SERVER target=7017B501 PICK_X_Y             argc=2 site=7017AD25
gcalls seq=001156 caller=QUEST_SERVER target=7017C098 ROLL32               argc=0 site=7017E21A
gcalls seq=001157 caller=QUEST_SERVER target=7017C098 ROLL32               argc=0 site=7017E21A
gcalls seq=001158 caller=QUEST_SERVER target=7017C098 ROLL32               argc=0 site=7017E21A
gcalls seq=001159 caller=QUEST_SERVER target=70178F4D FIND_OBJECT          argc=3 site=7017AD2F
gcalls seq=001160 caller=QUEST_SERVER target=7017B501 PICK_X_Y             argc=2 site=7017AD25
gcalls seq=001161 caller=QUEST_SERVER target=7017C098 ROLL32               argc=0 site=7017E21A
gcalls seq=001162 caller=QUEST_SERVER target=7017C098 ROLL32               argc=0 site=7017E21A
gcalls seq=001163 caller=QUEST_SERVER target=7017C098 ROLL32               argc=0 site=7017E21A
gcalls seq=001164 caller=QUEST_SERVER target=70178F4D FIND_OBJECT          argc=3 site=7017AD2F
gcalls seq=001165 caller=QUEST_SERVER target=7017B501 PICK_X_Y             argc=2 site=7017AD25
gcalls seq=001166 caller=QUEST_SERVER target=7017C098 ROLL32               argc=0 site=7017E21A
gcalls seq=001167 caller=QUEST_SERVER target=7017C098 ROLL32               argc=0 site=7017E21A
gcalls seq=001168 caller=QUEST_SERVER target=7017C098 ROLL32               argc=0 site=7017E21A
gcalls seq=001169 caller=QUEST_SERVER target=70178F4D FIND_OBJECT          argc=3 site=7017AD2F
gcalls seq=001170 caller=QUEST_SERVER target=7017C13B TERRITORY            argc=6 site=7017AD41
gcalls seq=001171 caller=QUEST_SERVER target=701782E8 SQR31?3              argc=0 site=7017C33E
gcalls seq=001172 caller=QUEST_SERVER target=701782E8 SQR31?3              argc=0 site=7017C33E
gcalls seq=001173 caller=QUEST_SERVER target=701782E8 SQR31?3              argc=0 site=7017C33E
gcalls seq=001174 caller=QUEST_SERVER target=701782E8 SQR31?3              argc=0 site=7017C33E
gcalls seq=001175 caller=QUEST_SERVER target=701782E8 SQR31?3              argc=0 site=7017C33E
gcalls seq=001176 caller=QUEST_SERVER target=701782E8 SQR31?3              argc=0 site=7017C33E
gcalls seq=001177 caller=QUEST_SERVER target=701782E8 SQR31?3              argc=0 site=7017C33E
gcalls seq=001178 caller=QUEST_SERVER target=701782E8 SQR31?3              argc=0 site=7017C33E
gcalls seq=001179 caller=QUEST_SERVER target=701782E8 SQR31?3              argc=0 site=7017C33E
gcalls seq=001180 caller=QUEST_SERVER target=701782E8 SQR31?3              argc=0 site=7017C33E
gcalls seq=001181 caller=QUEST_SERVER target=701782E8 SQR31?3              argc=0 site=7017C33E
gcalls seq=001182 caller=QUEST_SERVER target=701782E8 SQR31?3              argc=0 site=7017C33E
gcalls seq=001183 caller=QUEST_SERVER target=701782E8 SQR31?3              argc=0 site=7017C33E
gcalls seq=001184 caller=QUEST_SERVER target=701782E8 SQR31?3              argc=0 site=7017C33E
gcalls seq=001185 caller=QUEST_SERVER target=701782E8 SQR31?3              argc=0 site=7017C33E
gcalls seq=001186 caller=QUEST_SERVER target=701782E8 SQR31?3              argc=0 site=7017C33E
gcalls seq=001187 caller=QUEST_SERVER target=701782E8 SQR31?3              argc=0 site=7017C33E
gcalls seq=001188 caller=QUEST_SERVER target=701782E8 SQR31?3              argc=0 site=7017C33E
gcalls seq=001189 caller=QUEST_SERVER target=701782E8 SQR31?3              argc=0 site=7017C33E
gcalls seq=001190 caller=QUEST_SERVER target=701782E8 SQR31?3              argc=0 site=7017C33E
gcalls seq=001191 caller=QUEST_SERVER target=701782E8 SQR31?3              argc=0 site=7017C33E
gcalls seq=001192 caller=QUEST_SERVER target=701782E8 SQR31?3              argc=0 site=7017C33E
gcalls seq=001193 caller=QUEST_SERVER target=701782E8 SQR31?3              argc=0 site=7017C33E
gcalls seq=001194 caller=QUEST_SERVER target=701782E8 SQR31?3              argc=0 site=7017C33E
gcalls seq=001195 caller=QUEST_SERVER target=701782E8 SQR31?3              argc=0 site=7017C33E
gcalls seq=001196 caller=QUEST_SERVER target=701782E8 SQR31?3              argc=0 site=7017C33E
gcalls seq=001197 caller=QUEST_SERVER target=701782E8 SQR31?3              argc=0 site=7017C33E
gcalls seq=001198 caller=QUEST_SERVER target=701782E8 SQR31?3              argc=0 site=7017C33E
gcalls seq=001199 caller=QUEST_SERVER target=701782E8 SQR31?3              argc=0 site=7017C33E
gcalls seq=001200 caller=QUEST_SERVER target=701782E8 SQR31?3              argc=0 site=7017C33E
gcalls seq=001201 caller=QUEST_SERVER target=701782E8 SQR31?3              argc=0 site=7017C33E
gcalls seq=001202 caller=QUEST_SERVER target=701782E8 SQR31?3              argc=0 site=7017C33E
gcalls seq=001203 caller=QUEST_SERVER target=701782E8 SQR31?3              argc=0 site=7017C33E
gcalls seq=001204 caller=QUEST_SERVER target=701782E8 SQR31?3              argc=0 site=7017C33E
gcalls seq=001205 caller=QUEST_SERVER target=701782E8 SQR31?3              argc=0 site=7017C33E
gcalls seq=001206 caller=QUEST_SERVER target=701782E8 SQR31?3              argc=0 site=7017C33E
gcalls seq=001207 caller=QUEST_SERVER target=701782E8 SQR31?3              argc=0 site=7017C33E
gcalls seq=001208 caller=QUEST_SERVER target=701782E8 SQR31?3              argc=0 site=7017C33E
gcalls seq=001209 caller=QUEST_SERVER target=701782E8 SQR31?3              argc=0 site=7017C33E
gcalls seq=001210 caller=QUEST_SERVER target=701782E8 SQR31?3              argc=0 site=7017C33E
gcalls seq=001211 caller=QUEST_SERVER target=701782E8 SQR31?3              argc=0 site=7017C33E
gcalls seq=001212 caller=QUEST_SERVER target=701782E8 SQR31?3              argc=0 site=7017C33E
gcalls seq=001213 caller=QUEST_SERVER target=701782E8 SQR31?3              argc=0 site=7017C33E
gcalls seq=001214 caller=QUEST_SERVER target=701782E8 SQR31?3              argc=0 site=7017C33E
gcalls seq=001215 caller=QUEST_SERVER target=701782E8 SQR31?3              argc=0 site=7017C33E
gcalls seq=001216 caller=QUEST_SERVER target=701782E8 SQR31?3              argc=0 site=7017C33E
gcalls seq=001217 caller=QUEST_SERVER target=701782E8 SQR31?3              argc=0 site=7017C33E
gcalls seq=001218 caller=QUEST_SERVER target=701782E8 SQR31?3              argc=0 site=7017C33E
gcalls seq=001219 caller=QUEST_SERVER target=701782E8 SQR31?3              argc=0 site=7017C33E
gcalls seq=001220 caller=QUEST_SERVER target=701782E8 SQR31?3              argc=0 site=7017C33E
gcalls seq=001221 caller=QUEST_SERVER target=701782E8 SQR31?3              argc=0 site=7017C33E
gcalls seq=001222 caller=QUEST_SERVER target=701782E8 SQR31?3              argc=0 site=7017C33E
gcalls seq=001223 caller=QUEST_SERVER target=701782E8 SQR31?3              argc=0 site=7017C33E
gcalls seq=001224 caller=QUEST_SERVER target=701782E8 SQR31?3              argc=0 site=7017C33E
gcalls seq=001225 caller=QUEST_SERVER target=701782E8 SQR31?3              argc=0 site=7017C33E
gcalls seq=001226 caller=QUEST_SERVER target=701782E8 SQR31?3              argc=0 site=7017C33E
gcalls seq=001227 caller=QUEST_SERVER target=701782E8 SQR31?3              argc=0 site=7017C33E
gcalls seq=001228 caller=QUEST_SERVER target=701782E8 SQR31?3              argc=0 site=7017C33E
gcalls seq=001229 caller=QUEST_SERVER target=701782E8 SQR31?3              argc=0 site=7017C33E
gcalls seq=001230 caller=QUEST_SERVER target=701782E8 SQR31?3              argc=0 site=7017C33E
gcalls seq=001231 caller=QUEST_SERVER target=701782E8 SQR31?3              argc=0 site=7017C33E
gcalls seq=001232 caller=QUEST_SERVER target=701782E8 SQR31?3              argc=0 site=7017C33E
gcalls seq=001233 caller=QUEST_SERVER target=701782E8 SQR31?3              argc=0 site=7017C33E
gcalls seq=001234 caller=QUEST_SERVER target=701782E8 SQR31?3              argc=0 site=7017C33E
gcalls seq=001235 caller=QUEST_SERVER target=701782E8 SQR31?3              argc=0 site=7017C33E
gcalls seq=001236 caller=QUEST_SERVER target=701782E8 SQR31?3              argc=0 site=7017C33E
gcalls seq=001237 caller=QUEST_SERVER target=701782E8 SQR31?3              argc=0 site=7017C33E
gcalls seq=001238 caller=QUEST_SERVER target=701782E8 SQR31?3              argc=0 site=7017C33E
gcalls seq=001239 caller=QUEST_SERVER target=701782E8 SQR31?3              argc=0 site=7017C33E
gcalls seq=001240 caller=QUEST_SERVER target=701782E8 SQR31?3              argc=0 site=7017C33E
gcalls seq=001241 caller=QUEST_SERVER target=701782E8 SQR31?3              argc=0 site=7017C33E
gcalls seq=001242 caller=QUEST_SERVER target=701782E8 SQR31?3              argc=0 site=7017C33E
gcalls seq=001243 caller=QUEST_SERVER target=701782E8 SQR31?3              argc=0 site=7017C33E
gcalls seq=001244 caller=QUEST_SERVER target=701782E8 SQR31?3              argc=0 site=7017C33E
gcalls seq=001245 caller=QUEST_SERVER target=701782E8 SQR31?3              argc=0 site=7017C33E
gcalls seq=001246 caller=QUEST_SERVER target=701782E8 SQR31?3              argc=0 site=7017C33E
gcalls seq=001247 caller=QUEST_SERVER target=701782E8 SQR31?3              argc=0 site=7017C33E
gcalls seq=001248 caller=QUEST_SERVER target=701782E8 SQR31?3              argc=0 site=7017C33E
gcalls seq=001249 caller=QUEST_SERVER target=701782E8 SQR31?3              argc=0 site=7017C33E
gcalls seq=001250 caller=QUEST_SERVER target=701782E8 SQR31?3              argc=0 site=7017C33E
gcalls seq=001251 caller=QUEST_SERVER target=701782E8 SQR31?3              argc=0 site=7017C33E
gcalls seq=001252 caller=QUEST_SERVER target=701782E8 SQR31?3              argc=0 site=7017C33E
gcalls seq=001253 caller=QUEST_SERVER target=701782E8 SQR31?3              argc=0 site=7017C33E
gcalls seq=001254 caller=QUEST_SERVER target=701782E8 SQR31?3              argc=0 site=7017C33E
gcalls seq=001255 caller=QUEST_SERVER target=701782E8 SQR31?3              argc=0 site=7017C33E
gcalls seq=001256 caller=QUEST_SERVER target=701782E8 SQR31?3              argc=0 site=7017C33E
gcalls seq=001257 caller=QUEST_SERVER target=701782E8 SQR31?3              argc=0 site=7017C33E
gcalls seq=001258 caller=QUEST_SERVER target=701782E8 SQR31?3              argc=0 site=7017C33E
gcalls seq=001259 caller=QUEST_SERVER target=701782E8 SQR31?3              argc=0 site=7017C33E
gcalls seq=001260 caller=QUEST_SERVER target=701782E8 SQR31?3              argc=0 site=7017C33E
gcalls seq=001261 caller=QUEST_SERVER target=701782E8 SQR31?3              argc=0 site=7017C33E
gcalls seq=001262 caller=QUEST_SERVER target=701782E8 SQR31?3              argc=0 site=7017C33E
gcalls seq=001263 caller=QUEST_SERVER target=701782E8 SQR31?3              argc=0 site=7017C33E
gcalls seq=001264 caller=QUEST_SERVER target=701782E8 SQR31?3              argc=0 site=7017C33E
gcalls seq=001265 caller=QUEST_SERVER target=701782E8 SQR31?3              argc=0 site=7017C33E
gcalls seq=001266 caller=QUEST_SERVER target=701782E8 SQR31?3              argc=0 site=7017C33E
gcalls seq=001267 caller=QUEST_SERVER target=701782E8 SQR31?3              argc=0 site=7017C33E
gcalls seq=001268 caller=QUEST_SERVER target=701782E8 SQR31?3              argc=0 site=7017C33E
gcalls seq=001269 caller=QUEST_SERVER target=701782E8 SQR31?3              argc=0 site=7017C33E
gcalls seq=001270 caller=QUEST_SERVER target=701782E8 SQR31?3              argc=0 site=7017C33E
gcalls seq=001271 caller=QUEST_SERVER target=701782E8 SQR31?3              argc=0 site=7017C33E
gcalls seq=001272 caller=QUEST_SERVER target=701782E8 SQR31?3              argc=0 site=7017C33E
gcalls seq=001273 caller=QUEST_SERVER target=701782E8 SQR31?3              argc=0 site=7017C33E
gcalls seq=001274 caller=QUEST_SERVER target=701782E8 SQR31?3              argc=0 site=7017C33E
gcalls seq=001275 caller=QUEST_SERVER target=701782E8 SQR31?3              argc=0 site=7017C33E
gcalls seq=001276 caller=QUEST_SERVER target=701782E8 SQR31?3              argc=0 site=7017C33E
gcalls seq=001277 caller=QUEST_SERVER target=701782E8 SQR31?3              argc=0 site=7017C33E
gcalls seq=001278 caller=QUEST_SERVER target=701782E8 SQR31?3              argc=0 site=7017C33E
gcalls seq=001279 caller=QUEST_SERVER target=701782E8 SQR31?3              argc=0 site=7017C33E
gcalls seq=001280 caller=QUEST_SERVER target=701782E8 SQR31?3              argc=0 site=7017C33E
gcalls seq=001281 caller=QUEST_SERVER target=701782E8 SQR31?3              argc=0 site=7017C33E
gcalls seq=001282 caller=QUEST_SERVER target=701782E8 SQR31?3              argc=0 site=7017C33E
gcalls seq=001283 caller=QUEST_SERVER target=701782E8 SQR31?3              argc=0 site=7017C33E
gcalls seq=001284 caller=QUEST_SERVER target=701782E8 SQR31?3              argc=0 site=7017C33E
gcalls seq=001285 caller=QUEST_SERVER target=701782E8 SQR31?3              argc=0 site=7017C33E
gcalls seq=001286 caller=QUEST_SERVER target=701782E8 SQR31?3              argc=0 site=7017C33E
gcalls seq=001287 caller=QUEST_SERVER target=7017B501 PICK_X_Y             argc=2 site=7017AD25
gcalls seq=001288 caller=QUEST_SERVER target=7017C098 ROLL32               argc=0 site=7017E21A
gcalls seq=001289 caller=QUEST_SERVER target=7017C098 ROLL32               argc=0 site=7017E21A
gcalls seq=001290 caller=QUEST_SERVER target=7017C098 ROLL32               argc=0 site=7017E21A
gcalls seq=001291 caller=QUEST_SERVER target=70178F4D FIND_OBJECT          argc=3 site=7017AD2F
gcalls seq=001292 caller=QUEST_SERVER target=7017B501 PICK_X_Y             argc=2 site=7017AD25
gcalls seq=001293 caller=QUEST_SERVER target=7017C098 ROLL32               argc=0 site=7017E21A
gcalls seq=001294 caller=QUEST_SERVER target=7017C098 ROLL32               argc=0 site=7017E21A
gcalls seq=001295 caller=QUEST_SERVER target=7017C098 ROLL32               argc=0 site=7017E21A
gcalls seq=001296 caller=QUEST_SERVER target=70178F4D FIND_OBJECT          argc=3 site=7017AD2F
gcalls seq=001297 caller=QUEST_SERVER target=7017C13B TERRITORY            argc=6 site=7017AD41
gcalls seq=001298 caller=QUEST_SERVER target=701782E8 SQR31?3              argc=0 site=7017C33E
gcalls seq=001299 caller=QUEST_SERVER target=701782E8 SQR31?3              argc=0 site=7017C33E
gcalls seq=001300 caller=QUEST_SERVER target=701782E8 SQR31?3              argc=0 site=7017C33E
gcalls seq=001301 caller=QUEST_SERVER target=701782E8 SQR31?3              argc=0 site=7017C33E
gcalls seq=001302 caller=QUEST_SERVER target=701782E8 SQR31?3              argc=0 site=7017C33E
gcalls seq=001303 caller=QUEST_SERVER target=701782E8 SQR31?3              argc=0 site=7017C33E
gcalls seq=001304 caller=QUEST_SERVER target=701782E8 SQR31?3              argc=0 site=7017C33E
gcalls seq=001305 caller=QUEST_SERVER target=701782E8 SQR31?3              argc=0 site=7017C33E
gcalls seq=001306 caller=QUEST_SERVER target=701782E8 SQR31?3              argc=0 site=7017C33E
gcalls seq=001307 caller=QUEST_SERVER target=701782E8 SQR31?3              argc=0 site=7017C33E
gcalls seq=001308 caller=QUEST_SERVER target=701782E8 SQR31?3              argc=0 site=7017C33E
gcalls seq=001309 caller=QUEST_SERVER target=701782E8 SQR31?3              argc=0 site=7017C33E
gcalls seq=001310 caller=QUEST_SERVER target=701782E8 SQR31?3              argc=0 site=7017C33E
gcalls seq=001311 caller=QUEST_SERVER target=701782E8 SQR31?3              argc=0 site=7017C33E
gcalls seq=001312 caller=QUEST_SERVER target=701782E8 SQR31?3              argc=0 site=7017C33E
gcalls seq=001313 caller=QUEST_SERVER target=701782E8 SQR31?3              argc=0 site=7017C33E
gcalls seq=001314 caller=QUEST_SERVER target=701782E8 SQR31?3              argc=0 site=7017C33E
gcalls seq=001315 caller=QUEST_SERVER target=701782E8 SQR31?3              argc=0 site=7017C33E
gcalls seq=001316 caller=QUEST_SERVER target=701782E8 SQR31?3              argc=0 site=7017C33E
gcalls seq=001317 caller=QUEST_SERVER target=701782E8 SQR31?3              argc=0 site=7017C33E
gcalls seq=001318 caller=QUEST_SERVER target=701782E8 SQR31?3              argc=0 site=7017C33E
gcalls seq=001319 caller=QUEST_SERVER target=701782E8 SQR31?3              argc=0 site=7017C33E
gcalls seq=001320 caller=QUEST_SERVER target=701782E8 SQR31?3              argc=0 site=7017C33E
gcalls seq=001321 caller=QUEST_SERVER target=701782E8 SQR31?3              argc=0 site=7017C33E
gcalls seq=001322 caller=QUEST_SERVER target=701782E8 SQR31?3              argc=0 site=7017C33E
gcalls seq=001323 caller=QUEST_SERVER target=701782E8 SQR31?3              argc=0 site=7017C33E
gcalls seq=001324 caller=QUEST_SERVER target=701782E8 SQR31?3              argc=0 site=7017C33E
gcalls seq=001325 caller=QUEST_SERVER target=701782E8 SQR31?3              argc=0 site=7017C33E
gcalls seq=001326 caller=QUEST_SERVER target=701782E8 SQR31?3              argc=0 site=7017C33E
gcalls seq=001327 caller=QUEST_SERVER target=701782E8 SQR31?3              argc=0 site=7017C33E
gcalls seq=001328 caller=QUEST_SERVER target=701782E8 SQR31?3              argc=0 site=7017C33E
gcalls seq=001329 caller=QUEST_SERVER target=701782E8 SQR31?3              argc=0 site=7017C33E
gcalls seq=001330 caller=QUEST_SERVER target=701782E8 SQR31?3              argc=0 site=7017C33E
gcalls seq=001331 caller=QUEST_SERVER target=701782E8 SQR31?3              argc=0 site=7017C33E
gcalls seq=001332 caller=QUEST_SERVER target=701782E8 SQR31?3              argc=0 site=7017C33E
gcalls seq=001333 caller=QUEST_SERVER target=701782E8 SQR31?3              argc=0 site=7017C33E
gcalls seq=001334 caller=QUEST_SERVER target=701782E8 SQR31?3              argc=0 site=7017C33E
gcalls seq=001335 caller=QUEST_SERVER target=701782E8 SQR31?3              argc=0 site=7017C33E
gcalls seq=001336 caller=QUEST_SERVER target=701782E8 SQR31?3              argc=0 site=7017C33E
gcalls seq=001337 caller=QUEST_SERVER target=701782E8 SQR31?3              argc=0 site=7017C33E
gcalls seq=001338 caller=QUEST_SERVER target=701782E8 SQR31?3              argc=0 site=7017C33E
gcalls seq=001339 caller=QUEST_SERVER target=701782E8 SQR31?3              argc=0 site=7017C33E
gcalls seq=001340 caller=QUEST_SERVER target=701782E8 SQR31?3              argc=0 site=7017C33E
gcalls seq=001341 caller=QUEST_SERVER target=701782E8 SQR31?3              argc=0 site=7017C33E
gcalls seq=001342 caller=QUEST_SERVER target=701782E8 SQR31?3              argc=0 site=7017C33E
gcalls seq=001343 caller=QUEST_SERVER target=701782E8 SQR31?3              argc=0 site=7017C33E
gcalls seq=001344 caller=QUEST_SERVER target=701782E8 SQR31?3              argc=0 site=7017C33E
gcalls seq=001345 caller=QUEST_SERVER target=701782E8 SQR31?3              argc=0 site=7017C33E
gcalls seq=001346 caller=QUEST_SERVER target=701782E8 SQR31?3              argc=0 site=7017C33E
gcalls seq=001347 caller=QUEST_SERVER target=701782E8 SQR31?3              argc=0 site=7017C33E
gcalls seq=001348 caller=QUEST_SERVER target=701782E8 SQR31?3              argc=0 site=7017C33E
gcalls seq=001349 caller=QUEST_SERVER target=701782E8 SQR31?3              argc=0 site=7017C33E
gcalls seq=001350 caller=QUEST_SERVER target=701782E8 SQR31?3              argc=0 site=7017C33E
gcalls seq=001351 caller=QUEST_SERVER target=701782E8 SQR31?3              argc=0 site=7017C33E
gcalls seq=001352 caller=QUEST_SERVER target=701782E8 SQR31?3              argc=0 site=7017C33E
gcalls seq=001353 caller=QUEST_SERVER target=701782E8 SQR31?3              argc=0 site=7017C33E
gcalls seq=001354 caller=QUEST_SERVER target=701782E8 SQR31?3              argc=0 site=7017C33E
gcalls seq=001355 caller=QUEST_SERVER target=701782E8 SQR31?3              argc=0 site=7017C33E
gcalls seq=001356 caller=QUEST_SERVER target=701782E8 SQR31?3              argc=0 site=7017C33E
gcalls seq=001357 caller=QUEST_SERVER target=701782E8 SQR31?3              argc=0 site=7017C33E
gcalls seq=001358 caller=QUEST_SERVER target=701782E8 SQR31?3              argc=0 site=7017C33E
gcalls seq=001359 caller=QUEST_SERVER target=701782E8 SQR31?3              argc=0 site=7017C33E
gcalls seq=001360 caller=QUEST_SERVER target=701782E8 SQR31?3              argc=0 site=7017C33E
gcalls seq=001361 caller=QUEST_SERVER target=701782E8 SQR31?3              argc=0 site=7017C33E
gcalls seq=001362 caller=QUEST_SERVER target=701782E8 SQR31?3              argc=0 site=7017C33E
gcalls seq=001363 caller=QUEST_SERVER target=701782E8 SQR31?3              argc=0 site=7017C33E
gcalls seq=001364 caller=QUEST_SERVER target=701782E8 SQR31?3              argc=0 site=7017C33E
gcalls seq=001365 caller=QUEST_SERVER target=701782E8 SQR31?3              argc=0 site=7017C33E
gcalls seq=001366 caller=QUEST_SERVER target=701782E8 SQR31?3              argc=0 site=7017C33E
gcalls seq=001367 caller=QUEST_SERVER target=701782E8 SQR31?3              argc=0 site=7017C33E
gcalls seq=001368 caller=QUEST_SERVER target=701782E8 SQR31?3              argc=0 site=7017C33E
gcalls seq=001369 caller=QUEST_SERVER target=701782E8 SQR31?3              argc=0 site=7017C33E
gcalls seq=001370 caller=QUEST_SERVER target=701782E8 SQR31?3              argc=0 site=7017C33E
gcalls seq=001371 caller=QUEST_SERVER target=701782E8 SQR31?3              argc=0 site=7017C33E
gcalls seq=001372 caller=QUEST_SERVER target=701782E8 SQR31?3              argc=0 site=7017C33E
gcalls seq=001373 caller=QUEST_SERVER target=701782E8 SQR31?3              argc=0 site=7017C33E
gcalls seq=001374 caller=QUEST_SERVER target=701782E8 SQR31?3              argc=0 site=7017C33E
gcalls seq=001375 caller=QUEST_SERVER target=701782E8 SQR31?3              argc=0 site=7017C33E
gcalls seq=001376 caller=QUEST_SERVER target=701782E8 SQR31?3              argc=0 site=7017C33E
gcalls seq=001377 caller=QUEST_SERVER target=701782E8 SQR31?3              argc=0 site=7017C33E
gcalls seq=001378 caller=QUEST_SERVER target=701782E8 SQR31?3              argc=0 site=7017C33E
gcalls seq=001379 caller=QUEST_SERVER target=701782E8 SQR31?3              argc=0 site=7017C33E
gcalls seq=001380 caller=QUEST_SERVER target=701782E8 SQR31?3              argc=0 site=7017C33E
gcalls seq=001381 caller=QUEST_SERVER target=701782E8 SQR31?3              argc=0 site=7017C33E
gcalls seq=001382 caller=QUEST_SERVER target=701782E8 SQR31?3              argc=0 site=7017C33E
gcalls seq=001383 caller=QUEST_SERVER target=701782E8 SQR31?3              argc=0 site=7017C33E
gcalls seq=001384 caller=QUEST_SERVER target=701782E8 SQR31?3              argc=0 site=7017C33E
gcalls seq=001385 caller=QUEST_SERVER target=701782E8 SQR31?3              argc=0 site=7017C33E
gcalls seq=001386 caller=QUEST_SERVER target=701782E8 SQR31?3              argc=0 site=7017C33E
gcalls seq=001387 caller=QUEST_SERVER target=701782E8 SQR31?3              argc=0 site=7017C33E
gcalls seq=001388 caller=QUEST_SERVER target=701782E8 SQR31?3              argc=0 site=7017C33E
gcalls seq=001389 caller=QUEST_SERVER target=701782E8 SQR31?3              argc=0 site=7017C33E
gcalls seq=001390 caller=QUEST_SERVER target=701782E8 SQR31?3              argc=0 site=7017C33E
gcalls seq=001391 caller=QUEST_SERVER target=701782E8 SQR31?3              argc=0 site=7017C33E
gcalls seq=001392 caller=QUEST_SERVER target=701782E8 SQR31?3              argc=0 site=7017C33E
gcalls seq=001393 caller=QUEST_SERVER target=701782E8 SQR31?3              argc=0 site=7017C33E
gcalls seq=001394 caller=QUEST_SERVER target=701782E8 SQR31?3              argc=0 site=7017C33E
gcalls seq=001395 caller=QUEST_SERVER target=701782E8 SQR31?3              argc=0 site=7017C33E
gcalls seq=001396 caller=QUEST_SERVER target=701782E8 SQR31?3              argc=0 site=7017C33E
gcalls seq=001397 caller=QUEST_SERVER target=701782E8 SQR31?3              argc=0 site=7017C33E
gcalls seq=001398 caller=QUEST_SERVER target=701782E8 SQR31?3              argc=0 site=7017C33E
gcalls seq=001399 caller=QUEST_SERVER target=701782E8 SQR31?3              argc=0 site=7017C33E
gcalls seq=001400 caller=QUEST_SERVER target=701782E8 SQR31?3              argc=0 site=7017C33E
gcalls seq=001401 caller=QUEST_SERVER target=701782E8 SQR31?3              argc=0 site=7017C33E
gcalls seq=001402 caller=QUEST_SERVER target=701782E8 SQR31?3              argc=0 site=7017C33E
gcalls seq=001403 caller=QUEST_SERVER target=701782E8 SQR31?3              argc=0 site=7017C33E
gcalls seq=001404 caller=QUEST_SERVER target=701782E8 SQR31?3              argc=0 site=7017C33E
gcalls seq=001405 caller=QUEST_SERVER target=701782E8 SQR31?3              argc=0 site=7017C33E
gcalls seq=001406 caller=QUEST_SERVER target=701782E8 SQR31?3              argc=0 site=7017C33E
gcalls seq=001407 caller=QUEST_SERVER target=701782E8 SQR31?3              argc=0 site=7017C33E
gcalls seq=001408 caller=QUEST_SERVER target=701782E8 SQR31?3              argc=0 site=7017C33E
gcalls seq=001409 caller=QUEST_SERVER target=701782E8 SQR31?3              argc=0 site=7017C33E
gcalls seq=001410 caller=QUEST_SERVER target=701782E8 SQR31?3              argc=0 site=7017C33E
gcalls seq=001411 caller=QUEST_SERVER target=701782E8 SQR31?3              argc=0 site=7017C33E
gcalls seq=001412 caller=QUEST_SERVER target=701782E8 SQR31?3              argc=0 site=7017C33E
gcalls seq=001413 caller=QUEST_SERVER target=701782E8 SQR31?3              argc=0 site=7017C33E
gcalls seq=001414 caller=QUEST_SERVER target=7017B501 PICK_X_Y             argc=2 site=7017AD25
gcalls seq=001415 caller=QUEST_SERVER target=7017C098 ROLL32               argc=0 site=7017E21A
gcalls seq=001416 caller=QUEST_SERVER target=7017C098 ROLL32               argc=0 site=7017E21A
gcalls seq=001417 caller=QUEST_SERVER target=7017C098 ROLL32               argc=0 site=7017E21A
gcalls seq=001418 caller=QUEST_SERVER target=70178F4D FIND_OBJECT          argc=3 site=7017AD2F
gcalls seq=001419 caller=QUEST_SERVER target=7017C13B TERRITORY            argc=6 site=7017AD41
gcalls seq=001420 caller=QUEST_SERVER target=701782E8 SQR31?3              argc=0 site=7017C33E
gcalls seq=001421 caller=QUEST_SERVER target=701782E8 SQR31?3              argc=0 site=7017C33E
gcalls seq=001422 caller=QUEST_SERVER target=701782E8 SQR31?3              argc=0 site=7017C33E
gcalls seq=001423 caller=QUEST_SERVER target=701782E8 SQR31?3              argc=0 site=7017C33E
gcalls seq=001424 caller=QUEST_SERVER target=701782E8 SQR31?3              argc=0 site=7017C33E
gcalls seq=001425 caller=QUEST_SERVER target=701782E8 SQR31?3              argc=0 site=7017C33E
gcalls seq=001426 caller=QUEST_SERVER target=701782E8 SQR31?3              argc=0 site=7017C33E
gcalls seq=001427 caller=QUEST_SERVER target=701782E8 SQR31?3              argc=0 site=7017C33E
gcalls seq=001428 caller=QUEST_SERVER target=701782E8 SQR31?3              argc=0 site=7017C33E
gcalls seq=001429 caller=QUEST_SERVER target=701782E8 SQR31?3              argc=0 site=7017C33E
gcalls seq=001430 caller=QUEST_SERVER target=701782E8 SQR31?3              argc=0 site=7017C33E
gcalls seq=001431 caller=QUEST_SERVER target=701782E8 SQR31?3              argc=0 site=7017C33E
gcalls seq=001432 caller=QUEST_SERVER target=701782E8 SQR31?3              argc=0 site=7017C33E
gcalls seq=001433 caller=QUEST_SERVER target=701782E8 SQR31?3              argc=0 site=7017C33E
gcalls seq=001434 caller=QUEST_SERVER target=701782E8 SQR31?3              argc=0 site=7017C33E
gcalls seq=001435 caller=QUEST_SERVER target=701782E8 SQR31?3              argc=0 site=7017C33E
gcalls seq=001436 caller=QUEST_SERVER target=701782E8 SQR31?3              argc=0 site=7017C33E
gcalls seq=001437 caller=QUEST_SERVER target=701782E8 SQR31?3              argc=0 site=7017C33E
gcalls seq=001438 caller=QUEST_SERVER target=701782E8 SQR31?3              argc=0 site=7017C33E
gcalls seq=001439 caller=QUEST_SERVER target=701782E8 SQR31?3              argc=0 site=7017C33E
gcalls seq=001440 caller=QUEST_SERVER target=701782E8 SQR31?3              argc=0 site=7017C33E
gcalls seq=001441 caller=QUEST_SERVER target=701782E8 SQR31?3              argc=0 site=7017C33E
gcalls seq=001442 caller=QUEST_SERVER target=701782E8 SQR31?3              argc=0 site=7017C33E
gcalls seq=001443 caller=QUEST_SERVER target=701782E8 SQR31?3              argc=0 site=7017C33E
gcalls seq=001444 caller=QUEST_SERVER target=701782E8 SQR31?3              argc=0 site=7017C33E
gcalls seq=001445 caller=QUEST_SERVER target=701782E8 SQR31?3              argc=0 site=7017C33E
gcalls seq=001446 caller=QUEST_SERVER target=701782E8 SQR31?3              argc=0 site=7017C33E
gcalls seq=001447 caller=QUEST_SERVER target=701782E8 SQR31?3              argc=0 site=7017C33E
gcalls seq=001448 caller=QUEST_SERVER target=701782E8 SQR31?3              argc=0 site=7017C33E
gcalls seq=001449 caller=QUEST_SERVER target=701782E8 SQR31?3              argc=0 site=7017C33E
gcalls seq=001450 caller=QUEST_SERVER target=701782E8 SQR31?3              argc=0 site=7017C33E
gcalls seq=001451 caller=QUEST_SERVER target=701782E8 SQR31?3              argc=0 site=7017C33E
gcalls seq=001452 caller=QUEST_SERVER target=701782E8 SQR31?3              argc=0 site=7017C33E
gcalls seq=001453 caller=QUEST_SERVER target=701782E8 SQR31?3              argc=0 site=7017C33E
gcalls seq=001454 caller=QUEST_SERVER target=701782E8 SQR31?3              argc=0 site=7017C33E
gcalls seq=001455 caller=QUEST_SERVER target=701782E8 SQR31?3              argc=0 site=7017C33E
gcalls seq=001456 caller=QUEST_SERVER target=701782E8 SQR31?3              argc=0 site=7017C33E
gcalls seq=001457 caller=QUEST_SERVER target=701782E8 SQR31?3              argc=0 site=7017C33E
gcalls seq=001458 caller=QUEST_SERVER target=701782E8 SQR31?3              argc=0 site=7017C33E
gcalls seq=001459 caller=QUEST_SERVER target=701782E8 SQR31?3              argc=0 site=7017C33E
gcalls seq=001460 caller=QUEST_SERVER target=701782E8 SQR31?3              argc=0 site=7017C33E
gcalls seq=001461 caller=QUEST_SERVER target=701782E8 SQR31?3              argc=0 site=7017C33E
gcalls seq=001462 caller=QUEST_SERVER target=701782E8 SQR31?3              argc=0 site=7017C33E
gcalls seq=001463 caller=QUEST_SERVER target=701782E8 SQR31?3              argc=0 site=7017C33E
gcalls seq=001464 caller=QUEST_SERVER target=701782E8 SQR31?3              argc=0 site=7017C33E
gcalls seq=001465 caller=QUEST_SERVER target=701782E8 SQR31?3              argc=0 site=7017C33E
gcalls seq=001466 caller=QUEST_SERVER target=701782E8 SQR31?3              argc=0 site=7017C33E
gcalls seq=001467 caller=QUEST_SERVER target=701782E8 SQR31?3              argc=0 site=7017C33E
gcalls seq=001468 caller=QUEST_SERVER target=701782E8 SQR31?3              argc=0 site=7017C33E
gcalls seq=001469 caller=QUEST_SERVER target=701782E8 SQR31?3              argc=0 site=7017C33E
gcalls seq=001470 caller=QUEST_SERVER target=701782E8 SQR31?3              argc=0 site=7017C33E
gcalls seq=001471 caller=QUEST_SERVER target=701782E8 SQR31?3              argc=0 site=7017C33E
gcalls seq=001472 caller=QUEST_SERVER target=701782E8 SQR31?3              argc=0 site=7017C33E
gcalls seq=001473 caller=QUEST_SERVER target=701782E8 SQR31?3              argc=0 site=7017C33E
gcalls seq=001474 caller=QUEST_SERVER target=701782E8 SQR31?3              argc=0 site=7017C33E
gcalls seq=001475 caller=QUEST_SERVER target=701782E8 SQR31?3              argc=0 site=7017C33E
gcalls seq=001476 caller=QUEST_SERVER target=701782E8 SQR31?3              argc=0 site=7017C33E
gcalls seq=001477 caller=QUEST_SERVER target=701782E8 SQR31?3              argc=0 site=7017C33E
gcalls seq=001478 caller=QUEST_SERVER target=701782E8 SQR31?3              argc=0 site=7017C33E
gcalls seq=001479 caller=QUEST_SERVER target=701782E8 SQR31?3              argc=0 site=7017C33E
gcalls seq=001480 caller=QUEST_SERVER target=701782E8 SQR31?3              argc=0 site=7017C33E
gcalls seq=001481 caller=QUEST_SERVER target=701782E8 SQR31?3              argc=0 site=7017C33E
gcalls seq=001482 caller=QUEST_SERVER target=701782E8 SQR31?3              argc=0 site=7017C33E
gcalls seq=001483 caller=QUEST_SERVER target=701782E8 SQR31?3              argc=0 site=7017C33E
gcalls seq=001484 caller=QUEST_SERVER target=701782E8 SQR31?3              argc=0 site=7017C33E
gcalls seq=001485 caller=QUEST_SERVER target=701782E8 SQR31?3              argc=0 site=7017C33E
gcalls seq=001486 caller=QUEST_SERVER target=701782E8 SQR31?3              argc=0 site=7017C33E
gcalls seq=001487 caller=QUEST_SERVER target=701782E8 SQR31?3              argc=0 site=7017C33E
gcalls seq=001488 caller=QUEST_SERVER target=701782E8 SQR31?3              argc=0 site=7017C33E
gcalls seq=001489 caller=QUEST_SERVER target=701782E8 SQR31?3              argc=0 site=7017C33E
gcalls seq=001490 caller=QUEST_SERVER target=701782E8 SQR31?3              argc=0 site=7017C33E
gcalls seq=001491 caller=QUEST_SERVER target=701782E8 SQR31?3              argc=0 site=7017C33E
gcalls seq=001492 caller=QUEST_SERVER target=701782E8 SQR31?3              argc=0 site=7017C33E
gcalls seq=001493 caller=QUEST_SERVER target=701782E8 SQR31?3              argc=0 site=7017C33E
gcalls seq=001494 caller=QUEST_SERVER target=701782E8 SQR31?3              argc=0 site=7017C33E
gcalls seq=001495 caller=QUEST_SERVER target=701782E8 SQR31?3              argc=0 site=7017C33E
gcalls seq=001496 caller=QUEST_SERVER target=701782E8 SQR31?3              argc=0 site=7017C33E
gcalls seq=001497 caller=QUEST_SERVER target=701782E8 SQR31?3              argc=0 site=7017C33E
gcalls seq=001498 caller=QUEST_SERVER target=701782E8 SQR31?3              argc=0 site=7017C33E
gcalls seq=001499 caller=QUEST_SERVER target=701782E8 SQR31?3              argc=0 site=7017C33E
gcalls seq=001500 caller=QUEST_SERVER target=701782E8 SQR31?3              argc=0 site=7017C33E
gcalls seq=001501 caller=QUEST_SERVER target=701782E8 SQR31?3              argc=0 site=7017C33E
gcalls seq=001502 caller=QUEST_SERVER target=701782E8 SQR31?3              argc=0 site=7017C33E
gcalls seq=001503 caller=QUEST_SERVER target=701782E8 SQR31?3              argc=0 site=7017C33E
gcalls seq=001504 caller=QUEST_SERVER target=701782E8 SQR31?3              argc=0 site=7017C33E
gcalls seq=001505 caller=QUEST_SERVER target=701782E8 SQR31?3              argc=0 site=7017C33E
gcalls seq=001506 caller=QUEST_SERVER target=701782E8 SQR31?3              argc=0 site=7017C33E
gcalls seq=001507 caller=QUEST_SERVER target=701782E8 SQR31?3              argc=0 site=7017C33E
gcalls seq=001508 caller=QUEST_SERVER target=701782E8 SQR31?3              argc=0 site=7017C33E
gcalls seq=001509 caller=QUEST_SERVER target=701782E8 SQR31?3              argc=0 site=7017C33E
gcalls seq=001510 caller=QUEST_SERVER target=701782E8 SQR31?3              argc=0 site=7017C33E
gcalls seq=001511 caller=QUEST_SERVER target=701782E8 SQR31?3              argc=0 site=7017C33E
gcalls seq=001512 caller=QUEST_SERVER target=701782E8 SQR31?3              argc=0 site=7017C33E
gcalls seq=001513 caller=QUEST_SERVER target=701782E8 SQR31?3              argc=0 site=7017C33E
gcalls seq=001514 caller=QUEST_SERVER target=701782E8 SQR31?3              argc=0 site=7017C33E
gcalls seq=001515 caller=QUEST_SERVER target=701782E8 SQR31?3              argc=0 site=7017C33E
gcalls seq=001516 caller=QUEST_SERVER target=701782E8 SQR31?3              argc=0 site=7017C33E
gcalls seq=001517 caller=QUEST_SERVER target=701782E8 SQR31?3              argc=0 site=7017C33E
gcalls seq=001518 caller=QUEST_SERVER target=701782E8 SQR31?3              argc=0 site=7017C33E
gcalls seq=001519 caller=QUEST_SERVER target=701782E8 SQR31?3              argc=0 site=7017C33E
gcalls seq=001520 caller=QUEST_SERVER target=701782E8 SQR31?3              argc=0 site=7017C33E
gcalls seq=001521 caller=QUEST_SERVER target=701782E8 SQR31?3              argc=0 site=7017C33E
gcalls seq=001522 caller=QUEST_SERVER target=701782E8 SQR31?3              argc=0 site=7017C33E
gcalls seq=001523 caller=QUEST_SERVER target=701782E8 SQR31?3              argc=0 site=7017C33E
gcalls seq=001524 caller=QUEST_SERVER target=701782E8 SQR31?3              argc=0 site=7017C33E
gcalls seq=001525 caller=QUEST_SERVER target=701782E8 SQR31?3              argc=0 site=7017C33E
gcalls seq=001526 caller=QUEST_SERVER target=701782E8 SQR31?3              argc=0 site=7017C33E
gcalls seq=001527 caller=QUEST_SERVER target=701782E8 SQR31?3              argc=0 site=7017C33E
gcalls seq=001528 caller=QUEST_SERVER target=701782E8 SQR31?3              argc=0 site=7017C33E
gcalls seq=001529 caller=QUEST_SERVER target=701782E8 SQR31?3              argc=0 site=7017C33E
gcalls seq=001530 caller=QUEST_SERVER target=701782E8 SQR31?3              argc=0 site=7017C33E
gcalls seq=001531 caller=QUEST_SERVER target=701782E8 SQR31?3              argc=0 site=7017C33E
gcalls seq=001532 caller=QUEST_SERVER target=701782E8 SQR31?3              argc=0 site=7017C33E
gcalls seq=001533 caller=QUEST_SERVER target=701782E8 SQR31?3              argc=0 site=7017C33E
gcalls seq=001534 caller=QUEST_SERVER target=701782E8 SQR31?3              argc=0 site=7017C33E
gcalls seq=001535 caller=QUEST_SERVER target=701782E8 SQR31?3              argc=0 site=7017C33E
gcalls seq=001536 caller=QUEST_SERVER target=7017B501 PICK_X_Y             argc=2 site=7017AD25
gcalls seq=001537 caller=QUEST_SERVER target=7017C098 ROLL32               argc=0 site=7017E21A
gcalls seq=001538 caller=QUEST_SERVER target=7017C098 ROLL32               argc=0 site=7017E21A
gcalls seq=001539 caller=QUEST_SERVER target=7017C098 ROLL32               argc=0 site=7017E21A
gcalls seq=001540 caller=QUEST_SERVER target=70178F4D FIND_OBJECT          argc=3 site=7017AD2F
gcalls seq=001541 caller=QUEST_SERVER target=7017C13B TERRITORY            argc=6 site=7017AD41
gcalls seq=001542 caller=QUEST_SERVER target=701782E8 SQR31?3              argc=0 site=7017C33E
gcalls seq=001543 caller=QUEST_SERVER target=701782E8 SQR31?3              argc=0 site=7017C33E
gcalls seq=001544 caller=QUEST_SERVER target=701782E8 SQR31?3              argc=0 site=7017C33E
gcalls seq=001545 caller=QUEST_SERVER target=701782E8 SQR31?3              argc=0 site=7017C33E
gcalls seq=001546 caller=QUEST_SERVER target=701782E8 SQR31?3              argc=0 site=7017C33E
gcalls seq=001547 caller=QUEST_SERVER target=701782E8 SQR31?3              argc=0 site=7017C33E
gcalls seq=001548 caller=QUEST_SERVER target=701782E8 SQR31?3              argc=0 site=7017C33E
gcalls seq=001549 caller=QUEST_SERVER target=701782E8 SQR31?3              argc=0 site=7017C33E
gcalls seq=001550 caller=QUEST_SERVER target=701782E8 SQR31?3              argc=0 site=7017C33E
gcalls seq=001551 caller=QUEST_SERVER target=701782E8 SQR31?3              argc=0 site=7017C33E
gcalls seq=001552 caller=QUEST_SERVER target=701782E8 SQR31?3              argc=0 site=7017C33E
gcalls seq=001553 caller=QUEST_SERVER target=701782E8 SQR31?3              argc=0 site=7017C33E
gcalls seq=001554 caller=QUEST_SERVER target=701782E8 SQR31?3              argc=0 site=7017C33E
gcalls seq=001555 caller=QUEST_SERVER target=701782E8 SQR31?3              argc=0 site=7017C33E
gcalls seq=001556 caller=QUEST_SERVER target=701782E8 SQR31?3              argc=0 site=7017C33E
gcalls seq=001557 caller=QUEST_SERVER target=701782E8 SQR31?3              argc=0 site=7017C33E
gcalls seq=001558 caller=QUEST_SERVER target=701782E8 SQR31?3              argc=0 site=7017C33E
gcalls seq=001559 caller=QUEST_SERVER target=701782E8 SQR31?3              argc=0 site=7017C33E
gcalls seq=001560 caller=QUEST_SERVER target=701782E8 SQR31?3              argc=0 site=7017C33E
gcalls seq=001561 caller=QUEST_SERVER target=701782E8 SQR31?3              argc=0 site=7017C33E
gcalls seq=001562 caller=QUEST_SERVER target=701782E8 SQR31?3              argc=0 site=7017C33E
gcalls seq=001563 caller=QUEST_SERVER target=701782E8 SQR31?3              argc=0 site=7017C33E
gcalls seq=001564 caller=QUEST_SERVER target=701782E8 SQR31?3              argc=0 site=7017C33E
gcalls seq=001565 caller=QUEST_SERVER target=701782E8 SQR31?3              argc=0 site=7017C33E
gcalls seq=001566 caller=QUEST_SERVER target=701782E8 SQR31?3              argc=0 site=7017C33E
gcalls seq=001567 caller=QUEST_SERVER target=7017C098 ROLL32               argc=0 site=7017E21A
gcalls seq=001568 caller=QUEST_SERVER target=70178F4D FIND_OBJECT          argc=3 site=7017B168
gcalls seq=001569 caller=QUEST_SERVER target=7017C99B UPDATE_USER_DATA_FILE argc=3 site=7017B1DD
gcalls seq=001579 caller=QUEST1 target=7016DF39 INIT_OBJ_TBL         argc=2 site=7015C2B7
gcalls seq=001580 caller=QUEST1 target=7015C5E1 -                    argc=0 site=7015C337
gcalls seq=001581 caller=QUEST2 target=7016DF39 INIT_OBJ_TBL         argc=2 site=7015C2B7
gcalls seq=001582 caller=QUEST2 target=7015C5E1 -                    argc=0 site=7015C337
gcalls seq=001583 caller=QUEST1 target=7016E103 INIT_SCREEN          argc=1 site=7015C38C
gcalls seq=001584 caller=QUEST2 target=7016E103 INIT_SCREEN          argc=1 site=7015C38C
gcalls seq=001586 caller=QUEST1 target=701697A1 FAKE_LAND_MASS       argc=1 site=7016E1D2
gcalls seq=001587 caller=QUEST2 target=701697A1 FAKE_LAND_MASS       argc=1 site=7016E1D2
gcalls seq=001588 caller=QUEST1 target=701699B5 FAKE_OCEAN           argc=1 site=7016E1D8
gcalls seq=001589 caller=QUEST2 target=701699B5 FAKE_OCEAN           argc=1 site=7016E1D8
gcalls seq=001605 caller=QUEST1 target=7016B549 GET_QUEST            argc=0 site=7015C3B5
gcalls seq=001606 caller=QUEST2 target=7016B549 GET_QUEST            argc=0 site=7015C3B5
gcalls seq=001625 caller=QUEST1 target=70165713 C_A_LISTENER         argc=1 site=7017E7C1
gcalls seq=001626 caller=QUEST2 target=70165713 C_A_LISTENER         argc=1 site=7017E7C1
gcalls seq=001629 caller=QUEST1 target=7016DE91 HIT_ANY_CHAR         argc=0 site=7016BCA0
gcalls seq=001630 caller=QUEST2 target=7016DE91 HIT_ANY_CHAR         argc=0 site=7016BCA0
gcalls seq=001640 caller=QUEST1 target=7016AA35 GET_INPUT            argc=1 site=7016DEA9
gcalls seq=001641 caller=QUEST2 target=7016AA35 GET_INPUT            argc=1 site=7016DEA9
gcalls seq=001658 caller=QUEST1 target=70176A93 REFRESH_SCREEN       argc=0 site=7016BCA4
gcalls seq=001660 caller=QUEST2 target=70176A93 REFRESH_SCREEN       argc=0 site=7016BCA4
gcalls seq=001746 caller=QUEST1 target=70166AF9 DISPLAY_SCREEN       argc=1 site=7016BCBE
gcalls seq=001747 caller=QUEST1 target=70168717 DIST                 argc=4 site=70166B86
gcalls seq=001748 caller=QUEST1 target=70168717 DIST                 argc=4 site=70166B86
gcalls seq=001749 caller=QUEST1 target=70168717 DIST                 argc=4 site=70166B86
gcalls seq=001751 caller=QUEST2 target=70166AF9 DISPLAY_SCREEN       argc=1 site=7016BCBE
gcalls seq=001752 caller=QUEST2 target=70168717 DIST                 argc=4 site=70166B86
gcalls seq=001756 caller=QUEST2 target=70168717 DIST                 argc=4 site=70166B86
gcalls seq=001760 caller=QUEST2 target=70168717 DIST                 argc=4 site=70166B86
gcalls seq=001764 caller=QUEST1 target=70168717 DIST                 argc=4 site=70166E1C
gcalls seq=001765 caller=QUEST1 target=70168717 DIST                 argc=4 site=70166E1C
gcalls seq=001766 caller=QUEST1 target=70168717 DIST                 argc=4 site=70166E1C
gcalls seq=001767 caller=QUEST2 target=70168717 DIST                 argc=4 site=70166E1C
gcalls seq=001771 caller=QUEST2 target=70168717 DIST                 argc=4 site=70166E1C
gcalls seq=001775 caller=QUEST2 target=70168717 DIST                 argc=4 site=70166E1C
gcalls seq=001779 caller=QUEST1 target=70168717 DIST                 argc=4 site=70166E1C
gcalls seq=001780 caller=QUEST1 target=70168717 DIST                 argc=4 site=70166E1C
gcalls seq=001781 caller=QUEST1 target=70168717 DIST                 argc=4 site=70166E1C
gcalls seq=001782 caller=QUEST2 target=70168717 DIST                 argc=4 site=70166E1C
gcalls seq=001786 caller=QUEST2 target=70168717 DIST                 argc=4 site=70166E1C
gcalls seq=001790 caller=QUEST2 target=70168717 DIST                 argc=4 site=70166E1C
gcalls seq=001794 caller=QUEST1 target=70168717 DIST                 argc=4 site=70166E1C
gcalls seq=001795 caller=QUEST1 target=70168717 DIST                 argc=4 site=70166E1C
gcalls seq=001796 caller=QUEST1 target=70168717 DIST                 argc=4 site=70166E1C
gcalls seq=001797 caller=QUEST2 target=70168717 DIST                 argc=4 site=70166E1C
gcalls seq=001801 caller=QUEST2 target=70168717 DIST                 argc=4 site=70166E1C
gcalls seq=001805 caller=QUEST2 target=70168717 DIST                 argc=4 site=70166E1C
gcalls seq=001809 caller=QUEST1 target=70168717 DIST                 argc=4 site=70166E1C
gcalls seq=001810 caller=QUEST1 target=70168717 DIST                 argc=4 site=70166E1C
gcalls seq=001811 caller=QUEST1 target=70168717 DIST                 argc=4 site=70166E1C
gcalls seq=001812 caller=QUEST2 target=70168717 DIST                 argc=4 site=70166E1C
gcalls seq=001816 caller=QUEST2 target=70168717 DIST                 argc=4 site=70166E1C
gcalls seq=001820 caller=QUEST2 target=70168717 DIST                 argc=4 site=70166E1C
gcalls seq=001824 caller=QUEST1 target=70168717 DIST                 argc=4 site=70166E1C
gcalls seq=001825 caller=QUEST1 target=70168717 DIST                 argc=4 site=70166E1C
gcalls seq=001826 caller=QUEST1 target=70168717 DIST                 argc=4 site=70166E1C
gcalls seq=001827 caller=QUEST2 target=70168717 DIST                 argc=4 site=70166E1C
gcalls seq=001831 caller=QUEST2 target=70168717 DIST                 argc=4 site=70166E1C
gcalls seq=001835 caller=QUEST2 target=70168717 DIST                 argc=4 site=70166E1C
gcalls seq=001839 caller=QUEST1 target=70168717 DIST                 argc=4 site=70166E1C
gcalls seq=001840 caller=QUEST1 target=70168717 DIST                 argc=4 site=70166E1C
gcalls seq=001841 caller=QUEST1 target=70168717 DIST                 argc=4 site=70166E1C
gcalls seq=001842 caller=QUEST2 target=70168717 DIST                 argc=4 site=70166E1C
gcalls seq=001846 caller=QUEST2 target=70168717 DIST                 argc=4 site=70166E1C
gcalls seq=001850 caller=QUEST2 target=70168717 DIST                 argc=4 site=70166E1C
gcalls seq=001854 caller=QUEST1 target=70168717 DIST                 argc=4 site=70166E1C
gcalls seq=001855 caller=QUEST1 target=70168717 DIST                 argc=4 site=70166E1C
gcalls seq=001856 caller=QUEST1 target=70168717 DIST                 argc=4 site=70166E1C
gcalls seq=001857 caller=QUEST2 target=70168717 DIST                 argc=4 site=70166E1C
gcalls seq=001861 caller=QUEST2 target=70168717 DIST                 argc=4 site=70166E1C
gcalls seq=001865 caller=QUEST2 target=70168717 DIST                 argc=4 site=70166E1C
gcalls seq=001869 caller=QUEST1 target=70168717 DIST                 argc=4 site=70166E1C
gcalls seq=001870 caller=QUEST1 target=70168717 DIST                 argc=4 site=70166E1C
gcalls seq=001871 caller=QUEST1 target=70168717 DIST                 argc=4 site=70166E1C
gcalls seq=001872 caller=QUEST2 target=70168717 DIST                 argc=4 site=70166E1C
gcalls seq=001876 caller=QUEST2 target=70168717 DIST                 argc=4 site=70166E1C
gcalls seq=001880 caller=QUEST2 target=70168717 DIST                 argc=4 site=70166E1C
gcalls seq=001884 caller=QUEST1 target=70168717 DIST                 argc=4 site=70166E1C
gcalls seq=001885 caller=QUEST1 target=70168717 DIST                 argc=4 site=70166E1C
gcalls seq=001886 caller=QUEST1 target=70168717 DIST                 argc=4 site=70166E1C
gcalls seq=001887 caller=QUEST2 target=70168717 DIST                 argc=4 site=70166E1C
gcalls seq=001891 caller=QUEST2 target=70168717 DIST                 argc=4 site=70166E1C
gcalls seq=001895 caller=QUEST2 target=70168717 DIST                 argc=4 site=70166E1C
gcalls seq=001899 caller=QUEST1 target=70168717 DIST                 argc=4 site=70166E1C
gcalls seq=001900 caller=QUEST1 target=70168717 DIST                 argc=4 site=70166E1C
gcalls seq=001901 caller=QUEST1 target=70168717 DIST                 argc=4 site=70166E1C
gcalls seq=001902 caller=QUEST2 target=70168717 DIST                 argc=4 site=70166E1C
gcalls seq=001906 caller=QUEST2 target=70168717 DIST                 argc=4 site=70166E1C
gcalls seq=001910 caller=QUEST2 target=70168717 DIST                 argc=4 site=70166E1C
gcalls seq=001914 caller=QUEST1 target=70168717 DIST                 argc=4 site=70166E1C
gcalls seq=001915 caller=QUEST1 target=70168717 DIST                 argc=4 site=70166E1C
gcalls seq=001916 caller=QUEST1 target=70168717 DIST                 argc=4 site=70166E1C
gcalls seq=001917 caller=QUEST2 target=70168717 DIST                 argc=4 site=70166E1C
gcalls seq=001921 caller=QUEST2 target=70168717 DIST                 argc=4 site=70166E1C
gcalls seq=001925 caller=QUEST2 target=70168717 DIST                 argc=4 site=70166E1C
gcalls seq=001929 caller=QUEST1 target=70168717 DIST                 argc=4 site=70166E1C
gcalls seq=001930 caller=QUEST1 target=70168717 DIST                 argc=4 site=70166E1C
gcalls seq=001931 caller=QUEST2 target=70168717 DIST                 argc=4 site=70166E1C
gcalls seq=001935 caller=QUEST2 target=70168717 DIST                 argc=4 site=70166E1C
gcalls seq=001938 caller=QUEST1 target=70168717 DIST                 argc=4 site=70166E1C
gcalls seq=001940 caller=QUEST2 target=70168717 DIST                 argc=4 site=70166E1C
gcalls seq=001944 caller=QUEST1 target=70168717 DIST                 argc=4 site=70166E1C
gcalls seq=001945 caller=QUEST1 target=70168717 DIST                 argc=4 site=70166E1C
gcalls seq=001946 caller=QUEST1 target=70168717 DIST                 argc=4 site=70166E1C
gcalls seq=001947 caller=QUEST2 target=70168717 DIST                 argc=4 site=70166E1C
gcalls seq=001951 caller=QUEST2 target=70168717 DIST                 argc=4 site=70166E1C
gcalls seq=001955 caller=QUEST2 target=70168717 DIST                 argc=4 site=70166E1C
gcalls seq=001959 caller=QUEST1 target=70168717 DIST                 argc=4 site=70166E1C
gcalls seq=001960 caller=QUEST1 target=70168717 DIST                 argc=4 site=70166E1C
gcalls seq=001961 caller=QUEST2 target=70168717 DIST                 argc=4 site=70166E1C
gcalls seq=001965 caller=QUEST2 target=70168717 DIST                 argc=4 site=70166E1C
gcalls seq=001969 caller=QUEST1 target=70168717 DIST                 argc=4 site=70166E1C
gcalls seq=001970 caller=QUEST2 target=70168717 DIST                 argc=4 site=70166E1C
gcalls seq=001974 caller=QUEST1 target=70168717 DIST                 argc=4 site=70166E1C
gcalls seq=001975 caller=QUEST1 target=70168717 DIST                 argc=4 site=70166E1C
gcalls seq=001976 caller=QUEST1 target=70168717 DIST                 argc=4 site=70166E1C
gcalls seq=001977 caller=QUEST2 target=70168717 DIST                 argc=4 site=70166E1C
gcalls seq=001981 caller=QUEST2 target=70168717 DIST                 argc=4 site=70166E1C
gcalls seq=001985 caller=QUEST2 target=70168717 DIST                 argc=4 site=70166E1C
gcalls seq=001989 caller=QUEST1 target=70168717 DIST                 argc=4 site=70166E1C
gcalls seq=001990 caller=QUEST1 target=70168717 DIST                 argc=4 site=70166E1C
gcalls seq=001991 caller=QUEST2 target=70168717 DIST                 argc=4 site=70166E1C
gcalls seq=001995 caller=QUEST2 target=70168717 DIST                 argc=4 site=70166E1C
gcalls seq=001999 caller=QUEST1 target=70168717 DIST                 argc=4 site=70166E1C
gcalls seq=002000 caller=QUEST2 target=70168717 DIST                 argc=4 site=70166E1C
gcalls seq=002004 caller=QUEST1 target=70168717 DIST                 argc=4 site=70166E1C
gcalls seq=002005 caller=QUEST1 target=70168717 DIST                 argc=4 site=70166E1C
gcalls seq=002006 caller=QUEST1 target=70168717 DIST                 argc=4 site=70166E1C
gcalls seq=002007 caller=QUEST2 target=70168717 DIST                 argc=4 site=70166E1C
gcalls seq=002011 caller=QUEST2 target=70168717 DIST                 argc=4 site=70166E1C
gcalls seq=002015 caller=QUEST2 target=70168717 DIST                 argc=4 site=70166E1C
gcalls seq=002019 caller=QUEST1 target=70168717 DIST                 argc=4 site=70166E1C
gcalls seq=002020 caller=QUEST1 target=70168717 DIST                 argc=4 site=70166E1C
gcalls seq=002021 caller=QUEST2 target=70168717 DIST                 argc=4 site=70166E1C
gcalls seq=002025 caller=QUEST2 target=70168717 DIST                 argc=4 site=70166E1C
gcalls seq=002029 caller=QUEST1 target=70168717 DIST                 argc=4 site=70166E1C
gcalls seq=002030 caller=QUEST2 target=70168717 DIST                 argc=4 site=70166E1C
gcalls seq=002034 caller=QUEST1 target=70168717 DIST                 argc=4 site=70166E1C
gcalls seq=002035 caller=QUEST1 target=70168717 DIST                 argc=4 site=70166E1C
gcalls seq=002036 caller=QUEST1 target=70168717 DIST                 argc=4 site=70166E1C
gcalls seq=002037 caller=QUEST2 target=70168717 DIST                 argc=4 site=70166E1C
gcalls seq=002041 caller=QUEST2 target=70168717 DIST                 argc=4 site=70166E1C
gcalls seq=002045 caller=QUEST2 target=70168717 DIST                 argc=4 site=70166E1C
gcalls seq=002049 caller=QUEST1 target=70168717 DIST                 argc=4 site=70166E1C
gcalls seq=002050 caller=QUEST1 target=70168717 DIST                 argc=4 site=70166E1C
gcalls seq=002051 caller=QUEST2 target=70168717 DIST                 argc=4 site=70166E1C
gcalls seq=002055 caller=QUEST2 target=70168717 DIST                 argc=4 site=70166E1C
gcalls seq=002059 caller=QUEST1 target=70168717 DIST                 argc=4 site=70166E1C
gcalls seq=002060 caller=QUEST2 target=70168717 DIST                 argc=4 site=70166E1C
gcalls seq=002064 caller=QUEST1 target=70168717 DIST                 argc=4 site=70166E1C
gcalls seq=002065 caller=QUEST1 target=70168717 DIST                 argc=4 site=70166E1C
gcalls seq=002066 caller=QUEST1 target=70168717 DIST                 argc=4 site=70166E1C
gcalls seq=002067 caller=QUEST2 target=70168717 DIST                 argc=4 site=70166E1C
gcalls seq=002071 caller=QUEST2 target=70168717 DIST                 argc=4 site=70166E1C
gcalls seq=002075 caller=QUEST2 target=70168717 DIST                 argc=4 site=70166E1C
gcalls seq=002079 caller=QUEST1 target=70168717 DIST                 argc=4 site=70166E1C
gcalls seq=002080 caller=QUEST1 target=70168717 DIST                 argc=4 site=70166E1C
gcalls seq=002081 caller=QUEST2 target=70168717 DIST                 argc=4 site=70166E1C
gcalls seq=002085 caller=QUEST2 target=70168717 DIST                 argc=4 site=70166E1C
gcalls seq=002089 caller=QUEST1 target=70168717 DIST                 argc=4 site=70166E1C
gcalls seq=002090 caller=QUEST2 target=70168717 DIST                 argc=4 site=70166E1C
gcalls seq=002094 caller=QUEST1 target=70168717 DIST                 argc=4 site=70166E1C
gcalls seq=002095 caller=QUEST1 target=70168717 DIST                 argc=4 site=70166E1C
gcalls seq=002096 caller=QUEST1 target=70168717 DIST                 argc=4 site=70166E1C
gcalls seq=002097 caller=QUEST2 target=70168717 DIST                 argc=4 site=70166E1C
gcalls seq=002101 caller=QUEST2 target=70168717 DIST                 argc=4 site=70166E1C
gcalls seq=002105 caller=QUEST2 target=70168717 DIST                 argc=4 site=70166E1C
gcalls seq=002109 caller=QUEST1 target=70168717 DIST                 argc=4 site=70166E1C
gcalls seq=002110 caller=QUEST2 target=70168717 DIST                 argc=4 site=70166E1C
gcalls seq=002114 caller=QUEST1 target=70168717 DIST                 argc=4 site=70166E1C
gcalls seq=002115 caller=QUEST1 target=70168717 DIST                 argc=4 site=70166E1C
gcalls seq=002116 caller=QUEST2 target=70168717 DIST                 argc=4 site=70166E1C
gcalls seq=002120 caller=QUEST2 target=70168717 DIST                 argc=4 site=70166E1C
gcalls seq=002124 caller=QUEST1 target=70168717 DIST                 argc=4 site=70166E1C
gcalls seq=002125 caller=QUEST1 target=70168717 DIST                 argc=4 site=70166E1C
gcalls seq=002126 caller=QUEST1 target=70168717 DIST                 argc=4 site=70166E1C
gcalls seq=002127 caller=QUEST2 target=70168717 DIST                 argc=4 site=70166E1C
gcalls seq=002131 caller=QUEST2 target=70168717 DIST                 argc=4 site=70166E1C
gcalls seq=002135 caller=QUEST2 target=70168717 DIST                 argc=4 site=70166E1C
gcalls seq=002139 caller=QUEST1 target=70168717 DIST                 argc=4 site=70166E1C
gcalls seq=002140 caller=QUEST2 target=70168717 DIST                 argc=4 site=70166E1C
gcalls seq=002144 caller=QUEST1 target=70168717 DIST                 argc=4 site=70166E1C
gcalls seq=002145 caller=QUEST1 target=70168717 DIST                 argc=4 site=70166E1C
gcalls seq=002146 caller=QUEST2 target=70168717 DIST                 argc=4 site=70166E1C
gcalls seq=002150 caller=QUEST2 target=70168717 DIST                 argc=4 site=70166E1C
gcalls seq=002154 caller=QUEST1 target=70168717 DIST                 argc=4 site=70166E1C
gcalls seq=002155 caller=QUEST1 target=70168717 DIST                 argc=4 site=70166E1C
gcalls seq=002156 caller=QUEST1 target=70168717 DIST                 argc=4 site=70166E1C
gcalls seq=002157 caller=QUEST2 target=70168717 DIST                 argc=4 site=70166E1C
gcalls seq=002161 caller=QUEST2 target=70168717 DIST                 argc=4 site=70166E1C
gcalls seq=002165 caller=QUEST2 target=70168717 DIST                 argc=4 site=70166E1C
gcalls seq=002169 caller=QUEST1 target=70168717 DIST                 argc=4 site=70166E1C
gcalls seq=002170 caller=QUEST1 target=70168717 DIST                 argc=4 site=70166E1C
gcalls seq=002171 caller=QUEST2 target=70168717 DIST                 argc=4 site=70166E1C
gcalls seq=002175 caller=QUEST2 target=70168717 DIST                 argc=4 site=70166E1C
gcalls seq=002177 caller=QUEST1 target=70168717 DIST                 argc=4 site=70166E1C
gcalls seq=002180 caller=QUEST2 target=70168717 DIST                 argc=4 site=70166E1C
gcalls seq=002184 caller=QUEST1 target=70168717 DIST                 argc=4 site=70166E1C
gcalls seq=002185 caller=QUEST1 target=70168717 DIST                 argc=4 site=70166E1C
gcalls seq=002186 caller=QUEST1 target=70168717 DIST                 argc=4 site=70166E1C
gcalls seq=002187 caller=QUEST2 target=70168717 DIST                 argc=4 site=70166E1C
gcalls seq=002191 caller=QUEST2 target=70168717 DIST                 argc=4 site=70166E1C
gcalls seq=002195 caller=QUEST2 target=70168717 DIST                 argc=4 site=70166E1C
gcalls seq=002199 caller=QUEST1 target=70168717 DIST                 argc=4 site=70166E1C
gcalls seq=002200 caller=QUEST1 target=70168717 DIST                 argc=4 site=70166E1C
gcalls seq=002201 caller=QUEST2 target=70168717 DIST                 argc=4 site=70166E1C
gcalls seq=002205 caller=QUEST2 target=70168717 DIST                 argc=4 site=70166E1C
gcalls seq=002207 caller=QUEST1 target=70168717 DIST                 argc=4 site=70166E1C
gcalls seq=002210 caller=QUEST2 target=70168717 DIST                 argc=4 site=70166E1C
gcalls seq=002214 caller=QUEST1 target=70168717 DIST                 argc=4 site=70166E1C
gcalls seq=002215 caller=QUEST1 target=70168717 DIST                 argc=4 site=70166E1C
gcalls seq=002216 caller=QUEST1 target=70168717 DIST                 argc=4 site=70166E1C
gcalls seq=002217 caller=QUEST2 target=70168717 DIST                 argc=4 site=70166E1C
gcalls seq=002221 caller=QUEST2 target=70168717 DIST                 argc=4 site=70166E1C
gcalls seq=002225 caller=QUEST2 target=70168717 DIST                 argc=4 site=70166E1C
gcalls seq=002229 caller=QUEST1 target=70168717 DIST                 argc=4 site=70166E1C
gcalls seq=002230 caller=QUEST1 target=70168717 DIST                 argc=4 site=70166E1C
gcalls seq=002231 caller=QUEST2 target=70168717 DIST                 argc=4 site=70166E1C
gcalls seq=002235 caller=QUEST2 target=70168717 DIST                 argc=4 site=70166E1C
gcalls seq=002237 caller=QUEST1 target=70168717 DIST                 argc=4 site=70166E1C
gcalls seq=002240 caller=QUEST2 target=70168717 DIST                 argc=4 site=70166E1C
gcalls seq=002244 caller=QUEST1 target=70168717 DIST                 argc=4 site=70166E1C
gcalls seq=002245 caller=QUEST1 target=70168717 DIST                 argc=4 site=70166E1C
gcalls seq=002246 caller=QUEST1 target=70168717 DIST                 argc=4 site=70166E1C
gcalls seq=002247 caller=QUEST2 target=70168717 DIST                 argc=4 site=70166E1C
gcalls seq=002251 caller=QUEST2 target=70168717 DIST                 argc=4 site=70166E1C
gcalls seq=002255 caller=QUEST2 target=70168717 DIST                 argc=4 site=70166E1C
gcalls seq=002259 caller=QUEST1 target=70168717 DIST                 argc=4 site=70166E1C
gcalls seq=002260 caller=QUEST2 target=70168717 DIST                 argc=4 site=70166E1C
gcalls seq=002263 caller=QUEST1 target=70168717 DIST                 argc=4 site=70166E1C
gcalls seq=002264 caller=QUEST1 target=70168717 DIST                 argc=4 site=70166E1C
gcalls seq=002266 caller=QUEST2 target=70168717 DIST                 argc=4 site=70166E1C
gcalls seq=002270 caller=QUEST2 target=70168717 DIST                 argc=4 site=70166E1C
gcalls seq=002274 caller=QUEST1 target=70168717 DIST                 argc=4 site=70166E1C
gcalls seq=002275 caller=QUEST1 target=70168717 DIST                 argc=4 site=70166E1C
gcalls seq=002276 caller=QUEST2 target=70168717 DIST                 argc=4 site=70166E1C
gcalls seq=002280 caller=QUEST2 target=70168717 DIST                 argc=4 site=70166E1C
gcalls seq=002284 caller=QUEST1 target=70168717 DIST                 argc=4 site=70166E1C
gcalls seq=002285 caller=QUEST2 target=70168717 DIST                 argc=4 site=70166E1C
gcalls seq=002289 caller=QUEST1 target=70168717 DIST                 argc=4 site=70166E1C
gcalls seq=002290 caller=QUEST1 target=70168717 DIST                 argc=4 site=70166E1C
gcalls seq=002291 caller=QUEST1 target=70168717 DIST                 argc=4 site=70166E1C
gcalls seq=002292 caller=QUEST2 target=70168717 DIST                 argc=4 site=70166E1C
gcalls seq=002296 caller=QUEST2 target=70168717 DIST                 argc=4 site=70166E1C
gcalls seq=002300 caller=QUEST2 target=70168717 DIST                 argc=4 site=70166E1C
gcalls seq=002304 caller=QUEST1 target=70168717 DIST                 argc=4 site=70166E1C
gcalls seq=002305 caller=QUEST2 target=70168717 DIST                 argc=4 site=70166E1C
gcalls seq=002309 caller=QUEST1 target=70168717 DIST                 argc=4 site=70166E1C
gcalls seq=002310 caller=QUEST1 target=70168717 DIST                 argc=4 site=70166E1C
gcalls seq=002311 caller=QUEST2 target=70168717 DIST                 argc=4 site=70166E1C
gcalls seq=002315 caller=QUEST2 target=70168717 DIST                 argc=4 site=70166E1C
gcalls seq=002319 caller=QUEST1 target=70168717 DIST                 argc=4 site=70166E1C
gcalls seq=002320 caller=QUEST1 target=70168717 DIST                 argc=4 site=70166E1C
gcalls seq=002321 caller=QUEST1 target=70168717 DIST                 argc=4 site=70166E1C
gcalls seq=002322 caller=QUEST2 target=70168717 DIST                 argc=4 site=70166E1C
gcalls seq=002326 caller=QUEST2 target=70168717 DIST                 argc=4 site=70166E1C
gcalls seq=002330 caller=QUEST2 target=70168717 DIST                 argc=4 site=70166E1C
gcalls seq=002334 caller=QUEST1 target=70168717 DIST                 argc=4 site=70166E1C
gcalls seq=002335 caller=QUEST1 target=70168717 DIST                 argc=4 site=70166E1C
gcalls seq=002336 caller=QUEST2 target=70168717 DIST                 argc=4 site=70166E1C
gcalls seq=002340 caller=QUEST2 target=70168717 DIST                 argc=4 site=70166E1C
gcalls seq=002341 caller=QUEST1 target=70168717 DIST                 argc=4 site=70166E1C
gcalls seq=002345 caller=QUEST2 target=70168717 DIST                 argc=4 site=70166E1C
gcalls seq=002349 caller=QUEST1 target=70168717 DIST                 argc=4 site=70166E1C
gcalls seq=002350 caller=QUEST1 target=70168717 DIST                 argc=4 site=70166E1C
gcalls seq=002351 caller=QUEST1 target=70168717 DIST                 argc=4 site=70166E1C
gcalls seq=002352 caller=QUEST2 target=70168717 DIST                 argc=4 site=70166E1C
gcalls seq=002356 caller=QUEST2 target=70168717 DIST                 argc=4 site=70166E1C
gcalls seq=002360 caller=QUEST2 target=70168717 DIST                 argc=4 site=70166E1C
gcalls seq=002364 caller=QUEST1 target=70168717 DIST                 argc=4 site=70166E1C
gcalls seq=002365 caller=QUEST1 target=70168717 DIST                 argc=4 site=70166E1C
gcalls seq=002366 caller=QUEST2 target=70168717 DIST                 argc=4 site=70166E1C
gcalls seq=002370 caller=QUEST2 target=70168717 DIST                 argc=4 site=70166E1C
gcalls seq=002372 caller=QUEST1 target=70168717 DIST                 argc=4 site=70166E1C
gcalls seq=002375 caller=QUEST2 target=70168717 DIST                 argc=4 site=70166E1C
gcalls seq=002379 caller=QUEST1 target=70168717 DIST                 argc=4 site=70166E1C
gcalls seq=002380 caller=QUEST1 target=70168717 DIST                 argc=4 site=70166E1C
gcalls seq=002381 caller=QUEST1 target=70168717 DIST                 argc=4 site=70166E1C
gcalls seq=002382 caller=QUEST2 target=70168717 DIST                 argc=4 site=70166E1C
gcalls seq=002386 caller=QUEST2 target=70168717 DIST                 argc=4 site=70166E1C
gcalls seq=002390 caller=QUEST2 target=70168717 DIST                 argc=4 site=70166E1C
gcalls seq=002394 caller=QUEST1 target=70168717 DIST                 argc=4 site=70166E1C
gcalls seq=002395 caller=QUEST1 target=70168717 DIST                 argc=4 site=70166E1C
gcalls seq=002396 caller=QUEST2 target=70168717 DIST                 argc=4 site=70166E1C
gcalls seq=002400 caller=QUEST2 target=70168717 DIST                 argc=4 site=70166E1C
gcalls seq=002402 caller=QUEST1 target=70168717 DIST                 argc=4 site=70166E1C
gcalls seq=002405 caller=QUEST2 target=70168717 DIST                 argc=4 site=70166E1C
gcalls seq=002409 caller=QUEST1 target=70168717 DIST                 argc=4 site=70166E1C
gcalls seq=002410 caller=QUEST1 target=70168717 DIST                 argc=4 site=70166E1C
gcalls seq=002411 caller=QUEST1 target=70168717 DIST                 argc=4 site=70166E1C
gcalls seq=002412 caller=QUEST2 target=70168717 DIST                 argc=4 site=70166E1C
gcalls seq=002416 caller=QUEST2 target=70168717 DIST                 argc=4 site=70166E1C
gcalls seq=002420 caller=QUEST2 target=70168717 DIST                 argc=4 site=70166E1C
gcalls seq=002424 caller=QUEST1 target=70168717 DIST                 argc=4 site=70166E1C
gcalls seq=002425 caller=QUEST2 target=70168717 DIST                 argc=4 site=70166E1C
gcalls seq=002428 caller=QUEST1 target=70168717 DIST                 argc=4 site=70166E1C
gcalls seq=002429 caller=QUEST1 target=70168717 DIST                 argc=4 site=70166E1C
gcalls seq=002431 caller=QUEST2 target=70168717 DIST                 argc=4 site=70166E1C
gcalls seq=002435 caller=QUEST2 target=70168717 DIST                 argc=4 site=70166E1C
gcalls seq=002439 caller=QUEST1 target=70168717 DIST                 argc=4 site=70166E1C
gcalls seq=002440 caller=QUEST1 target=70168717 DIST                 argc=4 site=70166E1C
gcalls seq=002441 caller=QUEST2 target=70168717 DIST                 argc=4 site=70166E1C
gcalls seq=002445 caller=QUEST2 target=70168717 DIST                 argc=4 site=70166E1C
gcalls seq=002449 caller=QUEST1 target=70168717 DIST                 argc=4 site=70166E1C
gcalls seq=002450 caller=QUEST2 target=70168717 DIST                 argc=4 site=70166E1C
gcalls seq=002454 caller=QUEST1 target=70168717 DIST                 argc=4 site=70166E1C
gcalls seq=002455 caller=QUEST1 target=70168717 DIST                 argc=4 site=70166E1C
gcalls seq=002456 caller=QUEST1 target=70168717 DIST                 argc=4 site=70166E1C
gcalls seq=002457 caller=QUEST2 target=70168717 DIST                 argc=4 site=70166E1C
gcalls seq=002461 caller=QUEST2 target=70168717 DIST                 argc=4 site=70166E1C
gcalls seq=002465 caller=QUEST2 target=70168717 DIST                 argc=4 site=70166E1C
gcalls seq=002469 caller=QUEST1 target=70168717 DIST                 argc=4 site=70166E1C
gcalls seq=002470 caller=QUEST2 target=70168717 DIST                 argc=4 site=70166E1C
gcalls seq=002474 caller=QUEST1 target=70168717 DIST                 argc=4 site=70166E1C
gcalls seq=002475 caller=QUEST1 target=70168717 DIST                 argc=4 site=70166E1C
gcalls seq=002476 caller=QUEST2 target=70168717 DIST                 argc=4 site=70166E1C
gcalls seq=002480 caller=QUEST2 target=70168717 DIST                 argc=4 site=70166E1C
gcalls seq=002484 caller=QUEST1 target=70168717 DIST                 argc=4 site=70166E1C
gcalls seq=002485 caller=QUEST1 target=70168717 DIST                 argc=4 site=70166E1C
gcalls seq=002486 caller=QUEST1 target=70168717 DIST                 argc=4 site=70166E1C
gcalls seq=002487 caller=QUEST2 target=70168717 DIST                 argc=4 site=70166E1C
gcalls seq=002491 caller=QUEST2 target=70168717 DIST                 argc=4 site=70166E1C
gcalls seq=002495 caller=QUEST2 target=70168717 DIST                 argc=4 site=70166E1C
gcalls seq=002499 caller=QUEST1 target=70168717 DIST                 argc=4 site=70166E1C
gcalls seq=002500 caller=QUEST2 target=70168717 DIST                 argc=4 site=70166E1C
gcalls seq=002502 caller=QUEST1 target=70168717 DIST                 argc=4 site=70166E1C
gcalls seq=002503 caller=QUEST1 target=70168717 DIST                 argc=4 site=70166E1C
gcalls seq=002506 caller=QUEST2 target=70168717 DIST                 argc=4 site=70166E1C
gcalls seq=002510 caller=QUEST2 target=70168717 DIST                 argc=4 site=70166E1C
gcalls seq=002514 caller=QUEST1 target=70168717 DIST                 argc=4 site=70166E1C
gcalls seq=002515 caller=QUEST1 target=70168717 DIST                 argc=4 site=70166E1C
gcalls seq=002516 caller=QUEST1 target=70168717 DIST                 argc=4 site=70166E1C
gcalls seq=002517 caller=QUEST2 target=70168717 DIST                 argc=4 site=70166E1C
gcalls seq=002521 caller=QUEST2 target=70168717 DIST                 argc=4 site=70166E1C
gcalls seq=002525 caller=QUEST2 target=70168717 DIST                 argc=4 site=70166E1C
gcalls seq=002529 caller=QUEST1 target=70168717 DIST                 argc=4 site=70166E1C
gcalls seq=002530 caller=QUEST2 target=70168717 DIST                 argc=4 site=70166E1C
gcalls seq=002533 caller=QUEST1 target=70168717 DIST                 argc=4 site=70166E1C
gcalls seq=002534 caller=QUEST1 target=70168717 DIST                 argc=4 site=70166E1C
gcalls seq=002536 caller=QUEST2 target=70168717 DIST                 argc=4 site=70166E1C
gcalls seq=002540 caller=QUEST2 target=70168717 DIST                 argc=4 site=70166E1C
gcalls seq=002544 caller=QUEST1 target=70168717 DIST                 argc=4 site=70166E1C
gcalls seq=002545 caller=QUEST1 target=70168717 DIST                 argc=4 site=70166E1C
gcalls seq=002546 caller=QUEST1 target=70168717 DIST                 argc=4 site=70166E1C
gcalls seq=002547 caller=QUEST2 target=70168717 DIST                 argc=4 site=70166E1C
gcalls seq=002551 caller=QUEST2 target=70168717 DIST                 argc=4 site=70166E1C
gcalls seq=002555 caller=QUEST2 target=70168717 DIST                 argc=4 site=70166E1C
gcalls seq=002559 caller=QUEST1 target=70168717 DIST                 argc=4 site=70166E1C
gcalls seq=002560 caller=QUEST2 target=70168717 DIST                 argc=4 site=70166E1C
gcalls seq=002563 caller=QUEST1 target=70168717 DIST                 argc=4 site=70166E1C
gcalls seq=002564 caller=QUEST1 target=70168717 DIST                 argc=4 site=70166E1C
gcalls seq=002566 caller=QUEST2 target=70168717 DIST                 argc=4 site=70166E1C
gcalls seq=002570 caller=QUEST2 target=70168717 DIST                 argc=4 site=70166E1C
gcalls seq=002574 caller=QUEST1 target=70168717 DIST                 argc=4 site=70166E1C
gcalls seq=002575 caller=QUEST1 target=70168717 DIST                 argc=4 site=70166E1C
gcalls seq=002576 caller=QUEST1 target=70168717 DIST                 argc=4 site=70166E1C
gcalls seq=002577 caller=QUEST2 target=70168717 DIST                 argc=4 site=70166E1C
gcalls seq=002581 caller=QUEST2 target=70168717 DIST                 argc=4 site=70166E1C
gcalls seq=002585 caller=QUEST2 target=70168717 DIST                 argc=4 site=70166E1C
gcalls seq=002589 caller=QUEST1 target=70168717 DIST                 argc=4 site=70166E1C
gcalls seq=002590 caller=QUEST1 target=70168717 DIST                 argc=4 site=70166E1C
gcalls seq=002591 caller=QUEST1 target=70168717 DIST                 argc=4 site=70166E1C
gcalls seq=002592 caller=QUEST2 target=70168717 DIST                 argc=4 site=70166E1C
gcalls seq=002596 caller=QUEST2 target=70168717 DIST                 argc=4 site=70166E1C
gcalls seq=002600 caller=QUEST2 target=70168717 DIST                 argc=4 site=70166E1C
gcalls seq=002604 caller=QUEST1 target=70168717 DIST                 argc=4 site=70166E1C
gcalls seq=002605 caller=QUEST2 target=70168717 DIST                 argc=4 site=70166E1C
gcalls seq=002609 caller=QUEST1 target=70168717 DIST                 argc=4 site=70166E1C
gcalls seq=002610 caller=QUEST1 target=70168717 DIST                 argc=4 site=70166E1C
gcalls seq=002611 caller=QUEST2 target=70168717 DIST                 argc=4 site=70166E1C
gcalls seq=002615 caller=QUEST2 target=70168717 DIST                 argc=4 site=70166E1C
gcalls seq=002619 caller=QUEST1 target=70168717 DIST                 argc=4 site=70166E1C
gcalls seq=002620 caller=QUEST1 target=70168717 DIST                 argc=4 site=70166E1C
gcalls seq=002621 caller=QUEST1 target=70168717 DIST                 argc=4 site=70166E1C
gcalls seq=002622 caller=QUEST2 target=70168717 DIST                 argc=4 site=70166E1C
gcalls seq=002626 caller=QUEST2 target=70168717 DIST                 argc=4 site=70166E1C
gcalls seq=002630 caller=QUEST2 target=70168717 DIST                 argc=4 site=70166E1C
gcalls seq=002634 caller=QUEST1 target=70168717 DIST                 argc=4 site=70166E1C
gcalls seq=002635 caller=QUEST2 target=70168717 DIST                 argc=4 site=70166E1C
gcalls seq=002637 caller=QUEST1 target=70168717 DIST                 argc=4 site=70166E1C
gcalls seq=002638 caller=QUEST1 target=70168717 DIST                 argc=4 site=70166E1C
gcalls seq=002641 caller=QUEST2 target=70168717 DIST                 argc=4 site=70166E1C
gcalls seq=002645 caller=QUEST2 target=70168717 DIST                 argc=4 site=70166E1C
gcalls seq=002649 caller=QUEST1 target=70168717 DIST                 argc=4 site=70166E1C
gcalls seq=002650 caller=QUEST1 target=70168717 DIST                 argc=4 site=70166E1C
gcalls seq=002651 caller=QUEST1 target=70168717 DIST                 argc=4 site=70166E1C
gcalls seq=002652 caller=QUEST2 target=70168717 DIST                 argc=4 site=70166E1C
gcalls seq=002656 caller=QUEST2 target=70168717 DIST                 argc=4 site=70166E1C
gcalls seq=002660 caller=QUEST2 target=70168717 DIST                 argc=4 site=70166E1C
gcalls seq=002664 caller=QUEST1 target=70168717 DIST                 argc=4 site=70166E1C
gcalls seq=002665 caller=QUEST2 target=70168717 DIST                 argc=4 site=70166E1C
gcalls seq=002667 caller=QUEST1 target=70168717 DIST                 argc=4 site=70166E1C
gcalls seq=002668 caller=QUEST1 target=70168717 DIST                 argc=4 site=70166E1C
gcalls seq=002671 caller=QUEST2 target=70168717 DIST                 argc=4 site=70166E1C
gcalls seq=002675 caller=QUEST2 target=70168717 DIST                 argc=4 site=70166E1C
gcalls seq=002679 caller=QUEST1 target=70168717 DIST                 argc=4 site=70166E1C
gcalls seq=002680 caller=QUEST1 target=70168717 DIST                 argc=4 site=70166E1C
gcalls seq=002681 caller=QUEST1 target=70168717 DIST                 argc=4 site=70166E1C
gcalls seq=002682 caller=QUEST2 target=70168717 DIST                 argc=4 site=70166E1C
gcalls seq=002686 caller=QUEST2 target=70168717 DIST                 argc=4 site=70166E1C
gcalls seq=002690 caller=QUEST2 target=70168717 DIST                 argc=4 site=70166E1C
gcalls seq=002694 caller=QUEST1 target=70168717 DIST                 argc=4 site=70166E1C
gcalls seq=002695 caller=QUEST2 target=70168717 DIST                 argc=4 site=70166E1C
gcalls seq=002698 caller=QUEST1 target=70168717 DIST                 argc=4 site=70166E1C
gcalls seq=002699 caller=QUEST1 target=70168717 DIST                 argc=4 site=70166E1C
gcalls seq=002701 caller=QUEST2 target=70168717 DIST                 argc=4 site=70166E1C
gcalls seq=002705 caller=QUEST2 target=70168717 DIST                 argc=4 site=70166E1C
gcalls seq=002709 caller=QUEST1 target=70168717 DIST                 argc=4 site=70166E1C
gcalls seq=002710 caller=QUEST1 target=70168717 DIST                 argc=4 site=70166E1C
gcalls seq=002711 caller=QUEST1 target=70168717 DIST                 argc=4 site=70166E1C
gcalls seq=002712 caller=QUEST2 target=70168717 DIST                 argc=4 site=70166E1C
gcalls seq=002716 caller=QUEST2 target=70168717 DIST                 argc=4 site=70166E1C
gcalls seq=002720 caller=QUEST2 target=70168717 DIST                 argc=4 site=70166E1C
gcalls seq=002724 caller=QUEST1 target=70168717 DIST                 argc=4 site=70166E1C
gcalls seq=002725 caller=QUEST2 target=70168717 DIST                 argc=4 site=70166E1C
gcalls seq=002728 caller=QUEST1 target=70168717 DIST                 argc=4 site=70166E1C
gcalls seq=002729 caller=QUEST1 target=70168717 DIST                 argc=4 site=70166E1C
gcalls seq=002731 caller=QUEST2 target=70168717 DIST                 argc=4 site=70166E1C
gcalls seq=002735 caller=QUEST2 target=70168717 DIST                 argc=4 site=70166E1C
gcalls seq=002739 caller=QUEST1 target=70168717 DIST                 argc=4 site=70166E1C
gcalls seq=002740 caller=QUEST1 target=70168717 DIST                 argc=4 site=70166E1C
gcalls seq=002741 caller=QUEST1 target=70168717 DIST                 argc=4 site=70166E1C
gcalls seq=002742 caller=QUEST2 target=70168717 DIST                 argc=4 site=70166E1C
gcalls seq=002746 caller=QUEST2 target=70168717 DIST                 argc=4 site=70166E1C
gcalls seq=002750 caller=QUEST2 target=70168717 DIST                 argc=4 site=70166E1C
gcalls seq=002754 caller=QUEST1 target=70168717 DIST                 argc=4 site=70166E1C
gcalls seq=002755 caller=QUEST1 target=70168717 DIST                 argc=4 site=70166E1C
gcalls seq=002756 caller=QUEST1 target=70168717 DIST                 argc=4 site=70166E1C
gcalls seq=002757 caller=QUEST2 target=70168717 DIST                 argc=4 site=70166E1C
gcalls seq=002761 caller=QUEST2 target=70168717 DIST                 argc=4 site=70166E1C
gcalls seq=002765 caller=QUEST2 target=70168717 DIST                 argc=4 site=70166E1C
gcalls seq=002769 caller=QUEST1 target=70168717 DIST                 argc=4 site=70166E1C
gcalls seq=002770 caller=QUEST2 target=70168717 DIST                 argc=4 site=70166E1C
gcalls seq=002774 caller=QUEST1 target=70168717 DIST                 argc=4 site=70166E1C
gcalls seq=002775 caller=QUEST1 target=70168717 DIST                 argc=4 site=70166E1C
gcalls seq=002776 caller=QUEST2 target=70168717 DIST                 argc=4 site=70166E1C
gcalls seq=002780 caller=QUEST2 target=70168717 DIST                 argc=4 site=70166E1C
gcalls seq=002784 caller=QUEST1 target=70168717 DIST                 argc=4 site=70166E1C
gcalls seq=002785 caller=QUEST1 target=70168717 DIST                 argc=4 site=70166E1C
gcalls seq=002786 caller=QUEST1 target=70168717 DIST                 argc=4 site=70166E1C
gcalls seq=002787 caller=QUEST2 target=70168717 DIST                 argc=4 site=70166E1C
gcalls seq=002791 caller=QUEST2 target=70168717 DIST                 argc=4 site=70166E1C
gcalls seq=002795 caller=QUEST2 target=70168717 DIST                 argc=4 site=70166E1C
gcalls seq=002799 caller=QUEST1 target=70168717 DIST                 argc=4 site=70166E1C
gcalls seq=002800 caller=QUEST1 target=70168717 DIST                 argc=4 site=70166E1C
gcalls seq=002801 caller=QUEST1 target=70168717 DIST                 argc=4 site=70166E1C
gcalls seq=002802 caller=QUEST2 target=70168717 DIST                 argc=4 site=70166E1C
gcalls seq=002806 caller=QUEST2 target=70168717 DIST                 argc=4 site=70166E1C
gcalls seq=002810 caller=QUEST2 target=70168717 DIST                 argc=4 site=70166E1C
gcalls seq=002814 caller=QUEST1 target=70168717 DIST                 argc=4 site=70166E1C
gcalls seq=002815 caller=QUEST1 target=70168717 DIST                 argc=4 site=70166E1C
gcalls seq=002816 caller=QUEST1 target=70168717 DIST                 argc=4 site=70166E1C
gcalls seq=002817 caller=QUEST2 target=70168717 DIST                 argc=4 site=70166E1C
gcalls seq=002821 caller=QUEST2 target=70168717 DIST                 argc=4 site=70166E1C
gcalls seq=002825 caller=QUEST2 target=70168717 DIST                 argc=4 site=70166E1C
gcalls seq=002829 caller=QUEST1 target=70168717 DIST                 argc=4 site=70166E1C
gcalls seq=002830 caller=QUEST2 target=70168717 DIST                 argc=4 site=70166E1C
gcalls seq=002832 caller=QUEST1 target=70168717 DIST                 argc=4 site=70166E1C
gcalls seq=002833 caller=QUEST1 target=70168717 DIST                 argc=4 site=70166E1C
gcalls seq=002836 caller=QUEST2 target=70168717 DIST                 argc=4 site=70166E1C
gcalls seq=002840 caller=QUEST2 target=70168717 DIST                 argc=4 site=70166E1C
gcalls seq=002844 caller=QUEST1 target=70168717 DIST                 argc=4 site=70166E1C
gcalls seq=002845 caller=QUEST1 target=70168717 DIST                 argc=4 site=70166E1C
gcalls seq=002846 caller=QUEST1 target=70168717 DIST                 argc=4 site=70166E1C
gcalls seq=002847 caller=QUEST2 target=70168717 DIST                 argc=4 site=70166E1C
gcalls seq=002851 caller=QUEST2 target=70168717 DIST                 argc=4 site=70166E1C
gcalls seq=002855 caller=QUEST2 target=70168717 DIST                 argc=4 site=70166E1C
gcalls seq=002859 caller=QUEST1 target=70168717 DIST                 argc=4 site=70166E1C
gcalls seq=002860 caller=QUEST2 target=70168717 DIST                 argc=4 site=70166E1C
gcalls seq=002862 caller=QUEST1 target=70168717 DIST                 argc=4 site=70166E1C
gcalls seq=002863 caller=QUEST1 target=70168717 DIST                 argc=4 site=70166E1C
gcalls seq=002866 caller=QUEST2 target=70168717 DIST                 argc=4 site=70166E1C
gcalls seq=002870 caller=QUEST2 target=70168717 DIST                 argc=4 site=70166E1C
gcalls seq=002874 caller=QUEST1 target=70168717 DIST                 argc=4 site=70166E1C
gcalls seq=002875 caller=QUEST1 target=70168717 DIST                 argc=4 site=70166E1C
gcalls seq=002876 caller=QUEST1 target=70168717 DIST                 argc=4 site=70166E1C
gcalls seq=002877 caller=QUEST2 target=70168717 DIST                 argc=4 site=70166E1C
gcalls seq=002881 caller=QUEST2 target=70168717 DIST                 argc=4 site=70166E1C
gcalls seq=002885 caller=QUEST2 target=70168717 DIST                 argc=4 site=70166E1C
gcalls seq=002889 caller=QUEST1 target=70168717 DIST                 argc=4 site=70166E1C
gcalls seq=002890 caller=QUEST2 target=70168717 DIST                 argc=4 site=70166E1C
gcalls seq=002893 caller=QUEST1 target=70168717 DIST                 argc=4 site=70166E1C
gcalls seq=002894 caller=QUEST1 target=70168717 DIST                 argc=4 site=70166E1C
gcalls seq=002896 caller=QUEST2 target=70168717 DIST                 argc=4 site=70166E1C
gcalls seq=002900 caller=QUEST2 target=70168717 DIST                 argc=4 site=70166E1C
gcalls seq=002904 caller=QUEST1 target=70168717 DIST                 argc=4 site=70166E1C
gcalls seq=002905 caller=QUEST1 target=70168717 DIST                 argc=4 site=70166E1C
gcalls seq=002906 caller=QUEST1 target=70168717 DIST                 argc=4 site=70166E1C
gcalls seq=002907 caller=QUEST2 target=70168717 DIST                 argc=4 site=70166E1C
gcalls seq=002911 caller=QUEST2 target=70168717 DIST                 argc=4 site=70166E1C
gcalls seq=002915 caller=QUEST2 target=70168717 DIST                 argc=4 site=70166E1C
gcalls seq=002919 caller=QUEST1 target=70168717 DIST                 argc=4 site=70166E1C
gcalls seq=002920 caller=QUEST1 target=70168717 DIST                 argc=4 site=70166E1C
gcalls seq=002921 caller=QUEST1 target=70168717 DIST                 argc=4 site=70166E1C
gcalls seq=002922 caller=QUEST2 target=70168717 DIST                 argc=4 site=70166E1C
gcalls seq=002926 caller=QUEST2 target=70168717 DIST                 argc=4 site=70166E1C
gcalls seq=002930 caller=QUEST2 target=70168717 DIST                 argc=4 site=70166E1C
gcalls seq=002934 caller=QUEST1 target=70168717 DIST                 argc=4 site=70166E1C
gcalls seq=002935 caller=QUEST2 target=70168717 DIST                 argc=4 site=70166E1C
gcalls seq=002939 caller=QUEST1 target=70168717 DIST                 argc=4 site=70166E1C
gcalls seq=002940 caller=QUEST1 target=70168717 DIST                 argc=4 site=70166E1C
gcalls seq=002941 caller=QUEST2 target=70168717 DIST                 argc=4 site=70166E1C
gcalls seq=002945 caller=QUEST2 target=70168717 DIST                 argc=4 site=70166E1C
gcalls seq=002949 caller=QUEST1 target=70168717 DIST                 argc=4 site=70166E1C
gcalls seq=002950 caller=QUEST1 target=70168717 DIST                 argc=4 site=70166E1C
gcalls seq=002951 caller=QUEST1 target=70168717 DIST                 argc=4 site=70166E1C
gcalls seq=002952 caller=QUEST2 target=70168717 DIST                 argc=4 site=70166E1C
gcalls seq=002956 caller=QUEST2 target=70168717 DIST                 argc=4 site=70166E1C
gcalls seq=002960 caller=QUEST2 target=70168717 DIST                 argc=4 site=70166E1C
gcalls seq=002964 caller=QUEST1 target=70168717 DIST                 argc=4 site=70166E1C
gcalls seq=002965 caller=QUEST2 target=70168717 DIST                 argc=4 site=70166E1C
gcalls seq=002969 caller=QUEST1 target=70168717 DIST                 argc=4 site=70166E1C
gcalls seq=002970 caller=QUEST1 target=70168717 DIST                 argc=4 site=70166E1C
gcalls seq=002971 caller=QUEST2 target=70168717 DIST                 argc=4 site=70166E1C
gcalls seq=002975 caller=QUEST2 target=70168717 DIST                 argc=4 site=70166E1C
gcalls seq=002979 caller=QUEST1 target=70168717 DIST                 argc=4 site=70166E1C
gcalls seq=002980 caller=QUEST1 target=70168717 DIST                 argc=4 site=70166E1C
gcalls seq=002981 caller=QUEST1 target=70168717 DIST                 argc=4 site=70166E1C
gcalls seq=002982 caller=QUEST2 target=70168717 DIST                 argc=4 site=70166E1C
gcalls seq=002986 caller=QUEST2 target=70168717 DIST                 argc=4 site=70166E1C
gcalls seq=002990 caller=QUEST2 target=70168717 DIST                 argc=4 site=70166E1C
gcalls seq=002994 caller=QUEST1 target=70168717 DIST                 argc=4 site=70166E1C
gcalls seq=002995 caller=QUEST1 target=70168717 DIST                 argc=4 site=70166E1C
gcalls seq=002996 caller=QUEST2 target=70168717 DIST                 argc=4 site=70166E1C
gcalls seq=003000 caller=QUEST2 target=70168717 DIST                 argc=4 site=70166E1C
gcalls seq=003002 caller=QUEST1 target=70168717 DIST                 argc=4 site=70166E1C
gcalls seq=003005 caller=QUEST2 target=70168717 DIST                 argc=4 site=70166E1C
gcalls seq=003009 caller=QUEST1 target=70168717 DIST                 argc=4 site=70166E1C
gcalls seq=003010 caller=QUEST1 target=70168717 DIST                 argc=4 site=70166E1C
gcalls seq=003011 caller=QUEST1 target=70168717 DIST                 argc=4 site=70166E1C
gcalls seq=003012 caller=QUEST2 target=70168717 DIST                 argc=4 site=70166E1C
gcalls seq=003016 caller=QUEST2 target=70168717 DIST                 argc=4 site=70166E1C
gcalls seq=003020 caller=QUEST2 target=70168717 DIST                 argc=4 site=70166E1C
gcalls seq=003024 caller=QUEST1 target=70168717 DIST                 argc=4 site=70166E1C
gcalls seq=003025 caller=QUEST1 target=70168717 DIST                 argc=4 site=70166E1C
gcalls seq=003026 caller=QUEST2 target=70168717 DIST                 argc=4 site=70166E1C
gcalls seq=003030 caller=QUEST2 target=70168717 DIST                 argc=4 site=70166E1C
gcalls seq=003032 caller=QUEST1 target=70168717 DIST                 argc=4 site=70166E1C
gcalls seq=003035 caller=QUEST2 target=70168717 DIST                 argc=4 site=70166E1C
gcalls seq=003039 caller=QUEST1 target=70168717 DIST                 argc=4 site=70166E1C
gcalls seq=003040 caller=QUEST1 target=70168717 DIST                 argc=4 site=70166E1C
gcalls seq=003041 caller=QUEST1 target=70168717 DIST                 argc=4 site=70166E1C
gcalls seq=003042 caller=QUEST2 target=70168717 DIST                 argc=4 site=70166E1C
gcalls seq=003046 caller=QUEST2 target=70168717 DIST                 argc=4 site=70166E1C
gcalls seq=003050 caller=QUEST2 target=70168717 DIST                 argc=4 site=70166E1C
gcalls seq=003054 caller=QUEST1 target=70168717 DIST                 argc=4 site=70166E1C
gcalls seq=003055 caller=QUEST1 target=70168717 DIST                 argc=4 site=70166E1C
gcalls seq=003056 caller=QUEST2 target=70168717 DIST                 argc=4 site=70166E1C
gcalls seq=003060 caller=QUEST2 target=70168717 DIST                 argc=4 site=70166E1C
gcalls seq=003062 caller=QUEST1 target=70168717 DIST                 argc=4 site=70166E1C
gcalls seq=003065 caller=QUEST2 target=70168717 DIST                 argc=4 site=70166E1C
gcalls seq=003069 caller=QUEST1 target=70168717 DIST                 argc=4 site=70166E1C
gcalls seq=003070 caller=QUEST1 target=70168717 DIST                 argc=4 site=70166E1C
gcalls seq=003071 caller=QUEST1 target=70168717 DIST                 argc=4 site=70166E1C
gcalls seq=003072 caller=QUEST2 target=70168717 DIST                 argc=4 site=70166E1C
gcalls seq=003076 caller=QUEST2 target=70168717 DIST                 argc=4 site=70166E1C
gcalls seq=003080 caller=QUEST2 target=70168717 DIST                 argc=4 site=70166E1C
gcalls seq=003084 caller=QUEST1 target=70168717 DIST                 argc=4 site=70166E1C
gcalls seq=003085 caller=QUEST2 target=70168717 DIST                 argc=4 site=70166E1C
gcalls seq=003088 caller=QUEST1 target=70168717 DIST                 argc=4 site=70166E1C
gcalls seq=003089 caller=QUEST1 target=70168717 DIST                 argc=4 site=70166E1C
gcalls seq=003091 caller=QUEST2 target=70168717 DIST                 argc=4 site=70166E1C
gcalls seq=003095 caller=QUEST2 target=70168717 DIST                 argc=4 site=70166E1C
gcalls seq=003099 caller=QUEST1 target=70168717 DIST                 argc=4 site=70166E1C
gcalls seq=003100 caller=QUEST1 target=70168717 DIST                 argc=4 site=70166E1C
gcalls seq=003101 caller=QUEST1 target=70168717 DIST                 argc=4 site=70166E1C
gcalls seq=003102 caller=QUEST2 target=70168717 DIST                 argc=4 site=70166E1C
gcalls seq=003106 caller=QUEST2 target=70168717 DIST                 argc=4 site=70166E1C
gcalls seq=003110 caller=QUEST2 target=70168717 DIST                 argc=4 site=70166E1C
gcalls seq=003114 caller=QUEST1 target=70168717 DIST                 argc=4 site=70166E1C
gcalls seq=003115 caller=QUEST2 target=70168717 DIST                 argc=4 site=70166E1C
gcalls seq=003118 caller=QUEST1 target=70168717 DIST                 argc=4 site=70166E1C
gcalls seq=003119 caller=QUEST1 target=70168717 DIST                 argc=4 site=70166E1C
gcalls seq=003121 caller=QUEST2 target=70168717 DIST                 argc=4 site=70166E1C
gcalls seq=003125 caller=QUEST2 target=70168717 DIST                 argc=4 site=70166E1C
gcalls seq=003129 caller=QUEST1 target=70168717 DIST                 argc=4 site=70166E1C
gcalls seq=003130 caller=QUEST1 target=70168717 DIST                 argc=4 site=70166E1C
gcalls seq=003131 caller=QUEST1 target=70168717 DIST                 argc=4 site=70166E1C
gcalls seq=003132 caller=QUEST2 target=70168717 DIST                 argc=4 site=70166E1C
gcalls seq=003136 caller=QUEST2 target=70168717 DIST                 argc=4 site=70166E1C
gcalls seq=003140 caller=QUEST2 target=70168717 DIST                 argc=4 site=70166E1C
gcalls seq=003144 caller=QUEST1 target=70168717 DIST                 argc=4 site=70166E1C
gcalls seq=003145 caller=QUEST2 target=70168717 DIST                 argc=4 site=70166E1C
gcalls seq=003148 caller=QUEST1 target=70168717 DIST                 argc=4 site=70166E1C
gcalls seq=003149 caller=QUEST1 target=70168717 DIST                 argc=4 site=70166E1C
gcalls seq=003151 caller=QUEST2 target=70168717 DIST                 argc=4 site=70166E1C
gcalls seq=003155 caller=QUEST2 target=70168717 DIST                 argc=4 site=70166E1C
gcalls seq=003159 caller=QUEST1 target=70168717 DIST                 argc=4 site=70166E1C
gcalls seq=003160 caller=QUEST1 target=70168717 DIST                 argc=4 site=70166E1C
gcalls seq=003161 caller=QUEST1 target=70168717 DIST                 argc=4 site=70166E1C
gcalls seq=003162 caller=QUEST2 target=70168717 DIST                 argc=4 site=70166E1C
gcalls seq=003166 caller=QUEST2 target=70168717 DIST                 argc=4 site=70166E1C
gcalls seq=003170 caller=QUEST2 target=70168717 DIST                 argc=4 site=70166E1C
gcalls seq=003174 caller=QUEST1 target=70168717 DIST                 argc=4 site=70166E1C
gcalls seq=003175 caller=QUEST2 target=70168717 DIST                 argc=4 site=70166E1C
gcalls seq=003178 caller=QUEST1 target=70168717 DIST                 argc=4 site=70166E1C
gcalls seq=003179 caller=QUEST1 target=70168717 DIST                 argc=4 site=70166E1C
gcalls seq=003181 caller=QUEST2 target=70168717 DIST                 argc=4 site=70166E1C
gcalls seq=003185 caller=QUEST2 target=70168717 DIST                 argc=4 site=70166E1C
gcalls seq=003189 caller=QUEST1 target=70168717 DIST                 argc=4 site=70166E1C
gcalls seq=003190 caller=QUEST1 target=70168717 DIST                 argc=4 site=70166E1C
gcalls seq=003191 caller=QUEST1 target=70168717 DIST                 argc=4 site=70166E1C
gcalls seq=003192 caller=QUEST2 target=70168717 DIST                 argc=4 site=70166E1C
gcalls seq=003196 caller=QUEST2 target=70168717 DIST                 argc=4 site=70166E1C
gcalls seq=003200 caller=QUEST2 target=70168717 DIST                 argc=4 site=70166E1C
gcalls seq=003204 caller=QUEST1 target=70168717 DIST                 argc=4 site=70166E1C
gcalls seq=003205 caller=QUEST2 target=70168717 DIST                 argc=4 site=70166E1C
gcalls seq=003209 caller=QUEST1 target=70168717 DIST                 argc=4 site=70166E1C
gcalls seq=003210 caller=QUEST1 target=70168717 DIST                 argc=4 site=70166E1C
gcalls seq=003211 caller=QUEST2 target=70168717 DIST                 argc=4 site=70166E1C
gcalls seq=003215 caller=QUEST2 target=70168717 DIST                 argc=4 site=70166E1C
gcalls seq=003219 caller=QUEST1 target=70168717 DIST                 argc=4 site=70166E1C
gcalls seq=003220 caller=QUEST1 target=70168717 DIST                 argc=4 site=70166E1C
gcalls seq=003221 caller=QUEST1 target=70168717 DIST                 argc=4 site=70166E1C
gcalls seq=003222 caller=QUEST2 target=70168717 DIST                 argc=4 site=70166E1C
gcalls seq=003226 caller=QUEST2 target=70168717 DIST                 argc=4 site=70166E1C
gcalls seq=003230 caller=QUEST2 target=70168717 DIST                 argc=4 site=70166E1C
gcalls seq=003234 caller=QUEST1 target=70168717 DIST                 argc=4 site=70166E1C
gcalls seq=003235 caller=QUEST2 target=70168717 DIST                 argc=4 site=70166E1C
gcalls seq=003239 caller=QUEST1 target=70168717 DIST                 argc=4 site=70166E1C
gcalls seq=003240 caller=QUEST1 target=70168717 DIST                 argc=4 site=70166E1C
gcalls seq=003241 caller=QUEST2 target=70168717 DIST                 argc=4 site=70166E1C
gcalls seq=003245 caller=QUEST2 target=70168717 DIST                 argc=4 site=70166E1C
gcalls seq=003256 caller=QUEST1 target=7017CD71 TERRITORY            argc=6 site=701670EE
gcalls seq=003257 caller=QUEST2 target=7017CD71 TERRITORY            argc=6 site=701670EE
gcalls seq=003306 caller=QUEST1 target=701674B5 DISPLAY_INVENTORY    argc=1 site=7016BD33
gcalls seq=003307 caller=QUEST2 target=701674B5 DISPLAY_INVENTORY    argc=1 site=7016BD33
gcalls seq=003504 caller=QUEST1 target=7017C877 TERRAIN              argc=9 site=7015C518
gcalls seq=003505 caller=QUEST1 target=7017821F START_TURN           argc=0 site=7015C5DC
gcalls seq=003506 caller=QUEST2 target=7017C877 TERRAIN              argc=9 site=7015C518
gcalls seq=003509 caller=QUEST2 target=7017821F START_TURN           argc=0 site=7015C5DC
gcalls seq=003518 caller=QUEST1 target=7016AA35 GET_INPUT            argc=1 site=7017826C
gcalls seq=003519 caller=QUEST2 target=7016AA35 GET_INPUT            argc=1 site=7017826C
gcalls seq=003543 caller=QUEST1 target=7016AA35 GET_INPUT            argc=1 site=7017826C
gcalls seq=003544 caller=QUEST2 target=7016AA35 GET_INPUT            argc=1 site=7017826C
gcalls seq=003554 caller=QUEST1 target=70175CBF OWNS                 argc=2 site=70178537
gcalls seq=003555 caller=QUEST1 target=7017A695 STORMS_AT_SEA        argc=1 site=70178808
gcalls seq=003556 caller=QUEST2 target=70175CBF OWNS                 argc=2 site=70178537
gcalls seq=003559 caller=QUEST2 target=7017A695 STORMS_AT_SEA        argc=1 site=70178808
gcalls seq=003561 caller=QUEST1 target=7016FC67 MOVE_FAMILIAR        argc=1 site=7017880F
gcalls seq=003562 caller=QUEST1 target=70177BED SIGNAL_TURN          argc=0 site=7017883D
gcalls seq=003564 caller=QUEST2 target=7016FC67 MOVE_FAMILIAR        argc=1 site=7017880F
gcalls seq=003567 caller=QUEST2 target=70177BED SIGNAL_TURN          argc=0 site=7017883D
gcalls seq=003576 caller=QUEST1 target=70169B0F LOCK_FILE            argc=2 site=70177F0B
gcalls seq=003577 caller=QUEST2 target=70169B0F LOCK_FILE            argc=2 site=70177F0B
gcalls seq=003593 caller=QUEST1 target=70176797 REGEN_SPELLS         argc=0 site=70178865
gcalls seq=003594 caller=QUEST2 target=70176797 REGEN_SPELLS         argc=0 site=70178865
gcalls seq=003596 caller=QUEST1 target=70166AF9 DISPLAY_SCREEN       argc=1 site=701788CE
gcalls seq=003598 caller=QUEST2 target=70166AF9 DISPLAY_SCREEN       argc=1 site=701788CE
gcalls seq=003599 caller=QUEST1 target=70168717 DIST                 argc=4 site=70166B86
gcalls seq=003600 caller=QUEST1 target=70168717 DIST                 argc=4 site=70166B86
gcalls seq=003601 caller=QUEST1 target=70168717 DIST                 argc=4 site=70166B86
gcalls seq=003602 caller=QUEST2 target=70168717 DIST                 argc=4 site=70166B86
gcalls seq=003606 caller=QUEST2 target=70168717 DIST                 argc=4 site=70166B86
gcalls seq=003610 caller=QUEST2 target=70168717 DIST                 argc=4 site=70166B86
gcalls seq=003614 caller=QUEST1 target=70168717 DIST                 argc=4 site=70166E1C
gcalls seq=003615 caller=QUEST1 target=70168717 DIST                 argc=4 site=70166E1C
gcalls seq=003616 caller=QUEST1 target=70168717 DIST                 argc=4 site=70166E1C
gcalls seq=003617 caller=QUEST2 target=70168717 DIST                 argc=4 site=70166E1C
gcalls seq=003621 caller=QUEST2 target=70168717 DIST                 argc=4 site=70166E1C
gcalls seq=003625 caller=QUEST2 target=70168717 DIST                 argc=4 site=70166E1C
gcalls seq=003629 caller=QUEST1 target=70168717 DIST                 argc=4 site=70166E1C
gcalls seq=003630 caller=QUEST1 target=70168717 DIST                 argc=4 site=70166E1C
gcalls seq=003631 caller=QUEST1 target=70168717 DIST                 argc=4 site=70166E1C
gcalls seq=003632 caller=QUEST2 target=70168717 DIST                 argc=4 site=70166E1C
gcalls seq=003636 caller=QUEST2 target=70168717 DIST                 argc=4 site=70166E1C
gcalls seq=003640 caller=QUEST2 target=70168717 DIST                 argc=4 site=70166E1C
gcalls seq=003644 caller=QUEST1 target=70168717 DIST                 argc=4 site=70166E1C
gcalls seq=003645 caller=QUEST1 target=70168717 DIST                 argc=4 site=70166E1C
gcalls seq=003646 caller=QUEST2 target=70168717 DIST                 argc=4 site=70166E1C
gcalls seq=003650 caller=QUEST2 target=70168717 DIST                 argc=4 site=70166E1C
gcalls seq=003653 caller=QUEST1 target=70168717 DIST                 argc=4 site=70166E1C
gcalls seq=003655 caller=QUEST2 target=70168717 DIST                 argc=4 site=70166E1C
gcalls seq=003659 caller=QUEST1 target=70168717 DIST                 argc=4 site=70166E1C
gcalls seq=003660 caller=QUEST1 target=70168717 DIST                 argc=4 site=70166E1C
gcalls seq=003661 caller=QUEST1 target=70168717 DIST                 argc=4 site=70166E1C
gcalls seq=003662 caller=QUEST2 target=70168717 DIST                 argc=4 site=70166E1C
gcalls seq=003666 caller=QUEST2 target=70168717 DIST                 argc=4 site=70166E1C
gcalls seq=003670 caller=QUEST2 target=70168717 DIST                 argc=4 site=70166E1C
gcalls seq=003674 caller=QUEST1 target=70168717 DIST                 argc=4 site=70166E1C
gcalls seq=003675 caller=QUEST1 target=70168717 DIST                 argc=4 site=70166E1C
gcalls seq=003676 caller=QUEST1 target=70168717 DIST                 argc=4 site=70166E1C
gcalls seq=003677 caller=QUEST2 target=70168717 DIST                 argc=4 site=70166E1C
gcalls seq=003681 caller=QUEST2 target=70168717 DIST                 argc=4 site=70166E1C
gcalls seq=003685 caller=QUEST2 target=70168717 DIST                 argc=4 site=70166E1C
gcalls seq=003688 caller=QUEST1 target=70168717 DIST                 argc=4 site=70166E1C
gcalls seq=003690 caller=QUEST2 target=70168717 DIST                 argc=4 site=70166E1C
gcalls seq=003694 caller=QUEST1 target=70168717 DIST                 argc=4 site=70166E1C
gcalls seq=003695 caller=QUEST1 target=70168717 DIST                 argc=4 site=70166E1C
gcalls seq=003696 caller=QUEST2 target=70168717 DIST                 argc=4 site=70166E1C
gcalls seq=003700 caller=QUEST2 target=70168717 DIST                 argc=4 site=70166E1C
gcalls seq=003704 caller=QUEST1 target=70168717 DIST                 argc=4 site=70166E1C
gcalls seq=003705 caller=QUEST1 target=70168717 DIST                 argc=4 site=70166E1C
gcalls seq=003706 caller=QUEST1 target=70168717 DIST                 argc=4 site=70166E1C
gcalls seq=003707 caller=QUEST2 target=70168717 DIST                 argc=4 site=70166E1C
gcalls seq=003711 caller=QUEST2 target=70168717 DIST                 argc=4 site=70166E1C
gcalls seq=003715 caller=QUEST2 target=70168717 DIST                 argc=4 site=70166E1C
gcalls seq=003719 caller=QUEST1 target=70168717 DIST                 argc=4 site=70166E1C
gcalls seq=003720 caller=QUEST1 target=70168717 DIST                 argc=4 site=70166E1C
gcalls seq=003721 caller=QUEST2 target=70168717 DIST                 argc=4 site=70166E1C
gcalls seq=003725 caller=QUEST2 target=70168717 DIST                 argc=4 site=70166E1C
gcalls seq=003729 caller=QUEST1 target=70168717 DIST                 argc=4 site=70166E1C
gcalls seq=003730 caller=QUEST2 target=70168717 DIST                 argc=4 site=70166E1C
gcalls seq=003734 caller=QUEST1 target=70168717 DIST                 argc=4 site=70166E1C
gcalls seq=003735 caller=QUEST1 target=70168717 DIST                 argc=4 site=70166E1C
gcalls seq=003736 caller=QUEST1 target=70168717 DIST                 argc=4 site=70166E1C
gcalls seq=003737 caller=QUEST2 target=70168717 DIST                 argc=4 site=70166E1C
gcalls seq=003741 caller=QUEST2 target=70168717 DIST                 argc=4 site=70166E1C
gcalls seq=003745 caller=QUEST2 target=70168717 DIST                 argc=4 site=70166E1C
gcalls seq=003749 caller=QUEST1 target=70168717 DIST                 argc=4 site=70166E1C
gcalls seq=003750 caller=QUEST1 target=70168717 DIST                 argc=4 site=70166E1C
gcalls seq=003751 caller=QUEST1 target=70168717 DIST                 argc=4 site=70166E1C
gcalls seq=003752 caller=QUEST2 target=70168717 DIST                 argc=4 site=70166E1C
gcalls seq=003756 caller=QUEST2 target=70168717 DIST                 argc=4 site=70166E1C
gcalls seq=003760 caller=QUEST2 target=70168717 DIST                 argc=4 site=70166E1C
gcalls seq=003764 caller=QUEST1 target=70168717 DIST                 argc=4 site=70166E1C
gcalls seq=003765 caller=QUEST1 target=70168717 DIST                 argc=4 site=70166E1C
gcalls seq=003766 caller=QUEST2 target=70168717 DIST                 argc=4 site=70166E1C
gcalls seq=003770 caller=QUEST2 target=70168717 DIST                 argc=4 site=70166E1C
gcalls seq=003772 caller=QUEST1 target=70168717 DIST                 argc=4 site=70166E1C
gcalls seq=003775 caller=QUEST2 target=70168717 DIST                 argc=4 site=70166E1C
gcalls seq=003779 caller=QUEST1 target=70168717 DIST                 argc=4 site=70166E1C
gcalls seq=003780 caller=QUEST1 target=70168717 DIST                 argc=4 site=70166E1C
gcalls seq=003781 caller=QUEST1 target=70168717 DIST                 argc=4 site=70166E1C
gcalls seq=003782 caller=QUEST2 target=70168717 DIST                 argc=4 site=70166E1C
gcalls seq=003786 caller=QUEST2 target=70168717 DIST                 argc=4 site=70166E1C
gcalls seq=003790 caller=QUEST2 target=70168717 DIST                 argc=4 site=70166E1C
gcalls seq=003794 caller=QUEST1 target=70168717 DIST                 argc=4 site=70166E1C
gcalls seq=003795 caller=QUEST1 target=70168717 DIST                 argc=4 site=70166E1C
gcalls seq=003796 caller=QUEST2 target=70168717 DIST                 argc=4 site=70166E1C
gcalls seq=003800 caller=QUEST2 target=70168717 DIST                 argc=4 site=70166E1C
gcalls seq=003803 caller=QUEST1 target=70168717 DIST                 argc=4 site=70166E1C
gcalls seq=003805 caller=QUEST2 target=70168717 DIST                 argc=4 site=70166E1C
gcalls seq=003809 caller=QUEST1 target=70168717 DIST                 argc=4 site=70166E1C
gcalls seq=003810 caller=QUEST1 target=70168717 DIST                 argc=4 site=70166E1C
gcalls seq=003811 caller=QUEST1 target=70168717 DIST                 argc=4 site=70166E1C
gcalls seq=003812 caller=QUEST2 target=70168717 DIST                 argc=4 site=70166E1C
gcalls seq=003816 caller=QUEST2 target=70168717 DIST                 argc=4 site=70166E1C
gcalls seq=003820 caller=QUEST2 target=70168717 DIST                 argc=4 site=70166E1C
gcalls seq=003824 caller=QUEST1 target=70168717 DIST                 argc=4 site=70166E1C
gcalls seq=003825 caller=QUEST1 target=70168717 DIST                 argc=4 site=70166E1C
gcalls seq=003826 caller=QUEST1 target=70168717 DIST                 argc=4 site=70166E1C
gcalls seq=003827 caller=QUEST2 target=70168717 DIST                 argc=4 site=70166E1C
gcalls seq=003831 caller=QUEST2 target=70168717 DIST                 argc=4 site=70166E1C
gcalls seq=003835 caller=QUEST2 target=70168717 DIST                 argc=4 site=70166E1C
gcalls seq=003839 caller=QUEST1 target=70168717 DIST                 argc=4 site=70166E1C
gcalls seq=003840 caller=QUEST2 target=70168717 DIST                 argc=4 site=70166E1C
gcalls seq=003844 caller=QUEST1 target=70168717 DIST                 argc=4 site=70166E1C
gcalls seq=003845 caller=QUEST1 target=70168717 DIST                 argc=4 site=70166E1C
gcalls seq=003846 caller=QUEST2 target=70168717 DIST                 argc=4 site=70166E1C
gcalls seq=003850 caller=QUEST2 target=70168717 DIST                 argc=4 site=70166E1C
gcalls seq=003854 caller=QUEST1 target=70168717 DIST                 argc=4 site=70166E1C
gcalls seq=003855 caller=QUEST1 target=70168717 DIST                 argc=4 site=70166E1C
gcalls seq=003856 caller=QUEST1 target=70168717 DIST                 argc=4 site=70166E1C
gcalls seq=003857 caller=QUEST2 target=70168717 DIST                 argc=4 site=70166E1C
gcalls seq=003861 caller=QUEST2 target=70168717 DIST                 argc=4 site=70166E1C
gcalls seq=003865 caller=QUEST2 target=70168717 DIST                 argc=4 site=70166E1C
gcalls seq=003869 caller=QUEST1 target=70168717 DIST                 argc=4 site=70166E1C
gcalls seq=003870 caller=QUEST1 target=70168717 DIST                 argc=4 site=70166E1C
gcalls seq=003871 caller=QUEST2 target=70168717 DIST                 argc=4 site=70166E1C
gcalls seq=003875 caller=QUEST2 target=70168717 DIST                 argc=4 site=70166E1C
gcalls seq=003879 caller=QUEST1 target=70168717 DIST                 argc=4 site=70166E1C
gcalls seq=003880 caller=QUEST2 target=70168717 DIST                 argc=4 site=70166E1C
gcalls seq=003884 caller=QUEST1 target=70168717 DIST                 argc=4 site=70166E1C
gcalls seq=003885 caller=QUEST1 target=70168717 DIST                 argc=4 site=70166E1C
gcalls seq=003886 caller=QUEST1 target=70168717 DIST                 argc=4 site=70166E1C
gcalls seq=003887 caller=QUEST2 target=70168717 DIST                 argc=4 site=70166E1C
gcalls seq=003891 caller=QUEST2 target=70168717 DIST                 argc=4 site=70166E1C
gcalls seq=003895 caller=QUEST2 target=70168717 DIST                 argc=4 site=70166E1C
gcalls seq=003899 caller=QUEST1 target=70168717 DIST                 argc=4 site=70166E1C
gcalls seq=003900 caller=QUEST1 target=70168717 DIST                 argc=4 site=70166E1C
gcalls seq=003901 caller=QUEST1 target=70168717 DIST                 argc=4 site=70166E1C
gcalls seq=003902 caller=QUEST2 target=70168717 DIST                 argc=4 site=70166E1C
gcalls seq=003906 caller=QUEST2 target=70168717 DIST                 argc=4 site=70166E1C
gcalls seq=003910 caller=QUEST2 target=70168717 DIST                 argc=4 site=70166E1C
gcalls seq=003914 caller=QUEST1 target=70168717 DIST                 argc=4 site=70166E1C
gcalls seq=003915 caller=QUEST1 target=70168717 DIST                 argc=4 site=70166E1C
gcalls seq=003916 caller=QUEST2 target=70168717 DIST                 argc=4 site=70166E1C
gcalls seq=003920 caller=QUEST2 target=70168717 DIST                 argc=4 site=70166E1C
gcalls seq=003923 caller=QUEST1 target=70168717 DIST                 argc=4 site=70166E1C
gcalls seq=003925 caller=QUEST2 target=70168717 DIST                 argc=4 site=70166E1C
gcalls seq=003929 caller=QUEST1 target=70168717 DIST                 argc=4 site=70166E1C
gcalls seq=003930 caller=QUEST1 target=70168717 DIST                 argc=4 site=70166E1C
gcalls seq=003931 caller=QUEST1 target=70168717 DIST                 argc=4 site=70166E1C
gcalls seq=003932 caller=QUEST2 target=70168717 DIST                 argc=4 site=70166E1C
gcalls seq=003936 caller=QUEST2 target=70168717 DIST                 argc=4 site=70166E1C
gcalls seq=003940 caller=QUEST2 target=70168717 DIST                 argc=4 site=70166E1C
gcalls seq=003944 caller=QUEST1 target=70168717 DIST                 argc=4 site=70166E1C
gcalls seq=003945 caller=QUEST1 target=70168717 DIST                 argc=4 site=70166E1C
gcalls seq=003946 caller=QUEST2 target=70168717 DIST                 argc=4 site=70166E1C
gcalls seq=003950 caller=QUEST2 target=70168717 DIST                 argc=4 site=70166E1C
gcalls seq=003954 caller=QUEST1 target=70168717 DIST                 argc=4 site=70166E1C
gcalls seq=003955 caller=QUEST2 target=70168717 DIST                 argc=4 site=70166E1C
gcalls seq=003959 caller=QUEST1 target=70168717 DIST                 argc=4 site=70166E1C
gcalls seq=003960 caller=QUEST1 target=70168717 DIST                 argc=4 site=70166E1C
gcalls seq=003961 caller=QUEST1 target=70168717 DIST                 argc=4 site=70166E1C
gcalls seq=003962 caller=QUEST2 target=70168717 DIST                 argc=4 site=70166E1C
gcalls seq=003966 caller=QUEST2 target=70168717 DIST                 argc=4 site=70166E1C
gcalls seq=003970 caller=QUEST2 target=70168717 DIST                 argc=4 site=70166E1C
gcalls seq=003974 caller=QUEST1 target=70168717 DIST                 argc=4 site=70166E1C
gcalls seq=003975 caller=QUEST1 target=70168717 DIST                 argc=4 site=70166E1C
gcalls seq=003976 caller=QUEST1 target=70168717 DIST                 argc=4 site=70166E1C
gcalls seq=003977 caller=QUEST2 target=70168717 DIST                 argc=4 site=70166E1C
gcalls seq=003981 caller=QUEST2 target=70168717 DIST                 argc=4 site=70166E1C
gcalls seq=003985 caller=QUEST2 target=70168717 DIST                 argc=4 site=70166E1C
gcalls seq=003989 caller=QUEST1 target=70168717 DIST                 argc=4 site=70166E1C
gcalls seq=003990 caller=QUEST2 target=70168717 DIST                 argc=4 site=70166E1C
gcalls seq=003994 caller=QUEST1 target=70168717 DIST                 argc=4 site=70166E1C
gcalls seq=003995 caller=QUEST1 target=70168717 DIST                 argc=4 site=70166E1C
gcalls seq=003996 caller=QUEST2 target=70168717 DIST                 argc=4 site=70166E1C
gcalls seq=004000 caller=QUEST2 target=70168717 DIST                 argc=4 site=70166E1C
gcalls seq=004004 caller=QUEST1 target=70168717 DIST                 argc=4 site=70166E1C
gcalls seq=004005 caller=QUEST1 target=70168717 DIST                 argc=4 site=70166E1C
gcalls seq=004006 caller=QUEST1 target=70168717 DIST                 argc=4 site=70166E1C
gcalls seq=004007 caller=QUEST2 target=70168717 DIST                 argc=4 site=70166E1C
gcalls seq=004011 caller=QUEST2 target=70168717 DIST                 argc=4 site=70166E1C
gcalls seq=004015 caller=QUEST2 target=70168717 DIST                 argc=4 site=70166E1C
gcalls seq=004019 caller=QUEST1 target=70168717 DIST                 argc=4 site=70166E1C
gcalls seq=004020 caller=QUEST1 target=70168717 DIST                 argc=4 site=70166E1C
gcalls seq=004021 caller=QUEST1 target=70168717 DIST                 argc=4 site=70166E1C
gcalls seq=004022 caller=QUEST2 target=70168717 DIST                 argc=4 site=70166E1C
gcalls seq=004026 caller=QUEST2 target=70168717 DIST                 argc=4 site=70166E1C
gcalls seq=004030 caller=QUEST2 target=70168717 DIST                 argc=4 site=70166E1C
gcalls seq=004032 caller=QUEST1 target=70168717 DIST                 argc=4 site=70166E1C
gcalls seq=004035 caller=QUEST2 target=70168717 DIST                 argc=4 site=70166E1C
gcalls seq=004038 caller=QUEST1 target=70168717 DIST                 argc=4 site=70166E1C
gcalls seq=004039 caller=QUEST1 target=70168717 DIST                 argc=4 site=70166E1C
gcalls seq=004041 caller=QUEST2 target=70168717 DIST                 argc=4 site=70166E1C
gcalls seq=004045 caller=QUEST2 target=70168717 DIST                 argc=4 site=70166E1C
gcalls seq=004049 caller=QUEST1 target=70168717 DIST                 argc=4 site=70166E1C
gcalls seq=004050 caller=QUEST1 target=70168717 DIST                 argc=4 site=70166E1C
gcalls seq=004051 caller=QUEST1 target=70168717 DIST                 argc=4 site=70166E1C
gcalls seq=004052 caller=QUEST2 target=70168717 DIST                 argc=4 site=70166E1C
gcalls seq=004056 caller=QUEST2 target=70168717 DIST                 argc=4 site=70166E1C
gcalls seq=004060 caller=QUEST2 target=70168717 DIST                 argc=4 site=70166E1C
gcalls seq=004064 caller=QUEST1 target=70168717 DIST                 argc=4 site=70166E1C
gcalls seq=004065 caller=QUEST1 target=70168717 DIST                 argc=4 site=70166E1C
gcalls seq=004066 caller=QUEST2 target=70168717 DIST                 argc=4 site=70166E1C
gcalls seq=004070 caller=QUEST2 target=70168717 DIST                 argc=4 site=70166E1C
gcalls seq=004073 caller=QUEST1 target=70168717 DIST                 argc=4 site=70166E1C
gcalls seq=004075 caller=QUEST2 target=70168717 DIST                 argc=4 site=70166E1C
gcalls seq=004079 caller=QUEST1 target=70168717 DIST                 argc=4 site=70166E1C
gcalls seq=004080 caller=QUEST1 target=70168717 DIST                 argc=4 site=70166E1C
gcalls seq=004081 caller=QUEST1 target=70168717 DIST                 argc=4 site=70166E1C
gcalls seq=004082 caller=QUEST2 target=70168717 DIST                 argc=4 site=70166E1C
gcalls seq=004086 caller=QUEST2 target=70168717 DIST                 argc=4 site=70166E1C
gcalls seq=004090 caller=QUEST2 target=70168717 DIST                 argc=4 site=70166E1C
gcalls seq=004094 caller=QUEST1 target=70168717 DIST                 argc=4 site=70166E1C
gcalls seq=004095 caller=QUEST1 target=70168717 DIST                 argc=4 site=70166E1C
gcalls seq=004096 caller=QUEST1 target=70168717 DIST                 argc=4 site=70166E1C
gcalls seq=004097 caller=QUEST2 target=70168717 DIST                 argc=4 site=70166E1C
gcalls seq=004101 caller=QUEST2 target=70168717 DIST                 argc=4 site=70166E1C
gcalls seq=004105 caller=QUEST2 target=70168717 DIST                 argc=4 site=70166E1C
gcalls seq=004109 caller=QUEST1 target=70168717 DIST                 argc=4 site=70166E1C
gcalls seq=004110 caller=QUEST1 target=70168717 DIST                 argc=4 site=70166E1C
gcalls seq=004111 caller=QUEST1 target=70168717 DIST                 argc=4 site=70166E1C
gcalls seq=004112 caller=QUEST2 target=70168717 DIST                 argc=4 site=70166E1C
gcalls seq=004116 caller=QUEST2 target=70168717 DIST                 argc=4 site=70166E1C
gcalls seq=004120 caller=QUEST2 target=70168717 DIST                 argc=4 site=70166E1C
gcalls seq=004124 caller=QUEST1 target=70168717 DIST                 argc=4 site=70166E1C
gcalls seq=004125 caller=QUEST1 target=70168717 DIST                 argc=4 site=70166E1C
gcalls seq=004126 caller=QUEST2 target=70168717 DIST                 argc=4 site=70166E1C
gcalls seq=004130 caller=QUEST2 target=70168717 DIST                 argc=4 site=70166E1C
gcalls seq=004134 caller=QUEST1 target=70168717 DIST                 argc=4 site=70166E1C
gcalls seq=004135 caller=QUEST2 target=70168717 DIST                 argc=4 site=70166E1C
gcalls seq=004139 caller=QUEST1 target=70168717 DIST                 argc=4 site=70166E1C
gcalls seq=004140 caller=QUEST1 target=70168717 DIST                 argc=4 site=70166E1C
gcalls seq=004141 caller=QUEST1 target=70168717 DIST                 argc=4 site=70166E1C
gcalls seq=004142 caller=QUEST2 target=70168717 DIST                 argc=4 site=70166E1C
gcalls seq=004146 caller=QUEST2 target=70168717 DIST                 argc=4 site=70166E1C
gcalls seq=004150 caller=QUEST2 target=70168717 DIST                 argc=4 site=70166E1C
gcalls seq=004154 caller=QUEST1 target=70168717 DIST                 argc=4 site=70166E1C
gcalls seq=004155 caller=QUEST1 target=70168717 DIST                 argc=4 site=70166E1C
gcalls seq=004156 caller=QUEST1 target=70168717 DIST                 argc=4 site=70166E1C
gcalls seq=004157 caller=QUEST2 target=70168717 DIST                 argc=4 site=70166E1C
gcalls seq=004161 caller=QUEST2 target=70168717 DIST                 argc=4 site=70166E1C
gcalls seq=004165 caller=QUEST2 target=70168717 DIST                 argc=4 site=70166E1C
gcalls seq=004168 caller=QUEST1 target=70168717 DIST                 argc=4 site=70166E1C
gcalls seq=004170 caller=QUEST2 target=70168717 DIST                 argc=4 site=70166E1C
gcalls seq=004173 caller=QUEST1 target=70168717 DIST                 argc=4 site=70166E1C
gcalls seq=004174 caller=QUEST1 target=70168717 DIST                 argc=4 site=70166E1C
gcalls seq=004176 caller=QUEST2 target=70168717 DIST                 argc=4 site=70166E1C
gcalls seq=004180 caller=QUEST2 target=70168717 DIST                 argc=4 site=70166E1C
gcalls seq=004184 caller=QUEST1 target=70168717 DIST                 argc=4 site=70166E1C
gcalls seq=004185 caller=QUEST1 target=70168717 DIST                 argc=4 site=70166E1C
gcalls seq=004186 caller=QUEST1 target=70168717 DIST                 argc=4 site=70166E1C
gcalls seq=004187 caller=QUEST2 target=70168717 DIST                 argc=4 site=70166E1C
gcalls seq=004191 caller=QUEST2 target=70168717 DIST                 argc=4 site=70166E1C
gcalls seq=004195 caller=QUEST2 target=70168717 DIST                 argc=4 site=70166E1C
gcalls seq=004199 caller=QUEST1 target=70168717 DIST                 argc=4 site=70166E1C
gcalls seq=004200 caller=QUEST1 target=70168717 DIST                 argc=4 site=70166E1C
gcalls seq=004201 caller=QUEST2 target=70168717 DIST                 argc=4 site=70166E1C
gcalls seq=004205 caller=QUEST2 target=70168717 DIST                 argc=4 site=70166E1C
gcalls seq=004209 caller=QUEST1 target=70168717 DIST                 argc=4 site=70166E1C
gcalls seq=004210 caller=QUEST2 target=70168717 DIST                 argc=4 site=70166E1C
gcalls seq=004214 caller=QUEST1 target=70168717 DIST                 argc=4 site=70166E1C
gcalls seq=004215 caller=QUEST1 target=70168717 DIST                 argc=4 site=70166E1C
gcalls seq=004216 caller=QUEST1 target=70168717 DIST                 argc=4 site=70166E1C
gcalls seq=004217 caller=QUEST2 target=70168717 DIST                 argc=4 site=70166E1C
gcalls seq=004221 caller=QUEST2 target=70168717 DIST                 argc=4 site=70166E1C
gcalls seq=004225 caller=QUEST2 target=70168717 DIST                 argc=4 site=70166E1C
gcalls seq=004229 caller=QUEST1 target=70168717 DIST                 argc=4 site=70166E1C
gcalls seq=004230 caller=QUEST1 target=70168717 DIST                 argc=4 site=70166E1C
gcalls seq=004231 caller=QUEST1 target=70168717 DIST                 argc=4 site=70166E1C
gcalls seq=004232 caller=QUEST2 target=70168717 DIST                 argc=4 site=70166E1C
gcalls seq=004236 caller=QUEST2 target=70168717 DIST                 argc=4 site=70166E1C
gcalls seq=004240 caller=QUEST2 target=70168717 DIST                 argc=4 site=70166E1C
gcalls seq=004244 caller=QUEST1 target=70168717 DIST                 argc=4 site=70166E1C
gcalls seq=004245 caller=QUEST2 target=70168717 DIST                 argc=4 site=70166E1C
gcalls seq=004249 caller=QUEST1 target=70168717 DIST                 argc=4 site=70166E1C
gcalls seq=004250 caller=QUEST1 target=70168717 DIST                 argc=4 site=70166E1C
gcalls seq=004251 caller=QUEST2 target=70168717 DIST                 argc=4 site=70166E1C
gcalls seq=004255 caller=QUEST2 target=70168717 DIST                 argc=4 site=70166E1C
gcalls seq=004259 caller=QUEST1 target=70168717 DIST                 argc=4 site=70166E1C
gcalls seq=004260 caller=QUEST1 target=70168717 DIST                 argc=4 site=70166E1C
gcalls seq=004261 caller=QUEST1 target=70168717 DIST                 argc=4 site=70166E1C
gcalls seq=004262 caller=QUEST2 target=70168717 DIST                 argc=4 site=70166E1C
gcalls seq=004266 caller=QUEST2 target=70168717 DIST                 argc=4 site=70166E1C
gcalls seq=004270 caller=QUEST2 target=70168717 DIST                 argc=4 site=70166E1C
gcalls seq=004274 caller=QUEST1 target=70168717 DIST                 argc=4 site=70166E1C
gcalls seq=004275 caller=QUEST1 target=70168717 DIST                 argc=4 site=70166E1C
gcalls seq=004276 caller=QUEST2 target=70168717 DIST                 argc=4 site=70166E1C
gcalls seq=004280 caller=QUEST2 target=70168717 DIST                 argc=4 site=70166E1C
gcalls seq=004283 caller=QUEST1 target=70168717 DIST                 argc=4 site=70166E1C
gcalls seq=004285 caller=QUEST2 target=70168717 DIST                 argc=4 site=70166E1C
gcalls seq=004289 caller=QUEST1 target=70168717 DIST                 argc=4 site=70166E1C
gcalls seq=004290 caller=QUEST1 target=70168717 DIST                 argc=4 site=70166E1C
gcalls seq=004291 caller=QUEST1 target=70168717 DIST                 argc=4 site=70166E1C
gcalls seq=004292 caller=QUEST2 target=70168717 DIST                 argc=4 site=70166E1C
gcalls seq=004296 caller=QUEST2 target=70168717 DIST                 argc=4 site=70166E1C
gcalls seq=004300 caller=QUEST2 target=70168717 DIST                 argc=4 site=70166E1C
gcalls seq=004304 caller=QUEST1 target=70168717 DIST                 argc=4 site=70166E1C
gcalls seq=004305 caller=QUEST2 target=70168717 DIST                 argc=4 site=70166E1C
gcalls seq=004308 caller=QUEST1 target=70168717 DIST                 argc=4 site=70166E1C
gcalls seq=004309 caller=QUEST1 target=70168717 DIST                 argc=4 site=70166E1C
gcalls seq=004311 caller=QUEST2 target=70168717 DIST                 argc=4 site=70166E1C
gcalls seq=004315 caller=QUEST2 target=70168717 DIST                 argc=4 site=70166E1C
gcalls seq=004319 caller=QUEST1 target=70168717 DIST                 argc=4 site=70166E1C
gcalls seq=004320 caller=QUEST1 target=70168717 DIST                 argc=4 site=70166E1C
gcalls seq=004321 caller=QUEST1 target=70168717 DIST                 argc=4 site=70166E1C
gcalls seq=004322 caller=QUEST2 target=70168717 DIST                 argc=4 site=70166E1C
gcalls seq=004326 caller=QUEST2 target=70168717 DIST                 argc=4 site=70166E1C
gcalls seq=004330 caller=QUEST2 target=70168717 DIST                 argc=4 site=70166E1C
gcalls seq=004334 caller=QUEST1 target=70168717 DIST                 argc=4 site=70166E1C
gcalls seq=004335 caller=QUEST1 target=70168717 DIST                 argc=4 site=70166E1C
gcalls seq=004336 caller=QUEST2 target=70168717 DIST                 argc=4 site=70166E1C
gcalls seq=004340 caller=QUEST2 target=70168717 DIST                 argc=4 site=70166E1C
gcalls seq=004344 caller=QUEST1 target=70168717 DIST                 argc=4 site=70166E1C
gcalls seq=004345 caller=QUEST2 target=70168717 DIST                 argc=4 site=70166E1C
gcalls seq=004349 caller=QUEST1 target=70168717 DIST                 argc=4 site=70166E1C
gcalls seq=004350 caller=QUEST1 target=70168717 DIST                 argc=4 site=70166E1C
gcalls seq=004351 caller=QUEST1 target=70168717 DIST                 argc=4 site=70166E1C
gcalls seq=004352 caller=QUEST2 target=70168717 DIST                 argc=4 site=70166E1C
gcalls seq=004356 caller=QUEST2 target=70168717 DIST                 argc=4 site=70166E1C
gcalls seq=004360 caller=QUEST2 target=70168717 DIST                 argc=4 site=70166E1C
gcalls seq=004364 caller=QUEST1 target=70168717 DIST                 argc=4 site=70166E1C
gcalls seq=004365 caller=QUEST1 target=70168717 DIST                 argc=4 site=70166E1C
gcalls seq=004366 caller=QUEST1 target=70168717 DIST                 argc=4 site=70166E1C
gcalls seq=004367 caller=QUEST2 target=70168717 DIST                 argc=4 site=70166E1C
gcalls seq=004371 caller=QUEST2 target=70168717 DIST                 argc=4 site=70166E1C
gcalls seq=004375 caller=QUEST2 target=70168717 DIST                 argc=4 site=70166E1C
gcalls seq=004377 caller=QUEST1 target=70168717 DIST                 argc=4 site=70166E1C
gcalls seq=004380 caller=QUEST2 target=70168717 DIST                 argc=4 site=70166E1C
gcalls seq=004383 caller=QUEST1 target=70168717 DIST                 argc=4 site=70166E1C
gcalls seq=004384 caller=QUEST1 target=70168717 DIST                 argc=4 site=70166E1C
gcalls seq=004386 caller=QUEST2 target=70168717 DIST                 argc=4 site=70166E1C
gcalls seq=004390 caller=QUEST2 target=70168717 DIST                 argc=4 site=70166E1C
gcalls seq=004394 caller=QUEST1 target=70168717 DIST                 argc=4 site=70166E1C
gcalls seq=004395 caller=QUEST1 target=70168717 DIST                 argc=4 site=70166E1C
gcalls seq=004396 caller=QUEST1 target=70168717 DIST                 argc=4 site=70166E1C
gcalls seq=004397 caller=QUEST2 target=70168717 DIST                 argc=4 site=70166E1C
gcalls seq=004401 caller=QUEST2 target=70168717 DIST                 argc=4 site=70166E1C
gcalls seq=004405 caller=QUEST2 target=70168717 DIST                 argc=4 site=70166E1C
gcalls seq=004409 caller=QUEST1 target=70168717 DIST                 argc=4 site=70166E1C
gcalls seq=004410 caller=QUEST1 target=70168717 DIST                 argc=4 site=70166E1C
gcalls seq=004411 caller=QUEST2 target=70168717 DIST                 argc=4 site=70166E1C
gcalls seq=004415 caller=QUEST2 target=70168717 DIST                 argc=4 site=70166E1C
gcalls seq=004418 caller=QUEST1 target=70168717 DIST                 argc=4 site=70166E1C
gcalls seq=004420 caller=QUEST2 target=70168717 DIST                 argc=4 site=70166E1C
gcalls seq=004424 caller=QUEST1 target=70168717 DIST                 argc=4 site=70166E1C
gcalls seq=004425 caller=QUEST1 target=70168717 DIST                 argc=4 site=70166E1C
gcalls seq=004426 caller=QUEST1 target=70168717 DIST                 argc=4 site=70166E1C
gcalls seq=004427 caller=QUEST2 target=70168717 DIST                 argc=4 site=70166E1C
gcalls seq=004431 caller=QUEST2 target=70168717 DIST                 argc=4 site=70166E1C
gcalls seq=004435 caller=QUEST2 target=70168717 DIST                 argc=4 site=70166E1C
gcalls seq=004439 caller=QUEST1 target=70168717 DIST                 argc=4 site=70166E1C
gcalls seq=004440 caller=QUEST1 target=70168717 DIST                 argc=4 site=70166E1C
gcalls seq=004441 caller=QUEST2 target=70168717 DIST                 argc=4 site=70166E1C
gcalls seq=004445 caller=QUEST2 target=70168717 DIST                 argc=4 site=70166E1C
gcalls seq=004449 caller=QUEST1 target=70168717 DIST                 argc=4 site=70166E1C
gcalls seq=004450 caller=QUEST2 target=70168717 DIST                 argc=4 site=70166E1C
gcalls seq=004454 caller=QUEST1 target=70168717 DIST                 argc=4 site=70166E1C
gcalls seq=004455 caller=QUEST1 target=70168717 DIST                 argc=4 site=70166E1C
gcalls seq=004456 caller=QUEST1 target=70168717 DIST                 argc=4 site=70166E1C
gcalls seq=004457 caller=QUEST2 target=70168717 DIST                 argc=4 site=70166E1C
gcalls seq=004461 caller=QUEST2 target=70168717 DIST                 argc=4 site=70166E1C
gcalls seq=004465 caller=QUEST2 target=70168717 DIST                 argc=4 site=70166E1C
gcalls seq=004469 caller=QUEST1 target=70168717 DIST                 argc=4 site=70166E1C
gcalls seq=004470 caller=QUEST1 target=70168717 DIST                 argc=4 site=70166E1C
gcalls seq=004471 caller=QUEST2 target=70168717 DIST                 argc=4 site=70166E1C
gcalls seq=004475 caller=QUEST2 target=70168717 DIST                 argc=4 site=70166E1C
gcalls seq=004476 caller=QUEST1 target=70168717 DIST                 argc=4 site=70166E1C
gcalls seq=004480 caller=QUEST2 target=70168717 DIST                 argc=4 site=70166E1C
gcalls seq=004484 caller=QUEST1 target=70168717 DIST                 argc=4 site=70166E1C
gcalls seq=004485 caller=QUEST1 target=70168717 DIST                 argc=4 site=70166E1C
gcalls seq=004486 caller=QUEST1 target=70168717 DIST                 argc=4 site=70166E1C
gcalls seq=004487 caller=QUEST2 target=70168717 DIST                 argc=4 site=70166E1C
gcalls seq=004491 caller=QUEST2 target=70168717 DIST                 argc=4 site=70166E1C
gcalls seq=004495 caller=QUEST2 target=70168717 DIST                 argc=4 site=70166E1C
gcalls seq=004499 caller=QUEST1 target=70168717 DIST                 argc=4 site=70166E1C
gcalls seq=004500 caller=QUEST1 target=70168717 DIST                 argc=4 site=70166E1C
gcalls seq=004501 caller=QUEST1 target=70168717 DIST                 argc=4 site=70166E1C
gcalls seq=004502 caller=QUEST2 target=70168717 DIST                 argc=4 site=70166E1C
gcalls seq=004506 caller=QUEST2 target=70168717 DIST                 argc=4 site=70166E1C
gcalls seq=004510 caller=QUEST2 target=70168717 DIST                 argc=4 site=70166E1C
gcalls seq=004513 caller=QUEST1 target=70168717 DIST                 argc=4 site=70166E1C
gcalls seq=004515 caller=QUEST2 target=70168717 DIST                 argc=4 site=70166E1C
gcalls seq=004518 caller=QUEST1 target=70168717 DIST                 argc=4 site=70166E1C
gcalls seq=004519 caller=QUEST1 target=70168717 DIST                 argc=4 site=70166E1C
gcalls seq=004521 caller=QUEST2 target=70168717 DIST                 argc=4 site=70166E1C
gcalls seq=004525 caller=QUEST2 target=70168717 DIST                 argc=4 site=70166E1C
gcalls seq=004529 caller=QUEST1 target=70168717 DIST                 argc=4 site=70166E1C
gcalls seq=004530 caller=QUEST1 target=70168717 DIST                 argc=4 site=70166E1C
gcalls seq=004531 caller=QUEST1 target=70168717 DIST                 argc=4 site=70166E1C
gcalls seq=004532 caller=QUEST2 target=70168717 DIST                 argc=4 site=70166E1C
gcalls seq=004536 caller=QUEST2 target=70168717 DIST                 argc=4 site=70166E1C
gcalls seq=004540 caller=QUEST2 target=70168717 DIST                 argc=4 site=70166E1C
gcalls seq=004544 caller=QUEST1 target=70168717 DIST                 argc=4 site=70166E1C
gcalls seq=004545 caller=QUEST1 target=70168717 DIST                 argc=4 site=70166E1C
gcalls seq=004546 caller=QUEST2 target=70168717 DIST                 argc=4 site=70166E1C
gcalls seq=004550 caller=QUEST2 target=70168717 DIST                 argc=4 site=70166E1C
gcalls seq=004554 caller=QUEST1 target=70168717 DIST                 argc=4 site=70166E1C
gcalls seq=004555 caller=QUEST2 target=70168717 DIST                 argc=4 site=70166E1C
gcalls seq=004559 caller=QUEST1 target=70168717 DIST                 argc=4 site=70166E1C
gcalls seq=004560 caller=QUEST1 target=70168717 DIST                 argc=4 site=70166E1C
gcalls seq=004561 caller=QUEST1 target=70168717 DIST                 argc=4 site=70166E1C
gcalls seq=004562 caller=QUEST2 target=70168717 DIST                 argc=4 site=70166E1C
gcalls seq=004566 caller=QUEST2 target=70168717 DIST                 argc=4 site=70166E1C
gcalls seq=004570 caller=QUEST2 target=70168717 DIST                 argc=4 site=70166E1C
gcalls seq=004574 caller=QUEST1 target=70168717 DIST                 argc=4 site=70166E1C
gcalls seq=004575 caller=QUEST1 target=70168717 DIST                 argc=4 site=70166E1C
gcalls seq=004576 caller=QUEST1 target=70168717 DIST                 argc=4 site=70166E1C
gcalls seq=004577 caller=QUEST2 target=70168717 DIST                 argc=4 site=70166E1C
gcalls seq=004581 caller=QUEST2 target=70168717 DIST                 argc=4 site=70166E1C
gcalls seq=004585 caller=QUEST2 target=70168717 DIST                 argc=4 site=70166E1C
gcalls seq=004589 caller=QUEST1 target=70168717 DIST                 argc=4 site=70166E1C
gcalls seq=004590 caller=QUEST2 target=70168717 DIST                 argc=4 site=70166E1C
gcalls seq=004594 caller=QUEST1 target=70168717 DIST                 argc=4 site=70166E1C
gcalls seq=004595 caller=QUEST1 target=70168717 DIST                 argc=4 site=70166E1C
gcalls seq=004596 caller=QUEST2 target=70168717 DIST                 argc=4 site=70166E1C
gcalls seq=004600 caller=QUEST2 target=70168717 DIST                 argc=4 site=70166E1C
gcalls seq=004604 caller=QUEST1 target=70168717 DIST                 argc=4 site=70166E1C
gcalls seq=004605 caller=QUEST1 target=70168717 DIST                 argc=4 site=70166E1C
gcalls seq=004606 caller=QUEST1 target=70168717 DIST                 argc=4 site=70166E1C
gcalls seq=004607 caller=QUEST2 target=70168717 DIST                 argc=4 site=70166E1C
gcalls seq=004611 caller=QUEST2 target=70168717 DIST                 argc=4 site=70166E1C
gcalls seq=004615 caller=QUEST2 target=70168717 DIST                 argc=4 site=70166E1C
gcalls seq=004619 caller=QUEST1 target=70168717 DIST                 argc=4 site=70166E1C
gcalls seq=004620 caller=QUEST2 target=70168717 DIST                 argc=4 site=70166E1C
gcalls seq=004623 caller=QUEST1 target=70168717 DIST                 argc=4 site=70166E1C
gcalls seq=004624 caller=QUEST1 target=70168717 DIST                 argc=4 site=70166E1C
gcalls seq=004626 caller=QUEST2 target=70168717 DIST                 argc=4 site=70166E1C
gcalls seq=004630 caller=QUEST2 target=70168717 DIST                 argc=4 site=70166E1C
gcalls seq=004634 caller=QUEST1 target=70168717 DIST                 argc=4 site=70166E1C
gcalls seq=004635 caller=QUEST1 target=70168717 DIST                 argc=4 site=70166E1C
gcalls seq=004636 caller=QUEST1 target=70168717 DIST                 argc=4 site=70166E1C
gcalls seq=004637 caller=QUEST2 target=70168717 DIST                 argc=4 site=70166E1C
gcalls seq=004641 caller=QUEST2 target=70168717 DIST                 argc=4 site=70166E1C
gcalls seq=004645 caller=QUEST2 target=70168717 DIST                 argc=4 site=70166E1C
gcalls seq=004648 caller=QUEST1 target=70168717 DIST                 argc=4 site=70166E1C
gcalls seq=004650 caller=QUEST2 target=70168717 DIST                 argc=4 site=70166E1C
gcalls seq=004653 caller=QUEST1 target=70168717 DIST                 argc=4 site=70166E1C
gcalls seq=004654 caller=QUEST1 target=70168717 DIST                 argc=4 site=70166E1C
gcalls seq=004656 caller=QUEST2 target=70168717 DIST                 argc=4 site=70166E1C
gcalls seq=004660 caller=QUEST2 target=70168717 DIST                 argc=4 site=70166E1C
gcalls seq=004664 caller=QUEST1 target=70168717 DIST                 argc=4 site=70166E1C
gcalls seq=004665 caller=QUEST1 target=70168717 DIST                 argc=4 site=70166E1C
gcalls seq=004666 caller=QUEST1 target=70168717 DIST                 argc=4 site=70166E1C
gcalls seq=004667 caller=QUEST2 target=70168717 DIST                 argc=4 site=70166E1C
gcalls seq=004671 caller=QUEST2 target=70168717 DIST                 argc=4 site=70166E1C
gcalls seq=004675 caller=QUEST2 target=70168717 DIST                 argc=4 site=70166E1C
gcalls seq=004679 caller=QUEST1 target=70168717 DIST                 argc=4 site=70166E1C
gcalls seq=004680 caller=QUEST1 target=70168717 DIST                 argc=4 site=70166E1C
gcalls seq=004681 caller=QUEST2 target=70168717 DIST                 argc=4 site=70166E1C
gcalls seq=004685 caller=QUEST2 target=70168717 DIST                 argc=4 site=70166E1C
gcalls seq=004689 caller=QUEST1 target=70168717 DIST                 argc=4 site=70166E1C
gcalls seq=004690 caller=QUEST2 target=70168717 DIST                 argc=4 site=70166E1C
gcalls seq=004694 caller=QUEST1 target=70168717 DIST                 argc=4 site=70166E1C
gcalls seq=004695 caller=QUEST1 target=70168717 DIST                 argc=4 site=70166E1C
gcalls seq=004696 caller=QUEST1 target=70168717 DIST                 argc=4 site=70166E1C
gcalls seq=004697 caller=QUEST2 target=70168717 DIST                 argc=4 site=70166E1C
gcalls seq=004701 caller=QUEST2 target=70168717 DIST                 argc=4 site=70166E1C
gcalls seq=004705 caller=QUEST2 target=70168717 DIST                 argc=4 site=70166E1C
gcalls seq=004709 caller=QUEST1 target=70168717 DIST                 argc=4 site=70166E1C
gcalls seq=004710 caller=QUEST1 target=70168717 DIST                 argc=4 site=70166E1C
gcalls seq=004711 caller=QUEST1 target=70168717 DIST                 argc=4 site=70166E1C
gcalls seq=004712 caller=QUEST2 target=70168717 DIST                 argc=4 site=70166E1C
gcalls seq=004716 caller=QUEST2 target=70168717 DIST                 argc=4 site=70166E1C
gcalls seq=004720 caller=QUEST2 target=70168717 DIST                 argc=4 site=70166E1C
gcalls seq=004724 caller=QUEST1 target=70168717 DIST                 argc=4 site=70166E1C
gcalls seq=004725 caller=QUEST1 target=70168717 DIST                 argc=4 site=70166E1C
gcalls seq=004726 caller=QUEST2 target=70168717 DIST                 argc=4 site=70166E1C
gcalls seq=004730 caller=QUEST2 target=70168717 DIST                 argc=4 site=70166E1C
gcalls seq=004731 caller=QUEST1 target=70168717 DIST                 argc=4 site=70166E1C
gcalls seq=004735 caller=QUEST2 target=70168717 DIST                 argc=4 site=70166E1C
gcalls seq=004739 caller=QUEST1 target=70168717 DIST                 argc=4 site=70166E1C
gcalls seq=004740 caller=QUEST1 target=70168717 DIST                 argc=4 site=70166E1C
gcalls seq=004741 caller=QUEST1 target=70168717 DIST                 argc=4 site=70166E1C
gcalls seq=004742 caller=QUEST2 target=70168717 DIST                 argc=4 site=70166E1C
gcalls seq=004746 caller=QUEST2 target=70168717 DIST                 argc=4 site=70166E1C
gcalls seq=004750 caller=QUEST2 target=70168717 DIST                 argc=4 site=70166E1C
gcalls seq=004754 caller=QUEST1 target=70168717 DIST                 argc=4 site=70166E1C
gcalls seq=004755 caller=QUEST1 target=70168717 DIST                 argc=4 site=70166E1C
gcalls seq=004756 caller=QUEST1 target=70168717 DIST                 argc=4 site=70166E1C
gcalls seq=004757 caller=QUEST2 target=70168717 DIST                 argc=4 site=70166E1C
gcalls seq=004761 caller=QUEST2 target=70168717 DIST                 argc=4 site=70166E1C
gcalls seq=004765 caller=QUEST2 target=70168717 DIST                 argc=4 site=70166E1C
gcalls seq=004769 caller=QUEST1 target=70168717 DIST                 argc=4 site=70166E1C
gcalls seq=004770 caller=QUEST1 target=70168717 DIST                 argc=4 site=70166E1C
gcalls seq=004771 caller=QUEST1 target=70168717 DIST                 argc=4 site=70166E1C
gcalls seq=004772 caller=QUEST2 target=70168717 DIST                 argc=4 site=70166E1C
gcalls seq=004776 caller=QUEST2 target=70168717 DIST                 argc=4 site=70166E1C
gcalls seq=004780 caller=QUEST2 target=70168717 DIST                 argc=4 site=70166E1C
gcalls seq=004784 caller=QUEST1 target=70168717 DIST                 argc=4 site=70166E1C
gcalls seq=004785 caller=QUEST1 target=70168717 DIST                 argc=4 site=70166E1C
gcalls seq=004786 caller=QUEST2 target=70168717 DIST                 argc=4 site=70166E1C
gcalls seq=004790 caller=QUEST2 target=70168717 DIST                 argc=4 site=70166E1C
gcalls seq=004794 caller=QUEST1 target=70168717 DIST                 argc=4 site=70166E1C
gcalls seq=004795 caller=QUEST2 target=70168717 DIST                 argc=4 site=70166E1C
gcalls seq=004799 caller=QUEST1 target=70168717 DIST                 argc=4 site=70166E1C
gcalls seq=004800 caller=QUEST1 target=70168717 DIST                 argc=4 site=70166E1C
gcalls seq=004801 caller=QUEST1 target=70168717 DIST                 argc=4 site=70166E1C
gcalls seq=004802 caller=QUEST2 target=70168717 DIST                 argc=4 site=70166E1C
gcalls seq=004806 caller=QUEST2 target=70168717 DIST                 argc=4 site=70166E1C
gcalls seq=004810 caller=QUEST2 target=70168717 DIST                 argc=4 site=70166E1C
gcalls seq=004814 caller=QUEST1 target=70168717 DIST                 argc=4 site=70166E1C
gcalls seq=004815 caller=QUEST1 target=70168717 DIST                 argc=4 site=70166E1C
gcalls seq=004816 caller=QUEST1 target=70168717 DIST                 argc=4 site=70166E1C
gcalls seq=004817 caller=QUEST2 target=70168717 DIST                 argc=4 site=70166E1C
gcalls seq=004821 caller=QUEST2 target=70168717 DIST                 argc=4 site=70166E1C
gcalls seq=004825 caller=QUEST2 target=70168717 DIST                 argc=4 site=70166E1C
gcalls seq=004829 caller=QUEST1 target=70168717 DIST                 argc=4 site=70166E1C
gcalls seq=004830 caller=QUEST2 target=70168717 DIST                 argc=4 site=70166E1C
gcalls seq=004834 caller=QUEST1 target=70168717 DIST                 argc=4 site=70166E1C
gcalls seq=004835 caller=QUEST1 target=70168717 DIST                 argc=4 site=70166E1C
gcalls seq=004836 caller=QUEST2 target=70168717 DIST                 argc=4 site=70166E1C
gcalls seq=004840 caller=QUEST2 target=70168717 DIST                 argc=4 site=70166E1C
gcalls seq=004844 caller=QUEST1 target=70168717 DIST                 argc=4 site=70166E1C
gcalls seq=004845 caller=QUEST1 target=70168717 DIST                 argc=4 site=70166E1C
gcalls seq=004846 caller=QUEST1 target=70168717 DIST                 argc=4 site=70166E1C
gcalls seq=004847 caller=QUEST2 target=70168717 DIST                 argc=4 site=70166E1C
gcalls seq=004851 caller=QUEST2 target=70168717 DIST                 argc=4 site=70166E1C
gcalls seq=004855 caller=QUEST2 target=70168717 DIST                 argc=4 site=70166E1C
gcalls seq=004859 caller=QUEST1 target=70168717 DIST                 argc=4 site=70166E1C
gcalls seq=004860 caller=QUEST1 target=70168717 DIST                 argc=4 site=70166E1C
gcalls seq=004861 caller=QUEST1 target=70168717 DIST                 argc=4 site=70166E1C
gcalls seq=004862 caller=QUEST2 target=70168717 DIST                 argc=4 site=70166E1C
gcalls seq=004866 caller=QUEST2 target=70168717 DIST                 argc=4 site=70166E1C
gcalls seq=004870 caller=QUEST2 target=70168717 DIST                 argc=4 site=70166E1C
gcalls seq=004872 caller=QUEST1 target=70168717 DIST                 argc=4 site=70166E1C
gcalls seq=004875 caller=QUEST2 target=70168717 DIST                 argc=4 site=70166E1C
gcalls seq=004878 caller=QUEST1 target=70168717 DIST                 argc=4 site=70166E1C
gcalls seq=004879 caller=QUEST1 target=70168717 DIST                 argc=4 site=70166E1C
gcalls seq=004881 caller=QUEST2 target=70168717 DIST                 argc=4 site=70166E1C
gcalls seq=004885 caller=QUEST2 target=70168717 DIST                 argc=4 site=70166E1C
gcalls seq=004889 caller=QUEST1 target=70168717 DIST                 argc=4 site=70166E1C
gcalls seq=004890 caller=QUEST1 target=70168717 DIST                 argc=4 site=70166E1C
gcalls seq=004891 caller=QUEST1 target=70168717 DIST                 argc=4 site=70166E1C
gcalls seq=004892 caller=QUEST2 target=70168717 DIST                 argc=4 site=70166E1C
gcalls seq=004896 caller=QUEST2 target=70168717 DIST                 argc=4 site=70166E1C
gcalls seq=004900 caller=QUEST2 target=70168717 DIST                 argc=4 site=70166E1C
gcalls seq=004904 caller=QUEST1 target=70168717 DIST                 argc=4 site=70166E1C
gcalls seq=004905 caller=QUEST1 target=70168717 DIST                 argc=4 site=70166E1C
gcalls seq=004906 caller=QUEST2 target=70168717 DIST                 argc=4 site=70166E1C
gcalls seq=004910 caller=QUEST2 target=70168717 DIST                 argc=4 site=70166E1C
gcalls seq=004913 caller=QUEST1 target=70168717 DIST                 argc=4 site=70166E1C
gcalls seq=004915 caller=QUEST2 target=70168717 DIST                 argc=4 site=70166E1C
gcalls seq=004919 caller=QUEST1 target=70168717 DIST                 argc=4 site=70166E1C
gcalls seq=004920 caller=QUEST1 target=70168717 DIST                 argc=4 site=70166E1C
gcalls seq=004921 caller=QUEST1 target=70168717 DIST                 argc=4 site=70166E1C
gcalls seq=004922 caller=QUEST2 target=70168717 DIST                 argc=4 site=70166E1C
gcalls seq=004926 caller=QUEST2 target=70168717 DIST                 argc=4 site=70166E1C
gcalls seq=004930 caller=QUEST2 target=70168717 DIST                 argc=4 site=70166E1C
gcalls seq=004934 caller=QUEST1 target=70168717 DIST                 argc=4 site=70166E1C
gcalls seq=004935 caller=QUEST1 target=70168717 DIST                 argc=4 site=70166E1C
gcalls seq=004936 caller=QUEST2 target=70168717 DIST                 argc=4 site=70166E1C
gcalls seq=004940 caller=QUEST2 target=70168717 DIST                 argc=4 site=70166E1C
gcalls seq=004944 caller=QUEST1 target=70168717 DIST                 argc=4 site=70166E1C
gcalls seq=004945 caller=QUEST2 target=70168717 DIST                 argc=4 site=70166E1C
gcalls seq=004949 caller=QUEST1 target=70168717 DIST                 argc=4 site=70166E1C
gcalls seq=004950 caller=QUEST1 target=70168717 DIST                 argc=4 site=70166E1C
gcalls seq=004951 caller=QUEST1 target=70168717 DIST                 argc=4 site=70166E1C
gcalls seq=004952 caller=QUEST2 target=70168717 DIST                 argc=4 site=70166E1C
gcalls seq=004956 caller=QUEST2 target=70168717 DIST                 argc=4 site=70166E1C
gcalls seq=004960 caller=QUEST2 target=70168717 DIST                 argc=4 site=70166E1C
gcalls seq=004964 caller=QUEST1 target=70168717 DIST                 argc=4 site=70166E1C
gcalls seq=004965 caller=QUEST1 target=70168717 DIST                 argc=4 site=70166E1C
gcalls seq=004966 caller=QUEST1 target=70168717 DIST                 argc=4 site=70166E1C
gcalls seq=004967 caller=QUEST2 target=70168717 DIST                 argc=4 site=70166E1C
gcalls seq=004971 caller=QUEST2 target=70168717 DIST                 argc=4 site=70166E1C
gcalls seq=004975 caller=QUEST2 target=70168717 DIST                 argc=4 site=70166E1C
gcalls seq=004979 caller=QUEST1 target=70168717 DIST                 argc=4 site=70166E1C
gcalls seq=004980 caller=QUEST1 target=70168717 DIST                 argc=4 site=70166E1C
gcalls seq=004981 caller=QUEST2 target=70168717 DIST                 argc=4 site=70166E1C
gcalls seq=004985 caller=QUEST2 target=70168717 DIST                 argc=4 site=70166E1C
gcalls seq=004987 caller=QUEST1 target=70168717 DIST                 argc=4 site=70166E1C
gcalls seq=004990 caller=QUEST2 target=70168717 DIST                 argc=4 site=70166E1C
gcalls seq=004994 caller=QUEST1 target=70168717 DIST                 argc=4 site=70166E1C
gcalls seq=004995 caller=QUEST1 target=70168717 DIST                 argc=4 site=70166E1C
gcalls seq=004996 caller=QUEST1 target=70168717 DIST                 argc=4 site=70166E1C
gcalls seq=004997 caller=QUEST2 target=70168717 DIST                 argc=4 site=70166E1C
gcalls seq=005001 caller=QUEST2 target=70168717 DIST                 argc=4 site=70166E1C
gcalls seq=005005 caller=QUEST2 target=70168717 DIST                 argc=4 site=70166E1C
gcalls seq=005009 caller=QUEST1 target=70168717 DIST                 argc=4 site=70166E1C
gcalls seq=005010 caller=QUEST1 target=70168717 DIST                 argc=4 site=70166E1C
gcalls seq=005011 caller=QUEST1 target=70168717 DIST                 argc=4 site=70166E1C
gcalls seq=005012 caller=QUEST2 target=70168717 DIST                 argc=4 site=70166E1C
gcalls seq=005016 caller=QUEST2 target=70168717 DIST                 argc=4 site=70166E1C
gcalls seq=005020 caller=QUEST2 target=70168717 DIST                 argc=4 site=70166E1C
gcalls seq=005023 caller=QUEST1 target=70168717 DIST                 argc=4 site=70166E1C
gcalls seq=005025 caller=QUEST2 target=70168717 DIST                 argc=4 site=70166E1C
gcalls seq=005028 caller=QUEST1 target=70168717 DIST                 argc=4 site=70166E1C
gcalls seq=005029 caller=QUEST1 target=70168717 DIST                 argc=4 site=70166E1C
gcalls seq=005031 caller=QUEST2 target=70168717 DIST                 argc=4 site=70166E1C
gcalls seq=005035 caller=QUEST2 target=70168717 DIST                 argc=4 site=70166E1C
gcalls seq=005039 caller=QUEST1 target=70168717 DIST                 argc=4 site=70166E1C
gcalls seq=005040 caller=QUEST1 target=70168717 DIST                 argc=4 site=70166E1C
gcalls seq=005041 caller=QUEST1 target=70168717 DIST                 argc=4 site=70166E1C
gcalls seq=005042 caller=QUEST2 target=70168717 DIST                 argc=4 site=70166E1C
gcalls seq=005046 caller=QUEST2 target=70168717 DIST                 argc=4 site=70166E1C
gcalls seq=005050 caller=QUEST2 target=70168717 DIST                 argc=4 site=70166E1C
gcalls seq=005054 caller=QUEST1 target=70168717 DIST                 argc=4 site=70166E1C
gcalls seq=005055 caller=QUEST1 target=70168717 DIST                 argc=4 site=70166E1C
gcalls seq=005056 caller=QUEST2 target=70168717 DIST                 argc=4 site=70166E1C
gcalls seq=005060 caller=QUEST2 target=70168717 DIST                 argc=4 site=70166E1C
gcalls seq=005064 caller=QUEST1 target=70168717 DIST                 argc=4 site=70166E1C
gcalls seq=005065 caller=QUEST2 target=70168717 DIST                 argc=4 site=70166E1C
gcalls seq=005069 caller=QUEST1 target=70168717 DIST                 argc=4 site=70166E1C
gcalls seq=005070 caller=QUEST1 target=70168717 DIST                 argc=4 site=70166E1C
gcalls seq=005071 caller=QUEST1 target=70168717 DIST                 argc=4 site=70166E1C
gcalls seq=005072 caller=QUEST2 target=70168717 DIST                 argc=4 site=70166E1C
gcalls seq=005076 caller=QUEST2 target=70168717 DIST                 argc=4 site=70166E1C
gcalls seq=005080 caller=QUEST2 target=70168717 DIST                 argc=4 site=70166E1C
gcalls seq=005084 caller=QUEST1 target=70168717 DIST                 argc=4 site=70166E1C
gcalls seq=005085 caller=QUEST1 target=70168717 DIST                 argc=4 site=70166E1C
gcalls seq=005086 caller=QUEST1 target=70168717 DIST                 argc=4 site=70166E1C
gcalls seq=005087 caller=QUEST2 target=70168717 DIST                 argc=4 site=70166E1C
gcalls seq=005091 caller=QUEST2 target=70168717 DIST                 argc=4 site=70166E1C
gcalls seq=005095 caller=QUEST2 target=70168717 DIST                 argc=4 site=70166E1C
gcalls seq=005099 caller=QUEST1 target=7017CD71 TERRITORY            argc=6 site=701670EE
gcalls seq=005100 caller=QUEST2 target=7017CD71 TERRITORY            argc=6 site=701670EE
gcalls seq=005127 caller=QUEST1 target=7017D0ED TOWER_ATTACK         argc=1 site=701788EB
gcalls seq=005129 caller=QUEST2 target=7017D0ED TOWER_ATTACK         argc=1 site=701788EB
gcalls seq=005138 caller=QUEST1 target=70176C0B REPORT               argc=0 site=701788EF
gcalls seq=005139 caller=QUEST1 target=7017B42F THIEF                argc=1 site=701788F6
gcalls seq=005140 caller=QUEST1 target=70161CBF CATAPULT             argc=1 site=701788FD
gcalls seq=005142 caller=QUEST2 target=70176C0B REPORT               argc=0 site=701788EF
gcalls seq=005145 caller=QUEST2 target=7017B42F THIEF                argc=1 site=701788F6
gcalls seq=005148 caller=QUEST2 target=70161CBF CATAPULT             argc=1 site=701788FD
gcalls seq=005150 caller=QUEST1 target=70165863 DEFEND               argc=0 site=7017892C
gcalls seq=005152 caller=QUEST2 target=70165863 DEFEND               argc=0 site=7017892C
gcalls seq=005154 caller=QUEST1 target=701674B5 DISPLAY_INVENTORY    argc=1 site=701789E0
gcalls seq=005156 caller=QUEST2 target=701674B5 DISPLAY_INVENTORY    argc=1 site=701789E0
gcalls seq=005157 caller=QUEST1 target=701674B5 DISPLAY_INVENTORY    argc=1 site=70178BF9
gcalls seq=005158 caller=QUEST2 target=701674B5 DISPLAY_INVENTORY    argc=1 site=70178BF9
gcalls seq=005166 caller=QUEST1 target=7016AA35 GET_INPUT            argc=1 site=70178C3B
gcalls seq=005167 caller=QUEST2 target=7016AA35 GET_INPUT            argc=1 site=70178C3B
gcalls seq=005198 caller=QUEST1 target=701674B5 DISPLAY_INVENTORY    argc=1 site=70178BF9
gcalls seq=005199 caller=QUEST2 target=701674B5 DISPLAY_INVENTORY    argc=1 site=70178BF9
gcalls seq=005207 caller=QUEST1 target=7016AA35 GET_INPUT            argc=1 site=70178C3B
gcalls seq=005208 caller=QUEST2 target=7016AA35 GET_INPUT            argc=1 site=70178C3B
gcalls seq=005239 caller=QUEST1 target=7015FA73 AUTO_MOVE            argc=2 site=70178D52
gcalls seq=005240 caller=QUEST2 target=7015FA73 AUTO_MOVE            argc=2 site=70178D52
gcalls seq=005250 caller=QUEST1 target=7016AA35 GET_INPUT            argc=1 site=7015FAA2
gcalls seq=005251 caller=QUEST2 target=7016AA35 GET_INPUT            argc=1 site=7015FAA2
gcalls seq=005275 caller=QUEST1 target=701766ED READ_IN              argc=0 site=7015FB7A
gcalls seq=005276 caller=QUEST2 target=701766ED READ_IN              argc=0 site=7015FB7A
gcalls seq=005303 caller=QUEST1 target=7017101D MOVE_PLAYER          argc=3 site=7017956C
gcalls seq=005304 caller=QUEST1 target=70175CBF OWNS                 argc=2 site=70171110
gcalls seq=005305 caller=QUEST1 target=70175CBF OWNS                 argc=2 site=70171124
gcalls seq=005306 caller=QUEST1 target=70175CBF OWNS                 argc=2 site=7017112F
gcalls seq=005307 caller=QUEST2 target=7017101D MOVE_PLAYER          argc=3 site=7017956C
gcalls seq=005308 caller=QUEST2 target=70175CBF OWNS                 argc=2 site=70171110
gcalls seq=005311 caller=QUEST2 target=70175CBF OWNS                 argc=2 site=70171124
gcalls seq=005314 caller=QUEST2 target=70175CBF OWNS                 argc=2 site=7017112F
gcalls seq=005316 caller=QUEST1 target=7017C877 TERRAIN              argc=9 site=7017118E
gcalls seq=005318 caller=QUEST2 target=7017C877 TERRAIN              argc=9 site=7017118E
gcalls seq=005335 caller=QUEST1 target=7017C877 TERRAIN              argc=9 site=70171333
gcalls seq=005336 caller=QUEST1 target=7016A88F FIND_OBJECT          argc=3 site=7017233F
gcalls seq=005337 caller=QUEST2 target=7017C877 TERRAIN              argc=9 site=70171333
gcalls seq=005340 caller=QUEST2 target=7016A88F FIND_OBJECT          argc=3 site=7017233F
