gcalls seq=000076 caller=QUEST1 target=7015C005 QUEST                argc=0 site=7017EA51
gcalls seq=000077 caller=QUEST2 target=7015C005 QUEST                argc=0 site=7017EA51
gcalls seq=000143 caller=QUEST1 target=701766ED READ_IN              argc=0 site=7015C05F
gcalls seq=000144 caller=QUEST2 target=701766ED READ_IN              argc=0 site=7015C05F
gcalls seq=000158 caller=QUEST1 target=70175E9F LOGON                argc=0 site=7015C283
gcalls seq=000159 caller=QUEST2 target=70175E9F LOGON                argc=0 site=7015C283
gcalls seq=000194 caller=QUEST1 target=701766ED READ_IN              argc=0 site=70175F6B
gcalls seq=000195 caller=QUEST2 target=701766ED READ_IN              argc=0 site=70175F6B
gcalls seq=000217 caller=QUEST1 target=701766ED READ_IN              argc=0 site=70175FD3
gcalls seq=000218 caller=QUEST2 target=701766ED READ_IN              argc=0 site=70175FD3
gcalls seq=000263 caller=QUEST1 target=7016AA35 GET_INPUT            argc=1 site=701760C4
gcalls seq=000264 caller=QUEST2 target=7016AA35 GET_INPUT            argc=1 site=701760C4
gcalls seq=000291 caller=QUEST_SERVER target=7017B501 PICK_X_Y             argc=2 site=7017AD25
gcalls seq=000292 caller=QUEST_SERVER target=7017C098 ROLL32               argc=0 site=7017E21A
gcalls seq=000293 caller=QUEST_SERVER target=7017C098 ROLL32               argc=0 site=7017E21A
gcalls seq=000294 caller=QUEST_SERVER target=7017C098 ROLL32               argc=0 site=7017E21A
gcalls seq=000295 caller=QUEST_SERVER target=70178F4D FIND_OBJECT          argc=3 site=7017AD2F
gcalls seq=000296 caller=QUEST_SERVER target=7017C13B TERRITORY            argc=6 site=7017AD41
gcalls seq=000297 caller=QUEST_SERVER target=701782E8 SQR31?3              argc=0 site=7017C33E
gcalls seq=000298 caller=QUEST_SERVER target=701782E8 SQR31?3              argc=0 site=7017C33E
gcalls seq=000299 caller=QUEST_SERVER target=701782E8 SQR31?3              argc=0 site=7017C33E
gcalls seq=000300 caller=QUEST_SERVER target=701782E8 SQR31?3              argc=0 site=7017C33E
gcalls seq=000301 caller=QUEST_SERVER target=701782E8 SQR31?3              argc=0 site=7017C33E
gcalls seq=000302 caller=QUEST_SERVER target=701782E8 SQR31?3              argc=0 site=7017C33E
gcalls seq=000303 caller=QUEST_SERVER target=701782E8 SQR31?3              argc=0 site=7017C33E
gcalls seq=000304 caller=QUEST_SERVER target=701782E8 SQR31?3              argc=0 site=7017C33E
gcalls seq=000305 caller=QUEST_SERVER target=701782E8 SQR31?3              argc=0 site=7017C33E
gcalls seq=000306 caller=QUEST_SERVER target=701782E8 SQR31?3              argc=0 site=7017C33E
gcalls seq=000307 caller=QUEST_SERVER target=701782E8 SQR31?3              argc=0 site=7017C33E
gcalls seq=000308 caller=QUEST_SERVER target=701782E8 SQR31?3              argc=0 site=7017C33E
gcalls seq=000309 caller=QUEST_SERVER target=701782E8 SQR31?3              argc=0 site=7017C33E
gcalls seq=000310 caller=QUEST_SERVER target=701782E8 SQR31?3              argc=0 site=7017C33E
gcalls seq=000311 caller=QUEST_SERVER target=701782E8 SQR31?3              argc=0 site=7017C33E
gcalls seq=000312 caller=QUEST_SERVER target=701782E8 SQR31?3              argc=0 site=7017C33E
gcalls seq=000313 caller=QUEST_SERVER target=701782E8 SQR31?3              argc=0 site=7017C33E
gcalls seq=000314 caller=QUEST_SERVER target=701782E8 SQR31?3              argc=0 site=7017C33E
gcalls seq=000315 caller=QUEST_SERVER target=701782E8 SQR31?3              argc=0 site=7017C33E
gcalls seq=000316 caller=QUEST_SERVER target=701782E8 SQR31?3              argc=0 site=7017C33E
gcalls seq=000317 caller=QUEST_SERVER target=701782E8 SQR31?3              argc=0 site=7017C33E
gcalls seq=000318 caller=QUEST_SERVER target=701782E8 SQR31?3              argc=0 site=7017C33E
gcalls seq=000319 caller=QUEST_SERVER target=701782E8 SQR31?3              argc=0 site=7017C33E
gcalls seq=000320 caller=QUEST_SERVER target=701782E8 SQR31?3              argc=0 site=7017C33E
gcalls seq=000321 caller=QUEST_SERVER target=701782E8 SQR31?3              argc=0 site=7017C33E
gcalls seq=000322 caller=QUEST_SERVER target=701782E8 SQR31?3              argc=0 site=7017C33E
gcalls seq=000323 caller=QUEST_SERVER target=701782E8 SQR31?3              argc=0 site=7017C33E
gcalls seq=000324 caller=QUEST_SERVER target=701782E8 SQR31?3              argc=0 site=7017C33E
gcalls seq=000325 caller=QUEST_SERVER target=701782E8 SQR31?3              argc=0 site=7017C33E
gcalls seq=000326 caller=QUEST_SERVER target=701782E8 SQR31?3              argc=0 site=7017C33E
gcalls seq=000327 caller=QUEST_SERVER target=701782E8 SQR31?3              argc=0 site=7017C33E
gcalls seq=000328 caller=QUEST_SERVER target=701782E8 SQR31?3              argc=0 site=7017C33E
gcalls seq=000329 caller=QUEST_SERVER target=701782E8 SQR31?3              argc=0 site=7017C33E
gcalls seq=000330 caller=QUEST_SERVER target=701782E8 SQR31?3              argc=0 site=7017C33E
gcalls seq=000331 caller=QUEST_SERVER target=701782E8 SQR31?3              argc=0 site=7017C33E
gcalls seq=000332 caller=QUEST_SERVER target=701782E8 SQR31?3              argc=0 site=7017C33E
gcalls seq=000333 caller=QUEST_SERVER target=701782E8 SQR31?3              argc=0 site=7017C33E
gcalls seq=000334 caller=QUEST_SERVER target=701782E8 SQR31?3              argc=0 site=7017C33E
gcalls seq=000335 caller=QUEST_SERVER target=701782E8 SQR31?3              argc=0 site=7017C33E
gcalls seq=000336 caller=QUEST_SERVER target=701782E8 SQR31?3              argc=0 site=7017C33E
gcalls seq=000337 caller=QUEST_SERVER target=701782E8 SQR31?3              argc=0 site=7017C33E
gcalls seq=000338 caller=QUEST_SERVER target=701782E8 SQR31?3              argc=0 site=7017C33E
gcalls seq=000339 caller=QUEST_SERVER target=701782E8 SQR31?3              argc=0 site=7017C33E
gcalls seq=000340 caller=QUEST_SERVER target=701782E8 SQR31?3              argc=0 site=7017C33E
gcalls seq=000341 caller=QUEST_SERVER target=701782E8 SQR31?3              argc=0 site=7017C33E
gcalls seq=000342 caller=QUEST_SERVER target=701782E8 SQR31?3              argc=0 site=7017C33E
gcalls seq=000343 caller=QUEST_SERVER target=701782E8 SQR31?3              argc=0 site=7017C33E
gcalls seq=000344 caller=QUEST_SERVER target=701782E8 SQR31?3              argc=0 site=7017C33E
gcalls seq=000345 caller=QUEST_SERVER target=701782E8 SQR31?3              argc=0 site=7017C33E
gcalls seq=000346 caller=QUEST_SERVER target=701782E8 SQR31?3              argc=0 site=7017C33E
gcalls seq=000347 caller=QUEST_SERVER target=701782E8 SQR31?3              argc=0 site=7017C33E
gcalls seq=000348 caller=QUEST_SERVER target=701782E8 SQR31?3              argc=0 site=7017C33E
gcalls seq=000349 caller=QUEST_SERVER target=701782E8 SQR31?3              argc=0 site=7017C33E
gcalls seq=000350 caller=QUEST_SERVER target=701782E8 SQR31?3              argc=0 site=7017C33E
gcalls seq=000351 caller=QUEST_SERVER target=701782E8 SQR31?3              argc=0 site=7017C33E
gcalls seq=000352 caller=QUEST_SERVER target=701782E8 SQR31?3              argc=0 site=7017C33E
gcalls seq=000353 caller=QUEST_SERVER target=701782E8 SQR31?3              argc=0 site=7017C33E
gcalls seq=000354 caller=QUEST_SERVER target=701782E8 SQR31?3              argc=0 site=7017C33E
gcalls seq=000355 caller=QUEST_SERVER target=701782E8 SQR31?3              argc=0 site=7017C33E
gcalls seq=000356 caller=QUEST_SERVER target=701782E8 SQR31?3              argc=0 site=7017C33E
gcalls seq=000357 caller=QUEST_SERVER target=701782E8 SQR31?3              argc=0 site=7017C33E
gcalls seq=000358 caller=QUEST_SERVER target=701782E8 SQR31?3              argc=0 site=7017C33E
gcalls seq=000359 caller=QUEST_SERVER target=701782E8 SQR31?3              argc=0 site=7017C33E
gcalls seq=000360 caller=QUEST_SERVER target=701782E8 SQR31?3              argc=0 site=7017C33E
gcalls seq=000361 caller=QUEST_SERVER target=701782E8 SQR31?3              argc=0 site=7017C33E
gcalls seq=000362 caller=QUEST_SERVER target=701782E8 SQR31?3              argc=0 site=7017C33E
gcalls seq=000363 caller=QUEST_SERVER target=701782E8 SQR31?3              argc=0 site=7017C33E
gcalls seq=000364 caller=QUEST_SERVER target=701782E8 SQR31?3              argc=0 site=7017C33E
gcalls seq=000365 caller=QUEST_SERVER target=701782E8 SQR31?3              argc=0 site=7017C33E
gcalls seq=000366 caller=QUEST_SERVER target=701782E8 SQR31?3              argc=0 site=7017C33E
gcalls seq=000367 caller=QUEST_SERVER target=701782E8 SQR31?3              argc=0 site=7017C33E
gcalls seq=000368 caller=QUEST_SERVER target=701782E8 SQR31?3              argc=0 site=7017C33E
gcalls seq=000369 caller=QUEST_SERVER target=701782E8 SQR31?3              argc=0 site=7017C33E
gcalls seq=000370 caller=QUEST_SERVER target=701782E8 SQR31?3              argc=0 site=7017C33E
gcalls seq=000371 caller=QUEST_SERVER target=701782E8 SQR31?3              argc=0 site=7017C33E
gcalls seq=000372 caller=QUEST_SERVER target=701782E8 SQR31?3              argc=0 site=7017C33E
gcalls seq=000373 caller=QUEST_SERVER target=701782E8 SQR31?3              argc=0 site=7017C33E
gcalls seq=000374 caller=QUEST_SERVER target=701782E8 SQR31?3              argc=0 site=7017C33E
gcalls seq=000375 caller=QUEST_SERVER target=701782E8 SQR31?3              argc=0 site=7017C33E
gcalls seq=000376 caller=QUEST_SERVER target=701782E8 SQR31?3              argc=0 site=7017C33E
gcalls seq=000377 caller=QUEST_SERVER target=701782E8 SQR31?3              argc=0 site=7017C33E
gcalls seq=000378 caller=QUEST_SERVER target=701782E8 SQR31?3              argc=0 site=7017C33E
gcalls seq=000379 caller=QUEST_SERVER target=701782E8 SQR31?3              argc=0 site=7017C33E
gcalls seq=000380 caller=QUEST_SERVER target=701782E8 SQR31?3              argc=0 site=7017C33E
gcalls seq=000381 caller=QUEST_SERVER target=701782E8 SQR31?3              argc=0 site=7017C33E
gcalls seq=000382 caller=QUEST_SERVER target=701782E8 SQR31?3              argc=0 site=7017C33E
gcalls seq=000383 caller=QUEST_SERVER target=701782E8 SQR31?3              argc=0 site=7017C33E
gcalls seq=000384 caller=QUEST_SERVER target=701782E8 SQR31?3              argc=0 site=7017C33E
gcalls seq=000385 caller=QUEST_SERVER target=701782E8 SQR31?3              argc=0 site=7017C33E
gcalls seq=000386 caller=QUEST_SERVER target=701782E8 SQR31?3              argc=0 site=7017C33E
gcalls seq=000387 caller=QUEST_SERVER target=701782E8 SQR31?3              argc=0 site=7017C33E
gcalls seq=000388 caller=QUEST_SERVER target=701782E8 SQR31?3              argc=0 site=7017C33E
gcalls seq=000389 caller=QUEST_SERVER target=701782E8 SQR31?3              argc=0 site=7017C33E
gcalls seq=000390 caller=QUEST_SERVER target=701782E8 SQR31?3              argc=0 site=7017C33E
gcalls seq=000391 caller=QUEST_SERVER target=701782E8 SQR31?3              argc=0 site=7017C33E
gcalls seq=000392 caller=QUEST_SERVER target=701782E8 SQR31?3              argc=0 site=7017C33E
gcalls seq=000393 caller=QUEST_SERVER target=701782E8 SQR31?3              argc=0 site=7017C33E
gcalls seq=000394 caller=QUEST_SERVER target=701782E8 SQR31?3              argc=0 site=7017C33E
gcalls seq=000395 caller=QUEST_SERVER target=701782E8 SQR31?3              argc=0 site=7017C33E
gcalls seq=000396 caller=QUEST_SERVER target=701782E8 SQR31?3              argc=0 site=7017C33E
gcalls seq=000397 caller=QUEST_SERVER target=701782E8 SQR31?3              argc=0 site=7017C33E
gcalls seq=000398 caller=QUEST_SERVER target=701782E8 SQR31?3              argc=0 site=7017C33E
gcalls seq=000399 caller=QUEST_SERVER target=701782E8 SQR31?3              argc=0 site=7017C33E
gcalls seq=000400 caller=QUEST_SERVER target=701782E8 SQR31?3              argc=0 site=7017C33E
gcalls seq=000401 caller=QUEST_SERVER target=701782E8 SQR31?3              argc=0 site=7017C33E
gcalls seq=000402 caller=QUEST_SERVER target=701782E8 SQR31?3              argc=0 site=7017C33E
gcalls seq=000403 caller=QUEST_SERVER target=701782E8 SQR31?3              argc=0 site=7017C33E
gcalls seq=000404 caller=QUEST_SERVER target=701782E8 SQR31?3              argc=0 site=7017C33E
gcalls seq=000405 caller=QUEST_SERVER target=701782E8 SQR31?3              argc=0 site=7017C33E
gcalls seq=000406 caller=QUEST_SERVER target=701782E8 SQR31?3              argc=0 site=7017C33E
gcalls seq=000407 caller=QUEST_SERVER target=701782E8 SQR31?3              argc=0 site=7017C33E
gcalls seq=000408 caller=QUEST_SERVER target=701782E8 SQR31?3              argc=0 site=7017C33E
gcalls seq=000409 caller=QUEST_SERVER target=701782E8 SQR31?3              argc=0 site=7017C33E
gcalls seq=000410 caller=QUEST_SERVER target=701782E8 SQR31?3              argc=0 site=7017C33E
gcalls seq=000411 caller=QUEST_SERVER target=701782E8 SQR31?3              argc=0 site=7017C33E
gcalls seq=000412 caller=QUEST_SERVER target=701782E8 SQR31?3              argc=0 site=7017C33E
gcalls seq=000413 caller=QUEST_SERVER target=7017B501 PICK_X_Y             argc=2 site=7017AD25
gcalls seq=000414 caller=QUEST_SERVER target=7017C098 ROLL32               argc=0 site=7017E21A
gcalls seq=000415 caller=QUEST_SERVER target=7017C098 ROLL32               argc=0 site=7017E21A
gcalls seq=000416 caller=QUEST_SERVER target=7017C098 ROLL32               argc=0 site=7017E21A
gcalls seq=000417 caller=QUEST_SERVER target=70178F4D FIND_OBJECT          argc=3 site=7017AD2F
gcalls seq=000418 caller=QUEST_SERVER target=7017C13B TERRITORY            argc=6 site=7017AD41
gcalls seq=000419 caller=QUEST_SERVER target=701782E8 SQR31?3              argc=0 site=7017C33E
gcalls seq=000420 caller=QUEST_SERVER target=701782E8 SQR31?3              argc=0 site=7017C33E
gcalls seq=000421 caller=QUEST_SERVER target=701782E8 SQR31?3              argc=0 site=7017C33E
gcalls seq=000422 caller=QUEST_SERVER target=701782E8 SQR31?3              argc=0 site=7017C33E
gcalls seq=000423 caller=QUEST_SERVER target=701782E8 SQR31?3              argc=0 site=7017C33E
gcalls seq=000424 caller=QUEST_SERVER target=701782E8 SQR31?3              argc=0 site=7017C33E
gcalls seq=000425 caller=QUEST_SERVER target=701782E8 SQR31?3              argc=0 site=7017C33E
gcalls seq=000426 caller=QUEST_SERVER target=701782E8 SQR31?3              argc=0 site=7017C33E
gcalls seq=000427 caller=QUEST_SERVER target=701782E8 SQR31?3              argc=0 site=7017C33E
gcalls seq=000428 caller=QUEST_SERVER target=701782E8 SQR31?3              argc=0 site=7017C33E
gcalls seq=000429 caller=QUEST_SERVER target=701782E8 SQR31?3              argc=0 site=7017C33E
gcalls seq=000430 caller=QUEST_SERVER target=701782E8 SQR31?3              argc=0 site=7017C33E
gcalls seq=000431 caller=QUEST_SERVER target=701782E8 SQR31?3              argc=0 site=7017C33E
gcalls seq=000432 caller=QUEST_SERVER target=701782E8 SQR31?3              argc=0 site=7017C33E
gcalls seq=000433 caller=QUEST_SERVER target=701782E8 SQR31?3              argc=0 site=7017C33E
gcalls seq=000434 caller=QUEST_SERVER target=701782E8 SQR31?3              argc=0 site=7017C33E
gcalls seq=000435 caller=QUEST_SERVER target=701782E8 SQR31?3              argc=0 site=7017C33E
gcalls seq=000436 caller=QUEST_SERVER target=701782E8 SQR31?3              argc=0 site=7017C33E
gcalls seq=000437 caller=QUEST_SERVER target=701782E8 SQR31?3              argc=0 site=7017C33E
gcalls seq=000438 caller=QUEST_SERVER target=701782E8 SQR31?3              argc=0 site=7017C33E
gcalls seq=000439 caller=QUEST_SERVER target=701782E8 SQR31?3              argc=0 site=7017C33E
gcalls seq=000440 caller=QUEST_SERVER target=701782E8 SQR31?3              argc=0 site=7017C33E
gcalls seq=000441 caller=QUEST_SERVER target=701782E8 SQR31?3              argc=0 site=7017C33E
gcalls seq=000442 caller=QUEST_SERVER target=701782E8 SQR31?3              argc=0 site=7017C33E
gcalls seq=000443 caller=QUEST_SERVER target=701782E8 SQR31?3              argc=0 site=7017C33E
gcalls seq=000444 caller=QUEST_SERVER target=701782E8 SQR31?3              argc=0 site=7017C33E
gcalls seq=000445 caller=QUEST_SERVER target=701782E8 SQR31?3              argc=0 site=7017C33E
gcalls seq=000446 caller=QUEST_SERVER target=701782E8 SQR31?3              argc=0 site=7017C33E
gcalls seq=000447 caller=QUEST_SERVER target=701782E8 SQR31?3              argc=0 site=7017C33E
gcalls seq=000448 caller=QUEST_SERVER target=701782E8 SQR31?3              argc=0 site=7017C33E
gcalls seq=000449 caller=QUEST_SERVER target=701782E8 SQR31?3              argc=0 site=7017C33E
gcalls seq=000450 caller=QUEST_SERVER target=701782E8 SQR31?3              argc=0 site=7017C33E
gcalls seq=000451 caller=QUEST_SERVER target=701782E8 SQR31?3              argc=0 site=7017C33E
gcalls seq=000452 caller=QUEST_SERVER target=701782E8 SQR31?3              argc=0 site=7017C33E
gcalls seq=000453 caller=QUEST_SERVER target=701782E8 SQR31?3              argc=0 site=7017C33E
gcalls seq=000454 caller=QUEST_SERVER target=701782E8 SQR31?3              argc=0 site=7017C33E
gcalls seq=000455 caller=QUEST_SERVER target=701782E8 SQR31?3              argc=0 site=7017C33E
gcalls seq=000456 caller=QUEST_SERVER target=701782E8 SQR31?3              argc=0 site=7017C33E
gcalls seq=000457 caller=QUEST_SERVER target=701782E8 SQR31?3              argc=0 site=7017C33E
gcalls seq=000458 caller=QUEST_SERVER target=701782E8 SQR31?3              argc=0 site=7017C33E
gcalls seq=000459 caller=QUEST_SERVER target=701782E8 SQR31?3              argc=0 site=7017C33E
gcalls seq=000460 caller=QUEST_SERVER target=701782E8 SQR31?3              argc=0 site=7017C33E
gcalls seq=000461 caller=QUEST_SERVER target=701782E8 SQR31?3              argc=0 site=7017C33E
gcalls seq=000462 caller=QUEST_SERVER target=701782E8 SQR31?3              argc=0 site=7017C33E
gcalls seq=000463 caller=QUEST_SERVER target=701782E8 SQR31?3              argc=0 site=7017C33E
gcalls seq=000464 caller=QUEST_SERVER target=701782E8 SQR31?3              argc=0 site=7017C33E
gcalls seq=000465 caller=QUEST_SERVER target=701782E8 SQR31?3              argc=0 site=7017C33E
gcalls seq=000466 caller=QUEST_SERVER target=701782E8 SQR31?3              argc=0 site=7017C33E
gcalls seq=000467 caller=QUEST_SERVER target=701782E8 SQR31?3              argc=0 site=7017C33E
gcalls seq=000468 caller=QUEST_SERVER target=701782E8 SQR31?3              argc=0 site=7017C33E
gcalls seq=000469 caller=QUEST_SERVER target=701782E8 SQR31?3              argc=0 site=7017C33E
gcalls seq=000470 caller=QUEST_SERVER target=701782E8 SQR31?3              argc=0 site=7017C33E
gcalls seq=000471 caller=QUEST_SERVER target=701782E8 SQR31?3              argc=0 site=7017C33E
gcalls seq=000472 caller=QUEST_SERVER target=701782E8 SQR31?3              argc=0 site=7017C33E
gcalls seq=000473 caller=QUEST_SERVER target=701782E8 SQR31?3              argc=0 site=7017C33E
gcalls seq=000474 caller=QUEST_SERVER target=701782E8 SQR31?3              argc=0 site=7017C33E
gcalls seq=000475 caller=QUEST_SERVER target=701782E8 SQR31?3              argc=0 site=7017C33E
gcalls seq=000476 caller=QUEST_SERVER target=701782E8 SQR31?3              argc=0 site=7017C33E
gcalls seq=000477 caller=QUEST_SERVER target=701782E8 SQR31?3              argc=0 site=7017C33E
gcalls seq=000478 caller=QUEST_SERVER target=701782E8 SQR31?3              argc=0 site=7017C33E
gcalls seq=000479 caller=QUEST_SERVER target=701782E8 SQR31?3              argc=0 site=7017C33E
gcalls seq=000480 caller=QUEST_SERVER target=701782E8 SQR31?3              argc=0 site=7017C33E
gcalls seq=000481 caller=QUEST_SERVER target=701782E8 SQR31?3              argc=0 site=7017C33E
gcalls seq=000482 caller=QUEST_SERVER target=701782E8 SQR31?3              argc=0 site=7017C33E
gcalls seq=000483 caller=QUEST_SERVER target=701782E8 SQR31?3              argc=0 site=7017C33E
gcalls seq=000484 caller=QUEST_SERVER target=701782E8 SQR31?3              argc=0 site=7017C33E
gcalls seq=000485 caller=QUEST_SERVER target=701782E8 SQR31?3              argc=0 site=7017C33E
gcalls seq=000486 caller=QUEST_SERVER target=701782E8 SQR31?3              argc=0 site=7017C33E
gcalls seq=000487 caller=QUEST_SERVER target=701782E8 SQR31?3              argc=0 site=7017C33E
gcalls seq=000488 caller=QUEST_SERVER target=701782E8 SQR31?3              argc=0 site=7017C33E
gcalls seq=000489 caller=QUEST_SERVER target=701782E8 SQR31?3              argc=0 site=7017C33E
gcalls seq=000490 caller=QUEST_SERVER target=701782E8 SQR31?3              argc=0 site=7017C33E
gcalls seq=000491 caller=QUEST_SERVER target=701782E8 SQR31?3              argc=0 site=7017C33E
gcalls seq=000492 caller=QUEST_SERVER target=701782E8 SQR31?3              argc=0 site=7017C33E
gcalls seq=000493 caller=QUEST_SERVER target=701782E8 SQR31?3              argc=0 site=7017C33E
gcalls seq=000494 caller=QUEST_SERVER target=701782E8 SQR31?3              argc=0 site=7017C33E
gcalls seq=000495 caller=QUEST_SERVER target=701782E8 SQR31?3              argc=0 site=7017C33E
gcalls seq=000496 caller=QUEST_SERVER target=701782E8 SQR31?3              argc=0 site=7017C33E
gcalls seq=000497 caller=QUEST_SERVER target=701782E8 SQR31?3              argc=0 site=7017C33E
gcalls seq=000498 caller=QUEST_SERVER target=701782E8 SQR31?3              argc=0 site=7017C33E
gcalls seq=000499 caller=QUEST_SERVER target=701782E8 SQR31?3              argc=0 site=7017C33E
gcalls seq=000500 caller=QUEST_SERVER target=701782E8 SQR31?3              argc=0 site=7017C33E
gcalls seq=000501 caller=QUEST_SERVER target=701782E8 SQR31?3              argc=0 site=7017C33E
gcalls seq=000502 caller=QUEST_SERVER target=701782E8 SQR31?3              argc=0 site=7017C33E
gcalls seq=000503 caller=QUEST_SERVER target=701782E8 SQR31?3              argc=0 site=7017C33E
gcalls seq=000504 caller=QUEST_SERVER target=701782E8 SQR31?3              argc=0 site=7017C33E
gcalls seq=000505 caller=QUEST_SERVER target=701782E8 SQR31?3              argc=0 site=7017C33E
gcalls seq=000506 caller=QUEST_SERVER target=701782E8 SQR31?3              argc=0 site=7017C33E
gcalls seq=000507 caller=QUEST_SERVER target=701782E8 SQR31?3              argc=0 site=7017C33E
gcalls seq=000508 caller=QUEST_SERVER target=701782E8 SQR31?3              argc=0 site=7017C33E
gcalls seq=000509 caller=QUEST_SERVER target=701782E8 SQR31?3              argc=0 site=7017C33E
gcalls seq=000510 caller=QUEST_SERVER target=701782E8 SQR31?3              argc=0 site=7017C33E
gcalls seq=000511 caller=QUEST_SERVER target=701782E8 SQR31?3              argc=0 site=7017C33E
gcalls seq=000512 caller=QUEST_SERVER target=701782E8 SQR31?3              argc=0 site=7017C33E
gcalls seq=000513 caller=QUEST_SERVER target=701782E8 SQR31?3              argc=0 site=7017C33E
gcalls seq=000514 caller=QUEST_SERVER target=701782E8 SQR31?3              argc=0 site=7017C33E
gcalls seq=000515 caller=QUEST_SERVER target=701782E8 SQR31?3              argc=0 site=7017C33E
gcalls seq=000516 caller=QUEST_SERVER target=701782E8 SQR31?3              argc=0 site=7017C33E
gcalls seq=000517 caller=QUEST_SERVER target=701782E8 SQR31?3              argc=0 site=7017C33E
gcalls seq=000518 caller=QUEST_SERVER target=701782E8 SQR31?3              argc=0 site=7017C33E
gcalls seq=000519 caller=QUEST_SERVER target=701782E8 SQR31?3              argc=0 site=7017C33E
gcalls seq=000520 caller=QUEST_SERVER target=701782E8 SQR31?3              argc=0 site=7017C33E
gcalls seq=000521 caller=QUEST_SERVER target=701782E8 SQR31?3              argc=0 site=7017C33E
gcalls seq=000522 caller=QUEST_SERVER target=701782E8 SQR31?3              argc=0 site=7017C33E
gcalls seq=000523 caller=QUEST_SERVER target=701782E8 SQR31?3              argc=0 site=7017C33E
gcalls seq=000524 caller=QUEST_SERVER target=701782E8 SQR31?3              argc=0 site=7017C33E
gcalls seq=000525 caller=QUEST_SERVER target=701782E8 SQR31?3              argc=0 site=7017C33E
gcalls seq=000526 caller=QUEST_SERVER target=701782E8 SQR31?3              argc=0 site=7017C33E
gcalls seq=000527 caller=QUEST_SERVER target=701782E8 SQR31?3              argc=0 site=7017C33E
gcalls seq=000528 caller=QUEST_SERVER target=701782E8 SQR31?3              argc=0 site=7017C33E
gcalls seq=000529 caller=QUEST_SERVER target=701782E8 SQR31?3              argc=0 site=7017C33E
gcalls seq=000530 caller=QUEST_SERVER target=701782E8 SQR31?3              argc=0 site=7017C33E
gcalls seq=000531 caller=QUEST_SERVER target=701782E8 SQR31?3              argc=0 site=7017C33E
gcalls seq=000532 caller=QUEST_SERVER target=701782E8 SQR31?3              argc=0 site=7017C33E
gcalls seq=000533 caller=QUEST_SERVER target=701782E8 SQR31?3              argc=0 site=7017C33E
gcalls seq=000534 caller=QUEST_SERVER target=701782E8 SQR31?3              argc=0 site=7017C33E
gcalls seq=000535 caller=QUEST_SERVER target=7017B501 PICK_X_Y             argc=2 site=7017AD25
gcalls seq=000536 caller=QUEST_SERVER target=7017C098 ROLL32               argc=0 site=7017E21A
gcalls seq=000537 caller=QUEST_SERVER target=7017C098 ROLL32               argc=0 site=7017E21A
gcalls seq=000538 caller=QUEST_SERVER target=7017C098 ROLL32               argc=0 site=7017E21A
gcalls seq=000539 caller=QUEST_SERVER target=7017C098 ROLL32               argc=0 site=7017E21A
gcalls seq=000540 caller=QUEST_SERVER target=7017C098 ROLL32               argc=0 site=7017E21A
gcalls seq=000541 caller=QUEST_SERVER target=70178F4D FIND_OBJECT          argc=3 site=7017AD2F
gcalls seq=000542 caller=QUEST_SERVER target=7017C13B TERRITORY            argc=6 site=7017AD41
gcalls seq=000543 caller=QUEST_SERVER target=701782E8 SQR31?3              argc=0 site=7017C33E
gcalls seq=000544 caller=QUEST_SERVER target=701782E8 SQR31?3              argc=0 site=7017C33E
gcalls seq=000545 caller=QUEST_SERVER target=701782E8 SQR31?3              argc=0 site=7017C33E
gcalls seq=000546 caller=QUEST_SERVER target=701782E8 SQR31?3              argc=0 site=7017C33E
gcalls seq=000547 caller=QUEST_SERVER target=701782E8 SQR31?3              argc=0 site=7017C33E
gcalls seq=000548 caller=QUEST_SERVER target=701782E8 SQR31?3              argc=0 site=7017C33E
gcalls seq=000549 caller=QUEST_SERVER target=701782E8 SQR31?3              argc=0 site=7017C33E
gcalls seq=000550 caller=QUEST_SERVER target=701782E8 SQR31?3              argc=0 site=7017C33E
gcalls seq=000551 caller=QUEST_SERVER target=701782E8 SQR31?3              argc=0 site=7017C33E
gcalls seq=000552 caller=QUEST_SERVER target=701782E8 SQR31?3              argc=0 site=7017C33E
gcalls seq=000553 caller=QUEST_SERVER target=701782E8 SQR31?3              argc=0 site=7017C33E
gcalls seq=000554 caller=QUEST_SERVER target=701782E8 SQR31?3              argc=0 site=7017C33E
gcalls seq=000555 caller=QUEST_SERVER target=701782E8 SQR31?3              argc=0 site=7017C33E
gcalls seq=000556 caller=QUEST_SERVER target=701782E8 SQR31?3              argc=0 site=7017C33E
gcalls seq=000557 caller=QUEST_SERVER target=701782E8 SQR31?3              argc=0 site=7017C33E
gcalls seq=000558 caller=QUEST_SERVER target=701782E8 SQR31?3              argc=0 site=7017C33E
gcalls seq=000559 caller=QUEST_SERVER target=701782E8 SQR31?3              argc=0 site=7017C33E
gcalls seq=000560 caller=QUEST_SERVER target=701782E8 SQR31?3              argc=0 site=7017C33E
gcalls seq=000561 caller=QUEST_SERVER target=701782E8 SQR31?3              argc=0 site=7017C33E
gcalls seq=000562 caller=QUEST_SERVER target=701782E8 SQR31?3              argc=0 site=7017C33E
gcalls seq=000563 caller=QUEST_SERVER target=701782E8 SQR31?3              argc=0 site=7017C33E
gcalls seq=000564 caller=QUEST_SERVER target=701782E8 SQR31?3              argc=0 site=7017C33E
gcalls seq=000565 caller=QUEST_SERVER target=701782E8 SQR31?3              argc=0 site=7017C33E
gcalls seq=000566 caller=QUEST_SERVER target=701782E8 SQR31?3              argc=0 site=7017C33E
gcalls seq=000567 caller=QUEST_SERVER target=701782E8 SQR31?3              argc=0 site=7017C33E
gcalls seq=000568 caller=QUEST_SERVER target=701782E8 SQR31?3              argc=0 site=7017C33E
gcalls seq=000569 caller=QUEST_SERVER target=701782E8 SQR31?3              argc=0 site=7017C33E
gcalls seq=000570 caller=QUEST_SERVER target=701782E8 SQR31?3              argc=0 site=7017C33E
gcalls seq=000571 caller=QUEST_SERVER target=701782E8 SQR31?3              argc=0 site=7017C33E
gcalls seq=000572 caller=QUEST_SERVER target=701782E8 SQR31?3              argc=0 site=7017C33E
gcalls seq=000573 caller=QUEST_SERVER target=701782E8 SQR31?3              argc=0 site=7017C33E
gcalls seq=000574 caller=QUEST_SERVER target=701782E8 SQR31?3              argc=0 site=7017C33E
gcalls seq=000575 caller=QUEST_SERVER target=701782E8 SQR31?3              argc=0 site=7017C33E
gcalls seq=000576 caller=QUEST_SERVER target=701782E8 SQR31?3              argc=0 site=7017C33E
gcalls seq=000577 caller=QUEST_SERVER target=701782E8 SQR31?3              argc=0 site=7017C33E
gcalls seq=000578 caller=QUEST_SERVER target=701782E8 SQR31?3              argc=0 site=7017C33E
gcalls seq=000579 caller=QUEST_SERVER target=701782E8 SQR31?3              argc=0 site=7017C33E
gcalls seq=000580 caller=QUEST_SERVER target=701782E8 SQR31?3              argc=0 site=7017C33E
gcalls seq=000581 caller=QUEST_SERVER target=701782E8 SQR31?3              argc=0 site=7017C33E
gcalls seq=000582 caller=QUEST_SERVER target=701782E8 SQR31?3              argc=0 site=7017C33E
gcalls seq=000583 caller=QUEST_SERVER target=701782E8 SQR31?3              argc=0 site=7017C33E
gcalls seq=000584 caller=QUEST_SERVER target=701782E8 SQR31?3              argc=0 site=7017C33E
gcalls seq=000585 caller=QUEST_SERVER target=701782E8 SQR31?3              argc=0 site=7017C33E
gcalls seq=000586 caller=QUEST_SERVER target=701782E8 SQR31?3              argc=0 site=7017C33E
gcalls seq=000587 caller=QUEST_SERVER target=701782E8 SQR31?3              argc=0 site=7017C33E
gcalls seq=000588 caller=QUEST_SERVER target=701782E8 SQR31?3              argc=0 site=7017C33E
gcalls seq=000589 caller=QUEST_SERVER target=701782E8 SQR31?3              argc=0 site=7017C33E
gcalls seq=000590 caller=QUEST_SERVER target=701782E8 SQR31?3              argc=0 site=7017C33E
gcalls seq=000591 caller=QUEST_SERVER target=701782E8 SQR31?3              argc=0 site=7017C33E
gcalls seq=000592 caller=QUEST_SERVER target=701782E8 SQR31?3              argc=0 site=7017C33E
gcalls seq=000593 caller=QUEST_SERVER target=701782E8 SQR31?3              argc=0 site=7017C33E
gcalls seq=000594 caller=QUEST_SERVER target=701782E8 SQR31?3              argc=0 site=7017C33E
gcalls seq=000595 caller=QUEST_SERVER target=701782E8 SQR31?3              argc=0 site=7017C33E
gcalls seq=000596 caller=QUEST_SERVER target=701782E8 SQR31?3              argc=0 site=7017C33E
gcalls seq=000597 caller=QUEST_SERVER target=701782E8 SQR31?3              argc=0 site=7017C33E
gcalls seq=000598 caller=QUEST_SERVER target=701782E8 SQR31?3              argc=0 site=7017C33E
gcalls seq=000599 caller=QUEST_SERVER target=701782E8 SQR31?3              argc=0 site=7017C33E
gcalls seq=000600 caller=QUEST_SERVER target=701782E8 SQR31?3              argc=0 site=7017C33E
gcalls seq=000601 caller=QUEST_SERVER target=701782E8 SQR31?3              argc=0 site=7017C33E
gcalls seq=000602 caller=QUEST_SERVER target=701782E8 SQR31?3              argc=0 site=7017C33E
gcalls seq=000603 caller=QUEST_SERVER target=701782E8 SQR31?3              argc=0 site=7017C33E
gcalls seq=000604 caller=QUEST_SERVER target=701782E8 SQR31?3              argc=0 site=7017C33E
gcalls seq=000605 caller=QUEST_SERVER target=701782E8 SQR31?3              argc=0 site=7017C33E
gcalls seq=000606 caller=QUEST_SERVER target=701782E8 SQR31?3              argc=0 site=7017C33E
gcalls seq=000607 caller=QUEST_SERVER target=701782E8 SQR31?3              argc=0 site=7017C33E
gcalls seq=000608 caller=QUEST_SERVER target=701782E8 SQR31?3              argc=0 site=7017C33E
gcalls seq=000609 caller=QUEST_SERVER target=701782E8 SQR31?3              argc=0 site=7017C33E
gcalls seq=000610 caller=QUEST_SERVER target=701782E8 SQR31?3              argc=0 site=7017C33E
gcalls seq=000611 caller=QUEST_SERVER target=701782E8 SQR31?3              argc=0 site=7017C33E
gcalls seq=000612 caller=QUEST_SERVER target=701782E8 SQR31?3              argc=0 site=7017C33E
gcalls seq=000613 caller=QUEST_SERVER target=701782E8 SQR31?3              argc=0 site=7017C33E
gcalls seq=000614 caller=QUEST_SERVER target=701782E8 SQR31?3              argc=0 site=7017C33E
gcalls seq=000615 caller=QUEST_SERVER target=701782E8 SQR31?3              argc=0 site=7017C33E
gcalls seq=000616 caller=QUEST_SERVER target=701782E8 SQR31?3              argc=0 site=7017C33E
gcalls seq=000617 caller=QUEST_SERVER target=701782E8 SQR31?3              argc=0 site=7017C33E
gcalls seq=000618 caller=QUEST_SERVER target=701782E8 SQR31?3              argc=0 site=7017C33E
gcalls seq=000619 caller=QUEST_SERVER target=701782E8 SQR31?3              argc=0 site=7017C33E
gcalls seq=000620 caller=QUEST_SERVER target=701782E8 SQR31?3              argc=0 site=7017C33E
gcalls seq=000621 caller=QUEST_SERVER target=701782E8 SQR31?3              argc=0 site=7017C33E
gcalls seq=000622 caller=QUEST_SERVER target=701782E8 SQR31?3              argc=0 site=7017C33E
gcalls seq=000623 caller=QUEST_SERVER target=701782E8 SQR31?3              argc=0 site=7017C33E
gcalls seq=000624 caller=QUEST_SERVER target=701782E8 SQR31?3              argc=0 site=7017C33E
gcalls seq=000625 caller=QUEST_SERVER target=701782E8 SQR31?3              argc=0 site=7017C33E
gcalls seq=000626 caller=QUEST_SERVER target=701782E8 SQR31?3              argc=0 site=7017C33E
gcalls seq=000627 caller=QUEST_SERVER target=701782E8 SQR31?3              argc=0 site=7017C33E
gcalls seq=000628 caller=QUEST_SERVER target=701782E8 SQR31?3              argc=0 site=7017C33E
gcalls seq=000629 caller=QUEST_SERVER target=701782E8 SQR31?3              argc=0 site=7017C33E
gcalls seq=000630 caller=QUEST_SERVER target=701782E8 SQR31?3              argc=0 site=7017C33E
gcalls seq=000631 caller=QUEST_SERVER target=701782E8 SQR31?3              argc=0 site=7017C33E
gcalls seq=000632 caller=QUEST_SERVER target=701782E8 SQR31?3              argc=0 site=7017C33E
gcalls seq=000633 caller=QUEST_SERVER target=701782E8 SQR31?3              argc=0 site=7017C33E
gcalls seq=000634 caller=QUEST_SERVER target=701782E8 SQR31?3              argc=0 site=7017C33E
gcalls seq=000635 caller=QUEST_SERVER target=701782E8 SQR31?3              argc=0 site=7017C33E
gcalls seq=000636 caller=QUEST_SERVER target=701782E8 SQR31?3              argc=0 site=7017C33E
gcalls seq=000637 caller=QUEST_SERVER target=701782E8 SQR31?3              argc=0 site=7017C33E
gcalls seq=000638 caller=QUEST_SERVER target=701782E8 SQR31?3              argc=0 site=7017C33E
gcalls seq=000639 caller=QUEST_SERVER target=701782E8 SQR31?3              argc=0 site=7017C33E
gcalls seq=000640 caller=QUEST_SERVER target=701782E8 SQR31?3              argc=0 site=7017C33E
gcalls seq=000641 caller=QUEST_SERVER target=701782E8 SQR31?3              argc=0 site=7017C33E
gcalls seq=000642 caller=QUEST_SERVER target=701782E8 SQR31?3              argc=0 site=7017C33E
gcalls seq=000643 caller=QUEST_SERVER target=701782E8 SQR31?3              argc=0 site=7017C33E
gcalls seq=000644 caller=QUEST_SERVER target=701782E8 SQR31?3              argc=0 site=7017C33E
gcalls seq=000645 caller=QUEST_SERVER target=701782E8 SQR31?3              argc=0 site=7017C33E
gcalls seq=000646 caller=QUEST_SERVER target=701782E8 SQR31?3              argc=0 site=7017C33E
gcalls seq=000647 caller=QUEST_SERVER target=701782E8 SQR31?3              argc=0 site=7017C33E
gcalls seq=000648 caller=QUEST_SERVER target=701782E8 SQR31?3              argc=0 site=7017C33E
gcalls seq=000649 caller=QUEST_SERVER target=701782E8 SQR31?3              argc=0 site=7017C33E
gcalls seq=000650 caller=QUEST_SERVER target=701782E8 SQR31?3              argc=0 site=7017C33E
gcalls seq=000651 caller=QUEST_SERVER target=701782E8 SQR31?3              argc=0 site=7017C33E
gcalls seq=000652 caller=QUEST_SERVER target=701782E8 SQR31?3              argc=0 site=7017C33E
gcalls seq=000653 caller=QUEST_SERVER target=701782E8 SQR31?3              argc=0 site=7017C33E
gcalls seq=000654 caller=QUEST_SERVER target=701782E8 SQR31?3              argc=0 site=7017C33E
gcalls seq=000655 caller=QUEST_SERVER target=701782E8 SQR31?3              argc=0 site=7017C33E
gcalls seq=000656 caller=QUEST_SERVER target=701782E8 SQR31?3              argc=0 site=7017C33E
gcalls seq=000657 caller=QUEST_SERVER target=701782E8 SQR31?3              argc=0 site=7017C33E
gcalls seq=000658 caller=QUEST_SERVER target=701782E8 SQR31?3              argc=0 site=7017C33E
gcalls seq=000659 caller=QUEST_SERVER target=7017B501 PICK_X_Y             argc=2 site=7017AD25
gcalls seq=000660 caller=QUEST_SERVER target=7017C098 ROLL32               argc=0 site=7017E21A
gcalls seq=000661 caller=QUEST_SERVER target=7017C098 ROLL32               argc=0 site=7017E21A
gcalls seq=000662 caller=QUEST_SERVER target=7017C098 ROLL32               argc=0 site=7017E21A
gcalls seq=000663 caller=QUEST_SERVER target=7017C098 ROLL32               argc=0 site=7017E21A
gcalls seq=000664 caller=QUEST_SERVER target=7017C098 ROLL32               argc=0 site=7017E21A
gcalls seq=000665 caller=QUEST_SERVER target=70178F4D FIND_OBJECT          argc=3 site=7017AD2F
gcalls seq=000666 caller=QUEST_SERVER target=7017C13B TERRITORY            argc=6 site=7017AD41
gcalls seq=000667 caller=QUEST_SERVER target=701782E8 SQR31?3              argc=0 site=7017C33E
gcalls seq=000668 caller=QUEST_SERVER target=701782E8 SQR31?3              argc=0 site=7017C33E
gcalls seq=000669 caller=QUEST_SERVER target=701782E8 SQR31?3              argc=0 site=7017C33E
gcalls seq=000670 caller=QUEST_SERVER target=701782E8 SQR31?3              argc=0 site=7017C33E
gcalls seq=000671 caller=QUEST_SERVER target=701782E8 SQR31?3              argc=0 site=7017C33E
gcalls seq=000672 caller=QUEST_SERVER target=701782E8 SQR31?3              argc=0 site=7017C33E
gcalls seq=000673 caller=QUEST_SERVER target=701782E8 SQR31?3              argc=0 site=7017C33E
gcalls seq=000674 caller=QUEST_SERVER target=701782E8 SQR31?3              argc=0 site=7017C33E
gcalls seq=000675 caller=QUEST_SERVER target=701782E8 SQR31?3              argc=0 site=7017C33E
gcalls seq=000676 caller=QUEST_SERVER target=701782E8 SQR31?3              argc=0 site=7017C33E
gcalls seq=000677 caller=QUEST_SERVER target=701782E8 SQR31?3              argc=0 site=7017C33E
gcalls seq=000678 caller=QUEST_SERVER target=701782E8 SQR31?3              argc=0 site=7017C33E
gcalls seq=000679 caller=QUEST_SERVER target=701782E8 SQR31?3              argc=0 site=7017C33E
gcalls seq=000680 caller=QUEST_SERVER target=701782E8 SQR31?3              argc=0 site=7017C33E
gcalls seq=000681 caller=QUEST_SERVER target=701782E8 SQR31?3              argc=0 site=7017C33E
gcalls seq=000682 caller=QUEST_SERVER target=701782E8 SQR31?3              argc=0 site=7017C33E
gcalls seq=000683 caller=QUEST_SERVER target=701782E8 SQR31?3              argc=0 site=7017C33E
gcalls seq=000684 caller=QUEST_SERVER target=701782E8 SQR31?3              argc=0 site=7017C33E
gcalls seq=000685 caller=QUEST_SERVER target=701782E8 SQR31?3              argc=0 site=7017C33E
gcalls seq=000686 caller=QUEST_SERVER target=701782E8 SQR31?3              argc=0 site=7017C33E
gcalls seq=000687 caller=QUEST_SERVER target=701782E8 SQR31?3              argc=0 site=7017C33E
gcalls seq=000688 caller=QUEST_SERVER target=701782E8 SQR31?3              argc=0 site=7017C33E
gcalls seq=000689 caller=QUEST_SERVER target=701782E8 SQR31?3              argc=0 site=7017C33E
gcalls seq=000690 caller=QUEST_SERVER target=701782E8 SQR31?3              argc=0 site=7017C33E
gcalls seq=000691 caller=QUEST_SERVER target=701782E8 SQR31?3              argc=0 site=7017C33E
gcalls seq=000692 caller=QUEST_SERVER target=701782E8 SQR31?3              argc=0 site=7017C33E
gcalls seq=000693 caller=QUEST_SERVER target=701782E8 SQR31?3              argc=0 site=7017C33E
gcalls seq=000694 caller=QUEST_SERVER target=701782E8 SQR31?3              argc=0 site=7017C33E
gcalls seq=000695 caller=QUEST_SERVER target=701782E8 SQR31?3              argc=0 site=7017C33E
gcalls seq=000696 caller=QUEST_SERVER target=701782E8 SQR31?3              argc=0 site=7017C33E
gcalls seq=000697 caller=QUEST_SERVER target=701782E8 SQR31?3              argc=0 site=7017C33E
gcalls seq=000698 caller=QUEST_SERVER target=701782E8 SQR31?3              argc=0 site=7017C33E
gcalls seq=000699 caller=QUEST_SERVER target=701782E8 SQR31?3              argc=0 site=7017C33E
gcalls seq=000700 caller=QUEST_SERVER target=701782E8 SQR31?3              argc=0 site=7017C33E
gcalls seq=000701 caller=QUEST_SERVER target=701782E8 SQR31?3              argc=0 site=7017C33E
gcalls seq=000702 caller=QUEST_SERVER target=701782E8 SQR31?3              argc=0 site=7017C33E
gcalls seq=000703 caller=QUEST_SERVER target=701782E8 SQR31?3              argc=0 site=7017C33E
gcalls seq=000704 caller=QUEST_SERVER target=701782E8 SQR31?3              argc=0 site=7017C33E
gcalls seq=000705 caller=QUEST_SERVER target=701782E8 SQR31?3              argc=0 site=7017C33E
gcalls seq=000706 caller=QUEST_SERVER target=701782E8 SQR31?3              argc=0 site=7017C33E
gcalls seq=000707 caller=QUEST_SERVER target=701782E8 SQR31?3              argc=0 site=7017C33E
gcalls seq=000708 caller=QUEST_SERVER target=701782E8 SQR31?3              argc=0 site=7017C33E
gcalls seq=000709 caller=QUEST_SERVER target=701782E8 SQR31?3              argc=0 site=7017C33E
gcalls seq=000710 caller=QUEST_SERVER target=701782E8 SQR31?3              argc=0 site=7017C33E
gcalls seq=000711 caller=QUEST_SERVER target=701782E8 SQR31?3              argc=0 site=7017C33E
gcalls seq=000712 caller=QUEST_SERVER target=701782E8 SQR31?3              argc=0 site=7017C33E
gcalls seq=000713 caller=QUEST_SERVER target=701782E8 SQR31?3              argc=0 site=7017C33E
gcalls seq=000714 caller=QUEST_SERVER target=701782E8 SQR31?3              argc=0 site=7017C33E
gcalls seq=000715 caller=QUEST_SERVER target=701782E8 SQR31?3              argc=0 site=7017C33E
gcalls seq=000716 caller=QUEST_SERVER target=701782E8 SQR31?3              argc=0 site=7017C33E
gcalls seq=000717 caller=QUEST_SERVER target=701782E8 SQR31?3              argc=0 site=7017C33E
gcalls seq=000718 caller=QUEST_SERVER target=701782E8 SQR31?3              argc=0 site=7017C33E
gcalls seq=000719 caller=QUEST_SERVER target=701782E8 SQR31?3              argc=0 site=7017C33E
gcalls seq=000720 caller=QUEST_SERVER target=701782E8 SQR31?3              argc=0 site=7017C33E
gcalls seq=000721 caller=QUEST_SERVER target=701782E8 SQR31?3              argc=0 site=7017C33E
gcalls seq=000722 caller=QUEST_SERVER target=701782E8 SQR31?3              argc=0 site=7017C33E
gcalls seq=000723 caller=QUEST_SERVER target=701782E8 SQR31?3              argc=0 site=7017C33E
gcalls seq=000724 caller=QUEST_SERVER target=701782E8 SQR31?3              argc=0 site=7017C33E
gcalls seq=000725 caller=QUEST_SERVER target=701782E8 SQR31?3              argc=0 site=7017C33E
gcalls seq=000726 caller=QUEST_SERVER target=701782E8 SQR31?3              argc=0 site=7017C33E
gcalls seq=000727 caller=QUEST_SERVER target=701782E8 SQR31?3              argc=0 site=7017C33E
gcalls seq=000728 caller=QUEST_SERVER target=701782E8 SQR31?3              argc=0 site=7017C33E
gcalls seq=000729 caller=QUEST_SERVER target=701782E8 SQR31?3              argc=0 site=7017C33E
gcalls seq=000730 caller=QUEST_SERVER target=701782E8 SQR31?3              argc=0 site=7017C33E
gcalls seq=000731 caller=QUEST_SERVER target=701782E8 SQR31?3              argc=0 site=7017C33E
gcalls seq=000732 caller=QUEST_SERVER target=701782E8 SQR31?3              argc=0 site=7017C33E
gcalls seq=000733 caller=QUEST_SERVER target=701782E8 SQR31?3              argc=0 site=7017C33E
gcalls seq=000734 caller=QUEST_SERVER target=701782E8 SQR31?3              argc=0 site=7017C33E
gcalls seq=000735 caller=QUEST_SERVER target=701782E8 SQR31?3              argc=0 site=7017C33E
gcalls seq=000736 caller=QUEST_SERVER target=701782E8 SQR31?3              argc=0 site=7017C33E
gcalls seq=000737 caller=QUEST_SERVER target=701782E8 SQR31?3              argc=0 site=7017C33E
gcalls seq=000738 caller=QUEST_SERVER target=701782E8 SQR31?3              argc=0 site=7017C33E
gcalls seq=000739 caller=QUEST_SERVER target=701782E8 SQR31?3              argc=0 site=7017C33E
gcalls seq=000740 caller=QUEST_SERVER target=701782E8 SQR31?3              argc=0 site=7017C33E
gcalls seq=000741 caller=QUEST_SERVER target=701782E8 SQR31?3              argc=0 site=7017C33E
gcalls seq=000742 caller=QUEST_SERVER target=701782E8 SQR31?3              argc=0 site=7017C33E
gcalls seq=000743 caller=QUEST_SERVER target=701782E8 SQR31?3              argc=0 site=7017C33E
gcalls seq=000744 caller=QUEST_SERVER target=701782E8 SQR31?3              argc=0 site=7017C33E
gcalls seq=000745 caller=QUEST_SERVER target=701782E8 SQR31?3              argc=0 site=7017C33E
gcalls seq=000746 caller=QUEST_SERVER target=701782E8 SQR31?3              argc=0 site=7017C33E
gcalls seq=000747 caller=QUEST_SERVER target=701782E8 SQR31?3              argc=0 site=7017C33E
gcalls seq=000748 caller=QUEST_SERVER target=701782E8 SQR31?3              argc=0 site=7017C33E
gcalls seq=000749 caller=QUEST_SERVER target=701782E8 SQR31?3              argc=0 site=7017C33E
gcalls seq=000750 caller=QUEST_SERVER target=701782E8 SQR31?3              argc=0 site=7017C33E
gcalls seq=000751 caller=QUEST_SERVER target=701782E8 SQR31?3              argc=0 site=7017C33E
gcalls seq=000752 caller=QUEST_SERVER target=701782E8 SQR31?3              argc=0 site=7017C33E
gcalls seq=000753 caller=QUEST_SERVER target=701782E8 SQR31?3              argc=0 site=7017C33E
gcalls seq=000754 caller=QUEST_SERVER target=701782E8 SQR31?3              argc=0 site=7017C33E
gcalls seq=000755 caller=QUEST_SERVER target=701782E8 SQR31?3              argc=0 site=7017C33E
gcalls seq=000756 caller=QUEST_SERVER target=701782E8 SQR31?3              argc=0 site=7017C33E
gcalls seq=000757 caller=QUEST_SERVER target=701782E8 SQR31?3              argc=0 site=7017C33E
gcalls seq=000758 caller=QUEST_SERVER target=701782E8 SQR31?3              argc=0 site=7017C33E
gcalls seq=000759 caller=QUEST_SERVER target=701782E8 SQR31?3              argc=0 site=7017C33E
gcalls seq=000760 caller=QUEST_SERVER target=701782E8 SQR31?3              argc=0 site=7017C33E
gcalls seq=000761 caller=QUEST_SERVER target=701782E8 SQR31?3              argc=0 site=7017C33E
gcalls seq=000762 caller=QUEST_SERVER target=701782E8 SQR31?3              argc=0 site=7017C33E
gcalls seq=000763 caller=QUEST_SERVER target=701782E8 SQR31?3              argc=0 site=7017C33E
gcalls seq=000764 caller=QUEST_SERVER target=701782E8 SQR31?3              argc=0 site=7017C33E
gcalls seq=000765 caller=QUEST_SERVER target=701782E8 SQR31?3              argc=0 site=7017C33E
gcalls seq=000766 caller=QUEST_SERVER target=701782E8 SQR31?3              argc=0 site=7017C33E
gcalls seq=000767 caller=QUEST_SERVER target=701782E8 SQR31?3              argc=0 site=7017C33E
gcalls seq=000768 caller=QUEST_SERVER target=701782E8 SQR31?3              argc=0 site=7017C33E
gcalls seq=000769 caller=QUEST_SERVER target=701782E8 SQR31?3              argc=0 site=7017C33E
gcalls seq=000770 caller=QUEST_SERVER target=701782E8 SQR31?3              argc=0 site=7017C33E
gcalls seq=000771 caller=QUEST_SERVER target=701782E8 SQR31?3              argc=0 site=7017C33E
gcalls seq=000772 caller=QUEST_SERVER target=701782E8 SQR31?3              argc=0 site=7017C33E
gcalls seq=000773 caller=QUEST_SERVER target=701782E8 SQR31?3              argc=0 site=7017C33E
gcalls seq=000774 caller=QUEST_SERVER target=701782E8 SQR31?3              argc=0 site=7017C33E
gcalls seq=000775 caller=QUEST_SERVER target=701782E8 SQR31?3              argc=0 site=7017C33E
gcalls seq=000776 caller=QUEST_SERVER target=701782E8 SQR31?3              argc=0 site=7017C33E
gcalls seq=000777 caller=QUEST_SERVER target=701782E8 SQR31?3              argc=0 site=7017C33E
gcalls seq=000778 caller=QUEST_SERVER target=701782E8 SQR31?3              argc=0 site=7017C33E
gcalls seq=000779 caller=QUEST_SERVER target=701782E8 SQR31?3              argc=0 site=7017C33E
gcalls seq=000780 caller=QUEST_SERVER target=701782E8 SQR31?3              argc=0 site=7017C33E
gcalls seq=000781 caller=QUEST_SERVER target=701782E8 SQR31?3              argc=0 site=7017C33E
gcalls seq=000782 caller=QUEST_SERVER target=701782E8 SQR31?3              argc=0 site=7017C33E
gcalls seq=000783 caller=QUEST_SERVER target=7017B501 PICK_X_Y             argc=2 site=7017AD25
gcalls seq=000784 caller=QUEST_SERVER target=7017C098 ROLL32               argc=0 site=7017E21A
gcalls seq=000785 caller=QUEST_SERVER target=7017C098 ROLL32               argc=0 site=7017E21A
gcalls seq=000786 caller=QUEST_SERVER target=7017C098 ROLL32               argc=0 site=7017E21A
gcalls seq=000787 caller=QUEST_SERVER target=70178F4D FIND_OBJECT          argc=3 site=7017AD2F
gcalls seq=000788 caller=QUEST_SERVER target=7017B501 PICK_X_Y             argc=2 site=7017AD25
gcalls seq=000789 caller=QUEST_SERVER target=7017C098 ROLL32               argc=0 site=7017E21A
gcalls seq=000790 caller=QUEST_SERVER target=7017C098 ROLL32               argc=0 site=7017E21A
gcalls seq=000791 caller=QUEST_SERVER target=7017C098 ROLL32               argc=0 site=7017E21A
gcalls seq=000792 caller=QUEST_SERVER target=7017C098 ROLL32               argc=0 site=7017E21A
gcalls seq=000793 caller=QUEST_SERVER target=7017C098 ROLL32               argc=0 site=7017E21A
gcalls seq=000794 caller=QUEST_SERVER target=7017C098 ROLL32               argc=0 site=7017E21A
gcalls seq=000795 caller=QUEST_SERVER target=70178F4D FIND_OBJECT          argc=3 site=7017AD2F
gcalls seq=000796 caller=QUEST_SERVER target=7017C13B TERRITORY            argc=6 site=7017AD41
gcalls seq=000797 caller=QUEST_SERVER target=701782E8 SQR31?3              argc=0 site=7017C33E
gcalls seq=000798 caller=QUEST_SERVER target=701782E8 SQR31?3              argc=0 site=7017C33E
gcalls seq=000799 caller=QUEST_SERVER target=701782E8 SQR31?3              argc=0 site=7017C33E
gcalls seq=000800 caller=QUEST_SERVER target=701782E8 SQR31?3              argc=0 site=7017C33E
gcalls seq=000801 caller=QUEST_SERVER target=701782E8 SQR31?3              argc=0 site=7017C33E
gcalls seq=000802 caller=QUEST_SERVER target=701782E8 SQR31?3              argc=0 site=7017C33E
gcalls seq=000803 caller=QUEST_SERVER target=701782E8 SQR31?3              argc=0 site=7017C33E
gcalls seq=000804 caller=QUEST_SERVER target=701782E8 SQR31?3              argc=0 site=7017C33E
gcalls seq=000805 caller=QUEST_SERVER target=701782E8 SQR31?3              argc=0 site=7017C33E
gcalls seq=000806 caller=QUEST_SERVER target=701782E8 SQR31?3              argc=0 site=7017C33E
gcalls seq=000807 caller=QUEST_SERVER target=701782E8 SQR31?3              argc=0 site=7017C33E
gcalls seq=000808 caller=QUEST_SERVER target=701782E8 SQR31?3              argc=0 site=7017C33E
gcalls seq=000809 caller=QUEST_SERVER target=701782E8 SQR31?3              argc=0 site=7017C33E
gcalls seq=000810 caller=QUEST_SERVER target=701782E8 SQR31?3              argc=0 site=7017C33E
gcalls seq=000811 caller=QUEST_SERVER target=701782E8 SQR31?3              argc=0 site=7017C33E
gcalls seq=000812 caller=QUEST_SERVER target=701782E8 SQR31?3              argc=0 site=7017C33E
gcalls seq=000813 caller=QUEST_SERVER target=701782E8 SQR31?3              argc=0 site=7017C33E
gcalls seq=000814 caller=QUEST_SERVER target=701782E8 SQR31?3              argc=0 site=7017C33E
gcalls seq=000815 caller=QUEST_SERVER target=701782E8 SQR31?3              argc=0 site=7017C33E
gcalls seq=000816 caller=QUEST_SERVER target=701782E8 SQR31?3              argc=0 site=7017C33E
gcalls seq=000817 caller=QUEST_SERVER target=701782E8 SQR31?3              argc=0 site=7017C33E
gcalls seq=000818 caller=QUEST_SERVER target=701782E8 SQR31?3              argc=0 site=7017C33E
gcalls seq=000819 caller=QUEST_SERVER target=701782E8 SQR31?3              argc=0 site=7017C33E
gcalls seq=000820 caller=QUEST_SERVER target=701782E8 SQR31?3              argc=0 site=7017C33E
gcalls seq=000821 caller=QUEST_SERVER target=701782E8 SQR31?3              argc=0 site=7017C33E
gcalls seq=000822 caller=QUEST_SERVER target=701782E8 SQR31?3              argc=0 site=7017C33E
gcalls seq=000823 caller=QUEST_SERVER target=701782E8 SQR31?3              argc=0 site=7017C33E
gcalls seq=000824 caller=QUEST_SERVER target=701782E8 SQR31?3              argc=0 site=7017C33E
gcalls seq=000825 caller=QUEST_SERVER target=701782E8 SQR31?3              argc=0 site=7017C33E
gcalls seq=000826 caller=QUEST_SERVER target=701782E8 SQR31?3              argc=0 site=7017C33E
gcalls seq=000827 caller=QUEST_SERVER target=701782E8 SQR31?3              argc=0 site=7017C33E
gcalls seq=000828 caller=QUEST_SERVER target=701782E8 SQR31?3              argc=0 site=7017C33E
gcalls seq=000829 caller=QUEST_SERVER target=701782E8 SQR31?3              argc=0 site=7017C33E
gcalls seq=000830 caller=QUEST_SERVER target=701782E8 SQR31?3              argc=0 site=7017C33E
gcalls seq=000831 caller=QUEST_SERVER target=701782E8 SQR31?3              argc=0 site=7017C33E
gcalls seq=000832 caller=QUEST_SERVER target=701782E8 SQR31?3              argc=0 site=7017C33E
gcalls seq=000833 caller=QUEST_SERVER target=701782E8 SQR31?3              argc=0 site=7017C33E
gcalls seq=000834 caller=QUEST_SERVER target=701782E8 SQR31?3              argc=0 site=7017C33E
gcalls seq=000835 caller=QUEST_SERVER target=701782E8 SQR31?3              argc=0 site=7017C33E
gcalls seq=000836 caller=QUEST_SERVER target=701782E8 SQR31?3              argc=0 site=7017C33E
gcalls seq=000837 caller=QUEST_SERVER target=701782E8 SQR31?3              argc=0 site=7017C33E
gcalls seq=000838 caller=QUEST_SERVER target=701782E8 SQR31?3              argc=0 site=7017C33E
gcalls seq=000839 caller=QUEST_SERVER target=701782E8 SQR31?3              argc=0 site=7017C33E
gcalls seq=000840 caller=QUEST_SERVER target=701782E8 SQR31?3              argc=0 site=7017C33E
gcalls seq=000841 caller=QUEST_SERVER target=701782E8 SQR31?3              argc=0 site=7017C33E
gcalls seq=000842 caller=QUEST_SERVER target=701782E8 SQR31?3              argc=0 site=7017C33E
gcalls seq=000843 caller=QUEST_SERVER target=701782E8 SQR31?3              argc=0 site=7017C33E
gcalls seq=000844 caller=QUEST_SERVER target=701782E8 SQR31?3              argc=0 site=7017C33E
gcalls seq=000845 caller=QUEST_SERVER target=701782E8 SQR31?3              argc=0 site=7017C33E
gcalls seq=000846 caller=QUEST_SERVER target=701782E8 SQR31?3              argc=0 site=7017C33E
gcalls seq=000847 caller=QUEST_SERVER target=701782E8 SQR31?3              argc=0 site=7017C33E
gcalls seq=000848 caller=QUEST_SERVER target=701782E8 SQR31?3              argc=0 site=7017C33E
gcalls seq=000849 caller=QUEST_SERVER target=701782E8 SQR31?3              argc=0 site=7017C33E
gcalls seq=000850 caller=QUEST_SERVER target=701782E8 SQR31?3              argc=0 site=7017C33E
gcalls seq=000851 caller=QUEST_SERVER target=701782E8 SQR31?3              argc=0 site=7017C33E
gcalls seq=000852 caller=QUEST_SERVER target=701782E8 SQR31?3              argc=0 site=7017C33E
gcalls seq=000853 caller=QUEST_SERVER target=701782E8 SQR31?3              argc=0 site=7017C33E
gcalls seq=000854 caller=QUEST_SERVER target=701782E8 SQR31?3              argc=0 site=7017C33E
gcalls seq=000855 caller=QUEST_SERVER target=701782E8 SQR31?3              argc=0 site=7017C33E
gcalls seq=000856 caller=QUEST_SERVER target=701782E8 SQR31?3              argc=0 site=7017C33E
gcalls seq=000857 caller=QUEST_SERVER target=701782E8 SQR31?3              argc=0 site=7017C33E
gcalls seq=000858 caller=QUEST_SERVER target=701782E8 SQR31?3              argc=0 site=7017C33E
gcalls seq=000859 caller=QUEST_SERVER target=701782E8 SQR31?3              argc=0 site=7017C33E
gcalls seq=000860 caller=QUEST_SERVER target=701782E8 SQR31?3              argc=0 site=7017C33E
gcalls seq=000861 caller=QUEST_SERVER target=701782E8 SQR31?3              argc=0 site=7017C33E
gcalls seq=000862 caller=QUEST_SERVER target=701782E8 SQR31?3              argc=0 site=7017C33E
gcalls seq=000863 caller=QUEST_SERVER target=701782E8 SQR31?3              argc=0 site=7017C33E
gcalls seq=000864 caller=QUEST_SERVER target=701782E8 SQR31?3              argc=0 site=7017C33E
gcalls seq=000865 caller=QUEST_SERVER target=701782E8 SQR31?3              argc=0 site=7017C33E
gcalls seq=000866 caller=QUEST_SERVER target=701782E8 SQR31?3              argc=0 site=7017C33E
gcalls seq=000867 caller=QUEST_SERVER target=701782E8 SQR31?3              argc=0 site=7017C33E
gcalls seq=000868 caller=QUEST_SERVER target=701782E8 SQR31?3              argc=0 site=7017C33E
gcalls seq=000869 caller=QUEST_SERVER target=701782E8 SQR31?3              argc=0 site=7017C33E
gcalls seq=000870 caller=QUEST_SERVER target=701782E8 SQR31?3              argc=0 site=7017C33E
gcalls seq=000871 caller=QUEST_SERVER target=701782E8 SQR31?3              argc=0 site=7017C33E
gcalls seq=000872 caller=QUEST_SERVER target=701782E8 SQR31?3              argc=0 site=7017C33E
gcalls seq=000873 caller=QUEST_SERVER target=701782E8 SQR31?3              argc=0 site=7017C33E
gcalls seq=000874 caller=QUEST_SERVER target=701782E8 SQR31?3              argc=0 site=7017C33E
gcalls seq=000875 caller=QUEST_SERVER target=701782E8 SQR31?3              argc=0 site=7017C33E
gcalls seq=000876 caller=QUEST_SERVER target=701782E8 SQR31?3              argc=0 site=7017C33E
gcalls seq=000877 caller=QUEST_SERVER target=701782E8 SQR31?3              argc=0 site=7017C33E
gcalls seq=000878 caller=QUEST_SERVER target=701782E8 SQR31?3              argc=0 site=7017C33E
gcalls seq=000879 caller=QUEST_SERVER target=701782E8 SQR31?3              argc=0 site=7017C33E
gcalls seq=000880 caller=QUEST_SERVER target=701782E8 SQR31?3              argc=0 site=7017C33E
gcalls seq=000881 caller=QUEST_SERVER target=701782E8 SQR31?3              argc=0 site=7017C33E
gcalls seq=000882 caller=QUEST_SERVER target=701782E8 SQR31?3              argc=0 site=7017C33E
gcalls seq=000883 caller=QUEST_SERVER target=701782E8 SQR31?3              argc=0 site=7017C33E
gcalls seq=000884 caller=QUEST_SERVER target=701782E8 SQR31?3              argc=0 site=7017C33E
gcalls seq=000885 caller=QUEST_SERVER target=701782E8 SQR31?3              argc=0 site=7017C33E
gcalls seq=000886 caller=QUEST_SERVER target=701782E8 SQR31?3              argc=0 site=7017C33E
gcalls seq=000887 caller=QUEST_SERVER target=701782E8 SQR31?3              argc=0 site=7017C33E
gcalls seq=000888 caller=QUEST_SERVER target=701782E8 SQR31?3              argc=0 site=7017C33E
gcalls seq=000889 caller=QUEST_SERVER target=701782E8 SQR31?3              argc=0 site=7017C33E
gcalls seq=000890 caller=QUEST_SERVER target=701782E8 SQR31?3              argc=0 site=7017C33E
gcalls seq=000891 caller=QUEST_SERVER target=701782E8 SQR31?3              argc=0 site=7017C33E
gcalls seq=000892 caller=QUEST_SERVER target=701782E8 SQR31?3              argc=0 site=7017C33E
gcalls seq=000893 caller=QUEST_SERVER target=701782E8 SQR31?3              argc=0 site=7017C33E
gcalls seq=000894 caller=QUEST_SERVER target=701782E8 SQR31?3              argc=0 site=7017C33E
gcalls seq=000895 caller=QUEST_SERVER target=701782E8 SQR31?3              argc=0 site=7017C33E
gcalls seq=000896 caller=QUEST_SERVER target=701782E8 SQR31?3              argc=0 site=7017C33E
gcalls seq=000897 caller=QUEST_SERVER target=701782E8 SQR31?3              argc=0 site=7017C33E
gcalls seq=000898 caller=QUEST_SERVER target=701782E8 SQR31?3              argc=0 site=7017C33E
gcalls seq=000899 caller=QUEST_SERVER target=701782E8 SQR31?3              argc=0 site=7017C33E
gcalls seq=000900 caller=QUEST_SERVER target=701782E8 SQR31?3              argc=0 site=7017C33E
gcalls seq=000901 caller=QUEST_SERVER target=701782E8 SQR31?3              argc=0 site=7017C33E
gcalls seq=000902 caller=QUEST_SERVER target=701782E8 SQR31?3              argc=0 site=7017C33E
gcalls seq=000903 caller=QUEST_SERVER target=701782E8 SQR31?3              argc=0 site=7017C33E
gcalls seq=000904 caller=QUEST_SERVER target=701782E8 SQR31?3              argc=0 site=7017C33E
gcalls seq=000905 caller=QUEST_SERVER target=701782E8 SQR31?3              argc=0 site=7017C33E
gcalls seq=000906 caller=QUEST_SERVER target=701782E8 SQR31?3              argc=0 site=7017C33E
gcalls seq=000907 caller=QUEST_SERVER target=701782E8 SQR31?3              argc=0 site=7017C33E
gcalls seq=000908 caller=QUEST_SERVER target=701782E8 SQR31?3              argc=0 site=7017C33E
gcalls seq=000909 caller=QUEST_SERVER target=701782E8 SQR31?3              argc=0 site=7017C33E
gcalls seq=000910 caller=QUEST_SERVER target=701782E8 SQR31?3              argc=0 site=7017C33E
gcalls seq=000911 caller=QUEST_SERVER target=701782E8 SQR31?3              argc=0 site=7017C33E
gcalls seq=000912 caller=QUEST_SERVER target=701782E8 SQR31?3              argc=0 site=7017C33E
gcalls seq=000913 caller=QUEST_SERVER target=7017B501 PICK_X_Y             argc=2 site=7017AD25
gcalls seq=000914 caller=QUEST_SERVER target=7017C098 ROLL32               argc=0 site=7017E21A
gcalls seq=000915 caller=QUEST_SERVER target=7017C098 ROLL32               argc=0 site=7017E21A
gcalls seq=000916 caller=QUEST_SERVER target=7017C098 ROLL32               argc=0 site=7017E21A
gcalls seq=000917 caller=QUEST_SERVER target=7017C098 ROLL32               argc=0 site=7017E21A
gcalls seq=000918 caller=QUEST_SERVER target=7017C098 ROLL32               argc=0 site=7017E21A
gcalls seq=000919 caller=QUEST_SERVER target=7017C098 ROLL32               argc=0 site=7017E21A
gcalls seq=000920 caller=QUEST_SERVER target=70178F4D FIND_OBJECT          argc=3 site=7017AD2F
gcalls seq=000921 caller=QUEST_SERVER target=7017C13B TERRITORY            argc=6 site=7017AD41
gcalls seq=000922 caller=QUEST_SERVER target=701782E8 SQR31?3              argc=0 site=7017C33E
gcalls seq=000923 caller=QUEST_SERVER target=701782E8 SQR31?3              argc=0 site=7017C33E
gcalls seq=000924 caller=QUEST_SERVER target=701782E8 SQR31?3              argc=0 site=7017C33E
gcalls seq=000925 caller=QUEST_SERVER target=701782E8 SQR31?3              argc=0 site=7017C33E
gcalls seq=000926 caller=QUEST_SERVER target=701782E8 SQR31?3              argc=0 site=7017C33E
gcalls seq=000927 caller=QUEST_SERVER target=701782E8 SQR31?3              argc=0 site=7017C33E
gcalls seq=000928 caller=QUEST_SERVER target=701782E8 SQR31?3              argc=0 site=7017C33E
gcalls seq=000929 caller=QUEST_SERVER target=701782E8 SQR31?3              argc=0 site=7017C33E
gcalls seq=000930 caller=QUEST_SERVER target=701782E8 SQR31?3              argc=0 site=7017C33E
gcalls seq=000931 caller=QUEST_SERVER target=701782E8 SQR31?3              argc=0 site=7017C33E
gcalls seq=000932 caller=QUEST_SERVER target=701782E8 SQR31?3              argc=0 site=7017C33E
gcalls seq=000933 caller=QUEST_SERVER target=701782E8 SQR31?3              argc=0 site=7017C33E
gcalls seq=000934 caller=QUEST_SERVER target=701782E8 SQR31?3              argc=0 site=7017C33E
gcalls seq=000935 caller=QUEST_SERVER target=701782E8 SQR31?3              argc=0 site=7017C33E
gcalls seq=000936 caller=QUEST_SERVER target=701782E8 SQR31?3              argc=0 site=7017C33E
gcalls seq=000937 caller=QUEST_SERVER target=701782E8 SQR31?3              argc=0 site=7017C33E
gcalls seq=000938 caller=QUEST_SERVER target=701782E8 SQR31?3              argc=0 site=7017C33E
gcalls seq=000939 caller=QUEST_SERVER target=701782E8 SQR31?3              argc=0 site=7017C33E
gcalls seq=000940 caller=QUEST_SERVER target=701782E8 SQR31?3              argc=0 site=7017C33E
gcalls seq=000941 caller=QUEST_SERVER target=701782E8 SQR31?3              argc=0 site=7017C33E
gcalls seq=000942 caller=QUEST_SERVER target=701782E8 SQR31?3              argc=0 site=7017C33E
gcalls seq=000943 caller=QUEST_SERVER target=701782E8 SQR31?3              argc=0 site=7017C33E
gcalls seq=000944 caller=QUEST_SERVER target=701782E8 SQR31?3              argc=0 site=7017C33E
gcalls seq=000945 caller=QUEST_SERVER target=701782E8 SQR31?3              argc=0 site=7017C33E
gcalls seq=000946 caller=QUEST_SERVER target=701782E8 SQR31?3              argc=0 site=7017C33E
gcalls seq=000947 caller=QUEST_SERVER target=701782E8 SQR31?3              argc=0 site=7017C33E
gcalls seq=000948 caller=QUEST_SERVER target=701782E8 SQR31?3              argc=0 site=7017C33E
gcalls seq=000949 caller=QUEST_SERVER target=701782E8 SQR31?3              argc=0 site=7017C33E
gcalls seq=000950 caller=QUEST_SERVER target=701782E8 SQR31?3              argc=0 site=7017C33E
gcalls seq=000951 caller=QUEST_SERVER target=701782E8 SQR31?3              argc=0 site=7017C33E
gcalls seq=000952 caller=QUEST_SERVER target=701782E8 SQR31?3              argc=0 site=7017C33E
gcalls seq=000953 caller=QUEST_SERVER target=701782E8 SQR31?3              argc=0 site=7017C33E
gcalls seq=000954 caller=QUEST_SERVER target=701782E8 SQR31?3              argc=0 site=7017C33E
gcalls seq=000955 caller=QUEST_SERVER target=701782E8 SQR31?3              argc=0 site=7017C33E
gcalls seq=000956 caller=QUEST_SERVER target=701782E8 SQR31?3              argc=0 site=7017C33E
gcalls seq=000957 caller=QUEST_SERVER target=701782E8 SQR31?3              argc=0 site=7017C33E
gcalls seq=000958 caller=QUEST_SERVER target=701782E8 SQR31?3              argc=0 site=7017C33E
gcalls seq=000959 caller=QUEST_SERVER target=701782E8 SQR31?3              argc=0 site=7017C33E
gcalls seq=000960 caller=QUEST_SERVER target=701782E8 SQR31?3              argc=0 site=7017C33E
gcalls seq=000961 caller=QUEST_SERVER target=701782E8 SQR31?3              argc=0 site=7017C33E
gcalls seq=000962 caller=QUEST_SERVER target=701782E8 SQR31?3              argc=0 site=7017C33E
gcalls seq=000963 caller=QUEST_SERVER target=701782E8 SQR31?3              argc=0 site=7017C33E
gcalls seq=000964 caller=QUEST_SERVER target=701782E8 SQR31?3              argc=0 site=7017C33E
gcalls seq=000965 caller=QUEST_SERVER target=701782E8 SQR31?3              argc=0 site=7017C33E
gcalls seq=000966 caller=QUEST_SERVER target=701782E8 SQR31?3              argc=0 site=7017C33E
gcalls seq=000967 caller=QUEST_SERVER target=701782E8 SQR31?3              argc=0 site=7017C33E
gcalls seq=000968 caller=QUEST_SERVER target=701782E8 SQR31?3              argc=0 site=7017C33E
gcalls seq=000969 caller=QUEST_SERVER target=701782E8 SQR31?3              argc=0 site=7017C33E
gcalls seq=000970 caller=QUEST_SERVER target=701782E8 SQR31?3              argc=0 site=7017C33E
gcalls seq=000971 caller=QUEST_SERVER target=701782E8 SQR31?3              argc=0 site=7017C33E
gcalls seq=000972 caller=QUEST_SERVER target=701782E8 SQR31?3              argc=0 site=7017C33E
gcalls seq=000973 caller=QUEST_SERVER target=701782E8 SQR31?3              argc=0 site=7017C33E
gcalls seq=000974 caller=QUEST_SERVER target=701782E8 SQR31?3              argc=0 site=7017C33E
gcalls seq=000975 caller=QUEST_SERVER target=701782E8 SQR31?3              argc=0 site=7017C33E
gcalls seq=000976 caller=QUEST_SERVER target=701782E8 SQR31?3              argc=0 site=7017C33E
gcalls seq=000977 caller=QUEST_SERVER target=701782E8 SQR31?3              argc=0 site=7017C33E
gcalls seq=000978 caller=QUEST_SERVER target=701782E8 SQR31?3              argc=0 site=7017C33E
gcalls seq=000979 caller=QUEST_SERVER target=701782E8 SQR31?3              argc=0 site=7017C33E
gcalls seq=000980 caller=QUEST_SERVER target=701782E8 SQR31?3              argc=0 site=7017C33E
gcalls seq=000981 caller=QUEST_SERVER target=701782E8 SQR31?3              argc=0 site=7017C33E
gcalls seq=000982 caller=QUEST_SERVER target=701782E8 SQR31?3              argc=0 site=7017C33E
gcalls seq=000983 caller=QUEST_SERVER target=701782E8 SQR31?3              argc=0 site=7017C33E
gcalls seq=000984 caller=QUEST_SERVER target=701782E8 SQR31?3              argc=0 site=7017C33E
gcalls seq=000985 caller=QUEST_SERVER target=701782E8 SQR31?3              argc=0 site=7017C33E
gcalls seq=000986 caller=QUEST_SERVER target=701782E8 SQR31?3              argc=0 site=7017C33E
gcalls seq=000987 caller=QUEST_SERVER target=701782E8 SQR31?3              argc=0 site=7017C33E
gcalls seq=000988 caller=QUEST_SERVER target=701782E8 SQR31?3              argc=0 site=7017C33E
gcalls seq=000989 caller=QUEST_SERVER target=701782E8 SQR31?3              argc=0 site=7017C33E
gcalls seq=000990 caller=QUEST_SERVER target=701782E8 SQR31?3              argc=0 site=7017C33E
gcalls seq=000991 caller=QUEST_SERVER target=701782E8 SQR31?3              argc=0 site=7017C33E
gcalls seq=000992 caller=QUEST_SERVER target=701782E8 SQR31?3              argc=0 site=7017C33E
gcalls seq=000993 caller=QUEST_SERVER target=701782E8 SQR31?3              argc=0 site=7017C33E
gcalls seq=000994 caller=QUEST_SERVER target=701782E8 SQR31?3              argc=0 site=7017C33E
gcalls seq=000995 caller=QUEST_SERVER target=701782E8 SQR31?3              argc=0 site=7017C33E
gcalls seq=000996 caller=QUEST_SERVER target=701782E8 SQR31?3              argc=0 site=7017C33E
gcalls seq=000997 caller=QUEST_SERVER target=701782E8 SQR31?3              argc=0 site=7017C33E
gcalls seq=000998 caller=QUEST_SERVER target=701782E8 SQR31?3              argc=0 site=7017C33E
gcalls seq=000999 caller=QUEST_SERVER target=701782E8 SQR31?3              argc=0 site=7017C33E
gcalls seq=001000 caller=QUEST_SERVER target=701782E8 SQR31?3              argc=0 site=7017C33E
gcalls seq=001001 caller=QUEST_SERVER target=701782E8 SQR31?3              argc=0 site=7017C33E
gcalls seq=001002 caller=QUEST_SERVER target=701782E8 SQR31?3              argc=0 site=7017C33E
gcalls seq=001003 caller=QUEST_SERVER target=701782E8 SQR31?3              argc=0 site=7017C33E
gcalls seq=001004 caller=QUEST_SERVER target=701782E8 SQR31?3              argc=0 site=7017C33E
gcalls seq=001005 caller=QUEST_SERVER target=701782E8 SQR31?3              argc=0 site=7017C33E
gcalls seq=001006 caller=QUEST_SERVER target=701782E8 SQR31?3              argc=0 site=7017C33E
gcalls seq=001007 caller=QUEST_SERVER target=701782E8 SQR31?3              argc=0 site=7017C33E
gcalls seq=001008 caller=QUEST_SERVER target=701782E8 SQR31?3              argc=0 site=7017C33E
gcalls seq=001009 caller=QUEST_SERVER target=701782E8 SQR31?3              argc=0 site=7017C33E
gcalls seq=001010 caller=QUEST_SERVER target=701782E8 SQR31?3              argc=0 site=7017C33E
gcalls seq=001011 caller=QUEST_SERVER target=701782E8 SQR31?3              argc=0 site=7017C33E
gcalls seq=001012 caller=QUEST_SERVER target=701782E8 SQR31?3              argc=0 site=7017C33E
gcalls seq=001013 caller=QUEST_SERVER target=701782E8 SQR31?3              argc=0 site=7017C33E
gcalls seq=001014 caller=QUEST_SERVER target=701782E8 SQR31?3              argc=0 site=7017C33E
gcalls seq=001015 caller=QUEST_SERVER target=701782E8 SQR31?3              argc=0 site=7017C33E
gcalls seq=001016 caller=QUEST_SERVER target=701782E8 SQR31?3              argc=0 site=7017C33E
gcalls seq=001017 caller=QUEST_SERVER target=701782E8 SQR31?3              argc=0 site=7017C33E
gcalls seq=001018 caller=QUEST_SERVER target=701782E8 SQR31?3              argc=0 site=7017C33E
gcalls seq=001019 caller=QUEST_SERVER target=701782E8 SQR31?3              argc=0 site=7017C33E
gcalls seq=001020 caller=QUEST_SERVER target=701782E8 SQR31?3              argc=0 site=7017C33E
gcalls seq=001021 caller=QUEST_SERVER target=701782E8 SQR31?3              argc=0 site=7017C33E
gcalls seq=001022 caller=QUEST_SERVER target=701782E8 SQR31?3              argc=0 site=7017C33E
gcalls seq=001023 caller=QUEST_SERVER target=701782E8 SQR31?3              argc=0 site=7017C33E
gcalls seq=001024 caller=QUEST_SERVER target=701782E8 SQR31?3              argc=0 site=7017C33E
gcalls seq=001025 caller=QUEST_SERVER target=701782E8 SQR31?3              argc=0 site=7017C33E
gcalls seq=001026 caller=QUEST_SERVER target=701782E8 SQR31?3              argc=0 site=7017C33E
gcalls seq=001027 caller=QUEST_SERVER target=701782E8 SQR31?3              argc=0 site=7017C33E
gcalls seq=001028 caller=QUEST_SERVER target=701782E8 SQR31?3              argc=0 site=7017C33E
gcalls seq=001029 caller=QUEST_SERVER target=701782E8 SQR31?3              argc=0 site=7017C33E
gcalls seq=001030 caller=QUEST_SERVER target=701782E8 SQR31?3              argc=0 site=7017C33E
gcalls seq=001031 caller=QUEST_SERVER target=701782E8 SQR31?3              argc=0 site=7017C33E
gcalls seq=001032 caller=QUEST_SERVER target=701782E8 SQR31?3              argc=0 site=7017C33E
gcalls seq=001033 caller=QUEST_SERVER target=701782E8 SQR31?3              argc=0 site=7017C33E
gcalls seq=001034 caller=QUEST_SERVER target=701782E8 SQR31?3              argc=0 site=7017C33E
gcalls seq=001035 caller=QUEST_SERVER target=701782E8 SQR31?3              argc=0 site=7017C33E
gcalls seq=001036 caller=QUEST_SERVER target=701782E8 SQR31?3              argc=0 site=7017C33E
gcalls seq=001037 caller=QUEST_SERVER target=701782E8 SQR31?3              argc=0 site=7017C33E
gcalls seq=001038 caller=QUEST_SERVER target=7017B501 PICK_X_Y             argc=2 site=7017AD25
gcalls seq=001039 caller=QUEST_SERVER target=7017C098 ROLL32               argc=0 site=7017E21A
gcalls seq=001040 caller=QUEST_SERVER target=7017C098 ROLL32               argc=0 site=7017E21A
gcalls seq=001041 caller=QUEST_SERVER target=7017C098 ROLL32               argc=0 site=7017E21A
gcalls seq=001042 caller=QUEST_SERVER target=70178F4D FIND_OBJECT          argc=3 site=7017AD2F
gcalls seq=001043 caller=QUEST_SERVER target=7017B501 PICK_X_Y             argc=2 site=7017AD25
gcalls seq=001044 caller=QUEST_SERVER target=7017C098 ROLL32               argc=0 site=7017E21A
gcalls seq=001045 caller=QUEST_SERVER target=7017C098 ROLL32               argc=0 site=7017E21A
gcalls seq=001046 caller=QUEST_SERVER target=7017C098 ROLL32               argc=0 site=7017E21A
gcalls seq=001047 caller=QUEST_SERVER target=7017C098 ROLL32               argc=0 site=7017E21A
gcalls seq=001048 caller=QUEST_SERVER target=7017C098 ROLL32               argc=0 site=7017E21A
gcalls seq=001049 caller=QUEST_SERVER target=7017C098 ROLL32               argc=0 site=7017E21A
gcalls seq=001050 caller=QUEST_SERVER target=7017C098 ROLL32               argc=0 site=7017E21A
gcalls seq=001051 caller=QUEST_SERVER target=7017C098 ROLL32               argc=0 site=7017E21A
gcalls seq=001052 caller=QUEST_SERVER target=7017C098 ROLL32               argc=0 site=7017E21A
gcalls seq=001053 caller=QUEST_SERVER target=7017C098 ROLL32               argc=0 site=7017E21A
gcalls seq=001054 caller=QUEST_SERVER target=7017C098 ROLL32               argc=0 site=7017E21A
gcalls seq=001055 caller=QUEST_SERVER target=70178F4D FIND_OBJECT          argc=3 site=7017AD2F
gcalls seq=001056 caller=QUEST_SERVER target=7017C13B TERRITORY            argc=6 site=7017AD41
gcalls seq=001057 caller=QUEST_SERVER target=701782E8 SQR31?3              argc=0 site=7017C33E
gcalls seq=001058 caller=QUEST_SERVER target=701782E8 SQR31?3              argc=0 site=7017C33E
gcalls seq=001059 caller=QUEST_SERVER target=701782E8 SQR31?3              argc=0 site=7017C33E
gcalls seq=001060 caller=QUEST_SERVER target=701782E8 SQR31?3              argc=0 site=7017C33E
gcalls seq=001061 caller=QUEST_SERVER target=701782E8 SQR31?3              argc=0 site=7017C33E
gcalls seq=001062 caller=QUEST_SERVER target=701782E8 SQR31?3              argc=0 site=7017C33E
gcalls seq=001063 caller=QUEST_SERVER target=701782E8 SQR31?3              argc=0 site=7017C33E
gcalls seq=001064 caller=QUEST_SERVER target=701782E8 SQR31?3              argc=0 site=7017C33E
gcalls seq=001065 caller=QUEST_SERVER target=701782E8 SQR31?3              argc=0 site=7017C33E
gcalls seq=001066 caller=QUEST_SERVER target=701782E8 SQR31?3              argc=0 site=7017C33E
gcalls seq=001067 caller=QUEST_SERVER target=701782E8 SQR31?3              argc=0 site=7017C33E
gcalls seq=001068 caller=QUEST_SERVER target=701782E8 SQR31?3              argc=0 site=7017C33E
gcalls seq=001069 caller=QUEST_SERVER target=701782E8 SQR31?3              argc=0 site=7017C33E
gcalls seq=001070 caller=QUEST_SERVER target=701782E8 SQR31?3              argc=0 site=7017C33E
gcalls seq=001071 caller=QUEST_SERVER target=701782E8 SQR31?3              argc=0 site=7017C33E
gcalls seq=001072 caller=QUEST_SERVER target=701782E8 SQR31?3              argc=0 site=7017C33E
gcalls seq=001073 caller=QUEST_SERVER target=701782E8 SQR31?3              argc=0 site=7017C33E
gcalls seq=001074 caller=QUEST_SERVER target=701782E8 SQR31?3              argc=0 site=7017C33E
gcalls seq=001075 caller=QUEST_SERVER target=701782E8 SQR31?3              argc=0 site=7017C33E
gcalls seq=001076 caller=QUEST_SERVER target=701782E8 SQR31?3              argc=0 site=7017C33E
gcalls seq=001077 caller=QUEST_SERVER target=701782E8 SQR31?3              argc=0 site=7017C33E
gcalls seq=001078 caller=QUEST_SERVER target=701782E8 SQR31?3              argc=0 site=7017C33E
gcalls seq=001079 caller=QUEST_SERVER target=701782E8 SQR31?3              argc=0 site=7017C33E
gcalls seq=001080 caller=QUEST_SERVER target=701782E8 SQR31?3              argc=0 site=7017C33E
gcalls seq=001081 caller=QUEST_SERVER target=701782E8 SQR31?3              argc=0 site=7017C33E
gcalls seq=001082 caller=QUEST_SERVER target=701782E8 SQR31?3              argc=0 site=7017C33E
gcalls seq=001083 caller=QUEST_SERVER target=701782E8 SQR31?3              argc=0 site=7017C33E
gcalls seq=001084 caller=QUEST_SERVER target=701782E8 SQR31?3              argc=0 site=7017C33E
gcalls seq=001085 caller=QUEST_SERVER target=701782E8 SQR31?3              argc=0 site=7017C33E
gcalls seq=001086 caller=QUEST_SERVER target=701782E8 SQR31?3              argc=0 site=7017C33E
gcalls seq=001087 caller=QUEST_SERVER target=701782E8 SQR31?3              argc=0 site=7017C33E
gcalls seq=001088 caller=QUEST_SERVER target=701782E8 SQR31?3              argc=0 site=7017C33E
gcalls seq=001089 caller=QUEST_SERVER target=701782E8 SQR31?3              argc=0 site=7017C33E
gcalls seq=001090 caller=QUEST_SERVER target=701782E8 SQR31?3              argc=0 site=7017C33E
gcalls seq=001091 caller=QUEST_SERVER target=701782E8 SQR31?3              argc=0 site=7017C33E
gcalls seq=001092 caller=QUEST_SERVER target=701782E8 SQR31?3              argc=0 site=7017C33E
gcalls seq=001093 caller=QUEST_SERVER target=701782E8 SQR31?3              argc=0 site=7017C33E
gcalls seq=001094 caller=QUEST_SERVER target=701782E8 SQR31?3              argc=0 site=7017C33E
gcalls seq=001095 caller=QUEST_SERVER target=701782E8 SQR31?3              argc=0 site=7017C33E
gcalls seq=001096 caller=QUEST_SERVER target=701782E8 SQR31?3              argc=0 site=7017C33E
gcalls seq=001097 caller=QUEST_SERVER target=701782E8 SQR31?3              argc=0 site=7017C33E
gcalls seq=001098 caller=QUEST_SERVER target=701782E8 SQR31?3              argc=0 site=7017C33E
gcalls seq=001099 caller=QUEST_SERVER target=701782E8 SQR31?3              argc=0 site=7017C33E
gcalls seq=001100 caller=QUEST_SERVER target=701782E8 SQR31?3              argc=0 site=7017C33E
gcalls seq=001101 caller=QUEST_SERVER target=701782E8 SQR31?3              argc=0 site=7017C33E
gcalls seq=001102 caller=QUEST_SERVER target=701782E8 SQR31?3              argc=0 site=7017C33E
gcalls seq=001103 caller=QUEST_SERVER target=701782E8 SQR31?3              argc=0 site=7017C33E
gcalls seq=001104 caller=QUEST_SERVER target=701782E8 SQR31?3              argc=0 site=7017C33E
gcalls seq=001105 caller=QUEST_SERVER target=701782E8 SQR31?3              argc=0 site=7017C33E
gcalls seq=001106 caller=QUEST_SERVER target=701782E8 SQR31?3              argc=0 site=7017C33E
gcalls seq=001107 caller=QUEST_SERVER target=701782E8 SQR31?3              argc=0 site=7017C33E
gcalls seq=001108 caller=QUEST_SERVER target=701782E8 SQR31?3              argc=0 site=7017C33E
gcalls seq=001109 caller=QUEST_SERVER target=701782E8 SQR31?3              argc=0 site=7017C33E
gcalls seq=001110 caller=QUEST_SERVER target=701782E8 SQR31?3              argc=0 site=7017C33E
gcalls seq=001111 caller=QUEST_SERVER target=701782E8 SQR31?3              argc=0 site=7017C33E
gcalls seq=001112 caller=QUEST_SERVER target=701782E8 SQR31?3              argc=0 site=7017C33E
gcalls seq=001113 caller=QUEST_SERVER target=701782E8 SQR31?3              argc=0 site=7017C33E
gcalls seq=001114 caller=QUEST_SERVER target=701782E8 SQR31?3              argc=0 site=7017C33E
gcalls seq=001115 caller=QUEST_SERVER target=701782E8 SQR31?3              argc=0 site=7017C33E
gcalls seq=001116 caller=QUEST_SERVER target=701782E8 SQR31?3              argc=0 site=7017C33E
gcalls seq=001117 caller=QUEST_SERVER target=701782E8 SQR31?3              argc=0 site=7017C33E
gcalls seq=001118 caller=QUEST_SERVER target=701782E8 SQR31?3              argc=0 site=7017C33E
gcalls seq=001119 caller=QUEST_SERVER target=701782E8 SQR31?3              argc=0 site=7017C33E
gcalls seq=001120 caller=QUEST_SERVER target=701782E8 SQR31?3              argc=0 site=7017C33E
gcalls seq=001121 caller=QUEST_SERVER target=701782E8 SQR31?3              argc=0 site=7017C33E
gcalls seq=001122 caller=QUEST_SERVER target=701782E8 SQR31?3              argc=0 site=7017C33E
gcalls seq=001123 caller=QUEST_SERVER target=701782E8 SQR31?3              argc=0 site=7017C33E
gcalls seq=001124 caller=QUEST_SERVER target=701782E8 SQR31?3              argc=0 site=7017C33E
gcalls seq=001125 caller=QUEST_SERVER target=701782E8 SQR31?3              argc=0 site=7017C33E
gcalls seq=001126 caller=QUEST_SERVER target=701782E8 SQR31?3              argc=0 site=7017C33E
gcalls seq=001127 caller=QUEST_SERVER target=701782E8 SQR31?3              argc=0 site=7017C33E
gcalls seq=001128 caller=QUEST_SERVER target=701782E8 SQR31?3              argc=0 site=7017C33E
gcalls seq=001129 caller=QUEST_SERVER target=701782E8 SQR31?3              argc=0 site=7017C33E
gcalls seq=001130 caller=QUEST_SERVER target=701782E8 SQR31?3              argc=0 site=7017C33E
gcalls seq=001131 caller=QUEST_SERVER target=701782E8 SQR31?3              argc=0 site=7017C33E
gcalls seq=001132 caller=QUEST_SERVER target=701782E8 SQR31?3              argc=0 site=7017C33E
gcalls seq=001133 caller=QUEST_SERVER target=701782E8 SQR31?3              argc=0 site=7017C33E
gcalls seq=001134 caller=QUEST_SERVER target=701782E8 SQR31?3              argc=0 site=7017C33E
gcalls seq=001135 caller=QUEST_SERVER target=701782E8 SQR31?3              argc=0 site=7017C33E
gcalls seq=001136 caller=QUEST_SERVER target=701782E8 SQR31?3              argc=0 site=7017C33E
gcalls seq=001137 caller=QUEST_SERVER target=701782E8 SQR31?3              argc=0 site=7017C33E
gcalls seq=001138 caller=QUEST_SERVER target=701782E8 SQR31?3              argc=0 site=7017C33E
gcalls seq=001139 caller=QUEST_SERVER target=701782E8 SQR31?3              argc=0 site=7017C33E
gcalls seq=001140 caller=QUEST_SERVER target=701782E8 SQR31?3              argc=0 site=7017C33E
gcalls seq=001141 caller=QUEST_SERVER target=701782E8 SQR31?3              argc=0 site=7017C33E
gcalls seq=001142 caller=QUEST_SERVER target=701782E8 SQR31?3              argc=0 site=7017C33E
gcalls seq=001143 caller=QUEST_SERVER target=701782E8 SQR31?3              argc=0 site=7017C33E
gcalls seq=001144 caller=QUEST_SERVER target=701782E8 SQR31?3              argc=0 site=7017C33E
gcalls seq=001145 caller=QUEST_SERVER target=701782E8 SQR31?3              argc=0 site=7017C33E
gcalls seq=001146 caller=QUEST_SERVER target=701782E8 SQR31?3              argc=0 site=7017C33E
gcalls seq=001147 caller=QUEST_SERVER target=701782E8 SQR31?3              argc=0 site=7017C33E
gcalls seq=001148 caller=QUEST_SERVER target=701782E8 SQR31?3              argc=0 site=7017C33E
gcalls seq=001149 caller=QUEST_SERVER target=701782E8 SQR31?3              argc=0 site=7017C33E
gcalls seq=001150 caller=QUEST_SERVER target=701782E8 SQR31?3              argc=0 site=7017C33E
gcalls seq=001151 caller=QUEST_SERVER target=701782E8 SQR31?3              argc=0 site=7017C33E
gcalls seq=001152 caller=QUEST_SERVER target=701782E8 SQR31?3              argc=0 site=7017C33E
gcalls seq=001153 caller=QUEST_SERVER target=701782E8 SQR31?3              argc=0 site=7017C33E
gcalls seq=001154 caller=QUEST_SERVER target=701782E8 SQR31?3              argc=0 site=7017C33E
gcalls seq=001155 caller=QUEST_SERVER target=701782E8 SQR31?3              argc=0 site=7017C33E
gcalls seq=001156 caller=QUEST_SERVER target=701782E8 SQR31?3              argc=0 site=7017C33E
gcalls seq=001157 caller=QUEST_SERVER target=701782E8 SQR31?3              argc=0 site=7017C33E
gcalls seq=001158 caller=QUEST_SERVER target=701782E8 SQR31?3              argc=0 site=7017C33E
gcalls seq=001159 caller=QUEST_SERVER target=701782E8 SQR31?3              argc=0 site=7017C33E
gcalls seq=001160 caller=QUEST_SERVER target=701782E8 SQR31?3              argc=0 site=7017C33E
gcalls seq=001161 caller=QUEST_SERVER target=701782E8 SQR31?3              argc=0 site=7017C33E
gcalls seq=001162 caller=QUEST_SERVER target=701782E8 SQR31?3              argc=0 site=7017C33E
gcalls seq=001163 caller=QUEST_SERVER target=701782E8 SQR31?3              argc=0 site=7017C33E
gcalls seq=001164 caller=QUEST_SERVER target=701782E8 SQR31?3              argc=0 site=7017C33E
gcalls seq=001165 caller=QUEST_SERVER target=701782E8 SQR31?3              argc=0 site=7017C33E
gcalls seq=001166 caller=QUEST_SERVER target=701782E8 SQR31?3              argc=0 site=7017C33E
gcalls seq=001167 caller=QUEST_SERVER target=701782E8 SQR31?3              argc=0 site=7017C33E
gcalls seq=001168 caller=QUEST_SERVER target=701782E8 SQR31?3              argc=0 site=7017C33E
gcalls seq=001169 caller=QUEST_SERVER target=701782E8 SQR31?3              argc=0 site=7017C33E
gcalls seq=001170 caller=QUEST_SERVER target=701782E8 SQR31?3              argc=0 site=7017C33E
gcalls seq=001171 caller=QUEST_SERVER target=701782E8 SQR31?3              argc=0 site=7017C33E
gcalls seq=001172 caller=QUEST_SERVER target=701782E8 SQR31?3              argc=0 site=7017C33E
gcalls seq=001173 caller=QUEST_SERVER target=7017B501 PICK_X_Y             argc=2 site=7017AD25
gcalls seq=001174 caller=QUEST_SERVER target=7017C098 ROLL32               argc=0 site=7017E21A
gcalls seq=001175 caller=QUEST_SERVER target=7017C098 ROLL32               argc=0 site=7017E21A
gcalls seq=001176 caller=QUEST_SERVER target=7017C098 ROLL32               argc=0 site=7017E21A
gcalls seq=001177 caller=QUEST_SERVER target=70178F4D FIND_OBJECT          argc=3 site=7017AD2F
gcalls seq=001178 caller=QUEST_SERVER target=7017C13B TERRITORY            argc=6 site=7017AD41
gcalls seq=001179 caller=QUEST_SERVER target=701782E8 SQR31?3              argc=0 site=7017C33E
gcalls seq=001180 caller=QUEST_SERVER target=701782E8 SQR31?3              argc=0 site=7017C33E
gcalls seq=001181 caller=QUEST_SERVER target=701782E8 SQR31?3              argc=0 site=7017C33E
gcalls seq=001182 caller=QUEST_SERVER target=701782E8 SQR31?3              argc=0 site=7017C33E
gcalls seq=001183 caller=QUEST_SERVER target=701782E8 SQR31?3              argc=0 site=7017C33E
gcalls seq=001184 caller=QUEST_SERVER target=701782E8 SQR31?3              argc=0 site=7017C33E
gcalls seq=001185 caller=QUEST_SERVER target=701782E8 SQR31?3              argc=0 site=7017C33E
gcalls seq=001186 caller=QUEST_SERVER target=701782E8 SQR31?3              argc=0 site=7017C33E
gcalls seq=001187 caller=QUEST_SERVER target=701782E8 SQR31?3              argc=0 site=7017C33E
gcalls seq=001188 caller=QUEST_SERVER target=701782E8 SQR31?3              argc=0 site=7017C33E
gcalls seq=001189 caller=QUEST_SERVER target=701782E8 SQR31?3              argc=0 site=7017C33E
gcalls seq=001190 caller=QUEST_SERVER target=701782E8 SQR31?3              argc=0 site=7017C33E
gcalls seq=001191 caller=QUEST_SERVER target=701782E8 SQR31?3              argc=0 site=7017C33E
gcalls seq=001192 caller=QUEST_SERVER target=701782E8 SQR31?3              argc=0 site=7017C33E
gcalls seq=001193 caller=QUEST_SERVER target=701782E8 SQR31?3              argc=0 site=7017C33E
gcalls seq=001194 caller=QUEST_SERVER target=701782E8 SQR31?3              argc=0 site=7017C33E
gcalls seq=001195 caller=QUEST_SERVER target=701782E8 SQR31?3              argc=0 site=7017C33E
gcalls seq=001196 caller=QUEST_SERVER target=701782E8 SQR31?3              argc=0 site=7017C33E
gcalls seq=001197 caller=QUEST_SERVER target=701782E8 SQR31?3              argc=0 site=7017C33E
gcalls seq=001198 caller=QUEST_SERVER target=701782E8 SQR31?3              argc=0 site=7017C33E
gcalls seq=001199 caller=QUEST_SERVER target=701782E8 SQR31?3              argc=0 site=7017C33E
gcalls seq=001200 caller=QUEST_SERVER target=701782E8 SQR31?3              argc=0 site=7017C33E
gcalls seq=001201 caller=QUEST_SERVER target=701782E8 SQR31?3              argc=0 site=7017C33E
gcalls seq=001202 caller=QUEST_SERVER target=701782E8 SQR31?3              argc=0 site=7017C33E
gcalls seq=001203 caller=QUEST_SERVER target=701782E8 SQR31?3              argc=0 site=7017C33E
gcalls seq=001204 caller=QUEST_SERVER target=7017C098 ROLL32               argc=0 site=7017E21A
gcalls seq=001205 caller=QUEST_SERVER target=70178F4D FIND_OBJECT          argc=3 site=7017B168
gcalls seq=001206 caller=QUEST_SERVER target=7017C99B UPDATE_USER_DATA_FILE argc=3 site=7017B1DD
gcalls seq=001215 caller=QUEST1 target=7016DF39 INIT_OBJ_TBL         argc=2 site=7015C2B7
gcalls seq=001216 caller=QUEST1 target=7015C5E1 -                    argc=0 site=7015C337
gcalls seq=001217 caller=QUEST2 target=7016DF39 INIT_OBJ_TBL         argc=2 site=7015C2B7
gcalls seq=001218 caller=QUEST2 target=7015C5E1 -                    argc=0 site=7015C337
gcalls seq=001219 caller=QUEST1 target=7016E103 INIT_SCREEN          argc=1 site=7015C38C
gcalls seq=001220 caller=QUEST2 target=7016E103 INIT_SCREEN          argc=1 site=7015C38C
gcalls seq=001221 caller=QUEST1 target=701697A1 FAKE_LAND_MASS       argc=1 site=7016E1D2
gcalls seq=001222 caller=QUEST2 target=701697A1 FAKE_LAND_MASS       argc=1 site=7016E1D2
gcalls seq=001223 caller=QUEST1 target=701699B5 FAKE_OCEAN           argc=1 site=7016E1D8
gcalls seq=001224 caller=QUEST2 target=701699B5 FAKE_OCEAN           argc=1 site=7016E1D8
gcalls seq=001235 caller=QUEST1 target=7016B549 GET_QUEST            argc=0 site=7015C3B5
gcalls seq=001236 caller=QUEST2 target=7016B549 GET_QUEST            argc=0 site=7015C3B5
gcalls seq=001259 caller=QUEST1 target=7016DE91 HIT_ANY_CHAR         argc=0 site=7016BCA0
gcalls seq=001260 caller=QUEST2 target=7016DE91 HIT_ANY_CHAR         argc=0 site=7016BCA0
gcalls seq=001268 caller=QUEST1 target=7016AA35 GET_INPUT            argc=1 site=7016DEA9
gcalls seq=001269 caller=QUEST2 target=7016AA35 GET_INPUT            argc=1 site=7016DEA9
gcalls seq=001282 caller=QUEST1 target=70165713 C_A_LISTENER         argc=1 site=7017E7C1
gcalls seq=001283 caller=QUEST2 target=70165713 C_A_LISTENER         argc=1 site=7017E7C1
gcalls seq=001289 caller=QUEST1 target=70176A93 REFRESH_SCREEN       argc=0 site=7016BCA4
gcalls seq=001290 caller=QUEST2 target=70176A93 REFRESH_SCREEN       argc=0 site=7016BCA4
gcalls seq=001375 caller=QUEST1 target=70166AF9 DISPLAY_SCREEN       argc=1 site=7016BCBE
gcalls seq=001376 caller=QUEST1 target=70168717 DIST                 argc=4 site=70166B86
gcalls seq=001377 caller=QUEST1 target=70168717 DIST                 argc=4 site=70166B86
gcalls seq=001378 caller=QUEST1 target=70168717 DIST                 argc=4 site=70166B86
gcalls seq=001379 caller=QUEST2 target=70166AF9 DISPLAY_SCREEN       argc=1 site=7016BCBE
gcalls seq=001380 caller=QUEST2 target=70168717 DIST                 argc=4 site=70166B86
gcalls seq=001384 caller=QUEST2 target=70168717 DIST                 argc=4 site=70166B86
gcalls seq=001388 caller=QUEST2 target=70168717 DIST                 argc=4 site=70166B86
gcalls seq=001392 caller=QUEST1 target=70168717 DIST                 argc=4 site=70166E1C
gcalls seq=001393 caller=QUEST1 target=70168717 DIST                 argc=4 site=70166E1C
gcalls seq=001394 caller=QUEST1 target=70168717 DIST                 argc=4 site=70166E1C
gcalls seq=001395 caller=QUEST2 target=70168717 DIST                 argc=4 site=70166E1C
gcalls seq=001399 caller=QUEST2 target=70168717 DIST                 argc=4 site=70166E1C
gcalls seq=001403 caller=QUEST2 target=70168717 DIST                 argc=4 site=70166E1C
gcalls seq=001407 caller=QUEST1 target=70168717 DIST                 argc=4 site=70166E1C
gcalls seq=001408 caller=QUEST1 target=70168717 DIST                 argc=4 site=70166E1C
gcalls seq=001409 caller=QUEST1 target=70168717 DIST                 argc=4 site=70166E1C
gcalls seq=001410 caller=QUEST2 target=70168717 DIST                 argc=4 site=70166E1C
gcalls seq=001414 caller=QUEST2 target=70168717 DIST                 argc=4 site=70166E1C
gcalls seq=001418 caller=QUEST2 target=70168717 DIST                 argc=4 site=70166E1C
gcalls seq=001422 caller=QUEST1 target=70168717 DIST                 argc=4 site=70166E1C
gcalls seq=001423 caller=QUEST1 target=70168717 DIST                 argc=4 site=70166E1C
gcalls seq=001424 caller=QUEST1 target=70168717 DIST                 argc=4 site=70166E1C
gcalls seq=001425 caller=QUEST2 target=70168717 DIST                 argc=4 site=70166E1C
gcalls seq=001429 caller=QUEST2 target=70168717 DIST                 argc=4 site=70166E1C
gcalls seq=001433 caller=QUEST2 target=70168717 DIST                 argc=4 site=70166E1C
gcalls seq=001437 caller=QUEST1 target=70168717 DIST                 argc=4 site=70166E1C
gcalls seq=001438 caller=QUEST1 target=70168717 DIST                 argc=4 site=70166E1C
gcalls seq=001439 caller=QUEST1 target=70168717 DIST                 argc=4 site=70166E1C
gcalls seq=001440 caller=QUEST2 target=70168717 DIST                 argc=4 site=70166E1C
gcalls seq=001444 caller=QUEST2 target=70168717 DIST                 argc=4 site=70166E1C
gcalls seq=001448 caller=QUEST2 target=70168717 DIST                 argc=4 site=70166E1C
gcalls seq=001452 caller=QUEST1 target=70168717 DIST                 argc=4 site=70166E1C
gcalls seq=001453 caller=QUEST1 target=70168717 DIST                 argc=4 site=70166E1C
gcalls seq=001454 caller=QUEST1 target=70168717 DIST                 argc=4 site=70166E1C
gcalls seq=001455 caller=QUEST2 target=70168717 DIST                 argc=4 site=70166E1C
gcalls seq=001459 caller=QUEST2 target=70168717 DIST                 argc=4 site=70166E1C
gcalls seq=001463 caller=QUEST2 target=70168717 DIST                 argc=4 site=70166E1C
gcalls seq=001467 caller=QUEST1 target=70168717 DIST                 argc=4 site=70166E1C
gcalls seq=001468 caller=QUEST1 target=70168717 DIST                 argc=4 site=70166E1C
gcalls seq=001469 caller=QUEST1 target=70168717 DIST                 argc=4 site=70166E1C
gcalls seq=001470 caller=QUEST2 target=70168717 DIST                 argc=4 site=70166E1C
gcalls seq=001474 caller=QUEST2 target=70168717 DIST                 argc=4 site=70166E1C
gcalls seq=001478 caller=QUEST2 target=70168717 DIST                 argc=4 site=70166E1C
gcalls seq=001482 caller=QUEST1 target=70168717 DIST                 argc=4 site=70166E1C
gcalls seq=001483 caller=QUEST1 target=70168717 DIST                 argc=4 site=70166E1C
gcalls seq=001484 caller=QUEST1 target=70168717 DIST                 argc=4 site=70166E1C
gcalls seq=001485 caller=QUEST2 target=70168717 DIST                 argc=4 site=70166E1C
gcalls seq=001489 caller=QUEST2 target=70168717 DIST                 argc=4 site=70166E1C
gcalls seq=001493 caller=QUEST2 target=70168717 DIST                 argc=4 site=70166E1C
gcalls seq=001497 caller=QUEST1 target=70168717 DIST                 argc=4 site=70166E1C
gcalls seq=001498 caller=QUEST1 target=70168717 DIST                 argc=4 site=70166E1C
gcalls seq=001499 caller=QUEST1 target=70168717 DIST                 argc=4 site=70166E1C
gcalls seq=001500 caller=QUEST2 target=70168717 DIST                 argc=4 site=70166E1C
gcalls seq=001504 caller=QUEST2 target=70168717 DIST                 argc=4 site=70166E1C
gcalls seq=001508 caller=QUEST2 target=70168717 DIST                 argc=4 site=70166E1C
gcalls seq=001512 caller=QUEST1 target=70168717 DIST                 argc=4 site=70166E1C
gcalls seq=001513 caller=QUEST1 target=70168717 DIST                 argc=4 site=70166E1C
gcalls seq=001514 caller=QUEST1 target=70168717 DIST                 argc=4 site=70166E1C
gcalls seq=001515 caller=QUEST2 target=70168717 DIST                 argc=4 site=70166E1C
gcalls seq=001519 caller=QUEST2 target=70168717 DIST                 argc=4 site=70166E1C
gcalls seq=001523 caller=QUEST2 target=70168717 DIST                 argc=4 site=70166E1C
gcalls seq=001527 caller=QUEST1 target=70168717 DIST                 argc=4 site=70166E1C
gcalls seq=001528 caller=QUEST1 target=70168717 DIST                 argc=4 site=70166E1C
gcalls seq=001529 caller=QUEST1 target=70168717 DIST                 argc=4 site=70166E1C
gcalls seq=001530 caller=QUEST2 target=70168717 DIST                 argc=4 site=70166E1C
gcalls seq=001534 caller=QUEST2 target=70168717 DIST                 argc=4 site=70166E1C
gcalls seq=001538 caller=QUEST2 target=70168717 DIST                 argc=4 site=70166E1C
gcalls seq=001542 caller=QUEST1 target=70168717 DIST                 argc=4 site=70166E1C
gcalls seq=001543 caller=QUEST1 target=70168717 DIST                 argc=4 site=70166E1C
gcalls seq=001544 caller=QUEST1 target=70168717 DIST                 argc=4 site=70166E1C
gcalls seq=001545 caller=QUEST2 target=70168717 DIST                 argc=4 site=70166E1C
gcalls seq=001549 caller=QUEST2 target=70168717 DIST                 argc=4 site=70166E1C
gcalls seq=001553 caller=QUEST2 target=70168717 DIST                 argc=4 site=70166E1C
gcalls seq=001557 caller=QUEST1 target=70168717 DIST                 argc=4 site=70166E1C
gcalls seq=001558 caller=QUEST1 target=70168717 DIST                 argc=4 site=70166E1C
gcalls seq=001559 caller=QUEST2 target=70168717 DIST                 argc=4 site=70166E1C
gcalls seq=001563 caller=QUEST2 target=70168717 DIST                 argc=4 site=70166E1C
gcalls seq=001566 caller=QUEST1 target=70168717 DIST                 argc=4 site=70166E1C
gcalls seq=001568 caller=QUEST2 target=70168717 DIST                 argc=4 site=70166E1C
gcalls seq=001572 caller=QUEST1 target=70168717 DIST                 argc=4 site=70166E1C
gcalls seq=001573 caller=QUEST1 target=70168717 DIST                 argc=4 site=70166E1C
gcalls seq=001574 caller=QUEST1 target=70168717 DIST                 argc=4 site=70166E1C
gcalls seq=001575 caller=QUEST2 target=70168717 DIST                 argc=4 site=70166E1C
gcalls seq=001579 caller=QUEST2 target=70168717 DIST                 argc=4 site=70166E1C
gcalls seq=001583 caller=QUEST2 target=70168717 DIST                 argc=4 site=70166E1C
gcalls seq=001587 caller=QUEST1 target=70168717 DIST                 argc=4 site=70166E1C
gcalls seq=001588 caller=QUEST1 target=70168717 DIST                 argc=4 site=70166E1C
gcalls seq=001589 caller=QUEST1 target=70168717 DIST                 argc=4 site=70166E1C
gcalls seq=001590 caller=QUEST2 target=70168717 DIST                 argc=4 site=70166E1C
gcalls seq=001594 caller=QUEST2 target=70168717 DIST                 argc=4 site=70166E1C
gcalls seq=001598 caller=QUEST2 target=70168717 DIST                 argc=4 site=70166E1C
gcalls seq=001602 caller=QUEST1 target=70168717 DIST                 argc=4 site=70166E1C
gcalls seq=001603 caller=QUEST1 target=70168717 DIST                 argc=4 site=70166E1C
gcalls seq=001604 caller=QUEST2 target=70168717 DIST                 argc=4 site=70166E1C
gcalls seq=001608 caller=QUEST2 target=70168717 DIST                 argc=4 site=70166E1C
gcalls seq=001610 caller=QUEST1 target=70168717 DIST                 argc=4 site=70166E1C
gcalls seq=001613 caller=QUEST2 target=70168717 DIST                 argc=4 site=70166E1C
gcalls seq=001617 caller=QUEST1 target=70168717 DIST                 argc=4 site=70166E1C
gcalls seq=001618 caller=QUEST1 target=70168717 DIST                 argc=4 site=70166E1C
gcalls seq=001619 caller=QUEST1 target=70168717 DIST                 argc=4 site=70166E1C
gcalls seq=001620 caller=QUEST2 target=70168717 DIST                 argc=4 site=70166E1C
gcalls seq=001624 caller=QUEST2 target=70168717 DIST                 argc=4 site=70166E1C
gcalls seq=001628 caller=QUEST2 target=70168717 DIST                 argc=4 site=70166E1C
gcalls seq=001632 caller=QUEST1 target=70168717 DIST                 argc=4 site=70166E1C
gcalls seq=001633 caller=QUEST1 target=70168717 DIST                 argc=4 site=70166E1C
gcalls seq=001634 caller=QUEST2 target=70168717 DIST                 argc=4 site=70166E1C
gcalls seq=001638 caller=QUEST2 target=70168717 DIST                 argc=4 site=70166E1C
gcalls seq=001641 caller=QUEST1 target=70168717 DIST                 argc=4 site=70166E1C
gcalls seq=001643 caller=QUEST2 target=70168717 DIST                 argc=4 site=70166E1C
gcalls seq=001647 caller=QUEST1 target=70168717 DIST                 argc=4 site=70166E1C
gcalls seq=001648 caller=QUEST1 target=70168717 DIST                 argc=4 site=70166E1C
gcalls seq=001649 caller=QUEST1 target=70168717 DIST                 argc=4 site=70166E1C
gcalls seq=001650 caller=QUEST2 target=70168717 DIST                 argc=4 site=70166E1C
gcalls seq=001654 caller=QUEST2 target=70168717 DIST                 argc=4 site=70166E1C
gcalls seq=001658 caller=QUEST2 target=70168717 DIST                 argc=4 site=70166E1C
gcalls seq=001662 caller=QUEST1 target=70168717 DIST                 argc=4 site=70166E1C
gcalls seq=001663 caller=QUEST1 target=70168717 DIST                 argc=4 site=70166E1C
gcalls seq=001664 caller=QUEST2 target=70168717 DIST                 argc=4 site=70166E1C
gcalls seq=001668 caller=QUEST2 target=70168717 DIST                 argc=4 site=70166E1C
gcalls seq=001671 caller=QUEST1 target=70168717 DIST                 argc=4 site=70166E1C
gcalls seq=001673 caller=QUEST2 target=70168717 DIST                 argc=4 site=70166E1C
gcalls seq=001677 caller=QUEST1 target=70168717 DIST                 argc=4 site=70166E1C
gcalls seq=001678 caller=QUEST1 target=70168717 DIST                 argc=4 site=70166E1C
gcalls seq=001679 caller=QUEST1 target=70168717 DIST                 argc=4 site=70166E1C
gcalls seq=001680 caller=QUEST2 target=70168717 DIST                 argc=4 site=70166E1C
gcalls seq=001684 caller=QUEST2 target=70168717 DIST                 argc=4 site=70166E1C
gcalls seq=001688 caller=QUEST2 target=70168717 DIST                 argc=4 site=70166E1C
gcalls seq=001692 caller=QUEST1 target=70168717 DIST                 argc=4 site=70166E1C
gcalls seq=001693 caller=QUEST2 target=70168717 DIST                 argc=4 site=70166E1C
gcalls seq=001696 caller=QUEST1 target=70168717 DIST                 argc=4 site=70166E1C
gcalls seq=001697 caller=QUEST1 target=70168717 DIST                 argc=4 site=70166E1C
gcalls seq=001699 caller=QUEST2 target=70168717 DIST                 argc=4 site=70166E1C
gcalls seq=001703 caller=QUEST2 target=70168717 DIST                 argc=4 site=70166E1C
gcalls seq=001707 caller=QUEST1 target=70168717 DIST                 argc=4 site=70166E1C
gcalls seq=001708 caller=QUEST1 target=70168717 DIST                 argc=4 site=70166E1C
gcalls seq=001709 caller=QUEST1 target=70168717 DIST                 argc=4 site=70166E1C
gcalls seq=001710 caller=QUEST2 target=70168717 DIST                 argc=4 site=70166E1C
gcalls seq=001714 caller=QUEST2 target=70168717 DIST                 argc=4 site=70166E1C
gcalls seq=001718 caller=QUEST2 target=70168717 DIST                 argc=4 site=70166E1C
gcalls seq=001722 caller=QUEST1 target=70168717 DIST                 argc=4 site=70166E1C
gcalls seq=001723 caller=QUEST1 target=70168717 DIST                 argc=4 site=70166E1C
gcalls seq=001724 caller=QUEST1 target=70168717 DIST                 argc=4 site=70166E1C
gcalls seq=001725 caller=QUEST2 target=70168717 DIST                 argc=4 site=70166E1C
gcalls seq=001729 caller=QUEST2 target=70168717 DIST                 argc=4 site=70166E1C
gcalls seq=001733 caller=QUEST2 target=70168717 DIST                 argc=4 site=70166E1C
gcalls seq=001737 caller=QUEST1 target=70168717 DIST                 argc=4 site=70166E1C
gcalls seq=001738 caller=QUEST1 target=70168717 DIST                 argc=4 site=70166E1C
gcalls seq=001739 caller=QUEST2 target=70168717 DIST                 argc=4 site=70166E1C
gcalls seq=001743 caller=QUEST2 target=70168717 DIST                 argc=4 site=70166E1C
gcalls seq=001747 caller=QUEST1 target=70168717 DIST                 argc=4 site=70166E1C
gcalls seq=001748 caller=QUEST2 target=70168717 DIST                 argc=4 site=70166E1C
gcalls seq=001752 caller=QUEST1 target=70168717 DIST                 argc=4 site=70166E1C
gcalls seq=001753 caller=QUEST1 target=70168717 DIST                 argc=4 site=70166E1C
gcalls seq=001754 caller=QUEST1 target=70168717 DIST                 argc=4 site=70166E1C
gcalls seq=001755 caller=QUEST2 target=70168717 DIST                 argc=4 site=70166E1C
gcalls seq=001759 caller=QUEST2 target=70168717 DIST                 argc=4 site=70166E1C
gcalls seq=001763 caller=QUEST2 target=70168717 DIST                 argc=4 site=70166E1C
gcalls seq=001767 caller=QUEST1 target=70168717 DIST                 argc=4 site=70166E1C
gcalls seq=001768 caller=QUEST1 target=70168717 DIST                 argc=4 site=70166E1C
gcalls seq=001769 caller=QUEST1 target=70168717 DIST                 argc=4 site=70166E1C
gcalls seq=001770 caller=QUEST2 target=70168717 DIST                 argc=4 site=70166E1C
gcalls seq=001774 caller=QUEST2 target=70168717 DIST                 argc=4 site=70166E1C
gcalls seq=001778 caller=QUEST2 target=70168717 DIST                 argc=4 site=70166E1C
gcalls seq=001782 caller=QUEST1 target=70168717 DIST                 argc=4 site=70166E1C
gcalls seq=001783 caller=QUEST1 target=70168717 DIST                 argc=4 site=70166E1C
gcalls seq=001784 caller=QUEST1 target=70168717 DIST                 argc=4 site=70166E1C
gcalls seq=001785 caller=QUEST2 target=70168717 DIST                 argc=4 site=70166E1C
gcalls seq=001789 caller=QUEST2 target=70168717 DIST                 argc=4 site=70166E1C
gcalls seq=001793 caller=QUEST2 target=70168717 DIST                 argc=4 site=70166E1C
gcalls seq=001797 caller=QUEST1 target=70168717 DIST                 argc=4 site=70166E1C
gcalls seq=001798 caller=QUEST1 target=70168717 DIST                 argc=4 site=70166E1C
gcalls seq=001799 caller=QUEST2 target=70168717 DIST                 argc=4 site=70166E1C
gcalls seq=001803 caller=QUEST2 target=70168717 DIST                 argc=4 site=70166E1C
gcalls seq=001805 caller=QUEST1 target=70168717 DIST                 argc=4 site=70166E1C
gcalls seq=001808 caller=QUEST2 target=70168717 DIST                 argc=4 site=70166E1C
gcalls seq=001812 caller=QUEST1 target=70168717 DIST                 argc=4 site=70166E1C
gcalls seq=001813 caller=QUEST1 target=70168717 DIST                 argc=4 site=70166E1C
gcalls seq=001814 caller=QUEST1 target=70168717 DIST                 argc=4 site=70166E1C
gcalls seq=001815 caller=QUEST2 target=70168717 DIST                 argc=4 site=70166E1C
gcalls seq=001819 caller=QUEST2 target=70168717 DIST                 argc=4 site=70166E1C
gcalls seq=001823 caller=QUEST2 target=70168717 DIST                 argc=4 site=70166E1C
gcalls seq=001827 caller=QUEST1 target=70168717 DIST                 argc=4 site=70166E1C
gcalls seq=001828 caller=QUEST1 target=70168717 DIST                 argc=4 site=70166E1C
gcalls seq=001829 caller=QUEST1 target=70168717 DIST                 argc=4 site=70166E1C
gcalls seq=001830 caller=QUEST2 target=70168717 DIST                 argc=4 site=70166E1C
gcalls seq=001834 caller=QUEST2 target=70168717 DIST                 argc=4 site=70166E1C
gcalls seq=001838 caller=QUEST2 target=70168717 DIST                 argc=4 site=70166E1C
gcalls seq=001842 caller=QUEST1 target=70168717 DIST                 argc=4 site=70166E1C
gcalls seq=001843 caller=QUEST2 target=70168717 DIST                 argc=4 site=70166E1C
gcalls seq=001847 caller=QUEST1 target=70168717 DIST                 argc=4 site=70166E1C
gcalls seq=001848 caller=QUEST1 target=70168717 DIST                 argc=4 site=70166E1C
gcalls seq=001849 caller=QUEST2 target=70168717 DIST                 argc=4 site=70166E1C
gcalls seq=001853 caller=QUEST2 target=70168717 DIST                 argc=4 site=70166E1C
gcalls seq=001857 caller=QUEST1 target=70168717 DIST                 argc=4 site=70166E1C
gcalls seq=001858 caller=QUEST1 target=70168717 DIST                 argc=4 site=70166E1C
gcalls seq=001859 caller=QUEST1 target=70168717 DIST                 argc=4 site=70166E1C
gcalls seq=001860 caller=QUEST2 target=70168717 DIST                 argc=4 site=70166E1C
gcalls seq=001864 caller=QUEST2 target=70168717 DIST                 argc=4 site=70166E1C
gcalls seq=001868 caller=QUEST2 target=70168717 DIST                 argc=4 site=70166E1C
gcalls seq=001872 caller=QUEST1 target=70168717 DIST                 argc=4 site=70166E1C
gcalls seq=001873 caller=QUEST2 target=70168717 DIST                 argc=4 site=70166E1C
gcalls seq=001877 caller=QUEST1 target=70168717 DIST                 argc=4 site=70166E1C
gcalls seq=001878 caller=QUEST1 target=70168717 DIST                 argc=4 site=70166E1C
gcalls seq=001879 caller=QUEST2 target=70168717 DIST                 argc=4 site=70166E1C
gcalls seq=001883 caller=QUEST2 target=70168717 DIST                 argc=4 site=70166E1C
gcalls seq=001887 caller=QUEST1 target=70168717 DIST                 argc=4 site=70166E1C
gcalls seq=001888 caller=QUEST1 target=70168717 DIST                 argc=4 site=70166E1C
gcalls seq=001889 caller=QUEST1 target=70168717 DIST                 argc=4 site=70166E1C
gcalls seq=001890 caller=QUEST2 target=70168717 DIST                 argc=4 site=70166E1C
gcalls seq=001894 caller=QUEST2 target=70168717 DIST                 argc=4 site=70166E1C
gcalls seq=001898 caller=QUEST2 target=70168717 DIST                 argc=4 site=70166E1C
gcalls seq=001902 caller=QUEST1 target=70168717 DIST                 argc=4 site=70166E1C
gcalls seq=001903 caller=QUEST1 target=70168717 DIST                 argc=4 site=70166E1C
gcalls seq=001904 caller=QUEST1 target=70168717 DIST                 argc=4 site=70166E1C
gcalls seq=001905 caller=QUEST2 target=70168717 DIST                 argc=4 site=70166E1C
gcalls seq=001909 caller=QUEST2 target=70168717 DIST                 argc=4 site=70166E1C
gcalls seq=001913 caller=QUEST2 target=70168717 DIST                 argc=4 site=70166E1C
gcalls seq=001917 caller=QUEST1 target=70168717 DIST                 argc=4 site=70166E1C
gcalls seq=001918 caller=QUEST1 target=70168717 DIST                 argc=4 site=70166E1C
gcalls seq=001919 caller=QUEST1 target=70168717 DIST                 argc=4 site=70166E1C
gcalls seq=001920 caller=QUEST2 target=70168717 DIST                 argc=4 site=70166E1C
gcalls seq=001924 caller=QUEST2 target=70168717 DIST                 argc=4 site=70166E1C
gcalls seq=001928 caller=QUEST2 target=70168717 DIST                 argc=4 site=70166E1C
gcalls seq=001932 caller=QUEST1 target=70168717 DIST                 argc=4 site=70166E1C
gcalls seq=001933 caller=QUEST2 target=70168717 DIST                 argc=4 site=70166E1C
gcalls seq=001935 caller=QUEST1 target=70168717 DIST                 argc=4 site=70166E1C
gcalls seq=001936 caller=QUEST1 target=70168717 DIST                 argc=4 site=70166E1C
gcalls seq=001939 caller=QUEST2 target=70168717 DIST                 argc=4 site=70166E1C
gcalls seq=001943 caller=QUEST2 target=70168717 DIST                 argc=4 site=70166E1C
gcalls seq=001947 caller=QUEST1 target=70168717 DIST                 argc=4 site=70166E1C
gcalls seq=001948 caller=QUEST1 target=70168717 DIST                 argc=4 site=70166E1C
gcalls seq=001949 caller=QUEST2 target=70168717 DIST                 argc=4 site=70166E1C
gcalls seq=001953 caller=QUEST2 target=70168717 DIST                 argc=4 site=70166E1C
gcalls seq=001957 caller=QUEST1 target=70168717 DIST                 argc=4 site=70166E1C
gcalls seq=001958 caller=QUEST2 target=70168717 DIST                 argc=4 site=70166E1C
gcalls seq=001962 caller=QUEST1 target=70168717 DIST                 argc=4 site=70166E1C
gcalls seq=001963 caller=QUEST1 target=70168717 DIST                 argc=4 site=70166E1C
gcalls seq=001964 caller=QUEST1 target=70168717 DIST                 argc=4 site=70166E1C
gcalls seq=001965 caller=QUEST2 target=70168717 DIST                 argc=4 site=70166E1C
gcalls seq=001969 caller=QUEST2 target=70168717 DIST                 argc=4 site=70166E1C
gcalls seq=001973 caller=QUEST2 target=70168717 DIST                 argc=4 site=70166E1C
gcalls seq=001977 caller=QUEST1 target=70168717 DIST                 argc=4 site=70166E1C
gcalls seq=001978 caller=QUEST2 target=70168717 DIST                 argc=4 site=70166E1C
gcalls seq=001982 caller=QUEST1 target=70168717 DIST                 argc=4 site=70166E1C
gcalls seq=001983 caller=QUEST1 target=70168717 DIST                 argc=4 site=70166E1C
gcalls seq=001984 caller=QUEST2 target=70168717 DIST                 argc=4 site=70166E1C
gcalls seq=001988 caller=QUEST2 target=70168717 DIST                 argc=4 site=70166E1C
gcalls seq=001992 caller=QUEST1 target=70168717 DIST                 argc=4 site=70166E1C
gcalls seq=001993 caller=QUEST1 target=70168717 DIST                 argc=4 site=70166E1C
gcalls seq=001994 caller=QUEST1 target=70168717 DIST                 argc=4 site=70166E1C
gcalls seq=001995 caller=QUEST2 target=70168717 DIST                 argc=4 site=70166E1C
gcalls seq=001999 caller=QUEST2 target=70168717 DIST                 argc=4 site=70166E1C
gcalls seq=002003 caller=QUEST2 target=70168717 DIST                 argc=4 site=70166E1C
gcalls seq=002007 caller=QUEST1 target=70168717 DIST                 argc=4 site=70166E1C
gcalls seq=002008 caller=QUEST1 target=70168717 DIST                 argc=4 site=70166E1C
gcalls seq=002009 caller=QUEST2 target=70168717 DIST                 argc=4 site=70166E1C
gcalls seq=002013 caller=QUEST2 target=70168717 DIST                 argc=4 site=70166E1C
gcalls seq=002015 caller=QUEST1 target=70168717 DIST                 argc=4 site=70166E1C
gcalls seq=002018 caller=QUEST2 target=70168717 DIST                 argc=4 site=70166E1C
gcalls seq=002022 caller=QUEST1 target=70168717 DIST                 argc=4 site=70166E1C
gcalls seq=002023 caller=QUEST1 target=70168717 DIST                 argc=4 site=70166E1C
gcalls seq=002024 caller=QUEST1 target=70168717 DIST                 argc=4 site=70166E1C
gcalls seq=002025 caller=QUEST2 target=70168717 DIST                 argc=4 site=70166E1C
gcalls seq=002029 caller=QUEST2 target=70168717 DIST                 argc=4 site=70166E1C
gcalls seq=002033 caller=QUEST2 target=70168717 DIST                 argc=4 site=70166E1C
gcalls seq=002037 caller=QUEST1 target=70168717 DIST                 argc=4 site=70166E1C
gcalls seq=002038 caller=QUEST1 target=70168717 DIST                 argc=4 site=70166E1C
gcalls seq=002039 caller=QUEST2 target=70168717 DIST                 argc=4 site=70166E1C
gcalls seq=002043 caller=QUEST2 target=70168717 DIST                 argc=4 site=70166E1C
gcalls seq=002045 caller=QUEST1 target=70168717 DIST                 argc=4 site=70166E1C
gcalls seq=002048 caller=QUEST2 target=70168717 DIST                 argc=4 site=70166E1C
gcalls seq=002052 caller=QUEST1 target=70168717 DIST                 argc=4 site=70166E1C
gcalls seq=002053 caller=QUEST1 target=70168717 DIST                 argc=4 site=70166E1C
gcalls seq=002054 caller=QUEST1 target=70168717 DIST                 argc=4 site=70166E1C
gcalls seq=002055 caller=QUEST2 target=70168717 DIST                 argc=4 site=70166E1C
gcalls seq=002059 caller=QUEST2 target=70168717 DIST                 argc=4 site=70166E1C
gcalls seq=002063 caller=QUEST2 target=70168717 DIST                 argc=4 site=70166E1C
gcalls seq=002067 caller=QUEST1 target=70168717 DIST                 argc=4 site=70166E1C
gcalls seq=002068 caller=QUEST2 target=70168717 DIST                 argc=4 site=70166E1C
gcalls seq=002071 caller=QUEST1 target=70168717 DIST                 argc=4 site=70166E1C
gcalls seq=002072 caller=QUEST1 target=70168717 DIST                 argc=4 site=70166E1C
gcalls seq=002074 caller=QUEST2 target=70168717 DIST                 argc=4 site=70166E1C
gcalls seq=002078 caller=QUEST2 target=70168717 DIST                 argc=4 site=70166E1C
gcalls seq=002082 caller=QUEST1 target=70168717 DIST                 argc=4 site=70166E1C
gcalls seq=002083 caller=QUEST1 target=70168717 DIST                 argc=4 site=70166E1C
gcalls seq=002084 caller=QUEST1 target=70168717 DIST                 argc=4 site=70166E1C
gcalls seq=002085 caller=QUEST2 target=70168717 DIST                 argc=4 site=70166E1C
gcalls seq=002089 caller=QUEST2 target=70168717 DIST                 argc=4 site=70166E1C
gcalls seq=002093 caller=QUEST2 target=70168717 DIST                 argc=4 site=70166E1C
gcalls seq=002097 caller=QUEST1 target=70168717 DIST                 argc=4 site=70166E1C
gcalls seq=002098 caller=QUEST2 target=70168717 DIST                 argc=4 site=70166E1C
gcalls seq=002101 caller=QUEST1 target=70168717 DIST                 argc=4 site=70166E1C
gcalls seq=002102 caller=QUEST1 target=70168717 DIST                 argc=4 site=70166E1C
gcalls seq=002104 caller=QUEST2 target=70168717 DIST                 argc=4 site=70166E1C
gcalls seq=002108 caller=QUEST2 target=70168717 DIST                 argc=4 site=70166E1C
gcalls seq=002112 caller=QUEST1 target=70168717 DIST                 argc=4 site=70166E1C
gcalls seq=002113 caller=QUEST1 target=70168717 DIST                 argc=4 site=70166E1C
gcalls seq=002114 caller=QUEST1 target=70168717 DIST                 argc=4 site=70166E1C
gcalls seq=002115 caller=QUEST2 target=70168717 DIST                 argc=4 site=70166E1C
gcalls seq=002119 caller=QUEST2 target=70168717 DIST                 argc=4 site=70166E1C
gcalls seq=002123 caller=QUEST2 target=70168717 DIST                 argc=4 site=70166E1C
gcalls seq=002127 caller=QUEST1 target=70168717 DIST                 argc=4 site=70166E1C
gcalls seq=002128 caller=QUEST1 target=70168717 DIST                 argc=4 site=70166E1C
gcalls seq=002129 caller=QUEST1 target=70168717 DIST                 argc=4 site=70166E1C
gcalls seq=002130 caller=QUEST2 target=70168717 DIST                 argc=4 site=70166E1C
gcalls seq=002134 caller=QUEST2 target=70168717 DIST                 argc=4 site=70166E1C
gcalls seq=002138 caller=QUEST2 target=70168717 DIST                 argc=4 site=70166E1C
gcalls seq=002142 caller=QUEST1 target=70168717 DIST                 argc=4 site=70166E1C
gcalls seq=002143 caller=QUEST1 target=70168717 DIST                 argc=4 site=70166E1C
gcalls seq=002144 caller=QUEST2 target=70168717 DIST                 argc=4 site=70166E1C
gcalls seq=002148 caller=QUEST2 target=70168717 DIST                 argc=4 site=70166E1C
gcalls seq=002151 caller=QUEST1 target=70168717 DIST                 argc=4 site=70166E1C
gcalls seq=002153 caller=QUEST2 target=70168717 DIST                 argc=4 site=70166E1C
gcalls seq=002157 caller=QUEST1 target=70168717 DIST                 argc=4 site=70166E1C
gcalls seq=002158 caller=QUEST1 target=70168717 DIST                 argc=4 site=70166E1C
gcalls seq=002159 caller=QUEST1 target=70168717 DIST                 argc=4 site=70166E1C
gcalls seq=002160 caller=QUEST2 target=70168717 DIST                 argc=4 site=70166E1C
gcalls seq=002164 caller=QUEST2 target=70168717 DIST                 argc=4 site=70166E1C
gcalls seq=002168 caller=QUEST2 target=70168717 DIST                 argc=4 site=70166E1C
gcalls seq=002172 caller=QUEST1 target=70168717 DIST                 argc=4 site=70166E1C
gcalls seq=002173 caller=QUEST1 target=70168717 DIST                 argc=4 site=70166E1C
gcalls seq=002174 caller=QUEST2 target=70168717 DIST                 argc=4 site=70166E1C
gcalls seq=002178 caller=QUEST2 target=70168717 DIST                 argc=4 site=70166E1C
gcalls seq=002181 caller=QUEST1 target=70168717 DIST                 argc=4 site=70166E1C
gcalls seq=002183 caller=QUEST2 target=70168717 DIST                 argc=4 site=70166E1C
gcalls seq=002187 caller=QUEST1 target=70168717 DIST                 argc=4 site=70166E1C
gcalls seq=002188 caller=QUEST1 target=70168717 DIST                 argc=4 site=70166E1C
gcalls seq=002189 caller=QUEST1 target=70168717 DIST                 argc=4 site=70166E1C
gcalls seq=002190 caller=QUEST2 target=70168717 DIST                 argc=4 site=70166E1C
gcalls seq=002194 caller=QUEST2 target=70168717 DIST                 argc=4 site=70166E1C
gcalls seq=002198 caller=QUEST2 target=70168717 DIST                 argc=4 site=70166E1C
gcalls seq=002202 caller=QUEST1 target=70168717 DIST                 argc=4 site=70166E1C
gcalls seq=002203 caller=QUEST1 target=70168717 DIST                 argc=4 site=70166E1C
gcalls seq=002204 caller=QUEST2 target=70168717 DIST                 argc=4 site=70166E1C
gcalls seq=002208 caller=QUEST2 target=70168717 DIST                 argc=4 site=70166E1C
gcalls seq=002211 caller=QUEST1 target=70168717 DIST                 argc=4 site=70166E1C
gcalls seq=002213 caller=QUEST2 target=70168717 DIST                 argc=4 site=70166E1C
gcalls seq=002217 caller=QUEST1 target=70168717 DIST                 argc=4 site=70166E1C
gcalls seq=002218 caller=QUEST1 target=70168717 DIST                 argc=4 site=70166E1C
gcalls seq=002219 caller=QUEST1 target=70168717 DIST                 argc=4 site=70166E1C
gcalls seq=002220 caller=QUEST2 target=70168717 DIST                 argc=4 site=70166E1C
gcalls seq=002224 caller=QUEST2 target=70168717 DIST                 argc=4 site=70166E1C
gcalls seq=002228 caller=QUEST2 target=70168717 DIST                 argc=4 site=70166E1C
gcalls seq=002232 caller=QUEST1 target=70168717 DIST                 argc=4 site=70166E1C
gcalls seq=002233 caller=QUEST2 target=70168717 DIST                 argc=4 site=70166E1C
gcalls seq=002236 caller=QUEST1 target=70168717 DIST                 argc=4 site=70166E1C
gcalls seq=002237 caller=QUEST1 target=70168717 DIST                 argc=4 site=70166E1C
gcalls seq=002239 caller=QUEST2 target=70168717 DIST                 argc=4 site=70166E1C
gcalls seq=002243 caller=QUEST2 target=70168717 DIST                 argc=4 site=70166E1C
gcalls seq=002247 caller=QUEST1 target=70168717 DIST                 argc=4 site=70166E1C
gcalls seq=002248 caller=QUEST1 target=70168717 DIST                 argc=4 site=70166E1C
gcalls seq=002249 caller=QUEST1 target=70168717 DIST                 argc=4 site=70166E1C
gcalls seq=002250 caller=QUEST2 target=70168717 DIST                 argc=4 site=70166E1C
gcalls seq=002254 caller=QUEST2 target=70168717 DIST                 argc=4 site=70166E1C
gcalls seq=002258 caller=QUEST2 target=70168717 DIST                 argc=4 site=70166E1C
gcalls seq=002262 caller=QUEST1 target=70168717 DIST                 argc=4 site=70166E1C
gcalls seq=002263 caller=QUEST2 target=70168717 DIST                 argc=4 site=70166E1C
gcalls seq=002267 caller=QUEST1 target=70168717 DIST                 argc=4 site=70166E1C
gcalls seq=002268 caller=QUEST1 target=70168717 DIST                 argc=4 site=70166E1C
gcalls seq=002269 caller=QUEST2 target=70168717 DIST                 argc=4 site=70166E1C
gcalls seq=002273 caller=QUEST2 target=70168717 DIST                 argc=4 site=70166E1C
gcalls seq=002277 caller=QUEST1 target=70168717 DIST                 argc=4 site=70166E1C
gcalls seq=002278 caller=QUEST1 target=70168717 DIST                 argc=4 site=70166E1C
gcalls seq=002279 caller=QUEST1 target=70168717 DIST                 argc=4 site=70166E1C
gcalls seq=002280 caller=QUEST2 target=70168717 DIST                 argc=4 site=70166E1C
gcalls seq=002284 caller=QUEST2 target=70168717 DIST                 argc=4 site=70166E1C
gcalls seq=002288 caller=QUEST2 target=70168717 DIST                 argc=4 site=70166E1C
gcalls seq=002292 caller=QUEST1 target=70168717 DIST                 argc=4 site=70166E1C
gcalls seq=002293 caller=QUEST2 target=70168717 DIST                 argc=4 site=70166E1C
gcalls seq=002297 caller=QUEST1 target=70168717 DIST                 argc=4 site=70166E1C
gcalls seq=002298 caller=QUEST1 target=70168717 DIST                 argc=4 site=70166E1C
gcalls seq=002299 caller=QUEST2 target=70168717 DIST                 argc=4 site=70166E1C
gcalls seq=002303 caller=QUEST2 target=70168717 DIST                 argc=4 site=70166E1C
gcalls seq=002307 caller=QUEST1 target=70168717 DIST                 argc=4 site=70166E1C
gcalls seq=002308 caller=QUEST1 target=70168717 DIST                 argc=4 site=70166E1C
gcalls seq=002309 caller=QUEST1 target=70168717 DIST                 argc=4 site=70166E1C
gcalls seq=002310 caller=QUEST2 target=70168717 DIST                 argc=4 site=70166E1C
gcalls seq=002314 caller=QUEST2 target=70168717 DIST                 argc=4 site=70166E1C
gcalls seq=002318 caller=QUEST2 target=70168717 DIST                 argc=4 site=70166E1C
gcalls seq=002322 caller=QUEST1 target=70168717 DIST                 argc=4 site=70166E1C
gcalls seq=002323 caller=QUEST2 target=70168717 DIST                 argc=4 site=70166E1C
gcalls seq=002327 caller=QUEST1 target=70168717 DIST                 argc=4 site=70166E1C
gcalls seq=002328 caller=QUEST1 target=70168717 DIST                 argc=4 site=70166E1C
gcalls seq=002329 caller=QUEST2 target=70168717 DIST                 argc=4 site=70166E1C
gcalls seq=002333 caller=QUEST2 target=70168717 DIST                 argc=4 site=70166E1C
gcalls seq=002337 caller=QUEST1 target=70168717 DIST                 argc=4 site=70166E1C
gcalls seq=002338 caller=QUEST1 target=70168717 DIST                 argc=4 site=70166E1C
gcalls seq=002339 caller=QUEST1 target=70168717 DIST                 argc=4 site=70166E1C
gcalls seq=002340 caller=QUEST2 target=70168717 DIST                 argc=4 site=70166E1C
gcalls seq=002344 caller=QUEST2 target=70168717 DIST                 argc=4 site=70166E1C
gcalls seq=002348 caller=QUEST2 target=70168717 DIST                 argc=4 site=70166E1C
gcalls seq=002352 caller=QUEST1 target=70168717 DIST                 argc=4 site=70166E1C
gcalls seq=002353 caller=QUEST2 target=70168717 DIST                 argc=4 site=70166E1C
gcalls seq=002357 caller=QUEST1 target=70168717 DIST                 argc=4 site=70166E1C
gcalls seq=002358 caller=QUEST1 target=70168717 DIST                 argc=4 site=70166E1C
gcalls seq=002359 caller=QUEST2 target=70168717 DIST                 argc=4 site=70166E1C
gcalls seq=002363 caller=QUEST2 target=70168717 DIST                 argc=4 site=70166E1C
gcalls seq=002367 caller=QUEST1 target=70168717 DIST                 argc=4 site=70166E1C
gcalls seq=002368 caller=QUEST1 target=70168717 DIST                 argc=4 site=70166E1C
gcalls seq=002369 caller=QUEST1 target=70168717 DIST                 argc=4 site=70166E1C
gcalls seq=002370 caller=QUEST2 target=70168717 DIST                 argc=4 site=70166E1C
gcalls seq=002374 caller=QUEST2 target=70168717 DIST                 argc=4 site=70166E1C
gcalls seq=002378 caller=QUEST2 target=70168717 DIST                 argc=4 site=70166E1C
gcalls seq=002382 caller=QUEST1 target=70168717 DIST                 argc=4 site=70166E1C
gcalls seq=002383 caller=QUEST1 target=70168717 DIST                 argc=4 site=70166E1C
gcalls seq=002384 caller=QUEST1 target=70168717 DIST                 argc=4 site=70166E1C
gcalls seq=002385 caller=QUEST2 target=70168717 DIST                 argc=4 site=70166E1C
gcalls seq=002389 caller=QUEST2 target=70168717 DIST                 argc=4 site=70166E1C
gcalls seq=002393 caller=QUEST2 target=70168717 DIST                 argc=4 site=70166E1C
gcalls seq=002397 caller=QUEST1 target=70168717 DIST                 argc=4 site=70166E1C
gcalls seq=002398 caller=QUEST1 target=70168717 DIST                 argc=4 site=70166E1C
gcalls seq=002399 caller=QUEST1 target=70168717 DIST                 argc=4 site=70166E1C
gcalls seq=002400 caller=QUEST2 target=70168717 DIST                 argc=4 site=70166E1C
gcalls seq=002404 caller=QUEST2 target=70168717 DIST                 argc=4 site=70166E1C
gcalls seq=002408 caller=QUEST2 target=70168717 DIST                 argc=4 site=70166E1C
gcalls seq=002412 caller=QUEST1 target=70168717 DIST                 argc=4 site=70166E1C
gcalls seq=002413 caller=QUEST1 target=70168717 DIST                 argc=4 site=70166E1C
gcalls seq=002414 caller=QUEST1 target=70168717 DIST                 argc=4 site=70166E1C
gcalls seq=002415 caller=QUEST2 target=70168717 DIST                 argc=4 site=70166E1C
gcalls seq=002419 caller=QUEST2 target=70168717 DIST                 argc=4 site=70166E1C
gcalls seq=002423 caller=QUEST2 target=70168717 DIST                 argc=4 site=70166E1C
gcalls seq=002427 caller=QUEST1 target=70168717 DIST                 argc=4 site=70166E1C
gcalls seq=002428 caller=QUEST1 target=70168717 DIST                 argc=4 site=70166E1C
gcalls seq=002429 caller=QUEST1 target=70168717 DIST                 argc=4 site=70166E1C
gcalls seq=002430 caller=QUEST2 target=70168717 DIST                 argc=4 site=70166E1C
gcalls seq=002434 caller=QUEST2 target=70168717 DIST                 argc=4 site=70166E1C
gcalls seq=002438 caller=QUEST2 target=70168717 DIST                 argc=4 site=70166E1C
gcalls seq=002442 caller=QUEST1 target=70168717 DIST                 argc=4 site=70166E1C
gcalls seq=002443 caller=QUEST1 target=70168717 DIST                 argc=4 site=70166E1C
gcalls seq=002444 caller=QUEST1 target=70168717 DIST                 argc=4 site=70166E1C
gcalls seq=002445 caller=QUEST2 target=70168717 DIST                 argc=4 site=70166E1C
gcalls seq=002449 caller=QUEST2 target=70168717 DIST                 argc=4 site=70166E1C
gcalls seq=002453 caller=QUEST2 target=70168717 DIST                 argc=4 site=70166E1C
gcalls seq=002457 caller=QUEST1 target=70168717 DIST                 argc=4 site=70166E1C
gcalls seq=002458 caller=QUEST1 target=70168717 DIST                 argc=4 site=70166E1C
gcalls seq=002459 caller=QUEST1 target=70168717 DIST                 argc=4 site=70166E1C
gcalls seq=002460 caller=QUEST2 target=70168717 DIST                 argc=4 site=70166E1C
gcalls seq=002464 caller=QUEST2 target=70168717 DIST                 argc=4 site=70166E1C
gcalls seq=002468 caller=QUEST2 target=70168717 DIST                 argc=4 site=70166E1C
gcalls seq=002472 caller=QUEST1 target=70168717 DIST                 argc=4 site=70166E1C
gcalls seq=002473 caller=QUEST2 target=70168717 DIST                 argc=4 site=70166E1C
gcalls seq=002475 caller=QUEST1 target=70168717 DIST                 argc=4 site=70166E1C
gcalls seq=002476 caller=QUEST1 target=70168717 DIST                 argc=4 site=70166E1C
gcalls seq=002479 caller=QUEST2 target=70168717 DIST                 argc=4 site=70166E1C
gcalls seq=002483 caller=QUEST2 target=70168717 DIST                 argc=4 site=70166E1C
gcalls seq=002487 caller=QUEST1 target=70168717 DIST                 argc=4 site=70166E1C
gcalls seq=002488 caller=QUEST1 target=70168717 DIST                 argc=4 site=70166E1C
gcalls seq=002489 caller=QUEST1 target=70168717 DIST                 argc=4 site=70166E1C
gcalls seq=002490 caller=QUEST2 target=70168717 DIST                 argc=4 site=70166E1C
gcalls seq=002494 caller=QUEST2 target=70168717 DIST                 argc=4 site=70166E1C
gcalls seq=002498 caller=QUEST2 target=70168717 DIST                 argc=4 site=70166E1C
gcalls seq=002502 caller=QUEST1 target=70168717 DIST                 argc=4 site=70166E1C
gcalls seq=002503 caller=QUEST2 target=70168717 DIST                 argc=4 site=70166E1C
gcalls seq=002505 caller=QUEST1 target=70168717 DIST                 argc=4 site=70166E1C
gcalls seq=002506 caller=QUEST1 target=70168717 DIST                 argc=4 site=70166E1C
gcalls seq=002509 caller=QUEST2 target=70168717 DIST                 argc=4 site=70166E1C
gcalls seq=002513 caller=QUEST2 target=70168717 DIST                 argc=4 site=70166E1C
gcalls seq=002517 caller=QUEST1 target=70168717 DIST                 argc=4 site=70166E1C
gcalls seq=002518 caller=QUEST1 target=70168717 DIST                 argc=4 site=70166E1C
gcalls seq=002519 caller=QUEST1 target=70168717 DIST                 argc=4 site=70166E1C
gcalls seq=002520 caller=QUEST2 target=70168717 DIST                 argc=4 site=70166E1C
gcalls seq=002524 caller=QUEST2 target=70168717 DIST                 argc=4 site=70166E1C
gcalls seq=002528 caller=QUEST2 target=70168717 DIST                 argc=4 site=70166E1C
gcalls seq=002532 caller=QUEST1 target=70168717 DIST                 argc=4 site=70166E1C
gcalls seq=002533 caller=QUEST2 target=70168717 DIST                 argc=4 site=70166E1C
gcalls seq=002535 caller=QUEST1 target=70168717 DIST                 argc=4 site=70166E1C
gcalls seq=002536 caller=QUEST1 target=70168717 DIST                 argc=4 site=70166E1C
gcalls seq=002539 caller=QUEST2 target=70168717 DIST                 argc=4 site=70166E1C
gcalls seq=002543 caller=QUEST2 target=70168717 DIST                 argc=4 site=70166E1C
gcalls seq=002547 caller=QUEST1 target=70168717 DIST                 argc=4 site=70166E1C
gcalls seq=002548 caller=QUEST1 target=70168717 DIST                 argc=4 site=70166E1C
gcalls seq=002549 caller=QUEST2 target=70168717 DIST                 argc=4 site=70166E1C
gcalls seq=002553 caller=QUEST2 target=70168717 DIST                 argc=4 site=70166E1C
gcalls seq=002557 caller=QUEST1 target=70168717 DIST                 argc=4 site=70166E1C
gcalls seq=002558 caller=QUEST2 target=70168717 DIST                 argc=4 site=70166E1C
gcalls seq=002562 caller=QUEST1 target=70168717 DIST                 argc=4 site=70166E1C
gcalls seq=002563 caller=QUEST1 target=70168717 DIST                 argc=4 site=70166E1C
gcalls seq=002564 caller=QUEST1 target=70168717 DIST                 argc=4 site=70166E1C
gcalls seq=002565 caller=QUEST2 target=70168717 DIST                 argc=4 site=70166E1C
gcalls seq=002569 caller=QUEST2 target=70168717 DIST                 argc=4 site=70166E1C
gcalls seq=002573 caller=QUEST2 target=70168717 DIST                 argc=4 site=70166E1C
gcalls seq=002577 caller=QUEST1 target=70168717 DIST                 argc=4 site=70166E1C
gcalls seq=002578 caller=QUEST1 target=70168717 DIST                 argc=4 site=70166E1C
gcalls seq=002579 caller=QUEST2 target=70168717 DIST                 argc=4 site=70166E1C
gcalls seq=002583 caller=QUEST2 target=70168717 DIST                 argc=4 site=70166E1C
gcalls seq=002587 caller=QUEST1 target=70168717 DIST                 argc=4 site=70166E1C
gcalls seq=002588 caller=QUEST2 target=70168717 DIST                 argc=4 site=70166E1C
gcalls seq=002592 caller=QUEST1 target=70168717 DIST                 argc=4 site=70166E1C
gcalls seq=002593 caller=QUEST1 target=70168717 DIST                 argc=4 site=70166E1C
gcalls seq=002594 caller=QUEST1 target=70168717 DIST                 argc=4 site=70166E1C
gcalls seq=002595 caller=QUEST2 target=70168717 DIST                 argc=4 site=70166E1C
gcalls seq=002599 caller=QUEST2 target=70168717 DIST                 argc=4 site=70166E1C
gcalls seq=002603 caller=QUEST2 target=70168717 DIST                 argc=4 site=70166E1C
gcalls seq=002607 caller=QUEST1 target=70168717 DIST                 argc=4 site=70166E1C
gcalls seq=002608 caller=QUEST1 target=70168717 DIST                 argc=4 site=70166E1C
gcalls seq=002609 caller=QUEST2 target=70168717 DIST                 argc=4 site=70166E1C
gcalls seq=002613 caller=QUEST2 target=70168717 DIST                 argc=4 site=70166E1C
gcalls seq=002617 caller=QUEST1 target=70168717 DIST                 argc=4 site=70166E1C
gcalls seq=002618 caller=QUEST2 target=70168717 DIST                 argc=4 site=70166E1C
gcalls seq=002622 caller=QUEST1 target=70168717 DIST                 argc=4 site=70166E1C
gcalls seq=002623 caller=QUEST1 target=70168717 DIST                 argc=4 site=70166E1C
gcalls seq=002624 caller=QUEST1 target=70168717 DIST                 argc=4 site=70166E1C
gcalls seq=002625 caller=QUEST2 target=70168717 DIST                 argc=4 site=70166E1C
gcalls seq=002629 caller=QUEST2 target=70168717 DIST                 argc=4 site=70166E1C
gcalls seq=002633 caller=QUEST2 target=70168717 DIST                 argc=4 site=70166E1C
gcalls seq=002637 caller=QUEST1 target=70168717 DIST                 argc=4 site=70166E1C
gcalls seq=002638 caller=QUEST1 target=70168717 DIST                 argc=4 site=70166E1C
gcalls seq=002639 caller=QUEST2 target=70168717 DIST                 argc=4 site=70166E1C
gcalls seq=002643 caller=QUEST2 target=70168717 DIST                 argc=4 site=70166E1C
gcalls seq=002647 caller=QUEST1 target=70168717 DIST                 argc=4 site=70166E1C
gcalls seq=002648 caller=QUEST2 target=70168717 DIST                 argc=4 site=70166E1C
gcalls seq=002652 caller=QUEST1 target=70168717 DIST                 argc=4 site=70166E1C
gcalls seq=002653 caller=QUEST1 target=70168717 DIST                 argc=4 site=70166E1C
gcalls seq=002654 caller=QUEST1 target=70168717 DIST                 argc=4 site=70166E1C
gcalls seq=002655 caller=QUEST2 target=70168717 DIST                 argc=4 site=70166E1C
gcalls seq=002659 caller=QUEST2 target=70168717 DIST                 argc=4 site=70166E1C
gcalls seq=002663 caller=QUEST2 target=70168717 DIST                 argc=4 site=70166E1C
gcalls seq=002667 caller=QUEST1 target=70168717 DIST                 argc=4 site=70166E1C
gcalls seq=002668 caller=QUEST1 target=70168717 DIST                 argc=4 site=70166E1C
gcalls seq=002669 caller=QUEST1 target=70168717 DIST                 argc=4 site=70166E1C
gcalls seq=002670 caller=QUEST2 target=70168717 DIST                 argc=4 site=70166E1C
gcalls seq=002674 caller=QUEST2 target=70168717 DIST                 argc=4 site=70166E1C
gcalls seq=002678 caller=QUEST2 target=70168717 DIST                 argc=4 site=70166E1C
gcalls seq=002682 caller=QUEST1 target=70168717 DIST                 argc=4 site=70166E1C
gcalls seq=002683 caller=QUEST1 target=70168717 DIST                 argc=4 site=70166E1C
gcalls seq=002684 caller=QUEST1 target=70168717 DIST                 argc=4 site=70166E1C
gcalls seq=002685 caller=QUEST2 target=70168717 DIST                 argc=4 site=70166E1C
gcalls seq=002689 caller=QUEST2 target=70168717 DIST                 argc=4 site=70166E1C
gcalls seq=002693 caller=QUEST2 target=70168717 DIST                 argc=4 site=70166E1C
gcalls seq=002697 caller=QUEST1 target=70168717 DIST                 argc=4 site=70166E1C
gcalls seq=002698 caller=QUEST1 target=70168717 DIST                 argc=4 site=70166E1C
gcalls seq=002699 caller=QUEST1 target=70168717 DIST                 argc=4 site=70166E1C
gcalls seq=002700 caller=QUEST2 target=70168717 DIST                 argc=4 site=70166E1C
gcalls seq=002704 caller=QUEST2 target=70168717 DIST                 argc=4 site=70166E1C
gcalls seq=002708 caller=QUEST2 target=70168717 DIST                 argc=4 site=70166E1C
gcalls seq=002712 caller=QUEST1 target=70168717 DIST                 argc=4 site=70166E1C
gcalls seq=002713 caller=QUEST1 target=70168717 DIST                 argc=4 site=70166E1C
gcalls seq=002714 caller=QUEST1 target=70168717 DIST                 argc=4 site=70166E1C
gcalls seq=002715 caller=QUEST2 target=70168717 DIST                 argc=4 site=70166E1C
gcalls seq=002719 caller=QUEST2 target=70168717 DIST                 argc=4 site=70166E1C
gcalls seq=002723 caller=QUEST2 target=70168717 DIST                 argc=4 site=70166E1C
gcalls seq=002727 caller=QUEST1 target=70168717 DIST                 argc=4 site=70166E1C
gcalls seq=002728 caller=QUEST1 target=70168717 DIST                 argc=4 site=70166E1C
gcalls seq=002729 caller=QUEST2 target=70168717 DIST                 argc=4 site=70166E1C
gcalls seq=002733 caller=QUEST2 target=70168717 DIST                 argc=4 site=70166E1C
gcalls seq=002736 caller=QUEST1 target=70168717 DIST                 argc=4 site=70166E1C
gcalls seq=002738 caller=QUEST2 target=70168717 DIST                 argc=4 site=70166E1C
gcalls seq=002742 caller=QUEST1 target=70168717 DIST                 argc=4 site=70166E1C
gcalls seq=002743 caller=QUEST1 target=70168717 DIST                 argc=4 site=70166E1C
gcalls seq=002744 caller=QUEST1 target=70168717 DIST                 argc=4 site=70166E1C
gcalls seq=002745 caller=QUEST2 target=70168717 DIST                 argc=4 site=70166E1C
gcalls seq=002749 caller=QUEST2 target=70168717 DIST                 argc=4 site=70166E1C
gcalls seq=002753 caller=QUEST2 target=70168717 DIST                 argc=4 site=70166E1C
gcalls seq=002757 caller=QUEST1 target=70168717 DIST                 argc=4 site=70166E1C
gcalls seq=002758 caller=QUEST1 target=70168717 DIST                 argc=4 site=70166E1C
gcalls seq=002759 caller=QUEST2 target=70168717 DIST                 argc=4 site=70166E1C
gcalls seq=002763 caller=QUEST2 target=70168717 DIST                 argc=4 site=70166E1C
gcalls seq=002766 caller=QUEST1 target=70168717 DIST                 argc=4 site=70166E1C
gcalls seq=002768 caller=QUEST2 target=70168717 DIST                 argc=4 site=70166E1C
gcalls seq=002772 caller=QUEST1 target=70168717 DIST                 argc=4 site=70166E1C
gcalls seq=002773 caller=QUEST1 target=70168717 DIST                 argc=4 site=70166E1C
gcalls seq=002774 caller=QUEST1 target=70168717 DIST                 argc=4 site=70166E1C
gcalls seq=002775 caller=QUEST2 target=70168717 DIST                 argc=4 site=70166E1C
gcalls seq=002779 caller=QUEST2 target=70168717 DIST                 argc=4 site=70166E1C
gcalls seq=002783 caller=QUEST2 target=70168717 DIST                 argc=4 site=70166E1C
gcalls seq=002787 caller=QUEST1 target=70168717 DIST                 argc=4 site=70166E1C
gcalls seq=002788 caller=QUEST1 target=70168717 DIST                 argc=4 site=70166E1C
gcalls seq=002789 caller=QUEST2 target=70168717 DIST                 argc=4 site=70166E1C
gcalls seq=002793 caller=QUEST2 target=70168717 DIST                 argc=4 site=70166E1C
gcalls seq=002796 caller=QUEST1 target=70168717 DIST                 argc=4 site=70166E1C
gcalls seq=002798 caller=QUEST2 target=70168717 DIST                 argc=4 site=70166E1C
gcalls seq=002802 caller=QUEST1 target=70168717 DIST                 argc=4 site=70166E1C
gcalls seq=002803 caller=QUEST1 target=70168717 DIST                 argc=4 site=70166E1C
gcalls seq=002804 caller=QUEST1 target=70168717 DIST                 argc=4 site=70166E1C
gcalls seq=002805 caller=QUEST2 target=70168717 DIST                 argc=4 site=70166E1C
gcalls seq=002809 caller=QUEST2 target=70168717 DIST                 argc=4 site=70166E1C
gcalls seq=002813 caller=QUEST2 target=70168717 DIST                 argc=4 site=70166E1C
gcalls seq=002817 caller=QUEST1 target=70168717 DIST                 argc=4 site=70166E1C
gcalls seq=002818 caller=QUEST1 target=70168717 DIST                 argc=4 site=70166E1C
gcalls seq=002819 caller=QUEST2 target=70168717 DIST                 argc=4 site=70166E1C
gcalls seq=002823 caller=QUEST2 target=70168717 DIST                 argc=4 site=70166E1C
gcalls seq=002826 caller=QUEST1 target=70168717 DIST                 argc=4 site=70166E1C
gcalls seq=002828 caller=QUEST2 target=70168717 DIST                 argc=4 site=70166E1C
gcalls seq=002832 caller=QUEST1 target=70168717 DIST                 argc=4 site=70166E1C
gcalls seq=002833 caller=QUEST1 target=70168717 DIST                 argc=4 site=70166E1C
gcalls seq=002834 caller=QUEST1 target=70168717 DIST                 argc=4 site=70166E1C
gcalls seq=002835 caller=QUEST2 target=70168717 DIST                 argc=4 site=70166E1C
gcalls seq=002839 caller=QUEST2 target=70168717 DIST                 argc=4 site=70166E1C
gcalls seq=002843 caller=QUEST2 target=70168717 DIST                 argc=4 site=70166E1C
gcalls seq=002847 caller=QUEST1 target=70168717 DIST                 argc=4 site=70166E1C
gcalls seq=002848 caller=QUEST1 target=70168717 DIST                 argc=4 site=70166E1C
gcalls seq=002849 caller=QUEST2 target=70168717 DIST                 argc=4 site=70166E1C
gcalls seq=002853 caller=QUEST2 target=70168717 DIST                 argc=4 site=70166E1C
gcalls seq=002857 caller=QUEST1 target=70168717 DIST                 argc=4 site=70166E1C
gcalls seq=002858 caller=QUEST2 target=70168717 DIST                 argc=4 site=70166E1C
gcalls seq=002862 caller=QUEST1 target=70168717 DIST                 argc=4 site=70166E1C
gcalls seq=002863 caller=QUEST1 target=70168717 DIST                 argc=4 site=70166E1C
gcalls seq=002864 caller=QUEST1 target=70168717 DIST                 argc=4 site=70166E1C
gcalls seq=002865 caller=QUEST2 target=70168717 DIST                 argc=4 site=70166E1C
gcalls seq=002869 caller=QUEST2 target=70168717 DIST                 argc=4 site=70166E1C
gcalls seq=002873 caller=QUEST2 target=70168717 DIST                 argc=4 site=70166E1C
gcalls seq=002884 caller=QUEST1 target=7017CD71 TERRITORY            argc=6 site=701670EE
gcalls seq=002885 caller=QUEST2 target=7017CD71 TERRITORY            argc=6 site=701670EE
gcalls seq=002932 caller=QUEST1 target=701674B5 DISPLAY_INVENTORY    argc=1 site=7016BD33
gcalls seq=002933 caller=QUEST2 target=701674B5 DISPLAY_INVENTORY    argc=1 site=7016BD33
gcalls seq=003130 caller=QUEST1 target=7017C877 TERRAIN              argc=9 site=7015C518
gcalls seq=003131 caller=QUEST1 target=7017821F START_TURN           argc=0 site=7015C5DC
gcalls seq=003132 caller=QUEST2 target=7017C877 TERRAIN              argc=9 site=7015C518
gcalls seq=003133 caller=QUEST2 target=7017821F START_TURN           argc=0 site=7015C5DC
gcalls seq=003142 caller=QUEST1 target=7016AA35 GET_INPUT            argc=1 site=7017826C
gcalls seq=003143 caller=QUEST2 target=7016AA35 GET_INPUT            argc=1 site=7017826C
gcalls seq=003165 caller=QUEST1 target=7016AA35 GET_INPUT            argc=1 site=7017826C
gcalls seq=003166 caller=QUEST2 target=7016AA35 GET_INPUT            argc=1 site=7017826C
gcalls seq=003174 caller=QUEST1 target=70175CBF OWNS                 argc=2 site=70178537
gcalls seq=003175 caller=QUEST1 target=7017A695 STORMS_AT_SEA        argc=1 site=70178808
gcalls seq=003176 caller=QUEST2 target=70175CBF OWNS                 argc=2 site=70178537
gcalls seq=003179 caller=QUEST2 target=7017A695 STORMS_AT_SEA        argc=1 site=70178808
gcalls seq=003180 caller=QUEST1 target=7016FC67 MOVE_FAMILIAR        argc=1 site=7017880F
gcalls seq=003181 caller=QUEST1 target=70177BED SIGNAL_TURN          argc=0 site=7017883D
gcalls seq=003182 caller=QUEST2 target=7016FC67 MOVE_FAMILIAR        argc=1 site=7017880F
gcalls seq=003183 caller=QUEST2 target=70177BED SIGNAL_TURN          argc=0 site=7017883D
gcalls seq=003191 caller=QUEST1 target=70169B0F LOCK_FILE            argc=2 site=70177F0B
gcalls seq=003192 caller=QUEST2 target=70169B0F LOCK_FILE            argc=2 site=70177F0B
gcalls seq=003207 caller=QUEST1 target=70176797 REGEN_SPELLS         argc=0 site=70178865
gcalls seq=003208 caller=QUEST2 target=70176797 REGEN_SPELLS         argc=0 site=70178865
gcalls seq=003209 caller=QUEST1 target=70166AF9 DISPLAY_SCREEN       argc=1 site=701788CE
gcalls seq=003210 caller=QUEST2 target=70166AF9 DISPLAY_SCREEN       argc=1 site=701788CE
gcalls seq=003211 caller=QUEST1 target=70168717 DIST                 argc=4 site=70166B86
gcalls seq=003212 caller=QUEST1 target=70168717 DIST                 argc=4 site=70166B86
gcalls seq=003213 caller=QUEST1 target=70168717 DIST                 argc=4 site=70166B86
gcalls seq=003214 caller=QUEST2 target=70168717 DIST                 argc=4 site=70166B86
gcalls seq=003218 caller=QUEST2 target=70168717 DIST                 argc=4 site=70166B86
gcalls seq=003222 caller=QUEST2 target=70168717 DIST                 argc=4 site=70166B86
gcalls seq=003226 caller=QUEST1 target=70168717 DIST                 argc=4 site=70166E1C
gcalls seq=003227 caller=QUEST1 target=70168717 DIST                 argc=4 site=70166E1C
gcalls seq=003228 caller=QUEST1 target=70168717 DIST                 argc=4 site=70166E1C
gcalls seq=003229 caller=QUEST2 target=70168717 DIST                 argc=4 site=70166E1C
gcalls seq=003233 caller=QUEST2 target=70168717 DIST                 argc=4 site=70166E1C
gcalls seq=003237 caller=QUEST2 target=70168717 DIST                 argc=4 site=70166E1C
gcalls seq=003241 caller=QUEST1 target=70168717 DIST                 argc=4 site=70166E1C
gcalls seq=003242 caller=QUEST1 target=70168717 DIST                 argc=4 site=70166E1C
gcalls seq=003243 caller=QUEST1 target=70168717 DIST                 argc=4 site=70166E1C
gcalls seq=003244 caller=QUEST2 target=70168717 DIST                 argc=4 site=70166E1C
gcalls seq=003248 caller=QUEST2 target=70168717 DIST                 argc=4 site=70166E1C
gcalls seq=003252 caller=QUEST2 target=70168717 DIST                 argc=4 site=70166E1C
gcalls seq=003256 caller=QUEST1 target=70168717 DIST                 argc=4 site=70166E1C
gcalls seq=003257 caller=QUEST1 target=70168717 DIST                 argc=4 site=70166E1C
gcalls seq=003258 caller=QUEST2 target=70168717 DIST                 argc=4 site=70166E1C
gcalls seq=003262 caller=QUEST2 target=70168717 DIST                 argc=4 site=70166E1C
gcalls seq=003265 caller=QUEST1 target=70168717 DIST                 argc=4 site=70166E1C
gcalls seq=003267 caller=QUEST2 target=70168717 DIST                 argc=4 site=70166E1C
gcalls seq=003271 caller=QUEST1 target=70168717 DIST                 argc=4 site=70166E1C
gcalls seq=003272 caller=QUEST1 target=70168717 DIST                 argc=4 site=70166E1C
gcalls seq=003273 caller=QUEST1 target=70168717 DIST                 argc=4 site=70166E1C
gcalls seq=003274 caller=QUEST2 target=70168717 DIST                 argc=4 site=70166E1C
gcalls seq=003278 caller=QUEST2 target=70168717 DIST                 argc=4 site=70166E1C
gcalls seq=003282 caller=QUEST2 target=70168717 DIST                 argc=4 site=70166E1C
gcalls seq=003286 caller=QUEST1 target=70168717 DIST                 argc=4 site=70166E1C
gcalls seq=003287 caller=QUEST1 target=70168717 DIST                 argc=4 site=70166E1C
gcalls seq=003288 caller=QUEST1 target=70168717 DIST                 argc=4 site=70166E1C
gcalls seq=003289 caller=QUEST2 target=70168717 DIST                 argc=4 site=70166E1C
gcalls seq=003293 caller=QUEST2 target=70168717 DIST                 argc=4 site=70166E1C
gcalls seq=003297 caller=QUEST2 target=70168717 DIST                 argc=4 site=70166E1C
gcalls seq=003300 caller=QUEST1 target=70168717 DIST                 argc=4 site=70166E1C
gcalls seq=003302 caller=QUEST2 target=70168717 DIST                 argc=4 site=70166E1C
gcalls seq=003306 caller=QUEST1 target=70168717 DIST                 argc=4 site=70166E1C
gcalls seq=003307 caller=QUEST1 target=70168717 DIST                 argc=4 site=70166E1C
gcalls seq=003308 caller=QUEST2 target=70168717 DIST                 argc=4 site=70166E1C
gcalls seq=003312 caller=QUEST2 target=70168717 DIST                 argc=4 site=70166E1C
gcalls seq=003316 caller=QUEST1 target=70168717 DIST                 argc=4 site=70166E1C
gcalls seq=003317 caller=QUEST1 target=70168717 DIST                 argc=4 site=70166E1C
gcalls seq=003318 caller=QUEST1 target=70168717 DIST                 argc=4 site=70166E1C
gcalls seq=003319 caller=QUEST2 target=70168717 DIST                 argc=4 site=70166E1C
gcalls seq=003323 caller=QUEST2 target=70168717 DIST                 argc=4 site=70166E1C
gcalls seq=003327 caller=QUEST2 target=70168717 DIST                 argc=4 site=70166E1C
gcalls seq=003331 caller=QUEST1 target=70168717 DIST                 argc=4 site=70166E1C
gcalls seq=003332 caller=QUEST1 target=70168717 DIST                 argc=4 site=70166E1C
gcalls seq=003333 caller=QUEST2 target=70168717 DIST                 argc=4 site=70166E1C
gcalls seq=003337 caller=QUEST2 target=70168717 DIST                 argc=4 site=70166E1C
gcalls seq=003341 caller=QUEST1 target=70168717 DIST                 argc=4 site=70166E1C
gcalls seq=003342 caller=QUEST2 target=70168717 DIST                 argc=4 site=70166E1C
gcalls seq=003346 caller=QUEST1 target=70168717 DIST                 argc=4 site=70166E1C
gcalls seq=003347 caller=QUEST1 target=70168717 DIST                 argc=4 site=70166E1C
gcalls seq=003348 caller=QUEST1 target=70168717 DIST                 argc=4 site=70166E1C
gcalls seq=003349 caller=QUEST2 target=70168717 DIST                 argc=4 site=70166E1C
gcalls seq=003353 caller=QUEST2 target=70168717 DIST                 argc=4 site=70166E1C
gcalls seq=003357 caller=QUEST2 target=70168717 DIST                 argc=4 site=70166E1C
gcalls seq=003361 caller=QUEST1 target=70168717 DIST                 argc=4 site=70166E1C
gcalls seq=003362 caller=QUEST1 target=70168717 DIST                 argc=4 site=70166E1C
gcalls seq=003363 caller=QUEST1 target=70168717 DIST                 argc=4 site=70166E1C
gcalls seq=003364 caller=QUEST2 target=70168717 DIST                 argc=4 site=70166E1C
gcalls seq=003368 caller=QUEST2 target=70168717 DIST                 argc=4 site=70166E1C
gcalls seq=003372 caller=QUEST2 target=70168717 DIST                 argc=4 site=70166E1C
gcalls seq=003376 caller=QUEST1 target=70168717 DIST                 argc=4 site=70166E1C
gcalls seq=003377 caller=QUEST1 target=70168717 DIST                 argc=4 site=70166E1C
gcalls seq=003378 caller=QUEST2 target=70168717 DIST                 argc=4 site=70166E1C
gcalls seq=003382 caller=QUEST2 target=70168717 DIST                 argc=4 site=70166E1C
gcalls seq=003384 caller=QUEST1 target=70168717 DIST                 argc=4 site=70166E1C
gcalls seq=003387 caller=QUEST2 target=70168717 DIST                 argc=4 site=70166E1C
gcalls seq=003391 caller=QUEST1 target=70168717 DIST                 argc=4 site=70166E1C
gcalls seq=003392 caller=QUEST1 target=70168717 DIST                 argc=4 site=70166E1C
gcalls seq=003393 caller=QUEST1 target=70168717 DIST                 argc=4 site=70166E1C
gcalls seq=003394 caller=QUEST2 target=70168717 DIST                 argc=4 site=70166E1C
gcalls seq=003398 caller=QUEST2 target=70168717 DIST                 argc=4 site=70166E1C
gcalls seq=003402 caller=QUEST2 target=70168717 DIST                 argc=4 site=70166E1C
gcalls seq=003406 caller=QUEST1 target=70168717 DIST                 argc=4 site=70166E1C
gcalls seq=003407 caller=QUEST2 target=70168717 DIST                 argc=4 site=70166E1C
gcalls seq=003410 caller=QUEST1 target=70168717 DIST                 argc=4 site=70166E1C
gcalls seq=003411 caller=QUEST1 target=70168717 DIST                 argc=4 site=70166E1C
gcalls seq=003413 caller=QUEST2 target=70168717 DIST                 argc=4 site=70166E1C
gcalls seq=003417 caller=QUEST2 target=70168717 DIST                 argc=4 site=70166E1C
gcalls seq=003421 caller=QUEST1 target=70168717 DIST                 argc=4 site=70166E1C
gcalls seq=003422 caller=QUEST1 target=70168717 DIST                 argc=4 site=70166E1C
gcalls seq=003423 caller=QUEST1 target=70168717 DIST                 argc=4 site=70166E1C
gcalls seq=003424 caller=QUEST2 target=70168717 DIST                 argc=4 site=70166E1C
gcalls seq=003428 caller=QUEST2 target=70168717 DIST                 argc=4 site=70166E1C
gcalls seq=003432 caller=QUEST2 target=70168717 DIST                 argc=4 site=70166E1C
gcalls seq=003436 caller=QUEST1 target=70168717 DIST                 argc=4 site=70166E1C
gcalls seq=003437 caller=QUEST1 target=70168717 DIST                 argc=4 site=70166E1C
gcalls seq=003438 caller=QUEST1 target=70168717 DIST                 argc=4 site=70166E1C
gcalls seq=003439 caller=QUEST2 target=70168717 DIST                 argc=4 site=70166E1C
gcalls seq=003443 caller=QUEST2 target=70168717 DIST                 argc=4 site=70166E1C
gcalls seq=003447 caller=QUEST2 target=70168717 DIST                 argc=4 site=70166E1C
gcalls seq=003451 caller=QUEST1 target=70168717 DIST                 argc=4 site=70166E1C
gcalls seq=003452 caller=QUEST1 target=70168717 DIST                 argc=4 site=70166E1C
gcalls seq=003453 caller=QUEST1 target=70168717 DIST                 argc=4 site=70166E1C
gcalls seq=003454 caller=QUEST2 target=70168717 DIST                 argc=4 site=70166E1C
gcalls seq=003458 caller=QUEST2 target=70168717 DIST                 argc=4 site=70166E1C
gcalls seq=003462 caller=QUEST2 target=70168717 DIST                 argc=4 site=70166E1C
gcalls seq=003466 caller=QUEST1 target=70168717 DIST                 argc=4 site=70166E1C
gcalls seq=003467 caller=QUEST2 target=70168717 DIST                 argc=4 site=70166E1C
gcalls seq=003471 caller=QUEST1 target=70168717 DIST                 argc=4 site=70166E1C
gcalls seq=003472 caller=QUEST1 target=70168717 DIST                 argc=4 site=70166E1C
gcalls seq=003473 caller=QUEST2 target=70168717 DIST                 argc=4 site=70166E1C
gcalls seq=003477 caller=QUEST2 target=70168717 DIST                 argc=4 site=70166E1C
gcalls seq=003481 caller=QUEST1 target=70168717 DIST                 argc=4 site=70166E1C
gcalls seq=003482 caller=QUEST1 target=70168717 DIST                 argc=4 site=70166E1C
gcalls seq=003483 caller=QUEST1 target=70168717 DIST                 argc=4 site=70166E1C
gcalls seq=003484 caller=QUEST2 target=70168717 DIST                 argc=4 site=70166E1C
gcalls seq=003488 caller=QUEST2 target=70168717 DIST                 argc=4 site=70166E1C
gcalls seq=003492 caller=QUEST2 target=70168717 DIST                 argc=4 site=70166E1C
gcalls seq=003496 caller=QUEST1 target=70168717 DIST                 argc=4 site=70166E1C
gcalls seq=003497 caller=QUEST1 target=70168717 DIST                 argc=4 site=70166E1C
gcalls seq=003498 caller=QUEST1 target=70168717 DIST                 argc=4 site=70166E1C
gcalls seq=003499 caller=QUEST2 target=70168717 DIST                 argc=4 site=70166E1C
gcalls seq=003503 caller=QUEST2 target=70168717 DIST                 argc=4 site=70166E1C
gcalls seq=003507 caller=QUEST2 target=70168717 DIST                 argc=4 site=70166E1C
gcalls seq=003511 caller=QUEST1 target=70168717 DIST                 argc=4 site=70166E1C
gcalls seq=003512 caller=QUEST1 target=70168717 DIST                 argc=4 site=70166E1C
gcalls seq=003513 caller=QUEST1 target=70168717 DIST                 argc=4 site=70166E1C
gcalls seq=003514 caller=QUEST2 target=70168717 DIST                 argc=4 site=70166E1C
gcalls seq=003518 caller=QUEST2 target=70168717 DIST                 argc=4 site=70166E1C
gcalls seq=003522 caller=QUEST2 target=70168717 DIST                 argc=4 site=70166E1C
gcalls seq=003526 caller=QUEST1 target=70168717 DIST                 argc=4 site=70166E1C
gcalls seq=003527 caller=QUEST1 target=70168717 DIST                 argc=4 site=70166E1C
gcalls seq=003528 caller=QUEST1 target=70168717 DIST                 argc=4 site=70166E1C
gcalls seq=003529 caller=QUEST2 target=70168717 DIST                 argc=4 site=70166E1C
gcalls seq=003533 caller=QUEST2 target=70168717 DIST                 argc=4 site=70166E1C
gcalls seq=003537 caller=QUEST2 target=70168717 DIST                 argc=4 site=70166E1C
gcalls seq=003540 caller=QUEST1 target=70168717 DIST                 argc=4 site=70166E1C
gcalls seq=003542 caller=QUEST2 target=70168717 DIST                 argc=4 site=70166E1C
gcalls seq=003545 caller=QUEST1 target=70168717 DIST                 argc=4 site=70166E1C
gcalls seq=003546 caller=QUEST1 target=70168717 DIST                 argc=4 site=70166E1C
gcalls seq=003548 caller=QUEST2 target=70168717 DIST                 argc=4 site=70166E1C
gcalls seq=003552 caller=QUEST2 target=70168717 DIST                 argc=4 site=70166E1C
gcalls seq=003556 caller=QUEST1 target=70168717 DIST                 argc=4 site=70166E1C
gcalls seq=003557 caller=QUEST1 target=70168717 DIST                 argc=4 site=70166E1C
gcalls seq=003558 caller=QUEST1 target=70168717 DIST                 argc=4 site=70166E1C
gcalls seq=003559 caller=QUEST2 target=70168717 DIST                 argc=4 site=70166E1C
gcalls seq=003563 caller=QUEST2 target=70168717 DIST                 argc=4 site=70166E1C
gcalls seq=003567 caller=QUEST2 target=70168717 DIST                 argc=4 site=70166E1C
gcalls seq=003571 caller=QUEST1 target=70168717 DIST                 argc=4 site=70166E1C
gcalls seq=003572 caller=QUEST2 target=70168717 DIST                 argc=4 site=70166E1C
gcalls seq=003576 caller=QUEST1 target=70168717 DIST                 argc=4 site=70166E1C
gcalls seq=003577 caller=QUEST1 target=70168717 DIST                 argc=4 site=70166E1C
gcalls seq=003578 caller=QUEST2 target=70168717 DIST                 argc=4 site=70166E1C
gcalls seq=003582 caller=QUEST2 target=70168717 DIST                 argc=4 site=70166E1C
gcalls seq=003586 caller=QUEST1 target=70168717 DIST                 argc=4 site=70166E1C
gcalls seq=003587 caller=QUEST1 target=70168717 DIST                 argc=4 site=70166E1C
gcalls seq=003588 caller=QUEST1 target=70168717 DIST                 argc=4 site=70166E1C
gcalls seq=003589 caller=QUEST2 target=70168717 DIST                 argc=4 site=70166E1C
gcalls seq=003593 caller=QUEST2 target=70168717 DIST                 argc=4 site=70166E1C
gcalls seq=003597 caller=QUEST2 target=70168717 DIST                 argc=4 site=70166E1C
gcalls seq=003601 caller=QUEST1 target=70168717 DIST                 argc=4 site=70166E1C
gcalls seq=003602 caller=QUEST1 target=70168717 DIST                 argc=4 site=70166E1C
gcalls seq=003603 caller=QUEST2 target=70168717 DIST                 argc=4 site=70166E1C
gcalls seq=003607 caller=QUEST2 target=70168717 DIST                 argc=4 site=70166E1C
gcalls seq=003611 caller=QUEST1 target=70168717 DIST                 argc=4 site=70166E1C
gcalls seq=003612 caller=QUEST1 target=70168717 DIST                 argc=4 site=70166E1C
gcalls seq=003613 caller=QUEST2 target=70168717 DIST                 argc=4 site=70166E1C
gcalls seq=003617 caller=QUEST2 target=70168717 DIST                 argc=4 site=70166E1C
gcalls seq=003619 caller=QUEST1 target=70168717 DIST                 argc=4 site=70166E1C
gcalls seq=003620 caller=QUEST1 target=70168717 DIST                 argc=4 site=70166E1C
gcalls seq=003623 caller=QUEST2 target=70168717 DIST                 argc=4 site=70166E1C
gcalls seq=003627 caller=QUEST2 target=70168717 DIST                 argc=4 site=70166E1C
gcalls seq=003631 caller=QUEST1 target=70168717 DIST                 argc=4 site=70166E1C
gcalls seq=003632 caller=QUEST1 target=70168717 DIST                 argc=4 site=70166E1C
gcalls seq=003633 caller=QUEST1 target=70168717 DIST                 argc=4 site=70166E1C
gcalls seq=003634 caller=QUEST2 target=70168717 DIST                 argc=4 site=70166E1C
gcalls seq=003638 caller=QUEST2 target=70168717 DIST                 argc=4 site=70166E1C
gcalls seq=003642 caller=QUEST2 target=70168717 DIST                 argc=4 site=70166E1C
gcalls seq=003646 caller=QUEST1 target=70168717 DIST                 argc=4 site=70166E1C
gcalls seq=003647 caller=QUEST1 target=70168717 DIST                 argc=4 site=70166E1C
gcalls seq=003648 caller=QUEST1 target=70168717 DIST                 argc=4 site=70166E1C
gcalls seq=003649 caller=QUEST2 target=70168717 DIST                 argc=4 site=70166E1C
gcalls seq=003653 caller=QUEST2 target=70168717 DIST                 argc=4 site=70166E1C
gcalls seq=003657 caller=QUEST2 target=70168717 DIST                 argc=4 site=70166E1C
gcalls seq=003661 caller=QUEST1 target=70168717 DIST                 argc=4 site=70166E1C
gcalls seq=003662 caller=QUEST1 target=70168717 DIST                 argc=4 site=70166E1C
gcalls seq=003663 caller=QUEST2 target=70168717 DIST                 argc=4 site=70166E1C
gcalls seq=003667 caller=QUEST2 target=70168717 DIST                 argc=4 site=70166E1C
gcalls seq=003670 caller=QUEST1 target=70168717 DIST                 argc=4 site=70166E1C
gcalls seq=003672 caller=QUEST2 target=70168717 DIST                 argc=4 site=70166E1C
gcalls seq=003676 caller=QUEST1 target=70168717 DIST                 argc=4 site=70166E1C
gcalls seq=003677 caller=QUEST1 target=70168717 DIST                 argc=4 site=70166E1C
gcalls seq=003678 caller=QUEST1 target=70168717 DIST                 argc=4 site=70166E1C
gcalls seq=003679 caller=QUEST2 target=70168717 DIST                 argc=4 site=70166E1C
gcalls seq=003683 caller=QUEST2 target=70168717 DIST                 argc=4 site=70166E1C
gcalls seq=003687 caller=QUEST2 target=70168717 DIST                 argc=4 site=70166E1C
gcalls seq=003691 caller=QUEST1 target=70168717 DIST                 argc=4 site=70166E1C
gcalls seq=003692 caller=QUEST1 target=70168717 DIST                 argc=4 site=70166E1C
gcalls seq=003693 caller=QUEST2 target=70168717 DIST                 argc=4 site=70166E1C
gcalls seq=003697 caller=QUEST2 target=70168717 DIST                 argc=4 site=70166E1C
gcalls seq=003701 caller=QUEST1 target=70168717 DIST                 argc=4 site=70166E1C
gcalls seq=003702 caller=QUEST2 target=70168717 DIST                 argc=4 site=70166E1C
gcalls seq=003706 caller=QUEST1 target=70168717 DIST                 argc=4 site=70166E1C
gcalls seq=003707 caller=QUEST1 target=70168717 DIST                 argc=4 site=70166E1C
gcalls seq=003708 caller=QUEST1 target=70168717 DIST                 argc=4 site=70166E1C
gcalls seq=003709 caller=QUEST2 target=70168717 DIST                 argc=4 site=70166E1C
gcalls seq=003713 caller=QUEST2 target=70168717 DIST                 argc=4 site=70166E1C
gcalls seq=003717 caller=QUEST2 target=70168717 DIST                 argc=4 site=70166E1C
gcalls seq=003721 caller=QUEST1 target=70168717 DIST                 argc=4 site=70166E1C
gcalls seq=003722 caller=QUEST1 target=70168717 DIST                 argc=4 site=70166E1C
gcalls seq=003723 caller=QUEST1 target=70168717 DIST                 argc=4 site=70166E1C
gcalls seq=003724 caller=QUEST2 target=70168717 DIST                 argc=4 site=70166E1C
gcalls seq=003728 caller=QUEST2 target=70168717 DIST                 argc=4 site=70166E1C
gcalls seq=003732 caller=QUEST2 target=70168717 DIST                 argc=4 site=70166E1C
gcalls seq=003734 caller=QUEST1 target=70168717 DIST                 argc=4 site=70166E1C
gcalls seq=003737 caller=QUEST2 target=70168717 DIST                 argc=4 site=70166E1C
gcalls seq=003739 caller=QUEST1 target=70168717 DIST                 argc=4 site=70166E1C
gcalls seq=003740 caller=QUEST1 target=70168717 DIST                 argc=4 site=70166E1C
gcalls seq=003743 caller=QUEST2 target=70168717 DIST                 argc=4 site=70166E1C
gcalls seq=003747 caller=QUEST2 target=70168717 DIST                 argc=4 site=70166E1C
gcalls seq=003751 caller=QUEST1 target=70168717 DIST                 argc=4 site=70166E1C
gcalls seq=003752 caller=QUEST1 target=70168717 DIST                 argc=4 site=70166E1C
gcalls seq=003753 caller=QUEST1 target=70168717 DIST                 argc=4 site=70166E1C
gcalls seq=003754 caller=QUEST2 target=70168717 DIST                 argc=4 site=70166E1C
gcalls seq=003758 caller=QUEST2 target=70168717 DIST                 argc=4 site=70166E1C
gcalls seq=003762 caller=QUEST2 target=70168717 DIST                 argc=4 site=70166E1C
gcalls seq=003766 caller=QUEST1 target=70168717 DIST                 argc=4 site=70166E1C
gcalls seq=003767 caller=QUEST1 target=70168717 DIST                 argc=4 site=70166E1C
gcalls seq=003768 caller=QUEST2 target=70168717 DIST                 argc=4 site=70166E1C
gcalls seq=003772 caller=QUEST2 target=70168717 DIST                 argc=4 site=70166E1C
gcalls seq=003775 caller=QUEST1 target=70168717 DIST                 argc=4 site=70166E1C
gcalls seq=003777 caller=QUEST2 target=70168717 DIST                 argc=4 site=70166E1C
gcalls seq=003781 caller=QUEST1 target=70168717 DIST                 argc=4 site=70166E1C
gcalls seq=003782 caller=QUEST1 target=70168717 DIST                 argc=4 site=70166E1C
gcalls seq=003783 caller=QUEST1 target=70168717 DIST                 argc=4 site=70166E1C
gcalls seq=003784 caller=QUEST2 target=70168717 DIST                 argc=4 site=70166E1C
gcalls seq=003788 caller=QUEST2 target=70168717 DIST                 argc=4 site=70166E1C
gcalls seq=003792 caller=QUEST2 target=70168717 DIST                 argc=4 site=70166E1C
gcalls seq=003796 caller=QUEST1 target=70168717 DIST                 argc=4 site=70166E1C
gcalls seq=003797 caller=QUEST2 target=70168717 DIST                 argc=4 site=70166E1C
gcalls seq=003801 caller=QUEST1 target=70168717 DIST                 argc=4 site=70166E1C
gcalls seq=003802 caller=QUEST1 target=70168717 DIST                 argc=4 site=70166E1C
gcalls seq=003803 caller=QUEST2 target=70168717 DIST                 argc=4 site=70166E1C
gcalls seq=003807 caller=QUEST2 target=70168717 DIST                 argc=4 site=70166E1C
gcalls seq=003811 caller=QUEST1 target=70168717 DIST                 argc=4 site=70166E1C
gcalls seq=003812 caller=QUEST1 target=70168717 DIST                 argc=4 site=70166E1C
gcalls seq=003813 caller=QUEST1 target=70168717 DIST                 argc=4 site=70166E1C
gcalls seq=003814 caller=QUEST2 target=70168717 DIST                 argc=4 site=70166E1C
gcalls seq=003818 caller=QUEST2 target=70168717 DIST                 argc=4 site=70166E1C
gcalls seq=003822 caller=QUEST2 target=70168717 DIST                 argc=4 site=70166E1C
gcalls seq=003826 caller=QUEST1 target=70168717 DIST                 argc=4 site=70166E1C
gcalls seq=003827 caller=QUEST1 target=70168717 DIST                 argc=4 site=70166E1C
gcalls seq=003828 caller=QUEST1 target=70168717 DIST                 argc=4 site=70166E1C
gcalls seq=003829 caller=QUEST2 target=70168717 DIST                 argc=4 site=70166E1C
gcalls seq=003833 caller=QUEST2 target=70168717 DIST                 argc=4 site=70166E1C
gcalls seq=003837 caller=QUEST2 target=70168717 DIST                 argc=4 site=70166E1C
gcalls seq=003839 caller=QUEST1 target=70168717 DIST                 argc=4 site=70166E1C
gcalls seq=003842 caller=QUEST2 target=70168717 DIST                 argc=4 site=70166E1C
gcalls seq=003845 caller=QUEST1 target=70168717 DIST                 argc=4 site=70166E1C
gcalls seq=003846 caller=QUEST1 target=70168717 DIST                 argc=4 site=70166E1C
gcalls seq=003848 caller=QUEST2 target=70168717 DIST                 argc=4 site=70166E1C
gcalls seq=003852 caller=QUEST2 target=70168717 DIST                 argc=4 site=70166E1C
gcalls seq=003856 caller=QUEST1 target=70168717 DIST                 argc=4 site=70166E1C
gcalls seq=003857 caller=QUEST1 target=70168717 DIST                 argc=4 site=70166E1C
gcalls seq=003858 caller=QUEST1 target=70168717 DIST                 argc=4 site=70166E1C
gcalls seq=003859 caller=QUEST2 target=70168717 DIST                 argc=4 site=70166E1C
gcalls seq=003863 caller=QUEST2 target=70168717 DIST                 argc=4 site=70166E1C
gcalls seq=003867 caller=QUEST2 target=70168717 DIST                 argc=4 site=70166E1C
gcalls seq=003871 caller=QUEST1 target=70168717 DIST                 argc=4 site=70166E1C
gcalls seq=003872 caller=QUEST1 target=70168717 DIST                 argc=4 site=70166E1C
gcalls seq=003873 caller=QUEST2 target=70168717 DIST                 argc=4 site=70166E1C
gcalls seq=003877 caller=QUEST2 target=70168717 DIST                 argc=4 site=70166E1C
gcalls seq=003880 caller=QUEST1 target=70168717 DIST                 argc=4 site=70166E1C
gcalls seq=003882 caller=QUEST2 target=70168717 DIST                 argc=4 site=70166E1C
gcalls seq=003886 caller=QUEST1 target=70168717 DIST                 argc=4 site=70166E1C
gcalls seq=003887 caller=QUEST1 target=70168717 DIST                 argc=4 site=70166E1C
gcalls seq=003888 caller=QUEST1 target=70168717 DIST                 argc=4 site=70166E1C
gcalls seq=003889 caller=QUEST2 target=70168717 DIST                 argc=4 site=70166E1C
gcalls seq=003893 caller=QUEST2 target=70168717 DIST                 argc=4 site=70166E1C
gcalls seq=003897 caller=QUEST2 target=70168717 DIST                 argc=4 site=70166E1C
gcalls seq=003901 caller=QUEST1 target=70168717 DIST                 argc=4 site=70166E1C
gcalls seq=003902 caller=QUEST1 target=70168717 DIST                 argc=4 site=70166E1C
gcalls seq=003903 caller=QUEST2 target=70168717 DIST                 argc=4 site=70166E1C
gcalls seq=003907 caller=QUEST2 target=70168717 DIST                 argc=4 site=70166E1C
gcalls seq=003911 caller=QUEST1 target=70168717 DIST                 argc=4 site=70166E1C
gcalls seq=003912 caller=QUEST2 target=70168717 DIST                 argc=4 site=70166E1C
gcalls seq=003916 caller=QUEST1 target=70168717 DIST                 argc=4 site=70166E1C
gcalls seq=003917 caller=QUEST1 target=70168717 DIST                 argc=4 site=70166E1C
gcalls seq=003918 caller=QUEST1 target=70168717 DIST                 argc=4 site=70166E1C
gcalls seq=003919 caller=QUEST2 target=70168717 DIST                 argc=4 site=70166E1C
gcalls seq=003923 caller=QUEST2 target=70168717 DIST                 argc=4 site=70166E1C
gcalls seq=003927 caller=QUEST2 target=70168717 DIST                 argc=4 site=70166E1C
gcalls seq=003931 caller=QUEST1 target=70168717 DIST                 argc=4 site=70166E1C
gcalls seq=003932 caller=QUEST1 target=70168717 DIST                 argc=4 site=70166E1C
gcalls seq=003933 caller=QUEST1 target=70168717 DIST                 argc=4 site=70166E1C
gcalls seq=003934 caller=QUEST2 target=70168717 DIST                 argc=4 site=70166E1C
gcalls seq=003938 caller=QUEST2 target=70168717 DIST                 argc=4 site=70166E1C
gcalls seq=003942 caller=QUEST2 target=70168717 DIST                 argc=4 site=70166E1C
gcalls seq=003946 caller=QUEST1 target=70168717 DIST                 argc=4 site=70166E1C
gcalls seq=003947 caller=QUEST2 target=70168717 DIST                 argc=4 site=70166E1C
gcalls seq=003950 caller=QUEST1 target=70168717 DIST                 argc=4 site=70166E1C
gcalls seq=003951 caller=QUEST1 target=70168717 DIST                 argc=4 site=70166E1C
gcalls seq=003953 caller=QUEST2 target=70168717 DIST                 argc=4 site=70166E1C
gcalls seq=003957 caller=QUEST2 target=70168717 DIST                 argc=4 site=70166E1C
gcalls seq=003961 caller=QUEST1 target=70168717 DIST                 argc=4 site=70166E1C
gcalls seq=003962 caller=QUEST1 target=70168717 DIST                 argc=4 site=70166E1C
gcalls seq=003963 caller=QUEST1 target=70168717 DIST                 argc=4 site=70166E1C
gcalls seq=003964 caller=QUEST2 target=70168717 DIST                 argc=4 site=70166E1C
gcalls seq=003968 caller=QUEST2 target=70168717 DIST                 argc=4 site=70166E1C
gcalls seq=003972 caller=QUEST2 target=70168717 DIST                 argc=4 site=70166E1C
gcalls seq=003976 caller=QUEST1 target=70168717 DIST                 argc=4 site=70166E1C
gcalls seq=003977 caller=QUEST2 target=70168717 DIST                 argc=4 site=70166E1C
gcalls seq=003981 caller=QUEST1 target=70168717 DIST                 argc=4 site=70166E1C
gcalls seq=003982 caller=QUEST1 target=70168717 DIST                 argc=4 site=70166E1C
gcalls seq=003983 caller=QUEST2 target=70168717 DIST                 argc=4 site=70166E1C
gcalls seq=003987 caller=QUEST2 target=70168717 DIST                 argc=4 site=70166E1C
gcalls seq=003991 caller=QUEST1 target=70168717 DIST                 argc=4 site=70166E1C
gcalls seq=003992 caller=QUEST1 target=70168717 DIST                 argc=4 site=70166E1C
gcalls seq=003993 caller=QUEST1 target=70168717 DIST                 argc=4 site=70166E1C
gcalls seq=003994 caller=QUEST2 target=70168717 DIST                 argc=4 site=70166E1C
gcalls seq=003998 caller=QUEST2 target=70168717 DIST                 argc=4 site=70166E1C
gcalls seq=004002 caller=QUEST2 target=70168717 DIST                 argc=4 site=70166E1C
gcalls seq=004006 caller=QUEST1 target=70168717 DIST                 argc=4 site=70166E1C
gcalls seq=004007 caller=QUEST1 target=70168717 DIST                 argc=4 site=70166E1C
gcalls seq=004008 caller=QUEST2 target=70168717 DIST                 argc=4 site=70166E1C
gcalls seq=004012 caller=QUEST2 target=70168717 DIST                 argc=4 site=70166E1C
gcalls seq=004016 caller=QUEST1 target=70168717 DIST                 argc=4 site=70166E1C
gcalls seq=004017 caller=QUEST2 target=70168717 DIST                 argc=4 site=70166E1C
gcalls seq=004021 caller=QUEST1 target=70168717 DIST                 argc=4 site=70166E1C
gcalls seq=004022 caller=QUEST1 target=70168717 DIST                 argc=4 site=70166E1C
gcalls seq=004023 caller=QUEST1 target=70168717 DIST                 argc=4 site=70166E1C
gcalls seq=004024 caller=QUEST2 target=70168717 DIST                 argc=4 site=70166E1C
gcalls seq=004028 caller=QUEST2 target=70168717 DIST                 argc=4 site=70166E1C
gcalls seq=004032 caller=QUEST2 target=70168717 DIST                 argc=4 site=70166E1C
gcalls seq=004036 caller=QUEST1 target=70168717 DIST                 argc=4 site=70166E1C
gcalls seq=004037 caller=QUEST1 target=70168717 DIST                 argc=4 site=70166E1C
gcalls seq=004038 caller=QUEST1 target=70168717 DIST                 argc=4 site=70166E1C
gcalls seq=004039 caller=QUEST2 target=70168717 DIST                 argc=4 site=70166E1C
gcalls seq=004043 caller=QUEST2 target=70168717 DIST                 argc=4 site=70166E1C
gcalls seq=004047 caller=QUEST2 target=70168717 DIST                 argc=4 site=70166E1C
gcalls seq=004051 caller=QUEST1 target=70168717 DIST                 argc=4 site=70166E1C
gcalls seq=004052 caller=QUEST2 target=70168717 DIST                 argc=4 site=70166E1C
gcalls seq=004055 caller=QUEST1 target=70168717 DIST                 argc=4 site=70166E1C
gcalls seq=004056 caller=QUEST1 target=70168717 DIST                 argc=4 site=70166E1C
gcalls seq=004058 caller=QUEST2 target=70168717 DIST                 argc=4 site=70166E1C
gcalls seq=004062 caller=QUEST2 target=70168717 DIST                 argc=4 site=70166E1C
gcalls seq=004066 caller=QUEST1 target=70168717 DIST                 argc=4 site=70166E1C
gcalls seq=004067 caller=QUEST1 target=70168717 DIST                 argc=4 site=70166E1C
gcalls seq=004068 caller=QUEST1 target=70168717 DIST                 argc=4 site=70166E1C
gcalls seq=004069 caller=QUEST2 target=70168717 DIST                 argc=4 site=70166E1C
gcalls seq=004073 caller=QUEST2 target=70168717 DIST                 argc=4 site=70166E1C
gcalls seq=004077 caller=QUEST2 target=70168717 DIST                 argc=4 site=70166E1C
gcalls seq=004081 caller=QUEST1 target=70168717 DIST                 argc=4 site=70166E1C
gcalls seq=004082 caller=QUEST1 target=70168717 DIST                 argc=4 site=70166E1C
gcalls seq=004083 caller=QUEST2 target=70168717 DIST                 argc=4 site=70166E1C
gcalls seq=004087 caller=QUEST2 target=70168717 DIST                 argc=4 site=70166E1C
gcalls seq=004091 caller=QUEST1 target=70168717 DIST                 argc=4 site=70166E1C
gcalls seq=004092 caller=QUEST2 target=70168717 DIST                 argc=4 site=70166E1C
gcalls seq=004096 caller=QUEST1 target=70168717 DIST                 argc=4 site=70166E1C
gcalls seq=004097 caller=QUEST1 target=70168717 DIST                 argc=4 site=70166E1C
gcalls seq=004098 caller=QUEST1 target=70168717 DIST                 argc=4 site=70166E1C
gcalls seq=004099 caller=QUEST2 target=70168717 DIST                 argc=4 site=70166E1C
gcalls seq=004103 caller=QUEST2 target=70168717 DIST                 argc=4 site=70166E1C
gcalls seq=004107 caller=QUEST2 target=70168717 DIST                 argc=4 site=70166E1C
gcalls seq=004111 caller=QUEST1 target=70168717 DIST                 argc=4 site=70166E1C
gcalls seq=004112 caller=QUEST1 target=70168717 DIST                 argc=4 site=70166E1C
gcalls seq=004113 caller=QUEST1 target=70168717 DIST                 argc=4 site=70166E1C
gcalls seq=004114 caller=QUEST2 target=70168717 DIST                 argc=4 site=70166E1C
gcalls seq=004118 caller=QUEST2 target=70168717 DIST                 argc=4 site=70166E1C
gcalls seq=004122 caller=QUEST2 target=70168717 DIST                 argc=4 site=70166E1C
gcalls seq=004126 caller=QUEST1 target=70168717 DIST                 argc=4 site=70166E1C
gcalls seq=004127 caller=QUEST2 target=70168717 DIST                 argc=4 site=70166E1C
gcalls seq=004131 caller=QUEST1 target=70168717 DIST                 argc=4 site=70166E1C
gcalls seq=004132 caller=QUEST1 target=70168717 DIST                 argc=4 site=70166E1C
gcalls seq=004133 caller=QUEST2 target=70168717 DIST                 argc=4 site=70166E1C
gcalls seq=004137 caller=QUEST2 target=70168717 DIST                 argc=4 site=70166E1C
gcalls seq=004141 caller=QUEST1 target=70168717 DIST                 argc=4 site=70166E1C
gcalls seq=004142 caller=QUEST1 target=70168717 DIST                 argc=4 site=70166E1C
gcalls seq=004143 caller=QUEST1 target=70168717 DIST                 argc=4 site=70166E1C
gcalls seq=004144 caller=QUEST2 target=70168717 DIST                 argc=4 site=70166E1C
gcalls seq=004148 caller=QUEST2 target=70168717 DIST                 argc=4 site=70166E1C
gcalls seq=004152 caller=QUEST2 target=70168717 DIST                 argc=4 site=70166E1C
gcalls seq=004156 caller=QUEST1 target=70168717 DIST                 argc=4 site=70166E1C
gcalls seq=004157 caller=QUEST1 target=70168717 DIST                 argc=4 site=70166E1C
gcalls seq=004158 caller=QUEST1 target=70168717 DIST                 argc=4 site=70166E1C
gcalls seq=004159 caller=QUEST2 target=70168717 DIST                 argc=4 site=70166E1C
gcalls seq=004163 caller=QUEST2 target=70168717 DIST                 argc=4 site=70166E1C
gcalls seq=004167 caller=QUEST2 target=70168717 DIST                 argc=4 site=70166E1C
gcalls seq=004169 caller=QUEST1 target=70168717 DIST                 argc=4 site=70166E1C
gcalls seq=004172 caller=QUEST2 target=70168717 DIST                 argc=4 site=70166E1C
gcalls seq=004174 caller=QUEST1 target=70168717 DIST                 argc=4 site=70166E1C
gcalls seq=004175 caller=QUEST1 target=70168717 DIST                 argc=4 site=70166E1C
gcalls seq=004178 caller=QUEST2 target=70168717 DIST                 argc=4 site=70166E1C
gcalls seq=004182 caller=QUEST2 target=70168717 DIST                 argc=4 site=70166E1C
gcalls seq=004186 caller=QUEST1 target=70168717 DIST                 argc=4 site=70166E1C
gcalls seq=004187 caller=QUEST1 target=70168717 DIST                 argc=4 site=70166E1C
gcalls seq=004188 caller=QUEST1 target=70168717 DIST                 argc=4 site=70166E1C
gcalls seq=004189 caller=QUEST2 target=70168717 DIST                 argc=4 site=70166E1C
gcalls seq=004193 caller=QUEST2 target=70168717 DIST                 argc=4 site=70166E1C
gcalls seq=004197 caller=QUEST2 target=70168717 DIST                 argc=4 site=70166E1C
gcalls seq=004201 caller=QUEST1 target=70168717 DIST                 argc=4 site=70166E1C
gcalls seq=004202 caller=QUEST1 target=70168717 DIST                 argc=4 site=70166E1C
gcalls seq=004203 caller=QUEST2 target=70168717 DIST                 argc=4 site=70166E1C
gcalls seq=004207 caller=QUEST2 target=70168717 DIST                 argc=4 site=70166E1C
gcalls seq=004210 caller=QUEST1 target=70168717 DIST                 argc=4 site=70166E1C
gcalls seq=004212 caller=QUEST2 target=70168717 DIST                 argc=4 site=70166E1C
gcalls seq=004216 caller=QUEST1 target=70168717 DIST                 argc=4 site=70166E1C
gcalls seq=004217 caller=QUEST1 target=70168717 DIST                 argc=4 site=70166E1C
gcalls seq=004218 caller=QUEST1 target=70168717 DIST                 argc=4 site=70166E1C
gcalls seq=004219 caller=QUEST2 target=70168717 DIST                 argc=4 site=70166E1C
gcalls seq=004223 caller=QUEST2 target=70168717 DIST                 argc=4 site=70166E1C
gcalls seq=004227 caller=QUEST2 target=70168717 DIST                 argc=4 site=70166E1C
gcalls seq=004231 caller=QUEST1 target=70168717 DIST                 argc=4 site=70166E1C
gcalls seq=004232 caller=QUEST1 target=70168717 DIST                 argc=4 site=70166E1C
gcalls seq=004233 caller=QUEST2 target=70168717 DIST                 argc=4 site=70166E1C
gcalls seq=004237 caller=QUEST2 target=70168717 DIST                 argc=4 site=70166E1C
gcalls seq=004241 caller=QUEST1 target=70168717 DIST                 argc=4 site=70166E1C
gcalls seq=004242 caller=QUEST2 target=70168717 DIST                 argc=4 site=70166E1C
gcalls seq=004246 caller=QUEST1 target=70168717 DIST                 argc=4 site=70166E1C
gcalls seq=004247 caller=QUEST1 target=70168717 DIST                 argc=4 site=70166E1C
gcalls seq=004248 caller=QUEST1 target=70168717 DIST                 argc=4 site=70166E1C
gcalls seq=004249 caller=QUEST2 target=70168717 DIST                 argc=4 site=70166E1C
gcalls seq=004253 caller=QUEST2 target=70168717 DIST                 argc=4 site=70166E1C
gcalls seq=004257 caller=QUEST2 target=70168717 DIST                 argc=4 site=70166E1C
gcalls seq=004261 caller=QUEST1 target=70168717 DIST                 argc=4 site=70166E1C
gcalls seq=004262 caller=QUEST1 target=70168717 DIST                 argc=4 site=70166E1C
gcalls seq=004263 caller=QUEST1 target=70168717 DIST                 argc=4 site=70166E1C
gcalls seq=004264 caller=QUEST2 target=70168717 DIST                 argc=4 site=70166E1C
gcalls seq=004268 caller=QUEST2 target=70168717 DIST                 argc=4 site=70166E1C
gcalls seq=004272 caller=QUEST2 target=70168717 DIST                 argc=4 site=70166E1C
gcalls seq=004276 caller=QUEST1 target=70168717 DIST                 argc=4 site=70166E1C
gcalls seq=004277 caller=QUEST1 target=70168717 DIST                 argc=4 site=70166E1C
gcalls seq=004278 caller=QUEST2 target=70168717 DIST                 argc=4 site=70166E1C
gcalls seq=004282 caller=QUEST2 target=70168717 DIST                 argc=4 site=70166E1C
gcalls seq=004283 caller=QUEST1 target=70168717 DIST                 argc=4 site=70166E1C
gcalls seq=004287 caller=QUEST2 target=70168717 DIST                 argc=4 site=70166E1C
gcalls seq=004291 caller=QUEST1 target=70168717 DIST                 argc=4 site=70166E1C
gcalls seq=004292 caller=QUEST1 target=70168717 DIST                 argc=4 site=70166E1C
gcalls seq=004293 caller=QUEST1 target=70168717 DIST                 argc=4 site=70166E1C
gcalls seq=004294 caller=QUEST2 target=70168717 DIST                 argc=4 site=70166E1C
gcalls seq=004298 caller=QUEST2 target=70168717 DIST                 argc=4 site=70166E1C
gcalls seq=004302 caller=QUEST2 target=70168717 DIST                 argc=4 site=70166E1C
gcalls seq=004306 caller=QUEST1 target=70168717 DIST                 argc=4 site=70166E1C
gcalls seq=004307 caller=QUEST1 target=70168717 DIST                 argc=4 site=70166E1C
gcalls seq=004308 caller=QUEST1 target=70168717 DIST                 argc=4 site=70166E1C
gcalls seq=004309 caller=QUEST2 target=70168717 DIST                 argc=4 site=70166E1C
gcalls seq=004313 caller=QUEST2 target=70168717 DIST                 argc=4 site=70166E1C
gcalls seq=004317 caller=QUEST2 target=70168717 DIST                 argc=4 site=70166E1C
gcalls seq=004320 caller=QUEST1 target=70168717 DIST                 argc=4 site=70166E1C
gcalls seq=004322 caller=QUEST2 target=70168717 DIST                 argc=4 site=70166E1C
gcalls seq=004325 caller=QUEST1 target=70168717 DIST                 argc=4 site=70166E1C
gcalls seq=004326 caller=QUEST1 target=70168717 DIST                 argc=4 site=70166E1C
gcalls seq=004328 caller=QUEST2 target=70168717 DIST                 argc=4 site=70166E1C
gcalls seq=004332 caller=QUEST2 target=70168717 DIST                 argc=4 site=70166E1C
gcalls seq=004336 caller=QUEST1 target=70168717 DIST                 argc=4 site=70166E1C
gcalls seq=004337 caller=QUEST1 target=70168717 DIST                 argc=4 site=70166E1C
gcalls seq=004338 caller=QUEST1 target=70168717 DIST                 argc=4 site=70166E1C
gcalls seq=004339 caller=QUEST2 target=70168717 DIST                 argc=4 site=70166E1C
gcalls seq=004343 caller=QUEST2 target=70168717 DIST                 argc=4 site=70166E1C
gcalls seq=004347 caller=QUEST2 target=70168717 DIST                 argc=4 site=70166E1C
gcalls seq=004351 caller=QUEST1 target=70168717 DIST                 argc=4 site=70166E1C
gcalls seq=004352 caller=QUEST1 target=70168717 DIST                 argc=4 site=70166E1C
gcalls seq=004353 caller=QUEST2 target=70168717 DIST                 argc=4 site=70166E1C
gcalls seq=004357 caller=QUEST2 target=70168717 DIST                 argc=4 site=70166E1C
gcalls seq=004361 caller=QUEST1 target=70168717 DIST                 argc=4 site=70166E1C
gcalls seq=004362 caller=QUEST2 target=70168717 DIST                 argc=4 site=70166E1C
gcalls seq=004366 caller=QUEST1 target=70168717 DIST                 argc=4 site=70166E1C
gcalls seq=004367 caller=QUEST1 target=70168717 DIST                 argc=4 site=70166E1C
gcalls seq=004368 caller=QUEST1 target=70168717 DIST                 argc=4 site=70166E1C
gcalls seq=004369 caller=QUEST2 target=70168717 DIST                 argc=4 site=70166E1C
gcalls seq=004373 caller=QUEST2 target=70168717 DIST                 argc=4 site=70166E1C
gcalls seq=004377 caller=QUEST2 target=70168717 DIST                 argc=4 site=70166E1C
gcalls seq=004381 caller=QUEST1 target=70168717 DIST                 argc=4 site=70166E1C
gcalls seq=004382 caller=QUEST1 target=70168717 DIST                 argc=4 site=70166E1C
gcalls seq=004383 caller=QUEST2 target=70168717 DIST                 argc=4 site=70166E1C
gcalls seq=004387 caller=QUEST2 target=70168717 DIST                 argc=4 site=70166E1C
gcalls seq=004391 caller=QUEST1 target=70168717 DIST                 argc=4 site=70166E1C
gcalls seq=004392 caller=QUEST2 target=70168717 DIST                 argc=4 site=70166E1C
gcalls seq=004396 caller=QUEST1 target=70168717 DIST                 argc=4 site=70166E1C
gcalls seq=004397 caller=QUEST1 target=70168717 DIST                 argc=4 site=70166E1C
gcalls seq=004398 caller=QUEST1 target=70168717 DIST                 argc=4 site=70166E1C
gcalls seq=004399 caller=QUEST2 target=70168717 DIST                 argc=4 site=70166E1C
gcalls seq=004403 caller=QUEST2 target=70168717 DIST                 argc=4 site=70166E1C
gcalls seq=004407 caller=QUEST2 target=70168717 DIST                 argc=4 site=70166E1C
gcalls seq=004411 caller=QUEST1 target=70168717 DIST                 argc=4 site=70166E1C
gcalls seq=004412 caller=QUEST1 target=70168717 DIST                 argc=4 site=70166E1C
gcalls seq=004413 caller=QUEST1 target=70168717 DIST                 argc=4 site=70166E1C
gcalls seq=004414 caller=QUEST2 target=70168717 DIST                 argc=4 site=70166E1C
gcalls seq=004418 caller=QUEST2 target=70168717 DIST                 argc=4 site=70166E1C
gcalls seq=004422 caller=QUEST2 target=70168717 DIST                 argc=4 site=70166E1C
gcalls seq=004426 caller=QUEST1 target=70168717 DIST                 argc=4 site=70166E1C
gcalls seq=004427 caller=QUEST1 target=70168717 DIST                 argc=4 site=70166E1C
gcalls seq=004428 caller=QUEST2 target=70168717 DIST                 argc=4 site=70166E1C
gcalls seq=004432 caller=QUEST2 target=70168717 DIST                 argc=4 site=70166E1C
gcalls seq=004435 caller=QUEST1 target=70168717 DIST                 argc=4 site=70166E1C
gcalls seq=004437 caller=QUEST2 target=70168717 DIST                 argc=4 site=70166E1C
gcalls seq=004441 caller=QUEST1 target=70168717 DIST                 argc=4 site=70166E1C
gcalls seq=004442 caller=QUEST1 target=70168717 DIST                 argc=4 site=70166E1C
gcalls seq=004443 caller=QUEST1 target=70168717 DIST                 argc=4 site=70166E1C
gcalls seq=004444 caller=QUEST2 target=70168717 DIST                 argc=4 site=70166E1C
gcalls seq=004448 caller=QUEST2 target=70168717 DIST                 argc=4 site=70166E1C
gcalls seq=004452 caller=QUEST2 target=70168717 DIST                 argc=4 site=70166E1C
gcalls seq=004456 caller=QUEST1 target=70168717 DIST                 argc=4 site=70166E1C
gcalls seq=004457 caller=QUEST1 target=70168717 DIST                 argc=4 site=70166E1C
gcalls seq=004458 caller=QUEST1 target=70168717 DIST                 argc=4 site=70166E1C
gcalls seq=004459 caller=QUEST2 target=70168717 DIST                 argc=4 site=70166E1C
gcalls seq=004463 caller=QUEST2 target=70168717 DIST                 argc=4 site=70166E1C
gcalls seq=004467 caller=QUEST2 target=70168717 DIST                 argc=4 site=70166E1C
gcalls seq=004470 caller=QUEST1 target=70168717 DIST                 argc=4 site=70166E1C
gcalls seq=004472 caller=QUEST2 target=70168717 DIST                 argc=4 site=70166E1C
gcalls seq=004476 caller=QUEST1 target=70168717 DIST                 argc=4 site=70166E1C
gcalls seq=004477 caller=QUEST1 target=70168717 DIST                 argc=4 site=70166E1C
gcalls seq=004478 caller=QUEST2 target=70168717 DIST                 argc=4 site=70166E1C
gcalls seq=004482 caller=QUEST2 target=70168717 DIST                 argc=4 site=70166E1C
gcalls seq=004486 caller=QUEST1 target=70168717 DIST                 argc=4 site=70166E1C
gcalls seq=004487 caller=QUEST1 target=70168717 DIST                 argc=4 site=70166E1C
gcalls seq=004488 caller=QUEST1 target=70168717 DIST                 argc=4 site=70166E1C
gcalls seq=004489 caller=QUEST2 target=70168717 DIST                 argc=4 site=70166E1C
gcalls seq=004493 caller=QUEST2 target=70168717 DIST                 argc=4 site=70166E1C
gcalls seq=004497 caller=QUEST2 target=70168717 DIST                 argc=4 site=70166E1C
gcalls seq=004501 caller=QUEST1 target=70168717 DIST                 argc=4 site=70166E1C
gcalls seq=004502 caller=QUEST1 target=70168717 DIST                 argc=4 site=70166E1C
gcalls seq=004503 caller=QUEST2 target=70168717 DIST                 argc=4 site=70166E1C
gcalls seq=004507 caller=QUEST2 target=70168717 DIST                 argc=4 site=70166E1C
gcalls seq=004511 caller=QUEST1 target=70168717 DIST                 argc=4 site=70166E1C
gcalls seq=004512 caller=QUEST2 target=70168717 DIST                 argc=4 site=70166E1C
gcalls seq=004516 caller=QUEST1 target=70168717 DIST                 argc=4 site=70166E1C
gcalls seq=004517 caller=QUEST1 target=70168717 DIST                 argc=4 site=70166E1C
gcalls seq=004518 caller=QUEST1 target=70168717 DIST                 argc=4 site=70166E1C
gcalls seq=004519 caller=QUEST2 target=70168717 DIST                 argc=4 site=70166E1C
gcalls seq=004523 caller=QUEST2 target=70168717 DIST                 argc=4 site=70166E1C
gcalls seq=004527 caller=QUEST2 target=70168717 DIST                 argc=4 site=70166E1C
gcalls seq=004531 caller=QUEST1 target=70168717 DIST                 argc=4 site=70166E1C
gcalls seq=004532 caller=QUEST1 target=70168717 DIST                 argc=4 site=70166E1C
gcalls seq=004533 caller=QUEST1 target=70168717 DIST                 argc=4 site=70166E1C
gcalls seq=004534 caller=QUEST2 target=70168717 DIST                 argc=4 site=70166E1C
gcalls seq=004538 caller=QUEST2 target=70168717 DIST                 argc=4 site=70166E1C
gcalls seq=004542 caller=QUEST2 target=70168717 DIST                 argc=4 site=70166E1C
gcalls seq=004546 caller=QUEST1 target=70168717 DIST                 argc=4 site=70166E1C
gcalls seq=004547 caller=QUEST2 target=70168717 DIST                 argc=4 site=70166E1C
gcalls seq=004549 caller=QUEST1 target=70168717 DIST                 argc=4 site=70166E1C
gcalls seq=004550 caller=QUEST1 target=70168717 DIST                 argc=4 site=70166E1C
gcalls seq=004553 caller=QUEST2 target=70168717 DIST                 argc=4 site=70166E1C
gcalls seq=004557 caller=QUEST2 target=70168717 DIST                 argc=4 site=70166E1C
gcalls seq=004561 caller=QUEST1 target=70168717 DIST                 argc=4 site=70166E1C
gcalls seq=004562 caller=QUEST1 target=70168717 DIST                 argc=4 site=70166E1C
gcalls seq=004563 caller=QUEST1 target=70168717 DIST                 argc=4 site=70166E1C
gcalls seq=004564 caller=QUEST2 target=70168717 DIST                 argc=4 site=70166E1C
gcalls seq=004568 caller=QUEST2 target=70168717 DIST                 argc=4 site=70166E1C
gcalls seq=004572 caller=QUEST2 target=70168717 DIST                 argc=4 site=70166E1C
gcalls seq=004576 caller=QUEST1 target=70168717 DIST                 argc=4 site=70166E1C
gcalls seq=004577 caller=QUEST1 target=70168717 DIST                 argc=4 site=70166E1C
gcalls seq=004578 caller=QUEST2 target=70168717 DIST                 argc=4 site=70166E1C
gcalls seq=004582 caller=QUEST2 target=70168717 DIST                 argc=4 site=70166E1C
gcalls seq=004585 caller=QUEST1 target=70168717 DIST                 argc=4 site=70166E1C
gcalls seq=004587 caller=QUEST2 target=70168717 DIST                 argc=4 site=70166E1C
gcalls seq=004591 caller=QUEST1 target=70168717 DIST                 argc=4 site=70166E1C
gcalls seq=004592 caller=QUEST1 target=70168717 DIST                 argc=4 site=70166E1C
gcalls seq=004593 caller=QUEST1 target=70168717 DIST                 argc=4 site=70166E1C
gcalls seq=004594 caller=QUEST2 target=70168717 DIST                 argc=4 site=70166E1C
gcalls seq=004598 caller=QUEST2 target=70168717 DIST                 argc=4 site=70166E1C
gcalls seq=004602 caller=QUEST2 target=70168717 DIST                 argc=4 site=70166E1C
gcalls seq=004606 caller=QUEST1 target=70168717 DIST                 argc=4 site=70166E1C
gcalls seq=004607 caller=QUEST1 target=70168717 DIST                 argc=4 site=70166E1C
gcalls seq=004608 caller=QUEST1 target=70168717 DIST                 argc=4 site=70166E1C
gcalls seq=004609 caller=QUEST2 target=70168717 DIST                 argc=4 site=70166E1C
gcalls seq=004613 caller=QUEST2 target=70168717 DIST                 argc=4 site=70166E1C
gcalls seq=004617 caller=QUEST2 target=70168717 DIST                 argc=4 site=70166E1C
gcalls seq=004621 caller=QUEST1 target=70168717 DIST                 argc=4 site=70166E1C
gcalls seq=004622 caller=QUEST2 target=70168717 DIST                 argc=4 site=70166E1C
gcalls seq=004626 caller=QUEST1 target=70168717 DIST                 argc=4 site=70166E1C
gcalls seq=004627 caller=QUEST1 target=70168717 DIST                 argc=4 site=70166E1C
gcalls seq=004628 caller=QUEST2 target=70168717 DIST                 argc=4 site=70166E1C
gcalls seq=004632 caller=QUEST2 target=70168717 DIST                 argc=4 site=70166E1C
gcalls seq=004636 caller=QUEST1 target=70168717 DIST                 argc=4 site=70166E1C
gcalls seq=004637 caller=QUEST1 target=70168717 DIST                 argc=4 site=70166E1C
gcalls seq=004638 caller=QUEST1 target=70168717 DIST                 argc=4 site=70166E1C
gcalls seq=004639 caller=QUEST2 target=70168717 DIST                 argc=4 site=70166E1C
gcalls seq=004643 caller=QUEST2 target=70168717 DIST                 argc=4 site=70166E1C
gcalls seq=004647 caller=QUEST2 target=70168717 DIST                 argc=4 site=70166E1C
gcalls seq=004651 caller=QUEST1 target=70168717 DIST                 argc=4 site=70166E1C
gcalls seq=004652 caller=QUEST1 target=70168717 DIST                 argc=4 site=70166E1C
gcalls seq=004653 caller=QUEST2 target=70168717 DIST                 argc=4 site=70166E1C
gcalls seq=004657 caller=QUEST2 target=70168717 DIST                 argc=4 site=70166E1C
gcalls seq=004661 caller=QUEST1 target=70168717 DIST                 argc=4 site=70166E1C
gcalls seq=004662 caller=QUEST1 target=70168717 DIST                 argc=4 site=70166E1C
gcalls seq=004663 caller=QUEST2 target=70168717 DIST                 argc=4 site=70166E1C
gcalls seq=004667 caller=QUEST2 target=70168717 DIST                 argc=4 site=70166E1C
gcalls seq=004669 caller=QUEST1 target=70168717 DIST                 argc=4 site=70166E1C
gcalls seq=004670 caller=QUEST1 target=70168717 DIST                 argc=4 site=70166E1C
gcalls seq=004673 caller=QUEST2 target=70168717 DIST                 argc=4 site=70166E1C
gcalls seq=004677 caller=QUEST2 target=70168717 DIST                 argc=4 site=70166E1C
gcalls seq=004681 caller=QUEST1 target=70168717 DIST                 argc=4 site=70166E1C
gcalls seq=004682 caller=QUEST1 target=70168717 DIST                 argc=4 site=70166E1C
gcalls seq=004683 caller=QUEST1 target=70168717 DIST                 argc=4 site=70166E1C
gcalls seq=004684 caller=QUEST2 target=70168717 DIST                 argc=4 site=70166E1C
gcalls seq=004688 caller=QUEST2 target=70168717 DIST                 argc=4 site=70166E1C
gcalls seq=004692 caller=QUEST2 target=70168717 DIST                 argc=4 site=70166E1C
gcalls seq=004696 caller=QUEST1 target=70168717 DIST                 argc=4 site=70166E1C
gcalls seq=004697 caller=QUEST1 target=70168717 DIST                 argc=4 site=70166E1C
gcalls seq=004698 caller=QUEST2 target=70168717 DIST                 argc=4 site=70166E1C
gcalls seq=004702 caller=QUEST2 target=70168717 DIST                 argc=4 site=70166E1C
gcalls seq=004705 caller=QUEST1 target=70168717 DIST                 argc=4 site=70166E1C
gcalls seq=004707 caller=QUEST2 target=70168717 DIST                 argc=4 site=70166E1C
gcalls seq=004711 caller=QUEST1 target=7017CD71 TERRITORY            argc=6 site=701670EE
gcalls seq=004712 caller=QUEST2 target=7017CD71 TERRITORY            argc=6 site=701670EE
gcalls seq=004738 caller=QUEST1 target=7017D0ED TOWER_ATTACK         argc=1 site=701788EB
gcalls seq=004739 caller=QUEST2 target=7017D0ED TOWER_ATTACK         argc=1 site=701788EB
gcalls seq=004747 caller=QUEST1 target=70176C0B REPORT               argc=0 site=701788EF
gcalls seq=004748 caller=QUEST1 target=7017B42F THIEF                argc=1 site=701788F6
gcalls seq=004749 caller=QUEST1 target=70161CBF CATAPULT             argc=1 site=701788FD
gcalls seq=004750 caller=QUEST2 target=70176C0B REPORT               argc=0 site=701788EF
gcalls seq=004751 caller=QUEST2 target=7017B42F THIEF                argc=1 site=701788F6
gcalls seq=004752 caller=QUEST2 target=70161CBF CATAPULT             argc=1 site=701788FD
gcalls seq=004753 caller=QUEST1 target=70165863 DEFEND               argc=0 site=7017892C
gcalls seq=004754 caller=QUEST2 target=70165863 DEFEND               argc=0 site=7017892C
gcalls seq=004755 caller=QUEST1 target=701674B5 DISPLAY_INVENTORY    argc=1 site=701789E0
gcalls seq=004756 caller=QUEST2 target=701674B5 DISPLAY_INVENTORY    argc=1 site=701789E0
gcalls seq=004757 caller=QUEST1 target=701674B5 DISPLAY_INVENTORY    argc=1 site=70178BF9
gcalls seq=004758 caller=QUEST2 target=701674B5 DISPLAY_INVENTORY    argc=1 site=70178BF9
gcalls seq=004766 caller=QUEST1 target=7016AA35 GET_INPUT            argc=1 site=70178C3B
gcalls seq=004767 caller=QUEST2 target=7016AA35 GET_INPUT            argc=1 site=70178C3B
gcalls seq=004796 caller=QUEST1 target=701674B5 DISPLAY_INVENTORY    argc=1 site=70178BF9
gcalls seq=004797 caller=QUEST2 target=701674B5 DISPLAY_INVENTORY    argc=1 site=70178BF9
gcalls seq=004805 caller=QUEST1 target=7016AA35 GET_INPUT            argc=1 site=70178C3B
gcalls seq=004806 caller=QUEST2 target=7016AA35 GET_INPUT            argc=1 site=70178C3B
gcalls seq=004835 caller=QUEST1 target=7015FA73 AUTO_MOVE            argc=2 site=70178D52
gcalls seq=004836 caller=QUEST2 target=7015FA73 AUTO_MOVE            argc=2 site=70178D52
gcalls seq=004845 caller=QUEST1 target=7016AA35 GET_INPUT            argc=1 site=7015FAA2
gcalls seq=004846 caller=QUEST2 target=7016AA35 GET_INPUT            argc=1 site=7015FAA2
gcalls seq=004868 caller=QUEST1 target=701766ED READ_IN              argc=0 site=7015FB7A
gcalls seq=004869 caller=QUEST2 target=701766ED READ_IN              argc=0 site=7015FB7A
gcalls seq=004893 caller=QUEST1 target=7015FBA7 -                    argc=0 site=7017EE3D
gcalls seq=004899 caller=QUEST1 target=701674B5 DISPLAY_INVENTORY    argc=1 site=70178BF9
gcalls seq=004900 caller=QUEST2 target=701674B5 DISPLAY_INVENTORY    argc=1 site=70178BF9
gcalls seq=004908 caller=QUEST1 target=7016AA35 GET_INPUT            argc=1 site=70178C3B
gcalls seq=004909 caller=QUEST2 target=7016AA35 GET_INPUT            argc=1 site=70178C3B
