gcalls seq=000076 caller=QUEST1 target=7015C005 QUEST                argc=0 site=7017EA51
gcalls seq=000077 caller=QUEST2 target=7015C005 QUEST                argc=0 site=7017EA51
gcalls seq=000143 caller=QUEST1 target=701766ED READ_IN              argc=0 site=7015C05F
gcalls seq=000144 caller=QUEST2 target=701766ED READ_IN              argc=0 site=7015C05F
gcalls seq=000158 caller=QUEST1 target=70175E9F LOGON                argc=0 site=7015C283
gcalls seq=000159 caller=QUEST2 target=70175E9F LOGON                argc=0 site=7015C283
gcalls seq=000195 caller=QUEST1 target=701766ED READ_IN              argc=0 site=70175F6B
gcalls seq=000196 caller=QUEST2 target=701766ED READ_IN              argc=0 site=70175F6B
gcalls seq=000217 caller=QUEST1 target=701766ED READ_IN              argc=0 site=70175FD3
gcalls seq=000218 caller=QUEST2 target=701766ED READ_IN              argc=0 site=70175FD3
gcalls seq=000263 caller=QUEST1 target=7016AA35 GET_INPUT            argc=1 site=701760C4
gcalls seq=000264 caller=QUEST2 target=7016AA35 GET_INPUT            argc=1 site=701760C4
gcalls seq=000291 caller=QUEST_SERVER target=7017B501 PICK_X_Y             argc=2 site=7017AD25
gcalls seq=000292 caller=QUEST_SERVER target=7017C098 ROLL32               argc=0 site=7017E21A
gcalls seq=000293 caller=QUEST_SERVER target=7017C098 ROLL32               argc=0 site=7017E21A
gcalls seq=000294 caller=QUEST_SERVER target=7017C098 ROLL32               argc=0 site=7017E21A
gcalls seq=000295 caller=QUEST_SERVER target=7017C098 ROLL32               argc=0 site=7017E21A
gcalls seq=000296 caller=QUEST_SERVER target=70178F4D FIND_OBJECT          argc=3 site=7017AD2F
gcalls seq=000297 caller=QUEST_SERVER target=7017C13B TERRITORY            argc=6 site=7017AD41
gcalls seq=000298 caller=QUEST_SERVER target=701782E8 SQR31?3              argc=0 site=7017C33E
gcalls seq=000299 caller=QUEST_SERVER target=701782E8 SQR31?3              argc=0 site=7017C33E
gcalls seq=000300 caller=QUEST_SERVER target=701782E8 SQR31?3              argc=0 site=7017C33E
gcalls seq=000301 caller=QUEST_SERVER target=701782E8 SQR31?3              argc=0 site=7017C33E
gcalls seq=000302 caller=QUEST_SERVER target=701782E8 SQR31?3              argc=0 site=7017C33E
gcalls seq=000303 caller=QUEST_SERVER target=701782E8 SQR31?3              argc=0 site=7017C33E
gcalls seq=000304 caller=QUEST_SERVER target=701782E8 SQR31?3              argc=0 site=7017C33E
gcalls seq=000305 caller=QUEST_SERVER target=701782E8 SQR31?3              argc=0 site=7017C33E
gcalls seq=000306 caller=QUEST_SERVER target=701782E8 SQR31?3              argc=0 site=7017C33E
gcalls seq=000307 caller=QUEST_SERVER target=701782E8 SQR31?3              argc=0 site=7017C33E
gcalls seq=000308 caller=QUEST_SERVER target=701782E8 SQR31?3              argc=0 site=7017C33E
gcalls seq=000309 caller=QUEST_SERVER target=701782E8 SQR31?3              argc=0 site=7017C33E
gcalls seq=000310 caller=QUEST_SERVER target=701782E8 SQR31?3              argc=0 site=7017C33E
gcalls seq=000311 caller=QUEST_SERVER target=701782E8 SQR31?3              argc=0 site=7017C33E
gcalls seq=000312 caller=QUEST_SERVER target=701782E8 SQR31?3              argc=0 site=7017C33E
gcalls seq=000313 caller=QUEST_SERVER target=7017C098 ROLL32               argc=0 site=7017E21A
gcalls seq=000314 caller=QUEST_SERVER target=70178F4D FIND_OBJECT          argc=3 site=7017B168
gcalls seq=000315 caller=QUEST_SERVER target=7017C99B UPDATE_USER_DATA_FILE argc=3 site=7017B1DD
gcalls seq=000324 caller=QUEST1 target=7016DF39 INIT_OBJ_TBL         argc=2 site=7015C2B7
gcalls seq=000325 caller=QUEST1 target=7015C5E1 -                    argc=0 site=7015C337
gcalls seq=000326 caller=QUEST2 target=7016DF39 INIT_OBJ_TBL         argc=2 site=7015C2B7
gcalls seq=000327 caller=QUEST2 target=7015C5E1 -                    argc=0 site=7015C337
gcalls seq=000328 caller=QUEST1 target=7016E103 INIT_SCREEN          argc=1 site=7015C38C
gcalls seq=000329 caller=QUEST2 target=7016E103 INIT_SCREEN          argc=1 site=7015C38C
gcalls seq=000330 caller=QUEST1 target=701697A1 FAKE_LAND_MASS       argc=1 site=7016E1D2
gcalls seq=000331 caller=QUEST2 target=701697A1 FAKE_LAND_MASS       argc=1 site=7016E1D2
gcalls seq=000332 caller=QUEST1 target=701699B5 FAKE_OCEAN           argc=1 site=7016E1D8
gcalls seq=000333 caller=QUEST2 target=701699B5 FAKE_OCEAN           argc=1 site=7016E1D8
gcalls seq=000344 caller=QUEST1 target=7016B549 GET_QUEST            argc=0 site=7015C3B5
gcalls seq=000345 caller=QUEST2 target=7016B549 GET_QUEST            argc=0 site=7015C3B5
gcalls seq=000360 caller=QUEST1 target=7016DE91 HIT_ANY_CHAR         argc=0 site=7016BCA0
gcalls seq=000361 caller=QUEST2 target=7016DE91 HIT_ANY_CHAR         argc=0 site=7016BCA0
gcalls seq=000373 caller=QUEST1 target=7016AA35 GET_INPUT            argc=1 site=7016DEA9
gcalls seq=000374 caller=QUEST2 target=7016AA35 GET_INPUT            argc=1 site=7016DEA9
gcalls seq=000389 caller=QUEST1 target=70176A93 REFRESH_SCREEN       argc=0 site=7016BCA4
gcalls seq=000390 caller=QUEST2 target=70176A93 REFRESH_SCREEN       argc=0 site=7016BCA4
gcalls seq=000403 caller=QUEST1 target=70165713 C_A_LISTENER         argc=1 site=7017E7C1
gcalls seq=000404 caller=QUEST2 target=70165713 C_A_LISTENER         argc=1 site=7017E7C1
gcalls seq=000484 caller=QUEST1 target=70166AF9 DISPLAY_SCREEN       argc=1 site=7016BCBE
gcalls seq=000485 caller=QUEST1 target=70168717 DIST                 argc=4 site=70166B86
gcalls seq=000486 caller=QUEST1 target=70168717 DIST                 argc=4 site=70166B86
gcalls seq=000487 caller=QUEST1 target=70168717 DIST                 argc=4 site=70166B86
gcalls seq=000488 caller=QUEST2 target=70166AF9 DISPLAY_SCREEN       argc=1 site=7016BCBE
gcalls seq=000489 caller=QUEST2 target=70168717 DIST                 argc=4 site=70166B86
gcalls seq=000493 caller=QUEST2 target=70168717 DIST                 argc=4 site=70166B86
gcalls seq=000497 caller=QUEST2 target=70168717 DIST                 argc=4 site=70166B86
gcalls seq=000501 caller=QUEST1 target=70168717 DIST                 argc=4 site=70166E1C
gcalls seq=000502 caller=QUEST1 target=70168717 DIST                 argc=4 site=70166E1C
gcalls seq=000503 caller=QUEST1 target=70168717 DIST                 argc=4 site=70166E1C
gcalls seq=000504 caller=QUEST2 target=70168717 DIST                 argc=4 site=70166E1C
gcalls seq=000508 caller=QUEST2 target=70168717 DIST                 argc=4 site=70166E1C
gcalls seq=000512 caller=QUEST2 target=70168717 DIST                 argc=4 site=70166E1C
gcalls seq=000516 caller=QUEST1 target=70168717 DIST                 argc=4 site=70166E1C
gcalls seq=000517 caller=QUEST1 target=70168717 DIST                 argc=4 site=70166E1C
gcalls seq=000518 caller=QUEST2 target=70168717 DIST                 argc=4 site=70166E1C
gcalls seq=000522 caller=QUEST2 target=70168717 DIST                 argc=4 site=70166E1C
gcalls seq=000526 caller=QUEST1 target=70168717 DIST                 argc=4 site=70166E1C
gcalls seq=000527 caller=QUEST2 target=70168717 DIST                 argc=4 site=70166E1C
gcalls seq=000531 caller=QUEST1 target=70168717 DIST                 argc=4 site=70166E1C
gcalls seq=000532 caller=QUEST1 target=70168717 DIST                 argc=4 site=70166E1C
gcalls seq=000533 caller=QUEST1 target=70168717 DIST                 argc=4 site=70166E1C
gcalls seq=000534 caller=QUEST2 target=70168717 DIST                 argc=4 site=70166E1C
gcalls seq=000538 caller=QUEST2 target=70168717 DIST                 argc=4 site=70166E1C
gcalls seq=000542 caller=QUEST2 target=70168717 DIST                 argc=4 site=70166E1C
gcalls seq=000546 caller=QUEST1 target=70168717 DIST                 argc=4 site=70166E1C
gcalls seq=000547 caller=QUEST1 target=70168717 DIST                 argc=4 site=70166E1C
gcalls seq=000548 caller=QUEST2 target=70168717 DIST                 argc=4 site=70166E1C
gcalls seq=000552 caller=QUEST2 target=70168717 DIST                 argc=4 site=70166E1C
gcalls seq=000556 caller=QUEST1 target=70168717 DIST                 argc=4 site=70166E1C
gcalls seq=000557 caller=QUEST2 target=70168717 DIST                 argc=4 site=70166E1C
gcalls seq=000561 caller=QUEST1 target=70168717 DIST                 argc=4 site=70166E1C
gcalls seq=000562 caller=QUEST1 target=70168717 DIST                 argc=4 site=70166E1C
gcalls seq=000563 caller=QUEST1 target=70168717 DIST                 argc=4 site=70166E1C
gcalls seq=000564 caller=QUEST2 target=70168717 DIST                 argc=4 site=70166E1C
gcalls seq=000568 caller=QUEST2 target=70168717 DIST                 argc=4 site=70166E1C
gcalls seq=000572 caller=QUEST2 target=70168717 DIST                 argc=4 site=70166E1C
gcalls seq=000576 caller=QUEST1 target=70168717 DIST                 argc=4 site=70166E1C
gcalls seq=000577 caller=QUEST1 target=70168717 DIST                 argc=4 site=70166E1C
gcalls seq=000578 caller=QUEST2 target=70168717 DIST                 argc=4 site=70166E1C
gcalls seq=000582 caller=QUEST2 target=70168717 DIST                 argc=4 site=70166E1C
gcalls seq=000586 caller=QUEST1 target=70168717 DIST                 argc=4 site=70166E1C
gcalls seq=000587 caller=QUEST2 target=70168717 DIST                 argc=4 site=70166E1C
gcalls seq=000591 caller=QUEST1 target=70168717 DIST                 argc=4 site=70166E1C
gcalls seq=000592 caller=QUEST1 target=70168717 DIST                 argc=4 site=70166E1C
gcalls seq=000593 caller=QUEST1 target=70168717 DIST                 argc=4 site=70166E1C
gcalls seq=000594 caller=QUEST2 target=70168717 DIST                 argc=4 site=70166E1C
gcalls seq=000598 caller=QUEST2 target=70168717 DIST                 argc=4 site=70166E1C
gcalls seq=000602 caller=QUEST2 target=70168717 DIST                 argc=4 site=70166E1C
gcalls seq=000606 caller=QUEST1 target=70168717 DIST                 argc=4 site=70166E1C
gcalls seq=000607 caller=QUEST1 target=70168717 DIST                 argc=4 site=70166E1C
gcalls seq=000608 caller=QUEST2 target=70168717 DIST                 argc=4 site=70166E1C
gcalls seq=000612 caller=QUEST2 target=70168717 DIST                 argc=4 site=70166E1C
gcalls seq=000616 caller=QUEST1 target=70168717 DIST                 argc=4 site=70166E1C
gcalls seq=000617 caller=QUEST2 target=70168717 DIST                 argc=4 site=70166E1C
gcalls seq=000621 caller=QUEST1 target=70168717 DIST                 argc=4 site=70166E1C
gcalls seq=000622 caller=QUEST1 target=70168717 DIST                 argc=4 site=70166E1C
gcalls seq=000623 caller=QUEST1 target=70168717 DIST                 argc=4 site=70166E1C
gcalls seq=000624 caller=QUEST2 target=70168717 DIST                 argc=4 site=70166E1C
gcalls seq=000628 caller=QUEST2 target=70168717 DIST                 argc=4 site=70166E1C
gcalls seq=000632 caller=QUEST2 target=70168717 DIST                 argc=4 site=70166E1C
gcalls seq=000636 caller=QUEST1 target=70168717 DIST                 argc=4 site=70166E1C
gcalls seq=000637 caller=QUEST1 target=70168717 DIST                 argc=4 site=70166E1C
gcalls seq=000638 caller=QUEST2 target=70168717 DIST                 argc=4 site=70166E1C
gcalls seq=000642 caller=QUEST2 target=70168717 DIST                 argc=4 site=70166E1C
gcalls seq=000646 caller=QUEST1 target=70168717 DIST                 argc=4 site=70166E1C
gcalls seq=000647 caller=QUEST2 target=70168717 DIST                 argc=4 site=70166E1C
gcalls seq=000651 caller=QUEST1 target=70168717 DIST                 argc=4 site=70166E1C
gcalls seq=000652 caller=QUEST1 target=70168717 DIST                 argc=4 site=70166E1C
gcalls seq=000653 caller=QUEST1 target=70168717 DIST                 argc=4 site=70166E1C
gcalls seq=000654 caller=QUEST2 target=70168717 DIST                 argc=4 site=70166E1C
gcalls seq=000658 caller=QUEST2 target=70168717 DIST                 argc=4 site=70166E1C
gcalls seq=000662 caller=QUEST2 target=70168717 DIST                 argc=4 site=70166E1C
gcalls seq=000666 caller=QUEST1 target=70168717 DIST                 argc=4 site=70166E1C
gcalls seq=000667 caller=QUEST2 target=70168717 DIST                 argc=4 site=70166E1C
gcalls seq=000671 caller=QUEST1 target=70168717 DIST                 argc=4 site=70166E1C
gcalls seq=000672 caller=QUEST1 target=70168717 DIST                 argc=4 site=70166E1C
gcalls seq=000673 caller=QUEST2 target=70168717 DIST                 argc=4 site=70166E1C
gcalls seq=000677 caller=QUEST2 target=70168717 DIST                 argc=4 site=70166E1C
gcalls seq=000681 caller=QUEST1 target=70168717 DIST                 argc=4 site=70166E1C
gcalls seq=000682 caller=QUEST1 target=70168717 DIST                 argc=4 site=70166E1C
gcalls seq=000683 caller=QUEST1 target=70168717 DIST                 argc=4 site=70166E1C
gcalls seq=000684 caller=QUEST2 target=70168717 DIST                 argc=4 site=70166E1C
gcalls seq=000688 caller=QUEST2 target=70168717 DIST                 argc=4 site=70166E1C
gcalls seq=000692 caller=QUEST2 target=70168717 DIST                 argc=4 site=70166E1C
gcalls seq=000696 caller=QUEST1 target=70168717 DIST                 argc=4 site=70166E1C
gcalls seq=000697 caller=QUEST1 target=70168717 DIST                 argc=4 site=70166E1C
gcalls seq=000698 caller=QUEST1 target=70168717 DIST                 argc=4 site=70166E1C
gcalls seq=000699 caller=QUEST2 target=70168717 DIST                 argc=4 site=70166E1C
gcalls seq=000703 caller=QUEST2 target=70168717 DIST                 argc=4 site=70166E1C
gcalls seq=000707 caller=QUEST2 target=70168717 DIST                 argc=4 site=70166E1C
gcalls seq=000711 caller=QUEST1 target=70168717 DIST                 argc=4 site=70166E1C
gcalls seq=000712 caller=QUEST1 target=70168717 DIST                 argc=4 site=70166E1C
gcalls seq=000713 caller=QUEST2 target=70168717 DIST                 argc=4 site=70166E1C
gcalls seq=000717 caller=QUEST2 target=70168717 DIST                 argc=4 site=70166E1C
gcalls seq=000720 caller=QUEST1 target=70168717 DIST                 argc=4 site=70166E1C
gcalls seq=000722 caller=QUEST2 target=70168717 DIST                 argc=4 site=70166E1C
gcalls seq=000726 caller=QUEST1 target=70168717 DIST                 argc=4 site=70166E1C
gcalls seq=000727 caller=QUEST1 target=70168717 DIST                 argc=4 site=70166E1C
gcalls seq=000728 caller=QUEST1 target=70168717 DIST                 argc=4 site=70166E1C
gcalls seq=000729 caller=QUEST2 target=70168717 DIST                 argc=4 site=70166E1C
gcalls seq=000733 caller=QUEST2 target=70168717 DIST                 argc=4 site=70166E1C
gcalls seq=000737 caller=QUEST2 target=70168717 DIST                 argc=4 site=70166E1C
gcalls seq=000741 caller=QUEST1 target=70168717 DIST                 argc=4 site=70166E1C
gcalls seq=000742 caller=QUEST1 target=70168717 DIST                 argc=4 site=70166E1C
gcalls seq=000743 caller=QUEST1 target=70168717 DIST                 argc=4 site=70166E1C
gcalls seq=000744 caller=QUEST2 target=70168717 DIST                 argc=4 site=70166E1C
gcalls seq=000748 caller=QUEST2 target=70168717 DIST                 argc=4 site=70166E1C
gcalls seq=000752 caller=QUEST2 target=70168717 DIST                 argc=4 site=70166E1C
gcalls seq=000756 caller=QUEST1 target=70168717 DIST                 argc=4 site=70166E1C
gcalls seq=000757 caller=QUEST1 target=70168717 DIST                 argc=4 site=70166E1C
gcalls seq=000758 caller=QUEST2 target=70168717 DIST                 argc=4 site=70166E1C
gcalls seq=000762 caller=QUEST2 target=70168717 DIST                 argc=4 site=70166E1C
gcalls seq=000764 caller=QUEST1 target=70168717 DIST                 argc=4 site=70166E1C
gcalls seq=000767 caller=QUEST2 target=70168717 DIST                 argc=4 site=70166E1C
gcalls seq=000771 caller=QUEST1 target=70168717 DIST                 argc=4 site=70166E1C
gcalls seq=000772 caller=QUEST1 target=70168717 DIST                 argc=4 site=70166E1C
gcalls seq=000773 caller=QUEST1 target=70168717 DIST                 argc=4 site=70166E1C
gcalls seq=000774 caller=QUEST2 target=70168717 DIST                 argc=4 site=70166E1C
gcalls seq=000778 caller=QUEST2 target=70168717 DIST                 argc=4 site=70166E1C
gcalls seq=000782 caller=QUEST2 target=70168717 DIST                 argc=4 site=70166E1C
gcalls seq=000786 caller=QUEST1 target=70168717 DIST                 argc=4 site=70166E1C
gcalls seq=000787 caller=QUEST1 target=70168717 DIST                 argc=4 site=70166E1C
gcalls seq=000788 caller=QUEST1 target=70168717 DIST                 argc=4 site=70166E1C
gcalls seq=000789 caller=QUEST2 target=70168717 DIST                 argc=4 site=70166E1C
gcalls seq=000793 caller=QUEST2 target=70168717 DIST                 argc=4 site=70166E1C
gcalls seq=000797 caller=QUEST2 target=70168717 DIST                 argc=4 site=70166E1C
gcalls seq=000801 caller=QUEST1 target=70168717 DIST                 argc=4 site=70166E1C
gcalls seq=000802 caller=QUEST2 target=70168717 DIST                 argc=4 site=70166E1C
gcalls seq=000806 caller=QUEST1 target=70168717 DIST                 argc=4 site=70166E1C
gcalls seq=000807 caller=QUEST1 target=70168717 DIST                 argc=4 site=70166E1C
gcalls seq=000808 caller=QUEST2 target=70168717 DIST                 argc=4 site=70166E1C
gcalls seq=000812 caller=QUEST2 target=70168717 DIST                 argc=4 site=70166E1C
gcalls seq=000816 caller=QUEST1 target=70168717 DIST                 argc=4 site=70166E1C
gcalls seq=000817 caller=QUEST1 target=70168717 DIST                 argc=4 site=70166E1C
gcalls seq=000818 caller=QUEST1 target=70168717 DIST                 argc=4 site=70166E1C
gcalls seq=000819 caller=QUEST2 target=70168717 DIST                 argc=4 site=70166E1C
gcalls seq=000823 caller=QUEST2 target=70168717 DIST                 argc=4 site=70166E1C
gcalls seq=000827 caller=QUEST2 target=70168717 DIST                 argc=4 site=70166E1C
gcalls seq=000831 caller=QUEST1 target=70168717 DIST                 argc=4 site=70166E1C
gcalls seq=000832 caller=QUEST1 target=70168717 DIST                 argc=4 site=70166E1C
gcalls seq=000833 caller=QUEST1 target=70168717 DIST                 argc=4 site=70166E1C
gcalls seq=000834 caller=QUEST2 target=70168717 DIST                 argc=4 site=70166E1C
gcalls seq=000838 caller=QUEST2 target=70168717 DIST                 argc=4 site=70166E1C
gcalls seq=000842 caller=QUEST2 target=70168717 DIST                 argc=4 site=70166E1C
gcalls seq=000846 caller=QUEST1 target=70168717 DIST                 argc=4 site=70166E1C
gcalls seq=000847 caller=QUEST1 target=70168717 DIST                 argc=4 site=70166E1C
gcalls seq=000848 caller=QUEST1 target=70168717 DIST                 argc=4 site=70166E1C
gcalls seq=000849 caller=QUEST2 target=70168717 DIST                 argc=4 site=70166E1C
gcalls seq=000853 caller=QUEST2 target=70168717 DIST                 argc=4 site=70166E1C
gcalls seq=000857 caller=QUEST2 target=70168717 DIST                 argc=4 site=70166E1C
gcalls seq=000861 caller=QUEST1 target=70168717 DIST                 argc=4 site=70166E1C
gcalls seq=000862 caller=QUEST1 target=70168717 DIST                 argc=4 site=70166E1C
gcalls seq=000863 caller=QUEST1 target=70168717 DIST                 argc=4 site=70166E1C
gcalls seq=000864 caller=QUEST2 target=70168717 DIST                 argc=4 site=70166E1C
gcalls seq=000868 caller=QUEST2 target=70168717 DIST                 argc=4 site=70166E1C
gcalls seq=000872 caller=QUEST2 target=70168717 DIST                 argc=4 site=70166E1C
gcalls seq=000876 caller=QUEST1 target=70168717 DIST                 argc=4 site=70166E1C
gcalls seq=000877 caller=QUEST2 target=70168717 DIST                 argc=4 site=70166E1C
gcalls seq=000879 caller=QUEST1 target=70168717 DIST                 argc=4 site=70166E1C
gcalls seq=000880 caller=QUEST1 target=70168717 DIST                 argc=4 site=70166E1C
gcalls seq=000883 caller=QUEST2 target=70168717 DIST                 argc=4 site=70166E1C
gcalls seq=000887 caller=QUEST2 target=70168717 DIST                 argc=4 site=70166E1C
gcalls seq=000891 caller=QUEST1 target=70168717 DIST                 argc=4 site=70166E1C
gcalls seq=000892 caller=QUEST1 target=70168717 DIST                 argc=4 site=70166E1C
gcalls seq=000893 caller=QUEST1 target=70168717 DIST                 argc=4 site=70166E1C
gcalls seq=000894 caller=QUEST2 target=70168717 DIST                 argc=4 site=70166E1C
gcalls seq=000898 caller=QUEST2 target=70168717 DIST                 argc=4 site=70166E1C
gcalls seq=000902 caller=QUEST2 target=70168717 DIST                 argc=4 site=70166E1C
gcalls seq=000906 caller=QUEST1 target=70168717 DIST                 argc=4 site=70166E1C
gcalls seq=000907 caller=QUEST1 target=70168717 DIST                 argc=4 site=70166E1C
gcalls seq=000908 caller=QUEST1 target=70168717 DIST                 argc=4 site=70166E1C
gcalls seq=000909 caller=QUEST2 target=70168717 DIST                 argc=4 site=70166E1C
gcalls seq=000913 caller=QUEST2 target=70168717 DIST                 argc=4 site=70166E1C
gcalls seq=000917 caller=QUEST2 target=70168717 DIST                 argc=4 site=70166E1C
gcalls seq=000921 caller=QUEST1 target=70168717 DIST                 argc=4 site=70166E1C
gcalls seq=000922 caller=QUEST1 target=70168717 DIST                 argc=4 site=70166E1C
gcalls seq=000923 caller=QUEST2 target=70168717 DIST                 argc=4 site=70166E1C
gcalls seq=000927 caller=QUEST2 target=70168717 DIST                 argc=4 site=70166E1C
gcalls seq=000931 caller=QUEST1 target=70168717 DIST                 argc=4 site=70166E1C
gcalls seq=000932 caller=QUEST2 target=70168717 DIST                 argc=4 site=70166E1C
gcalls seq=000936 caller=QUEST1 target=70168717 DIST                 argc=4 site=70166E1C
gcalls seq=000937 caller=QUEST1 target=70168717 DIST                 argc=4 site=70166E1C
gcalls seq=000938 caller=QUEST1 target=70168717 DIST                 argc=4 site=70166E1C
gcalls seq=000939 caller=QUEST2 target=70168717 DIST                 argc=4 site=70166E1C
gcalls seq=000943 caller=QUEST2 target=70168717 DIST                 argc=4 site=70166E1C
gcalls seq=000947 caller=QUEST2 target=70168717 DIST                 argc=4 site=70166E1C
gcalls seq=000951 caller=QUEST1 target=70168717 DIST                 argc=4 site=70166E1C
gcalls seq=000952 caller=QUEST2 target=70168717 DIST                 argc=4 site=70166E1C
gcalls seq=000956 caller=QUEST1 target=70168717 DIST                 argc=4 site=70166E1C
gcalls seq=000957 caller=QUEST1 target=70168717 DIST                 argc=4 site=70166E1C
gcalls seq=000958 caller=QUEST2 target=70168717 DIST                 argc=4 site=70166E1C
gcalls seq=000962 caller=QUEST2 target=70168717 DIST                 argc=4 site=70166E1C
gcalls seq=000966 caller=QUEST1 target=70168717 DIST                 argc=4 site=70166E1C
gcalls seq=000967 caller=QUEST1 target=70168717 DIST                 argc=4 site=70166E1C
gcalls seq=000968 caller=QUEST1 target=70168717 DIST                 argc=4 site=70166E1C
gcalls seq=000969 caller=QUEST2 target=70168717 DIST                 argc=4 site=70166E1C
gcalls seq=000973 caller=QUEST2 target=70168717 DIST                 argc=4 site=70166E1C
gcalls seq=000977 caller=QUEST2 target=70168717 DIST                 argc=4 site=70166E1C
gcalls seq=000981 caller=QUEST1 target=70168717 DIST                 argc=4 site=70166E1C
gcalls seq=000982 caller=QUEST1 target=70168717 DIST                 argc=4 site=70166E1C
gcalls seq=000983 caller=QUEST1 target=70168717 DIST                 argc=4 site=70166E1C
gcalls seq=000984 caller=QUEST2 target=70168717 DIST                 argc=4 site=70166E1C
gcalls seq=000988 caller=QUEST2 target=70168717 DIST                 argc=4 site=70166E1C
gcalls seq=000992 caller=QUEST2 target=70168717 DIST                 argc=4 site=70166E1C
gcalls seq=000996 caller=QUEST1 target=70168717 DIST                 argc=4 site=70166E1C
gcalls seq=000997 caller=QUEST1 target=70168717 DIST                 argc=4 site=70166E1C
gcalls seq=000998 caller=QUEST2 target=70168717 DIST                 argc=4 site=70166E1C
gcalls seq=001002 caller=QUEST2 target=70168717 DIST                 argc=4 site=70166E1C
gcalls seq=001005 caller=QUEST1 target=70168717 DIST                 argc=4 site=70166E1C
gcalls seq=001007 caller=QUEST2 target=70168717 DIST                 argc=4 site=70166E1C
gcalls seq=001011 caller=QUEST1 target=70168717 DIST                 argc=4 site=70166E1C
gcalls seq=001012 caller=QUEST1 target=70168717 DIST                 argc=4 site=70166E1C
gcalls seq=001013 caller=QUEST1 target=70168717 DIST                 argc=4 site=70166E1C
gcalls seq=001014 caller=QUEST2 target=70168717 DIST                 argc=4 site=70166E1C
gcalls seq=001018 caller=QUEST2 target=70168717 DIST                 argc=4 site=70166E1C
gcalls seq=001022 caller=QUEST2 target=70168717 DIST                 argc=4 site=70166E1C
gcalls seq=001026 caller=QUEST1 target=70168717 DIST                 argc=4 site=70166E1C
gcalls seq=001027 caller=QUEST1 target=70168717 DIST                 argc=4 site=70166E1C
gcalls seq=001028 caller=QUEST2 target=70168717 DIST                 argc=4 site=70166E1C
gcalls seq=001032 caller=QUEST2 target=70168717 DIST                 argc=4 site=70166E1C
gcalls seq=001035 caller=QUEST1 target=70168717 DIST                 argc=4 site=70166E1C
gcalls seq=001037 caller=QUEST2 target=70168717 DIST                 argc=4 site=70166E1C
gcalls seq=001041 caller=QUEST1 target=70168717 DIST                 argc=4 site=70166E1C
gcalls seq=001042 caller=QUEST1 target=70168717 DIST                 argc=4 site=70166E1C
gcalls seq=001043 caller=QUEST1 target=70168717 DIST                 argc=4 site=70166E1C
gcalls seq=001044 caller=QUEST2 target=70168717 DIST                 argc=4 site=70166E1C
gcalls seq=001048 caller=QUEST2 target=70168717 DIST                 argc=4 site=70166E1C
gcalls seq=001052 caller=QUEST2 target=70168717 DIST                 argc=4 site=70166E1C
gcalls seq=001056 caller=QUEST1 target=70168717 DIST                 argc=4 site=70166E1C
gcalls seq=001057 caller=QUEST2 target=70168717 DIST                 argc=4 site=70166E1C
gcalls seq=001060 caller=QUEST1 target=70168717 DIST                 argc=4 site=70166E1C
gcalls seq=001061 caller=QUEST1 target=70168717 DIST                 argc=4 site=70166E1C
gcalls seq=001063 caller=QUEST2 target=70168717 DIST                 argc=4 site=70166E1C
gcalls seq=001067 caller=QUEST2 target=70168717 DIST                 argc=4 site=70166E1C
gcalls seq=001071 caller=QUEST1 target=70168717 DIST                 argc=4 site=70166E1C
gcalls seq=001072 caller=QUEST1 target=70168717 DIST                 argc=4 site=70166E1C
gcalls seq=001073 caller=QUEST1 target=70168717 DIST                 argc=4 site=70166E1C
gcalls seq=001074 caller=QUEST2 target=70168717 DIST                 argc=4 site=70166E1C
gcalls seq=001078 caller=QUEST2 target=70168717 DIST                 argc=4 site=70166E1C
gcalls seq=001082 caller=QUEST2 target=70168717 DIST                 argc=4 site=70166E1C
gcalls seq=001086 caller=QUEST1 target=70168717 DIST                 argc=4 site=70166E1C
gcalls seq=001087 caller=QUEST2 target=70168717 DIST                 argc=4 site=70166E1C
gcalls seq=001090 caller=QUEST1 target=70168717 DIST                 argc=4 site=70166E1C
gcalls seq=001091 caller=QUEST1 target=70168717 DIST                 argc=4 site=70166E1C
gcalls seq=001093 caller=QUEST2 target=70168717 DIST                 argc=4 site=70166E1C
gcalls seq=001097 caller=QUEST2 target=70168717 DIST                 argc=4 site=70166E1C
gcalls seq=001101 caller=QUEST1 target=70168717 DIST                 argc=4 site=70166E1C
gcalls seq=001102 caller=QUEST1 target=70168717 DIST                 argc=4 site=70166E1C
gcalls seq=001103 caller=QUEST2 target=70168717 DIST                 argc=4 site=70166E1C
gcalls seq=001107 caller=QUEST2 target=70168717 DIST                 argc=4 site=70166E1C
gcalls seq=001111 caller=QUEST1 target=70168717 DIST                 argc=4 site=70166E1C
gcalls seq=001112 caller=QUEST2 target=70168717 DIST                 argc=4 site=70166E1C
gcalls seq=001116 caller=QUEST1 target=70168717 DIST                 argc=4 site=70166E1C
gcalls seq=001117 caller=QUEST1 target=70168717 DIST                 argc=4 site=70166E1C
gcalls seq=001118 caller=QUEST1 target=70168717 DIST                 argc=4 site=70166E1C
gcalls seq=001119 caller=QUEST2 target=70168717 DIST                 argc=4 site=70166E1C
gcalls seq=001123 caller=QUEST2 target=70168717 DIST                 argc=4 site=70166E1C
gcalls seq=001127 caller=QUEST2 target=70168717 DIST                 argc=4 site=70166E1C
gcalls seq=001131 caller=QUEST1 target=70168717 DIST                 argc=4 site=70166E1C
gcalls seq=001132 caller=QUEST1 target=70168717 DIST                 argc=4 site=70166E1C
gcalls seq=001133 caller=QUEST2 target=70168717 DIST                 argc=4 site=70166E1C
gcalls seq=001137 caller=QUEST2 target=70168717 DIST                 argc=4 site=70166E1C
gcalls seq=001141 caller=QUEST1 target=70168717 DIST                 argc=4 site=70166E1C
gcalls seq=001142 caller=QUEST2 target=70168717 DIST                 argc=4 site=70166E1C
gcalls seq=001146 caller=QUEST1 target=70168717 DIST                 argc=4 site=70166E1C
gcalls seq=001147 caller=QUEST1 target=70168717 DIST                 argc=4 site=70166E1C
gcalls seq=001148 caller=QUEST1 target=70168717 DIST                 argc=4 site=70166E1C
gcalls seq=001149 caller=QUEST2 target=70168717 DIST                 argc=4 site=70166E1C
gcalls seq=001153 caller=QUEST2 target=70168717 DIST                 argc=4 site=70166E1C
gcalls seq=001157 caller=QUEST2 target=70168717 DIST                 argc=4 site=70166E1C
gcalls seq=001161 caller=QUEST1 target=70168717 DIST                 argc=4 site=70166E1C
gcalls seq=001162 caller=QUEST2 target=70168717 DIST                 argc=4 site=70166E1C
gcalls seq=001166 caller=QUEST1 target=70168717 DIST                 argc=4 site=70166E1C
gcalls seq=001167 caller=QUEST1 target=70168717 DIST                 argc=4 site=70166E1C
gcalls seq=001168 caller=QUEST2 target=70168717 DIST                 argc=4 site=70166E1C
gcalls seq=001172 caller=QUEST2 target=70168717 DIST                 argc=4 site=70166E1C
gcalls seq=001176 caller=QUEST1 target=70168717 DIST                 argc=4 site=70166E1C
gcalls seq=001177 caller=QUEST1 target=70168717 DIST                 argc=4 site=70166E1C
gcalls seq=001178 caller=QUEST1 target=70168717 DIST                 argc=4 site=70166E1C
gcalls seq=001179 caller=QUEST2 target=70168717 DIST                 argc=4 site=70166E1C
gcalls seq=001183 caller=QUEST2 target=70168717 DIST                 argc=4 site=70166E1C
gcalls seq=001187 caller=QUEST2 target=70168717 DIST                 argc=4 site=70166E1C
gcalls seq=001191 caller=QUEST1 target=70168717 DIST                 argc=4 site=70166E1C
gcalls seq=001192 caller=QUEST1 target=70168717 DIST                 argc=4 site=70166E1C
gcalls seq=001193 caller=QUEST1 target=70168717 DIST                 argc=4 site=70166E1C
gcalls seq=001194 caller=QUEST2 target=70168717 DIST                 argc=4 site=70166E1C
gcalls seq=001198 caller=QUEST2 target=70168717 DIST                 argc=4 site=70166E1C
gcalls seq=001202 caller=QUEST2 target=70168717 DIST                 argc=4 site=70166E1C
gcalls seq=001206 caller=QUEST1 target=70168717 DIST                 argc=4 site=70166E1C
gcalls seq=001207 caller=QUEST1 target=70168717 DIST                 argc=4 site=70166E1C
gcalls seq=001208 caller=QUEST1 target=70168717 DIST                 argc=4 site=70166E1C
gcalls seq=001209 caller=QUEST2 target=70168717 DIST                 argc=4 site=70166E1C
gcalls seq=001213 caller=QUEST2 target=70168717 DIST                 argc=4 site=70166E1C
gcalls seq=001217 caller=QUEST2 target=70168717 DIST                 argc=4 site=70166E1C
gcalls seq=001221 caller=QUEST1 target=70168717 DIST                 argc=4 site=70166E1C
gcalls seq=001222 caller=QUEST1 target=70168717 DIST                 argc=4 site=70166E1C
gcalls seq=001223 caller=QUEST1 target=70168717 DIST                 argc=4 site=70166E1C
gcalls seq=001224 caller=QUEST2 target=70168717 DIST                 argc=4 site=70166E1C
gcalls seq=001228 caller=QUEST2 target=70168717 DIST                 argc=4 site=70166E1C
gcalls seq=001232 caller=QUEST2 target=70168717 DIST                 argc=4 site=70166E1C
gcalls seq=001236 caller=QUEST1 target=70168717 DIST                 argc=4 site=70166E1C
gcalls seq=001237 caller=QUEST1 target=70168717 DIST                 argc=4 site=70166E1C
gcalls seq=001238 caller=QUEST2 target=70168717 DIST                 argc=4 site=70166E1C
gcalls seq=001242 caller=QUEST2 target=70168717 DIST                 argc=4 site=70166E1C
gcalls seq=001246 caller=QUEST1 target=70168717 DIST                 argc=4 site=70166E1C
gcalls seq=001247 caller=QUEST2 target=70168717 DIST                 argc=4 site=70166E1C
gcalls seq=001251 caller=QUEST1 target=70168717 DIST                 argc=4 site=70166E1C
gcalls seq=001252 caller=QUEST1 target=70168717 DIST                 argc=4 site=70166E1C
gcalls seq=001253 caller=QUEST1 target=70168717 DIST                 argc=4 site=70166E1C
gcalls seq=001254 caller=QUEST2 target=70168717 DIST                 argc=4 site=70166E1C
gcalls seq=001258 caller=QUEST2 target=70168717 DIST                 argc=4 site=70166E1C
gcalls seq=001262 caller=QUEST2 target=70168717 DIST                 argc=4 site=70166E1C
gcalls seq=001266 caller=QUEST1 target=70168717 DIST                 argc=4 site=70166E1C
gcalls seq=001267 caller=QUEST2 target=70168717 DIST                 argc=4 site=70166E1C
gcalls seq=001271 caller=QUEST1 target=70168717 DIST                 argc=4 site=70166E1C
gcalls seq=001272 caller=QUEST1 target=70168717 DIST                 argc=4 site=70166E1C
gcalls seq=001273 caller=QUEST2 target=70168717 DIST                 argc=4 site=70166E1C
gcalls seq=001277 caller=QUEST2 target=70168717 DIST                 argc=4 site=70166E1C
gcalls seq=001281 caller=QUEST1 target=70168717 DIST                 argc=4 site=70166E1C
gcalls seq=001282 caller=QUEST1 target=70168717 DIST                 argc=4 site=70166E1C
gcalls seq=001283 caller=QUEST1 target=70168717 DIST                 argc=4 site=70166E1C
gcalls seq=001284 caller=QUEST2 target=70168717 DIST                 argc=4 site=70166E1C
gcalls seq=001288 caller=QUEST2 target=70168717 DIST                 argc=4 site=70166E1C
gcalls seq=001292 caller=QUEST2 target=70168717 DIST                 argc=4 site=70166E1C
gcalls seq=001296 caller=QUEST1 target=70168717 DIST                 argc=4 site=70166E1C
gcalls seq=001297 caller=QUEST2 target=70168717 DIST                 argc=4 site=70166E1C
gcalls seq=001301 caller=QUEST1 target=70168717 DIST                 argc=4 site=70166E1C
gcalls seq=001302 caller=QUEST1 target=70168717 DIST                 argc=4 site=70166E1C
gcalls seq=001303 caller=QUEST2 target=70168717 DIST                 argc=4 site=70166E1C
gcalls seq=001307 caller=QUEST2 target=70168717 DIST                 argc=4 site=70166E1C
gcalls seq=001311 caller=QUEST1 target=70168717 DIST                 argc=4 site=70166E1C
gcalls seq=001312 caller=QUEST1 target=70168717 DIST                 argc=4 site=70166E1C
gcalls seq=001313 caller=QUEST1 target=70168717 DIST                 argc=4 site=70166E1C
gcalls seq=001314 caller=QUEST2 target=70168717 DIST                 argc=4 site=70166E1C
gcalls seq=001318 caller=QUEST2 target=70168717 DIST                 argc=4 site=70166E1C
gcalls seq=001322 caller=QUEST2 target=70168717 DIST                 argc=4 site=70166E1C
gcalls seq=001326 caller=QUEST1 target=70168717 DIST                 argc=4 site=70166E1C
gcalls seq=001327 caller=QUEST1 target=70168717 DIST                 argc=4 site=70166E1C
gcalls seq=001328 caller=QUEST1 target=70168717 DIST                 argc=4 site=70166E1C
gcalls seq=001329 caller=QUEST2 target=70168717 DIST                 argc=4 site=70166E1C
gcalls seq=001333 caller=QUEST2 target=70168717 DIST                 argc=4 site=70166E1C
gcalls seq=001337 caller=QUEST2 target=70168717 DIST                 argc=4 site=70166E1C
gcalls seq=001341 caller=QUEST1 target=70168717 DIST                 argc=4 site=70166E1C
gcalls seq=001342 caller=QUEST1 target=70168717 DIST                 argc=4 site=70166E1C
gcalls seq=001343 caller=QUEST2 target=70168717 DIST                 argc=4 site=70166E1C
gcalls seq=001347 caller=QUEST2 target=70168717 DIST                 argc=4 site=70166E1C
gcalls seq=001349 caller=QUEST1 target=70168717 DIST                 argc=4 site=70166E1C
gcalls seq=001352 caller=QUEST2 target=70168717 DIST                 argc=4 site=70166E1C
gcalls seq=001356 caller=QUEST1 target=70168717 DIST                 argc=4 site=70166E1C
gcalls seq=001357 caller=QUEST1 target=70168717 DIST                 argc=4 site=70166E1C
gcalls seq=001358 caller=QUEST1 target=70168717 DIST                 argc=4 site=70166E1C
gcalls seq=001359 caller=QUEST2 target=70168717 DIST                 argc=4 site=70166E1C
gcalls seq=001363 caller=QUEST2 target=70168717 DIST                 argc=4 site=70166E1C
gcalls seq=001367 caller=QUEST2 target=70168717 DIST                 argc=4 site=70166E1C
gcalls seq=001371 caller=QUEST1 target=70168717 DIST                 argc=4 site=70166E1C
gcalls seq=001372 caller=QUEST2 target=70168717 DIST                 argc=4 site=70166E1C
gcalls seq=001374 caller=QUEST1 target=70168717 DIST                 argc=4 site=70166E1C
gcalls seq=001375 caller=QUEST1 target=70168717 DIST                 argc=4 site=70166E1C
gcalls seq=001378 caller=QUEST2 target=70168717 DIST                 argc=4 site=70166E1C
gcalls seq=001382 caller=QUEST2 target=70168717 DIST                 argc=4 site=70166E1C
gcalls seq=001386 caller=QUEST1 target=70168717 DIST                 argc=4 site=70166E1C
gcalls seq=001387 caller=QUEST1 target=70168717 DIST                 argc=4 site=70166E1C
gcalls seq=001388 caller=QUEST1 target=70168717 DIST                 argc=4 site=70166E1C
gcalls seq=001389 caller=QUEST2 target=70168717 DIST                 argc=4 site=70166E1C
gcalls seq=001393 caller=QUEST2 target=70168717 DIST                 argc=4 site=70166E1C
gcalls seq=001397 caller=QUEST2 target=70168717 DIST                 argc=4 site=70166E1C
gcalls seq=001401 caller=QUEST1 target=70168717 DIST                 argc=4 site=70166E1C
gcalls seq=001402 caller=QUEST2 target=70168717 DIST                 argc=4 site=70166E1C
gcalls seq=001404 caller=QUEST1 target=70168717 DIST                 argc=4 site=70166E1C
gcalls seq=001405 caller=QUEST1 target=70168717 DIST                 argc=4 site=70166E1C
gcalls seq=001408 caller=QUEST2 target=70168717 DIST                 argc=4 site=70166E1C
gcalls seq=001412 caller=QUEST2 target=70168717 DIST                 argc=4 site=70166E1C
gcalls seq=001416 caller=QUEST1 target=70168717 DIST                 argc=4 site=70166E1C
gcalls seq=001417 caller=QUEST1 target=70168717 DIST                 argc=4 site=70166E1C
gcalls seq=001418 caller=QUEST1 target=70168717 DIST                 argc=4 site=70166E1C
gcalls seq=001419 caller=QUEST2 target=70168717 DIST                 argc=4 site=70166E1C
gcalls seq=001423 caller=QUEST2 target=70168717 DIST                 argc=4 site=70166E1C
gcalls seq=001427 caller=QUEST2 target=70168717 DIST                 argc=4 site=70166E1C
gcalls seq=001431 caller=QUEST1 target=70168717 DIST                 argc=4 site=70166E1C
gcalls seq=001432 caller=QUEST2 target=70168717 DIST                 argc=4 site=70166E1C
gcalls seq=001434 caller=QUEST1 target=70168717 DIST                 argc=4 site=70166E1C
gcalls seq=001435 caller=QUEST1 target=70168717 DIST                 argc=4 site=70166E1C
gcalls seq=001438 caller=QUEST2 target=70168717 DIST                 argc=4 site=70166E1C
gcalls seq=001442 caller=QUEST2 target=70168717 DIST                 argc=4 site=70166E1C
gcalls seq=001446 caller=QUEST1 target=70168717 DIST                 argc=4 site=70166E1C
gcalls seq=001447 caller=QUEST1 target=70168717 DIST                 argc=4 site=70166E1C
gcalls seq=001448 caller=QUEST2 target=70168717 DIST                 argc=4 site=70166E1C
gcalls seq=001452 caller=QUEST2 target=70168717 DIST                 argc=4 site=70166E1C
gcalls seq=001456 caller=QUEST1 target=70168717 DIST                 argc=4 site=70166E1C
gcalls seq=001457 caller=QUEST2 target=70168717 DIST                 argc=4 site=70166E1C
gcalls seq=001461 caller=QUEST1 target=70168717 DIST                 argc=4 site=70166E1C
gcalls seq=001462 caller=QUEST1 target=70168717 DIST                 argc=4 site=70166E1C
gcalls seq=001463 caller=QUEST1 target=70168717 DIST                 argc=4 site=70166E1C
gcalls seq=001464 caller=QUEST2 target=70168717 DIST                 argc=4 site=70166E1C
gcalls seq=001468 caller=QUEST2 target=70168717 DIST                 argc=4 site=70166E1C
gcalls seq=001472 caller=QUEST2 target=70168717 DIST                 argc=4 site=70166E1C
gcalls seq=001476 caller=QUEST1 target=70168717 DIST                 argc=4 site=70166E1C
gcalls seq=001477 caller=QUEST2 target=70168717 DIST                 argc=4 site=70166E1C
gcalls seq=001481 caller=QUEST1 target=70168717 DIST                 argc=4 site=70166E1C
gcalls seq=001482 caller=QUEST1 target=70168717 DIST                 argc=4 site=70166E1C
gcalls seq=001483 caller=QUEST2 target=70168717 DIST                 argc=4 site=70166E1C
gcalls seq=001487 caller=QUEST2 target=70168717 DIST                 argc=4 site=70166E1C
gcalls seq=001491 caller=QUEST1 target=70168717 DIST                 argc=4 site=70166E1C
gcalls seq=001492 caller=QUEST1 target=70168717 DIST                 argc=4 site=70166E1C
gcalls seq=001493 caller=QUEST1 target=70168717 DIST                 argc=4 site=70166E1C
gcalls seq=001494 caller=QUEST2 target=70168717 DIST                 argc=4 site=70166E1C
gcalls seq=001498 caller=QUEST2 target=70168717 DIST                 argc=4 site=70166E1C
gcalls seq=001502 caller=QUEST2 target=70168717 DIST                 argc=4 site=70166E1C
gcalls seq=001506 caller=QUEST1 target=70168717 DIST                 argc=4 site=70166E1C
gcalls seq=001507 caller=QUEST1 target=70168717 DIST                 argc=4 site=70166E1C
gcalls seq=001508 caller=QUEST1 target=70168717 DIST                 argc=4 site=70166E1C
gcalls seq=001509 caller=QUEST2 target=70168717 DIST                 argc=4 site=70166E1C
gcalls seq=001513 caller=QUEST2 target=70168717 DIST                 argc=4 site=70166E1C
gcalls seq=001517 caller=QUEST2 target=70168717 DIST                 argc=4 site=70166E1C
gcalls seq=001521 caller=QUEST1 target=70168717 DIST                 argc=4 site=70166E1C
gcalls seq=001522 caller=QUEST2 target=70168717 DIST                 argc=4 site=70166E1C
gcalls seq=001525 caller=QUEST1 target=70168717 DIST                 argc=4 site=70166E1C
gcalls seq=001526 caller=QUEST1 target=70168717 DIST                 argc=4 site=70166E1C
gcalls seq=001528 caller=QUEST2 target=70168717 DIST                 argc=4 site=70166E1C
gcalls seq=001532 caller=QUEST2 target=70168717 DIST                 argc=4 site=70166E1C
gcalls seq=001536 caller=QUEST1 target=70168717 DIST                 argc=4 site=70166E1C
gcalls seq=001537 caller=QUEST1 target=70168717 DIST                 argc=4 site=70166E1C
gcalls seq=001538 caller=QUEST2 target=70168717 DIST                 argc=4 site=70166E1C
gcalls seq=001542 caller=QUEST2 target=70168717 DIST                 argc=4 site=70166E1C
gcalls seq=001546 caller=QUEST1 target=70168717 DIST                 argc=4 site=70166E1C
gcalls seq=001547 caller=QUEST2 target=70168717 DIST                 argc=4 site=70166E1C
gcalls seq=001551 caller=QUEST1 target=70168717 DIST                 argc=4 site=70166E1C
gcalls seq=001552 caller=QUEST1 target=70168717 DIST                 argc=4 site=70166E1C
gcalls seq=001553 caller=QUEST1 target=70168717 DIST                 argc=4 site=70166E1C
gcalls seq=001554 caller=QUEST2 target=70168717 DIST                 argc=4 site=70166E1C
gcalls seq=001558 caller=QUEST2 target=70168717 DIST                 argc=4 site=70166E1C
gcalls seq=001562 caller=QUEST2 target=70168717 DIST                 argc=4 site=70166E1C
gcalls seq=001566 caller=QUEST1 target=70168717 DIST                 argc=4 site=70166E1C
gcalls seq=001567 caller=QUEST2 target=70168717 DIST                 argc=4 site=70166E1C
gcalls seq=001571 caller=QUEST1 target=70168717 DIST                 argc=4 site=70166E1C
gcalls seq=001572 caller=QUEST1 target=70168717 DIST                 argc=4 site=70166E1C
gcalls seq=001573 caller=QUEST2 target=70168717 DIST                 argc=4 site=70166E1C
gcalls seq=001577 caller=QUEST2 target=70168717 DIST                 argc=4 site=70166E1C
gcalls seq=001581 caller=QUEST1 target=70168717 DIST                 argc=4 site=70166E1C
gcalls seq=001582 caller=QUEST1 target=70168717 DIST                 argc=4 site=70166E1C
gcalls seq=001583 caller=QUEST1 target=70168717 DIST                 argc=4 site=70166E1C
gcalls seq=001584 caller=QUEST2 target=70168717 DIST                 argc=4 site=70166E1C
gcalls seq=001588 caller=QUEST2 target=70168717 DIST                 argc=4 site=70166E1C
gcalls seq=001592 caller=QUEST2 target=70168717 DIST                 argc=4 site=70166E1C
gcalls seq=001596 caller=QUEST1 target=70168717 DIST                 argc=4 site=70166E1C
gcalls seq=001597 caller=QUEST1 target=70168717 DIST                 argc=4 site=70166E1C
gcalls seq=001598 caller=QUEST1 target=70168717 DIST                 argc=4 site=70166E1C
gcalls seq=001599 caller=QUEST2 target=70168717 DIST                 argc=4 site=70166E1C
gcalls seq=001603 caller=QUEST2 target=70168717 DIST                 argc=4 site=70166E1C
gcalls seq=001607 caller=QUEST2 target=70168717 DIST                 argc=4 site=70166E1C
gcalls seq=001611 caller=QUEST1 target=70168717 DIST                 argc=4 site=70166E1C
gcalls seq=001612 caller=QUEST1 target=70168717 DIST                 argc=4 site=70166E1C
gcalls seq=001613 caller=QUEST2 target=70168717 DIST                 argc=4 site=70166E1C
gcalls seq=001617 caller=QUEST2 target=70168717 DIST                 argc=4 site=70166E1C
gcalls seq=001620 caller=QUEST1 target=70168717 DIST                 argc=4 site=70166E1C
gcalls seq=001622 caller=QUEST2 target=70168717 DIST                 argc=4 site=70166E1C
gcalls seq=001626 caller=QUEST1 target=70168717 DIST                 argc=4 site=70166E1C
gcalls seq=001627 caller=QUEST1 target=70168717 DIST                 argc=4 site=70166E1C
gcalls seq=001628 caller=QUEST1 target=70168717 DIST                 argc=4 site=70166E1C
gcalls seq=001629 caller=QUEST2 target=70168717 DIST                 argc=4 site=70166E1C
gcalls seq=001633 caller=QUEST2 target=70168717 DIST                 argc=4 site=70166E1C
gcalls seq=001637 caller=QUEST2 target=70168717 DIST                 argc=4 site=70166E1C
gcalls seq=001641 caller=QUEST1 target=70168717 DIST                 argc=4 site=70166E1C
gcalls seq=001642 caller=QUEST2 target=70168717 DIST                 argc=4 site=70166E1C
gcalls seq=001645 caller=QUEST1 target=70168717 DIST                 argc=4 site=70166E1C
gcalls seq=001646 caller=QUEST1 target=70168717 DIST                 argc=4 site=70166E1C
gcalls seq=001648 caller=QUEST2 target=70168717 DIST                 argc=4 site=70166E1C
gcalls seq=001652 caller=QUEST2 target=70168717 DIST                 argc=4 site=70166E1C
gcalls seq=001656 caller=QUEST1 target=70168717 DIST                 argc=4 site=70166E1C
gcalls seq=001657 caller=QUEST1 target=70168717 DIST                 argc=4 site=70166E1C
gcalls seq=001658 caller=QUEST2 target=70168717 DIST                 argc=4 site=70166E1C
gcalls seq=001662 caller=QUEST2 target=70168717 DIST                 argc=4 site=70166E1C
gcalls seq=001666 caller=QUEST1 target=70168717 DIST                 argc=4 site=70166E1C
gcalls seq=001667 caller=QUEST2 target=70168717 DIST                 argc=4 site=70166E1C
gcalls seq=001671 caller=QUEST1 target=70168717 DIST                 argc=4 site=70166E1C
gcalls seq=001672 caller=QUEST1 target=70168717 DIST                 argc=4 site=70166E1C
gcalls seq=001673 caller=QUEST1 target=70168717 DIST                 argc=4 site=70166E1C
gcalls seq=001674 caller=QUEST2 target=70168717 DIST                 argc=4 site=70166E1C
gcalls seq=001678 caller=QUEST2 target=70168717 DIST                 argc=4 site=70166E1C
gcalls seq=001682 caller=QUEST2 target=70168717 DIST                 argc=4 site=70166E1C
gcalls seq=001686 caller=QUEST1 target=70168717 DIST                 argc=4 site=70166E1C
gcalls seq=001687 caller=QUEST1 target=70168717 DIST                 argc=4 site=70166E1C
gcalls seq=001688 caller=QUEST1 target=70168717 DIST                 argc=4 site=70166E1C
gcalls seq=001689 caller=QUEST2 target=70168717 DIST                 argc=4 site=70166E1C
gcalls seq=001693 caller=QUEST2 target=70168717 DIST                 argc=4 site=70166E1C
gcalls seq=001697 caller=QUEST2 target=70168717 DIST                 argc=4 site=70166E1C
gcalls seq=001701 caller=QUEST1 target=70168717 DIST                 argc=4 site=70166E1C
gcalls seq=001702 caller=QUEST1 target=70168717 DIST                 argc=4 site=70166E1C
gcalls seq=001703 caller=QUEST2 target=70168717 DIST                 argc=4 site=70166E1C
gcalls seq=001707 caller=QUEST2 target=70168717 DIST                 argc=4 site=70166E1C
gcalls seq=001710 caller=QUEST1 target=70168717 DIST                 argc=4 site=70166E1C
gcalls seq=001712 caller=QUEST2 target=70168717 DIST                 argc=4 site=70166E1C
gcalls seq=001716 caller=QUEST1 target=70168717 DIST                 argc=4 site=70166E1C
gcalls seq=001717 caller=QUEST1 target=70168717 DIST                 argc=4 site=70166E1C
gcalls seq=001718 caller=QUEST1 target=70168717 DIST                 argc=4 site=70166E1C
gcalls seq=001719 caller=QUEST2 target=70168717 DIST                 argc=4 site=70166E1C
gcalls seq=001723 caller=QUEST2 target=70168717 DIST                 argc=4 site=70166E1C
gcalls seq=001727 caller=QUEST2 target=70168717 DIST                 argc=4 site=70166E1C
gcalls seq=001731 caller=QUEST1 target=70168717 DIST                 argc=4 site=70166E1C
gcalls seq=001732 caller=QUEST1 target=70168717 DIST                 argc=4 site=70166E1C
gcalls seq=001733 caller=QUEST1 target=70168717 DIST                 argc=4 site=70166E1C
gcalls seq=001734 caller=QUEST2 target=70168717 DIST                 argc=4 site=70166E1C
gcalls seq=001738 caller=QUEST2 target=70168717 DIST                 argc=4 site=70166E1C
gcalls seq=001742 caller=QUEST2 target=70168717 DIST                 argc=4 site=70166E1C
gcalls seq=001746 caller=QUEST1 target=70168717 DIST                 argc=4 site=70166E1C
gcalls seq=001747 caller=QUEST2 target=70168717 DIST                 argc=4 site=70166E1C
gcalls seq=001751 caller=QUEST1 target=70168717 DIST                 argc=4 site=70166E1C
gcalls seq=001752 caller=QUEST1 target=70168717 DIST                 argc=4 site=70166E1C
gcalls seq=001753 caller=QUEST2 target=70168717 DIST                 argc=4 site=70166E1C
gcalls seq=001757 caller=QUEST2 target=70168717 DIST                 argc=4 site=70166E1C
gcalls seq=001761 caller=QUEST1 target=70168717 DIST                 argc=4 site=70166E1C
gcalls seq=001762 caller=QUEST1 target=70168717 DIST                 argc=4 site=70166E1C
gcalls seq=001763 caller=QUEST1 target=70168717 DIST                 argc=4 site=70166E1C
gcalls seq=001764 caller=QUEST2 target=70168717 DIST                 argc=4 site=70166E1C
gcalls seq=001768 caller=QUEST2 target=70168717 DIST                 argc=4 site=70166E1C
gcalls seq=001772 caller=QUEST2 target=70168717 DIST                 argc=4 site=70166E1C
gcalls seq=001776 caller=QUEST1 target=70168717 DIST                 argc=4 site=70166E1C
gcalls seq=001777 caller=QUEST1 target=70168717 DIST                 argc=4 site=70166E1C
gcalls seq=001778 caller=QUEST1 target=70168717 DIST                 argc=4 site=70166E1C
gcalls seq=001779 caller=QUEST2 target=70168717 DIST                 argc=4 site=70166E1C
gcalls seq=001783 caller=QUEST2 target=70168717 DIST                 argc=4 site=70166E1C
gcalls seq=001787 caller=QUEST2 target=70168717 DIST                 argc=4 site=70166E1C
gcalls seq=001791 caller=QUEST1 target=70168717 DIST                 argc=4 site=70166E1C
gcalls seq=001792 caller=QUEST2 target=70168717 DIST                 argc=4 site=70166E1C
gcalls seq=001795 caller=QUEST1 target=70168717 DIST                 argc=4 site=70166E1C
gcalls seq=001796 caller=QUEST1 target=70168717 DIST                 argc=4 site=70166E1C
gcalls seq=001798 caller=QUEST2 target=70168717 DIST                 argc=4 site=70166E1C
gcalls seq=001802 caller=QUEST2 target=70168717 DIST                 argc=4 site=70166E1C
gcalls seq=001806 caller=QUEST1 target=70168717 DIST                 argc=4 site=70166E1C
gcalls seq=001807 caller=QUEST1 target=70168717 DIST                 argc=4 site=70166E1C
gcalls seq=001808 caller=QUEST1 target=70168717 DIST                 argc=4 site=70166E1C
gcalls seq=001809 caller=QUEST2 target=70168717 DIST                 argc=4 site=70166E1C
gcalls seq=001813 caller=QUEST2 target=70168717 DIST                 argc=4 site=70166E1C
gcalls seq=001817 caller=QUEST2 target=70168717 DIST                 argc=4 site=70166E1C
gcalls seq=001821 caller=QUEST1 target=70168717 DIST                 argc=4 site=70166E1C
gcalls seq=001822 caller=QUEST1 target=70168717 DIST                 argc=4 site=70166E1C
gcalls seq=001823 caller=QUEST1 target=70168717 DIST                 argc=4 site=70166E1C
gcalls seq=001824 caller=QUEST2 target=70168717 DIST                 argc=4 site=70166E1C
gcalls seq=001828 caller=QUEST2 target=70168717 DIST                 argc=4 site=70166E1C
gcalls seq=001832 caller=QUEST2 target=70168717 DIST                 argc=4 site=70166E1C
gcalls seq=001836 caller=QUEST1 target=70168717 DIST                 argc=4 site=70166E1C
gcalls seq=001837 caller=QUEST1 target=70168717 DIST                 argc=4 site=70166E1C
gcalls seq=001838 caller=QUEST1 target=70168717 DIST                 argc=4 site=70166E1C
gcalls seq=001839 caller=QUEST2 target=70168717 DIST                 argc=4 site=70166E1C
gcalls seq=001843 caller=QUEST2 target=70168717 DIST                 argc=4 site=70166E1C
gcalls seq=001847 caller=QUEST2 target=70168717 DIST                 argc=4 site=70166E1C
gcalls seq=001851 caller=QUEST1 target=70168717 DIST                 argc=4 site=70166E1C
gcalls seq=001852 caller=QUEST1 target=70168717 DIST                 argc=4 site=70166E1C
gcalls seq=001853 caller=QUEST1 target=70168717 DIST                 argc=4 site=70166E1C
gcalls seq=001854 caller=QUEST2 target=70168717 DIST                 argc=4 site=70166E1C
gcalls seq=001858 caller=QUEST2 target=70168717 DIST                 argc=4 site=70166E1C
gcalls seq=001862 caller=QUEST2 target=70168717 DIST                 argc=4 site=70166E1C
gcalls seq=001866 caller=QUEST1 target=70168717 DIST                 argc=4 site=70166E1C
gcalls seq=001867 caller=QUEST1 target=70168717 DIST                 argc=4 site=70166E1C
gcalls seq=001868 caller=QUEST2 target=70168717 DIST                 argc=4 site=70166E1C
gcalls seq=001872 caller=QUEST2 target=70168717 DIST                 argc=4 site=70166E1C
gcalls seq=001876 caller=QUEST1 target=70168717 DIST                 argc=4 site=70166E1C
gcalls seq=001877 caller=QUEST2 target=70168717 DIST                 argc=4 site=70166E1C
gcalls seq=001881 caller=QUEST1 target=70168717 DIST                 argc=4 site=70166E1C
gcalls seq=001882 caller=QUEST1 target=70168717 DIST                 argc=4 site=70166E1C
gcalls seq=001883 caller=QUEST1 target=70168717 DIST                 argc=4 site=70166E1C
gcalls seq=001884 caller=QUEST2 target=70168717 DIST                 argc=4 site=70166E1C
gcalls seq=001888 caller=QUEST2 target=70168717 DIST                 argc=4 site=70166E1C
gcalls seq=001892 caller=QUEST2 target=70168717 DIST                 argc=4 site=70166E1C
gcalls seq=001896 caller=QUEST1 target=70168717 DIST                 argc=4 site=70166E1C
gcalls seq=001897 caller=QUEST1 target=70168717 DIST                 argc=4 site=70166E1C
gcalls seq=001898 caller=QUEST2 target=70168717 DIST                 argc=4 site=70166E1C
gcalls seq=001902 caller=QUEST2 target=70168717 DIST                 argc=4 site=70166E1C
gcalls seq=001906 caller=QUEST1 target=70168717 DIST                 argc=4 site=70166E1C
gcalls seq=001907 caller=QUEST2 target=70168717 DIST                 argc=4 site=70166E1C
gcalls seq=001911 caller=QUEST1 target=70168717 DIST                 argc=4 site=70166E1C
gcalls seq=001912 caller=QUEST1 target=70168717 DIST                 argc=4 site=70166E1C
gcalls seq=001913 caller=QUEST1 target=70168717 DIST                 argc=4 site=70166E1C
gcalls seq=001914 caller=QUEST2 target=70168717 DIST                 argc=4 site=70166E1C
gcalls seq=001918 caller=QUEST2 target=70168717 DIST                 argc=4 site=70166E1C
gcalls seq=001922 caller=QUEST2 target=70168717 DIST                 argc=4 site=70166E1C
gcalls seq=001926 caller=QUEST1 target=70168717 DIST                 argc=4 site=70166E1C
gcalls seq=001927 caller=QUEST1 target=70168717 DIST                 argc=4 site=70166E1C
gcalls seq=001928 caller=QUEST2 target=70168717 DIST                 argc=4 site=70166E1C
gcalls seq=001932 caller=QUEST2 target=70168717 DIST                 argc=4 site=70166E1C
gcalls seq=001936 caller=QUEST1 target=70168717 DIST                 argc=4 site=70166E1C
gcalls seq=001937 caller=QUEST2 target=70168717 DIST                 argc=4 site=70166E1C
gcalls seq=001941 caller=QUEST1 target=70168717 DIST                 argc=4 site=70166E1C
gcalls seq=001942 caller=QUEST1 target=70168717 DIST                 argc=4 site=70166E1C
gcalls seq=001943 caller=QUEST1 target=70168717 DIST                 argc=4 site=70166E1C
gcalls seq=001944 caller=QUEST2 target=70168717 DIST                 argc=4 site=70166E1C
gcalls seq=001948 caller=QUEST2 target=70168717 DIST                 argc=4 site=70166E1C
gcalls seq=001952 caller=QUEST2 target=70168717 DIST                 argc=4 site=70166E1C
gcalls seq=001956 caller=QUEST1 target=70168717 DIST                 argc=4 site=70166E1C
gcalls seq=001957 caller=QUEST1 target=70168717 DIST                 argc=4 site=70166E1C
gcalls seq=001958 caller=QUEST2 target=70168717 DIST                 argc=4 site=70166E1C
gcalls seq=001962 caller=QUEST2 target=70168717 DIST                 argc=4 site=70166E1C
gcalls seq=001966 caller=QUEST1 target=70168717 DIST                 argc=4 site=70166E1C
gcalls seq=001967 caller=QUEST2 target=70168717 DIST                 argc=4 site=70166E1C
gcalls seq=001971 caller=QUEST1 target=70168717 DIST                 argc=4 site=70166E1C
gcalls seq=001972 caller=QUEST1 target=70168717 DIST                 argc=4 site=70166E1C
gcalls seq=001973 caller=QUEST1 target=70168717 DIST                 argc=4 site=70166E1C
gcalls seq=001974 caller=QUEST2 target=70168717 DIST                 argc=4 site=70166E1C
gcalls seq=001978 caller=QUEST2 target=70168717 DIST                 argc=4 site=70166E1C
gcalls seq=001982 caller=QUEST2 target=70168717 DIST                 argc=4 site=70166E1C
gcalls seq=001993 caller=QUEST1 target=7017CD71 TERRITORY            argc=6 site=701670EE
gcalls seq=001994 caller=QUEST2 target=7017CD71 TERRITORY            argc=6 site=701670EE
gcalls seq=002031 caller=QUEST1 target=701674B5 DISPLAY_INVENTORY    argc=1 site=7016BD33
gcalls seq=002032 caller=QUEST2 target=701674B5 DISPLAY_INVENTORY    argc=1 site=7016BD33
gcalls seq=002229 caller=QUEST1 target=7017C877 TERRAIN              argc=9 site=7015C518
gcalls seq=002230 caller=QUEST1 target=7017821F START_TURN           argc=0 site=7015C5DC
gcalls seq=002231 caller=QUEST2 target=7017C877 TERRAIN              argc=9 site=7015C518
gcalls seq=002232 caller=QUEST2 target=7017821F START_TURN           argc=0 site=7015C5DC
gcalls seq=002241 caller=QUEST1 target=7016AA35 GET_INPUT            argc=1 site=7017826C
gcalls seq=002242 caller=QUEST2 target=7016AA35 GET_INPUT            argc=1 site=7017826C
gcalls seq=002264 caller=QUEST1 target=7016AA35 GET_INPUT            argc=1 site=7017826C
gcalls seq=002265 caller=QUEST2 target=7016AA35 GET_INPUT            argc=1 site=7017826C
gcalls seq=002273 caller=QUEST1 target=70175CBF OWNS                 argc=2 site=70178537
gcalls seq=002274 caller=QUEST1 target=7017A695 STORMS_AT_SEA        argc=1 site=70178808
gcalls seq=002275 caller=QUEST2 target=70175CBF OWNS                 argc=2 site=70178537
gcalls seq=002278 caller=QUEST2 target=7017A695 STORMS_AT_SEA        argc=1 site=70178808
gcalls seq=002279 caller=QUEST1 target=7016FC67 MOVE_FAMILIAR        argc=1 site=7017880F
gcalls seq=002280 caller=QUEST1 target=70177BED SIGNAL_TURN          argc=0 site=7017883D
gcalls seq=002281 caller=QUEST2 target=7016FC67 MOVE_FAMILIAR        argc=1 site=7017880F
gcalls seq=002282 caller=QUEST2 target=70177BED SIGNAL_TURN          argc=0 site=7017883D
gcalls seq=002290 caller=QUEST1 target=70169B0F LOCK_FILE            argc=2 site=70177F0B
gcalls seq=002291 caller=QUEST2 target=70169B0F LOCK_FILE            argc=2 site=70177F0B
gcalls seq=002306 caller=QUEST1 target=70176797 REGEN_SPELLS         argc=0 site=70178865
gcalls seq=002307 caller=QUEST2 target=70176797 REGEN_SPELLS         argc=0 site=70178865
gcalls seq=002308 caller=QUEST1 target=70166AF9 DISPLAY_SCREEN       argc=1 site=701788CE
gcalls seq=002309 caller=QUEST2 target=70166AF9 DISPLAY_SCREEN       argc=1 site=701788CE
gcalls seq=002310 caller=QUEST1 target=70168717 DIST                 argc=4 site=70166B86
gcalls seq=002311 caller=QUEST1 target=70168717 DIST                 argc=4 site=70166B86
gcalls seq=002312 caller=QUEST1 target=70168717 DIST                 argc=4 site=70166B86
gcalls seq=002313 caller=QUEST2 target=70168717 DIST                 argc=4 site=70166B86
gcalls seq=002317 caller=QUEST2 target=70168717 DIST                 argc=4 site=70166B86
gcalls seq=002321 caller=QUEST2 target=70168717 DIST                 argc=4 site=70166B86
gcalls seq=002325 caller=QUEST1 target=70168717 DIST                 argc=4 site=70166E1C
gcalls seq=002326 caller=QUEST1 target=70168717 DIST                 argc=4 site=70166E1C
gcalls seq=002327 caller=QUEST1 target=70168717 DIST                 argc=4 site=70166E1C
gcalls seq=002328 caller=QUEST2 target=70168717 DIST                 argc=4 site=70166E1C
gcalls seq=002332 caller=QUEST2 target=70168717 DIST                 argc=4 site=70166E1C
gcalls seq=002336 caller=QUEST2 target=70168717 DIST                 argc=4 site=70166E1C
gcalls seq=002340 caller=QUEST1 target=70168717 DIST                 argc=4 site=70166E1C
gcalls seq=002341 caller=QUEST1 target=70168717 DIST                 argc=4 site=70166E1C
gcalls seq=002342 caller=QUEST1 target=70168717 DIST                 argc=4 site=70166E1C
gcalls seq=002343 caller=QUEST2 target=70168717 DIST                 argc=4 site=70166E1C
gcalls seq=002347 caller=QUEST2 target=70168717 DIST                 argc=4 site=70166E1C
gcalls seq=002351 caller=QUEST2 target=70168717 DIST                 argc=4 site=70166E1C
gcalls seq=002355 caller=QUEST1 target=70168717 DIST                 argc=4 site=70166E1C
gcalls seq=002356 caller=QUEST1 target=70168717 DIST                 argc=4 site=70166E1C
gcalls seq=002357 caller=QUEST2 target=70168717 DIST                 argc=4 site=70166E1C
gcalls seq=002361 caller=QUEST2 target=70168717 DIST                 argc=4 site=70166E1C
gcalls seq=002363 caller=QUEST1 target=70168717 DIST                 argc=4 site=70166E1C
gcalls seq=002366 caller=QUEST2 target=70168717 DIST                 argc=4 site=70166E1C
gcalls seq=002370 caller=QUEST1 target=70168717 DIST                 argc=4 site=70166E1C
gcalls seq=002371 caller=QUEST1 target=70168717 DIST                 argc=4 site=70166E1C
gcalls seq=002372 caller=QUEST1 target=70168717 DIST                 argc=4 site=70166E1C
gcalls seq=002373 caller=QUEST2 target=70168717 DIST                 argc=4 site=70166E1C
gcalls seq=002377 caller=QUEST2 target=70168717 DIST                 argc=4 site=70166E1C
gcalls seq=002381 caller=QUEST2 target=70168717 DIST                 argc=4 site=70166E1C
gcalls seq=002385 caller=QUEST1 target=70168717 DIST                 argc=4 site=70166E1C
gcalls seq=002386 caller=QUEST1 target=70168717 DIST                 argc=4 site=70166E1C
gcalls seq=002387 caller=QUEST1 target=70168717 DIST                 argc=4 site=70166E1C
gcalls seq=002388 caller=QUEST2 target=70168717 DIST                 argc=4 site=70166E1C
gcalls seq=002392 caller=QUEST2 target=70168717 DIST                 argc=4 site=70166E1C
gcalls seq=002396 caller=QUEST2 target=70168717 DIST                 argc=4 site=70166E1C
gcalls seq=002399 caller=QUEST1 target=70168717 DIST                 argc=4 site=70166E1C
gcalls seq=002401 caller=QUEST2 target=70168717 DIST                 argc=4 site=70166E1C
gcalls seq=002404 caller=QUEST1 target=70168717 DIST                 argc=4 site=70166E1C
gcalls seq=002405 caller=QUEST1 target=70168717 DIST                 argc=4 site=70166E1C
gcalls seq=002407 caller=QUEST2 target=70168717 DIST                 argc=4 site=70166E1C
gcalls seq=002411 caller=QUEST2 target=70168717 DIST                 argc=4 site=70166E1C
gcalls seq=002415 caller=QUEST1 target=70168717 DIST                 argc=4 site=70166E1C
gcalls seq=002416 caller=QUEST1 target=70168717 DIST                 argc=4 site=70166E1C
gcalls seq=002417 caller=QUEST1 target=70168717 DIST                 argc=4 site=70166E1C
gcalls seq=002418 caller=QUEST2 target=70168717 DIST                 argc=4 site=70166E1C
gcalls seq=002422 caller=QUEST2 target=70168717 DIST                 argc=4 site=70166E1C
gcalls seq=002426 caller=QUEST2 target=70168717 DIST                 argc=4 site=70166E1C
gcalls seq=002430 caller=QUEST1 target=70168717 DIST                 argc=4 site=70166E1C
gcalls seq=002431 caller=QUEST1 target=70168717 DIST                 argc=4 site=70166E1C
gcalls seq=002432 caller=QUEST2 target=70168717 DIST                 argc=4 site=70166E1C
gcalls seq=002436 caller=QUEST2 target=70168717 DIST                 argc=4 site=70166E1C
gcalls seq=002439 caller=QUEST1 target=70168717 DIST                 argc=4 site=70166E1C
gcalls seq=002441 caller=QUEST2 target=70168717 DIST                 argc=4 site=70166E1C
gcalls seq=002445 caller=QUEST1 target=70168717 DIST                 argc=4 site=70166E1C
gcalls seq=002446 caller=QUEST1 target=70168717 DIST                 argc=4 site=70166E1C
gcalls seq=002447 caller=QUEST1 target=70168717 DIST                 argc=4 site=70166E1C
gcalls seq=002448 caller=QUEST2 target=70168717 DIST                 argc=4 site=70166E1C
gcalls seq=002452 caller=QUEST2 target=70168717 DIST                 argc=4 site=70166E1C
gcalls seq=002456 caller=QUEST2 target=70168717 DIST                 argc=4 site=70166E1C
gcalls seq=002460 caller=QUEST1 target=70168717 DIST                 argc=4 site=70166E1C
gcalls seq=002461 caller=QUEST1 target=70168717 DIST                 argc=4 site=70166E1C
gcalls seq=002462 caller=QUEST1 target=70168717 DIST                 argc=4 site=70166E1C
gcalls seq=002463 caller=QUEST2 target=70168717 DIST                 argc=4 site=70166E1C
gcalls seq=002467 caller=QUEST2 target=70168717 DIST                 argc=4 site=70166E1C
gcalls seq=002471 caller=QUEST2 target=70168717 DIST                 argc=4 site=70166E1C
gcalls seq=002475 caller=QUEST1 target=70168717 DIST                 argc=4 site=70166E1C
gcalls seq=002476 caller=QUEST2 target=70168717 DIST                 argc=4 site=70166E1C
gcalls seq=002480 caller=QUEST1 target=70168717 DIST                 argc=4 site=70166E1C
gcalls seq=002481 caller=QUEST1 target=70168717 DIST                 argc=4 site=70166E1C
gcalls seq=002482 caller=QUEST2 target=70168717 DIST                 argc=4 site=70166E1C
gcalls seq=002486 caller=QUEST2 target=70168717 DIST                 argc=4 site=70166E1C
gcalls seq=002490 caller=QUEST1 target=70168717 DIST                 argc=4 site=70166E1C
gcalls seq=002491 caller=QUEST1 target=70168717 DIST                 argc=4 site=70166E1C
gcalls seq=002492 caller=QUEST1 target=70168717 DIST                 argc=4 site=70166E1C
gcalls seq=002493 caller=QUEST2 target=70168717 DIST                 argc=4 site=70166E1C
gcalls seq=002497 caller=QUEST2 target=70168717 DIST                 argc=4 site=70166E1C
gcalls seq=002501 caller=QUEST2 target=70168717 DIST                 argc=4 site=70166E1C
gcalls seq=002505 caller=QUEST1 target=70168717 DIST                 argc=4 site=70166E1C
gcalls seq=002506 caller=QUEST2 target=70168717 DIST                 argc=4 site=70166E1C
gcalls seq=002510 caller=QUEST1 target=70168717 DIST                 argc=4 site=70166E1C
gcalls seq=002511 caller=QUEST1 target=70168717 DIST                 argc=4 site=70166E1C
gcalls seq=002512 caller=QUEST2 target=70168717 DIST                 argc=4 site=70166E1C
gcalls seq=002516 caller=QUEST2 target=70168717 DIST                 argc=4 site=70166E1C
gcalls seq=002520 caller=QUEST1 target=70168717 DIST                 argc=4 site=70166E1C
gcalls seq=002521 caller=QUEST1 target=70168717 DIST                 argc=4 site=70166E1C
gcalls seq=002522 caller=QUEST1 target=70168717 DIST                 argc=4 site=70166E1C
gcalls seq=002523 caller=QUEST2 target=70168717 DIST                 argc=4 site=70166E1C
gcalls seq=002527 caller=QUEST2 target=70168717 DIST                 argc=4 site=70166E1C
gcalls seq=002531 caller=QUEST2 target=70168717 DIST                 argc=4 site=70166E1C
gcalls seq=002535 caller=QUEST1 target=70168717 DIST                 argc=4 site=70166E1C
gcalls seq=002536 caller=QUEST1 target=70168717 DIST                 argc=4 site=70166E1C
gcalls seq=002537 caller=QUEST1 target=70168717 DIST                 argc=4 site=70166E1C
gcalls seq=002538 caller=QUEST2 target=70168717 DIST                 argc=4 site=70166E1C
gcalls seq=002542 caller=QUEST2 target=70168717 DIST                 argc=4 site=70166E1C
gcalls seq=002546 caller=QUEST2 target=70168717 DIST                 argc=4 site=70166E1C
gcalls seq=002550 caller=QUEST1 target=70168717 DIST                 argc=4 site=70166E1C
gcalls seq=002551 caller=QUEST1 target=70168717 DIST                 argc=4 site=70166E1C
gcalls seq=002552 caller=QUEST1 target=70168717 DIST                 argc=4 site=70166E1C
gcalls seq=002553 caller=QUEST2 target=70168717 DIST                 argc=4 site=70166E1C
gcalls seq=002557 caller=QUEST2 target=70168717 DIST                 argc=4 site=70166E1C
gcalls seq=002561 caller=QUEST2 target=70168717 DIST                 argc=4 site=70166E1C
gcalls seq=002565 caller=QUEST1 target=70168717 DIST                 argc=4 site=70166E1C
gcalls seq=002566 caller=QUEST1 target=70168717 DIST                 argc=4 site=70166E1C
gcalls seq=002567 caller=QUEST1 target=70168717 DIST                 argc=4 site=70166E1C
gcalls seq=002568 caller=QUEST2 target=70168717 DIST                 argc=4 site=70166E1C
gcalls seq=002572 caller=QUEST2 target=70168717 DIST                 argc=4 site=70166E1C
gcalls seq=002576 caller=QUEST2 target=70168717 DIST                 argc=4 site=70166E1C
gcalls seq=002580 caller=QUEST1 target=70168717 DIST                 argc=4 site=70166E1C
gcalls seq=002581 caller=QUEST1 target=70168717 DIST                 argc=4 site=70166E1C
gcalls seq=002582 caller=QUEST2 target=70168717 DIST                 argc=4 site=70166E1C
gcalls seq=002586 caller=QUEST2 target=70168717 DIST                 argc=4 site=70166E1C
gcalls seq=002589 caller=QUEST1 target=70168717 DIST                 argc=4 site=70166E1C
gcalls seq=002591 caller=QUEST2 target=70168717 DIST                 argc=4 site=70166E1C
gcalls seq=002595 caller=QUEST1 target=70168717 DIST                 argc=4 site=70166E1C
gcalls seq=002596 caller=QUEST1 target=70168717 DIST                 argc=4 site=70166E1C
gcalls seq=002597 caller=QUEST1 target=70168717 DIST                 argc=4 site=70166E1C
gcalls seq=002598 caller=QUEST2 target=70168717 DIST                 argc=4 site=70166E1C
gcalls seq=002602 caller=QUEST2 target=70168717 DIST                 argc=4 site=70166E1C
gcalls seq=002606 caller=QUEST2 target=70168717 DIST                 argc=4 site=70166E1C
gcalls seq=002610 caller=QUEST1 target=70168717 DIST                 argc=4 site=70166E1C
gcalls seq=002611 caller=QUEST2 target=70168717 DIST                 argc=4 site=70166E1C
gcalls seq=002614 caller=QUEST1 target=70168717 DIST                 argc=4 site=70166E1C
gcalls seq=002615 caller=QUEST1 target=70168717 DIST                 argc=4 site=70166E1C
gcalls seq=002617 caller=QUEST2 target=70168717 DIST                 argc=4 site=70166E1C
gcalls seq=002621 caller=QUEST2 target=70168717 DIST                 argc=4 site=70166E1C
gcalls seq=002625 caller=QUEST1 target=70168717 DIST                 argc=4 site=70166E1C
gcalls seq=002626 caller=QUEST1 target=70168717 DIST                 argc=4 site=70166E1C
gcalls seq=002627 caller=QUEST1 target=70168717 DIST                 argc=4 site=70166E1C
gcalls seq=002628 caller=QUEST2 target=70168717 DIST                 argc=4 site=70166E1C
gcalls seq=002632 caller=QUEST2 target=70168717 DIST                 argc=4 site=70166E1C
gcalls seq=002636 caller=QUEST2 target=70168717 DIST                 argc=4 site=70166E1C
gcalls seq=002640 caller=QUEST1 target=70168717 DIST                 argc=4 site=70166E1C
gcalls seq=002641 caller=QUEST2 target=70168717 DIST                 argc=4 site=70166E1C
gcalls seq=002645 caller=QUEST1 target=70168717 DIST                 argc=4 site=70166E1C
gcalls seq=002646 caller=QUEST1 target=70168717 DIST                 argc=4 site=70166E1C
gcalls seq=002647 caller=QUEST2 target=70168717 DIST                 argc=4 site=70166E1C
gcalls seq=002651 caller=QUEST2 target=70168717 DIST                 argc=4 site=70166E1C
gcalls seq=002655 caller=QUEST1 target=70168717 DIST                 argc=4 site=70166E1C
gcalls seq=002656 caller=QUEST1 target=70168717 DIST                 argc=4 site=70166E1C
gcalls seq=002657 caller=QUEST1 target=70168717 DIST                 argc=4 site=70166E1C
gcalls seq=002658 caller=QUEST2 target=70168717 DIST                 argc=4 site=70166E1C
gcalls seq=002662 caller=QUEST2 target=70168717 DIST                 argc=4 site=70166E1C
gcalls seq=002666 caller=QUEST2 target=70168717 DIST                 argc=4 site=70166E1C
gcalls seq=002670 caller=QUEST1 target=70168717 DIST                 argc=4 site=70166E1C
gcalls seq=002671 caller=QUEST2 target=70168717 DIST                 argc=4 site=70166E1C
gcalls seq=002675 caller=QUEST1 target=70168717 DIST                 argc=4 site=70166E1C
gcalls seq=002676 caller=QUEST1 target=70168717 DIST                 argc=4 site=70166E1C
gcalls seq=002677 caller=QUEST2 target=70168717 DIST                 argc=4 site=70166E1C
gcalls seq=002681 caller=QUEST2 target=70168717 DIST                 argc=4 site=70166E1C
gcalls seq=002685 caller=QUEST1 target=70168717 DIST                 argc=4 site=70166E1C
gcalls seq=002686 caller=QUEST1 target=70168717 DIST                 argc=4 site=70166E1C
gcalls seq=002687 caller=QUEST1 target=70168717 DIST                 argc=4 site=70166E1C
gcalls seq=002688 caller=QUEST2 target=70168717 DIST                 argc=4 site=70166E1C
gcalls seq=002692 caller=QUEST2 target=70168717 DIST                 argc=4 site=70166E1C
gcalls seq=002696 caller=QUEST2 target=70168717 DIST                 argc=4 site=70166E1C
gcalls seq=002700 caller=QUEST1 target=70168717 DIST                 argc=4 site=70166E1C
gcalls seq=002701 caller=QUEST2 target=70168717 DIST                 argc=4 site=70166E1C
gcalls seq=002703 caller=QUEST1 target=70168717 DIST                 argc=4 site=70166E1C
gcalls seq=002704 caller=QUEST1 target=70168717 DIST                 argc=4 site=70166E1C
gcalls seq=002707 caller=QUEST2 target=70168717 DIST                 argc=4 site=70166E1C
gcalls seq=002711 caller=QUEST2 target=70168717 DIST                 argc=4 site=70166E1C
gcalls seq=002715 caller=QUEST1 target=70168717 DIST                 argc=4 site=70166E1C
gcalls seq=002716 caller=QUEST1 target=70168717 DIST                 argc=4 site=70166E1C
gcalls seq=002717 caller=QUEST1 target=70168717 DIST                 argc=4 site=70166E1C
gcalls seq=002718 caller=QUEST2 target=70168717 DIST                 argc=4 site=70166E1C
gcalls seq=002722 caller=QUEST2 target=70168717 DIST                 argc=4 site=70166E1C
gcalls seq=002726 caller=QUEST2 target=70168717 DIST                 argc=4 site=70166E1C
gcalls seq=002730 caller=QUEST1 target=70168717 DIST                 argc=4 site=70166E1C
gcalls seq=002731 caller=QUEST2 target=70168717 DIST                 argc=4 site=70166E1C
gcalls seq=002734 caller=QUEST1 target=70168717 DIST                 argc=4 site=70166E1C
gcalls seq=002735 caller=QUEST1 target=70168717 DIST                 argc=4 site=70166E1C
gcalls seq=002737 caller=QUEST2 target=70168717 DIST                 argc=4 site=70166E1C
gcalls seq=002741 caller=QUEST2 target=70168717 DIST                 argc=4 site=70166E1C
gcalls seq=002745 caller=QUEST1 target=70168717 DIST                 argc=4 site=70166E1C
gcalls seq=002746 caller=QUEST1 target=70168717 DIST                 argc=4 site=70166E1C
gcalls seq=002747 caller=QUEST1 target=70168717 DIST                 argc=4 site=70166E1C
gcalls seq=002748 caller=QUEST2 target=70168717 DIST                 argc=4 site=70166E1C
gcalls seq=002752 caller=QUEST2 target=70168717 DIST                 argc=4 site=70166E1C
gcalls seq=002756 caller=QUEST2 target=70168717 DIST                 argc=4 site=70166E1C
gcalls seq=002760 caller=QUEST1 target=70168717 DIST                 argc=4 site=70166E1C
gcalls seq=002761 caller=QUEST2 target=70168717 DIST                 argc=4 site=70166E1C
gcalls seq=002764 caller=QUEST1 target=70168717 DIST                 argc=4 site=70166E1C
gcalls seq=002765 caller=QUEST1 target=70168717 DIST                 argc=4 site=70166E1C
gcalls seq=002767 caller=QUEST2 target=70168717 DIST                 argc=4 site=70166E1C
gcalls seq=002771 caller=QUEST2 target=70168717 DIST                 argc=4 site=70166E1C
gcalls seq=002775 caller=QUEST1 target=70168717 DIST                 argc=4 site=70166E1C
gcalls seq=002776 caller=QUEST1 target=70168717 DIST                 argc=4 site=70166E1C
gcalls seq=002777 caller=QUEST1 target=70168717 DIST                 argc=4 site=70166E1C
gcalls seq=002778 caller=QUEST2 target=70168717 DIST                 argc=4 site=70166E1C
gcalls seq=002782 caller=QUEST2 target=70168717 DIST                 argc=4 site=70166E1C
gcalls seq=002786 caller=QUEST2 target=70168717 DIST                 argc=4 site=70166E1C
gcalls seq=002790 caller=QUEST1 target=70168717 DIST                 argc=4 site=70166E1C
gcalls seq=002791 caller=QUEST2 target=70168717 DIST                 argc=4 site=70166E1C
gcalls seq=002795 caller=QUEST1 target=70168717 DIST                 argc=4 site=70166E1C
gcalls seq=002796 caller=QUEST1 target=70168717 DIST                 argc=4 site=70166E1C
gcalls seq=002797 caller=QUEST2 target=70168717 DIST                 argc=4 site=70166E1C
gcalls seq=002801 caller=QUEST2 target=70168717 DIST                 argc=4 site=70166E1C
gcalls seq=002805 caller=QUEST1 target=70168717 DIST                 argc=4 site=70166E1C
gcalls seq=002806 caller=QUEST1 target=70168717 DIST                 argc=4 site=70166E1C
gcalls seq=002807 caller=QUEST1 target=70168717 DIST                 argc=4 site=70166E1C
gcalls seq=002808 caller=QUEST2 target=70168717 DIST                 argc=4 site=70166E1C
gcalls seq=002812 caller=QUEST2 target=70168717 DIST                 argc=4 site=70166E1C
gcalls seq=002816 caller=QUEST2 target=70168717 DIST                 argc=4 site=70166E1C
gcalls seq=002820 caller=QUEST1 target=70168717 DIST                 argc=4 site=70166E1C
gcalls seq=002821 caller=QUEST2 target=70168717 DIST                 argc=4 site=70166E1C
gcalls seq=002825 caller=QUEST1 target=70168717 DIST                 argc=4 site=70166E1C
gcalls seq=002826 caller=QUEST1 target=70168717 DIST                 argc=4 site=70166E1C
gcalls seq=002827 caller=QUEST2 target=70168717 DIST                 argc=4 site=70166E1C
gcalls seq=002831 caller=QUEST2 target=70168717 DIST                 argc=4 site=70166E1C
gcalls seq=002835 caller=QUEST1 target=70168717 DIST                 argc=4 site=70166E1C
gcalls seq=002836 caller=QUEST1 target=70168717 DIST                 argc=4 site=70166E1C
gcalls seq=002837 caller=QUEST1 target=70168717 DIST                 argc=4 site=70166E1C
gcalls seq=002838 caller=QUEST2 target=70168717 DIST                 argc=4 site=70166E1C
gcalls seq=002842 caller=QUEST2 target=70168717 DIST                 argc=4 site=70166E1C
gcalls seq=002846 caller=QUEST2 target=70168717 DIST                 argc=4 site=70166E1C
gcalls seq=002850 caller=QUEST1 target=70168717 DIST                 argc=4 site=70166E1C
gcalls seq=002851 caller=QUEST1 target=70168717 DIST                 argc=4 site=70166E1C
gcalls seq=002852 caller=QUEST2 target=70168717 DIST                 argc=4 site=70166E1C
gcalls seq=002856 caller=QUEST2 target=70168717 DIST                 argc=4 site=70166E1C
gcalls seq=002860 caller=QUEST1 target=70168717 DIST                 argc=4 site=70166E1C
gcalls seq=002861 caller=QUEST2 target=70168717 DIST                 argc=4 site=70166E1C
gcalls seq=002865 caller=QUEST1 target=70168717 DIST                 argc=4 site=70166E1C
gcalls seq=002866 caller=QUEST1 target=70168717 DIST                 argc=4 site=70166E1C
gcalls seq=002867 caller=QUEST1 target=70168717 DIST                 argc=4 site=70166E1C
gcalls seq=002868 caller=QUEST2 target=70168717 DIST                 argc=4 site=70166E1C
gcalls seq=002872 caller=QUEST2 target=70168717 DIST                 argc=4 site=70166E1C
gcalls seq=002876 caller=QUEST2 target=70168717 DIST                 argc=4 site=70166E1C
gcalls seq=002880 caller=QUEST1 target=70168717 DIST                 argc=4 site=70166E1C
gcalls seq=002881 caller=QUEST1 target=70168717 DIST                 argc=4 site=70166E1C
gcalls seq=002882 caller=QUEST1 target=70168717 DIST                 argc=4 site=70166E1C
gcalls seq=002883 caller=QUEST2 target=70168717 DIST                 argc=4 site=70166E1C
gcalls seq=002887 caller=QUEST2 target=70168717 DIST                 argc=4 site=70166E1C
gcalls seq=002891 caller=QUEST2 target=70168717 DIST                 argc=4 site=70166E1C
gcalls seq=002894 caller=QUEST1 target=70168717 DIST                 argc=4 site=70166E1C
gcalls seq=002896 caller=QUEST2 target=70168717 DIST                 argc=4 site=70166E1C
gcalls seq=002899 caller=QUEST1 target=70168717 DIST                 argc=4 site=70166E1C
gcalls seq=002900 caller=QUEST1 target=70168717 DIST                 argc=4 site=70166E1C
gcalls seq=002902 caller=QUEST2 target=70168717 DIST                 argc=4 site=70166E1C
gcalls seq=002906 caller=QUEST2 target=70168717 DIST                 argc=4 site=70166E1C
gcalls seq=002910 caller=QUEST1 target=70168717 DIST                 argc=4 site=70166E1C
gcalls seq=002911 caller=QUEST1 target=70168717 DIST                 argc=4 site=70166E1C
gcalls seq=002912 caller=QUEST1 target=70168717 DIST                 argc=4 site=70166E1C
gcalls seq=002913 caller=QUEST2 target=70168717 DIST                 argc=4 site=70166E1C
gcalls seq=002917 caller=QUEST2 target=70168717 DIST                 argc=4 site=70166E1C
gcalls seq=002921 caller=QUEST2 target=70168717 DIST                 argc=4 site=70166E1C
gcalls seq=002925 caller=QUEST1 target=70168717 DIST                 argc=4 site=70166E1C
gcalls seq=002926 caller=QUEST2 target=70168717 DIST                 argc=4 site=70166E1C
gcalls seq=002929 caller=QUEST1 target=70168717 DIST                 argc=4 site=70166E1C
gcalls seq=002930 caller=QUEST1 target=70168717 DIST                 argc=4 site=70166E1C
gcalls seq=002932 caller=QUEST2 target=70168717 DIST                 argc=4 site=70166E1C
gcalls seq=002936 caller=QUEST2 target=70168717 DIST                 argc=4 site=70166E1C
gcalls seq=002940 caller=QUEST1 target=70168717 DIST                 argc=4 site=70166E1C
gcalls seq=002941 caller=QUEST1 target=70168717 DIST                 argc=4 site=70166E1C
gcalls seq=002942 caller=QUEST1 target=70168717 DIST                 argc=4 site=70166E1C
gcalls seq=002943 caller=QUEST2 target=70168717 DIST                 argc=4 site=70166E1C
gcalls seq=002947 caller=QUEST2 target=70168717 DIST                 argc=4 site=70166E1C
gcalls seq=002951 caller=QUEST2 target=70168717 DIST                 argc=4 site=70166E1C
gcalls seq=002955 caller=QUEST1 target=70168717 DIST                 argc=4 site=70166E1C
gcalls seq=002956 caller=QUEST1 target=70168717 DIST                 argc=4 site=70166E1C
gcalls seq=002957 caller=QUEST2 target=70168717 DIST                 argc=4 site=70166E1C
gcalls seq=002961 caller=QUEST2 target=70168717 DIST                 argc=4 site=70166E1C
gcalls seq=002965 caller=QUEST1 target=70168717 DIST                 argc=4 site=70166E1C
gcalls seq=002966 caller=QUEST2 target=70168717 DIST                 argc=4 site=70166E1C
gcalls seq=002970 caller=QUEST1 target=70168717 DIST                 argc=4 site=70166E1C
gcalls seq=002971 caller=QUEST1 target=70168717 DIST                 argc=4 site=70166E1C
gcalls seq=002972 caller=QUEST1 target=70168717 DIST                 argc=4 site=70166E1C
gcalls seq=002973 caller=QUEST2 target=70168717 DIST                 argc=4 site=70166E1C
gcalls seq=002977 caller=QUEST2 target=70168717 DIST                 argc=4 site=70166E1C
gcalls seq=002981 caller=QUEST2 target=70168717 DIST                 argc=4 site=70166E1C
gcalls seq=002985 caller=QUEST1 target=70168717 DIST                 argc=4 site=70166E1C
gcalls seq=002986 caller=QUEST1 target=70168717 DIST                 argc=4 site=70166E1C
gcalls seq=002987 caller=QUEST2 target=70168717 DIST                 argc=4 site=70166E1C
gcalls seq=002991 caller=QUEST2 target=70168717 DIST                 argc=4 site=70166E1C
gcalls seq=002995 caller=QUEST1 target=70168717 DIST                 argc=4 site=70166E1C
gcalls seq=002996 caller=QUEST2 target=70168717 DIST                 argc=4 site=70166E1C
gcalls seq=003000 caller=QUEST1 target=70168717 DIST                 argc=4 site=70166E1C
gcalls seq=003001 caller=QUEST1 target=70168717 DIST                 argc=4 site=70166E1C
gcalls seq=003002 caller=QUEST1 target=70168717 DIST                 argc=4 site=70166E1C
gcalls seq=003003 caller=QUEST2 target=70168717 DIST                 argc=4 site=70166E1C
gcalls seq=003007 caller=QUEST2 target=70168717 DIST                 argc=4 site=70166E1C
gcalls seq=003011 caller=QUEST2 target=70168717 DIST                 argc=4 site=70166E1C
gcalls seq=003015 caller=QUEST1 target=70168717 DIST                 argc=4 site=70166E1C
gcalls seq=003016 caller=QUEST1 target=70168717 DIST                 argc=4 site=70166E1C
gcalls seq=003017 caller=QUEST2 target=70168717 DIST                 argc=4 site=70166E1C
gcalls seq=003021 caller=QUEST2 target=70168717 DIST                 argc=4 site=70166E1C
gcalls seq=003025 caller=QUEST1 target=70168717 DIST                 argc=4 site=70166E1C
gcalls seq=003026 caller=QUEST1 target=70168717 DIST                 argc=4 site=70166E1C
gcalls seq=003027 caller=QUEST2 target=70168717 DIST                 argc=4 site=70166E1C
gcalls seq=003031 caller=QUEST2 target=70168717 DIST                 argc=4 site=70166E1C
gcalls seq=003033 caller=QUEST1 target=70168717 DIST                 argc=4 site=70166E1C
gcalls seq=003034 caller=QUEST1 target=70168717 DIST                 argc=4 site=70166E1C
gcalls seq=003037 caller=QUEST2 target=70168717 DIST                 argc=4 site=70166E1C
gcalls seq=003041 caller=QUEST2 target=70168717 DIST                 argc=4 site=70166E1C
gcalls seq=003045 caller=QUEST1 target=70168717 DIST                 argc=4 site=70166E1C
gcalls seq=003046 caller=QUEST1 target=70168717 DIST                 argc=4 site=70166E1C
gcalls seq=003047 caller=QUEST1 target=70168717 DIST                 argc=4 site=70166E1C
gcalls seq=003048 caller=QUEST2 target=70168717 DIST                 argc=4 site=70166E1C
gcalls seq=003052 caller=QUEST2 target=70168717 DIST                 argc=4 site=70166E1C
gcalls seq=003056 caller=QUEST2 target=70168717 DIST                 argc=4 site=70166E1C
gcalls seq=003060 caller=QUEST1 target=70168717 DIST                 argc=4 site=70166E1C
gcalls seq=003061 caller=QUEST2 target=70168717 DIST                 argc=4 site=70166E1C
gcalls seq=003064 caller=QUEST1 target=70168717 DIST                 argc=4 site=70166E1C
gcalls seq=003065 caller=QUEST1 target=70168717 DIST                 argc=4 site=70166E1C
gcalls seq=003067 caller=QUEST2 target=70168717 DIST                 argc=4 site=70166E1C
gcalls seq=003071 caller=QUEST2 target=70168717 DIST                 argc=4 site=70166E1C
gcalls seq=003075 caller=QUEST1 target=70168717 DIST                 argc=4 site=70166E1C
gcalls seq=003076 caller=QUEST1 target=70168717 DIST                 argc=4 site=70166E1C
gcalls seq=003077 caller=QUEST1 target=70168717 DIST                 argc=4 site=70166E1C
gcalls seq=003078 caller=QUEST2 target=70168717 DIST                 argc=4 site=70166E1C
gcalls seq=003082 caller=QUEST2 target=70168717 DIST                 argc=4 site=70166E1C
gcalls seq=003086 caller=QUEST2 target=70168717 DIST                 argc=4 site=70166E1C
gcalls seq=003090 caller=QUEST1 target=70168717 DIST                 argc=4 site=70166E1C
gcalls seq=003091 caller=QUEST2 target=70168717 DIST                 argc=4 site=70166E1C
gcalls seq=003095 caller=QUEST1 target=70168717 DIST                 argc=4 site=70166E1C
gcalls seq=003096 caller=QUEST1 target=70168717 DIST                 argc=4 site=70166E1C
gcalls seq=003097 caller=QUEST2 target=70168717 DIST                 argc=4 site=70166E1C
gcalls seq=003101 caller=QUEST2 target=70168717 DIST                 argc=4 site=70166E1C
gcalls seq=003105 caller=QUEST1 target=70168717 DIST                 argc=4 site=70166E1C
gcalls seq=003106 caller=QUEST1 target=70168717 DIST                 argc=4 site=70166E1C
gcalls seq=003107 caller=QUEST1 target=70168717 DIST                 argc=4 site=70166E1C
gcalls seq=003108 caller=QUEST2 target=70168717 DIST                 argc=4 site=70166E1C
gcalls seq=003112 caller=QUEST2 target=70168717 DIST                 argc=4 site=70166E1C
gcalls seq=003116 caller=QUEST2 target=70168717 DIST                 argc=4 site=70166E1C
gcalls seq=003120 caller=QUEST1 target=70168717 DIST                 argc=4 site=70166E1C
gcalls seq=003121 caller=QUEST1 target=70168717 DIST                 argc=4 site=70166E1C
gcalls seq=003122 caller=QUEST2 target=70168717 DIST                 argc=4 site=70166E1C
gcalls seq=003126 caller=QUEST2 target=70168717 DIST                 argc=4 site=70166E1C
gcalls seq=003130 caller=QUEST1 target=70168717 DIST                 argc=4 site=70166E1C
gcalls seq=003131 caller=QUEST2 target=70168717 DIST                 argc=4 site=70166E1C
gcalls seq=003135 caller=QUEST1 target=70168717 DIST                 argc=4 site=70166E1C
gcalls seq=003136 caller=QUEST1 target=70168717 DIST                 argc=4 site=70166E1C
gcalls seq=003137 caller=QUEST1 target=70168717 DIST                 argc=4 site=70166E1C
gcalls seq=003138 caller=QUEST2 target=70168717 DIST                 argc=4 site=70166E1C
gcalls seq=003142 caller=QUEST2 target=70168717 DIST                 argc=4 site=70166E1C
gcalls seq=003146 caller=QUEST2 target=70168717 DIST                 argc=4 site=70166E1C
gcalls seq=003150 caller=QUEST1 target=70168717 DIST                 argc=4 site=70166E1C
gcalls seq=003151 caller=QUEST1 target=70168717 DIST                 argc=4 site=70166E1C
gcalls seq=003152 caller=QUEST2 target=70168717 DIST                 argc=4 site=70166E1C
gcalls seq=003156 caller=QUEST2 target=70168717 DIST                 argc=4 site=70166E1C
gcalls seq=003160 caller=QUEST1 target=70168717 DIST                 argc=4 site=70166E1C
gcalls seq=003161 caller=QUEST2 target=70168717 DIST                 argc=4 site=70166E1C
gcalls seq=003165 caller=QUEST1 target=70168717 DIST                 argc=4 site=70166E1C
gcalls seq=003166 caller=QUEST1 target=70168717 DIST                 argc=4 site=70166E1C
gcalls seq=003167 caller=QUEST1 target=70168717 DIST                 argc=4 site=70166E1C
gcalls seq=003168 caller=QUEST2 target=70168717 DIST                 argc=4 site=70166E1C
gcalls seq=003172 caller=QUEST2 target=70168717 DIST                 argc=4 site=70166E1C
gcalls seq=003176 caller=QUEST2 target=70168717 DIST                 argc=4 site=70166E1C
gcalls seq=003180 caller=QUEST1 target=70168717 DIST                 argc=4 site=70166E1C
gcalls seq=003181 caller=QUEST1 target=70168717 DIST                 argc=4 site=70166E1C
gcalls seq=003182 caller=QUEST2 target=70168717 DIST                 argc=4 site=70166E1C
gcalls seq=003186 caller=QUEST2 target=70168717 DIST                 argc=4 site=70166E1C
gcalls seq=003188 caller=QUEST1 target=70168717 DIST                 argc=4 site=70166E1C
gcalls seq=003191 caller=QUEST2 target=70168717 DIST                 argc=4 site=70166E1C
gcalls seq=003195 caller=QUEST1 target=70168717 DIST                 argc=4 site=70166E1C
gcalls seq=003196 caller=QUEST1 target=70168717 DIST                 argc=4 site=70166E1C
gcalls seq=003197 caller=QUEST1 target=70168717 DIST                 argc=4 site=70166E1C
gcalls seq=003198 caller=QUEST2 target=70168717 DIST                 argc=4 site=70166E1C
gcalls seq=003202 caller=QUEST2 target=70168717 DIST                 argc=4 site=70166E1C
gcalls seq=003206 caller=QUEST2 target=70168717 DIST                 argc=4 site=70166E1C
gcalls seq=003210 caller=QUEST1 target=70168717 DIST                 argc=4 site=70166E1C
gcalls seq=003211 caller=QUEST1 target=70168717 DIST                 argc=4 site=70166E1C
gcalls seq=003212 caller=QUEST1 target=70168717 DIST                 argc=4 site=70166E1C
gcalls seq=003213 caller=QUEST2 target=70168717 DIST                 argc=4 site=70166E1C
gcalls seq=003217 caller=QUEST2 target=70168717 DIST                 argc=4 site=70166E1C
gcalls seq=003221 caller=QUEST2 target=70168717 DIST                 argc=4 site=70166E1C
gcalls seq=003224 caller=QUEST1 target=70168717 DIST                 argc=4 site=70166E1C
gcalls seq=003226 caller=QUEST2 target=70168717 DIST                 argc=4 site=70166E1C
gcalls seq=003229 caller=QUEST1 target=70168717 DIST                 argc=4 site=70166E1C
gcalls seq=003230 caller=QUEST1 target=70168717 DIST                 argc=4 site=70166E1C
gcalls seq=003232 caller=QUEST2 target=70168717 DIST                 argc=4 site=70166E1C
gcalls seq=003236 caller=QUEST2 target=70168717 DIST                 argc=4 site=70166E1C
gcalls seq=003240 caller=QUEST1 target=70168717 DIST                 argc=4 site=70166E1C
gcalls seq=003241 caller=QUEST1 target=70168717 DIST                 argc=4 site=70166E1C
gcalls seq=003242 caller=QUEST1 target=70168717 DIST                 argc=4 site=70166E1C
gcalls seq=003243 caller=QUEST2 target=70168717 DIST                 argc=4 site=70166E1C
gcalls seq=003247 caller=QUEST2 target=70168717 DIST                 argc=4 site=70166E1C
gcalls seq=003251 caller=QUEST2 target=70168717 DIST                 argc=4 site=70166E1C
gcalls seq=003255 caller=QUEST1 target=70168717 DIST                 argc=4 site=70166E1C
gcalls seq=003256 caller=QUEST1 target=70168717 DIST                 argc=4 site=70166E1C
gcalls seq=003257 caller=QUEST2 target=70168717 DIST                 argc=4 site=70166E1C
gcalls seq=003261 caller=QUEST2 target=70168717 DIST                 argc=4 site=70166E1C
gcalls seq=003264 caller=QUEST1 target=70168717 DIST                 argc=4 site=70166E1C
gcalls seq=003266 caller=QUEST2 target=70168717 DIST                 argc=4 site=70166E1C
gcalls seq=003270 caller=QUEST1 target=70168717 DIST                 argc=4 site=70166E1C
gcalls seq=003271 caller=QUEST1 target=70168717 DIST                 argc=4 site=70166E1C
gcalls seq=003272 caller=QUEST1 target=70168717 DIST                 argc=4 site=70166E1C
gcalls seq=003273 caller=QUEST2 target=70168717 DIST                 argc=4 site=70166E1C
gcalls seq=003277 caller=QUEST2 target=70168717 DIST                 argc=4 site=70166E1C
gcalls seq=003281 caller=QUEST2 target=70168717 DIST                 argc=4 site=70166E1C
gcalls seq=003285 caller=QUEST1 target=70168717 DIST                 argc=4 site=70166E1C
gcalls seq=003286 caller=QUEST2 target=70168717 DIST                 argc=4 site=70166E1C
gcalls seq=003290 caller=QUEST1 target=70168717 DIST                 argc=4 site=70166E1C
gcalls seq=003291 caller=QUEST1 target=70168717 DIST                 argc=4 site=70166E1C
gcalls seq=003292 caller=QUEST2 target=70168717 DIST                 argc=4 site=70166E1C
gcalls seq=003296 caller=QUEST2 target=70168717 DIST                 argc=4 site=70166E1C
gcalls seq=003300 caller=QUEST1 target=70168717 DIST                 argc=4 site=70166E1C
gcalls seq=003301 caller=QUEST1 target=70168717 DIST                 argc=4 site=70166E1C
gcalls seq=003302 caller=QUEST1 target=70168717 DIST                 argc=4 site=70166E1C
gcalls seq=003303 caller=QUEST2 target=70168717 DIST                 argc=4 site=70166E1C
gcalls seq=003307 caller=QUEST2 target=70168717 DIST                 argc=4 site=70166E1C
gcalls seq=003311 caller=QUEST2 target=70168717 DIST                 argc=4 site=70166E1C
gcalls seq=003315 caller=QUEST1 target=70168717 DIST                 argc=4 site=70166E1C
gcalls seq=003316 caller=QUEST2 target=70168717 DIST                 argc=4 site=70166E1C
gcalls seq=003320 caller=QUEST1 target=70168717 DIST                 argc=4 site=70166E1C
gcalls seq=003321 caller=QUEST1 target=70168717 DIST                 argc=4 site=70166E1C
gcalls seq=003322 caller=QUEST2 target=70168717 DIST                 argc=4 site=70166E1C
gcalls seq=003326 caller=QUEST2 target=70168717 DIST                 argc=4 site=70166E1C
gcalls seq=003330 caller=QUEST1 target=70168717 DIST                 argc=4 site=70166E1C
gcalls seq=003331 caller=QUEST1 target=70168717 DIST                 argc=4 site=70166E1C
gcalls seq=003332 caller=QUEST1 target=70168717 DIST                 argc=4 site=70166E1C
gcalls seq=003333 caller=QUEST2 target=70168717 DIST                 argc=4 site=70166E1C
gcalls seq=003337 caller=QUEST2 target=70168717 DIST                 argc=4 site=70166E1C
gcalls seq=003341 caller=QUEST2 target=70168717 DIST                 argc=4 site=70166E1C
gcalls seq=003345 caller=QUEST1 target=70168717 DIST                 argc=4 site=70166E1C
gcalls seq=003346 caller=QUEST2 target=70168717 DIST                 argc=4 site=70166E1C
gcalls seq=003348 caller=QUEST1 target=70168717 DIST                 argc=4 site=70166E1C
gcalls seq=003349 caller=QUEST1 target=70168717 DIST                 argc=4 site=70166E1C
gcalls seq=003352 caller=QUEST2 target=70168717 DIST                 argc=4 site=70166E1C
gcalls seq=003356 caller=QUEST2 target=70168717 DIST                 argc=4 site=70166E1C
gcalls seq=003360 caller=QUEST1 target=70168717 DIST                 argc=4 site=70166E1C
gcalls seq=003361 caller=QUEST1 target=70168717 DIST                 argc=4 site=70166E1C
gcalls seq=003362 caller=QUEST1 target=70168717 DIST                 argc=4 site=70166E1C
gcalls seq=003363 caller=QUEST2 target=70168717 DIST                 argc=4 site=70166E1C
gcalls seq=003367 caller=QUEST2 target=70168717 DIST                 argc=4 site=70166E1C
gcalls seq=003371 caller=QUEST2 target=70168717 DIST                 argc=4 site=70166E1C
gcalls seq=003375 caller=QUEST1 target=70168717 DIST                 argc=4 site=70166E1C
gcalls seq=003376 caller=QUEST1 target=70168717 DIST                 argc=4 site=70166E1C
gcalls seq=003377 caller=QUEST1 target=70168717 DIST                 argc=4 site=70166E1C
gcalls seq=003378 caller=QUEST2 target=70168717 DIST                 argc=4 site=70166E1C
gcalls seq=003382 caller=QUEST2 target=70168717 DIST                 argc=4 site=70166E1C
gcalls seq=003386 caller=QUEST2 target=70168717 DIST                 argc=4 site=70166E1C
gcalls seq=003390 caller=QUEST1 target=70168717 DIST                 argc=4 site=70166E1C
gcalls seq=003391 caller=QUEST1 target=70168717 DIST                 argc=4 site=70166E1C
gcalls seq=003392 caller=QUEST1 target=70168717 DIST                 argc=4 site=70166E1C
gcalls seq=003393 caller=QUEST2 target=70168717 DIST                 argc=4 site=70166E1C
gcalls seq=003397 caller=QUEST2 target=70168717 DIST                 argc=4 site=70166E1C
gcalls seq=003401 caller=QUEST2 target=70168717 DIST                 argc=4 site=70166E1C
gcalls seq=003404 caller=QUEST1 target=70168717 DIST                 argc=4 site=70166E1C
gcalls seq=003406 caller=QUEST2 target=70168717 DIST                 argc=4 site=70166E1C
gcalls seq=003409 caller=QUEST1 target=70168717 DIST                 argc=4 site=70166E1C
gcalls seq=003410 caller=QUEST1 target=70168717 DIST                 argc=4 site=70166E1C
gcalls seq=003412 caller=QUEST2 target=70168717 DIST                 argc=4 site=70166E1C
gcalls seq=003416 caller=QUEST2 target=70168717 DIST                 argc=4 site=70166E1C
gcalls seq=003420 caller=QUEST1 target=70168717 DIST                 argc=4 site=70166E1C
gcalls seq=003421 caller=QUEST1 target=70168717 DIST                 argc=4 site=70166E1C
gcalls seq=003422 caller=QUEST1 target=70168717 DIST                 argc=4 site=70166E1C
gcalls seq=003423 caller=QUEST2 target=70168717 DIST                 argc=4 site=70166E1C
gcalls seq=003427 caller=QUEST2 target=70168717 DIST                 argc=4 site=70166E1C
gcalls seq=003431 caller=QUEST2 target=70168717 DIST                 argc=4 site=70166E1C
gcalls seq=003435 caller=QUEST1 target=70168717 DIST                 argc=4 site=70166E1C
gcalls seq=003436 caller=QUEST1 target=70168717 DIST                 argc=4 site=70166E1C
gcalls seq=003437 caller=QUEST1 target=70168717 DIST                 argc=4 site=70166E1C
gcalls seq=003438 caller=QUEST2 target=70168717 DIST                 argc=4 site=70166E1C
gcalls seq=003442 caller=QUEST2 target=70168717 DIST                 argc=4 site=70166E1C
gcalls seq=003446 caller=QUEST2 target=70168717 DIST                 argc=4 site=70166E1C
gcalls seq=003450 caller=QUEST1 target=70168717 DIST                 argc=4 site=70166E1C
gcalls seq=003451 caller=QUEST1 target=70168717 DIST                 argc=4 site=70166E1C
gcalls seq=003452 caller=QUEST2 target=70168717 DIST                 argc=4 site=70166E1C
gcalls seq=003456 caller=QUEST2 target=70168717 DIST                 argc=4 site=70166E1C
gcalls seq=003460 caller=QUEST1 target=70168717 DIST                 argc=4 site=70166E1C
gcalls seq=003461 caller=QUEST2 target=70168717 DIST                 argc=4 site=70166E1C
gcalls seq=003465 caller=QUEST1 target=70168717 DIST                 argc=4 site=70166E1C
gcalls seq=003466 caller=QUEST1 target=70168717 DIST                 argc=4 site=70166E1C
gcalls seq=003467 caller=QUEST1 target=70168717 DIST                 argc=4 site=70166E1C
gcalls seq=003468 caller=QUEST2 target=70168717 DIST                 argc=4 site=70166E1C
gcalls seq=003472 caller=QUEST2 target=70168717 DIST                 argc=4 site=70166E1C
gcalls seq=003476 caller=QUEST2 target=70168717 DIST                 argc=4 site=70166E1C
gcalls seq=003480 caller=QUEST1 target=70168717 DIST                 argc=4 site=70166E1C
gcalls seq=003481 caller=QUEST1 target=70168717 DIST                 argc=4 site=70166E1C
gcalls seq=003482 caller=QUEST2 target=70168717 DIST                 argc=4 site=70166E1C
gcalls seq=003486 caller=QUEST2 target=70168717 DIST                 argc=4 site=70166E1C
gcalls seq=003490 caller=QUEST1 target=70168717 DIST                 argc=4 site=70166E1C
gcalls seq=003491 caller=QUEST2 target=70168717 DIST                 argc=4 site=70166E1C
gcalls seq=003495 caller=QUEST1 target=70168717 DIST                 argc=4 site=70166E1C
gcalls seq=003496 caller=QUEST1 target=70168717 DIST                 argc=4 site=70166E1C
gcalls seq=003497 caller=QUEST1 target=70168717 DIST                 argc=4 site=70166E1C
gcalls seq=003498 caller=QUEST2 target=70168717 DIST                 argc=4 site=70166E1C
gcalls seq=003502 caller=QUEST2 target=70168717 DIST                 argc=4 site=70166E1C
gcalls seq=003506 caller=QUEST2 target=70168717 DIST                 argc=4 site=70166E1C
gcalls seq=003510 caller=QUEST1 target=70168717 DIST                 argc=4 site=70166E1C
gcalls seq=003511 caller=QUEST1 target=70168717 DIST                 argc=4 site=70166E1C
gcalls seq=003512 caller=QUEST2 target=70168717 DIST                 argc=4 site=70166E1C
gcalls seq=003516 caller=QUEST2 target=70168717 DIST                 argc=4 site=70166E1C
gcalls seq=003518 caller=QUEST1 target=70168717 DIST                 argc=4 site=70166E1C
gcalls seq=003521 caller=QUEST2 target=70168717 DIST                 argc=4 site=70166E1C
gcalls seq=003525 caller=QUEST1 target=70168717 DIST                 argc=4 site=70166E1C
gcalls seq=003526 caller=QUEST1 target=70168717 DIST                 argc=4 site=70166E1C
gcalls seq=003527 caller=QUEST1 target=70168717 DIST                 argc=4 site=70166E1C
gcalls seq=003528 caller=QUEST2 target=70168717 DIST                 argc=4 site=70166E1C
gcalls seq=003532 caller=QUEST2 target=70168717 DIST                 argc=4 site=70166E1C
gcalls seq=003536 caller=QUEST2 target=70168717 DIST                 argc=4 site=70166E1C
gcalls seq=003540 caller=QUEST1 target=70168717 DIST                 argc=4 site=70166E1C
gcalls seq=003541 caller=QUEST2 target=70168717 DIST                 argc=4 site=70166E1C
gcalls seq=003544 caller=QUEST1 target=70168717 DIST                 argc=4 site=70166E1C
gcalls seq=003545 caller=QUEST1 target=70168717 DIST                 argc=4 site=70166E1C
gcalls seq=003547 caller=QUEST2 target=70168717 DIST                 argc=4 site=70166E1C
gcalls seq=003551 caller=QUEST2 target=70168717 DIST                 argc=4 site=70166E1C
gcalls seq=003555 caller=QUEST1 target=70168717 DIST                 argc=4 site=70166E1C
gcalls seq=003556 caller=QUEST1 target=70168717 DIST                 argc=4 site=70166E1C
gcalls seq=003557 caller=QUEST1 target=70168717 DIST                 argc=4 site=70166E1C
gcalls seq=003558 caller=QUEST2 target=70168717 DIST                 argc=4 site=70166E1C
gcalls seq=003562 caller=QUEST2 target=70168717 DIST                 argc=4 site=70166E1C
gcalls seq=003566 caller=QUEST2 target=70168717 DIST                 argc=4 site=70166E1C
gcalls seq=003570 caller=QUEST1 target=70168717 DIST                 argc=4 site=70166E1C
gcalls seq=003571 caller=QUEST1 target=70168717 DIST                 argc=4 site=70166E1C
gcalls seq=003572 caller=QUEST1 target=70168717 DIST                 argc=4 site=70166E1C
gcalls seq=003573 caller=QUEST2 target=70168717 DIST                 argc=4 site=70166E1C
gcalls seq=003577 caller=QUEST2 target=70168717 DIST                 argc=4 site=70166E1C
gcalls seq=003581 caller=QUEST2 target=70168717 DIST                 argc=4 site=70166E1C
gcalls seq=003585 caller=QUEST1 target=70168717 DIST                 argc=4 site=70166E1C
gcalls seq=003586 caller=QUEST1 target=70168717 DIST                 argc=4 site=70166E1C
gcalls seq=003587 caller=QUEST2 target=70168717 DIST                 argc=4 site=70166E1C
gcalls seq=003591 caller=QUEST2 target=70168717 DIST                 argc=4 site=70166E1C
gcalls seq=003595 caller=QUEST1 target=70168717 DIST                 argc=4 site=70166E1C
gcalls seq=003596 caller=QUEST2 target=70168717 DIST                 argc=4 site=70166E1C
gcalls seq=003600 caller=QUEST1 target=70168717 DIST                 argc=4 site=70166E1C
gcalls seq=003601 caller=QUEST1 target=70168717 DIST                 argc=4 site=70166E1C
gcalls seq=003602 caller=QUEST1 target=70168717 DIST                 argc=4 site=70166E1C
gcalls seq=003603 caller=QUEST2 target=70168717 DIST                 argc=4 site=70166E1C
gcalls seq=003607 caller=QUEST2 target=70168717 DIST                 argc=4 site=70166E1C
gcalls seq=003611 caller=QUEST2 target=70168717 DIST                 argc=4 site=70166E1C
gcalls seq=003615 caller=QUEST1 target=70168717 DIST                 argc=4 site=70166E1C
gcalls seq=003616 caller=QUEST2 target=70168717 DIST                 argc=4 site=70166E1C
gcalls seq=003620 caller=QUEST1 target=70168717 DIST                 argc=4 site=70166E1C
gcalls seq=003621 caller=QUEST1 target=70168717 DIST                 argc=4 site=70166E1C
gcalls seq=003622 caller=QUEST2 target=70168717 DIST                 argc=4 site=70166E1C
gcalls seq=003626 caller=QUEST2 target=70168717 DIST                 argc=4 site=70166E1C
gcalls seq=003630 caller=QUEST1 target=70168717 DIST                 argc=4 site=70166E1C
gcalls seq=003631 caller=QUEST1 target=70168717 DIST                 argc=4 site=70166E1C
gcalls seq=003632 caller=QUEST1 target=70168717 DIST                 argc=4 site=70166E1C
gcalls seq=003633 caller=QUEST2 target=70168717 DIST                 argc=4 site=70166E1C
gcalls seq=003637 caller=QUEST2 target=70168717 DIST                 argc=4 site=70166E1C
gcalls seq=003641 caller=QUEST2 target=70168717 DIST                 argc=4 site=70166E1C
gcalls seq=003645 caller=QUEST1 target=70168717 DIST                 argc=4 site=70166E1C
gcalls seq=003646 caller=QUEST2 target=70168717 DIST                 argc=4 site=70166E1C
gcalls seq=003650 caller=QUEST1 target=70168717 DIST                 argc=4 site=70166E1C
gcalls seq=003651 caller=QUEST1 target=70168717 DIST                 argc=4 site=70166E1C
gcalls seq=003652 caller=QUEST2 target=70168717 DIST                 argc=4 site=70166E1C
gcalls seq=003656 caller=QUEST2 target=70168717 DIST                 argc=4 site=70166E1C
gcalls seq=003660 caller=QUEST1 target=70168717 DIST                 argc=4 site=70166E1C
gcalls seq=003661 caller=QUEST1 target=70168717 DIST                 argc=4 site=70166E1C
gcalls seq=003662 caller=QUEST1 target=70168717 DIST                 argc=4 site=70166E1C
gcalls seq=003663 caller=QUEST2 target=70168717 DIST                 argc=4 site=70166E1C
gcalls seq=003667 caller=QUEST2 target=70168717 DIST                 argc=4 site=70166E1C
gcalls seq=003671 caller=QUEST2 target=70168717 DIST                 argc=4 site=70166E1C
gcalls seq=003675 caller=QUEST1 target=70168717 DIST                 argc=4 site=70166E1C
gcalls seq=003676 caller=QUEST1 target=70168717 DIST                 argc=4 site=70166E1C
gcalls seq=003677 caller=QUEST1 target=70168717 DIST                 argc=4 site=70166E1C
gcalls seq=003678 caller=QUEST2 target=70168717 DIST                 argc=4 site=70166E1C
gcalls seq=003682 caller=QUEST2 target=70168717 DIST                 argc=4 site=70166E1C
gcalls seq=003686 caller=QUEST2 target=70168717 DIST                 argc=4 site=70166E1C
gcalls seq=003688 caller=QUEST1 target=70168717 DIST                 argc=4 site=70166E1C
gcalls seq=003691 caller=QUEST2 target=70168717 DIST                 argc=4 site=70166E1C
gcalls seq=003694 caller=QUEST1 target=70168717 DIST                 argc=4 site=70166E1C
gcalls seq=003695 caller=QUEST1 target=70168717 DIST                 argc=4 site=70166E1C
gcalls seq=003697 caller=QUEST2 target=70168717 DIST                 argc=4 site=70166E1C
gcalls seq=003701 caller=QUEST2 target=70168717 DIST                 argc=4 site=70166E1C
gcalls seq=003705 caller=QUEST1 target=70168717 DIST                 argc=4 site=70166E1C
gcalls seq=003706 caller=QUEST1 target=70168717 DIST                 argc=4 site=70166E1C
gcalls seq=003707 caller=QUEST1 target=70168717 DIST                 argc=4 site=70166E1C
gcalls seq=003708 caller=QUEST2 target=70168717 DIST                 argc=4 site=70166E1C
gcalls seq=003712 caller=QUEST2 target=70168717 DIST                 argc=4 site=70166E1C
gcalls seq=003716 caller=QUEST2 target=70168717 DIST                 argc=4 site=70166E1C
gcalls seq=003720 caller=QUEST1 target=70168717 DIST                 argc=4 site=70166E1C
gcalls seq=003721 caller=QUEST1 target=70168717 DIST                 argc=4 site=70166E1C
gcalls seq=003722 caller=QUEST2 target=70168717 DIST                 argc=4 site=70166E1C
gcalls seq=003726 caller=QUEST2 target=70168717 DIST                 argc=4 site=70166E1C
gcalls seq=003729 caller=QUEST1 target=70168717 DIST                 argc=4 site=70166E1C
gcalls seq=003731 caller=QUEST2 target=70168717 DIST                 argc=4 site=70166E1C
gcalls seq=003735 caller=QUEST1 target=70168717 DIST                 argc=4 site=70166E1C
gcalls seq=003736 caller=QUEST1 target=70168717 DIST                 argc=4 site=70166E1C
gcalls seq=003737 caller=QUEST1 target=70168717 DIST                 argc=4 site=70166E1C
gcalls seq=003738 caller=QUEST2 target=70168717 DIST                 argc=4 site=70166E1C
gcalls seq=003742 caller=QUEST2 target=70168717 DIST                 argc=4 site=70166E1C
gcalls seq=003746 caller=QUEST2 target=70168717 DIST                 argc=4 site=70166E1C
gcalls seq=003750 caller=QUEST1 target=70168717 DIST                 argc=4 site=70166E1C
gcalls seq=003751 caller=QUEST1 target=70168717 DIST                 argc=4 site=70166E1C
gcalls seq=003752 caller=QUEST1 target=70168717 DIST                 argc=4 site=70166E1C
gcalls seq=003753 caller=QUEST2 target=70168717 DIST                 argc=4 site=70166E1C
gcalls seq=003757 caller=QUEST2 target=70168717 DIST                 argc=4 site=70166E1C
gcalls seq=003761 caller=QUEST2 target=70168717 DIST                 argc=4 site=70166E1C
gcalls seq=003764 caller=QUEST1 target=70168717 DIST                 argc=4 site=70166E1C
gcalls seq=003766 caller=QUEST2 target=70168717 DIST                 argc=4 site=70166E1C
gcalls seq=003770 caller=QUEST1 target=70168717 DIST                 argc=4 site=70166E1C
gcalls seq=003771 caller=QUEST1 target=70168717 DIST                 argc=4 site=70166E1C
gcalls seq=003772 caller=QUEST2 target=70168717 DIST                 argc=4 site=70166E1C
gcalls seq=003776 caller=QUEST2 target=70168717 DIST                 argc=4 site=70166E1C
gcalls seq=003780 caller=QUEST1 target=70168717 DIST                 argc=4 site=70166E1C
gcalls seq=003781 caller=QUEST1 target=70168717 DIST                 argc=4 site=70166E1C
gcalls seq=003782 caller=QUEST1 target=70168717 DIST                 argc=4 site=70166E1C
gcalls seq=003783 caller=QUEST2 target=70168717 DIST                 argc=4 site=70166E1C
gcalls seq=003787 caller=QUEST2 target=70168717 DIST                 argc=4 site=70166E1C
gcalls seq=003791 caller=QUEST2 target=70168717 DIST                 argc=4 site=70166E1C
gcalls seq=003795 caller=QUEST1 target=70168717 DIST                 argc=4 site=70166E1C
gcalls seq=003796 caller=QUEST1 target=70168717 DIST                 argc=4 site=70166E1C
gcalls seq=003797 caller=QUEST2 target=70168717 DIST                 argc=4 site=70166E1C
gcalls seq=003801 caller=QUEST2 target=70168717 DIST                 argc=4 site=70166E1C
gcalls seq=003805 caller=QUEST1 target=70168717 DIST                 argc=4 site=70166E1C
gcalls seq=003806 caller=QUEST2 target=70168717 DIST                 argc=4 site=70166E1C
gcalls seq=003810 caller=QUEST1 target=7017CD71 TERRITORY            argc=6 site=701670EE
gcalls seq=003811 caller=QUEST2 target=7017CD71 TERRITORY            argc=6 site=701670EE
gcalls seq=003827 caller=QUEST1 target=7017D0ED TOWER_ATTACK         argc=1 site=701788EB
gcalls seq=003828 caller=QUEST2 target=7017D0ED TOWER_ATTACK         argc=1 site=701788EB
gcalls seq=003836 caller=QUEST1 target=70176C0B REPORT               argc=0 site=701788EF
gcalls seq=003837 caller=QUEST1 target=7017B42F THIEF                argc=1 site=701788F6
gcalls seq=003838 caller=QUEST1 target=70161CBF CATAPULT             argc=1 site=701788FD
gcalls seq=003839 caller=QUEST2 target=70176C0B REPORT               argc=0 site=701788EF
gcalls seq=003840 caller=QUEST2 target=7017B42F THIEF                argc=1 site=701788F6
gcalls seq=003841 caller=QUEST2 target=70161CBF CATAPULT             argc=1 site=701788FD
gcalls seq=003842 caller=QUEST1 target=70165863 DEFEND               argc=0 site=7017892C
gcalls seq=003843 caller=QUEST2 target=70165863 DEFEND               argc=0 site=7017892C
gcalls seq=003844 caller=QUEST1 target=701674B5 DISPLAY_INVENTORY    argc=1 site=701789E0
gcalls seq=003845 caller=QUEST2 target=701674B5 DISPLAY_INVENTORY    argc=1 site=701789E0
gcalls seq=003846 caller=QUEST1 target=701674B5 DISPLAY_INVENTORY    argc=1 site=70178BF9
gcalls seq=003847 caller=QUEST2 target=701674B5 DISPLAY_INVENTORY    argc=1 site=70178BF9
gcalls seq=003855 caller=QUEST1 target=7016AA35 GET_INPUT            argc=1 site=70178C3B
gcalls seq=003856 caller=QUEST2 target=7016AA35 GET_INPUT            argc=1 site=70178C3B
gcalls seq=003885 caller=QUEST1 target=701674B5 DISPLAY_INVENTORY    argc=1 site=70178BF9
gcalls seq=003886 caller=QUEST2 target=701674B5 DISPLAY_INVENTORY    argc=1 site=70178BF9
gcalls seq=003894 caller=QUEST1 target=7016AA35 GET_INPUT            argc=1 site=70178C3B
gcalls seq=003895 caller=QUEST2 target=7016AA35 GET_INPUT            argc=1 site=70178C3B
gcalls seq=003924 caller=QUEST1 target=7015FA73 AUTO_MOVE            argc=2 site=70178D52
gcalls seq=003925 caller=QUEST2 target=7015FA73 AUTO_MOVE            argc=2 site=70178D52
gcalls seq=003934 caller=QUEST1 target=7016AA35 GET_INPUT            argc=1 site=7015FAA2
gcalls seq=003935 caller=QUEST2 target=7016AA35 GET_INPUT            argc=1 site=7015FAA2
gcalls seq=003957 caller=QUEST1 target=701766ED READ_IN              argc=0 site=7015FB7A
gcalls seq=003958 caller=QUEST2 target=701766ED READ_IN              argc=0 site=7015FB7A
gcalls seq=003982 caller=QUEST1 target=7015FBA7 -                    argc=0 site=7017EE3D
gcalls seq=003988 caller=QUEST1 target=701674B5 DISPLAY_INVENTORY    argc=1 site=70178BF9
gcalls seq=003989 caller=QUEST2 target=701674B5 DISPLAY_INVENTORY    argc=1 site=70178BF9
gcalls seq=003997 caller=QUEST1 target=7016AA35 GET_INPUT            argc=1 site=70178C3B
gcalls seq=003998 caller=QUEST2 target=7016AA35 GET_INPUT            argc=1 site=70178C3B
