gcalls seq=000076 caller=QUEST1 target=7015C005 QUEST                argc=0 site=7017EA51
gcalls seq=000077 caller=QUEST2 target=7015C005 QUEST                argc=0 site=7017EA51
gcalls seq=000143 caller=QUEST1 target=701766ED READ_IN              argc=0 site=7015C05F
gcalls seq=000144 caller=QUEST2 target=701766ED READ_IN              argc=0 site=7015C05F
gcalls seq=000158 caller=QUEST1 target=70175E9F LOGON                argc=0 site=7015C283
gcalls seq=000159 caller=QUEST2 target=70175E9F LOGON                argc=0 site=7015C283
gcalls seq=000194 caller=QUEST1 target=701766ED READ_IN              argc=0 site=70175F6B
gcalls seq=000195 caller=QUEST2 target=701766ED READ_IN              argc=0 site=70175F6B
gcalls seq=000217 caller=QUEST1 target=701766ED READ_IN              argc=0 site=70175FD3
gcalls seq=000218 caller=QUEST2 target=701766ED READ_IN              argc=0 site=70175FD3
gcalls seq=000264 caller=QUEST1 target=7016AA35 GET_INPUT            argc=1 site=701760C4
gcalls seq=000265 caller=QUEST2 target=7016AA35 GET_INPUT            argc=1 site=701760C4
gcalls seq=000291 caller=QUEST_SERVER target=7017B501 PICK_X_Y             argc=2 site=7017AD25
gcalls seq=000292 caller=QUEST_SERVER target=7017C098 ROLL32               argc=0 site=7017E21A
gcalls seq=000293 caller=QUEST_SERVER target=7017C098 ROLL32               argc=0 site=7017E21A
gcalls seq=000294 caller=QUEST_SERVER target=7017C098 ROLL32               argc=0 site=7017E21A
gcalls seq=000295 caller=QUEST_SERVER target=7017C098 ROLL32               argc=0 site=7017E21A
gcalls seq=000296 caller=QUEST_SERVER target=70178F4D FIND_OBJECT          argc=3 site=7017AD2F
gcalls seq=000297 caller=QUEST_SERVER target=7017C13B TERRITORY            argc=6 site=7017AD41
gcalls seq=000298 caller=QUEST_SERVER target=701782E8 SQR31?3              argc=0 site=7017C33E
gcalls seq=000299 caller=QUEST_SERVER target=701782E8 SQR31?3              argc=0 site=7017C33E
gcalls seq=000300 caller=QUEST_SERVER target=701782E8 SQR31?3              argc=0 site=7017C33E
gcalls seq=000301 caller=QUEST_SERVER target=701782E8 SQR31?3              argc=0 site=7017C33E
gcalls seq=000302 caller=QUEST_SERVER target=701782E8 SQR31?3              argc=0 site=7017C33E
gcalls seq=000303 caller=QUEST_SERVER target=701782E8 SQR31?3              argc=0 site=7017C33E
gcalls seq=000304 caller=QUEST_SERVER target=701782E8 SQR31?3              argc=0 site=7017C33E
gcalls seq=000305 caller=QUEST_SERVER target=701782E8 SQR31?3              argc=0 site=7017C33E
gcalls seq=000306 caller=QUEST_SERVER target=701782E8 SQR31?3              argc=0 site=7017C33E
gcalls seq=000307 caller=QUEST_SERVER target=701782E8 SQR31?3              argc=0 site=7017C33E
gcalls seq=000308 caller=QUEST_SERVER target=701782E8 SQR31?3              argc=0 site=7017C33E
gcalls seq=000309 caller=QUEST_SERVER target=701782E8 SQR31?3              argc=0 site=7017C33E
gcalls seq=000310 caller=QUEST_SERVER target=701782E8 SQR31?3              argc=0 site=7017C33E
gcalls seq=000311 caller=QUEST_SERVER target=701782E8 SQR31?3              argc=0 site=7017C33E
gcalls seq=000312 caller=QUEST_SERVER target=701782E8 SQR31?3              argc=0 site=7017C33E
gcalls seq=000313 caller=QUEST_SERVER target=701782E8 SQR31?3              argc=0 site=7017C33E
gcalls seq=000314 caller=QUEST_SERVER target=701782E8 SQR31?3              argc=0 site=7017C33E
gcalls seq=000315 caller=QUEST_SERVER target=701782E8 SQR31?3              argc=0 site=7017C33E
gcalls seq=000316 caller=QUEST_SERVER target=701782E8 SQR31?3              argc=0 site=7017C33E
gcalls seq=000317 caller=QUEST_SERVER target=701782E8 SQR31?3              argc=0 site=7017C33E
gcalls seq=000318 caller=QUEST_SERVER target=701782E8 SQR31?3              argc=0 site=7017C33E
gcalls seq=000319 caller=QUEST_SERVER target=701782E8 SQR31?3              argc=0 site=7017C33E
gcalls seq=000320 caller=QUEST_SERVER target=701782E8 SQR31?3              argc=0 site=7017C33E
gcalls seq=000321 caller=QUEST_SERVER target=701782E8 SQR31?3              argc=0 site=7017C33E
gcalls seq=000322 caller=QUEST_SERVER target=701782E8 SQR31?3              argc=0 site=7017C33E
gcalls seq=000323 caller=QUEST_SERVER target=701782E8 SQR31?3              argc=0 site=7017C33E
gcalls seq=000324 caller=QUEST_SERVER target=701782E8 SQR31?3              argc=0 site=7017C33E
gcalls seq=000325 caller=QUEST_SERVER target=701782E8 SQR31?3              argc=0 site=7017C33E
gcalls seq=000326 caller=QUEST_SERVER target=701782E8 SQR31?3              argc=0 site=7017C33E
gcalls seq=000327 caller=QUEST_SERVER target=701782E8 SQR31?3              argc=0 site=7017C33E
gcalls seq=000328 caller=QUEST_SERVER target=701782E8 SQR31?3              argc=0 site=7017C33E
gcalls seq=000329 caller=QUEST_SERVER target=701782E8 SQR31?3              argc=0 site=7017C33E
gcalls seq=000330 caller=QUEST_SERVER target=701782E8 SQR31?3              argc=0 site=7017C33E
gcalls seq=000331 caller=QUEST_SERVER target=701782E8 SQR31?3              argc=0 site=7017C33E
gcalls seq=000332 caller=QUEST_SERVER target=701782E8 SQR31?3              argc=0 site=7017C33E
gcalls seq=000333 caller=QUEST_SERVER target=701782E8 SQR31?3              argc=0 site=7017C33E
gcalls seq=000334 caller=QUEST_SERVER target=701782E8 SQR31?3              argc=0 site=7017C33E
gcalls seq=000335 caller=QUEST_SERVER target=701782E8 SQR31?3              argc=0 site=7017C33E
gcalls seq=000336 caller=QUEST_SERVER target=701782E8 SQR31?3              argc=0 site=7017C33E
gcalls seq=000337 caller=QUEST_SERVER target=701782E8 SQR31?3              argc=0 site=7017C33E
gcalls seq=000338 caller=QUEST_SERVER target=701782E8 SQR31?3              argc=0 site=7017C33E
gcalls seq=000339 caller=QUEST_SERVER target=701782E8 SQR31?3              argc=0 site=7017C33E
gcalls seq=000340 caller=QUEST_SERVER target=701782E8 SQR31?3              argc=0 site=7017C33E
gcalls seq=000341 caller=QUEST_SERVER target=701782E8 SQR31?3              argc=0 site=7017C33E
gcalls seq=000342 caller=QUEST_SERVER target=701782E8 SQR31?3              argc=0 site=7017C33E
gcalls seq=000343 caller=QUEST_SERVER target=701782E8 SQR31?3              argc=0 site=7017C33E
gcalls seq=000344 caller=QUEST_SERVER target=701782E8 SQR31?3              argc=0 site=7017C33E
gcalls seq=000345 caller=QUEST_SERVER target=701782E8 SQR31?3              argc=0 site=7017C33E
gcalls seq=000346 caller=QUEST_SERVER target=701782E8 SQR31?3              argc=0 site=7017C33E
gcalls seq=000347 caller=QUEST_SERVER target=701782E8 SQR31?3              argc=0 site=7017C33E
gcalls seq=000348 caller=QUEST_SERVER target=701782E8 SQR31?3              argc=0 site=7017C33E
gcalls seq=000349 caller=QUEST_SERVER target=701782E8 SQR31?3              argc=0 site=7017C33E
gcalls seq=000350 caller=QUEST_SERVER target=701782E8 SQR31?3              argc=0 site=7017C33E
gcalls seq=000351 caller=QUEST_SERVER target=701782E8 SQR31?3              argc=0 site=7017C33E
gcalls seq=000352 caller=QUEST_SERVER target=701782E8 SQR31?3              argc=0 site=7017C33E
gcalls seq=000353 caller=QUEST_SERVER target=701782E8 SQR31?3              argc=0 site=7017C33E
gcalls seq=000354 caller=QUEST_SERVER target=701782E8 SQR31?3              argc=0 site=7017C33E
gcalls seq=000355 caller=QUEST_SERVER target=701782E8 SQR31?3              argc=0 site=7017C33E
gcalls seq=000356 caller=QUEST_SERVER target=701782E8 SQR31?3              argc=0 site=7017C33E
gcalls seq=000357 caller=QUEST_SERVER target=701782E8 SQR31?3              argc=0 site=7017C33E
gcalls seq=000358 caller=QUEST_SERVER target=701782E8 SQR31?3              argc=0 site=7017C33E
gcalls seq=000359 caller=QUEST_SERVER target=701782E8 SQR31?3              argc=0 site=7017C33E
gcalls seq=000360 caller=QUEST_SERVER target=701782E8 SQR31?3              argc=0 site=7017C33E
gcalls seq=000361 caller=QUEST_SERVER target=701782E8 SQR31?3              argc=0 site=7017C33E
gcalls seq=000362 caller=QUEST_SERVER target=701782E8 SQR31?3              argc=0 site=7017C33E
gcalls seq=000363 caller=QUEST_SERVER target=701782E8 SQR31?3              argc=0 site=7017C33E
gcalls seq=000364 caller=QUEST_SERVER target=701782E8 SQR31?3              argc=0 site=7017C33E
gcalls seq=000365 caller=QUEST_SERVER target=701782E8 SQR31?3              argc=0 site=7017C33E
gcalls seq=000366 caller=QUEST_SERVER target=701782E8 SQR31?3              argc=0 site=7017C33E
gcalls seq=000367 caller=QUEST_SERVER target=701782E8 SQR31?3              argc=0 site=7017C33E
gcalls seq=000368 caller=QUEST_SERVER target=701782E8 SQR31?3              argc=0 site=7017C33E
gcalls seq=000369 caller=QUEST_SERVER target=701782E8 SQR31?3              argc=0 site=7017C33E
gcalls seq=000370 caller=QUEST_SERVER target=701782E8 SQR31?3              argc=0 site=7017C33E
gcalls seq=000371 caller=QUEST_SERVER target=701782E8 SQR31?3              argc=0 site=7017C33E
gcalls seq=000372 caller=QUEST_SERVER target=701782E8 SQR31?3              argc=0 site=7017C33E
gcalls seq=000373 caller=QUEST_SERVER target=701782E8 SQR31?3              argc=0 site=7017C33E
gcalls seq=000374 caller=QUEST_SERVER target=701782E8 SQR31?3              argc=0 site=7017C33E
gcalls seq=000375 caller=QUEST_SERVER target=701782E8 SQR31?3              argc=0 site=7017C33E
gcalls seq=000376 caller=QUEST_SERVER target=701782E8 SQR31?3              argc=0 site=7017C33E
gcalls seq=000377 caller=QUEST_SERVER target=701782E8 SQR31?3              argc=0 site=7017C33E
gcalls seq=000378 caller=QUEST_SERVER target=701782E8 SQR31?3              argc=0 site=7017C33E
gcalls seq=000379 caller=QUEST_SERVER target=701782E8 SQR31?3              argc=0 site=7017C33E
gcalls seq=000380 caller=QUEST_SERVER target=701782E8 SQR31?3              argc=0 site=7017C33E
gcalls seq=000381 caller=QUEST_SERVER target=701782E8 SQR31?3              argc=0 site=7017C33E
gcalls seq=000382 caller=QUEST_SERVER target=701782E8 SQR31?3              argc=0 site=7017C33E
gcalls seq=000383 caller=QUEST_SERVER target=701782E8 SQR31?3              argc=0 site=7017C33E
gcalls seq=000384 caller=QUEST_SERVER target=701782E8 SQR31?3              argc=0 site=7017C33E
gcalls seq=000385 caller=QUEST_SERVER target=701782E8 SQR31?3              argc=0 site=7017C33E
gcalls seq=000386 caller=QUEST_SERVER target=701782E8 SQR31?3              argc=0 site=7017C33E
gcalls seq=000387 caller=QUEST_SERVER target=701782E8 SQR31?3              argc=0 site=7017C33E
gcalls seq=000388 caller=QUEST_SERVER target=701782E8 SQR31?3              argc=0 site=7017C33E
gcalls seq=000389 caller=QUEST_SERVER target=701782E8 SQR31?3              argc=0 site=7017C33E
gcalls seq=000390 caller=QUEST_SERVER target=701782E8 SQR31?3              argc=0 site=7017C33E
gcalls seq=000391 caller=QUEST_SERVER target=701782E8 SQR31?3              argc=0 site=7017C33E
gcalls seq=000392 caller=QUEST_SERVER target=701782E8 SQR31?3              argc=0 site=7017C33E
gcalls seq=000393 caller=QUEST_SERVER target=701782E8 SQR31?3              argc=0 site=7017C33E
gcalls seq=000394 caller=QUEST_SERVER target=701782E8 SQR31?3              argc=0 site=7017C33E
gcalls seq=000395 caller=QUEST_SERVER target=701782E8 SQR31?3              argc=0 site=7017C33E
gcalls seq=000396 caller=QUEST_SERVER target=701782E8 SQR31?3              argc=0 site=7017C33E
gcalls seq=000397 caller=QUEST_SERVER target=701782E8 SQR31?3              argc=0 site=7017C33E
gcalls seq=000398 caller=QUEST_SERVER target=701782E8 SQR31?3              argc=0 site=7017C33E
gcalls seq=000399 caller=QUEST_SERVER target=701782E8 SQR31?3              argc=0 site=7017C33E
gcalls seq=000400 caller=QUEST_SERVER target=701782E8 SQR31?3              argc=0 site=7017C33E
gcalls seq=000401 caller=QUEST_SERVER target=701782E8 SQR31?3              argc=0 site=7017C33E
gcalls seq=000402 caller=QUEST_SERVER target=701782E8 SQR31?3              argc=0 site=7017C33E
gcalls seq=000403 caller=QUEST_SERVER target=701782E8 SQR31?3              argc=0 site=7017C33E
gcalls seq=000404 caller=QUEST_SERVER target=701782E8 SQR31?3              argc=0 site=7017C33E
gcalls seq=000405 caller=QUEST_SERVER target=701782E8 SQR31?3              argc=0 site=7017C33E
gcalls seq=000406 caller=QUEST_SERVER target=701782E8 SQR31?3              argc=0 site=7017C33E
gcalls seq=000407 caller=QUEST_SERVER target=701782E8 SQR31?3              argc=0 site=7017C33E
gcalls seq=000408 caller=QUEST_SERVER target=701782E8 SQR31?3              argc=0 site=7017C33E
gcalls seq=000409 caller=QUEST_SERVER target=701782E8 SQR31?3              argc=0 site=7017C33E
gcalls seq=000410 caller=QUEST_SERVER target=701782E8 SQR31?3              argc=0 site=7017C33E
gcalls seq=000411 caller=QUEST_SERVER target=701782E8 SQR31?3              argc=0 site=7017C33E
gcalls seq=000412 caller=QUEST_SERVER target=701782E8 SQR31?3              argc=0 site=7017C33E
gcalls seq=000413 caller=QUEST_SERVER target=701782E8 SQR31?3              argc=0 site=7017C33E
gcalls seq=000414 caller=QUEST_SERVER target=7017B501 PICK_X_Y             argc=2 site=7017AD25
gcalls seq=000415 caller=QUEST_SERVER target=7017C098 ROLL32               argc=0 site=7017E21A
gcalls seq=000416 caller=QUEST_SERVER target=7017C098 ROLL32               argc=0 site=7017E21A
gcalls seq=000417 caller=QUEST_SERVER target=7017C098 ROLL32               argc=0 site=7017E21A
gcalls seq=000418 caller=QUEST_SERVER target=7017C098 ROLL32               argc=0 site=7017E21A
gcalls seq=000419 caller=QUEST_SERVER target=70178F4D FIND_OBJECT          argc=3 site=7017AD2F
gcalls seq=000420 caller=QUEST_SERVER target=7017C13B TERRITORY            argc=6 site=7017AD41
gcalls seq=000421 caller=QUEST_SERVER target=701782E8 SQR31?3              argc=0 site=7017C33E
gcalls seq=000422 caller=QUEST_SERVER target=701782E8 SQR31?3              argc=0 site=7017C33E
gcalls seq=000423 caller=QUEST_SERVER target=701782E8 SQR31?3              argc=0 site=7017C33E
gcalls seq=000424 caller=QUEST_SERVER target=701782E8 SQR31?3              argc=0 site=7017C33E
gcalls seq=000425 caller=QUEST_SERVER target=701782E8 SQR31?3              argc=0 site=7017C33E
gcalls seq=000426 caller=QUEST_SERVER target=701782E8 SQR31?3              argc=0 site=7017C33E
gcalls seq=000427 caller=QUEST_SERVER target=701782E8 SQR31?3              argc=0 site=7017C33E
gcalls seq=000428 caller=QUEST_SERVER target=701782E8 SQR31?3              argc=0 site=7017C33E
gcalls seq=000429 caller=QUEST_SERVER target=701782E8 SQR31?3              argc=0 site=7017C33E
gcalls seq=000430 caller=QUEST_SERVER target=701782E8 SQR31?3              argc=0 site=7017C33E
gcalls seq=000431 caller=QUEST_SERVER target=701782E8 SQR31?3              argc=0 site=7017C33E
gcalls seq=000432 caller=QUEST_SERVER target=701782E8 SQR31?3              argc=0 site=7017C33E
gcalls seq=000433 caller=QUEST_SERVER target=701782E8 SQR31?3              argc=0 site=7017C33E
gcalls seq=000434 caller=QUEST_SERVER target=701782E8 SQR31?3              argc=0 site=7017C33E
gcalls seq=000435 caller=QUEST_SERVER target=701782E8 SQR31?3              argc=0 site=7017C33E
gcalls seq=000436 caller=QUEST_SERVER target=701782E8 SQR31?3              argc=0 site=7017C33E
gcalls seq=000437 caller=QUEST_SERVER target=701782E8 SQR31?3              argc=0 site=7017C33E
gcalls seq=000438 caller=QUEST_SERVER target=701782E8 SQR31?3              argc=0 site=7017C33E
gcalls seq=000439 caller=QUEST_SERVER target=701782E8 SQR31?3              argc=0 site=7017C33E
gcalls seq=000440 caller=QUEST_SERVER target=701782E8 SQR31?3              argc=0 site=7017C33E
gcalls seq=000441 caller=QUEST_SERVER target=701782E8 SQR31?3              argc=0 site=7017C33E
gcalls seq=000442 caller=QUEST_SERVER target=701782E8 SQR31?3              argc=0 site=7017C33E
gcalls seq=000443 caller=QUEST_SERVER target=701782E8 SQR31?3              argc=0 site=7017C33E
gcalls seq=000444 caller=QUEST_SERVER target=701782E8 SQR31?3              argc=0 site=7017C33E
gcalls seq=000445 caller=QUEST_SERVER target=701782E8 SQR31?3              argc=0 site=7017C33E
gcalls seq=000446 caller=QUEST_SERVER target=701782E8 SQR31?3              argc=0 site=7017C33E
gcalls seq=000447 caller=QUEST_SERVER target=701782E8 SQR31?3              argc=0 site=7017C33E
gcalls seq=000448 caller=QUEST_SERVER target=701782E8 SQR31?3              argc=0 site=7017C33E
gcalls seq=000449 caller=QUEST_SERVER target=701782E8 SQR31?3              argc=0 site=7017C33E
gcalls seq=000450 caller=QUEST_SERVER target=701782E8 SQR31?3              argc=0 site=7017C33E
gcalls seq=000451 caller=QUEST_SERVER target=701782E8 SQR31?3              argc=0 site=7017C33E
gcalls seq=000452 caller=QUEST_SERVER target=701782E8 SQR31?3              argc=0 site=7017C33E
gcalls seq=000453 caller=QUEST_SERVER target=701782E8 SQR31?3              argc=0 site=7017C33E
gcalls seq=000454 caller=QUEST_SERVER target=701782E8 SQR31?3              argc=0 site=7017C33E
gcalls seq=000455 caller=QUEST_SERVER target=701782E8 SQR31?3              argc=0 site=7017C33E
gcalls seq=000456 caller=QUEST_SERVER target=701782E8 SQR31?3              argc=0 site=7017C33E
gcalls seq=000457 caller=QUEST_SERVER target=701782E8 SQR31?3              argc=0 site=7017C33E
gcalls seq=000458 caller=QUEST_SERVER target=701782E8 SQR31?3              argc=0 site=7017C33E
gcalls seq=000459 caller=QUEST_SERVER target=701782E8 SQR31?3              argc=0 site=7017C33E
gcalls seq=000460 caller=QUEST_SERVER target=701782E8 SQR31?3              argc=0 site=7017C33E
gcalls seq=000461 caller=QUEST_SERVER target=701782E8 SQR31?3              argc=0 site=7017C33E
gcalls seq=000462 caller=QUEST_SERVER target=701782E8 SQR31?3              argc=0 site=7017C33E
gcalls seq=000463 caller=QUEST_SERVER target=701782E8 SQR31?3              argc=0 site=7017C33E
gcalls seq=000464 caller=QUEST_SERVER target=701782E8 SQR31?3              argc=0 site=7017C33E
gcalls seq=000465 caller=QUEST_SERVER target=701782E8 SQR31?3              argc=0 site=7017C33E
gcalls seq=000466 caller=QUEST_SERVER target=701782E8 SQR31?3              argc=0 site=7017C33E
gcalls seq=000467 caller=QUEST_SERVER target=701782E8 SQR31?3              argc=0 site=7017C33E
gcalls seq=000468 caller=QUEST_SERVER target=701782E8 SQR31?3              argc=0 site=7017C33E
gcalls seq=000469 caller=QUEST_SERVER target=701782E8 SQR31?3              argc=0 site=7017C33E
gcalls seq=000470 caller=QUEST_SERVER target=701782E8 SQR31?3              argc=0 site=7017C33E
gcalls seq=000471 caller=QUEST_SERVER target=701782E8 SQR31?3              argc=0 site=7017C33E
gcalls seq=000472 caller=QUEST_SERVER target=701782E8 SQR31?3              argc=0 site=7017C33E
gcalls seq=000473 caller=QUEST_SERVER target=701782E8 SQR31?3              argc=0 site=7017C33E
gcalls seq=000474 caller=QUEST_SERVER target=701782E8 SQR31?3              argc=0 site=7017C33E
gcalls seq=000475 caller=QUEST_SERVER target=701782E8 SQR31?3              argc=0 site=7017C33E
gcalls seq=000476 caller=QUEST_SERVER target=701782E8 SQR31?3              argc=0 site=7017C33E
gcalls seq=000477 caller=QUEST_SERVER target=701782E8 SQR31?3              argc=0 site=7017C33E
gcalls seq=000478 caller=QUEST_SERVER target=701782E8 SQR31?3              argc=0 site=7017C33E
gcalls seq=000479 caller=QUEST_SERVER target=701782E8 SQR31?3              argc=0 site=7017C33E
gcalls seq=000480 caller=QUEST_SERVER target=701782E8 SQR31?3              argc=0 site=7017C33E
gcalls seq=000481 caller=QUEST_SERVER target=701782E8 SQR31?3              argc=0 site=7017C33E
gcalls seq=000482 caller=QUEST_SERVER target=701782E8 SQR31?3              argc=0 site=7017C33E
gcalls seq=000483 caller=QUEST_SERVER target=701782E8 SQR31?3              argc=0 site=7017C33E
gcalls seq=000484 caller=QUEST_SERVER target=701782E8 SQR31?3              argc=0 site=7017C33E
gcalls seq=000485 caller=QUEST_SERVER target=701782E8 SQR31?3              argc=0 site=7017C33E
gcalls seq=000486 caller=QUEST_SERVER target=701782E8 SQR31?3              argc=0 site=7017C33E
gcalls seq=000487 caller=QUEST_SERVER target=701782E8 SQR31?3              argc=0 site=7017C33E
gcalls seq=000488 caller=QUEST_SERVER target=701782E8 SQR31?3              argc=0 site=7017C33E
gcalls seq=000489 caller=QUEST_SERVER target=701782E8 SQR31?3              argc=0 site=7017C33E
gcalls seq=000490 caller=QUEST_SERVER target=701782E8 SQR31?3              argc=0 site=7017C33E
gcalls seq=000491 caller=QUEST_SERVER target=701782E8 SQR31?3              argc=0 site=7017C33E
gcalls seq=000492 caller=QUEST_SERVER target=701782E8 SQR31?3              argc=0 site=7017C33E
gcalls seq=000493 caller=QUEST_SERVER target=701782E8 SQR31?3              argc=0 site=7017C33E
gcalls seq=000494 caller=QUEST_SERVER target=701782E8 SQR31?3              argc=0 site=7017C33E
gcalls seq=000495 caller=QUEST_SERVER target=701782E8 SQR31?3              argc=0 site=7017C33E
gcalls seq=000496 caller=QUEST_SERVER target=701782E8 SQR31?3              argc=0 site=7017C33E
gcalls seq=000497 caller=QUEST_SERVER target=701782E8 SQR31?3              argc=0 site=7017C33E
gcalls seq=000498 caller=QUEST_SERVER target=701782E8 SQR31?3              argc=0 site=7017C33E
gcalls seq=000499 caller=QUEST_SERVER target=701782E8 SQR31?3              argc=0 site=7017C33E
gcalls seq=000500 caller=QUEST_SERVER target=701782E8 SQR31?3              argc=0 site=7017C33E
gcalls seq=000501 caller=QUEST_SERVER target=701782E8 SQR31?3              argc=0 site=7017C33E
gcalls seq=000502 caller=QUEST_SERVER target=701782E8 SQR31?3              argc=0 site=7017C33E
gcalls seq=000503 caller=QUEST_SERVER target=701782E8 SQR31?3              argc=0 site=7017C33E
gcalls seq=000504 caller=QUEST_SERVER target=701782E8 SQR31?3              argc=0 site=7017C33E
gcalls seq=000505 caller=QUEST_SERVER target=701782E8 SQR31?3              argc=0 site=7017C33E
gcalls seq=000506 caller=QUEST_SERVER target=701782E8 SQR31?3              argc=0 site=7017C33E
gcalls seq=000507 caller=QUEST_SERVER target=701782E8 SQR31?3              argc=0 site=7017C33E
gcalls seq=000508 caller=QUEST_SERVER target=701782E8 SQR31?3              argc=0 site=7017C33E
gcalls seq=000509 caller=QUEST_SERVER target=701782E8 SQR31?3              argc=0 site=7017C33E
gcalls seq=000510 caller=QUEST_SERVER target=701782E8 SQR31?3              argc=0 site=7017C33E
gcalls seq=000511 caller=QUEST_SERVER target=701782E8 SQR31?3              argc=0 site=7017C33E
gcalls seq=000512 caller=QUEST_SERVER target=701782E8 SQR31?3              argc=0 site=7017C33E
gcalls seq=000513 caller=QUEST_SERVER target=701782E8 SQR31?3              argc=0 site=7017C33E
gcalls seq=000514 caller=QUEST_SERVER target=701782E8 SQR31?3              argc=0 site=7017C33E
gcalls seq=000515 caller=QUEST_SERVER target=701782E8 SQR31?3              argc=0 site=7017C33E
gcalls seq=000516 caller=QUEST_SERVER target=701782E8 SQR31?3              argc=0 site=7017C33E
gcalls seq=000517 caller=QUEST_SERVER target=701782E8 SQR31?3              argc=0 site=7017C33E
gcalls seq=000518 caller=QUEST_SERVER target=701782E8 SQR31?3              argc=0 site=7017C33E
gcalls seq=000519 caller=QUEST_SERVER target=701782E8 SQR31?3              argc=0 site=7017C33E
gcalls seq=000520 caller=QUEST_SERVER target=701782E8 SQR31?3              argc=0 site=7017C33E
gcalls seq=000521 caller=QUEST_SERVER target=701782E8 SQR31?3              argc=0 site=7017C33E
gcalls seq=000522 caller=QUEST_SERVER target=701782E8 SQR31?3              argc=0 site=7017C33E
gcalls seq=000523 caller=QUEST_SERVER target=701782E8 SQR31?3              argc=0 site=7017C33E
gcalls seq=000524 caller=QUEST_SERVER target=701782E8 SQR31?3              argc=0 site=7017C33E
gcalls seq=000525 caller=QUEST_SERVER target=701782E8 SQR31?3              argc=0 site=7017C33E
gcalls seq=000526 caller=QUEST_SERVER target=701782E8 SQR31?3              argc=0 site=7017C33E
gcalls seq=000527 caller=QUEST_SERVER target=701782E8 SQR31?3              argc=0 site=7017C33E
gcalls seq=000528 caller=QUEST_SERVER target=701782E8 SQR31?3              argc=0 site=7017C33E
gcalls seq=000529 caller=QUEST_SERVER target=701782E8 SQR31?3              argc=0 site=7017C33E
gcalls seq=000530 caller=QUEST_SERVER target=701782E8 SQR31?3              argc=0 site=7017C33E
gcalls seq=000531 caller=QUEST_SERVER target=701782E8 SQR31?3              argc=0 site=7017C33E
gcalls seq=000532 caller=QUEST_SERVER target=701782E8 SQR31?3              argc=0 site=7017C33E
gcalls seq=000533 caller=QUEST_SERVER target=701782E8 SQR31?3              argc=0 site=7017C33E
gcalls seq=000534 caller=QUEST_SERVER target=701782E8 SQR31?3              argc=0 site=7017C33E
gcalls seq=000535 caller=QUEST_SERVER target=701782E8 SQR31?3              argc=0 site=7017C33E
gcalls seq=000536 caller=QUEST_SERVER target=701782E8 SQR31?3              argc=0 site=7017C33E
gcalls seq=000537 caller=QUEST_SERVER target=7017B501 PICK_X_Y             argc=2 site=7017AD25
gcalls seq=000538 caller=QUEST_SERVER target=7017C098 ROLL32               argc=0 site=7017E21A
gcalls seq=000539 caller=QUEST_SERVER target=7017C098 ROLL32               argc=0 site=7017E21A
gcalls seq=000540 caller=QUEST_SERVER target=7017C098 ROLL32               argc=0 site=7017E21A
gcalls seq=000541 caller=QUEST_SERVER target=70178F4D FIND_OBJECT          argc=3 site=7017AD2F
gcalls seq=000542 caller=QUEST_SERVER target=7017B501 PICK_X_Y             argc=2 site=7017AD25
gcalls seq=000543 caller=QUEST_SERVER target=7017C098 ROLL32               argc=0 site=7017E21A
gcalls seq=000544 caller=QUEST_SERVER target=7017C098 ROLL32               argc=0 site=7017E21A
gcalls seq=000545 caller=QUEST_SERVER target=7017C098 ROLL32               argc=0 site=7017E21A
gcalls seq=000546 caller=QUEST_SERVER target=70178F4D FIND_OBJECT          argc=3 site=7017AD2F
gcalls seq=000547 caller=QUEST_SERVER target=7017C13B TERRITORY            argc=6 site=7017AD41
gcalls seq=000548 caller=QUEST_SERVER target=701782E8 SQR31?3              argc=0 site=7017C33E
gcalls seq=000549 caller=QUEST_SERVER target=701782E8 SQR31?3              argc=0 site=7017C33E
gcalls seq=000550 caller=QUEST_SERVER target=701782E8 SQR31?3              argc=0 site=7017C33E
gcalls seq=000551 caller=QUEST_SERVER target=701782E8 SQR31?3              argc=0 site=7017C33E
gcalls seq=000552 caller=QUEST_SERVER target=701782E8 SQR31?3              argc=0 site=7017C33E
gcalls seq=000553 caller=QUEST_SERVER target=701782E8 SQR31?3              argc=0 site=7017C33E
gcalls seq=000554 caller=QUEST_SERVER target=701782E8 SQR31?3              argc=0 site=7017C33E
gcalls seq=000555 caller=QUEST_SERVER target=701782E8 SQR31?3              argc=0 site=7017C33E
gcalls seq=000556 caller=QUEST_SERVER target=701782E8 SQR31?3              argc=0 site=7017C33E
gcalls seq=000557 caller=QUEST_SERVER target=701782E8 SQR31?3              argc=0 site=7017C33E
gcalls seq=000558 caller=QUEST_SERVER target=701782E8 SQR31?3              argc=0 site=7017C33E
gcalls seq=000559 caller=QUEST_SERVER target=701782E8 SQR31?3              argc=0 site=7017C33E
gcalls seq=000560 caller=QUEST_SERVER target=701782E8 SQR31?3              argc=0 site=7017C33E
gcalls seq=000561 caller=QUEST_SERVER target=701782E8 SQR31?3              argc=0 site=7017C33E
gcalls seq=000562 caller=QUEST_SERVER target=701782E8 SQR31?3              argc=0 site=7017C33E
gcalls seq=000563 caller=QUEST_SERVER target=701782E8 SQR31?3              argc=0 site=7017C33E
gcalls seq=000564 caller=QUEST_SERVER target=701782E8 SQR31?3              argc=0 site=7017C33E
gcalls seq=000565 caller=QUEST_SERVER target=701782E8 SQR31?3              argc=0 site=7017C33E
gcalls seq=000566 caller=QUEST_SERVER target=701782E8 SQR31?3              argc=0 site=7017C33E
gcalls seq=000567 caller=QUEST_SERVER target=701782E8 SQR31?3              argc=0 site=7017C33E
gcalls seq=000568 caller=QUEST_SERVER target=701782E8 SQR31?3              argc=0 site=7017C33E
gcalls seq=000569 caller=QUEST_SERVER target=701782E8 SQR31?3              argc=0 site=7017C33E
gcalls seq=000570 caller=QUEST_SERVER target=701782E8 SQR31?3              argc=0 site=7017C33E
gcalls seq=000571 caller=QUEST_SERVER target=701782E8 SQR31?3              argc=0 site=7017C33E
gcalls seq=000572 caller=QUEST_SERVER target=701782E8 SQR31?3              argc=0 site=7017C33E
gcalls seq=000573 caller=QUEST_SERVER target=701782E8 SQR31?3              argc=0 site=7017C33E
gcalls seq=000574 caller=QUEST_SERVER target=701782E8 SQR31?3              argc=0 site=7017C33E
gcalls seq=000575 caller=QUEST_SERVER target=701782E8 SQR31?3              argc=0 site=7017C33E
gcalls seq=000576 caller=QUEST_SERVER target=701782E8 SQR31?3              argc=0 site=7017C33E
gcalls seq=000577 caller=QUEST_SERVER target=701782E8 SQR31?3              argc=0 site=7017C33E
gcalls seq=000578 caller=QUEST_SERVER target=701782E8 SQR31?3              argc=0 site=7017C33E
gcalls seq=000579 caller=QUEST_SERVER target=701782E8 SQR31?3              argc=0 site=7017C33E
gcalls seq=000580 caller=QUEST_SERVER target=701782E8 SQR31?3              argc=0 site=7017C33E
gcalls seq=000581 caller=QUEST_SERVER target=701782E8 SQR31?3              argc=0 site=7017C33E
gcalls seq=000582 caller=QUEST_SERVER target=701782E8 SQR31?3              argc=0 site=7017C33E
gcalls seq=000583 caller=QUEST_SERVER target=701782E8 SQR31?3              argc=0 site=7017C33E
gcalls seq=000584 caller=QUEST_SERVER target=701782E8 SQR31?3              argc=0 site=7017C33E
gcalls seq=000585 caller=QUEST_SERVER target=701782E8 SQR31?3              argc=0 site=7017C33E
gcalls seq=000586 caller=QUEST_SERVER target=701782E8 SQR31?3              argc=0 site=7017C33E
gcalls seq=000587 caller=QUEST_SERVER target=701782E8 SQR31?3              argc=0 site=7017C33E
gcalls seq=000588 caller=QUEST_SERVER target=701782E8 SQR31?3              argc=0 site=7017C33E
gcalls seq=000589 caller=QUEST_SERVER target=701782E8 SQR31?3              argc=0 site=7017C33E
gcalls seq=000590 caller=QUEST_SERVER target=701782E8 SQR31?3              argc=0 site=7017C33E
gcalls seq=000591 caller=QUEST_SERVER target=701782E8 SQR31?3              argc=0 site=7017C33E
gcalls seq=000592 caller=QUEST_SERVER target=701782E8 SQR31?3              argc=0 site=7017C33E
gcalls seq=000593 caller=QUEST_SERVER target=701782E8 SQR31?3              argc=0 site=7017C33E
gcalls seq=000594 caller=QUEST_SERVER target=701782E8 SQR31?3              argc=0 site=7017C33E
gcalls seq=000595 caller=QUEST_SERVER target=701782E8 SQR31?3              argc=0 site=7017C33E
gcalls seq=000596 caller=QUEST_SERVER target=701782E8 SQR31?3              argc=0 site=7017C33E
gcalls seq=000597 caller=QUEST_SERVER target=701782E8 SQR31?3              argc=0 site=7017C33E
gcalls seq=000598 caller=QUEST_SERVER target=701782E8 SQR31?3              argc=0 site=7017C33E
gcalls seq=000599 caller=QUEST_SERVER target=701782E8 SQR31?3              argc=0 site=7017C33E
gcalls seq=000600 caller=QUEST_SERVER target=701782E8 SQR31?3              argc=0 site=7017C33E
gcalls seq=000601 caller=QUEST_SERVER target=701782E8 SQR31?3              argc=0 site=7017C33E
gcalls seq=000602 caller=QUEST_SERVER target=701782E8 SQR31?3              argc=0 site=7017C33E
gcalls seq=000603 caller=QUEST_SERVER target=701782E8 SQR31?3              argc=0 site=7017C33E
gcalls seq=000604 caller=QUEST_SERVER target=701782E8 SQR31?3              argc=0 site=7017C33E
gcalls seq=000605 caller=QUEST_SERVER target=701782E8 SQR31?3              argc=0 site=7017C33E
gcalls seq=000606 caller=QUEST_SERVER target=701782E8 SQR31?3              argc=0 site=7017C33E
gcalls seq=000607 caller=QUEST_SERVER target=701782E8 SQR31?3              argc=0 site=7017C33E
gcalls seq=000608 caller=QUEST_SERVER target=701782E8 SQR31?3              argc=0 site=7017C33E
gcalls seq=000609 caller=QUEST_SERVER target=701782E8 SQR31?3              argc=0 site=7017C33E
gcalls seq=000610 caller=QUEST_SERVER target=701782E8 SQR31?3              argc=0 site=7017C33E
gcalls seq=000611 caller=QUEST_SERVER target=701782E8 SQR31?3              argc=0 site=7017C33E
gcalls seq=000612 caller=QUEST_SERVER target=701782E8 SQR31?3              argc=0 site=7017C33E
gcalls seq=000613 caller=QUEST_SERVER target=701782E8 SQR31?3              argc=0 site=7017C33E
gcalls seq=000614 caller=QUEST_SERVER target=701782E8 SQR31?3              argc=0 site=7017C33E
gcalls seq=000615 caller=QUEST_SERVER target=701782E8 SQR31?3              argc=0 site=7017C33E
gcalls seq=000616 caller=QUEST_SERVER target=701782E8 SQR31?3              argc=0 site=7017C33E
gcalls seq=000617 caller=QUEST_SERVER target=701782E8 SQR31?3              argc=0 site=7017C33E
gcalls seq=000618 caller=QUEST_SERVER target=701782E8 SQR31?3              argc=0 site=7017C33E
gcalls seq=000619 caller=QUEST_SERVER target=701782E8 SQR31?3              argc=0 site=7017C33E
gcalls seq=000620 caller=QUEST_SERVER target=701782E8 SQR31?3              argc=0 site=7017C33E
gcalls seq=000621 caller=QUEST_SERVER target=701782E8 SQR31?3              argc=0 site=7017C33E
gcalls seq=000622 caller=QUEST_SERVER target=701782E8 SQR31?3              argc=0 site=7017C33E
gcalls seq=000623 caller=QUEST_SERVER target=701782E8 SQR31?3              argc=0 site=7017C33E
gcalls seq=000624 caller=QUEST_SERVER target=701782E8 SQR31?3              argc=0 site=7017C33E
gcalls seq=000625 caller=QUEST_SERVER target=701782E8 SQR31?3              argc=0 site=7017C33E
gcalls seq=000626 caller=QUEST_SERVER target=701782E8 SQR31?3              argc=0 site=7017C33E
gcalls seq=000627 caller=QUEST_SERVER target=701782E8 SQR31?3              argc=0 site=7017C33E
gcalls seq=000628 caller=QUEST_SERVER target=701782E8 SQR31?3              argc=0 site=7017C33E
gcalls seq=000629 caller=QUEST_SERVER target=701782E8 SQR31?3              argc=0 site=7017C33E
gcalls seq=000630 caller=QUEST_SERVER target=701782E8 SQR31?3              argc=0 site=7017C33E
gcalls seq=000631 caller=QUEST_SERVER target=701782E8 SQR31?3              argc=0 site=7017C33E
gcalls seq=000632 caller=QUEST_SERVER target=701782E8 SQR31?3              argc=0 site=7017C33E
gcalls seq=000633 caller=QUEST_SERVER target=701782E8 SQR31?3              argc=0 site=7017C33E
gcalls seq=000634 caller=QUEST_SERVER target=701782E8 SQR31?3              argc=0 site=7017C33E
gcalls seq=000635 caller=QUEST_SERVER target=701782E8 SQR31?3              argc=0 site=7017C33E
gcalls seq=000636 caller=QUEST_SERVER target=701782E8 SQR31?3              argc=0 site=7017C33E
gcalls seq=000637 caller=QUEST_SERVER target=701782E8 SQR31?3              argc=0 site=7017C33E
gcalls seq=000638 caller=QUEST_SERVER target=701782E8 SQR31?3              argc=0 site=7017C33E
gcalls seq=000639 caller=QUEST_SERVER target=701782E8 SQR31?3              argc=0 site=7017C33E
gcalls seq=000640 caller=QUEST_SERVER target=701782E8 SQR31?3              argc=0 site=7017C33E
gcalls seq=000641 caller=QUEST_SERVER target=701782E8 SQR31?3              argc=0 site=7017C33E
gcalls seq=000642 caller=QUEST_SERVER target=701782E8 SQR31?3              argc=0 site=7017C33E
gcalls seq=000643 caller=QUEST_SERVER target=701782E8 SQR31?3              argc=0 site=7017C33E
gcalls seq=000644 caller=QUEST_SERVER target=701782E8 SQR31?3              argc=0 site=7017C33E
gcalls seq=000645 caller=QUEST_SERVER target=701782E8 SQR31?3              argc=0 site=7017C33E
gcalls seq=000646 caller=QUEST_SERVER target=701782E8 SQR31?3              argc=0 site=7017C33E
gcalls seq=000647 caller=QUEST_SERVER target=701782E8 SQR31?3              argc=0 site=7017C33E
gcalls seq=000648 caller=QUEST_SERVER target=701782E8 SQR31?3              argc=0 site=7017C33E
gcalls seq=000649 caller=QUEST_SERVER target=701782E8 SQR31?3              argc=0 site=7017C33E
gcalls seq=000650 caller=QUEST_SERVER target=701782E8 SQR31?3              argc=0 site=7017C33E
gcalls seq=000651 caller=QUEST_SERVER target=701782E8 SQR31?3              argc=0 site=7017C33E
gcalls seq=000652 caller=QUEST_SERVER target=701782E8 SQR31?3              argc=0 site=7017C33E
gcalls seq=000653 caller=QUEST_SERVER target=701782E8 SQR31?3              argc=0 site=7017C33E
gcalls seq=000654 caller=QUEST_SERVER target=701782E8 SQR31?3              argc=0 site=7017C33E
gcalls seq=000655 caller=QUEST_SERVER target=701782E8 SQR31?3              argc=0 site=7017C33E
gcalls seq=000656 caller=QUEST_SERVER target=701782E8 SQR31?3              argc=0 site=7017C33E
gcalls seq=000657 caller=QUEST_SERVER target=701782E8 SQR31?3              argc=0 site=7017C33E
gcalls seq=000658 caller=QUEST_SERVER target=701782E8 SQR31?3              argc=0 site=7017C33E
gcalls seq=000659 caller=QUEST_SERVER target=701782E8 SQR31?3              argc=0 site=7017C33E
gcalls seq=000660 caller=QUEST_SERVER target=701782E8 SQR31?3              argc=0 site=7017C33E
gcalls seq=000661 caller=QUEST_SERVER target=701782E8 SQR31?3              argc=0 site=7017C33E
gcalls seq=000662 caller=QUEST_SERVER target=701782E8 SQR31?3              argc=0 site=7017C33E
gcalls seq=000663 caller=QUEST_SERVER target=701782E8 SQR31?3              argc=0 site=7017C33E
gcalls seq=000664 caller=QUEST_SERVER target=7017B501 PICK_X_Y             argc=2 site=7017AD25
gcalls seq=000665 caller=QUEST_SERVER target=7017C098 ROLL32               argc=0 site=7017E21A
gcalls seq=000666 caller=QUEST_SERVER target=7017C098 ROLL32               argc=0 site=7017E21A
gcalls seq=000667 caller=QUEST_SERVER target=7017C098 ROLL32               argc=0 site=7017E21A
gcalls seq=000668 caller=QUEST_SERVER target=7017C098 ROLL32               argc=0 site=7017E21A
gcalls seq=000669 caller=QUEST_SERVER target=7017C098 ROLL32               argc=0 site=7017E21A
gcalls seq=000670 caller=QUEST_SERVER target=70178F4D FIND_OBJECT          argc=3 site=7017AD2F
gcalls seq=000671 caller=QUEST_SERVER target=7017C13B TERRITORY            argc=6 site=7017AD41
gcalls seq=000672 caller=QUEST_SERVER target=701782E8 SQR31?3              argc=0 site=7017C33E
gcalls seq=000673 caller=QUEST_SERVER target=701782E8 SQR31?3              argc=0 site=7017C33E
gcalls seq=000674 caller=QUEST_SERVER target=701782E8 SQR31?3              argc=0 site=7017C33E
gcalls seq=000675 caller=QUEST_SERVER target=701782E8 SQR31?3              argc=0 site=7017C33E
gcalls seq=000676 caller=QUEST_SERVER target=701782E8 SQR31?3              argc=0 site=7017C33E
gcalls seq=000677 caller=QUEST_SERVER target=701782E8 SQR31?3              argc=0 site=7017C33E
gcalls seq=000678 caller=QUEST_SERVER target=701782E8 SQR31?3              argc=0 site=7017C33E
gcalls seq=000679 caller=QUEST_SERVER target=701782E8 SQR31?3              argc=0 site=7017C33E
gcalls seq=000680 caller=QUEST_SERVER target=701782E8 SQR31?3              argc=0 site=7017C33E
gcalls seq=000681 caller=QUEST_SERVER target=701782E8 SQR31?3              argc=0 site=7017C33E
gcalls seq=000682 caller=QUEST_SERVER target=701782E8 SQR31?3              argc=0 site=7017C33E
gcalls seq=000683 caller=QUEST_SERVER target=701782E8 SQR31?3              argc=0 site=7017C33E
gcalls seq=000684 caller=QUEST_SERVER target=701782E8 SQR31?3              argc=0 site=7017C33E
gcalls seq=000685 caller=QUEST_SERVER target=701782E8 SQR31?3              argc=0 site=7017C33E
gcalls seq=000686 caller=QUEST_SERVER target=701782E8 SQR31?3              argc=0 site=7017C33E
gcalls seq=000687 caller=QUEST_SERVER target=701782E8 SQR31?3              argc=0 site=7017C33E
gcalls seq=000688 caller=QUEST_SERVER target=701782E8 SQR31?3              argc=0 site=7017C33E
gcalls seq=000689 caller=QUEST_SERVER target=701782E8 SQR31?3              argc=0 site=7017C33E
gcalls seq=000690 caller=QUEST_SERVER target=701782E8 SQR31?3              argc=0 site=7017C33E
gcalls seq=000691 caller=QUEST_SERVER target=701782E8 SQR31?3              argc=0 site=7017C33E
gcalls seq=000692 caller=QUEST_SERVER target=701782E8 SQR31?3              argc=0 site=7017C33E
gcalls seq=000693 caller=QUEST_SERVER target=701782E8 SQR31?3              argc=0 site=7017C33E
gcalls seq=000694 caller=QUEST_SERVER target=701782E8 SQR31?3              argc=0 site=7017C33E
gcalls seq=000695 caller=QUEST_SERVER target=701782E8 SQR31?3              argc=0 site=7017C33E
gcalls seq=000696 caller=QUEST_SERVER target=701782E8 SQR31?3              argc=0 site=7017C33E
gcalls seq=000697 caller=QUEST_SERVER target=701782E8 SQR31?3              argc=0 site=7017C33E
gcalls seq=000698 caller=QUEST_SERVER target=701782E8 SQR31?3              argc=0 site=7017C33E
gcalls seq=000699 caller=QUEST_SERVER target=701782E8 SQR31?3              argc=0 site=7017C33E
gcalls seq=000700 caller=QUEST_SERVER target=701782E8 SQR31?3              argc=0 site=7017C33E
gcalls seq=000701 caller=QUEST_SERVER target=701782E8 SQR31?3              argc=0 site=7017C33E
gcalls seq=000702 caller=QUEST_SERVER target=701782E8 SQR31?3              argc=0 site=7017C33E
gcalls seq=000703 caller=QUEST_SERVER target=701782E8 SQR31?3              argc=0 site=7017C33E
gcalls seq=000704 caller=QUEST_SERVER target=701782E8 SQR31?3              argc=0 site=7017C33E
gcalls seq=000705 caller=QUEST_SERVER target=701782E8 SQR31?3              argc=0 site=7017C33E
gcalls seq=000706 caller=QUEST_SERVER target=701782E8 SQR31?3              argc=0 site=7017C33E
gcalls seq=000707 caller=QUEST_SERVER target=701782E8 SQR31?3              argc=0 site=7017C33E
gcalls seq=000708 caller=QUEST_SERVER target=701782E8 SQR31?3              argc=0 site=7017C33E
gcalls seq=000709 caller=QUEST_SERVER target=701782E8 SQR31?3              argc=0 site=7017C33E
gcalls seq=000710 caller=QUEST_SERVER target=701782E8 SQR31?3              argc=0 site=7017C33E
gcalls seq=000711 caller=QUEST_SERVER target=701782E8 SQR31?3              argc=0 site=7017C33E
gcalls seq=000712 caller=QUEST_SERVER target=701782E8 SQR31?3              argc=0 site=7017C33E
gcalls seq=000713 caller=QUEST_SERVER target=701782E8 SQR31?3              argc=0 site=7017C33E
gcalls seq=000714 caller=QUEST_SERVER target=701782E8 SQR31?3              argc=0 site=7017C33E
gcalls seq=000715 caller=QUEST_SERVER target=701782E8 SQR31?3              argc=0 site=7017C33E
gcalls seq=000716 caller=QUEST_SERVER target=701782E8 SQR31?3              argc=0 site=7017C33E
gcalls seq=000717 caller=QUEST_SERVER target=701782E8 SQR31?3              argc=0 site=7017C33E
gcalls seq=000718 caller=QUEST_SERVER target=701782E8 SQR31?3              argc=0 site=7017C33E
gcalls seq=000719 caller=QUEST_SERVER target=701782E8 SQR31?3              argc=0 site=7017C33E
gcalls seq=000720 caller=QUEST_SERVER target=701782E8 SQR31?3              argc=0 site=7017C33E
gcalls seq=000721 caller=QUEST_SERVER target=701782E8 SQR31?3              argc=0 site=7017C33E
gcalls seq=000722 caller=QUEST_SERVER target=701782E8 SQR31?3              argc=0 site=7017C33E
gcalls seq=000723 caller=QUEST_SERVER target=701782E8 SQR31?3              argc=0 site=7017C33E
gcalls seq=000724 caller=QUEST_SERVER target=701782E8 SQR31?3              argc=0 site=7017C33E
gcalls seq=000725 caller=QUEST_SERVER target=701782E8 SQR31?3              argc=0 site=7017C33E
gcalls seq=000726 caller=QUEST_SERVER target=701782E8 SQR31?3              argc=0 site=7017C33E
gcalls seq=000727 caller=QUEST_SERVER target=701782E8 SQR31?3              argc=0 site=7017C33E
gcalls seq=000728 caller=QUEST_SERVER target=701782E8 SQR31?3              argc=0 site=7017C33E
gcalls seq=000729 caller=QUEST_SERVER target=701782E8 SQR31?3              argc=0 site=7017C33E
gcalls seq=000730 caller=QUEST_SERVER target=701782E8 SQR31?3              argc=0 site=7017C33E
gcalls seq=000731 caller=QUEST_SERVER target=701782E8 SQR31?3              argc=0 site=7017C33E
gcalls seq=000732 caller=QUEST_SERVER target=701782E8 SQR31?3              argc=0 site=7017C33E
gcalls seq=000733 caller=QUEST_SERVER target=701782E8 SQR31?3              argc=0 site=7017C33E
gcalls seq=000734 caller=QUEST_SERVER target=701782E8 SQR31?3              argc=0 site=7017C33E
gcalls seq=000735 caller=QUEST_SERVER target=701782E8 SQR31?3              argc=0 site=7017C33E
gcalls seq=000736 caller=QUEST_SERVER target=701782E8 SQR31?3              argc=0 site=7017C33E
gcalls seq=000737 caller=QUEST_SERVER target=701782E8 SQR31?3              argc=0 site=7017C33E
gcalls seq=000738 caller=QUEST_SERVER target=701782E8 SQR31?3              argc=0 site=7017C33E
gcalls seq=000739 caller=QUEST_SERVER target=701782E8 SQR31?3              argc=0 site=7017C33E
gcalls seq=000740 caller=QUEST_SERVER target=701782E8 SQR31?3              argc=0 site=7017C33E
gcalls seq=000741 caller=QUEST_SERVER target=701782E8 SQR31?3              argc=0 site=7017C33E
gcalls seq=000742 caller=QUEST_SERVER target=701782E8 SQR31?3              argc=0 site=7017C33E
gcalls seq=000743 caller=QUEST_SERVER target=701782E8 SQR31?3              argc=0 site=7017C33E
gcalls seq=000744 caller=QUEST_SERVER target=701782E8 SQR31?3              argc=0 site=7017C33E
gcalls seq=000745 caller=QUEST_SERVER target=701782E8 SQR31?3              argc=0 site=7017C33E
gcalls seq=000746 caller=QUEST_SERVER target=701782E8 SQR31?3              argc=0 site=7017C33E
gcalls seq=000747 caller=QUEST_SERVER target=701782E8 SQR31?3              argc=0 site=7017C33E
gcalls seq=000748 caller=QUEST_SERVER target=701782E8 SQR31?3              argc=0 site=7017C33E
gcalls seq=000749 caller=QUEST_SERVER target=701782E8 SQR31?3              argc=0 site=7017C33E
gcalls seq=000750 caller=QUEST_SERVER target=701782E8 SQR31?3              argc=0 site=7017C33E
gcalls seq=000751 caller=QUEST_SERVER target=701782E8 SQR31?3              argc=0 site=7017C33E
gcalls seq=000752 caller=QUEST_SERVER target=701782E8 SQR31?3              argc=0 site=7017C33E
gcalls seq=000753 caller=QUEST_SERVER target=701782E8 SQR31?3              argc=0 site=7017C33E
gcalls seq=000754 caller=QUEST_SERVER target=701782E8 SQR31?3              argc=0 site=7017C33E
gcalls seq=000755 caller=QUEST_SERVER target=701782E8 SQR31?3              argc=0 site=7017C33E
gcalls seq=000756 caller=QUEST_SERVER target=701782E8 SQR31?3              argc=0 site=7017C33E
gcalls seq=000757 caller=QUEST_SERVER target=701782E8 SQR31?3              argc=0 site=7017C33E
gcalls seq=000758 caller=QUEST_SERVER target=701782E8 SQR31?3              argc=0 site=7017C33E
gcalls seq=000759 caller=QUEST_SERVER target=701782E8 SQR31?3              argc=0 site=7017C33E
gcalls seq=000760 caller=QUEST_SERVER target=701782E8 SQR31?3              argc=0 site=7017C33E
gcalls seq=000761 caller=QUEST_SERVER target=701782E8 SQR31?3              argc=0 site=7017C33E
gcalls seq=000762 caller=QUEST_SERVER target=701782E8 SQR31?3              argc=0 site=7017C33E
gcalls seq=000763 caller=QUEST_SERVER target=701782E8 SQR31?3              argc=0 site=7017C33E
gcalls seq=000764 caller=QUEST_SERVER target=701782E8 SQR31?3              argc=0 site=7017C33E
gcalls seq=000765 caller=QUEST_SERVER target=701782E8 SQR31?3              argc=0 site=7017C33E
gcalls seq=000766 caller=QUEST_SERVER target=701782E8 SQR31?3              argc=0 site=7017C33E
gcalls seq=000767 caller=QUEST_SERVER target=701782E8 SQR31?3              argc=0 site=7017C33E
gcalls seq=000768 caller=QUEST_SERVER target=701782E8 SQR31?3              argc=0 site=7017C33E
gcalls seq=000769 caller=QUEST_SERVER target=701782E8 SQR31?3              argc=0 site=7017C33E
gcalls seq=000770 caller=QUEST_SERVER target=701782E8 SQR31?3              argc=0 site=7017C33E
gcalls seq=000771 caller=QUEST_SERVER target=701782E8 SQR31?3              argc=0 site=7017C33E
gcalls seq=000772 caller=QUEST_SERVER target=701782E8 SQR31?3              argc=0 site=7017C33E
gcalls seq=000773 caller=QUEST_SERVER target=701782E8 SQR31?3              argc=0 site=7017C33E
gcalls seq=000774 caller=QUEST_SERVER target=701782E8 SQR31?3              argc=0 site=7017C33E
gcalls seq=000775 caller=QUEST_SERVER target=701782E8 SQR31?3              argc=0 site=7017C33E
gcalls seq=000776 caller=QUEST_SERVER target=701782E8 SQR31?3              argc=0 site=7017C33E
gcalls seq=000777 caller=QUEST_SERVER target=701782E8 SQR31?3              argc=0 site=7017C33E
gcalls seq=000778 caller=QUEST_SERVER target=701782E8 SQR31?3              argc=0 site=7017C33E
gcalls seq=000779 caller=QUEST_SERVER target=701782E8 SQR31?3              argc=0 site=7017C33E
gcalls seq=000780 caller=QUEST_SERVER target=701782E8 SQR31?3              argc=0 site=7017C33E
gcalls seq=000781 caller=QUEST_SERVER target=701782E8 SQR31?3              argc=0 site=7017C33E
gcalls seq=000782 caller=QUEST_SERVER target=701782E8 SQR31?3              argc=0 site=7017C33E
gcalls seq=000783 caller=QUEST_SERVER target=701782E8 SQR31?3              argc=0 site=7017C33E
gcalls seq=000784 caller=QUEST_SERVER target=701782E8 SQR31?3              argc=0 site=7017C33E
gcalls seq=000785 caller=QUEST_SERVER target=701782E8 SQR31?3              argc=0 site=7017C33E
gcalls seq=000786 caller=QUEST_SERVER target=701782E8 SQR31?3              argc=0 site=7017C33E
gcalls seq=000787 caller=QUEST_SERVER target=701782E8 SQR31?3              argc=0 site=7017C33E
gcalls seq=000788 caller=QUEST_SERVER target=7017B501 PICK_X_Y             argc=2 site=7017AD25
gcalls seq=000789 caller=QUEST_SERVER target=7017C098 ROLL32               argc=0 site=7017E21A
gcalls seq=000790 caller=QUEST_SERVER target=7017C098 ROLL32               argc=0 site=7017E21A
gcalls seq=000791 caller=QUEST_SERVER target=7017C098 ROLL32               argc=0 site=7017E21A
gcalls seq=000792 caller=QUEST_SERVER target=70178F4D FIND_OBJECT          argc=3 site=7017AD2F
gcalls seq=000793 caller=QUEST_SERVER target=7017C13B TERRITORY            argc=6 site=7017AD41
gcalls seq=000794 caller=QUEST_SERVER target=701782E8 SQR31?3              argc=0 site=7017C33E
gcalls seq=000795 caller=QUEST_SERVER target=701782E8 SQR31?3              argc=0 site=7017C33E
gcalls seq=000796 caller=QUEST_SERVER target=701782E8 SQR31?3              argc=0 site=7017C33E
gcalls seq=000797 caller=QUEST_SERVER target=701782E8 SQR31?3              argc=0 site=7017C33E
gcalls seq=000798 caller=QUEST_SERVER target=701782E8 SQR31?3              argc=0 site=7017C33E
gcalls seq=000799 caller=QUEST_SERVER target=701782E8 SQR31?3              argc=0 site=7017C33E
gcalls seq=000800 caller=QUEST_SERVER target=701782E8 SQR31?3              argc=0 site=7017C33E
gcalls seq=000801 caller=QUEST_SERVER target=701782E8 SQR31?3              argc=0 site=7017C33E
gcalls seq=000802 caller=QUEST_SERVER target=701782E8 SQR31?3              argc=0 site=7017C33E
gcalls seq=000803 caller=QUEST_SERVER target=701782E8 SQR31?3              argc=0 site=7017C33E
gcalls seq=000804 caller=QUEST_SERVER target=701782E8 SQR31?3              argc=0 site=7017C33E
gcalls seq=000805 caller=QUEST_SERVER target=701782E8 SQR31?3              argc=0 site=7017C33E
gcalls seq=000806 caller=QUEST_SERVER target=701782E8 SQR31?3              argc=0 site=7017C33E
gcalls seq=000807 caller=QUEST_SERVER target=701782E8 SQR31?3              argc=0 site=7017C33E
gcalls seq=000808 caller=QUEST_SERVER target=701782E8 SQR31?3              argc=0 site=7017C33E
gcalls seq=000809 caller=QUEST_SERVER target=701782E8 SQR31?3              argc=0 site=7017C33E
gcalls seq=000810 caller=QUEST_SERVER target=701782E8 SQR31?3              argc=0 site=7017C33E
gcalls seq=000811 caller=QUEST_SERVER target=701782E8 SQR31?3              argc=0 site=7017C33E
gcalls seq=000812 caller=QUEST_SERVER target=701782E8 SQR31?3              argc=0 site=7017C33E
gcalls seq=000813 caller=QUEST_SERVER target=701782E8 SQR31?3              argc=0 site=7017C33E
gcalls seq=000814 caller=QUEST_SERVER target=701782E8 SQR31?3              argc=0 site=7017C33E
gcalls seq=000815 caller=QUEST_SERVER target=701782E8 SQR31?3              argc=0 site=7017C33E
gcalls seq=000816 caller=QUEST_SERVER target=701782E8 SQR31?3              argc=0 site=7017C33E
gcalls seq=000817 caller=QUEST_SERVER target=701782E8 SQR31?3              argc=0 site=7017C33E
gcalls seq=000818 caller=QUEST_SERVER target=701782E8 SQR31?3              argc=0 site=7017C33E
gcalls seq=000819 caller=QUEST_SERVER target=701782E8 SQR31?3              argc=0 site=7017C33E
gcalls seq=000820 caller=QUEST_SERVER target=701782E8 SQR31?3              argc=0 site=7017C33E
gcalls seq=000821 caller=QUEST_SERVER target=701782E8 SQR31?3              argc=0 site=7017C33E
gcalls seq=000822 caller=QUEST_SERVER target=701782E8 SQR31?3              argc=0 site=7017C33E
gcalls seq=000823 caller=QUEST_SERVER target=701782E8 SQR31?3              argc=0 site=7017C33E
gcalls seq=000824 caller=QUEST_SERVER target=701782E8 SQR31?3              argc=0 site=7017C33E
gcalls seq=000825 caller=QUEST_SERVER target=701782E8 SQR31?3              argc=0 site=7017C33E
gcalls seq=000826 caller=QUEST_SERVER target=701782E8 SQR31?3              argc=0 site=7017C33E
gcalls seq=000827 caller=QUEST_SERVER target=701782E8 SQR31?3              argc=0 site=7017C33E
gcalls seq=000828 caller=QUEST_SERVER target=701782E8 SQR31?3              argc=0 site=7017C33E
gcalls seq=000829 caller=QUEST_SERVER target=701782E8 SQR31?3              argc=0 site=7017C33E
gcalls seq=000830 caller=QUEST_SERVER target=701782E8 SQR31?3              argc=0 site=7017C33E
gcalls seq=000831 caller=QUEST_SERVER target=701782E8 SQR31?3              argc=0 site=7017C33E
gcalls seq=000832 caller=QUEST_SERVER target=701782E8 SQR31?3              argc=0 site=7017C33E
gcalls seq=000833 caller=QUEST_SERVER target=701782E8 SQR31?3              argc=0 site=7017C33E
gcalls seq=000834 caller=QUEST_SERVER target=701782E8 SQR31?3              argc=0 site=7017C33E
gcalls seq=000835 caller=QUEST_SERVER target=701782E8 SQR31?3              argc=0 site=7017C33E
gcalls seq=000836 caller=QUEST_SERVER target=701782E8 SQR31?3              argc=0 site=7017C33E
gcalls seq=000837 caller=QUEST_SERVER target=701782E8 SQR31?3              argc=0 site=7017C33E
gcalls seq=000838 caller=QUEST_SERVER target=701782E8 SQR31?3              argc=0 site=7017C33E
gcalls seq=000839 caller=QUEST_SERVER target=701782E8 SQR31?3              argc=0 site=7017C33E
gcalls seq=000840 caller=QUEST_SERVER target=701782E8 SQR31?3              argc=0 site=7017C33E
gcalls seq=000841 caller=QUEST_SERVER target=701782E8 SQR31?3              argc=0 site=7017C33E
gcalls seq=000842 caller=QUEST_SERVER target=701782E8 SQR31?3              argc=0 site=7017C33E
gcalls seq=000843 caller=QUEST_SERVER target=701782E8 SQR31?3              argc=0 site=7017C33E
gcalls seq=000844 caller=QUEST_SERVER target=701782E8 SQR31?3              argc=0 site=7017C33E
gcalls seq=000845 caller=QUEST_SERVER target=701782E8 SQR31?3              argc=0 site=7017C33E
gcalls seq=000846 caller=QUEST_SERVER target=701782E8 SQR31?3              argc=0 site=7017C33E
gcalls seq=000847 caller=QUEST_SERVER target=701782E8 SQR31?3              argc=0 site=7017C33E
gcalls seq=000848 caller=QUEST_SERVER target=701782E8 SQR31?3              argc=0 site=7017C33E
gcalls seq=000849 caller=QUEST_SERVER target=701782E8 SQR31?3              argc=0 site=7017C33E
gcalls seq=000850 caller=QUEST_SERVER target=701782E8 SQR31?3              argc=0 site=7017C33E
gcalls seq=000851 caller=QUEST_SERVER target=701782E8 SQR31?3              argc=0 site=7017C33E
gcalls seq=000852 caller=QUEST_SERVER target=701782E8 SQR31?3              argc=0 site=7017C33E
gcalls seq=000853 caller=QUEST_SERVER target=701782E8 SQR31?3              argc=0 site=7017C33E
gcalls seq=000854 caller=QUEST_SERVER target=701782E8 SQR31?3              argc=0 site=7017C33E
gcalls seq=000855 caller=QUEST_SERVER target=701782E8 SQR31?3              argc=0 site=7017C33E
gcalls seq=000856 caller=QUEST_SERVER target=701782E8 SQR31?3              argc=0 site=7017C33E
gcalls seq=000857 caller=QUEST_SERVER target=701782E8 SQR31?3              argc=0 site=7017C33E
gcalls seq=000858 caller=QUEST_SERVER target=701782E8 SQR31?3              argc=0 site=7017C33E
gcalls seq=000859 caller=QUEST_SERVER target=701782E8 SQR31?3              argc=0 site=7017C33E
gcalls seq=000860 caller=QUEST_SERVER target=701782E8 SQR31?3              argc=0 site=7017C33E
gcalls seq=000861 caller=QUEST_SERVER target=701782E8 SQR31?3              argc=0 site=7017C33E
gcalls seq=000862 caller=QUEST_SERVER target=701782E8 SQR31?3              argc=0 site=7017C33E
gcalls seq=000863 caller=QUEST_SERVER target=701782E8 SQR31?3              argc=0 site=7017C33E
gcalls seq=000864 caller=QUEST_SERVER target=701782E8 SQR31?3              argc=0 site=7017C33E
gcalls seq=000865 caller=QUEST_SERVER target=701782E8 SQR31?3              argc=0 site=7017C33E
gcalls seq=000866 caller=QUEST_SERVER target=701782E8 SQR31?3              argc=0 site=7017C33E
gcalls seq=000867 caller=QUEST_SERVER target=701782E8 SQR31?3              argc=0 site=7017C33E
gcalls seq=000868 caller=QUEST_SERVER target=701782E8 SQR31?3              argc=0 site=7017C33E
gcalls seq=000869 caller=QUEST_SERVER target=701782E8 SQR31?3              argc=0 site=7017C33E
gcalls seq=000870 caller=QUEST_SERVER target=701782E8 SQR31?3              argc=0 site=7017C33E
gcalls seq=000871 caller=QUEST_SERVER target=701782E8 SQR31?3              argc=0 site=7017C33E
gcalls seq=000872 caller=QUEST_SERVER target=701782E8 SQR31?3              argc=0 site=7017C33E
gcalls seq=000873 caller=QUEST_SERVER target=701782E8 SQR31?3              argc=0 site=7017C33E
gcalls seq=000874 caller=QUEST_SERVER target=701782E8 SQR31?3              argc=0 site=7017C33E
gcalls seq=000875 caller=QUEST_SERVER target=701782E8 SQR31?3              argc=0 site=7017C33E
gcalls seq=000876 caller=QUEST_SERVER target=701782E8 SQR31?3              argc=0 site=7017C33E
gcalls seq=000877 caller=QUEST_SERVER target=701782E8 SQR31?3              argc=0 site=7017C33E
gcalls seq=000878 caller=QUEST_SERVER target=701782E8 SQR31?3              argc=0 site=7017C33E
gcalls seq=000879 caller=QUEST_SERVER target=701782E8 SQR31?3              argc=0 site=7017C33E
gcalls seq=000880 caller=QUEST_SERVER target=701782E8 SQR31?3              argc=0 site=7017C33E
gcalls seq=000881 caller=QUEST_SERVER target=701782E8 SQR31?3              argc=0 site=7017C33E
gcalls seq=000882 caller=QUEST_SERVER target=701782E8 SQR31?3              argc=0 site=7017C33E
gcalls seq=000883 caller=QUEST_SERVER target=701782E8 SQR31?3              argc=0 site=7017C33E
gcalls seq=000884 caller=QUEST_SERVER target=701782E8 SQR31?3              argc=0 site=7017C33E
gcalls seq=000885 caller=QUEST_SERVER target=701782E8 SQR31?3              argc=0 site=7017C33E
gcalls seq=000886 caller=QUEST_SERVER target=701782E8 SQR31?3              argc=0 site=7017C33E
gcalls seq=000887 caller=QUEST_SERVER target=701782E8 SQR31?3              argc=0 site=7017C33E
gcalls seq=000888 caller=QUEST_SERVER target=701782E8 SQR31?3              argc=0 site=7017C33E
gcalls seq=000889 caller=QUEST_SERVER target=701782E8 SQR31?3              argc=0 site=7017C33E
gcalls seq=000890 caller=QUEST_SERVER target=701782E8 SQR31?3              argc=0 site=7017C33E
gcalls seq=000891 caller=QUEST_SERVER target=701782E8 SQR31?3              argc=0 site=7017C33E
gcalls seq=000892 caller=QUEST_SERVER target=701782E8 SQR31?3              argc=0 site=7017C33E
gcalls seq=000893 caller=QUEST_SERVER target=701782E8 SQR31?3              argc=0 site=7017C33E
gcalls seq=000894 caller=QUEST_SERVER target=701782E8 SQR31?3              argc=0 site=7017C33E
gcalls seq=000895 caller=QUEST_SERVER target=701782E8 SQR31?3              argc=0 site=7017C33E
gcalls seq=000896 caller=QUEST_SERVER target=701782E8 SQR31?3              argc=0 site=7017C33E
gcalls seq=000897 caller=QUEST_SERVER target=701782E8 SQR31?3              argc=0 site=7017C33E
gcalls seq=000898 caller=QUEST_SERVER target=701782E8 SQR31?3              argc=0 site=7017C33E
gcalls seq=000899 caller=QUEST_SERVER target=701782E8 SQR31?3              argc=0 site=7017C33E
gcalls seq=000900 caller=QUEST_SERVER target=701782E8 SQR31?3              argc=0 site=7017C33E
gcalls seq=000901 caller=QUEST_SERVER target=701782E8 SQR31?3              argc=0 site=7017C33E
gcalls seq=000902 caller=QUEST_SERVER target=701782E8 SQR31?3              argc=0 site=7017C33E
gcalls seq=000903 caller=QUEST_SERVER target=701782E8 SQR31?3              argc=0 site=7017C33E
gcalls seq=000904 caller=QUEST_SERVER target=701782E8 SQR31?3              argc=0 site=7017C33E
gcalls seq=000905 caller=QUEST_SERVER target=701782E8 SQR31?3              argc=0 site=7017C33E
gcalls seq=000906 caller=QUEST_SERVER target=701782E8 SQR31?3              argc=0 site=7017C33E
gcalls seq=000907 caller=QUEST_SERVER target=701782E8 SQR31?3              argc=0 site=7017C33E
gcalls seq=000908 caller=QUEST_SERVER target=701782E8 SQR31?3              argc=0 site=7017C33E
gcalls seq=000909 caller=QUEST_SERVER target=701782E8 SQR31?3              argc=0 site=7017C33E
gcalls seq=000910 caller=QUEST_SERVER target=7017B501 PICK_X_Y             argc=2 site=7017AD25
gcalls seq=000911 caller=QUEST_SERVER target=7017C098 ROLL32               argc=0 site=7017E21A
gcalls seq=000912 caller=QUEST_SERVER target=7017C098 ROLL32               argc=0 site=7017E21A
gcalls seq=000913 caller=QUEST_SERVER target=7017C098 ROLL32               argc=0 site=7017E21A
gcalls seq=000914 caller=QUEST_SERVER target=70178F4D FIND_OBJECT          argc=3 site=7017AD2F
gcalls seq=000915 caller=QUEST_SERVER target=7017C13B TERRITORY            argc=6 site=7017AD41
gcalls seq=000916 caller=QUEST_SERVER target=701782E8 SQR31?3              argc=0 site=7017C33E
gcalls seq=000917 caller=QUEST_SERVER target=701782E8 SQR31?3              argc=0 site=7017C33E
gcalls seq=000918 caller=QUEST_SERVER target=701782E8 SQR31?3              argc=0 site=7017C33E
gcalls seq=000919 caller=QUEST_SERVER target=701782E8 SQR31?3              argc=0 site=7017C33E
gcalls seq=000920 caller=QUEST_SERVER target=701782E8 SQR31?3              argc=0 site=7017C33E
gcalls seq=000921 caller=QUEST_SERVER target=701782E8 SQR31?3              argc=0 site=7017C33E
gcalls seq=000922 caller=QUEST_SERVER target=701782E8 SQR31?3              argc=0 site=7017C33E
gcalls seq=000923 caller=QUEST_SERVER target=701782E8 SQR31?3              argc=0 site=7017C33E
gcalls seq=000924 caller=QUEST_SERVER target=701782E8 SQR31?3              argc=0 site=7017C33E
gcalls seq=000925 caller=QUEST_SERVER target=701782E8 SQR31?3              argc=0 site=7017C33E
gcalls seq=000926 caller=QUEST_SERVER target=701782E8 SQR31?3              argc=0 site=7017C33E
gcalls seq=000927 caller=QUEST_SERVER target=701782E8 SQR31?3              argc=0 site=7017C33E
gcalls seq=000928 caller=QUEST_SERVER target=701782E8 SQR31?3              argc=0 site=7017C33E
gcalls seq=000929 caller=QUEST_SERVER target=701782E8 SQR31?3              argc=0 site=7017C33E
gcalls seq=000930 caller=QUEST_SERVER target=701782E8 SQR31?3              argc=0 site=7017C33E
gcalls seq=000931 caller=QUEST_SERVER target=701782E8 SQR31?3              argc=0 site=7017C33E
gcalls seq=000932 caller=QUEST_SERVER target=701782E8 SQR31?3              argc=0 site=7017C33E
gcalls seq=000933 caller=QUEST_SERVER target=701782E8 SQR31?3              argc=0 site=7017C33E
gcalls seq=000934 caller=QUEST_SERVER target=701782E8 SQR31?3              argc=0 site=7017C33E
gcalls seq=000935 caller=QUEST_SERVER target=701782E8 SQR31?3              argc=0 site=7017C33E
gcalls seq=000936 caller=QUEST_SERVER target=701782E8 SQR31?3              argc=0 site=7017C33E
gcalls seq=000937 caller=QUEST_SERVER target=701782E8 SQR31?3              argc=0 site=7017C33E
gcalls seq=000938 caller=QUEST_SERVER target=701782E8 SQR31?3              argc=0 site=7017C33E
gcalls seq=000939 caller=QUEST_SERVER target=701782E8 SQR31?3              argc=0 site=7017C33E
gcalls seq=000940 caller=QUEST_SERVER target=701782E8 SQR31?3              argc=0 site=7017C33E
gcalls seq=000941 caller=QUEST_SERVER target=701782E8 SQR31?3              argc=0 site=7017C33E
gcalls seq=000942 caller=QUEST_SERVER target=701782E8 SQR31?3              argc=0 site=7017C33E
gcalls seq=000943 caller=QUEST_SERVER target=701782E8 SQR31?3              argc=0 site=7017C33E
gcalls seq=000944 caller=QUEST_SERVER target=701782E8 SQR31?3              argc=0 site=7017C33E
gcalls seq=000945 caller=QUEST_SERVER target=701782E8 SQR31?3              argc=0 site=7017C33E
gcalls seq=000946 caller=QUEST_SERVER target=701782E8 SQR31?3              argc=0 site=7017C33E
gcalls seq=000947 caller=QUEST_SERVER target=701782E8 SQR31?3              argc=0 site=7017C33E
gcalls seq=000948 caller=QUEST_SERVER target=701782E8 SQR31?3              argc=0 site=7017C33E
gcalls seq=000949 caller=QUEST_SERVER target=701782E8 SQR31?3              argc=0 site=7017C33E
gcalls seq=000950 caller=QUEST_SERVER target=701782E8 SQR31?3              argc=0 site=7017C33E
gcalls seq=000951 caller=QUEST_SERVER target=701782E8 SQR31?3              argc=0 site=7017C33E
gcalls seq=000952 caller=QUEST_SERVER target=701782E8 SQR31?3              argc=0 site=7017C33E
gcalls seq=000953 caller=QUEST_SERVER target=701782E8 SQR31?3              argc=0 site=7017C33E
gcalls seq=000954 caller=QUEST_SERVER target=701782E8 SQR31?3              argc=0 site=7017C33E
gcalls seq=000955 caller=QUEST_SERVER target=701782E8 SQR31?3              argc=0 site=7017C33E
gcalls seq=000956 caller=QUEST_SERVER target=701782E8 SQR31?3              argc=0 site=7017C33E
gcalls seq=000957 caller=QUEST_SERVER target=701782E8 SQR31?3              argc=0 site=7017C33E
gcalls seq=000958 caller=QUEST_SERVER target=701782E8 SQR31?3              argc=0 site=7017C33E
gcalls seq=000959 caller=QUEST_SERVER target=701782E8 SQR31?3              argc=0 site=7017C33E
gcalls seq=000960 caller=QUEST_SERVER target=701782E8 SQR31?3              argc=0 site=7017C33E
gcalls seq=000961 caller=QUEST_SERVER target=701782E8 SQR31?3              argc=0 site=7017C33E
gcalls seq=000962 caller=QUEST_SERVER target=701782E8 SQR31?3              argc=0 site=7017C33E
gcalls seq=000963 caller=QUEST_SERVER target=701782E8 SQR31?3              argc=0 site=7017C33E
gcalls seq=000964 caller=QUEST_SERVER target=701782E8 SQR31?3              argc=0 site=7017C33E
gcalls seq=000965 caller=QUEST_SERVER target=701782E8 SQR31?3              argc=0 site=7017C33E
gcalls seq=000966 caller=QUEST_SERVER target=701782E8 SQR31?3              argc=0 site=7017C33E
gcalls seq=000967 caller=QUEST_SERVER target=701782E8 SQR31?3              argc=0 site=7017C33E
gcalls seq=000968 caller=QUEST_SERVER target=701782E8 SQR31?3              argc=0 site=7017C33E
gcalls seq=000969 caller=QUEST_SERVER target=701782E8 SQR31?3              argc=0 site=7017C33E
gcalls seq=000970 caller=QUEST_SERVER target=701782E8 SQR31?3              argc=0 site=7017C33E
gcalls seq=000971 caller=QUEST_SERVER target=701782E8 SQR31?3              argc=0 site=7017C33E
gcalls seq=000972 caller=QUEST_SERVER target=701782E8 SQR31?3              argc=0 site=7017C33E
gcalls seq=000973 caller=QUEST_SERVER target=701782E8 SQR31?3              argc=0 site=7017C33E
gcalls seq=000974 caller=QUEST_SERVER target=701782E8 SQR31?3              argc=0 site=7017C33E
gcalls seq=000975 caller=QUEST_SERVER target=701782E8 SQR31?3              argc=0 site=7017C33E
gcalls seq=000976 caller=QUEST_SERVER target=701782E8 SQR31?3              argc=0 site=7017C33E
gcalls seq=000977 caller=QUEST_SERVER target=701782E8 SQR31?3              argc=0 site=7017C33E
gcalls seq=000978 caller=QUEST_SERVER target=701782E8 SQR31?3              argc=0 site=7017C33E
gcalls seq=000979 caller=QUEST_SERVER target=701782E8 SQR31?3              argc=0 site=7017C33E
gcalls seq=000980 caller=QUEST_SERVER target=701782E8 SQR31?3              argc=0 site=7017C33E
gcalls seq=000981 caller=QUEST_SERVER target=701782E8 SQR31?3              argc=0 site=7017C33E
gcalls seq=000982 caller=QUEST_SERVER target=701782E8 SQR31?3              argc=0 site=7017C33E
gcalls seq=000983 caller=QUEST_SERVER target=701782E8 SQR31?3              argc=0 site=7017C33E
gcalls seq=000984 caller=QUEST_SERVER target=701782E8 SQR31?3              argc=0 site=7017C33E
gcalls seq=000985 caller=QUEST_SERVER target=701782E8 SQR31?3              argc=0 site=7017C33E
gcalls seq=000986 caller=QUEST_SERVER target=701782E8 SQR31?3              argc=0 site=7017C33E
gcalls seq=000987 caller=QUEST_SERVER target=701782E8 SQR31?3              argc=0 site=7017C33E
gcalls seq=000988 caller=QUEST_SERVER target=701782E8 SQR31?3              argc=0 site=7017C33E
gcalls seq=000989 caller=QUEST_SERVER target=701782E8 SQR31?3              argc=0 site=7017C33E
gcalls seq=000990 caller=QUEST_SERVER target=701782E8 SQR31?3              argc=0 site=7017C33E
gcalls seq=000991 caller=QUEST_SERVER target=701782E8 SQR31?3              argc=0 site=7017C33E
gcalls seq=000992 caller=QUEST_SERVER target=701782E8 SQR31?3              argc=0 site=7017C33E
gcalls seq=000993 caller=QUEST_SERVER target=701782E8 SQR31?3              argc=0 site=7017C33E
gcalls seq=000994 caller=QUEST_SERVER target=701782E8 SQR31?3              argc=0 site=7017C33E
gcalls seq=000995 caller=QUEST_SERVER target=701782E8 SQR31?3              argc=0 site=7017C33E
gcalls seq=000996 caller=QUEST_SERVER target=701782E8 SQR31?3              argc=0 site=7017C33E
gcalls seq=000997 caller=QUEST_SERVER target=701782E8 SQR31?3              argc=0 site=7017C33E
gcalls seq=000998 caller=QUEST_SERVER target=701782E8 SQR31?3              argc=0 site=7017C33E
gcalls seq=000999 caller=QUEST_SERVER target=701782E8 SQR31?3              argc=0 site=7017C33E
gcalls seq=001000 caller=QUEST_SERVER target=701782E8 SQR31?3              argc=0 site=7017C33E
gcalls seq=001001 caller=QUEST_SERVER target=701782E8 SQR31?3              argc=0 site=7017C33E
gcalls seq=001002 caller=QUEST_SERVER target=701782E8 SQR31?3              argc=0 site=7017C33E
gcalls seq=001003 caller=QUEST_SERVER target=701782E8 SQR31?3              argc=0 site=7017C33E
gcalls seq=001004 caller=QUEST_SERVER target=701782E8 SQR31?3              argc=0 site=7017C33E
gcalls seq=001005 caller=QUEST_SERVER target=701782E8 SQR31?3              argc=0 site=7017C33E
gcalls seq=001006 caller=QUEST_SERVER target=701782E8 SQR31?3              argc=0 site=7017C33E
gcalls seq=001007 caller=QUEST_SERVER target=701782E8 SQR31?3              argc=0 site=7017C33E
gcalls seq=001008 caller=QUEST_SERVER target=701782E8 SQR31?3              argc=0 site=7017C33E
gcalls seq=001009 caller=QUEST_SERVER target=701782E8 SQR31?3              argc=0 site=7017C33E
gcalls seq=001010 caller=QUEST_SERVER target=701782E8 SQR31?3              argc=0 site=7017C33E
gcalls seq=001011 caller=QUEST_SERVER target=701782E8 SQR31?3              argc=0 site=7017C33E
gcalls seq=001012 caller=QUEST_SERVER target=701782E8 SQR31?3              argc=0 site=7017C33E
gcalls seq=001013 caller=QUEST_SERVER target=701782E8 SQR31?3              argc=0 site=7017C33E
gcalls seq=001014 caller=QUEST_SERVER target=701782E8 SQR31?3              argc=0 site=7017C33E
gcalls seq=001015 caller=QUEST_SERVER target=701782E8 SQR31?3              argc=0 site=7017C33E
gcalls seq=001016 caller=QUEST_SERVER target=701782E8 SQR31?3              argc=0 site=7017C33E
gcalls seq=001017 caller=QUEST_SERVER target=701782E8 SQR31?3              argc=0 site=7017C33E
gcalls seq=001018 caller=QUEST_SERVER target=701782E8 SQR31?3              argc=0 site=7017C33E
gcalls seq=001019 caller=QUEST_SERVER target=701782E8 SQR31?3              argc=0 site=7017C33E
gcalls seq=001020 caller=QUEST_SERVER target=701782E8 SQR31?3              argc=0 site=7017C33E
gcalls seq=001021 caller=QUEST_SERVER target=701782E8 SQR31?3              argc=0 site=7017C33E
gcalls seq=001022 caller=QUEST_SERVER target=701782E8 SQR31?3              argc=0 site=7017C33E
gcalls seq=001023 caller=QUEST_SERVER target=701782E8 SQR31?3              argc=0 site=7017C33E
gcalls seq=001024 caller=QUEST_SERVER target=701782E8 SQR31?3              argc=0 site=7017C33E
gcalls seq=001025 caller=QUEST_SERVER target=701782E8 SQR31?3              argc=0 site=7017C33E
gcalls seq=001026 caller=QUEST_SERVER target=701782E8 SQR31?3              argc=0 site=7017C33E
gcalls seq=001027 caller=QUEST_SERVER target=701782E8 SQR31?3              argc=0 site=7017C33E
gcalls seq=001028 caller=QUEST_SERVER target=701782E8 SQR31?3              argc=0 site=7017C33E
gcalls seq=001029 caller=QUEST_SERVER target=701782E8 SQR31?3              argc=0 site=7017C33E
gcalls seq=001030 caller=QUEST_SERVER target=701782E8 SQR31?3              argc=0 site=7017C33E
gcalls seq=001031 caller=QUEST_SERVER target=701782E8 SQR31?3              argc=0 site=7017C33E
gcalls seq=001032 caller=QUEST_SERVER target=7017B501 PICK_X_Y             argc=2 site=7017AD25
gcalls seq=001033 caller=QUEST_SERVER target=7017C098 ROLL32               argc=0 site=7017E21A
gcalls seq=001034 caller=QUEST_SERVER target=7017C098 ROLL32               argc=0 site=7017E21A
gcalls seq=001035 caller=QUEST_SERVER target=7017C098 ROLL32               argc=0 site=7017E21A
gcalls seq=001036 caller=QUEST_SERVER target=70178F4D FIND_OBJECT          argc=3 site=7017AD2F
gcalls seq=001037 caller=QUEST_SERVER target=7017C13B TERRITORY            argc=6 site=7017AD41
gcalls seq=001038 caller=QUEST_SERVER target=701782E8 SQR31?3              argc=0 site=7017C33E
gcalls seq=001039 caller=QUEST_SERVER target=701782E8 SQR31?3              argc=0 site=7017C33E
gcalls seq=001040 caller=QUEST_SERVER target=701782E8 SQR31?3              argc=0 site=7017C33E
gcalls seq=001041 caller=QUEST_SERVER target=701782E8 SQR31?3              argc=0 site=7017C33E
gcalls seq=001042 caller=QUEST_SERVER target=701782E8 SQR31?3              argc=0 site=7017C33E
gcalls seq=001043 caller=QUEST_SERVER target=701782E8 SQR31?3              argc=0 site=7017C33E
gcalls seq=001044 caller=QUEST_SERVER target=701782E8 SQR31?3              argc=0 site=7017C33E
gcalls seq=001045 caller=QUEST_SERVER target=701782E8 SQR31?3              argc=0 site=7017C33E
gcalls seq=001046 caller=QUEST_SERVER target=701782E8 SQR31?3              argc=0 site=7017C33E
gcalls seq=001047 caller=QUEST_SERVER target=701782E8 SQR31?3              argc=0 site=7017C33E
gcalls seq=001048 caller=QUEST_SERVER target=701782E8 SQR31?3              argc=0 site=7017C33E
gcalls seq=001049 caller=QUEST_SERVER target=701782E8 SQR31?3              argc=0 site=7017C33E
gcalls seq=001050 caller=QUEST_SERVER target=701782E8 SQR31?3              argc=0 site=7017C33E
gcalls seq=001051 caller=QUEST_SERVER target=701782E8 SQR31?3              argc=0 site=7017C33E
gcalls seq=001052 caller=QUEST_SERVER target=701782E8 SQR31?3              argc=0 site=7017C33E
gcalls seq=001053 caller=QUEST_SERVER target=701782E8 SQR31?3              argc=0 site=7017C33E
gcalls seq=001054 caller=QUEST_SERVER target=701782E8 SQR31?3              argc=0 site=7017C33E
gcalls seq=001055 caller=QUEST_SERVER target=701782E8 SQR31?3              argc=0 site=7017C33E
gcalls seq=001056 caller=QUEST_SERVER target=701782E8 SQR31?3              argc=0 site=7017C33E
gcalls seq=001057 caller=QUEST_SERVER target=701782E8 SQR31?3              argc=0 site=7017C33E
gcalls seq=001058 caller=QUEST_SERVER target=701782E8 SQR31?3              argc=0 site=7017C33E
gcalls seq=001059 caller=QUEST_SERVER target=701782E8 SQR31?3              argc=0 site=7017C33E
gcalls seq=001060 caller=QUEST_SERVER target=701782E8 SQR31?3              argc=0 site=7017C33E
gcalls seq=001061 caller=QUEST_SERVER target=701782E8 SQR31?3              argc=0 site=7017C33E
gcalls seq=001062 caller=QUEST_SERVER target=701782E8 SQR31?3              argc=0 site=7017C33E
gcalls seq=001063 caller=QUEST_SERVER target=701782E8 SQR31?3              argc=0 site=7017C33E
gcalls seq=001064 caller=QUEST_SERVER target=701782E8 SQR31?3              argc=0 site=7017C33E
gcalls seq=001065 caller=QUEST_SERVER target=701782E8 SQR31?3              argc=0 site=7017C33E
gcalls seq=001066 caller=QUEST_SERVER target=701782E8 SQR31?3              argc=0 site=7017C33E
gcalls seq=001067 caller=QUEST_SERVER target=701782E8 SQR31?3              argc=0 site=7017C33E
gcalls seq=001068 caller=QUEST_SERVER target=701782E8 SQR31?3              argc=0 site=7017C33E
gcalls seq=001069 caller=QUEST_SERVER target=701782E8 SQR31?3              argc=0 site=7017C33E
gcalls seq=001070 caller=QUEST_SERVER target=701782E8 SQR31?3              argc=0 site=7017C33E
gcalls seq=001071 caller=QUEST_SERVER target=701782E8 SQR31?3              argc=0 site=7017C33E
gcalls seq=001072 caller=QUEST_SERVER target=701782E8 SQR31?3              argc=0 site=7017C33E
gcalls seq=001073 caller=QUEST_SERVER target=701782E8 SQR31?3              argc=0 site=7017C33E
gcalls seq=001074 caller=QUEST_SERVER target=701782E8 SQR31?3              argc=0 site=7017C33E
gcalls seq=001075 caller=QUEST_SERVER target=701782E8 SQR31?3              argc=0 site=7017C33E
gcalls seq=001076 caller=QUEST_SERVER target=701782E8 SQR31?3              argc=0 site=7017C33E
gcalls seq=001077 caller=QUEST_SERVER target=701782E8 SQR31?3              argc=0 site=7017C33E
gcalls seq=001078 caller=QUEST_SERVER target=701782E8 SQR31?3              argc=0 site=7017C33E
gcalls seq=001079 caller=QUEST_SERVER target=701782E8 SQR31?3              argc=0 site=7017C33E
gcalls seq=001080 caller=QUEST_SERVER target=701782E8 SQR31?3              argc=0 site=7017C33E
gcalls seq=001081 caller=QUEST_SERVER target=701782E8 SQR31?3              argc=0 site=7017C33E
gcalls seq=001082 caller=QUEST_SERVER target=701782E8 SQR31?3              argc=0 site=7017C33E
gcalls seq=001083 caller=QUEST_SERVER target=701782E8 SQR31?3              argc=0 site=7017C33E
gcalls seq=001084 caller=QUEST_SERVER target=701782E8 SQR31?3              argc=0 site=7017C33E
gcalls seq=001085 caller=QUEST_SERVER target=701782E8 SQR31?3              argc=0 site=7017C33E
gcalls seq=001086 caller=QUEST_SERVER target=701782E8 SQR31?3              argc=0 site=7017C33E
gcalls seq=001087 caller=QUEST_SERVER target=701782E8 SQR31?3              argc=0 site=7017C33E
gcalls seq=001088 caller=QUEST_SERVER target=701782E8 SQR31?3              argc=0 site=7017C33E
gcalls seq=001089 caller=QUEST_SERVER target=701782E8 SQR31?3              argc=0 site=7017C33E
gcalls seq=001090 caller=QUEST_SERVER target=701782E8 SQR31?3              argc=0 site=7017C33E
gcalls seq=001091 caller=QUEST_SERVER target=701782E8 SQR31?3              argc=0 site=7017C33E
gcalls seq=001092 caller=QUEST_SERVER target=701782E8 SQR31?3              argc=0 site=7017C33E
gcalls seq=001093 caller=QUEST_SERVER target=701782E8 SQR31?3              argc=0 site=7017C33E
gcalls seq=001094 caller=QUEST_SERVER target=701782E8 SQR31?3              argc=0 site=7017C33E
gcalls seq=001095 caller=QUEST_SERVER target=701782E8 SQR31?3              argc=0 site=7017C33E
gcalls seq=001096 caller=QUEST_SERVER target=701782E8 SQR31?3              argc=0 site=7017C33E
gcalls seq=001097 caller=QUEST_SERVER target=701782E8 SQR31?3              argc=0 site=7017C33E
gcalls seq=001098 caller=QUEST_SERVER target=701782E8 SQR31?3              argc=0 site=7017C33E
gcalls seq=001099 caller=QUEST_SERVER target=701782E8 SQR31?3              argc=0 site=7017C33E
gcalls seq=001100 caller=QUEST_SERVER target=701782E8 SQR31?3              argc=0 site=7017C33E
gcalls seq=001101 caller=QUEST_SERVER target=701782E8 SQR31?3              argc=0 site=7017C33E
gcalls seq=001102 caller=QUEST_SERVER target=701782E8 SQR31?3              argc=0 site=7017C33E
gcalls seq=001103 caller=QUEST_SERVER target=701782E8 SQR31?3              argc=0 site=7017C33E
gcalls seq=001104 caller=QUEST_SERVER target=701782E8 SQR31?3              argc=0 site=7017C33E
gcalls seq=001105 caller=QUEST_SERVER target=701782E8 SQR31?3              argc=0 site=7017C33E
gcalls seq=001106 caller=QUEST_SERVER target=701782E8 SQR31?3              argc=0 site=7017C33E
gcalls seq=001107 caller=QUEST_SERVER target=701782E8 SQR31?3              argc=0 site=7017C33E
gcalls seq=001108 caller=QUEST_SERVER target=701782E8 SQR31?3              argc=0 site=7017C33E
gcalls seq=001109 caller=QUEST_SERVER target=701782E8 SQR31?3              argc=0 site=7017C33E
gcalls seq=001110 caller=QUEST_SERVER target=701782E8 SQR31?3              argc=0 site=7017C33E
gcalls seq=001111 caller=QUEST_SERVER target=701782E8 SQR31?3              argc=0 site=7017C33E
gcalls seq=001112 caller=QUEST_SERVER target=701782E8 SQR31?3              argc=0 site=7017C33E
gcalls seq=001113 caller=QUEST_SERVER target=701782E8 SQR31?3              argc=0 site=7017C33E
gcalls seq=001114 caller=QUEST_SERVER target=701782E8 SQR31?3              argc=0 site=7017C33E
gcalls seq=001115 caller=QUEST_SERVER target=701782E8 SQR31?3              argc=0 site=7017C33E
gcalls seq=001116 caller=QUEST_SERVER target=701782E8 SQR31?3              argc=0 site=7017C33E
gcalls seq=001117 caller=QUEST_SERVER target=701782E8 SQR31?3              argc=0 site=7017C33E
gcalls seq=001118 caller=QUEST_SERVER target=701782E8 SQR31?3              argc=0 site=7017C33E
gcalls seq=001119 caller=QUEST_SERVER target=701782E8 SQR31?3              argc=0 site=7017C33E
gcalls seq=001120 caller=QUEST_SERVER target=701782E8 SQR31?3              argc=0 site=7017C33E
gcalls seq=001121 caller=QUEST_SERVER target=701782E8 SQR31?3              argc=0 site=7017C33E
gcalls seq=001122 caller=QUEST_SERVER target=701782E8 SQR31?3              argc=0 site=7017C33E
gcalls seq=001123 caller=QUEST_SERVER target=701782E8 SQR31?3              argc=0 site=7017C33E
gcalls seq=001124 caller=QUEST_SERVER target=701782E8 SQR31?3              argc=0 site=7017C33E
gcalls seq=001125 caller=QUEST_SERVER target=701782E8 SQR31?3              argc=0 site=7017C33E
gcalls seq=001126 caller=QUEST_SERVER target=701782E8 SQR31?3              argc=0 site=7017C33E
gcalls seq=001127 caller=QUEST_SERVER target=701782E8 SQR31?3              argc=0 site=7017C33E
gcalls seq=001128 caller=QUEST_SERVER target=701782E8 SQR31?3              argc=0 site=7017C33E
gcalls seq=001129 caller=QUEST_SERVER target=701782E8 SQR31?3              argc=0 site=7017C33E
gcalls seq=001130 caller=QUEST_SERVER target=701782E8 SQR31?3              argc=0 site=7017C33E
gcalls seq=001131 caller=QUEST_SERVER target=701782E8 SQR31?3              argc=0 site=7017C33E
gcalls seq=001132 caller=QUEST_SERVER target=701782E8 SQR31?3              argc=0 site=7017C33E
gcalls seq=001133 caller=QUEST_SERVER target=701782E8 SQR31?3              argc=0 site=7017C33E
gcalls seq=001134 caller=QUEST_SERVER target=701782E8 SQR31?3              argc=0 site=7017C33E
gcalls seq=001135 caller=QUEST_SERVER target=701782E8 SQR31?3              argc=0 site=7017C33E
gcalls seq=001136 caller=QUEST_SERVER target=701782E8 SQR31?3              argc=0 site=7017C33E
gcalls seq=001137 caller=QUEST_SERVER target=701782E8 SQR31?3              argc=0 site=7017C33E
gcalls seq=001138 caller=QUEST_SERVER target=701782E8 SQR31?3              argc=0 site=7017C33E
gcalls seq=001139 caller=QUEST_SERVER target=701782E8 SQR31?3              argc=0 site=7017C33E
gcalls seq=001140 caller=QUEST_SERVER target=701782E8 SQR31?3              argc=0 site=7017C33E
gcalls seq=001141 caller=QUEST_SERVER target=701782E8 SQR31?3              argc=0 site=7017C33E
gcalls seq=001142 caller=QUEST_SERVER target=701782E8 SQR31?3              argc=0 site=7017C33E
gcalls seq=001143 caller=QUEST_SERVER target=701782E8 SQR31?3              argc=0 site=7017C33E
gcalls seq=001144 caller=QUEST_SERVER target=701782E8 SQR31?3              argc=0 site=7017C33E
gcalls seq=001145 caller=QUEST_SERVER target=701782E8 SQR31?3              argc=0 site=7017C33E
gcalls seq=001146 caller=QUEST_SERVER target=701782E8 SQR31?3              argc=0 site=7017C33E
gcalls seq=001147 caller=QUEST_SERVER target=701782E8 SQR31?3              argc=0 site=7017C33E
gcalls seq=001148 caller=QUEST_SERVER target=701782E8 SQR31?3              argc=0 site=7017C33E
gcalls seq=001149 caller=QUEST_SERVER target=701782E8 SQR31?3              argc=0 site=7017C33E
gcalls seq=001150 caller=QUEST_SERVER target=701782E8 SQR31?3              argc=0 site=7017C33E
gcalls seq=001151 caller=QUEST_SERVER target=701782E8 SQR31?3              argc=0 site=7017C33E
gcalls seq=001152 caller=QUEST_SERVER target=701782E8 SQR31?3              argc=0 site=7017C33E
gcalls seq=001153 caller=QUEST_SERVER target=701782E8 SQR31?3              argc=0 site=7017C33E
gcalls seq=001154 caller=QUEST_SERVER target=7017B501 PICK_X_Y             argc=2 site=7017AD25
gcalls seq=001155 caller=QUEST_SERVER target=7017C098 ROLL32               argc=0 site=7017E21A
gcalls seq=001156 caller=QUEST_SERVER target=7017C098 ROLL32               argc=0 site=7017E21A
gcalls seq=001157 caller=QUEST_SERVER target=7017C098 ROLL32               argc=0 site=7017E21A
gcalls seq=001158 caller=QUEST_SERVER target=70178F4D FIND_OBJECT          argc=3 site=7017AD2F
gcalls seq=001159 caller=QUEST_SERVER target=7017B501 PICK_X_Y             argc=2 site=7017AD25
gcalls seq=001160 caller=QUEST_SERVER target=7017C098 ROLL32               argc=0 site=7017E21A
gcalls seq=001161 caller=QUEST_SERVER target=7017C098 ROLL32               argc=0 site=7017E21A
gcalls seq=001162 caller=QUEST_SERVER target=7017C098 ROLL32               argc=0 site=7017E21A
gcalls seq=001163 caller=QUEST_SERVER target=70178F4D FIND_OBJECT          argc=3 site=7017AD2F
gcalls seq=001164 caller=QUEST_SERVER target=7017B501 PICK_X_Y             argc=2 site=7017AD25
gcalls seq=001165 caller=QUEST_SERVER target=7017C098 ROLL32               argc=0 site=7017E21A
gcalls seq=001166 caller=QUEST_SERVER target=7017C098 ROLL32               argc=0 site=7017E21A
gcalls seq=001167 caller=QUEST_SERVER target=7017C098 ROLL32               argc=0 site=7017E21A
gcalls seq=001168 caller=QUEST_SERVER target=70178F4D FIND_OBJECT          argc=3 site=7017AD2F
gcalls seq=001169 caller=QUEST_SERVER target=7017C13B TERRITORY            argc=6 site=7017AD41
gcalls seq=001170 caller=QUEST_SERVER target=701782E8 SQR31?3              argc=0 site=7017C33E
gcalls seq=001171 caller=QUEST_SERVER target=701782E8 SQR31?3              argc=0 site=7017C33E
gcalls seq=001172 caller=QUEST_SERVER target=701782E8 SQR31?3              argc=0 site=7017C33E
gcalls seq=001173 caller=QUEST_SERVER target=701782E8 SQR31?3              argc=0 site=7017C33E
gcalls seq=001174 caller=QUEST_SERVER target=701782E8 SQR31?3              argc=0 site=7017C33E
gcalls seq=001175 caller=QUEST_SERVER target=701782E8 SQR31?3              argc=0 site=7017C33E
gcalls seq=001176 caller=QUEST_SERVER target=701782E8 SQR31?3              argc=0 site=7017C33E
gcalls seq=001177 caller=QUEST_SERVER target=701782E8 SQR31?3              argc=0 site=7017C33E
gcalls seq=001178 caller=QUEST_SERVER target=701782E8 SQR31?3              argc=0 site=7017C33E
gcalls seq=001179 caller=QUEST_SERVER target=701782E8 SQR31?3              argc=0 site=7017C33E
gcalls seq=001180 caller=QUEST_SERVER target=701782E8 SQR31?3              argc=0 site=7017C33E
gcalls seq=001181 caller=QUEST_SERVER target=701782E8 SQR31?3              argc=0 site=7017C33E
gcalls seq=001182 caller=QUEST_SERVER target=701782E8 SQR31?3              argc=0 site=7017C33E
gcalls seq=001183 caller=QUEST_SERVER target=701782E8 SQR31?3              argc=0 site=7017C33E
gcalls seq=001184 caller=QUEST_SERVER target=701782E8 SQR31?3              argc=0 site=7017C33E
gcalls seq=001185 caller=QUEST_SERVER target=701782E8 SQR31?3              argc=0 site=7017C33E
gcalls seq=001186 caller=QUEST_SERVER target=701782E8 SQR31?3              argc=0 site=7017C33E
gcalls seq=001187 caller=QUEST_SERVER target=701782E8 SQR31?3              argc=0 site=7017C33E
gcalls seq=001188 caller=QUEST_SERVER target=701782E8 SQR31?3              argc=0 site=7017C33E
gcalls seq=001189 caller=QUEST_SERVER target=701782E8 SQR31?3              argc=0 site=7017C33E
gcalls seq=001190 caller=QUEST_SERVER target=701782E8 SQR31?3              argc=0 site=7017C33E
gcalls seq=001191 caller=QUEST_SERVER target=701782E8 SQR31?3              argc=0 site=7017C33E
gcalls seq=001192 caller=QUEST_SERVER target=701782E8 SQR31?3              argc=0 site=7017C33E
gcalls seq=001193 caller=QUEST_SERVER target=701782E8 SQR31?3              argc=0 site=7017C33E
gcalls seq=001194 caller=QUEST_SERVER target=701782E8 SQR31?3              argc=0 site=7017C33E
gcalls seq=001195 caller=QUEST_SERVER target=701782E8 SQR31?3              argc=0 site=7017C33E
gcalls seq=001196 caller=QUEST_SERVER target=701782E8 SQR31?3              argc=0 site=7017C33E
gcalls seq=001197 caller=QUEST_SERVER target=701782E8 SQR31?3              argc=0 site=7017C33E
gcalls seq=001198 caller=QUEST_SERVER target=701782E8 SQR31?3              argc=0 site=7017C33E
gcalls seq=001199 caller=QUEST_SERVER target=701782E8 SQR31?3              argc=0 site=7017C33E
gcalls seq=001200 caller=QUEST_SERVER target=701782E8 SQR31?3              argc=0 site=7017C33E
gcalls seq=001201 caller=QUEST_SERVER target=701782E8 SQR31?3              argc=0 site=7017C33E
gcalls seq=001202 caller=QUEST_SERVER target=701782E8 SQR31?3              argc=0 site=7017C33E
gcalls seq=001203 caller=QUEST_SERVER target=701782E8 SQR31?3              argc=0 site=7017C33E
gcalls seq=001204 caller=QUEST_SERVER target=701782E8 SQR31?3              argc=0 site=7017C33E
gcalls seq=001205 caller=QUEST_SERVER target=701782E8 SQR31?3              argc=0 site=7017C33E
gcalls seq=001206 caller=QUEST_SERVER target=701782E8 SQR31?3              argc=0 site=7017C33E
gcalls seq=001207 caller=QUEST_SERVER target=701782E8 SQR31?3              argc=0 site=7017C33E
gcalls seq=001208 caller=QUEST_SERVER target=701782E8 SQR31?3              argc=0 site=7017C33E
gcalls seq=001209 caller=QUEST_SERVER target=701782E8 SQR31?3              argc=0 site=7017C33E
gcalls seq=001210 caller=QUEST_SERVER target=701782E8 SQR31?3              argc=0 site=7017C33E
gcalls seq=001211 caller=QUEST_SERVER target=701782E8 SQR31?3              argc=0 site=7017C33E
gcalls seq=001212 caller=QUEST_SERVER target=701782E8 SQR31?3              argc=0 site=7017C33E
gcalls seq=001213 caller=QUEST_SERVER target=701782E8 SQR31?3              argc=0 site=7017C33E
gcalls seq=001214 caller=QUEST_SERVER target=701782E8 SQR31?3              argc=0 site=7017C33E
gcalls seq=001215 caller=QUEST_SERVER target=701782E8 SQR31?3              argc=0 site=7017C33E
gcalls seq=001216 caller=QUEST_SERVER target=701782E8 SQR31?3              argc=0 site=7017C33E
gcalls seq=001217 caller=QUEST_SERVER target=701782E8 SQR31?3              argc=0 site=7017C33E
gcalls seq=001218 caller=QUEST_SERVER target=701782E8 SQR31?3              argc=0 site=7017C33E
gcalls seq=001219 caller=QUEST_SERVER target=701782E8 SQR31?3              argc=0 site=7017C33E
gcalls seq=001220 caller=QUEST_SERVER target=701782E8 SQR31?3              argc=0 site=7017C33E
gcalls seq=001221 caller=QUEST_SERVER target=701782E8 SQR31?3              argc=0 site=7017C33E
gcalls seq=001222 caller=QUEST_SERVER target=701782E8 SQR31?3              argc=0 site=7017C33E
gcalls seq=001223 caller=QUEST_SERVER target=701782E8 SQR31?3              argc=0 site=7017C33E
gcalls seq=001224 caller=QUEST_SERVER target=701782E8 SQR31?3              argc=0 site=7017C33E
gcalls seq=001225 caller=QUEST_SERVER target=701782E8 SQR31?3              argc=0 site=7017C33E
gcalls seq=001226 caller=QUEST_SERVER target=701782E8 SQR31?3              argc=0 site=7017C33E
gcalls seq=001227 caller=QUEST_SERVER target=701782E8 SQR31?3              argc=0 site=7017C33E
gcalls seq=001228 caller=QUEST_SERVER target=701782E8 SQR31?3              argc=0 site=7017C33E
gcalls seq=001229 caller=QUEST_SERVER target=701782E8 SQR31?3              argc=0 site=7017C33E
gcalls seq=001230 caller=QUEST_SERVER target=701782E8 SQR31?3              argc=0 site=7017C33E
gcalls seq=001231 caller=QUEST_SERVER target=701782E8 SQR31?3              argc=0 site=7017C33E
gcalls seq=001232 caller=QUEST_SERVER target=701782E8 SQR31?3              argc=0 site=7017C33E
gcalls seq=001233 caller=QUEST_SERVER target=701782E8 SQR31?3              argc=0 site=7017C33E
gcalls seq=001234 caller=QUEST_SERVER target=701782E8 SQR31?3              argc=0 site=7017C33E
gcalls seq=001235 caller=QUEST_SERVER target=701782E8 SQR31?3              argc=0 site=7017C33E
gcalls seq=001236 caller=QUEST_SERVER target=701782E8 SQR31?3              argc=0 site=7017C33E
gcalls seq=001237 caller=QUEST_SERVER target=701782E8 SQR31?3              argc=0 site=7017C33E
gcalls seq=001238 caller=QUEST_SERVER target=701782E8 SQR31?3              argc=0 site=7017C33E
gcalls seq=001239 caller=QUEST_SERVER target=701782E8 SQR31?3              argc=0 site=7017C33E
gcalls seq=001240 caller=QUEST_SERVER target=701782E8 SQR31?3              argc=0 site=7017C33E
gcalls seq=001241 caller=QUEST_SERVER target=701782E8 SQR31?3              argc=0 site=7017C33E
gcalls seq=001242 caller=QUEST_SERVER target=701782E8 SQR31?3              argc=0 site=7017C33E
gcalls seq=001243 caller=QUEST_SERVER target=701782E8 SQR31?3              argc=0 site=7017C33E
gcalls seq=001244 caller=QUEST_SERVER target=701782E8 SQR31?3              argc=0 site=7017C33E
gcalls seq=001245 caller=QUEST_SERVER target=701782E8 SQR31?3              argc=0 site=7017C33E
gcalls seq=001246 caller=QUEST_SERVER target=701782E8 SQR31?3              argc=0 site=7017C33E
gcalls seq=001247 caller=QUEST_SERVER target=701782E8 SQR31?3              argc=0 site=7017C33E
gcalls seq=001248 caller=QUEST_SERVER target=701782E8 SQR31?3              argc=0 site=7017C33E
gcalls seq=001249 caller=QUEST_SERVER target=701782E8 SQR31?3              argc=0 site=7017C33E
gcalls seq=001250 caller=QUEST_SERVER target=701782E8 SQR31?3              argc=0 site=7017C33E
gcalls seq=001251 caller=QUEST_SERVER target=701782E8 SQR31?3              argc=0 site=7017C33E
gcalls seq=001252 caller=QUEST_SERVER target=701782E8 SQR31?3              argc=0 site=7017C33E
gcalls seq=001253 caller=QUEST_SERVER target=701782E8 SQR31?3              argc=0 site=7017C33E
gcalls seq=001254 caller=QUEST_SERVER target=701782E8 SQR31?3              argc=0 site=7017C33E
gcalls seq=001255 caller=QUEST_SERVER target=701782E8 SQR31?3              argc=0 site=7017C33E
gcalls seq=001256 caller=QUEST_SERVER target=701782E8 SQR31?3              argc=0 site=7017C33E
gcalls seq=001257 caller=QUEST_SERVER target=701782E8 SQR31?3              argc=0 site=7017C33E
gcalls seq=001258 caller=QUEST_SERVER target=701782E8 SQR31?3              argc=0 site=7017C33E
gcalls seq=001259 caller=QUEST_SERVER target=701782E8 SQR31?3              argc=0 site=7017C33E
gcalls seq=001260 caller=QUEST_SERVER target=701782E8 SQR31?3              argc=0 site=7017C33E
gcalls seq=001261 caller=QUEST_SERVER target=701782E8 SQR31?3              argc=0 site=7017C33E
gcalls seq=001262 caller=QUEST_SERVER target=701782E8 SQR31?3              argc=0 site=7017C33E
gcalls seq=001263 caller=QUEST_SERVER target=701782E8 SQR31?3              argc=0 site=7017C33E
gcalls seq=001264 caller=QUEST_SERVER target=701782E8 SQR31?3              argc=0 site=7017C33E
gcalls seq=001265 caller=QUEST_SERVER target=701782E8 SQR31?3              argc=0 site=7017C33E
gcalls seq=001266 caller=QUEST_SERVER target=701782E8 SQR31?3              argc=0 site=7017C33E
gcalls seq=001267 caller=QUEST_SERVER target=701782E8 SQR31?3              argc=0 site=7017C33E
gcalls seq=001268 caller=QUEST_SERVER target=701782E8 SQR31?3              argc=0 site=7017C33E
gcalls seq=001269 caller=QUEST_SERVER target=701782E8 SQR31?3              argc=0 site=7017C33E
gcalls seq=001270 caller=QUEST_SERVER target=701782E8 SQR31?3              argc=0 site=7017C33E
gcalls seq=001271 caller=QUEST_SERVER target=701782E8 SQR31?3              argc=0 site=7017C33E
gcalls seq=001272 caller=QUEST_SERVER target=701782E8 SQR31?3              argc=0 site=7017C33E
gcalls seq=001273 caller=QUEST_SERVER target=701782E8 SQR31?3              argc=0 site=7017C33E
gcalls seq=001274 caller=QUEST_SERVER target=701782E8 SQR31?3              argc=0 site=7017C33E
gcalls seq=001275 caller=QUEST_SERVER target=701782E8 SQR31?3              argc=0 site=7017C33E
gcalls seq=001276 caller=QUEST_SERVER target=701782E8 SQR31?3              argc=0 site=7017C33E
gcalls seq=001277 caller=QUEST_SERVER target=701782E8 SQR31?3              argc=0 site=7017C33E
gcalls seq=001278 caller=QUEST_SERVER target=701782E8 SQR31?3              argc=0 site=7017C33E
gcalls seq=001279 caller=QUEST_SERVER target=701782E8 SQR31?3              argc=0 site=7017C33E
gcalls seq=001280 caller=QUEST_SERVER target=701782E8 SQR31?3              argc=0 site=7017C33E
gcalls seq=001281 caller=QUEST_SERVER target=701782E8 SQR31?3              argc=0 site=7017C33E
gcalls seq=001282 caller=QUEST_SERVER target=701782E8 SQR31?3              argc=0 site=7017C33E
gcalls seq=001283 caller=QUEST_SERVER target=701782E8 SQR31?3              argc=0 site=7017C33E
gcalls seq=001284 caller=QUEST_SERVER target=701782E8 SQR31?3              argc=0 site=7017C33E
gcalls seq=001285 caller=QUEST_SERVER target=701782E8 SQR31?3              argc=0 site=7017C33E
gcalls seq=001286 caller=QUEST_SERVER target=7017B501 PICK_X_Y             argc=2 site=7017AD25
gcalls seq=001287 caller=QUEST_SERVER target=7017C098 ROLL32               argc=0 site=7017E21A
gcalls seq=001288 caller=QUEST_SERVER target=7017C098 ROLL32               argc=0 site=7017E21A
gcalls seq=001289 caller=QUEST_SERVER target=7017C098 ROLL32               argc=0 site=7017E21A
gcalls seq=001290 caller=QUEST_SERVER target=70178F4D FIND_OBJECT          argc=3 site=7017AD2F
gcalls seq=001291 caller=QUEST_SERVER target=7017B501 PICK_X_Y             argc=2 site=7017AD25
gcalls seq=001292 caller=QUEST_SERVER target=7017C098 ROLL32               argc=0 site=7017E21A
gcalls seq=001293 caller=QUEST_SERVER target=7017C098 ROLL32               argc=0 site=7017E21A
gcalls seq=001294 caller=QUEST_SERVER target=7017C098 ROLL32               argc=0 site=7017E21A
gcalls seq=001295 caller=QUEST_SERVER target=7017C098 ROLL32               argc=0 site=7017E21A
gcalls seq=001296 caller=QUEST_SERVER target=70178F4D FIND_OBJECT          argc=3 site=7017AD2F
gcalls seq=001297 caller=QUEST_SERVER target=7017C13B TERRITORY            argc=6 site=7017AD41
gcalls seq=001298 caller=QUEST_SERVER target=701782E8 SQR31?3              argc=0 site=7017C33E
gcalls seq=001299 caller=QUEST_SERVER target=701782E8 SQR31?3              argc=0 site=7017C33E
gcalls seq=001300 caller=QUEST_SERVER target=701782E8 SQR31?3              argc=0 site=7017C33E
gcalls seq=001301 caller=QUEST_SERVER target=701782E8 SQR31?3              argc=0 site=7017C33E
gcalls seq=001302 caller=QUEST_SERVER target=7017C098 ROLL32               argc=0 site=7017E21A
gcalls seq=001303 caller=QUEST_SERVER target=70178F4D FIND_OBJECT          argc=3 site=7017B168
gcalls seq=001304 caller=QUEST_SERVER target=7017C99B UPDATE_USER_DATA_FILE argc=3 site=7017B1DD
gcalls seq=001313 caller=QUEST1 target=7016DF39 INIT_OBJ_TBL         argc=2 site=7015C2B7
gcalls seq=001314 caller=QUEST1 target=7015C5E1 -                    argc=0 site=7015C337
gcalls seq=001315 caller=QUEST2 target=7016DF39 INIT_OBJ_TBL         argc=2 site=7015C2B7
gcalls seq=001316 caller=QUEST2 target=7015C5E1 -                    argc=0 site=7015C337
gcalls seq=001317 caller=QUEST1 target=7016E103 INIT_SCREEN          argc=1 site=7015C38C
gcalls seq=001318 caller=QUEST2 target=7016E103 INIT_SCREEN          argc=1 site=7015C38C
gcalls seq=001319 caller=QUEST1 target=701697A1 FAKE_LAND_MASS       argc=1 site=7016E1D2
gcalls seq=001320 caller=QUEST2 target=701697A1 FAKE_LAND_MASS       argc=1 site=7016E1D2
gcalls seq=001321 caller=QUEST1 target=701699B5 FAKE_OCEAN           argc=1 site=7016E1D8
gcalls seq=001322 caller=QUEST2 target=701699B5 FAKE_OCEAN           argc=1 site=7016E1D8
gcalls seq=001333 caller=QUEST1 target=7016B549 GET_QUEST            argc=0 site=7015C3B5
gcalls seq=001334 caller=QUEST2 target=7016B549 GET_QUEST            argc=0 site=7015C3B5
gcalls seq=001353 caller=QUEST1 target=7016DE91 HIT_ANY_CHAR         argc=0 site=7016BCA0
gcalls seq=001354 caller=QUEST2 target=7016DE91 HIT_ANY_CHAR         argc=0 site=7016BCA0
gcalls seq=001362 caller=QUEST1 target=7016AA35 GET_INPUT            argc=1 site=7016DEA9
gcalls seq=001363 caller=QUEST2 target=7016AA35 GET_INPUT            argc=1 site=7016DEA9
gcalls seq=001382 caller=QUEST1 target=70176A93 REFRESH_SCREEN       argc=0 site=7016BCA4
gcalls seq=001383 caller=QUEST2 target=70176A93 REFRESH_SCREEN       argc=0 site=7016BCA4
gcalls seq=001410 caller=QUEST1 target=70165713 C_A_LISTENER         argc=1 site=7017E7C1
gcalls seq=001411 caller=QUEST2 target=70165713 C_A_LISTENER         argc=1 site=7017E7C1
gcalls seq=001473 caller=QUEST1 target=70166AF9 DISPLAY_SCREEN       argc=1 site=7016BCBE
gcalls seq=001474 caller=QUEST1 target=70168717 DIST                 argc=4 site=70166B86
gcalls seq=001475 caller=QUEST2 target=70166AF9 DISPLAY_SCREEN       argc=1 site=7016BCBE
gcalls seq=001476 caller=QUEST2 target=70168717 DIST                 argc=4 site=70166B86
