gcalls seq=000076 caller=QUEST1 target=7015C005 QUEST                argc=0 site=7017EA51
gcalls seq=000077 caller=QUEST2 target=7015C005 QUEST                argc=0 site=7017EA51
gcalls seq=000143 caller=QUEST1 target=701766ED READ_IN              argc=0 site=7015C05F
gcalls seq=000144 caller=QUEST2 target=701766ED READ_IN              argc=0 site=7015C05F
gcalls seq=000158 caller=QUEST1 target=70175E9F LOGON                argc=0 site=7015C283
gcalls seq=000159 caller=QUEST2 target=70175E9F LOGON                argc=0 site=7015C283
gcalls seq=000194 caller=QUEST1 target=701766ED READ_IN              argc=0 site=70175F6B
gcalls seq=000195 caller=QUEST2 target=701766ED READ_IN              argc=0 site=70175F6B
gcalls seq=000217 caller=QUEST1 target=701766ED READ_IN              argc=0 site=70175FD3
gcalls seq=000218 caller=QUEST2 target=701766ED READ_IN              argc=0 site=70175FD3
gcalls seq=000264 caller=QUEST1 target=7016AA35 GET_INPUT            argc=1 site=701760C4
gcalls seq=000265 caller=QUEST2 target=7016AA35 GET_INPUT            argc=1 site=701760C4
gcalls seq=000291 caller=QUEST_SERVER target=7017B501 PICK_X_Y             argc=2 site=7017AD25
gcalls seq=000292 caller=QUEST_SERVER target=7017C098 ROLL32               argc=0 site=7017E21A
gcalls seq=000293 caller=QUEST_SERVER target=7017C098 ROLL32               argc=0 site=7017E21A
gcalls seq=000294 caller=QUEST_SERVER target=7017C098 ROLL32               argc=0 site=7017E21A
gcalls seq=000295 caller=QUEST_SERVER target=70178F4D FIND_OBJECT          argc=3 site=7017AD2F
gcalls seq=000296 caller=QUEST_SERVER target=7017C13B TERRITORY            argc=6 site=7017AD41
gcalls seq=000297 caller=QUEST_SERVER target=701782E8 SQR31?3              argc=0 site=7017C33E
gcalls seq=000298 caller=QUEST_SERVER target=701782E8 SQR31?3              argc=0 site=7017C33E
gcalls seq=000299 caller=QUEST_SERVER target=701782E8 SQR31?3              argc=0 site=7017C33E
gcalls seq=000300 caller=QUEST_SERVER target=701782E8 SQR31?3              argc=0 site=7017C33E
gcalls seq=000301 caller=QUEST_SERVER target=701782E8 SQR31?3              argc=0 site=7017C33E
gcalls seq=000302 caller=QUEST_SERVER target=701782E8 SQR31?3              argc=0 site=7017C33E
gcalls seq=000303 caller=QUEST_SERVER target=701782E8 SQR31?3              argc=0 site=7017C33E
gcalls seq=000304 caller=QUEST_SERVER target=701782E8 SQR31?3              argc=0 site=7017C33E
gcalls seq=000305 caller=QUEST_SERVER target=701782E8 SQR31?3              argc=0 site=7017C33E
gcalls seq=000306 caller=QUEST_SERVER target=701782E8 SQR31?3              argc=0 site=7017C33E
gcalls seq=000307 caller=QUEST_SERVER target=701782E8 SQR31?3              argc=0 site=7017C33E
gcalls seq=000308 caller=QUEST_SERVER target=701782E8 SQR31?3              argc=0 site=7017C33E
gcalls seq=000309 caller=QUEST_SERVER target=701782E8 SQR31?3              argc=0 site=7017C33E
gcalls seq=000310 caller=QUEST_SERVER target=701782E8 SQR31?3              argc=0 site=7017C33E
gcalls seq=000311 caller=QUEST_SERVER target=701782E8 SQR31?3              argc=0 site=7017C33E
gcalls seq=000312 caller=QUEST_SERVER target=701782E8 SQR31?3              argc=0 site=7017C33E
gcalls seq=000313 caller=QUEST_SERVER target=701782E8 SQR31?3              argc=0 site=7017C33E
gcalls seq=000314 caller=QUEST_SERVER target=701782E8 SQR31?3              argc=0 site=7017C33E
gcalls seq=000315 caller=QUEST_SERVER target=701782E8 SQR31?3              argc=0 site=7017C33E
gcalls seq=000316 caller=QUEST_SERVER target=701782E8 SQR31?3              argc=0 site=7017C33E
gcalls seq=000317 caller=QUEST_SERVER target=701782E8 SQR31?3              argc=0 site=7017C33E
gcalls seq=000318 caller=QUEST_SERVER target=701782E8 SQR31?3              argc=0 site=7017C33E
gcalls seq=000319 caller=QUEST_SERVER target=701782E8 SQR31?3              argc=0 site=7017C33E
gcalls seq=000320 caller=QUEST_SERVER target=701782E8 SQR31?3              argc=0 site=7017C33E
gcalls seq=000321 caller=QUEST_SERVER target=701782E8 SQR31?3              argc=0 site=7017C33E
gcalls seq=000322 caller=QUEST_SERVER target=701782E8 SQR31?3              argc=0 site=7017C33E
gcalls seq=000323 caller=QUEST_SERVER target=701782E8 SQR31?3              argc=0 site=7017C33E
gcalls seq=000324 caller=QUEST_SERVER target=701782E8 SQR31?3              argc=0 site=7017C33E
gcalls seq=000325 caller=QUEST_SERVER target=701782E8 SQR31?3              argc=0 site=7017C33E
gcalls seq=000326 caller=QUEST_SERVER target=701782E8 SQR31?3              argc=0 site=7017C33E
gcalls seq=000327 caller=QUEST_SERVER target=701782E8 SQR31?3              argc=0 site=7017C33E
gcalls seq=000328 caller=QUEST_SERVER target=701782E8 SQR31?3              argc=0 site=7017C33E
gcalls seq=000329 caller=QUEST_SERVER target=701782E8 SQR31?3              argc=0 site=7017C33E
gcalls seq=000330 caller=QUEST_SERVER target=701782E8 SQR31?3              argc=0 site=7017C33E
gcalls seq=000331 caller=QUEST_SERVER target=701782E8 SQR31?3              argc=0 site=7017C33E
gcalls seq=000332 caller=QUEST_SERVER target=701782E8 SQR31?3              argc=0 site=7017C33E
gcalls seq=000333 caller=QUEST_SERVER target=701782E8 SQR31?3              argc=0 site=7017C33E
gcalls seq=000334 caller=QUEST_SERVER target=701782E8 SQR31?3              argc=0 site=7017C33E
gcalls seq=000335 caller=QUEST_SERVER target=701782E8 SQR31?3              argc=0 site=7017C33E
gcalls seq=000336 caller=QUEST_SERVER target=701782E8 SQR31?3              argc=0 site=7017C33E
gcalls seq=000337 caller=QUEST_SERVER target=701782E8 SQR31?3              argc=0 site=7017C33E
gcalls seq=000338 caller=QUEST_SERVER target=701782E8 SQR31?3              argc=0 site=7017C33E
gcalls seq=000339 caller=QUEST_SERVER target=701782E8 SQR31?3              argc=0 site=7017C33E
gcalls seq=000340 caller=QUEST_SERVER target=701782E8 SQR31?3              argc=0 site=7017C33E
gcalls seq=000341 caller=QUEST_SERVER target=701782E8 SQR31?3              argc=0 site=7017C33E
gcalls seq=000342 caller=QUEST_SERVER target=701782E8 SQR31?3              argc=0 site=7017C33E
gcalls seq=000343 caller=QUEST_SERVER target=701782E8 SQR31?3              argc=0 site=7017C33E
gcalls seq=000344 caller=QUEST_SERVER target=701782E8 SQR31?3              argc=0 site=7017C33E
gcalls seq=000345 caller=QUEST_SERVER target=701782E8 SQR31?3              argc=0 site=7017C33E
gcalls seq=000346 caller=QUEST_SERVER target=701782E8 SQR31?3              argc=0 site=7017C33E
gcalls seq=000347 caller=QUEST_SERVER target=701782E8 SQR31?3              argc=0 site=7017C33E
gcalls seq=000348 caller=QUEST_SERVER target=701782E8 SQR31?3              argc=0 site=7017C33E
gcalls seq=000349 caller=QUEST_SERVER target=701782E8 SQR31?3              argc=0 site=7017C33E
gcalls seq=000350 caller=QUEST_SERVER target=701782E8 SQR31?3              argc=0 site=7017C33E
gcalls seq=000351 caller=QUEST_SERVER target=701782E8 SQR31?3              argc=0 site=7017C33E
gcalls seq=000352 caller=QUEST_SERVER target=701782E8 SQR31?3              argc=0 site=7017C33E
gcalls seq=000353 caller=QUEST_SERVER target=701782E8 SQR31?3              argc=0 site=7017C33E
gcalls seq=000354 caller=QUEST_SERVER target=701782E8 SQR31?3              argc=0 site=7017C33E
gcalls seq=000355 caller=QUEST_SERVER target=701782E8 SQR31?3              argc=0 site=7017C33E
gcalls seq=000356 caller=QUEST_SERVER target=701782E8 SQR31?3              argc=0 site=7017C33E
gcalls seq=000357 caller=QUEST_SERVER target=701782E8 SQR31?3              argc=0 site=7017C33E
gcalls seq=000358 caller=QUEST_SERVER target=701782E8 SQR31?3              argc=0 site=7017C33E
gcalls seq=000359 caller=QUEST_SERVER target=701782E8 SQR31?3              argc=0 site=7017C33E
gcalls seq=000360 caller=QUEST_SERVER target=701782E8 SQR31?3              argc=0 site=7017C33E
gcalls seq=000361 caller=QUEST_SERVER target=701782E8 SQR31?3              argc=0 site=7017C33E
gcalls seq=000362 caller=QUEST_SERVER target=701782E8 SQR31?3              argc=0 site=7017C33E
gcalls seq=000363 caller=QUEST_SERVER target=701782E8 SQR31?3              argc=0 site=7017C33E
gcalls seq=000364 caller=QUEST_SERVER target=701782E8 SQR31?3              argc=0 site=7017C33E
gcalls seq=000365 caller=QUEST_SERVER target=701782E8 SQR31?3              argc=0 site=7017C33E
gcalls seq=000366 caller=QUEST_SERVER target=701782E8 SQR31?3              argc=0 site=7017C33E
gcalls seq=000367 caller=QUEST_SERVER target=701782E8 SQR31?3              argc=0 site=7017C33E
gcalls seq=000368 caller=QUEST_SERVER target=701782E8 SQR31?3              argc=0 site=7017C33E
gcalls seq=000369 caller=QUEST_SERVER target=701782E8 SQR31?3              argc=0 site=7017C33E
gcalls seq=000370 caller=QUEST_SERVER target=701782E8 SQR31?3              argc=0 site=7017C33E
gcalls seq=000371 caller=QUEST_SERVER target=701782E8 SQR31?3              argc=0 site=7017C33E
gcalls seq=000372 caller=QUEST_SERVER target=701782E8 SQR31?3              argc=0 site=7017C33E
gcalls seq=000373 caller=QUEST_SERVER target=701782E8 SQR31?3              argc=0 site=7017C33E
gcalls seq=000374 caller=QUEST_SERVER target=701782E8 SQR31?3              argc=0 site=7017C33E
gcalls seq=000375 caller=QUEST_SERVER target=701782E8 SQR31?3              argc=0 site=7017C33E
gcalls seq=000376 caller=QUEST_SERVER target=701782E8 SQR31?3              argc=0 site=7017C33E
gcalls seq=000377 caller=QUEST_SERVER target=701782E8 SQR31?3              argc=0 site=7017C33E
gcalls seq=000378 caller=QUEST_SERVER target=701782E8 SQR31?3              argc=0 site=7017C33E
gcalls seq=000379 caller=QUEST_SERVER target=701782E8 SQR31?3              argc=0 site=7017C33E
gcalls seq=000380 caller=QUEST_SERVER target=701782E8 SQR31?3              argc=0 site=7017C33E
gcalls seq=000381 caller=QUEST_SERVER target=701782E8 SQR31?3              argc=0 site=7017C33E
gcalls seq=000382 caller=QUEST_SERVER target=701782E8 SQR31?3              argc=0 site=7017C33E
gcalls seq=000383 caller=QUEST_SERVER target=701782E8 SQR31?3              argc=0 site=7017C33E
gcalls seq=000384 caller=QUEST_SERVER target=701782E8 SQR31?3              argc=0 site=7017C33E
gcalls seq=000385 caller=QUEST_SERVER target=701782E8 SQR31?3              argc=0 site=7017C33E
gcalls seq=000386 caller=QUEST_SERVER target=701782E8 SQR31?3              argc=0 site=7017C33E
gcalls seq=000387 caller=QUEST_SERVER target=701782E8 SQR31?3              argc=0 site=7017C33E
gcalls seq=000388 caller=QUEST_SERVER target=701782E8 SQR31?3              argc=0 site=7017C33E
gcalls seq=000389 caller=QUEST_SERVER target=701782E8 SQR31?3              argc=0 site=7017C33E
gcalls seq=000390 caller=QUEST_SERVER target=701782E8 SQR31?3              argc=0 site=7017C33E
gcalls seq=000391 caller=QUEST_SERVER target=701782E8 SQR31?3              argc=0 site=7017C33E
gcalls seq=000392 caller=QUEST_SERVER target=701782E8 SQR31?3              argc=0 site=7017C33E
gcalls seq=000393 caller=QUEST_SERVER target=701782E8 SQR31?3              argc=0 site=7017C33E
gcalls seq=000394 caller=QUEST_SERVER target=701782E8 SQR31?3              argc=0 site=7017C33E
gcalls seq=000395 caller=QUEST_SERVER target=701782E8 SQR31?3              argc=0 site=7017C33E
gcalls seq=000396 caller=QUEST_SERVER target=701782E8 SQR31?3              argc=0 site=7017C33E
gcalls seq=000397 caller=QUEST_SERVER target=701782E8 SQR31?3              argc=0 site=7017C33E
gcalls seq=000398 caller=QUEST_SERVER target=701782E8 SQR31?3              argc=0 site=7017C33E
gcalls seq=000399 caller=QUEST_SERVER target=701782E8 SQR31?3              argc=0 site=7017C33E
gcalls seq=000400 caller=QUEST_SERVER target=701782E8 SQR31?3              argc=0 site=7017C33E
gcalls seq=000401 caller=QUEST_SERVER target=701782E8 SQR31?3              argc=0 site=7017C33E
gcalls seq=000402 caller=QUEST_SERVER target=701782E8 SQR31?3              argc=0 site=7017C33E
gcalls seq=000403 caller=QUEST_SERVER target=701782E8 SQR31?3              argc=0 site=7017C33E
gcalls seq=000404 caller=QUEST_SERVER target=701782E8 SQR31?3              argc=0 site=7017C33E
gcalls seq=000405 caller=QUEST_SERVER target=701782E8 SQR31?3              argc=0 site=7017C33E
gcalls seq=000406 caller=QUEST_SERVER target=701782E8 SQR31?3              argc=0 site=7017C33E
gcalls seq=000407 caller=QUEST_SERVER target=701782E8 SQR31?3              argc=0 site=7017C33E
gcalls seq=000408 caller=QUEST_SERVER target=701782E8 SQR31?3              argc=0 site=7017C33E
gcalls seq=000409 caller=QUEST_SERVER target=701782E8 SQR31?3              argc=0 site=7017C33E
gcalls seq=000410 caller=QUEST_SERVER target=701782E8 SQR31?3              argc=0 site=7017C33E
gcalls seq=000411 caller=QUEST_SERVER target=701782E8 SQR31?3              argc=0 site=7017C33E
gcalls seq=000412 caller=QUEST_SERVER target=701782E8 SQR31?3              argc=0 site=7017C33E
gcalls seq=000413 caller=QUEST_SERVER target=7017B501 PICK_X_Y             argc=2 site=7017AD25
gcalls seq=000414 caller=QUEST_SERVER target=7017C098 ROLL32               argc=0 site=7017E21A
gcalls seq=000415 caller=QUEST_SERVER target=7017C098 ROLL32               argc=0 site=7017E21A
gcalls seq=000416 caller=QUEST_SERVER target=7017C098 ROLL32               argc=0 site=7017E21A
gcalls seq=000417 caller=QUEST_SERVER target=70178F4D FIND_OBJECT          argc=3 site=7017AD2F
gcalls seq=000418 caller=QUEST_SERVER target=7017B501 PICK_X_Y             argc=2 site=7017AD25
gcalls seq=000419 caller=QUEST_SERVER target=7017C098 ROLL32               argc=0 site=7017E21A
gcalls seq=000420 caller=QUEST_SERVER target=7017C098 ROLL32               argc=0 site=7017E21A
gcalls seq=000421 caller=QUEST_SERVER target=7017C098 ROLL32               argc=0 site=7017E21A
gcalls seq=000422 caller=QUEST_SERVER target=70178F4D FIND_OBJECT          argc=3 site=7017AD2F
gcalls seq=000423 caller=QUEST_SERVER target=7017C13B TERRITORY            argc=6 site=7017AD41
gcalls seq=000424 caller=QUEST_SERVER target=701782E8 SQR31?3              argc=0 site=7017C33E
gcalls seq=000425 caller=QUEST_SERVER target=701782E8 SQR31?3              argc=0 site=7017C33E
gcalls seq=000426 caller=QUEST_SERVER target=701782E8 SQR31?3              argc=0 site=7017C33E
gcalls seq=000427 caller=QUEST_SERVER target=701782E8 SQR31?3              argc=0 site=7017C33E
gcalls seq=000428 caller=QUEST_SERVER target=701782E8 SQR31?3              argc=0 site=7017C33E
gcalls seq=000429 caller=QUEST_SERVER target=701782E8 SQR31?3              argc=0 site=7017C33E
gcalls seq=000430 caller=QUEST_SERVER target=701782E8 SQR31?3              argc=0 site=7017C33E
gcalls seq=000431 caller=QUEST_SERVER target=701782E8 SQR31?3              argc=0 site=7017C33E
gcalls seq=000432 caller=QUEST_SERVER target=701782E8 SQR31?3              argc=0 site=7017C33E
gcalls seq=000433 caller=QUEST_SERVER target=701782E8 SQR31?3              argc=0 site=7017C33E
gcalls seq=000434 caller=QUEST_SERVER target=701782E8 SQR31?3              argc=0 site=7017C33E
gcalls seq=000435 caller=QUEST_SERVER target=701782E8 SQR31?3              argc=0 site=7017C33E
gcalls seq=000436 caller=QUEST_SERVER target=701782E8 SQR31?3              argc=0 site=7017C33E
gcalls seq=000437 caller=QUEST_SERVER target=701782E8 SQR31?3              argc=0 site=7017C33E
gcalls seq=000438 caller=QUEST_SERVER target=701782E8 SQR31?3              argc=0 site=7017C33E
gcalls seq=000439 caller=QUEST_SERVER target=701782E8 SQR31?3              argc=0 site=7017C33E
gcalls seq=000440 caller=QUEST_SERVER target=701782E8 SQR31?3              argc=0 site=7017C33E
gcalls seq=000441 caller=QUEST_SERVER target=701782E8 SQR31?3              argc=0 site=7017C33E
gcalls seq=000442 caller=QUEST_SERVER target=701782E8 SQR31?3              argc=0 site=7017C33E
gcalls seq=000443 caller=QUEST_SERVER target=701782E8 SQR31?3              argc=0 site=7017C33E
gcalls seq=000444 caller=QUEST_SERVER target=701782E8 SQR31?3              argc=0 site=7017C33E
gcalls seq=000445 caller=QUEST_SERVER target=701782E8 SQR31?3              argc=0 site=7017C33E
gcalls seq=000446 caller=QUEST_SERVER target=701782E8 SQR31?3              argc=0 site=7017C33E
gcalls seq=000447 caller=QUEST_SERVER target=701782E8 SQR31?3              argc=0 site=7017C33E
gcalls seq=000448 caller=QUEST_SERVER target=701782E8 SQR31?3              argc=0 site=7017C33E
gcalls seq=000449 caller=QUEST_SERVER target=701782E8 SQR31?3              argc=0 site=7017C33E
gcalls seq=000450 caller=QUEST_SERVER target=701782E8 SQR31?3              argc=0 site=7017C33E
gcalls seq=000451 caller=QUEST_SERVER target=701782E8 SQR31?3              argc=0 site=7017C33E
gcalls seq=000452 caller=QUEST_SERVER target=701782E8 SQR31?3              argc=0 site=7017C33E
gcalls seq=000453 caller=QUEST_SERVER target=701782E8 SQR31?3              argc=0 site=7017C33E
gcalls seq=000454 caller=QUEST_SERVER target=701782E8 SQR31?3              argc=0 site=7017C33E
gcalls seq=000455 caller=QUEST_SERVER target=701782E8 SQR31?3              argc=0 site=7017C33E
gcalls seq=000456 caller=QUEST_SERVER target=701782E8 SQR31?3              argc=0 site=7017C33E
gcalls seq=000457 caller=QUEST_SERVER target=701782E8 SQR31?3              argc=0 site=7017C33E
gcalls seq=000458 caller=QUEST_SERVER target=701782E8 SQR31?3              argc=0 site=7017C33E
gcalls seq=000459 caller=QUEST_SERVER target=701782E8 SQR31?3              argc=0 site=7017C33E
gcalls seq=000460 caller=QUEST_SERVER target=701782E8 SQR31?3              argc=0 site=7017C33E
gcalls seq=000461 caller=QUEST_SERVER target=701782E8 SQR31?3              argc=0 site=7017C33E
gcalls seq=000462 caller=QUEST_SERVER target=701782E8 SQR31?3              argc=0 site=7017C33E
gcalls seq=000463 caller=QUEST_SERVER target=701782E8 SQR31?3              argc=0 site=7017C33E
gcalls seq=000464 caller=QUEST_SERVER target=701782E8 SQR31?3              argc=0 site=7017C33E
gcalls seq=000465 caller=QUEST_SERVER target=701782E8 SQR31?3              argc=0 site=7017C33E
gcalls seq=000466 caller=QUEST_SERVER target=701782E8 SQR31?3              argc=0 site=7017C33E
gcalls seq=000467 caller=QUEST_SERVER target=701782E8 SQR31?3              argc=0 site=7017C33E
gcalls seq=000468 caller=QUEST_SERVER target=701782E8 SQR31?3              argc=0 site=7017C33E
gcalls seq=000469 caller=QUEST_SERVER target=701782E8 SQR31?3              argc=0 site=7017C33E
gcalls seq=000470 caller=QUEST_SERVER target=701782E8 SQR31?3              argc=0 site=7017C33E
gcalls seq=000471 caller=QUEST_SERVER target=701782E8 SQR31?3              argc=0 site=7017C33E
gcalls seq=000472 caller=QUEST_SERVER target=701782E8 SQR31?3              argc=0 site=7017C33E
gcalls seq=000473 caller=QUEST_SERVER target=701782E8 SQR31?3              argc=0 site=7017C33E
gcalls seq=000474 caller=QUEST_SERVER target=701782E8 SQR31?3              argc=0 site=7017C33E
gcalls seq=000475 caller=QUEST_SERVER target=701782E8 SQR31?3              argc=0 site=7017C33E
gcalls seq=000476 caller=QUEST_SERVER target=701782E8 SQR31?3              argc=0 site=7017C33E
gcalls seq=000477 caller=QUEST_SERVER target=701782E8 SQR31?3              argc=0 site=7017C33E
gcalls seq=000478 caller=QUEST_SERVER target=701782E8 SQR31?3              argc=0 site=7017C33E
gcalls seq=000479 caller=QUEST_SERVER target=701782E8 SQR31?3              argc=0 site=7017C33E
gcalls seq=000480 caller=QUEST_SERVER target=701782E8 SQR31?3              argc=0 site=7017C33E
gcalls seq=000481 caller=QUEST_SERVER target=701782E8 SQR31?3              argc=0 site=7017C33E
gcalls seq=000482 caller=QUEST_SERVER target=701782E8 SQR31?3              argc=0 site=7017C33E
gcalls seq=000483 caller=QUEST_SERVER target=701782E8 SQR31?3              argc=0 site=7017C33E
gcalls seq=000484 caller=QUEST_SERVER target=701782E8 SQR31?3              argc=0 site=7017C33E
gcalls seq=000485 caller=QUEST_SERVER target=701782E8 SQR31?3              argc=0 site=7017C33E
gcalls seq=000486 caller=QUEST_SERVER target=701782E8 SQR31?3              argc=0 site=7017C33E
gcalls seq=000487 caller=QUEST_SERVER target=701782E8 SQR31?3              argc=0 site=7017C33E
gcalls seq=000488 caller=QUEST_SERVER target=701782E8 SQR31?3              argc=0 site=7017C33E
gcalls seq=000489 caller=QUEST_SERVER target=701782E8 SQR31?3              argc=0 site=7017C33E
gcalls seq=000490 caller=QUEST_SERVER target=701782E8 SQR31?3              argc=0 site=7017C33E
gcalls seq=000491 caller=QUEST_SERVER target=701782E8 SQR31?3              argc=0 site=7017C33E
gcalls seq=000492 caller=QUEST_SERVER target=701782E8 SQR31?3              argc=0 site=7017C33E
gcalls seq=000493 caller=QUEST_SERVER target=701782E8 SQR31?3              argc=0 site=7017C33E
gcalls seq=000494 caller=QUEST_SERVER target=701782E8 SQR31?3              argc=0 site=7017C33E
gcalls seq=000495 caller=QUEST_SERVER target=701782E8 SQR31?3              argc=0 site=7017C33E
gcalls seq=000496 caller=QUEST_SERVER target=701782E8 SQR31?3              argc=0 site=7017C33E
gcalls seq=000497 caller=QUEST_SERVER target=701782E8 SQR31?3              argc=0 site=7017C33E
gcalls seq=000498 caller=QUEST_SERVER target=701782E8 SQR31?3              argc=0 site=7017C33E
gcalls seq=000499 caller=QUEST_SERVER target=701782E8 SQR31?3              argc=0 site=7017C33E
gcalls seq=000500 caller=QUEST_SERVER target=701782E8 SQR31?3              argc=0 site=7017C33E
gcalls seq=000501 caller=QUEST_SERVER target=701782E8 SQR31?3              argc=0 site=7017C33E
gcalls seq=000502 caller=QUEST_SERVER target=701782E8 SQR31?3              argc=0 site=7017C33E
gcalls seq=000503 caller=QUEST_SERVER target=701782E8 SQR31?3              argc=0 site=7017C33E
gcalls seq=000504 caller=QUEST_SERVER target=701782E8 SQR31?3              argc=0 site=7017C33E
gcalls seq=000505 caller=QUEST_SERVER target=701782E8 SQR31?3              argc=0 site=7017C33E
gcalls seq=000506 caller=QUEST_SERVER target=701782E8 SQR31?3              argc=0 site=7017C33E
gcalls seq=000507 caller=QUEST_SERVER target=701782E8 SQR31?3              argc=0 site=7017C33E
gcalls seq=000508 caller=QUEST_SERVER target=701782E8 SQR31?3              argc=0 site=7017C33E
gcalls seq=000509 caller=QUEST_SERVER target=701782E8 SQR31?3              argc=0 site=7017C33E
gcalls seq=000510 caller=QUEST_SERVER target=701782E8 SQR31?3              argc=0 site=7017C33E
gcalls seq=000511 caller=QUEST_SERVER target=701782E8 SQR31?3              argc=0 site=7017C33E
gcalls seq=000512 caller=QUEST_SERVER target=701782E8 SQR31?3              argc=0 site=7017C33E
gcalls seq=000513 caller=QUEST_SERVER target=701782E8 SQR31?3              argc=0 site=7017C33E
gcalls seq=000514 caller=QUEST_SERVER target=701782E8 SQR31?3              argc=0 site=7017C33E
gcalls seq=000515 caller=QUEST_SERVER target=701782E8 SQR31?3              argc=0 site=7017C33E
gcalls seq=000516 caller=QUEST_SERVER target=701782E8 SQR31?3              argc=0 site=7017C33E
gcalls seq=000517 caller=QUEST_SERVER target=701782E8 SQR31?3              argc=0 site=7017C33E
gcalls seq=000518 caller=QUEST_SERVER target=701782E8 SQR31?3              argc=0 site=7017C33E
gcalls seq=000519 caller=QUEST_SERVER target=701782E8 SQR31?3              argc=0 site=7017C33E
gcalls seq=000520 caller=QUEST_SERVER target=701782E8 SQR31?3              argc=0 site=7017C33E
gcalls seq=000521 caller=QUEST_SERVER target=701782E8 SQR31?3              argc=0 site=7017C33E
gcalls seq=000522 caller=QUEST_SERVER target=701782E8 SQR31?3              argc=0 site=7017C33E
gcalls seq=000523 caller=QUEST_SERVER target=701782E8 SQR31?3              argc=0 site=7017C33E
gcalls seq=000524 caller=QUEST_SERVER target=701782E8 SQR31?3              argc=0 site=7017C33E
gcalls seq=000525 caller=QUEST_SERVER target=701782E8 SQR31?3              argc=0 site=7017C33E
gcalls seq=000526 caller=QUEST_SERVER target=701782E8 SQR31?3              argc=0 site=7017C33E
gcalls seq=000527 caller=QUEST_SERVER target=701782E8 SQR31?3              argc=0 site=7017C33E
gcalls seq=000528 caller=QUEST_SERVER target=701782E8 SQR31?3              argc=0 site=7017C33E
gcalls seq=000529 caller=QUEST_SERVER target=701782E8 SQR31?3              argc=0 site=7017C33E
gcalls seq=000530 caller=QUEST_SERVER target=701782E8 SQR31?3              argc=0 site=7017C33E
gcalls seq=000531 caller=QUEST_SERVER target=701782E8 SQR31?3              argc=0 site=7017C33E
gcalls seq=000532 caller=QUEST_SERVER target=701782E8 SQR31?3              argc=0 site=7017C33E
gcalls seq=000533 caller=QUEST_SERVER target=701782E8 SQR31?3              argc=0 site=7017C33E
gcalls seq=000534 caller=QUEST_SERVER target=701782E8 SQR31?3              argc=0 site=7017C33E
gcalls seq=000535 caller=QUEST_SERVER target=701782E8 SQR31?3              argc=0 site=7017C33E
gcalls seq=000536 caller=QUEST_SERVER target=701782E8 SQR31?3              argc=0 site=7017C33E
gcalls seq=000537 caller=QUEST_SERVER target=701782E8 SQR31?3              argc=0 site=7017C33E
gcalls seq=000538 caller=QUEST_SERVER target=701782E8 SQR31?3              argc=0 site=7017C33E
gcalls seq=000539 caller=QUEST_SERVER target=701782E8 SQR31?3              argc=0 site=7017C33E
gcalls seq=000540 caller=QUEST_SERVER target=7017B501 PICK_X_Y             argc=2 site=7017AD25
gcalls seq=000541 caller=QUEST_SERVER target=7017C098 ROLL32               argc=0 site=7017E21A
gcalls seq=000542 caller=QUEST_SERVER target=7017C098 ROLL32               argc=0 site=7017E21A
gcalls seq=000543 caller=QUEST_SERVER target=7017C098 ROLL32               argc=0 site=7017E21A
gcalls seq=000544 caller=QUEST_SERVER target=7017C098 ROLL32               argc=0 site=7017E21A
gcalls seq=000545 caller=QUEST_SERVER target=70178F4D FIND_OBJECT          argc=3 site=7017AD2F
gcalls seq=000546 caller=QUEST_SERVER target=7017C13B TERRITORY            argc=6 site=7017AD41
gcalls seq=000547 caller=QUEST_SERVER target=701782E8 SQR31?3              argc=0 site=7017C33E
gcalls seq=000548 caller=QUEST_SERVER target=701782E8 SQR31?3              argc=0 site=7017C33E
gcalls seq=000549 caller=QUEST_SERVER target=701782E8 SQR31?3              argc=0 site=7017C33E
gcalls seq=000550 caller=QUEST_SERVER target=701782E8 SQR31?3              argc=0 site=7017C33E
gcalls seq=000551 caller=QUEST_SERVER target=701782E8 SQR31?3              argc=0 site=7017C33E
gcalls seq=000552 caller=QUEST_SERVER target=701782E8 SQR31?3              argc=0 site=7017C33E
gcalls seq=000553 caller=QUEST_SERVER target=701782E8 SQR31?3              argc=0 site=7017C33E
gcalls seq=000554 caller=QUEST_SERVER target=701782E8 SQR31?3              argc=0 site=7017C33E
gcalls seq=000555 caller=QUEST_SERVER target=701782E8 SQR31?3              argc=0 site=7017C33E
gcalls seq=000556 caller=QUEST_SERVER target=701782E8 SQR31?3              argc=0 site=7017C33E
gcalls seq=000557 caller=QUEST_SERVER target=701782E8 SQR31?3              argc=0 site=7017C33E
gcalls seq=000558 caller=QUEST_SERVER target=701782E8 SQR31?3              argc=0 site=7017C33E
gcalls seq=000559 caller=QUEST_SERVER target=701782E8 SQR31?3              argc=0 site=7017C33E
gcalls seq=000560 caller=QUEST_SERVER target=701782E8 SQR31?3              argc=0 site=7017C33E
gcalls seq=000561 caller=QUEST_SERVER target=701782E8 SQR31?3              argc=0 site=7017C33E
gcalls seq=000562 caller=QUEST_SERVER target=701782E8 SQR31?3              argc=0 site=7017C33E
gcalls seq=000563 caller=QUEST_SERVER target=701782E8 SQR31?3              argc=0 site=7017C33E
gcalls seq=000564 caller=QUEST_SERVER target=701782E8 SQR31?3              argc=0 site=7017C33E
gcalls seq=000565 caller=QUEST_SERVER target=701782E8 SQR31?3              argc=0 site=7017C33E
gcalls seq=000566 caller=QUEST_SERVER target=701782E8 SQR31?3              argc=0 site=7017C33E
gcalls seq=000567 caller=QUEST_SERVER target=701782E8 SQR31?3              argc=0 site=7017C33E
gcalls seq=000568 caller=QUEST_SERVER target=701782E8 SQR31?3              argc=0 site=7017C33E
gcalls seq=000569 caller=QUEST_SERVER target=701782E8 SQR31?3              argc=0 site=7017C33E
gcalls seq=000570 caller=QUEST_SERVER target=701782E8 SQR31?3              argc=0 site=7017C33E
gcalls seq=000571 caller=QUEST_SERVER target=701782E8 SQR31?3              argc=0 site=7017C33E
gcalls seq=000572 caller=QUEST_SERVER target=701782E8 SQR31?3              argc=0 site=7017C33E
gcalls seq=000573 caller=QUEST_SERVER target=701782E8 SQR31?3              argc=0 site=7017C33E
gcalls seq=000574 caller=QUEST_SERVER target=701782E8 SQR31?3              argc=0 site=7017C33E
gcalls seq=000575 caller=QUEST_SERVER target=701782E8 SQR31?3              argc=0 site=7017C33E
gcalls seq=000576 caller=QUEST_SERVER target=701782E8 SQR31?3              argc=0 site=7017C33E
gcalls seq=000577 caller=QUEST_SERVER target=701782E8 SQR31?3              argc=0 site=7017C33E
gcalls seq=000578 caller=QUEST_SERVER target=701782E8 SQR31?3              argc=0 site=7017C33E
gcalls seq=000579 caller=QUEST_SERVER target=701782E8 SQR31?3              argc=0 site=7017C33E
gcalls seq=000580 caller=QUEST_SERVER target=701782E8 SQR31?3              argc=0 site=7017C33E
gcalls seq=000581 caller=QUEST_SERVER target=701782E8 SQR31?3              argc=0 site=7017C33E
gcalls seq=000582 caller=QUEST_SERVER target=701782E8 SQR31?3              argc=0 site=7017C33E
gcalls seq=000583 caller=QUEST_SERVER target=701782E8 SQR31?3              argc=0 site=7017C33E
gcalls seq=000584 caller=QUEST_SERVER target=701782E8 SQR31?3              argc=0 site=7017C33E
gcalls seq=000585 caller=QUEST_SERVER target=701782E8 SQR31?3              argc=0 site=7017C33E
gcalls seq=000586 caller=QUEST_SERVER target=701782E8 SQR31?3              argc=0 site=7017C33E
gcalls seq=000587 caller=QUEST_SERVER target=701782E8 SQR31?3              argc=0 site=7017C33E
gcalls seq=000588 caller=QUEST_SERVER target=701782E8 SQR31?3              argc=0 site=7017C33E
gcalls seq=000589 caller=QUEST_SERVER target=701782E8 SQR31?3              argc=0 site=7017C33E
gcalls seq=000590 caller=QUEST_SERVER target=701782E8 SQR31?3              argc=0 site=7017C33E
gcalls seq=000591 caller=QUEST_SERVER target=701782E8 SQR31?3              argc=0 site=7017C33E
gcalls seq=000592 caller=QUEST_SERVER target=701782E8 SQR31?3              argc=0 site=7017C33E
gcalls seq=000593 caller=QUEST_SERVER target=701782E8 SQR31?3              argc=0 site=7017C33E
gcalls seq=000594 caller=QUEST_SERVER target=701782E8 SQR31?3              argc=0 site=7017C33E
gcalls seq=000595 caller=QUEST_SERVER target=701782E8 SQR31?3              argc=0 site=7017C33E
gcalls seq=000596 caller=QUEST_SERVER target=701782E8 SQR31?3              argc=0 site=7017C33E
gcalls seq=000597 caller=QUEST_SERVER target=701782E8 SQR31?3              argc=0 site=7017C33E
gcalls seq=000598 caller=QUEST_SERVER target=701782E8 SQR31?3              argc=0 site=7017C33E
gcalls seq=000599 caller=QUEST_SERVER target=701782E8 SQR31?3              argc=0 site=7017C33E
gcalls seq=000600 caller=QUEST_SERVER target=701782E8 SQR31?3              argc=0 site=7017C33E
gcalls seq=000601 caller=QUEST_SERVER target=701782E8 SQR31?3              argc=0 site=7017C33E
gcalls seq=000602 caller=QUEST_SERVER target=701782E8 SQR31?3              argc=0 site=7017C33E
gcalls seq=000603 caller=QUEST_SERVER target=701782E8 SQR31?3              argc=0 site=7017C33E
gcalls seq=000604 caller=QUEST_SERVER target=701782E8 SQR31?3              argc=0 site=7017C33E
gcalls seq=000605 caller=QUEST_SERVER target=701782E8 SQR31?3              argc=0 site=7017C33E
gcalls seq=000606 caller=QUEST_SERVER target=701782E8 SQR31?3              argc=0 site=7017C33E
gcalls seq=000607 caller=QUEST_SERVER target=701782E8 SQR31?3              argc=0 site=7017C33E
gcalls seq=000608 caller=QUEST_SERVER target=701782E8 SQR31?3              argc=0 site=7017C33E
gcalls seq=000609 caller=QUEST_SERVER target=701782E8 SQR31?3              argc=0 site=7017C33E
gcalls seq=000610 caller=QUEST_SERVER target=701782E8 SQR31?3              argc=0 site=7017C33E
gcalls seq=000611 caller=QUEST_SERVER target=701782E8 SQR31?3              argc=0 site=7017C33E
gcalls seq=000612 caller=QUEST_SERVER target=701782E8 SQR31?3              argc=0 site=7017C33E
gcalls seq=000613 caller=QUEST_SERVER target=701782E8 SQR31?3              argc=0 site=7017C33E
gcalls seq=000614 caller=QUEST_SERVER target=701782E8 SQR31?3              argc=0 site=7017C33E
gcalls seq=000615 caller=QUEST_SERVER target=701782E8 SQR31?3              argc=0 site=7017C33E
gcalls seq=000616 caller=QUEST_SERVER target=701782E8 SQR31?3              argc=0 site=7017C33E
gcalls seq=000617 caller=QUEST_SERVER target=701782E8 SQR31?3              argc=0 site=7017C33E
gcalls seq=000618 caller=QUEST_SERVER target=701782E8 SQR31?3              argc=0 site=7017C33E
gcalls seq=000619 caller=QUEST_SERVER target=701782E8 SQR31?3              argc=0 site=7017C33E
gcalls seq=000620 caller=QUEST_SERVER target=701782E8 SQR31?3              argc=0 site=7017C33E
gcalls seq=000621 caller=QUEST_SERVER target=701782E8 SQR31?3              argc=0 site=7017C33E
gcalls seq=000622 caller=QUEST_SERVER target=701782E8 SQR31?3              argc=0 site=7017C33E
gcalls seq=000623 caller=QUEST_SERVER target=701782E8 SQR31?3              argc=0 site=7017C33E
gcalls seq=000624 caller=QUEST_SERVER target=701782E8 SQR31?3              argc=0 site=7017C33E
gcalls seq=000625 caller=QUEST_SERVER target=701782E8 SQR31?3              argc=0 site=7017C33E
gcalls seq=000626 caller=QUEST_SERVER target=701782E8 SQR31?3              argc=0 site=7017C33E
gcalls seq=000627 caller=QUEST_SERVER target=701782E8 SQR31?3              argc=0 site=7017C33E
gcalls seq=000628 caller=QUEST_SERVER target=701782E8 SQR31?3              argc=0 site=7017C33E
gcalls seq=000629 caller=QUEST_SERVER target=701782E8 SQR31?3              argc=0 site=7017C33E
gcalls seq=000630 caller=QUEST_SERVER target=701782E8 SQR31?3              argc=0 site=7017C33E
gcalls seq=000631 caller=QUEST_SERVER target=701782E8 SQR31?3              argc=0 site=7017C33E
gcalls seq=000632 caller=QUEST_SERVER target=701782E8 SQR31?3              argc=0 site=7017C33E
gcalls seq=000633 caller=QUEST_SERVER target=701782E8 SQR31?3              argc=0 site=7017C33E
gcalls seq=000634 caller=QUEST_SERVER target=701782E8 SQR31?3              argc=0 site=7017C33E
gcalls seq=000635 caller=QUEST_SERVER target=701782E8 SQR31?3              argc=0 site=7017C33E
gcalls seq=000636 caller=QUEST_SERVER target=701782E8 SQR31?3              argc=0 site=7017C33E
gcalls seq=000637 caller=QUEST_SERVER target=701782E8 SQR31?3              argc=0 site=7017C33E
gcalls seq=000638 caller=QUEST_SERVER target=701782E8 SQR31?3              argc=0 site=7017C33E
gcalls seq=000639 caller=QUEST_SERVER target=701782E8 SQR31?3              argc=0 site=7017C33E
gcalls seq=000640 caller=QUEST_SERVER target=701782E8 SQR31?3              argc=0 site=7017C33E
gcalls seq=000641 caller=QUEST_SERVER target=701782E8 SQR31?3              argc=0 site=7017C33E
gcalls seq=000642 caller=QUEST_SERVER target=701782E8 SQR31?3              argc=0 site=7017C33E
gcalls seq=000643 caller=QUEST_SERVER target=701782E8 SQR31?3              argc=0 site=7017C33E
gcalls seq=000644 caller=QUEST_SERVER target=701782E8 SQR31?3              argc=0 site=7017C33E
gcalls seq=000645 caller=QUEST_SERVER target=701782E8 SQR31?3              argc=0 site=7017C33E
gcalls seq=000646 caller=QUEST_SERVER target=701782E8 SQR31?3              argc=0 site=7017C33E
gcalls seq=000647 caller=QUEST_SERVER target=701782E8 SQR31?3              argc=0 site=7017C33E
gcalls seq=000648 caller=QUEST_SERVER target=701782E8 SQR31?3              argc=0 site=7017C33E
gcalls seq=000649 caller=QUEST_SERVER target=701782E8 SQR31?3              argc=0 site=7017C33E
gcalls seq=000650 caller=QUEST_SERVER target=701782E8 SQR31?3              argc=0 site=7017C33E
gcalls seq=000651 caller=QUEST_SERVER target=701782E8 SQR31?3              argc=0 site=7017C33E
gcalls seq=000652 caller=QUEST_SERVER target=701782E8 SQR31?3              argc=0 site=7017C33E
gcalls seq=000653 caller=QUEST_SERVER target=701782E8 SQR31?3              argc=0 site=7017C33E
gcalls seq=000654 caller=QUEST_SERVER target=701782E8 SQR31?3              argc=0 site=7017C33E
gcalls seq=000655 caller=QUEST_SERVER target=701782E8 SQR31?3              argc=0 site=7017C33E
gcalls seq=000656 caller=QUEST_SERVER target=701782E8 SQR31?3              argc=0 site=7017C33E
gcalls seq=000657 caller=QUEST_SERVER target=701782E8 SQR31?3              argc=0 site=7017C33E
gcalls seq=000658 caller=QUEST_SERVER target=701782E8 SQR31?3              argc=0 site=7017C33E
gcalls seq=000659 caller=QUEST_SERVER target=701782E8 SQR31?3              argc=0 site=7017C33E
gcalls seq=000660 caller=QUEST_SERVER target=701782E8 SQR31?3              argc=0 site=7017C33E
gcalls seq=000661 caller=QUEST_SERVER target=701782E8 SQR31?3              argc=0 site=7017C33E
gcalls seq=000662 caller=QUEST_SERVER target=701782E8 SQR31?3              argc=0 site=7017C33E
gcalls seq=000663 caller=QUEST_SERVER target=7017B501 PICK_X_Y             argc=2 site=7017AD25
gcalls seq=000664 caller=QUEST_SERVER target=7017C098 ROLL32               argc=0 site=7017E21A
gcalls seq=000665 caller=QUEST_SERVER target=7017C098 ROLL32               argc=0 site=7017E21A
gcalls seq=000666 caller=QUEST_SERVER target=7017C098 ROLL32               argc=0 site=7017E21A
gcalls seq=000667 caller=QUEST_SERVER target=70178F4D FIND_OBJECT          argc=3 site=7017AD2F
gcalls seq=000668 caller=QUEST_SERVER target=7017B501 PICK_X_Y             argc=2 site=7017AD25
gcalls seq=000669 caller=QUEST_SERVER target=7017C098 ROLL32               argc=0 site=7017E21A
gcalls seq=000670 caller=QUEST_SERVER target=7017C098 ROLL32               argc=0 site=7017E21A
gcalls seq=000671 caller=QUEST_SERVER target=7017C098 ROLL32               argc=0 site=7017E21A
gcalls seq=000672 caller=QUEST_SERVER target=70178F4D FIND_OBJECT          argc=3 site=7017AD2F
gcalls seq=000673 caller=QUEST_SERVER target=7017C13B TERRITORY            argc=6 site=7017AD41
gcalls seq=000674 caller=QUEST_SERVER target=701782E8 SQR31?3              argc=0 site=7017C33E
gcalls seq=000675 caller=QUEST_SERVER target=701782E8 SQR31?3              argc=0 site=7017C33E
gcalls seq=000676 caller=QUEST_SERVER target=701782E8 SQR31?3              argc=0 site=7017C33E
gcalls seq=000677 caller=QUEST_SERVER target=701782E8 SQR31?3              argc=0 site=7017C33E
gcalls seq=000678 caller=QUEST_SERVER target=701782E8 SQR31?3              argc=0 site=7017C33E
gcalls seq=000679 caller=QUEST_SERVER target=701782E8 SQR31?3              argc=0 site=7017C33E
gcalls seq=000680 caller=QUEST_SERVER target=701782E8 SQR31?3              argc=0 site=7017C33E
gcalls seq=000681 caller=QUEST_SERVER target=701782E8 SQR31?3              argc=0 site=7017C33E
gcalls seq=000682 caller=QUEST_SERVER target=701782E8 SQR31?3              argc=0 site=7017C33E
gcalls seq=000683 caller=QUEST_SERVER target=701782E8 SQR31?3              argc=0 site=7017C33E
gcalls seq=000684 caller=QUEST_SERVER target=701782E8 SQR31?3              argc=0 site=7017C33E
gcalls seq=000685 caller=QUEST_SERVER target=701782E8 SQR31?3              argc=0 site=7017C33E
gcalls seq=000686 caller=QUEST_SERVER target=701782E8 SQR31?3              argc=0 site=7017C33E
gcalls seq=000687 caller=QUEST_SERVER target=701782E8 SQR31?3              argc=0 site=7017C33E
gcalls seq=000688 caller=QUEST_SERVER target=701782E8 SQR31?3              argc=0 site=7017C33E
gcalls seq=000689 caller=QUEST_SERVER target=701782E8 SQR31?3              argc=0 site=7017C33E
gcalls seq=000690 caller=QUEST_SERVER target=701782E8 SQR31?3              argc=0 site=7017C33E
gcalls seq=000691 caller=QUEST_SERVER target=701782E8 SQR31?3              argc=0 site=7017C33E
gcalls seq=000692 caller=QUEST_SERVER target=701782E8 SQR31?3              argc=0 site=7017C33E
gcalls seq=000693 caller=QUEST_SERVER target=701782E8 SQR31?3              argc=0 site=7017C33E
gcalls seq=000694 caller=QUEST_SERVER target=701782E8 SQR31?3              argc=0 site=7017C33E
gcalls seq=000695 caller=QUEST_SERVER target=701782E8 SQR31?3              argc=0 site=7017C33E
gcalls seq=000696 caller=QUEST_SERVER target=701782E8 SQR31?3              argc=0 site=7017C33E
gcalls seq=000697 caller=QUEST_SERVER target=701782E8 SQR31?3              argc=0 site=7017C33E
gcalls seq=000698 caller=QUEST_SERVER target=701782E8 SQR31?3              argc=0 site=7017C33E
gcalls seq=000699 caller=QUEST_SERVER target=701782E8 SQR31?3              argc=0 site=7017C33E
gcalls seq=000700 caller=QUEST_SERVER target=701782E8 SQR31?3              argc=0 site=7017C33E
gcalls seq=000701 caller=QUEST_SERVER target=701782E8 SQR31?3              argc=0 site=7017C33E
gcalls seq=000702 caller=QUEST_SERVER target=701782E8 SQR31?3              argc=0 site=7017C33E
gcalls seq=000703 caller=QUEST_SERVER target=701782E8 SQR31?3              argc=0 site=7017C33E
gcalls seq=000704 caller=QUEST_SERVER target=701782E8 SQR31?3              argc=0 site=7017C33E
gcalls seq=000705 caller=QUEST_SERVER target=701782E8 SQR31?3              argc=0 site=7017C33E
gcalls seq=000706 caller=QUEST_SERVER target=701782E8 SQR31?3              argc=0 site=7017C33E
gcalls seq=000707 caller=QUEST_SERVER target=701782E8 SQR31?3              argc=0 site=7017C33E
gcalls seq=000708 caller=QUEST_SERVER target=701782E8 SQR31?3              argc=0 site=7017C33E
gcalls seq=000709 caller=QUEST_SERVER target=701782E8 SQR31?3              argc=0 site=7017C33E
gcalls seq=000710 caller=QUEST_SERVER target=701782E8 SQR31?3              argc=0 site=7017C33E
gcalls seq=000711 caller=QUEST_SERVER target=701782E8 SQR31?3              argc=0 site=7017C33E
gcalls seq=000712 caller=QUEST_SERVER target=701782E8 SQR31?3              argc=0 site=7017C33E
gcalls seq=000713 caller=QUEST_SERVER target=701782E8 SQR31?3              argc=0 site=7017C33E
gcalls seq=000714 caller=QUEST_SERVER target=701782E8 SQR31?3              argc=0 site=7017C33E
gcalls seq=000715 caller=QUEST_SERVER target=701782E8 SQR31?3              argc=0 site=7017C33E
gcalls seq=000716 caller=QUEST_SERVER target=701782E8 SQR31?3              argc=0 site=7017C33E
gcalls seq=000717 caller=QUEST_SERVER target=701782E8 SQR31?3              argc=0 site=7017C33E
gcalls seq=000718 caller=QUEST_SERVER target=701782E8 SQR31?3              argc=0 site=7017C33E
gcalls seq=000719 caller=QUEST_SERVER target=701782E8 SQR31?3              argc=0 site=7017C33E
gcalls seq=000720 caller=QUEST_SERVER target=701782E8 SQR31?3              argc=0 site=7017C33E
gcalls seq=000721 caller=QUEST_SERVER target=701782E8 SQR31?3              argc=0 site=7017C33E
gcalls seq=000722 caller=QUEST_SERVER target=701782E8 SQR31?3              argc=0 site=7017C33E
gcalls seq=000723 caller=QUEST_SERVER target=701782E8 SQR31?3              argc=0 site=7017C33E
gcalls seq=000724 caller=QUEST_SERVER target=701782E8 SQR31?3              argc=0 site=7017C33E
gcalls seq=000725 caller=QUEST_SERVER target=701782E8 SQR31?3              argc=0 site=7017C33E
gcalls seq=000726 caller=QUEST_SERVER target=701782E8 SQR31?3              argc=0 site=7017C33E
gcalls seq=000727 caller=QUEST_SERVER target=701782E8 SQR31?3              argc=0 site=7017C33E
gcalls seq=000728 caller=QUEST_SERVER target=701782E8 SQR31?3              argc=0 site=7017C33E
gcalls seq=000729 caller=QUEST_SERVER target=701782E8 SQR31?3              argc=0 site=7017C33E
gcalls seq=000730 caller=QUEST_SERVER target=701782E8 SQR31?3              argc=0 site=7017C33E
gcalls seq=000731 caller=QUEST_SERVER target=701782E8 SQR31?3              argc=0 site=7017C33E
gcalls seq=000732 caller=QUEST_SERVER target=701782E8 SQR31?3              argc=0 site=7017C33E
gcalls seq=000733 caller=QUEST_SERVER target=701782E8 SQR31?3              argc=0 site=7017C33E
gcalls seq=000734 caller=QUEST_SERVER target=701782E8 SQR31?3              argc=0 site=7017C33E
gcalls seq=000735 caller=QUEST_SERVER target=701782E8 SQR31?3              argc=0 site=7017C33E
gcalls seq=000736 caller=QUEST_SERVER target=701782E8 SQR31?3              argc=0 site=7017C33E
gcalls seq=000737 caller=QUEST_SERVER target=701782E8 SQR31?3              argc=0 site=7017C33E
gcalls seq=000738 caller=QUEST_SERVER target=701782E8 SQR31?3              argc=0 site=7017C33E
gcalls seq=000739 caller=QUEST_SERVER target=701782E8 SQR31?3              argc=0 site=7017C33E
gcalls seq=000740 caller=QUEST_SERVER target=701782E8 SQR31?3              argc=0 site=7017C33E
gcalls seq=000741 caller=QUEST_SERVER target=701782E8 SQR31?3              argc=0 site=7017C33E
gcalls seq=000742 caller=QUEST_SERVER target=701782E8 SQR31?3              argc=0 site=7017C33E
gcalls seq=000743 caller=QUEST_SERVER target=701782E8 SQR31?3              argc=0 site=7017C33E
gcalls seq=000744 caller=QUEST_SERVER target=701782E8 SQR31?3              argc=0 site=7017C33E
gcalls seq=000745 caller=QUEST_SERVER target=701782E8 SQR31?3              argc=0 site=7017C33E
gcalls seq=000746 caller=QUEST_SERVER target=701782E8 SQR31?3              argc=0 site=7017C33E
gcalls seq=000747 caller=QUEST_SERVER target=701782E8 SQR31?3              argc=0 site=7017C33E
gcalls seq=000748 caller=QUEST_SERVER target=701782E8 SQR31?3              argc=0 site=7017C33E
gcalls seq=000749 caller=QUEST_SERVER target=701782E8 SQR31?3              argc=0 site=7017C33E
gcalls seq=000750 caller=QUEST_SERVER target=701782E8 SQR31?3              argc=0 site=7017C33E
gcalls seq=000751 caller=QUEST_SERVER target=701782E8 SQR31?3              argc=0 site=7017C33E
gcalls seq=000752 caller=QUEST_SERVER target=701782E8 SQR31?3              argc=0 site=7017C33E
gcalls seq=000753 caller=QUEST_SERVER target=701782E8 SQR31?3              argc=0 site=7017C33E
gcalls seq=000754 caller=QUEST_SERVER target=701782E8 SQR31?3              argc=0 site=7017C33E
gcalls seq=000755 caller=QUEST_SERVER target=701782E8 SQR31?3              argc=0 site=7017C33E
gcalls seq=000756 caller=QUEST_SERVER target=701782E8 SQR31?3              argc=0 site=7017C33E
gcalls seq=000757 caller=QUEST_SERVER target=701782E8 SQR31?3              argc=0 site=7017C33E
gcalls seq=000758 caller=QUEST_SERVER target=701782E8 SQR31?3              argc=0 site=7017C33E
gcalls seq=000759 caller=QUEST_SERVER target=701782E8 SQR31?3              argc=0 site=7017C33E
gcalls seq=000760 caller=QUEST_SERVER target=701782E8 SQR31?3              argc=0 site=7017C33E
gcalls seq=000761 caller=QUEST_SERVER target=701782E8 SQR31?3              argc=0 site=7017C33E
gcalls seq=000762 caller=QUEST_SERVER target=701782E8 SQR31?3              argc=0 site=7017C33E
gcalls seq=000763 caller=QUEST_SERVER target=701782E8 SQR31?3              argc=0 site=7017C33E
gcalls seq=000764 caller=QUEST_SERVER target=701782E8 SQR31?3              argc=0 site=7017C33E
gcalls seq=000765 caller=QUEST_SERVER target=701782E8 SQR31?3              argc=0 site=7017C33E
gcalls seq=000766 caller=QUEST_SERVER target=701782E8 SQR31?3              argc=0 site=7017C33E
gcalls seq=000767 caller=QUEST_SERVER target=701782E8 SQR31?3              argc=0 site=7017C33E
gcalls seq=000768 caller=QUEST_SERVER target=701782E8 SQR31?3              argc=0 site=7017C33E
gcalls seq=000769 caller=QUEST_SERVER target=701782E8 SQR31?3              argc=0 site=7017C33E
gcalls seq=000770 caller=QUEST_SERVER target=701782E8 SQR31?3              argc=0 site=7017C33E
gcalls seq=000771 caller=QUEST_SERVER target=701782E8 SQR31?3              argc=0 site=7017C33E
gcalls seq=000772 caller=QUEST_SERVER target=701782E8 SQR31?3              argc=0 site=7017C33E
gcalls seq=000773 caller=QUEST_SERVER target=701782E8 SQR31?3              argc=0 site=7017C33E
gcalls seq=000774 caller=QUEST_SERVER target=701782E8 SQR31?3              argc=0 site=7017C33E
gcalls seq=000775 caller=QUEST_SERVER target=701782E8 SQR31?3              argc=0 site=7017C33E
gcalls seq=000776 caller=QUEST_SERVER target=701782E8 SQR31?3              argc=0 site=7017C33E
gcalls seq=000777 caller=QUEST_SERVER target=701782E8 SQR31?3              argc=0 site=7017C33E
gcalls seq=000778 caller=QUEST_SERVER target=701782E8 SQR31?3              argc=0 site=7017C33E
gcalls seq=000779 caller=QUEST_SERVER target=701782E8 SQR31?3              argc=0 site=7017C33E
gcalls seq=000780 caller=QUEST_SERVER target=701782E8 SQR31?3              argc=0 site=7017C33E
gcalls seq=000781 caller=QUEST_SERVER target=701782E8 SQR31?3              argc=0 site=7017C33E
gcalls seq=000782 caller=QUEST_SERVER target=701782E8 SQR31?3              argc=0 site=7017C33E
gcalls seq=000783 caller=QUEST_SERVER target=701782E8 SQR31?3              argc=0 site=7017C33E
gcalls seq=000784 caller=QUEST_SERVER target=701782E8 SQR31?3              argc=0 site=7017C33E
gcalls seq=000785 caller=QUEST_SERVER target=701782E8 SQR31?3              argc=0 site=7017C33E
gcalls seq=000786 caller=QUEST_SERVER target=701782E8 SQR31?3              argc=0 site=7017C33E
gcalls seq=000787 caller=QUEST_SERVER target=701782E8 SQR31?3              argc=0 site=7017C33E
gcalls seq=000788 caller=QUEST_SERVER target=701782E8 SQR31?3              argc=0 site=7017C33E
gcalls seq=000789 caller=QUEST_SERVER target=701782E8 SQR31?3              argc=0 site=7017C33E
gcalls seq=000790 caller=QUEST_SERVER target=7017B501 PICK_X_Y             argc=2 site=7017AD25
gcalls seq=000791 caller=QUEST_SERVER target=7017C098 ROLL32               argc=0 site=7017E21A
gcalls seq=000792 caller=QUEST_SERVER target=7017C098 ROLL32               argc=0 site=7017E21A
gcalls seq=000793 caller=QUEST_SERVER target=7017C098 ROLL32               argc=0 site=7017E21A
gcalls seq=000794 caller=QUEST_SERVER target=70178F4D FIND_OBJECT          argc=3 site=7017AD2F
gcalls seq=000795 caller=QUEST_SERVER target=7017B501 PICK_X_Y             argc=2 site=7017AD25
gcalls seq=000796 caller=QUEST_SERVER target=7017C098 ROLL32               argc=0 site=7017E21A
gcalls seq=000797 caller=QUEST_SERVER target=7017C098 ROLL32               argc=0 site=7017E21A
gcalls seq=000798 caller=QUEST_SERVER target=7017C098 ROLL32               argc=0 site=7017E21A
gcalls seq=000799 caller=QUEST_SERVER target=7017C098 ROLL32               argc=0 site=7017E21A
gcalls seq=000800 caller=QUEST_SERVER target=70178F4D FIND_OBJECT          argc=3 site=7017AD2F
gcalls seq=000801 caller=QUEST_SERVER target=7017B501 PICK_X_Y             argc=2 site=7017AD25
gcalls seq=000802 caller=QUEST_SERVER target=7017C098 ROLL32               argc=0 site=7017E21A
gcalls seq=000803 caller=QUEST_SERVER target=7017C098 ROLL32               argc=0 site=7017E21A
gcalls seq=000804 caller=QUEST_SERVER target=7017C098 ROLL32               argc=0 site=7017E21A
gcalls seq=000805 caller=QUEST_SERVER target=7017C098 ROLL32               argc=0 site=7017E21A
gcalls seq=000806 caller=QUEST_SERVER target=70178F4D FIND_OBJECT          argc=3 site=7017AD2F
gcalls seq=000807 caller=QUEST_SERVER target=7017B501 PICK_X_Y             argc=2 site=7017AD25
gcalls seq=000808 caller=QUEST_SERVER target=7017C098 ROLL32               argc=0 site=7017E21A
gcalls seq=000809 caller=QUEST_SERVER target=7017C098 ROLL32               argc=0 site=7017E21A
gcalls seq=000810 caller=QUEST_SERVER target=7017C098 ROLL32               argc=0 site=7017E21A
gcalls seq=000811 caller=QUEST_SERVER target=70178F4D FIND_OBJECT          argc=3 site=7017AD2F
gcalls seq=000812 caller=QUEST_SERVER target=7017C13B TERRITORY            argc=6 site=7017AD41
gcalls seq=000813 caller=QUEST_SERVER target=701782E8 SQR31?3              argc=0 site=7017C33E
gcalls seq=000814 caller=QUEST_SERVER target=701782E8 SQR31?3              argc=0 site=7017C33E
gcalls seq=000815 caller=QUEST_SERVER target=701782E8 SQR31?3              argc=0 site=7017C33E
gcalls seq=000816 caller=QUEST_SERVER target=701782E8 SQR31?3              argc=0 site=7017C33E
gcalls seq=000817 caller=QUEST_SERVER target=701782E8 SQR31?3              argc=0 site=7017C33E
gcalls seq=000818 caller=QUEST_SERVER target=701782E8 SQR31?3              argc=0 site=7017C33E
gcalls seq=000819 caller=QUEST_SERVER target=701782E8 SQR31?3              argc=0 site=7017C33E
gcalls seq=000820 caller=QUEST_SERVER target=701782E8 SQR31?3              argc=0 site=7017C33E
gcalls seq=000821 caller=QUEST_SERVER target=701782E8 SQR31?3              argc=0 site=7017C33E
gcalls seq=000822 caller=QUEST_SERVER target=701782E8 SQR31?3              argc=0 site=7017C33E
gcalls seq=000823 caller=QUEST_SERVER target=701782E8 SQR31?3              argc=0 site=7017C33E
gcalls seq=000824 caller=QUEST_SERVER target=701782E8 SQR31?3              argc=0 site=7017C33E
gcalls seq=000825 caller=QUEST_SERVER target=701782E8 SQR31?3              argc=0 site=7017C33E
gcalls seq=000826 caller=QUEST_SERVER target=701782E8 SQR31?3              argc=0 site=7017C33E
gcalls seq=000827 caller=QUEST_SERVER target=701782E8 SQR31?3              argc=0 site=7017C33E
gcalls seq=000828 caller=QUEST_SERVER target=701782E8 SQR31?3              argc=0 site=7017C33E
gcalls seq=000829 caller=QUEST_SERVER target=701782E8 SQR31?3              argc=0 site=7017C33E
gcalls seq=000830 caller=QUEST_SERVER target=701782E8 SQR31?3              argc=0 site=7017C33E
gcalls seq=000831 caller=QUEST_SERVER target=701782E8 SQR31?3              argc=0 site=7017C33E
gcalls seq=000832 caller=QUEST_SERVER target=701782E8 SQR31?3              argc=0 site=7017C33E
gcalls seq=000833 caller=QUEST_SERVER target=701782E8 SQR31?3              argc=0 site=7017C33E
gcalls seq=000834 caller=QUEST_SERVER target=701782E8 SQR31?3              argc=0 site=7017C33E
gcalls seq=000835 caller=QUEST_SERVER target=701782E8 SQR31?3              argc=0 site=7017C33E
gcalls seq=000836 caller=QUEST_SERVER target=701782E8 SQR31?3              argc=0 site=7017C33E
gcalls seq=000837 caller=QUEST_SERVER target=701782E8 SQR31?3              argc=0 site=7017C33E
gcalls seq=000838 caller=QUEST_SERVER target=701782E8 SQR31?3              argc=0 site=7017C33E
gcalls seq=000839 caller=QUEST_SERVER target=701782E8 SQR31?3              argc=0 site=7017C33E
gcalls seq=000840 caller=QUEST_SERVER target=701782E8 SQR31?3              argc=0 site=7017C33E
gcalls seq=000841 caller=QUEST_SERVER target=701782E8 SQR31?3              argc=0 site=7017C33E
gcalls seq=000842 caller=QUEST_SERVER target=701782E8 SQR31?3              argc=0 site=7017C33E
gcalls seq=000843 caller=QUEST_SERVER target=701782E8 SQR31?3              argc=0 site=7017C33E
gcalls seq=000844 caller=QUEST_SERVER target=701782E8 SQR31?3              argc=0 site=7017C33E
gcalls seq=000845 caller=QUEST_SERVER target=701782E8 SQR31?3              argc=0 site=7017C33E
gcalls seq=000846 caller=QUEST_SERVER target=701782E8 SQR31?3              argc=0 site=7017C33E
gcalls seq=000847 caller=QUEST_SERVER target=701782E8 SQR31?3              argc=0 site=7017C33E
gcalls seq=000848 caller=QUEST_SERVER target=701782E8 SQR31?3              argc=0 site=7017C33E
gcalls seq=000849 caller=QUEST_SERVER target=701782E8 SQR31?3              argc=0 site=7017C33E
gcalls seq=000850 caller=QUEST_SERVER target=701782E8 SQR31?3              argc=0 site=7017C33E
gcalls seq=000851 caller=QUEST_SERVER target=701782E8 SQR31?3              argc=0 site=7017C33E
gcalls seq=000852 caller=QUEST_SERVER target=701782E8 SQR31?3              argc=0 site=7017C33E
gcalls seq=000853 caller=QUEST_SERVER target=701782E8 SQR31?3              argc=0 site=7017C33E
gcalls seq=000854 caller=QUEST_SERVER target=701782E8 SQR31?3              argc=0 site=7017C33E
gcalls seq=000855 caller=QUEST_SERVER target=7017C098 ROLL32               argc=0 site=7017E21A
gcalls seq=000856 caller=QUEST_SERVER target=70178F4D FIND_OBJECT          argc=3 site=7017B168
gcalls seq=000857 caller=QUEST_SERVER target=7017C99B UPDATE_USER_DATA_FILE argc=3 site=7017B1DD
gcalls seq=000866 caller=QUEST1 target=7016DF39 INIT_OBJ_TBL         argc=2 site=7015C2B7
gcalls seq=000867 caller=QUEST1 target=7015C5E1 -                    argc=0 site=7015C337
gcalls seq=000868 caller=QUEST2 target=7016DF39 INIT_OBJ_TBL         argc=2 site=7015C2B7
gcalls seq=000869 caller=QUEST2 target=7015C5E1 -                    argc=0 site=7015C337
gcalls seq=000870 caller=QUEST1 target=7016E103 INIT_SCREEN          argc=1 site=7015C38C
gcalls seq=000871 caller=QUEST2 target=7016E103 INIT_SCREEN          argc=1 site=7015C38C
gcalls seq=000872 caller=QUEST1 target=701697A1 FAKE_LAND_MASS       argc=1 site=7016E1D2
gcalls seq=000873 caller=QUEST2 target=701697A1 FAKE_LAND_MASS       argc=1 site=7016E1D2
gcalls seq=000874 caller=QUEST1 target=701699B5 FAKE_OCEAN           argc=1 site=7016E1D8
gcalls seq=000875 caller=QUEST2 target=701699B5 FAKE_OCEAN           argc=1 site=7016E1D8
gcalls seq=000886 caller=QUEST1 target=7016B549 GET_QUEST            argc=0 site=7015C3B5
gcalls seq=000887 caller=QUEST2 target=7016B549 GET_QUEST            argc=0 site=7015C3B5
gcalls seq=000909 caller=QUEST1 target=70165713 C_A_LISTENER         argc=1 site=7017E7C1
gcalls seq=000910 caller=QUEST2 target=70165713 C_A_LISTENER         argc=1 site=7017E7C1
gcalls seq=000913 caller=QUEST1 target=7016DE91 HIT_ANY_CHAR         argc=0 site=7016BCA0
gcalls seq=000914 caller=QUEST2 target=7016DE91 HIT_ANY_CHAR         argc=0 site=7016BCA0
gcalls seq=000924 caller=QUEST1 target=7016AA35 GET_INPUT            argc=1 site=7016DEA9
gcalls seq=000925 caller=QUEST2 target=7016AA35 GET_INPUT            argc=1 site=7016DEA9
gcalls seq=000940 caller=QUEST1 target=70176A93 REFRESH_SCREEN       argc=0 site=7016BCA4
gcalls seq=000941 caller=QUEST2 target=70176A93 REFRESH_SCREEN       argc=0 site=7016BCA4
gcalls seq=001026 caller=QUEST1 target=70166AF9 DISPLAY_SCREEN       argc=1 site=7016BCBE
gcalls seq=001027 caller=QUEST1 target=70168717 DIST                 argc=4 site=70166B86
gcalls seq=001028 caller=QUEST1 target=70168717 DIST                 argc=4 site=70166B86
gcalls seq=001029 caller=QUEST1 target=70168717 DIST                 argc=4 site=70166B86
gcalls seq=001030 caller=QUEST2 target=70166AF9 DISPLAY_SCREEN       argc=1 site=7016BCBE
gcalls seq=001031 caller=QUEST2 target=70168717 DIST                 argc=4 site=70166B86
gcalls seq=001035 caller=QUEST2 target=70168717 DIST                 argc=4 site=70166B86
gcalls seq=001039 caller=QUEST2 target=70168717 DIST                 argc=4 site=70166B86
gcalls seq=001043 caller=QUEST1 target=70168717 DIST                 argc=4 site=70166E1C
gcalls seq=001044 caller=QUEST1 target=70168717 DIST                 argc=4 site=70166E1C
gcalls seq=001045 caller=QUEST1 target=70168717 DIST                 argc=4 site=70166E1C
gcalls seq=001046 caller=QUEST2 target=70168717 DIST                 argc=4 site=70166E1C
gcalls seq=001050 caller=QUEST2 target=70168717 DIST                 argc=4 site=70166E1C
gcalls seq=001054 caller=QUEST2 target=70168717 DIST                 argc=4 site=70166E1C
gcalls seq=001058 caller=QUEST1 target=70168717 DIST                 argc=4 site=70166E1C
gcalls seq=001059 caller=QUEST1 target=70168717 DIST                 argc=4 site=70166E1C
gcalls seq=001060 caller=QUEST2 target=70168717 DIST                 argc=4 site=70166E1C
gcalls seq=001064 caller=QUEST2 target=70168717 DIST                 argc=4 site=70166E1C
gcalls seq=001068 caller=QUEST1 target=70168717 DIST                 argc=4 site=70166E1C
gcalls seq=001069 caller=QUEST2 target=70168717 DIST                 argc=4 site=70166E1C
gcalls seq=001073 caller=QUEST1 target=70168717 DIST                 argc=4 site=70166E1C
gcalls seq=001074 caller=QUEST1 target=70168717 DIST                 argc=4 site=70166E1C
gcalls seq=001075 caller=QUEST1 target=70168717 DIST                 argc=4 site=70166E1C
gcalls seq=001076 caller=QUEST2 target=70168717 DIST                 argc=4 site=70166E1C
gcalls seq=001080 caller=QUEST2 target=70168717 DIST                 argc=4 site=70166E1C
gcalls seq=001084 caller=QUEST2 target=70168717 DIST                 argc=4 site=70166E1C
gcalls seq=001088 caller=QUEST1 target=70168717 DIST                 argc=4 site=70166E1C
gcalls seq=001089 caller=QUEST1 target=70168717 DIST                 argc=4 site=70166E1C
gcalls seq=001090 caller=QUEST2 target=70168717 DIST                 argc=4 site=70166E1C
gcalls seq=001094 caller=QUEST2 target=70168717 DIST                 argc=4 site=70166E1C
gcalls seq=001098 caller=QUEST1 target=70168717 DIST                 argc=4 site=70166E1C
gcalls seq=001099 caller=QUEST2 target=70168717 DIST                 argc=4 site=70166E1C
gcalls seq=001103 caller=QUEST1 target=70168717 DIST                 argc=4 site=70166E1C
gcalls seq=001104 caller=QUEST1 target=70168717 DIST                 argc=4 site=70166E1C
gcalls seq=001105 caller=QUEST1 target=70168717 DIST                 argc=4 site=70166E1C
gcalls seq=001106 caller=QUEST2 target=70168717 DIST                 argc=4 site=70166E1C
gcalls seq=001110 caller=QUEST2 target=70168717 DIST                 argc=4 site=70166E1C
gcalls seq=001114 caller=QUEST2 target=70168717 DIST                 argc=4 site=70166E1C
gcalls seq=001118 caller=QUEST1 target=70168717 DIST                 argc=4 site=70166E1C
gcalls seq=001119 caller=QUEST1 target=70168717 DIST                 argc=4 site=70166E1C
gcalls seq=001120 caller=QUEST2 target=70168717 DIST                 argc=4 site=70166E1C
gcalls seq=001124 caller=QUEST2 target=70168717 DIST                 argc=4 site=70166E1C
gcalls seq=001128 caller=QUEST1 target=70168717 DIST                 argc=4 site=70166E1C
gcalls seq=001129 caller=QUEST2 target=70168717 DIST                 argc=4 site=70166E1C
gcalls seq=001133 caller=QUEST1 target=70168717 DIST                 argc=4 site=70166E1C
gcalls seq=001134 caller=QUEST1 target=70168717 DIST                 argc=4 site=70166E1C
gcalls seq=001135 caller=QUEST1 target=70168717 DIST                 argc=4 site=70166E1C
gcalls seq=001136 caller=QUEST2 target=70168717 DIST                 argc=4 site=70166E1C
gcalls seq=001140 caller=QUEST2 target=70168717 DIST                 argc=4 site=70166E1C
gcalls seq=001144 caller=QUEST2 target=70168717 DIST                 argc=4 site=70166E1C
gcalls seq=001148 caller=QUEST1 target=70168717 DIST                 argc=4 site=70166E1C
gcalls seq=001149 caller=QUEST1 target=70168717 DIST                 argc=4 site=70166E1C
gcalls seq=001150 caller=QUEST2 target=70168717 DIST                 argc=4 site=70166E1C
gcalls seq=001154 caller=QUEST2 target=70168717 DIST                 argc=4 site=70166E1C
gcalls seq=001158 caller=QUEST1 target=70168717 DIST                 argc=4 site=70166E1C
gcalls seq=001159 caller=QUEST2 target=70168717 DIST                 argc=4 site=70166E1C
gcalls seq=001163 caller=QUEST1 target=70168717 DIST                 argc=4 site=70166E1C
gcalls seq=001164 caller=QUEST1 target=70168717 DIST                 argc=4 site=70166E1C
gcalls seq=001165 caller=QUEST1 target=70168717 DIST                 argc=4 site=70166E1C
gcalls seq=001166 caller=QUEST2 target=70168717 DIST                 argc=4 site=70166E1C
gcalls seq=001170 caller=QUEST2 target=70168717 DIST                 argc=4 site=70166E1C
gcalls seq=001174 caller=QUEST2 target=70168717 DIST                 argc=4 site=70166E1C
gcalls seq=001178 caller=QUEST1 target=70168717 DIST                 argc=4 site=70166E1C
gcalls seq=001179 caller=QUEST1 target=70168717 DIST                 argc=4 site=70166E1C
gcalls seq=001180 caller=QUEST2 target=70168717 DIST                 argc=4 site=70166E1C
gcalls seq=001184 caller=QUEST2 target=70168717 DIST                 argc=4 site=70166E1C
gcalls seq=001188 caller=QUEST1 target=70168717 DIST                 argc=4 site=70166E1C
gcalls seq=001189 caller=QUEST2 target=70168717 DIST                 argc=4 site=70166E1C
gcalls seq=001193 caller=QUEST1 target=70168717 DIST                 argc=4 site=70166E1C
gcalls seq=001194 caller=QUEST1 target=70168717 DIST                 argc=4 site=70166E1C
gcalls seq=001195 caller=QUEST1 target=70168717 DIST                 argc=4 site=70166E1C
gcalls seq=001196 caller=QUEST2 target=70168717 DIST                 argc=4 site=70166E1C
gcalls seq=001200 caller=QUEST2 target=70168717 DIST                 argc=4 site=70166E1C
gcalls seq=001204 caller=QUEST2 target=70168717 DIST                 argc=4 site=70166E1C
gcalls seq=001208 caller=QUEST1 target=70168717 DIST                 argc=4 site=70166E1C
gcalls seq=001209 caller=QUEST2 target=70168717 DIST                 argc=4 site=70166E1C
gcalls seq=001213 caller=QUEST1 target=70168717 DIST                 argc=4 site=70166E1C
gcalls seq=001214 caller=QUEST1 target=70168717 DIST                 argc=4 site=70166E1C
gcalls seq=001215 caller=QUEST2 target=70168717 DIST                 argc=4 site=70166E1C
gcalls seq=001219 caller=QUEST2 target=70168717 DIST                 argc=4 site=70166E1C
gcalls seq=001223 caller=QUEST1 target=70168717 DIST                 argc=4 site=70166E1C
gcalls seq=001224 caller=QUEST1 target=70168717 DIST                 argc=4 site=70166E1C
gcalls seq=001225 caller=QUEST1 target=70168717 DIST                 argc=4 site=70166E1C
gcalls seq=001226 caller=QUEST2 target=70168717 DIST                 argc=4 site=70166E1C
gcalls seq=001230 caller=QUEST2 target=70168717 DIST                 argc=4 site=70166E1C
gcalls seq=001234 caller=QUEST2 target=70168717 DIST                 argc=4 site=70166E1C
gcalls seq=001238 caller=QUEST1 target=70168717 DIST                 argc=4 site=70166E1C
gcalls seq=001239 caller=QUEST1 target=70168717 DIST                 argc=4 site=70166E1C
gcalls seq=001240 caller=QUEST1 target=70168717 DIST                 argc=4 site=70166E1C
gcalls seq=001241 caller=QUEST2 target=70168717 DIST                 argc=4 site=70166E1C
gcalls seq=001245 caller=QUEST2 target=70168717 DIST                 argc=4 site=70166E1C
gcalls seq=001249 caller=QUEST2 target=70168717 DIST                 argc=4 site=70166E1C
gcalls seq=001253 caller=QUEST1 target=70168717 DIST                 argc=4 site=70166E1C
gcalls seq=001254 caller=QUEST1 target=70168717 DIST                 argc=4 site=70166E1C
gcalls seq=001255 caller=QUEST2 target=70168717 DIST                 argc=4 site=70166E1C
gcalls seq=001259 caller=QUEST2 target=70168717 DIST                 argc=4 site=70166E1C
gcalls seq=001262 caller=QUEST1 target=70168717 DIST                 argc=4 site=70166E1C
gcalls seq=001264 caller=QUEST2 target=70168717 DIST                 argc=4 site=70166E1C
gcalls seq=001268 caller=QUEST1 target=70168717 DIST                 argc=4 site=70166E1C
gcalls seq=001269 caller=QUEST1 target=70168717 DIST                 argc=4 site=70166E1C
gcalls seq=001270 caller=QUEST1 target=70168717 DIST                 argc=4 site=70166E1C
gcalls seq=001271 caller=QUEST2 target=70168717 DIST                 argc=4 site=70166E1C
gcalls seq=001275 caller=QUEST2 target=70168717 DIST                 argc=4 site=70166E1C
gcalls seq=001279 caller=QUEST2 target=70168717 DIST                 argc=4 site=70166E1C
gcalls seq=001283 caller=QUEST1 target=70168717 DIST                 argc=4 site=70166E1C
gcalls seq=001284 caller=QUEST1 target=70168717 DIST                 argc=4 site=70166E1C
gcalls seq=001285 caller=QUEST2 target=70168717 DIST                 argc=4 site=70166E1C
gcalls seq=001289 caller=QUEST2 target=70168717 DIST                 argc=4 site=70166E1C
gcalls seq=001292 caller=QUEST1 target=70168717 DIST                 argc=4 site=70166E1C
gcalls seq=001294 caller=QUEST2 target=70168717 DIST                 argc=4 site=70166E1C
gcalls seq=001298 caller=QUEST1 target=70168717 DIST                 argc=4 site=70166E1C
gcalls seq=001299 caller=QUEST1 target=70168717 DIST                 argc=4 site=70166E1C
gcalls seq=001300 caller=QUEST1 target=70168717 DIST                 argc=4 site=70166E1C
gcalls seq=001301 caller=QUEST2 target=70168717 DIST                 argc=4 site=70166E1C
gcalls seq=001305 caller=QUEST2 target=70168717 DIST                 argc=4 site=70166E1C
gcalls seq=001309 caller=QUEST2 target=70168717 DIST                 argc=4 site=70166E1C
gcalls seq=001313 caller=QUEST1 target=70168717 DIST                 argc=4 site=70166E1C
gcalls seq=001314 caller=QUEST1 target=70168717 DIST                 argc=4 site=70166E1C
gcalls seq=001315 caller=QUEST2 target=70168717 DIST                 argc=4 site=70166E1C
gcalls seq=001319 caller=QUEST2 target=70168717 DIST                 argc=4 site=70166E1C
gcalls seq=001322 caller=QUEST1 target=70168717 DIST                 argc=4 site=70166E1C
gcalls seq=001324 caller=QUEST2 target=70168717 DIST                 argc=4 site=70166E1C
gcalls seq=001328 caller=QUEST1 target=70168717 DIST                 argc=4 site=70166E1C
gcalls seq=001329 caller=QUEST1 target=70168717 DIST                 argc=4 site=70166E1C
gcalls seq=001330 caller=QUEST1 target=70168717 DIST                 argc=4 site=70166E1C
gcalls seq=001331 caller=QUEST2 target=70168717 DIST                 argc=4 site=70166E1C
gcalls seq=001335 caller=QUEST2 target=70168717 DIST                 argc=4 site=70166E1C
gcalls seq=001339 caller=QUEST2 target=70168717 DIST                 argc=4 site=70166E1C
gcalls seq=001343 caller=QUEST1 target=70168717 DIST                 argc=4 site=70166E1C
gcalls seq=001344 caller=QUEST1 target=70168717 DIST                 argc=4 site=70166E1C
gcalls seq=001345 caller=QUEST2 target=70168717 DIST                 argc=4 site=70166E1C
gcalls seq=001349 caller=QUEST2 target=70168717 DIST                 argc=4 site=70166E1C
gcalls seq=001352 caller=QUEST1 target=70168717 DIST                 argc=4 site=70166E1C
gcalls seq=001354 caller=QUEST2 target=70168717 DIST                 argc=4 site=70166E1C
gcalls seq=001358 caller=QUEST1 target=70168717 DIST                 argc=4 site=70166E1C
gcalls seq=001359 caller=QUEST1 target=70168717 DIST                 argc=4 site=70166E1C
gcalls seq=001360 caller=QUEST1 target=70168717 DIST                 argc=4 site=70166E1C
gcalls seq=001361 caller=QUEST2 target=70168717 DIST                 argc=4 site=70166E1C
gcalls seq=001365 caller=QUEST2 target=70168717 DIST                 argc=4 site=70166E1C
gcalls seq=001369 caller=QUEST2 target=70168717 DIST                 argc=4 site=70166E1C
gcalls seq=001373 caller=QUEST1 target=70168717 DIST                 argc=4 site=70166E1C
gcalls seq=001374 caller=QUEST2 target=70168717 DIST                 argc=4 site=70166E1C
gcalls seq=001377 caller=QUEST1 target=70168717 DIST                 argc=4 site=70166E1C
gcalls seq=001378 caller=QUEST1 target=70168717 DIST                 argc=4 site=70166E1C
gcalls seq=001380 caller=QUEST2 target=70168717 DIST                 argc=4 site=70166E1C
gcalls seq=001384 caller=QUEST2 target=70168717 DIST                 argc=4 site=70166E1C
gcalls seq=001388 caller=QUEST1 target=70168717 DIST                 argc=4 site=70166E1C
gcalls seq=001389 caller=QUEST1 target=70168717 DIST                 argc=4 site=70166E1C
gcalls seq=001390 caller=QUEST1 target=70168717 DIST                 argc=4 site=70166E1C
gcalls seq=001391 caller=QUEST2 target=70168717 DIST                 argc=4 site=70166E1C
gcalls seq=001395 caller=QUEST2 target=70168717 DIST                 argc=4 site=70166E1C
gcalls seq=001399 caller=QUEST2 target=70168717 DIST                 argc=4 site=70166E1C
gcalls seq=001403 caller=QUEST1 target=70168717 DIST                 argc=4 site=70166E1C
gcalls seq=001404 caller=QUEST2 target=70168717 DIST                 argc=4 site=70166E1C
gcalls seq=001407 caller=QUEST1 target=70168717 DIST                 argc=4 site=70166E1C
gcalls seq=001408 caller=QUEST1 target=70168717 DIST                 argc=4 site=70166E1C
gcalls seq=001410 caller=QUEST2 target=70168717 DIST                 argc=4 site=70166E1C
gcalls seq=001414 caller=QUEST2 target=70168717 DIST                 argc=4 site=70166E1C
gcalls seq=001418 caller=QUEST1 target=70168717 DIST                 argc=4 site=70166E1C
gcalls seq=001419 caller=QUEST1 target=70168717 DIST                 argc=4 site=70166E1C
gcalls seq=001420 caller=QUEST1 target=70168717 DIST                 argc=4 site=70166E1C
gcalls seq=001421 caller=QUEST2 target=70168717 DIST                 argc=4 site=70166E1C
gcalls seq=001425 caller=QUEST2 target=70168717 DIST                 argc=4 site=70166E1C
gcalls seq=001429 caller=QUEST2 target=70168717 DIST                 argc=4 site=70166E1C
gcalls seq=001433 caller=QUEST1 target=70168717 DIST                 argc=4 site=70166E1C
gcalls seq=001434 caller=QUEST2 target=70168717 DIST                 argc=4 site=70166E1C
gcalls seq=001437 caller=QUEST1 target=70168717 DIST                 argc=4 site=70166E1C
gcalls seq=001438 caller=QUEST1 target=70168717 DIST                 argc=4 site=70166E1C
gcalls seq=001440 caller=QUEST2 target=70168717 DIST                 argc=4 site=70166E1C
gcalls seq=001444 caller=QUEST2 target=70168717 DIST                 argc=4 site=70166E1C
gcalls seq=001448 caller=QUEST1 target=70168717 DIST                 argc=4 site=70166E1C
gcalls seq=001449 caller=QUEST1 target=70168717 DIST                 argc=4 site=70166E1C
gcalls seq=001450 caller=QUEST2 target=70168717 DIST                 argc=4 site=70166E1C
gcalls seq=001454 caller=QUEST2 target=70168717 DIST                 argc=4 site=70166E1C
gcalls seq=001458 caller=QUEST1 target=70168717 DIST                 argc=4 site=70166E1C
gcalls seq=001459 caller=QUEST2 target=70168717 DIST                 argc=4 site=70166E1C
gcalls seq=001463 caller=QUEST1 target=70168717 DIST                 argc=4 site=70166E1C
gcalls seq=001464 caller=QUEST1 target=70168717 DIST                 argc=4 site=70166E1C
gcalls seq=001465 caller=QUEST1 target=70168717 DIST                 argc=4 site=70166E1C
gcalls seq=001466 caller=QUEST2 target=70168717 DIST                 argc=4 site=70166E1C
gcalls seq=001470 caller=QUEST2 target=70168717 DIST                 argc=4 site=70166E1C
gcalls seq=001474 caller=QUEST2 target=70168717 DIST                 argc=4 site=70166E1C
gcalls seq=001478 caller=QUEST1 target=70168717 DIST                 argc=4 site=70166E1C
gcalls seq=001479 caller=QUEST2 target=70168717 DIST                 argc=4 site=70166E1C
gcalls seq=001483 caller=QUEST1 target=70168717 DIST                 argc=4 site=70166E1C
gcalls seq=001484 caller=QUEST1 target=70168717 DIST                 argc=4 site=70166E1C
gcalls seq=001485 caller=QUEST2 target=70168717 DIST                 argc=4 site=70166E1C
gcalls seq=001489 caller=QUEST2 target=70168717 DIST                 argc=4 site=70166E1C
gcalls seq=001493 caller=QUEST1 target=70168717 DIST                 argc=4 site=70166E1C
gcalls seq=001494 caller=QUEST1 target=70168717 DIST                 argc=4 site=70166E1C
gcalls seq=001495 caller=QUEST1 target=70168717 DIST                 argc=4 site=70166E1C
gcalls seq=001496 caller=QUEST2 target=70168717 DIST                 argc=4 site=70166E1C
gcalls seq=001500 caller=QUEST2 target=70168717 DIST                 argc=4 site=70166E1C
gcalls seq=001504 caller=QUEST2 target=70168717 DIST                 argc=4 site=70166E1C
gcalls seq=001508 caller=QUEST1 target=70168717 DIST                 argc=4 site=70166E1C
gcalls seq=001509 caller=QUEST2 target=70168717 DIST                 argc=4 site=70166E1C
gcalls seq=001513 caller=QUEST1 target=70168717 DIST                 argc=4 site=70166E1C
gcalls seq=001514 caller=QUEST1 target=70168717 DIST                 argc=4 site=70166E1C
gcalls seq=001515 caller=QUEST2 target=70168717 DIST                 argc=4 site=70166E1C
gcalls seq=001519 caller=QUEST2 target=70168717 DIST                 argc=4 site=70166E1C
gcalls seq=001523 caller=QUEST1 target=70168717 DIST                 argc=4 site=70166E1C
gcalls seq=001524 caller=QUEST1 target=70168717 DIST                 argc=4 site=70166E1C
gcalls seq=001525 caller=QUEST1 target=70168717 DIST                 argc=4 site=70166E1C
gcalls seq=001526 caller=QUEST2 target=70168717 DIST                 argc=4 site=70166E1C
gcalls seq=001530 caller=QUEST2 target=70168717 DIST                 argc=4 site=70166E1C
gcalls seq=001534 caller=QUEST2 target=70168717 DIST                 argc=4 site=70166E1C
gcalls seq=001538 caller=QUEST1 target=70168717 DIST                 argc=4 site=70166E1C
gcalls seq=001539 caller=QUEST2 target=70168717 DIST                 argc=4 site=70166E1C
gcalls seq=001540 caller=QUEST1 target=70168717 DIST                 argc=4 site=70166E1C
gcalls seq=001541 caller=QUEST1 target=70168717 DIST                 argc=4 site=70166E1C
gcalls seq=001545 caller=QUEST2 target=70168717 DIST                 argc=4 site=70166E1C
gcalls seq=001549 caller=QUEST2 target=70168717 DIST                 argc=4 site=70166E1C
gcalls seq=001553 caller=QUEST1 target=70168717 DIST                 argc=4 site=70166E1C
gcalls seq=001554 caller=QUEST1 target=70168717 DIST                 argc=4 site=70166E1C
gcalls seq=001555 caller=QUEST2 target=70168717 DIST                 argc=4 site=70166E1C
gcalls seq=001559 caller=QUEST2 target=70168717 DIST                 argc=4 site=70166E1C
gcalls seq=001563 caller=QUEST1 target=70168717 DIST                 argc=4 site=70166E1C
gcalls seq=001564 caller=QUEST2 target=70168717 DIST                 argc=4 site=70166E1C
gcalls seq=001568 caller=QUEST1 target=70168717 DIST                 argc=4 site=70166E1C
gcalls seq=001569 caller=QUEST1 target=70168717 DIST                 argc=4 site=70166E1C
gcalls seq=001570 caller=QUEST1 target=70168717 DIST                 argc=4 site=70166E1C
gcalls seq=001571 caller=QUEST2 target=70168717 DIST                 argc=4 site=70166E1C
gcalls seq=001575 caller=QUEST2 target=70168717 DIST                 argc=4 site=70166E1C
gcalls seq=001579 caller=QUEST2 target=70168717 DIST                 argc=4 site=70166E1C
gcalls seq=001583 caller=QUEST1 target=70168717 DIST                 argc=4 site=70166E1C
gcalls seq=001584 caller=QUEST1 target=70168717 DIST                 argc=4 site=70166E1C
gcalls seq=001585 caller=QUEST2 target=70168717 DIST                 argc=4 site=70166E1C
gcalls seq=001589 caller=QUEST2 target=70168717 DIST                 argc=4 site=70166E1C
gcalls seq=001593 caller=QUEST1 target=70168717 DIST                 argc=4 site=70166E1C
gcalls seq=001594 caller=QUEST2 target=70168717 DIST                 argc=4 site=70166E1C
gcalls seq=001598 caller=QUEST1 target=70168717 DIST                 argc=4 site=70166E1C
gcalls seq=001599 caller=QUEST1 target=70168717 DIST                 argc=4 site=70166E1C
gcalls seq=001600 caller=QUEST1 target=70168717 DIST                 argc=4 site=70166E1C
gcalls seq=001601 caller=QUEST2 target=70168717 DIST                 argc=4 site=70166E1C
gcalls seq=001605 caller=QUEST2 target=70168717 DIST                 argc=4 site=70166E1C
gcalls seq=001609 caller=QUEST2 target=70168717 DIST                 argc=4 site=70166E1C
gcalls seq=001613 caller=QUEST1 target=70168717 DIST                 argc=4 site=70166E1C
gcalls seq=001614 caller=QUEST1 target=70168717 DIST                 argc=4 site=70166E1C
gcalls seq=001615 caller=QUEST2 target=70168717 DIST                 argc=4 site=70166E1C
gcalls seq=001619 caller=QUEST2 target=70168717 DIST                 argc=4 site=70166E1C
gcalls seq=001623 caller=QUEST1 target=70168717 DIST                 argc=4 site=70166E1C
gcalls seq=001624 caller=QUEST2 target=70168717 DIST                 argc=4 site=70166E1C
gcalls seq=001628 caller=QUEST1 target=70168717 DIST                 argc=4 site=70166E1C
gcalls seq=001629 caller=QUEST1 target=70168717 DIST                 argc=4 site=70166E1C
gcalls seq=001630 caller=QUEST1 target=70168717 DIST                 argc=4 site=70166E1C
gcalls seq=001631 caller=QUEST2 target=70168717 DIST                 argc=4 site=70166E1C
gcalls seq=001635 caller=QUEST2 target=70168717 DIST                 argc=4 site=70166E1C
gcalls seq=001639 caller=QUEST2 target=70168717 DIST                 argc=4 site=70166E1C
gcalls seq=001643 caller=QUEST1 target=70168717 DIST                 argc=4 site=70166E1C
gcalls seq=001644 caller=QUEST2 target=70168717 DIST                 argc=4 site=70166E1C
gcalls seq=001648 caller=QUEST1 target=70168717 DIST                 argc=4 site=70166E1C
gcalls seq=001649 caller=QUEST1 target=70168717 DIST                 argc=4 site=70166E1C
gcalls seq=001650 caller=QUEST2 target=70168717 DIST                 argc=4 site=70166E1C
gcalls seq=001654 caller=QUEST2 target=70168717 DIST                 argc=4 site=70166E1C
gcalls seq=001658 caller=QUEST1 target=70168717 DIST                 argc=4 site=70166E1C
gcalls seq=001659 caller=QUEST1 target=70168717 DIST                 argc=4 site=70166E1C
gcalls seq=001660 caller=QUEST1 target=70168717 DIST                 argc=4 site=70166E1C
gcalls seq=001661 caller=QUEST2 target=70168717 DIST                 argc=4 site=70166E1C
gcalls seq=001665 caller=QUEST2 target=70168717 DIST                 argc=4 site=70166E1C
gcalls seq=001669 caller=QUEST2 target=70168717 DIST                 argc=4 site=70166E1C
gcalls seq=001673 caller=QUEST1 target=70168717 DIST                 argc=4 site=70166E1C
gcalls seq=001674 caller=QUEST2 target=70168717 DIST                 argc=4 site=70166E1C
gcalls seq=001678 caller=QUEST1 target=70168717 DIST                 argc=4 site=70166E1C
gcalls seq=001679 caller=QUEST1 target=70168717 DIST                 argc=4 site=70166E1C
gcalls seq=001680 caller=QUEST2 target=70168717 DIST                 argc=4 site=70166E1C
gcalls seq=001684 caller=QUEST2 target=70168717 DIST                 argc=4 site=70166E1C
gcalls seq=001688 caller=QUEST1 target=70168717 DIST                 argc=4 site=70166E1C
gcalls seq=001689 caller=QUEST1 target=70168717 DIST                 argc=4 site=70166E1C
gcalls seq=001690 caller=QUEST1 target=70168717 DIST                 argc=4 site=70166E1C
gcalls seq=001691 caller=QUEST2 target=70168717 DIST                 argc=4 site=70166E1C
gcalls seq=001695 caller=QUEST2 target=70168717 DIST                 argc=4 site=70166E1C
gcalls seq=001699 caller=QUEST2 target=70168717 DIST                 argc=4 site=70166E1C
gcalls seq=001703 caller=QUEST1 target=70168717 DIST                 argc=4 site=70166E1C
gcalls seq=001704 caller=QUEST1 target=70168717 DIST                 argc=4 site=70166E1C
gcalls seq=001705 caller=QUEST1 target=70168717 DIST                 argc=4 site=70166E1C
gcalls seq=001706 caller=QUEST2 target=70168717 DIST                 argc=4 site=70166E1C
gcalls seq=001710 caller=QUEST2 target=70168717 DIST                 argc=4 site=70166E1C
gcalls seq=001714 caller=QUEST2 target=70168717 DIST                 argc=4 site=70166E1C
gcalls seq=001718 caller=QUEST1 target=70168717 DIST                 argc=4 site=70166E1C
gcalls seq=001719 caller=QUEST1 target=70168717 DIST                 argc=4 site=70166E1C
gcalls seq=001720 caller=QUEST1 target=70168717 DIST                 argc=4 site=70166E1C
gcalls seq=001721 caller=QUEST2 target=70168717 DIST                 argc=4 site=70166E1C
gcalls seq=001725 caller=QUEST2 target=70168717 DIST                 argc=4 site=70166E1C
gcalls seq=001729 caller=QUEST2 target=70168717 DIST                 argc=4 site=70166E1C
gcalls seq=001733 caller=QUEST1 target=70168717 DIST                 argc=4 site=70166E1C
gcalls seq=001734 caller=QUEST1 target=70168717 DIST                 argc=4 site=70166E1C
gcalls seq=001735 caller=QUEST1 target=70168717 DIST                 argc=4 site=70166E1C
gcalls seq=001736 caller=QUEST2 target=70168717 DIST                 argc=4 site=70166E1C
gcalls seq=001740 caller=QUEST2 target=70168717 DIST                 argc=4 site=70166E1C
gcalls seq=001744 caller=QUEST2 target=70168717 DIST                 argc=4 site=70166E1C
gcalls seq=001748 caller=QUEST1 target=70168717 DIST                 argc=4 site=70166E1C
gcalls seq=001749 caller=QUEST1 target=70168717 DIST                 argc=4 site=70166E1C
gcalls seq=001750 caller=QUEST1 target=70168717 DIST                 argc=4 site=70166E1C
gcalls seq=001751 caller=QUEST2 target=70168717 DIST                 argc=4 site=70166E1C
gcalls seq=001755 caller=QUEST2 target=70168717 DIST                 argc=4 site=70166E1C
gcalls seq=001759 caller=QUEST2 target=70168717 DIST                 argc=4 site=70166E1C
gcalls seq=001763 caller=QUEST1 target=70168717 DIST                 argc=4 site=70166E1C
gcalls seq=001764 caller=QUEST1 target=70168717 DIST                 argc=4 site=70166E1C
gcalls seq=001765 caller=QUEST1 target=70168717 DIST                 argc=4 site=70166E1C
gcalls seq=001766 caller=QUEST2 target=70168717 DIST                 argc=4 site=70166E1C
gcalls seq=001770 caller=QUEST2 target=70168717 DIST                 argc=4 site=70166E1C
gcalls seq=001774 caller=QUEST2 target=70168717 DIST                 argc=4 site=70166E1C
gcalls seq=001778 caller=QUEST1 target=70168717 DIST                 argc=4 site=70166E1C
gcalls seq=001779 caller=QUEST1 target=70168717 DIST                 argc=4 site=70166E1C
gcalls seq=001780 caller=QUEST2 target=70168717 DIST                 argc=4 site=70166E1C
gcalls seq=001784 caller=QUEST2 target=70168717 DIST                 argc=4 site=70166E1C
gcalls seq=001787 caller=QUEST1 target=70168717 DIST                 argc=4 site=70166E1C
gcalls seq=001789 caller=QUEST2 target=70168717 DIST                 argc=4 site=70166E1C
gcalls seq=001793 caller=QUEST1 target=70168717 DIST                 argc=4 site=70166E1C
gcalls seq=001794 caller=QUEST1 target=70168717 DIST                 argc=4 site=70166E1C
gcalls seq=001795 caller=QUEST1 target=70168717 DIST                 argc=4 site=70166E1C
gcalls seq=001796 caller=QUEST2 target=70168717 DIST                 argc=4 site=70166E1C
gcalls seq=001800 caller=QUEST2 target=70168717 DIST                 argc=4 site=70166E1C
gcalls seq=001804 caller=QUEST2 target=70168717 DIST                 argc=4 site=70166E1C
gcalls seq=001808 caller=QUEST1 target=70168717 DIST                 argc=4 site=70166E1C
gcalls seq=001809 caller=QUEST1 target=70168717 DIST                 argc=4 site=70166E1C
gcalls seq=001810 caller=QUEST2 target=70168717 DIST                 argc=4 site=70166E1C
gcalls seq=001814 caller=QUEST2 target=70168717 DIST                 argc=4 site=70166E1C
gcalls seq=001817 caller=QUEST1 target=70168717 DIST                 argc=4 site=70166E1C
gcalls seq=001819 caller=QUEST2 target=70168717 DIST                 argc=4 site=70166E1C
gcalls seq=001823 caller=QUEST1 target=70168717 DIST                 argc=4 site=70166E1C
gcalls seq=001824 caller=QUEST1 target=70168717 DIST                 argc=4 site=70166E1C
gcalls seq=001825 caller=QUEST1 target=70168717 DIST                 argc=4 site=70166E1C
gcalls seq=001826 caller=QUEST2 target=70168717 DIST                 argc=4 site=70166E1C
gcalls seq=001830 caller=QUEST2 target=70168717 DIST                 argc=4 site=70166E1C
gcalls seq=001834 caller=QUEST2 target=70168717 DIST                 argc=4 site=70166E1C
gcalls seq=001838 caller=QUEST1 target=70168717 DIST                 argc=4 site=70166E1C
gcalls seq=001839 caller=QUEST1 target=70168717 DIST                 argc=4 site=70166E1C
gcalls seq=001840 caller=QUEST2 target=70168717 DIST                 argc=4 site=70166E1C
gcalls seq=001844 caller=QUEST2 target=70168717 DIST                 argc=4 site=70166E1C
gcalls seq=001847 caller=QUEST1 target=70168717 DIST                 argc=4 site=70166E1C
gcalls seq=001849 caller=QUEST2 target=70168717 DIST                 argc=4 site=70166E1C
gcalls seq=001853 caller=QUEST1 target=70168717 DIST                 argc=4 site=70166E1C
gcalls seq=001854 caller=QUEST1 target=70168717 DIST                 argc=4 site=70166E1C
gcalls seq=001855 caller=QUEST1 target=70168717 DIST                 argc=4 site=70166E1C
gcalls seq=001856 caller=QUEST2 target=70168717 DIST                 argc=4 site=70166E1C
gcalls seq=001860 caller=QUEST2 target=70168717 DIST                 argc=4 site=70166E1C
gcalls seq=001864 caller=QUEST2 target=70168717 DIST                 argc=4 site=70166E1C
gcalls seq=001868 caller=QUEST1 target=70168717 DIST                 argc=4 site=70166E1C
gcalls seq=001869 caller=QUEST2 target=70168717 DIST                 argc=4 site=70166E1C
gcalls seq=001872 caller=QUEST1 target=70168717 DIST                 argc=4 site=70166E1C
gcalls seq=001873 caller=QUEST1 target=70168717 DIST                 argc=4 site=70166E1C
gcalls seq=001875 caller=QUEST2 target=70168717 DIST                 argc=4 site=70166E1C
gcalls seq=001879 caller=QUEST2 target=70168717 DIST                 argc=4 site=70166E1C
gcalls seq=001883 caller=QUEST1 target=70168717 DIST                 argc=4 site=70166E1C
gcalls seq=001884 caller=QUEST1 target=70168717 DIST                 argc=4 site=70166E1C
gcalls seq=001885 caller=QUEST1 target=70168717 DIST                 argc=4 site=70166E1C
gcalls seq=001886 caller=QUEST2 target=70168717 DIST                 argc=4 site=70166E1C
gcalls seq=001890 caller=QUEST2 target=70168717 DIST                 argc=4 site=70166E1C
gcalls seq=001894 caller=QUEST2 target=70168717 DIST                 argc=4 site=70166E1C
gcalls seq=001898 caller=QUEST1 target=70168717 DIST                 argc=4 site=70166E1C
gcalls seq=001899 caller=QUEST2 target=70168717 DIST                 argc=4 site=70166E1C
gcalls seq=001902 caller=QUEST1 target=70168717 DIST                 argc=4 site=70166E1C
gcalls seq=001903 caller=QUEST1 target=70168717 DIST                 argc=4 site=70166E1C
gcalls seq=001905 caller=QUEST2 target=70168717 DIST                 argc=4 site=70166E1C
gcalls seq=001909 caller=QUEST2 target=70168717 DIST                 argc=4 site=70166E1C
gcalls seq=001913 caller=QUEST1 target=70168717 DIST                 argc=4 site=70166E1C
gcalls seq=001914 caller=QUEST1 target=70168717 DIST                 argc=4 site=70166E1C
gcalls seq=001915 caller=QUEST1 target=70168717 DIST                 argc=4 site=70166E1C
gcalls seq=001916 caller=QUEST2 target=70168717 DIST                 argc=4 site=70166E1C
gcalls seq=001920 caller=QUEST2 target=70168717 DIST                 argc=4 site=70166E1C
gcalls seq=001924 caller=QUEST2 target=70168717 DIST                 argc=4 site=70166E1C
gcalls seq=001928 caller=QUEST1 target=70168717 DIST                 argc=4 site=70166E1C
gcalls seq=001929 caller=QUEST2 target=70168717 DIST                 argc=4 site=70166E1C
gcalls seq=001932 caller=QUEST1 target=70168717 DIST                 argc=4 site=70166E1C
gcalls seq=001933 caller=QUEST1 target=70168717 DIST                 argc=4 site=70166E1C
gcalls seq=001935 caller=QUEST2 target=70168717 DIST                 argc=4 site=70166E1C
gcalls seq=001939 caller=QUEST2 target=70168717 DIST                 argc=4 site=70166E1C
gcalls seq=001943 caller=QUEST1 target=70168717 DIST                 argc=4 site=70166E1C
gcalls seq=001944 caller=QUEST1 target=70168717 DIST                 argc=4 site=70166E1C
gcalls seq=001945 caller=QUEST1 target=70168717 DIST                 argc=4 site=70166E1C
gcalls seq=001946 caller=QUEST2 target=70168717 DIST                 argc=4 site=70166E1C
gcalls seq=001950 caller=QUEST2 target=70168717 DIST                 argc=4 site=70166E1C
gcalls seq=001954 caller=QUEST2 target=70168717 DIST                 argc=4 site=70166E1C
gcalls seq=001958 caller=QUEST1 target=70168717 DIST                 argc=4 site=70166E1C
gcalls seq=001959 caller=QUEST2 target=70168717 DIST                 argc=4 site=70166E1C
gcalls seq=001962 caller=QUEST1 target=70168717 DIST                 argc=4 site=70166E1C
gcalls seq=001963 caller=QUEST1 target=70168717 DIST                 argc=4 site=70166E1C
gcalls seq=001965 caller=QUEST2 target=70168717 DIST                 argc=4 site=70166E1C
gcalls seq=001969 caller=QUEST2 target=70168717 DIST                 argc=4 site=70166E1C
gcalls seq=001973 caller=QUEST1 target=70168717 DIST                 argc=4 site=70166E1C
gcalls seq=001974 caller=QUEST1 target=70168717 DIST                 argc=4 site=70166E1C
gcalls seq=001975 caller=QUEST1 target=70168717 DIST                 argc=4 site=70166E1C
gcalls seq=001976 caller=QUEST2 target=70168717 DIST                 argc=4 site=70166E1C
gcalls seq=001980 caller=QUEST2 target=70168717 DIST                 argc=4 site=70166E1C
gcalls seq=001984 caller=QUEST2 target=70168717 DIST                 argc=4 site=70166E1C
gcalls seq=001988 caller=QUEST1 target=70168717 DIST                 argc=4 site=70166E1C
gcalls seq=001989 caller=QUEST2 target=70168717 DIST                 argc=4 site=70166E1C
gcalls seq=001992 caller=QUEST1 target=70168717 DIST                 argc=4 site=70166E1C
gcalls seq=001993 caller=QUEST1 target=70168717 DIST                 argc=4 site=70166E1C
gcalls seq=001995 caller=QUEST2 target=70168717 DIST                 argc=4 site=70166E1C
gcalls seq=001999 caller=QUEST2 target=70168717 DIST                 argc=4 site=70166E1C
gcalls seq=002003 caller=QUEST1 target=70168717 DIST                 argc=4 site=70166E1C
gcalls seq=002004 caller=QUEST1 target=70168717 DIST                 argc=4 site=70166E1C
gcalls seq=002005 caller=QUEST1 target=70168717 DIST                 argc=4 site=70166E1C
gcalls seq=002006 caller=QUEST2 target=70168717 DIST                 argc=4 site=70166E1C
gcalls seq=002010 caller=QUEST2 target=70168717 DIST                 argc=4 site=70166E1C
gcalls seq=002014 caller=QUEST2 target=70168717 DIST                 argc=4 site=70166E1C
gcalls seq=002018 caller=QUEST1 target=70168717 DIST                 argc=4 site=70166E1C
gcalls seq=002019 caller=QUEST2 target=70168717 DIST                 argc=4 site=70166E1C
gcalls seq=002022 caller=QUEST1 target=70168717 DIST                 argc=4 site=70166E1C
gcalls seq=002023 caller=QUEST1 target=70168717 DIST                 argc=4 site=70166E1C
gcalls seq=002025 caller=QUEST2 target=70168717 DIST                 argc=4 site=70166E1C
gcalls seq=002029 caller=QUEST2 target=70168717 DIST                 argc=4 site=70166E1C
gcalls seq=002033 caller=QUEST1 target=70168717 DIST                 argc=4 site=70166E1C
gcalls seq=002034 caller=QUEST1 target=70168717 DIST                 argc=4 site=70166E1C
gcalls seq=002035 caller=QUEST2 target=70168717 DIST                 argc=4 site=70166E1C
gcalls seq=002039 caller=QUEST2 target=70168717 DIST                 argc=4 site=70166E1C
gcalls seq=002043 caller=QUEST1 target=70168717 DIST                 argc=4 site=70166E1C
gcalls seq=002044 caller=QUEST2 target=70168717 DIST                 argc=4 site=70166E1C
gcalls seq=002048 caller=QUEST1 target=70168717 DIST                 argc=4 site=70166E1C
gcalls seq=002049 caller=QUEST1 target=70168717 DIST                 argc=4 site=70166E1C
gcalls seq=002050 caller=QUEST1 target=70168717 DIST                 argc=4 site=70166E1C
gcalls seq=002051 caller=QUEST2 target=70168717 DIST                 argc=4 site=70166E1C
gcalls seq=002055 caller=QUEST2 target=70168717 DIST                 argc=4 site=70166E1C
gcalls seq=002059 caller=QUEST2 target=70168717 DIST                 argc=4 site=70166E1C
gcalls seq=002063 caller=QUEST1 target=70168717 DIST                 argc=4 site=70166E1C
gcalls seq=002064 caller=QUEST1 target=70168717 DIST                 argc=4 site=70166E1C
gcalls seq=002065 caller=QUEST2 target=70168717 DIST                 argc=4 site=70166E1C
gcalls seq=002069 caller=QUEST2 target=70168717 DIST                 argc=4 site=70166E1C
gcalls seq=002073 caller=QUEST1 target=70168717 DIST                 argc=4 site=70166E1C
gcalls seq=002074 caller=QUEST2 target=70168717 DIST                 argc=4 site=70166E1C
gcalls seq=002078 caller=QUEST1 target=70168717 DIST                 argc=4 site=70166E1C
gcalls seq=002079 caller=QUEST1 target=70168717 DIST                 argc=4 site=70166E1C
gcalls seq=002080 caller=QUEST1 target=70168717 DIST                 argc=4 site=70166E1C
gcalls seq=002081 caller=QUEST2 target=70168717 DIST                 argc=4 site=70166E1C
gcalls seq=002085 caller=QUEST2 target=70168717 DIST                 argc=4 site=70166E1C
gcalls seq=002089 caller=QUEST2 target=70168717 DIST                 argc=4 site=70166E1C
gcalls seq=002093 caller=QUEST1 target=70168717 DIST                 argc=4 site=70166E1C
gcalls seq=002094 caller=QUEST1 target=70168717 DIST                 argc=4 site=70166E1C
gcalls seq=002095 caller=QUEST2 target=70168717 DIST                 argc=4 site=70166E1C
gcalls seq=002099 caller=QUEST2 target=70168717 DIST                 argc=4 site=70166E1C
gcalls seq=002103 caller=QUEST1 target=70168717 DIST                 argc=4 site=70166E1C
gcalls seq=002104 caller=QUEST2 target=70168717 DIST                 argc=4 site=70166E1C
gcalls seq=002108 caller=QUEST1 target=70168717 DIST                 argc=4 site=70166E1C
gcalls seq=002109 caller=QUEST1 target=70168717 DIST                 argc=4 site=70166E1C
gcalls seq=002110 caller=QUEST1 target=70168717 DIST                 argc=4 site=70166E1C
gcalls seq=002111 caller=QUEST2 target=70168717 DIST                 argc=4 site=70166E1C
gcalls seq=002115 caller=QUEST2 target=70168717 DIST                 argc=4 site=70166E1C
gcalls seq=002119 caller=QUEST2 target=70168717 DIST                 argc=4 site=70166E1C
gcalls seq=002123 caller=QUEST1 target=70168717 DIST                 argc=4 site=70166E1C
gcalls seq=002124 caller=QUEST1 target=70168717 DIST                 argc=4 site=70166E1C
gcalls seq=002125 caller=QUEST2 target=70168717 DIST                 argc=4 site=70166E1C
gcalls seq=002129 caller=QUEST2 target=70168717 DIST                 argc=4 site=70166E1C
gcalls seq=002133 caller=QUEST1 target=70168717 DIST                 argc=4 site=70166E1C
gcalls seq=002134 caller=QUEST2 target=70168717 DIST                 argc=4 site=70166E1C
gcalls seq=002138 caller=QUEST1 target=70168717 DIST                 argc=4 site=70166E1C
gcalls seq=002139 caller=QUEST1 target=70168717 DIST                 argc=4 site=70166E1C
gcalls seq=002140 caller=QUEST1 target=70168717 DIST                 argc=4 site=70166E1C
gcalls seq=002141 caller=QUEST2 target=70168717 DIST                 argc=4 site=70166E1C
gcalls seq=002145 caller=QUEST2 target=70168717 DIST                 argc=4 site=70166E1C
gcalls seq=002149 caller=QUEST2 target=70168717 DIST                 argc=4 site=70166E1C
gcalls seq=002153 caller=QUEST1 target=70168717 DIST                 argc=4 site=70166E1C
gcalls seq=002154 caller=QUEST1 target=70168717 DIST                 argc=4 site=70166E1C
gcalls seq=002155 caller=QUEST2 target=70168717 DIST                 argc=4 site=70166E1C
gcalls seq=002159 caller=QUEST2 target=70168717 DIST                 argc=4 site=70166E1C
gcalls seq=002163 caller=QUEST1 target=70168717 DIST                 argc=4 site=70166E1C
gcalls seq=002164 caller=QUEST2 target=70168717 DIST                 argc=4 site=70166E1C
gcalls seq=002168 caller=QUEST1 target=70168717 DIST                 argc=4 site=70166E1C
gcalls seq=002169 caller=QUEST1 target=70168717 DIST                 argc=4 site=70166E1C
gcalls seq=002170 caller=QUEST1 target=70168717 DIST                 argc=4 site=70166E1C
gcalls seq=002171 caller=QUEST2 target=70168717 DIST                 argc=4 site=70166E1C
gcalls seq=002175 caller=QUEST2 target=70168717 DIST                 argc=4 site=70166E1C
gcalls seq=002179 caller=QUEST2 target=70168717 DIST                 argc=4 site=70166E1C
gcalls seq=002183 caller=QUEST1 target=70168717 DIST                 argc=4 site=70166E1C
gcalls seq=002184 caller=QUEST1 target=70168717 DIST                 argc=4 site=70166E1C
gcalls seq=002185 caller=QUEST2 target=70168717 DIST                 argc=4 site=70166E1C
gcalls seq=002189 caller=QUEST2 target=70168717 DIST                 argc=4 site=70166E1C
gcalls seq=002193 caller=QUEST1 target=70168717 DIST                 argc=4 site=70166E1C
gcalls seq=002194 caller=QUEST2 target=70168717 DIST                 argc=4 site=70166E1C
gcalls seq=002198 caller=QUEST1 target=70168717 DIST                 argc=4 site=70166E1C
gcalls seq=002199 caller=QUEST1 target=70168717 DIST                 argc=4 site=70166E1C
gcalls seq=002200 caller=QUEST1 target=70168717 DIST                 argc=4 site=70166E1C
gcalls seq=002201 caller=QUEST2 target=70168717 DIST                 argc=4 site=70166E1C
gcalls seq=002205 caller=QUEST2 target=70168717 DIST                 argc=4 site=70166E1C
gcalls seq=002209 caller=QUEST2 target=70168717 DIST                 argc=4 site=70166E1C
gcalls seq=002213 caller=QUEST1 target=70168717 DIST                 argc=4 site=70166E1C
gcalls seq=002214 caller=QUEST2 target=70168717 DIST                 argc=4 site=70166E1C
gcalls seq=002218 caller=QUEST1 target=70168717 DIST                 argc=4 site=70166E1C
gcalls seq=002219 caller=QUEST1 target=70168717 DIST                 argc=4 site=70166E1C
gcalls seq=002220 caller=QUEST2 target=70168717 DIST                 argc=4 site=70166E1C
gcalls seq=002224 caller=QUEST2 target=70168717 DIST                 argc=4 site=70166E1C
gcalls seq=002228 caller=QUEST1 target=70168717 DIST                 argc=4 site=70166E1C
gcalls seq=002229 caller=QUEST1 target=70168717 DIST                 argc=4 site=70166E1C
gcalls seq=002230 caller=QUEST1 target=70168717 DIST                 argc=4 site=70166E1C
gcalls seq=002231 caller=QUEST2 target=70168717 DIST                 argc=4 site=70166E1C
gcalls seq=002235 caller=QUEST2 target=70168717 DIST                 argc=4 site=70166E1C
gcalls seq=002239 caller=QUEST2 target=70168717 DIST                 argc=4 site=70166E1C
gcalls seq=002243 caller=QUEST1 target=70168717 DIST                 argc=4 site=70166E1C
gcalls seq=002244 caller=QUEST2 target=70168717 DIST                 argc=4 site=70166E1C
gcalls seq=002248 caller=QUEST1 target=70168717 DIST                 argc=4 site=70166E1C
gcalls seq=002249 caller=QUEST1 target=70168717 DIST                 argc=4 site=70166E1C
gcalls seq=002250 caller=QUEST2 target=70168717 DIST                 argc=4 site=70166E1C
gcalls seq=002254 caller=QUEST2 target=70168717 DIST                 argc=4 site=70166E1C
gcalls seq=002258 caller=QUEST1 target=70168717 DIST                 argc=4 site=70166E1C
gcalls seq=002259 caller=QUEST1 target=70168717 DIST                 argc=4 site=70166E1C
gcalls seq=002260 caller=QUEST1 target=70168717 DIST                 argc=4 site=70166E1C
gcalls seq=002261 caller=QUEST2 target=70168717 DIST                 argc=4 site=70166E1C
gcalls seq=002265 caller=QUEST2 target=70168717 DIST                 argc=4 site=70166E1C
gcalls seq=002269 caller=QUEST2 target=70168717 DIST                 argc=4 site=70166E1C
gcalls seq=002273 caller=QUEST1 target=70168717 DIST                 argc=4 site=70166E1C
gcalls seq=002274 caller=QUEST2 target=70168717 DIST                 argc=4 site=70166E1C
gcalls seq=002278 caller=QUEST1 target=70168717 DIST                 argc=4 site=70166E1C
gcalls seq=002279 caller=QUEST1 target=70168717 DIST                 argc=4 site=70166E1C
gcalls seq=002280 caller=QUEST2 target=70168717 DIST                 argc=4 site=70166E1C
gcalls seq=002284 caller=QUEST2 target=70168717 DIST                 argc=4 site=70166E1C
gcalls seq=002288 caller=QUEST1 target=70168717 DIST                 argc=4 site=70166E1C
gcalls seq=002289 caller=QUEST1 target=70168717 DIST                 argc=4 site=70166E1C
gcalls seq=002290 caller=QUEST1 target=70168717 DIST                 argc=4 site=70166E1C
gcalls seq=002291 caller=QUEST2 target=70168717 DIST                 argc=4 site=70166E1C
gcalls seq=002295 caller=QUEST2 target=70168717 DIST                 argc=4 site=70166E1C
gcalls seq=002299 caller=QUEST2 target=70168717 DIST                 argc=4 site=70166E1C
gcalls seq=002303 caller=QUEST1 target=70168717 DIST                 argc=4 site=70166E1C
gcalls seq=002304 caller=QUEST2 target=70168717 DIST                 argc=4 site=70166E1C
gcalls seq=002308 caller=QUEST1 target=70168717 DIST                 argc=4 site=70166E1C
gcalls seq=002309 caller=QUEST1 target=70168717 DIST                 argc=4 site=70166E1C
gcalls seq=002310 caller=QUEST2 target=70168717 DIST                 argc=4 site=70166E1C
gcalls seq=002314 caller=QUEST2 target=70168717 DIST                 argc=4 site=70166E1C
gcalls seq=002318 caller=QUEST1 target=70168717 DIST                 argc=4 site=70166E1C
gcalls seq=002319 caller=QUEST1 target=70168717 DIST                 argc=4 site=70166E1C
gcalls seq=002320 caller=QUEST1 target=70168717 DIST                 argc=4 site=70166E1C
gcalls seq=002321 caller=QUEST2 target=70168717 DIST                 argc=4 site=70166E1C
gcalls seq=002325 caller=QUEST2 target=70168717 DIST                 argc=4 site=70166E1C
gcalls seq=002329 caller=QUEST2 target=70168717 DIST                 argc=4 site=70166E1C
gcalls seq=002333 caller=QUEST1 target=70168717 DIST                 argc=4 site=70166E1C
gcalls seq=002334 caller=QUEST2 target=70168717 DIST                 argc=4 site=70166E1C
gcalls seq=002338 caller=QUEST1 target=70168717 DIST                 argc=4 site=70166E1C
gcalls seq=002339 caller=QUEST1 target=70168717 DIST                 argc=4 site=70166E1C
gcalls seq=002340 caller=QUEST2 target=70168717 DIST                 argc=4 site=70166E1C
gcalls seq=002344 caller=QUEST2 target=70168717 DIST                 argc=4 site=70166E1C
gcalls seq=002348 caller=QUEST1 target=70168717 DIST                 argc=4 site=70166E1C
gcalls seq=002349 caller=QUEST1 target=70168717 DIST                 argc=4 site=70166E1C
gcalls seq=002350 caller=QUEST1 target=70168717 DIST                 argc=4 site=70166E1C
gcalls seq=002351 caller=QUEST2 target=70168717 DIST                 argc=4 site=70166E1C
gcalls seq=002355 caller=QUEST2 target=70168717 DIST                 argc=4 site=70166E1C
gcalls seq=002359 caller=QUEST2 target=70168717 DIST                 argc=4 site=70166E1C
gcalls seq=002363 caller=QUEST1 target=70168717 DIST                 argc=4 site=70166E1C
gcalls seq=002364 caller=QUEST1 target=70168717 DIST                 argc=4 site=70166E1C
gcalls seq=002365 caller=QUEST1 target=70168717 DIST                 argc=4 site=70166E1C
gcalls seq=002366 caller=QUEST2 target=70168717 DIST                 argc=4 site=70166E1C
gcalls seq=002370 caller=QUEST2 target=70168717 DIST                 argc=4 site=70166E1C
gcalls seq=002374 caller=QUEST2 target=70168717 DIST                 argc=4 site=70166E1C
gcalls seq=002378 caller=QUEST1 target=70168717 DIST                 argc=4 site=70166E1C
gcalls seq=002379 caller=QUEST1 target=70168717 DIST                 argc=4 site=70166E1C
gcalls seq=002380 caller=QUEST1 target=70168717 DIST                 argc=4 site=70166E1C
gcalls seq=002381 caller=QUEST2 target=70168717 DIST                 argc=4 site=70166E1C
gcalls seq=002385 caller=QUEST2 target=70168717 DIST                 argc=4 site=70166E1C
gcalls seq=002389 caller=QUEST2 target=70168717 DIST                 argc=4 site=70166E1C
gcalls seq=002393 caller=QUEST1 target=70168717 DIST                 argc=4 site=70166E1C
gcalls seq=002394 caller=QUEST1 target=70168717 DIST                 argc=4 site=70166E1C
gcalls seq=002395 caller=QUEST1 target=70168717 DIST                 argc=4 site=70166E1C
gcalls seq=002396 caller=QUEST2 target=70168717 DIST                 argc=4 site=70166E1C
gcalls seq=002400 caller=QUEST2 target=70168717 DIST                 argc=4 site=70166E1C
gcalls seq=002404 caller=QUEST2 target=70168717 DIST                 argc=4 site=70166E1C
gcalls seq=002408 caller=QUEST1 target=70168717 DIST                 argc=4 site=70166E1C
gcalls seq=002409 caller=QUEST1 target=70168717 DIST                 argc=4 site=70166E1C
gcalls seq=002410 caller=QUEST1 target=70168717 DIST                 argc=4 site=70166E1C
gcalls seq=002411 caller=QUEST2 target=70168717 DIST                 argc=4 site=70166E1C
gcalls seq=002415 caller=QUEST2 target=70168717 DIST                 argc=4 site=70166E1C
gcalls seq=002419 caller=QUEST2 target=70168717 DIST                 argc=4 site=70166E1C
gcalls seq=002423 caller=QUEST1 target=70168717 DIST                 argc=4 site=70166E1C
gcalls seq=002424 caller=QUEST1 target=70168717 DIST                 argc=4 site=70166E1C
gcalls seq=002425 caller=QUEST1 target=70168717 DIST                 argc=4 site=70166E1C
gcalls seq=002426 caller=QUEST2 target=70168717 DIST                 argc=4 site=70166E1C
gcalls seq=002430 caller=QUEST2 target=70168717 DIST                 argc=4 site=70166E1C
gcalls seq=002434 caller=QUEST2 target=70168717 DIST                 argc=4 site=70166E1C
gcalls seq=002438 caller=QUEST1 target=70168717 DIST                 argc=4 site=70166E1C
gcalls seq=002439 caller=QUEST1 target=70168717 DIST                 argc=4 site=70166E1C
gcalls seq=002440 caller=QUEST1 target=70168717 DIST                 argc=4 site=70166E1C
gcalls seq=002441 caller=QUEST2 target=70168717 DIST                 argc=4 site=70166E1C
gcalls seq=002445 caller=QUEST2 target=70168717 DIST                 argc=4 site=70166E1C
gcalls seq=002449 caller=QUEST2 target=70168717 DIST                 argc=4 site=70166E1C
gcalls seq=002453 caller=QUEST1 target=70168717 DIST                 argc=4 site=70166E1C
gcalls seq=002454 caller=QUEST1 target=70168717 DIST                 argc=4 site=70166E1C
gcalls seq=002455 caller=QUEST1 target=70168717 DIST                 argc=4 site=70166E1C
gcalls seq=002456 caller=QUEST2 target=70168717 DIST                 argc=4 site=70166E1C
gcalls seq=002460 caller=QUEST2 target=70168717 DIST                 argc=4 site=70166E1C
gcalls seq=002464 caller=QUEST2 target=70168717 DIST                 argc=4 site=70166E1C
gcalls seq=002468 caller=QUEST1 target=70168717 DIST                 argc=4 site=70166E1C
gcalls seq=002469 caller=QUEST1 target=70168717 DIST                 argc=4 site=70166E1C
gcalls seq=002470 caller=QUEST1 target=70168717 DIST                 argc=4 site=70166E1C
gcalls seq=002471 caller=QUEST2 target=70168717 DIST                 argc=4 site=70166E1C
gcalls seq=002475 caller=QUEST2 target=70168717 DIST                 argc=4 site=70166E1C
gcalls seq=002479 caller=QUEST2 target=70168717 DIST                 argc=4 site=70166E1C
gcalls seq=002483 caller=QUEST1 target=70168717 DIST                 argc=4 site=70166E1C
gcalls seq=002484 caller=QUEST1 target=70168717 DIST                 argc=4 site=70166E1C
gcalls seq=002485 caller=QUEST1 target=70168717 DIST                 argc=4 site=70166E1C
gcalls seq=002486 caller=QUEST2 target=70168717 DIST                 argc=4 site=70166E1C
gcalls seq=002490 caller=QUEST2 target=70168717 DIST                 argc=4 site=70166E1C
gcalls seq=002494 caller=QUEST2 target=70168717 DIST                 argc=4 site=70166E1C
gcalls seq=002498 caller=QUEST1 target=70168717 DIST                 argc=4 site=70166E1C
gcalls seq=002499 caller=QUEST1 target=70168717 DIST                 argc=4 site=70166E1C
gcalls seq=002500 caller=QUEST1 target=70168717 DIST                 argc=4 site=70166E1C
gcalls seq=002501 caller=QUEST2 target=70168717 DIST                 argc=4 site=70166E1C
gcalls seq=002505 caller=QUEST2 target=70168717 DIST                 argc=4 site=70166E1C
gcalls seq=002509 caller=QUEST2 target=70168717 DIST                 argc=4 site=70166E1C
gcalls seq=002513 caller=QUEST1 target=70168717 DIST                 argc=4 site=70166E1C
gcalls seq=002514 caller=QUEST1 target=70168717 DIST                 argc=4 site=70166E1C
gcalls seq=002515 caller=QUEST1 target=70168717 DIST                 argc=4 site=70166E1C
gcalls seq=002516 caller=QUEST2 target=70168717 DIST                 argc=4 site=70166E1C
gcalls seq=002520 caller=QUEST2 target=70168717 DIST                 argc=4 site=70166E1C
gcalls seq=002524 caller=QUEST2 target=70168717 DIST                 argc=4 site=70166E1C
gcalls seq=002535 caller=QUEST1 target=7017CD71 TERRITORY            argc=6 site=701670EE
gcalls seq=002536 caller=QUEST2 target=7017CD71 TERRITORY            argc=6 site=701670EE
gcalls seq=002600 caller=QUEST1 target=701674B5 DISPLAY_INVENTORY    argc=1 site=7016BD33
gcalls seq=002601 caller=QUEST2 target=701674B5 DISPLAY_INVENTORY    argc=1 site=7016BD33
gcalls seq=002798 caller=QUEST1 target=7017C877 TERRAIN              argc=9 site=7015C518
gcalls seq=002799 caller=QUEST1 target=7017821F START_TURN           argc=0 site=7015C5DC
gcalls seq=002800 caller=QUEST2 target=7017C877 TERRAIN              argc=9 site=7015C518
gcalls seq=002801 caller=QUEST2 target=7017821F START_TURN           argc=0 site=7015C5DC
gcalls seq=002810 caller=QUEST1 target=7016AA35 GET_INPUT            argc=1 site=7017826C
gcalls seq=002811 caller=QUEST2 target=7016AA35 GET_INPUT            argc=1 site=7017826C
gcalls seq=002833 caller=QUEST1 target=7016AA35 GET_INPUT            argc=1 site=7017826C
gcalls seq=002834 caller=QUEST2 target=7016AA35 GET_INPUT            argc=1 site=7017826C
gcalls seq=002842 caller=QUEST1 target=70175CBF OWNS                 argc=2 site=70178537
gcalls seq=002843 caller=QUEST1 target=7017A695 STORMS_AT_SEA        argc=1 site=70178808
gcalls seq=002844 caller=QUEST2 target=70175CBF OWNS                 argc=2 site=70178537
gcalls seq=002847 caller=QUEST2 target=7017A695 STORMS_AT_SEA        argc=1 site=70178808
gcalls seq=002848 caller=QUEST1 target=7016FC67 MOVE_FAMILIAR        argc=1 site=7017880F
gcalls seq=002849 caller=QUEST1 target=70177BED SIGNAL_TURN          argc=0 site=7017883D
gcalls seq=002850 caller=QUEST2 target=7016FC67 MOVE_FAMILIAR        argc=1 site=7017880F
gcalls seq=002851 caller=QUEST2 target=70177BED SIGNAL_TURN          argc=0 site=7017883D
gcalls seq=002859 caller=QUEST1 target=70169B0F LOCK_FILE            argc=2 site=70177F0B
gcalls seq=002860 caller=QUEST2 target=70169B0F LOCK_FILE            argc=2 site=70177F0B
gcalls seq=002875 caller=QUEST1 target=70176797 REGEN_SPELLS         argc=0 site=70178865
gcalls seq=002876 caller=QUEST2 target=70176797 REGEN_SPELLS         argc=0 site=70178865
gcalls seq=002877 caller=QUEST1 target=70166AF9 DISPLAY_SCREEN       argc=1 site=701788CE
gcalls seq=002878 caller=QUEST2 target=70166AF9 DISPLAY_SCREEN       argc=1 site=701788CE
gcalls seq=002879 caller=QUEST1 target=70168717 DIST                 argc=4 site=70166B86
gcalls seq=002880 caller=QUEST1 target=70168717 DIST                 argc=4 site=70166B86
gcalls seq=002881 caller=QUEST1 target=70168717 DIST                 argc=4 site=70166B86
gcalls seq=002882 caller=QUEST2 target=70168717 DIST                 argc=4 site=70166B86
gcalls seq=002886 caller=QUEST2 target=70168717 DIST                 argc=4 site=70166B86
gcalls seq=002890 caller=QUEST2 target=70168717 DIST                 argc=4 site=70166B86
gcalls seq=002894 caller=QUEST1 target=70168717 DIST                 argc=4 site=70166E1C
gcalls seq=002895 caller=QUEST1 target=70168717 DIST                 argc=4 site=70166E1C
gcalls seq=002896 caller=QUEST1 target=70168717 DIST                 argc=4 site=70166E1C
gcalls seq=002897 caller=QUEST2 target=70168717 DIST                 argc=4 site=70166E1C
gcalls seq=002901 caller=QUEST2 target=70168717 DIST                 argc=4 site=70166E1C
gcalls seq=002905 caller=QUEST2 target=70168717 DIST                 argc=4 site=70166E1C
gcalls seq=002909 caller=QUEST1 target=70168717 DIST                 argc=4 site=70166E1C
gcalls seq=002910 caller=QUEST1 target=70168717 DIST                 argc=4 site=70166E1C
gcalls seq=002911 caller=QUEST1 target=70168717 DIST                 argc=4 site=70166E1C
gcalls seq=002912 caller=QUEST2 target=70168717 DIST                 argc=4 site=70166E1C
gcalls seq=002916 caller=QUEST2 target=70168717 DIST                 argc=4 site=70166E1C
gcalls seq=002920 caller=QUEST2 target=70168717 DIST                 argc=4 site=70166E1C
gcalls seq=002924 caller=QUEST1 target=70168717 DIST                 argc=4 site=70166E1C
gcalls seq=002925 caller=QUEST1 target=70168717 DIST                 argc=4 site=70166E1C
gcalls seq=002926 caller=QUEST2 target=70168717 DIST                 argc=4 site=70166E1C
gcalls seq=002930 caller=QUEST2 target=70168717 DIST                 argc=4 site=70166E1C
gcalls seq=002932 caller=QUEST1 target=70168717 DIST                 argc=4 site=70166E1C
gcalls seq=002935 caller=QUEST2 target=70168717 DIST                 argc=4 site=70166E1C
gcalls seq=002939 caller=QUEST1 target=70168717 DIST                 argc=4 site=70166E1C
gcalls seq=002940 caller=QUEST1 target=70168717 DIST                 argc=4 site=70166E1C
gcalls seq=002941 caller=QUEST1 target=70168717 DIST                 argc=4 site=70166E1C
gcalls seq=002942 caller=QUEST2 target=70168717 DIST                 argc=4 site=70166E1C
gcalls seq=002946 caller=QUEST2 target=70168717 DIST                 argc=4 site=70166E1C
gcalls seq=002950 caller=QUEST2 target=70168717 DIST                 argc=4 site=70166E1C
gcalls seq=002954 caller=QUEST1 target=70168717 DIST                 argc=4 site=70166E1C
gcalls seq=002955 caller=QUEST1 target=70168717 DIST                 argc=4 site=70166E1C
gcalls seq=002956 caller=QUEST1 target=70168717 DIST                 argc=4 site=70166E1C
gcalls seq=002957 caller=QUEST2 target=70168717 DIST                 argc=4 site=70166E1C
gcalls seq=002961 caller=QUEST2 target=70168717 DIST                 argc=4 site=70166E1C
gcalls seq=002965 caller=QUEST2 target=70168717 DIST                 argc=4 site=70166E1C
gcalls seq=002968 caller=QUEST1 target=70168717 DIST                 argc=4 site=70166E1C
gcalls seq=002970 caller=QUEST2 target=70168717 DIST                 argc=4 site=70166E1C
gcalls seq=002973 caller=QUEST1 target=70168717 DIST                 argc=4 site=70166E1C
gcalls seq=002974 caller=QUEST1 target=70168717 DIST                 argc=4 site=70166E1C
gcalls seq=002976 caller=QUEST2 target=70168717 DIST                 argc=4 site=70166E1C
gcalls seq=002980 caller=QUEST2 target=70168717 DIST                 argc=4 site=70166E1C
gcalls seq=002984 caller=QUEST1 target=70168717 DIST                 argc=4 site=70166E1C
gcalls seq=002985 caller=QUEST1 target=70168717 DIST                 argc=4 site=70166E1C
gcalls seq=002986 caller=QUEST1 target=70168717 DIST                 argc=4 site=70166E1C
gcalls seq=002987 caller=QUEST2 target=70168717 DIST                 argc=4 site=70166E1C
gcalls seq=002991 caller=QUEST2 target=70168717 DIST                 argc=4 site=70166E1C
gcalls seq=002995 caller=QUEST2 target=70168717 DIST                 argc=4 site=70166E1C
gcalls seq=002999 caller=QUEST1 target=70168717 DIST                 argc=4 site=70166E1C
gcalls seq=003000 caller=QUEST1 target=70168717 DIST                 argc=4 site=70166E1C
gcalls seq=003001 caller=QUEST2 target=70168717 DIST                 argc=4 site=70166E1C
gcalls seq=003005 caller=QUEST2 target=70168717 DIST                 argc=4 site=70166E1C
gcalls seq=003008 caller=QUEST1 target=70168717 DIST                 argc=4 site=70166E1C
gcalls seq=003010 caller=QUEST2 target=70168717 DIST                 argc=4 site=70166E1C
gcalls seq=003014 caller=QUEST1 target=70168717 DIST                 argc=4 site=70166E1C
gcalls seq=003015 caller=QUEST1 target=70168717 DIST                 argc=4 site=70166E1C
gcalls seq=003016 caller=QUEST1 target=70168717 DIST                 argc=4 site=70166E1C
gcalls seq=003017 caller=QUEST2 target=70168717 DIST                 argc=4 site=70166E1C
gcalls seq=003021 caller=QUEST2 target=70168717 DIST                 argc=4 site=70166E1C
gcalls seq=003025 caller=QUEST2 target=70168717 DIST                 argc=4 site=70166E1C
gcalls seq=003029 caller=QUEST1 target=70168717 DIST                 argc=4 site=70166E1C
gcalls seq=003030 caller=QUEST1 target=70168717 DIST                 argc=4 site=70166E1C
gcalls seq=003031 caller=QUEST1 target=70168717 DIST                 argc=4 site=70166E1C
gcalls seq=003032 caller=QUEST2 target=70168717 DIST                 argc=4 site=70166E1C
gcalls seq=003036 caller=QUEST2 target=70168717 DIST                 argc=4 site=70166E1C
gcalls seq=003040 caller=QUEST2 target=70168717 DIST                 argc=4 site=70166E1C
gcalls seq=003044 caller=QUEST1 target=70168717 DIST                 argc=4 site=70166E1C
gcalls seq=003045 caller=QUEST2 target=70168717 DIST                 argc=4 site=70166E1C
gcalls seq=003049 caller=QUEST1 target=70168717 DIST                 argc=4 site=70166E1C
gcalls seq=003050 caller=QUEST1 target=70168717 DIST                 argc=4 site=70166E1C
gcalls seq=003051 caller=QUEST2 target=70168717 DIST                 argc=4 site=70166E1C
gcalls seq=003055 caller=QUEST2 target=70168717 DIST                 argc=4 site=70166E1C
gcalls seq=003059 caller=QUEST1 target=70168717 DIST                 argc=4 site=70166E1C
gcalls seq=003060 caller=QUEST1 target=70168717 DIST                 argc=4 site=70166E1C
gcalls seq=003061 caller=QUEST1 target=70168717 DIST                 argc=4 site=70166E1C
gcalls seq=003062 caller=QUEST2 target=70168717 DIST                 argc=4 site=70166E1C
gcalls seq=003066 caller=QUEST2 target=70168717 DIST                 argc=4 site=70166E1C
gcalls seq=003070 caller=QUEST2 target=70168717 DIST                 argc=4 site=70166E1C
gcalls seq=003074 caller=QUEST1 target=70168717 DIST                 argc=4 site=70166E1C
gcalls seq=003075 caller=QUEST1 target=70168717 DIST                 argc=4 site=70166E1C
gcalls seq=003076 caller=QUEST1 target=70168717 DIST                 argc=4 site=70166E1C
gcalls seq=003077 caller=QUEST2 target=70168717 DIST                 argc=4 site=70166E1C
gcalls seq=003081 caller=QUEST2 target=70168717 DIST                 argc=4 site=70166E1C
gcalls seq=003085 caller=QUEST2 target=70168717 DIST                 argc=4 site=70166E1C
gcalls seq=003089 caller=QUEST1 target=70168717 DIST                 argc=4 site=70166E1C
gcalls seq=003090 caller=QUEST1 target=70168717 DIST                 argc=4 site=70166E1C
gcalls seq=003091 caller=QUEST2 target=70168717 DIST                 argc=4 site=70166E1C
gcalls seq=003095 caller=QUEST2 target=70168717 DIST                 argc=4 site=70166E1C
gcalls seq=003099 caller=QUEST1 target=70168717 DIST                 argc=4 site=70166E1C
gcalls seq=003100 caller=QUEST2 target=70168717 DIST                 argc=4 site=70166E1C
gcalls seq=003104 caller=QUEST1 target=70168717 DIST                 argc=4 site=70166E1C
gcalls seq=003105 caller=QUEST1 target=70168717 DIST                 argc=4 site=70166E1C
gcalls seq=003106 caller=QUEST1 target=70168717 DIST                 argc=4 site=70166E1C
gcalls seq=003107 caller=QUEST2 target=70168717 DIST                 argc=4 site=70166E1C
gcalls seq=003111 caller=QUEST2 target=70168717 DIST                 argc=4 site=70166E1C
gcalls seq=003115 caller=QUEST2 target=70168717 DIST                 argc=4 site=70166E1C
gcalls seq=003119 caller=QUEST1 target=70168717 DIST                 argc=4 site=70166E1C
gcalls seq=003120 caller=QUEST1 target=70168717 DIST                 argc=4 site=70166E1C
gcalls seq=003121 caller=QUEST1 target=70168717 DIST                 argc=4 site=70166E1C
gcalls seq=003122 caller=QUEST2 target=70168717 DIST                 argc=4 site=70166E1C
gcalls seq=003126 caller=QUEST2 target=70168717 DIST                 argc=4 site=70166E1C
gcalls seq=003130 caller=QUEST2 target=70168717 DIST                 argc=4 site=70166E1C
gcalls seq=003134 caller=QUEST1 target=70168717 DIST                 argc=4 site=70166E1C
gcalls seq=003135 caller=QUEST1 target=70168717 DIST                 argc=4 site=70166E1C
gcalls seq=003136 caller=QUEST2 target=70168717 DIST                 argc=4 site=70166E1C
gcalls seq=003140 caller=QUEST2 target=70168717 DIST                 argc=4 site=70166E1C
gcalls seq=003142 caller=QUEST1 target=70168717 DIST                 argc=4 site=70166E1C
gcalls seq=003145 caller=QUEST2 target=70168717 DIST                 argc=4 site=70166E1C
gcalls seq=003149 caller=QUEST1 target=70168717 DIST                 argc=4 site=70166E1C
gcalls seq=003150 caller=QUEST1 target=70168717 DIST                 argc=4 site=70166E1C
gcalls seq=003151 caller=QUEST1 target=70168717 DIST                 argc=4 site=70166E1C
gcalls seq=003152 caller=QUEST2 target=70168717 DIST                 argc=4 site=70166E1C
gcalls seq=003156 caller=QUEST2 target=70168717 DIST                 argc=4 site=70166E1C
gcalls seq=003160 caller=QUEST2 target=70168717 DIST                 argc=4 site=70166E1C
gcalls seq=003164 caller=QUEST1 target=70168717 DIST                 argc=4 site=70166E1C
gcalls seq=003165 caller=QUEST1 target=70168717 DIST                 argc=4 site=70166E1C
gcalls seq=003166 caller=QUEST1 target=70168717 DIST                 argc=4 site=70166E1C
gcalls seq=003167 caller=QUEST2 target=70168717 DIST                 argc=4 site=70166E1C
gcalls seq=003171 caller=QUEST2 target=70168717 DIST                 argc=4 site=70166E1C
gcalls seq=003175 caller=QUEST2 target=70168717 DIST                 argc=4 site=70166E1C
gcalls seq=003178 caller=QUEST1 target=70168717 DIST                 argc=4 site=70166E1C
gcalls seq=003180 caller=QUEST2 target=70168717 DIST                 argc=4 site=70166E1C
gcalls seq=003183 caller=QUEST1 target=70168717 DIST                 argc=4 site=70166E1C
gcalls seq=003184 caller=QUEST1 target=70168717 DIST                 argc=4 site=70166E1C
gcalls seq=003186 caller=QUEST2 target=70168717 DIST                 argc=4 site=70166E1C
gcalls seq=003190 caller=QUEST2 target=70168717 DIST                 argc=4 site=70166E1C
gcalls seq=003194 caller=QUEST1 target=70168717 DIST                 argc=4 site=70166E1C
gcalls seq=003195 caller=QUEST1 target=70168717 DIST                 argc=4 site=70166E1C
gcalls seq=003196 caller=QUEST1 target=70168717 DIST                 argc=4 site=70166E1C
gcalls seq=003197 caller=QUEST2 target=70168717 DIST                 argc=4 site=70166E1C
gcalls seq=003201 caller=QUEST2 target=70168717 DIST                 argc=4 site=70166E1C
gcalls seq=003205 caller=QUEST2 target=70168717 DIST                 argc=4 site=70166E1C
gcalls seq=003209 caller=QUEST1 target=70168717 DIST                 argc=4 site=70166E1C
gcalls seq=003210 caller=QUEST1 target=70168717 DIST                 argc=4 site=70166E1C
gcalls seq=003211 caller=QUEST2 target=70168717 DIST                 argc=4 site=70166E1C
gcalls seq=003215 caller=QUEST2 target=70168717 DIST                 argc=4 site=70166E1C
gcalls seq=003219 caller=QUEST1 target=70168717 DIST                 argc=4 site=70166E1C
gcalls seq=003220 caller=QUEST2 target=70168717 DIST                 argc=4 site=70166E1C
gcalls seq=003224 caller=QUEST1 target=70168717 DIST                 argc=4 site=70166E1C
gcalls seq=003225 caller=QUEST1 target=70168717 DIST                 argc=4 site=70166E1C
gcalls seq=003226 caller=QUEST1 target=70168717 DIST                 argc=4 site=70166E1C
gcalls seq=003227 caller=QUEST2 target=70168717 DIST                 argc=4 site=70166E1C
gcalls seq=003231 caller=QUEST2 target=70168717 DIST                 argc=4 site=70166E1C
gcalls seq=003235 caller=QUEST2 target=70168717 DIST                 argc=4 site=70166E1C
gcalls seq=003239 caller=QUEST1 target=70168717 DIST                 argc=4 site=70166E1C
gcalls seq=003240 caller=QUEST1 target=70168717 DIST                 argc=4 site=70166E1C
gcalls seq=003241 caller=QUEST2 target=70168717 DIST                 argc=4 site=70166E1C
gcalls seq=003245 caller=QUEST2 target=70168717 DIST                 argc=4 site=70166E1C
gcalls seq=003249 caller=QUEST1 target=70168717 DIST                 argc=4 site=70166E1C
gcalls seq=003250 caller=QUEST2 target=70168717 DIST                 argc=4 site=70166E1C
gcalls seq=003254 caller=QUEST1 target=70168717 DIST                 argc=4 site=70166E1C
gcalls seq=003255 caller=QUEST1 target=70168717 DIST                 argc=4 site=70166E1C
gcalls seq=003256 caller=QUEST1 target=70168717 DIST                 argc=4 site=70166E1C
gcalls seq=003257 caller=QUEST2 target=70168717 DIST                 argc=4 site=70166E1C
gcalls seq=003261 caller=QUEST2 target=70168717 DIST                 argc=4 site=70166E1C
gcalls seq=003265 caller=QUEST2 target=70168717 DIST                 argc=4 site=70166E1C
gcalls seq=003269 caller=QUEST1 target=70168717 DIST                 argc=4 site=70166E1C
gcalls seq=003270 caller=QUEST1 target=70168717 DIST                 argc=4 site=70166E1C
gcalls seq=003271 caller=QUEST1 target=70168717 DIST                 argc=4 site=70166E1C
gcalls seq=003272 caller=QUEST2 target=70168717 DIST                 argc=4 site=70166E1C
gcalls seq=003276 caller=QUEST2 target=70168717 DIST                 argc=4 site=70166E1C
gcalls seq=003280 caller=QUEST2 target=70168717 DIST                 argc=4 site=70166E1C
gcalls seq=003284 caller=QUEST1 target=70168717 DIST                 argc=4 site=70166E1C
gcalls seq=003285 caller=QUEST2 target=70168717 DIST                 argc=4 site=70166E1C
gcalls seq=003289 caller=QUEST1 target=70168717 DIST                 argc=4 site=70166E1C
gcalls seq=003290 caller=QUEST1 target=70168717 DIST                 argc=4 site=70166E1C
gcalls seq=003291 caller=QUEST2 target=70168717 DIST                 argc=4 site=70166E1C
gcalls seq=003295 caller=QUEST2 target=70168717 DIST                 argc=4 site=70166E1C
gcalls seq=003299 caller=QUEST1 target=70168717 DIST                 argc=4 site=70166E1C
gcalls seq=003300 caller=QUEST1 target=70168717 DIST                 argc=4 site=70166E1C
gcalls seq=003301 caller=QUEST1 target=70168717 DIST                 argc=4 site=70166E1C
gcalls seq=003302 caller=QUEST2 target=70168717 DIST                 argc=4 site=70166E1C
gcalls seq=003306 caller=QUEST2 target=70168717 DIST                 argc=4 site=70166E1C
gcalls seq=003310 caller=QUEST2 target=70168717 DIST                 argc=4 site=70166E1C
gcalls seq=003314 caller=QUEST1 target=70168717 DIST                 argc=4 site=70166E1C
gcalls seq=003315 caller=QUEST2 target=70168717 DIST                 argc=4 site=70166E1C
gcalls seq=003317 caller=QUEST1 target=70168717 DIST                 argc=4 site=70166E1C
gcalls seq=003318 caller=QUEST1 target=70168717 DIST                 argc=4 site=70166E1C
gcalls seq=003321 caller=QUEST2 target=70168717 DIST                 argc=4 site=70166E1C
gcalls seq=003325 caller=QUEST2 target=70168717 DIST                 argc=4 site=70166E1C
gcalls seq=003329 caller=QUEST1 target=70168717 DIST                 argc=4 site=70166E1C
gcalls seq=003330 caller=QUEST1 target=70168717 DIST                 argc=4 site=70166E1C
gcalls seq=003331 caller=QUEST1 target=70168717 DIST                 argc=4 site=70166E1C
gcalls seq=003332 caller=QUEST2 target=70168717 DIST                 argc=4 site=70166E1C
gcalls seq=003336 caller=QUEST2 target=70168717 DIST                 argc=4 site=70166E1C
gcalls seq=003340 caller=QUEST2 target=70168717 DIST                 argc=4 site=70166E1C
gcalls seq=003344 caller=QUEST1 target=70168717 DIST                 argc=4 site=70166E1C
gcalls seq=003345 caller=QUEST1 target=70168717 DIST                 argc=4 site=70166E1C
gcalls seq=003346 caller=QUEST2 target=70168717 DIST                 argc=4 site=70166E1C
gcalls seq=003350 caller=QUEST2 target=70168717 DIST                 argc=4 site=70166E1C
gcalls seq=003353 caller=QUEST1 target=70168717 DIST                 argc=4 site=70166E1C
gcalls seq=003355 caller=QUEST2 target=70168717 DIST                 argc=4 site=70166E1C
gcalls seq=003359 caller=QUEST1 target=70168717 DIST                 argc=4 site=70166E1C
gcalls seq=003360 caller=QUEST1 target=70168717 DIST                 argc=4 site=70166E1C
gcalls seq=003361 caller=QUEST1 target=70168717 DIST                 argc=4 site=70166E1C
gcalls seq=003362 caller=QUEST2 target=70168717 DIST                 argc=4 site=70166E1C
gcalls seq=003366 caller=QUEST2 target=70168717 DIST                 argc=4 site=70166E1C
gcalls seq=003370 caller=QUEST2 target=70168717 DIST                 argc=4 site=70166E1C
gcalls seq=003374 caller=QUEST1 target=70168717 DIST                 argc=4 site=70166E1C
gcalls seq=003375 caller=QUEST1 target=70168717 DIST                 argc=4 site=70166E1C
gcalls seq=003376 caller=QUEST1 target=70168717 DIST                 argc=4 site=70166E1C
gcalls seq=003377 caller=QUEST2 target=70168717 DIST                 argc=4 site=70166E1C
gcalls seq=003381 caller=QUEST2 target=70168717 DIST                 argc=4 site=70166E1C
gcalls seq=003385 caller=QUEST2 target=70168717 DIST                 argc=4 site=70166E1C
gcalls seq=003389 caller=QUEST1 target=70168717 DIST                 argc=4 site=70166E1C
gcalls seq=003390 caller=QUEST1 target=70168717 DIST                 argc=4 site=70166E1C
gcalls seq=003391 caller=QUEST1 target=70168717 DIST                 argc=4 site=70166E1C
gcalls seq=003392 caller=QUEST2 target=70168717 DIST                 argc=4 site=70166E1C
gcalls seq=003396 caller=QUEST2 target=70168717 DIST                 argc=4 site=70166E1C
gcalls seq=003400 caller=QUEST2 target=70168717 DIST                 argc=4 site=70166E1C
gcalls seq=003404 caller=QUEST1 target=70168717 DIST                 argc=4 site=70166E1C
gcalls seq=003405 caller=QUEST1 target=70168717 DIST                 argc=4 site=70166E1C
gcalls seq=003406 caller=QUEST2 target=70168717 DIST                 argc=4 site=70166E1C
gcalls seq=003410 caller=QUEST2 target=70168717 DIST                 argc=4 site=70166E1C
gcalls seq=003414 caller=QUEST1 target=70168717 DIST                 argc=4 site=70166E1C
gcalls seq=003415 caller=QUEST2 target=70168717 DIST                 argc=4 site=70166E1C
gcalls seq=003419 caller=QUEST1 target=70168717 DIST                 argc=4 site=70166E1C
gcalls seq=003420 caller=QUEST1 target=70168717 DIST                 argc=4 site=70166E1C
gcalls seq=003421 caller=QUEST1 target=70168717 DIST                 argc=4 site=70166E1C
gcalls seq=003422 caller=QUEST2 target=70168717 DIST                 argc=4 site=70166E1C
gcalls seq=003426 caller=QUEST2 target=70168717 DIST                 argc=4 site=70166E1C
gcalls seq=003430 caller=QUEST2 target=70168717 DIST                 argc=4 site=70166E1C
gcalls seq=003434 caller=QUEST1 target=70168717 DIST                 argc=4 site=70166E1C
gcalls seq=003435 caller=QUEST1 target=70168717 DIST                 argc=4 site=70166E1C
gcalls seq=003436 caller=QUEST1 target=70168717 DIST                 argc=4 site=70166E1C
gcalls seq=003437 caller=QUEST2 target=70168717 DIST                 argc=4 site=70166E1C
gcalls seq=003441 caller=QUEST2 target=70168717 DIST                 argc=4 site=70166E1C
gcalls seq=003445 caller=QUEST2 target=70168717 DIST                 argc=4 site=70166E1C
gcalls seq=003449 caller=QUEST1 target=70168717 DIST                 argc=4 site=70166E1C
gcalls seq=003450 caller=QUEST2 target=70168717 DIST                 argc=4 site=70166E1C
gcalls seq=003454 caller=QUEST1 target=70168717 DIST                 argc=4 site=70166E1C
gcalls seq=003455 caller=QUEST1 target=70168717 DIST                 argc=4 site=70166E1C
gcalls seq=003456 caller=QUEST2 target=70168717 DIST                 argc=4 site=70166E1C
gcalls seq=003460 caller=QUEST2 target=70168717 DIST                 argc=4 site=70166E1C
gcalls seq=003464 caller=QUEST1 target=70168717 DIST                 argc=4 site=70166E1C
gcalls seq=003465 caller=QUEST1 target=70168717 DIST                 argc=4 site=70166E1C
gcalls seq=003466 caller=QUEST1 target=70168717 DIST                 argc=4 site=70166E1C
gcalls seq=003467 caller=QUEST2 target=70168717 DIST                 argc=4 site=70166E1C
gcalls seq=003471 caller=QUEST2 target=70168717 DIST                 argc=4 site=70166E1C
gcalls seq=003475 caller=QUEST2 target=70168717 DIST                 argc=4 site=70166E1C
gcalls seq=003479 caller=QUEST1 target=70168717 DIST                 argc=4 site=70166E1C
gcalls seq=003480 caller=QUEST1 target=70168717 DIST                 argc=4 site=70166E1C
gcalls seq=003481 caller=QUEST2 target=70168717 DIST                 argc=4 site=70166E1C
gcalls seq=003485 caller=QUEST2 target=70168717 DIST                 argc=4 site=70166E1C
gcalls seq=003488 caller=QUEST1 target=70168717 DIST                 argc=4 site=70166E1C
gcalls seq=003490 caller=QUEST2 target=70168717 DIST                 argc=4 site=70166E1C
gcalls seq=003494 caller=QUEST1 target=70168717 DIST                 argc=4 site=70166E1C
gcalls seq=003495 caller=QUEST1 target=70168717 DIST                 argc=4 site=70166E1C
gcalls seq=003496 caller=QUEST1 target=70168717 DIST                 argc=4 site=70166E1C
gcalls seq=003497 caller=QUEST2 target=70168717 DIST                 argc=4 site=70166E1C
gcalls seq=003501 caller=QUEST2 target=70168717 DIST                 argc=4 site=70166E1C
gcalls seq=003505 caller=QUEST2 target=70168717 DIST                 argc=4 site=70166E1C
gcalls seq=003509 caller=QUEST1 target=70168717 DIST                 argc=4 site=70166E1C
gcalls seq=003510 caller=QUEST1 target=70168717 DIST                 argc=4 site=70166E1C
gcalls seq=003511 caller=QUEST1 target=70168717 DIST                 argc=4 site=70166E1C
gcalls seq=003512 caller=QUEST2 target=70168717 DIST                 argc=4 site=70166E1C
gcalls seq=003516 caller=QUEST2 target=70168717 DIST                 argc=4 site=70166E1C
gcalls seq=003520 caller=QUEST2 target=70168717 DIST                 argc=4 site=70166E1C
gcalls seq=003523 caller=QUEST1 target=70168717 DIST                 argc=4 site=70166E1C
gcalls seq=003525 caller=QUEST2 target=70168717 DIST                 argc=4 site=70166E1C
gcalls seq=003528 caller=QUEST1 target=70168717 DIST                 argc=4 site=70166E1C
gcalls seq=003529 caller=QUEST1 target=70168717 DIST                 argc=4 site=70166E1C
gcalls seq=003531 caller=QUEST2 target=70168717 DIST                 argc=4 site=70166E1C
gcalls seq=003535 caller=QUEST2 target=70168717 DIST                 argc=4 site=70166E1C
gcalls seq=003539 caller=QUEST1 target=70168717 DIST                 argc=4 site=70166E1C
gcalls seq=003540 caller=QUEST1 target=70168717 DIST                 argc=4 site=70166E1C
gcalls seq=003541 caller=QUEST1 target=70168717 DIST                 argc=4 site=70166E1C
gcalls seq=003542 caller=QUEST2 target=70168717 DIST                 argc=4 site=70166E1C
gcalls seq=003546 caller=QUEST2 target=70168717 DIST                 argc=4 site=70166E1C
gcalls seq=003550 caller=QUEST2 target=70168717 DIST                 argc=4 site=70166E1C
gcalls seq=003554 caller=QUEST1 target=70168717 DIST                 argc=4 site=70166E1C
gcalls seq=003555 caller=QUEST2 target=70168717 DIST                 argc=4 site=70166E1C
gcalls seq=003559 caller=QUEST1 target=70168717 DIST                 argc=4 site=70166E1C
gcalls seq=003560 caller=QUEST1 target=70168717 DIST                 argc=4 site=70166E1C
gcalls seq=003561 caller=QUEST2 target=70168717 DIST                 argc=4 site=70166E1C
gcalls seq=003565 caller=QUEST2 target=70168717 DIST                 argc=4 site=70166E1C
gcalls seq=003569 caller=QUEST1 target=70168717 DIST                 argc=4 site=70166E1C
gcalls seq=003570 caller=QUEST1 target=70168717 DIST                 argc=4 site=70166E1C
gcalls seq=003571 caller=QUEST1 target=70168717 DIST                 argc=4 site=70166E1C
gcalls seq=003572 caller=QUEST2 target=70168717 DIST                 argc=4 site=70166E1C
gcalls seq=003576 caller=QUEST2 target=70168717 DIST                 argc=4 site=70166E1C
gcalls seq=003580 caller=QUEST2 target=70168717 DIST                 argc=4 site=70166E1C
gcalls seq=003584 caller=QUEST1 target=70168717 DIST                 argc=4 site=70166E1C
gcalls seq=003585 caller=QUEST1 target=70168717 DIST                 argc=4 site=70166E1C
gcalls seq=003586 caller=QUEST2 target=70168717 DIST                 argc=4 site=70166E1C
gcalls seq=003590 caller=QUEST2 target=70168717 DIST                 argc=4 site=70166E1C
gcalls seq=003594 caller=QUEST1 target=70168717 DIST                 argc=4 site=70166E1C
gcalls seq=003595 caller=QUEST2 target=70168717 DIST                 argc=4 site=70166E1C
gcalls seq=003599 caller=QUEST1 target=70168717 DIST                 argc=4 site=70166E1C
gcalls seq=003600 caller=QUEST1 target=70168717 DIST                 argc=4 site=70166E1C
gcalls seq=003601 caller=QUEST1 target=70168717 DIST                 argc=4 site=70166E1C
gcalls seq=003602 caller=QUEST2 target=70168717 DIST                 argc=4 site=70166E1C
gcalls seq=003606 caller=QUEST2 target=70168717 DIST                 argc=4 site=70166E1C
gcalls seq=003610 caller=QUEST2 target=70168717 DIST                 argc=4 site=70166E1C
gcalls seq=003614 caller=QUEST1 target=70168717 DIST                 argc=4 site=70166E1C
gcalls seq=003615 caller=QUEST1 target=70168717 DIST                 argc=4 site=70166E1C
gcalls seq=003616 caller=QUEST1 target=70168717 DIST                 argc=4 site=70166E1C
gcalls seq=003617 caller=QUEST2 target=70168717 DIST                 argc=4 site=70166E1C
gcalls seq=003621 caller=QUEST2 target=70168717 DIST                 argc=4 site=70166E1C
gcalls seq=003625 caller=QUEST2 target=70168717 DIST                 argc=4 site=70166E1C
gcalls seq=003629 caller=QUEST1 target=70168717 DIST                 argc=4 site=70166E1C
gcalls seq=003630 caller=QUEST2 target=70168717 DIST                 argc=4 site=70166E1C
gcalls seq=003632 caller=QUEST1 target=70168717 DIST                 argc=4 site=70166E1C
gcalls seq=003633 caller=QUEST1 target=70168717 DIST                 argc=4 site=70166E1C
gcalls seq=003636 caller=QUEST2 target=70168717 DIST                 argc=4 site=70166E1C
gcalls seq=003640 caller=QUEST2 target=70168717 DIST                 argc=4 site=70166E1C
gcalls seq=003644 caller=QUEST1 target=70168717 DIST                 argc=4 site=70166E1C
gcalls seq=003645 caller=QUEST1 target=70168717 DIST                 argc=4 site=70166E1C
gcalls seq=003646 caller=QUEST1 target=70168717 DIST                 argc=4 site=70166E1C
gcalls seq=003647 caller=QUEST2 target=70168717 DIST                 argc=4 site=70166E1C
gcalls seq=003651 caller=QUEST2 target=70168717 DIST                 argc=4 site=70166E1C
gcalls seq=003655 caller=QUEST2 target=70168717 DIST                 argc=4 site=70166E1C
gcalls seq=003659 caller=QUEST1 target=70168717 DIST                 argc=4 site=70166E1C
gcalls seq=003660 caller=QUEST1 target=70168717 DIST                 argc=4 site=70166E1C
gcalls seq=003661 caller=QUEST2 target=70168717 DIST                 argc=4 site=70166E1C
gcalls seq=003665 caller=QUEST2 target=70168717 DIST                 argc=4 site=70166E1C
gcalls seq=003668 caller=QUEST1 target=70168717 DIST                 argc=4 site=70166E1C
gcalls seq=003670 caller=QUEST2 target=70168717 DIST                 argc=4 site=70166E1C
gcalls seq=003674 caller=QUEST1 target=70168717 DIST                 argc=4 site=70166E1C
gcalls seq=003675 caller=QUEST1 target=70168717 DIST                 argc=4 site=70166E1C
gcalls seq=003676 caller=QUEST1 target=70168717 DIST                 argc=4 site=70166E1C
gcalls seq=003677 caller=QUEST2 target=70168717 DIST                 argc=4 site=70166E1C
gcalls seq=003681 caller=QUEST2 target=70168717 DIST                 argc=4 site=70166E1C
gcalls seq=003685 caller=QUEST2 target=70168717 DIST                 argc=4 site=70166E1C
gcalls seq=003689 caller=QUEST1 target=70168717 DIST                 argc=4 site=70166E1C
gcalls seq=003690 caller=QUEST1 target=70168717 DIST                 argc=4 site=70166E1C
gcalls seq=003691 caller=QUEST1 target=70168717 DIST                 argc=4 site=70166E1C
gcalls seq=003692 caller=QUEST2 target=70168717 DIST                 argc=4 site=70166E1C
gcalls seq=003696 caller=QUEST2 target=70168717 DIST                 argc=4 site=70166E1C
gcalls seq=003700 caller=QUEST2 target=70168717 DIST                 argc=4 site=70166E1C
gcalls seq=003703 caller=QUEST1 target=70168717 DIST                 argc=4 site=70166E1C
gcalls seq=003705 caller=QUEST2 target=70168717 DIST                 argc=4 site=70166E1C
gcalls seq=003708 caller=QUEST1 target=70168717 DIST                 argc=4 site=70166E1C
gcalls seq=003709 caller=QUEST1 target=70168717 DIST                 argc=4 site=70166E1C
gcalls seq=003711 caller=QUEST2 target=70168717 DIST                 argc=4 site=70166E1C
gcalls seq=003715 caller=QUEST2 target=70168717 DIST                 argc=4 site=70166E1C
gcalls seq=003719 caller=QUEST1 target=70168717 DIST                 argc=4 site=70166E1C
gcalls seq=003720 caller=QUEST1 target=70168717 DIST                 argc=4 site=70166E1C
gcalls seq=003721 caller=QUEST1 target=70168717 DIST                 argc=4 site=70166E1C
gcalls seq=003722 caller=QUEST2 target=70168717 DIST                 argc=4 site=70166E1C
gcalls seq=003726 caller=QUEST2 target=70168717 DIST                 argc=4 site=70166E1C
gcalls seq=003730 caller=QUEST2 target=70168717 DIST                 argc=4 site=70166E1C
gcalls seq=003734 caller=QUEST1 target=70168717 DIST                 argc=4 site=70166E1C
gcalls seq=003735 caller=QUEST2 target=70168717 DIST                 argc=4 site=70166E1C
gcalls seq=003739 caller=QUEST1 target=70168717 DIST                 argc=4 site=70166E1C
gcalls seq=003740 caller=QUEST1 target=70168717 DIST                 argc=4 site=70166E1C
gcalls seq=003741 caller=QUEST2 target=70168717 DIST                 argc=4 site=70166E1C
gcalls seq=003745 caller=QUEST2 target=70168717 DIST                 argc=4 site=70166E1C
gcalls seq=003749 caller=QUEST1 target=70168717 DIST                 argc=4 site=70166E1C
gcalls seq=003750 caller=QUEST1 target=70168717 DIST                 argc=4 site=70166E1C
gcalls seq=003751 caller=QUEST1 target=70168717 DIST                 argc=4 site=70166E1C
gcalls seq=003752 caller=QUEST2 target=70168717 DIST                 argc=4 site=70166E1C
gcalls seq=003756 caller=QUEST2 target=70168717 DIST                 argc=4 site=70166E1C
gcalls seq=003760 caller=QUEST2 target=70168717 DIST                 argc=4 site=70166E1C
gcalls seq=003764 caller=QUEST1 target=70168717 DIST                 argc=4 site=70166E1C
gcalls seq=003765 caller=QUEST1 target=70168717 DIST                 argc=4 site=70166E1C
gcalls seq=003766 caller=QUEST2 target=70168717 DIST                 argc=4 site=70166E1C
gcalls seq=003770 caller=QUEST2 target=70168717 DIST                 argc=4 site=70166E1C
gcalls seq=003774 caller=QUEST1 target=70168717 DIST                 argc=4 site=70166E1C
gcalls seq=003775 caller=QUEST2 target=70168717 DIST                 argc=4 site=70166E1C
gcalls seq=003779 caller=QUEST1 target=70168717 DIST                 argc=4 site=70166E1C
gcalls seq=003780 caller=QUEST1 target=70168717 DIST                 argc=4 site=70166E1C
gcalls seq=003781 caller=QUEST1 target=70168717 DIST                 argc=4 site=70166E1C
gcalls seq=003782 caller=QUEST2 target=70168717 DIST                 argc=4 site=70166E1C
gcalls seq=003786 caller=QUEST2 target=70168717 DIST                 argc=4 site=70166E1C
gcalls seq=003790 caller=QUEST2 target=70168717 DIST                 argc=4 site=70166E1C
gcalls seq=003794 caller=QUEST1 target=70168717 DIST                 argc=4 site=70166E1C
gcalls seq=003795 caller=QUEST1 target=70168717 DIST                 argc=4 site=70166E1C
gcalls seq=003796 caller=QUEST1 target=70168717 DIST                 argc=4 site=70166E1C
gcalls seq=003797 caller=QUEST2 target=70168717 DIST                 argc=4 site=70166E1C
gcalls seq=003801 caller=QUEST2 target=70168717 DIST                 argc=4 site=70166E1C
gcalls seq=003805 caller=QUEST2 target=70168717 DIST                 argc=4 site=70166E1C
gcalls seq=003809 caller=QUEST1 target=70168717 DIST                 argc=4 site=70166E1C
gcalls seq=003810 caller=QUEST1 target=70168717 DIST                 argc=4 site=70166E1C
gcalls seq=003811 caller=QUEST2 target=70168717 DIST                 argc=4 site=70166E1C
gcalls seq=003815 caller=QUEST2 target=70168717 DIST                 argc=4 site=70166E1C
gcalls seq=003817 caller=QUEST1 target=70168717 DIST                 argc=4 site=70166E1C
gcalls seq=003820 caller=QUEST2 target=70168717 DIST                 argc=4 site=70166E1C
gcalls seq=003824 caller=QUEST1 target=70168717 DIST                 argc=4 site=70166E1C
gcalls seq=003825 caller=QUEST1 target=70168717 DIST                 argc=4 site=70166E1C
gcalls seq=003826 caller=QUEST1 target=70168717 DIST                 argc=4 site=70166E1C
gcalls seq=003827 caller=QUEST2 target=70168717 DIST                 argc=4 site=70166E1C
gcalls seq=003831 caller=QUEST2 target=70168717 DIST                 argc=4 site=70166E1C
gcalls seq=003835 caller=QUEST2 target=70168717 DIST                 argc=4 site=70166E1C
gcalls seq=003839 caller=QUEST1 target=70168717 DIST                 argc=4 site=70166E1C
gcalls seq=003840 caller=QUEST1 target=70168717 DIST                 argc=4 site=70166E1C
gcalls seq=003841 caller=QUEST1 target=70168717 DIST                 argc=4 site=70166E1C
gcalls seq=003842 caller=QUEST2 target=70168717 DIST                 argc=4 site=70166E1C
gcalls seq=003846 caller=QUEST2 target=70168717 DIST                 argc=4 site=70166E1C
gcalls seq=003850 caller=QUEST2 target=70168717 DIST                 argc=4 site=70166E1C
gcalls seq=003853 caller=QUEST1 target=70168717 DIST                 argc=4 site=70166E1C
gcalls seq=003855 caller=QUEST2 target=70168717 DIST                 argc=4 site=70166E1C
gcalls seq=003858 caller=QUEST1 target=70168717 DIST                 argc=4 site=70166E1C
gcalls seq=003859 caller=QUEST1 target=70168717 DIST                 argc=4 site=70166E1C
gcalls seq=003861 caller=QUEST2 target=70168717 DIST                 argc=4 site=70166E1C
gcalls seq=003865 caller=QUEST2 target=70168717 DIST                 argc=4 site=70166E1C
gcalls seq=003869 caller=QUEST1 target=70168717 DIST                 argc=4 site=70166E1C
gcalls seq=003870 caller=QUEST1 target=70168717 DIST                 argc=4 site=70166E1C
gcalls seq=003871 caller=QUEST1 target=70168717 DIST                 argc=4 site=70166E1C
gcalls seq=003872 caller=QUEST2 target=70168717 DIST                 argc=4 site=70166E1C
gcalls seq=003876 caller=QUEST2 target=70168717 DIST                 argc=4 site=70166E1C
gcalls seq=003880 caller=QUEST2 target=70168717 DIST                 argc=4 site=70166E1C
gcalls seq=003884 caller=QUEST1 target=70168717 DIST                 argc=4 site=70166E1C
gcalls seq=003885 caller=QUEST2 target=70168717 DIST                 argc=4 site=70166E1C
gcalls seq=003889 caller=QUEST1 target=70168717 DIST                 argc=4 site=70166E1C
gcalls seq=003890 caller=QUEST1 target=70168717 DIST                 argc=4 site=70166E1C
gcalls seq=003891 caller=QUEST2 target=70168717 DIST                 argc=4 site=70166E1C
gcalls seq=003895 caller=QUEST2 target=70168717 DIST                 argc=4 site=70166E1C
gcalls seq=003899 caller=QUEST1 target=70168717 DIST                 argc=4 site=70166E1C
gcalls seq=003900 caller=QUEST1 target=70168717 DIST                 argc=4 site=70166E1C
gcalls seq=003901 caller=QUEST1 target=70168717 DIST                 argc=4 site=70166E1C
gcalls seq=003902 caller=QUEST2 target=70168717 DIST                 argc=4 site=70166E1C
gcalls seq=003906 caller=QUEST2 target=70168717 DIST                 argc=4 site=70166E1C
gcalls seq=003910 caller=QUEST2 target=70168717 DIST                 argc=4 site=70166E1C
gcalls seq=003914 caller=QUEST1 target=70168717 DIST                 argc=4 site=70166E1C
gcalls seq=003915 caller=QUEST1 target=70168717 DIST                 argc=4 site=70166E1C
gcalls seq=003916 caller=QUEST2 target=70168717 DIST                 argc=4 site=70166E1C
gcalls seq=003920 caller=QUEST2 target=70168717 DIST                 argc=4 site=70166E1C
gcalls seq=003924 caller=QUEST1 target=70168717 DIST                 argc=4 site=70166E1C
gcalls seq=003925 caller=QUEST2 target=70168717 DIST                 argc=4 site=70166E1C
gcalls seq=003929 caller=QUEST1 target=70168717 DIST                 argc=4 site=70166E1C
gcalls seq=003930 caller=QUEST1 target=70168717 DIST                 argc=4 site=70166E1C
gcalls seq=003931 caller=QUEST1 target=70168717 DIST                 argc=4 site=70166E1C
gcalls seq=003932 caller=QUEST2 target=70168717 DIST                 argc=4 site=70166E1C
gcalls seq=003936 caller=QUEST2 target=70168717 DIST                 argc=4 site=70166E1C
gcalls seq=003940 caller=QUEST2 target=70168717 DIST                 argc=4 site=70166E1C
gcalls seq=003944 caller=QUEST1 target=70168717 DIST                 argc=4 site=70166E1C
gcalls seq=003945 caller=QUEST1 target=70168717 DIST                 argc=4 site=70166E1C
gcalls seq=003946 caller=QUEST1 target=70168717 DIST                 argc=4 site=70166E1C
gcalls seq=003947 caller=QUEST2 target=70168717 DIST                 argc=4 site=70166E1C
gcalls seq=003951 caller=QUEST2 target=70168717 DIST                 argc=4 site=70166E1C
gcalls seq=003955 caller=QUEST2 target=70168717 DIST                 argc=4 site=70166E1C
gcalls seq=003959 caller=QUEST1 target=70168717 DIST                 argc=4 site=70166E1C
gcalls seq=003960 caller=QUEST2 target=70168717 DIST                 argc=4 site=70166E1C
gcalls seq=003964 caller=QUEST1 target=70168717 DIST                 argc=4 site=70166E1C
gcalls seq=003965 caller=QUEST1 target=70168717 DIST                 argc=4 site=70166E1C
gcalls seq=003966 caller=QUEST2 target=70168717 DIST                 argc=4 site=70166E1C
gcalls seq=003970 caller=QUEST2 target=70168717 DIST                 argc=4 site=70166E1C
gcalls seq=003974 caller=QUEST1 target=70168717 DIST                 argc=4 site=70166E1C
gcalls seq=003975 caller=QUEST1 target=70168717 DIST                 argc=4 site=70166E1C
gcalls seq=003976 caller=QUEST1 target=70168717 DIST                 argc=4 site=70166E1C
gcalls seq=003977 caller=QUEST2 target=70168717 DIST                 argc=4 site=70166E1C
gcalls seq=003981 caller=QUEST2 target=70168717 DIST                 argc=4 site=70166E1C
gcalls seq=003985 caller=QUEST2 target=70168717 DIST                 argc=4 site=70166E1C
gcalls seq=003989 caller=QUEST1 target=70168717 DIST                 argc=4 site=70166E1C
gcalls seq=003990 caller=QUEST1 target=70168717 DIST                 argc=4 site=70166E1C
gcalls seq=003991 caller=QUEST2 target=70168717 DIST                 argc=4 site=70166E1C
gcalls seq=003995 caller=QUEST2 target=70168717 DIST                 argc=4 site=70166E1C
gcalls seq=003999 caller=QUEST1 target=70168717 DIST                 argc=4 site=70166E1C
gcalls seq=004000 caller=QUEST1 target=70168717 DIST                 argc=4 site=70166E1C
gcalls seq=004001 caller=QUEST2 target=70168717 DIST                 argc=4 site=70166E1C
gcalls seq=004005 caller=QUEST2 target=70168717 DIST                 argc=4 site=70166E1C
gcalls seq=004007 caller=QUEST1 target=70168717 DIST                 argc=4 site=70166E1C
gcalls seq=004008 caller=QUEST1 target=70168717 DIST                 argc=4 site=70166E1C
gcalls seq=004011 caller=QUEST2 target=70168717 DIST                 argc=4 site=70166E1C
gcalls seq=004015 caller=QUEST2 target=70168717 DIST                 argc=4 site=70166E1C
gcalls seq=004019 caller=QUEST1 target=70168717 DIST                 argc=4 site=70166E1C
gcalls seq=004020 caller=QUEST1 target=70168717 DIST                 argc=4 site=70166E1C
gcalls seq=004021 caller=QUEST1 target=70168717 DIST                 argc=4 site=70166E1C
gcalls seq=004022 caller=QUEST2 target=70168717 DIST                 argc=4 site=70166E1C
gcalls seq=004026 caller=QUEST2 target=70168717 DIST                 argc=4 site=70166E1C
gcalls seq=004030 caller=QUEST2 target=70168717 DIST                 argc=4 site=70166E1C
gcalls seq=004034 caller=QUEST1 target=70168717 DIST                 argc=4 site=70166E1C
gcalls seq=004035 caller=QUEST1 target=70168717 DIST                 argc=4 site=70166E1C
gcalls seq=004036 caller=QUEST2 target=70168717 DIST                 argc=4 site=70166E1C
gcalls seq=004040 caller=QUEST2 target=70168717 DIST                 argc=4 site=70166E1C
gcalls seq=004043 caller=QUEST1 target=70168717 DIST                 argc=4 site=70166E1C
gcalls seq=004045 caller=QUEST2 target=70168717 DIST                 argc=4 site=70166E1C
gcalls seq=004049 caller=QUEST1 target=70168717 DIST                 argc=4 site=70166E1C
gcalls seq=004050 caller=QUEST1 target=70168717 DIST                 argc=4 site=70166E1C
gcalls seq=004051 caller=QUEST1 target=70168717 DIST                 argc=4 site=70166E1C
gcalls seq=004052 caller=QUEST2 target=70168717 DIST                 argc=4 site=70166E1C
gcalls seq=004056 caller=QUEST2 target=70168717 DIST                 argc=4 site=70166E1C
gcalls seq=004060 caller=QUEST2 target=70168717 DIST                 argc=4 site=70166E1C
gcalls seq=004064 caller=QUEST1 target=70168717 DIST                 argc=4 site=70166E1C
gcalls seq=004065 caller=QUEST1 target=70168717 DIST                 argc=4 site=70166E1C
gcalls seq=004066 caller=QUEST2 target=70168717 DIST                 argc=4 site=70166E1C
gcalls seq=004070 caller=QUEST2 target=70168717 DIST                 argc=4 site=70166E1C
gcalls seq=004073 caller=QUEST1 target=70168717 DIST                 argc=4 site=70166E1C
gcalls seq=004075 caller=QUEST2 target=70168717 DIST                 argc=4 site=70166E1C
gcalls seq=004079 caller=QUEST1 target=70168717 DIST                 argc=4 site=70166E1C
gcalls seq=004080 caller=QUEST1 target=70168717 DIST                 argc=4 site=70166E1C
gcalls seq=004081 caller=QUEST1 target=70168717 DIST                 argc=4 site=70166E1C
gcalls seq=004082 caller=QUEST2 target=70168717 DIST                 argc=4 site=70166E1C
gcalls seq=004086 caller=QUEST2 target=70168717 DIST                 argc=4 site=70166E1C
gcalls seq=004090 caller=QUEST2 target=70168717 DIST                 argc=4 site=70166E1C
gcalls seq=004094 caller=QUEST1 target=70168717 DIST                 argc=4 site=70166E1C
gcalls seq=004095 caller=QUEST1 target=70168717 DIST                 argc=4 site=70166E1C
gcalls seq=004096 caller=QUEST1 target=70168717 DIST                 argc=4 site=70166E1C
gcalls seq=004097 caller=QUEST2 target=70168717 DIST                 argc=4 site=70166E1C
gcalls seq=004101 caller=QUEST2 target=70168717 DIST                 argc=4 site=70166E1C
gcalls seq=004105 caller=QUEST2 target=70168717 DIST                 argc=4 site=70166E1C
gcalls seq=004109 caller=QUEST1 target=70168717 DIST                 argc=4 site=70166E1C
gcalls seq=004110 caller=QUEST2 target=70168717 DIST                 argc=4 site=70166E1C
gcalls seq=004114 caller=QUEST1 target=70168717 DIST                 argc=4 site=70166E1C
gcalls seq=004115 caller=QUEST1 target=70168717 DIST                 argc=4 site=70166E1C
gcalls seq=004116 caller=QUEST2 target=70168717 DIST                 argc=4 site=70166E1C
gcalls seq=004120 caller=QUEST2 target=70168717 DIST                 argc=4 site=70166E1C
gcalls seq=004124 caller=QUEST1 target=70168717 DIST                 argc=4 site=70166E1C
gcalls seq=004125 caller=QUEST1 target=70168717 DIST                 argc=4 site=70166E1C
gcalls seq=004126 caller=QUEST1 target=70168717 DIST                 argc=4 site=70166E1C
gcalls seq=004127 caller=QUEST2 target=70168717 DIST                 argc=4 site=70166E1C
gcalls seq=004131 caller=QUEST2 target=70168717 DIST                 argc=4 site=70166E1C
gcalls seq=004135 caller=QUEST2 target=70168717 DIST                 argc=4 site=70166E1C
gcalls seq=004139 caller=QUEST1 target=70168717 DIST                 argc=4 site=70166E1C
gcalls seq=004140 caller=QUEST1 target=70168717 DIST                 argc=4 site=70166E1C
gcalls seq=004141 caller=QUEST2 target=70168717 DIST                 argc=4 site=70166E1C
gcalls seq=004145 caller=QUEST2 target=70168717 DIST                 argc=4 site=70166E1C
gcalls seq=004149 caller=QUEST1 target=70168717 DIST                 argc=4 site=70166E1C
gcalls seq=004150 caller=QUEST2 target=70168717 DIST                 argc=4 site=70166E1C
gcalls seq=004154 caller=QUEST1 target=70168717 DIST                 argc=4 site=70166E1C
gcalls seq=004155 caller=QUEST1 target=70168717 DIST                 argc=4 site=70166E1C
gcalls seq=004156 caller=QUEST1 target=70168717 DIST                 argc=4 site=70166E1C
gcalls seq=004157 caller=QUEST2 target=70168717 DIST                 argc=4 site=70166E1C
gcalls seq=004161 caller=QUEST2 target=70168717 DIST                 argc=4 site=70166E1C
gcalls seq=004165 caller=QUEST2 target=70168717 DIST                 argc=4 site=70166E1C
gcalls seq=004169 caller=QUEST1 target=70168717 DIST                 argc=4 site=70166E1C
gcalls seq=004170 caller=QUEST1 target=70168717 DIST                 argc=4 site=70166E1C
gcalls seq=004171 caller=QUEST1 target=70168717 DIST                 argc=4 site=70166E1C
gcalls seq=004172 caller=QUEST2 target=70168717 DIST                 argc=4 site=70166E1C
gcalls seq=004176 caller=QUEST2 target=70168717 DIST                 argc=4 site=70166E1C
gcalls seq=004180 caller=QUEST2 target=70168717 DIST                 argc=4 site=70166E1C
gcalls seq=004184 caller=QUEST1 target=70168717 DIST                 argc=4 site=70166E1C
gcalls seq=004185 caller=QUEST2 target=70168717 DIST                 argc=4 site=70166E1C
gcalls seq=004189 caller=QUEST1 target=70168717 DIST                 argc=4 site=70166E1C
gcalls seq=004190 caller=QUEST1 target=70168717 DIST                 argc=4 site=70166E1C
gcalls seq=004191 caller=QUEST2 target=70168717 DIST                 argc=4 site=70166E1C
gcalls seq=004195 caller=QUEST2 target=70168717 DIST                 argc=4 site=70166E1C
gcalls seq=004199 caller=QUEST1 target=70168717 DIST                 argc=4 site=70166E1C
gcalls seq=004200 caller=QUEST1 target=70168717 DIST                 argc=4 site=70166E1C
gcalls seq=004201 caller=QUEST1 target=70168717 DIST                 argc=4 site=70166E1C
gcalls seq=004202 caller=QUEST2 target=70168717 DIST                 argc=4 site=70166E1C
gcalls seq=004206 caller=QUEST2 target=70168717 DIST                 argc=4 site=70166E1C
gcalls seq=004210 caller=QUEST2 target=70168717 DIST                 argc=4 site=70166E1C
gcalls seq=004214 caller=QUEST1 target=70168717 DIST                 argc=4 site=70166E1C
gcalls seq=004215 caller=QUEST1 target=70168717 DIST                 argc=4 site=70166E1C
gcalls seq=004216 caller=QUEST2 target=70168717 DIST                 argc=4 site=70166E1C
gcalls seq=004220 caller=QUEST2 target=70168717 DIST                 argc=4 site=70166E1C
gcalls seq=004223 caller=QUEST1 target=70168717 DIST                 argc=4 site=70166E1C
gcalls seq=004225 caller=QUEST2 target=70168717 DIST                 argc=4 site=70166E1C
gcalls seq=004229 caller=QUEST1 target=70168717 DIST                 argc=4 site=70166E1C
gcalls seq=004230 caller=QUEST1 target=70168717 DIST                 argc=4 site=70166E1C
gcalls seq=004231 caller=QUEST1 target=70168717 DIST                 argc=4 site=70166E1C
gcalls seq=004232 caller=QUEST2 target=70168717 DIST                 argc=4 site=70166E1C
gcalls seq=004236 caller=QUEST2 target=70168717 DIST                 argc=4 site=70166E1C
gcalls seq=004240 caller=QUEST2 target=70168717 DIST                 argc=4 site=70166E1C
gcalls seq=004244 caller=QUEST1 target=70168717 DIST                 argc=4 site=70166E1C
gcalls seq=004245 caller=QUEST1 target=70168717 DIST                 argc=4 site=70166E1C
gcalls seq=004246 caller=QUEST1 target=70168717 DIST                 argc=4 site=70166E1C
gcalls seq=004247 caller=QUEST2 target=70168717 DIST                 argc=4 site=70166E1C
gcalls seq=004251 caller=QUEST2 target=70168717 DIST                 argc=4 site=70166E1C
gcalls seq=004255 caller=QUEST2 target=70168717 DIST                 argc=4 site=70166E1C
gcalls seq=004258 caller=QUEST1 target=70168717 DIST                 argc=4 site=70166E1C
gcalls seq=004260 caller=QUEST2 target=70168717 DIST                 argc=4 site=70166E1C
gcalls seq=004263 caller=QUEST1 target=70168717 DIST                 argc=4 site=70166E1C
gcalls seq=004264 caller=QUEST1 target=70168717 DIST                 argc=4 site=70166E1C
gcalls seq=004266 caller=QUEST2 target=70168717 DIST                 argc=4 site=70166E1C
gcalls seq=004270 caller=QUEST2 target=70168717 DIST                 argc=4 site=70166E1C
gcalls seq=004274 caller=QUEST1 target=70168717 DIST                 argc=4 site=70166E1C
gcalls seq=004275 caller=QUEST1 target=70168717 DIST                 argc=4 site=70166E1C
gcalls seq=004276 caller=QUEST1 target=70168717 DIST                 argc=4 site=70166E1C
gcalls seq=004277 caller=QUEST2 target=70168717 DIST                 argc=4 site=70166E1C
gcalls seq=004281 caller=QUEST2 target=70168717 DIST                 argc=4 site=70166E1C
gcalls seq=004285 caller=QUEST2 target=70168717 DIST                 argc=4 site=70166E1C
gcalls seq=004289 caller=QUEST1 target=70168717 DIST                 argc=4 site=70166E1C
gcalls seq=004290 caller=QUEST1 target=70168717 DIST                 argc=4 site=70166E1C
gcalls seq=004291 caller=QUEST2 target=70168717 DIST                 argc=4 site=70166E1C
gcalls seq=004295 caller=QUEST2 target=70168717 DIST                 argc=4 site=70166E1C
gcalls seq=004299 caller=QUEST1 target=70168717 DIST                 argc=4 site=70166E1C
gcalls seq=004300 caller=QUEST2 target=70168717 DIST                 argc=4 site=70166E1C
gcalls seq=004304 caller=QUEST1 target=70168717 DIST                 argc=4 site=70166E1C
gcalls seq=004305 caller=QUEST1 target=70168717 DIST                 argc=4 site=70166E1C
gcalls seq=004306 caller=QUEST1 target=70168717 DIST                 argc=4 site=70166E1C
gcalls seq=004307 caller=QUEST2 target=70168717 DIST                 argc=4 site=70166E1C
gcalls seq=004311 caller=QUEST2 target=70168717 DIST                 argc=4 site=70166E1C
gcalls seq=004315 caller=QUEST2 target=70168717 DIST                 argc=4 site=70166E1C
gcalls seq=004319 caller=QUEST1 target=70168717 DIST                 argc=4 site=70166E1C
gcalls seq=004320 caller=QUEST1 target=70168717 DIST                 argc=4 site=70166E1C
gcalls seq=004321 caller=QUEST1 target=70168717 DIST                 argc=4 site=70166E1C
gcalls seq=004322 caller=QUEST2 target=70168717 DIST                 argc=4 site=70166E1C
gcalls seq=004326 caller=QUEST2 target=70168717 DIST                 argc=4 site=70166E1C
gcalls seq=004330 caller=QUEST2 target=70168717 DIST                 argc=4 site=70166E1C
gcalls seq=004334 caller=QUEST1 target=70168717 DIST                 argc=4 site=70166E1C
gcalls seq=004335 caller=QUEST2 target=70168717 DIST                 argc=4 site=70166E1C
gcalls seq=004339 caller=QUEST1 target=70168717 DIST                 argc=4 site=70166E1C
gcalls seq=004340 caller=QUEST1 target=70168717 DIST                 argc=4 site=70166E1C
gcalls seq=004341 caller=QUEST2 target=70168717 DIST                 argc=4 site=70166E1C
gcalls seq=004345 caller=QUEST2 target=70168717 DIST                 argc=4 site=70166E1C
gcalls seq=004349 caller=QUEST1 target=70168717 DIST                 argc=4 site=70166E1C
gcalls seq=004350 caller=QUEST1 target=70168717 DIST                 argc=4 site=70166E1C
gcalls seq=004351 caller=QUEST1 target=70168717 DIST                 argc=4 site=70166E1C
gcalls seq=004352 caller=QUEST2 target=70168717 DIST                 argc=4 site=70166E1C
gcalls seq=004356 caller=QUEST2 target=70168717 DIST                 argc=4 site=70166E1C
gcalls seq=004360 caller=QUEST2 target=70168717 DIST                 argc=4 site=70166E1C
gcalls seq=004364 caller=QUEST1 target=70168717 DIST                 argc=4 site=70166E1C
gcalls seq=004365 caller=QUEST1 target=70168717 DIST                 argc=4 site=70166E1C
gcalls seq=004366 caller=QUEST2 target=70168717 DIST                 argc=4 site=70166E1C
gcalls seq=004370 caller=QUEST2 target=70168717 DIST                 argc=4 site=70166E1C
gcalls seq=004374 caller=QUEST1 target=70168717 DIST                 argc=4 site=70166E1C
gcalls seq=004375 caller=QUEST1 target=7017CD71 TERRITORY            argc=6 site=701670EE
gcalls seq=004376 caller=QUEST2 target=70168717 DIST                 argc=4 site=70166E1C
gcalls seq=004380 caller=QUEST2 target=7017CD71 TERRITORY            argc=6 site=701670EE
gcalls seq=004423 caller=QUEST1 target=7017D0ED TOWER_ATTACK         argc=1 site=701788EB
gcalls seq=004424 caller=QUEST2 target=7017D0ED TOWER_ATTACK         argc=1 site=701788EB
gcalls seq=004432 caller=QUEST1 target=70176C0B REPORT               argc=0 site=701788EF
gcalls seq=004433 caller=QUEST1 target=7017B42F THIEF                argc=1 site=701788F6
gcalls seq=004434 caller=QUEST1 target=70161CBF CATAPULT             argc=1 site=701788FD
gcalls seq=004435 caller=QUEST2 target=70176C0B REPORT               argc=0 site=701788EF
gcalls seq=004436 caller=QUEST2 target=7017B42F THIEF                argc=1 site=701788F6
gcalls seq=004437 caller=QUEST2 target=70161CBF CATAPULT             argc=1 site=701788FD
gcalls seq=004438 caller=QUEST1 target=70165863 DEFEND               argc=0 site=7017892C
gcalls seq=004439 caller=QUEST2 target=70165863 DEFEND               argc=0 site=7017892C
gcalls seq=004440 caller=QUEST1 target=701674B5 DISPLAY_INVENTORY    argc=1 site=701789E0
gcalls seq=004441 caller=QUEST2 target=701674B5 DISPLAY_INVENTORY    argc=1 site=701789E0
gcalls seq=004442 caller=QUEST1 target=701674B5 DISPLAY_INVENTORY    argc=1 site=70178BF9
gcalls seq=004443 caller=QUEST2 target=701674B5 DISPLAY_INVENTORY    argc=1 site=70178BF9
gcalls seq=004451 caller=QUEST1 target=7016AA35 GET_INPUT            argc=1 site=70178C3B
gcalls seq=004452 caller=QUEST2 target=7016AA35 GET_INPUT            argc=1 site=70178C3B
gcalls seq=004481 caller=QUEST1 target=701674B5 DISPLAY_INVENTORY    argc=1 site=70178BF9
gcalls seq=004482 caller=QUEST2 target=701674B5 DISPLAY_INVENTORY    argc=1 site=70178BF9
gcalls seq=004490 caller=QUEST1 target=7016AA35 GET_INPUT            argc=1 site=70178C3B
gcalls seq=004491 caller=QUEST2 target=7016AA35 GET_INPUT            argc=1 site=70178C3B
gcalls seq=004520 caller=QUEST1 target=7015FA73 AUTO_MOVE            argc=2 site=70178D52
gcalls seq=004521 caller=QUEST2 target=7015FA73 AUTO_MOVE            argc=2 site=70178D52
gcalls seq=004530 caller=QUEST1 target=7016AA35 GET_INPUT            argc=1 site=7015FAA2
gcalls seq=004531 caller=QUEST2 target=7016AA35 GET_INPUT            argc=1 site=7015FAA2
gcalls seq=004553 caller=QUEST1 target=701766ED READ_IN              argc=0 site=7015FB7A
gcalls seq=004554 caller=QUEST2 target=701766ED READ_IN              argc=0 site=7015FB7A
gcalls seq=004580 caller=QUEST1 target=7017101D MOVE_PLAYER          argc=3 site=7017956C
gcalls seq=004581 caller=QUEST1 target=70175CBF OWNS                 argc=2 site=70171110
gcalls seq=004582 caller=QUEST1 target=70175CBF OWNS                 argc=2 site=70171124
gcalls seq=004583 caller=QUEST1 target=70175CBF OWNS                 argc=2 site=7017112F
gcalls seq=004584 caller=QUEST2 target=7017101D MOVE_PLAYER          argc=3 site=7017956C
gcalls seq=004585 caller=QUEST2 target=70175CBF OWNS                 argc=2 site=70171110
gcalls seq=004588 caller=QUEST2 target=70175CBF OWNS                 argc=2 site=70171124
gcalls seq=004591 caller=QUEST2 target=70175CBF OWNS                 argc=2 site=7017112F
gcalls seq=004593 caller=QUEST1 target=7017C877 TERRAIN              argc=9 site=7017118E
gcalls seq=004595 caller=QUEST2 target=7017C877 TERRAIN              argc=9 site=7017118E
gcalls seq=004610 caller=QUEST1 target=7017C877 TERRAIN              argc=9 site=70171333
gcalls seq=004611 caller=QUEST1 target=7016A88F FIND_OBJECT          argc=3 site=7017233F
gcalls seq=004612 caller=QUEST2 target=7017C877 TERRAIN              argc=9 site=70171333
gcalls seq=004613 caller=QUEST2 target=7016A88F FIND_OBJECT          argc=3 site=7017233F
