gcalls seq=000076 caller=QUEST1 target=7015C005 QUEST                argc=0 site=7017EA51
gcalls seq=000077 caller=QUEST2 target=7015C005 QUEST                argc=0 site=7017EA51
gcalls seq=000143 caller=QUEST1 target=701766ED READ_IN              argc=0 site=7015C05F
gcalls seq=000144 caller=QUEST2 target=701766ED READ_IN              argc=0 site=7015C05F
gcalls seq=000158 caller=QUEST1 target=70175E9F LOGON                argc=0 site=7015C283
gcalls seq=000159 caller=QUEST2 target=70175E9F LOGON                argc=0 site=7015C283
gcalls seq=000194 caller=QUEST1 target=701766ED READ_IN              argc=0 site=70175F6B
gcalls seq=000195 caller=QUEST2 target=701766ED READ_IN              argc=0 site=70175F6B
gcalls seq=000217 caller=QUEST1 target=701766ED READ_IN              argc=0 site=70175FD3
gcalls seq=000218 caller=QUEST2 target=701766ED READ_IN              argc=0 site=70175FD3
gcalls seq=000263 caller=QUEST1 target=7016AA35 GET_INPUT            argc=1 site=701760C4
gcalls seq=000264 caller=QUEST2 target=7016AA35 GET_INPUT            argc=1 site=701760C4
gcalls seq=000291 caller=QUEST_SERVER target=7017B501 PICK_X_Y             argc=2 site=7017AD25
gcalls seq=000292 caller=QUEST_SERVER target=7017C098 ROLL32               argc=0 site=7017E21A
gcalls seq=000293 caller=QUEST_SERVER target=7017C098 ROLL32               argc=0 site=7017E21A
gcalls seq=000294 caller=QUEST_SERVER target=7017C098 ROLL32               argc=0 site=7017E21A
gcalls seq=000295 caller=QUEST_SERVER target=7017C098 ROLL32               argc=0 site=7017E21A
gcalls seq=000296 caller=QUEST_SERVER target=7017C098 ROLL32               argc=0 site=7017E21A
gcalls seq=000297 caller=QUEST_SERVER target=7017C098 ROLL32               argc=0 site=7017E21A
gcalls seq=000298 caller=QUEST_SERVER target=70178F4D FIND_OBJECT          argc=3 site=7017AD2F
gcalls seq=000299 caller=QUEST_SERVER target=7017C13B TERRITORY            argc=6 site=7017AD41
gcalls seq=000300 caller=QUEST_SERVER target=701782E8 SQR31?3              argc=0 site=7017C33E
gcalls seq=000301 caller=QUEST_SERVER target=701782E8 SQR31?3              argc=0 site=7017C33E
gcalls seq=000302 caller=QUEST_SERVER target=701782E8 SQR31?3              argc=0 site=7017C33E
gcalls seq=000303 caller=QUEST_SERVER target=701782E8 SQR31?3              argc=0 site=7017C33E
gcalls seq=000304 caller=QUEST_SERVER target=701782E8 SQR31?3              argc=0 site=7017C33E
gcalls seq=000305 caller=QUEST_SERVER target=701782E8 SQR31?3              argc=0 site=7017C33E
gcalls seq=000306 caller=QUEST_SERVER target=701782E8 SQR31?3              argc=0 site=7017C33E
gcalls seq=000307 caller=QUEST_SERVER target=701782E8 SQR31?3              argc=0 site=7017C33E
gcalls seq=000308 caller=QUEST_SERVER target=701782E8 SQR31?3              argc=0 site=7017C33E
gcalls seq=000309 caller=QUEST_SERVER target=701782E8 SQR31?3              argc=0 site=7017C33E
gcalls seq=000310 caller=QUEST_SERVER target=701782E8 SQR31?3              argc=0 site=7017C33E
gcalls seq=000311 caller=QUEST_SERVER target=701782E8 SQR31?3              argc=0 site=7017C33E
gcalls seq=000312 caller=QUEST_SERVER target=701782E8 SQR31?3              argc=0 site=7017C33E
gcalls seq=000313 caller=QUEST_SERVER target=701782E8 SQR31?3              argc=0 site=7017C33E
gcalls seq=000314 caller=QUEST_SERVER target=701782E8 SQR31?3              argc=0 site=7017C33E
gcalls seq=000315 caller=QUEST_SERVER target=701782E8 SQR31?3              argc=0 site=7017C33E
gcalls seq=000316 caller=QUEST_SERVER target=701782E8 SQR31?3              argc=0 site=7017C33E
gcalls seq=000317 caller=QUEST_SERVER target=701782E8 SQR31?3              argc=0 site=7017C33E
gcalls seq=000318 caller=QUEST_SERVER target=701782E8 SQR31?3              argc=0 site=7017C33E
gcalls seq=000319 caller=QUEST_SERVER target=701782E8 SQR31?3              argc=0 site=7017C33E
gcalls seq=000320 caller=QUEST_SERVER target=701782E8 SQR31?3              argc=0 site=7017C33E
gcalls seq=000321 caller=QUEST_SERVER target=701782E8 SQR31?3              argc=0 site=7017C33E
gcalls seq=000322 caller=QUEST_SERVER target=701782E8 SQR31?3              argc=0 site=7017C33E
gcalls seq=000323 caller=QUEST_SERVER target=701782E8 SQR31?3              argc=0 site=7017C33E
gcalls seq=000324 caller=QUEST_SERVER target=701782E8 SQR31?3              argc=0 site=7017C33E
gcalls seq=000325 caller=QUEST_SERVER target=701782E8 SQR31?3              argc=0 site=7017C33E
gcalls seq=000326 caller=QUEST_SERVER target=701782E8 SQR31?3              argc=0 site=7017C33E
gcalls seq=000327 caller=QUEST_SERVER target=701782E8 SQR31?3              argc=0 site=7017C33E
gcalls seq=000328 caller=QUEST_SERVER target=701782E8 SQR31?3              argc=0 site=7017C33E
gcalls seq=000329 caller=QUEST_SERVER target=701782E8 SQR31?3              argc=0 site=7017C33E
gcalls seq=000330 caller=QUEST_SERVER target=701782E8 SQR31?3              argc=0 site=7017C33E
gcalls seq=000331 caller=QUEST_SERVER target=701782E8 SQR31?3              argc=0 site=7017C33E
gcalls seq=000332 caller=QUEST_SERVER target=701782E8 SQR31?3              argc=0 site=7017C33E
gcalls seq=000333 caller=QUEST_SERVER target=701782E8 SQR31?3              argc=0 site=7017C33E
gcalls seq=000334 caller=QUEST_SERVER target=701782E8 SQR31?3              argc=0 site=7017C33E
gcalls seq=000335 caller=QUEST_SERVER target=701782E8 SQR31?3              argc=0 site=7017C33E
gcalls seq=000336 caller=QUEST_SERVER target=701782E8 SQR31?3              argc=0 site=7017C33E
gcalls seq=000337 caller=QUEST_SERVER target=701782E8 SQR31?3              argc=0 site=7017C33E
gcalls seq=000338 caller=QUEST_SERVER target=701782E8 SQR31?3              argc=0 site=7017C33E
gcalls seq=000339 caller=QUEST_SERVER target=701782E8 SQR31?3              argc=0 site=7017C33E
gcalls seq=000340 caller=QUEST_SERVER target=701782E8 SQR31?3              argc=0 site=7017C33E
gcalls seq=000341 caller=QUEST_SERVER target=701782E8 SQR31?3              argc=0 site=7017C33E
gcalls seq=000342 caller=QUEST_SERVER target=701782E8 SQR31?3              argc=0 site=7017C33E
gcalls seq=000343 caller=QUEST_SERVER target=701782E8 SQR31?3              argc=0 site=7017C33E
gcalls seq=000344 caller=QUEST_SERVER target=701782E8 SQR31?3              argc=0 site=7017C33E
gcalls seq=000345 caller=QUEST_SERVER target=701782E8 SQR31?3              argc=0 site=7017C33E
gcalls seq=000346 caller=QUEST_SERVER target=701782E8 SQR31?3              argc=0 site=7017C33E
gcalls seq=000347 caller=QUEST_SERVER target=701782E8 SQR31?3              argc=0 site=7017C33E
gcalls seq=000348 caller=QUEST_SERVER target=701782E8 SQR31?3              argc=0 site=7017C33E
gcalls seq=000349 caller=QUEST_SERVER target=701782E8 SQR31?3              argc=0 site=7017C33E
gcalls seq=000350 caller=QUEST_SERVER target=701782E8 SQR31?3              argc=0 site=7017C33E
gcalls seq=000351 caller=QUEST_SERVER target=701782E8 SQR31?3              argc=0 site=7017C33E
gcalls seq=000352 caller=QUEST_SERVER target=701782E8 SQR31?3              argc=0 site=7017C33E
gcalls seq=000353 caller=QUEST_SERVER target=701782E8 SQR31?3              argc=0 site=7017C33E
gcalls seq=000354 caller=QUEST_SERVER target=701782E8 SQR31?3              argc=0 site=7017C33E
gcalls seq=000355 caller=QUEST_SERVER target=701782E8 SQR31?3              argc=0 site=7017C33E
gcalls seq=000356 caller=QUEST_SERVER target=701782E8 SQR31?3              argc=0 site=7017C33E
gcalls seq=000357 caller=QUEST_SERVER target=701782E8 SQR31?3              argc=0 site=7017C33E
gcalls seq=000358 caller=QUEST_SERVER target=701782E8 SQR31?3              argc=0 site=7017C33E
gcalls seq=000359 caller=QUEST_SERVER target=701782E8 SQR31?3              argc=0 site=7017C33E
gcalls seq=000360 caller=QUEST_SERVER target=701782E8 SQR31?3              argc=0 site=7017C33E
gcalls seq=000361 caller=QUEST_SERVER target=701782E8 SQR31?3              argc=0 site=7017C33E
gcalls seq=000362 caller=QUEST_SERVER target=701782E8 SQR31?3              argc=0 site=7017C33E
gcalls seq=000363 caller=QUEST_SERVER target=701782E8 SQR31?3              argc=0 site=7017C33E
gcalls seq=000364 caller=QUEST_SERVER target=701782E8 SQR31?3              argc=0 site=7017C33E
gcalls seq=000365 caller=QUEST_SERVER target=701782E8 SQR31?3              argc=0 site=7017C33E
gcalls seq=000366 caller=QUEST_SERVER target=701782E8 SQR31?3              argc=0 site=7017C33E
gcalls seq=000367 caller=QUEST_SERVER target=701782E8 SQR31?3              argc=0 site=7017C33E
gcalls seq=000368 caller=QUEST_SERVER target=701782E8 SQR31?3              argc=0 site=7017C33E
gcalls seq=000369 caller=QUEST_SERVER target=701782E8 SQR31?3              argc=0 site=7017C33E
gcalls seq=000370 caller=QUEST_SERVER target=701782E8 SQR31?3              argc=0 site=7017C33E
gcalls seq=000371 caller=QUEST_SERVER target=701782E8 SQR31?3              argc=0 site=7017C33E
gcalls seq=000372 caller=QUEST_SERVER target=701782E8 SQR31?3              argc=0 site=7017C33E
gcalls seq=000373 caller=QUEST_SERVER target=701782E8 SQR31?3              argc=0 site=7017C33E
gcalls seq=000374 caller=QUEST_SERVER target=701782E8 SQR31?3              argc=0 site=7017C33E
gcalls seq=000375 caller=QUEST_SERVER target=701782E8 SQR31?3              argc=0 site=7017C33E
gcalls seq=000376 caller=QUEST_SERVER target=701782E8 SQR31?3              argc=0 site=7017C33E
gcalls seq=000377 caller=QUEST_SERVER target=701782E8 SQR31?3              argc=0 site=7017C33E
gcalls seq=000378 caller=QUEST_SERVER target=701782E8 SQR31?3              argc=0 site=7017C33E
gcalls seq=000379 caller=QUEST_SERVER target=701782E8 SQR31?3              argc=0 site=7017C33E
gcalls seq=000380 caller=QUEST_SERVER target=701782E8 SQR31?3              argc=0 site=7017C33E
gcalls seq=000381 caller=QUEST_SERVER target=701782E8 SQR31?3              argc=0 site=7017C33E
gcalls seq=000382 caller=QUEST_SERVER target=701782E8 SQR31?3              argc=0 site=7017C33E
gcalls seq=000383 caller=QUEST_SERVER target=701782E8 SQR31?3              argc=0 site=7017C33E
gcalls seq=000384 caller=QUEST_SERVER target=701782E8 SQR31?3              argc=0 site=7017C33E
gcalls seq=000385 caller=QUEST_SERVER target=701782E8 SQR31?3              argc=0 site=7017C33E
gcalls seq=000386 caller=QUEST_SERVER target=701782E8 SQR31?3              argc=0 site=7017C33E
gcalls seq=000387 caller=QUEST_SERVER target=701782E8 SQR31?3              argc=0 site=7017C33E
gcalls seq=000388 caller=QUEST_SERVER target=701782E8 SQR31?3              argc=0 site=7017C33E
gcalls seq=000389 caller=QUEST_SERVER target=701782E8 SQR31?3              argc=0 site=7017C33E
gcalls seq=000390 caller=QUEST_SERVER target=701782E8 SQR31?3              argc=0 site=7017C33E
gcalls seq=000391 caller=QUEST_SERVER target=701782E8 SQR31?3              argc=0 site=7017C33E
gcalls seq=000392 caller=QUEST_SERVER target=701782E8 SQR31?3              argc=0 site=7017C33E
gcalls seq=000393 caller=QUEST_SERVER target=701782E8 SQR31?3              argc=0 site=7017C33E
gcalls seq=000394 caller=QUEST_SERVER target=701782E8 SQR31?3              argc=0 site=7017C33E
gcalls seq=000395 caller=QUEST_SERVER target=701782E8 SQR31?3              argc=0 site=7017C33E
gcalls seq=000396 caller=QUEST_SERVER target=701782E8 SQR31?3              argc=0 site=7017C33E
gcalls seq=000397 caller=QUEST_SERVER target=701782E8 SQR31?3              argc=0 site=7017C33E
gcalls seq=000398 caller=QUEST_SERVER target=701782E8 SQR31?3              argc=0 site=7017C33E
gcalls seq=000399 caller=QUEST_SERVER target=701782E8 SQR31?3              argc=0 site=7017C33E
gcalls seq=000400 caller=QUEST_SERVER target=701782E8 SQR31?3              argc=0 site=7017C33E
gcalls seq=000401 caller=QUEST_SERVER target=701782E8 SQR31?3              argc=0 site=7017C33E
gcalls seq=000402 caller=QUEST_SERVER target=701782E8 SQR31?3              argc=0 site=7017C33E
gcalls seq=000403 caller=QUEST_SERVER target=701782E8 SQR31?3              argc=0 site=7017C33E
gcalls seq=000404 caller=QUEST_SERVER target=701782E8 SQR31?3              argc=0 site=7017C33E
gcalls seq=000405 caller=QUEST_SERVER target=701782E8 SQR31?3              argc=0 site=7017C33E
gcalls seq=000406 caller=QUEST_SERVER target=701782E8 SQR31?3              argc=0 site=7017C33E
gcalls seq=000407 caller=QUEST_SERVER target=701782E8 SQR31?3              argc=0 site=7017C33E
gcalls seq=000408 caller=QUEST_SERVER target=701782E8 SQR31?3              argc=0 site=7017C33E
gcalls seq=000409 caller=QUEST_SERVER target=701782E8 SQR31?3              argc=0 site=7017C33E
gcalls seq=000410 caller=QUEST_SERVER target=701782E8 SQR31?3              argc=0 site=7017C33E
gcalls seq=000411 caller=QUEST_SERVER target=701782E8 SQR31?3              argc=0 site=7017C33E
gcalls seq=000412 caller=QUEST_SERVER target=701782E8 SQR31?3              argc=0 site=7017C33E
gcalls seq=000413 caller=QUEST_SERVER target=701782E8 SQR31?3              argc=0 site=7017C33E
gcalls seq=000414 caller=QUEST_SERVER target=701782E8 SQR31?3              argc=0 site=7017C33E
gcalls seq=000415 caller=QUEST_SERVER target=701782E8 SQR31?3              argc=0 site=7017C33E
gcalls seq=000416 caller=QUEST_SERVER target=7017B501 PICK_X_Y             argc=2 site=7017AD25
gcalls seq=000417 caller=QUEST_SERVER target=7017C098 ROLL32               argc=0 site=7017E21A
gcalls seq=000418 caller=QUEST_SERVER target=7017C098 ROLL32               argc=0 site=7017E21A
gcalls seq=000419 caller=QUEST_SERVER target=7017C098 ROLL32               argc=0 site=7017E21A
gcalls seq=000420 caller=QUEST_SERVER target=7017C098 ROLL32               argc=0 site=7017E21A
gcalls seq=000421 caller=QUEST_SERVER target=7017C098 ROLL32               argc=0 site=7017E21A
gcalls seq=000422 caller=QUEST_SERVER target=7017C098 ROLL32               argc=0 site=7017E21A
gcalls seq=000423 caller=QUEST_SERVER target=70178F4D FIND_OBJECT          argc=3 site=7017AD2F
gcalls seq=000424 caller=QUEST_SERVER target=7017C13B TERRITORY            argc=6 site=7017AD41
gcalls seq=000425 caller=QUEST_SERVER target=701782E8 SQR31?3              argc=0 site=7017C33E
gcalls seq=000426 caller=QUEST_SERVER target=701782E8 SQR31?3              argc=0 site=7017C33E
gcalls seq=000427 caller=QUEST_SERVER target=701782E8 SQR31?3              argc=0 site=7017C33E
gcalls seq=000428 caller=QUEST_SERVER target=701782E8 SQR31?3              argc=0 site=7017C33E
gcalls seq=000429 caller=QUEST_SERVER target=701782E8 SQR31?3              argc=0 site=7017C33E
gcalls seq=000430 caller=QUEST_SERVER target=701782E8 SQR31?3              argc=0 site=7017C33E
gcalls seq=000431 caller=QUEST_SERVER target=701782E8 SQR31?3              argc=0 site=7017C33E
gcalls seq=000432 caller=QUEST_SERVER target=701782E8 SQR31?3              argc=0 site=7017C33E
gcalls seq=000433 caller=QUEST_SERVER target=701782E8 SQR31?3              argc=0 site=7017C33E
gcalls seq=000434 caller=QUEST_SERVER target=701782E8 SQR31?3              argc=0 site=7017C33E
gcalls seq=000435 caller=QUEST_SERVER target=701782E8 SQR31?3              argc=0 site=7017C33E
gcalls seq=000436 caller=QUEST_SERVER target=701782E8 SQR31?3              argc=0 site=7017C33E
gcalls seq=000437 caller=QUEST_SERVER target=701782E8 SQR31?3              argc=0 site=7017C33E
gcalls seq=000438 caller=QUEST_SERVER target=701782E8 SQR31?3              argc=0 site=7017C33E
gcalls seq=000439 caller=QUEST_SERVER target=701782E8 SQR31?3              argc=0 site=7017C33E
gcalls seq=000440 caller=QUEST_SERVER target=701782E8 SQR31?3              argc=0 site=7017C33E
gcalls seq=000441 caller=QUEST_SERVER target=701782E8 SQR31?3              argc=0 site=7017C33E
gcalls seq=000442 caller=QUEST_SERVER target=701782E8 SQR31?3              argc=0 site=7017C33E
gcalls seq=000443 caller=QUEST_SERVER target=701782E8 SQR31?3              argc=0 site=7017C33E
gcalls seq=000444 caller=QUEST_SERVER target=701782E8 SQR31?3              argc=0 site=7017C33E
gcalls seq=000445 caller=QUEST_SERVER target=701782E8 SQR31?3              argc=0 site=7017C33E
gcalls seq=000446 caller=QUEST_SERVER target=701782E8 SQR31?3              argc=0 site=7017C33E
gcalls seq=000447 caller=QUEST_SERVER target=701782E8 SQR31?3              argc=0 site=7017C33E
gcalls seq=000448 caller=QUEST_SERVER target=701782E8 SQR31?3              argc=0 site=7017C33E
gcalls seq=000449 caller=QUEST_SERVER target=701782E8 SQR31?3              argc=0 site=7017C33E
gcalls seq=000450 caller=QUEST_SERVER target=701782E8 SQR31?3              argc=0 site=7017C33E
gcalls seq=000451 caller=QUEST_SERVER target=701782E8 SQR31?3              argc=0 site=7017C33E
gcalls seq=000452 caller=QUEST_SERVER target=701782E8 SQR31?3              argc=0 site=7017C33E
gcalls seq=000453 caller=QUEST_SERVER target=701782E8 SQR31?3              argc=0 site=7017C33E
gcalls seq=000454 caller=QUEST_SERVER target=701782E8 SQR31?3              argc=0 site=7017C33E
gcalls seq=000455 caller=QUEST_SERVER target=701782E8 SQR31?3              argc=0 site=7017C33E
gcalls seq=000456 caller=QUEST_SERVER target=701782E8 SQR31?3              argc=0 site=7017C33E
gcalls seq=000457 caller=QUEST_SERVER target=701782E8 SQR31?3              argc=0 site=7017C33E
gcalls seq=000458 caller=QUEST_SERVER target=701782E8 SQR31?3              argc=0 site=7017C33E
gcalls seq=000459 caller=QUEST_SERVER target=701782E8 SQR31?3              argc=0 site=7017C33E
gcalls seq=000460 caller=QUEST_SERVER target=701782E8 SQR31?3              argc=0 site=7017C33E
gcalls seq=000461 caller=QUEST_SERVER target=701782E8 SQR31?3              argc=0 site=7017C33E
gcalls seq=000462 caller=QUEST_SERVER target=701782E8 SQR31?3              argc=0 site=7017C33E
gcalls seq=000463 caller=QUEST_SERVER target=701782E8 SQR31?3              argc=0 site=7017C33E
gcalls seq=000464 caller=QUEST_SERVER target=701782E8 SQR31?3              argc=0 site=7017C33E
gcalls seq=000465 caller=QUEST_SERVER target=701782E8 SQR31?3              argc=0 site=7017C33E
gcalls seq=000466 caller=QUEST_SERVER target=701782E8 SQR31?3              argc=0 site=7017C33E
gcalls seq=000467 caller=QUEST_SERVER target=701782E8 SQR31?3              argc=0 site=7017C33E
gcalls seq=000468 caller=QUEST_SERVER target=701782E8 SQR31?3              argc=0 site=7017C33E
gcalls seq=000469 caller=QUEST_SERVER target=701782E8 SQR31?3              argc=0 site=7017C33E
gcalls seq=000470 caller=QUEST_SERVER target=701782E8 SQR31?3              argc=0 site=7017C33E
gcalls seq=000471 caller=QUEST_SERVER target=701782E8 SQR31?3              argc=0 site=7017C33E
gcalls seq=000472 caller=QUEST_SERVER target=701782E8 SQR31?3              argc=0 site=7017C33E
gcalls seq=000473 caller=QUEST_SERVER target=701782E8 SQR31?3              argc=0 site=7017C33E
gcalls seq=000474 caller=QUEST_SERVER target=701782E8 SQR31?3              argc=0 site=7017C33E
gcalls seq=000475 caller=QUEST_SERVER target=701782E8 SQR31?3              argc=0 site=7017C33E
gcalls seq=000476 caller=QUEST_SERVER target=701782E8 SQR31?3              argc=0 site=7017C33E
gcalls seq=000477 caller=QUEST_SERVER target=701782E8 SQR31?3              argc=0 site=7017C33E
gcalls seq=000478 caller=QUEST_SERVER target=701782E8 SQR31?3              argc=0 site=7017C33E
gcalls seq=000479 caller=QUEST_SERVER target=701782E8 SQR31?3              argc=0 site=7017C33E
gcalls seq=000480 caller=QUEST_SERVER target=701782E8 SQR31?3              argc=0 site=7017C33E
gcalls seq=000481 caller=QUEST_SERVER target=701782E8 SQR31?3              argc=0 site=7017C33E
gcalls seq=000482 caller=QUEST_SERVER target=701782E8 SQR31?3              argc=0 site=7017C33E
gcalls seq=000483 caller=QUEST_SERVER target=701782E8 SQR31?3              argc=0 site=7017C33E
gcalls seq=000484 caller=QUEST_SERVER target=701782E8 SQR31?3              argc=0 site=7017C33E
gcalls seq=000485 caller=QUEST_SERVER target=701782E8 SQR31?3              argc=0 site=7017C33E
gcalls seq=000486 caller=QUEST_SERVER target=701782E8 SQR31?3              argc=0 site=7017C33E
gcalls seq=000487 caller=QUEST_SERVER target=701782E8 SQR31?3              argc=0 site=7017C33E
gcalls seq=000488 caller=QUEST_SERVER target=701782E8 SQR31?3              argc=0 site=7017C33E
gcalls seq=000489 caller=QUEST_SERVER target=701782E8 SQR31?3              argc=0 site=7017C33E
gcalls seq=000490 caller=QUEST_SERVER target=701782E8 SQR31?3              argc=0 site=7017C33E
gcalls seq=000491 caller=QUEST_SERVER target=701782E8 SQR31?3              argc=0 site=7017C33E
gcalls seq=000492 caller=QUEST_SERVER target=701782E8 SQR31?3              argc=0 site=7017C33E
gcalls seq=000493 caller=QUEST_SERVER target=701782E8 SQR31?3              argc=0 site=7017C33E
gcalls seq=000494 caller=QUEST_SERVER target=701782E8 SQR31?3              argc=0 site=7017C33E
gcalls seq=000495 caller=QUEST_SERVER target=701782E8 SQR31?3              argc=0 site=7017C33E
gcalls seq=000496 caller=QUEST_SERVER target=701782E8 SQR31?3              argc=0 site=7017C33E
gcalls seq=000497 caller=QUEST_SERVER target=701782E8 SQR31?3              argc=0 site=7017C33E
gcalls seq=000498 caller=QUEST_SERVER target=701782E8 SQR31?3              argc=0 site=7017C33E
gcalls seq=000499 caller=QUEST_SERVER target=701782E8 SQR31?3              argc=0 site=7017C33E
gcalls seq=000500 caller=QUEST_SERVER target=701782E8 SQR31?3              argc=0 site=7017C33E
gcalls seq=000501 caller=QUEST_SERVER target=701782E8 SQR31?3              argc=0 site=7017C33E
gcalls seq=000502 caller=QUEST_SERVER target=701782E8 SQR31?3              argc=0 site=7017C33E
gcalls seq=000503 caller=QUEST_SERVER target=701782E8 SQR31?3              argc=0 site=7017C33E
gcalls seq=000504 caller=QUEST_SERVER target=701782E8 SQR31?3              argc=0 site=7017C33E
gcalls seq=000505 caller=QUEST_SERVER target=701782E8 SQR31?3              argc=0 site=7017C33E
gcalls seq=000506 caller=QUEST_SERVER target=701782E8 SQR31?3              argc=0 site=7017C33E
gcalls seq=000507 caller=QUEST_SERVER target=701782E8 SQR31?3              argc=0 site=7017C33E
gcalls seq=000508 caller=QUEST_SERVER target=701782E8 SQR31?3              argc=0 site=7017C33E
gcalls seq=000509 caller=QUEST_SERVER target=701782E8 SQR31?3              argc=0 site=7017C33E
gcalls seq=000510 caller=QUEST_SERVER target=701782E8 SQR31?3              argc=0 site=7017C33E
gcalls seq=000511 caller=QUEST_SERVER target=701782E8 SQR31?3              argc=0 site=7017C33E
gcalls seq=000512 caller=QUEST_SERVER target=701782E8 SQR31?3              argc=0 site=7017C33E
gcalls seq=000513 caller=QUEST_SERVER target=701782E8 SQR31?3              argc=0 site=7017C33E
gcalls seq=000514 caller=QUEST_SERVER target=701782E8 SQR31?3              argc=0 site=7017C33E
gcalls seq=000515 caller=QUEST_SERVER target=701782E8 SQR31?3              argc=0 site=7017C33E
gcalls seq=000516 caller=QUEST_SERVER target=701782E8 SQR31?3              argc=0 site=7017C33E
gcalls seq=000517 caller=QUEST_SERVER target=701782E8 SQR31?3              argc=0 site=7017C33E
gcalls seq=000518 caller=QUEST_SERVER target=701782E8 SQR31?3              argc=0 site=7017C33E
gcalls seq=000519 caller=QUEST_SERVER target=701782E8 SQR31?3              argc=0 site=7017C33E
gcalls seq=000520 caller=QUEST_SERVER target=701782E8 SQR31?3              argc=0 site=7017C33E
gcalls seq=000521 caller=QUEST_SERVER target=701782E8 SQR31?3              argc=0 site=7017C33E
gcalls seq=000522 caller=QUEST_SERVER target=701782E8 SQR31?3              argc=0 site=7017C33E
gcalls seq=000523 caller=QUEST_SERVER target=701782E8 SQR31?3              argc=0 site=7017C33E
gcalls seq=000524 caller=QUEST_SERVER target=701782E8 SQR31?3              argc=0 site=7017C33E
gcalls seq=000525 caller=QUEST_SERVER target=701782E8 SQR31?3              argc=0 site=7017C33E
gcalls seq=000526 caller=QUEST_SERVER target=701782E8 SQR31?3              argc=0 site=7017C33E
gcalls seq=000527 caller=QUEST_SERVER target=701782E8 SQR31?3              argc=0 site=7017C33E
gcalls seq=000528 caller=QUEST_SERVER target=701782E8 SQR31?3              argc=0 site=7017C33E
gcalls seq=000529 caller=QUEST_SERVER target=701782E8 SQR31?3              argc=0 site=7017C33E
gcalls seq=000530 caller=QUEST_SERVER target=701782E8 SQR31?3              argc=0 site=7017C33E
gcalls seq=000531 caller=QUEST_SERVER target=701782E8 SQR31?3              argc=0 site=7017C33E
gcalls seq=000532 caller=QUEST_SERVER target=701782E8 SQR31?3              argc=0 site=7017C33E
gcalls seq=000533 caller=QUEST_SERVER target=701782E8 SQR31?3              argc=0 site=7017C33E
gcalls seq=000534 caller=QUEST_SERVER target=701782E8 SQR31?3              argc=0 site=7017C33E
gcalls seq=000535 caller=QUEST_SERVER target=701782E8 SQR31?3              argc=0 site=7017C33E
gcalls seq=000536 caller=QUEST_SERVER target=701782E8 SQR31?3              argc=0 site=7017C33E
gcalls seq=000537 caller=QUEST_SERVER target=701782E8 SQR31?3              argc=0 site=7017C33E
gcalls seq=000538 caller=QUEST_SERVER target=701782E8 SQR31?3              argc=0 site=7017C33E
gcalls seq=000539 caller=QUEST_SERVER target=701782E8 SQR31?3              argc=0 site=7017C33E
gcalls seq=000540 caller=QUEST_SERVER target=701782E8 SQR31?3              argc=0 site=7017C33E
gcalls seq=000541 caller=QUEST_SERVER target=7017B501 PICK_X_Y             argc=2 site=7017AD25
gcalls seq=000542 caller=QUEST_SERVER target=7017C098 ROLL32               argc=0 site=7017E21A
gcalls seq=000543 caller=QUEST_SERVER target=7017C098 ROLL32               argc=0 site=7017E21A
gcalls seq=000544 caller=QUEST_SERVER target=7017C098 ROLL32               argc=0 site=7017E21A
gcalls seq=000545 caller=QUEST_SERVER target=70178F4D FIND_OBJECT          argc=3 site=7017AD2F
gcalls seq=000546 caller=QUEST_SERVER target=7017C13B TERRITORY            argc=6 site=7017AD41
gcalls seq=000547 caller=QUEST_SERVER target=701782E8 SQR31?3              argc=0 site=7017C33E
gcalls seq=000548 caller=QUEST_SERVER target=701782E8 SQR31?3              argc=0 site=7017C33E
gcalls seq=000549 caller=QUEST_SERVER target=701782E8 SQR31?3              argc=0 site=7017C33E
gcalls seq=000550 caller=QUEST_SERVER target=701782E8 SQR31?3              argc=0 site=7017C33E
gcalls seq=000551 caller=QUEST_SERVER target=701782E8 SQR31?3              argc=0 site=7017C33E
gcalls seq=000552 caller=QUEST_SERVER target=701782E8 SQR31?3              argc=0 site=7017C33E
gcalls seq=000553 caller=QUEST_SERVER target=701782E8 SQR31?3              argc=0 site=7017C33E
gcalls seq=000554 caller=QUEST_SERVER target=701782E8 SQR31?3              argc=0 site=7017C33E
gcalls seq=000555 caller=QUEST_SERVER target=701782E8 SQR31?3              argc=0 site=7017C33E
gcalls seq=000556 caller=QUEST_SERVER target=701782E8 SQR31?3              argc=0 site=7017C33E
gcalls seq=000557 caller=QUEST_SERVER target=701782E8 SQR31?3              argc=0 site=7017C33E
gcalls seq=000558 caller=QUEST_SERVER target=701782E8 SQR31?3              argc=0 site=7017C33E
gcalls seq=000559 caller=QUEST_SERVER target=701782E8 SQR31?3              argc=0 site=7017C33E
gcalls seq=000560 caller=QUEST_SERVER target=701782E8 SQR31?3              argc=0 site=7017C33E
gcalls seq=000561 caller=QUEST_SERVER target=701782E8 SQR31?3              argc=0 site=7017C33E
gcalls seq=000562 caller=QUEST_SERVER target=701782E8 SQR31?3              argc=0 site=7017C33E
gcalls seq=000563 caller=QUEST_SERVER target=701782E8 SQR31?3              argc=0 site=7017C33E
gcalls seq=000564 caller=QUEST_SERVER target=701782E8 SQR31?3              argc=0 site=7017C33E
gcalls seq=000565 caller=QUEST_SERVER target=701782E8 SQR31?3              argc=0 site=7017C33E
gcalls seq=000566 caller=QUEST_SERVER target=701782E8 SQR31?3              argc=0 site=7017C33E
gcalls seq=000567 caller=QUEST_SERVER target=701782E8 SQR31?3              argc=0 site=7017C33E
gcalls seq=000568 caller=QUEST_SERVER target=701782E8 SQR31?3              argc=0 site=7017C33E
gcalls seq=000569 caller=QUEST_SERVER target=701782E8 SQR31?3              argc=0 site=7017C33E
gcalls seq=000570 caller=QUEST_SERVER target=701782E8 SQR31?3              argc=0 site=7017C33E
gcalls seq=000571 caller=QUEST_SERVER target=701782E8 SQR31?3              argc=0 site=7017C33E
gcalls seq=000572 caller=QUEST_SERVER target=701782E8 SQR31?3              argc=0 site=7017C33E
gcalls seq=000573 caller=QUEST_SERVER target=701782E8 SQR31?3              argc=0 site=7017C33E
gcalls seq=000574 caller=QUEST_SERVER target=701782E8 SQR31?3              argc=0 site=7017C33E
gcalls seq=000575 caller=QUEST_SERVER target=701782E8 SQR31?3              argc=0 site=7017C33E
gcalls seq=000576 caller=QUEST_SERVER target=701782E8 SQR31?3              argc=0 site=7017C33E
gcalls seq=000577 caller=QUEST_SERVER target=701782E8 SQR31?3              argc=0 site=7017C33E
gcalls seq=000578 caller=QUEST_SERVER target=701782E8 SQR31?3              argc=0 site=7017C33E
gcalls seq=000579 caller=QUEST_SERVER target=701782E8 SQR31?3              argc=0 site=7017C33E
gcalls seq=000580 caller=QUEST_SERVER target=701782E8 SQR31?3              argc=0 site=7017C33E
gcalls seq=000581 caller=QUEST_SERVER target=701782E8 SQR31?3              argc=0 site=7017C33E
gcalls seq=000582 caller=QUEST_SERVER target=701782E8 SQR31?3              argc=0 site=7017C33E
gcalls seq=000583 caller=QUEST_SERVER target=701782E8 SQR31?3              argc=0 site=7017C33E
gcalls seq=000584 caller=QUEST_SERVER target=701782E8 SQR31?3              argc=0 site=7017C33E
gcalls seq=000585 caller=QUEST_SERVER target=701782E8 SQR31?3              argc=0 site=7017C33E
gcalls seq=000586 caller=QUEST_SERVER target=701782E8 SQR31?3              argc=0 site=7017C33E
gcalls seq=000587 caller=QUEST_SERVER target=701782E8 SQR31?3              argc=0 site=7017C33E
gcalls seq=000588 caller=QUEST_SERVER target=701782E8 SQR31?3              argc=0 site=7017C33E
gcalls seq=000589 caller=QUEST_SERVER target=701782E8 SQR31?3              argc=0 site=7017C33E
gcalls seq=000590 caller=QUEST_SERVER target=701782E8 SQR31?3              argc=0 site=7017C33E
gcalls seq=000591 caller=QUEST_SERVER target=701782E8 SQR31?3              argc=0 site=7017C33E
gcalls seq=000592 caller=QUEST_SERVER target=701782E8 SQR31?3              argc=0 site=7017C33E
gcalls seq=000593 caller=QUEST_SERVER target=701782E8 SQR31?3              argc=0 site=7017C33E
gcalls seq=000594 caller=QUEST_SERVER target=701782E8 SQR31?3              argc=0 site=7017C33E
gcalls seq=000595 caller=QUEST_SERVER target=701782E8 SQR31?3              argc=0 site=7017C33E
gcalls seq=000596 caller=QUEST_SERVER target=701782E8 SQR31?3              argc=0 site=7017C33E
gcalls seq=000597 caller=QUEST_SERVER target=701782E8 SQR31?3              argc=0 site=7017C33E
gcalls seq=000598 caller=QUEST_SERVER target=701782E8 SQR31?3              argc=0 site=7017C33E
gcalls seq=000599 caller=QUEST_SERVER target=701782E8 SQR31?3              argc=0 site=7017C33E
gcalls seq=000600 caller=QUEST_SERVER target=701782E8 SQR31?3              argc=0 site=7017C33E
gcalls seq=000601 caller=QUEST_SERVER target=701782E8 SQR31?3              argc=0 site=7017C33E
gcalls seq=000602 caller=QUEST_SERVER target=701782E8 SQR31?3              argc=0 site=7017C33E
gcalls seq=000603 caller=QUEST_SERVER target=701782E8 SQR31?3              argc=0 site=7017C33E
gcalls seq=000604 caller=QUEST_SERVER target=701782E8 SQR31?3              argc=0 site=7017C33E
gcalls seq=000605 caller=QUEST_SERVER target=701782E8 SQR31?3              argc=0 site=7017C33E
gcalls seq=000606 caller=QUEST_SERVER target=701782E8 SQR31?3              argc=0 site=7017C33E
gcalls seq=000607 caller=QUEST_SERVER target=701782E8 SQR31?3              argc=0 site=7017C33E
gcalls seq=000608 caller=QUEST_SERVER target=701782E8 SQR31?3              argc=0 site=7017C33E
gcalls seq=000609 caller=QUEST_SERVER target=701782E8 SQR31?3              argc=0 site=7017C33E
gcalls seq=000610 caller=QUEST_SERVER target=701782E8 SQR31?3              argc=0 site=7017C33E
gcalls seq=000611 caller=QUEST_SERVER target=701782E8 SQR31?3              argc=0 site=7017C33E
gcalls seq=000612 caller=QUEST_SERVER target=701782E8 SQR31?3              argc=0 site=7017C33E
gcalls seq=000613 caller=QUEST_SERVER target=701782E8 SQR31?3              argc=0 site=7017C33E
gcalls seq=000614 caller=QUEST_SERVER target=701782E8 SQR31?3              argc=0 site=7017C33E
gcalls seq=000615 caller=QUEST_SERVER target=701782E8 SQR31?3              argc=0 site=7017C33E
gcalls seq=000616 caller=QUEST_SERVER target=701782E8 SQR31?3              argc=0 site=7017C33E
gcalls seq=000617 caller=QUEST_SERVER target=701782E8 SQR31?3              argc=0 site=7017C33E
gcalls seq=000618 caller=QUEST_SERVER target=701782E8 SQR31?3              argc=0 site=7017C33E
gcalls seq=000619 caller=QUEST_SERVER target=701782E8 SQR31?3              argc=0 site=7017C33E
gcalls seq=000620 caller=QUEST_SERVER target=701782E8 SQR31?3              argc=0 site=7017C33E
gcalls seq=000621 caller=QUEST_SERVER target=701782E8 SQR31?3              argc=0 site=7017C33E
gcalls seq=000622 caller=QUEST_SERVER target=701782E8 SQR31?3              argc=0 site=7017C33E
gcalls seq=000623 caller=QUEST_SERVER target=701782E8 SQR31?3              argc=0 site=7017C33E
gcalls seq=000624 caller=QUEST_SERVER target=701782E8 SQR31?3              argc=0 site=7017C33E
gcalls seq=000625 caller=QUEST_SERVER target=701782E8 SQR31?3              argc=0 site=7017C33E
gcalls seq=000626 caller=QUEST_SERVER target=701782E8 SQR31?3              argc=0 site=7017C33E
gcalls seq=000627 caller=QUEST_SERVER target=701782E8 SQR31?3              argc=0 site=7017C33E
gcalls seq=000628 caller=QUEST_SERVER target=701782E8 SQR31?3              argc=0 site=7017C33E
gcalls seq=000629 caller=QUEST_SERVER target=701782E8 SQR31?3              argc=0 site=7017C33E
gcalls seq=000630 caller=QUEST_SERVER target=701782E8 SQR31?3              argc=0 site=7017C33E
gcalls seq=000631 caller=QUEST_SERVER target=701782E8 SQR31?3              argc=0 site=7017C33E
gcalls seq=000632 caller=QUEST_SERVER target=701782E8 SQR31?3              argc=0 site=7017C33E
gcalls seq=000633 caller=QUEST_SERVER target=701782E8 SQR31?3              argc=0 site=7017C33E
gcalls seq=000634 caller=QUEST_SERVER target=701782E8 SQR31?3              argc=0 site=7017C33E
gcalls seq=000635 caller=QUEST_SERVER target=701782E8 SQR31?3              argc=0 site=7017C33E
gcalls seq=000636 caller=QUEST_SERVER target=701782E8 SQR31?3              argc=0 site=7017C33E
gcalls seq=000637 caller=QUEST_SERVER target=701782E8 SQR31?3              argc=0 site=7017C33E
gcalls seq=000638 caller=QUEST_SERVER target=701782E8 SQR31?3              argc=0 site=7017C33E
gcalls seq=000639 caller=QUEST_SERVER target=701782E8 SQR31?3              argc=0 site=7017C33E
gcalls seq=000640 caller=QUEST_SERVER target=701782E8 SQR31?3              argc=0 site=7017C33E
gcalls seq=000641 caller=QUEST_SERVER target=701782E8 SQR31?3              argc=0 site=7017C33E
gcalls seq=000642 caller=QUEST_SERVER target=701782E8 SQR31?3              argc=0 site=7017C33E
gcalls seq=000643 caller=QUEST_SERVER target=701782E8 SQR31?3              argc=0 site=7017C33E
gcalls seq=000644 caller=QUEST_SERVER target=701782E8 SQR31?3              argc=0 site=7017C33E
gcalls seq=000645 caller=QUEST_SERVER target=701782E8 SQR31?3              argc=0 site=7017C33E
gcalls seq=000646 caller=QUEST_SERVER target=701782E8 SQR31?3              argc=0 site=7017C33E
gcalls seq=000647 caller=QUEST_SERVER target=701782E8 SQR31?3              argc=0 site=7017C33E
gcalls seq=000648 caller=QUEST_SERVER target=701782E8 SQR31?3              argc=0 site=7017C33E
gcalls seq=000649 caller=QUEST_SERVER target=701782E8 SQR31?3              argc=0 site=7017C33E
gcalls seq=000650 caller=QUEST_SERVER target=701782E8 SQR31?3              argc=0 site=7017C33E
gcalls seq=000651 caller=QUEST_SERVER target=701782E8 SQR31?3              argc=0 site=7017C33E
gcalls seq=000652 caller=QUEST_SERVER target=701782E8 SQR31?3              argc=0 site=7017C33E
gcalls seq=000653 caller=QUEST_SERVER target=701782E8 SQR31?3              argc=0 site=7017C33E
gcalls seq=000654 caller=QUEST_SERVER target=701782E8 SQR31?3              argc=0 site=7017C33E
gcalls seq=000655 caller=QUEST_SERVER target=701782E8 SQR31?3              argc=0 site=7017C33E
gcalls seq=000656 caller=QUEST_SERVER target=701782E8 SQR31?3              argc=0 site=7017C33E
gcalls seq=000657 caller=QUEST_SERVER target=701782E8 SQR31?3              argc=0 site=7017C33E
gcalls seq=000658 caller=QUEST_SERVER target=701782E8 SQR31?3              argc=0 site=7017C33E
gcalls seq=000659 caller=QUEST_SERVER target=701782E8 SQR31?3              argc=0 site=7017C33E
gcalls seq=000660 caller=QUEST_SERVER target=701782E8 SQR31?3              argc=0 site=7017C33E
gcalls seq=000661 caller=QUEST_SERVER target=701782E8 SQR31?3              argc=0 site=7017C33E
gcalls seq=000662 caller=QUEST_SERVER target=701782E8 SQR31?3              argc=0 site=7017C33E
gcalls seq=000663 caller=QUEST_SERVER target=7017B501 PICK_X_Y             argc=2 site=7017AD25
gcalls seq=000664 caller=QUEST_SERVER target=7017C098 ROLL32               argc=0 site=7017E21A
gcalls seq=000665 caller=QUEST_SERVER target=7017C098 ROLL32               argc=0 site=7017E21A
gcalls seq=000666 caller=QUEST_SERVER target=7017C098 ROLL32               argc=0 site=7017E21A
gcalls seq=000667 caller=QUEST_SERVER target=7017C098 ROLL32               argc=0 site=7017E21A
gcalls seq=000668 caller=QUEST_SERVER target=70178F4D FIND_OBJECT          argc=3 site=7017AD2F
gcalls seq=000669 caller=QUEST_SERVER target=7017B501 PICK_X_Y             argc=2 site=7017AD25
gcalls seq=000670 caller=QUEST_SERVER target=7017C098 ROLL32               argc=0 site=7017E21A
gcalls seq=000671 caller=QUEST_SERVER target=7017C098 ROLL32               argc=0 site=7017E21A
gcalls seq=000672 caller=QUEST_SERVER target=7017C098 ROLL32               argc=0 site=7017E21A
gcalls seq=000673 caller=QUEST_SERVER target=70178F4D FIND_OBJECT          argc=3 site=7017AD2F
gcalls seq=000674 caller=QUEST_SERVER target=7017C13B TERRITORY            argc=6 site=7017AD41
gcalls seq=000675 caller=QUEST_SERVER target=701782E8 SQR31?3              argc=0 site=7017C33E
gcalls seq=000676 caller=QUEST_SERVER target=701782E8 SQR31?3              argc=0 site=7017C33E
gcalls seq=000677 caller=QUEST_SERVER target=701782E8 SQR31?3              argc=0 site=7017C33E
gcalls seq=000678 caller=QUEST_SERVER target=701782E8 SQR31?3              argc=0 site=7017C33E
gcalls seq=000679 caller=QUEST_SERVER target=701782E8 SQR31?3              argc=0 site=7017C33E
gcalls seq=000680 caller=QUEST_SERVER target=701782E8 SQR31?3              argc=0 site=7017C33E
gcalls seq=000681 caller=QUEST_SERVER target=701782E8 SQR31?3              argc=0 site=7017C33E
gcalls seq=000682 caller=QUEST_SERVER target=701782E8 SQR31?3              argc=0 site=7017C33E
gcalls seq=000683 caller=QUEST_SERVER target=701782E8 SQR31?3              argc=0 site=7017C33E
gcalls seq=000684 caller=QUEST_SERVER target=701782E8 SQR31?3              argc=0 site=7017C33E
gcalls seq=000685 caller=QUEST_SERVER target=701782E8 SQR31?3              argc=0 site=7017C33E
gcalls seq=000686 caller=QUEST_SERVER target=701782E8 SQR31?3              argc=0 site=7017C33E
gcalls seq=000687 caller=QUEST_SERVER target=701782E8 SQR31?3              argc=0 site=7017C33E
gcalls seq=000688 caller=QUEST_SERVER target=701782E8 SQR31?3              argc=0 site=7017C33E
gcalls seq=000689 caller=QUEST_SERVER target=701782E8 SQR31?3              argc=0 site=7017C33E
gcalls seq=000690 caller=QUEST_SERVER target=701782E8 SQR31?3              argc=0 site=7017C33E
gcalls seq=000691 caller=QUEST_SERVER target=701782E8 SQR31?3              argc=0 site=7017C33E
gcalls seq=000692 caller=QUEST_SERVER target=701782E8 SQR31?3              argc=0 site=7017C33E
gcalls seq=000693 caller=QUEST_SERVER target=701782E8 SQR31?3              argc=0 site=7017C33E
gcalls seq=000694 caller=QUEST_SERVER target=701782E8 SQR31?3              argc=0 site=7017C33E
gcalls seq=000695 caller=QUEST_SERVER target=701782E8 SQR31?3              argc=0 site=7017C33E
gcalls seq=000696 caller=QUEST_SERVER target=701782E8 SQR31?3              argc=0 site=7017C33E
gcalls seq=000697 caller=QUEST_SERVER target=701782E8 SQR31?3              argc=0 site=7017C33E
gcalls seq=000698 caller=QUEST_SERVER target=701782E8 SQR31?3              argc=0 site=7017C33E
gcalls seq=000699 caller=QUEST_SERVER target=701782E8 SQR31?3              argc=0 site=7017C33E
gcalls seq=000700 caller=QUEST_SERVER target=701782E8 SQR31?3              argc=0 site=7017C33E
gcalls seq=000701 caller=QUEST_SERVER target=701782E8 SQR31?3              argc=0 site=7017C33E
gcalls seq=000702 caller=QUEST_SERVER target=701782E8 SQR31?3              argc=0 site=7017C33E
gcalls seq=000703 caller=QUEST_SERVER target=701782E8 SQR31?3              argc=0 site=7017C33E
gcalls seq=000704 caller=QUEST_SERVER target=701782E8 SQR31?3              argc=0 site=7017C33E
gcalls seq=000705 caller=QUEST_SERVER target=701782E8 SQR31?3              argc=0 site=7017C33E
gcalls seq=000706 caller=QUEST_SERVER target=701782E8 SQR31?3              argc=0 site=7017C33E
gcalls seq=000707 caller=QUEST_SERVER target=701782E8 SQR31?3              argc=0 site=7017C33E
gcalls seq=000708 caller=QUEST_SERVER target=701782E8 SQR31?3              argc=0 site=7017C33E
gcalls seq=000709 caller=QUEST_SERVER target=701782E8 SQR31?3              argc=0 site=7017C33E
gcalls seq=000710 caller=QUEST_SERVER target=701782E8 SQR31?3              argc=0 site=7017C33E
gcalls seq=000711 caller=QUEST_SERVER target=701782E8 SQR31?3              argc=0 site=7017C33E
gcalls seq=000712 caller=QUEST_SERVER target=701782E8 SQR31?3              argc=0 site=7017C33E
gcalls seq=000713 caller=QUEST_SERVER target=701782E8 SQR31?3              argc=0 site=7017C33E
gcalls seq=000714 caller=QUEST_SERVER target=701782E8 SQR31?3              argc=0 site=7017C33E
gcalls seq=000715 caller=QUEST_SERVER target=701782E8 SQR31?3              argc=0 site=7017C33E
gcalls seq=000716 caller=QUEST_SERVER target=701782E8 SQR31?3              argc=0 site=7017C33E
gcalls seq=000717 caller=QUEST_SERVER target=701782E8 SQR31?3              argc=0 site=7017C33E
gcalls seq=000718 caller=QUEST_SERVER target=701782E8 SQR31?3              argc=0 site=7017C33E
gcalls seq=000719 caller=QUEST_SERVER target=701782E8 SQR31?3              argc=0 site=7017C33E
gcalls seq=000720 caller=QUEST_SERVER target=701782E8 SQR31?3              argc=0 site=7017C33E
gcalls seq=000721 caller=QUEST_SERVER target=701782E8 SQR31?3              argc=0 site=7017C33E
gcalls seq=000722 caller=QUEST_SERVER target=701782E8 SQR31?3              argc=0 site=7017C33E
gcalls seq=000723 caller=QUEST_SERVER target=701782E8 SQR31?3              argc=0 site=7017C33E
gcalls seq=000724 caller=QUEST_SERVER target=701782E8 SQR31?3              argc=0 site=7017C33E
gcalls seq=000725 caller=QUEST_SERVER target=701782E8 SQR31?3              argc=0 site=7017C33E
gcalls seq=000726 caller=QUEST_SERVER target=701782E8 SQR31?3              argc=0 site=7017C33E
gcalls seq=000727 caller=QUEST_SERVER target=701782E8 SQR31?3              argc=0 site=7017C33E
gcalls seq=000728 caller=QUEST_SERVER target=701782E8 SQR31?3              argc=0 site=7017C33E
gcalls seq=000729 caller=QUEST_SERVER target=701782E8 SQR31?3              argc=0 site=7017C33E
gcalls seq=000730 caller=QUEST_SERVER target=701782E8 SQR31?3              argc=0 site=7017C33E
gcalls seq=000731 caller=QUEST_SERVER target=701782E8 SQR31?3              argc=0 site=7017C33E
gcalls seq=000732 caller=QUEST_SERVER target=701782E8 SQR31?3              argc=0 site=7017C33E
gcalls seq=000733 caller=QUEST_SERVER target=701782E8 SQR31?3              argc=0 site=7017C33E
gcalls seq=000734 caller=QUEST_SERVER target=701782E8 SQR31?3              argc=0 site=7017C33E
gcalls seq=000735 caller=QUEST_SERVER target=701782E8 SQR31?3              argc=0 site=7017C33E
gcalls seq=000736 caller=QUEST_SERVER target=701782E8 SQR31?3              argc=0 site=7017C33E
gcalls seq=000737 caller=QUEST_SERVER target=701782E8 SQR31?3              argc=0 site=7017C33E
gcalls seq=000738 caller=QUEST_SERVER target=701782E8 SQR31?3              argc=0 site=7017C33E
gcalls seq=000739 caller=QUEST_SERVER target=701782E8 SQR31?3              argc=0 site=7017C33E
gcalls seq=000740 caller=QUEST_SERVER target=701782E8 SQR31?3              argc=0 site=7017C33E
gcalls seq=000741 caller=QUEST_SERVER target=701782E8 SQR31?3              argc=0 site=7017C33E
gcalls seq=000742 caller=QUEST_SERVER target=701782E8 SQR31?3              argc=0 site=7017C33E
gcalls seq=000743 caller=QUEST_SERVER target=701782E8 SQR31?3              argc=0 site=7017C33E
gcalls seq=000744 caller=QUEST_SERVER target=701782E8 SQR31?3              argc=0 site=7017C33E
gcalls seq=000745 caller=QUEST_SERVER target=701782E8 SQR31?3              argc=0 site=7017C33E
gcalls seq=000746 caller=QUEST_SERVER target=701782E8 SQR31?3              argc=0 site=7017C33E
gcalls seq=000747 caller=QUEST_SERVER target=701782E8 SQR31?3              argc=0 site=7017C33E
gcalls seq=000748 caller=QUEST_SERVER target=701782E8 SQR31?3              argc=0 site=7017C33E
gcalls seq=000749 caller=QUEST_SERVER target=701782E8 SQR31?3              argc=0 site=7017C33E
gcalls seq=000750 caller=QUEST_SERVER target=701782E8 SQR31?3              argc=0 site=7017C33E
gcalls seq=000751 caller=QUEST_SERVER target=701782E8 SQR31?3              argc=0 site=7017C33E
gcalls seq=000752 caller=QUEST_SERVER target=701782E8 SQR31?3              argc=0 site=7017C33E
gcalls seq=000753 caller=QUEST_SERVER target=701782E8 SQR31?3              argc=0 site=7017C33E
gcalls seq=000754 caller=QUEST_SERVER target=701782E8 SQR31?3              argc=0 site=7017C33E
gcalls seq=000755 caller=QUEST_SERVER target=701782E8 SQR31?3              argc=0 site=7017C33E
gcalls seq=000756 caller=QUEST_SERVER target=701782E8 SQR31?3              argc=0 site=7017C33E
gcalls seq=000757 caller=QUEST_SERVER target=701782E8 SQR31?3              argc=0 site=7017C33E
gcalls seq=000758 caller=QUEST_SERVER target=701782E8 SQR31?3              argc=0 site=7017C33E
gcalls seq=000759 caller=QUEST_SERVER target=701782E8 SQR31?3              argc=0 site=7017C33E
gcalls seq=000760 caller=QUEST_SERVER target=701782E8 SQR31?3              argc=0 site=7017C33E
gcalls seq=000761 caller=QUEST_SERVER target=701782E8 SQR31?3              argc=0 site=7017C33E
gcalls seq=000762 caller=QUEST_SERVER target=701782E8 SQR31?3              argc=0 site=7017C33E
gcalls seq=000763 caller=QUEST_SERVER target=701782E8 SQR31?3              argc=0 site=7017C33E
gcalls seq=000764 caller=QUEST_SERVER target=701782E8 SQR31?3              argc=0 site=7017C33E
gcalls seq=000765 caller=QUEST_SERVER target=701782E8 SQR31?3              argc=0 site=7017C33E
gcalls seq=000766 caller=QUEST_SERVER target=701782E8 SQR31?3              argc=0 site=7017C33E
gcalls seq=000767 caller=QUEST_SERVER target=701782E8 SQR31?3              argc=0 site=7017C33E
gcalls seq=000768 caller=QUEST_SERVER target=701782E8 SQR31?3              argc=0 site=7017C33E
gcalls seq=000769 caller=QUEST_SERVER target=701782E8 SQR31?3              argc=0 site=7017C33E
gcalls seq=000770 caller=QUEST_SERVER target=701782E8 SQR31?3              argc=0 site=7017C33E
gcalls seq=000771 caller=QUEST_SERVER target=701782E8 SQR31?3              argc=0 site=7017C33E
gcalls seq=000772 caller=QUEST_SERVER target=701782E8 SQR31?3              argc=0 site=7017C33E
gcalls seq=000773 caller=QUEST_SERVER target=701782E8 SQR31?3              argc=0 site=7017C33E
gcalls seq=000774 caller=QUEST_SERVER target=701782E8 SQR31?3              argc=0 site=7017C33E
gcalls seq=000775 caller=QUEST_SERVER target=701782E8 SQR31?3              argc=0 site=7017C33E
gcalls seq=000776 caller=QUEST_SERVER target=701782E8 SQR31?3              argc=0 site=7017C33E
gcalls seq=000777 caller=QUEST_SERVER target=701782E8 SQR31?3              argc=0 site=7017C33E
gcalls seq=000778 caller=QUEST_SERVER target=701782E8 SQR31?3              argc=0 site=7017C33E
gcalls seq=000779 caller=QUEST_SERVER target=701782E8 SQR31?3              argc=0 site=7017C33E
gcalls seq=000780 caller=QUEST_SERVER target=701782E8 SQR31?3              argc=0 site=7017C33E
gcalls seq=000781 caller=QUEST_SERVER target=701782E8 SQR31?3              argc=0 site=7017C33E
gcalls seq=000782 caller=QUEST_SERVER target=701782E8 SQR31?3              argc=0 site=7017C33E
gcalls seq=000783 caller=QUEST_SERVER target=701782E8 SQR31?3              argc=0 site=7017C33E
gcalls seq=000784 caller=QUEST_SERVER target=701782E8 SQR31?3              argc=0 site=7017C33E
gcalls seq=000785 caller=QUEST_SERVER target=701782E8 SQR31?3              argc=0 site=7017C33E
gcalls seq=000786 caller=QUEST_SERVER target=701782E8 SQR31?3              argc=0 site=7017C33E
gcalls seq=000787 caller=QUEST_SERVER target=701782E8 SQR31?3              argc=0 site=7017C33E
gcalls seq=000788 caller=QUEST_SERVER target=701782E8 SQR31?3              argc=0 site=7017C33E
gcalls seq=000789 caller=QUEST_SERVER target=701782E8 SQR31?3              argc=0 site=7017C33E
gcalls seq=000790 caller=QUEST_SERVER target=701782E8 SQR31?3              argc=0 site=7017C33E
gcalls seq=000791 caller=QUEST_SERVER target=7017B501 PICK_X_Y             argc=2 site=7017AD25
gcalls seq=000792 caller=QUEST_SERVER target=7017C098 ROLL32               argc=0 site=7017E21A
gcalls seq=000793 caller=QUEST_SERVER target=7017C098 ROLL32               argc=0 site=7017E21A
gcalls seq=000794 caller=QUEST_SERVER target=7017C098 ROLL32               argc=0 site=7017E21A
gcalls seq=000795 caller=QUEST_SERVER target=7017C098 ROLL32               argc=0 site=7017E21A
gcalls seq=000796 caller=QUEST_SERVER target=70178F4D FIND_OBJECT          argc=3 site=7017AD2F
gcalls seq=000797 caller=QUEST_SERVER target=7017B501 PICK_X_Y             argc=2 site=7017AD25
gcalls seq=000798 caller=QUEST_SERVER target=7017C098 ROLL32               argc=0 site=7017E21A
gcalls seq=000799 caller=QUEST_SERVER target=7017C098 ROLL32               argc=0 site=7017E21A
gcalls seq=000800 caller=QUEST_SERVER target=7017C098 ROLL32               argc=0 site=7017E21A
gcalls seq=000801 caller=QUEST_SERVER target=7017C098 ROLL32               argc=0 site=7017E21A
gcalls seq=000802 caller=QUEST_SERVER target=70178F4D FIND_OBJECT          argc=3 site=7017AD2F
gcalls seq=000803 caller=QUEST_SERVER target=7017C13B TERRITORY            argc=6 site=7017AD41
gcalls seq=000804 caller=QUEST_SERVER target=701782E8 SQR31?3              argc=0 site=7017C33E
gcalls seq=000805 caller=QUEST_SERVER target=701782E8 SQR31?3              argc=0 site=7017C33E
gcalls seq=000806 caller=QUEST_SERVER target=701782E8 SQR31?3              argc=0 site=7017C33E
gcalls seq=000807 caller=QUEST_SERVER target=701782E8 SQR31?3              argc=0 site=7017C33E
gcalls seq=000808 caller=QUEST_SERVER target=701782E8 SQR31?3              argc=0 site=7017C33E
gcalls seq=000809 caller=QUEST_SERVER target=701782E8 SQR31?3              argc=0 site=7017C33E
gcalls seq=000810 caller=QUEST_SERVER target=701782E8 SQR31?3              argc=0 site=7017C33E
gcalls seq=000811 caller=QUEST_SERVER target=701782E8 SQR31?3              argc=0 site=7017C33E
gcalls seq=000812 caller=QUEST_SERVER target=701782E8 SQR31?3              argc=0 site=7017C33E
gcalls seq=000813 caller=QUEST_SERVER target=701782E8 SQR31?3              argc=0 site=7017C33E
gcalls seq=000814 caller=QUEST_SERVER target=701782E8 SQR31?3              argc=0 site=7017C33E
gcalls seq=000815 caller=QUEST_SERVER target=701782E8 SQR31?3              argc=0 site=7017C33E
gcalls seq=000816 caller=QUEST_SERVER target=701782E8 SQR31?3              argc=0 site=7017C33E
gcalls seq=000817 caller=QUEST_SERVER target=701782E8 SQR31?3              argc=0 site=7017C33E
gcalls seq=000818 caller=QUEST_SERVER target=701782E8 SQR31?3              argc=0 site=7017C33E
gcalls seq=000819 caller=QUEST_SERVER target=701782E8 SQR31?3              argc=0 site=7017C33E
gcalls seq=000820 caller=QUEST_SERVER target=701782E8 SQR31?3              argc=0 site=7017C33E
gcalls seq=000821 caller=QUEST_SERVER target=701782E8 SQR31?3              argc=0 site=7017C33E
gcalls seq=000822 caller=QUEST_SERVER target=701782E8 SQR31?3              argc=0 site=7017C33E
gcalls seq=000823 caller=QUEST_SERVER target=701782E8 SQR31?3              argc=0 site=7017C33E
gcalls seq=000824 caller=QUEST_SERVER target=701782E8 SQR31?3              argc=0 site=7017C33E
gcalls seq=000825 caller=QUEST_SERVER target=701782E8 SQR31?3              argc=0 site=7017C33E
gcalls seq=000826 caller=QUEST_SERVER target=701782E8 SQR31?3              argc=0 site=7017C33E
gcalls seq=000827 caller=QUEST_SERVER target=701782E8 SQR31?3              argc=0 site=7017C33E
gcalls seq=000828 caller=QUEST_SERVER target=701782E8 SQR31?3              argc=0 site=7017C33E
gcalls seq=000829 caller=QUEST_SERVER target=701782E8 SQR31?3              argc=0 site=7017C33E
gcalls seq=000830 caller=QUEST_SERVER target=701782E8 SQR31?3              argc=0 site=7017C33E
gcalls seq=000831 caller=QUEST_SERVER target=701782E8 SQR31?3              argc=0 site=7017C33E
gcalls seq=000832 caller=QUEST_SERVER target=701782E8 SQR31?3              argc=0 site=7017C33E
gcalls seq=000833 caller=QUEST_SERVER target=701782E8 SQR31?3              argc=0 site=7017C33E
gcalls seq=000834 caller=QUEST_SERVER target=701782E8 SQR31?3              argc=0 site=7017C33E
gcalls seq=000835 caller=QUEST_SERVER target=701782E8 SQR31?3              argc=0 site=7017C33E
gcalls seq=000836 caller=QUEST_SERVER target=701782E8 SQR31?3              argc=0 site=7017C33E
gcalls seq=000837 caller=QUEST_SERVER target=701782E8 SQR31?3              argc=0 site=7017C33E
gcalls seq=000838 caller=QUEST_SERVER target=701782E8 SQR31?3              argc=0 site=7017C33E
gcalls seq=000839 caller=QUEST_SERVER target=701782E8 SQR31?3              argc=0 site=7017C33E
gcalls seq=000840 caller=QUEST_SERVER target=701782E8 SQR31?3              argc=0 site=7017C33E
gcalls seq=000841 caller=QUEST_SERVER target=701782E8 SQR31?3              argc=0 site=7017C33E
gcalls seq=000842 caller=QUEST_SERVER target=701782E8 SQR31?3              argc=0 site=7017C33E
gcalls seq=000843 caller=QUEST_SERVER target=701782E8 SQR31?3              argc=0 site=7017C33E
gcalls seq=000844 caller=QUEST_SERVER target=701782E8 SQR31?3              argc=0 site=7017C33E
gcalls seq=000845 caller=QUEST_SERVER target=701782E8 SQR31?3              argc=0 site=7017C33E
gcalls seq=000846 caller=QUEST_SERVER target=701782E8 SQR31?3              argc=0 site=7017C33E
gcalls seq=000847 caller=QUEST_SERVER target=701782E8 SQR31?3              argc=0 site=7017C33E
gcalls seq=000848 caller=QUEST_SERVER target=701782E8 SQR31?3              argc=0 site=7017C33E
gcalls seq=000849 caller=QUEST_SERVER target=701782E8 SQR31?3              argc=0 site=7017C33E
gcalls seq=000850 caller=QUEST_SERVER target=701782E8 SQR31?3              argc=0 site=7017C33E
gcalls seq=000851 caller=QUEST_SERVER target=701782E8 SQR31?3              argc=0 site=7017C33E
gcalls seq=000852 caller=QUEST_SERVER target=701782E8 SQR31?3              argc=0 site=7017C33E
gcalls seq=000853 caller=QUEST_SERVER target=701782E8 SQR31?3              argc=0 site=7017C33E
gcalls seq=000854 caller=QUEST_SERVER target=701782E8 SQR31?3              argc=0 site=7017C33E
gcalls seq=000855 caller=QUEST_SERVER target=701782E8 SQR31?3              argc=0 site=7017C33E
gcalls seq=000856 caller=QUEST_SERVER target=701782E8 SQR31?3              argc=0 site=7017C33E
gcalls seq=000857 caller=QUEST_SERVER target=701782E8 SQR31?3              argc=0 site=7017C33E
gcalls seq=000858 caller=QUEST_SERVER target=701782E8 SQR31?3              argc=0 site=7017C33E
gcalls seq=000859 caller=QUEST_SERVER target=701782E8 SQR31?3              argc=0 site=7017C33E
gcalls seq=000860 caller=QUEST_SERVER target=701782E8 SQR31?3              argc=0 site=7017C33E
gcalls seq=000861 caller=QUEST_SERVER target=701782E8 SQR31?3              argc=0 site=7017C33E
gcalls seq=000862 caller=QUEST_SERVER target=701782E8 SQR31?3              argc=0 site=7017C33E
gcalls seq=000863 caller=QUEST_SERVER target=701782E8 SQR31?3              argc=0 site=7017C33E
gcalls seq=000864 caller=QUEST_SERVER target=701782E8 SQR31?3              argc=0 site=7017C33E
gcalls seq=000865 caller=QUEST_SERVER target=701782E8 SQR31?3              argc=0 site=7017C33E
gcalls seq=000866 caller=QUEST_SERVER target=701782E8 SQR31?3              argc=0 site=7017C33E
gcalls seq=000867 caller=QUEST_SERVER target=701782E8 SQR31?3              argc=0 site=7017C33E
gcalls seq=000868 caller=QUEST_SERVER target=701782E8 SQR31?3              argc=0 site=7017C33E
gcalls seq=000869 caller=QUEST_SERVER target=701782E8 SQR31?3              argc=0 site=7017C33E
gcalls seq=000870 caller=QUEST_SERVER target=701782E8 SQR31?3              argc=0 site=7017C33E
gcalls seq=000871 caller=QUEST_SERVER target=701782E8 SQR31?3              argc=0 site=7017C33E
gcalls seq=000872 caller=QUEST_SERVER target=701782E8 SQR31?3              argc=0 site=7017C33E
gcalls seq=000873 caller=QUEST_SERVER target=701782E8 SQR31?3              argc=0 site=7017C33E
gcalls seq=000874 caller=QUEST_SERVER target=701782E8 SQR31?3              argc=0 site=7017C33E
gcalls seq=000875 caller=QUEST_SERVER target=701782E8 SQR31?3              argc=0 site=7017C33E
gcalls seq=000876 caller=QUEST_SERVER target=701782E8 SQR31?3              argc=0 site=7017C33E
gcalls seq=000877 caller=QUEST_SERVER target=701782E8 SQR31?3              argc=0 site=7017C33E
gcalls seq=000878 caller=QUEST_SERVER target=701782E8 SQR31?3              argc=0 site=7017C33E
gcalls seq=000879 caller=QUEST_SERVER target=701782E8 SQR31?3              argc=0 site=7017C33E
gcalls seq=000880 caller=QUEST_SERVER target=701782E8 SQR31?3              argc=0 site=7017C33E
gcalls seq=000881 caller=QUEST_SERVER target=701782E8 SQR31?3              argc=0 site=7017C33E
gcalls seq=000882 caller=QUEST_SERVER target=701782E8 SQR31?3              argc=0 site=7017C33E
gcalls seq=000883 caller=QUEST_SERVER target=701782E8 SQR31?3              argc=0 site=7017C33E
gcalls seq=000884 caller=QUEST_SERVER target=701782E8 SQR31?3              argc=0 site=7017C33E
gcalls seq=000885 caller=QUEST_SERVER target=701782E8 SQR31?3              argc=0 site=7017C33E
gcalls seq=000886 caller=QUEST_SERVER target=701782E8 SQR31?3              argc=0 site=7017C33E
gcalls seq=000887 caller=QUEST_SERVER target=701782E8 SQR31?3              argc=0 site=7017C33E
gcalls seq=000888 caller=QUEST_SERVER target=701782E8 SQR31?3              argc=0 site=7017C33E
gcalls seq=000889 caller=QUEST_SERVER target=701782E8 SQR31?3              argc=0 site=7017C33E
gcalls seq=000890 caller=QUEST_SERVER target=701782E8 SQR31?3              argc=0 site=7017C33E
gcalls seq=000891 caller=QUEST_SERVER target=701782E8 SQR31?3              argc=0 site=7017C33E
gcalls seq=000892 caller=QUEST_SERVER target=701782E8 SQR31?3              argc=0 site=7017C33E
gcalls seq=000893 caller=QUEST_SERVER target=701782E8 SQR31?3              argc=0 site=7017C33E
gcalls seq=000894 caller=QUEST_SERVER target=701782E8 SQR31?3              argc=0 site=7017C33E
gcalls seq=000895 caller=QUEST_SERVER target=701782E8 SQR31?3              argc=0 site=7017C33E
gcalls seq=000896 caller=QUEST_SERVER target=701782E8 SQR31?3              argc=0 site=7017C33E
gcalls seq=000897 caller=QUEST_SERVER target=701782E8 SQR31?3              argc=0 site=7017C33E
gcalls seq=000898 caller=QUEST_SERVER target=701782E8 SQR31?3              argc=0 site=7017C33E
gcalls seq=000899 caller=QUEST_SERVER target=701782E8 SQR31?3              argc=0 site=7017C33E
gcalls seq=000900 caller=QUEST_SERVER target=701782E8 SQR31?3              argc=0 site=7017C33E
gcalls seq=000901 caller=QUEST_SERVER target=701782E8 SQR31?3              argc=0 site=7017C33E
gcalls seq=000902 caller=QUEST_SERVER target=701782E8 SQR31?3              argc=0 site=7017C33E
gcalls seq=000903 caller=QUEST_SERVER target=701782E8 SQR31?3              argc=0 site=7017C33E
gcalls seq=000904 caller=QUEST_SERVER target=701782E8 SQR31?3              argc=0 site=7017C33E
gcalls seq=000905 caller=QUEST_SERVER target=701782E8 SQR31?3              argc=0 site=7017C33E
gcalls seq=000906 caller=QUEST_SERVER target=701782E8 SQR31?3              argc=0 site=7017C33E
gcalls seq=000907 caller=QUEST_SERVER target=701782E8 SQR31?3              argc=0 site=7017C33E
gcalls seq=000908 caller=QUEST_SERVER target=701782E8 SQR31?3              argc=0 site=7017C33E
gcalls seq=000909 caller=QUEST_SERVER target=701782E8 SQR31?3              argc=0 site=7017C33E
gcalls seq=000910 caller=QUEST_SERVER target=701782E8 SQR31?3              argc=0 site=7017C33E
gcalls seq=000911 caller=QUEST_SERVER target=701782E8 SQR31?3              argc=0 site=7017C33E
gcalls seq=000912 caller=QUEST_SERVER target=701782E8 SQR31?3              argc=0 site=7017C33E
gcalls seq=000913 caller=QUEST_SERVER target=701782E8 SQR31?3              argc=0 site=7017C33E
gcalls seq=000914 caller=QUEST_SERVER target=701782E8 SQR31?3              argc=0 site=7017C33E
gcalls seq=000915 caller=QUEST_SERVER target=701782E8 SQR31?3              argc=0 site=7017C33E
gcalls seq=000916 caller=QUEST_SERVER target=701782E8 SQR31?3              argc=0 site=7017C33E
gcalls seq=000917 caller=QUEST_SERVER target=701782E8 SQR31?3              argc=0 site=7017C33E
gcalls seq=000918 caller=QUEST_SERVER target=701782E8 SQR31?3              argc=0 site=7017C33E
gcalls seq=000919 caller=QUEST_SERVER target=701782E8 SQR31?3              argc=0 site=7017C33E
gcalls seq=000920 caller=QUEST_SERVER target=7017B501 PICK_X_Y             argc=2 site=7017AD25
gcalls seq=000921 caller=QUEST_SERVER target=7017C098 ROLL32               argc=0 site=7017E21A
gcalls seq=000922 caller=QUEST_SERVER target=7017C098 ROLL32               argc=0 site=7017E21A
gcalls seq=000923 caller=QUEST_SERVER target=7017C098 ROLL32               argc=0 site=7017E21A
gcalls seq=000924 caller=QUEST_SERVER target=70178F4D FIND_OBJECT          argc=3 site=7017AD2F
gcalls seq=000925 caller=QUEST_SERVER target=7017C13B TERRITORY            argc=6 site=7017AD41
gcalls seq=000926 caller=QUEST_SERVER target=701782E8 SQR31?3              argc=0 site=7017C33E
gcalls seq=000927 caller=QUEST_SERVER target=701782E8 SQR31?3              argc=0 site=7017C33E
gcalls seq=000928 caller=QUEST_SERVER target=701782E8 SQR31?3              argc=0 site=7017C33E
gcalls seq=000929 caller=QUEST_SERVER target=701782E8 SQR31?3              argc=0 site=7017C33E
gcalls seq=000930 caller=QUEST_SERVER target=701782E8 SQR31?3              argc=0 site=7017C33E
gcalls seq=000931 caller=QUEST_SERVER target=701782E8 SQR31?3              argc=0 site=7017C33E
gcalls seq=000932 caller=QUEST_SERVER target=701782E8 SQR31?3              argc=0 site=7017C33E
gcalls seq=000933 caller=QUEST_SERVER target=701782E8 SQR31?3              argc=0 site=7017C33E
gcalls seq=000934 caller=QUEST_SERVER target=701782E8 SQR31?3              argc=0 site=7017C33E
gcalls seq=000935 caller=QUEST_SERVER target=701782E8 SQR31?3              argc=0 site=7017C33E
gcalls seq=000936 caller=QUEST_SERVER target=701782E8 SQR31?3              argc=0 site=7017C33E
gcalls seq=000937 caller=QUEST_SERVER target=701782E8 SQR31?3              argc=0 site=7017C33E
gcalls seq=000938 caller=QUEST_SERVER target=701782E8 SQR31?3              argc=0 site=7017C33E
gcalls seq=000939 caller=QUEST_SERVER target=701782E8 SQR31?3              argc=0 site=7017C33E
gcalls seq=000940 caller=QUEST_SERVER target=701782E8 SQR31?3              argc=0 site=7017C33E
gcalls seq=000941 caller=QUEST_SERVER target=701782E8 SQR31?3              argc=0 site=7017C33E
gcalls seq=000942 caller=QUEST_SERVER target=701782E8 SQR31?3              argc=0 site=7017C33E
gcalls seq=000943 caller=QUEST_SERVER target=701782E8 SQR31?3              argc=0 site=7017C33E
gcalls seq=000944 caller=QUEST_SERVER target=701782E8 SQR31?3              argc=0 site=7017C33E
gcalls seq=000945 caller=QUEST_SERVER target=701782E8 SQR31?3              argc=0 site=7017C33E
gcalls seq=000946 caller=QUEST_SERVER target=701782E8 SQR31?3              argc=0 site=7017C33E
gcalls seq=000947 caller=QUEST_SERVER target=701782E8 SQR31?3              argc=0 site=7017C33E
gcalls seq=000948 caller=QUEST_SERVER target=701782E8 SQR31?3              argc=0 site=7017C33E
gcalls seq=000949 caller=QUEST_SERVER target=701782E8 SQR31?3              argc=0 site=7017C33E
gcalls seq=000950 caller=QUEST_SERVER target=701782E8 SQR31?3              argc=0 site=7017C33E
gcalls seq=000951 caller=QUEST_SERVER target=701782E8 SQR31?3              argc=0 site=7017C33E
gcalls seq=000952 caller=QUEST_SERVER target=701782E8 SQR31?3              argc=0 site=7017C33E
gcalls seq=000953 caller=QUEST_SERVER target=701782E8 SQR31?3              argc=0 site=7017C33E
gcalls seq=000954 caller=QUEST_SERVER target=701782E8 SQR31?3              argc=0 site=7017C33E
gcalls seq=000955 caller=QUEST_SERVER target=701782E8 SQR31?3              argc=0 site=7017C33E
gcalls seq=000956 caller=QUEST_SERVER target=701782E8 SQR31?3              argc=0 site=7017C33E
gcalls seq=000957 caller=QUEST_SERVER target=701782E8 SQR31?3              argc=0 site=7017C33E
gcalls seq=000958 caller=QUEST_SERVER target=701782E8 SQR31?3              argc=0 site=7017C33E
gcalls seq=000959 caller=QUEST_SERVER target=701782E8 SQR31?3              argc=0 site=7017C33E
gcalls seq=000960 caller=QUEST_SERVER target=701782E8 SQR31?3              argc=0 site=7017C33E
gcalls seq=000961 caller=QUEST_SERVER target=701782E8 SQR31?3              argc=0 site=7017C33E
gcalls seq=000962 caller=QUEST_SERVER target=701782E8 SQR31?3              argc=0 site=7017C33E
gcalls seq=000963 caller=QUEST_SERVER target=701782E8 SQR31?3              argc=0 site=7017C33E
gcalls seq=000964 caller=QUEST_SERVER target=701782E8 SQR31?3              argc=0 site=7017C33E
gcalls seq=000965 caller=QUEST_SERVER target=701782E8 SQR31?3              argc=0 site=7017C33E
gcalls seq=000966 caller=QUEST_SERVER target=701782E8 SQR31?3              argc=0 site=7017C33E
gcalls seq=000967 caller=QUEST_SERVER target=701782E8 SQR31?3              argc=0 site=7017C33E
gcalls seq=000968 caller=QUEST_SERVER target=701782E8 SQR31?3              argc=0 site=7017C33E
gcalls seq=000969 caller=QUEST_SERVER target=701782E8 SQR31?3              argc=0 site=7017C33E
gcalls seq=000970 caller=QUEST_SERVER target=701782E8 SQR31?3              argc=0 site=7017C33E
gcalls seq=000971 caller=QUEST_SERVER target=701782E8 SQR31?3              argc=0 site=7017C33E
gcalls seq=000972 caller=QUEST_SERVER target=701782E8 SQR31?3              argc=0 site=7017C33E
gcalls seq=000973 caller=QUEST_SERVER target=701782E8 SQR31?3              argc=0 site=7017C33E
gcalls seq=000974 caller=QUEST_SERVER target=701782E8 SQR31?3              argc=0 site=7017C33E
gcalls seq=000975 caller=QUEST_SERVER target=701782E8 SQR31?3              argc=0 site=7017C33E
gcalls seq=000976 caller=QUEST_SERVER target=701782E8 SQR31?3              argc=0 site=7017C33E
gcalls seq=000977 caller=QUEST_SERVER target=701782E8 SQR31?3              argc=0 site=7017C33E
gcalls seq=000978 caller=QUEST_SERVER target=701782E8 SQR31?3              argc=0 site=7017C33E
gcalls seq=000979 caller=QUEST_SERVER target=701782E8 SQR31?3              argc=0 site=7017C33E
gcalls seq=000980 caller=QUEST_SERVER target=701782E8 SQR31?3              argc=0 site=7017C33E
gcalls seq=000981 caller=QUEST_SERVER target=701782E8 SQR31?3              argc=0 site=7017C33E
gcalls seq=000982 caller=QUEST_SERVER target=701782E8 SQR31?3              argc=0 site=7017C33E
gcalls seq=000983 caller=QUEST_SERVER target=701782E8 SQR31?3              argc=0 site=7017C33E
gcalls seq=000984 caller=QUEST_SERVER target=701782E8 SQR31?3              argc=0 site=7017C33E
gcalls seq=000985 caller=QUEST_SERVER target=701782E8 SQR31?3              argc=0 site=7017C33E
gcalls seq=000986 caller=QUEST_SERVER target=701782E8 SQR31?3              argc=0 site=7017C33E
gcalls seq=000987 caller=QUEST_SERVER target=701782E8 SQR31?3              argc=0 site=7017C33E
gcalls seq=000988 caller=QUEST_SERVER target=701782E8 SQR31?3              argc=0 site=7017C33E
gcalls seq=000989 caller=QUEST_SERVER target=701782E8 SQR31?3              argc=0 site=7017C33E
gcalls seq=000990 caller=QUEST_SERVER target=701782E8 SQR31?3              argc=0 site=7017C33E
gcalls seq=000991 caller=QUEST_SERVER target=701782E8 SQR31?3              argc=0 site=7017C33E
gcalls seq=000992 caller=QUEST_SERVER target=701782E8 SQR31?3              argc=0 site=7017C33E
gcalls seq=000993 caller=QUEST_SERVER target=701782E8 SQR31?3              argc=0 site=7017C33E
gcalls seq=000994 caller=QUEST_SERVER target=701782E8 SQR31?3              argc=0 site=7017C33E
gcalls seq=000995 caller=QUEST_SERVER target=701782E8 SQR31?3              argc=0 site=7017C33E
gcalls seq=000996 caller=QUEST_SERVER target=701782E8 SQR31?3              argc=0 site=7017C33E
gcalls seq=000997 caller=QUEST_SERVER target=701782E8 SQR31?3              argc=0 site=7017C33E
gcalls seq=000998 caller=QUEST_SERVER target=701782E8 SQR31?3              argc=0 site=7017C33E
gcalls seq=000999 caller=QUEST_SERVER target=701782E8 SQR31?3              argc=0 site=7017C33E
gcalls seq=001000 caller=QUEST_SERVER target=701782E8 SQR31?3              argc=0 site=7017C33E
gcalls seq=001001 caller=QUEST_SERVER target=701782E8 SQR31?3              argc=0 site=7017C33E
gcalls seq=001002 caller=QUEST_SERVER target=701782E8 SQR31?3              argc=0 site=7017C33E
gcalls seq=001003 caller=QUEST_SERVER target=701782E8 SQR31?3              argc=0 site=7017C33E
gcalls seq=001004 caller=QUEST_SERVER target=701782E8 SQR31?3              argc=0 site=7017C33E
gcalls seq=001005 caller=QUEST_SERVER target=701782E8 SQR31?3              argc=0 site=7017C33E
gcalls seq=001006 caller=QUEST_SERVER target=701782E8 SQR31?3              argc=0 site=7017C33E
gcalls seq=001007 caller=QUEST_SERVER target=701782E8 SQR31?3              argc=0 site=7017C33E
gcalls seq=001008 caller=QUEST_SERVER target=701782E8 SQR31?3              argc=0 site=7017C33E
gcalls seq=001009 caller=QUEST_SERVER target=701782E8 SQR31?3              argc=0 site=7017C33E
gcalls seq=001010 caller=QUEST_SERVER target=701782E8 SQR31?3              argc=0 site=7017C33E
gcalls seq=001011 caller=QUEST_SERVER target=701782E8 SQR31?3              argc=0 site=7017C33E
gcalls seq=001012 caller=QUEST_SERVER target=701782E8 SQR31?3              argc=0 site=7017C33E
gcalls seq=001013 caller=QUEST_SERVER target=701782E8 SQR31?3              argc=0 site=7017C33E
gcalls seq=001014 caller=QUEST_SERVER target=701782E8 SQR31?3              argc=0 site=7017C33E
gcalls seq=001015 caller=QUEST_SERVER target=701782E8 SQR31?3              argc=0 site=7017C33E
gcalls seq=001016 caller=QUEST_SERVER target=701782E8 SQR31?3              argc=0 site=7017C33E
gcalls seq=001017 caller=QUEST_SERVER target=701782E8 SQR31?3              argc=0 site=7017C33E
gcalls seq=001018 caller=QUEST_SERVER target=701782E8 SQR31?3              argc=0 site=7017C33E
gcalls seq=001019 caller=QUEST_SERVER target=701782E8 SQR31?3              argc=0 site=7017C33E
gcalls seq=001020 caller=QUEST_SERVER target=701782E8 SQR31?3              argc=0 site=7017C33E
gcalls seq=001021 caller=QUEST_SERVER target=701782E8 SQR31?3              argc=0 site=7017C33E
gcalls seq=001022 caller=QUEST_SERVER target=701782E8 SQR31?3              argc=0 site=7017C33E
gcalls seq=001023 caller=QUEST_SERVER target=701782E8 SQR31?3              argc=0 site=7017C33E
gcalls seq=001024 caller=QUEST_SERVER target=701782E8 SQR31?3              argc=0 site=7017C33E
gcalls seq=001025 caller=QUEST_SERVER target=701782E8 SQR31?3              argc=0 site=7017C33E
gcalls seq=001026 caller=QUEST_SERVER target=701782E8 SQR31?3              argc=0 site=7017C33E
gcalls seq=001027 caller=QUEST_SERVER target=701782E8 SQR31?3              argc=0 site=7017C33E
gcalls seq=001028 caller=QUEST_SERVER target=701782E8 SQR31?3              argc=0 site=7017C33E
gcalls seq=001029 caller=QUEST_SERVER target=701782E8 SQR31?3              argc=0 site=7017C33E
gcalls seq=001030 caller=QUEST_SERVER target=701782E8 SQR31?3              argc=0 site=7017C33E
gcalls seq=001031 caller=QUEST_SERVER target=701782E8 SQR31?3              argc=0 site=7017C33E
gcalls seq=001032 caller=QUEST_SERVER target=701782E8 SQR31?3              argc=0 site=7017C33E
gcalls seq=001033 caller=QUEST_SERVER target=701782E8 SQR31?3              argc=0 site=7017C33E
gcalls seq=001034 caller=QUEST_SERVER target=701782E8 SQR31?3              argc=0 site=7017C33E
gcalls seq=001035 caller=QUEST_SERVER target=701782E8 SQR31?3              argc=0 site=7017C33E
gcalls seq=001036 caller=QUEST_SERVER target=701782E8 SQR31?3              argc=0 site=7017C33E
gcalls seq=001037 caller=QUEST_SERVER target=701782E8 SQR31?3              argc=0 site=7017C33E
gcalls seq=001038 caller=QUEST_SERVER target=701782E8 SQR31?3              argc=0 site=7017C33E
gcalls seq=001039 caller=QUEST_SERVER target=701782E8 SQR31?3              argc=0 site=7017C33E
gcalls seq=001040 caller=QUEST_SERVER target=701782E8 SQR31?3              argc=0 site=7017C33E
gcalls seq=001041 caller=QUEST_SERVER target=701782E8 SQR31?3              argc=0 site=7017C33E
gcalls seq=001042 caller=QUEST_SERVER target=7017B501 PICK_X_Y             argc=2 site=7017AD25
gcalls seq=001043 caller=QUEST_SERVER target=7017C098 ROLL32               argc=0 site=7017E21A
gcalls seq=001044 caller=QUEST_SERVER target=7017C098 ROLL32               argc=0 site=7017E21A
gcalls seq=001045 caller=QUEST_SERVER target=7017C098 ROLL32               argc=0 site=7017E21A
gcalls seq=001046 caller=QUEST_SERVER target=7017C098 ROLL32               argc=0 site=7017E21A
gcalls seq=001047 caller=QUEST_SERVER target=7017C098 ROLL32               argc=0 site=7017E21A
gcalls seq=001048 caller=QUEST_SERVER target=7017C098 ROLL32               argc=0 site=7017E21A
gcalls seq=001049 caller=QUEST_SERVER target=70178F4D FIND_OBJECT          argc=3 site=7017AD2F
gcalls seq=001050 caller=QUEST_SERVER target=7017C13B TERRITORY            argc=6 site=7017AD41
gcalls seq=001051 caller=QUEST_SERVER target=701782E8 SQR31?3              argc=0 site=7017C33E
gcalls seq=001052 caller=QUEST_SERVER target=701782E8 SQR31?3              argc=0 site=7017C33E
gcalls seq=001053 caller=QUEST_SERVER target=701782E8 SQR31?3              argc=0 site=7017C33E
gcalls seq=001054 caller=QUEST_SERVER target=701782E8 SQR31?3              argc=0 site=7017C33E
gcalls seq=001055 caller=QUEST_SERVER target=701782E8 SQR31?3              argc=0 site=7017C33E
gcalls seq=001056 caller=QUEST_SERVER target=701782E8 SQR31?3              argc=0 site=7017C33E
gcalls seq=001057 caller=QUEST_SERVER target=701782E8 SQR31?3              argc=0 site=7017C33E
gcalls seq=001058 caller=QUEST_SERVER target=701782E8 SQR31?3              argc=0 site=7017C33E
gcalls seq=001059 caller=QUEST_SERVER target=701782E8 SQR31?3              argc=0 site=7017C33E
gcalls seq=001060 caller=QUEST_SERVER target=701782E8 SQR31?3              argc=0 site=7017C33E
gcalls seq=001061 caller=QUEST_SERVER target=701782E8 SQR31?3              argc=0 site=7017C33E
gcalls seq=001062 caller=QUEST_SERVER target=701782E8 SQR31?3              argc=0 site=7017C33E
gcalls seq=001063 caller=QUEST_SERVER target=701782E8 SQR31?3              argc=0 site=7017C33E
gcalls seq=001064 caller=QUEST_SERVER target=701782E8 SQR31?3              argc=0 site=7017C33E
gcalls seq=001065 caller=QUEST_SERVER target=701782E8 SQR31?3              argc=0 site=7017C33E
gcalls seq=001066 caller=QUEST_SERVER target=701782E8 SQR31?3              argc=0 site=7017C33E
gcalls seq=001067 caller=QUEST_SERVER target=701782E8 SQR31?3              argc=0 site=7017C33E
gcalls seq=001068 caller=QUEST_SERVER target=701782E8 SQR31?3              argc=0 site=7017C33E
gcalls seq=001069 caller=QUEST_SERVER target=701782E8 SQR31?3              argc=0 site=7017C33E
gcalls seq=001070 caller=QUEST_SERVER target=701782E8 SQR31?3              argc=0 site=7017C33E
gcalls seq=001071 caller=QUEST_SERVER target=701782E8 SQR31?3              argc=0 site=7017C33E
gcalls seq=001072 caller=QUEST_SERVER target=701782E8 SQR31?3              argc=0 site=7017C33E
gcalls seq=001073 caller=QUEST_SERVER target=701782E8 SQR31?3              argc=0 site=7017C33E
gcalls seq=001074 caller=QUEST_SERVER target=701782E8 SQR31?3              argc=0 site=7017C33E
gcalls seq=001075 caller=QUEST_SERVER target=701782E8 SQR31?3              argc=0 site=7017C33E
gcalls seq=001076 caller=QUEST_SERVER target=701782E8 SQR31?3              argc=0 site=7017C33E
gcalls seq=001077 caller=QUEST_SERVER target=701782E8 SQR31?3              argc=0 site=7017C33E
gcalls seq=001078 caller=QUEST_SERVER target=701782E8 SQR31?3              argc=0 site=7017C33E
gcalls seq=001079 caller=QUEST_SERVER target=701782E8 SQR31?3              argc=0 site=7017C33E
gcalls seq=001080 caller=QUEST_SERVER target=701782E8 SQR31?3              argc=0 site=7017C33E
gcalls seq=001081 caller=QUEST_SERVER target=701782E8 SQR31?3              argc=0 site=7017C33E
gcalls seq=001082 caller=QUEST_SERVER target=701782E8 SQR31?3              argc=0 site=7017C33E
gcalls seq=001083 caller=QUEST_SERVER target=701782E8 SQR31?3              argc=0 site=7017C33E
gcalls seq=001084 caller=QUEST_SERVER target=701782E8 SQR31?3              argc=0 site=7017C33E
gcalls seq=001085 caller=QUEST_SERVER target=701782E8 SQR31?3              argc=0 site=7017C33E
gcalls seq=001086 caller=QUEST_SERVER target=701782E8 SQR31?3              argc=0 site=7017C33E
gcalls seq=001087 caller=QUEST_SERVER target=701782E8 SQR31?3              argc=0 site=7017C33E
gcalls seq=001088 caller=QUEST_SERVER target=701782E8 SQR31?3              argc=0 site=7017C33E
gcalls seq=001089 caller=QUEST_SERVER target=701782E8 SQR31?3              argc=0 site=7017C33E
gcalls seq=001090 caller=QUEST_SERVER target=701782E8 SQR31?3              argc=0 site=7017C33E
gcalls seq=001091 caller=QUEST_SERVER target=701782E8 SQR31?3              argc=0 site=7017C33E
gcalls seq=001092 caller=QUEST_SERVER target=701782E8 SQR31?3              argc=0 site=7017C33E
gcalls seq=001093 caller=QUEST_SERVER target=701782E8 SQR31?3              argc=0 site=7017C33E
gcalls seq=001094 caller=QUEST_SERVER target=701782E8 SQR31?3              argc=0 site=7017C33E
gcalls seq=001095 caller=QUEST_SERVER target=701782E8 SQR31?3              argc=0 site=7017C33E
gcalls seq=001096 caller=QUEST_SERVER target=701782E8 SQR31?3              argc=0 site=7017C33E
gcalls seq=001097 caller=QUEST_SERVER target=701782E8 SQR31?3              argc=0 site=7017C33E
gcalls seq=001098 caller=QUEST_SERVER target=701782E8 SQR31?3              argc=0 site=7017C33E
gcalls seq=001099 caller=QUEST_SERVER target=701782E8 SQR31?3              argc=0 site=7017C33E
gcalls seq=001100 caller=QUEST_SERVER target=701782E8 SQR31?3              argc=0 site=7017C33E
gcalls seq=001101 caller=QUEST_SERVER target=701782E8 SQR31?3              argc=0 site=7017C33E
gcalls seq=001102 caller=QUEST_SERVER target=701782E8 SQR31?3              argc=0 site=7017C33E
gcalls seq=001103 caller=QUEST_SERVER target=701782E8 SQR31?3              argc=0 site=7017C33E
gcalls seq=001104 caller=QUEST_SERVER target=701782E8 SQR31?3              argc=0 site=7017C33E
gcalls seq=001105 caller=QUEST_SERVER target=701782E8 SQR31?3              argc=0 site=7017C33E
gcalls seq=001106 caller=QUEST_SERVER target=701782E8 SQR31?3              argc=0 site=7017C33E
gcalls seq=001107 caller=QUEST_SERVER target=701782E8 SQR31?3              argc=0 site=7017C33E
gcalls seq=001108 caller=QUEST_SERVER target=701782E8 SQR31?3              argc=0 site=7017C33E
gcalls seq=001109 caller=QUEST_SERVER target=701782E8 SQR31?3              argc=0 site=7017C33E
gcalls seq=001110 caller=QUEST_SERVER target=701782E8 SQR31?3              argc=0 site=7017C33E
gcalls seq=001111 caller=QUEST_SERVER target=701782E8 SQR31?3              argc=0 site=7017C33E
gcalls seq=001112 caller=QUEST_SERVER target=701782E8 SQR31?3              argc=0 site=7017C33E
gcalls seq=001113 caller=QUEST_SERVER target=701782E8 SQR31?3              argc=0 site=7017C33E
gcalls seq=001114 caller=QUEST_SERVER target=701782E8 SQR31?3              argc=0 site=7017C33E
gcalls seq=001115 caller=QUEST_SERVER target=701782E8 SQR31?3              argc=0 site=7017C33E
gcalls seq=001116 caller=QUEST_SERVER target=701782E8 SQR31?3              argc=0 site=7017C33E
gcalls seq=001117 caller=QUEST_SERVER target=701782E8 SQR31?3              argc=0 site=7017C33E
gcalls seq=001118 caller=QUEST_SERVER target=701782E8 SQR31?3              argc=0 site=7017C33E
gcalls seq=001119 caller=QUEST_SERVER target=701782E8 SQR31?3              argc=0 site=7017C33E
gcalls seq=001120 caller=QUEST_SERVER target=701782E8 SQR31?3              argc=0 site=7017C33E
gcalls seq=001121 caller=QUEST_SERVER target=701782E8 SQR31?3              argc=0 site=7017C33E
gcalls seq=001122 caller=QUEST_SERVER target=701782E8 SQR31?3              argc=0 site=7017C33E
gcalls seq=001123 caller=QUEST_SERVER target=701782E8 SQR31?3              argc=0 site=7017C33E
gcalls seq=001124 caller=QUEST_SERVER target=701782E8 SQR31?3              argc=0 site=7017C33E
gcalls seq=001125 caller=QUEST_SERVER target=701782E8 SQR31?3              argc=0 site=7017C33E
gcalls seq=001126 caller=QUEST_SERVER target=701782E8 SQR31?3              argc=0 site=7017C33E
gcalls seq=001127 caller=QUEST_SERVER target=701782E8 SQR31?3              argc=0 site=7017C33E
gcalls seq=001128 caller=QUEST_SERVER target=701782E8 SQR31?3              argc=0 site=7017C33E
gcalls seq=001129 caller=QUEST_SERVER target=701782E8 SQR31?3              argc=0 site=7017C33E
gcalls seq=001130 caller=QUEST_SERVER target=701782E8 SQR31?3              argc=0 site=7017C33E
gcalls seq=001131 caller=QUEST_SERVER target=701782E8 SQR31?3              argc=0 site=7017C33E
gcalls seq=001132 caller=QUEST_SERVER target=701782E8 SQR31?3              argc=0 site=7017C33E
gcalls seq=001133 caller=QUEST_SERVER target=701782E8 SQR31?3              argc=0 site=7017C33E
gcalls seq=001134 caller=QUEST_SERVER target=701782E8 SQR31?3              argc=0 site=7017C33E
gcalls seq=001135 caller=QUEST_SERVER target=701782E8 SQR31?3              argc=0 site=7017C33E
gcalls seq=001136 caller=QUEST_SERVER target=701782E8 SQR31?3              argc=0 site=7017C33E
gcalls seq=001137 caller=QUEST_SERVER target=701782E8 SQR31?3              argc=0 site=7017C33E
gcalls seq=001138 caller=QUEST_SERVER target=701782E8 SQR31?3              argc=0 site=7017C33E
gcalls seq=001139 caller=QUEST_SERVER target=701782E8 SQR31?3              argc=0 site=7017C33E
gcalls seq=001140 caller=QUEST_SERVER target=701782E8 SQR31?3              argc=0 site=7017C33E
gcalls seq=001141 caller=QUEST_SERVER target=701782E8 SQR31?3              argc=0 site=7017C33E
gcalls seq=001142 caller=QUEST_SERVER target=701782E8 SQR31?3              argc=0 site=7017C33E
gcalls seq=001143 caller=QUEST_SERVER target=701782E8 SQR31?3              argc=0 site=7017C33E
gcalls seq=001144 caller=QUEST_SERVER target=701782E8 SQR31?3              argc=0 site=7017C33E
gcalls seq=001145 caller=QUEST_SERVER target=701782E8 SQR31?3              argc=0 site=7017C33E
gcalls seq=001146 caller=QUEST_SERVER target=701782E8 SQR31?3              argc=0 site=7017C33E
gcalls seq=001147 caller=QUEST_SERVER target=701782E8 SQR31?3              argc=0 site=7017C33E
gcalls seq=001148 caller=QUEST_SERVER target=701782E8 SQR31?3              argc=0 site=7017C33E
gcalls seq=001149 caller=QUEST_SERVER target=701782E8 SQR31?3              argc=0 site=7017C33E
gcalls seq=001150 caller=QUEST_SERVER target=701782E8 SQR31?3              argc=0 site=7017C33E
gcalls seq=001151 caller=QUEST_SERVER target=701782E8 SQR31?3              argc=0 site=7017C33E
gcalls seq=001152 caller=QUEST_SERVER target=701782E8 SQR31?3              argc=0 site=7017C33E
gcalls seq=001153 caller=QUEST_SERVER target=701782E8 SQR31?3              argc=0 site=7017C33E
gcalls seq=001154 caller=QUEST_SERVER target=701782E8 SQR31?3              argc=0 site=7017C33E
gcalls seq=001155 caller=QUEST_SERVER target=701782E8 SQR31?3              argc=0 site=7017C33E
gcalls seq=001156 caller=QUEST_SERVER target=701782E8 SQR31?3              argc=0 site=7017C33E
gcalls seq=001157 caller=QUEST_SERVER target=701782E8 SQR31?3              argc=0 site=7017C33E
gcalls seq=001158 caller=QUEST_SERVER target=701782E8 SQR31?3              argc=0 site=7017C33E
gcalls seq=001159 caller=QUEST_SERVER target=701782E8 SQR31?3              argc=0 site=7017C33E
gcalls seq=001160 caller=QUEST_SERVER target=701782E8 SQR31?3              argc=0 site=7017C33E
gcalls seq=001161 caller=QUEST_SERVER target=701782E8 SQR31?3              argc=0 site=7017C33E
gcalls seq=001162 caller=QUEST_SERVER target=701782E8 SQR31?3              argc=0 site=7017C33E
gcalls seq=001163 caller=QUEST_SERVER target=701782E8 SQR31?3              argc=0 site=7017C33E
gcalls seq=001164 caller=QUEST_SERVER target=701782E8 SQR31?3              argc=0 site=7017C33E
gcalls seq=001165 caller=QUEST_SERVER target=701782E8 SQR31?3              argc=0 site=7017C33E
gcalls seq=001166 caller=QUEST_SERVER target=701782E8 SQR31?3              argc=0 site=7017C33E
gcalls seq=001167 caller=QUEST_SERVER target=7017B501 PICK_X_Y             argc=2 site=7017AD25
gcalls seq=001168 caller=QUEST_SERVER target=7017C098 ROLL32               argc=0 site=7017E21A
gcalls seq=001169 caller=QUEST_SERVER target=7017C098 ROLL32               argc=0 site=7017E21A
gcalls seq=001170 caller=QUEST_SERVER target=7017C098 ROLL32               argc=0 site=7017E21A
gcalls seq=001171 caller=QUEST_SERVER target=70178F4D FIND_OBJECT          argc=3 site=7017AD2F
gcalls seq=001172 caller=QUEST_SERVER target=7017B501 PICK_X_Y             argc=2 site=7017AD25
gcalls seq=001173 caller=QUEST_SERVER target=7017C098 ROLL32               argc=0 site=7017E21A
gcalls seq=001174 caller=QUEST_SERVER target=7017C098 ROLL32               argc=0 site=7017E21A
gcalls seq=001175 caller=QUEST_SERVER target=7017C098 ROLL32               argc=0 site=7017E21A
gcalls seq=001176 caller=QUEST_SERVER target=7017C098 ROLL32               argc=0 site=7017E21A
gcalls seq=001177 caller=QUEST_SERVER target=70178F4D FIND_OBJECT          argc=3 site=7017AD2F
gcalls seq=001178 caller=QUEST_SERVER target=7017C13B TERRITORY            argc=6 site=7017AD41
gcalls seq=001179 caller=QUEST_SERVER target=701782E8 SQR31?3              argc=0 site=7017C33E
gcalls seq=001180 caller=QUEST_SERVER target=701782E8 SQR31?3              argc=0 site=7017C33E
gcalls seq=001181 caller=QUEST_SERVER target=701782E8 SQR31?3              argc=0 site=7017C33E
gcalls seq=001182 caller=QUEST_SERVER target=701782E8 SQR31?3              argc=0 site=7017C33E
gcalls seq=001183 caller=QUEST_SERVER target=701782E8 SQR31?3              argc=0 site=7017C33E
gcalls seq=001184 caller=QUEST_SERVER target=701782E8 SQR31?3              argc=0 site=7017C33E
gcalls seq=001185 caller=QUEST_SERVER target=701782E8 SQR31?3              argc=0 site=7017C33E
gcalls seq=001186 caller=QUEST_SERVER target=701782E8 SQR31?3              argc=0 site=7017C33E
gcalls seq=001187 caller=QUEST_SERVER target=701782E8 SQR31?3              argc=0 site=7017C33E
gcalls seq=001188 caller=QUEST_SERVER target=701782E8 SQR31?3              argc=0 site=7017C33E
gcalls seq=001189 caller=QUEST_SERVER target=701782E8 SQR31?3              argc=0 site=7017C33E
gcalls seq=001190 caller=QUEST_SERVER target=701782E8 SQR31?3              argc=0 site=7017C33E
gcalls seq=001191 caller=QUEST_SERVER target=701782E8 SQR31?3              argc=0 site=7017C33E
gcalls seq=001192 caller=QUEST_SERVER target=701782E8 SQR31?3              argc=0 site=7017C33E
gcalls seq=001193 caller=QUEST_SERVER target=701782E8 SQR31?3              argc=0 site=7017C33E
gcalls seq=001194 caller=QUEST_SERVER target=701782E8 SQR31?3              argc=0 site=7017C33E
gcalls seq=001195 caller=QUEST_SERVER target=701782E8 SQR31?3              argc=0 site=7017C33E
gcalls seq=001196 caller=QUEST_SERVER target=701782E8 SQR31?3              argc=0 site=7017C33E
gcalls seq=001197 caller=QUEST_SERVER target=701782E8 SQR31?3              argc=0 site=7017C33E
gcalls seq=001198 caller=QUEST_SERVER target=701782E8 SQR31?3              argc=0 site=7017C33E
gcalls seq=001199 caller=QUEST_SERVER target=701782E8 SQR31?3              argc=0 site=7017C33E
gcalls seq=001200 caller=QUEST_SERVER target=701782E8 SQR31?3              argc=0 site=7017C33E
gcalls seq=001201 caller=QUEST_SERVER target=701782E8 SQR31?3              argc=0 site=7017C33E
gcalls seq=001202 caller=QUEST_SERVER target=701782E8 SQR31?3              argc=0 site=7017C33E
gcalls seq=001203 caller=QUEST_SERVER target=701782E8 SQR31?3              argc=0 site=7017C33E
gcalls seq=001204 caller=QUEST_SERVER target=701782E8 SQR31?3              argc=0 site=7017C33E
gcalls seq=001205 caller=QUEST_SERVER target=701782E8 SQR31?3              argc=0 site=7017C33E
gcalls seq=001206 caller=QUEST_SERVER target=701782E8 SQR31?3              argc=0 site=7017C33E
gcalls seq=001207 caller=QUEST_SERVER target=701782E8 SQR31?3              argc=0 site=7017C33E
gcalls seq=001208 caller=QUEST_SERVER target=701782E8 SQR31?3              argc=0 site=7017C33E
gcalls seq=001209 caller=QUEST_SERVER target=701782E8 SQR31?3              argc=0 site=7017C33E
gcalls seq=001210 caller=QUEST_SERVER target=701782E8 SQR31?3              argc=0 site=7017C33E
gcalls seq=001211 caller=QUEST_SERVER target=701782E8 SQR31?3              argc=0 site=7017C33E
gcalls seq=001212 caller=QUEST_SERVER target=701782E8 SQR31?3              argc=0 site=7017C33E
gcalls seq=001213 caller=QUEST_SERVER target=701782E8 SQR31?3              argc=0 site=7017C33E
gcalls seq=001214 caller=QUEST_SERVER target=701782E8 SQR31?3              argc=0 site=7017C33E
gcalls seq=001215 caller=QUEST_SERVER target=701782E8 SQR31?3              argc=0 site=7017C33E
gcalls seq=001216 caller=QUEST_SERVER target=701782E8 SQR31?3              argc=0 site=7017C33E
gcalls seq=001217 caller=QUEST_SERVER target=701782E8 SQR31?3              argc=0 site=7017C33E
gcalls seq=001218 caller=QUEST_SERVER target=701782E8 SQR31?3              argc=0 site=7017C33E
gcalls seq=001219 caller=QUEST_SERVER target=701782E8 SQR31?3              argc=0 site=7017C33E
gcalls seq=001220 caller=QUEST_SERVER target=701782E8 SQR31?3              argc=0 site=7017C33E
gcalls seq=001221 caller=QUEST_SERVER target=701782E8 SQR31?3              argc=0 site=7017C33E
gcalls seq=001222 caller=QUEST_SERVER target=701782E8 SQR31?3              argc=0 site=7017C33E
gcalls seq=001223 caller=QUEST_SERVER target=701782E8 SQR31?3              argc=0 site=7017C33E
gcalls seq=001224 caller=QUEST_SERVER target=701782E8 SQR31?3              argc=0 site=7017C33E
gcalls seq=001225 caller=QUEST_SERVER target=701782E8 SQR31?3              argc=0 site=7017C33E
gcalls seq=001226 caller=QUEST_SERVER target=701782E8 SQR31?3              argc=0 site=7017C33E
gcalls seq=001227 caller=QUEST_SERVER target=701782E8 SQR31?3              argc=0 site=7017C33E
gcalls seq=001228 caller=QUEST_SERVER target=701782E8 SQR31?3              argc=0 site=7017C33E
gcalls seq=001229 caller=QUEST_SERVER target=701782E8 SQR31?3              argc=0 site=7017C33E
gcalls seq=001230 caller=QUEST_SERVER target=701782E8 SQR31?3              argc=0 site=7017C33E
gcalls seq=001231 caller=QUEST_SERVER target=701782E8 SQR31?3              argc=0 site=7017C33E
gcalls seq=001232 caller=QUEST_SERVER target=701782E8 SQR31?3              argc=0 site=7017C33E
gcalls seq=001233 caller=QUEST_SERVER target=701782E8 SQR31?3              argc=0 site=7017C33E
gcalls seq=001234 caller=QUEST_SERVER target=701782E8 SQR31?3              argc=0 site=7017C33E
gcalls seq=001235 caller=QUEST_SERVER target=701782E8 SQR31?3              argc=0 site=7017C33E
gcalls seq=001236 caller=QUEST_SERVER target=701782E8 SQR31?3              argc=0 site=7017C33E
gcalls seq=001237 caller=QUEST_SERVER target=701782E8 SQR31?3              argc=0 site=7017C33E
gcalls seq=001238 caller=QUEST_SERVER target=701782E8 SQR31?3              argc=0 site=7017C33E
gcalls seq=001239 caller=QUEST_SERVER target=701782E8 SQR31?3              argc=0 site=7017C33E
gcalls seq=001240 caller=QUEST_SERVER target=701782E8 SQR31?3              argc=0 site=7017C33E
gcalls seq=001241 caller=QUEST_SERVER target=701782E8 SQR31?3              argc=0 site=7017C33E
gcalls seq=001242 caller=QUEST_SERVER target=701782E8 SQR31?3              argc=0 site=7017C33E
gcalls seq=001243 caller=QUEST_SERVER target=701782E8 SQR31?3              argc=0 site=7017C33E
gcalls seq=001244 caller=QUEST_SERVER target=701782E8 SQR31?3              argc=0 site=7017C33E
gcalls seq=001245 caller=QUEST_SERVER target=701782E8 SQR31?3              argc=0 site=7017C33E
gcalls seq=001246 caller=QUEST_SERVER target=701782E8 SQR31?3              argc=0 site=7017C33E
gcalls seq=001247 caller=QUEST_SERVER target=701782E8 SQR31?3              argc=0 site=7017C33E
gcalls seq=001248 caller=QUEST_SERVER target=701782E8 SQR31?3              argc=0 site=7017C33E
gcalls seq=001249 caller=QUEST_SERVER target=701782E8 SQR31?3              argc=0 site=7017C33E
gcalls seq=001250 caller=QUEST_SERVER target=701782E8 SQR31?3              argc=0 site=7017C33E
gcalls seq=001251 caller=QUEST_SERVER target=701782E8 SQR31?3              argc=0 site=7017C33E
gcalls seq=001252 caller=QUEST_SERVER target=701782E8 SQR31?3              argc=0 site=7017C33E
gcalls seq=001253 caller=QUEST_SERVER target=701782E8 SQR31?3              argc=0 site=7017C33E
gcalls seq=001254 caller=QUEST_SERVER target=701782E8 SQR31?3              argc=0 site=7017C33E
gcalls seq=001255 caller=QUEST_SERVER target=701782E8 SQR31?3              argc=0 site=7017C33E
gcalls seq=001256 caller=QUEST_SERVER target=701782E8 SQR31?3              argc=0 site=7017C33E
gcalls seq=001257 caller=QUEST_SERVER target=701782E8 SQR31?3              argc=0 site=7017C33E
gcalls seq=001258 caller=QUEST_SERVER target=701782E8 SQR31?3              argc=0 site=7017C33E
gcalls seq=001259 caller=QUEST_SERVER target=701782E8 SQR31?3              argc=0 site=7017C33E
gcalls seq=001260 caller=QUEST_SERVER target=701782E8 SQR31?3              argc=0 site=7017C33E
gcalls seq=001261 caller=QUEST_SERVER target=701782E8 SQR31?3              argc=0 site=7017C33E
gcalls seq=001262 caller=QUEST_SERVER target=701782E8 SQR31?3              argc=0 site=7017C33E
gcalls seq=001263 caller=QUEST_SERVER target=701782E8 SQR31?3              argc=0 site=7017C33E
gcalls seq=001264 caller=QUEST_SERVER target=701782E8 SQR31?3              argc=0 site=7017C33E
gcalls seq=001265 caller=QUEST_SERVER target=701782E8 SQR31?3              argc=0 site=7017C33E
gcalls seq=001266 caller=QUEST_SERVER target=701782E8 SQR31?3              argc=0 site=7017C33E
gcalls seq=001267 caller=QUEST_SERVER target=701782E8 SQR31?3              argc=0 site=7017C33E
gcalls seq=001268 caller=QUEST_SERVER target=701782E8 SQR31?3              argc=0 site=7017C33E
gcalls seq=001269 caller=QUEST_SERVER target=701782E8 SQR31?3              argc=0 site=7017C33E
gcalls seq=001270 caller=QUEST_SERVER target=701782E8 SQR31?3              argc=0 site=7017C33E
gcalls seq=001271 caller=QUEST_SERVER target=701782E8 SQR31?3              argc=0 site=7017C33E
gcalls seq=001272 caller=QUEST_SERVER target=701782E8 SQR31?3              argc=0 site=7017C33E
gcalls seq=001273 caller=QUEST_SERVER target=701782E8 SQR31?3              argc=0 site=7017C33E
gcalls seq=001274 caller=QUEST_SERVER target=701782E8 SQR31?3              argc=0 site=7017C33E
gcalls seq=001275 caller=QUEST_SERVER target=701782E8 SQR31?3              argc=0 site=7017C33E
gcalls seq=001276 caller=QUEST_SERVER target=701782E8 SQR31?3              argc=0 site=7017C33E
gcalls seq=001277 caller=QUEST_SERVER target=701782E8 SQR31?3              argc=0 site=7017C33E
gcalls seq=001278 caller=QUEST_SERVER target=701782E8 SQR31?3              argc=0 site=7017C33E
gcalls seq=001279 caller=QUEST_SERVER target=701782E8 SQR31?3              argc=0 site=7017C33E
gcalls seq=001280 caller=QUEST_SERVER target=701782E8 SQR31?3              argc=0 site=7017C33E
gcalls seq=001281 caller=QUEST_SERVER target=701782E8 SQR31?3              argc=0 site=7017C33E
gcalls seq=001282 caller=QUEST_SERVER target=701782E8 SQR31?3              argc=0 site=7017C33E
gcalls seq=001283 caller=QUEST_SERVER target=701782E8 SQR31?3              argc=0 site=7017C33E
gcalls seq=001284 caller=QUEST_SERVER target=701782E8 SQR31?3              argc=0 site=7017C33E
gcalls seq=001285 caller=QUEST_SERVER target=701782E8 SQR31?3              argc=0 site=7017C33E
gcalls seq=001286 caller=QUEST_SERVER target=701782E8 SQR31?3              argc=0 site=7017C33E
gcalls seq=001287 caller=QUEST_SERVER target=701782E8 SQR31?3              argc=0 site=7017C33E
gcalls seq=001288 caller=QUEST_SERVER target=701782E8 SQR31?3              argc=0 site=7017C33E
gcalls seq=001289 caller=QUEST_SERVER target=701782E8 SQR31?3              argc=0 site=7017C33E
gcalls seq=001290 caller=QUEST_SERVER target=701782E8 SQR31?3              argc=0 site=7017C33E
gcalls seq=001291 caller=QUEST_SERVER target=701782E8 SQR31?3              argc=0 site=7017C33E
gcalls seq=001292 caller=QUEST_SERVER target=701782E8 SQR31?3              argc=0 site=7017C33E
gcalls seq=001293 caller=QUEST_SERVER target=701782E8 SQR31?3              argc=0 site=7017C33E
gcalls seq=001294 caller=QUEST_SERVER target=701782E8 SQR31?3              argc=0 site=7017C33E
gcalls seq=001295 caller=QUEST_SERVER target=7017B501 PICK_X_Y             argc=2 site=7017AD25
gcalls seq=001296 caller=QUEST_SERVER target=7017C098 ROLL32               argc=0 site=7017E21A
gcalls seq=001297 caller=QUEST_SERVER target=7017C098 ROLL32               argc=0 site=7017E21A
gcalls seq=001298 caller=QUEST_SERVER target=7017C098 ROLL32               argc=0 site=7017E21A
gcalls seq=001299 caller=QUEST_SERVER target=7017C098 ROLL32               argc=0 site=7017E21A
gcalls seq=001300 caller=QUEST_SERVER target=7017C098 ROLL32               argc=0 site=7017E21A
gcalls seq=001301 caller=QUEST_SERVER target=70178F4D FIND_OBJECT          argc=3 site=7017AD2F
gcalls seq=001302 caller=QUEST_SERVER target=7017C13B TERRITORY            argc=6 site=7017AD41
gcalls seq=001303 caller=QUEST_SERVER target=701782E8 SQR31?3              argc=0 site=7017C33E
gcalls seq=001304 caller=QUEST_SERVER target=701782E8 SQR31?3              argc=0 site=7017C33E
gcalls seq=001305 caller=QUEST_SERVER target=701782E8 SQR31?3              argc=0 site=7017C33E
gcalls seq=001306 caller=QUEST_SERVER target=701782E8 SQR31?3              argc=0 site=7017C33E
gcalls seq=001307 caller=QUEST_SERVER target=701782E8 SQR31?3              argc=0 site=7017C33E
gcalls seq=001308 caller=QUEST_SERVER target=701782E8 SQR31?3              argc=0 site=7017C33E
gcalls seq=001309 caller=QUEST_SERVER target=701782E8 SQR31?3              argc=0 site=7017C33E
gcalls seq=001310 caller=QUEST_SERVER target=701782E8 SQR31?3              argc=0 site=7017C33E
gcalls seq=001311 caller=QUEST_SERVER target=701782E8 SQR31?3              argc=0 site=7017C33E
gcalls seq=001312 caller=QUEST_SERVER target=701782E8 SQR31?3              argc=0 site=7017C33E
gcalls seq=001313 caller=QUEST_SERVER target=701782E8 SQR31?3              argc=0 site=7017C33E
gcalls seq=001314 caller=QUEST_SERVER target=701782E8 SQR31?3              argc=0 site=7017C33E
gcalls seq=001315 caller=QUEST_SERVER target=701782E8 SQR31?3              argc=0 site=7017C33E
gcalls seq=001316 caller=QUEST_SERVER target=701782E8 SQR31?3              argc=0 site=7017C33E
gcalls seq=001317 caller=QUEST_SERVER target=701782E8 SQR31?3              argc=0 site=7017C33E
gcalls seq=001318 caller=QUEST_SERVER target=701782E8 SQR31?3              argc=0 site=7017C33E
gcalls seq=001319 caller=QUEST_SERVER target=701782E8 SQR31?3              argc=0 site=7017C33E
gcalls seq=001320 caller=QUEST_SERVER target=701782E8 SQR31?3              argc=0 site=7017C33E
gcalls seq=001321 caller=QUEST_SERVER target=701782E8 SQR31?3              argc=0 site=7017C33E
gcalls seq=001322 caller=QUEST_SERVER target=701782E8 SQR31?3              argc=0 site=7017C33E
gcalls seq=001323 caller=QUEST_SERVER target=701782E8 SQR31?3              argc=0 site=7017C33E
gcalls seq=001324 caller=QUEST_SERVER target=701782E8 SQR31?3              argc=0 site=7017C33E
gcalls seq=001325 caller=QUEST_SERVER target=701782E8 SQR31?3              argc=0 site=7017C33E
gcalls seq=001326 caller=QUEST_SERVER target=701782E8 SQR31?3              argc=0 site=7017C33E
gcalls seq=001327 caller=QUEST_SERVER target=701782E8 SQR31?3              argc=0 site=7017C33E
gcalls seq=001328 caller=QUEST_SERVER target=701782E8 SQR31?3              argc=0 site=7017C33E
gcalls seq=001329 caller=QUEST_SERVER target=701782E8 SQR31?3              argc=0 site=7017C33E
gcalls seq=001330 caller=QUEST_SERVER target=701782E8 SQR31?3              argc=0 site=7017C33E
gcalls seq=001331 caller=QUEST_SERVER target=701782E8 SQR31?3              argc=0 site=7017C33E
gcalls seq=001332 caller=QUEST_SERVER target=701782E8 SQR31?3              argc=0 site=7017C33E
gcalls seq=001333 caller=QUEST_SERVER target=701782E8 SQR31?3              argc=0 site=7017C33E
gcalls seq=001334 caller=QUEST_SERVER target=701782E8 SQR31?3              argc=0 site=7017C33E
gcalls seq=001335 caller=QUEST_SERVER target=701782E8 SQR31?3              argc=0 site=7017C33E
gcalls seq=001336 caller=QUEST_SERVER target=701782E8 SQR31?3              argc=0 site=7017C33E
gcalls seq=001337 caller=QUEST_SERVER target=701782E8 SQR31?3              argc=0 site=7017C33E
gcalls seq=001338 caller=QUEST_SERVER target=701782E8 SQR31?3              argc=0 site=7017C33E
gcalls seq=001339 caller=QUEST_SERVER target=701782E8 SQR31?3              argc=0 site=7017C33E
gcalls seq=001340 caller=QUEST_SERVER target=701782E8 SQR31?3              argc=0 site=7017C33E
gcalls seq=001341 caller=QUEST_SERVER target=701782E8 SQR31?3              argc=0 site=7017C33E
gcalls seq=001342 caller=QUEST_SERVER target=701782E8 SQR31?3              argc=0 site=7017C33E
gcalls seq=001343 caller=QUEST_SERVER target=701782E8 SQR31?3              argc=0 site=7017C33E
gcalls seq=001344 caller=QUEST_SERVER target=701782E8 SQR31?3              argc=0 site=7017C33E
gcalls seq=001345 caller=QUEST_SERVER target=701782E8 SQR31?3              argc=0 site=7017C33E
gcalls seq=001346 caller=QUEST_SERVER target=701782E8 SQR31?3              argc=0 site=7017C33E
gcalls seq=001347 caller=QUEST_SERVER target=701782E8 SQR31?3              argc=0 site=7017C33E
gcalls seq=001348 caller=QUEST_SERVER target=701782E8 SQR31?3              argc=0 site=7017C33E
gcalls seq=001349 caller=QUEST_SERVER target=701782E8 SQR31?3              argc=0 site=7017C33E
gcalls seq=001350 caller=QUEST_SERVER target=701782E8 SQR31?3              argc=0 site=7017C33E
gcalls seq=001351 caller=QUEST_SERVER target=701782E8 SQR31?3              argc=0 site=7017C33E
gcalls seq=001352 caller=QUEST_SERVER target=701782E8 SQR31?3              argc=0 site=7017C33E
gcalls seq=001353 caller=QUEST_SERVER target=701782E8 SQR31?3              argc=0 site=7017C33E
gcalls seq=001354 caller=QUEST_SERVER target=701782E8 SQR31?3              argc=0 site=7017C33E
gcalls seq=001355 caller=QUEST_SERVER target=701782E8 SQR31?3              argc=0 site=7017C33E
gcalls seq=001356 caller=QUEST_SERVER target=701782E8 SQR31?3              argc=0 site=7017C33E
gcalls seq=001357 caller=QUEST_SERVER target=701782E8 SQR31?3              argc=0 site=7017C33E
gcalls seq=001358 caller=QUEST_SERVER target=701782E8 SQR31?3              argc=0 site=7017C33E
gcalls seq=001359 caller=QUEST_SERVER target=701782E8 SQR31?3              argc=0 site=7017C33E
gcalls seq=001360 caller=QUEST_SERVER target=701782E8 SQR31?3              argc=0 site=7017C33E
gcalls seq=001361 caller=QUEST_SERVER target=701782E8 SQR31?3              argc=0 site=7017C33E
gcalls seq=001362 caller=QUEST_SERVER target=701782E8 SQR31?3              argc=0 site=7017C33E
gcalls seq=001363 caller=QUEST_SERVER target=701782E8 SQR31?3              argc=0 site=7017C33E
gcalls seq=001364 caller=QUEST_SERVER target=701782E8 SQR31?3              argc=0 site=7017C33E
gcalls seq=001365 caller=QUEST_SERVER target=701782E8 SQR31?3              argc=0 site=7017C33E
gcalls seq=001366 caller=QUEST_SERVER target=701782E8 SQR31?3              argc=0 site=7017C33E
gcalls seq=001367 caller=QUEST_SERVER target=701782E8 SQR31?3              argc=0 site=7017C33E
gcalls seq=001368 caller=QUEST_SERVER target=701782E8 SQR31?3              argc=0 site=7017C33E
gcalls seq=001369 caller=QUEST_SERVER target=701782E8 SQR31?3              argc=0 site=7017C33E
gcalls seq=001370 caller=QUEST_SERVER target=701782E8 SQR31?3              argc=0 site=7017C33E
gcalls seq=001371 caller=QUEST_SERVER target=701782E8 SQR31?3              argc=0 site=7017C33E
gcalls seq=001372 caller=QUEST_SERVER target=701782E8 SQR31?3              argc=0 site=7017C33E
gcalls seq=001373 caller=QUEST_SERVER target=701782E8 SQR31?3              argc=0 site=7017C33E
gcalls seq=001374 caller=QUEST_SERVER target=701782E8 SQR31?3              argc=0 site=7017C33E
gcalls seq=001375 caller=QUEST_SERVER target=701782E8 SQR31?3              argc=0 site=7017C33E
gcalls seq=001376 caller=QUEST_SERVER target=701782E8 SQR31?3              argc=0 site=7017C33E
gcalls seq=001377 caller=QUEST_SERVER target=701782E8 SQR31?3              argc=0 site=7017C33E
gcalls seq=001378 caller=QUEST_SERVER target=701782E8 SQR31?3              argc=0 site=7017C33E
gcalls seq=001379 caller=QUEST_SERVER target=701782E8 SQR31?3              argc=0 site=7017C33E
gcalls seq=001380 caller=QUEST_SERVER target=701782E8 SQR31?3              argc=0 site=7017C33E
gcalls seq=001381 caller=QUEST_SERVER target=701782E8 SQR31?3              argc=0 site=7017C33E
gcalls seq=001382 caller=QUEST_SERVER target=701782E8 SQR31?3              argc=0 site=7017C33E
gcalls seq=001383 caller=QUEST_SERVER target=701782E8 SQR31?3              argc=0 site=7017C33E
gcalls seq=001384 caller=QUEST_SERVER target=701782E8 SQR31?3              argc=0 site=7017C33E
gcalls seq=001385 caller=QUEST_SERVER target=701782E8 SQR31?3              argc=0 site=7017C33E
gcalls seq=001386 caller=QUEST_SERVER target=701782E8 SQR31?3              argc=0 site=7017C33E
gcalls seq=001387 caller=QUEST_SERVER target=701782E8 SQR31?3              argc=0 site=7017C33E
gcalls seq=001388 caller=QUEST_SERVER target=701782E8 SQR31?3              argc=0 site=7017C33E
gcalls seq=001389 caller=QUEST_SERVER target=701782E8 SQR31?3              argc=0 site=7017C33E
gcalls seq=001390 caller=QUEST_SERVER target=701782E8 SQR31?3              argc=0 site=7017C33E
gcalls seq=001391 caller=QUEST_SERVER target=701782E8 SQR31?3              argc=0 site=7017C33E
gcalls seq=001392 caller=QUEST_SERVER target=701782E8 SQR31?3              argc=0 site=7017C33E
gcalls seq=001393 caller=QUEST_SERVER target=701782E8 SQR31?3              argc=0 site=7017C33E
gcalls seq=001394 caller=QUEST_SERVER target=701782E8 SQR31?3              argc=0 site=7017C33E
gcalls seq=001395 caller=QUEST_SERVER target=701782E8 SQR31?3              argc=0 site=7017C33E
gcalls seq=001396 caller=QUEST_SERVER target=701782E8 SQR31?3              argc=0 site=7017C33E
gcalls seq=001397 caller=QUEST_SERVER target=701782E8 SQR31?3              argc=0 site=7017C33E
gcalls seq=001398 caller=QUEST_SERVER target=701782E8 SQR31?3              argc=0 site=7017C33E
gcalls seq=001399 caller=QUEST_SERVER target=701782E8 SQR31?3              argc=0 site=7017C33E
gcalls seq=001400 caller=QUEST_SERVER target=701782E8 SQR31?3              argc=0 site=7017C33E
gcalls seq=001401 caller=QUEST_SERVER target=701782E8 SQR31?3              argc=0 site=7017C33E
gcalls seq=001402 caller=QUEST_SERVER target=701782E8 SQR31?3              argc=0 site=7017C33E
gcalls seq=001403 caller=QUEST_SERVER target=701782E8 SQR31?3              argc=0 site=7017C33E
gcalls seq=001404 caller=QUEST_SERVER target=701782E8 SQR31?3              argc=0 site=7017C33E
gcalls seq=001405 caller=QUEST_SERVER target=701782E8 SQR31?3              argc=0 site=7017C33E
gcalls seq=001406 caller=QUEST_SERVER target=701782E8 SQR31?3              argc=0 site=7017C33E
gcalls seq=001407 caller=QUEST_SERVER target=701782E8 SQR31?3              argc=0 site=7017C33E
gcalls seq=001408 caller=QUEST_SERVER target=701782E8 SQR31?3              argc=0 site=7017C33E
gcalls seq=001409 caller=QUEST_SERVER target=701782E8 SQR31?3              argc=0 site=7017C33E
gcalls seq=001410 caller=QUEST_SERVER target=701782E8 SQR31?3              argc=0 site=7017C33E
gcalls seq=001411 caller=QUEST_SERVER target=701782E8 SQR31?3              argc=0 site=7017C33E
gcalls seq=001412 caller=QUEST_SERVER target=701782E8 SQR31?3              argc=0 site=7017C33E
gcalls seq=001413 caller=QUEST_SERVER target=701782E8 SQR31?3              argc=0 site=7017C33E
gcalls seq=001414 caller=QUEST_SERVER target=701782E8 SQR31?3              argc=0 site=7017C33E
gcalls seq=001415 caller=QUEST_SERVER target=701782E8 SQR31?3              argc=0 site=7017C33E
gcalls seq=001416 caller=QUEST_SERVER target=701782E8 SQR31?3              argc=0 site=7017C33E
gcalls seq=001417 caller=QUEST_SERVER target=701782E8 SQR31?3              argc=0 site=7017C33E
gcalls seq=001418 caller=QUEST_SERVER target=701782E8 SQR31?3              argc=0 site=7017C33E
gcalls seq=001419 caller=QUEST_SERVER target=7017B501 PICK_X_Y             argc=2 site=7017AD25
gcalls seq=001420 caller=QUEST_SERVER target=7017C098 ROLL32               argc=0 site=7017E21A
gcalls seq=001421 caller=QUEST_SERVER target=7017C098 ROLL32               argc=0 site=7017E21A
gcalls seq=001422 caller=QUEST_SERVER target=7017C098 ROLL32               argc=0 site=7017E21A
gcalls seq=001423 caller=QUEST_SERVER target=7017C098 ROLL32               argc=0 site=7017E21A
gcalls seq=001424 caller=QUEST_SERVER target=70178F4D FIND_OBJECT          argc=3 site=7017AD2F
gcalls seq=001425 caller=QUEST_SERVER target=7017C13B TERRITORY            argc=6 site=7017AD41
gcalls seq=001426 caller=QUEST_SERVER target=701782E8 SQR31?3              argc=0 site=7017C33E
gcalls seq=001427 caller=QUEST_SERVER target=701782E8 SQR31?3              argc=0 site=7017C33E
gcalls seq=001428 caller=QUEST_SERVER target=701782E8 SQR31?3              argc=0 site=7017C33E
gcalls seq=001429 caller=QUEST_SERVER target=701782E8 SQR31?3              argc=0 site=7017C33E
gcalls seq=001430 caller=QUEST_SERVER target=701782E8 SQR31?3              argc=0 site=7017C33E
gcalls seq=001431 caller=QUEST_SERVER target=701782E8 SQR31?3              argc=0 site=7017C33E
gcalls seq=001432 caller=QUEST_SERVER target=701782E8 SQR31?3              argc=0 site=7017C33E
gcalls seq=001433 caller=QUEST_SERVER target=701782E8 SQR31?3              argc=0 site=7017C33E
gcalls seq=001434 caller=QUEST_SERVER target=701782E8 SQR31?3              argc=0 site=7017C33E
gcalls seq=001435 caller=QUEST_SERVER target=701782E8 SQR31?3              argc=0 site=7017C33E
gcalls seq=001436 caller=QUEST_SERVER target=701782E8 SQR31?3              argc=0 site=7017C33E
gcalls seq=001437 caller=QUEST_SERVER target=701782E8 SQR31?3              argc=0 site=7017C33E
gcalls seq=001438 caller=QUEST_SERVER target=701782E8 SQR31?3              argc=0 site=7017C33E
gcalls seq=001439 caller=QUEST_SERVER target=701782E8 SQR31?3              argc=0 site=7017C33E
gcalls seq=001440 caller=QUEST_SERVER target=701782E8 SQR31?3              argc=0 site=7017C33E
gcalls seq=001441 caller=QUEST_SERVER target=701782E8 SQR31?3              argc=0 site=7017C33E
gcalls seq=001442 caller=QUEST_SERVER target=701782E8 SQR31?3              argc=0 site=7017C33E
gcalls seq=001443 caller=QUEST_SERVER target=701782E8 SQR31?3              argc=0 site=7017C33E
gcalls seq=001444 caller=QUEST_SERVER target=701782E8 SQR31?3              argc=0 site=7017C33E
gcalls seq=001445 caller=QUEST_SERVER target=701782E8 SQR31?3              argc=0 site=7017C33E
gcalls seq=001446 caller=QUEST_SERVER target=701782E8 SQR31?3              argc=0 site=7017C33E
gcalls seq=001447 caller=QUEST_SERVER target=701782E8 SQR31?3              argc=0 site=7017C33E
gcalls seq=001448 caller=QUEST_SERVER target=701782E8 SQR31?3              argc=0 site=7017C33E
gcalls seq=001449 caller=QUEST_SERVER target=701782E8 SQR31?3              argc=0 site=7017C33E
gcalls seq=001450 caller=QUEST_SERVER target=701782E8 SQR31?3              argc=0 site=7017C33E
gcalls seq=001451 caller=QUEST_SERVER target=701782E8 SQR31?3              argc=0 site=7017C33E
gcalls seq=001452 caller=QUEST_SERVER target=701782E8 SQR31?3              argc=0 site=7017C33E
gcalls seq=001453 caller=QUEST_SERVER target=701782E8 SQR31?3              argc=0 site=7017C33E
gcalls seq=001454 caller=QUEST_SERVER target=701782E8 SQR31?3              argc=0 site=7017C33E
gcalls seq=001455 caller=QUEST_SERVER target=701782E8 SQR31?3              argc=0 site=7017C33E
gcalls seq=001456 caller=QUEST_SERVER target=701782E8 SQR31?3              argc=0 site=7017C33E
gcalls seq=001457 caller=QUEST_SERVER target=701782E8 SQR31?3              argc=0 site=7017C33E
gcalls seq=001458 caller=QUEST_SERVER target=701782E8 SQR31?3              argc=0 site=7017C33E
gcalls seq=001459 caller=QUEST_SERVER target=701782E8 SQR31?3              argc=0 site=7017C33E
gcalls seq=001460 caller=QUEST_SERVER target=701782E8 SQR31?3              argc=0 site=7017C33E
gcalls seq=001461 caller=QUEST_SERVER target=701782E8 SQR31?3              argc=0 site=7017C33E
gcalls seq=001462 caller=QUEST_SERVER target=701782E8 SQR31?3              argc=0 site=7017C33E
gcalls seq=001463 caller=QUEST_SERVER target=701782E8 SQR31?3              argc=0 site=7017C33E
gcalls seq=001464 caller=QUEST_SERVER target=701782E8 SQR31?3              argc=0 site=7017C33E
gcalls seq=001465 caller=QUEST_SERVER target=701782E8 SQR31?3              argc=0 site=7017C33E
gcalls seq=001466 caller=QUEST_SERVER target=701782E8 SQR31?3              argc=0 site=7017C33E
gcalls seq=001467 caller=QUEST_SERVER target=701782E8 SQR31?3              argc=0 site=7017C33E
gcalls seq=001468 caller=QUEST_SERVER target=701782E8 SQR31?3              argc=0 site=7017C33E
gcalls seq=001469 caller=QUEST_SERVER target=701782E8 SQR31?3              argc=0 site=7017C33E
gcalls seq=001470 caller=QUEST_SERVER target=701782E8 SQR31?3              argc=0 site=7017C33E
gcalls seq=001471 caller=QUEST_SERVER target=701782E8 SQR31?3              argc=0 site=7017C33E
gcalls seq=001472 caller=QUEST_SERVER target=701782E8 SQR31?3              argc=0 site=7017C33E
gcalls seq=001473 caller=QUEST_SERVER target=701782E8 SQR31?3              argc=0 site=7017C33E
gcalls seq=001474 caller=QUEST_SERVER target=701782E8 SQR31?3              argc=0 site=7017C33E
gcalls seq=001475 caller=QUEST_SERVER target=701782E8 SQR31?3              argc=0 site=7017C33E
gcalls seq=001476 caller=QUEST_SERVER target=701782E8 SQR31?3              argc=0 site=7017C33E
gcalls seq=001477 caller=QUEST_SERVER target=701782E8 SQR31?3              argc=0 site=7017C33E
gcalls seq=001478 caller=QUEST_SERVER target=701782E8 SQR31?3              argc=0 site=7017C33E
gcalls seq=001479 caller=QUEST_SERVER target=701782E8 SQR31?3              argc=0 site=7017C33E
gcalls seq=001480 caller=QUEST_SERVER target=701782E8 SQR31?3              argc=0 site=7017C33E
gcalls seq=001481 caller=QUEST_SERVER target=701782E8 SQR31?3              argc=0 site=7017C33E
gcalls seq=001482 caller=QUEST_SERVER target=701782E8 SQR31?3              argc=0 site=7017C33E
gcalls seq=001483 caller=QUEST_SERVER target=701782E8 SQR31?3              argc=0 site=7017C33E
gcalls seq=001484 caller=QUEST_SERVER target=701782E8 SQR31?3              argc=0 site=7017C33E
gcalls seq=001485 caller=QUEST_SERVER target=701782E8 SQR31?3              argc=0 site=7017C33E
gcalls seq=001486 caller=QUEST_SERVER target=701782E8 SQR31?3              argc=0 site=7017C33E
gcalls seq=001487 caller=QUEST_SERVER target=701782E8 SQR31?3              argc=0 site=7017C33E
gcalls seq=001488 caller=QUEST_SERVER target=701782E8 SQR31?3              argc=0 site=7017C33E
gcalls seq=001489 caller=QUEST_SERVER target=701782E8 SQR31?3              argc=0 site=7017C33E
gcalls seq=001490 caller=QUEST_SERVER target=701782E8 SQR31?3              argc=0 site=7017C33E
gcalls seq=001491 caller=QUEST_SERVER target=701782E8 SQR31?3              argc=0 site=7017C33E
gcalls seq=001492 caller=QUEST_SERVER target=701782E8 SQR31?3              argc=0 site=7017C33E
gcalls seq=001493 caller=QUEST_SERVER target=701782E8 SQR31?3              argc=0 site=7017C33E
gcalls seq=001494 caller=QUEST_SERVER target=701782E8 SQR31?3              argc=0 site=7017C33E
gcalls seq=001495 caller=QUEST_SERVER target=701782E8 SQR31?3              argc=0 site=7017C33E
gcalls seq=001496 caller=QUEST_SERVER target=701782E8 SQR31?3              argc=0 site=7017C33E
gcalls seq=001497 caller=QUEST_SERVER target=701782E8 SQR31?3              argc=0 site=7017C33E
gcalls seq=001498 caller=QUEST_SERVER target=701782E8 SQR31?3              argc=0 site=7017C33E
gcalls seq=001499 caller=QUEST_SERVER target=701782E8 SQR31?3              argc=0 site=7017C33E
gcalls seq=001500 caller=QUEST_SERVER target=701782E8 SQR31?3              argc=0 site=7017C33E
gcalls seq=001501 caller=QUEST_SERVER target=701782E8 SQR31?3              argc=0 site=7017C33E
gcalls seq=001502 caller=QUEST_SERVER target=701782E8 SQR31?3              argc=0 site=7017C33E
gcalls seq=001503 caller=QUEST_SERVER target=701782E8 SQR31?3              argc=0 site=7017C33E
gcalls seq=001504 caller=QUEST_SERVER target=701782E8 SQR31?3              argc=0 site=7017C33E
gcalls seq=001505 caller=QUEST_SERVER target=701782E8 SQR31?3              argc=0 site=7017C33E
gcalls seq=001506 caller=QUEST_SERVER target=701782E8 SQR31?3              argc=0 site=7017C33E
gcalls seq=001507 caller=QUEST_SERVER target=701782E8 SQR31?3              argc=0 site=7017C33E
gcalls seq=001508 caller=QUEST_SERVER target=701782E8 SQR31?3              argc=0 site=7017C33E
gcalls seq=001509 caller=QUEST_SERVER target=701782E8 SQR31?3              argc=0 site=7017C33E
gcalls seq=001510 caller=QUEST_SERVER target=701782E8 SQR31?3              argc=0 site=7017C33E
gcalls seq=001511 caller=QUEST_SERVER target=701782E8 SQR31?3              argc=0 site=7017C33E
gcalls seq=001512 caller=QUEST_SERVER target=701782E8 SQR31?3              argc=0 site=7017C33E
gcalls seq=001513 caller=QUEST_SERVER target=701782E8 SQR31?3              argc=0 site=7017C33E
gcalls seq=001514 caller=QUEST_SERVER target=701782E8 SQR31?3              argc=0 site=7017C33E
gcalls seq=001515 caller=QUEST_SERVER target=701782E8 SQR31?3              argc=0 site=7017C33E
gcalls seq=001516 caller=QUEST_SERVER target=701782E8 SQR31?3              argc=0 site=7017C33E
gcalls seq=001517 caller=QUEST_SERVER target=701782E8 SQR31?3              argc=0 site=7017C33E
gcalls seq=001518 caller=QUEST_SERVER target=701782E8 SQR31?3              argc=0 site=7017C33E
gcalls seq=001519 caller=QUEST_SERVER target=701782E8 SQR31?3              argc=0 site=7017C33E
gcalls seq=001520 caller=QUEST_SERVER target=701782E8 SQR31?3              argc=0 site=7017C33E
gcalls seq=001521 caller=QUEST_SERVER target=701782E8 SQR31?3              argc=0 site=7017C33E
gcalls seq=001522 caller=QUEST_SERVER target=701782E8 SQR31?3              argc=0 site=7017C33E
gcalls seq=001523 caller=QUEST_SERVER target=701782E8 SQR31?3              argc=0 site=7017C33E
gcalls seq=001524 caller=QUEST_SERVER target=701782E8 SQR31?3              argc=0 site=7017C33E
gcalls seq=001525 caller=QUEST_SERVER target=701782E8 SQR31?3              argc=0 site=7017C33E
gcalls seq=001526 caller=QUEST_SERVER target=701782E8 SQR31?3              argc=0 site=7017C33E
gcalls seq=001527 caller=QUEST_SERVER target=701782E8 SQR31?3              argc=0 site=7017C33E
gcalls seq=001528 caller=QUEST_SERVER target=701782E8 SQR31?3              argc=0 site=7017C33E
gcalls seq=001529 caller=QUEST_SERVER target=701782E8 SQR31?3              argc=0 site=7017C33E
gcalls seq=001530 caller=QUEST_SERVER target=701782E8 SQR31?3              argc=0 site=7017C33E
gcalls seq=001531 caller=QUEST_SERVER target=701782E8 SQR31?3              argc=0 site=7017C33E
gcalls seq=001532 caller=QUEST_SERVER target=701782E8 SQR31?3              argc=0 site=7017C33E
gcalls seq=001533 caller=QUEST_SERVER target=701782E8 SQR31?3              argc=0 site=7017C33E
gcalls seq=001534 caller=QUEST_SERVER target=701782E8 SQR31?3              argc=0 site=7017C33E
gcalls seq=001535 caller=QUEST_SERVER target=701782E8 SQR31?3              argc=0 site=7017C33E
gcalls seq=001536 caller=QUEST_SERVER target=701782E8 SQR31?3              argc=0 site=7017C33E
gcalls seq=001537 caller=QUEST_SERVER target=701782E8 SQR31?3              argc=0 site=7017C33E
gcalls seq=001538 caller=QUEST_SERVER target=701782E8 SQR31?3              argc=0 site=7017C33E
gcalls seq=001539 caller=QUEST_SERVER target=701782E8 SQR31?3              argc=0 site=7017C33E
gcalls seq=001540 caller=QUEST_SERVER target=701782E8 SQR31?3              argc=0 site=7017C33E
gcalls seq=001541 caller=QUEST_SERVER target=701782E8 SQR31?3              argc=0 site=7017C33E
gcalls seq=001542 caller=QUEST_SERVER target=7017B501 PICK_X_Y             argc=2 site=7017AD25
gcalls seq=001543 caller=QUEST_SERVER target=7017C098 ROLL32               argc=0 site=7017E21A
gcalls seq=001544 caller=QUEST_SERVER target=7017C098 ROLL32               argc=0 site=7017E21A
gcalls seq=001545 caller=QUEST_SERVER target=7017C098 ROLL32               argc=0 site=7017E21A
gcalls seq=001546 caller=QUEST_SERVER target=7017C098 ROLL32               argc=0 site=7017E21A
gcalls seq=001547 caller=QUEST_SERVER target=70178F4D FIND_OBJECT          argc=3 site=7017AD2F
gcalls seq=001548 caller=QUEST_SERVER target=7017C13B TERRITORY            argc=6 site=7017AD41
gcalls seq=001549 caller=QUEST_SERVER target=701782E8 SQR31?3              argc=0 site=7017C33E
gcalls seq=001550 caller=QUEST_SERVER target=701782E8 SQR31?3              argc=0 site=7017C33E
gcalls seq=001551 caller=QUEST_SERVER target=701782E8 SQR31?3              argc=0 site=7017C33E
gcalls seq=001552 caller=QUEST_SERVER target=701782E8 SQR31?3              argc=0 site=7017C33E
gcalls seq=001553 caller=QUEST_SERVER target=701782E8 SQR31?3              argc=0 site=7017C33E
gcalls seq=001554 caller=QUEST_SERVER target=701782E8 SQR31?3              argc=0 site=7017C33E
gcalls seq=001555 caller=QUEST_SERVER target=701782E8 SQR31?3              argc=0 site=7017C33E
gcalls seq=001556 caller=QUEST_SERVER target=701782E8 SQR31?3              argc=0 site=7017C33E
gcalls seq=001557 caller=QUEST_SERVER target=701782E8 SQR31?3              argc=0 site=7017C33E
gcalls seq=001558 caller=QUEST_SERVER target=701782E8 SQR31?3              argc=0 site=7017C33E
gcalls seq=001559 caller=QUEST_SERVER target=701782E8 SQR31?3              argc=0 site=7017C33E
gcalls seq=001560 caller=QUEST_SERVER target=701782E8 SQR31?3              argc=0 site=7017C33E
gcalls seq=001561 caller=QUEST_SERVER target=701782E8 SQR31?3              argc=0 site=7017C33E
gcalls seq=001562 caller=QUEST_SERVER target=701782E8 SQR31?3              argc=0 site=7017C33E
gcalls seq=001563 caller=QUEST_SERVER target=701782E8 SQR31?3              argc=0 site=7017C33E
gcalls seq=001564 caller=QUEST_SERVER target=701782E8 SQR31?3              argc=0 site=7017C33E
gcalls seq=001565 caller=QUEST_SERVER target=701782E8 SQR31?3              argc=0 site=7017C33E
gcalls seq=001566 caller=QUEST_SERVER target=701782E8 SQR31?3              argc=0 site=7017C33E
gcalls seq=001567 caller=QUEST_SERVER target=701782E8 SQR31?3              argc=0 site=7017C33E
gcalls seq=001568 caller=QUEST_SERVER target=701782E8 SQR31?3              argc=0 site=7017C33E
gcalls seq=001569 caller=QUEST_SERVER target=701782E8 SQR31?3              argc=0 site=7017C33E
gcalls seq=001570 caller=QUEST_SERVER target=701782E8 SQR31?3              argc=0 site=7017C33E
gcalls seq=001571 caller=QUEST_SERVER target=701782E8 SQR31?3              argc=0 site=7017C33E
gcalls seq=001572 caller=QUEST_SERVER target=701782E8 SQR31?3              argc=0 site=7017C33E
gcalls seq=001573 caller=QUEST_SERVER target=701782E8 SQR31?3              argc=0 site=7017C33E
gcalls seq=001574 caller=QUEST_SERVER target=701782E8 SQR31?3              argc=0 site=7017C33E
gcalls seq=001575 caller=QUEST_SERVER target=701782E8 SQR31?3              argc=0 site=7017C33E
gcalls seq=001576 caller=QUEST_SERVER target=701782E8 SQR31?3              argc=0 site=7017C33E
gcalls seq=001577 caller=QUEST_SERVER target=701782E8 SQR31?3              argc=0 site=7017C33E
gcalls seq=001578 caller=QUEST_SERVER target=701782E8 SQR31?3              argc=0 site=7017C33E
gcalls seq=001579 caller=QUEST_SERVER target=701782E8 SQR31?3              argc=0 site=7017C33E
gcalls seq=001580 caller=QUEST_SERVER target=701782E8 SQR31?3              argc=0 site=7017C33E
gcalls seq=001581 caller=QUEST_SERVER target=701782E8 SQR31?3              argc=0 site=7017C33E
gcalls seq=001582 caller=QUEST_SERVER target=701782E8 SQR31?3              argc=0 site=7017C33E
gcalls seq=001583 caller=QUEST_SERVER target=701782E8 SQR31?3              argc=0 site=7017C33E
gcalls seq=001584 caller=QUEST_SERVER target=701782E8 SQR31?3              argc=0 site=7017C33E
gcalls seq=001585 caller=QUEST_SERVER target=701782E8 SQR31?3              argc=0 site=7017C33E
gcalls seq=001586 caller=QUEST_SERVER target=701782E8 SQR31?3              argc=0 site=7017C33E
gcalls seq=001587 caller=QUEST_SERVER target=701782E8 SQR31?3              argc=0 site=7017C33E
gcalls seq=001588 caller=QUEST_SERVER target=701782E8 SQR31?3              argc=0 site=7017C33E
gcalls seq=001589 caller=QUEST_SERVER target=701782E8 SQR31?3              argc=0 site=7017C33E
gcalls seq=001590 caller=QUEST_SERVER target=701782E8 SQR31?3              argc=0 site=7017C33E
gcalls seq=001591 caller=QUEST_SERVER target=701782E8 SQR31?3              argc=0 site=7017C33E
gcalls seq=001592 caller=QUEST_SERVER target=701782E8 SQR31?3              argc=0 site=7017C33E
gcalls seq=001593 caller=QUEST_SERVER target=701782E8 SQR31?3              argc=0 site=7017C33E
gcalls seq=001594 caller=QUEST_SERVER target=701782E8 SQR31?3              argc=0 site=7017C33E
gcalls seq=001595 caller=QUEST_SERVER target=701782E8 SQR31?3              argc=0 site=7017C33E
gcalls seq=001596 caller=QUEST_SERVER target=701782E8 SQR31?3              argc=0 site=7017C33E
gcalls seq=001597 caller=QUEST_SERVER target=701782E8 SQR31?3              argc=0 site=7017C33E
gcalls seq=001598 caller=QUEST_SERVER target=701782E8 SQR31?3              argc=0 site=7017C33E
gcalls seq=001599 caller=QUEST_SERVER target=701782E8 SQR31?3              argc=0 site=7017C33E
gcalls seq=001600 caller=QUEST_SERVER target=701782E8 SQR31?3              argc=0 site=7017C33E
gcalls seq=001601 caller=QUEST_SERVER target=701782E8 SQR31?3              argc=0 site=7017C33E
gcalls seq=001602 caller=QUEST_SERVER target=701782E8 SQR31?3              argc=0 site=7017C33E
gcalls seq=001603 caller=QUEST_SERVER target=701782E8 SQR31?3              argc=0 site=7017C33E
gcalls seq=001604 caller=QUEST_SERVER target=701782E8 SQR31?3              argc=0 site=7017C33E
gcalls seq=001605 caller=QUEST_SERVER target=701782E8 SQR31?3              argc=0 site=7017C33E
gcalls seq=001606 caller=QUEST_SERVER target=701782E8 SQR31?3              argc=0 site=7017C33E
gcalls seq=001607 caller=QUEST_SERVER target=701782E8 SQR31?3              argc=0 site=7017C33E
gcalls seq=001608 caller=QUEST_SERVER target=701782E8 SQR31?3              argc=0 site=7017C33E
gcalls seq=001609 caller=QUEST_SERVER target=701782E8 SQR31?3              argc=0 site=7017C33E
gcalls seq=001610 caller=QUEST_SERVER target=701782E8 SQR31?3              argc=0 site=7017C33E
gcalls seq=001611 caller=QUEST_SERVER target=701782E8 SQR31?3              argc=0 site=7017C33E
gcalls seq=001612 caller=QUEST_SERVER target=701782E8 SQR31?3              argc=0 site=7017C33E
gcalls seq=001613 caller=QUEST_SERVER target=701782E8 SQR31?3              argc=0 site=7017C33E
gcalls seq=001614 caller=QUEST_SERVER target=701782E8 SQR31?3              argc=0 site=7017C33E
gcalls seq=001615 caller=QUEST_SERVER target=701782E8 SQR31?3              argc=0 site=7017C33E
gcalls seq=001616 caller=QUEST_SERVER target=701782E8 SQR31?3              argc=0 site=7017C33E
gcalls seq=001617 caller=QUEST_SERVER target=701782E8 SQR31?3              argc=0 site=7017C33E
gcalls seq=001618 caller=QUEST_SERVER target=701782E8 SQR31?3              argc=0 site=7017C33E
gcalls seq=001619 caller=QUEST_SERVER target=701782E8 SQR31?3              argc=0 site=7017C33E
gcalls seq=001620 caller=QUEST_SERVER target=701782E8 SQR31?3              argc=0 site=7017C33E
gcalls seq=001621 caller=QUEST_SERVER target=701782E8 SQR31?3              argc=0 site=7017C33E
gcalls seq=001622 caller=QUEST_SERVER target=701782E8 SQR31?3              argc=0 site=7017C33E
gcalls seq=001623 caller=QUEST_SERVER target=701782E8 SQR31?3              argc=0 site=7017C33E
gcalls seq=001624 caller=QUEST_SERVER target=701782E8 SQR31?3              argc=0 site=7017C33E
gcalls seq=001625 caller=QUEST_SERVER target=701782E8 SQR31?3              argc=0 site=7017C33E
gcalls seq=001626 caller=QUEST_SERVER target=701782E8 SQR31?3              argc=0 site=7017C33E
gcalls seq=001627 caller=QUEST_SERVER target=701782E8 SQR31?3              argc=0 site=7017C33E
gcalls seq=001628 caller=QUEST_SERVER target=701782E8 SQR31?3              argc=0 site=7017C33E
gcalls seq=001629 caller=QUEST_SERVER target=701782E8 SQR31?3              argc=0 site=7017C33E
gcalls seq=001630 caller=QUEST_SERVER target=701782E8 SQR31?3              argc=0 site=7017C33E
gcalls seq=001631 caller=QUEST_SERVER target=701782E8 SQR31?3              argc=0 site=7017C33E
gcalls seq=001632 caller=QUEST_SERVER target=701782E8 SQR31?3              argc=0 site=7017C33E
gcalls seq=001633 caller=QUEST_SERVER target=701782E8 SQR31?3              argc=0 site=7017C33E
gcalls seq=001634 caller=QUEST_SERVER target=701782E8 SQR31?3              argc=0 site=7017C33E
gcalls seq=001635 caller=QUEST_SERVER target=701782E8 SQR31?3              argc=0 site=7017C33E
gcalls seq=001636 caller=QUEST_SERVER target=701782E8 SQR31?3              argc=0 site=7017C33E
gcalls seq=001637 caller=QUEST_SERVER target=701782E8 SQR31?3              argc=0 site=7017C33E
gcalls seq=001638 caller=QUEST_SERVER target=701782E8 SQR31?3              argc=0 site=7017C33E
gcalls seq=001639 caller=QUEST_SERVER target=701782E8 SQR31?3              argc=0 site=7017C33E
gcalls seq=001640 caller=QUEST_SERVER target=701782E8 SQR31?3              argc=0 site=7017C33E
gcalls seq=001641 caller=QUEST_SERVER target=701782E8 SQR31?3              argc=0 site=7017C33E
gcalls seq=001642 caller=QUEST_SERVER target=701782E8 SQR31?3              argc=0 site=7017C33E
gcalls seq=001643 caller=QUEST_SERVER target=701782E8 SQR31?3              argc=0 site=7017C33E
gcalls seq=001644 caller=QUEST_SERVER target=701782E8 SQR31?3              argc=0 site=7017C33E
gcalls seq=001645 caller=QUEST_SERVER target=701782E8 SQR31?3              argc=0 site=7017C33E
gcalls seq=001646 caller=QUEST_SERVER target=701782E8 SQR31?3              argc=0 site=7017C33E
gcalls seq=001647 caller=QUEST_SERVER target=701782E8 SQR31?3              argc=0 site=7017C33E
gcalls seq=001648 caller=QUEST_SERVER target=701782E8 SQR31?3              argc=0 site=7017C33E
gcalls seq=001649 caller=QUEST_SERVER target=701782E8 SQR31?3              argc=0 site=7017C33E
gcalls seq=001650 caller=QUEST_SERVER target=701782E8 SQR31?3              argc=0 site=7017C33E
gcalls seq=001651 caller=QUEST_SERVER target=701782E8 SQR31?3              argc=0 site=7017C33E
gcalls seq=001652 caller=QUEST_SERVER target=701782E8 SQR31?3              argc=0 site=7017C33E
gcalls seq=001653 caller=QUEST_SERVER target=701782E8 SQR31?3              argc=0 site=7017C33E
gcalls seq=001654 caller=QUEST_SERVER target=701782E8 SQR31?3              argc=0 site=7017C33E
gcalls seq=001655 caller=QUEST_SERVER target=701782E8 SQR31?3              argc=0 site=7017C33E
gcalls seq=001656 caller=QUEST_SERVER target=701782E8 SQR31?3              argc=0 site=7017C33E
gcalls seq=001657 caller=QUEST_SERVER target=701782E8 SQR31?3              argc=0 site=7017C33E
gcalls seq=001658 caller=QUEST_SERVER target=701782E8 SQR31?3              argc=0 site=7017C33E
gcalls seq=001659 caller=QUEST_SERVER target=701782E8 SQR31?3              argc=0 site=7017C33E
gcalls seq=001660 caller=QUEST_SERVER target=701782E8 SQR31?3              argc=0 site=7017C33E
gcalls seq=001661 caller=QUEST_SERVER target=701782E8 SQR31?3              argc=0 site=7017C33E
gcalls seq=001662 caller=QUEST_SERVER target=701782E8 SQR31?3              argc=0 site=7017C33E
gcalls seq=001663 caller=QUEST_SERVER target=701782E8 SQR31?3              argc=0 site=7017C33E
gcalls seq=001664 caller=QUEST_SERVER target=701782E8 SQR31?3              argc=0 site=7017C33E
gcalls seq=001665 caller=QUEST_SERVER target=7017B501 PICK_X_Y             argc=2 site=7017AD25
gcalls seq=001666 caller=QUEST_SERVER target=7017C098 ROLL32               argc=0 site=7017E21A
gcalls seq=001667 caller=QUEST_SERVER target=7017C098 ROLL32               argc=0 site=7017E21A
gcalls seq=001668 caller=QUEST_SERVER target=7017C098 ROLL32               argc=0 site=7017E21A
gcalls seq=001669 caller=QUEST_SERVER target=70178F4D FIND_OBJECT          argc=3 site=7017AD2F
gcalls seq=001670 caller=QUEST_SERVER target=7017C13B TERRITORY            argc=6 site=7017AD41
gcalls seq=001671 caller=QUEST_SERVER target=701782E8 SQR31?3              argc=0 site=7017C33E
gcalls seq=001672 caller=QUEST_SERVER target=701782E8 SQR31?3              argc=0 site=7017C33E
gcalls seq=001673 caller=QUEST_SERVER target=701782E8 SQR31?3              argc=0 site=7017C33E
gcalls seq=001674 caller=QUEST_SERVER target=701782E8 SQR31?3              argc=0 site=7017C33E
gcalls seq=001675 caller=QUEST_SERVER target=701782E8 SQR31?3              argc=0 site=7017C33E
gcalls seq=001676 caller=QUEST_SERVER target=701782E8 SQR31?3              argc=0 site=7017C33E
gcalls seq=001677 caller=QUEST_SERVER target=701782E8 SQR31?3              argc=0 site=7017C33E
gcalls seq=001678 caller=QUEST_SERVER target=701782E8 SQR31?3              argc=0 site=7017C33E
gcalls seq=001679 caller=QUEST_SERVER target=701782E8 SQR31?3              argc=0 site=7017C33E
gcalls seq=001680 caller=QUEST_SERVER target=701782E8 SQR31?3              argc=0 site=7017C33E
gcalls seq=001681 caller=QUEST_SERVER target=701782E8 SQR31?3              argc=0 site=7017C33E
gcalls seq=001682 caller=QUEST_SERVER target=701782E8 SQR31?3              argc=0 site=7017C33E
gcalls seq=001683 caller=QUEST_SERVER target=701782E8 SQR31?3              argc=0 site=7017C33E
gcalls seq=001684 caller=QUEST_SERVER target=701782E8 SQR31?3              argc=0 site=7017C33E
gcalls seq=001685 caller=QUEST_SERVER target=701782E8 SQR31?3              argc=0 site=7017C33E
gcalls seq=001686 caller=QUEST_SERVER target=701782E8 SQR31?3              argc=0 site=7017C33E
gcalls seq=001687 caller=QUEST_SERVER target=701782E8 SQR31?3              argc=0 site=7017C33E
gcalls seq=001688 caller=QUEST_SERVER target=701782E8 SQR31?3              argc=0 site=7017C33E
gcalls seq=001689 caller=QUEST_SERVER target=701782E8 SQR31?3              argc=0 site=7017C33E
gcalls seq=001690 caller=QUEST_SERVER target=701782E8 SQR31?3              argc=0 site=7017C33E
gcalls seq=001691 caller=QUEST_SERVER target=701782E8 SQR31?3              argc=0 site=7017C33E
gcalls seq=001692 caller=QUEST_SERVER target=701782E8 SQR31?3              argc=0 site=7017C33E
gcalls seq=001693 caller=QUEST_SERVER target=701782E8 SQR31?3              argc=0 site=7017C33E
gcalls seq=001694 caller=QUEST_SERVER target=701782E8 SQR31?3              argc=0 site=7017C33E
gcalls seq=001695 caller=QUEST_SERVER target=701782E8 SQR31?3              argc=0 site=7017C33E
gcalls seq=001696 caller=QUEST_SERVER target=701782E8 SQR31?3              argc=0 site=7017C33E
gcalls seq=001697 caller=QUEST_SERVER target=701782E8 SQR31?3              argc=0 site=7017C33E
gcalls seq=001698 caller=QUEST_SERVER target=701782E8 SQR31?3              argc=0 site=7017C33E
gcalls seq=001699 caller=QUEST_SERVER target=701782E8 SQR31?3              argc=0 site=7017C33E
gcalls seq=001700 caller=QUEST_SERVER target=701782E8 SQR31?3              argc=0 site=7017C33E
gcalls seq=001701 caller=QUEST_SERVER target=701782E8 SQR31?3              argc=0 site=7017C33E
gcalls seq=001702 caller=QUEST_SERVER target=701782E8 SQR31?3              argc=0 site=7017C33E
gcalls seq=001703 caller=QUEST_SERVER target=701782E8 SQR31?3              argc=0 site=7017C33E
gcalls seq=001704 caller=QUEST_SERVER target=701782E8 SQR31?3              argc=0 site=7017C33E
gcalls seq=001705 caller=QUEST_SERVER target=701782E8 SQR31?3              argc=0 site=7017C33E
gcalls seq=001706 caller=QUEST_SERVER target=701782E8 SQR31?3              argc=0 site=7017C33E
gcalls seq=001707 caller=QUEST_SERVER target=701782E8 SQR31?3              argc=0 site=7017C33E
gcalls seq=001708 caller=QUEST_SERVER target=701782E8 SQR31?3              argc=0 site=7017C33E
gcalls seq=001709 caller=QUEST_SERVER target=701782E8 SQR31?3              argc=0 site=7017C33E
gcalls seq=001710 caller=QUEST_SERVER target=701782E8 SQR31?3              argc=0 site=7017C33E
gcalls seq=001711 caller=QUEST_SERVER target=701782E8 SQR31?3              argc=0 site=7017C33E
gcalls seq=001712 caller=QUEST_SERVER target=701782E8 SQR31?3              argc=0 site=7017C33E
gcalls seq=001713 caller=QUEST_SERVER target=701782E8 SQR31?3              argc=0 site=7017C33E
gcalls seq=001714 caller=QUEST_SERVER target=701782E8 SQR31?3              argc=0 site=7017C33E
gcalls seq=001715 caller=QUEST_SERVER target=701782E8 SQR31?3              argc=0 site=7017C33E
gcalls seq=001716 caller=QUEST_SERVER target=701782E8 SQR31?3              argc=0 site=7017C33E
gcalls seq=001717 caller=QUEST_SERVER target=701782E8 SQR31?3              argc=0 site=7017C33E
gcalls seq=001718 caller=QUEST_SERVER target=701782E8 SQR31?3              argc=0 site=7017C33E
gcalls seq=001719 caller=QUEST_SERVER target=701782E8 SQR31?3              argc=0 site=7017C33E
gcalls seq=001720 caller=QUEST_SERVER target=701782E8 SQR31?3              argc=0 site=7017C33E
gcalls seq=001721 caller=QUEST_SERVER target=701782E8 SQR31?3              argc=0 site=7017C33E
gcalls seq=001722 caller=QUEST_SERVER target=701782E8 SQR31?3              argc=0 site=7017C33E
gcalls seq=001723 caller=QUEST_SERVER target=701782E8 SQR31?3              argc=0 site=7017C33E
gcalls seq=001724 caller=QUEST_SERVER target=701782E8 SQR31?3              argc=0 site=7017C33E
gcalls seq=001725 caller=QUEST_SERVER target=701782E8 SQR31?3              argc=0 site=7017C33E
gcalls seq=001726 caller=QUEST_SERVER target=701782E8 SQR31?3              argc=0 site=7017C33E
gcalls seq=001727 caller=QUEST_SERVER target=701782E8 SQR31?3              argc=0 site=7017C33E
gcalls seq=001728 caller=QUEST_SERVER target=701782E8 SQR31?3              argc=0 site=7017C33E
gcalls seq=001729 caller=QUEST_SERVER target=701782E8 SQR31?3              argc=0 site=7017C33E
gcalls seq=001730 caller=QUEST_SERVER target=701782E8 SQR31?3              argc=0 site=7017C33E
gcalls seq=001731 caller=QUEST_SERVER target=701782E8 SQR31?3              argc=0 site=7017C33E
gcalls seq=001732 caller=QUEST_SERVER target=701782E8 SQR31?3              argc=0 site=7017C33E
gcalls seq=001733 caller=QUEST_SERVER target=701782E8 SQR31?3              argc=0 site=7017C33E
gcalls seq=001734 caller=QUEST_SERVER target=701782E8 SQR31?3              argc=0 site=7017C33E
gcalls seq=001735 caller=QUEST_SERVER target=701782E8 SQR31?3              argc=0 site=7017C33E
gcalls seq=001736 caller=QUEST_SERVER target=701782E8 SQR31?3              argc=0 site=7017C33E
gcalls seq=001737 caller=QUEST_SERVER target=701782E8 SQR31?3              argc=0 site=7017C33E
gcalls seq=001738 caller=QUEST_SERVER target=701782E8 SQR31?3              argc=0 site=7017C33E
gcalls seq=001739 caller=QUEST_SERVER target=701782E8 SQR31?3              argc=0 site=7017C33E
gcalls seq=001740 caller=QUEST_SERVER target=701782E8 SQR31?3              argc=0 site=7017C33E
gcalls seq=001741 caller=QUEST_SERVER target=701782E8 SQR31?3              argc=0 site=7017C33E
gcalls seq=001742 caller=QUEST_SERVER target=701782E8 SQR31?3              argc=0 site=7017C33E
gcalls seq=001743 caller=QUEST_SERVER target=701782E8 SQR31?3              argc=0 site=7017C33E
gcalls seq=001744 caller=QUEST_SERVER target=701782E8 SQR31?3              argc=0 site=7017C33E
gcalls seq=001745 caller=QUEST_SERVER target=701782E8 SQR31?3              argc=0 site=7017C33E
gcalls seq=001746 caller=QUEST_SERVER target=701782E8 SQR31?3              argc=0 site=7017C33E
gcalls seq=001747 caller=QUEST_SERVER target=701782E8 SQR31?3              argc=0 site=7017C33E
gcalls seq=001748 caller=QUEST_SERVER target=701782E8 SQR31?3              argc=0 site=7017C33E
gcalls seq=001749 caller=QUEST_SERVER target=701782E8 SQR31?3              argc=0 site=7017C33E
gcalls seq=001750 caller=QUEST_SERVER target=701782E8 SQR31?3              argc=0 site=7017C33E
gcalls seq=001751 caller=QUEST_SERVER target=701782E8 SQR31?3              argc=0 site=7017C33E
gcalls seq=001752 caller=QUEST_SERVER target=701782E8 SQR31?3              argc=0 site=7017C33E
gcalls seq=001753 caller=QUEST_SERVER target=701782E8 SQR31?3              argc=0 site=7017C33E
gcalls seq=001754 caller=QUEST_SERVER target=701782E8 SQR31?3              argc=0 site=7017C33E
gcalls seq=001755 caller=QUEST_SERVER target=701782E8 SQR31?3              argc=0 site=7017C33E
gcalls seq=001756 caller=QUEST_SERVER target=701782E8 SQR31?3              argc=0 site=7017C33E
gcalls seq=001757 caller=QUEST_SERVER target=701782E8 SQR31?3              argc=0 site=7017C33E
gcalls seq=001758 caller=QUEST_SERVER target=701782E8 SQR31?3              argc=0 site=7017C33E
gcalls seq=001759 caller=QUEST_SERVER target=701782E8 SQR31?3              argc=0 site=7017C33E
gcalls seq=001760 caller=QUEST_SERVER target=701782E8 SQR31?3              argc=0 site=7017C33E
gcalls seq=001761 caller=QUEST_SERVER target=701782E8 SQR31?3              argc=0 site=7017C33E
gcalls seq=001762 caller=QUEST_SERVER target=701782E8 SQR31?3              argc=0 site=7017C33E
gcalls seq=001763 caller=QUEST_SERVER target=701782E8 SQR31?3              argc=0 site=7017C33E
gcalls seq=001764 caller=QUEST_SERVER target=701782E8 SQR31?3              argc=0 site=7017C33E
gcalls seq=001765 caller=QUEST_SERVER target=701782E8 SQR31?3              argc=0 site=7017C33E
gcalls seq=001766 caller=QUEST_SERVER target=701782E8 SQR31?3              argc=0 site=7017C33E
gcalls seq=001767 caller=QUEST_SERVER target=701782E8 SQR31?3              argc=0 site=7017C33E
gcalls seq=001768 caller=QUEST_SERVER target=701782E8 SQR31?3              argc=0 site=7017C33E
gcalls seq=001769 caller=QUEST_SERVER target=701782E8 SQR31?3              argc=0 site=7017C33E
gcalls seq=001770 caller=QUEST_SERVER target=701782E8 SQR31?3              argc=0 site=7017C33E
gcalls seq=001771 caller=QUEST_SERVER target=701782E8 SQR31?3              argc=0 site=7017C33E
gcalls seq=001772 caller=QUEST_SERVER target=701782E8 SQR31?3              argc=0 site=7017C33E
gcalls seq=001773 caller=QUEST_SERVER target=701782E8 SQR31?3              argc=0 site=7017C33E
gcalls seq=001774 caller=QUEST_SERVER target=701782E8 SQR31?3              argc=0 site=7017C33E
gcalls seq=001775 caller=QUEST_SERVER target=701782E8 SQR31?3              argc=0 site=7017C33E
gcalls seq=001776 caller=QUEST_SERVER target=701782E8 SQR31?3              argc=0 site=7017C33E
gcalls seq=001777 caller=QUEST_SERVER target=701782E8 SQR31?3              argc=0 site=7017C33E
gcalls seq=001778 caller=QUEST_SERVER target=701782E8 SQR31?3              argc=0 site=7017C33E
gcalls seq=001779 caller=QUEST_SERVER target=701782E8 SQR31?3              argc=0 site=7017C33E
gcalls seq=001780 caller=QUEST_SERVER target=701782E8 SQR31?3              argc=0 site=7017C33E
gcalls seq=001781 caller=QUEST_SERVER target=701782E8 SQR31?3              argc=0 site=7017C33E
gcalls seq=001782 caller=QUEST_SERVER target=701782E8 SQR31?3              argc=0 site=7017C33E
gcalls seq=001783 caller=QUEST_SERVER target=701782E8 SQR31?3              argc=0 site=7017C33E
gcalls seq=001784 caller=QUEST_SERVER target=701782E8 SQR31?3              argc=0 site=7017C33E
gcalls seq=001785 caller=QUEST_SERVER target=701782E8 SQR31?3              argc=0 site=7017C33E
gcalls seq=001786 caller=QUEST_SERVER target=701782E8 SQR31?3              argc=0 site=7017C33E
gcalls seq=001787 caller=QUEST_SERVER target=7017B501 PICK_X_Y             argc=2 site=7017AD25
gcalls seq=001788 caller=QUEST_SERVER target=7017C098 ROLL32               argc=0 site=7017E21A
gcalls seq=001789 caller=QUEST_SERVER target=7017C098 ROLL32               argc=0 site=7017E21A
gcalls seq=001790 caller=QUEST_SERVER target=7017C098 ROLL32               argc=0 site=7017E21A
gcalls seq=001791 caller=QUEST_SERVER target=7017C098 ROLL32               argc=0 site=7017E21A
gcalls seq=001792 caller=QUEST_SERVER target=70178F4D FIND_OBJECT          argc=3 site=7017AD2F
gcalls seq=001793 caller=QUEST_SERVER target=7017B501 PICK_X_Y             argc=2 site=7017AD25
gcalls seq=001794 caller=QUEST_SERVER target=7017C098 ROLL32               argc=0 site=7017E21A
gcalls seq=001795 caller=QUEST_SERVER target=7017C098 ROLL32               argc=0 site=7017E21A
gcalls seq=001796 caller=QUEST_SERVER target=7017C098 ROLL32               argc=0 site=7017E21A
gcalls seq=001797 caller=QUEST_SERVER target=70178F4D FIND_OBJECT          argc=3 site=7017AD2F
gcalls seq=001798 caller=QUEST_SERVER target=7017C13B TERRITORY            argc=6 site=7017AD41
gcalls seq=001799 caller=QUEST_SERVER target=701782E8 SQR31?3              argc=0 site=7017C33E
gcalls seq=001800 caller=QUEST_SERVER target=701782E8 SQR31?3              argc=0 site=7017C33E
gcalls seq=001801 caller=QUEST_SERVER target=701782E8 SQR31?3              argc=0 site=7017C33E
gcalls seq=001802 caller=QUEST_SERVER target=701782E8 SQR31?3              argc=0 site=7017C33E
gcalls seq=001803 caller=QUEST_SERVER target=701782E8 SQR31?3              argc=0 site=7017C33E
gcalls seq=001804 caller=QUEST_SERVER target=701782E8 SQR31?3              argc=0 site=7017C33E
gcalls seq=001805 caller=QUEST_SERVER target=701782E8 SQR31?3              argc=0 site=7017C33E
gcalls seq=001806 caller=QUEST_SERVER target=701782E8 SQR31?3              argc=0 site=7017C33E
gcalls seq=001807 caller=QUEST_SERVER target=701782E8 SQR31?3              argc=0 site=7017C33E
gcalls seq=001808 caller=QUEST_SERVER target=701782E8 SQR31?3              argc=0 site=7017C33E
gcalls seq=001809 caller=QUEST_SERVER target=701782E8 SQR31?3              argc=0 site=7017C33E
gcalls seq=001810 caller=QUEST_SERVER target=701782E8 SQR31?3              argc=0 site=7017C33E
gcalls seq=001811 caller=QUEST_SERVER target=701782E8 SQR31?3              argc=0 site=7017C33E
gcalls seq=001812 caller=QUEST_SERVER target=701782E8 SQR31?3              argc=0 site=7017C33E
gcalls seq=001813 caller=QUEST_SERVER target=701782E8 SQR31?3              argc=0 site=7017C33E
gcalls seq=001814 caller=QUEST_SERVER target=701782E8 SQR31?3              argc=0 site=7017C33E
gcalls seq=001815 caller=QUEST_SERVER target=701782E8 SQR31?3              argc=0 site=7017C33E
gcalls seq=001816 caller=QUEST_SERVER target=701782E8 SQR31?3              argc=0 site=7017C33E
gcalls seq=001817 caller=QUEST_SERVER target=701782E8 SQR31?3              argc=0 site=7017C33E
gcalls seq=001818 caller=QUEST_SERVER target=701782E8 SQR31?3              argc=0 site=7017C33E
gcalls seq=001819 caller=QUEST_SERVER target=701782E8 SQR31?3              argc=0 site=7017C33E
gcalls seq=001820 caller=QUEST_SERVER target=701782E8 SQR31?3              argc=0 site=7017C33E
gcalls seq=001821 caller=QUEST_SERVER target=701782E8 SQR31?3              argc=0 site=7017C33E
gcalls seq=001822 caller=QUEST_SERVER target=701782E8 SQR31?3              argc=0 site=7017C33E
gcalls seq=001823 caller=QUEST_SERVER target=701782E8 SQR31?3              argc=0 site=7017C33E
gcalls seq=001824 caller=QUEST_SERVER target=701782E8 SQR31?3              argc=0 site=7017C33E
gcalls seq=001825 caller=QUEST_SERVER target=701782E8 SQR31?3              argc=0 site=7017C33E
gcalls seq=001826 caller=QUEST_SERVER target=701782E8 SQR31?3              argc=0 site=7017C33E
gcalls seq=001827 caller=QUEST_SERVER target=701782E8 SQR31?3              argc=0 site=7017C33E
gcalls seq=001828 caller=QUEST_SERVER target=701782E8 SQR31?3              argc=0 site=7017C33E
gcalls seq=001829 caller=QUEST_SERVER target=701782E8 SQR31?3              argc=0 site=7017C33E
gcalls seq=001830 caller=QUEST_SERVER target=701782E8 SQR31?3              argc=0 site=7017C33E
gcalls seq=001831 caller=QUEST_SERVER target=701782E8 SQR31?3              argc=0 site=7017C33E
gcalls seq=001832 caller=QUEST_SERVER target=701782E8 SQR31?3              argc=0 site=7017C33E
gcalls seq=001833 caller=QUEST_SERVER target=701782E8 SQR31?3              argc=0 site=7017C33E
gcalls seq=001834 caller=QUEST_SERVER target=701782E8 SQR31?3              argc=0 site=7017C33E
gcalls seq=001835 caller=QUEST_SERVER target=701782E8 SQR31?3              argc=0 site=7017C33E
gcalls seq=001836 caller=QUEST_SERVER target=701782E8 SQR31?3              argc=0 site=7017C33E
gcalls seq=001837 caller=QUEST_SERVER target=701782E8 SQR31?3              argc=0 site=7017C33E
gcalls seq=001838 caller=QUEST_SERVER target=701782E8 SQR31?3              argc=0 site=7017C33E
gcalls seq=001839 caller=QUEST_SERVER target=701782E8 SQR31?3              argc=0 site=7017C33E
gcalls seq=001840 caller=QUEST_SERVER target=701782E8 SQR31?3              argc=0 site=7017C33E
gcalls seq=001841 caller=QUEST_SERVER target=701782E8 SQR31?3              argc=0 site=7017C33E
gcalls seq=001842 caller=QUEST_SERVER target=701782E8 SQR31?3              argc=0 site=7017C33E
gcalls seq=001843 caller=QUEST_SERVER target=701782E8 SQR31?3              argc=0 site=7017C33E
gcalls seq=001844 caller=QUEST_SERVER target=701782E8 SQR31?3              argc=0 site=7017C33E
gcalls seq=001845 caller=QUEST_SERVER target=701782E8 SQR31?3              argc=0 site=7017C33E
gcalls seq=001846 caller=QUEST_SERVER target=701782E8 SQR31?3              argc=0 site=7017C33E
gcalls seq=001847 caller=QUEST_SERVER target=701782E8 SQR31?3              argc=0 site=7017C33E
gcalls seq=001848 caller=QUEST_SERVER target=701782E8 SQR31?3              argc=0 site=7017C33E
gcalls seq=001849 caller=QUEST_SERVER target=701782E8 SQR31?3              argc=0 site=7017C33E
gcalls seq=001850 caller=QUEST_SERVER target=701782E8 SQR31?3              argc=0 site=7017C33E
gcalls seq=001851 caller=QUEST_SERVER target=701782E8 SQR31?3              argc=0 site=7017C33E
gcalls seq=001852 caller=QUEST_SERVER target=701782E8 SQR31?3              argc=0 site=7017C33E
gcalls seq=001853 caller=QUEST_SERVER target=701782E8 SQR31?3              argc=0 site=7017C33E
gcalls seq=001854 caller=QUEST_SERVER target=701782E8 SQR31?3              argc=0 site=7017C33E
gcalls seq=001855 caller=QUEST_SERVER target=701782E8 SQR31?3              argc=0 site=7017C33E
gcalls seq=001856 caller=QUEST_SERVER target=701782E8 SQR31?3              argc=0 site=7017C33E
gcalls seq=001857 caller=QUEST_SERVER target=701782E8 SQR31?3              argc=0 site=7017C33E
gcalls seq=001858 caller=QUEST_SERVER target=701782E8 SQR31?3              argc=0 site=7017C33E
gcalls seq=001859 caller=QUEST_SERVER target=701782E8 SQR31?3              argc=0 site=7017C33E
gcalls seq=001860 caller=QUEST_SERVER target=701782E8 SQR31?3              argc=0 site=7017C33E
gcalls seq=001861 caller=QUEST_SERVER target=701782E8 SQR31?3              argc=0 site=7017C33E
gcalls seq=001862 caller=QUEST_SERVER target=701782E8 SQR31?3              argc=0 site=7017C33E
gcalls seq=001863 caller=QUEST_SERVER target=701782E8 SQR31?3              argc=0 site=7017C33E
gcalls seq=001864 caller=QUEST_SERVER target=701782E8 SQR31?3              argc=0 site=7017C33E
gcalls seq=001865 caller=QUEST_SERVER target=701782E8 SQR31?3              argc=0 site=7017C33E
gcalls seq=001866 caller=QUEST_SERVER target=701782E8 SQR31?3              argc=0 site=7017C33E
gcalls seq=001867 caller=QUEST_SERVER target=701782E8 SQR31?3              argc=0 site=7017C33E
gcalls seq=001868 caller=QUEST_SERVER target=701782E8 SQR31?3              argc=0 site=7017C33E
gcalls seq=001869 caller=QUEST_SERVER target=701782E8 SQR31?3              argc=0 site=7017C33E
gcalls seq=001870 caller=QUEST_SERVER target=701782E8 SQR31?3              argc=0 site=7017C33E
gcalls seq=001871 caller=QUEST_SERVER target=701782E8 SQR31?3              argc=0 site=7017C33E
gcalls seq=001872 caller=QUEST_SERVER target=701782E8 SQR31?3              argc=0 site=7017C33E
gcalls seq=001873 caller=QUEST_SERVER target=701782E8 SQR31?3              argc=0 site=7017C33E
gcalls seq=001874 caller=QUEST_SERVER target=701782E8 SQR31?3              argc=0 site=7017C33E
gcalls seq=001875 caller=QUEST_SERVER target=701782E8 SQR31?3              argc=0 site=7017C33E
gcalls seq=001876 caller=QUEST_SERVER target=701782E8 SQR31?3              argc=0 site=7017C33E
gcalls seq=001877 caller=QUEST_SERVER target=701782E8 SQR31?3              argc=0 site=7017C33E
gcalls seq=001878 caller=QUEST_SERVER target=701782E8 SQR31?3              argc=0 site=7017C33E
gcalls seq=001879 caller=QUEST_SERVER target=701782E8 SQR31?3              argc=0 site=7017C33E
gcalls seq=001880 caller=QUEST_SERVER target=701782E8 SQR31?3              argc=0 site=7017C33E
gcalls seq=001881 caller=QUEST_SERVER target=701782E8 SQR31?3              argc=0 site=7017C33E
gcalls seq=001882 caller=QUEST_SERVER target=701782E8 SQR31?3              argc=0 site=7017C33E
gcalls seq=001883 caller=QUEST_SERVER target=701782E8 SQR31?3              argc=0 site=7017C33E
gcalls seq=001884 caller=QUEST_SERVER target=701782E8 SQR31?3              argc=0 site=7017C33E
gcalls seq=001885 caller=QUEST_SERVER target=701782E8 SQR31?3              argc=0 site=7017C33E
gcalls seq=001886 caller=QUEST_SERVER target=701782E8 SQR31?3              argc=0 site=7017C33E
gcalls seq=001887 caller=QUEST_SERVER target=701782E8 SQR31?3              argc=0 site=7017C33E
gcalls seq=001888 caller=QUEST_SERVER target=701782E8 SQR31?3              argc=0 site=7017C33E
gcalls seq=001889 caller=QUEST_SERVER target=701782E8 SQR31?3              argc=0 site=7017C33E
gcalls seq=001890 caller=QUEST_SERVER target=701782E8 SQR31?3              argc=0 site=7017C33E
gcalls seq=001891 caller=QUEST_SERVER target=701782E8 SQR31?3              argc=0 site=7017C33E
gcalls seq=001892 caller=QUEST_SERVER target=701782E8 SQR31?3              argc=0 site=7017C33E
gcalls seq=001893 caller=QUEST_SERVER target=701782E8 SQR31?3              argc=0 site=7017C33E
gcalls seq=001894 caller=QUEST_SERVER target=701782E8 SQR31?3              argc=0 site=7017C33E
gcalls seq=001895 caller=QUEST_SERVER target=701782E8 SQR31?3              argc=0 site=7017C33E
gcalls seq=001896 caller=QUEST_SERVER target=701782E8 SQR31?3              argc=0 site=7017C33E
gcalls seq=001897 caller=QUEST_SERVER target=701782E8 SQR31?3              argc=0 site=7017C33E
gcalls seq=001898 caller=QUEST_SERVER target=701782E8 SQR31?3              argc=0 site=7017C33E
gcalls seq=001899 caller=QUEST_SERVER target=701782E8 SQR31?3              argc=0 site=7017C33E
gcalls seq=001900 caller=QUEST_SERVER target=701782E8 SQR31?3              argc=0 site=7017C33E
gcalls seq=001901 caller=QUEST_SERVER target=701782E8 SQR31?3              argc=0 site=7017C33E
gcalls seq=001902 caller=QUEST_SERVER target=701782E8 SQR31?3              argc=0 site=7017C33E
gcalls seq=001903 caller=QUEST_SERVER target=701782E8 SQR31?3              argc=0 site=7017C33E
gcalls seq=001904 caller=QUEST_SERVER target=701782E8 SQR31?3              argc=0 site=7017C33E
gcalls seq=001905 caller=QUEST_SERVER target=701782E8 SQR31?3              argc=0 site=7017C33E
gcalls seq=001906 caller=QUEST_SERVER target=701782E8 SQR31?3              argc=0 site=7017C33E
gcalls seq=001907 caller=QUEST_SERVER target=701782E8 SQR31?3              argc=0 site=7017C33E
gcalls seq=001908 caller=QUEST_SERVER target=701782E8 SQR31?3              argc=0 site=7017C33E
gcalls seq=001909 caller=QUEST_SERVER target=701782E8 SQR31?3              argc=0 site=7017C33E
gcalls seq=001910 caller=QUEST_SERVER target=701782E8 SQR31?3              argc=0 site=7017C33E
gcalls seq=001911 caller=QUEST_SERVER target=701782E8 SQR31?3              argc=0 site=7017C33E
gcalls seq=001912 caller=QUEST_SERVER target=701782E8 SQR31?3              argc=0 site=7017C33E
gcalls seq=001913 caller=QUEST_SERVER target=701782E8 SQR31?3              argc=0 site=7017C33E
gcalls seq=001914 caller=QUEST_SERVER target=701782E8 SQR31?3              argc=0 site=7017C33E
gcalls seq=001915 caller=QUEST_SERVER target=7017B501 PICK_X_Y             argc=2 site=7017AD25
gcalls seq=001916 caller=QUEST_SERVER target=7017C098 ROLL32               argc=0 site=7017E21A
gcalls seq=001917 caller=QUEST_SERVER target=7017C098 ROLL32               argc=0 site=7017E21A
gcalls seq=001918 caller=QUEST_SERVER target=7017C098 ROLL32               argc=0 site=7017E21A
gcalls seq=001919 caller=QUEST_SERVER target=70178F4D FIND_OBJECT          argc=3 site=7017AD2F
gcalls seq=001920 caller=QUEST_SERVER target=7017C13B TERRITORY            argc=6 site=7017AD41
gcalls seq=001921 caller=QUEST_SERVER target=701782E8 SQR31?3              argc=0 site=7017C33E
gcalls seq=001922 caller=QUEST_SERVER target=701782E8 SQR31?3              argc=0 site=7017C33E
gcalls seq=001923 caller=QUEST_SERVER target=701782E8 SQR31?3              argc=0 site=7017C33E
gcalls seq=001924 caller=QUEST_SERVER target=701782E8 SQR31?3              argc=0 site=7017C33E
gcalls seq=001925 caller=QUEST_SERVER target=701782E8 SQR31?3              argc=0 site=7017C33E
gcalls seq=001926 caller=QUEST_SERVER target=701782E8 SQR31?3              argc=0 site=7017C33E
gcalls seq=001927 caller=QUEST_SERVER target=701782E8 SQR31?3              argc=0 site=7017C33E
gcalls seq=001928 caller=QUEST_SERVER target=701782E8 SQR31?3              argc=0 site=7017C33E
gcalls seq=001929 caller=QUEST_SERVER target=701782E8 SQR31?3              argc=0 site=7017C33E
gcalls seq=001930 caller=QUEST_SERVER target=701782E8 SQR31?3              argc=0 site=7017C33E
gcalls seq=001931 caller=QUEST_SERVER target=701782E8 SQR31?3              argc=0 site=7017C33E
gcalls seq=001932 caller=QUEST_SERVER target=701782E8 SQR31?3              argc=0 site=7017C33E
gcalls seq=001933 caller=QUEST_SERVER target=701782E8 SQR31?3              argc=0 site=7017C33E
gcalls seq=001934 caller=QUEST_SERVER target=701782E8 SQR31?3              argc=0 site=7017C33E
gcalls seq=001935 caller=QUEST_SERVER target=701782E8 SQR31?3              argc=0 site=7017C33E
gcalls seq=001936 caller=QUEST_SERVER target=701782E8 SQR31?3              argc=0 site=7017C33E
gcalls seq=001937 caller=QUEST_SERVER target=701782E8 SQR31?3              argc=0 site=7017C33E
gcalls seq=001938 caller=QUEST_SERVER target=701782E8 SQR31?3              argc=0 site=7017C33E
gcalls seq=001939 caller=QUEST_SERVER target=701782E8 SQR31?3              argc=0 site=7017C33E
gcalls seq=001940 caller=QUEST_SERVER target=701782E8 SQR31?3              argc=0 site=7017C33E
gcalls seq=001941 caller=QUEST_SERVER target=701782E8 SQR31?3              argc=0 site=7017C33E
gcalls seq=001942 caller=QUEST_SERVER target=701782E8 SQR31?3              argc=0 site=7017C33E
gcalls seq=001943 caller=QUEST_SERVER target=701782E8 SQR31?3              argc=0 site=7017C33E
gcalls seq=001944 caller=QUEST_SERVER target=701782E8 SQR31?3              argc=0 site=7017C33E
gcalls seq=001945 caller=QUEST_SERVER target=701782E8 SQR31?3              argc=0 site=7017C33E
gcalls seq=001946 caller=QUEST_SERVER target=701782E8 SQR31?3              argc=0 site=7017C33E
gcalls seq=001947 caller=QUEST_SERVER target=701782E8 SQR31?3              argc=0 site=7017C33E
gcalls seq=001948 caller=QUEST_SERVER target=701782E8 SQR31?3              argc=0 site=7017C33E
gcalls seq=001949 caller=QUEST_SERVER target=701782E8 SQR31?3              argc=0 site=7017C33E
gcalls seq=001950 caller=QUEST_SERVER target=701782E8 SQR31?3              argc=0 site=7017C33E
gcalls seq=001951 caller=QUEST_SERVER target=701782E8 SQR31?3              argc=0 site=7017C33E
gcalls seq=001952 caller=QUEST_SERVER target=701782E8 SQR31?3              argc=0 site=7017C33E
gcalls seq=001953 caller=QUEST_SERVER target=701782E8 SQR31?3              argc=0 site=7017C33E
gcalls seq=001954 caller=QUEST_SERVER target=701782E8 SQR31?3              argc=0 site=7017C33E
gcalls seq=001955 caller=QUEST_SERVER target=701782E8 SQR31?3              argc=0 site=7017C33E
gcalls seq=001956 caller=QUEST_SERVER target=701782E8 SQR31?3              argc=0 site=7017C33E
gcalls seq=001957 caller=QUEST_SERVER target=701782E8 SQR31?3              argc=0 site=7017C33E
gcalls seq=001958 caller=QUEST_SERVER target=701782E8 SQR31?3              argc=0 site=7017C33E
gcalls seq=001959 caller=QUEST_SERVER target=701782E8 SQR31?3              argc=0 site=7017C33E
gcalls seq=001960 caller=QUEST_SERVER target=701782E8 SQR31?3              argc=0 site=7017C33E
gcalls seq=001961 caller=QUEST_SERVER target=701782E8 SQR31?3              argc=0 site=7017C33E
gcalls seq=001962 caller=QUEST_SERVER target=701782E8 SQR31?3              argc=0 site=7017C33E
gcalls seq=001963 caller=QUEST_SERVER target=701782E8 SQR31?3              argc=0 site=7017C33E
gcalls seq=001964 caller=QUEST_SERVER target=701782E8 SQR31?3              argc=0 site=7017C33E
gcalls seq=001965 caller=QUEST_SERVER target=701782E8 SQR31?3              argc=0 site=7017C33E
gcalls seq=001966 caller=QUEST_SERVER target=701782E8 SQR31?3              argc=0 site=7017C33E
gcalls seq=001967 caller=QUEST_SERVER target=701782E8 SQR31?3              argc=0 site=7017C33E
gcalls seq=001968 caller=QUEST_SERVER target=701782E8 SQR31?3              argc=0 site=7017C33E
gcalls seq=001969 caller=QUEST_SERVER target=701782E8 SQR31?3              argc=0 site=7017C33E
gcalls seq=001970 caller=QUEST_SERVER target=701782E8 SQR31?3              argc=0 site=7017C33E
gcalls seq=001971 caller=QUEST_SERVER target=701782E8 SQR31?3              argc=0 site=7017C33E
gcalls seq=001972 caller=QUEST_SERVER target=701782E8 SQR31?3              argc=0 site=7017C33E
gcalls seq=001973 caller=QUEST_SERVER target=701782E8 SQR31?3              argc=0 site=7017C33E
gcalls seq=001974 caller=QUEST_SERVER target=701782E8 SQR31?3              argc=0 site=7017C33E
gcalls seq=001975 caller=QUEST_SERVER target=701782E8 SQR31?3              argc=0 site=7017C33E
gcalls seq=001976 caller=QUEST_SERVER target=701782E8 SQR31?3              argc=0 site=7017C33E
gcalls seq=001977 caller=QUEST_SERVER target=701782E8 SQR31?3              argc=0 site=7017C33E
gcalls seq=001978 caller=QUEST_SERVER target=701782E8 SQR31?3              argc=0 site=7017C33E
gcalls seq=001979 caller=QUEST_SERVER target=701782E8 SQR31?3              argc=0 site=7017C33E
gcalls seq=001980 caller=QUEST_SERVER target=701782E8 SQR31?3              argc=0 site=7017C33E
gcalls seq=001981 caller=QUEST_SERVER target=701782E8 SQR31?3              argc=0 site=7017C33E
gcalls seq=001982 caller=QUEST_SERVER target=701782E8 SQR31?3              argc=0 site=7017C33E
gcalls seq=001983 caller=QUEST_SERVER target=701782E8 SQR31?3              argc=0 site=7017C33E
gcalls seq=001984 caller=QUEST_SERVER target=701782E8 SQR31?3              argc=0 site=7017C33E
gcalls seq=001985 caller=QUEST_SERVER target=701782E8 SQR31?3              argc=0 site=7017C33E
gcalls seq=001986 caller=QUEST_SERVER target=701782E8 SQR31?3              argc=0 site=7017C33E
gcalls seq=001987 caller=QUEST_SERVER target=701782E8 SQR31?3              argc=0 site=7017C33E
gcalls seq=001988 caller=QUEST_SERVER target=701782E8 SQR31?3              argc=0 site=7017C33E
gcalls seq=001989 caller=QUEST_SERVER target=701782E8 SQR31?3              argc=0 site=7017C33E
gcalls seq=001990 caller=QUEST_SERVER target=701782E8 SQR31?3              argc=0 site=7017C33E
gcalls seq=001991 caller=QUEST_SERVER target=701782E8 SQR31?3              argc=0 site=7017C33E
gcalls seq=001992 caller=QUEST_SERVER target=701782E8 SQR31?3              argc=0 site=7017C33E
gcalls seq=001993 caller=QUEST_SERVER target=701782E8 SQR31?3              argc=0 site=7017C33E
gcalls seq=001994 caller=QUEST_SERVER target=701782E8 SQR31?3              argc=0 site=7017C33E
gcalls seq=001995 caller=QUEST_SERVER target=701782E8 SQR31?3              argc=0 site=7017C33E
gcalls seq=001996 caller=QUEST_SERVER target=701782E8 SQR31?3              argc=0 site=7017C33E
gcalls seq=001997 caller=QUEST_SERVER target=701782E8 SQR31?3              argc=0 site=7017C33E
gcalls seq=001998 caller=QUEST_SERVER target=701782E8 SQR31?3              argc=0 site=7017C33E
gcalls seq=001999 caller=QUEST_SERVER target=701782E8 SQR31?3              argc=0 site=7017C33E
gcalls seq=002000 caller=QUEST_SERVER target=701782E8 SQR31?3              argc=0 site=7017C33E
gcalls seq=002001 caller=QUEST_SERVER target=701782E8 SQR31?3              argc=0 site=7017C33E
gcalls seq=002002 caller=QUEST_SERVER target=701782E8 SQR31?3              argc=0 site=7017C33E
gcalls seq=002003 caller=QUEST_SERVER target=701782E8 SQR31?3              argc=0 site=7017C33E
gcalls seq=002004 caller=QUEST_SERVER target=701782E8 SQR31?3              argc=0 site=7017C33E
gcalls seq=002005 caller=QUEST_SERVER target=701782E8 SQR31?3              argc=0 site=7017C33E
gcalls seq=002006 caller=QUEST_SERVER target=701782E8 SQR31?3              argc=0 site=7017C33E
gcalls seq=002007 caller=QUEST_SERVER target=701782E8 SQR31?3              argc=0 site=7017C33E
gcalls seq=002008 caller=QUEST_SERVER target=701782E8 SQR31?3              argc=0 site=7017C33E
gcalls seq=002009 caller=QUEST_SERVER target=701782E8 SQR31?3              argc=0 site=7017C33E
gcalls seq=002010 caller=QUEST_SERVER target=701782E8 SQR31?3              argc=0 site=7017C33E
gcalls seq=002011 caller=QUEST_SERVER target=701782E8 SQR31?3              argc=0 site=7017C33E
gcalls seq=002012 caller=QUEST_SERVER target=701782E8 SQR31?3              argc=0 site=7017C33E
gcalls seq=002013 caller=QUEST_SERVER target=701782E8 SQR31?3              argc=0 site=7017C33E
gcalls seq=002014 caller=QUEST_SERVER target=701782E8 SQR31?3              argc=0 site=7017C33E
gcalls seq=002015 caller=QUEST_SERVER target=701782E8 SQR31?3              argc=0 site=7017C33E
gcalls seq=002016 caller=QUEST_SERVER target=701782E8 SQR31?3              argc=0 site=7017C33E
gcalls seq=002017 caller=QUEST_SERVER target=701782E8 SQR31?3              argc=0 site=7017C33E
gcalls seq=002018 caller=QUEST_SERVER target=701782E8 SQR31?3              argc=0 site=7017C33E
gcalls seq=002019 caller=QUEST_SERVER target=701782E8 SQR31?3              argc=0 site=7017C33E
gcalls seq=002020 caller=QUEST_SERVER target=701782E8 SQR31?3              argc=0 site=7017C33E
gcalls seq=002021 caller=QUEST_SERVER target=701782E8 SQR31?3              argc=0 site=7017C33E
gcalls seq=002022 caller=QUEST_SERVER target=701782E8 SQR31?3              argc=0 site=7017C33E
gcalls seq=002023 caller=QUEST_SERVER target=701782E8 SQR31?3              argc=0 site=7017C33E
gcalls seq=002024 caller=QUEST_SERVER target=701782E8 SQR31?3              argc=0 site=7017C33E
gcalls seq=002025 caller=QUEST_SERVER target=701782E8 SQR31?3              argc=0 site=7017C33E
gcalls seq=002026 caller=QUEST_SERVER target=701782E8 SQR31?3              argc=0 site=7017C33E
gcalls seq=002027 caller=QUEST_SERVER target=701782E8 SQR31?3              argc=0 site=7017C33E
gcalls seq=002028 caller=QUEST_SERVER target=701782E8 SQR31?3              argc=0 site=7017C33E
gcalls seq=002029 caller=QUEST_SERVER target=701782E8 SQR31?3              argc=0 site=7017C33E
gcalls seq=002030 caller=QUEST_SERVER target=701782E8 SQR31?3              argc=0 site=7017C33E
gcalls seq=002031 caller=QUEST_SERVER target=701782E8 SQR31?3              argc=0 site=7017C33E
gcalls seq=002032 caller=QUEST_SERVER target=701782E8 SQR31?3              argc=0 site=7017C33E
gcalls seq=002033 caller=QUEST_SERVER target=701782E8 SQR31?3              argc=0 site=7017C33E
gcalls seq=002034 caller=QUEST_SERVER target=701782E8 SQR31?3              argc=0 site=7017C33E
gcalls seq=002035 caller=QUEST_SERVER target=701782E8 SQR31?3              argc=0 site=7017C33E
gcalls seq=002036 caller=QUEST_SERVER target=701782E8 SQR31?3              argc=0 site=7017C33E
gcalls seq=002037 caller=QUEST_SERVER target=7017B501 PICK_X_Y             argc=2 site=7017AD25
gcalls seq=002038 caller=QUEST_SERVER target=7017C098 ROLL32               argc=0 site=7017E21A
gcalls seq=002039 caller=QUEST_SERVER target=7017C098 ROLL32               argc=0 site=7017E21A
gcalls seq=002040 caller=QUEST_SERVER target=7017C098 ROLL32               argc=0 site=7017E21A
gcalls seq=002041 caller=QUEST_SERVER target=7017C098 ROLL32               argc=0 site=7017E21A
gcalls seq=002042 caller=QUEST_SERVER target=7017C098 ROLL32               argc=0 site=7017E21A
gcalls seq=002043 caller=QUEST_SERVER target=7017C098 ROLL32               argc=0 site=7017E21A
gcalls seq=002044 caller=QUEST_SERVER target=7017C098 ROLL32               argc=0 site=7017E21A
gcalls seq=002045 caller=QUEST_SERVER target=70178F4D FIND_OBJECT          argc=3 site=7017AD2F
gcalls seq=002046 caller=QUEST_SERVER target=7017C13B TERRITORY            argc=6 site=7017AD41
gcalls seq=002047 caller=QUEST_SERVER target=701782E8 SQR31?3              argc=0 site=7017C33E
gcalls seq=002048 caller=QUEST_SERVER target=701782E8 SQR31?3              argc=0 site=7017C33E
gcalls seq=002049 caller=QUEST_SERVER target=701782E8 SQR31?3              argc=0 site=7017C33E
gcalls seq=002050 caller=QUEST_SERVER target=701782E8 SQR31?3              argc=0 site=7017C33E
gcalls seq=002051 caller=QUEST_SERVER target=701782E8 SQR31?3              argc=0 site=7017C33E
gcalls seq=002052 caller=QUEST_SERVER target=701782E8 SQR31?3              argc=0 site=7017C33E
gcalls seq=002053 caller=QUEST_SERVER target=701782E8 SQR31?3              argc=0 site=7017C33E
gcalls seq=002054 caller=QUEST_SERVER target=701782E8 SQR31?3              argc=0 site=7017C33E
gcalls seq=002055 caller=QUEST_SERVER target=701782E8 SQR31?3              argc=0 site=7017C33E
gcalls seq=002056 caller=QUEST_SERVER target=701782E8 SQR31?3              argc=0 site=7017C33E
gcalls seq=002057 caller=QUEST_SERVER target=701782E8 SQR31?3              argc=0 site=7017C33E
gcalls seq=002058 caller=QUEST_SERVER target=701782E8 SQR31?3              argc=0 site=7017C33E
gcalls seq=002059 caller=QUEST_SERVER target=701782E8 SQR31?3              argc=0 site=7017C33E
gcalls seq=002060 caller=QUEST_SERVER target=701782E8 SQR31?3              argc=0 site=7017C33E
gcalls seq=002061 caller=QUEST_SERVER target=701782E8 SQR31?3              argc=0 site=7017C33E
gcalls seq=002062 caller=QUEST_SERVER target=701782E8 SQR31?3              argc=0 site=7017C33E
gcalls seq=002063 caller=QUEST_SERVER target=701782E8 SQR31?3              argc=0 site=7017C33E
gcalls seq=002064 caller=QUEST_SERVER target=701782E8 SQR31?3              argc=0 site=7017C33E
gcalls seq=002065 caller=QUEST_SERVER target=701782E8 SQR31?3              argc=0 site=7017C33E
gcalls seq=002066 caller=QUEST_SERVER target=701782E8 SQR31?3              argc=0 site=7017C33E
gcalls seq=002067 caller=QUEST_SERVER target=701782E8 SQR31?3              argc=0 site=7017C33E
gcalls seq=002068 caller=QUEST_SERVER target=701782E8 SQR31?3              argc=0 site=7017C33E
gcalls seq=002069 caller=QUEST_SERVER target=701782E8 SQR31?3              argc=0 site=7017C33E
gcalls seq=002070 caller=QUEST_SERVER target=701782E8 SQR31?3              argc=0 site=7017C33E
gcalls seq=002071 caller=QUEST_SERVER target=701782E8 SQR31?3              argc=0 site=7017C33E
gcalls seq=002072 caller=QUEST_SERVER target=701782E8 SQR31?3              argc=0 site=7017C33E
gcalls seq=002073 caller=QUEST_SERVER target=701782E8 SQR31?3              argc=0 site=7017C33E
gcalls seq=002074 caller=QUEST_SERVER target=701782E8 SQR31?3              argc=0 site=7017C33E
gcalls seq=002075 caller=QUEST_SERVER target=701782E8 SQR31?3              argc=0 site=7017C33E
gcalls seq=002076 caller=QUEST_SERVER target=701782E8 SQR31?3              argc=0 site=7017C33E
gcalls seq=002077 caller=QUEST_SERVER target=701782E8 SQR31?3              argc=0 site=7017C33E
gcalls seq=002078 caller=QUEST_SERVER target=701782E8 SQR31?3              argc=0 site=7017C33E
gcalls seq=002079 caller=QUEST_SERVER target=701782E8 SQR31?3              argc=0 site=7017C33E
gcalls seq=002080 caller=QUEST_SERVER target=701782E8 SQR31?3              argc=0 site=7017C33E
gcalls seq=002081 caller=QUEST_SERVER target=701782E8 SQR31?3              argc=0 site=7017C33E
gcalls seq=002082 caller=QUEST_SERVER target=701782E8 SQR31?3              argc=0 site=7017C33E
gcalls seq=002083 caller=QUEST_SERVER target=701782E8 SQR31?3              argc=0 site=7017C33E
gcalls seq=002084 caller=QUEST_SERVER target=701782E8 SQR31?3              argc=0 site=7017C33E
gcalls seq=002085 caller=QUEST_SERVER target=701782E8 SQR31?3              argc=0 site=7017C33E
gcalls seq=002086 caller=QUEST_SERVER target=701782E8 SQR31?3              argc=0 site=7017C33E
gcalls seq=002087 caller=QUEST_SERVER target=701782E8 SQR31?3              argc=0 site=7017C33E
gcalls seq=002088 caller=QUEST_SERVER target=701782E8 SQR31?3              argc=0 site=7017C33E
gcalls seq=002089 caller=QUEST_SERVER target=701782E8 SQR31?3              argc=0 site=7017C33E
gcalls seq=002090 caller=QUEST_SERVER target=701782E8 SQR31?3              argc=0 site=7017C33E
gcalls seq=002091 caller=QUEST_SERVER target=701782E8 SQR31?3              argc=0 site=7017C33E
gcalls seq=002092 caller=QUEST_SERVER target=701782E8 SQR31?3              argc=0 site=7017C33E
gcalls seq=002093 caller=QUEST_SERVER target=701782E8 SQR31?3              argc=0 site=7017C33E
gcalls seq=002094 caller=QUEST_SERVER target=701782E8 SQR31?3              argc=0 site=7017C33E
gcalls seq=002095 caller=QUEST_SERVER target=701782E8 SQR31?3              argc=0 site=7017C33E
gcalls seq=002096 caller=QUEST_SERVER target=701782E8 SQR31?3              argc=0 site=7017C33E
gcalls seq=002097 caller=QUEST_SERVER target=701782E8 SQR31?3              argc=0 site=7017C33E
gcalls seq=002098 caller=QUEST_SERVER target=701782E8 SQR31?3              argc=0 site=7017C33E
gcalls seq=002099 caller=QUEST_SERVER target=701782E8 SQR31?3              argc=0 site=7017C33E
gcalls seq=002100 caller=QUEST_SERVER target=701782E8 SQR31?3              argc=0 site=7017C33E
gcalls seq=002101 caller=QUEST_SERVER target=701782E8 SQR31?3              argc=0 site=7017C33E
gcalls seq=002102 caller=QUEST_SERVER target=701782E8 SQR31?3              argc=0 site=7017C33E
gcalls seq=002103 caller=QUEST_SERVER target=701782E8 SQR31?3              argc=0 site=7017C33E
gcalls seq=002104 caller=QUEST_SERVER target=701782E8 SQR31?3              argc=0 site=7017C33E
gcalls seq=002105 caller=QUEST_SERVER target=701782E8 SQR31?3              argc=0 site=7017C33E
gcalls seq=002106 caller=QUEST_SERVER target=701782E8 SQR31?3              argc=0 site=7017C33E
gcalls seq=002107 caller=QUEST_SERVER target=701782E8 SQR31?3              argc=0 site=7017C33E
gcalls seq=002108 caller=QUEST_SERVER target=701782E8 SQR31?3              argc=0 site=7017C33E
gcalls seq=002109 caller=QUEST_SERVER target=701782E8 SQR31?3              argc=0 site=7017C33E
gcalls seq=002110 caller=QUEST_SERVER target=701782E8 SQR31?3              argc=0 site=7017C33E
gcalls seq=002111 caller=QUEST_SERVER target=701782E8 SQR31?3              argc=0 site=7017C33E
gcalls seq=002112 caller=QUEST_SERVER target=701782E8 SQR31?3              argc=0 site=7017C33E
gcalls seq=002113 caller=QUEST_SERVER target=701782E8 SQR31?3              argc=0 site=7017C33E
gcalls seq=002114 caller=QUEST_SERVER target=701782E8 SQR31?3              argc=0 site=7017C33E
gcalls seq=002115 caller=QUEST_SERVER target=701782E8 SQR31?3              argc=0 site=7017C33E
gcalls seq=002116 caller=QUEST_SERVER target=701782E8 SQR31?3              argc=0 site=7017C33E
gcalls seq=002117 caller=QUEST_SERVER target=701782E8 SQR31?3              argc=0 site=7017C33E
gcalls seq=002118 caller=QUEST_SERVER target=701782E8 SQR31?3              argc=0 site=7017C33E
gcalls seq=002119 caller=QUEST_SERVER target=701782E8 SQR31?3              argc=0 site=7017C33E
gcalls seq=002120 caller=QUEST_SERVER target=701782E8 SQR31?3              argc=0 site=7017C33E
gcalls seq=002121 caller=QUEST_SERVER target=701782E8 SQR31?3              argc=0 site=7017C33E
gcalls seq=002122 caller=QUEST_SERVER target=701782E8 SQR31?3              argc=0 site=7017C33E
gcalls seq=002123 caller=QUEST_SERVER target=701782E8 SQR31?3              argc=0 site=7017C33E
gcalls seq=002124 caller=QUEST_SERVER target=701782E8 SQR31?3              argc=0 site=7017C33E
gcalls seq=002125 caller=QUEST_SERVER target=701782E8 SQR31?3              argc=0 site=7017C33E
gcalls seq=002126 caller=QUEST_SERVER target=701782E8 SQR31?3              argc=0 site=7017C33E
gcalls seq=002127 caller=QUEST_SERVER target=701782E8 SQR31?3              argc=0 site=7017C33E
gcalls seq=002128 caller=QUEST_SERVER target=701782E8 SQR31?3              argc=0 site=7017C33E
gcalls seq=002129 caller=QUEST_SERVER target=701782E8 SQR31?3              argc=0 site=7017C33E
gcalls seq=002130 caller=QUEST_SERVER target=701782E8 SQR31?3              argc=0 site=7017C33E
gcalls seq=002131 caller=QUEST_SERVER target=701782E8 SQR31?3              argc=0 site=7017C33E
gcalls seq=002132 caller=QUEST_SERVER target=701782E8 SQR31?3              argc=0 site=7017C33E
gcalls seq=002133 caller=QUEST_SERVER target=701782E8 SQR31?3              argc=0 site=7017C33E
gcalls seq=002134 caller=QUEST_SERVER target=701782E8 SQR31?3              argc=0 site=7017C33E
gcalls seq=002135 caller=QUEST_SERVER target=701782E8 SQR31?3              argc=0 site=7017C33E
gcalls seq=002136 caller=QUEST_SERVER target=701782E8 SQR31?3              argc=0 site=7017C33E
gcalls seq=002137 caller=QUEST_SERVER target=701782E8 SQR31?3              argc=0 site=7017C33E
gcalls seq=002138 caller=QUEST_SERVER target=701782E8 SQR31?3              argc=0 site=7017C33E
gcalls seq=002139 caller=QUEST_SERVER target=701782E8 SQR31?3              argc=0 site=7017C33E
gcalls seq=002140 caller=QUEST_SERVER target=701782E8 SQR31?3              argc=0 site=7017C33E
gcalls seq=002141 caller=QUEST_SERVER target=701782E8 SQR31?3              argc=0 site=7017C33E
gcalls seq=002142 caller=QUEST_SERVER target=701782E8 SQR31?3              argc=0 site=7017C33E
gcalls seq=002143 caller=QUEST_SERVER target=701782E8 SQR31?3              argc=0 site=7017C33E
gcalls seq=002144 caller=QUEST_SERVER target=701782E8 SQR31?3              argc=0 site=7017C33E
gcalls seq=002145 caller=QUEST_SERVER target=701782E8 SQR31?3              argc=0 site=7017C33E
gcalls seq=002146 caller=QUEST_SERVER target=701782E8 SQR31?3              argc=0 site=7017C33E
gcalls seq=002147 caller=QUEST_SERVER target=701782E8 SQR31?3              argc=0 site=7017C33E
gcalls seq=002148 caller=QUEST_SERVER target=701782E8 SQR31?3              argc=0 site=7017C33E
gcalls seq=002149 caller=QUEST_SERVER target=701782E8 SQR31?3              argc=0 site=7017C33E
gcalls seq=002150 caller=QUEST_SERVER target=701782E8 SQR31?3              argc=0 site=7017C33E
gcalls seq=002151 caller=QUEST_SERVER target=701782E8 SQR31?3              argc=0 site=7017C33E
gcalls seq=002152 caller=QUEST_SERVER target=701782E8 SQR31?3              argc=0 site=7017C33E
gcalls seq=002153 caller=QUEST_SERVER target=701782E8 SQR31?3              argc=0 site=7017C33E
gcalls seq=002154 caller=QUEST_SERVER target=701782E8 SQR31?3              argc=0 site=7017C33E
gcalls seq=002155 caller=QUEST_SERVER target=701782E8 SQR31?3              argc=0 site=7017C33E
gcalls seq=002156 caller=QUEST_SERVER target=701782E8 SQR31?3              argc=0 site=7017C33E
gcalls seq=002157 caller=QUEST_SERVER target=701782E8 SQR31?3              argc=0 site=7017C33E
gcalls seq=002158 caller=QUEST_SERVER target=701782E8 SQR31?3              argc=0 site=7017C33E
gcalls seq=002159 caller=QUEST_SERVER target=701782E8 SQR31?3              argc=0 site=7017C33E
gcalls seq=002160 caller=QUEST_SERVER target=701782E8 SQR31?3              argc=0 site=7017C33E
gcalls seq=002161 caller=QUEST_SERVER target=701782E8 SQR31?3              argc=0 site=7017C33E
gcalls seq=002162 caller=QUEST_SERVER target=701782E8 SQR31?3              argc=0 site=7017C33E
gcalls seq=002163 caller=QUEST_SERVER target=7017B501 PICK_X_Y             argc=2 site=7017AD25
gcalls seq=002164 caller=QUEST_SERVER target=7017C098 ROLL32               argc=0 site=7017E21A
gcalls seq=002165 caller=QUEST_SERVER target=7017C098 ROLL32               argc=0 site=7017E21A
gcalls seq=002166 caller=QUEST_SERVER target=7017C098 ROLL32               argc=0 site=7017E21A
gcalls seq=002167 caller=QUEST_SERVER target=70178F4D FIND_OBJECT          argc=3 site=7017AD2F
gcalls seq=002168 caller=QUEST_SERVER target=7017C13B TERRITORY            argc=6 site=7017AD41
gcalls seq=002169 caller=QUEST_SERVER target=701782E8 SQR31?3              argc=0 site=7017C33E
gcalls seq=002170 caller=QUEST_SERVER target=701782E8 SQR31?3              argc=0 site=7017C33E
gcalls seq=002171 caller=QUEST_SERVER target=701782E8 SQR31?3              argc=0 site=7017C33E
gcalls seq=002172 caller=QUEST_SERVER target=701782E8 SQR31?3              argc=0 site=7017C33E
gcalls seq=002173 caller=QUEST_SERVER target=701782E8 SQR31?3              argc=0 site=7017C33E
gcalls seq=002174 caller=QUEST_SERVER target=701782E8 SQR31?3              argc=0 site=7017C33E
gcalls seq=002175 caller=QUEST_SERVER target=701782E8 SQR31?3              argc=0 site=7017C33E
gcalls seq=002176 caller=QUEST_SERVER target=701782E8 SQR31?3              argc=0 site=7017C33E
gcalls seq=002177 caller=QUEST_SERVER target=701782E8 SQR31?3              argc=0 site=7017C33E
gcalls seq=002178 caller=QUEST_SERVER target=701782E8 SQR31?3              argc=0 site=7017C33E
gcalls seq=002179 caller=QUEST_SERVER target=701782E8 SQR31?3              argc=0 site=7017C33E
gcalls seq=002180 caller=QUEST_SERVER target=701782E8 SQR31?3              argc=0 site=7017C33E
gcalls seq=002181 caller=QUEST_SERVER target=701782E8 SQR31?3              argc=0 site=7017C33E
gcalls seq=002182 caller=QUEST_SERVER target=701782E8 SQR31?3              argc=0 site=7017C33E
gcalls seq=002183 caller=QUEST_SERVER target=701782E8 SQR31?3              argc=0 site=7017C33E
gcalls seq=002184 caller=QUEST_SERVER target=701782E8 SQR31?3              argc=0 site=7017C33E
gcalls seq=002185 caller=QUEST_SERVER target=701782E8 SQR31?3              argc=0 site=7017C33E
gcalls seq=002186 caller=QUEST_SERVER target=701782E8 SQR31?3              argc=0 site=7017C33E
gcalls seq=002187 caller=QUEST_SERVER target=701782E8 SQR31?3              argc=0 site=7017C33E
gcalls seq=002188 caller=QUEST_SERVER target=701782E8 SQR31?3              argc=0 site=7017C33E
gcalls seq=002189 caller=QUEST_SERVER target=701782E8 SQR31?3              argc=0 site=7017C33E
gcalls seq=002190 caller=QUEST_SERVER target=701782E8 SQR31?3              argc=0 site=7017C33E
gcalls seq=002191 caller=QUEST_SERVER target=701782E8 SQR31?3              argc=0 site=7017C33E
gcalls seq=002192 caller=QUEST_SERVER target=701782E8 SQR31?3              argc=0 site=7017C33E
gcalls seq=002193 caller=QUEST_SERVER target=701782E8 SQR31?3              argc=0 site=7017C33E
gcalls seq=002194 caller=QUEST_SERVER target=701782E8 SQR31?3              argc=0 site=7017C33E
gcalls seq=002195 caller=QUEST_SERVER target=701782E8 SQR31?3              argc=0 site=7017C33E
gcalls seq=002196 caller=QUEST_SERVER target=701782E8 SQR31?3              argc=0 site=7017C33E
gcalls seq=002197 caller=QUEST_SERVER target=701782E8 SQR31?3              argc=0 site=7017C33E
gcalls seq=002198 caller=QUEST_SERVER target=701782E8 SQR31?3              argc=0 site=7017C33E
gcalls seq=002199 caller=QUEST_SERVER target=701782E8 SQR31?3              argc=0 site=7017C33E
gcalls seq=002200 caller=QUEST_SERVER target=701782E8 SQR31?3              argc=0 site=7017C33E
gcalls seq=002201 caller=QUEST_SERVER target=701782E8 SQR31?3              argc=0 site=7017C33E
gcalls seq=002202 caller=QUEST_SERVER target=701782E8 SQR31?3              argc=0 site=7017C33E
gcalls seq=002203 caller=QUEST_SERVER target=701782E8 SQR31?3              argc=0 site=7017C33E
gcalls seq=002204 caller=QUEST_SERVER target=701782E8 SQR31?3              argc=0 site=7017C33E
gcalls seq=002205 caller=QUEST_SERVER target=701782E8 SQR31?3              argc=0 site=7017C33E
gcalls seq=002206 caller=QUEST_SERVER target=701782E8 SQR31?3              argc=0 site=7017C33E
gcalls seq=002207 caller=QUEST_SERVER target=701782E8 SQR31?3              argc=0 site=7017C33E
gcalls seq=002208 caller=QUEST_SERVER target=701782E8 SQR31?3              argc=0 site=7017C33E
gcalls seq=002209 caller=QUEST_SERVER target=701782E8 SQR31?3              argc=0 site=7017C33E
gcalls seq=002210 caller=QUEST_SERVER target=701782E8 SQR31?3              argc=0 site=7017C33E
gcalls seq=002211 caller=QUEST_SERVER target=701782E8 SQR31?3              argc=0 site=7017C33E
gcalls seq=002212 caller=QUEST_SERVER target=701782E8 SQR31?3              argc=0 site=7017C33E
gcalls seq=002213 caller=QUEST_SERVER target=701782E8 SQR31?3              argc=0 site=7017C33E
gcalls seq=002214 caller=QUEST_SERVER target=701782E8 SQR31?3              argc=0 site=7017C33E
gcalls seq=002215 caller=QUEST_SERVER target=701782E8 SQR31?3              argc=0 site=7017C33E
gcalls seq=002216 caller=QUEST_SERVER target=701782E8 SQR31?3              argc=0 site=7017C33E
gcalls seq=002217 caller=QUEST_SERVER target=701782E8 SQR31?3              argc=0 site=7017C33E
gcalls seq=002218 caller=QUEST_SERVER target=701782E8 SQR31?3              argc=0 site=7017C33E
gcalls seq=002219 caller=QUEST_SERVER target=701782E8 SQR31?3              argc=0 site=7017C33E
gcalls seq=002220 caller=QUEST_SERVER target=701782E8 SQR31?3              argc=0 site=7017C33E
gcalls seq=002221 caller=QUEST_SERVER target=701782E8 SQR31?3              argc=0 site=7017C33E
gcalls seq=002222 caller=QUEST_SERVER target=701782E8 SQR31?3              argc=0 site=7017C33E
gcalls seq=002223 caller=QUEST_SERVER target=701782E8 SQR31?3              argc=0 site=7017C33E
gcalls seq=002224 caller=QUEST_SERVER target=701782E8 SQR31?3              argc=0 site=7017C33E
gcalls seq=002225 caller=QUEST_SERVER target=701782E8 SQR31?3              argc=0 site=7017C33E
gcalls seq=002226 caller=QUEST_SERVER target=701782E8 SQR31?3              argc=0 site=7017C33E
gcalls seq=002227 caller=QUEST_SERVER target=701782E8 SQR31?3              argc=0 site=7017C33E
gcalls seq=002228 caller=QUEST_SERVER target=701782E8 SQR31?3              argc=0 site=7017C33E
gcalls seq=002229 caller=QUEST_SERVER target=701782E8 SQR31?3              argc=0 site=7017C33E
gcalls seq=002230 caller=QUEST_SERVER target=701782E8 SQR31?3              argc=0 site=7017C33E
gcalls seq=002231 caller=QUEST_SERVER target=701782E8 SQR31?3              argc=0 site=7017C33E
gcalls seq=002232 caller=QUEST_SERVER target=701782E8 SQR31?3              argc=0 site=7017C33E
gcalls seq=002233 caller=QUEST_SERVER target=701782E8 SQR31?3              argc=0 site=7017C33E
gcalls seq=002234 caller=QUEST_SERVER target=701782E8 SQR31?3              argc=0 site=7017C33E
gcalls seq=002235 caller=QUEST_SERVER target=701782E8 SQR31?3              argc=0 site=7017C33E
gcalls seq=002236 caller=QUEST_SERVER target=701782E8 SQR31?3              argc=0 site=7017C33E
gcalls seq=002237 caller=QUEST_SERVER target=701782E8 SQR31?3              argc=0 site=7017C33E
gcalls seq=002238 caller=QUEST_SERVER target=701782E8 SQR31?3              argc=0 site=7017C33E
gcalls seq=002239 caller=QUEST_SERVER target=701782E8 SQR31?3              argc=0 site=7017C33E
gcalls seq=002240 caller=QUEST_SERVER target=701782E8 SQR31?3              argc=0 site=7017C33E
gcalls seq=002241 caller=QUEST_SERVER target=701782E8 SQR31?3              argc=0 site=7017C33E
gcalls seq=002242 caller=QUEST_SERVER target=701782E8 SQR31?3              argc=0 site=7017C33E
gcalls seq=002243 caller=QUEST_SERVER target=701782E8 SQR31?3              argc=0 site=7017C33E
gcalls seq=002244 caller=QUEST_SERVER target=701782E8 SQR31?3              argc=0 site=7017C33E
gcalls seq=002245 caller=QUEST_SERVER target=701782E8 SQR31?3              argc=0 site=7017C33E
gcalls seq=002246 caller=QUEST_SERVER target=701782E8 SQR31?3              argc=0 site=7017C33E
gcalls seq=002247 caller=QUEST_SERVER target=701782E8 SQR31?3              argc=0 site=7017C33E
gcalls seq=002248 caller=QUEST_SERVER target=701782E8 SQR31?3              argc=0 site=7017C33E
gcalls seq=002249 caller=QUEST_SERVER target=701782E8 SQR31?3              argc=0 site=7017C33E
gcalls seq=002250 caller=QUEST_SERVER target=701782E8 SQR31?3              argc=0 site=7017C33E
gcalls seq=002251 caller=QUEST_SERVER target=701782E8 SQR31?3              argc=0 site=7017C33E
gcalls seq=002252 caller=QUEST_SERVER target=701782E8 SQR31?3              argc=0 site=7017C33E
gcalls seq=002253 caller=QUEST_SERVER target=701782E8 SQR31?3              argc=0 site=7017C33E
gcalls seq=002254 caller=QUEST_SERVER target=701782E8 SQR31?3              argc=0 site=7017C33E
gcalls seq=002255 caller=QUEST_SERVER target=701782E8 SQR31?3              argc=0 site=7017C33E
gcalls seq=002256 caller=QUEST_SERVER target=701782E8 SQR31?3              argc=0 site=7017C33E
gcalls seq=002257 caller=QUEST_SERVER target=701782E8 SQR31?3              argc=0 site=7017C33E
gcalls seq=002258 caller=QUEST_SERVER target=701782E8 SQR31?3              argc=0 site=7017C33E
gcalls seq=002259 caller=QUEST_SERVER target=701782E8 SQR31?3              argc=0 site=7017C33E
gcalls seq=002260 caller=QUEST_SERVER target=701782E8 SQR31?3              argc=0 site=7017C33E
gcalls seq=002261 caller=QUEST_SERVER target=701782E8 SQR31?3              argc=0 site=7017C33E
gcalls seq=002262 caller=QUEST_SERVER target=701782E8 SQR31?3              argc=0 site=7017C33E
gcalls seq=002263 caller=QUEST_SERVER target=701782E8 SQR31?3              argc=0 site=7017C33E
gcalls seq=002264 caller=QUEST_SERVER target=701782E8 SQR31?3              argc=0 site=7017C33E
gcalls seq=002265 caller=QUEST_SERVER target=701782E8 SQR31?3              argc=0 site=7017C33E
gcalls seq=002266 caller=QUEST_SERVER target=701782E8 SQR31?3              argc=0 site=7017C33E
gcalls seq=002267 caller=QUEST_SERVER target=701782E8 SQR31?3              argc=0 site=7017C33E
gcalls seq=002268 caller=QUEST_SERVER target=701782E8 SQR31?3              argc=0 site=7017C33E
gcalls seq=002269 caller=QUEST_SERVER target=701782E8 SQR31?3              argc=0 site=7017C33E
gcalls seq=002270 caller=QUEST_SERVER target=701782E8 SQR31?3              argc=0 site=7017C33E
gcalls seq=002271 caller=QUEST_SERVER target=701782E8 SQR31?3              argc=0 site=7017C33E
gcalls seq=002272 caller=QUEST_SERVER target=701782E8 SQR31?3              argc=0 site=7017C33E
gcalls seq=002273 caller=QUEST_SERVER target=701782E8 SQR31?3              argc=0 site=7017C33E
gcalls seq=002274 caller=QUEST_SERVER target=701782E8 SQR31?3              argc=0 site=7017C33E
gcalls seq=002275 caller=QUEST_SERVER target=701782E8 SQR31?3              argc=0 site=7017C33E
gcalls seq=002276 caller=QUEST_SERVER target=701782E8 SQR31?3              argc=0 site=7017C33E
gcalls seq=002277 caller=QUEST_SERVER target=701782E8 SQR31?3              argc=0 site=7017C33E
gcalls seq=002278 caller=QUEST_SERVER target=701782E8 SQR31?3              argc=0 site=7017C33E
gcalls seq=002279 caller=QUEST_SERVER target=701782E8 SQR31?3              argc=0 site=7017C33E
gcalls seq=002280 caller=QUEST_SERVER target=701782E8 SQR31?3              argc=0 site=7017C33E
gcalls seq=002281 caller=QUEST_SERVER target=701782E8 SQR31?3              argc=0 site=7017C33E
gcalls seq=002282 caller=QUEST_SERVER target=701782E8 SQR31?3              argc=0 site=7017C33E
gcalls seq=002283 caller=QUEST_SERVER target=701782E8 SQR31?3              argc=0 site=7017C33E
gcalls seq=002284 caller=QUEST_SERVER target=701782E8 SQR31?3              argc=0 site=7017C33E
gcalls seq=002285 caller=QUEST_SERVER target=7017B501 PICK_X_Y             argc=2 site=7017AD25
gcalls seq=002286 caller=QUEST_SERVER target=7017C098 ROLL32               argc=0 site=7017E21A
gcalls seq=002287 caller=QUEST_SERVER target=7017C098 ROLL32               argc=0 site=7017E21A
gcalls seq=002288 caller=QUEST_SERVER target=7017C098 ROLL32               argc=0 site=7017E21A
gcalls seq=002289 caller=QUEST_SERVER target=70178F4D FIND_OBJECT          argc=3 site=7017AD2F
gcalls seq=002290 caller=QUEST_SERVER target=7017C13B TERRITORY            argc=6 site=7017AD41
gcalls seq=002291 caller=QUEST_SERVER target=701782E8 SQR31?3              argc=0 site=7017C33E
gcalls seq=002292 caller=QUEST_SERVER target=701782E8 SQR31?3              argc=0 site=7017C33E
gcalls seq=002293 caller=QUEST_SERVER target=701782E8 SQR31?3              argc=0 site=7017C33E
gcalls seq=002294 caller=QUEST_SERVER target=701782E8 SQR31?3              argc=0 site=7017C33E
gcalls seq=002295 caller=QUEST_SERVER target=701782E8 SQR31?3              argc=0 site=7017C33E
gcalls seq=002296 caller=QUEST_SERVER target=701782E8 SQR31?3              argc=0 site=7017C33E
gcalls seq=002297 caller=QUEST_SERVER target=701782E8 SQR31?3              argc=0 site=7017C33E
gcalls seq=002298 caller=QUEST_SERVER target=701782E8 SQR31?3              argc=0 site=7017C33E
gcalls seq=002299 caller=QUEST_SERVER target=701782E8 SQR31?3              argc=0 site=7017C33E
gcalls seq=002300 caller=QUEST_SERVER target=701782E8 SQR31?3              argc=0 site=7017C33E
gcalls seq=002301 caller=QUEST_SERVER target=701782E8 SQR31?3              argc=0 site=7017C33E
gcalls seq=002302 caller=QUEST_SERVER target=701782E8 SQR31?3              argc=0 site=7017C33E
gcalls seq=002303 caller=QUEST_SERVER target=701782E8 SQR31?3              argc=0 site=7017C33E
gcalls seq=002304 caller=QUEST_SERVER target=701782E8 SQR31?3              argc=0 site=7017C33E
gcalls seq=002305 caller=QUEST_SERVER target=701782E8 SQR31?3              argc=0 site=7017C33E
gcalls seq=002306 caller=QUEST_SERVER target=701782E8 SQR31?3              argc=0 site=7017C33E
gcalls seq=002307 caller=QUEST_SERVER target=701782E8 SQR31?3              argc=0 site=7017C33E
gcalls seq=002308 caller=QUEST_SERVER target=701782E8 SQR31?3              argc=0 site=7017C33E
gcalls seq=002309 caller=QUEST_SERVER target=701782E8 SQR31?3              argc=0 site=7017C33E
gcalls seq=002310 caller=QUEST_SERVER target=701782E8 SQR31?3              argc=0 site=7017C33E
gcalls seq=002311 caller=QUEST_SERVER target=701782E8 SQR31?3              argc=0 site=7017C33E
gcalls seq=002312 caller=QUEST_SERVER target=701782E8 SQR31?3              argc=0 site=7017C33E
gcalls seq=002313 caller=QUEST_SERVER target=701782E8 SQR31?3              argc=0 site=7017C33E
gcalls seq=002314 caller=QUEST_SERVER target=701782E8 SQR31?3              argc=0 site=7017C33E
gcalls seq=002315 caller=QUEST_SERVER target=701782E8 SQR31?3              argc=0 site=7017C33E
gcalls seq=002316 caller=QUEST_SERVER target=701782E8 SQR31?3              argc=0 site=7017C33E
gcalls seq=002317 caller=QUEST_SERVER target=701782E8 SQR31?3              argc=0 site=7017C33E
gcalls seq=002318 caller=QUEST_SERVER target=701782E8 SQR31?3              argc=0 site=7017C33E
gcalls seq=002319 caller=QUEST_SERVER target=701782E8 SQR31?3              argc=0 site=7017C33E
gcalls seq=002320 caller=QUEST_SERVER target=701782E8 SQR31?3              argc=0 site=7017C33E
gcalls seq=002321 caller=QUEST_SERVER target=701782E8 SQR31?3              argc=0 site=7017C33E
gcalls seq=002322 caller=QUEST_SERVER target=701782E8 SQR31?3              argc=0 site=7017C33E
gcalls seq=002323 caller=QUEST_SERVER target=701782E8 SQR31?3              argc=0 site=7017C33E
gcalls seq=002324 caller=QUEST_SERVER target=701782E8 SQR31?3              argc=0 site=7017C33E
gcalls seq=002325 caller=QUEST_SERVER target=701782E8 SQR31?3              argc=0 site=7017C33E
gcalls seq=002326 caller=QUEST_SERVER target=701782E8 SQR31?3              argc=0 site=7017C33E
gcalls seq=002327 caller=QUEST_SERVER target=701782E8 SQR31?3              argc=0 site=7017C33E
gcalls seq=002328 caller=QUEST_SERVER target=701782E8 SQR31?3              argc=0 site=7017C33E
gcalls seq=002329 caller=QUEST_SERVER target=701782E8 SQR31?3              argc=0 site=7017C33E
gcalls seq=002330 caller=QUEST_SERVER target=701782E8 SQR31?3              argc=0 site=7017C33E
gcalls seq=002331 caller=QUEST_SERVER target=701782E8 SQR31?3              argc=0 site=7017C33E
gcalls seq=002332 caller=QUEST_SERVER target=701782E8 SQR31?3              argc=0 site=7017C33E
gcalls seq=002333 caller=QUEST_SERVER target=701782E8 SQR31?3              argc=0 site=7017C33E
gcalls seq=002334 caller=QUEST_SERVER target=701782E8 SQR31?3              argc=0 site=7017C33E
gcalls seq=002335 caller=QUEST_SERVER target=701782E8 SQR31?3              argc=0 site=7017C33E
gcalls seq=002336 caller=QUEST_SERVER target=701782E8 SQR31?3              argc=0 site=7017C33E
gcalls seq=002337 caller=QUEST_SERVER target=701782E8 SQR31?3              argc=0 site=7017C33E
gcalls seq=002338 caller=QUEST_SERVER target=701782E8 SQR31?3              argc=0 site=7017C33E
gcalls seq=002339 caller=QUEST_SERVER target=701782E8 SQR31?3              argc=0 site=7017C33E
gcalls seq=002340 caller=QUEST_SERVER target=701782E8 SQR31?3              argc=0 site=7017C33E
gcalls seq=002341 caller=QUEST_SERVER target=701782E8 SQR31?3              argc=0 site=7017C33E
gcalls seq=002342 caller=QUEST_SERVER target=701782E8 SQR31?3              argc=0 site=7017C33E
gcalls seq=002343 caller=QUEST_SERVER target=701782E8 SQR31?3              argc=0 site=7017C33E
gcalls seq=002344 caller=QUEST_SERVER target=701782E8 SQR31?3              argc=0 site=7017C33E
gcalls seq=002345 caller=QUEST_SERVER target=701782E8 SQR31?3              argc=0 site=7017C33E
gcalls seq=002346 caller=QUEST_SERVER target=701782E8 SQR31?3              argc=0 site=7017C33E
gcalls seq=002347 caller=QUEST_SERVER target=701782E8 SQR31?3              argc=0 site=7017C33E
gcalls seq=002348 caller=QUEST_SERVER target=701782E8 SQR31?3              argc=0 site=7017C33E
gcalls seq=002349 caller=QUEST_SERVER target=701782E8 SQR31?3              argc=0 site=7017C33E
gcalls seq=002350 caller=QUEST_SERVER target=701782E8 SQR31?3              argc=0 site=7017C33E
gcalls seq=002351 caller=QUEST_SERVER target=701782E8 SQR31?3              argc=0 site=7017C33E
gcalls seq=002352 caller=QUEST_SERVER target=701782E8 SQR31?3              argc=0 site=7017C33E
gcalls seq=002353 caller=QUEST_SERVER target=701782E8 SQR31?3              argc=0 site=7017C33E
gcalls seq=002354 caller=QUEST_SERVER target=701782E8 SQR31?3              argc=0 site=7017C33E
gcalls seq=002355 caller=QUEST_SERVER target=701782E8 SQR31?3              argc=0 site=7017C33E
gcalls seq=002356 caller=QUEST_SERVER target=701782E8 SQR31?3              argc=0 site=7017C33E
gcalls seq=002357 caller=QUEST_SERVER target=701782E8 SQR31?3              argc=0 site=7017C33E
gcalls seq=002358 caller=QUEST_SERVER target=701782E8 SQR31?3              argc=0 site=7017C33E
gcalls seq=002359 caller=QUEST_SERVER target=701782E8 SQR31?3              argc=0 site=7017C33E
gcalls seq=002360 caller=QUEST_SERVER target=701782E8 SQR31?3              argc=0 site=7017C33E
gcalls seq=002361 caller=QUEST_SERVER target=701782E8 SQR31?3              argc=0 site=7017C33E
gcalls seq=002362 caller=QUEST_SERVER target=701782E8 SQR31?3              argc=0 site=7017C33E
gcalls seq=002363 caller=QUEST_SERVER target=701782E8 SQR31?3              argc=0 site=7017C33E
gcalls seq=002364 caller=QUEST_SERVER target=701782E8 SQR31?3              argc=0 site=7017C33E
gcalls seq=002365 caller=QUEST_SERVER target=701782E8 SQR31?3              argc=0 site=7017C33E
gcalls seq=002366 caller=QUEST_SERVER target=701782E8 SQR31?3              argc=0 site=7017C33E
gcalls seq=002367 caller=QUEST_SERVER target=701782E8 SQR31?3              argc=0 site=7017C33E
gcalls seq=002368 caller=QUEST_SERVER target=701782E8 SQR31?3              argc=0 site=7017C33E
gcalls seq=002369 caller=QUEST_SERVER target=701782E8 SQR31?3              argc=0 site=7017C33E
gcalls seq=002370 caller=QUEST_SERVER target=701782E8 SQR31?3              argc=0 site=7017C33E
gcalls seq=002371 caller=QUEST_SERVER target=701782E8 SQR31?3              argc=0 site=7017C33E
gcalls seq=002372 caller=QUEST_SERVER target=701782E8 SQR31?3              argc=0 site=7017C33E
gcalls seq=002373 caller=QUEST_SERVER target=701782E8 SQR31?3              argc=0 site=7017C33E
gcalls seq=002374 caller=QUEST_SERVER target=701782E8 SQR31?3              argc=0 site=7017C33E
gcalls seq=002375 caller=QUEST_SERVER target=701782E8 SQR31?3              argc=0 site=7017C33E
gcalls seq=002376 caller=QUEST_SERVER target=701782E8 SQR31?3              argc=0 site=7017C33E
gcalls seq=002377 caller=QUEST_SERVER target=701782E8 SQR31?3              argc=0 site=7017C33E
gcalls seq=002378 caller=QUEST_SERVER target=701782E8 SQR31?3              argc=0 site=7017C33E
gcalls seq=002379 caller=QUEST_SERVER target=701782E8 SQR31?3              argc=0 site=7017C33E
gcalls seq=002380 caller=QUEST_SERVER target=701782E8 SQR31?3              argc=0 site=7017C33E
gcalls seq=002381 caller=QUEST_SERVER target=701782E8 SQR31?3              argc=0 site=7017C33E
gcalls seq=002382 caller=QUEST_SERVER target=701782E8 SQR31?3              argc=0 site=7017C33E
gcalls seq=002383 caller=QUEST_SERVER target=701782E8 SQR31?3              argc=0 site=7017C33E
gcalls seq=002384 caller=QUEST_SERVER target=701782E8 SQR31?3              argc=0 site=7017C33E
gcalls seq=002385 caller=QUEST_SERVER target=701782E8 SQR31?3              argc=0 site=7017C33E
gcalls seq=002386 caller=QUEST_SERVER target=701782E8 SQR31?3              argc=0 site=7017C33E
gcalls seq=002387 caller=QUEST_SERVER target=701782E8 SQR31?3              argc=0 site=7017C33E
gcalls seq=002388 caller=QUEST_SERVER target=701782E8 SQR31?3              argc=0 site=7017C33E
gcalls seq=002389 caller=QUEST_SERVER target=701782E8 SQR31?3              argc=0 site=7017C33E
gcalls seq=002390 caller=QUEST_SERVER target=701782E8 SQR31?3              argc=0 site=7017C33E
gcalls seq=002391 caller=QUEST_SERVER target=701782E8 SQR31?3              argc=0 site=7017C33E
gcalls seq=002392 caller=QUEST_SERVER target=701782E8 SQR31?3              argc=0 site=7017C33E
gcalls seq=002393 caller=QUEST_SERVER target=701782E8 SQR31?3              argc=0 site=7017C33E
gcalls seq=002394 caller=QUEST_SERVER target=701782E8 SQR31?3              argc=0 site=7017C33E
gcalls seq=002395 caller=QUEST_SERVER target=701782E8 SQR31?3              argc=0 site=7017C33E
gcalls seq=002396 caller=QUEST_SERVER target=701782E8 SQR31?3              argc=0 site=7017C33E
gcalls seq=002397 caller=QUEST_SERVER target=701782E8 SQR31?3              argc=0 site=7017C33E
gcalls seq=002398 caller=QUEST_SERVER target=701782E8 SQR31?3              argc=0 site=7017C33E
gcalls seq=002399 caller=QUEST_SERVER target=701782E8 SQR31?3              argc=0 site=7017C33E
gcalls seq=002400 caller=QUEST_SERVER target=701782E8 SQR31?3              argc=0 site=7017C33E
gcalls seq=002401 caller=QUEST_SERVER target=701782E8 SQR31?3              argc=0 site=7017C33E
gcalls seq=002402 caller=QUEST_SERVER target=701782E8 SQR31?3              argc=0 site=7017C33E
gcalls seq=002403 caller=QUEST_SERVER target=701782E8 SQR31?3              argc=0 site=7017C33E
gcalls seq=002404 caller=QUEST_SERVER target=701782E8 SQR31?3              argc=0 site=7017C33E
gcalls seq=002405 caller=QUEST_SERVER target=701782E8 SQR31?3              argc=0 site=7017C33E
gcalls seq=002406 caller=QUEST_SERVER target=701782E8 SQR31?3              argc=0 site=7017C33E
gcalls seq=002407 caller=QUEST_SERVER target=7017B501 PICK_X_Y             argc=2 site=7017AD25
gcalls seq=002408 caller=QUEST_SERVER target=7017C098 ROLL32               argc=0 site=7017E21A
gcalls seq=002409 caller=QUEST_SERVER target=7017C098 ROLL32               argc=0 site=7017E21A
gcalls seq=002410 caller=QUEST_SERVER target=7017C098 ROLL32               argc=0 site=7017E21A
gcalls seq=002411 caller=QUEST_SERVER target=7017C098 ROLL32               argc=0 site=7017E21A
gcalls seq=002412 caller=QUEST_SERVER target=70178F4D FIND_OBJECT          argc=3 site=7017AD2F
gcalls seq=002413 caller=QUEST_SERVER target=7017B501 PICK_X_Y             argc=2 site=7017AD25
gcalls seq=002414 caller=QUEST_SERVER target=7017C098 ROLL32               argc=0 site=7017E21A
gcalls seq=002415 caller=QUEST_SERVER target=7017C098 ROLL32               argc=0 site=7017E21A
gcalls seq=002416 caller=QUEST_SERVER target=7017C098 ROLL32               argc=0 site=7017E21A
gcalls seq=002417 caller=QUEST_SERVER target=70178F4D FIND_OBJECT          argc=3 site=7017AD2F
gcalls seq=002418 caller=QUEST_SERVER target=7017B501 PICK_X_Y             argc=2 site=7017AD25
gcalls seq=002419 caller=QUEST_SERVER target=7017C098 ROLL32               argc=0 site=7017E21A
gcalls seq=002420 caller=QUEST_SERVER target=7017C098 ROLL32               argc=0 site=7017E21A
gcalls seq=002421 caller=QUEST_SERVER target=7017C098 ROLL32               argc=0 site=7017E21A
gcalls seq=002422 caller=QUEST_SERVER target=70178F4D FIND_OBJECT          argc=3 site=7017AD2F
gcalls seq=002423 caller=QUEST_SERVER target=7017C13B TERRITORY            argc=6 site=7017AD41
gcalls seq=002424 caller=QUEST_SERVER target=701782E8 SQR31?3              argc=0 site=7017C33E
gcalls seq=002425 caller=QUEST_SERVER target=701782E8 SQR31?3              argc=0 site=7017C33E
gcalls seq=002426 caller=QUEST_SERVER target=701782E8 SQR31?3              argc=0 site=7017C33E
gcalls seq=002427 caller=QUEST_SERVER target=701782E8 SQR31?3              argc=0 site=7017C33E
gcalls seq=002428 caller=QUEST_SERVER target=701782E8 SQR31?3              argc=0 site=7017C33E
gcalls seq=002429 caller=QUEST_SERVER target=701782E8 SQR31?3              argc=0 site=7017C33E
gcalls seq=002430 caller=QUEST_SERVER target=701782E8 SQR31?3              argc=0 site=7017C33E
gcalls seq=002431 caller=QUEST_SERVER target=701782E8 SQR31?3              argc=0 site=7017C33E
gcalls seq=002432 caller=QUEST_SERVER target=701782E8 SQR31?3              argc=0 site=7017C33E
gcalls seq=002433 caller=QUEST_SERVER target=701782E8 SQR31?3              argc=0 site=7017C33E
gcalls seq=002434 caller=QUEST_SERVER target=701782E8 SQR31?3              argc=0 site=7017C33E
gcalls seq=002435 caller=QUEST_SERVER target=701782E8 SQR31?3              argc=0 site=7017C33E
gcalls seq=002436 caller=QUEST_SERVER target=701782E8 SQR31?3              argc=0 site=7017C33E
gcalls seq=002437 caller=QUEST_SERVER target=701782E8 SQR31?3              argc=0 site=7017C33E
gcalls seq=002438 caller=QUEST_SERVER target=701782E8 SQR31?3              argc=0 site=7017C33E
gcalls seq=002439 caller=QUEST_SERVER target=701782E8 SQR31?3              argc=0 site=7017C33E
gcalls seq=002440 caller=QUEST_SERVER target=701782E8 SQR31?3              argc=0 site=7017C33E
gcalls seq=002441 caller=QUEST_SERVER target=701782E8 SQR31?3              argc=0 site=7017C33E
gcalls seq=002442 caller=QUEST_SERVER target=701782E8 SQR31?3              argc=0 site=7017C33E
gcalls seq=002443 caller=QUEST_SERVER target=701782E8 SQR31?3              argc=0 site=7017C33E
gcalls seq=002444 caller=QUEST_SERVER target=701782E8 SQR31?3              argc=0 site=7017C33E
gcalls seq=002445 caller=QUEST_SERVER target=701782E8 SQR31?3              argc=0 site=7017C33E
gcalls seq=002446 caller=QUEST_SERVER target=701782E8 SQR31?3              argc=0 site=7017C33E
gcalls seq=002447 caller=QUEST_SERVER target=701782E8 SQR31?3              argc=0 site=7017C33E
gcalls seq=002448 caller=QUEST_SERVER target=701782E8 SQR31?3              argc=0 site=7017C33E
gcalls seq=002449 caller=QUEST_SERVER target=701782E8 SQR31?3              argc=0 site=7017C33E
gcalls seq=002450 caller=QUEST_SERVER target=701782E8 SQR31?3              argc=0 site=7017C33E
gcalls seq=002451 caller=QUEST_SERVER target=701782E8 SQR31?3              argc=0 site=7017C33E
gcalls seq=002452 caller=QUEST_SERVER target=701782E8 SQR31?3              argc=0 site=7017C33E
gcalls seq=002453 caller=QUEST_SERVER target=701782E8 SQR31?3              argc=0 site=7017C33E
gcalls seq=002454 caller=QUEST_SERVER target=701782E8 SQR31?3              argc=0 site=7017C33E
gcalls seq=002455 caller=QUEST_SERVER target=701782E8 SQR31?3              argc=0 site=7017C33E
gcalls seq=002456 caller=QUEST_SERVER target=701782E8 SQR31?3              argc=0 site=7017C33E
gcalls seq=002457 caller=QUEST_SERVER target=701782E8 SQR31?3              argc=0 site=7017C33E
gcalls seq=002458 caller=QUEST_SERVER target=701782E8 SQR31?3              argc=0 site=7017C33E
gcalls seq=002459 caller=QUEST_SERVER target=701782E8 SQR31?3              argc=0 site=7017C33E
gcalls seq=002460 caller=QUEST_SERVER target=701782E8 SQR31?3              argc=0 site=7017C33E
gcalls seq=002461 caller=QUEST_SERVER target=701782E8 SQR31?3              argc=0 site=7017C33E
gcalls seq=002462 caller=QUEST_SERVER target=701782E8 SQR31?3              argc=0 site=7017C33E
gcalls seq=002463 caller=QUEST_SERVER target=701782E8 SQR31?3              argc=0 site=7017C33E
gcalls seq=002464 caller=QUEST_SERVER target=701782E8 SQR31?3              argc=0 site=7017C33E
gcalls seq=002465 caller=QUEST_SERVER target=701782E8 SQR31?3              argc=0 site=7017C33E
gcalls seq=002466 caller=QUEST_SERVER target=701782E8 SQR31?3              argc=0 site=7017C33E
gcalls seq=002467 caller=QUEST_SERVER target=701782E8 SQR31?3              argc=0 site=7017C33E
gcalls seq=002468 caller=QUEST_SERVER target=701782E8 SQR31?3              argc=0 site=7017C33E
gcalls seq=002469 caller=QUEST_SERVER target=701782E8 SQR31?3              argc=0 site=7017C33E
gcalls seq=002470 caller=QUEST_SERVER target=701782E8 SQR31?3              argc=0 site=7017C33E
gcalls seq=002471 caller=QUEST_SERVER target=701782E8 SQR31?3              argc=0 site=7017C33E
gcalls seq=002472 caller=QUEST_SERVER target=701782E8 SQR31?3              argc=0 site=7017C33E
gcalls seq=002473 caller=QUEST_SERVER target=701782E8 SQR31?3              argc=0 site=7017C33E
gcalls seq=002474 caller=QUEST_SERVER target=701782E8 SQR31?3              argc=0 site=7017C33E
gcalls seq=002475 caller=QUEST_SERVER target=701782E8 SQR31?3              argc=0 site=7017C33E
gcalls seq=002476 caller=QUEST_SERVER target=701782E8 SQR31?3              argc=0 site=7017C33E
gcalls seq=002477 caller=QUEST_SERVER target=701782E8 SQR31?3              argc=0 site=7017C33E
gcalls seq=002478 caller=QUEST_SERVER target=701782E8 SQR31?3              argc=0 site=7017C33E
gcalls seq=002479 caller=QUEST_SERVER target=701782E8 SQR31?3              argc=0 site=7017C33E
gcalls seq=002480 caller=QUEST_SERVER target=701782E8 SQR31?3              argc=0 site=7017C33E
gcalls seq=002481 caller=QUEST_SERVER target=701782E8 SQR31?3              argc=0 site=7017C33E
gcalls seq=002482 caller=QUEST_SERVER target=701782E8 SQR31?3              argc=0 site=7017C33E
gcalls seq=002483 caller=QUEST_SERVER target=701782E8 SQR31?3              argc=0 site=7017C33E
gcalls seq=002484 caller=QUEST_SERVER target=701782E8 SQR31?3              argc=0 site=7017C33E
gcalls seq=002485 caller=QUEST_SERVER target=701782E8 SQR31?3              argc=0 site=7017C33E
gcalls seq=002486 caller=QUEST_SERVER target=701782E8 SQR31?3              argc=0 site=7017C33E
gcalls seq=002487 caller=QUEST_SERVER target=701782E8 SQR31?3              argc=0 site=7017C33E
gcalls seq=002488 caller=QUEST_SERVER target=701782E8 SQR31?3              argc=0 site=7017C33E
gcalls seq=002489 caller=QUEST_SERVER target=701782E8 SQR31?3              argc=0 site=7017C33E
gcalls seq=002490 caller=QUEST_SERVER target=701782E8 SQR31?3              argc=0 site=7017C33E
gcalls seq=002491 caller=QUEST_SERVER target=701782E8 SQR31?3              argc=0 site=7017C33E
gcalls seq=002492 caller=QUEST_SERVER target=701782E8 SQR31?3              argc=0 site=7017C33E
gcalls seq=002493 caller=QUEST_SERVER target=701782E8 SQR31?3              argc=0 site=7017C33E
gcalls seq=002494 caller=QUEST_SERVER target=701782E8 SQR31?3              argc=0 site=7017C33E
gcalls seq=002495 caller=QUEST_SERVER target=701782E8 SQR31?3              argc=0 site=7017C33E
gcalls seq=002496 caller=QUEST_SERVER target=701782E8 SQR31?3              argc=0 site=7017C33E
gcalls seq=002497 caller=QUEST_SERVER target=701782E8 SQR31?3              argc=0 site=7017C33E
gcalls seq=002498 caller=QUEST_SERVER target=701782E8 SQR31?3              argc=0 site=7017C33E
gcalls seq=002499 caller=QUEST_SERVER target=701782E8 SQR31?3              argc=0 site=7017C33E
gcalls seq=002500 caller=QUEST_SERVER target=701782E8 SQR31?3              argc=0 site=7017C33E
gcalls seq=002501 caller=QUEST_SERVER target=701782E8 SQR31?3              argc=0 site=7017C33E
gcalls seq=002502 caller=QUEST_SERVER target=701782E8 SQR31?3              argc=0 site=7017C33E
gcalls seq=002503 caller=QUEST_SERVER target=701782E8 SQR31?3              argc=0 site=7017C33E
gcalls seq=002504 caller=QUEST_SERVER target=701782E8 SQR31?3              argc=0 site=7017C33E
gcalls seq=002505 caller=QUEST_SERVER target=701782E8 SQR31?3              argc=0 site=7017C33E
gcalls seq=002506 caller=QUEST_SERVER target=701782E8 SQR31?3              argc=0 site=7017C33E
gcalls seq=002507 caller=QUEST_SERVER target=701782E8 SQR31?3              argc=0 site=7017C33E
gcalls seq=002508 caller=QUEST_SERVER target=701782E8 SQR31?3              argc=0 site=7017C33E
gcalls seq=002509 caller=QUEST_SERVER target=701782E8 SQR31?3              argc=0 site=7017C33E
gcalls seq=002510 caller=QUEST_SERVER target=701782E8 SQR31?3              argc=0 site=7017C33E
gcalls seq=002511 caller=QUEST_SERVER target=701782E8 SQR31?3              argc=0 site=7017C33E
gcalls seq=002512 caller=QUEST_SERVER target=701782E8 SQR31?3              argc=0 site=7017C33E
gcalls seq=002513 caller=QUEST_SERVER target=701782E8 SQR31?3              argc=0 site=7017C33E
gcalls seq=002514 caller=QUEST_SERVER target=701782E8 SQR31?3              argc=0 site=7017C33E
gcalls seq=002515 caller=QUEST_SERVER target=701782E8 SQR31?3              argc=0 site=7017C33E
gcalls seq=002516 caller=QUEST_SERVER target=701782E8 SQR31?3              argc=0 site=7017C33E
gcalls seq=002517 caller=QUEST_SERVER target=701782E8 SQR31?3              argc=0 site=7017C33E
gcalls seq=002518 caller=QUEST_SERVER target=701782E8 SQR31?3              argc=0 site=7017C33E
gcalls seq=002519 caller=QUEST_SERVER target=701782E8 SQR31?3              argc=0 site=7017C33E
gcalls seq=002520 caller=QUEST_SERVER target=701782E8 SQR31?3              argc=0 site=7017C33E
gcalls seq=002521 caller=QUEST_SERVER target=701782E8 SQR31?3              argc=0 site=7017C33E
gcalls seq=002522 caller=QUEST_SERVER target=701782E8 SQR31?3              argc=0 site=7017C33E
gcalls seq=002523 caller=QUEST_SERVER target=701782E8 SQR31?3              argc=0 site=7017C33E
gcalls seq=002524 caller=QUEST_SERVER target=701782E8 SQR31?3              argc=0 site=7017C33E
gcalls seq=002525 caller=QUEST_SERVER target=701782E8 SQR31?3              argc=0 site=7017C33E
gcalls seq=002526 caller=QUEST_SERVER target=701782E8 SQR31?3              argc=0 site=7017C33E
gcalls seq=002527 caller=QUEST_SERVER target=701782E8 SQR31?3              argc=0 site=7017C33E
gcalls seq=002528 caller=QUEST_SERVER target=701782E8 SQR31?3              argc=0 site=7017C33E
gcalls seq=002529 caller=QUEST_SERVER target=701782E8 SQR31?3              argc=0 site=7017C33E
gcalls seq=002530 caller=QUEST_SERVER target=701782E8 SQR31?3              argc=0 site=7017C33E
gcalls seq=002531 caller=QUEST_SERVER target=701782E8 SQR31?3              argc=0 site=7017C33E
gcalls seq=002532 caller=QUEST_SERVER target=701782E8 SQR31?3              argc=0 site=7017C33E
gcalls seq=002533 caller=QUEST_SERVER target=701782E8 SQR31?3              argc=0 site=7017C33E
gcalls seq=002534 caller=QUEST_SERVER target=701782E8 SQR31?3              argc=0 site=7017C33E
gcalls seq=002535 caller=QUEST_SERVER target=701782E8 SQR31?3              argc=0 site=7017C33E
gcalls seq=002536 caller=QUEST_SERVER target=701782E8 SQR31?3              argc=0 site=7017C33E
gcalls seq=002537 caller=QUEST_SERVER target=701782E8 SQR31?3              argc=0 site=7017C33E
gcalls seq=002538 caller=QUEST_SERVER target=701782E8 SQR31?3              argc=0 site=7017C33E
gcalls seq=002539 caller=QUEST_SERVER target=701782E8 SQR31?3              argc=0 site=7017C33E
gcalls seq=002540 caller=QUEST_SERVER target=7017B501 PICK_X_Y             argc=2 site=7017AD25
gcalls seq=002541 caller=QUEST_SERVER target=7017C098 ROLL32               argc=0 site=7017E21A
gcalls seq=002542 caller=QUEST_SERVER target=7017C098 ROLL32               argc=0 site=7017E21A
gcalls seq=002543 caller=QUEST_SERVER target=7017C098 ROLL32               argc=0 site=7017E21A
gcalls seq=002544 caller=QUEST_SERVER target=70178F4D FIND_OBJECT          argc=3 site=7017AD2F
gcalls seq=002545 caller=QUEST_SERVER target=7017B501 PICK_X_Y             argc=2 site=7017AD25
gcalls seq=002546 caller=QUEST_SERVER target=7017C098 ROLL32               argc=0 site=7017E21A
gcalls seq=002547 caller=QUEST_SERVER target=7017C098 ROLL32               argc=0 site=7017E21A
gcalls seq=002548 caller=QUEST_SERVER target=7017C098 ROLL32               argc=0 site=7017E21A
gcalls seq=002549 caller=QUEST_SERVER target=7017C098 ROLL32               argc=0 site=7017E21A
gcalls seq=002550 caller=QUEST_SERVER target=7017C098 ROLL32               argc=0 site=7017E21A
gcalls seq=002551 caller=QUEST_SERVER target=7017C098 ROLL32               argc=0 site=7017E21A
gcalls seq=002552 caller=QUEST_SERVER target=70178F4D FIND_OBJECT          argc=3 site=7017AD2F
gcalls seq=002553 caller=QUEST_SERVER target=7017C13B TERRITORY            argc=6 site=7017AD41
gcalls seq=002554 caller=QUEST_SERVER target=701782E8 SQR31?3              argc=0 site=7017C33E
gcalls seq=002555 caller=QUEST_SERVER target=701782E8 SQR31?3              argc=0 site=7017C33E
gcalls seq=002556 caller=QUEST_SERVER target=701782E8 SQR31?3              argc=0 site=7017C33E
gcalls seq=002557 caller=QUEST_SERVER target=701782E8 SQR31?3              argc=0 site=7017C33E
gcalls seq=002558 caller=QUEST_SERVER target=701782E8 SQR31?3              argc=0 site=7017C33E
gcalls seq=002559 caller=QUEST_SERVER target=701782E8 SQR31?3              argc=0 site=7017C33E
gcalls seq=002560 caller=QUEST_SERVER target=701782E8 SQR31?3              argc=0 site=7017C33E
gcalls seq=002561 caller=QUEST_SERVER target=701782E8 SQR31?3              argc=0 site=7017C33E
gcalls seq=002562 caller=QUEST_SERVER target=701782E8 SQR31?3              argc=0 site=7017C33E
gcalls seq=002563 caller=QUEST_SERVER target=701782E8 SQR31?3              argc=0 site=7017C33E
gcalls seq=002564 caller=QUEST_SERVER target=701782E8 SQR31?3              argc=0 site=7017C33E
gcalls seq=002565 caller=QUEST_SERVER target=701782E8 SQR31?3              argc=0 site=7017C33E
gcalls seq=002566 caller=QUEST_SERVER target=701782E8 SQR31?3              argc=0 site=7017C33E
gcalls seq=002567 caller=QUEST_SERVER target=701782E8 SQR31?3              argc=0 site=7017C33E
gcalls seq=002568 caller=QUEST_SERVER target=701782E8 SQR31?3              argc=0 site=7017C33E
gcalls seq=002569 caller=QUEST_SERVER target=701782E8 SQR31?3              argc=0 site=7017C33E
gcalls seq=002570 caller=QUEST_SERVER target=701782E8 SQR31?3              argc=0 site=7017C33E
gcalls seq=002571 caller=QUEST_SERVER target=701782E8 SQR31?3              argc=0 site=7017C33E
gcalls seq=002572 caller=QUEST_SERVER target=701782E8 SQR31?3              argc=0 site=7017C33E
gcalls seq=002573 caller=QUEST_SERVER target=701782E8 SQR31?3              argc=0 site=7017C33E
gcalls seq=002574 caller=QUEST_SERVER target=701782E8 SQR31?3              argc=0 site=7017C33E
gcalls seq=002575 caller=QUEST_SERVER target=701782E8 SQR31?3              argc=0 site=7017C33E
gcalls seq=002576 caller=QUEST_SERVER target=701782E8 SQR31?3              argc=0 site=7017C33E
gcalls seq=002577 caller=QUEST_SERVER target=701782E8 SQR31?3              argc=0 site=7017C33E
gcalls seq=002578 caller=QUEST_SERVER target=701782E8 SQR31?3              argc=0 site=7017C33E
gcalls seq=002579 caller=QUEST_SERVER target=701782E8 SQR31?3              argc=0 site=7017C33E
gcalls seq=002580 caller=QUEST_SERVER target=701782E8 SQR31?3              argc=0 site=7017C33E
gcalls seq=002581 caller=QUEST_SERVER target=701782E8 SQR31?3              argc=0 site=7017C33E
gcalls seq=002582 caller=QUEST_SERVER target=701782E8 SQR31?3              argc=0 site=7017C33E
gcalls seq=002583 caller=QUEST_SERVER target=701782E8 SQR31?3              argc=0 site=7017C33E
gcalls seq=002584 caller=QUEST_SERVER target=701782E8 SQR31?3              argc=0 site=7017C33E
gcalls seq=002585 caller=QUEST_SERVER target=701782E8 SQR31?3              argc=0 site=7017C33E
gcalls seq=002586 caller=QUEST_SERVER target=701782E8 SQR31?3              argc=0 site=7017C33E
gcalls seq=002587 caller=QUEST_SERVER target=701782E8 SQR31?3              argc=0 site=7017C33E
gcalls seq=002588 caller=QUEST_SERVER target=701782E8 SQR31?3              argc=0 site=7017C33E
gcalls seq=002589 caller=QUEST_SERVER target=701782E8 SQR31?3              argc=0 site=7017C33E
gcalls seq=002590 caller=QUEST_SERVER target=701782E8 SQR31?3              argc=0 site=7017C33E
gcalls seq=002591 caller=QUEST_SERVER target=701782E8 SQR31?3              argc=0 site=7017C33E
gcalls seq=002592 caller=QUEST_SERVER target=701782E8 SQR31?3              argc=0 site=7017C33E
gcalls seq=002593 caller=QUEST_SERVER target=701782E8 SQR31?3              argc=0 site=7017C33E
gcalls seq=002594 caller=QUEST_SERVER target=701782E8 SQR31?3              argc=0 site=7017C33E
gcalls seq=002595 caller=QUEST_SERVER target=701782E8 SQR31?3              argc=0 site=7017C33E
gcalls seq=002596 caller=QUEST_SERVER target=701782E8 SQR31?3              argc=0 site=7017C33E
gcalls seq=002597 caller=QUEST_SERVER target=701782E8 SQR31?3              argc=0 site=7017C33E
gcalls seq=002598 caller=QUEST_SERVER target=701782E8 SQR31?3              argc=0 site=7017C33E
gcalls seq=002599 caller=QUEST_SERVER target=701782E8 SQR31?3              argc=0 site=7017C33E
gcalls seq=002600 caller=QUEST_SERVER target=701782E8 SQR31?3              argc=0 site=7017C33E
gcalls seq=002601 caller=QUEST_SERVER target=701782E8 SQR31?3              argc=0 site=7017C33E
gcalls seq=002602 caller=QUEST_SERVER target=701782E8 SQR31?3              argc=0 site=7017C33E
gcalls seq=002603 caller=QUEST_SERVER target=701782E8 SQR31?3              argc=0 site=7017C33E
gcalls seq=002604 caller=QUEST_SERVER target=701782E8 SQR31?3              argc=0 site=7017C33E
gcalls seq=002605 caller=QUEST_SERVER target=701782E8 SQR31?3              argc=0 site=7017C33E
gcalls seq=002606 caller=QUEST_SERVER target=701782E8 SQR31?3              argc=0 site=7017C33E
gcalls seq=002607 caller=QUEST_SERVER target=701782E8 SQR31?3              argc=0 site=7017C33E
gcalls seq=002608 caller=QUEST_SERVER target=701782E8 SQR31?3              argc=0 site=7017C33E
gcalls seq=002609 caller=QUEST_SERVER target=701782E8 SQR31?3              argc=0 site=7017C33E
gcalls seq=002610 caller=QUEST_SERVER target=701782E8 SQR31?3              argc=0 site=7017C33E
gcalls seq=002611 caller=QUEST_SERVER target=701782E8 SQR31?3              argc=0 site=7017C33E
gcalls seq=002612 caller=QUEST_SERVER target=701782E8 SQR31?3              argc=0 site=7017C33E
gcalls seq=002613 caller=QUEST_SERVER target=701782E8 SQR31?3              argc=0 site=7017C33E
gcalls seq=002614 caller=QUEST_SERVER target=701782E8 SQR31?3              argc=0 site=7017C33E
gcalls seq=002615 caller=QUEST_SERVER target=701782E8 SQR31?3              argc=0 site=7017C33E
gcalls seq=002616 caller=QUEST_SERVER target=701782E8 SQR31?3              argc=0 site=7017C33E
gcalls seq=002617 caller=QUEST_SERVER target=701782E8 SQR31?3              argc=0 site=7017C33E
gcalls seq=002618 caller=QUEST_SERVER target=701782E8 SQR31?3              argc=0 site=7017C33E
gcalls seq=002619 caller=QUEST_SERVER target=701782E8 SQR31?3              argc=0 site=7017C33E
gcalls seq=002620 caller=QUEST_SERVER target=701782E8 SQR31?3              argc=0 site=7017C33E
gcalls seq=002621 caller=QUEST_SERVER target=701782E8 SQR31?3              argc=0 site=7017C33E
gcalls seq=002622 caller=QUEST_SERVER target=701782E8 SQR31?3              argc=0 site=7017C33E
gcalls seq=002623 caller=QUEST_SERVER target=701782E8 SQR31?3              argc=0 site=7017C33E
gcalls seq=002624 caller=QUEST_SERVER target=701782E8 SQR31?3              argc=0 site=7017C33E
gcalls seq=002625 caller=QUEST_SERVER target=701782E8 SQR31?3              argc=0 site=7017C33E
gcalls seq=002626 caller=QUEST_SERVER target=701782E8 SQR31?3              argc=0 site=7017C33E
gcalls seq=002627 caller=QUEST_SERVER target=701782E8 SQR31?3              argc=0 site=7017C33E
gcalls seq=002628 caller=QUEST_SERVER target=701782E8 SQR31?3              argc=0 site=7017C33E
gcalls seq=002629 caller=QUEST_SERVER target=701782E8 SQR31?3              argc=0 site=7017C33E
gcalls seq=002630 caller=QUEST_SERVER target=701782E8 SQR31?3              argc=0 site=7017C33E
gcalls seq=002631 caller=QUEST_SERVER target=701782E8 SQR31?3              argc=0 site=7017C33E
gcalls seq=002632 caller=QUEST_SERVER target=701782E8 SQR31?3              argc=0 site=7017C33E
gcalls seq=002633 caller=QUEST_SERVER target=701782E8 SQR31?3              argc=0 site=7017C33E
gcalls seq=002634 caller=QUEST_SERVER target=701782E8 SQR31?3              argc=0 site=7017C33E
gcalls seq=002635 caller=QUEST_SERVER target=701782E8 SQR31?3              argc=0 site=7017C33E
gcalls seq=002636 caller=QUEST_SERVER target=701782E8 SQR31?3              argc=0 site=7017C33E
gcalls seq=002637 caller=QUEST_SERVER target=701782E8 SQR31?3              argc=0 site=7017C33E
gcalls seq=002638 caller=QUEST_SERVER target=701782E8 SQR31?3              argc=0 site=7017C33E
gcalls seq=002639 caller=QUEST_SERVER target=701782E8 SQR31?3              argc=0 site=7017C33E
gcalls seq=002640 caller=QUEST_SERVER target=701782E8 SQR31?3              argc=0 site=7017C33E
gcalls seq=002641 caller=QUEST_SERVER target=701782E8 SQR31?3              argc=0 site=7017C33E
gcalls seq=002642 caller=QUEST_SERVER target=701782E8 SQR31?3              argc=0 site=7017C33E
gcalls seq=002643 caller=QUEST_SERVER target=701782E8 SQR31?3              argc=0 site=7017C33E
gcalls seq=002644 caller=QUEST_SERVER target=701782E8 SQR31?3              argc=0 site=7017C33E
gcalls seq=002645 caller=QUEST_SERVER target=701782E8 SQR31?3              argc=0 site=7017C33E
gcalls seq=002646 caller=QUEST_SERVER target=701782E8 SQR31?3              argc=0 site=7017C33E
gcalls seq=002647 caller=QUEST_SERVER target=701782E8 SQR31?3              argc=0 site=7017C33E
gcalls seq=002648 caller=QUEST_SERVER target=701782E8 SQR31?3              argc=0 site=7017C33E
gcalls seq=002649 caller=QUEST_SERVER target=701782E8 SQR31?3              argc=0 site=7017C33E
gcalls seq=002650 caller=QUEST_SERVER target=701782E8 SQR31?3              argc=0 site=7017C33E
gcalls seq=002651 caller=QUEST_SERVER target=701782E8 SQR31?3              argc=0 site=7017C33E
gcalls seq=002652 caller=QUEST_SERVER target=701782E8 SQR31?3              argc=0 site=7017C33E
gcalls seq=002653 caller=QUEST_SERVER target=701782E8 SQR31?3              argc=0 site=7017C33E
gcalls seq=002654 caller=QUEST_SERVER target=701782E8 SQR31?3              argc=0 site=7017C33E
gcalls seq=002655 caller=QUEST_SERVER target=701782E8 SQR31?3              argc=0 site=7017C33E
gcalls seq=002656 caller=QUEST_SERVER target=701782E8 SQR31?3              argc=0 site=7017C33E
gcalls seq=002657 caller=QUEST_SERVER target=701782E8 SQR31?3              argc=0 site=7017C33E
gcalls seq=002658 caller=QUEST_SERVER target=701782E8 SQR31?3              argc=0 site=7017C33E
gcalls seq=002659 caller=QUEST_SERVER target=701782E8 SQR31?3              argc=0 site=7017C33E
gcalls seq=002660 caller=QUEST_SERVER target=701782E8 SQR31?3              argc=0 site=7017C33E
gcalls seq=002661 caller=QUEST_SERVER target=701782E8 SQR31?3              argc=0 site=7017C33E
gcalls seq=002662 caller=QUEST_SERVER target=701782E8 SQR31?3              argc=0 site=7017C33E
gcalls seq=002663 caller=QUEST_SERVER target=701782E8 SQR31?3              argc=0 site=7017C33E
gcalls seq=002664 caller=QUEST_SERVER target=701782E8 SQR31?3              argc=0 site=7017C33E
gcalls seq=002665 caller=QUEST_SERVER target=701782E8 SQR31?3              argc=0 site=7017C33E
gcalls seq=002666 caller=QUEST_SERVER target=701782E8 SQR31?3              argc=0 site=7017C33E
gcalls seq=002667 caller=QUEST_SERVER target=701782E8 SQR31?3              argc=0 site=7017C33E
gcalls seq=002668 caller=QUEST_SERVER target=701782E8 SQR31?3              argc=0 site=7017C33E
gcalls seq=002669 caller=QUEST_SERVER target=701782E8 SQR31?3              argc=0 site=7017C33E
gcalls seq=002670 caller=QUEST_SERVER target=7017B501 PICK_X_Y             argc=2 site=7017AD25
gcalls seq=002671 caller=QUEST_SERVER target=7017C098 ROLL32               argc=0 site=7017E21A
gcalls seq=002672 caller=QUEST_SERVER target=7017C098 ROLL32               argc=0 site=7017E21A
gcalls seq=002673 caller=QUEST_SERVER target=7017C098 ROLL32               argc=0 site=7017E21A
gcalls seq=002674 caller=QUEST_SERVER target=70178F4D FIND_OBJECT          argc=3 site=7017AD2F
gcalls seq=002675 caller=QUEST_SERVER target=7017C13B TERRITORY            argc=6 site=7017AD41
gcalls seq=002676 caller=QUEST_SERVER target=701782E8 SQR31?3              argc=0 site=7017C33E
gcalls seq=002677 caller=QUEST_SERVER target=701782E8 SQR31?3              argc=0 site=7017C33E
gcalls seq=002678 caller=QUEST_SERVER target=701782E8 SQR31?3              argc=0 site=7017C33E
gcalls seq=002679 caller=QUEST_SERVER target=701782E8 SQR31?3              argc=0 site=7017C33E
gcalls seq=002680 caller=QUEST_SERVER target=701782E8 SQR31?3              argc=0 site=7017C33E
gcalls seq=002681 caller=QUEST_SERVER target=701782E8 SQR31?3              argc=0 site=7017C33E
gcalls seq=002682 caller=QUEST_SERVER target=701782E8 SQR31?3              argc=0 site=7017C33E
gcalls seq=002683 caller=QUEST_SERVER target=701782E8 SQR31?3              argc=0 site=7017C33E
gcalls seq=002684 caller=QUEST_SERVER target=701782E8 SQR31?3              argc=0 site=7017C33E
gcalls seq=002685 caller=QUEST_SERVER target=701782E8 SQR31?3              argc=0 site=7017C33E
gcalls seq=002686 caller=QUEST_SERVER target=701782E8 SQR31?3              argc=0 site=7017C33E
gcalls seq=002687 caller=QUEST_SERVER target=701782E8 SQR31?3              argc=0 site=7017C33E
gcalls seq=002688 caller=QUEST_SERVER target=701782E8 SQR31?3              argc=0 site=7017C33E
gcalls seq=002689 caller=QUEST_SERVER target=701782E8 SQR31?3              argc=0 site=7017C33E
gcalls seq=002690 caller=QUEST_SERVER target=701782E8 SQR31?3              argc=0 site=7017C33E
gcalls seq=002691 caller=QUEST_SERVER target=701782E8 SQR31?3              argc=0 site=7017C33E
gcalls seq=002692 caller=QUEST_SERVER target=701782E8 SQR31?3              argc=0 site=7017C33E
gcalls seq=002693 caller=QUEST_SERVER target=701782E8 SQR31?3              argc=0 site=7017C33E
gcalls seq=002694 caller=QUEST_SERVER target=701782E8 SQR31?3              argc=0 site=7017C33E
gcalls seq=002695 caller=QUEST_SERVER target=701782E8 SQR31?3              argc=0 site=7017C33E
gcalls seq=002696 caller=QUEST_SERVER target=701782E8 SQR31?3              argc=0 site=7017C33E
gcalls seq=002697 caller=QUEST_SERVER target=701782E8 SQR31?3              argc=0 site=7017C33E
gcalls seq=002698 caller=QUEST_SERVER target=701782E8 SQR31?3              argc=0 site=7017C33E
gcalls seq=002699 caller=QUEST_SERVER target=701782E8 SQR31?3              argc=0 site=7017C33E
gcalls seq=002700 caller=QUEST_SERVER target=701782E8 SQR31?3              argc=0 site=7017C33E
gcalls seq=002701 caller=QUEST_SERVER target=701782E8 SQR31?3              argc=0 site=7017C33E
gcalls seq=002702 caller=QUEST_SERVER target=701782E8 SQR31?3              argc=0 site=7017C33E
gcalls seq=002703 caller=QUEST_SERVER target=701782E8 SQR31?3              argc=0 site=7017C33E
gcalls seq=002704 caller=QUEST_SERVER target=701782E8 SQR31?3              argc=0 site=7017C33E
gcalls seq=002705 caller=QUEST_SERVER target=701782E8 SQR31?3              argc=0 site=7017C33E
gcalls seq=002706 caller=QUEST_SERVER target=701782E8 SQR31?3              argc=0 site=7017C33E
gcalls seq=002707 caller=QUEST_SERVER target=701782E8 SQR31?3              argc=0 site=7017C33E
gcalls seq=002708 caller=QUEST_SERVER target=701782E8 SQR31?3              argc=0 site=7017C33E
gcalls seq=002709 caller=QUEST_SERVER target=701782E8 SQR31?3              argc=0 site=7017C33E
gcalls seq=002710 caller=QUEST_SERVER target=701782E8 SQR31?3              argc=0 site=7017C33E
gcalls seq=002711 caller=QUEST_SERVER target=701782E8 SQR31?3              argc=0 site=7017C33E
gcalls seq=002712 caller=QUEST_SERVER target=701782E8 SQR31?3              argc=0 site=7017C33E
gcalls seq=002713 caller=QUEST_SERVER target=701782E8 SQR31?3              argc=0 site=7017C33E
gcalls seq=002714 caller=QUEST_SERVER target=701782E8 SQR31?3              argc=0 site=7017C33E
gcalls seq=002715 caller=QUEST_SERVER target=701782E8 SQR31?3              argc=0 site=7017C33E
gcalls seq=002716 caller=QUEST_SERVER target=701782E8 SQR31?3              argc=0 site=7017C33E
gcalls seq=002717 caller=QUEST_SERVER target=701782E8 SQR31?3              argc=0 site=7017C33E
gcalls seq=002718 caller=QUEST_SERVER target=701782E8 SQR31?3              argc=0 site=7017C33E
gcalls seq=002719 caller=QUEST_SERVER target=701782E8 SQR31?3              argc=0 site=7017C33E
gcalls seq=002720 caller=QUEST_SERVER target=701782E8 SQR31?3              argc=0 site=7017C33E
gcalls seq=002721 caller=QUEST_SERVER target=701782E8 SQR31?3              argc=0 site=7017C33E
gcalls seq=002722 caller=QUEST_SERVER target=701782E8 SQR31?3              argc=0 site=7017C33E
gcalls seq=002723 caller=QUEST_SERVER target=701782E8 SQR31?3              argc=0 site=7017C33E
gcalls seq=002724 caller=QUEST_SERVER target=701782E8 SQR31?3              argc=0 site=7017C33E
gcalls seq=002725 caller=QUEST_SERVER target=701782E8 SQR31?3              argc=0 site=7017C33E
gcalls seq=002726 caller=QUEST_SERVER target=701782E8 SQR31?3              argc=0 site=7017C33E
gcalls seq=002727 caller=QUEST_SERVER target=701782E8 SQR31?3              argc=0 site=7017C33E
gcalls seq=002728 caller=QUEST_SERVER target=701782E8 SQR31?3              argc=0 site=7017C33E
gcalls seq=002729 caller=QUEST_SERVER target=701782E8 SQR31?3              argc=0 site=7017C33E
gcalls seq=002730 caller=QUEST_SERVER target=701782E8 SQR31?3              argc=0 site=7017C33E
gcalls seq=002731 caller=QUEST_SERVER target=701782E8 SQR31?3              argc=0 site=7017C33E
gcalls seq=002732 caller=QUEST_SERVER target=701782E8 SQR31?3              argc=0 site=7017C33E
gcalls seq=002733 caller=QUEST_SERVER target=701782E8 SQR31?3              argc=0 site=7017C33E
gcalls seq=002734 caller=QUEST_SERVER target=701782E8 SQR31?3              argc=0 site=7017C33E
gcalls seq=002735 caller=QUEST_SERVER target=701782E8 SQR31?3              argc=0 site=7017C33E
gcalls seq=002736 caller=QUEST_SERVER target=701782E8 SQR31?3              argc=0 site=7017C33E
gcalls seq=002737 caller=QUEST_SERVER target=701782E8 SQR31?3              argc=0 site=7017C33E
gcalls seq=002738 caller=QUEST_SERVER target=701782E8 SQR31?3              argc=0 site=7017C33E
gcalls seq=002739 caller=QUEST_SERVER target=701782E8 SQR31?3              argc=0 site=7017C33E
gcalls seq=002740 caller=QUEST_SERVER target=701782E8 SQR31?3              argc=0 site=7017C33E
gcalls seq=002741 caller=QUEST_SERVER target=701782E8 SQR31?3              argc=0 site=7017C33E
gcalls seq=002742 caller=QUEST_SERVER target=701782E8 SQR31?3              argc=0 site=7017C33E
gcalls seq=002743 caller=QUEST_SERVER target=701782E8 SQR31?3              argc=0 site=7017C33E
gcalls seq=002744 caller=QUEST_SERVER target=701782E8 SQR31?3              argc=0 site=7017C33E
gcalls seq=002745 caller=QUEST_SERVER target=701782E8 SQR31?3              argc=0 site=7017C33E
gcalls seq=002746 caller=QUEST_SERVER target=701782E8 SQR31?3              argc=0 site=7017C33E
gcalls seq=002747 caller=QUEST_SERVER target=701782E8 SQR31?3              argc=0 site=7017C33E
gcalls seq=002748 caller=QUEST_SERVER target=701782E8 SQR31?3              argc=0 site=7017C33E
gcalls seq=002749 caller=QUEST_SERVER target=701782E8 SQR31?3              argc=0 site=7017C33E
gcalls seq=002750 caller=QUEST_SERVER target=701782E8 SQR31?3              argc=0 site=7017C33E
gcalls seq=002751 caller=QUEST_SERVER target=701782E8 SQR31?3              argc=0 site=7017C33E
gcalls seq=002752 caller=QUEST_SERVER target=701782E8 SQR31?3              argc=0 site=7017C33E
gcalls seq=002753 caller=QUEST_SERVER target=701782E8 SQR31?3              argc=0 site=7017C33E
gcalls seq=002754 caller=QUEST_SERVER target=701782E8 SQR31?3              argc=0 site=7017C33E
gcalls seq=002755 caller=QUEST_SERVER target=701782E8 SQR31?3              argc=0 site=7017C33E
gcalls seq=002756 caller=QUEST_SERVER target=701782E8 SQR31?3              argc=0 site=7017C33E
gcalls seq=002757 caller=QUEST_SERVER target=701782E8 SQR31?3              argc=0 site=7017C33E
gcalls seq=002758 caller=QUEST_SERVER target=701782E8 SQR31?3              argc=0 site=7017C33E
gcalls seq=002759 caller=QUEST_SERVER target=701782E8 SQR31?3              argc=0 site=7017C33E
gcalls seq=002760 caller=QUEST_SERVER target=701782E8 SQR31?3              argc=0 site=7017C33E
gcalls seq=002761 caller=QUEST_SERVER target=701782E8 SQR31?3              argc=0 site=7017C33E
gcalls seq=002762 caller=QUEST_SERVER target=701782E8 SQR31?3              argc=0 site=7017C33E
gcalls seq=002763 caller=QUEST_SERVER target=701782E8 SQR31?3              argc=0 site=7017C33E
gcalls seq=002764 caller=QUEST_SERVER target=701782E8 SQR31?3              argc=0 site=7017C33E
gcalls seq=002765 caller=QUEST_SERVER target=701782E8 SQR31?3              argc=0 site=7017C33E
gcalls seq=002766 caller=QUEST_SERVER target=701782E8 SQR31?3              argc=0 site=7017C33E
gcalls seq=002767 caller=QUEST_SERVER target=701782E8 SQR31?3              argc=0 site=7017C33E
gcalls seq=002768 caller=QUEST_SERVER target=701782E8 SQR31?3              argc=0 site=7017C33E
gcalls seq=002769 caller=QUEST_SERVER target=701782E8 SQR31?3              argc=0 site=7017C33E
gcalls seq=002770 caller=QUEST_SERVER target=701782E8 SQR31?3              argc=0 site=7017C33E
gcalls seq=002771 caller=QUEST_SERVER target=701782E8 SQR31?3              argc=0 site=7017C33E
gcalls seq=002772 caller=QUEST_SERVER target=701782E8 SQR31?3              argc=0 site=7017C33E
gcalls seq=002773 caller=QUEST_SERVER target=701782E8 SQR31?3              argc=0 site=7017C33E
gcalls seq=002774 caller=QUEST_SERVER target=701782E8 SQR31?3              argc=0 site=7017C33E
gcalls seq=002775 caller=QUEST_SERVER target=701782E8 SQR31?3              argc=0 site=7017C33E
gcalls seq=002776 caller=QUEST_SERVER target=701782E8 SQR31?3              argc=0 site=7017C33E
gcalls seq=002777 caller=QUEST_SERVER target=701782E8 SQR31?3              argc=0 site=7017C33E
gcalls seq=002778 caller=QUEST_SERVER target=701782E8 SQR31?3              argc=0 site=7017C33E
gcalls seq=002779 caller=QUEST_SERVER target=701782E8 SQR31?3              argc=0 site=7017C33E
gcalls seq=002780 caller=QUEST_SERVER target=701782E8 SQR31?3              argc=0 site=7017C33E
gcalls seq=002781 caller=QUEST_SERVER target=701782E8 SQR31?3              argc=0 site=7017C33E
gcalls seq=002782 caller=QUEST_SERVER target=701782E8 SQR31?3              argc=0 site=7017C33E
gcalls seq=002783 caller=QUEST_SERVER target=701782E8 SQR31?3              argc=0 site=7017C33E
gcalls seq=002784 caller=QUEST_SERVER target=701782E8 SQR31?3              argc=0 site=7017C33E
gcalls seq=002785 caller=QUEST_SERVER target=701782E8 SQR31?3              argc=0 site=7017C33E
gcalls seq=002786 caller=QUEST_SERVER target=701782E8 SQR31?3              argc=0 site=7017C33E
gcalls seq=002787 caller=QUEST_SERVER target=701782E8 SQR31?3              argc=0 site=7017C33E
gcalls seq=002788 caller=QUEST_SERVER target=701782E8 SQR31?3              argc=0 site=7017C33E
gcalls seq=002789 caller=QUEST_SERVER target=701782E8 SQR31?3              argc=0 site=7017C33E
gcalls seq=002790 caller=QUEST_SERVER target=701782E8 SQR31?3              argc=0 site=7017C33E
gcalls seq=002791 caller=QUEST_SERVER target=701782E8 SQR31?3              argc=0 site=7017C33E
gcalls seq=002792 caller=QUEST_SERVER target=7017B501 PICK_X_Y             argc=2 site=7017AD25
gcalls seq=002793 caller=QUEST_SERVER target=7017C098 ROLL32               argc=0 site=7017E21A
gcalls seq=002794 caller=QUEST_SERVER target=7017C098 ROLL32               argc=0 site=7017E21A
gcalls seq=002795 caller=QUEST_SERVER target=7017C098 ROLL32               argc=0 site=7017E21A
gcalls seq=002796 caller=QUEST_SERVER target=70178F4D FIND_OBJECT          argc=3 site=7017AD2F
gcalls seq=002797 caller=QUEST_SERVER target=7017C13B TERRITORY            argc=6 site=7017AD41
gcalls seq=002798 caller=QUEST_SERVER target=701782E8 SQR31?3              argc=0 site=7017C33E
gcalls seq=002799 caller=QUEST_SERVER target=701782E8 SQR31?3              argc=0 site=7017C33E
gcalls seq=002800 caller=QUEST_SERVER target=701782E8 SQR31?3              argc=0 site=7017C33E
gcalls seq=002801 caller=QUEST_SERVER target=701782E8 SQR31?3              argc=0 site=7017C33E
gcalls seq=002802 caller=QUEST_SERVER target=701782E8 SQR31?3              argc=0 site=7017C33E
gcalls seq=002803 caller=QUEST_SERVER target=701782E8 SQR31?3              argc=0 site=7017C33E
gcalls seq=002804 caller=QUEST_SERVER target=701782E8 SQR31?3              argc=0 site=7017C33E
gcalls seq=002805 caller=QUEST_SERVER target=701782E8 SQR31?3              argc=0 site=7017C33E
gcalls seq=002806 caller=QUEST_SERVER target=701782E8 SQR31?3              argc=0 site=7017C33E
gcalls seq=002807 caller=QUEST_SERVER target=701782E8 SQR31?3              argc=0 site=7017C33E
gcalls seq=002808 caller=QUEST_SERVER target=701782E8 SQR31?3              argc=0 site=7017C33E
gcalls seq=002809 caller=QUEST_SERVER target=701782E8 SQR31?3              argc=0 site=7017C33E
gcalls seq=002810 caller=QUEST_SERVER target=701782E8 SQR31?3              argc=0 site=7017C33E
gcalls seq=002811 caller=QUEST_SERVER target=701782E8 SQR31?3              argc=0 site=7017C33E
gcalls seq=002812 caller=QUEST_SERVER target=701782E8 SQR31?3              argc=0 site=7017C33E
gcalls seq=002813 caller=QUEST_SERVER target=701782E8 SQR31?3              argc=0 site=7017C33E
gcalls seq=002814 caller=QUEST_SERVER target=701782E8 SQR31?3              argc=0 site=7017C33E
gcalls seq=002815 caller=QUEST_SERVER target=701782E8 SQR31?3              argc=0 site=7017C33E
gcalls seq=002816 caller=QUEST_SERVER target=701782E8 SQR31?3              argc=0 site=7017C33E
gcalls seq=002817 caller=QUEST_SERVER target=701782E8 SQR31?3              argc=0 site=7017C33E
gcalls seq=002818 caller=QUEST_SERVER target=701782E8 SQR31?3              argc=0 site=7017C33E
gcalls seq=002819 caller=QUEST_SERVER target=701782E8 SQR31?3              argc=0 site=7017C33E
gcalls seq=002820 caller=QUEST_SERVER target=701782E8 SQR31?3              argc=0 site=7017C33E
gcalls seq=002821 caller=QUEST_SERVER target=701782E8 SQR31?3              argc=0 site=7017C33E
gcalls seq=002822 caller=QUEST_SERVER target=701782E8 SQR31?3              argc=0 site=7017C33E
gcalls seq=002823 caller=QUEST_SERVER target=701782E8 SQR31?3              argc=0 site=7017C33E
gcalls seq=002824 caller=QUEST_SERVER target=701782E8 SQR31?3              argc=0 site=7017C33E
gcalls seq=002825 caller=QUEST_SERVER target=701782E8 SQR31?3              argc=0 site=7017C33E
gcalls seq=002826 caller=QUEST_SERVER target=701782E8 SQR31?3              argc=0 site=7017C33E
gcalls seq=002827 caller=QUEST_SERVER target=701782E8 SQR31?3              argc=0 site=7017C33E
gcalls seq=002828 caller=QUEST_SERVER target=701782E8 SQR31?3              argc=0 site=7017C33E
gcalls seq=002829 caller=QUEST_SERVER target=701782E8 SQR31?3              argc=0 site=7017C33E
gcalls seq=002830 caller=QUEST_SERVER target=701782E8 SQR31?3              argc=0 site=7017C33E
gcalls seq=002831 caller=QUEST_SERVER target=701782E8 SQR31?3              argc=0 site=7017C33E
gcalls seq=002832 caller=QUEST_SERVER target=701782E8 SQR31?3              argc=0 site=7017C33E
gcalls seq=002833 caller=QUEST_SERVER target=701782E8 SQR31?3              argc=0 site=7017C33E
gcalls seq=002834 caller=QUEST_SERVER target=701782E8 SQR31?3              argc=0 site=7017C33E
gcalls seq=002835 caller=QUEST_SERVER target=701782E8 SQR31?3              argc=0 site=7017C33E
gcalls seq=002836 caller=QUEST_SERVER target=701782E8 SQR31?3              argc=0 site=7017C33E
gcalls seq=002837 caller=QUEST_SERVER target=701782E8 SQR31?3              argc=0 site=7017C33E
gcalls seq=002838 caller=QUEST_SERVER target=701782E8 SQR31?3              argc=0 site=7017C33E
gcalls seq=002839 caller=QUEST_SERVER target=701782E8 SQR31?3              argc=0 site=7017C33E
gcalls seq=002840 caller=QUEST_SERVER target=701782E8 SQR31?3              argc=0 site=7017C33E
gcalls seq=002841 caller=QUEST_SERVER target=701782E8 SQR31?3              argc=0 site=7017C33E
gcalls seq=002842 caller=QUEST_SERVER target=701782E8 SQR31?3              argc=0 site=7017C33E
gcalls seq=002843 caller=QUEST_SERVER target=701782E8 SQR31?3              argc=0 site=7017C33E
gcalls seq=002844 caller=QUEST_SERVER target=701782E8 SQR31?3              argc=0 site=7017C33E
gcalls seq=002845 caller=QUEST_SERVER target=701782E8 SQR31?3              argc=0 site=7017C33E
gcalls seq=002846 caller=QUEST_SERVER target=701782E8 SQR31?3              argc=0 site=7017C33E
gcalls seq=002847 caller=QUEST_SERVER target=701782E8 SQR31?3              argc=0 site=7017C33E
gcalls seq=002848 caller=QUEST_SERVER target=701782E8 SQR31?3              argc=0 site=7017C33E
gcalls seq=002849 caller=QUEST_SERVER target=701782E8 SQR31?3              argc=0 site=7017C33E
gcalls seq=002850 caller=QUEST_SERVER target=701782E8 SQR31?3              argc=0 site=7017C33E
gcalls seq=002851 caller=QUEST_SERVER target=701782E8 SQR31?3              argc=0 site=7017C33E
gcalls seq=002852 caller=QUEST_SERVER target=701782E8 SQR31?3              argc=0 site=7017C33E
gcalls seq=002853 caller=QUEST_SERVER target=701782E8 SQR31?3              argc=0 site=7017C33E
gcalls seq=002854 caller=QUEST_SERVER target=701782E8 SQR31?3              argc=0 site=7017C33E
gcalls seq=002855 caller=QUEST_SERVER target=701782E8 SQR31?3              argc=0 site=7017C33E
gcalls seq=002856 caller=QUEST_SERVER target=701782E8 SQR31?3              argc=0 site=7017C33E
gcalls seq=002857 caller=QUEST_SERVER target=701782E8 SQR31?3              argc=0 site=7017C33E
gcalls seq=002858 caller=QUEST_SERVER target=701782E8 SQR31?3              argc=0 site=7017C33E
gcalls seq=002859 caller=QUEST_SERVER target=701782E8 SQR31?3              argc=0 site=7017C33E
gcalls seq=002860 caller=QUEST_SERVER target=701782E8 SQR31?3              argc=0 site=7017C33E
gcalls seq=002861 caller=QUEST_SERVER target=701782E8 SQR31?3              argc=0 site=7017C33E
gcalls seq=002862 caller=QUEST_SERVER target=701782E8 SQR31?3              argc=0 site=7017C33E
gcalls seq=002863 caller=QUEST_SERVER target=701782E8 SQR31?3              argc=0 site=7017C33E
gcalls seq=002864 caller=QUEST_SERVER target=701782E8 SQR31?3              argc=0 site=7017C33E
gcalls seq=002865 caller=QUEST_SERVER target=701782E8 SQR31?3              argc=0 site=7017C33E
gcalls seq=002866 caller=QUEST_SERVER target=701782E8 SQR31?3              argc=0 site=7017C33E
gcalls seq=002867 caller=QUEST_SERVER target=701782E8 SQR31?3              argc=0 site=7017C33E
gcalls seq=002868 caller=QUEST_SERVER target=701782E8 SQR31?3              argc=0 site=7017C33E
gcalls seq=002869 caller=QUEST_SERVER target=701782E8 SQR31?3              argc=0 site=7017C33E
gcalls seq=002870 caller=QUEST_SERVER target=701782E8 SQR31?3              argc=0 site=7017C33E
gcalls seq=002871 caller=QUEST_SERVER target=701782E8 SQR31?3              argc=0 site=7017C33E
gcalls seq=002872 caller=QUEST_SERVER target=701782E8 SQR31?3              argc=0 site=7017C33E
gcalls seq=002873 caller=QUEST_SERVER target=701782E8 SQR31?3              argc=0 site=7017C33E
gcalls seq=002874 caller=QUEST_SERVER target=701782E8 SQR31?3              argc=0 site=7017C33E
gcalls seq=002875 caller=QUEST_SERVER target=701782E8 SQR31?3              argc=0 site=7017C33E
gcalls seq=002876 caller=QUEST_SERVER target=701782E8 SQR31?3              argc=0 site=7017C33E
gcalls seq=002877 caller=QUEST_SERVER target=701782E8 SQR31?3              argc=0 site=7017C33E
gcalls seq=002878 caller=QUEST_SERVER target=701782E8 SQR31?3              argc=0 site=7017C33E
gcalls seq=002879 caller=QUEST_SERVER target=701782E8 SQR31?3              argc=0 site=7017C33E
gcalls seq=002880 caller=QUEST_SERVER target=701782E8 SQR31?3              argc=0 site=7017C33E
gcalls seq=002881 caller=QUEST_SERVER target=701782E8 SQR31?3              argc=0 site=7017C33E
gcalls seq=002882 caller=QUEST_SERVER target=701782E8 SQR31?3              argc=0 site=7017C33E
gcalls seq=002883 caller=QUEST_SERVER target=701782E8 SQR31?3              argc=0 site=7017C33E
gcalls seq=002884 caller=QUEST_SERVER target=701782E8 SQR31?3              argc=0 site=7017C33E
gcalls seq=002885 caller=QUEST_SERVER target=701782E8 SQR31?3              argc=0 site=7017C33E
gcalls seq=002886 caller=QUEST_SERVER target=701782E8 SQR31?3              argc=0 site=7017C33E
gcalls seq=002887 caller=QUEST_SERVER target=701782E8 SQR31?3              argc=0 site=7017C33E
gcalls seq=002888 caller=QUEST_SERVER target=701782E8 SQR31?3              argc=0 site=7017C33E
gcalls seq=002889 caller=QUEST_SERVER target=701782E8 SQR31?3              argc=0 site=7017C33E
gcalls seq=002890 caller=QUEST_SERVER target=701782E8 SQR31?3              argc=0 site=7017C33E
gcalls seq=002891 caller=QUEST_SERVER target=701782E8 SQR31?3              argc=0 site=7017C33E
gcalls seq=002892 caller=QUEST_SERVER target=701782E8 SQR31?3              argc=0 site=7017C33E
gcalls seq=002893 caller=QUEST_SERVER target=701782E8 SQR31?3              argc=0 site=7017C33E
gcalls seq=002894 caller=QUEST_SERVER target=701782E8 SQR31?3              argc=0 site=7017C33E
gcalls seq=002895 caller=QUEST_SERVER target=701782E8 SQR31?3              argc=0 site=7017C33E
gcalls seq=002896 caller=QUEST_SERVER target=701782E8 SQR31?3              argc=0 site=7017C33E
gcalls seq=002897 caller=QUEST_SERVER target=701782E8 SQR31?3              argc=0 site=7017C33E
gcalls seq=002898 caller=QUEST_SERVER target=701782E8 SQR31?3              argc=0 site=7017C33E
gcalls seq=002899 caller=QUEST_SERVER target=701782E8 SQR31?3              argc=0 site=7017C33E
gcalls seq=002900 caller=QUEST_SERVER target=701782E8 SQR31?3              argc=0 site=7017C33E
gcalls seq=002901 caller=QUEST_SERVER target=701782E8 SQR31?3              argc=0 site=7017C33E
gcalls seq=002902 caller=QUEST_SERVER target=701782E8 SQR31?3              argc=0 site=7017C33E
gcalls seq=002903 caller=QUEST_SERVER target=701782E8 SQR31?3              argc=0 site=7017C33E
gcalls seq=002904 caller=QUEST_SERVER target=701782E8 SQR31?3              argc=0 site=7017C33E
gcalls seq=002905 caller=QUEST_SERVER target=701782E8 SQR31?3              argc=0 site=7017C33E
gcalls seq=002906 caller=QUEST_SERVER target=701782E8 SQR31?3              argc=0 site=7017C33E
gcalls seq=002907 caller=QUEST_SERVER target=701782E8 SQR31?3              argc=0 site=7017C33E
gcalls seq=002908 caller=QUEST_SERVER target=701782E8 SQR31?3              argc=0 site=7017C33E
gcalls seq=002909 caller=QUEST_SERVER target=701782E8 SQR31?3              argc=0 site=7017C33E
gcalls seq=002910 caller=QUEST_SERVER target=701782E8 SQR31?3              argc=0 site=7017C33E
gcalls seq=002911 caller=QUEST_SERVER target=701782E8 SQR31?3              argc=0 site=7017C33E
gcalls seq=002912 caller=QUEST_SERVER target=701782E8 SQR31?3              argc=0 site=7017C33E
gcalls seq=002913 caller=QUEST_SERVER target=701782E8 SQR31?3              argc=0 site=7017C33E
gcalls seq=002914 caller=QUEST_SERVER target=7017B501 PICK_X_Y             argc=2 site=7017AD25
gcalls seq=002915 caller=QUEST_SERVER target=7017C098 ROLL32               argc=0 site=7017E21A
gcalls seq=002916 caller=QUEST_SERVER target=7017C098 ROLL32               argc=0 site=7017E21A
gcalls seq=002917 caller=QUEST_SERVER target=7017C098 ROLL32               argc=0 site=7017E21A
gcalls seq=002918 caller=QUEST_SERVER target=70178F4D FIND_OBJECT          argc=3 site=7017AD2F
gcalls seq=002919 caller=QUEST_SERVER target=7017C13B TERRITORY            argc=6 site=7017AD41
gcalls seq=002920 caller=QUEST_SERVER target=701782E8 SQR31?3              argc=0 site=7017C33E
gcalls seq=002921 caller=QUEST_SERVER target=701782E8 SQR31?3              argc=0 site=7017C33E
gcalls seq=002922 caller=QUEST_SERVER target=701782E8 SQR31?3              argc=0 site=7017C33E
gcalls seq=002923 caller=QUEST_SERVER target=701782E8 SQR31?3              argc=0 site=7017C33E
gcalls seq=002924 caller=QUEST_SERVER target=701782E8 SQR31?3              argc=0 site=7017C33E
gcalls seq=002925 caller=QUEST_SERVER target=701782E8 SQR31?3              argc=0 site=7017C33E
gcalls seq=002926 caller=QUEST_SERVER target=701782E8 SQR31?3              argc=0 site=7017C33E
gcalls seq=002927 caller=QUEST_SERVER target=701782E8 SQR31?3              argc=0 site=7017C33E
gcalls seq=002928 caller=QUEST_SERVER target=701782E8 SQR31?3              argc=0 site=7017C33E
gcalls seq=002929 caller=QUEST_SERVER target=701782E8 SQR31?3              argc=0 site=7017C33E
gcalls seq=002930 caller=QUEST_SERVER target=701782E8 SQR31?3              argc=0 site=7017C33E
gcalls seq=002931 caller=QUEST_SERVER target=701782E8 SQR31?3              argc=0 site=7017C33E
gcalls seq=002932 caller=QUEST_SERVER target=701782E8 SQR31?3              argc=0 site=7017C33E
gcalls seq=002933 caller=QUEST_SERVER target=701782E8 SQR31?3              argc=0 site=7017C33E
gcalls seq=002934 caller=QUEST_SERVER target=701782E8 SQR31?3              argc=0 site=7017C33E
gcalls seq=002935 caller=QUEST_SERVER target=701782E8 SQR31?3              argc=0 site=7017C33E
gcalls seq=002936 caller=QUEST_SERVER target=701782E8 SQR31?3              argc=0 site=7017C33E
gcalls seq=002937 caller=QUEST_SERVER target=701782E8 SQR31?3              argc=0 site=7017C33E
gcalls seq=002938 caller=QUEST_SERVER target=701782E8 SQR31?3              argc=0 site=7017C33E
gcalls seq=002939 caller=QUEST_SERVER target=701782E8 SQR31?3              argc=0 site=7017C33E
gcalls seq=002940 caller=QUEST_SERVER target=701782E8 SQR31?3              argc=0 site=7017C33E
gcalls seq=002941 caller=QUEST_SERVER target=701782E8 SQR31?3              argc=0 site=7017C33E
gcalls seq=002942 caller=QUEST_SERVER target=701782E8 SQR31?3              argc=0 site=7017C33E
gcalls seq=002943 caller=QUEST_SERVER target=701782E8 SQR31?3              argc=0 site=7017C33E
gcalls seq=002944 caller=QUEST_SERVER target=701782E8 SQR31?3              argc=0 site=7017C33E
gcalls seq=002945 caller=QUEST_SERVER target=701782E8 SQR31?3              argc=0 site=7017C33E
gcalls seq=002946 caller=QUEST_SERVER target=701782E8 SQR31?3              argc=0 site=7017C33E
gcalls seq=002947 caller=QUEST_SERVER target=701782E8 SQR31?3              argc=0 site=7017C33E
gcalls seq=002948 caller=QUEST_SERVER target=701782E8 SQR31?3              argc=0 site=7017C33E
gcalls seq=002949 caller=QUEST_SERVER target=701782E8 SQR31?3              argc=0 site=7017C33E
gcalls seq=002950 caller=QUEST_SERVER target=701782E8 SQR31?3              argc=0 site=7017C33E
gcalls seq=002951 caller=QUEST_SERVER target=701782E8 SQR31?3              argc=0 site=7017C33E
gcalls seq=002952 caller=QUEST_SERVER target=701782E8 SQR31?3              argc=0 site=7017C33E
gcalls seq=002953 caller=QUEST_SERVER target=701782E8 SQR31?3              argc=0 site=7017C33E
gcalls seq=002954 caller=QUEST_SERVER target=701782E8 SQR31?3              argc=0 site=7017C33E
gcalls seq=002955 caller=QUEST_SERVER target=701782E8 SQR31?3              argc=0 site=7017C33E
gcalls seq=002956 caller=QUEST_SERVER target=701782E8 SQR31?3              argc=0 site=7017C33E
gcalls seq=002957 caller=QUEST_SERVER target=701782E8 SQR31?3              argc=0 site=7017C33E
gcalls seq=002958 caller=QUEST_SERVER target=701782E8 SQR31?3              argc=0 site=7017C33E
gcalls seq=002959 caller=QUEST_SERVER target=701782E8 SQR31?3              argc=0 site=7017C33E
gcalls seq=002960 caller=QUEST_SERVER target=701782E8 SQR31?3              argc=0 site=7017C33E
gcalls seq=002961 caller=QUEST_SERVER target=701782E8 SQR31?3              argc=0 site=7017C33E
gcalls seq=002962 caller=QUEST_SERVER target=701782E8 SQR31?3              argc=0 site=7017C33E
gcalls seq=002963 caller=QUEST_SERVER target=701782E8 SQR31?3              argc=0 site=7017C33E
gcalls seq=002964 caller=QUEST_SERVER target=701782E8 SQR31?3              argc=0 site=7017C33E
gcalls seq=002965 caller=QUEST_SERVER target=701782E8 SQR31?3              argc=0 site=7017C33E
gcalls seq=002966 caller=QUEST_SERVER target=701782E8 SQR31?3              argc=0 site=7017C33E
gcalls seq=002967 caller=QUEST_SERVER target=701782E8 SQR31?3              argc=0 site=7017C33E
gcalls seq=002968 caller=QUEST_SERVER target=701782E8 SQR31?3              argc=0 site=7017C33E
gcalls seq=002969 caller=QUEST_SERVER target=701782E8 SQR31?3              argc=0 site=7017C33E
gcalls seq=002970 caller=QUEST_SERVER target=701782E8 SQR31?3              argc=0 site=7017C33E
gcalls seq=002971 caller=QUEST_SERVER target=701782E8 SQR31?3              argc=0 site=7017C33E
gcalls seq=002972 caller=QUEST_SERVER target=701782E8 SQR31?3              argc=0 site=7017C33E
gcalls seq=002973 caller=QUEST_SERVER target=701782E8 SQR31?3              argc=0 site=7017C33E
gcalls seq=002974 caller=QUEST_SERVER target=701782E8 SQR31?3              argc=0 site=7017C33E
gcalls seq=002975 caller=QUEST_SERVER target=701782E8 SQR31?3              argc=0 site=7017C33E
gcalls seq=002976 caller=QUEST_SERVER target=701782E8 SQR31?3              argc=0 site=7017C33E
gcalls seq=002977 caller=QUEST_SERVER target=701782E8 SQR31?3              argc=0 site=7017C33E
gcalls seq=002978 caller=QUEST_SERVER target=701782E8 SQR31?3              argc=0 site=7017C33E
gcalls seq=002979 caller=QUEST_SERVER target=701782E8 SQR31?3              argc=0 site=7017C33E
gcalls seq=002980 caller=QUEST_SERVER target=701782E8 SQR31?3              argc=0 site=7017C33E
gcalls seq=002981 caller=QUEST_SERVER target=701782E8 SQR31?3              argc=0 site=7017C33E
gcalls seq=002982 caller=QUEST_SERVER target=701782E8 SQR31?3              argc=0 site=7017C33E
gcalls seq=002983 caller=QUEST_SERVER target=701782E8 SQR31?3              argc=0 site=7017C33E
gcalls seq=002984 caller=QUEST_SERVER target=701782E8 SQR31?3              argc=0 site=7017C33E
gcalls seq=002985 caller=QUEST_SERVER target=701782E8 SQR31?3              argc=0 site=7017C33E
gcalls seq=002986 caller=QUEST_SERVER target=701782E8 SQR31?3              argc=0 site=7017C33E
gcalls seq=002987 caller=QUEST_SERVER target=701782E8 SQR31?3              argc=0 site=7017C33E
gcalls seq=002988 caller=QUEST_SERVER target=701782E8 SQR31?3              argc=0 site=7017C33E
gcalls seq=002989 caller=QUEST_SERVER target=701782E8 SQR31?3              argc=0 site=7017C33E
gcalls seq=002990 caller=QUEST_SERVER target=701782E8 SQR31?3              argc=0 site=7017C33E
gcalls seq=002991 caller=QUEST_SERVER target=701782E8 SQR31?3              argc=0 site=7017C33E
gcalls seq=002992 caller=QUEST_SERVER target=701782E8 SQR31?3              argc=0 site=7017C33E
gcalls seq=002993 caller=QUEST_SERVER target=701782E8 SQR31?3              argc=0 site=7017C33E
gcalls seq=002994 caller=QUEST_SERVER target=701782E8 SQR31?3              argc=0 site=7017C33E
gcalls seq=002995 caller=QUEST_SERVER target=701782E8 SQR31?3              argc=0 site=7017C33E
gcalls seq=002996 caller=QUEST_SERVER target=701782E8 SQR31?3              argc=0 site=7017C33E
gcalls seq=002997 caller=QUEST_SERVER target=701782E8 SQR31?3              argc=0 site=7017C33E
gcalls seq=002998 caller=QUEST_SERVER target=701782E8 SQR31?3              argc=0 site=7017C33E
gcalls seq=002999 caller=QUEST_SERVER target=701782E8 SQR31?3              argc=0 site=7017C33E
gcalls seq=003000 caller=QUEST_SERVER target=701782E8 SQR31?3              argc=0 site=7017C33E
gcalls seq=003001 caller=QUEST_SERVER target=701782E8 SQR31?3              argc=0 site=7017C33E
gcalls seq=003002 caller=QUEST_SERVER target=701782E8 SQR31?3              argc=0 site=7017C33E
gcalls seq=003003 caller=QUEST_SERVER target=701782E8 SQR31?3              argc=0 site=7017C33E
gcalls seq=003004 caller=QUEST_SERVER target=701782E8 SQR31?3              argc=0 site=7017C33E
gcalls seq=003005 caller=QUEST_SERVER target=701782E8 SQR31?3              argc=0 site=7017C33E
gcalls seq=003006 caller=QUEST_SERVER target=701782E8 SQR31?3              argc=0 site=7017C33E
gcalls seq=003007 caller=QUEST_SERVER target=701782E8 SQR31?3              argc=0 site=7017C33E
gcalls seq=003008 caller=QUEST_SERVER target=701782E8 SQR31?3              argc=0 site=7017C33E
gcalls seq=003009 caller=QUEST_SERVER target=701782E8 SQR31?3              argc=0 site=7017C33E
gcalls seq=003010 caller=QUEST_SERVER target=701782E8 SQR31?3              argc=0 site=7017C33E
gcalls seq=003011 caller=QUEST_SERVER target=701782E8 SQR31?3              argc=0 site=7017C33E
gcalls seq=003012 caller=QUEST_SERVER target=701782E8 SQR31?3              argc=0 site=7017C33E
gcalls seq=003013 caller=QUEST_SERVER target=701782E8 SQR31?3              argc=0 site=7017C33E
gcalls seq=003014 caller=QUEST_SERVER target=701782E8 SQR31?3              argc=0 site=7017C33E
gcalls seq=003015 caller=QUEST_SERVER target=701782E8 SQR31?3              argc=0 site=7017C33E
gcalls seq=003016 caller=QUEST_SERVER target=701782E8 SQR31?3              argc=0 site=7017C33E
gcalls seq=003017 caller=QUEST_SERVER target=701782E8 SQR31?3              argc=0 site=7017C33E
gcalls seq=003018 caller=QUEST_SERVER target=701782E8 SQR31?3              argc=0 site=7017C33E
gcalls seq=003019 caller=QUEST_SERVER target=701782E8 SQR31?3              argc=0 site=7017C33E
gcalls seq=003020 caller=QUEST_SERVER target=701782E8 SQR31?3              argc=0 site=7017C33E
gcalls seq=003021 caller=QUEST_SERVER target=701782E8 SQR31?3              argc=0 site=7017C33E
gcalls seq=003022 caller=QUEST_SERVER target=701782E8 SQR31?3              argc=0 site=7017C33E
gcalls seq=003023 caller=QUEST_SERVER target=701782E8 SQR31?3              argc=0 site=7017C33E
gcalls seq=003024 caller=QUEST_SERVER target=701782E8 SQR31?3              argc=0 site=7017C33E
gcalls seq=003025 caller=QUEST_SERVER target=701782E8 SQR31?3              argc=0 site=7017C33E
gcalls seq=003026 caller=QUEST_SERVER target=701782E8 SQR31?3              argc=0 site=7017C33E
gcalls seq=003027 caller=QUEST_SERVER target=701782E8 SQR31?3              argc=0 site=7017C33E
gcalls seq=003028 caller=QUEST_SERVER target=701782E8 SQR31?3              argc=0 site=7017C33E
gcalls seq=003029 caller=QUEST_SERVER target=701782E8 SQR31?3              argc=0 site=7017C33E
gcalls seq=003030 caller=QUEST_SERVER target=701782E8 SQR31?3              argc=0 site=7017C33E
gcalls seq=003031 caller=QUEST_SERVER target=701782E8 SQR31?3              argc=0 site=7017C33E
gcalls seq=003032 caller=QUEST_SERVER target=701782E8 SQR31?3              argc=0 site=7017C33E
gcalls seq=003033 caller=QUEST_SERVER target=701782E8 SQR31?3              argc=0 site=7017C33E
gcalls seq=003034 caller=QUEST_SERVER target=701782E8 SQR31?3              argc=0 site=7017C33E
gcalls seq=003035 caller=QUEST_SERVER target=701782E8 SQR31?3              argc=0 site=7017C33E
gcalls seq=003036 caller=QUEST_SERVER target=7017B501 PICK_X_Y             argc=2 site=7017AD25
gcalls seq=003037 caller=QUEST_SERVER target=7017C098 ROLL32               argc=0 site=7017E21A
gcalls seq=003038 caller=QUEST_SERVER target=7017C098 ROLL32               argc=0 site=7017E21A
gcalls seq=003039 caller=QUEST_SERVER target=7017C098 ROLL32               argc=0 site=7017E21A
gcalls seq=003040 caller=QUEST_SERVER target=70178F4D FIND_OBJECT          argc=3 site=7017AD2F
gcalls seq=003041 caller=QUEST_SERVER target=7017B501 PICK_X_Y             argc=2 site=7017AD25
gcalls seq=003042 caller=QUEST_SERVER target=7017C098 ROLL32               argc=0 site=7017E21A
gcalls seq=003043 caller=QUEST_SERVER target=7017C098 ROLL32               argc=0 site=7017E21A
gcalls seq=003044 caller=QUEST_SERVER target=7017C098 ROLL32               argc=0 site=7017E21A
gcalls seq=003045 caller=QUEST_SERVER target=7017C098 ROLL32               argc=0 site=7017E21A
gcalls seq=003046 caller=QUEST_SERVER target=70178F4D FIND_OBJECT          argc=3 site=7017AD2F
gcalls seq=003047 caller=QUEST_SERVER target=7017B501 PICK_X_Y             argc=2 site=7017AD25
gcalls seq=003048 caller=QUEST_SERVER target=7017C098 ROLL32               argc=0 site=7017E21A
gcalls seq=003049 caller=QUEST_SERVER target=7017C098 ROLL32               argc=0 site=7017E21A
gcalls seq=003050 caller=QUEST_SERVER target=7017C098 ROLL32               argc=0 site=7017E21A
gcalls seq=003051 caller=QUEST_SERVER target=70178F4D FIND_OBJECT          argc=3 site=7017AD2F
gcalls seq=003052 caller=QUEST_SERVER target=7017B501 PICK_X_Y             argc=2 site=7017AD25
gcalls seq=003053 caller=QUEST_SERVER target=7017C098 ROLL32               argc=0 site=7017E21A
gcalls seq=003054 caller=QUEST_SERVER target=7017C098 ROLL32               argc=0 site=7017E21A
gcalls seq=003055 caller=QUEST_SERVER target=7017C098 ROLL32               argc=0 site=7017E21A
gcalls seq=003056 caller=QUEST_SERVER target=70178F4D FIND_OBJECT          argc=3 site=7017AD2F
gcalls seq=003057 caller=QUEST_SERVER target=7017C13B TERRITORY            argc=6 site=7017AD41
gcalls seq=003058 caller=QUEST_SERVER target=701782E8 SQR31?3              argc=0 site=7017C33E
gcalls seq=003059 caller=QUEST_SERVER target=701782E8 SQR31?3              argc=0 site=7017C33E
gcalls seq=003060 caller=QUEST_SERVER target=701782E8 SQR31?3              argc=0 site=7017C33E
gcalls seq=003061 caller=QUEST_SERVER target=701782E8 SQR31?3              argc=0 site=7017C33E
gcalls seq=003062 caller=QUEST_SERVER target=701782E8 SQR31?3              argc=0 site=7017C33E
gcalls seq=003063 caller=QUEST_SERVER target=701782E8 SQR31?3              argc=0 site=7017C33E
gcalls seq=003064 caller=QUEST_SERVER target=701782E8 SQR31?3              argc=0 site=7017C33E
gcalls seq=003065 caller=QUEST_SERVER target=701782E8 SQR31?3              argc=0 site=7017C33E
gcalls seq=003066 caller=QUEST_SERVER target=701782E8 SQR31?3              argc=0 site=7017C33E
gcalls seq=003067 caller=QUEST_SERVER target=701782E8 SQR31?3              argc=0 site=7017C33E
gcalls seq=003068 caller=QUEST_SERVER target=701782E8 SQR31?3              argc=0 site=7017C33E
gcalls seq=003069 caller=QUEST_SERVER target=701782E8 SQR31?3              argc=0 site=7017C33E
gcalls seq=003070 caller=QUEST_SERVER target=701782E8 SQR31?3              argc=0 site=7017C33E
gcalls seq=003071 caller=QUEST_SERVER target=701782E8 SQR31?3              argc=0 site=7017C33E
gcalls seq=003072 caller=QUEST_SERVER target=701782E8 SQR31?3              argc=0 site=7017C33E
gcalls seq=003073 caller=QUEST_SERVER target=701782E8 SQR31?3              argc=0 site=7017C33E
gcalls seq=003074 caller=QUEST_SERVER target=701782E8 SQR31?3              argc=0 site=7017C33E
gcalls seq=003075 caller=QUEST_SERVER target=701782E8 SQR31?3              argc=0 site=7017C33E
gcalls seq=003076 caller=QUEST_SERVER target=701782E8 SQR31?3              argc=0 site=7017C33E
gcalls seq=003077 caller=QUEST_SERVER target=701782E8 SQR31?3              argc=0 site=7017C33E
gcalls seq=003078 caller=QUEST_SERVER target=701782E8 SQR31?3              argc=0 site=7017C33E
gcalls seq=003079 caller=QUEST_SERVER target=701782E8 SQR31?3              argc=0 site=7017C33E
gcalls seq=003080 caller=QUEST_SERVER target=701782E8 SQR31?3              argc=0 site=7017C33E
gcalls seq=003081 caller=QUEST_SERVER target=701782E8 SQR31?3              argc=0 site=7017C33E
gcalls seq=003082 caller=QUEST_SERVER target=701782E8 SQR31?3              argc=0 site=7017C33E
gcalls seq=003083 caller=QUEST_SERVER target=701782E8 SQR31?3              argc=0 site=7017C33E
gcalls seq=003084 caller=QUEST_SERVER target=701782E8 SQR31?3              argc=0 site=7017C33E
gcalls seq=003085 caller=QUEST_SERVER target=701782E8 SQR31?3              argc=0 site=7017C33E
gcalls seq=003086 caller=QUEST_SERVER target=701782E8 SQR31?3              argc=0 site=7017C33E
gcalls seq=003087 caller=QUEST_SERVER target=701782E8 SQR31?3              argc=0 site=7017C33E
gcalls seq=003088 caller=QUEST_SERVER target=701782E8 SQR31?3              argc=0 site=7017C33E
gcalls seq=003089 caller=QUEST_SERVER target=701782E8 SQR31?3              argc=0 site=7017C33E
gcalls seq=003090 caller=QUEST_SERVER target=701782E8 SQR31?3              argc=0 site=7017C33E
gcalls seq=003091 caller=QUEST_SERVER target=701782E8 SQR31?3              argc=0 site=7017C33E
gcalls seq=003092 caller=QUEST_SERVER target=701782E8 SQR31?3              argc=0 site=7017C33E
gcalls seq=003093 caller=QUEST_SERVER target=701782E8 SQR31?3              argc=0 site=7017C33E
gcalls seq=003094 caller=QUEST_SERVER target=701782E8 SQR31?3              argc=0 site=7017C33E
gcalls seq=003095 caller=QUEST_SERVER target=701782E8 SQR31?3              argc=0 site=7017C33E
gcalls seq=003096 caller=QUEST_SERVER target=701782E8 SQR31?3              argc=0 site=7017C33E
gcalls seq=003097 caller=QUEST_SERVER target=701782E8 SQR31?3              argc=0 site=7017C33E
gcalls seq=003098 caller=QUEST_SERVER target=701782E8 SQR31?3              argc=0 site=7017C33E
gcalls seq=003099 caller=QUEST_SERVER target=701782E8 SQR31?3              argc=0 site=7017C33E
gcalls seq=003100 caller=QUEST_SERVER target=701782E8 SQR31?3              argc=0 site=7017C33E
gcalls seq=003101 caller=QUEST_SERVER target=701782E8 SQR31?3              argc=0 site=7017C33E
gcalls seq=003102 caller=QUEST_SERVER target=701782E8 SQR31?3              argc=0 site=7017C33E
gcalls seq=003103 caller=QUEST_SERVER target=701782E8 SQR31?3              argc=0 site=7017C33E
gcalls seq=003104 caller=QUEST_SERVER target=701782E8 SQR31?3              argc=0 site=7017C33E
gcalls seq=003105 caller=QUEST_SERVER target=701782E8 SQR31?3              argc=0 site=7017C33E
gcalls seq=003106 caller=QUEST_SERVER target=701782E8 SQR31?3              argc=0 site=7017C33E
gcalls seq=003107 caller=QUEST_SERVER target=701782E8 SQR31?3              argc=0 site=7017C33E
gcalls seq=003108 caller=QUEST_SERVER target=701782E8 SQR31?3              argc=0 site=7017C33E
gcalls seq=003109 caller=QUEST_SERVER target=701782E8 SQR31?3              argc=0 site=7017C33E
gcalls seq=003110 caller=QUEST_SERVER target=701782E8 SQR31?3              argc=0 site=7017C33E
gcalls seq=003111 caller=QUEST_SERVER target=701782E8 SQR31?3              argc=0 site=7017C33E
gcalls seq=003112 caller=QUEST_SERVER target=701782E8 SQR31?3              argc=0 site=7017C33E
gcalls seq=003113 caller=QUEST_SERVER target=701782E8 SQR31?3              argc=0 site=7017C33E
gcalls seq=003114 caller=QUEST_SERVER target=701782E8 SQR31?3              argc=0 site=7017C33E
gcalls seq=003115 caller=QUEST_SERVER target=701782E8 SQR31?3              argc=0 site=7017C33E
gcalls seq=003116 caller=QUEST_SERVER target=701782E8 SQR31?3              argc=0 site=7017C33E
gcalls seq=003117 caller=QUEST_SERVER target=701782E8 SQR31?3              argc=0 site=7017C33E
gcalls seq=003118 caller=QUEST_SERVER target=701782E8 SQR31?3              argc=0 site=7017C33E
gcalls seq=003119 caller=QUEST_SERVER target=701782E8 SQR31?3              argc=0 site=7017C33E
gcalls seq=003120 caller=QUEST_SERVER target=701782E8 SQR31?3              argc=0 site=7017C33E
gcalls seq=003121 caller=QUEST_SERVER target=701782E8 SQR31?3              argc=0 site=7017C33E
gcalls seq=003122 caller=QUEST_SERVER target=701782E8 SQR31?3              argc=0 site=7017C33E
gcalls seq=003123 caller=QUEST_SERVER target=701782E8 SQR31?3              argc=0 site=7017C33E
gcalls seq=003124 caller=QUEST_SERVER target=701782E8 SQR31?3              argc=0 site=7017C33E
gcalls seq=003125 caller=QUEST_SERVER target=701782E8 SQR31?3              argc=0 site=7017C33E
gcalls seq=003126 caller=QUEST_SERVER target=701782E8 SQR31?3              argc=0 site=7017C33E
gcalls seq=003127 caller=QUEST_SERVER target=701782E8 SQR31?3              argc=0 site=7017C33E
gcalls seq=003128 caller=QUEST_SERVER target=701782E8 SQR31?3              argc=0 site=7017C33E
gcalls seq=003129 caller=QUEST_SERVER target=701782E8 SQR31?3              argc=0 site=7017C33E
gcalls seq=003130 caller=QUEST_SERVER target=701782E8 SQR31?3              argc=0 site=7017C33E
gcalls seq=003131 caller=QUEST_SERVER target=701782E8 SQR31?3              argc=0 site=7017C33E
gcalls seq=003132 caller=QUEST_SERVER target=701782E8 SQR31?3              argc=0 site=7017C33E
gcalls seq=003133 caller=QUEST_SERVER target=701782E8 SQR31?3              argc=0 site=7017C33E
gcalls seq=003134 caller=QUEST_SERVER target=701782E8 SQR31?3              argc=0 site=7017C33E
gcalls seq=003135 caller=QUEST_SERVER target=701782E8 SQR31?3              argc=0 site=7017C33E
gcalls seq=003136 caller=QUEST_SERVER target=701782E8 SQR31?3              argc=0 site=7017C33E
gcalls seq=003137 caller=QUEST_SERVER target=701782E8 SQR31?3              argc=0 site=7017C33E
gcalls seq=003138 caller=QUEST_SERVER target=701782E8 SQR31?3              argc=0 site=7017C33E
gcalls seq=003139 caller=QUEST_SERVER target=701782E8 SQR31?3              argc=0 site=7017C33E
gcalls seq=003140 caller=QUEST_SERVER target=701782E8 SQR31?3              argc=0 site=7017C33E
gcalls seq=003141 caller=QUEST_SERVER target=701782E8 SQR31?3              argc=0 site=7017C33E
gcalls seq=003142 caller=QUEST_SERVER target=701782E8 SQR31?3              argc=0 site=7017C33E
gcalls seq=003143 caller=QUEST_SERVER target=701782E8 SQR31?3              argc=0 site=7017C33E
gcalls seq=003144 caller=QUEST_SERVER target=701782E8 SQR31?3              argc=0 site=7017C33E
gcalls seq=003145 caller=QUEST_SERVER target=701782E8 SQR31?3              argc=0 site=7017C33E
gcalls seq=003146 caller=QUEST_SERVER target=701782E8 SQR31?3              argc=0 site=7017C33E
gcalls seq=003147 caller=QUEST_SERVER target=701782E8 SQR31?3              argc=0 site=7017C33E
gcalls seq=003148 caller=QUEST_SERVER target=701782E8 SQR31?3              argc=0 site=7017C33E
gcalls seq=003149 caller=QUEST_SERVER target=701782E8 SQR31?3              argc=0 site=7017C33E
gcalls seq=003150 caller=QUEST_SERVER target=701782E8 SQR31?3              argc=0 site=7017C33E
gcalls seq=003151 caller=QUEST_SERVER target=701782E8 SQR31?3              argc=0 site=7017C33E
gcalls seq=003152 caller=QUEST_SERVER target=701782E8 SQR31?3              argc=0 site=7017C33E
gcalls seq=003153 caller=QUEST_SERVER target=701782E8 SQR31?3              argc=0 site=7017C33E
gcalls seq=003154 caller=QUEST_SERVER target=701782E8 SQR31?3              argc=0 site=7017C33E
gcalls seq=003155 caller=QUEST_SERVER target=701782E8 SQR31?3              argc=0 site=7017C33E
gcalls seq=003156 caller=QUEST_SERVER target=701782E8 SQR31?3              argc=0 site=7017C33E
gcalls seq=003157 caller=QUEST_SERVER target=701782E8 SQR31?3              argc=0 site=7017C33E
gcalls seq=003158 caller=QUEST_SERVER target=701782E8 SQR31?3              argc=0 site=7017C33E
gcalls seq=003159 caller=QUEST_SERVER target=701782E8 SQR31?3              argc=0 site=7017C33E
gcalls seq=003160 caller=QUEST_SERVER target=701782E8 SQR31?3              argc=0 site=7017C33E
gcalls seq=003161 caller=QUEST_SERVER target=701782E8 SQR31?3              argc=0 site=7017C33E
gcalls seq=003162 caller=QUEST_SERVER target=701782E8 SQR31?3              argc=0 site=7017C33E
gcalls seq=003163 caller=QUEST_SERVER target=701782E8 SQR31?3              argc=0 site=7017C33E
gcalls seq=003164 caller=QUEST_SERVER target=701782E8 SQR31?3              argc=0 site=7017C33E
gcalls seq=003165 caller=QUEST_SERVER target=701782E8 SQR31?3              argc=0 site=7017C33E
gcalls seq=003166 caller=QUEST_SERVER target=701782E8 SQR31?3              argc=0 site=7017C33E
gcalls seq=003167 caller=QUEST_SERVER target=701782E8 SQR31?3              argc=0 site=7017C33E
gcalls seq=003168 caller=QUEST_SERVER target=701782E8 SQR31?3              argc=0 site=7017C33E
gcalls seq=003169 caller=QUEST_SERVER target=701782E8 SQR31?3              argc=0 site=7017C33E
gcalls seq=003170 caller=QUEST_SERVER target=701782E8 SQR31?3              argc=0 site=7017C33E
gcalls seq=003171 caller=QUEST_SERVER target=701782E8 SQR31?3              argc=0 site=7017C33E
gcalls seq=003172 caller=QUEST_SERVER target=701782E8 SQR31?3              argc=0 site=7017C33E
gcalls seq=003173 caller=QUEST_SERVER target=701782E8 SQR31?3              argc=0 site=7017C33E
gcalls seq=003174 caller=QUEST_SERVER target=7017B501 PICK_X_Y             argc=2 site=7017AD25
gcalls seq=003175 caller=QUEST_SERVER target=7017C098 ROLL32               argc=0 site=7017E21A
gcalls seq=003176 caller=QUEST_SERVER target=7017C098 ROLL32               argc=0 site=7017E21A
gcalls seq=003177 caller=QUEST_SERVER target=7017C098 ROLL32               argc=0 site=7017E21A
gcalls seq=003178 caller=QUEST_SERVER target=7017C098 ROLL32               argc=0 site=7017E21A
gcalls seq=003179 caller=QUEST_SERVER target=7017C098 ROLL32               argc=0 site=7017E21A
gcalls seq=003180 caller=QUEST_SERVER target=7017C098 ROLL32               argc=0 site=7017E21A
gcalls seq=003181 caller=QUEST_SERVER target=7017C098 ROLL32               argc=0 site=7017E21A
gcalls seq=003182 caller=QUEST_SERVER target=70178F4D FIND_OBJECT          argc=3 site=7017AD2F
gcalls seq=003183 caller=QUEST_SERVER target=7017C13B TERRITORY            argc=6 site=7017AD41
gcalls seq=003184 caller=QUEST_SERVER target=701782E8 SQR31?3              argc=0 site=7017C33E
gcalls seq=003185 caller=QUEST_SERVER target=701782E8 SQR31?3              argc=0 site=7017C33E
gcalls seq=003186 caller=QUEST_SERVER target=701782E8 SQR31?3              argc=0 site=7017C33E
gcalls seq=003187 caller=QUEST_SERVER target=701782E8 SQR31?3              argc=0 site=7017C33E
gcalls seq=003188 caller=QUEST_SERVER target=701782E8 SQR31?3              argc=0 site=7017C33E
gcalls seq=003189 caller=QUEST_SERVER target=701782E8 SQR31?3              argc=0 site=7017C33E
gcalls seq=003190 caller=QUEST_SERVER target=701782E8 SQR31?3              argc=0 site=7017C33E
gcalls seq=003191 caller=QUEST_SERVER target=701782E8 SQR31?3              argc=0 site=7017C33E
gcalls seq=003192 caller=QUEST_SERVER target=701782E8 SQR31?3              argc=0 site=7017C33E
gcalls seq=003193 caller=QUEST_SERVER target=701782E8 SQR31?3              argc=0 site=7017C33E
gcalls seq=003194 caller=QUEST_SERVER target=701782E8 SQR31?3              argc=0 site=7017C33E
gcalls seq=003195 caller=QUEST_SERVER target=701782E8 SQR31?3              argc=0 site=7017C33E
gcalls seq=003196 caller=QUEST_SERVER target=701782E8 SQR31?3              argc=0 site=7017C33E
gcalls seq=003197 caller=QUEST_SERVER target=701782E8 SQR31?3              argc=0 site=7017C33E
gcalls seq=003198 caller=QUEST_SERVER target=701782E8 SQR31?3              argc=0 site=7017C33E
gcalls seq=003199 caller=QUEST_SERVER target=701782E8 SQR31?3              argc=0 site=7017C33E
gcalls seq=003200 caller=QUEST_SERVER target=701782E8 SQR31?3              argc=0 site=7017C33E
gcalls seq=003201 caller=QUEST_SERVER target=701782E8 SQR31?3              argc=0 site=7017C33E
gcalls seq=003202 caller=QUEST_SERVER target=701782E8 SQR31?3              argc=0 site=7017C33E
gcalls seq=003203 caller=QUEST_SERVER target=701782E8 SQR31?3              argc=0 site=7017C33E
gcalls seq=003204 caller=QUEST_SERVER target=701782E8 SQR31?3              argc=0 site=7017C33E
gcalls seq=003205 caller=QUEST_SERVER target=701782E8 SQR31?3              argc=0 site=7017C33E
gcalls seq=003206 caller=QUEST_SERVER target=701782E8 SQR31?3              argc=0 site=7017C33E
gcalls seq=003207 caller=QUEST_SERVER target=701782E8 SQR31?3              argc=0 site=7017C33E
gcalls seq=003208 caller=QUEST_SERVER target=701782E8 SQR31?3              argc=0 site=7017C33E
gcalls seq=003209 caller=QUEST_SERVER target=701782E8 SQR31?3              argc=0 site=7017C33E
gcalls seq=003210 caller=QUEST_SERVER target=701782E8 SQR31?3              argc=0 site=7017C33E
gcalls seq=003211 caller=QUEST_SERVER target=701782E8 SQR31?3              argc=0 site=7017C33E
gcalls seq=003212 caller=QUEST_SERVER target=701782E8 SQR31?3              argc=0 site=7017C33E
gcalls seq=003213 caller=QUEST_SERVER target=701782E8 SQR31?3              argc=0 site=7017C33E
gcalls seq=003214 caller=QUEST_SERVER target=701782E8 SQR31?3              argc=0 site=7017C33E
gcalls seq=003215 caller=QUEST_SERVER target=701782E8 SQR31?3              argc=0 site=7017C33E
gcalls seq=003216 caller=QUEST_SERVER target=701782E8 SQR31?3              argc=0 site=7017C33E
gcalls seq=003217 caller=QUEST_SERVER target=701782E8 SQR31?3              argc=0 site=7017C33E
gcalls seq=003218 caller=QUEST_SERVER target=701782E8 SQR31?3              argc=0 site=7017C33E
gcalls seq=003219 caller=QUEST_SERVER target=701782E8 SQR31?3              argc=0 site=7017C33E
gcalls seq=003220 caller=QUEST_SERVER target=701782E8 SQR31?3              argc=0 site=7017C33E
gcalls seq=003221 caller=QUEST_SERVER target=701782E8 SQR31?3              argc=0 site=7017C33E
gcalls seq=003222 caller=QUEST_SERVER target=701782E8 SQR31?3              argc=0 site=7017C33E
gcalls seq=003223 caller=QUEST_SERVER target=701782E8 SQR31?3              argc=0 site=7017C33E
gcalls seq=003224 caller=QUEST_SERVER target=701782E8 SQR31?3              argc=0 site=7017C33E
gcalls seq=003225 caller=QUEST_SERVER target=701782E8 SQR31?3              argc=0 site=7017C33E
gcalls seq=003226 caller=QUEST_SERVER target=701782E8 SQR31?3              argc=0 site=7017C33E
gcalls seq=003227 caller=QUEST_SERVER target=701782E8 SQR31?3              argc=0 site=7017C33E
gcalls seq=003228 caller=QUEST_SERVER target=701782E8 SQR31?3              argc=0 site=7017C33E
gcalls seq=003229 caller=QUEST_SERVER target=701782E8 SQR31?3              argc=0 site=7017C33E
gcalls seq=003230 caller=QUEST_SERVER target=701782E8 SQR31?3              argc=0 site=7017C33E
gcalls seq=003231 caller=QUEST_SERVER target=701782E8 SQR31?3              argc=0 site=7017C33E
gcalls seq=003232 caller=QUEST_SERVER target=701782E8 SQR31?3              argc=0 site=7017C33E
gcalls seq=003233 caller=QUEST_SERVER target=701782E8 SQR31?3              argc=0 site=7017C33E
gcalls seq=003234 caller=QUEST_SERVER target=701782E8 SQR31?3              argc=0 site=7017C33E
gcalls seq=003235 caller=QUEST_SERVER target=701782E8 SQR31?3              argc=0 site=7017C33E
gcalls seq=003236 caller=QUEST_SERVER target=701782E8 SQR31?3              argc=0 site=7017C33E
gcalls seq=003237 caller=QUEST_SERVER target=701782E8 SQR31?3              argc=0 site=7017C33E
gcalls seq=003238 caller=QUEST_SERVER target=701782E8 SQR31?3              argc=0 site=7017C33E
gcalls seq=003239 caller=QUEST_SERVER target=701782E8 SQR31?3              argc=0 site=7017C33E
gcalls seq=003240 caller=QUEST_SERVER target=701782E8 SQR31?3              argc=0 site=7017C33E
gcalls seq=003241 caller=QUEST_SERVER target=701782E8 SQR31?3              argc=0 site=7017C33E
gcalls seq=003242 caller=QUEST_SERVER target=701782E8 SQR31?3              argc=0 site=7017C33E
gcalls seq=003243 caller=QUEST_SERVER target=701782E8 SQR31?3              argc=0 site=7017C33E
gcalls seq=003244 caller=QUEST_SERVER target=701782E8 SQR31?3              argc=0 site=7017C33E
gcalls seq=003245 caller=QUEST_SERVER target=701782E8 SQR31?3              argc=0 site=7017C33E
gcalls seq=003246 caller=QUEST_SERVER target=701782E8 SQR31?3              argc=0 site=7017C33E
gcalls seq=003247 caller=QUEST_SERVER target=701782E8 SQR31?3              argc=0 site=7017C33E
gcalls seq=003248 caller=QUEST_SERVER target=701782E8 SQR31?3              argc=0 site=7017C33E
gcalls seq=003249 caller=QUEST_SERVER target=701782E8 SQR31?3              argc=0 site=7017C33E
gcalls seq=003250 caller=QUEST_SERVER target=701782E8 SQR31?3              argc=0 site=7017C33E
gcalls seq=003251 caller=QUEST_SERVER target=701782E8 SQR31?3              argc=0 site=7017C33E
gcalls seq=003252 caller=QUEST_SERVER target=701782E8 SQR31?3              argc=0 site=7017C33E
gcalls seq=003253 caller=QUEST_SERVER target=701782E8 SQR31?3              argc=0 site=7017C33E
gcalls seq=003254 caller=QUEST_SERVER target=701782E8 SQR31?3              argc=0 site=7017C33E
gcalls seq=003255 caller=QUEST_SERVER target=701782E8 SQR31?3              argc=0 site=7017C33E
gcalls seq=003256 caller=QUEST_SERVER target=701782E8 SQR31?3              argc=0 site=7017C33E
gcalls seq=003257 caller=QUEST_SERVER target=701782E8 SQR31?3              argc=0 site=7017C33E
gcalls seq=003258 caller=QUEST_SERVER target=701782E8 SQR31?3              argc=0 site=7017C33E
gcalls seq=003259 caller=QUEST_SERVER target=701782E8 SQR31?3              argc=0 site=7017C33E
gcalls seq=003260 caller=QUEST_SERVER target=701782E8 SQR31?3              argc=0 site=7017C33E
gcalls seq=003261 caller=QUEST_SERVER target=701782E8 SQR31?3              argc=0 site=7017C33E
gcalls seq=003262 caller=QUEST_SERVER target=701782E8 SQR31?3              argc=0 site=7017C33E
gcalls seq=003263 caller=QUEST_SERVER target=701782E8 SQR31?3              argc=0 site=7017C33E
gcalls seq=003264 caller=QUEST_SERVER target=701782E8 SQR31?3              argc=0 site=7017C33E
gcalls seq=003265 caller=QUEST_SERVER target=701782E8 SQR31?3              argc=0 site=7017C33E
gcalls seq=003266 caller=QUEST_SERVER target=701782E8 SQR31?3              argc=0 site=7017C33E
gcalls seq=003267 caller=QUEST_SERVER target=701782E8 SQR31?3              argc=0 site=7017C33E
gcalls seq=003268 caller=QUEST_SERVER target=701782E8 SQR31?3              argc=0 site=7017C33E
gcalls seq=003269 caller=QUEST_SERVER target=701782E8 SQR31?3              argc=0 site=7017C33E
gcalls seq=003270 caller=QUEST_SERVER target=701782E8 SQR31?3              argc=0 site=7017C33E
gcalls seq=003271 caller=QUEST_SERVER target=701782E8 SQR31?3              argc=0 site=7017C33E
gcalls seq=003272 caller=QUEST_SERVER target=701782E8 SQR31?3              argc=0 site=7017C33E
gcalls seq=003273 caller=QUEST_SERVER target=701782E8 SQR31?3              argc=0 site=7017C33E
gcalls seq=003274 caller=QUEST_SERVER target=701782E8 SQR31?3              argc=0 site=7017C33E
gcalls seq=003275 caller=QUEST_SERVER target=701782E8 SQR31?3              argc=0 site=7017C33E
gcalls seq=003276 caller=QUEST_SERVER target=701782E8 SQR31?3              argc=0 site=7017C33E
gcalls seq=003277 caller=QUEST_SERVER target=701782E8 SQR31?3              argc=0 site=7017C33E
gcalls seq=003278 caller=QUEST_SERVER target=701782E8 SQR31?3              argc=0 site=7017C33E
gcalls seq=003279 caller=QUEST_SERVER target=701782E8 SQR31?3              argc=0 site=7017C33E
gcalls seq=003280 caller=QUEST_SERVER target=701782E8 SQR31?3              argc=0 site=7017C33E
gcalls seq=003281 caller=QUEST_SERVER target=701782E8 SQR31?3              argc=0 site=7017C33E
gcalls seq=003282 caller=QUEST_SERVER target=701782E8 SQR31?3              argc=0 site=7017C33E
gcalls seq=003283 caller=QUEST_SERVER target=701782E8 SQR31?3              argc=0 site=7017C33E
gcalls seq=003284 caller=QUEST_SERVER target=701782E8 SQR31?3              argc=0 site=7017C33E
gcalls seq=003285 caller=QUEST_SERVER target=701782E8 SQR31?3              argc=0 site=7017C33E
gcalls seq=003286 caller=QUEST_SERVER target=701782E8 SQR31?3              argc=0 site=7017C33E
gcalls seq=003287 caller=QUEST_SERVER target=701782E8 SQR31?3              argc=0 site=7017C33E
gcalls seq=003288 caller=QUEST_SERVER target=701782E8 SQR31?3              argc=0 site=7017C33E
gcalls seq=003289 caller=QUEST_SERVER target=701782E8 SQR31?3              argc=0 site=7017C33E
gcalls seq=003290 caller=QUEST_SERVER target=701782E8 SQR31?3              argc=0 site=7017C33E
gcalls seq=003291 caller=QUEST_SERVER target=701782E8 SQR31?3              argc=0 site=7017C33E
gcalls seq=003292 caller=QUEST_SERVER target=701782E8 SQR31?3              argc=0 site=7017C33E
gcalls seq=003293 caller=QUEST_SERVER target=701782E8 SQR31?3              argc=0 site=7017C33E
gcalls seq=003294 caller=QUEST_SERVER target=701782E8 SQR31?3              argc=0 site=7017C33E
gcalls seq=003295 caller=QUEST_SERVER target=701782E8 SQR31?3              argc=0 site=7017C33E
gcalls seq=003296 caller=QUEST_SERVER target=701782E8 SQR31?3              argc=0 site=7017C33E
gcalls seq=003297 caller=QUEST_SERVER target=701782E8 SQR31?3              argc=0 site=7017C33E
gcalls seq=003298 caller=QUEST_SERVER target=701782E8 SQR31?3              argc=0 site=7017C33E
gcalls seq=003299 caller=QUEST_SERVER target=701782E8 SQR31?3              argc=0 site=7017C33E
gcalls seq=003300 caller=QUEST_SERVER target=7017B501 PICK_X_Y             argc=2 site=7017AD25
gcalls seq=003301 caller=QUEST_SERVER target=7017C098 ROLL32               argc=0 site=7017E21A
gcalls seq=003302 caller=QUEST_SERVER target=7017C098 ROLL32               argc=0 site=7017E21A
gcalls seq=003303 caller=QUEST_SERVER target=7017C098 ROLL32               argc=0 site=7017E21A
gcalls seq=003304 caller=QUEST_SERVER target=7017C098 ROLL32               argc=0 site=7017E21A
gcalls seq=003305 caller=QUEST_SERVER target=7017C098 ROLL32               argc=0 site=7017E21A
gcalls seq=003306 caller=QUEST_SERVER target=7017C098 ROLL32               argc=0 site=7017E21A
gcalls seq=003307 caller=QUEST_SERVER target=7017C098 ROLL32               argc=0 site=7017E21A
gcalls seq=003308 caller=QUEST_SERVER target=7017C098 ROLL32               argc=0 site=7017E21A
gcalls seq=003309 caller=QUEST_SERVER target=70178F4D FIND_OBJECT          argc=3 site=7017AD2F
gcalls seq=003310 caller=QUEST_SERVER target=7017C13B TERRITORY            argc=6 site=7017AD41
gcalls seq=003311 caller=QUEST_SERVER target=701782E8 SQR31?3              argc=0 site=7017C33E
gcalls seq=003312 caller=QUEST_SERVER target=701782E8 SQR31?3              argc=0 site=7017C33E
gcalls seq=003313 caller=QUEST_SERVER target=701782E8 SQR31?3              argc=0 site=7017C33E
gcalls seq=003314 caller=QUEST_SERVER target=701782E8 SQR31?3              argc=0 site=7017C33E
gcalls seq=003315 caller=QUEST_SERVER target=701782E8 SQR31?3              argc=0 site=7017C33E
gcalls seq=003316 caller=QUEST_SERVER target=701782E8 SQR31?3              argc=0 site=7017C33E
gcalls seq=003317 caller=QUEST_SERVER target=701782E8 SQR31?3              argc=0 site=7017C33E
gcalls seq=003318 caller=QUEST_SERVER target=701782E8 SQR31?3              argc=0 site=7017C33E
gcalls seq=003319 caller=QUEST_SERVER target=701782E8 SQR31?3              argc=0 site=7017C33E
gcalls seq=003320 caller=QUEST_SERVER target=701782E8 SQR31?3              argc=0 site=7017C33E
gcalls seq=003321 caller=QUEST_SERVER target=701782E8 SQR31?3              argc=0 site=7017C33E
gcalls seq=003322 caller=QUEST_SERVER target=701782E8 SQR31?3              argc=0 site=7017C33E
gcalls seq=003323 caller=QUEST_SERVER target=701782E8 SQR31?3              argc=0 site=7017C33E
gcalls seq=003324 caller=QUEST_SERVER target=701782E8 SQR31?3              argc=0 site=7017C33E
gcalls seq=003325 caller=QUEST_SERVER target=701782E8 SQR31?3              argc=0 site=7017C33E
gcalls seq=003326 caller=QUEST_SERVER target=701782E8 SQR31?3              argc=0 site=7017C33E
gcalls seq=003327 caller=QUEST_SERVER target=701782E8 SQR31?3              argc=0 site=7017C33E
gcalls seq=003328 caller=QUEST_SERVER target=701782E8 SQR31?3              argc=0 site=7017C33E
gcalls seq=003329 caller=QUEST_SERVER target=701782E8 SQR31?3              argc=0 site=7017C33E
gcalls seq=003330 caller=QUEST_SERVER target=701782E8 SQR31?3              argc=0 site=7017C33E
gcalls seq=003331 caller=QUEST_SERVER target=701782E8 SQR31?3              argc=0 site=7017C33E
gcalls seq=003332 caller=QUEST_SERVER target=701782E8 SQR31?3              argc=0 site=7017C33E
gcalls seq=003333 caller=QUEST_SERVER target=701782E8 SQR31?3              argc=0 site=7017C33E
gcalls seq=003334 caller=QUEST_SERVER target=701782E8 SQR31?3              argc=0 site=7017C33E
gcalls seq=003335 caller=QUEST_SERVER target=701782E8 SQR31?3              argc=0 site=7017C33E
gcalls seq=003336 caller=QUEST_SERVER target=701782E8 SQR31?3              argc=0 site=7017C33E
gcalls seq=003337 caller=QUEST_SERVER target=701782E8 SQR31?3              argc=0 site=7017C33E
gcalls seq=003338 caller=QUEST_SERVER target=701782E8 SQR31?3              argc=0 site=7017C33E
gcalls seq=003339 caller=QUEST_SERVER target=701782E8 SQR31?3              argc=0 site=7017C33E
gcalls seq=003340 caller=QUEST_SERVER target=701782E8 SQR31?3              argc=0 site=7017C33E
gcalls seq=003341 caller=QUEST_SERVER target=701782E8 SQR31?3              argc=0 site=7017C33E
gcalls seq=003342 caller=QUEST_SERVER target=701782E8 SQR31?3              argc=0 site=7017C33E
gcalls seq=003343 caller=QUEST_SERVER target=701782E8 SQR31?3              argc=0 site=7017C33E
gcalls seq=003344 caller=QUEST_SERVER target=701782E8 SQR31?3              argc=0 site=7017C33E
gcalls seq=003345 caller=QUEST_SERVER target=701782E8 SQR31?3              argc=0 site=7017C33E
gcalls seq=003346 caller=QUEST_SERVER target=701782E8 SQR31?3              argc=0 site=7017C33E
gcalls seq=003347 caller=QUEST_SERVER target=701782E8 SQR31?3              argc=0 site=7017C33E
gcalls seq=003348 caller=QUEST_SERVER target=701782E8 SQR31?3              argc=0 site=7017C33E
gcalls seq=003349 caller=QUEST_SERVER target=701782E8 SQR31?3              argc=0 site=7017C33E
gcalls seq=003350 caller=QUEST_SERVER target=701782E8 SQR31?3              argc=0 site=7017C33E
gcalls seq=003351 caller=QUEST_SERVER target=701782E8 SQR31?3              argc=0 site=7017C33E
gcalls seq=003352 caller=QUEST_SERVER target=701782E8 SQR31?3              argc=0 site=7017C33E
gcalls seq=003353 caller=QUEST_SERVER target=701782E8 SQR31?3              argc=0 site=7017C33E
gcalls seq=003354 caller=QUEST_SERVER target=701782E8 SQR31?3              argc=0 site=7017C33E
gcalls seq=003355 caller=QUEST_SERVER target=701782E8 SQR31?3              argc=0 site=7017C33E
gcalls seq=003356 caller=QUEST_SERVER target=701782E8 SQR31?3              argc=0 site=7017C33E
gcalls seq=003357 caller=QUEST_SERVER target=701782E8 SQR31?3              argc=0 site=7017C33E
gcalls seq=003358 caller=QUEST_SERVER target=701782E8 SQR31?3              argc=0 site=7017C33E
gcalls seq=003359 caller=QUEST_SERVER target=701782E8 SQR31?3              argc=0 site=7017C33E
gcalls seq=003360 caller=QUEST_SERVER target=701782E8 SQR31?3              argc=0 site=7017C33E
gcalls seq=003361 caller=QUEST_SERVER target=701782E8 SQR31?3              argc=0 site=7017C33E
gcalls seq=003362 caller=QUEST_SERVER target=701782E8 SQR31?3              argc=0 site=7017C33E
gcalls seq=003363 caller=QUEST_SERVER target=701782E8 SQR31?3              argc=0 site=7017C33E
gcalls seq=003364 caller=QUEST_SERVER target=701782E8 SQR31?3              argc=0 site=7017C33E
gcalls seq=003365 caller=QUEST_SERVER target=701782E8 SQR31?3              argc=0 site=7017C33E
gcalls seq=003366 caller=QUEST_SERVER target=701782E8 SQR31?3              argc=0 site=7017C33E
gcalls seq=003367 caller=QUEST_SERVER target=701782E8 SQR31?3              argc=0 site=7017C33E
gcalls seq=003368 caller=QUEST_SERVER target=701782E8 SQR31?3              argc=0 site=7017C33E
gcalls seq=003369 caller=QUEST_SERVER target=701782E8 SQR31?3              argc=0 site=7017C33E
gcalls seq=003370 caller=QUEST_SERVER target=701782E8 SQR31?3              argc=0 site=7017C33E
gcalls seq=003371 caller=QUEST_SERVER target=701782E8 SQR31?3              argc=0 site=7017C33E
gcalls seq=003372 caller=QUEST_SERVER target=701782E8 SQR31?3              argc=0 site=7017C33E
gcalls seq=003373 caller=QUEST_SERVER target=701782E8 SQR31?3              argc=0 site=7017C33E
gcalls seq=003374 caller=QUEST_SERVER target=701782E8 SQR31?3              argc=0 site=7017C33E
gcalls seq=003375 caller=QUEST_SERVER target=701782E8 SQR31?3              argc=0 site=7017C33E
gcalls seq=003376 caller=QUEST_SERVER target=701782E8 SQR31?3              argc=0 site=7017C33E
gcalls seq=003377 caller=QUEST_SERVER target=701782E8 SQR31?3              argc=0 site=7017C33E
gcalls seq=003378 caller=QUEST_SERVER target=701782E8 SQR31?3              argc=0 site=7017C33E
gcalls seq=003379 caller=QUEST_SERVER target=701782E8 SQR31?3              argc=0 site=7017C33E
gcalls seq=003380 caller=QUEST_SERVER target=701782E8 SQR31?3              argc=0 site=7017C33E
gcalls seq=003381 caller=QUEST_SERVER target=701782E8 SQR31?3              argc=0 site=7017C33E
gcalls seq=003382 caller=QUEST_SERVER target=701782E8 SQR31?3              argc=0 site=7017C33E
gcalls seq=003383 caller=QUEST_SERVER target=701782E8 SQR31?3              argc=0 site=7017C33E
gcalls seq=003384 caller=QUEST_SERVER target=701782E8 SQR31?3              argc=0 site=7017C33E
gcalls seq=003385 caller=QUEST_SERVER target=701782E8 SQR31?3              argc=0 site=7017C33E
gcalls seq=003386 caller=QUEST_SERVER target=701782E8 SQR31?3              argc=0 site=7017C33E
gcalls seq=003387 caller=QUEST_SERVER target=701782E8 SQR31?3              argc=0 site=7017C33E
gcalls seq=003388 caller=QUEST_SERVER target=701782E8 SQR31?3              argc=0 site=7017C33E
gcalls seq=003389 caller=QUEST_SERVER target=701782E8 SQR31?3              argc=0 site=7017C33E
gcalls seq=003390 caller=QUEST_SERVER target=701782E8 SQR31?3              argc=0 site=7017C33E
gcalls seq=003391 caller=QUEST_SERVER target=701782E8 SQR31?3              argc=0 site=7017C33E
gcalls seq=003392 caller=QUEST_SERVER target=701782E8 SQR31?3              argc=0 site=7017C33E
gcalls seq=003393 caller=QUEST_SERVER target=701782E8 SQR31?3              argc=0 site=7017C33E
gcalls seq=003394 caller=QUEST_SERVER target=701782E8 SQR31?3              argc=0 site=7017C33E
gcalls seq=003395 caller=QUEST_SERVER target=701782E8 SQR31?3              argc=0 site=7017C33E
gcalls seq=003396 caller=QUEST_SERVER target=701782E8 SQR31?3              argc=0 site=7017C33E
gcalls seq=003397 caller=QUEST_SERVER target=701782E8 SQR31?3              argc=0 site=7017C33E
gcalls seq=003398 caller=QUEST_SERVER target=701782E8 SQR31?3              argc=0 site=7017C33E
gcalls seq=003399 caller=QUEST_SERVER target=701782E8 SQR31?3              argc=0 site=7017C33E
gcalls seq=003400 caller=QUEST_SERVER target=701782E8 SQR31?3              argc=0 site=7017C33E
gcalls seq=003401 caller=QUEST_SERVER target=701782E8 SQR31?3              argc=0 site=7017C33E
gcalls seq=003402 caller=QUEST_SERVER target=701782E8 SQR31?3              argc=0 site=7017C33E
gcalls seq=003403 caller=QUEST_SERVER target=701782E8 SQR31?3              argc=0 site=7017C33E
gcalls seq=003404 caller=QUEST_SERVER target=701782E8 SQR31?3              argc=0 site=7017C33E
gcalls seq=003405 caller=QUEST_SERVER target=701782E8 SQR31?3              argc=0 site=7017C33E
gcalls seq=003406 caller=QUEST_SERVER target=701782E8 SQR31?3              argc=0 site=7017C33E
gcalls seq=003407 caller=QUEST_SERVER target=701782E8 SQR31?3              argc=0 site=7017C33E
gcalls seq=003408 caller=QUEST_SERVER target=701782E8 SQR31?3              argc=0 site=7017C33E
gcalls seq=003409 caller=QUEST_SERVER target=701782E8 SQR31?3              argc=0 site=7017C33E
gcalls seq=003410 caller=QUEST_SERVER target=701782E8 SQR31?3              argc=0 site=7017C33E
gcalls seq=003411 caller=QUEST_SERVER target=701782E8 SQR31?3              argc=0 site=7017C33E
gcalls seq=003412 caller=QUEST_SERVER target=701782E8 SQR31?3              argc=0 site=7017C33E
gcalls seq=003413 caller=QUEST_SERVER target=701782E8 SQR31?3              argc=0 site=7017C33E
gcalls seq=003414 caller=QUEST_SERVER target=701782E8 SQR31?3              argc=0 site=7017C33E
gcalls seq=003415 caller=QUEST_SERVER target=701782E8 SQR31?3              argc=0 site=7017C33E
gcalls seq=003416 caller=QUEST_SERVER target=701782E8 SQR31?3              argc=0 site=7017C33E
gcalls seq=003417 caller=QUEST_SERVER target=701782E8 SQR31?3              argc=0 site=7017C33E
gcalls seq=003418 caller=QUEST_SERVER target=701782E8 SQR31?3              argc=0 site=7017C33E
gcalls seq=003419 caller=QUEST_SERVER target=701782E8 SQR31?3              argc=0 site=7017C33E
gcalls seq=003420 caller=QUEST_SERVER target=701782E8 SQR31?3              argc=0 site=7017C33E
gcalls seq=003421 caller=QUEST_SERVER target=701782E8 SQR31?3              argc=0 site=7017C33E
gcalls seq=003422 caller=QUEST_SERVER target=701782E8 SQR31?3              argc=0 site=7017C33E
gcalls seq=003423 caller=QUEST_SERVER target=701782E8 SQR31?3              argc=0 site=7017C33E
gcalls seq=003424 caller=QUEST_SERVER target=701782E8 SQR31?3              argc=0 site=7017C33E
gcalls seq=003425 caller=QUEST_SERVER target=701782E8 SQR31?3              argc=0 site=7017C33E
gcalls seq=003426 caller=QUEST_SERVER target=701782E8 SQR31?3              argc=0 site=7017C33E
gcalls seq=003427 caller=QUEST_SERVER target=7017B501 PICK_X_Y             argc=2 site=7017AD25
gcalls seq=003428 caller=QUEST_SERVER target=7017C098 ROLL32               argc=0 site=7017E21A
gcalls seq=003429 caller=QUEST_SERVER target=7017C098 ROLL32               argc=0 site=7017E21A
gcalls seq=003430 caller=QUEST_SERVER target=7017C098 ROLL32               argc=0 site=7017E21A
gcalls seq=003431 caller=QUEST_SERVER target=7017C098 ROLL32               argc=0 site=7017E21A
gcalls seq=003432 caller=QUEST_SERVER target=7017C098 ROLL32               argc=0 site=7017E21A
gcalls seq=003433 caller=QUEST_SERVER target=70178F4D FIND_OBJECT          argc=3 site=7017AD2F
gcalls seq=003434 caller=QUEST_SERVER target=7017C13B TERRITORY            argc=6 site=7017AD41
gcalls seq=003435 caller=QUEST_SERVER target=701782E8 SQR31?3              argc=0 site=7017C33E
gcalls seq=003436 caller=QUEST_SERVER target=701782E8 SQR31?3              argc=0 site=7017C33E
gcalls seq=003437 caller=QUEST_SERVER target=701782E8 SQR31?3              argc=0 site=7017C33E
gcalls seq=003438 caller=QUEST_SERVER target=701782E8 SQR31?3              argc=0 site=7017C33E
gcalls seq=003439 caller=QUEST_SERVER target=701782E8 SQR31?3              argc=0 site=7017C33E
gcalls seq=003440 caller=QUEST_SERVER target=701782E8 SQR31?3              argc=0 site=7017C33E
gcalls seq=003441 caller=QUEST_SERVER target=701782E8 SQR31?3              argc=0 site=7017C33E
gcalls seq=003442 caller=QUEST_SERVER target=701782E8 SQR31?3              argc=0 site=7017C33E
gcalls seq=003443 caller=QUEST_SERVER target=701782E8 SQR31?3              argc=0 site=7017C33E
gcalls seq=003444 caller=QUEST_SERVER target=701782E8 SQR31?3              argc=0 site=7017C33E
gcalls seq=003445 caller=QUEST_SERVER target=701782E8 SQR31?3              argc=0 site=7017C33E
gcalls seq=003446 caller=QUEST_SERVER target=701782E8 SQR31?3              argc=0 site=7017C33E
gcalls seq=003447 caller=QUEST_SERVER target=701782E8 SQR31?3              argc=0 site=7017C33E
gcalls seq=003448 caller=QUEST_SERVER target=701782E8 SQR31?3              argc=0 site=7017C33E
gcalls seq=003449 caller=QUEST_SERVER target=701782E8 SQR31?3              argc=0 site=7017C33E
gcalls seq=003450 caller=QUEST_SERVER target=701782E8 SQR31?3              argc=0 site=7017C33E
gcalls seq=003451 caller=QUEST_SERVER target=701782E8 SQR31?3              argc=0 site=7017C33E
gcalls seq=003452 caller=QUEST_SERVER target=701782E8 SQR31?3              argc=0 site=7017C33E
gcalls seq=003453 caller=QUEST_SERVER target=701782E8 SQR31?3              argc=0 site=7017C33E
gcalls seq=003454 caller=QUEST_SERVER target=701782E8 SQR31?3              argc=0 site=7017C33E
gcalls seq=003455 caller=QUEST_SERVER target=701782E8 SQR31?3              argc=0 site=7017C33E
gcalls seq=003456 caller=QUEST_SERVER target=701782E8 SQR31?3              argc=0 site=7017C33E
gcalls seq=003457 caller=QUEST_SERVER target=701782E8 SQR31?3              argc=0 site=7017C33E
gcalls seq=003458 caller=QUEST_SERVER target=701782E8 SQR31?3              argc=0 site=7017C33E
gcalls seq=003459 caller=QUEST_SERVER target=701782E8 SQR31?3              argc=0 site=7017C33E
gcalls seq=003460 caller=QUEST_SERVER target=701782E8 SQR31?3              argc=0 site=7017C33E
gcalls seq=003461 caller=QUEST_SERVER target=701782E8 SQR31?3              argc=0 site=7017C33E
gcalls seq=003462 caller=QUEST_SERVER target=701782E8 SQR31?3              argc=0 site=7017C33E
gcalls seq=003463 caller=QUEST_SERVER target=701782E8 SQR31?3              argc=0 site=7017C33E
gcalls seq=003464 caller=QUEST_SERVER target=701782E8 SQR31?3              argc=0 site=7017C33E
gcalls seq=003465 caller=QUEST_SERVER target=701782E8 SQR31?3              argc=0 site=7017C33E
gcalls seq=003466 caller=QUEST_SERVER target=701782E8 SQR31?3              argc=0 site=7017C33E
gcalls seq=003467 caller=QUEST_SERVER target=701782E8 SQR31?3              argc=0 site=7017C33E
gcalls seq=003468 caller=QUEST_SERVER target=701782E8 SQR31?3              argc=0 site=7017C33E
gcalls seq=003469 caller=QUEST_SERVER target=701782E8 SQR31?3              argc=0 site=7017C33E
gcalls seq=003470 caller=QUEST_SERVER target=701782E8 SQR31?3              argc=0 site=7017C33E
gcalls seq=003471 caller=QUEST_SERVER target=701782E8 SQR31?3              argc=0 site=7017C33E
gcalls seq=003472 caller=QUEST_SERVER target=701782E8 SQR31?3              argc=0 site=7017C33E
gcalls seq=003473 caller=QUEST_SERVER target=701782E8 SQR31?3              argc=0 site=7017C33E
gcalls seq=003474 caller=QUEST_SERVER target=701782E8 SQR31?3              argc=0 site=7017C33E
gcalls seq=003475 caller=QUEST_SERVER target=701782E8 SQR31?3              argc=0 site=7017C33E
gcalls seq=003476 caller=QUEST_SERVER target=701782E8 SQR31?3              argc=0 site=7017C33E
gcalls seq=003477 caller=QUEST_SERVER target=701782E8 SQR31?3              argc=0 site=7017C33E
gcalls seq=003478 caller=QUEST_SERVER target=701782E8 SQR31?3              argc=0 site=7017C33E
gcalls seq=003479 caller=QUEST_SERVER target=701782E8 SQR31?3              argc=0 site=7017C33E
gcalls seq=003480 caller=QUEST_SERVER target=701782E8 SQR31?3              argc=0 site=7017C33E
gcalls seq=003481 caller=QUEST_SERVER target=701782E8 SQR31?3              argc=0 site=7017C33E
gcalls seq=003482 caller=QUEST_SERVER target=701782E8 SQR31?3              argc=0 site=7017C33E
gcalls seq=003483 caller=QUEST_SERVER target=701782E8 SQR31?3              argc=0 site=7017C33E
gcalls seq=003484 caller=QUEST_SERVER target=701782E8 SQR31?3              argc=0 site=7017C33E
gcalls seq=003485 caller=QUEST_SERVER target=701782E8 SQR31?3              argc=0 site=7017C33E
gcalls seq=003486 caller=QUEST_SERVER target=701782E8 SQR31?3              argc=0 site=7017C33E
gcalls seq=003487 caller=QUEST_SERVER target=701782E8 SQR31?3              argc=0 site=7017C33E
gcalls seq=003488 caller=QUEST_SERVER target=701782E8 SQR31?3              argc=0 site=7017C33E
gcalls seq=003489 caller=QUEST_SERVER target=701782E8 SQR31?3              argc=0 site=7017C33E
gcalls seq=003490 caller=QUEST_SERVER target=701782E8 SQR31?3              argc=0 site=7017C33E
gcalls seq=003491 caller=QUEST_SERVER target=701782E8 SQR31?3              argc=0 site=7017C33E
gcalls seq=003492 caller=QUEST_SERVER target=701782E8 SQR31?3              argc=0 site=7017C33E
gcalls seq=003493 caller=QUEST_SERVER target=701782E8 SQR31?3              argc=0 site=7017C33E
gcalls seq=003494 caller=QUEST_SERVER target=701782E8 SQR31?3              argc=0 site=7017C33E
gcalls seq=003495 caller=QUEST_SERVER target=701782E8 SQR31?3              argc=0 site=7017C33E
gcalls seq=003496 caller=QUEST_SERVER target=701782E8 SQR31?3              argc=0 site=7017C33E
gcalls seq=003497 caller=QUEST_SERVER target=701782E8 SQR31?3              argc=0 site=7017C33E
gcalls seq=003498 caller=QUEST_SERVER target=701782E8 SQR31?3              argc=0 site=7017C33E
gcalls seq=003499 caller=QUEST_SERVER target=701782E8 SQR31?3              argc=0 site=7017C33E
gcalls seq=003500 caller=QUEST_SERVER target=701782E8 SQR31?3              argc=0 site=7017C33E
gcalls seq=003501 caller=QUEST_SERVER target=701782E8 SQR31?3              argc=0 site=7017C33E
gcalls seq=003502 caller=QUEST_SERVER target=701782E8 SQR31?3              argc=0 site=7017C33E
gcalls seq=003503 caller=QUEST_SERVER target=701782E8 SQR31?3              argc=0 site=7017C33E
gcalls seq=003504 caller=QUEST_SERVER target=701782E8 SQR31?3              argc=0 site=7017C33E
gcalls seq=003505 caller=QUEST_SERVER target=701782E8 SQR31?3              argc=0 site=7017C33E
gcalls seq=003506 caller=QUEST_SERVER target=701782E8 SQR31?3              argc=0 site=7017C33E
gcalls seq=003507 caller=QUEST_SERVER target=701782E8 SQR31?3              argc=0 site=7017C33E
gcalls seq=003508 caller=QUEST_SERVER target=701782E8 SQR31?3              argc=0 site=7017C33E
gcalls seq=003509 caller=QUEST_SERVER target=701782E8 SQR31?3              argc=0 site=7017C33E
gcalls seq=003510 caller=QUEST_SERVER target=701782E8 SQR31?3              argc=0 site=7017C33E
gcalls seq=003511 caller=QUEST_SERVER target=701782E8 SQR31?3              argc=0 site=7017C33E
gcalls seq=003512 caller=QUEST_SERVER target=701782E8 SQR31?3              argc=0 site=7017C33E
gcalls seq=003513 caller=QUEST_SERVER target=701782E8 SQR31?3              argc=0 site=7017C33E
gcalls seq=003514 caller=QUEST_SERVER target=701782E8 SQR31?3              argc=0 site=7017C33E
gcalls seq=003515 caller=QUEST_SERVER target=701782E8 SQR31?3              argc=0 site=7017C33E
gcalls seq=003516 caller=QUEST_SERVER target=701782E8 SQR31?3              argc=0 site=7017C33E
gcalls seq=003517 caller=QUEST_SERVER target=701782E8 SQR31?3              argc=0 site=7017C33E
gcalls seq=003518 caller=QUEST_SERVER target=701782E8 SQR31?3              argc=0 site=7017C33E
gcalls seq=003519 caller=QUEST_SERVER target=701782E8 SQR31?3              argc=0 site=7017C33E
gcalls seq=003520 caller=QUEST_SERVER target=701782E8 SQR31?3              argc=0 site=7017C33E
gcalls seq=003521 caller=QUEST_SERVER target=701782E8 SQR31?3              argc=0 site=7017C33E
gcalls seq=003522 caller=QUEST_SERVER target=701782E8 SQR31?3              argc=0 site=7017C33E
gcalls seq=003523 caller=QUEST_SERVER target=701782E8 SQR31?3              argc=0 site=7017C33E
gcalls seq=003524 caller=QUEST_SERVER target=701782E8 SQR31?3              argc=0 site=7017C33E
gcalls seq=003525 caller=QUEST_SERVER target=701782E8 SQR31?3              argc=0 site=7017C33E
gcalls seq=003526 caller=QUEST_SERVER target=701782E8 SQR31?3              argc=0 site=7017C33E
gcalls seq=003527 caller=QUEST_SERVER target=701782E8 SQR31?3              argc=0 site=7017C33E
gcalls seq=003528 caller=QUEST_SERVER target=701782E8 SQR31?3              argc=0 site=7017C33E
gcalls seq=003529 caller=QUEST_SERVER target=701782E8 SQR31?3              argc=0 site=7017C33E
gcalls seq=003530 caller=QUEST_SERVER target=701782E8 SQR31?3              argc=0 site=7017C33E
gcalls seq=003531 caller=QUEST_SERVER target=701782E8 SQR31?3              argc=0 site=7017C33E
gcalls seq=003532 caller=QUEST_SERVER target=701782E8 SQR31?3              argc=0 site=7017C33E
gcalls seq=003533 caller=QUEST_SERVER target=701782E8 SQR31?3              argc=0 site=7017C33E
gcalls seq=003534 caller=QUEST_SERVER target=701782E8 SQR31?3              argc=0 site=7017C33E
gcalls seq=003535 caller=QUEST_SERVER target=701782E8 SQR31?3              argc=0 site=7017C33E
gcalls seq=003536 caller=QUEST_SERVER target=701782E8 SQR31?3              argc=0 site=7017C33E
gcalls seq=003537 caller=QUEST_SERVER target=701782E8 SQR31?3              argc=0 site=7017C33E
gcalls seq=003538 caller=QUEST_SERVER target=701782E8 SQR31?3              argc=0 site=7017C33E
gcalls seq=003539 caller=QUEST_SERVER target=701782E8 SQR31?3              argc=0 site=7017C33E
gcalls seq=003540 caller=QUEST_SERVER target=701782E8 SQR31?3              argc=0 site=7017C33E
gcalls seq=003541 caller=QUEST_SERVER target=701782E8 SQR31?3              argc=0 site=7017C33E
gcalls seq=003542 caller=QUEST_SERVER target=701782E8 SQR31?3              argc=0 site=7017C33E
gcalls seq=003543 caller=QUEST_SERVER target=701782E8 SQR31?3              argc=0 site=7017C33E
gcalls seq=003544 caller=QUEST_SERVER target=701782E8 SQR31?3              argc=0 site=7017C33E
gcalls seq=003545 caller=QUEST_SERVER target=701782E8 SQR31?3              argc=0 site=7017C33E
gcalls seq=003546 caller=QUEST_SERVER target=701782E8 SQR31?3              argc=0 site=7017C33E
gcalls seq=003547 caller=QUEST_SERVER target=701782E8 SQR31?3              argc=0 site=7017C33E
gcalls seq=003548 caller=QUEST_SERVER target=701782E8 SQR31?3              argc=0 site=7017C33E
gcalls seq=003549 caller=QUEST_SERVER target=701782E8 SQR31?3              argc=0 site=7017C33E
gcalls seq=003550 caller=QUEST_SERVER target=701782E8 SQR31?3              argc=0 site=7017C33E
gcalls seq=003551 caller=QUEST_SERVER target=7017B501 PICK_X_Y             argc=2 site=7017AD25
gcalls seq=003552 caller=QUEST_SERVER target=7017C098 ROLL32               argc=0 site=7017E21A
gcalls seq=003553 caller=QUEST_SERVER target=7017C098 ROLL32               argc=0 site=7017E21A
gcalls seq=003554 caller=QUEST_SERVER target=7017C098 ROLL32               argc=0 site=7017E21A
gcalls seq=003555 caller=QUEST_SERVER target=70178F4D FIND_OBJECT          argc=3 site=7017AD2F
gcalls seq=003556 caller=QUEST_SERVER target=7017C13B TERRITORY            argc=6 site=7017AD41
gcalls seq=003557 caller=QUEST_SERVER target=701782E8 SQR31?3              argc=0 site=7017C33E
gcalls seq=003558 caller=QUEST_SERVER target=701782E8 SQR31?3              argc=0 site=7017C33E
gcalls seq=003559 caller=QUEST_SERVER target=701782E8 SQR31?3              argc=0 site=7017C33E
gcalls seq=003560 caller=QUEST_SERVER target=701782E8 SQR31?3              argc=0 site=7017C33E
gcalls seq=003561 caller=QUEST_SERVER target=701782E8 SQR31?3              argc=0 site=7017C33E
gcalls seq=003562 caller=QUEST_SERVER target=701782E8 SQR31?3              argc=0 site=7017C33E
gcalls seq=003563 caller=QUEST_SERVER target=701782E8 SQR31?3              argc=0 site=7017C33E
gcalls seq=003564 caller=QUEST_SERVER target=701782E8 SQR31?3              argc=0 site=7017C33E
gcalls seq=003565 caller=QUEST_SERVER target=701782E8 SQR31?3              argc=0 site=7017C33E
gcalls seq=003566 caller=QUEST_SERVER target=701782E8 SQR31?3              argc=0 site=7017C33E
gcalls seq=003567 caller=QUEST_SERVER target=701782E8 SQR31?3              argc=0 site=7017C33E
gcalls seq=003568 caller=QUEST_SERVER target=701782E8 SQR31?3              argc=0 site=7017C33E
gcalls seq=003569 caller=QUEST_SERVER target=701782E8 SQR31?3              argc=0 site=7017C33E
gcalls seq=003570 caller=QUEST_SERVER target=701782E8 SQR31?3              argc=0 site=7017C33E
gcalls seq=003571 caller=QUEST_SERVER target=701782E8 SQR31?3              argc=0 site=7017C33E
gcalls seq=003572 caller=QUEST_SERVER target=701782E8 SQR31?3              argc=0 site=7017C33E
gcalls seq=003573 caller=QUEST_SERVER target=701782E8 SQR31?3              argc=0 site=7017C33E
gcalls seq=003574 caller=QUEST_SERVER target=701782E8 SQR31?3              argc=0 site=7017C33E
gcalls seq=003575 caller=QUEST_SERVER target=701782E8 SQR31?3              argc=0 site=7017C33E
gcalls seq=003576 caller=QUEST_SERVER target=701782E8 SQR31?3              argc=0 site=7017C33E
gcalls seq=003577 caller=QUEST_SERVER target=701782E8 SQR31?3              argc=0 site=7017C33E
gcalls seq=003578 caller=QUEST_SERVER target=701782E8 SQR31?3              argc=0 site=7017C33E
gcalls seq=003579 caller=QUEST_SERVER target=701782E8 SQR31?3              argc=0 site=7017C33E
gcalls seq=003580 caller=QUEST_SERVER target=701782E8 SQR31?3              argc=0 site=7017C33E
gcalls seq=003581 caller=QUEST_SERVER target=701782E8 SQR31?3              argc=0 site=7017C33E
gcalls seq=003582 caller=QUEST_SERVER target=701782E8 SQR31?3              argc=0 site=7017C33E
gcalls seq=003583 caller=QUEST_SERVER target=701782E8 SQR31?3              argc=0 site=7017C33E
gcalls seq=003584 caller=QUEST_SERVER target=701782E8 SQR31?3              argc=0 site=7017C33E
gcalls seq=003585 caller=QUEST_SERVER target=701782E8 SQR31?3              argc=0 site=7017C33E
gcalls seq=003586 caller=QUEST_SERVER target=701782E8 SQR31?3              argc=0 site=7017C33E
gcalls seq=003587 caller=QUEST_SERVER target=701782E8 SQR31?3              argc=0 site=7017C33E
gcalls seq=003588 caller=QUEST_SERVER target=701782E8 SQR31?3              argc=0 site=7017C33E
gcalls seq=003589 caller=QUEST_SERVER target=701782E8 SQR31?3              argc=0 site=7017C33E
gcalls seq=003590 caller=QUEST_SERVER target=701782E8 SQR31?3              argc=0 site=7017C33E
gcalls seq=003591 caller=QUEST_SERVER target=701782E8 SQR31?3              argc=0 site=7017C33E
gcalls seq=003592 caller=QUEST_SERVER target=701782E8 SQR31?3              argc=0 site=7017C33E
gcalls seq=003593 caller=QUEST_SERVER target=701782E8 SQR31?3              argc=0 site=7017C33E
gcalls seq=003594 caller=QUEST_SERVER target=701782E8 SQR31?3              argc=0 site=7017C33E
gcalls seq=003595 caller=QUEST_SERVER target=701782E8 SQR31?3              argc=0 site=7017C33E
gcalls seq=003596 caller=QUEST_SERVER target=701782E8 SQR31?3              argc=0 site=7017C33E
gcalls seq=003597 caller=QUEST_SERVER target=701782E8 SQR31?3              argc=0 site=7017C33E
gcalls seq=003598 caller=QUEST_SERVER target=701782E8 SQR31?3              argc=0 site=7017C33E
gcalls seq=003599 caller=QUEST_SERVER target=701782E8 SQR31?3              argc=0 site=7017C33E
gcalls seq=003600 caller=QUEST_SERVER target=701782E8 SQR31?3              argc=0 site=7017C33E
gcalls seq=003601 caller=QUEST_SERVER target=701782E8 SQR31?3              argc=0 site=7017C33E
gcalls seq=003602 caller=QUEST_SERVER target=701782E8 SQR31?3              argc=0 site=7017C33E
gcalls seq=003603 caller=QUEST_SERVER target=701782E8 SQR31?3              argc=0 site=7017C33E
gcalls seq=003604 caller=QUEST_SERVER target=701782E8 SQR31?3              argc=0 site=7017C33E
gcalls seq=003605 caller=QUEST_SERVER target=701782E8 SQR31?3              argc=0 site=7017C33E
gcalls seq=003606 caller=QUEST_SERVER target=701782E8 SQR31?3              argc=0 site=7017C33E
gcalls seq=003607 caller=QUEST_SERVER target=701782E8 SQR31?3              argc=0 site=7017C33E
gcalls seq=003608 caller=QUEST_SERVER target=701782E8 SQR31?3              argc=0 site=7017C33E
gcalls seq=003609 caller=QUEST_SERVER target=701782E8 SQR31?3              argc=0 site=7017C33E
gcalls seq=003610 caller=QUEST_SERVER target=701782E8 SQR31?3              argc=0 site=7017C33E
gcalls seq=003611 caller=QUEST_SERVER target=701782E8 SQR31?3              argc=0 site=7017C33E
gcalls seq=003612 caller=QUEST_SERVER target=701782E8 SQR31?3              argc=0 site=7017C33E
gcalls seq=003613 caller=QUEST_SERVER target=701782E8 SQR31?3              argc=0 site=7017C33E
gcalls seq=003614 caller=QUEST_SERVER target=701782E8 SQR31?3              argc=0 site=7017C33E
gcalls seq=003615 caller=QUEST_SERVER target=701782E8 SQR31?3              argc=0 site=7017C33E
gcalls seq=003616 caller=QUEST_SERVER target=701782E8 SQR31?3              argc=0 site=7017C33E
gcalls seq=003617 caller=QUEST_SERVER target=701782E8 SQR31?3              argc=0 site=7017C33E
gcalls seq=003618 caller=QUEST_SERVER target=701782E8 SQR31?3              argc=0 site=7017C33E
gcalls seq=003619 caller=QUEST_SERVER target=701782E8 SQR31?3              argc=0 site=7017C33E
gcalls seq=003620 caller=QUEST_SERVER target=701782E8 SQR31?3              argc=0 site=7017C33E
gcalls seq=003621 caller=QUEST_SERVER target=701782E8 SQR31?3              argc=0 site=7017C33E
gcalls seq=003622 caller=QUEST_SERVER target=701782E8 SQR31?3              argc=0 site=7017C33E
gcalls seq=003623 caller=QUEST_SERVER target=701782E8 SQR31?3              argc=0 site=7017C33E
gcalls seq=003624 caller=QUEST_SERVER target=701782E8 SQR31?3              argc=0 site=7017C33E
gcalls seq=003625 caller=QUEST_SERVER target=701782E8 SQR31?3              argc=0 site=7017C33E
gcalls seq=003626 caller=QUEST_SERVER target=701782E8 SQR31?3              argc=0 site=7017C33E
gcalls seq=003627 caller=QUEST_SERVER target=701782E8 SQR31?3              argc=0 site=7017C33E
gcalls seq=003628 caller=QUEST_SERVER target=701782E8 SQR31?3              argc=0 site=7017C33E
gcalls seq=003629 caller=QUEST_SERVER target=701782E8 SQR31?3              argc=0 site=7017C33E
gcalls seq=003630 caller=QUEST_SERVER target=701782E8 SQR31?3              argc=0 site=7017C33E
gcalls seq=003631 caller=QUEST_SERVER target=701782E8 SQR31?3              argc=0 site=7017C33E
gcalls seq=003632 caller=QUEST_SERVER target=701782E8 SQR31?3              argc=0 site=7017C33E
gcalls seq=003633 caller=QUEST_SERVER target=701782E8 SQR31?3              argc=0 site=7017C33E
gcalls seq=003634 caller=QUEST_SERVER target=701782E8 SQR31?3              argc=0 site=7017C33E
gcalls seq=003635 caller=QUEST_SERVER target=701782E8 SQR31?3              argc=0 site=7017C33E
gcalls seq=003636 caller=QUEST_SERVER target=701782E8 SQR31?3              argc=0 site=7017C33E
gcalls seq=003637 caller=QUEST_SERVER target=701782E8 SQR31?3              argc=0 site=7017C33E
gcalls seq=003638 caller=QUEST_SERVER target=701782E8 SQR31?3              argc=0 site=7017C33E
gcalls seq=003639 caller=QUEST_SERVER target=701782E8 SQR31?3              argc=0 site=7017C33E
gcalls seq=003640 caller=QUEST_SERVER target=701782E8 SQR31?3              argc=0 site=7017C33E
gcalls seq=003641 caller=QUEST_SERVER target=701782E8 SQR31?3              argc=0 site=7017C33E
gcalls seq=003642 caller=QUEST_SERVER target=701782E8 SQR31?3              argc=0 site=7017C33E
gcalls seq=003643 caller=QUEST_SERVER target=701782E8 SQR31?3              argc=0 site=7017C33E
gcalls seq=003644 caller=QUEST_SERVER target=701782E8 SQR31?3              argc=0 site=7017C33E
gcalls seq=003645 caller=QUEST_SERVER target=701782E8 SQR31?3              argc=0 site=7017C33E
gcalls seq=003646 caller=QUEST_SERVER target=701782E8 SQR31?3              argc=0 site=7017C33E
gcalls seq=003647 caller=QUEST_SERVER target=701782E8 SQR31?3              argc=0 site=7017C33E
gcalls seq=003648 caller=QUEST_SERVER target=701782E8 SQR31?3              argc=0 site=7017C33E
gcalls seq=003649 caller=QUEST_SERVER target=701782E8 SQR31?3              argc=0 site=7017C33E
gcalls seq=003650 caller=QUEST_SERVER target=701782E8 SQR31?3              argc=0 site=7017C33E
gcalls seq=003651 caller=QUEST_SERVER target=701782E8 SQR31?3              argc=0 site=7017C33E
gcalls seq=003652 caller=QUEST_SERVER target=701782E8 SQR31?3              argc=0 site=7017C33E
gcalls seq=003653 caller=QUEST_SERVER target=701782E8 SQR31?3              argc=0 site=7017C33E
gcalls seq=003654 caller=QUEST_SERVER target=701782E8 SQR31?3              argc=0 site=7017C33E
gcalls seq=003655 caller=QUEST_SERVER target=701782E8 SQR31?3              argc=0 site=7017C33E
gcalls seq=003656 caller=QUEST_SERVER target=701782E8 SQR31?3              argc=0 site=7017C33E
gcalls seq=003657 caller=QUEST_SERVER target=701782E8 SQR31?3              argc=0 site=7017C33E
gcalls seq=003658 caller=QUEST_SERVER target=701782E8 SQR31?3              argc=0 site=7017C33E
gcalls seq=003659 caller=QUEST_SERVER target=701782E8 SQR31?3              argc=0 site=7017C33E
gcalls seq=003660 caller=QUEST_SERVER target=701782E8 SQR31?3              argc=0 site=7017C33E
gcalls seq=003661 caller=QUEST_SERVER target=701782E8 SQR31?3              argc=0 site=7017C33E
gcalls seq=003662 caller=QUEST_SERVER target=701782E8 SQR31?3              argc=0 site=7017C33E
gcalls seq=003663 caller=QUEST_SERVER target=701782E8 SQR31?3              argc=0 site=7017C33E
gcalls seq=003664 caller=QUEST_SERVER target=701782E8 SQR31?3              argc=0 site=7017C33E
gcalls seq=003665 caller=QUEST_SERVER target=701782E8 SQR31?3              argc=0 site=7017C33E
gcalls seq=003666 caller=QUEST_SERVER target=701782E8 SQR31?3              argc=0 site=7017C33E
gcalls seq=003667 caller=QUEST_SERVER target=701782E8 SQR31?3              argc=0 site=7017C33E
gcalls seq=003668 caller=QUEST_SERVER target=701782E8 SQR31?3              argc=0 site=7017C33E
gcalls seq=003669 caller=QUEST_SERVER target=701782E8 SQR31?3              argc=0 site=7017C33E
gcalls seq=003670 caller=QUEST_SERVER target=701782E8 SQR31?3              argc=0 site=7017C33E
gcalls seq=003671 caller=QUEST_SERVER target=701782E8 SQR31?3              argc=0 site=7017C33E
gcalls seq=003672 caller=QUEST_SERVER target=701782E8 SQR31?3              argc=0 site=7017C33E
gcalls seq=003673 caller=QUEST_SERVER target=7017B501 PICK_X_Y             argc=2 site=7017AD25
gcalls seq=003674 caller=QUEST_SERVER target=7017C098 ROLL32               argc=0 site=7017E21A
gcalls seq=003675 caller=QUEST_SERVER target=7017C098 ROLL32               argc=0 site=7017E21A
gcalls seq=003676 caller=QUEST_SERVER target=7017C098 ROLL32               argc=0 site=7017E21A
gcalls seq=003677 caller=QUEST_SERVER target=7017C098 ROLL32               argc=0 site=7017E21A
gcalls seq=003678 caller=QUEST_SERVER target=70178F4D FIND_OBJECT          argc=3 site=7017AD2F
gcalls seq=003679 caller=QUEST_SERVER target=7017C13B TERRITORY            argc=6 site=7017AD41
gcalls seq=003680 caller=QUEST_SERVER target=701782E8 SQR31?3              argc=0 site=7017C33E
gcalls seq=003681 caller=QUEST_SERVER target=701782E8 SQR31?3              argc=0 site=7017C33E
gcalls seq=003682 caller=QUEST_SERVER target=701782E8 SQR31?3              argc=0 site=7017C33E
gcalls seq=003683 caller=QUEST_SERVER target=701782E8 SQR31?3              argc=0 site=7017C33E
gcalls seq=003684 caller=QUEST_SERVER target=701782E8 SQR31?3              argc=0 site=7017C33E
gcalls seq=003685 caller=QUEST_SERVER target=701782E8 SQR31?3              argc=0 site=7017C33E
gcalls seq=003686 caller=QUEST_SERVER target=701782E8 SQR31?3              argc=0 site=7017C33E
gcalls seq=003687 caller=QUEST_SERVER target=701782E8 SQR31?3              argc=0 site=7017C33E
gcalls seq=003688 caller=QUEST_SERVER target=701782E8 SQR31?3              argc=0 site=7017C33E
gcalls seq=003689 caller=QUEST_SERVER target=701782E8 SQR31?3              argc=0 site=7017C33E
gcalls seq=003690 caller=QUEST_SERVER target=701782E8 SQR31?3              argc=0 site=7017C33E
gcalls seq=003691 caller=QUEST_SERVER target=701782E8 SQR31?3              argc=0 site=7017C33E
gcalls seq=003692 caller=QUEST_SERVER target=701782E8 SQR31?3              argc=0 site=7017C33E
gcalls seq=003693 caller=QUEST_SERVER target=701782E8 SQR31?3              argc=0 site=7017C33E
gcalls seq=003694 caller=QUEST_SERVER target=701782E8 SQR31?3              argc=0 site=7017C33E
gcalls seq=003695 caller=QUEST_SERVER target=701782E8 SQR31?3              argc=0 site=7017C33E
gcalls seq=003696 caller=QUEST_SERVER target=701782E8 SQR31?3              argc=0 site=7017C33E
gcalls seq=003697 caller=QUEST_SERVER target=701782E8 SQR31?3              argc=0 site=7017C33E
gcalls seq=003698 caller=QUEST_SERVER target=701782E8 SQR31?3              argc=0 site=7017C33E
gcalls seq=003699 caller=QUEST_SERVER target=701782E8 SQR31?3              argc=0 site=7017C33E
gcalls seq=003700 caller=QUEST_SERVER target=701782E8 SQR31?3              argc=0 site=7017C33E
gcalls seq=003701 caller=QUEST_SERVER target=701782E8 SQR31?3              argc=0 site=7017C33E
gcalls seq=003702 caller=QUEST_SERVER target=701782E8 SQR31?3              argc=0 site=7017C33E
gcalls seq=003703 caller=QUEST_SERVER target=701782E8 SQR31?3              argc=0 site=7017C33E
gcalls seq=003704 caller=QUEST_SERVER target=701782E8 SQR31?3              argc=0 site=7017C33E
gcalls seq=003705 caller=QUEST_SERVER target=701782E8 SQR31?3              argc=0 site=7017C33E
gcalls seq=003706 caller=QUEST_SERVER target=701782E8 SQR31?3              argc=0 site=7017C33E
gcalls seq=003707 caller=QUEST_SERVER target=701782E8 SQR31?3              argc=0 site=7017C33E
gcalls seq=003708 caller=QUEST_SERVER target=701782E8 SQR31?3              argc=0 site=7017C33E
gcalls seq=003709 caller=QUEST_SERVER target=701782E8 SQR31?3              argc=0 site=7017C33E
gcalls seq=003710 caller=QUEST_SERVER target=701782E8 SQR31?3              argc=0 site=7017C33E
gcalls seq=003711 caller=QUEST_SERVER target=701782E8 SQR31?3              argc=0 site=7017C33E
gcalls seq=003712 caller=QUEST_SERVER target=701782E8 SQR31?3              argc=0 site=7017C33E
gcalls seq=003713 caller=QUEST_SERVER target=701782E8 SQR31?3              argc=0 site=7017C33E
gcalls seq=003714 caller=QUEST_SERVER target=701782E8 SQR31?3              argc=0 site=7017C33E
gcalls seq=003715 caller=QUEST_SERVER target=701782E8 SQR31?3              argc=0 site=7017C33E
gcalls seq=003716 caller=QUEST_SERVER target=701782E8 SQR31?3              argc=0 site=7017C33E
gcalls seq=003717 caller=QUEST_SERVER target=701782E8 SQR31?3              argc=0 site=7017C33E
gcalls seq=003718 caller=QUEST_SERVER target=701782E8 SQR31?3              argc=0 site=7017C33E
gcalls seq=003719 caller=QUEST_SERVER target=701782E8 SQR31?3              argc=0 site=7017C33E
gcalls seq=003720 caller=QUEST_SERVER target=701782E8 SQR31?3              argc=0 site=7017C33E
gcalls seq=003721 caller=QUEST_SERVER target=701782E8 SQR31?3              argc=0 site=7017C33E
gcalls seq=003722 caller=QUEST_SERVER target=701782E8 SQR31?3              argc=0 site=7017C33E
gcalls seq=003723 caller=QUEST_SERVER target=701782E8 SQR31?3              argc=0 site=7017C33E
gcalls seq=003724 caller=QUEST_SERVER target=701782E8 SQR31?3              argc=0 site=7017C33E
gcalls seq=003725 caller=QUEST_SERVER target=701782E8 SQR31?3              argc=0 site=7017C33E
gcalls seq=003726 caller=QUEST_SERVER target=701782E8 SQR31?3              argc=0 site=7017C33E
gcalls seq=003727 caller=QUEST_SERVER target=701782E8 SQR31?3              argc=0 site=7017C33E
gcalls seq=003728 caller=QUEST_SERVER target=701782E8 SQR31?3              argc=0 site=7017C33E
gcalls seq=003729 caller=QUEST_SERVER target=701782E8 SQR31?3              argc=0 site=7017C33E
gcalls seq=003730 caller=QUEST_SERVER target=701782E8 SQR31?3              argc=0 site=7017C33E
gcalls seq=003731 caller=QUEST_SERVER target=701782E8 SQR31?3              argc=0 site=7017C33E
gcalls seq=003732 caller=QUEST_SERVER target=701782E8 SQR31?3              argc=0 site=7017C33E
gcalls seq=003733 caller=QUEST_SERVER target=701782E8 SQR31?3              argc=0 site=7017C33E
gcalls seq=003734 caller=QUEST_SERVER target=701782E8 SQR31?3              argc=0 site=7017C33E
gcalls seq=003735 caller=QUEST_SERVER target=701782E8 SQR31?3              argc=0 site=7017C33E
gcalls seq=003736 caller=QUEST_SERVER target=701782E8 SQR31?3              argc=0 site=7017C33E
gcalls seq=003737 caller=QUEST_SERVER target=701782E8 SQR31?3              argc=0 site=7017C33E
gcalls seq=003738 caller=QUEST_SERVER target=701782E8 SQR31?3              argc=0 site=7017C33E
gcalls seq=003739 caller=QUEST_SERVER target=701782E8 SQR31?3              argc=0 site=7017C33E
gcalls seq=003740 caller=QUEST_SERVER target=701782E8 SQR31?3              argc=0 site=7017C33E
gcalls seq=003741 caller=QUEST_SERVER target=701782E8 SQR31?3              argc=0 site=7017C33E
gcalls seq=003742 caller=QUEST_SERVER target=701782E8 SQR31?3              argc=0 site=7017C33E
gcalls seq=003743 caller=QUEST_SERVER target=701782E8 SQR31?3              argc=0 site=7017C33E
gcalls seq=003744 caller=QUEST_SERVER target=701782E8 SQR31?3              argc=0 site=7017C33E
gcalls seq=003745 caller=QUEST_SERVER target=701782E8 SQR31?3              argc=0 site=7017C33E
gcalls seq=003746 caller=QUEST_SERVER target=701782E8 SQR31?3              argc=0 site=7017C33E
gcalls seq=003747 caller=QUEST_SERVER target=701782E8 SQR31?3              argc=0 site=7017C33E
gcalls seq=003748 caller=QUEST_SERVER target=701782E8 SQR31?3              argc=0 site=7017C33E
gcalls seq=003749 caller=QUEST_SERVER target=701782E8 SQR31?3              argc=0 site=7017C33E
gcalls seq=003750 caller=QUEST_SERVER target=701782E8 SQR31?3              argc=0 site=7017C33E
gcalls seq=003751 caller=QUEST_SERVER target=701782E8 SQR31?3              argc=0 site=7017C33E
gcalls seq=003752 caller=QUEST_SERVER target=701782E8 SQR31?3              argc=0 site=7017C33E
gcalls seq=003753 caller=QUEST_SERVER target=701782E8 SQR31?3              argc=0 site=7017C33E
gcalls seq=003754 caller=QUEST_SERVER target=701782E8 SQR31?3              argc=0 site=7017C33E
gcalls seq=003755 caller=QUEST_SERVER target=701782E8 SQR31?3              argc=0 site=7017C33E
gcalls seq=003756 caller=QUEST_SERVER target=701782E8 SQR31?3              argc=0 site=7017C33E
gcalls seq=003757 caller=QUEST_SERVER target=701782E8 SQR31?3              argc=0 site=7017C33E
gcalls seq=003758 caller=QUEST_SERVER target=701782E8 SQR31?3              argc=0 site=7017C33E
gcalls seq=003759 caller=QUEST_SERVER target=701782E8 SQR31?3              argc=0 site=7017C33E
gcalls seq=003760 caller=QUEST_SERVER target=701782E8 SQR31?3              argc=0 site=7017C33E
gcalls seq=003761 caller=QUEST_SERVER target=701782E8 SQR31?3              argc=0 site=7017C33E
gcalls seq=003762 caller=QUEST_SERVER target=701782E8 SQR31?3              argc=0 site=7017C33E
gcalls seq=003763 caller=QUEST_SERVER target=701782E8 SQR31?3              argc=0 site=7017C33E
gcalls seq=003764 caller=QUEST_SERVER target=701782E8 SQR31?3              argc=0 site=7017C33E
gcalls seq=003765 caller=QUEST_SERVER target=701782E8 SQR31?3              argc=0 site=7017C33E
gcalls seq=003766 caller=QUEST_SERVER target=701782E8 SQR31?3              argc=0 site=7017C33E
gcalls seq=003767 caller=QUEST_SERVER target=701782E8 SQR31?3              argc=0 site=7017C33E
gcalls seq=003768 caller=QUEST_SERVER target=701782E8 SQR31?3              argc=0 site=7017C33E
gcalls seq=003769 caller=QUEST_SERVER target=701782E8 SQR31?3              argc=0 site=7017C33E
gcalls seq=003770 caller=QUEST_SERVER target=701782E8 SQR31?3              argc=0 site=7017C33E
gcalls seq=003771 caller=QUEST_SERVER target=701782E8 SQR31?3              argc=0 site=7017C33E
gcalls seq=003772 caller=QUEST_SERVER target=701782E8 SQR31?3              argc=0 site=7017C33E
gcalls seq=003773 caller=QUEST_SERVER target=701782E8 SQR31?3              argc=0 site=7017C33E
gcalls seq=003774 caller=QUEST_SERVER target=701782E8 SQR31?3              argc=0 site=7017C33E
gcalls seq=003775 caller=QUEST_SERVER target=701782E8 SQR31?3              argc=0 site=7017C33E
gcalls seq=003776 caller=QUEST_SERVER target=701782E8 SQR31?3              argc=0 site=7017C33E
gcalls seq=003777 caller=QUEST_SERVER target=701782E8 SQR31?3              argc=0 site=7017C33E
gcalls seq=003778 caller=QUEST_SERVER target=701782E8 SQR31?3              argc=0 site=7017C33E
gcalls seq=003779 caller=QUEST_SERVER target=701782E8 SQR31?3              argc=0 site=7017C33E
gcalls seq=003780 caller=QUEST_SERVER target=701782E8 SQR31?3              argc=0 site=7017C33E
gcalls seq=003781 caller=QUEST_SERVER target=701782E8 SQR31?3              argc=0 site=7017C33E
gcalls seq=003782 caller=QUEST_SERVER target=701782E8 SQR31?3              argc=0 site=7017C33E
gcalls seq=003783 caller=QUEST_SERVER target=701782E8 SQR31?3              argc=0 site=7017C33E
gcalls seq=003784 caller=QUEST_SERVER target=701782E8 SQR31?3              argc=0 site=7017C33E
gcalls seq=003785 caller=QUEST_SERVER target=701782E8 SQR31?3              argc=0 site=7017C33E
gcalls seq=003786 caller=QUEST_SERVER target=701782E8 SQR31?3              argc=0 site=7017C33E
gcalls seq=003787 caller=QUEST_SERVER target=701782E8 SQR31?3              argc=0 site=7017C33E
gcalls seq=003788 caller=QUEST_SERVER target=701782E8 SQR31?3              argc=0 site=7017C33E
gcalls seq=003789 caller=QUEST_SERVER target=701782E8 SQR31?3              argc=0 site=7017C33E
gcalls seq=003790 caller=QUEST_SERVER target=701782E8 SQR31?3              argc=0 site=7017C33E
gcalls seq=003791 caller=QUEST_SERVER target=701782E8 SQR31?3              argc=0 site=7017C33E
gcalls seq=003792 caller=QUEST_SERVER target=701782E8 SQR31?3              argc=0 site=7017C33E
gcalls seq=003793 caller=QUEST_SERVER target=701782E8 SQR31?3              argc=0 site=7017C33E
gcalls seq=003794 caller=QUEST_SERVER target=701782E8 SQR31?3              argc=0 site=7017C33E
gcalls seq=003795 caller=QUEST_SERVER target=701782E8 SQR31?3              argc=0 site=7017C33E
gcalls seq=003796 caller=QUEST_SERVER target=7017B501 PICK_X_Y             argc=2 site=7017AD25
gcalls seq=003797 caller=QUEST_SERVER target=7017C098 ROLL32               argc=0 site=7017E21A
gcalls seq=003798 caller=QUEST_SERVER target=7017C098 ROLL32               argc=0 site=7017E21A
gcalls seq=003799 caller=QUEST_SERVER target=7017C098 ROLL32               argc=0 site=7017E21A
gcalls seq=003800 caller=QUEST_SERVER target=70178F4D FIND_OBJECT          argc=3 site=7017AD2F
gcalls seq=003801 caller=QUEST_SERVER target=7017C13B TERRITORY            argc=6 site=7017AD41
gcalls seq=003802 caller=QUEST_SERVER target=701782E8 SQR31?3              argc=0 site=7017C33E
gcalls seq=003803 caller=QUEST_SERVER target=701782E8 SQR31?3              argc=0 site=7017C33E
gcalls seq=003804 caller=QUEST_SERVER target=701782E8 SQR31?3              argc=0 site=7017C33E
gcalls seq=003805 caller=QUEST_SERVER target=701782E8 SQR31?3              argc=0 site=7017C33E
gcalls seq=003806 caller=QUEST_SERVER target=701782E8 SQR31?3              argc=0 site=7017C33E
gcalls seq=003807 caller=QUEST_SERVER target=701782E8 SQR31?3              argc=0 site=7017C33E
gcalls seq=003808 caller=QUEST_SERVER target=701782E8 SQR31?3              argc=0 site=7017C33E
gcalls seq=003809 caller=QUEST_SERVER target=701782E8 SQR31?3              argc=0 site=7017C33E
gcalls seq=003810 caller=QUEST_SERVER target=701782E8 SQR31?3              argc=0 site=7017C33E
gcalls seq=003811 caller=QUEST_SERVER target=701782E8 SQR31?3              argc=0 site=7017C33E
gcalls seq=003812 caller=QUEST_SERVER target=701782E8 SQR31?3              argc=0 site=7017C33E
gcalls seq=003813 caller=QUEST_SERVER target=701782E8 SQR31?3              argc=0 site=7017C33E
gcalls seq=003814 caller=QUEST_SERVER target=701782E8 SQR31?3              argc=0 site=7017C33E
gcalls seq=003815 caller=QUEST_SERVER target=701782E8 SQR31?3              argc=0 site=7017C33E
gcalls seq=003816 caller=QUEST_SERVER target=701782E8 SQR31?3              argc=0 site=7017C33E
gcalls seq=003817 caller=QUEST_SERVER target=701782E8 SQR31?3              argc=0 site=7017C33E
gcalls seq=003818 caller=QUEST_SERVER target=701782E8 SQR31?3              argc=0 site=7017C33E
gcalls seq=003819 caller=QUEST_SERVER target=701782E8 SQR31?3              argc=0 site=7017C33E
gcalls seq=003820 caller=QUEST_SERVER target=701782E8 SQR31?3              argc=0 site=7017C33E
gcalls seq=003821 caller=QUEST_SERVER target=701782E8 SQR31?3              argc=0 site=7017C33E
gcalls seq=003822 caller=QUEST_SERVER target=701782E8 SQR31?3              argc=0 site=7017C33E
gcalls seq=003823 caller=QUEST_SERVER target=701782E8 SQR31?3              argc=0 site=7017C33E
gcalls seq=003824 caller=QUEST_SERVER target=701782E8 SQR31?3              argc=0 site=7017C33E
gcalls seq=003825 caller=QUEST_SERVER target=701782E8 SQR31?3              argc=0 site=7017C33E
gcalls seq=003826 caller=QUEST_SERVER target=701782E8 SQR31?3              argc=0 site=7017C33E
gcalls seq=003827 caller=QUEST_SERVER target=701782E8 SQR31?3              argc=0 site=7017C33E
gcalls seq=003828 caller=QUEST_SERVER target=701782E8 SQR31?3              argc=0 site=7017C33E
gcalls seq=003829 caller=QUEST_SERVER target=701782E8 SQR31?3              argc=0 site=7017C33E
gcalls seq=003830 caller=QUEST_SERVER target=701782E8 SQR31?3              argc=0 site=7017C33E
gcalls seq=003831 caller=QUEST_SERVER target=701782E8 SQR31?3              argc=0 site=7017C33E
gcalls seq=003832 caller=QUEST_SERVER target=701782E8 SQR31?3              argc=0 site=7017C33E
gcalls seq=003833 caller=QUEST_SERVER target=701782E8 SQR31?3              argc=0 site=7017C33E
gcalls seq=003834 caller=QUEST_SERVER target=701782E8 SQR31?3              argc=0 site=7017C33E
gcalls seq=003835 caller=QUEST_SERVER target=701782E8 SQR31?3              argc=0 site=7017C33E
gcalls seq=003836 caller=QUEST_SERVER target=701782E8 SQR31?3              argc=0 site=7017C33E
gcalls seq=003837 caller=QUEST_SERVER target=701782E8 SQR31?3              argc=0 site=7017C33E
gcalls seq=003838 caller=QUEST_SERVER target=701782E8 SQR31?3              argc=0 site=7017C33E
gcalls seq=003839 caller=QUEST_SERVER target=701782E8 SQR31?3              argc=0 site=7017C33E
gcalls seq=003840 caller=QUEST_SERVER target=701782E8 SQR31?3              argc=0 site=7017C33E
gcalls seq=003841 caller=QUEST_SERVER target=701782E8 SQR31?3              argc=0 site=7017C33E
gcalls seq=003842 caller=QUEST_SERVER target=701782E8 SQR31?3              argc=0 site=7017C33E
gcalls seq=003843 caller=QUEST_SERVER target=701782E8 SQR31?3              argc=0 site=7017C33E
gcalls seq=003844 caller=QUEST_SERVER target=701782E8 SQR31?3              argc=0 site=7017C33E
gcalls seq=003845 caller=QUEST_SERVER target=701782E8 SQR31?3              argc=0 site=7017C33E
gcalls seq=003846 caller=QUEST_SERVER target=701782E8 SQR31?3              argc=0 site=7017C33E
gcalls seq=003847 caller=QUEST_SERVER target=701782E8 SQR31?3              argc=0 site=7017C33E
gcalls seq=003848 caller=QUEST_SERVER target=701782E8 SQR31?3              argc=0 site=7017C33E
gcalls seq=003849 caller=QUEST_SERVER target=701782E8 SQR31?3              argc=0 site=7017C33E
gcalls seq=003850 caller=QUEST_SERVER target=701782E8 SQR31?3              argc=0 site=7017C33E
gcalls seq=003851 caller=QUEST_SERVER target=701782E8 SQR31?3              argc=0 site=7017C33E
gcalls seq=003852 caller=QUEST_SERVER target=701782E8 SQR31?3              argc=0 site=7017C33E
gcalls seq=003853 caller=QUEST_SERVER target=701782E8 SQR31?3              argc=0 site=7017C33E
gcalls seq=003854 caller=QUEST_SERVER target=701782E8 SQR31?3              argc=0 site=7017C33E
gcalls seq=003855 caller=QUEST_SERVER target=701782E8 SQR31?3              argc=0 site=7017C33E
gcalls seq=003856 caller=QUEST_SERVER target=701782E8 SQR31?3              argc=0 site=7017C33E
gcalls seq=003857 caller=QUEST_SERVER target=701782E8 SQR31?3              argc=0 site=7017C33E
gcalls seq=003858 caller=QUEST_SERVER target=701782E8 SQR31?3              argc=0 site=7017C33E
gcalls seq=003859 caller=QUEST_SERVER target=701782E8 SQR31?3              argc=0 site=7017C33E
gcalls seq=003860 caller=QUEST_SERVER target=701782E8 SQR31?3              argc=0 site=7017C33E
gcalls seq=003861 caller=QUEST_SERVER target=701782E8 SQR31?3              argc=0 site=7017C33E
gcalls seq=003862 caller=QUEST_SERVER target=701782E8 SQR31?3              argc=0 site=7017C33E
gcalls seq=003863 caller=QUEST_SERVER target=701782E8 SQR31?3              argc=0 site=7017C33E
gcalls seq=003864 caller=QUEST_SERVER target=701782E8 SQR31?3              argc=0 site=7017C33E
gcalls seq=003865 caller=QUEST_SERVER target=701782E8 SQR31?3              argc=0 site=7017C33E
gcalls seq=003866 caller=QUEST_SERVER target=701782E8 SQR31?3              argc=0 site=7017C33E
gcalls seq=003867 caller=QUEST_SERVER target=701782E8 SQR31?3              argc=0 site=7017C33E
gcalls seq=003868 caller=QUEST_SERVER target=701782E8 SQR31?3              argc=0 site=7017C33E
gcalls seq=003869 caller=QUEST_SERVER target=701782E8 SQR31?3              argc=0 site=7017C33E
gcalls seq=003870 caller=QUEST_SERVER target=701782E8 SQR31?3              argc=0 site=7017C33E
gcalls seq=003871 caller=QUEST_SERVER target=701782E8 SQR31?3              argc=0 site=7017C33E
gcalls seq=003872 caller=QUEST_SERVER target=701782E8 SQR31?3              argc=0 site=7017C33E
gcalls seq=003873 caller=QUEST_SERVER target=701782E8 SQR31?3              argc=0 site=7017C33E
gcalls seq=003874 caller=QUEST_SERVER target=701782E8 SQR31?3              argc=0 site=7017C33E
gcalls seq=003875 caller=QUEST_SERVER target=701782E8 SQR31?3              argc=0 site=7017C33E
gcalls seq=003876 caller=QUEST_SERVER target=701782E8 SQR31?3              argc=0 site=7017C33E
gcalls seq=003877 caller=QUEST_SERVER target=701782E8 SQR31?3              argc=0 site=7017C33E
gcalls seq=003878 caller=QUEST_SERVER target=701782E8 SQR31?3              argc=0 site=7017C33E
gcalls seq=003879 caller=QUEST_SERVER target=701782E8 SQR31?3              argc=0 site=7017C33E
gcalls seq=003880 caller=QUEST_SERVER target=701782E8 SQR31?3              argc=0 site=7017C33E
gcalls seq=003881 caller=QUEST_SERVER target=701782E8 SQR31?3              argc=0 site=7017C33E
gcalls seq=003882 caller=QUEST_SERVER target=701782E8 SQR31?3              argc=0 site=7017C33E
gcalls seq=003883 caller=QUEST_SERVER target=701782E8 SQR31?3              argc=0 site=7017C33E
gcalls seq=003884 caller=QUEST_SERVER target=701782E8 SQR31?3              argc=0 site=7017C33E
gcalls seq=003885 caller=QUEST_SERVER target=701782E8 SQR31?3              argc=0 site=7017C33E
gcalls seq=003886 caller=QUEST_SERVER target=701782E8 SQR31?3              argc=0 site=7017C33E
gcalls seq=003887 caller=QUEST_SERVER target=701782E8 SQR31?3              argc=0 site=7017C33E
gcalls seq=003888 caller=QUEST_SERVER target=701782E8 SQR31?3              argc=0 site=7017C33E
gcalls seq=003889 caller=QUEST_SERVER target=701782E8 SQR31?3              argc=0 site=7017C33E
gcalls seq=003890 caller=QUEST_SERVER target=701782E8 SQR31?3              argc=0 site=7017C33E
gcalls seq=003891 caller=QUEST_SERVER target=701782E8 SQR31?3              argc=0 site=7017C33E
gcalls seq=003892 caller=QUEST_SERVER target=701782E8 SQR31?3              argc=0 site=7017C33E
gcalls seq=003893 caller=QUEST_SERVER target=701782E8 SQR31?3              argc=0 site=7017C33E
gcalls seq=003894 caller=QUEST_SERVER target=701782E8 SQR31?3              argc=0 site=7017C33E
gcalls seq=003895 caller=QUEST_SERVER target=701782E8 SQR31?3              argc=0 site=7017C33E
gcalls seq=003896 caller=QUEST_SERVER target=701782E8 SQR31?3              argc=0 site=7017C33E
gcalls seq=003897 caller=QUEST_SERVER target=701782E8 SQR31?3              argc=0 site=7017C33E
gcalls seq=003898 caller=QUEST_SERVER target=701782E8 SQR31?3              argc=0 site=7017C33E
gcalls seq=003899 caller=QUEST_SERVER target=701782E8 SQR31?3              argc=0 site=7017C33E
gcalls seq=003900 caller=QUEST_SERVER target=701782E8 SQR31?3              argc=0 site=7017C33E
gcalls seq=003901 caller=QUEST_SERVER target=701782E8 SQR31?3              argc=0 site=7017C33E
gcalls seq=003902 caller=QUEST_SERVER target=701782E8 SQR31?3              argc=0 site=7017C33E
gcalls seq=003903 caller=QUEST_SERVER target=701782E8 SQR31?3              argc=0 site=7017C33E
gcalls seq=003904 caller=QUEST_SERVER target=701782E8 SQR31?3              argc=0 site=7017C33E
gcalls seq=003905 caller=QUEST_SERVER target=701782E8 SQR31?3              argc=0 site=7017C33E
gcalls seq=003906 caller=QUEST_SERVER target=701782E8 SQR31?3              argc=0 site=7017C33E
gcalls seq=003907 caller=QUEST_SERVER target=701782E8 SQR31?3              argc=0 site=7017C33E
gcalls seq=003908 caller=QUEST_SERVER target=701782E8 SQR31?3              argc=0 site=7017C33E
gcalls seq=003909 caller=QUEST_SERVER target=701782E8 SQR31?3              argc=0 site=7017C33E
gcalls seq=003910 caller=QUEST_SERVER target=701782E8 SQR31?3              argc=0 site=7017C33E
gcalls seq=003911 caller=QUEST_SERVER target=701782E8 SQR31?3              argc=0 site=7017C33E
gcalls seq=003912 caller=QUEST_SERVER target=701782E8 SQR31?3              argc=0 site=7017C33E
gcalls seq=003913 caller=QUEST_SERVER target=701782E8 SQR31?3              argc=0 site=7017C33E
gcalls seq=003914 caller=QUEST_SERVER target=701782E8 SQR31?3              argc=0 site=7017C33E
gcalls seq=003915 caller=QUEST_SERVER target=701782E8 SQR31?3              argc=0 site=7017C33E
gcalls seq=003916 caller=QUEST_SERVER target=701782E8 SQR31?3              argc=0 site=7017C33E
gcalls seq=003917 caller=QUEST_SERVER target=701782E8 SQR31?3              argc=0 site=7017C33E
gcalls seq=003918 caller=QUEST_SERVER target=7017B501 PICK_X_Y             argc=2 site=7017AD25
gcalls seq=003919 caller=QUEST_SERVER target=7017C098 ROLL32               argc=0 site=7017E21A
gcalls seq=003920 caller=QUEST_SERVER target=7017C098 ROLL32               argc=0 site=7017E21A
gcalls seq=003921 caller=QUEST_SERVER target=7017C098 ROLL32               argc=0 site=7017E21A
gcalls seq=003922 caller=QUEST_SERVER target=7017C098 ROLL32               argc=0 site=7017E21A
gcalls seq=003923 caller=QUEST_SERVER target=7017C098 ROLL32               argc=0 site=7017E21A
gcalls seq=003924 caller=QUEST_SERVER target=7017C098 ROLL32               argc=0 site=7017E21A
gcalls seq=003925 caller=QUEST_SERVER target=7017C098 ROLL32               argc=0 site=7017E21A
gcalls seq=003926 caller=QUEST_SERVER target=7017C098 ROLL32               argc=0 site=7017E21A
gcalls seq=003927 caller=QUEST_SERVER target=7017C098 ROLL32               argc=0 site=7017E21A
gcalls seq=003928 caller=QUEST_SERVER target=70178F4D FIND_OBJECT          argc=3 site=7017AD2F
gcalls seq=003929 caller=QUEST_SERVER target=7017B501 PICK_X_Y             argc=2 site=7017AD25
gcalls seq=003930 caller=QUEST_SERVER target=7017C098 ROLL32               argc=0 site=7017E21A
gcalls seq=003931 caller=QUEST_SERVER target=7017C098 ROLL32               argc=0 site=7017E21A
gcalls seq=003932 caller=QUEST_SERVER target=7017C098 ROLL32               argc=0 site=7017E21A
gcalls seq=003933 caller=QUEST_SERVER target=70178F4D FIND_OBJECT          argc=3 site=7017AD2F
gcalls seq=003934 caller=QUEST_SERVER target=7017C13B TERRITORY            argc=6 site=7017AD41
gcalls seq=003935 caller=QUEST_SERVER target=701782E8 SQR31?3              argc=0 site=7017C33E
gcalls seq=003936 caller=QUEST_SERVER target=701782E8 SQR31?3              argc=0 site=7017C33E
gcalls seq=003937 caller=QUEST_SERVER target=701782E8 SQR31?3              argc=0 site=7017C33E
gcalls seq=003938 caller=QUEST_SERVER target=701782E8 SQR31?3              argc=0 site=7017C33E
gcalls seq=003939 caller=QUEST_SERVER target=701782E8 SQR31?3              argc=0 site=7017C33E
gcalls seq=003940 caller=QUEST_SERVER target=701782E8 SQR31?3              argc=0 site=7017C33E
gcalls seq=003941 caller=QUEST_SERVER target=701782E8 SQR31?3              argc=0 site=7017C33E
gcalls seq=003942 caller=QUEST_SERVER target=701782E8 SQR31?3              argc=0 site=7017C33E
gcalls seq=003943 caller=QUEST_SERVER target=701782E8 SQR31?3              argc=0 site=7017C33E
gcalls seq=003944 caller=QUEST_SERVER target=701782E8 SQR31?3              argc=0 site=7017C33E
gcalls seq=003945 caller=QUEST_SERVER target=701782E8 SQR31?3              argc=0 site=7017C33E
gcalls seq=003946 caller=QUEST_SERVER target=701782E8 SQR31?3              argc=0 site=7017C33E
gcalls seq=003947 caller=QUEST_SERVER target=701782E8 SQR31?3              argc=0 site=7017C33E
gcalls seq=003948 caller=QUEST_SERVER target=701782E8 SQR31?3              argc=0 site=7017C33E
gcalls seq=003949 caller=QUEST_SERVER target=701782E8 SQR31?3              argc=0 site=7017C33E
gcalls seq=003950 caller=QUEST_SERVER target=701782E8 SQR31?3              argc=0 site=7017C33E
gcalls seq=003951 caller=QUEST_SERVER target=701782E8 SQR31?3              argc=0 site=7017C33E
gcalls seq=003952 caller=QUEST_SERVER target=701782E8 SQR31?3              argc=0 site=7017C33E
gcalls seq=003953 caller=QUEST_SERVER target=701782E8 SQR31?3              argc=0 site=7017C33E
gcalls seq=003954 caller=QUEST_SERVER target=701782E8 SQR31?3              argc=0 site=7017C33E
gcalls seq=003955 caller=QUEST_SERVER target=701782E8 SQR31?3              argc=0 site=7017C33E
gcalls seq=003956 caller=QUEST_SERVER target=701782E8 SQR31?3              argc=0 site=7017C33E
gcalls seq=003957 caller=QUEST_SERVER target=701782E8 SQR31?3              argc=0 site=7017C33E
gcalls seq=003958 caller=QUEST_SERVER target=701782E8 SQR31?3              argc=0 site=7017C33E
gcalls seq=003959 caller=QUEST_SERVER target=701782E8 SQR31?3              argc=0 site=7017C33E
gcalls seq=003960 caller=QUEST_SERVER target=701782E8 SQR31?3              argc=0 site=7017C33E
gcalls seq=003961 caller=QUEST_SERVER target=701782E8 SQR31?3              argc=0 site=7017C33E
gcalls seq=003962 caller=QUEST_SERVER target=701782E8 SQR31?3              argc=0 site=7017C33E
gcalls seq=003963 caller=QUEST_SERVER target=701782E8 SQR31?3              argc=0 site=7017C33E
gcalls seq=003964 caller=QUEST_SERVER target=701782E8 SQR31?3              argc=0 site=7017C33E
gcalls seq=003965 caller=QUEST_SERVER target=701782E8 SQR31?3              argc=0 site=7017C33E
gcalls seq=003966 caller=QUEST_SERVER target=701782E8 SQR31?3              argc=0 site=7017C33E
gcalls seq=003967 caller=QUEST_SERVER target=701782E8 SQR31?3              argc=0 site=7017C33E
gcalls seq=003968 caller=QUEST_SERVER target=701782E8 SQR31?3              argc=0 site=7017C33E
gcalls seq=003969 caller=QUEST_SERVER target=701782E8 SQR31?3              argc=0 site=7017C33E
gcalls seq=003970 caller=QUEST_SERVER target=701782E8 SQR31?3              argc=0 site=7017C33E
gcalls seq=003971 caller=QUEST_SERVER target=701782E8 SQR31?3              argc=0 site=7017C33E
gcalls seq=003972 caller=QUEST_SERVER target=701782E8 SQR31?3              argc=0 site=7017C33E
gcalls seq=003973 caller=QUEST_SERVER target=701782E8 SQR31?3              argc=0 site=7017C33E
gcalls seq=003974 caller=QUEST_SERVER target=701782E8 SQR31?3              argc=0 site=7017C33E
gcalls seq=003975 caller=QUEST_SERVER target=701782E8 SQR31?3              argc=0 site=7017C33E
gcalls seq=003976 caller=QUEST_SERVER target=701782E8 SQR31?3              argc=0 site=7017C33E
gcalls seq=003977 caller=QUEST_SERVER target=701782E8 SQR31?3              argc=0 site=7017C33E
gcalls seq=003978 caller=QUEST_SERVER target=701782E8 SQR31?3              argc=0 site=7017C33E
gcalls seq=003979 caller=QUEST_SERVER target=701782E8 SQR31?3              argc=0 site=7017C33E
gcalls seq=003980 caller=QUEST_SERVER target=701782E8 SQR31?3              argc=0 site=7017C33E
gcalls seq=003981 caller=QUEST_SERVER target=701782E8 SQR31?3              argc=0 site=7017C33E
gcalls seq=003982 caller=QUEST_SERVER target=701782E8 SQR31?3              argc=0 site=7017C33E
gcalls seq=003983 caller=QUEST_SERVER target=701782E8 SQR31?3              argc=0 site=7017C33E
gcalls seq=003984 caller=QUEST_SERVER target=701782E8 SQR31?3              argc=0 site=7017C33E
gcalls seq=003985 caller=QUEST_SERVER target=701782E8 SQR31?3              argc=0 site=7017C33E
gcalls seq=003986 caller=QUEST_SERVER target=701782E8 SQR31?3              argc=0 site=7017C33E
gcalls seq=003987 caller=QUEST_SERVER target=701782E8 SQR31?3              argc=0 site=7017C33E
gcalls seq=003988 caller=QUEST_SERVER target=701782E8 SQR31?3              argc=0 site=7017C33E
gcalls seq=003989 caller=QUEST_SERVER target=701782E8 SQR31?3              argc=0 site=7017C33E
gcalls seq=003990 caller=QUEST_SERVER target=701782E8 SQR31?3              argc=0 site=7017C33E
gcalls seq=003991 caller=QUEST_SERVER target=701782E8 SQR31?3              argc=0 site=7017C33E
gcalls seq=003992 caller=QUEST_SERVER target=701782E8 SQR31?3              argc=0 site=7017C33E
gcalls seq=003993 caller=QUEST_SERVER target=701782E8 SQR31?3              argc=0 site=7017C33E
gcalls seq=003994 caller=QUEST_SERVER target=701782E8 SQR31?3              argc=0 site=7017C33E
gcalls seq=003995 caller=QUEST_SERVER target=701782E8 SQR31?3              argc=0 site=7017C33E
gcalls seq=003996 caller=QUEST_SERVER target=701782E8 SQR31?3              argc=0 site=7017C33E
gcalls seq=003997 caller=QUEST_SERVER target=701782E8 SQR31?3              argc=0 site=7017C33E
gcalls seq=003998 caller=QUEST_SERVER target=701782E8 SQR31?3              argc=0 site=7017C33E
gcalls seq=003999 caller=QUEST_SERVER target=701782E8 SQR31?3              argc=0 site=7017C33E
gcalls seq=004000 caller=QUEST_SERVER target=701782E8 SQR31?3              argc=0 site=7017C33E
gcalls seq=004001 caller=QUEST_SERVER target=701782E8 SQR31?3              argc=0 site=7017C33E
gcalls seq=004002 caller=QUEST_SERVER target=701782E8 SQR31?3              argc=0 site=7017C33E
gcalls seq=004003 caller=QUEST_SERVER target=701782E8 SQR31?3              argc=0 site=7017C33E
gcalls seq=004004 caller=QUEST_SERVER target=701782E8 SQR31?3              argc=0 site=7017C33E
gcalls seq=004005 caller=QUEST_SERVER target=701782E8 SQR31?3              argc=0 site=7017C33E
gcalls seq=004006 caller=QUEST_SERVER target=701782E8 SQR31?3              argc=0 site=7017C33E
gcalls seq=004007 caller=QUEST_SERVER target=701782E8 SQR31?3              argc=0 site=7017C33E
gcalls seq=004008 caller=QUEST_SERVER target=701782E8 SQR31?3              argc=0 site=7017C33E
gcalls seq=004009 caller=QUEST_SERVER target=701782E8 SQR31?3              argc=0 site=7017C33E
gcalls seq=004010 caller=QUEST_SERVER target=701782E8 SQR31?3              argc=0 site=7017C33E
gcalls seq=004011 caller=QUEST_SERVER target=701782E8 SQR31?3              argc=0 site=7017C33E
gcalls seq=004012 caller=QUEST_SERVER target=701782E8 SQR31?3              argc=0 site=7017C33E
gcalls seq=004013 caller=QUEST_SERVER target=701782E8 SQR31?3              argc=0 site=7017C33E
gcalls seq=004014 caller=QUEST_SERVER target=701782E8 SQR31?3              argc=0 site=7017C33E
gcalls seq=004015 caller=QUEST_SERVER target=701782E8 SQR31?3              argc=0 site=7017C33E
gcalls seq=004016 caller=QUEST_SERVER target=701782E8 SQR31?3              argc=0 site=7017C33E
gcalls seq=004017 caller=QUEST_SERVER target=701782E8 SQR31?3              argc=0 site=7017C33E
gcalls seq=004018 caller=QUEST_SERVER target=701782E8 SQR31?3              argc=0 site=7017C33E
gcalls seq=004019 caller=QUEST_SERVER target=701782E8 SQR31?3              argc=0 site=7017C33E
gcalls seq=004020 caller=QUEST_SERVER target=701782E8 SQR31?3              argc=0 site=7017C33E
gcalls seq=004021 caller=QUEST_SERVER target=701782E8 SQR31?3              argc=0 site=7017C33E
gcalls seq=004022 caller=QUEST_SERVER target=701782E8 SQR31?3              argc=0 site=7017C33E
gcalls seq=004023 caller=QUEST_SERVER target=701782E8 SQR31?3              argc=0 site=7017C33E
gcalls seq=004024 caller=QUEST_SERVER target=701782E8 SQR31?3              argc=0 site=7017C33E
gcalls seq=004025 caller=QUEST_SERVER target=701782E8 SQR31?3              argc=0 site=7017C33E
gcalls seq=004026 caller=QUEST_SERVER target=701782E8 SQR31?3              argc=0 site=7017C33E
gcalls seq=004027 caller=QUEST_SERVER target=701782E8 SQR31?3              argc=0 site=7017C33E
gcalls seq=004028 caller=QUEST_SERVER target=701782E8 SQR31?3              argc=0 site=7017C33E
gcalls seq=004029 caller=QUEST_SERVER target=701782E8 SQR31?3              argc=0 site=7017C33E
gcalls seq=004030 caller=QUEST_SERVER target=701782E8 SQR31?3              argc=0 site=7017C33E
gcalls seq=004031 caller=QUEST_SERVER target=701782E8 SQR31?3              argc=0 site=7017C33E
gcalls seq=004032 caller=QUEST_SERVER target=701782E8 SQR31?3              argc=0 site=7017C33E
gcalls seq=004033 caller=QUEST_SERVER target=701782E8 SQR31?3              argc=0 site=7017C33E
gcalls seq=004034 caller=QUEST_SERVER target=701782E8 SQR31?3              argc=0 site=7017C33E
gcalls seq=004035 caller=QUEST_SERVER target=701782E8 SQR31?3              argc=0 site=7017C33E
gcalls seq=004036 caller=QUEST_SERVER target=701782E8 SQR31?3              argc=0 site=7017C33E
gcalls seq=004037 caller=QUEST_SERVER target=701782E8 SQR31?3              argc=0 site=7017C33E
gcalls seq=004038 caller=QUEST_SERVER target=701782E8 SQR31?3              argc=0 site=7017C33E
gcalls seq=004039 caller=QUEST_SERVER target=701782E8 SQR31?3              argc=0 site=7017C33E
gcalls seq=004040 caller=QUEST_SERVER target=701782E8 SQR31?3              argc=0 site=7017C33E
gcalls seq=004041 caller=QUEST_SERVER target=701782E8 SQR31?3              argc=0 site=7017C33E
gcalls seq=004042 caller=QUEST_SERVER target=701782E8 SQR31?3              argc=0 site=7017C33E
gcalls seq=004043 caller=QUEST_SERVER target=701782E8 SQR31?3              argc=0 site=7017C33E
gcalls seq=004044 caller=QUEST_SERVER target=701782E8 SQR31?3              argc=0 site=7017C33E
gcalls seq=004045 caller=QUEST_SERVER target=701782E8 SQR31?3              argc=0 site=7017C33E
gcalls seq=004046 caller=QUEST_SERVER target=701782E8 SQR31?3              argc=0 site=7017C33E
gcalls seq=004047 caller=QUEST_SERVER target=701782E8 SQR31?3              argc=0 site=7017C33E
gcalls seq=004048 caller=QUEST_SERVER target=701782E8 SQR31?3              argc=0 site=7017C33E
gcalls seq=004049 caller=QUEST_SERVER target=701782E8 SQR31?3              argc=0 site=7017C33E
gcalls seq=004050 caller=QUEST_SERVER target=701782E8 SQR31?3              argc=0 site=7017C33E
gcalls seq=004051 caller=QUEST_SERVER target=7017B501 PICK_X_Y             argc=2 site=7017AD25
gcalls seq=004052 caller=QUEST_SERVER target=7017C098 ROLL32               argc=0 site=7017E21A
gcalls seq=004053 caller=QUEST_SERVER target=7017C098 ROLL32               argc=0 site=7017E21A
gcalls seq=004054 caller=QUEST_SERVER target=7017C098 ROLL32               argc=0 site=7017E21A
gcalls seq=004055 caller=QUEST_SERVER target=70178F4D FIND_OBJECT          argc=3 site=7017AD2F
gcalls seq=004056 caller=QUEST_SERVER target=7017C13B TERRITORY            argc=6 site=7017AD41
gcalls seq=004057 caller=QUEST_SERVER target=701782E8 SQR31?3              argc=0 site=7017C33E
gcalls seq=004058 caller=QUEST_SERVER target=701782E8 SQR31?3              argc=0 site=7017C33E
gcalls seq=004059 caller=QUEST_SERVER target=701782E8 SQR31?3              argc=0 site=7017C33E
gcalls seq=004060 caller=QUEST_SERVER target=701782E8 SQR31?3              argc=0 site=7017C33E
gcalls seq=004061 caller=QUEST_SERVER target=701782E8 SQR31?3              argc=0 site=7017C33E
gcalls seq=004062 caller=QUEST_SERVER target=701782E8 SQR31?3              argc=0 site=7017C33E
gcalls seq=004063 caller=QUEST_SERVER target=701782E8 SQR31?3              argc=0 site=7017C33E
gcalls seq=004064 caller=QUEST_SERVER target=701782E8 SQR31?3              argc=0 site=7017C33E
gcalls seq=004065 caller=QUEST_SERVER target=701782E8 SQR31?3              argc=0 site=7017C33E
gcalls seq=004066 caller=QUEST_SERVER target=701782E8 SQR31?3              argc=0 site=7017C33E
gcalls seq=004067 caller=QUEST_SERVER target=701782E8 SQR31?3              argc=0 site=7017C33E
gcalls seq=004068 caller=QUEST_SERVER target=701782E8 SQR31?3              argc=0 site=7017C33E
gcalls seq=004069 caller=QUEST_SERVER target=701782E8 SQR31?3              argc=0 site=7017C33E
gcalls seq=004070 caller=QUEST_SERVER target=701782E8 SQR31?3              argc=0 site=7017C33E
gcalls seq=004071 caller=QUEST_SERVER target=701782E8 SQR31?3              argc=0 site=7017C33E
gcalls seq=004072 caller=QUEST_SERVER target=701782E8 SQR31?3              argc=0 site=7017C33E
gcalls seq=004073 caller=QUEST_SERVER target=701782E8 SQR31?3              argc=0 site=7017C33E
gcalls seq=004074 caller=QUEST_SERVER target=701782E8 SQR31?3              argc=0 site=7017C33E
gcalls seq=004075 caller=QUEST_SERVER target=701782E8 SQR31?3              argc=0 site=7017C33E
gcalls seq=004076 caller=QUEST_SERVER target=701782E8 SQR31?3              argc=0 site=7017C33E
gcalls seq=004077 caller=QUEST_SERVER target=701782E8 SQR31?3              argc=0 site=7017C33E
gcalls seq=004078 caller=QUEST_SERVER target=701782E8 SQR31?3              argc=0 site=7017C33E
gcalls seq=004079 caller=QUEST_SERVER target=701782E8 SQR31?3              argc=0 site=7017C33E
gcalls seq=004080 caller=QUEST_SERVER target=701782E8 SQR31?3              argc=0 site=7017C33E
gcalls seq=004081 caller=QUEST_SERVER target=701782E8 SQR31?3              argc=0 site=7017C33E
gcalls seq=004082 caller=QUEST_SERVER target=701782E8 SQR31?3              argc=0 site=7017C33E
gcalls seq=004083 caller=QUEST_SERVER target=701782E8 SQR31?3              argc=0 site=7017C33E
gcalls seq=004084 caller=QUEST_SERVER target=701782E8 SQR31?3              argc=0 site=7017C33E
gcalls seq=004085 caller=QUEST_SERVER target=701782E8 SQR31?3              argc=0 site=7017C33E
gcalls seq=004086 caller=QUEST_SERVER target=701782E8 SQR31?3              argc=0 site=7017C33E
gcalls seq=004087 caller=QUEST_SERVER target=701782E8 SQR31?3              argc=0 site=7017C33E
gcalls seq=004088 caller=QUEST_SERVER target=701782E8 SQR31?3              argc=0 site=7017C33E
gcalls seq=004089 caller=QUEST_SERVER target=701782E8 SQR31?3              argc=0 site=7017C33E
gcalls seq=004090 caller=QUEST_SERVER target=701782E8 SQR31?3              argc=0 site=7017C33E
gcalls seq=004091 caller=QUEST_SERVER target=701782E8 SQR31?3              argc=0 site=7017C33E
gcalls seq=004092 caller=QUEST_SERVER target=701782E8 SQR31?3              argc=0 site=7017C33E
gcalls seq=004093 caller=QUEST_SERVER target=701782E8 SQR31?3              argc=0 site=7017C33E
gcalls seq=004094 caller=QUEST_SERVER target=701782E8 SQR31?3              argc=0 site=7017C33E
gcalls seq=004095 caller=QUEST_SERVER target=701782E8 SQR31?3              argc=0 site=7017C33E
gcalls seq=004096 caller=QUEST_SERVER target=701782E8 SQR31?3              argc=0 site=7017C33E
gcalls seq=004097 caller=QUEST_SERVER target=701782E8 SQR31?3              argc=0 site=7017C33E
gcalls seq=004098 caller=QUEST_SERVER target=701782E8 SQR31?3              argc=0 site=7017C33E
gcalls seq=004099 caller=QUEST_SERVER target=701782E8 SQR31?3              argc=0 site=7017C33E
gcalls seq=004100 caller=QUEST_SERVER target=701782E8 SQR31?3              argc=0 site=7017C33E
gcalls seq=004101 caller=QUEST_SERVER target=701782E8 SQR31?3              argc=0 site=7017C33E
gcalls seq=004102 caller=QUEST_SERVER target=701782E8 SQR31?3              argc=0 site=7017C33E
gcalls seq=004103 caller=QUEST_SERVER target=701782E8 SQR31?3              argc=0 site=7017C33E
gcalls seq=004104 caller=QUEST_SERVER target=701782E8 SQR31?3              argc=0 site=7017C33E
gcalls seq=004105 caller=QUEST_SERVER target=701782E8 SQR31?3              argc=0 site=7017C33E
gcalls seq=004106 caller=QUEST_SERVER target=701782E8 SQR31?3              argc=0 site=7017C33E
gcalls seq=004107 caller=QUEST_SERVER target=701782E8 SQR31?3              argc=0 site=7017C33E
gcalls seq=004108 caller=QUEST_SERVER target=701782E8 SQR31?3              argc=0 site=7017C33E
gcalls seq=004109 caller=QUEST_SERVER target=701782E8 SQR31?3              argc=0 site=7017C33E
gcalls seq=004110 caller=QUEST_SERVER target=701782E8 SQR31?3              argc=0 site=7017C33E
gcalls seq=004111 caller=QUEST_SERVER target=701782E8 SQR31?3              argc=0 site=7017C33E
gcalls seq=004112 caller=QUEST_SERVER target=701782E8 SQR31?3              argc=0 site=7017C33E
gcalls seq=004113 caller=QUEST_SERVER target=701782E8 SQR31?3              argc=0 site=7017C33E
gcalls seq=004114 caller=QUEST_SERVER target=701782E8 SQR31?3              argc=0 site=7017C33E
gcalls seq=004115 caller=QUEST_SERVER target=701782E8 SQR31?3              argc=0 site=7017C33E
gcalls seq=004116 caller=QUEST_SERVER target=701782E8 SQR31?3              argc=0 site=7017C33E
gcalls seq=004117 caller=QUEST_SERVER target=701782E8 SQR31?3              argc=0 site=7017C33E
gcalls seq=004118 caller=QUEST_SERVER target=701782E8 SQR31?3              argc=0 site=7017C33E
gcalls seq=004119 caller=QUEST_SERVER target=701782E8 SQR31?3              argc=0 site=7017C33E
gcalls seq=004120 caller=QUEST_SERVER target=701782E8 SQR31?3              argc=0 site=7017C33E
gcalls seq=004121 caller=QUEST_SERVER target=701782E8 SQR31?3              argc=0 site=7017C33E
gcalls seq=004122 caller=QUEST_SERVER target=701782E8 SQR31?3              argc=0 site=7017C33E
gcalls seq=004123 caller=QUEST_SERVER target=701782E8 SQR31?3              argc=0 site=7017C33E
gcalls seq=004124 caller=QUEST_SERVER target=701782E8 SQR31?3              argc=0 site=7017C33E
gcalls seq=004125 caller=QUEST_SERVER target=701782E8 SQR31?3              argc=0 site=7017C33E
gcalls seq=004126 caller=QUEST_SERVER target=701782E8 SQR31?3              argc=0 site=7017C33E
gcalls seq=004127 caller=QUEST_SERVER target=701782E8 SQR31?3              argc=0 site=7017C33E
gcalls seq=004128 caller=QUEST_SERVER target=701782E8 SQR31?3              argc=0 site=7017C33E
gcalls seq=004129 caller=QUEST_SERVER target=701782E8 SQR31?3              argc=0 site=7017C33E
gcalls seq=004130 caller=QUEST_SERVER target=701782E8 SQR31?3              argc=0 site=7017C33E
gcalls seq=004131 caller=QUEST_SERVER target=701782E8 SQR31?3              argc=0 site=7017C33E
gcalls seq=004132 caller=QUEST_SERVER target=701782E8 SQR31?3              argc=0 site=7017C33E
gcalls seq=004133 caller=QUEST_SERVER target=701782E8 SQR31?3              argc=0 site=7017C33E
gcalls seq=004134 caller=QUEST_SERVER target=701782E8 SQR31?3              argc=0 site=7017C33E
gcalls seq=004135 caller=QUEST_SERVER target=701782E8 SQR31?3              argc=0 site=7017C33E
gcalls seq=004136 caller=QUEST_SERVER target=701782E8 SQR31?3              argc=0 site=7017C33E
gcalls seq=004137 caller=QUEST_SERVER target=701782E8 SQR31?3              argc=0 site=7017C33E
gcalls seq=004138 caller=QUEST_SERVER target=701782E8 SQR31?3              argc=0 site=7017C33E
gcalls seq=004139 caller=QUEST_SERVER target=701782E8 SQR31?3              argc=0 site=7017C33E
gcalls seq=004140 caller=QUEST_SERVER target=701782E8 SQR31?3              argc=0 site=7017C33E
gcalls seq=004141 caller=QUEST_SERVER target=701782E8 SQR31?3              argc=0 site=7017C33E
gcalls seq=004142 caller=QUEST_SERVER target=701782E8 SQR31?3              argc=0 site=7017C33E
gcalls seq=004143 caller=QUEST_SERVER target=701782E8 SQR31?3              argc=0 site=7017C33E
gcalls seq=004144 caller=QUEST_SERVER target=701782E8 SQR31?3              argc=0 site=7017C33E
gcalls seq=004145 caller=QUEST_SERVER target=701782E8 SQR31?3              argc=0 site=7017C33E
gcalls seq=004146 caller=QUEST_SERVER target=701782E8 SQR31?3              argc=0 site=7017C33E
gcalls seq=004147 caller=QUEST_SERVER target=701782E8 SQR31?3              argc=0 site=7017C33E
gcalls seq=004148 caller=QUEST_SERVER target=701782E8 SQR31?3              argc=0 site=7017C33E
gcalls seq=004149 caller=QUEST_SERVER target=701782E8 SQR31?3              argc=0 site=7017C33E
gcalls seq=004150 caller=QUEST_SERVER target=701782E8 SQR31?3              argc=0 site=7017C33E
gcalls seq=004151 caller=QUEST_SERVER target=701782E8 SQR31?3              argc=0 site=7017C33E
gcalls seq=004152 caller=QUEST_SERVER target=701782E8 SQR31?3              argc=0 site=7017C33E
gcalls seq=004153 caller=QUEST_SERVER target=701782E8 SQR31?3              argc=0 site=7017C33E
gcalls seq=004154 caller=QUEST_SERVER target=701782E8 SQR31?3              argc=0 site=7017C33E
gcalls seq=004155 caller=QUEST_SERVER target=701782E8 SQR31?3              argc=0 site=7017C33E
gcalls seq=004156 caller=QUEST_SERVER target=701782E8 SQR31?3              argc=0 site=7017C33E
gcalls seq=004157 caller=QUEST_SERVER target=701782E8 SQR31?3              argc=0 site=7017C33E
gcalls seq=004158 caller=QUEST_SERVER target=701782E8 SQR31?3              argc=0 site=7017C33E
gcalls seq=004159 caller=QUEST_SERVER target=701782E8 SQR31?3              argc=0 site=7017C33E
gcalls seq=004160 caller=QUEST_SERVER target=701782E8 SQR31?3              argc=0 site=7017C33E
gcalls seq=004161 caller=QUEST_SERVER target=701782E8 SQR31?3              argc=0 site=7017C33E
gcalls seq=004162 caller=QUEST_SERVER target=701782E8 SQR31?3              argc=0 site=7017C33E
gcalls seq=004163 caller=QUEST_SERVER target=701782E8 SQR31?3              argc=0 site=7017C33E
gcalls seq=004164 caller=QUEST_SERVER target=701782E8 SQR31?3              argc=0 site=7017C33E
gcalls seq=004165 caller=QUEST_SERVER target=701782E8 SQR31?3              argc=0 site=7017C33E
gcalls seq=004166 caller=QUEST_SERVER target=701782E8 SQR31?3              argc=0 site=7017C33E
gcalls seq=004167 caller=QUEST_SERVER target=701782E8 SQR31?3              argc=0 site=7017C33E
gcalls seq=004168 caller=QUEST_SERVER target=701782E8 SQR31?3              argc=0 site=7017C33E
gcalls seq=004169 caller=QUEST_SERVER target=701782E8 SQR31?3              argc=0 site=7017C33E
gcalls seq=004170 caller=QUEST_SERVER target=701782E8 SQR31?3              argc=0 site=7017C33E
gcalls seq=004171 caller=QUEST_SERVER target=701782E8 SQR31?3              argc=0 site=7017C33E
gcalls seq=004172 caller=QUEST_SERVER target=701782E8 SQR31?3              argc=0 site=7017C33E
gcalls seq=004173 caller=QUEST_SERVER target=7017B501 PICK_X_Y             argc=2 site=7017AD25
gcalls seq=004174 caller=QUEST_SERVER target=7017C098 ROLL32               argc=0 site=7017E21A
gcalls seq=004175 caller=QUEST_SERVER target=7017C098 ROLL32               argc=0 site=7017E21A
gcalls seq=004176 caller=QUEST_SERVER target=7017C098 ROLL32               argc=0 site=7017E21A
gcalls seq=004177 caller=QUEST_SERVER target=70178F4D FIND_OBJECT          argc=3 site=7017AD2F
gcalls seq=004178 caller=QUEST_SERVER target=7017B501 PICK_X_Y             argc=2 site=7017AD25
gcalls seq=004179 caller=QUEST_SERVER target=7017C098 ROLL32               argc=0 site=7017E21A
gcalls seq=004180 caller=QUEST_SERVER target=7017C098 ROLL32               argc=0 site=7017E21A
gcalls seq=004181 caller=QUEST_SERVER target=7017C098 ROLL32               argc=0 site=7017E21A
gcalls seq=004182 caller=QUEST_SERVER target=70178F4D FIND_OBJECT          argc=3 site=7017AD2F
gcalls seq=004183 caller=QUEST_SERVER target=7017C13B TERRITORY            argc=6 site=7017AD41
gcalls seq=004184 caller=QUEST_SERVER target=701782E8 SQR31?3              argc=0 site=7017C33E
gcalls seq=004185 caller=QUEST_SERVER target=701782E8 SQR31?3              argc=0 site=7017C33E
gcalls seq=004186 caller=QUEST_SERVER target=701782E8 SQR31?3              argc=0 site=7017C33E
gcalls seq=004187 caller=QUEST_SERVER target=701782E8 SQR31?3              argc=0 site=7017C33E
gcalls seq=004188 caller=QUEST_SERVER target=701782E8 SQR31?3              argc=0 site=7017C33E
gcalls seq=004189 caller=QUEST_SERVER target=701782E8 SQR31?3              argc=0 site=7017C33E
gcalls seq=004190 caller=QUEST_SERVER target=701782E8 SQR31?3              argc=0 site=7017C33E
gcalls seq=004191 caller=QUEST_SERVER target=701782E8 SQR31?3              argc=0 site=7017C33E
gcalls seq=004192 caller=QUEST_SERVER target=701782E8 SQR31?3              argc=0 site=7017C33E
gcalls seq=004193 caller=QUEST_SERVER target=701782E8 SQR31?3              argc=0 site=7017C33E
gcalls seq=004194 caller=QUEST_SERVER target=701782E8 SQR31?3              argc=0 site=7017C33E
gcalls seq=004195 caller=QUEST_SERVER target=701782E8 SQR31?3              argc=0 site=7017C33E
gcalls seq=004196 caller=QUEST_SERVER target=701782E8 SQR31?3              argc=0 site=7017C33E
gcalls seq=004197 caller=QUEST_SERVER target=701782E8 SQR31?3              argc=0 site=7017C33E
gcalls seq=004198 caller=QUEST_SERVER target=701782E8 SQR31?3              argc=0 site=7017C33E
gcalls seq=004199 caller=QUEST_SERVER target=701782E8 SQR31?3              argc=0 site=7017C33E
gcalls seq=004200 caller=QUEST_SERVER target=701782E8 SQR31?3              argc=0 site=7017C33E
gcalls seq=004201 caller=QUEST_SERVER target=701782E8 SQR31?3              argc=0 site=7017C33E
gcalls seq=004202 caller=QUEST_SERVER target=701782E8 SQR31?3              argc=0 site=7017C33E
gcalls seq=004203 caller=QUEST_SERVER target=701782E8 SQR31?3              argc=0 site=7017C33E
gcalls seq=004204 caller=QUEST_SERVER target=701782E8 SQR31?3              argc=0 site=7017C33E
gcalls seq=004205 caller=QUEST_SERVER target=701782E8 SQR31?3              argc=0 site=7017C33E
gcalls seq=004206 caller=QUEST_SERVER target=701782E8 SQR31?3              argc=0 site=7017C33E
gcalls seq=004207 caller=QUEST_SERVER target=701782E8 SQR31?3              argc=0 site=7017C33E
gcalls seq=004208 caller=QUEST_SERVER target=701782E8 SQR31?3              argc=0 site=7017C33E
gcalls seq=004209 caller=QUEST_SERVER target=701782E8 SQR31?3              argc=0 site=7017C33E
gcalls seq=004210 caller=QUEST_SERVER target=701782E8 SQR31?3              argc=0 site=7017C33E
gcalls seq=004211 caller=QUEST_SERVER target=701782E8 SQR31?3              argc=0 site=7017C33E
gcalls seq=004212 caller=QUEST_SERVER target=701782E8 SQR31?3              argc=0 site=7017C33E
gcalls seq=004213 caller=QUEST_SERVER target=701782E8 SQR31?3              argc=0 site=7017C33E
gcalls seq=004214 caller=QUEST_SERVER target=701782E8 SQR31?3              argc=0 site=7017C33E
gcalls seq=004215 caller=QUEST_SERVER target=701782E8 SQR31?3              argc=0 site=7017C33E
gcalls seq=004216 caller=QUEST_SERVER target=701782E8 SQR31?3              argc=0 site=7017C33E
gcalls seq=004217 caller=QUEST_SERVER target=701782E8 SQR31?3              argc=0 site=7017C33E
gcalls seq=004218 caller=QUEST_SERVER target=701782E8 SQR31?3              argc=0 site=7017C33E
gcalls seq=004219 caller=QUEST_SERVER target=701782E8 SQR31?3              argc=0 site=7017C33E
gcalls seq=004220 caller=QUEST_SERVER target=701782E8 SQR31?3              argc=0 site=7017C33E
gcalls seq=004221 caller=QUEST_SERVER target=701782E8 SQR31?3              argc=0 site=7017C33E
gcalls seq=004222 caller=QUEST_SERVER target=701782E8 SQR31?3              argc=0 site=7017C33E
gcalls seq=004223 caller=QUEST_SERVER target=701782E8 SQR31?3              argc=0 site=7017C33E
gcalls seq=004224 caller=QUEST_SERVER target=701782E8 SQR31?3              argc=0 site=7017C33E
gcalls seq=004225 caller=QUEST_SERVER target=701782E8 SQR31?3              argc=0 site=7017C33E
gcalls seq=004226 caller=QUEST_SERVER target=701782E8 SQR31?3              argc=0 site=7017C33E
gcalls seq=004227 caller=QUEST_SERVER target=701782E8 SQR31?3              argc=0 site=7017C33E
gcalls seq=004228 caller=QUEST_SERVER target=701782E8 SQR31?3              argc=0 site=7017C33E
gcalls seq=004229 caller=QUEST_SERVER target=701782E8 SQR31?3              argc=0 site=7017C33E
gcalls seq=004230 caller=QUEST_SERVER target=701782E8 SQR31?3              argc=0 site=7017C33E
gcalls seq=004231 caller=QUEST_SERVER target=701782E8 SQR31?3              argc=0 site=7017C33E
gcalls seq=004232 caller=QUEST_SERVER target=701782E8 SQR31?3              argc=0 site=7017C33E
gcalls seq=004233 caller=QUEST_SERVER target=701782E8 SQR31?3              argc=0 site=7017C33E
gcalls seq=004234 caller=QUEST_SERVER target=701782E8 SQR31?3              argc=0 site=7017C33E
gcalls seq=004235 caller=QUEST_SERVER target=701782E8 SQR31?3              argc=0 site=7017C33E
gcalls seq=004236 caller=QUEST_SERVER target=701782E8 SQR31?3              argc=0 site=7017C33E
gcalls seq=004237 caller=QUEST_SERVER target=701782E8 SQR31?3              argc=0 site=7017C33E
gcalls seq=004238 caller=QUEST_SERVER target=701782E8 SQR31?3              argc=0 site=7017C33E
gcalls seq=004239 caller=QUEST_SERVER target=701782E8 SQR31?3              argc=0 site=7017C33E
gcalls seq=004240 caller=QUEST_SERVER target=701782E8 SQR31?3              argc=0 site=7017C33E
gcalls seq=004241 caller=QUEST_SERVER target=701782E8 SQR31?3              argc=0 site=7017C33E
gcalls seq=004242 caller=QUEST_SERVER target=701782E8 SQR31?3              argc=0 site=7017C33E
gcalls seq=004243 caller=QUEST_SERVER target=701782E8 SQR31?3              argc=0 site=7017C33E
gcalls seq=004244 caller=QUEST_SERVER target=701782E8 SQR31?3              argc=0 site=7017C33E
gcalls seq=004245 caller=QUEST_SERVER target=701782E8 SQR31?3              argc=0 site=7017C33E
gcalls seq=004246 caller=QUEST_SERVER target=701782E8 SQR31?3              argc=0 site=7017C33E
gcalls seq=004247 caller=QUEST_SERVER target=701782E8 SQR31?3              argc=0 site=7017C33E
gcalls seq=004248 caller=QUEST_SERVER target=701782E8 SQR31?3              argc=0 site=7017C33E
gcalls seq=004249 caller=QUEST_SERVER target=701782E8 SQR31?3              argc=0 site=7017C33E
gcalls seq=004250 caller=QUEST_SERVER target=701782E8 SQR31?3              argc=0 site=7017C33E
gcalls seq=004251 caller=QUEST_SERVER target=701782E8 SQR31?3              argc=0 site=7017C33E
gcalls seq=004252 caller=QUEST_SERVER target=701782E8 SQR31?3              argc=0 site=7017C33E
gcalls seq=004253 caller=QUEST_SERVER target=701782E8 SQR31?3              argc=0 site=7017C33E
gcalls seq=004254 caller=QUEST_SERVER target=701782E8 SQR31?3              argc=0 site=7017C33E
gcalls seq=004255 caller=QUEST_SERVER target=701782E8 SQR31?3              argc=0 site=7017C33E
gcalls seq=004256 caller=QUEST_SERVER target=701782E8 SQR31?3              argc=0 site=7017C33E
gcalls seq=004257 caller=QUEST_SERVER target=701782E8 SQR31?3              argc=0 site=7017C33E
gcalls seq=004258 caller=QUEST_SERVER target=701782E8 SQR31?3              argc=0 site=7017C33E
gcalls seq=004259 caller=QUEST_SERVER target=701782E8 SQR31?3              argc=0 site=7017C33E
gcalls seq=004260 caller=QUEST_SERVER target=701782E8 SQR31?3              argc=0 site=7017C33E
gcalls seq=004261 caller=QUEST_SERVER target=701782E8 SQR31?3              argc=0 site=7017C33E
gcalls seq=004262 caller=QUEST_SERVER target=701782E8 SQR31?3              argc=0 site=7017C33E
gcalls seq=004263 caller=QUEST_SERVER target=701782E8 SQR31?3              argc=0 site=7017C33E
gcalls seq=004264 caller=QUEST_SERVER target=701782E8 SQR31?3              argc=0 site=7017C33E
gcalls seq=004265 caller=QUEST_SERVER target=701782E8 SQR31?3              argc=0 site=7017C33E
gcalls seq=004266 caller=QUEST_SERVER target=701782E8 SQR31?3              argc=0 site=7017C33E
gcalls seq=004267 caller=QUEST_SERVER target=701782E8 SQR31?3              argc=0 site=7017C33E
gcalls seq=004268 caller=QUEST_SERVER target=701782E8 SQR31?3              argc=0 site=7017C33E
gcalls seq=004269 caller=QUEST_SERVER target=701782E8 SQR31?3              argc=0 site=7017C33E
gcalls seq=004270 caller=QUEST_SERVER target=701782E8 SQR31?3              argc=0 site=7017C33E
gcalls seq=004271 caller=QUEST_SERVER target=701782E8 SQR31?3              argc=0 site=7017C33E
gcalls seq=004272 caller=QUEST_SERVER target=701782E8 SQR31?3              argc=0 site=7017C33E
gcalls seq=004273 caller=QUEST_SERVER target=701782E8 SQR31?3              argc=0 site=7017C33E
gcalls seq=004274 caller=QUEST_SERVER target=701782E8 SQR31?3              argc=0 site=7017C33E
gcalls seq=004275 caller=QUEST_SERVER target=701782E8 SQR31?3              argc=0 site=7017C33E
gcalls seq=004276 caller=QUEST_SERVER target=701782E8 SQR31?3              argc=0 site=7017C33E
gcalls seq=004277 caller=QUEST_SERVER target=701782E8 SQR31?3              argc=0 site=7017C33E
gcalls seq=004278 caller=QUEST_SERVER target=701782E8 SQR31?3              argc=0 site=7017C33E
gcalls seq=004279 caller=QUEST_SERVER target=701782E8 SQR31?3              argc=0 site=7017C33E
gcalls seq=004280 caller=QUEST_SERVER target=701782E8 SQR31?3              argc=0 site=7017C33E
gcalls seq=004281 caller=QUEST_SERVER target=701782E8 SQR31?3              argc=0 site=7017C33E
gcalls seq=004282 caller=QUEST_SERVER target=701782E8 SQR31?3              argc=0 site=7017C33E
gcalls seq=004283 caller=QUEST_SERVER target=701782E8 SQR31?3              argc=0 site=7017C33E
gcalls seq=004284 caller=QUEST_SERVER target=701782E8 SQR31?3              argc=0 site=7017C33E
gcalls seq=004285 caller=QUEST_SERVER target=701782E8 SQR31?3              argc=0 site=7017C33E
gcalls seq=004286 caller=QUEST_SERVER target=701782E8 SQR31?3              argc=0 site=7017C33E
gcalls seq=004287 caller=QUEST_SERVER target=701782E8 SQR31?3              argc=0 site=7017C33E
gcalls seq=004288 caller=QUEST_SERVER target=701782E8 SQR31?3              argc=0 site=7017C33E
gcalls seq=004289 caller=QUEST_SERVER target=701782E8 SQR31?3              argc=0 site=7017C33E
gcalls seq=004290 caller=QUEST_SERVER target=701782E8 SQR31?3              argc=0 site=7017C33E
gcalls seq=004291 caller=QUEST_SERVER target=701782E8 SQR31?3              argc=0 site=7017C33E
gcalls seq=004292 caller=QUEST_SERVER target=701782E8 SQR31?3              argc=0 site=7017C33E
gcalls seq=004293 caller=QUEST_SERVER target=701782E8 SQR31?3              argc=0 site=7017C33E
gcalls seq=004294 caller=QUEST_SERVER target=701782E8 SQR31?3              argc=0 site=7017C33E
gcalls seq=004295 caller=QUEST_SERVER target=701782E8 SQR31?3              argc=0 site=7017C33E
gcalls seq=004296 caller=QUEST_SERVER target=701782E8 SQR31?3              argc=0 site=7017C33E
gcalls seq=004297 caller=QUEST_SERVER target=701782E8 SQR31?3              argc=0 site=7017C33E
gcalls seq=004298 caller=QUEST_SERVER target=701782E8 SQR31?3              argc=0 site=7017C33E
gcalls seq=004299 caller=QUEST_SERVER target=701782E8 SQR31?3              argc=0 site=7017C33E
gcalls seq=004300 caller=QUEST_SERVER target=7017B501 PICK_X_Y             argc=2 site=7017AD25
gcalls seq=004301 caller=QUEST_SERVER target=7017C098 ROLL32               argc=0 site=7017E21A
gcalls seq=004302 caller=QUEST_SERVER target=7017C098 ROLL32               argc=0 site=7017E21A
gcalls seq=004303 caller=QUEST_SERVER target=7017C098 ROLL32               argc=0 site=7017E21A
gcalls seq=004304 caller=QUEST_SERVER target=70178F4D FIND_OBJECT          argc=3 site=7017AD2F
gcalls seq=004305 caller=QUEST_SERVER target=7017C13B TERRITORY            argc=6 site=7017AD41
gcalls seq=004306 caller=QUEST_SERVER target=701782E8 SQR31?3              argc=0 site=7017C33E
gcalls seq=004307 caller=QUEST_SERVER target=701782E8 SQR31?3              argc=0 site=7017C33E
gcalls seq=004308 caller=QUEST_SERVER target=701782E8 SQR31?3              argc=0 site=7017C33E
gcalls seq=004309 caller=QUEST_SERVER target=701782E8 SQR31?3              argc=0 site=7017C33E
gcalls seq=004310 caller=QUEST_SERVER target=701782E8 SQR31?3              argc=0 site=7017C33E
gcalls seq=004311 caller=QUEST_SERVER target=701782E8 SQR31?3              argc=0 site=7017C33E
gcalls seq=004312 caller=QUEST_SERVER target=701782E8 SQR31?3              argc=0 site=7017C33E
gcalls seq=004313 caller=QUEST_SERVER target=701782E8 SQR31?3              argc=0 site=7017C33E
gcalls seq=004314 caller=QUEST_SERVER target=701782E8 SQR31?3              argc=0 site=7017C33E
gcalls seq=004315 caller=QUEST_SERVER target=701782E8 SQR31?3              argc=0 site=7017C33E
gcalls seq=004316 caller=QUEST_SERVER target=701782E8 SQR31?3              argc=0 site=7017C33E
gcalls seq=004317 caller=QUEST_SERVER target=701782E8 SQR31?3              argc=0 site=7017C33E
gcalls seq=004318 caller=QUEST_SERVER target=701782E8 SQR31?3              argc=0 site=7017C33E
gcalls seq=004319 caller=QUEST_SERVER target=701782E8 SQR31?3              argc=0 site=7017C33E
gcalls seq=004320 caller=QUEST_SERVER target=701782E8 SQR31?3              argc=0 site=7017C33E
gcalls seq=004321 caller=QUEST_SERVER target=701782E8 SQR31?3              argc=0 site=7017C33E
gcalls seq=004322 caller=QUEST_SERVER target=701782E8 SQR31?3              argc=0 site=7017C33E
gcalls seq=004323 caller=QUEST_SERVER target=701782E8 SQR31?3              argc=0 site=7017C33E
gcalls seq=004324 caller=QUEST_SERVER target=701782E8 SQR31?3              argc=0 site=7017C33E
gcalls seq=004325 caller=QUEST_SERVER target=701782E8 SQR31?3              argc=0 site=7017C33E
gcalls seq=004326 caller=QUEST_SERVER target=701782E8 SQR31?3              argc=0 site=7017C33E
gcalls seq=004327 caller=QUEST_SERVER target=701782E8 SQR31?3              argc=0 site=7017C33E
gcalls seq=004328 caller=QUEST_SERVER target=701782E8 SQR31?3              argc=0 site=7017C33E
gcalls seq=004329 caller=QUEST_SERVER target=701782E8 SQR31?3              argc=0 site=7017C33E
gcalls seq=004330 caller=QUEST_SERVER target=701782E8 SQR31?3              argc=0 site=7017C33E
gcalls seq=004331 caller=QUEST_SERVER target=701782E8 SQR31?3              argc=0 site=7017C33E
gcalls seq=004332 caller=QUEST_SERVER target=701782E8 SQR31?3              argc=0 site=7017C33E
gcalls seq=004333 caller=QUEST_SERVER target=701782E8 SQR31?3              argc=0 site=7017C33E
gcalls seq=004334 caller=QUEST_SERVER target=701782E8 SQR31?3              argc=0 site=7017C33E
gcalls seq=004335 caller=QUEST_SERVER target=701782E8 SQR31?3              argc=0 site=7017C33E
gcalls seq=004336 caller=QUEST_SERVER target=701782E8 SQR31?3              argc=0 site=7017C33E
gcalls seq=004337 caller=QUEST_SERVER target=701782E8 SQR31?3              argc=0 site=7017C33E
gcalls seq=004338 caller=QUEST_SERVER target=701782E8 SQR31?3              argc=0 site=7017C33E
gcalls seq=004339 caller=QUEST_SERVER target=701782E8 SQR31?3              argc=0 site=7017C33E
gcalls seq=004340 caller=QUEST_SERVER target=701782E8 SQR31?3              argc=0 site=7017C33E
gcalls seq=004341 caller=QUEST_SERVER target=701782E8 SQR31?3              argc=0 site=7017C33E
gcalls seq=004342 caller=QUEST_SERVER target=701782E8 SQR31?3              argc=0 site=7017C33E
gcalls seq=004343 caller=QUEST_SERVER target=701782E8 SQR31?3              argc=0 site=7017C33E
gcalls seq=004344 caller=QUEST_SERVER target=701782E8 SQR31?3              argc=0 site=7017C33E
gcalls seq=004345 caller=QUEST_SERVER target=701782E8 SQR31?3              argc=0 site=7017C33E
gcalls seq=004346 caller=QUEST_SERVER target=701782E8 SQR31?3              argc=0 site=7017C33E
gcalls seq=004347 caller=QUEST_SERVER target=701782E8 SQR31?3              argc=0 site=7017C33E
gcalls seq=004348 caller=QUEST_SERVER target=701782E8 SQR31?3              argc=0 site=7017C33E
gcalls seq=004349 caller=QUEST_SERVER target=701782E8 SQR31?3              argc=0 site=7017C33E
gcalls seq=004350 caller=QUEST_SERVER target=701782E8 SQR31?3              argc=0 site=7017C33E
gcalls seq=004351 caller=QUEST_SERVER target=701782E8 SQR31?3              argc=0 site=7017C33E
gcalls seq=004352 caller=QUEST_SERVER target=701782E8 SQR31?3              argc=0 site=7017C33E
gcalls seq=004353 caller=QUEST_SERVER target=701782E8 SQR31?3              argc=0 site=7017C33E
gcalls seq=004354 caller=QUEST_SERVER target=701782E8 SQR31?3              argc=0 site=7017C33E
gcalls seq=004355 caller=QUEST_SERVER target=701782E8 SQR31?3              argc=0 site=7017C33E
gcalls seq=004356 caller=QUEST_SERVER target=701782E8 SQR31?3              argc=0 site=7017C33E
gcalls seq=004357 caller=QUEST_SERVER target=701782E8 SQR31?3              argc=0 site=7017C33E
gcalls seq=004358 caller=QUEST_SERVER target=701782E8 SQR31?3              argc=0 site=7017C33E
gcalls seq=004359 caller=QUEST_SERVER target=701782E8 SQR31?3              argc=0 site=7017C33E
gcalls seq=004360 caller=QUEST_SERVER target=701782E8 SQR31?3              argc=0 site=7017C33E
gcalls seq=004361 caller=QUEST_SERVER target=701782E8 SQR31?3              argc=0 site=7017C33E
gcalls seq=004362 caller=QUEST_SERVER target=701782E8 SQR31?3              argc=0 site=7017C33E
gcalls seq=004363 caller=QUEST_SERVER target=701782E8 SQR31?3              argc=0 site=7017C33E
gcalls seq=004364 caller=QUEST_SERVER target=701782E8 SQR31?3              argc=0 site=7017C33E
gcalls seq=004365 caller=QUEST_SERVER target=701782E8 SQR31?3              argc=0 site=7017C33E
gcalls seq=004366 caller=QUEST_SERVER target=701782E8 SQR31?3              argc=0 site=7017C33E
gcalls seq=004367 caller=QUEST_SERVER target=701782E8 SQR31?3              argc=0 site=7017C33E
gcalls seq=004368 caller=QUEST_SERVER target=701782E8 SQR31?3              argc=0 site=7017C33E
gcalls seq=004369 caller=QUEST_SERVER target=701782E8 SQR31?3              argc=0 site=7017C33E
gcalls seq=004370 caller=QUEST_SERVER target=701782E8 SQR31?3              argc=0 site=7017C33E
gcalls seq=004371 caller=QUEST_SERVER target=701782E8 SQR31?3              argc=0 site=7017C33E
gcalls seq=004372 caller=QUEST_SERVER target=701782E8 SQR31?3              argc=0 site=7017C33E
gcalls seq=004373 caller=QUEST_SERVER target=701782E8 SQR31?3              argc=0 site=7017C33E
gcalls seq=004374 caller=QUEST_SERVER target=701782E8 SQR31?3              argc=0 site=7017C33E
gcalls seq=004375 caller=QUEST_SERVER target=701782E8 SQR31?3              argc=0 site=7017C33E
gcalls seq=004376 caller=QUEST_SERVER target=701782E8 SQR31?3              argc=0 site=7017C33E
gcalls seq=004377 caller=QUEST_SERVER target=701782E8 SQR31?3              argc=0 site=7017C33E
gcalls seq=004378 caller=QUEST_SERVER target=701782E8 SQR31?3              argc=0 site=7017C33E
gcalls seq=004379 caller=QUEST_SERVER target=701782E8 SQR31?3              argc=0 site=7017C33E
gcalls seq=004380 caller=QUEST_SERVER target=701782E8 SQR31?3              argc=0 site=7017C33E
gcalls seq=004381 caller=QUEST_SERVER target=701782E8 SQR31?3              argc=0 site=7017C33E
gcalls seq=004382 caller=QUEST_SERVER target=701782E8 SQR31?3              argc=0 site=7017C33E
gcalls seq=004383 caller=QUEST_SERVER target=701782E8 SQR31?3              argc=0 site=7017C33E
gcalls seq=004384 caller=QUEST_SERVER target=701782E8 SQR31?3              argc=0 site=7017C33E
gcalls seq=004385 caller=QUEST_SERVER target=701782E8 SQR31?3              argc=0 site=7017C33E
gcalls seq=004386 caller=QUEST_SERVER target=701782E8 SQR31?3              argc=0 site=7017C33E
gcalls seq=004387 caller=QUEST_SERVER target=701782E8 SQR31?3              argc=0 site=7017C33E
gcalls seq=004388 caller=QUEST_SERVER target=701782E8 SQR31?3              argc=0 site=7017C33E
gcalls seq=004389 caller=QUEST_SERVER target=701782E8 SQR31?3              argc=0 site=7017C33E
gcalls seq=004390 caller=QUEST_SERVER target=701782E8 SQR31?3              argc=0 site=7017C33E
gcalls seq=004391 caller=QUEST_SERVER target=701782E8 SQR31?3              argc=0 site=7017C33E
gcalls seq=004392 caller=QUEST_SERVER target=701782E8 SQR31?3              argc=0 site=7017C33E
gcalls seq=004393 caller=QUEST_SERVER target=701782E8 SQR31?3              argc=0 site=7017C33E
gcalls seq=004394 caller=QUEST_SERVER target=701782E8 SQR31?3              argc=0 site=7017C33E
gcalls seq=004395 caller=QUEST_SERVER target=701782E8 SQR31?3              argc=0 site=7017C33E
gcalls seq=004396 caller=QUEST_SERVER target=701782E8 SQR31?3              argc=0 site=7017C33E
gcalls seq=004397 caller=QUEST_SERVER target=701782E8 SQR31?3              argc=0 site=7017C33E
gcalls seq=004398 caller=QUEST_SERVER target=701782E8 SQR31?3              argc=0 site=7017C33E
gcalls seq=004399 caller=QUEST_SERVER target=701782E8 SQR31?3              argc=0 site=7017C33E
gcalls seq=004400 caller=QUEST_SERVER target=701782E8 SQR31?3              argc=0 site=7017C33E
gcalls seq=004401 caller=QUEST_SERVER target=701782E8 SQR31?3              argc=0 site=7017C33E
gcalls seq=004402 caller=QUEST_SERVER target=701782E8 SQR31?3              argc=0 site=7017C33E
gcalls seq=004403 caller=QUEST_SERVER target=701782E8 SQR31?3              argc=0 site=7017C33E
gcalls seq=004404 caller=QUEST_SERVER target=701782E8 SQR31?3              argc=0 site=7017C33E
gcalls seq=004405 caller=QUEST_SERVER target=701782E8 SQR31?3              argc=0 site=7017C33E
gcalls seq=004406 caller=QUEST_SERVER target=701782E8 SQR31?3              argc=0 site=7017C33E
gcalls seq=004407 caller=QUEST_SERVER target=701782E8 SQR31?3              argc=0 site=7017C33E
gcalls seq=004408 caller=QUEST_SERVER target=701782E8 SQR31?3              argc=0 site=7017C33E
gcalls seq=004409 caller=QUEST_SERVER target=701782E8 SQR31?3              argc=0 site=7017C33E
gcalls seq=004410 caller=QUEST_SERVER target=701782E8 SQR31?3              argc=0 site=7017C33E
gcalls seq=004411 caller=QUEST_SERVER target=701782E8 SQR31?3              argc=0 site=7017C33E
gcalls seq=004412 caller=QUEST_SERVER target=701782E8 SQR31?3              argc=0 site=7017C33E
gcalls seq=004413 caller=QUEST_SERVER target=701782E8 SQR31?3              argc=0 site=7017C33E
gcalls seq=004414 caller=QUEST_SERVER target=701782E8 SQR31?3              argc=0 site=7017C33E
gcalls seq=004415 caller=QUEST_SERVER target=701782E8 SQR31?3              argc=0 site=7017C33E
gcalls seq=004416 caller=QUEST_SERVER target=701782E8 SQR31?3              argc=0 site=7017C33E
gcalls seq=004417 caller=QUEST_SERVER target=701782E8 SQR31?3              argc=0 site=7017C33E
gcalls seq=004418 caller=QUEST_SERVER target=701782E8 SQR31?3              argc=0 site=7017C33E
gcalls seq=004419 caller=QUEST_SERVER target=701782E8 SQR31?3              argc=0 site=7017C33E
gcalls seq=004420 caller=QUEST_SERVER target=701782E8 SQR31?3              argc=0 site=7017C33E
gcalls seq=004421 caller=QUEST_SERVER target=701782E8 SQR31?3              argc=0 site=7017C33E
gcalls seq=004422 caller=QUEST_SERVER target=7017B501 PICK_X_Y             argc=2 site=7017AD25
gcalls seq=004423 caller=QUEST_SERVER target=7017C098 ROLL32               argc=0 site=7017E21A
gcalls seq=004424 caller=QUEST_SERVER target=7017C098 ROLL32               argc=0 site=7017E21A
gcalls seq=004425 caller=QUEST_SERVER target=7017C098 ROLL32               argc=0 site=7017E21A
gcalls seq=004426 caller=QUEST_SERVER target=7017C098 ROLL32               argc=0 site=7017E21A
gcalls seq=004427 caller=QUEST_SERVER target=7017C098 ROLL32               argc=0 site=7017E21A
gcalls seq=004428 caller=QUEST_SERVER target=7017C098 ROLL32               argc=0 site=7017E21A
gcalls seq=004429 caller=QUEST_SERVER target=70178F4D FIND_OBJECT          argc=3 site=7017AD2F
gcalls seq=004430 caller=QUEST_SERVER target=7017C13B TERRITORY            argc=6 site=7017AD41
gcalls seq=004431 caller=QUEST_SERVER target=701782E8 SQR31?3              argc=0 site=7017C33E
gcalls seq=004432 caller=QUEST_SERVER target=701782E8 SQR31?3              argc=0 site=7017C33E
gcalls seq=004433 caller=QUEST_SERVER target=701782E8 SQR31?3              argc=0 site=7017C33E
gcalls seq=004434 caller=QUEST_SERVER target=701782E8 SQR31?3              argc=0 site=7017C33E
gcalls seq=004435 caller=QUEST_SERVER target=701782E8 SQR31?3              argc=0 site=7017C33E
gcalls seq=004436 caller=QUEST_SERVER target=701782E8 SQR31?3              argc=0 site=7017C33E
gcalls seq=004437 caller=QUEST_SERVER target=701782E8 SQR31?3              argc=0 site=7017C33E
gcalls seq=004438 caller=QUEST_SERVER target=701782E8 SQR31?3              argc=0 site=7017C33E
gcalls seq=004439 caller=QUEST_SERVER target=701782E8 SQR31?3              argc=0 site=7017C33E
gcalls seq=004440 caller=QUEST_SERVER target=701782E8 SQR31?3              argc=0 site=7017C33E
gcalls seq=004441 caller=QUEST_SERVER target=701782E8 SQR31?3              argc=0 site=7017C33E
gcalls seq=004442 caller=QUEST_SERVER target=701782E8 SQR31?3              argc=0 site=7017C33E
gcalls seq=004443 caller=QUEST_SERVER target=701782E8 SQR31?3              argc=0 site=7017C33E
gcalls seq=004444 caller=QUEST_SERVER target=701782E8 SQR31?3              argc=0 site=7017C33E
gcalls seq=004445 caller=QUEST_SERVER target=701782E8 SQR31?3              argc=0 site=7017C33E
gcalls seq=004446 caller=QUEST_SERVER target=701782E8 SQR31?3              argc=0 site=7017C33E
gcalls seq=004447 caller=QUEST_SERVER target=701782E8 SQR31?3              argc=0 site=7017C33E
gcalls seq=004448 caller=QUEST_SERVER target=701782E8 SQR31?3              argc=0 site=7017C33E
gcalls seq=004449 caller=QUEST_SERVER target=701782E8 SQR31?3              argc=0 site=7017C33E
gcalls seq=004450 caller=QUEST_SERVER target=701782E8 SQR31?3              argc=0 site=7017C33E
gcalls seq=004451 caller=QUEST_SERVER target=701782E8 SQR31?3              argc=0 site=7017C33E
gcalls seq=004452 caller=QUEST_SERVER target=701782E8 SQR31?3              argc=0 site=7017C33E
gcalls seq=004453 caller=QUEST_SERVER target=701782E8 SQR31?3              argc=0 site=7017C33E
gcalls seq=004454 caller=QUEST_SERVER target=701782E8 SQR31?3              argc=0 site=7017C33E
gcalls seq=004455 caller=QUEST_SERVER target=701782E8 SQR31?3              argc=0 site=7017C33E
gcalls seq=004456 caller=QUEST_SERVER target=701782E8 SQR31?3              argc=0 site=7017C33E
gcalls seq=004457 caller=QUEST_SERVER target=701782E8 SQR31?3              argc=0 site=7017C33E
gcalls seq=004458 caller=QUEST_SERVER target=701782E8 SQR31?3              argc=0 site=7017C33E
gcalls seq=004459 caller=QUEST_SERVER target=701782E8 SQR31?3              argc=0 site=7017C33E
gcalls seq=004460 caller=QUEST_SERVER target=701782E8 SQR31?3              argc=0 site=7017C33E
gcalls seq=004461 caller=QUEST_SERVER target=701782E8 SQR31?3              argc=0 site=7017C33E
gcalls seq=004462 caller=QUEST_SERVER target=701782E8 SQR31?3              argc=0 site=7017C33E
gcalls seq=004463 caller=QUEST_SERVER target=701782E8 SQR31?3              argc=0 site=7017C33E
gcalls seq=004464 caller=QUEST_SERVER target=701782E8 SQR31?3              argc=0 site=7017C33E
gcalls seq=004465 caller=QUEST_SERVER target=701782E8 SQR31?3              argc=0 site=7017C33E
gcalls seq=004466 caller=QUEST_SERVER target=701782E8 SQR31?3              argc=0 site=7017C33E
gcalls seq=004467 caller=QUEST_SERVER target=701782E8 SQR31?3              argc=0 site=7017C33E
gcalls seq=004468 caller=QUEST_SERVER target=701782E8 SQR31?3              argc=0 site=7017C33E
gcalls seq=004469 caller=QUEST_SERVER target=701782E8 SQR31?3              argc=0 site=7017C33E
gcalls seq=004470 caller=QUEST_SERVER target=701782E8 SQR31?3              argc=0 site=7017C33E
gcalls seq=004471 caller=QUEST_SERVER target=701782E8 SQR31?3              argc=0 site=7017C33E
gcalls seq=004472 caller=QUEST_SERVER target=701782E8 SQR31?3              argc=0 site=7017C33E
gcalls seq=004473 caller=QUEST_SERVER target=701782E8 SQR31?3              argc=0 site=7017C33E
gcalls seq=004474 caller=QUEST_SERVER target=701782E8 SQR31?3              argc=0 site=7017C33E
gcalls seq=004475 caller=QUEST_SERVER target=701782E8 SQR31?3              argc=0 site=7017C33E
gcalls seq=004476 caller=QUEST_SERVER target=701782E8 SQR31?3              argc=0 site=7017C33E
gcalls seq=004477 caller=QUEST_SERVER target=701782E8 SQR31?3              argc=0 site=7017C33E
gcalls seq=004478 caller=QUEST_SERVER target=701782E8 SQR31?3              argc=0 site=7017C33E
gcalls seq=004479 caller=QUEST_SERVER target=701782E8 SQR31?3              argc=0 site=7017C33E
gcalls seq=004480 caller=QUEST_SERVER target=701782E8 SQR31?3              argc=0 site=7017C33E
gcalls seq=004481 caller=QUEST_SERVER target=701782E8 SQR31?3              argc=0 site=7017C33E
gcalls seq=004482 caller=QUEST_SERVER target=701782E8 SQR31?3              argc=0 site=7017C33E
gcalls seq=004483 caller=QUEST_SERVER target=701782E8 SQR31?3              argc=0 site=7017C33E
gcalls seq=004484 caller=QUEST_SERVER target=701782E8 SQR31?3              argc=0 site=7017C33E
gcalls seq=004485 caller=QUEST_SERVER target=701782E8 SQR31?3              argc=0 site=7017C33E
gcalls seq=004486 caller=QUEST_SERVER target=701782E8 SQR31?3              argc=0 site=7017C33E
gcalls seq=004487 caller=QUEST_SERVER target=701782E8 SQR31?3              argc=0 site=7017C33E
gcalls seq=004488 caller=QUEST_SERVER target=701782E8 SQR31?3              argc=0 site=7017C33E
gcalls seq=004489 caller=QUEST_SERVER target=701782E8 SQR31?3              argc=0 site=7017C33E
gcalls seq=004490 caller=QUEST_SERVER target=701782E8 SQR31?3              argc=0 site=7017C33E
gcalls seq=004491 caller=QUEST_SERVER target=701782E8 SQR31?3              argc=0 site=7017C33E
gcalls seq=004492 caller=QUEST_SERVER target=701782E8 SQR31?3              argc=0 site=7017C33E
gcalls seq=004493 caller=QUEST_SERVER target=701782E8 SQR31?3              argc=0 site=7017C33E
gcalls seq=004494 caller=QUEST_SERVER target=701782E8 SQR31?3              argc=0 site=7017C33E
gcalls seq=004495 caller=QUEST_SERVER target=701782E8 SQR31?3              argc=0 site=7017C33E
gcalls seq=004496 caller=QUEST_SERVER target=701782E8 SQR31?3              argc=0 site=7017C33E
gcalls seq=004497 caller=QUEST_SERVER target=701782E8 SQR31?3              argc=0 site=7017C33E
gcalls seq=004498 caller=QUEST_SERVER target=701782E8 SQR31?3              argc=0 site=7017C33E
gcalls seq=004499 caller=QUEST_SERVER target=701782E8 SQR31?3              argc=0 site=7017C33E
gcalls seq=004500 caller=QUEST_SERVER target=701782E8 SQR31?3              argc=0 site=7017C33E
gcalls seq=004501 caller=QUEST_SERVER target=701782E8 SQR31?3              argc=0 site=7017C33E
gcalls seq=004502 caller=QUEST_SERVER target=701782E8 SQR31?3              argc=0 site=7017C33E
gcalls seq=004503 caller=QUEST_SERVER target=701782E8 SQR31?3              argc=0 site=7017C33E
gcalls seq=004504 caller=QUEST_SERVER target=701782E8 SQR31?3              argc=0 site=7017C33E
gcalls seq=004505 caller=QUEST_SERVER target=701782E8 SQR31?3              argc=0 site=7017C33E
gcalls seq=004506 caller=QUEST_SERVER target=701782E8 SQR31?3              argc=0 site=7017C33E
gcalls seq=004507 caller=QUEST_SERVER target=701782E8 SQR31?3              argc=0 site=7017C33E
gcalls seq=004508 caller=QUEST_SERVER target=701782E8 SQR31?3              argc=0 site=7017C33E
gcalls seq=004509 caller=QUEST_SERVER target=701782E8 SQR31?3              argc=0 site=7017C33E
gcalls seq=004510 caller=QUEST_SERVER target=701782E8 SQR31?3              argc=0 site=7017C33E
gcalls seq=004511 caller=QUEST_SERVER target=701782E8 SQR31?3              argc=0 site=7017C33E
gcalls seq=004512 caller=QUEST_SERVER target=701782E8 SQR31?3              argc=0 site=7017C33E
gcalls seq=004513 caller=QUEST_SERVER target=701782E8 SQR31?3              argc=0 site=7017C33E
gcalls seq=004514 caller=QUEST_SERVER target=701782E8 SQR31?3              argc=0 site=7017C33E
gcalls seq=004515 caller=QUEST_SERVER target=701782E8 SQR31?3              argc=0 site=7017C33E
gcalls seq=004516 caller=QUEST_SERVER target=701782E8 SQR31?3              argc=0 site=7017C33E
gcalls seq=004517 caller=QUEST_SERVER target=701782E8 SQR31?3              argc=0 site=7017C33E
gcalls seq=004518 caller=QUEST_SERVER target=701782E8 SQR31?3              argc=0 site=7017C33E
gcalls seq=004519 caller=QUEST_SERVER target=701782E8 SQR31?3              argc=0 site=7017C33E
gcalls seq=004520 caller=QUEST_SERVER target=701782E8 SQR31?3              argc=0 site=7017C33E
gcalls seq=004521 caller=QUEST_SERVER target=701782E8 SQR31?3              argc=0 site=7017C33E
gcalls seq=004522 caller=QUEST_SERVER target=701782E8 SQR31?3              argc=0 site=7017C33E
gcalls seq=004523 caller=QUEST_SERVER target=701782E8 SQR31?3              argc=0 site=7017C33E
gcalls seq=004524 caller=QUEST_SERVER target=701782E8 SQR31?3              argc=0 site=7017C33E
gcalls seq=004525 caller=QUEST_SERVER target=701782E8 SQR31?3              argc=0 site=7017C33E
gcalls seq=004526 caller=QUEST_SERVER target=701782E8 SQR31?3              argc=0 site=7017C33E
gcalls seq=004527 caller=QUEST_SERVER target=701782E8 SQR31?3              argc=0 site=7017C33E
gcalls seq=004528 caller=QUEST_SERVER target=701782E8 SQR31?3              argc=0 site=7017C33E
gcalls seq=004529 caller=QUEST_SERVER target=701782E8 SQR31?3              argc=0 site=7017C33E
gcalls seq=004530 caller=QUEST_SERVER target=701782E8 SQR31?3              argc=0 site=7017C33E
gcalls seq=004531 caller=QUEST_SERVER target=701782E8 SQR31?3              argc=0 site=7017C33E
gcalls seq=004532 caller=QUEST_SERVER target=701782E8 SQR31?3              argc=0 site=7017C33E
gcalls seq=004533 caller=QUEST_SERVER target=701782E8 SQR31?3              argc=0 site=7017C33E
gcalls seq=004534 caller=QUEST_SERVER target=701782E8 SQR31?3              argc=0 site=7017C33E
gcalls seq=004535 caller=QUEST_SERVER target=701782E8 SQR31?3              argc=0 site=7017C33E
gcalls seq=004536 caller=QUEST_SERVER target=701782E8 SQR31?3              argc=0 site=7017C33E
gcalls seq=004537 caller=QUEST_SERVER target=701782E8 SQR31?3              argc=0 site=7017C33E
gcalls seq=004538 caller=QUEST_SERVER target=701782E8 SQR31?3              argc=0 site=7017C33E
gcalls seq=004539 caller=QUEST_SERVER target=701782E8 SQR31?3              argc=0 site=7017C33E
gcalls seq=004540 caller=QUEST_SERVER target=701782E8 SQR31?3              argc=0 site=7017C33E
gcalls seq=004541 caller=QUEST_SERVER target=701782E8 SQR31?3              argc=0 site=7017C33E
gcalls seq=004542 caller=QUEST_SERVER target=701782E8 SQR31?3              argc=0 site=7017C33E
gcalls seq=004543 caller=QUEST_SERVER target=701782E8 SQR31?3              argc=0 site=7017C33E
gcalls seq=004544 caller=QUEST_SERVER target=701782E8 SQR31?3              argc=0 site=7017C33E
gcalls seq=004545 caller=QUEST_SERVER target=701782E8 SQR31?3              argc=0 site=7017C33E
gcalls seq=004546 caller=QUEST_SERVER target=701782E8 SQR31?3              argc=0 site=7017C33E
gcalls seq=004547 caller=QUEST_SERVER target=7017B501 PICK_X_Y             argc=2 site=7017AD25
gcalls seq=004548 caller=QUEST_SERVER target=7017C098 ROLL32               argc=0 site=7017E21A
gcalls seq=004549 caller=QUEST_SERVER target=7017C098 ROLL32               argc=0 site=7017E21A
gcalls seq=004550 caller=QUEST_SERVER target=7017C098 ROLL32               argc=0 site=7017E21A
gcalls seq=004551 caller=QUEST_SERVER target=70178F4D FIND_OBJECT          argc=3 site=7017AD2F
gcalls seq=004552 caller=QUEST_SERVER target=7017B501 PICK_X_Y             argc=2 site=7017AD25
gcalls seq=004553 caller=QUEST_SERVER target=7017C098 ROLL32               argc=0 site=7017E21A
gcalls seq=004554 caller=QUEST_SERVER target=7017C098 ROLL32               argc=0 site=7017E21A
gcalls seq=004555 caller=QUEST_SERVER target=7017C098 ROLL32               argc=0 site=7017E21A
gcalls seq=004556 caller=QUEST_SERVER target=70178F4D FIND_OBJECT          argc=3 site=7017AD2F
gcalls seq=004557 caller=QUEST_SERVER target=7017C13B TERRITORY            argc=6 site=7017AD41
gcalls seq=004558 caller=QUEST_SERVER target=701782E8 SQR31?3              argc=0 site=7017C33E
gcalls seq=004559 caller=QUEST_SERVER target=701782E8 SQR31?3              argc=0 site=7017C33E
gcalls seq=004560 caller=QUEST_SERVER target=701782E8 SQR31?3              argc=0 site=7017C33E
gcalls seq=004561 caller=QUEST_SERVER target=701782E8 SQR31?3              argc=0 site=7017C33E
gcalls seq=004562 caller=QUEST_SERVER target=701782E8 SQR31?3              argc=0 site=7017C33E
gcalls seq=004563 caller=QUEST_SERVER target=701782E8 SQR31?3              argc=0 site=7017C33E
gcalls seq=004564 caller=QUEST_SERVER target=701782E8 SQR31?3              argc=0 site=7017C33E
gcalls seq=004565 caller=QUEST_SERVER target=701782E8 SQR31?3              argc=0 site=7017C33E
gcalls seq=004566 caller=QUEST_SERVER target=701782E8 SQR31?3              argc=0 site=7017C33E
gcalls seq=004567 caller=QUEST_SERVER target=701782E8 SQR31?3              argc=0 site=7017C33E
gcalls seq=004568 caller=QUEST_SERVER target=701782E8 SQR31?3              argc=0 site=7017C33E
gcalls seq=004569 caller=QUEST_SERVER target=701782E8 SQR31?3              argc=0 site=7017C33E
gcalls seq=004570 caller=QUEST_SERVER target=701782E8 SQR31?3              argc=0 site=7017C33E
gcalls seq=004571 caller=QUEST_SERVER target=701782E8 SQR31?3              argc=0 site=7017C33E
gcalls seq=004572 caller=QUEST_SERVER target=701782E8 SQR31?3              argc=0 site=7017C33E
gcalls seq=004573 caller=QUEST_SERVER target=701782E8 SQR31?3              argc=0 site=7017C33E
gcalls seq=004574 caller=QUEST_SERVER target=701782E8 SQR31?3              argc=0 site=7017C33E
gcalls seq=004575 caller=QUEST_SERVER target=701782E8 SQR31?3              argc=0 site=7017C33E
gcalls seq=004576 caller=QUEST_SERVER target=701782E8 SQR31?3              argc=0 site=7017C33E
gcalls seq=004577 caller=QUEST_SERVER target=701782E8 SQR31?3              argc=0 site=7017C33E
gcalls seq=004578 caller=QUEST_SERVER target=701782E8 SQR31?3              argc=0 site=7017C33E
gcalls seq=004579 caller=QUEST_SERVER target=701782E8 SQR31?3              argc=0 site=7017C33E
gcalls seq=004580 caller=QUEST_SERVER target=701782E8 SQR31?3              argc=0 site=7017C33E
gcalls seq=004581 caller=QUEST_SERVER target=701782E8 SQR31?3              argc=0 site=7017C33E
gcalls seq=004582 caller=QUEST_SERVER target=701782E8 SQR31?3              argc=0 site=7017C33E
gcalls seq=004583 caller=QUEST_SERVER target=701782E8 SQR31?3              argc=0 site=7017C33E
gcalls seq=004584 caller=QUEST_SERVER target=701782E8 SQR31?3              argc=0 site=7017C33E
gcalls seq=004585 caller=QUEST_SERVER target=701782E8 SQR31?3              argc=0 site=7017C33E
gcalls seq=004586 caller=QUEST_SERVER target=701782E8 SQR31?3              argc=0 site=7017C33E
gcalls seq=004587 caller=QUEST_SERVER target=701782E8 SQR31?3              argc=0 site=7017C33E
gcalls seq=004588 caller=QUEST_SERVER target=701782E8 SQR31?3              argc=0 site=7017C33E
gcalls seq=004589 caller=QUEST_SERVER target=701782E8 SQR31?3              argc=0 site=7017C33E
gcalls seq=004590 caller=QUEST_SERVER target=701782E8 SQR31?3              argc=0 site=7017C33E
gcalls seq=004591 caller=QUEST_SERVER target=701782E8 SQR31?3              argc=0 site=7017C33E
gcalls seq=004592 caller=QUEST_SERVER target=701782E8 SQR31?3              argc=0 site=7017C33E
gcalls seq=004593 caller=QUEST_SERVER target=701782E8 SQR31?3              argc=0 site=7017C33E
gcalls seq=004594 caller=QUEST_SERVER target=701782E8 SQR31?3              argc=0 site=7017C33E
gcalls seq=004595 caller=QUEST_SERVER target=701782E8 SQR31?3              argc=0 site=7017C33E
gcalls seq=004596 caller=QUEST_SERVER target=701782E8 SQR31?3              argc=0 site=7017C33E
gcalls seq=004597 caller=QUEST_SERVER target=701782E8 SQR31?3              argc=0 site=7017C33E
gcalls seq=004598 caller=QUEST_SERVER target=701782E8 SQR31?3              argc=0 site=7017C33E
gcalls seq=004599 caller=QUEST_SERVER target=701782E8 SQR31?3              argc=0 site=7017C33E
gcalls seq=004600 caller=QUEST_SERVER target=701782E8 SQR31?3              argc=0 site=7017C33E
gcalls seq=004601 caller=QUEST_SERVER target=701782E8 SQR31?3              argc=0 site=7017C33E
gcalls seq=004602 caller=QUEST_SERVER target=701782E8 SQR31?3              argc=0 site=7017C33E
gcalls seq=004603 caller=QUEST_SERVER target=701782E8 SQR31?3              argc=0 site=7017C33E
gcalls seq=004604 caller=QUEST_SERVER target=701782E8 SQR31?3              argc=0 site=7017C33E
gcalls seq=004605 caller=QUEST_SERVER target=701782E8 SQR31?3              argc=0 site=7017C33E
gcalls seq=004606 caller=QUEST_SERVER target=701782E8 SQR31?3              argc=0 site=7017C33E
gcalls seq=004607 caller=QUEST_SERVER target=701782E8 SQR31?3              argc=0 site=7017C33E
gcalls seq=004608 caller=QUEST_SERVER target=701782E8 SQR31?3              argc=0 site=7017C33E
gcalls seq=004609 caller=QUEST_SERVER target=701782E8 SQR31?3              argc=0 site=7017C33E
gcalls seq=004610 caller=QUEST_SERVER target=701782E8 SQR31?3              argc=0 site=7017C33E
gcalls seq=004611 caller=QUEST_SERVER target=701782E8 SQR31?3              argc=0 site=7017C33E
gcalls seq=004612 caller=QUEST_SERVER target=701782E8 SQR31?3              argc=0 site=7017C33E
gcalls seq=004613 caller=QUEST_SERVER target=701782E8 SQR31?3              argc=0 site=7017C33E
gcalls seq=004614 caller=QUEST_SERVER target=701782E8 SQR31?3              argc=0 site=7017C33E
gcalls seq=004615 caller=QUEST_SERVER target=701782E8 SQR31?3              argc=0 site=7017C33E
gcalls seq=004616 caller=QUEST_SERVER target=701782E8 SQR31?3              argc=0 site=7017C33E
gcalls seq=004617 caller=QUEST_SERVER target=701782E8 SQR31?3              argc=0 site=7017C33E
gcalls seq=004618 caller=QUEST_SERVER target=701782E8 SQR31?3              argc=0 site=7017C33E
gcalls seq=004619 caller=QUEST_SERVER target=701782E8 SQR31?3              argc=0 site=7017C33E
gcalls seq=004620 caller=QUEST_SERVER target=701782E8 SQR31?3              argc=0 site=7017C33E
gcalls seq=004621 caller=QUEST_SERVER target=701782E8 SQR31?3              argc=0 site=7017C33E
gcalls seq=004622 caller=QUEST_SERVER target=701782E8 SQR31?3              argc=0 site=7017C33E
gcalls seq=004623 caller=QUEST_SERVER target=701782E8 SQR31?3              argc=0 site=7017C33E
gcalls seq=004624 caller=QUEST_SERVER target=701782E8 SQR31?3              argc=0 site=7017C33E
gcalls seq=004625 caller=QUEST_SERVER target=701782E8 SQR31?3              argc=0 site=7017C33E
gcalls seq=004626 caller=QUEST_SERVER target=701782E8 SQR31?3              argc=0 site=7017C33E
gcalls seq=004627 caller=QUEST_SERVER target=701782E8 SQR31?3              argc=0 site=7017C33E
gcalls seq=004628 caller=QUEST_SERVER target=701782E8 SQR31?3              argc=0 site=7017C33E
gcalls seq=004629 caller=QUEST_SERVER target=701782E8 SQR31?3              argc=0 site=7017C33E
gcalls seq=004630 caller=QUEST_SERVER target=701782E8 SQR31?3              argc=0 site=7017C33E
gcalls seq=004631 caller=QUEST_SERVER target=701782E8 SQR31?3              argc=0 site=7017C33E
gcalls seq=004632 caller=QUEST_SERVER target=701782E8 SQR31?3              argc=0 site=7017C33E
gcalls seq=004633 caller=QUEST_SERVER target=701782E8 SQR31?3              argc=0 site=7017C33E
gcalls seq=004634 caller=QUEST_SERVER target=701782E8 SQR31?3              argc=0 site=7017C33E
gcalls seq=004635 caller=QUEST_SERVER target=701782E8 SQR31?3              argc=0 site=7017C33E
gcalls seq=004636 caller=QUEST_SERVER target=701782E8 SQR31?3              argc=0 site=7017C33E
gcalls seq=004637 caller=QUEST_SERVER target=701782E8 SQR31?3              argc=0 site=7017C33E
gcalls seq=004638 caller=QUEST_SERVER target=701782E8 SQR31?3              argc=0 site=7017C33E
gcalls seq=004639 caller=QUEST_SERVER target=701782E8 SQR31?3              argc=0 site=7017C33E
gcalls seq=004640 caller=QUEST_SERVER target=701782E8 SQR31?3              argc=0 site=7017C33E
gcalls seq=004641 caller=QUEST_SERVER target=701782E8 SQR31?3              argc=0 site=7017C33E
gcalls seq=004642 caller=QUEST_SERVER target=701782E8 SQR31?3              argc=0 site=7017C33E
gcalls seq=004643 caller=QUEST_SERVER target=701782E8 SQR31?3              argc=0 site=7017C33E
gcalls seq=004644 caller=QUEST_SERVER target=701782E8 SQR31?3              argc=0 site=7017C33E
gcalls seq=004645 caller=QUEST_SERVER target=701782E8 SQR31?3              argc=0 site=7017C33E
gcalls seq=004646 caller=QUEST_SERVER target=701782E8 SQR31?3              argc=0 site=7017C33E
gcalls seq=004647 caller=QUEST_SERVER target=701782E8 SQR31?3              argc=0 site=7017C33E
gcalls seq=004648 caller=QUEST_SERVER target=701782E8 SQR31?3              argc=0 site=7017C33E
gcalls seq=004649 caller=QUEST_SERVER target=701782E8 SQR31?3              argc=0 site=7017C33E
gcalls seq=004650 caller=QUEST_SERVER target=701782E8 SQR31?3              argc=0 site=7017C33E
gcalls seq=004651 caller=QUEST_SERVER target=701782E8 SQR31?3              argc=0 site=7017C33E
gcalls seq=004652 caller=QUEST_SERVER target=701782E8 SQR31?3              argc=0 site=7017C33E
gcalls seq=004653 caller=QUEST_SERVER target=701782E8 SQR31?3              argc=0 site=7017C33E
gcalls seq=004654 caller=QUEST_SERVER target=701782E8 SQR31?3              argc=0 site=7017C33E
gcalls seq=004655 caller=QUEST_SERVER target=701782E8 SQR31?3              argc=0 site=7017C33E
gcalls seq=004656 caller=QUEST_SERVER target=701782E8 SQR31?3              argc=0 site=7017C33E
gcalls seq=004657 caller=QUEST_SERVER target=701782E8 SQR31?3              argc=0 site=7017C33E
gcalls seq=004658 caller=QUEST_SERVER target=701782E8 SQR31?3              argc=0 site=7017C33E
gcalls seq=004659 caller=QUEST_SERVER target=701782E8 SQR31?3              argc=0 site=7017C33E
gcalls seq=004660 caller=QUEST_SERVER target=701782E8 SQR31?3              argc=0 site=7017C33E
gcalls seq=004661 caller=QUEST_SERVER target=701782E8 SQR31?3              argc=0 site=7017C33E
gcalls seq=004662 caller=QUEST_SERVER target=701782E8 SQR31?3              argc=0 site=7017C33E
gcalls seq=004663 caller=QUEST_SERVER target=701782E8 SQR31?3              argc=0 site=7017C33E
gcalls seq=004664 caller=QUEST_SERVER target=701782E8 SQR31?3              argc=0 site=7017C33E
gcalls seq=004665 caller=QUEST_SERVER target=701782E8 SQR31?3              argc=0 site=7017C33E
gcalls seq=004666 caller=QUEST_SERVER target=701782E8 SQR31?3              argc=0 site=7017C33E
gcalls seq=004667 caller=QUEST_SERVER target=701782E8 SQR31?3              argc=0 site=7017C33E
gcalls seq=004668 caller=QUEST_SERVER target=701782E8 SQR31?3              argc=0 site=7017C33E
gcalls seq=004669 caller=QUEST_SERVER target=701782E8 SQR31?3              argc=0 site=7017C33E
gcalls seq=004670 caller=QUEST_SERVER target=701782E8 SQR31?3              argc=0 site=7017C33E
gcalls seq=004671 caller=QUEST_SERVER target=701782E8 SQR31?3              argc=0 site=7017C33E
gcalls seq=004672 caller=QUEST_SERVER target=701782E8 SQR31?3              argc=0 site=7017C33E
gcalls seq=004673 caller=QUEST_SERVER target=701782E8 SQR31?3              argc=0 site=7017C33E
gcalls seq=004674 caller=QUEST_SERVER target=7017B501 PICK_X_Y             argc=2 site=7017AD25
gcalls seq=004675 caller=QUEST_SERVER target=7017C098 ROLL32               argc=0 site=7017E21A
gcalls seq=004676 caller=QUEST_SERVER target=7017C098 ROLL32               argc=0 site=7017E21A
gcalls seq=004677 caller=QUEST_SERVER target=7017C098 ROLL32               argc=0 site=7017E21A
gcalls seq=004678 caller=QUEST_SERVER target=70178F4D FIND_OBJECT          argc=3 site=7017AD2F
gcalls seq=004679 caller=QUEST_SERVER target=7017B501 PICK_X_Y             argc=2 site=7017AD25
gcalls seq=004680 caller=QUEST_SERVER target=7017C098 ROLL32               argc=0 site=7017E21A
gcalls seq=004681 caller=QUEST_SERVER target=7017C098 ROLL32               argc=0 site=7017E21A
gcalls seq=004682 caller=QUEST_SERVER target=7017C098 ROLL32               argc=0 site=7017E21A
gcalls seq=004683 caller=QUEST_SERVER target=7017C098 ROLL32               argc=0 site=7017E21A
gcalls seq=004684 caller=QUEST_SERVER target=7017C098 ROLL32               argc=0 site=7017E21A
gcalls seq=004685 caller=QUEST_SERVER target=7017C098 ROLL32               argc=0 site=7017E21A
gcalls seq=004686 caller=QUEST_SERVER target=70178F4D FIND_OBJECT          argc=3 site=7017AD2F
gcalls seq=004687 caller=QUEST_SERVER target=7017C13B TERRITORY            argc=6 site=7017AD41
gcalls seq=004688 caller=QUEST_SERVER target=701782E8 SQR31?3              argc=0 site=7017C33E
gcalls seq=004689 caller=QUEST_SERVER target=701782E8 SQR31?3              argc=0 site=7017C33E
gcalls seq=004690 caller=QUEST_SERVER target=701782E8 SQR31?3              argc=0 site=7017C33E
gcalls seq=004691 caller=QUEST_SERVER target=701782E8 SQR31?3              argc=0 site=7017C33E
gcalls seq=004692 caller=QUEST_SERVER target=701782E8 SQR31?3              argc=0 site=7017C33E
gcalls seq=004693 caller=QUEST_SERVER target=701782E8 SQR31?3              argc=0 site=7017C33E
gcalls seq=004694 caller=QUEST_SERVER target=701782E8 SQR31?3              argc=0 site=7017C33E
gcalls seq=004695 caller=QUEST_SERVER target=701782E8 SQR31?3              argc=0 site=7017C33E
gcalls seq=004696 caller=QUEST_SERVER target=701782E8 SQR31?3              argc=0 site=7017C33E
gcalls seq=004697 caller=QUEST_SERVER target=701782E8 SQR31?3              argc=0 site=7017C33E
gcalls seq=004698 caller=QUEST_SERVER target=701782E8 SQR31?3              argc=0 site=7017C33E
gcalls seq=004699 caller=QUEST_SERVER target=701782E8 SQR31?3              argc=0 site=7017C33E
gcalls seq=004700 caller=QUEST_SERVER target=701782E8 SQR31?3              argc=0 site=7017C33E
gcalls seq=004701 caller=QUEST_SERVER target=701782E8 SQR31?3              argc=0 site=7017C33E
gcalls seq=004702 caller=QUEST_SERVER target=701782E8 SQR31?3              argc=0 site=7017C33E
gcalls seq=004703 caller=QUEST_SERVER target=701782E8 SQR31?3              argc=0 site=7017C33E
gcalls seq=004704 caller=QUEST_SERVER target=701782E8 SQR31?3              argc=0 site=7017C33E
gcalls seq=004705 caller=QUEST_SERVER target=701782E8 SQR31?3              argc=0 site=7017C33E
gcalls seq=004706 caller=QUEST_SERVER target=701782E8 SQR31?3              argc=0 site=7017C33E
gcalls seq=004707 caller=QUEST_SERVER target=701782E8 SQR31?3              argc=0 site=7017C33E
gcalls seq=004708 caller=QUEST_SERVER target=701782E8 SQR31?3              argc=0 site=7017C33E
gcalls seq=004709 caller=QUEST_SERVER target=701782E8 SQR31?3              argc=0 site=7017C33E
gcalls seq=004710 caller=QUEST_SERVER target=701782E8 SQR31?3              argc=0 site=7017C33E
gcalls seq=004711 caller=QUEST_SERVER target=701782E8 SQR31?3              argc=0 site=7017C33E
gcalls seq=004712 caller=QUEST_SERVER target=701782E8 SQR31?3              argc=0 site=7017C33E
gcalls seq=004713 caller=QUEST_SERVER target=701782E8 SQR31?3              argc=0 site=7017C33E
gcalls seq=004714 caller=QUEST_SERVER target=701782E8 SQR31?3              argc=0 site=7017C33E
gcalls seq=004715 caller=QUEST_SERVER target=701782E8 SQR31?3              argc=0 site=7017C33E
gcalls seq=004716 caller=QUEST_SERVER target=701782E8 SQR31?3              argc=0 site=7017C33E
gcalls seq=004717 caller=QUEST_SERVER target=701782E8 SQR31?3              argc=0 site=7017C33E
gcalls seq=004718 caller=QUEST_SERVER target=701782E8 SQR31?3              argc=0 site=7017C33E
gcalls seq=004719 caller=QUEST_SERVER target=701782E8 SQR31?3              argc=0 site=7017C33E
gcalls seq=004720 caller=QUEST_SERVER target=701782E8 SQR31?3              argc=0 site=7017C33E
gcalls seq=004721 caller=QUEST_SERVER target=701782E8 SQR31?3              argc=0 site=7017C33E
gcalls seq=004722 caller=QUEST_SERVER target=701782E8 SQR31?3              argc=0 site=7017C33E
gcalls seq=004723 caller=QUEST_SERVER target=701782E8 SQR31?3              argc=0 site=7017C33E
gcalls seq=004724 caller=QUEST_SERVER target=701782E8 SQR31?3              argc=0 site=7017C33E
gcalls seq=004725 caller=QUEST_SERVER target=701782E8 SQR31?3              argc=0 site=7017C33E
gcalls seq=004726 caller=QUEST_SERVER target=701782E8 SQR31?3              argc=0 site=7017C33E
gcalls seq=004727 caller=QUEST_SERVER target=701782E8 SQR31?3              argc=0 site=7017C33E
gcalls seq=004728 caller=QUEST_SERVER target=701782E8 SQR31?3              argc=0 site=7017C33E
gcalls seq=004729 caller=QUEST_SERVER target=701782E8 SQR31?3              argc=0 site=7017C33E
gcalls seq=004730 caller=QUEST_SERVER target=701782E8 SQR31?3              argc=0 site=7017C33E
gcalls seq=004731 caller=QUEST_SERVER target=701782E8 SQR31?3              argc=0 site=7017C33E
gcalls seq=004732 caller=QUEST_SERVER target=701782E8 SQR31?3              argc=0 site=7017C33E
gcalls seq=004733 caller=QUEST_SERVER target=701782E8 SQR31?3              argc=0 site=7017C33E
gcalls seq=004734 caller=QUEST_SERVER target=701782E8 SQR31?3              argc=0 site=7017C33E
gcalls seq=004735 caller=QUEST_SERVER target=701782E8 SQR31?3              argc=0 site=7017C33E
gcalls seq=004736 caller=QUEST_SERVER target=701782E8 SQR31?3              argc=0 site=7017C33E
gcalls seq=004737 caller=QUEST_SERVER target=701782E8 SQR31?3              argc=0 site=7017C33E
gcalls seq=004738 caller=QUEST_SERVER target=701782E8 SQR31?3              argc=0 site=7017C33E
gcalls seq=004739 caller=QUEST_SERVER target=701782E8 SQR31?3              argc=0 site=7017C33E
gcalls seq=004740 caller=QUEST_SERVER target=701782E8 SQR31?3              argc=0 site=7017C33E
gcalls seq=004741 caller=QUEST_SERVER target=701782E8 SQR31?3              argc=0 site=7017C33E
gcalls seq=004742 caller=QUEST_SERVER target=701782E8 SQR31?3              argc=0 site=7017C33E
gcalls seq=004743 caller=QUEST_SERVER target=701782E8 SQR31?3              argc=0 site=7017C33E
gcalls seq=004744 caller=QUEST_SERVER target=701782E8 SQR31?3              argc=0 site=7017C33E
gcalls seq=004745 caller=QUEST_SERVER target=701782E8 SQR31?3              argc=0 site=7017C33E
gcalls seq=004746 caller=QUEST_SERVER target=701782E8 SQR31?3              argc=0 site=7017C33E
gcalls seq=004747 caller=QUEST_SERVER target=701782E8 SQR31?3              argc=0 site=7017C33E
gcalls seq=004748 caller=QUEST_SERVER target=701782E8 SQR31?3              argc=0 site=7017C33E
gcalls seq=004749 caller=QUEST_SERVER target=701782E8 SQR31?3              argc=0 site=7017C33E
gcalls seq=004750 caller=QUEST_SERVER target=701782E8 SQR31?3              argc=0 site=7017C33E
gcalls seq=004751 caller=QUEST_SERVER target=701782E8 SQR31?3              argc=0 site=7017C33E
gcalls seq=004752 caller=QUEST_SERVER target=701782E8 SQR31?3              argc=0 site=7017C33E
gcalls seq=004753 caller=QUEST_SERVER target=701782E8 SQR31?3              argc=0 site=7017C33E
gcalls seq=004754 caller=QUEST_SERVER target=701782E8 SQR31?3              argc=0 site=7017C33E
gcalls seq=004755 caller=QUEST_SERVER target=701782E8 SQR31?3              argc=0 site=7017C33E
gcalls seq=004756 caller=QUEST_SERVER target=701782E8 SQR31?3              argc=0 site=7017C33E
gcalls seq=004757 caller=QUEST_SERVER target=701782E8 SQR31?3              argc=0 site=7017C33E
gcalls seq=004758 caller=QUEST_SERVER target=701782E8 SQR31?3              argc=0 site=7017C33E
gcalls seq=004759 caller=QUEST_SERVER target=701782E8 SQR31?3              argc=0 site=7017C33E
gcalls seq=004760 caller=QUEST_SERVER target=701782E8 SQR31?3              argc=0 site=7017C33E
gcalls seq=004761 caller=QUEST_SERVER target=701782E8 SQR31?3              argc=0 site=7017C33E
gcalls seq=004762 caller=QUEST_SERVER target=701782E8 SQR31?3              argc=0 site=7017C33E
gcalls seq=004763 caller=QUEST_SERVER target=701782E8 SQR31?3              argc=0 site=7017C33E
gcalls seq=004764 caller=QUEST_SERVER target=701782E8 SQR31?3              argc=0 site=7017C33E
gcalls seq=004765 caller=QUEST_SERVER target=701782E8 SQR31?3              argc=0 site=7017C33E
gcalls seq=004766 caller=QUEST_SERVER target=701782E8 SQR31?3              argc=0 site=7017C33E
gcalls seq=004767 caller=QUEST_SERVER target=701782E8 SQR31?3              argc=0 site=7017C33E
gcalls seq=004768 caller=QUEST_SERVER target=701782E8 SQR31?3              argc=0 site=7017C33E
gcalls seq=004769 caller=QUEST_SERVER target=701782E8 SQR31?3              argc=0 site=7017C33E
gcalls seq=004770 caller=QUEST_SERVER target=701782E8 SQR31?3              argc=0 site=7017C33E
gcalls seq=004771 caller=QUEST_SERVER target=701782E8 SQR31?3              argc=0 site=7017C33E
gcalls seq=004772 caller=QUEST_SERVER target=701782E8 SQR31?3              argc=0 site=7017C33E
gcalls seq=004773 caller=QUEST_SERVER target=701782E8 SQR31?3              argc=0 site=7017C33E
gcalls seq=004774 caller=QUEST_SERVER target=701782E8 SQR31?3              argc=0 site=7017C33E
gcalls seq=004775 caller=QUEST_SERVER target=701782E8 SQR31?3              argc=0 site=7017C33E
gcalls seq=004776 caller=QUEST_SERVER target=701782E8 SQR31?3              argc=0 site=7017C33E
gcalls seq=004777 caller=QUEST_SERVER target=701782E8 SQR31?3              argc=0 site=7017C33E
gcalls seq=004778 caller=QUEST_SERVER target=701782E8 SQR31?3              argc=0 site=7017C33E
gcalls seq=004779 caller=QUEST_SERVER target=701782E8 SQR31?3              argc=0 site=7017C33E
gcalls seq=004780 caller=QUEST_SERVER target=701782E8 SQR31?3              argc=0 site=7017C33E
gcalls seq=004781 caller=QUEST_SERVER target=701782E8 SQR31?3              argc=0 site=7017C33E
gcalls seq=004782 caller=QUEST_SERVER target=701782E8 SQR31?3              argc=0 site=7017C33E
gcalls seq=004783 caller=QUEST_SERVER target=701782E8 SQR31?3              argc=0 site=7017C33E
gcalls seq=004784 caller=QUEST_SERVER target=701782E8 SQR31?3              argc=0 site=7017C33E
gcalls seq=004785 caller=QUEST_SERVER target=701782E8 SQR31?3              argc=0 site=7017C33E
gcalls seq=004786 caller=QUEST_SERVER target=701782E8 SQR31?3              argc=0 site=7017C33E
gcalls seq=004787 caller=QUEST_SERVER target=701782E8 SQR31?3              argc=0 site=7017C33E
gcalls seq=004788 caller=QUEST_SERVER target=701782E8 SQR31?3              argc=0 site=7017C33E
gcalls seq=004789 caller=QUEST_SERVER target=701782E8 SQR31?3              argc=0 site=7017C33E
gcalls seq=004790 caller=QUEST_SERVER target=701782E8 SQR31?3              argc=0 site=7017C33E
gcalls seq=004791 caller=QUEST_SERVER target=701782E8 SQR31?3              argc=0 site=7017C33E
gcalls seq=004792 caller=QUEST_SERVER target=701782E8 SQR31?3              argc=0 site=7017C33E
gcalls seq=004793 caller=QUEST_SERVER target=701782E8 SQR31?3              argc=0 site=7017C33E
gcalls seq=004794 caller=QUEST_SERVER target=701782E8 SQR31?3              argc=0 site=7017C33E
gcalls seq=004795 caller=QUEST_SERVER target=701782E8 SQR31?3              argc=0 site=7017C33E
gcalls seq=004796 caller=QUEST_SERVER target=701782E8 SQR31?3              argc=0 site=7017C33E
gcalls seq=004797 caller=QUEST_SERVER target=701782E8 SQR31?3              argc=0 site=7017C33E
gcalls seq=004798 caller=QUEST_SERVER target=701782E8 SQR31?3              argc=0 site=7017C33E
gcalls seq=004799 caller=QUEST_SERVER target=701782E8 SQR31?3              argc=0 site=7017C33E
gcalls seq=004800 caller=QUEST_SERVER target=701782E8 SQR31?3              argc=0 site=7017C33E
gcalls seq=004801 caller=QUEST_SERVER target=701782E8 SQR31?3              argc=0 site=7017C33E
gcalls seq=004802 caller=QUEST_SERVER target=701782E8 SQR31?3              argc=0 site=7017C33E
gcalls seq=004803 caller=QUEST_SERVER target=701782E8 SQR31?3              argc=0 site=7017C33E
gcalls seq=004804 caller=QUEST_SERVER target=7017B501 PICK_X_Y             argc=2 site=7017AD25
gcalls seq=004805 caller=QUEST_SERVER target=7017C098 ROLL32               argc=0 site=7017E21A
gcalls seq=004806 caller=QUEST_SERVER target=7017C098 ROLL32               argc=0 site=7017E21A
gcalls seq=004807 caller=QUEST_SERVER target=7017C098 ROLL32               argc=0 site=7017E21A
gcalls seq=004808 caller=QUEST_SERVER target=70178F4D FIND_OBJECT          argc=3 site=7017AD2F
gcalls seq=004809 caller=QUEST_SERVER target=7017B501 PICK_X_Y             argc=2 site=7017AD25
gcalls seq=004810 caller=QUEST_SERVER target=7017C098 ROLL32               argc=0 site=7017E21A
gcalls seq=004811 caller=QUEST_SERVER target=7017C098 ROLL32               argc=0 site=7017E21A
gcalls seq=004812 caller=QUEST_SERVER target=7017C098 ROLL32               argc=0 site=7017E21A
gcalls seq=004813 caller=QUEST_SERVER target=7017C098 ROLL32               argc=0 site=7017E21A
gcalls seq=004814 caller=QUEST_SERVER target=70178F4D FIND_OBJECT          argc=3 site=7017AD2F
gcalls seq=004815 caller=QUEST_SERVER target=7017C13B TERRITORY            argc=6 site=7017AD41
gcalls seq=004816 caller=QUEST_SERVER target=701782E8 SQR31?3              argc=0 site=7017C33E
gcalls seq=004817 caller=QUEST_SERVER target=701782E8 SQR31?3              argc=0 site=7017C33E
gcalls seq=004818 caller=QUEST_SERVER target=701782E8 SQR31?3              argc=0 site=7017C33E
gcalls seq=004819 caller=QUEST_SERVER target=701782E8 SQR31?3              argc=0 site=7017C33E
gcalls seq=004820 caller=QUEST_SERVER target=701782E8 SQR31?3              argc=0 site=7017C33E
gcalls seq=004821 caller=QUEST_SERVER target=701782E8 SQR31?3              argc=0 site=7017C33E
gcalls seq=004822 caller=QUEST_SERVER target=701782E8 SQR31?3              argc=0 site=7017C33E
gcalls seq=004823 caller=QUEST_SERVER target=701782E8 SQR31?3              argc=0 site=7017C33E
gcalls seq=004824 caller=QUEST_SERVER target=701782E8 SQR31?3              argc=0 site=7017C33E
gcalls seq=004825 caller=QUEST_SERVER target=701782E8 SQR31?3              argc=0 site=7017C33E
gcalls seq=004826 caller=QUEST_SERVER target=701782E8 SQR31?3              argc=0 site=7017C33E
gcalls seq=004827 caller=QUEST_SERVER target=701782E8 SQR31?3              argc=0 site=7017C33E
gcalls seq=004828 caller=QUEST_SERVER target=701782E8 SQR31?3              argc=0 site=7017C33E
gcalls seq=004829 caller=QUEST_SERVER target=701782E8 SQR31?3              argc=0 site=7017C33E
gcalls seq=004830 caller=QUEST_SERVER target=701782E8 SQR31?3              argc=0 site=7017C33E
gcalls seq=004831 caller=QUEST_SERVER target=701782E8 SQR31?3              argc=0 site=7017C33E
gcalls seq=004832 caller=QUEST_SERVER target=701782E8 SQR31?3              argc=0 site=7017C33E
gcalls seq=004833 caller=QUEST_SERVER target=701782E8 SQR31?3              argc=0 site=7017C33E
gcalls seq=004834 caller=QUEST_SERVER target=701782E8 SQR31?3              argc=0 site=7017C33E
gcalls seq=004835 caller=QUEST_SERVER target=701782E8 SQR31?3              argc=0 site=7017C33E
gcalls seq=004836 caller=QUEST_SERVER target=701782E8 SQR31?3              argc=0 site=7017C33E
gcalls seq=004837 caller=QUEST_SERVER target=701782E8 SQR31?3              argc=0 site=7017C33E
gcalls seq=004838 caller=QUEST_SERVER target=701782E8 SQR31?3              argc=0 site=7017C33E
gcalls seq=004839 caller=QUEST_SERVER target=701782E8 SQR31?3              argc=0 site=7017C33E
gcalls seq=004840 caller=QUEST_SERVER target=701782E8 SQR31?3              argc=0 site=7017C33E
gcalls seq=004841 caller=QUEST_SERVER target=701782E8 SQR31?3              argc=0 site=7017C33E
gcalls seq=004842 caller=QUEST_SERVER target=701782E8 SQR31?3              argc=0 site=7017C33E
gcalls seq=004843 caller=QUEST_SERVER target=701782E8 SQR31?3              argc=0 site=7017C33E
gcalls seq=004844 caller=QUEST_SERVER target=701782E8 SQR31?3              argc=0 site=7017C33E
gcalls seq=004845 caller=QUEST_SERVER target=701782E8 SQR31?3              argc=0 site=7017C33E
gcalls seq=004846 caller=QUEST_SERVER target=701782E8 SQR31?3              argc=0 site=7017C33E
gcalls seq=004847 caller=QUEST_SERVER target=701782E8 SQR31?3              argc=0 site=7017C33E
gcalls seq=004848 caller=QUEST_SERVER target=701782E8 SQR31?3              argc=0 site=7017C33E
gcalls seq=004849 caller=QUEST_SERVER target=701782E8 SQR31?3              argc=0 site=7017C33E
gcalls seq=004850 caller=QUEST_SERVER target=701782E8 SQR31?3              argc=0 site=7017C33E
gcalls seq=004851 caller=QUEST_SERVER target=701782E8 SQR31?3              argc=0 site=7017C33E
gcalls seq=004852 caller=QUEST_SERVER target=701782E8 SQR31?3              argc=0 site=7017C33E
gcalls seq=004853 caller=QUEST_SERVER target=701782E8 SQR31?3              argc=0 site=7017C33E
gcalls seq=004854 caller=QUEST_SERVER target=701782E8 SQR31?3              argc=0 site=7017C33E
gcalls seq=004855 caller=QUEST_SERVER target=701782E8 SQR31?3              argc=0 site=7017C33E
gcalls seq=004856 caller=QUEST_SERVER target=701782E8 SQR31?3              argc=0 site=7017C33E
gcalls seq=004857 caller=QUEST_SERVER target=701782E8 SQR31?3              argc=0 site=7017C33E
gcalls seq=004858 caller=QUEST_SERVER target=701782E8 SQR31?3              argc=0 site=7017C33E
gcalls seq=004859 caller=QUEST_SERVER target=701782E8 SQR31?3              argc=0 site=7017C33E
gcalls seq=004860 caller=QUEST_SERVER target=701782E8 SQR31?3              argc=0 site=7017C33E
gcalls seq=004861 caller=QUEST_SERVER target=701782E8 SQR31?3              argc=0 site=7017C33E
gcalls seq=004862 caller=QUEST_SERVER target=701782E8 SQR31?3              argc=0 site=7017C33E
gcalls seq=004863 caller=QUEST_SERVER target=701782E8 SQR31?3              argc=0 site=7017C33E
gcalls seq=004864 caller=QUEST_SERVER target=701782E8 SQR31?3              argc=0 site=7017C33E
gcalls seq=004865 caller=QUEST_SERVER target=701782E8 SQR31?3              argc=0 site=7017C33E
gcalls seq=004866 caller=QUEST_SERVER target=701782E8 SQR31?3              argc=0 site=7017C33E
gcalls seq=004867 caller=QUEST_SERVER target=701782E8 SQR31?3              argc=0 site=7017C33E
gcalls seq=004868 caller=QUEST_SERVER target=701782E8 SQR31?3              argc=0 site=7017C33E
gcalls seq=004869 caller=QUEST_SERVER target=701782E8 SQR31?3              argc=0 site=7017C33E
gcalls seq=004870 caller=QUEST_SERVER target=701782E8 SQR31?3              argc=0 site=7017C33E
gcalls seq=004871 caller=QUEST_SERVER target=701782E8 SQR31?3              argc=0 site=7017C33E
gcalls seq=004872 caller=QUEST_SERVER target=701782E8 SQR31?3              argc=0 site=7017C33E
gcalls seq=004873 caller=QUEST_SERVER target=701782E8 SQR31?3              argc=0 site=7017C33E
gcalls seq=004874 caller=QUEST_SERVER target=701782E8 SQR31?3              argc=0 site=7017C33E
gcalls seq=004875 caller=QUEST_SERVER target=701782E8 SQR31?3              argc=0 site=7017C33E
gcalls seq=004876 caller=QUEST_SERVER target=701782E8 SQR31?3              argc=0 site=7017C33E
gcalls seq=004877 caller=QUEST_SERVER target=701782E8 SQR31?3              argc=0 site=7017C33E
gcalls seq=004878 caller=QUEST_SERVER target=701782E8 SQR31?3              argc=0 site=7017C33E
gcalls seq=004879 caller=QUEST_SERVER target=701782E8 SQR31?3              argc=0 site=7017C33E
gcalls seq=004880 caller=QUEST_SERVER target=701782E8 SQR31?3              argc=0 site=7017C33E
gcalls seq=004881 caller=QUEST_SERVER target=701782E8 SQR31?3              argc=0 site=7017C33E
gcalls seq=004882 caller=QUEST_SERVER target=701782E8 SQR31?3              argc=0 site=7017C33E
gcalls seq=004883 caller=QUEST_SERVER target=701782E8 SQR31?3              argc=0 site=7017C33E
gcalls seq=004884 caller=QUEST_SERVER target=701782E8 SQR31?3              argc=0 site=7017C33E
gcalls seq=004885 caller=QUEST_SERVER target=701782E8 SQR31?3              argc=0 site=7017C33E
gcalls seq=004886 caller=QUEST_SERVER target=701782E8 SQR31?3              argc=0 site=7017C33E
gcalls seq=004887 caller=QUEST_SERVER target=701782E8 SQR31?3              argc=0 site=7017C33E
gcalls seq=004888 caller=QUEST_SERVER target=701782E8 SQR31?3              argc=0 site=7017C33E
gcalls seq=004889 caller=QUEST_SERVER target=701782E8 SQR31?3              argc=0 site=7017C33E
gcalls seq=004890 caller=QUEST_SERVER target=701782E8 SQR31?3              argc=0 site=7017C33E
gcalls seq=004891 caller=QUEST_SERVER target=701782E8 SQR31?3              argc=0 site=7017C33E
gcalls seq=004892 caller=QUEST_SERVER target=701782E8 SQR31?3              argc=0 site=7017C33E
gcalls seq=004893 caller=QUEST_SERVER target=701782E8 SQR31?3              argc=0 site=7017C33E
gcalls seq=004894 caller=QUEST_SERVER target=701782E8 SQR31?3              argc=0 site=7017C33E
gcalls seq=004895 caller=QUEST_SERVER target=701782E8 SQR31?3              argc=0 site=7017C33E
gcalls seq=004896 caller=QUEST_SERVER target=701782E8 SQR31?3              argc=0 site=7017C33E
gcalls seq=004897 caller=QUEST_SERVER target=701782E8 SQR31?3              argc=0 site=7017C33E
gcalls seq=004898 caller=QUEST_SERVER target=701782E8 SQR31?3              argc=0 site=7017C33E
gcalls seq=004899 caller=QUEST_SERVER target=701782E8 SQR31?3              argc=0 site=7017C33E
gcalls seq=004900 caller=QUEST_SERVER target=701782E8 SQR31?3              argc=0 site=7017C33E
gcalls seq=004901 caller=QUEST_SERVER target=701782E8 SQR31?3              argc=0 site=7017C33E
gcalls seq=004902 caller=QUEST_SERVER target=701782E8 SQR31?3              argc=0 site=7017C33E
gcalls seq=004903 caller=QUEST_SERVER target=701782E8 SQR31?3              argc=0 site=7017C33E
gcalls seq=004904 caller=QUEST_SERVER target=701782E8 SQR31?3              argc=0 site=7017C33E
gcalls seq=004905 caller=QUEST_SERVER target=701782E8 SQR31?3              argc=0 site=7017C33E
gcalls seq=004906 caller=QUEST_SERVER target=701782E8 SQR31?3              argc=0 site=7017C33E
gcalls seq=004907 caller=QUEST_SERVER target=701782E8 SQR31?3              argc=0 site=7017C33E
gcalls seq=004908 caller=QUEST_SERVER target=701782E8 SQR31?3              argc=0 site=7017C33E
gcalls seq=004909 caller=QUEST_SERVER target=701782E8 SQR31?3              argc=0 site=7017C33E
gcalls seq=004910 caller=QUEST_SERVER target=701782E8 SQR31?3              argc=0 site=7017C33E
gcalls seq=004911 caller=QUEST_SERVER target=701782E8 SQR31?3              argc=0 site=7017C33E
gcalls seq=004912 caller=QUEST_SERVER target=701782E8 SQR31?3              argc=0 site=7017C33E
gcalls seq=004913 caller=QUEST_SERVER target=701782E8 SQR31?3              argc=0 site=7017C33E
gcalls seq=004914 caller=QUEST_SERVER target=701782E8 SQR31?3              argc=0 site=7017C33E
gcalls seq=004915 caller=QUEST_SERVER target=701782E8 SQR31?3              argc=0 site=7017C33E
gcalls seq=004916 caller=QUEST_SERVER target=701782E8 SQR31?3              argc=0 site=7017C33E
gcalls seq=004917 caller=QUEST_SERVER target=701782E8 SQR31?3              argc=0 site=7017C33E
gcalls seq=004918 caller=QUEST_SERVER target=701782E8 SQR31?3              argc=0 site=7017C33E
gcalls seq=004919 caller=QUEST_SERVER target=701782E8 SQR31?3              argc=0 site=7017C33E
gcalls seq=004920 caller=QUEST_SERVER target=701782E8 SQR31?3              argc=0 site=7017C33E
gcalls seq=004921 caller=QUEST_SERVER target=701782E8 SQR31?3              argc=0 site=7017C33E
gcalls seq=004922 caller=QUEST_SERVER target=701782E8 SQR31?3              argc=0 site=7017C33E
gcalls seq=004923 caller=QUEST_SERVER target=701782E8 SQR31?3              argc=0 site=7017C33E
gcalls seq=004924 caller=QUEST_SERVER target=701782E8 SQR31?3              argc=0 site=7017C33E
gcalls seq=004925 caller=QUEST_SERVER target=701782E8 SQR31?3              argc=0 site=7017C33E
gcalls seq=004926 caller=QUEST_SERVER target=701782E8 SQR31?3              argc=0 site=7017C33E
gcalls seq=004927 caller=QUEST_SERVER target=701782E8 SQR31?3              argc=0 site=7017C33E
gcalls seq=004928 caller=QUEST_SERVER target=701782E8 SQR31?3              argc=0 site=7017C33E
gcalls seq=004929 caller=QUEST_SERVER target=701782E8 SQR31?3              argc=0 site=7017C33E
gcalls seq=004930 caller=QUEST_SERVER target=701782E8 SQR31?3              argc=0 site=7017C33E
gcalls seq=004931 caller=QUEST_SERVER target=701782E8 SQR31?3              argc=0 site=7017C33E
gcalls seq=004932 caller=QUEST_SERVER target=7017B501 PICK_X_Y             argc=2 site=7017AD25
gcalls seq=004933 caller=QUEST_SERVER target=7017C098 ROLL32               argc=0 site=7017E21A
gcalls seq=004934 caller=QUEST_SERVER target=7017C098 ROLL32               argc=0 site=7017E21A
gcalls seq=004935 caller=QUEST_SERVER target=7017C098 ROLL32               argc=0 site=7017E21A
gcalls seq=004936 caller=QUEST_SERVER target=7017C098 ROLL32               argc=0 site=7017E21A
gcalls seq=004937 caller=QUEST_SERVER target=7017C098 ROLL32               argc=0 site=7017E21A
gcalls seq=004938 caller=QUEST_SERVER target=7017C098 ROLL32               argc=0 site=7017E21A
gcalls seq=004939 caller=QUEST_SERVER target=70178F4D FIND_OBJECT          argc=3 site=7017AD2F
gcalls seq=004940 caller=QUEST_SERVER target=7017C13B TERRITORY            argc=6 site=7017AD41
gcalls seq=004941 caller=QUEST_SERVER target=701782E8 SQR31?3              argc=0 site=7017C33E
gcalls seq=004942 caller=QUEST_SERVER target=701782E8 SQR31?3              argc=0 site=7017C33E
gcalls seq=004943 caller=QUEST_SERVER target=701782E8 SQR31?3              argc=0 site=7017C33E
gcalls seq=004944 caller=QUEST_SERVER target=701782E8 SQR31?3              argc=0 site=7017C33E
gcalls seq=004945 caller=QUEST_SERVER target=701782E8 SQR31?3              argc=0 site=7017C33E
gcalls seq=004946 caller=QUEST_SERVER target=701782E8 SQR31?3              argc=0 site=7017C33E
gcalls seq=004947 caller=QUEST_SERVER target=701782E8 SQR31?3              argc=0 site=7017C33E
gcalls seq=004948 caller=QUEST_SERVER target=701782E8 SQR31?3              argc=0 site=7017C33E
gcalls seq=004949 caller=QUEST_SERVER target=701782E8 SQR31?3              argc=0 site=7017C33E
gcalls seq=004950 caller=QUEST_SERVER target=701782E8 SQR31?3              argc=0 site=7017C33E
gcalls seq=004951 caller=QUEST_SERVER target=701782E8 SQR31?3              argc=0 site=7017C33E
gcalls seq=004952 caller=QUEST_SERVER target=701782E8 SQR31?3              argc=0 site=7017C33E
gcalls seq=004953 caller=QUEST_SERVER target=701782E8 SQR31?3              argc=0 site=7017C33E
gcalls seq=004954 caller=QUEST_SERVER target=701782E8 SQR31?3              argc=0 site=7017C33E
gcalls seq=004955 caller=QUEST_SERVER target=701782E8 SQR31?3              argc=0 site=7017C33E
gcalls seq=004956 caller=QUEST_SERVER target=701782E8 SQR31?3              argc=0 site=7017C33E
gcalls seq=004957 caller=QUEST_SERVER target=701782E8 SQR31?3              argc=0 site=7017C33E
gcalls seq=004958 caller=QUEST_SERVER target=701782E8 SQR31?3              argc=0 site=7017C33E
gcalls seq=004959 caller=QUEST_SERVER target=701782E8 SQR31?3              argc=0 site=7017C33E
gcalls seq=004960 caller=QUEST_SERVER target=701782E8 SQR31?3              argc=0 site=7017C33E
gcalls seq=004961 caller=QUEST_SERVER target=701782E8 SQR31?3              argc=0 site=7017C33E
gcalls seq=004962 caller=QUEST_SERVER target=701782E8 SQR31?3              argc=0 site=7017C33E
gcalls seq=004963 caller=QUEST_SERVER target=701782E8 SQR31?3              argc=0 site=7017C33E
gcalls seq=004964 caller=QUEST_SERVER target=701782E8 SQR31?3              argc=0 site=7017C33E
gcalls seq=004965 caller=QUEST_SERVER target=701782E8 SQR31?3              argc=0 site=7017C33E
gcalls seq=004966 caller=QUEST_SERVER target=701782E8 SQR31?3              argc=0 site=7017C33E
gcalls seq=004967 caller=QUEST_SERVER target=701782E8 SQR31?3              argc=0 site=7017C33E
gcalls seq=004968 caller=QUEST_SERVER target=701782E8 SQR31?3              argc=0 site=7017C33E
gcalls seq=004969 caller=QUEST_SERVER target=701782E8 SQR31?3              argc=0 site=7017C33E
gcalls seq=004970 caller=QUEST_SERVER target=701782E8 SQR31?3              argc=0 site=7017C33E
gcalls seq=004971 caller=QUEST_SERVER target=701782E8 SQR31?3              argc=0 site=7017C33E
gcalls seq=004972 caller=QUEST_SERVER target=701782E8 SQR31?3              argc=0 site=7017C33E
gcalls seq=004973 caller=QUEST_SERVER target=701782E8 SQR31?3              argc=0 site=7017C33E
gcalls seq=004974 caller=QUEST_SERVER target=701782E8 SQR31?3              argc=0 site=7017C33E
gcalls seq=004975 caller=QUEST_SERVER target=701782E8 SQR31?3              argc=0 site=7017C33E
gcalls seq=004976 caller=QUEST_SERVER target=701782E8 SQR31?3              argc=0 site=7017C33E
gcalls seq=004977 caller=QUEST_SERVER target=701782E8 SQR31?3              argc=0 site=7017C33E
gcalls seq=004978 caller=QUEST_SERVER target=701782E8 SQR31?3              argc=0 site=7017C33E
gcalls seq=004979 caller=QUEST_SERVER target=701782E8 SQR31?3              argc=0 site=7017C33E
gcalls seq=004980 caller=QUEST_SERVER target=701782E8 SQR31?3              argc=0 site=7017C33E
gcalls seq=004981 caller=QUEST_SERVER target=701782E8 SQR31?3              argc=0 site=7017C33E
gcalls seq=004982 caller=QUEST_SERVER target=701782E8 SQR31?3              argc=0 site=7017C33E
gcalls seq=004983 caller=QUEST_SERVER target=701782E8 SQR31?3              argc=0 site=7017C33E
gcalls seq=004984 caller=QUEST_SERVER target=701782E8 SQR31?3              argc=0 site=7017C33E
gcalls seq=004985 caller=QUEST_SERVER target=701782E8 SQR31?3              argc=0 site=7017C33E
gcalls seq=004986 caller=QUEST_SERVER target=701782E8 SQR31?3              argc=0 site=7017C33E
gcalls seq=004987 caller=QUEST_SERVER target=701782E8 SQR31?3              argc=0 site=7017C33E
gcalls seq=004988 caller=QUEST_SERVER target=701782E8 SQR31?3              argc=0 site=7017C33E
gcalls seq=004989 caller=QUEST_SERVER target=701782E8 SQR31?3              argc=0 site=7017C33E
gcalls seq=004990 caller=QUEST_SERVER target=701782E8 SQR31?3              argc=0 site=7017C33E
gcalls seq=004991 caller=QUEST_SERVER target=701782E8 SQR31?3              argc=0 site=7017C33E
gcalls seq=004992 caller=QUEST_SERVER target=701782E8 SQR31?3              argc=0 site=7017C33E
gcalls seq=004993 caller=QUEST_SERVER target=701782E8 SQR31?3              argc=0 site=7017C33E
gcalls seq=004994 caller=QUEST_SERVER target=701782E8 SQR31?3              argc=0 site=7017C33E
gcalls seq=004995 caller=QUEST_SERVER target=701782E8 SQR31?3              argc=0 site=7017C33E
gcalls seq=004996 caller=QUEST_SERVER target=701782E8 SQR31?3              argc=0 site=7017C33E
gcalls seq=004997 caller=QUEST_SERVER target=701782E8 SQR31?3              argc=0 site=7017C33E
gcalls seq=004998 caller=QUEST_SERVER target=701782E8 SQR31?3              argc=0 site=7017C33E
gcalls seq=004999 caller=QUEST_SERVER target=701782E8 SQR31?3              argc=0 site=7017C33E
gcalls seq=005000 caller=QUEST_SERVER target=701782E8 SQR31?3              argc=0 site=7017C33E
gcalls seq=005001 caller=QUEST_SERVER target=701782E8 SQR31?3              argc=0 site=7017C33E
gcalls seq=005002 caller=QUEST_SERVER target=701782E8 SQR31?3              argc=0 site=7017C33E
gcalls seq=005003 caller=QUEST_SERVER target=701782E8 SQR31?3              argc=0 site=7017C33E
gcalls seq=005004 caller=QUEST_SERVER target=701782E8 SQR31?3              argc=0 site=7017C33E
gcalls seq=005005 caller=QUEST_SERVER target=701782E8 SQR31?3              argc=0 site=7017C33E
gcalls seq=005006 caller=QUEST_SERVER target=701782E8 SQR31?3              argc=0 site=7017C33E
gcalls seq=005007 caller=QUEST_SERVER target=701782E8 SQR31?3              argc=0 site=7017C33E
gcalls seq=005008 caller=QUEST_SERVER target=701782E8 SQR31?3              argc=0 site=7017C33E
gcalls seq=005009 caller=QUEST_SERVER target=701782E8 SQR31?3              argc=0 site=7017C33E
gcalls seq=005010 caller=QUEST_SERVER target=701782E8 SQR31?3              argc=0 site=7017C33E
gcalls seq=005011 caller=QUEST_SERVER target=701782E8 SQR31?3              argc=0 site=7017C33E
gcalls seq=005012 caller=QUEST_SERVER target=701782E8 SQR31?3              argc=0 site=7017C33E
gcalls seq=005013 caller=QUEST_SERVER target=701782E8 SQR31?3              argc=0 site=7017C33E
gcalls seq=005014 caller=QUEST_SERVER target=701782E8 SQR31?3              argc=0 site=7017C33E
gcalls seq=005015 caller=QUEST_SERVER target=701782E8 SQR31?3              argc=0 site=7017C33E
gcalls seq=005016 caller=QUEST_SERVER target=701782E8 SQR31?3              argc=0 site=7017C33E
gcalls seq=005017 caller=QUEST_SERVER target=701782E8 SQR31?3              argc=0 site=7017C33E
gcalls seq=005018 caller=QUEST_SERVER target=701782E8 SQR31?3              argc=0 site=7017C33E
gcalls seq=005019 caller=QUEST_SERVER target=701782E8 SQR31?3              argc=0 site=7017C33E
gcalls seq=005020 caller=QUEST_SERVER target=701782E8 SQR31?3              argc=0 site=7017C33E
gcalls seq=005021 caller=QUEST_SERVER target=701782E8 SQR31?3              argc=0 site=7017C33E
gcalls seq=005022 caller=QUEST_SERVER target=701782E8 SQR31?3              argc=0 site=7017C33E
gcalls seq=005023 caller=QUEST_SERVER target=701782E8 SQR31?3              argc=0 site=7017C33E
gcalls seq=005024 caller=QUEST_SERVER target=701782E8 SQR31?3              argc=0 site=7017C33E
gcalls seq=005025 caller=QUEST_SERVER target=701782E8 SQR31?3              argc=0 site=7017C33E
gcalls seq=005026 caller=QUEST_SERVER target=701782E8 SQR31?3              argc=0 site=7017C33E
gcalls seq=005027 caller=QUEST_SERVER target=701782E8 SQR31?3              argc=0 site=7017C33E
gcalls seq=005028 caller=QUEST_SERVER target=701782E8 SQR31?3              argc=0 site=7017C33E
gcalls seq=005029 caller=QUEST_SERVER target=701782E8 SQR31?3              argc=0 site=7017C33E
gcalls seq=005030 caller=QUEST_SERVER target=701782E8 SQR31?3              argc=0 site=7017C33E
gcalls seq=005031 caller=QUEST_SERVER target=701782E8 SQR31?3              argc=0 site=7017C33E
gcalls seq=005032 caller=QUEST_SERVER target=701782E8 SQR31?3              argc=0 site=7017C33E
gcalls seq=005033 caller=QUEST_SERVER target=701782E8 SQR31?3              argc=0 site=7017C33E
gcalls seq=005034 caller=QUEST_SERVER target=701782E8 SQR31?3              argc=0 site=7017C33E
gcalls seq=005035 caller=QUEST_SERVER target=701782E8 SQR31?3              argc=0 site=7017C33E
gcalls seq=005036 caller=QUEST_SERVER target=701782E8 SQR31?3              argc=0 site=7017C33E
gcalls seq=005037 caller=QUEST_SERVER target=701782E8 SQR31?3              argc=0 site=7017C33E
gcalls seq=005038 caller=QUEST_SERVER target=701782E8 SQR31?3              argc=0 site=7017C33E
gcalls seq=005039 caller=QUEST_SERVER target=701782E8 SQR31?3              argc=0 site=7017C33E
gcalls seq=005040 caller=QUEST_SERVER target=701782E8 SQR31?3              argc=0 site=7017C33E
gcalls seq=005041 caller=QUEST_SERVER target=701782E8 SQR31?3              argc=0 site=7017C33E
gcalls seq=005042 caller=QUEST_SERVER target=701782E8 SQR31?3              argc=0 site=7017C33E
gcalls seq=005043 caller=QUEST_SERVER target=701782E8 SQR31?3              argc=0 site=7017C33E
gcalls seq=005044 caller=QUEST_SERVER target=701782E8 SQR31?3              argc=0 site=7017C33E
gcalls seq=005045 caller=QUEST_SERVER target=701782E8 SQR31?3              argc=0 site=7017C33E
gcalls seq=005046 caller=QUEST_SERVER target=701782E8 SQR31?3              argc=0 site=7017C33E
gcalls seq=005047 caller=QUEST_SERVER target=701782E8 SQR31?3              argc=0 site=7017C33E
gcalls seq=005048 caller=QUEST_SERVER target=701782E8 SQR31?3              argc=0 site=7017C33E
gcalls seq=005049 caller=QUEST_SERVER target=701782E8 SQR31?3              argc=0 site=7017C33E
gcalls seq=005050 caller=QUEST_SERVER target=701782E8 SQR31?3              argc=0 site=7017C33E
gcalls seq=005051 caller=QUEST_SERVER target=701782E8 SQR31?3              argc=0 site=7017C33E
gcalls seq=005052 caller=QUEST_SERVER target=701782E8 SQR31?3              argc=0 site=7017C33E
gcalls seq=005053 caller=QUEST_SERVER target=701782E8 SQR31?3              argc=0 site=7017C33E
gcalls seq=005054 caller=QUEST_SERVER target=701782E8 SQR31?3              argc=0 site=7017C33E
gcalls seq=005055 caller=QUEST_SERVER target=701782E8 SQR31?3              argc=0 site=7017C33E
gcalls seq=005056 caller=QUEST_SERVER target=701782E8 SQR31?3              argc=0 site=7017C33E
gcalls seq=005057 caller=QUEST_SERVER target=7017B501 PICK_X_Y             argc=2 site=7017AD25
gcalls seq=005058 caller=QUEST_SERVER target=7017C098 ROLL32               argc=0 site=7017E21A
gcalls seq=005059 caller=QUEST_SERVER target=7017C098 ROLL32               argc=0 site=7017E21A
gcalls seq=005060 caller=QUEST_SERVER target=7017C098 ROLL32               argc=0 site=7017E21A
gcalls seq=005061 caller=QUEST_SERVER target=7017C098 ROLL32               argc=0 site=7017E21A
gcalls seq=005062 caller=QUEST_SERVER target=7017C098 ROLL32               argc=0 site=7017E21A
gcalls seq=005063 caller=QUEST_SERVER target=7017C098 ROLL32               argc=0 site=7017E21A
gcalls seq=005064 caller=QUEST_SERVER target=7017C098 ROLL32               argc=0 site=7017E21A
gcalls seq=005065 caller=QUEST_SERVER target=7017C098 ROLL32               argc=0 site=7017E21A
gcalls seq=005066 caller=QUEST_SERVER target=7017C098 ROLL32               argc=0 site=7017E21A
gcalls seq=005067 caller=QUEST_SERVER target=70178F4D FIND_OBJECT          argc=3 site=7017AD2F
gcalls seq=005068 caller=QUEST_SERVER target=7017C13B TERRITORY            argc=6 site=7017AD41
gcalls seq=005069 caller=QUEST_SERVER target=701782E8 SQR31?3              argc=0 site=7017C33E
gcalls seq=005070 caller=QUEST_SERVER target=701782E8 SQR31?3              argc=0 site=7017C33E
gcalls seq=005071 caller=QUEST_SERVER target=701782E8 SQR31?3              argc=0 site=7017C33E
gcalls seq=005072 caller=QUEST_SERVER target=701782E8 SQR31?3              argc=0 site=7017C33E
gcalls seq=005073 caller=QUEST_SERVER target=701782E8 SQR31?3              argc=0 site=7017C33E
gcalls seq=005074 caller=QUEST_SERVER target=701782E8 SQR31?3              argc=0 site=7017C33E
gcalls seq=005075 caller=QUEST_SERVER target=701782E8 SQR31?3              argc=0 site=7017C33E
gcalls seq=005076 caller=QUEST_SERVER target=701782E8 SQR31?3              argc=0 site=7017C33E
gcalls seq=005077 caller=QUEST_SERVER target=701782E8 SQR31?3              argc=0 site=7017C33E
gcalls seq=005078 caller=QUEST_SERVER target=701782E8 SQR31?3              argc=0 site=7017C33E
gcalls seq=005079 caller=QUEST_SERVER target=701782E8 SQR31?3              argc=0 site=7017C33E
gcalls seq=005080 caller=QUEST_SERVER target=701782E8 SQR31?3              argc=0 site=7017C33E
gcalls seq=005081 caller=QUEST_SERVER target=701782E8 SQR31?3              argc=0 site=7017C33E
gcalls seq=005082 caller=QUEST_SERVER target=701782E8 SQR31?3              argc=0 site=7017C33E
gcalls seq=005083 caller=QUEST_SERVER target=701782E8 SQR31?3              argc=0 site=7017C33E
gcalls seq=005084 caller=QUEST_SERVER target=701782E8 SQR31?3              argc=0 site=7017C33E
gcalls seq=005085 caller=QUEST_SERVER target=701782E8 SQR31?3              argc=0 site=7017C33E
gcalls seq=005086 caller=QUEST_SERVER target=701782E8 SQR31?3              argc=0 site=7017C33E
gcalls seq=005087 caller=QUEST_SERVER target=701782E8 SQR31?3              argc=0 site=7017C33E
gcalls seq=005088 caller=QUEST_SERVER target=701782E8 SQR31?3              argc=0 site=7017C33E
gcalls seq=005089 caller=QUEST_SERVER target=701782E8 SQR31?3              argc=0 site=7017C33E
gcalls seq=005090 caller=QUEST_SERVER target=701782E8 SQR31?3              argc=0 site=7017C33E
gcalls seq=005091 caller=QUEST_SERVER target=701782E8 SQR31?3              argc=0 site=7017C33E
gcalls seq=005092 caller=QUEST_SERVER target=701782E8 SQR31?3              argc=0 site=7017C33E
gcalls seq=005093 caller=QUEST_SERVER target=701782E8 SQR31?3              argc=0 site=7017C33E
gcalls seq=005094 caller=QUEST_SERVER target=701782E8 SQR31?3              argc=0 site=7017C33E
gcalls seq=005095 caller=QUEST_SERVER target=701782E8 SQR31?3              argc=0 site=7017C33E
gcalls seq=005096 caller=QUEST_SERVER target=701782E8 SQR31?3              argc=0 site=7017C33E
gcalls seq=005097 caller=QUEST_SERVER target=701782E8 SQR31?3              argc=0 site=7017C33E
gcalls seq=005098 caller=QUEST_SERVER target=701782E8 SQR31?3              argc=0 site=7017C33E
gcalls seq=005099 caller=QUEST_SERVER target=701782E8 SQR31?3              argc=0 site=7017C33E
gcalls seq=005100 caller=QUEST_SERVER target=701782E8 SQR31?3              argc=0 site=7017C33E
gcalls seq=005101 caller=QUEST_SERVER target=701782E8 SQR31?3              argc=0 site=7017C33E
gcalls seq=005102 caller=QUEST_SERVER target=701782E8 SQR31?3              argc=0 site=7017C33E
gcalls seq=005103 caller=QUEST_SERVER target=701782E8 SQR31?3              argc=0 site=7017C33E
gcalls seq=005104 caller=QUEST_SERVER target=701782E8 SQR31?3              argc=0 site=7017C33E
gcalls seq=005105 caller=QUEST_SERVER target=701782E8 SQR31?3              argc=0 site=7017C33E
gcalls seq=005106 caller=QUEST_SERVER target=701782E8 SQR31?3              argc=0 site=7017C33E
gcalls seq=005107 caller=QUEST_SERVER target=701782E8 SQR31?3              argc=0 site=7017C33E
gcalls seq=005108 caller=QUEST_SERVER target=701782E8 SQR31?3              argc=0 site=7017C33E
gcalls seq=005109 caller=QUEST_SERVER target=701782E8 SQR31?3              argc=0 site=7017C33E
gcalls seq=005110 caller=QUEST_SERVER target=701782E8 SQR31?3              argc=0 site=7017C33E
gcalls seq=005111 caller=QUEST_SERVER target=701782E8 SQR31?3              argc=0 site=7017C33E
gcalls seq=005112 caller=QUEST_SERVER target=701782E8 SQR31?3              argc=0 site=7017C33E
gcalls seq=005113 caller=QUEST_SERVER target=701782E8 SQR31?3              argc=0 site=7017C33E
gcalls seq=005114 caller=QUEST_SERVER target=701782E8 SQR31?3              argc=0 site=7017C33E
gcalls seq=005115 caller=QUEST_SERVER target=701782E8 SQR31?3              argc=0 site=7017C33E
gcalls seq=005116 caller=QUEST_SERVER target=701782E8 SQR31?3              argc=0 site=7017C33E
gcalls seq=005117 caller=QUEST_SERVER target=701782E8 SQR31?3              argc=0 site=7017C33E
gcalls seq=005118 caller=QUEST_SERVER target=701782E8 SQR31?3              argc=0 site=7017C33E
gcalls seq=005119 caller=QUEST_SERVER target=701782E8 SQR31?3              argc=0 site=7017C33E
gcalls seq=005120 caller=QUEST_SERVER target=701782E8 SQR31?3              argc=0 site=7017C33E
gcalls seq=005121 caller=QUEST_SERVER target=701782E8 SQR31?3              argc=0 site=7017C33E
gcalls seq=005122 caller=QUEST_SERVER target=701782E8 SQR31?3              argc=0 site=7017C33E
gcalls seq=005123 caller=QUEST_SERVER target=701782E8 SQR31?3              argc=0 site=7017C33E
gcalls seq=005124 caller=QUEST_SERVER target=701782E8 SQR31?3              argc=0 site=7017C33E
gcalls seq=005125 caller=QUEST_SERVER target=701782E8 SQR31?3              argc=0 site=7017C33E
gcalls seq=005126 caller=QUEST_SERVER target=701782E8 SQR31?3              argc=0 site=7017C33E
gcalls seq=005127 caller=QUEST_SERVER target=701782E8 SQR31?3              argc=0 site=7017C33E
gcalls seq=005128 caller=QUEST_SERVER target=701782E8 SQR31?3              argc=0 site=7017C33E
gcalls seq=005129 caller=QUEST_SERVER target=701782E8 SQR31?3              argc=0 site=7017C33E
gcalls seq=005130 caller=QUEST_SERVER target=701782E8 SQR31?3              argc=0 site=7017C33E
gcalls seq=005131 caller=QUEST_SERVER target=701782E8 SQR31?3              argc=0 site=7017C33E
gcalls seq=005132 caller=QUEST_SERVER target=701782E8 SQR31?3              argc=0 site=7017C33E
gcalls seq=005133 caller=QUEST_SERVER target=701782E8 SQR31?3              argc=0 site=7017C33E
gcalls seq=005134 caller=QUEST_SERVER target=701782E8 SQR31?3              argc=0 site=7017C33E
gcalls seq=005135 caller=QUEST_SERVER target=701782E8 SQR31?3              argc=0 site=7017C33E
gcalls seq=005136 caller=QUEST_SERVER target=701782E8 SQR31?3              argc=0 site=7017C33E
gcalls seq=005137 caller=QUEST_SERVER target=701782E8 SQR31?3              argc=0 site=7017C33E
gcalls seq=005138 caller=QUEST_SERVER target=701782E8 SQR31?3              argc=0 site=7017C33E
gcalls seq=005139 caller=QUEST_SERVER target=701782E8 SQR31?3              argc=0 site=7017C33E
gcalls seq=005140 caller=QUEST_SERVER target=701782E8 SQR31?3              argc=0 site=7017C33E
gcalls seq=005141 caller=QUEST_SERVER target=701782E8 SQR31?3              argc=0 site=7017C33E
gcalls seq=005142 caller=QUEST_SERVER target=701782E8 SQR31?3              argc=0 site=7017C33E
gcalls seq=005143 caller=QUEST_SERVER target=701782E8 SQR31?3              argc=0 site=7017C33E
gcalls seq=005144 caller=QUEST_SERVER target=701782E8 SQR31?3              argc=0 site=7017C33E
gcalls seq=005145 caller=QUEST_SERVER target=701782E8 SQR31?3              argc=0 site=7017C33E
gcalls seq=005146 caller=QUEST_SERVER target=701782E8 SQR31?3              argc=0 site=7017C33E
gcalls seq=005147 caller=QUEST_SERVER target=701782E8 SQR31?3              argc=0 site=7017C33E
gcalls seq=005148 caller=QUEST_SERVER target=701782E8 SQR31?3              argc=0 site=7017C33E
gcalls seq=005149 caller=QUEST_SERVER target=701782E8 SQR31?3              argc=0 site=7017C33E
gcalls seq=005150 caller=QUEST_SERVER target=701782E8 SQR31?3              argc=0 site=7017C33E
gcalls seq=005151 caller=QUEST_SERVER target=701782E8 SQR31?3              argc=0 site=7017C33E
gcalls seq=005152 caller=QUEST_SERVER target=701782E8 SQR31?3              argc=0 site=7017C33E
gcalls seq=005153 caller=QUEST_SERVER target=701782E8 SQR31?3              argc=0 site=7017C33E
gcalls seq=005154 caller=QUEST_SERVER target=701782E8 SQR31?3              argc=0 site=7017C33E
gcalls seq=005155 caller=QUEST_SERVER target=701782E8 SQR31?3              argc=0 site=7017C33E
gcalls seq=005156 caller=QUEST_SERVER target=701782E8 SQR31?3              argc=0 site=7017C33E
gcalls seq=005157 caller=QUEST_SERVER target=701782E8 SQR31?3              argc=0 site=7017C33E
gcalls seq=005158 caller=QUEST_SERVER target=701782E8 SQR31?3              argc=0 site=7017C33E
gcalls seq=005159 caller=QUEST_SERVER target=701782E8 SQR31?3              argc=0 site=7017C33E
gcalls seq=005160 caller=QUEST_SERVER target=701782E8 SQR31?3              argc=0 site=7017C33E
gcalls seq=005161 caller=QUEST_SERVER target=701782E8 SQR31?3              argc=0 site=7017C33E
gcalls seq=005162 caller=QUEST_SERVER target=701782E8 SQR31?3              argc=0 site=7017C33E
gcalls seq=005163 caller=QUEST_SERVER target=701782E8 SQR31?3              argc=0 site=7017C33E
gcalls seq=005164 caller=QUEST_SERVER target=701782E8 SQR31?3              argc=0 site=7017C33E
gcalls seq=005165 caller=QUEST_SERVER target=701782E8 SQR31?3              argc=0 site=7017C33E
gcalls seq=005166 caller=QUEST_SERVER target=701782E8 SQR31?3              argc=0 site=7017C33E
gcalls seq=005167 caller=QUEST_SERVER target=701782E8 SQR31?3              argc=0 site=7017C33E
gcalls seq=005168 caller=QUEST_SERVER target=701782E8 SQR31?3              argc=0 site=7017C33E
gcalls seq=005169 caller=QUEST_SERVER target=701782E8 SQR31?3              argc=0 site=7017C33E
gcalls seq=005170 caller=QUEST_SERVER target=701782E8 SQR31?3              argc=0 site=7017C33E
gcalls seq=005171 caller=QUEST_SERVER target=701782E8 SQR31?3              argc=0 site=7017C33E
gcalls seq=005172 caller=QUEST_SERVER target=701782E8 SQR31?3              argc=0 site=7017C33E
gcalls seq=005173 caller=QUEST_SERVER target=701782E8 SQR31?3              argc=0 site=7017C33E
gcalls seq=005174 caller=QUEST_SERVER target=701782E8 SQR31?3              argc=0 site=7017C33E
gcalls seq=005175 caller=QUEST_SERVER target=701782E8 SQR31?3              argc=0 site=7017C33E
gcalls seq=005176 caller=QUEST_SERVER target=701782E8 SQR31?3              argc=0 site=7017C33E
gcalls seq=005177 caller=QUEST_SERVER target=701782E8 SQR31?3              argc=0 site=7017C33E
gcalls seq=005178 caller=QUEST_SERVER target=701782E8 SQR31?3              argc=0 site=7017C33E
gcalls seq=005179 caller=QUEST_SERVER target=701782E8 SQR31?3              argc=0 site=7017C33E
gcalls seq=005180 caller=QUEST_SERVER target=701782E8 SQR31?3              argc=0 site=7017C33E
gcalls seq=005181 caller=QUEST_SERVER target=701782E8 SQR31?3              argc=0 site=7017C33E
gcalls seq=005182 caller=QUEST_SERVER target=701782E8 SQR31?3              argc=0 site=7017C33E
gcalls seq=005183 caller=QUEST_SERVER target=701782E8 SQR31?3              argc=0 site=7017C33E
gcalls seq=005184 caller=QUEST_SERVER target=701782E8 SQR31?3              argc=0 site=7017C33E
gcalls seq=005185 caller=QUEST_SERVER target=7017B501 PICK_X_Y             argc=2 site=7017AD25
gcalls seq=005186 caller=QUEST_SERVER target=7017C098 ROLL32               argc=0 site=7017E21A
gcalls seq=005187 caller=QUEST_SERVER target=7017C098 ROLL32               argc=0 site=7017E21A
gcalls seq=005188 caller=QUEST_SERVER target=7017C098 ROLL32               argc=0 site=7017E21A
gcalls seq=005189 caller=QUEST_SERVER target=70178F4D FIND_OBJECT          argc=3 site=7017AD2F
gcalls seq=005190 caller=QUEST_SERVER target=7017B501 PICK_X_Y             argc=2 site=7017AD25
gcalls seq=005191 caller=QUEST_SERVER target=7017C098 ROLL32               argc=0 site=7017E21A
gcalls seq=005192 caller=QUEST_SERVER target=7017C098 ROLL32               argc=0 site=7017E21A
gcalls seq=005193 caller=QUEST_SERVER target=7017C098 ROLL32               argc=0 site=7017E21A
gcalls seq=005194 caller=QUEST_SERVER target=7017C098 ROLL32               argc=0 site=7017E21A
gcalls seq=005195 caller=QUEST_SERVER target=7017C098 ROLL32               argc=0 site=7017E21A
gcalls seq=005196 caller=QUEST_SERVER target=7017C098 ROLL32               argc=0 site=7017E21A
gcalls seq=005197 caller=QUEST_SERVER target=70178F4D FIND_OBJECT          argc=3 site=7017AD2F
gcalls seq=005198 caller=QUEST_SERVER target=7017B501 PICK_X_Y             argc=2 site=7017AD25
gcalls seq=005199 caller=QUEST_SERVER target=7017C098 ROLL32               argc=0 site=7017E21A
gcalls seq=005200 caller=QUEST_SERVER target=7017C098 ROLL32               argc=0 site=7017E21A
gcalls seq=005201 caller=QUEST_SERVER target=7017C098 ROLL32               argc=0 site=7017E21A
gcalls seq=005202 caller=QUEST_SERVER target=7017C098 ROLL32               argc=0 site=7017E21A
gcalls seq=005203 caller=QUEST_SERVER target=7017C098 ROLL32               argc=0 site=7017E21A
gcalls seq=005204 caller=QUEST_SERVER target=7017C098 ROLL32               argc=0 site=7017E21A
gcalls seq=005205 caller=QUEST_SERVER target=7017C098 ROLL32               argc=0 site=7017E21A
gcalls seq=005206 caller=QUEST_SERVER target=70178F4D FIND_OBJECT          argc=3 site=7017AD2F
gcalls seq=005207 caller=QUEST_SERVER target=7017B501 PICK_X_Y             argc=2 site=7017AD25
gcalls seq=005208 caller=QUEST_SERVER target=7017C098 ROLL32               argc=0 site=7017E21A
gcalls seq=005209 caller=QUEST_SERVER target=7017C098 ROLL32               argc=0 site=7017E21A
gcalls seq=005210 caller=QUEST_SERVER target=7017C098 ROLL32               argc=0 site=7017E21A
gcalls seq=005211 caller=QUEST_SERVER target=70178F4D FIND_OBJECT          argc=3 site=7017AD2F
gcalls seq=005212 caller=QUEST_SERVER target=7017B501 PICK_X_Y             argc=2 site=7017AD25
gcalls seq=005213 caller=QUEST_SERVER target=7017C098 ROLL32               argc=0 site=7017E21A
gcalls seq=005214 caller=QUEST_SERVER target=7017C098 ROLL32               argc=0 site=7017E21A
gcalls seq=005215 caller=QUEST_SERVER target=7017C098 ROLL32               argc=0 site=7017E21A
gcalls seq=005216 caller=QUEST_SERVER target=70178F4D FIND_OBJECT          argc=3 site=7017AD2F
gcalls seq=005217 caller=QUEST_SERVER target=7017C13B TERRITORY            argc=6 site=7017AD41
gcalls seq=005218 caller=QUEST_SERVER target=701782E8 SQR31?3              argc=0 site=7017C33E
gcalls seq=005219 caller=QUEST_SERVER target=701782E8 SQR31?3              argc=0 site=7017C33E
gcalls seq=005220 caller=QUEST_SERVER target=701782E8 SQR31?3              argc=0 site=7017C33E
gcalls seq=005221 caller=QUEST_SERVER target=701782E8 SQR31?3              argc=0 site=7017C33E
gcalls seq=005222 caller=QUEST_SERVER target=701782E8 SQR31?3              argc=0 site=7017C33E
gcalls seq=005223 caller=QUEST_SERVER target=701782E8 SQR31?3              argc=0 site=7017C33E
gcalls seq=005224 caller=QUEST_SERVER target=701782E8 SQR31?3              argc=0 site=7017C33E
gcalls seq=005225 caller=QUEST_SERVER target=701782E8 SQR31?3              argc=0 site=7017C33E
gcalls seq=005226 caller=QUEST_SERVER target=701782E8 SQR31?3              argc=0 site=7017C33E
gcalls seq=005227 caller=QUEST_SERVER target=701782E8 SQR31?3              argc=0 site=7017C33E
gcalls seq=005228 caller=QUEST_SERVER target=701782E8 SQR31?3              argc=0 site=7017C33E
gcalls seq=005229 caller=QUEST_SERVER target=701782E8 SQR31?3              argc=0 site=7017C33E
gcalls seq=005230 caller=QUEST_SERVER target=701782E8 SQR31?3              argc=0 site=7017C33E
gcalls seq=005231 caller=QUEST_SERVER target=701782E8 SQR31?3              argc=0 site=7017C33E
gcalls seq=005232 caller=QUEST_SERVER target=701782E8 SQR31?3              argc=0 site=7017C33E
gcalls seq=005233 caller=QUEST_SERVER target=701782E8 SQR31?3              argc=0 site=7017C33E
gcalls seq=005234 caller=QUEST_SERVER target=701782E8 SQR31?3              argc=0 site=7017C33E
gcalls seq=005235 caller=QUEST_SERVER target=701782E8 SQR31?3              argc=0 site=7017C33E
gcalls seq=005236 caller=QUEST_SERVER target=701782E8 SQR31?3              argc=0 site=7017C33E
gcalls seq=005237 caller=QUEST_SERVER target=701782E8 SQR31?3              argc=0 site=7017C33E
gcalls seq=005238 caller=QUEST_SERVER target=701782E8 SQR31?3              argc=0 site=7017C33E
gcalls seq=005239 caller=QUEST_SERVER target=701782E8 SQR31?3              argc=0 site=7017C33E
gcalls seq=005240 caller=QUEST_SERVER target=701782E8 SQR31?3              argc=0 site=7017C33E
gcalls seq=005241 caller=QUEST_SERVER target=701782E8 SQR31?3              argc=0 site=7017C33E
gcalls seq=005242 caller=QUEST_SERVER target=701782E8 SQR31?3              argc=0 site=7017C33E
gcalls seq=005243 caller=QUEST_SERVER target=701782E8 SQR31?3              argc=0 site=7017C33E
gcalls seq=005244 caller=QUEST_SERVER target=701782E8 SQR31?3              argc=0 site=7017C33E
gcalls seq=005245 caller=QUEST_SERVER target=701782E8 SQR31?3              argc=0 site=7017C33E
gcalls seq=005246 caller=QUEST_SERVER target=701782E8 SQR31?3              argc=0 site=7017C33E
gcalls seq=005247 caller=QUEST_SERVER target=701782E8 SQR31?3              argc=0 site=7017C33E
gcalls seq=005248 caller=QUEST_SERVER target=701782E8 SQR31?3              argc=0 site=7017C33E
gcalls seq=005249 caller=QUEST_SERVER target=701782E8 SQR31?3              argc=0 site=7017C33E
gcalls seq=005250 caller=QUEST_SERVER target=701782E8 SQR31?3              argc=0 site=7017C33E
gcalls seq=005251 caller=QUEST_SERVER target=701782E8 SQR31?3              argc=0 site=7017C33E
gcalls seq=005252 caller=QUEST_SERVER target=701782E8 SQR31?3              argc=0 site=7017C33E
gcalls seq=005253 caller=QUEST_SERVER target=701782E8 SQR31?3              argc=0 site=7017C33E
gcalls seq=005254 caller=QUEST_SERVER target=701782E8 SQR31?3              argc=0 site=7017C33E
gcalls seq=005255 caller=QUEST_SERVER target=701782E8 SQR31?3              argc=0 site=7017C33E
gcalls seq=005256 caller=QUEST_SERVER target=701782E8 SQR31?3              argc=0 site=7017C33E
gcalls seq=005257 caller=QUEST_SERVER target=701782E8 SQR31?3              argc=0 site=7017C33E
gcalls seq=005258 caller=QUEST_SERVER target=701782E8 SQR31?3              argc=0 site=7017C33E
gcalls seq=005259 caller=QUEST_SERVER target=701782E8 SQR31?3              argc=0 site=7017C33E
gcalls seq=005260 caller=QUEST_SERVER target=701782E8 SQR31?3              argc=0 site=7017C33E
gcalls seq=005261 caller=QUEST_SERVER target=701782E8 SQR31?3              argc=0 site=7017C33E
gcalls seq=005262 caller=QUEST_SERVER target=701782E8 SQR31?3              argc=0 site=7017C33E
gcalls seq=005263 caller=QUEST_SERVER target=701782E8 SQR31?3              argc=0 site=7017C33E
gcalls seq=005264 caller=QUEST_SERVER target=701782E8 SQR31?3              argc=0 site=7017C33E
gcalls seq=005265 caller=QUEST_SERVER target=701782E8 SQR31?3              argc=0 site=7017C33E
gcalls seq=005266 caller=QUEST_SERVER target=701782E8 SQR31?3              argc=0 site=7017C33E
gcalls seq=005267 caller=QUEST_SERVER target=701782E8 SQR31?3              argc=0 site=7017C33E
gcalls seq=005268 caller=QUEST_SERVER target=701782E8 SQR31?3              argc=0 site=7017C33E
gcalls seq=005269 caller=QUEST_SERVER target=701782E8 SQR31?3              argc=0 site=7017C33E
gcalls seq=005270 caller=QUEST_SERVER target=701782E8 SQR31?3              argc=0 site=7017C33E
gcalls seq=005271 caller=QUEST_SERVER target=701782E8 SQR31?3              argc=0 site=7017C33E
gcalls seq=005272 caller=QUEST_SERVER target=701782E8 SQR31?3              argc=0 site=7017C33E
gcalls seq=005273 caller=QUEST_SERVER target=701782E8 SQR31?3              argc=0 site=7017C33E
gcalls seq=005274 caller=QUEST_SERVER target=701782E8 SQR31?3              argc=0 site=7017C33E
gcalls seq=005275 caller=QUEST_SERVER target=701782E8 SQR31?3              argc=0 site=7017C33E
gcalls seq=005276 caller=QUEST_SERVER target=701782E8 SQR31?3              argc=0 site=7017C33E
gcalls seq=005277 caller=QUEST_SERVER target=701782E8 SQR31?3              argc=0 site=7017C33E
gcalls seq=005278 caller=QUEST_SERVER target=701782E8 SQR31?3              argc=0 site=7017C33E
gcalls seq=005279 caller=QUEST_SERVER target=701782E8 SQR31?3              argc=0 site=7017C33E
gcalls seq=005280 caller=QUEST_SERVER target=701782E8 SQR31?3              argc=0 site=7017C33E
gcalls seq=005281 caller=QUEST_SERVER target=701782E8 SQR31?3              argc=0 site=7017C33E
gcalls seq=005282 caller=QUEST_SERVER target=701782E8 SQR31?3              argc=0 site=7017C33E
gcalls seq=005283 caller=QUEST_SERVER target=701782E8 SQR31?3              argc=0 site=7017C33E
gcalls seq=005284 caller=QUEST_SERVER target=701782E8 SQR31?3              argc=0 site=7017C33E
gcalls seq=005285 caller=QUEST_SERVER target=701782E8 SQR31?3              argc=0 site=7017C33E
gcalls seq=005286 caller=QUEST_SERVER target=701782E8 SQR31?3              argc=0 site=7017C33E
gcalls seq=005287 caller=QUEST_SERVER target=701782E8 SQR31?3              argc=0 site=7017C33E
gcalls seq=005288 caller=QUEST_SERVER target=701782E8 SQR31?3              argc=0 site=7017C33E
gcalls seq=005289 caller=QUEST_SERVER target=701782E8 SQR31?3              argc=0 site=7017C33E
gcalls seq=005290 caller=QUEST_SERVER target=701782E8 SQR31?3              argc=0 site=7017C33E
gcalls seq=005291 caller=QUEST_SERVER target=701782E8 SQR31?3              argc=0 site=7017C33E
gcalls seq=005292 caller=QUEST_SERVER target=701782E8 SQR31?3              argc=0 site=7017C33E
gcalls seq=005293 caller=QUEST_SERVER target=701782E8 SQR31?3              argc=0 site=7017C33E
gcalls seq=005294 caller=QUEST_SERVER target=701782E8 SQR31?3              argc=0 site=7017C33E
gcalls seq=005295 caller=QUEST_SERVER target=701782E8 SQR31?3              argc=0 site=7017C33E
gcalls seq=005296 caller=QUEST_SERVER target=701782E8 SQR31?3              argc=0 site=7017C33E
gcalls seq=005297 caller=QUEST_SERVER target=701782E8 SQR31?3              argc=0 site=7017C33E
gcalls seq=005298 caller=QUEST_SERVER target=701782E8 SQR31?3              argc=0 site=7017C33E
gcalls seq=005299 caller=QUEST_SERVER target=701782E8 SQR31?3              argc=0 site=7017C33E
gcalls seq=005300 caller=QUEST_SERVER target=701782E8 SQR31?3              argc=0 site=7017C33E
gcalls seq=005301 caller=QUEST_SERVER target=701782E8 SQR31?3              argc=0 site=7017C33E
gcalls seq=005302 caller=QUEST_SERVER target=701782E8 SQR31?3              argc=0 site=7017C33E
gcalls seq=005303 caller=QUEST_SERVER target=701782E8 SQR31?3              argc=0 site=7017C33E
gcalls seq=005304 caller=QUEST_SERVER target=701782E8 SQR31?3              argc=0 site=7017C33E
gcalls seq=005305 caller=QUEST_SERVER target=701782E8 SQR31?3              argc=0 site=7017C33E
gcalls seq=005306 caller=QUEST_SERVER target=701782E8 SQR31?3              argc=0 site=7017C33E
gcalls seq=005307 caller=QUEST_SERVER target=701782E8 SQR31?3              argc=0 site=7017C33E
gcalls seq=005308 caller=QUEST_SERVER target=701782E8 SQR31?3              argc=0 site=7017C33E
gcalls seq=005309 caller=QUEST_SERVER target=701782E8 SQR31?3              argc=0 site=7017C33E
gcalls seq=005310 caller=QUEST_SERVER target=701782E8 SQR31?3              argc=0 site=7017C33E
gcalls seq=005311 caller=QUEST_SERVER target=701782E8 SQR31?3              argc=0 site=7017C33E
gcalls seq=005312 caller=QUEST_SERVER target=701782E8 SQR31?3              argc=0 site=7017C33E
gcalls seq=005313 caller=QUEST_SERVER target=701782E8 SQR31?3              argc=0 site=7017C33E
gcalls seq=005314 caller=QUEST_SERVER target=701782E8 SQR31?3              argc=0 site=7017C33E
gcalls seq=005315 caller=QUEST_SERVER target=701782E8 SQR31?3              argc=0 site=7017C33E
gcalls seq=005316 caller=QUEST_SERVER target=701782E8 SQR31?3              argc=0 site=7017C33E
gcalls seq=005317 caller=QUEST_SERVER target=701782E8 SQR31?3              argc=0 site=7017C33E
gcalls seq=005318 caller=QUEST_SERVER target=701782E8 SQR31?3              argc=0 site=7017C33E
gcalls seq=005319 caller=QUEST_SERVER target=701782E8 SQR31?3              argc=0 site=7017C33E
gcalls seq=005320 caller=QUEST_SERVER target=701782E8 SQR31?3              argc=0 site=7017C33E
gcalls seq=005321 caller=QUEST_SERVER target=701782E8 SQR31?3              argc=0 site=7017C33E
gcalls seq=005322 caller=QUEST_SERVER target=701782E8 SQR31?3              argc=0 site=7017C33E
gcalls seq=005323 caller=QUEST_SERVER target=701782E8 SQR31?3              argc=0 site=7017C33E
gcalls seq=005324 caller=QUEST_SERVER target=701782E8 SQR31?3              argc=0 site=7017C33E
gcalls seq=005325 caller=QUEST_SERVER target=701782E8 SQR31?3              argc=0 site=7017C33E
gcalls seq=005326 caller=QUEST_SERVER target=701782E8 SQR31?3              argc=0 site=7017C33E
gcalls seq=005327 caller=QUEST_SERVER target=701782E8 SQR31?3              argc=0 site=7017C33E
gcalls seq=005328 caller=QUEST_SERVER target=701782E8 SQR31?3              argc=0 site=7017C33E
gcalls seq=005329 caller=QUEST_SERVER target=701782E8 SQR31?3              argc=0 site=7017C33E
gcalls seq=005330 caller=QUEST_SERVER target=701782E8 SQR31?3              argc=0 site=7017C33E
gcalls seq=005331 caller=QUEST_SERVER target=701782E8 SQR31?3              argc=0 site=7017C33E
gcalls seq=005332 caller=QUEST_SERVER target=701782E8 SQR31?3              argc=0 site=7017C33E
gcalls seq=005333 caller=QUEST_SERVER target=701782E8 SQR31?3              argc=0 site=7017C33E
gcalls seq=005334 caller=QUEST_SERVER target=7017B501 PICK_X_Y             argc=2 site=7017AD25
gcalls seq=005335 caller=QUEST_SERVER target=7017C098 ROLL32               argc=0 site=7017E21A
gcalls seq=005336 caller=QUEST_SERVER target=7017C098 ROLL32               argc=0 site=7017E21A
gcalls seq=005337 caller=QUEST_SERVER target=7017C098 ROLL32               argc=0 site=7017E21A
gcalls seq=005338 caller=QUEST_SERVER target=70178F4D FIND_OBJECT          argc=3 site=7017AD2F
gcalls seq=005339 caller=QUEST_SERVER target=7017B501 PICK_X_Y             argc=2 site=7017AD25
gcalls seq=005340 caller=QUEST_SERVER target=7017C098 ROLL32               argc=0 site=7017E21A
gcalls seq=005341 caller=QUEST_SERVER target=7017C098 ROLL32               argc=0 site=7017E21A
gcalls seq=005342 caller=QUEST_SERVER target=7017C098 ROLL32               argc=0 site=7017E21A
gcalls seq=005343 caller=QUEST_SERVER target=70178F4D FIND_OBJECT          argc=3 site=7017AD2F
gcalls seq=005344 caller=QUEST_SERVER target=7017B501 PICK_X_Y             argc=2 site=7017AD25
gcalls seq=005345 caller=QUEST_SERVER target=7017C098 ROLL32               argc=0 site=7017E21A
gcalls seq=005346 caller=QUEST_SERVER target=7017C098 ROLL32               argc=0 site=7017E21A
gcalls seq=005347 caller=QUEST_SERVER target=7017C098 ROLL32               argc=0 site=7017E21A
gcalls seq=005348 caller=QUEST_SERVER target=70178F4D FIND_OBJECT          argc=3 site=7017AD2F
gcalls seq=005349 caller=QUEST_SERVER target=7017C13B TERRITORY            argc=6 site=7017AD41
gcalls seq=005350 caller=QUEST_SERVER target=701782E8 SQR31?3              argc=0 site=7017C33E
gcalls seq=005351 caller=QUEST_SERVER target=701782E8 SQR31?3              argc=0 site=7017C33E
gcalls seq=005352 caller=QUEST_SERVER target=701782E8 SQR31?3              argc=0 site=7017C33E
gcalls seq=005353 caller=QUEST_SERVER target=701782E8 SQR31?3              argc=0 site=7017C33E
gcalls seq=005354 caller=QUEST_SERVER target=701782E8 SQR31?3              argc=0 site=7017C33E
gcalls seq=005355 caller=QUEST_SERVER target=701782E8 SQR31?3              argc=0 site=7017C33E
gcalls seq=005356 caller=QUEST_SERVER target=701782E8 SQR31?3              argc=0 site=7017C33E
gcalls seq=005357 caller=QUEST_SERVER target=701782E8 SQR31?3              argc=0 site=7017C33E
gcalls seq=005358 caller=QUEST_SERVER target=701782E8 SQR31?3              argc=0 site=7017C33E
gcalls seq=005359 caller=QUEST_SERVER target=701782E8 SQR31?3              argc=0 site=7017C33E
gcalls seq=005360 caller=QUEST_SERVER target=701782E8 SQR31?3              argc=0 site=7017C33E
gcalls seq=005361 caller=QUEST_SERVER target=701782E8 SQR31?3              argc=0 site=7017C33E
gcalls seq=005362 caller=QUEST_SERVER target=701782E8 SQR31?3              argc=0 site=7017C33E
gcalls seq=005363 caller=QUEST_SERVER target=701782E8 SQR31?3              argc=0 site=7017C33E
gcalls seq=005364 caller=QUEST_SERVER target=701782E8 SQR31?3              argc=0 site=7017C33E
gcalls seq=005365 caller=QUEST_SERVER target=701782E8 SQR31?3              argc=0 site=7017C33E
gcalls seq=005366 caller=QUEST_SERVER target=701782E8 SQR31?3              argc=0 site=7017C33E
gcalls seq=005367 caller=QUEST_SERVER target=701782E8 SQR31?3              argc=0 site=7017C33E
gcalls seq=005368 caller=QUEST_SERVER target=701782E8 SQR31?3              argc=0 site=7017C33E
gcalls seq=005369 caller=QUEST_SERVER target=701782E8 SQR31?3              argc=0 site=7017C33E
gcalls seq=005370 caller=QUEST_SERVER target=701782E8 SQR31?3              argc=0 site=7017C33E
gcalls seq=005371 caller=QUEST_SERVER target=701782E8 SQR31?3              argc=0 site=7017C33E
gcalls seq=005372 caller=QUEST_SERVER target=701782E8 SQR31?3              argc=0 site=7017C33E
gcalls seq=005373 caller=QUEST_SERVER target=701782E8 SQR31?3              argc=0 site=7017C33E
gcalls seq=005374 caller=QUEST_SERVER target=701782E8 SQR31?3              argc=0 site=7017C33E
gcalls seq=005375 caller=QUEST_SERVER target=701782E8 SQR31?3              argc=0 site=7017C33E
gcalls seq=005376 caller=QUEST_SERVER target=701782E8 SQR31?3              argc=0 site=7017C33E
gcalls seq=005377 caller=QUEST_SERVER target=701782E8 SQR31?3              argc=0 site=7017C33E
gcalls seq=005378 caller=QUEST_SERVER target=701782E8 SQR31?3              argc=0 site=7017C33E
gcalls seq=005379 caller=QUEST_SERVER target=701782E8 SQR31?3              argc=0 site=7017C33E
gcalls seq=005380 caller=QUEST_SERVER target=701782E8 SQR31?3              argc=0 site=7017C33E
gcalls seq=005381 caller=QUEST_SERVER target=701782E8 SQR31?3              argc=0 site=7017C33E
gcalls seq=005382 caller=QUEST_SERVER target=701782E8 SQR31?3              argc=0 site=7017C33E
gcalls seq=005383 caller=QUEST_SERVER target=701782E8 SQR31?3              argc=0 site=7017C33E
gcalls seq=005384 caller=QUEST_SERVER target=701782E8 SQR31?3              argc=0 site=7017C33E
gcalls seq=005385 caller=QUEST_SERVER target=701782E8 SQR31?3              argc=0 site=7017C33E
gcalls seq=005386 caller=QUEST_SERVER target=701782E8 SQR31?3              argc=0 site=7017C33E
gcalls seq=005387 caller=QUEST_SERVER target=701782E8 SQR31?3              argc=0 site=7017C33E
gcalls seq=005388 caller=QUEST_SERVER target=701782E8 SQR31?3              argc=0 site=7017C33E
gcalls seq=005389 caller=QUEST_SERVER target=701782E8 SQR31?3              argc=0 site=7017C33E
gcalls seq=005390 caller=QUEST_SERVER target=701782E8 SQR31?3              argc=0 site=7017C33E
gcalls seq=005391 caller=QUEST_SERVER target=701782E8 SQR31?3              argc=0 site=7017C33E
gcalls seq=005392 caller=QUEST_SERVER target=701782E8 SQR31?3              argc=0 site=7017C33E
gcalls seq=005393 caller=QUEST_SERVER target=701782E8 SQR31?3              argc=0 site=7017C33E
gcalls seq=005394 caller=QUEST_SERVER target=701782E8 SQR31?3              argc=0 site=7017C33E
gcalls seq=005395 caller=QUEST_SERVER target=701782E8 SQR31?3              argc=0 site=7017C33E
gcalls seq=005396 caller=QUEST_SERVER target=701782E8 SQR31?3              argc=0 site=7017C33E
gcalls seq=005397 caller=QUEST_SERVER target=701782E8 SQR31?3              argc=0 site=7017C33E
gcalls seq=005398 caller=QUEST_SERVER target=701782E8 SQR31?3              argc=0 site=7017C33E
gcalls seq=005399 caller=QUEST_SERVER target=701782E8 SQR31?3              argc=0 site=7017C33E
gcalls seq=005400 caller=QUEST_SERVER target=701782E8 SQR31?3              argc=0 site=7017C33E
gcalls seq=005401 caller=QUEST_SERVER target=701782E8 SQR31?3              argc=0 site=7017C33E
gcalls seq=005402 caller=QUEST_SERVER target=701782E8 SQR31?3              argc=0 site=7017C33E
gcalls seq=005403 caller=QUEST_SERVER target=701782E8 SQR31?3              argc=0 site=7017C33E
gcalls seq=005404 caller=QUEST_SERVER target=701782E8 SQR31?3              argc=0 site=7017C33E
gcalls seq=005405 caller=QUEST_SERVER target=701782E8 SQR31?3              argc=0 site=7017C33E
gcalls seq=005406 caller=QUEST_SERVER target=701782E8 SQR31?3              argc=0 site=7017C33E
gcalls seq=005407 caller=QUEST_SERVER target=701782E8 SQR31?3              argc=0 site=7017C33E
gcalls seq=005408 caller=QUEST_SERVER target=701782E8 SQR31?3              argc=0 site=7017C33E
gcalls seq=005409 caller=QUEST_SERVER target=701782E8 SQR31?3              argc=0 site=7017C33E
gcalls seq=005410 caller=QUEST_SERVER target=701782E8 SQR31?3              argc=0 site=7017C33E
gcalls seq=005411 caller=QUEST_SERVER target=701782E8 SQR31?3              argc=0 site=7017C33E
gcalls seq=005412 caller=QUEST_SERVER target=701782E8 SQR31?3              argc=0 site=7017C33E
gcalls seq=005413 caller=QUEST_SERVER target=701782E8 SQR31?3              argc=0 site=7017C33E
gcalls seq=005414 caller=QUEST_SERVER target=701782E8 SQR31?3              argc=0 site=7017C33E
gcalls seq=005415 caller=QUEST_SERVER target=701782E8 SQR31?3              argc=0 site=7017C33E
gcalls seq=005416 caller=QUEST_SERVER target=701782E8 SQR31?3              argc=0 site=7017C33E
gcalls seq=005417 caller=QUEST_SERVER target=701782E8 SQR31?3              argc=0 site=7017C33E
gcalls seq=005418 caller=QUEST_SERVER target=701782E8 SQR31?3              argc=0 site=7017C33E
gcalls seq=005419 caller=QUEST_SERVER target=701782E8 SQR31?3              argc=0 site=7017C33E
gcalls seq=005420 caller=QUEST_SERVER target=701782E8 SQR31?3              argc=0 site=7017C33E
gcalls seq=005421 caller=QUEST_SERVER target=701782E8 SQR31?3              argc=0 site=7017C33E
gcalls seq=005422 caller=QUEST_SERVER target=701782E8 SQR31?3              argc=0 site=7017C33E
gcalls seq=005423 caller=QUEST_SERVER target=701782E8 SQR31?3              argc=0 site=7017C33E
gcalls seq=005424 caller=QUEST_SERVER target=701782E8 SQR31?3              argc=0 site=7017C33E
gcalls seq=005425 caller=QUEST_SERVER target=701782E8 SQR31?3              argc=0 site=7017C33E
gcalls seq=005426 caller=QUEST_SERVER target=701782E8 SQR31?3              argc=0 site=7017C33E
gcalls seq=005427 caller=QUEST_SERVER target=701782E8 SQR31?3              argc=0 site=7017C33E
gcalls seq=005428 caller=QUEST_SERVER target=701782E8 SQR31?3              argc=0 site=7017C33E
gcalls seq=005429 caller=QUEST_SERVER target=701782E8 SQR31?3              argc=0 site=7017C33E
gcalls seq=005430 caller=QUEST_SERVER target=701782E8 SQR31?3              argc=0 site=7017C33E
gcalls seq=005431 caller=QUEST_SERVER target=701782E8 SQR31?3              argc=0 site=7017C33E
gcalls seq=005432 caller=QUEST_SERVER target=701782E8 SQR31?3              argc=0 site=7017C33E
gcalls seq=005433 caller=QUEST_SERVER target=701782E8 SQR31?3              argc=0 site=7017C33E
gcalls seq=005434 caller=QUEST_SERVER target=701782E8 SQR31?3              argc=0 site=7017C33E
gcalls seq=005435 caller=QUEST_SERVER target=701782E8 SQR31?3              argc=0 site=7017C33E
gcalls seq=005436 caller=QUEST_SERVER target=701782E8 SQR31?3              argc=0 site=7017C33E
gcalls seq=005437 caller=QUEST_SERVER target=701782E8 SQR31?3              argc=0 site=7017C33E
gcalls seq=005438 caller=QUEST_SERVER target=701782E8 SQR31?3              argc=0 site=7017C33E
gcalls seq=005439 caller=QUEST_SERVER target=701782E8 SQR31?3              argc=0 site=7017C33E
gcalls seq=005440 caller=QUEST_SERVER target=701782E8 SQR31?3              argc=0 site=7017C33E
gcalls seq=005441 caller=QUEST_SERVER target=701782E8 SQR31?3              argc=0 site=7017C33E
gcalls seq=005442 caller=QUEST_SERVER target=701782E8 SQR31?3              argc=0 site=7017C33E
gcalls seq=005443 caller=QUEST_SERVER target=701782E8 SQR31?3              argc=0 site=7017C33E
gcalls seq=005444 caller=QUEST_SERVER target=701782E8 SQR31?3              argc=0 site=7017C33E
gcalls seq=005445 caller=QUEST_SERVER target=701782E8 SQR31?3              argc=0 site=7017C33E
gcalls seq=005446 caller=QUEST_SERVER target=701782E8 SQR31?3              argc=0 site=7017C33E
gcalls seq=005447 caller=QUEST_SERVER target=701782E8 SQR31?3              argc=0 site=7017C33E
gcalls seq=005448 caller=QUEST_SERVER target=701782E8 SQR31?3              argc=0 site=7017C33E
gcalls seq=005449 caller=QUEST_SERVER target=701782E8 SQR31?3              argc=0 site=7017C33E
gcalls seq=005450 caller=QUEST_SERVER target=701782E8 SQR31?3              argc=0 site=7017C33E
gcalls seq=005451 caller=QUEST_SERVER target=701782E8 SQR31?3              argc=0 site=7017C33E
gcalls seq=005452 caller=QUEST_SERVER target=701782E8 SQR31?3              argc=0 site=7017C33E
gcalls seq=005453 caller=QUEST_SERVER target=701782E8 SQR31?3              argc=0 site=7017C33E
gcalls seq=005454 caller=QUEST_SERVER target=701782E8 SQR31?3              argc=0 site=7017C33E
gcalls seq=005455 caller=QUEST_SERVER target=701782E8 SQR31?3              argc=0 site=7017C33E
gcalls seq=005456 caller=QUEST_SERVER target=701782E8 SQR31?3              argc=0 site=7017C33E
gcalls seq=005457 caller=QUEST_SERVER target=701782E8 SQR31?3              argc=0 site=7017C33E
gcalls seq=005458 caller=QUEST_SERVER target=701782E8 SQR31?3              argc=0 site=7017C33E
gcalls seq=005459 caller=QUEST_SERVER target=701782E8 SQR31?3              argc=0 site=7017C33E
gcalls seq=005460 caller=QUEST_SERVER target=701782E8 SQR31?3              argc=0 site=7017C33E
gcalls seq=005461 caller=QUEST_SERVER target=701782E8 SQR31?3              argc=0 site=7017C33E
gcalls seq=005462 caller=QUEST_SERVER target=701782E8 SQR31?3              argc=0 site=7017C33E
gcalls seq=005463 caller=QUEST_SERVER target=701782E8 SQR31?3              argc=0 site=7017C33E
gcalls seq=005464 caller=QUEST_SERVER target=701782E8 SQR31?3              argc=0 site=7017C33E
gcalls seq=005465 caller=QUEST_SERVER target=701782E8 SQR31?3              argc=0 site=7017C33E
gcalls seq=005466 caller=QUEST_SERVER target=7017B501 PICK_X_Y             argc=2 site=7017AD25
gcalls seq=005467 caller=QUEST_SERVER target=7017C098 ROLL32               argc=0 site=7017E21A
gcalls seq=005468 caller=QUEST_SERVER target=7017C098 ROLL32               argc=0 site=7017E21A
gcalls seq=005469 caller=QUEST_SERVER target=7017C098 ROLL32               argc=0 site=7017E21A
gcalls seq=005470 caller=QUEST_SERVER target=7017C098 ROLL32               argc=0 site=7017E21A
gcalls seq=005471 caller=QUEST_SERVER target=7017C098 ROLL32               argc=0 site=7017E21A
gcalls seq=005472 caller=QUEST_SERVER target=7017C098 ROLL32               argc=0 site=7017E21A
gcalls seq=005473 caller=QUEST_SERVER target=7017C098 ROLL32               argc=0 site=7017E21A
gcalls seq=005474 caller=QUEST_SERVER target=70178F4D FIND_OBJECT          argc=3 site=7017AD2F
gcalls seq=005475 caller=QUEST_SERVER target=7017B501 PICK_X_Y             argc=2 site=7017AD25
gcalls seq=005476 caller=QUEST_SERVER target=7017C098 ROLL32               argc=0 site=7017E21A
gcalls seq=005477 caller=QUEST_SERVER target=7017C098 ROLL32               argc=0 site=7017E21A
gcalls seq=005478 caller=QUEST_SERVER target=7017C098 ROLL32               argc=0 site=7017E21A
gcalls seq=005479 caller=QUEST_SERVER target=7017C098 ROLL32               argc=0 site=7017E21A
gcalls seq=005480 caller=QUEST_SERVER target=70178F4D FIND_OBJECT          argc=3 site=7017AD2F
gcalls seq=005481 caller=QUEST_SERVER target=7017C13B TERRITORY            argc=6 site=7017AD41
gcalls seq=005482 caller=QUEST_SERVER target=701782E8 SQR31?3              argc=0 site=7017C33E
gcalls seq=005483 caller=QUEST_SERVER target=701782E8 SQR31?3              argc=0 site=7017C33E
gcalls seq=005484 caller=QUEST_SERVER target=701782E8 SQR31?3              argc=0 site=7017C33E
gcalls seq=005485 caller=QUEST_SERVER target=701782E8 SQR31?3              argc=0 site=7017C33E
gcalls seq=005486 caller=QUEST_SERVER target=701782E8 SQR31?3              argc=0 site=7017C33E
gcalls seq=005487 caller=QUEST_SERVER target=701782E8 SQR31?3              argc=0 site=7017C33E
gcalls seq=005488 caller=QUEST_SERVER target=701782E8 SQR31?3              argc=0 site=7017C33E
gcalls seq=005489 caller=QUEST_SERVER target=701782E8 SQR31?3              argc=0 site=7017C33E
gcalls seq=005490 caller=QUEST_SERVER target=701782E8 SQR31?3              argc=0 site=7017C33E
gcalls seq=005491 caller=QUEST_SERVER target=701782E8 SQR31?3              argc=0 site=7017C33E
gcalls seq=005492 caller=QUEST_SERVER target=701782E8 SQR31?3              argc=0 site=7017C33E
gcalls seq=005493 caller=QUEST_SERVER target=701782E8 SQR31?3              argc=0 site=7017C33E
gcalls seq=005494 caller=QUEST_SERVER target=701782E8 SQR31?3              argc=0 site=7017C33E
gcalls seq=005495 caller=QUEST_SERVER target=701782E8 SQR31?3              argc=0 site=7017C33E
gcalls seq=005496 caller=QUEST_SERVER target=701782E8 SQR31?3              argc=0 site=7017C33E
gcalls seq=005497 caller=QUEST_SERVER target=701782E8 SQR31?3              argc=0 site=7017C33E
gcalls seq=005498 caller=QUEST_SERVER target=701782E8 SQR31?3              argc=0 site=7017C33E
gcalls seq=005499 caller=QUEST_SERVER target=701782E8 SQR31?3              argc=0 site=7017C33E
gcalls seq=005500 caller=QUEST_SERVER target=701782E8 SQR31?3              argc=0 site=7017C33E
gcalls seq=005501 caller=QUEST_SERVER target=701782E8 SQR31?3              argc=0 site=7017C33E
gcalls seq=005502 caller=QUEST_SERVER target=701782E8 SQR31?3              argc=0 site=7017C33E
gcalls seq=005503 caller=QUEST_SERVER target=701782E8 SQR31?3              argc=0 site=7017C33E
gcalls seq=005504 caller=QUEST_SERVER target=701782E8 SQR31?3              argc=0 site=7017C33E
gcalls seq=005505 caller=QUEST_SERVER target=701782E8 SQR31?3              argc=0 site=7017C33E
gcalls seq=005506 caller=QUEST_SERVER target=701782E8 SQR31?3              argc=0 site=7017C33E
gcalls seq=005507 caller=QUEST_SERVER target=701782E8 SQR31?3              argc=0 site=7017C33E
gcalls seq=005508 caller=QUEST_SERVER target=701782E8 SQR31?3              argc=0 site=7017C33E
gcalls seq=005509 caller=QUEST_SERVER target=701782E8 SQR31?3              argc=0 site=7017C33E
gcalls seq=005510 caller=QUEST_SERVER target=701782E8 SQR31?3              argc=0 site=7017C33E
gcalls seq=005511 caller=QUEST_SERVER target=701782E8 SQR31?3              argc=0 site=7017C33E
gcalls seq=005512 caller=QUEST_SERVER target=701782E8 SQR31?3              argc=0 site=7017C33E
gcalls seq=005513 caller=QUEST_SERVER target=701782E8 SQR31?3              argc=0 site=7017C33E
gcalls seq=005514 caller=QUEST_SERVER target=701782E8 SQR31?3              argc=0 site=7017C33E
gcalls seq=005515 caller=QUEST_SERVER target=701782E8 SQR31?3              argc=0 site=7017C33E
gcalls seq=005516 caller=QUEST_SERVER target=701782E8 SQR31?3              argc=0 site=7017C33E
gcalls seq=005517 caller=QUEST_SERVER target=701782E8 SQR31?3              argc=0 site=7017C33E
gcalls seq=005518 caller=QUEST_SERVER target=701782E8 SQR31?3              argc=0 site=7017C33E
gcalls seq=005519 caller=QUEST_SERVER target=701782E8 SQR31?3              argc=0 site=7017C33E
gcalls seq=005520 caller=QUEST_SERVER target=701782E8 SQR31?3              argc=0 site=7017C33E
gcalls seq=005521 caller=QUEST_SERVER target=701782E8 SQR31?3              argc=0 site=7017C33E
gcalls seq=005522 caller=QUEST_SERVER target=701782E8 SQR31?3              argc=0 site=7017C33E
gcalls seq=005523 caller=QUEST_SERVER target=701782E8 SQR31?3              argc=0 site=7017C33E
gcalls seq=005524 caller=QUEST_SERVER target=701782E8 SQR31?3              argc=0 site=7017C33E
gcalls seq=005525 caller=QUEST_SERVER target=701782E8 SQR31?3              argc=0 site=7017C33E
gcalls seq=005526 caller=QUEST_SERVER target=701782E8 SQR31?3              argc=0 site=7017C33E
gcalls seq=005527 caller=QUEST_SERVER target=701782E8 SQR31?3              argc=0 site=7017C33E
gcalls seq=005528 caller=QUEST_SERVER target=701782E8 SQR31?3              argc=0 site=7017C33E
gcalls seq=005529 caller=QUEST_SERVER target=701782E8 SQR31?3              argc=0 site=7017C33E
gcalls seq=005530 caller=QUEST_SERVER target=701782E8 SQR31?3              argc=0 site=7017C33E
gcalls seq=005531 caller=QUEST_SERVER target=701782E8 SQR31?3              argc=0 site=7017C33E
gcalls seq=005532 caller=QUEST_SERVER target=701782E8 SQR31?3              argc=0 site=7017C33E
gcalls seq=005533 caller=QUEST_SERVER target=701782E8 SQR31?3              argc=0 site=7017C33E
gcalls seq=005534 caller=QUEST_SERVER target=701782E8 SQR31?3              argc=0 site=7017C33E
gcalls seq=005535 caller=QUEST_SERVER target=701782E8 SQR31?3              argc=0 site=7017C33E
gcalls seq=005536 caller=QUEST_SERVER target=701782E8 SQR31?3              argc=0 site=7017C33E
gcalls seq=005537 caller=QUEST_SERVER target=701782E8 SQR31?3              argc=0 site=7017C33E
gcalls seq=005538 caller=QUEST_SERVER target=701782E8 SQR31?3              argc=0 site=7017C33E
gcalls seq=005539 caller=QUEST_SERVER target=701782E8 SQR31?3              argc=0 site=7017C33E
gcalls seq=005540 caller=QUEST_SERVER target=701782E8 SQR31?3              argc=0 site=7017C33E
gcalls seq=005541 caller=QUEST_SERVER target=701782E8 SQR31?3              argc=0 site=7017C33E
gcalls seq=005542 caller=QUEST_SERVER target=701782E8 SQR31?3              argc=0 site=7017C33E
gcalls seq=005543 caller=QUEST_SERVER target=701782E8 SQR31?3              argc=0 site=7017C33E
gcalls seq=005544 caller=QUEST_SERVER target=701782E8 SQR31?3              argc=0 site=7017C33E
gcalls seq=005545 caller=QUEST_SERVER target=701782E8 SQR31?3              argc=0 site=7017C33E
gcalls seq=005546 caller=QUEST_SERVER target=701782E8 SQR31?3              argc=0 site=7017C33E
gcalls seq=005547 caller=QUEST_SERVER target=701782E8 SQR31?3              argc=0 site=7017C33E
gcalls seq=005548 caller=QUEST_SERVER target=701782E8 SQR31?3              argc=0 site=7017C33E
gcalls seq=005549 caller=QUEST_SERVER target=701782E8 SQR31?3              argc=0 site=7017C33E
gcalls seq=005550 caller=QUEST_SERVER target=701782E8 SQR31?3              argc=0 site=7017C33E
gcalls seq=005551 caller=QUEST_SERVER target=701782E8 SQR31?3              argc=0 site=7017C33E
gcalls seq=005552 caller=QUEST_SERVER target=701782E8 SQR31?3              argc=0 site=7017C33E
gcalls seq=005553 caller=QUEST_SERVER target=701782E8 SQR31?3              argc=0 site=7017C33E
gcalls seq=005554 caller=QUEST_SERVER target=701782E8 SQR31?3              argc=0 site=7017C33E
gcalls seq=005555 caller=QUEST_SERVER target=701782E8 SQR31?3              argc=0 site=7017C33E
gcalls seq=005556 caller=QUEST_SERVER target=701782E8 SQR31?3              argc=0 site=7017C33E
gcalls seq=005557 caller=QUEST_SERVER target=701782E8 SQR31?3              argc=0 site=7017C33E
gcalls seq=005558 caller=QUEST_SERVER target=701782E8 SQR31?3              argc=0 site=7017C33E
gcalls seq=005559 caller=QUEST_SERVER target=701782E8 SQR31?3              argc=0 site=7017C33E
gcalls seq=005560 caller=QUEST_SERVER target=701782E8 SQR31?3              argc=0 site=7017C33E
gcalls seq=005561 caller=QUEST_SERVER target=701782E8 SQR31?3              argc=0 site=7017C33E
gcalls seq=005562 caller=QUEST_SERVER target=701782E8 SQR31?3              argc=0 site=7017C33E
gcalls seq=005563 caller=QUEST_SERVER target=701782E8 SQR31?3              argc=0 site=7017C33E
gcalls seq=005564 caller=QUEST_SERVER target=701782E8 SQR31?3              argc=0 site=7017C33E
gcalls seq=005565 caller=QUEST_SERVER target=701782E8 SQR31?3              argc=0 site=7017C33E
gcalls seq=005566 caller=QUEST_SERVER target=701782E8 SQR31?3              argc=0 site=7017C33E
gcalls seq=005567 caller=QUEST_SERVER target=701782E8 SQR31?3              argc=0 site=7017C33E
gcalls seq=005568 caller=QUEST_SERVER target=701782E8 SQR31?3              argc=0 site=7017C33E
gcalls seq=005569 caller=QUEST_SERVER target=701782E8 SQR31?3              argc=0 site=7017C33E
gcalls seq=005570 caller=QUEST_SERVER target=701782E8 SQR31?3              argc=0 site=7017C33E
gcalls seq=005571 caller=QUEST_SERVER target=701782E8 SQR31?3              argc=0 site=7017C33E
gcalls seq=005572 caller=QUEST_SERVER target=701782E8 SQR31?3              argc=0 site=7017C33E
gcalls seq=005573 caller=QUEST_SERVER target=701782E8 SQR31?3              argc=0 site=7017C33E
gcalls seq=005574 caller=QUEST_SERVER target=701782E8 SQR31?3              argc=0 site=7017C33E
gcalls seq=005575 caller=QUEST_SERVER target=701782E8 SQR31?3              argc=0 site=7017C33E
gcalls seq=005576 caller=QUEST_SERVER target=701782E8 SQR31?3              argc=0 site=7017C33E
gcalls seq=005577 caller=QUEST_SERVER target=701782E8 SQR31?3              argc=0 site=7017C33E
gcalls seq=005578 caller=QUEST_SERVER target=701782E8 SQR31?3              argc=0 site=7017C33E
gcalls seq=005579 caller=QUEST_SERVER target=701782E8 SQR31?3              argc=0 site=7017C33E
gcalls seq=005580 caller=QUEST_SERVER target=701782E8 SQR31?3              argc=0 site=7017C33E
gcalls seq=005581 caller=QUEST_SERVER target=701782E8 SQR31?3              argc=0 site=7017C33E
gcalls seq=005582 caller=QUEST_SERVER target=701782E8 SQR31?3              argc=0 site=7017C33E
gcalls seq=005583 caller=QUEST_SERVER target=701782E8 SQR31?3              argc=0 site=7017C33E
gcalls seq=005584 caller=QUEST_SERVER target=701782E8 SQR31?3              argc=0 site=7017C33E
gcalls seq=005585 caller=QUEST_SERVER target=701782E8 SQR31?3              argc=0 site=7017C33E
gcalls seq=005586 caller=QUEST_SERVER target=701782E8 SQR31?3              argc=0 site=7017C33E
gcalls seq=005587 caller=QUEST_SERVER target=701782E8 SQR31?3              argc=0 site=7017C33E
gcalls seq=005588 caller=QUEST_SERVER target=701782E8 SQR31?3              argc=0 site=7017C33E
gcalls seq=005589 caller=QUEST_SERVER target=701782E8 SQR31?3              argc=0 site=7017C33E
gcalls seq=005590 caller=QUEST_SERVER target=701782E8 SQR31?3              argc=0 site=7017C33E
gcalls seq=005591 caller=QUEST_SERVER target=701782E8 SQR31?3              argc=0 site=7017C33E
gcalls seq=005592 caller=QUEST_SERVER target=701782E8 SQR31?3              argc=0 site=7017C33E
gcalls seq=005593 caller=QUEST_SERVER target=701782E8 SQR31?3              argc=0 site=7017C33E
gcalls seq=005594 caller=QUEST_SERVER target=701782E8 SQR31?3              argc=0 site=7017C33E
gcalls seq=005595 caller=QUEST_SERVER target=701782E8 SQR31?3              argc=0 site=7017C33E
gcalls seq=005596 caller=QUEST_SERVER target=701782E8 SQR31?3              argc=0 site=7017C33E
gcalls seq=005597 caller=QUEST_SERVER target=701782E8 SQR31?3              argc=0 site=7017C33E
gcalls seq=005598 caller=QUEST_SERVER target=7017B501 PICK_X_Y             argc=2 site=7017AD25
gcalls seq=005599 caller=QUEST_SERVER target=7017C098 ROLL32               argc=0 site=7017E21A
gcalls seq=005600 caller=QUEST_SERVER target=7017C098 ROLL32               argc=0 site=7017E21A
gcalls seq=005601 caller=QUEST_SERVER target=7017C098 ROLL32               argc=0 site=7017E21A
gcalls seq=005602 caller=QUEST_SERVER target=70178F4D FIND_OBJECT          argc=3 site=7017AD2F
gcalls seq=005603 caller=QUEST_SERVER target=7017C13B TERRITORY            argc=6 site=7017AD41
gcalls seq=005604 caller=QUEST_SERVER target=701782E8 SQR31?3              argc=0 site=7017C33E
gcalls seq=005605 caller=QUEST_SERVER target=701782E8 SQR31?3              argc=0 site=7017C33E
gcalls seq=005606 caller=QUEST_SERVER target=701782E8 SQR31?3              argc=0 site=7017C33E
gcalls seq=005607 caller=QUEST_SERVER target=701782E8 SQR31?3              argc=0 site=7017C33E
gcalls seq=005608 caller=QUEST_SERVER target=701782E8 SQR31?3              argc=0 site=7017C33E
gcalls seq=005609 caller=QUEST_SERVER target=701782E8 SQR31?3              argc=0 site=7017C33E
gcalls seq=005610 caller=QUEST_SERVER target=701782E8 SQR31?3              argc=0 site=7017C33E
gcalls seq=005611 caller=QUEST_SERVER target=701782E8 SQR31?3              argc=0 site=7017C33E
gcalls seq=005612 caller=QUEST_SERVER target=7017C098 ROLL32               argc=0 site=7017E21A
gcalls seq=005613 caller=QUEST_SERVER target=70178F4D FIND_OBJECT          argc=3 site=7017B168
gcalls seq=005614 caller=QUEST_SERVER target=7017C99B UPDATE_USER_DATA_FILE argc=3 site=7017B1DD
gcalls seq=005623 caller=QUEST1 target=7016DF39 INIT_OBJ_TBL         argc=2 site=7015C2B7
gcalls seq=005624 caller=QUEST1 target=7015C5E1 -                    argc=0 site=7015C337
gcalls seq=005625 caller=QUEST2 target=7016DF39 INIT_OBJ_TBL         argc=2 site=7015C2B7
gcalls seq=005626 caller=QUEST2 target=7015C5E1 -                    argc=0 site=7015C337
gcalls seq=005627 caller=QUEST1 target=7016E103 INIT_SCREEN          argc=1 site=7015C38C
gcalls seq=005628 caller=QUEST2 target=7016E103 INIT_SCREEN          argc=1 site=7015C38C
gcalls seq=005629 caller=QUEST1 target=701697A1 FAKE_LAND_MASS       argc=1 site=7016E1D2
gcalls seq=005630 caller=QUEST2 target=701697A1 FAKE_LAND_MASS       argc=1 site=7016E1D2
gcalls seq=005631 caller=QUEST1 target=701699B5 FAKE_OCEAN           argc=1 site=7016E1D8
gcalls seq=005632 caller=QUEST2 target=701699B5 FAKE_OCEAN           argc=1 site=7016E1D8
gcalls seq=005650 caller=QUEST1 target=7016B549 GET_QUEST            argc=0 site=7015C3B5
gcalls seq=005651 caller=QUEST2 target=7016B549 GET_QUEST            argc=0 site=7015C3B5
gcalls seq=005655 caller=QUEST1 target=70165713 C_A_LISTENER         argc=1 site=7017E7C1
gcalls seq=005656 caller=QUEST2 target=70165713 C_A_LISTENER         argc=1 site=7017E7C1
gcalls seq=005672 caller=QUEST1 target=7016DE91 HIT_ANY_CHAR         argc=0 site=7016BCA0
gcalls seq=005673 caller=QUEST2 target=7016DE91 HIT_ANY_CHAR         argc=0 site=7016BCA0
gcalls seq=005681 caller=QUEST1 target=7016AA35 GET_INPUT            argc=1 site=7016DEA9
gcalls seq=005682 caller=QUEST2 target=7016AA35 GET_INPUT            argc=1 site=7016DEA9
gcalls seq=005697 caller=QUEST1 target=70176A93 REFRESH_SCREEN       argc=0 site=7016BCA4
gcalls seq=005698 caller=QUEST2 target=70176A93 REFRESH_SCREEN       argc=0 site=7016BCA4
gcalls seq=005783 caller=QUEST1 target=70166AF9 DISPLAY_SCREEN       argc=1 site=7016BCBE
gcalls seq=005784 caller=QUEST1 target=70168717 DIST                 argc=4 site=70166B86
gcalls seq=005785 caller=QUEST1 target=70168717 DIST                 argc=4 site=70166B86
gcalls seq=005786 caller=QUEST1 target=70168717 DIST                 argc=4 site=70166B86
gcalls seq=005787 caller=QUEST2 target=70166AF9 DISPLAY_SCREEN       argc=1 site=7016BCBE
gcalls seq=005788 caller=QUEST2 target=70168717 DIST                 argc=4 site=70166B86
gcalls seq=005792 caller=QUEST2 target=70168717 DIST                 argc=4 site=70166B86
gcalls seq=005796 caller=QUEST2 target=70168717 DIST                 argc=4 site=70166B86
gcalls seq=005800 caller=QUEST1 target=70168717 DIST                 argc=4 site=70166E1C
gcalls seq=005801 caller=QUEST1 target=70168717 DIST                 argc=4 site=70166E1C
gcalls seq=005802 caller=QUEST1 target=70168717 DIST                 argc=4 site=70166E1C
gcalls seq=005803 caller=QUEST2 target=70168717 DIST                 argc=4 site=70166E1C
gcalls seq=005807 caller=QUEST2 target=70168717 DIST                 argc=4 site=70166E1C
gcalls seq=005811 caller=QUEST2 target=70168717 DIST                 argc=4 site=70166E1C
gcalls seq=005815 caller=QUEST1 target=70168717 DIST                 argc=4 site=70166E1C
gcalls seq=005816 caller=QUEST1 target=70168717 DIST                 argc=4 site=70166E1C
gcalls seq=005817 caller=QUEST2 target=70168717 DIST                 argc=4 site=70166E1C
gcalls seq=005821 caller=QUEST2 target=70168717 DIST                 argc=4 site=70166E1C
gcalls seq=005825 caller=QUEST1 target=70168717 DIST                 argc=4 site=70166E1C
gcalls seq=005826 caller=QUEST2 target=70168717 DIST                 argc=4 site=70166E1C
gcalls seq=005830 caller=QUEST1 target=70168717 DIST                 argc=4 site=70166E1C
gcalls seq=005831 caller=QUEST1 target=70168717 DIST                 argc=4 site=70166E1C
gcalls seq=005832 caller=QUEST1 target=70168717 DIST                 argc=4 site=70166E1C
gcalls seq=005833 caller=QUEST2 target=70168717 DIST                 argc=4 site=70166E1C
gcalls seq=005837 caller=QUEST2 target=70168717 DIST                 argc=4 site=70166E1C
gcalls seq=005841 caller=QUEST2 target=70168717 DIST                 argc=4 site=70166E1C
gcalls seq=005845 caller=QUEST1 target=70168717 DIST                 argc=4 site=70166E1C
gcalls seq=005846 caller=QUEST1 target=70168717 DIST                 argc=4 site=70166E1C
gcalls seq=005847 caller=QUEST2 target=70168717 DIST                 argc=4 site=70166E1C
gcalls seq=005851 caller=QUEST2 target=70168717 DIST                 argc=4 site=70166E1C
gcalls seq=005855 caller=QUEST1 target=70168717 DIST                 argc=4 site=70166E1C
gcalls seq=005856 caller=QUEST2 target=70168717 DIST                 argc=4 site=70166E1C
gcalls seq=005860 caller=QUEST1 target=70168717 DIST                 argc=4 site=70166E1C
gcalls seq=005861 caller=QUEST1 target=70168717 DIST                 argc=4 site=70166E1C
gcalls seq=005862 caller=QUEST1 target=70168717 DIST                 argc=4 site=70166E1C
gcalls seq=005863 caller=QUEST2 target=70168717 DIST                 argc=4 site=70166E1C
gcalls seq=005867 caller=QUEST2 target=70168717 DIST                 argc=4 site=70166E1C
gcalls seq=005871 caller=QUEST2 target=70168717 DIST                 argc=4 site=70166E1C
gcalls seq=005875 caller=QUEST1 target=70168717 DIST                 argc=4 site=70166E1C
gcalls seq=005876 caller=QUEST1 target=70168717 DIST                 argc=4 site=70166E1C
gcalls seq=005877 caller=QUEST2 target=70168717 DIST                 argc=4 site=70166E1C
gcalls seq=005881 caller=QUEST2 target=70168717 DIST                 argc=4 site=70166E1C
gcalls seq=005885 caller=QUEST1 target=70168717 DIST                 argc=4 site=70166E1C
gcalls seq=005886 caller=QUEST2 target=70168717 DIST                 argc=4 site=70166E1C
gcalls seq=005890 caller=QUEST1 target=70168717 DIST                 argc=4 site=70166E1C
gcalls seq=005891 caller=QUEST1 target=70168717 DIST                 argc=4 site=70166E1C
gcalls seq=005892 caller=QUEST1 target=70168717 DIST                 argc=4 site=70166E1C
gcalls seq=005893 caller=QUEST2 target=70168717 DIST                 argc=4 site=70166E1C
gcalls seq=005897 caller=QUEST2 target=70168717 DIST                 argc=4 site=70166E1C
gcalls seq=005901 caller=QUEST2 target=70168717 DIST                 argc=4 site=70166E1C
gcalls seq=005905 caller=QUEST1 target=70168717 DIST                 argc=4 site=70166E1C
gcalls seq=005906 caller=QUEST1 target=70168717 DIST                 argc=4 site=70166E1C
gcalls seq=005907 caller=QUEST2 target=70168717 DIST                 argc=4 site=70166E1C
gcalls seq=005911 caller=QUEST2 target=70168717 DIST                 argc=4 site=70166E1C
gcalls seq=005915 caller=QUEST1 target=70168717 DIST                 argc=4 site=70166E1C
gcalls seq=005916 caller=QUEST2 target=70168717 DIST                 argc=4 site=70166E1C
gcalls seq=005920 caller=QUEST1 target=70168717 DIST                 argc=4 site=70166E1C
gcalls seq=005921 caller=QUEST1 target=70168717 DIST                 argc=4 site=70166E1C
gcalls seq=005922 caller=QUEST1 target=70168717 DIST                 argc=4 site=70166E1C
gcalls seq=005923 caller=QUEST2 target=70168717 DIST                 argc=4 site=70166E1C
gcalls seq=005927 caller=QUEST2 target=70168717 DIST                 argc=4 site=70166E1C
gcalls seq=005931 caller=QUEST2 target=70168717 DIST                 argc=4 site=70166E1C
gcalls seq=005935 caller=QUEST1 target=70168717 DIST                 argc=4 site=70166E1C
gcalls seq=005936 caller=QUEST1 target=70168717 DIST                 argc=4 site=70166E1C
gcalls seq=005937 caller=QUEST2 target=70168717 DIST                 argc=4 site=70166E1C
gcalls seq=005941 caller=QUEST2 target=70168717 DIST                 argc=4 site=70166E1C
gcalls seq=005945 caller=QUEST1 target=70168717 DIST                 argc=4 site=70166E1C
gcalls seq=005946 caller=QUEST2 target=70168717 DIST                 argc=4 site=70166E1C
gcalls seq=005950 caller=QUEST1 target=70168717 DIST                 argc=4 site=70166E1C
gcalls seq=005951 caller=QUEST1 target=70168717 DIST                 argc=4 site=70166E1C
gcalls seq=005952 caller=QUEST1 target=70168717 DIST                 argc=4 site=70166E1C
gcalls seq=005953 caller=QUEST2 target=70168717 DIST                 argc=4 site=70166E1C
gcalls seq=005957 caller=QUEST2 target=70168717 DIST                 argc=4 site=70166E1C
gcalls seq=005961 caller=QUEST2 target=70168717 DIST                 argc=4 site=70166E1C
gcalls seq=005965 caller=QUEST1 target=70168717 DIST                 argc=4 site=70166E1C
gcalls seq=005966 caller=QUEST2 target=70168717 DIST                 argc=4 site=70166E1C
gcalls seq=005970 caller=QUEST1 target=70168717 DIST                 argc=4 site=70166E1C
gcalls seq=005971 caller=QUEST1 target=70168717 DIST                 argc=4 site=70166E1C
gcalls seq=005972 caller=QUEST2 target=70168717 DIST                 argc=4 site=70166E1C
gcalls seq=005976 caller=QUEST2 target=70168717 DIST                 argc=4 site=70166E1C
gcalls seq=005980 caller=QUEST1 target=70168717 DIST                 argc=4 site=70166E1C
gcalls seq=005981 caller=QUEST1 target=70168717 DIST                 argc=4 site=70166E1C
gcalls seq=005982 caller=QUEST1 target=70168717 DIST                 argc=4 site=70166E1C
gcalls seq=005983 caller=QUEST2 target=70168717 DIST                 argc=4 site=70166E1C
gcalls seq=005987 caller=QUEST2 target=70168717 DIST                 argc=4 site=70166E1C
gcalls seq=005991 caller=QUEST2 target=70168717 DIST                 argc=4 site=70166E1C
gcalls seq=005995 caller=QUEST1 target=70168717 DIST                 argc=4 site=70166E1C
gcalls seq=005996 caller=QUEST1 target=70168717 DIST                 argc=4 site=70166E1C
gcalls seq=005997 caller=QUEST1 target=70168717 DIST                 argc=4 site=70166E1C
gcalls seq=005998 caller=QUEST2 target=70168717 DIST                 argc=4 site=70166E1C
gcalls seq=006002 caller=QUEST2 target=70168717 DIST                 argc=4 site=70166E1C
gcalls seq=006006 caller=QUEST2 target=70168717 DIST                 argc=4 site=70166E1C
gcalls seq=006010 caller=QUEST1 target=70168717 DIST                 argc=4 site=70166E1C
gcalls seq=006011 caller=QUEST1 target=70168717 DIST                 argc=4 site=70166E1C
gcalls seq=006012 caller=QUEST2 target=70168717 DIST                 argc=4 site=70166E1C
gcalls seq=006016 caller=QUEST2 target=70168717 DIST                 argc=4 site=70166E1C
gcalls seq=006020 caller=QUEST1 target=70168717 DIST                 argc=4 site=70166E1C
gcalls seq=006021 caller=QUEST2 target=70168717 DIST                 argc=4 site=70166E1C
gcalls seq=006025 caller=QUEST1 target=70168717 DIST                 argc=4 site=70166E1C
gcalls seq=006026 caller=QUEST1 target=70168717 DIST                 argc=4 site=70166E1C
gcalls seq=006027 caller=QUEST1 target=70168717 DIST                 argc=4 site=70166E1C
gcalls seq=006028 caller=QUEST2 target=70168717 DIST                 argc=4 site=70166E1C
gcalls seq=006032 caller=QUEST2 target=70168717 DIST                 argc=4 site=70166E1C
gcalls seq=006036 caller=QUEST2 target=70168717 DIST                 argc=4 site=70166E1C
gcalls seq=006040 caller=QUEST1 target=70168717 DIST                 argc=4 site=70166E1C
gcalls seq=006041 caller=QUEST2 target=70168717 DIST                 argc=4 site=70166E1C
gcalls seq=006045 caller=QUEST1 target=70168717 DIST                 argc=4 site=70166E1C
gcalls seq=006046 caller=QUEST1 target=70168717 DIST                 argc=4 site=70166E1C
gcalls seq=006047 caller=QUEST2 target=70168717 DIST                 argc=4 site=70166E1C
gcalls seq=006051 caller=QUEST2 target=70168717 DIST                 argc=4 site=70166E1C
gcalls seq=006055 caller=QUEST1 target=70168717 DIST                 argc=4 site=70166E1C
gcalls seq=006056 caller=QUEST1 target=70168717 DIST                 argc=4 site=70166E1C
gcalls seq=006057 caller=QUEST1 target=70168717 DIST                 argc=4 site=70166E1C
gcalls seq=006058 caller=QUEST2 target=70168717 DIST                 argc=4 site=70166E1C
gcalls seq=006062 caller=QUEST2 target=70168717 DIST                 argc=4 site=70166E1C
gcalls seq=006066 caller=QUEST2 target=70168717 DIST                 argc=4 site=70166E1C
gcalls seq=006070 caller=QUEST1 target=70168717 DIST                 argc=4 site=70166E1C
gcalls seq=006071 caller=QUEST1 target=70168717 DIST                 argc=4 site=70166E1C
gcalls seq=006072 caller=QUEST1 target=70168717 DIST                 argc=4 site=70166E1C
gcalls seq=006073 caller=QUEST2 target=70168717 DIST                 argc=4 site=70166E1C
gcalls seq=006077 caller=QUEST2 target=70168717 DIST                 argc=4 site=70166E1C
gcalls seq=006081 caller=QUEST2 target=70168717 DIST                 argc=4 site=70166E1C
gcalls seq=006085 caller=QUEST1 target=70168717 DIST                 argc=4 site=70166E1C
gcalls seq=006086 caller=QUEST1 target=70168717 DIST                 argc=4 site=70166E1C
gcalls seq=006087 caller=QUEST2 target=70168717 DIST                 argc=4 site=70166E1C
gcalls seq=006091 caller=QUEST2 target=70168717 DIST                 argc=4 site=70166E1C
gcalls seq=006094 caller=QUEST1 target=70168717 DIST                 argc=4 site=70166E1C
gcalls seq=006096 caller=QUEST2 target=70168717 DIST                 argc=4 site=70166E1C
gcalls seq=006100 caller=QUEST1 target=70168717 DIST                 argc=4 site=70166E1C
gcalls seq=006101 caller=QUEST1 target=70168717 DIST                 argc=4 site=70166E1C
gcalls seq=006102 caller=QUEST1 target=70168717 DIST                 argc=4 site=70166E1C
gcalls seq=006103 caller=QUEST2 target=70168717 DIST                 argc=4 site=70166E1C
gcalls seq=006107 caller=QUEST2 target=70168717 DIST                 argc=4 site=70166E1C
gcalls seq=006111 caller=QUEST2 target=70168717 DIST                 argc=4 site=70166E1C
gcalls seq=006115 caller=QUEST1 target=70168717 DIST                 argc=4 site=70166E1C
gcalls seq=006116 caller=QUEST2 target=70168717 DIST                 argc=4 site=70166E1C
gcalls seq=006119 caller=QUEST1 target=70168717 DIST                 argc=4 site=70166E1C
gcalls seq=006120 caller=QUEST1 target=70168717 DIST                 argc=4 site=70166E1C
gcalls seq=006122 caller=QUEST2 target=70168717 DIST                 argc=4 site=70166E1C
gcalls seq=006126 caller=QUEST2 target=70168717 DIST                 argc=4 site=70166E1C
gcalls seq=006130 caller=QUEST1 target=70168717 DIST                 argc=4 site=70166E1C
gcalls seq=006131 caller=QUEST1 target=70168717 DIST                 argc=4 site=70166E1C
gcalls seq=006132 caller=QUEST2 target=70168717 DIST                 argc=4 site=70166E1C
gcalls seq=006136 caller=QUEST2 target=70168717 DIST                 argc=4 site=70166E1C
gcalls seq=006140 caller=QUEST1 target=70168717 DIST                 argc=4 site=70166E1C
gcalls seq=006141 caller=QUEST2 target=70168717 DIST                 argc=4 site=70166E1C
gcalls seq=006145 caller=QUEST1 target=70168717 DIST                 argc=4 site=70166E1C
gcalls seq=006146 caller=QUEST1 target=70168717 DIST                 argc=4 site=70166E1C
gcalls seq=006147 caller=QUEST1 target=70168717 DIST                 argc=4 site=70166E1C
gcalls seq=006148 caller=QUEST2 target=70168717 DIST                 argc=4 site=70166E1C
gcalls seq=006152 caller=QUEST2 target=70168717 DIST                 argc=4 site=70166E1C
gcalls seq=006156 caller=QUEST2 target=70168717 DIST                 argc=4 site=70166E1C
gcalls seq=006160 caller=QUEST1 target=70168717 DIST                 argc=4 site=70166E1C
gcalls seq=006161 caller=QUEST1 target=70168717 DIST                 argc=4 site=70166E1C
gcalls seq=006162 caller=QUEST2 target=70168717 DIST                 argc=4 site=70166E1C
gcalls seq=006166 caller=QUEST2 target=70168717 DIST                 argc=4 site=70166E1C
gcalls seq=006170 caller=QUEST1 target=70168717 DIST                 argc=4 site=70166E1C
gcalls seq=006171 caller=QUEST2 target=70168717 DIST                 argc=4 site=70166E1C
gcalls seq=006175 caller=QUEST1 target=70168717 DIST                 argc=4 site=70166E1C
gcalls seq=006176 caller=QUEST1 target=70168717 DIST                 argc=4 site=70166E1C
gcalls seq=006177 caller=QUEST1 target=70168717 DIST                 argc=4 site=70166E1C
gcalls seq=006178 caller=QUEST2 target=70168717 DIST                 argc=4 site=70166E1C
gcalls seq=006182 caller=QUEST2 target=70168717 DIST                 argc=4 site=70166E1C
gcalls seq=006186 caller=QUEST2 target=70168717 DIST                 argc=4 site=70166E1C
gcalls seq=006190 caller=QUEST1 target=70168717 DIST                 argc=4 site=70166E1C
gcalls seq=006191 caller=QUEST1 target=70168717 DIST                 argc=4 site=70166E1C
gcalls seq=006192 caller=QUEST2 target=70168717 DIST                 argc=4 site=70166E1C
gcalls seq=006196 caller=QUEST2 target=70168717 DIST                 argc=4 site=70166E1C
gcalls seq=006200 caller=QUEST1 target=70168717 DIST                 argc=4 site=70166E1C
gcalls seq=006201 caller=QUEST2 target=70168717 DIST                 argc=4 site=70166E1C
gcalls seq=006205 caller=QUEST1 target=70168717 DIST                 argc=4 site=70166E1C
gcalls seq=006206 caller=QUEST1 target=70168717 DIST                 argc=4 site=70166E1C
gcalls seq=006207 caller=QUEST1 target=70168717 DIST                 argc=4 site=70166E1C
gcalls seq=006208 caller=QUEST2 target=70168717 DIST                 argc=4 site=70166E1C
gcalls seq=006212 caller=QUEST2 target=70168717 DIST                 argc=4 site=70166E1C
gcalls seq=006216 caller=QUEST2 target=70168717 DIST                 argc=4 site=70166E1C
gcalls seq=006220 caller=QUEST1 target=70168717 DIST                 argc=4 site=70166E1C
gcalls seq=006221 caller=QUEST1 target=70168717 DIST                 argc=4 site=70166E1C
gcalls seq=006222 caller=QUEST2 target=70168717 DIST                 argc=4 site=70166E1C
gcalls seq=006226 caller=QUEST2 target=70168717 DIST                 argc=4 site=70166E1C
gcalls seq=006230 caller=QUEST1 target=70168717 DIST                 argc=4 site=70166E1C
gcalls seq=006231 caller=QUEST2 target=70168717 DIST                 argc=4 site=70166E1C
gcalls seq=006235 caller=QUEST1 target=70168717 DIST                 argc=4 site=70166E1C
gcalls seq=006236 caller=QUEST1 target=70168717 DIST                 argc=4 site=70166E1C
gcalls seq=006237 caller=QUEST1 target=70168717 DIST                 argc=4 site=70166E1C
gcalls seq=006238 caller=QUEST2 target=70168717 DIST                 argc=4 site=70166E1C
gcalls seq=006242 caller=QUEST2 target=70168717 DIST                 argc=4 site=70166E1C
gcalls seq=006246 caller=QUEST2 target=70168717 DIST                 argc=4 site=70166E1C
gcalls seq=006250 caller=QUEST1 target=70168717 DIST                 argc=4 site=70166E1C
gcalls seq=006251 caller=QUEST2 target=70168717 DIST                 argc=4 site=70166E1C
gcalls seq=006255 caller=QUEST1 target=70168717 DIST                 argc=4 site=70166E1C
gcalls seq=006256 caller=QUEST1 target=70168717 DIST                 argc=4 site=70166E1C
gcalls seq=006257 caller=QUEST2 target=70168717 DIST                 argc=4 site=70166E1C
gcalls seq=006261 caller=QUEST2 target=70168717 DIST                 argc=4 site=70166E1C
gcalls seq=006265 caller=QUEST1 target=70168717 DIST                 argc=4 site=70166E1C
gcalls seq=006266 caller=QUEST1 target=70168717 DIST                 argc=4 site=70166E1C
gcalls seq=006267 caller=QUEST1 target=70168717 DIST                 argc=4 site=70166E1C
gcalls seq=006268 caller=QUEST2 target=70168717 DIST                 argc=4 site=70166E1C
gcalls seq=006272 caller=QUEST2 target=70168717 DIST                 argc=4 site=70166E1C
gcalls seq=006276 caller=QUEST2 target=70168717 DIST                 argc=4 site=70166E1C
gcalls seq=006280 caller=QUEST1 target=70168717 DIST                 argc=4 site=70166E1C
gcalls seq=006281 caller=QUEST1 target=70168717 DIST                 argc=4 site=70166E1C
gcalls seq=006282 caller=QUEST1 target=70168717 DIST                 argc=4 site=70166E1C
gcalls seq=006283 caller=QUEST2 target=70168717 DIST                 argc=4 site=70166E1C
gcalls seq=006287 caller=QUEST2 target=70168717 DIST                 argc=4 site=70166E1C
gcalls seq=006291 caller=QUEST2 target=70168717 DIST                 argc=4 site=70166E1C
gcalls seq=006295 caller=QUEST1 target=70168717 DIST                 argc=4 site=70166E1C
gcalls seq=006296 caller=QUEST1 target=70168717 DIST                 argc=4 site=70166E1C
gcalls seq=006297 caller=QUEST2 target=70168717 DIST                 argc=4 site=70166E1C
gcalls seq=006301 caller=QUEST2 target=70168717 DIST                 argc=4 site=70166E1C
gcalls seq=006303 caller=QUEST1 target=70168717 DIST                 argc=4 site=70166E1C
gcalls seq=006306 caller=QUEST2 target=70168717 DIST                 argc=4 site=70166E1C
gcalls seq=006310 caller=QUEST1 target=70168717 DIST                 argc=4 site=70166E1C
gcalls seq=006311 caller=QUEST1 target=70168717 DIST                 argc=4 site=70166E1C
gcalls seq=006312 caller=QUEST1 target=70168717 DIST                 argc=4 site=70166E1C
gcalls seq=006313 caller=QUEST2 target=70168717 DIST                 argc=4 site=70166E1C
gcalls seq=006317 caller=QUEST2 target=70168717 DIST                 argc=4 site=70166E1C
gcalls seq=006321 caller=QUEST2 target=70168717 DIST                 argc=4 site=70166E1C
gcalls seq=006325 caller=QUEST1 target=70168717 DIST                 argc=4 site=70166E1C
gcalls seq=006326 caller=QUEST2 target=70168717 DIST                 argc=4 site=70166E1C
gcalls seq=006330 caller=QUEST1 target=70168717 DIST                 argc=4 site=70166E1C
gcalls seq=006331 caller=QUEST1 target=70168717 DIST                 argc=4 site=70166E1C
gcalls seq=006332 caller=QUEST2 target=70168717 DIST                 argc=4 site=70166E1C
gcalls seq=006336 caller=QUEST2 target=70168717 DIST                 argc=4 site=70166E1C
gcalls seq=006340 caller=QUEST1 target=70168717 DIST                 argc=4 site=70166E1C
gcalls seq=006341 caller=QUEST1 target=70168717 DIST                 argc=4 site=70166E1C
gcalls seq=006342 caller=QUEST1 target=70168717 DIST                 argc=4 site=70166E1C
gcalls seq=006343 caller=QUEST2 target=70168717 DIST                 argc=4 site=70166E1C
gcalls seq=006347 caller=QUEST2 target=70168717 DIST                 argc=4 site=70166E1C
gcalls seq=006351 caller=QUEST2 target=70168717 DIST                 argc=4 site=70166E1C
gcalls seq=006355 caller=QUEST1 target=70168717 DIST                 argc=4 site=70166E1C
gcalls seq=006356 caller=QUEST2 target=70168717 DIST                 argc=4 site=70166E1C
gcalls seq=006360 caller=QUEST1 target=70168717 DIST                 argc=4 site=70166E1C
gcalls seq=006361 caller=QUEST1 target=70168717 DIST                 argc=4 site=70166E1C
gcalls seq=006362 caller=QUEST2 target=70168717 DIST                 argc=4 site=70166E1C
gcalls seq=006366 caller=QUEST2 target=70168717 DIST                 argc=4 site=70166E1C
gcalls seq=006370 caller=QUEST1 target=70168717 DIST                 argc=4 site=70166E1C
gcalls seq=006371 caller=QUEST1 target=70168717 DIST                 argc=4 site=70166E1C
gcalls seq=006372 caller=QUEST1 target=70168717 DIST                 argc=4 site=70166E1C
gcalls seq=006373 caller=QUEST2 target=70168717 DIST                 argc=4 site=70166E1C
gcalls seq=006377 caller=QUEST2 target=70168717 DIST                 argc=4 site=70166E1C
gcalls seq=006381 caller=QUEST2 target=70168717 DIST                 argc=4 site=70166E1C
gcalls seq=006385 caller=QUEST1 target=70168717 DIST                 argc=4 site=70166E1C
gcalls seq=006386 caller=QUEST2 target=70168717 DIST                 argc=4 site=70166E1C
gcalls seq=006390 caller=QUEST1 target=70168717 DIST                 argc=4 site=70166E1C
gcalls seq=006391 caller=QUEST1 target=70168717 DIST                 argc=4 site=70166E1C
gcalls seq=006392 caller=QUEST2 target=70168717 DIST                 argc=4 site=70166E1C
gcalls seq=006396 caller=QUEST2 target=70168717 DIST                 argc=4 site=70166E1C
gcalls seq=006400 caller=QUEST1 target=70168717 DIST                 argc=4 site=70166E1C
gcalls seq=006401 caller=QUEST1 target=70168717 DIST                 argc=4 site=70166E1C
gcalls seq=006402 caller=QUEST1 target=70168717 DIST                 argc=4 site=70166E1C
gcalls seq=006403 caller=QUEST2 target=70168717 DIST                 argc=4 site=70166E1C
gcalls seq=006407 caller=QUEST2 target=70168717 DIST                 argc=4 site=70166E1C
gcalls seq=006411 caller=QUEST2 target=70168717 DIST                 argc=4 site=70166E1C
gcalls seq=006415 caller=QUEST1 target=70168717 DIST                 argc=4 site=70166E1C
gcalls seq=006416 caller=QUEST1 target=70168717 DIST                 argc=4 site=70166E1C
gcalls seq=006417 caller=QUEST1 target=70168717 DIST                 argc=4 site=70166E1C
gcalls seq=006418 caller=QUEST2 target=70168717 DIST                 argc=4 site=70166E1C
gcalls seq=006422 caller=QUEST2 target=70168717 DIST                 argc=4 site=70166E1C
gcalls seq=006426 caller=QUEST2 target=70168717 DIST                 argc=4 site=70166E1C
gcalls seq=006430 caller=QUEST1 target=70168717 DIST                 argc=4 site=70166E1C
gcalls seq=006431 caller=QUEST1 target=70168717 DIST                 argc=4 site=70166E1C
gcalls seq=006432 caller=QUEST2 target=70168717 DIST                 argc=4 site=70166E1C
gcalls seq=006436 caller=QUEST2 target=70168717 DIST                 argc=4 site=70166E1C
gcalls seq=006439 caller=QUEST1 target=70168717 DIST                 argc=4 site=70166E1C
gcalls seq=006441 caller=QUEST2 target=70168717 DIST                 argc=4 site=70166E1C
gcalls seq=006445 caller=QUEST1 target=70168717 DIST                 argc=4 site=70166E1C
gcalls seq=006446 caller=QUEST1 target=70168717 DIST                 argc=4 site=70166E1C
gcalls seq=006447 caller=QUEST1 target=70168717 DIST                 argc=4 site=70166E1C
gcalls seq=006448 caller=QUEST2 target=70168717 DIST                 argc=4 site=70166E1C
gcalls seq=006452 caller=QUEST2 target=70168717 DIST                 argc=4 site=70166E1C
gcalls seq=006456 caller=QUEST2 target=70168717 DIST                 argc=4 site=70166E1C
gcalls seq=006460 caller=QUEST1 target=70168717 DIST                 argc=4 site=70166E1C
gcalls seq=006461 caller=QUEST2 target=70168717 DIST                 argc=4 site=70166E1C
gcalls seq=006464 caller=QUEST1 target=70168717 DIST                 argc=4 site=70166E1C
gcalls seq=006465 caller=QUEST1 target=70168717 DIST                 argc=4 site=70166E1C
gcalls seq=006467 caller=QUEST2 target=70168717 DIST                 argc=4 site=70166E1C
gcalls seq=006471 caller=QUEST2 target=70168717 DIST                 argc=4 site=70166E1C
gcalls seq=006475 caller=QUEST1 target=70168717 DIST                 argc=4 site=70166E1C
gcalls seq=006476 caller=QUEST1 target=70168717 DIST                 argc=4 site=70166E1C
gcalls seq=006477 caller=QUEST1 target=70168717 DIST                 argc=4 site=70166E1C
gcalls seq=006478 caller=QUEST2 target=70168717 DIST                 argc=4 site=70166E1C
gcalls seq=006482 caller=QUEST2 target=70168717 DIST                 argc=4 site=70166E1C
gcalls seq=006486 caller=QUEST2 target=70168717 DIST                 argc=4 site=70166E1C
gcalls seq=006490 caller=QUEST1 target=70168717 DIST                 argc=4 site=70166E1C
gcalls seq=006491 caller=QUEST2 target=70168717 DIST                 argc=4 site=70166E1C
gcalls seq=006494 caller=QUEST1 target=70168717 DIST                 argc=4 site=70166E1C
gcalls seq=006495 caller=QUEST1 target=70168717 DIST                 argc=4 site=70166E1C
gcalls seq=006497 caller=QUEST2 target=70168717 DIST                 argc=4 site=70166E1C
gcalls seq=006501 caller=QUEST2 target=70168717 DIST                 argc=4 site=70166E1C
gcalls seq=006505 caller=QUEST1 target=70168717 DIST                 argc=4 site=70166E1C
gcalls seq=006506 caller=QUEST1 target=70168717 DIST                 argc=4 site=70166E1C
gcalls seq=006507 caller=QUEST1 target=70168717 DIST                 argc=4 site=70166E1C
gcalls seq=006508 caller=QUEST2 target=70168717 DIST                 argc=4 site=70166E1C
gcalls seq=006512 caller=QUEST2 target=70168717 DIST                 argc=4 site=70166E1C
gcalls seq=006516 caller=QUEST2 target=70168717 DIST                 argc=4 site=70166E1C
gcalls seq=006520 caller=QUEST1 target=70168717 DIST                 argc=4 site=70166E1C
gcalls seq=006521 caller=QUEST2 target=70168717 DIST                 argc=4 site=70166E1C
gcalls seq=006523 caller=QUEST1 target=70168717 DIST                 argc=4 site=70166E1C
gcalls seq=006524 caller=QUEST1 target=70168717 DIST                 argc=4 site=70166E1C
gcalls seq=006527 caller=QUEST2 target=70168717 DIST                 argc=4 site=70166E1C
gcalls seq=006531 caller=QUEST2 target=70168717 DIST                 argc=4 site=70166E1C
gcalls seq=006535 caller=QUEST1 target=70168717 DIST                 argc=4 site=70166E1C
gcalls seq=006536 caller=QUEST1 target=70168717 DIST                 argc=4 site=70166E1C
gcalls seq=006537 caller=QUEST2 target=70168717 DIST                 argc=4 site=70166E1C
gcalls seq=006541 caller=QUEST2 target=70168717 DIST                 argc=4 site=70166E1C
gcalls seq=006545 caller=QUEST1 target=70168717 DIST                 argc=4 site=70166E1C
gcalls seq=006546 caller=QUEST2 target=70168717 DIST                 argc=4 site=70166E1C
gcalls seq=006550 caller=QUEST1 target=70168717 DIST                 argc=4 site=70166E1C
gcalls seq=006551 caller=QUEST1 target=70168717 DIST                 argc=4 site=70166E1C
gcalls seq=006552 caller=QUEST1 target=70168717 DIST                 argc=4 site=70166E1C
gcalls seq=006553 caller=QUEST2 target=70168717 DIST                 argc=4 site=70166E1C
gcalls seq=006557 caller=QUEST2 target=70168717 DIST                 argc=4 site=70166E1C
gcalls seq=006561 caller=QUEST2 target=70168717 DIST                 argc=4 site=70166E1C
gcalls seq=006565 caller=QUEST1 target=70168717 DIST                 argc=4 site=70166E1C
gcalls seq=006566 caller=QUEST1 target=70168717 DIST                 argc=4 site=70166E1C
gcalls seq=006567 caller=QUEST2 target=70168717 DIST                 argc=4 site=70166E1C
gcalls seq=006571 caller=QUEST2 target=70168717 DIST                 argc=4 site=70166E1C
gcalls seq=006575 caller=QUEST1 target=70168717 DIST                 argc=4 site=70166E1C
gcalls seq=006576 caller=QUEST2 target=70168717 DIST                 argc=4 site=70166E1C
gcalls seq=006580 caller=QUEST1 target=70168717 DIST                 argc=4 site=70166E1C
gcalls seq=006581 caller=QUEST1 target=70168717 DIST                 argc=4 site=70166E1C
gcalls seq=006582 caller=QUEST1 target=70168717 DIST                 argc=4 site=70166E1C
gcalls seq=006583 caller=QUEST2 target=70168717 DIST                 argc=4 site=70166E1C
gcalls seq=006587 caller=QUEST2 target=70168717 DIST                 argc=4 site=70166E1C
gcalls seq=006591 caller=QUEST2 target=70168717 DIST                 argc=4 site=70166E1C
gcalls seq=006595 caller=QUEST1 target=70168717 DIST                 argc=4 site=70166E1C
gcalls seq=006596 caller=QUEST1 target=70168717 DIST                 argc=4 site=70166E1C
gcalls seq=006597 caller=QUEST1 target=70168717 DIST                 argc=4 site=70166E1C
gcalls seq=006598 caller=QUEST2 target=70168717 DIST                 argc=4 site=70166E1C
gcalls seq=006602 caller=QUEST2 target=70168717 DIST                 argc=4 site=70166E1C
gcalls seq=006606 caller=QUEST2 target=70168717 DIST                 argc=4 site=70166E1C
gcalls seq=006610 caller=QUEST1 target=70168717 DIST                 argc=4 site=70166E1C
gcalls seq=006611 caller=QUEST1 target=70168717 DIST                 argc=4 site=70166E1C
gcalls seq=006612 caller=QUEST1 target=70168717 DIST                 argc=4 site=70166E1C
gcalls seq=006613 caller=QUEST2 target=70168717 DIST                 argc=4 site=70166E1C
gcalls seq=006617 caller=QUEST2 target=70168717 DIST                 argc=4 site=70166E1C
gcalls seq=006621 caller=QUEST2 target=70168717 DIST                 argc=4 site=70166E1C
gcalls seq=006625 caller=QUEST1 target=70168717 DIST                 argc=4 site=70166E1C
gcalls seq=006626 caller=QUEST1 target=70168717 DIST                 argc=4 site=70166E1C
gcalls seq=006627 caller=QUEST1 target=70168717 DIST                 argc=4 site=70166E1C
gcalls seq=006628 caller=QUEST2 target=70168717 DIST                 argc=4 site=70166E1C
gcalls seq=006632 caller=QUEST2 target=70168717 DIST                 argc=4 site=70166E1C
gcalls seq=006636 caller=QUEST2 target=70168717 DIST                 argc=4 site=70166E1C
gcalls seq=006640 caller=QUEST1 target=70168717 DIST                 argc=4 site=70166E1C
gcalls seq=006641 caller=QUEST1 target=70168717 DIST                 argc=4 site=70166E1C
gcalls seq=006642 caller=QUEST2 target=70168717 DIST                 argc=4 site=70166E1C
gcalls seq=006646 caller=QUEST2 target=70168717 DIST                 argc=4 site=70166E1C
gcalls seq=006648 caller=QUEST1 target=70168717 DIST                 argc=4 site=70166E1C
gcalls seq=006651 caller=QUEST2 target=70168717 DIST                 argc=4 site=70166E1C
gcalls seq=006655 caller=QUEST1 target=70168717 DIST                 argc=4 site=70166E1C
gcalls seq=006656 caller=QUEST1 target=70168717 DIST                 argc=4 site=70166E1C
gcalls seq=006657 caller=QUEST1 target=70168717 DIST                 argc=4 site=70166E1C
gcalls seq=006658 caller=QUEST2 target=70168717 DIST                 argc=4 site=70166E1C
gcalls seq=006662 caller=QUEST2 target=70168717 DIST                 argc=4 site=70166E1C
gcalls seq=006666 caller=QUEST2 target=70168717 DIST                 argc=4 site=70166E1C
gcalls seq=006670 caller=QUEST1 target=70168717 DIST                 argc=4 site=70166E1C
gcalls seq=006671 caller=QUEST2 target=70168717 DIST                 argc=4 site=70166E1C
gcalls seq=006675 caller=QUEST1 target=70168717 DIST                 argc=4 site=70166E1C
gcalls seq=006676 caller=QUEST1 target=70168717 DIST                 argc=4 site=70166E1C
gcalls seq=006677 caller=QUEST2 target=70168717 DIST                 argc=4 site=70166E1C
gcalls seq=006681 caller=QUEST2 target=70168717 DIST                 argc=4 site=70166E1C
gcalls seq=006685 caller=QUEST1 target=70168717 DIST                 argc=4 site=70166E1C
gcalls seq=006686 caller=QUEST1 target=70168717 DIST                 argc=4 site=70166E1C
gcalls seq=006687 caller=QUEST1 target=70168717 DIST                 argc=4 site=70166E1C
gcalls seq=006688 caller=QUEST2 target=70168717 DIST                 argc=4 site=70166E1C
gcalls seq=006692 caller=QUEST2 target=70168717 DIST                 argc=4 site=70166E1C
gcalls seq=006696 caller=QUEST2 target=70168717 DIST                 argc=4 site=70166E1C
gcalls seq=006700 caller=QUEST1 target=70168717 DIST                 argc=4 site=70166E1C
gcalls seq=006701 caller=QUEST2 target=70168717 DIST                 argc=4 site=70166E1C
gcalls seq=006703 caller=QUEST1 target=70168717 DIST                 argc=4 site=70166E1C
gcalls seq=006704 caller=QUEST1 target=70168717 DIST                 argc=4 site=70166E1C
gcalls seq=006707 caller=QUEST2 target=70168717 DIST                 argc=4 site=70166E1C
gcalls seq=006711 caller=QUEST2 target=70168717 DIST                 argc=4 site=70166E1C
gcalls seq=006715 caller=QUEST1 target=70168717 DIST                 argc=4 site=70166E1C
gcalls seq=006716 caller=QUEST1 target=70168717 DIST                 argc=4 site=70166E1C
gcalls seq=006717 caller=QUEST2 target=70168717 DIST                 argc=4 site=70166E1C
gcalls seq=006721 caller=QUEST2 target=70168717 DIST                 argc=4 site=70166E1C
gcalls seq=006725 caller=QUEST1 target=70168717 DIST                 argc=4 site=70166E1C
gcalls seq=006726 caller=QUEST2 target=70168717 DIST                 argc=4 site=70166E1C
gcalls seq=006730 caller=QUEST1 target=70168717 DIST                 argc=4 site=70166E1C
gcalls seq=006731 caller=QUEST1 target=70168717 DIST                 argc=4 site=70166E1C
gcalls seq=006732 caller=QUEST1 target=70168717 DIST                 argc=4 site=70166E1C
gcalls seq=006733 caller=QUEST2 target=70168717 DIST                 argc=4 site=70166E1C
gcalls seq=006737 caller=QUEST2 target=70168717 DIST                 argc=4 site=70166E1C
gcalls seq=006741 caller=QUEST2 target=70168717 DIST                 argc=4 site=70166E1C
gcalls seq=006745 caller=QUEST1 target=70168717 DIST                 argc=4 site=70166E1C
gcalls seq=006746 caller=QUEST2 target=70168717 DIST                 argc=4 site=70166E1C
gcalls seq=006750 caller=QUEST1 target=70168717 DIST                 argc=4 site=70166E1C
gcalls seq=006751 caller=QUEST1 target=70168717 DIST                 argc=4 site=70166E1C
gcalls seq=006752 caller=QUEST2 target=70168717 DIST                 argc=4 site=70166E1C
gcalls seq=006756 caller=QUEST2 target=70168717 DIST                 argc=4 site=70166E1C
gcalls seq=006760 caller=QUEST1 target=70168717 DIST                 argc=4 site=70166E1C
gcalls seq=006761 caller=QUEST1 target=70168717 DIST                 argc=4 site=70166E1C
gcalls seq=006762 caller=QUEST1 target=70168717 DIST                 argc=4 site=70166E1C
gcalls seq=006763 caller=QUEST2 target=70168717 DIST                 argc=4 site=70166E1C
gcalls seq=006767 caller=QUEST2 target=70168717 DIST                 argc=4 site=70166E1C
gcalls seq=006771 caller=QUEST2 target=70168717 DIST                 argc=4 site=70166E1C
gcalls seq=006775 caller=QUEST1 target=70168717 DIST                 argc=4 site=70166E1C
gcalls seq=006776 caller=QUEST1 target=70168717 DIST                 argc=4 site=70166E1C
gcalls seq=006777 caller=QUEST1 target=70168717 DIST                 argc=4 site=70166E1C
gcalls seq=006778 caller=QUEST2 target=70168717 DIST                 argc=4 site=70166E1C
gcalls seq=006782 caller=QUEST2 target=70168717 DIST                 argc=4 site=70166E1C
gcalls seq=006786 caller=QUEST2 target=70168717 DIST                 argc=4 site=70166E1C
gcalls seq=006790 caller=QUEST1 target=70168717 DIST                 argc=4 site=70166E1C
gcalls seq=006791 caller=QUEST1 target=70168717 DIST                 argc=4 site=70166E1C
gcalls seq=006792 caller=QUEST2 target=70168717 DIST                 argc=4 site=70166E1C
gcalls seq=006796 caller=QUEST2 target=70168717 DIST                 argc=4 site=70166E1C
gcalls seq=006798 caller=QUEST1 target=70168717 DIST                 argc=4 site=70166E1C
gcalls seq=006801 caller=QUEST2 target=70168717 DIST                 argc=4 site=70166E1C
gcalls seq=006805 caller=QUEST1 target=70168717 DIST                 argc=4 site=70166E1C
gcalls seq=006806 caller=QUEST1 target=70168717 DIST                 argc=4 site=70166E1C
gcalls seq=006807 caller=QUEST1 target=70168717 DIST                 argc=4 site=70166E1C
gcalls seq=006808 caller=QUEST2 target=70168717 DIST                 argc=4 site=70166E1C
gcalls seq=006812 caller=QUEST2 target=70168717 DIST                 argc=4 site=70166E1C
gcalls seq=006816 caller=QUEST2 target=70168717 DIST                 argc=4 site=70166E1C
gcalls seq=006820 caller=QUEST1 target=70168717 DIST                 argc=4 site=70166E1C
gcalls seq=006821 caller=QUEST1 target=70168717 DIST                 argc=4 site=70166E1C
gcalls seq=006822 caller=QUEST2 target=70168717 DIST                 argc=4 site=70166E1C
gcalls seq=006826 caller=QUEST2 target=70168717 DIST                 argc=4 site=70166E1C
gcalls seq=006828 caller=QUEST1 target=70168717 DIST                 argc=4 site=70166E1C
gcalls seq=006831 caller=QUEST2 target=70168717 DIST                 argc=4 site=70166E1C
gcalls seq=006835 caller=QUEST1 target=70168717 DIST                 argc=4 site=70166E1C
gcalls seq=006836 caller=QUEST1 target=70168717 DIST                 argc=4 site=70166E1C
gcalls seq=006837 caller=QUEST1 target=70168717 DIST                 argc=4 site=70166E1C
gcalls seq=006838 caller=QUEST2 target=70168717 DIST                 argc=4 site=70166E1C
gcalls seq=006842 caller=QUEST2 target=70168717 DIST                 argc=4 site=70166E1C
gcalls seq=006846 caller=QUEST2 target=70168717 DIST                 argc=4 site=70166E1C
gcalls seq=006850 caller=QUEST1 target=70168717 DIST                 argc=4 site=70166E1C
gcalls seq=006851 caller=QUEST2 target=70168717 DIST                 argc=4 site=70166E1C
gcalls seq=006853 caller=QUEST1 target=70168717 DIST                 argc=4 site=70166E1C
gcalls seq=006854 caller=QUEST1 target=70168717 DIST                 argc=4 site=70166E1C
gcalls seq=006857 caller=QUEST2 target=70168717 DIST                 argc=4 site=70166E1C
gcalls seq=006861 caller=QUEST2 target=70168717 DIST                 argc=4 site=70166E1C
gcalls seq=006865 caller=QUEST1 target=70168717 DIST                 argc=4 site=70166E1C
gcalls seq=006866 caller=QUEST1 target=70168717 DIST                 argc=4 site=70166E1C
gcalls seq=006867 caller=QUEST2 target=70168717 DIST                 argc=4 site=70166E1C
gcalls seq=006871 caller=QUEST2 target=70168717 DIST                 argc=4 site=70166E1C
gcalls seq=006875 caller=QUEST1 target=70168717 DIST                 argc=4 site=70166E1C
gcalls seq=006876 caller=QUEST2 target=70168717 DIST                 argc=4 site=70166E1C
gcalls seq=006880 caller=QUEST1 target=70168717 DIST                 argc=4 site=70166E1C
gcalls seq=006881 caller=QUEST1 target=70168717 DIST                 argc=4 site=70166E1C
gcalls seq=006882 caller=QUEST1 target=70168717 DIST                 argc=4 site=70166E1C
gcalls seq=006883 caller=QUEST2 target=70168717 DIST                 argc=4 site=70166E1C
gcalls seq=006887 caller=QUEST2 target=70168717 DIST                 argc=4 site=70166E1C
gcalls seq=006891 caller=QUEST2 target=70168717 DIST                 argc=4 site=70166E1C
gcalls seq=006895 caller=QUEST1 target=70168717 DIST                 argc=4 site=70166E1C
gcalls seq=006896 caller=QUEST2 target=70168717 DIST                 argc=4 site=70166E1C
gcalls seq=006899 caller=QUEST1 target=70168717 DIST                 argc=4 site=70166E1C
gcalls seq=006900 caller=QUEST1 target=70168717 DIST                 argc=4 site=70166E1C
gcalls seq=006902 caller=QUEST2 target=70168717 DIST                 argc=4 site=70166E1C
gcalls seq=006906 caller=QUEST2 target=70168717 DIST                 argc=4 site=70166E1C
gcalls seq=006910 caller=QUEST1 target=70168717 DIST                 argc=4 site=70166E1C
gcalls seq=006911 caller=QUEST1 target=70168717 DIST                 argc=4 site=70166E1C
gcalls seq=006912 caller=QUEST2 target=70168717 DIST                 argc=4 site=70166E1C
gcalls seq=006916 caller=QUEST2 target=70168717 DIST                 argc=4 site=70166E1C
gcalls seq=006920 caller=QUEST1 target=70168717 DIST                 argc=4 site=70166E1C
gcalls seq=006921 caller=QUEST2 target=70168717 DIST                 argc=4 site=70166E1C
gcalls seq=006925 caller=QUEST1 target=70168717 DIST                 argc=4 site=70166E1C
gcalls seq=006926 caller=QUEST1 target=70168717 DIST                 argc=4 site=70166E1C
gcalls seq=006927 caller=QUEST1 target=70168717 DIST                 argc=4 site=70166E1C
gcalls seq=006928 caller=QUEST2 target=70168717 DIST                 argc=4 site=70166E1C
gcalls seq=006932 caller=QUEST2 target=70168717 DIST                 argc=4 site=70166E1C
gcalls seq=006936 caller=QUEST2 target=70168717 DIST                 argc=4 site=70166E1C
gcalls seq=006940 caller=QUEST1 target=70168717 DIST                 argc=4 site=70166E1C
gcalls seq=006941 caller=QUEST2 target=70168717 DIST                 argc=4 site=70166E1C
gcalls seq=006945 caller=QUEST1 target=70168717 DIST                 argc=4 site=70166E1C
gcalls seq=006946 caller=QUEST1 target=70168717 DIST                 argc=4 site=70166E1C
gcalls seq=006947 caller=QUEST2 target=70168717 DIST                 argc=4 site=70166E1C
gcalls seq=006951 caller=QUEST2 target=70168717 DIST                 argc=4 site=70166E1C
gcalls seq=006955 caller=QUEST1 target=70168717 DIST                 argc=4 site=70166E1C
gcalls seq=006956 caller=QUEST1 target=70168717 DIST                 argc=4 site=70166E1C
gcalls seq=006957 caller=QUEST1 target=70168717 DIST                 argc=4 site=70166E1C
gcalls seq=006958 caller=QUEST2 target=70168717 DIST                 argc=4 site=70166E1C
gcalls seq=006962 caller=QUEST2 target=70168717 DIST                 argc=4 site=70166E1C
gcalls seq=006966 caller=QUEST2 target=70168717 DIST                 argc=4 site=70166E1C
gcalls seq=006970 caller=QUEST1 target=70168717 DIST                 argc=4 site=70166E1C
gcalls seq=006971 caller=QUEST1 target=70168717 DIST                 argc=4 site=70166E1C
gcalls seq=006972 caller=QUEST1 target=70168717 DIST                 argc=4 site=70166E1C
gcalls seq=006973 caller=QUEST2 target=70168717 DIST                 argc=4 site=70166E1C
gcalls seq=006977 caller=QUEST2 target=70168717 DIST                 argc=4 site=70166E1C
gcalls seq=006981 caller=QUEST2 target=70168717 DIST                 argc=4 site=70166E1C
gcalls seq=006985 caller=QUEST1 target=70168717 DIST                 argc=4 site=70166E1C
gcalls seq=006986 caller=QUEST1 target=70168717 DIST                 argc=4 site=70166E1C
gcalls seq=006987 caller=QUEST1 target=70168717 DIST                 argc=4 site=70166E1C
gcalls seq=006988 caller=QUEST2 target=70168717 DIST                 argc=4 site=70166E1C
gcalls seq=006992 caller=QUEST2 target=70168717 DIST                 argc=4 site=70166E1C
gcalls seq=006996 caller=QUEST2 target=70168717 DIST                 argc=4 site=70166E1C
gcalls seq=007000 caller=QUEST1 target=70168717 DIST                 argc=4 site=70166E1C
gcalls seq=007001 caller=QUEST1 target=70168717 DIST                 argc=4 site=70166E1C
gcalls seq=007002 caller=QUEST1 target=70168717 DIST                 argc=4 site=70166E1C
gcalls seq=007003 caller=QUEST2 target=70168717 DIST                 argc=4 site=70166E1C
gcalls seq=007007 caller=QUEST2 target=70168717 DIST                 argc=4 site=70166E1C
gcalls seq=007011 caller=QUEST2 target=70168717 DIST                 argc=4 site=70166E1C
gcalls seq=007015 caller=QUEST1 target=70168717 DIST                 argc=4 site=70166E1C
gcalls seq=007016 caller=QUEST2 target=70168717 DIST                 argc=4 site=70166E1C
gcalls seq=007019 caller=QUEST1 target=70168717 DIST                 argc=4 site=70166E1C
gcalls seq=007020 caller=QUEST1 target=70168717 DIST                 argc=4 site=70166E1C
gcalls seq=007022 caller=QUEST2 target=70168717 DIST                 argc=4 site=70166E1C
gcalls seq=007026 caller=QUEST2 target=70168717 DIST                 argc=4 site=70166E1C
gcalls seq=007030 caller=QUEST1 target=70168717 DIST                 argc=4 site=70166E1C
gcalls seq=007031 caller=QUEST1 target=70168717 DIST                 argc=4 site=70166E1C
gcalls seq=007032 caller=QUEST2 target=70168717 DIST                 argc=4 site=70166E1C
gcalls seq=007036 caller=QUEST2 target=70168717 DIST                 argc=4 site=70166E1C
gcalls seq=007040 caller=QUEST1 target=70168717 DIST                 argc=4 site=70166E1C
gcalls seq=007041 caller=QUEST2 target=70168717 DIST                 argc=4 site=70166E1C
gcalls seq=007045 caller=QUEST1 target=70168717 DIST                 argc=4 site=70166E1C
gcalls seq=007046 caller=QUEST1 target=70168717 DIST                 argc=4 site=70166E1C
gcalls seq=007047 caller=QUEST1 target=70168717 DIST                 argc=4 site=70166E1C
gcalls seq=007048 caller=QUEST2 target=70168717 DIST                 argc=4 site=70166E1C
gcalls seq=007052 caller=QUEST2 target=70168717 DIST                 argc=4 site=70166E1C
gcalls seq=007056 caller=QUEST2 target=70168717 DIST                 argc=4 site=70166E1C
gcalls seq=007060 caller=QUEST1 target=70168717 DIST                 argc=4 site=70166E1C
gcalls seq=007061 caller=QUEST1 target=70168717 DIST                 argc=4 site=70166E1C
gcalls seq=007062 caller=QUEST2 target=70168717 DIST                 argc=4 site=70166E1C
gcalls seq=007066 caller=QUEST2 target=70168717 DIST                 argc=4 site=70166E1C
gcalls seq=007070 caller=QUEST1 target=70168717 DIST                 argc=4 site=70166E1C
gcalls seq=007071 caller=QUEST2 target=70168717 DIST                 argc=4 site=70166E1C
gcalls seq=007075 caller=QUEST1 target=70168717 DIST                 argc=4 site=70166E1C
gcalls seq=007076 caller=QUEST1 target=70168717 DIST                 argc=4 site=70166E1C
gcalls seq=007077 caller=QUEST1 target=70168717 DIST                 argc=4 site=70166E1C
gcalls seq=007078 caller=QUEST2 target=70168717 DIST                 argc=4 site=70166E1C
gcalls seq=007082 caller=QUEST2 target=70168717 DIST                 argc=4 site=70166E1C
gcalls seq=007086 caller=QUEST2 target=70168717 DIST                 argc=4 site=70166E1C
gcalls seq=007090 caller=QUEST1 target=70168717 DIST                 argc=4 site=70166E1C
gcalls seq=007091 caller=QUEST1 target=70168717 DIST                 argc=4 site=70166E1C
gcalls seq=007092 caller=QUEST1 target=70168717 DIST                 argc=4 site=70166E1C
gcalls seq=007093 caller=QUEST2 target=70168717 DIST                 argc=4 site=70166E1C
gcalls seq=007097 caller=QUEST2 target=70168717 DIST                 argc=4 site=70166E1C
gcalls seq=007101 caller=QUEST2 target=70168717 DIST                 argc=4 site=70166E1C
gcalls seq=007105 caller=QUEST1 target=70168717 DIST                 argc=4 site=70166E1C
gcalls seq=007106 caller=QUEST1 target=70168717 DIST                 argc=4 site=70166E1C
gcalls seq=007107 caller=QUEST1 target=70168717 DIST                 argc=4 site=70166E1C
gcalls seq=007108 caller=QUEST2 target=70168717 DIST                 argc=4 site=70166E1C
gcalls seq=007112 caller=QUEST2 target=70168717 DIST                 argc=4 site=70166E1C
gcalls seq=007116 caller=QUEST2 target=70168717 DIST                 argc=4 site=70166E1C
gcalls seq=007120 caller=QUEST1 target=70168717 DIST                 argc=4 site=70166E1C
gcalls seq=007121 caller=QUEST1 target=70168717 DIST                 argc=4 site=70166E1C
gcalls seq=007122 caller=QUEST1 target=70168717 DIST                 argc=4 site=70166E1C
gcalls seq=007123 caller=QUEST2 target=70168717 DIST                 argc=4 site=70166E1C
gcalls seq=007127 caller=QUEST2 target=70168717 DIST                 argc=4 site=70166E1C
gcalls seq=007131 caller=QUEST2 target=70168717 DIST                 argc=4 site=70166E1C
gcalls seq=007135 caller=QUEST1 target=70168717 DIST                 argc=4 site=70166E1C
gcalls seq=007136 caller=QUEST1 target=70168717 DIST                 argc=4 site=70166E1C
gcalls seq=007137 caller=QUEST2 target=70168717 DIST                 argc=4 site=70166E1C
gcalls seq=007141 caller=QUEST2 target=70168717 DIST                 argc=4 site=70166E1C
gcalls seq=007143 caller=QUEST1 target=70168717 DIST                 argc=4 site=70166E1C
gcalls seq=007146 caller=QUEST2 target=70168717 DIST                 argc=4 site=70166E1C
gcalls seq=007150 caller=QUEST1 target=70168717 DIST                 argc=4 site=70166E1C
gcalls seq=007151 caller=QUEST1 target=70168717 DIST                 argc=4 site=70166E1C
gcalls seq=007152 caller=QUEST1 target=70168717 DIST                 argc=4 site=70166E1C
gcalls seq=007153 caller=QUEST2 target=70168717 DIST                 argc=4 site=70166E1C
gcalls seq=007157 caller=QUEST2 target=70168717 DIST                 argc=4 site=70166E1C
gcalls seq=007161 caller=QUEST2 target=70168717 DIST                 argc=4 site=70166E1C
gcalls seq=007165 caller=QUEST1 target=70168717 DIST                 argc=4 site=70166E1C
gcalls seq=007166 caller=QUEST1 target=70168717 DIST                 argc=4 site=70166E1C
gcalls seq=007167 caller=QUEST2 target=70168717 DIST                 argc=4 site=70166E1C
gcalls seq=007171 caller=QUEST2 target=70168717 DIST                 argc=4 site=70166E1C
gcalls seq=007173 caller=QUEST1 target=70168717 DIST                 argc=4 site=70166E1C
gcalls seq=007176 caller=QUEST2 target=70168717 DIST                 argc=4 site=70166E1C
gcalls seq=007180 caller=QUEST1 target=70168717 DIST                 argc=4 site=70166E1C
gcalls seq=007181 caller=QUEST1 target=70168717 DIST                 argc=4 site=70166E1C
gcalls seq=007182 caller=QUEST1 target=70168717 DIST                 argc=4 site=70166E1C
gcalls seq=007183 caller=QUEST2 target=70168717 DIST                 argc=4 site=70166E1C
gcalls seq=007187 caller=QUEST2 target=70168717 DIST                 argc=4 site=70166E1C
gcalls seq=007191 caller=QUEST2 target=70168717 DIST                 argc=4 site=70166E1C
gcalls seq=007195 caller=QUEST1 target=70168717 DIST                 argc=4 site=70166E1C
gcalls seq=007196 caller=QUEST2 target=70168717 DIST                 argc=4 site=70166E1C
gcalls seq=007200 caller=QUEST1 target=70168717 DIST                 argc=4 site=70166E1C
gcalls seq=007201 caller=QUEST1 target=70168717 DIST                 argc=4 site=70166E1C
gcalls seq=007202 caller=QUEST2 target=70168717 DIST                 argc=4 site=70166E1C
gcalls seq=007206 caller=QUEST2 target=70168717 DIST                 argc=4 site=70166E1C
gcalls seq=007210 caller=QUEST1 target=70168717 DIST                 argc=4 site=70166E1C
gcalls seq=007211 caller=QUEST1 target=70168717 DIST                 argc=4 site=70166E1C
gcalls seq=007212 caller=QUEST1 target=70168717 DIST                 argc=4 site=70166E1C
gcalls seq=007213 caller=QUEST2 target=70168717 DIST                 argc=4 site=70166E1C
gcalls seq=007217 caller=QUEST2 target=70168717 DIST                 argc=4 site=70166E1C
gcalls seq=007221 caller=QUEST2 target=70168717 DIST                 argc=4 site=70166E1C
gcalls seq=007225 caller=QUEST1 target=70168717 DIST                 argc=4 site=70166E1C
gcalls seq=007226 caller=QUEST2 target=70168717 DIST                 argc=4 site=70166E1C
gcalls seq=007230 caller=QUEST1 target=70168717 DIST                 argc=4 site=70166E1C
gcalls seq=007231 caller=QUEST1 target=70168717 DIST                 argc=4 site=70166E1C
gcalls seq=007232 caller=QUEST2 target=70168717 DIST                 argc=4 site=70166E1C
gcalls seq=007236 caller=QUEST2 target=70168717 DIST                 argc=4 site=70166E1C
gcalls seq=007240 caller=QUEST1 target=70168717 DIST                 argc=4 site=70166E1C
gcalls seq=007241 caller=QUEST1 target=70168717 DIST                 argc=4 site=70166E1C
gcalls seq=007242 caller=QUEST1 target=70168717 DIST                 argc=4 site=70166E1C
gcalls seq=007243 caller=QUEST2 target=70168717 DIST                 argc=4 site=70166E1C
gcalls seq=007247 caller=QUEST2 target=70168717 DIST                 argc=4 site=70166E1C
gcalls seq=007251 caller=QUEST2 target=70168717 DIST                 argc=4 site=70166E1C
gcalls seq=007255 caller=QUEST1 target=70168717 DIST                 argc=4 site=70166E1C
gcalls seq=007256 caller=QUEST2 target=70168717 DIST                 argc=4 site=70166E1C
gcalls seq=007260 caller=QUEST1 target=70168717 DIST                 argc=4 site=70166E1C
gcalls seq=007261 caller=QUEST1 target=70168717 DIST                 argc=4 site=70166E1C
gcalls seq=007262 caller=QUEST2 target=70168717 DIST                 argc=4 site=70166E1C
gcalls seq=007266 caller=QUEST2 target=70168717 DIST                 argc=4 site=70166E1C
gcalls seq=007270 caller=QUEST1 target=70168717 DIST                 argc=4 site=70166E1C
gcalls seq=007271 caller=QUEST1 target=70168717 DIST                 argc=4 site=70166E1C
gcalls seq=007272 caller=QUEST1 target=70168717 DIST                 argc=4 site=70166E1C
gcalls seq=007273 caller=QUEST2 target=70168717 DIST                 argc=4 site=70166E1C
gcalls seq=007277 caller=QUEST2 target=70168717 DIST                 argc=4 site=70166E1C
gcalls seq=007281 caller=QUEST2 target=70168717 DIST                 argc=4 site=70166E1C
gcalls seq=007292 caller=QUEST1 target=7017CD71 TERRITORY            argc=6 site=701670EE
gcalls seq=007293 caller=QUEST2 target=7017CD71 TERRITORY            argc=6 site=701670EE
gcalls seq=007323 caller=QUEST1 target=701674B5 DISPLAY_INVENTORY    argc=1 site=7016BD33
gcalls seq=007324 caller=QUEST2 target=701674B5 DISPLAY_INVENTORY    argc=1 site=7016BD33
gcalls seq=007521 caller=QUEST1 target=7017C877 TERRAIN              argc=9 site=7015C518
gcalls seq=007522 caller=QUEST1 target=7017821F START_TURN           argc=0 site=7015C5DC
gcalls seq=007523 caller=QUEST2 target=7017C877 TERRAIN              argc=9 site=7015C518
gcalls seq=007524 caller=QUEST2 target=7017821F START_TURN           argc=0 site=7015C5DC
gcalls seq=007533 caller=QUEST1 target=7016AA35 GET_INPUT            argc=1 site=7017826C
gcalls seq=007534 caller=QUEST2 target=7016AA35 GET_INPUT            argc=1 site=7017826C
gcalls seq=007556 caller=QUEST1 target=7016AA35 GET_INPUT            argc=1 site=7017826C
gcalls seq=007557 caller=QUEST2 target=7016AA35 GET_INPUT            argc=1 site=7017826C
gcalls seq=007565 caller=QUEST1 target=70175CBF OWNS                 argc=2 site=70178537
gcalls seq=007566 caller=QUEST1 target=7017A695 STORMS_AT_SEA        argc=1 site=70178808
gcalls seq=007567 caller=QUEST2 target=70175CBF OWNS                 argc=2 site=70178537
gcalls seq=007570 caller=QUEST2 target=7017A695 STORMS_AT_SEA        argc=1 site=70178808
gcalls seq=007571 caller=QUEST1 target=7016FC67 MOVE_FAMILIAR        argc=1 site=7017880F
gcalls seq=007572 caller=QUEST1 target=70177BED SIGNAL_TURN          argc=0 site=7017883D
gcalls seq=007573 caller=QUEST2 target=7016FC67 MOVE_FAMILIAR        argc=1 site=7017880F
gcalls seq=007574 caller=QUEST2 target=70177BED SIGNAL_TURN          argc=0 site=7017883D
gcalls seq=007582 caller=QUEST1 target=70169B0F LOCK_FILE            argc=2 site=70177F0B
gcalls seq=007583 caller=QUEST2 target=70169B0F LOCK_FILE            argc=2 site=70177F0B
gcalls seq=007598 caller=QUEST1 target=70176797 REGEN_SPELLS         argc=0 site=70178865
gcalls seq=007599 caller=QUEST2 target=70176797 REGEN_SPELLS         argc=0 site=70178865
gcalls seq=007600 caller=QUEST1 target=70166AF9 DISPLAY_SCREEN       argc=1 site=701788CE
gcalls seq=007601 caller=QUEST2 target=70166AF9 DISPLAY_SCREEN       argc=1 site=701788CE
gcalls seq=007602 caller=QUEST1 target=70168717 DIST                 argc=4 site=70166B86
gcalls seq=007603 caller=QUEST1 target=70168717 DIST                 argc=4 site=70166B86
gcalls seq=007604 caller=QUEST1 target=70168717 DIST                 argc=4 site=70166B86
gcalls seq=007605 caller=QUEST2 target=70168717 DIST                 argc=4 site=70166B86
gcalls seq=007609 caller=QUEST2 target=70168717 DIST                 argc=4 site=70166B86
gcalls seq=007613 caller=QUEST2 target=70168717 DIST                 argc=4 site=70166B86
gcalls seq=007617 caller=QUEST1 target=70168717 DIST                 argc=4 site=70166E1C
gcalls seq=007618 caller=QUEST1 target=70168717 DIST                 argc=4 site=70166E1C
gcalls seq=007619 caller=QUEST1 target=70168717 DIST                 argc=4 site=70166E1C
gcalls seq=007620 caller=QUEST2 target=70168717 DIST                 argc=4 site=70166E1C
gcalls seq=007624 caller=QUEST2 target=70168717 DIST                 argc=4 site=70166E1C
gcalls seq=007628 caller=QUEST2 target=70168717 DIST                 argc=4 site=70166E1C
gcalls seq=007632 caller=QUEST1 target=70168717 DIST                 argc=4 site=70166E1C
gcalls seq=007633 caller=QUEST1 target=70168717 DIST                 argc=4 site=70166E1C
gcalls seq=007634 caller=QUEST1 target=70168717 DIST                 argc=4 site=70166E1C
gcalls seq=007635 caller=QUEST2 target=70168717 DIST                 argc=4 site=70166E1C
gcalls seq=007639 caller=QUEST2 target=70168717 DIST                 argc=4 site=70166E1C
gcalls seq=007643 caller=QUEST2 target=70168717 DIST                 argc=4 site=70166E1C
gcalls seq=007647 caller=QUEST1 target=70168717 DIST                 argc=4 site=70166E1C
gcalls seq=007648 caller=QUEST2 target=70168717 DIST                 argc=4 site=70166E1C
gcalls seq=007652 caller=QUEST1 target=70168717 DIST                 argc=4 site=70166E1C
gcalls seq=007653 caller=QUEST1 target=70168717 DIST                 argc=4 site=70166E1C
gcalls seq=007654 caller=QUEST2 target=70168717 DIST                 argc=4 site=70166E1C
gcalls seq=007658 caller=QUEST2 target=70168717 DIST                 argc=4 site=70166E1C
gcalls seq=007662 caller=QUEST1 target=70168717 DIST                 argc=4 site=70166E1C
gcalls seq=007663 caller=QUEST1 target=70168717 DIST                 argc=4 site=70166E1C
gcalls seq=007664 caller=QUEST1 target=70168717 DIST                 argc=4 site=70166E1C
gcalls seq=007665 caller=QUEST2 target=70168717 DIST                 argc=4 site=70166E1C
gcalls seq=007669 caller=QUEST2 target=70168717 DIST                 argc=4 site=70166E1C
gcalls seq=007673 caller=QUEST2 target=70168717 DIST                 argc=4 site=70166E1C
gcalls seq=007677 caller=QUEST1 target=70168717 DIST                 argc=4 site=70166E1C
gcalls seq=007678 caller=QUEST1 target=70168717 DIST                 argc=4 site=70166E1C
gcalls seq=007679 caller=QUEST2 target=70168717 DIST                 argc=4 site=70166E1C
gcalls seq=007683 caller=QUEST2 target=70168717 DIST                 argc=4 site=70166E1C
gcalls seq=007687 caller=QUEST1 target=70168717 DIST                 argc=4 site=70166E1C
gcalls seq=007688 caller=QUEST1 target=70168717 DIST                 argc=4 site=70166E1C
gcalls seq=007689 caller=QUEST2 target=70168717 DIST                 argc=4 site=70166E1C
gcalls seq=007693 caller=QUEST2 target=70168717 DIST                 argc=4 site=70166E1C
gcalls seq=007695 caller=QUEST1 target=70168717 DIST                 argc=4 site=70166E1C
gcalls seq=007696 caller=QUEST1 target=70168717 DIST                 argc=4 site=70166E1C
gcalls seq=007699 caller=QUEST2 target=70168717 DIST                 argc=4 site=70166E1C
gcalls seq=007703 caller=QUEST2 target=70168717 DIST                 argc=4 site=70166E1C
gcalls seq=007707 caller=QUEST1 target=70168717 DIST                 argc=4 site=70166E1C
gcalls seq=007708 caller=QUEST1 target=70168717 DIST                 argc=4 site=70166E1C
gcalls seq=007709 caller=QUEST1 target=70168717 DIST                 argc=4 site=70166E1C
gcalls seq=007710 caller=QUEST2 target=70168717 DIST                 argc=4 site=70166E1C
gcalls seq=007714 caller=QUEST2 target=70168717 DIST                 argc=4 site=70166E1C
gcalls seq=007718 caller=QUEST2 target=70168717 DIST                 argc=4 site=70166E1C
gcalls seq=007722 caller=QUEST1 target=70168717 DIST                 argc=4 site=70166E1C
gcalls seq=007723 caller=QUEST1 target=70168717 DIST                 argc=4 site=70166E1C
gcalls seq=007724 caller=QUEST2 target=70168717 DIST                 argc=4 site=70166E1C
gcalls seq=007728 caller=QUEST2 target=70168717 DIST                 argc=4 site=70166E1C
gcalls seq=007730 caller=QUEST1 target=70168717 DIST                 argc=4 site=70166E1C
gcalls seq=007733 caller=QUEST2 target=70168717 DIST                 argc=4 site=70166E1C
gcalls seq=007737 caller=QUEST1 target=70168717 DIST                 argc=4 site=70166E1C
gcalls seq=007738 caller=QUEST1 target=70168717 DIST                 argc=4 site=70166E1C
gcalls seq=007739 caller=QUEST1 target=70168717 DIST                 argc=4 site=70166E1C
gcalls seq=007740 caller=QUEST2 target=70168717 DIST                 argc=4 site=70166E1C
gcalls seq=007744 caller=QUEST2 target=70168717 DIST                 argc=4 site=70166E1C
gcalls seq=007748 caller=QUEST2 target=70168717 DIST                 argc=4 site=70166E1C
gcalls seq=007752 caller=QUEST1 target=70168717 DIST                 argc=4 site=70166E1C
gcalls seq=007753 caller=QUEST1 target=70168717 DIST                 argc=4 site=70166E1C
gcalls seq=007754 caller=QUEST1 target=70168717 DIST                 argc=4 site=70166E1C
gcalls seq=007755 caller=QUEST2 target=70168717 DIST                 argc=4 site=70166E1C
gcalls seq=007759 caller=QUEST2 target=70168717 DIST                 argc=4 site=70166E1C
gcalls seq=007763 caller=QUEST2 target=70168717 DIST                 argc=4 site=70166E1C
gcalls seq=007766 caller=QUEST1 target=70168717 DIST                 argc=4 site=70166E1C
gcalls seq=007768 caller=QUEST2 target=70168717 DIST                 argc=4 site=70166E1C
gcalls seq=007771 caller=QUEST1 target=70168717 DIST                 argc=4 site=70166E1C
gcalls seq=007772 caller=QUEST1 target=70168717 DIST                 argc=4 site=70166E1C
gcalls seq=007774 caller=QUEST2 target=70168717 DIST                 argc=4 site=70166E1C
gcalls seq=007778 caller=QUEST2 target=70168717 DIST                 argc=4 site=70166E1C
gcalls seq=007782 caller=QUEST1 target=70168717 DIST                 argc=4 site=70166E1C
gcalls seq=007783 caller=QUEST1 target=70168717 DIST                 argc=4 site=70166E1C
gcalls seq=007784 caller=QUEST1 target=70168717 DIST                 argc=4 site=70166E1C
gcalls seq=007785 caller=QUEST2 target=70168717 DIST                 argc=4 site=70166E1C
gcalls seq=007789 caller=QUEST2 target=70168717 DIST                 argc=4 site=70166E1C
gcalls seq=007793 caller=QUEST2 target=70168717 DIST                 argc=4 site=70166E1C
gcalls seq=007796 caller=QUEST1 target=70168717 DIST                 argc=4 site=70166E1C
gcalls seq=007798 caller=QUEST2 target=70168717 DIST                 argc=4 site=70166E1C
gcalls seq=007801 caller=QUEST1 target=70168717 DIST                 argc=4 site=70166E1C
gcalls seq=007802 caller=QUEST1 target=70168717 DIST                 argc=4 site=70166E1C
gcalls seq=007804 caller=QUEST2 target=70168717 DIST                 argc=4 site=70166E1C
gcalls seq=007808 caller=QUEST2 target=70168717 DIST                 argc=4 site=70166E1C
gcalls seq=007812 caller=QUEST1 target=70168717 DIST                 argc=4 site=70166E1C
gcalls seq=007813 caller=QUEST1 target=70168717 DIST                 argc=4 site=70166E1C
gcalls seq=007814 caller=QUEST1 target=70168717 DIST                 argc=4 site=70166E1C
gcalls seq=007815 caller=QUEST2 target=70168717 DIST                 argc=4 site=70166E1C
gcalls seq=007819 caller=QUEST2 target=70168717 DIST                 argc=4 site=70166E1C
gcalls seq=007823 caller=QUEST2 target=70168717 DIST                 argc=4 site=70166E1C
gcalls seq=007826 caller=QUEST1 target=70168717 DIST                 argc=4 site=70166E1C
gcalls seq=007828 caller=QUEST2 target=70168717 DIST                 argc=4 site=70166E1C
gcalls seq=007832 caller=QUEST1 target=70168717 DIST                 argc=4 site=70166E1C
gcalls seq=007833 caller=QUEST1 target=70168717 DIST                 argc=4 site=70166E1C
gcalls seq=007834 caller=QUEST2 target=70168717 DIST                 argc=4 site=70166E1C
gcalls seq=007838 caller=QUEST2 target=70168717 DIST                 argc=4 site=70166E1C
gcalls seq=007842 caller=QUEST1 target=70168717 DIST                 argc=4 site=70166E1C
gcalls seq=007843 caller=QUEST1 target=70168717 DIST                 argc=4 site=70166E1C
gcalls seq=007844 caller=QUEST1 target=70168717 DIST                 argc=4 site=70166E1C
gcalls seq=007845 caller=QUEST2 target=70168717 DIST                 argc=4 site=70166E1C
gcalls seq=007849 caller=QUEST2 target=70168717 DIST                 argc=4 site=70166E1C
gcalls seq=007853 caller=QUEST2 target=70168717 DIST                 argc=4 site=70166E1C
gcalls seq=007857 caller=QUEST1 target=70168717 DIST                 argc=4 site=70166E1C
gcalls seq=007858 caller=QUEST2 target=70168717 DIST                 argc=4 site=70166E1C
gcalls seq=007862 caller=QUEST1 target=70168717 DIST                 argc=4 site=70166E1C
gcalls seq=007863 caller=QUEST1 target=70168717 DIST                 argc=4 site=70166E1C
gcalls seq=007864 caller=QUEST2 target=70168717 DIST                 argc=4 site=70166E1C
gcalls seq=007868 caller=QUEST2 target=70168717 DIST                 argc=4 site=70166E1C
gcalls seq=007872 caller=QUEST1 target=70168717 DIST                 argc=4 site=70166E1C
gcalls seq=007873 caller=QUEST1 target=70168717 DIST                 argc=4 site=70166E1C
gcalls seq=007874 caller=QUEST1 target=70168717 DIST                 argc=4 site=70166E1C
gcalls seq=007875 caller=QUEST2 target=70168717 DIST                 argc=4 site=70166E1C
gcalls seq=007879 caller=QUEST2 target=70168717 DIST                 argc=4 site=70166E1C
gcalls seq=007883 caller=QUEST2 target=70168717 DIST                 argc=4 site=70166E1C
gcalls seq=007887 caller=QUEST1 target=70168717 DIST                 argc=4 site=70166E1C
gcalls seq=007888 caller=QUEST2 target=70168717 DIST                 argc=4 site=70166E1C
gcalls seq=007892 caller=QUEST1 target=70168717 DIST                 argc=4 site=70166E1C
gcalls seq=007893 caller=QUEST1 target=70168717 DIST                 argc=4 site=70166E1C
gcalls seq=007894 caller=QUEST2 target=70168717 DIST                 argc=4 site=70166E1C
gcalls seq=007898 caller=QUEST2 target=70168717 DIST                 argc=4 site=70166E1C
gcalls seq=007902 caller=QUEST1 target=70168717 DIST                 argc=4 site=70166E1C
gcalls seq=007903 caller=QUEST1 target=70168717 DIST                 argc=4 site=70166E1C
gcalls seq=007904 caller=QUEST1 target=70168717 DIST                 argc=4 site=70166E1C
gcalls seq=007905 caller=QUEST2 target=70168717 DIST                 argc=4 site=70166E1C
gcalls seq=007909 caller=QUEST2 target=70168717 DIST                 argc=4 site=70166E1C
gcalls seq=007913 caller=QUEST2 target=70168717 DIST                 argc=4 site=70166E1C
gcalls seq=007917 caller=QUEST1 target=70168717 DIST                 argc=4 site=70166E1C
gcalls seq=007918 caller=QUEST1 target=70168717 DIST                 argc=4 site=70166E1C
gcalls seq=007919 caller=QUEST1 target=70168717 DIST                 argc=4 site=70166E1C
gcalls seq=007920 caller=QUEST2 target=70168717 DIST                 argc=4 site=70166E1C
gcalls seq=007924 caller=QUEST2 target=70168717 DIST                 argc=4 site=70166E1C
gcalls seq=007928 caller=QUEST2 target=70168717 DIST                 argc=4 site=70166E1C
gcalls seq=007932 caller=QUEST1 target=70168717 DIST                 argc=4 site=70166E1C
gcalls seq=007933 caller=QUEST1 target=70168717 DIST                 argc=4 site=70166E1C
gcalls seq=007934 caller=QUEST1 target=70168717 DIST                 argc=4 site=70166E1C
gcalls seq=007935 caller=QUEST2 target=70168717 DIST                 argc=4 site=70166E1C
gcalls seq=007939 caller=QUEST2 target=70168717 DIST                 argc=4 site=70166E1C
gcalls seq=007943 caller=QUEST2 target=70168717 DIST                 argc=4 site=70166E1C
gcalls seq=007947 caller=QUEST1 target=70168717 DIST                 argc=4 site=70166E1C
gcalls seq=007948 caller=QUEST2 target=70168717 DIST                 argc=4 site=70166E1C
gcalls seq=007950 caller=QUEST1 target=70168717 DIST                 argc=4 site=70166E1C
gcalls seq=007951 caller=QUEST1 target=70168717 DIST                 argc=4 site=70166E1C
gcalls seq=007954 caller=QUEST2 target=70168717 DIST                 argc=4 site=70166E1C
gcalls seq=007958 caller=QUEST2 target=70168717 DIST                 argc=4 site=70166E1C
gcalls seq=007962 caller=QUEST1 target=70168717 DIST                 argc=4 site=70166E1C
gcalls seq=007963 caller=QUEST1 target=70168717 DIST                 argc=4 site=70166E1C
gcalls seq=007964 caller=QUEST1 target=70168717 DIST                 argc=4 site=70166E1C
gcalls seq=007965 caller=QUEST2 target=70168717 DIST                 argc=4 site=70166E1C
gcalls seq=007969 caller=QUEST2 target=70168717 DIST                 argc=4 site=70166E1C
gcalls seq=007973 caller=QUEST2 target=70168717 DIST                 argc=4 site=70166E1C
gcalls seq=007977 caller=QUEST1 target=70168717 DIST                 argc=4 site=70166E1C
gcalls seq=007978 caller=QUEST1 target=70168717 DIST                 argc=4 site=70166E1C
gcalls seq=007979 caller=QUEST2 target=70168717 DIST                 argc=4 site=70166E1C
gcalls seq=007983 caller=QUEST2 target=70168717 DIST                 argc=4 site=70166E1C
gcalls seq=007985 caller=QUEST1 target=70168717 DIST                 argc=4 site=70166E1C
gcalls seq=007988 caller=QUEST2 target=70168717 DIST                 argc=4 site=70166E1C
gcalls seq=007992 caller=QUEST1 target=70168717 DIST                 argc=4 site=70166E1C
gcalls seq=007993 caller=QUEST1 target=70168717 DIST                 argc=4 site=70166E1C
gcalls seq=007994 caller=QUEST1 target=70168717 DIST                 argc=4 site=70166E1C
gcalls seq=007995 caller=QUEST2 target=70168717 DIST                 argc=4 site=70166E1C
gcalls seq=007999 caller=QUEST2 target=70168717 DIST                 argc=4 site=70166E1C
gcalls seq=008003 caller=QUEST2 target=70168717 DIST                 argc=4 site=70166E1C
gcalls seq=008007 caller=QUEST1 target=70168717 DIST                 argc=4 site=70166E1C
gcalls seq=008008 caller=QUEST1 target=70168717 DIST                 argc=4 site=70166E1C
gcalls seq=008009 caller=QUEST1 target=70168717 DIST                 argc=4 site=70166E1C
gcalls seq=008010 caller=QUEST2 target=70168717 DIST                 argc=4 site=70166E1C
gcalls seq=008014 caller=QUEST2 target=70168717 DIST                 argc=4 site=70166E1C
gcalls seq=008018 caller=QUEST2 target=70168717 DIST                 argc=4 site=70166E1C
gcalls seq=008021 caller=QUEST1 target=70168717 DIST                 argc=4 site=70166E1C
gcalls seq=008023 caller=QUEST2 target=70168717 DIST                 argc=4 site=70166E1C
gcalls seq=008026 caller=QUEST1 target=70168717 DIST                 argc=4 site=70166E1C
gcalls seq=008027 caller=QUEST1 target=70168717 DIST                 argc=4 site=70166E1C
gcalls seq=008029 caller=QUEST2 target=70168717 DIST                 argc=4 site=70166E1C
gcalls seq=008033 caller=QUEST2 target=70168717 DIST                 argc=4 site=70166E1C
gcalls seq=008037 caller=QUEST1 target=70168717 DIST                 argc=4 site=70166E1C
gcalls seq=008038 caller=QUEST1 target=70168717 DIST                 argc=4 site=70166E1C
gcalls seq=008039 caller=QUEST1 target=70168717 DIST                 argc=4 site=70166E1C
gcalls seq=008040 caller=QUEST2 target=70168717 DIST                 argc=4 site=70166E1C
gcalls seq=008044 caller=QUEST2 target=70168717 DIST                 argc=4 site=70166E1C
gcalls seq=008048 caller=QUEST2 target=70168717 DIST                 argc=4 site=70166E1C
gcalls seq=008052 caller=QUEST1 target=70168717 DIST                 argc=4 site=70166E1C
gcalls seq=008053 caller=QUEST1 target=70168717 DIST                 argc=4 site=70166E1C
gcalls seq=008054 caller=QUEST2 target=70168717 DIST                 argc=4 site=70166E1C
gcalls seq=008058 caller=QUEST2 target=70168717 DIST                 argc=4 site=70166E1C
gcalls seq=008061 caller=QUEST1 target=70168717 DIST                 argc=4 site=70166E1C
gcalls seq=008063 caller=QUEST2 target=70168717 DIST                 argc=4 site=70166E1C
gcalls seq=008067 caller=QUEST1 target=70168717 DIST                 argc=4 site=70166E1C
gcalls seq=008068 caller=QUEST1 target=70168717 DIST                 argc=4 site=70166E1C
gcalls seq=008069 caller=QUEST1 target=70168717 DIST                 argc=4 site=70166E1C
gcalls seq=008070 caller=QUEST2 target=70168717 DIST                 argc=4 site=70166E1C
gcalls seq=008074 caller=QUEST2 target=70168717 DIST                 argc=4 site=70166E1C
gcalls seq=008078 caller=QUEST2 target=70168717 DIST                 argc=4 site=70166E1C
gcalls seq=008082 caller=QUEST1 target=70168717 DIST                 argc=4 site=70166E1C
gcalls seq=008083 caller=QUEST2 target=70168717 DIST                 argc=4 site=70166E1C
gcalls seq=008086 caller=QUEST1 target=70168717 DIST                 argc=4 site=70166E1C
gcalls seq=008087 caller=QUEST1 target=70168717 DIST                 argc=4 site=70166E1C
gcalls seq=008089 caller=QUEST2 target=70168717 DIST                 argc=4 site=70166E1C
gcalls seq=008093 caller=QUEST2 target=70168717 DIST                 argc=4 site=70166E1C
gcalls seq=008097 caller=QUEST1 target=70168717 DIST                 argc=4 site=70166E1C
gcalls seq=008098 caller=QUEST1 target=70168717 DIST                 argc=4 site=70166E1C
gcalls seq=008099 caller=QUEST1 target=70168717 DIST                 argc=4 site=70166E1C
gcalls seq=008100 caller=QUEST2 target=70168717 DIST                 argc=4 site=70166E1C
gcalls seq=008104 caller=QUEST2 target=70168717 DIST                 argc=4 site=70166E1C
gcalls seq=008108 caller=QUEST2 target=70168717 DIST                 argc=4 site=70166E1C
gcalls seq=008112 caller=QUEST1 target=70168717 DIST                 argc=4 site=70166E1C
gcalls seq=008113 caller=QUEST2 target=70168717 DIST                 argc=4 site=70166E1C
gcalls seq=008117 caller=QUEST1 target=70168717 DIST                 argc=4 site=70166E1C
gcalls seq=008118 caller=QUEST1 target=70168717 DIST                 argc=4 site=70166E1C
gcalls seq=008119 caller=QUEST2 target=70168717 DIST                 argc=4 site=70166E1C
gcalls seq=008123 caller=QUEST2 target=70168717 DIST                 argc=4 site=70166E1C
gcalls seq=008127 caller=QUEST1 target=70168717 DIST                 argc=4 site=70166E1C
gcalls seq=008128 caller=QUEST1 target=70168717 DIST                 argc=4 site=70166E1C
gcalls seq=008129 caller=QUEST1 target=70168717 DIST                 argc=4 site=70166E1C
gcalls seq=008130 caller=QUEST2 target=70168717 DIST                 argc=4 site=70166E1C
gcalls seq=008134 caller=QUEST2 target=70168717 DIST                 argc=4 site=70166E1C
gcalls seq=008138 caller=QUEST2 target=70168717 DIST                 argc=4 site=70166E1C
gcalls seq=008142 caller=QUEST1 target=70168717 DIST                 argc=4 site=70166E1C
gcalls seq=008143 caller=QUEST1 target=70168717 DIST                 argc=4 site=70166E1C
gcalls seq=008144 caller=QUEST2 target=70168717 DIST                 argc=4 site=70166E1C
gcalls seq=008148 caller=QUEST2 target=70168717 DIST                 argc=4 site=70166E1C
gcalls seq=008152 caller=QUEST1 target=70168717 DIST                 argc=4 site=70166E1C
gcalls seq=008153 caller=QUEST2 target=70168717 DIST                 argc=4 site=70166E1C
gcalls seq=008157 caller=QUEST1 target=70168717 DIST                 argc=4 site=70166E1C
gcalls seq=008158 caller=QUEST1 target=70168717 DIST                 argc=4 site=70166E1C
gcalls seq=008159 caller=QUEST1 target=70168717 DIST                 argc=4 site=70166E1C
gcalls seq=008160 caller=QUEST2 target=70168717 DIST                 argc=4 site=70166E1C
gcalls seq=008164 caller=QUEST2 target=70168717 DIST                 argc=4 site=70166E1C
gcalls seq=008168 caller=QUEST2 target=70168717 DIST                 argc=4 site=70166E1C
gcalls seq=008172 caller=QUEST1 target=70168717 DIST                 argc=4 site=70166E1C
gcalls seq=008173 caller=QUEST1 target=70168717 DIST                 argc=4 site=70166E1C
gcalls seq=008174 caller=QUEST1 target=70168717 DIST                 argc=4 site=70166E1C
gcalls seq=008175 caller=QUEST2 target=70168717 DIST                 argc=4 site=70166E1C
gcalls seq=008179 caller=QUEST2 target=70168717 DIST                 argc=4 site=70166E1C
gcalls seq=008183 caller=QUEST2 target=70168717 DIST                 argc=4 site=70166E1C
gcalls seq=008187 caller=QUEST1 target=70168717 DIST                 argc=4 site=70166E1C
gcalls seq=008188 caller=QUEST2 target=70168717 DIST                 argc=4 site=70166E1C
gcalls seq=008192 caller=QUEST1 target=70168717 DIST                 argc=4 site=70166E1C
gcalls seq=008193 caller=QUEST1 target=70168717 DIST                 argc=4 site=70166E1C
gcalls seq=008194 caller=QUEST2 target=70168717 DIST                 argc=4 site=70166E1C
gcalls seq=008198 caller=QUEST2 target=70168717 DIST                 argc=4 site=70166E1C
gcalls seq=008202 caller=QUEST1 target=70168717 DIST                 argc=4 site=70166E1C
gcalls seq=008203 caller=QUEST1 target=70168717 DIST                 argc=4 site=70166E1C
gcalls seq=008204 caller=QUEST1 target=70168717 DIST                 argc=4 site=70166E1C
gcalls seq=008205 caller=QUEST2 target=70168717 DIST                 argc=4 site=70166E1C
gcalls seq=008209 caller=QUEST2 target=70168717 DIST                 argc=4 site=70166E1C
gcalls seq=008213 caller=QUEST2 target=70168717 DIST                 argc=4 site=70166E1C
gcalls seq=008217 caller=QUEST1 target=70168717 DIST                 argc=4 site=70166E1C
gcalls seq=008218 caller=QUEST1 target=70168717 DIST                 argc=4 site=70166E1C
gcalls seq=008219 caller=QUEST2 target=70168717 DIST                 argc=4 site=70166E1C
gcalls seq=008223 caller=QUEST2 target=70168717 DIST                 argc=4 site=70166E1C
gcalls seq=008227 caller=QUEST1 target=70168717 DIST                 argc=4 site=70166E1C
gcalls seq=008228 caller=QUEST2 target=70168717 DIST                 argc=4 site=70166E1C
gcalls seq=008232 caller=QUEST1 target=70168717 DIST                 argc=4 site=70166E1C
gcalls seq=008233 caller=QUEST1 target=70168717 DIST                 argc=4 site=70166E1C
gcalls seq=008234 caller=QUEST1 target=70168717 DIST                 argc=4 site=70166E1C
gcalls seq=008235 caller=QUEST2 target=70168717 DIST                 argc=4 site=70166E1C
gcalls seq=008239 caller=QUEST2 target=70168717 DIST                 argc=4 site=70166E1C
gcalls seq=008243 caller=QUEST2 target=70168717 DIST                 argc=4 site=70166E1C
gcalls seq=008247 caller=QUEST1 target=70168717 DIST                 argc=4 site=70166E1C
gcalls seq=008248 caller=QUEST2 target=70168717 DIST                 argc=4 site=70166E1C
gcalls seq=008252 caller=QUEST1 target=70168717 DIST                 argc=4 site=70166E1C
gcalls seq=008253 caller=QUEST1 target=70168717 DIST                 argc=4 site=70166E1C
gcalls seq=008254 caller=QUEST2 target=70168717 DIST                 argc=4 site=70166E1C
gcalls seq=008258 caller=QUEST2 target=70168717 DIST                 argc=4 site=70166E1C
gcalls seq=008262 caller=QUEST1 target=70168717 DIST                 argc=4 site=70166E1C
gcalls seq=008263 caller=QUEST1 target=70168717 DIST                 argc=4 site=70166E1C
gcalls seq=008264 caller=QUEST1 target=70168717 DIST                 argc=4 site=70166E1C
gcalls seq=008265 caller=QUEST2 target=70168717 DIST                 argc=4 site=70166E1C
gcalls seq=008269 caller=QUEST2 target=70168717 DIST                 argc=4 site=70166E1C
gcalls seq=008273 caller=QUEST2 target=70168717 DIST                 argc=4 site=70166E1C
gcalls seq=008277 caller=QUEST1 target=70168717 DIST                 argc=4 site=70166E1C
gcalls seq=008278 caller=QUEST1 target=70168717 DIST                 argc=4 site=70166E1C
gcalls seq=008279 caller=QUEST2 target=70168717 DIST                 argc=4 site=70166E1C
gcalls seq=008283 caller=QUEST2 target=70168717 DIST                 argc=4 site=70166E1C
gcalls seq=008286 caller=QUEST1 target=70168717 DIST                 argc=4 site=70166E1C
gcalls seq=008288 caller=QUEST2 target=70168717 DIST                 argc=4 site=70166E1C
gcalls seq=008292 caller=QUEST1 target=70168717 DIST                 argc=4 site=70166E1C
gcalls seq=008293 caller=QUEST1 target=70168717 DIST                 argc=4 site=70166E1C
gcalls seq=008294 caller=QUEST1 target=70168717 DIST                 argc=4 site=70166E1C
gcalls seq=008295 caller=QUEST2 target=70168717 DIST                 argc=4 site=70166E1C
gcalls seq=008299 caller=QUEST2 target=70168717 DIST                 argc=4 site=70166E1C
gcalls seq=008303 caller=QUEST2 target=70168717 DIST                 argc=4 site=70166E1C
gcalls seq=008307 caller=QUEST1 target=70168717 DIST                 argc=4 site=70166E1C
gcalls seq=008308 caller=QUEST1 target=70168717 DIST                 argc=4 site=70166E1C
gcalls seq=008309 caller=QUEST1 target=70168717 DIST                 argc=4 site=70166E1C
gcalls seq=008310 caller=QUEST2 target=70168717 DIST                 argc=4 site=70166E1C
gcalls seq=008314 caller=QUEST2 target=70168717 DIST                 argc=4 site=70166E1C
gcalls seq=008318 caller=QUEST2 target=70168717 DIST                 argc=4 site=70166E1C
gcalls seq=008321 caller=QUEST1 target=70168717 DIST                 argc=4 site=70166E1C
gcalls seq=008323 caller=QUEST2 target=70168717 DIST                 argc=4 site=70166E1C
gcalls seq=008326 caller=QUEST1 target=70168717 DIST                 argc=4 site=70166E1C
gcalls seq=008327 caller=QUEST1 target=70168717 DIST                 argc=4 site=70166E1C
gcalls seq=008329 caller=QUEST2 target=70168717 DIST                 argc=4 site=70166E1C
gcalls seq=008333 caller=QUEST2 target=70168717 DIST                 argc=4 site=70166E1C
gcalls seq=008337 caller=QUEST1 target=70168717 DIST                 argc=4 site=70166E1C
gcalls seq=008338 caller=QUEST1 target=70168717 DIST                 argc=4 site=70166E1C
gcalls seq=008339 caller=QUEST1 target=70168717 DIST                 argc=4 site=70166E1C
gcalls seq=008340 caller=QUEST2 target=70168717 DIST                 argc=4 site=70166E1C
gcalls seq=008344 caller=QUEST2 target=70168717 DIST                 argc=4 site=70166E1C
gcalls seq=008348 caller=QUEST2 target=70168717 DIST                 argc=4 site=70166E1C
gcalls seq=008352 caller=QUEST1 target=70168717 DIST                 argc=4 site=70166E1C
gcalls seq=008353 caller=QUEST2 target=70168717 DIST                 argc=4 site=70166E1C
gcalls seq=008357 caller=QUEST1 target=70168717 DIST                 argc=4 site=70166E1C
gcalls seq=008358 caller=QUEST1 target=70168717 DIST                 argc=4 site=70166E1C
gcalls seq=008359 caller=QUEST2 target=70168717 DIST                 argc=4 site=70166E1C
gcalls seq=008363 caller=QUEST2 target=70168717 DIST                 argc=4 site=70166E1C
gcalls seq=008367 caller=QUEST1 target=70168717 DIST                 argc=4 site=70166E1C
gcalls seq=008368 caller=QUEST1 target=70168717 DIST                 argc=4 site=70166E1C
gcalls seq=008369 caller=QUEST1 target=70168717 DIST                 argc=4 site=70166E1C
gcalls seq=008370 caller=QUEST2 target=70168717 DIST                 argc=4 site=70166E1C
gcalls seq=008374 caller=QUEST2 target=70168717 DIST                 argc=4 site=70166E1C
gcalls seq=008378 caller=QUEST2 target=70168717 DIST                 argc=4 site=70166E1C
gcalls seq=008382 caller=QUEST1 target=70168717 DIST                 argc=4 site=70166E1C
gcalls seq=008383 caller=QUEST1 target=70168717 DIST                 argc=4 site=70166E1C
gcalls seq=008384 caller=QUEST2 target=70168717 DIST                 argc=4 site=70166E1C
gcalls seq=008388 caller=QUEST2 target=70168717 DIST                 argc=4 site=70166E1C
gcalls seq=008392 caller=QUEST1 target=70168717 DIST                 argc=4 site=70166E1C
gcalls seq=008393 caller=QUEST2 target=70168717 DIST                 argc=4 site=70166E1C
gcalls seq=008397 caller=QUEST1 target=70168717 DIST                 argc=4 site=70166E1C
gcalls seq=008398 caller=QUEST1 target=70168717 DIST                 argc=4 site=70166E1C
gcalls seq=008399 caller=QUEST1 target=70168717 DIST                 argc=4 site=70166E1C
gcalls seq=008400 caller=QUEST2 target=70168717 DIST                 argc=4 site=70166E1C
gcalls seq=008404 caller=QUEST2 target=70168717 DIST                 argc=4 site=70166E1C
gcalls seq=008408 caller=QUEST2 target=70168717 DIST                 argc=4 site=70166E1C
gcalls seq=008412 caller=QUEST1 target=70168717 DIST                 argc=4 site=70166E1C
gcalls seq=008413 caller=QUEST2 target=70168717 DIST                 argc=4 site=70166E1C
gcalls seq=008417 caller=QUEST1 target=70168717 DIST                 argc=4 site=70166E1C
gcalls seq=008418 caller=QUEST1 target=70168717 DIST                 argc=4 site=70166E1C
gcalls seq=008419 caller=QUEST2 target=70168717 DIST                 argc=4 site=70166E1C
gcalls seq=008423 caller=QUEST2 target=70168717 DIST                 argc=4 site=70166E1C
gcalls seq=008427 caller=QUEST1 target=70168717 DIST                 argc=4 site=70166E1C
gcalls seq=008428 caller=QUEST1 target=70168717 DIST                 argc=4 site=70166E1C
gcalls seq=008429 caller=QUEST1 target=70168717 DIST                 argc=4 site=70166E1C
gcalls seq=008430 caller=QUEST2 target=70168717 DIST                 argc=4 site=70166E1C
gcalls seq=008434 caller=QUEST2 target=70168717 DIST                 argc=4 site=70166E1C
gcalls seq=008438 caller=QUEST2 target=70168717 DIST                 argc=4 site=70166E1C
gcalls seq=008442 caller=QUEST1 target=70168717 DIST                 argc=4 site=70166E1C
gcalls seq=008443 caller=QUEST2 target=70168717 DIST                 argc=4 site=70166E1C
gcalls seq=008447 caller=QUEST1 target=70168717 DIST                 argc=4 site=70166E1C
gcalls seq=008448 caller=QUEST1 target=70168717 DIST                 argc=4 site=70166E1C
gcalls seq=008449 caller=QUEST2 target=70168717 DIST                 argc=4 site=70166E1C
gcalls seq=008453 caller=QUEST2 target=70168717 DIST                 argc=4 site=70166E1C
gcalls seq=008457 caller=QUEST1 target=70168717 DIST                 argc=4 site=70166E1C
gcalls seq=008458 caller=QUEST1 target=70168717 DIST                 argc=4 site=70166E1C
gcalls seq=008459 caller=QUEST1 target=70168717 DIST                 argc=4 site=70166E1C
gcalls seq=008460 caller=QUEST2 target=70168717 DIST                 argc=4 site=70166E1C
gcalls seq=008464 caller=QUEST2 target=70168717 DIST                 argc=4 site=70166E1C
gcalls seq=008468 caller=QUEST2 target=70168717 DIST                 argc=4 site=70166E1C
gcalls seq=008472 caller=QUEST1 target=70168717 DIST                 argc=4 site=70166E1C
gcalls seq=008473 caller=QUEST1 target=70168717 DIST                 argc=4 site=70166E1C
gcalls seq=008474 caller=QUEST1 target=70168717 DIST                 argc=4 site=70166E1C
gcalls seq=008475 caller=QUEST2 target=70168717 DIST                 argc=4 site=70166E1C
gcalls seq=008479 caller=QUEST2 target=70168717 DIST                 argc=4 site=70166E1C
gcalls seq=008483 caller=QUEST2 target=70168717 DIST                 argc=4 site=70166E1C
gcalls seq=008484 caller=QUEST1 target=70168717 DIST                 argc=4 site=70166E1C
gcalls seq=008488 caller=QUEST2 target=70168717 DIST                 argc=4 site=70166E1C
gcalls seq=008490 caller=QUEST1 target=70168717 DIST                 argc=4 site=70166E1C
gcalls seq=008491 caller=QUEST1 target=70168717 DIST                 argc=4 site=70166E1C
gcalls seq=008494 caller=QUEST2 target=70168717 DIST                 argc=4 site=70166E1C
gcalls seq=008498 caller=QUEST2 target=70168717 DIST                 argc=4 site=70166E1C
gcalls seq=008502 caller=QUEST1 target=70168717 DIST                 argc=4 site=70166E1C
gcalls seq=008503 caller=QUEST1 target=70168717 DIST                 argc=4 site=70166E1C
gcalls seq=008504 caller=QUEST1 target=70168717 DIST                 argc=4 site=70166E1C
gcalls seq=008505 caller=QUEST2 target=70168717 DIST                 argc=4 site=70166E1C
gcalls seq=008509 caller=QUEST2 target=70168717 DIST                 argc=4 site=70166E1C
gcalls seq=008513 caller=QUEST2 target=70168717 DIST                 argc=4 site=70166E1C
gcalls seq=008517 caller=QUEST1 target=70168717 DIST                 argc=4 site=70166E1C
gcalls seq=008518 caller=QUEST2 target=70168717 DIST                 argc=4 site=70166E1C
gcalls seq=008521 caller=QUEST1 target=70168717 DIST                 argc=4 site=70166E1C
gcalls seq=008522 caller=QUEST1 target=70168717 DIST                 argc=4 site=70166E1C
gcalls seq=008524 caller=QUEST2 target=70168717 DIST                 argc=4 site=70166E1C
gcalls seq=008528 caller=QUEST2 target=70168717 DIST                 argc=4 site=70166E1C
gcalls seq=008532 caller=QUEST1 target=70168717 DIST                 argc=4 site=70166E1C
gcalls seq=008533 caller=QUEST1 target=70168717 DIST                 argc=4 site=70166E1C
gcalls seq=008534 caller=QUEST1 target=70168717 DIST                 argc=4 site=70166E1C
gcalls seq=008535 caller=QUEST2 target=70168717 DIST                 argc=4 site=70166E1C
gcalls seq=008539 caller=QUEST2 target=70168717 DIST                 argc=4 site=70166E1C
gcalls seq=008543 caller=QUEST2 target=70168717 DIST                 argc=4 site=70166E1C
gcalls seq=008547 caller=QUEST1 target=70168717 DIST                 argc=4 site=70166E1C
gcalls seq=008548 caller=QUEST2 target=70168717 DIST                 argc=4 site=70166E1C
gcalls seq=008552 caller=QUEST1 target=70168717 DIST                 argc=4 site=70166E1C
gcalls seq=008553 caller=QUEST1 target=70168717 DIST                 argc=4 site=70166E1C
gcalls seq=008554 caller=QUEST2 target=70168717 DIST                 argc=4 site=70166E1C
gcalls seq=008558 caller=QUEST2 target=70168717 DIST                 argc=4 site=70166E1C
gcalls seq=008562 caller=QUEST1 target=70168717 DIST                 argc=4 site=70166E1C
gcalls seq=008563 caller=QUEST1 target=70168717 DIST                 argc=4 site=70166E1C
gcalls seq=008564 caller=QUEST1 target=70168717 DIST                 argc=4 site=70166E1C
gcalls seq=008565 caller=QUEST2 target=70168717 DIST                 argc=4 site=70166E1C
gcalls seq=008569 caller=QUEST2 target=70168717 DIST                 argc=4 site=70166E1C
gcalls seq=008573 caller=QUEST2 target=70168717 DIST                 argc=4 site=70166E1C
gcalls seq=008577 caller=QUEST1 target=70168717 DIST                 argc=4 site=70166E1C
gcalls seq=008578 caller=QUEST1 target=70168717 DIST                 argc=4 site=70166E1C
gcalls seq=008579 caller=QUEST1 target=70168717 DIST                 argc=4 site=70166E1C
gcalls seq=008580 caller=QUEST2 target=70168717 DIST                 argc=4 site=70166E1C
gcalls seq=008584 caller=QUEST2 target=70168717 DIST                 argc=4 site=70166E1C
gcalls seq=008588 caller=QUEST2 target=70168717 DIST                 argc=4 site=70166E1C
gcalls seq=008592 caller=QUEST1 target=70168717 DIST                 argc=4 site=70166E1C
gcalls seq=008593 caller=QUEST1 target=70168717 DIST                 argc=4 site=70166E1C
gcalls seq=008594 caller=QUEST1 target=70168717 DIST                 argc=4 site=70166E1C
gcalls seq=008595 caller=QUEST2 target=70168717 DIST                 argc=4 site=70166E1C
gcalls seq=008599 caller=QUEST2 target=70168717 DIST                 argc=4 site=70166E1C
gcalls seq=008603 caller=QUEST2 target=70168717 DIST                 argc=4 site=70166E1C
gcalls seq=008607 caller=QUEST1 target=70168717 DIST                 argc=4 site=70166E1C
gcalls seq=008608 caller=QUEST1 target=70168717 DIST                 argc=4 site=70166E1C
gcalls seq=008609 caller=QUEST1 target=70168717 DIST                 argc=4 site=70166E1C
gcalls seq=008610 caller=QUEST2 target=70168717 DIST                 argc=4 site=70166E1C
gcalls seq=008614 caller=QUEST2 target=70168717 DIST                 argc=4 site=70166E1C
gcalls seq=008618 caller=QUEST2 target=70168717 DIST                 argc=4 site=70166E1C
gcalls seq=008622 caller=QUEST1 target=70168717 DIST                 argc=4 site=70166E1C
gcalls seq=008623 caller=QUEST1 target=70168717 DIST                 argc=4 site=70166E1C
gcalls seq=008624 caller=QUEST1 target=70168717 DIST                 argc=4 site=70166E1C
gcalls seq=008625 caller=QUEST2 target=70168717 DIST                 argc=4 site=70166E1C
gcalls seq=008629 caller=QUEST2 target=70168717 DIST                 argc=4 site=70166E1C
gcalls seq=008633 caller=QUEST2 target=70168717 DIST                 argc=4 site=70166E1C
gcalls seq=008637 caller=QUEST1 target=70168717 DIST                 argc=4 site=70166E1C
gcalls seq=008638 caller=QUEST2 target=70168717 DIST                 argc=4 site=70166E1C
gcalls seq=008642 caller=QUEST1 target=70168717 DIST                 argc=4 site=70166E1C
gcalls seq=008643 caller=QUEST1 target=70168717 DIST                 argc=4 site=70166E1C
gcalls seq=008644 caller=QUEST2 target=70168717 DIST                 argc=4 site=70166E1C
gcalls seq=008648 caller=QUEST2 target=70168717 DIST                 argc=4 site=70166E1C
gcalls seq=008652 caller=QUEST1 target=70168717 DIST                 argc=4 site=70166E1C
gcalls seq=008653 caller=QUEST1 target=70168717 DIST                 argc=4 site=70166E1C
gcalls seq=008654 caller=QUEST1 target=70168717 DIST                 argc=4 site=70166E1C
gcalls seq=008655 caller=QUEST2 target=70168717 DIST                 argc=4 site=70166E1C
gcalls seq=008659 caller=QUEST2 target=70168717 DIST                 argc=4 site=70166E1C
gcalls seq=008663 caller=QUEST2 target=70168717 DIST                 argc=4 site=70166E1C
gcalls seq=008667 caller=QUEST1 target=70168717 DIST                 argc=4 site=70166E1C
gcalls seq=008668 caller=QUEST1 target=70168717 DIST                 argc=4 site=70166E1C
gcalls seq=008669 caller=QUEST2 target=70168717 DIST                 argc=4 site=70166E1C
gcalls seq=008673 caller=QUEST2 target=70168717 DIST                 argc=4 site=70166E1C
gcalls seq=008675 caller=QUEST1 target=70168717 DIST                 argc=4 site=70166E1C
gcalls seq=008678 caller=QUEST2 target=70168717 DIST                 argc=4 site=70166E1C
gcalls seq=008682 caller=QUEST1 target=70168717 DIST                 argc=4 site=70166E1C
gcalls seq=008683 caller=QUEST1 target=70168717 DIST                 argc=4 site=70166E1C
gcalls seq=008684 caller=QUEST1 target=70168717 DIST                 argc=4 site=70166E1C
gcalls seq=008685 caller=QUEST2 target=70168717 DIST                 argc=4 site=70166E1C
gcalls seq=008689 caller=QUEST2 target=70168717 DIST                 argc=4 site=70166E1C
gcalls seq=008693 caller=QUEST2 target=70168717 DIST                 argc=4 site=70166E1C
gcalls seq=008697 caller=QUEST1 target=70168717 DIST                 argc=4 site=70166E1C
gcalls seq=008698 caller=QUEST2 target=70168717 DIST                 argc=4 site=70166E1C
gcalls seq=008701 caller=QUEST1 target=70168717 DIST                 argc=4 site=70166E1C
gcalls seq=008702 caller=QUEST1 target=70168717 DIST                 argc=4 site=70166E1C
gcalls seq=008704 caller=QUEST2 target=70168717 DIST                 argc=4 site=70166E1C
gcalls seq=008708 caller=QUEST2 target=70168717 DIST                 argc=4 site=70166E1C
gcalls seq=008712 caller=QUEST1 target=70168717 DIST                 argc=4 site=70166E1C
gcalls seq=008713 caller=QUEST1 target=70168717 DIST                 argc=4 site=70166E1C
gcalls seq=008714 caller=QUEST1 target=70168717 DIST                 argc=4 site=70166E1C
gcalls seq=008715 caller=QUEST2 target=70168717 DIST                 argc=4 site=70166E1C
gcalls seq=008719 caller=QUEST2 target=70168717 DIST                 argc=4 site=70166E1C
gcalls seq=008723 caller=QUEST2 target=70168717 DIST                 argc=4 site=70166E1C
gcalls seq=008727 caller=QUEST1 target=70168717 DIST                 argc=4 site=70166E1C
gcalls seq=008728 caller=QUEST2 target=70168717 DIST                 argc=4 site=70166E1C
gcalls seq=008731 caller=QUEST1 target=70168717 DIST                 argc=4 site=70166E1C
gcalls seq=008732 caller=QUEST1 target=70168717 DIST                 argc=4 site=70166E1C
gcalls seq=008734 caller=QUEST2 target=70168717 DIST                 argc=4 site=70166E1C
gcalls seq=008738 caller=QUEST2 target=70168717 DIST                 argc=4 site=70166E1C
gcalls seq=008742 caller=QUEST1 target=70168717 DIST                 argc=4 site=70166E1C
gcalls seq=008743 caller=QUEST1 target=70168717 DIST                 argc=4 site=70166E1C
gcalls seq=008744 caller=QUEST1 target=70168717 DIST                 argc=4 site=70166E1C
gcalls seq=008745 caller=QUEST2 target=70168717 DIST                 argc=4 site=70166E1C
gcalls seq=008749 caller=QUEST2 target=70168717 DIST                 argc=4 site=70166E1C
gcalls seq=008753 caller=QUEST2 target=70168717 DIST                 argc=4 site=70166E1C
gcalls seq=008756 caller=QUEST1 target=70168717 DIST                 argc=4 site=70166E1C
gcalls seq=008758 caller=QUEST2 target=70168717 DIST                 argc=4 site=70166E1C
gcalls seq=008761 caller=QUEST1 target=70168717 DIST                 argc=4 site=70166E1C
gcalls seq=008762 caller=QUEST1 target=70168717 DIST                 argc=4 site=70166E1C
gcalls seq=008764 caller=QUEST2 target=70168717 DIST                 argc=4 site=70166E1C
gcalls seq=008768 caller=QUEST2 target=70168717 DIST                 argc=4 site=70166E1C
gcalls seq=008772 caller=QUEST1 target=70168717 DIST                 argc=4 site=70166E1C
gcalls seq=008773 caller=QUEST1 target=70168717 DIST                 argc=4 site=70166E1C
gcalls seq=008774 caller=QUEST1 target=70168717 DIST                 argc=4 site=70166E1C
gcalls seq=008775 caller=QUEST2 target=70168717 DIST                 argc=4 site=70166E1C
gcalls seq=008779 caller=QUEST2 target=70168717 DIST                 argc=4 site=70166E1C
gcalls seq=008783 caller=QUEST2 target=70168717 DIST                 argc=4 site=70166E1C
gcalls seq=008787 caller=QUEST1 target=70168717 DIST                 argc=4 site=70166E1C
gcalls seq=008788 caller=QUEST2 target=70168717 DIST                 argc=4 site=70166E1C
gcalls seq=008792 caller=QUEST1 target=70168717 DIST                 argc=4 site=70166E1C
gcalls seq=008793 caller=QUEST1 target=70168717 DIST                 argc=4 site=70166E1C
gcalls seq=008794 caller=QUEST2 target=70168717 DIST                 argc=4 site=70166E1C
gcalls seq=008798 caller=QUEST2 target=70168717 DIST                 argc=4 site=70166E1C
gcalls seq=008802 caller=QUEST1 target=70168717 DIST                 argc=4 site=70166E1C
gcalls seq=008803 caller=QUEST1 target=70168717 DIST                 argc=4 site=70166E1C
gcalls seq=008804 caller=QUEST1 target=70168717 DIST                 argc=4 site=70166E1C
gcalls seq=008805 caller=QUEST2 target=70168717 DIST                 argc=4 site=70166E1C
gcalls seq=008809 caller=QUEST2 target=70168717 DIST                 argc=4 site=70166E1C
gcalls seq=008813 caller=QUEST2 target=70168717 DIST                 argc=4 site=70166E1C
gcalls seq=008817 caller=QUEST1 target=70168717 DIST                 argc=4 site=70166E1C
gcalls seq=008818 caller=QUEST2 target=70168717 DIST                 argc=4 site=70166E1C
gcalls seq=008822 caller=QUEST1 target=70168717 DIST                 argc=4 site=70166E1C
gcalls seq=008823 caller=QUEST1 target=70168717 DIST                 argc=4 site=70166E1C
gcalls seq=008824 caller=QUEST2 target=70168717 DIST                 argc=4 site=70166E1C
gcalls seq=008828 caller=QUEST2 target=70168717 DIST                 argc=4 site=70166E1C
gcalls seq=008832 caller=QUEST1 target=70168717 DIST                 argc=4 site=70166E1C
gcalls seq=008833 caller=QUEST1 target=70168717 DIST                 argc=4 site=70166E1C
gcalls seq=008834 caller=QUEST1 target=70168717 DIST                 argc=4 site=70166E1C
gcalls seq=008835 caller=QUEST2 target=70168717 DIST                 argc=4 site=70166E1C
gcalls seq=008839 caller=QUEST2 target=70168717 DIST                 argc=4 site=70166E1C
gcalls seq=008843 caller=QUEST2 target=70168717 DIST                 argc=4 site=70166E1C
gcalls seq=008847 caller=QUEST1 target=70168717 DIST                 argc=4 site=70166E1C
gcalls seq=008848 caller=QUEST1 target=70168717 DIST                 argc=4 site=70166E1C
gcalls seq=008849 caller=QUEST1 target=70168717 DIST                 argc=4 site=70166E1C
gcalls seq=008850 caller=QUEST2 target=70168717 DIST                 argc=4 site=70166E1C
gcalls seq=008854 caller=QUEST2 target=70168717 DIST                 argc=4 site=70166E1C
gcalls seq=008858 caller=QUEST2 target=70168717 DIST                 argc=4 site=70166E1C
gcalls seq=008862 caller=QUEST1 target=70168717 DIST                 argc=4 site=70166E1C
gcalls seq=008863 caller=QUEST1 target=70168717 DIST                 argc=4 site=70166E1C
gcalls seq=008864 caller=QUEST1 target=70168717 DIST                 argc=4 site=70166E1C
gcalls seq=008865 caller=QUEST2 target=70168717 DIST                 argc=4 site=70166E1C
gcalls seq=008869 caller=QUEST2 target=70168717 DIST                 argc=4 site=70166E1C
gcalls seq=008873 caller=QUEST2 target=70168717 DIST                 argc=4 site=70166E1C
gcalls seq=008877 caller=QUEST1 target=70168717 DIST                 argc=4 site=70166E1C
gcalls seq=008878 caller=QUEST2 target=70168717 DIST                 argc=4 site=70166E1C
gcalls seq=008882 caller=QUEST1 target=70168717 DIST                 argc=4 site=70166E1C
gcalls seq=008883 caller=QUEST1 target=70168717 DIST                 argc=4 site=70166E1C
gcalls seq=008884 caller=QUEST2 target=70168717 DIST                 argc=4 site=70166E1C
gcalls seq=008888 caller=QUEST2 target=70168717 DIST                 argc=4 site=70166E1C
gcalls seq=008892 caller=QUEST1 target=70168717 DIST                 argc=4 site=70166E1C
gcalls seq=008893 caller=QUEST1 target=70168717 DIST                 argc=4 site=70166E1C
gcalls seq=008894 caller=QUEST1 target=70168717 DIST                 argc=4 site=70166E1C
gcalls seq=008895 caller=QUEST2 target=70168717 DIST                 argc=4 site=70166E1C
gcalls seq=008899 caller=QUEST2 target=70168717 DIST                 argc=4 site=70166E1C
gcalls seq=008903 caller=QUEST2 target=70168717 DIST                 argc=4 site=70166E1C
gcalls seq=008907 caller=QUEST1 target=70168717 DIST                 argc=4 site=70166E1C
gcalls seq=008908 caller=QUEST1 target=70168717 DIST                 argc=4 site=70166E1C
gcalls seq=008909 caller=QUEST1 target=70168717 DIST                 argc=4 site=70166E1C
gcalls seq=008910 caller=QUEST2 target=70168717 DIST                 argc=4 site=70166E1C
gcalls seq=008914 caller=QUEST2 target=70168717 DIST                 argc=4 site=70166E1C
gcalls seq=008918 caller=QUEST2 target=70168717 DIST                 argc=4 site=70166E1C
gcalls seq=008922 caller=QUEST1 target=70168717 DIST                 argc=4 site=70166E1C
gcalls seq=008923 caller=QUEST1 target=70168717 DIST                 argc=4 site=70166E1C
gcalls seq=008924 caller=QUEST1 target=70168717 DIST                 argc=4 site=70166E1C
gcalls seq=008925 caller=QUEST2 target=70168717 DIST                 argc=4 site=70166E1C
gcalls seq=008929 caller=QUEST2 target=70168717 DIST                 argc=4 site=70166E1C
gcalls seq=008933 caller=QUEST2 target=70168717 DIST                 argc=4 site=70166E1C
gcalls seq=008937 caller=QUEST1 target=70168717 DIST                 argc=4 site=70166E1C
gcalls seq=008938 caller=QUEST2 target=70168717 DIST                 argc=4 site=70166E1C
gcalls seq=008941 caller=QUEST1 target=70168717 DIST                 argc=4 site=70166E1C
gcalls seq=008942 caller=QUEST1 target=70168717 DIST                 argc=4 site=70166E1C
gcalls seq=008944 caller=QUEST2 target=70168717 DIST                 argc=4 site=70166E1C
gcalls seq=008948 caller=QUEST2 target=70168717 DIST                 argc=4 site=70166E1C
gcalls seq=008952 caller=QUEST1 target=70168717 DIST                 argc=4 site=70166E1C
gcalls seq=008953 caller=QUEST1 target=70168717 DIST                 argc=4 site=70166E1C
gcalls seq=008954 caller=QUEST1 target=70168717 DIST                 argc=4 site=70166E1C
gcalls seq=008955 caller=QUEST2 target=70168717 DIST                 argc=4 site=70166E1C
gcalls seq=008959 caller=QUEST2 target=70168717 DIST                 argc=4 site=70166E1C
gcalls seq=008963 caller=QUEST2 target=70168717 DIST                 argc=4 site=70166E1C
gcalls seq=008967 caller=QUEST1 target=70168717 DIST                 argc=4 site=70166E1C
gcalls seq=008968 caller=QUEST1 target=70168717 DIST                 argc=4 site=70166E1C
gcalls seq=008969 caller=QUEST2 target=70168717 DIST                 argc=4 site=70166E1C
gcalls seq=008973 caller=QUEST2 target=70168717 DIST                 argc=4 site=70166E1C
gcalls seq=008976 caller=QUEST1 target=70168717 DIST                 argc=4 site=70166E1C
gcalls seq=008978 caller=QUEST2 target=70168717 DIST                 argc=4 site=70166E1C
gcalls seq=008982 caller=QUEST1 target=70168717 DIST                 argc=4 site=70166E1C
gcalls seq=008983 caller=QUEST1 target=70168717 DIST                 argc=4 site=70166E1C
gcalls seq=008984 caller=QUEST1 target=70168717 DIST                 argc=4 site=70166E1C
gcalls seq=008985 caller=QUEST2 target=70168717 DIST                 argc=4 site=70166E1C
gcalls seq=008989 caller=QUEST2 target=70168717 DIST                 argc=4 site=70166E1C
gcalls seq=008993 caller=QUEST2 target=70168717 DIST                 argc=4 site=70166E1C
gcalls seq=008997 caller=QUEST1 target=70168717 DIST                 argc=4 site=70166E1C
gcalls seq=008998 caller=QUEST1 target=70168717 DIST                 argc=4 site=70166E1C
gcalls seq=008999 caller=QUEST1 target=70168717 DIST                 argc=4 site=70166E1C
gcalls seq=009000 caller=QUEST2 target=70168717 DIST                 argc=4 site=70166E1C
gcalls seq=009004 caller=QUEST2 target=70168717 DIST                 argc=4 site=70166E1C
gcalls seq=009008 caller=QUEST2 target=70168717 DIST                 argc=4 site=70166E1C
gcalls seq=009011 caller=QUEST1 target=70168717 DIST                 argc=4 site=70166E1C
gcalls seq=009013 caller=QUEST2 target=70168717 DIST                 argc=4 site=70166E1C
gcalls seq=009016 caller=QUEST1 target=70168717 DIST                 argc=4 site=70166E1C
gcalls seq=009017 caller=QUEST1 target=70168717 DIST                 argc=4 site=70166E1C
gcalls seq=009019 caller=QUEST2 target=70168717 DIST                 argc=4 site=70166E1C
gcalls seq=009023 caller=QUEST2 target=70168717 DIST                 argc=4 site=70166E1C
gcalls seq=009027 caller=QUEST1 target=70168717 DIST                 argc=4 site=70166E1C
gcalls seq=009028 caller=QUEST1 target=70168717 DIST                 argc=4 site=70166E1C
gcalls seq=009029 caller=QUEST1 target=70168717 DIST                 argc=4 site=70166E1C
gcalls seq=009030 caller=QUEST2 target=70168717 DIST                 argc=4 site=70166E1C
gcalls seq=009034 caller=QUEST2 target=70168717 DIST                 argc=4 site=70166E1C
gcalls seq=009038 caller=QUEST2 target=70168717 DIST                 argc=4 site=70166E1C
gcalls seq=009042 caller=QUEST1 target=70168717 DIST                 argc=4 site=70166E1C
gcalls seq=009043 caller=QUEST1 target=70168717 DIST                 argc=4 site=70166E1C
gcalls seq=009044 caller=QUEST2 target=70168717 DIST                 argc=4 site=70166E1C
gcalls seq=009048 caller=QUEST2 target=70168717 DIST                 argc=4 site=70166E1C
gcalls seq=009051 caller=QUEST1 target=70168717 DIST                 argc=4 site=70166E1C
gcalls seq=009053 caller=QUEST2 target=70168717 DIST                 argc=4 site=70166E1C
gcalls seq=009057 caller=QUEST1 target=70168717 DIST                 argc=4 site=70166E1C
gcalls seq=009058 caller=QUEST1 target=70168717 DIST                 argc=4 site=70166E1C
gcalls seq=009059 caller=QUEST1 target=70168717 DIST                 argc=4 site=70166E1C
gcalls seq=009060 caller=QUEST2 target=70168717 DIST                 argc=4 site=70166E1C
gcalls seq=009064 caller=QUEST2 target=70168717 DIST                 argc=4 site=70166E1C
gcalls seq=009068 caller=QUEST2 target=70168717 DIST                 argc=4 site=70166E1C
gcalls seq=009072 caller=QUEST1 target=70168717 DIST                 argc=4 site=70166E1C
gcalls seq=009073 caller=QUEST1 target=70168717 DIST                 argc=4 site=70166E1C
gcalls seq=009074 caller=QUEST1 target=70168717 DIST                 argc=4 site=70166E1C
gcalls seq=009075 caller=QUEST2 target=70168717 DIST                 argc=4 site=70166E1C
gcalls seq=009079 caller=QUEST2 target=70168717 DIST                 argc=4 site=70166E1C
gcalls seq=009083 caller=QUEST2 target=70168717 DIST                 argc=4 site=70166E1C
gcalls seq=009087 caller=QUEST1 target=70168717 DIST                 argc=4 site=70166E1C
gcalls seq=009088 caller=QUEST2 target=70168717 DIST                 argc=4 site=70166E1C
gcalls seq=009092 caller=QUEST1 target=70168717 DIST                 argc=4 site=70166E1C
gcalls seq=009093 caller=QUEST1 target=70168717 DIST                 argc=4 site=70166E1C
gcalls seq=009094 caller=QUEST2 target=70168717 DIST                 argc=4 site=70166E1C
gcalls seq=009098 caller=QUEST2 target=70168717 DIST                 argc=4 site=70166E1C
gcalls seq=009102 caller=QUEST1 target=7017CD71 TERRITORY            argc=6 site=701670EE
gcalls seq=009103 caller=QUEST2 target=7017CD71 TERRITORY            argc=6 site=701670EE
gcalls seq=009112 caller=QUEST1 target=7017D0ED TOWER_ATTACK         argc=1 site=701788EB
gcalls seq=009113 caller=QUEST2 target=7017D0ED TOWER_ATTACK         argc=1 site=701788EB
gcalls seq=009121 caller=QUEST1 target=70176C0B REPORT               argc=0 site=701788EF
gcalls seq=009122 caller=QUEST1 target=7017B42F THIEF                argc=1 site=701788F6
gcalls seq=009123 caller=QUEST1 target=70161CBF CATAPULT             argc=1 site=701788FD
gcalls seq=009124 caller=QUEST2 target=70176C0B REPORT               argc=0 site=701788EF
gcalls seq=009125 caller=QUEST2 target=7017B42F THIEF                argc=1 site=701788F6
gcalls seq=009126 caller=QUEST2 target=70161CBF CATAPULT             argc=1 site=701788FD
gcalls seq=009127 caller=QUEST1 target=70165863 DEFEND               argc=0 site=7017892C
gcalls seq=009128 caller=QUEST2 target=70165863 DEFEND               argc=0 site=7017892C
gcalls seq=009129 caller=QUEST1 target=701674B5 DISPLAY_INVENTORY    argc=1 site=701789E0
gcalls seq=009130 caller=QUEST2 target=701674B5 DISPLAY_INVENTORY    argc=1 site=701789E0
gcalls seq=009131 caller=QUEST1 target=701674B5 DISPLAY_INVENTORY    argc=1 site=70178BF9
gcalls seq=009132 caller=QUEST2 target=701674B5 DISPLAY_INVENTORY    argc=1 site=70178BF9
gcalls seq=009140 caller=QUEST1 target=7016AA35 GET_INPUT            argc=1 site=70178C3B
gcalls seq=009141 caller=QUEST2 target=7016AA35 GET_INPUT            argc=1 site=70178C3B
gcalls seq=009170 caller=QUEST1 target=701674B5 DISPLAY_INVENTORY    argc=1 site=70178BF9
gcalls seq=009171 caller=QUEST2 target=701674B5 DISPLAY_INVENTORY    argc=1 site=70178BF9
gcalls seq=009179 caller=QUEST1 target=7016AA35 GET_INPUT            argc=1 site=70178C3B
gcalls seq=009180 caller=QUEST2 target=7016AA35 GET_INPUT            argc=1 site=70178C3B
gcalls seq=009202 caller=QUEST1 target=7016EB87 LIST_PLAYERS         argc=0 site=70178D2B
gcalls seq=009203 caller=QUEST2 target=7016EB87 LIST_PLAYERS         argc=0 site=70178D2B
gcalls seq=009212 caller=QUEST1 target=7016AA35 GET_INPUT            argc=1 site=7016EBAD
gcalls seq=009213 caller=QUEST2 target=7016AA35 GET_INPUT            argc=1 site=7016EBAD
gcalls seq=009227 caller=QUEST1 target=7016EC57 -                    argc=0 site=7017EE3D
gcalls seq=009239 caller=QUEST1 target=7016DE91 HIT_ANY_CHAR         argc=0 site=7016F1C4
gcalls seq=009240 caller=QUEST2 target=7016DE91 HIT_ANY_CHAR         argc=0 site=7016F1C4
gcalls seq=009248 caller=QUEST1 target=7016AA35 GET_INPUT            argc=1 site=7016DEA9
gcalls seq=009249 caller=QUEST2 target=7016AA35 GET_INPUT            argc=1 site=7016DEA9
gcalls seq=009273 caller=QUEST1 target=70176A93 REFRESH_SCREEN       argc=0 site=701789FD
gcalls seq=009274 caller=QUEST2 target=70176A93 REFRESH_SCREEN       argc=0 site=701789FD
gcalls seq=009359 caller=QUEST1 target=70166AF9 DISPLAY_SCREEN       argc=1 site=70178A17
gcalls seq=009360 caller=QUEST1 target=70168717 DIST                 argc=4 site=70166B86
gcalls seq=009361 caller=QUEST1 target=70168717 DIST                 argc=4 site=70166B86
gcalls seq=009362 caller=QUEST1 target=70168717 DIST                 argc=4 site=70166B86
gcalls seq=009363 caller=QUEST2 target=70166AF9 DISPLAY_SCREEN       argc=1 site=70178A17
gcalls seq=009364 caller=QUEST2 target=70168717 DIST                 argc=4 site=70166B86
gcalls seq=009368 caller=QUEST2 target=70168717 DIST                 argc=4 site=70166B86
gcalls seq=009372 caller=QUEST2 target=70168717 DIST                 argc=4 site=70166B86
gcalls seq=009376 caller=QUEST1 target=70168717 DIST                 argc=4 site=70166E1C
gcalls seq=009377 caller=QUEST1 target=70168717 DIST                 argc=4 site=70166E1C
gcalls seq=009378 caller=QUEST1 target=70168717 DIST                 argc=4 site=70166E1C
gcalls seq=009379 caller=QUEST2 target=70168717 DIST                 argc=4 site=70166E1C
gcalls seq=009383 caller=QUEST2 target=70168717 DIST                 argc=4 site=70166E1C
gcalls seq=009387 caller=QUEST2 target=70168717 DIST                 argc=4 site=70166E1C
gcalls seq=009391 caller=QUEST1 target=70168717 DIST                 argc=4 site=70166E1C
gcalls seq=009392 caller=QUEST1 target=70168717 DIST                 argc=4 site=70166E1C
gcalls seq=009393 caller=QUEST1 target=70168717 DIST                 argc=4 site=70166E1C
gcalls seq=009394 caller=QUEST2 target=70168717 DIST                 argc=4 site=70166E1C
gcalls seq=009398 caller=QUEST2 target=70168717 DIST                 argc=4 site=70166E1C
gcalls seq=009402 caller=QUEST2 target=70168717 DIST                 argc=4 site=70166E1C
gcalls seq=009405 caller=QUEST1 target=70168717 DIST                 argc=4 site=70166E1C
gcalls seq=009407 caller=QUEST2 target=70168717 DIST                 argc=4 site=70166E1C
gcalls seq=009411 caller=QUEST1 target=70168717 DIST                 argc=4 site=70166E1C
gcalls seq=009412 caller=QUEST1 target=70168717 DIST                 argc=4 site=70166E1C
gcalls seq=009413 caller=QUEST2 target=70168717 DIST                 argc=4 site=70166E1C
gcalls seq=009417 caller=QUEST2 target=70168717 DIST                 argc=4 site=70166E1C
gcalls seq=009421 caller=QUEST1 target=70168717 DIST                 argc=4 site=70166E1C
gcalls seq=009422 caller=QUEST1 target=70168717 DIST                 argc=4 site=70166E1C
gcalls seq=009423 caller=QUEST1 target=70168717 DIST                 argc=4 site=70166E1C
gcalls seq=009424 caller=QUEST2 target=70168717 DIST                 argc=4 site=70166E1C
gcalls seq=009428 caller=QUEST2 target=70168717 DIST                 argc=4 site=70166E1C
gcalls seq=009432 caller=QUEST2 target=70168717 DIST                 argc=4 site=70166E1C
gcalls seq=009436 caller=QUEST1 target=70168717 DIST                 argc=4 site=70166E1C
gcalls seq=009437 caller=QUEST1 target=70168717 DIST                 argc=4 site=70166E1C
gcalls seq=009438 caller=QUEST2 target=70168717 DIST                 argc=4 site=70166E1C
gcalls seq=009442 caller=QUEST2 target=70168717 DIST                 argc=4 site=70166E1C
gcalls seq=009446 caller=QUEST1 target=70168717 DIST                 argc=4 site=70166E1C
gcalls seq=009447 caller=QUEST2 target=70168717 DIST                 argc=4 site=70166E1C
gcalls seq=009451 caller=QUEST1 target=70168717 DIST                 argc=4 site=70166E1C
gcalls seq=009452 caller=QUEST1 target=70168717 DIST                 argc=4 site=70166E1C
gcalls seq=009453 caller=QUEST1 target=70168717 DIST                 argc=4 site=70166E1C
gcalls seq=009454 caller=QUEST2 target=70168717 DIST                 argc=4 site=70166E1C
gcalls seq=009458 caller=QUEST2 target=70168717 DIST                 argc=4 site=70166E1C
gcalls seq=009462 caller=QUEST2 target=70168717 DIST                 argc=4 site=70166E1C
gcalls seq=009466 caller=QUEST1 target=70168717 DIST                 argc=4 site=70166E1C
gcalls seq=009467 caller=QUEST1 target=70168717 DIST                 argc=4 site=70166E1C
gcalls seq=009468 caller=QUEST1 target=70168717 DIST                 argc=4 site=70166E1C
gcalls seq=009469 caller=QUEST2 target=70168717 DIST                 argc=4 site=70166E1C
gcalls seq=009473 caller=QUEST2 target=70168717 DIST                 argc=4 site=70166E1C
gcalls seq=009477 caller=QUEST2 target=70168717 DIST                 argc=4 site=70166E1C
gcalls seq=009481 caller=QUEST1 target=70168717 DIST                 argc=4 site=70166E1C
gcalls seq=009482 caller=QUEST2 target=70168717 DIST                 argc=4 site=70166E1C
gcalls seq=009486 caller=QUEST1 target=70168717 DIST                 argc=4 site=70166E1C
gcalls seq=009487 caller=QUEST1 target=70168717 DIST                 argc=4 site=70166E1C
gcalls seq=009488 caller=QUEST2 target=70168717 DIST                 argc=4 site=70166E1C
gcalls seq=009492 caller=QUEST2 target=70168717 DIST                 argc=4 site=70166E1C
gcalls seq=009496 caller=QUEST1 target=70168717 DIST                 argc=4 site=70166E1C
gcalls seq=009497 caller=QUEST1 target=70168717 DIST                 argc=4 site=70166E1C
gcalls seq=009498 caller=QUEST1 target=70168717 DIST                 argc=4 site=70166E1C
gcalls seq=009499 caller=QUEST2 target=70168717 DIST                 argc=4 site=70166E1C
gcalls seq=009503 caller=QUEST2 target=70168717 DIST                 argc=4 site=70166E1C
gcalls seq=009507 caller=QUEST2 target=70168717 DIST                 argc=4 site=70166E1C
gcalls seq=009511 caller=QUEST1 target=70168717 DIST                 argc=4 site=70166E1C
gcalls seq=009512 caller=QUEST1 target=70168717 DIST                 argc=4 site=70166E1C
gcalls seq=009513 caller=QUEST2 target=70168717 DIST                 argc=4 site=70166E1C
gcalls seq=009517 caller=QUEST2 target=70168717 DIST                 argc=4 site=70166E1C
gcalls seq=009521 caller=QUEST1 target=70168717 DIST                 argc=4 site=70166E1C
gcalls seq=009522 caller=QUEST2 target=70168717 DIST                 argc=4 site=70166E1C
gcalls seq=009526 caller=QUEST1 target=70168717 DIST                 argc=4 site=70166E1C
gcalls seq=009527 caller=QUEST1 target=70168717 DIST                 argc=4 site=70166E1C
gcalls seq=009528 caller=QUEST1 target=70168717 DIST                 argc=4 site=70166E1C
gcalls seq=009529 caller=QUEST2 target=70168717 DIST                 argc=4 site=70166E1C
gcalls seq=009533 caller=QUEST2 target=70168717 DIST                 argc=4 site=70166E1C
gcalls seq=009537 caller=QUEST2 target=70168717 DIST                 argc=4 site=70166E1C
gcalls seq=009541 caller=QUEST1 target=70168717 DIST                 argc=4 site=70166E1C
gcalls seq=009542 caller=QUEST1 target=70168717 DIST                 argc=4 site=70166E1C
gcalls seq=009543 caller=QUEST2 target=70168717 DIST                 argc=4 site=70166E1C
gcalls seq=009547 caller=QUEST2 target=70168717 DIST                 argc=4 site=70166E1C
gcalls seq=009551 caller=QUEST1 target=70168717 DIST                 argc=4 site=70166E1C
gcalls seq=009552 caller=QUEST1 target=70168717 DIST                 argc=4 site=70166E1C
gcalls seq=009553 caller=QUEST2 target=70168717 DIST                 argc=4 site=70166E1C
gcalls seq=009557 caller=QUEST2 target=70168717 DIST                 argc=4 site=70166E1C
gcalls seq=009558 caller=QUEST1 target=70168717 DIST                 argc=4 site=70166E1C
gcalls seq=009559 caller=QUEST1 target=70168717 DIST                 argc=4 site=70166E1C
gcalls seq=009563 caller=QUEST2 target=70168717 DIST                 argc=4 site=70166E1C
gcalls seq=009567 caller=QUEST2 target=70168717 DIST                 argc=4 site=70166E1C
gcalls seq=009571 caller=QUEST1 target=70168717 DIST                 argc=4 site=70166E1C
gcalls seq=009572 caller=QUEST1 target=70168717 DIST                 argc=4 site=70166E1C
gcalls seq=009573 caller=QUEST1 target=70168717 DIST                 argc=4 site=70166E1C
gcalls seq=009574 caller=QUEST2 target=70168717 DIST                 argc=4 site=70166E1C
gcalls seq=009578 caller=QUEST2 target=70168717 DIST                 argc=4 site=70166E1C
gcalls seq=009582 caller=QUEST2 target=70168717 DIST                 argc=4 site=70166E1C
gcalls seq=009584 caller=QUEST1 target=70168717 DIST                 argc=4 site=70166E1C
gcalls seq=009587 caller=QUEST2 target=70168717 DIST                 argc=4 site=70166E1C
gcalls seq=009589 caller=QUEST1 target=70168717 DIST                 argc=4 site=70166E1C
gcalls seq=009590 caller=QUEST1 target=70168717 DIST                 argc=4 site=70166E1C
gcalls seq=009593 caller=QUEST2 target=70168717 DIST                 argc=4 site=70166E1C
gcalls seq=009597 caller=QUEST2 target=70168717 DIST                 argc=4 site=70166E1C
gcalls seq=009601 caller=QUEST1 target=70168717 DIST                 argc=4 site=70166E1C
gcalls seq=009602 caller=QUEST1 target=70168717 DIST                 argc=4 site=70166E1C
gcalls seq=009603 caller=QUEST1 target=70168717 DIST                 argc=4 site=70166E1C
gcalls seq=009604 caller=QUEST2 target=70168717 DIST                 argc=4 site=70166E1C
gcalls seq=009608 caller=QUEST2 target=70168717 DIST                 argc=4 site=70166E1C
gcalls seq=009612 caller=QUEST2 target=70168717 DIST                 argc=4 site=70166E1C
gcalls seq=009615 caller=QUEST1 target=70168717 DIST                 argc=4 site=70166E1C
gcalls seq=009617 caller=QUEST2 target=70168717 DIST                 argc=4 site=70166E1C
gcalls seq=009620 caller=QUEST1 target=70168717 DIST                 argc=4 site=70166E1C
gcalls seq=009621 caller=QUEST1 target=70168717 DIST                 argc=4 site=70166E1C
gcalls seq=009623 caller=QUEST2 target=70168717 DIST                 argc=4 site=70166E1C
gcalls seq=009627 caller=QUEST2 target=70168717 DIST                 argc=4 site=70166E1C
gcalls seq=009631 caller=QUEST1 target=70168717 DIST                 argc=4 site=70166E1C
gcalls seq=009632 caller=QUEST1 target=70168717 DIST                 argc=4 site=70166E1C
gcalls seq=009633 caller=QUEST1 target=70168717 DIST                 argc=4 site=70166E1C
gcalls seq=009634 caller=QUEST2 target=70168717 DIST                 argc=4 site=70166E1C
gcalls seq=009638 caller=QUEST2 target=70168717 DIST                 argc=4 site=70166E1C
gcalls seq=009642 caller=QUEST2 target=70168717 DIST                 argc=4 site=70166E1C
gcalls seq=009645 caller=QUEST1 target=70168717 DIST                 argc=4 site=70166E1C
gcalls seq=009647 caller=QUEST2 target=70168717 DIST                 argc=4 site=70166E1C
gcalls seq=009650 caller=QUEST1 target=70168717 DIST                 argc=4 site=70166E1C
gcalls seq=009651 caller=QUEST1 target=70168717 DIST                 argc=4 site=70166E1C
gcalls seq=009653 caller=QUEST2 target=70168717 DIST                 argc=4 site=70166E1C
gcalls seq=009657 caller=QUEST2 target=70168717 DIST                 argc=4 site=70166E1C
gcalls seq=009661 caller=QUEST1 target=70168717 DIST                 argc=4 site=70166E1C
gcalls seq=009662 caller=QUEST1 target=70168717 DIST                 argc=4 site=70166E1C
gcalls seq=009663 caller=QUEST1 target=70168717 DIST                 argc=4 site=70166E1C
gcalls seq=009664 caller=QUEST2 target=70168717 DIST                 argc=4 site=70166E1C
gcalls seq=009668 caller=QUEST2 target=70168717 DIST                 argc=4 site=70166E1C
gcalls seq=009672 caller=QUEST2 target=70168717 DIST                 argc=4 site=70166E1C
gcalls seq=009676 caller=QUEST1 target=70168717 DIST                 argc=4 site=70166E1C
gcalls seq=009677 caller=QUEST1 target=70168717 DIST                 argc=4 site=70166E1C
gcalls seq=009678 caller=QUEST1 target=70168717 DIST                 argc=4 site=70166E1C
gcalls seq=009679 caller=QUEST2 target=70168717 DIST                 argc=4 site=70166E1C
gcalls seq=009683 caller=QUEST2 target=70168717 DIST                 argc=4 site=70166E1C
gcalls seq=009687 caller=QUEST2 target=70168717 DIST                 argc=4 site=70166E1C
gcalls seq=009691 caller=QUEST1 target=70168717 DIST                 argc=4 site=70166E1C
gcalls seq=009692 caller=QUEST1 target=70168717 DIST                 argc=4 site=70166E1C
gcalls seq=009693 caller=QUEST1 target=70168717 DIST                 argc=4 site=70166E1C
gcalls seq=009694 caller=QUEST2 target=70168717 DIST                 argc=4 site=70166E1C
gcalls seq=009698 caller=QUEST2 target=70168717 DIST                 argc=4 site=70166E1C
gcalls seq=009702 caller=QUEST2 target=70168717 DIST                 argc=4 site=70166E1C
gcalls seq=009706 caller=QUEST1 target=70168717 DIST                 argc=4 site=70166E1C
gcalls seq=009707 caller=QUEST1 target=70168717 DIST                 argc=4 site=70166E1C
gcalls seq=009708 caller=QUEST1 target=70168717 DIST                 argc=4 site=70166E1C
gcalls seq=009709 caller=QUEST2 target=70168717 DIST                 argc=4 site=70166E1C
gcalls seq=009713 caller=QUEST2 target=70168717 DIST                 argc=4 site=70166E1C
gcalls seq=009717 caller=QUEST2 target=70168717 DIST                 argc=4 site=70166E1C
gcalls seq=009721 caller=QUEST1 target=70168717 DIST                 argc=4 site=70166E1C
gcalls seq=009722 caller=QUEST1 target=70168717 DIST                 argc=4 site=70166E1C
gcalls seq=009723 caller=QUEST1 target=70168717 DIST                 argc=4 site=70166E1C
gcalls seq=009724 caller=QUEST2 target=70168717 DIST                 argc=4 site=70166E1C
gcalls seq=009728 caller=QUEST2 target=70168717 DIST                 argc=4 site=70166E1C
gcalls seq=009732 caller=QUEST2 target=70168717 DIST                 argc=4 site=70166E1C
gcalls seq=009736 caller=QUEST1 target=70168717 DIST                 argc=4 site=70166E1C
gcalls seq=009737 caller=QUEST2 target=70168717 DIST                 argc=4 site=70166E1C
gcalls seq=009741 caller=QUEST1 target=70168717 DIST                 argc=4 site=70166E1C
gcalls seq=009742 caller=QUEST1 target=70168717 DIST                 argc=4 site=70166E1C
gcalls seq=009743 caller=QUEST2 target=70168717 DIST                 argc=4 site=70166E1C
gcalls seq=009747 caller=QUEST2 target=70168717 DIST                 argc=4 site=70166E1C
gcalls seq=009751 caller=QUEST1 target=70168717 DIST                 argc=4 site=70166E1C
gcalls seq=009752 caller=QUEST1 target=70168717 DIST                 argc=4 site=70166E1C
gcalls seq=009753 caller=QUEST1 target=70168717 DIST                 argc=4 site=70166E1C
gcalls seq=009754 caller=QUEST2 target=70168717 DIST                 argc=4 site=70166E1C
gcalls seq=009758 caller=QUEST2 target=70168717 DIST                 argc=4 site=70166E1C
gcalls seq=009762 caller=QUEST2 target=70168717 DIST                 argc=4 site=70166E1C
gcalls seq=009766 caller=QUEST1 target=70168717 DIST                 argc=4 site=70166E1C
gcalls seq=009767 caller=QUEST1 target=70168717 DIST                 argc=4 site=70166E1C
gcalls seq=009768 caller=QUEST2 target=70168717 DIST                 argc=4 site=70166E1C
gcalls seq=009772 caller=QUEST2 target=70168717 DIST                 argc=4 site=70166E1C
gcalls seq=009776 caller=QUEST1 target=70168717 DIST                 argc=4 site=70166E1C
gcalls seq=009777 caller=QUEST2 target=70168717 DIST                 argc=4 site=70166E1C
gcalls seq=009781 caller=QUEST1 target=70168717 DIST                 argc=4 site=70166E1C
gcalls seq=009782 caller=QUEST1 target=70168717 DIST                 argc=4 site=70166E1C
gcalls seq=009783 caller=QUEST1 target=70168717 DIST                 argc=4 site=70166E1C
gcalls seq=009784 caller=QUEST2 target=70168717 DIST                 argc=4 site=70166E1C
gcalls seq=009788 caller=QUEST2 target=70168717 DIST                 argc=4 site=70166E1C
gcalls seq=009792 caller=QUEST2 target=70168717 DIST                 argc=4 site=70166E1C
gcalls seq=009796 caller=QUEST1 target=70168717 DIST                 argc=4 site=70166E1C
gcalls seq=009797 caller=QUEST1 target=70168717 DIST                 argc=4 site=70166E1C
gcalls seq=009798 caller=QUEST1 target=70168717 DIST                 argc=4 site=70166E1C
gcalls seq=009799 caller=QUEST2 target=70168717 DIST                 argc=4 site=70166E1C
gcalls seq=009803 caller=QUEST2 target=70168717 DIST                 argc=4 site=70166E1C
gcalls seq=009807 caller=QUEST2 target=70168717 DIST                 argc=4 site=70166E1C
gcalls seq=009811 caller=QUEST1 target=70168717 DIST                 argc=4 site=70166E1C
gcalls seq=009812 caller=QUEST2 target=70168717 DIST                 argc=4 site=70166E1C
gcalls seq=009816 caller=QUEST1 target=70168717 DIST                 argc=4 site=70166E1C
gcalls seq=009817 caller=QUEST1 target=70168717 DIST                 argc=4 site=70166E1C
gcalls seq=009818 caller=QUEST2 target=70168717 DIST                 argc=4 site=70166E1C
gcalls seq=009822 caller=QUEST2 target=70168717 DIST                 argc=4 site=70166E1C
gcalls seq=009826 caller=QUEST1 target=70168717 DIST                 argc=4 site=70166E1C
gcalls seq=009827 caller=QUEST1 target=70168717 DIST                 argc=4 site=70166E1C
gcalls seq=009828 caller=QUEST1 target=70168717 DIST                 argc=4 site=70166E1C
gcalls seq=009829 caller=QUEST2 target=70168717 DIST                 argc=4 site=70166E1C
gcalls seq=009833 caller=QUEST2 target=70168717 DIST                 argc=4 site=70166E1C
gcalls seq=009837 caller=QUEST2 target=70168717 DIST                 argc=4 site=70166E1C
gcalls seq=009841 caller=QUEST1 target=70168717 DIST                 argc=4 site=70166E1C
gcalls seq=009842 caller=QUEST2 target=70168717 DIST                 argc=4 site=70166E1C
gcalls seq=009844 caller=QUEST1 target=70168717 DIST                 argc=4 site=70166E1C
gcalls seq=009845 caller=QUEST1 target=70168717 DIST                 argc=4 site=70166E1C
gcalls seq=009848 caller=QUEST2 target=70168717 DIST                 argc=4 site=70166E1C
gcalls seq=009852 caller=QUEST2 target=70168717 DIST                 argc=4 site=70166E1C
gcalls seq=009856 caller=QUEST1 target=70168717 DIST                 argc=4 site=70166E1C
gcalls seq=009857 caller=QUEST1 target=70168717 DIST                 argc=4 site=70166E1C
gcalls seq=009858 caller=QUEST1 target=70168717 DIST                 argc=4 site=70166E1C
gcalls seq=009859 caller=QUEST2 target=70168717 DIST                 argc=4 site=70166E1C
gcalls seq=009863 caller=QUEST2 target=70168717 DIST                 argc=4 site=70166E1C
gcalls seq=009867 caller=QUEST2 target=70168717 DIST                 argc=4 site=70166E1C
gcalls seq=009871 caller=QUEST1 target=70168717 DIST                 argc=4 site=70166E1C
gcalls seq=009872 caller=QUEST2 target=70168717 DIST                 argc=4 site=70166E1C
gcalls seq=009875 caller=QUEST1 target=70168717 DIST                 argc=4 site=70166E1C
gcalls seq=009876 caller=QUEST1 target=70168717 DIST                 argc=4 site=70166E1C
gcalls seq=009878 caller=QUEST2 target=70168717 DIST                 argc=4 site=70166E1C
gcalls seq=009882 caller=QUEST2 target=70168717 DIST                 argc=4 site=70166E1C
gcalls seq=009886 caller=QUEST1 target=70168717 DIST                 argc=4 site=70166E1C
gcalls seq=009887 caller=QUEST1 target=70168717 DIST                 argc=4 site=70166E1C
gcalls seq=009888 caller=QUEST1 target=70168717 DIST                 argc=4 site=70166E1C
gcalls seq=009889 caller=QUEST2 target=70168717 DIST                 argc=4 site=70166E1C
gcalls seq=009893 caller=QUEST2 target=70168717 DIST                 argc=4 site=70166E1C
gcalls seq=009897 caller=QUEST2 target=70168717 DIST                 argc=4 site=70166E1C
gcalls seq=009901 caller=QUEST1 target=70168717 DIST                 argc=4 site=70166E1C
gcalls seq=009902 caller=QUEST1 target=70168717 DIST                 argc=4 site=70166E1C
gcalls seq=009903 caller=QUEST2 target=70168717 DIST                 argc=4 site=70166E1C
gcalls seq=009907 caller=QUEST2 target=70168717 DIST                 argc=4 site=70166E1C
gcalls seq=009910 caller=QUEST1 target=70168717 DIST                 argc=4 site=70166E1C
gcalls seq=009912 caller=QUEST2 target=70168717 DIST                 argc=4 site=70166E1C
gcalls seq=009916 caller=QUEST1 target=70168717 DIST                 argc=4 site=70166E1C
gcalls seq=009917 caller=QUEST1 target=70168717 DIST                 argc=4 site=70166E1C
gcalls seq=009918 caller=QUEST1 target=70168717 DIST                 argc=4 site=70166E1C
gcalls seq=009919 caller=QUEST2 target=70168717 DIST                 argc=4 site=70166E1C
gcalls seq=009923 caller=QUEST2 target=70168717 DIST                 argc=4 site=70166E1C
gcalls seq=009927 caller=QUEST2 target=70168717 DIST                 argc=4 site=70166E1C
gcalls seq=009931 caller=QUEST1 target=70168717 DIST                 argc=4 site=70166E1C
gcalls seq=009932 caller=QUEST1 target=70168717 DIST                 argc=4 site=70166E1C
gcalls seq=009933 caller=QUEST1 target=70168717 DIST                 argc=4 site=70166E1C
gcalls seq=009934 caller=QUEST2 target=70168717 DIST                 argc=4 site=70166E1C
gcalls seq=009938 caller=QUEST2 target=70168717 DIST                 argc=4 site=70166E1C
gcalls seq=009942 caller=QUEST2 target=70168717 DIST                 argc=4 site=70166E1C
gcalls seq=009945 caller=QUEST1 target=70168717 DIST                 argc=4 site=70166E1C
gcalls seq=009947 caller=QUEST2 target=70168717 DIST                 argc=4 site=70166E1C
gcalls seq=009950 caller=QUEST1 target=70168717 DIST                 argc=4 site=70166E1C
gcalls seq=009951 caller=QUEST1 target=70168717 DIST                 argc=4 site=70166E1C
gcalls seq=009953 caller=QUEST2 target=70168717 DIST                 argc=4 site=70166E1C
gcalls seq=009957 caller=QUEST2 target=70168717 DIST                 argc=4 site=70166E1C
gcalls seq=009961 caller=QUEST1 target=70168717 DIST                 argc=4 site=70166E1C
gcalls seq=009962 caller=QUEST1 target=70168717 DIST                 argc=4 site=70166E1C
gcalls seq=009963 caller=QUEST1 target=70168717 DIST                 argc=4 site=70166E1C
gcalls seq=009964 caller=QUEST2 target=70168717 DIST                 argc=4 site=70166E1C
gcalls seq=009968 caller=QUEST2 target=70168717 DIST                 argc=4 site=70166E1C
gcalls seq=009972 caller=QUEST2 target=70168717 DIST                 argc=4 site=70166E1C
gcalls seq=009976 caller=QUEST1 target=70168717 DIST                 argc=4 site=70166E1C
gcalls seq=009977 caller=QUEST1 target=70168717 DIST                 argc=4 site=70166E1C
gcalls seq=009978 caller=QUEST2 target=70168717 DIST                 argc=4 site=70166E1C
gcalls seq=009982 caller=QUEST2 target=70168717 DIST                 argc=4 site=70166E1C
gcalls seq=009985 caller=QUEST1 target=70168717 DIST                 argc=4 site=70166E1C
gcalls seq=009987 caller=QUEST2 target=70168717 DIST                 argc=4 site=70166E1C
gcalls seq=009991 caller=QUEST1 target=70168717 DIST                 argc=4 site=70166E1C
gcalls seq=009992 caller=QUEST1 target=70168717 DIST                 argc=4 site=70166E1C
gcalls seq=009993 caller=QUEST1 target=70168717 DIST                 argc=4 site=70166E1C
gcalls seq=009994 caller=QUEST2 target=70168717 DIST                 argc=4 site=70166E1C
gcalls seq=009998 caller=QUEST2 target=70168717 DIST                 argc=4 site=70166E1C
gcalls seq=010002 caller=QUEST2 target=70168717 DIST                 argc=4 site=70166E1C
gcalls seq=010006 caller=QUEST1 target=70168717 DIST                 argc=4 site=70166E1C
gcalls seq=010007 caller=QUEST2 target=70168717 DIST                 argc=4 site=70166E1C
gcalls seq=010011 caller=QUEST1 target=70168717 DIST                 argc=4 site=70166E1C
gcalls seq=010012 caller=QUEST1 target=70168717 DIST                 argc=4 site=70166E1C
gcalls seq=010013 caller=QUEST2 target=70168717 DIST                 argc=4 site=70166E1C
gcalls seq=010017 caller=QUEST2 target=70168717 DIST                 argc=4 site=70166E1C
gcalls seq=010021 caller=QUEST1 target=70168717 DIST                 argc=4 site=70166E1C
gcalls seq=010022 caller=QUEST1 target=70168717 DIST                 argc=4 site=70166E1C
gcalls seq=010023 caller=QUEST1 target=70168717 DIST                 argc=4 site=70166E1C
gcalls seq=010024 caller=QUEST2 target=70168717 DIST                 argc=4 site=70166E1C
gcalls seq=010028 caller=QUEST2 target=70168717 DIST                 argc=4 site=70166E1C
gcalls seq=010032 caller=QUEST2 target=70168717 DIST                 argc=4 site=70166E1C
gcalls seq=010036 caller=QUEST1 target=70168717 DIST                 argc=4 site=70166E1C
gcalls seq=010037 caller=QUEST2 target=70168717 DIST                 argc=4 site=70166E1C
gcalls seq=010041 caller=QUEST1 target=70168717 DIST                 argc=4 site=70166E1C
gcalls seq=010042 caller=QUEST1 target=70168717 DIST                 argc=4 site=70166E1C
gcalls seq=010043 caller=QUEST2 target=70168717 DIST                 argc=4 site=70166E1C
gcalls seq=010047 caller=QUEST2 target=70168717 DIST                 argc=4 site=70166E1C
gcalls seq=010051 caller=QUEST1 target=70168717 DIST                 argc=4 site=70166E1C
gcalls seq=010052 caller=QUEST1 target=70168717 DIST                 argc=4 site=70166E1C
gcalls seq=010053 caller=QUEST1 target=70168717 DIST                 argc=4 site=70166E1C
gcalls seq=010054 caller=QUEST2 target=70168717 DIST                 argc=4 site=70166E1C
gcalls seq=010058 caller=QUEST2 target=70168717 DIST                 argc=4 site=70166E1C
gcalls seq=010062 caller=QUEST2 target=70168717 DIST                 argc=4 site=70166E1C
gcalls seq=010066 caller=QUEST1 target=70168717 DIST                 argc=4 site=70166E1C
gcalls seq=010067 caller=QUEST1 target=70168717 DIST                 argc=4 site=70166E1C
gcalls seq=010068 caller=QUEST2 target=70168717 DIST                 argc=4 site=70166E1C
gcalls seq=010072 caller=QUEST2 target=70168717 DIST                 argc=4 site=70166E1C
gcalls seq=010076 caller=QUEST1 target=70168717 DIST                 argc=4 site=70166E1C
gcalls seq=010077 caller=QUEST2 target=70168717 DIST                 argc=4 site=70166E1C
gcalls seq=010081 caller=QUEST1 target=70168717 DIST                 argc=4 site=70166E1C
gcalls seq=010082 caller=QUEST1 target=70168717 DIST                 argc=4 site=70166E1C
gcalls seq=010083 caller=QUEST1 target=70168717 DIST                 argc=4 site=70166E1C
gcalls seq=010084 caller=QUEST2 target=70168717 DIST                 argc=4 site=70166E1C
gcalls seq=010088 caller=QUEST2 target=70168717 DIST                 argc=4 site=70166E1C
gcalls seq=010092 caller=QUEST2 target=70168717 DIST                 argc=4 site=70166E1C
gcalls seq=010096 caller=QUEST1 target=70168717 DIST                 argc=4 site=70166E1C
gcalls seq=010097 caller=QUEST1 target=70168717 DIST                 argc=4 site=70166E1C
gcalls seq=010098 caller=QUEST1 target=70168717 DIST                 argc=4 site=70166E1C
gcalls seq=010099 caller=QUEST2 target=70168717 DIST                 argc=4 site=70166E1C
gcalls seq=010103 caller=QUEST2 target=70168717 DIST                 argc=4 site=70166E1C
gcalls seq=010107 caller=QUEST2 target=70168717 DIST                 argc=4 site=70166E1C
gcalls seq=010111 caller=QUEST1 target=70168717 DIST                 argc=4 site=70166E1C
gcalls seq=010112 caller=QUEST2 target=70168717 DIST                 argc=4 site=70166E1C
gcalls seq=010114 caller=QUEST1 target=70168717 DIST                 argc=4 site=70166E1C
gcalls seq=010115 caller=QUEST1 target=70168717 DIST                 argc=4 site=70166E1C
gcalls seq=010118 caller=QUEST2 target=70168717 DIST                 argc=4 site=70166E1C
gcalls seq=010122 caller=QUEST2 target=70168717 DIST                 argc=4 site=70166E1C
gcalls seq=010126 caller=QUEST1 target=70168717 DIST                 argc=4 site=70166E1C
gcalls seq=010127 caller=QUEST1 target=70168717 DIST                 argc=4 site=70166E1C
gcalls seq=010128 caller=QUEST1 target=70168717 DIST                 argc=4 site=70166E1C
gcalls seq=010129 caller=QUEST2 target=70168717 DIST                 argc=4 site=70166E1C
gcalls seq=010133 caller=QUEST2 target=70168717 DIST                 argc=4 site=70166E1C
gcalls seq=010137 caller=QUEST2 target=70168717 DIST                 argc=4 site=70166E1C
gcalls seq=010141 caller=QUEST1 target=70168717 DIST                 argc=4 site=70166E1C
gcalls seq=010142 caller=QUEST1 target=70168717 DIST                 argc=4 site=70166E1C
gcalls seq=010143 caller=QUEST2 target=70168717 DIST                 argc=4 site=70166E1C
gcalls seq=010147 caller=QUEST2 target=70168717 DIST                 argc=4 site=70166E1C
gcalls seq=010150 caller=QUEST1 target=70168717 DIST                 argc=4 site=70166E1C
gcalls seq=010152 caller=QUEST2 target=70168717 DIST                 argc=4 site=70166E1C
gcalls seq=010156 caller=QUEST1 target=70168717 DIST                 argc=4 site=70166E1C
gcalls seq=010157 caller=QUEST1 target=70168717 DIST                 argc=4 site=70166E1C
gcalls seq=010158 caller=QUEST1 target=70168717 DIST                 argc=4 site=70166E1C
gcalls seq=010159 caller=QUEST2 target=70168717 DIST                 argc=4 site=70166E1C
gcalls seq=010163 caller=QUEST2 target=70168717 DIST                 argc=4 site=70166E1C
gcalls seq=010167 caller=QUEST2 target=70168717 DIST                 argc=4 site=70166E1C
gcalls seq=010171 caller=QUEST1 target=70168717 DIST                 argc=4 site=70166E1C
gcalls seq=010172 caller=QUEST2 target=70168717 DIST                 argc=4 site=70166E1C
gcalls seq=010175 caller=QUEST1 target=70168717 DIST                 argc=4 site=70166E1C
gcalls seq=010176 caller=QUEST1 target=70168717 DIST                 argc=4 site=70166E1C
gcalls seq=010178 caller=QUEST2 target=70168717 DIST                 argc=4 site=70166E1C
gcalls seq=010182 caller=QUEST2 target=70168717 DIST                 argc=4 site=70166E1C
gcalls seq=010186 caller=QUEST1 target=70168717 DIST                 argc=4 site=70166E1C
gcalls seq=010187 caller=QUEST1 target=70168717 DIST                 argc=4 site=70166E1C
gcalls seq=010188 caller=QUEST1 target=70168717 DIST                 argc=4 site=70166E1C
gcalls seq=010189 caller=QUEST2 target=70168717 DIST                 argc=4 site=70166E1C
gcalls seq=010193 caller=QUEST2 target=70168717 DIST                 argc=4 site=70166E1C
gcalls seq=010197 caller=QUEST2 target=70168717 DIST                 argc=4 site=70166E1C
gcalls seq=010201 caller=QUEST1 target=70168717 DIST                 argc=4 site=70166E1C
gcalls seq=010202 caller=QUEST2 target=70168717 DIST                 argc=4 site=70166E1C
gcalls seq=010206 caller=QUEST1 target=70168717 DIST                 argc=4 site=70166E1C
gcalls seq=010207 caller=QUEST1 target=70168717 DIST                 argc=4 site=70166E1C
gcalls seq=010208 caller=QUEST2 target=70168717 DIST                 argc=4 site=70166E1C
gcalls seq=010212 caller=QUEST2 target=70168717 DIST                 argc=4 site=70166E1C
gcalls seq=010216 caller=QUEST1 target=70168717 DIST                 argc=4 site=70166E1C
gcalls seq=010217 caller=QUEST1 target=70168717 DIST                 argc=4 site=70166E1C
gcalls seq=010218 caller=QUEST1 target=70168717 DIST                 argc=4 site=70166E1C
gcalls seq=010219 caller=QUEST2 target=70168717 DIST                 argc=4 site=70166E1C
gcalls seq=010223 caller=QUEST2 target=70168717 DIST                 argc=4 site=70166E1C
gcalls seq=010227 caller=QUEST2 target=70168717 DIST                 argc=4 site=70166E1C
gcalls seq=010231 caller=QUEST1 target=70168717 DIST                 argc=4 site=70166E1C
gcalls seq=010232 caller=QUEST1 target=70168717 DIST                 argc=4 site=70166E1C
gcalls seq=010233 caller=QUEST2 target=70168717 DIST                 argc=4 site=70166E1C
gcalls seq=010237 caller=QUEST2 target=70168717 DIST                 argc=4 site=70166E1C
gcalls seq=010241 caller=QUEST1 target=70168717 DIST                 argc=4 site=70166E1C
gcalls seq=010242 caller=QUEST2 target=70168717 DIST                 argc=4 site=70166E1C
gcalls seq=010246 caller=QUEST1 target=70168717 DIST                 argc=4 site=70166E1C
gcalls seq=010247 caller=QUEST1 target=70168717 DIST                 argc=4 site=70166E1C
gcalls seq=010248 caller=QUEST1 target=70168717 DIST                 argc=4 site=70166E1C
gcalls seq=010249 caller=QUEST2 target=70168717 DIST                 argc=4 site=70166E1C
gcalls seq=010253 caller=QUEST2 target=70168717 DIST                 argc=4 site=70166E1C
gcalls seq=010257 caller=QUEST2 target=70168717 DIST                 argc=4 site=70166E1C
gcalls seq=010261 caller=QUEST1 target=70168717 DIST                 argc=4 site=70166E1C
gcalls seq=010262 caller=QUEST1 target=70168717 DIST                 argc=4 site=70166E1C
gcalls seq=010263 caller=QUEST1 target=70168717 DIST                 argc=4 site=70166E1C
gcalls seq=010264 caller=QUEST2 target=70168717 DIST                 argc=4 site=70166E1C
gcalls seq=010268 caller=QUEST2 target=70168717 DIST                 argc=4 site=70166E1C
gcalls seq=010272 caller=QUEST2 target=70168717 DIST                 argc=4 site=70166E1C
gcalls seq=010276 caller=QUEST1 target=70168717 DIST                 argc=4 site=70166E1C
gcalls seq=010277 caller=QUEST1 target=70168717 DIST                 argc=4 site=70166E1C
gcalls seq=010278 caller=QUEST1 target=70168717 DIST                 argc=4 site=70166E1C
gcalls seq=010279 caller=QUEST2 target=70168717 DIST                 argc=4 site=70166E1C
gcalls seq=010283 caller=QUEST2 target=70168717 DIST                 argc=4 site=70166E1C
gcalls seq=010287 caller=QUEST2 target=70168717 DIST                 argc=4 site=70166E1C
gcalls seq=010291 caller=QUEST1 target=70168717 DIST                 argc=4 site=70166E1C
gcalls seq=010292 caller=QUEST1 target=70168717 DIST                 argc=4 site=70166E1C
gcalls seq=010293 caller=QUEST1 target=70168717 DIST                 argc=4 site=70166E1C
gcalls seq=010294 caller=QUEST2 target=70168717 DIST                 argc=4 site=70166E1C
gcalls seq=010298 caller=QUEST2 target=70168717 DIST                 argc=4 site=70166E1C
gcalls seq=010302 caller=QUEST2 target=70168717 DIST                 argc=4 site=70166E1C
gcalls seq=010304 caller=QUEST1 target=70168717 DIST                 argc=4 site=70166E1C
gcalls seq=010307 caller=QUEST2 target=70168717 DIST                 argc=4 site=70166E1C
gcalls seq=010309 caller=QUEST1 target=70168717 DIST                 argc=4 site=70166E1C
gcalls seq=010310 caller=QUEST1 target=70168717 DIST                 argc=4 site=70166E1C
gcalls seq=010313 caller=QUEST2 target=70168717 DIST                 argc=4 site=70166E1C
gcalls seq=010317 caller=QUEST2 target=70168717 DIST                 argc=4 site=70166E1C
gcalls seq=010321 caller=QUEST1 target=70168717 DIST                 argc=4 site=70166E1C
gcalls seq=010322 caller=QUEST1 target=70168717 DIST                 argc=4 site=70166E1C
gcalls seq=010323 caller=QUEST1 target=70168717 DIST                 argc=4 site=70166E1C
gcalls seq=010324 caller=QUEST2 target=70168717 DIST                 argc=4 site=70166E1C
gcalls seq=010328 caller=QUEST2 target=70168717 DIST                 argc=4 site=70166E1C
gcalls seq=010332 caller=QUEST2 target=70168717 DIST                 argc=4 site=70166E1C
gcalls seq=010336 caller=QUEST1 target=70168717 DIST                 argc=4 site=70166E1C
gcalls seq=010337 caller=QUEST1 target=70168717 DIST                 argc=4 site=70166E1C
gcalls seq=010338 caller=QUEST1 target=70168717 DIST                 argc=4 site=70166E1C
gcalls seq=010339 caller=QUEST2 target=70168717 DIST                 argc=4 site=70166E1C
gcalls seq=010343 caller=QUEST2 target=70168717 DIST                 argc=4 site=70166E1C
gcalls seq=010347 caller=QUEST2 target=70168717 DIST                 argc=4 site=70166E1C
gcalls seq=010351 caller=QUEST1 target=70168717 DIST                 argc=4 site=70166E1C
gcalls seq=010352 caller=QUEST1 target=70168717 DIST                 argc=4 site=70166E1C
gcalls seq=010353 caller=QUEST1 target=70168717 DIST                 argc=4 site=70166E1C
gcalls seq=010354 caller=QUEST2 target=70168717 DIST                 argc=4 site=70166E1C
gcalls seq=010358 caller=QUEST2 target=70168717 DIST                 argc=4 site=70166E1C
gcalls seq=010362 caller=QUEST2 target=70168717 DIST                 argc=4 site=70166E1C
gcalls seq=010366 caller=QUEST1 target=70168717 DIST                 argc=4 site=70166E1C
gcalls seq=010367 caller=QUEST1 target=70168717 DIST                 argc=4 site=70166E1C
gcalls seq=010368 caller=QUEST1 target=70168717 DIST                 argc=4 site=70166E1C
gcalls seq=010369 caller=QUEST2 target=70168717 DIST                 argc=4 site=70166E1C
gcalls seq=010373 caller=QUEST2 target=70168717 DIST                 argc=4 site=70166E1C
gcalls seq=010377 caller=QUEST2 target=70168717 DIST                 argc=4 site=70166E1C
gcalls seq=010381 caller=QUEST1 target=70168717 DIST                 argc=4 site=70166E1C
gcalls seq=010382 caller=QUEST1 target=70168717 DIST                 argc=4 site=70166E1C
gcalls seq=010383 caller=QUEST1 target=70168717 DIST                 argc=4 site=70166E1C
gcalls seq=010384 caller=QUEST2 target=70168717 DIST                 argc=4 site=70166E1C
gcalls seq=010388 caller=QUEST2 target=70168717 DIST                 argc=4 site=70166E1C
gcalls seq=010392 caller=QUEST2 target=70168717 DIST                 argc=4 site=70166E1C
gcalls seq=010395 caller=QUEST1 target=70168717 DIST                 argc=4 site=70166E1C
gcalls seq=010397 caller=QUEST2 target=70168717 DIST                 argc=4 site=70166E1C
gcalls seq=010401 caller=QUEST1 target=70168717 DIST                 argc=4 site=70166E1C
gcalls seq=010402 caller=QUEST1 target=70168717 DIST                 argc=4 site=70166E1C
gcalls seq=010403 caller=QUEST2 target=70168717 DIST                 argc=4 site=70166E1C
gcalls seq=010407 caller=QUEST2 target=70168717 DIST                 argc=4 site=70166E1C
gcalls seq=010411 caller=QUEST1 target=70168717 DIST                 argc=4 site=70166E1C
gcalls seq=010412 caller=QUEST1 target=70168717 DIST                 argc=4 site=70166E1C
gcalls seq=010413 caller=QUEST1 target=70168717 DIST                 argc=4 site=70166E1C
gcalls seq=010414 caller=QUEST2 target=70168717 DIST                 argc=4 site=70166E1C
gcalls seq=010418 caller=QUEST2 target=70168717 DIST                 argc=4 site=70166E1C
gcalls seq=010422 caller=QUEST2 target=70168717 DIST                 argc=4 site=70166E1C
gcalls seq=010426 caller=QUEST1 target=70168717 DIST                 argc=4 site=70166E1C
gcalls seq=010427 caller=QUEST2 target=70168717 DIST                 argc=4 site=70166E1C
gcalls seq=010431 caller=QUEST1 target=70168717 DIST                 argc=4 site=70166E1C
gcalls seq=010432 caller=QUEST1 target=70168717 DIST                 argc=4 site=70166E1C
gcalls seq=010433 caller=QUEST2 target=70168717 DIST                 argc=4 site=70166E1C
gcalls seq=010437 caller=QUEST2 target=70168717 DIST                 argc=4 site=70166E1C
gcalls seq=010441 caller=QUEST1 target=70168717 DIST                 argc=4 site=70166E1C
gcalls seq=010442 caller=QUEST1 target=70168717 DIST                 argc=4 site=70166E1C
gcalls seq=010443 caller=QUEST1 target=70168717 DIST                 argc=4 site=70166E1C
gcalls seq=010444 caller=QUEST2 target=70168717 DIST                 argc=4 site=70166E1C
gcalls seq=010448 caller=QUEST2 target=70168717 DIST                 argc=4 site=70166E1C
gcalls seq=010452 caller=QUEST2 target=70168717 DIST                 argc=4 site=70166E1C
gcalls seq=010456 caller=QUEST1 target=70168717 DIST                 argc=4 site=70166E1C
gcalls seq=010457 caller=QUEST1 target=70168717 DIST                 argc=4 site=70166E1C
gcalls seq=010458 caller=QUEST1 target=70168717 DIST                 argc=4 site=70166E1C
gcalls seq=010459 caller=QUEST2 target=70168717 DIST                 argc=4 site=70166E1C
gcalls seq=010463 caller=QUEST2 target=70168717 DIST                 argc=4 site=70166E1C
gcalls seq=010467 caller=QUEST2 target=70168717 DIST                 argc=4 site=70166E1C
gcalls seq=010471 caller=QUEST1 target=70168717 DIST                 argc=4 site=70166E1C
gcalls seq=010472 caller=QUEST1 target=70168717 DIST                 argc=4 site=70166E1C
gcalls seq=010473 caller=QUEST1 target=70168717 DIST                 argc=4 site=70166E1C
gcalls seq=010474 caller=QUEST2 target=70168717 DIST                 argc=4 site=70166E1C
gcalls seq=010478 caller=QUEST2 target=70168717 DIST                 argc=4 site=70166E1C
gcalls seq=010482 caller=QUEST2 target=70168717 DIST                 argc=4 site=70166E1C
gcalls seq=010486 caller=QUEST1 target=70168717 DIST                 argc=4 site=70166E1C
gcalls seq=010487 caller=QUEST1 target=70168717 DIST                 argc=4 site=70166E1C
gcalls seq=010488 caller=QUEST1 target=70168717 DIST                 argc=4 site=70166E1C
gcalls seq=010489 caller=QUEST2 target=70168717 DIST                 argc=4 site=70166E1C
gcalls seq=010493 caller=QUEST2 target=70168717 DIST                 argc=4 site=70166E1C
gcalls seq=010497 caller=QUEST2 target=70168717 DIST                 argc=4 site=70166E1C
gcalls seq=010501 caller=QUEST1 target=70168717 DIST                 argc=4 site=70166E1C
gcalls seq=010502 caller=QUEST1 target=70168717 DIST                 argc=4 site=70166E1C
gcalls seq=010503 caller=QUEST2 target=70168717 DIST                 argc=4 site=70166E1C
gcalls seq=010507 caller=QUEST2 target=70168717 DIST                 argc=4 site=70166E1C
gcalls seq=010511 caller=QUEST1 target=70168717 DIST                 argc=4 site=70166E1C
gcalls seq=010512 caller=QUEST2 target=70168717 DIST                 argc=4 site=70166E1C
gcalls seq=010516 caller=QUEST1 target=70168717 DIST                 argc=4 site=70166E1C
gcalls seq=010517 caller=QUEST1 target=70168717 DIST                 argc=4 site=70166E1C
gcalls seq=010518 caller=QUEST1 target=70168717 DIST                 argc=4 site=70166E1C
gcalls seq=010519 caller=QUEST2 target=70168717 DIST                 argc=4 site=70166E1C
gcalls seq=010523 caller=QUEST2 target=70168717 DIST                 argc=4 site=70166E1C
gcalls seq=010527 caller=QUEST2 target=70168717 DIST                 argc=4 site=70166E1C
gcalls seq=010531 caller=QUEST1 target=70168717 DIST                 argc=4 site=70166E1C
gcalls seq=010532 caller=QUEST1 target=70168717 DIST                 argc=4 site=70166E1C
gcalls seq=010533 caller=QUEST1 target=70168717 DIST                 argc=4 site=70166E1C
gcalls seq=010534 caller=QUEST2 target=70168717 DIST                 argc=4 site=70166E1C
gcalls seq=010538 caller=QUEST2 target=70168717 DIST                 argc=4 site=70166E1C
gcalls seq=010542 caller=QUEST2 target=70168717 DIST                 argc=4 site=70166E1C
gcalls seq=010544 caller=QUEST1 target=70168717 DIST                 argc=4 site=70166E1C
gcalls seq=010547 caller=QUEST2 target=70168717 DIST                 argc=4 site=70166E1C
gcalls seq=010549 caller=QUEST1 target=70168717 DIST                 argc=4 site=70166E1C
gcalls seq=010550 caller=QUEST1 target=70168717 DIST                 argc=4 site=70166E1C
gcalls seq=010553 caller=QUEST2 target=70168717 DIST                 argc=4 site=70166E1C
gcalls seq=010557 caller=QUEST2 target=70168717 DIST                 argc=4 site=70166E1C
gcalls seq=010561 caller=QUEST1 target=70168717 DIST                 argc=4 site=70166E1C
gcalls seq=010562 caller=QUEST1 target=70168717 DIST                 argc=4 site=70166E1C
gcalls seq=010563 caller=QUEST1 target=70168717 DIST                 argc=4 site=70166E1C
gcalls seq=010564 caller=QUEST2 target=70168717 DIST                 argc=4 site=70166E1C
gcalls seq=010568 caller=QUEST2 target=70168717 DIST                 argc=4 site=70166E1C
gcalls seq=010572 caller=QUEST2 target=70168717 DIST                 argc=4 site=70166E1C
gcalls seq=010576 caller=QUEST1 target=70168717 DIST                 argc=4 site=70166E1C
gcalls seq=010577 caller=QUEST2 target=70168717 DIST                 argc=4 site=70166E1C
gcalls seq=010580 caller=QUEST1 target=70168717 DIST                 argc=4 site=70166E1C
gcalls seq=010581 caller=QUEST1 target=70168717 DIST                 argc=4 site=70166E1C
gcalls seq=010583 caller=QUEST2 target=70168717 DIST                 argc=4 site=70166E1C
gcalls seq=010587 caller=QUEST2 target=70168717 DIST                 argc=4 site=70166E1C
gcalls seq=010591 caller=QUEST1 target=70168717 DIST                 argc=4 site=70166E1C
gcalls seq=010592 caller=QUEST1 target=70168717 DIST                 argc=4 site=70166E1C
gcalls seq=010593 caller=QUEST1 target=70168717 DIST                 argc=4 site=70166E1C
gcalls seq=010594 caller=QUEST2 target=70168717 DIST                 argc=4 site=70166E1C
gcalls seq=010598 caller=QUEST2 target=70168717 DIST                 argc=4 site=70166E1C
gcalls seq=010602 caller=QUEST2 target=70168717 DIST                 argc=4 site=70166E1C
gcalls seq=010606 caller=QUEST1 target=70168717 DIST                 argc=4 site=70166E1C
gcalls seq=010607 caller=QUEST1 target=70168717 DIST                 argc=4 site=70166E1C
gcalls seq=010608 caller=QUEST1 target=70168717 DIST                 argc=4 site=70166E1C
gcalls seq=010609 caller=QUEST2 target=70168717 DIST                 argc=4 site=70166E1C
gcalls seq=010613 caller=QUEST2 target=70168717 DIST                 argc=4 site=70166E1C
gcalls seq=010617 caller=QUEST2 target=70168717 DIST                 argc=4 site=70166E1C
gcalls seq=010621 caller=QUEST1 target=70168717 DIST                 argc=4 site=70166E1C
gcalls seq=010622 caller=QUEST1 target=70168717 DIST                 argc=4 site=70166E1C
gcalls seq=010623 caller=QUEST1 target=70168717 DIST                 argc=4 site=70166E1C
gcalls seq=010624 caller=QUEST2 target=70168717 DIST                 argc=4 site=70166E1C
gcalls seq=010628 caller=QUEST2 target=70168717 DIST                 argc=4 site=70166E1C
gcalls seq=010632 caller=QUEST2 target=70168717 DIST                 argc=4 site=70166E1C
gcalls seq=010635 caller=QUEST1 target=70168717 DIST                 argc=4 site=70166E1C
gcalls seq=010637 caller=QUEST2 target=70168717 DIST                 argc=4 site=70166E1C
gcalls seq=010640 caller=QUEST1 target=70168717 DIST                 argc=4 site=70166E1C
gcalls seq=010641 caller=QUEST1 target=70168717 DIST                 argc=4 site=70166E1C
gcalls seq=010643 caller=QUEST2 target=70168717 DIST                 argc=4 site=70166E1C
gcalls seq=010647 caller=QUEST2 target=70168717 DIST                 argc=4 site=70166E1C
gcalls seq=010651 caller=QUEST1 target=70168717 DIST                 argc=4 site=70166E1C
gcalls seq=010652 caller=QUEST1 target=70168717 DIST                 argc=4 site=70166E1C
gcalls seq=010653 caller=QUEST1 target=70168717 DIST                 argc=4 site=70166E1C
gcalls seq=010654 caller=QUEST2 target=70168717 DIST                 argc=4 site=70166E1C
gcalls seq=010658 caller=QUEST2 target=70168717 DIST                 argc=4 site=70166E1C
gcalls seq=010662 caller=QUEST2 target=70168717 DIST                 argc=4 site=70166E1C
gcalls seq=010666 caller=QUEST1 target=70168717 DIST                 argc=4 site=70166E1C
gcalls seq=010667 caller=QUEST1 target=70168717 DIST                 argc=4 site=70166E1C
gcalls seq=010668 caller=QUEST1 target=70168717 DIST                 argc=4 site=70166E1C
gcalls seq=010669 caller=QUEST2 target=70168717 DIST                 argc=4 site=70166E1C
gcalls seq=010673 caller=QUEST2 target=70168717 DIST                 argc=4 site=70166E1C
gcalls seq=010677 caller=QUEST2 target=70168717 DIST                 argc=4 site=70166E1C
gcalls seq=010681 caller=QUEST1 target=70168717 DIST                 argc=4 site=70166E1C
gcalls seq=010682 caller=QUEST1 target=70168717 DIST                 argc=4 site=70166E1C
gcalls seq=010683 caller=QUEST1 target=70168717 DIST                 argc=4 site=70166E1C
gcalls seq=010684 caller=QUEST2 target=70168717 DIST                 argc=4 site=70166E1C
gcalls seq=010688 caller=QUEST2 target=70168717 DIST                 argc=4 site=70166E1C
gcalls seq=010692 caller=QUEST2 target=70168717 DIST                 argc=4 site=70166E1C
gcalls seq=010696 caller=QUEST1 target=70168717 DIST                 argc=4 site=70166E1C
gcalls seq=010697 caller=QUEST1 target=70168717 DIST                 argc=4 site=70166E1C
gcalls seq=010698 caller=QUEST1 target=70168717 DIST                 argc=4 site=70166E1C
gcalls seq=010699 caller=QUEST2 target=70168717 DIST                 argc=4 site=70166E1C
gcalls seq=010703 caller=QUEST2 target=70168717 DIST                 argc=4 site=70166E1C
gcalls seq=010707 caller=QUEST2 target=70168717 DIST                 argc=4 site=70166E1C
gcalls seq=010711 caller=QUEST1 target=70168717 DIST                 argc=4 site=70166E1C
gcalls seq=010712 caller=QUEST1 target=70168717 DIST                 argc=4 site=70166E1C
gcalls seq=010713 caller=QUEST1 target=70168717 DIST                 argc=4 site=70166E1C
gcalls seq=010714 caller=QUEST2 target=70168717 DIST                 argc=4 site=70166E1C
gcalls seq=010718 caller=QUEST2 target=70168717 DIST                 argc=4 site=70166E1C
gcalls seq=010722 caller=QUEST2 target=70168717 DIST                 argc=4 site=70166E1C
gcalls seq=010726 caller=QUEST1 target=70168717 DIST                 argc=4 site=70166E1C
gcalls seq=010727 caller=QUEST2 target=70168717 DIST                 argc=4 site=70166E1C
gcalls seq=010731 caller=QUEST1 target=70168717 DIST                 argc=4 site=70166E1C
gcalls seq=010732 caller=QUEST1 target=70168717 DIST                 argc=4 site=70166E1C
gcalls seq=010733 caller=QUEST2 target=70168717 DIST                 argc=4 site=70166E1C
gcalls seq=010737 caller=QUEST2 target=70168717 DIST                 argc=4 site=70166E1C
gcalls seq=010741 caller=QUEST1 target=70168717 DIST                 argc=4 site=70166E1C
gcalls seq=010742 caller=QUEST1 target=70168717 DIST                 argc=4 site=70166E1C
gcalls seq=010743 caller=QUEST1 target=70168717 DIST                 argc=4 site=70166E1C
gcalls seq=010744 caller=QUEST2 target=70168717 DIST                 argc=4 site=70166E1C
gcalls seq=010748 caller=QUEST2 target=70168717 DIST                 argc=4 site=70166E1C
gcalls seq=010752 caller=QUEST2 target=70168717 DIST                 argc=4 site=70166E1C
gcalls seq=010756 caller=QUEST1 target=70168717 DIST                 argc=4 site=70166E1C
gcalls seq=010757 caller=QUEST1 target=70168717 DIST                 argc=4 site=70166E1C
gcalls seq=010758 caller=QUEST2 target=70168717 DIST                 argc=4 site=70166E1C
gcalls seq=010762 caller=QUEST2 target=70168717 DIST                 argc=4 site=70166E1C
gcalls seq=010766 caller=QUEST1 target=70168717 DIST                 argc=4 site=70166E1C
gcalls seq=010767 caller=QUEST2 target=70168717 DIST                 argc=4 site=70166E1C
gcalls seq=010771 caller=QUEST1 target=70168717 DIST                 argc=4 site=70166E1C
gcalls seq=010772 caller=QUEST1 target=70168717 DIST                 argc=4 site=70166E1C
gcalls seq=010773 caller=QUEST1 target=70168717 DIST                 argc=4 site=70166E1C
gcalls seq=010774 caller=QUEST2 target=70168717 DIST                 argc=4 site=70166E1C
gcalls seq=010778 caller=QUEST2 target=70168717 DIST                 argc=4 site=70166E1C
gcalls seq=010782 caller=QUEST2 target=70168717 DIST                 argc=4 site=70166E1C
gcalls seq=010786 caller=QUEST1 target=70168717 DIST                 argc=4 site=70166E1C
gcalls seq=010787 caller=QUEST1 target=70168717 DIST                 argc=4 site=70166E1C
gcalls seq=010788 caller=QUEST1 target=70168717 DIST                 argc=4 site=70166E1C
gcalls seq=010789 caller=QUEST2 target=70168717 DIST                 argc=4 site=70166E1C
gcalls seq=010793 caller=QUEST2 target=70168717 DIST                 argc=4 site=70166E1C
gcalls seq=010797 caller=QUEST2 target=70168717 DIST                 argc=4 site=70166E1C
gcalls seq=010801 caller=QUEST1 target=70168717 DIST                 argc=4 site=70166E1C
gcalls seq=010802 caller=QUEST1 target=70168717 DIST                 argc=4 site=70166E1C
gcalls seq=010803 caller=QUEST2 target=70168717 DIST                 argc=4 site=70166E1C
gcalls seq=010807 caller=QUEST2 target=70168717 DIST                 argc=4 site=70166E1C
gcalls seq=010808 caller=QUEST1 target=70168717 DIST                 argc=4 site=70166E1C
gcalls seq=010812 caller=QUEST2 target=70168717 DIST                 argc=4 site=70166E1C
gcalls seq=010816 caller=QUEST1 target=70168717 DIST                 argc=4 site=70166E1C
gcalls seq=010817 caller=QUEST1 target=70168717 DIST                 argc=4 site=70166E1C
gcalls seq=010818 caller=QUEST1 target=70168717 DIST                 argc=4 site=70166E1C
gcalls seq=010819 caller=QUEST2 target=70168717 DIST                 argc=4 site=70166E1C
gcalls seq=010823 caller=QUEST2 target=70168717 DIST                 argc=4 site=70166E1C
gcalls seq=010827 caller=QUEST2 target=70168717 DIST                 argc=4 site=70166E1C
gcalls seq=010831 caller=QUEST1 target=70168717 DIST                 argc=4 site=70166E1C
gcalls seq=010832 caller=QUEST1 target=70168717 DIST                 argc=4 site=70166E1C
gcalls seq=010833 caller=QUEST1 target=70168717 DIST                 argc=4 site=70166E1C
gcalls seq=010834 caller=QUEST2 target=70168717 DIST                 argc=4 site=70166E1C
gcalls seq=010838 caller=QUEST2 target=70168717 DIST                 argc=4 site=70166E1C
gcalls seq=010842 caller=QUEST2 target=70168717 DIST                 argc=4 site=70166E1C
gcalls seq=010844 caller=QUEST1 target=70168717 DIST                 argc=4 site=70166E1C
gcalls seq=010847 caller=QUEST2 target=70168717 DIST                 argc=4 site=70166E1C
gcalls seq=010849 caller=QUEST1 target=70168717 DIST                 argc=4 site=70166E1C
gcalls seq=010850 caller=QUEST1 target=70168717 DIST                 argc=4 site=70166E1C
gcalls seq=010853 caller=QUEST2 target=70168717 DIST                 argc=4 site=70166E1C
gcalls seq=010857 caller=QUEST2 target=70168717 DIST                 argc=4 site=70166E1C
gcalls seq=010868 caller=QUEST1 target=7017CD71 TERRITORY            argc=6 site=701670EE
gcalls seq=010869 caller=QUEST2 target=7017CD71 TERRITORY            argc=6 site=701670EE
gcalls seq=010899 caller=QUEST1 target=701674B5 DISPLAY_INVENTORY    argc=1 site=70178BF9
gcalls seq=010900 caller=QUEST2 target=701674B5 DISPLAY_INVENTORY    argc=1 site=70178BF9
gcalls seq=011104 caller=QUEST1 target=7016AA35 GET_INPUT            argc=1 site=70178C3B
gcalls seq=011105 caller=QUEST2 target=7016AA35 GET_INPUT            argc=1 site=70178C3B
