gcalls seq=000076 caller=QUEST1 target=7015C005 QUEST                argc=0 site=7017EA51
gcalls seq=000077 caller=QUEST2 target=7015C005 QUEST                argc=0 site=7017EA51
gcalls seq=000143 caller=QUEST1 target=701766ED READ_IN              argc=0 site=7015C05F
gcalls seq=000144 caller=QUEST2 target=701766ED READ_IN              argc=0 site=7015C05F
gcalls seq=000158 caller=QUEST1 target=70175E9F LOGON                argc=0 site=7015C283
gcalls seq=000159 caller=QUEST2 target=70175E9F LOGON                argc=0 site=7015C283
gcalls seq=000194 caller=QUEST1 target=701766ED READ_IN              argc=0 site=70175F6B
gcalls seq=000195 caller=QUEST2 target=701766ED READ_IN              argc=0 site=70175F6B
gcalls seq=000217 caller=QUEST1 target=701766ED READ_IN              argc=0 site=70175FD3
gcalls seq=000218 caller=QUEST2 target=701766ED READ_IN              argc=0 site=70175FD3
gcalls seq=000264 caller=QUEST1 target=7016AA35 GET_INPUT            argc=1 site=701760C4
gcalls seq=000265 caller=QUEST2 target=7016AA35 GET_INPUT            argc=1 site=701760C4
gcalls seq=000291 caller=QUEST_SERVER target=7017B501 PICK_X_Y             argc=2 site=7017AD25
gcalls seq=000292 caller=QUEST_SERVER target=7017C098 ROLL32               argc=0 site=7017E21A
gcalls seq=000293 caller=QUEST_SERVER target=7017C098 ROLL32               argc=0 site=7017E21A
gcalls seq=000294 caller=QUEST_SERVER target=7017C098 ROLL32               argc=0 site=7017E21A
gcalls seq=000295 caller=QUEST_SERVER target=70178F4D FIND_OBJECT          argc=3 site=7017AD2F
gcalls seq=000296 caller=QUEST_SERVER target=7017B501 PICK_X_Y             argc=2 site=7017AD25
gcalls seq=000297 caller=QUEST_SERVER target=7017C098 ROLL32               argc=0 site=7017E21A
gcalls seq=000298 caller=QUEST_SERVER target=7017C098 ROLL32               argc=0 site=7017E21A
gcalls seq=000299 caller=QUEST_SERVER target=7017C098 ROLL32               argc=0 site=7017E21A
gcalls seq=000300 caller=QUEST_SERVER target=7017C098 ROLL32               argc=0 site=7017E21A
gcalls seq=000301 caller=QUEST_SERVER target=7017C098 ROLL32               argc=0 site=7017E21A
gcalls seq=000302 caller=QUEST_SERVER target=7017C098 ROLL32               argc=0 site=7017E21A
gcalls seq=000303 caller=QUEST_SERVER target=70178F4D FIND_OBJECT          argc=3 site=7017AD2F
gcalls seq=000304 caller=QUEST_SERVER target=7017C13B TERRITORY            argc=6 site=7017AD41
gcalls seq=000305 caller=QUEST_SERVER target=701782E8 SQR31?3              argc=0 site=7017C33E
gcalls seq=000306 caller=QUEST_SERVER target=701782E8 SQR31?3              argc=0 site=7017C33E
gcalls seq=000307 caller=QUEST_SERVER target=701782E8 SQR31?3              argc=0 site=7017C33E
gcalls seq=000308 caller=QUEST_SERVER target=701782E8 SQR31?3              argc=0 site=7017C33E
gcalls seq=000309 caller=QUEST_SERVER target=701782E8 SQR31?3              argc=0 site=7017C33E
gcalls seq=000310 caller=QUEST_SERVER target=701782E8 SQR31?3              argc=0 site=7017C33E
gcalls seq=000311 caller=QUEST_SERVER target=701782E8 SQR31?3              argc=0 site=7017C33E
gcalls seq=000312 caller=QUEST_SERVER target=701782E8 SQR31?3              argc=0 site=7017C33E
gcalls seq=000313 caller=QUEST_SERVER target=701782E8 SQR31?3              argc=0 site=7017C33E
gcalls seq=000314 caller=QUEST_SERVER target=701782E8 SQR31?3              argc=0 site=7017C33E
gcalls seq=000315 caller=QUEST_SERVER target=701782E8 SQR31?3              argc=0 site=7017C33E
gcalls seq=000316 caller=QUEST_SERVER target=701782E8 SQR31?3              argc=0 site=7017C33E
gcalls seq=000317 caller=QUEST_SERVER target=701782E8 SQR31?3              argc=0 site=7017C33E
gcalls seq=000318 caller=QUEST_SERVER target=701782E8 SQR31?3              argc=0 site=7017C33E
gcalls seq=000319 caller=QUEST_SERVER target=701782E8 SQR31?3              argc=0 site=7017C33E
gcalls seq=000320 caller=QUEST_SERVER target=701782E8 SQR31?3              argc=0 site=7017C33E
gcalls seq=000321 caller=QUEST_SERVER target=701782E8 SQR31?3              argc=0 site=7017C33E
gcalls seq=000322 caller=QUEST_SERVER target=701782E8 SQR31?3              argc=0 site=7017C33E
gcalls seq=000323 caller=QUEST_SERVER target=701782E8 SQR31?3              argc=0 site=7017C33E
gcalls seq=000324 caller=QUEST_SERVER target=701782E8 SQR31?3              argc=0 site=7017C33E
gcalls seq=000325 caller=QUEST_SERVER target=701782E8 SQR31?3              argc=0 site=7017C33E
gcalls seq=000326 caller=QUEST_SERVER target=701782E8 SQR31?3              argc=0 site=7017C33E
gcalls seq=000327 caller=QUEST_SERVER target=701782E8 SQR31?3              argc=0 site=7017C33E
gcalls seq=000328 caller=QUEST_SERVER target=701782E8 SQR31?3              argc=0 site=7017C33E
gcalls seq=000329 caller=QUEST_SERVER target=701782E8 SQR31?3              argc=0 site=7017C33E
gcalls seq=000330 caller=QUEST_SERVER target=701782E8 SQR31?3              argc=0 site=7017C33E
gcalls seq=000331 caller=QUEST_SERVER target=701782E8 SQR31?3              argc=0 site=7017C33E
gcalls seq=000332 caller=QUEST_SERVER target=701782E8 SQR31?3              argc=0 site=7017C33E
gcalls seq=000333 caller=QUEST_SERVER target=701782E8 SQR31?3              argc=0 site=7017C33E
gcalls seq=000334 caller=QUEST_SERVER target=701782E8 SQR31?3              argc=0 site=7017C33E
gcalls seq=000335 caller=QUEST_SERVER target=701782E8 SQR31?3              argc=0 site=7017C33E
gcalls seq=000336 caller=QUEST_SERVER target=701782E8 SQR31?3              argc=0 site=7017C33E
gcalls seq=000337 caller=QUEST_SERVER target=701782E8 SQR31?3              argc=0 site=7017C33E
gcalls seq=000338 caller=QUEST_SERVER target=701782E8 SQR31?3              argc=0 site=7017C33E
gcalls seq=000339 caller=QUEST_SERVER target=701782E8 SQR31?3              argc=0 site=7017C33E
gcalls seq=000340 caller=QUEST_SERVER target=701782E8 SQR31?3              argc=0 site=7017C33E
gcalls seq=000341 caller=QUEST_SERVER target=701782E8 SQR31?3              argc=0 site=7017C33E
gcalls seq=000342 caller=QUEST_SERVER target=701782E8 SQR31?3              argc=0 site=7017C33E
gcalls seq=000343 caller=QUEST_SERVER target=701782E8 SQR31?3              argc=0 site=7017C33E
gcalls seq=000344 caller=QUEST_SERVER target=701782E8 SQR31?3              argc=0 site=7017C33E
gcalls seq=000345 caller=QUEST_SERVER target=701782E8 SQR31?3              argc=0 site=7017C33E
gcalls seq=000346 caller=QUEST_SERVER target=701782E8 SQR31?3              argc=0 site=7017C33E
gcalls seq=000347 caller=QUEST_SERVER target=701782E8 SQR31?3              argc=0 site=7017C33E
gcalls seq=000348 caller=QUEST_SERVER target=701782E8 SQR31?3              argc=0 site=7017C33E
gcalls seq=000349 caller=QUEST_SERVER target=701782E8 SQR31?3              argc=0 site=7017C33E
gcalls seq=000350 caller=QUEST_SERVER target=701782E8 SQR31?3              argc=0 site=7017C33E
gcalls seq=000351 caller=QUEST_SERVER target=701782E8 SQR31?3              argc=0 site=7017C33E
gcalls seq=000352 caller=QUEST_SERVER target=701782E8 SQR31?3              argc=0 site=7017C33E
gcalls seq=000353 caller=QUEST_SERVER target=701782E8 SQR31?3              argc=0 site=7017C33E
gcalls seq=000354 caller=QUEST_SERVER target=701782E8 SQR31?3              argc=0 site=7017C33E
gcalls seq=000355 caller=QUEST_SERVER target=701782E8 SQR31?3              argc=0 site=7017C33E
gcalls seq=000356 caller=QUEST_SERVER target=701782E8 SQR31?3              argc=0 site=7017C33E
gcalls seq=000357 caller=QUEST_SERVER target=701782E8 SQR31?3              argc=0 site=7017C33E
gcalls seq=000358 caller=QUEST_SERVER target=701782E8 SQR31?3              argc=0 site=7017C33E
gcalls seq=000359 caller=QUEST_SERVER target=701782E8 SQR31?3              argc=0 site=7017C33E
gcalls seq=000360 caller=QUEST_SERVER target=701782E8 SQR31?3              argc=0 site=7017C33E
gcalls seq=000361 caller=QUEST_SERVER target=701782E8 SQR31?3              argc=0 site=7017C33E
gcalls seq=000362 caller=QUEST_SERVER target=701782E8 SQR31?3              argc=0 site=7017C33E
gcalls seq=000363 caller=QUEST_SERVER target=701782E8 SQR31?3              argc=0 site=7017C33E
gcalls seq=000364 caller=QUEST_SERVER target=701782E8 SQR31?3              argc=0 site=7017C33E
gcalls seq=000365 caller=QUEST_SERVER target=701782E8 SQR31?3              argc=0 site=7017C33E
gcalls seq=000366 caller=QUEST_SERVER target=701782E8 SQR31?3              argc=0 site=7017C33E
gcalls seq=000367 caller=QUEST_SERVER target=701782E8 SQR31?3              argc=0 site=7017C33E
gcalls seq=000368 caller=QUEST_SERVER target=701782E8 SQR31?3              argc=0 site=7017C33E
gcalls seq=000369 caller=QUEST_SERVER target=701782E8 SQR31?3              argc=0 site=7017C33E
gcalls seq=000370 caller=QUEST_SERVER target=701782E8 SQR31?3              argc=0 site=7017C33E
gcalls seq=000371 caller=QUEST_SERVER target=701782E8 SQR31?3              argc=0 site=7017C33E
gcalls seq=000372 caller=QUEST_SERVER target=701782E8 SQR31?3              argc=0 site=7017C33E
gcalls seq=000373 caller=QUEST_SERVER target=701782E8 SQR31?3              argc=0 site=7017C33E
gcalls seq=000374 caller=QUEST_SERVER target=701782E8 SQR31?3              argc=0 site=7017C33E
gcalls seq=000375 caller=QUEST_SERVER target=701782E8 SQR31?3              argc=0 site=7017C33E
gcalls seq=000376 caller=QUEST_SERVER target=701782E8 SQR31?3              argc=0 site=7017C33E
gcalls seq=000377 caller=QUEST_SERVER target=701782E8 SQR31?3              argc=0 site=7017C33E
gcalls seq=000378 caller=QUEST_SERVER target=701782E8 SQR31?3              argc=0 site=7017C33E
gcalls seq=000379 caller=QUEST_SERVER target=701782E8 SQR31?3              argc=0 site=7017C33E
gcalls seq=000380 caller=QUEST_SERVER target=701782E8 SQR31?3              argc=0 site=7017C33E
gcalls seq=000381 caller=QUEST_SERVER target=701782E8 SQR31?3              argc=0 site=7017C33E
gcalls seq=000382 caller=QUEST_SERVER target=701782E8 SQR31?3              argc=0 site=7017C33E
gcalls seq=000383 caller=QUEST_SERVER target=701782E8 SQR31?3              argc=0 site=7017C33E
gcalls seq=000384 caller=QUEST_SERVER target=701782E8 SQR31?3              argc=0 site=7017C33E
gcalls seq=000385 caller=QUEST_SERVER target=701782E8 SQR31?3              argc=0 site=7017C33E
gcalls seq=000386 caller=QUEST_SERVER target=701782E8 SQR31?3              argc=0 site=7017C33E
gcalls seq=000387 caller=QUEST_SERVER target=701782E8 SQR31?3              argc=0 site=7017C33E
gcalls seq=000388 caller=QUEST_SERVER target=701782E8 SQR31?3              argc=0 site=7017C33E
gcalls seq=000389 caller=QUEST_SERVER target=701782E8 SQR31?3              argc=0 site=7017C33E
gcalls seq=000390 caller=QUEST_SERVER target=701782E8 SQR31?3              argc=0 site=7017C33E
gcalls seq=000391 caller=QUEST_SERVER target=701782E8 SQR31?3              argc=0 site=7017C33E
gcalls seq=000392 caller=QUEST_SERVER target=701782E8 SQR31?3              argc=0 site=7017C33E
gcalls seq=000393 caller=QUEST_SERVER target=701782E8 SQR31?3              argc=0 site=7017C33E
gcalls seq=000394 caller=QUEST_SERVER target=701782E8 SQR31?3              argc=0 site=7017C33E
gcalls seq=000395 caller=QUEST_SERVER target=701782E8 SQR31?3              argc=0 site=7017C33E
gcalls seq=000396 caller=QUEST_SERVER target=701782E8 SQR31?3              argc=0 site=7017C33E
gcalls seq=000397 caller=QUEST_SERVER target=701782E8 SQR31?3              argc=0 site=7017C33E
gcalls seq=000398 caller=QUEST_SERVER target=701782E8 SQR31?3              argc=0 site=7017C33E
gcalls seq=000399 caller=QUEST_SERVER target=701782E8 SQR31?3              argc=0 site=7017C33E
gcalls seq=000400 caller=QUEST_SERVER target=701782E8 SQR31?3              argc=0 site=7017C33E
gcalls seq=000401 caller=QUEST_SERVER target=701782E8 SQR31?3              argc=0 site=7017C33E
gcalls seq=000402 caller=QUEST_SERVER target=701782E8 SQR31?3              argc=0 site=7017C33E
gcalls seq=000403 caller=QUEST_SERVER target=701782E8 SQR31?3              argc=0 site=7017C33E
gcalls seq=000404 caller=QUEST_SERVER target=701782E8 SQR31?3              argc=0 site=7017C33E
gcalls seq=000405 caller=QUEST_SERVER target=701782E8 SQR31?3              argc=0 site=7017C33E
gcalls seq=000406 caller=QUEST_SERVER target=701782E8 SQR31?3              argc=0 site=7017C33E
gcalls seq=000407 caller=QUEST_SERVER target=701782E8 SQR31?3              argc=0 site=7017C33E
gcalls seq=000408 caller=QUEST_SERVER target=701782E8 SQR31?3              argc=0 site=7017C33E
gcalls seq=000409 caller=QUEST_SERVER target=701782E8 SQR31?3              argc=0 site=7017C33E
gcalls seq=000410 caller=QUEST_SERVER target=701782E8 SQR31?3              argc=0 site=7017C33E
gcalls seq=000411 caller=QUEST_SERVER target=701782E8 SQR31?3              argc=0 site=7017C33E
gcalls seq=000412 caller=QUEST_SERVER target=701782E8 SQR31?3              argc=0 site=7017C33E
gcalls seq=000413 caller=QUEST_SERVER target=701782E8 SQR31?3              argc=0 site=7017C33E
gcalls seq=000414 caller=QUEST_SERVER target=701782E8 SQR31?3              argc=0 site=7017C33E
gcalls seq=000415 caller=QUEST_SERVER target=701782E8 SQR31?3              argc=0 site=7017C33E
gcalls seq=000416 caller=QUEST_SERVER target=701782E8 SQR31?3              argc=0 site=7017C33E
gcalls seq=000417 caller=QUEST_SERVER target=701782E8 SQR31?3              argc=0 site=7017C33E
gcalls seq=000418 caller=QUEST_SERVER target=701782E8 SQR31?3              argc=0 site=7017C33E
gcalls seq=000419 caller=QUEST_SERVER target=701782E8 SQR31?3              argc=0 site=7017C33E
gcalls seq=000420 caller=QUEST_SERVER target=701782E8 SQR31?3              argc=0 site=7017C33E
gcalls seq=000421 caller=QUEST_SERVER target=7017B501 PICK_X_Y             argc=2 site=7017AD25
gcalls seq=000422 caller=QUEST_SERVER target=7017C098 ROLL32               argc=0 site=7017E21A
gcalls seq=000423 caller=QUEST_SERVER target=7017C098 ROLL32               argc=0 site=7017E21A
gcalls seq=000424 caller=QUEST_SERVER target=7017C098 ROLL32               argc=0 site=7017E21A
gcalls seq=000425 caller=QUEST_SERVER target=7017C098 ROLL32               argc=0 site=7017E21A
gcalls seq=000426 caller=QUEST_SERVER target=7017C098 ROLL32               argc=0 site=7017E21A
gcalls seq=000427 caller=QUEST_SERVER target=7017C098 ROLL32               argc=0 site=7017E21A
gcalls seq=000428 caller=QUEST_SERVER target=7017C098 ROLL32               argc=0 site=7017E21A
gcalls seq=000429 caller=QUEST_SERVER target=70178F4D FIND_OBJECT          argc=3 site=7017AD2F
gcalls seq=000430 caller=QUEST_SERVER target=7017C13B TERRITORY            argc=6 site=7017AD41
gcalls seq=000431 caller=QUEST_SERVER target=701782E8 SQR31?3              argc=0 site=7017C33E
gcalls seq=000432 caller=QUEST_SERVER target=701782E8 SQR31?3              argc=0 site=7017C33E
gcalls seq=000433 caller=QUEST_SERVER target=701782E8 SQR31?3              argc=0 site=7017C33E
gcalls seq=000434 caller=QUEST_SERVER target=701782E8 SQR31?3              argc=0 site=7017C33E
gcalls seq=000435 caller=QUEST_SERVER target=701782E8 SQR31?3              argc=0 site=7017C33E
gcalls seq=000436 caller=QUEST_SERVER target=701782E8 SQR31?3              argc=0 site=7017C33E
gcalls seq=000437 caller=QUEST_SERVER target=701782E8 SQR31?3              argc=0 site=7017C33E
gcalls seq=000438 caller=QUEST_SERVER target=701782E8 SQR31?3              argc=0 site=7017C33E
gcalls seq=000439 caller=QUEST_SERVER target=701782E8 SQR31?3              argc=0 site=7017C33E
gcalls seq=000440 caller=QUEST_SERVER target=701782E8 SQR31?3              argc=0 site=7017C33E
gcalls seq=000441 caller=QUEST_SERVER target=701782E8 SQR31?3              argc=0 site=7017C33E
gcalls seq=000442 caller=QUEST_SERVER target=701782E8 SQR31?3              argc=0 site=7017C33E
gcalls seq=000443 caller=QUEST_SERVER target=701782E8 SQR31?3              argc=0 site=7017C33E
gcalls seq=000444 caller=QUEST_SERVER target=701782E8 SQR31?3              argc=0 site=7017C33E
gcalls seq=000445 caller=QUEST_SERVER target=701782E8 SQR31?3              argc=0 site=7017C33E
gcalls seq=000446 caller=QUEST_SERVER target=701782E8 SQR31?3              argc=0 site=7017C33E
gcalls seq=000447 caller=QUEST_SERVER target=701782E8 SQR31?3              argc=0 site=7017C33E
gcalls seq=000448 caller=QUEST_SERVER target=701782E8 SQR31?3              argc=0 site=7017C33E
gcalls seq=000449 caller=QUEST_SERVER target=701782E8 SQR31?3              argc=0 site=7017C33E
gcalls seq=000450 caller=QUEST_SERVER target=701782E8 SQR31?3              argc=0 site=7017C33E
gcalls seq=000451 caller=QUEST_SERVER target=701782E8 SQR31?3              argc=0 site=7017C33E
gcalls seq=000452 caller=QUEST_SERVER target=701782E8 SQR31?3              argc=0 site=7017C33E
gcalls seq=000453 caller=QUEST_SERVER target=701782E8 SQR31?3              argc=0 site=7017C33E
gcalls seq=000454 caller=QUEST_SERVER target=701782E8 SQR31?3              argc=0 site=7017C33E
gcalls seq=000455 caller=QUEST_SERVER target=701782E8 SQR31?3              argc=0 site=7017C33E
gcalls seq=000456 caller=QUEST_SERVER target=701782E8 SQR31?3              argc=0 site=7017C33E
gcalls seq=000457 caller=QUEST_SERVER target=701782E8 SQR31?3              argc=0 site=7017C33E
gcalls seq=000458 caller=QUEST_SERVER target=701782E8 SQR31?3              argc=0 site=7017C33E
gcalls seq=000459 caller=QUEST_SERVER target=701782E8 SQR31?3              argc=0 site=7017C33E
gcalls seq=000460 caller=QUEST_SERVER target=701782E8 SQR31?3              argc=0 site=7017C33E
gcalls seq=000461 caller=QUEST_SERVER target=701782E8 SQR31?3              argc=0 site=7017C33E
gcalls seq=000462 caller=QUEST_SERVER target=701782E8 SQR31?3              argc=0 site=7017C33E
gcalls seq=000463 caller=QUEST_SERVER target=701782E8 SQR31?3              argc=0 site=7017C33E
gcalls seq=000464 caller=QUEST_SERVER target=701782E8 SQR31?3              argc=0 site=7017C33E
gcalls seq=000465 caller=QUEST_SERVER target=701782E8 SQR31?3              argc=0 site=7017C33E
gcalls seq=000466 caller=QUEST_SERVER target=701782E8 SQR31?3              argc=0 site=7017C33E
gcalls seq=000467 caller=QUEST_SERVER target=701782E8 SQR31?3              argc=0 site=7017C33E
gcalls seq=000468 caller=QUEST_SERVER target=701782E8 SQR31?3              argc=0 site=7017C33E
gcalls seq=000469 caller=QUEST_SERVER target=701782E8 SQR31?3              argc=0 site=7017C33E
gcalls seq=000470 caller=QUEST_SERVER target=701782E8 SQR31?3              argc=0 site=7017C33E
gcalls seq=000471 caller=QUEST_SERVER target=701782E8 SQR31?3              argc=0 site=7017C33E
gcalls seq=000472 caller=QUEST_SERVER target=701782E8 SQR31?3              argc=0 site=7017C33E
gcalls seq=000473 caller=QUEST_SERVER target=701782E8 SQR31?3              argc=0 site=7017C33E
gcalls seq=000474 caller=QUEST_SERVER target=701782E8 SQR31?3              argc=0 site=7017C33E
gcalls seq=000475 caller=QUEST_SERVER target=701782E8 SQR31?3              argc=0 site=7017C33E
gcalls seq=000476 caller=QUEST_SERVER target=701782E8 SQR31?3              argc=0 site=7017C33E
gcalls seq=000477 caller=QUEST_SERVER target=701782E8 SQR31?3              argc=0 site=7017C33E
gcalls seq=000478 caller=QUEST_SERVER target=701782E8 SQR31?3              argc=0 site=7017C33E
gcalls seq=000479 caller=QUEST_SERVER target=701782E8 SQR31?3              argc=0 site=7017C33E
gcalls seq=000480 caller=QUEST_SERVER target=701782E8 SQR31?3              argc=0 site=7017C33E
gcalls seq=000481 caller=QUEST_SERVER target=701782E8 SQR31?3              argc=0 site=7017C33E
gcalls seq=000482 caller=QUEST_SERVER target=701782E8 SQR31?3              argc=0 site=7017C33E
gcalls seq=000483 caller=QUEST_SERVER target=701782E8 SQR31?3              argc=0 site=7017C33E
gcalls seq=000484 caller=QUEST_SERVER target=701782E8 SQR31?3              argc=0 site=7017C33E
gcalls seq=000485 caller=QUEST_SERVER target=701782E8 SQR31?3              argc=0 site=7017C33E
gcalls seq=000486 caller=QUEST_SERVER target=701782E8 SQR31?3              argc=0 site=7017C33E
gcalls seq=000487 caller=QUEST_SERVER target=701782E8 SQR31?3              argc=0 site=7017C33E
gcalls seq=000488 caller=QUEST_SERVER target=701782E8 SQR31?3              argc=0 site=7017C33E
gcalls seq=000489 caller=QUEST_SERVER target=701782E8 SQR31?3              argc=0 site=7017C33E
gcalls seq=000490 caller=QUEST_SERVER target=701782E8 SQR31?3              argc=0 site=7017C33E
gcalls seq=000491 caller=QUEST_SERVER target=701782E8 SQR31?3              argc=0 site=7017C33E
gcalls seq=000492 caller=QUEST_SERVER target=701782E8 SQR31?3              argc=0 site=7017C33E
gcalls seq=000493 caller=QUEST_SERVER target=701782E8 SQR31?3              argc=0 site=7017C33E
gcalls seq=000494 caller=QUEST_SERVER target=701782E8 SQR31?3              argc=0 site=7017C33E
gcalls seq=000495 caller=QUEST_SERVER target=701782E8 SQR31?3              argc=0 site=7017C33E
gcalls seq=000496 caller=QUEST_SERVER target=701782E8 SQR31?3              argc=0 site=7017C33E
gcalls seq=000497 caller=QUEST_SERVER target=701782E8 SQR31?3              argc=0 site=7017C33E
gcalls seq=000498 caller=QUEST_SERVER target=701782E8 SQR31?3              argc=0 site=7017C33E
gcalls seq=000499 caller=QUEST_SERVER target=701782E8 SQR31?3              argc=0 site=7017C33E
gcalls seq=000500 caller=QUEST_SERVER target=701782E8 SQR31?3              argc=0 site=7017C33E
gcalls seq=000501 caller=QUEST_SERVER target=701782E8 SQR31?3              argc=0 site=7017C33E
gcalls seq=000502 caller=QUEST_SERVER target=701782E8 SQR31?3              argc=0 site=7017C33E
gcalls seq=000503 caller=QUEST_SERVER target=701782E8 SQR31?3              argc=0 site=7017C33E
gcalls seq=000504 caller=QUEST_SERVER target=701782E8 SQR31?3              argc=0 site=7017C33E
gcalls seq=000505 caller=QUEST_SERVER target=701782E8 SQR31?3              argc=0 site=7017C33E
gcalls seq=000506 caller=QUEST_SERVER target=701782E8 SQR31?3              argc=0 site=7017C33E
gcalls seq=000507 caller=QUEST_SERVER target=701782E8 SQR31?3              argc=0 site=7017C33E
gcalls seq=000508 caller=QUEST_SERVER target=701782E8 SQR31?3              argc=0 site=7017C33E
gcalls seq=000509 caller=QUEST_SERVER target=701782E8 SQR31?3              argc=0 site=7017C33E
gcalls seq=000510 caller=QUEST_SERVER target=701782E8 SQR31?3              argc=0 site=7017C33E
gcalls seq=000511 caller=QUEST_SERVER target=701782E8 SQR31?3              argc=0 site=7017C33E
gcalls seq=000512 caller=QUEST_SERVER target=701782E8 SQR31?3              argc=0 site=7017C33E
gcalls seq=000513 caller=QUEST_SERVER target=701782E8 SQR31?3              argc=0 site=7017C33E
gcalls seq=000514 caller=QUEST_SERVER target=701782E8 SQR31?3              argc=0 site=7017C33E
gcalls seq=000515 caller=QUEST_SERVER target=701782E8 SQR31?3              argc=0 site=7017C33E
gcalls seq=000516 caller=QUEST_SERVER target=701782E8 SQR31?3              argc=0 site=7017C33E
gcalls seq=000517 caller=QUEST_SERVER target=701782E8 SQR31?3              argc=0 site=7017C33E
gcalls seq=000518 caller=QUEST_SERVER target=701782E8 SQR31?3              argc=0 site=7017C33E
gcalls seq=000519 caller=QUEST_SERVER target=701782E8 SQR31?3              argc=0 site=7017C33E
gcalls seq=000520 caller=QUEST_SERVER target=701782E8 SQR31?3              argc=0 site=7017C33E
gcalls seq=000521 caller=QUEST_SERVER target=701782E8 SQR31?3              argc=0 site=7017C33E
gcalls seq=000522 caller=QUEST_SERVER target=701782E8 SQR31?3              argc=0 site=7017C33E
gcalls seq=000523 caller=QUEST_SERVER target=701782E8 SQR31?3              argc=0 site=7017C33E
gcalls seq=000524 caller=QUEST_SERVER target=701782E8 SQR31?3              argc=0 site=7017C33E
gcalls seq=000525 caller=QUEST_SERVER target=701782E8 SQR31?3              argc=0 site=7017C33E
gcalls seq=000526 caller=QUEST_SERVER target=701782E8 SQR31?3              argc=0 site=7017C33E
gcalls seq=000527 caller=QUEST_SERVER target=701782E8 SQR31?3              argc=0 site=7017C33E
gcalls seq=000528 caller=QUEST_SERVER target=701782E8 SQR31?3              argc=0 site=7017C33E
gcalls seq=000529 caller=QUEST_SERVER target=701782E8 SQR31?3              argc=0 site=7017C33E
gcalls seq=000530 caller=QUEST_SERVER target=701782E8 SQR31?3              argc=0 site=7017C33E
gcalls seq=000531 caller=QUEST_SERVER target=701782E8 SQR31?3              argc=0 site=7017C33E
gcalls seq=000532 caller=QUEST_SERVER target=701782E8 SQR31?3              argc=0 site=7017C33E
gcalls seq=000533 caller=QUEST_SERVER target=701782E8 SQR31?3              argc=0 site=7017C33E
gcalls seq=000534 caller=QUEST_SERVER target=701782E8 SQR31?3              argc=0 site=7017C33E
gcalls seq=000535 caller=QUEST_SERVER target=701782E8 SQR31?3              argc=0 site=7017C33E
gcalls seq=000536 caller=QUEST_SERVER target=701782E8 SQR31?3              argc=0 site=7017C33E
gcalls seq=000537 caller=QUEST_SERVER target=701782E8 SQR31?3              argc=0 site=7017C33E
gcalls seq=000538 caller=QUEST_SERVER target=701782E8 SQR31?3              argc=0 site=7017C33E
gcalls seq=000539 caller=QUEST_SERVER target=701782E8 SQR31?3              argc=0 site=7017C33E
gcalls seq=000540 caller=QUEST_SERVER target=701782E8 SQR31?3              argc=0 site=7017C33E
gcalls seq=000541 caller=QUEST_SERVER target=701782E8 SQR31?3              argc=0 site=7017C33E
gcalls seq=000542 caller=QUEST_SERVER target=701782E8 SQR31?3              argc=0 site=7017C33E
gcalls seq=000543 caller=QUEST_SERVER target=701782E8 SQR31?3              argc=0 site=7017C33E
gcalls seq=000544 caller=QUEST_SERVER target=701782E8 SQR31?3              argc=0 site=7017C33E
gcalls seq=000545 caller=QUEST_SERVER target=701782E8 SQR31?3              argc=0 site=7017C33E
gcalls seq=000546 caller=QUEST_SERVER target=701782E8 SQR31?3              argc=0 site=7017C33E
gcalls seq=000547 caller=QUEST_SERVER target=7017B501 PICK_X_Y             argc=2 site=7017AD25
gcalls seq=000548 caller=QUEST_SERVER target=7017C098 ROLL32               argc=0 site=7017E21A
gcalls seq=000549 caller=QUEST_SERVER target=7017C098 ROLL32               argc=0 site=7017E21A
gcalls seq=000550 caller=QUEST_SERVER target=7017C098 ROLL32               argc=0 site=7017E21A
gcalls seq=000551 caller=QUEST_SERVER target=70178F4D FIND_OBJECT          argc=3 site=7017AD2F
gcalls seq=000552 caller=QUEST_SERVER target=7017C13B TERRITORY            argc=6 site=7017AD41
gcalls seq=000553 caller=QUEST_SERVER target=701782E8 SQR31?3              argc=0 site=7017C33E
gcalls seq=000554 caller=QUEST_SERVER target=701782E8 SQR31?3              argc=0 site=7017C33E
gcalls seq=000555 caller=QUEST_SERVER target=701782E8 SQR31?3              argc=0 site=7017C33E
gcalls seq=000556 caller=QUEST_SERVER target=701782E8 SQR31?3              argc=0 site=7017C33E
gcalls seq=000557 caller=QUEST_SERVER target=701782E8 SQR31?3              argc=0 site=7017C33E
gcalls seq=000558 caller=QUEST_SERVER target=701782E8 SQR31?3              argc=0 site=7017C33E
gcalls seq=000559 caller=QUEST_SERVER target=701782E8 SQR31?3              argc=0 site=7017C33E
gcalls seq=000560 caller=QUEST_SERVER target=701782E8 SQR31?3              argc=0 site=7017C33E
gcalls seq=000561 caller=QUEST_SERVER target=701782E8 SQR31?3              argc=0 site=7017C33E
gcalls seq=000562 caller=QUEST_SERVER target=701782E8 SQR31?3              argc=0 site=7017C33E
gcalls seq=000563 caller=QUEST_SERVER target=701782E8 SQR31?3              argc=0 site=7017C33E
gcalls seq=000564 caller=QUEST_SERVER target=701782E8 SQR31?3              argc=0 site=7017C33E
gcalls seq=000565 caller=QUEST_SERVER target=701782E8 SQR31?3              argc=0 site=7017C33E
gcalls seq=000566 caller=QUEST_SERVER target=701782E8 SQR31?3              argc=0 site=7017C33E
gcalls seq=000567 caller=QUEST_SERVER target=701782E8 SQR31?3              argc=0 site=7017C33E
gcalls seq=000568 caller=QUEST_SERVER target=701782E8 SQR31?3              argc=0 site=7017C33E
gcalls seq=000569 caller=QUEST_SERVER target=701782E8 SQR31?3              argc=0 site=7017C33E
gcalls seq=000570 caller=QUEST_SERVER target=701782E8 SQR31?3              argc=0 site=7017C33E
gcalls seq=000571 caller=QUEST_SERVER target=701782E8 SQR31?3              argc=0 site=7017C33E
gcalls seq=000572 caller=QUEST_SERVER target=701782E8 SQR31?3              argc=0 site=7017C33E
gcalls seq=000573 caller=QUEST_SERVER target=701782E8 SQR31?3              argc=0 site=7017C33E
gcalls seq=000574 caller=QUEST_SERVER target=701782E8 SQR31?3              argc=0 site=7017C33E
gcalls seq=000575 caller=QUEST_SERVER target=701782E8 SQR31?3              argc=0 site=7017C33E
gcalls seq=000576 caller=QUEST_SERVER target=701782E8 SQR31?3              argc=0 site=7017C33E
gcalls seq=000577 caller=QUEST_SERVER target=701782E8 SQR31?3              argc=0 site=7017C33E
gcalls seq=000578 caller=QUEST_SERVER target=701782E8 SQR31?3              argc=0 site=7017C33E
gcalls seq=000579 caller=QUEST_SERVER target=701782E8 SQR31?3              argc=0 site=7017C33E
gcalls seq=000580 caller=QUEST_SERVER target=701782E8 SQR31?3              argc=0 site=7017C33E
gcalls seq=000581 caller=QUEST_SERVER target=701782E8 SQR31?3              argc=0 site=7017C33E
gcalls seq=000582 caller=QUEST_SERVER target=701782E8 SQR31?3              argc=0 site=7017C33E
gcalls seq=000583 caller=QUEST_SERVER target=701782E8 SQR31?3              argc=0 site=7017C33E
gcalls seq=000584 caller=QUEST_SERVER target=701782E8 SQR31?3              argc=0 site=7017C33E
gcalls seq=000585 caller=QUEST_SERVER target=701782E8 SQR31?3              argc=0 site=7017C33E
gcalls seq=000586 caller=QUEST_SERVER target=701782E8 SQR31?3              argc=0 site=7017C33E
gcalls seq=000587 caller=QUEST_SERVER target=701782E8 SQR31?3              argc=0 site=7017C33E
gcalls seq=000588 caller=QUEST_SERVER target=701782E8 SQR31?3              argc=0 site=7017C33E
gcalls seq=000589 caller=QUEST_SERVER target=701782E8 SQR31?3              argc=0 site=7017C33E
gcalls seq=000590 caller=QUEST_SERVER target=701782E8 SQR31?3              argc=0 site=7017C33E
gcalls seq=000591 caller=QUEST_SERVER target=701782E8 SQR31?3              argc=0 site=7017C33E
gcalls seq=000592 caller=QUEST_SERVER target=701782E8 SQR31?3              argc=0 site=7017C33E
gcalls seq=000593 caller=QUEST_SERVER target=701782E8 SQR31?3              argc=0 site=7017C33E
gcalls seq=000594 caller=QUEST_SERVER target=701782E8 SQR31?3              argc=0 site=7017C33E
gcalls seq=000595 caller=QUEST_SERVER target=701782E8 SQR31?3              argc=0 site=7017C33E
gcalls seq=000596 caller=QUEST_SERVER target=701782E8 SQR31?3              argc=0 site=7017C33E
gcalls seq=000597 caller=QUEST_SERVER target=701782E8 SQR31?3              argc=0 site=7017C33E
gcalls seq=000598 caller=QUEST_SERVER target=701782E8 SQR31?3              argc=0 site=7017C33E
gcalls seq=000599 caller=QUEST_SERVER target=701782E8 SQR31?3              argc=0 site=7017C33E
gcalls seq=000600 caller=QUEST_SERVER target=701782E8 SQR31?3              argc=0 site=7017C33E
gcalls seq=000601 caller=QUEST_SERVER target=701782E8 SQR31?3              argc=0 site=7017C33E
gcalls seq=000602 caller=QUEST_SERVER target=701782E8 SQR31?3              argc=0 site=7017C33E
gcalls seq=000603 caller=QUEST_SERVER target=701782E8 SQR31?3              argc=0 site=7017C33E
gcalls seq=000604 caller=QUEST_SERVER target=701782E8 SQR31?3              argc=0 site=7017C33E
gcalls seq=000605 caller=QUEST_SERVER target=701782E8 SQR31?3              argc=0 site=7017C33E
gcalls seq=000606 caller=QUEST_SERVER target=701782E8 SQR31?3              argc=0 site=7017C33E
gcalls seq=000607 caller=QUEST_SERVER target=701782E8 SQR31?3              argc=0 site=7017C33E
gcalls seq=000608 caller=QUEST_SERVER target=701782E8 SQR31?3              argc=0 site=7017C33E
gcalls seq=000609 caller=QUEST_SERVER target=701782E8 SQR31?3              argc=0 site=7017C33E
gcalls seq=000610 caller=QUEST_SERVER target=701782E8 SQR31?3              argc=0 site=7017C33E
gcalls seq=000611 caller=QUEST_SERVER target=701782E8 SQR31?3              argc=0 site=7017C33E
gcalls seq=000612 caller=QUEST_SERVER target=701782E8 SQR31?3              argc=0 site=7017C33E
gcalls seq=000613 caller=QUEST_SERVER target=701782E8 SQR31?3              argc=0 site=7017C33E
gcalls seq=000614 caller=QUEST_SERVER target=701782E8 SQR31?3              argc=0 site=7017C33E
gcalls seq=000615 caller=QUEST_SERVER target=701782E8 SQR31?3              argc=0 site=7017C33E
gcalls seq=000616 caller=QUEST_SERVER target=701782E8 SQR31?3              argc=0 site=7017C33E
gcalls seq=000617 caller=QUEST_SERVER target=701782E8 SQR31?3              argc=0 site=7017C33E
gcalls seq=000618 caller=QUEST_SERVER target=701782E8 SQR31?3              argc=0 site=7017C33E
gcalls seq=000619 caller=QUEST_SERVER target=701782E8 SQR31?3              argc=0 site=7017C33E
gcalls seq=000620 caller=QUEST_SERVER target=701782E8 SQR31?3              argc=0 site=7017C33E
gcalls seq=000621 caller=QUEST_SERVER target=701782E8 SQR31?3              argc=0 site=7017C33E
gcalls seq=000622 caller=QUEST_SERVER target=701782E8 SQR31?3              argc=0 site=7017C33E
gcalls seq=000623 caller=QUEST_SERVER target=701782E8 SQR31?3              argc=0 site=7017C33E
gcalls seq=000624 caller=QUEST_SERVER target=701782E8 SQR31?3              argc=0 site=7017C33E
gcalls seq=000625 caller=QUEST_SERVER target=701782E8 SQR31?3              argc=0 site=7017C33E
gcalls seq=000626 caller=QUEST_SERVER target=701782E8 SQR31?3              argc=0 site=7017C33E
gcalls seq=000627 caller=QUEST_SERVER target=701782E8 SQR31?3              argc=0 site=7017C33E
gcalls seq=000628 caller=QUEST_SERVER target=701782E8 SQR31?3              argc=0 site=7017C33E
gcalls seq=000629 caller=QUEST_SERVER target=701782E8 SQR31?3              argc=0 site=7017C33E
gcalls seq=000630 caller=QUEST_SERVER target=701782E8 SQR31?3              argc=0 site=7017C33E
gcalls seq=000631 caller=QUEST_SERVER target=701782E8 SQR31?3              argc=0 site=7017C33E
gcalls seq=000632 caller=QUEST_SERVER target=701782E8 SQR31?3              argc=0 site=7017C33E
gcalls seq=000633 caller=QUEST_SERVER target=701782E8 SQR31?3              argc=0 site=7017C33E
gcalls seq=000634 caller=QUEST_SERVER target=701782E8 SQR31?3              argc=0 site=7017C33E
gcalls seq=000635 caller=QUEST_SERVER target=701782E8 SQR31?3              argc=0 site=7017C33E
gcalls seq=000636 caller=QUEST_SERVER target=701782E8 SQR31?3              argc=0 site=7017C33E
gcalls seq=000637 caller=QUEST_SERVER target=701782E8 SQR31?3              argc=0 site=7017C33E
gcalls seq=000638 caller=QUEST_SERVER target=701782E8 SQR31?3              argc=0 site=7017C33E
gcalls seq=000639 caller=QUEST_SERVER target=701782E8 SQR31?3              argc=0 site=7017C33E
gcalls seq=000640 caller=QUEST_SERVER target=701782E8 SQR31?3              argc=0 site=7017C33E
gcalls seq=000641 caller=QUEST_SERVER target=701782E8 SQR31?3              argc=0 site=7017C33E
gcalls seq=000642 caller=QUEST_SERVER target=701782E8 SQR31?3              argc=0 site=7017C33E
gcalls seq=000643 caller=QUEST_SERVER target=701782E8 SQR31?3              argc=0 site=7017C33E
gcalls seq=000644 caller=QUEST_SERVER target=701782E8 SQR31?3              argc=0 site=7017C33E
gcalls seq=000645 caller=QUEST_SERVER target=701782E8 SQR31?3              argc=0 site=7017C33E
gcalls seq=000646 caller=QUEST_SERVER target=701782E8 SQR31?3              argc=0 site=7017C33E
gcalls seq=000647 caller=QUEST_SERVER target=701782E8 SQR31?3              argc=0 site=7017C33E
gcalls seq=000648 caller=QUEST_SERVER target=701782E8 SQR31?3              argc=0 site=7017C33E
gcalls seq=000649 caller=QUEST_SERVER target=701782E8 SQR31?3              argc=0 site=7017C33E
gcalls seq=000650 caller=QUEST_SERVER target=701782E8 SQR31?3              argc=0 site=7017C33E
gcalls seq=000651 caller=QUEST_SERVER target=701782E8 SQR31?3              argc=0 site=7017C33E
gcalls seq=000652 caller=QUEST_SERVER target=701782E8 SQR31?3              argc=0 site=7017C33E
gcalls seq=000653 caller=QUEST_SERVER target=701782E8 SQR31?3              argc=0 site=7017C33E
gcalls seq=000654 caller=QUEST_SERVER target=701782E8 SQR31?3              argc=0 site=7017C33E
gcalls seq=000655 caller=QUEST_SERVER target=701782E8 SQR31?3              argc=0 site=7017C33E
gcalls seq=000656 caller=QUEST_SERVER target=701782E8 SQR31?3              argc=0 site=7017C33E
gcalls seq=000657 caller=QUEST_SERVER target=701782E8 SQR31?3              argc=0 site=7017C33E
gcalls seq=000658 caller=QUEST_SERVER target=701782E8 SQR31?3              argc=0 site=7017C33E
gcalls seq=000659 caller=QUEST_SERVER target=701782E8 SQR31?3              argc=0 site=7017C33E
gcalls seq=000660 caller=QUEST_SERVER target=701782E8 SQR31?3              argc=0 site=7017C33E
gcalls seq=000661 caller=QUEST_SERVER target=701782E8 SQR31?3              argc=0 site=7017C33E
gcalls seq=000662 caller=QUEST_SERVER target=701782E8 SQR31?3              argc=0 site=7017C33E
gcalls seq=000663 caller=QUEST_SERVER target=701782E8 SQR31?3              argc=0 site=7017C33E
gcalls seq=000664 caller=QUEST_SERVER target=701782E8 SQR31?3              argc=0 site=7017C33E
gcalls seq=000665 caller=QUEST_SERVER target=701782E8 SQR31?3              argc=0 site=7017C33E
gcalls seq=000666 caller=QUEST_SERVER target=701782E8 SQR31?3              argc=0 site=7017C33E
gcalls seq=000667 caller=QUEST_SERVER target=701782E8 SQR31?3              argc=0 site=7017C33E
gcalls seq=000668 caller=QUEST_SERVER target=701782E8 SQR31?3              argc=0 site=7017C33E
gcalls seq=000669 caller=QUEST_SERVER target=7017B501 PICK_X_Y             argc=2 site=7017AD25
gcalls seq=000670 caller=QUEST_SERVER target=7017C098 ROLL32               argc=0 site=7017E21A
gcalls seq=000671 caller=QUEST_SERVER target=7017C098 ROLL32               argc=0 site=7017E21A
gcalls seq=000672 caller=QUEST_SERVER target=7017C098 ROLL32               argc=0 site=7017E21A
gcalls seq=000673 caller=QUEST_SERVER target=70178F4D FIND_OBJECT          argc=3 site=7017AD2F
gcalls seq=000674 caller=QUEST_SERVER target=7017B501 PICK_X_Y             argc=2 site=7017AD25
gcalls seq=000675 caller=QUEST_SERVER target=7017C098 ROLL32               argc=0 site=7017E21A
gcalls seq=000676 caller=QUEST_SERVER target=7017C098 ROLL32               argc=0 site=7017E21A
gcalls seq=000677 caller=QUEST_SERVER target=7017C098 ROLL32               argc=0 site=7017E21A
gcalls seq=000678 caller=QUEST_SERVER target=7017C098 ROLL32               argc=0 site=7017E21A
gcalls seq=000679 caller=QUEST_SERVER target=70178F4D FIND_OBJECT          argc=3 site=7017AD2F
gcalls seq=000680 caller=QUEST_SERVER target=7017C13B TERRITORY            argc=6 site=7017AD41
gcalls seq=000681 caller=QUEST_SERVER target=701782E8 SQR31?3              argc=0 site=7017C33E
gcalls seq=000682 caller=QUEST_SERVER target=701782E8 SQR31?3              argc=0 site=7017C33E
gcalls seq=000683 caller=QUEST_SERVER target=701782E8 SQR31?3              argc=0 site=7017C33E
gcalls seq=000684 caller=QUEST_SERVER target=701782E8 SQR31?3              argc=0 site=7017C33E
gcalls seq=000685 caller=QUEST_SERVER target=701782E8 SQR31?3              argc=0 site=7017C33E
gcalls seq=000686 caller=QUEST_SERVER target=701782E8 SQR31?3              argc=0 site=7017C33E
gcalls seq=000687 caller=QUEST_SERVER target=701782E8 SQR31?3              argc=0 site=7017C33E
gcalls seq=000688 caller=QUEST_SERVER target=701782E8 SQR31?3              argc=0 site=7017C33E
gcalls seq=000689 caller=QUEST_SERVER target=701782E8 SQR31?3              argc=0 site=7017C33E
gcalls seq=000690 caller=QUEST_SERVER target=701782E8 SQR31?3              argc=0 site=7017C33E
gcalls seq=000691 caller=QUEST_SERVER target=701782E8 SQR31?3              argc=0 site=7017C33E
gcalls seq=000692 caller=QUEST_SERVER target=701782E8 SQR31?3              argc=0 site=7017C33E
gcalls seq=000693 caller=QUEST_SERVER target=701782E8 SQR31?3              argc=0 site=7017C33E
gcalls seq=000694 caller=QUEST_SERVER target=701782E8 SQR31?3              argc=0 site=7017C33E
gcalls seq=000695 caller=QUEST_SERVER target=701782E8 SQR31?3              argc=0 site=7017C33E
gcalls seq=000696 caller=QUEST_SERVER target=701782E8 SQR31?3              argc=0 site=7017C33E
gcalls seq=000697 caller=QUEST_SERVER target=701782E8 SQR31?3              argc=0 site=7017C33E
gcalls seq=000698 caller=QUEST_SERVER target=701782E8 SQR31?3              argc=0 site=7017C33E
gcalls seq=000699 caller=QUEST_SERVER target=701782E8 SQR31?3              argc=0 site=7017C33E
gcalls seq=000700 caller=QUEST_SERVER target=701782E8 SQR31?3              argc=0 site=7017C33E
gcalls seq=000701 caller=QUEST_SERVER target=701782E8 SQR31?3              argc=0 site=7017C33E
gcalls seq=000702 caller=QUEST_SERVER target=701782E8 SQR31?3              argc=0 site=7017C33E
gcalls seq=000703 caller=QUEST_SERVER target=701782E8 SQR31?3              argc=0 site=7017C33E
gcalls seq=000704 caller=QUEST_SERVER target=701782E8 SQR31?3              argc=0 site=7017C33E
gcalls seq=000705 caller=QUEST_SERVER target=701782E8 SQR31?3              argc=0 site=7017C33E
gcalls seq=000706 caller=QUEST_SERVER target=701782E8 SQR31?3              argc=0 site=7017C33E
gcalls seq=000707 caller=QUEST_SERVER target=701782E8 SQR31?3              argc=0 site=7017C33E
gcalls seq=000708 caller=QUEST_SERVER target=701782E8 SQR31?3              argc=0 site=7017C33E
gcalls seq=000709 caller=QUEST_SERVER target=701782E8 SQR31?3              argc=0 site=7017C33E
gcalls seq=000710 caller=QUEST_SERVER target=701782E8 SQR31?3              argc=0 site=7017C33E
gcalls seq=000711 caller=QUEST_SERVER target=701782E8 SQR31?3              argc=0 site=7017C33E
gcalls seq=000712 caller=QUEST_SERVER target=701782E8 SQR31?3              argc=0 site=7017C33E
gcalls seq=000713 caller=QUEST_SERVER target=701782E8 SQR31?3              argc=0 site=7017C33E
gcalls seq=000714 caller=QUEST_SERVER target=701782E8 SQR31?3              argc=0 site=7017C33E
gcalls seq=000715 caller=QUEST_SERVER target=701782E8 SQR31?3              argc=0 site=7017C33E
gcalls seq=000716 caller=QUEST_SERVER target=701782E8 SQR31?3              argc=0 site=7017C33E
gcalls seq=000717 caller=QUEST_SERVER target=701782E8 SQR31?3              argc=0 site=7017C33E
gcalls seq=000718 caller=QUEST_SERVER target=701782E8 SQR31?3              argc=0 site=7017C33E
gcalls seq=000719 caller=QUEST_SERVER target=701782E8 SQR31?3              argc=0 site=7017C33E
gcalls seq=000720 caller=QUEST_SERVER target=701782E8 SQR31?3              argc=0 site=7017C33E
gcalls seq=000721 caller=QUEST_SERVER target=701782E8 SQR31?3              argc=0 site=7017C33E
gcalls seq=000722 caller=QUEST_SERVER target=701782E8 SQR31?3              argc=0 site=7017C33E
gcalls seq=000723 caller=QUEST_SERVER target=701782E8 SQR31?3              argc=0 site=7017C33E
gcalls seq=000724 caller=QUEST_SERVER target=701782E8 SQR31?3              argc=0 site=7017C33E
gcalls seq=000725 caller=QUEST_SERVER target=701782E8 SQR31?3              argc=0 site=7017C33E
gcalls seq=000726 caller=QUEST_SERVER target=701782E8 SQR31?3              argc=0 site=7017C33E
gcalls seq=000727 caller=QUEST_SERVER target=701782E8 SQR31?3              argc=0 site=7017C33E
gcalls seq=000728 caller=QUEST_SERVER target=701782E8 SQR31?3              argc=0 site=7017C33E
gcalls seq=000729 caller=QUEST_SERVER target=701782E8 SQR31?3              argc=0 site=7017C33E
gcalls seq=000730 caller=QUEST_SERVER target=701782E8 SQR31?3              argc=0 site=7017C33E
gcalls seq=000731 caller=QUEST_SERVER target=701782E8 SQR31?3              argc=0 site=7017C33E
gcalls seq=000732 caller=QUEST_SERVER target=701782E8 SQR31?3              argc=0 site=7017C33E
gcalls seq=000733 caller=QUEST_SERVER target=701782E8 SQR31?3              argc=0 site=7017C33E
gcalls seq=000734 caller=QUEST_SERVER target=701782E8 SQR31?3              argc=0 site=7017C33E
gcalls seq=000735 caller=QUEST_SERVER target=701782E8 SQR31?3              argc=0 site=7017C33E
gcalls seq=000736 caller=QUEST_SERVER target=701782E8 SQR31?3              argc=0 site=7017C33E
gcalls seq=000737 caller=QUEST_SERVER target=701782E8 SQR31?3              argc=0 site=7017C33E
gcalls seq=000738 caller=QUEST_SERVER target=701782E8 SQR31?3              argc=0 site=7017C33E
gcalls seq=000739 caller=QUEST_SERVER target=701782E8 SQR31?3              argc=0 site=7017C33E
gcalls seq=000740 caller=QUEST_SERVER target=701782E8 SQR31?3              argc=0 site=7017C33E
gcalls seq=000741 caller=QUEST_SERVER target=701782E8 SQR31?3              argc=0 site=7017C33E
gcalls seq=000742 caller=QUEST_SERVER target=701782E8 SQR31?3              argc=0 site=7017C33E
gcalls seq=000743 caller=QUEST_SERVER target=701782E8 SQR31?3              argc=0 site=7017C33E
gcalls seq=000744 caller=QUEST_SERVER target=701782E8 SQR31?3              argc=0 site=7017C33E
gcalls seq=000745 caller=QUEST_SERVER target=701782E8 SQR31?3              argc=0 site=7017C33E
gcalls seq=000746 caller=QUEST_SERVER target=701782E8 SQR31?3              argc=0 site=7017C33E
gcalls seq=000747 caller=QUEST_SERVER target=701782E8 SQR31?3              argc=0 site=7017C33E
gcalls seq=000748 caller=QUEST_SERVER target=701782E8 SQR31?3              argc=0 site=7017C33E
gcalls seq=000749 caller=QUEST_SERVER target=701782E8 SQR31?3              argc=0 site=7017C33E
gcalls seq=000750 caller=QUEST_SERVER target=701782E8 SQR31?3              argc=0 site=7017C33E
gcalls seq=000751 caller=QUEST_SERVER target=701782E8 SQR31?3              argc=0 site=7017C33E
gcalls seq=000752 caller=QUEST_SERVER target=701782E8 SQR31?3              argc=0 site=7017C33E
gcalls seq=000753 caller=QUEST_SERVER target=701782E8 SQR31?3              argc=0 site=7017C33E
gcalls seq=000754 caller=QUEST_SERVER target=701782E8 SQR31?3              argc=0 site=7017C33E
gcalls seq=000755 caller=QUEST_SERVER target=701782E8 SQR31?3              argc=0 site=7017C33E
gcalls seq=000756 caller=QUEST_SERVER target=701782E8 SQR31?3              argc=0 site=7017C33E
gcalls seq=000757 caller=QUEST_SERVER target=701782E8 SQR31?3              argc=0 site=7017C33E
gcalls seq=000758 caller=QUEST_SERVER target=701782E8 SQR31?3              argc=0 site=7017C33E
gcalls seq=000759 caller=QUEST_SERVER target=701782E8 SQR31?3              argc=0 site=7017C33E
gcalls seq=000760 caller=QUEST_SERVER target=701782E8 SQR31?3              argc=0 site=7017C33E
gcalls seq=000761 caller=QUEST_SERVER target=701782E8 SQR31?3              argc=0 site=7017C33E
gcalls seq=000762 caller=QUEST_SERVER target=701782E8 SQR31?3              argc=0 site=7017C33E
gcalls seq=000763 caller=QUEST_SERVER target=701782E8 SQR31?3              argc=0 site=7017C33E
gcalls seq=000764 caller=QUEST_SERVER target=701782E8 SQR31?3              argc=0 site=7017C33E
gcalls seq=000765 caller=QUEST_SERVER target=701782E8 SQR31?3              argc=0 site=7017C33E
gcalls seq=000766 caller=QUEST_SERVER target=701782E8 SQR31?3              argc=0 site=7017C33E
gcalls seq=000767 caller=QUEST_SERVER target=701782E8 SQR31?3              argc=0 site=7017C33E
gcalls seq=000768 caller=QUEST_SERVER target=701782E8 SQR31?3              argc=0 site=7017C33E
gcalls seq=000769 caller=QUEST_SERVER target=701782E8 SQR31?3              argc=0 site=7017C33E
gcalls seq=000770 caller=QUEST_SERVER target=701782E8 SQR31?3              argc=0 site=7017C33E
gcalls seq=000771 caller=QUEST_SERVER target=701782E8 SQR31?3              argc=0 site=7017C33E
gcalls seq=000772 caller=QUEST_SERVER target=701782E8 SQR31?3              argc=0 site=7017C33E
gcalls seq=000773 caller=QUEST_SERVER target=701782E8 SQR31?3              argc=0 site=7017C33E
gcalls seq=000774 caller=QUEST_SERVER target=701782E8 SQR31?3              argc=0 site=7017C33E
gcalls seq=000775 caller=QUEST_SERVER target=701782E8 SQR31?3              argc=0 site=7017C33E
gcalls seq=000776 caller=QUEST_SERVER target=701782E8 SQR31?3              argc=0 site=7017C33E
gcalls seq=000777 caller=QUEST_SERVER target=701782E8 SQR31?3              argc=0 site=7017C33E
gcalls seq=000778 caller=QUEST_SERVER target=701782E8 SQR31?3              argc=0 site=7017C33E
gcalls seq=000779 caller=QUEST_SERVER target=701782E8 SQR31?3              argc=0 site=7017C33E
gcalls seq=000780 caller=QUEST_SERVER target=701782E8 SQR31?3              argc=0 site=7017C33E
gcalls seq=000781 caller=QUEST_SERVER target=701782E8 SQR31?3              argc=0 site=7017C33E
gcalls seq=000782 caller=QUEST_SERVER target=701782E8 SQR31?3              argc=0 site=7017C33E
gcalls seq=000783 caller=QUEST_SERVER target=701782E8 SQR31?3              argc=0 site=7017C33E
gcalls seq=000784 caller=QUEST_SERVER target=701782E8 SQR31?3              argc=0 site=7017C33E
gcalls seq=000785 caller=QUEST_SERVER target=701782E8 SQR31?3              argc=0 site=7017C33E
gcalls seq=000786 caller=QUEST_SERVER target=701782E8 SQR31?3              argc=0 site=7017C33E
gcalls seq=000787 caller=QUEST_SERVER target=701782E8 SQR31?3              argc=0 site=7017C33E
gcalls seq=000788 caller=QUEST_SERVER target=701782E8 SQR31?3              argc=0 site=7017C33E
gcalls seq=000789 caller=QUEST_SERVER target=701782E8 SQR31?3              argc=0 site=7017C33E
gcalls seq=000790 caller=QUEST_SERVER target=701782E8 SQR31?3              argc=0 site=7017C33E
gcalls seq=000791 caller=QUEST_SERVER target=701782E8 SQR31?3              argc=0 site=7017C33E
gcalls seq=000792 caller=QUEST_SERVER target=701782E8 SQR31?3              argc=0 site=7017C33E
gcalls seq=000793 caller=QUEST_SERVER target=701782E8 SQR31?3              argc=0 site=7017C33E
gcalls seq=000794 caller=QUEST_SERVER target=701782E8 SQR31?3              argc=0 site=7017C33E
gcalls seq=000795 caller=QUEST_SERVER target=701782E8 SQR31?3              argc=0 site=7017C33E
gcalls seq=000796 caller=QUEST_SERVER target=701782E8 SQR31?3              argc=0 site=7017C33E
gcalls seq=000797 caller=QUEST_SERVER target=7017B501 PICK_X_Y             argc=2 site=7017AD25
gcalls seq=000798 caller=QUEST_SERVER target=7017C098 ROLL32               argc=0 site=7017E21A
gcalls seq=000799 caller=QUEST_SERVER target=7017C098 ROLL32               argc=0 site=7017E21A
gcalls seq=000800 caller=QUEST_SERVER target=7017C098 ROLL32               argc=0 site=7017E21A
gcalls seq=000801 caller=QUEST_SERVER target=70178F4D FIND_OBJECT          argc=3 site=7017AD2F
gcalls seq=000802 caller=QUEST_SERVER target=7017C13B TERRITORY            argc=6 site=7017AD41
gcalls seq=000803 caller=QUEST_SERVER target=701782E8 SQR31?3              argc=0 site=7017C33E
gcalls seq=000804 caller=QUEST_SERVER target=701782E8 SQR31?3              argc=0 site=7017C33E
gcalls seq=000805 caller=QUEST_SERVER target=701782E8 SQR31?3              argc=0 site=7017C33E
gcalls seq=000806 caller=QUEST_SERVER target=701782E8 SQR31?3              argc=0 site=7017C33E
gcalls seq=000807 caller=QUEST_SERVER target=701782E8 SQR31?3              argc=0 site=7017C33E
gcalls seq=000808 caller=QUEST_SERVER target=701782E8 SQR31?3              argc=0 site=7017C33E
gcalls seq=000809 caller=QUEST_SERVER target=701782E8 SQR31?3              argc=0 site=7017C33E
gcalls seq=000810 caller=QUEST_SERVER target=701782E8 SQR31?3              argc=0 site=7017C33E
gcalls seq=000811 caller=QUEST_SERVER target=701782E8 SQR31?3              argc=0 site=7017C33E
gcalls seq=000812 caller=QUEST_SERVER target=701782E8 SQR31?3              argc=0 site=7017C33E
gcalls seq=000813 caller=QUEST_SERVER target=701782E8 SQR31?3              argc=0 site=7017C33E
gcalls seq=000814 caller=QUEST_SERVER target=701782E8 SQR31?3              argc=0 site=7017C33E
gcalls seq=000815 caller=QUEST_SERVER target=701782E8 SQR31?3              argc=0 site=7017C33E
gcalls seq=000816 caller=QUEST_SERVER target=701782E8 SQR31?3              argc=0 site=7017C33E
gcalls seq=000817 caller=QUEST_SERVER target=701782E8 SQR31?3              argc=0 site=7017C33E
gcalls seq=000818 caller=QUEST_SERVER target=701782E8 SQR31?3              argc=0 site=7017C33E
gcalls seq=000819 caller=QUEST_SERVER target=701782E8 SQR31?3              argc=0 site=7017C33E
gcalls seq=000820 caller=QUEST_SERVER target=701782E8 SQR31?3              argc=0 site=7017C33E
gcalls seq=000821 caller=QUEST_SERVER target=701782E8 SQR31?3              argc=0 site=7017C33E
gcalls seq=000822 caller=QUEST_SERVER target=701782E8 SQR31?3              argc=0 site=7017C33E
gcalls seq=000823 caller=QUEST_SERVER target=701782E8 SQR31?3              argc=0 site=7017C33E
gcalls seq=000824 caller=QUEST_SERVER target=701782E8 SQR31?3              argc=0 site=7017C33E
gcalls seq=000825 caller=QUEST_SERVER target=701782E8 SQR31?3              argc=0 site=7017C33E
gcalls seq=000826 caller=QUEST_SERVER target=701782E8 SQR31?3              argc=0 site=7017C33E
gcalls seq=000827 caller=QUEST_SERVER target=701782E8 SQR31?3              argc=0 site=7017C33E
gcalls seq=000828 caller=QUEST_SERVER target=701782E8 SQR31?3              argc=0 site=7017C33E
gcalls seq=000829 caller=QUEST_SERVER target=701782E8 SQR31?3              argc=0 site=7017C33E
gcalls seq=000830 caller=QUEST_SERVER target=701782E8 SQR31?3              argc=0 site=7017C33E
gcalls seq=000831 caller=QUEST_SERVER target=701782E8 SQR31?3              argc=0 site=7017C33E
gcalls seq=000832 caller=QUEST_SERVER target=701782E8 SQR31?3              argc=0 site=7017C33E
gcalls seq=000833 caller=QUEST_SERVER target=701782E8 SQR31?3              argc=0 site=7017C33E
gcalls seq=000834 caller=QUEST_SERVER target=701782E8 SQR31?3              argc=0 site=7017C33E
gcalls seq=000835 caller=QUEST_SERVER target=701782E8 SQR31?3              argc=0 site=7017C33E
gcalls seq=000836 caller=QUEST_SERVER target=701782E8 SQR31?3              argc=0 site=7017C33E
gcalls seq=000837 caller=QUEST_SERVER target=701782E8 SQR31?3              argc=0 site=7017C33E
gcalls seq=000838 caller=QUEST_SERVER target=701782E8 SQR31?3              argc=0 site=7017C33E
gcalls seq=000839 caller=QUEST_SERVER target=701782E8 SQR31?3              argc=0 site=7017C33E
gcalls seq=000840 caller=QUEST_SERVER target=701782E8 SQR31?3              argc=0 site=7017C33E
gcalls seq=000841 caller=QUEST_SERVER target=701782E8 SQR31?3              argc=0 site=7017C33E
gcalls seq=000842 caller=QUEST_SERVER target=701782E8 SQR31?3              argc=0 site=7017C33E
gcalls seq=000843 caller=QUEST_SERVER target=701782E8 SQR31?3              argc=0 site=7017C33E
gcalls seq=000844 caller=QUEST_SERVER target=701782E8 SQR31?3              argc=0 site=7017C33E
gcalls seq=000845 caller=QUEST_SERVER target=701782E8 SQR31?3              argc=0 site=7017C33E
gcalls seq=000846 caller=QUEST_SERVER target=701782E8 SQR31?3              argc=0 site=7017C33E
gcalls seq=000847 caller=QUEST_SERVER target=701782E8 SQR31?3              argc=0 site=7017C33E
gcalls seq=000848 caller=QUEST_SERVER target=701782E8 SQR31?3              argc=0 site=7017C33E
gcalls seq=000849 caller=QUEST_SERVER target=701782E8 SQR31?3              argc=0 site=7017C33E
gcalls seq=000850 caller=QUEST_SERVER target=701782E8 SQR31?3              argc=0 site=7017C33E
gcalls seq=000851 caller=QUEST_SERVER target=701782E8 SQR31?3              argc=0 site=7017C33E
gcalls seq=000852 caller=QUEST_SERVER target=701782E8 SQR31?3              argc=0 site=7017C33E
gcalls seq=000853 caller=QUEST_SERVER target=701782E8 SQR31?3              argc=0 site=7017C33E
gcalls seq=000854 caller=QUEST_SERVER target=701782E8 SQR31?3              argc=0 site=7017C33E
gcalls seq=000855 caller=QUEST_SERVER target=701782E8 SQR31?3              argc=0 site=7017C33E
gcalls seq=000856 caller=QUEST_SERVER target=701782E8 SQR31?3              argc=0 site=7017C33E
gcalls seq=000857 caller=QUEST_SERVER target=701782E8 SQR31?3              argc=0 site=7017C33E
gcalls seq=000858 caller=QUEST_SERVER target=701782E8 SQR31?3              argc=0 site=7017C33E
gcalls seq=000859 caller=QUEST_SERVER target=701782E8 SQR31?3              argc=0 site=7017C33E
gcalls seq=000860 caller=QUEST_SERVER target=701782E8 SQR31?3              argc=0 site=7017C33E
gcalls seq=000861 caller=QUEST_SERVER target=701782E8 SQR31?3              argc=0 site=7017C33E
gcalls seq=000862 caller=QUEST_SERVER target=701782E8 SQR31?3              argc=0 site=7017C33E
gcalls seq=000863 caller=QUEST_SERVER target=701782E8 SQR31?3              argc=0 site=7017C33E
gcalls seq=000864 caller=QUEST_SERVER target=701782E8 SQR31?3              argc=0 site=7017C33E
gcalls seq=000865 caller=QUEST_SERVER target=701782E8 SQR31?3              argc=0 site=7017C33E
gcalls seq=000866 caller=QUEST_SERVER target=701782E8 SQR31?3              argc=0 site=7017C33E
gcalls seq=000867 caller=QUEST_SERVER target=701782E8 SQR31?3              argc=0 site=7017C33E
gcalls seq=000868 caller=QUEST_SERVER target=701782E8 SQR31?3              argc=0 site=7017C33E
gcalls seq=000869 caller=QUEST_SERVER target=701782E8 SQR31?3              argc=0 site=7017C33E
gcalls seq=000870 caller=QUEST_SERVER target=701782E8 SQR31?3              argc=0 site=7017C33E
gcalls seq=000871 caller=QUEST_SERVER target=701782E8 SQR31?3              argc=0 site=7017C33E
gcalls seq=000872 caller=QUEST_SERVER target=701782E8 SQR31?3              argc=0 site=7017C33E
gcalls seq=000873 caller=QUEST_SERVER target=701782E8 SQR31?3              argc=0 site=7017C33E
gcalls seq=000874 caller=QUEST_SERVER target=701782E8 SQR31?3              argc=0 site=7017C33E
gcalls seq=000875 caller=QUEST_SERVER target=701782E8 SQR31?3              argc=0 site=7017C33E
gcalls seq=000876 caller=QUEST_SERVER target=701782E8 SQR31?3              argc=0 site=7017C33E
gcalls seq=000877 caller=QUEST_SERVER target=701782E8 SQR31?3              argc=0 site=7017C33E
gcalls seq=000878 caller=QUEST_SERVER target=701782E8 SQR31?3              argc=0 site=7017C33E
gcalls seq=000879 caller=QUEST_SERVER target=701782E8 SQR31?3              argc=0 site=7017C33E
gcalls seq=000880 caller=QUEST_SERVER target=701782E8 SQR31?3              argc=0 site=7017C33E
gcalls seq=000881 caller=QUEST_SERVER target=701782E8 SQR31?3              argc=0 site=7017C33E
gcalls seq=000882 caller=QUEST_SERVER target=701782E8 SQR31?3              argc=0 site=7017C33E
gcalls seq=000883 caller=QUEST_SERVER target=701782E8 SQR31?3              argc=0 site=7017C33E
gcalls seq=000884 caller=QUEST_SERVER target=701782E8 SQR31?3              argc=0 site=7017C33E
gcalls seq=000885 caller=QUEST_SERVER target=701782E8 SQR31?3              argc=0 site=7017C33E
gcalls seq=000886 caller=QUEST_SERVER target=701782E8 SQR31?3              argc=0 site=7017C33E
gcalls seq=000887 caller=QUEST_SERVER target=701782E8 SQR31?3              argc=0 site=7017C33E
gcalls seq=000888 caller=QUEST_SERVER target=701782E8 SQR31?3              argc=0 site=7017C33E
gcalls seq=000889 caller=QUEST_SERVER target=701782E8 SQR31?3              argc=0 site=7017C33E
gcalls seq=000890 caller=QUEST_SERVER target=701782E8 SQR31?3              argc=0 site=7017C33E
gcalls seq=000891 caller=QUEST_SERVER target=701782E8 SQR31?3              argc=0 site=7017C33E
gcalls seq=000892 caller=QUEST_SERVER target=701782E8 SQR31?3              argc=0 site=7017C33E
gcalls seq=000893 caller=QUEST_SERVER target=701782E8 SQR31?3              argc=0 site=7017C33E
gcalls seq=000894 caller=QUEST_SERVER target=701782E8 SQR31?3              argc=0 site=7017C33E
gcalls seq=000895 caller=QUEST_SERVER target=701782E8 SQR31?3              argc=0 site=7017C33E
gcalls seq=000896 caller=QUEST_SERVER target=701782E8 SQR31?3              argc=0 site=7017C33E
gcalls seq=000897 caller=QUEST_SERVER target=701782E8 SQR31?3              argc=0 site=7017C33E
gcalls seq=000898 caller=QUEST_SERVER target=701782E8 SQR31?3              argc=0 site=7017C33E
gcalls seq=000899 caller=QUEST_SERVER target=701782E8 SQR31?3              argc=0 site=7017C33E
gcalls seq=000900 caller=QUEST_SERVER target=701782E8 SQR31?3              argc=0 site=7017C33E
gcalls seq=000901 caller=QUEST_SERVER target=701782E8 SQR31?3              argc=0 site=7017C33E
gcalls seq=000902 caller=QUEST_SERVER target=701782E8 SQR31?3              argc=0 site=7017C33E
gcalls seq=000903 caller=QUEST_SERVER target=701782E8 SQR31?3              argc=0 site=7017C33E
gcalls seq=000904 caller=QUEST_SERVER target=701782E8 SQR31?3              argc=0 site=7017C33E
gcalls seq=000905 caller=QUEST_SERVER target=701782E8 SQR31?3              argc=0 site=7017C33E
gcalls seq=000906 caller=QUEST_SERVER target=701782E8 SQR31?3              argc=0 site=7017C33E
gcalls seq=000907 caller=QUEST_SERVER target=701782E8 SQR31?3              argc=0 site=7017C33E
gcalls seq=000908 caller=QUEST_SERVER target=701782E8 SQR31?3              argc=0 site=7017C33E
gcalls seq=000909 caller=QUEST_SERVER target=701782E8 SQR31?3              argc=0 site=7017C33E
gcalls seq=000910 caller=QUEST_SERVER target=701782E8 SQR31?3              argc=0 site=7017C33E
gcalls seq=000911 caller=QUEST_SERVER target=701782E8 SQR31?3              argc=0 site=7017C33E
gcalls seq=000912 caller=QUEST_SERVER target=701782E8 SQR31?3              argc=0 site=7017C33E
gcalls seq=000913 caller=QUEST_SERVER target=701782E8 SQR31?3              argc=0 site=7017C33E
gcalls seq=000914 caller=QUEST_SERVER target=701782E8 SQR31?3              argc=0 site=7017C33E
gcalls seq=000915 caller=QUEST_SERVER target=701782E8 SQR31?3              argc=0 site=7017C33E
gcalls seq=000916 caller=QUEST_SERVER target=701782E8 SQR31?3              argc=0 site=7017C33E
gcalls seq=000917 caller=QUEST_SERVER target=701782E8 SQR31?3              argc=0 site=7017C33E
gcalls seq=000918 caller=QUEST_SERVER target=701782E8 SQR31?3              argc=0 site=7017C33E
gcalls seq=000919 caller=QUEST_SERVER target=7017B501 PICK_X_Y             argc=2 site=7017AD25
gcalls seq=000920 caller=QUEST_SERVER target=7017C098 ROLL32               argc=0 site=7017E21A
gcalls seq=000921 caller=QUEST_SERVER target=7017C098 ROLL32               argc=0 site=7017E21A
gcalls seq=000922 caller=QUEST_SERVER target=7017C098 ROLL32               argc=0 site=7017E21A
gcalls seq=000923 caller=QUEST_SERVER target=7017C098 ROLL32               argc=0 site=7017E21A
gcalls seq=000924 caller=QUEST_SERVER target=70178F4D FIND_OBJECT          argc=3 site=7017AD2F
gcalls seq=000925 caller=QUEST_SERVER target=7017C13B TERRITORY            argc=6 site=7017AD41
gcalls seq=000926 caller=QUEST_SERVER target=701782E8 SQR31?3              argc=0 site=7017C33E
gcalls seq=000927 caller=QUEST_SERVER target=701782E8 SQR31?3              argc=0 site=7017C33E
gcalls seq=000928 caller=QUEST_SERVER target=701782E8 SQR31?3              argc=0 site=7017C33E
gcalls seq=000929 caller=QUEST_SERVER target=701782E8 SQR31?3              argc=0 site=7017C33E
gcalls seq=000930 caller=QUEST_SERVER target=701782E8 SQR31?3              argc=0 site=7017C33E
gcalls seq=000931 caller=QUEST_SERVER target=701782E8 SQR31?3              argc=0 site=7017C33E
gcalls seq=000932 caller=QUEST_SERVER target=701782E8 SQR31?3              argc=0 site=7017C33E
gcalls seq=000933 caller=QUEST_SERVER target=701782E8 SQR31?3              argc=0 site=7017C33E
gcalls seq=000934 caller=QUEST_SERVER target=701782E8 SQR31?3              argc=0 site=7017C33E
gcalls seq=000935 caller=QUEST_SERVER target=701782E8 SQR31?3              argc=0 site=7017C33E
gcalls seq=000936 caller=QUEST_SERVER target=701782E8 SQR31?3              argc=0 site=7017C33E
gcalls seq=000937 caller=QUEST_SERVER target=701782E8 SQR31?3              argc=0 site=7017C33E
gcalls seq=000938 caller=QUEST_SERVER target=701782E8 SQR31?3              argc=0 site=7017C33E
gcalls seq=000939 caller=QUEST_SERVER target=701782E8 SQR31?3              argc=0 site=7017C33E
gcalls seq=000940 caller=QUEST_SERVER target=701782E8 SQR31?3              argc=0 site=7017C33E
gcalls seq=000941 caller=QUEST_SERVER target=701782E8 SQR31?3              argc=0 site=7017C33E
gcalls seq=000942 caller=QUEST_SERVER target=701782E8 SQR31?3              argc=0 site=7017C33E
gcalls seq=000943 caller=QUEST_SERVER target=701782E8 SQR31?3              argc=0 site=7017C33E
gcalls seq=000944 caller=QUEST_SERVER target=701782E8 SQR31?3              argc=0 site=7017C33E
gcalls seq=000945 caller=QUEST_SERVER target=701782E8 SQR31?3              argc=0 site=7017C33E
gcalls seq=000946 caller=QUEST_SERVER target=701782E8 SQR31?3              argc=0 site=7017C33E
gcalls seq=000947 caller=QUEST_SERVER target=701782E8 SQR31?3              argc=0 site=7017C33E
gcalls seq=000948 caller=QUEST_SERVER target=701782E8 SQR31?3              argc=0 site=7017C33E
gcalls seq=000949 caller=QUEST_SERVER target=701782E8 SQR31?3              argc=0 site=7017C33E
gcalls seq=000950 caller=QUEST_SERVER target=701782E8 SQR31?3              argc=0 site=7017C33E
gcalls seq=000951 caller=QUEST_SERVER target=701782E8 SQR31?3              argc=0 site=7017C33E
gcalls seq=000952 caller=QUEST_SERVER target=701782E8 SQR31?3              argc=0 site=7017C33E
gcalls seq=000953 caller=QUEST_SERVER target=701782E8 SQR31?3              argc=0 site=7017C33E
gcalls seq=000954 caller=QUEST_SERVER target=701782E8 SQR31?3              argc=0 site=7017C33E
gcalls seq=000955 caller=QUEST_SERVER target=701782E8 SQR31?3              argc=0 site=7017C33E
gcalls seq=000956 caller=QUEST_SERVER target=701782E8 SQR31?3              argc=0 site=7017C33E
gcalls seq=000957 caller=QUEST_SERVER target=701782E8 SQR31?3              argc=0 site=7017C33E
gcalls seq=000958 caller=QUEST_SERVER target=701782E8 SQR31?3              argc=0 site=7017C33E
gcalls seq=000959 caller=QUEST_SERVER target=701782E8 SQR31?3              argc=0 site=7017C33E
gcalls seq=000960 caller=QUEST_SERVER target=701782E8 SQR31?3              argc=0 site=7017C33E
gcalls seq=000961 caller=QUEST_SERVER target=701782E8 SQR31?3              argc=0 site=7017C33E
gcalls seq=000962 caller=QUEST_SERVER target=701782E8 SQR31?3              argc=0 site=7017C33E
gcalls seq=000963 caller=QUEST_SERVER target=701782E8 SQR31?3              argc=0 site=7017C33E
gcalls seq=000964 caller=QUEST_SERVER target=701782E8 SQR31?3              argc=0 site=7017C33E
gcalls seq=000965 caller=QUEST_SERVER target=701782E8 SQR31?3              argc=0 site=7017C33E
gcalls seq=000966 caller=QUEST_SERVER target=701782E8 SQR31?3              argc=0 site=7017C33E
gcalls seq=000967 caller=QUEST_SERVER target=701782E8 SQR31?3              argc=0 site=7017C33E
gcalls seq=000968 caller=QUEST_SERVER target=701782E8 SQR31?3              argc=0 site=7017C33E
gcalls seq=000969 caller=QUEST_SERVER target=701782E8 SQR31?3              argc=0 site=7017C33E
gcalls seq=000970 caller=QUEST_SERVER target=701782E8 SQR31?3              argc=0 site=7017C33E
gcalls seq=000971 caller=QUEST_SERVER target=701782E8 SQR31?3              argc=0 site=7017C33E
gcalls seq=000972 caller=QUEST_SERVER target=701782E8 SQR31?3              argc=0 site=7017C33E
gcalls seq=000973 caller=QUEST_SERVER target=701782E8 SQR31?3              argc=0 site=7017C33E
gcalls seq=000974 caller=QUEST_SERVER target=701782E8 SQR31?3              argc=0 site=7017C33E
gcalls seq=000975 caller=QUEST_SERVER target=701782E8 SQR31?3              argc=0 site=7017C33E
gcalls seq=000976 caller=QUEST_SERVER target=701782E8 SQR31?3              argc=0 site=7017C33E
gcalls seq=000977 caller=QUEST_SERVER target=701782E8 SQR31?3              argc=0 site=7017C33E
gcalls seq=000978 caller=QUEST_SERVER target=701782E8 SQR31?3              argc=0 site=7017C33E
gcalls seq=000979 caller=QUEST_SERVER target=701782E8 SQR31?3              argc=0 site=7017C33E
gcalls seq=000980 caller=QUEST_SERVER target=701782E8 SQR31?3              argc=0 site=7017C33E
gcalls seq=000981 caller=QUEST_SERVER target=701782E8 SQR31?3              argc=0 site=7017C33E
gcalls seq=000982 caller=QUEST_SERVER target=701782E8 SQR31?3              argc=0 site=7017C33E
gcalls seq=000983 caller=QUEST_SERVER target=701782E8 SQR31?3              argc=0 site=7017C33E
gcalls seq=000984 caller=QUEST_SERVER target=701782E8 SQR31?3              argc=0 site=7017C33E
gcalls seq=000985 caller=QUEST_SERVER target=701782E8 SQR31?3              argc=0 site=7017C33E
gcalls seq=000986 caller=QUEST_SERVER target=701782E8 SQR31?3              argc=0 site=7017C33E
gcalls seq=000987 caller=QUEST_SERVER target=701782E8 SQR31?3              argc=0 site=7017C33E
gcalls seq=000988 caller=QUEST_SERVER target=701782E8 SQR31?3              argc=0 site=7017C33E
gcalls seq=000989 caller=QUEST_SERVER target=701782E8 SQR31?3              argc=0 site=7017C33E
gcalls seq=000990 caller=QUEST_SERVER target=701782E8 SQR31?3              argc=0 site=7017C33E
gcalls seq=000991 caller=QUEST_SERVER target=701782E8 SQR31?3              argc=0 site=7017C33E
gcalls seq=000992 caller=QUEST_SERVER target=701782E8 SQR31?3              argc=0 site=7017C33E
gcalls seq=000993 caller=QUEST_SERVER target=701782E8 SQR31?3              argc=0 site=7017C33E
gcalls seq=000994 caller=QUEST_SERVER target=701782E8 SQR31?3              argc=0 site=7017C33E
gcalls seq=000995 caller=QUEST_SERVER target=701782E8 SQR31?3              argc=0 site=7017C33E
gcalls seq=000996 caller=QUEST_SERVER target=701782E8 SQR31?3              argc=0 site=7017C33E
gcalls seq=000997 caller=QUEST_SERVER target=701782E8 SQR31?3              argc=0 site=7017C33E
gcalls seq=000998 caller=QUEST_SERVER target=701782E8 SQR31?3              argc=0 site=7017C33E
gcalls seq=000999 caller=QUEST_SERVER target=701782E8 SQR31?3              argc=0 site=7017C33E
gcalls seq=001000 caller=QUEST_SERVER target=701782E8 SQR31?3              argc=0 site=7017C33E
gcalls seq=001001 caller=QUEST_SERVER target=701782E8 SQR31?3              argc=0 site=7017C33E
gcalls seq=001002 caller=QUEST_SERVER target=701782E8 SQR31?3              argc=0 site=7017C33E
gcalls seq=001003 caller=QUEST_SERVER target=701782E8 SQR31?3              argc=0 site=7017C33E
gcalls seq=001004 caller=QUEST_SERVER target=701782E8 SQR31?3              argc=0 site=7017C33E
gcalls seq=001005 caller=QUEST_SERVER target=701782E8 SQR31?3              argc=0 site=7017C33E
gcalls seq=001006 caller=QUEST_SERVER target=701782E8 SQR31?3              argc=0 site=7017C33E
gcalls seq=001007 caller=QUEST_SERVER target=701782E8 SQR31?3              argc=0 site=7017C33E
gcalls seq=001008 caller=QUEST_SERVER target=701782E8 SQR31?3              argc=0 site=7017C33E
gcalls seq=001009 caller=QUEST_SERVER target=701782E8 SQR31?3              argc=0 site=7017C33E
gcalls seq=001010 caller=QUEST_SERVER target=701782E8 SQR31?3              argc=0 site=7017C33E
gcalls seq=001011 caller=QUEST_SERVER target=701782E8 SQR31?3              argc=0 site=7017C33E
gcalls seq=001012 caller=QUEST_SERVER target=701782E8 SQR31?3              argc=0 site=7017C33E
gcalls seq=001013 caller=QUEST_SERVER target=701782E8 SQR31?3              argc=0 site=7017C33E
gcalls seq=001014 caller=QUEST_SERVER target=701782E8 SQR31?3              argc=0 site=7017C33E
gcalls seq=001015 caller=QUEST_SERVER target=701782E8 SQR31?3              argc=0 site=7017C33E
gcalls seq=001016 caller=QUEST_SERVER target=701782E8 SQR31?3              argc=0 site=7017C33E
gcalls seq=001017 caller=QUEST_SERVER target=701782E8 SQR31?3              argc=0 site=7017C33E
gcalls seq=001018 caller=QUEST_SERVER target=701782E8 SQR31?3              argc=0 site=7017C33E
gcalls seq=001019 caller=QUEST_SERVER target=701782E8 SQR31?3              argc=0 site=7017C33E
gcalls seq=001020 caller=QUEST_SERVER target=701782E8 SQR31?3              argc=0 site=7017C33E
gcalls seq=001021 caller=QUEST_SERVER target=701782E8 SQR31?3              argc=0 site=7017C33E
gcalls seq=001022 caller=QUEST_SERVER target=701782E8 SQR31?3              argc=0 site=7017C33E
gcalls seq=001023 caller=QUEST_SERVER target=701782E8 SQR31?3              argc=0 site=7017C33E
gcalls seq=001024 caller=QUEST_SERVER target=701782E8 SQR31?3              argc=0 site=7017C33E
gcalls seq=001025 caller=QUEST_SERVER target=701782E8 SQR31?3              argc=0 site=7017C33E
gcalls seq=001026 caller=QUEST_SERVER target=701782E8 SQR31?3              argc=0 site=7017C33E
gcalls seq=001027 caller=QUEST_SERVER target=701782E8 SQR31?3              argc=0 site=7017C33E
gcalls seq=001028 caller=QUEST_SERVER target=701782E8 SQR31?3              argc=0 site=7017C33E
gcalls seq=001029 caller=QUEST_SERVER target=701782E8 SQR31?3              argc=0 site=7017C33E
gcalls seq=001030 caller=QUEST_SERVER target=701782E8 SQR31?3              argc=0 site=7017C33E
gcalls seq=001031 caller=QUEST_SERVER target=701782E8 SQR31?3              argc=0 site=7017C33E
gcalls seq=001032 caller=QUEST_SERVER target=701782E8 SQR31?3              argc=0 site=7017C33E
gcalls seq=001033 caller=QUEST_SERVER target=701782E8 SQR31?3              argc=0 site=7017C33E
gcalls seq=001034 caller=QUEST_SERVER target=701782E8 SQR31?3              argc=0 site=7017C33E
gcalls seq=001035 caller=QUEST_SERVER target=701782E8 SQR31?3              argc=0 site=7017C33E
gcalls seq=001036 caller=QUEST_SERVER target=701782E8 SQR31?3              argc=0 site=7017C33E
gcalls seq=001037 caller=QUEST_SERVER target=701782E8 SQR31?3              argc=0 site=7017C33E
gcalls seq=001038 caller=QUEST_SERVER target=701782E8 SQR31?3              argc=0 site=7017C33E
gcalls seq=001039 caller=QUEST_SERVER target=701782E8 SQR31?3              argc=0 site=7017C33E
gcalls seq=001040 caller=QUEST_SERVER target=701782E8 SQR31?3              argc=0 site=7017C33E
gcalls seq=001041 caller=QUEST_SERVER target=701782E8 SQR31?3              argc=0 site=7017C33E
gcalls seq=001042 caller=QUEST_SERVER target=7017B501 PICK_X_Y             argc=2 site=7017AD25
gcalls seq=001043 caller=QUEST_SERVER target=7017C098 ROLL32               argc=0 site=7017E21A
gcalls seq=001044 caller=QUEST_SERVER target=7017C098 ROLL32               argc=0 site=7017E21A
gcalls seq=001045 caller=QUEST_SERVER target=7017C098 ROLL32               argc=0 site=7017E21A
gcalls seq=001046 caller=QUEST_SERVER target=70178F4D FIND_OBJECT          argc=3 site=7017AD2F
gcalls seq=001047 caller=QUEST_SERVER target=7017C13B TERRITORY            argc=6 site=7017AD41
gcalls seq=001048 caller=QUEST_SERVER target=701782E8 SQR31?3              argc=0 site=7017C33E
gcalls seq=001049 caller=QUEST_SERVER target=701782E8 SQR31?3              argc=0 site=7017C33E
gcalls seq=001050 caller=QUEST_SERVER target=701782E8 SQR31?3              argc=0 site=7017C33E
gcalls seq=001051 caller=QUEST_SERVER target=701782E8 SQR31?3              argc=0 site=7017C33E
gcalls seq=001052 caller=QUEST_SERVER target=701782E8 SQR31?3              argc=0 site=7017C33E
gcalls seq=001053 caller=QUEST_SERVER target=701782E8 SQR31?3              argc=0 site=7017C33E
gcalls seq=001054 caller=QUEST_SERVER target=701782E8 SQR31?3              argc=0 site=7017C33E
gcalls seq=001055 caller=QUEST_SERVER target=701782E8 SQR31?3              argc=0 site=7017C33E
gcalls seq=001056 caller=QUEST_SERVER target=701782E8 SQR31?3              argc=0 site=7017C33E
gcalls seq=001057 caller=QUEST_SERVER target=701782E8 SQR31?3              argc=0 site=7017C33E
gcalls seq=001058 caller=QUEST_SERVER target=701782E8 SQR31?3              argc=0 site=7017C33E
gcalls seq=001059 caller=QUEST_SERVER target=701782E8 SQR31?3              argc=0 site=7017C33E
gcalls seq=001060 caller=QUEST_SERVER target=701782E8 SQR31?3              argc=0 site=7017C33E
gcalls seq=001061 caller=QUEST_SERVER target=701782E8 SQR31?3              argc=0 site=7017C33E
gcalls seq=001062 caller=QUEST_SERVER target=701782E8 SQR31?3              argc=0 site=7017C33E
gcalls seq=001063 caller=QUEST_SERVER target=701782E8 SQR31?3              argc=0 site=7017C33E
gcalls seq=001064 caller=QUEST_SERVER target=701782E8 SQR31?3              argc=0 site=7017C33E
gcalls seq=001065 caller=QUEST_SERVER target=701782E8 SQR31?3              argc=0 site=7017C33E
gcalls seq=001066 caller=QUEST_SERVER target=701782E8 SQR31?3              argc=0 site=7017C33E
gcalls seq=001067 caller=QUEST_SERVER target=701782E8 SQR31?3              argc=0 site=7017C33E
gcalls seq=001068 caller=QUEST_SERVER target=701782E8 SQR31?3              argc=0 site=7017C33E
gcalls seq=001069 caller=QUEST_SERVER target=701782E8 SQR31?3              argc=0 site=7017C33E
gcalls seq=001070 caller=QUEST_SERVER target=701782E8 SQR31?3              argc=0 site=7017C33E
gcalls seq=001071 caller=QUEST_SERVER target=701782E8 SQR31?3              argc=0 site=7017C33E
gcalls seq=001072 caller=QUEST_SERVER target=701782E8 SQR31?3              argc=0 site=7017C33E
gcalls seq=001073 caller=QUEST_SERVER target=701782E8 SQR31?3              argc=0 site=7017C33E
gcalls seq=001074 caller=QUEST_SERVER target=701782E8 SQR31?3              argc=0 site=7017C33E
gcalls seq=001075 caller=QUEST_SERVER target=701782E8 SQR31?3              argc=0 site=7017C33E
gcalls seq=001076 caller=QUEST_SERVER target=701782E8 SQR31?3              argc=0 site=7017C33E
gcalls seq=001077 caller=QUEST_SERVER target=701782E8 SQR31?3              argc=0 site=7017C33E
gcalls seq=001078 caller=QUEST_SERVER target=701782E8 SQR31?3              argc=0 site=7017C33E
gcalls seq=001079 caller=QUEST_SERVER target=701782E8 SQR31?3              argc=0 site=7017C33E
gcalls seq=001080 caller=QUEST_SERVER target=701782E8 SQR31?3              argc=0 site=7017C33E
gcalls seq=001081 caller=QUEST_SERVER target=701782E8 SQR31?3              argc=0 site=7017C33E
gcalls seq=001082 caller=QUEST_SERVER target=701782E8 SQR31?3              argc=0 site=7017C33E
gcalls seq=001083 caller=QUEST_SERVER target=701782E8 SQR31?3              argc=0 site=7017C33E
gcalls seq=001084 caller=QUEST_SERVER target=701782E8 SQR31?3              argc=0 site=7017C33E
gcalls seq=001085 caller=QUEST_SERVER target=701782E8 SQR31?3              argc=0 site=7017C33E
gcalls seq=001086 caller=QUEST_SERVER target=701782E8 SQR31?3              argc=0 site=7017C33E
gcalls seq=001087 caller=QUEST_SERVER target=701782E8 SQR31?3              argc=0 site=7017C33E
gcalls seq=001088 caller=QUEST_SERVER target=701782E8 SQR31?3              argc=0 site=7017C33E
gcalls seq=001089 caller=QUEST_SERVER target=701782E8 SQR31?3              argc=0 site=7017C33E
gcalls seq=001090 caller=QUEST_SERVER target=701782E8 SQR31?3              argc=0 site=7017C33E
gcalls seq=001091 caller=QUEST_SERVER target=701782E8 SQR31?3              argc=0 site=7017C33E
gcalls seq=001092 caller=QUEST_SERVER target=701782E8 SQR31?3              argc=0 site=7017C33E
gcalls seq=001093 caller=QUEST_SERVER target=701782E8 SQR31?3              argc=0 site=7017C33E
gcalls seq=001094 caller=QUEST_SERVER target=701782E8 SQR31?3              argc=0 site=7017C33E
gcalls seq=001095 caller=QUEST_SERVER target=701782E8 SQR31?3              argc=0 site=7017C33E
gcalls seq=001096 caller=QUEST_SERVER target=701782E8 SQR31?3              argc=0 site=7017C33E
gcalls seq=001097 caller=QUEST_SERVER target=701782E8 SQR31?3              argc=0 site=7017C33E
gcalls seq=001098 caller=QUEST_SERVER target=701782E8 SQR31?3              argc=0 site=7017C33E
gcalls seq=001099 caller=QUEST_SERVER target=701782E8 SQR31?3              argc=0 site=7017C33E
gcalls seq=001100 caller=QUEST_SERVER target=701782E8 SQR31?3              argc=0 site=7017C33E
gcalls seq=001101 caller=QUEST_SERVER target=701782E8 SQR31?3              argc=0 site=7017C33E
gcalls seq=001102 caller=QUEST_SERVER target=701782E8 SQR31?3              argc=0 site=7017C33E
gcalls seq=001103 caller=QUEST_SERVER target=701782E8 SQR31?3              argc=0 site=7017C33E
gcalls seq=001104 caller=QUEST_SERVER target=701782E8 SQR31?3              argc=0 site=7017C33E
gcalls seq=001105 caller=QUEST_SERVER target=701782E8 SQR31?3              argc=0 site=7017C33E
gcalls seq=001106 caller=QUEST_SERVER target=701782E8 SQR31?3              argc=0 site=7017C33E
gcalls seq=001107 caller=QUEST_SERVER target=701782E8 SQR31?3              argc=0 site=7017C33E
gcalls seq=001108 caller=QUEST_SERVER target=701782E8 SQR31?3              argc=0 site=7017C33E
gcalls seq=001109 caller=QUEST_SERVER target=701782E8 SQR31?3              argc=0 site=7017C33E
gcalls seq=001110 caller=QUEST_SERVER target=701782E8 SQR31?3              argc=0 site=7017C33E
gcalls seq=001111 caller=QUEST_SERVER target=701782E8 SQR31?3              argc=0 site=7017C33E
gcalls seq=001112 caller=QUEST_SERVER target=701782E8 SQR31?3              argc=0 site=7017C33E
gcalls seq=001113 caller=QUEST_SERVER target=701782E8 SQR31?3              argc=0 site=7017C33E
gcalls seq=001114 caller=QUEST_SERVER target=701782E8 SQR31?3              argc=0 site=7017C33E
gcalls seq=001115 caller=QUEST_SERVER target=701782E8 SQR31?3              argc=0 site=7017C33E
gcalls seq=001116 caller=QUEST_SERVER target=701782E8 SQR31?3              argc=0 site=7017C33E
gcalls seq=001117 caller=QUEST_SERVER target=701782E8 SQR31?3              argc=0 site=7017C33E
gcalls seq=001118 caller=QUEST_SERVER target=701782E8 SQR31?3              argc=0 site=7017C33E
gcalls seq=001119 caller=QUEST_SERVER target=701782E8 SQR31?3              argc=0 site=7017C33E
gcalls seq=001120 caller=QUEST_SERVER target=701782E8 SQR31?3              argc=0 site=7017C33E
gcalls seq=001121 caller=QUEST_SERVER target=701782E8 SQR31?3              argc=0 site=7017C33E
gcalls seq=001122 caller=QUEST_SERVER target=701782E8 SQR31?3              argc=0 site=7017C33E
gcalls seq=001123 caller=QUEST_SERVER target=701782E8 SQR31?3              argc=0 site=7017C33E
gcalls seq=001124 caller=QUEST_SERVER target=701782E8 SQR31?3              argc=0 site=7017C33E
gcalls seq=001125 caller=QUEST_SERVER target=701782E8 SQR31?3              argc=0 site=7017C33E
gcalls seq=001126 caller=QUEST_SERVER target=701782E8 SQR31?3              argc=0 site=7017C33E
gcalls seq=001127 caller=QUEST_SERVER target=701782E8 SQR31?3              argc=0 site=7017C33E
gcalls seq=001128 caller=QUEST_SERVER target=701782E8 SQR31?3              argc=0 site=7017C33E
gcalls seq=001129 caller=QUEST_SERVER target=701782E8 SQR31?3              argc=0 site=7017C33E
gcalls seq=001130 caller=QUEST_SERVER target=701782E8 SQR31?3              argc=0 site=7017C33E
gcalls seq=001131 caller=QUEST_SERVER target=701782E8 SQR31?3              argc=0 site=7017C33E
gcalls seq=001132 caller=QUEST_SERVER target=701782E8 SQR31?3              argc=0 site=7017C33E
gcalls seq=001133 caller=QUEST_SERVER target=701782E8 SQR31?3              argc=0 site=7017C33E
gcalls seq=001134 caller=QUEST_SERVER target=701782E8 SQR31?3              argc=0 site=7017C33E
gcalls seq=001135 caller=QUEST_SERVER target=701782E8 SQR31?3              argc=0 site=7017C33E
gcalls seq=001136 caller=QUEST_SERVER target=701782E8 SQR31?3              argc=0 site=7017C33E
gcalls seq=001137 caller=QUEST_SERVER target=701782E8 SQR31?3              argc=0 site=7017C33E
gcalls seq=001138 caller=QUEST_SERVER target=701782E8 SQR31?3              argc=0 site=7017C33E
gcalls seq=001139 caller=QUEST_SERVER target=701782E8 SQR31?3              argc=0 site=7017C33E
gcalls seq=001140 caller=QUEST_SERVER target=701782E8 SQR31?3              argc=0 site=7017C33E
gcalls seq=001141 caller=QUEST_SERVER target=701782E8 SQR31?3              argc=0 site=7017C33E
gcalls seq=001142 caller=QUEST_SERVER target=701782E8 SQR31?3              argc=0 site=7017C33E
gcalls seq=001143 caller=QUEST_SERVER target=701782E8 SQR31?3              argc=0 site=7017C33E
gcalls seq=001144 caller=QUEST_SERVER target=701782E8 SQR31?3              argc=0 site=7017C33E
gcalls seq=001145 caller=QUEST_SERVER target=701782E8 SQR31?3              argc=0 site=7017C33E
gcalls seq=001146 caller=QUEST_SERVER target=701782E8 SQR31?3              argc=0 site=7017C33E
gcalls seq=001147 caller=QUEST_SERVER target=701782E8 SQR31?3              argc=0 site=7017C33E
gcalls seq=001148 caller=QUEST_SERVER target=701782E8 SQR31?3              argc=0 site=7017C33E
gcalls seq=001149 caller=QUEST_SERVER target=701782E8 SQR31?3              argc=0 site=7017C33E
gcalls seq=001150 caller=QUEST_SERVER target=701782E8 SQR31?3              argc=0 site=7017C33E
gcalls seq=001151 caller=QUEST_SERVER target=701782E8 SQR31?3              argc=0 site=7017C33E
gcalls seq=001152 caller=QUEST_SERVER target=701782E8 SQR31?3              argc=0 site=7017C33E
gcalls seq=001153 caller=QUEST_SERVER target=701782E8 SQR31?3              argc=0 site=7017C33E
gcalls seq=001154 caller=QUEST_SERVER target=701782E8 SQR31?3              argc=0 site=7017C33E
gcalls seq=001155 caller=QUEST_SERVER target=701782E8 SQR31?3              argc=0 site=7017C33E
gcalls seq=001156 caller=QUEST_SERVER target=7017C098 ROLL32               argc=0 site=7017E21A
gcalls seq=001157 caller=QUEST_SERVER target=70178F4D FIND_OBJECT          argc=3 site=7017B168
gcalls seq=001158 caller=QUEST_SERVER target=7017C99B UPDATE_USER_DATA_FILE argc=3 site=7017B1DD
gcalls seq=001167 caller=QUEST1 target=7016DF39 INIT_OBJ_TBL         argc=2 site=7015C2B7
gcalls seq=001168 caller=QUEST1 target=7015C5E1 -                    argc=0 site=7015C337
gcalls seq=001169 caller=QUEST2 target=7016DF39 INIT_OBJ_TBL         argc=2 site=7015C2B7
gcalls seq=001170 caller=QUEST2 target=7015C5E1 -                    argc=0 site=7015C337
gcalls seq=001171 caller=QUEST1 target=7016E103 INIT_SCREEN          argc=1 site=7015C38C
gcalls seq=001172 caller=QUEST2 target=7016E103 INIT_SCREEN          argc=1 site=7015C38C
gcalls seq=001173 caller=QUEST1 target=701697A1 FAKE_LAND_MASS       argc=1 site=7016E1D2
gcalls seq=001174 caller=QUEST2 target=701697A1 FAKE_LAND_MASS       argc=1 site=7016E1D2
gcalls seq=001175 caller=QUEST1 target=701699B5 FAKE_OCEAN           argc=1 site=7016E1D8
gcalls seq=001176 caller=QUEST2 target=701699B5 FAKE_OCEAN           argc=1 site=7016E1D8
gcalls seq=001191 caller=QUEST1 target=7016B549 GET_QUEST            argc=0 site=7015C3B5
gcalls seq=001192 caller=QUEST2 target=7016B549 GET_QUEST            argc=0 site=7015C3B5
gcalls seq=001201 caller=QUEST1 target=70165713 C_A_LISTENER         argc=1 site=7017E7C1
gcalls seq=001202 caller=QUEST2 target=70165713 C_A_LISTENER         argc=1 site=7017E7C1
gcalls seq=001216 caller=QUEST1 target=7016DE91 HIT_ANY_CHAR         argc=0 site=7016BCA0
gcalls seq=001217 caller=QUEST2 target=7016DE91 HIT_ANY_CHAR         argc=0 site=7016BCA0
gcalls seq=001225 caller=QUEST1 target=7016AA35 GET_INPUT            argc=1 site=7016DEA9
gcalls seq=001226 caller=QUEST2 target=7016AA35 GET_INPUT            argc=1 site=7016DEA9
gcalls seq=001241 caller=QUEST1 target=70176A93 REFRESH_SCREEN       argc=0 site=7016BCA4
gcalls seq=001242 caller=QUEST2 target=70176A93 REFRESH_SCREEN       argc=0 site=7016BCA4
gcalls seq=001327 caller=QUEST1 target=70166AF9 DISPLAY_SCREEN       argc=1 site=7016BCBE
gcalls seq=001328 caller=QUEST1 target=70168717 DIST                 argc=4 site=70166B86
gcalls seq=001329 caller=QUEST1 target=70168717 DIST                 argc=4 site=70166B86
gcalls seq=001330 caller=QUEST1 target=70168717 DIST                 argc=4 site=70166B86
gcalls seq=001331 caller=QUEST2 target=70166AF9 DISPLAY_SCREEN       argc=1 site=7016BCBE
gcalls seq=001332 caller=QUEST2 target=70168717 DIST                 argc=4 site=70166B86
gcalls seq=001336 caller=QUEST2 target=70168717 DIST                 argc=4 site=70166B86
gcalls seq=001340 caller=QUEST2 target=70168717 DIST                 argc=4 site=70166B86
gcalls seq=001344 caller=QUEST1 target=70168717 DIST                 argc=4 site=70166E1C
gcalls seq=001345 caller=QUEST1 target=70168717 DIST                 argc=4 site=70166E1C
gcalls seq=001346 caller=QUEST1 target=70168717 DIST                 argc=4 site=70166E1C
gcalls seq=001347 caller=QUEST2 target=70168717 DIST                 argc=4 site=70166E1C
gcalls seq=001351 caller=QUEST2 target=70168717 DIST                 argc=4 site=70166E1C
gcalls seq=001355 caller=QUEST2 target=70168717 DIST                 argc=4 site=70166E1C
gcalls seq=001359 caller=QUEST1 target=70168717 DIST                 argc=4 site=70166E1C
gcalls seq=001360 caller=QUEST1 target=70168717 DIST                 argc=4 site=70166E1C
gcalls seq=001361 caller=QUEST2 target=70168717 DIST                 argc=4 site=70166E1C
gcalls seq=001365 caller=QUEST2 target=70168717 DIST                 argc=4 site=70166E1C
gcalls seq=001369 caller=QUEST1 target=70168717 DIST                 argc=4 site=70166E1C
gcalls seq=001370 caller=QUEST2 target=70168717 DIST                 argc=4 site=70166E1C
gcalls seq=001374 caller=QUEST1 target=70168717 DIST                 argc=4 site=70166E1C
gcalls seq=001375 caller=QUEST1 target=70168717 DIST                 argc=4 site=70166E1C
gcalls seq=001376 caller=QUEST1 target=70168717 DIST                 argc=4 site=70166E1C
gcalls seq=001377 caller=QUEST2 target=70168717 DIST                 argc=4 site=70166E1C
gcalls seq=001381 caller=QUEST2 target=70168717 DIST                 argc=4 site=70166E1C
gcalls seq=001385 caller=QUEST2 target=70168717 DIST                 argc=4 site=70166E1C
gcalls seq=001389 caller=QUEST1 target=70168717 DIST                 argc=4 site=70166E1C
gcalls seq=001390 caller=QUEST1 target=70168717 DIST                 argc=4 site=70166E1C
gcalls seq=001391 caller=QUEST2 target=70168717 DIST                 argc=4 site=70166E1C
gcalls seq=001395 caller=QUEST2 target=70168717 DIST                 argc=4 site=70166E1C
gcalls seq=001399 caller=QUEST1 target=70168717 DIST                 argc=4 site=70166E1C
gcalls seq=001400 caller=QUEST2 target=70168717 DIST                 argc=4 site=70166E1C
gcalls seq=001404 caller=QUEST1 target=70168717 DIST                 argc=4 site=70166E1C
gcalls seq=001405 caller=QUEST1 target=70168717 DIST                 argc=4 site=70166E1C
gcalls seq=001406 caller=QUEST1 target=70168717 DIST                 argc=4 site=70166E1C
gcalls seq=001407 caller=QUEST2 target=70168717 DIST                 argc=4 site=70166E1C
gcalls seq=001411 caller=QUEST2 target=70168717 DIST                 argc=4 site=70166E1C
gcalls seq=001415 caller=QUEST2 target=70168717 DIST                 argc=4 site=70166E1C
gcalls seq=001419 caller=QUEST1 target=70168717 DIST                 argc=4 site=70166E1C
gcalls seq=001420 caller=QUEST1 target=70168717 DIST                 argc=4 site=70166E1C
gcalls seq=001421 caller=QUEST2 target=70168717 DIST                 argc=4 site=70166E1C
gcalls seq=001425 caller=QUEST2 target=70168717 DIST                 argc=4 site=70166E1C
gcalls seq=001429 caller=QUEST1 target=70168717 DIST                 argc=4 site=70166E1C
gcalls seq=001430 caller=QUEST2 target=70168717 DIST                 argc=4 site=70166E1C
gcalls seq=001434 caller=QUEST1 target=70168717 DIST                 argc=4 site=70166E1C
gcalls seq=001435 caller=QUEST1 target=70168717 DIST                 argc=4 site=70166E1C
gcalls seq=001436 caller=QUEST1 target=70168717 DIST                 argc=4 site=70166E1C
gcalls seq=001437 caller=QUEST2 target=70168717 DIST                 argc=4 site=70166E1C
gcalls seq=001441 caller=QUEST2 target=70168717 DIST                 argc=4 site=70166E1C
gcalls seq=001445 caller=QUEST2 target=70168717 DIST                 argc=4 site=70166E1C
gcalls seq=001449 caller=QUEST1 target=70168717 DIST                 argc=4 site=70166E1C
gcalls seq=001450 caller=QUEST1 target=70168717 DIST                 argc=4 site=70166E1C
gcalls seq=001451 caller=QUEST2 target=70168717 DIST                 argc=4 site=70166E1C
gcalls seq=001455 caller=QUEST2 target=70168717 DIST                 argc=4 site=70166E1C
gcalls seq=001459 caller=QUEST1 target=70168717 DIST                 argc=4 site=70166E1C
gcalls seq=001460 caller=QUEST2 target=70168717 DIST                 argc=4 site=70166E1C
gcalls seq=001464 caller=QUEST1 target=70168717 DIST                 argc=4 site=70166E1C
gcalls seq=001465 caller=QUEST1 target=70168717 DIST                 argc=4 site=70166E1C
gcalls seq=001466 caller=QUEST1 target=70168717 DIST                 argc=4 site=70166E1C
gcalls seq=001467 caller=QUEST2 target=70168717 DIST                 argc=4 site=70166E1C
gcalls seq=001471 caller=QUEST2 target=70168717 DIST                 argc=4 site=70166E1C
gcalls seq=001475 caller=QUEST2 target=70168717 DIST                 argc=4 site=70166E1C
gcalls seq=001479 caller=QUEST1 target=70168717 DIST                 argc=4 site=70166E1C
gcalls seq=001480 caller=QUEST1 target=70168717 DIST                 argc=4 site=70166E1C
gcalls seq=001481 caller=QUEST2 target=70168717 DIST                 argc=4 site=70166E1C
gcalls seq=001485 caller=QUEST2 target=70168717 DIST                 argc=4 site=70166E1C
gcalls seq=001489 caller=QUEST1 target=70168717 DIST                 argc=4 site=70166E1C
gcalls seq=001490 caller=QUEST2 target=70168717 DIST                 argc=4 site=70166E1C
gcalls seq=001494 caller=QUEST1 target=70168717 DIST                 argc=4 site=70166E1C
gcalls seq=001495 caller=QUEST1 target=70168717 DIST                 argc=4 site=70166E1C
gcalls seq=001496 caller=QUEST1 target=70168717 DIST                 argc=4 site=70166E1C
gcalls seq=001497 caller=QUEST2 target=70168717 DIST                 argc=4 site=70166E1C
gcalls seq=001501 caller=QUEST2 target=70168717 DIST                 argc=4 site=70166E1C
gcalls seq=001505 caller=QUEST2 target=70168717 DIST                 argc=4 site=70166E1C
gcalls seq=001509 caller=QUEST1 target=70168717 DIST                 argc=4 site=70166E1C
gcalls seq=001510 caller=QUEST2 target=70168717 DIST                 argc=4 site=70166E1C
gcalls seq=001514 caller=QUEST1 target=70168717 DIST                 argc=4 site=70166E1C
gcalls seq=001515 caller=QUEST1 target=70168717 DIST                 argc=4 site=70166E1C
gcalls seq=001516 caller=QUEST2 target=70168717 DIST                 argc=4 site=70166E1C
gcalls seq=001520 caller=QUEST2 target=70168717 DIST                 argc=4 site=70166E1C
gcalls seq=001524 caller=QUEST1 target=70168717 DIST                 argc=4 site=70166E1C
gcalls seq=001525 caller=QUEST1 target=70168717 DIST                 argc=4 site=70166E1C
gcalls seq=001526 caller=QUEST1 target=70168717 DIST                 argc=4 site=70166E1C
gcalls seq=001527 caller=QUEST2 target=70168717 DIST                 argc=4 site=70166E1C
gcalls seq=001531 caller=QUEST2 target=70168717 DIST                 argc=4 site=70166E1C
gcalls seq=001535 caller=QUEST2 target=70168717 DIST                 argc=4 site=70166E1C
gcalls seq=001539 caller=QUEST1 target=70168717 DIST                 argc=4 site=70166E1C
gcalls seq=001540 caller=QUEST2 target=70168717 DIST                 argc=4 site=70166E1C
gcalls seq=001544 caller=QUEST1 target=70168717 DIST                 argc=4 site=70166E1C
gcalls seq=001545 caller=QUEST1 target=70168717 DIST                 argc=4 site=70166E1C
gcalls seq=001546 caller=QUEST2 target=70168717 DIST                 argc=4 site=70166E1C
gcalls seq=001550 caller=QUEST2 target=70168717 DIST                 argc=4 site=70166E1C
gcalls seq=001554 caller=QUEST1 target=70168717 DIST                 argc=4 site=70166E1C
gcalls seq=001555 caller=QUEST1 target=70168717 DIST                 argc=4 site=70166E1C
gcalls seq=001556 caller=QUEST1 target=70168717 DIST                 argc=4 site=70166E1C
gcalls seq=001557 caller=QUEST2 target=70168717 DIST                 argc=4 site=70166E1C
gcalls seq=001561 caller=QUEST2 target=70168717 DIST                 argc=4 site=70166E1C
gcalls seq=001565 caller=QUEST2 target=70168717 DIST                 argc=4 site=70166E1C
gcalls seq=001569 caller=QUEST1 target=70168717 DIST                 argc=4 site=70166E1C
gcalls seq=001570 caller=QUEST2 target=70168717 DIST                 argc=4 site=70166E1C
gcalls seq=001573 caller=QUEST1 target=70168717 DIST                 argc=4 site=70166E1C
gcalls seq=001574 caller=QUEST1 target=70168717 DIST                 argc=4 site=70166E1C
gcalls seq=001576 caller=QUEST2 target=70168717 DIST                 argc=4 site=70166E1C
gcalls seq=001580 caller=QUEST2 target=70168717 DIST                 argc=4 site=70166E1C
gcalls seq=001584 caller=QUEST1 target=70168717 DIST                 argc=4 site=70166E1C
gcalls seq=001585 caller=QUEST1 target=70168717 DIST                 argc=4 site=70166E1C
gcalls seq=001586 caller=QUEST2 target=70168717 DIST                 argc=4 site=70166E1C
gcalls seq=001590 caller=QUEST2 target=70168717 DIST                 argc=4 site=70166E1C
gcalls seq=001594 caller=QUEST1 target=70168717 DIST                 argc=4 site=70166E1C
gcalls seq=001595 caller=QUEST2 target=70168717 DIST                 argc=4 site=70166E1C
gcalls seq=001599 caller=QUEST1 target=70168717 DIST                 argc=4 site=70166E1C
gcalls seq=001600 caller=QUEST1 target=70168717 DIST                 argc=4 site=70166E1C
gcalls seq=001601 caller=QUEST1 target=70168717 DIST                 argc=4 site=70166E1C
gcalls seq=001602 caller=QUEST2 target=70168717 DIST                 argc=4 site=70166E1C
gcalls seq=001606 caller=QUEST2 target=70168717 DIST                 argc=4 site=70166E1C
gcalls seq=001610 caller=QUEST2 target=70168717 DIST                 argc=4 site=70166E1C
gcalls seq=001614 caller=QUEST1 target=70168717 DIST                 argc=4 site=70166E1C
gcalls seq=001615 caller=QUEST2 target=70168717 DIST                 argc=4 site=70166E1C
gcalls seq=001619 caller=QUEST1 target=70168717 DIST                 argc=4 site=70166E1C
gcalls seq=001620 caller=QUEST1 target=70168717 DIST                 argc=4 site=70166E1C
gcalls seq=001621 caller=QUEST2 target=70168717 DIST                 argc=4 site=70166E1C
gcalls seq=001625 caller=QUEST2 target=70168717 DIST                 argc=4 site=70166E1C
gcalls seq=001629 caller=QUEST1 target=70168717 DIST                 argc=4 site=70166E1C
gcalls seq=001630 caller=QUEST1 target=70168717 DIST                 argc=4 site=70166E1C
gcalls seq=001631 caller=QUEST1 target=70168717 DIST                 argc=4 site=70166E1C
gcalls seq=001632 caller=QUEST2 target=70168717 DIST                 argc=4 site=70166E1C
gcalls seq=001636 caller=QUEST2 target=70168717 DIST                 argc=4 site=70166E1C
gcalls seq=001640 caller=QUEST2 target=70168717 DIST                 argc=4 site=70166E1C
gcalls seq=001644 caller=QUEST1 target=70168717 DIST                 argc=4 site=70166E1C
gcalls seq=001645 caller=QUEST1 target=70168717 DIST                 argc=4 site=70166E1C
gcalls seq=001646 caller=QUEST1 target=70168717 DIST                 argc=4 site=70166E1C
gcalls seq=001647 caller=QUEST2 target=70168717 DIST                 argc=4 site=70166E1C
gcalls seq=001651 caller=QUEST2 target=70168717 DIST                 argc=4 site=70166E1C
gcalls seq=001655 caller=QUEST2 target=70168717 DIST                 argc=4 site=70166E1C
gcalls seq=001659 caller=QUEST1 target=70168717 DIST                 argc=4 site=70166E1C
gcalls seq=001660 caller=QUEST1 target=70168717 DIST                 argc=4 site=70166E1C
gcalls seq=001661 caller=QUEST2 target=70168717 DIST                 argc=4 site=70166E1C
gcalls seq=001665 caller=QUEST2 target=70168717 DIST                 argc=4 site=70166E1C
gcalls seq=001668 caller=QUEST1 target=70168717 DIST                 argc=4 site=70166E1C
gcalls seq=001670 caller=QUEST2 target=70168717 DIST                 argc=4 site=70166E1C
gcalls seq=001674 caller=QUEST1 target=70168717 DIST                 argc=4 site=70166E1C
gcalls seq=001675 caller=QUEST1 target=70168717 DIST                 argc=4 site=70166E1C
gcalls seq=001676 caller=QUEST1 target=70168717 DIST                 argc=4 site=70166E1C
gcalls seq=001677 caller=QUEST2 target=70168717 DIST                 argc=4 site=70166E1C
gcalls seq=001681 caller=QUEST2 target=70168717 DIST                 argc=4 site=70166E1C
gcalls seq=001685 caller=QUEST2 target=70168717 DIST                 argc=4 site=70166E1C
gcalls seq=001689 caller=QUEST1 target=70168717 DIST                 argc=4 site=70166E1C
gcalls seq=001690 caller=QUEST2 target=70168717 DIST                 argc=4 site=70166E1C
gcalls seq=001693 caller=QUEST1 target=70168717 DIST                 argc=4 site=70166E1C
gcalls seq=001694 caller=QUEST1 target=70168717 DIST                 argc=4 site=70166E1C
gcalls seq=001696 caller=QUEST2 target=70168717 DIST                 argc=4 site=70166E1C
gcalls seq=001700 caller=QUEST2 target=70168717 DIST                 argc=4 site=70166E1C
gcalls seq=001704 caller=QUEST1 target=70168717 DIST                 argc=4 site=70166E1C
gcalls seq=001705 caller=QUEST1 target=70168717 DIST                 argc=4 site=70166E1C
gcalls seq=001706 caller=QUEST1 target=70168717 DIST                 argc=4 site=70166E1C
gcalls seq=001707 caller=QUEST2 target=70168717 DIST                 argc=4 site=70166E1C
gcalls seq=001711 caller=QUEST2 target=70168717 DIST                 argc=4 site=70166E1C
gcalls seq=001715 caller=QUEST2 target=70168717 DIST                 argc=4 site=70166E1C
gcalls seq=001719 caller=QUEST1 target=70168717 DIST                 argc=4 site=70166E1C
gcalls seq=001720 caller=QUEST2 target=70168717 DIST                 argc=4 site=70166E1C
gcalls seq=001723 caller=QUEST1 target=70168717 DIST                 argc=4 site=70166E1C
gcalls seq=001724 caller=QUEST1 target=70168717 DIST                 argc=4 site=70166E1C
gcalls seq=001726 caller=QUEST2 target=70168717 DIST                 argc=4 site=70166E1C
gcalls seq=001730 caller=QUEST2 target=70168717 DIST                 argc=4 site=70166E1C
gcalls seq=001734 caller=QUEST1 target=70168717 DIST                 argc=4 site=70166E1C
gcalls seq=001735 caller=QUEST1 target=70168717 DIST                 argc=4 site=70166E1C
gcalls seq=001736 caller=QUEST1 target=70168717 DIST                 argc=4 site=70166E1C
gcalls seq=001737 caller=QUEST2 target=70168717 DIST                 argc=4 site=70166E1C
gcalls seq=001741 caller=QUEST2 target=70168717 DIST                 argc=4 site=70166E1C
gcalls seq=001745 caller=QUEST2 target=70168717 DIST                 argc=4 site=70166E1C
gcalls seq=001749 caller=QUEST1 target=70168717 DIST                 argc=4 site=70166E1C
gcalls seq=001750 caller=QUEST1 target=70168717 DIST                 argc=4 site=70166E1C
gcalls seq=001751 caller=QUEST1 target=70168717 DIST                 argc=4 site=70166E1C
gcalls seq=001752 caller=QUEST2 target=70168717 DIST                 argc=4 site=70166E1C
gcalls seq=001756 caller=QUEST2 target=70168717 DIST                 argc=4 site=70166E1C
gcalls seq=001760 caller=QUEST2 target=70168717 DIST                 argc=4 site=70166E1C
gcalls seq=001764 caller=QUEST1 target=70168717 DIST                 argc=4 site=70166E1C
gcalls seq=001765 caller=QUEST2 target=70168717 DIST                 argc=4 site=70166E1C
gcalls seq=001769 caller=QUEST1 target=70168717 DIST                 argc=4 site=70166E1C
gcalls seq=001770 caller=QUEST1 target=70168717 DIST                 argc=4 site=70166E1C
gcalls seq=001771 caller=QUEST2 target=70168717 DIST                 argc=4 site=70166E1C
gcalls seq=001775 caller=QUEST2 target=70168717 DIST                 argc=4 site=70166E1C
gcalls seq=001779 caller=QUEST1 target=70168717 DIST                 argc=4 site=70166E1C
gcalls seq=001780 caller=QUEST1 target=70168717 DIST                 argc=4 site=70166E1C
gcalls seq=001781 caller=QUEST1 target=70168717 DIST                 argc=4 site=70166E1C
gcalls seq=001782 caller=QUEST2 target=70168717 DIST                 argc=4 site=70166E1C
gcalls seq=001786 caller=QUEST2 target=70168717 DIST                 argc=4 site=70166E1C
gcalls seq=001790 caller=QUEST2 target=70168717 DIST                 argc=4 site=70166E1C
gcalls seq=001794 caller=QUEST1 target=70168717 DIST                 argc=4 site=70166E1C
gcalls seq=001795 caller=QUEST1 target=70168717 DIST                 argc=4 site=70166E1C
gcalls seq=001796 caller=QUEST1 target=70168717 DIST                 argc=4 site=70166E1C
gcalls seq=001797 caller=QUEST2 target=70168717 DIST                 argc=4 site=70166E1C
gcalls seq=001801 caller=QUEST2 target=70168717 DIST                 argc=4 site=70166E1C
gcalls seq=001805 caller=QUEST2 target=70168717 DIST                 argc=4 site=70166E1C
gcalls seq=001809 caller=QUEST1 target=70168717 DIST                 argc=4 site=70166E1C
gcalls seq=001810 caller=QUEST1 target=70168717 DIST                 argc=4 site=70166E1C
gcalls seq=001811 caller=QUEST2 target=70168717 DIST                 argc=4 site=70166E1C
gcalls seq=001815 caller=QUEST2 target=70168717 DIST                 argc=4 site=70166E1C
gcalls seq=001817 caller=QUEST1 target=70168717 DIST                 argc=4 site=70166E1C
gcalls seq=001820 caller=QUEST2 target=70168717 DIST                 argc=4 site=70166E1C
gcalls seq=001824 caller=QUEST1 target=70168717 DIST                 argc=4 site=70166E1C
gcalls seq=001825 caller=QUEST1 target=70168717 DIST                 argc=4 site=70166E1C
gcalls seq=001826 caller=QUEST1 target=70168717 DIST                 argc=4 site=70166E1C
gcalls seq=001827 caller=QUEST2 target=70168717 DIST                 argc=4 site=70166E1C
gcalls seq=001831 caller=QUEST2 target=70168717 DIST                 argc=4 site=70166E1C
gcalls seq=001835 caller=QUEST2 target=70168717 DIST                 argc=4 site=70166E1C
gcalls seq=001839 caller=QUEST1 target=70168717 DIST                 argc=4 site=70166E1C
gcalls seq=001840 caller=QUEST2 target=70168717 DIST                 argc=4 site=70166E1C
gcalls seq=001842 caller=QUEST1 target=70168717 DIST                 argc=4 site=70166E1C
gcalls seq=001843 caller=QUEST1 target=70168717 DIST                 argc=4 site=70166E1C
gcalls seq=001846 caller=QUEST2 target=70168717 DIST                 argc=4 site=70166E1C
gcalls seq=001850 caller=QUEST2 target=70168717 DIST                 argc=4 site=70166E1C
gcalls seq=001854 caller=QUEST1 target=70168717 DIST                 argc=4 site=70166E1C
gcalls seq=001855 caller=QUEST1 target=70168717 DIST                 argc=4 site=70166E1C
gcalls seq=001856 caller=QUEST1 target=70168717 DIST                 argc=4 site=70166E1C
gcalls seq=001857 caller=QUEST2 target=70168717 DIST                 argc=4 site=70166E1C
gcalls seq=001861 caller=QUEST2 target=70168717 DIST                 argc=4 site=70166E1C
gcalls seq=001865 caller=QUEST2 target=70168717 DIST                 argc=4 site=70166E1C
gcalls seq=001869 caller=QUEST1 target=70168717 DIST                 argc=4 site=70166E1C
gcalls seq=001870 caller=QUEST1 target=70168717 DIST                 argc=4 site=70166E1C
gcalls seq=001871 caller=QUEST1 target=70168717 DIST                 argc=4 site=70166E1C
gcalls seq=001872 caller=QUEST2 target=70168717 DIST                 argc=4 site=70166E1C
gcalls seq=001876 caller=QUEST2 target=70168717 DIST                 argc=4 site=70166E1C
gcalls seq=001880 caller=QUEST2 target=70168717 DIST                 argc=4 site=70166E1C
gcalls seq=001884 caller=QUEST1 target=70168717 DIST                 argc=4 site=70166E1C
gcalls seq=001885 caller=QUEST1 target=70168717 DIST                 argc=4 site=70166E1C
gcalls seq=001886 caller=QUEST1 target=70168717 DIST                 argc=4 site=70166E1C
gcalls seq=001887 caller=QUEST2 target=70168717 DIST                 argc=4 site=70166E1C
gcalls seq=001891 caller=QUEST2 target=70168717 DIST                 argc=4 site=70166E1C
gcalls seq=001895 caller=QUEST2 target=70168717 DIST                 argc=4 site=70166E1C
gcalls seq=001899 caller=QUEST1 target=70168717 DIST                 argc=4 site=70166E1C
gcalls seq=001900 caller=QUEST1 target=70168717 DIST                 argc=4 site=70166E1C
gcalls seq=001901 caller=QUEST1 target=70168717 DIST                 argc=4 site=70166E1C
gcalls seq=001902 caller=QUEST2 target=70168717 DIST                 argc=4 site=70166E1C
gcalls seq=001906 caller=QUEST2 target=70168717 DIST                 argc=4 site=70166E1C
gcalls seq=001910 caller=QUEST2 target=70168717 DIST                 argc=4 site=70166E1C
gcalls seq=001914 caller=QUEST1 target=70168717 DIST                 argc=4 site=70166E1C
gcalls seq=001915 caller=QUEST1 target=70168717 DIST                 argc=4 site=70166E1C
gcalls seq=001916 caller=QUEST1 target=70168717 DIST                 argc=4 site=70166E1C
gcalls seq=001917 caller=QUEST2 target=70168717 DIST                 argc=4 site=70166E1C
gcalls seq=001921 caller=QUEST2 target=70168717 DIST                 argc=4 site=70166E1C
gcalls seq=001925 caller=QUEST2 target=70168717 DIST                 argc=4 site=70166E1C
gcalls seq=001929 caller=QUEST1 target=70168717 DIST                 argc=4 site=70166E1C
gcalls seq=001930 caller=QUEST1 target=70168717 DIST                 argc=4 site=70166E1C
gcalls seq=001931 caller=QUEST1 target=70168717 DIST                 argc=4 site=70166E1C
gcalls seq=001932 caller=QUEST2 target=70168717 DIST                 argc=4 site=70166E1C
gcalls seq=001936 caller=QUEST2 target=70168717 DIST                 argc=4 site=70166E1C
gcalls seq=001940 caller=QUEST2 target=70168717 DIST                 argc=4 site=70166E1C
gcalls seq=001944 caller=QUEST1 target=70168717 DIST                 argc=4 site=70166E1C
gcalls seq=001945 caller=QUEST1 target=70168717 DIST                 argc=4 site=70166E1C
gcalls seq=001946 caller=QUEST2 target=70168717 DIST                 argc=4 site=70166E1C
gcalls seq=001950 caller=QUEST2 target=70168717 DIST                 argc=4 site=70166E1C
gcalls seq=001953 caller=QUEST1 target=70168717 DIST                 argc=4 site=70166E1C
gcalls seq=001955 caller=QUEST2 target=70168717 DIST                 argc=4 site=70166E1C
gcalls seq=001959 caller=QUEST1 target=70168717 DIST                 argc=4 site=70166E1C
gcalls seq=001960 caller=QUEST1 target=70168717 DIST                 argc=4 site=70166E1C
gcalls seq=001961 caller=QUEST1 target=70168717 DIST                 argc=4 site=70166E1C
gcalls seq=001962 caller=QUEST2 target=70168717 DIST                 argc=4 site=70166E1C
gcalls seq=001966 caller=QUEST2 target=70168717 DIST                 argc=4 site=70166E1C
gcalls seq=001970 caller=QUEST2 target=70168717 DIST                 argc=4 site=70166E1C
gcalls seq=001974 caller=QUEST1 target=70168717 DIST                 argc=4 site=70166E1C
gcalls seq=001975 caller=QUEST1 target=70168717 DIST                 argc=4 site=70166E1C
gcalls seq=001976 caller=QUEST2 target=70168717 DIST                 argc=4 site=70166E1C
gcalls seq=001980 caller=QUEST2 target=70168717 DIST                 argc=4 site=70166E1C
gcalls seq=001983 caller=QUEST1 target=70168717 DIST                 argc=4 site=70166E1C
gcalls seq=001985 caller=QUEST2 target=70168717 DIST                 argc=4 site=70166E1C
gcalls seq=001989 caller=QUEST1 target=70168717 DIST                 argc=4 site=70166E1C
gcalls seq=001990 caller=QUEST1 target=70168717 DIST                 argc=4 site=70166E1C
gcalls seq=001991 caller=QUEST1 target=70168717 DIST                 argc=4 site=70166E1C
gcalls seq=001992 caller=QUEST2 target=70168717 DIST                 argc=4 site=70166E1C
gcalls seq=001996 caller=QUEST2 target=70168717 DIST                 argc=4 site=70166E1C
gcalls seq=002000 caller=QUEST2 target=70168717 DIST                 argc=4 site=70166E1C
gcalls seq=002004 caller=QUEST1 target=70168717 DIST                 argc=4 site=70166E1C
gcalls seq=002005 caller=QUEST2 target=70168717 DIST                 argc=4 site=70166E1C
gcalls seq=002008 caller=QUEST1 target=70168717 DIST                 argc=4 site=70166E1C
gcalls seq=002009 caller=QUEST1 target=70168717 DIST                 argc=4 site=70166E1C
gcalls seq=002011 caller=QUEST2 target=70168717 DIST                 argc=4 site=70166E1C
gcalls seq=002015 caller=QUEST2 target=70168717 DIST                 argc=4 site=70166E1C
gcalls seq=002019 caller=QUEST1 target=70168717 DIST                 argc=4 site=70166E1C
gcalls seq=002020 caller=QUEST1 target=70168717 DIST                 argc=4 site=70166E1C
gcalls seq=002021 caller=QUEST1 target=70168717 DIST                 argc=4 site=70166E1C
gcalls seq=002022 caller=QUEST2 target=70168717 DIST                 argc=4 site=70166E1C
gcalls seq=002026 caller=QUEST2 target=70168717 DIST                 argc=4 site=70166E1C
gcalls seq=002030 caller=QUEST2 target=70168717 DIST                 argc=4 site=70166E1C
gcalls seq=002034 caller=QUEST1 target=70168717 DIST                 argc=4 site=70166E1C
gcalls seq=002035 caller=QUEST2 target=70168717 DIST                 argc=4 site=70166E1C
gcalls seq=002038 caller=QUEST1 target=70168717 DIST                 argc=4 site=70166E1C
gcalls seq=002039 caller=QUEST1 target=70168717 DIST                 argc=4 site=70166E1C
gcalls seq=002041 caller=QUEST2 target=70168717 DIST                 argc=4 site=70166E1C
gcalls seq=002045 caller=QUEST2 target=70168717 DIST                 argc=4 site=70166E1C
gcalls seq=002049 caller=QUEST1 target=70168717 DIST                 argc=4 site=70166E1C
gcalls seq=002050 caller=QUEST1 target=70168717 DIST                 argc=4 site=70166E1C
gcalls seq=002051 caller=QUEST1 target=70168717 DIST                 argc=4 site=70166E1C
gcalls seq=002052 caller=QUEST2 target=70168717 DIST                 argc=4 site=70166E1C
gcalls seq=002056 caller=QUEST2 target=70168717 DIST                 argc=4 site=70166E1C
gcalls seq=002060 caller=QUEST2 target=70168717 DIST                 argc=4 site=70166E1C
gcalls seq=002064 caller=QUEST1 target=70168717 DIST                 argc=4 site=70166E1C
gcalls seq=002065 caller=QUEST2 target=70168717 DIST                 argc=4 site=70166E1C
gcalls seq=002067 caller=QUEST1 target=70168717 DIST                 argc=4 site=70166E1C
gcalls seq=002068 caller=QUEST1 target=70168717 DIST                 argc=4 site=70166E1C
gcalls seq=002071 caller=QUEST2 target=70168717 DIST                 argc=4 site=70166E1C
gcalls seq=002075 caller=QUEST2 target=70168717 DIST                 argc=4 site=70166E1C
gcalls seq=002079 caller=QUEST1 target=70168717 DIST                 argc=4 site=70166E1C
gcalls seq=002080 caller=QUEST1 target=70168717 DIST                 argc=4 site=70166E1C
gcalls seq=002081 caller=QUEST2 target=70168717 DIST                 argc=4 site=70166E1C
gcalls seq=002085 caller=QUEST2 target=70168717 DIST                 argc=4 site=70166E1C
gcalls seq=002089 caller=QUEST1 target=70168717 DIST                 argc=4 site=70166E1C
gcalls seq=002090 caller=QUEST2 target=70168717 DIST                 argc=4 site=70166E1C
gcalls seq=002094 caller=QUEST1 target=70168717 DIST                 argc=4 site=70166E1C
gcalls seq=002095 caller=QUEST1 target=70168717 DIST                 argc=4 site=70166E1C
gcalls seq=002096 caller=QUEST1 target=70168717 DIST                 argc=4 site=70166E1C
gcalls seq=002097 caller=QUEST2 target=70168717 DIST                 argc=4 site=70166E1C
gcalls seq=002101 caller=QUEST2 target=70168717 DIST                 argc=4 site=70166E1C
gcalls seq=002105 caller=QUEST2 target=70168717 DIST                 argc=4 site=70166E1C
gcalls seq=002109 caller=QUEST1 target=70168717 DIST                 argc=4 site=70166E1C
gcalls seq=002110 caller=QUEST2 target=70168717 DIST                 argc=4 site=70166E1C
gcalls seq=002114 caller=QUEST1 target=70168717 DIST                 argc=4 site=70166E1C
gcalls seq=002115 caller=QUEST1 target=70168717 DIST                 argc=4 site=70166E1C
gcalls seq=002116 caller=QUEST2 target=70168717 DIST                 argc=4 site=70166E1C
gcalls seq=002120 caller=QUEST2 target=70168717 DIST                 argc=4 site=70166E1C
gcalls seq=002124 caller=QUEST1 target=70168717 DIST                 argc=4 site=70166E1C
gcalls seq=002125 caller=QUEST1 target=70168717 DIST                 argc=4 site=70166E1C
gcalls seq=002126 caller=QUEST1 target=70168717 DIST                 argc=4 site=70166E1C
gcalls seq=002127 caller=QUEST2 target=70168717 DIST                 argc=4 site=70166E1C
gcalls seq=002131 caller=QUEST2 target=70168717 DIST                 argc=4 site=70166E1C
gcalls seq=002135 caller=QUEST2 target=70168717 DIST                 argc=4 site=70166E1C
gcalls seq=002139 caller=QUEST1 target=70168717 DIST                 argc=4 site=70166E1C
gcalls seq=002140 caller=QUEST1 target=70168717 DIST                 argc=4 site=70166E1C
gcalls seq=002141 caller=QUEST1 target=70168717 DIST                 argc=4 site=70166E1C
gcalls seq=002142 caller=QUEST2 target=70168717 DIST                 argc=4 site=70166E1C
gcalls seq=002146 caller=QUEST2 target=70168717 DIST                 argc=4 site=70166E1C
gcalls seq=002150 caller=QUEST2 target=70168717 DIST                 argc=4 site=70166E1C
gcalls seq=002154 caller=QUEST1 target=70168717 DIST                 argc=4 site=70166E1C
gcalls seq=002155 caller=QUEST1 target=70168717 DIST                 argc=4 site=70166E1C
gcalls seq=002156 caller=QUEST2 target=70168717 DIST                 argc=4 site=70166E1C
gcalls seq=002160 caller=QUEST2 target=70168717 DIST                 argc=4 site=70166E1C
gcalls seq=002162 caller=QUEST1 target=70168717 DIST                 argc=4 site=70166E1C
gcalls seq=002165 caller=QUEST2 target=70168717 DIST                 argc=4 site=70166E1C
gcalls seq=002169 caller=QUEST1 target=70168717 DIST                 argc=4 site=70166E1C
gcalls seq=002170 caller=QUEST1 target=70168717 DIST                 argc=4 site=70166E1C
gcalls seq=002171 caller=QUEST1 target=70168717 DIST                 argc=4 site=70166E1C
gcalls seq=002172 caller=QUEST2 target=70168717 DIST                 argc=4 site=70166E1C
gcalls seq=002176 caller=QUEST2 target=70168717 DIST                 argc=4 site=70166E1C
gcalls seq=002180 caller=QUEST2 target=70168717 DIST                 argc=4 site=70166E1C
gcalls seq=002184 caller=QUEST1 target=70168717 DIST                 argc=4 site=70166E1C
gcalls seq=002185 caller=QUEST2 target=70168717 DIST                 argc=4 site=70166E1C
gcalls seq=002187 caller=QUEST1 target=70168717 DIST                 argc=4 site=70166E1C
gcalls seq=002188 caller=QUEST1 target=70168717 DIST                 argc=4 site=70166E1C
gcalls seq=002191 caller=QUEST2 target=70168717 DIST                 argc=4 site=70166E1C
gcalls seq=002195 caller=QUEST2 target=70168717 DIST                 argc=4 site=70166E1C
gcalls seq=002199 caller=QUEST1 target=70168717 DIST                 argc=4 site=70166E1C
gcalls seq=002200 caller=QUEST1 target=70168717 DIST                 argc=4 site=70166E1C
gcalls seq=002201 caller=QUEST1 target=70168717 DIST                 argc=4 site=70166E1C
gcalls seq=002202 caller=QUEST2 target=70168717 DIST                 argc=4 site=70166E1C
gcalls seq=002206 caller=QUEST2 target=70168717 DIST                 argc=4 site=70166E1C
gcalls seq=002210 caller=QUEST2 target=70168717 DIST                 argc=4 site=70166E1C
gcalls seq=002214 caller=QUEST1 target=70168717 DIST                 argc=4 site=70166E1C
gcalls seq=002215 caller=QUEST2 target=70168717 DIST                 argc=4 site=70166E1C
gcalls seq=002217 caller=QUEST1 target=70168717 DIST                 argc=4 site=70166E1C
gcalls seq=002218 caller=QUEST1 target=70168717 DIST                 argc=4 site=70166E1C
gcalls seq=002221 caller=QUEST2 target=70168717 DIST                 argc=4 site=70166E1C
gcalls seq=002225 caller=QUEST2 target=70168717 DIST                 argc=4 site=70166E1C
gcalls seq=002229 caller=QUEST1 target=70168717 DIST                 argc=4 site=70166E1C
gcalls seq=002230 caller=QUEST1 target=70168717 DIST                 argc=4 site=70166E1C
gcalls seq=002231 caller=QUEST1 target=70168717 DIST                 argc=4 site=70166E1C
gcalls seq=002232 caller=QUEST2 target=70168717 DIST                 argc=4 site=70166E1C
gcalls seq=002236 caller=QUEST2 target=70168717 DIST                 argc=4 site=70166E1C
gcalls seq=002240 caller=QUEST2 target=70168717 DIST                 argc=4 site=70166E1C
gcalls seq=002244 caller=QUEST1 target=70168717 DIST                 argc=4 site=70166E1C
gcalls seq=002245 caller=QUEST1 target=70168717 DIST                 argc=4 site=70166E1C
gcalls seq=002246 caller=QUEST1 target=70168717 DIST                 argc=4 site=70166E1C
gcalls seq=002247 caller=QUEST2 target=70168717 DIST                 argc=4 site=70166E1C
gcalls seq=002251 caller=QUEST2 target=70168717 DIST                 argc=4 site=70166E1C
gcalls seq=002255 caller=QUEST2 target=70168717 DIST                 argc=4 site=70166E1C
gcalls seq=002259 caller=QUEST1 target=70168717 DIST                 argc=4 site=70166E1C
gcalls seq=002260 caller=QUEST1 target=70168717 DIST                 argc=4 site=70166E1C
gcalls seq=002261 caller=QUEST1 target=70168717 DIST                 argc=4 site=70166E1C
gcalls seq=002262 caller=QUEST2 target=70168717 DIST                 argc=4 site=70166E1C
gcalls seq=002266 caller=QUEST2 target=70168717 DIST                 argc=4 site=70166E1C
gcalls seq=002270 caller=QUEST2 target=70168717 DIST                 argc=4 site=70166E1C
gcalls seq=002274 caller=QUEST1 target=70168717 DIST                 argc=4 site=70166E1C
gcalls seq=002275 caller=QUEST1 target=70168717 DIST                 argc=4 site=70166E1C
gcalls seq=002276 caller=QUEST1 target=70168717 DIST                 argc=4 site=70166E1C
gcalls seq=002277 caller=QUEST2 target=70168717 DIST                 argc=4 site=70166E1C
gcalls seq=002281 caller=QUEST2 target=70168717 DIST                 argc=4 site=70166E1C
gcalls seq=002285 caller=QUEST2 target=70168717 DIST                 argc=4 site=70166E1C
gcalls seq=002289 caller=QUEST1 target=70168717 DIST                 argc=4 site=70166E1C
gcalls seq=002290 caller=QUEST2 target=70168717 DIST                 argc=4 site=70166E1C
gcalls seq=002293 caller=QUEST1 target=70168717 DIST                 argc=4 site=70166E1C
gcalls seq=002294 caller=QUEST1 target=70168717 DIST                 argc=4 site=70166E1C
gcalls seq=002296 caller=QUEST2 target=70168717 DIST                 argc=4 site=70166E1C
gcalls seq=002300 caller=QUEST2 target=70168717 DIST                 argc=4 site=70166E1C
gcalls seq=002304 caller=QUEST1 target=70168717 DIST                 argc=4 site=70166E1C
gcalls seq=002305 caller=QUEST1 target=70168717 DIST                 argc=4 site=70166E1C
gcalls seq=002306 caller=QUEST1 target=70168717 DIST                 argc=4 site=70166E1C
gcalls seq=002307 caller=QUEST2 target=70168717 DIST                 argc=4 site=70166E1C
gcalls seq=002311 caller=QUEST2 target=70168717 DIST                 argc=4 site=70166E1C
gcalls seq=002315 caller=QUEST2 target=70168717 DIST                 argc=4 site=70166E1C
gcalls seq=002319 caller=QUEST1 target=70168717 DIST                 argc=4 site=70166E1C
gcalls seq=002320 caller=QUEST2 target=70168717 DIST                 argc=4 site=70166E1C
gcalls seq=002323 caller=QUEST1 target=70168717 DIST                 argc=4 site=70166E1C
gcalls seq=002324 caller=QUEST1 target=70168717 DIST                 argc=4 site=70166E1C
gcalls seq=002326 caller=QUEST2 target=70168717 DIST                 argc=4 site=70166E1C
gcalls seq=002330 caller=QUEST2 target=70168717 DIST                 argc=4 site=70166E1C
gcalls seq=002334 caller=QUEST1 target=70168717 DIST                 argc=4 site=70166E1C
gcalls seq=002335 caller=QUEST1 target=70168717 DIST                 argc=4 site=70166E1C
gcalls seq=002336 caller=QUEST2 target=70168717 DIST                 argc=4 site=70166E1C
gcalls seq=002340 caller=QUEST2 target=70168717 DIST                 argc=4 site=70166E1C
gcalls seq=002344 caller=QUEST1 target=70168717 DIST                 argc=4 site=70166E1C
gcalls seq=002345 caller=QUEST2 target=70168717 DIST                 argc=4 site=70166E1C
gcalls seq=002349 caller=QUEST1 target=70168717 DIST                 argc=4 site=70166E1C
gcalls seq=002350 caller=QUEST1 target=70168717 DIST                 argc=4 site=70166E1C
gcalls seq=002351 caller=QUEST1 target=70168717 DIST                 argc=4 site=70166E1C
gcalls seq=002352 caller=QUEST2 target=70168717 DIST                 argc=4 site=70166E1C
gcalls seq=002356 caller=QUEST2 target=70168717 DIST                 argc=4 site=70166E1C
gcalls seq=002360 caller=QUEST2 target=70168717 DIST                 argc=4 site=70166E1C
gcalls seq=002364 caller=QUEST1 target=70168717 DIST                 argc=4 site=70166E1C
gcalls seq=002365 caller=QUEST1 target=70168717 DIST                 argc=4 site=70166E1C
gcalls seq=002366 caller=QUEST2 target=70168717 DIST                 argc=4 site=70166E1C
gcalls seq=002370 caller=QUEST2 target=70168717 DIST                 argc=4 site=70166E1C
gcalls seq=002373 caller=QUEST1 target=70168717 DIST                 argc=4 site=70166E1C
gcalls seq=002375 caller=QUEST2 target=70168717 DIST                 argc=4 site=70166E1C
gcalls seq=002379 caller=QUEST1 target=70168717 DIST                 argc=4 site=70166E1C
gcalls seq=002380 caller=QUEST1 target=70168717 DIST                 argc=4 site=70166E1C
gcalls seq=002381 caller=QUEST1 target=70168717 DIST                 argc=4 site=70166E1C
gcalls seq=002382 caller=QUEST2 target=70168717 DIST                 argc=4 site=70166E1C
gcalls seq=002386 caller=QUEST2 target=70168717 DIST                 argc=4 site=70166E1C
gcalls seq=002390 caller=QUEST2 target=70168717 DIST                 argc=4 site=70166E1C
gcalls seq=002394 caller=QUEST1 target=70168717 DIST                 argc=4 site=70166E1C
gcalls seq=002395 caller=QUEST1 target=70168717 DIST                 argc=4 site=70166E1C
gcalls seq=002396 caller=QUEST2 target=70168717 DIST                 argc=4 site=70166E1C
gcalls seq=002400 caller=QUEST2 target=70168717 DIST                 argc=4 site=70166E1C
gcalls seq=002402 caller=QUEST1 target=70168717 DIST                 argc=4 site=70166E1C
gcalls seq=002405 caller=QUEST2 target=70168717 DIST                 argc=4 site=70166E1C
gcalls seq=002409 caller=QUEST1 target=70168717 DIST                 argc=4 site=70166E1C
gcalls seq=002410 caller=QUEST1 target=70168717 DIST                 argc=4 site=70166E1C
gcalls seq=002411 caller=QUEST1 target=70168717 DIST                 argc=4 site=70166E1C
gcalls seq=002412 caller=QUEST2 target=70168717 DIST                 argc=4 site=70166E1C
gcalls seq=002416 caller=QUEST2 target=70168717 DIST                 argc=4 site=70166E1C
gcalls seq=002420 caller=QUEST2 target=70168717 DIST                 argc=4 site=70166E1C
gcalls seq=002424 caller=QUEST1 target=70168717 DIST                 argc=4 site=70166E1C
gcalls seq=002425 caller=QUEST1 target=70168717 DIST                 argc=4 site=70166E1C
gcalls seq=002426 caller=QUEST2 target=70168717 DIST                 argc=4 site=70166E1C
gcalls seq=002430 caller=QUEST2 target=70168717 DIST                 argc=4 site=70166E1C
gcalls seq=002432 caller=QUEST1 target=70168717 DIST                 argc=4 site=70166E1C
gcalls seq=002435 caller=QUEST2 target=70168717 DIST                 argc=4 site=70166E1C
gcalls seq=002439 caller=QUEST1 target=70168717 DIST                 argc=4 site=70166E1C
gcalls seq=002440 caller=QUEST1 target=70168717 DIST                 argc=4 site=70166E1C
gcalls seq=002441 caller=QUEST1 target=70168717 DIST                 argc=4 site=70166E1C
gcalls seq=002442 caller=QUEST2 target=70168717 DIST                 argc=4 site=70166E1C
gcalls seq=002446 caller=QUEST2 target=70168717 DIST                 argc=4 site=70166E1C
gcalls seq=002450 caller=QUEST2 target=70168717 DIST                 argc=4 site=70166E1C
gcalls seq=002454 caller=QUEST1 target=70168717 DIST                 argc=4 site=70166E1C
gcalls seq=002455 caller=QUEST2 target=70168717 DIST                 argc=4 site=70166E1C
gcalls seq=002459 caller=QUEST1 target=70168717 DIST                 argc=4 site=70166E1C
gcalls seq=002460 caller=QUEST1 target=70168717 DIST                 argc=4 site=70166E1C
gcalls seq=002461 caller=QUEST2 target=70168717 DIST                 argc=4 site=70166E1C
gcalls seq=002465 caller=QUEST2 target=70168717 DIST                 argc=4 site=70166E1C
gcalls seq=002469 caller=QUEST1 target=70168717 DIST                 argc=4 site=70166E1C
gcalls seq=002470 caller=QUEST1 target=70168717 DIST                 argc=4 site=70166E1C
gcalls seq=002471 caller=QUEST1 target=70168717 DIST                 argc=4 site=70166E1C
gcalls seq=002472 caller=QUEST2 target=70168717 DIST                 argc=4 site=70166E1C
gcalls seq=002476 caller=QUEST2 target=70168717 DIST                 argc=4 site=70166E1C
gcalls seq=002480 caller=QUEST2 target=70168717 DIST                 argc=4 site=70166E1C
gcalls seq=002484 caller=QUEST1 target=70168717 DIST                 argc=4 site=70166E1C
gcalls seq=002485 caller=QUEST2 target=70168717 DIST                 argc=4 site=70166E1C
gcalls seq=002489 caller=QUEST1 target=70168717 DIST                 argc=4 site=70166E1C
gcalls seq=002490 caller=QUEST1 target=70168717 DIST                 argc=4 site=70166E1C
gcalls seq=002491 caller=QUEST2 target=70168717 DIST                 argc=4 site=70166E1C
gcalls seq=002495 caller=QUEST2 target=70168717 DIST                 argc=4 site=70166E1C
gcalls seq=002499 caller=QUEST1 target=70168717 DIST                 argc=4 site=70166E1C
gcalls seq=002500 caller=QUEST1 target=70168717 DIST                 argc=4 site=70166E1C
gcalls seq=002501 caller=QUEST1 target=70168717 DIST                 argc=4 site=70166E1C
gcalls seq=002502 caller=QUEST2 target=70168717 DIST                 argc=4 site=70166E1C
gcalls seq=002506 caller=QUEST2 target=70168717 DIST                 argc=4 site=70166E1C
gcalls seq=002510 caller=QUEST2 target=70168717 DIST                 argc=4 site=70166E1C
gcalls seq=002514 caller=QUEST1 target=70168717 DIST                 argc=4 site=70166E1C
gcalls seq=002515 caller=QUEST1 target=70168717 DIST                 argc=4 site=70166E1C
gcalls seq=002516 caller=QUEST1 target=70168717 DIST                 argc=4 site=70166E1C
gcalls seq=002517 caller=QUEST2 target=70168717 DIST                 argc=4 site=70166E1C
gcalls seq=002521 caller=QUEST2 target=70168717 DIST                 argc=4 site=70166E1C
gcalls seq=002525 caller=QUEST2 target=70168717 DIST                 argc=4 site=70166E1C
gcalls seq=002529 caller=QUEST1 target=70168717 DIST                 argc=4 site=70166E1C
gcalls seq=002530 caller=QUEST1 target=70168717 DIST                 argc=4 site=70166E1C
gcalls seq=002531 caller=QUEST1 target=70168717 DIST                 argc=4 site=70166E1C
gcalls seq=002532 caller=QUEST2 target=70168717 DIST                 argc=4 site=70166E1C
gcalls seq=002536 caller=QUEST2 target=70168717 DIST                 argc=4 site=70166E1C
gcalls seq=002540 caller=QUEST2 target=70168717 DIST                 argc=4 site=70166E1C
gcalls seq=002544 caller=QUEST1 target=70168717 DIST                 argc=4 site=70166E1C
gcalls seq=002545 caller=QUEST1 target=70168717 DIST                 argc=4 site=70166E1C
gcalls seq=002546 caller=QUEST1 target=70168717 DIST                 argc=4 site=70166E1C
gcalls seq=002547 caller=QUEST2 target=70168717 DIST                 argc=4 site=70166E1C
gcalls seq=002551 caller=QUEST2 target=70168717 DIST                 argc=4 site=70166E1C
gcalls seq=002555 caller=QUEST2 target=70168717 DIST                 argc=4 site=70166E1C
gcalls seq=002559 caller=QUEST1 target=70168717 DIST                 argc=4 site=70166E1C
gcalls seq=002560 caller=QUEST1 target=70168717 DIST                 argc=4 site=70166E1C
gcalls seq=002561 caller=QUEST1 target=70168717 DIST                 argc=4 site=70166E1C
gcalls seq=002562 caller=QUEST2 target=70168717 DIST                 argc=4 site=70166E1C
gcalls seq=002566 caller=QUEST2 target=70168717 DIST                 argc=4 site=70166E1C
gcalls seq=002570 caller=QUEST2 target=70168717 DIST                 argc=4 site=70166E1C
gcalls seq=002574 caller=QUEST1 target=70168717 DIST                 argc=4 site=70166E1C
gcalls seq=002575 caller=QUEST1 target=70168717 DIST                 argc=4 site=70166E1C
gcalls seq=002576 caller=QUEST1 target=70168717 DIST                 argc=4 site=70166E1C
gcalls seq=002577 caller=QUEST2 target=70168717 DIST                 argc=4 site=70166E1C
gcalls seq=002581 caller=QUEST2 target=70168717 DIST                 argc=4 site=70166E1C
gcalls seq=002585 caller=QUEST2 target=70168717 DIST                 argc=4 site=70166E1C
gcalls seq=002589 caller=QUEST1 target=70168717 DIST                 argc=4 site=70166E1C
gcalls seq=002590 caller=QUEST1 target=70168717 DIST                 argc=4 site=70166E1C
gcalls seq=002591 caller=QUEST1 target=70168717 DIST                 argc=4 site=70166E1C
gcalls seq=002592 caller=QUEST2 target=70168717 DIST                 argc=4 site=70166E1C
gcalls seq=002596 caller=QUEST2 target=70168717 DIST                 argc=4 site=70166E1C
gcalls seq=002600 caller=QUEST2 target=70168717 DIST                 argc=4 site=70166E1C
gcalls seq=002604 caller=QUEST1 target=70168717 DIST                 argc=4 site=70166E1C
gcalls seq=002605 caller=QUEST1 target=70168717 DIST                 argc=4 site=70166E1C
gcalls seq=002606 caller=QUEST1 target=70168717 DIST                 argc=4 site=70166E1C
gcalls seq=002607 caller=QUEST2 target=70168717 DIST                 argc=4 site=70166E1C
gcalls seq=002611 caller=QUEST2 target=70168717 DIST                 argc=4 site=70166E1C
gcalls seq=002615 caller=QUEST2 target=70168717 DIST                 argc=4 site=70166E1C
gcalls seq=002619 caller=QUEST1 target=70168717 DIST                 argc=4 site=70166E1C
gcalls seq=002620 caller=QUEST1 target=70168717 DIST                 argc=4 site=70166E1C
gcalls seq=002621 caller=QUEST1 target=70168717 DIST                 argc=4 site=70166E1C
gcalls seq=002622 caller=QUEST2 target=70168717 DIST                 argc=4 site=70166E1C
gcalls seq=002626 caller=QUEST2 target=70168717 DIST                 argc=4 site=70166E1C
gcalls seq=002630 caller=QUEST2 target=70168717 DIST                 argc=4 site=70166E1C
gcalls seq=002634 caller=QUEST1 target=70168717 DIST                 argc=4 site=70166E1C
gcalls seq=002635 caller=QUEST1 target=70168717 DIST                 argc=4 site=70166E1C
gcalls seq=002636 caller=QUEST1 target=70168717 DIST                 argc=4 site=70166E1C
gcalls seq=002637 caller=QUEST2 target=70168717 DIST                 argc=4 site=70166E1C
gcalls seq=002641 caller=QUEST2 target=70168717 DIST                 argc=4 site=70166E1C
gcalls seq=002645 caller=QUEST2 target=70168717 DIST                 argc=4 site=70166E1C
gcalls seq=002649 caller=QUEST1 target=70168717 DIST                 argc=4 site=70166E1C
gcalls seq=002650 caller=QUEST1 target=70168717 DIST                 argc=4 site=70166E1C
gcalls seq=002651 caller=QUEST1 target=70168717 DIST                 argc=4 site=70166E1C
gcalls seq=002652 caller=QUEST2 target=70168717 DIST                 argc=4 site=70166E1C
gcalls seq=002656 caller=QUEST2 target=70168717 DIST                 argc=4 site=70166E1C
gcalls seq=002660 caller=QUEST2 target=70168717 DIST                 argc=4 site=70166E1C
gcalls seq=002664 caller=QUEST1 target=70168717 DIST                 argc=4 site=70166E1C
gcalls seq=002665 caller=QUEST1 target=70168717 DIST                 argc=4 site=70166E1C
gcalls seq=002666 caller=QUEST1 target=70168717 DIST                 argc=4 site=70166E1C
gcalls seq=002667 caller=QUEST2 target=70168717 DIST                 argc=4 site=70166E1C
gcalls seq=002671 caller=QUEST2 target=70168717 DIST                 argc=4 site=70166E1C
gcalls seq=002675 caller=QUEST2 target=70168717 DIST                 argc=4 site=70166E1C
gcalls seq=002679 caller=QUEST1 target=70168717 DIST                 argc=4 site=70166E1C
gcalls seq=002680 caller=QUEST1 target=70168717 DIST                 argc=4 site=70166E1C
gcalls seq=002681 caller=QUEST2 target=70168717 DIST                 argc=4 site=70166E1C
gcalls seq=002685 caller=QUEST2 target=70168717 DIST                 argc=4 site=70166E1C
gcalls seq=002687 caller=QUEST1 target=70168717 DIST                 argc=4 site=70166E1C
gcalls seq=002690 caller=QUEST2 target=70168717 DIST                 argc=4 site=70166E1C
gcalls seq=002694 caller=QUEST1 target=70168717 DIST                 argc=4 site=70166E1C
gcalls seq=002695 caller=QUEST1 target=70168717 DIST                 argc=4 site=70166E1C
gcalls seq=002696 caller=QUEST1 target=70168717 DIST                 argc=4 site=70166E1C
gcalls seq=002697 caller=QUEST2 target=70168717 DIST                 argc=4 site=70166E1C
gcalls seq=002701 caller=QUEST2 target=70168717 DIST                 argc=4 site=70166E1C
gcalls seq=002705 caller=QUEST2 target=70168717 DIST                 argc=4 site=70166E1C
gcalls seq=002709 caller=QUEST1 target=70168717 DIST                 argc=4 site=70166E1C
gcalls seq=002710 caller=QUEST2 target=70168717 DIST                 argc=4 site=70166E1C
gcalls seq=002714 caller=QUEST1 target=70168717 DIST                 argc=4 site=70166E1C
gcalls seq=002715 caller=QUEST1 target=70168717 DIST                 argc=4 site=70166E1C
gcalls seq=002716 caller=QUEST2 target=70168717 DIST                 argc=4 site=70166E1C
gcalls seq=002720 caller=QUEST2 target=70168717 DIST                 argc=4 site=70166E1C
gcalls seq=002724 caller=QUEST1 target=70168717 DIST                 argc=4 site=70166E1C
gcalls seq=002725 caller=QUEST1 target=70168717 DIST                 argc=4 site=70166E1C
gcalls seq=002726 caller=QUEST1 target=70168717 DIST                 argc=4 site=70166E1C
gcalls seq=002727 caller=QUEST2 target=70168717 DIST                 argc=4 site=70166E1C
gcalls seq=002731 caller=QUEST2 target=70168717 DIST                 argc=4 site=70166E1C
gcalls seq=002735 caller=QUEST2 target=70168717 DIST                 argc=4 site=70166E1C
gcalls seq=002739 caller=QUEST1 target=70168717 DIST                 argc=4 site=70166E1C
gcalls seq=002740 caller=QUEST2 target=70168717 DIST                 argc=4 site=70166E1C
gcalls seq=002744 caller=QUEST1 target=70168717 DIST                 argc=4 site=70166E1C
gcalls seq=002745 caller=QUEST1 target=70168717 DIST                 argc=4 site=70166E1C
gcalls seq=002746 caller=QUEST2 target=70168717 DIST                 argc=4 site=70166E1C
gcalls seq=002750 caller=QUEST2 target=70168717 DIST                 argc=4 site=70166E1C
gcalls seq=002754 caller=QUEST1 target=70168717 DIST                 argc=4 site=70166E1C
gcalls seq=002755 caller=QUEST1 target=70168717 DIST                 argc=4 site=70166E1C
gcalls seq=002756 caller=QUEST1 target=70168717 DIST                 argc=4 site=70166E1C
gcalls seq=002757 caller=QUEST2 target=70168717 DIST                 argc=4 site=70166E1C
gcalls seq=002761 caller=QUEST2 target=70168717 DIST                 argc=4 site=70166E1C
gcalls seq=002765 caller=QUEST2 target=70168717 DIST                 argc=4 site=70166E1C
gcalls seq=002769 caller=QUEST1 target=70168717 DIST                 argc=4 site=70166E1C
gcalls seq=002770 caller=QUEST2 target=70168717 DIST                 argc=4 site=70166E1C
gcalls seq=002774 caller=QUEST1 target=70168717 DIST                 argc=4 site=70166E1C
gcalls seq=002775 caller=QUEST1 target=70168717 DIST                 argc=4 site=70166E1C
gcalls seq=002776 caller=QUEST2 target=70168717 DIST                 argc=4 site=70166E1C
gcalls seq=002780 caller=QUEST2 target=70168717 DIST                 argc=4 site=70166E1C
gcalls seq=002784 caller=QUEST1 target=70168717 DIST                 argc=4 site=70166E1C
gcalls seq=002785 caller=QUEST1 target=70168717 DIST                 argc=4 site=70166E1C
gcalls seq=002786 caller=QUEST1 target=70168717 DIST                 argc=4 site=70166E1C
gcalls seq=002787 caller=QUEST2 target=70168717 DIST                 argc=4 site=70166E1C
gcalls seq=002791 caller=QUEST2 target=70168717 DIST                 argc=4 site=70166E1C
gcalls seq=002795 caller=QUEST2 target=70168717 DIST                 argc=4 site=70166E1C
gcalls seq=002799 caller=QUEST1 target=70168717 DIST                 argc=4 site=70166E1C
gcalls seq=002800 caller=QUEST2 target=70168717 DIST                 argc=4 site=70166E1C
gcalls seq=002804 caller=QUEST1 target=70168717 DIST                 argc=4 site=70166E1C
gcalls seq=002805 caller=QUEST1 target=70168717 DIST                 argc=4 site=70166E1C
gcalls seq=002806 caller=QUEST2 target=70168717 DIST                 argc=4 site=70166E1C
gcalls seq=002810 caller=QUEST2 target=70168717 DIST                 argc=4 site=70166E1C
gcalls seq=002814 caller=QUEST1 target=70168717 DIST                 argc=4 site=70166E1C
gcalls seq=002815 caller=QUEST1 target=70168717 DIST                 argc=4 site=70166E1C
gcalls seq=002816 caller=QUEST1 target=70168717 DIST                 argc=4 site=70166E1C
gcalls seq=002817 caller=QUEST2 target=70168717 DIST                 argc=4 site=70166E1C
gcalls seq=002821 caller=QUEST2 target=70168717 DIST                 argc=4 site=70166E1C
gcalls seq=002825 caller=QUEST2 target=70168717 DIST                 argc=4 site=70166E1C
gcalls seq=002836 caller=QUEST1 target=7017CD71 TERRITORY            argc=6 site=701670EE
gcalls seq=002837 caller=QUEST2 target=7017CD71 TERRITORY            argc=6 site=701670EE
gcalls seq=002967 caller=QUEST1 target=701674B5 DISPLAY_INVENTORY    argc=1 site=7016BD33
gcalls seq=002968 caller=QUEST2 target=701674B5 DISPLAY_INVENTORY    argc=1 site=7016BD33
gcalls seq=003165 caller=QUEST1 target=7017C877 TERRAIN              argc=9 site=7015C518
gcalls seq=003166 caller=QUEST1 target=7017821F START_TURN           argc=0 site=7015C5DC
gcalls seq=003167 caller=QUEST2 target=7017C877 TERRAIN              argc=9 site=7015C518
gcalls seq=003168 caller=QUEST2 target=7017821F START_TURN           argc=0 site=7015C5DC
gcalls seq=003177 caller=QUEST1 target=7016AA35 GET_INPUT            argc=1 site=7017826C
gcalls seq=003178 caller=QUEST2 target=7016AA35 GET_INPUT            argc=1 site=7017826C
gcalls seq=003200 caller=QUEST1 target=7016AA35 GET_INPUT            argc=1 site=7017826C
gcalls seq=003201 caller=QUEST2 target=7016AA35 GET_INPUT            argc=1 site=7017826C
gcalls seq=003209 caller=QUEST1 target=70175CBF OWNS                 argc=2 site=70178537
gcalls seq=003210 caller=QUEST1 target=7017A695 STORMS_AT_SEA        argc=1 site=70178808
gcalls seq=003211 caller=QUEST2 target=70175CBF OWNS                 argc=2 site=70178537
gcalls seq=003214 caller=QUEST2 target=7017A695 STORMS_AT_SEA        argc=1 site=70178808
gcalls seq=003215 caller=QUEST1 target=7016FC67 MOVE_FAMILIAR        argc=1 site=7017880F
gcalls seq=003216 caller=QUEST1 target=70177BED SIGNAL_TURN          argc=0 site=7017883D
gcalls seq=003217 caller=QUEST2 target=7016FC67 MOVE_FAMILIAR        argc=1 site=7017880F
gcalls seq=003218 caller=QUEST2 target=70177BED SIGNAL_TURN          argc=0 site=7017883D
gcalls seq=003226 caller=QUEST1 target=70169B0F LOCK_FILE            argc=2 site=70177F0B
gcalls seq=003227 caller=QUEST2 target=70169B0F LOCK_FILE            argc=2 site=70177F0B
gcalls seq=003242 caller=QUEST1 target=70176797 REGEN_SPELLS         argc=0 site=70178865
gcalls seq=003243 caller=QUEST2 target=70176797 REGEN_SPELLS         argc=0 site=70178865
gcalls seq=003244 caller=QUEST1 target=70166AF9 DISPLAY_SCREEN       argc=1 site=701788CE
gcalls seq=003245 caller=QUEST2 target=70166AF9 DISPLAY_SCREEN       argc=1 site=701788CE
gcalls seq=003246 caller=QUEST1 target=70168717 DIST                 argc=4 site=70166B86
gcalls seq=003247 caller=QUEST1 target=70168717 DIST                 argc=4 site=70166B86
gcalls seq=003248 caller=QUEST1 target=70168717 DIST                 argc=4 site=70166B86
gcalls seq=003249 caller=QUEST2 target=70168717 DIST                 argc=4 site=70166B86
gcalls seq=003253 caller=QUEST2 target=70168717 DIST                 argc=4 site=70166B86
gcalls seq=003257 caller=QUEST2 target=70168717 DIST                 argc=4 site=70166B86
gcalls seq=003261 caller=QUEST1 target=70168717 DIST                 argc=4 site=70166E1C
gcalls seq=003262 caller=QUEST1 target=70168717 DIST                 argc=4 site=70166E1C
gcalls seq=003263 caller=QUEST1 target=70168717 DIST                 argc=4 site=70166E1C
gcalls seq=003264 caller=QUEST2 target=70168717 DIST                 argc=4 site=70166E1C
gcalls seq=003268 caller=QUEST2 target=70168717 DIST                 argc=4 site=70166E1C
gcalls seq=003272 caller=QUEST2 target=70168717 DIST                 argc=4 site=70166E1C
gcalls seq=003276 caller=QUEST1 target=70168717 DIST                 argc=4 site=70166E1C
gcalls seq=003277 caller=QUEST1 target=70168717 DIST                 argc=4 site=70166E1C
gcalls seq=003278 caller=QUEST1 target=70168717 DIST                 argc=4 site=70166E1C
gcalls seq=003279 caller=QUEST2 target=70168717 DIST                 argc=4 site=70166E1C
gcalls seq=003283 caller=QUEST2 target=70168717 DIST                 argc=4 site=70166E1C
gcalls seq=003287 caller=QUEST2 target=70168717 DIST                 argc=4 site=70166E1C
gcalls seq=003291 caller=QUEST1 target=70168717 DIST                 argc=4 site=70166E1C
gcalls seq=003292 caller=QUEST2 target=70168717 DIST                 argc=4 site=70166E1C
gcalls seq=003296 caller=QUEST1 target=70168717 DIST                 argc=4 site=70166E1C
gcalls seq=003297 caller=QUEST1 target=70168717 DIST                 argc=4 site=70166E1C
gcalls seq=003298 caller=QUEST2 target=70168717 DIST                 argc=4 site=70166E1C
gcalls seq=003302 caller=QUEST2 target=70168717 DIST                 argc=4 site=70166E1C
gcalls seq=003306 caller=QUEST1 target=70168717 DIST                 argc=4 site=70166E1C
gcalls seq=003307 caller=QUEST1 target=70168717 DIST                 argc=4 site=70166E1C
gcalls seq=003308 caller=QUEST1 target=70168717 DIST                 argc=4 site=70166E1C
gcalls seq=003309 caller=QUEST2 target=70168717 DIST                 argc=4 site=70166E1C
gcalls seq=003313 caller=QUEST2 target=70168717 DIST                 argc=4 site=70166E1C
gcalls seq=003317 caller=QUEST2 target=70168717 DIST                 argc=4 site=70166E1C
gcalls seq=003321 caller=QUEST1 target=70168717 DIST                 argc=4 site=70166E1C
gcalls seq=003322 caller=QUEST1 target=70168717 DIST                 argc=4 site=70166E1C
gcalls seq=003323 caller=QUEST2 target=70168717 DIST                 argc=4 site=70166E1C
gcalls seq=003327 caller=QUEST2 target=70168717 DIST                 argc=4 site=70166E1C
gcalls seq=003331 caller=QUEST1 target=70168717 DIST                 argc=4 site=70166E1C
gcalls seq=003332 caller=QUEST1 target=70168717 DIST                 argc=4 site=70166E1C
gcalls seq=003333 caller=QUEST2 target=70168717 DIST                 argc=4 site=70166E1C
gcalls seq=003337 caller=QUEST2 target=70168717 DIST                 argc=4 site=70166E1C
gcalls seq=003339 caller=QUEST1 target=70168717 DIST                 argc=4 site=70166E1C
gcalls seq=003340 caller=QUEST1 target=70168717 DIST                 argc=4 site=70166E1C
gcalls seq=003343 caller=QUEST2 target=70168717 DIST                 argc=4 site=70166E1C
gcalls seq=003347 caller=QUEST2 target=70168717 DIST                 argc=4 site=70166E1C
gcalls seq=003351 caller=QUEST1 target=70168717 DIST                 argc=4 site=70166E1C
gcalls seq=003352 caller=QUEST1 target=70168717 DIST                 argc=4 site=70166E1C
gcalls seq=003353 caller=QUEST1 target=70168717 DIST                 argc=4 site=70166E1C
gcalls seq=003354 caller=QUEST2 target=70168717 DIST                 argc=4 site=70166E1C
gcalls seq=003358 caller=QUEST2 target=70168717 DIST                 argc=4 site=70166E1C
gcalls seq=003362 caller=QUEST2 target=70168717 DIST                 argc=4 site=70166E1C
gcalls seq=003366 caller=QUEST1 target=70168717 DIST                 argc=4 site=70166E1C
gcalls seq=003367 caller=QUEST1 target=70168717 DIST                 argc=4 site=70166E1C
gcalls seq=003368 caller=QUEST2 target=70168717 DIST                 argc=4 site=70166E1C
gcalls seq=003372 caller=QUEST2 target=70168717 DIST                 argc=4 site=70166E1C
gcalls seq=003374 caller=QUEST1 target=70168717 DIST                 argc=4 site=70166E1C
gcalls seq=003377 caller=QUEST2 target=70168717 DIST                 argc=4 site=70166E1C
gcalls seq=003381 caller=QUEST1 target=70168717 DIST                 argc=4 site=70166E1C
gcalls seq=003382 caller=QUEST1 target=70168717 DIST                 argc=4 site=70166E1C
gcalls seq=003383 caller=QUEST1 target=70168717 DIST                 argc=4 site=70166E1C
gcalls seq=003384 caller=QUEST2 target=70168717 DIST                 argc=4 site=70166E1C
gcalls seq=003388 caller=QUEST2 target=70168717 DIST                 argc=4 site=70166E1C
gcalls seq=003392 caller=QUEST2 target=70168717 DIST                 argc=4 site=70166E1C
gcalls seq=003396 caller=QUEST1 target=70168717 DIST                 argc=4 site=70166E1C
gcalls seq=003397 caller=QUEST1 target=70168717 DIST                 argc=4 site=70166E1C
gcalls seq=003398 caller=QUEST1 target=70168717 DIST                 argc=4 site=70166E1C
gcalls seq=003399 caller=QUEST2 target=70168717 DIST                 argc=4 site=70166E1C
gcalls seq=003403 caller=QUEST2 target=70168717 DIST                 argc=4 site=70166E1C
gcalls seq=003407 caller=QUEST2 target=70168717 DIST                 argc=4 site=70166E1C
gcalls seq=003410 caller=QUEST1 target=70168717 DIST                 argc=4 site=70166E1C
gcalls seq=003412 caller=QUEST2 target=70168717 DIST                 argc=4 site=70166E1C
gcalls seq=003415 caller=QUEST1 target=70168717 DIST                 argc=4 site=70166E1C
gcalls seq=003416 caller=QUEST1 target=70168717 DIST                 argc=4 site=70166E1C
gcalls seq=003418 caller=QUEST2 target=70168717 DIST                 argc=4 site=70166E1C
gcalls seq=003422 caller=QUEST2 target=70168717 DIST                 argc=4 site=70166E1C
gcalls seq=003426 caller=QUEST1 target=70168717 DIST                 argc=4 site=70166E1C
gcalls seq=003427 caller=QUEST1 target=70168717 DIST                 argc=4 site=70166E1C
gcalls seq=003428 caller=QUEST1 target=70168717 DIST                 argc=4 site=70166E1C
gcalls seq=003429 caller=QUEST2 target=70168717 DIST                 argc=4 site=70166E1C
gcalls seq=003433 caller=QUEST2 target=70168717 DIST                 argc=4 site=70166E1C
gcalls seq=003437 caller=QUEST2 target=70168717 DIST                 argc=4 site=70166E1C
gcalls seq=003440 caller=QUEST1 target=70168717 DIST                 argc=4 site=70166E1C
gcalls seq=003442 caller=QUEST2 target=70168717 DIST                 argc=4 site=70166E1C
gcalls seq=003445 caller=QUEST1 target=70168717 DIST                 argc=4 site=70166E1C
gcalls seq=003446 caller=QUEST1 target=70168717 DIST                 argc=4 site=70166E1C
gcalls seq=003448 caller=QUEST2 target=70168717 DIST                 argc=4 site=70166E1C
gcalls seq=003452 caller=QUEST2 target=70168717 DIST                 argc=4 site=70166E1C
gcalls seq=003456 caller=QUEST1 target=70168717 DIST                 argc=4 site=70166E1C
gcalls seq=003457 caller=QUEST1 target=70168717 DIST                 argc=4 site=70166E1C
gcalls seq=003458 caller=QUEST1 target=70168717 DIST                 argc=4 site=70166E1C
gcalls seq=003459 caller=QUEST2 target=70168717 DIST                 argc=4 site=70166E1C
gcalls seq=003463 caller=QUEST2 target=70168717 DIST                 argc=4 site=70166E1C
gcalls seq=003467 caller=QUEST2 target=70168717 DIST                 argc=4 site=70166E1C
gcalls seq=003471 caller=QUEST1 target=70168717 DIST                 argc=4 site=70166E1C
gcalls seq=003472 caller=QUEST1 target=70168717 DIST                 argc=4 site=70166E1C
gcalls seq=003473 caller=QUEST2 target=70168717 DIST                 argc=4 site=70166E1C
gcalls seq=003477 caller=QUEST2 target=70168717 DIST                 argc=4 site=70166E1C
gcalls seq=003480 caller=QUEST1 target=70168717 DIST                 argc=4 site=70166E1C
gcalls seq=003482 caller=QUEST2 target=70168717 DIST                 argc=4 site=70166E1C
gcalls seq=003486 caller=QUEST1 target=70168717 DIST                 argc=4 site=70166E1C
gcalls seq=003487 caller=QUEST1 target=70168717 DIST                 argc=4 site=70166E1C
gcalls seq=003488 caller=QUEST1 target=70168717 DIST                 argc=4 site=70166E1C
gcalls seq=003489 caller=QUEST2 target=70168717 DIST                 argc=4 site=70166E1C
gcalls seq=003493 caller=QUEST2 target=70168717 DIST                 argc=4 site=70166E1C
gcalls seq=003497 caller=QUEST2 target=70168717 DIST                 argc=4 site=70166E1C
gcalls seq=003501 caller=QUEST1 target=70168717 DIST                 argc=4 site=70166E1C
gcalls seq=003502 caller=QUEST1 target=70168717 DIST                 argc=4 site=70166E1C
gcalls seq=003503 caller=QUEST2 target=70168717 DIST                 argc=4 site=70166E1C
gcalls seq=003507 caller=QUEST2 target=70168717 DIST                 argc=4 site=70166E1C
gcalls seq=003511 caller=QUEST1 target=70168717 DIST                 argc=4 site=70166E1C
gcalls seq=003512 caller=QUEST2 target=70168717 DIST                 argc=4 site=70166E1C
gcalls seq=003516 caller=QUEST1 target=70168717 DIST                 argc=4 site=70166E1C
gcalls seq=003517 caller=QUEST1 target=70168717 DIST                 argc=4 site=70166E1C
gcalls seq=003518 caller=QUEST1 target=70168717 DIST                 argc=4 site=70166E1C
gcalls seq=003519 caller=QUEST2 target=70168717 DIST                 argc=4 site=70166E1C
gcalls seq=003523 caller=QUEST2 target=70168717 DIST                 argc=4 site=70166E1C
gcalls seq=003527 caller=QUEST2 target=70168717 DIST                 argc=4 site=70166E1C
gcalls seq=003531 caller=QUEST1 target=70168717 DIST                 argc=4 site=70166E1C
gcalls seq=003532 caller=QUEST1 target=70168717 DIST                 argc=4 site=70166E1C
gcalls seq=003533 caller=QUEST2 target=70168717 DIST                 argc=4 site=70166E1C
gcalls seq=003537 caller=QUEST2 target=70168717 DIST                 argc=4 site=70166E1C
gcalls seq=003541 caller=QUEST1 target=70168717 DIST                 argc=4 site=70166E1C
gcalls seq=003542 caller=QUEST2 target=70168717 DIST                 argc=4 site=70166E1C
gcalls seq=003546 caller=QUEST1 target=70168717 DIST                 argc=4 site=70166E1C
gcalls seq=003547 caller=QUEST1 target=70168717 DIST                 argc=4 site=70166E1C
gcalls seq=003548 caller=QUEST1 target=70168717 DIST                 argc=4 site=70166E1C
gcalls seq=003549 caller=QUEST2 target=70168717 DIST                 argc=4 site=70166E1C
gcalls seq=003553 caller=QUEST2 target=70168717 DIST                 argc=4 site=70166E1C
gcalls seq=003557 caller=QUEST2 target=70168717 DIST                 argc=4 site=70166E1C
gcalls seq=003561 caller=QUEST1 target=70168717 DIST                 argc=4 site=70166E1C
gcalls seq=003562 caller=QUEST2 target=70168717 DIST                 argc=4 site=70166E1C
gcalls seq=003566 caller=QUEST1 target=70168717 DIST                 argc=4 site=70166E1C
gcalls seq=003567 caller=QUEST1 target=70168717 DIST                 argc=4 site=70166E1C
gcalls seq=003568 caller=QUEST2 target=70168717 DIST                 argc=4 site=70166E1C
gcalls seq=003572 caller=QUEST2 target=70168717 DIST                 argc=4 site=70166E1C
gcalls seq=003576 caller=QUEST1 target=70168717 DIST                 argc=4 site=70166E1C
gcalls seq=003577 caller=QUEST1 target=70168717 DIST                 argc=4 site=70166E1C
gcalls seq=003578 caller=QUEST1 target=70168717 DIST                 argc=4 site=70166E1C
gcalls seq=003579 caller=QUEST2 target=70168717 DIST                 argc=4 site=70166E1C
gcalls seq=003583 caller=QUEST2 target=70168717 DIST                 argc=4 site=70166E1C
gcalls seq=003587 caller=QUEST2 target=70168717 DIST                 argc=4 site=70166E1C
gcalls seq=003591 caller=QUEST1 target=70168717 DIST                 argc=4 site=70166E1C
gcalls seq=003592 caller=QUEST1 target=70168717 DIST                 argc=4 site=70166E1C
gcalls seq=003593 caller=QUEST2 target=70168717 DIST                 argc=4 site=70166E1C
gcalls seq=003597 caller=QUEST2 target=70168717 DIST                 argc=4 site=70166E1C
gcalls seq=003598 caller=QUEST1 target=70168717 DIST                 argc=4 site=70166E1C
gcalls seq=003602 caller=QUEST2 target=70168717 DIST                 argc=4 site=70166E1C
gcalls seq=003606 caller=QUEST1 target=70168717 DIST                 argc=4 site=70166E1C
gcalls seq=003607 caller=QUEST1 target=70168717 DIST                 argc=4 site=70166E1C
gcalls seq=003608 caller=QUEST1 target=70168717 DIST                 argc=4 site=70166E1C
gcalls seq=003609 caller=QUEST2 target=70168717 DIST                 argc=4 site=70166E1C
gcalls seq=003613 caller=QUEST2 target=70168717 DIST                 argc=4 site=70166E1C
gcalls seq=003617 caller=QUEST2 target=70168717 DIST                 argc=4 site=70166E1C
gcalls seq=003621 caller=QUEST1 target=70168717 DIST                 argc=4 site=70166E1C
gcalls seq=003622 caller=QUEST1 target=70168717 DIST                 argc=4 site=70166E1C
gcalls seq=003623 caller=QUEST1 target=70168717 DIST                 argc=4 site=70166E1C
gcalls seq=003624 caller=QUEST2 target=70168717 DIST                 argc=4 site=70166E1C
gcalls seq=003628 caller=QUEST2 target=70168717 DIST                 argc=4 site=70166E1C
gcalls seq=003632 caller=QUEST2 target=70168717 DIST                 argc=4 site=70166E1C
gcalls seq=003634 caller=QUEST1 target=70168717 DIST                 argc=4 site=70166E1C
gcalls seq=003637 caller=QUEST2 target=70168717 DIST                 argc=4 site=70166E1C
gcalls seq=003639 caller=QUEST1 target=70168717 DIST                 argc=4 site=70166E1C
gcalls seq=003640 caller=QUEST1 target=70168717 DIST                 argc=4 site=70166E1C
gcalls seq=003643 caller=QUEST2 target=70168717 DIST                 argc=4 site=70166E1C
gcalls seq=003647 caller=QUEST2 target=70168717 DIST                 argc=4 site=70166E1C
gcalls seq=003651 caller=QUEST1 target=70168717 DIST                 argc=4 site=70166E1C
gcalls seq=003652 caller=QUEST1 target=70168717 DIST                 argc=4 site=70166E1C
gcalls seq=003653 caller=QUEST1 target=70168717 DIST                 argc=4 site=70166E1C
gcalls seq=003654 caller=QUEST2 target=70168717 DIST                 argc=4 site=70166E1C
gcalls seq=003658 caller=QUEST2 target=70168717 DIST                 argc=4 site=70166E1C
gcalls seq=003662 caller=QUEST2 target=70168717 DIST                 argc=4 site=70166E1C
gcalls seq=003666 caller=QUEST1 target=70168717 DIST                 argc=4 site=70166E1C
gcalls seq=003667 caller=QUEST2 target=70168717 DIST                 argc=4 site=70166E1C
gcalls seq=003670 caller=QUEST1 target=70168717 DIST                 argc=4 site=70166E1C
gcalls seq=003671 caller=QUEST1 target=70168717 DIST                 argc=4 site=70166E1C
gcalls seq=003673 caller=QUEST2 target=70168717 DIST                 argc=4 site=70166E1C
gcalls seq=003677 caller=QUEST2 target=70168717 DIST                 argc=4 site=70166E1C
gcalls seq=003681 caller=QUEST1 target=70168717 DIST                 argc=4 site=70166E1C
gcalls seq=003682 caller=QUEST1 target=70168717 DIST                 argc=4 site=70166E1C
gcalls seq=003683 caller=QUEST1 target=70168717 DIST                 argc=4 site=70166E1C
gcalls seq=003684 caller=QUEST2 target=70168717 DIST                 argc=4 site=70166E1C
gcalls seq=003688 caller=QUEST2 target=70168717 DIST                 argc=4 site=70166E1C
gcalls seq=003692 caller=QUEST2 target=70168717 DIST                 argc=4 site=70166E1C
gcalls seq=003696 caller=QUEST1 target=70168717 DIST                 argc=4 site=70166E1C
gcalls seq=003697 caller=QUEST1 target=70168717 DIST                 argc=4 site=70166E1C
gcalls seq=003698 caller=QUEST1 target=70168717 DIST                 argc=4 site=70166E1C
gcalls seq=003699 caller=QUEST2 target=70168717 DIST                 argc=4 site=70166E1C
gcalls seq=003703 caller=QUEST2 target=70168717 DIST                 argc=4 site=70166E1C
gcalls seq=003707 caller=QUEST2 target=70168717 DIST                 argc=4 site=70166E1C
gcalls seq=003711 caller=QUEST1 target=70168717 DIST                 argc=4 site=70166E1C
gcalls seq=003712 caller=QUEST1 target=70168717 DIST                 argc=4 site=70166E1C
gcalls seq=003713 caller=QUEST1 target=70168717 DIST                 argc=4 site=70166E1C
gcalls seq=003714 caller=QUEST2 target=70168717 DIST                 argc=4 site=70166E1C
gcalls seq=003718 caller=QUEST2 target=70168717 DIST                 argc=4 site=70166E1C
gcalls seq=003722 caller=QUEST2 target=70168717 DIST                 argc=4 site=70166E1C
gcalls seq=003726 caller=QUEST1 target=70168717 DIST                 argc=4 site=70166E1C
gcalls seq=003727 caller=QUEST1 target=70168717 DIST                 argc=4 site=70166E1C
gcalls seq=003728 caller=QUEST1 target=70168717 DIST                 argc=4 site=70166E1C
gcalls seq=003729 caller=QUEST2 target=70168717 DIST                 argc=4 site=70166E1C
gcalls seq=003733 caller=QUEST2 target=70168717 DIST                 argc=4 site=70166E1C
gcalls seq=003737 caller=QUEST2 target=70168717 DIST                 argc=4 site=70166E1C
gcalls seq=003741 caller=QUEST1 target=70168717 DIST                 argc=4 site=70166E1C
gcalls seq=003742 caller=QUEST1 target=70168717 DIST                 argc=4 site=70166E1C
gcalls seq=003743 caller=QUEST1 target=70168717 DIST                 argc=4 site=70166E1C
gcalls seq=003744 caller=QUEST2 target=70168717 DIST                 argc=4 site=70166E1C
gcalls seq=003748 caller=QUEST2 target=70168717 DIST                 argc=4 site=70166E1C
gcalls seq=003752 caller=QUEST2 target=70168717 DIST                 argc=4 site=70166E1C
gcalls seq=003756 caller=QUEST1 target=70168717 DIST                 argc=4 site=70166E1C
gcalls seq=003757 caller=QUEST1 target=70168717 DIST                 argc=4 site=70166E1C
gcalls seq=003758 caller=QUEST1 target=70168717 DIST                 argc=4 site=70166E1C
gcalls seq=003759 caller=QUEST2 target=70168717 DIST                 argc=4 site=70166E1C
gcalls seq=003763 caller=QUEST2 target=70168717 DIST                 argc=4 site=70166E1C
gcalls seq=003767 caller=QUEST2 target=70168717 DIST                 argc=4 site=70166E1C
gcalls seq=003771 caller=QUEST1 target=70168717 DIST                 argc=4 site=70166E1C
gcalls seq=003772 caller=QUEST1 target=70168717 DIST                 argc=4 site=70166E1C
gcalls seq=003773 caller=QUEST1 target=70168717 DIST                 argc=4 site=70166E1C
gcalls seq=003774 caller=QUEST2 target=70168717 DIST                 argc=4 site=70166E1C
gcalls seq=003778 caller=QUEST2 target=70168717 DIST                 argc=4 site=70166E1C
gcalls seq=003782 caller=QUEST2 target=70168717 DIST                 argc=4 site=70166E1C
gcalls seq=003786 caller=QUEST1 target=70168717 DIST                 argc=4 site=70166E1C
gcalls seq=003787 caller=QUEST2 target=70168717 DIST                 argc=4 site=70166E1C
gcalls seq=003791 caller=QUEST1 target=70168717 DIST                 argc=4 site=70166E1C
gcalls seq=003792 caller=QUEST1 target=70168717 DIST                 argc=4 site=70166E1C
gcalls seq=003793 caller=QUEST2 target=70168717 DIST                 argc=4 site=70166E1C
gcalls seq=003797 caller=QUEST2 target=70168717 DIST                 argc=4 site=70166E1C
gcalls seq=003801 caller=QUEST1 target=70168717 DIST                 argc=4 site=70166E1C
gcalls seq=003802 caller=QUEST1 target=70168717 DIST                 argc=4 site=70166E1C
gcalls seq=003803 caller=QUEST1 target=70168717 DIST                 argc=4 site=70166E1C
gcalls seq=003804 caller=QUEST2 target=70168717 DIST                 argc=4 site=70166E1C
gcalls seq=003808 caller=QUEST2 target=70168717 DIST                 argc=4 site=70166E1C
gcalls seq=003812 caller=QUEST2 target=70168717 DIST                 argc=4 site=70166E1C
gcalls seq=003816 caller=QUEST1 target=70168717 DIST                 argc=4 site=70166E1C
gcalls seq=003817 caller=QUEST1 target=70168717 DIST                 argc=4 site=70166E1C
gcalls seq=003818 caller=QUEST2 target=70168717 DIST                 argc=4 site=70166E1C
gcalls seq=003822 caller=QUEST2 target=70168717 DIST                 argc=4 site=70166E1C
gcalls seq=003826 caller=QUEST1 target=70168717 DIST                 argc=4 site=70166E1C
gcalls seq=003827 caller=QUEST2 target=70168717 DIST                 argc=4 site=70166E1C
gcalls seq=003831 caller=QUEST1 target=70168717 DIST                 argc=4 site=70166E1C
gcalls seq=003832 caller=QUEST1 target=70168717 DIST                 argc=4 site=70166E1C
gcalls seq=003833 caller=QUEST1 target=70168717 DIST                 argc=4 site=70166E1C
gcalls seq=003834 caller=QUEST2 target=70168717 DIST                 argc=4 site=70166E1C
gcalls seq=003838 caller=QUEST2 target=70168717 DIST                 argc=4 site=70166E1C
gcalls seq=003842 caller=QUEST2 target=70168717 DIST                 argc=4 site=70166E1C
gcalls seq=003846 caller=QUEST1 target=70168717 DIST                 argc=4 site=70166E1C
gcalls seq=003847 caller=QUEST1 target=70168717 DIST                 argc=4 site=70166E1C
gcalls seq=003848 caller=QUEST1 target=70168717 DIST                 argc=4 site=70166E1C
gcalls seq=003849 caller=QUEST2 target=70168717 DIST                 argc=4 site=70166E1C
gcalls seq=003853 caller=QUEST2 target=70168717 DIST                 argc=4 site=70166E1C
gcalls seq=003857 caller=QUEST2 target=70168717 DIST                 argc=4 site=70166E1C
gcalls seq=003861 caller=QUEST1 target=70168717 DIST                 argc=4 site=70166E1C
gcalls seq=003862 caller=QUEST1 target=70168717 DIST                 argc=4 site=70166E1C
gcalls seq=003863 caller=QUEST1 target=70168717 DIST                 argc=4 site=70166E1C
gcalls seq=003864 caller=QUEST2 target=70168717 DIST                 argc=4 site=70166E1C
gcalls seq=003868 caller=QUEST2 target=70168717 DIST                 argc=4 site=70166E1C
gcalls seq=003872 caller=QUEST2 target=70168717 DIST                 argc=4 site=70166E1C
gcalls seq=003876 caller=QUEST1 target=70168717 DIST                 argc=4 site=70166E1C
gcalls seq=003877 caller=QUEST1 target=70168717 DIST                 argc=4 site=70166E1C
gcalls seq=003878 caller=QUEST1 target=70168717 DIST                 argc=4 site=70166E1C
gcalls seq=003879 caller=QUEST2 target=70168717 DIST                 argc=4 site=70166E1C
gcalls seq=003883 caller=QUEST2 target=70168717 DIST                 argc=4 site=70166E1C
gcalls seq=003887 caller=QUEST2 target=70168717 DIST                 argc=4 site=70166E1C
gcalls seq=003891 caller=QUEST1 target=70168717 DIST                 argc=4 site=70166E1C
gcalls seq=003892 caller=QUEST1 target=70168717 DIST                 argc=4 site=70166E1C
gcalls seq=003893 caller=QUEST2 target=70168717 DIST                 argc=4 site=70166E1C
gcalls seq=003897 caller=QUEST2 target=70168717 DIST                 argc=4 site=70166E1C
gcalls seq=003899 caller=QUEST1 target=70168717 DIST                 argc=4 site=70166E1C
gcalls seq=003902 caller=QUEST2 target=70168717 DIST                 argc=4 site=70166E1C
gcalls seq=003906 caller=QUEST1 target=70168717 DIST                 argc=4 site=70166E1C
gcalls seq=003907 caller=QUEST1 target=70168717 DIST                 argc=4 site=70166E1C
gcalls seq=003908 caller=QUEST1 target=70168717 DIST                 argc=4 site=70166E1C
gcalls seq=003909 caller=QUEST2 target=70168717 DIST                 argc=4 site=70166E1C
gcalls seq=003913 caller=QUEST2 target=70168717 DIST                 argc=4 site=70166E1C
gcalls seq=003917 caller=QUEST2 target=70168717 DIST                 argc=4 site=70166E1C
gcalls seq=003921 caller=QUEST1 target=70168717 DIST                 argc=4 site=70166E1C
gcalls seq=003922 caller=QUEST1 target=70168717 DIST                 argc=4 site=70166E1C
gcalls seq=003923 caller=QUEST2 target=70168717 DIST                 argc=4 site=70166E1C
gcalls seq=003927 caller=QUEST2 target=70168717 DIST                 argc=4 site=70166E1C
gcalls seq=003930 caller=QUEST1 target=70168717 DIST                 argc=4 site=70166E1C
gcalls seq=003932 caller=QUEST2 target=70168717 DIST                 argc=4 site=70166E1C
gcalls seq=003936 caller=QUEST1 target=70168717 DIST                 argc=4 site=70166E1C
gcalls seq=003937 caller=QUEST1 target=70168717 DIST                 argc=4 site=70166E1C
gcalls seq=003938 caller=QUEST1 target=70168717 DIST                 argc=4 site=70166E1C
gcalls seq=003939 caller=QUEST2 target=70168717 DIST                 argc=4 site=70166E1C
gcalls seq=003943 caller=QUEST2 target=70168717 DIST                 argc=4 site=70166E1C
gcalls seq=003947 caller=QUEST2 target=70168717 DIST                 argc=4 site=70166E1C
gcalls seq=003951 caller=QUEST1 target=70168717 DIST                 argc=4 site=70166E1C
gcalls seq=003952 caller=QUEST1 target=70168717 DIST                 argc=4 site=70166E1C
gcalls seq=003953 caller=QUEST1 target=70168717 DIST                 argc=4 site=70166E1C
gcalls seq=003954 caller=QUEST2 target=70168717 DIST                 argc=4 site=70166E1C
gcalls seq=003958 caller=QUEST2 target=70168717 DIST                 argc=4 site=70166E1C
gcalls seq=003962 caller=QUEST2 target=70168717 DIST                 argc=4 site=70166E1C
gcalls seq=003965 caller=QUEST1 target=70168717 DIST                 argc=4 site=70166E1C
gcalls seq=003967 caller=QUEST2 target=70168717 DIST                 argc=4 site=70166E1C
gcalls seq=003970 caller=QUEST1 target=70168717 DIST                 argc=4 site=70166E1C
gcalls seq=003971 caller=QUEST1 target=70168717 DIST                 argc=4 site=70166E1C
gcalls seq=003973 caller=QUEST2 target=70168717 DIST                 argc=4 site=70166E1C
gcalls seq=003977 caller=QUEST2 target=70168717 DIST                 argc=4 site=70166E1C
gcalls seq=003981 caller=QUEST1 target=70168717 DIST                 argc=4 site=70166E1C
gcalls seq=003982 caller=QUEST1 target=70168717 DIST                 argc=4 site=70166E1C
gcalls seq=003983 caller=QUEST1 target=70168717 DIST                 argc=4 site=70166E1C
gcalls seq=003984 caller=QUEST2 target=70168717 DIST                 argc=4 site=70166E1C
gcalls seq=003988 caller=QUEST2 target=70168717 DIST                 argc=4 site=70166E1C
gcalls seq=003992 caller=QUEST2 target=70168717 DIST                 argc=4 site=70166E1C
gcalls seq=003996 caller=QUEST1 target=70168717 DIST                 argc=4 site=70166E1C
gcalls seq=003997 caller=QUEST2 target=70168717 DIST                 argc=4 site=70166E1C
gcalls seq=004001 caller=QUEST1 target=70168717 DIST                 argc=4 site=70166E1C
gcalls seq=004002 caller=QUEST1 target=70168717 DIST                 argc=4 site=70166E1C
gcalls seq=004003 caller=QUEST2 target=70168717 DIST                 argc=4 site=70166E1C
gcalls seq=004007 caller=QUEST2 target=70168717 DIST                 argc=4 site=70166E1C
gcalls seq=004011 caller=QUEST1 target=70168717 DIST                 argc=4 site=70166E1C
gcalls seq=004012 caller=QUEST1 target=70168717 DIST                 argc=4 site=70166E1C
gcalls seq=004013 caller=QUEST1 target=70168717 DIST                 argc=4 site=70166E1C
gcalls seq=004014 caller=QUEST2 target=70168717 DIST                 argc=4 site=70166E1C
gcalls seq=004018 caller=QUEST2 target=70168717 DIST                 argc=4 site=70166E1C
gcalls seq=004022 caller=QUEST2 target=70168717 DIST                 argc=4 site=70166E1C
gcalls seq=004026 caller=QUEST1 target=70168717 DIST                 argc=4 site=70166E1C
gcalls seq=004027 caller=QUEST2 target=70168717 DIST                 argc=4 site=70166E1C
gcalls seq=004031 caller=QUEST1 target=70168717 DIST                 argc=4 site=70166E1C
gcalls seq=004032 caller=QUEST1 target=70168717 DIST                 argc=4 site=70166E1C
gcalls seq=004033 caller=QUEST2 target=70168717 DIST                 argc=4 site=70166E1C
gcalls seq=004037 caller=QUEST2 target=70168717 DIST                 argc=4 site=70166E1C
gcalls seq=004041 caller=QUEST1 target=70168717 DIST                 argc=4 site=70166E1C
gcalls seq=004042 caller=QUEST1 target=70168717 DIST                 argc=4 site=70166E1C
gcalls seq=004043 caller=QUEST1 target=70168717 DIST                 argc=4 site=70166E1C
gcalls seq=004044 caller=QUEST2 target=70168717 DIST                 argc=4 site=70166E1C
gcalls seq=004048 caller=QUEST2 target=70168717 DIST                 argc=4 site=70166E1C
gcalls seq=004052 caller=QUEST2 target=70168717 DIST                 argc=4 site=70166E1C
gcalls seq=004056 caller=QUEST1 target=70168717 DIST                 argc=4 site=70166E1C
gcalls seq=004057 caller=QUEST1 target=70168717 DIST                 argc=4 site=70166E1C
gcalls seq=004058 caller=QUEST1 target=70168717 DIST                 argc=4 site=70166E1C
gcalls seq=004059 caller=QUEST2 target=70168717 DIST                 argc=4 site=70166E1C
gcalls seq=004063 caller=QUEST2 target=70168717 DIST                 argc=4 site=70166E1C
gcalls seq=004067 caller=QUEST2 target=70168717 DIST                 argc=4 site=70166E1C
gcalls seq=004071 caller=QUEST1 target=70168717 DIST                 argc=4 site=70166E1C
gcalls seq=004072 caller=QUEST1 target=70168717 DIST                 argc=4 site=70166E1C
gcalls seq=004073 caller=QUEST1 target=70168717 DIST                 argc=4 site=70166E1C
gcalls seq=004074 caller=QUEST2 target=70168717 DIST                 argc=4 site=70166E1C
gcalls seq=004078 caller=QUEST2 target=70168717 DIST                 argc=4 site=70166E1C
gcalls seq=004082 caller=QUEST2 target=70168717 DIST                 argc=4 site=70166E1C
gcalls seq=004086 caller=QUEST1 target=70168717 DIST                 argc=4 site=70166E1C
gcalls seq=004087 caller=QUEST1 target=70168717 DIST                 argc=4 site=70166E1C
gcalls seq=004088 caller=QUEST1 target=70168717 DIST                 argc=4 site=70166E1C
gcalls seq=004089 caller=QUEST2 target=70168717 DIST                 argc=4 site=70166E1C
gcalls seq=004093 caller=QUEST2 target=70168717 DIST                 argc=4 site=70166E1C
gcalls seq=004097 caller=QUEST2 target=70168717 DIST                 argc=4 site=70166E1C
gcalls seq=004101 caller=QUEST1 target=70168717 DIST                 argc=4 site=70166E1C
gcalls seq=004102 caller=QUEST1 target=70168717 DIST                 argc=4 site=70166E1C
gcalls seq=004103 caller=QUEST1 target=70168717 DIST                 argc=4 site=70166E1C
gcalls seq=004104 caller=QUEST2 target=70168717 DIST                 argc=4 site=70166E1C
gcalls seq=004108 caller=QUEST2 target=70168717 DIST                 argc=4 site=70166E1C
gcalls seq=004112 caller=QUEST2 target=70168717 DIST                 argc=4 site=70166E1C
gcalls seq=004116 caller=QUEST1 target=70168717 DIST                 argc=4 site=70166E1C
gcalls seq=004117 caller=QUEST1 target=70168717 DIST                 argc=4 site=70166E1C
gcalls seq=004118 caller=QUEST2 target=70168717 DIST                 argc=4 site=70166E1C
gcalls seq=004122 caller=QUEST2 target=70168717 DIST                 argc=4 site=70166E1C
gcalls seq=004124 caller=QUEST1 target=70168717 DIST                 argc=4 site=70166E1C
gcalls seq=004127 caller=QUEST2 target=70168717 DIST                 argc=4 site=70166E1C
gcalls seq=004131 caller=QUEST1 target=70168717 DIST                 argc=4 site=70166E1C
gcalls seq=004132 caller=QUEST1 target=70168717 DIST                 argc=4 site=70166E1C
gcalls seq=004133 caller=QUEST1 target=70168717 DIST                 argc=4 site=70166E1C
gcalls seq=004134 caller=QUEST2 target=70168717 DIST                 argc=4 site=70166E1C
gcalls seq=004138 caller=QUEST2 target=70168717 DIST                 argc=4 site=70166E1C
gcalls seq=004142 caller=QUEST2 target=70168717 DIST                 argc=4 site=70166E1C
gcalls seq=004146 caller=QUEST1 target=70168717 DIST                 argc=4 site=70166E1C
gcalls seq=004147 caller=QUEST1 target=70168717 DIST                 argc=4 site=70166E1C
gcalls seq=004148 caller=QUEST1 target=70168717 DIST                 argc=4 site=70166E1C
gcalls seq=004149 caller=QUEST2 target=70168717 DIST                 argc=4 site=70166E1C
gcalls seq=004153 caller=QUEST2 target=70168717 DIST                 argc=4 site=70166E1C
gcalls seq=004157 caller=QUEST2 target=70168717 DIST                 argc=4 site=70166E1C
gcalls seq=004159 caller=QUEST1 target=70168717 DIST                 argc=4 site=70166E1C
gcalls seq=004162 caller=QUEST2 target=70168717 DIST                 argc=4 site=70166E1C
gcalls seq=004165 caller=QUEST1 target=70168717 DIST                 argc=4 site=70166E1C
gcalls seq=004166 caller=QUEST1 target=70168717 DIST                 argc=4 site=70166E1C
gcalls seq=004168 caller=QUEST2 target=70168717 DIST                 argc=4 site=70166E1C
gcalls seq=004172 caller=QUEST2 target=70168717 DIST                 argc=4 site=70166E1C
gcalls seq=004176 caller=QUEST1 target=70168717 DIST                 argc=4 site=70166E1C
gcalls seq=004177 caller=QUEST1 target=70168717 DIST                 argc=4 site=70166E1C
gcalls seq=004178 caller=QUEST1 target=70168717 DIST                 argc=4 site=70166E1C
gcalls seq=004179 caller=QUEST2 target=70168717 DIST                 argc=4 site=70166E1C
gcalls seq=004183 caller=QUEST2 target=70168717 DIST                 argc=4 site=70166E1C
gcalls seq=004187 caller=QUEST2 target=70168717 DIST                 argc=4 site=70166E1C
gcalls seq=004191 caller=QUEST1 target=70168717 DIST                 argc=4 site=70166E1C
gcalls seq=004192 caller=QUEST2 target=70168717 DIST                 argc=4 site=70166E1C
gcalls seq=004195 caller=QUEST1 target=70168717 DIST                 argc=4 site=70166E1C
gcalls seq=004196 caller=QUEST1 target=70168717 DIST                 argc=4 site=70166E1C
gcalls seq=004198 caller=QUEST2 target=70168717 DIST                 argc=4 site=70166E1C
gcalls seq=004202 caller=QUEST2 target=70168717 DIST                 argc=4 site=70166E1C
gcalls seq=004206 caller=QUEST1 target=70168717 DIST                 argc=4 site=70166E1C
gcalls seq=004207 caller=QUEST1 target=70168717 DIST                 argc=4 site=70166E1C
gcalls seq=004208 caller=QUEST1 target=70168717 DIST                 argc=4 site=70166E1C
gcalls seq=004209 caller=QUEST2 target=70168717 DIST                 argc=4 site=70166E1C
gcalls seq=004213 caller=QUEST2 target=70168717 DIST                 argc=4 site=70166E1C
gcalls seq=004217 caller=QUEST2 target=70168717 DIST                 argc=4 site=70166E1C
gcalls seq=004220 caller=QUEST1 target=70168717 DIST                 argc=4 site=70166E1C
gcalls seq=004222 caller=QUEST2 target=70168717 DIST                 argc=4 site=70166E1C
gcalls seq=004225 caller=QUEST1 target=70168717 DIST                 argc=4 site=70166E1C
gcalls seq=004226 caller=QUEST1 target=70168717 DIST                 argc=4 site=70166E1C
gcalls seq=004228 caller=QUEST2 target=70168717 DIST                 argc=4 site=70166E1C
gcalls seq=004232 caller=QUEST2 target=70168717 DIST                 argc=4 site=70166E1C
gcalls seq=004236 caller=QUEST1 target=70168717 DIST                 argc=4 site=70166E1C
gcalls seq=004237 caller=QUEST1 target=70168717 DIST                 argc=4 site=70166E1C
gcalls seq=004238 caller=QUEST1 target=70168717 DIST                 argc=4 site=70166E1C
gcalls seq=004239 caller=QUEST2 target=70168717 DIST                 argc=4 site=70166E1C
gcalls seq=004243 caller=QUEST2 target=70168717 DIST                 argc=4 site=70166E1C
gcalls seq=004247 caller=QUEST2 target=70168717 DIST                 argc=4 site=70166E1C
gcalls seq=004251 caller=QUEST1 target=70168717 DIST                 argc=4 site=70166E1C
gcalls seq=004252 caller=QUEST2 target=70168717 DIST                 argc=4 site=70166E1C
gcalls seq=004256 caller=QUEST1 target=70168717 DIST                 argc=4 site=70166E1C
gcalls seq=004257 caller=QUEST1 target=70168717 DIST                 argc=4 site=70166E1C
gcalls seq=004258 caller=QUEST2 target=70168717 DIST                 argc=4 site=70166E1C
gcalls seq=004262 caller=QUEST2 target=70168717 DIST                 argc=4 site=70166E1C
gcalls seq=004266 caller=QUEST1 target=70168717 DIST                 argc=4 site=70166E1C
gcalls seq=004267 caller=QUEST1 target=70168717 DIST                 argc=4 site=70166E1C
gcalls seq=004268 caller=QUEST1 target=70168717 DIST                 argc=4 site=70166E1C
gcalls seq=004269 caller=QUEST2 target=70168717 DIST                 argc=4 site=70166E1C
gcalls seq=004273 caller=QUEST2 target=70168717 DIST                 argc=4 site=70166E1C
gcalls seq=004277 caller=QUEST2 target=70168717 DIST                 argc=4 site=70166E1C
gcalls seq=004281 caller=QUEST1 target=70168717 DIST                 argc=4 site=70166E1C
gcalls seq=004282 caller=QUEST1 target=70168717 DIST                 argc=4 site=70166E1C
gcalls seq=004283 caller=QUEST2 target=70168717 DIST                 argc=4 site=70166E1C
gcalls seq=004287 caller=QUEST2 target=70168717 DIST                 argc=4 site=70166E1C
gcalls seq=004289 caller=QUEST1 target=70168717 DIST                 argc=4 site=70166E1C
gcalls seq=004292 caller=QUEST2 target=70168717 DIST                 argc=4 site=70166E1C
gcalls seq=004296 caller=QUEST1 target=70168717 DIST                 argc=4 site=70166E1C
gcalls seq=004297 caller=QUEST1 target=70168717 DIST                 argc=4 site=70166E1C
gcalls seq=004298 caller=QUEST1 target=70168717 DIST                 argc=4 site=70166E1C
gcalls seq=004299 caller=QUEST2 target=70168717 DIST                 argc=4 site=70166E1C
gcalls seq=004303 caller=QUEST2 target=70168717 DIST                 argc=4 site=70166E1C
gcalls seq=004307 caller=QUEST2 target=70168717 DIST                 argc=4 site=70166E1C
gcalls seq=004311 caller=QUEST1 target=70168717 DIST                 argc=4 site=70166E1C
gcalls seq=004312 caller=QUEST1 target=70168717 DIST                 argc=4 site=70166E1C
gcalls seq=004313 caller=QUEST1 target=70168717 DIST                 argc=4 site=70166E1C
gcalls seq=004314 caller=QUEST2 target=70168717 DIST                 argc=4 site=70166E1C
gcalls seq=004318 caller=QUEST2 target=70168717 DIST                 argc=4 site=70166E1C
gcalls seq=004322 caller=QUEST2 target=70168717 DIST                 argc=4 site=70166E1C
gcalls seq=004324 caller=QUEST1 target=70168717 DIST                 argc=4 site=70166E1C
gcalls seq=004327 caller=QUEST2 target=70168717 DIST                 argc=4 site=70166E1C
gcalls seq=004330 caller=QUEST1 target=70168717 DIST                 argc=4 site=70166E1C
gcalls seq=004331 caller=QUEST1 target=70168717 DIST                 argc=4 site=70166E1C
gcalls seq=004333 caller=QUEST2 target=70168717 DIST                 argc=4 site=70166E1C
gcalls seq=004337 caller=QUEST2 target=70168717 DIST                 argc=4 site=70166E1C
gcalls seq=004341 caller=QUEST1 target=70168717 DIST                 argc=4 site=70166E1C
gcalls seq=004342 caller=QUEST1 target=70168717 DIST                 argc=4 site=70166E1C
gcalls seq=004343 caller=QUEST1 target=70168717 DIST                 argc=4 site=70166E1C
gcalls seq=004344 caller=QUEST2 target=70168717 DIST                 argc=4 site=70166E1C
gcalls seq=004348 caller=QUEST2 target=70168717 DIST                 argc=4 site=70166E1C
gcalls seq=004352 caller=QUEST2 target=70168717 DIST                 argc=4 site=70166E1C
gcalls seq=004356 caller=QUEST1 target=70168717 DIST                 argc=4 site=70166E1C
gcalls seq=004357 caller=QUEST1 target=70168717 DIST                 argc=4 site=70166E1C
gcalls seq=004358 caller=QUEST2 target=70168717 DIST                 argc=4 site=70166E1C
gcalls seq=004362 caller=QUEST2 target=70168717 DIST                 argc=4 site=70166E1C
gcalls seq=004365 caller=QUEST1 target=70168717 DIST                 argc=4 site=70166E1C
gcalls seq=004367 caller=QUEST2 target=70168717 DIST                 argc=4 site=70166E1C
gcalls seq=004371 caller=QUEST1 target=70168717 DIST                 argc=4 site=70166E1C
gcalls seq=004372 caller=QUEST1 target=70168717 DIST                 argc=4 site=70166E1C
gcalls seq=004373 caller=QUEST1 target=70168717 DIST                 argc=4 site=70166E1C
gcalls seq=004374 caller=QUEST2 target=70168717 DIST                 argc=4 site=70166E1C
gcalls seq=004378 caller=QUEST2 target=70168717 DIST                 argc=4 site=70166E1C
gcalls seq=004382 caller=QUEST2 target=70168717 DIST                 argc=4 site=70166E1C
gcalls seq=004386 caller=QUEST1 target=70168717 DIST                 argc=4 site=70166E1C
gcalls seq=004387 caller=QUEST1 target=70168717 DIST                 argc=4 site=70166E1C
gcalls seq=004388 caller=QUEST1 target=70168717 DIST                 argc=4 site=70166E1C
gcalls seq=004389 caller=QUEST2 target=70168717 DIST                 argc=4 site=70166E1C
gcalls seq=004393 caller=QUEST2 target=70168717 DIST                 argc=4 site=70166E1C
gcalls seq=004397 caller=QUEST2 target=70168717 DIST                 argc=4 site=70166E1C
gcalls seq=004400 caller=QUEST1 target=70168717 DIST                 argc=4 site=70166E1C
gcalls seq=004402 caller=QUEST2 target=70168717 DIST                 argc=4 site=70166E1C
gcalls seq=004405 caller=QUEST1 target=70168717 DIST                 argc=4 site=70166E1C
gcalls seq=004406 caller=QUEST1 target=70168717 DIST                 argc=4 site=70166E1C
gcalls seq=004408 caller=QUEST2 target=70168717 DIST                 argc=4 site=70166E1C
gcalls seq=004412 caller=QUEST2 target=70168717 DIST                 argc=4 site=70166E1C
gcalls seq=004416 caller=QUEST1 target=70168717 DIST                 argc=4 site=70166E1C
gcalls seq=004417 caller=QUEST1 target=70168717 DIST                 argc=4 site=70166E1C
gcalls seq=004418 caller=QUEST1 target=70168717 DIST                 argc=4 site=70166E1C
gcalls seq=004419 caller=QUEST2 target=70168717 DIST                 argc=4 site=70166E1C
gcalls seq=004423 caller=QUEST2 target=70168717 DIST                 argc=4 site=70166E1C
gcalls seq=004427 caller=QUEST2 target=70168717 DIST                 argc=4 site=70166E1C
gcalls seq=004431 caller=QUEST1 target=70168717 DIST                 argc=4 site=70166E1C
gcalls seq=004432 caller=QUEST2 target=70168717 DIST                 argc=4 site=70166E1C
gcalls seq=004436 caller=QUEST1 target=70168717 DIST                 argc=4 site=70166E1C
gcalls seq=004437 caller=QUEST1 target=70168717 DIST                 argc=4 site=70166E1C
gcalls seq=004438 caller=QUEST2 target=70168717 DIST                 argc=4 site=70166E1C
gcalls seq=004442 caller=QUEST2 target=70168717 DIST                 argc=4 site=70166E1C
gcalls seq=004446 caller=QUEST1 target=70168717 DIST                 argc=4 site=70166E1C
gcalls seq=004447 caller=QUEST1 target=70168717 DIST                 argc=4 site=70166E1C
gcalls seq=004448 caller=QUEST1 target=70168717 DIST                 argc=4 site=70166E1C
gcalls seq=004449 caller=QUEST2 target=70168717 DIST                 argc=4 site=70166E1C
gcalls seq=004453 caller=QUEST2 target=70168717 DIST                 argc=4 site=70166E1C
gcalls seq=004457 caller=QUEST2 target=70168717 DIST                 argc=4 site=70166E1C
gcalls seq=004461 caller=QUEST1 target=70168717 DIST                 argc=4 site=70166E1C
gcalls seq=004462 caller=QUEST1 target=70168717 DIST                 argc=4 site=70166E1C
gcalls seq=004463 caller=QUEST2 target=70168717 DIST                 argc=4 site=70166E1C
gcalls seq=004467 caller=QUEST2 target=70168717 DIST                 argc=4 site=70166E1C
gcalls seq=004471 caller=QUEST1 target=70168717 DIST                 argc=4 site=70166E1C
gcalls seq=004472 caller=QUEST2 target=70168717 DIST                 argc=4 site=70166E1C
gcalls seq=004476 caller=QUEST1 target=70168717 DIST                 argc=4 site=70166E1C
gcalls seq=004477 caller=QUEST1 target=70168717 DIST                 argc=4 site=70166E1C
gcalls seq=004478 caller=QUEST1 target=70168717 DIST                 argc=4 site=70166E1C
gcalls seq=004479 caller=QUEST2 target=70168717 DIST                 argc=4 site=70166E1C
gcalls seq=004483 caller=QUEST2 target=70168717 DIST                 argc=4 site=70166E1C
gcalls seq=004487 caller=QUEST2 target=70168717 DIST                 argc=4 site=70166E1C
gcalls seq=004491 caller=QUEST1 target=70168717 DIST                 argc=4 site=70166E1C
gcalls seq=004492 caller=QUEST1 target=70168717 DIST                 argc=4 site=70166E1C
gcalls seq=004493 caller=QUEST1 target=70168717 DIST                 argc=4 site=70166E1C
gcalls seq=004494 caller=QUEST2 target=70168717 DIST                 argc=4 site=70166E1C
gcalls seq=004498 caller=QUEST2 target=70168717 DIST                 argc=4 site=70166E1C
gcalls seq=004502 caller=QUEST2 target=70168717 DIST                 argc=4 site=70166E1C
gcalls seq=004506 caller=QUEST1 target=70168717 DIST                 argc=4 site=70166E1C
gcalls seq=004507 caller=QUEST2 target=70168717 DIST                 argc=4 site=70166E1C
gcalls seq=004511 caller=QUEST1 target=70168717 DIST                 argc=4 site=70166E1C
gcalls seq=004512 caller=QUEST1 target=70168717 DIST                 argc=4 site=70166E1C
gcalls seq=004513 caller=QUEST2 target=70168717 DIST                 argc=4 site=70166E1C
gcalls seq=004517 caller=QUEST2 target=70168717 DIST                 argc=4 site=70166E1C
gcalls seq=004521 caller=QUEST1 target=70168717 DIST                 argc=4 site=70166E1C
gcalls seq=004522 caller=QUEST1 target=70168717 DIST                 argc=4 site=70166E1C
gcalls seq=004523 caller=QUEST1 target=70168717 DIST                 argc=4 site=70166E1C
gcalls seq=004524 caller=QUEST2 target=70168717 DIST                 argc=4 site=70166E1C
gcalls seq=004528 caller=QUEST2 target=70168717 DIST                 argc=4 site=70166E1C
gcalls seq=004532 caller=QUEST2 target=70168717 DIST                 argc=4 site=70166E1C
gcalls seq=004536 caller=QUEST1 target=70168717 DIST                 argc=4 site=70166E1C
gcalls seq=004537 caller=QUEST1 target=70168717 DIST                 argc=4 site=70166E1C
gcalls seq=004538 caller=QUEST2 target=70168717 DIST                 argc=4 site=70166E1C
gcalls seq=004542 caller=QUEST2 target=70168717 DIST                 argc=4 site=70166E1C
gcalls seq=004546 caller=QUEST1 target=70168717 DIST                 argc=4 site=70166E1C
gcalls seq=004547 caller=QUEST2 target=70168717 DIST                 argc=4 site=70166E1C
gcalls seq=004551 caller=QUEST1 target=70168717 DIST                 argc=4 site=70166E1C
gcalls seq=004552 caller=QUEST1 target=70168717 DIST                 argc=4 site=70166E1C
gcalls seq=004553 caller=QUEST1 target=70168717 DIST                 argc=4 site=70166E1C
gcalls seq=004554 caller=QUEST2 target=70168717 DIST                 argc=4 site=70166E1C
gcalls seq=004558 caller=QUEST2 target=70168717 DIST                 argc=4 site=70166E1C
gcalls seq=004562 caller=QUEST2 target=70168717 DIST                 argc=4 site=70166E1C
gcalls seq=004566 caller=QUEST1 target=70168717 DIST                 argc=4 site=70166E1C
gcalls seq=004567 caller=QUEST1 target=70168717 DIST                 argc=4 site=70166E1C
gcalls seq=004568 caller=QUEST1 target=70168717 DIST                 argc=4 site=70166E1C
gcalls seq=004569 caller=QUEST2 target=70168717 DIST                 argc=4 site=70166E1C
gcalls seq=004573 caller=QUEST2 target=70168717 DIST                 argc=4 site=70166E1C
gcalls seq=004577 caller=QUEST2 target=70168717 DIST                 argc=4 site=70166E1C
gcalls seq=004581 caller=QUEST1 target=70168717 DIST                 argc=4 site=70166E1C
gcalls seq=004582 caller=QUEST2 target=70168717 DIST                 argc=4 site=70166E1C
gcalls seq=004584 caller=QUEST1 target=70168717 DIST                 argc=4 site=70166E1C
gcalls seq=004585 caller=QUEST1 target=70168717 DIST                 argc=4 site=70166E1C
gcalls seq=004588 caller=QUEST2 target=70168717 DIST                 argc=4 site=70166E1C
gcalls seq=004592 caller=QUEST2 target=70168717 DIST                 argc=4 site=70166E1C
gcalls seq=004596 caller=QUEST1 target=70168717 DIST                 argc=4 site=70166E1C
gcalls seq=004597 caller=QUEST1 target=70168717 DIST                 argc=4 site=70166E1C
gcalls seq=004598 caller=QUEST1 target=70168717 DIST                 argc=4 site=70166E1C
gcalls seq=004599 caller=QUEST2 target=70168717 DIST                 argc=4 site=70166E1C
gcalls seq=004603 caller=QUEST2 target=70168717 DIST                 argc=4 site=70166E1C
gcalls seq=004607 caller=QUEST2 target=70168717 DIST                 argc=4 site=70166E1C
gcalls seq=004611 caller=QUEST1 target=70168717 DIST                 argc=4 site=70166E1C
gcalls seq=004612 caller=QUEST1 target=70168717 DIST                 argc=4 site=70166E1C
gcalls seq=004613 caller=QUEST2 target=70168717 DIST                 argc=4 site=70166E1C
gcalls seq=004617 caller=QUEST2 target=70168717 DIST                 argc=4 site=70166E1C
gcalls seq=004619 caller=QUEST1 target=70168717 DIST                 argc=4 site=70166E1C
gcalls seq=004622 caller=QUEST2 target=70168717 DIST                 argc=4 site=70166E1C
gcalls seq=004626 caller=QUEST1 target=70168717 DIST                 argc=4 site=70166E1C
gcalls seq=004627 caller=QUEST1 target=70168717 DIST                 argc=4 site=70166E1C
gcalls seq=004628 caller=QUEST1 target=70168717 DIST                 argc=4 site=70166E1C
gcalls seq=004629 caller=QUEST2 target=70168717 DIST                 argc=4 site=70166E1C
gcalls seq=004633 caller=QUEST2 target=70168717 DIST                 argc=4 site=70166E1C
gcalls seq=004637 caller=QUEST2 target=70168717 DIST                 argc=4 site=70166E1C
gcalls seq=004641 caller=QUEST1 target=70168717 DIST                 argc=4 site=70166E1C
gcalls seq=004642 caller=QUEST1 target=70168717 DIST                 argc=4 site=70166E1C
gcalls seq=004643 caller=QUEST1 target=70168717 DIST                 argc=4 site=70166E1C
gcalls seq=004644 caller=QUEST2 target=70168717 DIST                 argc=4 site=70166E1C
gcalls seq=004648 caller=QUEST2 target=70168717 DIST                 argc=4 site=70166E1C
gcalls seq=004652 caller=QUEST2 target=70168717 DIST                 argc=4 site=70166E1C
gcalls seq=004655 caller=QUEST1 target=70168717 DIST                 argc=4 site=70166E1C
gcalls seq=004657 caller=QUEST2 target=70168717 DIST                 argc=4 site=70166E1C
gcalls seq=004660 caller=QUEST1 target=70168717 DIST                 argc=4 site=70166E1C
gcalls seq=004661 caller=QUEST1 target=70168717 DIST                 argc=4 site=70166E1C
gcalls seq=004663 caller=QUEST2 target=70168717 DIST                 argc=4 site=70166E1C
gcalls seq=004667 caller=QUEST2 target=70168717 DIST                 argc=4 site=70166E1C
gcalls seq=004671 caller=QUEST1 target=70168717 DIST                 argc=4 site=70166E1C
gcalls seq=004672 caller=QUEST1 target=70168717 DIST                 argc=4 site=70166E1C
gcalls seq=004673 caller=QUEST1 target=70168717 DIST                 argc=4 site=70166E1C
gcalls seq=004674 caller=QUEST2 target=70168717 DIST                 argc=4 site=70166E1C
gcalls seq=004678 caller=QUEST2 target=70168717 DIST                 argc=4 site=70166E1C
gcalls seq=004682 caller=QUEST2 target=70168717 DIST                 argc=4 site=70166E1C
gcalls seq=004686 caller=QUEST1 target=70168717 DIST                 argc=4 site=70166E1C
gcalls seq=004687 caller=QUEST1 target=70168717 DIST                 argc=4 site=70166E1C
gcalls seq=004688 caller=QUEST2 target=70168717 DIST                 argc=4 site=70166E1C
gcalls seq=004692 caller=QUEST2 target=70168717 DIST                 argc=4 site=70166E1C
gcalls seq=004695 caller=QUEST1 target=70168717 DIST                 argc=4 site=70166E1C
gcalls seq=004697 caller=QUEST2 target=70168717 DIST                 argc=4 site=70166E1C
gcalls seq=004701 caller=QUEST1 target=70168717 DIST                 argc=4 site=70166E1C
gcalls seq=004702 caller=QUEST1 target=70168717 DIST                 argc=4 site=70166E1C
gcalls seq=004703 caller=QUEST1 target=70168717 DIST                 argc=4 site=70166E1C
gcalls seq=004704 caller=QUEST2 target=70168717 DIST                 argc=4 site=70166E1C
gcalls seq=004708 caller=QUEST2 target=70168717 DIST                 argc=4 site=70166E1C
gcalls seq=004712 caller=QUEST2 target=70168717 DIST                 argc=4 site=70166E1C
gcalls seq=004716 caller=QUEST1 target=70168717 DIST                 argc=4 site=70166E1C
gcalls seq=004717 caller=QUEST1 target=70168717 DIST                 argc=4 site=70166E1C
gcalls seq=004718 caller=QUEST1 target=70168717 DIST                 argc=4 site=70166E1C
gcalls seq=004719 caller=QUEST2 target=70168717 DIST                 argc=4 site=70166E1C
gcalls seq=004723 caller=QUEST2 target=70168717 DIST                 argc=4 site=70166E1C
gcalls seq=004727 caller=QUEST2 target=70168717 DIST                 argc=4 site=70166E1C
gcalls seq=004730 caller=QUEST1 target=70168717 DIST                 argc=4 site=70166E1C
gcalls seq=004732 caller=QUEST2 target=70168717 DIST                 argc=4 site=70166E1C
gcalls seq=004735 caller=QUEST1 target=70168717 DIST                 argc=4 site=70166E1C
gcalls seq=004736 caller=QUEST1 target=70168717 DIST                 argc=4 site=70166E1C
gcalls seq=004738 caller=QUEST2 target=70168717 DIST                 argc=4 site=70166E1C
gcalls seq=004742 caller=QUEST2 target=70168717 DIST                 argc=4 site=70166E1C
gcalls seq=004746 caller=QUEST1 target=7017CD71 TERRITORY            argc=6 site=701670EE
gcalls seq=004747 caller=QUEST2 target=7017CD71 TERRITORY            argc=6 site=701670EE
gcalls seq=004856 caller=QUEST1 target=7017D0ED TOWER_ATTACK         argc=1 site=701788EB
gcalls seq=004857 caller=QUEST2 target=7017D0ED TOWER_ATTACK         argc=1 site=701788EB
gcalls seq=004865 caller=QUEST1 target=70176C0B REPORT               argc=0 site=701788EF
gcalls seq=004866 caller=QUEST1 target=7017B42F THIEF                argc=1 site=701788F6
gcalls seq=004867 caller=QUEST1 target=70161CBF CATAPULT             argc=1 site=701788FD
gcalls seq=004868 caller=QUEST2 target=70176C0B REPORT               argc=0 site=701788EF
gcalls seq=004869 caller=QUEST2 target=7017B42F THIEF                argc=1 site=701788F6
gcalls seq=004870 caller=QUEST2 target=70161CBF CATAPULT             argc=1 site=701788FD
gcalls seq=004871 caller=QUEST1 target=70165863 DEFEND               argc=0 site=7017892C
gcalls seq=004872 caller=QUEST2 target=70165863 DEFEND               argc=0 site=7017892C
gcalls seq=004873 caller=QUEST1 target=701674B5 DISPLAY_INVENTORY    argc=1 site=701789E0
gcalls seq=004874 caller=QUEST2 target=701674B5 DISPLAY_INVENTORY    argc=1 site=701789E0
gcalls seq=004875 caller=QUEST1 target=701674B5 DISPLAY_INVENTORY    argc=1 site=70178BF9
gcalls seq=004876 caller=QUEST2 target=701674B5 DISPLAY_INVENTORY    argc=1 site=70178BF9
gcalls seq=004884 caller=QUEST1 target=7016AA35 GET_INPUT            argc=1 site=70178C3B
gcalls seq=004885 caller=QUEST2 target=7016AA35 GET_INPUT            argc=1 site=70178C3B
gcalls seq=004914 caller=QUEST1 target=701674B5 DISPLAY_INVENTORY    argc=1 site=70178BF9
gcalls seq=004915 caller=QUEST2 target=701674B5 DISPLAY_INVENTORY    argc=1 site=70178BF9
gcalls seq=004923 caller=QUEST1 target=7016AA35 GET_INPUT            argc=1 site=70178C3B
gcalls seq=004924 caller=QUEST2 target=7016AA35 GET_INPUT            argc=1 site=70178C3B
gcalls seq=004946 caller=QUEST1 target=7016EB87 LIST_PLAYERS         argc=0 site=70178D2B
gcalls seq=004947 caller=QUEST2 target=7016EB87 LIST_PLAYERS         argc=0 site=70178D2B
gcalls seq=004956 caller=QUEST1 target=7016AA35 GET_INPUT            argc=1 site=7016EBAD
gcalls seq=004957 caller=QUEST2 target=7016AA35 GET_INPUT            argc=1 site=7016EBAD
gcalls seq=004971 caller=QUEST1 target=7016EC57 -                    argc=0 site=7017EE3D
gcalls seq=004983 caller=QUEST1 target=7016DE91 HIT_ANY_CHAR         argc=0 site=7016F1C4
gcalls seq=004984 caller=QUEST2 target=7016DE91 HIT_ANY_CHAR         argc=0 site=7016F1C4
gcalls seq=004992 caller=QUEST1 target=7016AA35 GET_INPUT            argc=1 site=7016DEA9
gcalls seq=004993 caller=QUEST2 target=7016AA35 GET_INPUT            argc=1 site=7016DEA9
gcalls seq=005017 caller=QUEST1 target=70176A93 REFRESH_SCREEN       argc=0 site=701789FD
gcalls seq=005018 caller=QUEST2 target=70176A93 REFRESH_SCREEN       argc=0 site=701789FD
gcalls seq=005103 caller=QUEST1 target=70166AF9 DISPLAY_SCREEN       argc=1 site=70178A17
gcalls seq=005104 caller=QUEST1 target=70168717 DIST                 argc=4 site=70166B86
gcalls seq=005105 caller=QUEST1 target=70168717 DIST                 argc=4 site=70166B86
gcalls seq=005106 caller=QUEST1 target=70168717 DIST                 argc=4 site=70166B86
gcalls seq=005107 caller=QUEST2 target=70166AF9 DISPLAY_SCREEN       argc=1 site=70178A17
gcalls seq=005108 caller=QUEST2 target=70168717 DIST                 argc=4 site=70166B86
gcalls seq=005112 caller=QUEST2 target=70168717 DIST                 argc=4 site=70166B86
gcalls seq=005116 caller=QUEST2 target=70168717 DIST                 argc=4 site=70166B86
gcalls seq=005120 caller=QUEST1 target=70168717 DIST                 argc=4 site=70166E1C
gcalls seq=005121 caller=QUEST1 target=70168717 DIST                 argc=4 site=70166E1C
gcalls seq=005122 caller=QUEST1 target=70168717 DIST                 argc=4 site=70166E1C
gcalls seq=005123 caller=QUEST2 target=70168717 DIST                 argc=4 site=70166E1C
gcalls seq=005127 caller=QUEST2 target=70168717 DIST                 argc=4 site=70166E1C
gcalls seq=005131 caller=QUEST2 target=70168717 DIST                 argc=4 site=70166E1C
gcalls seq=005135 caller=QUEST1 target=70168717 DIST                 argc=4 site=70166E1C
gcalls seq=005136 caller=QUEST1 target=70168717 DIST                 argc=4 site=70166E1C
gcalls seq=005137 caller=QUEST1 target=70168717 DIST                 argc=4 site=70166E1C
gcalls seq=005138 caller=QUEST2 target=70168717 DIST                 argc=4 site=70166E1C
gcalls seq=005142 caller=QUEST2 target=70168717 DIST                 argc=4 site=70166E1C
gcalls seq=005146 caller=QUEST2 target=70168717 DIST                 argc=4 site=70166E1C
gcalls seq=005149 caller=QUEST1 target=70168717 DIST                 argc=4 site=70166E1C
gcalls seq=005151 caller=QUEST2 target=70168717 DIST                 argc=4 site=70166E1C
gcalls seq=005155 caller=QUEST1 target=70168717 DIST                 argc=4 site=70166E1C
gcalls seq=005156 caller=QUEST1 target=70168717 DIST                 argc=4 site=70166E1C
gcalls seq=005157 caller=QUEST2 target=70168717 DIST                 argc=4 site=70166E1C
gcalls seq=005161 caller=QUEST2 target=70168717 DIST                 argc=4 site=70166E1C
gcalls seq=005165 caller=QUEST1 target=70168717 DIST                 argc=4 site=70166E1C
gcalls seq=005166 caller=QUEST1 target=70168717 DIST                 argc=4 site=70166E1C
gcalls seq=005167 caller=QUEST1 target=70168717 DIST                 argc=4 site=70166E1C
gcalls seq=005168 caller=QUEST2 target=70168717 DIST                 argc=4 site=70166E1C
gcalls seq=005172 caller=QUEST2 target=70168717 DIST                 argc=4 site=70166E1C
gcalls seq=005176 caller=QUEST2 target=70168717 DIST                 argc=4 site=70166E1C
gcalls seq=005180 caller=QUEST1 target=70168717 DIST                 argc=4 site=70166E1C
gcalls seq=005181 caller=QUEST1 target=70168717 DIST                 argc=4 site=70166E1C
gcalls seq=005182 caller=QUEST2 target=70168717 DIST                 argc=4 site=70166E1C
gcalls seq=005186 caller=QUEST2 target=70168717 DIST                 argc=4 site=70166E1C
gcalls seq=005190 caller=QUEST1 target=70168717 DIST                 argc=4 site=70166E1C
gcalls seq=005191 caller=QUEST2 target=70168717 DIST                 argc=4 site=70166E1C
gcalls seq=005195 caller=QUEST1 target=70168717 DIST                 argc=4 site=70166E1C
gcalls seq=005196 caller=QUEST1 target=70168717 DIST                 argc=4 site=70166E1C
gcalls seq=005197 caller=QUEST1 target=70168717 DIST                 argc=4 site=70166E1C
gcalls seq=005198 caller=QUEST2 target=70168717 DIST                 argc=4 site=70166E1C
gcalls seq=005202 caller=QUEST2 target=70168717 DIST                 argc=4 site=70166E1C
gcalls seq=005206 caller=QUEST2 target=70168717 DIST                 argc=4 site=70166E1C
gcalls seq=005210 caller=QUEST1 target=70168717 DIST                 argc=4 site=70166E1C
gcalls seq=005211 caller=QUEST1 target=70168717 DIST                 argc=4 site=70166E1C
gcalls seq=005212 caller=QUEST1 target=70168717 DIST                 argc=4 site=70166E1C
gcalls seq=005213 caller=QUEST2 target=70168717 DIST                 argc=4 site=70166E1C
gcalls seq=005217 caller=QUEST2 target=70168717 DIST                 argc=4 site=70166E1C
gcalls seq=005221 caller=QUEST2 target=70168717 DIST                 argc=4 site=70166E1C
gcalls seq=005225 caller=QUEST1 target=70168717 DIST                 argc=4 site=70166E1C
gcalls seq=005226 caller=QUEST2 target=70168717 DIST                 argc=4 site=70166E1C
gcalls seq=005230 caller=QUEST1 target=70168717 DIST                 argc=4 site=70166E1C
gcalls seq=005231 caller=QUEST1 target=70168717 DIST                 argc=4 site=70166E1C
gcalls seq=005232 caller=QUEST2 target=70168717 DIST                 argc=4 site=70166E1C
gcalls seq=005236 caller=QUEST2 target=70168717 DIST                 argc=4 site=70166E1C
gcalls seq=005240 caller=QUEST1 target=70168717 DIST                 argc=4 site=70166E1C
gcalls seq=005241 caller=QUEST1 target=70168717 DIST                 argc=4 site=70166E1C
gcalls seq=005242 caller=QUEST1 target=70168717 DIST                 argc=4 site=70166E1C
gcalls seq=005243 caller=QUEST2 target=70168717 DIST                 argc=4 site=70166E1C
gcalls seq=005247 caller=QUEST2 target=70168717 DIST                 argc=4 site=70166E1C
gcalls seq=005251 caller=QUEST2 target=70168717 DIST                 argc=4 site=70166E1C
gcalls seq=005255 caller=QUEST1 target=70168717 DIST                 argc=4 site=70166E1C
gcalls seq=005256 caller=QUEST1 target=70168717 DIST                 argc=4 site=70166E1C
gcalls seq=005257 caller=QUEST2 target=70168717 DIST                 argc=4 site=70166E1C
gcalls seq=005261 caller=QUEST2 target=70168717 DIST                 argc=4 site=70166E1C
gcalls seq=005265 caller=QUEST1 target=70168717 DIST                 argc=4 site=70166E1C
gcalls seq=005266 caller=QUEST2 target=70168717 DIST                 argc=4 site=70166E1C
gcalls seq=005270 caller=QUEST1 target=70168717 DIST                 argc=4 site=70166E1C
gcalls seq=005271 caller=QUEST1 target=70168717 DIST                 argc=4 site=70166E1C
gcalls seq=005272 caller=QUEST1 target=70168717 DIST                 argc=4 site=70166E1C
gcalls seq=005273 caller=QUEST2 target=70168717 DIST                 argc=4 site=70166E1C
gcalls seq=005277 caller=QUEST2 target=70168717 DIST                 argc=4 site=70166E1C
gcalls seq=005281 caller=QUEST2 target=70168717 DIST                 argc=4 site=70166E1C
gcalls seq=005285 caller=QUEST1 target=70168717 DIST                 argc=4 site=70166E1C
gcalls seq=005286 caller=QUEST1 target=70168717 DIST                 argc=4 site=70166E1C
gcalls seq=005287 caller=QUEST2 target=70168717 DIST                 argc=4 site=70166E1C
gcalls seq=005291 caller=QUEST2 target=70168717 DIST                 argc=4 site=70166E1C
gcalls seq=005295 caller=QUEST1 target=70168717 DIST                 argc=4 site=70166E1C
gcalls seq=005296 caller=QUEST1 target=70168717 DIST                 argc=4 site=70166E1C
gcalls seq=005297 caller=QUEST2 target=70168717 DIST                 argc=4 site=70166E1C
gcalls seq=005301 caller=QUEST2 target=70168717 DIST                 argc=4 site=70166E1C
gcalls seq=005302 caller=QUEST1 target=70168717 DIST                 argc=4 site=70166E1C
gcalls seq=005303 caller=QUEST1 target=70168717 DIST                 argc=4 site=70166E1C
gcalls seq=005307 caller=QUEST2 target=70168717 DIST                 argc=4 site=70166E1C
gcalls seq=005311 caller=QUEST2 target=70168717 DIST                 argc=4 site=70166E1C
gcalls seq=005315 caller=QUEST1 target=70168717 DIST                 argc=4 site=70166E1C
gcalls seq=005316 caller=QUEST1 target=70168717 DIST                 argc=4 site=70166E1C
gcalls seq=005317 caller=QUEST1 target=70168717 DIST                 argc=4 site=70166E1C
gcalls seq=005318 caller=QUEST2 target=70168717 DIST                 argc=4 site=70166E1C
gcalls seq=005322 caller=QUEST2 target=70168717 DIST                 argc=4 site=70166E1C
gcalls seq=005326 caller=QUEST2 target=70168717 DIST                 argc=4 site=70166E1C
gcalls seq=005330 caller=QUEST1 target=70168717 DIST                 argc=4 site=70166E1C
gcalls seq=005331 caller=QUEST1 target=70168717 DIST                 argc=4 site=70166E1C
gcalls seq=005332 caller=QUEST2 target=70168717 DIST                 argc=4 site=70166E1C
gcalls seq=005336 caller=QUEST2 target=70168717 DIST                 argc=4 site=70166E1C
gcalls seq=005338 caller=QUEST1 target=70168717 DIST                 argc=4 site=70166E1C
gcalls seq=005341 caller=QUEST2 target=70168717 DIST                 argc=4 site=70166E1C
gcalls seq=005345 caller=QUEST1 target=70168717 DIST                 argc=4 site=70166E1C
gcalls seq=005346 caller=QUEST1 target=70168717 DIST                 argc=4 site=70166E1C
gcalls seq=005347 caller=QUEST1 target=70168717 DIST                 argc=4 site=70166E1C
gcalls seq=005348 caller=QUEST2 target=70168717 DIST                 argc=4 site=70166E1C
gcalls seq=005352 caller=QUEST2 target=70168717 DIST                 argc=4 site=70166E1C
gcalls seq=005356 caller=QUEST2 target=70168717 DIST                 argc=4 site=70166E1C
gcalls seq=005360 caller=QUEST1 target=70168717 DIST                 argc=4 site=70166E1C
gcalls seq=005361 caller=QUEST1 target=70168717 DIST                 argc=4 site=70166E1C
gcalls seq=005362 caller=QUEST2 target=70168717 DIST                 argc=4 site=70166E1C
gcalls seq=005366 caller=QUEST2 target=70168717 DIST                 argc=4 site=70166E1C
gcalls seq=005369 caller=QUEST1 target=70168717 DIST                 argc=4 site=70166E1C
gcalls seq=005371 caller=QUEST2 target=70168717 DIST                 argc=4 site=70166E1C
gcalls seq=005375 caller=QUEST1 target=70168717 DIST                 argc=4 site=70166E1C
gcalls seq=005376 caller=QUEST1 target=70168717 DIST                 argc=4 site=70166E1C
gcalls seq=005377 caller=QUEST1 target=70168717 DIST                 argc=4 site=70166E1C
gcalls seq=005378 caller=QUEST2 target=70168717 DIST                 argc=4 site=70166E1C
gcalls seq=005382 caller=QUEST2 target=70168717 DIST                 argc=4 site=70166E1C
gcalls seq=005386 caller=QUEST2 target=70168717 DIST                 argc=4 site=70166E1C
gcalls seq=005390 caller=QUEST1 target=70168717 DIST                 argc=4 site=70166E1C
gcalls seq=005391 caller=QUEST1 target=70168717 DIST                 argc=4 site=70166E1C
gcalls seq=005392 caller=QUEST2 target=70168717 DIST                 argc=4 site=70166E1C
gcalls seq=005396 caller=QUEST2 target=70168717 DIST                 argc=4 site=70166E1C
gcalls seq=005399 caller=QUEST1 target=70168717 DIST                 argc=4 site=70166E1C
gcalls seq=005401 caller=QUEST2 target=70168717 DIST                 argc=4 site=70166E1C
gcalls seq=005405 caller=QUEST1 target=70168717 DIST                 argc=4 site=70166E1C
gcalls seq=005406 caller=QUEST1 target=70168717 DIST                 argc=4 site=70166E1C
gcalls seq=005407 caller=QUEST1 target=70168717 DIST                 argc=4 site=70166E1C
gcalls seq=005408 caller=QUEST2 target=70168717 DIST                 argc=4 site=70166E1C
gcalls seq=005412 caller=QUEST2 target=70168717 DIST                 argc=4 site=70166E1C
gcalls seq=005416 caller=QUEST2 target=70168717 DIST                 argc=4 site=70166E1C
gcalls seq=005420 caller=QUEST1 target=70168717 DIST                 argc=4 site=70166E1C
gcalls seq=005421 caller=QUEST2 target=70168717 DIST                 argc=4 site=70166E1C
gcalls seq=005424 caller=QUEST1 target=70168717 DIST                 argc=4 site=70166E1C
gcalls seq=005425 caller=QUEST1 target=70168717 DIST                 argc=4 site=70166E1C
gcalls seq=005427 caller=QUEST2 target=70168717 DIST                 argc=4 site=70166E1C
gcalls seq=005431 caller=QUEST2 target=70168717 DIST                 argc=4 site=70166E1C
gcalls seq=005435 caller=QUEST1 target=70168717 DIST                 argc=4 site=70166E1C
gcalls seq=005436 caller=QUEST1 target=70168717 DIST                 argc=4 site=70166E1C
gcalls seq=005437 caller=QUEST1 target=70168717 DIST                 argc=4 site=70166E1C
gcalls seq=005438 caller=QUEST2 target=70168717 DIST                 argc=4 site=70166E1C
gcalls seq=005442 caller=QUEST2 target=70168717 DIST                 argc=4 site=70166E1C
gcalls seq=005446 caller=QUEST2 target=70168717 DIST                 argc=4 site=70166E1C
gcalls seq=005450 caller=QUEST1 target=70168717 DIST                 argc=4 site=70166E1C
gcalls seq=005451 caller=QUEST2 target=70168717 DIST                 argc=4 site=70166E1C
gcalls seq=005455 caller=QUEST1 target=70168717 DIST                 argc=4 site=70166E1C
gcalls seq=005456 caller=QUEST1 target=70168717 DIST                 argc=4 site=70166E1C
gcalls seq=005457 caller=QUEST2 target=70168717 DIST                 argc=4 site=70166E1C
gcalls seq=005461 caller=QUEST2 target=70168717 DIST                 argc=4 site=70166E1C
gcalls seq=005465 caller=QUEST1 target=70168717 DIST                 argc=4 site=70166E1C
gcalls seq=005466 caller=QUEST1 target=70168717 DIST                 argc=4 site=70166E1C
gcalls seq=005467 caller=QUEST1 target=70168717 DIST                 argc=4 site=70166E1C
gcalls seq=005468 caller=QUEST2 target=70168717 DIST                 argc=4 site=70166E1C
gcalls seq=005472 caller=QUEST2 target=70168717 DIST                 argc=4 site=70166E1C
gcalls seq=005476 caller=QUEST2 target=70168717 DIST                 argc=4 site=70166E1C
gcalls seq=005480 caller=QUEST1 target=70168717 DIST                 argc=4 site=70166E1C
gcalls seq=005481 caller=QUEST1 target=70168717 DIST                 argc=4 site=70166E1C
gcalls seq=005482 caller=QUEST2 target=70168717 DIST                 argc=4 site=70166E1C
gcalls seq=005486 caller=QUEST2 target=70168717 DIST                 argc=4 site=70166E1C
gcalls seq=005490 caller=QUEST1 target=70168717 DIST                 argc=4 site=70166E1C
gcalls seq=005491 caller=QUEST2 target=70168717 DIST                 argc=4 site=70166E1C
gcalls seq=005495 caller=QUEST1 target=70168717 DIST                 argc=4 site=70166E1C
gcalls seq=005496 caller=QUEST1 target=70168717 DIST                 argc=4 site=70166E1C
gcalls seq=005497 caller=QUEST1 target=70168717 DIST                 argc=4 site=70166E1C
gcalls seq=005498 caller=QUEST2 target=70168717 DIST                 argc=4 site=70166E1C
gcalls seq=005502 caller=QUEST2 target=70168717 DIST                 argc=4 site=70166E1C
gcalls seq=005506 caller=QUEST2 target=70168717 DIST                 argc=4 site=70166E1C
gcalls seq=005510 caller=QUEST1 target=70168717 DIST                 argc=4 site=70166E1C
gcalls seq=005511 caller=QUEST1 target=70168717 DIST                 argc=4 site=70166E1C
gcalls seq=005512 caller=QUEST1 target=70168717 DIST                 argc=4 site=70166E1C
gcalls seq=005513 caller=QUEST2 target=70168717 DIST                 argc=4 site=70166E1C
gcalls seq=005517 caller=QUEST2 target=70168717 DIST                 argc=4 site=70166E1C
gcalls seq=005521 caller=QUEST2 target=70168717 DIST                 argc=4 site=70166E1C
gcalls seq=005525 caller=QUEST1 target=70168717 DIST                 argc=4 site=70166E1C
gcalls seq=005526 caller=QUEST1 target=70168717 DIST                 argc=4 site=70166E1C
gcalls seq=005527 caller=QUEST1 target=70168717 DIST                 argc=4 site=70166E1C
gcalls seq=005528 caller=QUEST2 target=70168717 DIST                 argc=4 site=70166E1C
gcalls seq=005532 caller=QUEST2 target=70168717 DIST                 argc=4 site=70166E1C
gcalls seq=005536 caller=QUEST2 target=70168717 DIST                 argc=4 site=70166E1C
gcalls seq=005540 caller=QUEST1 target=70168717 DIST                 argc=4 site=70166E1C
gcalls seq=005541 caller=QUEST1 target=70168717 DIST                 argc=4 site=70166E1C
gcalls seq=005542 caller=QUEST2 target=70168717 DIST                 argc=4 site=70166E1C
gcalls seq=005546 caller=QUEST2 target=70168717 DIST                 argc=4 site=70166E1C
gcalls seq=005550 caller=QUEST1 target=70168717 DIST                 argc=4 site=70166E1C
gcalls seq=005551 caller=QUEST2 target=70168717 DIST                 argc=4 site=70166E1C
gcalls seq=005555 caller=QUEST1 target=70168717 DIST                 argc=4 site=70166E1C
gcalls seq=005556 caller=QUEST1 target=70168717 DIST                 argc=4 site=70166E1C
gcalls seq=005557 caller=QUEST1 target=70168717 DIST                 argc=4 site=70166E1C
gcalls seq=005558 caller=QUEST2 target=70168717 DIST                 argc=4 site=70166E1C
gcalls seq=005562 caller=QUEST2 target=70168717 DIST                 argc=4 site=70166E1C
gcalls seq=005566 caller=QUEST2 target=70168717 DIST                 argc=4 site=70166E1C
gcalls seq=005570 caller=QUEST1 target=70168717 DIST                 argc=4 site=70166E1C
gcalls seq=005571 caller=QUEST1 target=70168717 DIST                 argc=4 site=70166E1C
gcalls seq=005572 caller=QUEST2 target=70168717 DIST                 argc=4 site=70166E1C
gcalls seq=005576 caller=QUEST2 target=70168717 DIST                 argc=4 site=70166E1C
gcalls seq=005580 caller=QUEST1 target=70168717 DIST                 argc=4 site=70166E1C
gcalls seq=005581 caller=QUEST2 target=70168717 DIST                 argc=4 site=70166E1C
gcalls seq=005585 caller=QUEST1 target=70168717 DIST                 argc=4 site=70166E1C
gcalls seq=005586 caller=QUEST1 target=70168717 DIST                 argc=4 site=70166E1C
gcalls seq=005587 caller=QUEST1 target=70168717 DIST                 argc=4 site=70166E1C
gcalls seq=005588 caller=QUEST2 target=70168717 DIST                 argc=4 site=70166E1C
gcalls seq=005592 caller=QUEST2 target=70168717 DIST                 argc=4 site=70166E1C
gcalls seq=005596 caller=QUEST2 target=70168717 DIST                 argc=4 site=70166E1C
gcalls seq=005600 caller=QUEST1 target=70168717 DIST                 argc=4 site=70166E1C
gcalls seq=005601 caller=QUEST1 target=70168717 DIST                 argc=4 site=70166E1C
gcalls seq=005602 caller=QUEST1 target=70168717 DIST                 argc=4 site=70166E1C
gcalls seq=005603 caller=QUEST2 target=70168717 DIST                 argc=4 site=70166E1C
gcalls seq=005607 caller=QUEST2 target=70168717 DIST                 argc=4 site=70166E1C
gcalls seq=005611 caller=QUEST2 target=70168717 DIST                 argc=4 site=70166E1C
gcalls seq=005615 caller=QUEST1 target=70168717 DIST                 argc=4 site=70166E1C
gcalls seq=005616 caller=QUEST1 target=70168717 DIST                 argc=4 site=70166E1C
gcalls seq=005617 caller=QUEST1 target=70168717 DIST                 argc=4 site=70166E1C
gcalls seq=005618 caller=QUEST2 target=70168717 DIST                 argc=4 site=70166E1C
gcalls seq=005622 caller=QUEST2 target=70168717 DIST                 argc=4 site=70166E1C
gcalls seq=005626 caller=QUEST2 target=70168717 DIST                 argc=4 site=70166E1C
gcalls seq=005630 caller=QUEST1 target=70168717 DIST                 argc=4 site=70166E1C
gcalls seq=005631 caller=QUEST1 target=70168717 DIST                 argc=4 site=70166E1C
gcalls seq=005632 caller=QUEST1 target=70168717 DIST                 argc=4 site=70166E1C
gcalls seq=005633 caller=QUEST2 target=70168717 DIST                 argc=4 site=70166E1C
gcalls seq=005637 caller=QUEST2 target=70168717 DIST                 argc=4 site=70166E1C
gcalls seq=005641 caller=QUEST2 target=70168717 DIST                 argc=4 site=70166E1C
gcalls seq=005644 caller=QUEST1 target=70168717 DIST                 argc=4 site=70166E1C
gcalls seq=005646 caller=QUEST2 target=70168717 DIST                 argc=4 site=70166E1C
gcalls seq=005649 caller=QUEST1 target=70168717 DIST                 argc=4 site=70166E1C
gcalls seq=005650 caller=QUEST1 target=70168717 DIST                 argc=4 site=70166E1C
gcalls seq=005652 caller=QUEST2 target=70168717 DIST                 argc=4 site=70166E1C
gcalls seq=005656 caller=QUEST2 target=70168717 DIST                 argc=4 site=70166E1C
gcalls seq=005660 caller=QUEST1 target=70168717 DIST                 argc=4 site=70166E1C
gcalls seq=005661 caller=QUEST1 target=70168717 DIST                 argc=4 site=70166E1C
gcalls seq=005662 caller=QUEST1 target=70168717 DIST                 argc=4 site=70166E1C
gcalls seq=005663 caller=QUEST2 target=70168717 DIST                 argc=4 site=70166E1C
gcalls seq=005667 caller=QUEST2 target=70168717 DIST                 argc=4 site=70166E1C
gcalls seq=005671 caller=QUEST2 target=70168717 DIST                 argc=4 site=70166E1C
gcalls seq=005675 caller=QUEST1 target=70168717 DIST                 argc=4 site=70166E1C
gcalls seq=005676 caller=QUEST1 target=70168717 DIST                 argc=4 site=70166E1C
gcalls seq=005677 caller=QUEST2 target=70168717 DIST                 argc=4 site=70166E1C
gcalls seq=005681 caller=QUEST2 target=70168717 DIST                 argc=4 site=70166E1C
gcalls seq=005684 caller=QUEST1 target=70168717 DIST                 argc=4 site=70166E1C
gcalls seq=005686 caller=QUEST2 target=70168717 DIST                 argc=4 site=70166E1C
gcalls seq=005690 caller=QUEST1 target=70168717 DIST                 argc=4 site=70166E1C
gcalls seq=005691 caller=QUEST1 target=70168717 DIST                 argc=4 site=70166E1C
gcalls seq=005692 caller=QUEST1 target=70168717 DIST                 argc=4 site=70166E1C
gcalls seq=005693 caller=QUEST2 target=70168717 DIST                 argc=4 site=70166E1C
gcalls seq=005697 caller=QUEST2 target=70168717 DIST                 argc=4 site=70166E1C
gcalls seq=005701 caller=QUEST2 target=70168717 DIST                 argc=4 site=70166E1C
gcalls seq=005705 caller=QUEST1 target=70168717 DIST                 argc=4 site=70166E1C
gcalls seq=005706 caller=QUEST1 target=70168717 DIST                 argc=4 site=70166E1C
gcalls seq=005707 caller=QUEST1 target=70168717 DIST                 argc=4 site=70166E1C
gcalls seq=005708 caller=QUEST2 target=70168717 DIST                 argc=4 site=70166E1C
gcalls seq=005712 caller=QUEST2 target=70168717 DIST                 argc=4 site=70166E1C
gcalls seq=005716 caller=QUEST2 target=70168717 DIST                 argc=4 site=70166E1C
gcalls seq=005720 caller=QUEST1 target=70168717 DIST                 argc=4 site=70166E1C
gcalls seq=005721 caller=QUEST1 target=70168717 DIST                 argc=4 site=70166E1C
gcalls seq=005722 caller=QUEST1 target=70168717 DIST                 argc=4 site=70166E1C
gcalls seq=005723 caller=QUEST2 target=70168717 DIST                 argc=4 site=70166E1C
gcalls seq=005727 caller=QUEST2 target=70168717 DIST                 argc=4 site=70166E1C
gcalls seq=005731 caller=QUEST2 target=70168717 DIST                 argc=4 site=70166E1C
gcalls seq=005735 caller=QUEST1 target=70168717 DIST                 argc=4 site=70166E1C
gcalls seq=005736 caller=QUEST1 target=70168717 DIST                 argc=4 site=70166E1C
gcalls seq=005737 caller=QUEST1 target=70168717 DIST                 argc=4 site=70166E1C
gcalls seq=005738 caller=QUEST2 target=70168717 DIST                 argc=4 site=70166E1C
gcalls seq=005742 caller=QUEST2 target=70168717 DIST                 argc=4 site=70166E1C
gcalls seq=005746 caller=QUEST2 target=70168717 DIST                 argc=4 site=70166E1C
gcalls seq=005750 caller=QUEST1 target=70168717 DIST                 argc=4 site=70166E1C
gcalls seq=005751 caller=QUEST2 target=70168717 DIST                 argc=4 site=70166E1C
gcalls seq=005755 caller=QUEST1 target=70168717 DIST                 argc=4 site=70166E1C
gcalls seq=005756 caller=QUEST1 target=70168717 DIST                 argc=4 site=70166E1C
gcalls seq=005757 caller=QUEST2 target=70168717 DIST                 argc=4 site=70166E1C
gcalls seq=005761 caller=QUEST2 target=70168717 DIST                 argc=4 site=70166E1C
gcalls seq=005765 caller=QUEST1 target=70168717 DIST                 argc=4 site=70166E1C
gcalls seq=005766 caller=QUEST1 target=70168717 DIST                 argc=4 site=70166E1C
gcalls seq=005767 caller=QUEST1 target=70168717 DIST                 argc=4 site=70166E1C
gcalls seq=005768 caller=QUEST2 target=70168717 DIST                 argc=4 site=70166E1C
gcalls seq=005772 caller=QUEST2 target=70168717 DIST                 argc=4 site=70166E1C
gcalls seq=005776 caller=QUEST2 target=70168717 DIST                 argc=4 site=70166E1C
gcalls seq=005780 caller=QUEST1 target=70168717 DIST                 argc=4 site=70166E1C
gcalls seq=005781 caller=QUEST2 target=70168717 DIST                 argc=4 site=70166E1C
gcalls seq=005785 caller=QUEST1 target=70168717 DIST                 argc=4 site=70166E1C
gcalls seq=005786 caller=QUEST1 target=70168717 DIST                 argc=4 site=70166E1C
gcalls seq=005787 caller=QUEST2 target=70168717 DIST                 argc=4 site=70166E1C
gcalls seq=005791 caller=QUEST2 target=70168717 DIST                 argc=4 site=70166E1C
gcalls seq=005795 caller=QUEST1 target=70168717 DIST                 argc=4 site=70166E1C
gcalls seq=005796 caller=QUEST1 target=70168717 DIST                 argc=4 site=70166E1C
gcalls seq=005797 caller=QUEST1 target=70168717 DIST                 argc=4 site=70166E1C
gcalls seq=005798 caller=QUEST2 target=70168717 DIST                 argc=4 site=70166E1C
gcalls seq=005802 caller=QUEST2 target=70168717 DIST                 argc=4 site=70166E1C
gcalls seq=005806 caller=QUEST2 target=70168717 DIST                 argc=4 site=70166E1C
gcalls seq=005810 caller=QUEST1 target=70168717 DIST                 argc=4 site=70166E1C
gcalls seq=005811 caller=QUEST1 target=70168717 DIST                 argc=4 site=70166E1C
gcalls seq=005812 caller=QUEST2 target=70168717 DIST                 argc=4 site=70166E1C
gcalls seq=005816 caller=QUEST2 target=70168717 DIST                 argc=4 site=70166E1C
gcalls seq=005820 caller=QUEST1 target=70168717 DIST                 argc=4 site=70166E1C
gcalls seq=005821 caller=QUEST2 target=70168717 DIST                 argc=4 site=70166E1C
gcalls seq=005825 caller=QUEST1 target=70168717 DIST                 argc=4 site=70166E1C
gcalls seq=005826 caller=QUEST1 target=70168717 DIST                 argc=4 site=70166E1C
gcalls seq=005827 caller=QUEST1 target=70168717 DIST                 argc=4 site=70166E1C
gcalls seq=005828 caller=QUEST2 target=70168717 DIST                 argc=4 site=70166E1C
gcalls seq=005832 caller=QUEST2 target=70168717 DIST                 argc=4 site=70166E1C
gcalls seq=005836 caller=QUEST2 target=70168717 DIST                 argc=4 site=70166E1C
gcalls seq=005840 caller=QUEST1 target=70168717 DIST                 argc=4 site=70166E1C
gcalls seq=005841 caller=QUEST1 target=70168717 DIST                 argc=4 site=70166E1C
gcalls seq=005842 caller=QUEST1 target=70168717 DIST                 argc=4 site=70166E1C
gcalls seq=005843 caller=QUEST2 target=70168717 DIST                 argc=4 site=70166E1C
gcalls seq=005847 caller=QUEST2 target=70168717 DIST                 argc=4 site=70166E1C
gcalls seq=005851 caller=QUEST2 target=70168717 DIST                 argc=4 site=70166E1C
gcalls seq=005855 caller=QUEST1 target=70168717 DIST                 argc=4 site=70166E1C
gcalls seq=005856 caller=QUEST2 target=70168717 DIST                 argc=4 site=70166E1C
gcalls seq=005858 caller=QUEST1 target=70168717 DIST                 argc=4 site=70166E1C
gcalls seq=005859 caller=QUEST1 target=70168717 DIST                 argc=4 site=70166E1C
gcalls seq=005862 caller=QUEST2 target=70168717 DIST                 argc=4 site=70166E1C
gcalls seq=005866 caller=QUEST2 target=70168717 DIST                 argc=4 site=70166E1C
gcalls seq=005870 caller=QUEST1 target=70168717 DIST                 argc=4 site=70166E1C
gcalls seq=005871 caller=QUEST1 target=70168717 DIST                 argc=4 site=70166E1C
gcalls seq=005872 caller=QUEST1 target=70168717 DIST                 argc=4 site=70166E1C
gcalls seq=005873 caller=QUEST2 target=70168717 DIST                 argc=4 site=70166E1C
gcalls seq=005877 caller=QUEST2 target=70168717 DIST                 argc=4 site=70166E1C
gcalls seq=005881 caller=QUEST2 target=70168717 DIST                 argc=4 site=70166E1C
gcalls seq=005885 caller=QUEST1 target=70168717 DIST                 argc=4 site=70166E1C
gcalls seq=005886 caller=QUEST2 target=70168717 DIST                 argc=4 site=70166E1C
gcalls seq=005889 caller=QUEST1 target=70168717 DIST                 argc=4 site=70166E1C
gcalls seq=005890 caller=QUEST1 target=70168717 DIST                 argc=4 site=70166E1C
gcalls seq=005892 caller=QUEST2 target=70168717 DIST                 argc=4 site=70166E1C
gcalls seq=005896 caller=QUEST2 target=70168717 DIST                 argc=4 site=70166E1C
gcalls seq=005900 caller=QUEST1 target=70168717 DIST                 argc=4 site=70166E1C
gcalls seq=005901 caller=QUEST1 target=70168717 DIST                 argc=4 site=70166E1C
gcalls seq=005902 caller=QUEST1 target=70168717 DIST                 argc=4 site=70166E1C
gcalls seq=005903 caller=QUEST2 target=70168717 DIST                 argc=4 site=70166E1C
gcalls seq=005907 caller=QUEST2 target=70168717 DIST                 argc=4 site=70166E1C
gcalls seq=005911 caller=QUEST2 target=70168717 DIST                 argc=4 site=70166E1C
gcalls seq=005915 caller=QUEST1 target=70168717 DIST                 argc=4 site=70166E1C
gcalls seq=005916 caller=QUEST1 target=70168717 DIST                 argc=4 site=70166E1C
gcalls seq=005917 caller=QUEST1 target=70168717 DIST                 argc=4 site=70166E1C
gcalls seq=005918 caller=QUEST2 target=70168717 DIST                 argc=4 site=70166E1C
gcalls seq=005922 caller=QUEST2 target=70168717 DIST                 argc=4 site=70166E1C
gcalls seq=005926 caller=QUEST2 target=70168717 DIST                 argc=4 site=70166E1C
gcalls seq=005930 caller=QUEST1 target=70168717 DIST                 argc=4 site=70166E1C
gcalls seq=005931 caller=QUEST1 target=70168717 DIST                 argc=4 site=70166E1C
gcalls seq=005932 caller=QUEST1 target=70168717 DIST                 argc=4 site=70166E1C
gcalls seq=005933 caller=QUEST2 target=70168717 DIST                 argc=4 site=70166E1C
gcalls seq=005937 caller=QUEST2 target=70168717 DIST                 argc=4 site=70166E1C
gcalls seq=005941 caller=QUEST2 target=70168717 DIST                 argc=4 site=70166E1C
gcalls seq=005945 caller=QUEST1 target=70168717 DIST                 argc=4 site=70166E1C
gcalls seq=005946 caller=QUEST1 target=70168717 DIST                 argc=4 site=70166E1C
gcalls seq=005947 caller=QUEST1 target=70168717 DIST                 argc=4 site=70166E1C
gcalls seq=005948 caller=QUEST2 target=70168717 DIST                 argc=4 site=70166E1C
gcalls seq=005952 caller=QUEST2 target=70168717 DIST                 argc=4 site=70166E1C
gcalls seq=005956 caller=QUEST2 target=70168717 DIST                 argc=4 site=70166E1C
gcalls seq=005960 caller=QUEST1 target=70168717 DIST                 argc=4 site=70166E1C
gcalls seq=005961 caller=QUEST1 target=70168717 DIST                 argc=4 site=70166E1C
gcalls seq=005962 caller=QUEST1 target=70168717 DIST                 argc=4 site=70166E1C
gcalls seq=005963 caller=QUEST2 target=70168717 DIST                 argc=4 site=70166E1C
gcalls seq=005967 caller=QUEST2 target=70168717 DIST                 argc=4 site=70166E1C
gcalls seq=005971 caller=QUEST2 target=70168717 DIST                 argc=4 site=70166E1C
gcalls seq=005975 caller=QUEST1 target=70168717 DIST                 argc=4 site=70166E1C
gcalls seq=005976 caller=QUEST2 target=70168717 DIST                 argc=4 site=70166E1C
gcalls seq=005980 caller=QUEST1 target=70168717 DIST                 argc=4 site=70166E1C
gcalls seq=005981 caller=QUEST1 target=70168717 DIST                 argc=4 site=70166E1C
gcalls seq=005982 caller=QUEST2 target=70168717 DIST                 argc=4 site=70166E1C
gcalls seq=005986 caller=QUEST2 target=70168717 DIST                 argc=4 site=70166E1C
gcalls seq=005990 caller=QUEST1 target=70168717 DIST                 argc=4 site=70166E1C
gcalls seq=005991 caller=QUEST1 target=70168717 DIST                 argc=4 site=70166E1C
gcalls seq=005992 caller=QUEST1 target=70168717 DIST                 argc=4 site=70166E1C
gcalls seq=005993 caller=QUEST2 target=70168717 DIST                 argc=4 site=70166E1C
gcalls seq=005997 caller=QUEST2 target=70168717 DIST                 argc=4 site=70166E1C
gcalls seq=006001 caller=QUEST2 target=70168717 DIST                 argc=4 site=70166E1C
gcalls seq=006005 caller=QUEST1 target=70168717 DIST                 argc=4 site=70166E1C
gcalls seq=006006 caller=QUEST1 target=70168717 DIST                 argc=4 site=70166E1C
gcalls seq=006007 caller=QUEST2 target=70168717 DIST                 argc=4 site=70166E1C
gcalls seq=006011 caller=QUEST2 target=70168717 DIST                 argc=4 site=70166E1C
gcalls seq=006015 caller=QUEST1 target=70168717 DIST                 argc=4 site=70166E1C
gcalls seq=006016 caller=QUEST2 target=70168717 DIST                 argc=4 site=70166E1C
gcalls seq=006020 caller=QUEST1 target=70168717 DIST                 argc=4 site=70166E1C
gcalls seq=006021 caller=QUEST1 target=70168717 DIST                 argc=4 site=70166E1C
gcalls seq=006022 caller=QUEST1 target=70168717 DIST                 argc=4 site=70166E1C
gcalls seq=006023 caller=QUEST2 target=70168717 DIST                 argc=4 site=70166E1C
gcalls seq=006027 caller=QUEST2 target=70168717 DIST                 argc=4 site=70166E1C
gcalls seq=006031 caller=QUEST2 target=70168717 DIST                 argc=4 site=70166E1C
gcalls seq=006035 caller=QUEST1 target=70168717 DIST                 argc=4 site=70166E1C
gcalls seq=006036 caller=QUEST1 target=70168717 DIST                 argc=4 site=70166E1C
gcalls seq=006037 caller=QUEST1 target=70168717 DIST                 argc=4 site=70166E1C
gcalls seq=006038 caller=QUEST2 target=70168717 DIST                 argc=4 site=70166E1C
gcalls seq=006042 caller=QUEST2 target=70168717 DIST                 argc=4 site=70166E1C
gcalls seq=006046 caller=QUEST2 target=70168717 DIST                 argc=4 site=70166E1C
gcalls seq=006050 caller=QUEST1 target=70168717 DIST                 argc=4 site=70166E1C
gcalls seq=006051 caller=QUEST1 target=70168717 DIST                 argc=4 site=70166E1C
gcalls seq=006052 caller=QUEST1 target=70168717 DIST                 argc=4 site=70166E1C
gcalls seq=006053 caller=QUEST2 target=70168717 DIST                 argc=4 site=70166E1C
gcalls seq=006057 caller=QUEST2 target=70168717 DIST                 argc=4 site=70166E1C
gcalls seq=006061 caller=QUEST2 target=70168717 DIST                 argc=4 site=70166E1C
gcalls seq=006065 caller=QUEST1 target=70168717 DIST                 argc=4 site=70166E1C
gcalls seq=006066 caller=QUEST1 target=70168717 DIST                 argc=4 site=70166E1C
gcalls seq=006067 caller=QUEST2 target=70168717 DIST                 argc=4 site=70166E1C
gcalls seq=006071 caller=QUEST2 target=70168717 DIST                 argc=4 site=70166E1C
gcalls seq=006075 caller=QUEST1 target=70168717 DIST                 argc=4 site=70166E1C
gcalls seq=006076 caller=QUEST2 target=70168717 DIST                 argc=4 site=70166E1C
gcalls seq=006080 caller=QUEST1 target=70168717 DIST                 argc=4 site=70166E1C
gcalls seq=006081 caller=QUEST1 target=70168717 DIST                 argc=4 site=70166E1C
gcalls seq=006082 caller=QUEST1 target=70168717 DIST                 argc=4 site=70166E1C
gcalls seq=006083 caller=QUEST2 target=70168717 DIST                 argc=4 site=70166E1C
gcalls seq=006087 caller=QUEST2 target=70168717 DIST                 argc=4 site=70166E1C
gcalls seq=006091 caller=QUEST2 target=70168717 DIST                 argc=4 site=70166E1C
gcalls seq=006095 caller=QUEST1 target=70168717 DIST                 argc=4 site=70166E1C
gcalls seq=006096 caller=QUEST1 target=70168717 DIST                 argc=4 site=70166E1C
gcalls seq=006097 caller=QUEST1 target=70168717 DIST                 argc=4 site=70166E1C
gcalls seq=006098 caller=QUEST2 target=70168717 DIST                 argc=4 site=70166E1C
gcalls seq=006102 caller=QUEST2 target=70168717 DIST                 argc=4 site=70166E1C
gcalls seq=006106 caller=QUEST2 target=70168717 DIST                 argc=4 site=70166E1C
gcalls seq=006110 caller=QUEST1 target=70168717 DIST                 argc=4 site=70166E1C
gcalls seq=006111 caller=QUEST2 target=70168717 DIST                 argc=4 site=70166E1C
gcalls seq=006113 caller=QUEST1 target=70168717 DIST                 argc=4 site=70166E1C
gcalls seq=006114 caller=QUEST1 target=70168717 DIST                 argc=4 site=70166E1C
gcalls seq=006117 caller=QUEST2 target=70168717 DIST                 argc=4 site=70166E1C
gcalls seq=006121 caller=QUEST2 target=70168717 DIST                 argc=4 site=70166E1C
gcalls seq=006125 caller=QUEST1 target=70168717 DIST                 argc=4 site=70166E1C
gcalls seq=006126 caller=QUEST1 target=70168717 DIST                 argc=4 site=70166E1C
gcalls seq=006127 caller=QUEST1 target=70168717 DIST                 argc=4 site=70166E1C
gcalls seq=006128 caller=QUEST2 target=70168717 DIST                 argc=4 site=70166E1C
gcalls seq=006132 caller=QUEST2 target=70168717 DIST                 argc=4 site=70166E1C
gcalls seq=006136 caller=QUEST2 target=70168717 DIST                 argc=4 site=70166E1C
gcalls seq=006140 caller=QUEST1 target=70168717 DIST                 argc=4 site=70166E1C
gcalls seq=006141 caller=QUEST2 target=70168717 DIST                 argc=4 site=70166E1C
gcalls seq=006145 caller=QUEST1 target=70168717 DIST                 argc=4 site=70166E1C
gcalls seq=006146 caller=QUEST1 target=70168717 DIST                 argc=4 site=70166E1C
gcalls seq=006147 caller=QUEST2 target=70168717 DIST                 argc=4 site=70166E1C
gcalls seq=006151 caller=QUEST2 target=70168717 DIST                 argc=4 site=70166E1C
gcalls seq=006155 caller=QUEST1 target=70168717 DIST                 argc=4 site=70166E1C
gcalls seq=006156 caller=QUEST1 target=70168717 DIST                 argc=4 site=70166E1C
gcalls seq=006157 caller=QUEST1 target=70168717 DIST                 argc=4 site=70166E1C
gcalls seq=006158 caller=QUEST2 target=70168717 DIST                 argc=4 site=70166E1C
gcalls seq=006162 caller=QUEST2 target=70168717 DIST                 argc=4 site=70166E1C
gcalls seq=006166 caller=QUEST2 target=70168717 DIST                 argc=4 site=70166E1C
gcalls seq=006170 caller=QUEST1 target=70168717 DIST                 argc=4 site=70166E1C
gcalls seq=006171 caller=QUEST1 target=70168717 DIST                 argc=4 site=70166E1C
gcalls seq=006172 caller=QUEST2 target=70168717 DIST                 argc=4 site=70166E1C
gcalls seq=006176 caller=QUEST2 target=70168717 DIST                 argc=4 site=70166E1C
gcalls seq=006180 caller=QUEST1 target=70168717 DIST                 argc=4 site=70166E1C
gcalls seq=006181 caller=QUEST2 target=70168717 DIST                 argc=4 site=70166E1C
gcalls seq=006185 caller=QUEST1 target=70168717 DIST                 argc=4 site=70166E1C
gcalls seq=006186 caller=QUEST1 target=70168717 DIST                 argc=4 site=70166E1C
gcalls seq=006187 caller=QUEST1 target=70168717 DIST                 argc=4 site=70166E1C
gcalls seq=006188 caller=QUEST2 target=70168717 DIST                 argc=4 site=70166E1C
gcalls seq=006192 caller=QUEST2 target=70168717 DIST                 argc=4 site=70166E1C
gcalls seq=006196 caller=QUEST2 target=70168717 DIST                 argc=4 site=70166E1C
gcalls seq=006200 caller=QUEST1 target=70168717 DIST                 argc=4 site=70166E1C
gcalls seq=006201 caller=QUEST1 target=70168717 DIST                 argc=4 site=70166E1C
gcalls seq=006202 caller=QUEST1 target=70168717 DIST                 argc=4 site=70166E1C
gcalls seq=006203 caller=QUEST2 target=70168717 DIST                 argc=4 site=70166E1C
gcalls seq=006207 caller=QUEST2 target=70168717 DIST                 argc=4 site=70166E1C
gcalls seq=006211 caller=QUEST2 target=70168717 DIST                 argc=4 site=70166E1C
gcalls seq=006215 caller=QUEST1 target=70168717 DIST                 argc=4 site=70166E1C
gcalls seq=006216 caller=QUEST2 target=70168717 DIST                 argc=4 site=70166E1C
gcalls seq=006220 caller=QUEST1 target=70168717 DIST                 argc=4 site=70166E1C
gcalls seq=006221 caller=QUEST1 target=70168717 DIST                 argc=4 site=70166E1C
gcalls seq=006222 caller=QUEST2 target=70168717 DIST                 argc=4 site=70166E1C
gcalls seq=006226 caller=QUEST2 target=70168717 DIST                 argc=4 site=70166E1C
gcalls seq=006230 caller=QUEST1 target=70168717 DIST                 argc=4 site=70166E1C
gcalls seq=006231 caller=QUEST1 target=70168717 DIST                 argc=4 site=70166E1C
gcalls seq=006232 caller=QUEST1 target=70168717 DIST                 argc=4 site=70166E1C
gcalls seq=006233 caller=QUEST2 target=70168717 DIST                 argc=4 site=70166E1C
gcalls seq=006237 caller=QUEST2 target=70168717 DIST                 argc=4 site=70166E1C
gcalls seq=006241 caller=QUEST2 target=70168717 DIST                 argc=4 site=70166E1C
gcalls seq=006245 caller=QUEST1 target=70168717 DIST                 argc=4 site=70166E1C
gcalls seq=006246 caller=QUEST1 target=70168717 DIST                 argc=4 site=70166E1C
gcalls seq=006247 caller=QUEST2 target=70168717 DIST                 argc=4 site=70166E1C
gcalls seq=006251 caller=QUEST2 target=70168717 DIST                 argc=4 site=70166E1C
gcalls seq=006255 caller=QUEST1 target=70168717 DIST                 argc=4 site=70166E1C
gcalls seq=006256 caller=QUEST2 target=70168717 DIST                 argc=4 site=70166E1C
gcalls seq=006260 caller=QUEST1 target=70168717 DIST                 argc=4 site=70166E1C
gcalls seq=006261 caller=QUEST1 target=70168717 DIST                 argc=4 site=70166E1C
gcalls seq=006262 caller=QUEST1 target=70168717 DIST                 argc=4 site=70166E1C
gcalls seq=006263 caller=QUEST2 target=70168717 DIST                 argc=4 site=70166E1C
gcalls seq=006267 caller=QUEST2 target=70168717 DIST                 argc=4 site=70166E1C
gcalls seq=006271 caller=QUEST2 target=70168717 DIST                 argc=4 site=70166E1C
gcalls seq=006275 caller=QUEST1 target=70168717 DIST                 argc=4 site=70166E1C
gcalls seq=006276 caller=QUEST1 target=70168717 DIST                 argc=4 site=70166E1C
gcalls seq=006277 caller=QUEST1 target=70168717 DIST                 argc=4 site=70166E1C
gcalls seq=006278 caller=QUEST2 target=70168717 DIST                 argc=4 site=70166E1C
gcalls seq=006282 caller=QUEST2 target=70168717 DIST                 argc=4 site=70166E1C
gcalls seq=006286 caller=QUEST2 target=70168717 DIST                 argc=4 site=70166E1C
gcalls seq=006288 caller=QUEST1 target=70168717 DIST                 argc=4 site=70166E1C
gcalls seq=006291 caller=QUEST2 target=70168717 DIST                 argc=4 site=70166E1C
gcalls seq=006293 caller=QUEST1 target=70168717 DIST                 argc=4 site=70166E1C
gcalls seq=006294 caller=QUEST1 target=70168717 DIST                 argc=4 site=70166E1C
gcalls seq=006297 caller=QUEST2 target=70168717 DIST                 argc=4 site=70166E1C
gcalls seq=006301 caller=QUEST2 target=70168717 DIST                 argc=4 site=70166E1C
gcalls seq=006305 caller=QUEST1 target=70168717 DIST                 argc=4 site=70166E1C
gcalls seq=006306 caller=QUEST1 target=70168717 DIST                 argc=4 site=70166E1C
gcalls seq=006307 caller=QUEST1 target=70168717 DIST                 argc=4 site=70166E1C
gcalls seq=006308 caller=QUEST2 target=70168717 DIST                 argc=4 site=70166E1C
gcalls seq=006312 caller=QUEST2 target=70168717 DIST                 argc=4 site=70166E1C
gcalls seq=006316 caller=QUEST2 target=70168717 DIST                 argc=4 site=70166E1C
gcalls seq=006320 caller=QUEST1 target=70168717 DIST                 argc=4 site=70166E1C
gcalls seq=006321 caller=QUEST1 target=70168717 DIST                 argc=4 site=70166E1C
gcalls seq=006322 caller=QUEST2 target=70168717 DIST                 argc=4 site=70166E1C
gcalls seq=006326 caller=QUEST2 target=70168717 DIST                 argc=4 site=70166E1C
gcalls seq=006329 caller=QUEST1 target=70168717 DIST                 argc=4 site=70166E1C
gcalls seq=006331 caller=QUEST2 target=70168717 DIST                 argc=4 site=70166E1C
gcalls seq=006335 caller=QUEST1 target=70168717 DIST                 argc=4 site=70166E1C
gcalls seq=006336 caller=QUEST1 target=70168717 DIST                 argc=4 site=70166E1C
gcalls seq=006337 caller=QUEST1 target=70168717 DIST                 argc=4 site=70166E1C
gcalls seq=006338 caller=QUEST2 target=70168717 DIST                 argc=4 site=70166E1C
gcalls seq=006342 caller=QUEST2 target=70168717 DIST                 argc=4 site=70166E1C
gcalls seq=006346 caller=QUEST2 target=70168717 DIST                 argc=4 site=70166E1C
gcalls seq=006350 caller=QUEST1 target=70168717 DIST                 argc=4 site=70166E1C
gcalls seq=006351 caller=QUEST1 target=70168717 DIST                 argc=4 site=70166E1C
gcalls seq=006352 caller=QUEST1 target=70168717 DIST                 argc=4 site=70166E1C
gcalls seq=006353 caller=QUEST2 target=70168717 DIST                 argc=4 site=70166E1C
gcalls seq=006357 caller=QUEST2 target=70168717 DIST                 argc=4 site=70166E1C
gcalls seq=006361 caller=QUEST2 target=70168717 DIST                 argc=4 site=70166E1C
gcalls seq=006364 caller=QUEST1 target=70168717 DIST                 argc=4 site=70166E1C
gcalls seq=006366 caller=QUEST2 target=70168717 DIST                 argc=4 site=70166E1C
gcalls seq=006369 caller=QUEST1 target=70168717 DIST                 argc=4 site=70166E1C
gcalls seq=006370 caller=QUEST1 target=70168717 DIST                 argc=4 site=70166E1C
gcalls seq=006372 caller=QUEST2 target=70168717 DIST                 argc=4 site=70166E1C
gcalls seq=006376 caller=QUEST2 target=70168717 DIST                 argc=4 site=70166E1C
gcalls seq=006380 caller=QUEST1 target=70168717 DIST                 argc=4 site=70166E1C
gcalls seq=006381 caller=QUEST1 target=70168717 DIST                 argc=4 site=70166E1C
gcalls seq=006382 caller=QUEST1 target=70168717 DIST                 argc=4 site=70166E1C
gcalls seq=006383 caller=QUEST2 target=70168717 DIST                 argc=4 site=70166E1C
gcalls seq=006387 caller=QUEST2 target=70168717 DIST                 argc=4 site=70166E1C
gcalls seq=006391 caller=QUEST2 target=70168717 DIST                 argc=4 site=70166E1C
gcalls seq=006395 caller=QUEST1 target=70168717 DIST                 argc=4 site=70166E1C
gcalls seq=006396 caller=QUEST1 target=70168717 DIST                 argc=4 site=70166E1C
gcalls seq=006397 caller=QUEST2 target=70168717 DIST                 argc=4 site=70166E1C
gcalls seq=006401 caller=QUEST2 target=70168717 DIST                 argc=4 site=70166E1C
gcalls seq=006404 caller=QUEST1 target=70168717 DIST                 argc=4 site=70166E1C
gcalls seq=006406 caller=QUEST2 target=70168717 DIST                 argc=4 site=70166E1C
gcalls seq=006410 caller=QUEST1 target=70168717 DIST                 argc=4 site=70166E1C
gcalls seq=006411 caller=QUEST1 target=70168717 DIST                 argc=4 site=70166E1C
gcalls seq=006412 caller=QUEST1 target=70168717 DIST                 argc=4 site=70166E1C
gcalls seq=006413 caller=QUEST2 target=70168717 DIST                 argc=4 site=70166E1C
gcalls seq=006417 caller=QUEST2 target=70168717 DIST                 argc=4 site=70166E1C
gcalls seq=006421 caller=QUEST2 target=70168717 DIST                 argc=4 site=70166E1C
gcalls seq=006425 caller=QUEST1 target=70168717 DIST                 argc=4 site=70166E1C
gcalls seq=006426 caller=QUEST1 target=70168717 DIST                 argc=4 site=70166E1C
gcalls seq=006427 caller=QUEST1 target=70168717 DIST                 argc=4 site=70166E1C
gcalls seq=006428 caller=QUEST2 target=70168717 DIST                 argc=4 site=70166E1C
gcalls seq=006432 caller=QUEST2 target=70168717 DIST                 argc=4 site=70166E1C
gcalls seq=006436 caller=QUEST2 target=70168717 DIST                 argc=4 site=70166E1C
gcalls seq=006440 caller=QUEST1 target=70168717 DIST                 argc=4 site=70166E1C
gcalls seq=006441 caller=QUEST1 target=70168717 DIST                 argc=4 site=70166E1C
gcalls seq=006442 caller=QUEST1 target=70168717 DIST                 argc=4 site=70166E1C
gcalls seq=006443 caller=QUEST2 target=70168717 DIST                 argc=4 site=70166E1C
gcalls seq=006447 caller=QUEST2 target=70168717 DIST                 argc=4 site=70166E1C
gcalls seq=006451 caller=QUEST2 target=70168717 DIST                 argc=4 site=70166E1C
gcalls seq=006455 caller=QUEST1 target=70168717 DIST                 argc=4 site=70166E1C
gcalls seq=006456 caller=QUEST1 target=70168717 DIST                 argc=4 site=70166E1C
gcalls seq=006457 caller=QUEST1 target=70168717 DIST                 argc=4 site=70166E1C
gcalls seq=006458 caller=QUEST2 target=70168717 DIST                 argc=4 site=70166E1C
gcalls seq=006462 caller=QUEST2 target=70168717 DIST                 argc=4 site=70166E1C
gcalls seq=006466 caller=QUEST2 target=70168717 DIST                 argc=4 site=70166E1C
gcalls seq=006470 caller=QUEST1 target=70168717 DIST                 argc=4 site=70166E1C
gcalls seq=006471 caller=QUEST2 target=70168717 DIST                 argc=4 site=70166E1C
gcalls seq=006475 caller=QUEST1 target=70168717 DIST                 argc=4 site=70166E1C
gcalls seq=006476 caller=QUEST1 target=70168717 DIST                 argc=4 site=70166E1C
gcalls seq=006477 caller=QUEST2 target=70168717 DIST                 argc=4 site=70166E1C
gcalls seq=006481 caller=QUEST2 target=70168717 DIST                 argc=4 site=70166E1C
gcalls seq=006485 caller=QUEST1 target=70168717 DIST                 argc=4 site=70166E1C
gcalls seq=006486 caller=QUEST1 target=70168717 DIST                 argc=4 site=70166E1C
gcalls seq=006487 caller=QUEST1 target=70168717 DIST                 argc=4 site=70166E1C
gcalls seq=006488 caller=QUEST2 target=70168717 DIST                 argc=4 site=70166E1C
gcalls seq=006492 caller=QUEST2 target=70168717 DIST                 argc=4 site=70166E1C
gcalls seq=006496 caller=QUEST2 target=70168717 DIST                 argc=4 site=70166E1C
gcalls seq=006500 caller=QUEST1 target=70168717 DIST                 argc=4 site=70166E1C
gcalls seq=006501 caller=QUEST1 target=70168717 DIST                 argc=4 site=70166E1C
gcalls seq=006502 caller=QUEST2 target=70168717 DIST                 argc=4 site=70166E1C
gcalls seq=006506 caller=QUEST2 target=70168717 DIST                 argc=4 site=70166E1C
gcalls seq=006510 caller=QUEST1 target=70168717 DIST                 argc=4 site=70166E1C
gcalls seq=006511 caller=QUEST2 target=70168717 DIST                 argc=4 site=70166E1C
gcalls seq=006515 caller=QUEST1 target=70168717 DIST                 argc=4 site=70166E1C
gcalls seq=006516 caller=QUEST1 target=70168717 DIST                 argc=4 site=70166E1C
gcalls seq=006517 caller=QUEST1 target=70168717 DIST                 argc=4 site=70166E1C
gcalls seq=006518 caller=QUEST2 target=70168717 DIST                 argc=4 site=70166E1C
gcalls seq=006522 caller=QUEST2 target=70168717 DIST                 argc=4 site=70166E1C
gcalls seq=006526 caller=QUEST2 target=70168717 DIST                 argc=4 site=70166E1C
gcalls seq=006530 caller=QUEST1 target=70168717 DIST                 argc=4 site=70166E1C
gcalls seq=006531 caller=QUEST1 target=70168717 DIST                 argc=4 site=70166E1C
gcalls seq=006532 caller=QUEST1 target=70168717 DIST                 argc=4 site=70166E1C
gcalls seq=006533 caller=QUEST2 target=70168717 DIST                 argc=4 site=70166E1C
gcalls seq=006537 caller=QUEST2 target=70168717 DIST                 argc=4 site=70166E1C
gcalls seq=006541 caller=QUEST2 target=70168717 DIST                 argc=4 site=70166E1C
gcalls seq=006545 caller=QUEST1 target=70168717 DIST                 argc=4 site=70166E1C
gcalls seq=006546 caller=QUEST2 target=70168717 DIST                 argc=4 site=70166E1C
gcalls seq=006550 caller=QUEST1 target=70168717 DIST                 argc=4 site=70166E1C
gcalls seq=006551 caller=QUEST1 target=70168717 DIST                 argc=4 site=70166E1C
gcalls seq=006552 caller=QUEST2 target=70168717 DIST                 argc=4 site=70166E1C
gcalls seq=006556 caller=QUEST2 target=70168717 DIST                 argc=4 site=70166E1C
gcalls seq=006560 caller=QUEST1 target=70168717 DIST                 argc=4 site=70166E1C
gcalls seq=006561 caller=QUEST1 target=70168717 DIST                 argc=4 site=70166E1C
gcalls seq=006562 caller=QUEST1 target=70168717 DIST                 argc=4 site=70166E1C
gcalls seq=006563 caller=QUEST2 target=70168717 DIST                 argc=4 site=70166E1C
gcalls seq=006567 caller=QUEST2 target=70168717 DIST                 argc=4 site=70166E1C
gcalls seq=006571 caller=QUEST2 target=70168717 DIST                 argc=4 site=70166E1C
gcalls seq=006575 caller=QUEST1 target=70168717 DIST                 argc=4 site=70166E1C
gcalls seq=006576 caller=QUEST1 target=70168717 DIST                 argc=4 site=70166E1C
gcalls seq=006577 caller=QUEST2 target=70168717 DIST                 argc=4 site=70166E1C
gcalls seq=006581 caller=QUEST2 target=70168717 DIST                 argc=4 site=70166E1C
gcalls seq=006585 caller=QUEST1 target=70168717 DIST                 argc=4 site=70166E1C
gcalls seq=006586 caller=QUEST1 target=70168717 DIST                 argc=4 site=70166E1C
gcalls seq=006587 caller=QUEST2 target=70168717 DIST                 argc=4 site=70166E1C
gcalls seq=006591 caller=QUEST2 target=70168717 DIST                 argc=4 site=70166E1C
gcalls seq=006593 caller=QUEST1 target=70168717 DIST                 argc=4 site=70166E1C
gcalls seq=006594 caller=QUEST1 target=70168717 DIST                 argc=4 site=70166E1C
gcalls seq=006597 caller=QUEST2 target=70168717 DIST                 argc=4 site=70166E1C
gcalls seq=006601 caller=QUEST2 target=70168717 DIST                 argc=4 site=70166E1C
gcalls seq=006612 caller=QUEST1 target=7017CD71 TERRITORY            argc=6 site=701670EE
gcalls seq=006613 caller=QUEST2 target=7017CD71 TERRITORY            argc=6 site=701670EE
gcalls seq=006743 caller=QUEST1 target=701674B5 DISPLAY_INVENTORY    argc=1 site=70178BF9
gcalls seq=006744 caller=QUEST2 target=701674B5 DISPLAY_INVENTORY    argc=1 site=70178BF9
gcalls seq=006948 caller=QUEST1 target=7016AA35 GET_INPUT            argc=1 site=70178C3B
gcalls seq=006949 caller=QUEST2 target=7016AA35 GET_INPUT            argc=1 site=70178C3B
