hijack seq=000145 caller=QUEST2 WSAVS READ_IN              pc=701766ED area_wfp=78006C5C argc=0 frame=6 real_wsp=700010DE shadow_wsp=700010F4 master_wfp=700010E8 ret=7015C063 depth=1
hijack seq=000157 caller=QUEST2 WRTN  READ_IN              area_wfp=78006C5C ret_pc=7017E77D real_wsp=700010DC (was 78006C50) shadow_wsp=700010DC master_wfp=700010E8 depth=0
hijack seq=000197 caller=QUEST2 WSAVS READ_IN              pc=701766ED area_wfp=78006C5C argc=0 frame=6 real_wsp=70001146 shadow_wsp=7000115C master_wfp=70001150 ret=70175F6F depth=1
hijack seq=000209 caller=QUEST2 WRTN  READ_IN              area_wfp=78006C5C ret_pc=7017E77D real_wsp=70001144 (was 78006C50) shadow_wsp=70001144 master_wfp=70001150 depth=0
hijack seq=000219 caller=QUEST2 WSAVS READ_IN              pc=701766ED area_wfp=78006C5C argc=0 frame=6 real_wsp=70001146 shadow_wsp=7000115C master_wfp=70001150 ret=70175FD7 depth=1
hijack seq=000231 caller=QUEST2 WRTN  READ_IN              area_wfp=78006C5C ret_pc=7017E77D real_wsp=70001144 (was 78006C50) shadow_wsp=70001144 master_wfp=70001150 depth=0
hijack seq=000561 caller=QUEST2 WSAVS DIST                 pc=70168717 area_wfp=780036A4 argc=4 frame=0 real_wsp=70001FDA shadow_wsp=70001FE4 master_wfp=70001FE4 ret=70166B8A depth=1
hijack seq=000563 caller=QUEST2 WRTN  DIST                 area_wfp=780036A4 ret_pc=70168732 real_wsp=70001FD0 (was 78003690) shadow_wsp=70001FD0 master_wfp=70001FE4 depth=0
hijack seq=000565 caller=QUEST2 WSAVS DIST                 pc=70168717 area_wfp=780036A4 argc=4 frame=0 real_wsp=70001FDA shadow_wsp=70001FE4 master_wfp=70001FE4 ret=70166B8A depth=1
hijack seq=000567 caller=QUEST2 WRTN  DIST                 area_wfp=780036A4 ret_pc=70168732 real_wsp=70001FD0 (was 78003690) shadow_wsp=70001FD0 master_wfp=70001FE4 depth=0
hijack seq=000569 caller=QUEST2 WSAVS DIST                 pc=70168717 area_wfp=780036A4 argc=4 frame=0 real_wsp=70001FDA shadow_wsp=70001FE4 master_wfp=70001FE4 ret=70166B8A depth=1
hijack seq=000571 caller=QUEST2 WRTN  DIST                 area_wfp=780036A4 ret_pc=70168732 real_wsp=70001FD0 (was 78003690) shadow_wsp=70001FD0 master_wfp=70001FE4 depth=0
hijack seq=000576 caller=QUEST2 WSAVS DIST                 pc=70168717 area_wfp=780036A4 argc=4 frame=0 real_wsp=70001FDA shadow_wsp=70001FE4 master_wfp=70001FE4 ret=70166E20 depth=1
hijack seq=000578 caller=QUEST2 WRTN  DIST                 area_wfp=780036A4 ret_pc=70168732 real_wsp=70001FD0 (was 78003690) shadow_wsp=70001FD0 master_wfp=70001FE4 depth=0
hijack seq=000580 caller=QUEST2 WSAVS DIST                 pc=70168717 area_wfp=780036A4 argc=4 frame=0 real_wsp=70001FDA shadow_wsp=70001FE4 master_wfp=70001FE4 ret=70166E20 depth=1
hijack seq=000582 caller=QUEST2 WRTN  DIST                 area_wfp=780036A4 ret_pc=70168732 real_wsp=70001FD0 (was 78003690) shadow_wsp=70001FD0 master_wfp=70001FE4 depth=0
hijack seq=000584 caller=QUEST2 WSAVS DIST                 pc=70168717 area_wfp=780036A4 argc=4 frame=0 real_wsp=70001FDA shadow_wsp=70001FE4 master_wfp=70001FE4 ret=70166E20 depth=1
hijack seq=000586 caller=QUEST2 WRTN  DIST                 area_wfp=780036A4 ret_pc=70168732 real_wsp=70001FD0 (was 78003690) shadow_wsp=70001FD0 master_wfp=70001FE4 depth=0
hijack seq=000591 caller=QUEST2 WSAVS DIST                 pc=70168717 area_wfp=780036A4 argc=4 frame=0 real_wsp=70001FDA shadow_wsp=70001FE4 master_wfp=70001FE4 ret=70166E20 depth=1
hijack seq=000593 caller=QUEST2 WRTN  DIST                 area_wfp=780036A4 ret_pc=70168732 real_wsp=70001FD0 (was 78003690) shadow_wsp=70001FD0 master_wfp=70001FE4 depth=0
hijack seq=000595 caller=QUEST2 WSAVS DIST                 pc=70168717 area_wfp=780036A4 argc=4 frame=0 real_wsp=70001FDA shadow_wsp=70001FE4 master_wfp=70001FE4 ret=70166E20 depth=1
hijack seq=000597 caller=QUEST2 WRTN  DIST                 area_wfp=780036A4 ret_pc=70168732 real_wsp=70001FD0 (was 78003690) shadow_wsp=70001FD0 master_wfp=70001FE4 depth=0
hijack seq=000599 caller=QUEST2 WSAVS DIST                 pc=70168717 area_wfp=780036A4 argc=4 frame=0 real_wsp=70001FDA shadow_wsp=70001FE4 master_wfp=70001FE4 ret=70166E20 depth=1
hijack seq=000601 caller=QUEST2 WRTN  DIST                 area_wfp=780036A4 ret_pc=70168732 real_wsp=70001FD0 (was 78003690) shadow_wsp=70001FD0 master_wfp=70001FE4 depth=0
hijack seq=000606 caller=QUEST2 WSAVS DIST                 pc=70168717 area_wfp=780036A4 argc=4 frame=0 real_wsp=70001FDA shadow_wsp=70001FE4 master_wfp=70001FE4 ret=70166E20 depth=1
hijack seq=000608 caller=QUEST2 WRTN  DIST                 area_wfp=780036A4 ret_pc=70168732 real_wsp=70001FD0 (was 78003690) shadow_wsp=70001FD0 master_wfp=70001FE4 depth=0
hijack seq=000610 caller=QUEST2 WSAVS DIST                 pc=70168717 area_wfp=780036A4 argc=4 frame=0 real_wsp=70001FDA shadow_wsp=70001FE4 master_wfp=70001FE4 ret=70166E20 depth=1
hijack seq=000612 caller=QUEST2 WRTN  DIST                 area_wfp=780036A4 ret_pc=70168732 real_wsp=70001FD0 (was 78003690) shadow_wsp=70001FD0 master_wfp=70001FE4 depth=0
hijack seq=000614 caller=QUEST2 WSAVS DIST                 pc=70168717 area_wfp=780036A4 argc=4 frame=0 real_wsp=70001FDA shadow_wsp=70001FE4 master_wfp=70001FE4 ret=70166E20 depth=1
hijack seq=000616 caller=QUEST2 WRTN  DIST                 area_wfp=780036A4 ret_pc=70168732 real_wsp=70001FD0 (was 78003690) shadow_wsp=70001FD0 master_wfp=70001FE4 depth=0
hijack seq=000621 caller=QUEST2 WSAVS DIST                 pc=70168717 area_wfp=780036A4 argc=4 frame=0 real_wsp=70001FDA shadow_wsp=70001FE4 master_wfp=70001FE4 ret=70166E20 depth=1
hijack seq=000623 caller=QUEST2 WRTN  DIST                 area_wfp=780036A4 ret_pc=70168732 real_wsp=70001FD0 (was 78003690) shadow_wsp=70001FD0 master_wfp=70001FE4 depth=0
hijack seq=000625 caller=QUEST2 WSAVS DIST                 pc=70168717 area_wfp=780036A4 argc=4 frame=0 real_wsp=70001FDA shadow_wsp=70001FE4 master_wfp=70001FE4 ret=70166E20 depth=1
hijack seq=000627 caller=QUEST2 WRTN  DIST                 area_wfp=780036A4 ret_pc=70168732 real_wsp=70001FD0 (was 78003690) shadow_wsp=70001FD0 master_wfp=70001FE4 depth=0
hijack seq=000629 caller=QUEST2 WSAVS DIST                 pc=70168717 area_wfp=780036A4 argc=4 frame=0 real_wsp=70001FDA shadow_wsp=70001FE4 master_wfp=70001FE4 ret=70166E20 depth=1
hijack seq=000631 caller=QUEST2 WRTN  DIST                 area_wfp=780036A4 ret_pc=70168732 real_wsp=70001FD0 (was 78003690) shadow_wsp=70001FD0 master_wfp=70001FE4 depth=0
hijack seq=000636 caller=QUEST2 WSAVS DIST                 pc=70168717 area_wfp=780036A4 argc=4 frame=0 real_wsp=70001FDA shadow_wsp=70001FE4 master_wfp=70001FE4 ret=70166E20 depth=1
hijack seq=000638 caller=QUEST2 WRTN  DIST                 area_wfp=780036A4 ret_pc=70168732 real_wsp=70001FD0 (was 78003690) shadow_wsp=70001FD0 master_wfp=70001FE4 depth=0
hijack seq=000640 caller=QUEST2 WSAVS DIST                 pc=70168717 area_wfp=780036A4 argc=4 frame=0 real_wsp=70001FDA shadow_wsp=70001FE4 master_wfp=70001FE4 ret=70166E20 depth=1
hijack seq=000642 caller=QUEST2 WRTN  DIST                 area_wfp=780036A4 ret_pc=70168732 real_wsp=70001FD0 (was 78003690) shadow_wsp=70001FD0 master_wfp=70001FE4 depth=0
hijack seq=000644 caller=QUEST2 WSAVS DIST                 pc=70168717 area_wfp=780036A4 argc=4 frame=0 real_wsp=70001FDA shadow_wsp=70001FE4 master_wfp=70001FE4 ret=70166E20 depth=1
hijack seq=000646 caller=QUEST2 WRTN  DIST                 area_wfp=780036A4 ret_pc=70168732 real_wsp=70001FD0 (was 78003690) shadow_wsp=70001FD0 master_wfp=70001FE4 depth=0
hijack seq=000651 caller=QUEST2 WSAVS DIST                 pc=70168717 area_wfp=780036A4 argc=4 frame=0 real_wsp=70001FDA shadow_wsp=70001FE4 master_wfp=70001FE4 ret=70166E20 depth=1
hijack seq=000653 caller=QUEST2 WRTN  DIST                 area_wfp=780036A4 ret_pc=70168732 real_wsp=70001FD0 (was 78003690) shadow_wsp=70001FD0 master_wfp=70001FE4 depth=0
hijack seq=000655 caller=QUEST2 WSAVS DIST                 pc=70168717 area_wfp=780036A4 argc=4 frame=0 real_wsp=70001FDA shadow_wsp=70001FE4 master_wfp=70001FE4 ret=70166E20 depth=1
hijack seq=000657 caller=QUEST2 WRTN  DIST                 area_wfp=780036A4 ret_pc=70168732 real_wsp=70001FD0 (was 78003690) shadow_wsp=70001FD0 master_wfp=70001FE4 depth=0
hijack seq=000659 caller=QUEST2 WSAVS DIST                 pc=70168717 area_wfp=780036A4 argc=4 frame=0 real_wsp=70001FDA shadow_wsp=70001FE4 master_wfp=70001FE4 ret=70166E20 depth=1
hijack seq=000661 caller=QUEST2 WRTN  DIST                 area_wfp=780036A4 ret_pc=70168732 real_wsp=70001FD0 (was 78003690) shadow_wsp=70001FD0 master_wfp=70001FE4 depth=0
hijack seq=000666 caller=QUEST2 WSAVS DIST                 pc=70168717 area_wfp=780036A4 argc=4 frame=0 real_wsp=70001FDA shadow_wsp=70001FE4 master_wfp=70001FE4 ret=70166E20 depth=1
hijack seq=000668 caller=QUEST2 WRTN  DIST                 area_wfp=780036A4 ret_pc=70168732 real_wsp=70001FD0 (was 78003690) shadow_wsp=70001FD0 master_wfp=70001FE4 depth=0
hijack seq=000670 caller=QUEST2 WSAVS DIST                 pc=70168717 area_wfp=780036A4 argc=4 frame=0 real_wsp=70001FDA shadow_wsp=70001FE4 master_wfp=70001FE4 ret=70166E20 depth=1
hijack seq=000672 caller=QUEST2 WRTN  DIST                 area_wfp=780036A4 ret_pc=70168732 real_wsp=70001FD0 (was 78003690) shadow_wsp=70001FD0 master_wfp=70001FE4 depth=0
hijack seq=000674 caller=QUEST2 WSAVS DIST                 pc=70168717 area_wfp=780036A4 argc=4 frame=0 real_wsp=70001FDA shadow_wsp=70001FE4 master_wfp=70001FE4 ret=70166E20 depth=1
hijack seq=000676 caller=QUEST2 WRTN  DIST                 area_wfp=780036A4 ret_pc=70168732 real_wsp=70001FD0 (was 78003690) shadow_wsp=70001FD0 master_wfp=70001FE4 depth=0
hijack seq=000681 caller=QUEST2 WSAVS DIST                 pc=70168717 area_wfp=780036A4 argc=4 frame=0 real_wsp=70001FDA shadow_wsp=70001FE4 master_wfp=70001FE4 ret=70166E20 depth=1
hijack seq=000683 caller=QUEST2 WRTN  DIST                 area_wfp=780036A4 ret_pc=70168732 real_wsp=70001FD0 (was 78003690) shadow_wsp=70001FD0 master_wfp=70001FE4 depth=0
hijack seq=000685 caller=QUEST2 WSAVS DIST                 pc=70168717 area_wfp=780036A4 argc=4 frame=0 real_wsp=70001FDA shadow_wsp=70001FE4 master_wfp=70001FE4 ret=70166E20 depth=1
hijack seq=000687 caller=QUEST2 WRTN  DIST                 area_wfp=780036A4 ret_pc=70168732 real_wsp=70001FD0 (was 78003690) shadow_wsp=70001FD0 master_wfp=70001FE4 depth=0
hijack seq=000689 caller=QUEST2 WSAVS DIST                 pc=70168717 area_wfp=780036A4 argc=4 frame=0 real_wsp=70001FDA shadow_wsp=70001FE4 master_wfp=70001FE4 ret=70166E20 depth=1
hijack seq=000691 caller=QUEST2 WRTN  DIST                 area_wfp=780036A4 ret_pc=70168732 real_wsp=70001FD0 (was 78003690) shadow_wsp=70001FD0 master_wfp=70001FE4 depth=0
hijack seq=000696 caller=QUEST2 WSAVS DIST                 pc=70168717 area_wfp=780036A4 argc=4 frame=0 real_wsp=70001FDA shadow_wsp=70001FE4 master_wfp=70001FE4 ret=70166E20 depth=1
hijack seq=000698 caller=QUEST2 WRTN  DIST                 area_wfp=780036A4 ret_pc=70168732 real_wsp=70001FD0 (was 78003690) shadow_wsp=70001FD0 master_wfp=70001FE4 depth=0
hijack seq=000700 caller=QUEST2 WSAVS DIST                 pc=70168717 area_wfp=780036A4 argc=4 frame=0 real_wsp=70001FDA shadow_wsp=70001FE4 master_wfp=70001FE4 ret=70166E20 depth=1
hijack seq=000702 caller=QUEST2 WRTN  DIST                 area_wfp=780036A4 ret_pc=70168732 real_wsp=70001FD0 (was 78003690) shadow_wsp=70001FD0 master_wfp=70001FE4 depth=0
hijack seq=000704 caller=QUEST2 WSAVS DIST                 pc=70168717 area_wfp=780036A4 argc=4 frame=0 real_wsp=70001FDA shadow_wsp=70001FE4 master_wfp=70001FE4 ret=70166E20 depth=1
hijack seq=000706 caller=QUEST2 WRTN  DIST                 area_wfp=780036A4 ret_pc=70168732 real_wsp=70001FD0 (was 78003690) shadow_wsp=70001FD0 master_wfp=70001FE4 depth=0
hijack seq=000711 caller=QUEST2 WSAVS DIST                 pc=70168717 area_wfp=780036A4 argc=4 frame=0 real_wsp=70001FDA shadow_wsp=70001FE4 master_wfp=70001FE4 ret=70166E20 depth=1
hijack seq=000713 caller=QUEST2 WRTN  DIST                 area_wfp=780036A4 ret_pc=70168732 real_wsp=70001FD0 (was 78003690) shadow_wsp=70001FD0 master_wfp=70001FE4 depth=0
hijack seq=000715 caller=QUEST2 WSAVS DIST                 pc=70168717 area_wfp=780036A4 argc=4 frame=0 real_wsp=70001FDA shadow_wsp=70001FE4 master_wfp=70001FE4 ret=70166E20 depth=1
hijack seq=000717 caller=QUEST2 WRTN  DIST                 area_wfp=780036A4 ret_pc=70168732 real_wsp=70001FD0 (was 78003690) shadow_wsp=70001FD0 master_wfp=70001FE4 depth=0
hijack seq=000719 caller=QUEST2 WSAVS DIST                 pc=70168717 area_wfp=780036A4 argc=4 frame=0 real_wsp=70001FDA shadow_wsp=70001FE4 master_wfp=70001FE4 ret=70166E20 depth=1
hijack seq=000721 caller=QUEST2 WRTN  DIST                 area_wfp=780036A4 ret_pc=70168732 real_wsp=70001FD0 (was 78003690) shadow_wsp=70001FD0 master_wfp=70001FE4 depth=0
hijack seq=000726 caller=QUEST2 WSAVS DIST                 pc=70168717 area_wfp=780036A4 argc=4 frame=0 real_wsp=70001FDA shadow_wsp=70001FE4 master_wfp=70001FE4 ret=70166E20 depth=1
hijack seq=000728 caller=QUEST2 WRTN  DIST                 area_wfp=780036A4 ret_pc=70168732 real_wsp=70001FD0 (was 78003690) shadow_wsp=70001FD0 master_wfp=70001FE4 depth=0
hijack seq=000730 caller=QUEST2 WSAVS DIST                 pc=70168717 area_wfp=780036A4 argc=4 frame=0 real_wsp=70001FDA shadow_wsp=70001FE4 master_wfp=70001FE4 ret=70166E20 depth=1
hijack seq=000732 caller=QUEST2 WRTN  DIST                 area_wfp=780036A4 ret_pc=70168732 real_wsp=70001FD0 (was 78003690) shadow_wsp=70001FD0 master_wfp=70001FE4 depth=0
hijack seq=000734 caller=QUEST2 WSAVS DIST                 pc=70168717 area_wfp=780036A4 argc=4 frame=0 real_wsp=70001FDA shadow_wsp=70001FE4 master_wfp=70001FE4 ret=70166E20 depth=1
hijack seq=000736 caller=QUEST2 WRTN  DIST                 area_wfp=780036A4 ret_pc=70168732 real_wsp=70001FD0 (was 78003690) shadow_wsp=70001FD0 master_wfp=70001FE4 depth=0
hijack seq=000740 caller=QUEST2 WSAVS DIST                 pc=70168717 area_wfp=780036A4 argc=4 frame=0 real_wsp=70001FDA shadow_wsp=70001FE4 master_wfp=70001FE4 ret=70166E20 depth=1
hijack seq=000742 caller=QUEST2 WRTN  DIST                 area_wfp=780036A4 ret_pc=70168732 real_wsp=70001FD0 (was 78003690) shadow_wsp=70001FD0 master_wfp=70001FE4 depth=0
hijack seq=000744 caller=QUEST2 WSAVS DIST                 pc=70168717 area_wfp=780036A4 argc=4 frame=0 real_wsp=70001FDA shadow_wsp=70001FE4 master_wfp=70001FE4 ret=70166E20 depth=1
hijack seq=000747 caller=QUEST2 WRTN  DIST                 area_wfp=780036A4 ret_pc=70168732 real_wsp=70001FD0 (was 78003690) shadow_wsp=70001FD0 master_wfp=70001FE4 depth=0
hijack seq=000749 caller=QUEST2 WSAVS DIST                 pc=70168717 area_wfp=780036A4 argc=4 frame=0 real_wsp=70001FDA shadow_wsp=70001FE4 master_wfp=70001FE4 ret=70166E20 depth=1
hijack seq=000751 caller=QUEST2 WRTN  DIST                 area_wfp=780036A4 ret_pc=70168732 real_wsp=70001FD0 (was 78003690) shadow_wsp=70001FD0 master_wfp=70001FE4 depth=0
hijack seq=000756 caller=QUEST2 WSAVS DIST                 pc=70168717 area_wfp=780036A4 argc=4 frame=0 real_wsp=70001FDA shadow_wsp=70001FE4 master_wfp=70001FE4 ret=70166E20 depth=1
hijack seq=000758 caller=QUEST2 WRTN  DIST                 area_wfp=780036A4 ret_pc=70168732 real_wsp=70001FD0 (was 78003690) shadow_wsp=70001FD0 master_wfp=70001FE4 depth=0
hijack seq=000760 caller=QUEST2 WSAVS DIST                 pc=70168717 area_wfp=780036A4 argc=4 frame=0 real_wsp=70001FDA shadow_wsp=70001FE4 master_wfp=70001FE4 ret=70166E20 depth=1
hijack seq=000762 caller=QUEST2 WRTN  DIST                 area_wfp=780036A4 ret_pc=70168732 real_wsp=70001FD0 (was 78003690) shadow_wsp=70001FD0 master_wfp=70001FE4 depth=0
hijack seq=000764 caller=QUEST2 WSAVS DIST                 pc=70168717 area_wfp=780036A4 argc=4 frame=0 real_wsp=70001FDA shadow_wsp=70001FE4 master_wfp=70001FE4 ret=70166E20 depth=1
hijack seq=000766 caller=QUEST2 WRTN  DIST                 area_wfp=780036A4 ret_pc=70168732 real_wsp=70001FD0 (was 78003690) shadow_wsp=70001FD0 master_wfp=70001FE4 depth=0
hijack seq=000771 caller=QUEST2 WSAVS DIST                 pc=70168717 area_wfp=780036A4 argc=4 frame=0 real_wsp=70001FDA shadow_wsp=70001FE4 master_wfp=70001FE4 ret=70166E20 depth=1
hijack seq=000773 caller=QUEST2 WRTN  DIST                 area_wfp=780036A4 ret_pc=70168732 real_wsp=70001FD0 (was 78003690) shadow_wsp=70001FD0 master_wfp=70001FE4 depth=0
hijack seq=000775 caller=QUEST2 WSAVS DIST                 pc=70168717 area_wfp=780036A4 argc=4 frame=0 real_wsp=70001FDA shadow_wsp=70001FE4 master_wfp=70001FE4 ret=70166E20 depth=1
hijack seq=000777 caller=QUEST2 WRTN  DIST                 area_wfp=780036A4 ret_pc=70168732 real_wsp=70001FD0 (was 78003690) shadow_wsp=70001FD0 master_wfp=70001FE4 depth=0
hijack seq=000779 caller=QUEST2 WSAVS DIST                 pc=70168717 area_wfp=780036A4 argc=4 frame=0 real_wsp=70001FDA shadow_wsp=70001FE4 master_wfp=70001FE4 ret=70166E20 depth=1
hijack seq=000781 caller=QUEST2 WRTN  DIST                 area_wfp=780036A4 ret_pc=70168732 real_wsp=70001FD0 (was 78003690) shadow_wsp=70001FD0 master_wfp=70001FE4 depth=0
hijack seq=000784 caller=QUEST2 WSAVS DIST                 pc=70168717 area_wfp=780036A4 argc=4 frame=0 real_wsp=70001FDA shadow_wsp=70001FE4 master_wfp=70001FE4 ret=70166E20 depth=1
hijack seq=000786 caller=QUEST2 WRTN  DIST                 area_wfp=780036A4 ret_pc=70168732 real_wsp=70001FD0 (was 78003690) shadow_wsp=70001FD0 master_wfp=70001FE4 depth=0
hijack seq=000790 caller=QUEST2 WSAVS DIST                 pc=70168717 area_wfp=780036A4 argc=4 frame=0 real_wsp=70001FDA shadow_wsp=70001FE4 master_wfp=70001FE4 ret=70166E20 depth=1
hijack seq=000792 caller=QUEST2 WRTN  DIST                 area_wfp=780036A4 ret_pc=70168732 real_wsp=70001FD0 (was 78003690) shadow_wsp=70001FD0 master_wfp=70001FE4 depth=0
hijack seq=000794 caller=QUEST2 WSAVS DIST                 pc=70168717 area_wfp=780036A4 argc=4 frame=0 real_wsp=70001FDA shadow_wsp=70001FE4 master_wfp=70001FE4 ret=70166E20 depth=1
hijack seq=000796 caller=QUEST2 WRTN  DIST                 area_wfp=780036A4 ret_pc=70168732 real_wsp=70001FD0 (was 78003690) shadow_wsp=70001FD0 master_wfp=70001FE4 depth=0
hijack seq=000801 caller=QUEST2 WSAVS DIST                 pc=70168717 area_wfp=780036A4 argc=4 frame=0 real_wsp=70001FDA shadow_wsp=70001FE4 master_wfp=70001FE4 ret=70166E20 depth=1
hijack seq=000803 caller=QUEST2 WRTN  DIST                 area_wfp=780036A4 ret_pc=70168732 real_wsp=70001FD0 (was 78003690) shadow_wsp=70001FD0 master_wfp=70001FE4 depth=0
hijack seq=000805 caller=QUEST2 WSAVS DIST                 pc=70168717 area_wfp=780036A4 argc=4 frame=0 real_wsp=70001FDA shadow_wsp=70001FE4 master_wfp=70001FE4 ret=70166E20 depth=1
hijack seq=000807 caller=QUEST2 WRTN  DIST                 area_wfp=780036A4 ret_pc=70168732 real_wsp=70001FD0 (was 78003690) shadow_wsp=70001FD0 master_wfp=70001FE4 depth=0
hijack seq=000809 caller=QUEST2 WSAVS DIST                 pc=70168717 area_wfp=780036A4 argc=4 frame=0 real_wsp=70001FDA shadow_wsp=70001FE4 master_wfp=70001FE4 ret=70166E20 depth=1
hijack seq=000811 caller=QUEST2 WRTN  DIST                 area_wfp=780036A4 ret_pc=70168732 real_wsp=70001FD0 (was 78003690) shadow_wsp=70001FD0 master_wfp=70001FE4 depth=0
hijack seq=000816 caller=QUEST2 WSAVS DIST                 pc=70168717 area_wfp=780036A4 argc=4 frame=0 real_wsp=70001FDA shadow_wsp=70001FE4 master_wfp=70001FE4 ret=70166E20 depth=1
hijack seq=000818 caller=QUEST2 WRTN  DIST                 area_wfp=780036A4 ret_pc=70168732 real_wsp=70001FD0 (was 78003690) shadow_wsp=70001FD0 master_wfp=70001FE4 depth=0
hijack seq=000820 caller=QUEST2 WSAVS DIST                 pc=70168717 area_wfp=780036A4 argc=4 frame=0 real_wsp=70001FDA shadow_wsp=70001FE4 master_wfp=70001FE4 ret=70166E20 depth=1
hijack seq=000822 caller=QUEST2 WRTN  DIST                 area_wfp=780036A4 ret_pc=70168732 real_wsp=70001FD0 (was 78003690) shadow_wsp=70001FD0 master_wfp=70001FE4 depth=0
hijack seq=000824 caller=QUEST2 WSAVS DIST                 pc=70168717 area_wfp=780036A4 argc=4 frame=0 real_wsp=70001FDA shadow_wsp=70001FE4 master_wfp=70001FE4 ret=70166E20 depth=1
hijack seq=000826 caller=QUEST2 WRTN  DIST                 area_wfp=780036A4 ret_pc=70168732 real_wsp=70001FD0 (was 78003690) shadow_wsp=70001FD0 master_wfp=70001FE4 depth=0
hijack seq=000831 caller=QUEST2 WSAVS DIST                 pc=70168717 area_wfp=780036A4 argc=4 frame=0 real_wsp=70001FDA shadow_wsp=70001FE4 master_wfp=70001FE4 ret=70166E20 depth=1
hijack seq=000833 caller=QUEST2 WRTN  DIST                 area_wfp=780036A4 ret_pc=70168732 real_wsp=70001FD0 (was 78003690) shadow_wsp=70001FD0 master_wfp=70001FE4 depth=0
hijack seq=000835 caller=QUEST2 WSAVS DIST                 pc=70168717 area_wfp=780036A4 argc=4 frame=0 real_wsp=70001FDA shadow_wsp=70001FE4 master_wfp=70001FE4 ret=70166E20 depth=1
hijack seq=000837 caller=QUEST2 WRTN  DIST                 area_wfp=780036A4 ret_pc=70168732 real_wsp=70001FD0 (was 78003690) shadow_wsp=70001FD0 master_wfp=70001FE4 depth=0
hijack seq=000839 caller=QUEST2 WSAVS DIST                 pc=70168717 area_wfp=780036A4 argc=4 frame=0 real_wsp=70001FDA shadow_wsp=70001FE4 master_wfp=70001FE4 ret=70166E20 depth=1
hijack seq=000841 caller=QUEST2 WRTN  DIST                 area_wfp=780036A4 ret_pc=70168732 real_wsp=70001FD0 (was 78003690) shadow_wsp=70001FD0 master_wfp=70001FE4 depth=0
hijack seq=000845 caller=QUEST2 WSAVS DIST                 pc=70168717 area_wfp=780036A4 argc=4 frame=0 real_wsp=70001FDA shadow_wsp=70001FE4 master_wfp=70001FE4 ret=70166E20 depth=1
hijack seq=000847 caller=QUEST2 WRTN  DIST                 area_wfp=780036A4 ret_pc=70168732 real_wsp=70001FD0 (was 78003690) shadow_wsp=70001FD0 master_wfp=70001FE4 depth=0
hijack seq=000849 caller=QUEST2 WSAVS DIST                 pc=70168717 area_wfp=780036A4 argc=4 frame=0 real_wsp=70001FDA shadow_wsp=70001FE4 master_wfp=70001FE4 ret=70166E20 depth=1
hijack seq=000852 caller=QUEST2 WRTN  DIST                 area_wfp=780036A4 ret_pc=70168732 real_wsp=70001FD0 (was 78003690) shadow_wsp=70001FD0 master_wfp=70001FE4 depth=0
hijack seq=000854 caller=QUEST2 WSAVS DIST                 pc=70168717 area_wfp=780036A4 argc=4 frame=0 real_wsp=70001FDA shadow_wsp=70001FE4 master_wfp=70001FE4 ret=70166E20 depth=1
hijack seq=000856 caller=QUEST2 WRTN  DIST                 area_wfp=780036A4 ret_pc=70168732 real_wsp=70001FD0 (was 78003690) shadow_wsp=70001FD0 master_wfp=70001FE4 depth=0
hijack seq=000861 caller=QUEST2 WSAVS DIST                 pc=70168717 area_wfp=780036A4 argc=4 frame=0 real_wsp=70001FDA shadow_wsp=70001FE4 master_wfp=70001FE4 ret=70166E20 depth=1
hijack seq=000863 caller=QUEST2 WRTN  DIST                 area_wfp=780036A4 ret_pc=70168732 real_wsp=70001FD0 (was 78003690) shadow_wsp=70001FD0 master_wfp=70001FE4 depth=0
hijack seq=000865 caller=QUEST2 WSAVS DIST                 pc=70168717 area_wfp=780036A4 argc=4 frame=0 real_wsp=70001FDA shadow_wsp=70001FE4 master_wfp=70001FE4 ret=70166E20 depth=1
hijack seq=000867 caller=QUEST2 WRTN  DIST                 area_wfp=780036A4 ret_pc=70168732 real_wsp=70001FD0 (was 78003690) shadow_wsp=70001FD0 master_wfp=70001FE4 depth=0
hijack seq=000869 caller=QUEST2 WSAVS DIST                 pc=70168717 area_wfp=780036A4 argc=4 frame=0 real_wsp=70001FDA shadow_wsp=70001FE4 master_wfp=70001FE4 ret=70166E20 depth=1
hijack seq=000871 caller=QUEST2 WRTN  DIST                 area_wfp=780036A4 ret_pc=70168732 real_wsp=70001FD0 (was 78003690) shadow_wsp=70001FD0 master_wfp=70001FE4 depth=0
hijack seq=000874 caller=QUEST2 WSAVS DIST                 pc=70168717 area_wfp=780036A4 argc=4 frame=0 real_wsp=70001FDA shadow_wsp=70001FE4 master_wfp=70001FE4 ret=70166E20 depth=1
hijack seq=000878 caller=QUEST2 WRTN  DIST                 area_wfp=780036A4 ret_pc=70168732 real_wsp=70001FD0 (was 78003690) shadow_wsp=70001FD0 master_wfp=70001FE4 depth=0
hijack seq=000880 caller=QUEST2 WSAVS DIST                 pc=70168717 area_wfp=780036A4 argc=4 frame=0 real_wsp=70001FDA shadow_wsp=70001FE4 master_wfp=70001FE4 ret=70166E20 depth=1
hijack seq=000882 caller=QUEST2 WRTN  DIST                 area_wfp=780036A4 ret_pc=70168732 real_wsp=70001FD0 (was 78003690) shadow_wsp=70001FD0 master_wfp=70001FE4 depth=0
hijack seq=000884 caller=QUEST2 WSAVS DIST                 pc=70168717 area_wfp=780036A4 argc=4 frame=0 real_wsp=70001FDA shadow_wsp=70001FE4 master_wfp=70001FE4 ret=70166E20 depth=1
hijack seq=000886 caller=QUEST2 WRTN  DIST                 area_wfp=780036A4 ret_pc=70168732 real_wsp=70001FD0 (was 78003690) shadow_wsp=70001FD0 master_wfp=70001FE4 depth=0
hijack seq=000891 caller=QUEST2 WSAVS DIST                 pc=70168717 area_wfp=780036A4 argc=4 frame=0 real_wsp=70001FDA shadow_wsp=70001FE4 master_wfp=70001FE4 ret=70166E20 depth=1
hijack seq=000893 caller=QUEST2 WRTN  DIST                 area_wfp=780036A4 ret_pc=70168732 real_wsp=70001FD0 (was 78003690) shadow_wsp=70001FD0 master_wfp=70001FE4 depth=0
hijack seq=000895 caller=QUEST2 WSAVS DIST                 pc=70168717 area_wfp=780036A4 argc=4 frame=0 real_wsp=70001FDA shadow_wsp=70001FE4 master_wfp=70001FE4 ret=70166E20 depth=1
hijack seq=000897 caller=QUEST2 WRTN  DIST                 area_wfp=780036A4 ret_pc=70168732 real_wsp=70001FD0 (was 78003690) shadow_wsp=70001FD0 master_wfp=70001FE4 depth=0
hijack seq=000899 caller=QUEST2 WSAVS DIST                 pc=70168717 area_wfp=780036A4 argc=4 frame=0 real_wsp=70001FDA shadow_wsp=70001FE4 master_wfp=70001FE4 ret=70166E20 depth=1
hijack seq=000901 caller=QUEST2 WRTN  DIST                 area_wfp=780036A4 ret_pc=70168732 real_wsp=70001FD0 (was 78003690) shadow_wsp=70001FD0 master_wfp=70001FE4 depth=0
hijack seq=000906 caller=QUEST2 WSAVS DIST                 pc=70168717 area_wfp=780036A4 argc=4 frame=0 real_wsp=70001FDA shadow_wsp=70001FE4 master_wfp=70001FE4 ret=70166E20 depth=1
hijack seq=000908 caller=QUEST2 WRTN  DIST                 area_wfp=780036A4 ret_pc=70168732 real_wsp=70001FD0 (was 78003690) shadow_wsp=70001FD0 master_wfp=70001FE4 depth=0
hijack seq=000910 caller=QUEST2 WSAVS DIST                 pc=70168717 area_wfp=780036A4 argc=4 frame=0 real_wsp=70001FDA shadow_wsp=70001FE4 master_wfp=70001FE4 ret=70166E20 depth=1
hijack seq=000912 caller=QUEST2 WRTN  DIST                 area_wfp=780036A4 ret_pc=70168732 real_wsp=70001FD0 (was 78003690) shadow_wsp=70001FD0 master_wfp=70001FE4 depth=0
hijack seq=000914 caller=QUEST2 WSAVS DIST                 pc=70168717 area_wfp=780036A4 argc=4 frame=0 real_wsp=70001FDA shadow_wsp=70001FE4 master_wfp=70001FE4 ret=70166E20 depth=1
hijack seq=000916 caller=QUEST2 WRTN  DIST                 area_wfp=780036A4 ret_pc=70168732 real_wsp=70001FD0 (was 78003690) shadow_wsp=70001FD0 master_wfp=70001FE4 depth=0
hijack seq=000920 caller=QUEST2 WSAVS DIST                 pc=70168717 area_wfp=780036A4 argc=4 frame=0 real_wsp=70001FDA shadow_wsp=70001FE4 master_wfp=70001FE4 ret=70166E20 depth=1
hijack seq=000922 caller=QUEST2 WRTN  DIST                 area_wfp=780036A4 ret_pc=70168732 real_wsp=70001FD0 (was 78003690) shadow_wsp=70001FD0 master_wfp=70001FE4 depth=0
hijack seq=000924 caller=QUEST2 WSAVS DIST                 pc=70168717 area_wfp=780036A4 argc=4 frame=0 real_wsp=70001FDA shadow_wsp=70001FE4 master_wfp=70001FE4 ret=70166E20 depth=1
hijack seq=000927 caller=QUEST2 WRTN  DIST                 area_wfp=780036A4 ret_pc=70168732 real_wsp=70001FD0 (was 78003690) shadow_wsp=70001FD0 master_wfp=70001FE4 depth=0
hijack seq=000929 caller=QUEST2 WSAVS DIST                 pc=70168717 area_wfp=780036A4 argc=4 frame=0 real_wsp=70001FDA shadow_wsp=70001FE4 master_wfp=70001FE4 ret=70166E20 depth=1
hijack seq=000931 caller=QUEST2 WRTN  DIST                 area_wfp=780036A4 ret_pc=70168732 real_wsp=70001FD0 (was 78003690) shadow_wsp=70001FD0 master_wfp=70001FE4 depth=0
hijack seq=000936 caller=QUEST2 WSAVS DIST                 pc=70168717 area_wfp=780036A4 argc=4 frame=0 real_wsp=70001FDA shadow_wsp=70001FE4 master_wfp=70001FE4 ret=70166E20 depth=1
hijack seq=000938 caller=QUEST2 WRTN  DIST                 area_wfp=780036A4 ret_pc=70168732 real_wsp=70001FD0 (was 78003690) shadow_wsp=70001FD0 master_wfp=70001FE4 depth=0
hijack seq=000940 caller=QUEST2 WSAVS DIST                 pc=70168717 area_wfp=780036A4 argc=4 frame=0 real_wsp=70001FDA shadow_wsp=70001FE4 master_wfp=70001FE4 ret=70166E20 depth=1
hijack seq=000942 caller=QUEST2 WRTN  DIST                 area_wfp=780036A4 ret_pc=70168732 real_wsp=70001FD0 (was 78003690) shadow_wsp=70001FD0 master_wfp=70001FE4 depth=0
hijack seq=000944 caller=QUEST2 WSAVS DIST                 pc=70168717 area_wfp=780036A4 argc=4 frame=0 real_wsp=70001FDA shadow_wsp=70001FE4 master_wfp=70001FE4 ret=70166E20 depth=1
hijack seq=000946 caller=QUEST2 WRTN  DIST                 area_wfp=780036A4 ret_pc=70168732 real_wsp=70001FD0 (was 78003690) shadow_wsp=70001FD0 master_wfp=70001FE4 depth=0
hijack seq=000951 caller=QUEST2 WSAVS DIST                 pc=70168717 area_wfp=780036A4 argc=4 frame=0 real_wsp=70001FDA shadow_wsp=70001FE4 master_wfp=70001FE4 ret=70166E20 depth=1
hijack seq=000953 caller=QUEST2 WRTN  DIST                 area_wfp=780036A4 ret_pc=70168732 real_wsp=70001FD0 (was 78003690) shadow_wsp=70001FD0 master_wfp=70001FE4 depth=0
hijack seq=000955 caller=QUEST2 WSAVS DIST                 pc=70168717 area_wfp=780036A4 argc=4 frame=0 real_wsp=70001FDA shadow_wsp=70001FE4 master_wfp=70001FE4 ret=70166E20 depth=1
hijack seq=000957 caller=QUEST2 WRTN  DIST                 area_wfp=780036A4 ret_pc=70168732 real_wsp=70001FD0 (was 78003690) shadow_wsp=70001FD0 master_wfp=70001FE4 depth=0
hijack seq=000959 caller=QUEST2 WSAVS DIST                 pc=70168717 area_wfp=780036A4 argc=4 frame=0 real_wsp=70001FDA shadow_wsp=70001FE4 master_wfp=70001FE4 ret=70166E20 depth=1
hijack seq=000961 caller=QUEST2 WRTN  DIST                 area_wfp=780036A4 ret_pc=70168732 real_wsp=70001FD0 (was 78003690) shadow_wsp=70001FD0 master_wfp=70001FE4 depth=0
hijack seq=000964 caller=QUEST2 WSAVS DIST                 pc=70168717 area_wfp=780036A4 argc=4 frame=0 real_wsp=70001FDA shadow_wsp=70001FE4 master_wfp=70001FE4 ret=70166E20 depth=1
hijack seq=000966 caller=QUEST2 WRTN  DIST                 area_wfp=780036A4 ret_pc=70168732 real_wsp=70001FD0 (was 78003690) shadow_wsp=70001FD0 master_wfp=70001FE4 depth=0
hijack seq=000970 caller=QUEST2 WSAVS DIST                 pc=70168717 area_wfp=780036A4 argc=4 frame=0 real_wsp=70001FDA shadow_wsp=70001FE4 master_wfp=70001FE4 ret=70166E20 depth=1
hijack seq=000972 caller=QUEST2 WRTN  DIST                 area_wfp=780036A4 ret_pc=70168732 real_wsp=70001FD0 (was 78003690) shadow_wsp=70001FD0 master_wfp=70001FE4 depth=0
hijack seq=000974 caller=QUEST2 WSAVS DIST                 pc=70168717 area_wfp=780036A4 argc=4 frame=0 real_wsp=70001FDA shadow_wsp=70001FE4 master_wfp=70001FE4 ret=70166E20 depth=1
hijack seq=000976 caller=QUEST2 WRTN  DIST                 area_wfp=780036A4 ret_pc=70168732 real_wsp=70001FD0 (was 78003690) shadow_wsp=70001FD0 master_wfp=70001FE4 depth=0
hijack seq=000981 caller=QUEST2 WSAVS DIST                 pc=70168717 area_wfp=780036A4 argc=4 frame=0 real_wsp=70001FDA shadow_wsp=70001FE4 master_wfp=70001FE4 ret=70166E20 depth=1
hijack seq=000983 caller=QUEST2 WRTN  DIST                 area_wfp=780036A4 ret_pc=70168732 real_wsp=70001FD0 (was 78003690) shadow_wsp=70001FD0 master_wfp=70001FE4 depth=0
hijack seq=000985 caller=QUEST2 WSAVS DIST                 pc=70168717 area_wfp=780036A4 argc=4 frame=0 real_wsp=70001FDA shadow_wsp=70001FE4 master_wfp=70001FE4 ret=70166E20 depth=1
hijack seq=000987 caller=QUEST2 WRTN  DIST                 area_wfp=780036A4 ret_pc=70168732 real_wsp=70001FD0 (was 78003690) shadow_wsp=70001FD0 master_wfp=70001FE4 depth=0
hijack seq=000989 caller=QUEST2 WSAVS DIST                 pc=70168717 area_wfp=780036A4 argc=4 frame=0 real_wsp=70001FDA shadow_wsp=70001FE4 master_wfp=70001FE4 ret=70166E20 depth=1
hijack seq=000991 caller=QUEST2 WRTN  DIST                 area_wfp=780036A4 ret_pc=70168732 real_wsp=70001FD0 (was 78003690) shadow_wsp=70001FD0 master_wfp=70001FE4 depth=0
hijack seq=000996 caller=QUEST2 WSAVS DIST                 pc=70168717 area_wfp=780036A4 argc=4 frame=0 real_wsp=70001FDA shadow_wsp=70001FE4 master_wfp=70001FE4 ret=70166E20 depth=1
hijack seq=000998 caller=QUEST2 WRTN  DIST                 area_wfp=780036A4 ret_pc=70168732 real_wsp=70001FD0 (was 78003690) shadow_wsp=70001FD0 master_wfp=70001FE4 depth=0
hijack seq=001000 caller=QUEST2 WSAVS DIST                 pc=70168717 area_wfp=780036A4 argc=4 frame=0 real_wsp=70001FDA shadow_wsp=70001FE4 master_wfp=70001FE4 ret=70166E20 depth=1
hijack seq=001002 caller=QUEST2 WRTN  DIST                 area_wfp=780036A4 ret_pc=70168732 real_wsp=70001FD0 (was 78003690) shadow_wsp=70001FD0 master_wfp=70001FE4 depth=0
hijack seq=001004 caller=QUEST2 WSAVS DIST                 pc=70168717 area_wfp=780036A4 argc=4 frame=0 real_wsp=70001FDA shadow_wsp=70001FE4 master_wfp=70001FE4 ret=70166E20 depth=1
hijack seq=001006 caller=QUEST2 WRTN  DIST                 area_wfp=780036A4 ret_pc=70168732 real_wsp=70001FD0 (was 78003690) shadow_wsp=70001FD0 master_wfp=70001FE4 depth=0
hijack seq=001010 caller=QUEST2 WSAVS DIST                 pc=70168717 area_wfp=780036A4 argc=4 frame=0 real_wsp=70001FDA shadow_wsp=70001FE4 master_wfp=70001FE4 ret=70166E20 depth=1
hijack seq=001012 caller=QUEST2 WRTN  DIST                 area_wfp=780036A4 ret_pc=70168732 real_wsp=70001FD0 (was 78003690) shadow_wsp=70001FD0 master_wfp=70001FE4 depth=0
hijack seq=001014 caller=QUEST2 WSAVS DIST                 pc=70168717 area_wfp=780036A4 argc=4 frame=0 real_wsp=70001FDA shadow_wsp=70001FE4 master_wfp=70001FE4 ret=70166E20 depth=1
hijack seq=001017 caller=QUEST2 WRTN  DIST                 area_wfp=780036A4 ret_pc=70168732 real_wsp=70001FD0 (was 78003690) shadow_wsp=70001FD0 master_wfp=70001FE4 depth=0
hijack seq=001019 caller=QUEST2 WSAVS DIST                 pc=70168717 area_wfp=780036A4 argc=4 frame=0 real_wsp=70001FDA shadow_wsp=70001FE4 master_wfp=70001FE4 ret=70166E20 depth=1
hijack seq=001021 caller=QUEST2 WRTN  DIST                 area_wfp=780036A4 ret_pc=70168732 real_wsp=70001FD0 (was 78003690) shadow_wsp=70001FD0 master_wfp=70001FE4 depth=0
hijack seq=001026 caller=QUEST2 WSAVS DIST                 pc=70168717 area_wfp=780036A4 argc=4 frame=0 real_wsp=70001FDA shadow_wsp=70001FE4 master_wfp=70001FE4 ret=70166E20 depth=1
hijack seq=001028 caller=QUEST2 WRTN  DIST                 area_wfp=780036A4 ret_pc=70168732 real_wsp=70001FD0 (was 78003690) shadow_wsp=70001FD0 master_wfp=70001FE4 depth=0
hijack seq=001030 caller=QUEST2 WSAVS DIST                 pc=70168717 area_wfp=780036A4 argc=4 frame=0 real_wsp=70001FDA shadow_wsp=70001FE4 master_wfp=70001FE4 ret=70166E20 depth=1
hijack seq=001032 caller=QUEST2 WRTN  DIST                 area_wfp=780036A4 ret_pc=70168732 real_wsp=70001FD0 (was 78003690) shadow_wsp=70001FD0 master_wfp=70001FE4 depth=0
hijack seq=001034 caller=QUEST2 WSAVS DIST                 pc=70168717 area_wfp=780036A4 argc=4 frame=0 real_wsp=70001FDA shadow_wsp=70001FE4 master_wfp=70001FE4 ret=70166E20 depth=1
hijack seq=001036 caller=QUEST2 WRTN  DIST                 area_wfp=780036A4 ret_pc=70168732 real_wsp=70001FD0 (was 78003690) shadow_wsp=70001FD0 master_wfp=70001FE4 depth=0
hijack seq=001040 caller=QUEST2 WSAVS DIST                 pc=70168717 area_wfp=780036A4 argc=4 frame=0 real_wsp=70001FDA shadow_wsp=70001FE4 master_wfp=70001FE4 ret=70166E20 depth=1
hijack seq=001042 caller=QUEST2 WRTN  DIST                 area_wfp=780036A4 ret_pc=70168732 real_wsp=70001FD0 (was 78003690) shadow_wsp=70001FD0 master_wfp=70001FE4 depth=0
hijack seq=001044 caller=QUEST2 WSAVS DIST                 pc=70168717 area_wfp=780036A4 argc=4 frame=0 real_wsp=70001FDA shadow_wsp=70001FE4 master_wfp=70001FE4 ret=70166E20 depth=1
hijack seq=001047 caller=QUEST2 WRTN  DIST                 area_wfp=780036A4 ret_pc=70168732 real_wsp=70001FD0 (was 78003690) shadow_wsp=70001FD0 master_wfp=70001FE4 depth=0
hijack seq=001049 caller=QUEST2 WSAVS DIST                 pc=70168717 area_wfp=780036A4 argc=4 frame=0 real_wsp=70001FDA shadow_wsp=70001FE4 master_wfp=70001FE4 ret=70166E20 depth=1
hijack seq=001051 caller=QUEST2 WRTN  DIST                 area_wfp=780036A4 ret_pc=70168732 real_wsp=70001FD0 (was 78003690) shadow_wsp=70001FD0 master_wfp=70001FE4 depth=0
hijack seq=001056 caller=QUEST2 WSAVS DIST                 pc=70168717 area_wfp=780036A4 argc=4 frame=0 real_wsp=70001FDA shadow_wsp=70001FE4 master_wfp=70001FE4 ret=70166E20 depth=1
hijack seq=001058 caller=QUEST2 WRTN  DIST                 area_wfp=780036A4 ret_pc=70168732 real_wsp=70001FD0 (was 78003690) shadow_wsp=70001FD0 master_wfp=70001FE4 depth=0
hijack seq=001060 caller=QUEST2 WSAVS DIST                 pc=70168717 area_wfp=780036A4 argc=4 frame=0 real_wsp=70001FDA shadow_wsp=70001FE4 master_wfp=70001FE4 ret=70166E20 depth=1
hijack seq=001062 caller=QUEST2 WRTN  DIST                 area_wfp=780036A4 ret_pc=70168732 real_wsp=70001FD0 (was 78003690) shadow_wsp=70001FD0 master_wfp=70001FE4 depth=0
hijack seq=001064 caller=QUEST2 WSAVS DIST                 pc=70168717 area_wfp=780036A4 argc=4 frame=0 real_wsp=70001FDA shadow_wsp=70001FE4 master_wfp=70001FE4 ret=70166E20 depth=1
hijack seq=001066 caller=QUEST2 WRTN  DIST                 area_wfp=780036A4 ret_pc=70168732 real_wsp=70001FD0 (was 78003690) shadow_wsp=70001FD0 master_wfp=70001FE4 depth=0
hijack seq=001069 caller=QUEST2 WSAVS DIST                 pc=70168717 area_wfp=780036A4 argc=4 frame=0 real_wsp=70001FDA shadow_wsp=70001FE4 master_wfp=70001FE4 ret=70166E20 depth=1
hijack seq=001073 caller=QUEST2 WRTN  DIST                 area_wfp=780036A4 ret_pc=70168732 real_wsp=70001FD0 (was 78003690) shadow_wsp=70001FD0 master_wfp=70001FE4 depth=0
hijack seq=001075 caller=QUEST2 WSAVS DIST                 pc=70168717 area_wfp=780036A4 argc=4 frame=0 real_wsp=70001FDA shadow_wsp=70001FE4 master_wfp=70001FE4 ret=70166E20 depth=1
hijack seq=001077 caller=QUEST2 WRTN  DIST                 area_wfp=780036A4 ret_pc=70168732 real_wsp=70001FD0 (was 78003690) shadow_wsp=70001FD0 master_wfp=70001FE4 depth=0
hijack seq=001079 caller=QUEST2 WSAVS DIST                 pc=70168717 area_wfp=780036A4 argc=4 frame=0 real_wsp=70001FDA shadow_wsp=70001FE4 master_wfp=70001FE4 ret=70166E20 depth=1
hijack seq=001081 caller=QUEST2 WRTN  DIST                 area_wfp=780036A4 ret_pc=70168732 real_wsp=70001FD0 (was 78003690) shadow_wsp=70001FD0 master_wfp=70001FE4 depth=0
hijack seq=001085 caller=QUEST2 WSAVS DIST                 pc=70168717 area_wfp=780036A4 argc=4 frame=0 real_wsp=70001FDA shadow_wsp=70001FE4 master_wfp=70001FE4 ret=70166E20 depth=1
hijack seq=001087 caller=QUEST2 WRTN  DIST                 area_wfp=780036A4 ret_pc=70168732 real_wsp=70001FD0 (was 78003690) shadow_wsp=70001FD0 master_wfp=70001FE4 depth=0
hijack seq=001089 caller=QUEST2 WSAVS DIST                 pc=70168717 area_wfp=780036A4 argc=4 frame=0 real_wsp=70001FDA shadow_wsp=70001FE4 master_wfp=70001FE4 ret=70166E20 depth=1
hijack seq=001091 caller=QUEST2 WRTN  DIST                 area_wfp=780036A4 ret_pc=70168732 real_wsp=70001FD0 (was 78003690) shadow_wsp=70001FD0 master_wfp=70001FE4 depth=0
hijack seq=001094 caller=QUEST2 WSAVS DIST                 pc=70168717 area_wfp=780036A4 argc=4 frame=0 real_wsp=70001FDA shadow_wsp=70001FE4 master_wfp=70001FE4 ret=70166E20 depth=1
hijack seq=001096 caller=QUEST2 WRTN  DIST                 area_wfp=780036A4 ret_pc=70168732 real_wsp=70001FD0 (was 78003690) shadow_wsp=70001FD0 master_wfp=70001FE4 depth=0
hijack seq=001101 caller=QUEST2 WSAVS DIST                 pc=70168717 area_wfp=780036A4 argc=4 frame=0 real_wsp=70001FDA shadow_wsp=70001FE4 master_wfp=70001FE4 ret=70166E20 depth=1
hijack seq=001103 caller=QUEST2 WRTN  DIST                 area_wfp=780036A4 ret_pc=70168732 real_wsp=70001FD0 (was 78003690) shadow_wsp=70001FD0 master_wfp=70001FE4 depth=0
hijack seq=001105 caller=QUEST2 WSAVS DIST                 pc=70168717 area_wfp=780036A4 argc=4 frame=0 real_wsp=70001FDA shadow_wsp=70001FE4 master_wfp=70001FE4 ret=70166E20 depth=1
hijack seq=001107 caller=QUEST2 WRTN  DIST                 area_wfp=780036A4 ret_pc=70168732 real_wsp=70001FD0 (was 78003690) shadow_wsp=70001FD0 master_wfp=70001FE4 depth=0
hijack seq=001109 caller=QUEST2 WSAVS DIST                 pc=70168717 area_wfp=780036A4 argc=4 frame=0 real_wsp=70001FDA shadow_wsp=70001FE4 master_wfp=70001FE4 ret=70166E20 depth=1
hijack seq=001111 caller=QUEST2 WRTN  DIST                 area_wfp=780036A4 ret_pc=70168732 real_wsp=70001FD0 (was 78003690) shadow_wsp=70001FD0 master_wfp=70001FE4 depth=0
hijack seq=001116 caller=QUEST2 WSAVS DIST                 pc=70168717 area_wfp=780036A4 argc=4 frame=0 real_wsp=70001FDA shadow_wsp=70001FE4 master_wfp=70001FE4 ret=70166E20 depth=1
hijack seq=001118 caller=QUEST2 WRTN  DIST                 area_wfp=780036A4 ret_pc=70168732 real_wsp=70001FD0 (was 78003690) shadow_wsp=70001FD0 master_wfp=70001FE4 depth=0
hijack seq=001120 caller=QUEST2 WSAVS DIST                 pc=70168717 area_wfp=780036A4 argc=4 frame=0 real_wsp=70001FDA shadow_wsp=70001FE4 master_wfp=70001FE4 ret=70166E20 depth=1
hijack seq=001122 caller=QUEST2 WRTN  DIST                 area_wfp=780036A4 ret_pc=70168732 real_wsp=70001FD0 (was 78003690) shadow_wsp=70001FD0 master_wfp=70001FE4 depth=0
hijack seq=001124 caller=QUEST2 WSAVS DIST                 pc=70168717 area_wfp=780036A4 argc=4 frame=0 real_wsp=70001FDA shadow_wsp=70001FE4 master_wfp=70001FE4 ret=70166E20 depth=1
hijack seq=001126 caller=QUEST2 WRTN  DIST                 area_wfp=780036A4 ret_pc=70168732 real_wsp=70001FD0 (was 78003690) shadow_wsp=70001FD0 master_wfp=70001FE4 depth=0
hijack seq=001131 caller=QUEST2 WSAVS DIST                 pc=70168717 area_wfp=780036A4 argc=4 frame=0 real_wsp=70001FDA shadow_wsp=70001FE4 master_wfp=70001FE4 ret=70166E20 depth=1
hijack seq=001133 caller=QUEST2 WRTN  DIST                 area_wfp=780036A4 ret_pc=70168732 real_wsp=70001FD0 (was 78003690) shadow_wsp=70001FD0 master_wfp=70001FE4 depth=0
hijack seq=001135 caller=QUEST2 WSAVS DIST                 pc=70168717 area_wfp=780036A4 argc=4 frame=0 real_wsp=70001FDA shadow_wsp=70001FE4 master_wfp=70001FE4 ret=70166E20 depth=1
hijack seq=001137 caller=QUEST2 WRTN  DIST                 area_wfp=780036A4 ret_pc=70168732 real_wsp=70001FD0 (was 78003690) shadow_wsp=70001FD0 master_wfp=70001FE4 depth=0
hijack seq=001139 caller=QUEST2 WSAVS DIST                 pc=70168717 area_wfp=780036A4 argc=4 frame=0 real_wsp=70001FDA shadow_wsp=70001FE4 master_wfp=70001FE4 ret=70166E20 depth=1
hijack seq=001141 caller=QUEST2 WRTN  DIST                 area_wfp=780036A4 ret_pc=70168732 real_wsp=70001FD0 (was 78003690) shadow_wsp=70001FD0 master_wfp=70001FE4 depth=0
hijack seq=001146 caller=QUEST2 WSAVS DIST                 pc=70168717 area_wfp=780036A4 argc=4 frame=0 real_wsp=70001FDA shadow_wsp=70001FE4 master_wfp=70001FE4 ret=70166E20 depth=1
hijack seq=001148 caller=QUEST2 WRTN  DIST                 area_wfp=780036A4 ret_pc=70168732 real_wsp=70001FD0 (was 78003690) shadow_wsp=70001FD0 master_wfp=70001FE4 depth=0
hijack seq=001150 caller=QUEST2 WSAVS DIST                 pc=70168717 area_wfp=780036A4 argc=4 frame=0 real_wsp=70001FDA shadow_wsp=70001FE4 master_wfp=70001FE4 ret=70166E20 depth=1
hijack seq=001152 caller=QUEST2 WRTN  DIST                 area_wfp=780036A4 ret_pc=70168732 real_wsp=70001FD0 (was 78003690) shadow_wsp=70001FD0 master_wfp=70001FE4 depth=0
hijack seq=001154 caller=QUEST2 WSAVS DIST                 pc=70168717 area_wfp=780036A4 argc=4 frame=0 real_wsp=70001FDA shadow_wsp=70001FE4 master_wfp=70001FE4 ret=70166E20 depth=1
hijack seq=001156 caller=QUEST2 WRTN  DIST                 area_wfp=780036A4 ret_pc=70168732 real_wsp=70001FD0 (was 78003690) shadow_wsp=70001FD0 master_wfp=70001FE4 depth=0
hijack seq=001161 caller=QUEST2 WSAVS DIST                 pc=70168717 area_wfp=780036A4 argc=4 frame=0 real_wsp=70001FDA shadow_wsp=70001FE4 master_wfp=70001FE4 ret=70166E20 depth=1
hijack seq=001163 caller=QUEST2 WRTN  DIST                 area_wfp=780036A4 ret_pc=70168732 real_wsp=70001FD0 (was 78003690) shadow_wsp=70001FD0 master_wfp=70001FE4 depth=0
hijack seq=001165 caller=QUEST2 WSAVS DIST                 pc=70168717 area_wfp=780036A4 argc=4 frame=0 real_wsp=70001FDA shadow_wsp=70001FE4 master_wfp=70001FE4 ret=70166E20 depth=1
hijack seq=001167 caller=QUEST2 WRTN  DIST                 area_wfp=780036A4 ret_pc=70168732 real_wsp=70001FD0 (was 78003690) shadow_wsp=70001FD0 master_wfp=70001FE4 depth=0
hijack seq=001169 caller=QUEST2 WSAVS DIST                 pc=70168717 area_wfp=780036A4 argc=4 frame=0 real_wsp=70001FDA shadow_wsp=70001FE4 master_wfp=70001FE4 ret=70166E20 depth=1
hijack seq=001171 caller=QUEST2 WRTN  DIST                 area_wfp=780036A4 ret_pc=70168732 real_wsp=70001FD0 (was 78003690) shadow_wsp=70001FD0 master_wfp=70001FE4 depth=0
hijack seq=001174 caller=QUEST2 WSAVS DIST                 pc=70168717 area_wfp=780036A4 argc=4 frame=0 real_wsp=70001FDA shadow_wsp=70001FE4 master_wfp=70001FE4 ret=70166E20 depth=1
hijack seq=001178 caller=QUEST2 WRTN  DIST                 area_wfp=780036A4 ret_pc=70168732 real_wsp=70001FD0 (was 78003690) shadow_wsp=70001FD0 master_wfp=70001FE4 depth=0
hijack seq=001180 caller=QUEST2 WSAVS DIST                 pc=70168717 area_wfp=780036A4 argc=4 frame=0 real_wsp=70001FDA shadow_wsp=70001FE4 master_wfp=70001FE4 ret=70166E20 depth=1
hijack seq=001182 caller=QUEST2 WRTN  DIST                 area_wfp=780036A4 ret_pc=70168732 real_wsp=70001FD0 (was 78003690) shadow_wsp=70001FD0 master_wfp=70001FE4 depth=0
hijack seq=001184 caller=QUEST2 WSAVS DIST                 pc=70168717 area_wfp=780036A4 argc=4 frame=0 real_wsp=70001FDA shadow_wsp=70001FE4 master_wfp=70001FE4 ret=70166E20 depth=1
hijack seq=001186 caller=QUEST2 WRTN  DIST                 area_wfp=780036A4 ret_pc=70168732 real_wsp=70001FD0 (was 78003690) shadow_wsp=70001FD0 master_wfp=70001FE4 depth=0
hijack seq=001191 caller=QUEST2 WSAVS DIST                 pc=70168717 area_wfp=780036A4 argc=4 frame=0 real_wsp=70001FDA shadow_wsp=70001FE4 master_wfp=70001FE4 ret=70166E20 depth=1
hijack seq=001193 caller=QUEST2 WRTN  DIST                 area_wfp=780036A4 ret_pc=70168732 real_wsp=70001FD0 (was 78003690) shadow_wsp=70001FD0 master_wfp=70001FE4 depth=0
hijack seq=001195 caller=QUEST2 WSAVS DIST                 pc=70168717 area_wfp=780036A4 argc=4 frame=0 real_wsp=70001FDA shadow_wsp=70001FE4 master_wfp=70001FE4 ret=70166E20 depth=1
hijack seq=001197 caller=QUEST2 WRTN  DIST                 area_wfp=780036A4 ret_pc=70168732 real_wsp=70001FD0 (was 78003690) shadow_wsp=70001FD0 master_wfp=70001FE4 depth=0
hijack seq=001199 caller=QUEST2 WSAVS DIST                 pc=70168717 area_wfp=780036A4 argc=4 frame=0 real_wsp=70001FDA shadow_wsp=70001FE4 master_wfp=70001FE4 ret=70166E20 depth=1
hijack seq=001201 caller=QUEST2 WRTN  DIST                 area_wfp=780036A4 ret_pc=70168732 real_wsp=70001FD0 (was 78003690) shadow_wsp=70001FD0 master_wfp=70001FE4 depth=0
hijack seq=001204 caller=QUEST2 WSAVS DIST                 pc=70168717 area_wfp=780036A4 argc=4 frame=0 real_wsp=70001FDA shadow_wsp=70001FE4 master_wfp=70001FE4 ret=70166E20 depth=1
hijack seq=001208 caller=QUEST2 WRTN  DIST                 area_wfp=780036A4 ret_pc=70168732 real_wsp=70001FD0 (was 78003690) shadow_wsp=70001FD0 master_wfp=70001FE4 depth=0
hijack seq=001210 caller=QUEST2 WSAVS DIST                 pc=70168717 area_wfp=780036A4 argc=4 frame=0 real_wsp=70001FDA shadow_wsp=70001FE4 master_wfp=70001FE4 ret=70166E20 depth=1
hijack seq=001212 caller=QUEST2 WRTN  DIST                 area_wfp=780036A4 ret_pc=70168732 real_wsp=70001FD0 (was 78003690) shadow_wsp=70001FD0 master_wfp=70001FE4 depth=0
hijack seq=001214 caller=QUEST2 WSAVS DIST                 pc=70168717 area_wfp=780036A4 argc=4 frame=0 real_wsp=70001FDA shadow_wsp=70001FE4 master_wfp=70001FE4 ret=70166E20 depth=1
hijack seq=001216 caller=QUEST2 WRTN  DIST                 area_wfp=780036A4 ret_pc=70168732 real_wsp=70001FD0 (was 78003690) shadow_wsp=70001FD0 master_wfp=70001FE4 depth=0
hijack seq=001221 caller=QUEST2 WSAVS DIST                 pc=70168717 area_wfp=780036A4 argc=4 frame=0 real_wsp=70001FDA shadow_wsp=70001FE4 master_wfp=70001FE4 ret=70166E20 depth=1
hijack seq=001223 caller=QUEST2 WRTN  DIST                 area_wfp=780036A4 ret_pc=70168732 real_wsp=70001FD0 (was 78003690) shadow_wsp=70001FD0 master_wfp=70001FE4 depth=0
hijack seq=001225 caller=QUEST2 WSAVS DIST                 pc=70168717 area_wfp=780036A4 argc=4 frame=0 real_wsp=70001FDA shadow_wsp=70001FE4 master_wfp=70001FE4 ret=70166E20 depth=1
hijack seq=001227 caller=QUEST2 WRTN  DIST                 area_wfp=780036A4 ret_pc=70168732 real_wsp=70001FD0 (was 78003690) shadow_wsp=70001FD0 master_wfp=70001FE4 depth=0
hijack seq=001229 caller=QUEST2 WSAVS DIST                 pc=70168717 area_wfp=780036A4 argc=4 frame=0 real_wsp=70001FDA shadow_wsp=70001FE4 master_wfp=70001FE4 ret=70166E20 depth=1
hijack seq=001231 caller=QUEST2 WRTN  DIST                 area_wfp=780036A4 ret_pc=70168732 real_wsp=70001FD0 (was 78003690) shadow_wsp=70001FD0 master_wfp=70001FE4 depth=0
hijack seq=001236 caller=QUEST2 WSAVS DIST                 pc=70168717 area_wfp=780036A4 argc=4 frame=0 real_wsp=70001FDA shadow_wsp=70001FE4 master_wfp=70001FE4 ret=70166E20 depth=1
hijack seq=001238 caller=QUEST2 WRTN  DIST                 area_wfp=780036A4 ret_pc=70168732 real_wsp=70001FD0 (was 78003690) shadow_wsp=70001FD0 master_wfp=70001FE4 depth=0
hijack seq=001240 caller=QUEST2 WSAVS DIST                 pc=70168717 area_wfp=780036A4 argc=4 frame=0 real_wsp=70001FDA shadow_wsp=70001FE4 master_wfp=70001FE4 ret=70166E20 depth=1
hijack seq=001242 caller=QUEST2 WRTN  DIST                 area_wfp=780036A4 ret_pc=70168732 real_wsp=70001FD0 (was 78003690) shadow_wsp=70001FD0 master_wfp=70001FE4 depth=0
hijack seq=001244 caller=QUEST2 WSAVS DIST                 pc=70168717 area_wfp=780036A4 argc=4 frame=0 real_wsp=70001FDA shadow_wsp=70001FE4 master_wfp=70001FE4 ret=70166E20 depth=1
hijack seq=001246 caller=QUEST2 WRTN  DIST                 area_wfp=780036A4 ret_pc=70168732 real_wsp=70001FD0 (was 78003690) shadow_wsp=70001FD0 master_wfp=70001FE4 depth=0
hijack seq=001250 caller=QUEST2 WSAVS DIST                 pc=70168717 area_wfp=780036A4 argc=4 frame=0 real_wsp=70001FDA shadow_wsp=70001FE4 master_wfp=70001FE4 ret=70166E20 depth=1
hijack seq=001252 caller=QUEST2 WRTN  DIST                 area_wfp=780036A4 ret_pc=70168732 real_wsp=70001FD0 (was 78003690) shadow_wsp=70001FD0 master_wfp=70001FE4 depth=0
hijack seq=001254 caller=QUEST2 WSAVS DIST                 pc=70168717 area_wfp=780036A4 argc=4 frame=0 real_wsp=70001FDA shadow_wsp=70001FE4 master_wfp=70001FE4 ret=70166E20 depth=1
hijack seq=001256 caller=QUEST2 WRTN  DIST                 area_wfp=780036A4 ret_pc=70168732 real_wsp=70001FD0 (was 78003690) shadow_wsp=70001FD0 master_wfp=70001FE4 depth=0
hijack seq=001259 caller=QUEST2 WSAVS DIST                 pc=70168717 area_wfp=780036A4 argc=4 frame=0 real_wsp=70001FDA shadow_wsp=70001FE4 master_wfp=70001FE4 ret=70166E20 depth=1
hijack seq=001261 caller=QUEST2 WRTN  DIST                 area_wfp=780036A4 ret_pc=70168732 real_wsp=70001FD0 (was 78003690) shadow_wsp=70001FD0 master_wfp=70001FE4 depth=0
hijack seq=001266 caller=QUEST2 WSAVS DIST                 pc=70168717 area_wfp=780036A4 argc=4 frame=0 real_wsp=70001FDA shadow_wsp=70001FE4 master_wfp=70001FE4 ret=70166E20 depth=1
hijack seq=001268 caller=QUEST2 WRTN  DIST                 area_wfp=780036A4 ret_pc=70168732 real_wsp=70001FD0 (was 78003690) shadow_wsp=70001FD0 master_wfp=70001FE4 depth=0
hijack seq=001270 caller=QUEST2 WSAVS DIST                 pc=70168717 area_wfp=780036A4 argc=4 frame=0 real_wsp=70001FDA shadow_wsp=70001FE4 master_wfp=70001FE4 ret=70166E20 depth=1
hijack seq=001272 caller=QUEST2 WRTN  DIST                 area_wfp=780036A4 ret_pc=70168732 real_wsp=70001FD0 (was 78003690) shadow_wsp=70001FD0 master_wfp=70001FE4 depth=0
hijack seq=001274 caller=QUEST2 WSAVS DIST                 pc=70168717 area_wfp=780036A4 argc=4 frame=0 real_wsp=70001FDA shadow_wsp=70001FE4 master_wfp=70001FE4 ret=70166E20 depth=1
hijack seq=001276 caller=QUEST2 WRTN  DIST                 area_wfp=780036A4 ret_pc=70168732 real_wsp=70001FD0 (was 78003690) shadow_wsp=70001FD0 master_wfp=70001FE4 depth=0
hijack seq=001279 caller=QUEST2 WSAVS DIST                 pc=70168717 area_wfp=780036A4 argc=4 frame=0 real_wsp=70001FDA shadow_wsp=70001FE4 master_wfp=70001FE4 ret=70166E20 depth=1
hijack seq=001281 caller=QUEST2 WRTN  DIST                 area_wfp=780036A4 ret_pc=70168732 real_wsp=70001FD0 (was 78003690) shadow_wsp=70001FD0 master_wfp=70001FE4 depth=0
hijack seq=001285 caller=QUEST2 WSAVS DIST                 pc=70168717 area_wfp=780036A4 argc=4 frame=0 real_wsp=70001FDA shadow_wsp=70001FE4 master_wfp=70001FE4 ret=70166E20 depth=1
hijack seq=001287 caller=QUEST2 WRTN  DIST                 area_wfp=780036A4 ret_pc=70168732 real_wsp=70001FD0 (was 78003690) shadow_wsp=70001FD0 master_wfp=70001FE4 depth=0
hijack seq=001289 caller=QUEST2 WSAVS DIST                 pc=70168717 area_wfp=780036A4 argc=4 frame=0 real_wsp=70001FDA shadow_wsp=70001FE4 master_wfp=70001FE4 ret=70166E20 depth=1
hijack seq=001291 caller=QUEST2 WRTN  DIST                 area_wfp=780036A4 ret_pc=70168732 real_wsp=70001FD0 (was 78003690) shadow_wsp=70001FD0 master_wfp=70001FE4 depth=0
hijack seq=001296 caller=QUEST2 WSAVS DIST                 pc=70168717 area_wfp=780036A4 argc=4 frame=0 real_wsp=70001FDA shadow_wsp=70001FE4 master_wfp=70001FE4 ret=70166E20 depth=1
hijack seq=001298 caller=QUEST2 WRTN  DIST                 area_wfp=780036A4 ret_pc=70168732 real_wsp=70001FD0 (was 78003690) shadow_wsp=70001FD0 master_wfp=70001FE4 depth=0
hijack seq=001300 caller=QUEST2 WSAVS DIST                 pc=70168717 area_wfp=780036A4 argc=4 frame=0 real_wsp=70001FDA shadow_wsp=70001FE4 master_wfp=70001FE4 ret=70166E20 depth=1
hijack seq=001302 caller=QUEST2 WRTN  DIST                 area_wfp=780036A4 ret_pc=70168732 real_wsp=70001FD0 (was 78003690) shadow_wsp=70001FD0 master_wfp=70001FE4 depth=0
hijack seq=001304 caller=QUEST2 WSAVS DIST                 pc=70168717 area_wfp=780036A4 argc=4 frame=0 real_wsp=70001FDA shadow_wsp=70001FE4 master_wfp=70001FE4 ret=70166E20 depth=1
hijack seq=001306 caller=QUEST2 WRTN  DIST                 area_wfp=780036A4 ret_pc=70168732 real_wsp=70001FD0 (was 78003690) shadow_wsp=70001FD0 master_wfp=70001FE4 depth=0
hijack seq=001311 caller=QUEST2 WSAVS DIST                 pc=70168717 area_wfp=780036A4 argc=4 frame=0 real_wsp=70001FDA shadow_wsp=70001FE4 master_wfp=70001FE4 ret=70166E20 depth=1
hijack seq=001313 caller=QUEST2 WRTN  DIST                 area_wfp=780036A4 ret_pc=70168732 real_wsp=70001FD0 (was 78003690) shadow_wsp=70001FD0 master_wfp=70001FE4 depth=0
hijack seq=001315 caller=QUEST2 WSAVS DIST                 pc=70168717 area_wfp=780036A4 argc=4 frame=0 real_wsp=70001FDA shadow_wsp=70001FE4 master_wfp=70001FE4 ret=70166E20 depth=1
hijack seq=001317 caller=QUEST2 WRTN  DIST                 area_wfp=780036A4 ret_pc=70168732 real_wsp=70001FD0 (was 78003690) shadow_wsp=70001FD0 master_wfp=70001FE4 depth=0
hijack seq=001319 caller=QUEST2 WSAVS DIST                 pc=70168717 area_wfp=780036A4 argc=4 frame=0 real_wsp=70001FDA shadow_wsp=70001FE4 master_wfp=70001FE4 ret=70166E20 depth=1
hijack seq=001321 caller=QUEST2 WRTN  DIST                 area_wfp=780036A4 ret_pc=70168732 real_wsp=70001FD0 (was 78003690) shadow_wsp=70001FD0 master_wfp=70001FE4 depth=0
hijack seq=001326 caller=QUEST2 WSAVS DIST                 pc=70168717 area_wfp=780036A4 argc=4 frame=0 real_wsp=70001FDA shadow_wsp=70001FE4 master_wfp=70001FE4 ret=70166E20 depth=1
hijack seq=001328 caller=QUEST2 WRTN  DIST                 area_wfp=780036A4 ret_pc=70168732 real_wsp=70001FD0 (was 78003690) shadow_wsp=70001FD0 master_wfp=70001FE4 depth=0
hijack seq=001330 caller=QUEST2 WSAVS DIST                 pc=70168717 area_wfp=780036A4 argc=4 frame=0 real_wsp=70001FDA shadow_wsp=70001FE4 master_wfp=70001FE4 ret=70166E20 depth=1
hijack seq=001332 caller=QUEST2 WRTN  DIST                 area_wfp=780036A4 ret_pc=70168732 real_wsp=70001FD0 (was 78003690) shadow_wsp=70001FD0 master_wfp=70001FE4 depth=0
hijack seq=001334 caller=QUEST2 WSAVS DIST                 pc=70168717 area_wfp=780036A4 argc=4 frame=0 real_wsp=70001FDA shadow_wsp=70001FE4 master_wfp=70001FE4 ret=70166E20 depth=1
hijack seq=001336 caller=QUEST2 WRTN  DIST                 area_wfp=780036A4 ret_pc=70168732 real_wsp=70001FD0 (was 78003690) shadow_wsp=70001FD0 master_wfp=70001FE4 depth=0
hijack seq=001341 caller=QUEST2 WSAVS DIST                 pc=70168717 area_wfp=780036A4 argc=4 frame=0 real_wsp=70001FDA shadow_wsp=70001FE4 master_wfp=70001FE4 ret=70166E20 depth=1
hijack seq=001343 caller=QUEST2 WRTN  DIST                 area_wfp=780036A4 ret_pc=70168732 real_wsp=70001FD0 (was 78003690) shadow_wsp=70001FD0 master_wfp=70001FE4 depth=0
hijack seq=001345 caller=QUEST2 WSAVS DIST                 pc=70168717 area_wfp=780036A4 argc=4 frame=0 real_wsp=70001FDA shadow_wsp=70001FE4 master_wfp=70001FE4 ret=70166E20 depth=1
hijack seq=001347 caller=QUEST2 WRTN  DIST                 area_wfp=780036A4 ret_pc=70168732 real_wsp=70001FD0 (was 78003690) shadow_wsp=70001FD0 master_wfp=70001FE4 depth=0
hijack seq=001349 caller=QUEST2 WSAVS DIST                 pc=70168717 area_wfp=780036A4 argc=4 frame=0 real_wsp=70001FDA shadow_wsp=70001FE4 master_wfp=70001FE4 ret=70166E20 depth=1
hijack seq=001351 caller=QUEST2 WRTN  DIST                 area_wfp=780036A4 ret_pc=70168732 real_wsp=70001FD0 (was 78003690) shadow_wsp=70001FD0 master_wfp=70001FE4 depth=0
hijack seq=001356 caller=QUEST2 WSAVS DIST                 pc=70168717 area_wfp=780036A4 argc=4 frame=0 real_wsp=70001FDA shadow_wsp=70001FE4 master_wfp=70001FE4 ret=70166E20 depth=1
hijack seq=001358 caller=QUEST2 WRTN  DIST                 area_wfp=780036A4 ret_pc=70168732 real_wsp=70001FD0 (was 78003690) shadow_wsp=70001FD0 master_wfp=70001FE4 depth=0
hijack seq=001360 caller=QUEST2 WSAVS DIST                 pc=70168717 area_wfp=780036A4 argc=4 frame=0 real_wsp=70001FDA shadow_wsp=70001FE4 master_wfp=70001FE4 ret=70166E20 depth=1
hijack seq=001362 caller=QUEST2 WRTN  DIST                 area_wfp=780036A4 ret_pc=70168732 real_wsp=70001FD0 (was 78003690) shadow_wsp=70001FD0 master_wfp=70001FE4 depth=0
hijack seq=001364 caller=QUEST2 WSAVS DIST                 pc=70168717 area_wfp=780036A4 argc=4 frame=0 real_wsp=70001FDA shadow_wsp=70001FE4 master_wfp=70001FE4 ret=70166E20 depth=1
hijack seq=001366 caller=QUEST2 WRTN  DIST                 area_wfp=780036A4 ret_pc=70168732 real_wsp=70001FD0 (was 78003690) shadow_wsp=70001FD0 master_wfp=70001FE4 depth=0
hijack seq=001371 caller=QUEST2 WSAVS DIST                 pc=70168717 area_wfp=780036A4 argc=4 frame=0 real_wsp=70001FDA shadow_wsp=70001FE4 master_wfp=70001FE4 ret=70166E20 depth=1
hijack seq=001373 caller=QUEST2 WRTN  DIST                 area_wfp=780036A4 ret_pc=70168732 real_wsp=70001FD0 (was 78003690) shadow_wsp=70001FD0 master_wfp=70001FE4 depth=0
hijack seq=001375 caller=QUEST2 WSAVS DIST                 pc=70168717 area_wfp=780036A4 argc=4 frame=0 real_wsp=70001FDA shadow_wsp=70001FE4 master_wfp=70001FE4 ret=70166E20 depth=1
hijack seq=001377 caller=QUEST2 WRTN  DIST                 area_wfp=780036A4 ret_pc=70168732 real_wsp=70001FD0 (was 78003690) shadow_wsp=70001FD0 master_wfp=70001FE4 depth=0
hijack seq=001379 caller=QUEST2 WSAVS DIST                 pc=70168717 area_wfp=780036A4 argc=4 frame=0 real_wsp=70001FDA shadow_wsp=70001FE4 master_wfp=70001FE4 ret=70166E20 depth=1
hijack seq=001381 caller=QUEST2 WRTN  DIST                 area_wfp=780036A4 ret_pc=70168732 real_wsp=70001FD0 (was 78003690) shadow_wsp=70001FD0 master_wfp=70001FE4 depth=0
hijack seq=001386 caller=QUEST2 WSAVS DIST                 pc=70168717 area_wfp=780036A4 argc=4 frame=0 real_wsp=70001FDA shadow_wsp=70001FE4 master_wfp=70001FE4 ret=70166E20 depth=1
hijack seq=001388 caller=QUEST2 WRTN  DIST                 area_wfp=780036A4 ret_pc=70168732 real_wsp=70001FD0 (was 78003690) shadow_wsp=70001FD0 master_wfp=70001FE4 depth=0
hijack seq=001390 caller=QUEST2 WSAVS DIST                 pc=70168717 area_wfp=780036A4 argc=4 frame=0 real_wsp=70001FDA shadow_wsp=70001FE4 master_wfp=70001FE4 ret=70166E20 depth=1
hijack seq=001392 caller=QUEST2 WRTN  DIST                 area_wfp=780036A4 ret_pc=70168732 real_wsp=70001FD0 (was 78003690) shadow_wsp=70001FD0 master_wfp=70001FE4 depth=0
hijack seq=001394 caller=QUEST2 WSAVS DIST                 pc=70168717 area_wfp=780036A4 argc=4 frame=0 real_wsp=70001FDA shadow_wsp=70001FE4 master_wfp=70001FE4 ret=70166E20 depth=1
hijack seq=001396 caller=QUEST2 WRTN  DIST                 area_wfp=780036A4 ret_pc=70168732 real_wsp=70001FD0 (was 78003690) shadow_wsp=70001FD0 master_wfp=70001FE4 depth=0
hijack seq=001401 caller=QUEST2 WSAVS DIST                 pc=70168717 area_wfp=780036A4 argc=4 frame=0 real_wsp=70001FDA shadow_wsp=70001FE4 master_wfp=70001FE4 ret=70166E20 depth=1
hijack seq=001403 caller=QUEST2 WRTN  DIST                 area_wfp=780036A4 ret_pc=70168732 real_wsp=70001FD0 (was 78003690) shadow_wsp=70001FD0 master_wfp=70001FE4 depth=0
hijack seq=001405 caller=QUEST2 WSAVS DIST                 pc=70168717 area_wfp=780036A4 argc=4 frame=0 real_wsp=70001FDA shadow_wsp=70001FE4 master_wfp=70001FE4 ret=70166E20 depth=1
hijack seq=001407 caller=QUEST2 WRTN  DIST                 area_wfp=780036A4 ret_pc=70168732 real_wsp=70001FD0 (was 78003690) shadow_wsp=70001FD0 master_wfp=70001FE4 depth=0
hijack seq=001409 caller=QUEST2 WSAVS DIST                 pc=70168717 area_wfp=780036A4 argc=4 frame=0 real_wsp=70001FDA shadow_wsp=70001FE4 master_wfp=70001FE4 ret=70166E20 depth=1
hijack seq=001411 caller=QUEST2 WRTN  DIST                 area_wfp=780036A4 ret_pc=70168732 real_wsp=70001FD0 (was 78003690) shadow_wsp=70001FD0 master_wfp=70001FE4 depth=0
hijack seq=001415 caller=QUEST2 WSAVS DIST                 pc=70168717 area_wfp=780036A4 argc=4 frame=0 real_wsp=70001FDA shadow_wsp=70001FE4 master_wfp=70001FE4 ret=70166E20 depth=1
hijack seq=001417 caller=QUEST2 WRTN  DIST                 area_wfp=780036A4 ret_pc=70168732 real_wsp=70001FD0 (was 78003690) shadow_wsp=70001FD0 master_wfp=70001FE4 depth=0
hijack seq=001419 caller=QUEST2 WSAVS DIST                 pc=70168717 area_wfp=780036A4 argc=4 frame=0 real_wsp=70001FDA shadow_wsp=70001FE4 master_wfp=70001FE4 ret=70166E20 depth=1
hijack seq=001421 caller=QUEST2 WRTN  DIST                 area_wfp=780036A4 ret_pc=70168732 real_wsp=70001FD0 (was 78003690) shadow_wsp=70001FD0 master_wfp=70001FE4 depth=0
hijack seq=001424 caller=QUEST2 WSAVS DIST                 pc=70168717 area_wfp=780036A4 argc=4 frame=0 real_wsp=70001FDA shadow_wsp=70001FE4 master_wfp=70001FE4 ret=70166E20 depth=1
hijack seq=001426 caller=QUEST2 WRTN  DIST                 area_wfp=780036A4 ret_pc=70168732 real_wsp=70001FD0 (was 78003690) shadow_wsp=70001FD0 master_wfp=70001FE4 depth=0
hijack seq=001431 caller=QUEST2 WSAVS DIST                 pc=70168717 area_wfp=780036A4 argc=4 frame=0 real_wsp=70001FDA shadow_wsp=70001FE4 master_wfp=70001FE4 ret=70166E20 depth=1
hijack seq=001433 caller=QUEST2 WRTN  DIST                 area_wfp=780036A4 ret_pc=70168732 real_wsp=70001FD0 (was 78003690) shadow_wsp=70001FD0 master_wfp=70001FE4 depth=0
hijack seq=001435 caller=QUEST2 WSAVS DIST                 pc=70168717 area_wfp=780036A4 argc=4 frame=0 real_wsp=70001FDA shadow_wsp=70001FE4 master_wfp=70001FE4 ret=70166E20 depth=1
hijack seq=001437 caller=QUEST2 WRTN  DIST                 area_wfp=780036A4 ret_pc=70168732 real_wsp=70001FD0 (was 78003690) shadow_wsp=70001FD0 master_wfp=70001FE4 depth=0
hijack seq=001439 caller=QUEST2 WSAVS DIST                 pc=70168717 area_wfp=780036A4 argc=4 frame=0 real_wsp=70001FDA shadow_wsp=70001FE4 master_wfp=70001FE4 ret=70166E20 depth=1
hijack seq=001441 caller=QUEST2 WRTN  DIST                 area_wfp=780036A4 ret_pc=70168732 real_wsp=70001FD0 (was 78003690) shadow_wsp=70001FD0 master_wfp=70001FE4 depth=0
hijack seq=001445 caller=QUEST2 WSAVS DIST                 pc=70168717 area_wfp=780036A4 argc=4 frame=0 real_wsp=70001FDA shadow_wsp=70001FE4 master_wfp=70001FE4 ret=70166E20 depth=1
hijack seq=001447 caller=QUEST2 WRTN  DIST                 area_wfp=780036A4 ret_pc=70168732 real_wsp=70001FD0 (was 78003690) shadow_wsp=70001FD0 master_wfp=70001FE4 depth=0
hijack seq=001449 caller=QUEST2 WSAVS DIST                 pc=70168717 area_wfp=780036A4 argc=4 frame=0 real_wsp=70001FDA shadow_wsp=70001FE4 master_wfp=70001FE4 ret=70166E20 depth=1
hijack seq=001451 caller=QUEST2 WRTN  DIST                 area_wfp=780036A4 ret_pc=70168732 real_wsp=70001FD0 (was 78003690) shadow_wsp=70001FD0 master_wfp=70001FE4 depth=0
hijack seq=001454 caller=QUEST2 WSAVS DIST                 pc=70168717 area_wfp=780036A4 argc=4 frame=0 real_wsp=70001FDA shadow_wsp=70001FE4 master_wfp=70001FE4 ret=70166E20 depth=1
hijack seq=001456 caller=QUEST2 WRTN  DIST                 area_wfp=780036A4 ret_pc=70168732 real_wsp=70001FD0 (was 78003690) shadow_wsp=70001FD0 master_wfp=70001FE4 depth=0
hijack seq=001461 caller=QUEST2 WSAVS DIST                 pc=70168717 area_wfp=780036A4 argc=4 frame=0 real_wsp=70001FDA shadow_wsp=70001FE4 master_wfp=70001FE4 ret=70166E20 depth=1
hijack seq=001463 caller=QUEST2 WRTN  DIST                 area_wfp=780036A4 ret_pc=70168732 real_wsp=70001FD0 (was 78003690) shadow_wsp=70001FD0 master_wfp=70001FE4 depth=0
hijack seq=001465 caller=QUEST2 WSAVS DIST                 pc=70168717 area_wfp=780036A4 argc=4 frame=0 real_wsp=70001FDA shadow_wsp=70001FE4 master_wfp=70001FE4 ret=70166E20 depth=1
hijack seq=001467 caller=QUEST2 WRTN  DIST                 area_wfp=780036A4 ret_pc=70168732 real_wsp=70001FD0 (was 78003690) shadow_wsp=70001FD0 master_wfp=70001FE4 depth=0
hijack seq=001469 caller=QUEST2 WSAVS DIST                 pc=70168717 area_wfp=780036A4 argc=4 frame=0 real_wsp=70001FDA shadow_wsp=70001FE4 master_wfp=70001FE4 ret=70166E20 depth=1
hijack seq=001471 caller=QUEST2 WRTN  DIST                 area_wfp=780036A4 ret_pc=70168732 real_wsp=70001FD0 (was 78003690) shadow_wsp=70001FD0 master_wfp=70001FE4 depth=0
hijack seq=001475 caller=QUEST2 WSAVS DIST                 pc=70168717 area_wfp=780036A4 argc=4 frame=0 real_wsp=70001FDA shadow_wsp=70001FE4 master_wfp=70001FE4 ret=70166E20 depth=1
hijack seq=001477 caller=QUEST2 WRTN  DIST                 area_wfp=780036A4 ret_pc=70168732 real_wsp=70001FD0 (was 78003690) shadow_wsp=70001FD0 master_wfp=70001FE4 depth=0
hijack seq=001479 caller=QUEST2 WSAVS DIST                 pc=70168717 area_wfp=780036A4 argc=4 frame=0 real_wsp=70001FDA shadow_wsp=70001FE4 master_wfp=70001FE4 ret=70166E20 depth=1
hijack seq=001481 caller=QUEST2 WRTN  DIST                 area_wfp=780036A4 ret_pc=70168732 real_wsp=70001FD0 (was 78003690) shadow_wsp=70001FD0 master_wfp=70001FE4 depth=0
hijack seq=001484 caller=QUEST2 WSAVS DIST                 pc=70168717 area_wfp=780036A4 argc=4 frame=0 real_wsp=70001FDA shadow_wsp=70001FE4 master_wfp=70001FE4 ret=70166E20 depth=1
hijack seq=001486 caller=QUEST2 WRTN  DIST                 area_wfp=780036A4 ret_pc=70168732 real_wsp=70001FD0 (was 78003690) shadow_wsp=70001FD0 master_wfp=70001FE4 depth=0
hijack seq=001491 caller=QUEST2 WSAVS DIST                 pc=70168717 area_wfp=780036A4 argc=4 frame=0 real_wsp=70001FDA shadow_wsp=70001FE4 master_wfp=70001FE4 ret=70166E20 depth=1
hijack seq=001493 caller=QUEST2 WRTN  DIST                 area_wfp=780036A4 ret_pc=70168732 real_wsp=70001FD0 (was 78003690) shadow_wsp=70001FD0 master_wfp=70001FE4 depth=0
hijack seq=001495 caller=QUEST2 WSAVS DIST                 pc=70168717 area_wfp=780036A4 argc=4 frame=0 real_wsp=70001FDA shadow_wsp=70001FE4 master_wfp=70001FE4 ret=70166E20 depth=1
hijack seq=001497 caller=QUEST2 WRTN  DIST                 area_wfp=780036A4 ret_pc=70168732 real_wsp=70001FD0 (was 78003690) shadow_wsp=70001FD0 master_wfp=70001FE4 depth=0
hijack seq=001499 caller=QUEST2 WSAVS DIST                 pc=70168717 area_wfp=780036A4 argc=4 frame=0 real_wsp=70001FDA shadow_wsp=70001FE4 master_wfp=70001FE4 ret=70166E20 depth=1
hijack seq=001501 caller=QUEST2 WRTN  DIST                 area_wfp=780036A4 ret_pc=70168732 real_wsp=70001FD0 (was 78003690) shadow_wsp=70001FD0 master_wfp=70001FE4 depth=0
hijack seq=001505 caller=QUEST2 WSAVS DIST                 pc=70168717 area_wfp=780036A4 argc=4 frame=0 real_wsp=70001FDA shadow_wsp=70001FE4 master_wfp=70001FE4 ret=70166E20 depth=1
hijack seq=001507 caller=QUEST2 WRTN  DIST                 area_wfp=780036A4 ret_pc=70168732 real_wsp=70001FD0 (was 78003690) shadow_wsp=70001FD0 master_wfp=70001FE4 depth=0
hijack seq=001509 caller=QUEST2 WSAVS DIST                 pc=70168717 area_wfp=780036A4 argc=4 frame=0 real_wsp=70001FDA shadow_wsp=70001FE4 master_wfp=70001FE4 ret=70166E20 depth=1
hijack seq=001511 caller=QUEST2 WRTN  DIST                 area_wfp=780036A4 ret_pc=70168732 real_wsp=70001FD0 (was 78003690) shadow_wsp=70001FD0 master_wfp=70001FE4 depth=0
hijack seq=001514 caller=QUEST2 WSAVS DIST                 pc=70168717 area_wfp=780036A4 argc=4 frame=0 real_wsp=70001FDA shadow_wsp=70001FE4 master_wfp=70001FE4 ret=70166E20 depth=1
hijack seq=001516 caller=QUEST2 WRTN  DIST                 area_wfp=780036A4 ret_pc=70168732 real_wsp=70001FD0 (was 78003690) shadow_wsp=70001FD0 master_wfp=70001FE4 depth=0
hijack seq=001521 caller=QUEST2 WSAVS DIST                 pc=70168717 area_wfp=780036A4 argc=4 frame=0 real_wsp=70001FDA shadow_wsp=70001FE4 master_wfp=70001FE4 ret=70166E20 depth=1
hijack seq=001523 caller=QUEST2 WRTN  DIST                 area_wfp=780036A4 ret_pc=70168732 real_wsp=70001FD0 (was 78003690) shadow_wsp=70001FD0 master_wfp=70001FE4 depth=0
hijack seq=001525 caller=QUEST2 WSAVS DIST                 pc=70168717 area_wfp=780036A4 argc=4 frame=0 real_wsp=70001FDA shadow_wsp=70001FE4 master_wfp=70001FE4 ret=70166E20 depth=1
hijack seq=001527 caller=QUEST2 WRTN  DIST                 area_wfp=780036A4 ret_pc=70168732 real_wsp=70001FD0 (was 78003690) shadow_wsp=70001FD0 master_wfp=70001FE4 depth=0
hijack seq=001529 caller=QUEST2 WSAVS DIST                 pc=70168717 area_wfp=780036A4 argc=4 frame=0 real_wsp=70001FDA shadow_wsp=70001FE4 master_wfp=70001FE4 ret=70166E20 depth=1
hijack seq=001531 caller=QUEST2 WRTN  DIST                 area_wfp=780036A4 ret_pc=70168732 real_wsp=70001FD0 (was 78003690) shadow_wsp=70001FD0 master_wfp=70001FE4 depth=0
hijack seq=001535 caller=QUEST2 WSAVS DIST                 pc=70168717 area_wfp=780036A4 argc=4 frame=0 real_wsp=70001FDA shadow_wsp=70001FE4 master_wfp=70001FE4 ret=70166E20 depth=1
hijack seq=001537 caller=QUEST2 WRTN  DIST                 area_wfp=780036A4 ret_pc=70168732 real_wsp=70001FD0 (was 78003690) shadow_wsp=70001FD0 master_wfp=70001FE4 depth=0
hijack seq=001539 caller=QUEST2 WSAVS DIST                 pc=70168717 area_wfp=780036A4 argc=4 frame=0 real_wsp=70001FDA shadow_wsp=70001FE4 master_wfp=70001FE4 ret=70166E20 depth=1
hijack seq=001541 caller=QUEST2 WRTN  DIST                 area_wfp=780036A4 ret_pc=70168732 real_wsp=70001FD0 (was 78003690) shadow_wsp=70001FD0 master_wfp=70001FE4 depth=0
hijack seq=001544 caller=QUEST2 WSAVS DIST                 pc=70168717 area_wfp=780036A4 argc=4 frame=0 real_wsp=70001FDA shadow_wsp=70001FE4 master_wfp=70001FE4 ret=70166E20 depth=1
hijack seq=001546 caller=QUEST2 WRTN  DIST                 area_wfp=780036A4 ret_pc=70168732 real_wsp=70001FD0 (was 78003690) shadow_wsp=70001FD0 master_wfp=70001FE4 depth=0
hijack seq=001551 caller=QUEST2 WSAVS DIST                 pc=70168717 area_wfp=780036A4 argc=4 frame=0 real_wsp=70001FDA shadow_wsp=70001FE4 master_wfp=70001FE4 ret=70166E20 depth=1
hijack seq=001553 caller=QUEST2 WRTN  DIST                 area_wfp=780036A4 ret_pc=70168732 real_wsp=70001FD0 (was 78003690) shadow_wsp=70001FD0 master_wfp=70001FE4 depth=0
hijack seq=001555 caller=QUEST2 WSAVS DIST                 pc=70168717 area_wfp=780036A4 argc=4 frame=0 real_wsp=70001FDA shadow_wsp=70001FE4 master_wfp=70001FE4 ret=70166E20 depth=1
hijack seq=001557 caller=QUEST2 WRTN  DIST                 area_wfp=780036A4 ret_pc=70168732 real_wsp=70001FD0 (was 78003690) shadow_wsp=70001FD0 master_wfp=70001FE4 depth=0
hijack seq=001559 caller=QUEST2 WSAVS DIST                 pc=70168717 area_wfp=780036A4 argc=4 frame=0 real_wsp=70001FDA shadow_wsp=70001FE4 master_wfp=70001FE4 ret=70166E20 depth=1
hijack seq=001561 caller=QUEST2 WRTN  DIST                 area_wfp=780036A4 ret_pc=70168732 real_wsp=70001FD0 (was 78003690) shadow_wsp=70001FD0 master_wfp=70001FE4 depth=0
hijack seq=001564 caller=QUEST2 WSAVS DIST                 pc=70168717 area_wfp=780036A4 argc=4 frame=0 real_wsp=70001FDA shadow_wsp=70001FE4 master_wfp=70001FE4 ret=70166E20 depth=1
hijack seq=001566 caller=QUEST2 WRTN  DIST                 area_wfp=780036A4 ret_pc=70168732 real_wsp=70001FD0 (was 78003690) shadow_wsp=70001FD0 master_wfp=70001FE4 depth=0
hijack seq=001570 caller=QUEST2 WSAVS DIST                 pc=70168717 area_wfp=780036A4 argc=4 frame=0 real_wsp=70001FDA shadow_wsp=70001FE4 master_wfp=70001FE4 ret=70166E20 depth=1
hijack seq=001572 caller=QUEST2 WRTN  DIST                 area_wfp=780036A4 ret_pc=70168732 real_wsp=70001FD0 (was 78003690) shadow_wsp=70001FD0 master_wfp=70001FE4 depth=0
hijack seq=001574 caller=QUEST2 WSAVS DIST                 pc=70168717 area_wfp=780036A4 argc=4 frame=0 real_wsp=70001FDA shadow_wsp=70001FE4 master_wfp=70001FE4 ret=70166E20 depth=1
hijack seq=001576 caller=QUEST2 WRTN  DIST                 area_wfp=780036A4 ret_pc=70168732 real_wsp=70001FD0 (was 78003690) shadow_wsp=70001FD0 master_wfp=70001FE4 depth=0
hijack seq=001581 caller=QUEST2 WSAVS DIST                 pc=70168717 area_wfp=780036A4 argc=4 frame=0 real_wsp=70001FDA shadow_wsp=70001FE4 master_wfp=70001FE4 ret=70166E20 depth=1
hijack seq=001583 caller=QUEST2 WRTN  DIST                 area_wfp=780036A4 ret_pc=70168732 real_wsp=70001FD0 (was 78003690) shadow_wsp=70001FD0 master_wfp=70001FE4 depth=0
hijack seq=001585 caller=QUEST2 WSAVS DIST                 pc=70168717 area_wfp=780036A4 argc=4 frame=0 real_wsp=70001FDA shadow_wsp=70001FE4 master_wfp=70001FE4 ret=70166E20 depth=1
hijack seq=001587 caller=QUEST2 WRTN  DIST                 area_wfp=780036A4 ret_pc=70168732 real_wsp=70001FD0 (was 78003690) shadow_wsp=70001FD0 master_wfp=70001FE4 depth=0
hijack seq=001589 caller=QUEST2 WSAVS DIST                 pc=70168717 area_wfp=780036A4 argc=4 frame=0 real_wsp=70001FDA shadow_wsp=70001FE4 master_wfp=70001FE4 ret=70166E20 depth=1
hijack seq=001591 caller=QUEST2 WRTN  DIST                 area_wfp=780036A4 ret_pc=70168732 real_wsp=70001FD0 (was 78003690) shadow_wsp=70001FD0 master_wfp=70001FE4 depth=0
hijack seq=001594 caller=QUEST2 WSAVS DIST                 pc=70168717 area_wfp=780036A4 argc=4 frame=0 real_wsp=70001FDA shadow_wsp=70001FE4 master_wfp=70001FE4 ret=70166E20 depth=1
hijack seq=001596 caller=QUEST2 WRTN  DIST                 area_wfp=780036A4 ret_pc=70168732 real_wsp=70001FD0 (was 78003690) shadow_wsp=70001FD0 master_wfp=70001FE4 depth=0
hijack seq=001600 caller=QUEST2 WSAVS DIST                 pc=70168717 area_wfp=780036A4 argc=4 frame=0 real_wsp=70001FDA shadow_wsp=70001FE4 master_wfp=70001FE4 ret=70166E20 depth=1
hijack seq=001602 caller=QUEST2 WRTN  DIST                 area_wfp=780036A4 ret_pc=70168732 real_wsp=70001FD0 (was 78003690) shadow_wsp=70001FD0 master_wfp=70001FE4 depth=0
hijack seq=001604 caller=QUEST2 WSAVS DIST                 pc=70168717 area_wfp=780036A4 argc=4 frame=0 real_wsp=70001FDA shadow_wsp=70001FE4 master_wfp=70001FE4 ret=70166E20 depth=1
hijack seq=001606 caller=QUEST2 WRTN  DIST                 area_wfp=780036A4 ret_pc=70168732 real_wsp=70001FD0 (was 78003690) shadow_wsp=70001FD0 master_wfp=70001FE4 depth=0
hijack seq=001611 caller=QUEST2 WSAVS DIST                 pc=70168717 area_wfp=780036A4 argc=4 frame=0 real_wsp=70001FDA shadow_wsp=70001FE4 master_wfp=70001FE4 ret=70166E20 depth=1
hijack seq=001613 caller=QUEST2 WRTN  DIST                 area_wfp=780036A4 ret_pc=70168732 real_wsp=70001FD0 (was 78003690) shadow_wsp=70001FD0 master_wfp=70001FE4 depth=0
hijack seq=001615 caller=QUEST2 WSAVS DIST                 pc=70168717 area_wfp=780036A4 argc=4 frame=0 real_wsp=70001FDA shadow_wsp=70001FE4 master_wfp=70001FE4 ret=70166E20 depth=1
hijack seq=001617 caller=QUEST2 WRTN  DIST                 area_wfp=780036A4 ret_pc=70168732 real_wsp=70001FD0 (was 78003690) shadow_wsp=70001FD0 master_wfp=70001FE4 depth=0
hijack seq=001619 caller=QUEST2 WSAVS DIST                 pc=70168717 area_wfp=780036A4 argc=4 frame=0 real_wsp=70001FDA shadow_wsp=70001FE4 master_wfp=70001FE4 ret=70166E20 depth=1
hijack seq=001621 caller=QUEST2 WRTN  DIST                 area_wfp=780036A4 ret_pc=70168732 real_wsp=70001FD0 (was 78003690) shadow_wsp=70001FD0 master_wfp=70001FE4 depth=0
hijack seq=001624 caller=QUEST2 WSAVS DIST                 pc=70168717 area_wfp=780036A4 argc=4 frame=0 real_wsp=70001FDA shadow_wsp=70001FE4 master_wfp=70001FE4 ret=70166E20 depth=1
hijack seq=001626 caller=QUEST2 WRTN  DIST                 area_wfp=780036A4 ret_pc=70168732 real_wsp=70001FD0 (was 78003690) shadow_wsp=70001FD0 master_wfp=70001FE4 depth=0
hijack seq=001630 caller=QUEST2 WSAVS DIST                 pc=70168717 area_wfp=780036A4 argc=4 frame=0 real_wsp=70001FDA shadow_wsp=70001FE4 master_wfp=70001FE4 ret=70166E20 depth=1
hijack seq=001632 caller=QUEST2 WRTN  DIST                 area_wfp=780036A4 ret_pc=70168732 real_wsp=70001FD0 (was 78003690) shadow_wsp=70001FD0 master_wfp=70001FE4 depth=0
hijack seq=001634 caller=QUEST2 WSAVS DIST                 pc=70168717 area_wfp=780036A4 argc=4 frame=0 real_wsp=70001FDA shadow_wsp=70001FE4 master_wfp=70001FE4 ret=70166E20 depth=1
hijack seq=001636 caller=QUEST2 WRTN  DIST                 area_wfp=780036A4 ret_pc=70168732 real_wsp=70001FD0 (was 78003690) shadow_wsp=70001FD0 master_wfp=70001FE4 depth=0
hijack seq=001641 caller=QUEST2 WSAVS DIST                 pc=70168717 area_wfp=780036A4 argc=4 frame=0 real_wsp=70001FDA shadow_wsp=70001FE4 master_wfp=70001FE4 ret=70166E20 depth=1
hijack seq=001643 caller=QUEST2 WRTN  DIST                 area_wfp=780036A4 ret_pc=70168732 real_wsp=70001FD0 (was 78003690) shadow_wsp=70001FD0 master_wfp=70001FE4 depth=0
hijack seq=001645 caller=QUEST2 WSAVS DIST                 pc=70168717 area_wfp=780036A4 argc=4 frame=0 real_wsp=70001FDA shadow_wsp=70001FE4 master_wfp=70001FE4 ret=70166E20 depth=1
hijack seq=001647 caller=QUEST2 WRTN  DIST                 area_wfp=780036A4 ret_pc=70168732 real_wsp=70001FD0 (was 78003690) shadow_wsp=70001FD0 master_wfp=70001FE4 depth=0
hijack seq=001649 caller=QUEST2 WSAVS DIST                 pc=70168717 area_wfp=780036A4 argc=4 frame=0 real_wsp=70001FDA shadow_wsp=70001FE4 master_wfp=70001FE4 ret=70166E20 depth=1
hijack seq=001651 caller=QUEST2 WRTN  DIST                 area_wfp=780036A4 ret_pc=70168732 real_wsp=70001FD0 (was 78003690) shadow_wsp=70001FD0 master_wfp=70001FE4 depth=0
hijack seq=001654 caller=QUEST2 WSAVS DIST                 pc=70168717 area_wfp=780036A4 argc=4 frame=0 real_wsp=70001FDA shadow_wsp=70001FE4 master_wfp=70001FE4 ret=70166E20 depth=1
hijack seq=001656 caller=QUEST2 WRTN  DIST                 area_wfp=780036A4 ret_pc=70168732 real_wsp=70001FD0 (was 78003690) shadow_wsp=70001FD0 master_wfp=70001FE4 depth=0
hijack seq=001660 caller=QUEST2 WSAVS DIST                 pc=70168717 area_wfp=780036A4 argc=4 frame=0 real_wsp=70001FDA shadow_wsp=70001FE4 master_wfp=70001FE4 ret=70166E20 depth=1
hijack seq=001662 caller=QUEST2 WRTN  DIST                 area_wfp=780036A4 ret_pc=70168732 real_wsp=70001FD0 (was 78003690) shadow_wsp=70001FD0 master_wfp=70001FE4 depth=0
hijack seq=001664 caller=QUEST2 WSAVS DIST                 pc=70168717 area_wfp=780036A4 argc=4 frame=0 real_wsp=70001FDA shadow_wsp=70001FE4 master_wfp=70001FE4 ret=70166E20 depth=1
hijack seq=001666 caller=QUEST2 WRTN  DIST                 area_wfp=780036A4 ret_pc=70168732 real_wsp=70001FD0 (was 78003690) shadow_wsp=70001FD0 master_wfp=70001FE4 depth=0
hijack seq=001671 caller=QUEST2 WSAVS DIST                 pc=70168717 area_wfp=780036A4 argc=4 frame=0 real_wsp=70001FDA shadow_wsp=70001FE4 master_wfp=70001FE4 ret=70166E20 depth=1
hijack seq=001673 caller=QUEST2 WRTN  DIST                 area_wfp=780036A4 ret_pc=70168732 real_wsp=70001FD0 (was 78003690) shadow_wsp=70001FD0 master_wfp=70001FE4 depth=0
hijack seq=001675 caller=QUEST2 WSAVS DIST                 pc=70168717 area_wfp=780036A4 argc=4 frame=0 real_wsp=70001FDA shadow_wsp=70001FE4 master_wfp=70001FE4 ret=70166E20 depth=1
hijack seq=001677 caller=QUEST2 WRTN  DIST                 area_wfp=780036A4 ret_pc=70168732 real_wsp=70001FD0 (was 78003690) shadow_wsp=70001FD0 master_wfp=70001FE4 depth=0
hijack seq=001679 caller=QUEST2 WSAVS DIST                 pc=70168717 area_wfp=780036A4 argc=4 frame=0 real_wsp=70001FDA shadow_wsp=70001FE4 master_wfp=70001FE4 ret=70166E20 depth=1
hijack seq=001681 caller=QUEST2 WRTN  DIST                 area_wfp=780036A4 ret_pc=70168732 real_wsp=70001FD0 (was 78003690) shadow_wsp=70001FD0 master_wfp=70001FE4 depth=0
hijack seq=001684 caller=QUEST2 WSAVS DIST                 pc=70168717 area_wfp=780036A4 argc=4 frame=0 real_wsp=70001FDA shadow_wsp=70001FE4 master_wfp=70001FE4 ret=70166E20 depth=1
hijack seq=001686 caller=QUEST2 WRTN  DIST                 area_wfp=780036A4 ret_pc=70168732 real_wsp=70001FD0 (was 78003690) shadow_wsp=70001FD0 master_wfp=70001FE4 depth=0
hijack seq=001690 caller=QUEST2 WSAVS DIST                 pc=70168717 area_wfp=780036A4 argc=4 frame=0 real_wsp=70001FDA shadow_wsp=70001FE4 master_wfp=70001FE4 ret=70166E20 depth=1
hijack seq=001692 caller=QUEST2 WRTN  DIST                 area_wfp=780036A4 ret_pc=70168732 real_wsp=70001FD0 (was 78003690) shadow_wsp=70001FD0 master_wfp=70001FE4 depth=0
hijack seq=001694 caller=QUEST2 WSAVS DIST                 pc=70168717 area_wfp=780036A4 argc=4 frame=0 real_wsp=70001FDA shadow_wsp=70001FE4 master_wfp=70001FE4 ret=70166E20 depth=1
hijack seq=001696 caller=QUEST2 WRTN  DIST                 area_wfp=780036A4 ret_pc=70168732 real_wsp=70001FD0 (was 78003690) shadow_wsp=70001FD0 master_wfp=70001FE4 depth=0
hijack seq=001701 caller=QUEST2 WSAVS DIST                 pc=70168717 area_wfp=780036A4 argc=4 frame=0 real_wsp=70001FDA shadow_wsp=70001FE4 master_wfp=70001FE4 ret=70166E20 depth=1
hijack seq=001703 caller=QUEST2 WRTN  DIST                 area_wfp=780036A4 ret_pc=70168732 real_wsp=70001FD0 (was 78003690) shadow_wsp=70001FD0 master_wfp=70001FE4 depth=0
hijack seq=001705 caller=QUEST2 WSAVS DIST                 pc=70168717 area_wfp=780036A4 argc=4 frame=0 real_wsp=70001FDA shadow_wsp=70001FE4 master_wfp=70001FE4 ret=70166E20 depth=1
hijack seq=001707 caller=QUEST2 WRTN  DIST                 area_wfp=780036A4 ret_pc=70168732 real_wsp=70001FD0 (was 78003690) shadow_wsp=70001FD0 master_wfp=70001FE4 depth=0
hijack seq=001709 caller=QUEST2 WSAVS DIST                 pc=70168717 area_wfp=780036A4 argc=4 frame=0 real_wsp=70001FDA shadow_wsp=70001FE4 master_wfp=70001FE4 ret=70166E20 depth=1
hijack seq=001711 caller=QUEST2 WRTN  DIST                 area_wfp=780036A4 ret_pc=70168732 real_wsp=70001FD0 (was 78003690) shadow_wsp=70001FD0 master_wfp=70001FE4 depth=0
hijack seq=001714 caller=QUEST2 WSAVS DIST                 pc=70168717 area_wfp=780036A4 argc=4 frame=0 real_wsp=70001FDA shadow_wsp=70001FE4 master_wfp=70001FE4 ret=70166E20 depth=1
hijack seq=001716 caller=QUEST2 WRTN  DIST                 area_wfp=780036A4 ret_pc=70168732 real_wsp=70001FD0 (was 78003690) shadow_wsp=70001FD0 master_wfp=70001FE4 depth=0
hijack seq=001720 caller=QUEST2 WSAVS DIST                 pc=70168717 area_wfp=780036A4 argc=4 frame=0 real_wsp=70001FDA shadow_wsp=70001FE4 master_wfp=70001FE4 ret=70166E20 depth=1
hijack seq=001722 caller=QUEST2 WRTN  DIST                 area_wfp=780036A4 ret_pc=70168732 real_wsp=70001FD0 (was 78003690) shadow_wsp=70001FD0 master_wfp=70001FE4 depth=0
hijack seq=001724 caller=QUEST2 WSAVS DIST                 pc=70168717 area_wfp=780036A4 argc=4 frame=0 real_wsp=70001FDA shadow_wsp=70001FE4 master_wfp=70001FE4 ret=70166E20 depth=1
hijack seq=001726 caller=QUEST2 WRTN  DIST                 area_wfp=780036A4 ret_pc=70168732 real_wsp=70001FD0 (was 78003690) shadow_wsp=70001FD0 master_wfp=70001FE4 depth=0
hijack seq=001731 caller=QUEST2 WSAVS DIST                 pc=70168717 area_wfp=780036A4 argc=4 frame=0 real_wsp=70001FDA shadow_wsp=70001FE4 master_wfp=70001FE4 ret=70166E20 depth=1
hijack seq=001733 caller=QUEST2 WRTN  DIST                 area_wfp=780036A4 ret_pc=70168732 real_wsp=70001FD0 (was 78003690) shadow_wsp=70001FD0 master_wfp=70001FE4 depth=0
hijack seq=001735 caller=QUEST2 WSAVS DIST                 pc=70168717 area_wfp=780036A4 argc=4 frame=0 real_wsp=70001FDA shadow_wsp=70001FE4 master_wfp=70001FE4 ret=70166E20 depth=1
hijack seq=001737 caller=QUEST2 WRTN  DIST                 area_wfp=780036A4 ret_pc=70168732 real_wsp=70001FD0 (was 78003690) shadow_wsp=70001FD0 master_wfp=70001FE4 depth=0
hijack seq=001739 caller=QUEST2 WSAVS DIST                 pc=70168717 area_wfp=780036A4 argc=4 frame=0 real_wsp=70001FDA shadow_wsp=70001FE4 master_wfp=70001FE4 ret=70166E20 depth=1
hijack seq=001741 caller=QUEST2 WRTN  DIST                 area_wfp=780036A4 ret_pc=70168732 real_wsp=70001FD0 (was 78003690) shadow_wsp=70001FD0 master_wfp=70001FE4 depth=0
hijack seq=001746 caller=QUEST2 WSAVS DIST                 pc=70168717 area_wfp=780036A4 argc=4 frame=0 real_wsp=70001FDA shadow_wsp=70001FE4 master_wfp=70001FE4 ret=70166E20 depth=1
hijack seq=001748 caller=QUEST2 WRTN  DIST                 area_wfp=780036A4 ret_pc=70168732 real_wsp=70001FD0 (was 78003690) shadow_wsp=70001FD0 master_wfp=70001FE4 depth=0
hijack seq=001750 caller=QUEST2 WSAVS DIST                 pc=70168717 area_wfp=780036A4 argc=4 frame=0 real_wsp=70001FDA shadow_wsp=70001FE4 master_wfp=70001FE4 ret=70166E20 depth=1
hijack seq=001752 caller=QUEST2 WRTN  DIST                 area_wfp=780036A4 ret_pc=70168732 real_wsp=70001FD0 (was 78003690) shadow_wsp=70001FD0 master_wfp=70001FE4 depth=0
hijack seq=001754 caller=QUEST2 WSAVS DIST                 pc=70168717 area_wfp=780036A4 argc=4 frame=0 real_wsp=70001FDA shadow_wsp=70001FE4 master_wfp=70001FE4 ret=70166E20 depth=1
hijack seq=001756 caller=QUEST2 WRTN  DIST                 area_wfp=780036A4 ret_pc=70168732 real_wsp=70001FD0 (was 78003690) shadow_wsp=70001FD0 master_wfp=70001FE4 depth=0
hijack seq=001761 caller=QUEST2 WSAVS DIST                 pc=70168717 area_wfp=780036A4 argc=4 frame=0 real_wsp=70001FDA shadow_wsp=70001FE4 master_wfp=70001FE4 ret=70166E20 depth=1
hijack seq=001763 caller=QUEST2 WRTN  DIST                 area_wfp=780036A4 ret_pc=70168732 real_wsp=70001FD0 (was 78003690) shadow_wsp=70001FD0 master_wfp=70001FE4 depth=0
hijack seq=001765 caller=QUEST2 WSAVS DIST                 pc=70168717 area_wfp=780036A4 argc=4 frame=0 real_wsp=70001FDA shadow_wsp=70001FE4 master_wfp=70001FE4 ret=70166E20 depth=1
hijack seq=001767 caller=QUEST2 WRTN  DIST                 area_wfp=780036A4 ret_pc=70168732 real_wsp=70001FD0 (was 78003690) shadow_wsp=70001FD0 master_wfp=70001FE4 depth=0
hijack seq=001769 caller=QUEST2 WSAVS DIST                 pc=70168717 area_wfp=780036A4 argc=4 frame=0 real_wsp=70001FDA shadow_wsp=70001FE4 master_wfp=70001FE4 ret=70166E20 depth=1
hijack seq=001771 caller=QUEST2 WRTN  DIST                 area_wfp=780036A4 ret_pc=70168732 real_wsp=70001FD0 (was 78003690) shadow_wsp=70001FD0 master_wfp=70001FE4 depth=0
hijack seq=001776 caller=QUEST2 WSAVS DIST                 pc=70168717 area_wfp=780036A4 argc=4 frame=0 real_wsp=70001FDA shadow_wsp=70001FE4 master_wfp=70001FE4 ret=70166E20 depth=1
hijack seq=001778 caller=QUEST2 WRTN  DIST                 area_wfp=780036A4 ret_pc=70168732 real_wsp=70001FD0 (was 78003690) shadow_wsp=70001FD0 master_wfp=70001FE4 depth=0
hijack seq=001780 caller=QUEST2 WSAVS DIST                 pc=70168717 area_wfp=780036A4 argc=4 frame=0 real_wsp=70001FDA shadow_wsp=70001FE4 master_wfp=70001FE4 ret=70166E20 depth=1
hijack seq=001782 caller=QUEST2 WRTN  DIST                 area_wfp=780036A4 ret_pc=70168732 real_wsp=70001FD0 (was 78003690) shadow_wsp=70001FD0 master_wfp=70001FE4 depth=0
hijack seq=001784 caller=QUEST2 WSAVS DIST                 pc=70168717 area_wfp=780036A4 argc=4 frame=0 real_wsp=70001FDA shadow_wsp=70001FE4 master_wfp=70001FE4 ret=70166E20 depth=1
hijack seq=001786 caller=QUEST2 WRTN  DIST                 area_wfp=780036A4 ret_pc=70168732 real_wsp=70001FD0 (was 78003690) shadow_wsp=70001FD0 master_wfp=70001FE4 depth=0
hijack seq=001791 caller=QUEST2 WSAVS DIST                 pc=70168717 area_wfp=780036A4 argc=4 frame=0 real_wsp=70001FDA shadow_wsp=70001FE4 master_wfp=70001FE4 ret=70166E20 depth=1
hijack seq=001793 caller=QUEST2 WRTN  DIST                 area_wfp=780036A4 ret_pc=70168732 real_wsp=70001FD0 (was 78003690) shadow_wsp=70001FD0 master_wfp=70001FE4 depth=0
hijack seq=001795 caller=QUEST2 WSAVS DIST                 pc=70168717 area_wfp=780036A4 argc=4 frame=0 real_wsp=70001FDA shadow_wsp=70001FE4 master_wfp=70001FE4 ret=70166E20 depth=1
hijack seq=001797 caller=QUEST2 WRTN  DIST                 area_wfp=780036A4 ret_pc=70168732 real_wsp=70001FD0 (was 78003690) shadow_wsp=70001FD0 master_wfp=70001FE4 depth=0
hijack seq=001799 caller=QUEST2 WSAVS DIST                 pc=70168717 area_wfp=780036A4 argc=4 frame=0 real_wsp=70001FDA shadow_wsp=70001FE4 master_wfp=70001FE4 ret=70166E20 depth=1
hijack seq=001801 caller=QUEST2 WRTN  DIST                 area_wfp=780036A4 ret_pc=70168732 real_wsp=70001FD0 (was 78003690) shadow_wsp=70001FD0 master_wfp=70001FE4 depth=0
hijack seq=001806 caller=QUEST2 WSAVS DIST                 pc=70168717 area_wfp=780036A4 argc=4 frame=0 real_wsp=70001FDA shadow_wsp=70001FE4 master_wfp=70001FE4 ret=70166E20 depth=1
hijack seq=001808 caller=QUEST2 WRTN  DIST                 area_wfp=780036A4 ret_pc=70168732 real_wsp=70001FD0 (was 78003690) shadow_wsp=70001FD0 master_wfp=70001FE4 depth=0
hijack seq=001810 caller=QUEST2 WSAVS DIST                 pc=70168717 area_wfp=780036A4 argc=4 frame=0 real_wsp=70001FDA shadow_wsp=70001FE4 master_wfp=70001FE4 ret=70166E20 depth=1
hijack seq=001812 caller=QUEST2 WRTN  DIST                 area_wfp=780036A4 ret_pc=70168732 real_wsp=70001FD0 (was 78003690) shadow_wsp=70001FD0 master_wfp=70001FE4 depth=0
hijack seq=001814 caller=QUEST2 WSAVS DIST                 pc=70168717 area_wfp=780036A4 argc=4 frame=0 real_wsp=70001FDA shadow_wsp=70001FE4 master_wfp=70001FE4 ret=70166E20 depth=1
hijack seq=001816 caller=QUEST2 WRTN  DIST                 area_wfp=780036A4 ret_pc=70168732 real_wsp=70001FD0 (was 78003690) shadow_wsp=70001FD0 master_wfp=70001FE4 depth=0
hijack seq=001821 caller=QUEST2 WSAVS DIST                 pc=70168717 area_wfp=780036A4 argc=4 frame=0 real_wsp=70001FDA shadow_wsp=70001FE4 master_wfp=70001FE4 ret=70166E20 depth=1
hijack seq=001823 caller=QUEST2 WRTN  DIST                 area_wfp=780036A4 ret_pc=70168732 real_wsp=70001FD0 (was 78003690) shadow_wsp=70001FD0 master_wfp=70001FE4 depth=0
hijack seq=001825 caller=QUEST2 WSAVS DIST                 pc=70168717 area_wfp=780036A4 argc=4 frame=0 real_wsp=70001FDA shadow_wsp=70001FE4 master_wfp=70001FE4 ret=70166E20 depth=1
hijack seq=001827 caller=QUEST2 WRTN  DIST                 area_wfp=780036A4 ret_pc=70168732 real_wsp=70001FD0 (was 78003690) shadow_wsp=70001FD0 master_wfp=70001FE4 depth=0
hijack seq=001829 caller=QUEST2 WSAVS DIST                 pc=70168717 area_wfp=780036A4 argc=4 frame=0 real_wsp=70001FDA shadow_wsp=70001FE4 master_wfp=70001FE4 ret=70166E20 depth=1
hijack seq=001831 caller=QUEST2 WRTN  DIST                 area_wfp=780036A4 ret_pc=70168732 real_wsp=70001FD0 (was 78003690) shadow_wsp=70001FD0 master_wfp=70001FE4 depth=0
hijack seq=001836 caller=QUEST2 WSAVS DIST                 pc=70168717 area_wfp=780036A4 argc=4 frame=0 real_wsp=70001FDA shadow_wsp=70001FE4 master_wfp=70001FE4 ret=70166E20 depth=1
hijack seq=001838 caller=QUEST2 WRTN  DIST                 area_wfp=780036A4 ret_pc=70168732 real_wsp=70001FD0 (was 78003690) shadow_wsp=70001FD0 master_wfp=70001FE4 depth=0
hijack seq=001840 caller=QUEST2 WSAVS DIST                 pc=70168717 area_wfp=780036A4 argc=4 frame=0 real_wsp=70001FDA shadow_wsp=70001FE4 master_wfp=70001FE4 ret=70166E20 depth=1
hijack seq=001842 caller=QUEST2 WRTN  DIST                 area_wfp=780036A4 ret_pc=70168732 real_wsp=70001FD0 (was 78003690) shadow_wsp=70001FD0 master_wfp=70001FE4 depth=0
hijack seq=001844 caller=QUEST2 WSAVS DIST                 pc=70168717 area_wfp=780036A4 argc=4 frame=0 real_wsp=70001FDA shadow_wsp=70001FE4 master_wfp=70001FE4 ret=70166E20 depth=1
hijack seq=001846 caller=QUEST2 WRTN  DIST                 area_wfp=780036A4 ret_pc=70168732 real_wsp=70001FD0 (was 78003690) shadow_wsp=70001FD0 master_wfp=70001FE4 depth=0
hijack seq=001850 caller=QUEST2 WSAVS DIST                 pc=70168717 area_wfp=780036A4 argc=4 frame=0 real_wsp=70001FDA shadow_wsp=70001FE4 master_wfp=70001FE4 ret=70166E20 depth=1
hijack seq=001852 caller=QUEST2 WRTN  DIST                 area_wfp=780036A4 ret_pc=70168732 real_wsp=70001FD0 (was 78003690) shadow_wsp=70001FD0 master_wfp=70001FE4 depth=0
hijack seq=001854 caller=QUEST2 WSAVS DIST                 pc=70168717 area_wfp=780036A4 argc=4 frame=0 real_wsp=70001FDA shadow_wsp=70001FE4 master_wfp=70001FE4 ret=70166E20 depth=1
hijack seq=001856 caller=QUEST2 WRTN  DIST                 area_wfp=780036A4 ret_pc=70168732 real_wsp=70001FD0 (was 78003690) shadow_wsp=70001FD0 master_wfp=70001FE4 depth=0
hijack seq=001859 caller=QUEST2 WSAVS DIST                 pc=70168717 area_wfp=780036A4 argc=4 frame=0 real_wsp=70001FDA shadow_wsp=70001FE4 master_wfp=70001FE4 ret=70166E20 depth=1
hijack seq=001861 caller=QUEST2 WRTN  DIST                 area_wfp=780036A4 ret_pc=70168732 real_wsp=70001FD0 (was 78003690) shadow_wsp=70001FD0 master_wfp=70001FE4 depth=0
hijack seq=001866 caller=QUEST2 WSAVS DIST                 pc=70168717 area_wfp=780036A4 argc=4 frame=0 real_wsp=70001FDA shadow_wsp=70001FE4 master_wfp=70001FE4 ret=70166E20 depth=1
hijack seq=001868 caller=QUEST2 WRTN  DIST                 area_wfp=780036A4 ret_pc=70168732 real_wsp=70001FD0 (was 78003690) shadow_wsp=70001FD0 master_wfp=70001FE4 depth=0
hijack seq=001870 caller=QUEST2 WSAVS DIST                 pc=70168717 area_wfp=780036A4 argc=4 frame=0 real_wsp=70001FDA shadow_wsp=70001FE4 master_wfp=70001FE4 ret=70166E20 depth=1
hijack seq=001872 caller=QUEST2 WRTN  DIST                 area_wfp=780036A4 ret_pc=70168732 real_wsp=70001FD0 (was 78003690) shadow_wsp=70001FD0 master_wfp=70001FE4 depth=0
hijack seq=001874 caller=QUEST2 WSAVS DIST                 pc=70168717 area_wfp=780036A4 argc=4 frame=0 real_wsp=70001FDA shadow_wsp=70001FE4 master_wfp=70001FE4 ret=70166E20 depth=1
hijack seq=001876 caller=QUEST2 WRTN  DIST                 area_wfp=780036A4 ret_pc=70168732 real_wsp=70001FD0 (was 78003690) shadow_wsp=70001FD0 master_wfp=70001FE4 depth=0
hijack seq=001880 caller=QUEST2 WSAVS DIST                 pc=70168717 area_wfp=780036A4 argc=4 frame=0 real_wsp=70001FDA shadow_wsp=70001FE4 master_wfp=70001FE4 ret=70166E20 depth=1
hijack seq=001882 caller=QUEST2 WRTN  DIST                 area_wfp=780036A4 ret_pc=70168732 real_wsp=70001FD0 (was 78003690) shadow_wsp=70001FD0 master_wfp=70001FE4 depth=0
hijack seq=001884 caller=QUEST2 WSAVS DIST                 pc=70168717 area_wfp=780036A4 argc=4 frame=0 real_wsp=70001FDA shadow_wsp=70001FE4 master_wfp=70001FE4 ret=70166E20 depth=1
hijack seq=001886 caller=QUEST2 WRTN  DIST                 area_wfp=780036A4 ret_pc=70168732 real_wsp=70001FD0 (was 78003690) shadow_wsp=70001FD0 master_wfp=70001FE4 depth=0
hijack seq=001889 caller=QUEST2 WSAVS DIST                 pc=70168717 area_wfp=780036A4 argc=4 frame=0 real_wsp=70001FDA shadow_wsp=70001FE4 master_wfp=70001FE4 ret=70166E20 depth=1
hijack seq=001891 caller=QUEST2 WRTN  DIST                 area_wfp=780036A4 ret_pc=70168732 real_wsp=70001FD0 (was 78003690) shadow_wsp=70001FD0 master_wfp=70001FE4 depth=0
hijack seq=001896 caller=QUEST2 WSAVS DIST                 pc=70168717 area_wfp=780036A4 argc=4 frame=0 real_wsp=70001FDA shadow_wsp=70001FE4 master_wfp=70001FE4 ret=70166E20 depth=1
hijack seq=001898 caller=QUEST2 WRTN  DIST                 area_wfp=780036A4 ret_pc=70168732 real_wsp=70001FD0 (was 78003690) shadow_wsp=70001FD0 master_wfp=70001FE4 depth=0
hijack seq=001900 caller=QUEST2 WSAVS DIST                 pc=70168717 area_wfp=780036A4 argc=4 frame=0 real_wsp=70001FDA shadow_wsp=70001FE4 master_wfp=70001FE4 ret=70166E20 depth=1
hijack seq=001902 caller=QUEST2 WRTN  DIST                 area_wfp=780036A4 ret_pc=70168732 real_wsp=70001FD0 (was 78003690) shadow_wsp=70001FD0 master_wfp=70001FE4 depth=0
hijack seq=001904 caller=QUEST2 WSAVS DIST                 pc=70168717 area_wfp=780036A4 argc=4 frame=0 real_wsp=70001FDA shadow_wsp=70001FE4 master_wfp=70001FE4 ret=70166E20 depth=1
hijack seq=001906 caller=QUEST2 WRTN  DIST                 area_wfp=780036A4 ret_pc=70168732 real_wsp=70001FD0 (was 78003690) shadow_wsp=70001FD0 master_wfp=70001FE4 depth=0
hijack seq=001909 caller=QUEST2 WSAVS DIST                 pc=70168717 area_wfp=780036A4 argc=4 frame=0 real_wsp=70001FDA shadow_wsp=70001FE4 master_wfp=70001FE4 ret=70166E20 depth=1
hijack seq=001911 caller=QUEST2 WRTN  DIST                 area_wfp=780036A4 ret_pc=70168732 real_wsp=70001FD0 (was 78003690) shadow_wsp=70001FD0 master_wfp=70001FE4 depth=0
hijack seq=001915 caller=QUEST2 WSAVS DIST                 pc=70168717 area_wfp=780036A4 argc=4 frame=0 real_wsp=70001FDA shadow_wsp=70001FE4 master_wfp=70001FE4 ret=70166E20 depth=1
hijack seq=001917 caller=QUEST2 WRTN  DIST                 area_wfp=780036A4 ret_pc=70168732 real_wsp=70001FD0 (was 78003690) shadow_wsp=70001FD0 master_wfp=70001FE4 depth=0
hijack seq=001919 caller=QUEST2 WSAVS DIST                 pc=70168717 area_wfp=780036A4 argc=4 frame=0 real_wsp=70001FDA shadow_wsp=70001FE4 master_wfp=70001FE4 ret=70166E20 depth=1
hijack seq=001921 caller=QUEST2 WRTN  DIST                 area_wfp=780036A4 ret_pc=70168732 real_wsp=70001FD0 (was 78003690) shadow_wsp=70001FD0 master_wfp=70001FE4 depth=0
hijack seq=001926 caller=QUEST2 WSAVS DIST                 pc=70168717 area_wfp=780036A4 argc=4 frame=0 real_wsp=70001FDA shadow_wsp=70001FE4 master_wfp=70001FE4 ret=70166E20 depth=1
hijack seq=001928 caller=QUEST2 WRTN  DIST                 area_wfp=780036A4 ret_pc=70168732 real_wsp=70001FD0 (was 78003690) shadow_wsp=70001FD0 master_wfp=70001FE4 depth=0
hijack seq=001930 caller=QUEST2 WSAVS DIST                 pc=70168717 area_wfp=780036A4 argc=4 frame=0 real_wsp=70001FDA shadow_wsp=70001FE4 master_wfp=70001FE4 ret=70166E20 depth=1
hijack seq=001932 caller=QUEST2 WRTN  DIST                 area_wfp=780036A4 ret_pc=70168732 real_wsp=70001FD0 (was 78003690) shadow_wsp=70001FD0 master_wfp=70001FE4 depth=0
hijack seq=001934 caller=QUEST2 WSAVS DIST                 pc=70168717 area_wfp=780036A4 argc=4 frame=0 real_wsp=70001FDA shadow_wsp=70001FE4 master_wfp=70001FE4 ret=70166E20 depth=1
hijack seq=001936 caller=QUEST2 WRTN  DIST                 area_wfp=780036A4 ret_pc=70168732 real_wsp=70001FD0 (was 78003690) shadow_wsp=70001FD0 master_wfp=70001FE4 depth=0
hijack seq=001939 caller=QUEST2 WSAVS DIST                 pc=70168717 area_wfp=780036A4 argc=4 frame=0 real_wsp=70001FDA shadow_wsp=70001FE4 master_wfp=70001FE4 ret=70166E20 depth=1
hijack seq=001941 caller=QUEST2 WRTN  DIST                 area_wfp=780036A4 ret_pc=70168732 real_wsp=70001FD0 (was 78003690) shadow_wsp=70001FD0 master_wfp=70001FE4 depth=0
hijack seq=001945 caller=QUEST2 WSAVS DIST                 pc=70168717 area_wfp=780036A4 argc=4 frame=0 real_wsp=70001FDA shadow_wsp=70001FE4 master_wfp=70001FE4 ret=70166E20 depth=1
hijack seq=001947 caller=QUEST2 WRTN  DIST                 area_wfp=780036A4 ret_pc=70168732 real_wsp=70001FD0 (was 78003690) shadow_wsp=70001FD0 master_wfp=70001FE4 depth=0
hijack seq=001949 caller=QUEST2 WSAVS DIST                 pc=70168717 area_wfp=780036A4 argc=4 frame=0 real_wsp=70001FDA shadow_wsp=70001FE4 master_wfp=70001FE4 ret=70166E20 depth=1
hijack seq=001951 caller=QUEST2 WRTN  DIST                 area_wfp=780036A4 ret_pc=70168732 real_wsp=70001FD0 (was 78003690) shadow_wsp=70001FD0 master_wfp=70001FE4 depth=0
hijack seq=001956 caller=QUEST2 WSAVS DIST                 pc=70168717 area_wfp=780036A4 argc=4 frame=0 real_wsp=70001FDA shadow_wsp=70001FE4 master_wfp=70001FE4 ret=70166E20 depth=1
hijack seq=001958 caller=QUEST2 WRTN  DIST                 area_wfp=780036A4 ret_pc=70168732 real_wsp=70001FD0 (was 78003690) shadow_wsp=70001FD0 master_wfp=70001FE4 depth=0
hijack seq=001960 caller=QUEST2 WSAVS DIST                 pc=70168717 area_wfp=780036A4 argc=4 frame=0 real_wsp=70001FDA shadow_wsp=70001FE4 master_wfp=70001FE4 ret=70166E20 depth=1
hijack seq=001962 caller=QUEST2 WRTN  DIST                 area_wfp=780036A4 ret_pc=70168732 real_wsp=70001FD0 (was 78003690) shadow_wsp=70001FD0 master_wfp=70001FE4 depth=0
hijack seq=001964 caller=QUEST2 WSAVS DIST                 pc=70168717 area_wfp=780036A4 argc=4 frame=0 real_wsp=70001FDA shadow_wsp=70001FE4 master_wfp=70001FE4 ret=70166E20 depth=1
hijack seq=001966 caller=QUEST2 WRTN  DIST                 area_wfp=780036A4 ret_pc=70168732 real_wsp=70001FD0 (was 78003690) shadow_wsp=70001FD0 master_wfp=70001FE4 depth=0
hijack seq=001969 caller=QUEST2 WSAVS DIST                 pc=70168717 area_wfp=780036A4 argc=4 frame=0 real_wsp=70001FDA shadow_wsp=70001FE4 master_wfp=70001FE4 ret=70166E20 depth=1
hijack seq=001971 caller=QUEST2 WRTN  DIST                 area_wfp=780036A4 ret_pc=70168732 real_wsp=70001FD0 (was 78003690) shadow_wsp=70001FD0 master_wfp=70001FE4 depth=0
hijack seq=001975 caller=QUEST2 WSAVS DIST                 pc=70168717 area_wfp=780036A4 argc=4 frame=0 real_wsp=70001FDA shadow_wsp=70001FE4 master_wfp=70001FE4 ret=70166E20 depth=1
hijack seq=001977 caller=QUEST2 WRTN  DIST                 area_wfp=780036A4 ret_pc=70168732 real_wsp=70001FD0 (was 78003690) shadow_wsp=70001FD0 master_wfp=70001FE4 depth=0
hijack seq=001979 caller=QUEST2 WSAVS DIST                 pc=70168717 area_wfp=780036A4 argc=4 frame=0 real_wsp=70001FDA shadow_wsp=70001FE4 master_wfp=70001FE4 ret=70166E20 depth=1
hijack seq=001981 caller=QUEST2 WRTN  DIST                 area_wfp=780036A4 ret_pc=70168732 real_wsp=70001FD0 (was 78003690) shadow_wsp=70001FD0 master_wfp=70001FE4 depth=0
hijack seq=001986 caller=QUEST2 WSAVS DIST                 pc=70168717 area_wfp=780036A4 argc=4 frame=0 real_wsp=70001FDA shadow_wsp=70001FE4 master_wfp=70001FE4 ret=70166E20 depth=1
hijack seq=001988 caller=QUEST2 WRTN  DIST                 area_wfp=780036A4 ret_pc=70168732 real_wsp=70001FD0 (was 78003690) shadow_wsp=70001FD0 master_wfp=70001FE4 depth=0
hijack seq=001990 caller=QUEST2 WSAVS DIST                 pc=70168717 area_wfp=780036A4 argc=4 frame=0 real_wsp=70001FDA shadow_wsp=70001FE4 master_wfp=70001FE4 ret=70166E20 depth=1
hijack seq=001992 caller=QUEST2 WRTN  DIST                 area_wfp=780036A4 ret_pc=70168732 real_wsp=70001FD0 (was 78003690) shadow_wsp=70001FD0 master_wfp=70001FE4 depth=0
hijack seq=001994 caller=QUEST2 WSAVS DIST                 pc=70168717 area_wfp=780036A4 argc=4 frame=0 real_wsp=70001FDA shadow_wsp=70001FE4 master_wfp=70001FE4 ret=70166E20 depth=1
hijack seq=001996 caller=QUEST2 WRTN  DIST                 area_wfp=780036A4 ret_pc=70168732 real_wsp=70001FD0 (was 78003690) shadow_wsp=70001FD0 master_wfp=70001FE4 depth=0
hijack seq=001999 caller=QUEST2 WSAVS DIST                 pc=70168717 area_wfp=780036A4 argc=4 frame=0 real_wsp=70001FDA shadow_wsp=70001FE4 master_wfp=70001FE4 ret=70166E20 depth=1
hijack seq=002001 caller=QUEST2 WRTN  DIST                 area_wfp=780036A4 ret_pc=70168732 real_wsp=70001FD0 (was 78003690) shadow_wsp=70001FD0 master_wfp=70001FE4 depth=0
hijack seq=002005 caller=QUEST2 WSAVS DIST                 pc=70168717 area_wfp=780036A4 argc=4 frame=0 real_wsp=70001FDA shadow_wsp=70001FE4 master_wfp=70001FE4 ret=70166E20 depth=1
hijack seq=002007 caller=QUEST2 WRTN  DIST                 area_wfp=780036A4 ret_pc=70168732 real_wsp=70001FD0 (was 78003690) shadow_wsp=70001FD0 master_wfp=70001FE4 depth=0
hijack seq=002009 caller=QUEST2 WSAVS DIST                 pc=70168717 area_wfp=780036A4 argc=4 frame=0 real_wsp=70001FDA shadow_wsp=70001FE4 master_wfp=70001FE4 ret=70166E20 depth=1
hijack seq=002011 caller=QUEST2 WRTN  DIST                 area_wfp=780036A4 ret_pc=70168732 real_wsp=70001FD0 (was 78003690) shadow_wsp=70001FD0 master_wfp=70001FE4 depth=0
hijack seq=002016 caller=QUEST2 WSAVS DIST                 pc=70168717 area_wfp=780036A4 argc=4 frame=0 real_wsp=70001FDA shadow_wsp=70001FE4 master_wfp=70001FE4 ret=70166E20 depth=1
hijack seq=002018 caller=QUEST2 WRTN  DIST                 area_wfp=780036A4 ret_pc=70168732 real_wsp=70001FD0 (was 78003690) shadow_wsp=70001FD0 master_wfp=70001FE4 depth=0
hijack seq=002020 caller=QUEST2 WSAVS DIST                 pc=70168717 area_wfp=780036A4 argc=4 frame=0 real_wsp=70001FDA shadow_wsp=70001FE4 master_wfp=70001FE4 ret=70166E20 depth=1
hijack seq=002022 caller=QUEST2 WRTN  DIST                 area_wfp=780036A4 ret_pc=70168732 real_wsp=70001FD0 (was 78003690) shadow_wsp=70001FD0 master_wfp=70001FE4 depth=0
hijack seq=002024 caller=QUEST2 WSAVS DIST                 pc=70168717 area_wfp=780036A4 argc=4 frame=0 real_wsp=70001FDA shadow_wsp=70001FE4 master_wfp=70001FE4 ret=70166E20 depth=1
hijack seq=002026 caller=QUEST2 WRTN  DIST                 area_wfp=780036A4 ret_pc=70168732 real_wsp=70001FD0 (was 78003690) shadow_wsp=70001FD0 master_wfp=70001FE4 depth=0
hijack seq=002029 caller=QUEST2 WSAVS DIST                 pc=70168717 area_wfp=780036A4 argc=4 frame=0 real_wsp=70001FDA shadow_wsp=70001FE4 master_wfp=70001FE4 ret=70166E20 depth=1
hijack seq=002031 caller=QUEST2 WRTN  DIST                 area_wfp=780036A4 ret_pc=70168732 real_wsp=70001FD0 (was 78003690) shadow_wsp=70001FD0 master_wfp=70001FE4 depth=0
hijack seq=002035 caller=QUEST2 WSAVS DIST                 pc=70168717 area_wfp=780036A4 argc=4 frame=0 real_wsp=70001FDA shadow_wsp=70001FE4 master_wfp=70001FE4 ret=70166E20 depth=1
hijack seq=002037 caller=QUEST2 WRTN  DIST                 area_wfp=780036A4 ret_pc=70168732 real_wsp=70001FD0 (was 78003690) shadow_wsp=70001FD0 master_wfp=70001FE4 depth=0
hijack seq=002039 caller=QUEST2 WSAVS DIST                 pc=70168717 area_wfp=780036A4 argc=4 frame=0 real_wsp=70001FDA shadow_wsp=70001FE4 master_wfp=70001FE4 ret=70166E20 depth=1
hijack seq=002041 caller=QUEST2 WRTN  DIST                 area_wfp=780036A4 ret_pc=70168732 real_wsp=70001FD0 (was 78003690) shadow_wsp=70001FD0 master_wfp=70001FE4 depth=0
hijack seq=002046 caller=QUEST2 WSAVS DIST                 pc=70168717 area_wfp=780036A4 argc=4 frame=0 real_wsp=70001FDA shadow_wsp=70001FE4 master_wfp=70001FE4 ret=70166E20 depth=1
hijack seq=002048 caller=QUEST2 WRTN  DIST                 area_wfp=780036A4 ret_pc=70168732 real_wsp=70001FD0 (was 78003690) shadow_wsp=70001FD0 master_wfp=70001FE4 depth=0
hijack seq=002050 caller=QUEST2 WSAVS DIST                 pc=70168717 area_wfp=780036A4 argc=4 frame=0 real_wsp=70001FDA shadow_wsp=70001FE4 master_wfp=70001FE4 ret=70166E20 depth=1
hijack seq=002052 caller=QUEST2 WRTN  DIST                 area_wfp=780036A4 ret_pc=70168732 real_wsp=70001FD0 (was 78003690) shadow_wsp=70001FD0 master_wfp=70001FE4 depth=0
hijack seq=002054 caller=QUEST2 WSAVS DIST                 pc=70168717 area_wfp=780036A4 argc=4 frame=0 real_wsp=70001FDA shadow_wsp=70001FE4 master_wfp=70001FE4 ret=70166E20 depth=1
hijack seq=002056 caller=QUEST2 WRTN  DIST                 area_wfp=780036A4 ret_pc=70168732 real_wsp=70001FD0 (was 78003690) shadow_wsp=70001FD0 master_wfp=70001FE4 depth=0
hijack seq=002419 caller=QUEST2 WSAVS OWNS                 pc=70175CBF area_wfp=78006B30 argc=2 frame=3 real_wsp=70001152 shadow_wsp=70001162 master_wfp=7000115C ret=7017853B depth=1
hijack seq=002420 caller=QUEST2 WRTN  OWNS                 area_wfp=78006B30 ret_pc=70175CEB real_wsp=7000114C (was 78006B20) shadow_wsp=7000114C master_wfp=7000115C depth=0
hijack seq=002457 caller=QUEST2 WSAVS DIST                 pc=70168717 area_wfp=780036A4 argc=4 frame=0 real_wsp=700015AA shadow_wsp=700015B4 master_wfp=700015B4 ret=70166B8A depth=1
hijack seq=002459 caller=QUEST2 WRTN  DIST                 area_wfp=780036A4 ret_pc=70168732 real_wsp=700015A0 (was 78003690) shadow_wsp=700015A0 master_wfp=700015B4 depth=0
hijack seq=002461 caller=QUEST2 WSAVS DIST                 pc=70168717 area_wfp=780036A4 argc=4 frame=0 real_wsp=700015AA shadow_wsp=700015B4 master_wfp=700015B4 ret=70166B8A depth=1
hijack seq=002463 caller=QUEST2 WRTN  DIST                 area_wfp=780036A4 ret_pc=70168732 real_wsp=700015A0 (was 78003690) shadow_wsp=700015A0 master_wfp=700015B4 depth=0
hijack seq=002465 caller=QUEST2 WSAVS DIST                 pc=70168717 area_wfp=780036A4 argc=4 frame=0 real_wsp=700015AA shadow_wsp=700015B4 master_wfp=700015B4 ret=70166B8A depth=1
hijack seq=002467 caller=QUEST2 WRTN  DIST                 area_wfp=780036A4 ret_pc=70168732 real_wsp=700015A0 (was 78003690) shadow_wsp=700015A0 master_wfp=700015B4 depth=0
hijack seq=002472 caller=QUEST2 WSAVS DIST                 pc=70168717 area_wfp=780036A4 argc=4 frame=0 real_wsp=700015AA shadow_wsp=700015B4 master_wfp=700015B4 ret=70166E20 depth=1
hijack seq=002474 caller=QUEST2 WRTN  DIST                 area_wfp=780036A4 ret_pc=70168732 real_wsp=700015A0 (was 78003690) shadow_wsp=700015A0 master_wfp=700015B4 depth=0
hijack seq=002476 caller=QUEST2 WSAVS DIST                 pc=70168717 area_wfp=780036A4 argc=4 frame=0 real_wsp=700015AA shadow_wsp=700015B4 master_wfp=700015B4 ret=70166E20 depth=1
hijack seq=002478 caller=QUEST2 WRTN  DIST                 area_wfp=780036A4 ret_pc=70168732 real_wsp=700015A0 (was 78003690) shadow_wsp=700015A0 master_wfp=700015B4 depth=0
hijack seq=002480 caller=QUEST2 WSAVS DIST                 pc=70168717 area_wfp=780036A4 argc=4 frame=0 real_wsp=700015AA shadow_wsp=700015B4 master_wfp=700015B4 ret=70166E20 depth=1
hijack seq=002482 caller=QUEST2 WRTN  DIST                 area_wfp=780036A4 ret_pc=70168732 real_wsp=700015A0 (was 78003690) shadow_wsp=700015A0 master_wfp=700015B4 depth=0
hijack seq=002487 caller=QUEST2 WSAVS DIST                 pc=70168717 area_wfp=780036A4 argc=4 frame=0 real_wsp=700015AA shadow_wsp=700015B4 master_wfp=700015B4 ret=70166E20 depth=1
hijack seq=002489 caller=QUEST2 WRTN  DIST                 area_wfp=780036A4 ret_pc=70168732 real_wsp=700015A0 (was 78003690) shadow_wsp=700015A0 master_wfp=700015B4 depth=0
hijack seq=002491 caller=QUEST2 WSAVS DIST                 pc=70168717 area_wfp=780036A4 argc=4 frame=0 real_wsp=700015AA shadow_wsp=700015B4 master_wfp=700015B4 ret=70166E20 depth=1
hijack seq=002493 caller=QUEST2 WRTN  DIST                 area_wfp=780036A4 ret_pc=70168732 real_wsp=700015A0 (was 78003690) shadow_wsp=700015A0 master_wfp=700015B4 depth=0
hijack seq=002495 caller=QUEST2 WSAVS DIST                 pc=70168717 area_wfp=780036A4 argc=4 frame=0 real_wsp=700015AA shadow_wsp=700015B4 master_wfp=700015B4 ret=70166E20 depth=1
hijack seq=002497 caller=QUEST2 WRTN  DIST                 area_wfp=780036A4 ret_pc=70168732 real_wsp=700015A0 (was 78003690) shadow_wsp=700015A0 master_wfp=700015B4 depth=0
hijack seq=002501 caller=QUEST2 WSAVS DIST                 pc=70168717 area_wfp=780036A4 argc=4 frame=0 real_wsp=700015AA shadow_wsp=700015B4 master_wfp=700015B4 ret=70166E20 depth=1
hijack seq=002503 caller=QUEST2 WRTN  DIST                 area_wfp=780036A4 ret_pc=70168732 real_wsp=700015A0 (was 78003690) shadow_wsp=700015A0 master_wfp=700015B4 depth=0
hijack seq=002505 caller=QUEST2 WSAVS DIST                 pc=70168717 area_wfp=780036A4 argc=4 frame=0 real_wsp=700015AA shadow_wsp=700015B4 master_wfp=700015B4 ret=70166E20 depth=1
hijack seq=002508 caller=QUEST2 WRTN  DIST                 area_wfp=780036A4 ret_pc=70168732 real_wsp=700015A0 (was 78003690) shadow_wsp=700015A0 master_wfp=700015B4 depth=0
hijack seq=002510 caller=QUEST2 WSAVS DIST                 pc=70168717 area_wfp=780036A4 argc=4 frame=0 real_wsp=700015AA shadow_wsp=700015B4 master_wfp=700015B4 ret=70166E20 depth=1
hijack seq=002512 caller=QUEST2 WRTN  DIST                 area_wfp=780036A4 ret_pc=70168732 real_wsp=700015A0 (was 78003690) shadow_wsp=700015A0 master_wfp=700015B4 depth=0
hijack seq=002517 caller=QUEST2 WSAVS DIST                 pc=70168717 area_wfp=780036A4 argc=4 frame=0 real_wsp=700015AA shadow_wsp=700015B4 master_wfp=700015B4 ret=70166E20 depth=1
hijack seq=002519 caller=QUEST2 WRTN  DIST                 area_wfp=780036A4 ret_pc=70168732 real_wsp=700015A0 (was 78003690) shadow_wsp=700015A0 master_wfp=700015B4 depth=0
hijack seq=002521 caller=QUEST2 WSAVS DIST                 pc=70168717 area_wfp=780036A4 argc=4 frame=0 real_wsp=700015AA shadow_wsp=700015B4 master_wfp=700015B4 ret=70166E20 depth=1
hijack seq=002523 caller=QUEST2 WRTN  DIST                 area_wfp=780036A4 ret_pc=70168732 real_wsp=700015A0 (was 78003690) shadow_wsp=700015A0 master_wfp=700015B4 depth=0
hijack seq=002525 caller=QUEST2 WSAVS DIST                 pc=70168717 area_wfp=780036A4 argc=4 frame=0 real_wsp=700015AA shadow_wsp=700015B4 master_wfp=700015B4 ret=70166E20 depth=1
hijack seq=002527 caller=QUEST2 WRTN  DIST                 area_wfp=780036A4 ret_pc=70168732 real_wsp=700015A0 (was 78003690) shadow_wsp=700015A0 master_wfp=700015B4 depth=0
hijack seq=002532 caller=QUEST2 WSAVS DIST                 pc=70168717 area_wfp=780036A4 argc=4 frame=0 real_wsp=700015AA shadow_wsp=700015B4 master_wfp=700015B4 ret=70166E20 depth=1
hijack seq=002534 caller=QUEST2 WRTN  DIST                 area_wfp=780036A4 ret_pc=70168732 real_wsp=700015A0 (was 78003690) shadow_wsp=700015A0 master_wfp=700015B4 depth=0
hijack seq=002536 caller=QUEST2 WSAVS DIST                 pc=70168717 area_wfp=780036A4 argc=4 frame=0 real_wsp=700015AA shadow_wsp=700015B4 master_wfp=700015B4 ret=70166E20 depth=1
hijack seq=002538 caller=QUEST2 WRTN  DIST                 area_wfp=780036A4 ret_pc=70168732 real_wsp=700015A0 (was 78003690) shadow_wsp=700015A0 master_wfp=700015B4 depth=0
hijack seq=002540 caller=QUEST2 WSAVS DIST                 pc=70168717 area_wfp=780036A4 argc=4 frame=0 real_wsp=700015AA shadow_wsp=700015B4 master_wfp=700015B4 ret=70166E20 depth=1
hijack seq=002543 caller=QUEST2 WRTN  DIST                 area_wfp=780036A4 ret_pc=70168732 real_wsp=700015A0 (was 78003690) shadow_wsp=700015A0 master_wfp=700015B4 depth=0
hijack seq=002545 caller=QUEST2 WSAVS DIST                 pc=70168717 area_wfp=780036A4 argc=4 frame=0 real_wsp=700015AA shadow_wsp=700015B4 master_wfp=700015B4 ret=70166E20 depth=1
hijack seq=002549 caller=QUEST2 WRTN  DIST                 area_wfp=780036A4 ret_pc=70168732 real_wsp=700015A0 (was 78003690) shadow_wsp=700015A0 master_wfp=700015B4 depth=0
hijack seq=002551 caller=QUEST2 WSAVS DIST                 pc=70168717 area_wfp=780036A4 argc=4 frame=0 real_wsp=700015AA shadow_wsp=700015B4 master_wfp=700015B4 ret=70166E20 depth=1
hijack seq=002553 caller=QUEST2 WRTN  DIST                 area_wfp=780036A4 ret_pc=70168732 real_wsp=700015A0 (was 78003690) shadow_wsp=700015A0 master_wfp=700015B4 depth=0
hijack seq=002555 caller=QUEST2 WSAVS DIST                 pc=70168717 area_wfp=780036A4 argc=4 frame=0 real_wsp=700015AA shadow_wsp=700015B4 master_wfp=700015B4 ret=70166E20 depth=1
hijack seq=002557 caller=QUEST2 WRTN  DIST                 area_wfp=780036A4 ret_pc=70168732 real_wsp=700015A0 (was 78003690) shadow_wsp=700015A0 master_wfp=700015B4 depth=0
hijack seq=002562 caller=QUEST2 WSAVS DIST                 pc=70168717 area_wfp=780036A4 argc=4 frame=0 real_wsp=700015AA shadow_wsp=700015B4 master_wfp=700015B4 ret=70166E20 depth=1
hijack seq=002564 caller=QUEST2 WRTN  DIST                 area_wfp=780036A4 ret_pc=70168732 real_wsp=700015A0 (was 78003690) shadow_wsp=700015A0 master_wfp=700015B4 depth=0
hijack seq=002566 caller=QUEST2 WSAVS DIST                 pc=70168717 area_wfp=780036A4 argc=4 frame=0 real_wsp=700015AA shadow_wsp=700015B4 master_wfp=700015B4 ret=70166E20 depth=1
hijack seq=002568 caller=QUEST2 WRTN  DIST                 area_wfp=780036A4 ret_pc=70168732 real_wsp=700015A0 (was 78003690) shadow_wsp=700015A0 master_wfp=700015B4 depth=0
hijack seq=002570 caller=QUEST2 WSAVS DIST                 pc=70168717 area_wfp=780036A4 argc=4 frame=0 real_wsp=700015AA shadow_wsp=700015B4 master_wfp=700015B4 ret=70166E20 depth=1
hijack seq=002572 caller=QUEST2 WRTN  DIST                 area_wfp=780036A4 ret_pc=70168732 real_wsp=700015A0 (was 78003690) shadow_wsp=700015A0 master_wfp=700015B4 depth=0
hijack seq=002576 caller=QUEST2 WSAVS DIST                 pc=70168717 area_wfp=780036A4 argc=4 frame=0 real_wsp=700015AA shadow_wsp=700015B4 master_wfp=700015B4 ret=70166E20 depth=1
hijack seq=002578 caller=QUEST2 WRTN  DIST                 area_wfp=780036A4 ret_pc=70168732 real_wsp=700015A0 (was 78003690) shadow_wsp=700015A0 master_wfp=700015B4 depth=0
hijack seq=002580 caller=QUEST2 WSAVS DIST                 pc=70168717 area_wfp=780036A4 argc=4 frame=0 real_wsp=700015AA shadow_wsp=700015B4 master_wfp=700015B4 ret=70166E20 depth=1
hijack seq=002582 caller=QUEST2 WRTN  DIST                 area_wfp=780036A4 ret_pc=70168732 real_wsp=700015A0 (was 78003690) shadow_wsp=700015A0 master_wfp=700015B4 depth=0
hijack seq=002585 caller=QUEST2 WSAVS DIST                 pc=70168717 area_wfp=780036A4 argc=4 frame=0 real_wsp=700015AA shadow_wsp=700015B4 master_wfp=700015B4 ret=70166E20 depth=1
hijack seq=002587 caller=QUEST2 WRTN  DIST                 area_wfp=780036A4 ret_pc=70168732 real_wsp=700015A0 (was 78003690) shadow_wsp=700015A0 master_wfp=700015B4 depth=0
hijack seq=002592 caller=QUEST2 WSAVS DIST                 pc=70168717 area_wfp=780036A4 argc=4 frame=0 real_wsp=700015AA shadow_wsp=700015B4 master_wfp=700015B4 ret=70166E20 depth=1
hijack seq=002594 caller=QUEST2 WRTN  DIST                 area_wfp=780036A4 ret_pc=70168732 real_wsp=700015A0 (was 78003690) shadow_wsp=700015A0 master_wfp=700015B4 depth=0
hijack seq=002596 caller=QUEST2 WSAVS DIST                 pc=70168717 area_wfp=780036A4 argc=4 frame=0 real_wsp=700015AA shadow_wsp=700015B4 master_wfp=700015B4 ret=70166E20 depth=1
hijack seq=002598 caller=QUEST2 WRTN  DIST                 area_wfp=780036A4 ret_pc=70168732 real_wsp=700015A0 (was 78003690) shadow_wsp=700015A0 master_wfp=700015B4 depth=0
hijack seq=002600 caller=QUEST2 WSAVS DIST                 pc=70168717 area_wfp=780036A4 argc=4 frame=0 real_wsp=700015AA shadow_wsp=700015B4 master_wfp=700015B4 ret=70166E20 depth=1
hijack seq=002602 caller=QUEST2 WRTN  DIST                 area_wfp=780036A4 ret_pc=70168732 real_wsp=700015A0 (was 78003690) shadow_wsp=700015A0 master_wfp=700015B4 depth=0
hijack seq=002607 caller=QUEST2 WSAVS DIST                 pc=70168717 area_wfp=780036A4 argc=4 frame=0 real_wsp=700015AA shadow_wsp=700015B4 master_wfp=700015B4 ret=70166E20 depth=1
hijack seq=002609 caller=QUEST2 WRTN  DIST                 area_wfp=780036A4 ret_pc=70168732 real_wsp=700015A0 (was 78003690) shadow_wsp=700015A0 master_wfp=700015B4 depth=0
hijack seq=002611 caller=QUEST2 WSAVS DIST                 pc=70168717 area_wfp=780036A4 argc=4 frame=0 real_wsp=700015AA shadow_wsp=700015B4 master_wfp=700015B4 ret=70166E20 depth=1
hijack seq=002613 caller=QUEST2 WRTN  DIST                 area_wfp=780036A4 ret_pc=70168732 real_wsp=700015A0 (was 78003690) shadow_wsp=700015A0 master_wfp=700015B4 depth=0
hijack seq=002615 caller=QUEST2 WSAVS DIST                 pc=70168717 area_wfp=780036A4 argc=4 frame=0 real_wsp=700015AA shadow_wsp=700015B4 master_wfp=700015B4 ret=70166E20 depth=1
hijack seq=002617 caller=QUEST2 WRTN  DIST                 area_wfp=780036A4 ret_pc=70168732 real_wsp=700015A0 (was 78003690) shadow_wsp=700015A0 master_wfp=700015B4 depth=0
hijack seq=002620 caller=QUEST2 WSAVS DIST                 pc=70168717 area_wfp=780036A4 argc=4 frame=0 real_wsp=700015AA shadow_wsp=700015B4 master_wfp=700015B4 ret=70166E20 depth=1
hijack seq=002622 caller=QUEST2 WRTN  DIST                 area_wfp=780036A4 ret_pc=70168732 real_wsp=700015A0 (was 78003690) shadow_wsp=700015A0 master_wfp=700015B4 depth=0
hijack seq=002626 caller=QUEST2 WSAVS DIST                 pc=70168717 area_wfp=780036A4 argc=4 frame=0 real_wsp=700015AA shadow_wsp=700015B4 master_wfp=700015B4 ret=70166E20 depth=1
hijack seq=002628 caller=QUEST2 WRTN  DIST                 area_wfp=780036A4 ret_pc=70168732 real_wsp=700015A0 (was 78003690) shadow_wsp=700015A0 master_wfp=700015B4 depth=0
hijack seq=002630 caller=QUEST2 WSAVS DIST                 pc=70168717 area_wfp=780036A4 argc=4 frame=0 real_wsp=700015AA shadow_wsp=700015B4 master_wfp=700015B4 ret=70166E20 depth=1
hijack seq=002632 caller=QUEST2 WRTN  DIST                 area_wfp=780036A4 ret_pc=70168732 real_wsp=700015A0 (was 78003690) shadow_wsp=700015A0 master_wfp=700015B4 depth=0
hijack seq=002637 caller=QUEST2 WSAVS DIST                 pc=70168717 area_wfp=780036A4 argc=4 frame=0 real_wsp=700015AA shadow_wsp=700015B4 master_wfp=700015B4 ret=70166E20 depth=1
hijack seq=002639 caller=QUEST2 WRTN  DIST                 area_wfp=780036A4 ret_pc=70168732 real_wsp=700015A0 (was 78003690) shadow_wsp=700015A0 master_wfp=700015B4 depth=0
hijack seq=002641 caller=QUEST2 WSAVS DIST                 pc=70168717 area_wfp=780036A4 argc=4 frame=0 real_wsp=700015AA shadow_wsp=700015B4 master_wfp=700015B4 ret=70166E20 depth=1
hijack seq=002643 caller=QUEST2 WRTN  DIST                 area_wfp=780036A4 ret_pc=70168732 real_wsp=700015A0 (was 78003690) shadow_wsp=700015A0 master_wfp=700015B4 depth=0
hijack seq=002645 caller=QUEST2 WSAVS DIST                 pc=70168717 area_wfp=780036A4 argc=4 frame=0 real_wsp=700015AA shadow_wsp=700015B4 master_wfp=700015B4 ret=70166E20 depth=1
hijack seq=002647 caller=QUEST2 WRTN  DIST                 area_wfp=780036A4 ret_pc=70168732 real_wsp=700015A0 (was 78003690) shadow_wsp=700015A0 master_wfp=700015B4 depth=0
hijack seq=002650 caller=QUEST2 WSAVS DIST                 pc=70168717 area_wfp=780036A4 argc=4 frame=0 real_wsp=700015AA shadow_wsp=700015B4 master_wfp=700015B4 ret=70166E20 depth=1
hijack seq=002654 caller=QUEST2 WRTN  DIST                 area_wfp=780036A4 ret_pc=70168732 real_wsp=700015A0 (was 78003690) shadow_wsp=700015A0 master_wfp=700015B4 depth=0
hijack seq=002656 caller=QUEST2 WSAVS DIST                 pc=70168717 area_wfp=780036A4 argc=4 frame=0 real_wsp=700015AA shadow_wsp=700015B4 master_wfp=700015B4 ret=70166E20 depth=1
hijack seq=002658 caller=QUEST2 WRTN  DIST                 area_wfp=780036A4 ret_pc=70168732 real_wsp=700015A0 (was 78003690) shadow_wsp=700015A0 master_wfp=700015B4 depth=0
hijack seq=002660 caller=QUEST2 WSAVS DIST                 pc=70168717 area_wfp=780036A4 argc=4 frame=0 real_wsp=700015AA shadow_wsp=700015B4 master_wfp=700015B4 ret=70166E20 depth=1
hijack seq=002662 caller=QUEST2 WRTN  DIST                 area_wfp=780036A4 ret_pc=70168732 real_wsp=700015A0 (was 78003690) shadow_wsp=700015A0 master_wfp=700015B4 depth=0
hijack seq=002667 caller=QUEST2 WSAVS DIST                 pc=70168717 area_wfp=780036A4 argc=4 frame=0 real_wsp=700015AA shadow_wsp=700015B4 master_wfp=700015B4 ret=70166E20 depth=1
hijack seq=002669 caller=QUEST2 WRTN  DIST                 area_wfp=780036A4 ret_pc=70168732 real_wsp=700015A0 (was 78003690) shadow_wsp=700015A0 master_wfp=700015B4 depth=0
hijack seq=002671 caller=QUEST2 WSAVS DIST                 pc=70168717 area_wfp=780036A4 argc=4 frame=0 real_wsp=700015AA shadow_wsp=700015B4 master_wfp=700015B4 ret=70166E20 depth=1
hijack seq=002673 caller=QUEST2 WRTN  DIST                 area_wfp=780036A4 ret_pc=70168732 real_wsp=700015A0 (was 78003690) shadow_wsp=700015A0 master_wfp=700015B4 depth=0
hijack seq=002675 caller=QUEST2 WSAVS DIST                 pc=70168717 area_wfp=780036A4 argc=4 frame=0 real_wsp=700015AA shadow_wsp=700015B4 master_wfp=700015B4 ret=70166E20 depth=1
hijack seq=002677 caller=QUEST2 WRTN  DIST                 area_wfp=780036A4 ret_pc=70168732 real_wsp=700015A0 (was 78003690) shadow_wsp=700015A0 master_wfp=700015B4 depth=0
hijack seq=002682 caller=QUEST2 WSAVS DIST                 pc=70168717 area_wfp=780036A4 argc=4 frame=0 real_wsp=700015AA shadow_wsp=700015B4 master_wfp=700015B4 ret=70166E20 depth=1
hijack seq=002684 caller=QUEST2 WRTN  DIST                 area_wfp=780036A4 ret_pc=70168732 real_wsp=700015A0 (was 78003690) shadow_wsp=700015A0 master_wfp=700015B4 depth=0
hijack seq=002686 caller=QUEST2 WSAVS DIST                 pc=70168717 area_wfp=780036A4 argc=4 frame=0 real_wsp=700015AA shadow_wsp=700015B4 master_wfp=700015B4 ret=70166E20 depth=1
hijack seq=002688 caller=QUEST2 WRTN  DIST                 area_wfp=780036A4 ret_pc=70168732 real_wsp=700015A0 (was 78003690) shadow_wsp=700015A0 master_wfp=700015B4 depth=0
hijack seq=002690 caller=QUEST2 WSAVS DIST                 pc=70168717 area_wfp=780036A4 argc=4 frame=0 real_wsp=700015AA shadow_wsp=700015B4 master_wfp=700015B4 ret=70166E20 depth=1
hijack seq=002692 caller=QUEST2 WRTN  DIST                 area_wfp=780036A4 ret_pc=70168732 real_wsp=700015A0 (was 78003690) shadow_wsp=700015A0 master_wfp=700015B4 depth=0
hijack seq=002696 caller=QUEST2 WSAVS DIST                 pc=70168717 area_wfp=780036A4 argc=4 frame=0 real_wsp=700015AA shadow_wsp=700015B4 master_wfp=700015B4 ret=70166E20 depth=1
hijack seq=002698 caller=QUEST2 WRTN  DIST                 area_wfp=780036A4 ret_pc=70168732 real_wsp=700015A0 (was 78003690) shadow_wsp=700015A0 master_wfp=700015B4 depth=0
hijack seq=002700 caller=QUEST2 WSAVS DIST                 pc=70168717 area_wfp=780036A4 argc=4 frame=0 real_wsp=700015AA shadow_wsp=700015B4 master_wfp=700015B4 ret=70166E20 depth=1
hijack seq=002703 caller=QUEST2 WRTN  DIST                 area_wfp=780036A4 ret_pc=70168732 real_wsp=700015A0 (was 78003690) shadow_wsp=700015A0 master_wfp=700015B4 depth=0
hijack seq=002705 caller=QUEST2 WSAVS DIST                 pc=70168717 area_wfp=780036A4 argc=4 frame=0 real_wsp=700015AA shadow_wsp=700015B4 master_wfp=700015B4 ret=70166E20 depth=1
hijack seq=002707 caller=QUEST2 WRTN  DIST                 area_wfp=780036A4 ret_pc=70168732 real_wsp=700015A0 (was 78003690) shadow_wsp=700015A0 master_wfp=700015B4 depth=0
hijack seq=002712 caller=QUEST2 WSAVS DIST                 pc=70168717 area_wfp=780036A4 argc=4 frame=0 real_wsp=700015AA shadow_wsp=700015B4 master_wfp=700015B4 ret=70166E20 depth=1
hijack seq=002714 caller=QUEST2 WRTN  DIST                 area_wfp=780036A4 ret_pc=70168732 real_wsp=700015A0 (was 78003690) shadow_wsp=700015A0 master_wfp=700015B4 depth=0
hijack seq=002716 caller=QUEST2 WSAVS DIST                 pc=70168717 area_wfp=780036A4 argc=4 frame=0 real_wsp=700015AA shadow_wsp=700015B4 master_wfp=700015B4 ret=70166E20 depth=1
hijack seq=002718 caller=QUEST2 WRTN  DIST                 area_wfp=780036A4 ret_pc=70168732 real_wsp=700015A0 (was 78003690) shadow_wsp=700015A0 master_wfp=700015B4 depth=0
hijack seq=002720 caller=QUEST2 WSAVS DIST                 pc=70168717 area_wfp=780036A4 argc=4 frame=0 real_wsp=700015AA shadow_wsp=700015B4 master_wfp=700015B4 ret=70166E20 depth=1
hijack seq=002722 caller=QUEST2 WRTN  DIST                 area_wfp=780036A4 ret_pc=70168732 real_wsp=700015A0 (was 78003690) shadow_wsp=700015A0 master_wfp=700015B4 depth=0
hijack seq=002725 caller=QUEST2 WSAVS DIST                 pc=70168717 area_wfp=780036A4 argc=4 frame=0 real_wsp=700015AA shadow_wsp=700015B4 master_wfp=700015B4 ret=70166E20 depth=1
hijack seq=002729 caller=QUEST2 WRTN  DIST                 area_wfp=780036A4 ret_pc=70168732 real_wsp=700015A0 (was 78003690) shadow_wsp=700015A0 master_wfp=700015B4 depth=0
hijack seq=002731 caller=QUEST2 WSAVS DIST                 pc=70168717 area_wfp=780036A4 argc=4 frame=0 real_wsp=700015AA shadow_wsp=700015B4 master_wfp=700015B4 ret=70166E20 depth=1
hijack seq=002733 caller=QUEST2 WRTN  DIST                 area_wfp=780036A4 ret_pc=70168732 real_wsp=700015A0 (was 78003690) shadow_wsp=700015A0 master_wfp=700015B4 depth=0
hijack seq=002735 caller=QUEST2 WSAVS DIST                 pc=70168717 area_wfp=780036A4 argc=4 frame=0 real_wsp=700015AA shadow_wsp=700015B4 master_wfp=700015B4 ret=70166E20 depth=1
hijack seq=002737 caller=QUEST2 WRTN  DIST                 area_wfp=780036A4 ret_pc=70168732 real_wsp=700015A0 (was 78003690) shadow_wsp=700015A0 master_wfp=700015B4 depth=0
hijack seq=002742 caller=QUEST2 WSAVS DIST                 pc=70168717 area_wfp=780036A4 argc=4 frame=0 real_wsp=700015AA shadow_wsp=700015B4 master_wfp=700015B4 ret=70166E20 depth=1
hijack seq=002744 caller=QUEST2 WRTN  DIST                 area_wfp=780036A4 ret_pc=70168732 real_wsp=700015A0 (was 78003690) shadow_wsp=700015A0 master_wfp=700015B4 depth=0
hijack seq=002746 caller=QUEST2 WSAVS DIST                 pc=70168717 area_wfp=780036A4 argc=4 frame=0 real_wsp=700015AA shadow_wsp=700015B4 master_wfp=700015B4 ret=70166E20 depth=1
hijack seq=002748 caller=QUEST2 WRTN  DIST                 area_wfp=780036A4 ret_pc=70168732 real_wsp=700015A0 (was 78003690) shadow_wsp=700015A0 master_wfp=700015B4 depth=0
hijack seq=002750 caller=QUEST2 WSAVS DIST                 pc=70168717 area_wfp=780036A4 argc=4 frame=0 real_wsp=700015AA shadow_wsp=700015B4 master_wfp=700015B4 ret=70166E20 depth=1
hijack seq=002752 caller=QUEST2 WRTN  DIST                 area_wfp=780036A4 ret_pc=70168732 real_wsp=700015A0 (was 78003690) shadow_wsp=700015A0 master_wfp=700015B4 depth=0
hijack seq=002757 caller=QUEST2 WSAVS DIST                 pc=70168717 area_wfp=780036A4 argc=4 frame=0 real_wsp=700015AA shadow_wsp=700015B4 master_wfp=700015B4 ret=70166E20 depth=1
hijack seq=002759 caller=QUEST2 WRTN  DIST                 area_wfp=780036A4 ret_pc=70168732 real_wsp=700015A0 (was 78003690) shadow_wsp=700015A0 master_wfp=700015B4 depth=0
hijack seq=002761 caller=QUEST2 WSAVS DIST                 pc=70168717 area_wfp=780036A4 argc=4 frame=0 real_wsp=700015AA shadow_wsp=700015B4 master_wfp=700015B4 ret=70166E20 depth=1
hijack seq=002763 caller=QUEST2 WRTN  DIST                 area_wfp=780036A4 ret_pc=70168732 real_wsp=700015A0 (was 78003690) shadow_wsp=700015A0 master_wfp=700015B4 depth=0
hijack seq=002765 caller=QUEST2 WSAVS DIST                 pc=70168717 area_wfp=780036A4 argc=4 frame=0 real_wsp=700015AA shadow_wsp=700015B4 master_wfp=700015B4 ret=70166E20 depth=1
hijack seq=002767 caller=QUEST2 WRTN  DIST                 area_wfp=780036A4 ret_pc=70168732 real_wsp=700015A0 (was 78003690) shadow_wsp=700015A0 master_wfp=700015B4 depth=0
hijack seq=002772 caller=QUEST2 WSAVS DIST                 pc=70168717 area_wfp=780036A4 argc=4 frame=0 real_wsp=700015AA shadow_wsp=700015B4 master_wfp=700015B4 ret=70166E20 depth=1
hijack seq=002774 caller=QUEST2 WRTN  DIST                 area_wfp=780036A4 ret_pc=70168732 real_wsp=700015A0 (was 78003690) shadow_wsp=700015A0 master_wfp=700015B4 depth=0
hijack seq=002776 caller=QUEST2 WSAVS DIST                 pc=70168717 area_wfp=780036A4 argc=4 frame=0 real_wsp=700015AA shadow_wsp=700015B4 master_wfp=700015B4 ret=70166E20 depth=1
hijack seq=002778 caller=QUEST2 WRTN  DIST                 area_wfp=780036A4 ret_pc=70168732 real_wsp=700015A0 (was 78003690) shadow_wsp=700015A0 master_wfp=700015B4 depth=0
hijack seq=002780 caller=QUEST2 WSAVS DIST                 pc=70168717 area_wfp=780036A4 argc=4 frame=0 real_wsp=700015AA shadow_wsp=700015B4 master_wfp=700015B4 ret=70166E20 depth=1
hijack seq=002783 caller=QUEST2 WRTN  DIST                 area_wfp=780036A4 ret_pc=70168732 real_wsp=700015A0 (was 78003690) shadow_wsp=700015A0 master_wfp=700015B4 depth=0
hijack seq=002785 caller=QUEST2 WSAVS DIST                 pc=70168717 area_wfp=780036A4 argc=4 frame=0 real_wsp=700015AA shadow_wsp=700015B4 master_wfp=700015B4 ret=70166E20 depth=1
hijack seq=002787 caller=QUEST2 WRTN  DIST                 area_wfp=780036A4 ret_pc=70168732 real_wsp=700015A0 (was 78003690) shadow_wsp=700015A0 master_wfp=700015B4 depth=0
hijack seq=002791 caller=QUEST2 WSAVS DIST                 pc=70168717 area_wfp=780036A4 argc=4 frame=0 real_wsp=700015AA shadow_wsp=700015B4 master_wfp=700015B4 ret=70166E20 depth=1
hijack seq=002793 caller=QUEST2 WRTN  DIST                 area_wfp=780036A4 ret_pc=70168732 real_wsp=700015A0 (was 78003690) shadow_wsp=700015A0 master_wfp=700015B4 depth=0
hijack seq=002795 caller=QUEST2 WSAVS DIST                 pc=70168717 area_wfp=780036A4 argc=4 frame=0 real_wsp=700015AA shadow_wsp=700015B4 master_wfp=700015B4 ret=70166E20 depth=1
hijack seq=002797 caller=QUEST2 WRTN  DIST                 area_wfp=780036A4 ret_pc=70168732 real_wsp=700015A0 (was 78003690) shadow_wsp=700015A0 master_wfp=700015B4 depth=0
hijack seq=002802 caller=QUEST2 WSAVS DIST                 pc=70168717 area_wfp=780036A4 argc=4 frame=0 real_wsp=700015AA shadow_wsp=700015B4 master_wfp=700015B4 ret=70166E20 depth=1
hijack seq=002804 caller=QUEST2 WRTN  DIST                 area_wfp=780036A4 ret_pc=70168732 real_wsp=700015A0 (was 78003690) shadow_wsp=700015A0 master_wfp=700015B4 depth=0
hijack seq=002806 caller=QUEST2 WSAVS DIST                 pc=70168717 area_wfp=780036A4 argc=4 frame=0 real_wsp=700015AA shadow_wsp=700015B4 master_wfp=700015B4 ret=70166E20 depth=1
hijack seq=002808 caller=QUEST2 WRTN  DIST                 area_wfp=780036A4 ret_pc=70168732 real_wsp=700015A0 (was 78003690) shadow_wsp=700015A0 master_wfp=700015B4 depth=0
hijack seq=002810 caller=QUEST2 WSAVS DIST                 pc=70168717 area_wfp=780036A4 argc=4 frame=0 real_wsp=700015AA shadow_wsp=700015B4 master_wfp=700015B4 ret=70166E20 depth=1
hijack seq=002812 caller=QUEST2 WRTN  DIST                 area_wfp=780036A4 ret_pc=70168732 real_wsp=700015A0 (was 78003690) shadow_wsp=700015A0 master_wfp=700015B4 depth=0
hijack seq=002817 caller=QUEST2 WSAVS DIST                 pc=70168717 area_wfp=780036A4 argc=4 frame=0 real_wsp=700015AA shadow_wsp=700015B4 master_wfp=700015B4 ret=70166E20 depth=1
hijack seq=002819 caller=QUEST2 WRTN  DIST                 area_wfp=780036A4 ret_pc=70168732 real_wsp=700015A0 (was 78003690) shadow_wsp=700015A0 master_wfp=700015B4 depth=0
hijack seq=002821 caller=QUEST2 WSAVS DIST                 pc=70168717 area_wfp=780036A4 argc=4 frame=0 real_wsp=700015AA shadow_wsp=700015B4 master_wfp=700015B4 ret=70166E20 depth=1
hijack seq=002823 caller=QUEST2 WRTN  DIST                 area_wfp=780036A4 ret_pc=70168732 real_wsp=700015A0 (was 78003690) shadow_wsp=700015A0 master_wfp=700015B4 depth=0
hijack seq=002825 caller=QUEST2 WSAVS DIST                 pc=70168717 area_wfp=780036A4 argc=4 frame=0 real_wsp=700015AA shadow_wsp=700015B4 master_wfp=700015B4 ret=70166E20 depth=1
hijack seq=002827 caller=QUEST2 WRTN  DIST                 area_wfp=780036A4 ret_pc=70168732 real_wsp=700015A0 (was 78003690) shadow_wsp=700015A0 master_wfp=700015B4 depth=0
hijack seq=002831 caller=QUEST2 WSAVS DIST                 pc=70168717 area_wfp=780036A4 argc=4 frame=0 real_wsp=700015AA shadow_wsp=700015B4 master_wfp=700015B4 ret=70166E20 depth=1
hijack seq=002833 caller=QUEST2 WRTN  DIST                 area_wfp=780036A4 ret_pc=70168732 real_wsp=700015A0 (was 78003690) shadow_wsp=700015A0 master_wfp=700015B4 depth=0
hijack seq=002835 caller=QUEST2 WSAVS DIST                 pc=70168717 area_wfp=780036A4 argc=4 frame=0 real_wsp=700015AA shadow_wsp=700015B4 master_wfp=700015B4 ret=70166E20 depth=1
hijack seq=002837 caller=QUEST2 WRTN  DIST                 area_wfp=780036A4 ret_pc=70168732 real_wsp=700015A0 (was 78003690) shadow_wsp=700015A0 master_wfp=700015B4 depth=0
hijack seq=002840 caller=QUEST2 WSAVS DIST                 pc=70168717 area_wfp=780036A4 argc=4 frame=0 real_wsp=700015AA shadow_wsp=700015B4 master_wfp=700015B4 ret=70166E20 depth=1
hijack seq=002842 caller=QUEST2 WRTN  DIST                 area_wfp=780036A4 ret_pc=70168732 real_wsp=700015A0 (was 78003690) shadow_wsp=700015A0 master_wfp=700015B4 depth=0
hijack seq=002847 caller=QUEST2 WSAVS DIST                 pc=70168717 area_wfp=780036A4 argc=4 frame=0 real_wsp=700015AA shadow_wsp=700015B4 master_wfp=700015B4 ret=70166E20 depth=1
hijack seq=002849 caller=QUEST2 WRTN  DIST                 area_wfp=780036A4 ret_pc=70168732 real_wsp=700015A0 (was 78003690) shadow_wsp=700015A0 master_wfp=700015B4 depth=0
hijack seq=002851 caller=QUEST2 WSAVS DIST                 pc=70168717 area_wfp=780036A4 argc=4 frame=0 real_wsp=700015AA shadow_wsp=700015B4 master_wfp=700015B4 ret=70166E20 depth=1
hijack seq=002853 caller=QUEST2 WRTN  DIST                 area_wfp=780036A4 ret_pc=70168732 real_wsp=700015A0 (was 78003690) shadow_wsp=700015A0 master_wfp=700015B4 depth=0
hijack seq=002855 caller=QUEST2 WSAVS DIST                 pc=70168717 area_wfp=780036A4 argc=4 frame=0 real_wsp=700015AA shadow_wsp=700015B4 master_wfp=700015B4 ret=70166E20 depth=1
hijack seq=002857 caller=QUEST2 WRTN  DIST                 area_wfp=780036A4 ret_pc=70168732 real_wsp=700015A0 (was 78003690) shadow_wsp=700015A0 master_wfp=700015B4 depth=0
hijack seq=002861 caller=QUEST2 WSAVS DIST                 pc=70168717 area_wfp=780036A4 argc=4 frame=0 real_wsp=700015AA shadow_wsp=700015B4 master_wfp=700015B4 ret=70166E20 depth=1
hijack seq=002863 caller=QUEST2 WRTN  DIST                 area_wfp=780036A4 ret_pc=70168732 real_wsp=700015A0 (was 78003690) shadow_wsp=700015A0 master_wfp=700015B4 depth=0
hijack seq=002865 caller=QUEST2 WSAVS DIST                 pc=70168717 area_wfp=780036A4 argc=4 frame=0 real_wsp=700015AA shadow_wsp=700015B4 master_wfp=700015B4 ret=70166E20 depth=1
hijack seq=002868 caller=QUEST2 WRTN  DIST                 area_wfp=780036A4 ret_pc=70168732 real_wsp=700015A0 (was 78003690) shadow_wsp=700015A0 master_wfp=700015B4 depth=0
hijack seq=002870 caller=QUEST2 WSAVS DIST                 pc=70168717 area_wfp=780036A4 argc=4 frame=0 real_wsp=700015AA shadow_wsp=700015B4 master_wfp=700015B4 ret=70166E20 depth=1
hijack seq=002872 caller=QUEST2 WRTN  DIST                 area_wfp=780036A4 ret_pc=70168732 real_wsp=700015A0 (was 78003690) shadow_wsp=700015A0 master_wfp=700015B4 depth=0
hijack seq=002877 caller=QUEST2 WSAVS DIST                 pc=70168717 area_wfp=780036A4 argc=4 frame=0 real_wsp=700015AA shadow_wsp=700015B4 master_wfp=700015B4 ret=70166E20 depth=1
hijack seq=002879 caller=QUEST2 WRTN  DIST                 area_wfp=780036A4 ret_pc=70168732 real_wsp=700015A0 (was 78003690) shadow_wsp=700015A0 master_wfp=700015B4 depth=0
hijack seq=002881 caller=QUEST2 WSAVS DIST                 pc=70168717 area_wfp=780036A4 argc=4 frame=0 real_wsp=700015AA shadow_wsp=700015B4 master_wfp=700015B4 ret=70166E20 depth=1
hijack seq=002883 caller=QUEST2 WRTN  DIST                 area_wfp=780036A4 ret_pc=70168732 real_wsp=700015A0 (was 78003690) shadow_wsp=700015A0 master_wfp=700015B4 depth=0
hijack seq=002885 caller=QUEST2 WSAVS DIST                 pc=70168717 area_wfp=780036A4 argc=4 frame=0 real_wsp=700015AA shadow_wsp=700015B4 master_wfp=700015B4 ret=70166E20 depth=1
hijack seq=002887 caller=QUEST2 WRTN  DIST                 area_wfp=780036A4 ret_pc=70168732 real_wsp=700015A0 (was 78003690) shadow_wsp=700015A0 master_wfp=700015B4 depth=0
hijack seq=002890 caller=QUEST2 WSAVS DIST                 pc=70168717 area_wfp=780036A4 argc=4 frame=0 real_wsp=700015AA shadow_wsp=700015B4 master_wfp=700015B4 ret=70166E20 depth=1
hijack seq=002894 caller=QUEST2 WRTN  DIST                 area_wfp=780036A4 ret_pc=70168732 real_wsp=700015A0 (was 78003690) shadow_wsp=700015A0 master_wfp=700015B4 depth=0
hijack seq=002896 caller=QUEST2 WSAVS DIST                 pc=70168717 area_wfp=780036A4 argc=4 frame=0 real_wsp=700015AA shadow_wsp=700015B4 master_wfp=700015B4 ret=70166E20 depth=1
hijack seq=002898 caller=QUEST2 WRTN  DIST                 area_wfp=780036A4 ret_pc=70168732 real_wsp=700015A0 (was 78003690) shadow_wsp=700015A0 master_wfp=700015B4 depth=0
hijack seq=002900 caller=QUEST2 WSAVS DIST                 pc=70168717 area_wfp=780036A4 argc=4 frame=0 real_wsp=700015AA shadow_wsp=700015B4 master_wfp=700015B4 ret=70166E20 depth=1
hijack seq=002902 caller=QUEST2 WRTN  DIST                 area_wfp=780036A4 ret_pc=70168732 real_wsp=700015A0 (was 78003690) shadow_wsp=700015A0 master_wfp=700015B4 depth=0
hijack seq=002907 caller=QUEST2 WSAVS DIST                 pc=70168717 area_wfp=780036A4 argc=4 frame=0 real_wsp=700015AA shadow_wsp=700015B4 master_wfp=700015B4 ret=70166E20 depth=1
hijack seq=002909 caller=QUEST2 WRTN  DIST                 area_wfp=780036A4 ret_pc=70168732 real_wsp=700015A0 (was 78003690) shadow_wsp=700015A0 master_wfp=700015B4 depth=0
hijack seq=002911 caller=QUEST2 WSAVS DIST                 pc=70168717 area_wfp=780036A4 argc=4 frame=0 real_wsp=700015AA shadow_wsp=700015B4 master_wfp=700015B4 ret=70166E20 depth=1
hijack seq=002913 caller=QUEST2 WRTN  DIST                 area_wfp=780036A4 ret_pc=70168732 real_wsp=700015A0 (was 78003690) shadow_wsp=700015A0 master_wfp=700015B4 depth=0
hijack seq=002915 caller=QUEST2 WSAVS DIST                 pc=70168717 area_wfp=780036A4 argc=4 frame=0 real_wsp=700015AA shadow_wsp=700015B4 master_wfp=700015B4 ret=70166E20 depth=1
hijack seq=002917 caller=QUEST2 WRTN  DIST                 area_wfp=780036A4 ret_pc=70168732 real_wsp=700015A0 (was 78003690) shadow_wsp=700015A0 master_wfp=700015B4 depth=0
hijack seq=002921 caller=QUEST2 WSAVS DIST                 pc=70168717 area_wfp=780036A4 argc=4 frame=0 real_wsp=700015AA shadow_wsp=700015B4 master_wfp=700015B4 ret=70166E20 depth=1
hijack seq=002923 caller=QUEST2 WRTN  DIST                 area_wfp=780036A4 ret_pc=70168732 real_wsp=700015A0 (was 78003690) shadow_wsp=700015A0 master_wfp=700015B4 depth=0
hijack seq=002925 caller=QUEST2 WSAVS DIST                 pc=70168717 area_wfp=780036A4 argc=4 frame=0 real_wsp=700015AA shadow_wsp=700015B4 master_wfp=700015B4 ret=70166E20 depth=1
hijack seq=002927 caller=QUEST2 WRTN  DIST                 area_wfp=780036A4 ret_pc=70168732 real_wsp=700015A0 (was 78003690) shadow_wsp=700015A0 master_wfp=700015B4 depth=0
hijack seq=002930 caller=QUEST2 WSAVS DIST                 pc=70168717 area_wfp=780036A4 argc=4 frame=0 real_wsp=700015AA shadow_wsp=700015B4 master_wfp=700015B4 ret=70166E20 depth=1
hijack seq=002932 caller=QUEST2 WRTN  DIST                 area_wfp=780036A4 ret_pc=70168732 real_wsp=700015A0 (was 78003690) shadow_wsp=700015A0 master_wfp=700015B4 depth=0
hijack seq=002937 caller=QUEST2 WSAVS DIST                 pc=70168717 area_wfp=780036A4 argc=4 frame=0 real_wsp=700015AA shadow_wsp=700015B4 master_wfp=700015B4 ret=70166E20 depth=1
hijack seq=002939 caller=QUEST2 WRTN  DIST                 area_wfp=780036A4 ret_pc=70168732 real_wsp=700015A0 (was 78003690) shadow_wsp=700015A0 master_wfp=700015B4 depth=0
hijack seq=002941 caller=QUEST2 WSAVS DIST                 pc=70168717 area_wfp=780036A4 argc=4 frame=0 real_wsp=700015AA shadow_wsp=700015B4 master_wfp=700015B4 ret=70166E20 depth=1
hijack seq=002943 caller=QUEST2 WRTN  DIST                 area_wfp=780036A4 ret_pc=70168732 real_wsp=700015A0 (was 78003690) shadow_wsp=700015A0 master_wfp=700015B4 depth=0
hijack seq=002945 caller=QUEST2 WSAVS DIST                 pc=70168717 area_wfp=780036A4 argc=4 frame=0 real_wsp=700015AA shadow_wsp=700015B4 master_wfp=700015B4 ret=70166E20 depth=1
hijack seq=002947 caller=QUEST2 WRTN  DIST                 area_wfp=780036A4 ret_pc=70168732 real_wsp=700015A0 (was 78003690) shadow_wsp=700015A0 master_wfp=700015B4 depth=0
hijack seq=002952 caller=QUEST2 WSAVS DIST                 pc=70168717 area_wfp=780036A4 argc=4 frame=0 real_wsp=700015AA shadow_wsp=700015B4 master_wfp=700015B4 ret=70166E20 depth=1
hijack seq=002954 caller=QUEST2 WRTN  DIST                 area_wfp=780036A4 ret_pc=70168732 real_wsp=700015A0 (was 78003690) shadow_wsp=700015A0 master_wfp=700015B4 depth=0
hijack seq=002956 caller=QUEST2 WSAVS DIST                 pc=70168717 area_wfp=780036A4 argc=4 frame=0 real_wsp=700015AA shadow_wsp=700015B4 master_wfp=700015B4 ret=70166E20 depth=1
hijack seq=002958 caller=QUEST2 WRTN  DIST                 area_wfp=780036A4 ret_pc=70168732 real_wsp=700015A0 (was 78003690) shadow_wsp=700015A0 master_wfp=700015B4 depth=0
hijack seq=002960 caller=QUEST2 WSAVS DIST                 pc=70168717 area_wfp=780036A4 argc=4 frame=0 real_wsp=700015AA shadow_wsp=700015B4 master_wfp=700015B4 ret=70166E20 depth=1
hijack seq=002962 caller=QUEST2 WRTN  DIST                 area_wfp=780036A4 ret_pc=70168732 real_wsp=700015A0 (was 78003690) shadow_wsp=700015A0 master_wfp=700015B4 depth=0
hijack seq=002967 caller=QUEST2 WSAVS DIST                 pc=70168717 area_wfp=780036A4 argc=4 frame=0 real_wsp=700015AA shadow_wsp=700015B4 master_wfp=700015B4 ret=70166E20 depth=1
hijack seq=002969 caller=QUEST2 WRTN  DIST                 area_wfp=780036A4 ret_pc=70168732 real_wsp=700015A0 (was 78003690) shadow_wsp=700015A0 master_wfp=700015B4 depth=0
hijack seq=002971 caller=QUEST2 WSAVS DIST                 pc=70168717 area_wfp=780036A4 argc=4 frame=0 real_wsp=700015AA shadow_wsp=700015B4 master_wfp=700015B4 ret=70166E20 depth=1
hijack seq=002973 caller=QUEST2 WRTN  DIST                 area_wfp=780036A4 ret_pc=70168732 real_wsp=700015A0 (was 78003690) shadow_wsp=700015A0 master_wfp=700015B4 depth=0
hijack seq=002975 caller=QUEST2 WSAVS DIST                 pc=70168717 area_wfp=780036A4 argc=4 frame=0 real_wsp=700015AA shadow_wsp=700015B4 master_wfp=700015B4 ret=70166E20 depth=1
hijack seq=002977 caller=QUEST2 WRTN  DIST                 area_wfp=780036A4 ret_pc=70168732 real_wsp=700015A0 (was 78003690) shadow_wsp=700015A0 master_wfp=700015B4 depth=0
hijack seq=002982 caller=QUEST2 WSAVS DIST                 pc=70168717 area_wfp=780036A4 argc=4 frame=0 real_wsp=700015AA shadow_wsp=700015B4 master_wfp=700015B4 ret=70166E20 depth=1
hijack seq=002984 caller=QUEST2 WRTN  DIST                 area_wfp=780036A4 ret_pc=70168732 real_wsp=700015A0 (was 78003690) shadow_wsp=700015A0 master_wfp=700015B4 depth=0
hijack seq=002986 caller=QUEST2 WSAVS DIST                 pc=70168717 area_wfp=780036A4 argc=4 frame=0 real_wsp=700015AA shadow_wsp=700015B4 master_wfp=700015B4 ret=70166E20 depth=1
hijack seq=002988 caller=QUEST2 WRTN  DIST                 area_wfp=780036A4 ret_pc=70168732 real_wsp=700015A0 (was 78003690) shadow_wsp=700015A0 master_wfp=700015B4 depth=0
hijack seq=002990 caller=QUEST2 WSAVS DIST                 pc=70168717 area_wfp=780036A4 argc=4 frame=0 real_wsp=700015AA shadow_wsp=700015B4 master_wfp=700015B4 ret=70166E20 depth=1
hijack seq=002992 caller=QUEST2 WRTN  DIST                 area_wfp=780036A4 ret_pc=70168732 real_wsp=700015A0 (was 78003690) shadow_wsp=700015A0 master_wfp=700015B4 depth=0
hijack seq=002997 caller=QUEST2 WSAVS DIST                 pc=70168717 area_wfp=780036A4 argc=4 frame=0 real_wsp=700015AA shadow_wsp=700015B4 master_wfp=700015B4 ret=70166E20 depth=1
hijack seq=002999 caller=QUEST2 WRTN  DIST                 area_wfp=780036A4 ret_pc=70168732 real_wsp=700015A0 (was 78003690) shadow_wsp=700015A0 master_wfp=700015B4 depth=0
hijack seq=003001 caller=QUEST2 WSAVS DIST                 pc=70168717 area_wfp=780036A4 argc=4 frame=0 real_wsp=700015AA shadow_wsp=700015B4 master_wfp=700015B4 ret=70166E20 depth=1
hijack seq=003003 caller=QUEST2 WRTN  DIST                 area_wfp=780036A4 ret_pc=70168732 real_wsp=700015A0 (was 78003690) shadow_wsp=700015A0 master_wfp=700015B4 depth=0
hijack seq=003005 caller=QUEST2 WSAVS DIST                 pc=70168717 area_wfp=780036A4 argc=4 frame=0 real_wsp=700015AA shadow_wsp=700015B4 master_wfp=700015B4 ret=70166E20 depth=1
hijack seq=003007 caller=QUEST2 WRTN  DIST                 area_wfp=780036A4 ret_pc=70168732 real_wsp=700015A0 (was 78003690) shadow_wsp=700015A0 master_wfp=700015B4 depth=0
hijack seq=003011 caller=QUEST2 WSAVS DIST                 pc=70168717 area_wfp=780036A4 argc=4 frame=0 real_wsp=700015AA shadow_wsp=700015B4 master_wfp=700015B4 ret=70166E20 depth=1
hijack seq=003013 caller=QUEST2 WRTN  DIST                 area_wfp=780036A4 ret_pc=70168732 real_wsp=700015A0 (was 78003690) shadow_wsp=700015A0 master_wfp=700015B4 depth=0
hijack seq=003015 caller=QUEST2 WSAVS DIST                 pc=70168717 area_wfp=780036A4 argc=4 frame=0 real_wsp=700015AA shadow_wsp=700015B4 master_wfp=700015B4 ret=70166E20 depth=1
hijack seq=003018 caller=QUEST2 WRTN  DIST                 area_wfp=780036A4 ret_pc=70168732 real_wsp=700015A0 (was 78003690) shadow_wsp=700015A0 master_wfp=700015B4 depth=0
hijack seq=003020 caller=QUEST2 WSAVS DIST                 pc=70168717 area_wfp=780036A4 argc=4 frame=0 real_wsp=700015AA shadow_wsp=700015B4 master_wfp=700015B4 ret=70166E20 depth=1
hijack seq=003022 caller=QUEST2 WRTN  DIST                 area_wfp=780036A4 ret_pc=70168732 real_wsp=700015A0 (was 78003690) shadow_wsp=700015A0 master_wfp=700015B4 depth=0
hijack seq=003027 caller=QUEST2 WSAVS DIST                 pc=70168717 area_wfp=780036A4 argc=4 frame=0 real_wsp=700015AA shadow_wsp=700015B4 master_wfp=700015B4 ret=70166E20 depth=1
hijack seq=003029 caller=QUEST2 WRTN  DIST                 area_wfp=780036A4 ret_pc=70168732 real_wsp=700015A0 (was 78003690) shadow_wsp=700015A0 master_wfp=700015B4 depth=0
hijack seq=003031 caller=QUEST2 WSAVS DIST                 pc=70168717 area_wfp=780036A4 argc=4 frame=0 real_wsp=700015AA shadow_wsp=700015B4 master_wfp=700015B4 ret=70166E20 depth=1
hijack seq=003033 caller=QUEST2 WRTN  DIST                 area_wfp=780036A4 ret_pc=70168732 real_wsp=700015A0 (was 78003690) shadow_wsp=700015A0 master_wfp=700015B4 depth=0
hijack seq=003035 caller=QUEST2 WSAVS DIST                 pc=70168717 area_wfp=780036A4 argc=4 frame=0 real_wsp=700015AA shadow_wsp=700015B4 master_wfp=700015B4 ret=70166E20 depth=1
hijack seq=003037 caller=QUEST2 WRTN  DIST                 area_wfp=780036A4 ret_pc=70168732 real_wsp=700015A0 (was 78003690) shadow_wsp=700015A0 master_wfp=700015B4 depth=0
hijack seq=003042 caller=QUEST2 WSAVS DIST                 pc=70168717 area_wfp=780036A4 argc=4 frame=0 real_wsp=700015AA shadow_wsp=700015B4 master_wfp=700015B4 ret=70166E20 depth=1
hijack seq=003044 caller=QUEST2 WRTN  DIST                 area_wfp=780036A4 ret_pc=70168732 real_wsp=700015A0 (was 78003690) shadow_wsp=700015A0 master_wfp=700015B4 depth=0
hijack seq=003046 caller=QUEST2 WSAVS DIST                 pc=70168717 area_wfp=780036A4 argc=4 frame=0 real_wsp=700015AA shadow_wsp=700015B4 master_wfp=700015B4 ret=70166E20 depth=1
hijack seq=003048 caller=QUEST2 WRTN  DIST                 area_wfp=780036A4 ret_pc=70168732 real_wsp=700015A0 (was 78003690) shadow_wsp=700015A0 master_wfp=700015B4 depth=0
hijack seq=003050 caller=QUEST2 WSAVS DIST                 pc=70168717 area_wfp=780036A4 argc=4 frame=0 real_wsp=700015AA shadow_wsp=700015B4 master_wfp=700015B4 ret=70166E20 depth=1
hijack seq=003052 caller=QUEST2 WRTN  DIST                 area_wfp=780036A4 ret_pc=70168732 real_wsp=700015A0 (was 78003690) shadow_wsp=700015A0 master_wfp=700015B4 depth=0
hijack seq=003055 caller=QUEST2 WSAVS DIST                 pc=70168717 area_wfp=780036A4 argc=4 frame=0 real_wsp=700015AA shadow_wsp=700015B4 master_wfp=700015B4 ret=70166E20 depth=1
hijack seq=003057 caller=QUEST2 WRTN  DIST                 area_wfp=780036A4 ret_pc=70168732 real_wsp=700015A0 (was 78003690) shadow_wsp=700015A0 master_wfp=700015B4 depth=0
hijack seq=003061 caller=QUEST2 WSAVS DIST                 pc=70168717 area_wfp=780036A4 argc=4 frame=0 real_wsp=700015AA shadow_wsp=700015B4 master_wfp=700015B4 ret=70166E20 depth=1
hijack seq=003063 caller=QUEST2 WRTN  DIST                 area_wfp=780036A4 ret_pc=70168732 real_wsp=700015A0 (was 78003690) shadow_wsp=700015A0 master_wfp=700015B4 depth=0
hijack seq=003065 caller=QUEST2 WSAVS DIST                 pc=70168717 area_wfp=780036A4 argc=4 frame=0 real_wsp=700015AA shadow_wsp=700015B4 master_wfp=700015B4 ret=70166E20 depth=1
hijack seq=003067 caller=QUEST2 WRTN  DIST                 area_wfp=780036A4 ret_pc=70168732 real_wsp=700015A0 (was 78003690) shadow_wsp=700015A0 master_wfp=700015B4 depth=0
hijack seq=003072 caller=QUEST2 WSAVS DIST                 pc=70168717 area_wfp=780036A4 argc=4 frame=0 real_wsp=700015AA shadow_wsp=700015B4 master_wfp=700015B4 ret=70166E20 depth=1
hijack seq=003074 caller=QUEST2 WRTN  DIST                 area_wfp=780036A4 ret_pc=70168732 real_wsp=700015A0 (was 78003690) shadow_wsp=700015A0 master_wfp=700015B4 depth=0
hijack seq=003076 caller=QUEST2 WSAVS DIST                 pc=70168717 area_wfp=780036A4 argc=4 frame=0 real_wsp=700015AA shadow_wsp=700015B4 master_wfp=700015B4 ret=70166E20 depth=1
hijack seq=003078 caller=QUEST2 WRTN  DIST                 area_wfp=780036A4 ret_pc=70168732 real_wsp=700015A0 (was 78003690) shadow_wsp=700015A0 master_wfp=700015B4 depth=0
hijack seq=003080 caller=QUEST2 WSAVS DIST                 pc=70168717 area_wfp=780036A4 argc=4 frame=0 real_wsp=700015AA shadow_wsp=700015B4 master_wfp=700015B4 ret=70166E20 depth=1
hijack seq=003082 caller=QUEST2 WRTN  DIST                 area_wfp=780036A4 ret_pc=70168732 real_wsp=700015A0 (was 78003690) shadow_wsp=700015A0 master_wfp=700015B4 depth=0
hijack seq=003086 caller=QUEST2 WSAVS DIST                 pc=70168717 area_wfp=780036A4 argc=4 frame=0 real_wsp=700015AA shadow_wsp=700015B4 master_wfp=700015B4 ret=70166E20 depth=1
hijack seq=003088 caller=QUEST2 WRTN  DIST                 area_wfp=780036A4 ret_pc=70168732 real_wsp=700015A0 (was 78003690) shadow_wsp=700015A0 master_wfp=700015B4 depth=0
hijack seq=003090 caller=QUEST2 WSAVS DIST                 pc=70168717 area_wfp=780036A4 argc=4 frame=0 real_wsp=700015AA shadow_wsp=700015B4 master_wfp=700015B4 ret=70166E20 depth=1
hijack seq=003092 caller=QUEST2 WRTN  DIST                 area_wfp=780036A4 ret_pc=70168732 real_wsp=700015A0 (was 78003690) shadow_wsp=700015A0 master_wfp=700015B4 depth=0
hijack seq=003095 caller=QUEST2 WSAVS DIST                 pc=70168717 area_wfp=780036A4 argc=4 frame=0 real_wsp=700015AA shadow_wsp=700015B4 master_wfp=700015B4 ret=70166E20 depth=1
hijack seq=003097 caller=QUEST2 WRTN  DIST                 area_wfp=780036A4 ret_pc=70168732 real_wsp=700015A0 (was 78003690) shadow_wsp=700015A0 master_wfp=700015B4 depth=0
hijack seq=003102 caller=QUEST2 WSAVS DIST                 pc=70168717 area_wfp=780036A4 argc=4 frame=0 real_wsp=700015AA shadow_wsp=700015B4 master_wfp=700015B4 ret=70166E20 depth=1
hijack seq=003104 caller=QUEST2 WRTN  DIST                 area_wfp=780036A4 ret_pc=70168732 real_wsp=700015A0 (was 78003690) shadow_wsp=700015A0 master_wfp=700015B4 depth=0
hijack seq=003106 caller=QUEST2 WSAVS DIST                 pc=70168717 area_wfp=780036A4 argc=4 frame=0 real_wsp=700015AA shadow_wsp=700015B4 master_wfp=700015B4 ret=70166E20 depth=1
hijack seq=003108 caller=QUEST2 WRTN  DIST                 area_wfp=780036A4 ret_pc=70168732 real_wsp=700015A0 (was 78003690) shadow_wsp=700015A0 master_wfp=700015B4 depth=0
hijack seq=003110 caller=QUEST2 WSAVS DIST                 pc=70168717 area_wfp=780036A4 argc=4 frame=0 real_wsp=700015AA shadow_wsp=700015B4 master_wfp=700015B4 ret=70166E20 depth=1
hijack seq=003112 caller=QUEST2 WRTN  DIST                 area_wfp=780036A4 ret_pc=70168732 real_wsp=700015A0 (was 78003690) shadow_wsp=700015A0 master_wfp=700015B4 depth=0
hijack seq=003117 caller=QUEST2 WSAVS DIST                 pc=70168717 area_wfp=780036A4 argc=4 frame=0 real_wsp=700015AA shadow_wsp=700015B4 master_wfp=700015B4 ret=70166E20 depth=1
hijack seq=003119 caller=QUEST2 WRTN  DIST                 area_wfp=780036A4 ret_pc=70168732 real_wsp=700015A0 (was 78003690) shadow_wsp=700015A0 master_wfp=700015B4 depth=0
hijack seq=003121 caller=QUEST2 WSAVS DIST                 pc=70168717 area_wfp=780036A4 argc=4 frame=0 real_wsp=700015AA shadow_wsp=700015B4 master_wfp=700015B4 ret=70166E20 depth=1
hijack seq=003123 caller=QUEST2 WRTN  DIST                 area_wfp=780036A4 ret_pc=70168732 real_wsp=700015A0 (was 78003690) shadow_wsp=700015A0 master_wfp=700015B4 depth=0
hijack seq=003125 caller=QUEST2 WSAVS DIST                 pc=70168717 area_wfp=780036A4 argc=4 frame=0 real_wsp=700015AA shadow_wsp=700015B4 master_wfp=700015B4 ret=70166E20 depth=1
hijack seq=003127 caller=QUEST2 WRTN  DIST                 area_wfp=780036A4 ret_pc=70168732 real_wsp=700015A0 (was 78003690) shadow_wsp=700015A0 master_wfp=700015B4 depth=0
hijack seq=003130 caller=QUEST2 WSAVS DIST                 pc=70168717 area_wfp=780036A4 argc=4 frame=0 real_wsp=700015AA shadow_wsp=700015B4 master_wfp=700015B4 ret=70166E20 depth=1
hijack seq=003134 caller=QUEST2 WRTN  DIST                 area_wfp=780036A4 ret_pc=70168732 real_wsp=700015A0 (was 78003690) shadow_wsp=700015A0 master_wfp=700015B4 depth=0
hijack seq=003136 caller=QUEST2 WSAVS DIST                 pc=70168717 area_wfp=780036A4 argc=4 frame=0 real_wsp=700015AA shadow_wsp=700015B4 master_wfp=700015B4 ret=70166E20 depth=1
hijack seq=003138 caller=QUEST2 WRTN  DIST                 area_wfp=780036A4 ret_pc=70168732 real_wsp=700015A0 (was 78003690) shadow_wsp=700015A0 master_wfp=700015B4 depth=0
hijack seq=003140 caller=QUEST2 WSAVS DIST                 pc=70168717 area_wfp=780036A4 argc=4 frame=0 real_wsp=700015AA shadow_wsp=700015B4 master_wfp=700015B4 ret=70166E20 depth=1
hijack seq=003142 caller=QUEST2 WRTN  DIST                 area_wfp=780036A4 ret_pc=70168732 real_wsp=700015A0 (was 78003690) shadow_wsp=700015A0 master_wfp=700015B4 depth=0
hijack seq=003147 caller=QUEST2 WSAVS DIST                 pc=70168717 area_wfp=780036A4 argc=4 frame=0 real_wsp=700015AA shadow_wsp=700015B4 master_wfp=700015B4 ret=70166E20 depth=1
hijack seq=003149 caller=QUEST2 WRTN  DIST                 area_wfp=780036A4 ret_pc=70168732 real_wsp=700015A0 (was 78003690) shadow_wsp=700015A0 master_wfp=700015B4 depth=0
hijack seq=003151 caller=QUEST2 WSAVS DIST                 pc=70168717 area_wfp=780036A4 argc=4 frame=0 real_wsp=700015AA shadow_wsp=700015B4 master_wfp=700015B4 ret=70166E20 depth=1
hijack seq=003153 caller=QUEST2 WRTN  DIST                 area_wfp=780036A4 ret_pc=70168732 real_wsp=700015A0 (was 78003690) shadow_wsp=700015A0 master_wfp=700015B4 depth=0
hijack seq=003155 caller=QUEST2 WSAVS DIST                 pc=70168717 area_wfp=780036A4 argc=4 frame=0 real_wsp=700015AA shadow_wsp=700015B4 master_wfp=700015B4 ret=70166E20 depth=1
hijack seq=003157 caller=QUEST2 WRTN  DIST                 area_wfp=780036A4 ret_pc=70168732 real_wsp=700015A0 (was 78003690) shadow_wsp=700015A0 master_wfp=700015B4 depth=0
hijack seq=003160 caller=QUEST2 WSAVS DIST                 pc=70168717 area_wfp=780036A4 argc=4 frame=0 real_wsp=700015AA shadow_wsp=700015B4 master_wfp=700015B4 ret=70166E20 depth=1
hijack seq=003164 caller=QUEST2 WRTN  DIST                 area_wfp=780036A4 ret_pc=70168732 real_wsp=700015A0 (was 78003690) shadow_wsp=700015A0 master_wfp=700015B4 depth=0
hijack seq=003166 caller=QUEST2 WSAVS DIST                 pc=70168717 area_wfp=780036A4 argc=4 frame=0 real_wsp=700015AA shadow_wsp=700015B4 master_wfp=700015B4 ret=70166E20 depth=1
hijack seq=003168 caller=QUEST2 WRTN  DIST                 area_wfp=780036A4 ret_pc=70168732 real_wsp=700015A0 (was 78003690) shadow_wsp=700015A0 master_wfp=700015B4 depth=0
hijack seq=003170 caller=QUEST2 WSAVS DIST                 pc=70168717 area_wfp=780036A4 argc=4 frame=0 real_wsp=700015AA shadow_wsp=700015B4 master_wfp=700015B4 ret=70166E20 depth=1
hijack seq=003172 caller=QUEST2 WRTN  DIST                 area_wfp=780036A4 ret_pc=70168732 real_wsp=700015A0 (was 78003690) shadow_wsp=700015A0 master_wfp=700015B4 depth=0
hijack seq=003177 caller=QUEST2 WSAVS DIST                 pc=70168717 area_wfp=780036A4 argc=4 frame=0 real_wsp=700015AA shadow_wsp=700015B4 master_wfp=700015B4 ret=70166E20 depth=1
hijack seq=003179 caller=QUEST2 WRTN  DIST                 area_wfp=780036A4 ret_pc=70168732 real_wsp=700015A0 (was 78003690) shadow_wsp=700015A0 master_wfp=700015B4 depth=0
hijack seq=003181 caller=QUEST2 WSAVS DIST                 pc=70168717 area_wfp=780036A4 argc=4 frame=0 real_wsp=700015AA shadow_wsp=700015B4 master_wfp=700015B4 ret=70166E20 depth=1
hijack seq=003183 caller=QUEST2 WRTN  DIST                 area_wfp=780036A4 ret_pc=70168732 real_wsp=700015A0 (was 78003690) shadow_wsp=700015A0 master_wfp=700015B4 depth=0
hijack seq=003185 caller=QUEST2 WSAVS DIST                 pc=70168717 area_wfp=780036A4 argc=4 frame=0 real_wsp=700015AA shadow_wsp=700015B4 master_wfp=700015B4 ret=70166E20 depth=1
hijack seq=003187 caller=QUEST2 WRTN  DIST                 area_wfp=780036A4 ret_pc=70168732 real_wsp=700015A0 (was 78003690) shadow_wsp=700015A0 master_wfp=700015B4 depth=0
hijack seq=003191 caller=QUEST2 WSAVS DIST                 pc=70168717 area_wfp=780036A4 argc=4 frame=0 real_wsp=700015AA shadow_wsp=700015B4 master_wfp=700015B4 ret=70166E20 depth=1
hijack seq=003193 caller=QUEST2 WRTN  DIST                 area_wfp=780036A4 ret_pc=70168732 real_wsp=700015A0 (was 78003690) shadow_wsp=700015A0 master_wfp=700015B4 depth=0
hijack seq=003195 caller=QUEST2 WSAVS DIST                 pc=70168717 area_wfp=780036A4 argc=4 frame=0 real_wsp=700015AA shadow_wsp=700015B4 master_wfp=700015B4 ret=70166E20 depth=1
hijack seq=003197 caller=QUEST2 WRTN  DIST                 area_wfp=780036A4 ret_pc=70168732 real_wsp=700015A0 (was 78003690) shadow_wsp=700015A0 master_wfp=700015B4 depth=0
hijack seq=003200 caller=QUEST2 WSAVS DIST                 pc=70168717 area_wfp=780036A4 argc=4 frame=0 real_wsp=700015AA shadow_wsp=700015B4 master_wfp=700015B4 ret=70166E20 depth=1
hijack seq=003202 caller=QUEST2 WRTN  DIST                 area_wfp=780036A4 ret_pc=70168732 real_wsp=700015A0 (was 78003690) shadow_wsp=700015A0 master_wfp=700015B4 depth=0
hijack seq=003207 caller=QUEST2 WSAVS DIST                 pc=70168717 area_wfp=780036A4 argc=4 frame=0 real_wsp=700015AA shadow_wsp=700015B4 master_wfp=700015B4 ret=70166E20 depth=1
hijack seq=003209 caller=QUEST2 WRTN  DIST                 area_wfp=780036A4 ret_pc=70168732 real_wsp=700015A0 (was 78003690) shadow_wsp=700015A0 master_wfp=700015B4 depth=0
hijack seq=003211 caller=QUEST2 WSAVS DIST                 pc=70168717 area_wfp=780036A4 argc=4 frame=0 real_wsp=700015AA shadow_wsp=700015B4 master_wfp=700015B4 ret=70166E20 depth=1
hijack seq=003213 caller=QUEST2 WRTN  DIST                 area_wfp=780036A4 ret_pc=70168732 real_wsp=700015A0 (was 78003690) shadow_wsp=700015A0 master_wfp=700015B4 depth=0
hijack seq=003215 caller=QUEST2 WSAVS DIST                 pc=70168717 area_wfp=780036A4 argc=4 frame=0 real_wsp=700015AA shadow_wsp=700015B4 master_wfp=700015B4 ret=70166E20 depth=1
hijack seq=003217 caller=QUEST2 WRTN  DIST                 area_wfp=780036A4 ret_pc=70168732 real_wsp=700015A0 (was 78003690) shadow_wsp=700015A0 master_wfp=700015B4 depth=0
hijack seq=003221 caller=QUEST2 WSAVS DIST                 pc=70168717 area_wfp=780036A4 argc=4 frame=0 real_wsp=700015AA shadow_wsp=700015B4 master_wfp=700015B4 ret=70166E20 depth=1
hijack seq=003223 caller=QUEST2 WRTN  DIST                 area_wfp=780036A4 ret_pc=70168732 real_wsp=700015A0 (was 78003690) shadow_wsp=700015A0 master_wfp=700015B4 depth=0
hijack seq=003225 caller=QUEST2 WSAVS DIST                 pc=70168717 area_wfp=780036A4 argc=4 frame=0 real_wsp=700015AA shadow_wsp=700015B4 master_wfp=700015B4 ret=70166E20 depth=1
hijack seq=003227 caller=QUEST2 WRTN  DIST                 area_wfp=780036A4 ret_pc=70168732 real_wsp=700015A0 (was 78003690) shadow_wsp=700015A0 master_wfp=700015B4 depth=0
hijack seq=003230 caller=QUEST2 WSAVS DIST                 pc=70168717 area_wfp=780036A4 argc=4 frame=0 real_wsp=700015AA shadow_wsp=700015B4 master_wfp=700015B4 ret=70166E20 depth=1
hijack seq=003232 caller=QUEST2 WRTN  DIST                 area_wfp=780036A4 ret_pc=70168732 real_wsp=700015A0 (was 78003690) shadow_wsp=700015A0 master_wfp=700015B4 depth=0
hijack seq=003237 caller=QUEST2 WSAVS DIST                 pc=70168717 area_wfp=780036A4 argc=4 frame=0 real_wsp=700015AA shadow_wsp=700015B4 master_wfp=700015B4 ret=70166E20 depth=1
hijack seq=003239 caller=QUEST2 WRTN  DIST                 area_wfp=780036A4 ret_pc=70168732 real_wsp=700015A0 (was 78003690) shadow_wsp=700015A0 master_wfp=700015B4 depth=0
hijack seq=003241 caller=QUEST2 WSAVS DIST                 pc=70168717 area_wfp=780036A4 argc=4 frame=0 real_wsp=700015AA shadow_wsp=700015B4 master_wfp=700015B4 ret=70166E20 depth=1
hijack seq=003243 caller=QUEST2 WRTN  DIST                 area_wfp=780036A4 ret_pc=70168732 real_wsp=700015A0 (was 78003690) shadow_wsp=700015A0 master_wfp=700015B4 depth=0
hijack seq=003245 caller=QUEST2 WSAVS DIST                 pc=70168717 area_wfp=780036A4 argc=4 frame=0 real_wsp=700015AA shadow_wsp=700015B4 master_wfp=700015B4 ret=70166E20 depth=1
hijack seq=003247 caller=QUEST2 WRTN  DIST                 area_wfp=780036A4 ret_pc=70168732 real_wsp=700015A0 (was 78003690) shadow_wsp=700015A0 master_wfp=700015B4 depth=0
hijack seq=003252 caller=QUEST2 WSAVS DIST                 pc=70168717 area_wfp=780036A4 argc=4 frame=0 real_wsp=700015AA shadow_wsp=700015B4 master_wfp=700015B4 ret=70166E20 depth=1
hijack seq=003254 caller=QUEST2 WRTN  DIST                 area_wfp=780036A4 ret_pc=70168732 real_wsp=700015A0 (was 78003690) shadow_wsp=700015A0 master_wfp=700015B4 depth=0
hijack seq=003256 caller=QUEST2 WSAVS DIST                 pc=70168717 area_wfp=780036A4 argc=4 frame=0 real_wsp=700015AA shadow_wsp=700015B4 master_wfp=700015B4 ret=70166E20 depth=1
hijack seq=003258 caller=QUEST2 WRTN  DIST                 area_wfp=780036A4 ret_pc=70168732 real_wsp=700015A0 (was 78003690) shadow_wsp=700015A0 master_wfp=700015B4 depth=0
hijack seq=003260 caller=QUEST2 WSAVS DIST                 pc=70168717 area_wfp=780036A4 argc=4 frame=0 real_wsp=700015AA shadow_wsp=700015B4 master_wfp=700015B4 ret=70166E20 depth=1
hijack seq=003262 caller=QUEST2 WRTN  DIST                 area_wfp=780036A4 ret_pc=70168732 real_wsp=700015A0 (was 78003690) shadow_wsp=700015A0 master_wfp=700015B4 depth=0
hijack seq=003266 caller=QUEST2 WSAVS DIST                 pc=70168717 area_wfp=780036A4 argc=4 frame=0 real_wsp=700015AA shadow_wsp=700015B4 master_wfp=700015B4 ret=70166E20 depth=1
hijack seq=003268 caller=QUEST2 WRTN  DIST                 area_wfp=780036A4 ret_pc=70168732 real_wsp=700015A0 (was 78003690) shadow_wsp=700015A0 master_wfp=700015B4 depth=0
hijack seq=003270 caller=QUEST2 WSAVS DIST                 pc=70168717 area_wfp=780036A4 argc=4 frame=0 real_wsp=700015AA shadow_wsp=700015B4 master_wfp=700015B4 ret=70166E20 depth=1
hijack seq=003273 caller=QUEST2 WRTN  DIST                 area_wfp=780036A4 ret_pc=70168732 real_wsp=700015A0 (was 78003690) shadow_wsp=700015A0 master_wfp=700015B4 depth=0
hijack seq=003275 caller=QUEST2 WSAVS DIST                 pc=70168717 area_wfp=780036A4 argc=4 frame=0 real_wsp=700015AA shadow_wsp=700015B4 master_wfp=700015B4 ret=70166E20 depth=1
hijack seq=003277 caller=QUEST2 WRTN  DIST                 area_wfp=780036A4 ret_pc=70168732 real_wsp=700015A0 (was 78003690) shadow_wsp=700015A0 master_wfp=700015B4 depth=0
hijack seq=003282 caller=QUEST2 WSAVS DIST                 pc=70168717 area_wfp=780036A4 argc=4 frame=0 real_wsp=700015AA shadow_wsp=700015B4 master_wfp=700015B4 ret=70166E20 depth=1
hijack seq=003284 caller=QUEST2 WRTN  DIST                 area_wfp=780036A4 ret_pc=70168732 real_wsp=700015A0 (was 78003690) shadow_wsp=700015A0 master_wfp=700015B4 depth=0
hijack seq=003286 caller=QUEST2 WSAVS DIST                 pc=70168717 area_wfp=780036A4 argc=4 frame=0 real_wsp=700015AA shadow_wsp=700015B4 master_wfp=700015B4 ret=70166E20 depth=1
hijack seq=003288 caller=QUEST2 WRTN  DIST                 area_wfp=780036A4 ret_pc=70168732 real_wsp=700015A0 (was 78003690) shadow_wsp=700015A0 master_wfp=700015B4 depth=0
hijack seq=003290 caller=QUEST2 WSAVS DIST                 pc=70168717 area_wfp=780036A4 argc=4 frame=0 real_wsp=700015AA shadow_wsp=700015B4 master_wfp=700015B4 ret=70166E20 depth=1
hijack seq=003292 caller=QUEST2 WRTN  DIST                 area_wfp=780036A4 ret_pc=70168732 real_wsp=700015A0 (was 78003690) shadow_wsp=700015A0 master_wfp=700015B4 depth=0
hijack seq=003296 caller=QUEST2 WSAVS DIST                 pc=70168717 area_wfp=780036A4 argc=4 frame=0 real_wsp=700015AA shadow_wsp=700015B4 master_wfp=700015B4 ret=70166E20 depth=1
hijack seq=003298 caller=QUEST2 WRTN  DIST                 area_wfp=780036A4 ret_pc=70168732 real_wsp=700015A0 (was 78003690) shadow_wsp=700015A0 master_wfp=700015B4 depth=0
hijack seq=003300 caller=QUEST2 WSAVS DIST                 pc=70168717 area_wfp=780036A4 argc=4 frame=0 real_wsp=700015AA shadow_wsp=700015B4 master_wfp=700015B4 ret=70166E20 depth=1
hijack seq=003303 caller=QUEST2 WRTN  DIST                 area_wfp=780036A4 ret_pc=70168732 real_wsp=700015A0 (was 78003690) shadow_wsp=700015A0 master_wfp=700015B4 depth=0
hijack seq=003305 caller=QUEST2 WSAVS DIST                 pc=70168717 area_wfp=780036A4 argc=4 frame=0 real_wsp=700015AA shadow_wsp=700015B4 master_wfp=700015B4 ret=70166E20 depth=1
hijack seq=003307 caller=QUEST2 WRTN  DIST                 area_wfp=780036A4 ret_pc=70168732 real_wsp=700015A0 (was 78003690) shadow_wsp=700015A0 master_wfp=700015B4 depth=0
hijack seq=003312 caller=QUEST2 WSAVS DIST                 pc=70168717 area_wfp=780036A4 argc=4 frame=0 real_wsp=700015AA shadow_wsp=700015B4 master_wfp=700015B4 ret=70166E20 depth=1
hijack seq=003314 caller=QUEST2 WRTN  DIST                 area_wfp=780036A4 ret_pc=70168732 real_wsp=700015A0 (was 78003690) shadow_wsp=700015A0 master_wfp=700015B4 depth=0
hijack seq=003316 caller=QUEST2 WSAVS DIST                 pc=70168717 area_wfp=780036A4 argc=4 frame=0 real_wsp=700015AA shadow_wsp=700015B4 master_wfp=700015B4 ret=70166E20 depth=1
hijack seq=003318 caller=QUEST2 WRTN  DIST                 area_wfp=780036A4 ret_pc=70168732 real_wsp=700015A0 (was 78003690) shadow_wsp=700015A0 master_wfp=700015B4 depth=0
hijack seq=003320 caller=QUEST2 WSAVS DIST                 pc=70168717 area_wfp=780036A4 argc=4 frame=0 real_wsp=700015AA shadow_wsp=700015B4 master_wfp=700015B4 ret=70166E20 depth=1
hijack seq=003322 caller=QUEST2 WRTN  DIST                 area_wfp=780036A4 ret_pc=70168732 real_wsp=700015A0 (was 78003690) shadow_wsp=700015A0 master_wfp=700015B4 depth=0
hijack seq=003327 caller=QUEST2 WSAVS DIST                 pc=70168717 area_wfp=780036A4 argc=4 frame=0 real_wsp=700015AA shadow_wsp=700015B4 master_wfp=700015B4 ret=70166E20 depth=1
hijack seq=003329 caller=QUEST2 WRTN  DIST                 area_wfp=780036A4 ret_pc=70168732 real_wsp=700015A0 (was 78003690) shadow_wsp=700015A0 master_wfp=700015B4 depth=0
hijack seq=003331 caller=QUEST2 WSAVS DIST                 pc=70168717 area_wfp=780036A4 argc=4 frame=0 real_wsp=700015AA shadow_wsp=700015B4 master_wfp=700015B4 ret=70166E20 depth=1
hijack seq=003333 caller=QUEST2 WRTN  DIST                 area_wfp=780036A4 ret_pc=70168732 real_wsp=700015A0 (was 78003690) shadow_wsp=700015A0 master_wfp=700015B4 depth=0
hijack seq=003335 caller=QUEST2 WSAVS DIST                 pc=70168717 area_wfp=780036A4 argc=4 frame=0 real_wsp=700015AA shadow_wsp=700015B4 master_wfp=700015B4 ret=70166E20 depth=1
hijack seq=003337 caller=QUEST2 WRTN  DIST                 area_wfp=780036A4 ret_pc=70168732 real_wsp=700015A0 (was 78003690) shadow_wsp=700015A0 master_wfp=700015B4 depth=0
hijack seq=003340 caller=QUEST2 WSAVS DIST                 pc=70168717 area_wfp=780036A4 argc=4 frame=0 real_wsp=700015AA shadow_wsp=700015B4 master_wfp=700015B4 ret=70166E20 depth=1
hijack seq=003342 caller=QUEST2 WRTN  DIST                 area_wfp=780036A4 ret_pc=70168732 real_wsp=700015A0 (was 78003690) shadow_wsp=700015A0 master_wfp=700015B4 depth=0
hijack seq=003346 caller=QUEST2 WSAVS DIST                 pc=70168717 area_wfp=780036A4 argc=4 frame=0 real_wsp=700015AA shadow_wsp=700015B4 master_wfp=700015B4 ret=70166E20 depth=1
hijack seq=003348 caller=QUEST2 WRTN  DIST                 area_wfp=780036A4 ret_pc=70168732 real_wsp=700015A0 (was 78003690) shadow_wsp=700015A0 master_wfp=700015B4 depth=0
hijack seq=003350 caller=QUEST2 WSAVS DIST                 pc=70168717 area_wfp=780036A4 argc=4 frame=0 real_wsp=700015AA shadow_wsp=700015B4 master_wfp=700015B4 ret=70166E20 depth=1
hijack seq=003352 caller=QUEST2 WRTN  DIST                 area_wfp=780036A4 ret_pc=70168732 real_wsp=700015A0 (was 78003690) shadow_wsp=700015A0 master_wfp=700015B4 depth=0
hijack seq=003357 caller=QUEST2 WSAVS DIST                 pc=70168717 area_wfp=780036A4 argc=4 frame=0 real_wsp=700015AA shadow_wsp=700015B4 master_wfp=700015B4 ret=70166E20 depth=1
hijack seq=003359 caller=QUEST2 WRTN  DIST                 area_wfp=780036A4 ret_pc=70168732 real_wsp=700015A0 (was 78003690) shadow_wsp=700015A0 master_wfp=700015B4 depth=0
hijack seq=003361 caller=QUEST2 WSAVS DIST                 pc=70168717 area_wfp=780036A4 argc=4 frame=0 real_wsp=700015AA shadow_wsp=700015B4 master_wfp=700015B4 ret=70166E20 depth=1
hijack seq=003363 caller=QUEST2 WRTN  DIST                 area_wfp=780036A4 ret_pc=70168732 real_wsp=700015A0 (was 78003690) shadow_wsp=700015A0 master_wfp=700015B4 depth=0
hijack seq=003365 caller=QUEST2 WSAVS DIST                 pc=70168717 area_wfp=780036A4 argc=4 frame=0 real_wsp=700015AA shadow_wsp=700015B4 master_wfp=700015B4 ret=70166E20 depth=1
hijack seq=003367 caller=QUEST2 WRTN  DIST                 area_wfp=780036A4 ret_pc=70168732 real_wsp=700015A0 (was 78003690) shadow_wsp=700015A0 master_wfp=700015B4 depth=0
hijack seq=003371 caller=QUEST2 WSAVS DIST                 pc=70168717 area_wfp=780036A4 argc=4 frame=0 real_wsp=700015AA shadow_wsp=700015B4 master_wfp=700015B4 ret=70166E20 depth=1
hijack seq=003373 caller=QUEST2 WRTN  DIST                 area_wfp=780036A4 ret_pc=70168732 real_wsp=700015A0 (was 78003690) shadow_wsp=700015A0 master_wfp=700015B4 depth=0
hijack seq=003375 caller=QUEST2 WSAVS DIST                 pc=70168717 area_wfp=780036A4 argc=4 frame=0 real_wsp=700015AA shadow_wsp=700015B4 master_wfp=700015B4 ret=70166E20 depth=1
hijack seq=003377 caller=QUEST2 WRTN  DIST                 area_wfp=780036A4 ret_pc=70168732 real_wsp=700015A0 (was 78003690) shadow_wsp=700015A0 master_wfp=700015B4 depth=0
hijack seq=003380 caller=QUEST2 WSAVS DIST                 pc=70168717 area_wfp=780036A4 argc=4 frame=0 real_wsp=700015AA shadow_wsp=700015B4 master_wfp=700015B4 ret=70166E20 depth=1
hijack seq=003382 caller=QUEST2 WRTN  DIST                 area_wfp=780036A4 ret_pc=70168732 real_wsp=700015A0 (was 78003690) shadow_wsp=700015A0 master_wfp=700015B4 depth=0
hijack seq=003387 caller=QUEST2 WSAVS DIST                 pc=70168717 area_wfp=780036A4 argc=4 frame=0 real_wsp=700015AA shadow_wsp=700015B4 master_wfp=700015B4 ret=70166E20 depth=1
hijack seq=003389 caller=QUEST2 WRTN  DIST                 area_wfp=780036A4 ret_pc=70168732 real_wsp=700015A0 (was 78003690) shadow_wsp=700015A0 master_wfp=700015B4 depth=0
hijack seq=003391 caller=QUEST2 WSAVS DIST                 pc=70168717 area_wfp=780036A4 argc=4 frame=0 real_wsp=700015AA shadow_wsp=700015B4 master_wfp=700015B4 ret=70166E20 depth=1
hijack seq=003393 caller=QUEST2 WRTN  DIST                 area_wfp=780036A4 ret_pc=70168732 real_wsp=700015A0 (was 78003690) shadow_wsp=700015A0 master_wfp=700015B4 depth=0
hijack seq=003395 caller=QUEST2 WSAVS DIST                 pc=70168717 area_wfp=780036A4 argc=4 frame=0 real_wsp=700015AA shadow_wsp=700015B4 master_wfp=700015B4 ret=70166E20 depth=1
hijack seq=003397 caller=QUEST2 WRTN  DIST                 area_wfp=780036A4 ret_pc=70168732 real_wsp=700015A0 (was 78003690) shadow_wsp=700015A0 master_wfp=700015B4 depth=0
hijack seq=003402 caller=QUEST2 WSAVS DIST                 pc=70168717 area_wfp=780036A4 argc=4 frame=0 real_wsp=700015AA shadow_wsp=700015B4 master_wfp=700015B4 ret=70166E20 depth=1
hijack seq=003404 caller=QUEST2 WRTN  DIST                 area_wfp=780036A4 ret_pc=70168732 real_wsp=700015A0 (was 78003690) shadow_wsp=700015A0 master_wfp=700015B4 depth=0
hijack seq=003406 caller=QUEST2 WSAVS DIST                 pc=70168717 area_wfp=780036A4 argc=4 frame=0 real_wsp=700015AA shadow_wsp=700015B4 master_wfp=700015B4 ret=70166E20 depth=1
hijack seq=003408 caller=QUEST2 WRTN  DIST                 area_wfp=780036A4 ret_pc=70168732 real_wsp=700015A0 (was 78003690) shadow_wsp=700015A0 master_wfp=700015B4 depth=0
hijack seq=003410 caller=QUEST2 WSAVS DIST                 pc=70168717 area_wfp=780036A4 argc=4 frame=0 real_wsp=700015AA shadow_wsp=700015B4 master_wfp=700015B4 ret=70166E20 depth=1
hijack seq=003412 caller=QUEST2 WRTN  DIST                 area_wfp=780036A4 ret_pc=70168732 real_wsp=700015A0 (was 78003690) shadow_wsp=700015A0 master_wfp=700015B4 depth=0
hijack seq=003416 caller=QUEST2 WSAVS DIST                 pc=70168717 area_wfp=780036A4 argc=4 frame=0 real_wsp=700015AA shadow_wsp=700015B4 master_wfp=700015B4 ret=70166E20 depth=1
hijack seq=003418 caller=QUEST2 WRTN  DIST                 area_wfp=780036A4 ret_pc=70168732 real_wsp=700015A0 (was 78003690) shadow_wsp=700015A0 master_wfp=700015B4 depth=0
hijack seq=003420 caller=QUEST2 WSAVS DIST                 pc=70168717 area_wfp=780036A4 argc=4 frame=0 real_wsp=700015AA shadow_wsp=700015B4 master_wfp=700015B4 ret=70166E20 depth=1
hijack seq=003423 caller=QUEST2 WRTN  DIST                 area_wfp=780036A4 ret_pc=70168732 real_wsp=700015A0 (was 78003690) shadow_wsp=700015A0 master_wfp=700015B4 depth=0
hijack seq=003425 caller=QUEST2 WSAVS DIST                 pc=70168717 area_wfp=780036A4 argc=4 frame=0 real_wsp=700015AA shadow_wsp=700015B4 master_wfp=700015B4 ret=70166E20 depth=1
hijack seq=003427 caller=QUEST2 WRTN  DIST                 area_wfp=780036A4 ret_pc=70168732 real_wsp=700015A0 (was 78003690) shadow_wsp=700015A0 master_wfp=700015B4 depth=0
hijack seq=003432 caller=QUEST2 WSAVS DIST                 pc=70168717 area_wfp=780036A4 argc=4 frame=0 real_wsp=700015AA shadow_wsp=700015B4 master_wfp=700015B4 ret=70166E20 depth=1
hijack seq=003434 caller=QUEST2 WRTN  DIST                 area_wfp=780036A4 ret_pc=70168732 real_wsp=700015A0 (was 78003690) shadow_wsp=700015A0 master_wfp=700015B4 depth=0
hijack seq=003436 caller=QUEST2 WSAVS DIST                 pc=70168717 area_wfp=780036A4 argc=4 frame=0 real_wsp=700015AA shadow_wsp=700015B4 master_wfp=700015B4 ret=70166E20 depth=1
hijack seq=003438 caller=QUEST2 WRTN  DIST                 area_wfp=780036A4 ret_pc=70168732 real_wsp=700015A0 (was 78003690) shadow_wsp=700015A0 master_wfp=700015B4 depth=0
hijack seq=003440 caller=QUEST2 WSAVS DIST                 pc=70168717 area_wfp=780036A4 argc=4 frame=0 real_wsp=700015AA shadow_wsp=700015B4 master_wfp=700015B4 ret=70166E20 depth=1
hijack seq=003442 caller=QUEST2 WRTN  DIST                 area_wfp=780036A4 ret_pc=70168732 real_wsp=700015A0 (was 78003690) shadow_wsp=700015A0 master_wfp=700015B4 depth=0
hijack seq=003447 caller=QUEST2 WSAVS DIST                 pc=70168717 area_wfp=780036A4 argc=4 frame=0 real_wsp=700015AA shadow_wsp=700015B4 master_wfp=700015B4 ret=70166E20 depth=1
hijack seq=003449 caller=QUEST2 WRTN  DIST                 area_wfp=780036A4 ret_pc=70168732 real_wsp=700015A0 (was 78003690) shadow_wsp=700015A0 master_wfp=700015B4 depth=0
hijack seq=003451 caller=QUEST2 WSAVS DIST                 pc=70168717 area_wfp=780036A4 argc=4 frame=0 real_wsp=700015AA shadow_wsp=700015B4 master_wfp=700015B4 ret=70166E20 depth=1
hijack seq=003453 caller=QUEST2 WRTN  DIST                 area_wfp=780036A4 ret_pc=70168732 real_wsp=700015A0 (was 78003690) shadow_wsp=700015A0 master_wfp=700015B4 depth=0
hijack seq=003455 caller=QUEST2 WSAVS DIST                 pc=70168717 area_wfp=780036A4 argc=4 frame=0 real_wsp=700015AA shadow_wsp=700015B4 master_wfp=700015B4 ret=70166E20 depth=1
hijack seq=003457 caller=QUEST2 WRTN  DIST                 area_wfp=780036A4 ret_pc=70168732 real_wsp=700015A0 (was 78003690) shadow_wsp=700015A0 master_wfp=700015B4 depth=0
hijack seq=003462 caller=QUEST2 WSAVS DIST                 pc=70168717 area_wfp=780036A4 argc=4 frame=0 real_wsp=700015AA shadow_wsp=700015B4 master_wfp=700015B4 ret=70166E20 depth=1
hijack seq=003464 caller=QUEST2 WRTN  DIST                 area_wfp=780036A4 ret_pc=70168732 real_wsp=700015A0 (was 78003690) shadow_wsp=700015A0 master_wfp=700015B4 depth=0
hijack seq=003466 caller=QUEST2 WSAVS DIST                 pc=70168717 area_wfp=780036A4 argc=4 frame=0 real_wsp=700015AA shadow_wsp=700015B4 master_wfp=700015B4 ret=70166E20 depth=1
hijack seq=003468 caller=QUEST2 WRTN  DIST                 area_wfp=780036A4 ret_pc=70168732 real_wsp=700015A0 (was 78003690) shadow_wsp=700015A0 master_wfp=700015B4 depth=0
hijack seq=003470 caller=QUEST2 WSAVS DIST                 pc=70168717 area_wfp=780036A4 argc=4 frame=0 real_wsp=700015AA shadow_wsp=700015B4 master_wfp=700015B4 ret=70166E20 depth=1
hijack seq=003472 caller=QUEST2 WRTN  DIST                 area_wfp=780036A4 ret_pc=70168732 real_wsp=700015A0 (was 78003690) shadow_wsp=700015A0 master_wfp=700015B4 depth=0
hijack seq=003477 caller=QUEST2 WSAVS DIST                 pc=70168717 area_wfp=780036A4 argc=4 frame=0 real_wsp=700015AA shadow_wsp=700015B4 master_wfp=700015B4 ret=70166E20 depth=1
hijack seq=003479 caller=QUEST2 WRTN  DIST                 area_wfp=780036A4 ret_pc=70168732 real_wsp=700015A0 (was 78003690) shadow_wsp=700015A0 master_wfp=700015B4 depth=0
hijack seq=003481 caller=QUEST2 WSAVS DIST                 pc=70168717 area_wfp=780036A4 argc=4 frame=0 real_wsp=700015AA shadow_wsp=700015B4 master_wfp=700015B4 ret=70166E20 depth=1
hijack seq=003483 caller=QUEST2 WRTN  DIST                 area_wfp=780036A4 ret_pc=70168732 real_wsp=700015A0 (was 78003690) shadow_wsp=700015A0 master_wfp=700015B4 depth=0
hijack seq=003485 caller=QUEST2 WSAVS DIST                 pc=70168717 area_wfp=780036A4 argc=4 frame=0 real_wsp=700015AA shadow_wsp=700015B4 master_wfp=700015B4 ret=70166E20 depth=1
hijack seq=003487 caller=QUEST2 WRTN  DIST                 area_wfp=780036A4 ret_pc=70168732 real_wsp=700015A0 (was 78003690) shadow_wsp=700015A0 master_wfp=700015B4 depth=0
hijack seq=003490 caller=QUEST2 WSAVS DIST                 pc=70168717 area_wfp=780036A4 argc=4 frame=0 real_wsp=700015AA shadow_wsp=700015B4 master_wfp=700015B4 ret=70166E20 depth=1
hijack seq=003492 caller=QUEST2 WRTN  DIST                 area_wfp=780036A4 ret_pc=70168732 real_wsp=700015A0 (was 78003690) shadow_wsp=700015A0 master_wfp=700015B4 depth=0
hijack seq=003496 caller=QUEST2 WSAVS DIST                 pc=70168717 area_wfp=780036A4 argc=4 frame=0 real_wsp=700015AA shadow_wsp=700015B4 master_wfp=700015B4 ret=70166E20 depth=1
hijack seq=003498 caller=QUEST2 WRTN  DIST                 area_wfp=780036A4 ret_pc=70168732 real_wsp=700015A0 (was 78003690) shadow_wsp=700015A0 master_wfp=700015B4 depth=0
hijack seq=003500 caller=QUEST2 WSAVS DIST                 pc=70168717 area_wfp=780036A4 argc=4 frame=0 real_wsp=700015AA shadow_wsp=700015B4 master_wfp=700015B4 ret=70166E20 depth=1
hijack seq=003502 caller=QUEST2 WRTN  DIST                 area_wfp=780036A4 ret_pc=70168732 real_wsp=700015A0 (was 78003690) shadow_wsp=700015A0 master_wfp=700015B4 depth=0
hijack seq=003507 caller=QUEST2 WSAVS DIST                 pc=70168717 area_wfp=780036A4 argc=4 frame=0 real_wsp=700015AA shadow_wsp=700015B4 master_wfp=700015B4 ret=70166E20 depth=1
hijack seq=003509 caller=QUEST2 WRTN  DIST                 area_wfp=780036A4 ret_pc=70168732 real_wsp=700015A0 (was 78003690) shadow_wsp=700015A0 master_wfp=700015B4 depth=0
hijack seq=003511 caller=QUEST2 WSAVS DIST                 pc=70168717 area_wfp=780036A4 argc=4 frame=0 real_wsp=700015AA shadow_wsp=700015B4 master_wfp=700015B4 ret=70166E20 depth=1
hijack seq=003513 caller=QUEST2 WRTN  DIST                 area_wfp=780036A4 ret_pc=70168732 real_wsp=700015A0 (was 78003690) shadow_wsp=700015A0 master_wfp=700015B4 depth=0
hijack seq=003515 caller=QUEST2 WSAVS DIST                 pc=70168717 area_wfp=780036A4 argc=4 frame=0 real_wsp=700015AA shadow_wsp=700015B4 master_wfp=700015B4 ret=70166E20 depth=1
hijack seq=003517 caller=QUEST2 WRTN  DIST                 area_wfp=780036A4 ret_pc=70168732 real_wsp=700015A0 (was 78003690) shadow_wsp=700015A0 master_wfp=700015B4 depth=0
hijack seq=003521 caller=QUEST2 WSAVS DIST                 pc=70168717 area_wfp=780036A4 argc=4 frame=0 real_wsp=700015AA shadow_wsp=700015B4 master_wfp=700015B4 ret=70166E20 depth=1
hijack seq=003523 caller=QUEST2 WRTN  DIST                 area_wfp=780036A4 ret_pc=70168732 real_wsp=700015A0 (was 78003690) shadow_wsp=700015A0 master_wfp=700015B4 depth=0
hijack seq=003525 caller=QUEST2 WSAVS DIST                 pc=70168717 area_wfp=780036A4 argc=4 frame=0 real_wsp=700015AA shadow_wsp=700015B4 master_wfp=700015B4 ret=70166E20 depth=1
hijack seq=003527 caller=QUEST2 WRTN  DIST                 area_wfp=780036A4 ret_pc=70168732 real_wsp=700015A0 (was 78003690) shadow_wsp=700015A0 master_wfp=700015B4 depth=0
hijack seq=003530 caller=QUEST2 WSAVS DIST                 pc=70168717 area_wfp=780036A4 argc=4 frame=0 real_wsp=700015AA shadow_wsp=700015B4 master_wfp=700015B4 ret=70166E20 depth=1
hijack seq=003532 caller=QUEST2 WRTN  DIST                 area_wfp=780036A4 ret_pc=70168732 real_wsp=700015A0 (was 78003690) shadow_wsp=700015A0 master_wfp=700015B4 depth=0
hijack seq=003537 caller=QUEST2 WSAVS DIST                 pc=70168717 area_wfp=780036A4 argc=4 frame=0 real_wsp=700015AA shadow_wsp=700015B4 master_wfp=700015B4 ret=70166E20 depth=1
hijack seq=003539 caller=QUEST2 WRTN  DIST                 area_wfp=780036A4 ret_pc=70168732 real_wsp=700015A0 (was 78003690) shadow_wsp=700015A0 master_wfp=700015B4 depth=0
hijack seq=003541 caller=QUEST2 WSAVS DIST                 pc=70168717 area_wfp=780036A4 argc=4 frame=0 real_wsp=700015AA shadow_wsp=700015B4 master_wfp=700015B4 ret=70166E20 depth=1
hijack seq=003543 caller=QUEST2 WRTN  DIST                 area_wfp=780036A4 ret_pc=70168732 real_wsp=700015A0 (was 78003690) shadow_wsp=700015A0 master_wfp=700015B4 depth=0
hijack seq=003545 caller=QUEST2 WSAVS DIST                 pc=70168717 area_wfp=780036A4 argc=4 frame=0 real_wsp=700015AA shadow_wsp=700015B4 master_wfp=700015B4 ret=70166E20 depth=1
hijack seq=003547 caller=QUEST2 WRTN  DIST                 area_wfp=780036A4 ret_pc=70168732 real_wsp=700015A0 (was 78003690) shadow_wsp=700015A0 master_wfp=700015B4 depth=0
hijack seq=003552 caller=QUEST2 WSAVS DIST                 pc=70168717 area_wfp=780036A4 argc=4 frame=0 real_wsp=700015AA shadow_wsp=700015B4 master_wfp=700015B4 ret=70166E20 depth=1
hijack seq=003554 caller=QUEST2 WRTN  DIST                 area_wfp=780036A4 ret_pc=70168732 real_wsp=700015A0 (was 78003690) shadow_wsp=700015A0 master_wfp=700015B4 depth=0
hijack seq=003556 caller=QUEST2 WSAVS DIST                 pc=70168717 area_wfp=780036A4 argc=4 frame=0 real_wsp=700015AA shadow_wsp=700015B4 master_wfp=700015B4 ret=70166E20 depth=1
hijack seq=003558 caller=QUEST2 WRTN  DIST                 area_wfp=780036A4 ret_pc=70168732 real_wsp=700015A0 (was 78003690) shadow_wsp=700015A0 master_wfp=700015B4 depth=0
hijack seq=003560 caller=QUEST2 WSAVS DIST                 pc=70168717 area_wfp=780036A4 argc=4 frame=0 real_wsp=700015AA shadow_wsp=700015B4 master_wfp=700015B4 ret=70166E20 depth=1
hijack seq=003562 caller=QUEST2 WRTN  DIST                 area_wfp=780036A4 ret_pc=70168732 real_wsp=700015A0 (was 78003690) shadow_wsp=700015A0 master_wfp=700015B4 depth=0
hijack seq=003566 caller=QUEST2 WSAVS DIST                 pc=70168717 area_wfp=780036A4 argc=4 frame=0 real_wsp=700015AA shadow_wsp=700015B4 master_wfp=700015B4 ret=70166E20 depth=1
hijack seq=003568 caller=QUEST2 WRTN  DIST                 area_wfp=780036A4 ret_pc=70168732 real_wsp=700015A0 (was 78003690) shadow_wsp=700015A0 master_wfp=700015B4 depth=0
hijack seq=003570 caller=QUEST2 WSAVS DIST                 pc=70168717 area_wfp=780036A4 argc=4 frame=0 real_wsp=700015AA shadow_wsp=700015B4 master_wfp=700015B4 ret=70166E20 depth=1
hijack seq=003573 caller=QUEST2 WRTN  DIST                 area_wfp=780036A4 ret_pc=70168732 real_wsp=700015A0 (was 78003690) shadow_wsp=700015A0 master_wfp=700015B4 depth=0
hijack seq=003575 caller=QUEST2 WSAVS DIST                 pc=70168717 area_wfp=780036A4 argc=4 frame=0 real_wsp=700015AA shadow_wsp=700015B4 master_wfp=700015B4 ret=70166E20 depth=1
hijack seq=003577 caller=QUEST2 WRTN  DIST                 area_wfp=780036A4 ret_pc=70168732 real_wsp=700015A0 (was 78003690) shadow_wsp=700015A0 master_wfp=700015B4 depth=0
hijack seq=003582 caller=QUEST2 WSAVS DIST                 pc=70168717 area_wfp=780036A4 argc=4 frame=0 real_wsp=700015AA shadow_wsp=700015B4 master_wfp=700015B4 ret=70166E20 depth=1
hijack seq=003584 caller=QUEST2 WRTN  DIST                 area_wfp=780036A4 ret_pc=70168732 real_wsp=700015A0 (was 78003690) shadow_wsp=700015A0 master_wfp=700015B4 depth=0
hijack seq=003586 caller=QUEST2 WSAVS DIST                 pc=70168717 area_wfp=780036A4 argc=4 frame=0 real_wsp=700015AA shadow_wsp=700015B4 master_wfp=700015B4 ret=70166E20 depth=1
hijack seq=003588 caller=QUEST2 WRTN  DIST                 area_wfp=780036A4 ret_pc=70168732 real_wsp=700015A0 (was 78003690) shadow_wsp=700015A0 master_wfp=700015B4 depth=0
hijack seq=003590 caller=QUEST2 WSAVS DIST                 pc=70168717 area_wfp=780036A4 argc=4 frame=0 real_wsp=700015AA shadow_wsp=700015B4 master_wfp=700015B4 ret=70166E20 depth=1
hijack seq=003592 caller=QUEST2 WRTN  DIST                 area_wfp=780036A4 ret_pc=70168732 real_wsp=700015A0 (was 78003690) shadow_wsp=700015A0 master_wfp=700015B4 depth=0
hijack seq=003597 caller=QUEST2 WSAVS DIST                 pc=70168717 area_wfp=780036A4 argc=4 frame=0 real_wsp=700015AA shadow_wsp=700015B4 master_wfp=700015B4 ret=70166E20 depth=1
hijack seq=003599 caller=QUEST2 WRTN  DIST                 area_wfp=780036A4 ret_pc=70168732 real_wsp=700015A0 (was 78003690) shadow_wsp=700015A0 master_wfp=700015B4 depth=0
hijack seq=003601 caller=QUEST2 WSAVS DIST                 pc=70168717 area_wfp=780036A4 argc=4 frame=0 real_wsp=700015AA shadow_wsp=700015B4 master_wfp=700015B4 ret=70166E20 depth=1
hijack seq=003603 caller=QUEST2 WRTN  DIST                 area_wfp=780036A4 ret_pc=70168732 real_wsp=700015A0 (was 78003690) shadow_wsp=700015A0 master_wfp=700015B4 depth=0
hijack seq=003605 caller=QUEST2 WSAVS DIST                 pc=70168717 area_wfp=780036A4 argc=4 frame=0 real_wsp=700015AA shadow_wsp=700015B4 master_wfp=700015B4 ret=70166E20 depth=1
hijack seq=003608 caller=QUEST2 WRTN  DIST                 area_wfp=780036A4 ret_pc=70168732 real_wsp=700015A0 (was 78003690) shadow_wsp=700015A0 master_wfp=700015B4 depth=0
hijack seq=003610 caller=QUEST2 WSAVS DIST                 pc=70168717 area_wfp=780036A4 argc=4 frame=0 real_wsp=700015AA shadow_wsp=700015B4 master_wfp=700015B4 ret=70166E20 depth=1
hijack seq=003614 caller=QUEST2 WRTN  DIST                 area_wfp=780036A4 ret_pc=70168732 real_wsp=700015A0 (was 78003690) shadow_wsp=700015A0 master_wfp=700015B4 depth=0
hijack seq=003616 caller=QUEST2 WSAVS DIST                 pc=70168717 area_wfp=780036A4 argc=4 frame=0 real_wsp=700015AA shadow_wsp=700015B4 master_wfp=700015B4 ret=70166E20 depth=1
hijack seq=003618 caller=QUEST2 WRTN  DIST                 area_wfp=780036A4 ret_pc=70168732 real_wsp=700015A0 (was 78003690) shadow_wsp=700015A0 master_wfp=700015B4 depth=0
hijack seq=003620 caller=QUEST2 WSAVS DIST                 pc=70168717 area_wfp=780036A4 argc=4 frame=0 real_wsp=700015AA shadow_wsp=700015B4 master_wfp=700015B4 ret=70166E20 depth=1
hijack seq=003622 caller=QUEST2 WRTN  DIST                 area_wfp=780036A4 ret_pc=70168732 real_wsp=700015A0 (was 78003690) shadow_wsp=700015A0 master_wfp=700015B4 depth=0
hijack seq=003627 caller=QUEST2 WSAVS DIST                 pc=70168717 area_wfp=780036A4 argc=4 frame=0 real_wsp=700015AA shadow_wsp=700015B4 master_wfp=700015B4 ret=70166E20 depth=1
hijack seq=003629 caller=QUEST2 WRTN  DIST                 area_wfp=780036A4 ret_pc=70168732 real_wsp=700015A0 (was 78003690) shadow_wsp=700015A0 master_wfp=700015B4 depth=0
hijack seq=003631 caller=QUEST2 WSAVS DIST                 pc=70168717 area_wfp=780036A4 argc=4 frame=0 real_wsp=700015AA shadow_wsp=700015B4 master_wfp=700015B4 ret=70166E20 depth=1
hijack seq=003633 caller=QUEST2 WRTN  DIST                 area_wfp=780036A4 ret_pc=70168732 real_wsp=700015A0 (was 78003690) shadow_wsp=700015A0 master_wfp=700015B4 depth=0
hijack seq=003635 caller=QUEST2 WSAVS DIST                 pc=70168717 area_wfp=780036A4 argc=4 frame=0 real_wsp=700015AA shadow_wsp=700015B4 master_wfp=700015B4 ret=70166E20 depth=1
hijack seq=003637 caller=QUEST2 WRTN  DIST                 area_wfp=780036A4 ret_pc=70168732 real_wsp=700015A0 (was 78003690) shadow_wsp=700015A0 master_wfp=700015B4 depth=0
hijack seq=003640 caller=QUEST2 WSAVS DIST                 pc=70168717 area_wfp=780036A4 argc=4 frame=0 real_wsp=700015AA shadow_wsp=700015B4 master_wfp=700015B4 ret=70166E20 depth=1
hijack seq=003642 caller=QUEST2 WRTN  DIST                 area_wfp=780036A4 ret_pc=70168732 real_wsp=700015A0 (was 78003690) shadow_wsp=700015A0 master_wfp=700015B4 depth=0
hijack seq=003646 caller=QUEST2 WSAVS DIST                 pc=70168717 area_wfp=780036A4 argc=4 frame=0 real_wsp=700015AA shadow_wsp=700015B4 master_wfp=700015B4 ret=70166E20 depth=1
hijack seq=003648 caller=QUEST2 WRTN  DIST                 area_wfp=780036A4 ret_pc=70168732 real_wsp=700015A0 (was 78003690) shadow_wsp=700015A0 master_wfp=700015B4 depth=0
hijack seq=003650 caller=QUEST2 WSAVS DIST                 pc=70168717 area_wfp=780036A4 argc=4 frame=0 real_wsp=700015AA shadow_wsp=700015B4 master_wfp=700015B4 ret=70166E20 depth=1
hijack seq=003652 caller=QUEST2 WRTN  DIST                 area_wfp=780036A4 ret_pc=70168732 real_wsp=700015A0 (was 78003690) shadow_wsp=700015A0 master_wfp=700015B4 depth=0
hijack seq=003657 caller=QUEST2 WSAVS DIST                 pc=70168717 area_wfp=780036A4 argc=4 frame=0 real_wsp=700015AA shadow_wsp=700015B4 master_wfp=700015B4 ret=70166E20 depth=1
hijack seq=003659 caller=QUEST2 WRTN  DIST                 area_wfp=780036A4 ret_pc=70168732 real_wsp=700015A0 (was 78003690) shadow_wsp=700015A0 master_wfp=700015B4 depth=0
hijack seq=003661 caller=QUEST2 WSAVS DIST                 pc=70168717 area_wfp=780036A4 argc=4 frame=0 real_wsp=700015AA shadow_wsp=700015B4 master_wfp=700015B4 ret=70166E20 depth=1
hijack seq=003663 caller=QUEST2 WRTN  DIST                 area_wfp=780036A4 ret_pc=70168732 real_wsp=700015A0 (was 78003690) shadow_wsp=700015A0 master_wfp=700015B4 depth=0
hijack seq=003665 caller=QUEST2 WSAVS DIST                 pc=70168717 area_wfp=780036A4 argc=4 frame=0 real_wsp=700015AA shadow_wsp=700015B4 master_wfp=700015B4 ret=70166E20 depth=1
hijack seq=003667 caller=QUEST2 WRTN  DIST                 area_wfp=780036A4 ret_pc=70168732 real_wsp=700015A0 (was 78003690) shadow_wsp=700015A0 master_wfp=700015B4 depth=0
hijack seq=003671 caller=QUEST2 WSAVS DIST                 pc=70168717 area_wfp=780036A4 argc=4 frame=0 real_wsp=700015AA shadow_wsp=700015B4 master_wfp=700015B4 ret=70166E20 depth=1
hijack seq=003673 caller=QUEST2 WRTN  DIST                 area_wfp=780036A4 ret_pc=70168732 real_wsp=700015A0 (was 78003690) shadow_wsp=700015A0 master_wfp=700015B4 depth=0
hijack seq=003675 caller=QUEST2 WSAVS DIST                 pc=70168717 area_wfp=780036A4 argc=4 frame=0 real_wsp=700015AA shadow_wsp=700015B4 master_wfp=700015B4 ret=70166E20 depth=1
hijack seq=003677 caller=QUEST2 WRTN  DIST                 area_wfp=780036A4 ret_pc=70168732 real_wsp=700015A0 (was 78003690) shadow_wsp=700015A0 master_wfp=700015B4 depth=0
hijack seq=003680 caller=QUEST2 WSAVS DIST                 pc=70168717 area_wfp=780036A4 argc=4 frame=0 real_wsp=700015AA shadow_wsp=700015B4 master_wfp=700015B4 ret=70166E20 depth=1
hijack seq=003682 caller=QUEST2 WRTN  DIST                 area_wfp=780036A4 ret_pc=70168732 real_wsp=700015A0 (was 78003690) shadow_wsp=700015A0 master_wfp=700015B4 depth=0
hijack seq=003687 caller=QUEST2 WSAVS DIST                 pc=70168717 area_wfp=780036A4 argc=4 frame=0 real_wsp=700015AA shadow_wsp=700015B4 master_wfp=700015B4 ret=70166E20 depth=1
hijack seq=003689 caller=QUEST2 WRTN  DIST                 area_wfp=780036A4 ret_pc=70168732 real_wsp=700015A0 (was 78003690) shadow_wsp=700015A0 master_wfp=700015B4 depth=0
hijack seq=003691 caller=QUEST2 WSAVS DIST                 pc=70168717 area_wfp=780036A4 argc=4 frame=0 real_wsp=700015AA shadow_wsp=700015B4 master_wfp=700015B4 ret=70166E20 depth=1
hijack seq=003693 caller=QUEST2 WRTN  DIST                 area_wfp=780036A4 ret_pc=70168732 real_wsp=700015A0 (was 78003690) shadow_wsp=700015A0 master_wfp=700015B4 depth=0
hijack seq=003695 caller=QUEST2 WSAVS DIST                 pc=70168717 area_wfp=780036A4 argc=4 frame=0 real_wsp=700015AA shadow_wsp=700015B4 master_wfp=700015B4 ret=70166E20 depth=1
hijack seq=003697 caller=QUEST2 WRTN  DIST                 area_wfp=780036A4 ret_pc=70168732 real_wsp=700015A0 (was 78003690) shadow_wsp=700015A0 master_wfp=700015B4 depth=0
hijack seq=003702 caller=QUEST2 WSAVS DIST                 pc=70168717 area_wfp=780036A4 argc=4 frame=0 real_wsp=700015AA shadow_wsp=700015B4 master_wfp=700015B4 ret=70166E20 depth=1
hijack seq=003704 caller=QUEST2 WRTN  DIST                 area_wfp=780036A4 ret_pc=70168732 real_wsp=700015A0 (was 78003690) shadow_wsp=700015A0 master_wfp=700015B4 depth=0
hijack seq=003706 caller=QUEST2 WSAVS DIST                 pc=70168717 area_wfp=780036A4 argc=4 frame=0 real_wsp=700015AA shadow_wsp=700015B4 master_wfp=700015B4 ret=70166E20 depth=1
hijack seq=003708 caller=QUEST2 WRTN  DIST                 area_wfp=780036A4 ret_pc=70168732 real_wsp=700015A0 (was 78003690) shadow_wsp=700015A0 master_wfp=700015B4 depth=0
hijack seq=003710 caller=QUEST2 WSAVS DIST                 pc=70168717 area_wfp=780036A4 argc=4 frame=0 real_wsp=700015AA shadow_wsp=700015B4 master_wfp=700015B4 ret=70166E20 depth=1
hijack seq=003712 caller=QUEST2 WRTN  DIST                 area_wfp=780036A4 ret_pc=70168732 real_wsp=700015A0 (was 78003690) shadow_wsp=700015A0 master_wfp=700015B4 depth=0
hijack seq=003716 caller=QUEST2 WSAVS DIST                 pc=70168717 area_wfp=780036A4 argc=4 frame=0 real_wsp=700015AA shadow_wsp=700015B4 master_wfp=700015B4 ret=70166E20 depth=1
hijack seq=003718 caller=QUEST2 WRTN  DIST                 area_wfp=780036A4 ret_pc=70168732 real_wsp=700015A0 (was 78003690) shadow_wsp=700015A0 master_wfp=700015B4 depth=0
hijack seq=003720 caller=QUEST2 WSAVS DIST                 pc=70168717 area_wfp=780036A4 argc=4 frame=0 real_wsp=700015AA shadow_wsp=700015B4 master_wfp=700015B4 ret=70166E20 depth=1
hijack seq=003723 caller=QUEST2 WRTN  DIST                 area_wfp=780036A4 ret_pc=70168732 real_wsp=700015A0 (was 78003690) shadow_wsp=700015A0 master_wfp=700015B4 depth=0
hijack seq=003725 caller=QUEST2 WSAVS DIST                 pc=70168717 area_wfp=780036A4 argc=4 frame=0 real_wsp=700015AA shadow_wsp=700015B4 master_wfp=700015B4 ret=70166E20 depth=1
hijack seq=003727 caller=QUEST2 WRTN  DIST                 area_wfp=780036A4 ret_pc=70168732 real_wsp=700015A0 (was 78003690) shadow_wsp=700015A0 master_wfp=700015B4 depth=0
hijack seq=003732 caller=QUEST2 WSAVS DIST                 pc=70168717 area_wfp=780036A4 argc=4 frame=0 real_wsp=700015AA shadow_wsp=700015B4 master_wfp=700015B4 ret=70166E20 depth=1
hijack seq=003734 caller=QUEST2 WRTN  DIST                 area_wfp=780036A4 ret_pc=70168732 real_wsp=700015A0 (was 78003690) shadow_wsp=700015A0 master_wfp=700015B4 depth=0
hijack seq=003736 caller=QUEST2 WSAVS DIST                 pc=70168717 area_wfp=780036A4 argc=4 frame=0 real_wsp=700015AA shadow_wsp=700015B4 master_wfp=700015B4 ret=70166E20 depth=1
hijack seq=003738 caller=QUEST2 WRTN  DIST                 area_wfp=780036A4 ret_pc=70168732 real_wsp=700015A0 (was 78003690) shadow_wsp=700015A0 master_wfp=700015B4 depth=0
hijack seq=003740 caller=QUEST2 WSAVS DIST                 pc=70168717 area_wfp=780036A4 argc=4 frame=0 real_wsp=700015AA shadow_wsp=700015B4 master_wfp=700015B4 ret=70166E20 depth=1
hijack seq=003742 caller=QUEST2 WRTN  DIST                 area_wfp=780036A4 ret_pc=70168732 real_wsp=700015A0 (was 78003690) shadow_wsp=700015A0 master_wfp=700015B4 depth=0
hijack seq=003746 caller=QUEST2 WSAVS DIST                 pc=70168717 area_wfp=780036A4 argc=4 frame=0 real_wsp=700015AA shadow_wsp=700015B4 master_wfp=700015B4 ret=70166E20 depth=1
hijack seq=003748 caller=QUEST2 WRTN  DIST                 area_wfp=780036A4 ret_pc=70168732 real_wsp=700015A0 (was 78003690) shadow_wsp=700015A0 master_wfp=700015B4 depth=0
hijack seq=003750 caller=QUEST2 WSAVS DIST                 pc=70168717 area_wfp=780036A4 argc=4 frame=0 real_wsp=700015AA shadow_wsp=700015B4 master_wfp=700015B4 ret=70166E20 depth=1
hijack seq=003753 caller=QUEST2 WRTN  DIST                 area_wfp=780036A4 ret_pc=70168732 real_wsp=700015A0 (was 78003690) shadow_wsp=700015A0 master_wfp=700015B4 depth=0
hijack seq=003755 caller=QUEST2 WSAVS DIST                 pc=70168717 area_wfp=780036A4 argc=4 frame=0 real_wsp=700015AA shadow_wsp=700015B4 master_wfp=700015B4 ret=70166E20 depth=1
hijack seq=003757 caller=QUEST2 WRTN  DIST                 area_wfp=780036A4 ret_pc=70168732 real_wsp=700015A0 (was 78003690) shadow_wsp=700015A0 master_wfp=700015B4 depth=0
hijack seq=003762 caller=QUEST2 WSAVS DIST                 pc=70168717 area_wfp=780036A4 argc=4 frame=0 real_wsp=700015AA shadow_wsp=700015B4 master_wfp=700015B4 ret=70166E20 depth=1
hijack seq=003764 caller=QUEST2 WRTN  DIST                 area_wfp=780036A4 ret_pc=70168732 real_wsp=700015A0 (was 78003690) shadow_wsp=700015A0 master_wfp=700015B4 depth=0
hijack seq=003766 caller=QUEST2 WSAVS DIST                 pc=70168717 area_wfp=780036A4 argc=4 frame=0 real_wsp=700015AA shadow_wsp=700015B4 master_wfp=700015B4 ret=70166E20 depth=1
hijack seq=003768 caller=QUEST2 WRTN  DIST                 area_wfp=780036A4 ret_pc=70168732 real_wsp=700015A0 (was 78003690) shadow_wsp=700015A0 master_wfp=700015B4 depth=0
hijack seq=003770 caller=QUEST2 WSAVS DIST                 pc=70168717 area_wfp=780036A4 argc=4 frame=0 real_wsp=700015AA shadow_wsp=700015B4 master_wfp=700015B4 ret=70166E20 depth=1
hijack seq=003772 caller=QUEST2 WRTN  DIST                 area_wfp=780036A4 ret_pc=70168732 real_wsp=700015A0 (was 78003690) shadow_wsp=700015A0 master_wfp=700015B4 depth=0
hijack seq=003777 caller=QUEST2 WSAVS DIST                 pc=70168717 area_wfp=780036A4 argc=4 frame=0 real_wsp=700015AA shadow_wsp=700015B4 master_wfp=700015B4 ret=70166E20 depth=1
hijack seq=003779 caller=QUEST2 WRTN  DIST                 area_wfp=780036A4 ret_pc=70168732 real_wsp=700015A0 (was 78003690) shadow_wsp=700015A0 master_wfp=700015B4 depth=0
hijack seq=003781 caller=QUEST2 WSAVS DIST                 pc=70168717 area_wfp=780036A4 argc=4 frame=0 real_wsp=700015AA shadow_wsp=700015B4 master_wfp=700015B4 ret=70166E20 depth=1
hijack seq=003783 caller=QUEST2 WRTN  DIST                 area_wfp=780036A4 ret_pc=70168732 real_wsp=700015A0 (was 78003690) shadow_wsp=700015A0 master_wfp=700015B4 depth=0
hijack seq=003785 caller=QUEST2 WSAVS DIST                 pc=70168717 area_wfp=780036A4 argc=4 frame=0 real_wsp=700015AA shadow_wsp=700015B4 master_wfp=700015B4 ret=70166E20 depth=1
hijack seq=003787 caller=QUEST2 WRTN  DIST                 area_wfp=780036A4 ret_pc=70168732 real_wsp=700015A0 (was 78003690) shadow_wsp=700015A0 master_wfp=700015B4 depth=0
hijack seq=003792 caller=QUEST2 WSAVS DIST                 pc=70168717 area_wfp=780036A4 argc=4 frame=0 real_wsp=700015AA shadow_wsp=700015B4 master_wfp=700015B4 ret=70166E20 depth=1
hijack seq=003794 caller=QUEST2 WRTN  DIST                 area_wfp=780036A4 ret_pc=70168732 real_wsp=700015A0 (was 78003690) shadow_wsp=700015A0 master_wfp=700015B4 depth=0
hijack seq=003796 caller=QUEST2 WSAVS DIST                 pc=70168717 area_wfp=780036A4 argc=4 frame=0 real_wsp=700015AA shadow_wsp=700015B4 master_wfp=700015B4 ret=70166E20 depth=1
hijack seq=003798 caller=QUEST2 WRTN  DIST                 area_wfp=780036A4 ret_pc=70168732 real_wsp=700015A0 (was 78003690) shadow_wsp=700015A0 master_wfp=700015B4 depth=0
hijack seq=003800 caller=QUEST2 WSAVS DIST                 pc=70168717 area_wfp=780036A4 argc=4 frame=0 real_wsp=700015AA shadow_wsp=700015B4 master_wfp=700015B4 ret=70166E20 depth=1
hijack seq=003802 caller=QUEST2 WRTN  DIST                 area_wfp=780036A4 ret_pc=70168732 real_wsp=700015A0 (was 78003690) shadow_wsp=700015A0 master_wfp=700015B4 depth=0
hijack seq=003807 caller=QUEST2 WSAVS DIST                 pc=70168717 area_wfp=780036A4 argc=4 frame=0 real_wsp=700015AA shadow_wsp=700015B4 master_wfp=700015B4 ret=70166E20 depth=1
hijack seq=003809 caller=QUEST2 WRTN  DIST                 area_wfp=780036A4 ret_pc=70168732 real_wsp=700015A0 (was 78003690) shadow_wsp=700015A0 master_wfp=700015B4 depth=0
hijack seq=003811 caller=QUEST2 WSAVS DIST                 pc=70168717 area_wfp=780036A4 argc=4 frame=0 real_wsp=700015AA shadow_wsp=700015B4 master_wfp=700015B4 ret=70166E20 depth=1
hijack seq=003813 caller=QUEST2 WRTN  DIST                 area_wfp=780036A4 ret_pc=70168732 real_wsp=700015A0 (was 78003690) shadow_wsp=700015A0 master_wfp=700015B4 depth=0
hijack seq=003815 caller=QUEST2 WSAVS DIST                 pc=70168717 area_wfp=780036A4 argc=4 frame=0 real_wsp=700015AA shadow_wsp=700015B4 master_wfp=700015B4 ret=70166E20 depth=1
hijack seq=003817 caller=QUEST2 WRTN  DIST                 area_wfp=780036A4 ret_pc=70168732 real_wsp=700015A0 (was 78003690) shadow_wsp=700015A0 master_wfp=700015B4 depth=0
hijack seq=003820 caller=QUEST2 WSAVS DIST                 pc=70168717 area_wfp=780036A4 argc=4 frame=0 real_wsp=700015AA shadow_wsp=700015B4 master_wfp=700015B4 ret=70166E20 depth=1
hijack seq=003822 caller=QUEST2 WRTN  DIST                 area_wfp=780036A4 ret_pc=70168732 real_wsp=700015A0 (was 78003690) shadow_wsp=700015A0 master_wfp=700015B4 depth=0
hijack seq=003826 caller=QUEST2 WSAVS DIST                 pc=70168717 area_wfp=780036A4 argc=4 frame=0 real_wsp=700015AA shadow_wsp=700015B4 master_wfp=700015B4 ret=70166E20 depth=1
hijack seq=003828 caller=QUEST2 WRTN  DIST                 area_wfp=780036A4 ret_pc=70168732 real_wsp=700015A0 (was 78003690) shadow_wsp=700015A0 master_wfp=700015B4 depth=0
hijack seq=003830 caller=QUEST2 WSAVS DIST                 pc=70168717 area_wfp=780036A4 argc=4 frame=0 real_wsp=700015AA shadow_wsp=700015B4 master_wfp=700015B4 ret=70166E20 depth=1
hijack seq=003832 caller=QUEST2 WRTN  DIST                 area_wfp=780036A4 ret_pc=70168732 real_wsp=700015A0 (was 78003690) shadow_wsp=700015A0 master_wfp=700015B4 depth=0
hijack seq=003837 caller=QUEST2 WSAVS DIST                 pc=70168717 area_wfp=780036A4 argc=4 frame=0 real_wsp=700015AA shadow_wsp=700015B4 master_wfp=700015B4 ret=70166E20 depth=1
hijack seq=003839 caller=QUEST2 WRTN  DIST                 area_wfp=780036A4 ret_pc=70168732 real_wsp=700015A0 (was 78003690) shadow_wsp=700015A0 master_wfp=700015B4 depth=0
hijack seq=003841 caller=QUEST2 WSAVS DIST                 pc=70168717 area_wfp=780036A4 argc=4 frame=0 real_wsp=700015AA shadow_wsp=700015B4 master_wfp=700015B4 ret=70166E20 depth=1
hijack seq=003843 caller=QUEST2 WRTN  DIST                 area_wfp=780036A4 ret_pc=70168732 real_wsp=700015A0 (was 78003690) shadow_wsp=700015A0 master_wfp=700015B4 depth=0
hijack seq=003845 caller=QUEST2 WSAVS DIST                 pc=70168717 area_wfp=780036A4 argc=4 frame=0 real_wsp=700015AA shadow_wsp=700015B4 master_wfp=700015B4 ret=70166E20 depth=1
hijack seq=003847 caller=QUEST2 WRTN  DIST                 area_wfp=780036A4 ret_pc=70168732 real_wsp=700015A0 (was 78003690) shadow_wsp=700015A0 master_wfp=700015B4 depth=0
hijack seq=003852 caller=QUEST2 WSAVS DIST                 pc=70168717 area_wfp=780036A4 argc=4 frame=0 real_wsp=700015AA shadow_wsp=700015B4 master_wfp=700015B4 ret=70166E20 depth=1
hijack seq=003854 caller=QUEST2 WRTN  DIST                 area_wfp=780036A4 ret_pc=70168732 real_wsp=700015A0 (was 78003690) shadow_wsp=700015A0 master_wfp=700015B4 depth=0
hijack seq=003856 caller=QUEST2 WSAVS DIST                 pc=70168717 area_wfp=780036A4 argc=4 frame=0 real_wsp=700015AA shadow_wsp=700015B4 master_wfp=700015B4 ret=70166E20 depth=1
hijack seq=003858 caller=QUEST2 WRTN  DIST                 area_wfp=780036A4 ret_pc=70168732 real_wsp=700015A0 (was 78003690) shadow_wsp=700015A0 master_wfp=700015B4 depth=0
hijack seq=003861 caller=QUEST2 WSAVS DIST                 pc=70168717 area_wfp=780036A4 argc=4 frame=0 real_wsp=700015AA shadow_wsp=700015B4 master_wfp=700015B4 ret=70166E20 depth=1
hijack seq=003863 caller=QUEST2 WRTN  DIST                 area_wfp=780036A4 ret_pc=70168732 real_wsp=700015A0 (was 78003690) shadow_wsp=700015A0 master_wfp=700015B4 depth=0
hijack seq=003865 caller=QUEST2 WSAVS DIST                 pc=70168717 area_wfp=780036A4 argc=4 frame=0 real_wsp=700015AA shadow_wsp=700015B4 master_wfp=700015B4 ret=70166E20 depth=1
hijack seq=003869 caller=QUEST2 WRTN  DIST                 area_wfp=780036A4 ret_pc=70168732 real_wsp=700015A0 (was 78003690) shadow_wsp=700015A0 master_wfp=700015B4 depth=0
hijack seq=003871 caller=QUEST2 WSAVS DIST                 pc=70168717 area_wfp=780036A4 argc=4 frame=0 real_wsp=700015AA shadow_wsp=700015B4 master_wfp=700015B4 ret=70166E20 depth=1
hijack seq=003873 caller=QUEST2 WRTN  DIST                 area_wfp=780036A4 ret_pc=70168732 real_wsp=700015A0 (was 78003690) shadow_wsp=700015A0 master_wfp=700015B4 depth=0
hijack seq=003875 caller=QUEST2 WSAVS DIST                 pc=70168717 area_wfp=780036A4 argc=4 frame=0 real_wsp=700015AA shadow_wsp=700015B4 master_wfp=700015B4 ret=70166E20 depth=1
hijack seq=003877 caller=QUEST2 WRTN  DIST                 area_wfp=780036A4 ret_pc=70168732 real_wsp=700015A0 (was 78003690) shadow_wsp=700015A0 master_wfp=700015B4 depth=0
hijack seq=003882 caller=QUEST2 WSAVS DIST                 pc=70168717 area_wfp=780036A4 argc=4 frame=0 real_wsp=700015AA shadow_wsp=700015B4 master_wfp=700015B4 ret=70166E20 depth=1
hijack seq=003884 caller=QUEST2 WRTN  DIST                 area_wfp=780036A4 ret_pc=70168732 real_wsp=700015A0 (was 78003690) shadow_wsp=700015A0 master_wfp=700015B4 depth=0
hijack seq=003886 caller=QUEST2 WSAVS DIST                 pc=70168717 area_wfp=780036A4 argc=4 frame=0 real_wsp=700015AA shadow_wsp=700015B4 master_wfp=700015B4 ret=70166E20 depth=1
hijack seq=003888 caller=QUEST2 WRTN  DIST                 area_wfp=780036A4 ret_pc=70168732 real_wsp=700015A0 (was 78003690) shadow_wsp=700015A0 master_wfp=700015B4 depth=0
hijack seq=003890 caller=QUEST2 WSAVS DIST                 pc=70168717 area_wfp=780036A4 argc=4 frame=0 real_wsp=700015AA shadow_wsp=700015B4 master_wfp=700015B4 ret=70166E20 depth=1
hijack seq=003892 caller=QUEST2 WRTN  DIST                 area_wfp=780036A4 ret_pc=70168732 real_wsp=700015A0 (was 78003690) shadow_wsp=700015A0 master_wfp=700015B4 depth=0
hijack seq=003896 caller=QUEST2 WSAVS DIST                 pc=70168717 area_wfp=780036A4 argc=4 frame=0 real_wsp=700015AA shadow_wsp=700015B4 master_wfp=700015B4 ret=70166E20 depth=1
hijack seq=003898 caller=QUEST2 WRTN  DIST                 area_wfp=780036A4 ret_pc=70168732 real_wsp=700015A0 (was 78003690) shadow_wsp=700015A0 master_wfp=700015B4 depth=0
hijack seq=003900 caller=QUEST2 WSAVS DIST                 pc=70168717 area_wfp=780036A4 argc=4 frame=0 real_wsp=700015AA shadow_wsp=700015B4 master_wfp=700015B4 ret=70166E20 depth=1
hijack seq=003903 caller=QUEST2 WRTN  DIST                 area_wfp=780036A4 ret_pc=70168732 real_wsp=700015A0 (was 78003690) shadow_wsp=700015A0 master_wfp=700015B4 depth=0
hijack seq=003905 caller=QUEST2 WSAVS DIST                 pc=70168717 area_wfp=780036A4 argc=4 frame=0 real_wsp=700015AA shadow_wsp=700015B4 master_wfp=700015B4 ret=70166E20 depth=1
hijack seq=003907 caller=QUEST2 WRTN  DIST                 area_wfp=780036A4 ret_pc=70168732 real_wsp=700015A0 (was 78003690) shadow_wsp=700015A0 master_wfp=700015B4 depth=0
hijack seq=003912 caller=QUEST2 WSAVS DIST                 pc=70168717 area_wfp=780036A4 argc=4 frame=0 real_wsp=700015AA shadow_wsp=700015B4 master_wfp=700015B4 ret=70166E20 depth=1
hijack seq=003914 caller=QUEST2 WRTN  DIST                 area_wfp=780036A4 ret_pc=70168732 real_wsp=700015A0 (was 78003690) shadow_wsp=700015A0 master_wfp=700015B4 depth=0
hijack seq=003916 caller=QUEST2 WSAVS DIST                 pc=70168717 area_wfp=780036A4 argc=4 frame=0 real_wsp=700015AA shadow_wsp=700015B4 master_wfp=700015B4 ret=70166E20 depth=1
hijack seq=003918 caller=QUEST2 WRTN  DIST                 area_wfp=780036A4 ret_pc=70168732 real_wsp=700015A0 (was 78003690) shadow_wsp=700015A0 master_wfp=700015B4 depth=0
hijack seq=003920 caller=QUEST2 WSAVS DIST                 pc=70168717 area_wfp=780036A4 argc=4 frame=0 real_wsp=700015AA shadow_wsp=700015B4 master_wfp=700015B4 ret=70166E20 depth=1
hijack seq=003922 caller=QUEST2 WRTN  DIST                 area_wfp=780036A4 ret_pc=70168732 real_wsp=700015A0 (was 78003690) shadow_wsp=700015A0 master_wfp=700015B4 depth=0
hijack seq=003927 caller=QUEST2 WSAVS DIST                 pc=70168717 area_wfp=780036A4 argc=4 frame=0 real_wsp=700015AA shadow_wsp=700015B4 master_wfp=700015B4 ret=70166E20 depth=1
hijack seq=003929 caller=QUEST2 WRTN  DIST                 area_wfp=780036A4 ret_pc=70168732 real_wsp=700015A0 (was 78003690) shadow_wsp=700015A0 master_wfp=700015B4 depth=0
hijack seq=003931 caller=QUEST2 WSAVS DIST                 pc=70168717 area_wfp=780036A4 argc=4 frame=0 real_wsp=700015AA shadow_wsp=700015B4 master_wfp=700015B4 ret=70166E20 depth=1
hijack seq=003933 caller=QUEST2 WRTN  DIST                 area_wfp=780036A4 ret_pc=70168732 real_wsp=700015A0 (was 78003690) shadow_wsp=700015A0 master_wfp=700015B4 depth=0
hijack seq=003935 caller=QUEST2 WSAVS DIST                 pc=70168717 area_wfp=780036A4 argc=4 frame=0 real_wsp=700015AA shadow_wsp=700015B4 master_wfp=700015B4 ret=70166E20 depth=1
hijack seq=003938 caller=QUEST2 WRTN  DIST                 area_wfp=780036A4 ret_pc=70168732 real_wsp=700015A0 (was 78003690) shadow_wsp=700015A0 master_wfp=700015B4 depth=0
hijack seq=003940 caller=QUEST2 WSAVS DIST                 pc=70168717 area_wfp=780036A4 argc=4 frame=0 real_wsp=700015AA shadow_wsp=700015B4 master_wfp=700015B4 ret=70166E20 depth=1
hijack seq=003942 caller=QUEST2 WRTN  DIST                 area_wfp=780036A4 ret_pc=70168732 real_wsp=700015A0 (was 78003690) shadow_wsp=700015A0 master_wfp=700015B4 depth=0
hijack seq=003946 caller=QUEST2 WSAVS DIST                 pc=70168717 area_wfp=780036A4 argc=4 frame=0 real_wsp=700015AA shadow_wsp=700015B4 master_wfp=700015B4 ret=70166E20 depth=1
hijack seq=003948 caller=QUEST2 WRTN  DIST                 area_wfp=780036A4 ret_pc=70168732 real_wsp=700015A0 (was 78003690) shadow_wsp=700015A0 master_wfp=700015B4 depth=0
hijack seq=003950 caller=QUEST2 WSAVS DIST                 pc=70168717 area_wfp=780036A4 argc=4 frame=0 real_wsp=700015AA shadow_wsp=700015B4 master_wfp=700015B4 ret=70166E20 depth=1
hijack seq=003952 caller=QUEST2 WRTN  DIST                 area_wfp=780036A4 ret_pc=70168732 real_wsp=700015A0 (was 78003690) shadow_wsp=700015A0 master_wfp=700015B4 depth=0
hijack seq=004295 caller=QUEST2 WSAVS DIST                 pc=70168717 area_wfp=780036A4 argc=4 frame=0 real_wsp=700015AA shadow_wsp=700015B4 master_wfp=700015B4 ret=70166B8A depth=1
hijack seq=004297 caller=QUEST2 WRTN  DIST                 area_wfp=780036A4 ret_pc=70168732 real_wsp=700015A0 (was 78003690) shadow_wsp=700015A0 master_wfp=700015B4 depth=0
hijack seq=004299 caller=QUEST2 WSAVS DIST                 pc=70168717 area_wfp=780036A4 argc=4 frame=0 real_wsp=700015AA shadow_wsp=700015B4 master_wfp=700015B4 ret=70166B8A depth=1
hijack seq=004301 caller=QUEST2 WRTN  DIST                 area_wfp=780036A4 ret_pc=70168732 real_wsp=700015A0 (was 78003690) shadow_wsp=700015A0 master_wfp=700015B4 depth=0
hijack seq=004303 caller=QUEST2 WSAVS DIST                 pc=70168717 area_wfp=780036A4 argc=4 frame=0 real_wsp=700015AA shadow_wsp=700015B4 master_wfp=700015B4 ret=70166B8A depth=1
hijack seq=004305 caller=QUEST2 WRTN  DIST                 area_wfp=780036A4 ret_pc=70168732 real_wsp=700015A0 (was 78003690) shadow_wsp=700015A0 master_wfp=700015B4 depth=0
hijack seq=004310 caller=QUEST2 WSAVS DIST                 pc=70168717 area_wfp=780036A4 argc=4 frame=0 real_wsp=700015AA shadow_wsp=700015B4 master_wfp=700015B4 ret=70166E20 depth=1
hijack seq=004312 caller=QUEST2 WRTN  DIST                 area_wfp=780036A4 ret_pc=70168732 real_wsp=700015A0 (was 78003690) shadow_wsp=700015A0 master_wfp=700015B4 depth=0
hijack seq=004314 caller=QUEST2 WSAVS DIST                 pc=70168717 area_wfp=780036A4 argc=4 frame=0 real_wsp=700015AA shadow_wsp=700015B4 master_wfp=700015B4 ret=70166E20 depth=1
hijack seq=004316 caller=QUEST2 WRTN  DIST                 area_wfp=780036A4 ret_pc=70168732 real_wsp=700015A0 (was 78003690) shadow_wsp=700015A0 master_wfp=700015B4 depth=0
hijack seq=004318 caller=QUEST2 WSAVS DIST                 pc=70168717 area_wfp=780036A4 argc=4 frame=0 real_wsp=700015AA shadow_wsp=700015B4 master_wfp=700015B4 ret=70166E20 depth=1
hijack seq=004320 caller=QUEST2 WRTN  DIST                 area_wfp=780036A4 ret_pc=70168732 real_wsp=700015A0 (was 78003690) shadow_wsp=700015A0 master_wfp=700015B4 depth=0
hijack seq=004325 caller=QUEST2 WSAVS DIST                 pc=70168717 area_wfp=780036A4 argc=4 frame=0 real_wsp=700015AA shadow_wsp=700015B4 master_wfp=700015B4 ret=70166E20 depth=1
hijack seq=004327 caller=QUEST2 WRTN  DIST                 area_wfp=780036A4 ret_pc=70168732 real_wsp=700015A0 (was 78003690) shadow_wsp=700015A0 master_wfp=700015B4 depth=0
hijack seq=004329 caller=QUEST2 WSAVS DIST                 pc=70168717 area_wfp=780036A4 argc=4 frame=0 real_wsp=700015AA shadow_wsp=700015B4 master_wfp=700015B4 ret=70166E20 depth=1
hijack seq=004331 caller=QUEST2 WRTN  DIST                 area_wfp=780036A4 ret_pc=70168732 real_wsp=700015A0 (was 78003690) shadow_wsp=700015A0 master_wfp=700015B4 depth=0
hijack seq=004333 caller=QUEST2 WSAVS DIST                 pc=70168717 area_wfp=780036A4 argc=4 frame=0 real_wsp=700015AA shadow_wsp=700015B4 master_wfp=700015B4 ret=70166E20 depth=1
hijack seq=004335 caller=QUEST2 WRTN  DIST                 area_wfp=780036A4 ret_pc=70168732 real_wsp=700015A0 (was 78003690) shadow_wsp=700015A0 master_wfp=700015B4 depth=0
hijack seq=004338 caller=QUEST2 WSAVS DIST                 pc=70168717 area_wfp=780036A4 argc=4 frame=0 real_wsp=700015AA shadow_wsp=700015B4 master_wfp=700015B4 ret=70166E20 depth=1
hijack seq=004340 caller=QUEST2 WRTN  DIST                 area_wfp=780036A4 ret_pc=70168732 real_wsp=700015A0 (was 78003690) shadow_wsp=700015A0 master_wfp=700015B4 depth=0
hijack seq=004344 caller=QUEST2 WSAVS DIST                 pc=70168717 area_wfp=780036A4 argc=4 frame=0 real_wsp=700015AA shadow_wsp=700015B4 master_wfp=700015B4 ret=70166E20 depth=1
hijack seq=004346 caller=QUEST2 WRTN  DIST                 area_wfp=780036A4 ret_pc=70168732 real_wsp=700015A0 (was 78003690) shadow_wsp=700015A0 master_wfp=700015B4 depth=0
hijack seq=004348 caller=QUEST2 WSAVS DIST                 pc=70168717 area_wfp=780036A4 argc=4 frame=0 real_wsp=700015AA shadow_wsp=700015B4 master_wfp=700015B4 ret=70166E20 depth=1
hijack seq=004350 caller=QUEST2 WRTN  DIST                 area_wfp=780036A4 ret_pc=70168732 real_wsp=700015A0 (was 78003690) shadow_wsp=700015A0 master_wfp=700015B4 depth=0
hijack seq=004355 caller=QUEST2 WSAVS DIST                 pc=70168717 area_wfp=780036A4 argc=4 frame=0 real_wsp=700015AA shadow_wsp=700015B4 master_wfp=700015B4 ret=70166E20 depth=1
hijack seq=004357 caller=QUEST2 WRTN  DIST                 area_wfp=780036A4 ret_pc=70168732 real_wsp=700015A0 (was 78003690) shadow_wsp=700015A0 master_wfp=700015B4 depth=0
hijack seq=004359 caller=QUEST2 WSAVS DIST                 pc=70168717 area_wfp=780036A4 argc=4 frame=0 real_wsp=700015AA shadow_wsp=700015B4 master_wfp=700015B4 ret=70166E20 depth=1
hijack seq=004361 caller=QUEST2 WRTN  DIST                 area_wfp=780036A4 ret_pc=70168732 real_wsp=700015A0 (was 78003690) shadow_wsp=700015A0 master_wfp=700015B4 depth=0
hijack seq=004363 caller=QUEST2 WSAVS DIST                 pc=70168717 area_wfp=780036A4 argc=4 frame=0 real_wsp=700015AA shadow_wsp=700015B4 master_wfp=700015B4 ret=70166E20 depth=1
hijack seq=004365 caller=QUEST2 WRTN  DIST                 area_wfp=780036A4 ret_pc=70168732 real_wsp=700015A0 (was 78003690) shadow_wsp=700015A0 master_wfp=700015B4 depth=0
hijack seq=004369 caller=QUEST2 WSAVS DIST                 pc=70168717 area_wfp=780036A4 argc=4 frame=0 real_wsp=700015AA shadow_wsp=700015B4 master_wfp=700015B4 ret=70166E20 depth=1
hijack seq=004371 caller=QUEST2 WRTN  DIST                 area_wfp=780036A4 ret_pc=70168732 real_wsp=700015A0 (was 78003690) shadow_wsp=700015A0 master_wfp=700015B4 depth=0
hijack seq=004373 caller=QUEST2 WSAVS DIST                 pc=70168717 area_wfp=780036A4 argc=4 frame=0 real_wsp=700015AA shadow_wsp=700015B4 master_wfp=700015B4 ret=70166E20 depth=1
hijack seq=004375 caller=QUEST2 WRTN  DIST                 area_wfp=780036A4 ret_pc=70168732 real_wsp=700015A0 (was 78003690) shadow_wsp=700015A0 master_wfp=700015B4 depth=0
hijack seq=004378 caller=QUEST2 WSAVS DIST                 pc=70168717 area_wfp=780036A4 argc=4 frame=0 real_wsp=700015AA shadow_wsp=700015B4 master_wfp=700015B4 ret=70166E20 depth=1
hijack seq=004380 caller=QUEST2 WRTN  DIST                 area_wfp=780036A4 ret_pc=70168732 real_wsp=700015A0 (was 78003690) shadow_wsp=700015A0 master_wfp=700015B4 depth=0
hijack seq=004385 caller=QUEST2 WSAVS DIST                 pc=70168717 area_wfp=780036A4 argc=4 frame=0 real_wsp=700015AA shadow_wsp=700015B4 master_wfp=700015B4 ret=70166E20 depth=1
hijack seq=004387 caller=QUEST2 WRTN  DIST                 area_wfp=780036A4 ret_pc=70168732 real_wsp=700015A0 (was 78003690) shadow_wsp=700015A0 master_wfp=700015B4 depth=0
hijack seq=004389 caller=QUEST2 WSAVS DIST                 pc=70168717 area_wfp=780036A4 argc=4 frame=0 real_wsp=700015AA shadow_wsp=700015B4 master_wfp=700015B4 ret=70166E20 depth=1
hijack seq=004391 caller=QUEST2 WRTN  DIST                 area_wfp=780036A4 ret_pc=70168732 real_wsp=700015A0 (was 78003690) shadow_wsp=700015A0 master_wfp=700015B4 depth=0
hijack seq=004393 caller=QUEST2 WSAVS DIST                 pc=70168717 area_wfp=780036A4 argc=4 frame=0 real_wsp=700015AA shadow_wsp=700015B4 master_wfp=700015B4 ret=70166E20 depth=1
hijack seq=004395 caller=QUEST2 WRTN  DIST                 area_wfp=780036A4 ret_pc=70168732 real_wsp=700015A0 (was 78003690) shadow_wsp=700015A0 master_wfp=700015B4 depth=0
hijack seq=004400 caller=QUEST2 WSAVS DIST                 pc=70168717 area_wfp=780036A4 argc=4 frame=0 real_wsp=700015AA shadow_wsp=700015B4 master_wfp=700015B4 ret=70166E20 depth=1
hijack seq=004402 caller=QUEST2 WRTN  DIST                 area_wfp=780036A4 ret_pc=70168732 real_wsp=700015A0 (was 78003690) shadow_wsp=700015A0 master_wfp=700015B4 depth=0
hijack seq=004404 caller=QUEST2 WSAVS DIST                 pc=70168717 area_wfp=780036A4 argc=4 frame=0 real_wsp=700015AA shadow_wsp=700015B4 master_wfp=700015B4 ret=70166E20 depth=1
hijack seq=004406 caller=QUEST2 WRTN  DIST                 area_wfp=780036A4 ret_pc=70168732 real_wsp=700015A0 (was 78003690) shadow_wsp=700015A0 master_wfp=700015B4 depth=0
hijack seq=004408 caller=QUEST2 WSAVS DIST                 pc=70168717 area_wfp=780036A4 argc=4 frame=0 real_wsp=700015AA shadow_wsp=700015B4 master_wfp=700015B4 ret=70166E20 depth=1
hijack seq=004410 caller=QUEST2 WRTN  DIST                 area_wfp=780036A4 ret_pc=70168732 real_wsp=700015A0 (was 78003690) shadow_wsp=700015A0 master_wfp=700015B4 depth=0
hijack seq=004414 caller=QUEST2 WSAVS DIST                 pc=70168717 area_wfp=780036A4 argc=4 frame=0 real_wsp=700015AA shadow_wsp=700015B4 master_wfp=700015B4 ret=70166E20 depth=1
hijack seq=004416 caller=QUEST2 WRTN  DIST                 area_wfp=780036A4 ret_pc=70168732 real_wsp=700015A0 (was 78003690) shadow_wsp=700015A0 master_wfp=700015B4 depth=0
hijack seq=004418 caller=QUEST2 WSAVS DIST                 pc=70168717 area_wfp=780036A4 argc=4 frame=0 real_wsp=700015AA shadow_wsp=700015B4 master_wfp=700015B4 ret=70166E20 depth=1
hijack seq=004421 caller=QUEST2 WRTN  DIST                 area_wfp=780036A4 ret_pc=70168732 real_wsp=700015A0 (was 78003690) shadow_wsp=700015A0 master_wfp=700015B4 depth=0
hijack seq=004423 caller=QUEST2 WSAVS DIST                 pc=70168717 area_wfp=780036A4 argc=4 frame=0 real_wsp=700015AA shadow_wsp=700015B4 master_wfp=700015B4 ret=70166E20 depth=1
hijack seq=004425 caller=QUEST2 WRTN  DIST                 area_wfp=780036A4 ret_pc=70168732 real_wsp=700015A0 (was 78003690) shadow_wsp=700015A0 master_wfp=700015B4 depth=0
hijack seq=004430 caller=QUEST2 WSAVS DIST                 pc=70168717 area_wfp=780036A4 argc=4 frame=0 real_wsp=700015AA shadow_wsp=700015B4 master_wfp=700015B4 ret=70166E20 depth=1
hijack seq=004432 caller=QUEST2 WRTN  DIST                 area_wfp=780036A4 ret_pc=70168732 real_wsp=700015A0 (was 78003690) shadow_wsp=700015A0 master_wfp=700015B4 depth=0
hijack seq=004434 caller=QUEST2 WSAVS DIST                 pc=70168717 area_wfp=780036A4 argc=4 frame=0 real_wsp=700015AA shadow_wsp=700015B4 master_wfp=700015B4 ret=70166E20 depth=1
hijack seq=004436 caller=QUEST2 WRTN  DIST                 area_wfp=780036A4 ret_pc=70168732 real_wsp=700015A0 (was 78003690) shadow_wsp=700015A0 master_wfp=700015B4 depth=0
hijack seq=004438 caller=QUEST2 WSAVS DIST                 pc=70168717 area_wfp=780036A4 argc=4 frame=0 real_wsp=700015AA shadow_wsp=700015B4 master_wfp=700015B4 ret=70166E20 depth=1
hijack seq=004440 caller=QUEST2 WRTN  DIST                 area_wfp=780036A4 ret_pc=70168732 real_wsp=700015A0 (was 78003690) shadow_wsp=700015A0 master_wfp=700015B4 depth=0
hijack seq=004445 caller=QUEST2 WSAVS DIST                 pc=70168717 area_wfp=780036A4 argc=4 frame=0 real_wsp=700015AA shadow_wsp=700015B4 master_wfp=700015B4 ret=70166E20 depth=1
hijack seq=004447 caller=QUEST2 WRTN  DIST                 area_wfp=780036A4 ret_pc=70168732 real_wsp=700015A0 (was 78003690) shadow_wsp=700015A0 master_wfp=700015B4 depth=0
hijack seq=004449 caller=QUEST2 WSAVS DIST                 pc=70168717 area_wfp=780036A4 argc=4 frame=0 real_wsp=700015AA shadow_wsp=700015B4 master_wfp=700015B4 ret=70166E20 depth=1
hijack seq=004451 caller=QUEST2 WRTN  DIST                 area_wfp=780036A4 ret_pc=70168732 real_wsp=700015A0 (was 78003690) shadow_wsp=700015A0 master_wfp=700015B4 depth=0
hijack seq=004453 caller=QUEST2 WSAVS DIST                 pc=70168717 area_wfp=780036A4 argc=4 frame=0 real_wsp=700015AA shadow_wsp=700015B4 master_wfp=700015B4 ret=70166E20 depth=1
hijack seq=004456 caller=QUEST2 WRTN  DIST                 area_wfp=780036A4 ret_pc=70168732 real_wsp=700015A0 (was 78003690) shadow_wsp=700015A0 master_wfp=700015B4 depth=0
hijack seq=004458 caller=QUEST2 WSAVS DIST                 pc=70168717 area_wfp=780036A4 argc=4 frame=0 real_wsp=700015AA shadow_wsp=700015B4 master_wfp=700015B4 ret=70166E20 depth=1
hijack seq=004462 caller=QUEST2 WRTN  DIST                 area_wfp=780036A4 ret_pc=70168732 real_wsp=700015A0 (was 78003690) shadow_wsp=700015A0 master_wfp=700015B4 depth=0
hijack seq=004464 caller=QUEST2 WSAVS DIST                 pc=70168717 area_wfp=780036A4 argc=4 frame=0 real_wsp=700015AA shadow_wsp=700015B4 master_wfp=700015B4 ret=70166E20 depth=1
hijack seq=004466 caller=QUEST2 WRTN  DIST                 area_wfp=780036A4 ret_pc=70168732 real_wsp=700015A0 (was 78003690) shadow_wsp=700015A0 master_wfp=700015B4 depth=0
hijack seq=004468 caller=QUEST2 WSAVS DIST                 pc=70168717 area_wfp=780036A4 argc=4 frame=0 real_wsp=700015AA shadow_wsp=700015B4 master_wfp=700015B4 ret=70166E20 depth=1
hijack seq=004470 caller=QUEST2 WRTN  DIST                 area_wfp=780036A4 ret_pc=70168732 real_wsp=700015A0 (was 78003690) shadow_wsp=700015A0 master_wfp=700015B4 depth=0
hijack seq=004475 caller=QUEST2 WSAVS DIST                 pc=70168717 area_wfp=780036A4 argc=4 frame=0 real_wsp=700015AA shadow_wsp=700015B4 master_wfp=700015B4 ret=70166E20 depth=1
hijack seq=004477 caller=QUEST2 WRTN  DIST                 area_wfp=780036A4 ret_pc=70168732 real_wsp=700015A0 (was 78003690) shadow_wsp=700015A0 master_wfp=700015B4 depth=0
hijack seq=004479 caller=QUEST2 WSAVS DIST                 pc=70168717 area_wfp=780036A4 argc=4 frame=0 real_wsp=700015AA shadow_wsp=700015B4 master_wfp=700015B4 ret=70166E20 depth=1
hijack seq=004481 caller=QUEST2 WRTN  DIST                 area_wfp=780036A4 ret_pc=70168732 real_wsp=700015A0 (was 78003690) shadow_wsp=700015A0 master_wfp=700015B4 depth=0
hijack seq=004483 caller=QUEST2 WSAVS DIST                 pc=70168717 area_wfp=780036A4 argc=4 frame=0 real_wsp=700015AA shadow_wsp=700015B4 master_wfp=700015B4 ret=70166E20 depth=1
hijack seq=004485 caller=QUEST2 WRTN  DIST                 area_wfp=780036A4 ret_pc=70168732 real_wsp=700015A0 (was 78003690) shadow_wsp=700015A0 master_wfp=700015B4 depth=0
hijack seq=004490 caller=QUEST2 WSAVS DIST                 pc=70168717 area_wfp=780036A4 argc=4 frame=0 real_wsp=700015AA shadow_wsp=700015B4 master_wfp=700015B4 ret=70166E20 depth=1
hijack seq=004492 caller=QUEST2 WRTN  DIST                 area_wfp=780036A4 ret_pc=70168732 real_wsp=700015A0 (was 78003690) shadow_wsp=700015A0 master_wfp=700015B4 depth=0
hijack seq=004494 caller=QUEST2 WSAVS DIST                 pc=70168717 area_wfp=780036A4 argc=4 frame=0 real_wsp=700015AA shadow_wsp=700015B4 master_wfp=700015B4 ret=70166E20 depth=1
hijack seq=004496 caller=QUEST2 WRTN  DIST                 area_wfp=780036A4 ret_pc=70168732 real_wsp=700015A0 (was 78003690) shadow_wsp=700015A0 master_wfp=700015B4 depth=0
hijack seq=004498 caller=QUEST2 WSAVS DIST                 pc=70168717 area_wfp=780036A4 argc=4 frame=0 real_wsp=700015AA shadow_wsp=700015B4 master_wfp=700015B4 ret=70166E20 depth=1
hijack seq=004500 caller=QUEST2 WRTN  DIST                 area_wfp=780036A4 ret_pc=70168732 real_wsp=700015A0 (was 78003690) shadow_wsp=700015A0 master_wfp=700015B4 depth=0
hijack seq=004504 caller=QUEST2 WSAVS DIST                 pc=70168717 area_wfp=780036A4 argc=4 frame=0 real_wsp=700015AA shadow_wsp=700015B4 master_wfp=700015B4 ret=70166E20 depth=1
hijack seq=004506 caller=QUEST2 WRTN  DIST                 area_wfp=780036A4 ret_pc=70168732 real_wsp=700015A0 (was 78003690) shadow_wsp=700015A0 master_wfp=700015B4 depth=0
hijack seq=004508 caller=QUEST2 WSAVS DIST                 pc=70168717 area_wfp=780036A4 argc=4 frame=0 real_wsp=700015AA shadow_wsp=700015B4 master_wfp=700015B4 ret=70166E20 depth=1
hijack seq=004510 caller=QUEST2 WRTN  DIST                 area_wfp=780036A4 ret_pc=70168732 real_wsp=700015A0 (was 78003690) shadow_wsp=700015A0 master_wfp=700015B4 depth=0
hijack seq=004513 caller=QUEST2 WSAVS DIST                 pc=70168717 area_wfp=780036A4 argc=4 frame=0 real_wsp=700015AA shadow_wsp=700015B4 master_wfp=700015B4 ret=70166E20 depth=1
hijack seq=004515 caller=QUEST2 WRTN  DIST                 area_wfp=780036A4 ret_pc=70168732 real_wsp=700015A0 (was 78003690) shadow_wsp=700015A0 master_wfp=700015B4 depth=0
hijack seq=004520 caller=QUEST2 WSAVS DIST                 pc=70168717 area_wfp=780036A4 argc=4 frame=0 real_wsp=700015AA shadow_wsp=700015B4 master_wfp=700015B4 ret=70166E20 depth=1
hijack seq=004522 caller=QUEST2 WRTN  DIST                 area_wfp=780036A4 ret_pc=70168732 real_wsp=700015A0 (was 78003690) shadow_wsp=700015A0 master_wfp=700015B4 depth=0
hijack seq=004524 caller=QUEST2 WSAVS DIST                 pc=70168717 area_wfp=780036A4 argc=4 frame=0 real_wsp=700015AA shadow_wsp=700015B4 master_wfp=700015B4 ret=70166E20 depth=1
hijack seq=004526 caller=QUEST2 WRTN  DIST                 area_wfp=780036A4 ret_pc=70168732 real_wsp=700015A0 (was 78003690) shadow_wsp=700015A0 master_wfp=700015B4 depth=0
hijack seq=004528 caller=QUEST2 WSAVS DIST                 pc=70168717 area_wfp=780036A4 argc=4 frame=0 real_wsp=700015AA shadow_wsp=700015B4 master_wfp=700015B4 ret=70166E20 depth=1
hijack seq=004530 caller=QUEST2 WRTN  DIST                 area_wfp=780036A4 ret_pc=70168732 real_wsp=700015A0 (was 78003690) shadow_wsp=700015A0 master_wfp=700015B4 depth=0
hijack seq=004534 caller=QUEST2 WSAVS DIST                 pc=70168717 area_wfp=780036A4 argc=4 frame=0 real_wsp=700015AA shadow_wsp=700015B4 master_wfp=700015B4 ret=70166E20 depth=1
hijack seq=004536 caller=QUEST2 WRTN  DIST                 area_wfp=780036A4 ret_pc=70168732 real_wsp=700015A0 (was 78003690) shadow_wsp=700015A0 master_wfp=700015B4 depth=0
hijack seq=004538 caller=QUEST2 WSAVS DIST                 pc=70168717 area_wfp=780036A4 argc=4 frame=0 real_wsp=700015AA shadow_wsp=700015B4 master_wfp=700015B4 ret=70166E20 depth=1
hijack seq=004541 caller=QUEST2 WRTN  DIST                 area_wfp=780036A4 ret_pc=70168732 real_wsp=700015A0 (was 78003690) shadow_wsp=700015A0 master_wfp=700015B4 depth=0
hijack seq=004543 caller=QUEST2 WSAVS DIST                 pc=70168717 area_wfp=780036A4 argc=4 frame=0 real_wsp=700015AA shadow_wsp=700015B4 master_wfp=700015B4 ret=70166E20 depth=1
hijack seq=004545 caller=QUEST2 WRTN  DIST                 area_wfp=780036A4 ret_pc=70168732 real_wsp=700015A0 (was 78003690) shadow_wsp=700015A0 master_wfp=700015B4 depth=0
hijack seq=004550 caller=QUEST2 WSAVS DIST                 pc=70168717 area_wfp=780036A4 argc=4 frame=0 real_wsp=700015AA shadow_wsp=700015B4 master_wfp=700015B4 ret=70166E20 depth=1
hijack seq=004552 caller=QUEST2 WRTN  DIST                 area_wfp=780036A4 ret_pc=70168732 real_wsp=700015A0 (was 78003690) shadow_wsp=700015A0 master_wfp=700015B4 depth=0
hijack seq=004554 caller=QUEST2 WSAVS DIST                 pc=70168717 area_wfp=780036A4 argc=4 frame=0 real_wsp=700015AA shadow_wsp=700015B4 master_wfp=700015B4 ret=70166E20 depth=1
hijack seq=004556 caller=QUEST2 WRTN  DIST                 area_wfp=780036A4 ret_pc=70168732 real_wsp=700015A0 (was 78003690) shadow_wsp=700015A0 master_wfp=700015B4 depth=0
hijack seq=004558 caller=QUEST2 WSAVS DIST                 pc=70168717 area_wfp=780036A4 argc=4 frame=0 real_wsp=700015AA shadow_wsp=700015B4 master_wfp=700015B4 ret=70166E20 depth=1
hijack seq=004560 caller=QUEST2 WRTN  DIST                 area_wfp=780036A4 ret_pc=70168732 real_wsp=700015A0 (was 78003690) shadow_wsp=700015A0 master_wfp=700015B4 depth=0
hijack seq=004565 caller=QUEST2 WSAVS DIST                 pc=70168717 area_wfp=780036A4 argc=4 frame=0 real_wsp=700015AA shadow_wsp=700015B4 master_wfp=700015B4 ret=70166E20 depth=1
hijack seq=004567 caller=QUEST2 WRTN  DIST                 area_wfp=780036A4 ret_pc=70168732 real_wsp=700015A0 (was 78003690) shadow_wsp=700015A0 master_wfp=700015B4 depth=0
hijack seq=004569 caller=QUEST2 WSAVS DIST                 pc=70168717 area_wfp=780036A4 argc=4 frame=0 real_wsp=700015AA shadow_wsp=700015B4 master_wfp=700015B4 ret=70166E20 depth=1
hijack seq=004571 caller=QUEST2 WRTN  DIST                 area_wfp=780036A4 ret_pc=70168732 real_wsp=700015A0 (was 78003690) shadow_wsp=700015A0 master_wfp=700015B4 depth=0
hijack seq=004573 caller=QUEST2 WSAVS DIST                 pc=70168717 area_wfp=780036A4 argc=4 frame=0 real_wsp=700015AA shadow_wsp=700015B4 master_wfp=700015B4 ret=70166E20 depth=1
hijack seq=004575 caller=QUEST2 WRTN  DIST                 area_wfp=780036A4 ret_pc=70168732 real_wsp=700015A0 (was 78003690) shadow_wsp=700015A0 master_wfp=700015B4 depth=0
hijack seq=004579 caller=QUEST2 WSAVS DIST                 pc=70168717 area_wfp=780036A4 argc=4 frame=0 real_wsp=700015AA shadow_wsp=700015B4 master_wfp=700015B4 ret=70166E20 depth=1
hijack seq=004581 caller=QUEST2 WRTN  DIST                 area_wfp=780036A4 ret_pc=70168732 real_wsp=700015A0 (was 78003690) shadow_wsp=700015A0 master_wfp=700015B4 depth=0
hijack seq=004583 caller=QUEST2 WSAVS DIST                 pc=70168717 area_wfp=780036A4 argc=4 frame=0 real_wsp=700015AA shadow_wsp=700015B4 master_wfp=700015B4 ret=70166E20 depth=1
hijack seq=004585 caller=QUEST2 WRTN  DIST                 area_wfp=780036A4 ret_pc=70168732 real_wsp=700015A0 (was 78003690) shadow_wsp=700015A0 master_wfp=700015B4 depth=0
hijack seq=004588 caller=QUEST2 WSAVS DIST                 pc=70168717 area_wfp=780036A4 argc=4 frame=0 real_wsp=700015AA shadow_wsp=700015B4 master_wfp=700015B4 ret=70166E20 depth=1
hijack seq=004590 caller=QUEST2 WRTN  DIST                 area_wfp=780036A4 ret_pc=70168732 real_wsp=700015A0 (was 78003690) shadow_wsp=700015A0 master_wfp=700015B4 depth=0
hijack seq=004595 caller=QUEST2 WSAVS DIST                 pc=70168717 area_wfp=780036A4 argc=4 frame=0 real_wsp=700015AA shadow_wsp=700015B4 master_wfp=700015B4 ret=70166E20 depth=1
hijack seq=004597 caller=QUEST2 WRTN  DIST                 area_wfp=780036A4 ret_pc=70168732 real_wsp=700015A0 (was 78003690) shadow_wsp=700015A0 master_wfp=700015B4 depth=0
hijack seq=004599 caller=QUEST2 WSAVS DIST                 pc=70168717 area_wfp=780036A4 argc=4 frame=0 real_wsp=700015AA shadow_wsp=700015B4 master_wfp=700015B4 ret=70166E20 depth=1
hijack seq=004601 caller=QUEST2 WRTN  DIST                 area_wfp=780036A4 ret_pc=70168732 real_wsp=700015A0 (was 78003690) shadow_wsp=700015A0 master_wfp=700015B4 depth=0
hijack seq=004603 caller=QUEST2 WSAVS DIST                 pc=70168717 area_wfp=780036A4 argc=4 frame=0 real_wsp=700015AA shadow_wsp=700015B4 master_wfp=700015B4 ret=70166E20 depth=1
hijack seq=004605 caller=QUEST2 WRTN  DIST                 area_wfp=780036A4 ret_pc=70168732 real_wsp=700015A0 (was 78003690) shadow_wsp=700015A0 master_wfp=700015B4 depth=0
hijack seq=004610 caller=QUEST2 WSAVS DIST                 pc=70168717 area_wfp=780036A4 argc=4 frame=0 real_wsp=700015AA shadow_wsp=700015B4 master_wfp=700015B4 ret=70166E20 depth=1
hijack seq=004612 caller=QUEST2 WRTN  DIST                 area_wfp=780036A4 ret_pc=70168732 real_wsp=700015A0 (was 78003690) shadow_wsp=700015A0 master_wfp=700015B4 depth=0
hijack seq=004614 caller=QUEST2 WSAVS DIST                 pc=70168717 area_wfp=780036A4 argc=4 frame=0 real_wsp=700015AA shadow_wsp=700015B4 master_wfp=700015B4 ret=70166E20 depth=1
hijack seq=004616 caller=QUEST2 WRTN  DIST                 area_wfp=780036A4 ret_pc=70168732 real_wsp=700015A0 (was 78003690) shadow_wsp=700015A0 master_wfp=700015B4 depth=0
hijack seq=004618 caller=QUEST2 WSAVS DIST                 pc=70168717 area_wfp=780036A4 argc=4 frame=0 real_wsp=700015AA shadow_wsp=700015B4 master_wfp=700015B4 ret=70166E20 depth=1
hijack seq=004621 caller=QUEST2 WRTN  DIST                 area_wfp=780036A4 ret_pc=70168732 real_wsp=700015A0 (was 78003690) shadow_wsp=700015A0 master_wfp=700015B4 depth=0
hijack seq=004623 caller=QUEST2 WSAVS DIST                 pc=70168717 area_wfp=780036A4 argc=4 frame=0 real_wsp=700015AA shadow_wsp=700015B4 master_wfp=700015B4 ret=70166E20 depth=1
hijack seq=004627 caller=QUEST2 WRTN  DIST                 area_wfp=780036A4 ret_pc=70168732 real_wsp=700015A0 (was 78003690) shadow_wsp=700015A0 master_wfp=700015B4 depth=0
hijack seq=004629 caller=QUEST2 WSAVS DIST                 pc=70168717 area_wfp=780036A4 argc=4 frame=0 real_wsp=700015AA shadow_wsp=700015B4 master_wfp=700015B4 ret=70166E20 depth=1
hijack seq=004631 caller=QUEST2 WRTN  DIST                 area_wfp=780036A4 ret_pc=70168732 real_wsp=700015A0 (was 78003690) shadow_wsp=700015A0 master_wfp=700015B4 depth=0
hijack seq=004633 caller=QUEST2 WSAVS DIST                 pc=70168717 area_wfp=780036A4 argc=4 frame=0 real_wsp=700015AA shadow_wsp=700015B4 master_wfp=700015B4 ret=70166E20 depth=1
hijack seq=004635 caller=QUEST2 WRTN  DIST                 area_wfp=780036A4 ret_pc=70168732 real_wsp=700015A0 (was 78003690) shadow_wsp=700015A0 master_wfp=700015B4 depth=0
hijack seq=004640 caller=QUEST2 WSAVS DIST                 pc=70168717 area_wfp=780036A4 argc=4 frame=0 real_wsp=700015AA shadow_wsp=700015B4 master_wfp=700015B4 ret=70166E20 depth=1
hijack seq=004642 caller=QUEST2 WRTN  DIST                 area_wfp=780036A4 ret_pc=70168732 real_wsp=700015A0 (was 78003690) shadow_wsp=700015A0 master_wfp=700015B4 depth=0
hijack seq=004644 caller=QUEST2 WSAVS DIST                 pc=70168717 area_wfp=780036A4 argc=4 frame=0 real_wsp=700015AA shadow_wsp=700015B4 master_wfp=700015B4 ret=70166E20 depth=1
hijack seq=004646 caller=QUEST2 WRTN  DIST                 area_wfp=780036A4 ret_pc=70168732 real_wsp=700015A0 (was 78003690) shadow_wsp=700015A0 master_wfp=700015B4 depth=0
hijack seq=004648 caller=QUEST2 WSAVS DIST                 pc=70168717 area_wfp=780036A4 argc=4 frame=0 real_wsp=700015AA shadow_wsp=700015B4 master_wfp=700015B4 ret=70166E20 depth=1
hijack seq=004650 caller=QUEST2 WRTN  DIST                 area_wfp=780036A4 ret_pc=70168732 real_wsp=700015A0 (was 78003690) shadow_wsp=700015A0 master_wfp=700015B4 depth=0
hijack seq=004655 caller=QUEST2 WSAVS DIST                 pc=70168717 area_wfp=780036A4 argc=4 frame=0 real_wsp=700015AA shadow_wsp=700015B4 master_wfp=700015B4 ret=70166E20 depth=1
hijack seq=004657 caller=QUEST2 WRTN  DIST                 area_wfp=780036A4 ret_pc=70168732 real_wsp=700015A0 (was 78003690) shadow_wsp=700015A0 master_wfp=700015B4 depth=0
hijack seq=004659 caller=QUEST2 WSAVS DIST                 pc=70168717 area_wfp=780036A4 argc=4 frame=0 real_wsp=700015AA shadow_wsp=700015B4 master_wfp=700015B4 ret=70166E20 depth=1
hijack seq=004661 caller=QUEST2 WRTN  DIST                 area_wfp=780036A4 ret_pc=70168732 real_wsp=700015A0 (was 78003690) shadow_wsp=700015A0 master_wfp=700015B4 depth=0
hijack seq=004663 caller=QUEST2 WSAVS DIST                 pc=70168717 area_wfp=780036A4 argc=4 frame=0 real_wsp=700015AA shadow_wsp=700015B4 master_wfp=700015B4 ret=70166E20 depth=1
hijack seq=004665 caller=QUEST2 WRTN  DIST                 area_wfp=780036A4 ret_pc=70168732 real_wsp=700015A0 (was 78003690) shadow_wsp=700015A0 master_wfp=700015B4 depth=0
hijack seq=004669 caller=QUEST2 WSAVS DIST                 pc=70168717 area_wfp=780036A4 argc=4 frame=0 real_wsp=700015AA shadow_wsp=700015B4 master_wfp=700015B4 ret=70166E20 depth=1
hijack seq=004671 caller=QUEST2 WRTN  DIST                 area_wfp=780036A4 ret_pc=70168732 real_wsp=700015A0 (was 78003690) shadow_wsp=700015A0 master_wfp=700015B4 depth=0
hijack seq=004673 caller=QUEST2 WSAVS DIST                 pc=70168717 area_wfp=780036A4 argc=4 frame=0 real_wsp=700015AA shadow_wsp=700015B4 master_wfp=700015B4 ret=70166E20 depth=1
hijack seq=004675 caller=QUEST2 WRTN  DIST                 area_wfp=780036A4 ret_pc=70168732 real_wsp=700015A0 (was 78003690) shadow_wsp=700015A0 master_wfp=700015B4 depth=0
hijack seq=004678 caller=QUEST2 WSAVS DIST                 pc=70168717 area_wfp=780036A4 argc=4 frame=0 real_wsp=700015AA shadow_wsp=700015B4 master_wfp=700015B4 ret=70166E20 depth=1
hijack seq=004680 caller=QUEST2 WRTN  DIST                 area_wfp=780036A4 ret_pc=70168732 real_wsp=700015A0 (was 78003690) shadow_wsp=700015A0 master_wfp=700015B4 depth=0
hijack seq=004685 caller=QUEST2 WSAVS DIST                 pc=70168717 area_wfp=780036A4 argc=4 frame=0 real_wsp=700015AA shadow_wsp=700015B4 master_wfp=700015B4 ret=70166E20 depth=1
hijack seq=004687 caller=QUEST2 WRTN  DIST                 area_wfp=780036A4 ret_pc=70168732 real_wsp=700015A0 (was 78003690) shadow_wsp=700015A0 master_wfp=700015B4 depth=0
hijack seq=004689 caller=QUEST2 WSAVS DIST                 pc=70168717 area_wfp=780036A4 argc=4 frame=0 real_wsp=700015AA shadow_wsp=700015B4 master_wfp=700015B4 ret=70166E20 depth=1
hijack seq=004691 caller=QUEST2 WRTN  DIST                 area_wfp=780036A4 ret_pc=70168732 real_wsp=700015A0 (was 78003690) shadow_wsp=700015A0 master_wfp=700015B4 depth=0
hijack seq=004693 caller=QUEST2 WSAVS DIST                 pc=70168717 area_wfp=780036A4 argc=4 frame=0 real_wsp=700015AA shadow_wsp=700015B4 master_wfp=700015B4 ret=70166E20 depth=1
hijack seq=004695 caller=QUEST2 WRTN  DIST                 area_wfp=780036A4 ret_pc=70168732 real_wsp=700015A0 (was 78003690) shadow_wsp=700015A0 master_wfp=700015B4 depth=0
hijack seq=004698 caller=QUEST2 WSAVS DIST                 pc=70168717 area_wfp=780036A4 argc=4 frame=0 real_wsp=700015AA shadow_wsp=700015B4 master_wfp=700015B4 ret=70166E20 depth=1
hijack seq=004700 caller=QUEST2 WRTN  DIST                 area_wfp=780036A4 ret_pc=70168732 real_wsp=700015A0 (was 78003690) shadow_wsp=700015A0 master_wfp=700015B4 depth=0
hijack seq=004704 caller=QUEST2 WSAVS DIST                 pc=70168717 area_wfp=780036A4 argc=4 frame=0 real_wsp=700015AA shadow_wsp=700015B4 master_wfp=700015B4 ret=70166E20 depth=1
hijack seq=004706 caller=QUEST2 WRTN  DIST                 area_wfp=780036A4 ret_pc=70168732 real_wsp=700015A0 (was 78003690) shadow_wsp=700015A0 master_wfp=700015B4 depth=0
hijack seq=004708 caller=QUEST2 WSAVS DIST                 pc=70168717 area_wfp=780036A4 argc=4 frame=0 real_wsp=700015AA shadow_wsp=700015B4 master_wfp=700015B4 ret=70166E20 depth=1
hijack seq=004710 caller=QUEST2 WRTN  DIST                 area_wfp=780036A4 ret_pc=70168732 real_wsp=700015A0 (was 78003690) shadow_wsp=700015A0 master_wfp=700015B4 depth=0
hijack seq=004715 caller=QUEST2 WSAVS DIST                 pc=70168717 area_wfp=780036A4 argc=4 frame=0 real_wsp=700015AA shadow_wsp=700015B4 master_wfp=700015B4 ret=70166E20 depth=1
hijack seq=004717 caller=QUEST2 WRTN  DIST                 area_wfp=780036A4 ret_pc=70168732 real_wsp=700015A0 (was 78003690) shadow_wsp=700015A0 master_wfp=700015B4 depth=0
hijack seq=004719 caller=QUEST2 WSAVS DIST                 pc=70168717 area_wfp=780036A4 argc=4 frame=0 real_wsp=700015AA shadow_wsp=700015B4 master_wfp=700015B4 ret=70166E20 depth=1
hijack seq=004721 caller=QUEST2 WRTN  DIST                 area_wfp=780036A4 ret_pc=70168732 real_wsp=700015A0 (was 78003690) shadow_wsp=700015A0 master_wfp=700015B4 depth=0
hijack seq=004723 caller=QUEST2 WSAVS DIST                 pc=70168717 area_wfp=780036A4 argc=4 frame=0 real_wsp=700015AA shadow_wsp=700015B4 master_wfp=700015B4 ret=70166E20 depth=1
hijack seq=004725 caller=QUEST2 WRTN  DIST                 area_wfp=780036A4 ret_pc=70168732 real_wsp=700015A0 (was 78003690) shadow_wsp=700015A0 master_wfp=700015B4 depth=0
hijack seq=004730 caller=QUEST2 WSAVS DIST                 pc=70168717 area_wfp=780036A4 argc=4 frame=0 real_wsp=700015AA shadow_wsp=700015B4 master_wfp=700015B4 ret=70166E20 depth=1
hijack seq=004732 caller=QUEST2 WRTN  DIST                 area_wfp=780036A4 ret_pc=70168732 real_wsp=700015A0 (was 78003690) shadow_wsp=700015A0 master_wfp=700015B4 depth=0
hijack seq=004734 caller=QUEST2 WSAVS DIST                 pc=70168717 area_wfp=780036A4 argc=4 frame=0 real_wsp=700015AA shadow_wsp=700015B4 master_wfp=700015B4 ret=70166E20 depth=1
hijack seq=004736 caller=QUEST2 WRTN  DIST                 area_wfp=780036A4 ret_pc=70168732 real_wsp=700015A0 (was 78003690) shadow_wsp=700015A0 master_wfp=700015B4 depth=0
hijack seq=004738 caller=QUEST2 WSAVS DIST                 pc=70168717 area_wfp=780036A4 argc=4 frame=0 real_wsp=700015AA shadow_wsp=700015B4 master_wfp=700015B4 ret=70166E20 depth=1
hijack seq=004740 caller=QUEST2 WRTN  DIST                 area_wfp=780036A4 ret_pc=70168732 real_wsp=700015A0 (was 78003690) shadow_wsp=700015A0 master_wfp=700015B4 depth=0
hijack seq=004745 caller=QUEST2 WSAVS DIST                 pc=70168717 area_wfp=780036A4 argc=4 frame=0 real_wsp=700015AA shadow_wsp=700015B4 master_wfp=700015B4 ret=70166E20 depth=1
hijack seq=004747 caller=QUEST2 WRTN  DIST                 area_wfp=780036A4 ret_pc=70168732 real_wsp=700015A0 (was 78003690) shadow_wsp=700015A0 master_wfp=700015B4 depth=0
hijack seq=004749 caller=QUEST2 WSAVS DIST                 pc=70168717 area_wfp=780036A4 argc=4 frame=0 real_wsp=700015AA shadow_wsp=700015B4 master_wfp=700015B4 ret=70166E20 depth=1
hijack seq=004751 caller=QUEST2 WRTN  DIST                 area_wfp=780036A4 ret_pc=70168732 real_wsp=700015A0 (was 78003690) shadow_wsp=700015A0 master_wfp=700015B4 depth=0
hijack seq=004753 caller=QUEST2 WSAVS DIST                 pc=70168717 area_wfp=780036A4 argc=4 frame=0 real_wsp=700015AA shadow_wsp=700015B4 master_wfp=700015B4 ret=70166E20 depth=1
hijack seq=004755 caller=QUEST2 WRTN  DIST                 area_wfp=780036A4 ret_pc=70168732 real_wsp=700015A0 (was 78003690) shadow_wsp=700015A0 master_wfp=700015B4 depth=0
hijack seq=004759 caller=QUEST2 WSAVS DIST                 pc=70168717 area_wfp=780036A4 argc=4 frame=0 real_wsp=700015AA shadow_wsp=700015B4 master_wfp=700015B4 ret=70166E20 depth=1
hijack seq=004761 caller=QUEST2 WRTN  DIST                 area_wfp=780036A4 ret_pc=70168732 real_wsp=700015A0 (was 78003690) shadow_wsp=700015A0 master_wfp=700015B4 depth=0
hijack seq=004763 caller=QUEST2 WSAVS DIST                 pc=70168717 area_wfp=780036A4 argc=4 frame=0 real_wsp=700015AA shadow_wsp=700015B4 master_wfp=700015B4 ret=70166E20 depth=1
hijack seq=004766 caller=QUEST2 WRTN  DIST                 area_wfp=780036A4 ret_pc=70168732 real_wsp=700015A0 (was 78003690) shadow_wsp=700015A0 master_wfp=700015B4 depth=0
hijack seq=004768 caller=QUEST2 WSAVS DIST                 pc=70168717 area_wfp=780036A4 argc=4 frame=0 real_wsp=700015AA shadow_wsp=700015B4 master_wfp=700015B4 ret=70166E20 depth=1
hijack seq=004770 caller=QUEST2 WRTN  DIST                 area_wfp=780036A4 ret_pc=70168732 real_wsp=700015A0 (was 78003690) shadow_wsp=700015A0 master_wfp=700015B4 depth=0
hijack seq=004775 caller=QUEST2 WSAVS DIST                 pc=70168717 area_wfp=780036A4 argc=4 frame=0 real_wsp=700015AA shadow_wsp=700015B4 master_wfp=700015B4 ret=70166E20 depth=1
hijack seq=004777 caller=QUEST2 WRTN  DIST                 area_wfp=780036A4 ret_pc=70168732 real_wsp=700015A0 (was 78003690) shadow_wsp=700015A0 master_wfp=700015B4 depth=0
hijack seq=004779 caller=QUEST2 WSAVS DIST                 pc=70168717 area_wfp=780036A4 argc=4 frame=0 real_wsp=700015AA shadow_wsp=700015B4 master_wfp=700015B4 ret=70166E20 depth=1
hijack seq=004781 caller=QUEST2 WRTN  DIST                 area_wfp=780036A4 ret_pc=70168732 real_wsp=700015A0 (was 78003690) shadow_wsp=700015A0 master_wfp=700015B4 depth=0
hijack seq=004783 caller=QUEST2 WSAVS DIST                 pc=70168717 area_wfp=780036A4 argc=4 frame=0 real_wsp=700015AA shadow_wsp=700015B4 master_wfp=700015B4 ret=70166E20 depth=1
hijack seq=004785 caller=QUEST2 WRTN  DIST                 area_wfp=780036A4 ret_pc=70168732 real_wsp=700015A0 (was 78003690) shadow_wsp=700015A0 master_wfp=700015B4 depth=0
hijack seq=004790 caller=QUEST2 WSAVS DIST                 pc=70168717 area_wfp=780036A4 argc=4 frame=0 real_wsp=700015AA shadow_wsp=700015B4 master_wfp=700015B4 ret=70166E20 depth=1
hijack seq=004792 caller=QUEST2 WRTN  DIST                 area_wfp=780036A4 ret_pc=70168732 real_wsp=700015A0 (was 78003690) shadow_wsp=700015A0 master_wfp=700015B4 depth=0
hijack seq=004794 caller=QUEST2 WSAVS DIST                 pc=70168717 area_wfp=780036A4 argc=4 frame=0 real_wsp=700015AA shadow_wsp=700015B4 master_wfp=700015B4 ret=70166E20 depth=1
hijack seq=004796 caller=QUEST2 WRTN  DIST                 area_wfp=780036A4 ret_pc=70168732 real_wsp=700015A0 (was 78003690) shadow_wsp=700015A0 master_wfp=700015B4 depth=0
hijack seq=004798 caller=QUEST2 WSAVS DIST                 pc=70168717 area_wfp=780036A4 argc=4 frame=0 real_wsp=700015AA shadow_wsp=700015B4 master_wfp=700015B4 ret=70166E20 depth=1
hijack seq=004800 caller=QUEST2 WRTN  DIST                 area_wfp=780036A4 ret_pc=70168732 real_wsp=700015A0 (was 78003690) shadow_wsp=700015A0 master_wfp=700015B4 depth=0
hijack seq=004805 caller=QUEST2 WSAVS DIST                 pc=70168717 area_wfp=780036A4 argc=4 frame=0 real_wsp=700015AA shadow_wsp=700015B4 master_wfp=700015B4 ret=70166E20 depth=1
hijack seq=004807 caller=QUEST2 WRTN  DIST                 area_wfp=780036A4 ret_pc=70168732 real_wsp=700015A0 (was 78003690) shadow_wsp=700015A0 master_wfp=700015B4 depth=0
hijack seq=004809 caller=QUEST2 WSAVS DIST                 pc=70168717 area_wfp=780036A4 argc=4 frame=0 real_wsp=700015AA shadow_wsp=700015B4 master_wfp=700015B4 ret=70166E20 depth=1
hijack seq=004811 caller=QUEST2 WRTN  DIST                 area_wfp=780036A4 ret_pc=70168732 real_wsp=700015A0 (was 78003690) shadow_wsp=700015A0 master_wfp=700015B4 depth=0
hijack seq=004813 caller=QUEST2 WSAVS DIST                 pc=70168717 area_wfp=780036A4 argc=4 frame=0 real_wsp=700015AA shadow_wsp=700015B4 master_wfp=700015B4 ret=70166E20 depth=1
hijack seq=004815 caller=QUEST2 WRTN  DIST                 area_wfp=780036A4 ret_pc=70168732 real_wsp=700015A0 (was 78003690) shadow_wsp=700015A0 master_wfp=700015B4 depth=0
hijack seq=004819 caller=QUEST2 WSAVS DIST                 pc=70168717 area_wfp=780036A4 argc=4 frame=0 real_wsp=700015AA shadow_wsp=700015B4 master_wfp=700015B4 ret=70166E20 depth=1
hijack seq=004821 caller=QUEST2 WRTN  DIST                 area_wfp=780036A4 ret_pc=70168732 real_wsp=700015A0 (was 78003690) shadow_wsp=700015A0 master_wfp=700015B4 depth=0
hijack seq=004823 caller=QUEST2 WSAVS DIST                 pc=70168717 area_wfp=780036A4 argc=4 frame=0 real_wsp=700015AA shadow_wsp=700015B4 master_wfp=700015B4 ret=70166E20 depth=1
hijack seq=004825 caller=QUEST2 WRTN  DIST                 area_wfp=780036A4 ret_pc=70168732 real_wsp=700015A0 (was 78003690) shadow_wsp=700015A0 master_wfp=700015B4 depth=0
hijack seq=004828 caller=QUEST2 WSAVS DIST                 pc=70168717 area_wfp=780036A4 argc=4 frame=0 real_wsp=700015AA shadow_wsp=700015B4 master_wfp=700015B4 ret=70166E20 depth=1
hijack seq=004830 caller=QUEST2 WRTN  DIST                 area_wfp=780036A4 ret_pc=70168732 real_wsp=700015A0 (was 78003690) shadow_wsp=700015A0 master_wfp=700015B4 depth=0
hijack seq=004835 caller=QUEST2 WSAVS DIST                 pc=70168717 area_wfp=780036A4 argc=4 frame=0 real_wsp=700015AA shadow_wsp=700015B4 master_wfp=700015B4 ret=70166E20 depth=1
hijack seq=004837 caller=QUEST2 WRTN  DIST                 area_wfp=780036A4 ret_pc=70168732 real_wsp=700015A0 (was 78003690) shadow_wsp=700015A0 master_wfp=700015B4 depth=0
hijack seq=004839 caller=QUEST2 WSAVS DIST                 pc=70168717 area_wfp=780036A4 argc=4 frame=0 real_wsp=700015AA shadow_wsp=700015B4 master_wfp=700015B4 ret=70166E20 depth=1
hijack seq=004841 caller=QUEST2 WRTN  DIST                 area_wfp=780036A4 ret_pc=70168732 real_wsp=700015A0 (was 78003690) shadow_wsp=700015A0 master_wfp=700015B4 depth=0
hijack seq=004843 caller=QUEST2 WSAVS DIST                 pc=70168717 area_wfp=780036A4 argc=4 frame=0 real_wsp=700015AA shadow_wsp=700015B4 master_wfp=700015B4 ret=70166E20 depth=1
hijack seq=004845 caller=QUEST2 WRTN  DIST                 area_wfp=780036A4 ret_pc=70168732 real_wsp=700015A0 (was 78003690) shadow_wsp=700015A0 master_wfp=700015B4 depth=0
hijack seq=004848 caller=QUEST2 WSAVS DIST                 pc=70168717 area_wfp=780036A4 argc=4 frame=0 real_wsp=700015AA shadow_wsp=700015B4 master_wfp=700015B4 ret=70166E20 depth=1
hijack seq=004850 caller=QUEST2 WRTN  DIST                 area_wfp=780036A4 ret_pc=70168732 real_wsp=700015A0 (was 78003690) shadow_wsp=700015A0 master_wfp=700015B4 depth=0
hijack seq=004854 caller=QUEST2 WSAVS DIST                 pc=70168717 area_wfp=780036A4 argc=4 frame=0 real_wsp=700015AA shadow_wsp=700015B4 master_wfp=700015B4 ret=70166E20 depth=1
hijack seq=004856 caller=QUEST2 WRTN  DIST                 area_wfp=780036A4 ret_pc=70168732 real_wsp=700015A0 (was 78003690) shadow_wsp=700015A0 master_wfp=700015B4 depth=0
hijack seq=004858 caller=QUEST2 WSAVS DIST                 pc=70168717 area_wfp=780036A4 argc=4 frame=0 real_wsp=700015AA shadow_wsp=700015B4 master_wfp=700015B4 ret=70166E20 depth=1
hijack seq=004860 caller=QUEST2 WRTN  DIST                 area_wfp=780036A4 ret_pc=70168732 real_wsp=700015A0 (was 78003690) shadow_wsp=700015A0 master_wfp=700015B4 depth=0
hijack seq=004865 caller=QUEST2 WSAVS DIST                 pc=70168717 area_wfp=780036A4 argc=4 frame=0 real_wsp=700015AA shadow_wsp=700015B4 master_wfp=700015B4 ret=70166E20 depth=1
hijack seq=004867 caller=QUEST2 WRTN  DIST                 area_wfp=780036A4 ret_pc=70168732 real_wsp=700015A0 (was 78003690) shadow_wsp=700015A0 master_wfp=700015B4 depth=0
hijack seq=004869 caller=QUEST2 WSAVS DIST                 pc=70168717 area_wfp=780036A4 argc=4 frame=0 real_wsp=700015AA shadow_wsp=700015B4 master_wfp=700015B4 ret=70166E20 depth=1
hijack seq=004871 caller=QUEST2 WRTN  DIST                 area_wfp=780036A4 ret_pc=70168732 real_wsp=700015A0 (was 78003690) shadow_wsp=700015A0 master_wfp=700015B4 depth=0
hijack seq=004873 caller=QUEST2 WSAVS DIST                 pc=70168717 area_wfp=780036A4 argc=4 frame=0 real_wsp=700015AA shadow_wsp=700015B4 master_wfp=700015B4 ret=70166E20 depth=1
hijack seq=004875 caller=QUEST2 WRTN  DIST                 area_wfp=780036A4 ret_pc=70168732 real_wsp=700015A0 (was 78003690) shadow_wsp=700015A0 master_wfp=700015B4 depth=0
hijack seq=004880 caller=QUEST2 WSAVS DIST                 pc=70168717 area_wfp=780036A4 argc=4 frame=0 real_wsp=700015AA shadow_wsp=700015B4 master_wfp=700015B4 ret=70166E20 depth=1
hijack seq=004882 caller=QUEST2 WRTN  DIST                 area_wfp=780036A4 ret_pc=70168732 real_wsp=700015A0 (was 78003690) shadow_wsp=700015A0 master_wfp=700015B4 depth=0
hijack seq=004884 caller=QUEST2 WSAVS DIST                 pc=70168717 area_wfp=780036A4 argc=4 frame=0 real_wsp=700015AA shadow_wsp=700015B4 master_wfp=700015B4 ret=70166E20 depth=1
hijack seq=004886 caller=QUEST2 WRTN  DIST                 area_wfp=780036A4 ret_pc=70168732 real_wsp=700015A0 (was 78003690) shadow_wsp=700015A0 master_wfp=700015B4 depth=0
hijack seq=004888 caller=QUEST2 WSAVS DIST                 pc=70168717 area_wfp=780036A4 argc=4 frame=0 real_wsp=700015AA shadow_wsp=700015B4 master_wfp=700015B4 ret=70166E20 depth=1
hijack seq=004891 caller=QUEST2 WRTN  DIST                 area_wfp=780036A4 ret_pc=70168732 real_wsp=700015A0 (was 78003690) shadow_wsp=700015A0 master_wfp=700015B4 depth=0
hijack seq=004893 caller=QUEST2 WSAVS DIST                 pc=70168717 area_wfp=780036A4 argc=4 frame=0 real_wsp=700015AA shadow_wsp=700015B4 master_wfp=700015B4 ret=70166E20 depth=1
hijack seq=004897 caller=QUEST2 WRTN  DIST                 area_wfp=780036A4 ret_pc=70168732 real_wsp=700015A0 (was 78003690) shadow_wsp=700015A0 master_wfp=700015B4 depth=0
hijack seq=004899 caller=QUEST2 WSAVS DIST                 pc=70168717 area_wfp=780036A4 argc=4 frame=0 real_wsp=700015AA shadow_wsp=700015B4 master_wfp=700015B4 ret=70166E20 depth=1
hijack seq=004901 caller=QUEST2 WRTN  DIST                 area_wfp=780036A4 ret_pc=70168732 real_wsp=700015A0 (was 78003690) shadow_wsp=700015A0 master_wfp=700015B4 depth=0
hijack seq=004903 caller=QUEST2 WSAVS DIST                 pc=70168717 area_wfp=780036A4 argc=4 frame=0 real_wsp=700015AA shadow_wsp=700015B4 master_wfp=700015B4 ret=70166E20 depth=1
hijack seq=004905 caller=QUEST2 WRTN  DIST                 area_wfp=780036A4 ret_pc=70168732 real_wsp=700015A0 (was 78003690) shadow_wsp=700015A0 master_wfp=700015B4 depth=0
hijack seq=004910 caller=QUEST2 WSAVS DIST                 pc=70168717 area_wfp=780036A4 argc=4 frame=0 real_wsp=700015AA shadow_wsp=700015B4 master_wfp=700015B4 ret=70166E20 depth=1
hijack seq=004912 caller=QUEST2 WRTN  DIST                 area_wfp=780036A4 ret_pc=70168732 real_wsp=700015A0 (was 78003690) shadow_wsp=700015A0 master_wfp=700015B4 depth=0
hijack seq=004914 caller=QUEST2 WSAVS DIST                 pc=70168717 area_wfp=780036A4 argc=4 frame=0 real_wsp=700015AA shadow_wsp=700015B4 master_wfp=700015B4 ret=70166E20 depth=1
hijack seq=004916 caller=QUEST2 WRTN  DIST                 area_wfp=780036A4 ret_pc=70168732 real_wsp=700015A0 (was 78003690) shadow_wsp=700015A0 master_wfp=700015B4 depth=0
hijack seq=004918 caller=QUEST2 WSAVS DIST                 pc=70168717 area_wfp=780036A4 argc=4 frame=0 real_wsp=700015AA shadow_wsp=700015B4 master_wfp=700015B4 ret=70166E20 depth=1
hijack seq=004920 caller=QUEST2 WRTN  DIST                 area_wfp=780036A4 ret_pc=70168732 real_wsp=700015A0 (was 78003690) shadow_wsp=700015A0 master_wfp=700015B4 depth=0
hijack seq=004924 caller=QUEST2 WSAVS DIST                 pc=70168717 area_wfp=780036A4 argc=4 frame=0 real_wsp=700015AA shadow_wsp=700015B4 master_wfp=700015B4 ret=70166E20 depth=1
hijack seq=004926 caller=QUEST2 WRTN  DIST                 area_wfp=780036A4 ret_pc=70168732 real_wsp=700015A0 (was 78003690) shadow_wsp=700015A0 master_wfp=700015B4 depth=0
hijack seq=004928 caller=QUEST2 WSAVS DIST                 pc=70168717 area_wfp=780036A4 argc=4 frame=0 real_wsp=700015AA shadow_wsp=700015B4 master_wfp=700015B4 ret=70166E20 depth=1
hijack seq=004931 caller=QUEST2 WRTN  DIST                 area_wfp=780036A4 ret_pc=70168732 real_wsp=700015A0 (was 78003690) shadow_wsp=700015A0 master_wfp=700015B4 depth=0
hijack seq=004933 caller=QUEST2 WSAVS DIST                 pc=70168717 area_wfp=780036A4 argc=4 frame=0 real_wsp=700015AA shadow_wsp=700015B4 master_wfp=700015B4 ret=70166E20 depth=1
hijack seq=004935 caller=QUEST2 WRTN  DIST                 area_wfp=780036A4 ret_pc=70168732 real_wsp=700015A0 (was 78003690) shadow_wsp=700015A0 master_wfp=700015B4 depth=0
hijack seq=004940 caller=QUEST2 WSAVS DIST                 pc=70168717 area_wfp=780036A4 argc=4 frame=0 real_wsp=700015AA shadow_wsp=700015B4 master_wfp=700015B4 ret=70166E20 depth=1
hijack seq=004942 caller=QUEST2 WRTN  DIST                 area_wfp=780036A4 ret_pc=70168732 real_wsp=700015A0 (was 78003690) shadow_wsp=700015A0 master_wfp=700015B4 depth=0
hijack seq=004944 caller=QUEST2 WSAVS DIST                 pc=70168717 area_wfp=780036A4 argc=4 frame=0 real_wsp=700015AA shadow_wsp=700015B4 master_wfp=700015B4 ret=70166E20 depth=1
hijack seq=004946 caller=QUEST2 WRTN  DIST                 area_wfp=780036A4 ret_pc=70168732 real_wsp=700015A0 (was 78003690) shadow_wsp=700015A0 master_wfp=700015B4 depth=0
hijack seq=004948 caller=QUEST2 WSAVS DIST                 pc=70168717 area_wfp=780036A4 argc=4 frame=0 real_wsp=700015AA shadow_wsp=700015B4 master_wfp=700015B4 ret=70166E20 depth=1
hijack seq=004950 caller=QUEST2 WRTN  DIST                 area_wfp=780036A4 ret_pc=70168732 real_wsp=700015A0 (was 78003690) shadow_wsp=700015A0 master_wfp=700015B4 depth=0
hijack seq=004955 caller=QUEST2 WSAVS DIST                 pc=70168717 area_wfp=780036A4 argc=4 frame=0 real_wsp=700015AA shadow_wsp=700015B4 master_wfp=700015B4 ret=70166E20 depth=1
hijack seq=004957 caller=QUEST2 WRTN  DIST                 area_wfp=780036A4 ret_pc=70168732 real_wsp=700015A0 (was 78003690) shadow_wsp=700015A0 master_wfp=700015B4 depth=0
hijack seq=004959 caller=QUEST2 WSAVS DIST                 pc=70168717 area_wfp=780036A4 argc=4 frame=0 real_wsp=700015AA shadow_wsp=700015B4 master_wfp=700015B4 ret=70166E20 depth=1
hijack seq=004961 caller=QUEST2 WRTN  DIST                 area_wfp=780036A4 ret_pc=70168732 real_wsp=700015A0 (was 78003690) shadow_wsp=700015A0 master_wfp=700015B4 depth=0
hijack seq=004963 caller=QUEST2 WSAVS DIST                 pc=70168717 area_wfp=780036A4 argc=4 frame=0 real_wsp=700015AA shadow_wsp=700015B4 master_wfp=700015B4 ret=70166E20 depth=1
hijack seq=004965 caller=QUEST2 WRTN  DIST                 area_wfp=780036A4 ret_pc=70168732 real_wsp=700015A0 (was 78003690) shadow_wsp=700015A0 master_wfp=700015B4 depth=0
hijack seq=004970 caller=QUEST2 WSAVS DIST                 pc=70168717 area_wfp=780036A4 argc=4 frame=0 real_wsp=700015AA shadow_wsp=700015B4 master_wfp=700015B4 ret=70166E20 depth=1
hijack seq=004972 caller=QUEST2 WRTN  DIST                 area_wfp=780036A4 ret_pc=70168732 real_wsp=700015A0 (was 78003690) shadow_wsp=700015A0 master_wfp=700015B4 depth=0
hijack seq=004974 caller=QUEST2 WSAVS DIST                 pc=70168717 area_wfp=780036A4 argc=4 frame=0 real_wsp=700015AA shadow_wsp=700015B4 master_wfp=700015B4 ret=70166E20 depth=1
hijack seq=004976 caller=QUEST2 WRTN  DIST                 area_wfp=780036A4 ret_pc=70168732 real_wsp=700015A0 (was 78003690) shadow_wsp=700015A0 master_wfp=700015B4 depth=0
hijack seq=004978 caller=QUEST2 WSAVS DIST                 pc=70168717 area_wfp=780036A4 argc=4 frame=0 real_wsp=700015AA shadow_wsp=700015B4 master_wfp=700015B4 ret=70166E20 depth=1
hijack seq=004980 caller=QUEST2 WRTN  DIST                 area_wfp=780036A4 ret_pc=70168732 real_wsp=700015A0 (was 78003690) shadow_wsp=700015A0 master_wfp=700015B4 depth=0
hijack seq=004985 caller=QUEST2 WSAVS DIST                 pc=70168717 area_wfp=780036A4 argc=4 frame=0 real_wsp=700015AA shadow_wsp=700015B4 master_wfp=700015B4 ret=70166E20 depth=1
hijack seq=004987 caller=QUEST2 WRTN  DIST                 area_wfp=780036A4 ret_pc=70168732 real_wsp=700015A0 (was 78003690) shadow_wsp=700015A0 master_wfp=700015B4 depth=0
hijack seq=004989 caller=QUEST2 WSAVS DIST                 pc=70168717 area_wfp=780036A4 argc=4 frame=0 real_wsp=700015AA shadow_wsp=700015B4 master_wfp=700015B4 ret=70166E20 depth=1
hijack seq=004991 caller=QUEST2 WRTN  DIST                 area_wfp=780036A4 ret_pc=70168732 real_wsp=700015A0 (was 78003690) shadow_wsp=700015A0 master_wfp=700015B4 depth=0
hijack seq=004993 caller=QUEST2 WSAVS DIST                 pc=70168717 area_wfp=780036A4 argc=4 frame=0 real_wsp=700015AA shadow_wsp=700015B4 master_wfp=700015B4 ret=70166E20 depth=1
hijack seq=004995 caller=QUEST2 WRTN  DIST                 area_wfp=780036A4 ret_pc=70168732 real_wsp=700015A0 (was 78003690) shadow_wsp=700015A0 master_wfp=700015B4 depth=0
hijack seq=005000 caller=QUEST2 WSAVS DIST                 pc=70168717 area_wfp=780036A4 argc=4 frame=0 real_wsp=700015AA shadow_wsp=700015B4 master_wfp=700015B4 ret=70166E20 depth=1
hijack seq=005002 caller=QUEST2 WRTN  DIST                 area_wfp=780036A4 ret_pc=70168732 real_wsp=700015A0 (was 78003690) shadow_wsp=700015A0 master_wfp=700015B4 depth=0
hijack seq=005004 caller=QUEST2 WSAVS DIST                 pc=70168717 area_wfp=780036A4 argc=4 frame=0 real_wsp=700015AA shadow_wsp=700015B4 master_wfp=700015B4 ret=70166E20 depth=1
hijack seq=005006 caller=QUEST2 WRTN  DIST                 area_wfp=780036A4 ret_pc=70168732 real_wsp=700015A0 (was 78003690) shadow_wsp=700015A0 master_wfp=700015B4 depth=0
hijack seq=005008 caller=QUEST2 WSAVS DIST                 pc=70168717 area_wfp=780036A4 argc=4 frame=0 real_wsp=700015AA shadow_wsp=700015B4 master_wfp=700015B4 ret=70166E20 depth=1
hijack seq=005010 caller=QUEST2 WRTN  DIST                 area_wfp=780036A4 ret_pc=70168732 real_wsp=700015A0 (was 78003690) shadow_wsp=700015A0 master_wfp=700015B4 depth=0
hijack seq=005015 caller=QUEST2 WSAVS DIST                 pc=70168717 area_wfp=780036A4 argc=4 frame=0 real_wsp=700015AA shadow_wsp=700015B4 master_wfp=700015B4 ret=70166E20 depth=1
hijack seq=005017 caller=QUEST2 WRTN  DIST                 area_wfp=780036A4 ret_pc=70168732 real_wsp=700015A0 (was 78003690) shadow_wsp=700015A0 master_wfp=700015B4 depth=0
hijack seq=005019 caller=QUEST2 WSAVS DIST                 pc=70168717 area_wfp=780036A4 argc=4 frame=0 real_wsp=700015AA shadow_wsp=700015B4 master_wfp=700015B4 ret=70166E20 depth=1
hijack seq=005021 caller=QUEST2 WRTN  DIST                 area_wfp=780036A4 ret_pc=70168732 real_wsp=700015A0 (was 78003690) shadow_wsp=700015A0 master_wfp=700015B4 depth=0
hijack seq=005023 caller=QUEST2 WSAVS DIST                 pc=70168717 area_wfp=780036A4 argc=4 frame=0 real_wsp=700015AA shadow_wsp=700015B4 master_wfp=700015B4 ret=70166E20 depth=1
hijack seq=005025 caller=QUEST2 WRTN  DIST                 area_wfp=780036A4 ret_pc=70168732 real_wsp=700015A0 (was 78003690) shadow_wsp=700015A0 master_wfp=700015B4 depth=0
hijack seq=005029 caller=QUEST2 WSAVS DIST                 pc=70168717 area_wfp=780036A4 argc=4 frame=0 real_wsp=700015AA shadow_wsp=700015B4 master_wfp=700015B4 ret=70166E20 depth=1
hijack seq=005031 caller=QUEST2 WRTN  DIST                 area_wfp=780036A4 ret_pc=70168732 real_wsp=700015A0 (was 78003690) shadow_wsp=700015A0 master_wfp=700015B4 depth=0
hijack seq=005033 caller=QUEST2 WSAVS DIST                 pc=70168717 area_wfp=780036A4 argc=4 frame=0 real_wsp=700015AA shadow_wsp=700015B4 master_wfp=700015B4 ret=70166E20 depth=1
hijack seq=005036 caller=QUEST2 WRTN  DIST                 area_wfp=780036A4 ret_pc=70168732 real_wsp=700015A0 (was 78003690) shadow_wsp=700015A0 master_wfp=700015B4 depth=0
hijack seq=005038 caller=QUEST2 WSAVS DIST                 pc=70168717 area_wfp=780036A4 argc=4 frame=0 real_wsp=700015AA shadow_wsp=700015B4 master_wfp=700015B4 ret=70166E20 depth=1
hijack seq=005040 caller=QUEST2 WRTN  DIST                 area_wfp=780036A4 ret_pc=70168732 real_wsp=700015A0 (was 78003690) shadow_wsp=700015A0 master_wfp=700015B4 depth=0
hijack seq=005045 caller=QUEST2 WSAVS DIST                 pc=70168717 area_wfp=780036A4 argc=4 frame=0 real_wsp=700015AA shadow_wsp=700015B4 master_wfp=700015B4 ret=70166E20 depth=1
hijack seq=005047 caller=QUEST2 WRTN  DIST                 area_wfp=780036A4 ret_pc=70168732 real_wsp=700015A0 (was 78003690) shadow_wsp=700015A0 master_wfp=700015B4 depth=0
hijack seq=005049 caller=QUEST2 WSAVS DIST                 pc=70168717 area_wfp=780036A4 argc=4 frame=0 real_wsp=700015AA shadow_wsp=700015B4 master_wfp=700015B4 ret=70166E20 depth=1
hijack seq=005051 caller=QUEST2 WRTN  DIST                 area_wfp=780036A4 ret_pc=70168732 real_wsp=700015A0 (was 78003690) shadow_wsp=700015A0 master_wfp=700015B4 depth=0
hijack seq=005053 caller=QUEST2 WSAVS DIST                 pc=70168717 area_wfp=780036A4 argc=4 frame=0 real_wsp=700015AA shadow_wsp=700015B4 master_wfp=700015B4 ret=70166E20 depth=1
hijack seq=005055 caller=QUEST2 WRTN  DIST                 area_wfp=780036A4 ret_pc=70168732 real_wsp=700015A0 (was 78003690) shadow_wsp=700015A0 master_wfp=700015B4 depth=0
hijack seq=005059 caller=QUEST2 WSAVS DIST                 pc=70168717 area_wfp=780036A4 argc=4 frame=0 real_wsp=700015AA shadow_wsp=700015B4 master_wfp=700015B4 ret=70166E20 depth=1
hijack seq=005061 caller=QUEST2 WRTN  DIST                 area_wfp=780036A4 ret_pc=70168732 real_wsp=700015A0 (was 78003690) shadow_wsp=700015A0 master_wfp=700015B4 depth=0
hijack seq=005063 caller=QUEST2 WSAVS DIST                 pc=70168717 area_wfp=780036A4 argc=4 frame=0 real_wsp=700015AA shadow_wsp=700015B4 master_wfp=700015B4 ret=70166E20 depth=1
hijack seq=005066 caller=QUEST2 WRTN  DIST                 area_wfp=780036A4 ret_pc=70168732 real_wsp=700015A0 (was 78003690) shadow_wsp=700015A0 master_wfp=700015B4 depth=0
hijack seq=005068 caller=QUEST2 WSAVS DIST                 pc=70168717 area_wfp=780036A4 argc=4 frame=0 real_wsp=700015AA shadow_wsp=700015B4 master_wfp=700015B4 ret=70166E20 depth=1
hijack seq=005070 caller=QUEST2 WRTN  DIST                 area_wfp=780036A4 ret_pc=70168732 real_wsp=700015A0 (was 78003690) shadow_wsp=700015A0 master_wfp=700015B4 depth=0
hijack seq=005075 caller=QUEST2 WSAVS DIST                 pc=70168717 area_wfp=780036A4 argc=4 frame=0 real_wsp=700015AA shadow_wsp=700015B4 master_wfp=700015B4 ret=70166E20 depth=1
hijack seq=005077 caller=QUEST2 WRTN  DIST                 area_wfp=780036A4 ret_pc=70168732 real_wsp=700015A0 (was 78003690) shadow_wsp=700015A0 master_wfp=700015B4 depth=0
hijack seq=005079 caller=QUEST2 WSAVS DIST                 pc=70168717 area_wfp=780036A4 argc=4 frame=0 real_wsp=700015AA shadow_wsp=700015B4 master_wfp=700015B4 ret=70166E20 depth=1
hijack seq=005081 caller=QUEST2 WRTN  DIST                 area_wfp=780036A4 ret_pc=70168732 real_wsp=700015A0 (was 78003690) shadow_wsp=700015A0 master_wfp=700015B4 depth=0
hijack seq=005083 caller=QUEST2 WSAVS DIST                 pc=70168717 area_wfp=780036A4 argc=4 frame=0 real_wsp=700015AA shadow_wsp=700015B4 master_wfp=700015B4 ret=70166E20 depth=1
hijack seq=005085 caller=QUEST2 WRTN  DIST                 area_wfp=780036A4 ret_pc=70168732 real_wsp=700015A0 (was 78003690) shadow_wsp=700015A0 master_wfp=700015B4 depth=0
hijack seq=005090 caller=QUEST2 WSAVS DIST                 pc=70168717 area_wfp=780036A4 argc=4 frame=0 real_wsp=700015AA shadow_wsp=700015B4 master_wfp=700015B4 ret=70166E20 depth=1
hijack seq=005092 caller=QUEST2 WRTN  DIST                 area_wfp=780036A4 ret_pc=70168732 real_wsp=700015A0 (was 78003690) shadow_wsp=700015A0 master_wfp=700015B4 depth=0
hijack seq=005094 caller=QUEST2 WSAVS DIST                 pc=70168717 area_wfp=780036A4 argc=4 frame=0 real_wsp=700015AA shadow_wsp=700015B4 master_wfp=700015B4 ret=70166E20 depth=1
hijack seq=005096 caller=QUEST2 WRTN  DIST                 area_wfp=780036A4 ret_pc=70168732 real_wsp=700015A0 (was 78003690) shadow_wsp=700015A0 master_wfp=700015B4 depth=0
hijack seq=005098 caller=QUEST2 WSAVS DIST                 pc=70168717 area_wfp=780036A4 argc=4 frame=0 real_wsp=700015AA shadow_wsp=700015B4 master_wfp=700015B4 ret=70166E20 depth=1
hijack seq=005100 caller=QUEST2 WRTN  DIST                 area_wfp=780036A4 ret_pc=70168732 real_wsp=700015A0 (was 78003690) shadow_wsp=700015A0 master_wfp=700015B4 depth=0
hijack seq=005103 caller=QUEST2 WSAVS DIST                 pc=70168717 area_wfp=780036A4 argc=4 frame=0 real_wsp=700015AA shadow_wsp=700015B4 master_wfp=700015B4 ret=70166E20 depth=1
hijack seq=005105 caller=QUEST2 WRTN  DIST                 area_wfp=780036A4 ret_pc=70168732 real_wsp=700015A0 (was 78003690) shadow_wsp=700015A0 master_wfp=700015B4 depth=0
hijack seq=005109 caller=QUEST2 WSAVS DIST                 pc=70168717 area_wfp=780036A4 argc=4 frame=0 real_wsp=700015AA shadow_wsp=700015B4 master_wfp=700015B4 ret=70166E20 depth=1
hijack seq=005111 caller=QUEST2 WRTN  DIST                 area_wfp=780036A4 ret_pc=70168732 real_wsp=700015A0 (was 78003690) shadow_wsp=700015A0 master_wfp=700015B4 depth=0
hijack seq=005113 caller=QUEST2 WSAVS DIST                 pc=70168717 area_wfp=780036A4 argc=4 frame=0 real_wsp=700015AA shadow_wsp=700015B4 master_wfp=700015B4 ret=70166E20 depth=1
hijack seq=005115 caller=QUEST2 WRTN  DIST                 area_wfp=780036A4 ret_pc=70168732 real_wsp=700015A0 (was 78003690) shadow_wsp=700015A0 master_wfp=700015B4 depth=0
hijack seq=005120 caller=QUEST2 WSAVS DIST                 pc=70168717 area_wfp=780036A4 argc=4 frame=0 real_wsp=700015AA shadow_wsp=700015B4 master_wfp=700015B4 ret=70166E20 depth=1
hijack seq=005122 caller=QUEST2 WRTN  DIST                 area_wfp=780036A4 ret_pc=70168732 real_wsp=700015A0 (was 78003690) shadow_wsp=700015A0 master_wfp=700015B4 depth=0
hijack seq=005124 caller=QUEST2 WSAVS DIST                 pc=70168717 area_wfp=780036A4 argc=4 frame=0 real_wsp=700015AA shadow_wsp=700015B4 master_wfp=700015B4 ret=70166E20 depth=1
hijack seq=005126 caller=QUEST2 WRTN  DIST                 area_wfp=780036A4 ret_pc=70168732 real_wsp=700015A0 (was 78003690) shadow_wsp=700015A0 master_wfp=700015B4 depth=0
hijack seq=005128 caller=QUEST2 WSAVS DIST                 pc=70168717 area_wfp=780036A4 argc=4 frame=0 real_wsp=700015AA shadow_wsp=700015B4 master_wfp=700015B4 ret=70166E20 depth=1
hijack seq=005130 caller=QUEST2 WRTN  DIST                 area_wfp=780036A4 ret_pc=70168732 real_wsp=700015A0 (was 78003690) shadow_wsp=700015A0 master_wfp=700015B4 depth=0
hijack seq=005133 caller=QUEST2 WSAVS DIST                 pc=70168717 area_wfp=780036A4 argc=4 frame=0 real_wsp=700015AA shadow_wsp=700015B4 master_wfp=700015B4 ret=70166E20 depth=1
hijack seq=005135 caller=QUEST2 WRTN  DIST                 area_wfp=780036A4 ret_pc=70168732 real_wsp=700015A0 (was 78003690) shadow_wsp=700015A0 master_wfp=700015B4 depth=0
hijack seq=005139 caller=QUEST2 WSAVS DIST                 pc=70168717 area_wfp=780036A4 argc=4 frame=0 real_wsp=700015AA shadow_wsp=700015B4 master_wfp=700015B4 ret=70166E20 depth=1
hijack seq=005141 caller=QUEST2 WRTN  DIST                 area_wfp=780036A4 ret_pc=70168732 real_wsp=700015A0 (was 78003690) shadow_wsp=700015A0 master_wfp=700015B4 depth=0
hijack seq=005143 caller=QUEST2 WSAVS DIST                 pc=70168717 area_wfp=780036A4 argc=4 frame=0 real_wsp=700015AA shadow_wsp=700015B4 master_wfp=700015B4 ret=70166E20 depth=1
hijack seq=005145 caller=QUEST2 WRTN  DIST                 area_wfp=780036A4 ret_pc=70168732 real_wsp=700015A0 (was 78003690) shadow_wsp=700015A0 master_wfp=700015B4 depth=0
hijack seq=005150 caller=QUEST2 WSAVS DIST                 pc=70168717 area_wfp=780036A4 argc=4 frame=0 real_wsp=700015AA shadow_wsp=700015B4 master_wfp=700015B4 ret=70166E20 depth=1
hijack seq=005152 caller=QUEST2 WRTN  DIST                 area_wfp=780036A4 ret_pc=70168732 real_wsp=700015A0 (was 78003690) shadow_wsp=700015A0 master_wfp=700015B4 depth=0
hijack seq=005154 caller=QUEST2 WSAVS DIST                 pc=70168717 area_wfp=780036A4 argc=4 frame=0 real_wsp=700015AA shadow_wsp=700015B4 master_wfp=700015B4 ret=70166E20 depth=1
hijack seq=005156 caller=QUEST2 WRTN  DIST                 area_wfp=780036A4 ret_pc=70168732 real_wsp=700015A0 (was 78003690) shadow_wsp=700015A0 master_wfp=700015B4 depth=0
hijack seq=005158 caller=QUEST2 WSAVS DIST                 pc=70168717 area_wfp=780036A4 argc=4 frame=0 real_wsp=700015AA shadow_wsp=700015B4 master_wfp=700015B4 ret=70166E20 depth=1
hijack seq=005160 caller=QUEST2 WRTN  DIST                 area_wfp=780036A4 ret_pc=70168732 real_wsp=700015A0 (was 78003690) shadow_wsp=700015A0 master_wfp=700015B4 depth=0
hijack seq=005165 caller=QUEST2 WSAVS DIST                 pc=70168717 area_wfp=780036A4 argc=4 frame=0 real_wsp=700015AA shadow_wsp=700015B4 master_wfp=700015B4 ret=70166E20 depth=1
hijack seq=005167 caller=QUEST2 WRTN  DIST                 area_wfp=780036A4 ret_pc=70168732 real_wsp=700015A0 (was 78003690) shadow_wsp=700015A0 master_wfp=700015B4 depth=0
hijack seq=005169 caller=QUEST2 WSAVS DIST                 pc=70168717 area_wfp=780036A4 argc=4 frame=0 real_wsp=700015AA shadow_wsp=700015B4 master_wfp=700015B4 ret=70166E20 depth=1
hijack seq=005171 caller=QUEST2 WRTN  DIST                 area_wfp=780036A4 ret_pc=70168732 real_wsp=700015A0 (was 78003690) shadow_wsp=700015A0 master_wfp=700015B4 depth=0
hijack seq=005173 caller=QUEST2 WSAVS DIST                 pc=70168717 area_wfp=780036A4 argc=4 frame=0 real_wsp=700015AA shadow_wsp=700015B4 master_wfp=700015B4 ret=70166E20 depth=1
hijack seq=005176 caller=QUEST2 WRTN  DIST                 area_wfp=780036A4 ret_pc=70168732 real_wsp=700015A0 (was 78003690) shadow_wsp=700015A0 master_wfp=700015B4 depth=0
hijack seq=005178 caller=QUEST2 WSAVS DIST                 pc=70168717 area_wfp=780036A4 argc=4 frame=0 real_wsp=700015AA shadow_wsp=700015B4 master_wfp=700015B4 ret=70166E20 depth=1
hijack seq=005182 caller=QUEST2 WRTN  DIST                 area_wfp=780036A4 ret_pc=70168732 real_wsp=700015A0 (was 78003690) shadow_wsp=700015A0 master_wfp=700015B4 depth=0
hijack seq=005184 caller=QUEST2 WSAVS DIST                 pc=70168717 area_wfp=780036A4 argc=4 frame=0 real_wsp=700015AA shadow_wsp=700015B4 master_wfp=700015B4 ret=70166E20 depth=1
hijack seq=005186 caller=QUEST2 WRTN  DIST                 area_wfp=780036A4 ret_pc=70168732 real_wsp=700015A0 (was 78003690) shadow_wsp=700015A0 master_wfp=700015B4 depth=0
hijack seq=005188 caller=QUEST2 WSAVS DIST                 pc=70168717 area_wfp=780036A4 argc=4 frame=0 real_wsp=700015AA shadow_wsp=700015B4 master_wfp=700015B4 ret=70166E20 depth=1
hijack seq=005190 caller=QUEST2 WRTN  DIST                 area_wfp=780036A4 ret_pc=70168732 real_wsp=700015A0 (was 78003690) shadow_wsp=700015A0 master_wfp=700015B4 depth=0
hijack seq=005195 caller=QUEST2 WSAVS DIST                 pc=70168717 area_wfp=780036A4 argc=4 frame=0 real_wsp=700015AA shadow_wsp=700015B4 master_wfp=700015B4 ret=70166E20 depth=1
hijack seq=005197 caller=QUEST2 WRTN  DIST                 area_wfp=780036A4 ret_pc=70168732 real_wsp=700015A0 (was 78003690) shadow_wsp=700015A0 master_wfp=700015B4 depth=0
hijack seq=005199 caller=QUEST2 WSAVS DIST                 pc=70168717 area_wfp=780036A4 argc=4 frame=0 real_wsp=700015AA shadow_wsp=700015B4 master_wfp=700015B4 ret=70166E20 depth=1
hijack seq=005201 caller=QUEST2 WRTN  DIST                 area_wfp=780036A4 ret_pc=70168732 real_wsp=700015A0 (was 78003690) shadow_wsp=700015A0 master_wfp=700015B4 depth=0
hijack seq=005203 caller=QUEST2 WSAVS DIST                 pc=70168717 area_wfp=780036A4 argc=4 frame=0 real_wsp=700015AA shadow_wsp=700015B4 master_wfp=700015B4 ret=70166E20 depth=1
hijack seq=005205 caller=QUEST2 WRTN  DIST                 area_wfp=780036A4 ret_pc=70168732 real_wsp=700015A0 (was 78003690) shadow_wsp=700015A0 master_wfp=700015B4 depth=0
hijack seq=005209 caller=QUEST2 WSAVS DIST                 pc=70168717 area_wfp=780036A4 argc=4 frame=0 real_wsp=700015AA shadow_wsp=700015B4 master_wfp=700015B4 ret=70166E20 depth=1
hijack seq=005211 caller=QUEST2 WRTN  DIST                 area_wfp=780036A4 ret_pc=70168732 real_wsp=700015A0 (was 78003690) shadow_wsp=700015A0 master_wfp=700015B4 depth=0
hijack seq=005213 caller=QUEST2 WSAVS DIST                 pc=70168717 area_wfp=780036A4 argc=4 frame=0 real_wsp=700015AA shadow_wsp=700015B4 master_wfp=700015B4 ret=70166E20 depth=1
hijack seq=005216 caller=QUEST2 WRTN  DIST                 area_wfp=780036A4 ret_pc=70168732 real_wsp=700015A0 (was 78003690) shadow_wsp=700015A0 master_wfp=700015B4 depth=0
hijack seq=005218 caller=QUEST2 WSAVS DIST                 pc=70168717 area_wfp=780036A4 argc=4 frame=0 real_wsp=700015AA shadow_wsp=700015B4 master_wfp=700015B4 ret=70166E20 depth=1
hijack seq=005220 caller=QUEST2 WRTN  DIST                 area_wfp=780036A4 ret_pc=70168732 real_wsp=700015A0 (was 78003690) shadow_wsp=700015A0 master_wfp=700015B4 depth=0
hijack seq=005225 caller=QUEST2 WSAVS DIST                 pc=70168717 area_wfp=780036A4 argc=4 frame=0 real_wsp=700015AA shadow_wsp=700015B4 master_wfp=700015B4 ret=70166E20 depth=1
hijack seq=005227 caller=QUEST2 WRTN  DIST                 area_wfp=780036A4 ret_pc=70168732 real_wsp=700015A0 (was 78003690) shadow_wsp=700015A0 master_wfp=700015B4 depth=0
hijack seq=005229 caller=QUEST2 WSAVS DIST                 pc=70168717 area_wfp=780036A4 argc=4 frame=0 real_wsp=700015AA shadow_wsp=700015B4 master_wfp=700015B4 ret=70166E20 depth=1
hijack seq=005231 caller=QUEST2 WRTN  DIST                 area_wfp=780036A4 ret_pc=70168732 real_wsp=700015A0 (was 78003690) shadow_wsp=700015A0 master_wfp=700015B4 depth=0
hijack seq=005233 caller=QUEST2 WSAVS DIST                 pc=70168717 area_wfp=780036A4 argc=4 frame=0 real_wsp=700015AA shadow_wsp=700015B4 master_wfp=700015B4 ret=70166E20 depth=1
hijack seq=005235 caller=QUEST2 WRTN  DIST                 area_wfp=780036A4 ret_pc=70168732 real_wsp=700015A0 (was 78003690) shadow_wsp=700015A0 master_wfp=700015B4 depth=0
hijack seq=005240 caller=QUEST2 WSAVS DIST                 pc=70168717 area_wfp=780036A4 argc=4 frame=0 real_wsp=700015AA shadow_wsp=700015B4 master_wfp=700015B4 ret=70166E20 depth=1
hijack seq=005242 caller=QUEST2 WRTN  DIST                 area_wfp=780036A4 ret_pc=70168732 real_wsp=700015A0 (was 78003690) shadow_wsp=700015A0 master_wfp=700015B4 depth=0
hijack seq=005244 caller=QUEST2 WSAVS DIST                 pc=70168717 area_wfp=780036A4 argc=4 frame=0 real_wsp=700015AA shadow_wsp=700015B4 master_wfp=700015B4 ret=70166E20 depth=1
hijack seq=005246 caller=QUEST2 WRTN  DIST                 area_wfp=780036A4 ret_pc=70168732 real_wsp=700015A0 (was 78003690) shadow_wsp=700015A0 master_wfp=700015B4 depth=0
hijack seq=005248 caller=QUEST2 WSAVS DIST                 pc=70168717 area_wfp=780036A4 argc=4 frame=0 real_wsp=700015AA shadow_wsp=700015B4 master_wfp=700015B4 ret=70166E20 depth=1
hijack seq=005250 caller=QUEST2 WRTN  DIST                 area_wfp=780036A4 ret_pc=70168732 real_wsp=700015A0 (was 78003690) shadow_wsp=700015A0 master_wfp=700015B4 depth=0
hijack seq=005253 caller=QUEST2 WSAVS DIST                 pc=70168717 area_wfp=780036A4 argc=4 frame=0 real_wsp=700015AA shadow_wsp=700015B4 master_wfp=700015B4 ret=70166E20 depth=1
hijack seq=005255 caller=QUEST2 WRTN  DIST                 area_wfp=780036A4 ret_pc=70168732 real_wsp=700015A0 (was 78003690) shadow_wsp=700015A0 master_wfp=700015B4 depth=0
hijack seq=005259 caller=QUEST2 WSAVS DIST                 pc=70168717 area_wfp=780036A4 argc=4 frame=0 real_wsp=700015AA shadow_wsp=700015B4 master_wfp=700015B4 ret=70166E20 depth=1
hijack seq=005261 caller=QUEST2 WRTN  DIST                 area_wfp=780036A4 ret_pc=70168732 real_wsp=700015A0 (was 78003690) shadow_wsp=700015A0 master_wfp=700015B4 depth=0
hijack seq=005263 caller=QUEST2 WSAVS DIST                 pc=70168717 area_wfp=780036A4 argc=4 frame=0 real_wsp=700015AA shadow_wsp=700015B4 master_wfp=700015B4 ret=70166E20 depth=1
hijack seq=005265 caller=QUEST2 WRTN  DIST                 area_wfp=780036A4 ret_pc=70168732 real_wsp=700015A0 (was 78003690) shadow_wsp=700015A0 master_wfp=700015B4 depth=0
hijack seq=005270 caller=QUEST2 WSAVS DIST                 pc=70168717 area_wfp=780036A4 argc=4 frame=0 real_wsp=700015AA shadow_wsp=700015B4 master_wfp=700015B4 ret=70166E20 depth=1
hijack seq=005272 caller=QUEST2 WRTN  DIST                 area_wfp=780036A4 ret_pc=70168732 real_wsp=700015A0 (was 78003690) shadow_wsp=700015A0 master_wfp=700015B4 depth=0
hijack seq=005274 caller=QUEST2 WSAVS DIST                 pc=70168717 area_wfp=780036A4 argc=4 frame=0 real_wsp=700015AA shadow_wsp=700015B4 master_wfp=700015B4 ret=70166E20 depth=1
hijack seq=005276 caller=QUEST2 WRTN  DIST                 area_wfp=780036A4 ret_pc=70168732 real_wsp=700015A0 (was 78003690) shadow_wsp=700015A0 master_wfp=700015B4 depth=0
hijack seq=005278 caller=QUEST2 WSAVS DIST                 pc=70168717 area_wfp=780036A4 argc=4 frame=0 real_wsp=700015AA shadow_wsp=700015B4 master_wfp=700015B4 ret=70166E20 depth=1
hijack seq=005280 caller=QUEST2 WRTN  DIST                 area_wfp=780036A4 ret_pc=70168732 real_wsp=700015A0 (was 78003690) shadow_wsp=700015A0 master_wfp=700015B4 depth=0
hijack seq=005284 caller=QUEST2 WSAVS DIST                 pc=70168717 area_wfp=780036A4 argc=4 frame=0 real_wsp=700015AA shadow_wsp=700015B4 master_wfp=700015B4 ret=70166E20 depth=1
hijack seq=005286 caller=QUEST2 WRTN  DIST                 area_wfp=780036A4 ret_pc=70168732 real_wsp=700015A0 (was 78003690) shadow_wsp=700015A0 master_wfp=700015B4 depth=0
hijack seq=005288 caller=QUEST2 WSAVS DIST                 pc=70168717 area_wfp=780036A4 argc=4 frame=0 real_wsp=700015AA shadow_wsp=700015B4 master_wfp=700015B4 ret=70166E20 depth=1
hijack seq=005290 caller=QUEST2 WRTN  DIST                 area_wfp=780036A4 ret_pc=70168732 real_wsp=700015A0 (was 78003690) shadow_wsp=700015A0 master_wfp=700015B4 depth=0
hijack seq=005293 caller=QUEST2 WSAVS DIST                 pc=70168717 area_wfp=780036A4 argc=4 frame=0 real_wsp=700015AA shadow_wsp=700015B4 master_wfp=700015B4 ret=70166E20 depth=1
hijack seq=005295 caller=QUEST2 WRTN  DIST                 area_wfp=780036A4 ret_pc=70168732 real_wsp=700015A0 (was 78003690) shadow_wsp=700015A0 master_wfp=700015B4 depth=0
hijack seq=005300 caller=QUEST2 WSAVS DIST                 pc=70168717 area_wfp=780036A4 argc=4 frame=0 real_wsp=700015AA shadow_wsp=700015B4 master_wfp=700015B4 ret=70166E20 depth=1
hijack seq=005302 caller=QUEST2 WRTN  DIST                 area_wfp=780036A4 ret_pc=70168732 real_wsp=700015A0 (was 78003690) shadow_wsp=700015A0 master_wfp=700015B4 depth=0
hijack seq=005304 caller=QUEST2 WSAVS DIST                 pc=70168717 area_wfp=780036A4 argc=4 frame=0 real_wsp=700015AA shadow_wsp=700015B4 master_wfp=700015B4 ret=70166E20 depth=1
hijack seq=005306 caller=QUEST2 WRTN  DIST                 area_wfp=780036A4 ret_pc=70168732 real_wsp=700015A0 (was 78003690) shadow_wsp=700015A0 master_wfp=700015B4 depth=0
hijack seq=005308 caller=QUEST2 WSAVS DIST                 pc=70168717 area_wfp=780036A4 argc=4 frame=0 real_wsp=700015AA shadow_wsp=700015B4 master_wfp=700015B4 ret=70166E20 depth=1
hijack seq=005310 caller=QUEST2 WRTN  DIST                 area_wfp=780036A4 ret_pc=70168732 real_wsp=700015A0 (was 78003690) shadow_wsp=700015A0 master_wfp=700015B4 depth=0
hijack seq=005315 caller=QUEST2 WSAVS DIST                 pc=70168717 area_wfp=780036A4 argc=4 frame=0 real_wsp=700015AA shadow_wsp=700015B4 master_wfp=700015B4 ret=70166E20 depth=1
hijack seq=005317 caller=QUEST2 WRTN  DIST                 area_wfp=780036A4 ret_pc=70168732 real_wsp=700015A0 (was 78003690) shadow_wsp=700015A0 master_wfp=700015B4 depth=0
hijack seq=005319 caller=QUEST2 WSAVS DIST                 pc=70168717 area_wfp=780036A4 argc=4 frame=0 real_wsp=700015AA shadow_wsp=700015B4 master_wfp=700015B4 ret=70166E20 depth=1
hijack seq=005321 caller=QUEST2 WRTN  DIST                 area_wfp=780036A4 ret_pc=70168732 real_wsp=700015A0 (was 78003690) shadow_wsp=700015A0 master_wfp=700015B4 depth=0
hijack seq=005323 caller=QUEST2 WSAVS DIST                 pc=70168717 area_wfp=780036A4 argc=4 frame=0 real_wsp=700015AA shadow_wsp=700015B4 master_wfp=700015B4 ret=70166E20 depth=1
hijack seq=005326 caller=QUEST2 WRTN  DIST                 area_wfp=780036A4 ret_pc=70168732 real_wsp=700015A0 (was 78003690) shadow_wsp=700015A0 master_wfp=700015B4 depth=0
hijack seq=005328 caller=QUEST2 WSAVS DIST                 pc=70168717 area_wfp=780036A4 argc=4 frame=0 real_wsp=700015AA shadow_wsp=700015B4 master_wfp=700015B4 ret=70166E20 depth=1
hijack seq=005332 caller=QUEST2 WRTN  DIST                 area_wfp=780036A4 ret_pc=70168732 real_wsp=700015A0 (was 78003690) shadow_wsp=700015A0 master_wfp=700015B4 depth=0
hijack seq=005334 caller=QUEST2 WSAVS DIST                 pc=70168717 area_wfp=780036A4 argc=4 frame=0 real_wsp=700015AA shadow_wsp=700015B4 master_wfp=700015B4 ret=70166E20 depth=1
hijack seq=005336 caller=QUEST2 WRTN  DIST                 area_wfp=780036A4 ret_pc=70168732 real_wsp=700015A0 (was 78003690) shadow_wsp=700015A0 master_wfp=700015B4 depth=0
hijack seq=005338 caller=QUEST2 WSAVS DIST                 pc=70168717 area_wfp=780036A4 argc=4 frame=0 real_wsp=700015AA shadow_wsp=700015B4 master_wfp=700015B4 ret=70166E20 depth=1
hijack seq=005340 caller=QUEST2 WRTN  DIST                 area_wfp=780036A4 ret_pc=70168732 real_wsp=700015A0 (was 78003690) shadow_wsp=700015A0 master_wfp=700015B4 depth=0
hijack seq=005345 caller=QUEST2 WSAVS DIST                 pc=70168717 area_wfp=780036A4 argc=4 frame=0 real_wsp=700015AA shadow_wsp=700015B4 master_wfp=700015B4 ret=70166E20 depth=1
hijack seq=005347 caller=QUEST2 WRTN  DIST                 area_wfp=780036A4 ret_pc=70168732 real_wsp=700015A0 (was 78003690) shadow_wsp=700015A0 master_wfp=700015B4 depth=0
hijack seq=005349 caller=QUEST2 WSAVS DIST                 pc=70168717 area_wfp=780036A4 argc=4 frame=0 real_wsp=700015AA shadow_wsp=700015B4 master_wfp=700015B4 ret=70166E20 depth=1
hijack seq=005351 caller=QUEST2 WRTN  DIST                 area_wfp=780036A4 ret_pc=70168732 real_wsp=700015A0 (was 78003690) shadow_wsp=700015A0 master_wfp=700015B4 depth=0
hijack seq=005353 caller=QUEST2 WSAVS DIST                 pc=70168717 area_wfp=780036A4 argc=4 frame=0 real_wsp=700015AA shadow_wsp=700015B4 master_wfp=700015B4 ret=70166E20 depth=1
hijack seq=005355 caller=QUEST2 WRTN  DIST                 area_wfp=780036A4 ret_pc=70168732 real_wsp=700015A0 (was 78003690) shadow_wsp=700015A0 master_wfp=700015B4 depth=0
hijack seq=005359 caller=QUEST2 WSAVS DIST                 pc=70168717 area_wfp=780036A4 argc=4 frame=0 real_wsp=700015AA shadow_wsp=700015B4 master_wfp=700015B4 ret=70166E20 depth=1
hijack seq=005361 caller=QUEST2 WRTN  DIST                 area_wfp=780036A4 ret_pc=70168732 real_wsp=700015A0 (was 78003690) shadow_wsp=700015A0 master_wfp=700015B4 depth=0
hijack seq=005363 caller=QUEST2 WSAVS DIST                 pc=70168717 area_wfp=780036A4 argc=4 frame=0 real_wsp=700015AA shadow_wsp=700015B4 master_wfp=700015B4 ret=70166E20 depth=1
hijack seq=005366 caller=QUEST2 WRTN  DIST                 area_wfp=780036A4 ret_pc=70168732 real_wsp=700015A0 (was 78003690) shadow_wsp=700015A0 master_wfp=700015B4 depth=0
hijack seq=005368 caller=QUEST2 WSAVS DIST                 pc=70168717 area_wfp=780036A4 argc=4 frame=0 real_wsp=700015AA shadow_wsp=700015B4 master_wfp=700015B4 ret=70166E20 depth=1
hijack seq=005370 caller=QUEST2 WRTN  DIST                 area_wfp=780036A4 ret_pc=70168732 real_wsp=700015A0 (was 78003690) shadow_wsp=700015A0 master_wfp=700015B4 depth=0
hijack seq=005375 caller=QUEST2 WSAVS DIST                 pc=70168717 area_wfp=780036A4 argc=4 frame=0 real_wsp=700015AA shadow_wsp=700015B4 master_wfp=700015B4 ret=70166E20 depth=1
hijack seq=005377 caller=QUEST2 WRTN  DIST                 area_wfp=780036A4 ret_pc=70168732 real_wsp=700015A0 (was 78003690) shadow_wsp=700015A0 master_wfp=700015B4 depth=0
hijack seq=005379 caller=QUEST2 WSAVS DIST                 pc=70168717 area_wfp=780036A4 argc=4 frame=0 real_wsp=700015AA shadow_wsp=700015B4 master_wfp=700015B4 ret=70166E20 depth=1
hijack seq=005381 caller=QUEST2 WRTN  DIST                 area_wfp=780036A4 ret_pc=70168732 real_wsp=700015A0 (was 78003690) shadow_wsp=700015A0 master_wfp=700015B4 depth=0
hijack seq=005383 caller=QUEST2 WSAVS DIST                 pc=70168717 area_wfp=780036A4 argc=4 frame=0 real_wsp=700015AA shadow_wsp=700015B4 master_wfp=700015B4 ret=70166E20 depth=1
hijack seq=005385 caller=QUEST2 WRTN  DIST                 area_wfp=780036A4 ret_pc=70168732 real_wsp=700015A0 (was 78003690) shadow_wsp=700015A0 master_wfp=700015B4 depth=0
hijack seq=005390 caller=QUEST2 WSAVS DIST                 pc=70168717 area_wfp=780036A4 argc=4 frame=0 real_wsp=700015AA shadow_wsp=700015B4 master_wfp=700015B4 ret=70166E20 depth=1
hijack seq=005392 caller=QUEST2 WRTN  DIST                 area_wfp=780036A4 ret_pc=70168732 real_wsp=700015A0 (was 78003690) shadow_wsp=700015A0 master_wfp=700015B4 depth=0
hijack seq=005394 caller=QUEST2 WSAVS DIST                 pc=70168717 area_wfp=780036A4 argc=4 frame=0 real_wsp=700015AA shadow_wsp=700015B4 master_wfp=700015B4 ret=70166E20 depth=1
hijack seq=005396 caller=QUEST2 WRTN  DIST                 area_wfp=780036A4 ret_pc=70168732 real_wsp=700015A0 (was 78003690) shadow_wsp=700015A0 master_wfp=700015B4 depth=0
hijack seq=005398 caller=QUEST2 WSAVS DIST                 pc=70168717 area_wfp=780036A4 argc=4 frame=0 real_wsp=700015AA shadow_wsp=700015B4 master_wfp=700015B4 ret=70166E20 depth=1
hijack seq=005400 caller=QUEST2 WRTN  DIST                 area_wfp=780036A4 ret_pc=70168732 real_wsp=700015A0 (was 78003690) shadow_wsp=700015A0 master_wfp=700015B4 depth=0
hijack seq=005403 caller=QUEST2 WSAVS DIST                 pc=70168717 area_wfp=780036A4 argc=4 frame=0 real_wsp=700015AA shadow_wsp=700015B4 master_wfp=700015B4 ret=70166E20 depth=1
hijack seq=005405 caller=QUEST2 WRTN  DIST                 area_wfp=780036A4 ret_pc=70168732 real_wsp=700015A0 (was 78003690) shadow_wsp=700015A0 master_wfp=700015B4 depth=0
hijack seq=005409 caller=QUEST2 WSAVS DIST                 pc=70168717 area_wfp=780036A4 argc=4 frame=0 real_wsp=700015AA shadow_wsp=700015B4 master_wfp=700015B4 ret=70166E20 depth=1
hijack seq=005411 caller=QUEST2 WRTN  DIST                 area_wfp=780036A4 ret_pc=70168732 real_wsp=700015A0 (was 78003690) shadow_wsp=700015A0 master_wfp=700015B4 depth=0
hijack seq=005413 caller=QUEST2 WSAVS DIST                 pc=70168717 area_wfp=780036A4 argc=4 frame=0 real_wsp=700015AA shadow_wsp=700015B4 master_wfp=700015B4 ret=70166E20 depth=1
hijack seq=005415 caller=QUEST2 WRTN  DIST                 area_wfp=780036A4 ret_pc=70168732 real_wsp=700015A0 (was 78003690) shadow_wsp=700015A0 master_wfp=700015B4 depth=0
hijack seq=005420 caller=QUEST2 WSAVS DIST                 pc=70168717 area_wfp=780036A4 argc=4 frame=0 real_wsp=700015AA shadow_wsp=700015B4 master_wfp=700015B4 ret=70166E20 depth=1
hijack seq=005422 caller=QUEST2 WRTN  DIST                 area_wfp=780036A4 ret_pc=70168732 real_wsp=700015A0 (was 78003690) shadow_wsp=700015A0 master_wfp=700015B4 depth=0
hijack seq=005424 caller=QUEST2 WSAVS DIST                 pc=70168717 area_wfp=780036A4 argc=4 frame=0 real_wsp=700015AA shadow_wsp=700015B4 master_wfp=700015B4 ret=70166E20 depth=1
hijack seq=005426 caller=QUEST2 WRTN  DIST                 area_wfp=780036A4 ret_pc=70168732 real_wsp=700015A0 (was 78003690) shadow_wsp=700015A0 master_wfp=700015B4 depth=0
hijack seq=005428 caller=QUEST2 WSAVS DIST                 pc=70168717 area_wfp=780036A4 argc=4 frame=0 real_wsp=700015AA shadow_wsp=700015B4 master_wfp=700015B4 ret=70166E20 depth=1
hijack seq=005430 caller=QUEST2 WRTN  DIST                 area_wfp=780036A4 ret_pc=70168732 real_wsp=700015A0 (was 78003690) shadow_wsp=700015A0 master_wfp=700015B4 depth=0
hijack seq=005434 caller=QUEST2 WSAVS DIST                 pc=70168717 area_wfp=780036A4 argc=4 frame=0 real_wsp=700015AA shadow_wsp=700015B4 master_wfp=700015B4 ret=70166E20 depth=1
hijack seq=005436 caller=QUEST2 WRTN  DIST                 area_wfp=780036A4 ret_pc=70168732 real_wsp=700015A0 (was 78003690) shadow_wsp=700015A0 master_wfp=700015B4 depth=0
hijack seq=005438 caller=QUEST2 WSAVS DIST                 pc=70168717 area_wfp=780036A4 argc=4 frame=0 real_wsp=700015AA shadow_wsp=700015B4 master_wfp=700015B4 ret=70166E20 depth=1
hijack seq=005440 caller=QUEST2 WRTN  DIST                 area_wfp=780036A4 ret_pc=70168732 real_wsp=700015A0 (was 78003690) shadow_wsp=700015A0 master_wfp=700015B4 depth=0
hijack seq=005443 caller=QUEST2 WSAVS DIST                 pc=70168717 area_wfp=780036A4 argc=4 frame=0 real_wsp=700015AA shadow_wsp=700015B4 master_wfp=700015B4 ret=70166E20 depth=1
hijack seq=005445 caller=QUEST2 WRTN  DIST                 area_wfp=780036A4 ret_pc=70168732 real_wsp=700015A0 (was 78003690) shadow_wsp=700015A0 master_wfp=700015B4 depth=0
hijack seq=005450 caller=QUEST2 WSAVS DIST                 pc=70168717 area_wfp=780036A4 argc=4 frame=0 real_wsp=700015AA shadow_wsp=700015B4 master_wfp=700015B4 ret=70166E20 depth=1
hijack seq=005452 caller=QUEST2 WRTN  DIST                 area_wfp=780036A4 ret_pc=70168732 real_wsp=700015A0 (was 78003690) shadow_wsp=700015A0 master_wfp=700015B4 depth=0
hijack seq=005454 caller=QUEST2 WSAVS DIST                 pc=70168717 area_wfp=780036A4 argc=4 frame=0 real_wsp=700015AA shadow_wsp=700015B4 master_wfp=700015B4 ret=70166E20 depth=1
hijack seq=005456 caller=QUEST2 WRTN  DIST                 area_wfp=780036A4 ret_pc=70168732 real_wsp=700015A0 (was 78003690) shadow_wsp=700015A0 master_wfp=700015B4 depth=0
hijack seq=005458 caller=QUEST2 WSAVS DIST                 pc=70168717 area_wfp=780036A4 argc=4 frame=0 real_wsp=700015AA shadow_wsp=700015B4 master_wfp=700015B4 ret=70166E20 depth=1
hijack seq=005460 caller=QUEST2 WRTN  DIST                 area_wfp=780036A4 ret_pc=70168732 real_wsp=700015A0 (was 78003690) shadow_wsp=700015A0 master_wfp=700015B4 depth=0
hijack seq=005465 caller=QUEST2 WSAVS DIST                 pc=70168717 area_wfp=780036A4 argc=4 frame=0 real_wsp=700015AA shadow_wsp=700015B4 master_wfp=700015B4 ret=70166E20 depth=1
hijack seq=005467 caller=QUEST2 WRTN  DIST                 area_wfp=780036A4 ret_pc=70168732 real_wsp=700015A0 (was 78003690) shadow_wsp=700015A0 master_wfp=700015B4 depth=0
hijack seq=005469 caller=QUEST2 WSAVS DIST                 pc=70168717 area_wfp=780036A4 argc=4 frame=0 real_wsp=700015AA shadow_wsp=700015B4 master_wfp=700015B4 ret=70166E20 depth=1
hijack seq=005471 caller=QUEST2 WRTN  DIST                 area_wfp=780036A4 ret_pc=70168732 real_wsp=700015A0 (was 78003690) shadow_wsp=700015A0 master_wfp=700015B4 depth=0
hijack seq=005473 caller=QUEST2 WSAVS DIST                 pc=70168717 area_wfp=780036A4 argc=4 frame=0 real_wsp=700015AA shadow_wsp=700015B4 master_wfp=700015B4 ret=70166E20 depth=1
hijack seq=005476 caller=QUEST2 WRTN  DIST                 area_wfp=780036A4 ret_pc=70168732 real_wsp=700015A0 (was 78003690) shadow_wsp=700015A0 master_wfp=700015B4 depth=0
hijack seq=005478 caller=QUEST2 WSAVS DIST                 pc=70168717 area_wfp=780036A4 argc=4 frame=0 real_wsp=700015AA shadow_wsp=700015B4 master_wfp=700015B4 ret=70166E20 depth=1
hijack seq=005482 caller=QUEST2 WRTN  DIST                 area_wfp=780036A4 ret_pc=70168732 real_wsp=700015A0 (was 78003690) shadow_wsp=700015A0 master_wfp=700015B4 depth=0
hijack seq=005484 caller=QUEST2 WSAVS DIST                 pc=70168717 area_wfp=780036A4 argc=4 frame=0 real_wsp=700015AA shadow_wsp=700015B4 master_wfp=700015B4 ret=70166E20 depth=1
hijack seq=005486 caller=QUEST2 WRTN  DIST                 area_wfp=780036A4 ret_pc=70168732 real_wsp=700015A0 (was 78003690) shadow_wsp=700015A0 master_wfp=700015B4 depth=0
hijack seq=005488 caller=QUEST2 WSAVS DIST                 pc=70168717 area_wfp=780036A4 argc=4 frame=0 real_wsp=700015AA shadow_wsp=700015B4 master_wfp=700015B4 ret=70166E20 depth=1
hijack seq=005490 caller=QUEST2 WRTN  DIST                 area_wfp=780036A4 ret_pc=70168732 real_wsp=700015A0 (was 78003690) shadow_wsp=700015A0 master_wfp=700015B4 depth=0
hijack seq=005495 caller=QUEST2 WSAVS DIST                 pc=70168717 area_wfp=780036A4 argc=4 frame=0 real_wsp=700015AA shadow_wsp=700015B4 master_wfp=700015B4 ret=70166E20 depth=1
hijack seq=005497 caller=QUEST2 WRTN  DIST                 area_wfp=780036A4 ret_pc=70168732 real_wsp=700015A0 (was 78003690) shadow_wsp=700015A0 master_wfp=700015B4 depth=0
hijack seq=005499 caller=QUEST2 WSAVS DIST                 pc=70168717 area_wfp=780036A4 argc=4 frame=0 real_wsp=700015AA shadow_wsp=700015B4 master_wfp=700015B4 ret=70166E20 depth=1
hijack seq=005501 caller=QUEST2 WRTN  DIST                 area_wfp=780036A4 ret_pc=70168732 real_wsp=700015A0 (was 78003690) shadow_wsp=700015A0 master_wfp=700015B4 depth=0
hijack seq=005503 caller=QUEST2 WSAVS DIST                 pc=70168717 area_wfp=780036A4 argc=4 frame=0 real_wsp=700015AA shadow_wsp=700015B4 master_wfp=700015B4 ret=70166E20 depth=1
hijack seq=005505 caller=QUEST2 WRTN  DIST                 area_wfp=780036A4 ret_pc=70168732 real_wsp=700015A0 (was 78003690) shadow_wsp=700015A0 master_wfp=700015B4 depth=0
hijack seq=005509 caller=QUEST2 WSAVS DIST                 pc=70168717 area_wfp=780036A4 argc=4 frame=0 real_wsp=700015AA shadow_wsp=700015B4 master_wfp=700015B4 ret=70166E20 depth=1
hijack seq=005511 caller=QUEST2 WRTN  DIST                 area_wfp=780036A4 ret_pc=70168732 real_wsp=700015A0 (was 78003690) shadow_wsp=700015A0 master_wfp=700015B4 depth=0
hijack seq=005513 caller=QUEST2 WSAVS DIST                 pc=70168717 area_wfp=780036A4 argc=4 frame=0 real_wsp=700015AA shadow_wsp=700015B4 master_wfp=700015B4 ret=70166E20 depth=1
hijack seq=005516 caller=QUEST2 WRTN  DIST                 area_wfp=780036A4 ret_pc=70168732 real_wsp=700015A0 (was 78003690) shadow_wsp=700015A0 master_wfp=700015B4 depth=0
hijack seq=005518 caller=QUEST2 WSAVS DIST                 pc=70168717 area_wfp=780036A4 argc=4 frame=0 real_wsp=700015AA shadow_wsp=700015B4 master_wfp=700015B4 ret=70166E20 depth=1
hijack seq=005520 caller=QUEST2 WRTN  DIST                 area_wfp=780036A4 ret_pc=70168732 real_wsp=700015A0 (was 78003690) shadow_wsp=700015A0 master_wfp=700015B4 depth=0
hijack seq=005525 caller=QUEST2 WSAVS DIST                 pc=70168717 area_wfp=780036A4 argc=4 frame=0 real_wsp=700015AA shadow_wsp=700015B4 master_wfp=700015B4 ret=70166E20 depth=1
hijack seq=005527 caller=QUEST2 WRTN  DIST                 area_wfp=780036A4 ret_pc=70168732 real_wsp=700015A0 (was 78003690) shadow_wsp=700015A0 master_wfp=700015B4 depth=0
hijack seq=005529 caller=QUEST2 WSAVS DIST                 pc=70168717 area_wfp=780036A4 argc=4 frame=0 real_wsp=700015AA shadow_wsp=700015B4 master_wfp=700015B4 ret=70166E20 depth=1
hijack seq=005531 caller=QUEST2 WRTN  DIST                 area_wfp=780036A4 ret_pc=70168732 real_wsp=700015A0 (was 78003690) shadow_wsp=700015A0 master_wfp=700015B4 depth=0
hijack seq=005533 caller=QUEST2 WSAVS DIST                 pc=70168717 area_wfp=780036A4 argc=4 frame=0 real_wsp=700015AA shadow_wsp=700015B4 master_wfp=700015B4 ret=70166E20 depth=1
hijack seq=005535 caller=QUEST2 WRTN  DIST                 area_wfp=780036A4 ret_pc=70168732 real_wsp=700015A0 (was 78003690) shadow_wsp=700015A0 master_wfp=700015B4 depth=0
hijack seq=005540 caller=QUEST2 WSAVS DIST                 pc=70168717 area_wfp=780036A4 argc=4 frame=0 real_wsp=700015AA shadow_wsp=700015B4 master_wfp=700015B4 ret=70166E20 depth=1
hijack seq=005542 caller=QUEST2 WRTN  DIST                 area_wfp=780036A4 ret_pc=70168732 real_wsp=700015A0 (was 78003690) shadow_wsp=700015A0 master_wfp=700015B4 depth=0
hijack seq=005544 caller=QUEST2 WSAVS DIST                 pc=70168717 area_wfp=780036A4 argc=4 frame=0 real_wsp=700015AA shadow_wsp=700015B4 master_wfp=700015B4 ret=70166E20 depth=1
hijack seq=005546 caller=QUEST2 WRTN  DIST                 area_wfp=780036A4 ret_pc=70168732 real_wsp=700015A0 (was 78003690) shadow_wsp=700015A0 master_wfp=700015B4 depth=0
hijack seq=005548 caller=QUEST2 WSAVS DIST                 pc=70168717 area_wfp=780036A4 argc=4 frame=0 real_wsp=700015AA shadow_wsp=700015B4 master_wfp=700015B4 ret=70166E20 depth=1
hijack seq=005550 caller=QUEST2 WRTN  DIST                 area_wfp=780036A4 ret_pc=70168732 real_wsp=700015A0 (was 78003690) shadow_wsp=700015A0 master_wfp=700015B4 depth=0
hijack seq=005553 caller=QUEST2 WSAVS DIST                 pc=70168717 area_wfp=780036A4 argc=4 frame=0 real_wsp=700015AA shadow_wsp=700015B4 master_wfp=700015B4 ret=70166E20 depth=1
hijack seq=005555 caller=QUEST2 WRTN  DIST                 area_wfp=780036A4 ret_pc=70168732 real_wsp=700015A0 (was 78003690) shadow_wsp=700015A0 master_wfp=700015B4 depth=0
hijack seq=005559 caller=QUEST2 WSAVS DIST                 pc=70168717 area_wfp=780036A4 argc=4 frame=0 real_wsp=700015AA shadow_wsp=700015B4 master_wfp=700015B4 ret=70166E20 depth=1
hijack seq=005561 caller=QUEST2 WRTN  DIST                 area_wfp=780036A4 ret_pc=70168732 real_wsp=700015A0 (was 78003690) shadow_wsp=700015A0 master_wfp=700015B4 depth=0
hijack seq=005563 caller=QUEST2 WSAVS DIST                 pc=70168717 area_wfp=780036A4 argc=4 frame=0 real_wsp=700015AA shadow_wsp=700015B4 master_wfp=700015B4 ret=70166E20 depth=1
hijack seq=005565 caller=QUEST2 WRTN  DIST                 area_wfp=780036A4 ret_pc=70168732 real_wsp=700015A0 (was 78003690) shadow_wsp=700015A0 master_wfp=700015B4 depth=0
hijack seq=005570 caller=QUEST2 WSAVS DIST                 pc=70168717 area_wfp=780036A4 argc=4 frame=0 real_wsp=700015AA shadow_wsp=700015B4 master_wfp=700015B4 ret=70166E20 depth=1
hijack seq=005572 caller=QUEST2 WRTN  DIST                 area_wfp=780036A4 ret_pc=70168732 real_wsp=700015A0 (was 78003690) shadow_wsp=700015A0 master_wfp=700015B4 depth=0
hijack seq=005574 caller=QUEST2 WSAVS DIST                 pc=70168717 area_wfp=780036A4 argc=4 frame=0 real_wsp=700015AA shadow_wsp=700015B4 master_wfp=700015B4 ret=70166E20 depth=1
hijack seq=005576 caller=QUEST2 WRTN  DIST                 area_wfp=780036A4 ret_pc=70168732 real_wsp=700015A0 (was 78003690) shadow_wsp=700015A0 master_wfp=700015B4 depth=0
hijack seq=005578 caller=QUEST2 WSAVS DIST                 pc=70168717 area_wfp=780036A4 argc=4 frame=0 real_wsp=700015AA shadow_wsp=700015B4 master_wfp=700015B4 ret=70166E20 depth=1
hijack seq=005580 caller=QUEST2 WRTN  DIST                 area_wfp=780036A4 ret_pc=70168732 real_wsp=700015A0 (was 78003690) shadow_wsp=700015A0 master_wfp=700015B4 depth=0
hijack seq=005583 caller=QUEST2 WSAVS DIST                 pc=70168717 area_wfp=780036A4 argc=4 frame=0 real_wsp=700015AA shadow_wsp=700015B4 master_wfp=700015B4 ret=70166E20 depth=1
hijack seq=005585 caller=QUEST2 WRTN  DIST                 area_wfp=780036A4 ret_pc=70168732 real_wsp=700015A0 (was 78003690) shadow_wsp=700015A0 master_wfp=700015B4 depth=0
hijack seq=005589 caller=QUEST2 WSAVS DIST                 pc=70168717 area_wfp=780036A4 argc=4 frame=0 real_wsp=700015AA shadow_wsp=700015B4 master_wfp=700015B4 ret=70166E20 depth=1
hijack seq=005591 caller=QUEST2 WRTN  DIST                 area_wfp=780036A4 ret_pc=70168732 real_wsp=700015A0 (was 78003690) shadow_wsp=700015A0 master_wfp=700015B4 depth=0
hijack seq=005593 caller=QUEST2 WSAVS DIST                 pc=70168717 area_wfp=780036A4 argc=4 frame=0 real_wsp=700015AA shadow_wsp=700015B4 master_wfp=700015B4 ret=70166E20 depth=1
hijack seq=005595 caller=QUEST2 WRTN  DIST                 area_wfp=780036A4 ret_pc=70168732 real_wsp=700015A0 (was 78003690) shadow_wsp=700015A0 master_wfp=700015B4 depth=0
hijack seq=005600 caller=QUEST2 WSAVS DIST                 pc=70168717 area_wfp=780036A4 argc=4 frame=0 real_wsp=700015AA shadow_wsp=700015B4 master_wfp=700015B4 ret=70166E20 depth=1
hijack seq=005602 caller=QUEST2 WRTN  DIST                 area_wfp=780036A4 ret_pc=70168732 real_wsp=700015A0 (was 78003690) shadow_wsp=700015A0 master_wfp=700015B4 depth=0
hijack seq=005604 caller=QUEST2 WSAVS DIST                 pc=70168717 area_wfp=780036A4 argc=4 frame=0 real_wsp=700015AA shadow_wsp=700015B4 master_wfp=700015B4 ret=70166E20 depth=1
hijack seq=005606 caller=QUEST2 WRTN  DIST                 area_wfp=780036A4 ret_pc=70168732 real_wsp=700015A0 (was 78003690) shadow_wsp=700015A0 master_wfp=700015B4 depth=0
hijack seq=005608 caller=QUEST2 WSAVS DIST                 pc=70168717 area_wfp=780036A4 argc=4 frame=0 real_wsp=700015AA shadow_wsp=700015B4 master_wfp=700015B4 ret=70166E20 depth=1
hijack seq=005610 caller=QUEST2 WRTN  DIST                 area_wfp=780036A4 ret_pc=70168732 real_wsp=700015A0 (was 78003690) shadow_wsp=700015A0 master_wfp=700015B4 depth=0
hijack seq=005615 caller=QUEST2 WSAVS DIST                 pc=70168717 area_wfp=780036A4 argc=4 frame=0 real_wsp=700015AA shadow_wsp=700015B4 master_wfp=700015B4 ret=70166E20 depth=1
hijack seq=005617 caller=QUEST2 WRTN  DIST                 area_wfp=780036A4 ret_pc=70168732 real_wsp=700015A0 (was 78003690) shadow_wsp=700015A0 master_wfp=700015B4 depth=0
hijack seq=005619 caller=QUEST2 WSAVS DIST                 pc=70168717 area_wfp=780036A4 argc=4 frame=0 real_wsp=700015AA shadow_wsp=700015B4 master_wfp=700015B4 ret=70166E20 depth=1
hijack seq=005621 caller=QUEST2 WRTN  DIST                 area_wfp=780036A4 ret_pc=70168732 real_wsp=700015A0 (was 78003690) shadow_wsp=700015A0 master_wfp=700015B4 depth=0
hijack seq=005623 caller=QUEST2 WSAVS DIST                 pc=70168717 area_wfp=780036A4 argc=4 frame=0 real_wsp=700015AA shadow_wsp=700015B4 master_wfp=700015B4 ret=70166E20 depth=1
hijack seq=005625 caller=QUEST2 WRTN  DIST                 area_wfp=780036A4 ret_pc=70168732 real_wsp=700015A0 (was 78003690) shadow_wsp=700015A0 master_wfp=700015B4 depth=0
hijack seq=005630 caller=QUEST2 WSAVS DIST                 pc=70168717 area_wfp=780036A4 argc=4 frame=0 real_wsp=700015AA shadow_wsp=700015B4 master_wfp=700015B4 ret=70166E20 depth=1
hijack seq=005632 caller=QUEST2 WRTN  DIST                 area_wfp=780036A4 ret_pc=70168732 real_wsp=700015A0 (was 78003690) shadow_wsp=700015A0 master_wfp=700015B4 depth=0
hijack seq=005634 caller=QUEST2 WSAVS DIST                 pc=70168717 area_wfp=780036A4 argc=4 frame=0 real_wsp=700015AA shadow_wsp=700015B4 master_wfp=700015B4 ret=70166E20 depth=1
hijack seq=005636 caller=QUEST2 WRTN  DIST                 area_wfp=780036A4 ret_pc=70168732 real_wsp=700015A0 (was 78003690) shadow_wsp=700015A0 master_wfp=700015B4 depth=0
hijack seq=005638 caller=QUEST2 WSAVS DIST                 pc=70168717 area_wfp=780036A4 argc=4 frame=0 real_wsp=700015AA shadow_wsp=700015B4 master_wfp=700015B4 ret=70166E20 depth=1
hijack seq=005640 caller=QUEST2 WRTN  DIST                 area_wfp=780036A4 ret_pc=70168732 real_wsp=700015A0 (was 78003690) shadow_wsp=700015A0 master_wfp=700015B4 depth=0
hijack seq=005645 caller=QUEST2 WSAVS DIST                 pc=70168717 area_wfp=780036A4 argc=4 frame=0 real_wsp=700015AA shadow_wsp=700015B4 master_wfp=700015B4 ret=70166E20 depth=1
hijack seq=005647 caller=QUEST2 WRTN  DIST                 area_wfp=780036A4 ret_pc=70168732 real_wsp=700015A0 (was 78003690) shadow_wsp=700015A0 master_wfp=700015B4 depth=0
hijack seq=005649 caller=QUEST2 WSAVS DIST                 pc=70168717 area_wfp=780036A4 argc=4 frame=0 real_wsp=700015AA shadow_wsp=700015B4 master_wfp=700015B4 ret=70166E20 depth=1
hijack seq=005651 caller=QUEST2 WRTN  DIST                 area_wfp=780036A4 ret_pc=70168732 real_wsp=700015A0 (was 78003690) shadow_wsp=700015A0 master_wfp=700015B4 depth=0
hijack seq=005653 caller=QUEST2 WSAVS DIST                 pc=70168717 area_wfp=780036A4 argc=4 frame=0 real_wsp=700015AA shadow_wsp=700015B4 master_wfp=700015B4 ret=70166E20 depth=1
hijack seq=005656 caller=QUEST2 WRTN  DIST                 area_wfp=780036A4 ret_pc=70168732 real_wsp=700015A0 (was 78003690) shadow_wsp=700015A0 master_wfp=700015B4 depth=0
hijack seq=005658 caller=QUEST2 WSAVS DIST                 pc=70168717 area_wfp=780036A4 argc=4 frame=0 real_wsp=700015AA shadow_wsp=700015B4 master_wfp=700015B4 ret=70166E20 depth=1
hijack seq=005662 caller=QUEST2 WRTN  DIST                 area_wfp=780036A4 ret_pc=70168732 real_wsp=700015A0 (was 78003690) shadow_wsp=700015A0 master_wfp=700015B4 depth=0
hijack seq=005664 caller=QUEST2 WSAVS DIST                 pc=70168717 area_wfp=780036A4 argc=4 frame=0 real_wsp=700015AA shadow_wsp=700015B4 master_wfp=700015B4 ret=70166E20 depth=1
hijack seq=005666 caller=QUEST2 WRTN  DIST                 area_wfp=780036A4 ret_pc=70168732 real_wsp=700015A0 (was 78003690) shadow_wsp=700015A0 master_wfp=700015B4 depth=0
hijack seq=005668 caller=QUEST2 WSAVS DIST                 pc=70168717 area_wfp=780036A4 argc=4 frame=0 real_wsp=700015AA shadow_wsp=700015B4 master_wfp=700015B4 ret=70166E20 depth=1
hijack seq=005670 caller=QUEST2 WRTN  DIST                 area_wfp=780036A4 ret_pc=70168732 real_wsp=700015A0 (was 78003690) shadow_wsp=700015A0 master_wfp=700015B4 depth=0
hijack seq=005675 caller=QUEST2 WSAVS DIST                 pc=70168717 area_wfp=780036A4 argc=4 frame=0 real_wsp=700015AA shadow_wsp=700015B4 master_wfp=700015B4 ret=70166E20 depth=1
hijack seq=005677 caller=QUEST2 WRTN  DIST                 area_wfp=780036A4 ret_pc=70168732 real_wsp=700015A0 (was 78003690) shadow_wsp=700015A0 master_wfp=700015B4 depth=0
hijack seq=005679 caller=QUEST2 WSAVS DIST                 pc=70168717 area_wfp=780036A4 argc=4 frame=0 real_wsp=700015AA shadow_wsp=700015B4 master_wfp=700015B4 ret=70166E20 depth=1
hijack seq=005681 caller=QUEST2 WRTN  DIST                 area_wfp=780036A4 ret_pc=70168732 real_wsp=700015A0 (was 78003690) shadow_wsp=700015A0 master_wfp=700015B4 depth=0
hijack seq=005683 caller=QUEST2 WSAVS DIST                 pc=70168717 area_wfp=780036A4 argc=4 frame=0 real_wsp=700015AA shadow_wsp=700015B4 master_wfp=700015B4 ret=70166E20 depth=1
hijack seq=005685 caller=QUEST2 WRTN  DIST                 area_wfp=780036A4 ret_pc=70168732 real_wsp=700015A0 (was 78003690) shadow_wsp=700015A0 master_wfp=700015B4 depth=0
hijack seq=005689 caller=QUEST2 WSAVS DIST                 pc=70168717 area_wfp=780036A4 argc=4 frame=0 real_wsp=700015AA shadow_wsp=700015B4 master_wfp=700015B4 ret=70166E20 depth=1
hijack seq=005691 caller=QUEST2 WRTN  DIST                 area_wfp=780036A4 ret_pc=70168732 real_wsp=700015A0 (was 78003690) shadow_wsp=700015A0 master_wfp=700015B4 depth=0
hijack seq=005693 caller=QUEST2 WSAVS DIST                 pc=70168717 area_wfp=780036A4 argc=4 frame=0 real_wsp=700015AA shadow_wsp=700015B4 master_wfp=700015B4 ret=70166E20 depth=1
hijack seq=005695 caller=QUEST2 WRTN  DIST                 area_wfp=780036A4 ret_pc=70168732 real_wsp=700015A0 (was 78003690) shadow_wsp=700015A0 master_wfp=700015B4 depth=0
hijack seq=005698 caller=QUEST2 WSAVS DIST                 pc=70168717 area_wfp=780036A4 argc=4 frame=0 real_wsp=700015AA shadow_wsp=700015B4 master_wfp=700015B4 ret=70166E20 depth=1
hijack seq=005700 caller=QUEST2 WRTN  DIST                 area_wfp=780036A4 ret_pc=70168732 real_wsp=700015A0 (was 78003690) shadow_wsp=700015A0 master_wfp=700015B4 depth=0
hijack seq=005705 caller=QUEST2 WSAVS DIST                 pc=70168717 area_wfp=780036A4 argc=4 frame=0 real_wsp=700015AA shadow_wsp=700015B4 master_wfp=700015B4 ret=70166E20 depth=1
hijack seq=005707 caller=QUEST2 WRTN  DIST                 area_wfp=780036A4 ret_pc=70168732 real_wsp=700015A0 (was 78003690) shadow_wsp=700015A0 master_wfp=700015B4 depth=0
hijack seq=005709 caller=QUEST2 WSAVS DIST                 pc=70168717 area_wfp=780036A4 argc=4 frame=0 real_wsp=700015AA shadow_wsp=700015B4 master_wfp=700015B4 ret=70166E20 depth=1
hijack seq=005711 caller=QUEST2 WRTN  DIST                 area_wfp=780036A4 ret_pc=70168732 real_wsp=700015A0 (was 78003690) shadow_wsp=700015A0 master_wfp=700015B4 depth=0
hijack seq=005713 caller=QUEST2 WSAVS DIST                 pc=70168717 area_wfp=780036A4 argc=4 frame=0 real_wsp=700015AA shadow_wsp=700015B4 master_wfp=700015B4 ret=70166E20 depth=1
hijack seq=005715 caller=QUEST2 WRTN  DIST                 area_wfp=780036A4 ret_pc=70168732 real_wsp=700015A0 (was 78003690) shadow_wsp=700015A0 master_wfp=700015B4 depth=0
hijack seq=005720 caller=QUEST2 WSAVS DIST                 pc=70168717 area_wfp=780036A4 argc=4 frame=0 real_wsp=700015AA shadow_wsp=700015B4 master_wfp=700015B4 ret=70166E20 depth=1
hijack seq=005722 caller=QUEST2 WRTN  DIST                 area_wfp=780036A4 ret_pc=70168732 real_wsp=700015A0 (was 78003690) shadow_wsp=700015A0 master_wfp=700015B4 depth=0
hijack seq=005724 caller=QUEST2 WSAVS DIST                 pc=70168717 area_wfp=780036A4 argc=4 frame=0 real_wsp=700015AA shadow_wsp=700015B4 master_wfp=700015B4 ret=70166E20 depth=1
hijack seq=005726 caller=QUEST2 WRTN  DIST                 area_wfp=780036A4 ret_pc=70168732 real_wsp=700015A0 (was 78003690) shadow_wsp=700015A0 master_wfp=700015B4 depth=0
hijack seq=005728 caller=QUEST2 WSAVS DIST                 pc=70168717 area_wfp=780036A4 argc=4 frame=0 real_wsp=700015AA shadow_wsp=700015B4 master_wfp=700015B4 ret=70166E20 depth=1
hijack seq=005730 caller=QUEST2 WRTN  DIST                 area_wfp=780036A4 ret_pc=70168732 real_wsp=700015A0 (was 78003690) shadow_wsp=700015A0 master_wfp=700015B4 depth=0
hijack seq=005733 caller=QUEST2 WSAVS DIST                 pc=70168717 area_wfp=780036A4 argc=4 frame=0 real_wsp=700015AA shadow_wsp=700015B4 master_wfp=700015B4 ret=70166E20 depth=1
hijack seq=005735 caller=QUEST2 WRTN  DIST                 area_wfp=780036A4 ret_pc=70168732 real_wsp=700015A0 (was 78003690) shadow_wsp=700015A0 master_wfp=700015B4 depth=0
hijack seq=005739 caller=QUEST2 WSAVS DIST                 pc=70168717 area_wfp=780036A4 argc=4 frame=0 real_wsp=700015AA shadow_wsp=700015B4 master_wfp=700015B4 ret=70166E20 depth=1
hijack seq=005741 caller=QUEST2 WRTN  DIST                 area_wfp=780036A4 ret_pc=70168732 real_wsp=700015A0 (was 78003690) shadow_wsp=700015A0 master_wfp=700015B4 depth=0
hijack seq=005743 caller=QUEST2 WSAVS DIST                 pc=70168717 area_wfp=780036A4 argc=4 frame=0 real_wsp=700015AA shadow_wsp=700015B4 master_wfp=700015B4 ret=70166E20 depth=1
hijack seq=005745 caller=QUEST2 WRTN  DIST                 area_wfp=780036A4 ret_pc=70168732 real_wsp=700015A0 (was 78003690) shadow_wsp=700015A0 master_wfp=700015B4 depth=0
hijack seq=005750 caller=QUEST2 WSAVS DIST                 pc=70168717 area_wfp=780036A4 argc=4 frame=0 real_wsp=700015AA shadow_wsp=700015B4 master_wfp=700015B4 ret=70166E20 depth=1
hijack seq=005752 caller=QUEST2 WRTN  DIST                 area_wfp=780036A4 ret_pc=70168732 real_wsp=700015A0 (was 78003690) shadow_wsp=700015A0 master_wfp=700015B4 depth=0
hijack seq=005754 caller=QUEST2 WSAVS DIST                 pc=70168717 area_wfp=780036A4 argc=4 frame=0 real_wsp=700015AA shadow_wsp=700015B4 master_wfp=700015B4 ret=70166E20 depth=1
hijack seq=005756 caller=QUEST2 WRTN  DIST                 area_wfp=780036A4 ret_pc=70168732 real_wsp=700015A0 (was 78003690) shadow_wsp=700015A0 master_wfp=700015B4 depth=0
hijack seq=005758 caller=QUEST2 WSAVS DIST                 pc=70168717 area_wfp=780036A4 argc=4 frame=0 real_wsp=700015AA shadow_wsp=700015B4 master_wfp=700015B4 ret=70166E20 depth=1
hijack seq=005760 caller=QUEST2 WRTN  DIST                 area_wfp=780036A4 ret_pc=70168732 real_wsp=700015A0 (was 78003690) shadow_wsp=700015A0 master_wfp=700015B4 depth=0
hijack seq=005765 caller=QUEST2 WSAVS DIST                 pc=70168717 area_wfp=780036A4 argc=4 frame=0 real_wsp=700015AA shadow_wsp=700015B4 master_wfp=700015B4 ret=70166E20 depth=1
hijack seq=005767 caller=QUEST2 WRTN  DIST                 area_wfp=780036A4 ret_pc=70168732 real_wsp=700015A0 (was 78003690) shadow_wsp=700015A0 master_wfp=700015B4 depth=0
hijack seq=005769 caller=QUEST2 WSAVS DIST                 pc=70168717 area_wfp=780036A4 argc=4 frame=0 real_wsp=700015AA shadow_wsp=700015B4 master_wfp=700015B4 ret=70166E20 depth=1
hijack seq=005771 caller=QUEST2 WRTN  DIST                 area_wfp=780036A4 ret_pc=70168732 real_wsp=700015A0 (was 78003690) shadow_wsp=700015A0 master_wfp=700015B4 depth=0
hijack seq=005773 caller=QUEST2 WSAVS DIST                 pc=70168717 area_wfp=780036A4 argc=4 frame=0 real_wsp=700015AA shadow_wsp=700015B4 master_wfp=700015B4 ret=70166E20 depth=1
hijack seq=005776 caller=QUEST2 WRTN  DIST                 area_wfp=780036A4 ret_pc=70168732 real_wsp=700015A0 (was 78003690) shadow_wsp=700015A0 master_wfp=700015B4 depth=0
hijack seq=005778 caller=QUEST2 WSAVS DIST                 pc=70168717 area_wfp=780036A4 argc=4 frame=0 real_wsp=700015AA shadow_wsp=700015B4 master_wfp=700015B4 ret=70166E20 depth=1
hijack seq=005782 caller=QUEST2 WRTN  DIST                 area_wfp=780036A4 ret_pc=70168732 real_wsp=700015A0 (was 78003690) shadow_wsp=700015A0 master_wfp=700015B4 depth=0
hijack seq=005784 caller=QUEST2 WSAVS DIST                 pc=70168717 area_wfp=780036A4 argc=4 frame=0 real_wsp=700015AA shadow_wsp=700015B4 master_wfp=700015B4 ret=70166E20 depth=1
hijack seq=005786 caller=QUEST2 WRTN  DIST                 area_wfp=780036A4 ret_pc=70168732 real_wsp=700015A0 (was 78003690) shadow_wsp=700015A0 master_wfp=700015B4 depth=0
hijack seq=005788 caller=QUEST2 WSAVS DIST                 pc=70168717 area_wfp=780036A4 argc=4 frame=0 real_wsp=700015AA shadow_wsp=700015B4 master_wfp=700015B4 ret=70166E20 depth=1
hijack seq=005790 caller=QUEST2 WRTN  DIST                 area_wfp=780036A4 ret_pc=70168732 real_wsp=700015A0 (was 78003690) shadow_wsp=700015A0 master_wfp=700015B4 depth=0
