redirect seq=000145 caller=QUEST2 WSAVS READ_IN              pc=701766ED area_wfp=740072BC argc=0 frame=6 real_wsp=700010DE shadow_wsp=700010F4 master_wfp=700010E8 ret=7015C063 depth=1
redirect seq=000157 caller=QUEST2 WRTN  READ_IN              area_wfp=740072BC ret_pc=7017E77D real_wsp=700010DC (was 740072B0) shadow_wsp=700010DC master_wfp=700010E8 depth=0
redirect seq=000197 caller=QUEST2 WSAVS READ_IN              pc=701766ED area_wfp=740072BC argc=0 frame=6 real_wsp=70001146 shadow_wsp=7000115C master_wfp=70001150 ret=70175F6F depth=1
redirect seq=000209 caller=QUEST2 WRTN  READ_IN              area_wfp=740072BC ret_pc=7017E77D real_wsp=70001144 (was 740072B0) shadow_wsp=70001144 master_wfp=70001150 depth=0
redirect seq=000219 caller=QUEST2 WSAVS READ_IN              pc=701766ED area_wfp=740072BC argc=0 frame=6 real_wsp=70001146 shadow_wsp=7000115C master_wfp=70001150 ret=70175FD7 depth=1
redirect seq=000231 caller=QUEST2 WRTN  READ_IN              area_wfp=740072BC ret_pc=7017E77D real_wsp=70001144 (was 740072B0) shadow_wsp=70001144 master_wfp=70001150 depth=0
redirect seq=000958 caller=QUEST2 WSAVS DIST                 pc=70168717 area_wfp=74003964 argc=4 frame=0 real_wsp=70001FDA shadow_wsp=70001FE4 master_wfp=70001FE4 ret=70166B8A depth=1
redirect seq=000960 caller=QUEST2 WRTN  DIST                 area_wfp=74003964 ret_pc=70168732 real_wsp=70001FD0 (was 74003950) shadow_wsp=70001FD0 master_wfp=70001FE4 depth=0
redirect seq=000962 caller=QUEST2 WSAVS DIST                 pc=70168717 area_wfp=74003964 argc=4 frame=0 real_wsp=70001FDA shadow_wsp=70001FE4 master_wfp=70001FE4 ret=70166B8A depth=1
redirect seq=000964 caller=QUEST2 WRTN  DIST                 area_wfp=74003964 ret_pc=70168732 real_wsp=70001FD0 (was 74003950) shadow_wsp=70001FD0 master_wfp=70001FE4 depth=0
redirect seq=000966 caller=QUEST2 WSAVS DIST                 pc=70168717 area_wfp=74003964 argc=4 frame=0 real_wsp=70001FDA shadow_wsp=70001FE4 master_wfp=70001FE4 ret=70166B8A depth=1
redirect seq=000968 caller=QUEST2 WRTN  DIST                 area_wfp=74003964 ret_pc=70168732 real_wsp=70001FD0 (was 74003950) shadow_wsp=70001FD0 master_wfp=70001FE4 depth=0
redirect seq=000973 caller=QUEST2 WSAVS DIST                 pc=70168717 area_wfp=74003964 argc=4 frame=0 real_wsp=70001FDA shadow_wsp=70001FE4 master_wfp=70001FE4 ret=70166E20 depth=1
redirect seq=000975 caller=QUEST2 WRTN  DIST                 area_wfp=74003964 ret_pc=70168732 real_wsp=70001FD0 (was 74003950) shadow_wsp=70001FD0 master_wfp=70001FE4 depth=0
redirect seq=000977 caller=QUEST2 WSAVS DIST                 pc=70168717 area_wfp=74003964 argc=4 frame=0 real_wsp=70001FDA shadow_wsp=70001FE4 master_wfp=70001FE4 ret=70166E20 depth=1
redirect seq=000979 caller=QUEST2 WRTN  DIST                 area_wfp=74003964 ret_pc=70168732 real_wsp=70001FD0 (was 74003950) shadow_wsp=70001FD0 master_wfp=70001FE4 depth=0
redirect seq=000981 caller=QUEST2 WSAVS DIST                 pc=70168717 area_wfp=74003964 argc=4 frame=0 real_wsp=70001FDA shadow_wsp=70001FE4 master_wfp=70001FE4 ret=70166E20 depth=1
redirect seq=000983 caller=QUEST2 WRTN  DIST                 area_wfp=74003964 ret_pc=70168732 real_wsp=70001FD0 (was 74003950) shadow_wsp=70001FD0 master_wfp=70001FE4 depth=0
redirect seq=000987 caller=QUEST2 WSAVS DIST                 pc=70168717 area_wfp=74003964 argc=4 frame=0 real_wsp=70001FDA shadow_wsp=70001FE4 master_wfp=70001FE4 ret=70166E20 depth=1
redirect seq=000989 caller=QUEST2 WRTN  DIST                 area_wfp=74003964 ret_pc=70168732 real_wsp=70001FD0 (was 74003950) shadow_wsp=70001FD0 master_wfp=70001FE4 depth=0
redirect seq=000991 caller=QUEST2 WSAVS DIST                 pc=70168717 area_wfp=74003964 argc=4 frame=0 real_wsp=70001FDA shadow_wsp=70001FE4 master_wfp=70001FE4 ret=70166E20 depth=1
redirect seq=000993 caller=QUEST2 WRTN  DIST                 area_wfp=74003964 ret_pc=70168732 real_wsp=70001FD0 (was 74003950) shadow_wsp=70001FD0 master_wfp=70001FE4 depth=0
redirect seq=000996 caller=QUEST2 WSAVS DIST                 pc=70168717 area_wfp=74003964 argc=4 frame=0 real_wsp=70001FDA shadow_wsp=70001FE4 master_wfp=70001FE4 ret=70166E20 depth=1
redirect seq=000998 caller=QUEST2 WRTN  DIST                 area_wfp=74003964 ret_pc=70168732 real_wsp=70001FD0 (was 74003950) shadow_wsp=70001FD0 master_wfp=70001FE4 depth=0
redirect seq=001003 caller=QUEST2 WSAVS DIST                 pc=70168717 area_wfp=74003964 argc=4 frame=0 real_wsp=70001FDA shadow_wsp=70001FE4 master_wfp=70001FE4 ret=70166E20 depth=1
redirect seq=001005 caller=QUEST2 WRTN  DIST                 area_wfp=74003964 ret_pc=70168732 real_wsp=70001FD0 (was 74003950) shadow_wsp=70001FD0 master_wfp=70001FE4 depth=0
redirect seq=001007 caller=QUEST2 WSAVS DIST                 pc=70168717 area_wfp=74003964 argc=4 frame=0 real_wsp=70001FDA shadow_wsp=70001FE4 master_wfp=70001FE4 ret=70166E20 depth=1
redirect seq=001009 caller=QUEST2 WRTN  DIST                 area_wfp=74003964 ret_pc=70168732 real_wsp=70001FD0 (was 74003950) shadow_wsp=70001FD0 master_wfp=70001FE4 depth=0
redirect seq=001011 caller=QUEST2 WSAVS DIST                 pc=70168717 area_wfp=74003964 argc=4 frame=0 real_wsp=70001FDA shadow_wsp=70001FE4 master_wfp=70001FE4 ret=70166E20 depth=1
redirect seq=001013 caller=QUEST2 WRTN  DIST                 area_wfp=74003964 ret_pc=70168732 real_wsp=70001FD0 (was 74003950) shadow_wsp=70001FD0 master_wfp=70001FE4 depth=0
redirect seq=001017 caller=QUEST2 WSAVS DIST                 pc=70168717 area_wfp=74003964 argc=4 frame=0 real_wsp=70001FDA shadow_wsp=70001FE4 master_wfp=70001FE4 ret=70166E20 depth=1
redirect seq=001019 caller=QUEST2 WRTN  DIST                 area_wfp=74003964 ret_pc=70168732 real_wsp=70001FD0 (was 74003950) shadow_wsp=70001FD0 master_wfp=70001FE4 depth=0
redirect seq=001021 caller=QUEST2 WSAVS DIST                 pc=70168717 area_wfp=74003964 argc=4 frame=0 real_wsp=70001FDA shadow_wsp=70001FE4 master_wfp=70001FE4 ret=70166E20 depth=1
redirect seq=001023 caller=QUEST2 WRTN  DIST                 area_wfp=74003964 ret_pc=70168732 real_wsp=70001FD0 (was 74003950) shadow_wsp=70001FD0 master_wfp=70001FE4 depth=0
redirect seq=001026 caller=QUEST2 WSAVS DIST                 pc=70168717 area_wfp=74003964 argc=4 frame=0 real_wsp=70001FDA shadow_wsp=70001FE4 master_wfp=70001FE4 ret=70166E20 depth=1
redirect seq=001028 caller=QUEST2 WRTN  DIST                 area_wfp=74003964 ret_pc=70168732 real_wsp=70001FD0 (was 74003950) shadow_wsp=70001FD0 master_wfp=70001FE4 depth=0
redirect seq=001033 caller=QUEST2 WSAVS DIST                 pc=70168717 area_wfp=74003964 argc=4 frame=0 real_wsp=70001FDA shadow_wsp=70001FE4 master_wfp=70001FE4 ret=70166E20 depth=1
redirect seq=001035 caller=QUEST2 WRTN  DIST                 area_wfp=74003964 ret_pc=70168732 real_wsp=70001FD0 (was 74003950) shadow_wsp=70001FD0 master_wfp=70001FE4 depth=0
redirect seq=001037 caller=QUEST2 WSAVS DIST                 pc=70168717 area_wfp=74003964 argc=4 frame=0 real_wsp=70001FDA shadow_wsp=70001FE4 master_wfp=70001FE4 ret=70166E20 depth=1
redirect seq=001039 caller=QUEST2 WRTN  DIST                 area_wfp=74003964 ret_pc=70168732 real_wsp=70001FD0 (was 74003950) shadow_wsp=70001FD0 master_wfp=70001FE4 depth=0
redirect seq=001041 caller=QUEST2 WSAVS DIST                 pc=70168717 area_wfp=74003964 argc=4 frame=0 real_wsp=70001FDA shadow_wsp=70001FE4 master_wfp=70001FE4 ret=70166E20 depth=1
redirect seq=001043 caller=QUEST2 WRTN  DIST                 area_wfp=74003964 ret_pc=70168732 real_wsp=70001FD0 (was 74003950) shadow_wsp=70001FD0 master_wfp=70001FE4 depth=0
redirect seq=001047 caller=QUEST2 WSAVS DIST                 pc=70168717 area_wfp=74003964 argc=4 frame=0 real_wsp=70001FDA shadow_wsp=70001FE4 master_wfp=70001FE4 ret=70166E20 depth=1
redirect seq=001049 caller=QUEST2 WRTN  DIST                 area_wfp=74003964 ret_pc=70168732 real_wsp=70001FD0 (was 74003950) shadow_wsp=70001FD0 master_wfp=70001FE4 depth=0
redirect seq=001051 caller=QUEST2 WSAVS DIST                 pc=70168717 area_wfp=74003964 argc=4 frame=0 real_wsp=70001FDA shadow_wsp=70001FE4 master_wfp=70001FE4 ret=70166E20 depth=1
redirect seq=001053 caller=QUEST2 WRTN  DIST                 area_wfp=74003964 ret_pc=70168732 real_wsp=70001FD0 (was 74003950) shadow_wsp=70001FD0 master_wfp=70001FE4 depth=0
redirect seq=001056 caller=QUEST2 WSAVS DIST                 pc=70168717 area_wfp=74003964 argc=4 frame=0 real_wsp=70001FDA shadow_wsp=70001FE4 master_wfp=70001FE4 ret=70166E20 depth=1
redirect seq=001058 caller=QUEST2 WRTN  DIST                 area_wfp=74003964 ret_pc=70168732 real_wsp=70001FD0 (was 74003950) shadow_wsp=70001FD0 master_wfp=70001FE4 depth=0
redirect seq=001063 caller=QUEST2 WSAVS DIST                 pc=70168717 area_wfp=74003964 argc=4 frame=0 real_wsp=70001FDA shadow_wsp=70001FE4 master_wfp=70001FE4 ret=70166E20 depth=1
redirect seq=001065 caller=QUEST2 WRTN  DIST                 area_wfp=74003964 ret_pc=70168732 real_wsp=70001FD0 (was 74003950) shadow_wsp=70001FD0 master_wfp=70001FE4 depth=0
redirect seq=001067 caller=QUEST2 WSAVS DIST                 pc=70168717 area_wfp=74003964 argc=4 frame=0 real_wsp=70001FDA shadow_wsp=70001FE4 master_wfp=70001FE4 ret=70166E20 depth=1
redirect seq=001069 caller=QUEST2 WRTN  DIST                 area_wfp=74003964 ret_pc=70168732 real_wsp=70001FD0 (was 74003950) shadow_wsp=70001FD0 master_wfp=70001FE4 depth=0
redirect seq=001071 caller=QUEST2 WSAVS DIST                 pc=70168717 area_wfp=74003964 argc=4 frame=0 real_wsp=70001FDA shadow_wsp=70001FE4 master_wfp=70001FE4 ret=70166E20 depth=1
redirect seq=001073 caller=QUEST2 WRTN  DIST                 area_wfp=74003964 ret_pc=70168732 real_wsp=70001FD0 (was 74003950) shadow_wsp=70001FD0 master_wfp=70001FE4 depth=0
redirect seq=001077 caller=QUEST2 WSAVS DIST                 pc=70168717 area_wfp=74003964 argc=4 frame=0 real_wsp=70001FDA shadow_wsp=70001FE4 master_wfp=70001FE4 ret=70166E20 depth=1
redirect seq=001079 caller=QUEST2 WRTN  DIST                 area_wfp=74003964 ret_pc=70168732 real_wsp=70001FD0 (was 74003950) shadow_wsp=70001FD0 master_wfp=70001FE4 depth=0
redirect seq=001081 caller=QUEST2 WSAVS DIST                 pc=70168717 area_wfp=74003964 argc=4 frame=0 real_wsp=70001FDA shadow_wsp=70001FE4 master_wfp=70001FE4 ret=70166E20 depth=1
redirect seq=001083 caller=QUEST2 WRTN  DIST                 area_wfp=74003964 ret_pc=70168732 real_wsp=70001FD0 (was 74003950) shadow_wsp=70001FD0 master_wfp=70001FE4 depth=0
redirect seq=001086 caller=QUEST2 WSAVS DIST                 pc=70168717 area_wfp=74003964 argc=4 frame=0 real_wsp=70001FDA shadow_wsp=70001FE4 master_wfp=70001FE4 ret=70166E20 depth=1
redirect seq=001088 caller=QUEST2 WRTN  DIST                 area_wfp=74003964 ret_pc=70168732 real_wsp=70001FD0 (was 74003950) shadow_wsp=70001FD0 master_wfp=70001FE4 depth=0
redirect seq=001093 caller=QUEST2 WSAVS DIST                 pc=70168717 area_wfp=74003964 argc=4 frame=0 real_wsp=70001FDA shadow_wsp=70001FE4 master_wfp=70001FE4 ret=70166E20 depth=1
redirect seq=001095 caller=QUEST2 WRTN  DIST                 area_wfp=74003964 ret_pc=70168732 real_wsp=70001FD0 (was 74003950) shadow_wsp=70001FD0 master_wfp=70001FE4 depth=0
redirect seq=001097 caller=QUEST2 WSAVS DIST                 pc=70168717 area_wfp=74003964 argc=4 frame=0 real_wsp=70001FDA shadow_wsp=70001FE4 master_wfp=70001FE4 ret=70166E20 depth=1
redirect seq=001099 caller=QUEST2 WRTN  DIST                 area_wfp=74003964 ret_pc=70168732 real_wsp=70001FD0 (was 74003950) shadow_wsp=70001FD0 master_wfp=70001FE4 depth=0
redirect seq=001101 caller=QUEST2 WSAVS DIST                 pc=70168717 area_wfp=74003964 argc=4 frame=0 real_wsp=70001FDA shadow_wsp=70001FE4 master_wfp=70001FE4 ret=70166E20 depth=1
redirect seq=001103 caller=QUEST2 WRTN  DIST                 area_wfp=74003964 ret_pc=70168732 real_wsp=70001FD0 (was 74003950) shadow_wsp=70001FD0 master_wfp=70001FE4 depth=0
redirect seq=001107 caller=QUEST2 WSAVS DIST                 pc=70168717 area_wfp=74003964 argc=4 frame=0 real_wsp=70001FDA shadow_wsp=70001FE4 master_wfp=70001FE4 ret=70166E20 depth=1
redirect seq=001109 caller=QUEST2 WRTN  DIST                 area_wfp=74003964 ret_pc=70168732 real_wsp=70001FD0 (was 74003950) shadow_wsp=70001FD0 master_wfp=70001FE4 depth=0
redirect seq=001111 caller=QUEST2 WSAVS DIST                 pc=70168717 area_wfp=74003964 argc=4 frame=0 real_wsp=70001FDA shadow_wsp=70001FE4 master_wfp=70001FE4 ret=70166E20 depth=1
redirect seq=001113 caller=QUEST2 WRTN  DIST                 area_wfp=74003964 ret_pc=70168732 real_wsp=70001FD0 (was 74003950) shadow_wsp=70001FD0 master_wfp=70001FE4 depth=0
redirect seq=001116 caller=QUEST2 WSAVS DIST                 pc=70168717 area_wfp=74003964 argc=4 frame=0 real_wsp=70001FDA shadow_wsp=70001FE4 master_wfp=70001FE4 ret=70166E20 depth=1
redirect seq=001118 caller=QUEST2 WRTN  DIST                 area_wfp=74003964 ret_pc=70168732 real_wsp=70001FD0 (was 74003950) shadow_wsp=70001FD0 master_wfp=70001FE4 depth=0
redirect seq=001123 caller=QUEST2 WSAVS DIST                 pc=70168717 area_wfp=74003964 argc=4 frame=0 real_wsp=70001FDA shadow_wsp=70001FE4 master_wfp=70001FE4 ret=70166E20 depth=1
redirect seq=001125 caller=QUEST2 WRTN  DIST                 area_wfp=74003964 ret_pc=70168732 real_wsp=70001FD0 (was 74003950) shadow_wsp=70001FD0 master_wfp=70001FE4 depth=0
redirect seq=001127 caller=QUEST2 WSAVS DIST                 pc=70168717 area_wfp=74003964 argc=4 frame=0 real_wsp=70001FDA shadow_wsp=70001FE4 master_wfp=70001FE4 ret=70166E20 depth=1
redirect seq=001129 caller=QUEST2 WRTN  DIST                 area_wfp=74003964 ret_pc=70168732 real_wsp=70001FD0 (was 74003950) shadow_wsp=70001FD0 master_wfp=70001FE4 depth=0
redirect seq=001131 caller=QUEST2 WSAVS DIST                 pc=70168717 area_wfp=74003964 argc=4 frame=0 real_wsp=70001FDA shadow_wsp=70001FE4 master_wfp=70001FE4 ret=70166E20 depth=1
redirect seq=001133 caller=QUEST2 WRTN  DIST                 area_wfp=74003964 ret_pc=70168732 real_wsp=70001FD0 (was 74003950) shadow_wsp=70001FD0 master_wfp=70001FE4 depth=0
redirect seq=001136 caller=QUEST2 WSAVS DIST                 pc=70168717 area_wfp=74003964 argc=4 frame=0 real_wsp=70001FDA shadow_wsp=70001FE4 master_wfp=70001FE4 ret=70166E20 depth=1
redirect seq=001138 caller=QUEST2 WRTN  DIST                 area_wfp=74003964 ret_pc=70168732 real_wsp=70001FD0 (was 74003950) shadow_wsp=70001FD0 master_wfp=70001FE4 depth=0
redirect seq=001142 caller=QUEST2 WSAVS DIST                 pc=70168717 area_wfp=74003964 argc=4 frame=0 real_wsp=70001FDA shadow_wsp=70001FE4 master_wfp=70001FE4 ret=70166E20 depth=1
redirect seq=001144 caller=QUEST2 WRTN  DIST                 area_wfp=74003964 ret_pc=70168732 real_wsp=70001FD0 (was 74003950) shadow_wsp=70001FD0 master_wfp=70001FE4 depth=0
redirect seq=001146 caller=QUEST2 WSAVS DIST                 pc=70168717 area_wfp=74003964 argc=4 frame=0 real_wsp=70001FDA shadow_wsp=70001FE4 master_wfp=70001FE4 ret=70166E20 depth=1
redirect seq=001148 caller=QUEST2 WRTN  DIST                 area_wfp=74003964 ret_pc=70168732 real_wsp=70001FD0 (was 74003950) shadow_wsp=70001FD0 master_wfp=70001FE4 depth=0
redirect seq=001153 caller=QUEST2 WSAVS DIST                 pc=70168717 area_wfp=74003964 argc=4 frame=0 real_wsp=70001FDA shadow_wsp=70001FE4 master_wfp=70001FE4 ret=70166E20 depth=1
redirect seq=001155 caller=QUEST2 WRTN  DIST                 area_wfp=74003964 ret_pc=70168732 real_wsp=70001FD0 (was 74003950) shadow_wsp=70001FD0 master_wfp=70001FE4 depth=0
redirect seq=001157 caller=QUEST2 WSAVS DIST                 pc=70168717 area_wfp=74003964 argc=4 frame=0 real_wsp=70001FDA shadow_wsp=70001FE4 master_wfp=70001FE4 ret=70166E20 depth=1
redirect seq=001159 caller=QUEST2 WRTN  DIST                 area_wfp=74003964 ret_pc=70168732 real_wsp=70001FD0 (was 74003950) shadow_wsp=70001FD0 master_wfp=70001FE4 depth=0
redirect seq=001161 caller=QUEST2 WSAVS DIST                 pc=70168717 area_wfp=74003964 argc=4 frame=0 real_wsp=70001FDA shadow_wsp=70001FE4 master_wfp=70001FE4 ret=70166E20 depth=1
redirect seq=001163 caller=QUEST2 WRTN  DIST                 area_wfp=74003964 ret_pc=70168732 real_wsp=70001FD0 (was 74003950) shadow_wsp=70001FD0 master_wfp=70001FE4 depth=0
redirect seq=001167 caller=QUEST2 WSAVS DIST                 pc=70168717 area_wfp=74003964 argc=4 frame=0 real_wsp=70001FDA shadow_wsp=70001FE4 master_wfp=70001FE4 ret=70166E20 depth=1
redirect seq=001169 caller=QUEST2 WRTN  DIST                 area_wfp=74003964 ret_pc=70168732 real_wsp=70001FD0 (was 74003950) shadow_wsp=70001FD0 master_wfp=70001FE4 depth=0
redirect seq=001171 caller=QUEST2 WSAVS DIST                 pc=70168717 area_wfp=74003964 argc=4 frame=0 real_wsp=70001FDA shadow_wsp=70001FE4 master_wfp=70001FE4 ret=70166E20 depth=1
redirect seq=001174 caller=QUEST2 WRTN  DIST                 area_wfp=74003964 ret_pc=70168732 real_wsp=70001FD0 (was 74003950) shadow_wsp=70001FD0 master_wfp=70001FE4 depth=0
redirect seq=001176 caller=QUEST2 WSAVS DIST                 pc=70168717 area_wfp=74003964 argc=4 frame=0 real_wsp=70001FDA shadow_wsp=70001FE4 master_wfp=70001FE4 ret=70166E20 depth=1
redirect seq=001178 caller=QUEST2 WRTN  DIST                 area_wfp=74003964 ret_pc=70168732 real_wsp=70001FD0 (was 74003950) shadow_wsp=70001FD0 master_wfp=70001FE4 depth=0
redirect seq=001183 caller=QUEST2 WSAVS DIST                 pc=70168717 area_wfp=74003964 argc=4 frame=0 real_wsp=70001FDA shadow_wsp=70001FE4 master_wfp=70001FE4 ret=70166E20 depth=1
redirect seq=001185 caller=QUEST2 WRTN  DIST                 area_wfp=74003964 ret_pc=70168732 real_wsp=70001FD0 (was 74003950) shadow_wsp=70001FD0 master_wfp=70001FE4 depth=0
redirect seq=001187 caller=QUEST2 WSAVS DIST                 pc=70168717 area_wfp=74003964 argc=4 frame=0 real_wsp=70001FDA shadow_wsp=70001FE4 master_wfp=70001FE4 ret=70166E20 depth=1
redirect seq=001189 caller=QUEST2 WRTN  DIST                 area_wfp=74003964 ret_pc=70168732 real_wsp=70001FD0 (was 74003950) shadow_wsp=70001FD0 master_wfp=70001FE4 depth=0
redirect seq=001191 caller=QUEST2 WSAVS DIST                 pc=70168717 area_wfp=74003964 argc=4 frame=0 real_wsp=70001FDA shadow_wsp=70001FE4 master_wfp=70001FE4 ret=70166E20 depth=1
redirect seq=001193 caller=QUEST2 WRTN  DIST                 area_wfp=74003964 ret_pc=70168732 real_wsp=70001FD0 (was 74003950) shadow_wsp=70001FD0 master_wfp=70001FE4 depth=0
redirect seq=001196 caller=QUEST2 WSAVS DIST                 pc=70168717 area_wfp=74003964 argc=4 frame=0 real_wsp=70001FDA shadow_wsp=70001FE4 master_wfp=70001FE4 ret=70166E20 depth=1
redirect seq=001200 caller=QUEST2 WRTN  DIST                 area_wfp=74003964 ret_pc=70168732 real_wsp=70001FD0 (was 74003950) shadow_wsp=70001FD0 master_wfp=70001FE4 depth=0
redirect seq=001202 caller=QUEST2 WSAVS DIST                 pc=70168717 area_wfp=74003964 argc=4 frame=0 real_wsp=70001FDA shadow_wsp=70001FE4 master_wfp=70001FE4 ret=70166E20 depth=1
redirect seq=001204 caller=QUEST2 WRTN  DIST                 area_wfp=74003964 ret_pc=70168732 real_wsp=70001FD0 (was 74003950) shadow_wsp=70001FD0 master_wfp=70001FE4 depth=0
redirect seq=001206 caller=QUEST2 WSAVS DIST                 pc=70168717 area_wfp=74003964 argc=4 frame=0 real_wsp=70001FDA shadow_wsp=70001FE4 master_wfp=70001FE4 ret=70166E20 depth=1
redirect seq=001208 caller=QUEST2 WRTN  DIST                 area_wfp=74003964 ret_pc=70168732 real_wsp=70001FD0 (was 74003950) shadow_wsp=70001FD0 master_wfp=70001FE4 depth=0
redirect seq=001212 caller=QUEST2 WSAVS DIST                 pc=70168717 area_wfp=74003964 argc=4 frame=0 real_wsp=70001FDA shadow_wsp=70001FE4 master_wfp=70001FE4 ret=70166E20 depth=1
redirect seq=001214 caller=QUEST2 WRTN  DIST                 area_wfp=74003964 ret_pc=70168732 real_wsp=70001FD0 (was 74003950) shadow_wsp=70001FD0 master_wfp=70001FE4 depth=0
redirect seq=001216 caller=QUEST2 WSAVS DIST                 pc=70168717 area_wfp=74003964 argc=4 frame=0 real_wsp=70001FDA shadow_wsp=70001FE4 master_wfp=70001FE4 ret=70166E20 depth=1
redirect seq=001218 caller=QUEST2 WRTN  DIST                 area_wfp=74003964 ret_pc=70168732 real_wsp=70001FD0 (was 74003950) shadow_wsp=70001FD0 master_wfp=70001FE4 depth=0
redirect seq=001221 caller=QUEST2 WSAVS DIST                 pc=70168717 area_wfp=74003964 argc=4 frame=0 real_wsp=70001FDA shadow_wsp=70001FE4 master_wfp=70001FE4 ret=70166E20 depth=1
redirect seq=001223 caller=QUEST2 WRTN  DIST                 area_wfp=74003964 ret_pc=70168732 real_wsp=70001FD0 (was 74003950) shadow_wsp=70001FD0 master_wfp=70001FE4 depth=0
redirect seq=001228 caller=QUEST2 WSAVS DIST                 pc=70168717 area_wfp=74003964 argc=4 frame=0 real_wsp=70001FDA shadow_wsp=70001FE4 master_wfp=70001FE4 ret=70166E20 depth=1
redirect seq=001230 caller=QUEST2 WRTN  DIST                 area_wfp=74003964 ret_pc=70168732 real_wsp=70001FD0 (was 74003950) shadow_wsp=70001FD0 master_wfp=70001FE4 depth=0
redirect seq=001232 caller=QUEST2 WSAVS DIST                 pc=70168717 area_wfp=74003964 argc=4 frame=0 real_wsp=70001FDA shadow_wsp=70001FE4 master_wfp=70001FE4 ret=70166E20 depth=1
redirect seq=001234 caller=QUEST2 WRTN  DIST                 area_wfp=74003964 ret_pc=70168732 real_wsp=70001FD0 (was 74003950) shadow_wsp=70001FD0 master_wfp=70001FE4 depth=0
redirect seq=001236 caller=QUEST2 WSAVS DIST                 pc=70168717 area_wfp=74003964 argc=4 frame=0 real_wsp=70001FDA shadow_wsp=70001FE4 master_wfp=70001FE4 ret=70166E20 depth=1
redirect seq=001238 caller=QUEST2 WRTN  DIST                 area_wfp=74003964 ret_pc=70168732 real_wsp=70001FD0 (was 74003950) shadow_wsp=70001FD0 master_wfp=70001FE4 depth=0
redirect seq=001242 caller=QUEST2 WSAVS DIST                 pc=70168717 area_wfp=74003964 argc=4 frame=0 real_wsp=70001FDA shadow_wsp=70001FE4 master_wfp=70001FE4 ret=70166E20 depth=1
redirect seq=001244 caller=QUEST2 WRTN  DIST                 area_wfp=74003964 ret_pc=70168732 real_wsp=70001FD0 (was 74003950) shadow_wsp=70001FD0 master_wfp=70001FE4 depth=0
redirect seq=001246 caller=QUEST2 WSAVS DIST                 pc=70168717 area_wfp=74003964 argc=4 frame=0 real_wsp=70001FDA shadow_wsp=70001FE4 master_wfp=70001FE4 ret=70166E20 depth=1
redirect seq=001248 caller=QUEST2 WRTN  DIST                 area_wfp=74003964 ret_pc=70168732 real_wsp=70001FD0 (was 74003950) shadow_wsp=70001FD0 master_wfp=70001FE4 depth=0
redirect seq=001251 caller=QUEST2 WSAVS DIST                 pc=70168717 area_wfp=74003964 argc=4 frame=0 real_wsp=70001FDA shadow_wsp=70001FE4 master_wfp=70001FE4 ret=70166E20 depth=1
redirect seq=001253 caller=QUEST2 WRTN  DIST                 area_wfp=74003964 ret_pc=70168732 real_wsp=70001FD0 (was 74003950) shadow_wsp=70001FD0 master_wfp=70001FE4 depth=0
redirect seq=001258 caller=QUEST2 WSAVS DIST                 pc=70168717 area_wfp=74003964 argc=4 frame=0 real_wsp=70001FDA shadow_wsp=70001FE4 master_wfp=70001FE4 ret=70166E20 depth=1
redirect seq=001260 caller=QUEST2 WRTN  DIST                 area_wfp=74003964 ret_pc=70168732 real_wsp=70001FD0 (was 74003950) shadow_wsp=70001FD0 master_wfp=70001FE4 depth=0
redirect seq=001262 caller=QUEST2 WSAVS DIST                 pc=70168717 area_wfp=74003964 argc=4 frame=0 real_wsp=70001FDA shadow_wsp=70001FE4 master_wfp=70001FE4 ret=70166E20 depth=1
redirect seq=001264 caller=QUEST2 WRTN  DIST                 area_wfp=74003964 ret_pc=70168732 real_wsp=70001FD0 (was 74003950) shadow_wsp=70001FD0 master_wfp=70001FE4 depth=0
redirect seq=001266 caller=QUEST2 WSAVS DIST                 pc=70168717 area_wfp=74003964 argc=4 frame=0 real_wsp=70001FDA shadow_wsp=70001FE4 master_wfp=70001FE4 ret=70166E20 depth=1
redirect seq=001268 caller=QUEST2 WRTN  DIST                 area_wfp=74003964 ret_pc=70168732 real_wsp=70001FD0 (was 74003950) shadow_wsp=70001FD0 master_wfp=70001FE4 depth=0
redirect seq=001271 caller=QUEST2 WSAVS DIST                 pc=70168717 area_wfp=74003964 argc=4 frame=0 real_wsp=70001FDA shadow_wsp=70001FE4 master_wfp=70001FE4 ret=70166E20 depth=1
redirect seq=001273 caller=QUEST2 WRTN  DIST                 area_wfp=74003964 ret_pc=70168732 real_wsp=70001FD0 (was 74003950) shadow_wsp=70001FD0 master_wfp=70001FE4 depth=0
redirect seq=001277 caller=QUEST2 WSAVS DIST                 pc=70168717 area_wfp=74003964 argc=4 frame=0 real_wsp=70001FDA shadow_wsp=70001FE4 master_wfp=70001FE4 ret=70166E20 depth=1
redirect seq=001279 caller=QUEST2 WRTN  DIST                 area_wfp=74003964 ret_pc=70168732 real_wsp=70001FD0 (was 74003950) shadow_wsp=70001FD0 master_wfp=70001FE4 depth=0
redirect seq=001281 caller=QUEST2 WSAVS DIST                 pc=70168717 area_wfp=74003964 argc=4 frame=0 real_wsp=70001FDA shadow_wsp=70001FE4 master_wfp=70001FE4 ret=70166E20 depth=1
redirect seq=001283 caller=QUEST2 WRTN  DIST                 area_wfp=74003964 ret_pc=70168732 real_wsp=70001FD0 (was 74003950) shadow_wsp=70001FD0 master_wfp=70001FE4 depth=0
redirect seq=001288 caller=QUEST2 WSAVS DIST                 pc=70168717 area_wfp=74003964 argc=4 frame=0 real_wsp=70001FDA shadow_wsp=70001FE4 master_wfp=70001FE4 ret=70166E20 depth=1
redirect seq=001290 caller=QUEST2 WRTN  DIST                 area_wfp=74003964 ret_pc=70168732 real_wsp=70001FD0 (was 74003950) shadow_wsp=70001FD0 master_wfp=70001FE4 depth=0
redirect seq=001292 caller=QUEST2 WSAVS DIST                 pc=70168717 area_wfp=74003964 argc=4 frame=0 real_wsp=70001FDA shadow_wsp=70001FE4 master_wfp=70001FE4 ret=70166E20 depth=1
redirect seq=001294 caller=QUEST2 WRTN  DIST                 area_wfp=74003964 ret_pc=70168732 real_wsp=70001FD0 (was 74003950) shadow_wsp=70001FD0 master_wfp=70001FE4 depth=0
redirect seq=001296 caller=QUEST2 WSAVS DIST                 pc=70168717 area_wfp=74003964 argc=4 frame=0 real_wsp=70001FDA shadow_wsp=70001FE4 master_wfp=70001FE4 ret=70166E20 depth=1
redirect seq=001298 caller=QUEST2 WRTN  DIST                 area_wfp=74003964 ret_pc=70168732 real_wsp=70001FD0 (was 74003950) shadow_wsp=70001FD0 master_wfp=70001FE4 depth=0
redirect seq=001303 caller=QUEST2 WSAVS DIST                 pc=70168717 area_wfp=74003964 argc=4 frame=0 real_wsp=70001FDA shadow_wsp=70001FE4 master_wfp=70001FE4 ret=70166E20 depth=1
redirect seq=001305 caller=QUEST2 WRTN  DIST                 area_wfp=74003964 ret_pc=70168732 real_wsp=70001FD0 (was 74003950) shadow_wsp=70001FD0 master_wfp=70001FE4 depth=0
redirect seq=001307 caller=QUEST2 WSAVS DIST                 pc=70168717 area_wfp=74003964 argc=4 frame=0 real_wsp=70001FDA shadow_wsp=70001FE4 master_wfp=70001FE4 ret=70166E20 depth=1
redirect seq=001309 caller=QUEST2 WRTN  DIST                 area_wfp=74003964 ret_pc=70168732 real_wsp=70001FD0 (was 74003950) shadow_wsp=70001FD0 master_wfp=70001FE4 depth=0
redirect seq=001311 caller=QUEST2 WSAVS DIST                 pc=70168717 area_wfp=74003964 argc=4 frame=0 real_wsp=70001FDA shadow_wsp=70001FE4 master_wfp=70001FE4 ret=70166E20 depth=1
redirect seq=001313 caller=QUEST2 WRTN  DIST                 area_wfp=74003964 ret_pc=70168732 real_wsp=70001FD0 (was 74003950) shadow_wsp=70001FD0 master_wfp=70001FE4 depth=0
redirect seq=001318 caller=QUEST2 WSAVS DIST                 pc=70168717 area_wfp=74003964 argc=4 frame=0 real_wsp=70001FDA shadow_wsp=70001FE4 master_wfp=70001FE4 ret=70166E20 depth=1
redirect seq=001320 caller=QUEST2 WRTN  DIST                 area_wfp=74003964 ret_pc=70168732 real_wsp=70001FD0 (was 74003950) shadow_wsp=70001FD0 master_wfp=70001FE4 depth=0
redirect seq=001322 caller=QUEST2 WSAVS DIST                 pc=70168717 area_wfp=74003964 argc=4 frame=0 real_wsp=70001FDA shadow_wsp=70001FE4 master_wfp=70001FE4 ret=70166E20 depth=1
redirect seq=001324 caller=QUEST2 WRTN  DIST                 area_wfp=74003964 ret_pc=70168732 real_wsp=70001FD0 (was 74003950) shadow_wsp=70001FD0 master_wfp=70001FE4 depth=0
redirect seq=001326 caller=QUEST2 WSAVS DIST                 pc=70168717 area_wfp=74003964 argc=4 frame=0 real_wsp=70001FDA shadow_wsp=70001FE4 master_wfp=70001FE4 ret=70166E20 depth=1
redirect seq=001328 caller=QUEST2 WRTN  DIST                 area_wfp=74003964 ret_pc=70168732 real_wsp=70001FD0 (was 74003950) shadow_wsp=70001FD0 master_wfp=70001FE4 depth=0
redirect seq=001333 caller=QUEST2 WSAVS DIST                 pc=70168717 area_wfp=74003964 argc=4 frame=0 real_wsp=70001FDA shadow_wsp=70001FE4 master_wfp=70001FE4 ret=70166E20 depth=1
redirect seq=001335 caller=QUEST2 WRTN  DIST                 area_wfp=74003964 ret_pc=70168732 real_wsp=70001FD0 (was 74003950) shadow_wsp=70001FD0 master_wfp=70001FE4 depth=0
redirect seq=001337 caller=QUEST2 WSAVS DIST                 pc=70168717 area_wfp=74003964 argc=4 frame=0 real_wsp=70001FDA shadow_wsp=70001FE4 master_wfp=70001FE4 ret=70166E20 depth=1
redirect seq=001339 caller=QUEST2 WRTN  DIST                 area_wfp=74003964 ret_pc=70168732 real_wsp=70001FD0 (was 74003950) shadow_wsp=70001FD0 master_wfp=70001FE4 depth=0
redirect seq=001341 caller=QUEST2 WSAVS DIST                 pc=70168717 area_wfp=74003964 argc=4 frame=0 real_wsp=70001FDA shadow_wsp=70001FE4 master_wfp=70001FE4 ret=70166E20 depth=1
redirect seq=001343 caller=QUEST2 WRTN  DIST                 area_wfp=74003964 ret_pc=70168732 real_wsp=70001FD0 (was 74003950) shadow_wsp=70001FD0 master_wfp=70001FE4 depth=0
redirect seq=001348 caller=QUEST2 WSAVS DIST                 pc=70168717 area_wfp=74003964 argc=4 frame=0 real_wsp=70001FDA shadow_wsp=70001FE4 master_wfp=70001FE4 ret=70166E20 depth=1
redirect seq=001350 caller=QUEST2 WRTN  DIST                 area_wfp=74003964 ret_pc=70168732 real_wsp=70001FD0 (was 74003950) shadow_wsp=70001FD0 master_wfp=70001FE4 depth=0
redirect seq=001352 caller=QUEST2 WSAVS DIST                 pc=70168717 area_wfp=74003964 argc=4 frame=0 real_wsp=70001FDA shadow_wsp=70001FE4 master_wfp=70001FE4 ret=70166E20 depth=1
redirect seq=001354 caller=QUEST2 WRTN  DIST                 area_wfp=74003964 ret_pc=70168732 real_wsp=70001FD0 (was 74003950) shadow_wsp=70001FD0 master_wfp=70001FE4 depth=0
redirect seq=001356 caller=QUEST2 WSAVS DIST                 pc=70168717 area_wfp=74003964 argc=4 frame=0 real_wsp=70001FDA shadow_wsp=70001FE4 master_wfp=70001FE4 ret=70166E20 depth=1
redirect seq=001358 caller=QUEST2 WRTN  DIST                 area_wfp=74003964 ret_pc=70168732 real_wsp=70001FD0 (was 74003950) shadow_wsp=70001FD0 master_wfp=70001FE4 depth=0
redirect seq=001363 caller=QUEST2 WSAVS DIST                 pc=70168717 area_wfp=74003964 argc=4 frame=0 real_wsp=70001FDA shadow_wsp=70001FE4 master_wfp=70001FE4 ret=70166E20 depth=1
redirect seq=001365 caller=QUEST2 WRTN  DIST                 area_wfp=74003964 ret_pc=70168732 real_wsp=70001FD0 (was 74003950) shadow_wsp=70001FD0 master_wfp=70001FE4 depth=0
redirect seq=001367 caller=QUEST2 WSAVS DIST                 pc=70168717 area_wfp=74003964 argc=4 frame=0 real_wsp=70001FDA shadow_wsp=70001FE4 master_wfp=70001FE4 ret=70166E20 depth=1
redirect seq=001369 caller=QUEST2 WRTN  DIST                 area_wfp=74003964 ret_pc=70168732 real_wsp=70001FD0 (was 74003950) shadow_wsp=70001FD0 master_wfp=70001FE4 depth=0
redirect seq=001371 caller=QUEST2 WSAVS DIST                 pc=70168717 area_wfp=74003964 argc=4 frame=0 real_wsp=70001FDA shadow_wsp=70001FE4 master_wfp=70001FE4 ret=70166E20 depth=1
redirect seq=001373 caller=QUEST2 WRTN  DIST                 area_wfp=74003964 ret_pc=70168732 real_wsp=70001FD0 (was 74003950) shadow_wsp=70001FD0 master_wfp=70001FE4 depth=0
redirect seq=001376 caller=QUEST2 WSAVS DIST                 pc=70168717 area_wfp=74003964 argc=4 frame=0 real_wsp=70001FDA shadow_wsp=70001FE4 master_wfp=70001FE4 ret=70166E20 depth=1
redirect seq=001380 caller=QUEST2 WRTN  DIST                 area_wfp=74003964 ret_pc=70168732 real_wsp=70001FD0 (was 74003950) shadow_wsp=70001FD0 master_wfp=70001FE4 depth=0
redirect seq=001382 caller=QUEST2 WSAVS DIST                 pc=70168717 area_wfp=74003964 argc=4 frame=0 real_wsp=70001FDA shadow_wsp=70001FE4 master_wfp=70001FE4 ret=70166E20 depth=1
redirect seq=001384 caller=QUEST2 WRTN  DIST                 area_wfp=74003964 ret_pc=70168732 real_wsp=70001FD0 (was 74003950) shadow_wsp=70001FD0 master_wfp=70001FE4 depth=0
redirect seq=001386 caller=QUEST2 WSAVS DIST                 pc=70168717 area_wfp=74003964 argc=4 frame=0 real_wsp=70001FDA shadow_wsp=70001FE4 master_wfp=70001FE4 ret=70166E20 depth=1
redirect seq=001388 caller=QUEST2 WRTN  DIST                 area_wfp=74003964 ret_pc=70168732 real_wsp=70001FD0 (was 74003950) shadow_wsp=70001FD0 master_wfp=70001FE4 depth=0
redirect seq=001393 caller=QUEST2 WSAVS DIST                 pc=70168717 area_wfp=74003964 argc=4 frame=0 real_wsp=70001FDA shadow_wsp=70001FE4 master_wfp=70001FE4 ret=70166E20 depth=1
redirect seq=001395 caller=QUEST2 WRTN  DIST                 area_wfp=74003964 ret_pc=70168732 real_wsp=70001FD0 (was 74003950) shadow_wsp=70001FD0 master_wfp=70001FE4 depth=0
redirect seq=001397 caller=QUEST2 WSAVS DIST                 pc=70168717 area_wfp=74003964 argc=4 frame=0 real_wsp=70001FDA shadow_wsp=70001FE4 master_wfp=70001FE4 ret=70166E20 depth=1
redirect seq=001399 caller=QUEST2 WRTN  DIST                 area_wfp=74003964 ret_pc=70168732 real_wsp=70001FD0 (was 74003950) shadow_wsp=70001FD0 master_wfp=70001FE4 depth=0
redirect seq=001401 caller=QUEST2 WSAVS DIST                 pc=70168717 area_wfp=74003964 argc=4 frame=0 real_wsp=70001FDA shadow_wsp=70001FE4 master_wfp=70001FE4 ret=70166E20 depth=1
redirect seq=001403 caller=QUEST2 WRTN  DIST                 area_wfp=74003964 ret_pc=70168732 real_wsp=70001FD0 (was 74003950) shadow_wsp=70001FD0 master_wfp=70001FE4 depth=0
redirect seq=001406 caller=QUEST2 WSAVS DIST                 pc=70168717 area_wfp=74003964 argc=4 frame=0 real_wsp=70001FDA shadow_wsp=70001FE4 master_wfp=70001FE4 ret=70166E20 depth=1
redirect seq=001410 caller=QUEST2 WRTN  DIST                 area_wfp=74003964 ret_pc=70168732 real_wsp=70001FD0 (was 74003950) shadow_wsp=70001FD0 master_wfp=70001FE4 depth=0
redirect seq=001412 caller=QUEST2 WSAVS DIST                 pc=70168717 area_wfp=74003964 argc=4 frame=0 real_wsp=70001FDA shadow_wsp=70001FE4 master_wfp=70001FE4 ret=70166E20 depth=1
redirect seq=001414 caller=QUEST2 WRTN  DIST                 area_wfp=74003964 ret_pc=70168732 real_wsp=70001FD0 (was 74003950) shadow_wsp=70001FD0 master_wfp=70001FE4 depth=0
redirect seq=001416 caller=QUEST2 WSAVS DIST                 pc=70168717 area_wfp=74003964 argc=4 frame=0 real_wsp=70001FDA shadow_wsp=70001FE4 master_wfp=70001FE4 ret=70166E20 depth=1
redirect seq=001418 caller=QUEST2 WRTN  DIST                 area_wfp=74003964 ret_pc=70168732 real_wsp=70001FD0 (was 74003950) shadow_wsp=70001FD0 master_wfp=70001FE4 depth=0
redirect seq=001423 caller=QUEST2 WSAVS DIST                 pc=70168717 area_wfp=74003964 argc=4 frame=0 real_wsp=70001FDA shadow_wsp=70001FE4 master_wfp=70001FE4 ret=70166E20 depth=1
redirect seq=001425 caller=QUEST2 WRTN  DIST                 area_wfp=74003964 ret_pc=70168732 real_wsp=70001FD0 (was 74003950) shadow_wsp=70001FD0 master_wfp=70001FE4 depth=0
redirect seq=001427 caller=QUEST2 WSAVS DIST                 pc=70168717 area_wfp=74003964 argc=4 frame=0 real_wsp=70001FDA shadow_wsp=70001FE4 master_wfp=70001FE4 ret=70166E20 depth=1
redirect seq=001429 caller=QUEST2 WRTN  DIST                 area_wfp=74003964 ret_pc=70168732 real_wsp=70001FD0 (was 74003950) shadow_wsp=70001FD0 master_wfp=70001FE4 depth=0
redirect seq=001431 caller=QUEST2 WSAVS DIST                 pc=70168717 area_wfp=74003964 argc=4 frame=0 real_wsp=70001FDA shadow_wsp=70001FE4 master_wfp=70001FE4 ret=70166E20 depth=1
redirect seq=001433 caller=QUEST2 WRTN  DIST                 area_wfp=74003964 ret_pc=70168732 real_wsp=70001FD0 (was 74003950) shadow_wsp=70001FD0 master_wfp=70001FE4 depth=0
redirect seq=001436 caller=QUEST2 WSAVS DIST                 pc=70168717 area_wfp=74003964 argc=4 frame=0 real_wsp=70001FDA shadow_wsp=70001FE4 master_wfp=70001FE4 ret=70166E20 depth=1
redirect seq=001440 caller=QUEST2 WRTN  DIST                 area_wfp=74003964 ret_pc=70168732 real_wsp=70001FD0 (was 74003950) shadow_wsp=70001FD0 master_wfp=70001FE4 depth=0
redirect seq=001442 caller=QUEST2 WSAVS DIST                 pc=70168717 area_wfp=74003964 argc=4 frame=0 real_wsp=70001FDA shadow_wsp=70001FE4 master_wfp=70001FE4 ret=70166E20 depth=1
redirect seq=001444 caller=QUEST2 WRTN  DIST                 area_wfp=74003964 ret_pc=70168732 real_wsp=70001FD0 (was 74003950) shadow_wsp=70001FD0 master_wfp=70001FE4 depth=0
redirect seq=001446 caller=QUEST2 WSAVS DIST                 pc=70168717 area_wfp=74003964 argc=4 frame=0 real_wsp=70001FDA shadow_wsp=70001FE4 master_wfp=70001FE4 ret=70166E20 depth=1
redirect seq=001448 caller=QUEST2 WRTN  DIST                 area_wfp=74003964 ret_pc=70168732 real_wsp=70001FD0 (was 74003950) shadow_wsp=70001FD0 master_wfp=70001FE4 depth=0
redirect seq=001453 caller=QUEST2 WSAVS DIST                 pc=70168717 area_wfp=74003964 argc=4 frame=0 real_wsp=70001FDA shadow_wsp=70001FE4 master_wfp=70001FE4 ret=70166E20 depth=1
redirect seq=001455 caller=QUEST2 WRTN  DIST                 area_wfp=74003964 ret_pc=70168732 real_wsp=70001FD0 (was 74003950) shadow_wsp=70001FD0 master_wfp=70001FE4 depth=0
redirect seq=001457 caller=QUEST2 WSAVS DIST                 pc=70168717 area_wfp=74003964 argc=4 frame=0 real_wsp=70001FDA shadow_wsp=70001FE4 master_wfp=70001FE4 ret=70166E20 depth=1
redirect seq=001459 caller=QUEST2 WRTN  DIST                 area_wfp=74003964 ret_pc=70168732 real_wsp=70001FD0 (was 74003950) shadow_wsp=70001FD0 master_wfp=70001FE4 depth=0
redirect seq=001461 caller=QUEST2 WSAVS DIST                 pc=70168717 area_wfp=74003964 argc=4 frame=0 real_wsp=70001FDA shadow_wsp=70001FE4 master_wfp=70001FE4 ret=70166E20 depth=1
redirect seq=001463 caller=QUEST2 WRTN  DIST                 area_wfp=74003964 ret_pc=70168732 real_wsp=70001FD0 (was 74003950) shadow_wsp=70001FD0 master_wfp=70001FE4 depth=0
redirect seq=001468 caller=QUEST2 WSAVS DIST                 pc=70168717 area_wfp=74003964 argc=4 frame=0 real_wsp=70001FDA shadow_wsp=70001FE4 master_wfp=70001FE4 ret=70166E20 depth=1
redirect seq=001470 caller=QUEST2 WRTN  DIST                 area_wfp=74003964 ret_pc=70168732 real_wsp=70001FD0 (was 74003950) shadow_wsp=70001FD0 master_wfp=70001FE4 depth=0
redirect seq=001472 caller=QUEST2 WSAVS DIST                 pc=70168717 area_wfp=74003964 argc=4 frame=0 real_wsp=70001FDA shadow_wsp=70001FE4 master_wfp=70001FE4 ret=70166E20 depth=1
redirect seq=001474 caller=QUEST2 WRTN  DIST                 area_wfp=74003964 ret_pc=70168732 real_wsp=70001FD0 (was 74003950) shadow_wsp=70001FD0 master_wfp=70001FE4 depth=0
redirect seq=001476 caller=QUEST2 WSAVS DIST                 pc=70168717 area_wfp=74003964 argc=4 frame=0 real_wsp=70001FDA shadow_wsp=70001FE4 master_wfp=70001FE4 ret=70166E20 depth=1
redirect seq=001478 caller=QUEST2 WRTN  DIST                 area_wfp=74003964 ret_pc=70168732 real_wsp=70001FD0 (was 74003950) shadow_wsp=70001FD0 master_wfp=70001FE4 depth=0
redirect seq=001483 caller=QUEST2 WSAVS DIST                 pc=70168717 area_wfp=74003964 argc=4 frame=0 real_wsp=70001FDA shadow_wsp=70001FE4 master_wfp=70001FE4 ret=70166E20 depth=1
redirect seq=001485 caller=QUEST2 WRTN  DIST                 area_wfp=74003964 ret_pc=70168732 real_wsp=70001FD0 (was 74003950) shadow_wsp=70001FD0 master_wfp=70001FE4 depth=0
redirect seq=001487 caller=QUEST2 WSAVS DIST                 pc=70168717 area_wfp=74003964 argc=4 frame=0 real_wsp=70001FDA shadow_wsp=70001FE4 master_wfp=70001FE4 ret=70166E20 depth=1
redirect seq=001489 caller=QUEST2 WRTN  DIST                 area_wfp=74003964 ret_pc=70168732 real_wsp=70001FD0 (was 74003950) shadow_wsp=70001FD0 master_wfp=70001FE4 depth=0
redirect seq=001491 caller=QUEST2 WSAVS DIST                 pc=70168717 area_wfp=74003964 argc=4 frame=0 real_wsp=70001FDA shadow_wsp=70001FE4 master_wfp=70001FE4 ret=70166E20 depth=1
redirect seq=001493 caller=QUEST2 WRTN  DIST                 area_wfp=74003964 ret_pc=70168732 real_wsp=70001FD0 (was 74003950) shadow_wsp=70001FD0 master_wfp=70001FE4 depth=0
redirect seq=001498 caller=QUEST2 WSAVS DIST                 pc=70168717 area_wfp=74003964 argc=4 frame=0 real_wsp=70001FDA shadow_wsp=70001FE4 master_wfp=70001FE4 ret=70166E20 depth=1
redirect seq=001500 caller=QUEST2 WRTN  DIST                 area_wfp=74003964 ret_pc=70168732 real_wsp=70001FD0 (was 74003950) shadow_wsp=70001FD0 master_wfp=70001FE4 depth=0
redirect seq=001502 caller=QUEST2 WSAVS DIST                 pc=70168717 area_wfp=74003964 argc=4 frame=0 real_wsp=70001FDA shadow_wsp=70001FE4 master_wfp=70001FE4 ret=70166E20 depth=1
redirect seq=001504 caller=QUEST2 WRTN  DIST                 area_wfp=74003964 ret_pc=70168732 real_wsp=70001FD0 (was 74003950) shadow_wsp=70001FD0 master_wfp=70001FE4 depth=0
redirect seq=001506 caller=QUEST2 WSAVS DIST                 pc=70168717 area_wfp=74003964 argc=4 frame=0 real_wsp=70001FDA shadow_wsp=70001FE4 master_wfp=70001FE4 ret=70166E20 depth=1
redirect seq=001508 caller=QUEST2 WRTN  DIST                 area_wfp=74003964 ret_pc=70168732 real_wsp=70001FD0 (was 74003950) shadow_wsp=70001FD0 master_wfp=70001FE4 depth=0
redirect seq=001513 caller=QUEST2 WSAVS DIST                 pc=70168717 area_wfp=74003964 argc=4 frame=0 real_wsp=70001FDA shadow_wsp=70001FE4 master_wfp=70001FE4 ret=70166E20 depth=1
redirect seq=001515 caller=QUEST2 WRTN  DIST                 area_wfp=74003964 ret_pc=70168732 real_wsp=70001FD0 (was 74003950) shadow_wsp=70001FD0 master_wfp=70001FE4 depth=0
redirect seq=001517 caller=QUEST2 WSAVS DIST                 pc=70168717 area_wfp=74003964 argc=4 frame=0 real_wsp=70001FDA shadow_wsp=70001FE4 master_wfp=70001FE4 ret=70166E20 depth=1
redirect seq=001519 caller=QUEST2 WRTN  DIST                 area_wfp=74003964 ret_pc=70168732 real_wsp=70001FD0 (was 74003950) shadow_wsp=70001FD0 master_wfp=70001FE4 depth=0
redirect seq=001521 caller=QUEST2 WSAVS DIST                 pc=70168717 area_wfp=74003964 argc=4 frame=0 real_wsp=70001FDA shadow_wsp=70001FE4 master_wfp=70001FE4 ret=70166E20 depth=1
redirect seq=001523 caller=QUEST2 WRTN  DIST                 area_wfp=74003964 ret_pc=70168732 real_wsp=70001FD0 (was 74003950) shadow_wsp=70001FD0 master_wfp=70001FE4 depth=0
redirect seq=001528 caller=QUEST2 WSAVS DIST                 pc=70168717 area_wfp=74003964 argc=4 frame=0 real_wsp=70001FDA shadow_wsp=70001FE4 master_wfp=70001FE4 ret=70166E20 depth=1
redirect seq=001530 caller=QUEST2 WRTN  DIST                 area_wfp=74003964 ret_pc=70168732 real_wsp=70001FD0 (was 74003950) shadow_wsp=70001FD0 master_wfp=70001FE4 depth=0
redirect seq=001532 caller=QUEST2 WSAVS DIST                 pc=70168717 area_wfp=74003964 argc=4 frame=0 real_wsp=70001FDA shadow_wsp=70001FE4 master_wfp=70001FE4 ret=70166E20 depth=1
redirect seq=001534 caller=QUEST2 WRTN  DIST                 area_wfp=74003964 ret_pc=70168732 real_wsp=70001FD0 (was 74003950) shadow_wsp=70001FD0 master_wfp=70001FE4 depth=0
redirect seq=001536 caller=QUEST2 WSAVS DIST                 pc=70168717 area_wfp=74003964 argc=4 frame=0 real_wsp=70001FDA shadow_wsp=70001FE4 master_wfp=70001FE4 ret=70166E20 depth=1
redirect seq=001538 caller=QUEST2 WRTN  DIST                 area_wfp=74003964 ret_pc=70168732 real_wsp=70001FD0 (was 74003950) shadow_wsp=70001FD0 master_wfp=70001FE4 depth=0
redirect seq=001543 caller=QUEST2 WSAVS DIST                 pc=70168717 area_wfp=74003964 argc=4 frame=0 real_wsp=70001FDA shadow_wsp=70001FE4 master_wfp=70001FE4 ret=70166E20 depth=1
redirect seq=001545 caller=QUEST2 WRTN  DIST                 area_wfp=74003964 ret_pc=70168732 real_wsp=70001FD0 (was 74003950) shadow_wsp=70001FD0 master_wfp=70001FE4 depth=0
redirect seq=001547 caller=QUEST2 WSAVS DIST                 pc=70168717 area_wfp=74003964 argc=4 frame=0 real_wsp=70001FDA shadow_wsp=70001FE4 master_wfp=70001FE4 ret=70166E20 depth=1
redirect seq=001549 caller=QUEST2 WRTN  DIST                 area_wfp=74003964 ret_pc=70168732 real_wsp=70001FD0 (was 74003950) shadow_wsp=70001FD0 master_wfp=70001FE4 depth=0
redirect seq=001551 caller=QUEST2 WSAVS DIST                 pc=70168717 area_wfp=74003964 argc=4 frame=0 real_wsp=70001FDA shadow_wsp=70001FE4 master_wfp=70001FE4 ret=70166E20 depth=1
redirect seq=001553 caller=QUEST2 WRTN  DIST                 area_wfp=74003964 ret_pc=70168732 real_wsp=70001FD0 (was 74003950) shadow_wsp=70001FD0 master_wfp=70001FE4 depth=0
redirect seq=001558 caller=QUEST2 WSAVS DIST                 pc=70168717 area_wfp=74003964 argc=4 frame=0 real_wsp=70001FDA shadow_wsp=70001FE4 master_wfp=70001FE4 ret=70166E20 depth=1
redirect seq=001560 caller=QUEST2 WRTN  DIST                 area_wfp=74003964 ret_pc=70168732 real_wsp=70001FD0 (was 74003950) shadow_wsp=70001FD0 master_wfp=70001FE4 depth=0
redirect seq=001562 caller=QUEST2 WSAVS DIST                 pc=70168717 area_wfp=74003964 argc=4 frame=0 real_wsp=70001FDA shadow_wsp=70001FE4 master_wfp=70001FE4 ret=70166E20 depth=1
redirect seq=001564 caller=QUEST2 WRTN  DIST                 area_wfp=74003964 ret_pc=70168732 real_wsp=70001FD0 (was 74003950) shadow_wsp=70001FD0 master_wfp=70001FE4 depth=0
redirect seq=001566 caller=QUEST2 WSAVS DIST                 pc=70168717 area_wfp=74003964 argc=4 frame=0 real_wsp=70001FDA shadow_wsp=70001FE4 master_wfp=70001FE4 ret=70166E20 depth=1
redirect seq=001568 caller=QUEST2 WRTN  DIST                 area_wfp=74003964 ret_pc=70168732 real_wsp=70001FD0 (was 74003950) shadow_wsp=70001FD0 master_wfp=70001FE4 depth=0
redirect seq=001572 caller=QUEST2 WSAVS DIST                 pc=70168717 area_wfp=74003964 argc=4 frame=0 real_wsp=70001FDA shadow_wsp=70001FE4 master_wfp=70001FE4 ret=70166E20 depth=1
redirect seq=001574 caller=QUEST2 WRTN  DIST                 area_wfp=74003964 ret_pc=70168732 real_wsp=70001FD0 (was 74003950) shadow_wsp=70001FD0 master_wfp=70001FE4 depth=0
redirect seq=001576 caller=QUEST2 WSAVS DIST                 pc=70168717 area_wfp=74003964 argc=4 frame=0 real_wsp=70001FDA shadow_wsp=70001FE4 master_wfp=70001FE4 ret=70166E20 depth=1
redirect seq=001578 caller=QUEST2 WRTN  DIST                 area_wfp=74003964 ret_pc=70168732 real_wsp=70001FD0 (was 74003950) shadow_wsp=70001FD0 master_wfp=70001FE4 depth=0
redirect seq=001581 caller=QUEST2 WSAVS DIST                 pc=70168717 area_wfp=74003964 argc=4 frame=0 real_wsp=70001FDA shadow_wsp=70001FE4 master_wfp=70001FE4 ret=70166E20 depth=1
redirect seq=001583 caller=QUEST2 WRTN  DIST                 area_wfp=74003964 ret_pc=70168732 real_wsp=70001FD0 (was 74003950) shadow_wsp=70001FD0 master_wfp=70001FE4 depth=0
redirect seq=001588 caller=QUEST2 WSAVS DIST                 pc=70168717 area_wfp=74003964 argc=4 frame=0 real_wsp=70001FDA shadow_wsp=70001FE4 master_wfp=70001FE4 ret=70166E20 depth=1
redirect seq=001590 caller=QUEST2 WRTN  DIST                 area_wfp=74003964 ret_pc=70168732 real_wsp=70001FD0 (was 74003950) shadow_wsp=70001FD0 master_wfp=70001FE4 depth=0
redirect seq=001592 caller=QUEST2 WSAVS DIST                 pc=70168717 area_wfp=74003964 argc=4 frame=0 real_wsp=70001FDA shadow_wsp=70001FE4 master_wfp=70001FE4 ret=70166E20 depth=1
redirect seq=001594 caller=QUEST2 WRTN  DIST                 area_wfp=74003964 ret_pc=70168732 real_wsp=70001FD0 (was 74003950) shadow_wsp=70001FD0 master_wfp=70001FE4 depth=0
redirect seq=001596 caller=QUEST2 WSAVS DIST                 pc=70168717 area_wfp=74003964 argc=4 frame=0 real_wsp=70001FDA shadow_wsp=70001FE4 master_wfp=70001FE4 ret=70166E20 depth=1
redirect seq=001598 caller=QUEST2 WRTN  DIST                 area_wfp=74003964 ret_pc=70168732 real_wsp=70001FD0 (was 74003950) shadow_wsp=70001FD0 master_wfp=70001FE4 depth=0
redirect seq=001601 caller=QUEST2 WSAVS DIST                 pc=70168717 area_wfp=74003964 argc=4 frame=0 real_wsp=70001FDA shadow_wsp=70001FE4 master_wfp=70001FE4 ret=70166E20 depth=1
redirect seq=001603 caller=QUEST2 WRTN  DIST                 area_wfp=74003964 ret_pc=70168732 real_wsp=70001FD0 (was 74003950) shadow_wsp=70001FD0 master_wfp=70001FE4 depth=0
redirect seq=001607 caller=QUEST2 WSAVS DIST                 pc=70168717 area_wfp=74003964 argc=4 frame=0 real_wsp=70001FDA shadow_wsp=70001FE4 master_wfp=70001FE4 ret=70166E20 depth=1
redirect seq=001609 caller=QUEST2 WRTN  DIST                 area_wfp=74003964 ret_pc=70168732 real_wsp=70001FD0 (was 74003950) shadow_wsp=70001FD0 master_wfp=70001FE4 depth=0
redirect seq=001611 caller=QUEST2 WSAVS DIST                 pc=70168717 area_wfp=74003964 argc=4 frame=0 real_wsp=70001FDA shadow_wsp=70001FE4 master_wfp=70001FE4 ret=70166E20 depth=1
redirect seq=001613 caller=QUEST2 WRTN  DIST                 area_wfp=74003964 ret_pc=70168732 real_wsp=70001FD0 (was 74003950) shadow_wsp=70001FD0 master_wfp=70001FE4 depth=0
redirect seq=001618 caller=QUEST2 WSAVS DIST                 pc=70168717 area_wfp=74003964 argc=4 frame=0 real_wsp=70001FDA shadow_wsp=70001FE4 master_wfp=70001FE4 ret=70166E20 depth=1
redirect seq=001620 caller=QUEST2 WRTN  DIST                 area_wfp=74003964 ret_pc=70168732 real_wsp=70001FD0 (was 74003950) shadow_wsp=70001FD0 master_wfp=70001FE4 depth=0
redirect seq=001622 caller=QUEST2 WSAVS DIST                 pc=70168717 area_wfp=74003964 argc=4 frame=0 real_wsp=70001FDA shadow_wsp=70001FE4 master_wfp=70001FE4 ret=70166E20 depth=1
redirect seq=001624 caller=QUEST2 WRTN  DIST                 area_wfp=74003964 ret_pc=70168732 real_wsp=70001FD0 (was 74003950) shadow_wsp=70001FD0 master_wfp=70001FE4 depth=0
redirect seq=001626 caller=QUEST2 WSAVS DIST                 pc=70168717 area_wfp=74003964 argc=4 frame=0 real_wsp=70001FDA shadow_wsp=70001FE4 master_wfp=70001FE4 ret=70166E20 depth=1
redirect seq=001628 caller=QUEST2 WRTN  DIST                 area_wfp=74003964 ret_pc=70168732 real_wsp=70001FD0 (was 74003950) shadow_wsp=70001FD0 master_wfp=70001FE4 depth=0
redirect seq=001633 caller=QUEST2 WSAVS DIST                 pc=70168717 area_wfp=74003964 argc=4 frame=0 real_wsp=70001FDA shadow_wsp=70001FE4 master_wfp=70001FE4 ret=70166E20 depth=1
redirect seq=001635 caller=QUEST2 WRTN  DIST                 area_wfp=74003964 ret_pc=70168732 real_wsp=70001FD0 (was 74003950) shadow_wsp=70001FD0 master_wfp=70001FE4 depth=0
redirect seq=001637 caller=QUEST2 WSAVS DIST                 pc=70168717 area_wfp=74003964 argc=4 frame=0 real_wsp=70001FDA shadow_wsp=70001FE4 master_wfp=70001FE4 ret=70166E20 depth=1
redirect seq=001639 caller=QUEST2 WRTN  DIST                 area_wfp=74003964 ret_pc=70168732 real_wsp=70001FD0 (was 74003950) shadow_wsp=70001FD0 master_wfp=70001FE4 depth=0
redirect seq=001641 caller=QUEST2 WSAVS DIST                 pc=70168717 area_wfp=74003964 argc=4 frame=0 real_wsp=70001FDA shadow_wsp=70001FE4 master_wfp=70001FE4 ret=70166E20 depth=1
redirect seq=001643 caller=QUEST2 WRTN  DIST                 area_wfp=74003964 ret_pc=70168732 real_wsp=70001FD0 (was 74003950) shadow_wsp=70001FD0 master_wfp=70001FE4 depth=0
redirect seq=001648 caller=QUEST2 WSAVS DIST                 pc=70168717 area_wfp=74003964 argc=4 frame=0 real_wsp=70001FDA shadow_wsp=70001FE4 master_wfp=70001FE4 ret=70166E20 depth=1
redirect seq=001650 caller=QUEST2 WRTN  DIST                 area_wfp=74003964 ret_pc=70168732 real_wsp=70001FD0 (was 74003950) shadow_wsp=70001FD0 master_wfp=70001FE4 depth=0
redirect seq=001652 caller=QUEST2 WSAVS DIST                 pc=70168717 area_wfp=74003964 argc=4 frame=0 real_wsp=70001FDA shadow_wsp=70001FE4 master_wfp=70001FE4 ret=70166E20 depth=1
redirect seq=001654 caller=QUEST2 WRTN  DIST                 area_wfp=74003964 ret_pc=70168732 real_wsp=70001FD0 (was 74003950) shadow_wsp=70001FD0 master_wfp=70001FE4 depth=0
redirect seq=001656 caller=QUEST2 WSAVS DIST                 pc=70168717 area_wfp=74003964 argc=4 frame=0 real_wsp=70001FDA shadow_wsp=70001FE4 master_wfp=70001FE4 ret=70166E20 depth=1
redirect seq=001658 caller=QUEST2 WRTN  DIST                 area_wfp=74003964 ret_pc=70168732 real_wsp=70001FD0 (was 74003950) shadow_wsp=70001FD0 master_wfp=70001FE4 depth=0
redirect seq=001663 caller=QUEST2 WSAVS DIST                 pc=70168717 area_wfp=74003964 argc=4 frame=0 real_wsp=70001FDA shadow_wsp=70001FE4 master_wfp=70001FE4 ret=70166E20 depth=1
redirect seq=001665 caller=QUEST2 WRTN  DIST                 area_wfp=74003964 ret_pc=70168732 real_wsp=70001FD0 (was 74003950) shadow_wsp=70001FD0 master_wfp=70001FE4 depth=0
redirect seq=001667 caller=QUEST2 WSAVS DIST                 pc=70168717 area_wfp=74003964 argc=4 frame=0 real_wsp=70001FDA shadow_wsp=70001FE4 master_wfp=70001FE4 ret=70166E20 depth=1
redirect seq=001669 caller=QUEST2 WRTN  DIST                 area_wfp=74003964 ret_pc=70168732 real_wsp=70001FD0 (was 74003950) shadow_wsp=70001FD0 master_wfp=70001FE4 depth=0
redirect seq=001671 caller=QUEST2 WSAVS DIST                 pc=70168717 area_wfp=74003964 argc=4 frame=0 real_wsp=70001FDA shadow_wsp=70001FE4 master_wfp=70001FE4 ret=70166E20 depth=1
redirect seq=001673 caller=QUEST2 WRTN  DIST                 area_wfp=74003964 ret_pc=70168732 real_wsp=70001FD0 (was 74003950) shadow_wsp=70001FD0 master_wfp=70001FE4 depth=0
redirect seq=001678 caller=QUEST2 WSAVS DIST                 pc=70168717 area_wfp=74003964 argc=4 frame=0 real_wsp=70001FDA shadow_wsp=70001FE4 master_wfp=70001FE4 ret=70166E20 depth=1
redirect seq=001680 caller=QUEST2 WRTN  DIST                 area_wfp=74003964 ret_pc=70168732 real_wsp=70001FD0 (was 74003950) shadow_wsp=70001FD0 master_wfp=70001FE4 depth=0
redirect seq=001682 caller=QUEST2 WSAVS DIST                 pc=70168717 area_wfp=74003964 argc=4 frame=0 real_wsp=70001FDA shadow_wsp=70001FE4 master_wfp=70001FE4 ret=70166E20 depth=1
redirect seq=001684 caller=QUEST2 WRTN  DIST                 area_wfp=74003964 ret_pc=70168732 real_wsp=70001FD0 (was 74003950) shadow_wsp=70001FD0 master_wfp=70001FE4 depth=0
redirect seq=001686 caller=QUEST2 WSAVS DIST                 pc=70168717 area_wfp=74003964 argc=4 frame=0 real_wsp=70001FDA shadow_wsp=70001FE4 master_wfp=70001FE4 ret=70166E20 depth=1
redirect seq=001688 caller=QUEST2 WRTN  DIST                 area_wfp=74003964 ret_pc=70168732 real_wsp=70001FD0 (was 74003950) shadow_wsp=70001FD0 master_wfp=70001FE4 depth=0
redirect seq=001693 caller=QUEST2 WSAVS DIST                 pc=70168717 area_wfp=74003964 argc=4 frame=0 real_wsp=70001FDA shadow_wsp=70001FE4 master_wfp=70001FE4 ret=70166E20 depth=1
redirect seq=001695 caller=QUEST2 WRTN  DIST                 area_wfp=74003964 ret_pc=70168732 real_wsp=70001FD0 (was 74003950) shadow_wsp=70001FD0 master_wfp=70001FE4 depth=0
redirect seq=001697 caller=QUEST2 WSAVS DIST                 pc=70168717 area_wfp=74003964 argc=4 frame=0 real_wsp=70001FDA shadow_wsp=70001FE4 master_wfp=70001FE4 ret=70166E20 depth=1
redirect seq=001699 caller=QUEST2 WRTN  DIST                 area_wfp=74003964 ret_pc=70168732 real_wsp=70001FD0 (was 74003950) shadow_wsp=70001FD0 master_wfp=70001FE4 depth=0
redirect seq=001701 caller=QUEST2 WSAVS DIST                 pc=70168717 area_wfp=74003964 argc=4 frame=0 real_wsp=70001FDA shadow_wsp=70001FE4 master_wfp=70001FE4 ret=70166E20 depth=1
redirect seq=001703 caller=QUEST2 WRTN  DIST                 area_wfp=74003964 ret_pc=70168732 real_wsp=70001FD0 (was 74003950) shadow_wsp=70001FD0 master_wfp=70001FE4 depth=0
redirect seq=001707 caller=QUEST2 WSAVS DIST                 pc=70168717 area_wfp=74003964 argc=4 frame=0 real_wsp=70001FDA shadow_wsp=70001FE4 master_wfp=70001FE4 ret=70166E20 depth=1
redirect seq=001709 caller=QUEST2 WRTN  DIST                 area_wfp=74003964 ret_pc=70168732 real_wsp=70001FD0 (was 74003950) shadow_wsp=70001FD0 master_wfp=70001FE4 depth=0
redirect seq=001711 caller=QUEST2 WSAVS DIST                 pc=70168717 area_wfp=74003964 argc=4 frame=0 real_wsp=70001FDA shadow_wsp=70001FE4 master_wfp=70001FE4 ret=70166E20 depth=1
redirect seq=001714 caller=QUEST2 WRTN  DIST                 area_wfp=74003964 ret_pc=70168732 real_wsp=70001FD0 (was 74003950) shadow_wsp=70001FD0 master_wfp=70001FE4 depth=0
redirect seq=001716 caller=QUEST2 WSAVS DIST                 pc=70168717 area_wfp=74003964 argc=4 frame=0 real_wsp=70001FDA shadow_wsp=70001FE4 master_wfp=70001FE4 ret=70166E20 depth=1
redirect seq=001718 caller=QUEST2 WRTN  DIST                 area_wfp=74003964 ret_pc=70168732 real_wsp=70001FD0 (was 74003950) shadow_wsp=70001FD0 master_wfp=70001FE4 depth=0
redirect seq=001723 caller=QUEST2 WSAVS DIST                 pc=70168717 area_wfp=74003964 argc=4 frame=0 real_wsp=70001FDA shadow_wsp=70001FE4 master_wfp=70001FE4 ret=70166E20 depth=1
redirect seq=001725 caller=QUEST2 WRTN  DIST                 area_wfp=74003964 ret_pc=70168732 real_wsp=70001FD0 (was 74003950) shadow_wsp=70001FD0 master_wfp=70001FE4 depth=0
redirect seq=001727 caller=QUEST2 WSAVS DIST                 pc=70168717 area_wfp=74003964 argc=4 frame=0 real_wsp=70001FDA shadow_wsp=70001FE4 master_wfp=70001FE4 ret=70166E20 depth=1
redirect seq=001729 caller=QUEST2 WRTN  DIST                 area_wfp=74003964 ret_pc=70168732 real_wsp=70001FD0 (was 74003950) shadow_wsp=70001FD0 master_wfp=70001FE4 depth=0
redirect seq=001731 caller=QUEST2 WSAVS DIST                 pc=70168717 area_wfp=74003964 argc=4 frame=0 real_wsp=70001FDA shadow_wsp=70001FE4 master_wfp=70001FE4 ret=70166E20 depth=1
redirect seq=001733 caller=QUEST2 WRTN  DIST                 area_wfp=74003964 ret_pc=70168732 real_wsp=70001FD0 (was 74003950) shadow_wsp=70001FD0 master_wfp=70001FE4 depth=0
redirect seq=001736 caller=QUEST2 WSAVS DIST                 pc=70168717 area_wfp=74003964 argc=4 frame=0 real_wsp=70001FDA shadow_wsp=70001FE4 master_wfp=70001FE4 ret=70166E20 depth=1
redirect seq=001738 caller=QUEST2 WRTN  DIST                 area_wfp=74003964 ret_pc=70168732 real_wsp=70001FD0 (was 74003950) shadow_wsp=70001FD0 master_wfp=70001FE4 depth=0
redirect seq=001742 caller=QUEST2 WSAVS DIST                 pc=70168717 area_wfp=74003964 argc=4 frame=0 real_wsp=70001FDA shadow_wsp=70001FE4 master_wfp=70001FE4 ret=70166E20 depth=1
redirect seq=001744 caller=QUEST2 WRTN  DIST                 area_wfp=74003964 ret_pc=70168732 real_wsp=70001FD0 (was 74003950) shadow_wsp=70001FD0 master_wfp=70001FE4 depth=0
redirect seq=001746 caller=QUEST2 WSAVS DIST                 pc=70168717 area_wfp=74003964 argc=4 frame=0 real_wsp=70001FDA shadow_wsp=70001FE4 master_wfp=70001FE4 ret=70166E20 depth=1
redirect seq=001748 caller=QUEST2 WRTN  DIST                 area_wfp=74003964 ret_pc=70168732 real_wsp=70001FD0 (was 74003950) shadow_wsp=70001FD0 master_wfp=70001FE4 depth=0
redirect seq=001753 caller=QUEST2 WSAVS DIST                 pc=70168717 area_wfp=74003964 argc=4 frame=0 real_wsp=70001FDA shadow_wsp=70001FE4 master_wfp=70001FE4 ret=70166E20 depth=1
redirect seq=001755 caller=QUEST2 WRTN  DIST                 area_wfp=74003964 ret_pc=70168732 real_wsp=70001FD0 (was 74003950) shadow_wsp=70001FD0 master_wfp=70001FE4 depth=0
redirect seq=001757 caller=QUEST2 WSAVS DIST                 pc=70168717 area_wfp=74003964 argc=4 frame=0 real_wsp=70001FDA shadow_wsp=70001FE4 master_wfp=70001FE4 ret=70166E20 depth=1
redirect seq=001759 caller=QUEST2 WRTN  DIST                 area_wfp=74003964 ret_pc=70168732 real_wsp=70001FD0 (was 74003950) shadow_wsp=70001FD0 master_wfp=70001FE4 depth=0
redirect seq=001761 caller=QUEST2 WSAVS DIST                 pc=70168717 area_wfp=74003964 argc=4 frame=0 real_wsp=70001FDA shadow_wsp=70001FE4 master_wfp=70001FE4 ret=70166E20 depth=1
redirect seq=001763 caller=QUEST2 WRTN  DIST                 area_wfp=74003964 ret_pc=70168732 real_wsp=70001FD0 (was 74003950) shadow_wsp=70001FD0 master_wfp=70001FE4 depth=0
redirect seq=001768 caller=QUEST2 WSAVS DIST                 pc=70168717 area_wfp=74003964 argc=4 frame=0 real_wsp=70001FDA shadow_wsp=70001FE4 master_wfp=70001FE4 ret=70166E20 depth=1
redirect seq=001770 caller=QUEST2 WRTN  DIST                 area_wfp=74003964 ret_pc=70168732 real_wsp=70001FD0 (was 74003950) shadow_wsp=70001FD0 master_wfp=70001FE4 depth=0
redirect seq=001772 caller=QUEST2 WSAVS DIST                 pc=70168717 area_wfp=74003964 argc=4 frame=0 real_wsp=70001FDA shadow_wsp=70001FE4 master_wfp=70001FE4 ret=70166E20 depth=1
redirect seq=001774 caller=QUEST2 WRTN  DIST                 area_wfp=74003964 ret_pc=70168732 real_wsp=70001FD0 (was 74003950) shadow_wsp=70001FD0 master_wfp=70001FE4 depth=0
redirect seq=001776 caller=QUEST2 WSAVS DIST                 pc=70168717 area_wfp=74003964 argc=4 frame=0 real_wsp=70001FDA shadow_wsp=70001FE4 master_wfp=70001FE4 ret=70166E20 depth=1
redirect seq=001778 caller=QUEST2 WRTN  DIST                 area_wfp=74003964 ret_pc=70168732 real_wsp=70001FD0 (was 74003950) shadow_wsp=70001FD0 master_wfp=70001FE4 depth=0
redirect seq=001783 caller=QUEST2 WSAVS DIST                 pc=70168717 area_wfp=74003964 argc=4 frame=0 real_wsp=70001FDA shadow_wsp=70001FE4 master_wfp=70001FE4 ret=70166E20 depth=1
redirect seq=001785 caller=QUEST2 WRTN  DIST                 area_wfp=74003964 ret_pc=70168732 real_wsp=70001FD0 (was 74003950) shadow_wsp=70001FD0 master_wfp=70001FE4 depth=0
redirect seq=001787 caller=QUEST2 WSAVS DIST                 pc=70168717 area_wfp=74003964 argc=4 frame=0 real_wsp=70001FDA shadow_wsp=70001FE4 master_wfp=70001FE4 ret=70166E20 depth=1
redirect seq=001789 caller=QUEST2 WRTN  DIST                 area_wfp=74003964 ret_pc=70168732 real_wsp=70001FD0 (was 74003950) shadow_wsp=70001FD0 master_wfp=70001FE4 depth=0
redirect seq=001791 caller=QUEST2 WSAVS DIST                 pc=70168717 area_wfp=74003964 argc=4 frame=0 real_wsp=70001FDA shadow_wsp=70001FE4 master_wfp=70001FE4 ret=70166E20 depth=1
redirect seq=001793 caller=QUEST2 WRTN  DIST                 area_wfp=74003964 ret_pc=70168732 real_wsp=70001FD0 (was 74003950) shadow_wsp=70001FD0 master_wfp=70001FE4 depth=0
redirect seq=001798 caller=QUEST2 WSAVS DIST                 pc=70168717 area_wfp=74003964 argc=4 frame=0 real_wsp=70001FDA shadow_wsp=70001FE4 master_wfp=70001FE4 ret=70166E20 depth=1
redirect seq=001800 caller=QUEST2 WRTN  DIST                 area_wfp=74003964 ret_pc=70168732 real_wsp=70001FD0 (was 74003950) shadow_wsp=70001FD0 master_wfp=70001FE4 depth=0
redirect seq=001802 caller=QUEST2 WSAVS DIST                 pc=70168717 area_wfp=74003964 argc=4 frame=0 real_wsp=70001FDA shadow_wsp=70001FE4 master_wfp=70001FE4 ret=70166E20 depth=1
redirect seq=001804 caller=QUEST2 WRTN  DIST                 area_wfp=74003964 ret_pc=70168732 real_wsp=70001FD0 (was 74003950) shadow_wsp=70001FD0 master_wfp=70001FE4 depth=0
redirect seq=001806 caller=QUEST2 WSAVS DIST                 pc=70168717 area_wfp=74003964 argc=4 frame=0 real_wsp=70001FDA shadow_wsp=70001FE4 master_wfp=70001FE4 ret=70166E20 depth=1
redirect seq=001808 caller=QUEST2 WRTN  DIST                 area_wfp=74003964 ret_pc=70168732 real_wsp=70001FD0 (was 74003950) shadow_wsp=70001FD0 master_wfp=70001FE4 depth=0
redirect seq=001812 caller=QUEST2 WSAVS DIST                 pc=70168717 area_wfp=74003964 argc=4 frame=0 real_wsp=70001FDA shadow_wsp=70001FE4 master_wfp=70001FE4 ret=70166E20 depth=1
redirect seq=001814 caller=QUEST2 WRTN  DIST                 area_wfp=74003964 ret_pc=70168732 real_wsp=70001FD0 (was 74003950) shadow_wsp=70001FD0 master_wfp=70001FE4 depth=0
redirect seq=001816 caller=QUEST2 WSAVS DIST                 pc=70168717 area_wfp=74003964 argc=4 frame=0 real_wsp=70001FDA shadow_wsp=70001FE4 master_wfp=70001FE4 ret=70166E20 depth=1
redirect seq=001819 caller=QUEST2 WRTN  DIST                 area_wfp=74003964 ret_pc=70168732 real_wsp=70001FD0 (was 74003950) shadow_wsp=70001FD0 master_wfp=70001FE4 depth=0
redirect seq=001821 caller=QUEST2 WSAVS DIST                 pc=70168717 area_wfp=74003964 argc=4 frame=0 real_wsp=70001FDA shadow_wsp=70001FE4 master_wfp=70001FE4 ret=70166E20 depth=1
redirect seq=001823 caller=QUEST2 WRTN  DIST                 area_wfp=74003964 ret_pc=70168732 real_wsp=70001FD0 (was 74003950) shadow_wsp=70001FD0 master_wfp=70001FE4 depth=0
redirect seq=001828 caller=QUEST2 WSAVS DIST                 pc=70168717 area_wfp=74003964 argc=4 frame=0 real_wsp=70001FDA shadow_wsp=70001FE4 master_wfp=70001FE4 ret=70166E20 depth=1
redirect seq=001830 caller=QUEST2 WRTN  DIST                 area_wfp=74003964 ret_pc=70168732 real_wsp=70001FD0 (was 74003950) shadow_wsp=70001FD0 master_wfp=70001FE4 depth=0
redirect seq=001832 caller=QUEST2 WSAVS DIST                 pc=70168717 area_wfp=74003964 argc=4 frame=0 real_wsp=70001FDA shadow_wsp=70001FE4 master_wfp=70001FE4 ret=70166E20 depth=1
redirect seq=001834 caller=QUEST2 WRTN  DIST                 area_wfp=74003964 ret_pc=70168732 real_wsp=70001FD0 (was 74003950) shadow_wsp=70001FD0 master_wfp=70001FE4 depth=0
redirect seq=001836 caller=QUEST2 WSAVS DIST                 pc=70168717 area_wfp=74003964 argc=4 frame=0 real_wsp=70001FDA shadow_wsp=70001FE4 master_wfp=70001FE4 ret=70166E20 depth=1
redirect seq=001838 caller=QUEST2 WRTN  DIST                 area_wfp=74003964 ret_pc=70168732 real_wsp=70001FD0 (was 74003950) shadow_wsp=70001FD0 master_wfp=70001FE4 depth=0
redirect seq=001842 caller=QUEST2 WSAVS DIST                 pc=70168717 area_wfp=74003964 argc=4 frame=0 real_wsp=70001FDA shadow_wsp=70001FE4 master_wfp=70001FE4 ret=70166E20 depth=1
redirect seq=001844 caller=QUEST2 WRTN  DIST                 area_wfp=74003964 ret_pc=70168732 real_wsp=70001FD0 (was 74003950) shadow_wsp=70001FD0 master_wfp=70001FE4 depth=0
redirect seq=001846 caller=QUEST2 WSAVS DIST                 pc=70168717 area_wfp=74003964 argc=4 frame=0 real_wsp=70001FDA shadow_wsp=70001FE4 master_wfp=70001FE4 ret=70166E20 depth=1
redirect seq=001849 caller=QUEST2 WRTN  DIST                 area_wfp=74003964 ret_pc=70168732 real_wsp=70001FD0 (was 74003950) shadow_wsp=70001FD0 master_wfp=70001FE4 depth=0
redirect seq=001851 caller=QUEST2 WSAVS DIST                 pc=70168717 area_wfp=74003964 argc=4 frame=0 real_wsp=70001FDA shadow_wsp=70001FE4 master_wfp=70001FE4 ret=70166E20 depth=1
redirect seq=001853 caller=QUEST2 WRTN  DIST                 area_wfp=74003964 ret_pc=70168732 real_wsp=70001FD0 (was 74003950) shadow_wsp=70001FD0 master_wfp=70001FE4 depth=0
redirect seq=001858 caller=QUEST2 WSAVS DIST                 pc=70168717 area_wfp=74003964 argc=4 frame=0 real_wsp=70001FDA shadow_wsp=70001FE4 master_wfp=70001FE4 ret=70166E20 depth=1
redirect seq=001860 caller=QUEST2 WRTN  DIST                 area_wfp=74003964 ret_pc=70168732 real_wsp=70001FD0 (was 74003950) shadow_wsp=70001FD0 master_wfp=70001FE4 depth=0
redirect seq=001862 caller=QUEST2 WSAVS DIST                 pc=70168717 area_wfp=74003964 argc=4 frame=0 real_wsp=70001FDA shadow_wsp=70001FE4 master_wfp=70001FE4 ret=70166E20 depth=1
redirect seq=001864 caller=QUEST2 WRTN  DIST                 area_wfp=74003964 ret_pc=70168732 real_wsp=70001FD0 (was 74003950) shadow_wsp=70001FD0 master_wfp=70001FE4 depth=0
redirect seq=001866 caller=QUEST2 WSAVS DIST                 pc=70168717 area_wfp=74003964 argc=4 frame=0 real_wsp=70001FDA shadow_wsp=70001FE4 master_wfp=70001FE4 ret=70166E20 depth=1
redirect seq=001868 caller=QUEST2 WRTN  DIST                 area_wfp=74003964 ret_pc=70168732 real_wsp=70001FD0 (was 74003950) shadow_wsp=70001FD0 master_wfp=70001FE4 depth=0
redirect seq=001872 caller=QUEST2 WSAVS DIST                 pc=70168717 area_wfp=74003964 argc=4 frame=0 real_wsp=70001FDA shadow_wsp=70001FE4 master_wfp=70001FE4 ret=70166E20 depth=1
redirect seq=001874 caller=QUEST2 WRTN  DIST                 area_wfp=74003964 ret_pc=70168732 real_wsp=70001FD0 (was 74003950) shadow_wsp=70001FD0 master_wfp=70001FE4 depth=0
redirect seq=001876 caller=QUEST2 WSAVS DIST                 pc=70168717 area_wfp=74003964 argc=4 frame=0 real_wsp=70001FDA shadow_wsp=70001FE4 master_wfp=70001FE4 ret=70166E20 depth=1
redirect seq=001879 caller=QUEST2 WRTN  DIST                 area_wfp=74003964 ret_pc=70168732 real_wsp=70001FD0 (was 74003950) shadow_wsp=70001FD0 master_wfp=70001FE4 depth=0
redirect seq=001881 caller=QUEST2 WSAVS DIST                 pc=70168717 area_wfp=74003964 argc=4 frame=0 real_wsp=70001FDA shadow_wsp=70001FE4 master_wfp=70001FE4 ret=70166E20 depth=1
redirect seq=001883 caller=QUEST2 WRTN  DIST                 area_wfp=74003964 ret_pc=70168732 real_wsp=70001FD0 (was 74003950) shadow_wsp=70001FD0 master_wfp=70001FE4 depth=0
redirect seq=001888 caller=QUEST2 WSAVS DIST                 pc=70168717 area_wfp=74003964 argc=4 frame=0 real_wsp=70001FDA shadow_wsp=70001FE4 master_wfp=70001FE4 ret=70166E20 depth=1
redirect seq=001890 caller=QUEST2 WRTN  DIST                 area_wfp=74003964 ret_pc=70168732 real_wsp=70001FD0 (was 74003950) shadow_wsp=70001FD0 master_wfp=70001FE4 depth=0
redirect seq=001892 caller=QUEST2 WSAVS DIST                 pc=70168717 area_wfp=74003964 argc=4 frame=0 real_wsp=70001FDA shadow_wsp=70001FE4 master_wfp=70001FE4 ret=70166E20 depth=1
redirect seq=001894 caller=QUEST2 WRTN  DIST                 area_wfp=74003964 ret_pc=70168732 real_wsp=70001FD0 (was 74003950) shadow_wsp=70001FD0 master_wfp=70001FE4 depth=0
redirect seq=001896 caller=QUEST2 WSAVS DIST                 pc=70168717 area_wfp=74003964 argc=4 frame=0 real_wsp=70001FDA shadow_wsp=70001FE4 master_wfp=70001FE4 ret=70166E20 depth=1
redirect seq=001898 caller=QUEST2 WRTN  DIST                 area_wfp=74003964 ret_pc=70168732 real_wsp=70001FD0 (was 74003950) shadow_wsp=70001FD0 master_wfp=70001FE4 depth=0
redirect seq=001902 caller=QUEST2 WSAVS DIST                 pc=70168717 area_wfp=74003964 argc=4 frame=0 real_wsp=70001FDA shadow_wsp=70001FE4 master_wfp=70001FE4 ret=70166E20 depth=1
redirect seq=001904 caller=QUEST2 WRTN  DIST                 area_wfp=74003964 ret_pc=70168732 real_wsp=70001FD0 (was 74003950) shadow_wsp=70001FD0 master_wfp=70001FE4 depth=0
redirect seq=001906 caller=QUEST2 WSAVS DIST                 pc=70168717 area_wfp=74003964 argc=4 frame=0 real_wsp=70001FDA shadow_wsp=70001FE4 master_wfp=70001FE4 ret=70166E20 depth=1
redirect seq=001909 caller=QUEST2 WRTN  DIST                 area_wfp=74003964 ret_pc=70168732 real_wsp=70001FD0 (was 74003950) shadow_wsp=70001FD0 master_wfp=70001FE4 depth=0
redirect seq=001911 caller=QUEST2 WSAVS DIST                 pc=70168717 area_wfp=74003964 argc=4 frame=0 real_wsp=70001FDA shadow_wsp=70001FE4 master_wfp=70001FE4 ret=70166E20 depth=1
redirect seq=001913 caller=QUEST2 WRTN  DIST                 area_wfp=74003964 ret_pc=70168732 real_wsp=70001FD0 (was 74003950) shadow_wsp=70001FD0 master_wfp=70001FE4 depth=0
redirect seq=001918 caller=QUEST2 WSAVS DIST                 pc=70168717 area_wfp=74003964 argc=4 frame=0 real_wsp=70001FDA shadow_wsp=70001FE4 master_wfp=70001FE4 ret=70166E20 depth=1
redirect seq=001920 caller=QUEST2 WRTN  DIST                 area_wfp=74003964 ret_pc=70168732 real_wsp=70001FD0 (was 74003950) shadow_wsp=70001FD0 master_wfp=70001FE4 depth=0
redirect seq=001922 caller=QUEST2 WSAVS DIST                 pc=70168717 area_wfp=74003964 argc=4 frame=0 real_wsp=70001FDA shadow_wsp=70001FE4 master_wfp=70001FE4 ret=70166E20 depth=1
redirect seq=001924 caller=QUEST2 WRTN  DIST                 area_wfp=74003964 ret_pc=70168732 real_wsp=70001FD0 (was 74003950) shadow_wsp=70001FD0 master_wfp=70001FE4 depth=0
redirect seq=001926 caller=QUEST2 WSAVS DIST                 pc=70168717 area_wfp=74003964 argc=4 frame=0 real_wsp=70001FDA shadow_wsp=70001FE4 master_wfp=70001FE4 ret=70166E20 depth=1
redirect seq=001928 caller=QUEST2 WRTN  DIST                 area_wfp=74003964 ret_pc=70168732 real_wsp=70001FD0 (was 74003950) shadow_wsp=70001FD0 master_wfp=70001FE4 depth=0
redirect seq=001932 caller=QUEST2 WSAVS DIST                 pc=70168717 area_wfp=74003964 argc=4 frame=0 real_wsp=70001FDA shadow_wsp=70001FE4 master_wfp=70001FE4 ret=70166E20 depth=1
redirect seq=001934 caller=QUEST2 WRTN  DIST                 area_wfp=74003964 ret_pc=70168732 real_wsp=70001FD0 (was 74003950) shadow_wsp=70001FD0 master_wfp=70001FE4 depth=0
redirect seq=001936 caller=QUEST2 WSAVS DIST                 pc=70168717 area_wfp=74003964 argc=4 frame=0 real_wsp=70001FDA shadow_wsp=70001FE4 master_wfp=70001FE4 ret=70166E20 depth=1
redirect seq=001939 caller=QUEST2 WRTN  DIST                 area_wfp=74003964 ret_pc=70168732 real_wsp=70001FD0 (was 74003950) shadow_wsp=70001FD0 master_wfp=70001FE4 depth=0
redirect seq=001941 caller=QUEST2 WSAVS DIST                 pc=70168717 area_wfp=74003964 argc=4 frame=0 real_wsp=70001FDA shadow_wsp=70001FE4 master_wfp=70001FE4 ret=70166E20 depth=1
redirect seq=001943 caller=QUEST2 WRTN  DIST                 area_wfp=74003964 ret_pc=70168732 real_wsp=70001FD0 (was 74003950) shadow_wsp=70001FD0 master_wfp=70001FE4 depth=0
redirect seq=001948 caller=QUEST2 WSAVS DIST                 pc=70168717 area_wfp=74003964 argc=4 frame=0 real_wsp=70001FDA shadow_wsp=70001FE4 master_wfp=70001FE4 ret=70166E20 depth=1
redirect seq=001950 caller=QUEST2 WRTN  DIST                 area_wfp=74003964 ret_pc=70168732 real_wsp=70001FD0 (was 74003950) shadow_wsp=70001FD0 master_wfp=70001FE4 depth=0
redirect seq=001952 caller=QUEST2 WSAVS DIST                 pc=70168717 area_wfp=74003964 argc=4 frame=0 real_wsp=70001FDA shadow_wsp=70001FE4 master_wfp=70001FE4 ret=70166E20 depth=1
redirect seq=001954 caller=QUEST2 WRTN  DIST                 area_wfp=74003964 ret_pc=70168732 real_wsp=70001FD0 (was 74003950) shadow_wsp=70001FD0 master_wfp=70001FE4 depth=0
redirect seq=001956 caller=QUEST2 WSAVS DIST                 pc=70168717 area_wfp=74003964 argc=4 frame=0 real_wsp=70001FDA shadow_wsp=70001FE4 master_wfp=70001FE4 ret=70166E20 depth=1
redirect seq=001958 caller=QUEST2 WRTN  DIST                 area_wfp=74003964 ret_pc=70168732 real_wsp=70001FD0 (was 74003950) shadow_wsp=70001FD0 master_wfp=70001FE4 depth=0
redirect seq=001961 caller=QUEST2 WSAVS DIST                 pc=70168717 area_wfp=74003964 argc=4 frame=0 real_wsp=70001FDA shadow_wsp=70001FE4 master_wfp=70001FE4 ret=70166E20 depth=1
redirect seq=001965 caller=QUEST2 WRTN  DIST                 area_wfp=74003964 ret_pc=70168732 real_wsp=70001FD0 (was 74003950) shadow_wsp=70001FD0 master_wfp=70001FE4 depth=0
redirect seq=001967 caller=QUEST2 WSAVS DIST                 pc=70168717 area_wfp=74003964 argc=4 frame=0 real_wsp=70001FDA shadow_wsp=70001FE4 master_wfp=70001FE4 ret=70166E20 depth=1
redirect seq=001969 caller=QUEST2 WRTN  DIST                 area_wfp=74003964 ret_pc=70168732 real_wsp=70001FD0 (was 74003950) shadow_wsp=70001FD0 master_wfp=70001FE4 depth=0
redirect seq=001971 caller=QUEST2 WSAVS DIST                 pc=70168717 area_wfp=74003964 argc=4 frame=0 real_wsp=70001FDA shadow_wsp=70001FE4 master_wfp=70001FE4 ret=70166E20 depth=1
redirect seq=001973 caller=QUEST2 WRTN  DIST                 area_wfp=74003964 ret_pc=70168732 real_wsp=70001FD0 (was 74003950) shadow_wsp=70001FD0 master_wfp=70001FE4 depth=0
redirect seq=001978 caller=QUEST2 WSAVS DIST                 pc=70168717 area_wfp=74003964 argc=4 frame=0 real_wsp=70001FDA shadow_wsp=70001FE4 master_wfp=70001FE4 ret=70166E20 depth=1
redirect seq=001980 caller=QUEST2 WRTN  DIST                 area_wfp=74003964 ret_pc=70168732 real_wsp=70001FD0 (was 74003950) shadow_wsp=70001FD0 master_wfp=70001FE4 depth=0
redirect seq=001982 caller=QUEST2 WSAVS DIST                 pc=70168717 area_wfp=74003964 argc=4 frame=0 real_wsp=70001FDA shadow_wsp=70001FE4 master_wfp=70001FE4 ret=70166E20 depth=1
redirect seq=001984 caller=QUEST2 WRTN  DIST                 area_wfp=74003964 ret_pc=70168732 real_wsp=70001FD0 (was 74003950) shadow_wsp=70001FD0 master_wfp=70001FE4 depth=0
redirect seq=001986 caller=QUEST2 WSAVS DIST                 pc=70168717 area_wfp=74003964 argc=4 frame=0 real_wsp=70001FDA shadow_wsp=70001FE4 master_wfp=70001FE4 ret=70166E20 depth=1
redirect seq=001988 caller=QUEST2 WRTN  DIST                 area_wfp=74003964 ret_pc=70168732 real_wsp=70001FD0 (was 74003950) shadow_wsp=70001FD0 master_wfp=70001FE4 depth=0
redirect seq=001993 caller=QUEST2 WSAVS DIST                 pc=70168717 area_wfp=74003964 argc=4 frame=0 real_wsp=70001FDA shadow_wsp=70001FE4 master_wfp=70001FE4 ret=70166E20 depth=1
redirect seq=001995 caller=QUEST2 WRTN  DIST                 area_wfp=74003964 ret_pc=70168732 real_wsp=70001FD0 (was 74003950) shadow_wsp=70001FD0 master_wfp=70001FE4 depth=0
redirect seq=001997 caller=QUEST2 WSAVS DIST                 pc=70168717 area_wfp=74003964 argc=4 frame=0 real_wsp=70001FDA shadow_wsp=70001FE4 master_wfp=70001FE4 ret=70166E20 depth=1
redirect seq=001999 caller=QUEST2 WRTN  DIST                 area_wfp=74003964 ret_pc=70168732 real_wsp=70001FD0 (was 74003950) shadow_wsp=70001FD0 master_wfp=70001FE4 depth=0
redirect seq=002001 caller=QUEST2 WSAVS DIST                 pc=70168717 area_wfp=74003964 argc=4 frame=0 real_wsp=70001FDA shadow_wsp=70001FE4 master_wfp=70001FE4 ret=70166E20 depth=1
redirect seq=002003 caller=QUEST2 WRTN  DIST                 area_wfp=74003964 ret_pc=70168732 real_wsp=70001FD0 (was 74003950) shadow_wsp=70001FD0 master_wfp=70001FE4 depth=0
redirect seq=002008 caller=QUEST2 WSAVS DIST                 pc=70168717 area_wfp=74003964 argc=4 frame=0 real_wsp=70001FDA shadow_wsp=70001FE4 master_wfp=70001FE4 ret=70166E20 depth=1
redirect seq=002010 caller=QUEST2 WRTN  DIST                 area_wfp=74003964 ret_pc=70168732 real_wsp=70001FD0 (was 74003950) shadow_wsp=70001FD0 master_wfp=70001FE4 depth=0
redirect seq=002012 caller=QUEST2 WSAVS DIST                 pc=70168717 area_wfp=74003964 argc=4 frame=0 real_wsp=70001FDA shadow_wsp=70001FE4 master_wfp=70001FE4 ret=70166E20 depth=1
redirect seq=002014 caller=QUEST2 WRTN  DIST                 area_wfp=74003964 ret_pc=70168732 real_wsp=70001FD0 (was 74003950) shadow_wsp=70001FD0 master_wfp=70001FE4 depth=0
redirect seq=002016 caller=QUEST2 WSAVS DIST                 pc=70168717 area_wfp=74003964 argc=4 frame=0 real_wsp=70001FDA shadow_wsp=70001FE4 master_wfp=70001FE4 ret=70166E20 depth=1
redirect seq=002018 caller=QUEST2 WRTN  DIST                 area_wfp=74003964 ret_pc=70168732 real_wsp=70001FD0 (was 74003950) shadow_wsp=70001FD0 master_wfp=70001FE4 depth=0
redirect seq=002023 caller=QUEST2 WSAVS DIST                 pc=70168717 area_wfp=74003964 argc=4 frame=0 real_wsp=70001FDA shadow_wsp=70001FE4 master_wfp=70001FE4 ret=70166E20 depth=1
redirect seq=002025 caller=QUEST2 WRTN  DIST                 area_wfp=74003964 ret_pc=70168732 real_wsp=70001FD0 (was 74003950) shadow_wsp=70001FD0 master_wfp=70001FE4 depth=0
redirect seq=002027 caller=QUEST2 WSAVS DIST                 pc=70168717 area_wfp=74003964 argc=4 frame=0 real_wsp=70001FDA shadow_wsp=70001FE4 master_wfp=70001FE4 ret=70166E20 depth=1
redirect seq=002029 caller=QUEST2 WRTN  DIST                 area_wfp=74003964 ret_pc=70168732 real_wsp=70001FD0 (was 74003950) shadow_wsp=70001FD0 master_wfp=70001FE4 depth=0
redirect seq=002031 caller=QUEST2 WSAVS DIST                 pc=70168717 area_wfp=74003964 argc=4 frame=0 real_wsp=70001FDA shadow_wsp=70001FE4 master_wfp=70001FE4 ret=70166E20 depth=1
redirect seq=002033 caller=QUEST2 WRTN  DIST                 area_wfp=74003964 ret_pc=70168732 real_wsp=70001FD0 (was 74003950) shadow_wsp=70001FD0 master_wfp=70001FE4 depth=0
redirect seq=002036 caller=QUEST2 WSAVS DIST                 pc=70168717 area_wfp=74003964 argc=4 frame=0 real_wsp=70001FDA shadow_wsp=70001FE4 master_wfp=70001FE4 ret=70166E20 depth=1
redirect seq=002040 caller=QUEST2 WRTN  DIST                 area_wfp=74003964 ret_pc=70168732 real_wsp=70001FD0 (was 74003950) shadow_wsp=70001FD0 master_wfp=70001FE4 depth=0
redirect seq=002042 caller=QUEST2 WSAVS DIST                 pc=70168717 area_wfp=74003964 argc=4 frame=0 real_wsp=70001FDA shadow_wsp=70001FE4 master_wfp=70001FE4 ret=70166E20 depth=1
redirect seq=002044 caller=QUEST2 WRTN  DIST                 area_wfp=74003964 ret_pc=70168732 real_wsp=70001FD0 (was 74003950) shadow_wsp=70001FD0 master_wfp=70001FE4 depth=0
redirect seq=002046 caller=QUEST2 WSAVS DIST                 pc=70168717 area_wfp=74003964 argc=4 frame=0 real_wsp=70001FDA shadow_wsp=70001FE4 master_wfp=70001FE4 ret=70166E20 depth=1
redirect seq=002048 caller=QUEST2 WRTN  DIST                 area_wfp=74003964 ret_pc=70168732 real_wsp=70001FD0 (was 74003950) shadow_wsp=70001FD0 master_wfp=70001FE4 depth=0
redirect seq=002053 caller=QUEST2 WSAVS DIST                 pc=70168717 area_wfp=74003964 argc=4 frame=0 real_wsp=70001FDA shadow_wsp=70001FE4 master_wfp=70001FE4 ret=70166E20 depth=1
redirect seq=002055 caller=QUEST2 WRTN  DIST                 area_wfp=74003964 ret_pc=70168732 real_wsp=70001FD0 (was 74003950) shadow_wsp=70001FD0 master_wfp=70001FE4 depth=0
redirect seq=002057 caller=QUEST2 WSAVS DIST                 pc=70168717 area_wfp=74003964 argc=4 frame=0 real_wsp=70001FDA shadow_wsp=70001FE4 master_wfp=70001FE4 ret=70166E20 depth=1
redirect seq=002059 caller=QUEST2 WRTN  DIST                 area_wfp=74003964 ret_pc=70168732 real_wsp=70001FD0 (was 74003950) shadow_wsp=70001FD0 master_wfp=70001FE4 depth=0
redirect seq=002061 caller=QUEST2 WSAVS DIST                 pc=70168717 area_wfp=74003964 argc=4 frame=0 real_wsp=70001FDA shadow_wsp=70001FE4 master_wfp=70001FE4 ret=70166E20 depth=1
redirect seq=002063 caller=QUEST2 WRTN  DIST                 area_wfp=74003964 ret_pc=70168732 real_wsp=70001FD0 (was 74003950) shadow_wsp=70001FD0 master_wfp=70001FE4 depth=0
redirect seq=002068 caller=QUEST2 WSAVS DIST                 pc=70168717 area_wfp=74003964 argc=4 frame=0 real_wsp=70001FDA shadow_wsp=70001FE4 master_wfp=70001FE4 ret=70166E20 depth=1
redirect seq=002070 caller=QUEST2 WRTN  DIST                 area_wfp=74003964 ret_pc=70168732 real_wsp=70001FD0 (was 74003950) shadow_wsp=70001FD0 master_wfp=70001FE4 depth=0
redirect seq=002072 caller=QUEST2 WSAVS DIST                 pc=70168717 area_wfp=74003964 argc=4 frame=0 real_wsp=70001FDA shadow_wsp=70001FE4 master_wfp=70001FE4 ret=70166E20 depth=1
redirect seq=002074 caller=QUEST2 WRTN  DIST                 area_wfp=74003964 ret_pc=70168732 real_wsp=70001FD0 (was 74003950) shadow_wsp=70001FD0 master_wfp=70001FE4 depth=0
redirect seq=002076 caller=QUEST2 WSAVS DIST                 pc=70168717 area_wfp=74003964 argc=4 frame=0 real_wsp=70001FDA shadow_wsp=70001FE4 master_wfp=70001FE4 ret=70166E20 depth=1
redirect seq=002078 caller=QUEST2 WRTN  DIST                 area_wfp=74003964 ret_pc=70168732 real_wsp=70001FD0 (was 74003950) shadow_wsp=70001FD0 master_wfp=70001FE4 depth=0
redirect seq=002081 caller=QUEST2 WSAVS DIST                 pc=70168717 area_wfp=74003964 argc=4 frame=0 real_wsp=70001FDA shadow_wsp=70001FE4 master_wfp=70001FE4 ret=70166E20 depth=1
redirect seq=002083 caller=QUEST2 WRTN  DIST                 area_wfp=74003964 ret_pc=70168732 real_wsp=70001FD0 (was 74003950) shadow_wsp=70001FD0 master_wfp=70001FE4 depth=0
redirect seq=002087 caller=QUEST2 WSAVS DIST                 pc=70168717 area_wfp=74003964 argc=4 frame=0 real_wsp=70001FDA shadow_wsp=70001FE4 master_wfp=70001FE4 ret=70166E20 depth=1
redirect seq=002089 caller=QUEST2 WRTN  DIST                 area_wfp=74003964 ret_pc=70168732 real_wsp=70001FD0 (was 74003950) shadow_wsp=70001FD0 master_wfp=70001FE4 depth=0
redirect seq=002091 caller=QUEST2 WSAVS DIST                 pc=70168717 area_wfp=74003964 argc=4 frame=0 real_wsp=70001FDA shadow_wsp=70001FE4 master_wfp=70001FE4 ret=70166E20 depth=1
redirect seq=002093 caller=QUEST2 WRTN  DIST                 area_wfp=74003964 ret_pc=70168732 real_wsp=70001FD0 (was 74003950) shadow_wsp=70001FD0 master_wfp=70001FE4 depth=0
redirect seq=002098 caller=QUEST2 WSAVS DIST                 pc=70168717 area_wfp=74003964 argc=4 frame=0 real_wsp=70001FDA shadow_wsp=70001FE4 master_wfp=70001FE4 ret=70166E20 depth=1
redirect seq=002100 caller=QUEST2 WRTN  DIST                 area_wfp=74003964 ret_pc=70168732 real_wsp=70001FD0 (was 74003950) shadow_wsp=70001FD0 master_wfp=70001FE4 depth=0
redirect seq=002102 caller=QUEST2 WSAVS DIST                 pc=70168717 area_wfp=74003964 argc=4 frame=0 real_wsp=70001FDA shadow_wsp=70001FE4 master_wfp=70001FE4 ret=70166E20 depth=1
redirect seq=002104 caller=QUEST2 WRTN  DIST                 area_wfp=74003964 ret_pc=70168732 real_wsp=70001FD0 (was 74003950) shadow_wsp=70001FD0 master_wfp=70001FE4 depth=0
redirect seq=002106 caller=QUEST2 WSAVS DIST                 pc=70168717 area_wfp=74003964 argc=4 frame=0 real_wsp=70001FDA shadow_wsp=70001FE4 master_wfp=70001FE4 ret=70166E20 depth=1
redirect seq=002108 caller=QUEST2 WRTN  DIST                 area_wfp=74003964 ret_pc=70168732 real_wsp=70001FD0 (was 74003950) shadow_wsp=70001FD0 master_wfp=70001FE4 depth=0
redirect seq=002111 caller=QUEST2 WSAVS DIST                 pc=70168717 area_wfp=74003964 argc=4 frame=0 real_wsp=70001FDA shadow_wsp=70001FE4 master_wfp=70001FE4 ret=70166E20 depth=1
redirect seq=002113 caller=QUEST2 WRTN  DIST                 area_wfp=74003964 ret_pc=70168732 real_wsp=70001FD0 (was 74003950) shadow_wsp=70001FD0 master_wfp=70001FE4 depth=0
redirect seq=002117 caller=QUEST2 WSAVS DIST                 pc=70168717 area_wfp=74003964 argc=4 frame=0 real_wsp=70001FDA shadow_wsp=70001FE4 master_wfp=70001FE4 ret=70166E20 depth=1
redirect seq=002119 caller=QUEST2 WRTN  DIST                 area_wfp=74003964 ret_pc=70168732 real_wsp=70001FD0 (was 74003950) shadow_wsp=70001FD0 master_wfp=70001FE4 depth=0
redirect seq=002121 caller=QUEST2 WSAVS DIST                 pc=70168717 area_wfp=74003964 argc=4 frame=0 real_wsp=70001FDA shadow_wsp=70001FE4 master_wfp=70001FE4 ret=70166E20 depth=1
redirect seq=002123 caller=QUEST2 WRTN  DIST                 area_wfp=74003964 ret_pc=70168732 real_wsp=70001FD0 (was 74003950) shadow_wsp=70001FD0 master_wfp=70001FE4 depth=0
redirect seq=002128 caller=QUEST2 WSAVS DIST                 pc=70168717 area_wfp=74003964 argc=4 frame=0 real_wsp=70001FDA shadow_wsp=70001FE4 master_wfp=70001FE4 ret=70166E20 depth=1
redirect seq=002130 caller=QUEST2 WRTN  DIST                 area_wfp=74003964 ret_pc=70168732 real_wsp=70001FD0 (was 74003950) shadow_wsp=70001FD0 master_wfp=70001FE4 depth=0
redirect seq=002132 caller=QUEST2 WSAVS DIST                 pc=70168717 area_wfp=74003964 argc=4 frame=0 real_wsp=70001FDA shadow_wsp=70001FE4 master_wfp=70001FE4 ret=70166E20 depth=1
redirect seq=002134 caller=QUEST2 WRTN  DIST                 area_wfp=74003964 ret_pc=70168732 real_wsp=70001FD0 (was 74003950) shadow_wsp=70001FD0 master_wfp=70001FE4 depth=0
redirect seq=002136 caller=QUEST2 WSAVS DIST                 pc=70168717 area_wfp=74003964 argc=4 frame=0 real_wsp=70001FDA shadow_wsp=70001FE4 master_wfp=70001FE4 ret=70166E20 depth=1
redirect seq=002138 caller=QUEST2 WRTN  DIST                 area_wfp=74003964 ret_pc=70168732 real_wsp=70001FD0 (was 74003950) shadow_wsp=70001FD0 master_wfp=70001FE4 depth=0
redirect seq=002143 caller=QUEST2 WSAVS DIST                 pc=70168717 area_wfp=74003964 argc=4 frame=0 real_wsp=70001FDA shadow_wsp=70001FE4 master_wfp=70001FE4 ret=70166E20 depth=1
redirect seq=002145 caller=QUEST2 WRTN  DIST                 area_wfp=74003964 ret_pc=70168732 real_wsp=70001FD0 (was 74003950) shadow_wsp=70001FD0 master_wfp=70001FE4 depth=0
redirect seq=002147 caller=QUEST2 WSAVS DIST                 pc=70168717 area_wfp=74003964 argc=4 frame=0 real_wsp=70001FDA shadow_wsp=70001FE4 master_wfp=70001FE4 ret=70166E20 depth=1
redirect seq=002149 caller=QUEST2 WRTN  DIST                 area_wfp=74003964 ret_pc=70168732 real_wsp=70001FD0 (was 74003950) shadow_wsp=70001FD0 master_wfp=70001FE4 depth=0
redirect seq=002151 caller=QUEST2 WSAVS DIST                 pc=70168717 area_wfp=74003964 argc=4 frame=0 real_wsp=70001FDA shadow_wsp=70001FE4 master_wfp=70001FE4 ret=70166E20 depth=1
redirect seq=002153 caller=QUEST2 WRTN  DIST                 area_wfp=74003964 ret_pc=70168732 real_wsp=70001FD0 (was 74003950) shadow_wsp=70001FD0 master_wfp=70001FE4 depth=0
redirect seq=002157 caller=QUEST2 WSAVS DIST                 pc=70168717 area_wfp=74003964 argc=4 frame=0 real_wsp=70001FDA shadow_wsp=70001FE4 master_wfp=70001FE4 ret=70166E20 depth=1
redirect seq=002159 caller=QUEST2 WRTN  DIST                 area_wfp=74003964 ret_pc=70168732 real_wsp=70001FD0 (was 74003950) shadow_wsp=70001FD0 master_wfp=70001FE4 depth=0
redirect seq=002161 caller=QUEST2 WSAVS DIST                 pc=70168717 area_wfp=74003964 argc=4 frame=0 real_wsp=70001FDA shadow_wsp=70001FE4 master_wfp=70001FE4 ret=70166E20 depth=1
redirect seq=002164 caller=QUEST2 WRTN  DIST                 area_wfp=74003964 ret_pc=70168732 real_wsp=70001FD0 (was 74003950) shadow_wsp=70001FD0 master_wfp=70001FE4 depth=0
redirect seq=002166 caller=QUEST2 WSAVS DIST                 pc=70168717 area_wfp=74003964 argc=4 frame=0 real_wsp=70001FDA shadow_wsp=70001FE4 master_wfp=70001FE4 ret=70166E20 depth=1
redirect seq=002168 caller=QUEST2 WRTN  DIST                 area_wfp=74003964 ret_pc=70168732 real_wsp=70001FD0 (was 74003950) shadow_wsp=70001FD0 master_wfp=70001FE4 depth=0
redirect seq=002173 caller=QUEST2 WSAVS DIST                 pc=70168717 area_wfp=74003964 argc=4 frame=0 real_wsp=70001FDA shadow_wsp=70001FE4 master_wfp=70001FE4 ret=70166E20 depth=1
redirect seq=002175 caller=QUEST2 WRTN  DIST                 area_wfp=74003964 ret_pc=70168732 real_wsp=70001FD0 (was 74003950) shadow_wsp=70001FD0 master_wfp=70001FE4 depth=0
redirect seq=002177 caller=QUEST2 WSAVS DIST                 pc=70168717 area_wfp=74003964 argc=4 frame=0 real_wsp=70001FDA shadow_wsp=70001FE4 master_wfp=70001FE4 ret=70166E20 depth=1
redirect seq=002179 caller=QUEST2 WRTN  DIST                 area_wfp=74003964 ret_pc=70168732 real_wsp=70001FD0 (was 74003950) shadow_wsp=70001FD0 master_wfp=70001FE4 depth=0
redirect seq=002181 caller=QUEST2 WSAVS DIST                 pc=70168717 area_wfp=74003964 argc=4 frame=0 real_wsp=70001FDA shadow_wsp=70001FE4 master_wfp=70001FE4 ret=70166E20 depth=1
redirect seq=002183 caller=QUEST2 WRTN  DIST                 area_wfp=74003964 ret_pc=70168732 real_wsp=70001FD0 (was 74003950) shadow_wsp=70001FD0 master_wfp=70001FE4 depth=0
redirect seq=002186 caller=QUEST2 WSAVS DIST                 pc=70168717 area_wfp=74003964 argc=4 frame=0 real_wsp=70001FDA shadow_wsp=70001FE4 master_wfp=70001FE4 ret=70166E20 depth=1
redirect seq=002190 caller=QUEST2 WRTN  DIST                 area_wfp=74003964 ret_pc=70168732 real_wsp=70001FD0 (was 74003950) shadow_wsp=70001FD0 master_wfp=70001FE4 depth=0
redirect seq=002192 caller=QUEST2 WSAVS DIST                 pc=70168717 area_wfp=74003964 argc=4 frame=0 real_wsp=70001FDA shadow_wsp=70001FE4 master_wfp=70001FE4 ret=70166E20 depth=1
redirect seq=002194 caller=QUEST2 WRTN  DIST                 area_wfp=74003964 ret_pc=70168732 real_wsp=70001FD0 (was 74003950) shadow_wsp=70001FD0 master_wfp=70001FE4 depth=0
redirect seq=002196 caller=QUEST2 WSAVS DIST                 pc=70168717 area_wfp=74003964 argc=4 frame=0 real_wsp=70001FDA shadow_wsp=70001FE4 master_wfp=70001FE4 ret=70166E20 depth=1
redirect seq=002198 caller=QUEST2 WRTN  DIST                 area_wfp=74003964 ret_pc=70168732 real_wsp=70001FD0 (was 74003950) shadow_wsp=70001FD0 master_wfp=70001FE4 depth=0
redirect seq=002202 caller=QUEST2 WSAVS DIST                 pc=70168717 area_wfp=74003964 argc=4 frame=0 real_wsp=70001FDA shadow_wsp=70001FE4 master_wfp=70001FE4 ret=70166E20 depth=1
redirect seq=002204 caller=QUEST2 WRTN  DIST                 area_wfp=74003964 ret_pc=70168732 real_wsp=70001FD0 (was 74003950) shadow_wsp=70001FD0 master_wfp=70001FE4 depth=0
redirect seq=002206 caller=QUEST2 WSAVS DIST                 pc=70168717 area_wfp=74003964 argc=4 frame=0 real_wsp=70001FDA shadow_wsp=70001FE4 master_wfp=70001FE4 ret=70166E20 depth=1
redirect seq=002208 caller=QUEST2 WRTN  DIST                 area_wfp=74003964 ret_pc=70168732 real_wsp=70001FD0 (was 74003950) shadow_wsp=70001FD0 master_wfp=70001FE4 depth=0
redirect seq=002211 caller=QUEST2 WSAVS DIST                 pc=70168717 area_wfp=74003964 argc=4 frame=0 real_wsp=70001FDA shadow_wsp=70001FE4 master_wfp=70001FE4 ret=70166E20 depth=1
redirect seq=002213 caller=QUEST2 WRTN  DIST                 area_wfp=74003964 ret_pc=70168732 real_wsp=70001FD0 (was 74003950) shadow_wsp=70001FD0 master_wfp=70001FE4 depth=0
redirect seq=002218 caller=QUEST2 WSAVS DIST                 pc=70168717 area_wfp=74003964 argc=4 frame=0 real_wsp=70001FDA shadow_wsp=70001FE4 master_wfp=70001FE4 ret=70166E20 depth=1
redirect seq=002220 caller=QUEST2 WRTN  DIST                 area_wfp=74003964 ret_pc=70168732 real_wsp=70001FD0 (was 74003950) shadow_wsp=70001FD0 master_wfp=70001FE4 depth=0
redirect seq=002222 caller=QUEST2 WSAVS DIST                 pc=70168717 area_wfp=74003964 argc=4 frame=0 real_wsp=70001FDA shadow_wsp=70001FE4 master_wfp=70001FE4 ret=70166E20 depth=1
redirect seq=002224 caller=QUEST2 WRTN  DIST                 area_wfp=74003964 ret_pc=70168732 real_wsp=70001FD0 (was 74003950) shadow_wsp=70001FD0 master_wfp=70001FE4 depth=0
redirect seq=002226 caller=QUEST2 WSAVS DIST                 pc=70168717 area_wfp=74003964 argc=4 frame=0 real_wsp=70001FDA shadow_wsp=70001FE4 master_wfp=70001FE4 ret=70166E20 depth=1
redirect seq=002228 caller=QUEST2 WRTN  DIST                 area_wfp=74003964 ret_pc=70168732 real_wsp=70001FD0 (was 74003950) shadow_wsp=70001FD0 master_wfp=70001FE4 depth=0
redirect seq=002231 caller=QUEST2 WSAVS DIST                 pc=70168717 area_wfp=74003964 argc=4 frame=0 real_wsp=70001FDA shadow_wsp=70001FE4 master_wfp=70001FE4 ret=70166E20 depth=1
redirect seq=002233 caller=QUEST2 WRTN  DIST                 area_wfp=74003964 ret_pc=70168732 real_wsp=70001FD0 (was 74003950) shadow_wsp=70001FD0 master_wfp=70001FE4 depth=0
redirect seq=002237 caller=QUEST2 WSAVS DIST                 pc=70168717 area_wfp=74003964 argc=4 frame=0 real_wsp=70001FDA shadow_wsp=70001FE4 master_wfp=70001FE4 ret=70166E20 depth=1
redirect seq=002239 caller=QUEST2 WRTN  DIST                 area_wfp=74003964 ret_pc=70168732 real_wsp=70001FD0 (was 74003950) shadow_wsp=70001FD0 master_wfp=70001FE4 depth=0
redirect seq=002241 caller=QUEST2 WSAVS DIST                 pc=70168717 area_wfp=74003964 argc=4 frame=0 real_wsp=70001FDA shadow_wsp=70001FE4 master_wfp=70001FE4 ret=70166E20 depth=1
redirect seq=002243 caller=QUEST2 WRTN  DIST                 area_wfp=74003964 ret_pc=70168732 real_wsp=70001FD0 (was 74003950) shadow_wsp=70001FD0 master_wfp=70001FE4 depth=0
redirect seq=002248 caller=QUEST2 WSAVS DIST                 pc=70168717 area_wfp=74003964 argc=4 frame=0 real_wsp=70001FDA shadow_wsp=70001FE4 master_wfp=70001FE4 ret=70166E20 depth=1
redirect seq=002250 caller=QUEST2 WRTN  DIST                 area_wfp=74003964 ret_pc=70168732 real_wsp=70001FD0 (was 74003950) shadow_wsp=70001FD0 master_wfp=70001FE4 depth=0
redirect seq=002252 caller=QUEST2 WSAVS DIST                 pc=70168717 area_wfp=74003964 argc=4 frame=0 real_wsp=70001FDA shadow_wsp=70001FE4 master_wfp=70001FE4 ret=70166E20 depth=1
redirect seq=002254 caller=QUEST2 WRTN  DIST                 area_wfp=74003964 ret_pc=70168732 real_wsp=70001FD0 (was 74003950) shadow_wsp=70001FD0 master_wfp=70001FE4 depth=0
redirect seq=002256 caller=QUEST2 WSAVS DIST                 pc=70168717 area_wfp=74003964 argc=4 frame=0 real_wsp=70001FDA shadow_wsp=70001FE4 master_wfp=70001FE4 ret=70166E20 depth=1
redirect seq=002258 caller=QUEST2 WRTN  DIST                 area_wfp=74003964 ret_pc=70168732 real_wsp=70001FD0 (was 74003950) shadow_wsp=70001FD0 master_wfp=70001FE4 depth=0
redirect seq=002263 caller=QUEST2 WSAVS DIST                 pc=70168717 area_wfp=74003964 argc=4 frame=0 real_wsp=70001FDA shadow_wsp=70001FE4 master_wfp=70001FE4 ret=70166E20 depth=1
redirect seq=002265 caller=QUEST2 WRTN  DIST                 area_wfp=74003964 ret_pc=70168732 real_wsp=70001FD0 (was 74003950) shadow_wsp=70001FD0 master_wfp=70001FE4 depth=0
redirect seq=002267 caller=QUEST2 WSAVS DIST                 pc=70168717 area_wfp=74003964 argc=4 frame=0 real_wsp=70001FDA shadow_wsp=70001FE4 master_wfp=70001FE4 ret=70166E20 depth=1
redirect seq=002269 caller=QUEST2 WRTN  DIST                 area_wfp=74003964 ret_pc=70168732 real_wsp=70001FD0 (was 74003950) shadow_wsp=70001FD0 master_wfp=70001FE4 depth=0
redirect seq=002271 caller=QUEST2 WSAVS DIST                 pc=70168717 area_wfp=74003964 argc=4 frame=0 real_wsp=70001FDA shadow_wsp=70001FE4 master_wfp=70001FE4 ret=70166E20 depth=1
redirect seq=002273 caller=QUEST2 WRTN  DIST                 area_wfp=74003964 ret_pc=70168732 real_wsp=70001FD0 (was 74003950) shadow_wsp=70001FD0 master_wfp=70001FE4 depth=0
redirect seq=002278 caller=QUEST2 WSAVS DIST                 pc=70168717 area_wfp=74003964 argc=4 frame=0 real_wsp=70001FDA shadow_wsp=70001FE4 master_wfp=70001FE4 ret=70166E20 depth=1
redirect seq=002280 caller=QUEST2 WRTN  DIST                 area_wfp=74003964 ret_pc=70168732 real_wsp=70001FD0 (was 74003950) shadow_wsp=70001FD0 master_wfp=70001FE4 depth=0
redirect seq=002282 caller=QUEST2 WSAVS DIST                 pc=70168717 area_wfp=74003964 argc=4 frame=0 real_wsp=70001FDA shadow_wsp=70001FE4 master_wfp=70001FE4 ret=70166E20 depth=1
redirect seq=002284 caller=QUEST2 WRTN  DIST                 area_wfp=74003964 ret_pc=70168732 real_wsp=70001FD0 (was 74003950) shadow_wsp=70001FD0 master_wfp=70001FE4 depth=0
redirect seq=002286 caller=QUEST2 WSAVS DIST                 pc=70168717 area_wfp=74003964 argc=4 frame=0 real_wsp=70001FDA shadow_wsp=70001FE4 master_wfp=70001FE4 ret=70166E20 depth=1
redirect seq=002288 caller=QUEST2 WRTN  DIST                 area_wfp=74003964 ret_pc=70168732 real_wsp=70001FD0 (was 74003950) shadow_wsp=70001FD0 master_wfp=70001FE4 depth=0
redirect seq=002293 caller=QUEST2 WSAVS DIST                 pc=70168717 area_wfp=74003964 argc=4 frame=0 real_wsp=70001FDA shadow_wsp=70001FE4 master_wfp=70001FE4 ret=70166E20 depth=1
redirect seq=002295 caller=QUEST2 WRTN  DIST                 area_wfp=74003964 ret_pc=70168732 real_wsp=70001FD0 (was 74003950) shadow_wsp=70001FD0 master_wfp=70001FE4 depth=0
redirect seq=002297 caller=QUEST2 WSAVS DIST                 pc=70168717 area_wfp=74003964 argc=4 frame=0 real_wsp=70001FDA shadow_wsp=70001FE4 master_wfp=70001FE4 ret=70166E20 depth=1
redirect seq=002299 caller=QUEST2 WRTN  DIST                 area_wfp=74003964 ret_pc=70168732 real_wsp=70001FD0 (was 74003950) shadow_wsp=70001FD0 master_wfp=70001FE4 depth=0
redirect seq=002301 caller=QUEST2 WSAVS DIST                 pc=70168717 area_wfp=74003964 argc=4 frame=0 real_wsp=70001FDA shadow_wsp=70001FE4 master_wfp=70001FE4 ret=70166E20 depth=1
redirect seq=002303 caller=QUEST2 WRTN  DIST                 area_wfp=74003964 ret_pc=70168732 real_wsp=70001FD0 (was 74003950) shadow_wsp=70001FD0 master_wfp=70001FE4 depth=0
redirect seq=002307 caller=QUEST2 WSAVS DIST                 pc=70168717 area_wfp=74003964 argc=4 frame=0 real_wsp=70001FDA shadow_wsp=70001FE4 master_wfp=70001FE4 ret=70166E20 depth=1
redirect seq=002309 caller=QUEST2 WRTN  DIST                 area_wfp=74003964 ret_pc=70168732 real_wsp=70001FD0 (was 74003950) shadow_wsp=70001FD0 master_wfp=70001FE4 depth=0
redirect seq=002311 caller=QUEST2 WSAVS DIST                 pc=70168717 area_wfp=74003964 argc=4 frame=0 real_wsp=70001FDA shadow_wsp=70001FE4 master_wfp=70001FE4 ret=70166E20 depth=1
redirect seq=002313 caller=QUEST2 WRTN  DIST                 area_wfp=74003964 ret_pc=70168732 real_wsp=70001FD0 (was 74003950) shadow_wsp=70001FD0 master_wfp=70001FE4 depth=0
redirect seq=002316 caller=QUEST2 WSAVS DIST                 pc=70168717 area_wfp=74003964 argc=4 frame=0 real_wsp=70001FDA shadow_wsp=70001FE4 master_wfp=70001FE4 ret=70166E20 depth=1
redirect seq=002318 caller=QUEST2 WRTN  DIST                 area_wfp=74003964 ret_pc=70168732 real_wsp=70001FD0 (was 74003950) shadow_wsp=70001FD0 master_wfp=70001FE4 depth=0
redirect seq=002323 caller=QUEST2 WSAVS DIST                 pc=70168717 area_wfp=74003964 argc=4 frame=0 real_wsp=70001FDA shadow_wsp=70001FE4 master_wfp=70001FE4 ret=70166E20 depth=1
redirect seq=002325 caller=QUEST2 WRTN  DIST                 area_wfp=74003964 ret_pc=70168732 real_wsp=70001FD0 (was 74003950) shadow_wsp=70001FD0 master_wfp=70001FE4 depth=0
redirect seq=002327 caller=QUEST2 WSAVS DIST                 pc=70168717 area_wfp=74003964 argc=4 frame=0 real_wsp=70001FDA shadow_wsp=70001FE4 master_wfp=70001FE4 ret=70166E20 depth=1
redirect seq=002329 caller=QUEST2 WRTN  DIST                 area_wfp=74003964 ret_pc=70168732 real_wsp=70001FD0 (was 74003950) shadow_wsp=70001FD0 master_wfp=70001FE4 depth=0
redirect seq=002331 caller=QUEST2 WSAVS DIST                 pc=70168717 area_wfp=74003964 argc=4 frame=0 real_wsp=70001FDA shadow_wsp=70001FE4 master_wfp=70001FE4 ret=70166E20 depth=1
redirect seq=002333 caller=QUEST2 WRTN  DIST                 area_wfp=74003964 ret_pc=70168732 real_wsp=70001FD0 (was 74003950) shadow_wsp=70001FD0 master_wfp=70001FE4 depth=0
redirect seq=002337 caller=QUEST2 WSAVS DIST                 pc=70168717 area_wfp=74003964 argc=4 frame=0 real_wsp=70001FDA shadow_wsp=70001FE4 master_wfp=70001FE4 ret=70166E20 depth=1
redirect seq=002339 caller=QUEST2 WRTN  DIST                 area_wfp=74003964 ret_pc=70168732 real_wsp=70001FD0 (was 74003950) shadow_wsp=70001FD0 master_wfp=70001FE4 depth=0
redirect seq=002341 caller=QUEST2 WSAVS DIST                 pc=70168717 area_wfp=74003964 argc=4 frame=0 real_wsp=70001FDA shadow_wsp=70001FE4 master_wfp=70001FE4 ret=70166E20 depth=1
redirect seq=002343 caller=QUEST2 WRTN  DIST                 area_wfp=74003964 ret_pc=70168732 real_wsp=70001FD0 (was 74003950) shadow_wsp=70001FD0 master_wfp=70001FE4 depth=0
redirect seq=002346 caller=QUEST2 WSAVS DIST                 pc=70168717 area_wfp=74003964 argc=4 frame=0 real_wsp=70001FDA shadow_wsp=70001FE4 master_wfp=70001FE4 ret=70166E20 depth=1
redirect seq=002348 caller=QUEST2 WRTN  DIST                 area_wfp=74003964 ret_pc=70168732 real_wsp=70001FD0 (was 74003950) shadow_wsp=70001FD0 master_wfp=70001FE4 depth=0
redirect seq=002353 caller=QUEST2 WSAVS DIST                 pc=70168717 area_wfp=74003964 argc=4 frame=0 real_wsp=70001FDA shadow_wsp=70001FE4 master_wfp=70001FE4 ret=70166E20 depth=1
redirect seq=002355 caller=QUEST2 WRTN  DIST                 area_wfp=74003964 ret_pc=70168732 real_wsp=70001FD0 (was 74003950) shadow_wsp=70001FD0 master_wfp=70001FE4 depth=0
redirect seq=002357 caller=QUEST2 WSAVS DIST                 pc=70168717 area_wfp=74003964 argc=4 frame=0 real_wsp=70001FDA shadow_wsp=70001FE4 master_wfp=70001FE4 ret=70166E20 depth=1
redirect seq=002359 caller=QUEST2 WRTN  DIST                 area_wfp=74003964 ret_pc=70168732 real_wsp=70001FD0 (was 74003950) shadow_wsp=70001FD0 master_wfp=70001FE4 depth=0
redirect seq=002361 caller=QUEST2 WSAVS DIST                 pc=70168717 area_wfp=74003964 argc=4 frame=0 real_wsp=70001FDA shadow_wsp=70001FE4 master_wfp=70001FE4 ret=70166E20 depth=1
redirect seq=002363 caller=QUEST2 WRTN  DIST                 area_wfp=74003964 ret_pc=70168732 real_wsp=70001FD0 (was 74003950) shadow_wsp=70001FD0 master_wfp=70001FE4 depth=0
redirect seq=002367 caller=QUEST2 WSAVS DIST                 pc=70168717 area_wfp=74003964 argc=4 frame=0 real_wsp=70001FDA shadow_wsp=70001FE4 master_wfp=70001FE4 ret=70166E20 depth=1
redirect seq=002369 caller=QUEST2 WRTN  DIST                 area_wfp=74003964 ret_pc=70168732 real_wsp=70001FD0 (was 74003950) shadow_wsp=70001FD0 master_wfp=70001FE4 depth=0
redirect seq=002371 caller=QUEST2 WSAVS DIST                 pc=70168717 area_wfp=74003964 argc=4 frame=0 real_wsp=70001FDA shadow_wsp=70001FE4 master_wfp=70001FE4 ret=70166E20 depth=1
redirect seq=002373 caller=QUEST2 WRTN  DIST                 area_wfp=74003964 ret_pc=70168732 real_wsp=70001FD0 (was 74003950) shadow_wsp=70001FD0 master_wfp=70001FE4 depth=0
redirect seq=002376 caller=QUEST2 WSAVS DIST                 pc=70168717 area_wfp=74003964 argc=4 frame=0 real_wsp=70001FDA shadow_wsp=70001FE4 master_wfp=70001FE4 ret=70166E20 depth=1
redirect seq=002378 caller=QUEST2 WRTN  DIST                 area_wfp=74003964 ret_pc=70168732 real_wsp=70001FD0 (was 74003950) shadow_wsp=70001FD0 master_wfp=70001FE4 depth=0
redirect seq=002383 caller=QUEST2 WSAVS DIST                 pc=70168717 area_wfp=74003964 argc=4 frame=0 real_wsp=70001FDA shadow_wsp=70001FE4 master_wfp=70001FE4 ret=70166E20 depth=1
redirect seq=002385 caller=QUEST2 WRTN  DIST                 area_wfp=74003964 ret_pc=70168732 real_wsp=70001FD0 (was 74003950) shadow_wsp=70001FD0 master_wfp=70001FE4 depth=0
redirect seq=002387 caller=QUEST2 WSAVS DIST                 pc=70168717 area_wfp=74003964 argc=4 frame=0 real_wsp=70001FDA shadow_wsp=70001FE4 master_wfp=70001FE4 ret=70166E20 depth=1
redirect seq=002389 caller=QUEST2 WRTN  DIST                 area_wfp=74003964 ret_pc=70168732 real_wsp=70001FD0 (was 74003950) shadow_wsp=70001FD0 master_wfp=70001FE4 depth=0
redirect seq=002391 caller=QUEST2 WSAVS DIST                 pc=70168717 area_wfp=74003964 argc=4 frame=0 real_wsp=70001FDA shadow_wsp=70001FE4 master_wfp=70001FE4 ret=70166E20 depth=1
redirect seq=002393 caller=QUEST2 WRTN  DIST                 area_wfp=74003964 ret_pc=70168732 real_wsp=70001FD0 (was 74003950) shadow_wsp=70001FD0 master_wfp=70001FE4 depth=0
redirect seq=002397 caller=QUEST2 WSAVS DIST                 pc=70168717 area_wfp=74003964 argc=4 frame=0 real_wsp=70001FDA shadow_wsp=70001FE4 master_wfp=70001FE4 ret=70166E20 depth=1
redirect seq=002399 caller=QUEST2 WRTN  DIST                 area_wfp=74003964 ret_pc=70168732 real_wsp=70001FD0 (was 74003950) shadow_wsp=70001FD0 master_wfp=70001FE4 depth=0
redirect seq=002401 caller=QUEST2 WSAVS DIST                 pc=70168717 area_wfp=74003964 argc=4 frame=0 real_wsp=70001FDA shadow_wsp=70001FE4 master_wfp=70001FE4 ret=70166E20 depth=1
redirect seq=002403 caller=QUEST2 WRTN  DIST                 area_wfp=74003964 ret_pc=70168732 real_wsp=70001FD0 (was 74003950) shadow_wsp=70001FD0 master_wfp=70001FE4 depth=0
redirect seq=002406 caller=QUEST2 WSAVS DIST                 pc=70168717 area_wfp=74003964 argc=4 frame=0 real_wsp=70001FDA shadow_wsp=70001FE4 master_wfp=70001FE4 ret=70166E20 depth=1
redirect seq=002408 caller=QUEST2 WRTN  DIST                 area_wfp=74003964 ret_pc=70168732 real_wsp=70001FD0 (was 74003950) shadow_wsp=70001FD0 master_wfp=70001FE4 depth=0
redirect seq=002413 caller=QUEST2 WSAVS DIST                 pc=70168717 area_wfp=74003964 argc=4 frame=0 real_wsp=70001FDA shadow_wsp=70001FE4 master_wfp=70001FE4 ret=70166E20 depth=1
redirect seq=002415 caller=QUEST2 WRTN  DIST                 area_wfp=74003964 ret_pc=70168732 real_wsp=70001FD0 (was 74003950) shadow_wsp=70001FD0 master_wfp=70001FE4 depth=0
redirect seq=002417 caller=QUEST2 WSAVS DIST                 pc=70168717 area_wfp=74003964 argc=4 frame=0 real_wsp=70001FDA shadow_wsp=70001FE4 master_wfp=70001FE4 ret=70166E20 depth=1
redirect seq=002419 caller=QUEST2 WRTN  DIST                 area_wfp=74003964 ret_pc=70168732 real_wsp=70001FD0 (was 74003950) shadow_wsp=70001FD0 master_wfp=70001FE4 depth=0
redirect seq=002421 caller=QUEST2 WSAVS DIST                 pc=70168717 area_wfp=74003964 argc=4 frame=0 real_wsp=70001FDA shadow_wsp=70001FE4 master_wfp=70001FE4 ret=70166E20 depth=1
redirect seq=002423 caller=QUEST2 WRTN  DIST                 area_wfp=74003964 ret_pc=70168732 real_wsp=70001FD0 (was 74003950) shadow_wsp=70001FD0 master_wfp=70001FE4 depth=0
redirect seq=002427 caller=QUEST2 WSAVS DIST                 pc=70168717 area_wfp=74003964 argc=4 frame=0 real_wsp=70001FDA shadow_wsp=70001FE4 master_wfp=70001FE4 ret=70166E20 depth=1
redirect seq=002429 caller=QUEST2 WRTN  DIST                 area_wfp=74003964 ret_pc=70168732 real_wsp=70001FD0 (was 74003950) shadow_wsp=70001FD0 master_wfp=70001FE4 depth=0
redirect seq=002431 caller=QUEST2 WSAVS DIST                 pc=70168717 area_wfp=74003964 argc=4 frame=0 real_wsp=70001FDA shadow_wsp=70001FE4 master_wfp=70001FE4 ret=70166E20 depth=1
redirect seq=002433 caller=QUEST2 WRTN  DIST                 area_wfp=74003964 ret_pc=70168732 real_wsp=70001FD0 (was 74003950) shadow_wsp=70001FD0 master_wfp=70001FE4 depth=0
redirect seq=002436 caller=QUEST2 WSAVS DIST                 pc=70168717 area_wfp=74003964 argc=4 frame=0 real_wsp=70001FDA shadow_wsp=70001FE4 master_wfp=70001FE4 ret=70166E20 depth=1
redirect seq=002438 caller=QUEST2 WRTN  DIST                 area_wfp=74003964 ret_pc=70168732 real_wsp=70001FD0 (was 74003950) shadow_wsp=70001FD0 master_wfp=70001FE4 depth=0
redirect seq=002443 caller=QUEST2 WSAVS DIST                 pc=70168717 area_wfp=74003964 argc=4 frame=0 real_wsp=70001FDA shadow_wsp=70001FE4 master_wfp=70001FE4 ret=70166E20 depth=1
redirect seq=002445 caller=QUEST2 WRTN  DIST                 area_wfp=74003964 ret_pc=70168732 real_wsp=70001FD0 (was 74003950) shadow_wsp=70001FD0 master_wfp=70001FE4 depth=0
redirect seq=002447 caller=QUEST2 WSAVS DIST                 pc=70168717 area_wfp=74003964 argc=4 frame=0 real_wsp=70001FDA shadow_wsp=70001FE4 master_wfp=70001FE4 ret=70166E20 depth=1
redirect seq=002449 caller=QUEST2 WRTN  DIST                 area_wfp=74003964 ret_pc=70168732 real_wsp=70001FD0 (was 74003950) shadow_wsp=70001FD0 master_wfp=70001FE4 depth=0
redirect seq=002451 caller=QUEST2 WSAVS DIST                 pc=70168717 area_wfp=74003964 argc=4 frame=0 real_wsp=70001FDA shadow_wsp=70001FE4 master_wfp=70001FE4 ret=70166E20 depth=1
redirect seq=002453 caller=QUEST2 WRTN  DIST                 area_wfp=74003964 ret_pc=70168732 real_wsp=70001FD0 (was 74003950) shadow_wsp=70001FD0 master_wfp=70001FE4 depth=0
redirect seq=002844 caller=QUEST2 WSAVS OWNS                 pc=70175CBF area_wfp=74007120 argc=2 frame=3 real_wsp=70001152 shadow_wsp=70001162 master_wfp=7000115C ret=7017853B depth=1
redirect seq=002845 caller=QUEST2 WRTN  OWNS                 area_wfp=74007120 ret_pc=70175CEB real_wsp=7000114C (was 74007110) shadow_wsp=7000114C master_wfp=7000115C depth=0
redirect seq=002882 caller=QUEST2 WSAVS DIST                 pc=70168717 area_wfp=74003964 argc=4 frame=0 real_wsp=700015AA shadow_wsp=700015B4 master_wfp=700015B4 ret=70166B8A depth=1
redirect seq=002884 caller=QUEST2 WRTN  DIST                 area_wfp=74003964 ret_pc=70168732 real_wsp=700015A0 (was 74003950) shadow_wsp=700015A0 master_wfp=700015B4 depth=0
redirect seq=002886 caller=QUEST2 WSAVS DIST                 pc=70168717 area_wfp=74003964 argc=4 frame=0 real_wsp=700015AA shadow_wsp=700015B4 master_wfp=700015B4 ret=70166B8A depth=1
redirect seq=002888 caller=QUEST2 WRTN  DIST                 area_wfp=74003964 ret_pc=70168732 real_wsp=700015A0 (was 74003950) shadow_wsp=700015A0 master_wfp=700015B4 depth=0
redirect seq=002890 caller=QUEST2 WSAVS DIST                 pc=70168717 area_wfp=74003964 argc=4 frame=0 real_wsp=700015AA shadow_wsp=700015B4 master_wfp=700015B4 ret=70166B8A depth=1
redirect seq=002892 caller=QUEST2 WRTN  DIST                 area_wfp=74003964 ret_pc=70168732 real_wsp=700015A0 (was 74003950) shadow_wsp=700015A0 master_wfp=700015B4 depth=0
redirect seq=002897 caller=QUEST2 WSAVS DIST                 pc=70168717 area_wfp=74003964 argc=4 frame=0 real_wsp=700015AA shadow_wsp=700015B4 master_wfp=700015B4 ret=70166E20 depth=1
redirect seq=002899 caller=QUEST2 WRTN  DIST                 area_wfp=74003964 ret_pc=70168732 real_wsp=700015A0 (was 74003950) shadow_wsp=700015A0 master_wfp=700015B4 depth=0
redirect seq=002901 caller=QUEST2 WSAVS DIST                 pc=70168717 area_wfp=74003964 argc=4 frame=0 real_wsp=700015AA shadow_wsp=700015B4 master_wfp=700015B4 ret=70166E20 depth=1
redirect seq=002903 caller=QUEST2 WRTN  DIST                 area_wfp=74003964 ret_pc=70168732 real_wsp=700015A0 (was 74003950) shadow_wsp=700015A0 master_wfp=700015B4 depth=0
redirect seq=002905 caller=QUEST2 WSAVS DIST                 pc=70168717 area_wfp=74003964 argc=4 frame=0 real_wsp=700015AA shadow_wsp=700015B4 master_wfp=700015B4 ret=70166E20 depth=1
redirect seq=002907 caller=QUEST2 WRTN  DIST                 area_wfp=74003964 ret_pc=70168732 real_wsp=700015A0 (was 74003950) shadow_wsp=700015A0 master_wfp=700015B4 depth=0
redirect seq=002912 caller=QUEST2 WSAVS DIST                 pc=70168717 area_wfp=74003964 argc=4 frame=0 real_wsp=700015AA shadow_wsp=700015B4 master_wfp=700015B4 ret=70166E20 depth=1
redirect seq=002914 caller=QUEST2 WRTN  DIST                 area_wfp=74003964 ret_pc=70168732 real_wsp=700015A0 (was 74003950) shadow_wsp=700015A0 master_wfp=700015B4 depth=0
redirect seq=002916 caller=QUEST2 WSAVS DIST                 pc=70168717 area_wfp=74003964 argc=4 frame=0 real_wsp=700015AA shadow_wsp=700015B4 master_wfp=700015B4 ret=70166E20 depth=1
redirect seq=002918 caller=QUEST2 WRTN  DIST                 area_wfp=74003964 ret_pc=70168732 real_wsp=700015A0 (was 74003950) shadow_wsp=700015A0 master_wfp=700015B4 depth=0
redirect seq=002920 caller=QUEST2 WSAVS DIST                 pc=70168717 area_wfp=74003964 argc=4 frame=0 real_wsp=700015AA shadow_wsp=700015B4 master_wfp=700015B4 ret=70166E20 depth=1
redirect seq=002922 caller=QUEST2 WRTN  DIST                 area_wfp=74003964 ret_pc=70168732 real_wsp=700015A0 (was 74003950) shadow_wsp=700015A0 master_wfp=700015B4 depth=0
redirect seq=002926 caller=QUEST2 WSAVS DIST                 pc=70168717 area_wfp=74003964 argc=4 frame=0 real_wsp=700015AA shadow_wsp=700015B4 master_wfp=700015B4 ret=70166E20 depth=1
redirect seq=002928 caller=QUEST2 WRTN  DIST                 area_wfp=74003964 ret_pc=70168732 real_wsp=700015A0 (was 74003950) shadow_wsp=700015A0 master_wfp=700015B4 depth=0
redirect seq=002930 caller=QUEST2 WSAVS DIST                 pc=70168717 area_wfp=74003964 argc=4 frame=0 real_wsp=700015AA shadow_wsp=700015B4 master_wfp=700015B4 ret=70166E20 depth=1
redirect seq=002933 caller=QUEST2 WRTN  DIST                 area_wfp=74003964 ret_pc=70168732 real_wsp=700015A0 (was 74003950) shadow_wsp=700015A0 master_wfp=700015B4 depth=0
redirect seq=002935 caller=QUEST2 WSAVS DIST                 pc=70168717 area_wfp=74003964 argc=4 frame=0 real_wsp=700015AA shadow_wsp=700015B4 master_wfp=700015B4 ret=70166E20 depth=1
redirect seq=002937 caller=QUEST2 WRTN  DIST                 area_wfp=74003964 ret_pc=70168732 real_wsp=700015A0 (was 74003950) shadow_wsp=700015A0 master_wfp=700015B4 depth=0
redirect seq=002942 caller=QUEST2 WSAVS DIST                 pc=70168717 area_wfp=74003964 argc=4 frame=0 real_wsp=700015AA shadow_wsp=700015B4 master_wfp=700015B4 ret=70166E20 depth=1
redirect seq=002944 caller=QUEST2 WRTN  DIST                 area_wfp=74003964 ret_pc=70168732 real_wsp=700015A0 (was 74003950) shadow_wsp=700015A0 master_wfp=700015B4 depth=0
redirect seq=002946 caller=QUEST2 WSAVS DIST                 pc=70168717 area_wfp=74003964 argc=4 frame=0 real_wsp=700015AA shadow_wsp=700015B4 master_wfp=700015B4 ret=70166E20 depth=1
redirect seq=002948 caller=QUEST2 WRTN  DIST                 area_wfp=74003964 ret_pc=70168732 real_wsp=700015A0 (was 74003950) shadow_wsp=700015A0 master_wfp=700015B4 depth=0
redirect seq=002950 caller=QUEST2 WSAVS DIST                 pc=70168717 area_wfp=74003964 argc=4 frame=0 real_wsp=700015AA shadow_wsp=700015B4 master_wfp=700015B4 ret=70166E20 depth=1
redirect seq=002952 caller=QUEST2 WRTN  DIST                 area_wfp=74003964 ret_pc=70168732 real_wsp=700015A0 (was 74003950) shadow_wsp=700015A0 master_wfp=700015B4 depth=0
redirect seq=002957 caller=QUEST2 WSAVS DIST                 pc=70168717 area_wfp=74003964 argc=4 frame=0 real_wsp=700015AA shadow_wsp=700015B4 master_wfp=700015B4 ret=70166E20 depth=1
redirect seq=002959 caller=QUEST2 WRTN  DIST                 area_wfp=74003964 ret_pc=70168732 real_wsp=700015A0 (was 74003950) shadow_wsp=700015A0 master_wfp=700015B4 depth=0
redirect seq=002961 caller=QUEST2 WSAVS DIST                 pc=70168717 area_wfp=74003964 argc=4 frame=0 real_wsp=700015AA shadow_wsp=700015B4 master_wfp=700015B4 ret=70166E20 depth=1
redirect seq=002963 caller=QUEST2 WRTN  DIST                 area_wfp=74003964 ret_pc=70168732 real_wsp=700015A0 (was 74003950) shadow_wsp=700015A0 master_wfp=700015B4 depth=0
redirect seq=002965 caller=QUEST2 WSAVS DIST                 pc=70168717 area_wfp=74003964 argc=4 frame=0 real_wsp=700015AA shadow_wsp=700015B4 master_wfp=700015B4 ret=70166E20 depth=1
redirect seq=002968 caller=QUEST2 WRTN  DIST                 area_wfp=74003964 ret_pc=70168732 real_wsp=700015A0 (was 74003950) shadow_wsp=700015A0 master_wfp=700015B4 depth=0
redirect seq=002970 caller=QUEST2 WSAVS DIST                 pc=70168717 area_wfp=74003964 argc=4 frame=0 real_wsp=700015AA shadow_wsp=700015B4 master_wfp=700015B4 ret=70166E20 depth=1
redirect seq=002974 caller=QUEST2 WRTN  DIST                 area_wfp=74003964 ret_pc=70168732 real_wsp=700015A0 (was 74003950) shadow_wsp=700015A0 master_wfp=700015B4 depth=0
redirect seq=002976 caller=QUEST2 WSAVS DIST                 pc=70168717 area_wfp=74003964 argc=4 frame=0 real_wsp=700015AA shadow_wsp=700015B4 master_wfp=700015B4 ret=70166E20 depth=1
redirect seq=002978 caller=QUEST2 WRTN  DIST                 area_wfp=74003964 ret_pc=70168732 real_wsp=700015A0 (was 74003950) shadow_wsp=700015A0 master_wfp=700015B4 depth=0
redirect seq=002980 caller=QUEST2 WSAVS DIST                 pc=70168717 area_wfp=74003964 argc=4 frame=0 real_wsp=700015AA shadow_wsp=700015B4 master_wfp=700015B4 ret=70166E20 depth=1
redirect seq=002982 caller=QUEST2 WRTN  DIST                 area_wfp=74003964 ret_pc=70168732 real_wsp=700015A0 (was 74003950) shadow_wsp=700015A0 master_wfp=700015B4 depth=0
redirect seq=002987 caller=QUEST2 WSAVS DIST                 pc=70168717 area_wfp=74003964 argc=4 frame=0 real_wsp=700015AA shadow_wsp=700015B4 master_wfp=700015B4 ret=70166E20 depth=1
redirect seq=002989 caller=QUEST2 WRTN  DIST                 area_wfp=74003964 ret_pc=70168732 real_wsp=700015A0 (was 74003950) shadow_wsp=700015A0 master_wfp=700015B4 depth=0
redirect seq=002991 caller=QUEST2 WSAVS DIST                 pc=70168717 area_wfp=74003964 argc=4 frame=0 real_wsp=700015AA shadow_wsp=700015B4 master_wfp=700015B4 ret=70166E20 depth=1
redirect seq=002993 caller=QUEST2 WRTN  DIST                 area_wfp=74003964 ret_pc=70168732 real_wsp=700015A0 (was 74003950) shadow_wsp=700015A0 master_wfp=700015B4 depth=0
redirect seq=002995 caller=QUEST2 WSAVS DIST                 pc=70168717 area_wfp=74003964 argc=4 frame=0 real_wsp=700015AA shadow_wsp=700015B4 master_wfp=700015B4 ret=70166E20 depth=1
redirect seq=002997 caller=QUEST2 WRTN  DIST                 area_wfp=74003964 ret_pc=70168732 real_wsp=700015A0 (was 74003950) shadow_wsp=700015A0 master_wfp=700015B4 depth=0
redirect seq=003001 caller=QUEST2 WSAVS DIST                 pc=70168717 area_wfp=74003964 argc=4 frame=0 real_wsp=700015AA shadow_wsp=700015B4 master_wfp=700015B4 ret=70166E20 depth=1
redirect seq=003003 caller=QUEST2 WRTN  DIST                 area_wfp=74003964 ret_pc=70168732 real_wsp=700015A0 (was 74003950) shadow_wsp=700015A0 master_wfp=700015B4 depth=0
redirect seq=003005 caller=QUEST2 WSAVS DIST                 pc=70168717 area_wfp=74003964 argc=4 frame=0 real_wsp=700015AA shadow_wsp=700015B4 master_wfp=700015B4 ret=70166E20 depth=1
redirect seq=003008 caller=QUEST2 WRTN  DIST                 area_wfp=74003964 ret_pc=70168732 real_wsp=700015A0 (was 74003950) shadow_wsp=700015A0 master_wfp=700015B4 depth=0
redirect seq=003010 caller=QUEST2 WSAVS DIST                 pc=70168717 area_wfp=74003964 argc=4 frame=0 real_wsp=700015AA shadow_wsp=700015B4 master_wfp=700015B4 ret=70166E20 depth=1
redirect seq=003012 caller=QUEST2 WRTN  DIST                 area_wfp=74003964 ret_pc=70168732 real_wsp=700015A0 (was 74003950) shadow_wsp=700015A0 master_wfp=700015B4 depth=0
redirect seq=003017 caller=QUEST2 WSAVS DIST                 pc=70168717 area_wfp=74003964 argc=4 frame=0 real_wsp=700015AA shadow_wsp=700015B4 master_wfp=700015B4 ret=70166E20 depth=1
redirect seq=003019 caller=QUEST2 WRTN  DIST                 area_wfp=74003964 ret_pc=70168732 real_wsp=700015A0 (was 74003950) shadow_wsp=700015A0 master_wfp=700015B4 depth=0
redirect seq=003021 caller=QUEST2 WSAVS DIST                 pc=70168717 area_wfp=74003964 argc=4 frame=0 real_wsp=700015AA shadow_wsp=700015B4 master_wfp=700015B4 ret=70166E20 depth=1
redirect seq=003023 caller=QUEST2 WRTN  DIST                 area_wfp=74003964 ret_pc=70168732 real_wsp=700015A0 (was 74003950) shadow_wsp=700015A0 master_wfp=700015B4 depth=0
redirect seq=003025 caller=QUEST2 WSAVS DIST                 pc=70168717 area_wfp=74003964 argc=4 frame=0 real_wsp=700015AA shadow_wsp=700015B4 master_wfp=700015B4 ret=70166E20 depth=1
redirect seq=003027 caller=QUEST2 WRTN  DIST                 area_wfp=74003964 ret_pc=70168732 real_wsp=700015A0 (was 74003950) shadow_wsp=700015A0 master_wfp=700015B4 depth=0
redirect seq=003032 caller=QUEST2 WSAVS DIST                 pc=70168717 area_wfp=74003964 argc=4 frame=0 real_wsp=700015AA shadow_wsp=700015B4 master_wfp=700015B4 ret=70166E20 depth=1
redirect seq=003034 caller=QUEST2 WRTN  DIST                 area_wfp=74003964 ret_pc=70168732 real_wsp=700015A0 (was 74003950) shadow_wsp=700015A0 master_wfp=700015B4 depth=0
redirect seq=003036 caller=QUEST2 WSAVS DIST                 pc=70168717 area_wfp=74003964 argc=4 frame=0 real_wsp=700015AA shadow_wsp=700015B4 master_wfp=700015B4 ret=70166E20 depth=1
redirect seq=003038 caller=QUEST2 WRTN  DIST                 area_wfp=74003964 ret_pc=70168732 real_wsp=700015A0 (was 74003950) shadow_wsp=700015A0 master_wfp=700015B4 depth=0
redirect seq=003040 caller=QUEST2 WSAVS DIST                 pc=70168717 area_wfp=74003964 argc=4 frame=0 real_wsp=700015AA shadow_wsp=700015B4 master_wfp=700015B4 ret=70166E20 depth=1
redirect seq=003042 caller=QUEST2 WRTN  DIST                 area_wfp=74003964 ret_pc=70168732 real_wsp=700015A0 (was 74003950) shadow_wsp=700015A0 master_wfp=700015B4 depth=0
redirect seq=003045 caller=QUEST2 WSAVS DIST                 pc=70168717 area_wfp=74003964 argc=4 frame=0 real_wsp=700015AA shadow_wsp=700015B4 master_wfp=700015B4 ret=70166E20 depth=1
redirect seq=003047 caller=QUEST2 WRTN  DIST                 area_wfp=74003964 ret_pc=70168732 real_wsp=700015A0 (was 74003950) shadow_wsp=700015A0 master_wfp=700015B4 depth=0
redirect seq=003051 caller=QUEST2 WSAVS DIST                 pc=70168717 area_wfp=74003964 argc=4 frame=0 real_wsp=700015AA shadow_wsp=700015B4 master_wfp=700015B4 ret=70166E20 depth=1
redirect seq=003053 caller=QUEST2 WRTN  DIST                 area_wfp=74003964 ret_pc=70168732 real_wsp=700015A0 (was 74003950) shadow_wsp=700015A0 master_wfp=700015B4 depth=0
redirect seq=003055 caller=QUEST2 WSAVS DIST                 pc=70168717 area_wfp=74003964 argc=4 frame=0 real_wsp=700015AA shadow_wsp=700015B4 master_wfp=700015B4 ret=70166E20 depth=1
redirect seq=003057 caller=QUEST2 WRTN  DIST                 area_wfp=74003964 ret_pc=70168732 real_wsp=700015A0 (was 74003950) shadow_wsp=700015A0 master_wfp=700015B4 depth=0
redirect seq=003062 caller=QUEST2 WSAVS DIST                 pc=70168717 area_wfp=74003964 argc=4 frame=0 real_wsp=700015AA shadow_wsp=700015B4 master_wfp=700015B4 ret=70166E20 depth=1
redirect seq=003064 caller=QUEST2 WRTN  DIST                 area_wfp=74003964 ret_pc=70168732 real_wsp=700015A0 (was 74003950) shadow_wsp=700015A0 master_wfp=700015B4 depth=0
redirect seq=003066 caller=QUEST2 WSAVS DIST                 pc=70168717 area_wfp=74003964 argc=4 frame=0 real_wsp=700015AA shadow_wsp=700015B4 master_wfp=700015B4 ret=70166E20 depth=1
redirect seq=003068 caller=QUEST2 WRTN  DIST                 area_wfp=74003964 ret_pc=70168732 real_wsp=700015A0 (was 74003950) shadow_wsp=700015A0 master_wfp=700015B4 depth=0
redirect seq=003070 caller=QUEST2 WSAVS DIST                 pc=70168717 area_wfp=74003964 argc=4 frame=0 real_wsp=700015AA shadow_wsp=700015B4 master_wfp=700015B4 ret=70166E20 depth=1
redirect seq=003072 caller=QUEST2 WRTN  DIST                 area_wfp=74003964 ret_pc=70168732 real_wsp=700015A0 (was 74003950) shadow_wsp=700015A0 master_wfp=700015B4 depth=0
redirect seq=003075 caller=QUEST2 WSAVS DIST                 pc=70168717 area_wfp=74003964 argc=4 frame=0 real_wsp=700015AA shadow_wsp=700015B4 master_wfp=700015B4 ret=70166E20 depth=1
redirect seq=003077 caller=QUEST2 WRTN  DIST                 area_wfp=74003964 ret_pc=70168732 real_wsp=700015A0 (was 74003950) shadow_wsp=700015A0 master_wfp=700015B4 depth=0
redirect seq=003081 caller=QUEST2 WSAVS DIST                 pc=70168717 area_wfp=74003964 argc=4 frame=0 real_wsp=700015AA shadow_wsp=700015B4 master_wfp=700015B4 ret=70166E20 depth=1
redirect seq=003083 caller=QUEST2 WRTN  DIST                 area_wfp=74003964 ret_pc=70168732 real_wsp=700015A0 (was 74003950) shadow_wsp=700015A0 master_wfp=700015B4 depth=0
redirect seq=003085 caller=QUEST2 WSAVS DIST                 pc=70168717 area_wfp=74003964 argc=4 frame=0 real_wsp=700015AA shadow_wsp=700015B4 master_wfp=700015B4 ret=70166E20 depth=1
redirect seq=003087 caller=QUEST2 WRTN  DIST                 area_wfp=74003964 ret_pc=70168732 real_wsp=700015A0 (was 74003950) shadow_wsp=700015A0 master_wfp=700015B4 depth=0
redirect seq=003092 caller=QUEST2 WSAVS DIST                 pc=70168717 area_wfp=74003964 argc=4 frame=0 real_wsp=700015AA shadow_wsp=700015B4 master_wfp=700015B4 ret=70166E20 depth=1
redirect seq=003094 caller=QUEST2 WRTN  DIST                 area_wfp=74003964 ret_pc=70168732 real_wsp=700015A0 (was 74003950) shadow_wsp=700015A0 master_wfp=700015B4 depth=0
redirect seq=003096 caller=QUEST2 WSAVS DIST                 pc=70168717 area_wfp=74003964 argc=4 frame=0 real_wsp=700015AA shadow_wsp=700015B4 master_wfp=700015B4 ret=70166E20 depth=1
redirect seq=003098 caller=QUEST2 WRTN  DIST                 area_wfp=74003964 ret_pc=70168732 real_wsp=700015A0 (was 74003950) shadow_wsp=700015A0 master_wfp=700015B4 depth=0
redirect seq=003100 caller=QUEST2 WSAVS DIST                 pc=70168717 area_wfp=74003964 argc=4 frame=0 real_wsp=700015AA shadow_wsp=700015B4 master_wfp=700015B4 ret=70166E20 depth=1
redirect seq=003102 caller=QUEST2 WRTN  DIST                 area_wfp=74003964 ret_pc=70168732 real_wsp=700015A0 (was 74003950) shadow_wsp=700015A0 master_wfp=700015B4 depth=0
redirect seq=003107 caller=QUEST2 WSAVS DIST                 pc=70168717 area_wfp=74003964 argc=4 frame=0 real_wsp=700015AA shadow_wsp=700015B4 master_wfp=700015B4 ret=70166E20 depth=1
redirect seq=003109 caller=QUEST2 WRTN  DIST                 area_wfp=74003964 ret_pc=70168732 real_wsp=700015A0 (was 74003950) shadow_wsp=700015A0 master_wfp=700015B4 depth=0
redirect seq=003111 caller=QUEST2 WSAVS DIST                 pc=70168717 area_wfp=74003964 argc=4 frame=0 real_wsp=700015AA shadow_wsp=700015B4 master_wfp=700015B4 ret=70166E20 depth=1
redirect seq=003113 caller=QUEST2 WRTN  DIST                 area_wfp=74003964 ret_pc=70168732 real_wsp=700015A0 (was 74003950) shadow_wsp=700015A0 master_wfp=700015B4 depth=0
redirect seq=003115 caller=QUEST2 WSAVS DIST                 pc=70168717 area_wfp=74003964 argc=4 frame=0 real_wsp=700015AA shadow_wsp=700015B4 master_wfp=700015B4 ret=70166E20 depth=1
redirect seq=003117 caller=QUEST2 WRTN  DIST                 area_wfp=74003964 ret_pc=70168732 real_wsp=700015A0 (was 74003950) shadow_wsp=700015A0 master_wfp=700015B4 depth=0
redirect seq=003122 caller=QUEST2 WSAVS DIST                 pc=70168717 area_wfp=74003964 argc=4 frame=0 real_wsp=700015AA shadow_wsp=700015B4 master_wfp=700015B4 ret=70166E20 depth=1
redirect seq=003124 caller=QUEST2 WRTN  DIST                 area_wfp=74003964 ret_pc=70168732 real_wsp=700015A0 (was 74003950) shadow_wsp=700015A0 master_wfp=700015B4 depth=0
redirect seq=003126 caller=QUEST2 WSAVS DIST                 pc=70168717 area_wfp=74003964 argc=4 frame=0 real_wsp=700015AA shadow_wsp=700015B4 master_wfp=700015B4 ret=70166E20 depth=1
redirect seq=003128 caller=QUEST2 WRTN  DIST                 area_wfp=74003964 ret_pc=70168732 real_wsp=700015A0 (was 74003950) shadow_wsp=700015A0 master_wfp=700015B4 depth=0
redirect seq=003130 caller=QUEST2 WSAVS DIST                 pc=70168717 area_wfp=74003964 argc=4 frame=0 real_wsp=700015AA shadow_wsp=700015B4 master_wfp=700015B4 ret=70166E20 depth=1
redirect seq=003132 caller=QUEST2 WRTN  DIST                 area_wfp=74003964 ret_pc=70168732 real_wsp=700015A0 (was 74003950) shadow_wsp=700015A0 master_wfp=700015B4 depth=0
redirect seq=003136 caller=QUEST2 WSAVS DIST                 pc=70168717 area_wfp=74003964 argc=4 frame=0 real_wsp=700015AA shadow_wsp=700015B4 master_wfp=700015B4 ret=70166E20 depth=1
redirect seq=003138 caller=QUEST2 WRTN  DIST                 area_wfp=74003964 ret_pc=70168732 real_wsp=700015A0 (was 74003950) shadow_wsp=700015A0 master_wfp=700015B4 depth=0
redirect seq=003140 caller=QUEST2 WSAVS DIST                 pc=70168717 area_wfp=74003964 argc=4 frame=0 real_wsp=700015AA shadow_wsp=700015B4 master_wfp=700015B4 ret=70166E20 depth=1
redirect seq=003143 caller=QUEST2 WRTN  DIST                 area_wfp=74003964 ret_pc=70168732 real_wsp=700015A0 (was 74003950) shadow_wsp=700015A0 master_wfp=700015B4 depth=0
redirect seq=003145 caller=QUEST2 WSAVS DIST                 pc=70168717 area_wfp=74003964 argc=4 frame=0 real_wsp=700015AA shadow_wsp=700015B4 master_wfp=700015B4 ret=70166E20 depth=1
redirect seq=003147 caller=QUEST2 WRTN  DIST                 area_wfp=74003964 ret_pc=70168732 real_wsp=700015A0 (was 74003950) shadow_wsp=700015A0 master_wfp=700015B4 depth=0
redirect seq=003152 caller=QUEST2 WSAVS DIST                 pc=70168717 area_wfp=74003964 argc=4 frame=0 real_wsp=700015AA shadow_wsp=700015B4 master_wfp=700015B4 ret=70166E20 depth=1
redirect seq=003154 caller=QUEST2 WRTN  DIST                 area_wfp=74003964 ret_pc=70168732 real_wsp=700015A0 (was 74003950) shadow_wsp=700015A0 master_wfp=700015B4 depth=0
redirect seq=003156 caller=QUEST2 WSAVS DIST                 pc=70168717 area_wfp=74003964 argc=4 frame=0 real_wsp=700015AA shadow_wsp=700015B4 master_wfp=700015B4 ret=70166E20 depth=1
redirect seq=003158 caller=QUEST2 WRTN  DIST                 area_wfp=74003964 ret_pc=70168732 real_wsp=700015A0 (was 74003950) shadow_wsp=700015A0 master_wfp=700015B4 depth=0
redirect seq=003160 caller=QUEST2 WSAVS DIST                 pc=70168717 area_wfp=74003964 argc=4 frame=0 real_wsp=700015AA shadow_wsp=700015B4 master_wfp=700015B4 ret=70166E20 depth=1
redirect seq=003162 caller=QUEST2 WRTN  DIST                 area_wfp=74003964 ret_pc=70168732 real_wsp=700015A0 (was 74003950) shadow_wsp=700015A0 master_wfp=700015B4 depth=0
redirect seq=003167 caller=QUEST2 WSAVS DIST                 pc=70168717 area_wfp=74003964 argc=4 frame=0 real_wsp=700015AA shadow_wsp=700015B4 master_wfp=700015B4 ret=70166E20 depth=1
redirect seq=003169 caller=QUEST2 WRTN  DIST                 area_wfp=74003964 ret_pc=70168732 real_wsp=700015A0 (was 74003950) shadow_wsp=700015A0 master_wfp=700015B4 depth=0
redirect seq=003171 caller=QUEST2 WSAVS DIST                 pc=70168717 area_wfp=74003964 argc=4 frame=0 real_wsp=700015AA shadow_wsp=700015B4 master_wfp=700015B4 ret=70166E20 depth=1
redirect seq=003173 caller=QUEST2 WRTN  DIST                 area_wfp=74003964 ret_pc=70168732 real_wsp=700015A0 (was 74003950) shadow_wsp=700015A0 master_wfp=700015B4 depth=0
redirect seq=003175 caller=QUEST2 WSAVS DIST                 pc=70168717 area_wfp=74003964 argc=4 frame=0 real_wsp=700015AA shadow_wsp=700015B4 master_wfp=700015B4 ret=70166E20 depth=1
redirect seq=003177 caller=QUEST2 WRTN  DIST                 area_wfp=74003964 ret_pc=70168732 real_wsp=700015A0 (was 74003950) shadow_wsp=700015A0 master_wfp=700015B4 depth=0
redirect seq=003180 caller=QUEST2 WSAVS DIST                 pc=70168717 area_wfp=74003964 argc=4 frame=0 real_wsp=700015AA shadow_wsp=700015B4 master_wfp=700015B4 ret=70166E20 depth=1
redirect seq=003182 caller=QUEST2 WRTN  DIST                 area_wfp=74003964 ret_pc=70168732 real_wsp=700015A0 (was 74003950) shadow_wsp=700015A0 master_wfp=700015B4 depth=0
redirect seq=003186 caller=QUEST2 WSAVS DIST                 pc=70168717 area_wfp=74003964 argc=4 frame=0 real_wsp=700015AA shadow_wsp=700015B4 master_wfp=700015B4 ret=70166E20 depth=1
redirect seq=003188 caller=QUEST2 WRTN  DIST                 area_wfp=74003964 ret_pc=70168732 real_wsp=700015A0 (was 74003950) shadow_wsp=700015A0 master_wfp=700015B4 depth=0
redirect seq=003190 caller=QUEST2 WSAVS DIST                 pc=70168717 area_wfp=74003964 argc=4 frame=0 real_wsp=700015AA shadow_wsp=700015B4 master_wfp=700015B4 ret=70166E20 depth=1
redirect seq=003192 caller=QUEST2 WRTN  DIST                 area_wfp=74003964 ret_pc=70168732 real_wsp=700015A0 (was 74003950) shadow_wsp=700015A0 master_wfp=700015B4 depth=0
redirect seq=003197 caller=QUEST2 WSAVS DIST                 pc=70168717 area_wfp=74003964 argc=4 frame=0 real_wsp=700015AA shadow_wsp=700015B4 master_wfp=700015B4 ret=70166E20 depth=1
redirect seq=003199 caller=QUEST2 WRTN  DIST                 area_wfp=74003964 ret_pc=70168732 real_wsp=700015A0 (was 74003950) shadow_wsp=700015A0 master_wfp=700015B4 depth=0
redirect seq=003201 caller=QUEST2 WSAVS DIST                 pc=70168717 area_wfp=74003964 argc=4 frame=0 real_wsp=700015AA shadow_wsp=700015B4 master_wfp=700015B4 ret=70166E20 depth=1
redirect seq=003203 caller=QUEST2 WRTN  DIST                 area_wfp=74003964 ret_pc=70168732 real_wsp=700015A0 (was 74003950) shadow_wsp=700015A0 master_wfp=700015B4 depth=0
redirect seq=003205 caller=QUEST2 WSAVS DIST                 pc=70168717 area_wfp=74003964 argc=4 frame=0 real_wsp=700015AA shadow_wsp=700015B4 master_wfp=700015B4 ret=70166E20 depth=1
redirect seq=003207 caller=QUEST2 WRTN  DIST                 area_wfp=74003964 ret_pc=70168732 real_wsp=700015A0 (was 74003950) shadow_wsp=700015A0 master_wfp=700015B4 depth=0
redirect seq=003210 caller=QUEST2 WSAVS DIST                 pc=70168717 area_wfp=74003964 argc=4 frame=0 real_wsp=700015AA shadow_wsp=700015B4 master_wfp=700015B4 ret=70166E20 depth=1
redirect seq=003212 caller=QUEST2 WRTN  DIST                 area_wfp=74003964 ret_pc=70168732 real_wsp=700015A0 (was 74003950) shadow_wsp=700015A0 master_wfp=700015B4 depth=0
redirect seq=003216 caller=QUEST2 WSAVS DIST                 pc=70168717 area_wfp=74003964 argc=4 frame=0 real_wsp=700015AA shadow_wsp=700015B4 master_wfp=700015B4 ret=70166E20 depth=1
redirect seq=003218 caller=QUEST2 WRTN  DIST                 area_wfp=74003964 ret_pc=70168732 real_wsp=700015A0 (was 74003950) shadow_wsp=700015A0 master_wfp=700015B4 depth=0
redirect seq=003220 caller=QUEST2 WSAVS DIST                 pc=70168717 area_wfp=74003964 argc=4 frame=0 real_wsp=700015AA shadow_wsp=700015B4 master_wfp=700015B4 ret=70166E20 depth=1
redirect seq=003222 caller=QUEST2 WRTN  DIST                 area_wfp=74003964 ret_pc=70168732 real_wsp=700015A0 (was 74003950) shadow_wsp=700015A0 master_wfp=700015B4 depth=0
redirect seq=003227 caller=QUEST2 WSAVS DIST                 pc=70168717 area_wfp=74003964 argc=4 frame=0 real_wsp=700015AA shadow_wsp=700015B4 master_wfp=700015B4 ret=70166E20 depth=1
redirect seq=003229 caller=QUEST2 WRTN  DIST                 area_wfp=74003964 ret_pc=70168732 real_wsp=700015A0 (was 74003950) shadow_wsp=700015A0 master_wfp=700015B4 depth=0
redirect seq=003231 caller=QUEST2 WSAVS DIST                 pc=70168717 area_wfp=74003964 argc=4 frame=0 real_wsp=700015AA shadow_wsp=700015B4 master_wfp=700015B4 ret=70166E20 depth=1
redirect seq=003233 caller=QUEST2 WRTN  DIST                 area_wfp=74003964 ret_pc=70168732 real_wsp=700015A0 (was 74003950) shadow_wsp=700015A0 master_wfp=700015B4 depth=0
redirect seq=003235 caller=QUEST2 WSAVS DIST                 pc=70168717 area_wfp=74003964 argc=4 frame=0 real_wsp=700015AA shadow_wsp=700015B4 master_wfp=700015B4 ret=70166E20 depth=1
redirect seq=003237 caller=QUEST2 WRTN  DIST                 area_wfp=74003964 ret_pc=70168732 real_wsp=700015A0 (was 74003950) shadow_wsp=700015A0 master_wfp=700015B4 depth=0
redirect seq=003241 caller=QUEST2 WSAVS DIST                 pc=70168717 area_wfp=74003964 argc=4 frame=0 real_wsp=700015AA shadow_wsp=700015B4 master_wfp=700015B4 ret=70166E20 depth=1
redirect seq=003243 caller=QUEST2 WRTN  DIST                 area_wfp=74003964 ret_pc=70168732 real_wsp=700015A0 (was 74003950) shadow_wsp=700015A0 master_wfp=700015B4 depth=0
redirect seq=003245 caller=QUEST2 WSAVS DIST                 pc=70168717 area_wfp=74003964 argc=4 frame=0 real_wsp=700015AA shadow_wsp=700015B4 master_wfp=700015B4 ret=70166E20 depth=1
redirect seq=003248 caller=QUEST2 WRTN  DIST                 area_wfp=74003964 ret_pc=70168732 real_wsp=700015A0 (was 74003950) shadow_wsp=700015A0 master_wfp=700015B4 depth=0
redirect seq=003250 caller=QUEST2 WSAVS DIST                 pc=70168717 area_wfp=74003964 argc=4 frame=0 real_wsp=700015AA shadow_wsp=700015B4 master_wfp=700015B4 ret=70166E20 depth=1
redirect seq=003252 caller=QUEST2 WRTN  DIST                 area_wfp=74003964 ret_pc=70168732 real_wsp=700015A0 (was 74003950) shadow_wsp=700015A0 master_wfp=700015B4 depth=0
redirect seq=003257 caller=QUEST2 WSAVS DIST                 pc=70168717 area_wfp=74003964 argc=4 frame=0 real_wsp=700015AA shadow_wsp=700015B4 master_wfp=700015B4 ret=70166E20 depth=1
redirect seq=003259 caller=QUEST2 WRTN  DIST                 area_wfp=74003964 ret_pc=70168732 real_wsp=700015A0 (was 74003950) shadow_wsp=700015A0 master_wfp=700015B4 depth=0
redirect seq=003261 caller=QUEST2 WSAVS DIST                 pc=70168717 area_wfp=74003964 argc=4 frame=0 real_wsp=700015AA shadow_wsp=700015B4 master_wfp=700015B4 ret=70166E20 depth=1
redirect seq=003263 caller=QUEST2 WRTN  DIST                 area_wfp=74003964 ret_pc=70168732 real_wsp=700015A0 (was 74003950) shadow_wsp=700015A0 master_wfp=700015B4 depth=0
redirect seq=003265 caller=QUEST2 WSAVS DIST                 pc=70168717 area_wfp=74003964 argc=4 frame=0 real_wsp=700015AA shadow_wsp=700015B4 master_wfp=700015B4 ret=70166E20 depth=1
redirect seq=003267 caller=QUEST2 WRTN  DIST                 area_wfp=74003964 ret_pc=70168732 real_wsp=700015A0 (was 74003950) shadow_wsp=700015A0 master_wfp=700015B4 depth=0
redirect seq=003272 caller=QUEST2 WSAVS DIST                 pc=70168717 area_wfp=74003964 argc=4 frame=0 real_wsp=700015AA shadow_wsp=700015B4 master_wfp=700015B4 ret=70166E20 depth=1
redirect seq=003274 caller=QUEST2 WRTN  DIST                 area_wfp=74003964 ret_pc=70168732 real_wsp=700015A0 (was 74003950) shadow_wsp=700015A0 master_wfp=700015B4 depth=0
redirect seq=003276 caller=QUEST2 WSAVS DIST                 pc=70168717 area_wfp=74003964 argc=4 frame=0 real_wsp=700015AA shadow_wsp=700015B4 master_wfp=700015B4 ret=70166E20 depth=1
redirect seq=003278 caller=QUEST2 WRTN  DIST                 area_wfp=74003964 ret_pc=70168732 real_wsp=700015A0 (was 74003950) shadow_wsp=700015A0 master_wfp=700015B4 depth=0
redirect seq=003280 caller=QUEST2 WSAVS DIST                 pc=70168717 area_wfp=74003964 argc=4 frame=0 real_wsp=700015AA shadow_wsp=700015B4 master_wfp=700015B4 ret=70166E20 depth=1
redirect seq=003282 caller=QUEST2 WRTN  DIST                 area_wfp=74003964 ret_pc=70168732 real_wsp=700015A0 (was 74003950) shadow_wsp=700015A0 master_wfp=700015B4 depth=0
redirect seq=003287 caller=QUEST2 WSAVS DIST                 pc=70168717 area_wfp=74003964 argc=4 frame=0 real_wsp=700015AA shadow_wsp=700015B4 master_wfp=700015B4 ret=70166E20 depth=1
redirect seq=003289 caller=QUEST2 WRTN  DIST                 area_wfp=74003964 ret_pc=70168732 real_wsp=700015A0 (was 74003950) shadow_wsp=700015A0 master_wfp=700015B4 depth=0
redirect seq=003291 caller=QUEST2 WSAVS DIST                 pc=70168717 area_wfp=74003964 argc=4 frame=0 real_wsp=700015AA shadow_wsp=700015B4 master_wfp=700015B4 ret=70166E20 depth=1
redirect seq=003293 caller=QUEST2 WRTN  DIST                 area_wfp=74003964 ret_pc=70168732 real_wsp=700015A0 (was 74003950) shadow_wsp=700015A0 master_wfp=700015B4 depth=0
redirect seq=003295 caller=QUEST2 WSAVS DIST                 pc=70168717 area_wfp=74003964 argc=4 frame=0 real_wsp=700015AA shadow_wsp=700015B4 master_wfp=700015B4 ret=70166E20 depth=1
redirect seq=003297 caller=QUEST2 WRTN  DIST                 area_wfp=74003964 ret_pc=70168732 real_wsp=700015A0 (was 74003950) shadow_wsp=700015A0 master_wfp=700015B4 depth=0
redirect seq=003301 caller=QUEST2 WSAVS DIST                 pc=70168717 area_wfp=74003964 argc=4 frame=0 real_wsp=700015AA shadow_wsp=700015B4 master_wfp=700015B4 ret=70166E20 depth=1
redirect seq=003303 caller=QUEST2 WRTN  DIST                 area_wfp=74003964 ret_pc=70168732 real_wsp=700015A0 (was 74003950) shadow_wsp=700015A0 master_wfp=700015B4 depth=0
redirect seq=003305 caller=QUEST2 WSAVS DIST                 pc=70168717 area_wfp=74003964 argc=4 frame=0 real_wsp=700015AA shadow_wsp=700015B4 master_wfp=700015B4 ret=70166E20 depth=1
redirect seq=003308 caller=QUEST2 WRTN  DIST                 area_wfp=74003964 ret_pc=70168732 real_wsp=700015A0 (was 74003950) shadow_wsp=700015A0 master_wfp=700015B4 depth=0
redirect seq=003310 caller=QUEST2 WSAVS DIST                 pc=70168717 area_wfp=74003964 argc=4 frame=0 real_wsp=700015AA shadow_wsp=700015B4 master_wfp=700015B4 ret=70166E20 depth=1
redirect seq=003312 caller=QUEST2 WRTN  DIST                 area_wfp=74003964 ret_pc=70168732 real_wsp=700015A0 (was 74003950) shadow_wsp=700015A0 master_wfp=700015B4 depth=0
redirect seq=003317 caller=QUEST2 WSAVS DIST                 pc=70168717 area_wfp=74003964 argc=4 frame=0 real_wsp=700015AA shadow_wsp=700015B4 master_wfp=700015B4 ret=70166E20 depth=1
redirect seq=003319 caller=QUEST2 WRTN  DIST                 area_wfp=74003964 ret_pc=70168732 real_wsp=700015A0 (was 74003950) shadow_wsp=700015A0 master_wfp=700015B4 depth=0
redirect seq=003321 caller=QUEST2 WSAVS DIST                 pc=70168717 area_wfp=74003964 argc=4 frame=0 real_wsp=700015AA shadow_wsp=700015B4 master_wfp=700015B4 ret=70166E20 depth=1
redirect seq=003323 caller=QUEST2 WRTN  DIST                 area_wfp=74003964 ret_pc=70168732 real_wsp=700015A0 (was 74003950) shadow_wsp=700015A0 master_wfp=700015B4 depth=0
redirect seq=003325 caller=QUEST2 WSAVS DIST                 pc=70168717 area_wfp=74003964 argc=4 frame=0 real_wsp=700015AA shadow_wsp=700015B4 master_wfp=700015B4 ret=70166E20 depth=1
redirect seq=003327 caller=QUEST2 WRTN  DIST                 area_wfp=74003964 ret_pc=70168732 real_wsp=700015A0 (was 74003950) shadow_wsp=700015A0 master_wfp=700015B4 depth=0
redirect seq=003332 caller=QUEST2 WSAVS DIST                 pc=70168717 area_wfp=74003964 argc=4 frame=0 real_wsp=700015AA shadow_wsp=700015B4 master_wfp=700015B4 ret=70166E20 depth=1
redirect seq=003334 caller=QUEST2 WRTN  DIST                 area_wfp=74003964 ret_pc=70168732 real_wsp=700015A0 (was 74003950) shadow_wsp=700015A0 master_wfp=700015B4 depth=0
redirect seq=003336 caller=QUEST2 WSAVS DIST                 pc=70168717 area_wfp=74003964 argc=4 frame=0 real_wsp=700015AA shadow_wsp=700015B4 master_wfp=700015B4 ret=70166E20 depth=1
redirect seq=003338 caller=QUEST2 WRTN  DIST                 area_wfp=74003964 ret_pc=70168732 real_wsp=700015A0 (was 74003950) shadow_wsp=700015A0 master_wfp=700015B4 depth=0
redirect seq=003340 caller=QUEST2 WSAVS DIST                 pc=70168717 area_wfp=74003964 argc=4 frame=0 real_wsp=700015AA shadow_wsp=700015B4 master_wfp=700015B4 ret=70166E20 depth=1
redirect seq=003342 caller=QUEST2 WRTN  DIST                 area_wfp=74003964 ret_pc=70168732 real_wsp=700015A0 (was 74003950) shadow_wsp=700015A0 master_wfp=700015B4 depth=0
redirect seq=003345 caller=QUEST2 WSAVS DIST                 pc=70168717 area_wfp=74003964 argc=4 frame=0 real_wsp=700015AA shadow_wsp=700015B4 master_wfp=700015B4 ret=70166E20 depth=1
redirect seq=003347 caller=QUEST2 WRTN  DIST                 area_wfp=74003964 ret_pc=70168732 real_wsp=700015A0 (was 74003950) shadow_wsp=700015A0 master_wfp=700015B4 depth=0
redirect seq=003351 caller=QUEST2 WSAVS DIST                 pc=70168717 area_wfp=74003964 argc=4 frame=0 real_wsp=700015AA shadow_wsp=700015B4 master_wfp=700015B4 ret=70166E20 depth=1
redirect seq=003353 caller=QUEST2 WRTN  DIST                 area_wfp=74003964 ret_pc=70168732 real_wsp=700015A0 (was 74003950) shadow_wsp=700015A0 master_wfp=700015B4 depth=0
redirect seq=003355 caller=QUEST2 WSAVS DIST                 pc=70168717 area_wfp=74003964 argc=4 frame=0 real_wsp=700015AA shadow_wsp=700015B4 master_wfp=700015B4 ret=70166E20 depth=1
redirect seq=003357 caller=QUEST2 WRTN  DIST                 area_wfp=74003964 ret_pc=70168732 real_wsp=700015A0 (was 74003950) shadow_wsp=700015A0 master_wfp=700015B4 depth=0
redirect seq=003362 caller=QUEST2 WSAVS DIST                 pc=70168717 area_wfp=74003964 argc=4 frame=0 real_wsp=700015AA shadow_wsp=700015B4 master_wfp=700015B4 ret=70166E20 depth=1
redirect seq=003364 caller=QUEST2 WRTN  DIST                 area_wfp=74003964 ret_pc=70168732 real_wsp=700015A0 (was 74003950) shadow_wsp=700015A0 master_wfp=700015B4 depth=0
redirect seq=003366 caller=QUEST2 WSAVS DIST                 pc=70168717 area_wfp=74003964 argc=4 frame=0 real_wsp=700015AA shadow_wsp=700015B4 master_wfp=700015B4 ret=70166E20 depth=1
redirect seq=003368 caller=QUEST2 WRTN  DIST                 area_wfp=74003964 ret_pc=70168732 real_wsp=700015A0 (was 74003950) shadow_wsp=700015A0 master_wfp=700015B4 depth=0
redirect seq=003370 caller=QUEST2 WSAVS DIST                 pc=70168717 area_wfp=74003964 argc=4 frame=0 real_wsp=700015AA shadow_wsp=700015B4 master_wfp=700015B4 ret=70166E20 depth=1
redirect seq=003372 caller=QUEST2 WRTN  DIST                 area_wfp=74003964 ret_pc=70168732 real_wsp=700015A0 (was 74003950) shadow_wsp=700015A0 master_wfp=700015B4 depth=0
redirect seq=003376 caller=QUEST2 WSAVS DIST                 pc=70168717 area_wfp=74003964 argc=4 frame=0 real_wsp=700015AA shadow_wsp=700015B4 master_wfp=700015B4 ret=70166E20 depth=1
redirect seq=003378 caller=QUEST2 WRTN  DIST                 area_wfp=74003964 ret_pc=70168732 real_wsp=700015A0 (was 74003950) shadow_wsp=700015A0 master_wfp=700015B4 depth=0
redirect seq=003380 caller=QUEST2 WSAVS DIST                 pc=70168717 area_wfp=74003964 argc=4 frame=0 real_wsp=700015AA shadow_wsp=700015B4 master_wfp=700015B4 ret=70166E20 depth=1
redirect seq=003382 caller=QUEST2 WRTN  DIST                 area_wfp=74003964 ret_pc=70168732 real_wsp=700015A0 (was 74003950) shadow_wsp=700015A0 master_wfp=700015B4 depth=0
redirect seq=003385 caller=QUEST2 WSAVS DIST                 pc=70168717 area_wfp=74003964 argc=4 frame=0 real_wsp=700015AA shadow_wsp=700015B4 master_wfp=700015B4 ret=70166E20 depth=1
redirect seq=003387 caller=QUEST2 WRTN  DIST                 area_wfp=74003964 ret_pc=70168732 real_wsp=700015A0 (was 74003950) shadow_wsp=700015A0 master_wfp=700015B4 depth=0
redirect seq=003392 caller=QUEST2 WSAVS DIST                 pc=70168717 area_wfp=74003964 argc=4 frame=0 real_wsp=700015AA shadow_wsp=700015B4 master_wfp=700015B4 ret=70166E20 depth=1
redirect seq=003394 caller=QUEST2 WRTN  DIST                 area_wfp=74003964 ret_pc=70168732 real_wsp=700015A0 (was 74003950) shadow_wsp=700015A0 master_wfp=700015B4 depth=0
redirect seq=003396 caller=QUEST2 WSAVS DIST                 pc=70168717 area_wfp=74003964 argc=4 frame=0 real_wsp=700015AA shadow_wsp=700015B4 master_wfp=700015B4 ret=70166E20 depth=1
redirect seq=003398 caller=QUEST2 WRTN  DIST                 area_wfp=74003964 ret_pc=70168732 real_wsp=700015A0 (was 74003950) shadow_wsp=700015A0 master_wfp=700015B4 depth=0
redirect seq=003400 caller=QUEST2 WSAVS DIST                 pc=70168717 area_wfp=74003964 argc=4 frame=0 real_wsp=700015AA shadow_wsp=700015B4 master_wfp=700015B4 ret=70166E20 depth=1
redirect seq=003402 caller=QUEST2 WRTN  DIST                 area_wfp=74003964 ret_pc=70168732 real_wsp=700015A0 (was 74003950) shadow_wsp=700015A0 master_wfp=700015B4 depth=0
redirect seq=003407 caller=QUEST2 WSAVS DIST                 pc=70168717 area_wfp=74003964 argc=4 frame=0 real_wsp=700015AA shadow_wsp=700015B4 master_wfp=700015B4 ret=70166E20 depth=1
redirect seq=003409 caller=QUEST2 WRTN  DIST                 area_wfp=74003964 ret_pc=70168732 real_wsp=700015A0 (was 74003950) shadow_wsp=700015A0 master_wfp=700015B4 depth=0
redirect seq=003411 caller=QUEST2 WSAVS DIST                 pc=70168717 area_wfp=74003964 argc=4 frame=0 real_wsp=700015AA shadow_wsp=700015B4 master_wfp=700015B4 ret=70166E20 depth=1
redirect seq=003413 caller=QUEST2 WRTN  DIST                 area_wfp=74003964 ret_pc=70168732 real_wsp=700015A0 (was 74003950) shadow_wsp=700015A0 master_wfp=700015B4 depth=0
redirect seq=003415 caller=QUEST2 WSAVS DIST                 pc=70168717 area_wfp=74003964 argc=4 frame=0 real_wsp=700015AA shadow_wsp=700015B4 master_wfp=700015B4 ret=70166E20 depth=1
redirect seq=003418 caller=QUEST2 WRTN  DIST                 area_wfp=74003964 ret_pc=70168732 real_wsp=700015A0 (was 74003950) shadow_wsp=700015A0 master_wfp=700015B4 depth=0
redirect seq=003420 caller=QUEST2 WSAVS DIST                 pc=70168717 area_wfp=74003964 argc=4 frame=0 real_wsp=700015AA shadow_wsp=700015B4 master_wfp=700015B4 ret=70166E20 depth=1
redirect seq=003424 caller=QUEST2 WRTN  DIST                 area_wfp=74003964 ret_pc=70168732 real_wsp=700015A0 (was 74003950) shadow_wsp=700015A0 master_wfp=700015B4 depth=0
redirect seq=003426 caller=QUEST2 WSAVS DIST                 pc=70168717 area_wfp=74003964 argc=4 frame=0 real_wsp=700015AA shadow_wsp=700015B4 master_wfp=700015B4 ret=70166E20 depth=1
redirect seq=003428 caller=QUEST2 WRTN  DIST                 area_wfp=74003964 ret_pc=70168732 real_wsp=700015A0 (was 74003950) shadow_wsp=700015A0 master_wfp=700015B4 depth=0
redirect seq=003430 caller=QUEST2 WSAVS DIST                 pc=70168717 area_wfp=74003964 argc=4 frame=0 real_wsp=700015AA shadow_wsp=700015B4 master_wfp=700015B4 ret=70166E20 depth=1
redirect seq=003432 caller=QUEST2 WRTN  DIST                 area_wfp=74003964 ret_pc=70168732 real_wsp=700015A0 (was 74003950) shadow_wsp=700015A0 master_wfp=700015B4 depth=0
redirect seq=003437 caller=QUEST2 WSAVS DIST                 pc=70168717 area_wfp=74003964 argc=4 frame=0 real_wsp=700015AA shadow_wsp=700015B4 master_wfp=700015B4 ret=70166E20 depth=1
redirect seq=003439 caller=QUEST2 WRTN  DIST                 area_wfp=74003964 ret_pc=70168732 real_wsp=700015A0 (was 74003950) shadow_wsp=700015A0 master_wfp=700015B4 depth=0
redirect seq=003441 caller=QUEST2 WSAVS DIST                 pc=70168717 area_wfp=74003964 argc=4 frame=0 real_wsp=700015AA shadow_wsp=700015B4 master_wfp=700015B4 ret=70166E20 depth=1
redirect seq=003443 caller=QUEST2 WRTN  DIST                 area_wfp=74003964 ret_pc=70168732 real_wsp=700015A0 (was 74003950) shadow_wsp=700015A0 master_wfp=700015B4 depth=0
redirect seq=003445 caller=QUEST2 WSAVS DIST                 pc=70168717 area_wfp=74003964 argc=4 frame=0 real_wsp=700015AA shadow_wsp=700015B4 master_wfp=700015B4 ret=70166E20 depth=1
redirect seq=003447 caller=QUEST2 WRTN  DIST                 area_wfp=74003964 ret_pc=70168732 real_wsp=700015A0 (was 74003950) shadow_wsp=700015A0 master_wfp=700015B4 depth=0
redirect seq=003451 caller=QUEST2 WSAVS DIST                 pc=70168717 area_wfp=74003964 argc=4 frame=0 real_wsp=700015AA shadow_wsp=700015B4 master_wfp=700015B4 ret=70166E20 depth=1
redirect seq=003453 caller=QUEST2 WRTN  DIST                 area_wfp=74003964 ret_pc=70168732 real_wsp=700015A0 (was 74003950) shadow_wsp=700015A0 master_wfp=700015B4 depth=0
redirect seq=003455 caller=QUEST2 WSAVS DIST                 pc=70168717 area_wfp=74003964 argc=4 frame=0 real_wsp=700015AA shadow_wsp=700015B4 master_wfp=700015B4 ret=70166E20 depth=1
redirect seq=003458 caller=QUEST2 WRTN  DIST                 area_wfp=74003964 ret_pc=70168732 real_wsp=700015A0 (was 74003950) shadow_wsp=700015A0 master_wfp=700015B4 depth=0
redirect seq=003460 caller=QUEST2 WSAVS DIST                 pc=70168717 area_wfp=74003964 argc=4 frame=0 real_wsp=700015AA shadow_wsp=700015B4 master_wfp=700015B4 ret=70166E20 depth=1
redirect seq=003462 caller=QUEST2 WRTN  DIST                 area_wfp=74003964 ret_pc=70168732 real_wsp=700015A0 (was 74003950) shadow_wsp=700015A0 master_wfp=700015B4 depth=0
redirect seq=003467 caller=QUEST2 WSAVS DIST                 pc=70168717 area_wfp=74003964 argc=4 frame=0 real_wsp=700015AA shadow_wsp=700015B4 master_wfp=700015B4 ret=70166E20 depth=1
redirect seq=003469 caller=QUEST2 WRTN  DIST                 area_wfp=74003964 ret_pc=70168732 real_wsp=700015A0 (was 74003950) shadow_wsp=700015A0 master_wfp=700015B4 depth=0
redirect seq=003471 caller=QUEST2 WSAVS DIST                 pc=70168717 area_wfp=74003964 argc=4 frame=0 real_wsp=700015AA shadow_wsp=700015B4 master_wfp=700015B4 ret=70166E20 depth=1
redirect seq=003473 caller=QUEST2 WRTN  DIST                 area_wfp=74003964 ret_pc=70168732 real_wsp=700015A0 (was 74003950) shadow_wsp=700015A0 master_wfp=700015B4 depth=0
redirect seq=003475 caller=QUEST2 WSAVS DIST                 pc=70168717 area_wfp=74003964 argc=4 frame=0 real_wsp=700015AA shadow_wsp=700015B4 master_wfp=700015B4 ret=70166E20 depth=1
redirect seq=003477 caller=QUEST2 WRTN  DIST                 area_wfp=74003964 ret_pc=70168732 real_wsp=700015A0 (was 74003950) shadow_wsp=700015A0 master_wfp=700015B4 depth=0
redirect seq=003482 caller=QUEST2 WSAVS DIST                 pc=70168717 area_wfp=74003964 argc=4 frame=0 real_wsp=700015AA shadow_wsp=700015B4 master_wfp=700015B4 ret=70166E20 depth=1
redirect seq=003484 caller=QUEST2 WRTN  DIST                 area_wfp=74003964 ret_pc=70168732 real_wsp=700015A0 (was 74003950) shadow_wsp=700015A0 master_wfp=700015B4 depth=0
redirect seq=003486 caller=QUEST2 WSAVS DIST                 pc=70168717 area_wfp=74003964 argc=4 frame=0 real_wsp=700015AA shadow_wsp=700015B4 master_wfp=700015B4 ret=70166E20 depth=1
redirect seq=003488 caller=QUEST2 WRTN  DIST                 area_wfp=74003964 ret_pc=70168732 real_wsp=700015A0 (was 74003950) shadow_wsp=700015A0 master_wfp=700015B4 depth=0
redirect seq=003490 caller=QUEST2 WSAVS DIST                 pc=70168717 area_wfp=74003964 argc=4 frame=0 real_wsp=700015AA shadow_wsp=700015B4 master_wfp=700015B4 ret=70166E20 depth=1
redirect seq=003492 caller=QUEST2 WRTN  DIST                 area_wfp=74003964 ret_pc=70168732 real_wsp=700015A0 (was 74003950) shadow_wsp=700015A0 master_wfp=700015B4 depth=0
redirect seq=003495 caller=QUEST2 WSAVS DIST                 pc=70168717 area_wfp=74003964 argc=4 frame=0 real_wsp=700015AA shadow_wsp=700015B4 master_wfp=700015B4 ret=70166E20 depth=1
redirect seq=003499 caller=QUEST2 WRTN  DIST                 area_wfp=74003964 ret_pc=70168732 real_wsp=700015A0 (was 74003950) shadow_wsp=700015A0 master_wfp=700015B4 depth=0
redirect seq=003501 caller=QUEST2 WSAVS DIST                 pc=70168717 area_wfp=74003964 argc=4 frame=0 real_wsp=700015AA shadow_wsp=700015B4 master_wfp=700015B4 ret=70166E20 depth=1
redirect seq=003503 caller=QUEST2 WRTN  DIST                 area_wfp=74003964 ret_pc=70168732 real_wsp=700015A0 (was 74003950) shadow_wsp=700015A0 master_wfp=700015B4 depth=0
redirect seq=003505 caller=QUEST2 WSAVS DIST                 pc=70168717 area_wfp=74003964 argc=4 frame=0 real_wsp=700015AA shadow_wsp=700015B4 master_wfp=700015B4 ret=70166E20 depth=1
redirect seq=003507 caller=QUEST2 WRTN  DIST                 area_wfp=74003964 ret_pc=70168732 real_wsp=700015A0 (was 74003950) shadow_wsp=700015A0 master_wfp=700015B4 depth=0
redirect seq=003512 caller=QUEST2 WSAVS DIST                 pc=70168717 area_wfp=74003964 argc=4 frame=0 real_wsp=700015AA shadow_wsp=700015B4 master_wfp=700015B4 ret=70166E20 depth=1
redirect seq=003514 caller=QUEST2 WRTN  DIST                 area_wfp=74003964 ret_pc=70168732 real_wsp=700015A0 (was 74003950) shadow_wsp=700015A0 master_wfp=700015B4 depth=0
redirect seq=003516 caller=QUEST2 WSAVS DIST                 pc=70168717 area_wfp=74003964 argc=4 frame=0 real_wsp=700015AA shadow_wsp=700015B4 master_wfp=700015B4 ret=70166E20 depth=1
redirect seq=003518 caller=QUEST2 WRTN  DIST                 area_wfp=74003964 ret_pc=70168732 real_wsp=700015A0 (was 74003950) shadow_wsp=700015A0 master_wfp=700015B4 depth=0
redirect seq=003520 caller=QUEST2 WSAVS DIST                 pc=70168717 area_wfp=74003964 argc=4 frame=0 real_wsp=700015AA shadow_wsp=700015B4 master_wfp=700015B4 ret=70166E20 depth=1
redirect seq=003522 caller=QUEST2 WRTN  DIST                 area_wfp=74003964 ret_pc=70168732 real_wsp=700015A0 (was 74003950) shadow_wsp=700015A0 master_wfp=700015B4 depth=0
redirect seq=003525 caller=QUEST2 WSAVS DIST                 pc=70168717 area_wfp=74003964 argc=4 frame=0 real_wsp=700015AA shadow_wsp=700015B4 master_wfp=700015B4 ret=70166E20 depth=1
redirect seq=003529 caller=QUEST2 WRTN  DIST                 area_wfp=74003964 ret_pc=70168732 real_wsp=700015A0 (was 74003950) shadow_wsp=700015A0 master_wfp=700015B4 depth=0
redirect seq=003531 caller=QUEST2 WSAVS DIST                 pc=70168717 area_wfp=74003964 argc=4 frame=0 real_wsp=700015AA shadow_wsp=700015B4 master_wfp=700015B4 ret=70166E20 depth=1
redirect seq=003533 caller=QUEST2 WRTN  DIST                 area_wfp=74003964 ret_pc=70168732 real_wsp=700015A0 (was 74003950) shadow_wsp=700015A0 master_wfp=700015B4 depth=0
redirect seq=003535 caller=QUEST2 WSAVS DIST                 pc=70168717 area_wfp=74003964 argc=4 frame=0 real_wsp=700015AA shadow_wsp=700015B4 master_wfp=700015B4 ret=70166E20 depth=1
redirect seq=003537 caller=QUEST2 WRTN  DIST                 area_wfp=74003964 ret_pc=70168732 real_wsp=700015A0 (was 74003950) shadow_wsp=700015A0 master_wfp=700015B4 depth=0
redirect seq=003542 caller=QUEST2 WSAVS DIST                 pc=70168717 area_wfp=74003964 argc=4 frame=0 real_wsp=700015AA shadow_wsp=700015B4 master_wfp=700015B4 ret=70166E20 depth=1
redirect seq=003544 caller=QUEST2 WRTN  DIST                 area_wfp=74003964 ret_pc=70168732 real_wsp=700015A0 (was 74003950) shadow_wsp=700015A0 master_wfp=700015B4 depth=0
redirect seq=003546 caller=QUEST2 WSAVS DIST                 pc=70168717 area_wfp=74003964 argc=4 frame=0 real_wsp=700015AA shadow_wsp=700015B4 master_wfp=700015B4 ret=70166E20 depth=1
redirect seq=003548 caller=QUEST2 WRTN  DIST                 area_wfp=74003964 ret_pc=70168732 real_wsp=700015A0 (was 74003950) shadow_wsp=700015A0 master_wfp=700015B4 depth=0
redirect seq=003550 caller=QUEST2 WSAVS DIST                 pc=70168717 area_wfp=74003964 argc=4 frame=0 real_wsp=700015AA shadow_wsp=700015B4 master_wfp=700015B4 ret=70166E20 depth=1
redirect seq=003552 caller=QUEST2 WRTN  DIST                 area_wfp=74003964 ret_pc=70168732 real_wsp=700015A0 (was 74003950) shadow_wsp=700015A0 master_wfp=700015B4 depth=0
redirect seq=003555 caller=QUEST2 WSAVS DIST                 pc=70168717 area_wfp=74003964 argc=4 frame=0 real_wsp=700015AA shadow_wsp=700015B4 master_wfp=700015B4 ret=70166E20 depth=1
redirect seq=003557 caller=QUEST2 WRTN  DIST                 area_wfp=74003964 ret_pc=70168732 real_wsp=700015A0 (was 74003950) shadow_wsp=700015A0 master_wfp=700015B4 depth=0
redirect seq=003561 caller=QUEST2 WSAVS DIST                 pc=70168717 area_wfp=74003964 argc=4 frame=0 real_wsp=700015AA shadow_wsp=700015B4 master_wfp=700015B4 ret=70166E20 depth=1
redirect seq=003563 caller=QUEST2 WRTN  DIST                 area_wfp=74003964 ret_pc=70168732 real_wsp=700015A0 (was 74003950) shadow_wsp=700015A0 master_wfp=700015B4 depth=0
redirect seq=003565 caller=QUEST2 WSAVS DIST                 pc=70168717 area_wfp=74003964 argc=4 frame=0 real_wsp=700015AA shadow_wsp=700015B4 master_wfp=700015B4 ret=70166E20 depth=1
redirect seq=003567 caller=QUEST2 WRTN  DIST                 area_wfp=74003964 ret_pc=70168732 real_wsp=700015A0 (was 74003950) shadow_wsp=700015A0 master_wfp=700015B4 depth=0
redirect seq=003572 caller=QUEST2 WSAVS DIST                 pc=70168717 area_wfp=74003964 argc=4 frame=0 real_wsp=700015AA shadow_wsp=700015B4 master_wfp=700015B4 ret=70166E20 depth=1
redirect seq=003574 caller=QUEST2 WRTN  DIST                 area_wfp=74003964 ret_pc=70168732 real_wsp=700015A0 (was 74003950) shadow_wsp=700015A0 master_wfp=700015B4 depth=0
redirect seq=003576 caller=QUEST2 WSAVS DIST                 pc=70168717 area_wfp=74003964 argc=4 frame=0 real_wsp=700015AA shadow_wsp=700015B4 master_wfp=700015B4 ret=70166E20 depth=1
redirect seq=003578 caller=QUEST2 WRTN  DIST                 area_wfp=74003964 ret_pc=70168732 real_wsp=700015A0 (was 74003950) shadow_wsp=700015A0 master_wfp=700015B4 depth=0
redirect seq=003580 caller=QUEST2 WSAVS DIST                 pc=70168717 area_wfp=74003964 argc=4 frame=0 real_wsp=700015AA shadow_wsp=700015B4 master_wfp=700015B4 ret=70166E20 depth=1
redirect seq=003582 caller=QUEST2 WRTN  DIST                 area_wfp=74003964 ret_pc=70168732 real_wsp=700015A0 (was 74003950) shadow_wsp=700015A0 master_wfp=700015B4 depth=0
redirect seq=003586 caller=QUEST2 WSAVS DIST                 pc=70168717 area_wfp=74003964 argc=4 frame=0 real_wsp=700015AA shadow_wsp=700015B4 master_wfp=700015B4 ret=70166E20 depth=1
redirect seq=003588 caller=QUEST2 WRTN  DIST                 area_wfp=74003964 ret_pc=70168732 real_wsp=700015A0 (was 74003950) shadow_wsp=700015A0 master_wfp=700015B4 depth=0
redirect seq=003590 caller=QUEST2 WSAVS DIST                 pc=70168717 area_wfp=74003964 argc=4 frame=0 real_wsp=700015AA shadow_wsp=700015B4 master_wfp=700015B4 ret=70166E20 depth=1
redirect seq=003592 caller=QUEST2 WRTN  DIST                 area_wfp=74003964 ret_pc=70168732 real_wsp=700015A0 (was 74003950) shadow_wsp=700015A0 master_wfp=700015B4 depth=0
redirect seq=003595 caller=QUEST2 WSAVS DIST                 pc=70168717 area_wfp=74003964 argc=4 frame=0 real_wsp=700015AA shadow_wsp=700015B4 master_wfp=700015B4 ret=70166E20 depth=1
redirect seq=003597 caller=QUEST2 WRTN  DIST                 area_wfp=74003964 ret_pc=70168732 real_wsp=700015A0 (was 74003950) shadow_wsp=700015A0 master_wfp=700015B4 depth=0
redirect seq=003602 caller=QUEST2 WSAVS DIST                 pc=70168717 area_wfp=74003964 argc=4 frame=0 real_wsp=700015AA shadow_wsp=700015B4 master_wfp=700015B4 ret=70166E20 depth=1
redirect seq=003604 caller=QUEST2 WRTN  DIST                 area_wfp=74003964 ret_pc=70168732 real_wsp=700015A0 (was 74003950) shadow_wsp=700015A0 master_wfp=700015B4 depth=0
redirect seq=003606 caller=QUEST2 WSAVS DIST                 pc=70168717 area_wfp=74003964 argc=4 frame=0 real_wsp=700015AA shadow_wsp=700015B4 master_wfp=700015B4 ret=70166E20 depth=1
redirect seq=003608 caller=QUEST2 WRTN  DIST                 area_wfp=74003964 ret_pc=70168732 real_wsp=700015A0 (was 74003950) shadow_wsp=700015A0 master_wfp=700015B4 depth=0
redirect seq=003610 caller=QUEST2 WSAVS DIST                 pc=70168717 area_wfp=74003964 argc=4 frame=0 real_wsp=700015AA shadow_wsp=700015B4 master_wfp=700015B4 ret=70166E20 depth=1
redirect seq=003612 caller=QUEST2 WRTN  DIST                 area_wfp=74003964 ret_pc=70168732 real_wsp=700015A0 (was 74003950) shadow_wsp=700015A0 master_wfp=700015B4 depth=0
redirect seq=003617 caller=QUEST2 WSAVS DIST                 pc=70168717 area_wfp=74003964 argc=4 frame=0 real_wsp=700015AA shadow_wsp=700015B4 master_wfp=700015B4 ret=70166E20 depth=1
redirect seq=003619 caller=QUEST2 WRTN  DIST                 area_wfp=74003964 ret_pc=70168732 real_wsp=700015A0 (was 74003950) shadow_wsp=700015A0 master_wfp=700015B4 depth=0
redirect seq=003621 caller=QUEST2 WSAVS DIST                 pc=70168717 area_wfp=74003964 argc=4 frame=0 real_wsp=700015AA shadow_wsp=700015B4 master_wfp=700015B4 ret=70166E20 depth=1
redirect seq=003623 caller=QUEST2 WRTN  DIST                 area_wfp=74003964 ret_pc=70168732 real_wsp=700015A0 (was 74003950) shadow_wsp=700015A0 master_wfp=700015B4 depth=0
redirect seq=003625 caller=QUEST2 WSAVS DIST                 pc=70168717 area_wfp=74003964 argc=4 frame=0 real_wsp=700015AA shadow_wsp=700015B4 master_wfp=700015B4 ret=70166E20 depth=1
redirect seq=003627 caller=QUEST2 WRTN  DIST                 area_wfp=74003964 ret_pc=70168732 real_wsp=700015A0 (was 74003950) shadow_wsp=700015A0 master_wfp=700015B4 depth=0
redirect seq=003630 caller=QUEST2 WSAVS DIST                 pc=70168717 area_wfp=74003964 argc=4 frame=0 real_wsp=700015AA shadow_wsp=700015B4 master_wfp=700015B4 ret=70166E20 depth=1
redirect seq=003634 caller=QUEST2 WRTN  DIST                 area_wfp=74003964 ret_pc=70168732 real_wsp=700015A0 (was 74003950) shadow_wsp=700015A0 master_wfp=700015B4 depth=0
redirect seq=003636 caller=QUEST2 WSAVS DIST                 pc=70168717 area_wfp=74003964 argc=4 frame=0 real_wsp=700015AA shadow_wsp=700015B4 master_wfp=700015B4 ret=70166E20 depth=1
redirect seq=003638 caller=QUEST2 WRTN  DIST                 area_wfp=74003964 ret_pc=70168732 real_wsp=700015A0 (was 74003950) shadow_wsp=700015A0 master_wfp=700015B4 depth=0
redirect seq=003640 caller=QUEST2 WSAVS DIST                 pc=70168717 area_wfp=74003964 argc=4 frame=0 real_wsp=700015AA shadow_wsp=700015B4 master_wfp=700015B4 ret=70166E20 depth=1
redirect seq=003642 caller=QUEST2 WRTN  DIST                 area_wfp=74003964 ret_pc=70168732 real_wsp=700015A0 (was 74003950) shadow_wsp=700015A0 master_wfp=700015B4 depth=0
redirect seq=003647 caller=QUEST2 WSAVS DIST                 pc=70168717 area_wfp=74003964 argc=4 frame=0 real_wsp=700015AA shadow_wsp=700015B4 master_wfp=700015B4 ret=70166E20 depth=1
redirect seq=003649 caller=QUEST2 WRTN  DIST                 area_wfp=74003964 ret_pc=70168732 real_wsp=700015A0 (was 74003950) shadow_wsp=700015A0 master_wfp=700015B4 depth=0
redirect seq=003651 caller=QUEST2 WSAVS DIST                 pc=70168717 area_wfp=74003964 argc=4 frame=0 real_wsp=700015AA shadow_wsp=700015B4 master_wfp=700015B4 ret=70166E20 depth=1
redirect seq=003653 caller=QUEST2 WRTN  DIST                 area_wfp=74003964 ret_pc=70168732 real_wsp=700015A0 (was 74003950) shadow_wsp=700015A0 master_wfp=700015B4 depth=0
redirect seq=003655 caller=QUEST2 WSAVS DIST                 pc=70168717 area_wfp=74003964 argc=4 frame=0 real_wsp=700015AA shadow_wsp=700015B4 master_wfp=700015B4 ret=70166E20 depth=1
redirect seq=003657 caller=QUEST2 WRTN  DIST                 area_wfp=74003964 ret_pc=70168732 real_wsp=700015A0 (was 74003950) shadow_wsp=700015A0 master_wfp=700015B4 depth=0
redirect seq=003660 caller=QUEST2 WSAVS DIST                 pc=70168717 area_wfp=74003964 argc=4 frame=0 real_wsp=700015AA shadow_wsp=700015B4 master_wfp=700015B4 ret=70166E20 depth=1
redirect seq=003662 caller=QUEST2 WRTN  DIST                 area_wfp=74003964 ret_pc=70168732 real_wsp=700015A0 (was 74003950) shadow_wsp=700015A0 master_wfp=700015B4 depth=0
redirect seq=003666 caller=QUEST2 WSAVS DIST                 pc=70168717 area_wfp=74003964 argc=4 frame=0 real_wsp=700015AA shadow_wsp=700015B4 master_wfp=700015B4 ret=70166E20 depth=1
redirect seq=003668 caller=QUEST2 WRTN  DIST                 area_wfp=74003964 ret_pc=70168732 real_wsp=700015A0 (was 74003950) shadow_wsp=700015A0 master_wfp=700015B4 depth=0
redirect seq=003670 caller=QUEST2 WSAVS DIST                 pc=70168717 area_wfp=74003964 argc=4 frame=0 real_wsp=700015AA shadow_wsp=700015B4 master_wfp=700015B4 ret=70166E20 depth=1
redirect seq=003672 caller=QUEST2 WRTN  DIST                 area_wfp=74003964 ret_pc=70168732 real_wsp=700015A0 (was 74003950) shadow_wsp=700015A0 master_wfp=700015B4 depth=0
redirect seq=003677 caller=QUEST2 WSAVS DIST                 pc=70168717 area_wfp=74003964 argc=4 frame=0 real_wsp=700015AA shadow_wsp=700015B4 master_wfp=700015B4 ret=70166E20 depth=1
redirect seq=003679 caller=QUEST2 WRTN  DIST                 area_wfp=74003964 ret_pc=70168732 real_wsp=700015A0 (was 74003950) shadow_wsp=700015A0 master_wfp=700015B4 depth=0
redirect seq=003681 caller=QUEST2 WSAVS DIST                 pc=70168717 area_wfp=74003964 argc=4 frame=0 real_wsp=700015AA shadow_wsp=700015B4 master_wfp=700015B4 ret=70166E20 depth=1
redirect seq=003683 caller=QUEST2 WRTN  DIST                 area_wfp=74003964 ret_pc=70168732 real_wsp=700015A0 (was 74003950) shadow_wsp=700015A0 master_wfp=700015B4 depth=0
redirect seq=003685 caller=QUEST2 WSAVS DIST                 pc=70168717 area_wfp=74003964 argc=4 frame=0 real_wsp=700015AA shadow_wsp=700015B4 master_wfp=700015B4 ret=70166E20 depth=1
redirect seq=003687 caller=QUEST2 WRTN  DIST                 area_wfp=74003964 ret_pc=70168732 real_wsp=700015A0 (was 74003950) shadow_wsp=700015A0 master_wfp=700015B4 depth=0
redirect seq=003690 caller=QUEST2 WSAVS DIST                 pc=70168717 area_wfp=74003964 argc=4 frame=0 real_wsp=700015AA shadow_wsp=700015B4 master_wfp=700015B4 ret=70166E20 depth=1
redirect seq=003692 caller=QUEST2 WRTN  DIST                 area_wfp=74003964 ret_pc=70168732 real_wsp=700015A0 (was 74003950) shadow_wsp=700015A0 master_wfp=700015B4 depth=0
redirect seq=003696 caller=QUEST2 WSAVS DIST                 pc=70168717 area_wfp=74003964 argc=4 frame=0 real_wsp=700015AA shadow_wsp=700015B4 master_wfp=700015B4 ret=70166E20 depth=1
redirect seq=003698 caller=QUEST2 WRTN  DIST                 area_wfp=74003964 ret_pc=70168732 real_wsp=700015A0 (was 74003950) shadow_wsp=700015A0 master_wfp=700015B4 depth=0
redirect seq=003700 caller=QUEST2 WSAVS DIST                 pc=70168717 area_wfp=74003964 argc=4 frame=0 real_wsp=700015AA shadow_wsp=700015B4 master_wfp=700015B4 ret=70166E20 depth=1
redirect seq=003702 caller=QUEST2 WRTN  DIST                 area_wfp=74003964 ret_pc=70168732 real_wsp=700015A0 (was 74003950) shadow_wsp=700015A0 master_wfp=700015B4 depth=0
redirect seq=003707 caller=QUEST2 WSAVS DIST                 pc=70168717 area_wfp=74003964 argc=4 frame=0 real_wsp=700015AA shadow_wsp=700015B4 master_wfp=700015B4 ret=70166E20 depth=1
redirect seq=003709 caller=QUEST2 WRTN  DIST                 area_wfp=74003964 ret_pc=70168732 real_wsp=700015A0 (was 74003950) shadow_wsp=700015A0 master_wfp=700015B4 depth=0
redirect seq=003711 caller=QUEST2 WSAVS DIST                 pc=70168717 area_wfp=74003964 argc=4 frame=0 real_wsp=700015AA shadow_wsp=700015B4 master_wfp=700015B4 ret=70166E20 depth=1
redirect seq=003713 caller=QUEST2 WRTN  DIST                 area_wfp=74003964 ret_pc=70168732 real_wsp=700015A0 (was 74003950) shadow_wsp=700015A0 master_wfp=700015B4 depth=0
redirect seq=003715 caller=QUEST2 WSAVS DIST                 pc=70168717 area_wfp=74003964 argc=4 frame=0 real_wsp=700015AA shadow_wsp=700015B4 master_wfp=700015B4 ret=70166E20 depth=1
redirect seq=003717 caller=QUEST2 WRTN  DIST                 area_wfp=74003964 ret_pc=70168732 real_wsp=700015A0 (was 74003950) shadow_wsp=700015A0 master_wfp=700015B4 depth=0
redirect seq=003721 caller=QUEST2 WSAVS DIST                 pc=70168717 area_wfp=74003964 argc=4 frame=0 real_wsp=700015AA shadow_wsp=700015B4 master_wfp=700015B4 ret=70166E20 depth=1
redirect seq=003723 caller=QUEST2 WRTN  DIST                 area_wfp=74003964 ret_pc=70168732 real_wsp=700015A0 (was 74003950) shadow_wsp=700015A0 master_wfp=700015B4 depth=0
redirect seq=003725 caller=QUEST2 WSAVS DIST                 pc=70168717 area_wfp=74003964 argc=4 frame=0 real_wsp=700015AA shadow_wsp=700015B4 master_wfp=700015B4 ret=70166E20 depth=1
redirect seq=003728 caller=QUEST2 WRTN  DIST                 area_wfp=74003964 ret_pc=70168732 real_wsp=700015A0 (was 74003950) shadow_wsp=700015A0 master_wfp=700015B4 depth=0
redirect seq=003730 caller=QUEST2 WSAVS DIST                 pc=70168717 area_wfp=74003964 argc=4 frame=0 real_wsp=700015AA shadow_wsp=700015B4 master_wfp=700015B4 ret=70166E20 depth=1
redirect seq=003732 caller=QUEST2 WRTN  DIST                 area_wfp=74003964 ret_pc=70168732 real_wsp=700015A0 (was 74003950) shadow_wsp=700015A0 master_wfp=700015B4 depth=0
redirect seq=003737 caller=QUEST2 WSAVS DIST                 pc=70168717 area_wfp=74003964 argc=4 frame=0 real_wsp=700015AA shadow_wsp=700015B4 master_wfp=700015B4 ret=70166E20 depth=1
redirect seq=003739 caller=QUEST2 WRTN  DIST                 area_wfp=74003964 ret_pc=70168732 real_wsp=700015A0 (was 74003950) shadow_wsp=700015A0 master_wfp=700015B4 depth=0
redirect seq=003741 caller=QUEST2 WSAVS DIST                 pc=70168717 area_wfp=74003964 argc=4 frame=0 real_wsp=700015AA shadow_wsp=700015B4 master_wfp=700015B4 ret=70166E20 depth=1
redirect seq=003743 caller=QUEST2 WRTN  DIST                 area_wfp=74003964 ret_pc=70168732 real_wsp=700015A0 (was 74003950) shadow_wsp=700015A0 master_wfp=700015B4 depth=0
redirect seq=003745 caller=QUEST2 WSAVS DIST                 pc=70168717 area_wfp=74003964 argc=4 frame=0 real_wsp=700015AA shadow_wsp=700015B4 master_wfp=700015B4 ret=70166E20 depth=1
redirect seq=003747 caller=QUEST2 WRTN  DIST                 area_wfp=74003964 ret_pc=70168732 real_wsp=700015A0 (was 74003950) shadow_wsp=700015A0 master_wfp=700015B4 depth=0
redirect seq=003752 caller=QUEST2 WSAVS DIST                 pc=70168717 area_wfp=74003964 argc=4 frame=0 real_wsp=700015AA shadow_wsp=700015B4 master_wfp=700015B4 ret=70166E20 depth=1
redirect seq=003754 caller=QUEST2 WRTN  DIST                 area_wfp=74003964 ret_pc=70168732 real_wsp=700015A0 (was 74003950) shadow_wsp=700015A0 master_wfp=700015B4 depth=0
redirect seq=003756 caller=QUEST2 WSAVS DIST                 pc=70168717 area_wfp=74003964 argc=4 frame=0 real_wsp=700015AA shadow_wsp=700015B4 master_wfp=700015B4 ret=70166E20 depth=1
redirect seq=003758 caller=QUEST2 WRTN  DIST                 area_wfp=74003964 ret_pc=70168732 real_wsp=700015A0 (was 74003950) shadow_wsp=700015A0 master_wfp=700015B4 depth=0
redirect seq=003760 caller=QUEST2 WSAVS DIST                 pc=70168717 area_wfp=74003964 argc=4 frame=0 real_wsp=700015AA shadow_wsp=700015B4 master_wfp=700015B4 ret=70166E20 depth=1
redirect seq=003763 caller=QUEST2 WRTN  DIST                 area_wfp=74003964 ret_pc=70168732 real_wsp=700015A0 (was 74003950) shadow_wsp=700015A0 master_wfp=700015B4 depth=0
redirect seq=003765 caller=QUEST2 WSAVS DIST                 pc=70168717 area_wfp=74003964 argc=4 frame=0 real_wsp=700015AA shadow_wsp=700015B4 master_wfp=700015B4 ret=70166E20 depth=1
redirect seq=003769 caller=QUEST2 WRTN  DIST                 area_wfp=74003964 ret_pc=70168732 real_wsp=700015A0 (was 74003950) shadow_wsp=700015A0 master_wfp=700015B4 depth=0
redirect seq=003771 caller=QUEST2 WSAVS DIST                 pc=70168717 area_wfp=74003964 argc=4 frame=0 real_wsp=700015AA shadow_wsp=700015B4 master_wfp=700015B4 ret=70166E20 depth=1
redirect seq=003773 caller=QUEST2 WRTN  DIST                 area_wfp=74003964 ret_pc=70168732 real_wsp=700015A0 (was 74003950) shadow_wsp=700015A0 master_wfp=700015B4 depth=0
redirect seq=003775 caller=QUEST2 WSAVS DIST                 pc=70168717 area_wfp=74003964 argc=4 frame=0 real_wsp=700015AA shadow_wsp=700015B4 master_wfp=700015B4 ret=70166E20 depth=1
redirect seq=003777 caller=QUEST2 WRTN  DIST                 area_wfp=74003964 ret_pc=70168732 real_wsp=700015A0 (was 74003950) shadow_wsp=700015A0 master_wfp=700015B4 depth=0
redirect seq=003782 caller=QUEST2 WSAVS DIST                 pc=70168717 area_wfp=74003964 argc=4 frame=0 real_wsp=700015AA shadow_wsp=700015B4 master_wfp=700015B4 ret=70166E20 depth=1
redirect seq=003784 caller=QUEST2 WRTN  DIST                 area_wfp=74003964 ret_pc=70168732 real_wsp=700015A0 (was 74003950) shadow_wsp=700015A0 master_wfp=700015B4 depth=0
redirect seq=003786 caller=QUEST2 WSAVS DIST                 pc=70168717 area_wfp=74003964 argc=4 frame=0 real_wsp=700015AA shadow_wsp=700015B4 master_wfp=700015B4 ret=70166E20 depth=1
redirect seq=003788 caller=QUEST2 WRTN  DIST                 area_wfp=74003964 ret_pc=70168732 real_wsp=700015A0 (was 74003950) shadow_wsp=700015A0 master_wfp=700015B4 depth=0
redirect seq=003790 caller=QUEST2 WSAVS DIST                 pc=70168717 area_wfp=74003964 argc=4 frame=0 real_wsp=700015AA shadow_wsp=700015B4 master_wfp=700015B4 ret=70166E20 depth=1
redirect seq=003792 caller=QUEST2 WRTN  DIST                 area_wfp=74003964 ret_pc=70168732 real_wsp=700015A0 (was 74003950) shadow_wsp=700015A0 master_wfp=700015B4 depth=0
redirect seq=003796 caller=QUEST2 WSAVS DIST                 pc=70168717 area_wfp=74003964 argc=4 frame=0 real_wsp=700015AA shadow_wsp=700015B4 master_wfp=700015B4 ret=70166E20 depth=1
redirect seq=003798 caller=QUEST2 WRTN  DIST                 area_wfp=74003964 ret_pc=70168732 real_wsp=700015A0 (was 74003950) shadow_wsp=700015A0 master_wfp=700015B4 depth=0
redirect seq=003800 caller=QUEST2 WSAVS DIST                 pc=70168717 area_wfp=74003964 argc=4 frame=0 real_wsp=700015AA shadow_wsp=700015B4 master_wfp=700015B4 ret=70166E20 depth=1
redirect seq=003802 caller=QUEST2 WRTN  DIST                 area_wfp=74003964 ret_pc=70168732 real_wsp=700015A0 (was 74003950) shadow_wsp=700015A0 master_wfp=700015B4 depth=0
redirect seq=003805 caller=QUEST2 WSAVS DIST                 pc=70168717 area_wfp=74003964 argc=4 frame=0 real_wsp=700015AA shadow_wsp=700015B4 master_wfp=700015B4 ret=70166E20 depth=1
redirect seq=003807 caller=QUEST2 WRTN  DIST                 area_wfp=74003964 ret_pc=70168732 real_wsp=700015A0 (was 74003950) shadow_wsp=700015A0 master_wfp=700015B4 depth=0
redirect seq=003812 caller=QUEST2 WSAVS DIST                 pc=70168717 area_wfp=74003964 argc=4 frame=0 real_wsp=700015AA shadow_wsp=700015B4 master_wfp=700015B4 ret=70166E20 depth=1
redirect seq=003814 caller=QUEST2 WRTN  DIST                 area_wfp=74003964 ret_pc=70168732 real_wsp=700015A0 (was 74003950) shadow_wsp=700015A0 master_wfp=700015B4 depth=0
redirect seq=003816 caller=QUEST2 WSAVS DIST                 pc=70168717 area_wfp=74003964 argc=4 frame=0 real_wsp=700015AA shadow_wsp=700015B4 master_wfp=700015B4 ret=70166E20 depth=1
redirect seq=003818 caller=QUEST2 WRTN  DIST                 area_wfp=74003964 ret_pc=70168732 real_wsp=700015A0 (was 74003950) shadow_wsp=700015A0 master_wfp=700015B4 depth=0
redirect seq=003820 caller=QUEST2 WSAVS DIST                 pc=70168717 area_wfp=74003964 argc=4 frame=0 real_wsp=700015AA shadow_wsp=700015B4 master_wfp=700015B4 ret=70166E20 depth=1
redirect seq=003822 caller=QUEST2 WRTN  DIST                 area_wfp=74003964 ret_pc=70168732 real_wsp=700015A0 (was 74003950) shadow_wsp=700015A0 master_wfp=700015B4 depth=0
redirect seq=003827 caller=QUEST2 WSAVS DIST                 pc=70168717 area_wfp=74003964 argc=4 frame=0 real_wsp=700015AA shadow_wsp=700015B4 master_wfp=700015B4 ret=70166E20 depth=1
redirect seq=003829 caller=QUEST2 WRTN  DIST                 area_wfp=74003964 ret_pc=70168732 real_wsp=700015A0 (was 74003950) shadow_wsp=700015A0 master_wfp=700015B4 depth=0
redirect seq=003831 caller=QUEST2 WSAVS DIST                 pc=70168717 area_wfp=74003964 argc=4 frame=0 real_wsp=700015AA shadow_wsp=700015B4 master_wfp=700015B4 ret=70166E20 depth=1
redirect seq=003833 caller=QUEST2 WRTN  DIST                 area_wfp=74003964 ret_pc=70168732 real_wsp=700015A0 (was 74003950) shadow_wsp=700015A0 master_wfp=700015B4 depth=0
redirect seq=003835 caller=QUEST2 WSAVS DIST                 pc=70168717 area_wfp=74003964 argc=4 frame=0 real_wsp=700015AA shadow_wsp=700015B4 master_wfp=700015B4 ret=70166E20 depth=1
redirect seq=003837 caller=QUEST2 WRTN  DIST                 area_wfp=74003964 ret_pc=70168732 real_wsp=700015A0 (was 74003950) shadow_wsp=700015A0 master_wfp=700015B4 depth=0
redirect seq=003840 caller=QUEST2 WSAVS DIST                 pc=70168717 area_wfp=74003964 argc=4 frame=0 real_wsp=700015AA shadow_wsp=700015B4 master_wfp=700015B4 ret=70166E20 depth=1
redirect seq=003842 caller=QUEST2 WRTN  DIST                 area_wfp=74003964 ret_pc=70168732 real_wsp=700015A0 (was 74003950) shadow_wsp=700015A0 master_wfp=700015B4 depth=0
redirect seq=003846 caller=QUEST2 WSAVS DIST                 pc=70168717 area_wfp=74003964 argc=4 frame=0 real_wsp=700015AA shadow_wsp=700015B4 master_wfp=700015B4 ret=70166E20 depth=1
redirect seq=003848 caller=QUEST2 WRTN  DIST                 area_wfp=74003964 ret_pc=70168732 real_wsp=700015A0 (was 74003950) shadow_wsp=700015A0 master_wfp=700015B4 depth=0
redirect seq=003850 caller=QUEST2 WSAVS DIST                 pc=70168717 area_wfp=74003964 argc=4 frame=0 real_wsp=700015AA shadow_wsp=700015B4 master_wfp=700015B4 ret=70166E20 depth=1
redirect seq=003852 caller=QUEST2 WRTN  DIST                 area_wfp=74003964 ret_pc=70168732 real_wsp=700015A0 (was 74003950) shadow_wsp=700015A0 master_wfp=700015B4 depth=0
redirect seq=003857 caller=QUEST2 WSAVS DIST                 pc=70168717 area_wfp=74003964 argc=4 frame=0 real_wsp=700015AA shadow_wsp=700015B4 master_wfp=700015B4 ret=70166E20 depth=1
redirect seq=003859 caller=QUEST2 WRTN  DIST                 area_wfp=74003964 ret_pc=70168732 real_wsp=700015A0 (was 74003950) shadow_wsp=700015A0 master_wfp=700015B4 depth=0
redirect seq=003861 caller=QUEST2 WSAVS DIST                 pc=70168717 area_wfp=74003964 argc=4 frame=0 real_wsp=700015AA shadow_wsp=700015B4 master_wfp=700015B4 ret=70166E20 depth=1
redirect seq=003863 caller=QUEST2 WRTN  DIST                 area_wfp=74003964 ret_pc=70168732 real_wsp=700015A0 (was 74003950) shadow_wsp=700015A0 master_wfp=700015B4 depth=0
redirect seq=003865 caller=QUEST2 WSAVS DIST                 pc=70168717 area_wfp=74003964 argc=4 frame=0 real_wsp=700015AA shadow_wsp=700015B4 master_wfp=700015B4 ret=70166E20 depth=1
redirect seq=003867 caller=QUEST2 WRTN  DIST                 area_wfp=74003964 ret_pc=70168732 real_wsp=700015A0 (was 74003950) shadow_wsp=700015A0 master_wfp=700015B4 depth=0
redirect seq=003871 caller=QUEST2 WSAVS DIST                 pc=70168717 area_wfp=74003964 argc=4 frame=0 real_wsp=700015AA shadow_wsp=700015B4 master_wfp=700015B4 ret=70166E20 depth=1
redirect seq=003873 caller=QUEST2 WRTN  DIST                 area_wfp=74003964 ret_pc=70168732 real_wsp=700015A0 (was 74003950) shadow_wsp=700015A0 master_wfp=700015B4 depth=0
redirect seq=003875 caller=QUEST2 WSAVS DIST                 pc=70168717 area_wfp=74003964 argc=4 frame=0 real_wsp=700015AA shadow_wsp=700015B4 master_wfp=700015B4 ret=70166E20 depth=1
redirect seq=003877 caller=QUEST2 WRTN  DIST                 area_wfp=74003964 ret_pc=70168732 real_wsp=700015A0 (was 74003950) shadow_wsp=700015A0 master_wfp=700015B4 depth=0
redirect seq=003880 caller=QUEST2 WSAVS DIST                 pc=70168717 area_wfp=74003964 argc=4 frame=0 real_wsp=700015AA shadow_wsp=700015B4 master_wfp=700015B4 ret=70166E20 depth=1
redirect seq=003882 caller=QUEST2 WRTN  DIST                 area_wfp=74003964 ret_pc=70168732 real_wsp=700015A0 (was 74003950) shadow_wsp=700015A0 master_wfp=700015B4 depth=0
redirect seq=003887 caller=QUEST2 WSAVS DIST                 pc=70168717 area_wfp=74003964 argc=4 frame=0 real_wsp=700015AA shadow_wsp=700015B4 master_wfp=700015B4 ret=70166E20 depth=1
redirect seq=003889 caller=QUEST2 WRTN  DIST                 area_wfp=74003964 ret_pc=70168732 real_wsp=700015A0 (was 74003950) shadow_wsp=700015A0 master_wfp=700015B4 depth=0
redirect seq=003891 caller=QUEST2 WSAVS DIST                 pc=70168717 area_wfp=74003964 argc=4 frame=0 real_wsp=700015AA shadow_wsp=700015B4 master_wfp=700015B4 ret=70166E20 depth=1
redirect seq=003893 caller=QUEST2 WRTN  DIST                 area_wfp=74003964 ret_pc=70168732 real_wsp=700015A0 (was 74003950) shadow_wsp=700015A0 master_wfp=700015B4 depth=0
redirect seq=003895 caller=QUEST2 WSAVS DIST                 pc=70168717 area_wfp=74003964 argc=4 frame=0 real_wsp=700015AA shadow_wsp=700015B4 master_wfp=700015B4 ret=70166E20 depth=1
redirect seq=003897 caller=QUEST2 WRTN  DIST                 area_wfp=74003964 ret_pc=70168732 real_wsp=700015A0 (was 74003950) shadow_wsp=700015A0 master_wfp=700015B4 depth=0
redirect seq=003902 caller=QUEST2 WSAVS DIST                 pc=70168717 area_wfp=74003964 argc=4 frame=0 real_wsp=700015AA shadow_wsp=700015B4 master_wfp=700015B4 ret=70166E20 depth=1
redirect seq=003904 caller=QUEST2 WRTN  DIST                 area_wfp=74003964 ret_pc=70168732 real_wsp=700015A0 (was 74003950) shadow_wsp=700015A0 master_wfp=700015B4 depth=0
redirect seq=003906 caller=QUEST2 WSAVS DIST                 pc=70168717 area_wfp=74003964 argc=4 frame=0 real_wsp=700015AA shadow_wsp=700015B4 master_wfp=700015B4 ret=70166E20 depth=1
redirect seq=003908 caller=QUEST2 WRTN  DIST                 area_wfp=74003964 ret_pc=70168732 real_wsp=700015A0 (was 74003950) shadow_wsp=700015A0 master_wfp=700015B4 depth=0
redirect seq=003910 caller=QUEST2 WSAVS DIST                 pc=70168717 area_wfp=74003964 argc=4 frame=0 real_wsp=700015AA shadow_wsp=700015B4 master_wfp=700015B4 ret=70166E20 depth=1
redirect seq=003912 caller=QUEST2 WRTN  DIST                 area_wfp=74003964 ret_pc=70168732 real_wsp=700015A0 (was 74003950) shadow_wsp=700015A0 master_wfp=700015B4 depth=0
redirect seq=003917 caller=QUEST2 WSAVS DIST                 pc=70168717 area_wfp=74003964 argc=4 frame=0 real_wsp=700015AA shadow_wsp=700015B4 master_wfp=700015B4 ret=70166E20 depth=1
redirect seq=003919 caller=QUEST2 WRTN  DIST                 area_wfp=74003964 ret_pc=70168732 real_wsp=700015A0 (was 74003950) shadow_wsp=700015A0 master_wfp=700015B4 depth=0
redirect seq=003921 caller=QUEST2 WSAVS DIST                 pc=70168717 area_wfp=74003964 argc=4 frame=0 real_wsp=700015AA shadow_wsp=700015B4 master_wfp=700015B4 ret=70166E20 depth=1
redirect seq=003923 caller=QUEST2 WRTN  DIST                 area_wfp=74003964 ret_pc=70168732 real_wsp=700015A0 (was 74003950) shadow_wsp=700015A0 master_wfp=700015B4 depth=0
redirect seq=003925 caller=QUEST2 WSAVS DIST                 pc=70168717 area_wfp=74003964 argc=4 frame=0 real_wsp=700015AA shadow_wsp=700015B4 master_wfp=700015B4 ret=70166E20 depth=1
redirect seq=003927 caller=QUEST2 WRTN  DIST                 area_wfp=74003964 ret_pc=70168732 real_wsp=700015A0 (was 74003950) shadow_wsp=700015A0 master_wfp=700015B4 depth=0
redirect seq=003932 caller=QUEST2 WSAVS DIST                 pc=70168717 area_wfp=74003964 argc=4 frame=0 real_wsp=700015AA shadow_wsp=700015B4 master_wfp=700015B4 ret=70166E20 depth=1
redirect seq=003934 caller=QUEST2 WRTN  DIST                 area_wfp=74003964 ret_pc=70168732 real_wsp=700015A0 (was 74003950) shadow_wsp=700015A0 master_wfp=700015B4 depth=0
redirect seq=003936 caller=QUEST2 WSAVS DIST                 pc=70168717 area_wfp=74003964 argc=4 frame=0 real_wsp=700015AA shadow_wsp=700015B4 master_wfp=700015B4 ret=70166E20 depth=1
redirect seq=003938 caller=QUEST2 WRTN  DIST                 area_wfp=74003964 ret_pc=70168732 real_wsp=700015A0 (was 74003950) shadow_wsp=700015A0 master_wfp=700015B4 depth=0
redirect seq=003940 caller=QUEST2 WSAVS DIST                 pc=70168717 area_wfp=74003964 argc=4 frame=0 real_wsp=700015AA shadow_wsp=700015B4 master_wfp=700015B4 ret=70166E20 depth=1
redirect seq=003942 caller=QUEST2 WRTN  DIST                 area_wfp=74003964 ret_pc=70168732 real_wsp=700015A0 (was 74003950) shadow_wsp=700015A0 master_wfp=700015B4 depth=0
redirect seq=003947 caller=QUEST2 WSAVS DIST                 pc=70168717 area_wfp=74003964 argc=4 frame=0 real_wsp=700015AA shadow_wsp=700015B4 master_wfp=700015B4 ret=70166E20 depth=1
redirect seq=003949 caller=QUEST2 WRTN  DIST                 area_wfp=74003964 ret_pc=70168732 real_wsp=700015A0 (was 74003950) shadow_wsp=700015A0 master_wfp=700015B4 depth=0
redirect seq=003951 caller=QUEST2 WSAVS DIST                 pc=70168717 area_wfp=74003964 argc=4 frame=0 real_wsp=700015AA shadow_wsp=700015B4 master_wfp=700015B4 ret=70166E20 depth=1
redirect seq=003953 caller=QUEST2 WRTN  DIST                 area_wfp=74003964 ret_pc=70168732 real_wsp=700015A0 (was 74003950) shadow_wsp=700015A0 master_wfp=700015B4 depth=0
redirect seq=003955 caller=QUEST2 WSAVS DIST                 pc=70168717 area_wfp=74003964 argc=4 frame=0 real_wsp=700015AA shadow_wsp=700015B4 master_wfp=700015B4 ret=70166E20 depth=1
redirect seq=003957 caller=QUEST2 WRTN  DIST                 area_wfp=74003964 ret_pc=70168732 real_wsp=700015A0 (was 74003950) shadow_wsp=700015A0 master_wfp=700015B4 depth=0
redirect seq=003961 caller=QUEST2 WSAVS DIST                 pc=70168717 area_wfp=74003964 argc=4 frame=0 real_wsp=700015AA shadow_wsp=700015B4 master_wfp=700015B4 ret=70166E20 depth=1
redirect seq=003963 caller=QUEST2 WRTN  DIST                 area_wfp=74003964 ret_pc=70168732 real_wsp=700015A0 (was 74003950) shadow_wsp=700015A0 master_wfp=700015B4 depth=0
redirect seq=003965 caller=QUEST2 WSAVS DIST                 pc=70168717 area_wfp=74003964 argc=4 frame=0 real_wsp=700015AA shadow_wsp=700015B4 master_wfp=700015B4 ret=70166E20 depth=1
redirect seq=003967 caller=QUEST2 WRTN  DIST                 area_wfp=74003964 ret_pc=70168732 real_wsp=700015A0 (was 74003950) shadow_wsp=700015A0 master_wfp=700015B4 depth=0
redirect seq=003970 caller=QUEST2 WSAVS DIST                 pc=70168717 area_wfp=74003964 argc=4 frame=0 real_wsp=700015AA shadow_wsp=700015B4 master_wfp=700015B4 ret=70166E20 depth=1
redirect seq=003972 caller=QUEST2 WRTN  DIST                 area_wfp=74003964 ret_pc=70168732 real_wsp=700015A0 (was 74003950) shadow_wsp=700015A0 master_wfp=700015B4 depth=0
redirect seq=003977 caller=QUEST2 WSAVS DIST                 pc=70168717 area_wfp=74003964 argc=4 frame=0 real_wsp=700015AA shadow_wsp=700015B4 master_wfp=700015B4 ret=70166E20 depth=1
redirect seq=003979 caller=QUEST2 WRTN  DIST                 area_wfp=74003964 ret_pc=70168732 real_wsp=700015A0 (was 74003950) shadow_wsp=700015A0 master_wfp=700015B4 depth=0
redirect seq=003981 caller=QUEST2 WSAVS DIST                 pc=70168717 area_wfp=74003964 argc=4 frame=0 real_wsp=700015AA shadow_wsp=700015B4 master_wfp=700015B4 ret=70166E20 depth=1
redirect seq=003983 caller=QUEST2 WRTN  DIST                 area_wfp=74003964 ret_pc=70168732 real_wsp=700015A0 (was 74003950) shadow_wsp=700015A0 master_wfp=700015B4 depth=0
redirect seq=003985 caller=QUEST2 WSAVS DIST                 pc=70168717 area_wfp=74003964 argc=4 frame=0 real_wsp=700015AA shadow_wsp=700015B4 master_wfp=700015B4 ret=70166E20 depth=1
redirect seq=003987 caller=QUEST2 WRTN  DIST                 area_wfp=74003964 ret_pc=70168732 real_wsp=700015A0 (was 74003950) shadow_wsp=700015A0 master_wfp=700015B4 depth=0
redirect seq=003991 caller=QUEST2 WSAVS DIST                 pc=70168717 area_wfp=74003964 argc=4 frame=0 real_wsp=700015AA shadow_wsp=700015B4 master_wfp=700015B4 ret=70166E20 depth=1
redirect seq=003993 caller=QUEST2 WRTN  DIST                 area_wfp=74003964 ret_pc=70168732 real_wsp=700015A0 (was 74003950) shadow_wsp=700015A0 master_wfp=700015B4 depth=0
redirect seq=003995 caller=QUEST2 WSAVS DIST                 pc=70168717 area_wfp=74003964 argc=4 frame=0 real_wsp=700015AA shadow_wsp=700015B4 master_wfp=700015B4 ret=70166E20 depth=1
redirect seq=003997 caller=QUEST2 WRTN  DIST                 area_wfp=74003964 ret_pc=70168732 real_wsp=700015A0 (was 74003950) shadow_wsp=700015A0 master_wfp=700015B4 depth=0
redirect seq=004000 caller=QUEST2 WSAVS DIST                 pc=70168717 area_wfp=74003964 argc=4 frame=0 real_wsp=700015AA shadow_wsp=700015B4 master_wfp=700015B4 ret=70166E20 depth=1
redirect seq=004002 caller=QUEST2 WRTN  DIST                 area_wfp=74003964 ret_pc=70168732 real_wsp=700015A0 (was 74003950) shadow_wsp=700015A0 master_wfp=700015B4 depth=0
redirect seq=004007 caller=QUEST2 WSAVS DIST                 pc=70168717 area_wfp=74003964 argc=4 frame=0 real_wsp=700015AA shadow_wsp=700015B4 master_wfp=700015B4 ret=70166E20 depth=1
redirect seq=004009 caller=QUEST2 WRTN  DIST                 area_wfp=74003964 ret_pc=70168732 real_wsp=700015A0 (was 74003950) shadow_wsp=700015A0 master_wfp=700015B4 depth=0
redirect seq=004011 caller=QUEST2 WSAVS DIST                 pc=70168717 area_wfp=74003964 argc=4 frame=0 real_wsp=700015AA shadow_wsp=700015B4 master_wfp=700015B4 ret=70166E20 depth=1
redirect seq=004013 caller=QUEST2 WRTN  DIST                 area_wfp=74003964 ret_pc=70168732 real_wsp=700015A0 (was 74003950) shadow_wsp=700015A0 master_wfp=700015B4 depth=0
redirect seq=004015 caller=QUEST2 WSAVS DIST                 pc=70168717 area_wfp=74003964 argc=4 frame=0 real_wsp=700015AA shadow_wsp=700015B4 master_wfp=700015B4 ret=70166E20 depth=1
redirect seq=004017 caller=QUEST2 WRTN  DIST                 area_wfp=74003964 ret_pc=70168732 real_wsp=700015A0 (was 74003950) shadow_wsp=700015A0 master_wfp=700015B4 depth=0
redirect seq=004022 caller=QUEST2 WSAVS DIST                 pc=70168717 area_wfp=74003964 argc=4 frame=0 real_wsp=700015AA shadow_wsp=700015B4 master_wfp=700015B4 ret=70166E20 depth=1
redirect seq=004024 caller=QUEST2 WRTN  DIST                 area_wfp=74003964 ret_pc=70168732 real_wsp=700015A0 (was 74003950) shadow_wsp=700015A0 master_wfp=700015B4 depth=0
redirect seq=004026 caller=QUEST2 WSAVS DIST                 pc=70168717 area_wfp=74003964 argc=4 frame=0 real_wsp=700015AA shadow_wsp=700015B4 master_wfp=700015B4 ret=70166E20 depth=1
redirect seq=004028 caller=QUEST2 WRTN  DIST                 area_wfp=74003964 ret_pc=70168732 real_wsp=700015A0 (was 74003950) shadow_wsp=700015A0 master_wfp=700015B4 depth=0
redirect seq=004030 caller=QUEST2 WSAVS DIST                 pc=70168717 area_wfp=74003964 argc=4 frame=0 real_wsp=700015AA shadow_wsp=700015B4 master_wfp=700015B4 ret=70166E20 depth=1
redirect seq=004033 caller=QUEST2 WRTN  DIST                 area_wfp=74003964 ret_pc=70168732 real_wsp=700015A0 (was 74003950) shadow_wsp=700015A0 master_wfp=700015B4 depth=0
redirect seq=004035 caller=QUEST2 WSAVS DIST                 pc=70168717 area_wfp=74003964 argc=4 frame=0 real_wsp=700015AA shadow_wsp=700015B4 master_wfp=700015B4 ret=70166E20 depth=1
redirect seq=004039 caller=QUEST2 WRTN  DIST                 area_wfp=74003964 ret_pc=70168732 real_wsp=700015A0 (was 74003950) shadow_wsp=700015A0 master_wfp=700015B4 depth=0
redirect seq=004041 caller=QUEST2 WSAVS DIST                 pc=70168717 area_wfp=74003964 argc=4 frame=0 real_wsp=700015AA shadow_wsp=700015B4 master_wfp=700015B4 ret=70166E20 depth=1
redirect seq=004043 caller=QUEST2 WRTN  DIST                 area_wfp=74003964 ret_pc=70168732 real_wsp=700015A0 (was 74003950) shadow_wsp=700015A0 master_wfp=700015B4 depth=0
redirect seq=004045 caller=QUEST2 WSAVS DIST                 pc=70168717 area_wfp=74003964 argc=4 frame=0 real_wsp=700015AA shadow_wsp=700015B4 master_wfp=700015B4 ret=70166E20 depth=1
redirect seq=004047 caller=QUEST2 WRTN  DIST                 area_wfp=74003964 ret_pc=70168732 real_wsp=700015A0 (was 74003950) shadow_wsp=700015A0 master_wfp=700015B4 depth=0
redirect seq=004052 caller=QUEST2 WSAVS DIST                 pc=70168717 area_wfp=74003964 argc=4 frame=0 real_wsp=700015AA shadow_wsp=700015B4 master_wfp=700015B4 ret=70166E20 depth=1
redirect seq=004054 caller=QUEST2 WRTN  DIST                 area_wfp=74003964 ret_pc=70168732 real_wsp=700015A0 (was 74003950) shadow_wsp=700015A0 master_wfp=700015B4 depth=0
redirect seq=004056 caller=QUEST2 WSAVS DIST                 pc=70168717 area_wfp=74003964 argc=4 frame=0 real_wsp=700015AA shadow_wsp=700015B4 master_wfp=700015B4 ret=70166E20 depth=1
redirect seq=004058 caller=QUEST2 WRTN  DIST                 area_wfp=74003964 ret_pc=70168732 real_wsp=700015A0 (was 74003950) shadow_wsp=700015A0 master_wfp=700015B4 depth=0
redirect seq=004060 caller=QUEST2 WSAVS DIST                 pc=70168717 area_wfp=74003964 argc=4 frame=0 real_wsp=700015AA shadow_wsp=700015B4 master_wfp=700015B4 ret=70166E20 depth=1
redirect seq=004063 caller=QUEST2 WRTN  DIST                 area_wfp=74003964 ret_pc=70168732 real_wsp=700015A0 (was 74003950) shadow_wsp=700015A0 master_wfp=700015B4 depth=0
redirect seq=004065 caller=QUEST2 WSAVS DIST                 pc=70168717 area_wfp=74003964 argc=4 frame=0 real_wsp=700015AA shadow_wsp=700015B4 master_wfp=700015B4 ret=70166E20 depth=1
redirect seq=004069 caller=QUEST2 WRTN  DIST                 area_wfp=74003964 ret_pc=70168732 real_wsp=700015A0 (was 74003950) shadow_wsp=700015A0 master_wfp=700015B4 depth=0
redirect seq=004071 caller=QUEST2 WSAVS DIST                 pc=70168717 area_wfp=74003964 argc=4 frame=0 real_wsp=700015AA shadow_wsp=700015B4 master_wfp=700015B4 ret=70166E20 depth=1
redirect seq=004073 caller=QUEST2 WRTN  DIST                 area_wfp=74003964 ret_pc=70168732 real_wsp=700015A0 (was 74003950) shadow_wsp=700015A0 master_wfp=700015B4 depth=0
redirect seq=004075 caller=QUEST2 WSAVS DIST                 pc=70168717 area_wfp=74003964 argc=4 frame=0 real_wsp=700015AA shadow_wsp=700015B4 master_wfp=700015B4 ret=70166E20 depth=1
redirect seq=004077 caller=QUEST2 WRTN  DIST                 area_wfp=74003964 ret_pc=70168732 real_wsp=700015A0 (was 74003950) shadow_wsp=700015A0 master_wfp=700015B4 depth=0
redirect seq=004082 caller=QUEST2 WSAVS DIST                 pc=70168717 area_wfp=74003964 argc=4 frame=0 real_wsp=700015AA shadow_wsp=700015B4 master_wfp=700015B4 ret=70166E20 depth=1
redirect seq=004084 caller=QUEST2 WRTN  DIST                 area_wfp=74003964 ret_pc=70168732 real_wsp=700015A0 (was 74003950) shadow_wsp=700015A0 master_wfp=700015B4 depth=0
redirect seq=004086 caller=QUEST2 WSAVS DIST                 pc=70168717 area_wfp=74003964 argc=4 frame=0 real_wsp=700015AA shadow_wsp=700015B4 master_wfp=700015B4 ret=70166E20 depth=1
redirect seq=004088 caller=QUEST2 WRTN  DIST                 area_wfp=74003964 ret_pc=70168732 real_wsp=700015A0 (was 74003950) shadow_wsp=700015A0 master_wfp=700015B4 depth=0
redirect seq=004090 caller=QUEST2 WSAVS DIST                 pc=70168717 area_wfp=74003964 argc=4 frame=0 real_wsp=700015AA shadow_wsp=700015B4 master_wfp=700015B4 ret=70166E20 depth=1
redirect seq=004092 caller=QUEST2 WRTN  DIST                 area_wfp=74003964 ret_pc=70168732 real_wsp=700015A0 (was 74003950) shadow_wsp=700015A0 master_wfp=700015B4 depth=0
redirect seq=004095 caller=QUEST2 WSAVS DIST                 pc=70168717 area_wfp=74003964 argc=4 frame=0 real_wsp=700015AA shadow_wsp=700015B4 master_wfp=700015B4 ret=70166E20 depth=1
redirect seq=004097 caller=QUEST2 WRTN  DIST                 area_wfp=74003964 ret_pc=70168732 real_wsp=700015A0 (was 74003950) shadow_wsp=700015A0 master_wfp=700015B4 depth=0
redirect seq=004101 caller=QUEST2 WSAVS DIST                 pc=70168717 area_wfp=74003964 argc=4 frame=0 real_wsp=700015AA shadow_wsp=700015B4 master_wfp=700015B4 ret=70166E20 depth=1
redirect seq=004103 caller=QUEST2 WRTN  DIST                 area_wfp=74003964 ret_pc=70168732 real_wsp=700015A0 (was 74003950) shadow_wsp=700015A0 master_wfp=700015B4 depth=0
redirect seq=004105 caller=QUEST2 WSAVS DIST                 pc=70168717 area_wfp=74003964 argc=4 frame=0 real_wsp=700015AA shadow_wsp=700015B4 master_wfp=700015B4 ret=70166E20 depth=1
redirect seq=004107 caller=QUEST2 WRTN  DIST                 area_wfp=74003964 ret_pc=70168732 real_wsp=700015A0 (was 74003950) shadow_wsp=700015A0 master_wfp=700015B4 depth=0
redirect seq=004112 caller=QUEST2 WSAVS DIST                 pc=70168717 area_wfp=74003964 argc=4 frame=0 real_wsp=700015AA shadow_wsp=700015B4 master_wfp=700015B4 ret=70166E20 depth=1
redirect seq=004114 caller=QUEST2 WRTN  DIST                 area_wfp=74003964 ret_pc=70168732 real_wsp=700015A0 (was 74003950) shadow_wsp=700015A0 master_wfp=700015B4 depth=0
redirect seq=004116 caller=QUEST2 WSAVS DIST                 pc=70168717 area_wfp=74003964 argc=4 frame=0 real_wsp=700015AA shadow_wsp=700015B4 master_wfp=700015B4 ret=70166E20 depth=1
redirect seq=004118 caller=QUEST2 WRTN  DIST                 area_wfp=74003964 ret_pc=70168732 real_wsp=700015A0 (was 74003950) shadow_wsp=700015A0 master_wfp=700015B4 depth=0
redirect seq=004120 caller=QUEST2 WSAVS DIST                 pc=70168717 area_wfp=74003964 argc=4 frame=0 real_wsp=700015AA shadow_wsp=700015B4 master_wfp=700015B4 ret=70166E20 depth=1
redirect seq=004122 caller=QUEST2 WRTN  DIST                 area_wfp=74003964 ret_pc=70168732 real_wsp=700015A0 (was 74003950) shadow_wsp=700015A0 master_wfp=700015B4 depth=0
redirect seq=004127 caller=QUEST2 WSAVS DIST                 pc=70168717 area_wfp=74003964 argc=4 frame=0 real_wsp=700015AA shadow_wsp=700015B4 master_wfp=700015B4 ret=70166E20 depth=1
redirect seq=004129 caller=QUEST2 WRTN  DIST                 area_wfp=74003964 ret_pc=70168732 real_wsp=700015A0 (was 74003950) shadow_wsp=700015A0 master_wfp=700015B4 depth=0
redirect seq=004131 caller=QUEST2 WSAVS DIST                 pc=70168717 area_wfp=74003964 argc=4 frame=0 real_wsp=700015AA shadow_wsp=700015B4 master_wfp=700015B4 ret=70166E20 depth=1
redirect seq=004133 caller=QUEST2 WRTN  DIST                 area_wfp=74003964 ret_pc=70168732 real_wsp=700015A0 (was 74003950) shadow_wsp=700015A0 master_wfp=700015B4 depth=0
redirect seq=004135 caller=QUEST2 WSAVS DIST                 pc=70168717 area_wfp=74003964 argc=4 frame=0 real_wsp=700015AA shadow_wsp=700015B4 master_wfp=700015B4 ret=70166E20 depth=1
redirect seq=004137 caller=QUEST2 WRTN  DIST                 area_wfp=74003964 ret_pc=70168732 real_wsp=700015A0 (was 74003950) shadow_wsp=700015A0 master_wfp=700015B4 depth=0
redirect seq=004142 caller=QUEST2 WSAVS DIST                 pc=70168717 area_wfp=74003964 argc=4 frame=0 real_wsp=700015AA shadow_wsp=700015B4 master_wfp=700015B4 ret=70166E20 depth=1
redirect seq=004144 caller=QUEST2 WRTN  DIST                 area_wfp=74003964 ret_pc=70168732 real_wsp=700015A0 (was 74003950) shadow_wsp=700015A0 master_wfp=700015B4 depth=0
redirect seq=004146 caller=QUEST2 WSAVS DIST                 pc=70168717 area_wfp=74003964 argc=4 frame=0 real_wsp=700015AA shadow_wsp=700015B4 master_wfp=700015B4 ret=70166E20 depth=1
redirect seq=004148 caller=QUEST2 WRTN  DIST                 area_wfp=74003964 ret_pc=70168732 real_wsp=700015A0 (was 74003950) shadow_wsp=700015A0 master_wfp=700015B4 depth=0
redirect seq=004150 caller=QUEST2 WSAVS DIST                 pc=70168717 area_wfp=74003964 argc=4 frame=0 real_wsp=700015AA shadow_wsp=700015B4 master_wfp=700015B4 ret=70166E20 depth=1
redirect seq=004152 caller=QUEST2 WRTN  DIST                 area_wfp=74003964 ret_pc=70168732 real_wsp=700015A0 (was 74003950) shadow_wsp=700015A0 master_wfp=700015B4 depth=0
redirect seq=004155 caller=QUEST2 WSAVS DIST                 pc=70168717 area_wfp=74003964 argc=4 frame=0 real_wsp=700015AA shadow_wsp=700015B4 master_wfp=700015B4 ret=70166E20 depth=1
redirect seq=004159 caller=QUEST2 WRTN  DIST                 area_wfp=74003964 ret_pc=70168732 real_wsp=700015A0 (was 74003950) shadow_wsp=700015A0 master_wfp=700015B4 depth=0
redirect seq=004161 caller=QUEST2 WSAVS DIST                 pc=70168717 area_wfp=74003964 argc=4 frame=0 real_wsp=700015AA shadow_wsp=700015B4 master_wfp=700015B4 ret=70166E20 depth=1
redirect seq=004163 caller=QUEST2 WRTN  DIST                 area_wfp=74003964 ret_pc=70168732 real_wsp=700015A0 (was 74003950) shadow_wsp=700015A0 master_wfp=700015B4 depth=0
redirect seq=004165 caller=QUEST2 WSAVS DIST                 pc=70168717 area_wfp=74003964 argc=4 frame=0 real_wsp=700015AA shadow_wsp=700015B4 master_wfp=700015B4 ret=70166E20 depth=1
redirect seq=004167 caller=QUEST2 WRTN  DIST                 area_wfp=74003964 ret_pc=70168732 real_wsp=700015A0 (was 74003950) shadow_wsp=700015A0 master_wfp=700015B4 depth=0
redirect seq=004172 caller=QUEST2 WSAVS DIST                 pc=70168717 area_wfp=74003964 argc=4 frame=0 real_wsp=700015AA shadow_wsp=700015B4 master_wfp=700015B4 ret=70166E20 depth=1
redirect seq=004174 caller=QUEST2 WRTN  DIST                 area_wfp=74003964 ret_pc=70168732 real_wsp=700015A0 (was 74003950) shadow_wsp=700015A0 master_wfp=700015B4 depth=0
redirect seq=004176 caller=QUEST2 WSAVS DIST                 pc=70168717 area_wfp=74003964 argc=4 frame=0 real_wsp=700015AA shadow_wsp=700015B4 master_wfp=700015B4 ret=70166E20 depth=1
redirect seq=004178 caller=QUEST2 WRTN  DIST                 area_wfp=74003964 ret_pc=70168732 real_wsp=700015A0 (was 74003950) shadow_wsp=700015A0 master_wfp=700015B4 depth=0
redirect seq=004180 caller=QUEST2 WSAVS DIST                 pc=70168717 area_wfp=74003964 argc=4 frame=0 real_wsp=700015AA shadow_wsp=700015B4 master_wfp=700015B4 ret=70166E20 depth=1
redirect seq=004183 caller=QUEST2 WRTN  DIST                 area_wfp=74003964 ret_pc=70168732 real_wsp=700015A0 (was 74003950) shadow_wsp=700015A0 master_wfp=700015B4 depth=0
redirect seq=004185 caller=QUEST2 WSAVS DIST                 pc=70168717 area_wfp=74003964 argc=4 frame=0 real_wsp=700015AA shadow_wsp=700015B4 master_wfp=700015B4 ret=70166E20 depth=1
redirect seq=004189 caller=QUEST2 WRTN  DIST                 area_wfp=74003964 ret_pc=70168732 real_wsp=700015A0 (was 74003950) shadow_wsp=700015A0 master_wfp=700015B4 depth=0
redirect seq=004191 caller=QUEST2 WSAVS DIST                 pc=70168717 area_wfp=74003964 argc=4 frame=0 real_wsp=700015AA shadow_wsp=700015B4 master_wfp=700015B4 ret=70166E20 depth=1
redirect seq=004193 caller=QUEST2 WRTN  DIST                 area_wfp=74003964 ret_pc=70168732 real_wsp=700015A0 (was 74003950) shadow_wsp=700015A0 master_wfp=700015B4 depth=0
redirect seq=004195 caller=QUEST2 WSAVS DIST                 pc=70168717 area_wfp=74003964 argc=4 frame=0 real_wsp=700015AA shadow_wsp=700015B4 master_wfp=700015B4 ret=70166E20 depth=1
redirect seq=004197 caller=QUEST2 WRTN  DIST                 area_wfp=74003964 ret_pc=70168732 real_wsp=700015A0 (was 74003950) shadow_wsp=700015A0 master_wfp=700015B4 depth=0
redirect seq=004202 caller=QUEST2 WSAVS DIST                 pc=70168717 area_wfp=74003964 argc=4 frame=0 real_wsp=700015AA shadow_wsp=700015B4 master_wfp=700015B4 ret=70166E20 depth=1
redirect seq=004204 caller=QUEST2 WRTN  DIST                 area_wfp=74003964 ret_pc=70168732 real_wsp=700015A0 (was 74003950) shadow_wsp=700015A0 master_wfp=700015B4 depth=0
redirect seq=004206 caller=QUEST2 WSAVS DIST                 pc=70168717 area_wfp=74003964 argc=4 frame=0 real_wsp=700015AA shadow_wsp=700015B4 master_wfp=700015B4 ret=70166E20 depth=1
redirect seq=004208 caller=QUEST2 WRTN  DIST                 area_wfp=74003964 ret_pc=70168732 real_wsp=700015A0 (was 74003950) shadow_wsp=700015A0 master_wfp=700015B4 depth=0
redirect seq=004210 caller=QUEST2 WSAVS DIST                 pc=70168717 area_wfp=74003964 argc=4 frame=0 real_wsp=700015AA shadow_wsp=700015B4 master_wfp=700015B4 ret=70166E20 depth=1
redirect seq=004212 caller=QUEST2 WRTN  DIST                 area_wfp=74003964 ret_pc=70168732 real_wsp=700015A0 (was 74003950) shadow_wsp=700015A0 master_wfp=700015B4 depth=0
redirect seq=004215 caller=QUEST2 WSAVS DIST                 pc=70168717 area_wfp=74003964 argc=4 frame=0 real_wsp=700015AA shadow_wsp=700015B4 master_wfp=700015B4 ret=70166E20 depth=1
redirect seq=004217 caller=QUEST2 WRTN  DIST                 area_wfp=74003964 ret_pc=70168732 real_wsp=700015A0 (was 74003950) shadow_wsp=700015A0 master_wfp=700015B4 depth=0
redirect seq=004221 caller=QUEST2 WSAVS DIST                 pc=70168717 area_wfp=74003964 argc=4 frame=0 real_wsp=700015AA shadow_wsp=700015B4 master_wfp=700015B4 ret=70166E20 depth=1
redirect seq=004223 caller=QUEST2 WRTN  DIST                 area_wfp=74003964 ret_pc=70168732 real_wsp=700015A0 (was 74003950) shadow_wsp=700015A0 master_wfp=700015B4 depth=0
redirect seq=004225 caller=QUEST2 WSAVS DIST                 pc=70168717 area_wfp=74003964 argc=4 frame=0 real_wsp=700015AA shadow_wsp=700015B4 master_wfp=700015B4 ret=70166E20 depth=1
redirect seq=004227 caller=QUEST2 WRTN  DIST                 area_wfp=74003964 ret_pc=70168732 real_wsp=700015A0 (was 74003950) shadow_wsp=700015A0 master_wfp=700015B4 depth=0
redirect seq=004232 caller=QUEST2 WSAVS DIST                 pc=70168717 area_wfp=74003964 argc=4 frame=0 real_wsp=700015AA shadow_wsp=700015B4 master_wfp=700015B4 ret=70166E20 depth=1
redirect seq=004234 caller=QUEST2 WRTN  DIST                 area_wfp=74003964 ret_pc=70168732 real_wsp=700015A0 (was 74003950) shadow_wsp=700015A0 master_wfp=700015B4 depth=0
redirect seq=004236 caller=QUEST2 WSAVS DIST                 pc=70168717 area_wfp=74003964 argc=4 frame=0 real_wsp=700015AA shadow_wsp=700015B4 master_wfp=700015B4 ret=70166E20 depth=1
redirect seq=004238 caller=QUEST2 WRTN  DIST                 area_wfp=74003964 ret_pc=70168732 real_wsp=700015A0 (was 74003950) shadow_wsp=700015A0 master_wfp=700015B4 depth=0
redirect seq=004240 caller=QUEST2 WSAVS DIST                 pc=70168717 area_wfp=74003964 argc=4 frame=0 real_wsp=700015AA shadow_wsp=700015B4 master_wfp=700015B4 ret=70166E20 depth=1
redirect seq=004242 caller=QUEST2 WRTN  DIST                 area_wfp=74003964 ret_pc=70168732 real_wsp=700015A0 (was 74003950) shadow_wsp=700015A0 master_wfp=700015B4 depth=0
redirect seq=004246 caller=QUEST2 WSAVS DIST                 pc=70168717 area_wfp=74003964 argc=4 frame=0 real_wsp=700015AA shadow_wsp=700015B4 master_wfp=700015B4 ret=70166E20 depth=1
redirect seq=004248 caller=QUEST2 WRTN  DIST                 area_wfp=74003964 ret_pc=70168732 real_wsp=700015A0 (was 74003950) shadow_wsp=700015A0 master_wfp=700015B4 depth=0
redirect seq=004250 caller=QUEST2 WSAVS DIST                 pc=70168717 area_wfp=74003964 argc=4 frame=0 real_wsp=700015AA shadow_wsp=700015B4 master_wfp=700015B4 ret=70166E20 depth=1
redirect seq=004252 caller=QUEST2 WRTN  DIST                 area_wfp=74003964 ret_pc=70168732 real_wsp=700015A0 (was 74003950) shadow_wsp=700015A0 master_wfp=700015B4 depth=0
redirect seq=004255 caller=QUEST2 WSAVS DIST                 pc=70168717 area_wfp=74003964 argc=4 frame=0 real_wsp=700015AA shadow_wsp=700015B4 master_wfp=700015B4 ret=70166E20 depth=1
redirect seq=004257 caller=QUEST2 WRTN  DIST                 area_wfp=74003964 ret_pc=70168732 real_wsp=700015A0 (was 74003950) shadow_wsp=700015A0 master_wfp=700015B4 depth=0
redirect seq=004262 caller=QUEST2 WSAVS DIST                 pc=70168717 area_wfp=74003964 argc=4 frame=0 real_wsp=700015AA shadow_wsp=700015B4 master_wfp=700015B4 ret=70166E20 depth=1
redirect seq=004264 caller=QUEST2 WRTN  DIST                 area_wfp=74003964 ret_pc=70168732 real_wsp=700015A0 (was 74003950) shadow_wsp=700015A0 master_wfp=700015B4 depth=0
redirect seq=004266 caller=QUEST2 WSAVS DIST                 pc=70168717 area_wfp=74003964 argc=4 frame=0 real_wsp=700015AA shadow_wsp=700015B4 master_wfp=700015B4 ret=70166E20 depth=1
redirect seq=004268 caller=QUEST2 WRTN  DIST                 area_wfp=74003964 ret_pc=70168732 real_wsp=700015A0 (was 74003950) shadow_wsp=700015A0 master_wfp=700015B4 depth=0
redirect seq=004270 caller=QUEST2 WSAVS DIST                 pc=70168717 area_wfp=74003964 argc=4 frame=0 real_wsp=700015AA shadow_wsp=700015B4 master_wfp=700015B4 ret=70166E20 depth=1
redirect seq=004272 caller=QUEST2 WRTN  DIST                 area_wfp=74003964 ret_pc=70168732 real_wsp=700015A0 (was 74003950) shadow_wsp=700015A0 master_wfp=700015B4 depth=0
redirect seq=004277 caller=QUEST2 WSAVS DIST                 pc=70168717 area_wfp=74003964 argc=4 frame=0 real_wsp=700015AA shadow_wsp=700015B4 master_wfp=700015B4 ret=70166E20 depth=1
redirect seq=004279 caller=QUEST2 WRTN  DIST                 area_wfp=74003964 ret_pc=70168732 real_wsp=700015A0 (was 74003950) shadow_wsp=700015A0 master_wfp=700015B4 depth=0
redirect seq=004281 caller=QUEST2 WSAVS DIST                 pc=70168717 area_wfp=74003964 argc=4 frame=0 real_wsp=700015AA shadow_wsp=700015B4 master_wfp=700015B4 ret=70166E20 depth=1
redirect seq=004283 caller=QUEST2 WRTN  DIST                 area_wfp=74003964 ret_pc=70168732 real_wsp=700015A0 (was 74003950) shadow_wsp=700015A0 master_wfp=700015B4 depth=0
redirect seq=004285 caller=QUEST2 WSAVS DIST                 pc=70168717 area_wfp=74003964 argc=4 frame=0 real_wsp=700015AA shadow_wsp=700015B4 master_wfp=700015B4 ret=70166E20 depth=1
redirect seq=004287 caller=QUEST2 WRTN  DIST                 area_wfp=74003964 ret_pc=70168732 real_wsp=700015A0 (was 74003950) shadow_wsp=700015A0 master_wfp=700015B4 depth=0
redirect seq=004290 caller=QUEST2 WSAVS DIST                 pc=70168717 area_wfp=74003964 argc=4 frame=0 real_wsp=700015AA shadow_wsp=700015B4 master_wfp=700015B4 ret=70166E20 depth=1
redirect seq=004292 caller=QUEST2 WRTN  DIST                 area_wfp=74003964 ret_pc=70168732 real_wsp=700015A0 (was 74003950) shadow_wsp=700015A0 master_wfp=700015B4 depth=0
redirect seq=004296 caller=QUEST2 WSAVS DIST                 pc=70168717 area_wfp=74003964 argc=4 frame=0 real_wsp=700015AA shadow_wsp=700015B4 master_wfp=700015B4 ret=70166E20 depth=1
redirect seq=004298 caller=QUEST2 WRTN  DIST                 area_wfp=74003964 ret_pc=70168732 real_wsp=700015A0 (was 74003950) shadow_wsp=700015A0 master_wfp=700015B4 depth=0
redirect seq=004300 caller=QUEST2 WSAVS DIST                 pc=70168717 area_wfp=74003964 argc=4 frame=0 real_wsp=700015AA shadow_wsp=700015B4 master_wfp=700015B4 ret=70166E20 depth=1
redirect seq=004302 caller=QUEST2 WRTN  DIST                 area_wfp=74003964 ret_pc=70168732 real_wsp=700015A0 (was 74003950) shadow_wsp=700015A0 master_wfp=700015B4 depth=0
redirect seq=004307 caller=QUEST2 WSAVS DIST                 pc=70168717 area_wfp=74003964 argc=4 frame=0 real_wsp=700015AA shadow_wsp=700015B4 master_wfp=700015B4 ret=70166E20 depth=1
redirect seq=004309 caller=QUEST2 WRTN  DIST                 area_wfp=74003964 ret_pc=70168732 real_wsp=700015A0 (was 74003950) shadow_wsp=700015A0 master_wfp=700015B4 depth=0
redirect seq=004311 caller=QUEST2 WSAVS DIST                 pc=70168717 area_wfp=74003964 argc=4 frame=0 real_wsp=700015AA shadow_wsp=700015B4 master_wfp=700015B4 ret=70166E20 depth=1
redirect seq=004313 caller=QUEST2 WRTN  DIST                 area_wfp=74003964 ret_pc=70168732 real_wsp=700015A0 (was 74003950) shadow_wsp=700015A0 master_wfp=700015B4 depth=0
redirect seq=004315 caller=QUEST2 WSAVS DIST                 pc=70168717 area_wfp=74003964 argc=4 frame=0 real_wsp=700015AA shadow_wsp=700015B4 master_wfp=700015B4 ret=70166E20 depth=1
redirect seq=004317 caller=QUEST2 WRTN  DIST                 area_wfp=74003964 ret_pc=70168732 real_wsp=700015A0 (was 74003950) shadow_wsp=700015A0 master_wfp=700015B4 depth=0
redirect seq=004322 caller=QUEST2 WSAVS DIST                 pc=70168717 area_wfp=74003964 argc=4 frame=0 real_wsp=700015AA shadow_wsp=700015B4 master_wfp=700015B4 ret=70166E20 depth=1
redirect seq=004324 caller=QUEST2 WRTN  DIST                 area_wfp=74003964 ret_pc=70168732 real_wsp=700015A0 (was 74003950) shadow_wsp=700015A0 master_wfp=700015B4 depth=0
redirect seq=004326 caller=QUEST2 WSAVS DIST                 pc=70168717 area_wfp=74003964 argc=4 frame=0 real_wsp=700015AA shadow_wsp=700015B4 master_wfp=700015B4 ret=70166E20 depth=1
redirect seq=004328 caller=QUEST2 WRTN  DIST                 area_wfp=74003964 ret_pc=70168732 real_wsp=700015A0 (was 74003950) shadow_wsp=700015A0 master_wfp=700015B4 depth=0
redirect seq=004330 caller=QUEST2 WSAVS DIST                 pc=70168717 area_wfp=74003964 argc=4 frame=0 real_wsp=700015AA shadow_wsp=700015B4 master_wfp=700015B4 ret=70166E20 depth=1
redirect seq=004333 caller=QUEST2 WRTN  DIST                 area_wfp=74003964 ret_pc=70168732 real_wsp=700015A0 (was 74003950) shadow_wsp=700015A0 master_wfp=700015B4 depth=0
redirect seq=004335 caller=QUEST2 WSAVS DIST                 pc=70168717 area_wfp=74003964 argc=4 frame=0 real_wsp=700015AA shadow_wsp=700015B4 master_wfp=700015B4 ret=70166E20 depth=1
redirect seq=004339 caller=QUEST2 WRTN  DIST                 area_wfp=74003964 ret_pc=70168732 real_wsp=700015A0 (was 74003950) shadow_wsp=700015A0 master_wfp=700015B4 depth=0
redirect seq=004341 caller=QUEST2 WSAVS DIST                 pc=70168717 area_wfp=74003964 argc=4 frame=0 real_wsp=700015AA shadow_wsp=700015B4 master_wfp=700015B4 ret=70166E20 depth=1
redirect seq=004343 caller=QUEST2 WRTN  DIST                 area_wfp=74003964 ret_pc=70168732 real_wsp=700015A0 (was 74003950) shadow_wsp=700015A0 master_wfp=700015B4 depth=0
redirect seq=004345 caller=QUEST2 WSAVS DIST                 pc=70168717 area_wfp=74003964 argc=4 frame=0 real_wsp=700015AA shadow_wsp=700015B4 master_wfp=700015B4 ret=70166E20 depth=1
redirect seq=004347 caller=QUEST2 WRTN  DIST                 area_wfp=74003964 ret_pc=70168732 real_wsp=700015A0 (was 74003950) shadow_wsp=700015A0 master_wfp=700015B4 depth=0
redirect seq=004352 caller=QUEST2 WSAVS DIST                 pc=70168717 area_wfp=74003964 argc=4 frame=0 real_wsp=700015AA shadow_wsp=700015B4 master_wfp=700015B4 ret=70166E20 depth=1
redirect seq=004354 caller=QUEST2 WRTN  DIST                 area_wfp=74003964 ret_pc=70168732 real_wsp=700015A0 (was 74003950) shadow_wsp=700015A0 master_wfp=700015B4 depth=0
redirect seq=004356 caller=QUEST2 WSAVS DIST                 pc=70168717 area_wfp=74003964 argc=4 frame=0 real_wsp=700015AA shadow_wsp=700015B4 master_wfp=700015B4 ret=70166E20 depth=1
redirect seq=004358 caller=QUEST2 WRTN  DIST                 area_wfp=74003964 ret_pc=70168732 real_wsp=700015A0 (was 74003950) shadow_wsp=700015A0 master_wfp=700015B4 depth=0
redirect seq=004360 caller=QUEST2 WSAVS DIST                 pc=70168717 area_wfp=74003964 argc=4 frame=0 real_wsp=700015AA shadow_wsp=700015B4 master_wfp=700015B4 ret=70166E20 depth=1
redirect seq=004362 caller=QUEST2 WRTN  DIST                 area_wfp=74003964 ret_pc=70168732 real_wsp=700015A0 (was 74003950) shadow_wsp=700015A0 master_wfp=700015B4 depth=0
redirect seq=004366 caller=QUEST2 WSAVS DIST                 pc=70168717 area_wfp=74003964 argc=4 frame=0 real_wsp=700015AA shadow_wsp=700015B4 master_wfp=700015B4 ret=70166E20 depth=1
redirect seq=004368 caller=QUEST2 WRTN  DIST                 area_wfp=74003964 ret_pc=70168732 real_wsp=700015A0 (was 74003950) shadow_wsp=700015A0 master_wfp=700015B4 depth=0
redirect seq=004370 caller=QUEST2 WSAVS DIST                 pc=70168717 area_wfp=74003964 argc=4 frame=0 real_wsp=700015AA shadow_wsp=700015B4 master_wfp=700015B4 ret=70166E20 depth=1
redirect seq=004373 caller=QUEST2 WRTN  DIST                 area_wfp=74003964 ret_pc=70168732 real_wsp=700015A0 (was 74003950) shadow_wsp=700015A0 master_wfp=700015B4 depth=0
redirect seq=004375 caller=QUEST2 WSAVS DIST                 pc=70168717 area_wfp=74003964 argc=4 frame=0 real_wsp=700015AA shadow_wsp=700015B4 master_wfp=700015B4 ret=70166E20 depth=1
redirect seq=004377 caller=QUEST2 WRTN  DIST                 area_wfp=74003964 ret_pc=70168732 real_wsp=700015A0 (was 74003950) shadow_wsp=700015A0 master_wfp=700015B4 depth=0
redirect seq=004499 caller=QUEST2 WSAVS DIST                 pc=70168717 area_wfp=74003964 argc=4 frame=0 real_wsp=70001220 shadow_wsp=7000122A master_wfp=7000122A ret=7017D2BA depth=1
redirect seq=004501 caller=QUEST2 WRTN  DIST                 area_wfp=74003964 ret_pc=70168732 real_wsp=70001216 (was 74003950) shadow_wsp=70001216 master_wfp=7000122A depth=0
redirect seq=004504 caller=QUEST2 WSAVS RANDOM               pc=7017664D area_wfp=7400728E argc=1 frame=2 real_wsp=7000121A shadow_wsp=70001228 master_wfp=70001224 ret=7017D342 depth=1
redirect seq=004508 caller=QUEST2 WRTN  RANDOM               area_wfp=7400728E ret_pc=7017666C real_wsp=70001216 (was 74007280) shadow_wsp=70001216 master_wfp=70001224 depth=0
redirect seq=004510 caller=QUEST2 WSAVS DIST                 pc=70168717 area_wfp=74003964 argc=4 frame=0 real_wsp=70001220 shadow_wsp=7000122A master_wfp=7000122A ret=7017D2BA depth=1
redirect seq=004512 caller=QUEST2 WRTN  DIST                 area_wfp=74003964 ret_pc=70168732 real_wsp=70001216 (was 74003950) shadow_wsp=70001216 master_wfp=7000122A depth=0
redirect seq=004515 caller=QUEST2 WSAVS RANDOM               pc=7017664D area_wfp=7400728E argc=1 frame=2 real_wsp=7000121A shadow_wsp=70001228 master_wfp=70001224 ret=7017D342 depth=1
redirect seq=004519 caller=QUEST2 WRTN  RANDOM               area_wfp=7400728E ret_pc=7017666C real_wsp=70001216 (was 74007280) shadow_wsp=70001216 master_wfp=70001224 depth=0
redirect seq=004521 caller=QUEST2 WSAVS DIST                 pc=70168717 area_wfp=74003964 argc=4 frame=0 real_wsp=70001220 shadow_wsp=7000122A master_wfp=7000122A ret=7017D2BA depth=1
redirect seq=004523 caller=QUEST2 WRTN  DIST                 area_wfp=74003964 ret_pc=70168732 real_wsp=70001216 (was 74003950) shadow_wsp=70001216 master_wfp=7000122A depth=0
redirect seq=004526 caller=QUEST2 WSAVS RANDOM               pc=7017664D area_wfp=7400728E argc=1 frame=2 real_wsp=7000121A shadow_wsp=70001228 master_wfp=70001224 ret=7017D342 depth=1
redirect seq=004531 caller=QUEST2 WRTN  RANDOM               area_wfp=7400728E ret_pc=7017666C real_wsp=70001216 (was 74007280) shadow_wsp=70001216 master_wfp=70001224 depth=0
redirect seq=004533 caller=QUEST2 WSAVS DIST                 pc=70168717 area_wfp=74003964 argc=4 frame=0 real_wsp=70001220 shadow_wsp=7000122A master_wfp=7000122A ret=7017D2BA depth=1
redirect seq=004535 caller=QUEST2 WRTN  DIST                 area_wfp=74003964 ret_pc=70168732 real_wsp=70001216 (was 74003950) shadow_wsp=70001216 master_wfp=7000122A depth=0
redirect seq=004537 caller=QUEST2 WSAVS DIST                 pc=70168717 area_wfp=74003964 argc=4 frame=0 real_wsp=70001220 shadow_wsp=7000122A master_wfp=7000122A ret=7017D2BA depth=1
redirect seq=004539 caller=QUEST2 WRTN  DIST                 area_wfp=74003964 ret_pc=70168732 real_wsp=70001216 (was 74003950) shadow_wsp=70001216 master_wfp=7000122A depth=0
redirect seq=004670 caller=QUEST2 WSAVS READ_IN              pc=701766ED area_wfp=740072BC argc=0 frame=6 real_wsp=70001182 shadow_wsp=70001198 master_wfp=7000118C ret=7015FB7E depth=1
redirect seq=004682 caller=QUEST2 WRTN  READ_IN              area_wfp=740072BC ret_pc=7017E77D real_wsp=70001180 (was 740072B0) shadow_wsp=70001180 master_wfp=7000118C depth=0
redirect seq=004701 caller=QUEST2 WSAVS OWNS                 pc=70175CBF area_wfp=74007120 argc=2 frame=3 real_wsp=7000131E shadow_wsp=7000132E master_wfp=70001328 ret=70171114 depth=1
redirect seq=004702 caller=QUEST2 WRTN  OWNS                 area_wfp=74007120 ret_pc=70175D3C real_wsp=70001318 (was 74007110) shadow_wsp=70001318 master_wfp=70001328 depth=0
redirect seq=004704 caller=QUEST2 WSAVS OWNS                 pc=70175CBF area_wfp=74007120 argc=2 frame=3 real_wsp=7000131E shadow_wsp=7000132E master_wfp=70001328 ret=70171128 depth=1
redirect seq=004705 caller=QUEST2 WRTN  OWNS                 area_wfp=74007120 ret_pc=70175D08 real_wsp=70001318 (was 74007110) shadow_wsp=70001318 master_wfp=70001328 depth=0
redirect seq=004707 caller=QUEST2 WSAVS OWNS                 pc=70175CBF area_wfp=74007120 argc=2 frame=3 real_wsp=7000131E shadow_wsp=7000132E master_wfp=70001328 ret=70171133 depth=1
redirect seq=004709 caller=QUEST2 WRTN  OWNS                 area_wfp=74007120 ret_pc=70175DA8 real_wsp=70001318 (was 74007110) shadow_wsp=70001318 master_wfp=70001328 depth=0
redirect seq=004729 caller=QUEST2 WSAVS FIND_OBJECT          pc=7016A88F area_wfp=74003EA2 argc=3 frame=6 real_wsp=70001320 shadow_wsp=70001336 master_wfp=7000132A ret=70172343 depth=1
