redirect seq=000145 caller=QUEST2 WSAVS READ_IN              pc=701766ED area_wfp=740072BC argc=0 frame=6 real_wsp=700010DE shadow_wsp=700010F4 master_wfp=700010E8 ret=7015C063 depth=1
redirect seq=000157 caller=QUEST2 WRTN  READ_IN              area_wfp=740072BC ret_pc=7017E77D real_wsp=700010DC (was 740072B0) shadow_wsp=700010DC master_wfp=700010E8 depth=0
redirect seq=000196 caller=QUEST2 WSAVS READ_IN              pc=701766ED area_wfp=740072BC argc=0 frame=6 real_wsp=70001146 shadow_wsp=7000115C master_wfp=70001150 ret=70175F6F depth=1
redirect seq=000209 caller=QUEST2 WRTN  READ_IN              area_wfp=740072BC ret_pc=7017E77D real_wsp=70001144 (was 740072B0) shadow_wsp=70001144 master_wfp=70001150 depth=0
redirect seq=000219 caller=QUEST2 WSAVS READ_IN              pc=701766ED area_wfp=740072BC argc=0 frame=6 real_wsp=70001146 shadow_wsp=7000115C master_wfp=70001150 ret=70175FD7 depth=1
redirect seq=000231 caller=QUEST2 WRTN  READ_IN              area_wfp=740072BC ret_pc=7017E77D real_wsp=70001144 (was 740072B0) shadow_wsp=70001144 master_wfp=70001150 depth=0
redirect seq=001381 caller=QUEST2 WSAVS DIST                 pc=70168717 area_wfp=74003964 argc=4 frame=0 real_wsp=70001FDA shadow_wsp=70001FE4 master_wfp=70001FE4 ret=70166B8A depth=1
redirect seq=001383 caller=QUEST2 WRTN  DIST                 area_wfp=74003964 ret_pc=70168732 real_wsp=70001FD0 (was 74003950) shadow_wsp=70001FD0 master_wfp=70001FE4 depth=0
redirect seq=001385 caller=QUEST2 WSAVS DIST                 pc=70168717 area_wfp=74003964 argc=4 frame=0 real_wsp=70001FDA shadow_wsp=70001FE4 master_wfp=70001FE4 ret=70166B8A depth=1
redirect seq=001387 caller=QUEST2 WRTN  DIST                 area_wfp=74003964 ret_pc=70168732 real_wsp=70001FD0 (was 74003950) shadow_wsp=70001FD0 master_wfp=70001FE4 depth=0
redirect seq=001389 caller=QUEST2 WSAVS DIST                 pc=70168717 area_wfp=74003964 argc=4 frame=0 real_wsp=70001FDA shadow_wsp=70001FE4 master_wfp=70001FE4 ret=70166B8A depth=1
redirect seq=001391 caller=QUEST2 WRTN  DIST                 area_wfp=74003964 ret_pc=70168732 real_wsp=70001FD0 (was 74003950) shadow_wsp=70001FD0 master_wfp=70001FE4 depth=0
redirect seq=001396 caller=QUEST2 WSAVS DIST                 pc=70168717 area_wfp=74003964 argc=4 frame=0 real_wsp=70001FDA shadow_wsp=70001FE4 master_wfp=70001FE4 ret=70166E20 depth=1
redirect seq=001398 caller=QUEST2 WRTN  DIST                 area_wfp=74003964 ret_pc=70168732 real_wsp=70001FD0 (was 74003950) shadow_wsp=70001FD0 master_wfp=70001FE4 depth=0
redirect seq=001400 caller=QUEST2 WSAVS DIST                 pc=70168717 area_wfp=74003964 argc=4 frame=0 real_wsp=70001FDA shadow_wsp=70001FE4 master_wfp=70001FE4 ret=70166E20 depth=1
redirect seq=001402 caller=QUEST2 WRTN  DIST                 area_wfp=74003964 ret_pc=70168732 real_wsp=70001FD0 (was 74003950) shadow_wsp=70001FD0 master_wfp=70001FE4 depth=0
redirect seq=001404 caller=QUEST2 WSAVS DIST                 pc=70168717 area_wfp=74003964 argc=4 frame=0 real_wsp=70001FDA shadow_wsp=70001FE4 master_wfp=70001FE4 ret=70166E20 depth=1
redirect seq=001406 caller=QUEST2 WRTN  DIST                 area_wfp=74003964 ret_pc=70168732 real_wsp=70001FD0 (was 74003950) shadow_wsp=70001FD0 master_wfp=70001FE4 depth=0
redirect seq=001411 caller=QUEST2 WSAVS DIST                 pc=70168717 area_wfp=74003964 argc=4 frame=0 real_wsp=70001FDA shadow_wsp=70001FE4 master_wfp=70001FE4 ret=70166E20 depth=1
redirect seq=001413 caller=QUEST2 WRTN  DIST                 area_wfp=74003964 ret_pc=70168732 real_wsp=70001FD0 (was 74003950) shadow_wsp=70001FD0 master_wfp=70001FE4 depth=0
redirect seq=001415 caller=QUEST2 WSAVS DIST                 pc=70168717 area_wfp=74003964 argc=4 frame=0 real_wsp=70001FDA shadow_wsp=70001FE4 master_wfp=70001FE4 ret=70166E20 depth=1
redirect seq=001417 caller=QUEST2 WRTN  DIST                 area_wfp=74003964 ret_pc=70168732 real_wsp=70001FD0 (was 74003950) shadow_wsp=70001FD0 master_wfp=70001FE4 depth=0
redirect seq=001419 caller=QUEST2 WSAVS DIST                 pc=70168717 area_wfp=74003964 argc=4 frame=0 real_wsp=70001FDA shadow_wsp=70001FE4 master_wfp=70001FE4 ret=70166E20 depth=1
redirect seq=001421 caller=QUEST2 WRTN  DIST                 area_wfp=74003964 ret_pc=70168732 real_wsp=70001FD0 (was 74003950) shadow_wsp=70001FD0 master_wfp=70001FE4 depth=0
redirect seq=001426 caller=QUEST2 WSAVS DIST                 pc=70168717 area_wfp=74003964 argc=4 frame=0 real_wsp=70001FDA shadow_wsp=70001FE4 master_wfp=70001FE4 ret=70166E20 depth=1
redirect seq=001428 caller=QUEST2 WRTN  DIST                 area_wfp=74003964 ret_pc=70168732 real_wsp=70001FD0 (was 74003950) shadow_wsp=70001FD0 master_wfp=70001FE4 depth=0
redirect seq=001430 caller=QUEST2 WSAVS DIST                 pc=70168717 area_wfp=74003964 argc=4 frame=0 real_wsp=70001FDA shadow_wsp=70001FE4 master_wfp=70001FE4 ret=70166E20 depth=1
redirect seq=001432 caller=QUEST2 WRTN  DIST                 area_wfp=74003964 ret_pc=70168732 real_wsp=70001FD0 (was 74003950) shadow_wsp=70001FD0 master_wfp=70001FE4 depth=0
redirect seq=001434 caller=QUEST2 WSAVS DIST                 pc=70168717 area_wfp=74003964 argc=4 frame=0 real_wsp=70001FDA shadow_wsp=70001FE4 master_wfp=70001FE4 ret=70166E20 depth=1
redirect seq=001436 caller=QUEST2 WRTN  DIST                 area_wfp=74003964 ret_pc=70168732 real_wsp=70001FD0 (was 74003950) shadow_wsp=70001FD0 master_wfp=70001FE4 depth=0
redirect seq=001441 caller=QUEST2 WSAVS DIST                 pc=70168717 area_wfp=74003964 argc=4 frame=0 real_wsp=70001FDA shadow_wsp=70001FE4 master_wfp=70001FE4 ret=70166E20 depth=1
redirect seq=001443 caller=QUEST2 WRTN  DIST                 area_wfp=74003964 ret_pc=70168732 real_wsp=70001FD0 (was 74003950) shadow_wsp=70001FD0 master_wfp=70001FE4 depth=0
redirect seq=001445 caller=QUEST2 WSAVS DIST                 pc=70168717 area_wfp=74003964 argc=4 frame=0 real_wsp=70001FDA shadow_wsp=70001FE4 master_wfp=70001FE4 ret=70166E20 depth=1
redirect seq=001447 caller=QUEST2 WRTN  DIST                 area_wfp=74003964 ret_pc=70168732 real_wsp=70001FD0 (was 74003950) shadow_wsp=70001FD0 master_wfp=70001FE4 depth=0
redirect seq=001449 caller=QUEST2 WSAVS DIST                 pc=70168717 area_wfp=74003964 argc=4 frame=0 real_wsp=70001FDA shadow_wsp=70001FE4 master_wfp=70001FE4 ret=70166E20 depth=1
redirect seq=001451 caller=QUEST2 WRTN  DIST                 area_wfp=74003964 ret_pc=70168732 real_wsp=70001FD0 (was 74003950) shadow_wsp=70001FD0 master_wfp=70001FE4 depth=0
redirect seq=001456 caller=QUEST2 WSAVS DIST                 pc=70168717 area_wfp=74003964 argc=4 frame=0 real_wsp=70001FDA shadow_wsp=70001FE4 master_wfp=70001FE4 ret=70166E20 depth=1
redirect seq=001458 caller=QUEST2 WRTN  DIST                 area_wfp=74003964 ret_pc=70168732 real_wsp=70001FD0 (was 74003950) shadow_wsp=70001FD0 master_wfp=70001FE4 depth=0
redirect seq=001460 caller=QUEST2 WSAVS DIST                 pc=70168717 area_wfp=74003964 argc=4 frame=0 real_wsp=70001FDA shadow_wsp=70001FE4 master_wfp=70001FE4 ret=70166E20 depth=1
redirect seq=001462 caller=QUEST2 WRTN  DIST                 area_wfp=74003964 ret_pc=70168732 real_wsp=70001FD0 (was 74003950) shadow_wsp=70001FD0 master_wfp=70001FE4 depth=0
redirect seq=001464 caller=QUEST2 WSAVS DIST                 pc=70168717 area_wfp=74003964 argc=4 frame=0 real_wsp=70001FDA shadow_wsp=70001FE4 master_wfp=70001FE4 ret=70166E20 depth=1
redirect seq=001466 caller=QUEST2 WRTN  DIST                 area_wfp=74003964 ret_pc=70168732 real_wsp=70001FD0 (was 74003950) shadow_wsp=70001FD0 master_wfp=70001FE4 depth=0
redirect seq=001471 caller=QUEST2 WSAVS DIST                 pc=70168717 area_wfp=74003964 argc=4 frame=0 real_wsp=70001FDA shadow_wsp=70001FE4 master_wfp=70001FE4 ret=70166E20 depth=1
redirect seq=001473 caller=QUEST2 WRTN  DIST                 area_wfp=74003964 ret_pc=70168732 real_wsp=70001FD0 (was 74003950) shadow_wsp=70001FD0 master_wfp=70001FE4 depth=0
redirect seq=001475 caller=QUEST2 WSAVS DIST                 pc=70168717 area_wfp=74003964 argc=4 frame=0 real_wsp=70001FDA shadow_wsp=70001FE4 master_wfp=70001FE4 ret=70166E20 depth=1
redirect seq=001477 caller=QUEST2 WRTN  DIST                 area_wfp=74003964 ret_pc=70168732 real_wsp=70001FD0 (was 74003950) shadow_wsp=70001FD0 master_wfp=70001FE4 depth=0
redirect seq=001479 caller=QUEST2 WSAVS DIST                 pc=70168717 area_wfp=74003964 argc=4 frame=0 real_wsp=70001FDA shadow_wsp=70001FE4 master_wfp=70001FE4 ret=70166E20 depth=1
redirect seq=001481 caller=QUEST2 WRTN  DIST                 area_wfp=74003964 ret_pc=70168732 real_wsp=70001FD0 (was 74003950) shadow_wsp=70001FD0 master_wfp=70001FE4 depth=0
redirect seq=001486 caller=QUEST2 WSAVS DIST                 pc=70168717 area_wfp=74003964 argc=4 frame=0 real_wsp=70001FDA shadow_wsp=70001FE4 master_wfp=70001FE4 ret=70166E20 depth=1
redirect seq=001488 caller=QUEST2 WRTN  DIST                 area_wfp=74003964 ret_pc=70168732 real_wsp=70001FD0 (was 74003950) shadow_wsp=70001FD0 master_wfp=70001FE4 depth=0
redirect seq=001490 caller=QUEST2 WSAVS DIST                 pc=70168717 area_wfp=74003964 argc=4 frame=0 real_wsp=70001FDA shadow_wsp=70001FE4 master_wfp=70001FE4 ret=70166E20 depth=1
redirect seq=001492 caller=QUEST2 WRTN  DIST                 area_wfp=74003964 ret_pc=70168732 real_wsp=70001FD0 (was 74003950) shadow_wsp=70001FD0 master_wfp=70001FE4 depth=0
redirect seq=001494 caller=QUEST2 WSAVS DIST                 pc=70168717 area_wfp=74003964 argc=4 frame=0 real_wsp=70001FDA shadow_wsp=70001FE4 master_wfp=70001FE4 ret=70166E20 depth=1
redirect seq=001496 caller=QUEST2 WRTN  DIST                 area_wfp=74003964 ret_pc=70168732 real_wsp=70001FD0 (was 74003950) shadow_wsp=70001FD0 master_wfp=70001FE4 depth=0
redirect seq=001501 caller=QUEST2 WSAVS DIST                 pc=70168717 area_wfp=74003964 argc=4 frame=0 real_wsp=70001FDA shadow_wsp=70001FE4 master_wfp=70001FE4 ret=70166E20 depth=1
redirect seq=001503 caller=QUEST2 WRTN  DIST                 area_wfp=74003964 ret_pc=70168732 real_wsp=70001FD0 (was 74003950) shadow_wsp=70001FD0 master_wfp=70001FE4 depth=0
redirect seq=001505 caller=QUEST2 WSAVS DIST                 pc=70168717 area_wfp=74003964 argc=4 frame=0 real_wsp=70001FDA shadow_wsp=70001FE4 master_wfp=70001FE4 ret=70166E20 depth=1
redirect seq=001507 caller=QUEST2 WRTN  DIST                 area_wfp=74003964 ret_pc=70168732 real_wsp=70001FD0 (was 74003950) shadow_wsp=70001FD0 master_wfp=70001FE4 depth=0
redirect seq=001509 caller=QUEST2 WSAVS DIST                 pc=70168717 area_wfp=74003964 argc=4 frame=0 real_wsp=70001FDA shadow_wsp=70001FE4 master_wfp=70001FE4 ret=70166E20 depth=1
redirect seq=001511 caller=QUEST2 WRTN  DIST                 area_wfp=74003964 ret_pc=70168732 real_wsp=70001FD0 (was 74003950) shadow_wsp=70001FD0 master_wfp=70001FE4 depth=0
redirect seq=001516 caller=QUEST2 WSAVS DIST                 pc=70168717 area_wfp=74003964 argc=4 frame=0 real_wsp=70001FDA shadow_wsp=70001FE4 master_wfp=70001FE4 ret=70166E20 depth=1
redirect seq=001518 caller=QUEST2 WRTN  DIST                 area_wfp=74003964 ret_pc=70168732 real_wsp=70001FD0 (was 74003950) shadow_wsp=70001FD0 master_wfp=70001FE4 depth=0
redirect seq=001520 caller=QUEST2 WSAVS DIST                 pc=70168717 area_wfp=74003964 argc=4 frame=0 real_wsp=70001FDA shadow_wsp=70001FE4 master_wfp=70001FE4 ret=70166E20 depth=1
redirect seq=001522 caller=QUEST2 WRTN  DIST                 area_wfp=74003964 ret_pc=70168732 real_wsp=70001FD0 (was 74003950) shadow_wsp=70001FD0 master_wfp=70001FE4 depth=0
redirect seq=001524 caller=QUEST2 WSAVS DIST                 pc=70168717 area_wfp=74003964 argc=4 frame=0 real_wsp=70001FDA shadow_wsp=70001FE4 master_wfp=70001FE4 ret=70166E20 depth=1
redirect seq=001526 caller=QUEST2 WRTN  DIST                 area_wfp=74003964 ret_pc=70168732 real_wsp=70001FD0 (was 74003950) shadow_wsp=70001FD0 master_wfp=70001FE4 depth=0
redirect seq=001531 caller=QUEST2 WSAVS DIST                 pc=70168717 area_wfp=74003964 argc=4 frame=0 real_wsp=70001FDA shadow_wsp=70001FE4 master_wfp=70001FE4 ret=70166E20 depth=1
redirect seq=001533 caller=QUEST2 WRTN  DIST                 area_wfp=74003964 ret_pc=70168732 real_wsp=70001FD0 (was 74003950) shadow_wsp=70001FD0 master_wfp=70001FE4 depth=0
redirect seq=001535 caller=QUEST2 WSAVS DIST                 pc=70168717 area_wfp=74003964 argc=4 frame=0 real_wsp=70001FDA shadow_wsp=70001FE4 master_wfp=70001FE4 ret=70166E20 depth=1
redirect seq=001537 caller=QUEST2 WRTN  DIST                 area_wfp=74003964 ret_pc=70168732 real_wsp=70001FD0 (was 74003950) shadow_wsp=70001FD0 master_wfp=70001FE4 depth=0
redirect seq=001539 caller=QUEST2 WSAVS DIST                 pc=70168717 area_wfp=74003964 argc=4 frame=0 real_wsp=70001FDA shadow_wsp=70001FE4 master_wfp=70001FE4 ret=70166E20 depth=1
redirect seq=001541 caller=QUEST2 WRTN  DIST                 area_wfp=74003964 ret_pc=70168732 real_wsp=70001FD0 (was 74003950) shadow_wsp=70001FD0 master_wfp=70001FE4 depth=0
redirect seq=001546 caller=QUEST2 WSAVS DIST                 pc=70168717 area_wfp=74003964 argc=4 frame=0 real_wsp=70001FDA shadow_wsp=70001FE4 master_wfp=70001FE4 ret=70166E20 depth=1
redirect seq=001548 caller=QUEST2 WRTN  DIST                 area_wfp=74003964 ret_pc=70168732 real_wsp=70001FD0 (was 74003950) shadow_wsp=70001FD0 master_wfp=70001FE4 depth=0
redirect seq=001550 caller=QUEST2 WSAVS DIST                 pc=70168717 area_wfp=74003964 argc=4 frame=0 real_wsp=70001FDA shadow_wsp=70001FE4 master_wfp=70001FE4 ret=70166E20 depth=1
redirect seq=001552 caller=QUEST2 WRTN  DIST                 area_wfp=74003964 ret_pc=70168732 real_wsp=70001FD0 (was 74003950) shadow_wsp=70001FD0 master_wfp=70001FE4 depth=0
redirect seq=001554 caller=QUEST2 WSAVS DIST                 pc=70168717 area_wfp=74003964 argc=4 frame=0 real_wsp=70001FDA shadow_wsp=70001FE4 master_wfp=70001FE4 ret=70166E20 depth=1
redirect seq=001556 caller=QUEST2 WRTN  DIST                 area_wfp=74003964 ret_pc=70168732 real_wsp=70001FD0 (was 74003950) shadow_wsp=70001FD0 master_wfp=70001FE4 depth=0
redirect seq=001560 caller=QUEST2 WSAVS DIST                 pc=70168717 area_wfp=74003964 argc=4 frame=0 real_wsp=70001FDA shadow_wsp=70001FE4 master_wfp=70001FE4 ret=70166E20 depth=1
redirect seq=001562 caller=QUEST2 WRTN  DIST                 area_wfp=74003964 ret_pc=70168732 real_wsp=70001FD0 (was 74003950) shadow_wsp=70001FD0 master_wfp=70001FE4 depth=0
redirect seq=001564 caller=QUEST2 WSAVS DIST                 pc=70168717 area_wfp=74003964 argc=4 frame=0 real_wsp=70001FDA shadow_wsp=70001FE4 master_wfp=70001FE4 ret=70166E20 depth=1
redirect seq=001567 caller=QUEST2 WRTN  DIST                 area_wfp=74003964 ret_pc=70168732 real_wsp=70001FD0 (was 74003950) shadow_wsp=70001FD0 master_wfp=70001FE4 depth=0
redirect seq=001569 caller=QUEST2 WSAVS DIST                 pc=70168717 area_wfp=74003964 argc=4 frame=0 real_wsp=70001FDA shadow_wsp=70001FE4 master_wfp=70001FE4 ret=70166E20 depth=1
redirect seq=001571 caller=QUEST2 WRTN  DIST                 area_wfp=74003964 ret_pc=70168732 real_wsp=70001FD0 (was 74003950) shadow_wsp=70001FD0 master_wfp=70001FE4 depth=0
redirect seq=001576 caller=QUEST2 WSAVS DIST                 pc=70168717 area_wfp=74003964 argc=4 frame=0 real_wsp=70001FDA shadow_wsp=70001FE4 master_wfp=70001FE4 ret=70166E20 depth=1
redirect seq=001578 caller=QUEST2 WRTN  DIST                 area_wfp=74003964 ret_pc=70168732 real_wsp=70001FD0 (was 74003950) shadow_wsp=70001FD0 master_wfp=70001FE4 depth=0
redirect seq=001580 caller=QUEST2 WSAVS DIST                 pc=70168717 area_wfp=74003964 argc=4 frame=0 real_wsp=70001FDA shadow_wsp=70001FE4 master_wfp=70001FE4 ret=70166E20 depth=1
redirect seq=001582 caller=QUEST2 WRTN  DIST                 area_wfp=74003964 ret_pc=70168732 real_wsp=70001FD0 (was 74003950) shadow_wsp=70001FD0 master_wfp=70001FE4 depth=0
redirect seq=001584 caller=QUEST2 WSAVS DIST                 pc=70168717 area_wfp=74003964 argc=4 frame=0 real_wsp=70001FDA shadow_wsp=70001FE4 master_wfp=70001FE4 ret=70166E20 depth=1
redirect seq=001586 caller=QUEST2 WRTN  DIST                 area_wfp=74003964 ret_pc=70168732 real_wsp=70001FD0 (was 74003950) shadow_wsp=70001FD0 master_wfp=70001FE4 depth=0
redirect seq=001591 caller=QUEST2 WSAVS DIST                 pc=70168717 area_wfp=74003964 argc=4 frame=0 real_wsp=70001FDA shadow_wsp=70001FE4 master_wfp=70001FE4 ret=70166E20 depth=1
redirect seq=001593 caller=QUEST2 WRTN  DIST                 area_wfp=74003964 ret_pc=70168732 real_wsp=70001FD0 (was 74003950) shadow_wsp=70001FD0 master_wfp=70001FE4 depth=0
redirect seq=001595 caller=QUEST2 WSAVS DIST                 pc=70168717 area_wfp=74003964 argc=4 frame=0 real_wsp=70001FDA shadow_wsp=70001FE4 master_wfp=70001FE4 ret=70166E20 depth=1
redirect seq=001597 caller=QUEST2 WRTN  DIST                 area_wfp=74003964 ret_pc=70168732 real_wsp=70001FD0 (was 74003950) shadow_wsp=70001FD0 master_wfp=70001FE4 depth=0
redirect seq=001599 caller=QUEST2 WSAVS DIST                 pc=70168717 area_wfp=74003964 argc=4 frame=0 real_wsp=70001FDA shadow_wsp=70001FE4 master_wfp=70001FE4 ret=70166E20 depth=1
redirect seq=001601 caller=QUEST2 WRTN  DIST                 area_wfp=74003964 ret_pc=70168732 real_wsp=70001FD0 (was 74003950) shadow_wsp=70001FD0 master_wfp=70001FE4 depth=0
redirect seq=001605 caller=QUEST2 WSAVS DIST                 pc=70168717 area_wfp=74003964 argc=4 frame=0 real_wsp=70001FDA shadow_wsp=70001FE4 master_wfp=70001FE4 ret=70166E20 depth=1
redirect seq=001607 caller=QUEST2 WRTN  DIST                 area_wfp=74003964 ret_pc=70168732 real_wsp=70001FD0 (was 74003950) shadow_wsp=70001FD0 master_wfp=70001FE4 depth=0
redirect seq=001609 caller=QUEST2 WSAVS DIST                 pc=70168717 area_wfp=74003964 argc=4 frame=0 real_wsp=70001FDA shadow_wsp=70001FE4 master_wfp=70001FE4 ret=70166E20 depth=1
redirect seq=001612 caller=QUEST2 WRTN  DIST                 area_wfp=74003964 ret_pc=70168732 real_wsp=70001FD0 (was 74003950) shadow_wsp=70001FD0 master_wfp=70001FE4 depth=0
redirect seq=001614 caller=QUEST2 WSAVS DIST                 pc=70168717 area_wfp=74003964 argc=4 frame=0 real_wsp=70001FDA shadow_wsp=70001FE4 master_wfp=70001FE4 ret=70166E20 depth=1
redirect seq=001616 caller=QUEST2 WRTN  DIST                 area_wfp=74003964 ret_pc=70168732 real_wsp=70001FD0 (was 74003950) shadow_wsp=70001FD0 master_wfp=70001FE4 depth=0
redirect seq=001621 caller=QUEST2 WSAVS DIST                 pc=70168717 area_wfp=74003964 argc=4 frame=0 real_wsp=70001FDA shadow_wsp=70001FE4 master_wfp=70001FE4 ret=70166E20 depth=1
redirect seq=001623 caller=QUEST2 WRTN  DIST                 area_wfp=74003964 ret_pc=70168732 real_wsp=70001FD0 (was 74003950) shadow_wsp=70001FD0 master_wfp=70001FE4 depth=0
redirect seq=001625 caller=QUEST2 WSAVS DIST                 pc=70168717 area_wfp=74003964 argc=4 frame=0 real_wsp=70001FDA shadow_wsp=70001FE4 master_wfp=70001FE4 ret=70166E20 depth=1
redirect seq=001627 caller=QUEST2 WRTN  DIST                 area_wfp=74003964 ret_pc=70168732 real_wsp=70001FD0 (was 74003950) shadow_wsp=70001FD0 master_wfp=70001FE4 depth=0
redirect seq=001629 caller=QUEST2 WSAVS DIST                 pc=70168717 area_wfp=74003964 argc=4 frame=0 real_wsp=70001FDA shadow_wsp=70001FE4 master_wfp=70001FE4 ret=70166E20 depth=1
redirect seq=001631 caller=QUEST2 WRTN  DIST                 area_wfp=74003964 ret_pc=70168732 real_wsp=70001FD0 (was 74003950) shadow_wsp=70001FD0 master_wfp=70001FE4 depth=0
redirect seq=001635 caller=QUEST2 WSAVS DIST                 pc=70168717 area_wfp=74003964 argc=4 frame=0 real_wsp=70001FDA shadow_wsp=70001FE4 master_wfp=70001FE4 ret=70166E20 depth=1
redirect seq=001637 caller=QUEST2 WRTN  DIST                 area_wfp=74003964 ret_pc=70168732 real_wsp=70001FD0 (was 74003950) shadow_wsp=70001FD0 master_wfp=70001FE4 depth=0
redirect seq=001639 caller=QUEST2 WSAVS DIST                 pc=70168717 area_wfp=74003964 argc=4 frame=0 real_wsp=70001FDA shadow_wsp=70001FE4 master_wfp=70001FE4 ret=70166E20 depth=1
redirect seq=001642 caller=QUEST2 WRTN  DIST                 area_wfp=74003964 ret_pc=70168732 real_wsp=70001FD0 (was 74003950) shadow_wsp=70001FD0 master_wfp=70001FE4 depth=0
redirect seq=001644 caller=QUEST2 WSAVS DIST                 pc=70168717 area_wfp=74003964 argc=4 frame=0 real_wsp=70001FDA shadow_wsp=70001FE4 master_wfp=70001FE4 ret=70166E20 depth=1
redirect seq=001646 caller=QUEST2 WRTN  DIST                 area_wfp=74003964 ret_pc=70168732 real_wsp=70001FD0 (was 74003950) shadow_wsp=70001FD0 master_wfp=70001FE4 depth=0
redirect seq=001651 caller=QUEST2 WSAVS DIST                 pc=70168717 area_wfp=74003964 argc=4 frame=0 real_wsp=70001FDA shadow_wsp=70001FE4 master_wfp=70001FE4 ret=70166E20 depth=1
redirect seq=001653 caller=QUEST2 WRTN  DIST                 area_wfp=74003964 ret_pc=70168732 real_wsp=70001FD0 (was 74003950) shadow_wsp=70001FD0 master_wfp=70001FE4 depth=0
redirect seq=001655 caller=QUEST2 WSAVS DIST                 pc=70168717 area_wfp=74003964 argc=4 frame=0 real_wsp=70001FDA shadow_wsp=70001FE4 master_wfp=70001FE4 ret=70166E20 depth=1
redirect seq=001657 caller=QUEST2 WRTN  DIST                 area_wfp=74003964 ret_pc=70168732 real_wsp=70001FD0 (was 74003950) shadow_wsp=70001FD0 master_wfp=70001FE4 depth=0
redirect seq=001659 caller=QUEST2 WSAVS DIST                 pc=70168717 area_wfp=74003964 argc=4 frame=0 real_wsp=70001FDA shadow_wsp=70001FE4 master_wfp=70001FE4 ret=70166E20 depth=1
redirect seq=001661 caller=QUEST2 WRTN  DIST                 area_wfp=74003964 ret_pc=70168732 real_wsp=70001FD0 (was 74003950) shadow_wsp=70001FD0 master_wfp=70001FE4 depth=0
redirect seq=001665 caller=QUEST2 WSAVS DIST                 pc=70168717 area_wfp=74003964 argc=4 frame=0 real_wsp=70001FDA shadow_wsp=70001FE4 master_wfp=70001FE4 ret=70166E20 depth=1
redirect seq=001667 caller=QUEST2 WRTN  DIST                 area_wfp=74003964 ret_pc=70168732 real_wsp=70001FD0 (was 74003950) shadow_wsp=70001FD0 master_wfp=70001FE4 depth=0
redirect seq=001669 caller=QUEST2 WSAVS DIST                 pc=70168717 area_wfp=74003964 argc=4 frame=0 real_wsp=70001FDA shadow_wsp=70001FE4 master_wfp=70001FE4 ret=70166E20 depth=1
redirect seq=001672 caller=QUEST2 WRTN  DIST                 area_wfp=74003964 ret_pc=70168732 real_wsp=70001FD0 (was 74003950) shadow_wsp=70001FD0 master_wfp=70001FE4 depth=0
redirect seq=001674 caller=QUEST2 WSAVS DIST                 pc=70168717 area_wfp=74003964 argc=4 frame=0 real_wsp=70001FDA shadow_wsp=70001FE4 master_wfp=70001FE4 ret=70166E20 depth=1
redirect seq=001676 caller=QUEST2 WRTN  DIST                 area_wfp=74003964 ret_pc=70168732 real_wsp=70001FD0 (was 74003950) shadow_wsp=70001FD0 master_wfp=70001FE4 depth=0
redirect seq=001681 caller=QUEST2 WSAVS DIST                 pc=70168717 area_wfp=74003964 argc=4 frame=0 real_wsp=70001FDA shadow_wsp=70001FE4 master_wfp=70001FE4 ret=70166E20 depth=1
redirect seq=001683 caller=QUEST2 WRTN  DIST                 area_wfp=74003964 ret_pc=70168732 real_wsp=70001FD0 (was 74003950) shadow_wsp=70001FD0 master_wfp=70001FE4 depth=0
redirect seq=001685 caller=QUEST2 WSAVS DIST                 pc=70168717 area_wfp=74003964 argc=4 frame=0 real_wsp=70001FDA shadow_wsp=70001FE4 master_wfp=70001FE4 ret=70166E20 depth=1
redirect seq=001687 caller=QUEST2 WRTN  DIST                 area_wfp=74003964 ret_pc=70168732 real_wsp=70001FD0 (was 74003950) shadow_wsp=70001FD0 master_wfp=70001FE4 depth=0
redirect seq=001689 caller=QUEST2 WSAVS DIST                 pc=70168717 area_wfp=74003964 argc=4 frame=0 real_wsp=70001FDA shadow_wsp=70001FE4 master_wfp=70001FE4 ret=70166E20 depth=1
redirect seq=001691 caller=QUEST2 WRTN  DIST                 area_wfp=74003964 ret_pc=70168732 real_wsp=70001FD0 (was 74003950) shadow_wsp=70001FD0 master_wfp=70001FE4 depth=0
redirect seq=001694 caller=QUEST2 WSAVS DIST                 pc=70168717 area_wfp=74003964 argc=4 frame=0 real_wsp=70001FDA shadow_wsp=70001FE4 master_wfp=70001FE4 ret=70166E20 depth=1
redirect seq=001698 caller=QUEST2 WRTN  DIST                 area_wfp=74003964 ret_pc=70168732 real_wsp=70001FD0 (was 74003950) shadow_wsp=70001FD0 master_wfp=70001FE4 depth=0
redirect seq=001700 caller=QUEST2 WSAVS DIST                 pc=70168717 area_wfp=74003964 argc=4 frame=0 real_wsp=70001FDA shadow_wsp=70001FE4 master_wfp=70001FE4 ret=70166E20 depth=1
redirect seq=001702 caller=QUEST2 WRTN  DIST                 area_wfp=74003964 ret_pc=70168732 real_wsp=70001FD0 (was 74003950) shadow_wsp=70001FD0 master_wfp=70001FE4 depth=0
redirect seq=001704 caller=QUEST2 WSAVS DIST                 pc=70168717 area_wfp=74003964 argc=4 frame=0 real_wsp=70001FDA shadow_wsp=70001FE4 master_wfp=70001FE4 ret=70166E20 depth=1
redirect seq=001706 caller=QUEST2 WRTN  DIST                 area_wfp=74003964 ret_pc=70168732 real_wsp=70001FD0 (was 74003950) shadow_wsp=70001FD0 master_wfp=70001FE4 depth=0
redirect seq=001711 caller=QUEST2 WSAVS DIST                 pc=70168717 area_wfp=74003964 argc=4 frame=0 real_wsp=70001FDA shadow_wsp=70001FE4 master_wfp=70001FE4 ret=70166E20 depth=1
redirect seq=001713 caller=QUEST2 WRTN  DIST                 area_wfp=74003964 ret_pc=70168732 real_wsp=70001FD0 (was 74003950) shadow_wsp=70001FD0 master_wfp=70001FE4 depth=0
redirect seq=001715 caller=QUEST2 WSAVS DIST                 pc=70168717 area_wfp=74003964 argc=4 frame=0 real_wsp=70001FDA shadow_wsp=70001FE4 master_wfp=70001FE4 ret=70166E20 depth=1
redirect seq=001717 caller=QUEST2 WRTN  DIST                 area_wfp=74003964 ret_pc=70168732 real_wsp=70001FD0 (was 74003950) shadow_wsp=70001FD0 master_wfp=70001FE4 depth=0
redirect seq=001719 caller=QUEST2 WSAVS DIST                 pc=70168717 area_wfp=74003964 argc=4 frame=0 real_wsp=70001FDA shadow_wsp=70001FE4 master_wfp=70001FE4 ret=70166E20 depth=1
redirect seq=001721 caller=QUEST2 WRTN  DIST                 area_wfp=74003964 ret_pc=70168732 real_wsp=70001FD0 (was 74003950) shadow_wsp=70001FD0 master_wfp=70001FE4 depth=0
redirect seq=001726 caller=QUEST2 WSAVS DIST                 pc=70168717 area_wfp=74003964 argc=4 frame=0 real_wsp=70001FDA shadow_wsp=70001FE4 master_wfp=70001FE4 ret=70166E20 depth=1
redirect seq=001728 caller=QUEST2 WRTN  DIST                 area_wfp=74003964 ret_pc=70168732 real_wsp=70001FD0 (was 74003950) shadow_wsp=70001FD0 master_wfp=70001FE4 depth=0
redirect seq=001730 caller=QUEST2 WSAVS DIST                 pc=70168717 area_wfp=74003964 argc=4 frame=0 real_wsp=70001FDA shadow_wsp=70001FE4 master_wfp=70001FE4 ret=70166E20 depth=1
redirect seq=001732 caller=QUEST2 WRTN  DIST                 area_wfp=74003964 ret_pc=70168732 real_wsp=70001FD0 (was 74003950) shadow_wsp=70001FD0 master_wfp=70001FE4 depth=0
redirect seq=001734 caller=QUEST2 WSAVS DIST                 pc=70168717 area_wfp=74003964 argc=4 frame=0 real_wsp=70001FDA shadow_wsp=70001FE4 master_wfp=70001FE4 ret=70166E20 depth=1
redirect seq=001736 caller=QUEST2 WRTN  DIST                 area_wfp=74003964 ret_pc=70168732 real_wsp=70001FD0 (was 74003950) shadow_wsp=70001FD0 master_wfp=70001FE4 depth=0
redirect seq=001740 caller=QUEST2 WSAVS DIST                 pc=70168717 area_wfp=74003964 argc=4 frame=0 real_wsp=70001FDA shadow_wsp=70001FE4 master_wfp=70001FE4 ret=70166E20 depth=1
redirect seq=001742 caller=QUEST2 WRTN  DIST                 area_wfp=74003964 ret_pc=70168732 real_wsp=70001FD0 (was 74003950) shadow_wsp=70001FD0 master_wfp=70001FE4 depth=0
redirect seq=001744 caller=QUEST2 WSAVS DIST                 pc=70168717 area_wfp=74003964 argc=4 frame=0 real_wsp=70001FDA shadow_wsp=70001FE4 master_wfp=70001FE4 ret=70166E20 depth=1
redirect seq=001746 caller=QUEST2 WRTN  DIST                 area_wfp=74003964 ret_pc=70168732 real_wsp=70001FD0 (was 74003950) shadow_wsp=70001FD0 master_wfp=70001FE4 depth=0
redirect seq=001749 caller=QUEST2 WSAVS DIST                 pc=70168717 area_wfp=74003964 argc=4 frame=0 real_wsp=70001FDA shadow_wsp=70001FE4 master_wfp=70001FE4 ret=70166E20 depth=1
redirect seq=001751 caller=QUEST2 WRTN  DIST                 area_wfp=74003964 ret_pc=70168732 real_wsp=70001FD0 (was 74003950) shadow_wsp=70001FD0 master_wfp=70001FE4 depth=0
redirect seq=001756 caller=QUEST2 WSAVS DIST                 pc=70168717 area_wfp=74003964 argc=4 frame=0 real_wsp=70001FDA shadow_wsp=70001FE4 master_wfp=70001FE4 ret=70166E20 depth=1
redirect seq=001758 caller=QUEST2 WRTN  DIST                 area_wfp=74003964 ret_pc=70168732 real_wsp=70001FD0 (was 74003950) shadow_wsp=70001FD0 master_wfp=70001FE4 depth=0
redirect seq=001760 caller=QUEST2 WSAVS DIST                 pc=70168717 area_wfp=74003964 argc=4 frame=0 real_wsp=70001FDA shadow_wsp=70001FE4 master_wfp=70001FE4 ret=70166E20 depth=1
redirect seq=001762 caller=QUEST2 WRTN  DIST                 area_wfp=74003964 ret_pc=70168732 real_wsp=70001FD0 (was 74003950) shadow_wsp=70001FD0 master_wfp=70001FE4 depth=0
redirect seq=001764 caller=QUEST2 WSAVS DIST                 pc=70168717 area_wfp=74003964 argc=4 frame=0 real_wsp=70001FDA shadow_wsp=70001FE4 master_wfp=70001FE4 ret=70166E20 depth=1
redirect seq=001766 caller=QUEST2 WRTN  DIST                 area_wfp=74003964 ret_pc=70168732 real_wsp=70001FD0 (was 74003950) shadow_wsp=70001FD0 master_wfp=70001FE4 depth=0
redirect seq=001771 caller=QUEST2 WSAVS DIST                 pc=70168717 area_wfp=74003964 argc=4 frame=0 real_wsp=70001FDA shadow_wsp=70001FE4 master_wfp=70001FE4 ret=70166E20 depth=1
redirect seq=001773 caller=QUEST2 WRTN  DIST                 area_wfp=74003964 ret_pc=70168732 real_wsp=70001FD0 (was 74003950) shadow_wsp=70001FD0 master_wfp=70001FE4 depth=0
redirect seq=001775 caller=QUEST2 WSAVS DIST                 pc=70168717 area_wfp=74003964 argc=4 frame=0 real_wsp=70001FDA shadow_wsp=70001FE4 master_wfp=70001FE4 ret=70166E20 depth=1
redirect seq=001777 caller=QUEST2 WRTN  DIST                 area_wfp=74003964 ret_pc=70168732 real_wsp=70001FD0 (was 74003950) shadow_wsp=70001FD0 master_wfp=70001FE4 depth=0
redirect seq=001779 caller=QUEST2 WSAVS DIST                 pc=70168717 area_wfp=74003964 argc=4 frame=0 real_wsp=70001FDA shadow_wsp=70001FE4 master_wfp=70001FE4 ret=70166E20 depth=1
redirect seq=001781 caller=QUEST2 WRTN  DIST                 area_wfp=74003964 ret_pc=70168732 real_wsp=70001FD0 (was 74003950) shadow_wsp=70001FD0 master_wfp=70001FE4 depth=0
redirect seq=001786 caller=QUEST2 WSAVS DIST                 pc=70168717 area_wfp=74003964 argc=4 frame=0 real_wsp=70001FDA shadow_wsp=70001FE4 master_wfp=70001FE4 ret=70166E20 depth=1
redirect seq=001788 caller=QUEST2 WRTN  DIST                 area_wfp=74003964 ret_pc=70168732 real_wsp=70001FD0 (was 74003950) shadow_wsp=70001FD0 master_wfp=70001FE4 depth=0
redirect seq=001790 caller=QUEST2 WSAVS DIST                 pc=70168717 area_wfp=74003964 argc=4 frame=0 real_wsp=70001FDA shadow_wsp=70001FE4 master_wfp=70001FE4 ret=70166E20 depth=1
redirect seq=001792 caller=QUEST2 WRTN  DIST                 area_wfp=74003964 ret_pc=70168732 real_wsp=70001FD0 (was 74003950) shadow_wsp=70001FD0 master_wfp=70001FE4 depth=0
redirect seq=001794 caller=QUEST2 WSAVS DIST                 pc=70168717 area_wfp=74003964 argc=4 frame=0 real_wsp=70001FDA shadow_wsp=70001FE4 master_wfp=70001FE4 ret=70166E20 depth=1
redirect seq=001796 caller=QUEST2 WRTN  DIST                 area_wfp=74003964 ret_pc=70168732 real_wsp=70001FD0 (was 74003950) shadow_wsp=70001FD0 master_wfp=70001FE4 depth=0
redirect seq=001800 caller=QUEST2 WSAVS DIST                 pc=70168717 area_wfp=74003964 argc=4 frame=0 real_wsp=70001FDA shadow_wsp=70001FE4 master_wfp=70001FE4 ret=70166E20 depth=1
redirect seq=001802 caller=QUEST2 WRTN  DIST                 area_wfp=74003964 ret_pc=70168732 real_wsp=70001FD0 (was 74003950) shadow_wsp=70001FD0 master_wfp=70001FE4 depth=0
redirect seq=001804 caller=QUEST2 WSAVS DIST                 pc=70168717 area_wfp=74003964 argc=4 frame=0 real_wsp=70001FDA shadow_wsp=70001FE4 master_wfp=70001FE4 ret=70166E20 depth=1
redirect seq=001807 caller=QUEST2 WRTN  DIST                 area_wfp=74003964 ret_pc=70168732 real_wsp=70001FD0 (was 74003950) shadow_wsp=70001FD0 master_wfp=70001FE4 depth=0
redirect seq=001809 caller=QUEST2 WSAVS DIST                 pc=70168717 area_wfp=74003964 argc=4 frame=0 real_wsp=70001FDA shadow_wsp=70001FE4 master_wfp=70001FE4 ret=70166E20 depth=1
redirect seq=001811 caller=QUEST2 WRTN  DIST                 area_wfp=74003964 ret_pc=70168732 real_wsp=70001FD0 (was 74003950) shadow_wsp=70001FD0 master_wfp=70001FE4 depth=0
redirect seq=001816 caller=QUEST2 WSAVS DIST                 pc=70168717 area_wfp=74003964 argc=4 frame=0 real_wsp=70001FDA shadow_wsp=70001FE4 master_wfp=70001FE4 ret=70166E20 depth=1
redirect seq=001818 caller=QUEST2 WRTN  DIST                 area_wfp=74003964 ret_pc=70168732 real_wsp=70001FD0 (was 74003950) shadow_wsp=70001FD0 master_wfp=70001FE4 depth=0
redirect seq=001820 caller=QUEST2 WSAVS DIST                 pc=70168717 area_wfp=74003964 argc=4 frame=0 real_wsp=70001FDA shadow_wsp=70001FE4 master_wfp=70001FE4 ret=70166E20 depth=1
redirect seq=001822 caller=QUEST2 WRTN  DIST                 area_wfp=74003964 ret_pc=70168732 real_wsp=70001FD0 (was 74003950) shadow_wsp=70001FD0 master_wfp=70001FE4 depth=0
redirect seq=001824 caller=QUEST2 WSAVS DIST                 pc=70168717 area_wfp=74003964 argc=4 frame=0 real_wsp=70001FDA shadow_wsp=70001FE4 master_wfp=70001FE4 ret=70166E20 depth=1
redirect seq=001826 caller=QUEST2 WRTN  DIST                 area_wfp=74003964 ret_pc=70168732 real_wsp=70001FD0 (was 74003950) shadow_wsp=70001FD0 master_wfp=70001FE4 depth=0
redirect seq=001831 caller=QUEST2 WSAVS DIST                 pc=70168717 area_wfp=74003964 argc=4 frame=0 real_wsp=70001FDA shadow_wsp=70001FE4 master_wfp=70001FE4 ret=70166E20 depth=1
redirect seq=001833 caller=QUEST2 WRTN  DIST                 area_wfp=74003964 ret_pc=70168732 real_wsp=70001FD0 (was 74003950) shadow_wsp=70001FD0 master_wfp=70001FE4 depth=0
redirect seq=001835 caller=QUEST2 WSAVS DIST                 pc=70168717 area_wfp=74003964 argc=4 frame=0 real_wsp=70001FDA shadow_wsp=70001FE4 master_wfp=70001FE4 ret=70166E20 depth=1
redirect seq=001837 caller=QUEST2 WRTN  DIST                 area_wfp=74003964 ret_pc=70168732 real_wsp=70001FD0 (was 74003950) shadow_wsp=70001FD0 master_wfp=70001FE4 depth=0
redirect seq=001839 caller=QUEST2 WSAVS DIST                 pc=70168717 area_wfp=74003964 argc=4 frame=0 real_wsp=70001FDA shadow_wsp=70001FE4 master_wfp=70001FE4 ret=70166E20 depth=1
redirect seq=001841 caller=QUEST2 WRTN  DIST                 area_wfp=74003964 ret_pc=70168732 real_wsp=70001FD0 (was 74003950) shadow_wsp=70001FD0 master_wfp=70001FE4 depth=0
redirect seq=001844 caller=QUEST2 WSAVS DIST                 pc=70168717 area_wfp=74003964 argc=4 frame=0 real_wsp=70001FDA shadow_wsp=70001FE4 master_wfp=70001FE4 ret=70166E20 depth=1
redirect seq=001846 caller=QUEST2 WRTN  DIST                 area_wfp=74003964 ret_pc=70168732 real_wsp=70001FD0 (was 74003950) shadow_wsp=70001FD0 master_wfp=70001FE4 depth=0
redirect seq=001850 caller=QUEST2 WSAVS DIST                 pc=70168717 area_wfp=74003964 argc=4 frame=0 real_wsp=70001FDA shadow_wsp=70001FE4 master_wfp=70001FE4 ret=70166E20 depth=1
redirect seq=001852 caller=QUEST2 WRTN  DIST                 area_wfp=74003964 ret_pc=70168732 real_wsp=70001FD0 (was 74003950) shadow_wsp=70001FD0 master_wfp=70001FE4 depth=0
redirect seq=001854 caller=QUEST2 WSAVS DIST                 pc=70168717 area_wfp=74003964 argc=4 frame=0 real_wsp=70001FDA shadow_wsp=70001FE4 master_wfp=70001FE4 ret=70166E20 depth=1
redirect seq=001856 caller=QUEST2 WRTN  DIST                 area_wfp=74003964 ret_pc=70168732 real_wsp=70001FD0 (was 74003950) shadow_wsp=70001FD0 master_wfp=70001FE4 depth=0
redirect seq=001861 caller=QUEST2 WSAVS DIST                 pc=70168717 area_wfp=74003964 argc=4 frame=0 real_wsp=70001FDA shadow_wsp=70001FE4 master_wfp=70001FE4 ret=70166E20 depth=1
redirect seq=001863 caller=QUEST2 WRTN  DIST                 area_wfp=74003964 ret_pc=70168732 real_wsp=70001FD0 (was 74003950) shadow_wsp=70001FD0 master_wfp=70001FE4 depth=0
redirect seq=001865 caller=QUEST2 WSAVS DIST                 pc=70168717 area_wfp=74003964 argc=4 frame=0 real_wsp=70001FDA shadow_wsp=70001FE4 master_wfp=70001FE4 ret=70166E20 depth=1
redirect seq=001867 caller=QUEST2 WRTN  DIST                 area_wfp=74003964 ret_pc=70168732 real_wsp=70001FD0 (was 74003950) shadow_wsp=70001FD0 master_wfp=70001FE4 depth=0
redirect seq=001869 caller=QUEST2 WSAVS DIST                 pc=70168717 area_wfp=74003964 argc=4 frame=0 real_wsp=70001FDA shadow_wsp=70001FE4 master_wfp=70001FE4 ret=70166E20 depth=1
redirect seq=001871 caller=QUEST2 WRTN  DIST                 area_wfp=74003964 ret_pc=70168732 real_wsp=70001FD0 (was 74003950) shadow_wsp=70001FD0 master_wfp=70001FE4 depth=0
redirect seq=001874 caller=QUEST2 WSAVS DIST                 pc=70168717 area_wfp=74003964 argc=4 frame=0 real_wsp=70001FDA shadow_wsp=70001FE4 master_wfp=70001FE4 ret=70166E20 depth=1
redirect seq=001876 caller=QUEST2 WRTN  DIST                 area_wfp=74003964 ret_pc=70168732 real_wsp=70001FD0 (was 74003950) shadow_wsp=70001FD0 master_wfp=70001FE4 depth=0
redirect seq=001880 caller=QUEST2 WSAVS DIST                 pc=70168717 area_wfp=74003964 argc=4 frame=0 real_wsp=70001FDA shadow_wsp=70001FE4 master_wfp=70001FE4 ret=70166E20 depth=1
redirect seq=001882 caller=QUEST2 WRTN  DIST                 area_wfp=74003964 ret_pc=70168732 real_wsp=70001FD0 (was 74003950) shadow_wsp=70001FD0 master_wfp=70001FE4 depth=0
redirect seq=001884 caller=QUEST2 WSAVS DIST                 pc=70168717 area_wfp=74003964 argc=4 frame=0 real_wsp=70001FDA shadow_wsp=70001FE4 master_wfp=70001FE4 ret=70166E20 depth=1
redirect seq=001886 caller=QUEST2 WRTN  DIST                 area_wfp=74003964 ret_pc=70168732 real_wsp=70001FD0 (was 74003950) shadow_wsp=70001FD0 master_wfp=70001FE4 depth=0
redirect seq=001891 caller=QUEST2 WSAVS DIST                 pc=70168717 area_wfp=74003964 argc=4 frame=0 real_wsp=70001FDA shadow_wsp=70001FE4 master_wfp=70001FE4 ret=70166E20 depth=1
redirect seq=001893 caller=QUEST2 WRTN  DIST                 area_wfp=74003964 ret_pc=70168732 real_wsp=70001FD0 (was 74003950) shadow_wsp=70001FD0 master_wfp=70001FE4 depth=0
redirect seq=001895 caller=QUEST2 WSAVS DIST                 pc=70168717 area_wfp=74003964 argc=4 frame=0 real_wsp=70001FDA shadow_wsp=70001FE4 master_wfp=70001FE4 ret=70166E20 depth=1
redirect seq=001897 caller=QUEST2 WRTN  DIST                 area_wfp=74003964 ret_pc=70168732 real_wsp=70001FD0 (was 74003950) shadow_wsp=70001FD0 master_wfp=70001FE4 depth=0
redirect seq=001899 caller=QUEST2 WSAVS DIST                 pc=70168717 area_wfp=74003964 argc=4 frame=0 real_wsp=70001FDA shadow_wsp=70001FE4 master_wfp=70001FE4 ret=70166E20 depth=1
redirect seq=001901 caller=QUEST2 WRTN  DIST                 area_wfp=74003964 ret_pc=70168732 real_wsp=70001FD0 (was 74003950) shadow_wsp=70001FD0 master_wfp=70001FE4 depth=0
redirect seq=001906 caller=QUEST2 WSAVS DIST                 pc=70168717 area_wfp=74003964 argc=4 frame=0 real_wsp=70001FDA shadow_wsp=70001FE4 master_wfp=70001FE4 ret=70166E20 depth=1
redirect seq=001908 caller=QUEST2 WRTN  DIST                 area_wfp=74003964 ret_pc=70168732 real_wsp=70001FD0 (was 74003950) shadow_wsp=70001FD0 master_wfp=70001FE4 depth=0
redirect seq=001910 caller=QUEST2 WSAVS DIST                 pc=70168717 area_wfp=74003964 argc=4 frame=0 real_wsp=70001FDA shadow_wsp=70001FE4 master_wfp=70001FE4 ret=70166E20 depth=1
redirect seq=001912 caller=QUEST2 WRTN  DIST                 area_wfp=74003964 ret_pc=70168732 real_wsp=70001FD0 (was 74003950) shadow_wsp=70001FD0 master_wfp=70001FE4 depth=0
redirect seq=001914 caller=QUEST2 WSAVS DIST                 pc=70168717 area_wfp=74003964 argc=4 frame=0 real_wsp=70001FDA shadow_wsp=70001FE4 master_wfp=70001FE4 ret=70166E20 depth=1
redirect seq=001916 caller=QUEST2 WRTN  DIST                 area_wfp=74003964 ret_pc=70168732 real_wsp=70001FD0 (was 74003950) shadow_wsp=70001FD0 master_wfp=70001FE4 depth=0
redirect seq=001921 caller=QUEST2 WSAVS DIST                 pc=70168717 area_wfp=74003964 argc=4 frame=0 real_wsp=70001FDA shadow_wsp=70001FE4 master_wfp=70001FE4 ret=70166E20 depth=1
redirect seq=001923 caller=QUEST2 WRTN  DIST                 area_wfp=74003964 ret_pc=70168732 real_wsp=70001FD0 (was 74003950) shadow_wsp=70001FD0 master_wfp=70001FE4 depth=0
redirect seq=001925 caller=QUEST2 WSAVS DIST                 pc=70168717 area_wfp=74003964 argc=4 frame=0 real_wsp=70001FDA shadow_wsp=70001FE4 master_wfp=70001FE4 ret=70166E20 depth=1
redirect seq=001927 caller=QUEST2 WRTN  DIST                 area_wfp=74003964 ret_pc=70168732 real_wsp=70001FD0 (was 74003950) shadow_wsp=70001FD0 master_wfp=70001FE4 depth=0
redirect seq=001929 caller=QUEST2 WSAVS DIST                 pc=70168717 area_wfp=74003964 argc=4 frame=0 real_wsp=70001FDA shadow_wsp=70001FE4 master_wfp=70001FE4 ret=70166E20 depth=1
redirect seq=001931 caller=QUEST2 WRTN  DIST                 area_wfp=74003964 ret_pc=70168732 real_wsp=70001FD0 (was 74003950) shadow_wsp=70001FD0 master_wfp=70001FE4 depth=0
redirect seq=001934 caller=QUEST2 WSAVS DIST                 pc=70168717 area_wfp=74003964 argc=4 frame=0 real_wsp=70001FDA shadow_wsp=70001FE4 master_wfp=70001FE4 ret=70166E20 depth=1
redirect seq=001938 caller=QUEST2 WRTN  DIST                 area_wfp=74003964 ret_pc=70168732 real_wsp=70001FD0 (was 74003950) shadow_wsp=70001FD0 master_wfp=70001FE4 depth=0
redirect seq=001940 caller=QUEST2 WSAVS DIST                 pc=70168717 area_wfp=74003964 argc=4 frame=0 real_wsp=70001FDA shadow_wsp=70001FE4 master_wfp=70001FE4 ret=70166E20 depth=1
redirect seq=001942 caller=QUEST2 WRTN  DIST                 area_wfp=74003964 ret_pc=70168732 real_wsp=70001FD0 (was 74003950) shadow_wsp=70001FD0 master_wfp=70001FE4 depth=0
redirect seq=001944 caller=QUEST2 WSAVS DIST                 pc=70168717 area_wfp=74003964 argc=4 frame=0 real_wsp=70001FDA shadow_wsp=70001FE4 master_wfp=70001FE4 ret=70166E20 depth=1
redirect seq=001946 caller=QUEST2 WRTN  DIST                 area_wfp=74003964 ret_pc=70168732 real_wsp=70001FD0 (was 74003950) shadow_wsp=70001FD0 master_wfp=70001FE4 depth=0
redirect seq=001950 caller=QUEST2 WSAVS DIST                 pc=70168717 area_wfp=74003964 argc=4 frame=0 real_wsp=70001FDA shadow_wsp=70001FE4 master_wfp=70001FE4 ret=70166E20 depth=1
redirect seq=001952 caller=QUEST2 WRTN  DIST                 area_wfp=74003964 ret_pc=70168732 real_wsp=70001FD0 (was 74003950) shadow_wsp=70001FD0 master_wfp=70001FE4 depth=0
redirect seq=001954 caller=QUEST2 WSAVS DIST                 pc=70168717 area_wfp=74003964 argc=4 frame=0 real_wsp=70001FDA shadow_wsp=70001FE4 master_wfp=70001FE4 ret=70166E20 depth=1
redirect seq=001956 caller=QUEST2 WRTN  DIST                 area_wfp=74003964 ret_pc=70168732 real_wsp=70001FD0 (was 74003950) shadow_wsp=70001FD0 master_wfp=70001FE4 depth=0
redirect seq=001959 caller=QUEST2 WSAVS DIST                 pc=70168717 area_wfp=74003964 argc=4 frame=0 real_wsp=70001FDA shadow_wsp=70001FE4 master_wfp=70001FE4 ret=70166E20 depth=1
redirect seq=001961 caller=QUEST2 WRTN  DIST                 area_wfp=74003964 ret_pc=70168732 real_wsp=70001FD0 (was 74003950) shadow_wsp=70001FD0 master_wfp=70001FE4 depth=0
redirect seq=001966 caller=QUEST2 WSAVS DIST                 pc=70168717 area_wfp=74003964 argc=4 frame=0 real_wsp=70001FDA shadow_wsp=70001FE4 master_wfp=70001FE4 ret=70166E20 depth=1
redirect seq=001968 caller=QUEST2 WRTN  DIST                 area_wfp=74003964 ret_pc=70168732 real_wsp=70001FD0 (was 74003950) shadow_wsp=70001FD0 master_wfp=70001FE4 depth=0
redirect seq=001970 caller=QUEST2 WSAVS DIST                 pc=70168717 area_wfp=74003964 argc=4 frame=0 real_wsp=70001FDA shadow_wsp=70001FE4 master_wfp=70001FE4 ret=70166E20 depth=1
redirect seq=001972 caller=QUEST2 WRTN  DIST                 area_wfp=74003964 ret_pc=70168732 real_wsp=70001FD0 (was 74003950) shadow_wsp=70001FD0 master_wfp=70001FE4 depth=0
redirect seq=001974 caller=QUEST2 WSAVS DIST                 pc=70168717 area_wfp=74003964 argc=4 frame=0 real_wsp=70001FDA shadow_wsp=70001FE4 master_wfp=70001FE4 ret=70166E20 depth=1
redirect seq=001976 caller=QUEST2 WRTN  DIST                 area_wfp=74003964 ret_pc=70168732 real_wsp=70001FD0 (was 74003950) shadow_wsp=70001FD0 master_wfp=70001FE4 depth=0
redirect seq=001979 caller=QUEST2 WSAVS DIST                 pc=70168717 area_wfp=74003964 argc=4 frame=0 real_wsp=70001FDA shadow_wsp=70001FE4 master_wfp=70001FE4 ret=70166E20 depth=1
redirect seq=001981 caller=QUEST2 WRTN  DIST                 area_wfp=74003964 ret_pc=70168732 real_wsp=70001FD0 (was 74003950) shadow_wsp=70001FD0 master_wfp=70001FE4 depth=0
redirect seq=001985 caller=QUEST2 WSAVS DIST                 pc=70168717 area_wfp=74003964 argc=4 frame=0 real_wsp=70001FDA shadow_wsp=70001FE4 master_wfp=70001FE4 ret=70166E20 depth=1
redirect seq=001987 caller=QUEST2 WRTN  DIST                 area_wfp=74003964 ret_pc=70168732 real_wsp=70001FD0 (was 74003950) shadow_wsp=70001FD0 master_wfp=70001FE4 depth=0
redirect seq=001989 caller=QUEST2 WSAVS DIST                 pc=70168717 area_wfp=74003964 argc=4 frame=0 real_wsp=70001FDA shadow_wsp=70001FE4 master_wfp=70001FE4 ret=70166E20 depth=1
redirect seq=001991 caller=QUEST2 WRTN  DIST                 area_wfp=74003964 ret_pc=70168732 real_wsp=70001FD0 (was 74003950) shadow_wsp=70001FD0 master_wfp=70001FE4 depth=0
redirect seq=001996 caller=QUEST2 WSAVS DIST                 pc=70168717 area_wfp=74003964 argc=4 frame=0 real_wsp=70001FDA shadow_wsp=70001FE4 master_wfp=70001FE4 ret=70166E20 depth=1
redirect seq=001998 caller=QUEST2 WRTN  DIST                 area_wfp=74003964 ret_pc=70168732 real_wsp=70001FD0 (was 74003950) shadow_wsp=70001FD0 master_wfp=70001FE4 depth=0
redirect seq=002000 caller=QUEST2 WSAVS DIST                 pc=70168717 area_wfp=74003964 argc=4 frame=0 real_wsp=70001FDA shadow_wsp=70001FE4 master_wfp=70001FE4 ret=70166E20 depth=1
redirect seq=002002 caller=QUEST2 WRTN  DIST                 area_wfp=74003964 ret_pc=70168732 real_wsp=70001FD0 (was 74003950) shadow_wsp=70001FD0 master_wfp=70001FE4 depth=0
redirect seq=002004 caller=QUEST2 WSAVS DIST                 pc=70168717 area_wfp=74003964 argc=4 frame=0 real_wsp=70001FDA shadow_wsp=70001FE4 master_wfp=70001FE4 ret=70166E20 depth=1
redirect seq=002006 caller=QUEST2 WRTN  DIST                 area_wfp=74003964 ret_pc=70168732 real_wsp=70001FD0 (was 74003950) shadow_wsp=70001FD0 master_wfp=70001FE4 depth=0
redirect seq=002010 caller=QUEST2 WSAVS DIST                 pc=70168717 area_wfp=74003964 argc=4 frame=0 real_wsp=70001FDA shadow_wsp=70001FE4 master_wfp=70001FE4 ret=70166E20 depth=1
redirect seq=002012 caller=QUEST2 WRTN  DIST                 area_wfp=74003964 ret_pc=70168732 real_wsp=70001FD0 (was 74003950) shadow_wsp=70001FD0 master_wfp=70001FE4 depth=0
redirect seq=002014 caller=QUEST2 WSAVS DIST                 pc=70168717 area_wfp=74003964 argc=4 frame=0 real_wsp=70001FDA shadow_wsp=70001FE4 master_wfp=70001FE4 ret=70166E20 depth=1
redirect seq=002017 caller=QUEST2 WRTN  DIST                 area_wfp=74003964 ret_pc=70168732 real_wsp=70001FD0 (was 74003950) shadow_wsp=70001FD0 master_wfp=70001FE4 depth=0
redirect seq=002019 caller=QUEST2 WSAVS DIST                 pc=70168717 area_wfp=74003964 argc=4 frame=0 real_wsp=70001FDA shadow_wsp=70001FE4 master_wfp=70001FE4 ret=70166E20 depth=1
redirect seq=002021 caller=QUEST2 WRTN  DIST                 area_wfp=74003964 ret_pc=70168732 real_wsp=70001FD0 (was 74003950) shadow_wsp=70001FD0 master_wfp=70001FE4 depth=0
redirect seq=002026 caller=QUEST2 WSAVS DIST                 pc=70168717 area_wfp=74003964 argc=4 frame=0 real_wsp=70001FDA shadow_wsp=70001FE4 master_wfp=70001FE4 ret=70166E20 depth=1
redirect seq=002028 caller=QUEST2 WRTN  DIST                 area_wfp=74003964 ret_pc=70168732 real_wsp=70001FD0 (was 74003950) shadow_wsp=70001FD0 master_wfp=70001FE4 depth=0
redirect seq=002030 caller=QUEST2 WSAVS DIST                 pc=70168717 area_wfp=74003964 argc=4 frame=0 real_wsp=70001FDA shadow_wsp=70001FE4 master_wfp=70001FE4 ret=70166E20 depth=1
redirect seq=002032 caller=QUEST2 WRTN  DIST                 area_wfp=74003964 ret_pc=70168732 real_wsp=70001FD0 (was 74003950) shadow_wsp=70001FD0 master_wfp=70001FE4 depth=0
redirect seq=002034 caller=QUEST2 WSAVS DIST                 pc=70168717 area_wfp=74003964 argc=4 frame=0 real_wsp=70001FDA shadow_wsp=70001FE4 master_wfp=70001FE4 ret=70166E20 depth=1
redirect seq=002036 caller=QUEST2 WRTN  DIST                 area_wfp=74003964 ret_pc=70168732 real_wsp=70001FD0 (was 74003950) shadow_wsp=70001FD0 master_wfp=70001FE4 depth=0
redirect seq=002040 caller=QUEST2 WSAVS DIST                 pc=70168717 area_wfp=74003964 argc=4 frame=0 real_wsp=70001FDA shadow_wsp=70001FE4 master_wfp=70001FE4 ret=70166E20 depth=1
redirect seq=002042 caller=QUEST2 WRTN  DIST                 area_wfp=74003964 ret_pc=70168732 real_wsp=70001FD0 (was 74003950) shadow_wsp=70001FD0 master_wfp=70001FE4 depth=0
redirect seq=002044 caller=QUEST2 WSAVS DIST                 pc=70168717 area_wfp=74003964 argc=4 frame=0 real_wsp=70001FDA shadow_wsp=70001FE4 master_wfp=70001FE4 ret=70166E20 depth=1
redirect seq=002047 caller=QUEST2 WRTN  DIST                 area_wfp=74003964 ret_pc=70168732 real_wsp=70001FD0 (was 74003950) shadow_wsp=70001FD0 master_wfp=70001FE4 depth=0
redirect seq=002049 caller=QUEST2 WSAVS DIST                 pc=70168717 area_wfp=74003964 argc=4 frame=0 real_wsp=70001FDA shadow_wsp=70001FE4 master_wfp=70001FE4 ret=70166E20 depth=1
redirect seq=002051 caller=QUEST2 WRTN  DIST                 area_wfp=74003964 ret_pc=70168732 real_wsp=70001FD0 (was 74003950) shadow_wsp=70001FD0 master_wfp=70001FE4 depth=0
redirect seq=002056 caller=QUEST2 WSAVS DIST                 pc=70168717 area_wfp=74003964 argc=4 frame=0 real_wsp=70001FDA shadow_wsp=70001FE4 master_wfp=70001FE4 ret=70166E20 depth=1
redirect seq=002058 caller=QUEST2 WRTN  DIST                 area_wfp=74003964 ret_pc=70168732 real_wsp=70001FD0 (was 74003950) shadow_wsp=70001FD0 master_wfp=70001FE4 depth=0
redirect seq=002060 caller=QUEST2 WSAVS DIST                 pc=70168717 area_wfp=74003964 argc=4 frame=0 real_wsp=70001FDA shadow_wsp=70001FE4 master_wfp=70001FE4 ret=70166E20 depth=1
redirect seq=002062 caller=QUEST2 WRTN  DIST                 area_wfp=74003964 ret_pc=70168732 real_wsp=70001FD0 (was 74003950) shadow_wsp=70001FD0 master_wfp=70001FE4 depth=0
redirect seq=002064 caller=QUEST2 WSAVS DIST                 pc=70168717 area_wfp=74003964 argc=4 frame=0 real_wsp=70001FDA shadow_wsp=70001FE4 master_wfp=70001FE4 ret=70166E20 depth=1
redirect seq=002066 caller=QUEST2 WRTN  DIST                 area_wfp=74003964 ret_pc=70168732 real_wsp=70001FD0 (was 74003950) shadow_wsp=70001FD0 master_wfp=70001FE4 depth=0
redirect seq=002069 caller=QUEST2 WSAVS DIST                 pc=70168717 area_wfp=74003964 argc=4 frame=0 real_wsp=70001FDA shadow_wsp=70001FE4 master_wfp=70001FE4 ret=70166E20 depth=1
redirect seq=002073 caller=QUEST2 WRTN  DIST                 area_wfp=74003964 ret_pc=70168732 real_wsp=70001FD0 (was 74003950) shadow_wsp=70001FD0 master_wfp=70001FE4 depth=0
redirect seq=002075 caller=QUEST2 WSAVS DIST                 pc=70168717 area_wfp=74003964 argc=4 frame=0 real_wsp=70001FDA shadow_wsp=70001FE4 master_wfp=70001FE4 ret=70166E20 depth=1
redirect seq=002077 caller=QUEST2 WRTN  DIST                 area_wfp=74003964 ret_pc=70168732 real_wsp=70001FD0 (was 74003950) shadow_wsp=70001FD0 master_wfp=70001FE4 depth=0
redirect seq=002079 caller=QUEST2 WSAVS DIST                 pc=70168717 area_wfp=74003964 argc=4 frame=0 real_wsp=70001FDA shadow_wsp=70001FE4 master_wfp=70001FE4 ret=70166E20 depth=1
redirect seq=002081 caller=QUEST2 WRTN  DIST                 area_wfp=74003964 ret_pc=70168732 real_wsp=70001FD0 (was 74003950) shadow_wsp=70001FD0 master_wfp=70001FE4 depth=0
redirect seq=002086 caller=QUEST2 WSAVS DIST                 pc=70168717 area_wfp=74003964 argc=4 frame=0 real_wsp=70001FDA shadow_wsp=70001FE4 master_wfp=70001FE4 ret=70166E20 depth=1
redirect seq=002088 caller=QUEST2 WRTN  DIST                 area_wfp=74003964 ret_pc=70168732 real_wsp=70001FD0 (was 74003950) shadow_wsp=70001FD0 master_wfp=70001FE4 depth=0
redirect seq=002090 caller=QUEST2 WSAVS DIST                 pc=70168717 area_wfp=74003964 argc=4 frame=0 real_wsp=70001FDA shadow_wsp=70001FE4 master_wfp=70001FE4 ret=70166E20 depth=1
redirect seq=002092 caller=QUEST2 WRTN  DIST                 area_wfp=74003964 ret_pc=70168732 real_wsp=70001FD0 (was 74003950) shadow_wsp=70001FD0 master_wfp=70001FE4 depth=0
redirect seq=002094 caller=QUEST2 WSAVS DIST                 pc=70168717 area_wfp=74003964 argc=4 frame=0 real_wsp=70001FDA shadow_wsp=70001FE4 master_wfp=70001FE4 ret=70166E20 depth=1
redirect seq=002096 caller=QUEST2 WRTN  DIST                 area_wfp=74003964 ret_pc=70168732 real_wsp=70001FD0 (was 74003950) shadow_wsp=70001FD0 master_wfp=70001FE4 depth=0
redirect seq=002099 caller=QUEST2 WSAVS DIST                 pc=70168717 area_wfp=74003964 argc=4 frame=0 real_wsp=70001FDA shadow_wsp=70001FE4 master_wfp=70001FE4 ret=70166E20 depth=1
redirect seq=002103 caller=QUEST2 WRTN  DIST                 area_wfp=74003964 ret_pc=70168732 real_wsp=70001FD0 (was 74003950) shadow_wsp=70001FD0 master_wfp=70001FE4 depth=0
redirect seq=002105 caller=QUEST2 WSAVS DIST                 pc=70168717 area_wfp=74003964 argc=4 frame=0 real_wsp=70001FDA shadow_wsp=70001FE4 master_wfp=70001FE4 ret=70166E20 depth=1
redirect seq=002107 caller=QUEST2 WRTN  DIST                 area_wfp=74003964 ret_pc=70168732 real_wsp=70001FD0 (was 74003950) shadow_wsp=70001FD0 master_wfp=70001FE4 depth=0
redirect seq=002109 caller=QUEST2 WSAVS DIST                 pc=70168717 area_wfp=74003964 argc=4 frame=0 real_wsp=70001FDA shadow_wsp=70001FE4 master_wfp=70001FE4 ret=70166E20 depth=1
redirect seq=002111 caller=QUEST2 WRTN  DIST                 area_wfp=74003964 ret_pc=70168732 real_wsp=70001FD0 (was 74003950) shadow_wsp=70001FD0 master_wfp=70001FE4 depth=0
redirect seq=002116 caller=QUEST2 WSAVS DIST                 pc=70168717 area_wfp=74003964 argc=4 frame=0 real_wsp=70001FDA shadow_wsp=70001FE4 master_wfp=70001FE4 ret=70166E20 depth=1
redirect seq=002118 caller=QUEST2 WRTN  DIST                 area_wfp=74003964 ret_pc=70168732 real_wsp=70001FD0 (was 74003950) shadow_wsp=70001FD0 master_wfp=70001FE4 depth=0
redirect seq=002120 caller=QUEST2 WSAVS DIST                 pc=70168717 area_wfp=74003964 argc=4 frame=0 real_wsp=70001FDA shadow_wsp=70001FE4 master_wfp=70001FE4 ret=70166E20 depth=1
redirect seq=002122 caller=QUEST2 WRTN  DIST                 area_wfp=74003964 ret_pc=70168732 real_wsp=70001FD0 (was 74003950) shadow_wsp=70001FD0 master_wfp=70001FE4 depth=0
redirect seq=002124 caller=QUEST2 WSAVS DIST                 pc=70168717 area_wfp=74003964 argc=4 frame=0 real_wsp=70001FDA shadow_wsp=70001FE4 master_wfp=70001FE4 ret=70166E20 depth=1
redirect seq=002126 caller=QUEST2 WRTN  DIST                 area_wfp=74003964 ret_pc=70168732 real_wsp=70001FD0 (was 74003950) shadow_wsp=70001FD0 master_wfp=70001FE4 depth=0
redirect seq=002131 caller=QUEST2 WSAVS DIST                 pc=70168717 area_wfp=74003964 argc=4 frame=0 real_wsp=70001FDA shadow_wsp=70001FE4 master_wfp=70001FE4 ret=70166E20 depth=1
redirect seq=002133 caller=QUEST2 WRTN  DIST                 area_wfp=74003964 ret_pc=70168732 real_wsp=70001FD0 (was 74003950) shadow_wsp=70001FD0 master_wfp=70001FE4 depth=0
redirect seq=002135 caller=QUEST2 WSAVS DIST                 pc=70168717 area_wfp=74003964 argc=4 frame=0 real_wsp=70001FDA shadow_wsp=70001FE4 master_wfp=70001FE4 ret=70166E20 depth=1
redirect seq=002137 caller=QUEST2 WRTN  DIST                 area_wfp=74003964 ret_pc=70168732 real_wsp=70001FD0 (was 74003950) shadow_wsp=70001FD0 master_wfp=70001FE4 depth=0
redirect seq=002139 caller=QUEST2 WSAVS DIST                 pc=70168717 area_wfp=74003964 argc=4 frame=0 real_wsp=70001FDA shadow_wsp=70001FE4 master_wfp=70001FE4 ret=70166E20 depth=1
redirect seq=002141 caller=QUEST2 WRTN  DIST                 area_wfp=74003964 ret_pc=70168732 real_wsp=70001FD0 (was 74003950) shadow_wsp=70001FD0 master_wfp=70001FE4 depth=0
redirect seq=002145 caller=QUEST2 WSAVS DIST                 pc=70168717 area_wfp=74003964 argc=4 frame=0 real_wsp=70001FDA shadow_wsp=70001FE4 master_wfp=70001FE4 ret=70166E20 depth=1
redirect seq=002147 caller=QUEST2 WRTN  DIST                 area_wfp=74003964 ret_pc=70168732 real_wsp=70001FD0 (was 74003950) shadow_wsp=70001FD0 master_wfp=70001FE4 depth=0
redirect seq=002149 caller=QUEST2 WSAVS DIST                 pc=70168717 area_wfp=74003964 argc=4 frame=0 real_wsp=70001FDA shadow_wsp=70001FE4 master_wfp=70001FE4 ret=70166E20 depth=1
redirect seq=002152 caller=QUEST2 WRTN  DIST                 area_wfp=74003964 ret_pc=70168732 real_wsp=70001FD0 (was 74003950) shadow_wsp=70001FD0 master_wfp=70001FE4 depth=0
redirect seq=002154 caller=QUEST2 WSAVS DIST                 pc=70168717 area_wfp=74003964 argc=4 frame=0 real_wsp=70001FDA shadow_wsp=70001FE4 master_wfp=70001FE4 ret=70166E20 depth=1
redirect seq=002156 caller=QUEST2 WRTN  DIST                 area_wfp=74003964 ret_pc=70168732 real_wsp=70001FD0 (was 74003950) shadow_wsp=70001FD0 master_wfp=70001FE4 depth=0
redirect seq=002161 caller=QUEST2 WSAVS DIST                 pc=70168717 area_wfp=74003964 argc=4 frame=0 real_wsp=70001FDA shadow_wsp=70001FE4 master_wfp=70001FE4 ret=70166E20 depth=1
redirect seq=002163 caller=QUEST2 WRTN  DIST                 area_wfp=74003964 ret_pc=70168732 real_wsp=70001FD0 (was 74003950) shadow_wsp=70001FD0 master_wfp=70001FE4 depth=0
redirect seq=002165 caller=QUEST2 WSAVS DIST                 pc=70168717 area_wfp=74003964 argc=4 frame=0 real_wsp=70001FDA shadow_wsp=70001FE4 master_wfp=70001FE4 ret=70166E20 depth=1
redirect seq=002167 caller=QUEST2 WRTN  DIST                 area_wfp=74003964 ret_pc=70168732 real_wsp=70001FD0 (was 74003950) shadow_wsp=70001FD0 master_wfp=70001FE4 depth=0
redirect seq=002169 caller=QUEST2 WSAVS DIST                 pc=70168717 area_wfp=74003964 argc=4 frame=0 real_wsp=70001FDA shadow_wsp=70001FE4 master_wfp=70001FE4 ret=70166E20 depth=1
redirect seq=002171 caller=QUEST2 WRTN  DIST                 area_wfp=74003964 ret_pc=70168732 real_wsp=70001FD0 (was 74003950) shadow_wsp=70001FD0 master_wfp=70001FE4 depth=0
redirect seq=002175 caller=QUEST2 WSAVS DIST                 pc=70168717 area_wfp=74003964 argc=4 frame=0 real_wsp=70001FDA shadow_wsp=70001FE4 master_wfp=70001FE4 ret=70166E20 depth=1
redirect seq=002177 caller=QUEST2 WRTN  DIST                 area_wfp=74003964 ret_pc=70168732 real_wsp=70001FD0 (was 74003950) shadow_wsp=70001FD0 master_wfp=70001FE4 depth=0
redirect seq=002179 caller=QUEST2 WSAVS DIST                 pc=70168717 area_wfp=74003964 argc=4 frame=0 real_wsp=70001FDA shadow_wsp=70001FE4 master_wfp=70001FE4 ret=70166E20 depth=1
redirect seq=002182 caller=QUEST2 WRTN  DIST                 area_wfp=74003964 ret_pc=70168732 real_wsp=70001FD0 (was 74003950) shadow_wsp=70001FD0 master_wfp=70001FE4 depth=0
redirect seq=002184 caller=QUEST2 WSAVS DIST                 pc=70168717 area_wfp=74003964 argc=4 frame=0 real_wsp=70001FDA shadow_wsp=70001FE4 master_wfp=70001FE4 ret=70166E20 depth=1
redirect seq=002186 caller=QUEST2 WRTN  DIST                 area_wfp=74003964 ret_pc=70168732 real_wsp=70001FD0 (was 74003950) shadow_wsp=70001FD0 master_wfp=70001FE4 depth=0
redirect seq=002191 caller=QUEST2 WSAVS DIST                 pc=70168717 area_wfp=74003964 argc=4 frame=0 real_wsp=70001FDA shadow_wsp=70001FE4 master_wfp=70001FE4 ret=70166E20 depth=1
redirect seq=002193 caller=QUEST2 WRTN  DIST                 area_wfp=74003964 ret_pc=70168732 real_wsp=70001FD0 (was 74003950) shadow_wsp=70001FD0 master_wfp=70001FE4 depth=0
redirect seq=002195 caller=QUEST2 WSAVS DIST                 pc=70168717 area_wfp=74003964 argc=4 frame=0 real_wsp=70001FDA shadow_wsp=70001FE4 master_wfp=70001FE4 ret=70166E20 depth=1
redirect seq=002197 caller=QUEST2 WRTN  DIST                 area_wfp=74003964 ret_pc=70168732 real_wsp=70001FD0 (was 74003950) shadow_wsp=70001FD0 master_wfp=70001FE4 depth=0
redirect seq=002199 caller=QUEST2 WSAVS DIST                 pc=70168717 area_wfp=74003964 argc=4 frame=0 real_wsp=70001FDA shadow_wsp=70001FE4 master_wfp=70001FE4 ret=70166E20 depth=1
redirect seq=002201 caller=QUEST2 WRTN  DIST                 area_wfp=74003964 ret_pc=70168732 real_wsp=70001FD0 (was 74003950) shadow_wsp=70001FD0 master_wfp=70001FE4 depth=0
redirect seq=002205 caller=QUEST2 WSAVS DIST                 pc=70168717 area_wfp=74003964 argc=4 frame=0 real_wsp=70001FDA shadow_wsp=70001FE4 master_wfp=70001FE4 ret=70166E20 depth=1
redirect seq=002207 caller=QUEST2 WRTN  DIST                 area_wfp=74003964 ret_pc=70168732 real_wsp=70001FD0 (was 74003950) shadow_wsp=70001FD0 master_wfp=70001FE4 depth=0
redirect seq=002209 caller=QUEST2 WSAVS DIST                 pc=70168717 area_wfp=74003964 argc=4 frame=0 real_wsp=70001FDA shadow_wsp=70001FE4 master_wfp=70001FE4 ret=70166E20 depth=1
redirect seq=002212 caller=QUEST2 WRTN  DIST                 area_wfp=74003964 ret_pc=70168732 real_wsp=70001FD0 (was 74003950) shadow_wsp=70001FD0 master_wfp=70001FE4 depth=0
redirect seq=002214 caller=QUEST2 WSAVS DIST                 pc=70168717 area_wfp=74003964 argc=4 frame=0 real_wsp=70001FDA shadow_wsp=70001FE4 master_wfp=70001FE4 ret=70166E20 depth=1
redirect seq=002216 caller=QUEST2 WRTN  DIST                 area_wfp=74003964 ret_pc=70168732 real_wsp=70001FD0 (was 74003950) shadow_wsp=70001FD0 master_wfp=70001FE4 depth=0
redirect seq=002221 caller=QUEST2 WSAVS DIST                 pc=70168717 area_wfp=74003964 argc=4 frame=0 real_wsp=70001FDA shadow_wsp=70001FE4 master_wfp=70001FE4 ret=70166E20 depth=1
redirect seq=002223 caller=QUEST2 WRTN  DIST                 area_wfp=74003964 ret_pc=70168732 real_wsp=70001FD0 (was 74003950) shadow_wsp=70001FD0 master_wfp=70001FE4 depth=0
redirect seq=002225 caller=QUEST2 WSAVS DIST                 pc=70168717 area_wfp=74003964 argc=4 frame=0 real_wsp=70001FDA shadow_wsp=70001FE4 master_wfp=70001FE4 ret=70166E20 depth=1
redirect seq=002227 caller=QUEST2 WRTN  DIST                 area_wfp=74003964 ret_pc=70168732 real_wsp=70001FD0 (was 74003950) shadow_wsp=70001FD0 master_wfp=70001FE4 depth=0
redirect seq=002229 caller=QUEST2 WSAVS DIST                 pc=70168717 area_wfp=74003964 argc=4 frame=0 real_wsp=70001FDA shadow_wsp=70001FE4 master_wfp=70001FE4 ret=70166E20 depth=1
redirect seq=002231 caller=QUEST2 WRTN  DIST                 area_wfp=74003964 ret_pc=70168732 real_wsp=70001FD0 (was 74003950) shadow_wsp=70001FD0 master_wfp=70001FE4 depth=0
redirect seq=002234 caller=QUEST2 WSAVS DIST                 pc=70168717 area_wfp=74003964 argc=4 frame=0 real_wsp=70001FDA shadow_wsp=70001FE4 master_wfp=70001FE4 ret=70166E20 depth=1
redirect seq=002238 caller=QUEST2 WRTN  DIST                 area_wfp=74003964 ret_pc=70168732 real_wsp=70001FD0 (was 74003950) shadow_wsp=70001FD0 master_wfp=70001FE4 depth=0
redirect seq=002240 caller=QUEST2 WSAVS DIST                 pc=70168717 area_wfp=74003964 argc=4 frame=0 real_wsp=70001FDA shadow_wsp=70001FE4 master_wfp=70001FE4 ret=70166E20 depth=1
redirect seq=002242 caller=QUEST2 WRTN  DIST                 area_wfp=74003964 ret_pc=70168732 real_wsp=70001FD0 (was 74003950) shadow_wsp=70001FD0 master_wfp=70001FE4 depth=0
redirect seq=002244 caller=QUEST2 WSAVS DIST                 pc=70168717 area_wfp=74003964 argc=4 frame=0 real_wsp=70001FDA shadow_wsp=70001FE4 master_wfp=70001FE4 ret=70166E20 depth=1
redirect seq=002246 caller=QUEST2 WRTN  DIST                 area_wfp=74003964 ret_pc=70168732 real_wsp=70001FD0 (was 74003950) shadow_wsp=70001FD0 master_wfp=70001FE4 depth=0
redirect seq=002251 caller=QUEST2 WSAVS DIST                 pc=70168717 area_wfp=74003964 argc=4 frame=0 real_wsp=70001FDA shadow_wsp=70001FE4 master_wfp=70001FE4 ret=70166E20 depth=1
redirect seq=002253 caller=QUEST2 WRTN  DIST                 area_wfp=74003964 ret_pc=70168732 real_wsp=70001FD0 (was 74003950) shadow_wsp=70001FD0 master_wfp=70001FE4 depth=0
redirect seq=002255 caller=QUEST2 WSAVS DIST                 pc=70168717 area_wfp=74003964 argc=4 frame=0 real_wsp=70001FDA shadow_wsp=70001FE4 master_wfp=70001FE4 ret=70166E20 depth=1
redirect seq=002257 caller=QUEST2 WRTN  DIST                 area_wfp=74003964 ret_pc=70168732 real_wsp=70001FD0 (was 74003950) shadow_wsp=70001FD0 master_wfp=70001FE4 depth=0
redirect seq=002259 caller=QUEST2 WSAVS DIST                 pc=70168717 area_wfp=74003964 argc=4 frame=0 real_wsp=70001FDA shadow_wsp=70001FE4 master_wfp=70001FE4 ret=70166E20 depth=1
redirect seq=002261 caller=QUEST2 WRTN  DIST                 area_wfp=74003964 ret_pc=70168732 real_wsp=70001FD0 (was 74003950) shadow_wsp=70001FD0 master_wfp=70001FE4 depth=0
redirect seq=002264 caller=QUEST2 WSAVS DIST                 pc=70168717 area_wfp=74003964 argc=4 frame=0 real_wsp=70001FDA shadow_wsp=70001FE4 master_wfp=70001FE4 ret=70166E20 depth=1
redirect seq=002266 caller=QUEST2 WRTN  DIST                 area_wfp=74003964 ret_pc=70168732 real_wsp=70001FD0 (was 74003950) shadow_wsp=70001FD0 master_wfp=70001FE4 depth=0
redirect seq=002270 caller=QUEST2 WSAVS DIST                 pc=70168717 area_wfp=74003964 argc=4 frame=0 real_wsp=70001FDA shadow_wsp=70001FE4 master_wfp=70001FE4 ret=70166E20 depth=1
redirect seq=002272 caller=QUEST2 WRTN  DIST                 area_wfp=74003964 ret_pc=70168732 real_wsp=70001FD0 (was 74003950) shadow_wsp=70001FD0 master_wfp=70001FE4 depth=0
redirect seq=002274 caller=QUEST2 WSAVS DIST                 pc=70168717 area_wfp=74003964 argc=4 frame=0 real_wsp=70001FDA shadow_wsp=70001FE4 master_wfp=70001FE4 ret=70166E20 depth=1
redirect seq=002276 caller=QUEST2 WRTN  DIST                 area_wfp=74003964 ret_pc=70168732 real_wsp=70001FD0 (was 74003950) shadow_wsp=70001FD0 master_wfp=70001FE4 depth=0
redirect seq=002281 caller=QUEST2 WSAVS DIST                 pc=70168717 area_wfp=74003964 argc=4 frame=0 real_wsp=70001FDA shadow_wsp=70001FE4 master_wfp=70001FE4 ret=70166E20 depth=1
redirect seq=002283 caller=QUEST2 WRTN  DIST                 area_wfp=74003964 ret_pc=70168732 real_wsp=70001FD0 (was 74003950) shadow_wsp=70001FD0 master_wfp=70001FE4 depth=0
redirect seq=002285 caller=QUEST2 WSAVS DIST                 pc=70168717 area_wfp=74003964 argc=4 frame=0 real_wsp=70001FDA shadow_wsp=70001FE4 master_wfp=70001FE4 ret=70166E20 depth=1
redirect seq=002287 caller=QUEST2 WRTN  DIST                 area_wfp=74003964 ret_pc=70168732 real_wsp=70001FD0 (was 74003950) shadow_wsp=70001FD0 master_wfp=70001FE4 depth=0
redirect seq=002289 caller=QUEST2 WSAVS DIST                 pc=70168717 area_wfp=74003964 argc=4 frame=0 real_wsp=70001FDA shadow_wsp=70001FE4 master_wfp=70001FE4 ret=70166E20 depth=1
redirect seq=002291 caller=QUEST2 WRTN  DIST                 area_wfp=74003964 ret_pc=70168732 real_wsp=70001FD0 (was 74003950) shadow_wsp=70001FD0 master_wfp=70001FE4 depth=0
redirect seq=002294 caller=QUEST2 WSAVS DIST                 pc=70168717 area_wfp=74003964 argc=4 frame=0 real_wsp=70001FDA shadow_wsp=70001FE4 master_wfp=70001FE4 ret=70166E20 depth=1
redirect seq=002296 caller=QUEST2 WRTN  DIST                 area_wfp=74003964 ret_pc=70168732 real_wsp=70001FD0 (was 74003950) shadow_wsp=70001FD0 master_wfp=70001FE4 depth=0
redirect seq=002300 caller=QUEST2 WSAVS DIST                 pc=70168717 area_wfp=74003964 argc=4 frame=0 real_wsp=70001FDA shadow_wsp=70001FE4 master_wfp=70001FE4 ret=70166E20 depth=1
redirect seq=002302 caller=QUEST2 WRTN  DIST                 area_wfp=74003964 ret_pc=70168732 real_wsp=70001FD0 (was 74003950) shadow_wsp=70001FD0 master_wfp=70001FE4 depth=0
redirect seq=002304 caller=QUEST2 WSAVS DIST                 pc=70168717 area_wfp=74003964 argc=4 frame=0 real_wsp=70001FDA shadow_wsp=70001FE4 master_wfp=70001FE4 ret=70166E20 depth=1
redirect seq=002306 caller=QUEST2 WRTN  DIST                 area_wfp=74003964 ret_pc=70168732 real_wsp=70001FD0 (was 74003950) shadow_wsp=70001FD0 master_wfp=70001FE4 depth=0
redirect seq=002311 caller=QUEST2 WSAVS DIST                 pc=70168717 area_wfp=74003964 argc=4 frame=0 real_wsp=70001FDA shadow_wsp=70001FE4 master_wfp=70001FE4 ret=70166E20 depth=1
redirect seq=002313 caller=QUEST2 WRTN  DIST                 area_wfp=74003964 ret_pc=70168732 real_wsp=70001FD0 (was 74003950) shadow_wsp=70001FD0 master_wfp=70001FE4 depth=0
redirect seq=002315 caller=QUEST2 WSAVS DIST                 pc=70168717 area_wfp=74003964 argc=4 frame=0 real_wsp=70001FDA shadow_wsp=70001FE4 master_wfp=70001FE4 ret=70166E20 depth=1
redirect seq=002317 caller=QUEST2 WRTN  DIST                 area_wfp=74003964 ret_pc=70168732 real_wsp=70001FD0 (was 74003950) shadow_wsp=70001FD0 master_wfp=70001FE4 depth=0
redirect seq=002319 caller=QUEST2 WSAVS DIST                 pc=70168717 area_wfp=74003964 argc=4 frame=0 real_wsp=70001FDA shadow_wsp=70001FE4 master_wfp=70001FE4 ret=70166E20 depth=1
redirect seq=002321 caller=QUEST2 WRTN  DIST                 area_wfp=74003964 ret_pc=70168732 real_wsp=70001FD0 (was 74003950) shadow_wsp=70001FD0 master_wfp=70001FE4 depth=0
redirect seq=002324 caller=QUEST2 WSAVS DIST                 pc=70168717 area_wfp=74003964 argc=4 frame=0 real_wsp=70001FDA shadow_wsp=70001FE4 master_wfp=70001FE4 ret=70166E20 depth=1
redirect seq=002326 caller=QUEST2 WRTN  DIST                 area_wfp=74003964 ret_pc=70168732 real_wsp=70001FD0 (was 74003950) shadow_wsp=70001FD0 master_wfp=70001FE4 depth=0
redirect seq=002330 caller=QUEST2 WSAVS DIST                 pc=70168717 area_wfp=74003964 argc=4 frame=0 real_wsp=70001FDA shadow_wsp=70001FE4 master_wfp=70001FE4 ret=70166E20 depth=1
redirect seq=002332 caller=QUEST2 WRTN  DIST                 area_wfp=74003964 ret_pc=70168732 real_wsp=70001FD0 (was 74003950) shadow_wsp=70001FD0 master_wfp=70001FE4 depth=0
redirect seq=002334 caller=QUEST2 WSAVS DIST                 pc=70168717 area_wfp=74003964 argc=4 frame=0 real_wsp=70001FDA shadow_wsp=70001FE4 master_wfp=70001FE4 ret=70166E20 depth=1
redirect seq=002336 caller=QUEST2 WRTN  DIST                 area_wfp=74003964 ret_pc=70168732 real_wsp=70001FD0 (was 74003950) shadow_wsp=70001FD0 master_wfp=70001FE4 depth=0
redirect seq=002341 caller=QUEST2 WSAVS DIST                 pc=70168717 area_wfp=74003964 argc=4 frame=0 real_wsp=70001FDA shadow_wsp=70001FE4 master_wfp=70001FE4 ret=70166E20 depth=1
redirect seq=002343 caller=QUEST2 WRTN  DIST                 area_wfp=74003964 ret_pc=70168732 real_wsp=70001FD0 (was 74003950) shadow_wsp=70001FD0 master_wfp=70001FE4 depth=0
redirect seq=002345 caller=QUEST2 WSAVS DIST                 pc=70168717 area_wfp=74003964 argc=4 frame=0 real_wsp=70001FDA shadow_wsp=70001FE4 master_wfp=70001FE4 ret=70166E20 depth=1
redirect seq=002347 caller=QUEST2 WRTN  DIST                 area_wfp=74003964 ret_pc=70168732 real_wsp=70001FD0 (was 74003950) shadow_wsp=70001FD0 master_wfp=70001FE4 depth=0
redirect seq=002349 caller=QUEST2 WSAVS DIST                 pc=70168717 area_wfp=74003964 argc=4 frame=0 real_wsp=70001FDA shadow_wsp=70001FE4 master_wfp=70001FE4 ret=70166E20 depth=1
redirect seq=002351 caller=QUEST2 WRTN  DIST                 area_wfp=74003964 ret_pc=70168732 real_wsp=70001FD0 (was 74003950) shadow_wsp=70001FD0 master_wfp=70001FE4 depth=0
redirect seq=002354 caller=QUEST2 WSAVS DIST                 pc=70168717 area_wfp=74003964 argc=4 frame=0 real_wsp=70001FDA shadow_wsp=70001FE4 master_wfp=70001FE4 ret=70166E20 depth=1
redirect seq=002356 caller=QUEST2 WRTN  DIST                 area_wfp=74003964 ret_pc=70168732 real_wsp=70001FD0 (was 74003950) shadow_wsp=70001FD0 master_wfp=70001FE4 depth=0
redirect seq=002360 caller=QUEST2 WSAVS DIST                 pc=70168717 area_wfp=74003964 argc=4 frame=0 real_wsp=70001FDA shadow_wsp=70001FE4 master_wfp=70001FE4 ret=70166E20 depth=1
redirect seq=002362 caller=QUEST2 WRTN  DIST                 area_wfp=74003964 ret_pc=70168732 real_wsp=70001FD0 (was 74003950) shadow_wsp=70001FD0 master_wfp=70001FE4 depth=0
redirect seq=002364 caller=QUEST2 WSAVS DIST                 pc=70168717 area_wfp=74003964 argc=4 frame=0 real_wsp=70001FDA shadow_wsp=70001FE4 master_wfp=70001FE4 ret=70166E20 depth=1
redirect seq=002366 caller=QUEST2 WRTN  DIST                 area_wfp=74003964 ret_pc=70168732 real_wsp=70001FD0 (was 74003950) shadow_wsp=70001FD0 master_wfp=70001FE4 depth=0
redirect seq=002371 caller=QUEST2 WSAVS DIST                 pc=70168717 area_wfp=74003964 argc=4 frame=0 real_wsp=70001FDA shadow_wsp=70001FE4 master_wfp=70001FE4 ret=70166E20 depth=1
redirect seq=002373 caller=QUEST2 WRTN  DIST                 area_wfp=74003964 ret_pc=70168732 real_wsp=70001FD0 (was 74003950) shadow_wsp=70001FD0 master_wfp=70001FE4 depth=0
redirect seq=002375 caller=QUEST2 WSAVS DIST                 pc=70168717 area_wfp=74003964 argc=4 frame=0 real_wsp=70001FDA shadow_wsp=70001FE4 master_wfp=70001FE4 ret=70166E20 depth=1
redirect seq=002377 caller=QUEST2 WRTN  DIST                 area_wfp=74003964 ret_pc=70168732 real_wsp=70001FD0 (was 74003950) shadow_wsp=70001FD0 master_wfp=70001FE4 depth=0
redirect seq=002379 caller=QUEST2 WSAVS DIST                 pc=70168717 area_wfp=74003964 argc=4 frame=0 real_wsp=70001FDA shadow_wsp=70001FE4 master_wfp=70001FE4 ret=70166E20 depth=1
redirect seq=002381 caller=QUEST2 WRTN  DIST                 area_wfp=74003964 ret_pc=70168732 real_wsp=70001FD0 (was 74003950) shadow_wsp=70001FD0 master_wfp=70001FE4 depth=0
redirect seq=002386 caller=QUEST2 WSAVS DIST                 pc=70168717 area_wfp=74003964 argc=4 frame=0 real_wsp=70001FDA shadow_wsp=70001FE4 master_wfp=70001FE4 ret=70166E20 depth=1
redirect seq=002388 caller=QUEST2 WRTN  DIST                 area_wfp=74003964 ret_pc=70168732 real_wsp=70001FD0 (was 74003950) shadow_wsp=70001FD0 master_wfp=70001FE4 depth=0
redirect seq=002390 caller=QUEST2 WSAVS DIST                 pc=70168717 area_wfp=74003964 argc=4 frame=0 real_wsp=70001FDA shadow_wsp=70001FE4 master_wfp=70001FE4 ret=70166E20 depth=1
redirect seq=002392 caller=QUEST2 WRTN  DIST                 area_wfp=74003964 ret_pc=70168732 real_wsp=70001FD0 (was 74003950) shadow_wsp=70001FD0 master_wfp=70001FE4 depth=0
redirect seq=002394 caller=QUEST2 WSAVS DIST                 pc=70168717 area_wfp=74003964 argc=4 frame=0 real_wsp=70001FDA shadow_wsp=70001FE4 master_wfp=70001FE4 ret=70166E20 depth=1
redirect seq=002396 caller=QUEST2 WRTN  DIST                 area_wfp=74003964 ret_pc=70168732 real_wsp=70001FD0 (was 74003950) shadow_wsp=70001FD0 master_wfp=70001FE4 depth=0
redirect seq=002401 caller=QUEST2 WSAVS DIST                 pc=70168717 area_wfp=74003964 argc=4 frame=0 real_wsp=70001FDA shadow_wsp=70001FE4 master_wfp=70001FE4 ret=70166E20 depth=1
redirect seq=002403 caller=QUEST2 WRTN  DIST                 area_wfp=74003964 ret_pc=70168732 real_wsp=70001FD0 (was 74003950) shadow_wsp=70001FD0 master_wfp=70001FE4 depth=0
redirect seq=002405 caller=QUEST2 WSAVS DIST                 pc=70168717 area_wfp=74003964 argc=4 frame=0 real_wsp=70001FDA shadow_wsp=70001FE4 master_wfp=70001FE4 ret=70166E20 depth=1
redirect seq=002407 caller=QUEST2 WRTN  DIST                 area_wfp=74003964 ret_pc=70168732 real_wsp=70001FD0 (was 74003950) shadow_wsp=70001FD0 master_wfp=70001FE4 depth=0
redirect seq=002409 caller=QUEST2 WSAVS DIST                 pc=70168717 area_wfp=74003964 argc=4 frame=0 real_wsp=70001FDA shadow_wsp=70001FE4 master_wfp=70001FE4 ret=70166E20 depth=1
redirect seq=002411 caller=QUEST2 WRTN  DIST                 area_wfp=74003964 ret_pc=70168732 real_wsp=70001FD0 (was 74003950) shadow_wsp=70001FD0 master_wfp=70001FE4 depth=0
redirect seq=002416 caller=QUEST2 WSAVS DIST                 pc=70168717 area_wfp=74003964 argc=4 frame=0 real_wsp=70001FDA shadow_wsp=70001FE4 master_wfp=70001FE4 ret=70166E20 depth=1
redirect seq=002418 caller=QUEST2 WRTN  DIST                 area_wfp=74003964 ret_pc=70168732 real_wsp=70001FD0 (was 74003950) shadow_wsp=70001FD0 master_wfp=70001FE4 depth=0
redirect seq=002420 caller=QUEST2 WSAVS DIST                 pc=70168717 area_wfp=74003964 argc=4 frame=0 real_wsp=70001FDA shadow_wsp=70001FE4 master_wfp=70001FE4 ret=70166E20 depth=1
redirect seq=002422 caller=QUEST2 WRTN  DIST                 area_wfp=74003964 ret_pc=70168732 real_wsp=70001FD0 (was 74003950) shadow_wsp=70001FD0 master_wfp=70001FE4 depth=0
redirect seq=002424 caller=QUEST2 WSAVS DIST                 pc=70168717 area_wfp=74003964 argc=4 frame=0 real_wsp=70001FDA shadow_wsp=70001FE4 master_wfp=70001FE4 ret=70166E20 depth=1
redirect seq=002426 caller=QUEST2 WRTN  DIST                 area_wfp=74003964 ret_pc=70168732 real_wsp=70001FD0 (was 74003950) shadow_wsp=70001FD0 master_wfp=70001FE4 depth=0
redirect seq=002431 caller=QUEST2 WSAVS DIST                 pc=70168717 area_wfp=74003964 argc=4 frame=0 real_wsp=70001FDA shadow_wsp=70001FE4 master_wfp=70001FE4 ret=70166E20 depth=1
redirect seq=002433 caller=QUEST2 WRTN  DIST                 area_wfp=74003964 ret_pc=70168732 real_wsp=70001FD0 (was 74003950) shadow_wsp=70001FD0 master_wfp=70001FE4 depth=0
redirect seq=002435 caller=QUEST2 WSAVS DIST                 pc=70168717 area_wfp=74003964 argc=4 frame=0 real_wsp=70001FDA shadow_wsp=70001FE4 master_wfp=70001FE4 ret=70166E20 depth=1
redirect seq=002437 caller=QUEST2 WRTN  DIST                 area_wfp=74003964 ret_pc=70168732 real_wsp=70001FD0 (was 74003950) shadow_wsp=70001FD0 master_wfp=70001FE4 depth=0
redirect seq=002439 caller=QUEST2 WSAVS DIST                 pc=70168717 area_wfp=74003964 argc=4 frame=0 real_wsp=70001FDA shadow_wsp=70001FE4 master_wfp=70001FE4 ret=70166E20 depth=1
redirect seq=002441 caller=QUEST2 WRTN  DIST                 area_wfp=74003964 ret_pc=70168732 real_wsp=70001FD0 (was 74003950) shadow_wsp=70001FD0 master_wfp=70001FE4 depth=0
redirect seq=002446 caller=QUEST2 WSAVS DIST                 pc=70168717 area_wfp=74003964 argc=4 frame=0 real_wsp=70001FDA shadow_wsp=70001FE4 master_wfp=70001FE4 ret=70166E20 depth=1
redirect seq=002448 caller=QUEST2 WRTN  DIST                 area_wfp=74003964 ret_pc=70168732 real_wsp=70001FD0 (was 74003950) shadow_wsp=70001FD0 master_wfp=70001FE4 depth=0
redirect seq=002450 caller=QUEST2 WSAVS DIST                 pc=70168717 area_wfp=74003964 argc=4 frame=0 real_wsp=70001FDA shadow_wsp=70001FE4 master_wfp=70001FE4 ret=70166E20 depth=1
redirect seq=002452 caller=QUEST2 WRTN  DIST                 area_wfp=74003964 ret_pc=70168732 real_wsp=70001FD0 (was 74003950) shadow_wsp=70001FD0 master_wfp=70001FE4 depth=0
redirect seq=002454 caller=QUEST2 WSAVS DIST                 pc=70168717 area_wfp=74003964 argc=4 frame=0 real_wsp=70001FDA shadow_wsp=70001FE4 master_wfp=70001FE4 ret=70166E20 depth=1
redirect seq=002456 caller=QUEST2 WRTN  DIST                 area_wfp=74003964 ret_pc=70168732 real_wsp=70001FD0 (was 74003950) shadow_wsp=70001FD0 master_wfp=70001FE4 depth=0
redirect seq=002461 caller=QUEST2 WSAVS DIST                 pc=70168717 area_wfp=74003964 argc=4 frame=0 real_wsp=70001FDA shadow_wsp=70001FE4 master_wfp=70001FE4 ret=70166E20 depth=1
redirect seq=002463 caller=QUEST2 WRTN  DIST                 area_wfp=74003964 ret_pc=70168732 real_wsp=70001FD0 (was 74003950) shadow_wsp=70001FD0 master_wfp=70001FE4 depth=0
redirect seq=002465 caller=QUEST2 WSAVS DIST                 pc=70168717 area_wfp=74003964 argc=4 frame=0 real_wsp=70001FDA shadow_wsp=70001FE4 master_wfp=70001FE4 ret=70166E20 depth=1
redirect seq=002467 caller=QUEST2 WRTN  DIST                 area_wfp=74003964 ret_pc=70168732 real_wsp=70001FD0 (was 74003950) shadow_wsp=70001FD0 master_wfp=70001FE4 depth=0
redirect seq=002469 caller=QUEST2 WSAVS DIST                 pc=70168717 area_wfp=74003964 argc=4 frame=0 real_wsp=70001FDA shadow_wsp=70001FE4 master_wfp=70001FE4 ret=70166E20 depth=1
redirect seq=002471 caller=QUEST2 WRTN  DIST                 area_wfp=74003964 ret_pc=70168732 real_wsp=70001FD0 (was 74003950) shadow_wsp=70001FD0 master_wfp=70001FE4 depth=0
redirect seq=002474 caller=QUEST2 WSAVS DIST                 pc=70168717 area_wfp=74003964 argc=4 frame=0 real_wsp=70001FDA shadow_wsp=70001FE4 master_wfp=70001FE4 ret=70166E20 depth=1
redirect seq=002478 caller=QUEST2 WRTN  DIST                 area_wfp=74003964 ret_pc=70168732 real_wsp=70001FD0 (was 74003950) shadow_wsp=70001FD0 master_wfp=70001FE4 depth=0
redirect seq=002480 caller=QUEST2 WSAVS DIST                 pc=70168717 area_wfp=74003964 argc=4 frame=0 real_wsp=70001FDA shadow_wsp=70001FE4 master_wfp=70001FE4 ret=70166E20 depth=1
redirect seq=002482 caller=QUEST2 WRTN  DIST                 area_wfp=74003964 ret_pc=70168732 real_wsp=70001FD0 (was 74003950) shadow_wsp=70001FD0 master_wfp=70001FE4 depth=0
redirect seq=002484 caller=QUEST2 WSAVS DIST                 pc=70168717 area_wfp=74003964 argc=4 frame=0 real_wsp=70001FDA shadow_wsp=70001FE4 master_wfp=70001FE4 ret=70166E20 depth=1
redirect seq=002486 caller=QUEST2 WRTN  DIST                 area_wfp=74003964 ret_pc=70168732 real_wsp=70001FD0 (was 74003950) shadow_wsp=70001FD0 master_wfp=70001FE4 depth=0
redirect seq=002491 caller=QUEST2 WSAVS DIST                 pc=70168717 area_wfp=74003964 argc=4 frame=0 real_wsp=70001FDA shadow_wsp=70001FE4 master_wfp=70001FE4 ret=70166E20 depth=1
redirect seq=002493 caller=QUEST2 WRTN  DIST                 area_wfp=74003964 ret_pc=70168732 real_wsp=70001FD0 (was 74003950) shadow_wsp=70001FD0 master_wfp=70001FE4 depth=0
redirect seq=002495 caller=QUEST2 WSAVS DIST                 pc=70168717 area_wfp=74003964 argc=4 frame=0 real_wsp=70001FDA shadow_wsp=70001FE4 master_wfp=70001FE4 ret=70166E20 depth=1
redirect seq=002497 caller=QUEST2 WRTN  DIST                 area_wfp=74003964 ret_pc=70168732 real_wsp=70001FD0 (was 74003950) shadow_wsp=70001FD0 master_wfp=70001FE4 depth=0
redirect seq=002499 caller=QUEST2 WSAVS DIST                 pc=70168717 area_wfp=74003964 argc=4 frame=0 real_wsp=70001FDA shadow_wsp=70001FE4 master_wfp=70001FE4 ret=70166E20 depth=1
redirect seq=002501 caller=QUEST2 WRTN  DIST                 area_wfp=74003964 ret_pc=70168732 real_wsp=70001FD0 (was 74003950) shadow_wsp=70001FD0 master_wfp=70001FE4 depth=0
redirect seq=002504 caller=QUEST2 WSAVS DIST                 pc=70168717 area_wfp=74003964 argc=4 frame=0 real_wsp=70001FDA shadow_wsp=70001FE4 master_wfp=70001FE4 ret=70166E20 depth=1
redirect seq=002508 caller=QUEST2 WRTN  DIST                 area_wfp=74003964 ret_pc=70168732 real_wsp=70001FD0 (was 74003950) shadow_wsp=70001FD0 master_wfp=70001FE4 depth=0
redirect seq=002510 caller=QUEST2 WSAVS DIST                 pc=70168717 area_wfp=74003964 argc=4 frame=0 real_wsp=70001FDA shadow_wsp=70001FE4 master_wfp=70001FE4 ret=70166E20 depth=1
redirect seq=002512 caller=QUEST2 WRTN  DIST                 area_wfp=74003964 ret_pc=70168732 real_wsp=70001FD0 (was 74003950) shadow_wsp=70001FD0 master_wfp=70001FE4 depth=0
redirect seq=002514 caller=QUEST2 WSAVS DIST                 pc=70168717 area_wfp=74003964 argc=4 frame=0 real_wsp=70001FDA shadow_wsp=70001FE4 master_wfp=70001FE4 ret=70166E20 depth=1
redirect seq=002516 caller=QUEST2 WRTN  DIST                 area_wfp=74003964 ret_pc=70168732 real_wsp=70001FD0 (was 74003950) shadow_wsp=70001FD0 master_wfp=70001FE4 depth=0
redirect seq=002521 caller=QUEST2 WSAVS DIST                 pc=70168717 area_wfp=74003964 argc=4 frame=0 real_wsp=70001FDA shadow_wsp=70001FE4 master_wfp=70001FE4 ret=70166E20 depth=1
redirect seq=002523 caller=QUEST2 WRTN  DIST                 area_wfp=74003964 ret_pc=70168732 real_wsp=70001FD0 (was 74003950) shadow_wsp=70001FD0 master_wfp=70001FE4 depth=0
redirect seq=002525 caller=QUEST2 WSAVS DIST                 pc=70168717 area_wfp=74003964 argc=4 frame=0 real_wsp=70001FDA shadow_wsp=70001FE4 master_wfp=70001FE4 ret=70166E20 depth=1
redirect seq=002527 caller=QUEST2 WRTN  DIST                 area_wfp=74003964 ret_pc=70168732 real_wsp=70001FD0 (was 74003950) shadow_wsp=70001FD0 master_wfp=70001FE4 depth=0
redirect seq=002529 caller=QUEST2 WSAVS DIST                 pc=70168717 area_wfp=74003964 argc=4 frame=0 real_wsp=70001FDA shadow_wsp=70001FE4 master_wfp=70001FE4 ret=70166E20 depth=1
redirect seq=002531 caller=QUEST2 WRTN  DIST                 area_wfp=74003964 ret_pc=70168732 real_wsp=70001FD0 (was 74003950) shadow_wsp=70001FD0 master_wfp=70001FE4 depth=0
redirect seq=002534 caller=QUEST2 WSAVS DIST                 pc=70168717 area_wfp=74003964 argc=4 frame=0 real_wsp=70001FDA shadow_wsp=70001FE4 master_wfp=70001FE4 ret=70166E20 depth=1
redirect seq=002538 caller=QUEST2 WRTN  DIST                 area_wfp=74003964 ret_pc=70168732 real_wsp=70001FD0 (was 74003950) shadow_wsp=70001FD0 master_wfp=70001FE4 depth=0
redirect seq=002540 caller=QUEST2 WSAVS DIST                 pc=70168717 area_wfp=74003964 argc=4 frame=0 real_wsp=70001FDA shadow_wsp=70001FE4 master_wfp=70001FE4 ret=70166E20 depth=1
redirect seq=002542 caller=QUEST2 WRTN  DIST                 area_wfp=74003964 ret_pc=70168732 real_wsp=70001FD0 (was 74003950) shadow_wsp=70001FD0 master_wfp=70001FE4 depth=0
redirect seq=002544 caller=QUEST2 WSAVS DIST                 pc=70168717 area_wfp=74003964 argc=4 frame=0 real_wsp=70001FDA shadow_wsp=70001FE4 master_wfp=70001FE4 ret=70166E20 depth=1
redirect seq=002546 caller=QUEST2 WRTN  DIST                 area_wfp=74003964 ret_pc=70168732 real_wsp=70001FD0 (was 74003950) shadow_wsp=70001FD0 master_wfp=70001FE4 depth=0
redirect seq=002550 caller=QUEST2 WSAVS DIST                 pc=70168717 area_wfp=74003964 argc=4 frame=0 real_wsp=70001FDA shadow_wsp=70001FE4 master_wfp=70001FE4 ret=70166E20 depth=1
redirect seq=002552 caller=QUEST2 WRTN  DIST                 area_wfp=74003964 ret_pc=70168732 real_wsp=70001FD0 (was 74003950) shadow_wsp=70001FD0 master_wfp=70001FE4 depth=0
redirect seq=002554 caller=QUEST2 WSAVS DIST                 pc=70168717 area_wfp=74003964 argc=4 frame=0 real_wsp=70001FDA shadow_wsp=70001FE4 master_wfp=70001FE4 ret=70166E20 depth=1
redirect seq=002556 caller=QUEST2 WRTN  DIST                 area_wfp=74003964 ret_pc=70168732 real_wsp=70001FD0 (was 74003950) shadow_wsp=70001FD0 master_wfp=70001FE4 depth=0
redirect seq=002559 caller=QUEST2 WSAVS DIST                 pc=70168717 area_wfp=74003964 argc=4 frame=0 real_wsp=70001FDA shadow_wsp=70001FE4 master_wfp=70001FE4 ret=70166E20 depth=1
redirect seq=002561 caller=QUEST2 WRTN  DIST                 area_wfp=74003964 ret_pc=70168732 real_wsp=70001FD0 (was 74003950) shadow_wsp=70001FD0 master_wfp=70001FE4 depth=0
redirect seq=002566 caller=QUEST2 WSAVS DIST                 pc=70168717 area_wfp=74003964 argc=4 frame=0 real_wsp=70001FDA shadow_wsp=70001FE4 master_wfp=70001FE4 ret=70166E20 depth=1
redirect seq=002568 caller=QUEST2 WRTN  DIST                 area_wfp=74003964 ret_pc=70168732 real_wsp=70001FD0 (was 74003950) shadow_wsp=70001FD0 master_wfp=70001FE4 depth=0
redirect seq=002570 caller=QUEST2 WSAVS DIST                 pc=70168717 area_wfp=74003964 argc=4 frame=0 real_wsp=70001FDA shadow_wsp=70001FE4 master_wfp=70001FE4 ret=70166E20 depth=1
redirect seq=002572 caller=QUEST2 WRTN  DIST                 area_wfp=74003964 ret_pc=70168732 real_wsp=70001FD0 (was 74003950) shadow_wsp=70001FD0 master_wfp=70001FE4 depth=0
redirect seq=002574 caller=QUEST2 WSAVS DIST                 pc=70168717 area_wfp=74003964 argc=4 frame=0 real_wsp=70001FDA shadow_wsp=70001FE4 master_wfp=70001FE4 ret=70166E20 depth=1
redirect seq=002576 caller=QUEST2 WRTN  DIST                 area_wfp=74003964 ret_pc=70168732 real_wsp=70001FD0 (was 74003950) shadow_wsp=70001FD0 master_wfp=70001FE4 depth=0
redirect seq=002580 caller=QUEST2 WSAVS DIST                 pc=70168717 area_wfp=74003964 argc=4 frame=0 real_wsp=70001FDA shadow_wsp=70001FE4 master_wfp=70001FE4 ret=70166E20 depth=1
redirect seq=002582 caller=QUEST2 WRTN  DIST                 area_wfp=74003964 ret_pc=70168732 real_wsp=70001FD0 (was 74003950) shadow_wsp=70001FD0 master_wfp=70001FE4 depth=0
redirect seq=002584 caller=QUEST2 WSAVS DIST                 pc=70168717 area_wfp=74003964 argc=4 frame=0 real_wsp=70001FDA shadow_wsp=70001FE4 master_wfp=70001FE4 ret=70166E20 depth=1
redirect seq=002586 caller=QUEST2 WRTN  DIST                 area_wfp=74003964 ret_pc=70168732 real_wsp=70001FD0 (was 74003950) shadow_wsp=70001FD0 master_wfp=70001FE4 depth=0
redirect seq=002589 caller=QUEST2 WSAVS DIST                 pc=70168717 area_wfp=74003964 argc=4 frame=0 real_wsp=70001FDA shadow_wsp=70001FE4 master_wfp=70001FE4 ret=70166E20 depth=1
redirect seq=002591 caller=QUEST2 WRTN  DIST                 area_wfp=74003964 ret_pc=70168732 real_wsp=70001FD0 (was 74003950) shadow_wsp=70001FD0 master_wfp=70001FE4 depth=0
redirect seq=002596 caller=QUEST2 WSAVS DIST                 pc=70168717 area_wfp=74003964 argc=4 frame=0 real_wsp=70001FDA shadow_wsp=70001FE4 master_wfp=70001FE4 ret=70166E20 depth=1
redirect seq=002598 caller=QUEST2 WRTN  DIST                 area_wfp=74003964 ret_pc=70168732 real_wsp=70001FD0 (was 74003950) shadow_wsp=70001FD0 master_wfp=70001FE4 depth=0
redirect seq=002600 caller=QUEST2 WSAVS DIST                 pc=70168717 area_wfp=74003964 argc=4 frame=0 real_wsp=70001FDA shadow_wsp=70001FE4 master_wfp=70001FE4 ret=70166E20 depth=1
redirect seq=002602 caller=QUEST2 WRTN  DIST                 area_wfp=74003964 ret_pc=70168732 real_wsp=70001FD0 (was 74003950) shadow_wsp=70001FD0 master_wfp=70001FE4 depth=0
redirect seq=002604 caller=QUEST2 WSAVS DIST                 pc=70168717 area_wfp=74003964 argc=4 frame=0 real_wsp=70001FDA shadow_wsp=70001FE4 master_wfp=70001FE4 ret=70166E20 depth=1
redirect seq=002606 caller=QUEST2 WRTN  DIST                 area_wfp=74003964 ret_pc=70168732 real_wsp=70001FD0 (was 74003950) shadow_wsp=70001FD0 master_wfp=70001FE4 depth=0
redirect seq=002610 caller=QUEST2 WSAVS DIST                 pc=70168717 area_wfp=74003964 argc=4 frame=0 real_wsp=70001FDA shadow_wsp=70001FE4 master_wfp=70001FE4 ret=70166E20 depth=1
redirect seq=002612 caller=QUEST2 WRTN  DIST                 area_wfp=74003964 ret_pc=70168732 real_wsp=70001FD0 (was 74003950) shadow_wsp=70001FD0 master_wfp=70001FE4 depth=0
redirect seq=002614 caller=QUEST2 WSAVS DIST                 pc=70168717 area_wfp=74003964 argc=4 frame=0 real_wsp=70001FDA shadow_wsp=70001FE4 master_wfp=70001FE4 ret=70166E20 depth=1
redirect seq=002616 caller=QUEST2 WRTN  DIST                 area_wfp=74003964 ret_pc=70168732 real_wsp=70001FD0 (was 74003950) shadow_wsp=70001FD0 master_wfp=70001FE4 depth=0
redirect seq=002619 caller=QUEST2 WSAVS DIST                 pc=70168717 area_wfp=74003964 argc=4 frame=0 real_wsp=70001FDA shadow_wsp=70001FE4 master_wfp=70001FE4 ret=70166E20 depth=1
redirect seq=002621 caller=QUEST2 WRTN  DIST                 area_wfp=74003964 ret_pc=70168732 real_wsp=70001FD0 (was 74003950) shadow_wsp=70001FD0 master_wfp=70001FE4 depth=0
redirect seq=002626 caller=QUEST2 WSAVS DIST                 pc=70168717 area_wfp=74003964 argc=4 frame=0 real_wsp=70001FDA shadow_wsp=70001FE4 master_wfp=70001FE4 ret=70166E20 depth=1
redirect seq=002628 caller=QUEST2 WRTN  DIST                 area_wfp=74003964 ret_pc=70168732 real_wsp=70001FD0 (was 74003950) shadow_wsp=70001FD0 master_wfp=70001FE4 depth=0
redirect seq=002630 caller=QUEST2 WSAVS DIST                 pc=70168717 area_wfp=74003964 argc=4 frame=0 real_wsp=70001FDA shadow_wsp=70001FE4 master_wfp=70001FE4 ret=70166E20 depth=1
redirect seq=002632 caller=QUEST2 WRTN  DIST                 area_wfp=74003964 ret_pc=70168732 real_wsp=70001FD0 (was 74003950) shadow_wsp=70001FD0 master_wfp=70001FE4 depth=0
redirect seq=002634 caller=QUEST2 WSAVS DIST                 pc=70168717 area_wfp=74003964 argc=4 frame=0 real_wsp=70001FDA shadow_wsp=70001FE4 master_wfp=70001FE4 ret=70166E20 depth=1
redirect seq=002636 caller=QUEST2 WRTN  DIST                 area_wfp=74003964 ret_pc=70168732 real_wsp=70001FD0 (was 74003950) shadow_wsp=70001FD0 master_wfp=70001FE4 depth=0
redirect seq=002640 caller=QUEST2 WSAVS DIST                 pc=70168717 area_wfp=74003964 argc=4 frame=0 real_wsp=70001FDA shadow_wsp=70001FE4 master_wfp=70001FE4 ret=70166E20 depth=1
redirect seq=002642 caller=QUEST2 WRTN  DIST                 area_wfp=74003964 ret_pc=70168732 real_wsp=70001FD0 (was 74003950) shadow_wsp=70001FD0 master_wfp=70001FE4 depth=0
redirect seq=002644 caller=QUEST2 WSAVS DIST                 pc=70168717 area_wfp=74003964 argc=4 frame=0 real_wsp=70001FDA shadow_wsp=70001FE4 master_wfp=70001FE4 ret=70166E20 depth=1
redirect seq=002646 caller=QUEST2 WRTN  DIST                 area_wfp=74003964 ret_pc=70168732 real_wsp=70001FD0 (was 74003950) shadow_wsp=70001FD0 master_wfp=70001FE4 depth=0
redirect seq=002649 caller=QUEST2 WSAVS DIST                 pc=70168717 area_wfp=74003964 argc=4 frame=0 real_wsp=70001FDA shadow_wsp=70001FE4 master_wfp=70001FE4 ret=70166E20 depth=1
redirect seq=002651 caller=QUEST2 WRTN  DIST                 area_wfp=74003964 ret_pc=70168732 real_wsp=70001FD0 (was 74003950) shadow_wsp=70001FD0 master_wfp=70001FE4 depth=0
redirect seq=002656 caller=QUEST2 WSAVS DIST                 pc=70168717 area_wfp=74003964 argc=4 frame=0 real_wsp=70001FDA shadow_wsp=70001FE4 master_wfp=70001FE4 ret=70166E20 depth=1
redirect seq=002658 caller=QUEST2 WRTN  DIST                 area_wfp=74003964 ret_pc=70168732 real_wsp=70001FD0 (was 74003950) shadow_wsp=70001FD0 master_wfp=70001FE4 depth=0
redirect seq=002660 caller=QUEST2 WSAVS DIST                 pc=70168717 area_wfp=74003964 argc=4 frame=0 real_wsp=70001FDA shadow_wsp=70001FE4 master_wfp=70001FE4 ret=70166E20 depth=1
redirect seq=002662 caller=QUEST2 WRTN  DIST                 area_wfp=74003964 ret_pc=70168732 real_wsp=70001FD0 (was 74003950) shadow_wsp=70001FD0 master_wfp=70001FE4 depth=0
redirect seq=002664 caller=QUEST2 WSAVS DIST                 pc=70168717 area_wfp=74003964 argc=4 frame=0 real_wsp=70001FDA shadow_wsp=70001FE4 master_wfp=70001FE4 ret=70166E20 depth=1
redirect seq=002666 caller=QUEST2 WRTN  DIST                 area_wfp=74003964 ret_pc=70168732 real_wsp=70001FD0 (was 74003950) shadow_wsp=70001FD0 master_wfp=70001FE4 depth=0
redirect seq=002671 caller=QUEST2 WSAVS DIST                 pc=70168717 area_wfp=74003964 argc=4 frame=0 real_wsp=70001FDA shadow_wsp=70001FE4 master_wfp=70001FE4 ret=70166E20 depth=1
redirect seq=002673 caller=QUEST2 WRTN  DIST                 area_wfp=74003964 ret_pc=70168732 real_wsp=70001FD0 (was 74003950) shadow_wsp=70001FD0 master_wfp=70001FE4 depth=0
redirect seq=002675 caller=QUEST2 WSAVS DIST                 pc=70168717 area_wfp=74003964 argc=4 frame=0 real_wsp=70001FDA shadow_wsp=70001FE4 master_wfp=70001FE4 ret=70166E20 depth=1
redirect seq=002677 caller=QUEST2 WRTN  DIST                 area_wfp=74003964 ret_pc=70168732 real_wsp=70001FD0 (was 74003950) shadow_wsp=70001FD0 master_wfp=70001FE4 depth=0
redirect seq=002679 caller=QUEST2 WSAVS DIST                 pc=70168717 area_wfp=74003964 argc=4 frame=0 real_wsp=70001FDA shadow_wsp=70001FE4 master_wfp=70001FE4 ret=70166E20 depth=1
redirect seq=002681 caller=QUEST2 WRTN  DIST                 area_wfp=74003964 ret_pc=70168732 real_wsp=70001FD0 (was 74003950) shadow_wsp=70001FD0 master_wfp=70001FE4 depth=0
redirect seq=002686 caller=QUEST2 WSAVS DIST                 pc=70168717 area_wfp=74003964 argc=4 frame=0 real_wsp=70001FDA shadow_wsp=70001FE4 master_wfp=70001FE4 ret=70166E20 depth=1
redirect seq=002688 caller=QUEST2 WRTN  DIST                 area_wfp=74003964 ret_pc=70168732 real_wsp=70001FD0 (was 74003950) shadow_wsp=70001FD0 master_wfp=70001FE4 depth=0
redirect seq=002690 caller=QUEST2 WSAVS DIST                 pc=70168717 area_wfp=74003964 argc=4 frame=0 real_wsp=70001FDA shadow_wsp=70001FE4 master_wfp=70001FE4 ret=70166E20 depth=1
redirect seq=002692 caller=QUEST2 WRTN  DIST                 area_wfp=74003964 ret_pc=70168732 real_wsp=70001FD0 (was 74003950) shadow_wsp=70001FD0 master_wfp=70001FE4 depth=0
redirect seq=002694 caller=QUEST2 WSAVS DIST                 pc=70168717 area_wfp=74003964 argc=4 frame=0 real_wsp=70001FDA shadow_wsp=70001FE4 master_wfp=70001FE4 ret=70166E20 depth=1
redirect seq=002696 caller=QUEST2 WRTN  DIST                 area_wfp=74003964 ret_pc=70168732 real_wsp=70001FD0 (was 74003950) shadow_wsp=70001FD0 master_wfp=70001FE4 depth=0
redirect seq=002701 caller=QUEST2 WSAVS DIST                 pc=70168717 area_wfp=74003964 argc=4 frame=0 real_wsp=70001FDA shadow_wsp=70001FE4 master_wfp=70001FE4 ret=70166E20 depth=1
redirect seq=002703 caller=QUEST2 WRTN  DIST                 area_wfp=74003964 ret_pc=70168732 real_wsp=70001FD0 (was 74003950) shadow_wsp=70001FD0 master_wfp=70001FE4 depth=0
redirect seq=002705 caller=QUEST2 WSAVS DIST                 pc=70168717 area_wfp=74003964 argc=4 frame=0 real_wsp=70001FDA shadow_wsp=70001FE4 master_wfp=70001FE4 ret=70166E20 depth=1
redirect seq=002707 caller=QUEST2 WRTN  DIST                 area_wfp=74003964 ret_pc=70168732 real_wsp=70001FD0 (was 74003950) shadow_wsp=70001FD0 master_wfp=70001FE4 depth=0
redirect seq=002709 caller=QUEST2 WSAVS DIST                 pc=70168717 area_wfp=74003964 argc=4 frame=0 real_wsp=70001FDA shadow_wsp=70001FE4 master_wfp=70001FE4 ret=70166E20 depth=1
redirect seq=002711 caller=QUEST2 WRTN  DIST                 area_wfp=74003964 ret_pc=70168732 real_wsp=70001FD0 (was 74003950) shadow_wsp=70001FD0 master_wfp=70001FE4 depth=0
redirect seq=002716 caller=QUEST2 WSAVS DIST                 pc=70168717 area_wfp=74003964 argc=4 frame=0 real_wsp=70001FDA shadow_wsp=70001FE4 master_wfp=70001FE4 ret=70166E20 depth=1
redirect seq=002718 caller=QUEST2 WRTN  DIST                 area_wfp=74003964 ret_pc=70168732 real_wsp=70001FD0 (was 74003950) shadow_wsp=70001FD0 master_wfp=70001FE4 depth=0
redirect seq=002720 caller=QUEST2 WSAVS DIST                 pc=70168717 area_wfp=74003964 argc=4 frame=0 real_wsp=70001FDA shadow_wsp=70001FE4 master_wfp=70001FE4 ret=70166E20 depth=1
redirect seq=002722 caller=QUEST2 WRTN  DIST                 area_wfp=74003964 ret_pc=70168732 real_wsp=70001FD0 (was 74003950) shadow_wsp=70001FD0 master_wfp=70001FE4 depth=0
redirect seq=002724 caller=QUEST2 WSAVS DIST                 pc=70168717 area_wfp=74003964 argc=4 frame=0 real_wsp=70001FDA shadow_wsp=70001FE4 master_wfp=70001FE4 ret=70166E20 depth=1
redirect seq=002726 caller=QUEST2 WRTN  DIST                 area_wfp=74003964 ret_pc=70168732 real_wsp=70001FD0 (was 74003950) shadow_wsp=70001FD0 master_wfp=70001FE4 depth=0
redirect seq=002730 caller=QUEST2 WSAVS DIST                 pc=70168717 area_wfp=74003964 argc=4 frame=0 real_wsp=70001FDA shadow_wsp=70001FE4 master_wfp=70001FE4 ret=70166E20 depth=1
redirect seq=002732 caller=QUEST2 WRTN  DIST                 area_wfp=74003964 ret_pc=70168732 real_wsp=70001FD0 (was 74003950) shadow_wsp=70001FD0 master_wfp=70001FE4 depth=0
redirect seq=002734 caller=QUEST2 WSAVS DIST                 pc=70168717 area_wfp=74003964 argc=4 frame=0 real_wsp=70001FDA shadow_wsp=70001FE4 master_wfp=70001FE4 ret=70166E20 depth=1
redirect seq=002737 caller=QUEST2 WRTN  DIST                 area_wfp=74003964 ret_pc=70168732 real_wsp=70001FD0 (was 74003950) shadow_wsp=70001FD0 master_wfp=70001FE4 depth=0
redirect seq=002739 caller=QUEST2 WSAVS DIST                 pc=70168717 area_wfp=74003964 argc=4 frame=0 real_wsp=70001FDA shadow_wsp=70001FE4 master_wfp=70001FE4 ret=70166E20 depth=1
redirect seq=002741 caller=QUEST2 WRTN  DIST                 area_wfp=74003964 ret_pc=70168732 real_wsp=70001FD0 (was 74003950) shadow_wsp=70001FD0 master_wfp=70001FE4 depth=0
redirect seq=002746 caller=QUEST2 WSAVS DIST                 pc=70168717 area_wfp=74003964 argc=4 frame=0 real_wsp=70001FDA shadow_wsp=70001FE4 master_wfp=70001FE4 ret=70166E20 depth=1
redirect seq=002748 caller=QUEST2 WRTN  DIST                 area_wfp=74003964 ret_pc=70168732 real_wsp=70001FD0 (was 74003950) shadow_wsp=70001FD0 master_wfp=70001FE4 depth=0
redirect seq=002750 caller=QUEST2 WSAVS DIST                 pc=70168717 area_wfp=74003964 argc=4 frame=0 real_wsp=70001FDA shadow_wsp=70001FE4 master_wfp=70001FE4 ret=70166E20 depth=1
redirect seq=002752 caller=QUEST2 WRTN  DIST                 area_wfp=74003964 ret_pc=70168732 real_wsp=70001FD0 (was 74003950) shadow_wsp=70001FD0 master_wfp=70001FE4 depth=0
redirect seq=002754 caller=QUEST2 WSAVS DIST                 pc=70168717 area_wfp=74003964 argc=4 frame=0 real_wsp=70001FDA shadow_wsp=70001FE4 master_wfp=70001FE4 ret=70166E20 depth=1
redirect seq=002756 caller=QUEST2 WRTN  DIST                 area_wfp=74003964 ret_pc=70168732 real_wsp=70001FD0 (was 74003950) shadow_wsp=70001FD0 master_wfp=70001FE4 depth=0
redirect seq=002760 caller=QUEST2 WSAVS DIST                 pc=70168717 area_wfp=74003964 argc=4 frame=0 real_wsp=70001FDA shadow_wsp=70001FE4 master_wfp=70001FE4 ret=70166E20 depth=1
redirect seq=002762 caller=QUEST2 WRTN  DIST                 area_wfp=74003964 ret_pc=70168732 real_wsp=70001FD0 (was 74003950) shadow_wsp=70001FD0 master_wfp=70001FE4 depth=0
redirect seq=002764 caller=QUEST2 WSAVS DIST                 pc=70168717 area_wfp=74003964 argc=4 frame=0 real_wsp=70001FDA shadow_wsp=70001FE4 master_wfp=70001FE4 ret=70166E20 depth=1
redirect seq=002767 caller=QUEST2 WRTN  DIST                 area_wfp=74003964 ret_pc=70168732 real_wsp=70001FD0 (was 74003950) shadow_wsp=70001FD0 master_wfp=70001FE4 depth=0
redirect seq=002769 caller=QUEST2 WSAVS DIST                 pc=70168717 area_wfp=74003964 argc=4 frame=0 real_wsp=70001FDA shadow_wsp=70001FE4 master_wfp=70001FE4 ret=70166E20 depth=1
redirect seq=002771 caller=QUEST2 WRTN  DIST                 area_wfp=74003964 ret_pc=70168732 real_wsp=70001FD0 (was 74003950) shadow_wsp=70001FD0 master_wfp=70001FE4 depth=0
redirect seq=002776 caller=QUEST2 WSAVS DIST                 pc=70168717 area_wfp=74003964 argc=4 frame=0 real_wsp=70001FDA shadow_wsp=70001FE4 master_wfp=70001FE4 ret=70166E20 depth=1
redirect seq=002778 caller=QUEST2 WRTN  DIST                 area_wfp=74003964 ret_pc=70168732 real_wsp=70001FD0 (was 74003950) shadow_wsp=70001FD0 master_wfp=70001FE4 depth=0
redirect seq=002780 caller=QUEST2 WSAVS DIST                 pc=70168717 area_wfp=74003964 argc=4 frame=0 real_wsp=70001FDA shadow_wsp=70001FE4 master_wfp=70001FE4 ret=70166E20 depth=1
redirect seq=002782 caller=QUEST2 WRTN  DIST                 area_wfp=74003964 ret_pc=70168732 real_wsp=70001FD0 (was 74003950) shadow_wsp=70001FD0 master_wfp=70001FE4 depth=0
redirect seq=002784 caller=QUEST2 WSAVS DIST                 pc=70168717 area_wfp=74003964 argc=4 frame=0 real_wsp=70001FDA shadow_wsp=70001FE4 master_wfp=70001FE4 ret=70166E20 depth=1
redirect seq=002786 caller=QUEST2 WRTN  DIST                 area_wfp=74003964 ret_pc=70168732 real_wsp=70001FD0 (was 74003950) shadow_wsp=70001FD0 master_wfp=70001FE4 depth=0
redirect seq=002790 caller=QUEST2 WSAVS DIST                 pc=70168717 area_wfp=74003964 argc=4 frame=0 real_wsp=70001FDA shadow_wsp=70001FE4 master_wfp=70001FE4 ret=70166E20 depth=1
redirect seq=002792 caller=QUEST2 WRTN  DIST                 area_wfp=74003964 ret_pc=70168732 real_wsp=70001FD0 (was 74003950) shadow_wsp=70001FD0 master_wfp=70001FE4 depth=0
redirect seq=002794 caller=QUEST2 WSAVS DIST                 pc=70168717 area_wfp=74003964 argc=4 frame=0 real_wsp=70001FDA shadow_wsp=70001FE4 master_wfp=70001FE4 ret=70166E20 depth=1
redirect seq=002797 caller=QUEST2 WRTN  DIST                 area_wfp=74003964 ret_pc=70168732 real_wsp=70001FD0 (was 74003950) shadow_wsp=70001FD0 master_wfp=70001FE4 depth=0
redirect seq=002799 caller=QUEST2 WSAVS DIST                 pc=70168717 area_wfp=74003964 argc=4 frame=0 real_wsp=70001FDA shadow_wsp=70001FE4 master_wfp=70001FE4 ret=70166E20 depth=1
redirect seq=002801 caller=QUEST2 WRTN  DIST                 area_wfp=74003964 ret_pc=70168732 real_wsp=70001FD0 (was 74003950) shadow_wsp=70001FD0 master_wfp=70001FE4 depth=0
redirect seq=002806 caller=QUEST2 WSAVS DIST                 pc=70168717 area_wfp=74003964 argc=4 frame=0 real_wsp=70001FDA shadow_wsp=70001FE4 master_wfp=70001FE4 ret=70166E20 depth=1
redirect seq=002808 caller=QUEST2 WRTN  DIST                 area_wfp=74003964 ret_pc=70168732 real_wsp=70001FD0 (was 74003950) shadow_wsp=70001FD0 master_wfp=70001FE4 depth=0
redirect seq=002810 caller=QUEST2 WSAVS DIST                 pc=70168717 area_wfp=74003964 argc=4 frame=0 real_wsp=70001FDA shadow_wsp=70001FE4 master_wfp=70001FE4 ret=70166E20 depth=1
redirect seq=002812 caller=QUEST2 WRTN  DIST                 area_wfp=74003964 ret_pc=70168732 real_wsp=70001FD0 (was 74003950) shadow_wsp=70001FD0 master_wfp=70001FE4 depth=0
redirect seq=002814 caller=QUEST2 WSAVS DIST                 pc=70168717 area_wfp=74003964 argc=4 frame=0 real_wsp=70001FDA shadow_wsp=70001FE4 master_wfp=70001FE4 ret=70166E20 depth=1
redirect seq=002816 caller=QUEST2 WRTN  DIST                 area_wfp=74003964 ret_pc=70168732 real_wsp=70001FD0 (was 74003950) shadow_wsp=70001FD0 master_wfp=70001FE4 depth=0
redirect seq=002820 caller=QUEST2 WSAVS DIST                 pc=70168717 area_wfp=74003964 argc=4 frame=0 real_wsp=70001FDA shadow_wsp=70001FE4 master_wfp=70001FE4 ret=70166E20 depth=1
redirect seq=002822 caller=QUEST2 WRTN  DIST                 area_wfp=74003964 ret_pc=70168732 real_wsp=70001FD0 (was 74003950) shadow_wsp=70001FD0 master_wfp=70001FE4 depth=0
redirect seq=002824 caller=QUEST2 WSAVS DIST                 pc=70168717 area_wfp=74003964 argc=4 frame=0 real_wsp=70001FDA shadow_wsp=70001FE4 master_wfp=70001FE4 ret=70166E20 depth=1
redirect seq=002827 caller=QUEST2 WRTN  DIST                 area_wfp=74003964 ret_pc=70168732 real_wsp=70001FD0 (was 74003950) shadow_wsp=70001FD0 master_wfp=70001FE4 depth=0
redirect seq=002829 caller=QUEST2 WSAVS DIST                 pc=70168717 area_wfp=74003964 argc=4 frame=0 real_wsp=70001FDA shadow_wsp=70001FE4 master_wfp=70001FE4 ret=70166E20 depth=1
redirect seq=002831 caller=QUEST2 WRTN  DIST                 area_wfp=74003964 ret_pc=70168732 real_wsp=70001FD0 (was 74003950) shadow_wsp=70001FD0 master_wfp=70001FE4 depth=0
redirect seq=002836 caller=QUEST2 WSAVS DIST                 pc=70168717 area_wfp=74003964 argc=4 frame=0 real_wsp=70001FDA shadow_wsp=70001FE4 master_wfp=70001FE4 ret=70166E20 depth=1
redirect seq=002838 caller=QUEST2 WRTN  DIST                 area_wfp=74003964 ret_pc=70168732 real_wsp=70001FD0 (was 74003950) shadow_wsp=70001FD0 master_wfp=70001FE4 depth=0
redirect seq=002840 caller=QUEST2 WSAVS DIST                 pc=70168717 area_wfp=74003964 argc=4 frame=0 real_wsp=70001FDA shadow_wsp=70001FE4 master_wfp=70001FE4 ret=70166E20 depth=1
redirect seq=002842 caller=QUEST2 WRTN  DIST                 area_wfp=74003964 ret_pc=70168732 real_wsp=70001FD0 (was 74003950) shadow_wsp=70001FD0 master_wfp=70001FE4 depth=0
redirect seq=002844 caller=QUEST2 WSAVS DIST                 pc=70168717 area_wfp=74003964 argc=4 frame=0 real_wsp=70001FDA shadow_wsp=70001FE4 master_wfp=70001FE4 ret=70166E20 depth=1
redirect seq=002846 caller=QUEST2 WRTN  DIST                 area_wfp=74003964 ret_pc=70168732 real_wsp=70001FD0 (was 74003950) shadow_wsp=70001FD0 master_wfp=70001FE4 depth=0
redirect seq=002850 caller=QUEST2 WSAVS DIST                 pc=70168717 area_wfp=74003964 argc=4 frame=0 real_wsp=70001FDA shadow_wsp=70001FE4 master_wfp=70001FE4 ret=70166E20 depth=1
redirect seq=002852 caller=QUEST2 WRTN  DIST                 area_wfp=74003964 ret_pc=70168732 real_wsp=70001FD0 (was 74003950) shadow_wsp=70001FD0 master_wfp=70001FE4 depth=0
redirect seq=002854 caller=QUEST2 WSAVS DIST                 pc=70168717 area_wfp=74003964 argc=4 frame=0 real_wsp=70001FDA shadow_wsp=70001FE4 master_wfp=70001FE4 ret=70166E20 depth=1
redirect seq=002856 caller=QUEST2 WRTN  DIST                 area_wfp=74003964 ret_pc=70168732 real_wsp=70001FD0 (was 74003950) shadow_wsp=70001FD0 master_wfp=70001FE4 depth=0
redirect seq=002859 caller=QUEST2 WSAVS DIST                 pc=70168717 area_wfp=74003964 argc=4 frame=0 real_wsp=70001FDA shadow_wsp=70001FE4 master_wfp=70001FE4 ret=70166E20 depth=1
redirect seq=002861 caller=QUEST2 WRTN  DIST                 area_wfp=74003964 ret_pc=70168732 real_wsp=70001FD0 (was 74003950) shadow_wsp=70001FD0 master_wfp=70001FE4 depth=0
redirect seq=002866 caller=QUEST2 WSAVS DIST                 pc=70168717 area_wfp=74003964 argc=4 frame=0 real_wsp=70001FDA shadow_wsp=70001FE4 master_wfp=70001FE4 ret=70166E20 depth=1
redirect seq=002868 caller=QUEST2 WRTN  DIST                 area_wfp=74003964 ret_pc=70168732 real_wsp=70001FD0 (was 74003950) shadow_wsp=70001FD0 master_wfp=70001FE4 depth=0
redirect seq=002870 caller=QUEST2 WSAVS DIST                 pc=70168717 area_wfp=74003964 argc=4 frame=0 real_wsp=70001FDA shadow_wsp=70001FE4 master_wfp=70001FE4 ret=70166E20 depth=1
redirect seq=002872 caller=QUEST2 WRTN  DIST                 area_wfp=74003964 ret_pc=70168732 real_wsp=70001FD0 (was 74003950) shadow_wsp=70001FD0 master_wfp=70001FE4 depth=0
redirect seq=002874 caller=QUEST2 WSAVS DIST                 pc=70168717 area_wfp=74003964 argc=4 frame=0 real_wsp=70001FDA shadow_wsp=70001FE4 master_wfp=70001FE4 ret=70166E20 depth=1
redirect seq=002876 caller=QUEST2 WRTN  DIST                 area_wfp=74003964 ret_pc=70168732 real_wsp=70001FD0 (was 74003950) shadow_wsp=70001FD0 master_wfp=70001FE4 depth=0
redirect seq=003177 caller=QUEST2 WSAVS OWNS                 pc=70175CBF area_wfp=74007120 argc=2 frame=3 real_wsp=70001152 shadow_wsp=70001162 master_wfp=7000115C ret=7017853B depth=1
redirect seq=003178 caller=QUEST2 WRTN  OWNS                 area_wfp=74007120 ret_pc=70175CEB real_wsp=7000114C (was 74007110) shadow_wsp=7000114C master_wfp=7000115C depth=0
redirect seq=003215 caller=QUEST2 WSAVS DIST                 pc=70168717 area_wfp=74003964 argc=4 frame=0 real_wsp=700015AA shadow_wsp=700015B4 master_wfp=700015B4 ret=70166B8A depth=1
redirect seq=003217 caller=QUEST2 WRTN  DIST                 area_wfp=74003964 ret_pc=70168732 real_wsp=700015A0 (was 74003950) shadow_wsp=700015A0 master_wfp=700015B4 depth=0
redirect seq=003219 caller=QUEST2 WSAVS DIST                 pc=70168717 area_wfp=74003964 argc=4 frame=0 real_wsp=700015AA shadow_wsp=700015B4 master_wfp=700015B4 ret=70166B8A depth=1
redirect seq=003221 caller=QUEST2 WRTN  DIST                 area_wfp=74003964 ret_pc=70168732 real_wsp=700015A0 (was 74003950) shadow_wsp=700015A0 master_wfp=700015B4 depth=0
redirect seq=003223 caller=QUEST2 WSAVS DIST                 pc=70168717 area_wfp=74003964 argc=4 frame=0 real_wsp=700015AA shadow_wsp=700015B4 master_wfp=700015B4 ret=70166B8A depth=1
redirect seq=003225 caller=QUEST2 WRTN  DIST                 area_wfp=74003964 ret_pc=70168732 real_wsp=700015A0 (was 74003950) shadow_wsp=700015A0 master_wfp=700015B4 depth=0
redirect seq=003230 caller=QUEST2 WSAVS DIST                 pc=70168717 area_wfp=74003964 argc=4 frame=0 real_wsp=700015AA shadow_wsp=700015B4 master_wfp=700015B4 ret=70166E20 depth=1
redirect seq=003232 caller=QUEST2 WRTN  DIST                 area_wfp=74003964 ret_pc=70168732 real_wsp=700015A0 (was 74003950) shadow_wsp=700015A0 master_wfp=700015B4 depth=0
redirect seq=003234 caller=QUEST2 WSAVS DIST                 pc=70168717 area_wfp=74003964 argc=4 frame=0 real_wsp=700015AA shadow_wsp=700015B4 master_wfp=700015B4 ret=70166E20 depth=1
redirect seq=003236 caller=QUEST2 WRTN  DIST                 area_wfp=74003964 ret_pc=70168732 real_wsp=700015A0 (was 74003950) shadow_wsp=700015A0 master_wfp=700015B4 depth=0
redirect seq=003238 caller=QUEST2 WSAVS DIST                 pc=70168717 area_wfp=74003964 argc=4 frame=0 real_wsp=700015AA shadow_wsp=700015B4 master_wfp=700015B4 ret=70166E20 depth=1
redirect seq=003240 caller=QUEST2 WRTN  DIST                 area_wfp=74003964 ret_pc=70168732 real_wsp=700015A0 (was 74003950) shadow_wsp=700015A0 master_wfp=700015B4 depth=0
redirect seq=003245 caller=QUEST2 WSAVS DIST                 pc=70168717 area_wfp=74003964 argc=4 frame=0 real_wsp=700015AA shadow_wsp=700015B4 master_wfp=700015B4 ret=70166E20 depth=1
redirect seq=003247 caller=QUEST2 WRTN  DIST                 area_wfp=74003964 ret_pc=70168732 real_wsp=700015A0 (was 74003950) shadow_wsp=700015A0 master_wfp=700015B4 depth=0
redirect seq=003249 caller=QUEST2 WSAVS DIST                 pc=70168717 area_wfp=74003964 argc=4 frame=0 real_wsp=700015AA shadow_wsp=700015B4 master_wfp=700015B4 ret=70166E20 depth=1
redirect seq=003251 caller=QUEST2 WRTN  DIST                 area_wfp=74003964 ret_pc=70168732 real_wsp=700015A0 (was 74003950) shadow_wsp=700015A0 master_wfp=700015B4 depth=0
redirect seq=003253 caller=QUEST2 WSAVS DIST                 pc=70168717 area_wfp=74003964 argc=4 frame=0 real_wsp=700015AA shadow_wsp=700015B4 master_wfp=700015B4 ret=70166E20 depth=1
redirect seq=003255 caller=QUEST2 WRTN  DIST                 area_wfp=74003964 ret_pc=70168732 real_wsp=700015A0 (was 74003950) shadow_wsp=700015A0 master_wfp=700015B4 depth=0
redirect seq=003259 caller=QUEST2 WSAVS DIST                 pc=70168717 area_wfp=74003964 argc=4 frame=0 real_wsp=700015AA shadow_wsp=700015B4 master_wfp=700015B4 ret=70166E20 depth=1
redirect seq=003261 caller=QUEST2 WRTN  DIST                 area_wfp=74003964 ret_pc=70168732 real_wsp=700015A0 (was 74003950) shadow_wsp=700015A0 master_wfp=700015B4 depth=0
redirect seq=003263 caller=QUEST2 WSAVS DIST                 pc=70168717 area_wfp=74003964 argc=4 frame=0 real_wsp=700015AA shadow_wsp=700015B4 master_wfp=700015B4 ret=70166E20 depth=1
redirect seq=003266 caller=QUEST2 WRTN  DIST                 area_wfp=74003964 ret_pc=70168732 real_wsp=700015A0 (was 74003950) shadow_wsp=700015A0 master_wfp=700015B4 depth=0
redirect seq=003268 caller=QUEST2 WSAVS DIST                 pc=70168717 area_wfp=74003964 argc=4 frame=0 real_wsp=700015AA shadow_wsp=700015B4 master_wfp=700015B4 ret=70166E20 depth=1
redirect seq=003270 caller=QUEST2 WRTN  DIST                 area_wfp=74003964 ret_pc=70168732 real_wsp=700015A0 (was 74003950) shadow_wsp=700015A0 master_wfp=700015B4 depth=0
redirect seq=003275 caller=QUEST2 WSAVS DIST                 pc=70168717 area_wfp=74003964 argc=4 frame=0 real_wsp=700015AA shadow_wsp=700015B4 master_wfp=700015B4 ret=70166E20 depth=1
redirect seq=003277 caller=QUEST2 WRTN  DIST                 area_wfp=74003964 ret_pc=70168732 real_wsp=700015A0 (was 74003950) shadow_wsp=700015A0 master_wfp=700015B4 depth=0
redirect seq=003279 caller=QUEST2 WSAVS DIST                 pc=70168717 area_wfp=74003964 argc=4 frame=0 real_wsp=700015AA shadow_wsp=700015B4 master_wfp=700015B4 ret=70166E20 depth=1
redirect seq=003281 caller=QUEST2 WRTN  DIST                 area_wfp=74003964 ret_pc=70168732 real_wsp=700015A0 (was 74003950) shadow_wsp=700015A0 master_wfp=700015B4 depth=0
redirect seq=003283 caller=QUEST2 WSAVS DIST                 pc=70168717 area_wfp=74003964 argc=4 frame=0 real_wsp=700015AA shadow_wsp=700015B4 master_wfp=700015B4 ret=70166E20 depth=1
redirect seq=003285 caller=QUEST2 WRTN  DIST                 area_wfp=74003964 ret_pc=70168732 real_wsp=700015A0 (was 74003950) shadow_wsp=700015A0 master_wfp=700015B4 depth=0
redirect seq=003290 caller=QUEST2 WSAVS DIST                 pc=70168717 area_wfp=74003964 argc=4 frame=0 real_wsp=700015AA shadow_wsp=700015B4 master_wfp=700015B4 ret=70166E20 depth=1
redirect seq=003292 caller=QUEST2 WRTN  DIST                 area_wfp=74003964 ret_pc=70168732 real_wsp=700015A0 (was 74003950) shadow_wsp=700015A0 master_wfp=700015B4 depth=0
redirect seq=003294 caller=QUEST2 WSAVS DIST                 pc=70168717 area_wfp=74003964 argc=4 frame=0 real_wsp=700015AA shadow_wsp=700015B4 master_wfp=700015B4 ret=70166E20 depth=1
redirect seq=003296 caller=QUEST2 WRTN  DIST                 area_wfp=74003964 ret_pc=70168732 real_wsp=700015A0 (was 74003950) shadow_wsp=700015A0 master_wfp=700015B4 depth=0
redirect seq=003298 caller=QUEST2 WSAVS DIST                 pc=70168717 area_wfp=74003964 argc=4 frame=0 real_wsp=700015AA shadow_wsp=700015B4 master_wfp=700015B4 ret=70166E20 depth=1
redirect seq=003301 caller=QUEST2 WRTN  DIST                 area_wfp=74003964 ret_pc=70168732 real_wsp=700015A0 (was 74003950) shadow_wsp=700015A0 master_wfp=700015B4 depth=0
redirect seq=003303 caller=QUEST2 WSAVS DIST                 pc=70168717 area_wfp=74003964 argc=4 frame=0 real_wsp=700015AA shadow_wsp=700015B4 master_wfp=700015B4 ret=70166E20 depth=1
redirect seq=003305 caller=QUEST2 WRTN  DIST                 area_wfp=74003964 ret_pc=70168732 real_wsp=700015A0 (was 74003950) shadow_wsp=700015A0 master_wfp=700015B4 depth=0
redirect seq=003309 caller=QUEST2 WSAVS DIST                 pc=70168717 area_wfp=74003964 argc=4 frame=0 real_wsp=700015AA shadow_wsp=700015B4 master_wfp=700015B4 ret=70166E20 depth=1
redirect seq=003311 caller=QUEST2 WRTN  DIST                 area_wfp=74003964 ret_pc=70168732 real_wsp=700015A0 (was 74003950) shadow_wsp=700015A0 master_wfp=700015B4 depth=0
redirect seq=003313 caller=QUEST2 WSAVS DIST                 pc=70168717 area_wfp=74003964 argc=4 frame=0 real_wsp=700015AA shadow_wsp=700015B4 master_wfp=700015B4 ret=70166E20 depth=1
redirect seq=003315 caller=QUEST2 WRTN  DIST                 area_wfp=74003964 ret_pc=70168732 real_wsp=700015A0 (was 74003950) shadow_wsp=700015A0 master_wfp=700015B4 depth=0
redirect seq=003320 caller=QUEST2 WSAVS DIST                 pc=70168717 area_wfp=74003964 argc=4 frame=0 real_wsp=700015AA shadow_wsp=700015B4 master_wfp=700015B4 ret=70166E20 depth=1
redirect seq=003322 caller=QUEST2 WRTN  DIST                 area_wfp=74003964 ret_pc=70168732 real_wsp=700015A0 (was 74003950) shadow_wsp=700015A0 master_wfp=700015B4 depth=0
redirect seq=003324 caller=QUEST2 WSAVS DIST                 pc=70168717 area_wfp=74003964 argc=4 frame=0 real_wsp=700015AA shadow_wsp=700015B4 master_wfp=700015B4 ret=70166E20 depth=1
redirect seq=003326 caller=QUEST2 WRTN  DIST                 area_wfp=74003964 ret_pc=70168732 real_wsp=700015A0 (was 74003950) shadow_wsp=700015A0 master_wfp=700015B4 depth=0
redirect seq=003328 caller=QUEST2 WSAVS DIST                 pc=70168717 area_wfp=74003964 argc=4 frame=0 real_wsp=700015AA shadow_wsp=700015B4 master_wfp=700015B4 ret=70166E20 depth=1
redirect seq=003330 caller=QUEST2 WRTN  DIST                 area_wfp=74003964 ret_pc=70168732 real_wsp=700015A0 (was 74003950) shadow_wsp=700015A0 master_wfp=700015B4 depth=0
redirect seq=003334 caller=QUEST2 WSAVS DIST                 pc=70168717 area_wfp=74003964 argc=4 frame=0 real_wsp=700015AA shadow_wsp=700015B4 master_wfp=700015B4 ret=70166E20 depth=1
redirect seq=003336 caller=QUEST2 WRTN  DIST                 area_wfp=74003964 ret_pc=70168732 real_wsp=700015A0 (was 74003950) shadow_wsp=700015A0 master_wfp=700015B4 depth=0
redirect seq=003338 caller=QUEST2 WSAVS DIST                 pc=70168717 area_wfp=74003964 argc=4 frame=0 real_wsp=700015AA shadow_wsp=700015B4 master_wfp=700015B4 ret=70166E20 depth=1
redirect seq=003340 caller=QUEST2 WRTN  DIST                 area_wfp=74003964 ret_pc=70168732 real_wsp=700015A0 (was 74003950) shadow_wsp=700015A0 master_wfp=700015B4 depth=0
redirect seq=003343 caller=QUEST2 WSAVS DIST                 pc=70168717 area_wfp=74003964 argc=4 frame=0 real_wsp=700015AA shadow_wsp=700015B4 master_wfp=700015B4 ret=70166E20 depth=1
redirect seq=003345 caller=QUEST2 WRTN  DIST                 area_wfp=74003964 ret_pc=70168732 real_wsp=700015A0 (was 74003950) shadow_wsp=700015A0 master_wfp=700015B4 depth=0
redirect seq=003350 caller=QUEST2 WSAVS DIST                 pc=70168717 area_wfp=74003964 argc=4 frame=0 real_wsp=700015AA shadow_wsp=700015B4 master_wfp=700015B4 ret=70166E20 depth=1
redirect seq=003352 caller=QUEST2 WRTN  DIST                 area_wfp=74003964 ret_pc=70168732 real_wsp=700015A0 (was 74003950) shadow_wsp=700015A0 master_wfp=700015B4 depth=0
redirect seq=003354 caller=QUEST2 WSAVS DIST                 pc=70168717 area_wfp=74003964 argc=4 frame=0 real_wsp=700015AA shadow_wsp=700015B4 master_wfp=700015B4 ret=70166E20 depth=1
redirect seq=003356 caller=QUEST2 WRTN  DIST                 area_wfp=74003964 ret_pc=70168732 real_wsp=700015A0 (was 74003950) shadow_wsp=700015A0 master_wfp=700015B4 depth=0
redirect seq=003358 caller=QUEST2 WSAVS DIST                 pc=70168717 area_wfp=74003964 argc=4 frame=0 real_wsp=700015AA shadow_wsp=700015B4 master_wfp=700015B4 ret=70166E20 depth=1
redirect seq=003360 caller=QUEST2 WRTN  DIST                 area_wfp=74003964 ret_pc=70168732 real_wsp=700015A0 (was 74003950) shadow_wsp=700015A0 master_wfp=700015B4 depth=0
redirect seq=003365 caller=QUEST2 WSAVS DIST                 pc=70168717 area_wfp=74003964 argc=4 frame=0 real_wsp=700015AA shadow_wsp=700015B4 master_wfp=700015B4 ret=70166E20 depth=1
redirect seq=003367 caller=QUEST2 WRTN  DIST                 area_wfp=74003964 ret_pc=70168732 real_wsp=700015A0 (was 74003950) shadow_wsp=700015A0 master_wfp=700015B4 depth=0
redirect seq=003369 caller=QUEST2 WSAVS DIST                 pc=70168717 area_wfp=74003964 argc=4 frame=0 real_wsp=700015AA shadow_wsp=700015B4 master_wfp=700015B4 ret=70166E20 depth=1
redirect seq=003371 caller=QUEST2 WRTN  DIST                 area_wfp=74003964 ret_pc=70168732 real_wsp=700015A0 (was 74003950) shadow_wsp=700015A0 master_wfp=700015B4 depth=0
redirect seq=003373 caller=QUEST2 WSAVS DIST                 pc=70168717 area_wfp=74003964 argc=4 frame=0 real_wsp=700015AA shadow_wsp=700015B4 master_wfp=700015B4 ret=70166E20 depth=1
redirect seq=003375 caller=QUEST2 WRTN  DIST                 area_wfp=74003964 ret_pc=70168732 real_wsp=700015A0 (was 74003950) shadow_wsp=700015A0 master_wfp=700015B4 depth=0
redirect seq=003379 caller=QUEST2 WSAVS DIST                 pc=70168717 area_wfp=74003964 argc=4 frame=0 real_wsp=700015AA shadow_wsp=700015B4 master_wfp=700015B4 ret=70166E20 depth=1
redirect seq=003381 caller=QUEST2 WRTN  DIST                 area_wfp=74003964 ret_pc=70168732 real_wsp=700015A0 (was 74003950) shadow_wsp=700015A0 master_wfp=700015B4 depth=0
redirect seq=003383 caller=QUEST2 WSAVS DIST                 pc=70168717 area_wfp=74003964 argc=4 frame=0 real_wsp=700015AA shadow_wsp=700015B4 master_wfp=700015B4 ret=70166E20 depth=1
redirect seq=003386 caller=QUEST2 WRTN  DIST                 area_wfp=74003964 ret_pc=70168732 real_wsp=700015A0 (was 74003950) shadow_wsp=700015A0 master_wfp=700015B4 depth=0
redirect seq=003388 caller=QUEST2 WSAVS DIST                 pc=70168717 area_wfp=74003964 argc=4 frame=0 real_wsp=700015AA shadow_wsp=700015B4 master_wfp=700015B4 ret=70166E20 depth=1
redirect seq=003390 caller=QUEST2 WRTN  DIST                 area_wfp=74003964 ret_pc=70168732 real_wsp=700015A0 (was 74003950) shadow_wsp=700015A0 master_wfp=700015B4 depth=0
redirect seq=003395 caller=QUEST2 WSAVS DIST                 pc=70168717 area_wfp=74003964 argc=4 frame=0 real_wsp=700015AA shadow_wsp=700015B4 master_wfp=700015B4 ret=70166E20 depth=1
redirect seq=003397 caller=QUEST2 WRTN  DIST                 area_wfp=74003964 ret_pc=70168732 real_wsp=700015A0 (was 74003950) shadow_wsp=700015A0 master_wfp=700015B4 depth=0
redirect seq=003399 caller=QUEST2 WSAVS DIST                 pc=70168717 area_wfp=74003964 argc=4 frame=0 real_wsp=700015AA shadow_wsp=700015B4 master_wfp=700015B4 ret=70166E20 depth=1
redirect seq=003401 caller=QUEST2 WRTN  DIST                 area_wfp=74003964 ret_pc=70168732 real_wsp=700015A0 (was 74003950) shadow_wsp=700015A0 master_wfp=700015B4 depth=0
redirect seq=003403 caller=QUEST2 WSAVS DIST                 pc=70168717 area_wfp=74003964 argc=4 frame=0 real_wsp=700015AA shadow_wsp=700015B4 master_wfp=700015B4 ret=70166E20 depth=1
redirect seq=003405 caller=QUEST2 WRTN  DIST                 area_wfp=74003964 ret_pc=70168732 real_wsp=700015A0 (was 74003950) shadow_wsp=700015A0 master_wfp=700015B4 depth=0
redirect seq=003408 caller=QUEST2 WSAVS DIST                 pc=70168717 area_wfp=74003964 argc=4 frame=0 real_wsp=700015AA shadow_wsp=700015B4 master_wfp=700015B4 ret=70166E20 depth=1
redirect seq=003412 caller=QUEST2 WRTN  DIST                 area_wfp=74003964 ret_pc=70168732 real_wsp=700015A0 (was 74003950) shadow_wsp=700015A0 master_wfp=700015B4 depth=0
redirect seq=003414 caller=QUEST2 WSAVS DIST                 pc=70168717 area_wfp=74003964 argc=4 frame=0 real_wsp=700015AA shadow_wsp=700015B4 master_wfp=700015B4 ret=70166E20 depth=1
redirect seq=003416 caller=QUEST2 WRTN  DIST                 area_wfp=74003964 ret_pc=70168732 real_wsp=700015A0 (was 74003950) shadow_wsp=700015A0 master_wfp=700015B4 depth=0
redirect seq=003418 caller=QUEST2 WSAVS DIST                 pc=70168717 area_wfp=74003964 argc=4 frame=0 real_wsp=700015AA shadow_wsp=700015B4 master_wfp=700015B4 ret=70166E20 depth=1
redirect seq=003420 caller=QUEST2 WRTN  DIST                 area_wfp=74003964 ret_pc=70168732 real_wsp=700015A0 (was 74003950) shadow_wsp=700015A0 master_wfp=700015B4 depth=0
redirect seq=003425 caller=QUEST2 WSAVS DIST                 pc=70168717 area_wfp=74003964 argc=4 frame=0 real_wsp=700015AA shadow_wsp=700015B4 master_wfp=700015B4 ret=70166E20 depth=1
redirect seq=003427 caller=QUEST2 WRTN  DIST                 area_wfp=74003964 ret_pc=70168732 real_wsp=700015A0 (was 74003950) shadow_wsp=700015A0 master_wfp=700015B4 depth=0
redirect seq=003429 caller=QUEST2 WSAVS DIST                 pc=70168717 area_wfp=74003964 argc=4 frame=0 real_wsp=700015AA shadow_wsp=700015B4 master_wfp=700015B4 ret=70166E20 depth=1
redirect seq=003431 caller=QUEST2 WRTN  DIST                 area_wfp=74003964 ret_pc=70168732 real_wsp=700015A0 (was 74003950) shadow_wsp=700015A0 master_wfp=700015B4 depth=0
redirect seq=003433 caller=QUEST2 WSAVS DIST                 pc=70168717 area_wfp=74003964 argc=4 frame=0 real_wsp=700015AA shadow_wsp=700015B4 master_wfp=700015B4 ret=70166E20 depth=1
redirect seq=003435 caller=QUEST2 WRTN  DIST                 area_wfp=74003964 ret_pc=70168732 real_wsp=700015A0 (was 74003950) shadow_wsp=700015A0 master_wfp=700015B4 depth=0
redirect seq=003440 caller=QUEST2 WSAVS DIST                 pc=70168717 area_wfp=74003964 argc=4 frame=0 real_wsp=700015AA shadow_wsp=700015B4 master_wfp=700015B4 ret=70166E20 depth=1
redirect seq=003442 caller=QUEST2 WRTN  DIST                 area_wfp=74003964 ret_pc=70168732 real_wsp=700015A0 (was 74003950) shadow_wsp=700015A0 master_wfp=700015B4 depth=0
redirect seq=003444 caller=QUEST2 WSAVS DIST                 pc=70168717 area_wfp=74003964 argc=4 frame=0 real_wsp=700015AA shadow_wsp=700015B4 master_wfp=700015B4 ret=70166E20 depth=1
redirect seq=003446 caller=QUEST2 WRTN  DIST                 area_wfp=74003964 ret_pc=70168732 real_wsp=700015A0 (was 74003950) shadow_wsp=700015A0 master_wfp=700015B4 depth=0
redirect seq=003448 caller=QUEST2 WSAVS DIST                 pc=70168717 area_wfp=74003964 argc=4 frame=0 real_wsp=700015AA shadow_wsp=700015B4 master_wfp=700015B4 ret=70166E20 depth=1
redirect seq=003450 caller=QUEST2 WRTN  DIST                 area_wfp=74003964 ret_pc=70168732 real_wsp=700015A0 (was 74003950) shadow_wsp=700015A0 master_wfp=700015B4 depth=0
redirect seq=003455 caller=QUEST2 WSAVS DIST                 pc=70168717 area_wfp=74003964 argc=4 frame=0 real_wsp=700015AA shadow_wsp=700015B4 master_wfp=700015B4 ret=70166E20 depth=1
redirect seq=003457 caller=QUEST2 WRTN  DIST                 area_wfp=74003964 ret_pc=70168732 real_wsp=700015A0 (was 74003950) shadow_wsp=700015A0 master_wfp=700015B4 depth=0
redirect seq=003459 caller=QUEST2 WSAVS DIST                 pc=70168717 area_wfp=74003964 argc=4 frame=0 real_wsp=700015AA shadow_wsp=700015B4 master_wfp=700015B4 ret=70166E20 depth=1
redirect seq=003461 caller=QUEST2 WRTN  DIST                 area_wfp=74003964 ret_pc=70168732 real_wsp=700015A0 (was 74003950) shadow_wsp=700015A0 master_wfp=700015B4 depth=0
redirect seq=003463 caller=QUEST2 WSAVS DIST                 pc=70168717 area_wfp=74003964 argc=4 frame=0 real_wsp=700015AA shadow_wsp=700015B4 master_wfp=700015B4 ret=70166E20 depth=1
redirect seq=003465 caller=QUEST2 WRTN  DIST                 area_wfp=74003964 ret_pc=70168732 real_wsp=700015A0 (was 74003950) shadow_wsp=700015A0 master_wfp=700015B4 depth=0
redirect seq=003468 caller=QUEST2 WSAVS DIST                 pc=70168717 area_wfp=74003964 argc=4 frame=0 real_wsp=700015AA shadow_wsp=700015B4 master_wfp=700015B4 ret=70166E20 depth=1
redirect seq=003470 caller=QUEST2 WRTN  DIST                 area_wfp=74003964 ret_pc=70168732 real_wsp=700015A0 (was 74003950) shadow_wsp=700015A0 master_wfp=700015B4 depth=0
redirect seq=003474 caller=QUEST2 WSAVS DIST                 pc=70168717 area_wfp=74003964 argc=4 frame=0 real_wsp=700015AA shadow_wsp=700015B4 master_wfp=700015B4 ret=70166E20 depth=1
redirect seq=003476 caller=QUEST2 WRTN  DIST                 area_wfp=74003964 ret_pc=70168732 real_wsp=700015A0 (was 74003950) shadow_wsp=700015A0 master_wfp=700015B4 depth=0
redirect seq=003478 caller=QUEST2 WSAVS DIST                 pc=70168717 area_wfp=74003964 argc=4 frame=0 real_wsp=700015AA shadow_wsp=700015B4 master_wfp=700015B4 ret=70166E20 depth=1
redirect seq=003480 caller=QUEST2 WRTN  DIST                 area_wfp=74003964 ret_pc=70168732 real_wsp=700015A0 (was 74003950) shadow_wsp=700015A0 master_wfp=700015B4 depth=0
redirect seq=003485 caller=QUEST2 WSAVS DIST                 pc=70168717 area_wfp=74003964 argc=4 frame=0 real_wsp=700015AA shadow_wsp=700015B4 master_wfp=700015B4 ret=70166E20 depth=1
redirect seq=003487 caller=QUEST2 WRTN  DIST                 area_wfp=74003964 ret_pc=70168732 real_wsp=700015A0 (was 74003950) shadow_wsp=700015A0 master_wfp=700015B4 depth=0
redirect seq=003489 caller=QUEST2 WSAVS DIST                 pc=70168717 area_wfp=74003964 argc=4 frame=0 real_wsp=700015AA shadow_wsp=700015B4 master_wfp=700015B4 ret=70166E20 depth=1
redirect seq=003491 caller=QUEST2 WRTN  DIST                 area_wfp=74003964 ret_pc=70168732 real_wsp=700015A0 (was 74003950) shadow_wsp=700015A0 master_wfp=700015B4 depth=0
redirect seq=003493 caller=QUEST2 WSAVS DIST                 pc=70168717 area_wfp=74003964 argc=4 frame=0 real_wsp=700015AA shadow_wsp=700015B4 master_wfp=700015B4 ret=70166E20 depth=1
redirect seq=003495 caller=QUEST2 WRTN  DIST                 area_wfp=74003964 ret_pc=70168732 real_wsp=700015A0 (was 74003950) shadow_wsp=700015A0 master_wfp=700015B4 depth=0
redirect seq=003500 caller=QUEST2 WSAVS DIST                 pc=70168717 area_wfp=74003964 argc=4 frame=0 real_wsp=700015AA shadow_wsp=700015B4 master_wfp=700015B4 ret=70166E20 depth=1
redirect seq=003502 caller=QUEST2 WRTN  DIST                 area_wfp=74003964 ret_pc=70168732 real_wsp=700015A0 (was 74003950) shadow_wsp=700015A0 master_wfp=700015B4 depth=0
redirect seq=003504 caller=QUEST2 WSAVS DIST                 pc=70168717 area_wfp=74003964 argc=4 frame=0 real_wsp=700015AA shadow_wsp=700015B4 master_wfp=700015B4 ret=70166E20 depth=1
redirect seq=003506 caller=QUEST2 WRTN  DIST                 area_wfp=74003964 ret_pc=70168732 real_wsp=700015A0 (was 74003950) shadow_wsp=700015A0 master_wfp=700015B4 depth=0
redirect seq=003508 caller=QUEST2 WSAVS DIST                 pc=70168717 area_wfp=74003964 argc=4 frame=0 real_wsp=700015AA shadow_wsp=700015B4 master_wfp=700015B4 ret=70166E20 depth=1
redirect seq=003510 caller=QUEST2 WRTN  DIST                 area_wfp=74003964 ret_pc=70168732 real_wsp=700015A0 (was 74003950) shadow_wsp=700015A0 master_wfp=700015B4 depth=0
redirect seq=003515 caller=QUEST2 WSAVS DIST                 pc=70168717 area_wfp=74003964 argc=4 frame=0 real_wsp=700015AA shadow_wsp=700015B4 master_wfp=700015B4 ret=70166E20 depth=1
redirect seq=003517 caller=QUEST2 WRTN  DIST                 area_wfp=74003964 ret_pc=70168732 real_wsp=700015A0 (was 74003950) shadow_wsp=700015A0 master_wfp=700015B4 depth=0
redirect seq=003519 caller=QUEST2 WSAVS DIST                 pc=70168717 area_wfp=74003964 argc=4 frame=0 real_wsp=700015AA shadow_wsp=700015B4 master_wfp=700015B4 ret=70166E20 depth=1
redirect seq=003521 caller=QUEST2 WRTN  DIST                 area_wfp=74003964 ret_pc=70168732 real_wsp=700015A0 (was 74003950) shadow_wsp=700015A0 master_wfp=700015B4 depth=0
redirect seq=003523 caller=QUEST2 WSAVS DIST                 pc=70168717 area_wfp=74003964 argc=4 frame=0 real_wsp=700015AA shadow_wsp=700015B4 master_wfp=700015B4 ret=70166E20 depth=1
redirect seq=003525 caller=QUEST2 WRTN  DIST                 area_wfp=74003964 ret_pc=70168732 real_wsp=700015A0 (was 74003950) shadow_wsp=700015A0 master_wfp=700015B4 depth=0
redirect seq=003530 caller=QUEST2 WSAVS DIST                 pc=70168717 area_wfp=74003964 argc=4 frame=0 real_wsp=700015AA shadow_wsp=700015B4 master_wfp=700015B4 ret=70166E20 depth=1
redirect seq=003532 caller=QUEST2 WRTN  DIST                 area_wfp=74003964 ret_pc=70168732 real_wsp=700015A0 (was 74003950) shadow_wsp=700015A0 master_wfp=700015B4 depth=0
redirect seq=003534 caller=QUEST2 WSAVS DIST                 pc=70168717 area_wfp=74003964 argc=4 frame=0 real_wsp=700015AA shadow_wsp=700015B4 master_wfp=700015B4 ret=70166E20 depth=1
redirect seq=003536 caller=QUEST2 WRTN  DIST                 area_wfp=74003964 ret_pc=70168732 real_wsp=700015A0 (was 74003950) shadow_wsp=700015A0 master_wfp=700015B4 depth=0
redirect seq=003538 caller=QUEST2 WSAVS DIST                 pc=70168717 area_wfp=74003964 argc=4 frame=0 real_wsp=700015AA shadow_wsp=700015B4 master_wfp=700015B4 ret=70166E20 depth=1
redirect seq=003541 caller=QUEST2 WRTN  DIST                 area_wfp=74003964 ret_pc=70168732 real_wsp=700015A0 (was 74003950) shadow_wsp=700015A0 master_wfp=700015B4 depth=0
redirect seq=003543 caller=QUEST2 WSAVS DIST                 pc=70168717 area_wfp=74003964 argc=4 frame=0 real_wsp=700015AA shadow_wsp=700015B4 master_wfp=700015B4 ret=70166E20 depth=1
redirect seq=003547 caller=QUEST2 WRTN  DIST                 area_wfp=74003964 ret_pc=70168732 real_wsp=700015A0 (was 74003950) shadow_wsp=700015A0 master_wfp=700015B4 depth=0
redirect seq=003549 caller=QUEST2 WSAVS DIST                 pc=70168717 area_wfp=74003964 argc=4 frame=0 real_wsp=700015AA shadow_wsp=700015B4 master_wfp=700015B4 ret=70166E20 depth=1
redirect seq=003551 caller=QUEST2 WRTN  DIST                 area_wfp=74003964 ret_pc=70168732 real_wsp=700015A0 (was 74003950) shadow_wsp=700015A0 master_wfp=700015B4 depth=0
redirect seq=003553 caller=QUEST2 WSAVS DIST                 pc=70168717 area_wfp=74003964 argc=4 frame=0 real_wsp=700015AA shadow_wsp=700015B4 master_wfp=700015B4 ret=70166E20 depth=1
redirect seq=003555 caller=QUEST2 WRTN  DIST                 area_wfp=74003964 ret_pc=70168732 real_wsp=700015A0 (was 74003950) shadow_wsp=700015A0 master_wfp=700015B4 depth=0
redirect seq=003560 caller=QUEST2 WSAVS DIST                 pc=70168717 area_wfp=74003964 argc=4 frame=0 real_wsp=700015AA shadow_wsp=700015B4 master_wfp=700015B4 ret=70166E20 depth=1
redirect seq=003562 caller=QUEST2 WRTN  DIST                 area_wfp=74003964 ret_pc=70168732 real_wsp=700015A0 (was 74003950) shadow_wsp=700015A0 master_wfp=700015B4 depth=0
redirect seq=003564 caller=QUEST2 WSAVS DIST                 pc=70168717 area_wfp=74003964 argc=4 frame=0 real_wsp=700015AA shadow_wsp=700015B4 master_wfp=700015B4 ret=70166E20 depth=1
redirect seq=003566 caller=QUEST2 WRTN  DIST                 area_wfp=74003964 ret_pc=70168732 real_wsp=700015A0 (was 74003950) shadow_wsp=700015A0 master_wfp=700015B4 depth=0
redirect seq=003568 caller=QUEST2 WSAVS DIST                 pc=70168717 area_wfp=74003964 argc=4 frame=0 real_wsp=700015AA shadow_wsp=700015B4 master_wfp=700015B4 ret=70166E20 depth=1
redirect seq=003570 caller=QUEST2 WRTN  DIST                 area_wfp=74003964 ret_pc=70168732 real_wsp=700015A0 (was 74003950) shadow_wsp=700015A0 master_wfp=700015B4 depth=0
redirect seq=003573 caller=QUEST2 WSAVS DIST                 pc=70168717 area_wfp=74003964 argc=4 frame=0 real_wsp=700015AA shadow_wsp=700015B4 master_wfp=700015B4 ret=70166E20 depth=1
redirect seq=003575 caller=QUEST2 WRTN  DIST                 area_wfp=74003964 ret_pc=70168732 real_wsp=700015A0 (was 74003950) shadow_wsp=700015A0 master_wfp=700015B4 depth=0
redirect seq=003579 caller=QUEST2 WSAVS DIST                 pc=70168717 area_wfp=74003964 argc=4 frame=0 real_wsp=700015AA shadow_wsp=700015B4 master_wfp=700015B4 ret=70166E20 depth=1
redirect seq=003581 caller=QUEST2 WRTN  DIST                 area_wfp=74003964 ret_pc=70168732 real_wsp=700015A0 (was 74003950) shadow_wsp=700015A0 master_wfp=700015B4 depth=0
redirect seq=003583 caller=QUEST2 WSAVS DIST                 pc=70168717 area_wfp=74003964 argc=4 frame=0 real_wsp=700015AA shadow_wsp=700015B4 master_wfp=700015B4 ret=70166E20 depth=1
redirect seq=003585 caller=QUEST2 WRTN  DIST                 area_wfp=74003964 ret_pc=70168732 real_wsp=700015A0 (was 74003950) shadow_wsp=700015A0 master_wfp=700015B4 depth=0
redirect seq=003590 caller=QUEST2 WSAVS DIST                 pc=70168717 area_wfp=74003964 argc=4 frame=0 real_wsp=700015AA shadow_wsp=700015B4 master_wfp=700015B4 ret=70166E20 depth=1
redirect seq=003592 caller=QUEST2 WRTN  DIST                 area_wfp=74003964 ret_pc=70168732 real_wsp=700015A0 (was 74003950) shadow_wsp=700015A0 master_wfp=700015B4 depth=0
redirect seq=003594 caller=QUEST2 WSAVS DIST                 pc=70168717 area_wfp=74003964 argc=4 frame=0 real_wsp=700015AA shadow_wsp=700015B4 master_wfp=700015B4 ret=70166E20 depth=1
redirect seq=003596 caller=QUEST2 WRTN  DIST                 area_wfp=74003964 ret_pc=70168732 real_wsp=700015A0 (was 74003950) shadow_wsp=700015A0 master_wfp=700015B4 depth=0
redirect seq=003598 caller=QUEST2 WSAVS DIST                 pc=70168717 area_wfp=74003964 argc=4 frame=0 real_wsp=700015AA shadow_wsp=700015B4 master_wfp=700015B4 ret=70166E20 depth=1
redirect seq=003600 caller=QUEST2 WRTN  DIST                 area_wfp=74003964 ret_pc=70168732 real_wsp=700015A0 (was 74003950) shadow_wsp=700015A0 master_wfp=700015B4 depth=0
redirect seq=003604 caller=QUEST2 WSAVS DIST                 pc=70168717 area_wfp=74003964 argc=4 frame=0 real_wsp=700015AA shadow_wsp=700015B4 master_wfp=700015B4 ret=70166E20 depth=1
redirect seq=003606 caller=QUEST2 WRTN  DIST                 area_wfp=74003964 ret_pc=70168732 real_wsp=700015A0 (was 74003950) shadow_wsp=700015A0 master_wfp=700015B4 depth=0
redirect seq=003608 caller=QUEST2 WSAVS DIST                 pc=70168717 area_wfp=74003964 argc=4 frame=0 real_wsp=700015AA shadow_wsp=700015B4 master_wfp=700015B4 ret=70166E20 depth=1
redirect seq=003610 caller=QUEST2 WRTN  DIST                 area_wfp=74003964 ret_pc=70168732 real_wsp=700015A0 (was 74003950) shadow_wsp=700015A0 master_wfp=700015B4 depth=0
redirect seq=003614 caller=QUEST2 WSAVS DIST                 pc=70168717 area_wfp=74003964 argc=4 frame=0 real_wsp=700015AA shadow_wsp=700015B4 master_wfp=700015B4 ret=70166E20 depth=1
redirect seq=003616 caller=QUEST2 WRTN  DIST                 area_wfp=74003964 ret_pc=70168732 real_wsp=700015A0 (was 74003950) shadow_wsp=700015A0 master_wfp=700015B4 depth=0
redirect seq=003618 caller=QUEST2 WSAVS DIST                 pc=70168717 area_wfp=74003964 argc=4 frame=0 real_wsp=700015AA shadow_wsp=700015B4 master_wfp=700015B4 ret=70166E20 depth=1
redirect seq=003622 caller=QUEST2 WRTN  DIST                 area_wfp=74003964 ret_pc=70168732 real_wsp=700015A0 (was 74003950) shadow_wsp=700015A0 master_wfp=700015B4 depth=0
redirect seq=003624 caller=QUEST2 WSAVS DIST                 pc=70168717 area_wfp=74003964 argc=4 frame=0 real_wsp=700015AA shadow_wsp=700015B4 master_wfp=700015B4 ret=70166E20 depth=1
redirect seq=003626 caller=QUEST2 WRTN  DIST                 area_wfp=74003964 ret_pc=70168732 real_wsp=700015A0 (was 74003950) shadow_wsp=700015A0 master_wfp=700015B4 depth=0
redirect seq=003628 caller=QUEST2 WSAVS DIST                 pc=70168717 area_wfp=74003964 argc=4 frame=0 real_wsp=700015AA shadow_wsp=700015B4 master_wfp=700015B4 ret=70166E20 depth=1
redirect seq=003630 caller=QUEST2 WRTN  DIST                 area_wfp=74003964 ret_pc=70168732 real_wsp=700015A0 (was 74003950) shadow_wsp=700015A0 master_wfp=700015B4 depth=0
redirect seq=003635 caller=QUEST2 WSAVS DIST                 pc=70168717 area_wfp=74003964 argc=4 frame=0 real_wsp=700015AA shadow_wsp=700015B4 master_wfp=700015B4 ret=70166E20 depth=1
redirect seq=003637 caller=QUEST2 WRTN  DIST                 area_wfp=74003964 ret_pc=70168732 real_wsp=700015A0 (was 74003950) shadow_wsp=700015A0 master_wfp=700015B4 depth=0
redirect seq=003639 caller=QUEST2 WSAVS DIST                 pc=70168717 area_wfp=74003964 argc=4 frame=0 real_wsp=700015AA shadow_wsp=700015B4 master_wfp=700015B4 ret=70166E20 depth=1
redirect seq=003641 caller=QUEST2 WRTN  DIST                 area_wfp=74003964 ret_pc=70168732 real_wsp=700015A0 (was 74003950) shadow_wsp=700015A0 master_wfp=700015B4 depth=0
redirect seq=003643 caller=QUEST2 WSAVS DIST                 pc=70168717 area_wfp=74003964 argc=4 frame=0 real_wsp=700015AA shadow_wsp=700015B4 master_wfp=700015B4 ret=70166E20 depth=1
redirect seq=003645 caller=QUEST2 WRTN  DIST                 area_wfp=74003964 ret_pc=70168732 real_wsp=700015A0 (was 74003950) shadow_wsp=700015A0 master_wfp=700015B4 depth=0
redirect seq=003650 caller=QUEST2 WSAVS DIST                 pc=70168717 area_wfp=74003964 argc=4 frame=0 real_wsp=700015AA shadow_wsp=700015B4 master_wfp=700015B4 ret=70166E20 depth=1
redirect seq=003652 caller=QUEST2 WRTN  DIST                 area_wfp=74003964 ret_pc=70168732 real_wsp=700015A0 (was 74003950) shadow_wsp=700015A0 master_wfp=700015B4 depth=0
redirect seq=003654 caller=QUEST2 WSAVS DIST                 pc=70168717 area_wfp=74003964 argc=4 frame=0 real_wsp=700015AA shadow_wsp=700015B4 master_wfp=700015B4 ret=70166E20 depth=1
redirect seq=003656 caller=QUEST2 WRTN  DIST                 area_wfp=74003964 ret_pc=70168732 real_wsp=700015A0 (was 74003950) shadow_wsp=700015A0 master_wfp=700015B4 depth=0
redirect seq=003658 caller=QUEST2 WSAVS DIST                 pc=70168717 area_wfp=74003964 argc=4 frame=0 real_wsp=700015AA shadow_wsp=700015B4 master_wfp=700015B4 ret=70166E20 depth=1
redirect seq=003660 caller=QUEST2 WRTN  DIST                 area_wfp=74003964 ret_pc=70168732 real_wsp=700015A0 (was 74003950) shadow_wsp=700015A0 master_wfp=700015B4 depth=0
redirect seq=003664 caller=QUEST2 WSAVS DIST                 pc=70168717 area_wfp=74003964 argc=4 frame=0 real_wsp=700015AA shadow_wsp=700015B4 master_wfp=700015B4 ret=70166E20 depth=1
redirect seq=003666 caller=QUEST2 WRTN  DIST                 area_wfp=74003964 ret_pc=70168732 real_wsp=700015A0 (was 74003950) shadow_wsp=700015A0 master_wfp=700015B4 depth=0
redirect seq=003668 caller=QUEST2 WSAVS DIST                 pc=70168717 area_wfp=74003964 argc=4 frame=0 real_wsp=700015AA shadow_wsp=700015B4 master_wfp=700015B4 ret=70166E20 depth=1
redirect seq=003671 caller=QUEST2 WRTN  DIST                 area_wfp=74003964 ret_pc=70168732 real_wsp=700015A0 (was 74003950) shadow_wsp=700015A0 master_wfp=700015B4 depth=0
redirect seq=003673 caller=QUEST2 WSAVS DIST                 pc=70168717 area_wfp=74003964 argc=4 frame=0 real_wsp=700015AA shadow_wsp=700015B4 master_wfp=700015B4 ret=70166E20 depth=1
redirect seq=003675 caller=QUEST2 WRTN  DIST                 area_wfp=74003964 ret_pc=70168732 real_wsp=700015A0 (was 74003950) shadow_wsp=700015A0 master_wfp=700015B4 depth=0
redirect seq=003680 caller=QUEST2 WSAVS DIST                 pc=70168717 area_wfp=74003964 argc=4 frame=0 real_wsp=700015AA shadow_wsp=700015B4 master_wfp=700015B4 ret=70166E20 depth=1
redirect seq=003682 caller=QUEST2 WRTN  DIST                 area_wfp=74003964 ret_pc=70168732 real_wsp=700015A0 (was 74003950) shadow_wsp=700015A0 master_wfp=700015B4 depth=0
redirect seq=003684 caller=QUEST2 WSAVS DIST                 pc=70168717 area_wfp=74003964 argc=4 frame=0 real_wsp=700015AA shadow_wsp=700015B4 master_wfp=700015B4 ret=70166E20 depth=1
redirect seq=003686 caller=QUEST2 WRTN  DIST                 area_wfp=74003964 ret_pc=70168732 real_wsp=700015A0 (was 74003950) shadow_wsp=700015A0 master_wfp=700015B4 depth=0
redirect seq=003688 caller=QUEST2 WSAVS DIST                 pc=70168717 area_wfp=74003964 argc=4 frame=0 real_wsp=700015AA shadow_wsp=700015B4 master_wfp=700015B4 ret=70166E20 depth=1
redirect seq=003690 caller=QUEST2 WRTN  DIST                 area_wfp=74003964 ret_pc=70168732 real_wsp=700015A0 (was 74003950) shadow_wsp=700015A0 master_wfp=700015B4 depth=0
redirect seq=003694 caller=QUEST2 WSAVS DIST                 pc=70168717 area_wfp=74003964 argc=4 frame=0 real_wsp=700015AA shadow_wsp=700015B4 master_wfp=700015B4 ret=70166E20 depth=1
redirect seq=003696 caller=QUEST2 WRTN  DIST                 area_wfp=74003964 ret_pc=70168732 real_wsp=700015A0 (was 74003950) shadow_wsp=700015A0 master_wfp=700015B4 depth=0
redirect seq=003698 caller=QUEST2 WSAVS DIST                 pc=70168717 area_wfp=74003964 argc=4 frame=0 real_wsp=700015AA shadow_wsp=700015B4 master_wfp=700015B4 ret=70166E20 depth=1
redirect seq=003700 caller=QUEST2 WRTN  DIST                 area_wfp=74003964 ret_pc=70168732 real_wsp=700015A0 (was 74003950) shadow_wsp=700015A0 master_wfp=700015B4 depth=0
redirect seq=003703 caller=QUEST2 WSAVS DIST                 pc=70168717 area_wfp=74003964 argc=4 frame=0 real_wsp=700015AA shadow_wsp=700015B4 master_wfp=700015B4 ret=70166E20 depth=1
redirect seq=003705 caller=QUEST2 WRTN  DIST                 area_wfp=74003964 ret_pc=70168732 real_wsp=700015A0 (was 74003950) shadow_wsp=700015A0 master_wfp=700015B4 depth=0
redirect seq=003710 caller=QUEST2 WSAVS DIST                 pc=70168717 area_wfp=74003964 argc=4 frame=0 real_wsp=700015AA shadow_wsp=700015B4 master_wfp=700015B4 ret=70166E20 depth=1
redirect seq=003712 caller=QUEST2 WRTN  DIST                 area_wfp=74003964 ret_pc=70168732 real_wsp=700015A0 (was 74003950) shadow_wsp=700015A0 master_wfp=700015B4 depth=0
redirect seq=003714 caller=QUEST2 WSAVS DIST                 pc=70168717 area_wfp=74003964 argc=4 frame=0 real_wsp=700015AA shadow_wsp=700015B4 master_wfp=700015B4 ret=70166E20 depth=1
redirect seq=003716 caller=QUEST2 WRTN  DIST                 area_wfp=74003964 ret_pc=70168732 real_wsp=700015A0 (was 74003950) shadow_wsp=700015A0 master_wfp=700015B4 depth=0
redirect seq=003718 caller=QUEST2 WSAVS DIST                 pc=70168717 area_wfp=74003964 argc=4 frame=0 real_wsp=700015AA shadow_wsp=700015B4 master_wfp=700015B4 ret=70166E20 depth=1
redirect seq=003720 caller=QUEST2 WRTN  DIST                 area_wfp=74003964 ret_pc=70168732 real_wsp=700015A0 (was 74003950) shadow_wsp=700015A0 master_wfp=700015B4 depth=0
redirect seq=003725 caller=QUEST2 WSAVS DIST                 pc=70168717 area_wfp=74003964 argc=4 frame=0 real_wsp=700015AA shadow_wsp=700015B4 master_wfp=700015B4 ret=70166E20 depth=1
redirect seq=003727 caller=QUEST2 WRTN  DIST                 area_wfp=74003964 ret_pc=70168732 real_wsp=700015A0 (was 74003950) shadow_wsp=700015A0 master_wfp=700015B4 depth=0
redirect seq=003729 caller=QUEST2 WSAVS DIST                 pc=70168717 area_wfp=74003964 argc=4 frame=0 real_wsp=700015AA shadow_wsp=700015B4 master_wfp=700015B4 ret=70166E20 depth=1
redirect seq=003731 caller=QUEST2 WRTN  DIST                 area_wfp=74003964 ret_pc=70168732 real_wsp=700015A0 (was 74003950) shadow_wsp=700015A0 master_wfp=700015B4 depth=0
redirect seq=003733 caller=QUEST2 WSAVS DIST                 pc=70168717 area_wfp=74003964 argc=4 frame=0 real_wsp=700015AA shadow_wsp=700015B4 master_wfp=700015B4 ret=70166E20 depth=1
redirect seq=003736 caller=QUEST2 WRTN  DIST                 area_wfp=74003964 ret_pc=70168732 real_wsp=700015A0 (was 74003950) shadow_wsp=700015A0 master_wfp=700015B4 depth=0
redirect seq=003738 caller=QUEST2 WSAVS DIST                 pc=70168717 area_wfp=74003964 argc=4 frame=0 real_wsp=700015AA shadow_wsp=700015B4 master_wfp=700015B4 ret=70166E20 depth=1
redirect seq=003742 caller=QUEST2 WRTN  DIST                 area_wfp=74003964 ret_pc=70168732 real_wsp=700015A0 (was 74003950) shadow_wsp=700015A0 master_wfp=700015B4 depth=0
redirect seq=003744 caller=QUEST2 WSAVS DIST                 pc=70168717 area_wfp=74003964 argc=4 frame=0 real_wsp=700015AA shadow_wsp=700015B4 master_wfp=700015B4 ret=70166E20 depth=1
redirect seq=003746 caller=QUEST2 WRTN  DIST                 area_wfp=74003964 ret_pc=70168732 real_wsp=700015A0 (was 74003950) shadow_wsp=700015A0 master_wfp=700015B4 depth=0
redirect seq=003748 caller=QUEST2 WSAVS DIST                 pc=70168717 area_wfp=74003964 argc=4 frame=0 real_wsp=700015AA shadow_wsp=700015B4 master_wfp=700015B4 ret=70166E20 depth=1
redirect seq=003750 caller=QUEST2 WRTN  DIST                 area_wfp=74003964 ret_pc=70168732 real_wsp=700015A0 (was 74003950) shadow_wsp=700015A0 master_wfp=700015B4 depth=0
redirect seq=003755 caller=QUEST2 WSAVS DIST                 pc=70168717 area_wfp=74003964 argc=4 frame=0 real_wsp=700015AA shadow_wsp=700015B4 master_wfp=700015B4 ret=70166E20 depth=1
redirect seq=003757 caller=QUEST2 WRTN  DIST                 area_wfp=74003964 ret_pc=70168732 real_wsp=700015A0 (was 74003950) shadow_wsp=700015A0 master_wfp=700015B4 depth=0
redirect seq=003759 caller=QUEST2 WSAVS DIST                 pc=70168717 area_wfp=74003964 argc=4 frame=0 real_wsp=700015AA shadow_wsp=700015B4 master_wfp=700015B4 ret=70166E20 depth=1
redirect seq=003761 caller=QUEST2 WRTN  DIST                 area_wfp=74003964 ret_pc=70168732 real_wsp=700015A0 (was 74003950) shadow_wsp=700015A0 master_wfp=700015B4 depth=0
redirect seq=003763 caller=QUEST2 WSAVS DIST                 pc=70168717 area_wfp=74003964 argc=4 frame=0 real_wsp=700015AA shadow_wsp=700015B4 master_wfp=700015B4 ret=70166E20 depth=1
redirect seq=003765 caller=QUEST2 WRTN  DIST                 area_wfp=74003964 ret_pc=70168732 real_wsp=700015A0 (was 74003950) shadow_wsp=700015A0 master_wfp=700015B4 depth=0
redirect seq=003769 caller=QUEST2 WSAVS DIST                 pc=70168717 area_wfp=74003964 argc=4 frame=0 real_wsp=700015AA shadow_wsp=700015B4 master_wfp=700015B4 ret=70166E20 depth=1
redirect seq=003771 caller=QUEST2 WRTN  DIST                 area_wfp=74003964 ret_pc=70168732 real_wsp=700015A0 (was 74003950) shadow_wsp=700015A0 master_wfp=700015B4 depth=0
redirect seq=003773 caller=QUEST2 WSAVS DIST                 pc=70168717 area_wfp=74003964 argc=4 frame=0 real_wsp=700015AA shadow_wsp=700015B4 master_wfp=700015B4 ret=70166E20 depth=1
redirect seq=003776 caller=QUEST2 WRTN  DIST                 area_wfp=74003964 ret_pc=70168732 real_wsp=700015A0 (was 74003950) shadow_wsp=700015A0 master_wfp=700015B4 depth=0
redirect seq=003778 caller=QUEST2 WSAVS DIST                 pc=70168717 area_wfp=74003964 argc=4 frame=0 real_wsp=700015AA shadow_wsp=700015B4 master_wfp=700015B4 ret=70166E20 depth=1
redirect seq=003780 caller=QUEST2 WRTN  DIST                 area_wfp=74003964 ret_pc=70168732 real_wsp=700015A0 (was 74003950) shadow_wsp=700015A0 master_wfp=700015B4 depth=0
redirect seq=003785 caller=QUEST2 WSAVS DIST                 pc=70168717 area_wfp=74003964 argc=4 frame=0 real_wsp=700015AA shadow_wsp=700015B4 master_wfp=700015B4 ret=70166E20 depth=1
redirect seq=003787 caller=QUEST2 WRTN  DIST                 area_wfp=74003964 ret_pc=70168732 real_wsp=700015A0 (was 74003950) shadow_wsp=700015A0 master_wfp=700015B4 depth=0
redirect seq=003789 caller=QUEST2 WSAVS DIST                 pc=70168717 area_wfp=74003964 argc=4 frame=0 real_wsp=700015AA shadow_wsp=700015B4 master_wfp=700015B4 ret=70166E20 depth=1
redirect seq=003791 caller=QUEST2 WRTN  DIST                 area_wfp=74003964 ret_pc=70168732 real_wsp=700015A0 (was 74003950) shadow_wsp=700015A0 master_wfp=700015B4 depth=0
redirect seq=003793 caller=QUEST2 WSAVS DIST                 pc=70168717 area_wfp=74003964 argc=4 frame=0 real_wsp=700015AA shadow_wsp=700015B4 master_wfp=700015B4 ret=70166E20 depth=1
redirect seq=003795 caller=QUEST2 WRTN  DIST                 area_wfp=74003964 ret_pc=70168732 real_wsp=700015A0 (was 74003950) shadow_wsp=700015A0 master_wfp=700015B4 depth=0
redirect seq=003798 caller=QUEST2 WSAVS DIST                 pc=70168717 area_wfp=74003964 argc=4 frame=0 real_wsp=700015AA shadow_wsp=700015B4 master_wfp=700015B4 ret=70166E20 depth=1
redirect seq=003800 caller=QUEST2 WRTN  DIST                 area_wfp=74003964 ret_pc=70168732 real_wsp=700015A0 (was 74003950) shadow_wsp=700015A0 master_wfp=700015B4 depth=0
redirect seq=003804 caller=QUEST2 WSAVS DIST                 pc=70168717 area_wfp=74003964 argc=4 frame=0 real_wsp=700015AA shadow_wsp=700015B4 master_wfp=700015B4 ret=70166E20 depth=1
redirect seq=003806 caller=QUEST2 WRTN  DIST                 area_wfp=74003964 ret_pc=70168732 real_wsp=700015A0 (was 74003950) shadow_wsp=700015A0 master_wfp=700015B4 depth=0
redirect seq=003808 caller=QUEST2 WSAVS DIST                 pc=70168717 area_wfp=74003964 argc=4 frame=0 real_wsp=700015AA shadow_wsp=700015B4 master_wfp=700015B4 ret=70166E20 depth=1
redirect seq=003810 caller=QUEST2 WRTN  DIST                 area_wfp=74003964 ret_pc=70168732 real_wsp=700015A0 (was 74003950) shadow_wsp=700015A0 master_wfp=700015B4 depth=0
redirect seq=003815 caller=QUEST2 WSAVS DIST                 pc=70168717 area_wfp=74003964 argc=4 frame=0 real_wsp=700015AA shadow_wsp=700015B4 master_wfp=700015B4 ret=70166E20 depth=1
redirect seq=003817 caller=QUEST2 WRTN  DIST                 area_wfp=74003964 ret_pc=70168732 real_wsp=700015A0 (was 74003950) shadow_wsp=700015A0 master_wfp=700015B4 depth=0
redirect seq=003819 caller=QUEST2 WSAVS DIST                 pc=70168717 area_wfp=74003964 argc=4 frame=0 real_wsp=700015AA shadow_wsp=700015B4 master_wfp=700015B4 ret=70166E20 depth=1
redirect seq=003821 caller=QUEST2 WRTN  DIST                 area_wfp=74003964 ret_pc=70168732 real_wsp=700015A0 (was 74003950) shadow_wsp=700015A0 master_wfp=700015B4 depth=0
redirect seq=003823 caller=QUEST2 WSAVS DIST                 pc=70168717 area_wfp=74003964 argc=4 frame=0 real_wsp=700015AA shadow_wsp=700015B4 master_wfp=700015B4 ret=70166E20 depth=1
redirect seq=003825 caller=QUEST2 WRTN  DIST                 area_wfp=74003964 ret_pc=70168732 real_wsp=700015A0 (was 74003950) shadow_wsp=700015A0 master_wfp=700015B4 depth=0
redirect seq=003830 caller=QUEST2 WSAVS DIST                 pc=70168717 area_wfp=74003964 argc=4 frame=0 real_wsp=700015AA shadow_wsp=700015B4 master_wfp=700015B4 ret=70166E20 depth=1
redirect seq=003832 caller=QUEST2 WRTN  DIST                 area_wfp=74003964 ret_pc=70168732 real_wsp=700015A0 (was 74003950) shadow_wsp=700015A0 master_wfp=700015B4 depth=0
redirect seq=003834 caller=QUEST2 WSAVS DIST                 pc=70168717 area_wfp=74003964 argc=4 frame=0 real_wsp=700015AA shadow_wsp=700015B4 master_wfp=700015B4 ret=70166E20 depth=1
redirect seq=003836 caller=QUEST2 WRTN  DIST                 area_wfp=74003964 ret_pc=70168732 real_wsp=700015A0 (was 74003950) shadow_wsp=700015A0 master_wfp=700015B4 depth=0
redirect seq=003838 caller=QUEST2 WSAVS DIST                 pc=70168717 area_wfp=74003964 argc=4 frame=0 real_wsp=700015AA shadow_wsp=700015B4 master_wfp=700015B4 ret=70166E20 depth=1
redirect seq=003841 caller=QUEST2 WRTN  DIST                 area_wfp=74003964 ret_pc=70168732 real_wsp=700015A0 (was 74003950) shadow_wsp=700015A0 master_wfp=700015B4 depth=0
redirect seq=003843 caller=QUEST2 WSAVS DIST                 pc=70168717 area_wfp=74003964 argc=4 frame=0 real_wsp=700015AA shadow_wsp=700015B4 master_wfp=700015B4 ret=70166E20 depth=1
redirect seq=003847 caller=QUEST2 WRTN  DIST                 area_wfp=74003964 ret_pc=70168732 real_wsp=700015A0 (was 74003950) shadow_wsp=700015A0 master_wfp=700015B4 depth=0
redirect seq=003849 caller=QUEST2 WSAVS DIST                 pc=70168717 area_wfp=74003964 argc=4 frame=0 real_wsp=700015AA shadow_wsp=700015B4 master_wfp=700015B4 ret=70166E20 depth=1
redirect seq=003851 caller=QUEST2 WRTN  DIST                 area_wfp=74003964 ret_pc=70168732 real_wsp=700015A0 (was 74003950) shadow_wsp=700015A0 master_wfp=700015B4 depth=0
redirect seq=003853 caller=QUEST2 WSAVS DIST                 pc=70168717 area_wfp=74003964 argc=4 frame=0 real_wsp=700015AA shadow_wsp=700015B4 master_wfp=700015B4 ret=70166E20 depth=1
redirect seq=003855 caller=QUEST2 WRTN  DIST                 area_wfp=74003964 ret_pc=70168732 real_wsp=700015A0 (was 74003950) shadow_wsp=700015A0 master_wfp=700015B4 depth=0
redirect seq=003860 caller=QUEST2 WSAVS DIST                 pc=70168717 area_wfp=74003964 argc=4 frame=0 real_wsp=700015AA shadow_wsp=700015B4 master_wfp=700015B4 ret=70166E20 depth=1
redirect seq=003862 caller=QUEST2 WRTN  DIST                 area_wfp=74003964 ret_pc=70168732 real_wsp=700015A0 (was 74003950) shadow_wsp=700015A0 master_wfp=700015B4 depth=0
redirect seq=003864 caller=QUEST2 WSAVS DIST                 pc=70168717 area_wfp=74003964 argc=4 frame=0 real_wsp=700015AA shadow_wsp=700015B4 master_wfp=700015B4 ret=70166E20 depth=1
redirect seq=003866 caller=QUEST2 WRTN  DIST                 area_wfp=74003964 ret_pc=70168732 real_wsp=700015A0 (was 74003950) shadow_wsp=700015A0 master_wfp=700015B4 depth=0
redirect seq=003868 caller=QUEST2 WSAVS DIST                 pc=70168717 area_wfp=74003964 argc=4 frame=0 real_wsp=700015AA shadow_wsp=700015B4 master_wfp=700015B4 ret=70166E20 depth=1
redirect seq=003870 caller=QUEST2 WRTN  DIST                 area_wfp=74003964 ret_pc=70168732 real_wsp=700015A0 (was 74003950) shadow_wsp=700015A0 master_wfp=700015B4 depth=0
redirect seq=003874 caller=QUEST2 WSAVS DIST                 pc=70168717 area_wfp=74003964 argc=4 frame=0 real_wsp=700015AA shadow_wsp=700015B4 master_wfp=700015B4 ret=70166E20 depth=1
redirect seq=003876 caller=QUEST2 WRTN  DIST                 area_wfp=74003964 ret_pc=70168732 real_wsp=700015A0 (was 74003950) shadow_wsp=700015A0 master_wfp=700015B4 depth=0
redirect seq=003878 caller=QUEST2 WSAVS DIST                 pc=70168717 area_wfp=74003964 argc=4 frame=0 real_wsp=700015AA shadow_wsp=700015B4 master_wfp=700015B4 ret=70166E20 depth=1
redirect seq=003881 caller=QUEST2 WRTN  DIST                 area_wfp=74003964 ret_pc=70168732 real_wsp=700015A0 (was 74003950) shadow_wsp=700015A0 master_wfp=700015B4 depth=0
redirect seq=003883 caller=QUEST2 WSAVS DIST                 pc=70168717 area_wfp=74003964 argc=4 frame=0 real_wsp=700015AA shadow_wsp=700015B4 master_wfp=700015B4 ret=70166E20 depth=1
redirect seq=003885 caller=QUEST2 WRTN  DIST                 area_wfp=74003964 ret_pc=70168732 real_wsp=700015A0 (was 74003950) shadow_wsp=700015A0 master_wfp=700015B4 depth=0
redirect seq=003890 caller=QUEST2 WSAVS DIST                 pc=70168717 area_wfp=74003964 argc=4 frame=0 real_wsp=700015AA shadow_wsp=700015B4 master_wfp=700015B4 ret=70166E20 depth=1
redirect seq=003892 caller=QUEST2 WRTN  DIST                 area_wfp=74003964 ret_pc=70168732 real_wsp=700015A0 (was 74003950) shadow_wsp=700015A0 master_wfp=700015B4 depth=0
redirect seq=003894 caller=QUEST2 WSAVS DIST                 pc=70168717 area_wfp=74003964 argc=4 frame=0 real_wsp=700015AA shadow_wsp=700015B4 master_wfp=700015B4 ret=70166E20 depth=1
redirect seq=003896 caller=QUEST2 WRTN  DIST                 area_wfp=74003964 ret_pc=70168732 real_wsp=700015A0 (was 74003950) shadow_wsp=700015A0 master_wfp=700015B4 depth=0
redirect seq=003898 caller=QUEST2 WSAVS DIST                 pc=70168717 area_wfp=74003964 argc=4 frame=0 real_wsp=700015AA shadow_wsp=700015B4 master_wfp=700015B4 ret=70166E20 depth=1
redirect seq=003900 caller=QUEST2 WRTN  DIST                 area_wfp=74003964 ret_pc=70168732 real_wsp=700015A0 (was 74003950) shadow_wsp=700015A0 master_wfp=700015B4 depth=0
redirect seq=003904 caller=QUEST2 WSAVS DIST                 pc=70168717 area_wfp=74003964 argc=4 frame=0 real_wsp=700015AA shadow_wsp=700015B4 master_wfp=700015B4 ret=70166E20 depth=1
redirect seq=003906 caller=QUEST2 WRTN  DIST                 area_wfp=74003964 ret_pc=70168732 real_wsp=700015A0 (was 74003950) shadow_wsp=700015A0 master_wfp=700015B4 depth=0
redirect seq=003908 caller=QUEST2 WSAVS DIST                 pc=70168717 area_wfp=74003964 argc=4 frame=0 real_wsp=700015AA shadow_wsp=700015B4 master_wfp=700015B4 ret=70166E20 depth=1
redirect seq=003910 caller=QUEST2 WRTN  DIST                 area_wfp=74003964 ret_pc=70168732 real_wsp=700015A0 (was 74003950) shadow_wsp=700015A0 master_wfp=700015B4 depth=0
redirect seq=003913 caller=QUEST2 WSAVS DIST                 pc=70168717 area_wfp=74003964 argc=4 frame=0 real_wsp=700015AA shadow_wsp=700015B4 master_wfp=700015B4 ret=70166E20 depth=1
redirect seq=003915 caller=QUEST2 WRTN  DIST                 area_wfp=74003964 ret_pc=70168732 real_wsp=700015A0 (was 74003950) shadow_wsp=700015A0 master_wfp=700015B4 depth=0
redirect seq=003920 caller=QUEST2 WSAVS DIST                 pc=70168717 area_wfp=74003964 argc=4 frame=0 real_wsp=700015AA shadow_wsp=700015B4 master_wfp=700015B4 ret=70166E20 depth=1
redirect seq=003922 caller=QUEST2 WRTN  DIST                 area_wfp=74003964 ret_pc=70168732 real_wsp=700015A0 (was 74003950) shadow_wsp=700015A0 master_wfp=700015B4 depth=0
redirect seq=003924 caller=QUEST2 WSAVS DIST                 pc=70168717 area_wfp=74003964 argc=4 frame=0 real_wsp=700015AA shadow_wsp=700015B4 master_wfp=700015B4 ret=70166E20 depth=1
redirect seq=003926 caller=QUEST2 WRTN  DIST                 area_wfp=74003964 ret_pc=70168732 real_wsp=700015A0 (was 74003950) shadow_wsp=700015A0 master_wfp=700015B4 depth=0
redirect seq=003928 caller=QUEST2 WSAVS DIST                 pc=70168717 area_wfp=74003964 argc=4 frame=0 real_wsp=700015AA shadow_wsp=700015B4 master_wfp=700015B4 ret=70166E20 depth=1
redirect seq=003930 caller=QUEST2 WRTN  DIST                 area_wfp=74003964 ret_pc=70168732 real_wsp=700015A0 (was 74003950) shadow_wsp=700015A0 master_wfp=700015B4 depth=0
redirect seq=003935 caller=QUEST2 WSAVS DIST                 pc=70168717 area_wfp=74003964 argc=4 frame=0 real_wsp=700015AA shadow_wsp=700015B4 master_wfp=700015B4 ret=70166E20 depth=1
redirect seq=003937 caller=QUEST2 WRTN  DIST                 area_wfp=74003964 ret_pc=70168732 real_wsp=700015A0 (was 74003950) shadow_wsp=700015A0 master_wfp=700015B4 depth=0
redirect seq=003939 caller=QUEST2 WSAVS DIST                 pc=70168717 area_wfp=74003964 argc=4 frame=0 real_wsp=700015AA shadow_wsp=700015B4 master_wfp=700015B4 ret=70166E20 depth=1
redirect seq=003941 caller=QUEST2 WRTN  DIST                 area_wfp=74003964 ret_pc=70168732 real_wsp=700015A0 (was 74003950) shadow_wsp=700015A0 master_wfp=700015B4 depth=0
redirect seq=003943 caller=QUEST2 WSAVS DIST                 pc=70168717 area_wfp=74003964 argc=4 frame=0 real_wsp=700015AA shadow_wsp=700015B4 master_wfp=700015B4 ret=70166E20 depth=1
redirect seq=003945 caller=QUEST2 WRTN  DIST                 area_wfp=74003964 ret_pc=70168732 real_wsp=700015A0 (was 74003950) shadow_wsp=700015A0 master_wfp=700015B4 depth=0
redirect seq=003948 caller=QUEST2 WSAVS DIST                 pc=70168717 area_wfp=74003964 argc=4 frame=0 real_wsp=700015AA shadow_wsp=700015B4 master_wfp=700015B4 ret=70166E20 depth=1
redirect seq=003952 caller=QUEST2 WRTN  DIST                 area_wfp=74003964 ret_pc=70168732 real_wsp=700015A0 (was 74003950) shadow_wsp=700015A0 master_wfp=700015B4 depth=0
redirect seq=003954 caller=QUEST2 WSAVS DIST                 pc=70168717 area_wfp=74003964 argc=4 frame=0 real_wsp=700015AA shadow_wsp=700015B4 master_wfp=700015B4 ret=70166E20 depth=1
redirect seq=003956 caller=QUEST2 WRTN  DIST                 area_wfp=74003964 ret_pc=70168732 real_wsp=700015A0 (was 74003950) shadow_wsp=700015A0 master_wfp=700015B4 depth=0
redirect seq=003958 caller=QUEST2 WSAVS DIST                 pc=70168717 area_wfp=74003964 argc=4 frame=0 real_wsp=700015AA shadow_wsp=700015B4 master_wfp=700015B4 ret=70166E20 depth=1
redirect seq=003960 caller=QUEST2 WRTN  DIST                 area_wfp=74003964 ret_pc=70168732 real_wsp=700015A0 (was 74003950) shadow_wsp=700015A0 master_wfp=700015B4 depth=0
redirect seq=003965 caller=QUEST2 WSAVS DIST                 pc=70168717 area_wfp=74003964 argc=4 frame=0 real_wsp=700015AA shadow_wsp=700015B4 master_wfp=700015B4 ret=70166E20 depth=1
redirect seq=003967 caller=QUEST2 WRTN  DIST                 area_wfp=74003964 ret_pc=70168732 real_wsp=700015A0 (was 74003950) shadow_wsp=700015A0 master_wfp=700015B4 depth=0
redirect seq=003969 caller=QUEST2 WSAVS DIST                 pc=70168717 area_wfp=74003964 argc=4 frame=0 real_wsp=700015AA shadow_wsp=700015B4 master_wfp=700015B4 ret=70166E20 depth=1
redirect seq=003971 caller=QUEST2 WRTN  DIST                 area_wfp=74003964 ret_pc=70168732 real_wsp=700015A0 (was 74003950) shadow_wsp=700015A0 master_wfp=700015B4 depth=0
redirect seq=003973 caller=QUEST2 WSAVS DIST                 pc=70168717 area_wfp=74003964 argc=4 frame=0 real_wsp=700015AA shadow_wsp=700015B4 master_wfp=700015B4 ret=70166E20 depth=1
redirect seq=003975 caller=QUEST2 WRTN  DIST                 area_wfp=74003964 ret_pc=70168732 real_wsp=700015A0 (was 74003950) shadow_wsp=700015A0 master_wfp=700015B4 depth=0
redirect seq=003978 caller=QUEST2 WSAVS DIST                 pc=70168717 area_wfp=74003964 argc=4 frame=0 real_wsp=700015AA shadow_wsp=700015B4 master_wfp=700015B4 ret=70166E20 depth=1
redirect seq=003980 caller=QUEST2 WRTN  DIST                 area_wfp=74003964 ret_pc=70168732 real_wsp=700015A0 (was 74003950) shadow_wsp=700015A0 master_wfp=700015B4 depth=0
redirect seq=003984 caller=QUEST2 WSAVS DIST                 pc=70168717 area_wfp=74003964 argc=4 frame=0 real_wsp=700015AA shadow_wsp=700015B4 master_wfp=700015B4 ret=70166E20 depth=1
redirect seq=003986 caller=QUEST2 WRTN  DIST                 area_wfp=74003964 ret_pc=70168732 real_wsp=700015A0 (was 74003950) shadow_wsp=700015A0 master_wfp=700015B4 depth=0
redirect seq=003988 caller=QUEST2 WSAVS DIST                 pc=70168717 area_wfp=74003964 argc=4 frame=0 real_wsp=700015AA shadow_wsp=700015B4 master_wfp=700015B4 ret=70166E20 depth=1
redirect seq=003990 caller=QUEST2 WRTN  DIST                 area_wfp=74003964 ret_pc=70168732 real_wsp=700015A0 (was 74003950) shadow_wsp=700015A0 master_wfp=700015B4 depth=0
redirect seq=003995 caller=QUEST2 WSAVS DIST                 pc=70168717 area_wfp=74003964 argc=4 frame=0 real_wsp=700015AA shadow_wsp=700015B4 master_wfp=700015B4 ret=70166E20 depth=1
redirect seq=003997 caller=QUEST2 WRTN  DIST                 area_wfp=74003964 ret_pc=70168732 real_wsp=700015A0 (was 74003950) shadow_wsp=700015A0 master_wfp=700015B4 depth=0
redirect seq=003999 caller=QUEST2 WSAVS DIST                 pc=70168717 area_wfp=74003964 argc=4 frame=0 real_wsp=700015AA shadow_wsp=700015B4 master_wfp=700015B4 ret=70166E20 depth=1
redirect seq=004001 caller=QUEST2 WRTN  DIST                 area_wfp=74003964 ret_pc=70168732 real_wsp=700015A0 (was 74003950) shadow_wsp=700015A0 master_wfp=700015B4 depth=0
redirect seq=004003 caller=QUEST2 WSAVS DIST                 pc=70168717 area_wfp=74003964 argc=4 frame=0 real_wsp=700015AA shadow_wsp=700015B4 master_wfp=700015B4 ret=70166E20 depth=1
redirect seq=004005 caller=QUEST2 WRTN  DIST                 area_wfp=74003964 ret_pc=70168732 real_wsp=700015A0 (was 74003950) shadow_wsp=700015A0 master_wfp=700015B4 depth=0
redirect seq=004009 caller=QUEST2 WSAVS DIST                 pc=70168717 area_wfp=74003964 argc=4 frame=0 real_wsp=700015AA shadow_wsp=700015B4 master_wfp=700015B4 ret=70166E20 depth=1
redirect seq=004011 caller=QUEST2 WRTN  DIST                 area_wfp=74003964 ret_pc=70168732 real_wsp=700015A0 (was 74003950) shadow_wsp=700015A0 master_wfp=700015B4 depth=0
redirect seq=004013 caller=QUEST2 WSAVS DIST                 pc=70168717 area_wfp=74003964 argc=4 frame=0 real_wsp=700015AA shadow_wsp=700015B4 master_wfp=700015B4 ret=70166E20 depth=1
redirect seq=004015 caller=QUEST2 WRTN  DIST                 area_wfp=74003964 ret_pc=70168732 real_wsp=700015A0 (was 74003950) shadow_wsp=700015A0 master_wfp=700015B4 depth=0
redirect seq=004018 caller=QUEST2 WSAVS DIST                 pc=70168717 area_wfp=74003964 argc=4 frame=0 real_wsp=700015AA shadow_wsp=700015B4 master_wfp=700015B4 ret=70166E20 depth=1
redirect seq=004020 caller=QUEST2 WRTN  DIST                 area_wfp=74003964 ret_pc=70168732 real_wsp=700015A0 (was 74003950) shadow_wsp=700015A0 master_wfp=700015B4 depth=0
redirect seq=004025 caller=QUEST2 WSAVS DIST                 pc=70168717 area_wfp=74003964 argc=4 frame=0 real_wsp=700015AA shadow_wsp=700015B4 master_wfp=700015B4 ret=70166E20 depth=1
redirect seq=004027 caller=QUEST2 WRTN  DIST                 area_wfp=74003964 ret_pc=70168732 real_wsp=700015A0 (was 74003950) shadow_wsp=700015A0 master_wfp=700015B4 depth=0
redirect seq=004029 caller=QUEST2 WSAVS DIST                 pc=70168717 area_wfp=74003964 argc=4 frame=0 real_wsp=700015AA shadow_wsp=700015B4 master_wfp=700015B4 ret=70166E20 depth=1
redirect seq=004031 caller=QUEST2 WRTN  DIST                 area_wfp=74003964 ret_pc=70168732 real_wsp=700015A0 (was 74003950) shadow_wsp=700015A0 master_wfp=700015B4 depth=0
redirect seq=004033 caller=QUEST2 WSAVS DIST                 pc=70168717 area_wfp=74003964 argc=4 frame=0 real_wsp=700015AA shadow_wsp=700015B4 master_wfp=700015B4 ret=70166E20 depth=1
redirect seq=004035 caller=QUEST2 WRTN  DIST                 area_wfp=74003964 ret_pc=70168732 real_wsp=700015A0 (was 74003950) shadow_wsp=700015A0 master_wfp=700015B4 depth=0
redirect seq=004040 caller=QUEST2 WSAVS DIST                 pc=70168717 area_wfp=74003964 argc=4 frame=0 real_wsp=700015AA shadow_wsp=700015B4 master_wfp=700015B4 ret=70166E20 depth=1
redirect seq=004042 caller=QUEST2 WRTN  DIST                 area_wfp=74003964 ret_pc=70168732 real_wsp=700015A0 (was 74003950) shadow_wsp=700015A0 master_wfp=700015B4 depth=0
redirect seq=004044 caller=QUEST2 WSAVS DIST                 pc=70168717 area_wfp=74003964 argc=4 frame=0 real_wsp=700015AA shadow_wsp=700015B4 master_wfp=700015B4 ret=70166E20 depth=1
redirect seq=004046 caller=QUEST2 WRTN  DIST                 area_wfp=74003964 ret_pc=70168732 real_wsp=700015A0 (was 74003950) shadow_wsp=700015A0 master_wfp=700015B4 depth=0
redirect seq=004048 caller=QUEST2 WSAVS DIST                 pc=70168717 area_wfp=74003964 argc=4 frame=0 real_wsp=700015AA shadow_wsp=700015B4 master_wfp=700015B4 ret=70166E20 depth=1
redirect seq=004050 caller=QUEST2 WRTN  DIST                 area_wfp=74003964 ret_pc=70168732 real_wsp=700015A0 (was 74003950) shadow_wsp=700015A0 master_wfp=700015B4 depth=0
redirect seq=004053 caller=QUEST2 WSAVS DIST                 pc=70168717 area_wfp=74003964 argc=4 frame=0 real_wsp=700015AA shadow_wsp=700015B4 master_wfp=700015B4 ret=70166E20 depth=1
redirect seq=004057 caller=QUEST2 WRTN  DIST                 area_wfp=74003964 ret_pc=70168732 real_wsp=700015A0 (was 74003950) shadow_wsp=700015A0 master_wfp=700015B4 depth=0
redirect seq=004059 caller=QUEST2 WSAVS DIST                 pc=70168717 area_wfp=74003964 argc=4 frame=0 real_wsp=700015AA shadow_wsp=700015B4 master_wfp=700015B4 ret=70166E20 depth=1
redirect seq=004061 caller=QUEST2 WRTN  DIST                 area_wfp=74003964 ret_pc=70168732 real_wsp=700015A0 (was 74003950) shadow_wsp=700015A0 master_wfp=700015B4 depth=0
redirect seq=004063 caller=QUEST2 WSAVS DIST                 pc=70168717 area_wfp=74003964 argc=4 frame=0 real_wsp=700015AA shadow_wsp=700015B4 master_wfp=700015B4 ret=70166E20 depth=1
redirect seq=004065 caller=QUEST2 WRTN  DIST                 area_wfp=74003964 ret_pc=70168732 real_wsp=700015A0 (was 74003950) shadow_wsp=700015A0 master_wfp=700015B4 depth=0
redirect seq=004070 caller=QUEST2 WSAVS DIST                 pc=70168717 area_wfp=74003964 argc=4 frame=0 real_wsp=700015AA shadow_wsp=700015B4 master_wfp=700015B4 ret=70166E20 depth=1
redirect seq=004072 caller=QUEST2 WRTN  DIST                 area_wfp=74003964 ret_pc=70168732 real_wsp=700015A0 (was 74003950) shadow_wsp=700015A0 master_wfp=700015B4 depth=0
redirect seq=004074 caller=QUEST2 WSAVS DIST                 pc=70168717 area_wfp=74003964 argc=4 frame=0 real_wsp=700015AA shadow_wsp=700015B4 master_wfp=700015B4 ret=70166E20 depth=1
redirect seq=004076 caller=QUEST2 WRTN  DIST                 area_wfp=74003964 ret_pc=70168732 real_wsp=700015A0 (was 74003950) shadow_wsp=700015A0 master_wfp=700015B4 depth=0
redirect seq=004078 caller=QUEST2 WSAVS DIST                 pc=70168717 area_wfp=74003964 argc=4 frame=0 real_wsp=700015AA shadow_wsp=700015B4 master_wfp=700015B4 ret=70166E20 depth=1
redirect seq=004080 caller=QUEST2 WRTN  DIST                 area_wfp=74003964 ret_pc=70168732 real_wsp=700015A0 (was 74003950) shadow_wsp=700015A0 master_wfp=700015B4 depth=0
redirect seq=004084 caller=QUEST2 WSAVS DIST                 pc=70168717 area_wfp=74003964 argc=4 frame=0 real_wsp=700015AA shadow_wsp=700015B4 master_wfp=700015B4 ret=70166E20 depth=1
redirect seq=004086 caller=QUEST2 WRTN  DIST                 area_wfp=74003964 ret_pc=70168732 real_wsp=700015A0 (was 74003950) shadow_wsp=700015A0 master_wfp=700015B4 depth=0
redirect seq=004088 caller=QUEST2 WSAVS DIST                 pc=70168717 area_wfp=74003964 argc=4 frame=0 real_wsp=700015AA shadow_wsp=700015B4 master_wfp=700015B4 ret=70166E20 depth=1
redirect seq=004090 caller=QUEST2 WRTN  DIST                 area_wfp=74003964 ret_pc=70168732 real_wsp=700015A0 (was 74003950) shadow_wsp=700015A0 master_wfp=700015B4 depth=0
redirect seq=004093 caller=QUEST2 WSAVS DIST                 pc=70168717 area_wfp=74003964 argc=4 frame=0 real_wsp=700015AA shadow_wsp=700015B4 master_wfp=700015B4 ret=70166E20 depth=1
redirect seq=004095 caller=QUEST2 WRTN  DIST                 area_wfp=74003964 ret_pc=70168732 real_wsp=700015A0 (was 74003950) shadow_wsp=700015A0 master_wfp=700015B4 depth=0
redirect seq=004100 caller=QUEST2 WSAVS DIST                 pc=70168717 area_wfp=74003964 argc=4 frame=0 real_wsp=700015AA shadow_wsp=700015B4 master_wfp=700015B4 ret=70166E20 depth=1
redirect seq=004102 caller=QUEST2 WRTN  DIST                 area_wfp=74003964 ret_pc=70168732 real_wsp=700015A0 (was 74003950) shadow_wsp=700015A0 master_wfp=700015B4 depth=0
redirect seq=004104 caller=QUEST2 WSAVS DIST                 pc=70168717 area_wfp=74003964 argc=4 frame=0 real_wsp=700015AA shadow_wsp=700015B4 master_wfp=700015B4 ret=70166E20 depth=1
redirect seq=004106 caller=QUEST2 WRTN  DIST                 area_wfp=74003964 ret_pc=70168732 real_wsp=700015A0 (was 74003950) shadow_wsp=700015A0 master_wfp=700015B4 depth=0
redirect seq=004108 caller=QUEST2 WSAVS DIST                 pc=70168717 area_wfp=74003964 argc=4 frame=0 real_wsp=700015AA shadow_wsp=700015B4 master_wfp=700015B4 ret=70166E20 depth=1
redirect seq=004110 caller=QUEST2 WRTN  DIST                 area_wfp=74003964 ret_pc=70168732 real_wsp=700015A0 (was 74003950) shadow_wsp=700015A0 master_wfp=700015B4 depth=0
redirect seq=004115 caller=QUEST2 WSAVS DIST                 pc=70168717 area_wfp=74003964 argc=4 frame=0 real_wsp=700015AA shadow_wsp=700015B4 master_wfp=700015B4 ret=70166E20 depth=1
redirect seq=004117 caller=QUEST2 WRTN  DIST                 area_wfp=74003964 ret_pc=70168732 real_wsp=700015A0 (was 74003950) shadow_wsp=700015A0 master_wfp=700015B4 depth=0
redirect seq=004119 caller=QUEST2 WSAVS DIST                 pc=70168717 area_wfp=74003964 argc=4 frame=0 real_wsp=700015AA shadow_wsp=700015B4 master_wfp=700015B4 ret=70166E20 depth=1
redirect seq=004121 caller=QUEST2 WRTN  DIST                 area_wfp=74003964 ret_pc=70168732 real_wsp=700015A0 (was 74003950) shadow_wsp=700015A0 master_wfp=700015B4 depth=0
redirect seq=004123 caller=QUEST2 WSAVS DIST                 pc=70168717 area_wfp=74003964 argc=4 frame=0 real_wsp=700015AA shadow_wsp=700015B4 master_wfp=700015B4 ret=70166E20 depth=1
redirect seq=004125 caller=QUEST2 WRTN  DIST                 area_wfp=74003964 ret_pc=70168732 real_wsp=700015A0 (was 74003950) shadow_wsp=700015A0 master_wfp=700015B4 depth=0
redirect seq=004128 caller=QUEST2 WSAVS DIST                 pc=70168717 area_wfp=74003964 argc=4 frame=0 real_wsp=700015AA shadow_wsp=700015B4 master_wfp=700015B4 ret=70166E20 depth=1
redirect seq=004130 caller=QUEST2 WRTN  DIST                 area_wfp=74003964 ret_pc=70168732 real_wsp=700015A0 (was 74003950) shadow_wsp=700015A0 master_wfp=700015B4 depth=0
redirect seq=004134 caller=QUEST2 WSAVS DIST                 pc=70168717 area_wfp=74003964 argc=4 frame=0 real_wsp=700015AA shadow_wsp=700015B4 master_wfp=700015B4 ret=70166E20 depth=1
redirect seq=004136 caller=QUEST2 WRTN  DIST                 area_wfp=74003964 ret_pc=70168732 real_wsp=700015A0 (was 74003950) shadow_wsp=700015A0 master_wfp=700015B4 depth=0
redirect seq=004138 caller=QUEST2 WSAVS DIST                 pc=70168717 area_wfp=74003964 argc=4 frame=0 real_wsp=700015AA shadow_wsp=700015B4 master_wfp=700015B4 ret=70166E20 depth=1
redirect seq=004140 caller=QUEST2 WRTN  DIST                 area_wfp=74003964 ret_pc=70168732 real_wsp=700015A0 (was 74003950) shadow_wsp=700015A0 master_wfp=700015B4 depth=0
redirect seq=004145 caller=QUEST2 WSAVS DIST                 pc=70168717 area_wfp=74003964 argc=4 frame=0 real_wsp=700015AA shadow_wsp=700015B4 master_wfp=700015B4 ret=70166E20 depth=1
redirect seq=004147 caller=QUEST2 WRTN  DIST                 area_wfp=74003964 ret_pc=70168732 real_wsp=700015A0 (was 74003950) shadow_wsp=700015A0 master_wfp=700015B4 depth=0
redirect seq=004149 caller=QUEST2 WSAVS DIST                 pc=70168717 area_wfp=74003964 argc=4 frame=0 real_wsp=700015AA shadow_wsp=700015B4 master_wfp=700015B4 ret=70166E20 depth=1
redirect seq=004151 caller=QUEST2 WRTN  DIST                 area_wfp=74003964 ret_pc=70168732 real_wsp=700015A0 (was 74003950) shadow_wsp=700015A0 master_wfp=700015B4 depth=0
redirect seq=004153 caller=QUEST2 WSAVS DIST                 pc=70168717 area_wfp=74003964 argc=4 frame=0 real_wsp=700015AA shadow_wsp=700015B4 master_wfp=700015B4 ret=70166E20 depth=1
redirect seq=004155 caller=QUEST2 WRTN  DIST                 area_wfp=74003964 ret_pc=70168732 real_wsp=700015A0 (was 74003950) shadow_wsp=700015A0 master_wfp=700015B4 depth=0
redirect seq=004160 caller=QUEST2 WSAVS DIST                 pc=70168717 area_wfp=74003964 argc=4 frame=0 real_wsp=700015AA shadow_wsp=700015B4 master_wfp=700015B4 ret=70166E20 depth=1
redirect seq=004162 caller=QUEST2 WRTN  DIST                 area_wfp=74003964 ret_pc=70168732 real_wsp=700015A0 (was 74003950) shadow_wsp=700015A0 master_wfp=700015B4 depth=0
redirect seq=004164 caller=QUEST2 WSAVS DIST                 pc=70168717 area_wfp=74003964 argc=4 frame=0 real_wsp=700015AA shadow_wsp=700015B4 master_wfp=700015B4 ret=70166E20 depth=1
redirect seq=004166 caller=QUEST2 WRTN  DIST                 area_wfp=74003964 ret_pc=70168732 real_wsp=700015A0 (was 74003950) shadow_wsp=700015A0 master_wfp=700015B4 depth=0
redirect seq=004168 caller=QUEST2 WSAVS DIST                 pc=70168717 area_wfp=74003964 argc=4 frame=0 real_wsp=700015AA shadow_wsp=700015B4 master_wfp=700015B4 ret=70166E20 depth=1
redirect seq=004171 caller=QUEST2 WRTN  DIST                 area_wfp=74003964 ret_pc=70168732 real_wsp=700015A0 (was 74003950) shadow_wsp=700015A0 master_wfp=700015B4 depth=0
redirect seq=004173 caller=QUEST2 WSAVS DIST                 pc=70168717 area_wfp=74003964 argc=4 frame=0 real_wsp=700015AA shadow_wsp=700015B4 master_wfp=700015B4 ret=70166E20 depth=1
redirect seq=004177 caller=QUEST2 WRTN  DIST                 area_wfp=74003964 ret_pc=70168732 real_wsp=700015A0 (was 74003950) shadow_wsp=700015A0 master_wfp=700015B4 depth=0
redirect seq=004179 caller=QUEST2 WSAVS DIST                 pc=70168717 area_wfp=74003964 argc=4 frame=0 real_wsp=700015AA shadow_wsp=700015B4 master_wfp=700015B4 ret=70166E20 depth=1
redirect seq=004181 caller=QUEST2 WRTN  DIST                 area_wfp=74003964 ret_pc=70168732 real_wsp=700015A0 (was 74003950) shadow_wsp=700015A0 master_wfp=700015B4 depth=0
redirect seq=004183 caller=QUEST2 WSAVS DIST                 pc=70168717 area_wfp=74003964 argc=4 frame=0 real_wsp=700015AA shadow_wsp=700015B4 master_wfp=700015B4 ret=70166E20 depth=1
redirect seq=004185 caller=QUEST2 WRTN  DIST                 area_wfp=74003964 ret_pc=70168732 real_wsp=700015A0 (was 74003950) shadow_wsp=700015A0 master_wfp=700015B4 depth=0
redirect seq=004190 caller=QUEST2 WSAVS DIST                 pc=70168717 area_wfp=74003964 argc=4 frame=0 real_wsp=700015AA shadow_wsp=700015B4 master_wfp=700015B4 ret=70166E20 depth=1
redirect seq=004192 caller=QUEST2 WRTN  DIST                 area_wfp=74003964 ret_pc=70168732 real_wsp=700015A0 (was 74003950) shadow_wsp=700015A0 master_wfp=700015B4 depth=0
redirect seq=004194 caller=QUEST2 WSAVS DIST                 pc=70168717 area_wfp=74003964 argc=4 frame=0 real_wsp=700015AA shadow_wsp=700015B4 master_wfp=700015B4 ret=70166E20 depth=1
redirect seq=004196 caller=QUEST2 WRTN  DIST                 area_wfp=74003964 ret_pc=70168732 real_wsp=700015A0 (was 74003950) shadow_wsp=700015A0 master_wfp=700015B4 depth=0
redirect seq=004198 caller=QUEST2 WSAVS DIST                 pc=70168717 area_wfp=74003964 argc=4 frame=0 real_wsp=700015AA shadow_wsp=700015B4 master_wfp=700015B4 ret=70166E20 depth=1
redirect seq=004200 caller=QUEST2 WRTN  DIST                 area_wfp=74003964 ret_pc=70168732 real_wsp=700015A0 (was 74003950) shadow_wsp=700015A0 master_wfp=700015B4 depth=0
redirect seq=004204 caller=QUEST2 WSAVS DIST                 pc=70168717 area_wfp=74003964 argc=4 frame=0 real_wsp=700015AA shadow_wsp=700015B4 master_wfp=700015B4 ret=70166E20 depth=1
redirect seq=004206 caller=QUEST2 WRTN  DIST                 area_wfp=74003964 ret_pc=70168732 real_wsp=700015A0 (was 74003950) shadow_wsp=700015A0 master_wfp=700015B4 depth=0
redirect seq=004208 caller=QUEST2 WSAVS DIST                 pc=70168717 area_wfp=74003964 argc=4 frame=0 real_wsp=700015AA shadow_wsp=700015B4 master_wfp=700015B4 ret=70166E20 depth=1
redirect seq=004211 caller=QUEST2 WRTN  DIST                 area_wfp=74003964 ret_pc=70168732 real_wsp=700015A0 (was 74003950) shadow_wsp=700015A0 master_wfp=700015B4 depth=0
redirect seq=004213 caller=QUEST2 WSAVS DIST                 pc=70168717 area_wfp=74003964 argc=4 frame=0 real_wsp=700015AA shadow_wsp=700015B4 master_wfp=700015B4 ret=70166E20 depth=1
redirect seq=004215 caller=QUEST2 WRTN  DIST                 area_wfp=74003964 ret_pc=70168732 real_wsp=700015A0 (was 74003950) shadow_wsp=700015A0 master_wfp=700015B4 depth=0
redirect seq=004220 caller=QUEST2 WSAVS DIST                 pc=70168717 area_wfp=74003964 argc=4 frame=0 real_wsp=700015AA shadow_wsp=700015B4 master_wfp=700015B4 ret=70166E20 depth=1
redirect seq=004222 caller=QUEST2 WRTN  DIST                 area_wfp=74003964 ret_pc=70168732 real_wsp=700015A0 (was 74003950) shadow_wsp=700015A0 master_wfp=700015B4 depth=0
redirect seq=004224 caller=QUEST2 WSAVS DIST                 pc=70168717 area_wfp=74003964 argc=4 frame=0 real_wsp=700015AA shadow_wsp=700015B4 master_wfp=700015B4 ret=70166E20 depth=1
redirect seq=004226 caller=QUEST2 WRTN  DIST                 area_wfp=74003964 ret_pc=70168732 real_wsp=700015A0 (was 74003950) shadow_wsp=700015A0 master_wfp=700015B4 depth=0
redirect seq=004228 caller=QUEST2 WSAVS DIST                 pc=70168717 area_wfp=74003964 argc=4 frame=0 real_wsp=700015AA shadow_wsp=700015B4 master_wfp=700015B4 ret=70166E20 depth=1
redirect seq=004230 caller=QUEST2 WRTN  DIST                 area_wfp=74003964 ret_pc=70168732 real_wsp=700015A0 (was 74003950) shadow_wsp=700015A0 master_wfp=700015B4 depth=0
redirect seq=004234 caller=QUEST2 WSAVS DIST                 pc=70168717 area_wfp=74003964 argc=4 frame=0 real_wsp=700015AA shadow_wsp=700015B4 master_wfp=700015B4 ret=70166E20 depth=1
redirect seq=004236 caller=QUEST2 WRTN  DIST                 area_wfp=74003964 ret_pc=70168732 real_wsp=700015A0 (was 74003950) shadow_wsp=700015A0 master_wfp=700015B4 depth=0
redirect seq=004238 caller=QUEST2 WSAVS DIST                 pc=70168717 area_wfp=74003964 argc=4 frame=0 real_wsp=700015AA shadow_wsp=700015B4 master_wfp=700015B4 ret=70166E20 depth=1
redirect seq=004240 caller=QUEST2 WRTN  DIST                 area_wfp=74003964 ret_pc=70168732 real_wsp=700015A0 (was 74003950) shadow_wsp=700015A0 master_wfp=700015B4 depth=0
redirect seq=004243 caller=QUEST2 WSAVS DIST                 pc=70168717 area_wfp=74003964 argc=4 frame=0 real_wsp=700015AA shadow_wsp=700015B4 master_wfp=700015B4 ret=70166E20 depth=1
redirect seq=004245 caller=QUEST2 WRTN  DIST                 area_wfp=74003964 ret_pc=70168732 real_wsp=700015A0 (was 74003950) shadow_wsp=700015A0 master_wfp=700015B4 depth=0
redirect seq=004250 caller=QUEST2 WSAVS DIST                 pc=70168717 area_wfp=74003964 argc=4 frame=0 real_wsp=700015AA shadow_wsp=700015B4 master_wfp=700015B4 ret=70166E20 depth=1
redirect seq=004252 caller=QUEST2 WRTN  DIST                 area_wfp=74003964 ret_pc=70168732 real_wsp=700015A0 (was 74003950) shadow_wsp=700015A0 master_wfp=700015B4 depth=0
redirect seq=004254 caller=QUEST2 WSAVS DIST                 pc=70168717 area_wfp=74003964 argc=4 frame=0 real_wsp=700015AA shadow_wsp=700015B4 master_wfp=700015B4 ret=70166E20 depth=1
redirect seq=004256 caller=QUEST2 WRTN  DIST                 area_wfp=74003964 ret_pc=70168732 real_wsp=700015A0 (was 74003950) shadow_wsp=700015A0 master_wfp=700015B4 depth=0
redirect seq=004258 caller=QUEST2 WSAVS DIST                 pc=70168717 area_wfp=74003964 argc=4 frame=0 real_wsp=700015AA shadow_wsp=700015B4 master_wfp=700015B4 ret=70166E20 depth=1
redirect seq=004260 caller=QUEST2 WRTN  DIST                 area_wfp=74003964 ret_pc=70168732 real_wsp=700015A0 (was 74003950) shadow_wsp=700015A0 master_wfp=700015B4 depth=0
redirect seq=004265 caller=QUEST2 WSAVS DIST                 pc=70168717 area_wfp=74003964 argc=4 frame=0 real_wsp=700015AA shadow_wsp=700015B4 master_wfp=700015B4 ret=70166E20 depth=1
redirect seq=004267 caller=QUEST2 WRTN  DIST                 area_wfp=74003964 ret_pc=70168732 real_wsp=700015A0 (was 74003950) shadow_wsp=700015A0 master_wfp=700015B4 depth=0
redirect seq=004269 caller=QUEST2 WSAVS DIST                 pc=70168717 area_wfp=74003964 argc=4 frame=0 real_wsp=700015AA shadow_wsp=700015B4 master_wfp=700015B4 ret=70166E20 depth=1
redirect seq=004271 caller=QUEST2 WRTN  DIST                 area_wfp=74003964 ret_pc=70168732 real_wsp=700015A0 (was 74003950) shadow_wsp=700015A0 master_wfp=700015B4 depth=0
redirect seq=004273 caller=QUEST2 WSAVS DIST                 pc=70168717 area_wfp=74003964 argc=4 frame=0 real_wsp=700015AA shadow_wsp=700015B4 master_wfp=700015B4 ret=70166E20 depth=1
redirect seq=004275 caller=QUEST2 WRTN  DIST                 area_wfp=74003964 ret_pc=70168732 real_wsp=700015A0 (was 74003950) shadow_wsp=700015A0 master_wfp=700015B4 depth=0
redirect seq=004279 caller=QUEST2 WSAVS DIST                 pc=70168717 area_wfp=74003964 argc=4 frame=0 real_wsp=700015AA shadow_wsp=700015B4 master_wfp=700015B4 ret=70166E20 depth=1
redirect seq=004281 caller=QUEST2 WRTN  DIST                 area_wfp=74003964 ret_pc=70168732 real_wsp=700015A0 (was 74003950) shadow_wsp=700015A0 master_wfp=700015B4 depth=0
redirect seq=004284 caller=QUEST2 WSAVS DIST                 pc=70168717 area_wfp=74003964 argc=4 frame=0 real_wsp=700015AA shadow_wsp=700015B4 master_wfp=700015B4 ret=70166E20 depth=1
redirect seq=004286 caller=QUEST2 WRTN  DIST                 area_wfp=74003964 ret_pc=70168732 real_wsp=700015A0 (was 74003950) shadow_wsp=700015A0 master_wfp=700015B4 depth=0
redirect seq=004288 caller=QUEST2 WSAVS DIST                 pc=70168717 area_wfp=74003964 argc=4 frame=0 real_wsp=700015AA shadow_wsp=700015B4 master_wfp=700015B4 ret=70166E20 depth=1
redirect seq=004290 caller=QUEST2 WRTN  DIST                 area_wfp=74003964 ret_pc=70168732 real_wsp=700015A0 (was 74003950) shadow_wsp=700015A0 master_wfp=700015B4 depth=0
redirect seq=004295 caller=QUEST2 WSAVS DIST                 pc=70168717 area_wfp=74003964 argc=4 frame=0 real_wsp=700015AA shadow_wsp=700015B4 master_wfp=700015B4 ret=70166E20 depth=1
redirect seq=004297 caller=QUEST2 WRTN  DIST                 area_wfp=74003964 ret_pc=70168732 real_wsp=700015A0 (was 74003950) shadow_wsp=700015A0 master_wfp=700015B4 depth=0
redirect seq=004299 caller=QUEST2 WSAVS DIST                 pc=70168717 area_wfp=74003964 argc=4 frame=0 real_wsp=700015AA shadow_wsp=700015B4 master_wfp=700015B4 ret=70166E20 depth=1
redirect seq=004301 caller=QUEST2 WRTN  DIST                 area_wfp=74003964 ret_pc=70168732 real_wsp=700015A0 (was 74003950) shadow_wsp=700015A0 master_wfp=700015B4 depth=0
redirect seq=004303 caller=QUEST2 WSAVS DIST                 pc=70168717 area_wfp=74003964 argc=4 frame=0 real_wsp=700015AA shadow_wsp=700015B4 master_wfp=700015B4 ret=70166E20 depth=1
redirect seq=004305 caller=QUEST2 WRTN  DIST                 area_wfp=74003964 ret_pc=70168732 real_wsp=700015A0 (was 74003950) shadow_wsp=700015A0 master_wfp=700015B4 depth=0
redirect seq=004310 caller=QUEST2 WSAVS DIST                 pc=70168717 area_wfp=74003964 argc=4 frame=0 real_wsp=700015AA shadow_wsp=700015B4 master_wfp=700015B4 ret=70166E20 depth=1
redirect seq=004312 caller=QUEST2 WRTN  DIST                 area_wfp=74003964 ret_pc=70168732 real_wsp=700015A0 (was 74003950) shadow_wsp=700015A0 master_wfp=700015B4 depth=0
redirect seq=004314 caller=QUEST2 WSAVS DIST                 pc=70168717 area_wfp=74003964 argc=4 frame=0 real_wsp=700015AA shadow_wsp=700015B4 master_wfp=700015B4 ret=70166E20 depth=1
redirect seq=004316 caller=QUEST2 WRTN  DIST                 area_wfp=74003964 ret_pc=70168732 real_wsp=700015A0 (was 74003950) shadow_wsp=700015A0 master_wfp=700015B4 depth=0
redirect seq=004318 caller=QUEST2 WSAVS DIST                 pc=70168717 area_wfp=74003964 argc=4 frame=0 real_wsp=700015AA shadow_wsp=700015B4 master_wfp=700015B4 ret=70166E20 depth=1
redirect seq=004321 caller=QUEST2 WRTN  DIST                 area_wfp=74003964 ret_pc=70168732 real_wsp=700015A0 (was 74003950) shadow_wsp=700015A0 master_wfp=700015B4 depth=0
redirect seq=004323 caller=QUEST2 WSAVS DIST                 pc=70168717 area_wfp=74003964 argc=4 frame=0 real_wsp=700015AA shadow_wsp=700015B4 master_wfp=700015B4 ret=70166E20 depth=1
redirect seq=004327 caller=QUEST2 WRTN  DIST                 area_wfp=74003964 ret_pc=70168732 real_wsp=700015A0 (was 74003950) shadow_wsp=700015A0 master_wfp=700015B4 depth=0
redirect seq=004329 caller=QUEST2 WSAVS DIST                 pc=70168717 area_wfp=74003964 argc=4 frame=0 real_wsp=700015AA shadow_wsp=700015B4 master_wfp=700015B4 ret=70166E20 depth=1
redirect seq=004331 caller=QUEST2 WRTN  DIST                 area_wfp=74003964 ret_pc=70168732 real_wsp=700015A0 (was 74003950) shadow_wsp=700015A0 master_wfp=700015B4 depth=0
redirect seq=004333 caller=QUEST2 WSAVS DIST                 pc=70168717 area_wfp=74003964 argc=4 frame=0 real_wsp=700015AA shadow_wsp=700015B4 master_wfp=700015B4 ret=70166E20 depth=1
redirect seq=004335 caller=QUEST2 WRTN  DIST                 area_wfp=74003964 ret_pc=70168732 real_wsp=700015A0 (was 74003950) shadow_wsp=700015A0 master_wfp=700015B4 depth=0
redirect seq=004340 caller=QUEST2 WSAVS DIST                 pc=70168717 area_wfp=74003964 argc=4 frame=0 real_wsp=700015AA shadow_wsp=700015B4 master_wfp=700015B4 ret=70166E20 depth=1
redirect seq=004342 caller=QUEST2 WRTN  DIST                 area_wfp=74003964 ret_pc=70168732 real_wsp=700015A0 (was 74003950) shadow_wsp=700015A0 master_wfp=700015B4 depth=0
redirect seq=004344 caller=QUEST2 WSAVS DIST                 pc=70168717 area_wfp=74003964 argc=4 frame=0 real_wsp=700015AA shadow_wsp=700015B4 master_wfp=700015B4 ret=70166E20 depth=1
redirect seq=004346 caller=QUEST2 WRTN  DIST                 area_wfp=74003964 ret_pc=70168732 real_wsp=700015A0 (was 74003950) shadow_wsp=700015A0 master_wfp=700015B4 depth=0
redirect seq=004348 caller=QUEST2 WSAVS DIST                 pc=70168717 area_wfp=74003964 argc=4 frame=0 real_wsp=700015AA shadow_wsp=700015B4 master_wfp=700015B4 ret=70166E20 depth=1
redirect seq=004350 caller=QUEST2 WRTN  DIST                 area_wfp=74003964 ret_pc=70168732 real_wsp=700015A0 (was 74003950) shadow_wsp=700015A0 master_wfp=700015B4 depth=0
redirect seq=004354 caller=QUEST2 WSAVS DIST                 pc=70168717 area_wfp=74003964 argc=4 frame=0 real_wsp=700015AA shadow_wsp=700015B4 master_wfp=700015B4 ret=70166E20 depth=1
redirect seq=004356 caller=QUEST2 WRTN  DIST                 area_wfp=74003964 ret_pc=70168732 real_wsp=700015A0 (was 74003950) shadow_wsp=700015A0 master_wfp=700015B4 depth=0
redirect seq=004358 caller=QUEST2 WSAVS DIST                 pc=70168717 area_wfp=74003964 argc=4 frame=0 real_wsp=700015AA shadow_wsp=700015B4 master_wfp=700015B4 ret=70166E20 depth=1
redirect seq=004360 caller=QUEST2 WRTN  DIST                 area_wfp=74003964 ret_pc=70168732 real_wsp=700015A0 (was 74003950) shadow_wsp=700015A0 master_wfp=700015B4 depth=0
redirect seq=004363 caller=QUEST2 WSAVS DIST                 pc=70168717 area_wfp=74003964 argc=4 frame=0 real_wsp=700015AA shadow_wsp=700015B4 master_wfp=700015B4 ret=70166E20 depth=1
redirect seq=004365 caller=QUEST2 WRTN  DIST                 area_wfp=74003964 ret_pc=70168732 real_wsp=700015A0 (was 74003950) shadow_wsp=700015A0 master_wfp=700015B4 depth=0
redirect seq=004370 caller=QUEST2 WSAVS DIST                 pc=70168717 area_wfp=74003964 argc=4 frame=0 real_wsp=700015AA shadow_wsp=700015B4 master_wfp=700015B4 ret=70166E20 depth=1
redirect seq=004372 caller=QUEST2 WRTN  DIST                 area_wfp=74003964 ret_pc=70168732 real_wsp=700015A0 (was 74003950) shadow_wsp=700015A0 master_wfp=700015B4 depth=0
redirect seq=004374 caller=QUEST2 WSAVS DIST                 pc=70168717 area_wfp=74003964 argc=4 frame=0 real_wsp=700015AA shadow_wsp=700015B4 master_wfp=700015B4 ret=70166E20 depth=1
redirect seq=004376 caller=QUEST2 WRTN  DIST                 area_wfp=74003964 ret_pc=70168732 real_wsp=700015A0 (was 74003950) shadow_wsp=700015A0 master_wfp=700015B4 depth=0
redirect seq=004378 caller=QUEST2 WSAVS DIST                 pc=70168717 area_wfp=74003964 argc=4 frame=0 real_wsp=700015AA shadow_wsp=700015B4 master_wfp=700015B4 ret=70166E20 depth=1
redirect seq=004380 caller=QUEST2 WRTN  DIST                 area_wfp=74003964 ret_pc=70168732 real_wsp=700015A0 (was 74003950) shadow_wsp=700015A0 master_wfp=700015B4 depth=0
redirect seq=004384 caller=QUEST2 WSAVS DIST                 pc=70168717 area_wfp=74003964 argc=4 frame=0 real_wsp=700015AA shadow_wsp=700015B4 master_wfp=700015B4 ret=70166E20 depth=1
redirect seq=004386 caller=QUEST2 WRTN  DIST                 area_wfp=74003964 ret_pc=70168732 real_wsp=700015A0 (was 74003950) shadow_wsp=700015A0 master_wfp=700015B4 depth=0
redirect seq=004388 caller=QUEST2 WSAVS DIST                 pc=70168717 area_wfp=74003964 argc=4 frame=0 real_wsp=700015AA shadow_wsp=700015B4 master_wfp=700015B4 ret=70166E20 depth=1
redirect seq=004390 caller=QUEST2 WRTN  DIST                 area_wfp=74003964 ret_pc=70168732 real_wsp=700015A0 (was 74003950) shadow_wsp=700015A0 master_wfp=700015B4 depth=0
redirect seq=004393 caller=QUEST2 WSAVS DIST                 pc=70168717 area_wfp=74003964 argc=4 frame=0 real_wsp=700015AA shadow_wsp=700015B4 master_wfp=700015B4 ret=70166E20 depth=1
redirect seq=004395 caller=QUEST2 WRTN  DIST                 area_wfp=74003964 ret_pc=70168732 real_wsp=700015A0 (was 74003950) shadow_wsp=700015A0 master_wfp=700015B4 depth=0
redirect seq=004400 caller=QUEST2 WSAVS DIST                 pc=70168717 area_wfp=74003964 argc=4 frame=0 real_wsp=700015AA shadow_wsp=700015B4 master_wfp=700015B4 ret=70166E20 depth=1
redirect seq=004402 caller=QUEST2 WRTN  DIST                 area_wfp=74003964 ret_pc=70168732 real_wsp=700015A0 (was 74003950) shadow_wsp=700015A0 master_wfp=700015B4 depth=0
redirect seq=004404 caller=QUEST2 WSAVS DIST                 pc=70168717 area_wfp=74003964 argc=4 frame=0 real_wsp=700015AA shadow_wsp=700015B4 master_wfp=700015B4 ret=70166E20 depth=1
redirect seq=004406 caller=QUEST2 WRTN  DIST                 area_wfp=74003964 ret_pc=70168732 real_wsp=700015A0 (was 74003950) shadow_wsp=700015A0 master_wfp=700015B4 depth=0
redirect seq=004408 caller=QUEST2 WSAVS DIST                 pc=70168717 area_wfp=74003964 argc=4 frame=0 real_wsp=700015AA shadow_wsp=700015B4 master_wfp=700015B4 ret=70166E20 depth=1
redirect seq=004410 caller=QUEST2 WRTN  DIST                 area_wfp=74003964 ret_pc=70168732 real_wsp=700015A0 (was 74003950) shadow_wsp=700015A0 master_wfp=700015B4 depth=0
redirect seq=004415 caller=QUEST2 WSAVS DIST                 pc=70168717 area_wfp=74003964 argc=4 frame=0 real_wsp=700015AA shadow_wsp=700015B4 master_wfp=700015B4 ret=70166E20 depth=1
redirect seq=004417 caller=QUEST2 WRTN  DIST                 area_wfp=74003964 ret_pc=70168732 real_wsp=700015A0 (was 74003950) shadow_wsp=700015A0 master_wfp=700015B4 depth=0
redirect seq=004419 caller=QUEST2 WSAVS DIST                 pc=70168717 area_wfp=74003964 argc=4 frame=0 real_wsp=700015AA shadow_wsp=700015B4 master_wfp=700015B4 ret=70166E20 depth=1
redirect seq=004421 caller=QUEST2 WRTN  DIST                 area_wfp=74003964 ret_pc=70168732 real_wsp=700015A0 (was 74003950) shadow_wsp=700015A0 master_wfp=700015B4 depth=0
redirect seq=004423 caller=QUEST2 WSAVS DIST                 pc=70168717 area_wfp=74003964 argc=4 frame=0 real_wsp=700015AA shadow_wsp=700015B4 master_wfp=700015B4 ret=70166E20 depth=1
redirect seq=004425 caller=QUEST2 WRTN  DIST                 area_wfp=74003964 ret_pc=70168732 real_wsp=700015A0 (was 74003950) shadow_wsp=700015A0 master_wfp=700015B4 depth=0
redirect seq=004429 caller=QUEST2 WSAVS DIST                 pc=70168717 area_wfp=74003964 argc=4 frame=0 real_wsp=700015AA shadow_wsp=700015B4 master_wfp=700015B4 ret=70166E20 depth=1
redirect seq=004431 caller=QUEST2 WRTN  DIST                 area_wfp=74003964 ret_pc=70168732 real_wsp=700015A0 (was 74003950) shadow_wsp=700015A0 master_wfp=700015B4 depth=0
redirect seq=004433 caller=QUEST2 WSAVS DIST                 pc=70168717 area_wfp=74003964 argc=4 frame=0 real_wsp=700015AA shadow_wsp=700015B4 master_wfp=700015B4 ret=70166E20 depth=1
redirect seq=004436 caller=QUEST2 WRTN  DIST                 area_wfp=74003964 ret_pc=70168732 real_wsp=700015A0 (was 74003950) shadow_wsp=700015A0 master_wfp=700015B4 depth=0
redirect seq=004438 caller=QUEST2 WSAVS DIST                 pc=70168717 area_wfp=74003964 argc=4 frame=0 real_wsp=700015AA shadow_wsp=700015B4 master_wfp=700015B4 ret=70166E20 depth=1
redirect seq=004440 caller=QUEST2 WRTN  DIST                 area_wfp=74003964 ret_pc=70168732 real_wsp=700015A0 (was 74003950) shadow_wsp=700015A0 master_wfp=700015B4 depth=0
redirect seq=004445 caller=QUEST2 WSAVS DIST                 pc=70168717 area_wfp=74003964 argc=4 frame=0 real_wsp=700015AA shadow_wsp=700015B4 master_wfp=700015B4 ret=70166E20 depth=1
redirect seq=004447 caller=QUEST2 WRTN  DIST                 area_wfp=74003964 ret_pc=70168732 real_wsp=700015A0 (was 74003950) shadow_wsp=700015A0 master_wfp=700015B4 depth=0
redirect seq=004449 caller=QUEST2 WSAVS DIST                 pc=70168717 area_wfp=74003964 argc=4 frame=0 real_wsp=700015AA shadow_wsp=700015B4 master_wfp=700015B4 ret=70166E20 depth=1
redirect seq=004451 caller=QUEST2 WRTN  DIST                 area_wfp=74003964 ret_pc=70168732 real_wsp=700015A0 (was 74003950) shadow_wsp=700015A0 master_wfp=700015B4 depth=0
redirect seq=004453 caller=QUEST2 WSAVS DIST                 pc=70168717 area_wfp=74003964 argc=4 frame=0 real_wsp=700015AA shadow_wsp=700015B4 master_wfp=700015B4 ret=70166E20 depth=1
redirect seq=004455 caller=QUEST2 WRTN  DIST                 area_wfp=74003964 ret_pc=70168732 real_wsp=700015A0 (was 74003950) shadow_wsp=700015A0 master_wfp=700015B4 depth=0
redirect seq=004460 caller=QUEST2 WSAVS DIST                 pc=70168717 area_wfp=74003964 argc=4 frame=0 real_wsp=700015AA shadow_wsp=700015B4 master_wfp=700015B4 ret=70166E20 depth=1
redirect seq=004462 caller=QUEST2 WRTN  DIST                 area_wfp=74003964 ret_pc=70168732 real_wsp=700015A0 (was 74003950) shadow_wsp=700015A0 master_wfp=700015B4 depth=0
redirect seq=004464 caller=QUEST2 WSAVS DIST                 pc=70168717 area_wfp=74003964 argc=4 frame=0 real_wsp=700015AA shadow_wsp=700015B4 master_wfp=700015B4 ret=70166E20 depth=1
redirect seq=004466 caller=QUEST2 WRTN  DIST                 area_wfp=74003964 ret_pc=70168732 real_wsp=700015A0 (was 74003950) shadow_wsp=700015A0 master_wfp=700015B4 depth=0
redirect seq=004468 caller=QUEST2 WSAVS DIST                 pc=70168717 area_wfp=74003964 argc=4 frame=0 real_wsp=700015AA shadow_wsp=700015B4 master_wfp=700015B4 ret=70166E20 depth=1
redirect seq=004471 caller=QUEST2 WRTN  DIST                 area_wfp=74003964 ret_pc=70168732 real_wsp=700015A0 (was 74003950) shadow_wsp=700015A0 master_wfp=700015B4 depth=0
redirect seq=004473 caller=QUEST2 WSAVS DIST                 pc=70168717 area_wfp=74003964 argc=4 frame=0 real_wsp=700015AA shadow_wsp=700015B4 master_wfp=700015B4 ret=70166E20 depth=1
redirect seq=004475 caller=QUEST2 WRTN  DIST                 area_wfp=74003964 ret_pc=70168732 real_wsp=700015A0 (was 74003950) shadow_wsp=700015A0 master_wfp=700015B4 depth=0
redirect seq=004479 caller=QUEST2 WSAVS DIST                 pc=70168717 area_wfp=74003964 argc=4 frame=0 real_wsp=700015AA shadow_wsp=700015B4 master_wfp=700015B4 ret=70166E20 depth=1
redirect seq=004481 caller=QUEST2 WRTN  DIST                 area_wfp=74003964 ret_pc=70168732 real_wsp=700015A0 (was 74003950) shadow_wsp=700015A0 master_wfp=700015B4 depth=0
redirect seq=004483 caller=QUEST2 WSAVS DIST                 pc=70168717 area_wfp=74003964 argc=4 frame=0 real_wsp=700015AA shadow_wsp=700015B4 master_wfp=700015B4 ret=70166E20 depth=1
redirect seq=004485 caller=QUEST2 WRTN  DIST                 area_wfp=74003964 ret_pc=70168732 real_wsp=700015A0 (was 74003950) shadow_wsp=700015A0 master_wfp=700015B4 depth=0
redirect seq=004490 caller=QUEST2 WSAVS DIST                 pc=70168717 area_wfp=74003964 argc=4 frame=0 real_wsp=700015AA shadow_wsp=700015B4 master_wfp=700015B4 ret=70166E20 depth=1
redirect seq=004492 caller=QUEST2 WRTN  DIST                 area_wfp=74003964 ret_pc=70168732 real_wsp=700015A0 (was 74003950) shadow_wsp=700015A0 master_wfp=700015B4 depth=0
redirect seq=004494 caller=QUEST2 WSAVS DIST                 pc=70168717 area_wfp=74003964 argc=4 frame=0 real_wsp=700015AA shadow_wsp=700015B4 master_wfp=700015B4 ret=70166E20 depth=1
redirect seq=004496 caller=QUEST2 WRTN  DIST                 area_wfp=74003964 ret_pc=70168732 real_wsp=700015A0 (was 74003950) shadow_wsp=700015A0 master_wfp=700015B4 depth=0
redirect seq=004498 caller=QUEST2 WSAVS DIST                 pc=70168717 area_wfp=74003964 argc=4 frame=0 real_wsp=700015AA shadow_wsp=700015B4 master_wfp=700015B4 ret=70166E20 depth=1
redirect seq=004500 caller=QUEST2 WRTN  DIST                 area_wfp=74003964 ret_pc=70168732 real_wsp=700015A0 (was 74003950) shadow_wsp=700015A0 master_wfp=700015B4 depth=0
redirect seq=004504 caller=QUEST2 WSAVS DIST                 pc=70168717 area_wfp=74003964 argc=4 frame=0 real_wsp=700015AA shadow_wsp=700015B4 master_wfp=700015B4 ret=70166E20 depth=1
redirect seq=004506 caller=QUEST2 WRTN  DIST                 area_wfp=74003964 ret_pc=70168732 real_wsp=700015A0 (was 74003950) shadow_wsp=700015A0 master_wfp=700015B4 depth=0
redirect seq=004508 caller=QUEST2 WSAVS DIST                 pc=70168717 area_wfp=74003964 argc=4 frame=0 real_wsp=700015AA shadow_wsp=700015B4 master_wfp=700015B4 ret=70166E20 depth=1
redirect seq=004510 caller=QUEST2 WRTN  DIST                 area_wfp=74003964 ret_pc=70168732 real_wsp=700015A0 (was 74003950) shadow_wsp=700015A0 master_wfp=700015B4 depth=0
redirect seq=004513 caller=QUEST2 WSAVS DIST                 pc=70168717 area_wfp=74003964 argc=4 frame=0 real_wsp=700015AA shadow_wsp=700015B4 master_wfp=700015B4 ret=70166E20 depth=1
redirect seq=004515 caller=QUEST2 WRTN  DIST                 area_wfp=74003964 ret_pc=70168732 real_wsp=700015A0 (was 74003950) shadow_wsp=700015A0 master_wfp=700015B4 depth=0
redirect seq=004520 caller=QUEST2 WSAVS DIST                 pc=70168717 area_wfp=74003964 argc=4 frame=0 real_wsp=700015AA shadow_wsp=700015B4 master_wfp=700015B4 ret=70166E20 depth=1
redirect seq=004522 caller=QUEST2 WRTN  DIST                 area_wfp=74003964 ret_pc=70168732 real_wsp=700015A0 (was 74003950) shadow_wsp=700015A0 master_wfp=700015B4 depth=0
redirect seq=004524 caller=QUEST2 WSAVS DIST                 pc=70168717 area_wfp=74003964 argc=4 frame=0 real_wsp=700015AA shadow_wsp=700015B4 master_wfp=700015B4 ret=70166E20 depth=1
redirect seq=004526 caller=QUEST2 WRTN  DIST                 area_wfp=74003964 ret_pc=70168732 real_wsp=700015A0 (was 74003950) shadow_wsp=700015A0 master_wfp=700015B4 depth=0
redirect seq=004528 caller=QUEST2 WSAVS DIST                 pc=70168717 area_wfp=74003964 argc=4 frame=0 real_wsp=700015AA shadow_wsp=700015B4 master_wfp=700015B4 ret=70166E20 depth=1
redirect seq=004530 caller=QUEST2 WRTN  DIST                 area_wfp=74003964 ret_pc=70168732 real_wsp=700015A0 (was 74003950) shadow_wsp=700015A0 master_wfp=700015B4 depth=0
redirect seq=004535 caller=QUEST2 WSAVS DIST                 pc=70168717 area_wfp=74003964 argc=4 frame=0 real_wsp=700015AA shadow_wsp=700015B4 master_wfp=700015B4 ret=70166E20 depth=1
redirect seq=004537 caller=QUEST2 WRTN  DIST                 area_wfp=74003964 ret_pc=70168732 real_wsp=700015A0 (was 74003950) shadow_wsp=700015A0 master_wfp=700015B4 depth=0
redirect seq=004539 caller=QUEST2 WSAVS DIST                 pc=70168717 area_wfp=74003964 argc=4 frame=0 real_wsp=700015AA shadow_wsp=700015B4 master_wfp=700015B4 ret=70166E20 depth=1
redirect seq=004541 caller=QUEST2 WRTN  DIST                 area_wfp=74003964 ret_pc=70168732 real_wsp=700015A0 (was 74003950) shadow_wsp=700015A0 master_wfp=700015B4 depth=0
redirect seq=004543 caller=QUEST2 WSAVS DIST                 pc=70168717 area_wfp=74003964 argc=4 frame=0 real_wsp=700015AA shadow_wsp=700015B4 master_wfp=700015B4 ret=70166E20 depth=1
redirect seq=004545 caller=QUEST2 WRTN  DIST                 area_wfp=74003964 ret_pc=70168732 real_wsp=700015A0 (was 74003950) shadow_wsp=700015A0 master_wfp=700015B4 depth=0
redirect seq=004548 caller=QUEST2 WSAVS DIST                 pc=70168717 area_wfp=74003964 argc=4 frame=0 real_wsp=700015AA shadow_wsp=700015B4 master_wfp=700015B4 ret=70166E20 depth=1
redirect seq=004552 caller=QUEST2 WRTN  DIST                 area_wfp=74003964 ret_pc=70168732 real_wsp=700015A0 (was 74003950) shadow_wsp=700015A0 master_wfp=700015B4 depth=0
redirect seq=004554 caller=QUEST2 WSAVS DIST                 pc=70168717 area_wfp=74003964 argc=4 frame=0 real_wsp=700015AA shadow_wsp=700015B4 master_wfp=700015B4 ret=70166E20 depth=1
redirect seq=004556 caller=QUEST2 WRTN  DIST                 area_wfp=74003964 ret_pc=70168732 real_wsp=700015A0 (was 74003950) shadow_wsp=700015A0 master_wfp=700015B4 depth=0
redirect seq=004558 caller=QUEST2 WSAVS DIST                 pc=70168717 area_wfp=74003964 argc=4 frame=0 real_wsp=700015AA shadow_wsp=700015B4 master_wfp=700015B4 ret=70166E20 depth=1
redirect seq=004560 caller=QUEST2 WRTN  DIST                 area_wfp=74003964 ret_pc=70168732 real_wsp=700015A0 (was 74003950) shadow_wsp=700015A0 master_wfp=700015B4 depth=0
redirect seq=004565 caller=QUEST2 WSAVS DIST                 pc=70168717 area_wfp=74003964 argc=4 frame=0 real_wsp=700015AA shadow_wsp=700015B4 master_wfp=700015B4 ret=70166E20 depth=1
redirect seq=004567 caller=QUEST2 WRTN  DIST                 area_wfp=74003964 ret_pc=70168732 real_wsp=700015A0 (was 74003950) shadow_wsp=700015A0 master_wfp=700015B4 depth=0
redirect seq=004569 caller=QUEST2 WSAVS DIST                 pc=70168717 area_wfp=74003964 argc=4 frame=0 real_wsp=700015AA shadow_wsp=700015B4 master_wfp=700015B4 ret=70166E20 depth=1
redirect seq=004571 caller=QUEST2 WRTN  DIST                 area_wfp=74003964 ret_pc=70168732 real_wsp=700015A0 (was 74003950) shadow_wsp=700015A0 master_wfp=700015B4 depth=0
redirect seq=004573 caller=QUEST2 WSAVS DIST                 pc=70168717 area_wfp=74003964 argc=4 frame=0 real_wsp=700015AA shadow_wsp=700015B4 master_wfp=700015B4 ret=70166E20 depth=1
redirect seq=004575 caller=QUEST2 WRTN  DIST                 area_wfp=74003964 ret_pc=70168732 real_wsp=700015A0 (was 74003950) shadow_wsp=700015A0 master_wfp=700015B4 depth=0
redirect seq=004579 caller=QUEST2 WSAVS DIST                 pc=70168717 area_wfp=74003964 argc=4 frame=0 real_wsp=700015AA shadow_wsp=700015B4 master_wfp=700015B4 ret=70166E20 depth=1
redirect seq=004581 caller=QUEST2 WRTN  DIST                 area_wfp=74003964 ret_pc=70168732 real_wsp=700015A0 (was 74003950) shadow_wsp=700015A0 master_wfp=700015B4 depth=0
redirect seq=004583 caller=QUEST2 WSAVS DIST                 pc=70168717 area_wfp=74003964 argc=4 frame=0 real_wsp=700015AA shadow_wsp=700015B4 master_wfp=700015B4 ret=70166E20 depth=1
redirect seq=004586 caller=QUEST2 WRTN  DIST                 area_wfp=74003964 ret_pc=70168732 real_wsp=700015A0 (was 74003950) shadow_wsp=700015A0 master_wfp=700015B4 depth=0
redirect seq=004588 caller=QUEST2 WSAVS DIST                 pc=70168717 area_wfp=74003964 argc=4 frame=0 real_wsp=700015AA shadow_wsp=700015B4 master_wfp=700015B4 ret=70166E20 depth=1
redirect seq=004590 caller=QUEST2 WRTN  DIST                 area_wfp=74003964 ret_pc=70168732 real_wsp=700015A0 (was 74003950) shadow_wsp=700015A0 master_wfp=700015B4 depth=0
redirect seq=004595 caller=QUEST2 WSAVS DIST                 pc=70168717 area_wfp=74003964 argc=4 frame=0 real_wsp=700015AA shadow_wsp=700015B4 master_wfp=700015B4 ret=70166E20 depth=1
redirect seq=004597 caller=QUEST2 WRTN  DIST                 area_wfp=74003964 ret_pc=70168732 real_wsp=700015A0 (was 74003950) shadow_wsp=700015A0 master_wfp=700015B4 depth=0
redirect seq=004599 caller=QUEST2 WSAVS DIST                 pc=70168717 area_wfp=74003964 argc=4 frame=0 real_wsp=700015AA shadow_wsp=700015B4 master_wfp=700015B4 ret=70166E20 depth=1
redirect seq=004601 caller=QUEST2 WRTN  DIST                 area_wfp=74003964 ret_pc=70168732 real_wsp=700015A0 (was 74003950) shadow_wsp=700015A0 master_wfp=700015B4 depth=0
redirect seq=004603 caller=QUEST2 WSAVS DIST                 pc=70168717 area_wfp=74003964 argc=4 frame=0 real_wsp=700015AA shadow_wsp=700015B4 master_wfp=700015B4 ret=70166E20 depth=1
redirect seq=004605 caller=QUEST2 WRTN  DIST                 area_wfp=74003964 ret_pc=70168732 real_wsp=700015A0 (was 74003950) shadow_wsp=700015A0 master_wfp=700015B4 depth=0
redirect seq=004610 caller=QUEST2 WSAVS DIST                 pc=70168717 area_wfp=74003964 argc=4 frame=0 real_wsp=700015AA shadow_wsp=700015B4 master_wfp=700015B4 ret=70166E20 depth=1
redirect seq=004612 caller=QUEST2 WRTN  DIST                 area_wfp=74003964 ret_pc=70168732 real_wsp=700015A0 (was 74003950) shadow_wsp=700015A0 master_wfp=700015B4 depth=0
redirect seq=004614 caller=QUEST2 WSAVS DIST                 pc=70168717 area_wfp=74003964 argc=4 frame=0 real_wsp=700015AA shadow_wsp=700015B4 master_wfp=700015B4 ret=70166E20 depth=1
redirect seq=004616 caller=QUEST2 WRTN  DIST                 area_wfp=74003964 ret_pc=70168732 real_wsp=700015A0 (was 74003950) shadow_wsp=700015A0 master_wfp=700015B4 depth=0
redirect seq=004618 caller=QUEST2 WSAVS DIST                 pc=70168717 area_wfp=74003964 argc=4 frame=0 real_wsp=700015AA shadow_wsp=700015B4 master_wfp=700015B4 ret=70166E20 depth=1
redirect seq=004620 caller=QUEST2 WRTN  DIST                 area_wfp=74003964 ret_pc=70168732 real_wsp=700015A0 (was 74003950) shadow_wsp=700015A0 master_wfp=700015B4 depth=0
redirect seq=004623 caller=QUEST2 WSAVS DIST                 pc=70168717 area_wfp=74003964 argc=4 frame=0 real_wsp=700015AA shadow_wsp=700015B4 master_wfp=700015B4 ret=70166E20 depth=1
redirect seq=004625 caller=QUEST2 WRTN  DIST                 area_wfp=74003964 ret_pc=70168732 real_wsp=700015A0 (was 74003950) shadow_wsp=700015A0 master_wfp=700015B4 depth=0
redirect seq=004629 caller=QUEST2 WSAVS DIST                 pc=70168717 area_wfp=74003964 argc=4 frame=0 real_wsp=700015AA shadow_wsp=700015B4 master_wfp=700015B4 ret=70166E20 depth=1
redirect seq=004631 caller=QUEST2 WRTN  DIST                 area_wfp=74003964 ret_pc=70168732 real_wsp=700015A0 (was 74003950) shadow_wsp=700015A0 master_wfp=700015B4 depth=0
redirect seq=004633 caller=QUEST2 WSAVS DIST                 pc=70168717 area_wfp=74003964 argc=4 frame=0 real_wsp=700015AA shadow_wsp=700015B4 master_wfp=700015B4 ret=70166E20 depth=1
redirect seq=004635 caller=QUEST2 WRTN  DIST                 area_wfp=74003964 ret_pc=70168732 real_wsp=700015A0 (was 74003950) shadow_wsp=700015A0 master_wfp=700015B4 depth=0
redirect seq=004640 caller=QUEST2 WSAVS DIST                 pc=70168717 area_wfp=74003964 argc=4 frame=0 real_wsp=700015AA shadow_wsp=700015B4 master_wfp=700015B4 ret=70166E20 depth=1
redirect seq=004642 caller=QUEST2 WRTN  DIST                 area_wfp=74003964 ret_pc=70168732 real_wsp=700015A0 (was 74003950) shadow_wsp=700015A0 master_wfp=700015B4 depth=0
redirect seq=004644 caller=QUEST2 WSAVS DIST                 pc=70168717 area_wfp=74003964 argc=4 frame=0 real_wsp=700015AA shadow_wsp=700015B4 master_wfp=700015B4 ret=70166E20 depth=1
redirect seq=004646 caller=QUEST2 WRTN  DIST                 area_wfp=74003964 ret_pc=70168732 real_wsp=700015A0 (was 74003950) shadow_wsp=700015A0 master_wfp=700015B4 depth=0
redirect seq=004648 caller=QUEST2 WSAVS DIST                 pc=70168717 area_wfp=74003964 argc=4 frame=0 real_wsp=700015AA shadow_wsp=700015B4 master_wfp=700015B4 ret=70166E20 depth=1
redirect seq=004650 caller=QUEST2 WRTN  DIST                 area_wfp=74003964 ret_pc=70168732 real_wsp=700015A0 (was 74003950) shadow_wsp=700015A0 master_wfp=700015B4 depth=0
redirect seq=004654 caller=QUEST2 WSAVS DIST                 pc=70168717 area_wfp=74003964 argc=4 frame=0 real_wsp=700015AA shadow_wsp=700015B4 master_wfp=700015B4 ret=70166E20 depth=1
redirect seq=004656 caller=QUEST2 WRTN  DIST                 area_wfp=74003964 ret_pc=70168732 real_wsp=700015A0 (was 74003950) shadow_wsp=700015A0 master_wfp=700015B4 depth=0
redirect seq=004658 caller=QUEST2 WSAVS DIST                 pc=70168717 area_wfp=74003964 argc=4 frame=0 real_wsp=700015AA shadow_wsp=700015B4 master_wfp=700015B4 ret=70166E20 depth=1
redirect seq=004660 caller=QUEST2 WRTN  DIST                 area_wfp=74003964 ret_pc=70168732 real_wsp=700015A0 (was 74003950) shadow_wsp=700015A0 master_wfp=700015B4 depth=0
redirect seq=004664 caller=QUEST2 WSAVS DIST                 pc=70168717 area_wfp=74003964 argc=4 frame=0 real_wsp=700015AA shadow_wsp=700015B4 master_wfp=700015B4 ret=70166E20 depth=1
redirect seq=004666 caller=QUEST2 WRTN  DIST                 area_wfp=74003964 ret_pc=70168732 real_wsp=700015A0 (was 74003950) shadow_wsp=700015A0 master_wfp=700015B4 depth=0
redirect seq=004668 caller=QUEST2 WSAVS DIST                 pc=70168717 area_wfp=74003964 argc=4 frame=0 real_wsp=700015AA shadow_wsp=700015B4 master_wfp=700015B4 ret=70166E20 depth=1
redirect seq=004672 caller=QUEST2 WRTN  DIST                 area_wfp=74003964 ret_pc=70168732 real_wsp=700015A0 (was 74003950) shadow_wsp=700015A0 master_wfp=700015B4 depth=0
redirect seq=004674 caller=QUEST2 WSAVS DIST                 pc=70168717 area_wfp=74003964 argc=4 frame=0 real_wsp=700015AA shadow_wsp=700015B4 master_wfp=700015B4 ret=70166E20 depth=1
redirect seq=004676 caller=QUEST2 WRTN  DIST                 area_wfp=74003964 ret_pc=70168732 real_wsp=700015A0 (was 74003950) shadow_wsp=700015A0 master_wfp=700015B4 depth=0
redirect seq=004678 caller=QUEST2 WSAVS DIST                 pc=70168717 area_wfp=74003964 argc=4 frame=0 real_wsp=700015AA shadow_wsp=700015B4 master_wfp=700015B4 ret=70166E20 depth=1
redirect seq=004680 caller=QUEST2 WRTN  DIST                 area_wfp=74003964 ret_pc=70168732 real_wsp=700015A0 (was 74003950) shadow_wsp=700015A0 master_wfp=700015B4 depth=0
redirect seq=004685 caller=QUEST2 WSAVS DIST                 pc=70168717 area_wfp=74003964 argc=4 frame=0 real_wsp=700015AA shadow_wsp=700015B4 master_wfp=700015B4 ret=70166E20 depth=1
redirect seq=004687 caller=QUEST2 WRTN  DIST                 area_wfp=74003964 ret_pc=70168732 real_wsp=700015A0 (was 74003950) shadow_wsp=700015A0 master_wfp=700015B4 depth=0
redirect seq=004689 caller=QUEST2 WSAVS DIST                 pc=70168717 area_wfp=74003964 argc=4 frame=0 real_wsp=700015AA shadow_wsp=700015B4 master_wfp=700015B4 ret=70166E20 depth=1
redirect seq=004691 caller=QUEST2 WRTN  DIST                 area_wfp=74003964 ret_pc=70168732 real_wsp=700015A0 (was 74003950) shadow_wsp=700015A0 master_wfp=700015B4 depth=0
redirect seq=004693 caller=QUEST2 WSAVS DIST                 pc=70168717 area_wfp=74003964 argc=4 frame=0 real_wsp=700015AA shadow_wsp=700015B4 master_wfp=700015B4 ret=70166E20 depth=1
redirect seq=004695 caller=QUEST2 WRTN  DIST                 area_wfp=74003964 ret_pc=70168732 real_wsp=700015A0 (was 74003950) shadow_wsp=700015A0 master_wfp=700015B4 depth=0
redirect seq=004699 caller=QUEST2 WSAVS DIST                 pc=70168717 area_wfp=74003964 argc=4 frame=0 real_wsp=700015AA shadow_wsp=700015B4 master_wfp=700015B4 ret=70166E20 depth=1
redirect seq=004701 caller=QUEST2 WRTN  DIST                 area_wfp=74003964 ret_pc=70168732 real_wsp=700015A0 (was 74003950) shadow_wsp=700015A0 master_wfp=700015B4 depth=0
redirect seq=004703 caller=QUEST2 WSAVS DIST                 pc=70168717 area_wfp=74003964 argc=4 frame=0 real_wsp=700015AA shadow_wsp=700015B4 master_wfp=700015B4 ret=70166E20 depth=1
redirect seq=004706 caller=QUEST2 WRTN  DIST                 area_wfp=74003964 ret_pc=70168732 real_wsp=700015A0 (was 74003950) shadow_wsp=700015A0 master_wfp=700015B4 depth=0
redirect seq=004708 caller=QUEST2 WSAVS DIST                 pc=70168717 area_wfp=74003964 argc=4 frame=0 real_wsp=700015AA shadow_wsp=700015B4 master_wfp=700015B4 ret=70166E20 depth=1
redirect seq=004710 caller=QUEST2 WRTN  DIST                 area_wfp=74003964 ret_pc=70168732 real_wsp=700015A0 (was 74003950) shadow_wsp=700015A0 master_wfp=700015B4 depth=0
redirect seq=004870 caller=QUEST2 WSAVS READ_IN              pc=701766ED area_wfp=740072BC argc=0 frame=6 real_wsp=70001182 shadow_wsp=70001198 master_wfp=7000118C ret=7015FB7E depth=1
redirect seq=004882 caller=QUEST2 WRTN  READ_IN              area_wfp=740072BC ret_pc=7017E77D real_wsp=70001180 (was 740072B0) shadow_wsp=70001180 master_wfp=7000118C depth=0
