redirect seq=000145 caller=QUEST2 WSAVS READ_IN              pc=701766ED area_wfp=740072BC argc=0 frame=6 real_wsp=700010DE shadow_wsp=700010F4 master_wfp=700010E8 ret=7015C063 depth=1
redirect seq=000157 caller=QUEST2 WRTN  READ_IN              area_wfp=740072BC ret_pc=7017E77D real_wsp=700010DC (was 740072B0) shadow_wsp=700010DC master_wfp=700010E8 depth=0
redirect seq=000196 caller=QUEST2 WSAVS READ_IN              pc=701766ED area_wfp=740072BC argc=0 frame=6 real_wsp=70001146 shadow_wsp=7000115C master_wfp=70001150 ret=70175F6F depth=1
redirect seq=000209 caller=QUEST2 WRTN  READ_IN              area_wfp=740072BC ret_pc=7017E77D real_wsp=70001144 (was 740072B0) shadow_wsp=70001144 master_wfp=70001150 depth=0
redirect seq=000219 caller=QUEST2 WSAVS READ_IN              pc=701766ED area_wfp=740072BC argc=0 frame=6 real_wsp=70001146 shadow_wsp=7000115C master_wfp=70001150 ret=70175FD7 depth=1
redirect seq=000231 caller=QUEST2 WRTN  READ_IN              area_wfp=740072BC ret_pc=7017E77D real_wsp=70001144 (was 740072B0) shadow_wsp=70001144 master_wfp=70001150 depth=0
redirect seq=005789 caller=QUEST2 WSAVS DIST                 pc=70168717 area_wfp=74003964 argc=4 frame=0 real_wsp=70001FDA shadow_wsp=70001FE4 master_wfp=70001FE4 ret=70166B8A depth=1
redirect seq=005791 caller=QUEST2 WRTN  DIST                 area_wfp=74003964 ret_pc=70168732 real_wsp=70001FD0 (was 74003950) shadow_wsp=70001FD0 master_wfp=70001FE4 depth=0
redirect seq=005793 caller=QUEST2 WSAVS DIST                 pc=70168717 area_wfp=74003964 argc=4 frame=0 real_wsp=70001FDA shadow_wsp=70001FE4 master_wfp=70001FE4 ret=70166B8A depth=1
redirect seq=005795 caller=QUEST2 WRTN  DIST                 area_wfp=74003964 ret_pc=70168732 real_wsp=70001FD0 (was 74003950) shadow_wsp=70001FD0 master_wfp=70001FE4 depth=0
redirect seq=005797 caller=QUEST2 WSAVS DIST                 pc=70168717 area_wfp=74003964 argc=4 frame=0 real_wsp=70001FDA shadow_wsp=70001FE4 master_wfp=70001FE4 ret=70166B8A depth=1
redirect seq=005799 caller=QUEST2 WRTN  DIST                 area_wfp=74003964 ret_pc=70168732 real_wsp=70001FD0 (was 74003950) shadow_wsp=70001FD0 master_wfp=70001FE4 depth=0
redirect seq=005804 caller=QUEST2 WSAVS DIST                 pc=70168717 area_wfp=74003964 argc=4 frame=0 real_wsp=70001FDA shadow_wsp=70001FE4 master_wfp=70001FE4 ret=70166E20 depth=1
redirect seq=005806 caller=QUEST2 WRTN  DIST                 area_wfp=74003964 ret_pc=70168732 real_wsp=70001FD0 (was 74003950) shadow_wsp=70001FD0 master_wfp=70001FE4 depth=0
redirect seq=005808 caller=QUEST2 WSAVS DIST                 pc=70168717 area_wfp=74003964 argc=4 frame=0 real_wsp=70001FDA shadow_wsp=70001FE4 master_wfp=70001FE4 ret=70166E20 depth=1
redirect seq=005810 caller=QUEST2 WRTN  DIST                 area_wfp=74003964 ret_pc=70168732 real_wsp=70001FD0 (was 74003950) shadow_wsp=70001FD0 master_wfp=70001FE4 depth=0
redirect seq=005812 caller=QUEST2 WSAVS DIST                 pc=70168717 area_wfp=74003964 argc=4 frame=0 real_wsp=70001FDA shadow_wsp=70001FE4 master_wfp=70001FE4 ret=70166E20 depth=1
redirect seq=005814 caller=QUEST2 WRTN  DIST                 area_wfp=74003964 ret_pc=70168732 real_wsp=70001FD0 (was 74003950) shadow_wsp=70001FD0 master_wfp=70001FE4 depth=0
redirect seq=005818 caller=QUEST2 WSAVS DIST                 pc=70168717 area_wfp=74003964 argc=4 frame=0 real_wsp=70001FDA shadow_wsp=70001FE4 master_wfp=70001FE4 ret=70166E20 depth=1
redirect seq=005820 caller=QUEST2 WRTN  DIST                 area_wfp=74003964 ret_pc=70168732 real_wsp=70001FD0 (was 74003950) shadow_wsp=70001FD0 master_wfp=70001FE4 depth=0
redirect seq=005822 caller=QUEST2 WSAVS DIST                 pc=70168717 area_wfp=74003964 argc=4 frame=0 real_wsp=70001FDA shadow_wsp=70001FE4 master_wfp=70001FE4 ret=70166E20 depth=1
redirect seq=005824 caller=QUEST2 WRTN  DIST                 area_wfp=74003964 ret_pc=70168732 real_wsp=70001FD0 (was 74003950) shadow_wsp=70001FD0 master_wfp=70001FE4 depth=0
redirect seq=005827 caller=QUEST2 WSAVS DIST                 pc=70168717 area_wfp=74003964 argc=4 frame=0 real_wsp=70001FDA shadow_wsp=70001FE4 master_wfp=70001FE4 ret=70166E20 depth=1
redirect seq=005829 caller=QUEST2 WRTN  DIST                 area_wfp=74003964 ret_pc=70168732 real_wsp=70001FD0 (was 74003950) shadow_wsp=70001FD0 master_wfp=70001FE4 depth=0
redirect seq=005834 caller=QUEST2 WSAVS DIST                 pc=70168717 area_wfp=74003964 argc=4 frame=0 real_wsp=70001FDA shadow_wsp=70001FE4 master_wfp=70001FE4 ret=70166E20 depth=1
redirect seq=005836 caller=QUEST2 WRTN  DIST                 area_wfp=74003964 ret_pc=70168732 real_wsp=70001FD0 (was 74003950) shadow_wsp=70001FD0 master_wfp=70001FE4 depth=0
redirect seq=005838 caller=QUEST2 WSAVS DIST                 pc=70168717 area_wfp=74003964 argc=4 frame=0 real_wsp=70001FDA shadow_wsp=70001FE4 master_wfp=70001FE4 ret=70166E20 depth=1
redirect seq=005840 caller=QUEST2 WRTN  DIST                 area_wfp=74003964 ret_pc=70168732 real_wsp=70001FD0 (was 74003950) shadow_wsp=70001FD0 master_wfp=70001FE4 depth=0
redirect seq=005842 caller=QUEST2 WSAVS DIST                 pc=70168717 area_wfp=74003964 argc=4 frame=0 real_wsp=70001FDA shadow_wsp=70001FE4 master_wfp=70001FE4 ret=70166E20 depth=1
redirect seq=005844 caller=QUEST2 WRTN  DIST                 area_wfp=74003964 ret_pc=70168732 real_wsp=70001FD0 (was 74003950) shadow_wsp=70001FD0 master_wfp=70001FE4 depth=0
redirect seq=005848 caller=QUEST2 WSAVS DIST                 pc=70168717 area_wfp=74003964 argc=4 frame=0 real_wsp=70001FDA shadow_wsp=70001FE4 master_wfp=70001FE4 ret=70166E20 depth=1
redirect seq=005850 caller=QUEST2 WRTN  DIST                 area_wfp=74003964 ret_pc=70168732 real_wsp=70001FD0 (was 74003950) shadow_wsp=70001FD0 master_wfp=70001FE4 depth=0
redirect seq=005852 caller=QUEST2 WSAVS DIST                 pc=70168717 area_wfp=74003964 argc=4 frame=0 real_wsp=70001FDA shadow_wsp=70001FE4 master_wfp=70001FE4 ret=70166E20 depth=1
redirect seq=005854 caller=QUEST2 WRTN  DIST                 area_wfp=74003964 ret_pc=70168732 real_wsp=70001FD0 (was 74003950) shadow_wsp=70001FD0 master_wfp=70001FE4 depth=0
redirect seq=005857 caller=QUEST2 WSAVS DIST                 pc=70168717 area_wfp=74003964 argc=4 frame=0 real_wsp=70001FDA shadow_wsp=70001FE4 master_wfp=70001FE4 ret=70166E20 depth=1
redirect seq=005859 caller=QUEST2 WRTN  DIST                 area_wfp=74003964 ret_pc=70168732 real_wsp=70001FD0 (was 74003950) shadow_wsp=70001FD0 master_wfp=70001FE4 depth=0
redirect seq=005864 caller=QUEST2 WSAVS DIST                 pc=70168717 area_wfp=74003964 argc=4 frame=0 real_wsp=70001FDA shadow_wsp=70001FE4 master_wfp=70001FE4 ret=70166E20 depth=1
redirect seq=005866 caller=QUEST2 WRTN  DIST                 area_wfp=74003964 ret_pc=70168732 real_wsp=70001FD0 (was 74003950) shadow_wsp=70001FD0 master_wfp=70001FE4 depth=0
redirect seq=005868 caller=QUEST2 WSAVS DIST                 pc=70168717 area_wfp=74003964 argc=4 frame=0 real_wsp=70001FDA shadow_wsp=70001FE4 master_wfp=70001FE4 ret=70166E20 depth=1
redirect seq=005870 caller=QUEST2 WRTN  DIST                 area_wfp=74003964 ret_pc=70168732 real_wsp=70001FD0 (was 74003950) shadow_wsp=70001FD0 master_wfp=70001FE4 depth=0
redirect seq=005872 caller=QUEST2 WSAVS DIST                 pc=70168717 area_wfp=74003964 argc=4 frame=0 real_wsp=70001FDA shadow_wsp=70001FE4 master_wfp=70001FE4 ret=70166E20 depth=1
redirect seq=005874 caller=QUEST2 WRTN  DIST                 area_wfp=74003964 ret_pc=70168732 real_wsp=70001FD0 (was 74003950) shadow_wsp=70001FD0 master_wfp=70001FE4 depth=0
redirect seq=005878 caller=QUEST2 WSAVS DIST                 pc=70168717 area_wfp=74003964 argc=4 frame=0 real_wsp=70001FDA shadow_wsp=70001FE4 master_wfp=70001FE4 ret=70166E20 depth=1
redirect seq=005880 caller=QUEST2 WRTN  DIST                 area_wfp=74003964 ret_pc=70168732 real_wsp=70001FD0 (was 74003950) shadow_wsp=70001FD0 master_wfp=70001FE4 depth=0
redirect seq=005882 caller=QUEST2 WSAVS DIST                 pc=70168717 area_wfp=74003964 argc=4 frame=0 real_wsp=70001FDA shadow_wsp=70001FE4 master_wfp=70001FE4 ret=70166E20 depth=1
redirect seq=005884 caller=QUEST2 WRTN  DIST                 area_wfp=74003964 ret_pc=70168732 real_wsp=70001FD0 (was 74003950) shadow_wsp=70001FD0 master_wfp=70001FE4 depth=0
redirect seq=005887 caller=QUEST2 WSAVS DIST                 pc=70168717 area_wfp=74003964 argc=4 frame=0 real_wsp=70001FDA shadow_wsp=70001FE4 master_wfp=70001FE4 ret=70166E20 depth=1
redirect seq=005889 caller=QUEST2 WRTN  DIST                 area_wfp=74003964 ret_pc=70168732 real_wsp=70001FD0 (was 74003950) shadow_wsp=70001FD0 master_wfp=70001FE4 depth=0
redirect seq=005894 caller=QUEST2 WSAVS DIST                 pc=70168717 area_wfp=74003964 argc=4 frame=0 real_wsp=70001FDA shadow_wsp=70001FE4 master_wfp=70001FE4 ret=70166E20 depth=1
redirect seq=005896 caller=QUEST2 WRTN  DIST                 area_wfp=74003964 ret_pc=70168732 real_wsp=70001FD0 (was 74003950) shadow_wsp=70001FD0 master_wfp=70001FE4 depth=0
redirect seq=005898 caller=QUEST2 WSAVS DIST                 pc=70168717 area_wfp=74003964 argc=4 frame=0 real_wsp=70001FDA shadow_wsp=70001FE4 master_wfp=70001FE4 ret=70166E20 depth=1
redirect seq=005900 caller=QUEST2 WRTN  DIST                 area_wfp=74003964 ret_pc=70168732 real_wsp=70001FD0 (was 74003950) shadow_wsp=70001FD0 master_wfp=70001FE4 depth=0
redirect seq=005902 caller=QUEST2 WSAVS DIST                 pc=70168717 area_wfp=74003964 argc=4 frame=0 real_wsp=70001FDA shadow_wsp=70001FE4 master_wfp=70001FE4 ret=70166E20 depth=1
redirect seq=005904 caller=QUEST2 WRTN  DIST                 area_wfp=74003964 ret_pc=70168732 real_wsp=70001FD0 (was 74003950) shadow_wsp=70001FD0 master_wfp=70001FE4 depth=0
redirect seq=005908 caller=QUEST2 WSAVS DIST                 pc=70168717 area_wfp=74003964 argc=4 frame=0 real_wsp=70001FDA shadow_wsp=70001FE4 master_wfp=70001FE4 ret=70166E20 depth=1
redirect seq=005910 caller=QUEST2 WRTN  DIST                 area_wfp=74003964 ret_pc=70168732 real_wsp=70001FD0 (was 74003950) shadow_wsp=70001FD0 master_wfp=70001FE4 depth=0
redirect seq=005912 caller=QUEST2 WSAVS DIST                 pc=70168717 area_wfp=74003964 argc=4 frame=0 real_wsp=70001FDA shadow_wsp=70001FE4 master_wfp=70001FE4 ret=70166E20 depth=1
redirect seq=005914 caller=QUEST2 WRTN  DIST                 area_wfp=74003964 ret_pc=70168732 real_wsp=70001FD0 (was 74003950) shadow_wsp=70001FD0 master_wfp=70001FE4 depth=0
redirect seq=005917 caller=QUEST2 WSAVS DIST                 pc=70168717 area_wfp=74003964 argc=4 frame=0 real_wsp=70001FDA shadow_wsp=70001FE4 master_wfp=70001FE4 ret=70166E20 depth=1
redirect seq=005919 caller=QUEST2 WRTN  DIST                 area_wfp=74003964 ret_pc=70168732 real_wsp=70001FD0 (was 74003950) shadow_wsp=70001FD0 master_wfp=70001FE4 depth=0
redirect seq=005924 caller=QUEST2 WSAVS DIST                 pc=70168717 area_wfp=74003964 argc=4 frame=0 real_wsp=70001FDA shadow_wsp=70001FE4 master_wfp=70001FE4 ret=70166E20 depth=1
redirect seq=005926 caller=QUEST2 WRTN  DIST                 area_wfp=74003964 ret_pc=70168732 real_wsp=70001FD0 (was 74003950) shadow_wsp=70001FD0 master_wfp=70001FE4 depth=0
redirect seq=005928 caller=QUEST2 WSAVS DIST                 pc=70168717 area_wfp=74003964 argc=4 frame=0 real_wsp=70001FDA shadow_wsp=70001FE4 master_wfp=70001FE4 ret=70166E20 depth=1
redirect seq=005930 caller=QUEST2 WRTN  DIST                 area_wfp=74003964 ret_pc=70168732 real_wsp=70001FD0 (was 74003950) shadow_wsp=70001FD0 master_wfp=70001FE4 depth=0
redirect seq=005932 caller=QUEST2 WSAVS DIST                 pc=70168717 area_wfp=74003964 argc=4 frame=0 real_wsp=70001FDA shadow_wsp=70001FE4 master_wfp=70001FE4 ret=70166E20 depth=1
redirect seq=005934 caller=QUEST2 WRTN  DIST                 area_wfp=74003964 ret_pc=70168732 real_wsp=70001FD0 (was 74003950) shadow_wsp=70001FD0 master_wfp=70001FE4 depth=0
redirect seq=005938 caller=QUEST2 WSAVS DIST                 pc=70168717 area_wfp=74003964 argc=4 frame=0 real_wsp=70001FDA shadow_wsp=70001FE4 master_wfp=70001FE4 ret=70166E20 depth=1
redirect seq=005940 caller=QUEST2 WRTN  DIST                 area_wfp=74003964 ret_pc=70168732 real_wsp=70001FD0 (was 74003950) shadow_wsp=70001FD0 master_wfp=70001FE4 depth=0
redirect seq=005942 caller=QUEST2 WSAVS DIST                 pc=70168717 area_wfp=74003964 argc=4 frame=0 real_wsp=70001FDA shadow_wsp=70001FE4 master_wfp=70001FE4 ret=70166E20 depth=1
redirect seq=005944 caller=QUEST2 WRTN  DIST                 area_wfp=74003964 ret_pc=70168732 real_wsp=70001FD0 (was 74003950) shadow_wsp=70001FD0 master_wfp=70001FE4 depth=0
redirect seq=005947 caller=QUEST2 WSAVS DIST                 pc=70168717 area_wfp=74003964 argc=4 frame=0 real_wsp=70001FDA shadow_wsp=70001FE4 master_wfp=70001FE4 ret=70166E20 depth=1
redirect seq=005949 caller=QUEST2 WRTN  DIST                 area_wfp=74003964 ret_pc=70168732 real_wsp=70001FD0 (was 74003950) shadow_wsp=70001FD0 master_wfp=70001FE4 depth=0
redirect seq=005954 caller=QUEST2 WSAVS DIST                 pc=70168717 area_wfp=74003964 argc=4 frame=0 real_wsp=70001FDA shadow_wsp=70001FE4 master_wfp=70001FE4 ret=70166E20 depth=1
redirect seq=005956 caller=QUEST2 WRTN  DIST                 area_wfp=74003964 ret_pc=70168732 real_wsp=70001FD0 (was 74003950) shadow_wsp=70001FD0 master_wfp=70001FE4 depth=0
redirect seq=005958 caller=QUEST2 WSAVS DIST                 pc=70168717 area_wfp=74003964 argc=4 frame=0 real_wsp=70001FDA shadow_wsp=70001FE4 master_wfp=70001FE4 ret=70166E20 depth=1
redirect seq=005960 caller=QUEST2 WRTN  DIST                 area_wfp=74003964 ret_pc=70168732 real_wsp=70001FD0 (was 74003950) shadow_wsp=70001FD0 master_wfp=70001FE4 depth=0
redirect seq=005962 caller=QUEST2 WSAVS DIST                 pc=70168717 area_wfp=74003964 argc=4 frame=0 real_wsp=70001FDA shadow_wsp=70001FE4 master_wfp=70001FE4 ret=70166E20 depth=1
redirect seq=005964 caller=QUEST2 WRTN  DIST                 area_wfp=74003964 ret_pc=70168732 real_wsp=70001FD0 (was 74003950) shadow_wsp=70001FD0 master_wfp=70001FE4 depth=0
redirect seq=005967 caller=QUEST2 WSAVS DIST                 pc=70168717 area_wfp=74003964 argc=4 frame=0 real_wsp=70001FDA shadow_wsp=70001FE4 master_wfp=70001FE4 ret=70166E20 depth=1
redirect seq=005969 caller=QUEST2 WRTN  DIST                 area_wfp=74003964 ret_pc=70168732 real_wsp=70001FD0 (was 74003950) shadow_wsp=70001FD0 master_wfp=70001FE4 depth=0
redirect seq=005973 caller=QUEST2 WSAVS DIST                 pc=70168717 area_wfp=74003964 argc=4 frame=0 real_wsp=70001FDA shadow_wsp=70001FE4 master_wfp=70001FE4 ret=70166E20 depth=1
redirect seq=005975 caller=QUEST2 WRTN  DIST                 area_wfp=74003964 ret_pc=70168732 real_wsp=70001FD0 (was 74003950) shadow_wsp=70001FD0 master_wfp=70001FE4 depth=0
redirect seq=005977 caller=QUEST2 WSAVS DIST                 pc=70168717 area_wfp=74003964 argc=4 frame=0 real_wsp=70001FDA shadow_wsp=70001FE4 master_wfp=70001FE4 ret=70166E20 depth=1
redirect seq=005979 caller=QUEST2 WRTN  DIST                 area_wfp=74003964 ret_pc=70168732 real_wsp=70001FD0 (was 74003950) shadow_wsp=70001FD0 master_wfp=70001FE4 depth=0
redirect seq=005984 caller=QUEST2 WSAVS DIST                 pc=70168717 area_wfp=74003964 argc=4 frame=0 real_wsp=70001FDA shadow_wsp=70001FE4 master_wfp=70001FE4 ret=70166E20 depth=1
redirect seq=005986 caller=QUEST2 WRTN  DIST                 area_wfp=74003964 ret_pc=70168732 real_wsp=70001FD0 (was 74003950) shadow_wsp=70001FD0 master_wfp=70001FE4 depth=0
redirect seq=005988 caller=QUEST2 WSAVS DIST                 pc=70168717 area_wfp=74003964 argc=4 frame=0 real_wsp=70001FDA shadow_wsp=70001FE4 master_wfp=70001FE4 ret=70166E20 depth=1
redirect seq=005990 caller=QUEST2 WRTN  DIST                 area_wfp=74003964 ret_pc=70168732 real_wsp=70001FD0 (was 74003950) shadow_wsp=70001FD0 master_wfp=70001FE4 depth=0
redirect seq=005992 caller=QUEST2 WSAVS DIST                 pc=70168717 area_wfp=74003964 argc=4 frame=0 real_wsp=70001FDA shadow_wsp=70001FE4 master_wfp=70001FE4 ret=70166E20 depth=1
redirect seq=005994 caller=QUEST2 WRTN  DIST                 area_wfp=74003964 ret_pc=70168732 real_wsp=70001FD0 (was 74003950) shadow_wsp=70001FD0 master_wfp=70001FE4 depth=0
redirect seq=005999 caller=QUEST2 WSAVS DIST                 pc=70168717 area_wfp=74003964 argc=4 frame=0 real_wsp=70001FDA shadow_wsp=70001FE4 master_wfp=70001FE4 ret=70166E20 depth=1
redirect seq=006001 caller=QUEST2 WRTN  DIST                 area_wfp=74003964 ret_pc=70168732 real_wsp=70001FD0 (was 74003950) shadow_wsp=70001FD0 master_wfp=70001FE4 depth=0
redirect seq=006003 caller=QUEST2 WSAVS DIST                 pc=70168717 area_wfp=74003964 argc=4 frame=0 real_wsp=70001FDA shadow_wsp=70001FE4 master_wfp=70001FE4 ret=70166E20 depth=1
redirect seq=006005 caller=QUEST2 WRTN  DIST                 area_wfp=74003964 ret_pc=70168732 real_wsp=70001FD0 (was 74003950) shadow_wsp=70001FD0 master_wfp=70001FE4 depth=0
redirect seq=006007 caller=QUEST2 WSAVS DIST                 pc=70168717 area_wfp=74003964 argc=4 frame=0 real_wsp=70001FDA shadow_wsp=70001FE4 master_wfp=70001FE4 ret=70166E20 depth=1
redirect seq=006009 caller=QUEST2 WRTN  DIST                 area_wfp=74003964 ret_pc=70168732 real_wsp=70001FD0 (was 74003950) shadow_wsp=70001FD0 master_wfp=70001FE4 depth=0
redirect seq=006013 caller=QUEST2 WSAVS DIST                 pc=70168717 area_wfp=74003964 argc=4 frame=0 real_wsp=70001FDA shadow_wsp=70001FE4 master_wfp=70001FE4 ret=70166E20 depth=1
redirect seq=006015 caller=QUEST2 WRTN  DIST                 area_wfp=74003964 ret_pc=70168732 real_wsp=70001FD0 (was 74003950) shadow_wsp=70001FD0 master_wfp=70001FE4 depth=0
redirect seq=006017 caller=QUEST2 WSAVS DIST                 pc=70168717 area_wfp=74003964 argc=4 frame=0 real_wsp=70001FDA shadow_wsp=70001FE4 master_wfp=70001FE4 ret=70166E20 depth=1
redirect seq=006019 caller=QUEST2 WRTN  DIST                 area_wfp=74003964 ret_pc=70168732 real_wsp=70001FD0 (was 74003950) shadow_wsp=70001FD0 master_wfp=70001FE4 depth=0
redirect seq=006022 caller=QUEST2 WSAVS DIST                 pc=70168717 area_wfp=74003964 argc=4 frame=0 real_wsp=70001FDA shadow_wsp=70001FE4 master_wfp=70001FE4 ret=70166E20 depth=1
redirect seq=006024 caller=QUEST2 WRTN  DIST                 area_wfp=74003964 ret_pc=70168732 real_wsp=70001FD0 (was 74003950) shadow_wsp=70001FD0 master_wfp=70001FE4 depth=0
redirect seq=006029 caller=QUEST2 WSAVS DIST                 pc=70168717 area_wfp=74003964 argc=4 frame=0 real_wsp=70001FDA shadow_wsp=70001FE4 master_wfp=70001FE4 ret=70166E20 depth=1
redirect seq=006031 caller=QUEST2 WRTN  DIST                 area_wfp=74003964 ret_pc=70168732 real_wsp=70001FD0 (was 74003950) shadow_wsp=70001FD0 master_wfp=70001FE4 depth=0
redirect seq=006033 caller=QUEST2 WSAVS DIST                 pc=70168717 area_wfp=74003964 argc=4 frame=0 real_wsp=70001FDA shadow_wsp=70001FE4 master_wfp=70001FE4 ret=70166E20 depth=1
redirect seq=006035 caller=QUEST2 WRTN  DIST                 area_wfp=74003964 ret_pc=70168732 real_wsp=70001FD0 (was 74003950) shadow_wsp=70001FD0 master_wfp=70001FE4 depth=0
redirect seq=006037 caller=QUEST2 WSAVS DIST                 pc=70168717 area_wfp=74003964 argc=4 frame=0 real_wsp=70001FDA shadow_wsp=70001FE4 master_wfp=70001FE4 ret=70166E20 depth=1
redirect seq=006039 caller=QUEST2 WRTN  DIST                 area_wfp=74003964 ret_pc=70168732 real_wsp=70001FD0 (was 74003950) shadow_wsp=70001FD0 master_wfp=70001FE4 depth=0
redirect seq=006042 caller=QUEST2 WSAVS DIST                 pc=70168717 area_wfp=74003964 argc=4 frame=0 real_wsp=70001FDA shadow_wsp=70001FE4 master_wfp=70001FE4 ret=70166E20 depth=1
redirect seq=006044 caller=QUEST2 WRTN  DIST                 area_wfp=74003964 ret_pc=70168732 real_wsp=70001FD0 (was 74003950) shadow_wsp=70001FD0 master_wfp=70001FE4 depth=0
redirect seq=006048 caller=QUEST2 WSAVS DIST                 pc=70168717 area_wfp=74003964 argc=4 frame=0 real_wsp=70001FDA shadow_wsp=70001FE4 master_wfp=70001FE4 ret=70166E20 depth=1
redirect seq=006050 caller=QUEST2 WRTN  DIST                 area_wfp=74003964 ret_pc=70168732 real_wsp=70001FD0 (was 74003950) shadow_wsp=70001FD0 master_wfp=70001FE4 depth=0
redirect seq=006052 caller=QUEST2 WSAVS DIST                 pc=70168717 area_wfp=74003964 argc=4 frame=0 real_wsp=70001FDA shadow_wsp=70001FE4 master_wfp=70001FE4 ret=70166E20 depth=1
redirect seq=006054 caller=QUEST2 WRTN  DIST                 area_wfp=74003964 ret_pc=70168732 real_wsp=70001FD0 (was 74003950) shadow_wsp=70001FD0 master_wfp=70001FE4 depth=0
redirect seq=006059 caller=QUEST2 WSAVS DIST                 pc=70168717 area_wfp=74003964 argc=4 frame=0 real_wsp=70001FDA shadow_wsp=70001FE4 master_wfp=70001FE4 ret=70166E20 depth=1
redirect seq=006061 caller=QUEST2 WRTN  DIST                 area_wfp=74003964 ret_pc=70168732 real_wsp=70001FD0 (was 74003950) shadow_wsp=70001FD0 master_wfp=70001FE4 depth=0
redirect seq=006063 caller=QUEST2 WSAVS DIST                 pc=70168717 area_wfp=74003964 argc=4 frame=0 real_wsp=70001FDA shadow_wsp=70001FE4 master_wfp=70001FE4 ret=70166E20 depth=1
redirect seq=006065 caller=QUEST2 WRTN  DIST                 area_wfp=74003964 ret_pc=70168732 real_wsp=70001FD0 (was 74003950) shadow_wsp=70001FD0 master_wfp=70001FE4 depth=0
redirect seq=006067 caller=QUEST2 WSAVS DIST                 pc=70168717 area_wfp=74003964 argc=4 frame=0 real_wsp=70001FDA shadow_wsp=70001FE4 master_wfp=70001FE4 ret=70166E20 depth=1
redirect seq=006069 caller=QUEST2 WRTN  DIST                 area_wfp=74003964 ret_pc=70168732 real_wsp=70001FD0 (was 74003950) shadow_wsp=70001FD0 master_wfp=70001FE4 depth=0
redirect seq=006074 caller=QUEST2 WSAVS DIST                 pc=70168717 area_wfp=74003964 argc=4 frame=0 real_wsp=70001FDA shadow_wsp=70001FE4 master_wfp=70001FE4 ret=70166E20 depth=1
redirect seq=006076 caller=QUEST2 WRTN  DIST                 area_wfp=74003964 ret_pc=70168732 real_wsp=70001FD0 (was 74003950) shadow_wsp=70001FD0 master_wfp=70001FE4 depth=0
redirect seq=006078 caller=QUEST2 WSAVS DIST                 pc=70168717 area_wfp=74003964 argc=4 frame=0 real_wsp=70001FDA shadow_wsp=70001FE4 master_wfp=70001FE4 ret=70166E20 depth=1
redirect seq=006080 caller=QUEST2 WRTN  DIST                 area_wfp=74003964 ret_pc=70168732 real_wsp=70001FD0 (was 74003950) shadow_wsp=70001FD0 master_wfp=70001FE4 depth=0
redirect seq=006082 caller=QUEST2 WSAVS DIST                 pc=70168717 area_wfp=74003964 argc=4 frame=0 real_wsp=70001FDA shadow_wsp=70001FE4 master_wfp=70001FE4 ret=70166E20 depth=1
redirect seq=006084 caller=QUEST2 WRTN  DIST                 area_wfp=74003964 ret_pc=70168732 real_wsp=70001FD0 (was 74003950) shadow_wsp=70001FD0 master_wfp=70001FE4 depth=0
redirect seq=006088 caller=QUEST2 WSAVS DIST                 pc=70168717 area_wfp=74003964 argc=4 frame=0 real_wsp=70001FDA shadow_wsp=70001FE4 master_wfp=70001FE4 ret=70166E20 depth=1
redirect seq=006090 caller=QUEST2 WRTN  DIST                 area_wfp=74003964 ret_pc=70168732 real_wsp=70001FD0 (was 74003950) shadow_wsp=70001FD0 master_wfp=70001FE4 depth=0
redirect seq=006092 caller=QUEST2 WSAVS DIST                 pc=70168717 area_wfp=74003964 argc=4 frame=0 real_wsp=70001FDA shadow_wsp=70001FE4 master_wfp=70001FE4 ret=70166E20 depth=1
redirect seq=006095 caller=QUEST2 WRTN  DIST                 area_wfp=74003964 ret_pc=70168732 real_wsp=70001FD0 (was 74003950) shadow_wsp=70001FD0 master_wfp=70001FE4 depth=0
redirect seq=006097 caller=QUEST2 WSAVS DIST                 pc=70168717 area_wfp=74003964 argc=4 frame=0 real_wsp=70001FDA shadow_wsp=70001FE4 master_wfp=70001FE4 ret=70166E20 depth=1
redirect seq=006099 caller=QUEST2 WRTN  DIST                 area_wfp=74003964 ret_pc=70168732 real_wsp=70001FD0 (was 74003950) shadow_wsp=70001FD0 master_wfp=70001FE4 depth=0
redirect seq=006104 caller=QUEST2 WSAVS DIST                 pc=70168717 area_wfp=74003964 argc=4 frame=0 real_wsp=70001FDA shadow_wsp=70001FE4 master_wfp=70001FE4 ret=70166E20 depth=1
redirect seq=006106 caller=QUEST2 WRTN  DIST                 area_wfp=74003964 ret_pc=70168732 real_wsp=70001FD0 (was 74003950) shadow_wsp=70001FD0 master_wfp=70001FE4 depth=0
redirect seq=006108 caller=QUEST2 WSAVS DIST                 pc=70168717 area_wfp=74003964 argc=4 frame=0 real_wsp=70001FDA shadow_wsp=70001FE4 master_wfp=70001FE4 ret=70166E20 depth=1
redirect seq=006110 caller=QUEST2 WRTN  DIST                 area_wfp=74003964 ret_pc=70168732 real_wsp=70001FD0 (was 74003950) shadow_wsp=70001FD0 master_wfp=70001FE4 depth=0
redirect seq=006112 caller=QUEST2 WSAVS DIST                 pc=70168717 area_wfp=74003964 argc=4 frame=0 real_wsp=70001FDA shadow_wsp=70001FE4 master_wfp=70001FE4 ret=70166E20 depth=1
redirect seq=006114 caller=QUEST2 WRTN  DIST                 area_wfp=74003964 ret_pc=70168732 real_wsp=70001FD0 (was 74003950) shadow_wsp=70001FD0 master_wfp=70001FE4 depth=0
redirect seq=006117 caller=QUEST2 WSAVS DIST                 pc=70168717 area_wfp=74003964 argc=4 frame=0 real_wsp=70001FDA shadow_wsp=70001FE4 master_wfp=70001FE4 ret=70166E20 depth=1
redirect seq=006121 caller=QUEST2 WRTN  DIST                 area_wfp=74003964 ret_pc=70168732 real_wsp=70001FD0 (was 74003950) shadow_wsp=70001FD0 master_wfp=70001FE4 depth=0
redirect seq=006123 caller=QUEST2 WSAVS DIST                 pc=70168717 area_wfp=74003964 argc=4 frame=0 real_wsp=70001FDA shadow_wsp=70001FE4 master_wfp=70001FE4 ret=70166E20 depth=1
redirect seq=006125 caller=QUEST2 WRTN  DIST                 area_wfp=74003964 ret_pc=70168732 real_wsp=70001FD0 (was 74003950) shadow_wsp=70001FD0 master_wfp=70001FE4 depth=0
redirect seq=006127 caller=QUEST2 WSAVS DIST                 pc=70168717 area_wfp=74003964 argc=4 frame=0 real_wsp=70001FDA shadow_wsp=70001FE4 master_wfp=70001FE4 ret=70166E20 depth=1
redirect seq=006129 caller=QUEST2 WRTN  DIST                 area_wfp=74003964 ret_pc=70168732 real_wsp=70001FD0 (was 74003950) shadow_wsp=70001FD0 master_wfp=70001FE4 depth=0
redirect seq=006133 caller=QUEST2 WSAVS DIST                 pc=70168717 area_wfp=74003964 argc=4 frame=0 real_wsp=70001FDA shadow_wsp=70001FE4 master_wfp=70001FE4 ret=70166E20 depth=1
redirect seq=006135 caller=QUEST2 WRTN  DIST                 area_wfp=74003964 ret_pc=70168732 real_wsp=70001FD0 (was 74003950) shadow_wsp=70001FD0 master_wfp=70001FE4 depth=0
redirect seq=006137 caller=QUEST2 WSAVS DIST                 pc=70168717 area_wfp=74003964 argc=4 frame=0 real_wsp=70001FDA shadow_wsp=70001FE4 master_wfp=70001FE4 ret=70166E20 depth=1
redirect seq=006139 caller=QUEST2 WRTN  DIST                 area_wfp=74003964 ret_pc=70168732 real_wsp=70001FD0 (was 74003950) shadow_wsp=70001FD0 master_wfp=70001FE4 depth=0
redirect seq=006142 caller=QUEST2 WSAVS DIST                 pc=70168717 area_wfp=74003964 argc=4 frame=0 real_wsp=70001FDA shadow_wsp=70001FE4 master_wfp=70001FE4 ret=70166E20 depth=1
redirect seq=006144 caller=QUEST2 WRTN  DIST                 area_wfp=74003964 ret_pc=70168732 real_wsp=70001FD0 (was 74003950) shadow_wsp=70001FD0 master_wfp=70001FE4 depth=0
redirect seq=006149 caller=QUEST2 WSAVS DIST                 pc=70168717 area_wfp=74003964 argc=4 frame=0 real_wsp=70001FDA shadow_wsp=70001FE4 master_wfp=70001FE4 ret=70166E20 depth=1
redirect seq=006151 caller=QUEST2 WRTN  DIST                 area_wfp=74003964 ret_pc=70168732 real_wsp=70001FD0 (was 74003950) shadow_wsp=70001FD0 master_wfp=70001FE4 depth=0
redirect seq=006153 caller=QUEST2 WSAVS DIST                 pc=70168717 area_wfp=74003964 argc=4 frame=0 real_wsp=70001FDA shadow_wsp=70001FE4 master_wfp=70001FE4 ret=70166E20 depth=1
redirect seq=006155 caller=QUEST2 WRTN  DIST                 area_wfp=74003964 ret_pc=70168732 real_wsp=70001FD0 (was 74003950) shadow_wsp=70001FD0 master_wfp=70001FE4 depth=0
redirect seq=006157 caller=QUEST2 WSAVS DIST                 pc=70168717 area_wfp=74003964 argc=4 frame=0 real_wsp=70001FDA shadow_wsp=70001FE4 master_wfp=70001FE4 ret=70166E20 depth=1
redirect seq=006159 caller=QUEST2 WRTN  DIST                 area_wfp=74003964 ret_pc=70168732 real_wsp=70001FD0 (was 74003950) shadow_wsp=70001FD0 master_wfp=70001FE4 depth=0
redirect seq=006163 caller=QUEST2 WSAVS DIST                 pc=70168717 area_wfp=74003964 argc=4 frame=0 real_wsp=70001FDA shadow_wsp=70001FE4 master_wfp=70001FE4 ret=70166E20 depth=1
redirect seq=006165 caller=QUEST2 WRTN  DIST                 area_wfp=74003964 ret_pc=70168732 real_wsp=70001FD0 (was 74003950) shadow_wsp=70001FD0 master_wfp=70001FE4 depth=0
redirect seq=006167 caller=QUEST2 WSAVS DIST                 pc=70168717 area_wfp=74003964 argc=4 frame=0 real_wsp=70001FDA shadow_wsp=70001FE4 master_wfp=70001FE4 ret=70166E20 depth=1
redirect seq=006169 caller=QUEST2 WRTN  DIST                 area_wfp=74003964 ret_pc=70168732 real_wsp=70001FD0 (was 74003950) shadow_wsp=70001FD0 master_wfp=70001FE4 depth=0
redirect seq=006172 caller=QUEST2 WSAVS DIST                 pc=70168717 area_wfp=74003964 argc=4 frame=0 real_wsp=70001FDA shadow_wsp=70001FE4 master_wfp=70001FE4 ret=70166E20 depth=1
redirect seq=006174 caller=QUEST2 WRTN  DIST                 area_wfp=74003964 ret_pc=70168732 real_wsp=70001FD0 (was 74003950) shadow_wsp=70001FD0 master_wfp=70001FE4 depth=0
redirect seq=006179 caller=QUEST2 WSAVS DIST                 pc=70168717 area_wfp=74003964 argc=4 frame=0 real_wsp=70001FDA shadow_wsp=70001FE4 master_wfp=70001FE4 ret=70166E20 depth=1
redirect seq=006181 caller=QUEST2 WRTN  DIST                 area_wfp=74003964 ret_pc=70168732 real_wsp=70001FD0 (was 74003950) shadow_wsp=70001FD0 master_wfp=70001FE4 depth=0
redirect seq=006183 caller=QUEST2 WSAVS DIST                 pc=70168717 area_wfp=74003964 argc=4 frame=0 real_wsp=70001FDA shadow_wsp=70001FE4 master_wfp=70001FE4 ret=70166E20 depth=1
redirect seq=006185 caller=QUEST2 WRTN  DIST                 area_wfp=74003964 ret_pc=70168732 real_wsp=70001FD0 (was 74003950) shadow_wsp=70001FD0 master_wfp=70001FE4 depth=0
redirect seq=006187 caller=QUEST2 WSAVS DIST                 pc=70168717 area_wfp=74003964 argc=4 frame=0 real_wsp=70001FDA shadow_wsp=70001FE4 master_wfp=70001FE4 ret=70166E20 depth=1
redirect seq=006189 caller=QUEST2 WRTN  DIST                 area_wfp=74003964 ret_pc=70168732 real_wsp=70001FD0 (was 74003950) shadow_wsp=70001FD0 master_wfp=70001FE4 depth=0
redirect seq=006193 caller=QUEST2 WSAVS DIST                 pc=70168717 area_wfp=74003964 argc=4 frame=0 real_wsp=70001FDA shadow_wsp=70001FE4 master_wfp=70001FE4 ret=70166E20 depth=1
redirect seq=006195 caller=QUEST2 WRTN  DIST                 area_wfp=74003964 ret_pc=70168732 real_wsp=70001FD0 (was 74003950) shadow_wsp=70001FD0 master_wfp=70001FE4 depth=0
redirect seq=006197 caller=QUEST2 WSAVS DIST                 pc=70168717 area_wfp=74003964 argc=4 frame=0 real_wsp=70001FDA shadow_wsp=70001FE4 master_wfp=70001FE4 ret=70166E20 depth=1
redirect seq=006199 caller=QUEST2 WRTN  DIST                 area_wfp=74003964 ret_pc=70168732 real_wsp=70001FD0 (was 74003950) shadow_wsp=70001FD0 master_wfp=70001FE4 depth=0
redirect seq=006202 caller=QUEST2 WSAVS DIST                 pc=70168717 area_wfp=74003964 argc=4 frame=0 real_wsp=70001FDA shadow_wsp=70001FE4 master_wfp=70001FE4 ret=70166E20 depth=1
redirect seq=006204 caller=QUEST2 WRTN  DIST                 area_wfp=74003964 ret_pc=70168732 real_wsp=70001FD0 (was 74003950) shadow_wsp=70001FD0 master_wfp=70001FE4 depth=0
redirect seq=006209 caller=QUEST2 WSAVS DIST                 pc=70168717 area_wfp=74003964 argc=4 frame=0 real_wsp=70001FDA shadow_wsp=70001FE4 master_wfp=70001FE4 ret=70166E20 depth=1
redirect seq=006211 caller=QUEST2 WRTN  DIST                 area_wfp=74003964 ret_pc=70168732 real_wsp=70001FD0 (was 74003950) shadow_wsp=70001FD0 master_wfp=70001FE4 depth=0
redirect seq=006213 caller=QUEST2 WSAVS DIST                 pc=70168717 area_wfp=74003964 argc=4 frame=0 real_wsp=70001FDA shadow_wsp=70001FE4 master_wfp=70001FE4 ret=70166E20 depth=1
redirect seq=006215 caller=QUEST2 WRTN  DIST                 area_wfp=74003964 ret_pc=70168732 real_wsp=70001FD0 (was 74003950) shadow_wsp=70001FD0 master_wfp=70001FE4 depth=0
redirect seq=006217 caller=QUEST2 WSAVS DIST                 pc=70168717 area_wfp=74003964 argc=4 frame=0 real_wsp=70001FDA shadow_wsp=70001FE4 master_wfp=70001FE4 ret=70166E20 depth=1
redirect seq=006219 caller=QUEST2 WRTN  DIST                 area_wfp=74003964 ret_pc=70168732 real_wsp=70001FD0 (was 74003950) shadow_wsp=70001FD0 master_wfp=70001FE4 depth=0
redirect seq=006223 caller=QUEST2 WSAVS DIST                 pc=70168717 area_wfp=74003964 argc=4 frame=0 real_wsp=70001FDA shadow_wsp=70001FE4 master_wfp=70001FE4 ret=70166E20 depth=1
redirect seq=006225 caller=QUEST2 WRTN  DIST                 area_wfp=74003964 ret_pc=70168732 real_wsp=70001FD0 (was 74003950) shadow_wsp=70001FD0 master_wfp=70001FE4 depth=0
redirect seq=006227 caller=QUEST2 WSAVS DIST                 pc=70168717 area_wfp=74003964 argc=4 frame=0 real_wsp=70001FDA shadow_wsp=70001FE4 master_wfp=70001FE4 ret=70166E20 depth=1
redirect seq=006229 caller=QUEST2 WRTN  DIST                 area_wfp=74003964 ret_pc=70168732 real_wsp=70001FD0 (was 74003950) shadow_wsp=70001FD0 master_wfp=70001FE4 depth=0
redirect seq=006232 caller=QUEST2 WSAVS DIST                 pc=70168717 area_wfp=74003964 argc=4 frame=0 real_wsp=70001FDA shadow_wsp=70001FE4 master_wfp=70001FE4 ret=70166E20 depth=1
redirect seq=006234 caller=QUEST2 WRTN  DIST                 area_wfp=74003964 ret_pc=70168732 real_wsp=70001FD0 (was 74003950) shadow_wsp=70001FD0 master_wfp=70001FE4 depth=0
redirect seq=006239 caller=QUEST2 WSAVS DIST                 pc=70168717 area_wfp=74003964 argc=4 frame=0 real_wsp=70001FDA shadow_wsp=70001FE4 master_wfp=70001FE4 ret=70166E20 depth=1
redirect seq=006241 caller=QUEST2 WRTN  DIST                 area_wfp=74003964 ret_pc=70168732 real_wsp=70001FD0 (was 74003950) shadow_wsp=70001FD0 master_wfp=70001FE4 depth=0
redirect seq=006243 caller=QUEST2 WSAVS DIST                 pc=70168717 area_wfp=74003964 argc=4 frame=0 real_wsp=70001FDA shadow_wsp=70001FE4 master_wfp=70001FE4 ret=70166E20 depth=1
redirect seq=006245 caller=QUEST2 WRTN  DIST                 area_wfp=74003964 ret_pc=70168732 real_wsp=70001FD0 (was 74003950) shadow_wsp=70001FD0 master_wfp=70001FE4 depth=0
redirect seq=006247 caller=QUEST2 WSAVS DIST                 pc=70168717 area_wfp=74003964 argc=4 frame=0 real_wsp=70001FDA shadow_wsp=70001FE4 master_wfp=70001FE4 ret=70166E20 depth=1
redirect seq=006249 caller=QUEST2 WRTN  DIST                 area_wfp=74003964 ret_pc=70168732 real_wsp=70001FD0 (was 74003950) shadow_wsp=70001FD0 master_wfp=70001FE4 depth=0
redirect seq=006252 caller=QUEST2 WSAVS DIST                 pc=70168717 area_wfp=74003964 argc=4 frame=0 real_wsp=70001FDA shadow_wsp=70001FE4 master_wfp=70001FE4 ret=70166E20 depth=1
redirect seq=006254 caller=QUEST2 WRTN  DIST                 area_wfp=74003964 ret_pc=70168732 real_wsp=70001FD0 (was 74003950) shadow_wsp=70001FD0 master_wfp=70001FE4 depth=0
redirect seq=006258 caller=QUEST2 WSAVS DIST                 pc=70168717 area_wfp=74003964 argc=4 frame=0 real_wsp=70001FDA shadow_wsp=70001FE4 master_wfp=70001FE4 ret=70166E20 depth=1
redirect seq=006260 caller=QUEST2 WRTN  DIST                 area_wfp=74003964 ret_pc=70168732 real_wsp=70001FD0 (was 74003950) shadow_wsp=70001FD0 master_wfp=70001FE4 depth=0
redirect seq=006262 caller=QUEST2 WSAVS DIST                 pc=70168717 area_wfp=74003964 argc=4 frame=0 real_wsp=70001FDA shadow_wsp=70001FE4 master_wfp=70001FE4 ret=70166E20 depth=1
redirect seq=006264 caller=QUEST2 WRTN  DIST                 area_wfp=74003964 ret_pc=70168732 real_wsp=70001FD0 (was 74003950) shadow_wsp=70001FD0 master_wfp=70001FE4 depth=0
redirect seq=006269 caller=QUEST2 WSAVS DIST                 pc=70168717 area_wfp=74003964 argc=4 frame=0 real_wsp=70001FDA shadow_wsp=70001FE4 master_wfp=70001FE4 ret=70166E20 depth=1
redirect seq=006271 caller=QUEST2 WRTN  DIST                 area_wfp=74003964 ret_pc=70168732 real_wsp=70001FD0 (was 74003950) shadow_wsp=70001FD0 master_wfp=70001FE4 depth=0
redirect seq=006273 caller=QUEST2 WSAVS DIST                 pc=70168717 area_wfp=74003964 argc=4 frame=0 real_wsp=70001FDA shadow_wsp=70001FE4 master_wfp=70001FE4 ret=70166E20 depth=1
redirect seq=006275 caller=QUEST2 WRTN  DIST                 area_wfp=74003964 ret_pc=70168732 real_wsp=70001FD0 (was 74003950) shadow_wsp=70001FD0 master_wfp=70001FE4 depth=0
redirect seq=006277 caller=QUEST2 WSAVS DIST                 pc=70168717 area_wfp=74003964 argc=4 frame=0 real_wsp=70001FDA shadow_wsp=70001FE4 master_wfp=70001FE4 ret=70166E20 depth=1
redirect seq=006279 caller=QUEST2 WRTN  DIST                 area_wfp=74003964 ret_pc=70168732 real_wsp=70001FD0 (was 74003950) shadow_wsp=70001FD0 master_wfp=70001FE4 depth=0
redirect seq=006284 caller=QUEST2 WSAVS DIST                 pc=70168717 area_wfp=74003964 argc=4 frame=0 real_wsp=70001FDA shadow_wsp=70001FE4 master_wfp=70001FE4 ret=70166E20 depth=1
redirect seq=006286 caller=QUEST2 WRTN  DIST                 area_wfp=74003964 ret_pc=70168732 real_wsp=70001FD0 (was 74003950) shadow_wsp=70001FD0 master_wfp=70001FE4 depth=0
redirect seq=006288 caller=QUEST2 WSAVS DIST                 pc=70168717 area_wfp=74003964 argc=4 frame=0 real_wsp=70001FDA shadow_wsp=70001FE4 master_wfp=70001FE4 ret=70166E20 depth=1
redirect seq=006290 caller=QUEST2 WRTN  DIST                 area_wfp=74003964 ret_pc=70168732 real_wsp=70001FD0 (was 74003950) shadow_wsp=70001FD0 master_wfp=70001FE4 depth=0
redirect seq=006292 caller=QUEST2 WSAVS DIST                 pc=70168717 area_wfp=74003964 argc=4 frame=0 real_wsp=70001FDA shadow_wsp=70001FE4 master_wfp=70001FE4 ret=70166E20 depth=1
redirect seq=006294 caller=QUEST2 WRTN  DIST                 area_wfp=74003964 ret_pc=70168732 real_wsp=70001FD0 (was 74003950) shadow_wsp=70001FD0 master_wfp=70001FE4 depth=0
redirect seq=006298 caller=QUEST2 WSAVS DIST                 pc=70168717 area_wfp=74003964 argc=4 frame=0 real_wsp=70001FDA shadow_wsp=70001FE4 master_wfp=70001FE4 ret=70166E20 depth=1
redirect seq=006300 caller=QUEST2 WRTN  DIST                 area_wfp=74003964 ret_pc=70168732 real_wsp=70001FD0 (was 74003950) shadow_wsp=70001FD0 master_wfp=70001FE4 depth=0
redirect seq=006302 caller=QUEST2 WSAVS DIST                 pc=70168717 area_wfp=74003964 argc=4 frame=0 real_wsp=70001FDA shadow_wsp=70001FE4 master_wfp=70001FE4 ret=70166E20 depth=1
redirect seq=006305 caller=QUEST2 WRTN  DIST                 area_wfp=74003964 ret_pc=70168732 real_wsp=70001FD0 (was 74003950) shadow_wsp=70001FD0 master_wfp=70001FE4 depth=0
redirect seq=006307 caller=QUEST2 WSAVS DIST                 pc=70168717 area_wfp=74003964 argc=4 frame=0 real_wsp=70001FDA shadow_wsp=70001FE4 master_wfp=70001FE4 ret=70166E20 depth=1
redirect seq=006309 caller=QUEST2 WRTN  DIST                 area_wfp=74003964 ret_pc=70168732 real_wsp=70001FD0 (was 74003950) shadow_wsp=70001FD0 master_wfp=70001FE4 depth=0
redirect seq=006314 caller=QUEST2 WSAVS DIST                 pc=70168717 area_wfp=74003964 argc=4 frame=0 real_wsp=70001FDA shadow_wsp=70001FE4 master_wfp=70001FE4 ret=70166E20 depth=1
redirect seq=006316 caller=QUEST2 WRTN  DIST                 area_wfp=74003964 ret_pc=70168732 real_wsp=70001FD0 (was 74003950) shadow_wsp=70001FD0 master_wfp=70001FE4 depth=0
redirect seq=006318 caller=QUEST2 WSAVS DIST                 pc=70168717 area_wfp=74003964 argc=4 frame=0 real_wsp=70001FDA shadow_wsp=70001FE4 master_wfp=70001FE4 ret=70166E20 depth=1
redirect seq=006320 caller=QUEST2 WRTN  DIST                 area_wfp=74003964 ret_pc=70168732 real_wsp=70001FD0 (was 74003950) shadow_wsp=70001FD0 master_wfp=70001FE4 depth=0
redirect seq=006322 caller=QUEST2 WSAVS DIST                 pc=70168717 area_wfp=74003964 argc=4 frame=0 real_wsp=70001FDA shadow_wsp=70001FE4 master_wfp=70001FE4 ret=70166E20 depth=1
redirect seq=006324 caller=QUEST2 WRTN  DIST                 area_wfp=74003964 ret_pc=70168732 real_wsp=70001FD0 (was 74003950) shadow_wsp=70001FD0 master_wfp=70001FE4 depth=0
redirect seq=006327 caller=QUEST2 WSAVS DIST                 pc=70168717 area_wfp=74003964 argc=4 frame=0 real_wsp=70001FDA shadow_wsp=70001FE4 master_wfp=70001FE4 ret=70166E20 depth=1
redirect seq=006329 caller=QUEST2 WRTN  DIST                 area_wfp=74003964 ret_pc=70168732 real_wsp=70001FD0 (was 74003950) shadow_wsp=70001FD0 master_wfp=70001FE4 depth=0
redirect seq=006333 caller=QUEST2 WSAVS DIST                 pc=70168717 area_wfp=74003964 argc=4 frame=0 real_wsp=70001FDA shadow_wsp=70001FE4 master_wfp=70001FE4 ret=70166E20 depth=1
redirect seq=006335 caller=QUEST2 WRTN  DIST                 area_wfp=74003964 ret_pc=70168732 real_wsp=70001FD0 (was 74003950) shadow_wsp=70001FD0 master_wfp=70001FE4 depth=0
redirect seq=006337 caller=QUEST2 WSAVS DIST                 pc=70168717 area_wfp=74003964 argc=4 frame=0 real_wsp=70001FDA shadow_wsp=70001FE4 master_wfp=70001FE4 ret=70166E20 depth=1
redirect seq=006339 caller=QUEST2 WRTN  DIST                 area_wfp=74003964 ret_pc=70168732 real_wsp=70001FD0 (was 74003950) shadow_wsp=70001FD0 master_wfp=70001FE4 depth=0
redirect seq=006344 caller=QUEST2 WSAVS DIST                 pc=70168717 area_wfp=74003964 argc=4 frame=0 real_wsp=70001FDA shadow_wsp=70001FE4 master_wfp=70001FE4 ret=70166E20 depth=1
redirect seq=006346 caller=QUEST2 WRTN  DIST                 area_wfp=74003964 ret_pc=70168732 real_wsp=70001FD0 (was 74003950) shadow_wsp=70001FD0 master_wfp=70001FE4 depth=0
redirect seq=006348 caller=QUEST2 WSAVS DIST                 pc=70168717 area_wfp=74003964 argc=4 frame=0 real_wsp=70001FDA shadow_wsp=70001FE4 master_wfp=70001FE4 ret=70166E20 depth=1
redirect seq=006350 caller=QUEST2 WRTN  DIST                 area_wfp=74003964 ret_pc=70168732 real_wsp=70001FD0 (was 74003950) shadow_wsp=70001FD0 master_wfp=70001FE4 depth=0
redirect seq=006352 caller=QUEST2 WSAVS DIST                 pc=70168717 area_wfp=74003964 argc=4 frame=0 real_wsp=70001FDA shadow_wsp=70001FE4 master_wfp=70001FE4 ret=70166E20 depth=1
redirect seq=006354 caller=QUEST2 WRTN  DIST                 area_wfp=74003964 ret_pc=70168732 real_wsp=70001FD0 (was 74003950) shadow_wsp=70001FD0 master_wfp=70001FE4 depth=0
redirect seq=006357 caller=QUEST2 WSAVS DIST                 pc=70168717 area_wfp=74003964 argc=4 frame=0 real_wsp=70001FDA shadow_wsp=70001FE4 master_wfp=70001FE4 ret=70166E20 depth=1
redirect seq=006359 caller=QUEST2 WRTN  DIST                 area_wfp=74003964 ret_pc=70168732 real_wsp=70001FD0 (was 74003950) shadow_wsp=70001FD0 master_wfp=70001FE4 depth=0
redirect seq=006363 caller=QUEST2 WSAVS DIST                 pc=70168717 area_wfp=74003964 argc=4 frame=0 real_wsp=70001FDA shadow_wsp=70001FE4 master_wfp=70001FE4 ret=70166E20 depth=1
redirect seq=006365 caller=QUEST2 WRTN  DIST                 area_wfp=74003964 ret_pc=70168732 real_wsp=70001FD0 (was 74003950) shadow_wsp=70001FD0 master_wfp=70001FE4 depth=0
redirect seq=006367 caller=QUEST2 WSAVS DIST                 pc=70168717 area_wfp=74003964 argc=4 frame=0 real_wsp=70001FDA shadow_wsp=70001FE4 master_wfp=70001FE4 ret=70166E20 depth=1
redirect seq=006369 caller=QUEST2 WRTN  DIST                 area_wfp=74003964 ret_pc=70168732 real_wsp=70001FD0 (was 74003950) shadow_wsp=70001FD0 master_wfp=70001FE4 depth=0
redirect seq=006374 caller=QUEST2 WSAVS DIST                 pc=70168717 area_wfp=74003964 argc=4 frame=0 real_wsp=70001FDA shadow_wsp=70001FE4 master_wfp=70001FE4 ret=70166E20 depth=1
redirect seq=006376 caller=QUEST2 WRTN  DIST                 area_wfp=74003964 ret_pc=70168732 real_wsp=70001FD0 (was 74003950) shadow_wsp=70001FD0 master_wfp=70001FE4 depth=0
redirect seq=006378 caller=QUEST2 WSAVS DIST                 pc=70168717 area_wfp=74003964 argc=4 frame=0 real_wsp=70001FDA shadow_wsp=70001FE4 master_wfp=70001FE4 ret=70166E20 depth=1
redirect seq=006380 caller=QUEST2 WRTN  DIST                 area_wfp=74003964 ret_pc=70168732 real_wsp=70001FD0 (was 74003950) shadow_wsp=70001FD0 master_wfp=70001FE4 depth=0
redirect seq=006382 caller=QUEST2 WSAVS DIST                 pc=70168717 area_wfp=74003964 argc=4 frame=0 real_wsp=70001FDA shadow_wsp=70001FE4 master_wfp=70001FE4 ret=70166E20 depth=1
redirect seq=006384 caller=QUEST2 WRTN  DIST                 area_wfp=74003964 ret_pc=70168732 real_wsp=70001FD0 (was 74003950) shadow_wsp=70001FD0 master_wfp=70001FE4 depth=0
redirect seq=006387 caller=QUEST2 WSAVS DIST                 pc=70168717 area_wfp=74003964 argc=4 frame=0 real_wsp=70001FDA shadow_wsp=70001FE4 master_wfp=70001FE4 ret=70166E20 depth=1
redirect seq=006389 caller=QUEST2 WRTN  DIST                 area_wfp=74003964 ret_pc=70168732 real_wsp=70001FD0 (was 74003950) shadow_wsp=70001FD0 master_wfp=70001FE4 depth=0
redirect seq=006393 caller=QUEST2 WSAVS DIST                 pc=70168717 area_wfp=74003964 argc=4 frame=0 real_wsp=70001FDA shadow_wsp=70001FE4 master_wfp=70001FE4 ret=70166E20 depth=1
redirect seq=006395 caller=QUEST2 WRTN  DIST                 area_wfp=74003964 ret_pc=70168732 real_wsp=70001FD0 (was 74003950) shadow_wsp=70001FD0 master_wfp=70001FE4 depth=0
redirect seq=006397 caller=QUEST2 WSAVS DIST                 pc=70168717 area_wfp=74003964 argc=4 frame=0 real_wsp=70001FDA shadow_wsp=70001FE4 master_wfp=70001FE4 ret=70166E20 depth=1
redirect seq=006399 caller=QUEST2 WRTN  DIST                 area_wfp=74003964 ret_pc=70168732 real_wsp=70001FD0 (was 74003950) shadow_wsp=70001FD0 master_wfp=70001FE4 depth=0
redirect seq=006404 caller=QUEST2 WSAVS DIST                 pc=70168717 area_wfp=74003964 argc=4 frame=0 real_wsp=70001FDA shadow_wsp=70001FE4 master_wfp=70001FE4 ret=70166E20 depth=1
redirect seq=006406 caller=QUEST2 WRTN  DIST                 area_wfp=74003964 ret_pc=70168732 real_wsp=70001FD0 (was 74003950) shadow_wsp=70001FD0 master_wfp=70001FE4 depth=0
redirect seq=006408 caller=QUEST2 WSAVS DIST                 pc=70168717 area_wfp=74003964 argc=4 frame=0 real_wsp=70001FDA shadow_wsp=70001FE4 master_wfp=70001FE4 ret=70166E20 depth=1
redirect seq=006410 caller=QUEST2 WRTN  DIST                 area_wfp=74003964 ret_pc=70168732 real_wsp=70001FD0 (was 74003950) shadow_wsp=70001FD0 master_wfp=70001FE4 depth=0
redirect seq=006412 caller=QUEST2 WSAVS DIST                 pc=70168717 area_wfp=74003964 argc=4 frame=0 real_wsp=70001FDA shadow_wsp=70001FE4 master_wfp=70001FE4 ret=70166E20 depth=1
redirect seq=006414 caller=QUEST2 WRTN  DIST                 area_wfp=74003964 ret_pc=70168732 real_wsp=70001FD0 (was 74003950) shadow_wsp=70001FD0 master_wfp=70001FE4 depth=0
redirect seq=006419 caller=QUEST2 WSAVS DIST                 pc=70168717 area_wfp=74003964 argc=4 frame=0 real_wsp=70001FDA shadow_wsp=70001FE4 master_wfp=70001FE4 ret=70166E20 depth=1
redirect seq=006421 caller=QUEST2 WRTN  DIST                 area_wfp=74003964 ret_pc=70168732 real_wsp=70001FD0 (was 74003950) shadow_wsp=70001FD0 master_wfp=70001FE4 depth=0
redirect seq=006423 caller=QUEST2 WSAVS DIST                 pc=70168717 area_wfp=74003964 argc=4 frame=0 real_wsp=70001FDA shadow_wsp=70001FE4 master_wfp=70001FE4 ret=70166E20 depth=1
redirect seq=006425 caller=QUEST2 WRTN  DIST                 area_wfp=74003964 ret_pc=70168732 real_wsp=70001FD0 (was 74003950) shadow_wsp=70001FD0 master_wfp=70001FE4 depth=0
redirect seq=006427 caller=QUEST2 WSAVS DIST                 pc=70168717 area_wfp=74003964 argc=4 frame=0 real_wsp=70001FDA shadow_wsp=70001FE4 master_wfp=70001FE4 ret=70166E20 depth=1
redirect seq=006429 caller=QUEST2 WRTN  DIST                 area_wfp=74003964 ret_pc=70168732 real_wsp=70001FD0 (was 74003950) shadow_wsp=70001FD0 master_wfp=70001FE4 depth=0
redirect seq=006433 caller=QUEST2 WSAVS DIST                 pc=70168717 area_wfp=74003964 argc=4 frame=0 real_wsp=70001FDA shadow_wsp=70001FE4 master_wfp=70001FE4 ret=70166E20 depth=1
redirect seq=006435 caller=QUEST2 WRTN  DIST                 area_wfp=74003964 ret_pc=70168732 real_wsp=70001FD0 (was 74003950) shadow_wsp=70001FD0 master_wfp=70001FE4 depth=0
redirect seq=006437 caller=QUEST2 WSAVS DIST                 pc=70168717 area_wfp=74003964 argc=4 frame=0 real_wsp=70001FDA shadow_wsp=70001FE4 master_wfp=70001FE4 ret=70166E20 depth=1
redirect seq=006440 caller=QUEST2 WRTN  DIST                 area_wfp=74003964 ret_pc=70168732 real_wsp=70001FD0 (was 74003950) shadow_wsp=70001FD0 master_wfp=70001FE4 depth=0
redirect seq=006442 caller=QUEST2 WSAVS DIST                 pc=70168717 area_wfp=74003964 argc=4 frame=0 real_wsp=70001FDA shadow_wsp=70001FE4 master_wfp=70001FE4 ret=70166E20 depth=1
redirect seq=006444 caller=QUEST2 WRTN  DIST                 area_wfp=74003964 ret_pc=70168732 real_wsp=70001FD0 (was 74003950) shadow_wsp=70001FD0 master_wfp=70001FE4 depth=0
redirect seq=006449 caller=QUEST2 WSAVS DIST                 pc=70168717 area_wfp=74003964 argc=4 frame=0 real_wsp=70001FDA shadow_wsp=70001FE4 master_wfp=70001FE4 ret=70166E20 depth=1
redirect seq=006451 caller=QUEST2 WRTN  DIST                 area_wfp=74003964 ret_pc=70168732 real_wsp=70001FD0 (was 74003950) shadow_wsp=70001FD0 master_wfp=70001FE4 depth=0
redirect seq=006453 caller=QUEST2 WSAVS DIST                 pc=70168717 area_wfp=74003964 argc=4 frame=0 real_wsp=70001FDA shadow_wsp=70001FE4 master_wfp=70001FE4 ret=70166E20 depth=1
redirect seq=006455 caller=QUEST2 WRTN  DIST                 area_wfp=74003964 ret_pc=70168732 real_wsp=70001FD0 (was 74003950) shadow_wsp=70001FD0 master_wfp=70001FE4 depth=0
redirect seq=006457 caller=QUEST2 WSAVS DIST                 pc=70168717 area_wfp=74003964 argc=4 frame=0 real_wsp=70001FDA shadow_wsp=70001FE4 master_wfp=70001FE4 ret=70166E20 depth=1
redirect seq=006459 caller=QUEST2 WRTN  DIST                 area_wfp=74003964 ret_pc=70168732 real_wsp=70001FD0 (was 74003950) shadow_wsp=70001FD0 master_wfp=70001FE4 depth=0
redirect seq=006462 caller=QUEST2 WSAVS DIST                 pc=70168717 area_wfp=74003964 argc=4 frame=0 real_wsp=70001FDA shadow_wsp=70001FE4 master_wfp=70001FE4 ret=70166E20 depth=1
redirect seq=006466 caller=QUEST2 WRTN  DIST                 area_wfp=74003964 ret_pc=70168732 real_wsp=70001FD0 (was 74003950) shadow_wsp=70001FD0 master_wfp=70001FE4 depth=0
redirect seq=006468 caller=QUEST2 WSAVS DIST                 pc=70168717 area_wfp=74003964 argc=4 frame=0 real_wsp=70001FDA shadow_wsp=70001FE4 master_wfp=70001FE4 ret=70166E20 depth=1
redirect seq=006470 caller=QUEST2 WRTN  DIST                 area_wfp=74003964 ret_pc=70168732 real_wsp=70001FD0 (was 74003950) shadow_wsp=70001FD0 master_wfp=70001FE4 depth=0
redirect seq=006472 caller=QUEST2 WSAVS DIST                 pc=70168717 area_wfp=74003964 argc=4 frame=0 real_wsp=70001FDA shadow_wsp=70001FE4 master_wfp=70001FE4 ret=70166E20 depth=1
redirect seq=006474 caller=QUEST2 WRTN  DIST                 area_wfp=74003964 ret_pc=70168732 real_wsp=70001FD0 (was 74003950) shadow_wsp=70001FD0 master_wfp=70001FE4 depth=0
redirect seq=006479 caller=QUEST2 WSAVS DIST                 pc=70168717 area_wfp=74003964 argc=4 frame=0 real_wsp=70001FDA shadow_wsp=70001FE4 master_wfp=70001FE4 ret=70166E20 depth=1
redirect seq=006481 caller=QUEST2 WRTN  DIST                 area_wfp=74003964 ret_pc=70168732 real_wsp=70001FD0 (was 74003950) shadow_wsp=70001FD0 master_wfp=70001FE4 depth=0
redirect seq=006483 caller=QUEST2 WSAVS DIST                 pc=70168717 area_wfp=74003964 argc=4 frame=0 real_wsp=70001FDA shadow_wsp=70001FE4 master_wfp=70001FE4 ret=70166E20 depth=1
redirect seq=006485 caller=QUEST2 WRTN  DIST                 area_wfp=74003964 ret_pc=70168732 real_wsp=70001FD0 (was 74003950) shadow_wsp=70001FD0 master_wfp=70001FE4 depth=0
redirect seq=006487 caller=QUEST2 WSAVS DIST                 pc=70168717 area_wfp=74003964 argc=4 frame=0 real_wsp=70001FDA shadow_wsp=70001FE4 master_wfp=70001FE4 ret=70166E20 depth=1
redirect seq=006489 caller=QUEST2 WRTN  DIST                 area_wfp=74003964 ret_pc=70168732 real_wsp=70001FD0 (was 74003950) shadow_wsp=70001FD0 master_wfp=70001FE4 depth=0
redirect seq=006492 caller=QUEST2 WSAVS DIST                 pc=70168717 area_wfp=74003964 argc=4 frame=0 real_wsp=70001FDA shadow_wsp=70001FE4 master_wfp=70001FE4 ret=70166E20 depth=1
redirect seq=006496 caller=QUEST2 WRTN  DIST                 area_wfp=74003964 ret_pc=70168732 real_wsp=70001FD0 (was 74003950) shadow_wsp=70001FD0 master_wfp=70001FE4 depth=0
redirect seq=006498 caller=QUEST2 WSAVS DIST                 pc=70168717 area_wfp=74003964 argc=4 frame=0 real_wsp=70001FDA shadow_wsp=70001FE4 master_wfp=70001FE4 ret=70166E20 depth=1
redirect seq=006500 caller=QUEST2 WRTN  DIST                 area_wfp=74003964 ret_pc=70168732 real_wsp=70001FD0 (was 74003950) shadow_wsp=70001FD0 master_wfp=70001FE4 depth=0
redirect seq=006502 caller=QUEST2 WSAVS DIST                 pc=70168717 area_wfp=74003964 argc=4 frame=0 real_wsp=70001FDA shadow_wsp=70001FE4 master_wfp=70001FE4 ret=70166E20 depth=1
redirect seq=006504 caller=QUEST2 WRTN  DIST                 area_wfp=74003964 ret_pc=70168732 real_wsp=70001FD0 (was 74003950) shadow_wsp=70001FD0 master_wfp=70001FE4 depth=0
redirect seq=006509 caller=QUEST2 WSAVS DIST                 pc=70168717 area_wfp=74003964 argc=4 frame=0 real_wsp=70001FDA shadow_wsp=70001FE4 master_wfp=70001FE4 ret=70166E20 depth=1
redirect seq=006511 caller=QUEST2 WRTN  DIST                 area_wfp=74003964 ret_pc=70168732 real_wsp=70001FD0 (was 74003950) shadow_wsp=70001FD0 master_wfp=70001FE4 depth=0
redirect seq=006513 caller=QUEST2 WSAVS DIST                 pc=70168717 area_wfp=74003964 argc=4 frame=0 real_wsp=70001FDA shadow_wsp=70001FE4 master_wfp=70001FE4 ret=70166E20 depth=1
redirect seq=006515 caller=QUEST2 WRTN  DIST                 area_wfp=74003964 ret_pc=70168732 real_wsp=70001FD0 (was 74003950) shadow_wsp=70001FD0 master_wfp=70001FE4 depth=0
redirect seq=006517 caller=QUEST2 WSAVS DIST                 pc=70168717 area_wfp=74003964 argc=4 frame=0 real_wsp=70001FDA shadow_wsp=70001FE4 master_wfp=70001FE4 ret=70166E20 depth=1
redirect seq=006519 caller=QUEST2 WRTN  DIST                 area_wfp=74003964 ret_pc=70168732 real_wsp=70001FD0 (was 74003950) shadow_wsp=70001FD0 master_wfp=70001FE4 depth=0
redirect seq=006522 caller=QUEST2 WSAVS DIST                 pc=70168717 area_wfp=74003964 argc=4 frame=0 real_wsp=70001FDA shadow_wsp=70001FE4 master_wfp=70001FE4 ret=70166E20 depth=1
redirect seq=006526 caller=QUEST2 WRTN  DIST                 area_wfp=74003964 ret_pc=70168732 real_wsp=70001FD0 (was 74003950) shadow_wsp=70001FD0 master_wfp=70001FE4 depth=0
redirect seq=006528 caller=QUEST2 WSAVS DIST                 pc=70168717 area_wfp=74003964 argc=4 frame=0 real_wsp=70001FDA shadow_wsp=70001FE4 master_wfp=70001FE4 ret=70166E20 depth=1
redirect seq=006530 caller=QUEST2 WRTN  DIST                 area_wfp=74003964 ret_pc=70168732 real_wsp=70001FD0 (was 74003950) shadow_wsp=70001FD0 master_wfp=70001FE4 depth=0
redirect seq=006532 caller=QUEST2 WSAVS DIST                 pc=70168717 area_wfp=74003964 argc=4 frame=0 real_wsp=70001FDA shadow_wsp=70001FE4 master_wfp=70001FE4 ret=70166E20 depth=1
redirect seq=006534 caller=QUEST2 WRTN  DIST                 area_wfp=74003964 ret_pc=70168732 real_wsp=70001FD0 (was 74003950) shadow_wsp=70001FD0 master_wfp=70001FE4 depth=0
redirect seq=006538 caller=QUEST2 WSAVS DIST                 pc=70168717 area_wfp=74003964 argc=4 frame=0 real_wsp=70001FDA shadow_wsp=70001FE4 master_wfp=70001FE4 ret=70166E20 depth=1
redirect seq=006540 caller=QUEST2 WRTN  DIST                 area_wfp=74003964 ret_pc=70168732 real_wsp=70001FD0 (was 74003950) shadow_wsp=70001FD0 master_wfp=70001FE4 depth=0
redirect seq=006542 caller=QUEST2 WSAVS DIST                 pc=70168717 area_wfp=74003964 argc=4 frame=0 real_wsp=70001FDA shadow_wsp=70001FE4 master_wfp=70001FE4 ret=70166E20 depth=1
redirect seq=006544 caller=QUEST2 WRTN  DIST                 area_wfp=74003964 ret_pc=70168732 real_wsp=70001FD0 (was 74003950) shadow_wsp=70001FD0 master_wfp=70001FE4 depth=0
redirect seq=006547 caller=QUEST2 WSAVS DIST                 pc=70168717 area_wfp=74003964 argc=4 frame=0 real_wsp=70001FDA shadow_wsp=70001FE4 master_wfp=70001FE4 ret=70166E20 depth=1
redirect seq=006549 caller=QUEST2 WRTN  DIST                 area_wfp=74003964 ret_pc=70168732 real_wsp=70001FD0 (was 74003950) shadow_wsp=70001FD0 master_wfp=70001FE4 depth=0
redirect seq=006554 caller=QUEST2 WSAVS DIST                 pc=70168717 area_wfp=74003964 argc=4 frame=0 real_wsp=70001FDA shadow_wsp=70001FE4 master_wfp=70001FE4 ret=70166E20 depth=1
redirect seq=006556 caller=QUEST2 WRTN  DIST                 area_wfp=74003964 ret_pc=70168732 real_wsp=70001FD0 (was 74003950) shadow_wsp=70001FD0 master_wfp=70001FE4 depth=0
redirect seq=006558 caller=QUEST2 WSAVS DIST                 pc=70168717 area_wfp=74003964 argc=4 frame=0 real_wsp=70001FDA shadow_wsp=70001FE4 master_wfp=70001FE4 ret=70166E20 depth=1
redirect seq=006560 caller=QUEST2 WRTN  DIST                 area_wfp=74003964 ret_pc=70168732 real_wsp=70001FD0 (was 74003950) shadow_wsp=70001FD0 master_wfp=70001FE4 depth=0
redirect seq=006562 caller=QUEST2 WSAVS DIST                 pc=70168717 area_wfp=74003964 argc=4 frame=0 real_wsp=70001FDA shadow_wsp=70001FE4 master_wfp=70001FE4 ret=70166E20 depth=1
redirect seq=006564 caller=QUEST2 WRTN  DIST                 area_wfp=74003964 ret_pc=70168732 real_wsp=70001FD0 (was 74003950) shadow_wsp=70001FD0 master_wfp=70001FE4 depth=0
redirect seq=006568 caller=QUEST2 WSAVS DIST                 pc=70168717 area_wfp=74003964 argc=4 frame=0 real_wsp=70001FDA shadow_wsp=70001FE4 master_wfp=70001FE4 ret=70166E20 depth=1
redirect seq=006570 caller=QUEST2 WRTN  DIST                 area_wfp=74003964 ret_pc=70168732 real_wsp=70001FD0 (was 74003950) shadow_wsp=70001FD0 master_wfp=70001FE4 depth=0
redirect seq=006572 caller=QUEST2 WSAVS DIST                 pc=70168717 area_wfp=74003964 argc=4 frame=0 real_wsp=70001FDA shadow_wsp=70001FE4 master_wfp=70001FE4 ret=70166E20 depth=1
redirect seq=006574 caller=QUEST2 WRTN  DIST                 area_wfp=74003964 ret_pc=70168732 real_wsp=70001FD0 (was 74003950) shadow_wsp=70001FD0 master_wfp=70001FE4 depth=0
redirect seq=006577 caller=QUEST2 WSAVS DIST                 pc=70168717 area_wfp=74003964 argc=4 frame=0 real_wsp=70001FDA shadow_wsp=70001FE4 master_wfp=70001FE4 ret=70166E20 depth=1
redirect seq=006579 caller=QUEST2 WRTN  DIST                 area_wfp=74003964 ret_pc=70168732 real_wsp=70001FD0 (was 74003950) shadow_wsp=70001FD0 master_wfp=70001FE4 depth=0
redirect seq=006584 caller=QUEST2 WSAVS DIST                 pc=70168717 area_wfp=74003964 argc=4 frame=0 real_wsp=70001FDA shadow_wsp=70001FE4 master_wfp=70001FE4 ret=70166E20 depth=1
redirect seq=006586 caller=QUEST2 WRTN  DIST                 area_wfp=74003964 ret_pc=70168732 real_wsp=70001FD0 (was 74003950) shadow_wsp=70001FD0 master_wfp=70001FE4 depth=0
redirect seq=006588 caller=QUEST2 WSAVS DIST                 pc=70168717 area_wfp=74003964 argc=4 frame=0 real_wsp=70001FDA shadow_wsp=70001FE4 master_wfp=70001FE4 ret=70166E20 depth=1
redirect seq=006590 caller=QUEST2 WRTN  DIST                 area_wfp=74003964 ret_pc=70168732 real_wsp=70001FD0 (was 74003950) shadow_wsp=70001FD0 master_wfp=70001FE4 depth=0
redirect seq=006592 caller=QUEST2 WSAVS DIST                 pc=70168717 area_wfp=74003964 argc=4 frame=0 real_wsp=70001FDA shadow_wsp=70001FE4 master_wfp=70001FE4 ret=70166E20 depth=1
redirect seq=006594 caller=QUEST2 WRTN  DIST                 area_wfp=74003964 ret_pc=70168732 real_wsp=70001FD0 (was 74003950) shadow_wsp=70001FD0 master_wfp=70001FE4 depth=0
redirect seq=006599 caller=QUEST2 WSAVS DIST                 pc=70168717 area_wfp=74003964 argc=4 frame=0 real_wsp=70001FDA shadow_wsp=70001FE4 master_wfp=70001FE4 ret=70166E20 depth=1
redirect seq=006601 caller=QUEST2 WRTN  DIST                 area_wfp=74003964 ret_pc=70168732 real_wsp=70001FD0 (was 74003950) shadow_wsp=70001FD0 master_wfp=70001FE4 depth=0
redirect seq=006603 caller=QUEST2 WSAVS DIST                 pc=70168717 area_wfp=74003964 argc=4 frame=0 real_wsp=70001FDA shadow_wsp=70001FE4 master_wfp=70001FE4 ret=70166E20 depth=1
redirect seq=006605 caller=QUEST2 WRTN  DIST                 area_wfp=74003964 ret_pc=70168732 real_wsp=70001FD0 (was 74003950) shadow_wsp=70001FD0 master_wfp=70001FE4 depth=0
redirect seq=006607 caller=QUEST2 WSAVS DIST                 pc=70168717 area_wfp=74003964 argc=4 frame=0 real_wsp=70001FDA shadow_wsp=70001FE4 master_wfp=70001FE4 ret=70166E20 depth=1
redirect seq=006609 caller=QUEST2 WRTN  DIST                 area_wfp=74003964 ret_pc=70168732 real_wsp=70001FD0 (was 74003950) shadow_wsp=70001FD0 master_wfp=70001FE4 depth=0
redirect seq=006614 caller=QUEST2 WSAVS DIST                 pc=70168717 area_wfp=74003964 argc=4 frame=0 real_wsp=70001FDA shadow_wsp=70001FE4 master_wfp=70001FE4 ret=70166E20 depth=1
redirect seq=006616 caller=QUEST2 WRTN  DIST                 area_wfp=74003964 ret_pc=70168732 real_wsp=70001FD0 (was 74003950) shadow_wsp=70001FD0 master_wfp=70001FE4 depth=0
redirect seq=006618 caller=QUEST2 WSAVS DIST                 pc=70168717 area_wfp=74003964 argc=4 frame=0 real_wsp=70001FDA shadow_wsp=70001FE4 master_wfp=70001FE4 ret=70166E20 depth=1
redirect seq=006620 caller=QUEST2 WRTN  DIST                 area_wfp=74003964 ret_pc=70168732 real_wsp=70001FD0 (was 74003950) shadow_wsp=70001FD0 master_wfp=70001FE4 depth=0
redirect seq=006622 caller=QUEST2 WSAVS DIST                 pc=70168717 area_wfp=74003964 argc=4 frame=0 real_wsp=70001FDA shadow_wsp=70001FE4 master_wfp=70001FE4 ret=70166E20 depth=1
redirect seq=006624 caller=QUEST2 WRTN  DIST                 area_wfp=74003964 ret_pc=70168732 real_wsp=70001FD0 (was 74003950) shadow_wsp=70001FD0 master_wfp=70001FE4 depth=0
redirect seq=006629 caller=QUEST2 WSAVS DIST                 pc=70168717 area_wfp=74003964 argc=4 frame=0 real_wsp=70001FDA shadow_wsp=70001FE4 master_wfp=70001FE4 ret=70166E20 depth=1
redirect seq=006631 caller=QUEST2 WRTN  DIST                 area_wfp=74003964 ret_pc=70168732 real_wsp=70001FD0 (was 74003950) shadow_wsp=70001FD0 master_wfp=70001FE4 depth=0
redirect seq=006633 caller=QUEST2 WSAVS DIST                 pc=70168717 area_wfp=74003964 argc=4 frame=0 real_wsp=70001FDA shadow_wsp=70001FE4 master_wfp=70001FE4 ret=70166E20 depth=1
redirect seq=006635 caller=QUEST2 WRTN  DIST                 area_wfp=74003964 ret_pc=70168732 real_wsp=70001FD0 (was 74003950) shadow_wsp=70001FD0 master_wfp=70001FE4 depth=0
redirect seq=006637 caller=QUEST2 WSAVS DIST                 pc=70168717 area_wfp=74003964 argc=4 frame=0 real_wsp=70001FDA shadow_wsp=70001FE4 master_wfp=70001FE4 ret=70166E20 depth=1
redirect seq=006639 caller=QUEST2 WRTN  DIST                 area_wfp=74003964 ret_pc=70168732 real_wsp=70001FD0 (was 74003950) shadow_wsp=70001FD0 master_wfp=70001FE4 depth=0
redirect seq=006643 caller=QUEST2 WSAVS DIST                 pc=70168717 area_wfp=74003964 argc=4 frame=0 real_wsp=70001FDA shadow_wsp=70001FE4 master_wfp=70001FE4 ret=70166E20 depth=1
redirect seq=006645 caller=QUEST2 WRTN  DIST                 area_wfp=74003964 ret_pc=70168732 real_wsp=70001FD0 (was 74003950) shadow_wsp=70001FD0 master_wfp=70001FE4 depth=0
redirect seq=006647 caller=QUEST2 WSAVS DIST                 pc=70168717 area_wfp=74003964 argc=4 frame=0 real_wsp=70001FDA shadow_wsp=70001FE4 master_wfp=70001FE4 ret=70166E20 depth=1
redirect seq=006650 caller=QUEST2 WRTN  DIST                 area_wfp=74003964 ret_pc=70168732 real_wsp=70001FD0 (was 74003950) shadow_wsp=70001FD0 master_wfp=70001FE4 depth=0
redirect seq=006652 caller=QUEST2 WSAVS DIST                 pc=70168717 area_wfp=74003964 argc=4 frame=0 real_wsp=70001FDA shadow_wsp=70001FE4 master_wfp=70001FE4 ret=70166E20 depth=1
redirect seq=006654 caller=QUEST2 WRTN  DIST                 area_wfp=74003964 ret_pc=70168732 real_wsp=70001FD0 (was 74003950) shadow_wsp=70001FD0 master_wfp=70001FE4 depth=0
redirect seq=006659 caller=QUEST2 WSAVS DIST                 pc=70168717 area_wfp=74003964 argc=4 frame=0 real_wsp=70001FDA shadow_wsp=70001FE4 master_wfp=70001FE4 ret=70166E20 depth=1
redirect seq=006661 caller=QUEST2 WRTN  DIST                 area_wfp=74003964 ret_pc=70168732 real_wsp=70001FD0 (was 74003950) shadow_wsp=70001FD0 master_wfp=70001FE4 depth=0
redirect seq=006663 caller=QUEST2 WSAVS DIST                 pc=70168717 area_wfp=74003964 argc=4 frame=0 real_wsp=70001FDA shadow_wsp=70001FE4 master_wfp=70001FE4 ret=70166E20 depth=1
redirect seq=006665 caller=QUEST2 WRTN  DIST                 area_wfp=74003964 ret_pc=70168732 real_wsp=70001FD0 (was 74003950) shadow_wsp=70001FD0 master_wfp=70001FE4 depth=0
redirect seq=006667 caller=QUEST2 WSAVS DIST                 pc=70168717 area_wfp=74003964 argc=4 frame=0 real_wsp=70001FDA shadow_wsp=70001FE4 master_wfp=70001FE4 ret=70166E20 depth=1
redirect seq=006669 caller=QUEST2 WRTN  DIST                 area_wfp=74003964 ret_pc=70168732 real_wsp=70001FD0 (was 74003950) shadow_wsp=70001FD0 master_wfp=70001FE4 depth=0
redirect seq=006672 caller=QUEST2 WSAVS DIST                 pc=70168717 area_wfp=74003964 argc=4 frame=0 real_wsp=70001FDA shadow_wsp=70001FE4 master_wfp=70001FE4 ret=70166E20 depth=1
redirect seq=006674 caller=QUEST2 WRTN  DIST                 area_wfp=74003964 ret_pc=70168732 real_wsp=70001FD0 (was 74003950) shadow_wsp=70001FD0 master_wfp=70001FE4 depth=0
redirect seq=006678 caller=QUEST2 WSAVS DIST                 pc=70168717 area_wfp=74003964 argc=4 frame=0 real_wsp=70001FDA shadow_wsp=70001FE4 master_wfp=70001FE4 ret=70166E20 depth=1
redirect seq=006680 caller=QUEST2 WRTN  DIST                 area_wfp=74003964 ret_pc=70168732 real_wsp=70001FD0 (was 74003950) shadow_wsp=70001FD0 master_wfp=70001FE4 depth=0
redirect seq=006682 caller=QUEST2 WSAVS DIST                 pc=70168717 area_wfp=74003964 argc=4 frame=0 real_wsp=70001FDA shadow_wsp=70001FE4 master_wfp=70001FE4 ret=70166E20 depth=1
redirect seq=006684 caller=QUEST2 WRTN  DIST                 area_wfp=74003964 ret_pc=70168732 real_wsp=70001FD0 (was 74003950) shadow_wsp=70001FD0 master_wfp=70001FE4 depth=0
redirect seq=006689 caller=QUEST2 WSAVS DIST                 pc=70168717 area_wfp=74003964 argc=4 frame=0 real_wsp=70001FDA shadow_wsp=70001FE4 master_wfp=70001FE4 ret=70166E20 depth=1
redirect seq=006691 caller=QUEST2 WRTN  DIST                 area_wfp=74003964 ret_pc=70168732 real_wsp=70001FD0 (was 74003950) shadow_wsp=70001FD0 master_wfp=70001FE4 depth=0
redirect seq=006693 caller=QUEST2 WSAVS DIST                 pc=70168717 area_wfp=74003964 argc=4 frame=0 real_wsp=70001FDA shadow_wsp=70001FE4 master_wfp=70001FE4 ret=70166E20 depth=1
redirect seq=006695 caller=QUEST2 WRTN  DIST                 area_wfp=74003964 ret_pc=70168732 real_wsp=70001FD0 (was 74003950) shadow_wsp=70001FD0 master_wfp=70001FE4 depth=0
redirect seq=006697 caller=QUEST2 WSAVS DIST                 pc=70168717 area_wfp=74003964 argc=4 frame=0 real_wsp=70001FDA shadow_wsp=70001FE4 master_wfp=70001FE4 ret=70166E20 depth=1
redirect seq=006699 caller=QUEST2 WRTN  DIST                 area_wfp=74003964 ret_pc=70168732 real_wsp=70001FD0 (was 74003950) shadow_wsp=70001FD0 master_wfp=70001FE4 depth=0
redirect seq=006702 caller=QUEST2 WSAVS DIST                 pc=70168717 area_wfp=74003964 argc=4 frame=0 real_wsp=70001FDA shadow_wsp=70001FE4 master_wfp=70001FE4 ret=70166E20 depth=1
redirect seq=006706 caller=QUEST2 WRTN  DIST                 area_wfp=74003964 ret_pc=70168732 real_wsp=70001FD0 (was 74003950) shadow_wsp=70001FD0 master_wfp=70001FE4 depth=0
redirect seq=006708 caller=QUEST2 WSAVS DIST                 pc=70168717 area_wfp=74003964 argc=4 frame=0 real_wsp=70001FDA shadow_wsp=70001FE4 master_wfp=70001FE4 ret=70166E20 depth=1
redirect seq=006710 caller=QUEST2 WRTN  DIST                 area_wfp=74003964 ret_pc=70168732 real_wsp=70001FD0 (was 74003950) shadow_wsp=70001FD0 master_wfp=70001FE4 depth=0
redirect seq=006712 caller=QUEST2 WSAVS DIST                 pc=70168717 area_wfp=74003964 argc=4 frame=0 real_wsp=70001FDA shadow_wsp=70001FE4 master_wfp=70001FE4 ret=70166E20 depth=1
redirect seq=006714 caller=QUEST2 WRTN  DIST                 area_wfp=74003964 ret_pc=70168732 real_wsp=70001FD0 (was 74003950) shadow_wsp=70001FD0 master_wfp=70001FE4 depth=0
redirect seq=006718 caller=QUEST2 WSAVS DIST                 pc=70168717 area_wfp=74003964 argc=4 frame=0 real_wsp=70001FDA shadow_wsp=70001FE4 master_wfp=70001FE4 ret=70166E20 depth=1
redirect seq=006720 caller=QUEST2 WRTN  DIST                 area_wfp=74003964 ret_pc=70168732 real_wsp=70001FD0 (was 74003950) shadow_wsp=70001FD0 master_wfp=70001FE4 depth=0
redirect seq=006722 caller=QUEST2 WSAVS DIST                 pc=70168717 area_wfp=74003964 argc=4 frame=0 real_wsp=70001FDA shadow_wsp=70001FE4 master_wfp=70001FE4 ret=70166E20 depth=1
redirect seq=006724 caller=QUEST2 WRTN  DIST                 area_wfp=74003964 ret_pc=70168732 real_wsp=70001FD0 (was 74003950) shadow_wsp=70001FD0 master_wfp=70001FE4 depth=0
redirect seq=006727 caller=QUEST2 WSAVS DIST                 pc=70168717 area_wfp=74003964 argc=4 frame=0 real_wsp=70001FDA shadow_wsp=70001FE4 master_wfp=70001FE4 ret=70166E20 depth=1
redirect seq=006729 caller=QUEST2 WRTN  DIST                 area_wfp=74003964 ret_pc=70168732 real_wsp=70001FD0 (was 74003950) shadow_wsp=70001FD0 master_wfp=70001FE4 depth=0
redirect seq=006734 caller=QUEST2 WSAVS DIST                 pc=70168717 area_wfp=74003964 argc=4 frame=0 real_wsp=70001FDA shadow_wsp=70001FE4 master_wfp=70001FE4 ret=70166E20 depth=1
redirect seq=006736 caller=QUEST2 WRTN  DIST                 area_wfp=74003964 ret_pc=70168732 real_wsp=70001FD0 (was 74003950) shadow_wsp=70001FD0 master_wfp=70001FE4 depth=0
redirect seq=006738 caller=QUEST2 WSAVS DIST                 pc=70168717 area_wfp=74003964 argc=4 frame=0 real_wsp=70001FDA shadow_wsp=70001FE4 master_wfp=70001FE4 ret=70166E20 depth=1
redirect seq=006740 caller=QUEST2 WRTN  DIST                 area_wfp=74003964 ret_pc=70168732 real_wsp=70001FD0 (was 74003950) shadow_wsp=70001FD0 master_wfp=70001FE4 depth=0
redirect seq=006742 caller=QUEST2 WSAVS DIST                 pc=70168717 area_wfp=74003964 argc=4 frame=0 real_wsp=70001FDA shadow_wsp=70001FE4 master_wfp=70001FE4 ret=70166E20 depth=1
redirect seq=006744 caller=QUEST2 WRTN  DIST                 area_wfp=74003964 ret_pc=70168732 real_wsp=70001FD0 (was 74003950) shadow_wsp=70001FD0 master_wfp=70001FE4 depth=0
redirect seq=006747 caller=QUEST2 WSAVS DIST                 pc=70168717 area_wfp=74003964 argc=4 frame=0 real_wsp=70001FDA shadow_wsp=70001FE4 master_wfp=70001FE4 ret=70166E20 depth=1
redirect seq=006749 caller=QUEST2 WRTN  DIST                 area_wfp=74003964 ret_pc=70168732 real_wsp=70001FD0 (was 74003950) shadow_wsp=70001FD0 master_wfp=70001FE4 depth=0
redirect seq=006753 caller=QUEST2 WSAVS DIST                 pc=70168717 area_wfp=74003964 argc=4 frame=0 real_wsp=70001FDA shadow_wsp=70001FE4 master_wfp=70001FE4 ret=70166E20 depth=1
redirect seq=006755 caller=QUEST2 WRTN  DIST                 area_wfp=74003964 ret_pc=70168732 real_wsp=70001FD0 (was 74003950) shadow_wsp=70001FD0 master_wfp=70001FE4 depth=0
redirect seq=006757 caller=QUEST2 WSAVS DIST                 pc=70168717 area_wfp=74003964 argc=4 frame=0 real_wsp=70001FDA shadow_wsp=70001FE4 master_wfp=70001FE4 ret=70166E20 depth=1
redirect seq=006759 caller=QUEST2 WRTN  DIST                 area_wfp=74003964 ret_pc=70168732 real_wsp=70001FD0 (was 74003950) shadow_wsp=70001FD0 master_wfp=70001FE4 depth=0
redirect seq=006764 caller=QUEST2 WSAVS DIST                 pc=70168717 area_wfp=74003964 argc=4 frame=0 real_wsp=70001FDA shadow_wsp=70001FE4 master_wfp=70001FE4 ret=70166E20 depth=1
redirect seq=006766 caller=QUEST2 WRTN  DIST                 area_wfp=74003964 ret_pc=70168732 real_wsp=70001FD0 (was 74003950) shadow_wsp=70001FD0 master_wfp=70001FE4 depth=0
redirect seq=006768 caller=QUEST2 WSAVS DIST                 pc=70168717 area_wfp=74003964 argc=4 frame=0 real_wsp=70001FDA shadow_wsp=70001FE4 master_wfp=70001FE4 ret=70166E20 depth=1
redirect seq=006770 caller=QUEST2 WRTN  DIST                 area_wfp=74003964 ret_pc=70168732 real_wsp=70001FD0 (was 74003950) shadow_wsp=70001FD0 master_wfp=70001FE4 depth=0
redirect seq=006772 caller=QUEST2 WSAVS DIST                 pc=70168717 area_wfp=74003964 argc=4 frame=0 real_wsp=70001FDA shadow_wsp=70001FE4 master_wfp=70001FE4 ret=70166E20 depth=1
redirect seq=006774 caller=QUEST2 WRTN  DIST                 area_wfp=74003964 ret_pc=70168732 real_wsp=70001FD0 (was 74003950) shadow_wsp=70001FD0 master_wfp=70001FE4 depth=0
redirect seq=006779 caller=QUEST2 WSAVS DIST                 pc=70168717 area_wfp=74003964 argc=4 frame=0 real_wsp=70001FDA shadow_wsp=70001FE4 master_wfp=70001FE4 ret=70166E20 depth=1
redirect seq=006781 caller=QUEST2 WRTN  DIST                 area_wfp=74003964 ret_pc=70168732 real_wsp=70001FD0 (was 74003950) shadow_wsp=70001FD0 master_wfp=70001FE4 depth=0
redirect seq=006783 caller=QUEST2 WSAVS DIST                 pc=70168717 area_wfp=74003964 argc=4 frame=0 real_wsp=70001FDA shadow_wsp=70001FE4 master_wfp=70001FE4 ret=70166E20 depth=1
redirect seq=006785 caller=QUEST2 WRTN  DIST                 area_wfp=74003964 ret_pc=70168732 real_wsp=70001FD0 (was 74003950) shadow_wsp=70001FD0 master_wfp=70001FE4 depth=0
redirect seq=006787 caller=QUEST2 WSAVS DIST                 pc=70168717 area_wfp=74003964 argc=4 frame=0 real_wsp=70001FDA shadow_wsp=70001FE4 master_wfp=70001FE4 ret=70166E20 depth=1
redirect seq=006789 caller=QUEST2 WRTN  DIST                 area_wfp=74003964 ret_pc=70168732 real_wsp=70001FD0 (was 74003950) shadow_wsp=70001FD0 master_wfp=70001FE4 depth=0
redirect seq=006793 caller=QUEST2 WSAVS DIST                 pc=70168717 area_wfp=74003964 argc=4 frame=0 real_wsp=70001FDA shadow_wsp=70001FE4 master_wfp=70001FE4 ret=70166E20 depth=1
redirect seq=006795 caller=QUEST2 WRTN  DIST                 area_wfp=74003964 ret_pc=70168732 real_wsp=70001FD0 (was 74003950) shadow_wsp=70001FD0 master_wfp=70001FE4 depth=0
redirect seq=006797 caller=QUEST2 WSAVS DIST                 pc=70168717 area_wfp=74003964 argc=4 frame=0 real_wsp=70001FDA shadow_wsp=70001FE4 master_wfp=70001FE4 ret=70166E20 depth=1
redirect seq=006800 caller=QUEST2 WRTN  DIST                 area_wfp=74003964 ret_pc=70168732 real_wsp=70001FD0 (was 74003950) shadow_wsp=70001FD0 master_wfp=70001FE4 depth=0
redirect seq=006802 caller=QUEST2 WSAVS DIST                 pc=70168717 area_wfp=74003964 argc=4 frame=0 real_wsp=70001FDA shadow_wsp=70001FE4 master_wfp=70001FE4 ret=70166E20 depth=1
redirect seq=006804 caller=QUEST2 WRTN  DIST                 area_wfp=74003964 ret_pc=70168732 real_wsp=70001FD0 (was 74003950) shadow_wsp=70001FD0 master_wfp=70001FE4 depth=0
redirect seq=006809 caller=QUEST2 WSAVS DIST                 pc=70168717 area_wfp=74003964 argc=4 frame=0 real_wsp=70001FDA shadow_wsp=70001FE4 master_wfp=70001FE4 ret=70166E20 depth=1
redirect seq=006811 caller=QUEST2 WRTN  DIST                 area_wfp=74003964 ret_pc=70168732 real_wsp=70001FD0 (was 74003950) shadow_wsp=70001FD0 master_wfp=70001FE4 depth=0
redirect seq=006813 caller=QUEST2 WSAVS DIST                 pc=70168717 area_wfp=74003964 argc=4 frame=0 real_wsp=70001FDA shadow_wsp=70001FE4 master_wfp=70001FE4 ret=70166E20 depth=1
redirect seq=006815 caller=QUEST2 WRTN  DIST                 area_wfp=74003964 ret_pc=70168732 real_wsp=70001FD0 (was 74003950) shadow_wsp=70001FD0 master_wfp=70001FE4 depth=0
redirect seq=006817 caller=QUEST2 WSAVS DIST                 pc=70168717 area_wfp=74003964 argc=4 frame=0 real_wsp=70001FDA shadow_wsp=70001FE4 master_wfp=70001FE4 ret=70166E20 depth=1
redirect seq=006819 caller=QUEST2 WRTN  DIST                 area_wfp=74003964 ret_pc=70168732 real_wsp=70001FD0 (was 74003950) shadow_wsp=70001FD0 master_wfp=70001FE4 depth=0
redirect seq=006823 caller=QUEST2 WSAVS DIST                 pc=70168717 area_wfp=74003964 argc=4 frame=0 real_wsp=70001FDA shadow_wsp=70001FE4 master_wfp=70001FE4 ret=70166E20 depth=1
redirect seq=006825 caller=QUEST2 WRTN  DIST                 area_wfp=74003964 ret_pc=70168732 real_wsp=70001FD0 (was 74003950) shadow_wsp=70001FD0 master_wfp=70001FE4 depth=0
redirect seq=006827 caller=QUEST2 WSAVS DIST                 pc=70168717 area_wfp=74003964 argc=4 frame=0 real_wsp=70001FDA shadow_wsp=70001FE4 master_wfp=70001FE4 ret=70166E20 depth=1
redirect seq=006830 caller=QUEST2 WRTN  DIST                 area_wfp=74003964 ret_pc=70168732 real_wsp=70001FD0 (was 74003950) shadow_wsp=70001FD0 master_wfp=70001FE4 depth=0
redirect seq=006832 caller=QUEST2 WSAVS DIST                 pc=70168717 area_wfp=74003964 argc=4 frame=0 real_wsp=70001FDA shadow_wsp=70001FE4 master_wfp=70001FE4 ret=70166E20 depth=1
redirect seq=006834 caller=QUEST2 WRTN  DIST                 area_wfp=74003964 ret_pc=70168732 real_wsp=70001FD0 (was 74003950) shadow_wsp=70001FD0 master_wfp=70001FE4 depth=0
redirect seq=006839 caller=QUEST2 WSAVS DIST                 pc=70168717 area_wfp=74003964 argc=4 frame=0 real_wsp=70001FDA shadow_wsp=70001FE4 master_wfp=70001FE4 ret=70166E20 depth=1
redirect seq=006841 caller=QUEST2 WRTN  DIST                 area_wfp=74003964 ret_pc=70168732 real_wsp=70001FD0 (was 74003950) shadow_wsp=70001FD0 master_wfp=70001FE4 depth=0
redirect seq=006843 caller=QUEST2 WSAVS DIST                 pc=70168717 area_wfp=74003964 argc=4 frame=0 real_wsp=70001FDA shadow_wsp=70001FE4 master_wfp=70001FE4 ret=70166E20 depth=1
redirect seq=006845 caller=QUEST2 WRTN  DIST                 area_wfp=74003964 ret_pc=70168732 real_wsp=70001FD0 (was 74003950) shadow_wsp=70001FD0 master_wfp=70001FE4 depth=0
redirect seq=006847 caller=QUEST2 WSAVS DIST                 pc=70168717 area_wfp=74003964 argc=4 frame=0 real_wsp=70001FDA shadow_wsp=70001FE4 master_wfp=70001FE4 ret=70166E20 depth=1
redirect seq=006849 caller=QUEST2 WRTN  DIST                 area_wfp=74003964 ret_pc=70168732 real_wsp=70001FD0 (was 74003950) shadow_wsp=70001FD0 master_wfp=70001FE4 depth=0
redirect seq=006852 caller=QUEST2 WSAVS DIST                 pc=70168717 area_wfp=74003964 argc=4 frame=0 real_wsp=70001FDA shadow_wsp=70001FE4 master_wfp=70001FE4 ret=70166E20 depth=1
redirect seq=006856 caller=QUEST2 WRTN  DIST                 area_wfp=74003964 ret_pc=70168732 real_wsp=70001FD0 (was 74003950) shadow_wsp=70001FD0 master_wfp=70001FE4 depth=0
redirect seq=006858 caller=QUEST2 WSAVS DIST                 pc=70168717 area_wfp=74003964 argc=4 frame=0 real_wsp=70001FDA shadow_wsp=70001FE4 master_wfp=70001FE4 ret=70166E20 depth=1
redirect seq=006860 caller=QUEST2 WRTN  DIST                 area_wfp=74003964 ret_pc=70168732 real_wsp=70001FD0 (was 74003950) shadow_wsp=70001FD0 master_wfp=70001FE4 depth=0
redirect seq=006862 caller=QUEST2 WSAVS DIST                 pc=70168717 area_wfp=74003964 argc=4 frame=0 real_wsp=70001FDA shadow_wsp=70001FE4 master_wfp=70001FE4 ret=70166E20 depth=1
redirect seq=006864 caller=QUEST2 WRTN  DIST                 area_wfp=74003964 ret_pc=70168732 real_wsp=70001FD0 (was 74003950) shadow_wsp=70001FD0 master_wfp=70001FE4 depth=0
redirect seq=006868 caller=QUEST2 WSAVS DIST                 pc=70168717 area_wfp=74003964 argc=4 frame=0 real_wsp=70001FDA shadow_wsp=70001FE4 master_wfp=70001FE4 ret=70166E20 depth=1
redirect seq=006870 caller=QUEST2 WRTN  DIST                 area_wfp=74003964 ret_pc=70168732 real_wsp=70001FD0 (was 74003950) shadow_wsp=70001FD0 master_wfp=70001FE4 depth=0
redirect seq=006872 caller=QUEST2 WSAVS DIST                 pc=70168717 area_wfp=74003964 argc=4 frame=0 real_wsp=70001FDA shadow_wsp=70001FE4 master_wfp=70001FE4 ret=70166E20 depth=1
redirect seq=006874 caller=QUEST2 WRTN  DIST                 area_wfp=74003964 ret_pc=70168732 real_wsp=70001FD0 (was 74003950) shadow_wsp=70001FD0 master_wfp=70001FE4 depth=0
redirect seq=006877 caller=QUEST2 WSAVS DIST                 pc=70168717 area_wfp=74003964 argc=4 frame=0 real_wsp=70001FDA shadow_wsp=70001FE4 master_wfp=70001FE4 ret=70166E20 depth=1
redirect seq=006879 caller=QUEST2 WRTN  DIST                 area_wfp=74003964 ret_pc=70168732 real_wsp=70001FD0 (was 74003950) shadow_wsp=70001FD0 master_wfp=70001FE4 depth=0
redirect seq=006884 caller=QUEST2 WSAVS DIST                 pc=70168717 area_wfp=74003964 argc=4 frame=0 real_wsp=70001FDA shadow_wsp=70001FE4 master_wfp=70001FE4 ret=70166E20 depth=1
redirect seq=006886 caller=QUEST2 WRTN  DIST                 area_wfp=74003964 ret_pc=70168732 real_wsp=70001FD0 (was 74003950) shadow_wsp=70001FD0 master_wfp=70001FE4 depth=0
redirect seq=006888 caller=QUEST2 WSAVS DIST                 pc=70168717 area_wfp=74003964 argc=4 frame=0 real_wsp=70001FDA shadow_wsp=70001FE4 master_wfp=70001FE4 ret=70166E20 depth=1
redirect seq=006890 caller=QUEST2 WRTN  DIST                 area_wfp=74003964 ret_pc=70168732 real_wsp=70001FD0 (was 74003950) shadow_wsp=70001FD0 master_wfp=70001FE4 depth=0
redirect seq=006892 caller=QUEST2 WSAVS DIST                 pc=70168717 area_wfp=74003964 argc=4 frame=0 real_wsp=70001FDA shadow_wsp=70001FE4 master_wfp=70001FE4 ret=70166E20 depth=1
redirect seq=006894 caller=QUEST2 WRTN  DIST                 area_wfp=74003964 ret_pc=70168732 real_wsp=70001FD0 (was 74003950) shadow_wsp=70001FD0 master_wfp=70001FE4 depth=0
redirect seq=006897 caller=QUEST2 WSAVS DIST                 pc=70168717 area_wfp=74003964 argc=4 frame=0 real_wsp=70001FDA shadow_wsp=70001FE4 master_wfp=70001FE4 ret=70166E20 depth=1
redirect seq=006901 caller=QUEST2 WRTN  DIST                 area_wfp=74003964 ret_pc=70168732 real_wsp=70001FD0 (was 74003950) shadow_wsp=70001FD0 master_wfp=70001FE4 depth=0
redirect seq=006903 caller=QUEST2 WSAVS DIST                 pc=70168717 area_wfp=74003964 argc=4 frame=0 real_wsp=70001FDA shadow_wsp=70001FE4 master_wfp=70001FE4 ret=70166E20 depth=1
redirect seq=006905 caller=QUEST2 WRTN  DIST                 area_wfp=74003964 ret_pc=70168732 real_wsp=70001FD0 (was 74003950) shadow_wsp=70001FD0 master_wfp=70001FE4 depth=0
redirect seq=006907 caller=QUEST2 WSAVS DIST                 pc=70168717 area_wfp=74003964 argc=4 frame=0 real_wsp=70001FDA shadow_wsp=70001FE4 master_wfp=70001FE4 ret=70166E20 depth=1
redirect seq=006909 caller=QUEST2 WRTN  DIST                 area_wfp=74003964 ret_pc=70168732 real_wsp=70001FD0 (was 74003950) shadow_wsp=70001FD0 master_wfp=70001FE4 depth=0
redirect seq=006913 caller=QUEST2 WSAVS DIST                 pc=70168717 area_wfp=74003964 argc=4 frame=0 real_wsp=70001FDA shadow_wsp=70001FE4 master_wfp=70001FE4 ret=70166E20 depth=1
redirect seq=006915 caller=QUEST2 WRTN  DIST                 area_wfp=74003964 ret_pc=70168732 real_wsp=70001FD0 (was 74003950) shadow_wsp=70001FD0 master_wfp=70001FE4 depth=0
redirect seq=006917 caller=QUEST2 WSAVS DIST                 pc=70168717 area_wfp=74003964 argc=4 frame=0 real_wsp=70001FDA shadow_wsp=70001FE4 master_wfp=70001FE4 ret=70166E20 depth=1
redirect seq=006919 caller=QUEST2 WRTN  DIST                 area_wfp=74003964 ret_pc=70168732 real_wsp=70001FD0 (was 74003950) shadow_wsp=70001FD0 master_wfp=70001FE4 depth=0
redirect seq=006922 caller=QUEST2 WSAVS DIST                 pc=70168717 area_wfp=74003964 argc=4 frame=0 real_wsp=70001FDA shadow_wsp=70001FE4 master_wfp=70001FE4 ret=70166E20 depth=1
redirect seq=006924 caller=QUEST2 WRTN  DIST                 area_wfp=74003964 ret_pc=70168732 real_wsp=70001FD0 (was 74003950) shadow_wsp=70001FD0 master_wfp=70001FE4 depth=0
redirect seq=006929 caller=QUEST2 WSAVS DIST                 pc=70168717 area_wfp=74003964 argc=4 frame=0 real_wsp=70001FDA shadow_wsp=70001FE4 master_wfp=70001FE4 ret=70166E20 depth=1
redirect seq=006931 caller=QUEST2 WRTN  DIST                 area_wfp=74003964 ret_pc=70168732 real_wsp=70001FD0 (was 74003950) shadow_wsp=70001FD0 master_wfp=70001FE4 depth=0
redirect seq=006933 caller=QUEST2 WSAVS DIST                 pc=70168717 area_wfp=74003964 argc=4 frame=0 real_wsp=70001FDA shadow_wsp=70001FE4 master_wfp=70001FE4 ret=70166E20 depth=1
redirect seq=006935 caller=QUEST2 WRTN  DIST                 area_wfp=74003964 ret_pc=70168732 real_wsp=70001FD0 (was 74003950) shadow_wsp=70001FD0 master_wfp=70001FE4 depth=0
redirect seq=006937 caller=QUEST2 WSAVS DIST                 pc=70168717 area_wfp=74003964 argc=4 frame=0 real_wsp=70001FDA shadow_wsp=70001FE4 master_wfp=70001FE4 ret=70166E20 depth=1
redirect seq=006939 caller=QUEST2 WRTN  DIST                 area_wfp=74003964 ret_pc=70168732 real_wsp=70001FD0 (was 74003950) shadow_wsp=70001FD0 master_wfp=70001FE4 depth=0
redirect seq=006942 caller=QUEST2 WSAVS DIST                 pc=70168717 area_wfp=74003964 argc=4 frame=0 real_wsp=70001FDA shadow_wsp=70001FE4 master_wfp=70001FE4 ret=70166E20 depth=1
redirect seq=006944 caller=QUEST2 WRTN  DIST                 area_wfp=74003964 ret_pc=70168732 real_wsp=70001FD0 (was 74003950) shadow_wsp=70001FD0 master_wfp=70001FE4 depth=0
redirect seq=006948 caller=QUEST2 WSAVS DIST                 pc=70168717 area_wfp=74003964 argc=4 frame=0 real_wsp=70001FDA shadow_wsp=70001FE4 master_wfp=70001FE4 ret=70166E20 depth=1
redirect seq=006950 caller=QUEST2 WRTN  DIST                 area_wfp=74003964 ret_pc=70168732 real_wsp=70001FD0 (was 74003950) shadow_wsp=70001FD0 master_wfp=70001FE4 depth=0
redirect seq=006952 caller=QUEST2 WSAVS DIST                 pc=70168717 area_wfp=74003964 argc=4 frame=0 real_wsp=70001FDA shadow_wsp=70001FE4 master_wfp=70001FE4 ret=70166E20 depth=1
redirect seq=006954 caller=QUEST2 WRTN  DIST                 area_wfp=74003964 ret_pc=70168732 real_wsp=70001FD0 (was 74003950) shadow_wsp=70001FD0 master_wfp=70001FE4 depth=0
redirect seq=006959 caller=QUEST2 WSAVS DIST                 pc=70168717 area_wfp=74003964 argc=4 frame=0 real_wsp=70001FDA shadow_wsp=70001FE4 master_wfp=70001FE4 ret=70166E20 depth=1
redirect seq=006961 caller=QUEST2 WRTN  DIST                 area_wfp=74003964 ret_pc=70168732 real_wsp=70001FD0 (was 74003950) shadow_wsp=70001FD0 master_wfp=70001FE4 depth=0
redirect seq=006963 caller=QUEST2 WSAVS DIST                 pc=70168717 area_wfp=74003964 argc=4 frame=0 real_wsp=70001FDA shadow_wsp=70001FE4 master_wfp=70001FE4 ret=70166E20 depth=1
redirect seq=006965 caller=QUEST2 WRTN  DIST                 area_wfp=74003964 ret_pc=70168732 real_wsp=70001FD0 (was 74003950) shadow_wsp=70001FD0 master_wfp=70001FE4 depth=0
redirect seq=006967 caller=QUEST2 WSAVS DIST                 pc=70168717 area_wfp=74003964 argc=4 frame=0 real_wsp=70001FDA shadow_wsp=70001FE4 master_wfp=70001FE4 ret=70166E20 depth=1
redirect seq=006969 caller=QUEST2 WRTN  DIST                 area_wfp=74003964 ret_pc=70168732 real_wsp=70001FD0 (was 74003950) shadow_wsp=70001FD0 master_wfp=70001FE4 depth=0
redirect seq=006974 caller=QUEST2 WSAVS DIST                 pc=70168717 area_wfp=74003964 argc=4 frame=0 real_wsp=70001FDA shadow_wsp=70001FE4 master_wfp=70001FE4 ret=70166E20 depth=1
redirect seq=006976 caller=QUEST2 WRTN  DIST                 area_wfp=74003964 ret_pc=70168732 real_wsp=70001FD0 (was 74003950) shadow_wsp=70001FD0 master_wfp=70001FE4 depth=0
redirect seq=006978 caller=QUEST2 WSAVS DIST                 pc=70168717 area_wfp=74003964 argc=4 frame=0 real_wsp=70001FDA shadow_wsp=70001FE4 master_wfp=70001FE4 ret=70166E20 depth=1
redirect seq=006980 caller=QUEST2 WRTN  DIST                 area_wfp=74003964 ret_pc=70168732 real_wsp=70001FD0 (was 74003950) shadow_wsp=70001FD0 master_wfp=70001FE4 depth=0
redirect seq=006982 caller=QUEST2 WSAVS DIST                 pc=70168717 area_wfp=74003964 argc=4 frame=0 real_wsp=70001FDA shadow_wsp=70001FE4 master_wfp=70001FE4 ret=70166E20 depth=1
redirect seq=006984 caller=QUEST2 WRTN  DIST                 area_wfp=74003964 ret_pc=70168732 real_wsp=70001FD0 (was 74003950) shadow_wsp=70001FD0 master_wfp=70001FE4 depth=0
redirect seq=006989 caller=QUEST2 WSAVS DIST                 pc=70168717 area_wfp=74003964 argc=4 frame=0 real_wsp=70001FDA shadow_wsp=70001FE4 master_wfp=70001FE4 ret=70166E20 depth=1
redirect seq=006991 caller=QUEST2 WRTN  DIST                 area_wfp=74003964 ret_pc=70168732 real_wsp=70001FD0 (was 74003950) shadow_wsp=70001FD0 master_wfp=70001FE4 depth=0
redirect seq=006993 caller=QUEST2 WSAVS DIST                 pc=70168717 area_wfp=74003964 argc=4 frame=0 real_wsp=70001FDA shadow_wsp=70001FE4 master_wfp=70001FE4 ret=70166E20 depth=1
redirect seq=006995 caller=QUEST2 WRTN  DIST                 area_wfp=74003964 ret_pc=70168732 real_wsp=70001FD0 (was 74003950) shadow_wsp=70001FD0 master_wfp=70001FE4 depth=0
redirect seq=006997 caller=QUEST2 WSAVS DIST                 pc=70168717 area_wfp=74003964 argc=4 frame=0 real_wsp=70001FDA shadow_wsp=70001FE4 master_wfp=70001FE4 ret=70166E20 depth=1
redirect seq=006999 caller=QUEST2 WRTN  DIST                 area_wfp=74003964 ret_pc=70168732 real_wsp=70001FD0 (was 74003950) shadow_wsp=70001FD0 master_wfp=70001FE4 depth=0
redirect seq=007004 caller=QUEST2 WSAVS DIST                 pc=70168717 area_wfp=74003964 argc=4 frame=0 real_wsp=70001FDA shadow_wsp=70001FE4 master_wfp=70001FE4 ret=70166E20 depth=1
redirect seq=007006 caller=QUEST2 WRTN  DIST                 area_wfp=74003964 ret_pc=70168732 real_wsp=70001FD0 (was 74003950) shadow_wsp=70001FD0 master_wfp=70001FE4 depth=0
redirect seq=007008 caller=QUEST2 WSAVS DIST                 pc=70168717 area_wfp=74003964 argc=4 frame=0 real_wsp=70001FDA shadow_wsp=70001FE4 master_wfp=70001FE4 ret=70166E20 depth=1
redirect seq=007010 caller=QUEST2 WRTN  DIST                 area_wfp=74003964 ret_pc=70168732 real_wsp=70001FD0 (was 74003950) shadow_wsp=70001FD0 master_wfp=70001FE4 depth=0
redirect seq=007012 caller=QUEST2 WSAVS DIST                 pc=70168717 area_wfp=74003964 argc=4 frame=0 real_wsp=70001FDA shadow_wsp=70001FE4 master_wfp=70001FE4 ret=70166E20 depth=1
redirect seq=007014 caller=QUEST2 WRTN  DIST                 area_wfp=74003964 ret_pc=70168732 real_wsp=70001FD0 (was 74003950) shadow_wsp=70001FD0 master_wfp=70001FE4 depth=0
redirect seq=007017 caller=QUEST2 WSAVS DIST                 pc=70168717 area_wfp=74003964 argc=4 frame=0 real_wsp=70001FDA shadow_wsp=70001FE4 master_wfp=70001FE4 ret=70166E20 depth=1
redirect seq=007021 caller=QUEST2 WRTN  DIST                 area_wfp=74003964 ret_pc=70168732 real_wsp=70001FD0 (was 74003950) shadow_wsp=70001FD0 master_wfp=70001FE4 depth=0
redirect seq=007023 caller=QUEST2 WSAVS DIST                 pc=70168717 area_wfp=74003964 argc=4 frame=0 real_wsp=70001FDA shadow_wsp=70001FE4 master_wfp=70001FE4 ret=70166E20 depth=1
redirect seq=007025 caller=QUEST2 WRTN  DIST                 area_wfp=74003964 ret_pc=70168732 real_wsp=70001FD0 (was 74003950) shadow_wsp=70001FD0 master_wfp=70001FE4 depth=0
redirect seq=007027 caller=QUEST2 WSAVS DIST                 pc=70168717 area_wfp=74003964 argc=4 frame=0 real_wsp=70001FDA shadow_wsp=70001FE4 master_wfp=70001FE4 ret=70166E20 depth=1
redirect seq=007029 caller=QUEST2 WRTN  DIST                 area_wfp=74003964 ret_pc=70168732 real_wsp=70001FD0 (was 74003950) shadow_wsp=70001FD0 master_wfp=70001FE4 depth=0
redirect seq=007033 caller=QUEST2 WSAVS DIST                 pc=70168717 area_wfp=74003964 argc=4 frame=0 real_wsp=70001FDA shadow_wsp=70001FE4 master_wfp=70001FE4 ret=70166E20 depth=1
redirect seq=007035 caller=QUEST2 WRTN  DIST                 area_wfp=74003964 ret_pc=70168732 real_wsp=70001FD0 (was 74003950) shadow_wsp=70001FD0 master_wfp=70001FE4 depth=0
redirect seq=007037 caller=QUEST2 WSAVS DIST                 pc=70168717 area_wfp=74003964 argc=4 frame=0 real_wsp=70001FDA shadow_wsp=70001FE4 master_wfp=70001FE4 ret=70166E20 depth=1
redirect seq=007039 caller=QUEST2 WRTN  DIST                 area_wfp=74003964 ret_pc=70168732 real_wsp=70001FD0 (was 74003950) shadow_wsp=70001FD0 master_wfp=70001FE4 depth=0
redirect seq=007042 caller=QUEST2 WSAVS DIST                 pc=70168717 area_wfp=74003964 argc=4 frame=0 real_wsp=70001FDA shadow_wsp=70001FE4 master_wfp=70001FE4 ret=70166E20 depth=1
redirect seq=007044 caller=QUEST2 WRTN  DIST                 area_wfp=74003964 ret_pc=70168732 real_wsp=70001FD0 (was 74003950) shadow_wsp=70001FD0 master_wfp=70001FE4 depth=0
redirect seq=007049 caller=QUEST2 WSAVS DIST                 pc=70168717 area_wfp=74003964 argc=4 frame=0 real_wsp=70001FDA shadow_wsp=70001FE4 master_wfp=70001FE4 ret=70166E20 depth=1
redirect seq=007051 caller=QUEST2 WRTN  DIST                 area_wfp=74003964 ret_pc=70168732 real_wsp=70001FD0 (was 74003950) shadow_wsp=70001FD0 master_wfp=70001FE4 depth=0
redirect seq=007053 caller=QUEST2 WSAVS DIST                 pc=70168717 area_wfp=74003964 argc=4 frame=0 real_wsp=70001FDA shadow_wsp=70001FE4 master_wfp=70001FE4 ret=70166E20 depth=1
redirect seq=007055 caller=QUEST2 WRTN  DIST                 area_wfp=74003964 ret_pc=70168732 real_wsp=70001FD0 (was 74003950) shadow_wsp=70001FD0 master_wfp=70001FE4 depth=0
redirect seq=007057 caller=QUEST2 WSAVS DIST                 pc=70168717 area_wfp=74003964 argc=4 frame=0 real_wsp=70001FDA shadow_wsp=70001FE4 master_wfp=70001FE4 ret=70166E20 depth=1
redirect seq=007059 caller=QUEST2 WRTN  DIST                 area_wfp=74003964 ret_pc=70168732 real_wsp=70001FD0 (was 74003950) shadow_wsp=70001FD0 master_wfp=70001FE4 depth=0
redirect seq=007063 caller=QUEST2 WSAVS DIST                 pc=70168717 area_wfp=74003964 argc=4 frame=0 real_wsp=70001FDA shadow_wsp=70001FE4 master_wfp=70001FE4 ret=70166E20 depth=1
redirect seq=007065 caller=QUEST2 WRTN  DIST                 area_wfp=74003964 ret_pc=70168732 real_wsp=70001FD0 (was 74003950) shadow_wsp=70001FD0 master_wfp=70001FE4 depth=0
redirect seq=007067 caller=QUEST2 WSAVS DIST                 pc=70168717 area_wfp=74003964 argc=4 frame=0 real_wsp=70001FDA shadow_wsp=70001FE4 master_wfp=70001FE4 ret=70166E20 depth=1
redirect seq=007069 caller=QUEST2 WRTN  DIST                 area_wfp=74003964 ret_pc=70168732 real_wsp=70001FD0 (was 74003950) shadow_wsp=70001FD0 master_wfp=70001FE4 depth=0
redirect seq=007072 caller=QUEST2 WSAVS DIST                 pc=70168717 area_wfp=74003964 argc=4 frame=0 real_wsp=70001FDA shadow_wsp=70001FE4 master_wfp=70001FE4 ret=70166E20 depth=1
redirect seq=007074 caller=QUEST2 WRTN  DIST                 area_wfp=74003964 ret_pc=70168732 real_wsp=70001FD0 (was 74003950) shadow_wsp=70001FD0 master_wfp=70001FE4 depth=0
redirect seq=007079 caller=QUEST2 WSAVS DIST                 pc=70168717 area_wfp=74003964 argc=4 frame=0 real_wsp=70001FDA shadow_wsp=70001FE4 master_wfp=70001FE4 ret=70166E20 depth=1
redirect seq=007081 caller=QUEST2 WRTN  DIST                 area_wfp=74003964 ret_pc=70168732 real_wsp=70001FD0 (was 74003950) shadow_wsp=70001FD0 master_wfp=70001FE4 depth=0
redirect seq=007083 caller=QUEST2 WSAVS DIST                 pc=70168717 area_wfp=74003964 argc=4 frame=0 real_wsp=70001FDA shadow_wsp=70001FE4 master_wfp=70001FE4 ret=70166E20 depth=1
redirect seq=007085 caller=QUEST2 WRTN  DIST                 area_wfp=74003964 ret_pc=70168732 real_wsp=70001FD0 (was 74003950) shadow_wsp=70001FD0 master_wfp=70001FE4 depth=0
redirect seq=007087 caller=QUEST2 WSAVS DIST                 pc=70168717 area_wfp=74003964 argc=4 frame=0 real_wsp=70001FDA shadow_wsp=70001FE4 master_wfp=70001FE4 ret=70166E20 depth=1
redirect seq=007089 caller=QUEST2 WRTN  DIST                 area_wfp=74003964 ret_pc=70168732 real_wsp=70001FD0 (was 74003950) shadow_wsp=70001FD0 master_wfp=70001FE4 depth=0
redirect seq=007094 caller=QUEST2 WSAVS DIST                 pc=70168717 area_wfp=74003964 argc=4 frame=0 real_wsp=70001FDA shadow_wsp=70001FE4 master_wfp=70001FE4 ret=70166E20 depth=1
redirect seq=007096 caller=QUEST2 WRTN  DIST                 area_wfp=74003964 ret_pc=70168732 real_wsp=70001FD0 (was 74003950) shadow_wsp=70001FD0 master_wfp=70001FE4 depth=0
redirect seq=007098 caller=QUEST2 WSAVS DIST                 pc=70168717 area_wfp=74003964 argc=4 frame=0 real_wsp=70001FDA shadow_wsp=70001FE4 master_wfp=70001FE4 ret=70166E20 depth=1
redirect seq=007100 caller=QUEST2 WRTN  DIST                 area_wfp=74003964 ret_pc=70168732 real_wsp=70001FD0 (was 74003950) shadow_wsp=70001FD0 master_wfp=70001FE4 depth=0
redirect seq=007102 caller=QUEST2 WSAVS DIST                 pc=70168717 area_wfp=74003964 argc=4 frame=0 real_wsp=70001FDA shadow_wsp=70001FE4 master_wfp=70001FE4 ret=70166E20 depth=1
redirect seq=007104 caller=QUEST2 WRTN  DIST                 area_wfp=74003964 ret_pc=70168732 real_wsp=70001FD0 (was 74003950) shadow_wsp=70001FD0 master_wfp=70001FE4 depth=0
redirect seq=007109 caller=QUEST2 WSAVS DIST                 pc=70168717 area_wfp=74003964 argc=4 frame=0 real_wsp=70001FDA shadow_wsp=70001FE4 master_wfp=70001FE4 ret=70166E20 depth=1
redirect seq=007111 caller=QUEST2 WRTN  DIST                 area_wfp=74003964 ret_pc=70168732 real_wsp=70001FD0 (was 74003950) shadow_wsp=70001FD0 master_wfp=70001FE4 depth=0
redirect seq=007113 caller=QUEST2 WSAVS DIST                 pc=70168717 area_wfp=74003964 argc=4 frame=0 real_wsp=70001FDA shadow_wsp=70001FE4 master_wfp=70001FE4 ret=70166E20 depth=1
redirect seq=007115 caller=QUEST2 WRTN  DIST                 area_wfp=74003964 ret_pc=70168732 real_wsp=70001FD0 (was 74003950) shadow_wsp=70001FD0 master_wfp=70001FE4 depth=0
redirect seq=007117 caller=QUEST2 WSAVS DIST                 pc=70168717 area_wfp=74003964 argc=4 frame=0 real_wsp=70001FDA shadow_wsp=70001FE4 master_wfp=70001FE4 ret=70166E20 depth=1
redirect seq=007119 caller=QUEST2 WRTN  DIST                 area_wfp=74003964 ret_pc=70168732 real_wsp=70001FD0 (was 74003950) shadow_wsp=70001FD0 master_wfp=70001FE4 depth=0
redirect seq=007124 caller=QUEST2 WSAVS DIST                 pc=70168717 area_wfp=74003964 argc=4 frame=0 real_wsp=70001FDA shadow_wsp=70001FE4 master_wfp=70001FE4 ret=70166E20 depth=1
redirect seq=007126 caller=QUEST2 WRTN  DIST                 area_wfp=74003964 ret_pc=70168732 real_wsp=70001FD0 (was 74003950) shadow_wsp=70001FD0 master_wfp=70001FE4 depth=0
redirect seq=007128 caller=QUEST2 WSAVS DIST                 pc=70168717 area_wfp=74003964 argc=4 frame=0 real_wsp=70001FDA shadow_wsp=70001FE4 master_wfp=70001FE4 ret=70166E20 depth=1
redirect seq=007130 caller=QUEST2 WRTN  DIST                 area_wfp=74003964 ret_pc=70168732 real_wsp=70001FD0 (was 74003950) shadow_wsp=70001FD0 master_wfp=70001FE4 depth=0
redirect seq=007132 caller=QUEST2 WSAVS DIST                 pc=70168717 area_wfp=74003964 argc=4 frame=0 real_wsp=70001FDA shadow_wsp=70001FE4 master_wfp=70001FE4 ret=70166E20 depth=1
redirect seq=007134 caller=QUEST2 WRTN  DIST                 area_wfp=74003964 ret_pc=70168732 real_wsp=70001FD0 (was 74003950) shadow_wsp=70001FD0 master_wfp=70001FE4 depth=0
redirect seq=007138 caller=QUEST2 WSAVS DIST                 pc=70168717 area_wfp=74003964 argc=4 frame=0 real_wsp=70001FDA shadow_wsp=70001FE4 master_wfp=70001FE4 ret=70166E20 depth=1
redirect seq=007140 caller=QUEST2 WRTN  DIST                 area_wfp=74003964 ret_pc=70168732 real_wsp=70001FD0 (was 74003950) shadow_wsp=70001FD0 master_wfp=70001FE4 depth=0
redirect seq=007142 caller=QUEST2 WSAVS DIST                 pc=70168717 area_wfp=74003964 argc=4 frame=0 real_wsp=70001FDA shadow_wsp=70001FE4 master_wfp=70001FE4 ret=70166E20 depth=1
redirect seq=007145 caller=QUEST2 WRTN  DIST                 area_wfp=74003964 ret_pc=70168732 real_wsp=70001FD0 (was 74003950) shadow_wsp=70001FD0 master_wfp=70001FE4 depth=0
redirect seq=007147 caller=QUEST2 WSAVS DIST                 pc=70168717 area_wfp=74003964 argc=4 frame=0 real_wsp=70001FDA shadow_wsp=70001FE4 master_wfp=70001FE4 ret=70166E20 depth=1
redirect seq=007149 caller=QUEST2 WRTN  DIST                 area_wfp=74003964 ret_pc=70168732 real_wsp=70001FD0 (was 74003950) shadow_wsp=70001FD0 master_wfp=70001FE4 depth=0
redirect seq=007154 caller=QUEST2 WSAVS DIST                 pc=70168717 area_wfp=74003964 argc=4 frame=0 real_wsp=70001FDA shadow_wsp=70001FE4 master_wfp=70001FE4 ret=70166E20 depth=1
redirect seq=007156 caller=QUEST2 WRTN  DIST                 area_wfp=74003964 ret_pc=70168732 real_wsp=70001FD0 (was 74003950) shadow_wsp=70001FD0 master_wfp=70001FE4 depth=0
redirect seq=007158 caller=QUEST2 WSAVS DIST                 pc=70168717 area_wfp=74003964 argc=4 frame=0 real_wsp=70001FDA shadow_wsp=70001FE4 master_wfp=70001FE4 ret=70166E20 depth=1
redirect seq=007160 caller=QUEST2 WRTN  DIST                 area_wfp=74003964 ret_pc=70168732 real_wsp=70001FD0 (was 74003950) shadow_wsp=70001FD0 master_wfp=70001FE4 depth=0
redirect seq=007162 caller=QUEST2 WSAVS DIST                 pc=70168717 area_wfp=74003964 argc=4 frame=0 real_wsp=70001FDA shadow_wsp=70001FE4 master_wfp=70001FE4 ret=70166E20 depth=1
redirect seq=007164 caller=QUEST2 WRTN  DIST                 area_wfp=74003964 ret_pc=70168732 real_wsp=70001FD0 (was 74003950) shadow_wsp=70001FD0 master_wfp=70001FE4 depth=0
redirect seq=007168 caller=QUEST2 WSAVS DIST                 pc=70168717 area_wfp=74003964 argc=4 frame=0 real_wsp=70001FDA shadow_wsp=70001FE4 master_wfp=70001FE4 ret=70166E20 depth=1
redirect seq=007170 caller=QUEST2 WRTN  DIST                 area_wfp=74003964 ret_pc=70168732 real_wsp=70001FD0 (was 74003950) shadow_wsp=70001FD0 master_wfp=70001FE4 depth=0
redirect seq=007172 caller=QUEST2 WSAVS DIST                 pc=70168717 area_wfp=74003964 argc=4 frame=0 real_wsp=70001FDA shadow_wsp=70001FE4 master_wfp=70001FE4 ret=70166E20 depth=1
redirect seq=007175 caller=QUEST2 WRTN  DIST                 area_wfp=74003964 ret_pc=70168732 real_wsp=70001FD0 (was 74003950) shadow_wsp=70001FD0 master_wfp=70001FE4 depth=0
redirect seq=007177 caller=QUEST2 WSAVS DIST                 pc=70168717 area_wfp=74003964 argc=4 frame=0 real_wsp=70001FDA shadow_wsp=70001FE4 master_wfp=70001FE4 ret=70166E20 depth=1
redirect seq=007179 caller=QUEST2 WRTN  DIST                 area_wfp=74003964 ret_pc=70168732 real_wsp=70001FD0 (was 74003950) shadow_wsp=70001FD0 master_wfp=70001FE4 depth=0
redirect seq=007184 caller=QUEST2 WSAVS DIST                 pc=70168717 area_wfp=74003964 argc=4 frame=0 real_wsp=70001FDA shadow_wsp=70001FE4 master_wfp=70001FE4 ret=70166E20 depth=1
redirect seq=007186 caller=QUEST2 WRTN  DIST                 area_wfp=74003964 ret_pc=70168732 real_wsp=70001FD0 (was 74003950) shadow_wsp=70001FD0 master_wfp=70001FE4 depth=0
redirect seq=007188 caller=QUEST2 WSAVS DIST                 pc=70168717 area_wfp=74003964 argc=4 frame=0 real_wsp=70001FDA shadow_wsp=70001FE4 master_wfp=70001FE4 ret=70166E20 depth=1
redirect seq=007190 caller=QUEST2 WRTN  DIST                 area_wfp=74003964 ret_pc=70168732 real_wsp=70001FD0 (was 74003950) shadow_wsp=70001FD0 master_wfp=70001FE4 depth=0
redirect seq=007192 caller=QUEST2 WSAVS DIST                 pc=70168717 area_wfp=74003964 argc=4 frame=0 real_wsp=70001FDA shadow_wsp=70001FE4 master_wfp=70001FE4 ret=70166E20 depth=1
redirect seq=007194 caller=QUEST2 WRTN  DIST                 area_wfp=74003964 ret_pc=70168732 real_wsp=70001FD0 (was 74003950) shadow_wsp=70001FD0 master_wfp=70001FE4 depth=0
redirect seq=007197 caller=QUEST2 WSAVS DIST                 pc=70168717 area_wfp=74003964 argc=4 frame=0 real_wsp=70001FDA shadow_wsp=70001FE4 master_wfp=70001FE4 ret=70166E20 depth=1
redirect seq=007199 caller=QUEST2 WRTN  DIST                 area_wfp=74003964 ret_pc=70168732 real_wsp=70001FD0 (was 74003950) shadow_wsp=70001FD0 master_wfp=70001FE4 depth=0
redirect seq=007203 caller=QUEST2 WSAVS DIST                 pc=70168717 area_wfp=74003964 argc=4 frame=0 real_wsp=70001FDA shadow_wsp=70001FE4 master_wfp=70001FE4 ret=70166E20 depth=1
redirect seq=007205 caller=QUEST2 WRTN  DIST                 area_wfp=74003964 ret_pc=70168732 real_wsp=70001FD0 (was 74003950) shadow_wsp=70001FD0 master_wfp=70001FE4 depth=0
redirect seq=007207 caller=QUEST2 WSAVS DIST                 pc=70168717 area_wfp=74003964 argc=4 frame=0 real_wsp=70001FDA shadow_wsp=70001FE4 master_wfp=70001FE4 ret=70166E20 depth=1
redirect seq=007209 caller=QUEST2 WRTN  DIST                 area_wfp=74003964 ret_pc=70168732 real_wsp=70001FD0 (was 74003950) shadow_wsp=70001FD0 master_wfp=70001FE4 depth=0
redirect seq=007214 caller=QUEST2 WSAVS DIST                 pc=70168717 area_wfp=74003964 argc=4 frame=0 real_wsp=70001FDA shadow_wsp=70001FE4 master_wfp=70001FE4 ret=70166E20 depth=1
redirect seq=007216 caller=QUEST2 WRTN  DIST                 area_wfp=74003964 ret_pc=70168732 real_wsp=70001FD0 (was 74003950) shadow_wsp=70001FD0 master_wfp=70001FE4 depth=0
redirect seq=007218 caller=QUEST2 WSAVS DIST                 pc=70168717 area_wfp=74003964 argc=4 frame=0 real_wsp=70001FDA shadow_wsp=70001FE4 master_wfp=70001FE4 ret=70166E20 depth=1
redirect seq=007220 caller=QUEST2 WRTN  DIST                 area_wfp=74003964 ret_pc=70168732 real_wsp=70001FD0 (was 74003950) shadow_wsp=70001FD0 master_wfp=70001FE4 depth=0
redirect seq=007222 caller=QUEST2 WSAVS DIST                 pc=70168717 area_wfp=74003964 argc=4 frame=0 real_wsp=70001FDA shadow_wsp=70001FE4 master_wfp=70001FE4 ret=70166E20 depth=1
redirect seq=007224 caller=QUEST2 WRTN  DIST                 area_wfp=74003964 ret_pc=70168732 real_wsp=70001FD0 (was 74003950) shadow_wsp=70001FD0 master_wfp=70001FE4 depth=0
redirect seq=007227 caller=QUEST2 WSAVS DIST                 pc=70168717 area_wfp=74003964 argc=4 frame=0 real_wsp=70001FDA shadow_wsp=70001FE4 master_wfp=70001FE4 ret=70166E20 depth=1
redirect seq=007229 caller=QUEST2 WRTN  DIST                 area_wfp=74003964 ret_pc=70168732 real_wsp=70001FD0 (was 74003950) shadow_wsp=70001FD0 master_wfp=70001FE4 depth=0
redirect seq=007233 caller=QUEST2 WSAVS DIST                 pc=70168717 area_wfp=74003964 argc=4 frame=0 real_wsp=70001FDA shadow_wsp=70001FE4 master_wfp=70001FE4 ret=70166E20 depth=1
redirect seq=007235 caller=QUEST2 WRTN  DIST                 area_wfp=74003964 ret_pc=70168732 real_wsp=70001FD0 (was 74003950) shadow_wsp=70001FD0 master_wfp=70001FE4 depth=0
redirect seq=007237 caller=QUEST2 WSAVS DIST                 pc=70168717 area_wfp=74003964 argc=4 frame=0 real_wsp=70001FDA shadow_wsp=70001FE4 master_wfp=70001FE4 ret=70166E20 depth=1
redirect seq=007239 caller=QUEST2 WRTN  DIST                 area_wfp=74003964 ret_pc=70168732 real_wsp=70001FD0 (was 74003950) shadow_wsp=70001FD0 master_wfp=70001FE4 depth=0
redirect seq=007244 caller=QUEST2 WSAVS DIST                 pc=70168717 area_wfp=74003964 argc=4 frame=0 real_wsp=70001FDA shadow_wsp=70001FE4 master_wfp=70001FE4 ret=70166E20 depth=1
redirect seq=007246 caller=QUEST2 WRTN  DIST                 area_wfp=74003964 ret_pc=70168732 real_wsp=70001FD0 (was 74003950) shadow_wsp=70001FD0 master_wfp=70001FE4 depth=0
redirect seq=007248 caller=QUEST2 WSAVS DIST                 pc=70168717 area_wfp=74003964 argc=4 frame=0 real_wsp=70001FDA shadow_wsp=70001FE4 master_wfp=70001FE4 ret=70166E20 depth=1
redirect seq=007250 caller=QUEST2 WRTN  DIST                 area_wfp=74003964 ret_pc=70168732 real_wsp=70001FD0 (was 74003950) shadow_wsp=70001FD0 master_wfp=70001FE4 depth=0
redirect seq=007252 caller=QUEST2 WSAVS DIST                 pc=70168717 area_wfp=74003964 argc=4 frame=0 real_wsp=70001FDA shadow_wsp=70001FE4 master_wfp=70001FE4 ret=70166E20 depth=1
redirect seq=007254 caller=QUEST2 WRTN  DIST                 area_wfp=74003964 ret_pc=70168732 real_wsp=70001FD0 (was 74003950) shadow_wsp=70001FD0 master_wfp=70001FE4 depth=0
redirect seq=007257 caller=QUEST2 WSAVS DIST                 pc=70168717 area_wfp=74003964 argc=4 frame=0 real_wsp=70001FDA shadow_wsp=70001FE4 master_wfp=70001FE4 ret=70166E20 depth=1
redirect seq=007259 caller=QUEST2 WRTN  DIST                 area_wfp=74003964 ret_pc=70168732 real_wsp=70001FD0 (was 74003950) shadow_wsp=70001FD0 master_wfp=70001FE4 depth=0
redirect seq=007263 caller=QUEST2 WSAVS DIST                 pc=70168717 area_wfp=74003964 argc=4 frame=0 real_wsp=70001FDA shadow_wsp=70001FE4 master_wfp=70001FE4 ret=70166E20 depth=1
redirect seq=007265 caller=QUEST2 WRTN  DIST                 area_wfp=74003964 ret_pc=70168732 real_wsp=70001FD0 (was 74003950) shadow_wsp=70001FD0 master_wfp=70001FE4 depth=0
redirect seq=007267 caller=QUEST2 WSAVS DIST                 pc=70168717 area_wfp=74003964 argc=4 frame=0 real_wsp=70001FDA shadow_wsp=70001FE4 master_wfp=70001FE4 ret=70166E20 depth=1
redirect seq=007269 caller=QUEST2 WRTN  DIST                 area_wfp=74003964 ret_pc=70168732 real_wsp=70001FD0 (was 74003950) shadow_wsp=70001FD0 master_wfp=70001FE4 depth=0
redirect seq=007274 caller=QUEST2 WSAVS DIST                 pc=70168717 area_wfp=74003964 argc=4 frame=0 real_wsp=70001FDA shadow_wsp=70001FE4 master_wfp=70001FE4 ret=70166E20 depth=1
redirect seq=007276 caller=QUEST2 WRTN  DIST                 area_wfp=74003964 ret_pc=70168732 real_wsp=70001FD0 (was 74003950) shadow_wsp=70001FD0 master_wfp=70001FE4 depth=0
redirect seq=007278 caller=QUEST2 WSAVS DIST                 pc=70168717 area_wfp=74003964 argc=4 frame=0 real_wsp=70001FDA shadow_wsp=70001FE4 master_wfp=70001FE4 ret=70166E20 depth=1
redirect seq=007280 caller=QUEST2 WRTN  DIST                 area_wfp=74003964 ret_pc=70168732 real_wsp=70001FD0 (was 74003950) shadow_wsp=70001FD0 master_wfp=70001FE4 depth=0
redirect seq=007282 caller=QUEST2 WSAVS DIST                 pc=70168717 area_wfp=74003964 argc=4 frame=0 real_wsp=70001FDA shadow_wsp=70001FE4 master_wfp=70001FE4 ret=70166E20 depth=1
redirect seq=007284 caller=QUEST2 WRTN  DIST                 area_wfp=74003964 ret_pc=70168732 real_wsp=70001FD0 (was 74003950) shadow_wsp=70001FD0 master_wfp=70001FE4 depth=0
redirect seq=007568 caller=QUEST2 WSAVS OWNS                 pc=70175CBF area_wfp=74007120 argc=2 frame=3 real_wsp=70001152 shadow_wsp=70001162 master_wfp=7000115C ret=7017853B depth=1
redirect seq=007569 caller=QUEST2 WRTN  OWNS                 area_wfp=74007120 ret_pc=70175CEB real_wsp=7000114C (was 74007110) shadow_wsp=7000114C master_wfp=7000115C depth=0
redirect seq=007606 caller=QUEST2 WSAVS DIST                 pc=70168717 area_wfp=74003964 argc=4 frame=0 real_wsp=700015AA shadow_wsp=700015B4 master_wfp=700015B4 ret=70166B8A depth=1
redirect seq=007608 caller=QUEST2 WRTN  DIST                 area_wfp=74003964 ret_pc=70168732 real_wsp=700015A0 (was 74003950) shadow_wsp=700015A0 master_wfp=700015B4 depth=0
redirect seq=007610 caller=QUEST2 WSAVS DIST                 pc=70168717 area_wfp=74003964 argc=4 frame=0 real_wsp=700015AA shadow_wsp=700015B4 master_wfp=700015B4 ret=70166B8A depth=1
redirect seq=007612 caller=QUEST2 WRTN  DIST                 area_wfp=74003964 ret_pc=70168732 real_wsp=700015A0 (was 74003950) shadow_wsp=700015A0 master_wfp=700015B4 depth=0
redirect seq=007614 caller=QUEST2 WSAVS DIST                 pc=70168717 area_wfp=74003964 argc=4 frame=0 real_wsp=700015AA shadow_wsp=700015B4 master_wfp=700015B4 ret=70166B8A depth=1
redirect seq=007616 caller=QUEST2 WRTN  DIST                 area_wfp=74003964 ret_pc=70168732 real_wsp=700015A0 (was 74003950) shadow_wsp=700015A0 master_wfp=700015B4 depth=0
redirect seq=007621 caller=QUEST2 WSAVS DIST                 pc=70168717 area_wfp=74003964 argc=4 frame=0 real_wsp=700015AA shadow_wsp=700015B4 master_wfp=700015B4 ret=70166E20 depth=1
redirect seq=007623 caller=QUEST2 WRTN  DIST                 area_wfp=74003964 ret_pc=70168732 real_wsp=700015A0 (was 74003950) shadow_wsp=700015A0 master_wfp=700015B4 depth=0
redirect seq=007625 caller=QUEST2 WSAVS DIST                 pc=70168717 area_wfp=74003964 argc=4 frame=0 real_wsp=700015AA shadow_wsp=700015B4 master_wfp=700015B4 ret=70166E20 depth=1
redirect seq=007627 caller=QUEST2 WRTN  DIST                 area_wfp=74003964 ret_pc=70168732 real_wsp=700015A0 (was 74003950) shadow_wsp=700015A0 master_wfp=700015B4 depth=0
redirect seq=007629 caller=QUEST2 WSAVS DIST                 pc=70168717 area_wfp=74003964 argc=4 frame=0 real_wsp=700015AA shadow_wsp=700015B4 master_wfp=700015B4 ret=70166E20 depth=1
redirect seq=007631 caller=QUEST2 WRTN  DIST                 area_wfp=74003964 ret_pc=70168732 real_wsp=700015A0 (was 74003950) shadow_wsp=700015A0 master_wfp=700015B4 depth=0
redirect seq=007636 caller=QUEST2 WSAVS DIST                 pc=70168717 area_wfp=74003964 argc=4 frame=0 real_wsp=700015AA shadow_wsp=700015B4 master_wfp=700015B4 ret=70166E20 depth=1
redirect seq=007638 caller=QUEST2 WRTN  DIST                 area_wfp=74003964 ret_pc=70168732 real_wsp=700015A0 (was 74003950) shadow_wsp=700015A0 master_wfp=700015B4 depth=0
redirect seq=007640 caller=QUEST2 WSAVS DIST                 pc=70168717 area_wfp=74003964 argc=4 frame=0 real_wsp=700015AA shadow_wsp=700015B4 master_wfp=700015B4 ret=70166E20 depth=1
redirect seq=007642 caller=QUEST2 WRTN  DIST                 area_wfp=74003964 ret_pc=70168732 real_wsp=700015A0 (was 74003950) shadow_wsp=700015A0 master_wfp=700015B4 depth=0
redirect seq=007644 caller=QUEST2 WSAVS DIST                 pc=70168717 area_wfp=74003964 argc=4 frame=0 real_wsp=700015AA shadow_wsp=700015B4 master_wfp=700015B4 ret=70166E20 depth=1
redirect seq=007646 caller=QUEST2 WRTN  DIST                 area_wfp=74003964 ret_pc=70168732 real_wsp=700015A0 (was 74003950) shadow_wsp=700015A0 master_wfp=700015B4 depth=0
redirect seq=007649 caller=QUEST2 WSAVS DIST                 pc=70168717 area_wfp=74003964 argc=4 frame=0 real_wsp=700015AA shadow_wsp=700015B4 master_wfp=700015B4 ret=70166E20 depth=1
redirect seq=007651 caller=QUEST2 WRTN  DIST                 area_wfp=74003964 ret_pc=70168732 real_wsp=700015A0 (was 74003950) shadow_wsp=700015A0 master_wfp=700015B4 depth=0
redirect seq=007655 caller=QUEST2 WSAVS DIST                 pc=70168717 area_wfp=74003964 argc=4 frame=0 real_wsp=700015AA shadow_wsp=700015B4 master_wfp=700015B4 ret=70166E20 depth=1
redirect seq=007657 caller=QUEST2 WRTN  DIST                 area_wfp=74003964 ret_pc=70168732 real_wsp=700015A0 (was 74003950) shadow_wsp=700015A0 master_wfp=700015B4 depth=0
redirect seq=007659 caller=QUEST2 WSAVS DIST                 pc=70168717 area_wfp=74003964 argc=4 frame=0 real_wsp=700015AA shadow_wsp=700015B4 master_wfp=700015B4 ret=70166E20 depth=1
redirect seq=007661 caller=QUEST2 WRTN  DIST                 area_wfp=74003964 ret_pc=70168732 real_wsp=700015A0 (was 74003950) shadow_wsp=700015A0 master_wfp=700015B4 depth=0
redirect seq=007666 caller=QUEST2 WSAVS DIST                 pc=70168717 area_wfp=74003964 argc=4 frame=0 real_wsp=700015AA shadow_wsp=700015B4 master_wfp=700015B4 ret=70166E20 depth=1
redirect seq=007668 caller=QUEST2 WRTN  DIST                 area_wfp=74003964 ret_pc=70168732 real_wsp=700015A0 (was 74003950) shadow_wsp=700015A0 master_wfp=700015B4 depth=0
redirect seq=007670 caller=QUEST2 WSAVS DIST                 pc=70168717 area_wfp=74003964 argc=4 frame=0 real_wsp=700015AA shadow_wsp=700015B4 master_wfp=700015B4 ret=70166E20 depth=1
redirect seq=007672 caller=QUEST2 WRTN  DIST                 area_wfp=74003964 ret_pc=70168732 real_wsp=700015A0 (was 74003950) shadow_wsp=700015A0 master_wfp=700015B4 depth=0
redirect seq=007674 caller=QUEST2 WSAVS DIST                 pc=70168717 area_wfp=74003964 argc=4 frame=0 real_wsp=700015AA shadow_wsp=700015B4 master_wfp=700015B4 ret=70166E20 depth=1
redirect seq=007676 caller=QUEST2 WRTN  DIST                 area_wfp=74003964 ret_pc=70168732 real_wsp=700015A0 (was 74003950) shadow_wsp=700015A0 master_wfp=700015B4 depth=0
redirect seq=007680 caller=QUEST2 WSAVS DIST                 pc=70168717 area_wfp=74003964 argc=4 frame=0 real_wsp=700015AA shadow_wsp=700015B4 master_wfp=700015B4 ret=70166E20 depth=1
redirect seq=007682 caller=QUEST2 WRTN  DIST                 area_wfp=74003964 ret_pc=70168732 real_wsp=700015A0 (was 74003950) shadow_wsp=700015A0 master_wfp=700015B4 depth=0
redirect seq=007684 caller=QUEST2 WSAVS DIST                 pc=70168717 area_wfp=74003964 argc=4 frame=0 real_wsp=700015AA shadow_wsp=700015B4 master_wfp=700015B4 ret=70166E20 depth=1
redirect seq=007686 caller=QUEST2 WRTN  DIST                 area_wfp=74003964 ret_pc=70168732 real_wsp=700015A0 (was 74003950) shadow_wsp=700015A0 master_wfp=700015B4 depth=0
redirect seq=007690 caller=QUEST2 WSAVS DIST                 pc=70168717 area_wfp=74003964 argc=4 frame=0 real_wsp=700015AA shadow_wsp=700015B4 master_wfp=700015B4 ret=70166E20 depth=1
redirect seq=007692 caller=QUEST2 WRTN  DIST                 area_wfp=74003964 ret_pc=70168732 real_wsp=700015A0 (was 74003950) shadow_wsp=700015A0 master_wfp=700015B4 depth=0
redirect seq=007694 caller=QUEST2 WSAVS DIST                 pc=70168717 area_wfp=74003964 argc=4 frame=0 real_wsp=700015AA shadow_wsp=700015B4 master_wfp=700015B4 ret=70166E20 depth=1
redirect seq=007698 caller=QUEST2 WRTN  DIST                 area_wfp=74003964 ret_pc=70168732 real_wsp=700015A0 (was 74003950) shadow_wsp=700015A0 master_wfp=700015B4 depth=0
redirect seq=007700 caller=QUEST2 WSAVS DIST                 pc=70168717 area_wfp=74003964 argc=4 frame=0 real_wsp=700015AA shadow_wsp=700015B4 master_wfp=700015B4 ret=70166E20 depth=1
redirect seq=007702 caller=QUEST2 WRTN  DIST                 area_wfp=74003964 ret_pc=70168732 real_wsp=700015A0 (was 74003950) shadow_wsp=700015A0 master_wfp=700015B4 depth=0
redirect seq=007704 caller=QUEST2 WSAVS DIST                 pc=70168717 area_wfp=74003964 argc=4 frame=0 real_wsp=700015AA shadow_wsp=700015B4 master_wfp=700015B4 ret=70166E20 depth=1
redirect seq=007706 caller=QUEST2 WRTN  DIST                 area_wfp=74003964 ret_pc=70168732 real_wsp=700015A0 (was 74003950) shadow_wsp=700015A0 master_wfp=700015B4 depth=0
redirect seq=007711 caller=QUEST2 WSAVS DIST                 pc=70168717 area_wfp=74003964 argc=4 frame=0 real_wsp=700015AA shadow_wsp=700015B4 master_wfp=700015B4 ret=70166E20 depth=1
redirect seq=007713 caller=QUEST2 WRTN  DIST                 area_wfp=74003964 ret_pc=70168732 real_wsp=700015A0 (was 74003950) shadow_wsp=700015A0 master_wfp=700015B4 depth=0
redirect seq=007715 caller=QUEST2 WSAVS DIST                 pc=70168717 area_wfp=74003964 argc=4 frame=0 real_wsp=700015AA shadow_wsp=700015B4 master_wfp=700015B4 ret=70166E20 depth=1
redirect seq=007717 caller=QUEST2 WRTN  DIST                 area_wfp=74003964 ret_pc=70168732 real_wsp=700015A0 (was 74003950) shadow_wsp=700015A0 master_wfp=700015B4 depth=0
redirect seq=007719 caller=QUEST2 WSAVS DIST                 pc=70168717 area_wfp=74003964 argc=4 frame=0 real_wsp=700015AA shadow_wsp=700015B4 master_wfp=700015B4 ret=70166E20 depth=1
redirect seq=007721 caller=QUEST2 WRTN  DIST                 area_wfp=74003964 ret_pc=70168732 real_wsp=700015A0 (was 74003950) shadow_wsp=700015A0 master_wfp=700015B4 depth=0
redirect seq=007725 caller=QUEST2 WSAVS DIST                 pc=70168717 area_wfp=74003964 argc=4 frame=0 real_wsp=700015AA shadow_wsp=700015B4 master_wfp=700015B4 ret=70166E20 depth=1
redirect seq=007727 caller=QUEST2 WRTN  DIST                 area_wfp=74003964 ret_pc=70168732 real_wsp=700015A0 (was 74003950) shadow_wsp=700015A0 master_wfp=700015B4 depth=0
redirect seq=007729 caller=QUEST2 WSAVS DIST                 pc=70168717 area_wfp=74003964 argc=4 frame=0 real_wsp=700015AA shadow_wsp=700015B4 master_wfp=700015B4 ret=70166E20 depth=1
redirect seq=007732 caller=QUEST2 WRTN  DIST                 area_wfp=74003964 ret_pc=70168732 real_wsp=700015A0 (was 74003950) shadow_wsp=700015A0 master_wfp=700015B4 depth=0
redirect seq=007734 caller=QUEST2 WSAVS DIST                 pc=70168717 area_wfp=74003964 argc=4 frame=0 real_wsp=700015AA shadow_wsp=700015B4 master_wfp=700015B4 ret=70166E20 depth=1
redirect seq=007736 caller=QUEST2 WRTN  DIST                 area_wfp=74003964 ret_pc=70168732 real_wsp=700015A0 (was 74003950) shadow_wsp=700015A0 master_wfp=700015B4 depth=0
redirect seq=007741 caller=QUEST2 WSAVS DIST                 pc=70168717 area_wfp=74003964 argc=4 frame=0 real_wsp=700015AA shadow_wsp=700015B4 master_wfp=700015B4 ret=70166E20 depth=1
redirect seq=007743 caller=QUEST2 WRTN  DIST                 area_wfp=74003964 ret_pc=70168732 real_wsp=700015A0 (was 74003950) shadow_wsp=700015A0 master_wfp=700015B4 depth=0
redirect seq=007745 caller=QUEST2 WSAVS DIST                 pc=70168717 area_wfp=74003964 argc=4 frame=0 real_wsp=700015AA shadow_wsp=700015B4 master_wfp=700015B4 ret=70166E20 depth=1
redirect seq=007747 caller=QUEST2 WRTN  DIST                 area_wfp=74003964 ret_pc=70168732 real_wsp=700015A0 (was 74003950) shadow_wsp=700015A0 master_wfp=700015B4 depth=0
redirect seq=007749 caller=QUEST2 WSAVS DIST                 pc=70168717 area_wfp=74003964 argc=4 frame=0 real_wsp=700015AA shadow_wsp=700015B4 master_wfp=700015B4 ret=70166E20 depth=1
redirect seq=007751 caller=QUEST2 WRTN  DIST                 area_wfp=74003964 ret_pc=70168732 real_wsp=700015A0 (was 74003950) shadow_wsp=700015A0 master_wfp=700015B4 depth=0
redirect seq=007756 caller=QUEST2 WSAVS DIST                 pc=70168717 area_wfp=74003964 argc=4 frame=0 real_wsp=700015AA shadow_wsp=700015B4 master_wfp=700015B4 ret=70166E20 depth=1
redirect seq=007758 caller=QUEST2 WRTN  DIST                 area_wfp=74003964 ret_pc=70168732 real_wsp=700015A0 (was 74003950) shadow_wsp=700015A0 master_wfp=700015B4 depth=0
redirect seq=007760 caller=QUEST2 WSAVS DIST                 pc=70168717 area_wfp=74003964 argc=4 frame=0 real_wsp=700015AA shadow_wsp=700015B4 master_wfp=700015B4 ret=70166E20 depth=1
redirect seq=007762 caller=QUEST2 WRTN  DIST                 area_wfp=74003964 ret_pc=70168732 real_wsp=700015A0 (was 74003950) shadow_wsp=700015A0 master_wfp=700015B4 depth=0
redirect seq=007764 caller=QUEST2 WSAVS DIST                 pc=70168717 area_wfp=74003964 argc=4 frame=0 real_wsp=700015AA shadow_wsp=700015B4 master_wfp=700015B4 ret=70166E20 depth=1
redirect seq=007767 caller=QUEST2 WRTN  DIST                 area_wfp=74003964 ret_pc=70168732 real_wsp=700015A0 (was 74003950) shadow_wsp=700015A0 master_wfp=700015B4 depth=0
redirect seq=007769 caller=QUEST2 WSAVS DIST                 pc=70168717 area_wfp=74003964 argc=4 frame=0 real_wsp=700015AA shadow_wsp=700015B4 master_wfp=700015B4 ret=70166E20 depth=1
redirect seq=007773 caller=QUEST2 WRTN  DIST                 area_wfp=74003964 ret_pc=70168732 real_wsp=700015A0 (was 74003950) shadow_wsp=700015A0 master_wfp=700015B4 depth=0
redirect seq=007775 caller=QUEST2 WSAVS DIST                 pc=70168717 area_wfp=74003964 argc=4 frame=0 real_wsp=700015AA shadow_wsp=700015B4 master_wfp=700015B4 ret=70166E20 depth=1
redirect seq=007777 caller=QUEST2 WRTN  DIST                 area_wfp=74003964 ret_pc=70168732 real_wsp=700015A0 (was 74003950) shadow_wsp=700015A0 master_wfp=700015B4 depth=0
redirect seq=007779 caller=QUEST2 WSAVS DIST                 pc=70168717 area_wfp=74003964 argc=4 frame=0 real_wsp=700015AA shadow_wsp=700015B4 master_wfp=700015B4 ret=70166E20 depth=1
redirect seq=007781 caller=QUEST2 WRTN  DIST                 area_wfp=74003964 ret_pc=70168732 real_wsp=700015A0 (was 74003950) shadow_wsp=700015A0 master_wfp=700015B4 depth=0
redirect seq=007786 caller=QUEST2 WSAVS DIST                 pc=70168717 area_wfp=74003964 argc=4 frame=0 real_wsp=700015AA shadow_wsp=700015B4 master_wfp=700015B4 ret=70166E20 depth=1
redirect seq=007788 caller=QUEST2 WRTN  DIST                 area_wfp=74003964 ret_pc=70168732 real_wsp=700015A0 (was 74003950) shadow_wsp=700015A0 master_wfp=700015B4 depth=0
redirect seq=007790 caller=QUEST2 WSAVS DIST                 pc=70168717 area_wfp=74003964 argc=4 frame=0 real_wsp=700015AA shadow_wsp=700015B4 master_wfp=700015B4 ret=70166E20 depth=1
redirect seq=007792 caller=QUEST2 WRTN  DIST                 area_wfp=74003964 ret_pc=70168732 real_wsp=700015A0 (was 74003950) shadow_wsp=700015A0 master_wfp=700015B4 depth=0
redirect seq=007794 caller=QUEST2 WSAVS DIST                 pc=70168717 area_wfp=74003964 argc=4 frame=0 real_wsp=700015AA shadow_wsp=700015B4 master_wfp=700015B4 ret=70166E20 depth=1
redirect seq=007797 caller=QUEST2 WRTN  DIST                 area_wfp=74003964 ret_pc=70168732 real_wsp=700015A0 (was 74003950) shadow_wsp=700015A0 master_wfp=700015B4 depth=0
redirect seq=007799 caller=QUEST2 WSAVS DIST                 pc=70168717 area_wfp=74003964 argc=4 frame=0 real_wsp=700015AA shadow_wsp=700015B4 master_wfp=700015B4 ret=70166E20 depth=1
redirect seq=007803 caller=QUEST2 WRTN  DIST                 area_wfp=74003964 ret_pc=70168732 real_wsp=700015A0 (was 74003950) shadow_wsp=700015A0 master_wfp=700015B4 depth=0
redirect seq=007805 caller=QUEST2 WSAVS DIST                 pc=70168717 area_wfp=74003964 argc=4 frame=0 real_wsp=700015AA shadow_wsp=700015B4 master_wfp=700015B4 ret=70166E20 depth=1
redirect seq=007807 caller=QUEST2 WRTN  DIST                 area_wfp=74003964 ret_pc=70168732 real_wsp=700015A0 (was 74003950) shadow_wsp=700015A0 master_wfp=700015B4 depth=0
redirect seq=007809 caller=QUEST2 WSAVS DIST                 pc=70168717 area_wfp=74003964 argc=4 frame=0 real_wsp=700015AA shadow_wsp=700015B4 master_wfp=700015B4 ret=70166E20 depth=1
redirect seq=007811 caller=QUEST2 WRTN  DIST                 area_wfp=74003964 ret_pc=70168732 real_wsp=700015A0 (was 74003950) shadow_wsp=700015A0 master_wfp=700015B4 depth=0
redirect seq=007816 caller=QUEST2 WSAVS DIST                 pc=70168717 area_wfp=74003964 argc=4 frame=0 real_wsp=700015AA shadow_wsp=700015B4 master_wfp=700015B4 ret=70166E20 depth=1
redirect seq=007818 caller=QUEST2 WRTN  DIST                 area_wfp=74003964 ret_pc=70168732 real_wsp=700015A0 (was 74003950) shadow_wsp=700015A0 master_wfp=700015B4 depth=0
redirect seq=007820 caller=QUEST2 WSAVS DIST                 pc=70168717 area_wfp=74003964 argc=4 frame=0 real_wsp=700015AA shadow_wsp=700015B4 master_wfp=700015B4 ret=70166E20 depth=1
redirect seq=007822 caller=QUEST2 WRTN  DIST                 area_wfp=74003964 ret_pc=70168732 real_wsp=700015A0 (was 74003950) shadow_wsp=700015A0 master_wfp=700015B4 depth=0
redirect seq=007824 caller=QUEST2 WSAVS DIST                 pc=70168717 area_wfp=74003964 argc=4 frame=0 real_wsp=700015AA shadow_wsp=700015B4 master_wfp=700015B4 ret=70166E20 depth=1
redirect seq=007827 caller=QUEST2 WRTN  DIST                 area_wfp=74003964 ret_pc=70168732 real_wsp=700015A0 (was 74003950) shadow_wsp=700015A0 master_wfp=700015B4 depth=0
redirect seq=007829 caller=QUEST2 WSAVS DIST                 pc=70168717 area_wfp=74003964 argc=4 frame=0 real_wsp=700015AA shadow_wsp=700015B4 master_wfp=700015B4 ret=70166E20 depth=1
redirect seq=007831 caller=QUEST2 WRTN  DIST                 area_wfp=74003964 ret_pc=70168732 real_wsp=700015A0 (was 74003950) shadow_wsp=700015A0 master_wfp=700015B4 depth=0
redirect seq=007835 caller=QUEST2 WSAVS DIST                 pc=70168717 area_wfp=74003964 argc=4 frame=0 real_wsp=700015AA shadow_wsp=700015B4 master_wfp=700015B4 ret=70166E20 depth=1
redirect seq=007837 caller=QUEST2 WRTN  DIST                 area_wfp=74003964 ret_pc=70168732 real_wsp=700015A0 (was 74003950) shadow_wsp=700015A0 master_wfp=700015B4 depth=0
redirect seq=007839 caller=QUEST2 WSAVS DIST                 pc=70168717 area_wfp=74003964 argc=4 frame=0 real_wsp=700015AA shadow_wsp=700015B4 master_wfp=700015B4 ret=70166E20 depth=1
redirect seq=007841 caller=QUEST2 WRTN  DIST                 area_wfp=74003964 ret_pc=70168732 real_wsp=700015A0 (was 74003950) shadow_wsp=700015A0 master_wfp=700015B4 depth=0
redirect seq=007846 caller=QUEST2 WSAVS DIST                 pc=70168717 area_wfp=74003964 argc=4 frame=0 real_wsp=700015AA shadow_wsp=700015B4 master_wfp=700015B4 ret=70166E20 depth=1
redirect seq=007848 caller=QUEST2 WRTN  DIST                 area_wfp=74003964 ret_pc=70168732 real_wsp=700015A0 (was 74003950) shadow_wsp=700015A0 master_wfp=700015B4 depth=0
redirect seq=007850 caller=QUEST2 WSAVS DIST                 pc=70168717 area_wfp=74003964 argc=4 frame=0 real_wsp=700015AA shadow_wsp=700015B4 master_wfp=700015B4 ret=70166E20 depth=1
redirect seq=007852 caller=QUEST2 WRTN  DIST                 area_wfp=74003964 ret_pc=70168732 real_wsp=700015A0 (was 74003950) shadow_wsp=700015A0 master_wfp=700015B4 depth=0
redirect seq=007854 caller=QUEST2 WSAVS DIST                 pc=70168717 area_wfp=74003964 argc=4 frame=0 real_wsp=700015AA shadow_wsp=700015B4 master_wfp=700015B4 ret=70166E20 depth=1
redirect seq=007856 caller=QUEST2 WRTN  DIST                 area_wfp=74003964 ret_pc=70168732 real_wsp=700015A0 (was 74003950) shadow_wsp=700015A0 master_wfp=700015B4 depth=0
redirect seq=007859 caller=QUEST2 WSAVS DIST                 pc=70168717 area_wfp=74003964 argc=4 frame=0 real_wsp=700015AA shadow_wsp=700015B4 master_wfp=700015B4 ret=70166E20 depth=1
redirect seq=007861 caller=QUEST2 WRTN  DIST                 area_wfp=74003964 ret_pc=70168732 real_wsp=700015A0 (was 74003950) shadow_wsp=700015A0 master_wfp=700015B4 depth=0
redirect seq=007865 caller=QUEST2 WSAVS DIST                 pc=70168717 area_wfp=74003964 argc=4 frame=0 real_wsp=700015AA shadow_wsp=700015B4 master_wfp=700015B4 ret=70166E20 depth=1
redirect seq=007867 caller=QUEST2 WRTN  DIST                 area_wfp=74003964 ret_pc=70168732 real_wsp=700015A0 (was 74003950) shadow_wsp=700015A0 master_wfp=700015B4 depth=0
redirect seq=007869 caller=QUEST2 WSAVS DIST                 pc=70168717 area_wfp=74003964 argc=4 frame=0 real_wsp=700015AA shadow_wsp=700015B4 master_wfp=700015B4 ret=70166E20 depth=1
redirect seq=007871 caller=QUEST2 WRTN  DIST                 area_wfp=74003964 ret_pc=70168732 real_wsp=700015A0 (was 74003950) shadow_wsp=700015A0 master_wfp=700015B4 depth=0
redirect seq=007876 caller=QUEST2 WSAVS DIST                 pc=70168717 area_wfp=74003964 argc=4 frame=0 real_wsp=700015AA shadow_wsp=700015B4 master_wfp=700015B4 ret=70166E20 depth=1
redirect seq=007878 caller=QUEST2 WRTN  DIST                 area_wfp=74003964 ret_pc=70168732 real_wsp=700015A0 (was 74003950) shadow_wsp=700015A0 master_wfp=700015B4 depth=0
redirect seq=007880 caller=QUEST2 WSAVS DIST                 pc=70168717 area_wfp=74003964 argc=4 frame=0 real_wsp=700015AA shadow_wsp=700015B4 master_wfp=700015B4 ret=70166E20 depth=1
redirect seq=007882 caller=QUEST2 WRTN  DIST                 area_wfp=74003964 ret_pc=70168732 real_wsp=700015A0 (was 74003950) shadow_wsp=700015A0 master_wfp=700015B4 depth=0
redirect seq=007884 caller=QUEST2 WSAVS DIST                 pc=70168717 area_wfp=74003964 argc=4 frame=0 real_wsp=700015AA shadow_wsp=700015B4 master_wfp=700015B4 ret=70166E20 depth=1
redirect seq=007886 caller=QUEST2 WRTN  DIST                 area_wfp=74003964 ret_pc=70168732 real_wsp=700015A0 (was 74003950) shadow_wsp=700015A0 master_wfp=700015B4 depth=0
redirect seq=007889 caller=QUEST2 WSAVS DIST                 pc=70168717 area_wfp=74003964 argc=4 frame=0 real_wsp=700015AA shadow_wsp=700015B4 master_wfp=700015B4 ret=70166E20 depth=1
redirect seq=007891 caller=QUEST2 WRTN  DIST                 area_wfp=74003964 ret_pc=70168732 real_wsp=700015A0 (was 74003950) shadow_wsp=700015A0 master_wfp=700015B4 depth=0
redirect seq=007895 caller=QUEST2 WSAVS DIST                 pc=70168717 area_wfp=74003964 argc=4 frame=0 real_wsp=700015AA shadow_wsp=700015B4 master_wfp=700015B4 ret=70166E20 depth=1
redirect seq=007897 caller=QUEST2 WRTN  DIST                 area_wfp=74003964 ret_pc=70168732 real_wsp=700015A0 (was 74003950) shadow_wsp=700015A0 master_wfp=700015B4 depth=0
redirect seq=007899 caller=QUEST2 WSAVS DIST                 pc=70168717 area_wfp=74003964 argc=4 frame=0 real_wsp=700015AA shadow_wsp=700015B4 master_wfp=700015B4 ret=70166E20 depth=1
redirect seq=007901 caller=QUEST2 WRTN  DIST                 area_wfp=74003964 ret_pc=70168732 real_wsp=700015A0 (was 74003950) shadow_wsp=700015A0 master_wfp=700015B4 depth=0
redirect seq=007906 caller=QUEST2 WSAVS DIST                 pc=70168717 area_wfp=74003964 argc=4 frame=0 real_wsp=700015AA shadow_wsp=700015B4 master_wfp=700015B4 ret=70166E20 depth=1
redirect seq=007908 caller=QUEST2 WRTN  DIST                 area_wfp=74003964 ret_pc=70168732 real_wsp=700015A0 (was 74003950) shadow_wsp=700015A0 master_wfp=700015B4 depth=0
redirect seq=007910 caller=QUEST2 WSAVS DIST                 pc=70168717 area_wfp=74003964 argc=4 frame=0 real_wsp=700015AA shadow_wsp=700015B4 master_wfp=700015B4 ret=70166E20 depth=1
redirect seq=007912 caller=QUEST2 WRTN  DIST                 area_wfp=74003964 ret_pc=70168732 real_wsp=700015A0 (was 74003950) shadow_wsp=700015A0 master_wfp=700015B4 depth=0
redirect seq=007914 caller=QUEST2 WSAVS DIST                 pc=70168717 area_wfp=74003964 argc=4 frame=0 real_wsp=700015AA shadow_wsp=700015B4 master_wfp=700015B4 ret=70166E20 depth=1
redirect seq=007916 caller=QUEST2 WRTN  DIST                 area_wfp=74003964 ret_pc=70168732 real_wsp=700015A0 (was 74003950) shadow_wsp=700015A0 master_wfp=700015B4 depth=0
redirect seq=007921 caller=QUEST2 WSAVS DIST                 pc=70168717 area_wfp=74003964 argc=4 frame=0 real_wsp=700015AA shadow_wsp=700015B4 master_wfp=700015B4 ret=70166E20 depth=1
redirect seq=007923 caller=QUEST2 WRTN  DIST                 area_wfp=74003964 ret_pc=70168732 real_wsp=700015A0 (was 74003950) shadow_wsp=700015A0 master_wfp=700015B4 depth=0
redirect seq=007925 caller=QUEST2 WSAVS DIST                 pc=70168717 area_wfp=74003964 argc=4 frame=0 real_wsp=700015AA shadow_wsp=700015B4 master_wfp=700015B4 ret=70166E20 depth=1
redirect seq=007927 caller=QUEST2 WRTN  DIST                 area_wfp=74003964 ret_pc=70168732 real_wsp=700015A0 (was 74003950) shadow_wsp=700015A0 master_wfp=700015B4 depth=0
redirect seq=007929 caller=QUEST2 WSAVS DIST                 pc=70168717 area_wfp=74003964 argc=4 frame=0 real_wsp=700015AA shadow_wsp=700015B4 master_wfp=700015B4 ret=70166E20 depth=1
redirect seq=007931 caller=QUEST2 WRTN  DIST                 area_wfp=74003964 ret_pc=70168732 real_wsp=700015A0 (was 74003950) shadow_wsp=700015A0 master_wfp=700015B4 depth=0
redirect seq=007936 caller=QUEST2 WSAVS DIST                 pc=70168717 area_wfp=74003964 argc=4 frame=0 real_wsp=700015AA shadow_wsp=700015B4 master_wfp=700015B4 ret=70166E20 depth=1
redirect seq=007938 caller=QUEST2 WRTN  DIST                 area_wfp=74003964 ret_pc=70168732 real_wsp=700015A0 (was 74003950) shadow_wsp=700015A0 master_wfp=700015B4 depth=0
redirect seq=007940 caller=QUEST2 WSAVS DIST                 pc=70168717 area_wfp=74003964 argc=4 frame=0 real_wsp=700015AA shadow_wsp=700015B4 master_wfp=700015B4 ret=70166E20 depth=1
redirect seq=007942 caller=QUEST2 WRTN  DIST                 area_wfp=74003964 ret_pc=70168732 real_wsp=700015A0 (was 74003950) shadow_wsp=700015A0 master_wfp=700015B4 depth=0
redirect seq=007944 caller=QUEST2 WSAVS DIST                 pc=70168717 area_wfp=74003964 argc=4 frame=0 real_wsp=700015AA shadow_wsp=700015B4 master_wfp=700015B4 ret=70166E20 depth=1
redirect seq=007946 caller=QUEST2 WRTN  DIST                 area_wfp=74003964 ret_pc=70168732 real_wsp=700015A0 (was 74003950) shadow_wsp=700015A0 master_wfp=700015B4 depth=0
redirect seq=007949 caller=QUEST2 WSAVS DIST                 pc=70168717 area_wfp=74003964 argc=4 frame=0 real_wsp=700015AA shadow_wsp=700015B4 master_wfp=700015B4 ret=70166E20 depth=1
redirect seq=007953 caller=QUEST2 WRTN  DIST                 area_wfp=74003964 ret_pc=70168732 real_wsp=700015A0 (was 74003950) shadow_wsp=700015A0 master_wfp=700015B4 depth=0
redirect seq=007955 caller=QUEST2 WSAVS DIST                 pc=70168717 area_wfp=74003964 argc=4 frame=0 real_wsp=700015AA shadow_wsp=700015B4 master_wfp=700015B4 ret=70166E20 depth=1
redirect seq=007957 caller=QUEST2 WRTN  DIST                 area_wfp=74003964 ret_pc=70168732 real_wsp=700015A0 (was 74003950) shadow_wsp=700015A0 master_wfp=700015B4 depth=0
redirect seq=007959 caller=QUEST2 WSAVS DIST                 pc=70168717 area_wfp=74003964 argc=4 frame=0 real_wsp=700015AA shadow_wsp=700015B4 master_wfp=700015B4 ret=70166E20 depth=1
redirect seq=007961 caller=QUEST2 WRTN  DIST                 area_wfp=74003964 ret_pc=70168732 real_wsp=700015A0 (was 74003950) shadow_wsp=700015A0 master_wfp=700015B4 depth=0
redirect seq=007966 caller=QUEST2 WSAVS DIST                 pc=70168717 area_wfp=74003964 argc=4 frame=0 real_wsp=700015AA shadow_wsp=700015B4 master_wfp=700015B4 ret=70166E20 depth=1
redirect seq=007968 caller=QUEST2 WRTN  DIST                 area_wfp=74003964 ret_pc=70168732 real_wsp=700015A0 (was 74003950) shadow_wsp=700015A0 master_wfp=700015B4 depth=0
redirect seq=007970 caller=QUEST2 WSAVS DIST                 pc=70168717 area_wfp=74003964 argc=4 frame=0 real_wsp=700015AA shadow_wsp=700015B4 master_wfp=700015B4 ret=70166E20 depth=1
redirect seq=007972 caller=QUEST2 WRTN  DIST                 area_wfp=74003964 ret_pc=70168732 real_wsp=700015A0 (was 74003950) shadow_wsp=700015A0 master_wfp=700015B4 depth=0
redirect seq=007974 caller=QUEST2 WSAVS DIST                 pc=70168717 area_wfp=74003964 argc=4 frame=0 real_wsp=700015AA shadow_wsp=700015B4 master_wfp=700015B4 ret=70166E20 depth=1
redirect seq=007976 caller=QUEST2 WRTN  DIST                 area_wfp=74003964 ret_pc=70168732 real_wsp=700015A0 (was 74003950) shadow_wsp=700015A0 master_wfp=700015B4 depth=0
redirect seq=007980 caller=QUEST2 WSAVS DIST                 pc=70168717 area_wfp=74003964 argc=4 frame=0 real_wsp=700015AA shadow_wsp=700015B4 master_wfp=700015B4 ret=70166E20 depth=1
redirect seq=007982 caller=QUEST2 WRTN  DIST                 area_wfp=74003964 ret_pc=70168732 real_wsp=700015A0 (was 74003950) shadow_wsp=700015A0 master_wfp=700015B4 depth=0
redirect seq=007984 caller=QUEST2 WSAVS DIST                 pc=70168717 area_wfp=74003964 argc=4 frame=0 real_wsp=700015AA shadow_wsp=700015B4 master_wfp=700015B4 ret=70166E20 depth=1
redirect seq=007987 caller=QUEST2 WRTN  DIST                 area_wfp=74003964 ret_pc=70168732 real_wsp=700015A0 (was 74003950) shadow_wsp=700015A0 master_wfp=700015B4 depth=0
redirect seq=007989 caller=QUEST2 WSAVS DIST                 pc=70168717 area_wfp=74003964 argc=4 frame=0 real_wsp=700015AA shadow_wsp=700015B4 master_wfp=700015B4 ret=70166E20 depth=1
redirect seq=007991 caller=QUEST2 WRTN  DIST                 area_wfp=74003964 ret_pc=70168732 real_wsp=700015A0 (was 74003950) shadow_wsp=700015A0 master_wfp=700015B4 depth=0
redirect seq=007996 caller=QUEST2 WSAVS DIST                 pc=70168717 area_wfp=74003964 argc=4 frame=0 real_wsp=700015AA shadow_wsp=700015B4 master_wfp=700015B4 ret=70166E20 depth=1
redirect seq=007998 caller=QUEST2 WRTN  DIST                 area_wfp=74003964 ret_pc=70168732 real_wsp=700015A0 (was 74003950) shadow_wsp=700015A0 master_wfp=700015B4 depth=0
redirect seq=008000 caller=QUEST2 WSAVS DIST                 pc=70168717 area_wfp=74003964 argc=4 frame=0 real_wsp=700015AA shadow_wsp=700015B4 master_wfp=700015B4 ret=70166E20 depth=1
redirect seq=008002 caller=QUEST2 WRTN  DIST                 area_wfp=74003964 ret_pc=70168732 real_wsp=700015A0 (was 74003950) shadow_wsp=700015A0 master_wfp=700015B4 depth=0
redirect seq=008004 caller=QUEST2 WSAVS DIST                 pc=70168717 area_wfp=74003964 argc=4 frame=0 real_wsp=700015AA shadow_wsp=700015B4 master_wfp=700015B4 ret=70166E20 depth=1
redirect seq=008006 caller=QUEST2 WRTN  DIST                 area_wfp=74003964 ret_pc=70168732 real_wsp=700015A0 (was 74003950) shadow_wsp=700015A0 master_wfp=700015B4 depth=0
redirect seq=008011 caller=QUEST2 WSAVS DIST                 pc=70168717 area_wfp=74003964 argc=4 frame=0 real_wsp=700015AA shadow_wsp=700015B4 master_wfp=700015B4 ret=70166E20 depth=1
redirect seq=008013 caller=QUEST2 WRTN  DIST                 area_wfp=74003964 ret_pc=70168732 real_wsp=700015A0 (was 74003950) shadow_wsp=700015A0 master_wfp=700015B4 depth=0
redirect seq=008015 caller=QUEST2 WSAVS DIST                 pc=70168717 area_wfp=74003964 argc=4 frame=0 real_wsp=700015AA shadow_wsp=700015B4 master_wfp=700015B4 ret=70166E20 depth=1
redirect seq=008017 caller=QUEST2 WRTN  DIST                 area_wfp=74003964 ret_pc=70168732 real_wsp=700015A0 (was 74003950) shadow_wsp=700015A0 master_wfp=700015B4 depth=0
redirect seq=008019 caller=QUEST2 WSAVS DIST                 pc=70168717 area_wfp=74003964 argc=4 frame=0 real_wsp=700015AA shadow_wsp=700015B4 master_wfp=700015B4 ret=70166E20 depth=1
redirect seq=008022 caller=QUEST2 WRTN  DIST                 area_wfp=74003964 ret_pc=70168732 real_wsp=700015A0 (was 74003950) shadow_wsp=700015A0 master_wfp=700015B4 depth=0
redirect seq=008024 caller=QUEST2 WSAVS DIST                 pc=70168717 area_wfp=74003964 argc=4 frame=0 real_wsp=700015AA shadow_wsp=700015B4 master_wfp=700015B4 ret=70166E20 depth=1
redirect seq=008028 caller=QUEST2 WRTN  DIST                 area_wfp=74003964 ret_pc=70168732 real_wsp=700015A0 (was 74003950) shadow_wsp=700015A0 master_wfp=700015B4 depth=0
redirect seq=008030 caller=QUEST2 WSAVS DIST                 pc=70168717 area_wfp=74003964 argc=4 frame=0 real_wsp=700015AA shadow_wsp=700015B4 master_wfp=700015B4 ret=70166E20 depth=1
redirect seq=008032 caller=QUEST2 WRTN  DIST                 area_wfp=74003964 ret_pc=70168732 real_wsp=700015A0 (was 74003950) shadow_wsp=700015A0 master_wfp=700015B4 depth=0
redirect seq=008034 caller=QUEST2 WSAVS DIST                 pc=70168717 area_wfp=74003964 argc=4 frame=0 real_wsp=700015AA shadow_wsp=700015B4 master_wfp=700015B4 ret=70166E20 depth=1
redirect seq=008036 caller=QUEST2 WRTN  DIST                 area_wfp=74003964 ret_pc=70168732 real_wsp=700015A0 (was 74003950) shadow_wsp=700015A0 master_wfp=700015B4 depth=0
redirect seq=008041 caller=QUEST2 WSAVS DIST                 pc=70168717 area_wfp=74003964 argc=4 frame=0 real_wsp=700015AA shadow_wsp=700015B4 master_wfp=700015B4 ret=70166E20 depth=1
redirect seq=008043 caller=QUEST2 WRTN  DIST                 area_wfp=74003964 ret_pc=70168732 real_wsp=700015A0 (was 74003950) shadow_wsp=700015A0 master_wfp=700015B4 depth=0
redirect seq=008045 caller=QUEST2 WSAVS DIST                 pc=70168717 area_wfp=74003964 argc=4 frame=0 real_wsp=700015AA shadow_wsp=700015B4 master_wfp=700015B4 ret=70166E20 depth=1
redirect seq=008047 caller=QUEST2 WRTN  DIST                 area_wfp=74003964 ret_pc=70168732 real_wsp=700015A0 (was 74003950) shadow_wsp=700015A0 master_wfp=700015B4 depth=0
redirect seq=008049 caller=QUEST2 WSAVS DIST                 pc=70168717 area_wfp=74003964 argc=4 frame=0 real_wsp=700015AA shadow_wsp=700015B4 master_wfp=700015B4 ret=70166E20 depth=1
redirect seq=008051 caller=QUEST2 WRTN  DIST                 area_wfp=74003964 ret_pc=70168732 real_wsp=700015A0 (was 74003950) shadow_wsp=700015A0 master_wfp=700015B4 depth=0
redirect seq=008055 caller=QUEST2 WSAVS DIST                 pc=70168717 area_wfp=74003964 argc=4 frame=0 real_wsp=700015AA shadow_wsp=700015B4 master_wfp=700015B4 ret=70166E20 depth=1
redirect seq=008057 caller=QUEST2 WRTN  DIST                 area_wfp=74003964 ret_pc=70168732 real_wsp=700015A0 (was 74003950) shadow_wsp=700015A0 master_wfp=700015B4 depth=0
redirect seq=008059 caller=QUEST2 WSAVS DIST                 pc=70168717 area_wfp=74003964 argc=4 frame=0 real_wsp=700015AA shadow_wsp=700015B4 master_wfp=700015B4 ret=70166E20 depth=1
redirect seq=008062 caller=QUEST2 WRTN  DIST                 area_wfp=74003964 ret_pc=70168732 real_wsp=700015A0 (was 74003950) shadow_wsp=700015A0 master_wfp=700015B4 depth=0
redirect seq=008064 caller=QUEST2 WSAVS DIST                 pc=70168717 area_wfp=74003964 argc=4 frame=0 real_wsp=700015AA shadow_wsp=700015B4 master_wfp=700015B4 ret=70166E20 depth=1
redirect seq=008066 caller=QUEST2 WRTN  DIST                 area_wfp=74003964 ret_pc=70168732 real_wsp=700015A0 (was 74003950) shadow_wsp=700015A0 master_wfp=700015B4 depth=0
redirect seq=008071 caller=QUEST2 WSAVS DIST                 pc=70168717 area_wfp=74003964 argc=4 frame=0 real_wsp=700015AA shadow_wsp=700015B4 master_wfp=700015B4 ret=70166E20 depth=1
redirect seq=008073 caller=QUEST2 WRTN  DIST                 area_wfp=74003964 ret_pc=70168732 real_wsp=700015A0 (was 74003950) shadow_wsp=700015A0 master_wfp=700015B4 depth=0
redirect seq=008075 caller=QUEST2 WSAVS DIST                 pc=70168717 area_wfp=74003964 argc=4 frame=0 real_wsp=700015AA shadow_wsp=700015B4 master_wfp=700015B4 ret=70166E20 depth=1
redirect seq=008077 caller=QUEST2 WRTN  DIST                 area_wfp=74003964 ret_pc=70168732 real_wsp=700015A0 (was 74003950) shadow_wsp=700015A0 master_wfp=700015B4 depth=0
redirect seq=008079 caller=QUEST2 WSAVS DIST                 pc=70168717 area_wfp=74003964 argc=4 frame=0 real_wsp=700015AA shadow_wsp=700015B4 master_wfp=700015B4 ret=70166E20 depth=1
redirect seq=008081 caller=QUEST2 WRTN  DIST                 area_wfp=74003964 ret_pc=70168732 real_wsp=700015A0 (was 74003950) shadow_wsp=700015A0 master_wfp=700015B4 depth=0
redirect seq=008084 caller=QUEST2 WSAVS DIST                 pc=70168717 area_wfp=74003964 argc=4 frame=0 real_wsp=700015AA shadow_wsp=700015B4 master_wfp=700015B4 ret=70166E20 depth=1
redirect seq=008088 caller=QUEST2 WRTN  DIST                 area_wfp=74003964 ret_pc=70168732 real_wsp=700015A0 (was 74003950) shadow_wsp=700015A0 master_wfp=700015B4 depth=0
redirect seq=008090 caller=QUEST2 WSAVS DIST                 pc=70168717 area_wfp=74003964 argc=4 frame=0 real_wsp=700015AA shadow_wsp=700015B4 master_wfp=700015B4 ret=70166E20 depth=1
redirect seq=008092 caller=QUEST2 WRTN  DIST                 area_wfp=74003964 ret_pc=70168732 real_wsp=700015A0 (was 74003950) shadow_wsp=700015A0 master_wfp=700015B4 depth=0
redirect seq=008094 caller=QUEST2 WSAVS DIST                 pc=70168717 area_wfp=74003964 argc=4 frame=0 real_wsp=700015AA shadow_wsp=700015B4 master_wfp=700015B4 ret=70166E20 depth=1
redirect seq=008096 caller=QUEST2 WRTN  DIST                 area_wfp=74003964 ret_pc=70168732 real_wsp=700015A0 (was 74003950) shadow_wsp=700015A0 master_wfp=700015B4 depth=0
redirect seq=008101 caller=QUEST2 WSAVS DIST                 pc=70168717 area_wfp=74003964 argc=4 frame=0 real_wsp=700015AA shadow_wsp=700015B4 master_wfp=700015B4 ret=70166E20 depth=1
redirect seq=008103 caller=QUEST2 WRTN  DIST                 area_wfp=74003964 ret_pc=70168732 real_wsp=700015A0 (was 74003950) shadow_wsp=700015A0 master_wfp=700015B4 depth=0
redirect seq=008105 caller=QUEST2 WSAVS DIST                 pc=70168717 area_wfp=74003964 argc=4 frame=0 real_wsp=700015AA shadow_wsp=700015B4 master_wfp=700015B4 ret=70166E20 depth=1
redirect seq=008107 caller=QUEST2 WRTN  DIST                 area_wfp=74003964 ret_pc=70168732 real_wsp=700015A0 (was 74003950) shadow_wsp=700015A0 master_wfp=700015B4 depth=0
redirect seq=008109 caller=QUEST2 WSAVS DIST                 pc=70168717 area_wfp=74003964 argc=4 frame=0 real_wsp=700015AA shadow_wsp=700015B4 master_wfp=700015B4 ret=70166E20 depth=1
redirect seq=008111 caller=QUEST2 WRTN  DIST                 area_wfp=74003964 ret_pc=70168732 real_wsp=700015A0 (was 74003950) shadow_wsp=700015A0 master_wfp=700015B4 depth=0
redirect seq=008114 caller=QUEST2 WSAVS DIST                 pc=70168717 area_wfp=74003964 argc=4 frame=0 real_wsp=700015AA shadow_wsp=700015B4 master_wfp=700015B4 ret=70166E20 depth=1
redirect seq=008116 caller=QUEST2 WRTN  DIST                 area_wfp=74003964 ret_pc=70168732 real_wsp=700015A0 (was 74003950) shadow_wsp=700015A0 master_wfp=700015B4 depth=0
redirect seq=008120 caller=QUEST2 WSAVS DIST                 pc=70168717 area_wfp=74003964 argc=4 frame=0 real_wsp=700015AA shadow_wsp=700015B4 master_wfp=700015B4 ret=70166E20 depth=1
redirect seq=008122 caller=QUEST2 WRTN  DIST                 area_wfp=74003964 ret_pc=70168732 real_wsp=700015A0 (was 74003950) shadow_wsp=700015A0 master_wfp=700015B4 depth=0
redirect seq=008124 caller=QUEST2 WSAVS DIST                 pc=70168717 area_wfp=74003964 argc=4 frame=0 real_wsp=700015AA shadow_wsp=700015B4 master_wfp=700015B4 ret=70166E20 depth=1
redirect seq=008126 caller=QUEST2 WRTN  DIST                 area_wfp=74003964 ret_pc=70168732 real_wsp=700015A0 (was 74003950) shadow_wsp=700015A0 master_wfp=700015B4 depth=0
redirect seq=008131 caller=QUEST2 WSAVS DIST                 pc=70168717 area_wfp=74003964 argc=4 frame=0 real_wsp=700015AA shadow_wsp=700015B4 master_wfp=700015B4 ret=70166E20 depth=1
redirect seq=008133 caller=QUEST2 WRTN  DIST                 area_wfp=74003964 ret_pc=70168732 real_wsp=700015A0 (was 74003950) shadow_wsp=700015A0 master_wfp=700015B4 depth=0
redirect seq=008135 caller=QUEST2 WSAVS DIST                 pc=70168717 area_wfp=74003964 argc=4 frame=0 real_wsp=700015AA shadow_wsp=700015B4 master_wfp=700015B4 ret=70166E20 depth=1
redirect seq=008137 caller=QUEST2 WRTN  DIST                 area_wfp=74003964 ret_pc=70168732 real_wsp=700015A0 (was 74003950) shadow_wsp=700015A0 master_wfp=700015B4 depth=0
redirect seq=008139 caller=QUEST2 WSAVS DIST                 pc=70168717 area_wfp=74003964 argc=4 frame=0 real_wsp=700015AA shadow_wsp=700015B4 master_wfp=700015B4 ret=70166E20 depth=1
redirect seq=008141 caller=QUEST2 WRTN  DIST                 area_wfp=74003964 ret_pc=70168732 real_wsp=700015A0 (was 74003950) shadow_wsp=700015A0 master_wfp=700015B4 depth=0
redirect seq=008145 caller=QUEST2 WSAVS DIST                 pc=70168717 area_wfp=74003964 argc=4 frame=0 real_wsp=700015AA shadow_wsp=700015B4 master_wfp=700015B4 ret=70166E20 depth=1
redirect seq=008147 caller=QUEST2 WRTN  DIST                 area_wfp=74003964 ret_pc=70168732 real_wsp=700015A0 (was 74003950) shadow_wsp=700015A0 master_wfp=700015B4 depth=0
redirect seq=008149 caller=QUEST2 WSAVS DIST                 pc=70168717 area_wfp=74003964 argc=4 frame=0 real_wsp=700015AA shadow_wsp=700015B4 master_wfp=700015B4 ret=70166E20 depth=1
redirect seq=008151 caller=QUEST2 WRTN  DIST                 area_wfp=74003964 ret_pc=70168732 real_wsp=700015A0 (was 74003950) shadow_wsp=700015A0 master_wfp=700015B4 depth=0
redirect seq=008154 caller=QUEST2 WSAVS DIST                 pc=70168717 area_wfp=74003964 argc=4 frame=0 real_wsp=700015AA shadow_wsp=700015B4 master_wfp=700015B4 ret=70166E20 depth=1
redirect seq=008156 caller=QUEST2 WRTN  DIST                 area_wfp=74003964 ret_pc=70168732 real_wsp=700015A0 (was 74003950) shadow_wsp=700015A0 master_wfp=700015B4 depth=0
redirect seq=008161 caller=QUEST2 WSAVS DIST                 pc=70168717 area_wfp=74003964 argc=4 frame=0 real_wsp=700015AA shadow_wsp=700015B4 master_wfp=700015B4 ret=70166E20 depth=1
redirect seq=008163 caller=QUEST2 WRTN  DIST                 area_wfp=74003964 ret_pc=70168732 real_wsp=700015A0 (was 74003950) shadow_wsp=700015A0 master_wfp=700015B4 depth=0
redirect seq=008165 caller=QUEST2 WSAVS DIST                 pc=70168717 area_wfp=74003964 argc=4 frame=0 real_wsp=700015AA shadow_wsp=700015B4 master_wfp=700015B4 ret=70166E20 depth=1
redirect seq=008167 caller=QUEST2 WRTN  DIST                 area_wfp=74003964 ret_pc=70168732 real_wsp=700015A0 (was 74003950) shadow_wsp=700015A0 master_wfp=700015B4 depth=0
redirect seq=008169 caller=QUEST2 WSAVS DIST                 pc=70168717 area_wfp=74003964 argc=4 frame=0 real_wsp=700015AA shadow_wsp=700015B4 master_wfp=700015B4 ret=70166E20 depth=1
redirect seq=008171 caller=QUEST2 WRTN  DIST                 area_wfp=74003964 ret_pc=70168732 real_wsp=700015A0 (was 74003950) shadow_wsp=700015A0 master_wfp=700015B4 depth=0
redirect seq=008176 caller=QUEST2 WSAVS DIST                 pc=70168717 area_wfp=74003964 argc=4 frame=0 real_wsp=700015AA shadow_wsp=700015B4 master_wfp=700015B4 ret=70166E20 depth=1
redirect seq=008178 caller=QUEST2 WRTN  DIST                 area_wfp=74003964 ret_pc=70168732 real_wsp=700015A0 (was 74003950) shadow_wsp=700015A0 master_wfp=700015B4 depth=0
redirect seq=008180 caller=QUEST2 WSAVS DIST                 pc=70168717 area_wfp=74003964 argc=4 frame=0 real_wsp=700015AA shadow_wsp=700015B4 master_wfp=700015B4 ret=70166E20 depth=1
redirect seq=008182 caller=QUEST2 WRTN  DIST                 area_wfp=74003964 ret_pc=70168732 real_wsp=700015A0 (was 74003950) shadow_wsp=700015A0 master_wfp=700015B4 depth=0
redirect seq=008184 caller=QUEST2 WSAVS DIST                 pc=70168717 area_wfp=74003964 argc=4 frame=0 real_wsp=700015AA shadow_wsp=700015B4 master_wfp=700015B4 ret=70166E20 depth=1
redirect seq=008186 caller=QUEST2 WRTN  DIST                 area_wfp=74003964 ret_pc=70168732 real_wsp=700015A0 (was 74003950) shadow_wsp=700015A0 master_wfp=700015B4 depth=0
redirect seq=008189 caller=QUEST2 WSAVS DIST                 pc=70168717 area_wfp=74003964 argc=4 frame=0 real_wsp=700015AA shadow_wsp=700015B4 master_wfp=700015B4 ret=70166E20 depth=1
redirect seq=008191 caller=QUEST2 WRTN  DIST                 area_wfp=74003964 ret_pc=70168732 real_wsp=700015A0 (was 74003950) shadow_wsp=700015A0 master_wfp=700015B4 depth=0
redirect seq=008195 caller=QUEST2 WSAVS DIST                 pc=70168717 area_wfp=74003964 argc=4 frame=0 real_wsp=700015AA shadow_wsp=700015B4 master_wfp=700015B4 ret=70166E20 depth=1
redirect seq=008197 caller=QUEST2 WRTN  DIST                 area_wfp=74003964 ret_pc=70168732 real_wsp=700015A0 (was 74003950) shadow_wsp=700015A0 master_wfp=700015B4 depth=0
redirect seq=008199 caller=QUEST2 WSAVS DIST                 pc=70168717 area_wfp=74003964 argc=4 frame=0 real_wsp=700015AA shadow_wsp=700015B4 master_wfp=700015B4 ret=70166E20 depth=1
redirect seq=008201 caller=QUEST2 WRTN  DIST                 area_wfp=74003964 ret_pc=70168732 real_wsp=700015A0 (was 74003950) shadow_wsp=700015A0 master_wfp=700015B4 depth=0
redirect seq=008206 caller=QUEST2 WSAVS DIST                 pc=70168717 area_wfp=74003964 argc=4 frame=0 real_wsp=700015AA shadow_wsp=700015B4 master_wfp=700015B4 ret=70166E20 depth=1
redirect seq=008208 caller=QUEST2 WRTN  DIST                 area_wfp=74003964 ret_pc=70168732 real_wsp=700015A0 (was 74003950) shadow_wsp=700015A0 master_wfp=700015B4 depth=0
redirect seq=008210 caller=QUEST2 WSAVS DIST                 pc=70168717 area_wfp=74003964 argc=4 frame=0 real_wsp=700015AA shadow_wsp=700015B4 master_wfp=700015B4 ret=70166E20 depth=1
redirect seq=008212 caller=QUEST2 WRTN  DIST                 area_wfp=74003964 ret_pc=70168732 real_wsp=700015A0 (was 74003950) shadow_wsp=700015A0 master_wfp=700015B4 depth=0
redirect seq=008214 caller=QUEST2 WSAVS DIST                 pc=70168717 area_wfp=74003964 argc=4 frame=0 real_wsp=700015AA shadow_wsp=700015B4 master_wfp=700015B4 ret=70166E20 depth=1
redirect seq=008216 caller=QUEST2 WRTN  DIST                 area_wfp=74003964 ret_pc=70168732 real_wsp=700015A0 (was 74003950) shadow_wsp=700015A0 master_wfp=700015B4 depth=0
redirect seq=008220 caller=QUEST2 WSAVS DIST                 pc=70168717 area_wfp=74003964 argc=4 frame=0 real_wsp=700015AA shadow_wsp=700015B4 master_wfp=700015B4 ret=70166E20 depth=1
redirect seq=008222 caller=QUEST2 WRTN  DIST                 area_wfp=74003964 ret_pc=70168732 real_wsp=700015A0 (was 74003950) shadow_wsp=700015A0 master_wfp=700015B4 depth=0
redirect seq=008224 caller=QUEST2 WSAVS DIST                 pc=70168717 area_wfp=74003964 argc=4 frame=0 real_wsp=700015AA shadow_wsp=700015B4 master_wfp=700015B4 ret=70166E20 depth=1
redirect seq=008226 caller=QUEST2 WRTN  DIST                 area_wfp=74003964 ret_pc=70168732 real_wsp=700015A0 (was 74003950) shadow_wsp=700015A0 master_wfp=700015B4 depth=0
redirect seq=008229 caller=QUEST2 WSAVS DIST                 pc=70168717 area_wfp=74003964 argc=4 frame=0 real_wsp=700015AA shadow_wsp=700015B4 master_wfp=700015B4 ret=70166E20 depth=1
redirect seq=008231 caller=QUEST2 WRTN  DIST                 area_wfp=74003964 ret_pc=70168732 real_wsp=700015A0 (was 74003950) shadow_wsp=700015A0 master_wfp=700015B4 depth=0
redirect seq=008236 caller=QUEST2 WSAVS DIST                 pc=70168717 area_wfp=74003964 argc=4 frame=0 real_wsp=700015AA shadow_wsp=700015B4 master_wfp=700015B4 ret=70166E20 depth=1
redirect seq=008238 caller=QUEST2 WRTN  DIST                 area_wfp=74003964 ret_pc=70168732 real_wsp=700015A0 (was 74003950) shadow_wsp=700015A0 master_wfp=700015B4 depth=0
redirect seq=008240 caller=QUEST2 WSAVS DIST                 pc=70168717 area_wfp=74003964 argc=4 frame=0 real_wsp=700015AA shadow_wsp=700015B4 master_wfp=700015B4 ret=70166E20 depth=1
redirect seq=008242 caller=QUEST2 WRTN  DIST                 area_wfp=74003964 ret_pc=70168732 real_wsp=700015A0 (was 74003950) shadow_wsp=700015A0 master_wfp=700015B4 depth=0
redirect seq=008244 caller=QUEST2 WSAVS DIST                 pc=70168717 area_wfp=74003964 argc=4 frame=0 real_wsp=700015AA shadow_wsp=700015B4 master_wfp=700015B4 ret=70166E20 depth=1
redirect seq=008246 caller=QUEST2 WRTN  DIST                 area_wfp=74003964 ret_pc=70168732 real_wsp=700015A0 (was 74003950) shadow_wsp=700015A0 master_wfp=700015B4 depth=0
redirect seq=008249 caller=QUEST2 WSAVS DIST                 pc=70168717 area_wfp=74003964 argc=4 frame=0 real_wsp=700015AA shadow_wsp=700015B4 master_wfp=700015B4 ret=70166E20 depth=1
redirect seq=008251 caller=QUEST2 WRTN  DIST                 area_wfp=74003964 ret_pc=70168732 real_wsp=700015A0 (was 74003950) shadow_wsp=700015A0 master_wfp=700015B4 depth=0
redirect seq=008255 caller=QUEST2 WSAVS DIST                 pc=70168717 area_wfp=74003964 argc=4 frame=0 real_wsp=700015AA shadow_wsp=700015B4 master_wfp=700015B4 ret=70166E20 depth=1
redirect seq=008257 caller=QUEST2 WRTN  DIST                 area_wfp=74003964 ret_pc=70168732 real_wsp=700015A0 (was 74003950) shadow_wsp=700015A0 master_wfp=700015B4 depth=0
redirect seq=008259 caller=QUEST2 WSAVS DIST                 pc=70168717 area_wfp=74003964 argc=4 frame=0 real_wsp=700015AA shadow_wsp=700015B4 master_wfp=700015B4 ret=70166E20 depth=1
redirect seq=008261 caller=QUEST2 WRTN  DIST                 area_wfp=74003964 ret_pc=70168732 real_wsp=700015A0 (was 74003950) shadow_wsp=700015A0 master_wfp=700015B4 depth=0
redirect seq=008266 caller=QUEST2 WSAVS DIST                 pc=70168717 area_wfp=74003964 argc=4 frame=0 real_wsp=700015AA shadow_wsp=700015B4 master_wfp=700015B4 ret=70166E20 depth=1
redirect seq=008268 caller=QUEST2 WRTN  DIST                 area_wfp=74003964 ret_pc=70168732 real_wsp=700015A0 (was 74003950) shadow_wsp=700015A0 master_wfp=700015B4 depth=0
redirect seq=008270 caller=QUEST2 WSAVS DIST                 pc=70168717 area_wfp=74003964 argc=4 frame=0 real_wsp=700015AA shadow_wsp=700015B4 master_wfp=700015B4 ret=70166E20 depth=1
redirect seq=008272 caller=QUEST2 WRTN  DIST                 area_wfp=74003964 ret_pc=70168732 real_wsp=700015A0 (was 74003950) shadow_wsp=700015A0 master_wfp=700015B4 depth=0
redirect seq=008274 caller=QUEST2 WSAVS DIST                 pc=70168717 area_wfp=74003964 argc=4 frame=0 real_wsp=700015AA shadow_wsp=700015B4 master_wfp=700015B4 ret=70166E20 depth=1
redirect seq=008276 caller=QUEST2 WRTN  DIST                 area_wfp=74003964 ret_pc=70168732 real_wsp=700015A0 (was 74003950) shadow_wsp=700015A0 master_wfp=700015B4 depth=0
redirect seq=008280 caller=QUEST2 WSAVS DIST                 pc=70168717 area_wfp=74003964 argc=4 frame=0 real_wsp=700015AA shadow_wsp=700015B4 master_wfp=700015B4 ret=70166E20 depth=1
redirect seq=008282 caller=QUEST2 WRTN  DIST                 area_wfp=74003964 ret_pc=70168732 real_wsp=700015A0 (was 74003950) shadow_wsp=700015A0 master_wfp=700015B4 depth=0
redirect seq=008284 caller=QUEST2 WSAVS DIST                 pc=70168717 area_wfp=74003964 argc=4 frame=0 real_wsp=700015AA shadow_wsp=700015B4 master_wfp=700015B4 ret=70166E20 depth=1
redirect seq=008287 caller=QUEST2 WRTN  DIST                 area_wfp=74003964 ret_pc=70168732 real_wsp=700015A0 (was 74003950) shadow_wsp=700015A0 master_wfp=700015B4 depth=0
redirect seq=008289 caller=QUEST2 WSAVS DIST                 pc=70168717 area_wfp=74003964 argc=4 frame=0 real_wsp=700015AA shadow_wsp=700015B4 master_wfp=700015B4 ret=70166E20 depth=1
redirect seq=008291 caller=QUEST2 WRTN  DIST                 area_wfp=74003964 ret_pc=70168732 real_wsp=700015A0 (was 74003950) shadow_wsp=700015A0 master_wfp=700015B4 depth=0
redirect seq=008296 caller=QUEST2 WSAVS DIST                 pc=70168717 area_wfp=74003964 argc=4 frame=0 real_wsp=700015AA shadow_wsp=700015B4 master_wfp=700015B4 ret=70166E20 depth=1
redirect seq=008298 caller=QUEST2 WRTN  DIST                 area_wfp=74003964 ret_pc=70168732 real_wsp=700015A0 (was 74003950) shadow_wsp=700015A0 master_wfp=700015B4 depth=0
redirect seq=008300 caller=QUEST2 WSAVS DIST                 pc=70168717 area_wfp=74003964 argc=4 frame=0 real_wsp=700015AA shadow_wsp=700015B4 master_wfp=700015B4 ret=70166E20 depth=1
redirect seq=008302 caller=QUEST2 WRTN  DIST                 area_wfp=74003964 ret_pc=70168732 real_wsp=700015A0 (was 74003950) shadow_wsp=700015A0 master_wfp=700015B4 depth=0
redirect seq=008304 caller=QUEST2 WSAVS DIST                 pc=70168717 area_wfp=74003964 argc=4 frame=0 real_wsp=700015AA shadow_wsp=700015B4 master_wfp=700015B4 ret=70166E20 depth=1
redirect seq=008306 caller=QUEST2 WRTN  DIST                 area_wfp=74003964 ret_pc=70168732 real_wsp=700015A0 (was 74003950) shadow_wsp=700015A0 master_wfp=700015B4 depth=0
redirect seq=008311 caller=QUEST2 WSAVS DIST                 pc=70168717 area_wfp=74003964 argc=4 frame=0 real_wsp=700015AA shadow_wsp=700015B4 master_wfp=700015B4 ret=70166E20 depth=1
redirect seq=008313 caller=QUEST2 WRTN  DIST                 area_wfp=74003964 ret_pc=70168732 real_wsp=700015A0 (was 74003950) shadow_wsp=700015A0 master_wfp=700015B4 depth=0
redirect seq=008315 caller=QUEST2 WSAVS DIST                 pc=70168717 area_wfp=74003964 argc=4 frame=0 real_wsp=700015AA shadow_wsp=700015B4 master_wfp=700015B4 ret=70166E20 depth=1
redirect seq=008317 caller=QUEST2 WRTN  DIST                 area_wfp=74003964 ret_pc=70168732 real_wsp=700015A0 (was 74003950) shadow_wsp=700015A0 master_wfp=700015B4 depth=0
redirect seq=008319 caller=QUEST2 WSAVS DIST                 pc=70168717 area_wfp=74003964 argc=4 frame=0 real_wsp=700015AA shadow_wsp=700015B4 master_wfp=700015B4 ret=70166E20 depth=1
redirect seq=008322 caller=QUEST2 WRTN  DIST                 area_wfp=74003964 ret_pc=70168732 real_wsp=700015A0 (was 74003950) shadow_wsp=700015A0 master_wfp=700015B4 depth=0
redirect seq=008324 caller=QUEST2 WSAVS DIST                 pc=70168717 area_wfp=74003964 argc=4 frame=0 real_wsp=700015AA shadow_wsp=700015B4 master_wfp=700015B4 ret=70166E20 depth=1
redirect seq=008328 caller=QUEST2 WRTN  DIST                 area_wfp=74003964 ret_pc=70168732 real_wsp=700015A0 (was 74003950) shadow_wsp=700015A0 master_wfp=700015B4 depth=0
redirect seq=008330 caller=QUEST2 WSAVS DIST                 pc=70168717 area_wfp=74003964 argc=4 frame=0 real_wsp=700015AA shadow_wsp=700015B4 master_wfp=700015B4 ret=70166E20 depth=1
redirect seq=008332 caller=QUEST2 WRTN  DIST                 area_wfp=74003964 ret_pc=70168732 real_wsp=700015A0 (was 74003950) shadow_wsp=700015A0 master_wfp=700015B4 depth=0
redirect seq=008334 caller=QUEST2 WSAVS DIST                 pc=70168717 area_wfp=74003964 argc=4 frame=0 real_wsp=700015AA shadow_wsp=700015B4 master_wfp=700015B4 ret=70166E20 depth=1
redirect seq=008336 caller=QUEST2 WRTN  DIST                 area_wfp=74003964 ret_pc=70168732 real_wsp=700015A0 (was 74003950) shadow_wsp=700015A0 master_wfp=700015B4 depth=0
redirect seq=008341 caller=QUEST2 WSAVS DIST                 pc=70168717 area_wfp=74003964 argc=4 frame=0 real_wsp=700015AA shadow_wsp=700015B4 master_wfp=700015B4 ret=70166E20 depth=1
redirect seq=008343 caller=QUEST2 WRTN  DIST                 area_wfp=74003964 ret_pc=70168732 real_wsp=700015A0 (was 74003950) shadow_wsp=700015A0 master_wfp=700015B4 depth=0
redirect seq=008345 caller=QUEST2 WSAVS DIST                 pc=70168717 area_wfp=74003964 argc=4 frame=0 real_wsp=700015AA shadow_wsp=700015B4 master_wfp=700015B4 ret=70166E20 depth=1
redirect seq=008347 caller=QUEST2 WRTN  DIST                 area_wfp=74003964 ret_pc=70168732 real_wsp=700015A0 (was 74003950) shadow_wsp=700015A0 master_wfp=700015B4 depth=0
redirect seq=008349 caller=QUEST2 WSAVS DIST                 pc=70168717 area_wfp=74003964 argc=4 frame=0 real_wsp=700015AA shadow_wsp=700015B4 master_wfp=700015B4 ret=70166E20 depth=1
redirect seq=008351 caller=QUEST2 WRTN  DIST                 area_wfp=74003964 ret_pc=70168732 real_wsp=700015A0 (was 74003950) shadow_wsp=700015A0 master_wfp=700015B4 depth=0
redirect seq=008354 caller=QUEST2 WSAVS DIST                 pc=70168717 area_wfp=74003964 argc=4 frame=0 real_wsp=700015AA shadow_wsp=700015B4 master_wfp=700015B4 ret=70166E20 depth=1
redirect seq=008356 caller=QUEST2 WRTN  DIST                 area_wfp=74003964 ret_pc=70168732 real_wsp=700015A0 (was 74003950) shadow_wsp=700015A0 master_wfp=700015B4 depth=0
redirect seq=008360 caller=QUEST2 WSAVS DIST                 pc=70168717 area_wfp=74003964 argc=4 frame=0 real_wsp=700015AA shadow_wsp=700015B4 master_wfp=700015B4 ret=70166E20 depth=1
redirect seq=008362 caller=QUEST2 WRTN  DIST                 area_wfp=74003964 ret_pc=70168732 real_wsp=700015A0 (was 74003950) shadow_wsp=700015A0 master_wfp=700015B4 depth=0
redirect seq=008364 caller=QUEST2 WSAVS DIST                 pc=70168717 area_wfp=74003964 argc=4 frame=0 real_wsp=700015AA shadow_wsp=700015B4 master_wfp=700015B4 ret=70166E20 depth=1
redirect seq=008366 caller=QUEST2 WRTN  DIST                 area_wfp=74003964 ret_pc=70168732 real_wsp=700015A0 (was 74003950) shadow_wsp=700015A0 master_wfp=700015B4 depth=0
redirect seq=008371 caller=QUEST2 WSAVS DIST                 pc=70168717 area_wfp=74003964 argc=4 frame=0 real_wsp=700015AA shadow_wsp=700015B4 master_wfp=700015B4 ret=70166E20 depth=1
redirect seq=008373 caller=QUEST2 WRTN  DIST                 area_wfp=74003964 ret_pc=70168732 real_wsp=700015A0 (was 74003950) shadow_wsp=700015A0 master_wfp=700015B4 depth=0
redirect seq=008375 caller=QUEST2 WSAVS DIST                 pc=70168717 area_wfp=74003964 argc=4 frame=0 real_wsp=700015AA shadow_wsp=700015B4 master_wfp=700015B4 ret=70166E20 depth=1
redirect seq=008377 caller=QUEST2 WRTN  DIST                 area_wfp=74003964 ret_pc=70168732 real_wsp=700015A0 (was 74003950) shadow_wsp=700015A0 master_wfp=700015B4 depth=0
redirect seq=008379 caller=QUEST2 WSAVS DIST                 pc=70168717 area_wfp=74003964 argc=4 frame=0 real_wsp=700015AA shadow_wsp=700015B4 master_wfp=700015B4 ret=70166E20 depth=1
redirect seq=008381 caller=QUEST2 WRTN  DIST                 area_wfp=74003964 ret_pc=70168732 real_wsp=700015A0 (was 74003950) shadow_wsp=700015A0 master_wfp=700015B4 depth=0
redirect seq=008385 caller=QUEST2 WSAVS DIST                 pc=70168717 area_wfp=74003964 argc=4 frame=0 real_wsp=700015AA shadow_wsp=700015B4 master_wfp=700015B4 ret=70166E20 depth=1
redirect seq=008387 caller=QUEST2 WRTN  DIST                 area_wfp=74003964 ret_pc=70168732 real_wsp=700015A0 (was 74003950) shadow_wsp=700015A0 master_wfp=700015B4 depth=0
redirect seq=008389 caller=QUEST2 WSAVS DIST                 pc=70168717 area_wfp=74003964 argc=4 frame=0 real_wsp=700015AA shadow_wsp=700015B4 master_wfp=700015B4 ret=70166E20 depth=1
redirect seq=008391 caller=QUEST2 WRTN  DIST                 area_wfp=74003964 ret_pc=70168732 real_wsp=700015A0 (was 74003950) shadow_wsp=700015A0 master_wfp=700015B4 depth=0
redirect seq=008394 caller=QUEST2 WSAVS DIST                 pc=70168717 area_wfp=74003964 argc=4 frame=0 real_wsp=700015AA shadow_wsp=700015B4 master_wfp=700015B4 ret=70166E20 depth=1
redirect seq=008396 caller=QUEST2 WRTN  DIST                 area_wfp=74003964 ret_pc=70168732 real_wsp=700015A0 (was 74003950) shadow_wsp=700015A0 master_wfp=700015B4 depth=0
redirect seq=008401 caller=QUEST2 WSAVS DIST                 pc=70168717 area_wfp=74003964 argc=4 frame=0 real_wsp=700015AA shadow_wsp=700015B4 master_wfp=700015B4 ret=70166E20 depth=1
redirect seq=008403 caller=QUEST2 WRTN  DIST                 area_wfp=74003964 ret_pc=70168732 real_wsp=700015A0 (was 74003950) shadow_wsp=700015A0 master_wfp=700015B4 depth=0
redirect seq=008405 caller=QUEST2 WSAVS DIST                 pc=70168717 area_wfp=74003964 argc=4 frame=0 real_wsp=700015AA shadow_wsp=700015B4 master_wfp=700015B4 ret=70166E20 depth=1
redirect seq=008407 caller=QUEST2 WRTN  DIST                 area_wfp=74003964 ret_pc=70168732 real_wsp=700015A0 (was 74003950) shadow_wsp=700015A0 master_wfp=700015B4 depth=0
redirect seq=008409 caller=QUEST2 WSAVS DIST                 pc=70168717 area_wfp=74003964 argc=4 frame=0 real_wsp=700015AA shadow_wsp=700015B4 master_wfp=700015B4 ret=70166E20 depth=1
redirect seq=008411 caller=QUEST2 WRTN  DIST                 area_wfp=74003964 ret_pc=70168732 real_wsp=700015A0 (was 74003950) shadow_wsp=700015A0 master_wfp=700015B4 depth=0
redirect seq=008414 caller=QUEST2 WSAVS DIST                 pc=70168717 area_wfp=74003964 argc=4 frame=0 real_wsp=700015AA shadow_wsp=700015B4 master_wfp=700015B4 ret=70166E20 depth=1
redirect seq=008416 caller=QUEST2 WRTN  DIST                 area_wfp=74003964 ret_pc=70168732 real_wsp=700015A0 (was 74003950) shadow_wsp=700015A0 master_wfp=700015B4 depth=0
redirect seq=008420 caller=QUEST2 WSAVS DIST                 pc=70168717 area_wfp=74003964 argc=4 frame=0 real_wsp=700015AA shadow_wsp=700015B4 master_wfp=700015B4 ret=70166E20 depth=1
redirect seq=008422 caller=QUEST2 WRTN  DIST                 area_wfp=74003964 ret_pc=70168732 real_wsp=700015A0 (was 74003950) shadow_wsp=700015A0 master_wfp=700015B4 depth=0
redirect seq=008424 caller=QUEST2 WSAVS DIST                 pc=70168717 area_wfp=74003964 argc=4 frame=0 real_wsp=700015AA shadow_wsp=700015B4 master_wfp=700015B4 ret=70166E20 depth=1
redirect seq=008426 caller=QUEST2 WRTN  DIST                 area_wfp=74003964 ret_pc=70168732 real_wsp=700015A0 (was 74003950) shadow_wsp=700015A0 master_wfp=700015B4 depth=0
redirect seq=008431 caller=QUEST2 WSAVS DIST                 pc=70168717 area_wfp=74003964 argc=4 frame=0 real_wsp=700015AA shadow_wsp=700015B4 master_wfp=700015B4 ret=70166E20 depth=1
redirect seq=008433 caller=QUEST2 WRTN  DIST                 area_wfp=74003964 ret_pc=70168732 real_wsp=700015A0 (was 74003950) shadow_wsp=700015A0 master_wfp=700015B4 depth=0
redirect seq=008435 caller=QUEST2 WSAVS DIST                 pc=70168717 area_wfp=74003964 argc=4 frame=0 real_wsp=700015AA shadow_wsp=700015B4 master_wfp=700015B4 ret=70166E20 depth=1
redirect seq=008437 caller=QUEST2 WRTN  DIST                 area_wfp=74003964 ret_pc=70168732 real_wsp=700015A0 (was 74003950) shadow_wsp=700015A0 master_wfp=700015B4 depth=0
redirect seq=008439 caller=QUEST2 WSAVS DIST                 pc=70168717 area_wfp=74003964 argc=4 frame=0 real_wsp=700015AA shadow_wsp=700015B4 master_wfp=700015B4 ret=70166E20 depth=1
redirect seq=008441 caller=QUEST2 WRTN  DIST                 area_wfp=74003964 ret_pc=70168732 real_wsp=700015A0 (was 74003950) shadow_wsp=700015A0 master_wfp=700015B4 depth=0
redirect seq=008444 caller=QUEST2 WSAVS DIST                 pc=70168717 area_wfp=74003964 argc=4 frame=0 real_wsp=700015AA shadow_wsp=700015B4 master_wfp=700015B4 ret=70166E20 depth=1
redirect seq=008446 caller=QUEST2 WRTN  DIST                 area_wfp=74003964 ret_pc=70168732 real_wsp=700015A0 (was 74003950) shadow_wsp=700015A0 master_wfp=700015B4 depth=0
redirect seq=008450 caller=QUEST2 WSAVS DIST                 pc=70168717 area_wfp=74003964 argc=4 frame=0 real_wsp=700015AA shadow_wsp=700015B4 master_wfp=700015B4 ret=70166E20 depth=1
redirect seq=008452 caller=QUEST2 WRTN  DIST                 area_wfp=74003964 ret_pc=70168732 real_wsp=700015A0 (was 74003950) shadow_wsp=700015A0 master_wfp=700015B4 depth=0
redirect seq=008454 caller=QUEST2 WSAVS DIST                 pc=70168717 area_wfp=74003964 argc=4 frame=0 real_wsp=700015AA shadow_wsp=700015B4 master_wfp=700015B4 ret=70166E20 depth=1
redirect seq=008456 caller=QUEST2 WRTN  DIST                 area_wfp=74003964 ret_pc=70168732 real_wsp=700015A0 (was 74003950) shadow_wsp=700015A0 master_wfp=700015B4 depth=0
redirect seq=008461 caller=QUEST2 WSAVS DIST                 pc=70168717 area_wfp=74003964 argc=4 frame=0 real_wsp=700015AA shadow_wsp=700015B4 master_wfp=700015B4 ret=70166E20 depth=1
redirect seq=008463 caller=QUEST2 WRTN  DIST                 area_wfp=74003964 ret_pc=70168732 real_wsp=700015A0 (was 74003950) shadow_wsp=700015A0 master_wfp=700015B4 depth=0
redirect seq=008465 caller=QUEST2 WSAVS DIST                 pc=70168717 area_wfp=74003964 argc=4 frame=0 real_wsp=700015AA shadow_wsp=700015B4 master_wfp=700015B4 ret=70166E20 depth=1
redirect seq=008467 caller=QUEST2 WRTN  DIST                 area_wfp=74003964 ret_pc=70168732 real_wsp=700015A0 (was 74003950) shadow_wsp=700015A0 master_wfp=700015B4 depth=0
redirect seq=008469 caller=QUEST2 WSAVS DIST                 pc=70168717 area_wfp=74003964 argc=4 frame=0 real_wsp=700015AA shadow_wsp=700015B4 master_wfp=700015B4 ret=70166E20 depth=1
redirect seq=008471 caller=QUEST2 WRTN  DIST                 area_wfp=74003964 ret_pc=70168732 real_wsp=700015A0 (was 74003950) shadow_wsp=700015A0 master_wfp=700015B4 depth=0
redirect seq=008476 caller=QUEST2 WSAVS DIST                 pc=70168717 area_wfp=74003964 argc=4 frame=0 real_wsp=700015AA shadow_wsp=700015B4 master_wfp=700015B4 ret=70166E20 depth=1
redirect seq=008478 caller=QUEST2 WRTN  DIST                 area_wfp=74003964 ret_pc=70168732 real_wsp=700015A0 (was 74003950) shadow_wsp=700015A0 master_wfp=700015B4 depth=0
redirect seq=008480 caller=QUEST2 WSAVS DIST                 pc=70168717 area_wfp=74003964 argc=4 frame=0 real_wsp=700015AA shadow_wsp=700015B4 master_wfp=700015B4 ret=70166E20 depth=1
redirect seq=008482 caller=QUEST2 WRTN  DIST                 area_wfp=74003964 ret_pc=70168732 real_wsp=700015A0 (was 74003950) shadow_wsp=700015A0 master_wfp=700015B4 depth=0
redirect seq=008485 caller=QUEST2 WSAVS DIST                 pc=70168717 area_wfp=74003964 argc=4 frame=0 real_wsp=700015AA shadow_wsp=700015B4 master_wfp=700015B4 ret=70166E20 depth=1
redirect seq=008487 caller=QUEST2 WRTN  DIST                 area_wfp=74003964 ret_pc=70168732 real_wsp=700015A0 (was 74003950) shadow_wsp=700015A0 master_wfp=700015B4 depth=0
redirect seq=008489 caller=QUEST2 WSAVS DIST                 pc=70168717 area_wfp=74003964 argc=4 frame=0 real_wsp=700015AA shadow_wsp=700015B4 master_wfp=700015B4 ret=70166E20 depth=1
redirect seq=008493 caller=QUEST2 WRTN  DIST                 area_wfp=74003964 ret_pc=70168732 real_wsp=700015A0 (was 74003950) shadow_wsp=700015A0 master_wfp=700015B4 depth=0
redirect seq=008495 caller=QUEST2 WSAVS DIST                 pc=70168717 area_wfp=74003964 argc=4 frame=0 real_wsp=700015AA shadow_wsp=700015B4 master_wfp=700015B4 ret=70166E20 depth=1
redirect seq=008497 caller=QUEST2 WRTN  DIST                 area_wfp=74003964 ret_pc=70168732 real_wsp=700015A0 (was 74003950) shadow_wsp=700015A0 master_wfp=700015B4 depth=0
redirect seq=008499 caller=QUEST2 WSAVS DIST                 pc=70168717 area_wfp=74003964 argc=4 frame=0 real_wsp=700015AA shadow_wsp=700015B4 master_wfp=700015B4 ret=70166E20 depth=1
redirect seq=008501 caller=QUEST2 WRTN  DIST                 area_wfp=74003964 ret_pc=70168732 real_wsp=700015A0 (was 74003950) shadow_wsp=700015A0 master_wfp=700015B4 depth=0
redirect seq=008506 caller=QUEST2 WSAVS DIST                 pc=70168717 area_wfp=74003964 argc=4 frame=0 real_wsp=700015AA shadow_wsp=700015B4 master_wfp=700015B4 ret=70166E20 depth=1
redirect seq=008508 caller=QUEST2 WRTN  DIST                 area_wfp=74003964 ret_pc=70168732 real_wsp=700015A0 (was 74003950) shadow_wsp=700015A0 master_wfp=700015B4 depth=0
redirect seq=008510 caller=QUEST2 WSAVS DIST                 pc=70168717 area_wfp=74003964 argc=4 frame=0 real_wsp=700015AA shadow_wsp=700015B4 master_wfp=700015B4 ret=70166E20 depth=1
redirect seq=008512 caller=QUEST2 WRTN  DIST                 area_wfp=74003964 ret_pc=70168732 real_wsp=700015A0 (was 74003950) shadow_wsp=700015A0 master_wfp=700015B4 depth=0
redirect seq=008514 caller=QUEST2 WSAVS DIST                 pc=70168717 area_wfp=74003964 argc=4 frame=0 real_wsp=700015AA shadow_wsp=700015B4 master_wfp=700015B4 ret=70166E20 depth=1
redirect seq=008516 caller=QUEST2 WRTN  DIST                 area_wfp=74003964 ret_pc=70168732 real_wsp=700015A0 (was 74003950) shadow_wsp=700015A0 master_wfp=700015B4 depth=0
redirect seq=008519 caller=QUEST2 WSAVS DIST                 pc=70168717 area_wfp=74003964 argc=4 frame=0 real_wsp=700015AA shadow_wsp=700015B4 master_wfp=700015B4 ret=70166E20 depth=1
redirect seq=008523 caller=QUEST2 WRTN  DIST                 area_wfp=74003964 ret_pc=70168732 real_wsp=700015A0 (was 74003950) shadow_wsp=700015A0 master_wfp=700015B4 depth=0
redirect seq=008525 caller=QUEST2 WSAVS DIST                 pc=70168717 area_wfp=74003964 argc=4 frame=0 real_wsp=700015AA shadow_wsp=700015B4 master_wfp=700015B4 ret=70166E20 depth=1
redirect seq=008527 caller=QUEST2 WRTN  DIST                 area_wfp=74003964 ret_pc=70168732 real_wsp=700015A0 (was 74003950) shadow_wsp=700015A0 master_wfp=700015B4 depth=0
redirect seq=008529 caller=QUEST2 WSAVS DIST                 pc=70168717 area_wfp=74003964 argc=4 frame=0 real_wsp=700015AA shadow_wsp=700015B4 master_wfp=700015B4 ret=70166E20 depth=1
redirect seq=008531 caller=QUEST2 WRTN  DIST                 area_wfp=74003964 ret_pc=70168732 real_wsp=700015A0 (was 74003950) shadow_wsp=700015A0 master_wfp=700015B4 depth=0
redirect seq=008536 caller=QUEST2 WSAVS DIST                 pc=70168717 area_wfp=74003964 argc=4 frame=0 real_wsp=700015AA shadow_wsp=700015B4 master_wfp=700015B4 ret=70166E20 depth=1
redirect seq=008538 caller=QUEST2 WRTN  DIST                 area_wfp=74003964 ret_pc=70168732 real_wsp=700015A0 (was 74003950) shadow_wsp=700015A0 master_wfp=700015B4 depth=0
redirect seq=008540 caller=QUEST2 WSAVS DIST                 pc=70168717 area_wfp=74003964 argc=4 frame=0 real_wsp=700015AA shadow_wsp=700015B4 master_wfp=700015B4 ret=70166E20 depth=1
redirect seq=008542 caller=QUEST2 WRTN  DIST                 area_wfp=74003964 ret_pc=70168732 real_wsp=700015A0 (was 74003950) shadow_wsp=700015A0 master_wfp=700015B4 depth=0
redirect seq=008544 caller=QUEST2 WSAVS DIST                 pc=70168717 area_wfp=74003964 argc=4 frame=0 real_wsp=700015AA shadow_wsp=700015B4 master_wfp=700015B4 ret=70166E20 depth=1
redirect seq=008546 caller=QUEST2 WRTN  DIST                 area_wfp=74003964 ret_pc=70168732 real_wsp=700015A0 (was 74003950) shadow_wsp=700015A0 master_wfp=700015B4 depth=0
redirect seq=008549 caller=QUEST2 WSAVS DIST                 pc=70168717 area_wfp=74003964 argc=4 frame=0 real_wsp=700015AA shadow_wsp=700015B4 master_wfp=700015B4 ret=70166E20 depth=1
redirect seq=008551 caller=QUEST2 WRTN  DIST                 area_wfp=74003964 ret_pc=70168732 real_wsp=700015A0 (was 74003950) shadow_wsp=700015A0 master_wfp=700015B4 depth=0
redirect seq=008555 caller=QUEST2 WSAVS DIST                 pc=70168717 area_wfp=74003964 argc=4 frame=0 real_wsp=700015AA shadow_wsp=700015B4 master_wfp=700015B4 ret=70166E20 depth=1
redirect seq=008557 caller=QUEST2 WRTN  DIST                 area_wfp=74003964 ret_pc=70168732 real_wsp=700015A0 (was 74003950) shadow_wsp=700015A0 master_wfp=700015B4 depth=0
redirect seq=008559 caller=QUEST2 WSAVS DIST                 pc=70168717 area_wfp=74003964 argc=4 frame=0 real_wsp=700015AA shadow_wsp=700015B4 master_wfp=700015B4 ret=70166E20 depth=1
redirect seq=008561 caller=QUEST2 WRTN  DIST                 area_wfp=74003964 ret_pc=70168732 real_wsp=700015A0 (was 74003950) shadow_wsp=700015A0 master_wfp=700015B4 depth=0
redirect seq=008566 caller=QUEST2 WSAVS DIST                 pc=70168717 area_wfp=74003964 argc=4 frame=0 real_wsp=700015AA shadow_wsp=700015B4 master_wfp=700015B4 ret=70166E20 depth=1
redirect seq=008568 caller=QUEST2 WRTN  DIST                 area_wfp=74003964 ret_pc=70168732 real_wsp=700015A0 (was 74003950) shadow_wsp=700015A0 master_wfp=700015B4 depth=0
redirect seq=008570 caller=QUEST2 WSAVS DIST                 pc=70168717 area_wfp=74003964 argc=4 frame=0 real_wsp=700015AA shadow_wsp=700015B4 master_wfp=700015B4 ret=70166E20 depth=1
redirect seq=008572 caller=QUEST2 WRTN  DIST                 area_wfp=74003964 ret_pc=70168732 real_wsp=700015A0 (was 74003950) shadow_wsp=700015A0 master_wfp=700015B4 depth=0
redirect seq=008574 caller=QUEST2 WSAVS DIST                 pc=70168717 area_wfp=74003964 argc=4 frame=0 real_wsp=700015AA shadow_wsp=700015B4 master_wfp=700015B4 ret=70166E20 depth=1
redirect seq=008576 caller=QUEST2 WRTN  DIST                 area_wfp=74003964 ret_pc=70168732 real_wsp=700015A0 (was 74003950) shadow_wsp=700015A0 master_wfp=700015B4 depth=0
redirect seq=008581 caller=QUEST2 WSAVS DIST                 pc=70168717 area_wfp=74003964 argc=4 frame=0 real_wsp=700015AA shadow_wsp=700015B4 master_wfp=700015B4 ret=70166E20 depth=1
redirect seq=008583 caller=QUEST2 WRTN  DIST                 area_wfp=74003964 ret_pc=70168732 real_wsp=700015A0 (was 74003950) shadow_wsp=700015A0 master_wfp=700015B4 depth=0
redirect seq=008585 caller=QUEST2 WSAVS DIST                 pc=70168717 area_wfp=74003964 argc=4 frame=0 real_wsp=700015AA shadow_wsp=700015B4 master_wfp=700015B4 ret=70166E20 depth=1
redirect seq=008587 caller=QUEST2 WRTN  DIST                 area_wfp=74003964 ret_pc=70168732 real_wsp=700015A0 (was 74003950) shadow_wsp=700015A0 master_wfp=700015B4 depth=0
redirect seq=008589 caller=QUEST2 WSAVS DIST                 pc=70168717 area_wfp=74003964 argc=4 frame=0 real_wsp=700015AA shadow_wsp=700015B4 master_wfp=700015B4 ret=70166E20 depth=1
redirect seq=008591 caller=QUEST2 WRTN  DIST                 area_wfp=74003964 ret_pc=70168732 real_wsp=700015A0 (was 74003950) shadow_wsp=700015A0 master_wfp=700015B4 depth=0
redirect seq=008596 caller=QUEST2 WSAVS DIST                 pc=70168717 area_wfp=74003964 argc=4 frame=0 real_wsp=700015AA shadow_wsp=700015B4 master_wfp=700015B4 ret=70166E20 depth=1
redirect seq=008598 caller=QUEST2 WRTN  DIST                 area_wfp=74003964 ret_pc=70168732 real_wsp=700015A0 (was 74003950) shadow_wsp=700015A0 master_wfp=700015B4 depth=0
redirect seq=008600 caller=QUEST2 WSAVS DIST                 pc=70168717 area_wfp=74003964 argc=4 frame=0 real_wsp=700015AA shadow_wsp=700015B4 master_wfp=700015B4 ret=70166E20 depth=1
redirect seq=008602 caller=QUEST2 WRTN  DIST                 area_wfp=74003964 ret_pc=70168732 real_wsp=700015A0 (was 74003950) shadow_wsp=700015A0 master_wfp=700015B4 depth=0
redirect seq=008604 caller=QUEST2 WSAVS DIST                 pc=70168717 area_wfp=74003964 argc=4 frame=0 real_wsp=700015AA shadow_wsp=700015B4 master_wfp=700015B4 ret=70166E20 depth=1
redirect seq=008606 caller=QUEST2 WRTN  DIST                 area_wfp=74003964 ret_pc=70168732 real_wsp=700015A0 (was 74003950) shadow_wsp=700015A0 master_wfp=700015B4 depth=0
redirect seq=008611 caller=QUEST2 WSAVS DIST                 pc=70168717 area_wfp=74003964 argc=4 frame=0 real_wsp=700015AA shadow_wsp=700015B4 master_wfp=700015B4 ret=70166E20 depth=1
redirect seq=008613 caller=QUEST2 WRTN  DIST                 area_wfp=74003964 ret_pc=70168732 real_wsp=700015A0 (was 74003950) shadow_wsp=700015A0 master_wfp=700015B4 depth=0
redirect seq=008615 caller=QUEST2 WSAVS DIST                 pc=70168717 area_wfp=74003964 argc=4 frame=0 real_wsp=700015AA shadow_wsp=700015B4 master_wfp=700015B4 ret=70166E20 depth=1
redirect seq=008617 caller=QUEST2 WRTN  DIST                 area_wfp=74003964 ret_pc=70168732 real_wsp=700015A0 (was 74003950) shadow_wsp=700015A0 master_wfp=700015B4 depth=0
redirect seq=008619 caller=QUEST2 WSAVS DIST                 pc=70168717 area_wfp=74003964 argc=4 frame=0 real_wsp=700015AA shadow_wsp=700015B4 master_wfp=700015B4 ret=70166E20 depth=1
redirect seq=008621 caller=QUEST2 WRTN  DIST                 area_wfp=74003964 ret_pc=70168732 real_wsp=700015A0 (was 74003950) shadow_wsp=700015A0 master_wfp=700015B4 depth=0
redirect seq=008626 caller=QUEST2 WSAVS DIST                 pc=70168717 area_wfp=74003964 argc=4 frame=0 real_wsp=700015AA shadow_wsp=700015B4 master_wfp=700015B4 ret=70166E20 depth=1
redirect seq=008628 caller=QUEST2 WRTN  DIST                 area_wfp=74003964 ret_pc=70168732 real_wsp=700015A0 (was 74003950) shadow_wsp=700015A0 master_wfp=700015B4 depth=0
redirect seq=008630 caller=QUEST2 WSAVS DIST                 pc=70168717 area_wfp=74003964 argc=4 frame=0 real_wsp=700015AA shadow_wsp=700015B4 master_wfp=700015B4 ret=70166E20 depth=1
redirect seq=008632 caller=QUEST2 WRTN  DIST                 area_wfp=74003964 ret_pc=70168732 real_wsp=700015A0 (was 74003950) shadow_wsp=700015A0 master_wfp=700015B4 depth=0
redirect seq=008634 caller=QUEST2 WSAVS DIST                 pc=70168717 area_wfp=74003964 argc=4 frame=0 real_wsp=700015AA shadow_wsp=700015B4 master_wfp=700015B4 ret=70166E20 depth=1
redirect seq=008636 caller=QUEST2 WRTN  DIST                 area_wfp=74003964 ret_pc=70168732 real_wsp=700015A0 (was 74003950) shadow_wsp=700015A0 master_wfp=700015B4 depth=0
redirect seq=008639 caller=QUEST2 WSAVS DIST                 pc=70168717 area_wfp=74003964 argc=4 frame=0 real_wsp=700015AA shadow_wsp=700015B4 master_wfp=700015B4 ret=70166E20 depth=1
redirect seq=008641 caller=QUEST2 WRTN  DIST                 area_wfp=74003964 ret_pc=70168732 real_wsp=700015A0 (was 74003950) shadow_wsp=700015A0 master_wfp=700015B4 depth=0
redirect seq=008645 caller=QUEST2 WSAVS DIST                 pc=70168717 area_wfp=74003964 argc=4 frame=0 real_wsp=700015AA shadow_wsp=700015B4 master_wfp=700015B4 ret=70166E20 depth=1
redirect seq=008647 caller=QUEST2 WRTN  DIST                 area_wfp=74003964 ret_pc=70168732 real_wsp=700015A0 (was 74003950) shadow_wsp=700015A0 master_wfp=700015B4 depth=0
redirect seq=008649 caller=QUEST2 WSAVS DIST                 pc=70168717 area_wfp=74003964 argc=4 frame=0 real_wsp=700015AA shadow_wsp=700015B4 master_wfp=700015B4 ret=70166E20 depth=1
redirect seq=008651 caller=QUEST2 WRTN  DIST                 area_wfp=74003964 ret_pc=70168732 real_wsp=700015A0 (was 74003950) shadow_wsp=700015A0 master_wfp=700015B4 depth=0
redirect seq=008656 caller=QUEST2 WSAVS DIST                 pc=70168717 area_wfp=74003964 argc=4 frame=0 real_wsp=700015AA shadow_wsp=700015B4 master_wfp=700015B4 ret=70166E20 depth=1
redirect seq=008658 caller=QUEST2 WRTN  DIST                 area_wfp=74003964 ret_pc=70168732 real_wsp=700015A0 (was 74003950) shadow_wsp=700015A0 master_wfp=700015B4 depth=0
redirect seq=008660 caller=QUEST2 WSAVS DIST                 pc=70168717 area_wfp=74003964 argc=4 frame=0 real_wsp=700015AA shadow_wsp=700015B4 master_wfp=700015B4 ret=70166E20 depth=1
redirect seq=008662 caller=QUEST2 WRTN  DIST                 area_wfp=74003964 ret_pc=70168732 real_wsp=700015A0 (was 74003950) shadow_wsp=700015A0 master_wfp=700015B4 depth=0
redirect seq=008664 caller=QUEST2 WSAVS DIST                 pc=70168717 area_wfp=74003964 argc=4 frame=0 real_wsp=700015AA shadow_wsp=700015B4 master_wfp=700015B4 ret=70166E20 depth=1
redirect seq=008666 caller=QUEST2 WRTN  DIST                 area_wfp=74003964 ret_pc=70168732 real_wsp=700015A0 (was 74003950) shadow_wsp=700015A0 master_wfp=700015B4 depth=0
redirect seq=008670 caller=QUEST2 WSAVS DIST                 pc=70168717 area_wfp=74003964 argc=4 frame=0 real_wsp=700015AA shadow_wsp=700015B4 master_wfp=700015B4 ret=70166E20 depth=1
redirect seq=008672 caller=QUEST2 WRTN  DIST                 area_wfp=74003964 ret_pc=70168732 real_wsp=700015A0 (was 74003950) shadow_wsp=700015A0 master_wfp=700015B4 depth=0
redirect seq=008674 caller=QUEST2 WSAVS DIST                 pc=70168717 area_wfp=74003964 argc=4 frame=0 real_wsp=700015AA shadow_wsp=700015B4 master_wfp=700015B4 ret=70166E20 depth=1
redirect seq=008677 caller=QUEST2 WRTN  DIST                 area_wfp=74003964 ret_pc=70168732 real_wsp=700015A0 (was 74003950) shadow_wsp=700015A0 master_wfp=700015B4 depth=0
redirect seq=008679 caller=QUEST2 WSAVS DIST                 pc=70168717 area_wfp=74003964 argc=4 frame=0 real_wsp=700015AA shadow_wsp=700015B4 master_wfp=700015B4 ret=70166E20 depth=1
redirect seq=008681 caller=QUEST2 WRTN  DIST                 area_wfp=74003964 ret_pc=70168732 real_wsp=700015A0 (was 74003950) shadow_wsp=700015A0 master_wfp=700015B4 depth=0
redirect seq=008686 caller=QUEST2 WSAVS DIST                 pc=70168717 area_wfp=74003964 argc=4 frame=0 real_wsp=700015AA shadow_wsp=700015B4 master_wfp=700015B4 ret=70166E20 depth=1
redirect seq=008688 caller=QUEST2 WRTN  DIST                 area_wfp=74003964 ret_pc=70168732 real_wsp=700015A0 (was 74003950) shadow_wsp=700015A0 master_wfp=700015B4 depth=0
redirect seq=008690 caller=QUEST2 WSAVS DIST                 pc=70168717 area_wfp=74003964 argc=4 frame=0 real_wsp=700015AA shadow_wsp=700015B4 master_wfp=700015B4 ret=70166E20 depth=1
redirect seq=008692 caller=QUEST2 WRTN  DIST                 area_wfp=74003964 ret_pc=70168732 real_wsp=700015A0 (was 74003950) shadow_wsp=700015A0 master_wfp=700015B4 depth=0
redirect seq=008694 caller=QUEST2 WSAVS DIST                 pc=70168717 area_wfp=74003964 argc=4 frame=0 real_wsp=700015AA shadow_wsp=700015B4 master_wfp=700015B4 ret=70166E20 depth=1
redirect seq=008696 caller=QUEST2 WRTN  DIST                 area_wfp=74003964 ret_pc=70168732 real_wsp=700015A0 (was 74003950) shadow_wsp=700015A0 master_wfp=700015B4 depth=0
redirect seq=008699 caller=QUEST2 WSAVS DIST                 pc=70168717 area_wfp=74003964 argc=4 frame=0 real_wsp=700015AA shadow_wsp=700015B4 master_wfp=700015B4 ret=70166E20 depth=1
redirect seq=008703 caller=QUEST2 WRTN  DIST                 area_wfp=74003964 ret_pc=70168732 real_wsp=700015A0 (was 74003950) shadow_wsp=700015A0 master_wfp=700015B4 depth=0
redirect seq=008705 caller=QUEST2 WSAVS DIST                 pc=70168717 area_wfp=74003964 argc=4 frame=0 real_wsp=700015AA shadow_wsp=700015B4 master_wfp=700015B4 ret=70166E20 depth=1
redirect seq=008707 caller=QUEST2 WRTN  DIST                 area_wfp=74003964 ret_pc=70168732 real_wsp=700015A0 (was 74003950) shadow_wsp=700015A0 master_wfp=700015B4 depth=0
redirect seq=008709 caller=QUEST2 WSAVS DIST                 pc=70168717 area_wfp=74003964 argc=4 frame=0 real_wsp=700015AA shadow_wsp=700015B4 master_wfp=700015B4 ret=70166E20 depth=1
redirect seq=008711 caller=QUEST2 WRTN  DIST                 area_wfp=74003964 ret_pc=70168732 real_wsp=700015A0 (was 74003950) shadow_wsp=700015A0 master_wfp=700015B4 depth=0
redirect seq=008716 caller=QUEST2 WSAVS DIST                 pc=70168717 area_wfp=74003964 argc=4 frame=0 real_wsp=700015AA shadow_wsp=700015B4 master_wfp=700015B4 ret=70166E20 depth=1
redirect seq=008718 caller=QUEST2 WRTN  DIST                 area_wfp=74003964 ret_pc=70168732 real_wsp=700015A0 (was 74003950) shadow_wsp=700015A0 master_wfp=700015B4 depth=0
redirect seq=008720 caller=QUEST2 WSAVS DIST                 pc=70168717 area_wfp=74003964 argc=4 frame=0 real_wsp=700015AA shadow_wsp=700015B4 master_wfp=700015B4 ret=70166E20 depth=1
redirect seq=008722 caller=QUEST2 WRTN  DIST                 area_wfp=74003964 ret_pc=70168732 real_wsp=700015A0 (was 74003950) shadow_wsp=700015A0 master_wfp=700015B4 depth=0
redirect seq=008724 caller=QUEST2 WSAVS DIST                 pc=70168717 area_wfp=74003964 argc=4 frame=0 real_wsp=700015AA shadow_wsp=700015B4 master_wfp=700015B4 ret=70166E20 depth=1
redirect seq=008726 caller=QUEST2 WRTN  DIST                 area_wfp=74003964 ret_pc=70168732 real_wsp=700015A0 (was 74003950) shadow_wsp=700015A0 master_wfp=700015B4 depth=0
redirect seq=008729 caller=QUEST2 WSAVS DIST                 pc=70168717 area_wfp=74003964 argc=4 frame=0 real_wsp=700015AA shadow_wsp=700015B4 master_wfp=700015B4 ret=70166E20 depth=1
redirect seq=008733 caller=QUEST2 WRTN  DIST                 area_wfp=74003964 ret_pc=70168732 real_wsp=700015A0 (was 74003950) shadow_wsp=700015A0 master_wfp=700015B4 depth=0
redirect seq=008735 caller=QUEST2 WSAVS DIST                 pc=70168717 area_wfp=74003964 argc=4 frame=0 real_wsp=700015AA shadow_wsp=700015B4 master_wfp=700015B4 ret=70166E20 depth=1
redirect seq=008737 caller=QUEST2 WRTN  DIST                 area_wfp=74003964 ret_pc=70168732 real_wsp=700015A0 (was 74003950) shadow_wsp=700015A0 master_wfp=700015B4 depth=0
redirect seq=008739 caller=QUEST2 WSAVS DIST                 pc=70168717 area_wfp=74003964 argc=4 frame=0 real_wsp=700015AA shadow_wsp=700015B4 master_wfp=700015B4 ret=70166E20 depth=1
redirect seq=008741 caller=QUEST2 WRTN  DIST                 area_wfp=74003964 ret_pc=70168732 real_wsp=700015A0 (was 74003950) shadow_wsp=700015A0 master_wfp=700015B4 depth=0
redirect seq=008746 caller=QUEST2 WSAVS DIST                 pc=70168717 area_wfp=74003964 argc=4 frame=0 real_wsp=700015AA shadow_wsp=700015B4 master_wfp=700015B4 ret=70166E20 depth=1
redirect seq=008748 caller=QUEST2 WRTN  DIST                 area_wfp=74003964 ret_pc=70168732 real_wsp=700015A0 (was 74003950) shadow_wsp=700015A0 master_wfp=700015B4 depth=0
redirect seq=008750 caller=QUEST2 WSAVS DIST                 pc=70168717 area_wfp=74003964 argc=4 frame=0 real_wsp=700015AA shadow_wsp=700015B4 master_wfp=700015B4 ret=70166E20 depth=1
redirect seq=008752 caller=QUEST2 WRTN  DIST                 area_wfp=74003964 ret_pc=70168732 real_wsp=700015A0 (was 74003950) shadow_wsp=700015A0 master_wfp=700015B4 depth=0
redirect seq=008754 caller=QUEST2 WSAVS DIST                 pc=70168717 area_wfp=74003964 argc=4 frame=0 real_wsp=700015AA shadow_wsp=700015B4 master_wfp=700015B4 ret=70166E20 depth=1
redirect seq=008757 caller=QUEST2 WRTN  DIST                 area_wfp=74003964 ret_pc=70168732 real_wsp=700015A0 (was 74003950) shadow_wsp=700015A0 master_wfp=700015B4 depth=0
redirect seq=008759 caller=QUEST2 WSAVS DIST                 pc=70168717 area_wfp=74003964 argc=4 frame=0 real_wsp=700015AA shadow_wsp=700015B4 master_wfp=700015B4 ret=70166E20 depth=1
redirect seq=008763 caller=QUEST2 WRTN  DIST                 area_wfp=74003964 ret_pc=70168732 real_wsp=700015A0 (was 74003950) shadow_wsp=700015A0 master_wfp=700015B4 depth=0
redirect seq=008765 caller=QUEST2 WSAVS DIST                 pc=70168717 area_wfp=74003964 argc=4 frame=0 real_wsp=700015AA shadow_wsp=700015B4 master_wfp=700015B4 ret=70166E20 depth=1
redirect seq=008767 caller=QUEST2 WRTN  DIST                 area_wfp=74003964 ret_pc=70168732 real_wsp=700015A0 (was 74003950) shadow_wsp=700015A0 master_wfp=700015B4 depth=0
redirect seq=008769 caller=QUEST2 WSAVS DIST                 pc=70168717 area_wfp=74003964 argc=4 frame=0 real_wsp=700015AA shadow_wsp=700015B4 master_wfp=700015B4 ret=70166E20 depth=1
redirect seq=008771 caller=QUEST2 WRTN  DIST                 area_wfp=74003964 ret_pc=70168732 real_wsp=700015A0 (was 74003950) shadow_wsp=700015A0 master_wfp=700015B4 depth=0
redirect seq=008776 caller=QUEST2 WSAVS DIST                 pc=70168717 area_wfp=74003964 argc=4 frame=0 real_wsp=700015AA shadow_wsp=700015B4 master_wfp=700015B4 ret=70166E20 depth=1
redirect seq=008778 caller=QUEST2 WRTN  DIST                 area_wfp=74003964 ret_pc=70168732 real_wsp=700015A0 (was 74003950) shadow_wsp=700015A0 master_wfp=700015B4 depth=0
redirect seq=008780 caller=QUEST2 WSAVS DIST                 pc=70168717 area_wfp=74003964 argc=4 frame=0 real_wsp=700015AA shadow_wsp=700015B4 master_wfp=700015B4 ret=70166E20 depth=1
redirect seq=008782 caller=QUEST2 WRTN  DIST                 area_wfp=74003964 ret_pc=70168732 real_wsp=700015A0 (was 74003950) shadow_wsp=700015A0 master_wfp=700015B4 depth=0
redirect seq=008784 caller=QUEST2 WSAVS DIST                 pc=70168717 area_wfp=74003964 argc=4 frame=0 real_wsp=700015AA shadow_wsp=700015B4 master_wfp=700015B4 ret=70166E20 depth=1
redirect seq=008786 caller=QUEST2 WRTN  DIST                 area_wfp=74003964 ret_pc=70168732 real_wsp=700015A0 (was 74003950) shadow_wsp=700015A0 master_wfp=700015B4 depth=0
redirect seq=008789 caller=QUEST2 WSAVS DIST                 pc=70168717 area_wfp=74003964 argc=4 frame=0 real_wsp=700015AA shadow_wsp=700015B4 master_wfp=700015B4 ret=70166E20 depth=1
redirect seq=008791 caller=QUEST2 WRTN  DIST                 area_wfp=74003964 ret_pc=70168732 real_wsp=700015A0 (was 74003950) shadow_wsp=700015A0 master_wfp=700015B4 depth=0
redirect seq=008795 caller=QUEST2 WSAVS DIST                 pc=70168717 area_wfp=74003964 argc=4 frame=0 real_wsp=700015AA shadow_wsp=700015B4 master_wfp=700015B4 ret=70166E20 depth=1
redirect seq=008797 caller=QUEST2 WRTN  DIST                 area_wfp=74003964 ret_pc=70168732 real_wsp=700015A0 (was 74003950) shadow_wsp=700015A0 master_wfp=700015B4 depth=0
redirect seq=008799 caller=QUEST2 WSAVS DIST                 pc=70168717 area_wfp=74003964 argc=4 frame=0 real_wsp=700015AA shadow_wsp=700015B4 master_wfp=700015B4 ret=70166E20 depth=1
redirect seq=008801 caller=QUEST2 WRTN  DIST                 area_wfp=74003964 ret_pc=70168732 real_wsp=700015A0 (was 74003950) shadow_wsp=700015A0 master_wfp=700015B4 depth=0
redirect seq=008806 caller=QUEST2 WSAVS DIST                 pc=70168717 area_wfp=74003964 argc=4 frame=0 real_wsp=700015AA shadow_wsp=700015B4 master_wfp=700015B4 ret=70166E20 depth=1
redirect seq=008808 caller=QUEST2 WRTN  DIST                 area_wfp=74003964 ret_pc=70168732 real_wsp=700015A0 (was 74003950) shadow_wsp=700015A0 master_wfp=700015B4 depth=0
redirect seq=008810 caller=QUEST2 WSAVS DIST                 pc=70168717 area_wfp=74003964 argc=4 frame=0 real_wsp=700015AA shadow_wsp=700015B4 master_wfp=700015B4 ret=70166E20 depth=1
redirect seq=008812 caller=QUEST2 WRTN  DIST                 area_wfp=74003964 ret_pc=70168732 real_wsp=700015A0 (was 74003950) shadow_wsp=700015A0 master_wfp=700015B4 depth=0
redirect seq=008814 caller=QUEST2 WSAVS DIST                 pc=70168717 area_wfp=74003964 argc=4 frame=0 real_wsp=700015AA shadow_wsp=700015B4 master_wfp=700015B4 ret=70166E20 depth=1
redirect seq=008816 caller=QUEST2 WRTN  DIST                 area_wfp=74003964 ret_pc=70168732 real_wsp=700015A0 (was 74003950) shadow_wsp=700015A0 master_wfp=700015B4 depth=0
redirect seq=008819 caller=QUEST2 WSAVS DIST                 pc=70168717 area_wfp=74003964 argc=4 frame=0 real_wsp=700015AA shadow_wsp=700015B4 master_wfp=700015B4 ret=70166E20 depth=1
redirect seq=008821 caller=QUEST2 WRTN  DIST                 area_wfp=74003964 ret_pc=70168732 real_wsp=700015A0 (was 74003950) shadow_wsp=700015A0 master_wfp=700015B4 depth=0
redirect seq=008825 caller=QUEST2 WSAVS DIST                 pc=70168717 area_wfp=74003964 argc=4 frame=0 real_wsp=700015AA shadow_wsp=700015B4 master_wfp=700015B4 ret=70166E20 depth=1
redirect seq=008827 caller=QUEST2 WRTN  DIST                 area_wfp=74003964 ret_pc=70168732 real_wsp=700015A0 (was 74003950) shadow_wsp=700015A0 master_wfp=700015B4 depth=0
redirect seq=008829 caller=QUEST2 WSAVS DIST                 pc=70168717 area_wfp=74003964 argc=4 frame=0 real_wsp=700015AA shadow_wsp=700015B4 master_wfp=700015B4 ret=70166E20 depth=1
redirect seq=008831 caller=QUEST2 WRTN  DIST                 area_wfp=74003964 ret_pc=70168732 real_wsp=700015A0 (was 74003950) shadow_wsp=700015A0 master_wfp=700015B4 depth=0
redirect seq=008836 caller=QUEST2 WSAVS DIST                 pc=70168717 area_wfp=74003964 argc=4 frame=0 real_wsp=700015AA shadow_wsp=700015B4 master_wfp=700015B4 ret=70166E20 depth=1
redirect seq=008838 caller=QUEST2 WRTN  DIST                 area_wfp=74003964 ret_pc=70168732 real_wsp=700015A0 (was 74003950) shadow_wsp=700015A0 master_wfp=700015B4 depth=0
redirect seq=008840 caller=QUEST2 WSAVS DIST                 pc=70168717 area_wfp=74003964 argc=4 frame=0 real_wsp=700015AA shadow_wsp=700015B4 master_wfp=700015B4 ret=70166E20 depth=1
redirect seq=008842 caller=QUEST2 WRTN  DIST                 area_wfp=74003964 ret_pc=70168732 real_wsp=700015A0 (was 74003950) shadow_wsp=700015A0 master_wfp=700015B4 depth=0
redirect seq=008844 caller=QUEST2 WSAVS DIST                 pc=70168717 area_wfp=74003964 argc=4 frame=0 real_wsp=700015AA shadow_wsp=700015B4 master_wfp=700015B4 ret=70166E20 depth=1
redirect seq=008846 caller=QUEST2 WRTN  DIST                 area_wfp=74003964 ret_pc=70168732 real_wsp=700015A0 (was 74003950) shadow_wsp=700015A0 master_wfp=700015B4 depth=0
redirect seq=008851 caller=QUEST2 WSAVS DIST                 pc=70168717 area_wfp=74003964 argc=4 frame=0 real_wsp=700015AA shadow_wsp=700015B4 master_wfp=700015B4 ret=70166E20 depth=1
redirect seq=008853 caller=QUEST2 WRTN  DIST                 area_wfp=74003964 ret_pc=70168732 real_wsp=700015A0 (was 74003950) shadow_wsp=700015A0 master_wfp=700015B4 depth=0
redirect seq=008855 caller=QUEST2 WSAVS DIST                 pc=70168717 area_wfp=74003964 argc=4 frame=0 real_wsp=700015AA shadow_wsp=700015B4 master_wfp=700015B4 ret=70166E20 depth=1
redirect seq=008857 caller=QUEST2 WRTN  DIST                 area_wfp=74003964 ret_pc=70168732 real_wsp=700015A0 (was 74003950) shadow_wsp=700015A0 master_wfp=700015B4 depth=0
redirect seq=008859 caller=QUEST2 WSAVS DIST                 pc=70168717 area_wfp=74003964 argc=4 frame=0 real_wsp=700015AA shadow_wsp=700015B4 master_wfp=700015B4 ret=70166E20 depth=1
redirect seq=008861 caller=QUEST2 WRTN  DIST                 area_wfp=74003964 ret_pc=70168732 real_wsp=700015A0 (was 74003950) shadow_wsp=700015A0 master_wfp=700015B4 depth=0
redirect seq=008866 caller=QUEST2 WSAVS DIST                 pc=70168717 area_wfp=74003964 argc=4 frame=0 real_wsp=700015AA shadow_wsp=700015B4 master_wfp=700015B4 ret=70166E20 depth=1
redirect seq=008868 caller=QUEST2 WRTN  DIST                 area_wfp=74003964 ret_pc=70168732 real_wsp=700015A0 (was 74003950) shadow_wsp=700015A0 master_wfp=700015B4 depth=0
redirect seq=008870 caller=QUEST2 WSAVS DIST                 pc=70168717 area_wfp=74003964 argc=4 frame=0 real_wsp=700015AA shadow_wsp=700015B4 master_wfp=700015B4 ret=70166E20 depth=1
redirect seq=008872 caller=QUEST2 WRTN  DIST                 area_wfp=74003964 ret_pc=70168732 real_wsp=700015A0 (was 74003950) shadow_wsp=700015A0 master_wfp=700015B4 depth=0
redirect seq=008874 caller=QUEST2 WSAVS DIST                 pc=70168717 area_wfp=74003964 argc=4 frame=0 real_wsp=700015AA shadow_wsp=700015B4 master_wfp=700015B4 ret=70166E20 depth=1
redirect seq=008876 caller=QUEST2 WRTN  DIST                 area_wfp=74003964 ret_pc=70168732 real_wsp=700015A0 (was 74003950) shadow_wsp=700015A0 master_wfp=700015B4 depth=0
redirect seq=008879 caller=QUEST2 WSAVS DIST                 pc=70168717 area_wfp=74003964 argc=4 frame=0 real_wsp=700015AA shadow_wsp=700015B4 master_wfp=700015B4 ret=70166E20 depth=1
redirect seq=008881 caller=QUEST2 WRTN  DIST                 area_wfp=74003964 ret_pc=70168732 real_wsp=700015A0 (was 74003950) shadow_wsp=700015A0 master_wfp=700015B4 depth=0
redirect seq=008885 caller=QUEST2 WSAVS DIST                 pc=70168717 area_wfp=74003964 argc=4 frame=0 real_wsp=700015AA shadow_wsp=700015B4 master_wfp=700015B4 ret=70166E20 depth=1
redirect seq=008887 caller=QUEST2 WRTN  DIST                 area_wfp=74003964 ret_pc=70168732 real_wsp=700015A0 (was 74003950) shadow_wsp=700015A0 master_wfp=700015B4 depth=0
redirect seq=008889 caller=QUEST2 WSAVS DIST                 pc=70168717 area_wfp=74003964 argc=4 frame=0 real_wsp=700015AA shadow_wsp=700015B4 master_wfp=700015B4 ret=70166E20 depth=1
redirect seq=008891 caller=QUEST2 WRTN  DIST                 area_wfp=74003964 ret_pc=70168732 real_wsp=700015A0 (was 74003950) shadow_wsp=700015A0 master_wfp=700015B4 depth=0
redirect seq=008896 caller=QUEST2 WSAVS DIST                 pc=70168717 area_wfp=74003964 argc=4 frame=0 real_wsp=700015AA shadow_wsp=700015B4 master_wfp=700015B4 ret=70166E20 depth=1
redirect seq=008898 caller=QUEST2 WRTN  DIST                 area_wfp=74003964 ret_pc=70168732 real_wsp=700015A0 (was 74003950) shadow_wsp=700015A0 master_wfp=700015B4 depth=0
redirect seq=008900 caller=QUEST2 WSAVS DIST                 pc=70168717 area_wfp=74003964 argc=4 frame=0 real_wsp=700015AA shadow_wsp=700015B4 master_wfp=700015B4 ret=70166E20 depth=1
redirect seq=008902 caller=QUEST2 WRTN  DIST                 area_wfp=74003964 ret_pc=70168732 real_wsp=700015A0 (was 74003950) shadow_wsp=700015A0 master_wfp=700015B4 depth=0
redirect seq=008904 caller=QUEST2 WSAVS DIST                 pc=70168717 area_wfp=74003964 argc=4 frame=0 real_wsp=700015AA shadow_wsp=700015B4 master_wfp=700015B4 ret=70166E20 depth=1
redirect seq=008906 caller=QUEST2 WRTN  DIST                 area_wfp=74003964 ret_pc=70168732 real_wsp=700015A0 (was 74003950) shadow_wsp=700015A0 master_wfp=700015B4 depth=0
redirect seq=008911 caller=QUEST2 WSAVS DIST                 pc=70168717 area_wfp=74003964 argc=4 frame=0 real_wsp=700015AA shadow_wsp=700015B4 master_wfp=700015B4 ret=70166E20 depth=1
redirect seq=008913 caller=QUEST2 WRTN  DIST                 area_wfp=74003964 ret_pc=70168732 real_wsp=700015A0 (was 74003950) shadow_wsp=700015A0 master_wfp=700015B4 depth=0
redirect seq=008915 caller=QUEST2 WSAVS DIST                 pc=70168717 area_wfp=74003964 argc=4 frame=0 real_wsp=700015AA shadow_wsp=700015B4 master_wfp=700015B4 ret=70166E20 depth=1
redirect seq=008917 caller=QUEST2 WRTN  DIST                 area_wfp=74003964 ret_pc=70168732 real_wsp=700015A0 (was 74003950) shadow_wsp=700015A0 master_wfp=700015B4 depth=0
redirect seq=008919 caller=QUEST2 WSAVS DIST                 pc=70168717 area_wfp=74003964 argc=4 frame=0 real_wsp=700015AA shadow_wsp=700015B4 master_wfp=700015B4 ret=70166E20 depth=1
redirect seq=008921 caller=QUEST2 WRTN  DIST                 area_wfp=74003964 ret_pc=70168732 real_wsp=700015A0 (was 74003950) shadow_wsp=700015A0 master_wfp=700015B4 depth=0
redirect seq=008926 caller=QUEST2 WSAVS DIST                 pc=70168717 area_wfp=74003964 argc=4 frame=0 real_wsp=700015AA shadow_wsp=700015B4 master_wfp=700015B4 ret=70166E20 depth=1
redirect seq=008928 caller=QUEST2 WRTN  DIST                 area_wfp=74003964 ret_pc=70168732 real_wsp=700015A0 (was 74003950) shadow_wsp=700015A0 master_wfp=700015B4 depth=0
redirect seq=008930 caller=QUEST2 WSAVS DIST                 pc=70168717 area_wfp=74003964 argc=4 frame=0 real_wsp=700015AA shadow_wsp=700015B4 master_wfp=700015B4 ret=70166E20 depth=1
redirect seq=008932 caller=QUEST2 WRTN  DIST                 area_wfp=74003964 ret_pc=70168732 real_wsp=700015A0 (was 74003950) shadow_wsp=700015A0 master_wfp=700015B4 depth=0
redirect seq=008934 caller=QUEST2 WSAVS DIST                 pc=70168717 area_wfp=74003964 argc=4 frame=0 real_wsp=700015AA shadow_wsp=700015B4 master_wfp=700015B4 ret=70166E20 depth=1
redirect seq=008936 caller=QUEST2 WRTN  DIST                 area_wfp=74003964 ret_pc=70168732 real_wsp=700015A0 (was 74003950) shadow_wsp=700015A0 master_wfp=700015B4 depth=0
redirect seq=008939 caller=QUEST2 WSAVS DIST                 pc=70168717 area_wfp=74003964 argc=4 frame=0 real_wsp=700015AA shadow_wsp=700015B4 master_wfp=700015B4 ret=70166E20 depth=1
redirect seq=008943 caller=QUEST2 WRTN  DIST                 area_wfp=74003964 ret_pc=70168732 real_wsp=700015A0 (was 74003950) shadow_wsp=700015A0 master_wfp=700015B4 depth=0
redirect seq=008945 caller=QUEST2 WSAVS DIST                 pc=70168717 area_wfp=74003964 argc=4 frame=0 real_wsp=700015AA shadow_wsp=700015B4 master_wfp=700015B4 ret=70166E20 depth=1
redirect seq=008947 caller=QUEST2 WRTN  DIST                 area_wfp=74003964 ret_pc=70168732 real_wsp=700015A0 (was 74003950) shadow_wsp=700015A0 master_wfp=700015B4 depth=0
redirect seq=008949 caller=QUEST2 WSAVS DIST                 pc=70168717 area_wfp=74003964 argc=4 frame=0 real_wsp=700015AA shadow_wsp=700015B4 master_wfp=700015B4 ret=70166E20 depth=1
redirect seq=008951 caller=QUEST2 WRTN  DIST                 area_wfp=74003964 ret_pc=70168732 real_wsp=700015A0 (was 74003950) shadow_wsp=700015A0 master_wfp=700015B4 depth=0
redirect seq=008956 caller=QUEST2 WSAVS DIST                 pc=70168717 area_wfp=74003964 argc=4 frame=0 real_wsp=700015AA shadow_wsp=700015B4 master_wfp=700015B4 ret=70166E20 depth=1
redirect seq=008958 caller=QUEST2 WRTN  DIST                 area_wfp=74003964 ret_pc=70168732 real_wsp=700015A0 (was 74003950) shadow_wsp=700015A0 master_wfp=700015B4 depth=0
redirect seq=008960 caller=QUEST2 WSAVS DIST                 pc=70168717 area_wfp=74003964 argc=4 frame=0 real_wsp=700015AA shadow_wsp=700015B4 master_wfp=700015B4 ret=70166E20 depth=1
redirect seq=008962 caller=QUEST2 WRTN  DIST                 area_wfp=74003964 ret_pc=70168732 real_wsp=700015A0 (was 74003950) shadow_wsp=700015A0 master_wfp=700015B4 depth=0
redirect seq=008964 caller=QUEST2 WSAVS DIST                 pc=70168717 area_wfp=74003964 argc=4 frame=0 real_wsp=700015AA shadow_wsp=700015B4 master_wfp=700015B4 ret=70166E20 depth=1
redirect seq=008966 caller=QUEST2 WRTN  DIST                 area_wfp=74003964 ret_pc=70168732 real_wsp=700015A0 (was 74003950) shadow_wsp=700015A0 master_wfp=700015B4 depth=0
redirect seq=008970 caller=QUEST2 WSAVS DIST                 pc=70168717 area_wfp=74003964 argc=4 frame=0 real_wsp=700015AA shadow_wsp=700015B4 master_wfp=700015B4 ret=70166E20 depth=1
redirect seq=008972 caller=QUEST2 WRTN  DIST                 area_wfp=74003964 ret_pc=70168732 real_wsp=700015A0 (was 74003950) shadow_wsp=700015A0 master_wfp=700015B4 depth=0
redirect seq=008974 caller=QUEST2 WSAVS DIST                 pc=70168717 area_wfp=74003964 argc=4 frame=0 real_wsp=700015AA shadow_wsp=700015B4 master_wfp=700015B4 ret=70166E20 depth=1
redirect seq=008977 caller=QUEST2 WRTN  DIST                 area_wfp=74003964 ret_pc=70168732 real_wsp=700015A0 (was 74003950) shadow_wsp=700015A0 master_wfp=700015B4 depth=0
redirect seq=008979 caller=QUEST2 WSAVS DIST                 pc=70168717 area_wfp=74003964 argc=4 frame=0 real_wsp=700015AA shadow_wsp=700015B4 master_wfp=700015B4 ret=70166E20 depth=1
redirect seq=008981 caller=QUEST2 WRTN  DIST                 area_wfp=74003964 ret_pc=70168732 real_wsp=700015A0 (was 74003950) shadow_wsp=700015A0 master_wfp=700015B4 depth=0
redirect seq=008986 caller=QUEST2 WSAVS DIST                 pc=70168717 area_wfp=74003964 argc=4 frame=0 real_wsp=700015AA shadow_wsp=700015B4 master_wfp=700015B4 ret=70166E20 depth=1
redirect seq=008988 caller=QUEST2 WRTN  DIST                 area_wfp=74003964 ret_pc=70168732 real_wsp=700015A0 (was 74003950) shadow_wsp=700015A0 master_wfp=700015B4 depth=0
redirect seq=008990 caller=QUEST2 WSAVS DIST                 pc=70168717 area_wfp=74003964 argc=4 frame=0 real_wsp=700015AA shadow_wsp=700015B4 master_wfp=700015B4 ret=70166E20 depth=1
redirect seq=008992 caller=QUEST2 WRTN  DIST                 area_wfp=74003964 ret_pc=70168732 real_wsp=700015A0 (was 74003950) shadow_wsp=700015A0 master_wfp=700015B4 depth=0
redirect seq=008994 caller=QUEST2 WSAVS DIST                 pc=70168717 area_wfp=74003964 argc=4 frame=0 real_wsp=700015AA shadow_wsp=700015B4 master_wfp=700015B4 ret=70166E20 depth=1
redirect seq=008996 caller=QUEST2 WRTN  DIST                 area_wfp=74003964 ret_pc=70168732 real_wsp=700015A0 (was 74003950) shadow_wsp=700015A0 master_wfp=700015B4 depth=0
redirect seq=009001 caller=QUEST2 WSAVS DIST                 pc=70168717 area_wfp=74003964 argc=4 frame=0 real_wsp=700015AA shadow_wsp=700015B4 master_wfp=700015B4 ret=70166E20 depth=1
redirect seq=009003 caller=QUEST2 WRTN  DIST                 area_wfp=74003964 ret_pc=70168732 real_wsp=700015A0 (was 74003950) shadow_wsp=700015A0 master_wfp=700015B4 depth=0
redirect seq=009005 caller=QUEST2 WSAVS DIST                 pc=70168717 area_wfp=74003964 argc=4 frame=0 real_wsp=700015AA shadow_wsp=700015B4 master_wfp=700015B4 ret=70166E20 depth=1
redirect seq=009007 caller=QUEST2 WRTN  DIST                 area_wfp=74003964 ret_pc=70168732 real_wsp=700015A0 (was 74003950) shadow_wsp=700015A0 master_wfp=700015B4 depth=0
redirect seq=009009 caller=QUEST2 WSAVS DIST                 pc=70168717 area_wfp=74003964 argc=4 frame=0 real_wsp=700015AA shadow_wsp=700015B4 master_wfp=700015B4 ret=70166E20 depth=1
redirect seq=009012 caller=QUEST2 WRTN  DIST                 area_wfp=74003964 ret_pc=70168732 real_wsp=700015A0 (was 74003950) shadow_wsp=700015A0 master_wfp=700015B4 depth=0
redirect seq=009014 caller=QUEST2 WSAVS DIST                 pc=70168717 area_wfp=74003964 argc=4 frame=0 real_wsp=700015AA shadow_wsp=700015B4 master_wfp=700015B4 ret=70166E20 depth=1
redirect seq=009018 caller=QUEST2 WRTN  DIST                 area_wfp=74003964 ret_pc=70168732 real_wsp=700015A0 (was 74003950) shadow_wsp=700015A0 master_wfp=700015B4 depth=0
redirect seq=009020 caller=QUEST2 WSAVS DIST                 pc=70168717 area_wfp=74003964 argc=4 frame=0 real_wsp=700015AA shadow_wsp=700015B4 master_wfp=700015B4 ret=70166E20 depth=1
redirect seq=009022 caller=QUEST2 WRTN  DIST                 area_wfp=74003964 ret_pc=70168732 real_wsp=700015A0 (was 74003950) shadow_wsp=700015A0 master_wfp=700015B4 depth=0
redirect seq=009024 caller=QUEST2 WSAVS DIST                 pc=70168717 area_wfp=74003964 argc=4 frame=0 real_wsp=700015AA shadow_wsp=700015B4 master_wfp=700015B4 ret=70166E20 depth=1
redirect seq=009026 caller=QUEST2 WRTN  DIST                 area_wfp=74003964 ret_pc=70168732 real_wsp=700015A0 (was 74003950) shadow_wsp=700015A0 master_wfp=700015B4 depth=0
redirect seq=009031 caller=QUEST2 WSAVS DIST                 pc=70168717 area_wfp=74003964 argc=4 frame=0 real_wsp=700015AA shadow_wsp=700015B4 master_wfp=700015B4 ret=70166E20 depth=1
redirect seq=009033 caller=QUEST2 WRTN  DIST                 area_wfp=74003964 ret_pc=70168732 real_wsp=700015A0 (was 74003950) shadow_wsp=700015A0 master_wfp=700015B4 depth=0
redirect seq=009035 caller=QUEST2 WSAVS DIST                 pc=70168717 area_wfp=74003964 argc=4 frame=0 real_wsp=700015AA shadow_wsp=700015B4 master_wfp=700015B4 ret=70166E20 depth=1
redirect seq=009037 caller=QUEST2 WRTN  DIST                 area_wfp=74003964 ret_pc=70168732 real_wsp=700015A0 (was 74003950) shadow_wsp=700015A0 master_wfp=700015B4 depth=0
redirect seq=009039 caller=QUEST2 WSAVS DIST                 pc=70168717 area_wfp=74003964 argc=4 frame=0 real_wsp=700015AA shadow_wsp=700015B4 master_wfp=700015B4 ret=70166E20 depth=1
redirect seq=009041 caller=QUEST2 WRTN  DIST                 area_wfp=74003964 ret_pc=70168732 real_wsp=700015A0 (was 74003950) shadow_wsp=700015A0 master_wfp=700015B4 depth=0
redirect seq=009045 caller=QUEST2 WSAVS DIST                 pc=70168717 area_wfp=74003964 argc=4 frame=0 real_wsp=700015AA shadow_wsp=700015B4 master_wfp=700015B4 ret=70166E20 depth=1
redirect seq=009047 caller=QUEST2 WRTN  DIST                 area_wfp=74003964 ret_pc=70168732 real_wsp=700015A0 (was 74003950) shadow_wsp=700015A0 master_wfp=700015B4 depth=0
redirect seq=009049 caller=QUEST2 WSAVS DIST                 pc=70168717 area_wfp=74003964 argc=4 frame=0 real_wsp=700015AA shadow_wsp=700015B4 master_wfp=700015B4 ret=70166E20 depth=1
redirect seq=009052 caller=QUEST2 WRTN  DIST                 area_wfp=74003964 ret_pc=70168732 real_wsp=700015A0 (was 74003950) shadow_wsp=700015A0 master_wfp=700015B4 depth=0
redirect seq=009054 caller=QUEST2 WSAVS DIST                 pc=70168717 area_wfp=74003964 argc=4 frame=0 real_wsp=700015AA shadow_wsp=700015B4 master_wfp=700015B4 ret=70166E20 depth=1
redirect seq=009056 caller=QUEST2 WRTN  DIST                 area_wfp=74003964 ret_pc=70168732 real_wsp=700015A0 (was 74003950) shadow_wsp=700015A0 master_wfp=700015B4 depth=0
redirect seq=009061 caller=QUEST2 WSAVS DIST                 pc=70168717 area_wfp=74003964 argc=4 frame=0 real_wsp=700015AA shadow_wsp=700015B4 master_wfp=700015B4 ret=70166E20 depth=1
redirect seq=009063 caller=QUEST2 WRTN  DIST                 area_wfp=74003964 ret_pc=70168732 real_wsp=700015A0 (was 74003950) shadow_wsp=700015A0 master_wfp=700015B4 depth=0
redirect seq=009065 caller=QUEST2 WSAVS DIST                 pc=70168717 area_wfp=74003964 argc=4 frame=0 real_wsp=700015AA shadow_wsp=700015B4 master_wfp=700015B4 ret=70166E20 depth=1
redirect seq=009067 caller=QUEST2 WRTN  DIST                 area_wfp=74003964 ret_pc=70168732 real_wsp=700015A0 (was 74003950) shadow_wsp=700015A0 master_wfp=700015B4 depth=0
redirect seq=009069 caller=QUEST2 WSAVS DIST                 pc=70168717 area_wfp=74003964 argc=4 frame=0 real_wsp=700015AA shadow_wsp=700015B4 master_wfp=700015B4 ret=70166E20 depth=1
redirect seq=009071 caller=QUEST2 WRTN  DIST                 area_wfp=74003964 ret_pc=70168732 real_wsp=700015A0 (was 74003950) shadow_wsp=700015A0 master_wfp=700015B4 depth=0
redirect seq=009076 caller=QUEST2 WSAVS DIST                 pc=70168717 area_wfp=74003964 argc=4 frame=0 real_wsp=700015AA shadow_wsp=700015B4 master_wfp=700015B4 ret=70166E20 depth=1
redirect seq=009078 caller=QUEST2 WRTN  DIST                 area_wfp=74003964 ret_pc=70168732 real_wsp=700015A0 (was 74003950) shadow_wsp=700015A0 master_wfp=700015B4 depth=0
redirect seq=009080 caller=QUEST2 WSAVS DIST                 pc=70168717 area_wfp=74003964 argc=4 frame=0 real_wsp=700015AA shadow_wsp=700015B4 master_wfp=700015B4 ret=70166E20 depth=1
redirect seq=009082 caller=QUEST2 WRTN  DIST                 area_wfp=74003964 ret_pc=70168732 real_wsp=700015A0 (was 74003950) shadow_wsp=700015A0 master_wfp=700015B4 depth=0
redirect seq=009084 caller=QUEST2 WSAVS DIST                 pc=70168717 area_wfp=74003964 argc=4 frame=0 real_wsp=700015AA shadow_wsp=700015B4 master_wfp=700015B4 ret=70166E20 depth=1
redirect seq=009086 caller=QUEST2 WRTN  DIST                 area_wfp=74003964 ret_pc=70168732 real_wsp=700015A0 (was 74003950) shadow_wsp=700015A0 master_wfp=700015B4 depth=0
redirect seq=009089 caller=QUEST2 WSAVS DIST                 pc=70168717 area_wfp=74003964 argc=4 frame=0 real_wsp=700015AA shadow_wsp=700015B4 master_wfp=700015B4 ret=70166E20 depth=1
redirect seq=009091 caller=QUEST2 WRTN  DIST                 area_wfp=74003964 ret_pc=70168732 real_wsp=700015A0 (was 74003950) shadow_wsp=700015A0 master_wfp=700015B4 depth=0
redirect seq=009095 caller=QUEST2 WSAVS DIST                 pc=70168717 area_wfp=74003964 argc=4 frame=0 real_wsp=700015AA shadow_wsp=700015B4 master_wfp=700015B4 ret=70166E20 depth=1
redirect seq=009097 caller=QUEST2 WRTN  DIST                 area_wfp=74003964 ret_pc=70168732 real_wsp=700015A0 (was 74003950) shadow_wsp=700015A0 master_wfp=700015B4 depth=0
redirect seq=009099 caller=QUEST2 WSAVS DIST                 pc=70168717 area_wfp=74003964 argc=4 frame=0 real_wsp=700015AA shadow_wsp=700015B4 master_wfp=700015B4 ret=70166E20 depth=1
redirect seq=009101 caller=QUEST2 WRTN  DIST                 area_wfp=74003964 ret_pc=70168732 real_wsp=700015A0 (was 74003950) shadow_wsp=700015A0 master_wfp=700015B4 depth=0
redirect seq=009365 caller=QUEST2 WSAVS DIST                 pc=70168717 area_wfp=74003964 argc=4 frame=0 real_wsp=700015AA shadow_wsp=700015B4 master_wfp=700015B4 ret=70166B8A depth=1
redirect seq=009367 caller=QUEST2 WRTN  DIST                 area_wfp=74003964 ret_pc=70168732 real_wsp=700015A0 (was 74003950) shadow_wsp=700015A0 master_wfp=700015B4 depth=0
redirect seq=009369 caller=QUEST2 WSAVS DIST                 pc=70168717 area_wfp=74003964 argc=4 frame=0 real_wsp=700015AA shadow_wsp=700015B4 master_wfp=700015B4 ret=70166B8A depth=1
redirect seq=009371 caller=QUEST2 WRTN  DIST                 area_wfp=74003964 ret_pc=70168732 real_wsp=700015A0 (was 74003950) shadow_wsp=700015A0 master_wfp=700015B4 depth=0
redirect seq=009373 caller=QUEST2 WSAVS DIST                 pc=70168717 area_wfp=74003964 argc=4 frame=0 real_wsp=700015AA shadow_wsp=700015B4 master_wfp=700015B4 ret=70166B8A depth=1
redirect seq=009375 caller=QUEST2 WRTN  DIST                 area_wfp=74003964 ret_pc=70168732 real_wsp=700015A0 (was 74003950) shadow_wsp=700015A0 master_wfp=700015B4 depth=0
redirect seq=009380 caller=QUEST2 WSAVS DIST                 pc=70168717 area_wfp=74003964 argc=4 frame=0 real_wsp=700015AA shadow_wsp=700015B4 master_wfp=700015B4 ret=70166E20 depth=1
redirect seq=009382 caller=QUEST2 WRTN  DIST                 area_wfp=74003964 ret_pc=70168732 real_wsp=700015A0 (was 74003950) shadow_wsp=700015A0 master_wfp=700015B4 depth=0
redirect seq=009384 caller=QUEST2 WSAVS DIST                 pc=70168717 area_wfp=74003964 argc=4 frame=0 real_wsp=700015AA shadow_wsp=700015B4 master_wfp=700015B4 ret=70166E20 depth=1
redirect seq=009386 caller=QUEST2 WRTN  DIST                 area_wfp=74003964 ret_pc=70168732 real_wsp=700015A0 (was 74003950) shadow_wsp=700015A0 master_wfp=700015B4 depth=0
redirect seq=009388 caller=QUEST2 WSAVS DIST                 pc=70168717 area_wfp=74003964 argc=4 frame=0 real_wsp=700015AA shadow_wsp=700015B4 master_wfp=700015B4 ret=70166E20 depth=1
redirect seq=009390 caller=QUEST2 WRTN  DIST                 area_wfp=74003964 ret_pc=70168732 real_wsp=700015A0 (was 74003950) shadow_wsp=700015A0 master_wfp=700015B4 depth=0
redirect seq=009395 caller=QUEST2 WSAVS DIST                 pc=70168717 area_wfp=74003964 argc=4 frame=0 real_wsp=700015AA shadow_wsp=700015B4 master_wfp=700015B4 ret=70166E20 depth=1
redirect seq=009397 caller=QUEST2 WRTN  DIST                 area_wfp=74003964 ret_pc=70168732 real_wsp=700015A0 (was 74003950) shadow_wsp=700015A0 master_wfp=700015B4 depth=0
redirect seq=009399 caller=QUEST2 WSAVS DIST                 pc=70168717 area_wfp=74003964 argc=4 frame=0 real_wsp=700015AA shadow_wsp=700015B4 master_wfp=700015B4 ret=70166E20 depth=1
redirect seq=009401 caller=QUEST2 WRTN  DIST                 area_wfp=74003964 ret_pc=70168732 real_wsp=700015A0 (was 74003950) shadow_wsp=700015A0 master_wfp=700015B4 depth=0
redirect seq=009403 caller=QUEST2 WSAVS DIST                 pc=70168717 area_wfp=74003964 argc=4 frame=0 real_wsp=700015AA shadow_wsp=700015B4 master_wfp=700015B4 ret=70166E20 depth=1
redirect seq=009406 caller=QUEST2 WRTN  DIST                 area_wfp=74003964 ret_pc=70168732 real_wsp=700015A0 (was 74003950) shadow_wsp=700015A0 master_wfp=700015B4 depth=0
redirect seq=009408 caller=QUEST2 WSAVS DIST                 pc=70168717 area_wfp=74003964 argc=4 frame=0 real_wsp=700015AA shadow_wsp=700015B4 master_wfp=700015B4 ret=70166E20 depth=1
redirect seq=009410 caller=QUEST2 WRTN  DIST                 area_wfp=74003964 ret_pc=70168732 real_wsp=700015A0 (was 74003950) shadow_wsp=700015A0 master_wfp=700015B4 depth=0
redirect seq=009414 caller=QUEST2 WSAVS DIST                 pc=70168717 area_wfp=74003964 argc=4 frame=0 real_wsp=700015AA shadow_wsp=700015B4 master_wfp=700015B4 ret=70166E20 depth=1
redirect seq=009416 caller=QUEST2 WRTN  DIST                 area_wfp=74003964 ret_pc=70168732 real_wsp=700015A0 (was 74003950) shadow_wsp=700015A0 master_wfp=700015B4 depth=0
redirect seq=009418 caller=QUEST2 WSAVS DIST                 pc=70168717 area_wfp=74003964 argc=4 frame=0 real_wsp=700015AA shadow_wsp=700015B4 master_wfp=700015B4 ret=70166E20 depth=1
redirect seq=009420 caller=QUEST2 WRTN  DIST                 area_wfp=74003964 ret_pc=70168732 real_wsp=700015A0 (was 74003950) shadow_wsp=700015A0 master_wfp=700015B4 depth=0
redirect seq=009425 caller=QUEST2 WSAVS DIST                 pc=70168717 area_wfp=74003964 argc=4 frame=0 real_wsp=700015AA shadow_wsp=700015B4 master_wfp=700015B4 ret=70166E20 depth=1
redirect seq=009427 caller=QUEST2 WRTN  DIST                 area_wfp=74003964 ret_pc=70168732 real_wsp=700015A0 (was 74003950) shadow_wsp=700015A0 master_wfp=700015B4 depth=0
redirect seq=009429 caller=QUEST2 WSAVS DIST                 pc=70168717 area_wfp=74003964 argc=4 frame=0 real_wsp=700015AA shadow_wsp=700015B4 master_wfp=700015B4 ret=70166E20 depth=1
redirect seq=009431 caller=QUEST2 WRTN  DIST                 area_wfp=74003964 ret_pc=70168732 real_wsp=700015A0 (was 74003950) shadow_wsp=700015A0 master_wfp=700015B4 depth=0
redirect seq=009433 caller=QUEST2 WSAVS DIST                 pc=70168717 area_wfp=74003964 argc=4 frame=0 real_wsp=700015AA shadow_wsp=700015B4 master_wfp=700015B4 ret=70166E20 depth=1
redirect seq=009435 caller=QUEST2 WRTN  DIST                 area_wfp=74003964 ret_pc=70168732 real_wsp=700015A0 (was 74003950) shadow_wsp=700015A0 master_wfp=700015B4 depth=0
redirect seq=009439 caller=QUEST2 WSAVS DIST                 pc=70168717 area_wfp=74003964 argc=4 frame=0 real_wsp=700015AA shadow_wsp=700015B4 master_wfp=700015B4 ret=70166E20 depth=1
redirect seq=009441 caller=QUEST2 WRTN  DIST                 area_wfp=74003964 ret_pc=70168732 real_wsp=700015A0 (was 74003950) shadow_wsp=700015A0 master_wfp=700015B4 depth=0
redirect seq=009443 caller=QUEST2 WSAVS DIST                 pc=70168717 area_wfp=74003964 argc=4 frame=0 real_wsp=700015AA shadow_wsp=700015B4 master_wfp=700015B4 ret=70166E20 depth=1
redirect seq=009445 caller=QUEST2 WRTN  DIST                 area_wfp=74003964 ret_pc=70168732 real_wsp=700015A0 (was 74003950) shadow_wsp=700015A0 master_wfp=700015B4 depth=0
redirect seq=009448 caller=QUEST2 WSAVS DIST                 pc=70168717 area_wfp=74003964 argc=4 frame=0 real_wsp=700015AA shadow_wsp=700015B4 master_wfp=700015B4 ret=70166E20 depth=1
redirect seq=009450 caller=QUEST2 WRTN  DIST                 area_wfp=74003964 ret_pc=70168732 real_wsp=700015A0 (was 74003950) shadow_wsp=700015A0 master_wfp=700015B4 depth=0
redirect seq=009455 caller=QUEST2 WSAVS DIST                 pc=70168717 area_wfp=74003964 argc=4 frame=0 real_wsp=700015AA shadow_wsp=700015B4 master_wfp=700015B4 ret=70166E20 depth=1
redirect seq=009457 caller=QUEST2 WRTN  DIST                 area_wfp=74003964 ret_pc=70168732 real_wsp=700015A0 (was 74003950) shadow_wsp=700015A0 master_wfp=700015B4 depth=0
redirect seq=009459 caller=QUEST2 WSAVS DIST                 pc=70168717 area_wfp=74003964 argc=4 frame=0 real_wsp=700015AA shadow_wsp=700015B4 master_wfp=700015B4 ret=70166E20 depth=1
redirect seq=009461 caller=QUEST2 WRTN  DIST                 area_wfp=74003964 ret_pc=70168732 real_wsp=700015A0 (was 74003950) shadow_wsp=700015A0 master_wfp=700015B4 depth=0
redirect seq=009463 caller=QUEST2 WSAVS DIST                 pc=70168717 area_wfp=74003964 argc=4 frame=0 real_wsp=700015AA shadow_wsp=700015B4 master_wfp=700015B4 ret=70166E20 depth=1
redirect seq=009465 caller=QUEST2 WRTN  DIST                 area_wfp=74003964 ret_pc=70168732 real_wsp=700015A0 (was 74003950) shadow_wsp=700015A0 master_wfp=700015B4 depth=0
redirect seq=009470 caller=QUEST2 WSAVS DIST                 pc=70168717 area_wfp=74003964 argc=4 frame=0 real_wsp=700015AA shadow_wsp=700015B4 master_wfp=700015B4 ret=70166E20 depth=1
redirect seq=009472 caller=QUEST2 WRTN  DIST                 area_wfp=74003964 ret_pc=70168732 real_wsp=700015A0 (was 74003950) shadow_wsp=700015A0 master_wfp=700015B4 depth=0
redirect seq=009474 caller=QUEST2 WSAVS DIST                 pc=70168717 area_wfp=74003964 argc=4 frame=0 real_wsp=700015AA shadow_wsp=700015B4 master_wfp=700015B4 ret=70166E20 depth=1
redirect seq=009476 caller=QUEST2 WRTN  DIST                 area_wfp=74003964 ret_pc=70168732 real_wsp=700015A0 (was 74003950) shadow_wsp=700015A0 master_wfp=700015B4 depth=0
redirect seq=009478 caller=QUEST2 WSAVS DIST                 pc=70168717 area_wfp=74003964 argc=4 frame=0 real_wsp=700015AA shadow_wsp=700015B4 master_wfp=700015B4 ret=70166E20 depth=1
redirect seq=009480 caller=QUEST2 WRTN  DIST                 area_wfp=74003964 ret_pc=70168732 real_wsp=700015A0 (was 74003950) shadow_wsp=700015A0 master_wfp=700015B4 depth=0
redirect seq=009483 caller=QUEST2 WSAVS DIST                 pc=70168717 area_wfp=74003964 argc=4 frame=0 real_wsp=700015AA shadow_wsp=700015B4 master_wfp=700015B4 ret=70166E20 depth=1
redirect seq=009485 caller=QUEST2 WRTN  DIST                 area_wfp=74003964 ret_pc=70168732 real_wsp=700015A0 (was 74003950) shadow_wsp=700015A0 master_wfp=700015B4 depth=0
redirect seq=009489 caller=QUEST2 WSAVS DIST                 pc=70168717 area_wfp=74003964 argc=4 frame=0 real_wsp=700015AA shadow_wsp=700015B4 master_wfp=700015B4 ret=70166E20 depth=1
redirect seq=009491 caller=QUEST2 WRTN  DIST                 area_wfp=74003964 ret_pc=70168732 real_wsp=700015A0 (was 74003950) shadow_wsp=700015A0 master_wfp=700015B4 depth=0
redirect seq=009493 caller=QUEST2 WSAVS DIST                 pc=70168717 area_wfp=74003964 argc=4 frame=0 real_wsp=700015AA shadow_wsp=700015B4 master_wfp=700015B4 ret=70166E20 depth=1
redirect seq=009495 caller=QUEST2 WRTN  DIST                 area_wfp=74003964 ret_pc=70168732 real_wsp=700015A0 (was 74003950) shadow_wsp=700015A0 master_wfp=700015B4 depth=0
redirect seq=009500 caller=QUEST2 WSAVS DIST                 pc=70168717 area_wfp=74003964 argc=4 frame=0 real_wsp=700015AA shadow_wsp=700015B4 master_wfp=700015B4 ret=70166E20 depth=1
redirect seq=009502 caller=QUEST2 WRTN  DIST                 area_wfp=74003964 ret_pc=70168732 real_wsp=700015A0 (was 74003950) shadow_wsp=700015A0 master_wfp=700015B4 depth=0
redirect seq=009504 caller=QUEST2 WSAVS DIST                 pc=70168717 area_wfp=74003964 argc=4 frame=0 real_wsp=700015AA shadow_wsp=700015B4 master_wfp=700015B4 ret=70166E20 depth=1
redirect seq=009506 caller=QUEST2 WRTN  DIST                 area_wfp=74003964 ret_pc=70168732 real_wsp=700015A0 (was 74003950) shadow_wsp=700015A0 master_wfp=700015B4 depth=0
redirect seq=009508 caller=QUEST2 WSAVS DIST                 pc=70168717 area_wfp=74003964 argc=4 frame=0 real_wsp=700015AA shadow_wsp=700015B4 master_wfp=700015B4 ret=70166E20 depth=1
redirect seq=009510 caller=QUEST2 WRTN  DIST                 area_wfp=74003964 ret_pc=70168732 real_wsp=700015A0 (was 74003950) shadow_wsp=700015A0 master_wfp=700015B4 depth=0
redirect seq=009514 caller=QUEST2 WSAVS DIST                 pc=70168717 area_wfp=74003964 argc=4 frame=0 real_wsp=700015AA shadow_wsp=700015B4 master_wfp=700015B4 ret=70166E20 depth=1
redirect seq=009516 caller=QUEST2 WRTN  DIST                 area_wfp=74003964 ret_pc=70168732 real_wsp=700015A0 (was 74003950) shadow_wsp=700015A0 master_wfp=700015B4 depth=0
redirect seq=009518 caller=QUEST2 WSAVS DIST                 pc=70168717 area_wfp=74003964 argc=4 frame=0 real_wsp=700015AA shadow_wsp=700015B4 master_wfp=700015B4 ret=70166E20 depth=1
redirect seq=009520 caller=QUEST2 WRTN  DIST                 area_wfp=74003964 ret_pc=70168732 real_wsp=700015A0 (was 74003950) shadow_wsp=700015A0 master_wfp=700015B4 depth=0
redirect seq=009523 caller=QUEST2 WSAVS DIST                 pc=70168717 area_wfp=74003964 argc=4 frame=0 real_wsp=700015AA shadow_wsp=700015B4 master_wfp=700015B4 ret=70166E20 depth=1
redirect seq=009525 caller=QUEST2 WRTN  DIST                 area_wfp=74003964 ret_pc=70168732 real_wsp=700015A0 (was 74003950) shadow_wsp=700015A0 master_wfp=700015B4 depth=0
redirect seq=009530 caller=QUEST2 WSAVS DIST                 pc=70168717 area_wfp=74003964 argc=4 frame=0 real_wsp=700015AA shadow_wsp=700015B4 master_wfp=700015B4 ret=70166E20 depth=1
redirect seq=009532 caller=QUEST2 WRTN  DIST                 area_wfp=74003964 ret_pc=70168732 real_wsp=700015A0 (was 74003950) shadow_wsp=700015A0 master_wfp=700015B4 depth=0
redirect seq=009534 caller=QUEST2 WSAVS DIST                 pc=70168717 area_wfp=74003964 argc=4 frame=0 real_wsp=700015AA shadow_wsp=700015B4 master_wfp=700015B4 ret=70166E20 depth=1
redirect seq=009536 caller=QUEST2 WRTN  DIST                 area_wfp=74003964 ret_pc=70168732 real_wsp=700015A0 (was 74003950) shadow_wsp=700015A0 master_wfp=700015B4 depth=0
redirect seq=009538 caller=QUEST2 WSAVS DIST                 pc=70168717 area_wfp=74003964 argc=4 frame=0 real_wsp=700015AA shadow_wsp=700015B4 master_wfp=700015B4 ret=70166E20 depth=1
redirect seq=009540 caller=QUEST2 WRTN  DIST                 area_wfp=74003964 ret_pc=70168732 real_wsp=700015A0 (was 74003950) shadow_wsp=700015A0 master_wfp=700015B4 depth=0
redirect seq=009544 caller=QUEST2 WSAVS DIST                 pc=70168717 area_wfp=74003964 argc=4 frame=0 real_wsp=700015AA shadow_wsp=700015B4 master_wfp=700015B4 ret=70166E20 depth=1
redirect seq=009546 caller=QUEST2 WRTN  DIST                 area_wfp=74003964 ret_pc=70168732 real_wsp=700015A0 (was 74003950) shadow_wsp=700015A0 master_wfp=700015B4 depth=0
redirect seq=009548 caller=QUEST2 WSAVS DIST                 pc=70168717 area_wfp=74003964 argc=4 frame=0 real_wsp=700015AA shadow_wsp=700015B4 master_wfp=700015B4 ret=70166E20 depth=1
redirect seq=009550 caller=QUEST2 WRTN  DIST                 area_wfp=74003964 ret_pc=70168732 real_wsp=700015A0 (was 74003950) shadow_wsp=700015A0 master_wfp=700015B4 depth=0
redirect seq=009554 caller=QUEST2 WSAVS DIST                 pc=70168717 area_wfp=74003964 argc=4 frame=0 real_wsp=700015AA shadow_wsp=700015B4 master_wfp=700015B4 ret=70166E20 depth=1
redirect seq=009556 caller=QUEST2 WRTN  DIST                 area_wfp=74003964 ret_pc=70168732 real_wsp=700015A0 (was 74003950) shadow_wsp=700015A0 master_wfp=700015B4 depth=0
redirect seq=009560 caller=QUEST2 WSAVS DIST                 pc=70168717 area_wfp=74003964 argc=4 frame=0 real_wsp=700015AA shadow_wsp=700015B4 master_wfp=700015B4 ret=70166E20 depth=1
redirect seq=009562 caller=QUEST2 WRTN  DIST                 area_wfp=74003964 ret_pc=70168732 real_wsp=700015A0 (was 74003950) shadow_wsp=700015A0 master_wfp=700015B4 depth=0
redirect seq=009564 caller=QUEST2 WSAVS DIST                 pc=70168717 area_wfp=74003964 argc=4 frame=0 real_wsp=700015AA shadow_wsp=700015B4 master_wfp=700015B4 ret=70166E20 depth=1
redirect seq=009566 caller=QUEST2 WRTN  DIST                 area_wfp=74003964 ret_pc=70168732 real_wsp=700015A0 (was 74003950) shadow_wsp=700015A0 master_wfp=700015B4 depth=0
redirect seq=009568 caller=QUEST2 WSAVS DIST                 pc=70168717 area_wfp=74003964 argc=4 frame=0 real_wsp=700015AA shadow_wsp=700015B4 master_wfp=700015B4 ret=70166E20 depth=1
redirect seq=009570 caller=QUEST2 WRTN  DIST                 area_wfp=74003964 ret_pc=70168732 real_wsp=700015A0 (was 74003950) shadow_wsp=700015A0 master_wfp=700015B4 depth=0
redirect seq=009575 caller=QUEST2 WSAVS DIST                 pc=70168717 area_wfp=74003964 argc=4 frame=0 real_wsp=700015AA shadow_wsp=700015B4 master_wfp=700015B4 ret=70166E20 depth=1
redirect seq=009577 caller=QUEST2 WRTN  DIST                 area_wfp=74003964 ret_pc=70168732 real_wsp=700015A0 (was 74003950) shadow_wsp=700015A0 master_wfp=700015B4 depth=0
redirect seq=009579 caller=QUEST2 WSAVS DIST                 pc=70168717 area_wfp=74003964 argc=4 frame=0 real_wsp=700015AA shadow_wsp=700015B4 master_wfp=700015B4 ret=70166E20 depth=1
redirect seq=009581 caller=QUEST2 WRTN  DIST                 area_wfp=74003964 ret_pc=70168732 real_wsp=700015A0 (was 74003950) shadow_wsp=700015A0 master_wfp=700015B4 depth=0
redirect seq=009583 caller=QUEST2 WSAVS DIST                 pc=70168717 area_wfp=74003964 argc=4 frame=0 real_wsp=700015AA shadow_wsp=700015B4 master_wfp=700015B4 ret=70166E20 depth=1
redirect seq=009586 caller=QUEST2 WRTN  DIST                 area_wfp=74003964 ret_pc=70168732 real_wsp=700015A0 (was 74003950) shadow_wsp=700015A0 master_wfp=700015B4 depth=0
redirect seq=009588 caller=QUEST2 WSAVS DIST                 pc=70168717 area_wfp=74003964 argc=4 frame=0 real_wsp=700015AA shadow_wsp=700015B4 master_wfp=700015B4 ret=70166E20 depth=1
redirect seq=009592 caller=QUEST2 WRTN  DIST                 area_wfp=74003964 ret_pc=70168732 real_wsp=700015A0 (was 74003950) shadow_wsp=700015A0 master_wfp=700015B4 depth=0
redirect seq=009594 caller=QUEST2 WSAVS DIST                 pc=70168717 area_wfp=74003964 argc=4 frame=0 real_wsp=700015AA shadow_wsp=700015B4 master_wfp=700015B4 ret=70166E20 depth=1
redirect seq=009596 caller=QUEST2 WRTN  DIST                 area_wfp=74003964 ret_pc=70168732 real_wsp=700015A0 (was 74003950) shadow_wsp=700015A0 master_wfp=700015B4 depth=0
redirect seq=009598 caller=QUEST2 WSAVS DIST                 pc=70168717 area_wfp=74003964 argc=4 frame=0 real_wsp=700015AA shadow_wsp=700015B4 master_wfp=700015B4 ret=70166E20 depth=1
redirect seq=009600 caller=QUEST2 WRTN  DIST                 area_wfp=74003964 ret_pc=70168732 real_wsp=700015A0 (was 74003950) shadow_wsp=700015A0 master_wfp=700015B4 depth=0
redirect seq=009605 caller=QUEST2 WSAVS DIST                 pc=70168717 area_wfp=74003964 argc=4 frame=0 real_wsp=700015AA shadow_wsp=700015B4 master_wfp=700015B4 ret=70166E20 depth=1
redirect seq=009607 caller=QUEST2 WRTN  DIST                 area_wfp=74003964 ret_pc=70168732 real_wsp=700015A0 (was 74003950) shadow_wsp=700015A0 master_wfp=700015B4 depth=0
redirect seq=009609 caller=QUEST2 WSAVS DIST                 pc=70168717 area_wfp=74003964 argc=4 frame=0 real_wsp=700015AA shadow_wsp=700015B4 master_wfp=700015B4 ret=70166E20 depth=1
redirect seq=009611 caller=QUEST2 WRTN  DIST                 area_wfp=74003964 ret_pc=70168732 real_wsp=700015A0 (was 74003950) shadow_wsp=700015A0 master_wfp=700015B4 depth=0
redirect seq=009613 caller=QUEST2 WSAVS DIST                 pc=70168717 area_wfp=74003964 argc=4 frame=0 real_wsp=700015AA shadow_wsp=700015B4 master_wfp=700015B4 ret=70166E20 depth=1
redirect seq=009616 caller=QUEST2 WRTN  DIST                 area_wfp=74003964 ret_pc=70168732 real_wsp=700015A0 (was 74003950) shadow_wsp=700015A0 master_wfp=700015B4 depth=0
redirect seq=009618 caller=QUEST2 WSAVS DIST                 pc=70168717 area_wfp=74003964 argc=4 frame=0 real_wsp=700015AA shadow_wsp=700015B4 master_wfp=700015B4 ret=70166E20 depth=1
redirect seq=009622 caller=QUEST2 WRTN  DIST                 area_wfp=74003964 ret_pc=70168732 real_wsp=700015A0 (was 74003950) shadow_wsp=700015A0 master_wfp=700015B4 depth=0
redirect seq=009624 caller=QUEST2 WSAVS DIST                 pc=70168717 area_wfp=74003964 argc=4 frame=0 real_wsp=700015AA shadow_wsp=700015B4 master_wfp=700015B4 ret=70166E20 depth=1
redirect seq=009626 caller=QUEST2 WRTN  DIST                 area_wfp=74003964 ret_pc=70168732 real_wsp=700015A0 (was 74003950) shadow_wsp=700015A0 master_wfp=700015B4 depth=0
redirect seq=009628 caller=QUEST2 WSAVS DIST                 pc=70168717 area_wfp=74003964 argc=4 frame=0 real_wsp=700015AA shadow_wsp=700015B4 master_wfp=700015B4 ret=70166E20 depth=1
redirect seq=009630 caller=QUEST2 WRTN  DIST                 area_wfp=74003964 ret_pc=70168732 real_wsp=700015A0 (was 74003950) shadow_wsp=700015A0 master_wfp=700015B4 depth=0
redirect seq=009635 caller=QUEST2 WSAVS DIST                 pc=70168717 area_wfp=74003964 argc=4 frame=0 real_wsp=700015AA shadow_wsp=700015B4 master_wfp=700015B4 ret=70166E20 depth=1
redirect seq=009637 caller=QUEST2 WRTN  DIST                 area_wfp=74003964 ret_pc=70168732 real_wsp=700015A0 (was 74003950) shadow_wsp=700015A0 master_wfp=700015B4 depth=0
redirect seq=009639 caller=QUEST2 WSAVS DIST                 pc=70168717 area_wfp=74003964 argc=4 frame=0 real_wsp=700015AA shadow_wsp=700015B4 master_wfp=700015B4 ret=70166E20 depth=1
redirect seq=009641 caller=QUEST2 WRTN  DIST                 area_wfp=74003964 ret_pc=70168732 real_wsp=700015A0 (was 74003950) shadow_wsp=700015A0 master_wfp=700015B4 depth=0
redirect seq=009643 caller=QUEST2 WSAVS DIST                 pc=70168717 area_wfp=74003964 argc=4 frame=0 real_wsp=700015AA shadow_wsp=700015B4 master_wfp=700015B4 ret=70166E20 depth=1
redirect seq=009646 caller=QUEST2 WRTN  DIST                 area_wfp=74003964 ret_pc=70168732 real_wsp=700015A0 (was 74003950) shadow_wsp=700015A0 master_wfp=700015B4 depth=0
redirect seq=009648 caller=QUEST2 WSAVS DIST                 pc=70168717 area_wfp=74003964 argc=4 frame=0 real_wsp=700015AA shadow_wsp=700015B4 master_wfp=700015B4 ret=70166E20 depth=1
redirect seq=009652 caller=QUEST2 WRTN  DIST                 area_wfp=74003964 ret_pc=70168732 real_wsp=700015A0 (was 74003950) shadow_wsp=700015A0 master_wfp=700015B4 depth=0
redirect seq=009654 caller=QUEST2 WSAVS DIST                 pc=70168717 area_wfp=74003964 argc=4 frame=0 real_wsp=700015AA shadow_wsp=700015B4 master_wfp=700015B4 ret=70166E20 depth=1
redirect seq=009656 caller=QUEST2 WRTN  DIST                 area_wfp=74003964 ret_pc=70168732 real_wsp=700015A0 (was 74003950) shadow_wsp=700015A0 master_wfp=700015B4 depth=0
redirect seq=009658 caller=QUEST2 WSAVS DIST                 pc=70168717 area_wfp=74003964 argc=4 frame=0 real_wsp=700015AA shadow_wsp=700015B4 master_wfp=700015B4 ret=70166E20 depth=1
redirect seq=009660 caller=QUEST2 WRTN  DIST                 area_wfp=74003964 ret_pc=70168732 real_wsp=700015A0 (was 74003950) shadow_wsp=700015A0 master_wfp=700015B4 depth=0
redirect seq=009665 caller=QUEST2 WSAVS DIST                 pc=70168717 area_wfp=74003964 argc=4 frame=0 real_wsp=700015AA shadow_wsp=700015B4 master_wfp=700015B4 ret=70166E20 depth=1
redirect seq=009667 caller=QUEST2 WRTN  DIST                 area_wfp=74003964 ret_pc=70168732 real_wsp=700015A0 (was 74003950) shadow_wsp=700015A0 master_wfp=700015B4 depth=0
redirect seq=009669 caller=QUEST2 WSAVS DIST                 pc=70168717 area_wfp=74003964 argc=4 frame=0 real_wsp=700015AA shadow_wsp=700015B4 master_wfp=700015B4 ret=70166E20 depth=1
redirect seq=009671 caller=QUEST2 WRTN  DIST                 area_wfp=74003964 ret_pc=70168732 real_wsp=700015A0 (was 74003950) shadow_wsp=700015A0 master_wfp=700015B4 depth=0
redirect seq=009673 caller=QUEST2 WSAVS DIST                 pc=70168717 area_wfp=74003964 argc=4 frame=0 real_wsp=700015AA shadow_wsp=700015B4 master_wfp=700015B4 ret=70166E20 depth=1
redirect seq=009675 caller=QUEST2 WRTN  DIST                 area_wfp=74003964 ret_pc=70168732 real_wsp=700015A0 (was 74003950) shadow_wsp=700015A0 master_wfp=700015B4 depth=0
redirect seq=009680 caller=QUEST2 WSAVS DIST                 pc=70168717 area_wfp=74003964 argc=4 frame=0 real_wsp=700015AA shadow_wsp=700015B4 master_wfp=700015B4 ret=70166E20 depth=1
redirect seq=009682 caller=QUEST2 WRTN  DIST                 area_wfp=74003964 ret_pc=70168732 real_wsp=700015A0 (was 74003950) shadow_wsp=700015A0 master_wfp=700015B4 depth=0
redirect seq=009684 caller=QUEST2 WSAVS DIST                 pc=70168717 area_wfp=74003964 argc=4 frame=0 real_wsp=700015AA shadow_wsp=700015B4 master_wfp=700015B4 ret=70166E20 depth=1
redirect seq=009686 caller=QUEST2 WRTN  DIST                 area_wfp=74003964 ret_pc=70168732 real_wsp=700015A0 (was 74003950) shadow_wsp=700015A0 master_wfp=700015B4 depth=0
redirect seq=009688 caller=QUEST2 WSAVS DIST                 pc=70168717 area_wfp=74003964 argc=4 frame=0 real_wsp=700015AA shadow_wsp=700015B4 master_wfp=700015B4 ret=70166E20 depth=1
redirect seq=009690 caller=QUEST2 WRTN  DIST                 area_wfp=74003964 ret_pc=70168732 real_wsp=700015A0 (was 74003950) shadow_wsp=700015A0 master_wfp=700015B4 depth=0
redirect seq=009695 caller=QUEST2 WSAVS DIST                 pc=70168717 area_wfp=74003964 argc=4 frame=0 real_wsp=700015AA shadow_wsp=700015B4 master_wfp=700015B4 ret=70166E20 depth=1
redirect seq=009697 caller=QUEST2 WRTN  DIST                 area_wfp=74003964 ret_pc=70168732 real_wsp=700015A0 (was 74003950) shadow_wsp=700015A0 master_wfp=700015B4 depth=0
redirect seq=009699 caller=QUEST2 WSAVS DIST                 pc=70168717 area_wfp=74003964 argc=4 frame=0 real_wsp=700015AA shadow_wsp=700015B4 master_wfp=700015B4 ret=70166E20 depth=1
redirect seq=009701 caller=QUEST2 WRTN  DIST                 area_wfp=74003964 ret_pc=70168732 real_wsp=700015A0 (was 74003950) shadow_wsp=700015A0 master_wfp=700015B4 depth=0
redirect seq=009703 caller=QUEST2 WSAVS DIST                 pc=70168717 area_wfp=74003964 argc=4 frame=0 real_wsp=700015AA shadow_wsp=700015B4 master_wfp=700015B4 ret=70166E20 depth=1
redirect seq=009705 caller=QUEST2 WRTN  DIST                 area_wfp=74003964 ret_pc=70168732 real_wsp=700015A0 (was 74003950) shadow_wsp=700015A0 master_wfp=700015B4 depth=0
redirect seq=009710 caller=QUEST2 WSAVS DIST                 pc=70168717 area_wfp=74003964 argc=4 frame=0 real_wsp=700015AA shadow_wsp=700015B4 master_wfp=700015B4 ret=70166E20 depth=1
redirect seq=009712 caller=QUEST2 WRTN  DIST                 area_wfp=74003964 ret_pc=70168732 real_wsp=700015A0 (was 74003950) shadow_wsp=700015A0 master_wfp=700015B4 depth=0
redirect seq=009714 caller=QUEST2 WSAVS DIST                 pc=70168717 area_wfp=74003964 argc=4 frame=0 real_wsp=700015AA shadow_wsp=700015B4 master_wfp=700015B4 ret=70166E20 depth=1
redirect seq=009716 caller=QUEST2 WRTN  DIST                 area_wfp=74003964 ret_pc=70168732 real_wsp=700015A0 (was 74003950) shadow_wsp=700015A0 master_wfp=700015B4 depth=0
redirect seq=009718 caller=QUEST2 WSAVS DIST                 pc=70168717 area_wfp=74003964 argc=4 frame=0 real_wsp=700015AA shadow_wsp=700015B4 master_wfp=700015B4 ret=70166E20 depth=1
redirect seq=009720 caller=QUEST2 WRTN  DIST                 area_wfp=74003964 ret_pc=70168732 real_wsp=700015A0 (was 74003950) shadow_wsp=700015A0 master_wfp=700015B4 depth=0
redirect seq=009725 caller=QUEST2 WSAVS DIST                 pc=70168717 area_wfp=74003964 argc=4 frame=0 real_wsp=700015AA shadow_wsp=700015B4 master_wfp=700015B4 ret=70166E20 depth=1
redirect seq=009727 caller=QUEST2 WRTN  DIST                 area_wfp=74003964 ret_pc=70168732 real_wsp=700015A0 (was 74003950) shadow_wsp=700015A0 master_wfp=700015B4 depth=0
redirect seq=009729 caller=QUEST2 WSAVS DIST                 pc=70168717 area_wfp=74003964 argc=4 frame=0 real_wsp=700015AA shadow_wsp=700015B4 master_wfp=700015B4 ret=70166E20 depth=1
redirect seq=009731 caller=QUEST2 WRTN  DIST                 area_wfp=74003964 ret_pc=70168732 real_wsp=700015A0 (was 74003950) shadow_wsp=700015A0 master_wfp=700015B4 depth=0
redirect seq=009733 caller=QUEST2 WSAVS DIST                 pc=70168717 area_wfp=74003964 argc=4 frame=0 real_wsp=700015AA shadow_wsp=700015B4 master_wfp=700015B4 ret=70166E20 depth=1
redirect seq=009735 caller=QUEST2 WRTN  DIST                 area_wfp=74003964 ret_pc=70168732 real_wsp=700015A0 (was 74003950) shadow_wsp=700015A0 master_wfp=700015B4 depth=0
redirect seq=009738 caller=QUEST2 WSAVS DIST                 pc=70168717 area_wfp=74003964 argc=4 frame=0 real_wsp=700015AA shadow_wsp=700015B4 master_wfp=700015B4 ret=70166E20 depth=1
redirect seq=009740 caller=QUEST2 WRTN  DIST                 area_wfp=74003964 ret_pc=70168732 real_wsp=700015A0 (was 74003950) shadow_wsp=700015A0 master_wfp=700015B4 depth=0
redirect seq=009744 caller=QUEST2 WSAVS DIST                 pc=70168717 area_wfp=74003964 argc=4 frame=0 real_wsp=700015AA shadow_wsp=700015B4 master_wfp=700015B4 ret=70166E20 depth=1
redirect seq=009746 caller=QUEST2 WRTN  DIST                 area_wfp=74003964 ret_pc=70168732 real_wsp=700015A0 (was 74003950) shadow_wsp=700015A0 master_wfp=700015B4 depth=0
redirect seq=009748 caller=QUEST2 WSAVS DIST                 pc=70168717 area_wfp=74003964 argc=4 frame=0 real_wsp=700015AA shadow_wsp=700015B4 master_wfp=700015B4 ret=70166E20 depth=1
redirect seq=009750 caller=QUEST2 WRTN  DIST                 area_wfp=74003964 ret_pc=70168732 real_wsp=700015A0 (was 74003950) shadow_wsp=700015A0 master_wfp=700015B4 depth=0
redirect seq=009755 caller=QUEST2 WSAVS DIST                 pc=70168717 area_wfp=74003964 argc=4 frame=0 real_wsp=700015AA shadow_wsp=700015B4 master_wfp=700015B4 ret=70166E20 depth=1
redirect seq=009757 caller=QUEST2 WRTN  DIST                 area_wfp=74003964 ret_pc=70168732 real_wsp=700015A0 (was 74003950) shadow_wsp=700015A0 master_wfp=700015B4 depth=0
redirect seq=009759 caller=QUEST2 WSAVS DIST                 pc=70168717 area_wfp=74003964 argc=4 frame=0 real_wsp=700015AA shadow_wsp=700015B4 master_wfp=700015B4 ret=70166E20 depth=1
redirect seq=009761 caller=QUEST2 WRTN  DIST                 area_wfp=74003964 ret_pc=70168732 real_wsp=700015A0 (was 74003950) shadow_wsp=700015A0 master_wfp=700015B4 depth=0
redirect seq=009763 caller=QUEST2 WSAVS DIST                 pc=70168717 area_wfp=74003964 argc=4 frame=0 real_wsp=700015AA shadow_wsp=700015B4 master_wfp=700015B4 ret=70166E20 depth=1
redirect seq=009765 caller=QUEST2 WRTN  DIST                 area_wfp=74003964 ret_pc=70168732 real_wsp=700015A0 (was 74003950) shadow_wsp=700015A0 master_wfp=700015B4 depth=0
redirect seq=009769 caller=QUEST2 WSAVS DIST                 pc=70168717 area_wfp=74003964 argc=4 frame=0 real_wsp=700015AA shadow_wsp=700015B4 master_wfp=700015B4 ret=70166E20 depth=1
redirect seq=009771 caller=QUEST2 WRTN  DIST                 area_wfp=74003964 ret_pc=70168732 real_wsp=700015A0 (was 74003950) shadow_wsp=700015A0 master_wfp=700015B4 depth=0
redirect seq=009773 caller=QUEST2 WSAVS DIST                 pc=70168717 area_wfp=74003964 argc=4 frame=0 real_wsp=700015AA shadow_wsp=700015B4 master_wfp=700015B4 ret=70166E20 depth=1
redirect seq=009775 caller=QUEST2 WRTN  DIST                 area_wfp=74003964 ret_pc=70168732 real_wsp=700015A0 (was 74003950) shadow_wsp=700015A0 master_wfp=700015B4 depth=0
redirect seq=009778 caller=QUEST2 WSAVS DIST                 pc=70168717 area_wfp=74003964 argc=4 frame=0 real_wsp=700015AA shadow_wsp=700015B4 master_wfp=700015B4 ret=70166E20 depth=1
redirect seq=009780 caller=QUEST2 WRTN  DIST                 area_wfp=74003964 ret_pc=70168732 real_wsp=700015A0 (was 74003950) shadow_wsp=700015A0 master_wfp=700015B4 depth=0
redirect seq=009785 caller=QUEST2 WSAVS DIST                 pc=70168717 area_wfp=74003964 argc=4 frame=0 real_wsp=700015AA shadow_wsp=700015B4 master_wfp=700015B4 ret=70166E20 depth=1
redirect seq=009787 caller=QUEST2 WRTN  DIST                 area_wfp=74003964 ret_pc=70168732 real_wsp=700015A0 (was 74003950) shadow_wsp=700015A0 master_wfp=700015B4 depth=0
redirect seq=009789 caller=QUEST2 WSAVS DIST                 pc=70168717 area_wfp=74003964 argc=4 frame=0 real_wsp=700015AA shadow_wsp=700015B4 master_wfp=700015B4 ret=70166E20 depth=1
redirect seq=009791 caller=QUEST2 WRTN  DIST                 area_wfp=74003964 ret_pc=70168732 real_wsp=700015A0 (was 74003950) shadow_wsp=700015A0 master_wfp=700015B4 depth=0
redirect seq=009793 caller=QUEST2 WSAVS DIST                 pc=70168717 area_wfp=74003964 argc=4 frame=0 real_wsp=700015AA shadow_wsp=700015B4 master_wfp=700015B4 ret=70166E20 depth=1
redirect seq=009795 caller=QUEST2 WRTN  DIST                 area_wfp=74003964 ret_pc=70168732 real_wsp=700015A0 (was 74003950) shadow_wsp=700015A0 master_wfp=700015B4 depth=0
redirect seq=009800 caller=QUEST2 WSAVS DIST                 pc=70168717 area_wfp=74003964 argc=4 frame=0 real_wsp=700015AA shadow_wsp=700015B4 master_wfp=700015B4 ret=70166E20 depth=1
redirect seq=009802 caller=QUEST2 WRTN  DIST                 area_wfp=74003964 ret_pc=70168732 real_wsp=700015A0 (was 74003950) shadow_wsp=700015A0 master_wfp=700015B4 depth=0
redirect seq=009804 caller=QUEST2 WSAVS DIST                 pc=70168717 area_wfp=74003964 argc=4 frame=0 real_wsp=700015AA shadow_wsp=700015B4 master_wfp=700015B4 ret=70166E20 depth=1
redirect seq=009806 caller=QUEST2 WRTN  DIST                 area_wfp=74003964 ret_pc=70168732 real_wsp=700015A0 (was 74003950) shadow_wsp=700015A0 master_wfp=700015B4 depth=0
redirect seq=009808 caller=QUEST2 WSAVS DIST                 pc=70168717 area_wfp=74003964 argc=4 frame=0 real_wsp=700015AA shadow_wsp=700015B4 master_wfp=700015B4 ret=70166E20 depth=1
redirect seq=009810 caller=QUEST2 WRTN  DIST                 area_wfp=74003964 ret_pc=70168732 real_wsp=700015A0 (was 74003950) shadow_wsp=700015A0 master_wfp=700015B4 depth=0
redirect seq=009813 caller=QUEST2 WSAVS DIST                 pc=70168717 area_wfp=74003964 argc=4 frame=0 real_wsp=700015AA shadow_wsp=700015B4 master_wfp=700015B4 ret=70166E20 depth=1
redirect seq=009815 caller=QUEST2 WRTN  DIST                 area_wfp=74003964 ret_pc=70168732 real_wsp=700015A0 (was 74003950) shadow_wsp=700015A0 master_wfp=700015B4 depth=0
redirect seq=009819 caller=QUEST2 WSAVS DIST                 pc=70168717 area_wfp=74003964 argc=4 frame=0 real_wsp=700015AA shadow_wsp=700015B4 master_wfp=700015B4 ret=70166E20 depth=1
redirect seq=009821 caller=QUEST2 WRTN  DIST                 area_wfp=74003964 ret_pc=70168732 real_wsp=700015A0 (was 74003950) shadow_wsp=700015A0 master_wfp=700015B4 depth=0
redirect seq=009823 caller=QUEST2 WSAVS DIST                 pc=70168717 area_wfp=74003964 argc=4 frame=0 real_wsp=700015AA shadow_wsp=700015B4 master_wfp=700015B4 ret=70166E20 depth=1
redirect seq=009825 caller=QUEST2 WRTN  DIST                 area_wfp=74003964 ret_pc=70168732 real_wsp=700015A0 (was 74003950) shadow_wsp=700015A0 master_wfp=700015B4 depth=0
redirect seq=009830 caller=QUEST2 WSAVS DIST                 pc=70168717 area_wfp=74003964 argc=4 frame=0 real_wsp=700015AA shadow_wsp=700015B4 master_wfp=700015B4 ret=70166E20 depth=1
redirect seq=009832 caller=QUEST2 WRTN  DIST                 area_wfp=74003964 ret_pc=70168732 real_wsp=700015A0 (was 74003950) shadow_wsp=700015A0 master_wfp=700015B4 depth=0
redirect seq=009834 caller=QUEST2 WSAVS DIST                 pc=70168717 area_wfp=74003964 argc=4 frame=0 real_wsp=700015AA shadow_wsp=700015B4 master_wfp=700015B4 ret=70166E20 depth=1
redirect seq=009836 caller=QUEST2 WRTN  DIST                 area_wfp=74003964 ret_pc=70168732 real_wsp=700015A0 (was 74003950) shadow_wsp=700015A0 master_wfp=700015B4 depth=0
redirect seq=009838 caller=QUEST2 WSAVS DIST                 pc=70168717 area_wfp=74003964 argc=4 frame=0 real_wsp=700015AA shadow_wsp=700015B4 master_wfp=700015B4 ret=70166E20 depth=1
redirect seq=009840 caller=QUEST2 WRTN  DIST                 area_wfp=74003964 ret_pc=70168732 real_wsp=700015A0 (was 74003950) shadow_wsp=700015A0 master_wfp=700015B4 depth=0
redirect seq=009843 caller=QUEST2 WSAVS DIST                 pc=70168717 area_wfp=74003964 argc=4 frame=0 real_wsp=700015AA shadow_wsp=700015B4 master_wfp=700015B4 ret=70166E20 depth=1
redirect seq=009847 caller=QUEST2 WRTN  DIST                 area_wfp=74003964 ret_pc=70168732 real_wsp=700015A0 (was 74003950) shadow_wsp=700015A0 master_wfp=700015B4 depth=0
redirect seq=009849 caller=QUEST2 WSAVS DIST                 pc=70168717 area_wfp=74003964 argc=4 frame=0 real_wsp=700015AA shadow_wsp=700015B4 master_wfp=700015B4 ret=70166E20 depth=1
redirect seq=009851 caller=QUEST2 WRTN  DIST                 area_wfp=74003964 ret_pc=70168732 real_wsp=700015A0 (was 74003950) shadow_wsp=700015A0 master_wfp=700015B4 depth=0
redirect seq=009853 caller=QUEST2 WSAVS DIST                 pc=70168717 area_wfp=74003964 argc=4 frame=0 real_wsp=700015AA shadow_wsp=700015B4 master_wfp=700015B4 ret=70166E20 depth=1
redirect seq=009855 caller=QUEST2 WRTN  DIST                 area_wfp=74003964 ret_pc=70168732 real_wsp=700015A0 (was 74003950) shadow_wsp=700015A0 master_wfp=700015B4 depth=0
redirect seq=009860 caller=QUEST2 WSAVS DIST                 pc=70168717 area_wfp=74003964 argc=4 frame=0 real_wsp=700015AA shadow_wsp=700015B4 master_wfp=700015B4 ret=70166E20 depth=1
redirect seq=009862 caller=QUEST2 WRTN  DIST                 area_wfp=74003964 ret_pc=70168732 real_wsp=700015A0 (was 74003950) shadow_wsp=700015A0 master_wfp=700015B4 depth=0
redirect seq=009864 caller=QUEST2 WSAVS DIST                 pc=70168717 area_wfp=74003964 argc=4 frame=0 real_wsp=700015AA shadow_wsp=700015B4 master_wfp=700015B4 ret=70166E20 depth=1
redirect seq=009866 caller=QUEST2 WRTN  DIST                 area_wfp=74003964 ret_pc=70168732 real_wsp=700015A0 (was 74003950) shadow_wsp=700015A0 master_wfp=700015B4 depth=0
redirect seq=009868 caller=QUEST2 WSAVS DIST                 pc=70168717 area_wfp=74003964 argc=4 frame=0 real_wsp=700015AA shadow_wsp=700015B4 master_wfp=700015B4 ret=70166E20 depth=1
redirect seq=009870 caller=QUEST2 WRTN  DIST                 area_wfp=74003964 ret_pc=70168732 real_wsp=700015A0 (was 74003950) shadow_wsp=700015A0 master_wfp=700015B4 depth=0
redirect seq=009873 caller=QUEST2 WSAVS DIST                 pc=70168717 area_wfp=74003964 argc=4 frame=0 real_wsp=700015AA shadow_wsp=700015B4 master_wfp=700015B4 ret=70166E20 depth=1
redirect seq=009877 caller=QUEST2 WRTN  DIST                 area_wfp=74003964 ret_pc=70168732 real_wsp=700015A0 (was 74003950) shadow_wsp=700015A0 master_wfp=700015B4 depth=0
redirect seq=009879 caller=QUEST2 WSAVS DIST                 pc=70168717 area_wfp=74003964 argc=4 frame=0 real_wsp=700015AA shadow_wsp=700015B4 master_wfp=700015B4 ret=70166E20 depth=1
redirect seq=009881 caller=QUEST2 WRTN  DIST                 area_wfp=74003964 ret_pc=70168732 real_wsp=700015A0 (was 74003950) shadow_wsp=700015A0 master_wfp=700015B4 depth=0
redirect seq=009883 caller=QUEST2 WSAVS DIST                 pc=70168717 area_wfp=74003964 argc=4 frame=0 real_wsp=700015AA shadow_wsp=700015B4 master_wfp=700015B4 ret=70166E20 depth=1
redirect seq=009885 caller=QUEST2 WRTN  DIST                 area_wfp=74003964 ret_pc=70168732 real_wsp=700015A0 (was 74003950) shadow_wsp=700015A0 master_wfp=700015B4 depth=0
redirect seq=009890 caller=QUEST2 WSAVS DIST                 pc=70168717 area_wfp=74003964 argc=4 frame=0 real_wsp=700015AA shadow_wsp=700015B4 master_wfp=700015B4 ret=70166E20 depth=1
redirect seq=009892 caller=QUEST2 WRTN  DIST                 area_wfp=74003964 ret_pc=70168732 real_wsp=700015A0 (was 74003950) shadow_wsp=700015A0 master_wfp=700015B4 depth=0
redirect seq=009894 caller=QUEST2 WSAVS DIST                 pc=70168717 area_wfp=74003964 argc=4 frame=0 real_wsp=700015AA shadow_wsp=700015B4 master_wfp=700015B4 ret=70166E20 depth=1
redirect seq=009896 caller=QUEST2 WRTN  DIST                 area_wfp=74003964 ret_pc=70168732 real_wsp=700015A0 (was 74003950) shadow_wsp=700015A0 master_wfp=700015B4 depth=0
redirect seq=009898 caller=QUEST2 WSAVS DIST                 pc=70168717 area_wfp=74003964 argc=4 frame=0 real_wsp=700015AA shadow_wsp=700015B4 master_wfp=700015B4 ret=70166E20 depth=1
redirect seq=009900 caller=QUEST2 WRTN  DIST                 area_wfp=74003964 ret_pc=70168732 real_wsp=700015A0 (was 74003950) shadow_wsp=700015A0 master_wfp=700015B4 depth=0
redirect seq=009904 caller=QUEST2 WSAVS DIST                 pc=70168717 area_wfp=74003964 argc=4 frame=0 real_wsp=700015AA shadow_wsp=700015B4 master_wfp=700015B4 ret=70166E20 depth=1
redirect seq=009906 caller=QUEST2 WRTN  DIST                 area_wfp=74003964 ret_pc=70168732 real_wsp=700015A0 (was 74003950) shadow_wsp=700015A0 master_wfp=700015B4 depth=0
redirect seq=009908 caller=QUEST2 WSAVS DIST                 pc=70168717 area_wfp=74003964 argc=4 frame=0 real_wsp=700015AA shadow_wsp=700015B4 master_wfp=700015B4 ret=70166E20 depth=1
redirect seq=009911 caller=QUEST2 WRTN  DIST                 area_wfp=74003964 ret_pc=70168732 real_wsp=700015A0 (was 74003950) shadow_wsp=700015A0 master_wfp=700015B4 depth=0
redirect seq=009913 caller=QUEST2 WSAVS DIST                 pc=70168717 area_wfp=74003964 argc=4 frame=0 real_wsp=700015AA shadow_wsp=700015B4 master_wfp=700015B4 ret=70166E20 depth=1
redirect seq=009915 caller=QUEST2 WRTN  DIST                 area_wfp=74003964 ret_pc=70168732 real_wsp=700015A0 (was 74003950) shadow_wsp=700015A0 master_wfp=700015B4 depth=0
redirect seq=009920 caller=QUEST2 WSAVS DIST                 pc=70168717 area_wfp=74003964 argc=4 frame=0 real_wsp=700015AA shadow_wsp=700015B4 master_wfp=700015B4 ret=70166E20 depth=1
redirect seq=009922 caller=QUEST2 WRTN  DIST                 area_wfp=74003964 ret_pc=70168732 real_wsp=700015A0 (was 74003950) shadow_wsp=700015A0 master_wfp=700015B4 depth=0
redirect seq=009924 caller=QUEST2 WSAVS DIST                 pc=70168717 area_wfp=74003964 argc=4 frame=0 real_wsp=700015AA shadow_wsp=700015B4 master_wfp=700015B4 ret=70166E20 depth=1
redirect seq=009926 caller=QUEST2 WRTN  DIST                 area_wfp=74003964 ret_pc=70168732 real_wsp=700015A0 (was 74003950) shadow_wsp=700015A0 master_wfp=700015B4 depth=0
redirect seq=009928 caller=QUEST2 WSAVS DIST                 pc=70168717 area_wfp=74003964 argc=4 frame=0 real_wsp=700015AA shadow_wsp=700015B4 master_wfp=700015B4 ret=70166E20 depth=1
redirect seq=009930 caller=QUEST2 WRTN  DIST                 area_wfp=74003964 ret_pc=70168732 real_wsp=700015A0 (was 74003950) shadow_wsp=700015A0 master_wfp=700015B4 depth=0
redirect seq=009935 caller=QUEST2 WSAVS DIST                 pc=70168717 area_wfp=74003964 argc=4 frame=0 real_wsp=700015AA shadow_wsp=700015B4 master_wfp=700015B4 ret=70166E20 depth=1
redirect seq=009937 caller=QUEST2 WRTN  DIST                 area_wfp=74003964 ret_pc=70168732 real_wsp=700015A0 (was 74003950) shadow_wsp=700015A0 master_wfp=700015B4 depth=0
redirect seq=009939 caller=QUEST2 WSAVS DIST                 pc=70168717 area_wfp=74003964 argc=4 frame=0 real_wsp=700015AA shadow_wsp=700015B4 master_wfp=700015B4 ret=70166E20 depth=1
redirect seq=009941 caller=QUEST2 WRTN  DIST                 area_wfp=74003964 ret_pc=70168732 real_wsp=700015A0 (was 74003950) shadow_wsp=700015A0 master_wfp=700015B4 depth=0
redirect seq=009943 caller=QUEST2 WSAVS DIST                 pc=70168717 area_wfp=74003964 argc=4 frame=0 real_wsp=700015AA shadow_wsp=700015B4 master_wfp=700015B4 ret=70166E20 depth=1
redirect seq=009946 caller=QUEST2 WRTN  DIST                 area_wfp=74003964 ret_pc=70168732 real_wsp=700015A0 (was 74003950) shadow_wsp=700015A0 master_wfp=700015B4 depth=0
redirect seq=009948 caller=QUEST2 WSAVS DIST                 pc=70168717 area_wfp=74003964 argc=4 frame=0 real_wsp=700015AA shadow_wsp=700015B4 master_wfp=700015B4 ret=70166E20 depth=1
redirect seq=009952 caller=QUEST2 WRTN  DIST                 area_wfp=74003964 ret_pc=70168732 real_wsp=700015A0 (was 74003950) shadow_wsp=700015A0 master_wfp=700015B4 depth=0
redirect seq=009954 caller=QUEST2 WSAVS DIST                 pc=70168717 area_wfp=74003964 argc=4 frame=0 real_wsp=700015AA shadow_wsp=700015B4 master_wfp=700015B4 ret=70166E20 depth=1
redirect seq=009956 caller=QUEST2 WRTN  DIST                 area_wfp=74003964 ret_pc=70168732 real_wsp=700015A0 (was 74003950) shadow_wsp=700015A0 master_wfp=700015B4 depth=0
redirect seq=009958 caller=QUEST2 WSAVS DIST                 pc=70168717 area_wfp=74003964 argc=4 frame=0 real_wsp=700015AA shadow_wsp=700015B4 master_wfp=700015B4 ret=70166E20 depth=1
redirect seq=009960 caller=QUEST2 WRTN  DIST                 area_wfp=74003964 ret_pc=70168732 real_wsp=700015A0 (was 74003950) shadow_wsp=700015A0 master_wfp=700015B4 depth=0
redirect seq=009965 caller=QUEST2 WSAVS DIST                 pc=70168717 area_wfp=74003964 argc=4 frame=0 real_wsp=700015AA shadow_wsp=700015B4 master_wfp=700015B4 ret=70166E20 depth=1
redirect seq=009967 caller=QUEST2 WRTN  DIST                 area_wfp=74003964 ret_pc=70168732 real_wsp=700015A0 (was 74003950) shadow_wsp=700015A0 master_wfp=700015B4 depth=0
redirect seq=009969 caller=QUEST2 WSAVS DIST                 pc=70168717 area_wfp=74003964 argc=4 frame=0 real_wsp=700015AA shadow_wsp=700015B4 master_wfp=700015B4 ret=70166E20 depth=1
redirect seq=009971 caller=QUEST2 WRTN  DIST                 area_wfp=74003964 ret_pc=70168732 real_wsp=700015A0 (was 74003950) shadow_wsp=700015A0 master_wfp=700015B4 depth=0
redirect seq=009973 caller=QUEST2 WSAVS DIST                 pc=70168717 area_wfp=74003964 argc=4 frame=0 real_wsp=700015AA shadow_wsp=700015B4 master_wfp=700015B4 ret=70166E20 depth=1
redirect seq=009975 caller=QUEST2 WRTN  DIST                 area_wfp=74003964 ret_pc=70168732 real_wsp=700015A0 (was 74003950) shadow_wsp=700015A0 master_wfp=700015B4 depth=0
redirect seq=009979 caller=QUEST2 WSAVS DIST                 pc=70168717 area_wfp=74003964 argc=4 frame=0 real_wsp=700015AA shadow_wsp=700015B4 master_wfp=700015B4 ret=70166E20 depth=1
redirect seq=009981 caller=QUEST2 WRTN  DIST                 area_wfp=74003964 ret_pc=70168732 real_wsp=700015A0 (was 74003950) shadow_wsp=700015A0 master_wfp=700015B4 depth=0
redirect seq=009983 caller=QUEST2 WSAVS DIST                 pc=70168717 area_wfp=74003964 argc=4 frame=0 real_wsp=700015AA shadow_wsp=700015B4 master_wfp=700015B4 ret=70166E20 depth=1
redirect seq=009986 caller=QUEST2 WRTN  DIST                 area_wfp=74003964 ret_pc=70168732 real_wsp=700015A0 (was 74003950) shadow_wsp=700015A0 master_wfp=700015B4 depth=0
redirect seq=009988 caller=QUEST2 WSAVS DIST                 pc=70168717 area_wfp=74003964 argc=4 frame=0 real_wsp=700015AA shadow_wsp=700015B4 master_wfp=700015B4 ret=70166E20 depth=1
redirect seq=009990 caller=QUEST2 WRTN  DIST                 area_wfp=74003964 ret_pc=70168732 real_wsp=700015A0 (was 74003950) shadow_wsp=700015A0 master_wfp=700015B4 depth=0
redirect seq=009995 caller=QUEST2 WSAVS DIST                 pc=70168717 area_wfp=74003964 argc=4 frame=0 real_wsp=700015AA shadow_wsp=700015B4 master_wfp=700015B4 ret=70166E20 depth=1
redirect seq=009997 caller=QUEST2 WRTN  DIST                 area_wfp=74003964 ret_pc=70168732 real_wsp=700015A0 (was 74003950) shadow_wsp=700015A0 master_wfp=700015B4 depth=0
redirect seq=009999 caller=QUEST2 WSAVS DIST                 pc=70168717 area_wfp=74003964 argc=4 frame=0 real_wsp=700015AA shadow_wsp=700015B4 master_wfp=700015B4 ret=70166E20 depth=1
redirect seq=010001 caller=QUEST2 WRTN  DIST                 area_wfp=74003964 ret_pc=70168732 real_wsp=700015A0 (was 74003950) shadow_wsp=700015A0 master_wfp=700015B4 depth=0
redirect seq=010003 caller=QUEST2 WSAVS DIST                 pc=70168717 area_wfp=74003964 argc=4 frame=0 real_wsp=700015AA shadow_wsp=700015B4 master_wfp=700015B4 ret=70166E20 depth=1
redirect seq=010005 caller=QUEST2 WRTN  DIST                 area_wfp=74003964 ret_pc=70168732 real_wsp=700015A0 (was 74003950) shadow_wsp=700015A0 master_wfp=700015B4 depth=0
redirect seq=010008 caller=QUEST2 WSAVS DIST                 pc=70168717 area_wfp=74003964 argc=4 frame=0 real_wsp=700015AA shadow_wsp=700015B4 master_wfp=700015B4 ret=70166E20 depth=1
redirect seq=010010 caller=QUEST2 WRTN  DIST                 area_wfp=74003964 ret_pc=70168732 real_wsp=700015A0 (was 74003950) shadow_wsp=700015A0 master_wfp=700015B4 depth=0
redirect seq=010014 caller=QUEST2 WSAVS DIST                 pc=70168717 area_wfp=74003964 argc=4 frame=0 real_wsp=700015AA shadow_wsp=700015B4 master_wfp=700015B4 ret=70166E20 depth=1
redirect seq=010016 caller=QUEST2 WRTN  DIST                 area_wfp=74003964 ret_pc=70168732 real_wsp=700015A0 (was 74003950) shadow_wsp=700015A0 master_wfp=700015B4 depth=0
redirect seq=010018 caller=QUEST2 WSAVS DIST                 pc=70168717 area_wfp=74003964 argc=4 frame=0 real_wsp=700015AA shadow_wsp=700015B4 master_wfp=700015B4 ret=70166E20 depth=1
redirect seq=010020 caller=QUEST2 WRTN  DIST                 area_wfp=74003964 ret_pc=70168732 real_wsp=700015A0 (was 74003950) shadow_wsp=700015A0 master_wfp=700015B4 depth=0
redirect seq=010025 caller=QUEST2 WSAVS DIST                 pc=70168717 area_wfp=74003964 argc=4 frame=0 real_wsp=700015AA shadow_wsp=700015B4 master_wfp=700015B4 ret=70166E20 depth=1
redirect seq=010027 caller=QUEST2 WRTN  DIST                 area_wfp=74003964 ret_pc=70168732 real_wsp=700015A0 (was 74003950) shadow_wsp=700015A0 master_wfp=700015B4 depth=0
redirect seq=010029 caller=QUEST2 WSAVS DIST                 pc=70168717 area_wfp=74003964 argc=4 frame=0 real_wsp=700015AA shadow_wsp=700015B4 master_wfp=700015B4 ret=70166E20 depth=1
redirect seq=010031 caller=QUEST2 WRTN  DIST                 area_wfp=74003964 ret_pc=70168732 real_wsp=700015A0 (was 74003950) shadow_wsp=700015A0 master_wfp=700015B4 depth=0
redirect seq=010033 caller=QUEST2 WSAVS DIST                 pc=70168717 area_wfp=74003964 argc=4 frame=0 real_wsp=700015AA shadow_wsp=700015B4 master_wfp=700015B4 ret=70166E20 depth=1
redirect seq=010035 caller=QUEST2 WRTN  DIST                 area_wfp=74003964 ret_pc=70168732 real_wsp=700015A0 (was 74003950) shadow_wsp=700015A0 master_wfp=700015B4 depth=0
redirect seq=010038 caller=QUEST2 WSAVS DIST                 pc=70168717 area_wfp=74003964 argc=4 frame=0 real_wsp=700015AA shadow_wsp=700015B4 master_wfp=700015B4 ret=70166E20 depth=1
redirect seq=010040 caller=QUEST2 WRTN  DIST                 area_wfp=74003964 ret_pc=70168732 real_wsp=700015A0 (was 74003950) shadow_wsp=700015A0 master_wfp=700015B4 depth=0
redirect seq=010044 caller=QUEST2 WSAVS DIST                 pc=70168717 area_wfp=74003964 argc=4 frame=0 real_wsp=700015AA shadow_wsp=700015B4 master_wfp=700015B4 ret=70166E20 depth=1
redirect seq=010046 caller=QUEST2 WRTN  DIST                 area_wfp=74003964 ret_pc=70168732 real_wsp=700015A0 (was 74003950) shadow_wsp=700015A0 master_wfp=700015B4 depth=0
redirect seq=010048 caller=QUEST2 WSAVS DIST                 pc=70168717 area_wfp=74003964 argc=4 frame=0 real_wsp=700015AA shadow_wsp=700015B4 master_wfp=700015B4 ret=70166E20 depth=1
redirect seq=010050 caller=QUEST2 WRTN  DIST                 area_wfp=74003964 ret_pc=70168732 real_wsp=700015A0 (was 74003950) shadow_wsp=700015A0 master_wfp=700015B4 depth=0
redirect seq=010055 caller=QUEST2 WSAVS DIST                 pc=70168717 area_wfp=74003964 argc=4 frame=0 real_wsp=700015AA shadow_wsp=700015B4 master_wfp=700015B4 ret=70166E20 depth=1
redirect seq=010057 caller=QUEST2 WRTN  DIST                 area_wfp=74003964 ret_pc=70168732 real_wsp=700015A0 (was 74003950) shadow_wsp=700015A0 master_wfp=700015B4 depth=0
redirect seq=010059 caller=QUEST2 WSAVS DIST                 pc=70168717 area_wfp=74003964 argc=4 frame=0 real_wsp=700015AA shadow_wsp=700015B4 master_wfp=700015B4 ret=70166E20 depth=1
redirect seq=010061 caller=QUEST2 WRTN  DIST                 area_wfp=74003964 ret_pc=70168732 real_wsp=700015A0 (was 74003950) shadow_wsp=700015A0 master_wfp=700015B4 depth=0
redirect seq=010063 caller=QUEST2 WSAVS DIST                 pc=70168717 area_wfp=74003964 argc=4 frame=0 real_wsp=700015AA shadow_wsp=700015B4 master_wfp=700015B4 ret=70166E20 depth=1
redirect seq=010065 caller=QUEST2 WRTN  DIST                 area_wfp=74003964 ret_pc=70168732 real_wsp=700015A0 (was 74003950) shadow_wsp=700015A0 master_wfp=700015B4 depth=0
redirect seq=010069 caller=QUEST2 WSAVS DIST                 pc=70168717 area_wfp=74003964 argc=4 frame=0 real_wsp=700015AA shadow_wsp=700015B4 master_wfp=700015B4 ret=70166E20 depth=1
redirect seq=010071 caller=QUEST2 WRTN  DIST                 area_wfp=74003964 ret_pc=70168732 real_wsp=700015A0 (was 74003950) shadow_wsp=700015A0 master_wfp=700015B4 depth=0
redirect seq=010073 caller=QUEST2 WSAVS DIST                 pc=70168717 area_wfp=74003964 argc=4 frame=0 real_wsp=700015AA shadow_wsp=700015B4 master_wfp=700015B4 ret=70166E20 depth=1
redirect seq=010075 caller=QUEST2 WRTN  DIST                 area_wfp=74003964 ret_pc=70168732 real_wsp=700015A0 (was 74003950) shadow_wsp=700015A0 master_wfp=700015B4 depth=0
redirect seq=010078 caller=QUEST2 WSAVS DIST                 pc=70168717 area_wfp=74003964 argc=4 frame=0 real_wsp=700015AA shadow_wsp=700015B4 master_wfp=700015B4 ret=70166E20 depth=1
redirect seq=010080 caller=QUEST2 WRTN  DIST                 area_wfp=74003964 ret_pc=70168732 real_wsp=700015A0 (was 74003950) shadow_wsp=700015A0 master_wfp=700015B4 depth=0
redirect seq=010085 caller=QUEST2 WSAVS DIST                 pc=70168717 area_wfp=74003964 argc=4 frame=0 real_wsp=700015AA shadow_wsp=700015B4 master_wfp=700015B4 ret=70166E20 depth=1
redirect seq=010087 caller=QUEST2 WRTN  DIST                 area_wfp=74003964 ret_pc=70168732 real_wsp=700015A0 (was 74003950) shadow_wsp=700015A0 master_wfp=700015B4 depth=0
redirect seq=010089 caller=QUEST2 WSAVS DIST                 pc=70168717 area_wfp=74003964 argc=4 frame=0 real_wsp=700015AA shadow_wsp=700015B4 master_wfp=700015B4 ret=70166E20 depth=1
redirect seq=010091 caller=QUEST2 WRTN  DIST                 area_wfp=74003964 ret_pc=70168732 real_wsp=700015A0 (was 74003950) shadow_wsp=700015A0 master_wfp=700015B4 depth=0
redirect seq=010093 caller=QUEST2 WSAVS DIST                 pc=70168717 area_wfp=74003964 argc=4 frame=0 real_wsp=700015AA shadow_wsp=700015B4 master_wfp=700015B4 ret=70166E20 depth=1
redirect seq=010095 caller=QUEST2 WRTN  DIST                 area_wfp=74003964 ret_pc=70168732 real_wsp=700015A0 (was 74003950) shadow_wsp=700015A0 master_wfp=700015B4 depth=0
redirect seq=010100 caller=QUEST2 WSAVS DIST                 pc=70168717 area_wfp=74003964 argc=4 frame=0 real_wsp=700015AA shadow_wsp=700015B4 master_wfp=700015B4 ret=70166E20 depth=1
redirect seq=010102 caller=QUEST2 WRTN  DIST                 area_wfp=74003964 ret_pc=70168732 real_wsp=700015A0 (was 74003950) shadow_wsp=700015A0 master_wfp=700015B4 depth=0
redirect seq=010104 caller=QUEST2 WSAVS DIST                 pc=70168717 area_wfp=74003964 argc=4 frame=0 real_wsp=700015AA shadow_wsp=700015B4 master_wfp=700015B4 ret=70166E20 depth=1
redirect seq=010106 caller=QUEST2 WRTN  DIST                 area_wfp=74003964 ret_pc=70168732 real_wsp=700015A0 (was 74003950) shadow_wsp=700015A0 master_wfp=700015B4 depth=0
redirect seq=010108 caller=QUEST2 WSAVS DIST                 pc=70168717 area_wfp=74003964 argc=4 frame=0 real_wsp=700015AA shadow_wsp=700015B4 master_wfp=700015B4 ret=70166E20 depth=1
redirect seq=010110 caller=QUEST2 WRTN  DIST                 area_wfp=74003964 ret_pc=70168732 real_wsp=700015A0 (was 74003950) shadow_wsp=700015A0 master_wfp=700015B4 depth=0
redirect seq=010113 caller=QUEST2 WSAVS DIST                 pc=70168717 area_wfp=74003964 argc=4 frame=0 real_wsp=700015AA shadow_wsp=700015B4 master_wfp=700015B4 ret=70166E20 depth=1
redirect seq=010117 caller=QUEST2 WRTN  DIST                 area_wfp=74003964 ret_pc=70168732 real_wsp=700015A0 (was 74003950) shadow_wsp=700015A0 master_wfp=700015B4 depth=0
redirect seq=010119 caller=QUEST2 WSAVS DIST                 pc=70168717 area_wfp=74003964 argc=4 frame=0 real_wsp=700015AA shadow_wsp=700015B4 master_wfp=700015B4 ret=70166E20 depth=1
redirect seq=010121 caller=QUEST2 WRTN  DIST                 area_wfp=74003964 ret_pc=70168732 real_wsp=700015A0 (was 74003950) shadow_wsp=700015A0 master_wfp=700015B4 depth=0
redirect seq=010123 caller=QUEST2 WSAVS DIST                 pc=70168717 area_wfp=74003964 argc=4 frame=0 real_wsp=700015AA shadow_wsp=700015B4 master_wfp=700015B4 ret=70166E20 depth=1
redirect seq=010125 caller=QUEST2 WRTN  DIST                 area_wfp=74003964 ret_pc=70168732 real_wsp=700015A0 (was 74003950) shadow_wsp=700015A0 master_wfp=700015B4 depth=0
redirect seq=010130 caller=QUEST2 WSAVS DIST                 pc=70168717 area_wfp=74003964 argc=4 frame=0 real_wsp=700015AA shadow_wsp=700015B4 master_wfp=700015B4 ret=70166E20 depth=1
redirect seq=010132 caller=QUEST2 WRTN  DIST                 area_wfp=74003964 ret_pc=70168732 real_wsp=700015A0 (was 74003950) shadow_wsp=700015A0 master_wfp=700015B4 depth=0
redirect seq=010134 caller=QUEST2 WSAVS DIST                 pc=70168717 area_wfp=74003964 argc=4 frame=0 real_wsp=700015AA shadow_wsp=700015B4 master_wfp=700015B4 ret=70166E20 depth=1
redirect seq=010136 caller=QUEST2 WRTN  DIST                 area_wfp=74003964 ret_pc=70168732 real_wsp=700015A0 (was 74003950) shadow_wsp=700015A0 master_wfp=700015B4 depth=0
redirect seq=010138 caller=QUEST2 WSAVS DIST                 pc=70168717 area_wfp=74003964 argc=4 frame=0 real_wsp=700015AA shadow_wsp=700015B4 master_wfp=700015B4 ret=70166E20 depth=1
redirect seq=010140 caller=QUEST2 WRTN  DIST                 area_wfp=74003964 ret_pc=70168732 real_wsp=700015A0 (was 74003950) shadow_wsp=700015A0 master_wfp=700015B4 depth=0
redirect seq=010144 caller=QUEST2 WSAVS DIST                 pc=70168717 area_wfp=74003964 argc=4 frame=0 real_wsp=700015AA shadow_wsp=700015B4 master_wfp=700015B4 ret=70166E20 depth=1
redirect seq=010146 caller=QUEST2 WRTN  DIST                 area_wfp=74003964 ret_pc=70168732 real_wsp=700015A0 (was 74003950) shadow_wsp=700015A0 master_wfp=700015B4 depth=0
redirect seq=010148 caller=QUEST2 WSAVS DIST                 pc=70168717 area_wfp=74003964 argc=4 frame=0 real_wsp=700015AA shadow_wsp=700015B4 master_wfp=700015B4 ret=70166E20 depth=1
redirect seq=010151 caller=QUEST2 WRTN  DIST                 area_wfp=74003964 ret_pc=70168732 real_wsp=700015A0 (was 74003950) shadow_wsp=700015A0 master_wfp=700015B4 depth=0
redirect seq=010153 caller=QUEST2 WSAVS DIST                 pc=70168717 area_wfp=74003964 argc=4 frame=0 real_wsp=700015AA shadow_wsp=700015B4 master_wfp=700015B4 ret=70166E20 depth=1
redirect seq=010155 caller=QUEST2 WRTN  DIST                 area_wfp=74003964 ret_pc=70168732 real_wsp=700015A0 (was 74003950) shadow_wsp=700015A0 master_wfp=700015B4 depth=0
redirect seq=010160 caller=QUEST2 WSAVS DIST                 pc=70168717 area_wfp=74003964 argc=4 frame=0 real_wsp=700015AA shadow_wsp=700015B4 master_wfp=700015B4 ret=70166E20 depth=1
redirect seq=010162 caller=QUEST2 WRTN  DIST                 area_wfp=74003964 ret_pc=70168732 real_wsp=700015A0 (was 74003950) shadow_wsp=700015A0 master_wfp=700015B4 depth=0
redirect seq=010164 caller=QUEST2 WSAVS DIST                 pc=70168717 area_wfp=74003964 argc=4 frame=0 real_wsp=700015AA shadow_wsp=700015B4 master_wfp=700015B4 ret=70166E20 depth=1
redirect seq=010166 caller=QUEST2 WRTN  DIST                 area_wfp=74003964 ret_pc=70168732 real_wsp=700015A0 (was 74003950) shadow_wsp=700015A0 master_wfp=700015B4 depth=0
redirect seq=010168 caller=QUEST2 WSAVS DIST                 pc=70168717 area_wfp=74003964 argc=4 frame=0 real_wsp=700015AA shadow_wsp=700015B4 master_wfp=700015B4 ret=70166E20 depth=1
redirect seq=010170 caller=QUEST2 WRTN  DIST                 area_wfp=74003964 ret_pc=70168732 real_wsp=700015A0 (was 74003950) shadow_wsp=700015A0 master_wfp=700015B4 depth=0
redirect seq=010173 caller=QUEST2 WSAVS DIST                 pc=70168717 area_wfp=74003964 argc=4 frame=0 real_wsp=700015AA shadow_wsp=700015B4 master_wfp=700015B4 ret=70166E20 depth=1
redirect seq=010177 caller=QUEST2 WRTN  DIST                 area_wfp=74003964 ret_pc=70168732 real_wsp=700015A0 (was 74003950) shadow_wsp=700015A0 master_wfp=700015B4 depth=0
redirect seq=010179 caller=QUEST2 WSAVS DIST                 pc=70168717 area_wfp=74003964 argc=4 frame=0 real_wsp=700015AA shadow_wsp=700015B4 master_wfp=700015B4 ret=70166E20 depth=1
redirect seq=010181 caller=QUEST2 WRTN  DIST                 area_wfp=74003964 ret_pc=70168732 real_wsp=700015A0 (was 74003950) shadow_wsp=700015A0 master_wfp=700015B4 depth=0
redirect seq=010183 caller=QUEST2 WSAVS DIST                 pc=70168717 area_wfp=74003964 argc=4 frame=0 real_wsp=700015AA shadow_wsp=700015B4 master_wfp=700015B4 ret=70166E20 depth=1
redirect seq=010185 caller=QUEST2 WRTN  DIST                 area_wfp=74003964 ret_pc=70168732 real_wsp=700015A0 (was 74003950) shadow_wsp=700015A0 master_wfp=700015B4 depth=0
redirect seq=010190 caller=QUEST2 WSAVS DIST                 pc=70168717 area_wfp=74003964 argc=4 frame=0 real_wsp=700015AA shadow_wsp=700015B4 master_wfp=700015B4 ret=70166E20 depth=1
redirect seq=010192 caller=QUEST2 WRTN  DIST                 area_wfp=74003964 ret_pc=70168732 real_wsp=700015A0 (was 74003950) shadow_wsp=700015A0 master_wfp=700015B4 depth=0
redirect seq=010194 caller=QUEST2 WSAVS DIST                 pc=70168717 area_wfp=74003964 argc=4 frame=0 real_wsp=700015AA shadow_wsp=700015B4 master_wfp=700015B4 ret=70166E20 depth=1
redirect seq=010196 caller=QUEST2 WRTN  DIST                 area_wfp=74003964 ret_pc=70168732 real_wsp=700015A0 (was 74003950) shadow_wsp=700015A0 master_wfp=700015B4 depth=0
redirect seq=010198 caller=QUEST2 WSAVS DIST                 pc=70168717 area_wfp=74003964 argc=4 frame=0 real_wsp=700015AA shadow_wsp=700015B4 master_wfp=700015B4 ret=70166E20 depth=1
redirect seq=010200 caller=QUEST2 WRTN  DIST                 area_wfp=74003964 ret_pc=70168732 real_wsp=700015A0 (was 74003950) shadow_wsp=700015A0 master_wfp=700015B4 depth=0
redirect seq=010203 caller=QUEST2 WSAVS DIST                 pc=70168717 area_wfp=74003964 argc=4 frame=0 real_wsp=700015AA shadow_wsp=700015B4 master_wfp=700015B4 ret=70166E20 depth=1
redirect seq=010205 caller=QUEST2 WRTN  DIST                 area_wfp=74003964 ret_pc=70168732 real_wsp=700015A0 (was 74003950) shadow_wsp=700015A0 master_wfp=700015B4 depth=0
redirect seq=010209 caller=QUEST2 WSAVS DIST                 pc=70168717 area_wfp=74003964 argc=4 frame=0 real_wsp=700015AA shadow_wsp=700015B4 master_wfp=700015B4 ret=70166E20 depth=1
redirect seq=010211 caller=QUEST2 WRTN  DIST                 area_wfp=74003964 ret_pc=70168732 real_wsp=700015A0 (was 74003950) shadow_wsp=700015A0 master_wfp=700015B4 depth=0
redirect seq=010213 caller=QUEST2 WSAVS DIST                 pc=70168717 area_wfp=74003964 argc=4 frame=0 real_wsp=700015AA shadow_wsp=700015B4 master_wfp=700015B4 ret=70166E20 depth=1
redirect seq=010215 caller=QUEST2 WRTN  DIST                 area_wfp=74003964 ret_pc=70168732 real_wsp=700015A0 (was 74003950) shadow_wsp=700015A0 master_wfp=700015B4 depth=0
redirect seq=010220 caller=QUEST2 WSAVS DIST                 pc=70168717 area_wfp=74003964 argc=4 frame=0 real_wsp=700015AA shadow_wsp=700015B4 master_wfp=700015B4 ret=70166E20 depth=1
redirect seq=010222 caller=QUEST2 WRTN  DIST                 area_wfp=74003964 ret_pc=70168732 real_wsp=700015A0 (was 74003950) shadow_wsp=700015A0 master_wfp=700015B4 depth=0
redirect seq=010224 caller=QUEST2 WSAVS DIST                 pc=70168717 area_wfp=74003964 argc=4 frame=0 real_wsp=700015AA shadow_wsp=700015B4 master_wfp=700015B4 ret=70166E20 depth=1
redirect seq=010226 caller=QUEST2 WRTN  DIST                 area_wfp=74003964 ret_pc=70168732 real_wsp=700015A0 (was 74003950) shadow_wsp=700015A0 master_wfp=700015B4 depth=0
redirect seq=010228 caller=QUEST2 WSAVS DIST                 pc=70168717 area_wfp=74003964 argc=4 frame=0 real_wsp=700015AA shadow_wsp=700015B4 master_wfp=700015B4 ret=70166E20 depth=1
redirect seq=010230 caller=QUEST2 WRTN  DIST                 area_wfp=74003964 ret_pc=70168732 real_wsp=700015A0 (was 74003950) shadow_wsp=700015A0 master_wfp=700015B4 depth=0
redirect seq=010234 caller=QUEST2 WSAVS DIST                 pc=70168717 area_wfp=74003964 argc=4 frame=0 real_wsp=700015AA shadow_wsp=700015B4 master_wfp=700015B4 ret=70166E20 depth=1
redirect seq=010236 caller=QUEST2 WRTN  DIST                 area_wfp=74003964 ret_pc=70168732 real_wsp=700015A0 (was 74003950) shadow_wsp=700015A0 master_wfp=700015B4 depth=0
redirect seq=010238 caller=QUEST2 WSAVS DIST                 pc=70168717 area_wfp=74003964 argc=4 frame=0 real_wsp=700015AA shadow_wsp=700015B4 master_wfp=700015B4 ret=70166E20 depth=1
redirect seq=010240 caller=QUEST2 WRTN  DIST                 area_wfp=74003964 ret_pc=70168732 real_wsp=700015A0 (was 74003950) shadow_wsp=700015A0 master_wfp=700015B4 depth=0
redirect seq=010243 caller=QUEST2 WSAVS DIST                 pc=70168717 area_wfp=74003964 argc=4 frame=0 real_wsp=700015AA shadow_wsp=700015B4 master_wfp=700015B4 ret=70166E20 depth=1
redirect seq=010245 caller=QUEST2 WRTN  DIST                 area_wfp=74003964 ret_pc=70168732 real_wsp=700015A0 (was 74003950) shadow_wsp=700015A0 master_wfp=700015B4 depth=0
redirect seq=010250 caller=QUEST2 WSAVS DIST                 pc=70168717 area_wfp=74003964 argc=4 frame=0 real_wsp=700015AA shadow_wsp=700015B4 master_wfp=700015B4 ret=70166E20 depth=1
redirect seq=010252 caller=QUEST2 WRTN  DIST                 area_wfp=74003964 ret_pc=70168732 real_wsp=700015A0 (was 74003950) shadow_wsp=700015A0 master_wfp=700015B4 depth=0
redirect seq=010254 caller=QUEST2 WSAVS DIST                 pc=70168717 area_wfp=74003964 argc=4 frame=0 real_wsp=700015AA shadow_wsp=700015B4 master_wfp=700015B4 ret=70166E20 depth=1
redirect seq=010256 caller=QUEST2 WRTN  DIST                 area_wfp=74003964 ret_pc=70168732 real_wsp=700015A0 (was 74003950) shadow_wsp=700015A0 master_wfp=700015B4 depth=0
redirect seq=010258 caller=QUEST2 WSAVS DIST                 pc=70168717 area_wfp=74003964 argc=4 frame=0 real_wsp=700015AA shadow_wsp=700015B4 master_wfp=700015B4 ret=70166E20 depth=1
redirect seq=010260 caller=QUEST2 WRTN  DIST                 area_wfp=74003964 ret_pc=70168732 real_wsp=700015A0 (was 74003950) shadow_wsp=700015A0 master_wfp=700015B4 depth=0
redirect seq=010265 caller=QUEST2 WSAVS DIST                 pc=70168717 area_wfp=74003964 argc=4 frame=0 real_wsp=700015AA shadow_wsp=700015B4 master_wfp=700015B4 ret=70166E20 depth=1
redirect seq=010267 caller=QUEST2 WRTN  DIST                 area_wfp=74003964 ret_pc=70168732 real_wsp=700015A0 (was 74003950) shadow_wsp=700015A0 master_wfp=700015B4 depth=0
redirect seq=010269 caller=QUEST2 WSAVS DIST                 pc=70168717 area_wfp=74003964 argc=4 frame=0 real_wsp=700015AA shadow_wsp=700015B4 master_wfp=700015B4 ret=70166E20 depth=1
redirect seq=010271 caller=QUEST2 WRTN  DIST                 area_wfp=74003964 ret_pc=70168732 real_wsp=700015A0 (was 74003950) shadow_wsp=700015A0 master_wfp=700015B4 depth=0
redirect seq=010273 caller=QUEST2 WSAVS DIST                 pc=70168717 area_wfp=74003964 argc=4 frame=0 real_wsp=700015AA shadow_wsp=700015B4 master_wfp=700015B4 ret=70166E20 depth=1
redirect seq=010275 caller=QUEST2 WRTN  DIST                 area_wfp=74003964 ret_pc=70168732 real_wsp=700015A0 (was 74003950) shadow_wsp=700015A0 master_wfp=700015B4 depth=0
redirect seq=010280 caller=QUEST2 WSAVS DIST                 pc=70168717 area_wfp=74003964 argc=4 frame=0 real_wsp=700015AA shadow_wsp=700015B4 master_wfp=700015B4 ret=70166E20 depth=1
redirect seq=010282 caller=QUEST2 WRTN  DIST                 area_wfp=74003964 ret_pc=70168732 real_wsp=700015A0 (was 74003950) shadow_wsp=700015A0 master_wfp=700015B4 depth=0
redirect seq=010284 caller=QUEST2 WSAVS DIST                 pc=70168717 area_wfp=74003964 argc=4 frame=0 real_wsp=700015AA shadow_wsp=700015B4 master_wfp=700015B4 ret=70166E20 depth=1
redirect seq=010286 caller=QUEST2 WRTN  DIST                 area_wfp=74003964 ret_pc=70168732 real_wsp=700015A0 (was 74003950) shadow_wsp=700015A0 master_wfp=700015B4 depth=0
redirect seq=010288 caller=QUEST2 WSAVS DIST                 pc=70168717 area_wfp=74003964 argc=4 frame=0 real_wsp=700015AA shadow_wsp=700015B4 master_wfp=700015B4 ret=70166E20 depth=1
redirect seq=010290 caller=QUEST2 WRTN  DIST                 area_wfp=74003964 ret_pc=70168732 real_wsp=700015A0 (was 74003950) shadow_wsp=700015A0 master_wfp=700015B4 depth=0
redirect seq=010295 caller=QUEST2 WSAVS DIST                 pc=70168717 area_wfp=74003964 argc=4 frame=0 real_wsp=700015AA shadow_wsp=700015B4 master_wfp=700015B4 ret=70166E20 depth=1
redirect seq=010297 caller=QUEST2 WRTN  DIST                 area_wfp=74003964 ret_pc=70168732 real_wsp=700015A0 (was 74003950) shadow_wsp=700015A0 master_wfp=700015B4 depth=0
redirect seq=010299 caller=QUEST2 WSAVS DIST                 pc=70168717 area_wfp=74003964 argc=4 frame=0 real_wsp=700015AA shadow_wsp=700015B4 master_wfp=700015B4 ret=70166E20 depth=1
redirect seq=010301 caller=QUEST2 WRTN  DIST                 area_wfp=74003964 ret_pc=70168732 real_wsp=700015A0 (was 74003950) shadow_wsp=700015A0 master_wfp=700015B4 depth=0
redirect seq=010303 caller=QUEST2 WSAVS DIST                 pc=70168717 area_wfp=74003964 argc=4 frame=0 real_wsp=700015AA shadow_wsp=700015B4 master_wfp=700015B4 ret=70166E20 depth=1
redirect seq=010306 caller=QUEST2 WRTN  DIST                 area_wfp=74003964 ret_pc=70168732 real_wsp=700015A0 (was 74003950) shadow_wsp=700015A0 master_wfp=700015B4 depth=0
redirect seq=010308 caller=QUEST2 WSAVS DIST                 pc=70168717 area_wfp=74003964 argc=4 frame=0 real_wsp=700015AA shadow_wsp=700015B4 master_wfp=700015B4 ret=70166E20 depth=1
redirect seq=010312 caller=QUEST2 WRTN  DIST                 area_wfp=74003964 ret_pc=70168732 real_wsp=700015A0 (was 74003950) shadow_wsp=700015A0 master_wfp=700015B4 depth=0
redirect seq=010314 caller=QUEST2 WSAVS DIST                 pc=70168717 area_wfp=74003964 argc=4 frame=0 real_wsp=700015AA shadow_wsp=700015B4 master_wfp=700015B4 ret=70166E20 depth=1
redirect seq=010316 caller=QUEST2 WRTN  DIST                 area_wfp=74003964 ret_pc=70168732 real_wsp=700015A0 (was 74003950) shadow_wsp=700015A0 master_wfp=700015B4 depth=0
redirect seq=010318 caller=QUEST2 WSAVS DIST                 pc=70168717 area_wfp=74003964 argc=4 frame=0 real_wsp=700015AA shadow_wsp=700015B4 master_wfp=700015B4 ret=70166E20 depth=1
redirect seq=010320 caller=QUEST2 WRTN  DIST                 area_wfp=74003964 ret_pc=70168732 real_wsp=700015A0 (was 74003950) shadow_wsp=700015A0 master_wfp=700015B4 depth=0
redirect seq=010325 caller=QUEST2 WSAVS DIST                 pc=70168717 area_wfp=74003964 argc=4 frame=0 real_wsp=700015AA shadow_wsp=700015B4 master_wfp=700015B4 ret=70166E20 depth=1
redirect seq=010327 caller=QUEST2 WRTN  DIST                 area_wfp=74003964 ret_pc=70168732 real_wsp=700015A0 (was 74003950) shadow_wsp=700015A0 master_wfp=700015B4 depth=0
redirect seq=010329 caller=QUEST2 WSAVS DIST                 pc=70168717 area_wfp=74003964 argc=4 frame=0 real_wsp=700015AA shadow_wsp=700015B4 master_wfp=700015B4 ret=70166E20 depth=1
redirect seq=010331 caller=QUEST2 WRTN  DIST                 area_wfp=74003964 ret_pc=70168732 real_wsp=700015A0 (was 74003950) shadow_wsp=700015A0 master_wfp=700015B4 depth=0
redirect seq=010333 caller=QUEST2 WSAVS DIST                 pc=70168717 area_wfp=74003964 argc=4 frame=0 real_wsp=700015AA shadow_wsp=700015B4 master_wfp=700015B4 ret=70166E20 depth=1
redirect seq=010335 caller=QUEST2 WRTN  DIST                 area_wfp=74003964 ret_pc=70168732 real_wsp=700015A0 (was 74003950) shadow_wsp=700015A0 master_wfp=700015B4 depth=0
redirect seq=010340 caller=QUEST2 WSAVS DIST                 pc=70168717 area_wfp=74003964 argc=4 frame=0 real_wsp=700015AA shadow_wsp=700015B4 master_wfp=700015B4 ret=70166E20 depth=1
redirect seq=010342 caller=QUEST2 WRTN  DIST                 area_wfp=74003964 ret_pc=70168732 real_wsp=700015A0 (was 74003950) shadow_wsp=700015A0 master_wfp=700015B4 depth=0
redirect seq=010344 caller=QUEST2 WSAVS DIST                 pc=70168717 area_wfp=74003964 argc=4 frame=0 real_wsp=700015AA shadow_wsp=700015B4 master_wfp=700015B4 ret=70166E20 depth=1
redirect seq=010346 caller=QUEST2 WRTN  DIST                 area_wfp=74003964 ret_pc=70168732 real_wsp=700015A0 (was 74003950) shadow_wsp=700015A0 master_wfp=700015B4 depth=0
redirect seq=010348 caller=QUEST2 WSAVS DIST                 pc=70168717 area_wfp=74003964 argc=4 frame=0 real_wsp=700015AA shadow_wsp=700015B4 master_wfp=700015B4 ret=70166E20 depth=1
redirect seq=010350 caller=QUEST2 WRTN  DIST                 area_wfp=74003964 ret_pc=70168732 real_wsp=700015A0 (was 74003950) shadow_wsp=700015A0 master_wfp=700015B4 depth=0
redirect seq=010355 caller=QUEST2 WSAVS DIST                 pc=70168717 area_wfp=74003964 argc=4 frame=0 real_wsp=700015AA shadow_wsp=700015B4 master_wfp=700015B4 ret=70166E20 depth=1
redirect seq=010357 caller=QUEST2 WRTN  DIST                 area_wfp=74003964 ret_pc=70168732 real_wsp=700015A0 (was 74003950) shadow_wsp=700015A0 master_wfp=700015B4 depth=0
redirect seq=010359 caller=QUEST2 WSAVS DIST                 pc=70168717 area_wfp=74003964 argc=4 frame=0 real_wsp=700015AA shadow_wsp=700015B4 master_wfp=700015B4 ret=70166E20 depth=1
redirect seq=010361 caller=QUEST2 WRTN  DIST                 area_wfp=74003964 ret_pc=70168732 real_wsp=700015A0 (was 74003950) shadow_wsp=700015A0 master_wfp=700015B4 depth=0
redirect seq=010363 caller=QUEST2 WSAVS DIST                 pc=70168717 area_wfp=74003964 argc=4 frame=0 real_wsp=700015AA shadow_wsp=700015B4 master_wfp=700015B4 ret=70166E20 depth=1
redirect seq=010365 caller=QUEST2 WRTN  DIST                 area_wfp=74003964 ret_pc=70168732 real_wsp=700015A0 (was 74003950) shadow_wsp=700015A0 master_wfp=700015B4 depth=0
redirect seq=010370 caller=QUEST2 WSAVS DIST                 pc=70168717 area_wfp=74003964 argc=4 frame=0 real_wsp=700015AA shadow_wsp=700015B4 master_wfp=700015B4 ret=70166E20 depth=1
redirect seq=010372 caller=QUEST2 WRTN  DIST                 area_wfp=74003964 ret_pc=70168732 real_wsp=700015A0 (was 74003950) shadow_wsp=700015A0 master_wfp=700015B4 depth=0
redirect seq=010374 caller=QUEST2 WSAVS DIST                 pc=70168717 area_wfp=74003964 argc=4 frame=0 real_wsp=700015AA shadow_wsp=700015B4 master_wfp=700015B4 ret=70166E20 depth=1
redirect seq=010376 caller=QUEST2 WRTN  DIST                 area_wfp=74003964 ret_pc=70168732 real_wsp=700015A0 (was 74003950) shadow_wsp=700015A0 master_wfp=700015B4 depth=0
redirect seq=010378 caller=QUEST2 WSAVS DIST                 pc=70168717 area_wfp=74003964 argc=4 frame=0 real_wsp=700015AA shadow_wsp=700015B4 master_wfp=700015B4 ret=70166E20 depth=1
redirect seq=010380 caller=QUEST2 WRTN  DIST                 area_wfp=74003964 ret_pc=70168732 real_wsp=700015A0 (was 74003950) shadow_wsp=700015A0 master_wfp=700015B4 depth=0
redirect seq=010385 caller=QUEST2 WSAVS DIST                 pc=70168717 area_wfp=74003964 argc=4 frame=0 real_wsp=700015AA shadow_wsp=700015B4 master_wfp=700015B4 ret=70166E20 depth=1
redirect seq=010387 caller=QUEST2 WRTN  DIST                 area_wfp=74003964 ret_pc=70168732 real_wsp=700015A0 (was 74003950) shadow_wsp=700015A0 master_wfp=700015B4 depth=0
redirect seq=010389 caller=QUEST2 WSAVS DIST                 pc=70168717 area_wfp=74003964 argc=4 frame=0 real_wsp=700015AA shadow_wsp=700015B4 master_wfp=700015B4 ret=70166E20 depth=1
redirect seq=010391 caller=QUEST2 WRTN  DIST                 area_wfp=74003964 ret_pc=70168732 real_wsp=700015A0 (was 74003950) shadow_wsp=700015A0 master_wfp=700015B4 depth=0
redirect seq=010393 caller=QUEST2 WSAVS DIST                 pc=70168717 area_wfp=74003964 argc=4 frame=0 real_wsp=700015AA shadow_wsp=700015B4 master_wfp=700015B4 ret=70166E20 depth=1
redirect seq=010396 caller=QUEST2 WRTN  DIST                 area_wfp=74003964 ret_pc=70168732 real_wsp=700015A0 (was 74003950) shadow_wsp=700015A0 master_wfp=700015B4 depth=0
redirect seq=010398 caller=QUEST2 WSAVS DIST                 pc=70168717 area_wfp=74003964 argc=4 frame=0 real_wsp=700015AA shadow_wsp=700015B4 master_wfp=700015B4 ret=70166E20 depth=1
redirect seq=010400 caller=QUEST2 WRTN  DIST                 area_wfp=74003964 ret_pc=70168732 real_wsp=700015A0 (was 74003950) shadow_wsp=700015A0 master_wfp=700015B4 depth=0
redirect seq=010404 caller=QUEST2 WSAVS DIST                 pc=70168717 area_wfp=74003964 argc=4 frame=0 real_wsp=700015AA shadow_wsp=700015B4 master_wfp=700015B4 ret=70166E20 depth=1
redirect seq=010406 caller=QUEST2 WRTN  DIST                 area_wfp=74003964 ret_pc=70168732 real_wsp=700015A0 (was 74003950) shadow_wsp=700015A0 master_wfp=700015B4 depth=0
redirect seq=010408 caller=QUEST2 WSAVS DIST                 pc=70168717 area_wfp=74003964 argc=4 frame=0 real_wsp=700015AA shadow_wsp=700015B4 master_wfp=700015B4 ret=70166E20 depth=1
redirect seq=010410 caller=QUEST2 WRTN  DIST                 area_wfp=74003964 ret_pc=70168732 real_wsp=700015A0 (was 74003950) shadow_wsp=700015A0 master_wfp=700015B4 depth=0
redirect seq=010415 caller=QUEST2 WSAVS DIST                 pc=70168717 area_wfp=74003964 argc=4 frame=0 real_wsp=700015AA shadow_wsp=700015B4 master_wfp=700015B4 ret=70166E20 depth=1
redirect seq=010417 caller=QUEST2 WRTN  DIST                 area_wfp=74003964 ret_pc=70168732 real_wsp=700015A0 (was 74003950) shadow_wsp=700015A0 master_wfp=700015B4 depth=0
redirect seq=010419 caller=QUEST2 WSAVS DIST                 pc=70168717 area_wfp=74003964 argc=4 frame=0 real_wsp=700015AA shadow_wsp=700015B4 master_wfp=700015B4 ret=70166E20 depth=1
redirect seq=010421 caller=QUEST2 WRTN  DIST                 area_wfp=74003964 ret_pc=70168732 real_wsp=700015A0 (was 74003950) shadow_wsp=700015A0 master_wfp=700015B4 depth=0
redirect seq=010423 caller=QUEST2 WSAVS DIST                 pc=70168717 area_wfp=74003964 argc=4 frame=0 real_wsp=700015AA shadow_wsp=700015B4 master_wfp=700015B4 ret=70166E20 depth=1
redirect seq=010425 caller=QUEST2 WRTN  DIST                 area_wfp=74003964 ret_pc=70168732 real_wsp=700015A0 (was 74003950) shadow_wsp=700015A0 master_wfp=700015B4 depth=0
redirect seq=010428 caller=QUEST2 WSAVS DIST                 pc=70168717 area_wfp=74003964 argc=4 frame=0 real_wsp=700015AA shadow_wsp=700015B4 master_wfp=700015B4 ret=70166E20 depth=1
redirect seq=010430 caller=QUEST2 WRTN  DIST                 area_wfp=74003964 ret_pc=70168732 real_wsp=700015A0 (was 74003950) shadow_wsp=700015A0 master_wfp=700015B4 depth=0
redirect seq=010434 caller=QUEST2 WSAVS DIST                 pc=70168717 area_wfp=74003964 argc=4 frame=0 real_wsp=700015AA shadow_wsp=700015B4 master_wfp=700015B4 ret=70166E20 depth=1
redirect seq=010436 caller=QUEST2 WRTN  DIST                 area_wfp=74003964 ret_pc=70168732 real_wsp=700015A0 (was 74003950) shadow_wsp=700015A0 master_wfp=700015B4 depth=0
redirect seq=010438 caller=QUEST2 WSAVS DIST                 pc=70168717 area_wfp=74003964 argc=4 frame=0 real_wsp=700015AA shadow_wsp=700015B4 master_wfp=700015B4 ret=70166E20 depth=1
redirect seq=010440 caller=QUEST2 WRTN  DIST                 area_wfp=74003964 ret_pc=70168732 real_wsp=700015A0 (was 74003950) shadow_wsp=700015A0 master_wfp=700015B4 depth=0
redirect seq=010445 caller=QUEST2 WSAVS DIST                 pc=70168717 area_wfp=74003964 argc=4 frame=0 real_wsp=700015AA shadow_wsp=700015B4 master_wfp=700015B4 ret=70166E20 depth=1
redirect seq=010447 caller=QUEST2 WRTN  DIST                 area_wfp=74003964 ret_pc=70168732 real_wsp=700015A0 (was 74003950) shadow_wsp=700015A0 master_wfp=700015B4 depth=0
redirect seq=010449 caller=QUEST2 WSAVS DIST                 pc=70168717 area_wfp=74003964 argc=4 frame=0 real_wsp=700015AA shadow_wsp=700015B4 master_wfp=700015B4 ret=70166E20 depth=1
redirect seq=010451 caller=QUEST2 WRTN  DIST                 area_wfp=74003964 ret_pc=70168732 real_wsp=700015A0 (was 74003950) shadow_wsp=700015A0 master_wfp=700015B4 depth=0
redirect seq=010453 caller=QUEST2 WSAVS DIST                 pc=70168717 area_wfp=74003964 argc=4 frame=0 real_wsp=700015AA shadow_wsp=700015B4 master_wfp=700015B4 ret=70166E20 depth=1
redirect seq=010455 caller=QUEST2 WRTN  DIST                 area_wfp=74003964 ret_pc=70168732 real_wsp=700015A0 (was 74003950) shadow_wsp=700015A0 master_wfp=700015B4 depth=0
redirect seq=010460 caller=QUEST2 WSAVS DIST                 pc=70168717 area_wfp=74003964 argc=4 frame=0 real_wsp=700015AA shadow_wsp=700015B4 master_wfp=700015B4 ret=70166E20 depth=1
redirect seq=010462 caller=QUEST2 WRTN  DIST                 area_wfp=74003964 ret_pc=70168732 real_wsp=700015A0 (was 74003950) shadow_wsp=700015A0 master_wfp=700015B4 depth=0
redirect seq=010464 caller=QUEST2 WSAVS DIST                 pc=70168717 area_wfp=74003964 argc=4 frame=0 real_wsp=700015AA shadow_wsp=700015B4 master_wfp=700015B4 ret=70166E20 depth=1
redirect seq=010466 caller=QUEST2 WRTN  DIST                 area_wfp=74003964 ret_pc=70168732 real_wsp=700015A0 (was 74003950) shadow_wsp=700015A0 master_wfp=700015B4 depth=0
redirect seq=010468 caller=QUEST2 WSAVS DIST                 pc=70168717 area_wfp=74003964 argc=4 frame=0 real_wsp=700015AA shadow_wsp=700015B4 master_wfp=700015B4 ret=70166E20 depth=1
redirect seq=010470 caller=QUEST2 WRTN  DIST                 area_wfp=74003964 ret_pc=70168732 real_wsp=700015A0 (was 74003950) shadow_wsp=700015A0 master_wfp=700015B4 depth=0
redirect seq=010475 caller=QUEST2 WSAVS DIST                 pc=70168717 area_wfp=74003964 argc=4 frame=0 real_wsp=700015AA shadow_wsp=700015B4 master_wfp=700015B4 ret=70166E20 depth=1
redirect seq=010477 caller=QUEST2 WRTN  DIST                 area_wfp=74003964 ret_pc=70168732 real_wsp=700015A0 (was 74003950) shadow_wsp=700015A0 master_wfp=700015B4 depth=0
redirect seq=010479 caller=QUEST2 WSAVS DIST                 pc=70168717 area_wfp=74003964 argc=4 frame=0 real_wsp=700015AA shadow_wsp=700015B4 master_wfp=700015B4 ret=70166E20 depth=1
redirect seq=010481 caller=QUEST2 WRTN  DIST                 area_wfp=74003964 ret_pc=70168732 real_wsp=700015A0 (was 74003950) shadow_wsp=700015A0 master_wfp=700015B4 depth=0
redirect seq=010483 caller=QUEST2 WSAVS DIST                 pc=70168717 area_wfp=74003964 argc=4 frame=0 real_wsp=700015AA shadow_wsp=700015B4 master_wfp=700015B4 ret=70166E20 depth=1
redirect seq=010485 caller=QUEST2 WRTN  DIST                 area_wfp=74003964 ret_pc=70168732 real_wsp=700015A0 (was 74003950) shadow_wsp=700015A0 master_wfp=700015B4 depth=0
redirect seq=010490 caller=QUEST2 WSAVS DIST                 pc=70168717 area_wfp=74003964 argc=4 frame=0 real_wsp=700015AA shadow_wsp=700015B4 master_wfp=700015B4 ret=70166E20 depth=1
redirect seq=010492 caller=QUEST2 WRTN  DIST                 area_wfp=74003964 ret_pc=70168732 real_wsp=700015A0 (was 74003950) shadow_wsp=700015A0 master_wfp=700015B4 depth=0
redirect seq=010494 caller=QUEST2 WSAVS DIST                 pc=70168717 area_wfp=74003964 argc=4 frame=0 real_wsp=700015AA shadow_wsp=700015B4 master_wfp=700015B4 ret=70166E20 depth=1
redirect seq=010496 caller=QUEST2 WRTN  DIST                 area_wfp=74003964 ret_pc=70168732 real_wsp=700015A0 (was 74003950) shadow_wsp=700015A0 master_wfp=700015B4 depth=0
redirect seq=010498 caller=QUEST2 WSAVS DIST                 pc=70168717 area_wfp=74003964 argc=4 frame=0 real_wsp=700015AA shadow_wsp=700015B4 master_wfp=700015B4 ret=70166E20 depth=1
redirect seq=010500 caller=QUEST2 WRTN  DIST                 area_wfp=74003964 ret_pc=70168732 real_wsp=700015A0 (was 74003950) shadow_wsp=700015A0 master_wfp=700015B4 depth=0
redirect seq=010504 caller=QUEST2 WSAVS DIST                 pc=70168717 area_wfp=74003964 argc=4 frame=0 real_wsp=700015AA shadow_wsp=700015B4 master_wfp=700015B4 ret=70166E20 depth=1
redirect seq=010506 caller=QUEST2 WRTN  DIST                 area_wfp=74003964 ret_pc=70168732 real_wsp=700015A0 (was 74003950) shadow_wsp=700015A0 master_wfp=700015B4 depth=0
redirect seq=010508 caller=QUEST2 WSAVS DIST                 pc=70168717 area_wfp=74003964 argc=4 frame=0 real_wsp=700015AA shadow_wsp=700015B4 master_wfp=700015B4 ret=70166E20 depth=1
redirect seq=010510 caller=QUEST2 WRTN  DIST                 area_wfp=74003964 ret_pc=70168732 real_wsp=700015A0 (was 74003950) shadow_wsp=700015A0 master_wfp=700015B4 depth=0
redirect seq=010513 caller=QUEST2 WSAVS DIST                 pc=70168717 area_wfp=74003964 argc=4 frame=0 real_wsp=700015AA shadow_wsp=700015B4 master_wfp=700015B4 ret=70166E20 depth=1
redirect seq=010515 caller=QUEST2 WRTN  DIST                 area_wfp=74003964 ret_pc=70168732 real_wsp=700015A0 (was 74003950) shadow_wsp=700015A0 master_wfp=700015B4 depth=0
redirect seq=010520 caller=QUEST2 WSAVS DIST                 pc=70168717 area_wfp=74003964 argc=4 frame=0 real_wsp=700015AA shadow_wsp=700015B4 master_wfp=700015B4 ret=70166E20 depth=1
redirect seq=010522 caller=QUEST2 WRTN  DIST                 area_wfp=74003964 ret_pc=70168732 real_wsp=700015A0 (was 74003950) shadow_wsp=700015A0 master_wfp=700015B4 depth=0
redirect seq=010524 caller=QUEST2 WSAVS DIST                 pc=70168717 area_wfp=74003964 argc=4 frame=0 real_wsp=700015AA shadow_wsp=700015B4 master_wfp=700015B4 ret=70166E20 depth=1
redirect seq=010526 caller=QUEST2 WRTN  DIST                 area_wfp=74003964 ret_pc=70168732 real_wsp=700015A0 (was 74003950) shadow_wsp=700015A0 master_wfp=700015B4 depth=0
redirect seq=010528 caller=QUEST2 WSAVS DIST                 pc=70168717 area_wfp=74003964 argc=4 frame=0 real_wsp=700015AA shadow_wsp=700015B4 master_wfp=700015B4 ret=70166E20 depth=1
redirect seq=010530 caller=QUEST2 WRTN  DIST                 area_wfp=74003964 ret_pc=70168732 real_wsp=700015A0 (was 74003950) shadow_wsp=700015A0 master_wfp=700015B4 depth=0
redirect seq=010535 caller=QUEST2 WSAVS DIST                 pc=70168717 area_wfp=74003964 argc=4 frame=0 real_wsp=700015AA shadow_wsp=700015B4 master_wfp=700015B4 ret=70166E20 depth=1
redirect seq=010537 caller=QUEST2 WRTN  DIST                 area_wfp=74003964 ret_pc=70168732 real_wsp=700015A0 (was 74003950) shadow_wsp=700015A0 master_wfp=700015B4 depth=0
redirect seq=010539 caller=QUEST2 WSAVS DIST                 pc=70168717 area_wfp=74003964 argc=4 frame=0 real_wsp=700015AA shadow_wsp=700015B4 master_wfp=700015B4 ret=70166E20 depth=1
redirect seq=010541 caller=QUEST2 WRTN  DIST                 area_wfp=74003964 ret_pc=70168732 real_wsp=700015A0 (was 74003950) shadow_wsp=700015A0 master_wfp=700015B4 depth=0
redirect seq=010543 caller=QUEST2 WSAVS DIST                 pc=70168717 area_wfp=74003964 argc=4 frame=0 real_wsp=700015AA shadow_wsp=700015B4 master_wfp=700015B4 ret=70166E20 depth=1
redirect seq=010546 caller=QUEST2 WRTN  DIST                 area_wfp=74003964 ret_pc=70168732 real_wsp=700015A0 (was 74003950) shadow_wsp=700015A0 master_wfp=700015B4 depth=0
redirect seq=010548 caller=QUEST2 WSAVS DIST                 pc=70168717 area_wfp=74003964 argc=4 frame=0 real_wsp=700015AA shadow_wsp=700015B4 master_wfp=700015B4 ret=70166E20 depth=1
redirect seq=010552 caller=QUEST2 WRTN  DIST                 area_wfp=74003964 ret_pc=70168732 real_wsp=700015A0 (was 74003950) shadow_wsp=700015A0 master_wfp=700015B4 depth=0
redirect seq=010554 caller=QUEST2 WSAVS DIST                 pc=70168717 area_wfp=74003964 argc=4 frame=0 real_wsp=700015AA shadow_wsp=700015B4 master_wfp=700015B4 ret=70166E20 depth=1
redirect seq=010556 caller=QUEST2 WRTN  DIST                 area_wfp=74003964 ret_pc=70168732 real_wsp=700015A0 (was 74003950) shadow_wsp=700015A0 master_wfp=700015B4 depth=0
redirect seq=010558 caller=QUEST2 WSAVS DIST                 pc=70168717 area_wfp=74003964 argc=4 frame=0 real_wsp=700015AA shadow_wsp=700015B4 master_wfp=700015B4 ret=70166E20 depth=1
redirect seq=010560 caller=QUEST2 WRTN  DIST                 area_wfp=74003964 ret_pc=70168732 real_wsp=700015A0 (was 74003950) shadow_wsp=700015A0 master_wfp=700015B4 depth=0
redirect seq=010565 caller=QUEST2 WSAVS DIST                 pc=70168717 area_wfp=74003964 argc=4 frame=0 real_wsp=700015AA shadow_wsp=700015B4 master_wfp=700015B4 ret=70166E20 depth=1
redirect seq=010567 caller=QUEST2 WRTN  DIST                 area_wfp=74003964 ret_pc=70168732 real_wsp=700015A0 (was 74003950) shadow_wsp=700015A0 master_wfp=700015B4 depth=0
redirect seq=010569 caller=QUEST2 WSAVS DIST                 pc=70168717 area_wfp=74003964 argc=4 frame=0 real_wsp=700015AA shadow_wsp=700015B4 master_wfp=700015B4 ret=70166E20 depth=1
redirect seq=010571 caller=QUEST2 WRTN  DIST                 area_wfp=74003964 ret_pc=70168732 real_wsp=700015A0 (was 74003950) shadow_wsp=700015A0 master_wfp=700015B4 depth=0
redirect seq=010573 caller=QUEST2 WSAVS DIST                 pc=70168717 area_wfp=74003964 argc=4 frame=0 real_wsp=700015AA shadow_wsp=700015B4 master_wfp=700015B4 ret=70166E20 depth=1
redirect seq=010575 caller=QUEST2 WRTN  DIST                 area_wfp=74003964 ret_pc=70168732 real_wsp=700015A0 (was 74003950) shadow_wsp=700015A0 master_wfp=700015B4 depth=0
redirect seq=010578 caller=QUEST2 WSAVS DIST                 pc=70168717 area_wfp=74003964 argc=4 frame=0 real_wsp=700015AA shadow_wsp=700015B4 master_wfp=700015B4 ret=70166E20 depth=1
redirect seq=010582 caller=QUEST2 WRTN  DIST                 area_wfp=74003964 ret_pc=70168732 real_wsp=700015A0 (was 74003950) shadow_wsp=700015A0 master_wfp=700015B4 depth=0
redirect seq=010584 caller=QUEST2 WSAVS DIST                 pc=70168717 area_wfp=74003964 argc=4 frame=0 real_wsp=700015AA shadow_wsp=700015B4 master_wfp=700015B4 ret=70166E20 depth=1
redirect seq=010586 caller=QUEST2 WRTN  DIST                 area_wfp=74003964 ret_pc=70168732 real_wsp=700015A0 (was 74003950) shadow_wsp=700015A0 master_wfp=700015B4 depth=0
redirect seq=010588 caller=QUEST2 WSAVS DIST                 pc=70168717 area_wfp=74003964 argc=4 frame=0 real_wsp=700015AA shadow_wsp=700015B4 master_wfp=700015B4 ret=70166E20 depth=1
redirect seq=010590 caller=QUEST2 WRTN  DIST                 area_wfp=74003964 ret_pc=70168732 real_wsp=700015A0 (was 74003950) shadow_wsp=700015A0 master_wfp=700015B4 depth=0
redirect seq=010595 caller=QUEST2 WSAVS DIST                 pc=70168717 area_wfp=74003964 argc=4 frame=0 real_wsp=700015AA shadow_wsp=700015B4 master_wfp=700015B4 ret=70166E20 depth=1
redirect seq=010597 caller=QUEST2 WRTN  DIST                 area_wfp=74003964 ret_pc=70168732 real_wsp=700015A0 (was 74003950) shadow_wsp=700015A0 master_wfp=700015B4 depth=0
redirect seq=010599 caller=QUEST2 WSAVS DIST                 pc=70168717 area_wfp=74003964 argc=4 frame=0 real_wsp=700015AA shadow_wsp=700015B4 master_wfp=700015B4 ret=70166E20 depth=1
redirect seq=010601 caller=QUEST2 WRTN  DIST                 area_wfp=74003964 ret_pc=70168732 real_wsp=700015A0 (was 74003950) shadow_wsp=700015A0 master_wfp=700015B4 depth=0
redirect seq=010603 caller=QUEST2 WSAVS DIST                 pc=70168717 area_wfp=74003964 argc=4 frame=0 real_wsp=700015AA shadow_wsp=700015B4 master_wfp=700015B4 ret=70166E20 depth=1
redirect seq=010605 caller=QUEST2 WRTN  DIST                 area_wfp=74003964 ret_pc=70168732 real_wsp=700015A0 (was 74003950) shadow_wsp=700015A0 master_wfp=700015B4 depth=0
redirect seq=010610 caller=QUEST2 WSAVS DIST                 pc=70168717 area_wfp=74003964 argc=4 frame=0 real_wsp=700015AA shadow_wsp=700015B4 master_wfp=700015B4 ret=70166E20 depth=1
redirect seq=010612 caller=QUEST2 WRTN  DIST                 area_wfp=74003964 ret_pc=70168732 real_wsp=700015A0 (was 74003950) shadow_wsp=700015A0 master_wfp=700015B4 depth=0
redirect seq=010614 caller=QUEST2 WSAVS DIST                 pc=70168717 area_wfp=74003964 argc=4 frame=0 real_wsp=700015AA shadow_wsp=700015B4 master_wfp=700015B4 ret=70166E20 depth=1
redirect seq=010616 caller=QUEST2 WRTN  DIST                 area_wfp=74003964 ret_pc=70168732 real_wsp=700015A0 (was 74003950) shadow_wsp=700015A0 master_wfp=700015B4 depth=0
redirect seq=010618 caller=QUEST2 WSAVS DIST                 pc=70168717 area_wfp=74003964 argc=4 frame=0 real_wsp=700015AA shadow_wsp=700015B4 master_wfp=700015B4 ret=70166E20 depth=1
redirect seq=010620 caller=QUEST2 WRTN  DIST                 area_wfp=74003964 ret_pc=70168732 real_wsp=700015A0 (was 74003950) shadow_wsp=700015A0 master_wfp=700015B4 depth=0
redirect seq=010625 caller=QUEST2 WSAVS DIST                 pc=70168717 area_wfp=74003964 argc=4 frame=0 real_wsp=700015AA shadow_wsp=700015B4 master_wfp=700015B4 ret=70166E20 depth=1
redirect seq=010627 caller=QUEST2 WRTN  DIST                 area_wfp=74003964 ret_pc=70168732 real_wsp=700015A0 (was 74003950) shadow_wsp=700015A0 master_wfp=700015B4 depth=0
redirect seq=010629 caller=QUEST2 WSAVS DIST                 pc=70168717 area_wfp=74003964 argc=4 frame=0 real_wsp=700015AA shadow_wsp=700015B4 master_wfp=700015B4 ret=70166E20 depth=1
redirect seq=010631 caller=QUEST2 WRTN  DIST                 area_wfp=74003964 ret_pc=70168732 real_wsp=700015A0 (was 74003950) shadow_wsp=700015A0 master_wfp=700015B4 depth=0
redirect seq=010633 caller=QUEST2 WSAVS DIST                 pc=70168717 area_wfp=74003964 argc=4 frame=0 real_wsp=700015AA shadow_wsp=700015B4 master_wfp=700015B4 ret=70166E20 depth=1
redirect seq=010636 caller=QUEST2 WRTN  DIST                 area_wfp=74003964 ret_pc=70168732 real_wsp=700015A0 (was 74003950) shadow_wsp=700015A0 master_wfp=700015B4 depth=0
redirect seq=010638 caller=QUEST2 WSAVS DIST                 pc=70168717 area_wfp=74003964 argc=4 frame=0 real_wsp=700015AA shadow_wsp=700015B4 master_wfp=700015B4 ret=70166E20 depth=1
redirect seq=010642 caller=QUEST2 WRTN  DIST                 area_wfp=74003964 ret_pc=70168732 real_wsp=700015A0 (was 74003950) shadow_wsp=700015A0 master_wfp=700015B4 depth=0
redirect seq=010644 caller=QUEST2 WSAVS DIST                 pc=70168717 area_wfp=74003964 argc=4 frame=0 real_wsp=700015AA shadow_wsp=700015B4 master_wfp=700015B4 ret=70166E20 depth=1
redirect seq=010646 caller=QUEST2 WRTN  DIST                 area_wfp=74003964 ret_pc=70168732 real_wsp=700015A0 (was 74003950) shadow_wsp=700015A0 master_wfp=700015B4 depth=0
redirect seq=010648 caller=QUEST2 WSAVS DIST                 pc=70168717 area_wfp=74003964 argc=4 frame=0 real_wsp=700015AA shadow_wsp=700015B4 master_wfp=700015B4 ret=70166E20 depth=1
redirect seq=010650 caller=QUEST2 WRTN  DIST                 area_wfp=74003964 ret_pc=70168732 real_wsp=700015A0 (was 74003950) shadow_wsp=700015A0 master_wfp=700015B4 depth=0
redirect seq=010655 caller=QUEST2 WSAVS DIST                 pc=70168717 area_wfp=74003964 argc=4 frame=0 real_wsp=700015AA shadow_wsp=700015B4 master_wfp=700015B4 ret=70166E20 depth=1
redirect seq=010657 caller=QUEST2 WRTN  DIST                 area_wfp=74003964 ret_pc=70168732 real_wsp=700015A0 (was 74003950) shadow_wsp=700015A0 master_wfp=700015B4 depth=0
redirect seq=010659 caller=QUEST2 WSAVS DIST                 pc=70168717 area_wfp=74003964 argc=4 frame=0 real_wsp=700015AA shadow_wsp=700015B4 master_wfp=700015B4 ret=70166E20 depth=1
redirect seq=010661 caller=QUEST2 WRTN  DIST                 area_wfp=74003964 ret_pc=70168732 real_wsp=700015A0 (was 74003950) shadow_wsp=700015A0 master_wfp=700015B4 depth=0
redirect seq=010663 caller=QUEST2 WSAVS DIST                 pc=70168717 area_wfp=74003964 argc=4 frame=0 real_wsp=700015AA shadow_wsp=700015B4 master_wfp=700015B4 ret=70166E20 depth=1
redirect seq=010665 caller=QUEST2 WRTN  DIST                 area_wfp=74003964 ret_pc=70168732 real_wsp=700015A0 (was 74003950) shadow_wsp=700015A0 master_wfp=700015B4 depth=0
redirect seq=010670 caller=QUEST2 WSAVS DIST                 pc=70168717 area_wfp=74003964 argc=4 frame=0 real_wsp=700015AA shadow_wsp=700015B4 master_wfp=700015B4 ret=70166E20 depth=1
redirect seq=010672 caller=QUEST2 WRTN  DIST                 area_wfp=74003964 ret_pc=70168732 real_wsp=700015A0 (was 74003950) shadow_wsp=700015A0 master_wfp=700015B4 depth=0
redirect seq=010674 caller=QUEST2 WSAVS DIST                 pc=70168717 area_wfp=74003964 argc=4 frame=0 real_wsp=700015AA shadow_wsp=700015B4 master_wfp=700015B4 ret=70166E20 depth=1
redirect seq=010676 caller=QUEST2 WRTN  DIST                 area_wfp=74003964 ret_pc=70168732 real_wsp=700015A0 (was 74003950) shadow_wsp=700015A0 master_wfp=700015B4 depth=0
redirect seq=010678 caller=QUEST2 WSAVS DIST                 pc=70168717 area_wfp=74003964 argc=4 frame=0 real_wsp=700015AA shadow_wsp=700015B4 master_wfp=700015B4 ret=70166E20 depth=1
redirect seq=010680 caller=QUEST2 WRTN  DIST                 area_wfp=74003964 ret_pc=70168732 real_wsp=700015A0 (was 74003950) shadow_wsp=700015A0 master_wfp=700015B4 depth=0
redirect seq=010685 caller=QUEST2 WSAVS DIST                 pc=70168717 area_wfp=74003964 argc=4 frame=0 real_wsp=700015AA shadow_wsp=700015B4 master_wfp=700015B4 ret=70166E20 depth=1
redirect seq=010687 caller=QUEST2 WRTN  DIST                 area_wfp=74003964 ret_pc=70168732 real_wsp=700015A0 (was 74003950) shadow_wsp=700015A0 master_wfp=700015B4 depth=0
redirect seq=010689 caller=QUEST2 WSAVS DIST                 pc=70168717 area_wfp=74003964 argc=4 frame=0 real_wsp=700015AA shadow_wsp=700015B4 master_wfp=700015B4 ret=70166E20 depth=1
redirect seq=010691 caller=QUEST2 WRTN  DIST                 area_wfp=74003964 ret_pc=70168732 real_wsp=700015A0 (was 74003950) shadow_wsp=700015A0 master_wfp=700015B4 depth=0
redirect seq=010693 caller=QUEST2 WSAVS DIST                 pc=70168717 area_wfp=74003964 argc=4 frame=0 real_wsp=700015AA shadow_wsp=700015B4 master_wfp=700015B4 ret=70166E20 depth=1
redirect seq=010695 caller=QUEST2 WRTN  DIST                 area_wfp=74003964 ret_pc=70168732 real_wsp=700015A0 (was 74003950) shadow_wsp=700015A0 master_wfp=700015B4 depth=0
redirect seq=010700 caller=QUEST2 WSAVS DIST                 pc=70168717 area_wfp=74003964 argc=4 frame=0 real_wsp=700015AA shadow_wsp=700015B4 master_wfp=700015B4 ret=70166E20 depth=1
redirect seq=010702 caller=QUEST2 WRTN  DIST                 area_wfp=74003964 ret_pc=70168732 real_wsp=700015A0 (was 74003950) shadow_wsp=700015A0 master_wfp=700015B4 depth=0
redirect seq=010704 caller=QUEST2 WSAVS DIST                 pc=70168717 area_wfp=74003964 argc=4 frame=0 real_wsp=700015AA shadow_wsp=700015B4 master_wfp=700015B4 ret=70166E20 depth=1
redirect seq=010706 caller=QUEST2 WRTN  DIST                 area_wfp=74003964 ret_pc=70168732 real_wsp=700015A0 (was 74003950) shadow_wsp=700015A0 master_wfp=700015B4 depth=0
redirect seq=010708 caller=QUEST2 WSAVS DIST                 pc=70168717 area_wfp=74003964 argc=4 frame=0 real_wsp=700015AA shadow_wsp=700015B4 master_wfp=700015B4 ret=70166E20 depth=1
redirect seq=010710 caller=QUEST2 WRTN  DIST                 area_wfp=74003964 ret_pc=70168732 real_wsp=700015A0 (was 74003950) shadow_wsp=700015A0 master_wfp=700015B4 depth=0
redirect seq=010715 caller=QUEST2 WSAVS DIST                 pc=70168717 area_wfp=74003964 argc=4 frame=0 real_wsp=700015AA shadow_wsp=700015B4 master_wfp=700015B4 ret=70166E20 depth=1
redirect seq=010717 caller=QUEST2 WRTN  DIST                 area_wfp=74003964 ret_pc=70168732 real_wsp=700015A0 (was 74003950) shadow_wsp=700015A0 master_wfp=700015B4 depth=0
redirect seq=010719 caller=QUEST2 WSAVS DIST                 pc=70168717 area_wfp=74003964 argc=4 frame=0 real_wsp=700015AA shadow_wsp=700015B4 master_wfp=700015B4 ret=70166E20 depth=1
redirect seq=010721 caller=QUEST2 WRTN  DIST                 area_wfp=74003964 ret_pc=70168732 real_wsp=700015A0 (was 74003950) shadow_wsp=700015A0 master_wfp=700015B4 depth=0
redirect seq=010723 caller=QUEST2 WSAVS DIST                 pc=70168717 area_wfp=74003964 argc=4 frame=0 real_wsp=700015AA shadow_wsp=700015B4 master_wfp=700015B4 ret=70166E20 depth=1
redirect seq=010725 caller=QUEST2 WRTN  DIST                 area_wfp=74003964 ret_pc=70168732 real_wsp=700015A0 (was 74003950) shadow_wsp=700015A0 master_wfp=700015B4 depth=0
redirect seq=010728 caller=QUEST2 WSAVS DIST                 pc=70168717 area_wfp=74003964 argc=4 frame=0 real_wsp=700015AA shadow_wsp=700015B4 master_wfp=700015B4 ret=70166E20 depth=1
redirect seq=010730 caller=QUEST2 WRTN  DIST                 area_wfp=74003964 ret_pc=70168732 real_wsp=700015A0 (was 74003950) shadow_wsp=700015A0 master_wfp=700015B4 depth=0
redirect seq=010734 caller=QUEST2 WSAVS DIST                 pc=70168717 area_wfp=74003964 argc=4 frame=0 real_wsp=700015AA shadow_wsp=700015B4 master_wfp=700015B4 ret=70166E20 depth=1
redirect seq=010736 caller=QUEST2 WRTN  DIST                 area_wfp=74003964 ret_pc=70168732 real_wsp=700015A0 (was 74003950) shadow_wsp=700015A0 master_wfp=700015B4 depth=0
redirect seq=010738 caller=QUEST2 WSAVS DIST                 pc=70168717 area_wfp=74003964 argc=4 frame=0 real_wsp=700015AA shadow_wsp=700015B4 master_wfp=700015B4 ret=70166E20 depth=1
redirect seq=010740 caller=QUEST2 WRTN  DIST                 area_wfp=74003964 ret_pc=70168732 real_wsp=700015A0 (was 74003950) shadow_wsp=700015A0 master_wfp=700015B4 depth=0
redirect seq=010745 caller=QUEST2 WSAVS DIST                 pc=70168717 area_wfp=74003964 argc=4 frame=0 real_wsp=700015AA shadow_wsp=700015B4 master_wfp=700015B4 ret=70166E20 depth=1
redirect seq=010747 caller=QUEST2 WRTN  DIST                 area_wfp=74003964 ret_pc=70168732 real_wsp=700015A0 (was 74003950) shadow_wsp=700015A0 master_wfp=700015B4 depth=0
redirect seq=010749 caller=QUEST2 WSAVS DIST                 pc=70168717 area_wfp=74003964 argc=4 frame=0 real_wsp=700015AA shadow_wsp=700015B4 master_wfp=700015B4 ret=70166E20 depth=1
redirect seq=010751 caller=QUEST2 WRTN  DIST                 area_wfp=74003964 ret_pc=70168732 real_wsp=700015A0 (was 74003950) shadow_wsp=700015A0 master_wfp=700015B4 depth=0
redirect seq=010753 caller=QUEST2 WSAVS DIST                 pc=70168717 area_wfp=74003964 argc=4 frame=0 real_wsp=700015AA shadow_wsp=700015B4 master_wfp=700015B4 ret=70166E20 depth=1
redirect seq=010755 caller=QUEST2 WRTN  DIST                 area_wfp=74003964 ret_pc=70168732 real_wsp=700015A0 (was 74003950) shadow_wsp=700015A0 master_wfp=700015B4 depth=0
redirect seq=010759 caller=QUEST2 WSAVS DIST                 pc=70168717 area_wfp=74003964 argc=4 frame=0 real_wsp=700015AA shadow_wsp=700015B4 master_wfp=700015B4 ret=70166E20 depth=1
redirect seq=010761 caller=QUEST2 WRTN  DIST                 area_wfp=74003964 ret_pc=70168732 real_wsp=700015A0 (was 74003950) shadow_wsp=700015A0 master_wfp=700015B4 depth=0
redirect seq=010763 caller=QUEST2 WSAVS DIST                 pc=70168717 area_wfp=74003964 argc=4 frame=0 real_wsp=700015AA shadow_wsp=700015B4 master_wfp=700015B4 ret=70166E20 depth=1
redirect seq=010765 caller=QUEST2 WRTN  DIST                 area_wfp=74003964 ret_pc=70168732 real_wsp=700015A0 (was 74003950) shadow_wsp=700015A0 master_wfp=700015B4 depth=0
redirect seq=010768 caller=QUEST2 WSAVS DIST                 pc=70168717 area_wfp=74003964 argc=4 frame=0 real_wsp=700015AA shadow_wsp=700015B4 master_wfp=700015B4 ret=70166E20 depth=1
redirect seq=010770 caller=QUEST2 WRTN  DIST                 area_wfp=74003964 ret_pc=70168732 real_wsp=700015A0 (was 74003950) shadow_wsp=700015A0 master_wfp=700015B4 depth=0
redirect seq=010775 caller=QUEST2 WSAVS DIST                 pc=70168717 area_wfp=74003964 argc=4 frame=0 real_wsp=700015AA shadow_wsp=700015B4 master_wfp=700015B4 ret=70166E20 depth=1
redirect seq=010777 caller=QUEST2 WRTN  DIST                 area_wfp=74003964 ret_pc=70168732 real_wsp=700015A0 (was 74003950) shadow_wsp=700015A0 master_wfp=700015B4 depth=0
redirect seq=010779 caller=QUEST2 WSAVS DIST                 pc=70168717 area_wfp=74003964 argc=4 frame=0 real_wsp=700015AA shadow_wsp=700015B4 master_wfp=700015B4 ret=70166E20 depth=1
redirect seq=010781 caller=QUEST2 WRTN  DIST                 area_wfp=74003964 ret_pc=70168732 real_wsp=700015A0 (was 74003950) shadow_wsp=700015A0 master_wfp=700015B4 depth=0
redirect seq=010783 caller=QUEST2 WSAVS DIST                 pc=70168717 area_wfp=74003964 argc=4 frame=0 real_wsp=700015AA shadow_wsp=700015B4 master_wfp=700015B4 ret=70166E20 depth=1
redirect seq=010785 caller=QUEST2 WRTN  DIST                 area_wfp=74003964 ret_pc=70168732 real_wsp=700015A0 (was 74003950) shadow_wsp=700015A0 master_wfp=700015B4 depth=0
redirect seq=010790 caller=QUEST2 WSAVS DIST                 pc=70168717 area_wfp=74003964 argc=4 frame=0 real_wsp=700015AA shadow_wsp=700015B4 master_wfp=700015B4 ret=70166E20 depth=1
redirect seq=010792 caller=QUEST2 WRTN  DIST                 area_wfp=74003964 ret_pc=70168732 real_wsp=700015A0 (was 74003950) shadow_wsp=700015A0 master_wfp=700015B4 depth=0
redirect seq=010794 caller=QUEST2 WSAVS DIST                 pc=70168717 area_wfp=74003964 argc=4 frame=0 real_wsp=700015AA shadow_wsp=700015B4 master_wfp=700015B4 ret=70166E20 depth=1
redirect seq=010796 caller=QUEST2 WRTN  DIST                 area_wfp=74003964 ret_pc=70168732 real_wsp=700015A0 (was 74003950) shadow_wsp=700015A0 master_wfp=700015B4 depth=0
redirect seq=010798 caller=QUEST2 WSAVS DIST                 pc=70168717 area_wfp=74003964 argc=4 frame=0 real_wsp=700015AA shadow_wsp=700015B4 master_wfp=700015B4 ret=70166E20 depth=1
redirect seq=010800 caller=QUEST2 WRTN  DIST                 area_wfp=74003964 ret_pc=70168732 real_wsp=700015A0 (was 74003950) shadow_wsp=700015A0 master_wfp=700015B4 depth=0
redirect seq=010804 caller=QUEST2 WSAVS DIST                 pc=70168717 area_wfp=74003964 argc=4 frame=0 real_wsp=700015AA shadow_wsp=700015B4 master_wfp=700015B4 ret=70166E20 depth=1
redirect seq=010806 caller=QUEST2 WRTN  DIST                 area_wfp=74003964 ret_pc=70168732 real_wsp=700015A0 (was 74003950) shadow_wsp=700015A0 master_wfp=700015B4 depth=0
redirect seq=010809 caller=QUEST2 WSAVS DIST                 pc=70168717 area_wfp=74003964 argc=4 frame=0 real_wsp=700015AA shadow_wsp=700015B4 master_wfp=700015B4 ret=70166E20 depth=1
redirect seq=010811 caller=QUEST2 WRTN  DIST                 area_wfp=74003964 ret_pc=70168732 real_wsp=700015A0 (was 74003950) shadow_wsp=700015A0 master_wfp=700015B4 depth=0
redirect seq=010813 caller=QUEST2 WSAVS DIST                 pc=70168717 area_wfp=74003964 argc=4 frame=0 real_wsp=700015AA shadow_wsp=700015B4 master_wfp=700015B4 ret=70166E20 depth=1
redirect seq=010815 caller=QUEST2 WRTN  DIST                 area_wfp=74003964 ret_pc=70168732 real_wsp=700015A0 (was 74003950) shadow_wsp=700015A0 master_wfp=700015B4 depth=0
redirect seq=010820 caller=QUEST2 WSAVS DIST                 pc=70168717 area_wfp=74003964 argc=4 frame=0 real_wsp=700015AA shadow_wsp=700015B4 master_wfp=700015B4 ret=70166E20 depth=1
redirect seq=010822 caller=QUEST2 WRTN  DIST                 area_wfp=74003964 ret_pc=70168732 real_wsp=700015A0 (was 74003950) shadow_wsp=700015A0 master_wfp=700015B4 depth=0
redirect seq=010824 caller=QUEST2 WSAVS DIST                 pc=70168717 area_wfp=74003964 argc=4 frame=0 real_wsp=700015AA shadow_wsp=700015B4 master_wfp=700015B4 ret=70166E20 depth=1
redirect seq=010826 caller=QUEST2 WRTN  DIST                 area_wfp=74003964 ret_pc=70168732 real_wsp=700015A0 (was 74003950) shadow_wsp=700015A0 master_wfp=700015B4 depth=0
redirect seq=010828 caller=QUEST2 WSAVS DIST                 pc=70168717 area_wfp=74003964 argc=4 frame=0 real_wsp=700015AA shadow_wsp=700015B4 master_wfp=700015B4 ret=70166E20 depth=1
redirect seq=010830 caller=QUEST2 WRTN  DIST                 area_wfp=74003964 ret_pc=70168732 real_wsp=700015A0 (was 74003950) shadow_wsp=700015A0 master_wfp=700015B4 depth=0
redirect seq=010835 caller=QUEST2 WSAVS DIST                 pc=70168717 area_wfp=74003964 argc=4 frame=0 real_wsp=700015AA shadow_wsp=700015B4 master_wfp=700015B4 ret=70166E20 depth=1
redirect seq=010837 caller=QUEST2 WRTN  DIST                 area_wfp=74003964 ret_pc=70168732 real_wsp=700015A0 (was 74003950) shadow_wsp=700015A0 master_wfp=700015B4 depth=0
redirect seq=010839 caller=QUEST2 WSAVS DIST                 pc=70168717 area_wfp=74003964 argc=4 frame=0 real_wsp=700015AA shadow_wsp=700015B4 master_wfp=700015B4 ret=70166E20 depth=1
redirect seq=010841 caller=QUEST2 WRTN  DIST                 area_wfp=74003964 ret_pc=70168732 real_wsp=700015A0 (was 74003950) shadow_wsp=700015A0 master_wfp=700015B4 depth=0
redirect seq=010843 caller=QUEST2 WSAVS DIST                 pc=70168717 area_wfp=74003964 argc=4 frame=0 real_wsp=700015AA shadow_wsp=700015B4 master_wfp=700015B4 ret=70166E20 depth=1
redirect seq=010846 caller=QUEST2 WRTN  DIST                 area_wfp=74003964 ret_pc=70168732 real_wsp=700015A0 (was 74003950) shadow_wsp=700015A0 master_wfp=700015B4 depth=0
redirect seq=010848 caller=QUEST2 WSAVS DIST                 pc=70168717 area_wfp=74003964 argc=4 frame=0 real_wsp=700015AA shadow_wsp=700015B4 master_wfp=700015B4 ret=70166E20 depth=1
redirect seq=010852 caller=QUEST2 WRTN  DIST                 area_wfp=74003964 ret_pc=70168732 real_wsp=700015A0 (was 74003950) shadow_wsp=700015A0 master_wfp=700015B4 depth=0
redirect seq=010854 caller=QUEST2 WSAVS DIST                 pc=70168717 area_wfp=74003964 argc=4 frame=0 real_wsp=700015AA shadow_wsp=700015B4 master_wfp=700015B4 ret=70166E20 depth=1
redirect seq=010856 caller=QUEST2 WRTN  DIST                 area_wfp=74003964 ret_pc=70168732 real_wsp=700015A0 (was 74003950) shadow_wsp=700015A0 master_wfp=700015B4 depth=0
redirect seq=010858 caller=QUEST2 WSAVS DIST                 pc=70168717 area_wfp=74003964 argc=4 frame=0 real_wsp=700015AA shadow_wsp=700015B4 master_wfp=700015B4 ret=70166E20 depth=1
redirect seq=010860 caller=QUEST2 WRTN  DIST                 area_wfp=74003964 ret_pc=70168732 real_wsp=700015A0 (was 74003950) shadow_wsp=700015A0 master_wfp=700015B4 depth=0
