redirect seq=000145 caller=QUEST2 WSAVS READ_IN              pc=701766ED area_wfp=74006C5C argc=0 frame=6 real_wsp=700010DE shadow_wsp=700010F4 master_wfp=700010E8 ret=7015C063 depth=1
redirect seq=000157 caller=QUEST2 WRTN  READ_IN              area_wfp=74006C5C ret_pc=7017E77D real_wsp=700010DC (was 74006C50) shadow_wsp=700010DC master_wfp=700010E8 depth=0
redirect seq=000196 caller=QUEST2 WSAVS READ_IN              pc=701766ED area_wfp=74006C5C argc=0 frame=6 real_wsp=70001146 shadow_wsp=7000115C master_wfp=70001150 ret=70175F6F depth=1
redirect seq=000209 caller=QUEST2 WRTN  READ_IN              area_wfp=74006C5C ret_pc=7017E77D real_wsp=70001144 (was 74006C50) shadow_wsp=70001144 master_wfp=70001150 depth=0
redirect seq=000219 caller=QUEST2 WSAVS READ_IN              pc=701766ED area_wfp=74006C5C argc=0 frame=6 real_wsp=70001146 shadow_wsp=7000115C master_wfp=70001150 ret=70175FD7 depth=1
redirect seq=000231 caller=QUEST2 WRTN  READ_IN              area_wfp=74006C5C ret_pc=7017E77D real_wsp=70001144 (was 74006C50) shadow_wsp=70001144 master_wfp=70001150 depth=0
redirect seq=001032 caller=QUEST2 WSAVS DIST                 pc=70168717 area_wfp=740036A4 argc=4 frame=0 real_wsp=70001FDA shadow_wsp=70001FE4 master_wfp=70001FE4 ret=70166B8A depth=1
redirect seq=001034 caller=QUEST2 WRTN  DIST                 area_wfp=740036A4 ret_pc=70168732 real_wsp=70001FD0 (was 74003690) shadow_wsp=70001FD0 master_wfp=70001FE4 depth=0
redirect seq=001036 caller=QUEST2 WSAVS DIST                 pc=70168717 area_wfp=740036A4 argc=4 frame=0 real_wsp=70001FDA shadow_wsp=70001FE4 master_wfp=70001FE4 ret=70166B8A depth=1
redirect seq=001038 caller=QUEST2 WRTN  DIST                 area_wfp=740036A4 ret_pc=70168732 real_wsp=70001FD0 (was 74003690) shadow_wsp=70001FD0 master_wfp=70001FE4 depth=0
redirect seq=001040 caller=QUEST2 WSAVS DIST                 pc=70168717 area_wfp=740036A4 argc=4 frame=0 real_wsp=70001FDA shadow_wsp=70001FE4 master_wfp=70001FE4 ret=70166B8A depth=1
redirect seq=001042 caller=QUEST2 WRTN  DIST                 area_wfp=740036A4 ret_pc=70168732 real_wsp=70001FD0 (was 74003690) shadow_wsp=70001FD0 master_wfp=70001FE4 depth=0
redirect seq=001047 caller=QUEST2 WSAVS DIST                 pc=70168717 area_wfp=740036A4 argc=4 frame=0 real_wsp=70001FDA shadow_wsp=70001FE4 master_wfp=70001FE4 ret=70166E20 depth=1
redirect seq=001049 caller=QUEST2 WRTN  DIST                 area_wfp=740036A4 ret_pc=70168732 real_wsp=70001FD0 (was 74003690) shadow_wsp=70001FD0 master_wfp=70001FE4 depth=0
redirect seq=001051 caller=QUEST2 WSAVS DIST                 pc=70168717 area_wfp=740036A4 argc=4 frame=0 real_wsp=70001FDA shadow_wsp=70001FE4 master_wfp=70001FE4 ret=70166E20 depth=1
redirect seq=001053 caller=QUEST2 WRTN  DIST                 area_wfp=740036A4 ret_pc=70168732 real_wsp=70001FD0 (was 74003690) shadow_wsp=70001FD0 master_wfp=70001FE4 depth=0
redirect seq=001055 caller=QUEST2 WSAVS DIST                 pc=70168717 area_wfp=740036A4 argc=4 frame=0 real_wsp=70001FDA shadow_wsp=70001FE4 master_wfp=70001FE4 ret=70166E20 depth=1
redirect seq=001057 caller=QUEST2 WRTN  DIST                 area_wfp=740036A4 ret_pc=70168732 real_wsp=70001FD0 (was 74003690) shadow_wsp=70001FD0 master_wfp=70001FE4 depth=0
redirect seq=001061 caller=QUEST2 WSAVS DIST                 pc=70168717 area_wfp=740036A4 argc=4 frame=0 real_wsp=70001FDA shadow_wsp=70001FE4 master_wfp=70001FE4 ret=70166E20 depth=1
redirect seq=001063 caller=QUEST2 WRTN  DIST                 area_wfp=740036A4 ret_pc=70168732 real_wsp=70001FD0 (was 74003690) shadow_wsp=70001FD0 master_wfp=70001FE4 depth=0
redirect seq=001065 caller=QUEST2 WSAVS DIST                 pc=70168717 area_wfp=740036A4 argc=4 frame=0 real_wsp=70001FDA shadow_wsp=70001FE4 master_wfp=70001FE4 ret=70166E20 depth=1
redirect seq=001067 caller=QUEST2 WRTN  DIST                 area_wfp=740036A4 ret_pc=70168732 real_wsp=70001FD0 (was 74003690) shadow_wsp=70001FD0 master_wfp=70001FE4 depth=0
redirect seq=001070 caller=QUEST2 WSAVS DIST                 pc=70168717 area_wfp=740036A4 argc=4 frame=0 real_wsp=70001FDA shadow_wsp=70001FE4 master_wfp=70001FE4 ret=70166E20 depth=1
redirect seq=001072 caller=QUEST2 WRTN  DIST                 area_wfp=740036A4 ret_pc=70168732 real_wsp=70001FD0 (was 74003690) shadow_wsp=70001FD0 master_wfp=70001FE4 depth=0
redirect seq=001077 caller=QUEST2 WSAVS DIST                 pc=70168717 area_wfp=740036A4 argc=4 frame=0 real_wsp=70001FDA shadow_wsp=70001FE4 master_wfp=70001FE4 ret=70166E20 depth=1
redirect seq=001079 caller=QUEST2 WRTN  DIST                 area_wfp=740036A4 ret_pc=70168732 real_wsp=70001FD0 (was 74003690) shadow_wsp=70001FD0 master_wfp=70001FE4 depth=0
redirect seq=001081 caller=QUEST2 WSAVS DIST                 pc=70168717 area_wfp=740036A4 argc=4 frame=0 real_wsp=70001FDA shadow_wsp=70001FE4 master_wfp=70001FE4 ret=70166E20 depth=1
redirect seq=001083 caller=QUEST2 WRTN  DIST                 area_wfp=740036A4 ret_pc=70168732 real_wsp=70001FD0 (was 74003690) shadow_wsp=70001FD0 master_wfp=70001FE4 depth=0
redirect seq=001085 caller=QUEST2 WSAVS DIST                 pc=70168717 area_wfp=740036A4 argc=4 frame=0 real_wsp=70001FDA shadow_wsp=70001FE4 master_wfp=70001FE4 ret=70166E20 depth=1
redirect seq=001087 caller=QUEST2 WRTN  DIST                 area_wfp=740036A4 ret_pc=70168732 real_wsp=70001FD0 (was 74003690) shadow_wsp=70001FD0 master_wfp=70001FE4 depth=0
redirect seq=001091 caller=QUEST2 WSAVS DIST                 pc=70168717 area_wfp=740036A4 argc=4 frame=0 real_wsp=70001FDA shadow_wsp=70001FE4 master_wfp=70001FE4 ret=70166E20 depth=1
redirect seq=001093 caller=QUEST2 WRTN  DIST                 area_wfp=740036A4 ret_pc=70168732 real_wsp=70001FD0 (was 74003690) shadow_wsp=70001FD0 master_wfp=70001FE4 depth=0
redirect seq=001095 caller=QUEST2 WSAVS DIST                 pc=70168717 area_wfp=740036A4 argc=4 frame=0 real_wsp=70001FDA shadow_wsp=70001FE4 master_wfp=70001FE4 ret=70166E20 depth=1
redirect seq=001097 caller=QUEST2 WRTN  DIST                 area_wfp=740036A4 ret_pc=70168732 real_wsp=70001FD0 (was 74003690) shadow_wsp=70001FD0 master_wfp=70001FE4 depth=0
redirect seq=001100 caller=QUEST2 WSAVS DIST                 pc=70168717 area_wfp=740036A4 argc=4 frame=0 real_wsp=70001FDA shadow_wsp=70001FE4 master_wfp=70001FE4 ret=70166E20 depth=1
redirect seq=001102 caller=QUEST2 WRTN  DIST                 area_wfp=740036A4 ret_pc=70168732 real_wsp=70001FD0 (was 74003690) shadow_wsp=70001FD0 master_wfp=70001FE4 depth=0
redirect seq=001107 caller=QUEST2 WSAVS DIST                 pc=70168717 area_wfp=740036A4 argc=4 frame=0 real_wsp=70001FDA shadow_wsp=70001FE4 master_wfp=70001FE4 ret=70166E20 depth=1
redirect seq=001109 caller=QUEST2 WRTN  DIST                 area_wfp=740036A4 ret_pc=70168732 real_wsp=70001FD0 (was 74003690) shadow_wsp=70001FD0 master_wfp=70001FE4 depth=0
redirect seq=001111 caller=QUEST2 WSAVS DIST                 pc=70168717 area_wfp=740036A4 argc=4 frame=0 real_wsp=70001FDA shadow_wsp=70001FE4 master_wfp=70001FE4 ret=70166E20 depth=1
redirect seq=001113 caller=QUEST2 WRTN  DIST                 area_wfp=740036A4 ret_pc=70168732 real_wsp=70001FD0 (was 74003690) shadow_wsp=70001FD0 master_wfp=70001FE4 depth=0
redirect seq=001115 caller=QUEST2 WSAVS DIST                 pc=70168717 area_wfp=740036A4 argc=4 frame=0 real_wsp=70001FDA shadow_wsp=70001FE4 master_wfp=70001FE4 ret=70166E20 depth=1
redirect seq=001117 caller=QUEST2 WRTN  DIST                 area_wfp=740036A4 ret_pc=70168732 real_wsp=70001FD0 (was 74003690) shadow_wsp=70001FD0 master_wfp=70001FE4 depth=0
redirect seq=001121 caller=QUEST2 WSAVS DIST                 pc=70168717 area_wfp=740036A4 argc=4 frame=0 real_wsp=70001FDA shadow_wsp=70001FE4 master_wfp=70001FE4 ret=70166E20 depth=1
redirect seq=001123 caller=QUEST2 WRTN  DIST                 area_wfp=740036A4 ret_pc=70168732 real_wsp=70001FD0 (was 74003690) shadow_wsp=70001FD0 master_wfp=70001FE4 depth=0
redirect seq=001125 caller=QUEST2 WSAVS DIST                 pc=70168717 area_wfp=740036A4 argc=4 frame=0 real_wsp=70001FDA shadow_wsp=70001FE4 master_wfp=70001FE4 ret=70166E20 depth=1
redirect seq=001127 caller=QUEST2 WRTN  DIST                 area_wfp=740036A4 ret_pc=70168732 real_wsp=70001FD0 (was 74003690) shadow_wsp=70001FD0 master_wfp=70001FE4 depth=0
redirect seq=001130 caller=QUEST2 WSAVS DIST                 pc=70168717 area_wfp=740036A4 argc=4 frame=0 real_wsp=70001FDA shadow_wsp=70001FE4 master_wfp=70001FE4 ret=70166E20 depth=1
redirect seq=001132 caller=QUEST2 WRTN  DIST                 area_wfp=740036A4 ret_pc=70168732 real_wsp=70001FD0 (was 74003690) shadow_wsp=70001FD0 master_wfp=70001FE4 depth=0
redirect seq=001137 caller=QUEST2 WSAVS DIST                 pc=70168717 area_wfp=740036A4 argc=4 frame=0 real_wsp=70001FDA shadow_wsp=70001FE4 master_wfp=70001FE4 ret=70166E20 depth=1
redirect seq=001139 caller=QUEST2 WRTN  DIST                 area_wfp=740036A4 ret_pc=70168732 real_wsp=70001FD0 (was 74003690) shadow_wsp=70001FD0 master_wfp=70001FE4 depth=0
redirect seq=001141 caller=QUEST2 WSAVS DIST                 pc=70168717 area_wfp=740036A4 argc=4 frame=0 real_wsp=70001FDA shadow_wsp=70001FE4 master_wfp=70001FE4 ret=70166E20 depth=1
redirect seq=001143 caller=QUEST2 WRTN  DIST                 area_wfp=740036A4 ret_pc=70168732 real_wsp=70001FD0 (was 74003690) shadow_wsp=70001FD0 master_wfp=70001FE4 depth=0
redirect seq=001145 caller=QUEST2 WSAVS DIST                 pc=70168717 area_wfp=740036A4 argc=4 frame=0 real_wsp=70001FDA shadow_wsp=70001FE4 master_wfp=70001FE4 ret=70166E20 depth=1
redirect seq=001147 caller=QUEST2 WRTN  DIST                 area_wfp=740036A4 ret_pc=70168732 real_wsp=70001FD0 (was 74003690) shadow_wsp=70001FD0 master_wfp=70001FE4 depth=0
redirect seq=001151 caller=QUEST2 WSAVS DIST                 pc=70168717 area_wfp=740036A4 argc=4 frame=0 real_wsp=70001FDA shadow_wsp=70001FE4 master_wfp=70001FE4 ret=70166E20 depth=1
redirect seq=001153 caller=QUEST2 WRTN  DIST                 area_wfp=740036A4 ret_pc=70168732 real_wsp=70001FD0 (was 74003690) shadow_wsp=70001FD0 master_wfp=70001FE4 depth=0
redirect seq=001155 caller=QUEST2 WSAVS DIST                 pc=70168717 area_wfp=740036A4 argc=4 frame=0 real_wsp=70001FDA shadow_wsp=70001FE4 master_wfp=70001FE4 ret=70166E20 depth=1
redirect seq=001157 caller=QUEST2 WRTN  DIST                 area_wfp=740036A4 ret_pc=70168732 real_wsp=70001FD0 (was 74003690) shadow_wsp=70001FD0 master_wfp=70001FE4 depth=0
redirect seq=001160 caller=QUEST2 WSAVS DIST                 pc=70168717 area_wfp=740036A4 argc=4 frame=0 real_wsp=70001FDA shadow_wsp=70001FE4 master_wfp=70001FE4 ret=70166E20 depth=1
redirect seq=001162 caller=QUEST2 WRTN  DIST                 area_wfp=740036A4 ret_pc=70168732 real_wsp=70001FD0 (was 74003690) shadow_wsp=70001FD0 master_wfp=70001FE4 depth=0
redirect seq=001167 caller=QUEST2 WSAVS DIST                 pc=70168717 area_wfp=740036A4 argc=4 frame=0 real_wsp=70001FDA shadow_wsp=70001FE4 master_wfp=70001FE4 ret=70166E20 depth=1
redirect seq=001169 caller=QUEST2 WRTN  DIST                 area_wfp=740036A4 ret_pc=70168732 real_wsp=70001FD0 (was 74003690) shadow_wsp=70001FD0 master_wfp=70001FE4 depth=0
redirect seq=001171 caller=QUEST2 WSAVS DIST                 pc=70168717 area_wfp=740036A4 argc=4 frame=0 real_wsp=70001FDA shadow_wsp=70001FE4 master_wfp=70001FE4 ret=70166E20 depth=1
redirect seq=001173 caller=QUEST2 WRTN  DIST                 area_wfp=740036A4 ret_pc=70168732 real_wsp=70001FD0 (was 74003690) shadow_wsp=70001FD0 master_wfp=70001FE4 depth=0
redirect seq=001175 caller=QUEST2 WSAVS DIST                 pc=70168717 area_wfp=740036A4 argc=4 frame=0 real_wsp=70001FDA shadow_wsp=70001FE4 master_wfp=70001FE4 ret=70166E20 depth=1
redirect seq=001177 caller=QUEST2 WRTN  DIST                 area_wfp=740036A4 ret_pc=70168732 real_wsp=70001FD0 (was 74003690) shadow_wsp=70001FD0 master_wfp=70001FE4 depth=0
redirect seq=001181 caller=QUEST2 WSAVS DIST                 pc=70168717 area_wfp=740036A4 argc=4 frame=0 real_wsp=70001FDA shadow_wsp=70001FE4 master_wfp=70001FE4 ret=70166E20 depth=1
redirect seq=001183 caller=QUEST2 WRTN  DIST                 area_wfp=740036A4 ret_pc=70168732 real_wsp=70001FD0 (was 74003690) shadow_wsp=70001FD0 master_wfp=70001FE4 depth=0
redirect seq=001185 caller=QUEST2 WSAVS DIST                 pc=70168717 area_wfp=740036A4 argc=4 frame=0 real_wsp=70001FDA shadow_wsp=70001FE4 master_wfp=70001FE4 ret=70166E20 depth=1
redirect seq=001187 caller=QUEST2 WRTN  DIST                 area_wfp=740036A4 ret_pc=70168732 real_wsp=70001FD0 (was 74003690) shadow_wsp=70001FD0 master_wfp=70001FE4 depth=0
redirect seq=001190 caller=QUEST2 WSAVS DIST                 pc=70168717 area_wfp=740036A4 argc=4 frame=0 real_wsp=70001FDA shadow_wsp=70001FE4 master_wfp=70001FE4 ret=70166E20 depth=1
redirect seq=001192 caller=QUEST2 WRTN  DIST                 area_wfp=740036A4 ret_pc=70168732 real_wsp=70001FD0 (was 74003690) shadow_wsp=70001FD0 master_wfp=70001FE4 depth=0
redirect seq=001197 caller=QUEST2 WSAVS DIST                 pc=70168717 area_wfp=740036A4 argc=4 frame=0 real_wsp=70001FDA shadow_wsp=70001FE4 master_wfp=70001FE4 ret=70166E20 depth=1
redirect seq=001199 caller=QUEST2 WRTN  DIST                 area_wfp=740036A4 ret_pc=70168732 real_wsp=70001FD0 (was 74003690) shadow_wsp=70001FD0 master_wfp=70001FE4 depth=0
redirect seq=001201 caller=QUEST2 WSAVS DIST                 pc=70168717 area_wfp=740036A4 argc=4 frame=0 real_wsp=70001FDA shadow_wsp=70001FE4 master_wfp=70001FE4 ret=70166E20 depth=1
redirect seq=001203 caller=QUEST2 WRTN  DIST                 area_wfp=740036A4 ret_pc=70168732 real_wsp=70001FD0 (was 74003690) shadow_wsp=70001FD0 master_wfp=70001FE4 depth=0
redirect seq=001205 caller=QUEST2 WSAVS DIST                 pc=70168717 area_wfp=740036A4 argc=4 frame=0 real_wsp=70001FDA shadow_wsp=70001FE4 master_wfp=70001FE4 ret=70166E20 depth=1
redirect seq=001207 caller=QUEST2 WRTN  DIST                 area_wfp=740036A4 ret_pc=70168732 real_wsp=70001FD0 (was 74003690) shadow_wsp=70001FD0 master_wfp=70001FE4 depth=0
redirect seq=001210 caller=QUEST2 WSAVS DIST                 pc=70168717 area_wfp=740036A4 argc=4 frame=0 real_wsp=70001FDA shadow_wsp=70001FE4 master_wfp=70001FE4 ret=70166E20 depth=1
redirect seq=001212 caller=QUEST2 WRTN  DIST                 area_wfp=740036A4 ret_pc=70168732 real_wsp=70001FD0 (was 74003690) shadow_wsp=70001FD0 master_wfp=70001FE4 depth=0
redirect seq=001216 caller=QUEST2 WSAVS DIST                 pc=70168717 area_wfp=740036A4 argc=4 frame=0 real_wsp=70001FDA shadow_wsp=70001FE4 master_wfp=70001FE4 ret=70166E20 depth=1
redirect seq=001218 caller=QUEST2 WRTN  DIST                 area_wfp=740036A4 ret_pc=70168732 real_wsp=70001FD0 (was 74003690) shadow_wsp=70001FD0 master_wfp=70001FE4 depth=0
redirect seq=001220 caller=QUEST2 WSAVS DIST                 pc=70168717 area_wfp=740036A4 argc=4 frame=0 real_wsp=70001FDA shadow_wsp=70001FE4 master_wfp=70001FE4 ret=70166E20 depth=1
redirect seq=001222 caller=QUEST2 WRTN  DIST                 area_wfp=740036A4 ret_pc=70168732 real_wsp=70001FD0 (was 74003690) shadow_wsp=70001FD0 master_wfp=70001FE4 depth=0
redirect seq=001227 caller=QUEST2 WSAVS DIST                 pc=70168717 area_wfp=740036A4 argc=4 frame=0 real_wsp=70001FDA shadow_wsp=70001FE4 master_wfp=70001FE4 ret=70166E20 depth=1
redirect seq=001229 caller=QUEST2 WRTN  DIST                 area_wfp=740036A4 ret_pc=70168732 real_wsp=70001FD0 (was 74003690) shadow_wsp=70001FD0 master_wfp=70001FE4 depth=0
redirect seq=001231 caller=QUEST2 WSAVS DIST                 pc=70168717 area_wfp=740036A4 argc=4 frame=0 real_wsp=70001FDA shadow_wsp=70001FE4 master_wfp=70001FE4 ret=70166E20 depth=1
redirect seq=001233 caller=QUEST2 WRTN  DIST                 area_wfp=740036A4 ret_pc=70168732 real_wsp=70001FD0 (was 74003690) shadow_wsp=70001FD0 master_wfp=70001FE4 depth=0
redirect seq=001235 caller=QUEST2 WSAVS DIST                 pc=70168717 area_wfp=740036A4 argc=4 frame=0 real_wsp=70001FDA shadow_wsp=70001FE4 master_wfp=70001FE4 ret=70166E20 depth=1
redirect seq=001237 caller=QUEST2 WRTN  DIST                 area_wfp=740036A4 ret_pc=70168732 real_wsp=70001FD0 (was 74003690) shadow_wsp=70001FD0 master_wfp=70001FE4 depth=0
redirect seq=001242 caller=QUEST2 WSAVS DIST                 pc=70168717 area_wfp=740036A4 argc=4 frame=0 real_wsp=70001FDA shadow_wsp=70001FE4 master_wfp=70001FE4 ret=70166E20 depth=1
redirect seq=001244 caller=QUEST2 WRTN  DIST                 area_wfp=740036A4 ret_pc=70168732 real_wsp=70001FD0 (was 74003690) shadow_wsp=70001FD0 master_wfp=70001FE4 depth=0
redirect seq=001246 caller=QUEST2 WSAVS DIST                 pc=70168717 area_wfp=740036A4 argc=4 frame=0 real_wsp=70001FDA shadow_wsp=70001FE4 master_wfp=70001FE4 ret=70166E20 depth=1
redirect seq=001248 caller=QUEST2 WRTN  DIST                 area_wfp=740036A4 ret_pc=70168732 real_wsp=70001FD0 (was 74003690) shadow_wsp=70001FD0 master_wfp=70001FE4 depth=0
redirect seq=001250 caller=QUEST2 WSAVS DIST                 pc=70168717 area_wfp=740036A4 argc=4 frame=0 real_wsp=70001FDA shadow_wsp=70001FE4 master_wfp=70001FE4 ret=70166E20 depth=1
redirect seq=001252 caller=QUEST2 WRTN  DIST                 area_wfp=740036A4 ret_pc=70168732 real_wsp=70001FD0 (was 74003690) shadow_wsp=70001FD0 master_wfp=70001FE4 depth=0
redirect seq=001256 caller=QUEST2 WSAVS DIST                 pc=70168717 area_wfp=740036A4 argc=4 frame=0 real_wsp=70001FDA shadow_wsp=70001FE4 master_wfp=70001FE4 ret=70166E20 depth=1
redirect seq=001258 caller=QUEST2 WRTN  DIST                 area_wfp=740036A4 ret_pc=70168732 real_wsp=70001FD0 (was 74003690) shadow_wsp=70001FD0 master_wfp=70001FE4 depth=0
redirect seq=001260 caller=QUEST2 WSAVS DIST                 pc=70168717 area_wfp=740036A4 argc=4 frame=0 real_wsp=70001FDA shadow_wsp=70001FE4 master_wfp=70001FE4 ret=70166E20 depth=1
redirect seq=001263 caller=QUEST2 WRTN  DIST                 area_wfp=740036A4 ret_pc=70168732 real_wsp=70001FD0 (was 74003690) shadow_wsp=70001FD0 master_wfp=70001FE4 depth=0
redirect seq=001265 caller=QUEST2 WSAVS DIST                 pc=70168717 area_wfp=740036A4 argc=4 frame=0 real_wsp=70001FDA shadow_wsp=70001FE4 master_wfp=70001FE4 ret=70166E20 depth=1
redirect seq=001267 caller=QUEST2 WRTN  DIST                 area_wfp=740036A4 ret_pc=70168732 real_wsp=70001FD0 (was 74003690) shadow_wsp=70001FD0 master_wfp=70001FE4 depth=0
redirect seq=001272 caller=QUEST2 WSAVS DIST                 pc=70168717 area_wfp=740036A4 argc=4 frame=0 real_wsp=70001FDA shadow_wsp=70001FE4 master_wfp=70001FE4 ret=70166E20 depth=1
redirect seq=001274 caller=QUEST2 WRTN  DIST                 area_wfp=740036A4 ret_pc=70168732 real_wsp=70001FD0 (was 74003690) shadow_wsp=70001FD0 master_wfp=70001FE4 depth=0
redirect seq=001276 caller=QUEST2 WSAVS DIST                 pc=70168717 area_wfp=740036A4 argc=4 frame=0 real_wsp=70001FDA shadow_wsp=70001FE4 master_wfp=70001FE4 ret=70166E20 depth=1
redirect seq=001278 caller=QUEST2 WRTN  DIST                 area_wfp=740036A4 ret_pc=70168732 real_wsp=70001FD0 (was 74003690) shadow_wsp=70001FD0 master_wfp=70001FE4 depth=0
redirect seq=001280 caller=QUEST2 WSAVS DIST                 pc=70168717 area_wfp=740036A4 argc=4 frame=0 real_wsp=70001FDA shadow_wsp=70001FE4 master_wfp=70001FE4 ret=70166E20 depth=1
redirect seq=001282 caller=QUEST2 WRTN  DIST                 area_wfp=740036A4 ret_pc=70168732 real_wsp=70001FD0 (was 74003690) shadow_wsp=70001FD0 master_wfp=70001FE4 depth=0
redirect seq=001286 caller=QUEST2 WSAVS DIST                 pc=70168717 area_wfp=740036A4 argc=4 frame=0 real_wsp=70001FDA shadow_wsp=70001FE4 master_wfp=70001FE4 ret=70166E20 depth=1
redirect seq=001288 caller=QUEST2 WRTN  DIST                 area_wfp=740036A4 ret_pc=70168732 real_wsp=70001FD0 (was 74003690) shadow_wsp=70001FD0 master_wfp=70001FE4 depth=0
redirect seq=001290 caller=QUEST2 WSAVS DIST                 pc=70168717 area_wfp=740036A4 argc=4 frame=0 real_wsp=70001FDA shadow_wsp=70001FE4 master_wfp=70001FE4 ret=70166E20 depth=1
redirect seq=001293 caller=QUEST2 WRTN  DIST                 area_wfp=740036A4 ret_pc=70168732 real_wsp=70001FD0 (was 74003690) shadow_wsp=70001FD0 master_wfp=70001FE4 depth=0
redirect seq=001295 caller=QUEST2 WSAVS DIST                 pc=70168717 area_wfp=740036A4 argc=4 frame=0 real_wsp=70001FDA shadow_wsp=70001FE4 master_wfp=70001FE4 ret=70166E20 depth=1
redirect seq=001297 caller=QUEST2 WRTN  DIST                 area_wfp=740036A4 ret_pc=70168732 real_wsp=70001FD0 (was 74003690) shadow_wsp=70001FD0 master_wfp=70001FE4 depth=0
redirect seq=001302 caller=QUEST2 WSAVS DIST                 pc=70168717 area_wfp=740036A4 argc=4 frame=0 real_wsp=70001FDA shadow_wsp=70001FE4 master_wfp=70001FE4 ret=70166E20 depth=1
redirect seq=001304 caller=QUEST2 WRTN  DIST                 area_wfp=740036A4 ret_pc=70168732 real_wsp=70001FD0 (was 74003690) shadow_wsp=70001FD0 master_wfp=70001FE4 depth=0
redirect seq=001306 caller=QUEST2 WSAVS DIST                 pc=70168717 area_wfp=740036A4 argc=4 frame=0 real_wsp=70001FDA shadow_wsp=70001FE4 master_wfp=70001FE4 ret=70166E20 depth=1
redirect seq=001308 caller=QUEST2 WRTN  DIST                 area_wfp=740036A4 ret_pc=70168732 real_wsp=70001FD0 (was 74003690) shadow_wsp=70001FD0 master_wfp=70001FE4 depth=0
redirect seq=001310 caller=QUEST2 WSAVS DIST                 pc=70168717 area_wfp=740036A4 argc=4 frame=0 real_wsp=70001FDA shadow_wsp=70001FE4 master_wfp=70001FE4 ret=70166E20 depth=1
redirect seq=001312 caller=QUEST2 WRTN  DIST                 area_wfp=740036A4 ret_pc=70168732 real_wsp=70001FD0 (was 74003690) shadow_wsp=70001FD0 master_wfp=70001FE4 depth=0
redirect seq=001316 caller=QUEST2 WSAVS DIST                 pc=70168717 area_wfp=740036A4 argc=4 frame=0 real_wsp=70001FDA shadow_wsp=70001FE4 master_wfp=70001FE4 ret=70166E20 depth=1
redirect seq=001318 caller=QUEST2 WRTN  DIST                 area_wfp=740036A4 ret_pc=70168732 real_wsp=70001FD0 (was 74003690) shadow_wsp=70001FD0 master_wfp=70001FE4 depth=0
redirect seq=001320 caller=QUEST2 WSAVS DIST                 pc=70168717 area_wfp=740036A4 argc=4 frame=0 real_wsp=70001FDA shadow_wsp=70001FE4 master_wfp=70001FE4 ret=70166E20 depth=1
redirect seq=001323 caller=QUEST2 WRTN  DIST                 area_wfp=740036A4 ret_pc=70168732 real_wsp=70001FD0 (was 74003690) shadow_wsp=70001FD0 master_wfp=70001FE4 depth=0
redirect seq=001325 caller=QUEST2 WSAVS DIST                 pc=70168717 area_wfp=740036A4 argc=4 frame=0 real_wsp=70001FDA shadow_wsp=70001FE4 master_wfp=70001FE4 ret=70166E20 depth=1
redirect seq=001327 caller=QUEST2 WRTN  DIST                 area_wfp=740036A4 ret_pc=70168732 real_wsp=70001FD0 (was 74003690) shadow_wsp=70001FD0 master_wfp=70001FE4 depth=0
redirect seq=001332 caller=QUEST2 WSAVS DIST                 pc=70168717 area_wfp=740036A4 argc=4 frame=0 real_wsp=70001FDA shadow_wsp=70001FE4 master_wfp=70001FE4 ret=70166E20 depth=1
redirect seq=001334 caller=QUEST2 WRTN  DIST                 area_wfp=740036A4 ret_pc=70168732 real_wsp=70001FD0 (was 74003690) shadow_wsp=70001FD0 master_wfp=70001FE4 depth=0
redirect seq=001336 caller=QUEST2 WSAVS DIST                 pc=70168717 area_wfp=740036A4 argc=4 frame=0 real_wsp=70001FDA shadow_wsp=70001FE4 master_wfp=70001FE4 ret=70166E20 depth=1
redirect seq=001338 caller=QUEST2 WRTN  DIST                 area_wfp=740036A4 ret_pc=70168732 real_wsp=70001FD0 (was 74003690) shadow_wsp=70001FD0 master_wfp=70001FE4 depth=0
redirect seq=001340 caller=QUEST2 WSAVS DIST                 pc=70168717 area_wfp=740036A4 argc=4 frame=0 real_wsp=70001FDA shadow_wsp=70001FE4 master_wfp=70001FE4 ret=70166E20 depth=1
redirect seq=001342 caller=QUEST2 WRTN  DIST                 area_wfp=740036A4 ret_pc=70168732 real_wsp=70001FD0 (was 74003690) shadow_wsp=70001FD0 master_wfp=70001FE4 depth=0
redirect seq=001346 caller=QUEST2 WSAVS DIST                 pc=70168717 area_wfp=740036A4 argc=4 frame=0 real_wsp=70001FDA shadow_wsp=70001FE4 master_wfp=70001FE4 ret=70166E20 depth=1
redirect seq=001348 caller=QUEST2 WRTN  DIST                 area_wfp=740036A4 ret_pc=70168732 real_wsp=70001FD0 (was 74003690) shadow_wsp=70001FD0 master_wfp=70001FE4 depth=0
redirect seq=001350 caller=QUEST2 WSAVS DIST                 pc=70168717 area_wfp=740036A4 argc=4 frame=0 real_wsp=70001FDA shadow_wsp=70001FE4 master_wfp=70001FE4 ret=70166E20 depth=1
redirect seq=001353 caller=QUEST2 WRTN  DIST                 area_wfp=740036A4 ret_pc=70168732 real_wsp=70001FD0 (was 74003690) shadow_wsp=70001FD0 master_wfp=70001FE4 depth=0
redirect seq=001355 caller=QUEST2 WSAVS DIST                 pc=70168717 area_wfp=740036A4 argc=4 frame=0 real_wsp=70001FDA shadow_wsp=70001FE4 master_wfp=70001FE4 ret=70166E20 depth=1
redirect seq=001357 caller=QUEST2 WRTN  DIST                 area_wfp=740036A4 ret_pc=70168732 real_wsp=70001FD0 (was 74003690) shadow_wsp=70001FD0 master_wfp=70001FE4 depth=0
redirect seq=001362 caller=QUEST2 WSAVS DIST                 pc=70168717 area_wfp=740036A4 argc=4 frame=0 real_wsp=70001FDA shadow_wsp=70001FE4 master_wfp=70001FE4 ret=70166E20 depth=1
redirect seq=001364 caller=QUEST2 WRTN  DIST                 area_wfp=740036A4 ret_pc=70168732 real_wsp=70001FD0 (was 74003690) shadow_wsp=70001FD0 master_wfp=70001FE4 depth=0
redirect seq=001366 caller=QUEST2 WSAVS DIST                 pc=70168717 area_wfp=740036A4 argc=4 frame=0 real_wsp=70001FDA shadow_wsp=70001FE4 master_wfp=70001FE4 ret=70166E20 depth=1
redirect seq=001368 caller=QUEST2 WRTN  DIST                 area_wfp=740036A4 ret_pc=70168732 real_wsp=70001FD0 (was 74003690) shadow_wsp=70001FD0 master_wfp=70001FE4 depth=0
redirect seq=001370 caller=QUEST2 WSAVS DIST                 pc=70168717 area_wfp=740036A4 argc=4 frame=0 real_wsp=70001FDA shadow_wsp=70001FE4 master_wfp=70001FE4 ret=70166E20 depth=1
redirect seq=001372 caller=QUEST2 WRTN  DIST                 area_wfp=740036A4 ret_pc=70168732 real_wsp=70001FD0 (was 74003690) shadow_wsp=70001FD0 master_wfp=70001FE4 depth=0
redirect seq=001375 caller=QUEST2 WSAVS DIST                 pc=70168717 area_wfp=740036A4 argc=4 frame=0 real_wsp=70001FDA shadow_wsp=70001FE4 master_wfp=70001FE4 ret=70166E20 depth=1
redirect seq=001379 caller=QUEST2 WRTN  DIST                 area_wfp=740036A4 ret_pc=70168732 real_wsp=70001FD0 (was 74003690) shadow_wsp=70001FD0 master_wfp=70001FE4 depth=0
redirect seq=001381 caller=QUEST2 WSAVS DIST                 pc=70168717 area_wfp=740036A4 argc=4 frame=0 real_wsp=70001FDA shadow_wsp=70001FE4 master_wfp=70001FE4 ret=70166E20 depth=1
redirect seq=001383 caller=QUEST2 WRTN  DIST                 area_wfp=740036A4 ret_pc=70168732 real_wsp=70001FD0 (was 74003690) shadow_wsp=70001FD0 master_wfp=70001FE4 depth=0
redirect seq=001385 caller=QUEST2 WSAVS DIST                 pc=70168717 area_wfp=740036A4 argc=4 frame=0 real_wsp=70001FDA shadow_wsp=70001FE4 master_wfp=70001FE4 ret=70166E20 depth=1
redirect seq=001387 caller=QUEST2 WRTN  DIST                 area_wfp=740036A4 ret_pc=70168732 real_wsp=70001FD0 (was 74003690) shadow_wsp=70001FD0 master_wfp=70001FE4 depth=0
redirect seq=001392 caller=QUEST2 WSAVS DIST                 pc=70168717 area_wfp=740036A4 argc=4 frame=0 real_wsp=70001FDA shadow_wsp=70001FE4 master_wfp=70001FE4 ret=70166E20 depth=1
redirect seq=001394 caller=QUEST2 WRTN  DIST                 area_wfp=740036A4 ret_pc=70168732 real_wsp=70001FD0 (was 74003690) shadow_wsp=70001FD0 master_wfp=70001FE4 depth=0
redirect seq=001396 caller=QUEST2 WSAVS DIST                 pc=70168717 area_wfp=740036A4 argc=4 frame=0 real_wsp=70001FDA shadow_wsp=70001FE4 master_wfp=70001FE4 ret=70166E20 depth=1
redirect seq=001398 caller=QUEST2 WRTN  DIST                 area_wfp=740036A4 ret_pc=70168732 real_wsp=70001FD0 (was 74003690) shadow_wsp=70001FD0 master_wfp=70001FE4 depth=0
redirect seq=001400 caller=QUEST2 WSAVS DIST                 pc=70168717 area_wfp=740036A4 argc=4 frame=0 real_wsp=70001FDA shadow_wsp=70001FE4 master_wfp=70001FE4 ret=70166E20 depth=1
redirect seq=001402 caller=QUEST2 WRTN  DIST                 area_wfp=740036A4 ret_pc=70168732 real_wsp=70001FD0 (was 74003690) shadow_wsp=70001FD0 master_wfp=70001FE4 depth=0
redirect seq=001405 caller=QUEST2 WSAVS DIST                 pc=70168717 area_wfp=740036A4 argc=4 frame=0 real_wsp=70001FDA shadow_wsp=70001FE4 master_wfp=70001FE4 ret=70166E20 depth=1
redirect seq=001409 caller=QUEST2 WRTN  DIST                 area_wfp=740036A4 ret_pc=70168732 real_wsp=70001FD0 (was 74003690) shadow_wsp=70001FD0 master_wfp=70001FE4 depth=0
redirect seq=001411 caller=QUEST2 WSAVS DIST                 pc=70168717 area_wfp=740036A4 argc=4 frame=0 real_wsp=70001FDA shadow_wsp=70001FE4 master_wfp=70001FE4 ret=70166E20 depth=1
redirect seq=001413 caller=QUEST2 WRTN  DIST                 area_wfp=740036A4 ret_pc=70168732 real_wsp=70001FD0 (was 74003690) shadow_wsp=70001FD0 master_wfp=70001FE4 depth=0
redirect seq=001415 caller=QUEST2 WSAVS DIST                 pc=70168717 area_wfp=740036A4 argc=4 frame=0 real_wsp=70001FDA shadow_wsp=70001FE4 master_wfp=70001FE4 ret=70166E20 depth=1
redirect seq=001417 caller=QUEST2 WRTN  DIST                 area_wfp=740036A4 ret_pc=70168732 real_wsp=70001FD0 (was 74003690) shadow_wsp=70001FD0 master_wfp=70001FE4 depth=0
redirect seq=001422 caller=QUEST2 WSAVS DIST                 pc=70168717 area_wfp=740036A4 argc=4 frame=0 real_wsp=70001FDA shadow_wsp=70001FE4 master_wfp=70001FE4 ret=70166E20 depth=1
redirect seq=001424 caller=QUEST2 WRTN  DIST                 area_wfp=740036A4 ret_pc=70168732 real_wsp=70001FD0 (was 74003690) shadow_wsp=70001FD0 master_wfp=70001FE4 depth=0
redirect seq=001426 caller=QUEST2 WSAVS DIST                 pc=70168717 area_wfp=740036A4 argc=4 frame=0 real_wsp=70001FDA shadow_wsp=70001FE4 master_wfp=70001FE4 ret=70166E20 depth=1
redirect seq=001428 caller=QUEST2 WRTN  DIST                 area_wfp=740036A4 ret_pc=70168732 real_wsp=70001FD0 (was 74003690) shadow_wsp=70001FD0 master_wfp=70001FE4 depth=0
redirect seq=001430 caller=QUEST2 WSAVS DIST                 pc=70168717 area_wfp=740036A4 argc=4 frame=0 real_wsp=70001FDA shadow_wsp=70001FE4 master_wfp=70001FE4 ret=70166E20 depth=1
redirect seq=001432 caller=QUEST2 WRTN  DIST                 area_wfp=740036A4 ret_pc=70168732 real_wsp=70001FD0 (was 74003690) shadow_wsp=70001FD0 master_wfp=70001FE4 depth=0
redirect seq=001435 caller=QUEST2 WSAVS DIST                 pc=70168717 area_wfp=740036A4 argc=4 frame=0 real_wsp=70001FDA shadow_wsp=70001FE4 master_wfp=70001FE4 ret=70166E20 depth=1
redirect seq=001439 caller=QUEST2 WRTN  DIST                 area_wfp=740036A4 ret_pc=70168732 real_wsp=70001FD0 (was 74003690) shadow_wsp=70001FD0 master_wfp=70001FE4 depth=0
redirect seq=001441 caller=QUEST2 WSAVS DIST                 pc=70168717 area_wfp=740036A4 argc=4 frame=0 real_wsp=70001FDA shadow_wsp=70001FE4 master_wfp=70001FE4 ret=70166E20 depth=1
redirect seq=001443 caller=QUEST2 WRTN  DIST                 area_wfp=740036A4 ret_pc=70168732 real_wsp=70001FD0 (was 74003690) shadow_wsp=70001FD0 master_wfp=70001FE4 depth=0
redirect seq=001445 caller=QUEST2 WSAVS DIST                 pc=70168717 area_wfp=740036A4 argc=4 frame=0 real_wsp=70001FDA shadow_wsp=70001FE4 master_wfp=70001FE4 ret=70166E20 depth=1
redirect seq=001447 caller=QUEST2 WRTN  DIST                 area_wfp=740036A4 ret_pc=70168732 real_wsp=70001FD0 (was 74003690) shadow_wsp=70001FD0 master_wfp=70001FE4 depth=0
redirect seq=001451 caller=QUEST2 WSAVS DIST                 pc=70168717 area_wfp=740036A4 argc=4 frame=0 real_wsp=70001FDA shadow_wsp=70001FE4 master_wfp=70001FE4 ret=70166E20 depth=1
redirect seq=001453 caller=QUEST2 WRTN  DIST                 area_wfp=740036A4 ret_pc=70168732 real_wsp=70001FD0 (was 74003690) shadow_wsp=70001FD0 master_wfp=70001FE4 depth=0
redirect seq=001455 caller=QUEST2 WSAVS DIST                 pc=70168717 area_wfp=740036A4 argc=4 frame=0 real_wsp=70001FDA shadow_wsp=70001FE4 master_wfp=70001FE4 ret=70166E20 depth=1
redirect seq=001457 caller=QUEST2 WRTN  DIST                 area_wfp=740036A4 ret_pc=70168732 real_wsp=70001FD0 (was 74003690) shadow_wsp=70001FD0 master_wfp=70001FE4 depth=0
redirect seq=001460 caller=QUEST2 WSAVS DIST                 pc=70168717 area_wfp=740036A4 argc=4 frame=0 real_wsp=70001FDA shadow_wsp=70001FE4 master_wfp=70001FE4 ret=70166E20 depth=1
redirect seq=001462 caller=QUEST2 WRTN  DIST                 area_wfp=740036A4 ret_pc=70168732 real_wsp=70001FD0 (was 74003690) shadow_wsp=70001FD0 master_wfp=70001FE4 depth=0
redirect seq=001467 caller=QUEST2 WSAVS DIST                 pc=70168717 area_wfp=740036A4 argc=4 frame=0 real_wsp=70001FDA shadow_wsp=70001FE4 master_wfp=70001FE4 ret=70166E20 depth=1
redirect seq=001469 caller=QUEST2 WRTN  DIST                 area_wfp=740036A4 ret_pc=70168732 real_wsp=70001FD0 (was 74003690) shadow_wsp=70001FD0 master_wfp=70001FE4 depth=0
redirect seq=001471 caller=QUEST2 WSAVS DIST                 pc=70168717 area_wfp=740036A4 argc=4 frame=0 real_wsp=70001FDA shadow_wsp=70001FE4 master_wfp=70001FE4 ret=70166E20 depth=1
redirect seq=001473 caller=QUEST2 WRTN  DIST                 area_wfp=740036A4 ret_pc=70168732 real_wsp=70001FD0 (was 74003690) shadow_wsp=70001FD0 master_wfp=70001FE4 depth=0
redirect seq=001475 caller=QUEST2 WSAVS DIST                 pc=70168717 area_wfp=740036A4 argc=4 frame=0 real_wsp=70001FDA shadow_wsp=70001FE4 master_wfp=70001FE4 ret=70166E20 depth=1
redirect seq=001477 caller=QUEST2 WRTN  DIST                 area_wfp=740036A4 ret_pc=70168732 real_wsp=70001FD0 (was 74003690) shadow_wsp=70001FD0 master_wfp=70001FE4 depth=0
redirect seq=001480 caller=QUEST2 WSAVS DIST                 pc=70168717 area_wfp=740036A4 argc=4 frame=0 real_wsp=70001FDA shadow_wsp=70001FE4 master_wfp=70001FE4 ret=70166E20 depth=1
redirect seq=001482 caller=QUEST2 WRTN  DIST                 area_wfp=740036A4 ret_pc=70168732 real_wsp=70001FD0 (was 74003690) shadow_wsp=70001FD0 master_wfp=70001FE4 depth=0
redirect seq=001486 caller=QUEST2 WSAVS DIST                 pc=70168717 area_wfp=740036A4 argc=4 frame=0 real_wsp=70001FDA shadow_wsp=70001FE4 master_wfp=70001FE4 ret=70166E20 depth=1
redirect seq=001488 caller=QUEST2 WRTN  DIST                 area_wfp=740036A4 ret_pc=70168732 real_wsp=70001FD0 (was 74003690) shadow_wsp=70001FD0 master_wfp=70001FE4 depth=0
redirect seq=001490 caller=QUEST2 WSAVS DIST                 pc=70168717 area_wfp=740036A4 argc=4 frame=0 real_wsp=70001FDA shadow_wsp=70001FE4 master_wfp=70001FE4 ret=70166E20 depth=1
redirect seq=001492 caller=QUEST2 WRTN  DIST                 area_wfp=740036A4 ret_pc=70168732 real_wsp=70001FD0 (was 74003690) shadow_wsp=70001FD0 master_wfp=70001FE4 depth=0
redirect seq=001497 caller=QUEST2 WSAVS DIST                 pc=70168717 area_wfp=740036A4 argc=4 frame=0 real_wsp=70001FDA shadow_wsp=70001FE4 master_wfp=70001FE4 ret=70166E20 depth=1
redirect seq=001499 caller=QUEST2 WRTN  DIST                 area_wfp=740036A4 ret_pc=70168732 real_wsp=70001FD0 (was 74003690) shadow_wsp=70001FD0 master_wfp=70001FE4 depth=0
redirect seq=001501 caller=QUEST2 WSAVS DIST                 pc=70168717 area_wfp=740036A4 argc=4 frame=0 real_wsp=70001FDA shadow_wsp=70001FE4 master_wfp=70001FE4 ret=70166E20 depth=1
redirect seq=001503 caller=QUEST2 WRTN  DIST                 area_wfp=740036A4 ret_pc=70168732 real_wsp=70001FD0 (was 74003690) shadow_wsp=70001FD0 master_wfp=70001FE4 depth=0
redirect seq=001505 caller=QUEST2 WSAVS DIST                 pc=70168717 area_wfp=740036A4 argc=4 frame=0 real_wsp=70001FDA shadow_wsp=70001FE4 master_wfp=70001FE4 ret=70166E20 depth=1
redirect seq=001507 caller=QUEST2 WRTN  DIST                 area_wfp=740036A4 ret_pc=70168732 real_wsp=70001FD0 (was 74003690) shadow_wsp=70001FD0 master_wfp=70001FE4 depth=0
redirect seq=001510 caller=QUEST2 WSAVS DIST                 pc=70168717 area_wfp=740036A4 argc=4 frame=0 real_wsp=70001FDA shadow_wsp=70001FE4 master_wfp=70001FE4 ret=70166E20 depth=1
redirect seq=001512 caller=QUEST2 WRTN  DIST                 area_wfp=740036A4 ret_pc=70168732 real_wsp=70001FD0 (was 74003690) shadow_wsp=70001FD0 master_wfp=70001FE4 depth=0
redirect seq=001516 caller=QUEST2 WSAVS DIST                 pc=70168717 area_wfp=740036A4 argc=4 frame=0 real_wsp=70001FDA shadow_wsp=70001FE4 master_wfp=70001FE4 ret=70166E20 depth=1
redirect seq=001518 caller=QUEST2 WRTN  DIST                 area_wfp=740036A4 ret_pc=70168732 real_wsp=70001FD0 (was 74003690) shadow_wsp=70001FD0 master_wfp=70001FE4 depth=0
redirect seq=001520 caller=QUEST2 WSAVS DIST                 pc=70168717 area_wfp=740036A4 argc=4 frame=0 real_wsp=70001FDA shadow_wsp=70001FE4 master_wfp=70001FE4 ret=70166E20 depth=1
redirect seq=001522 caller=QUEST2 WRTN  DIST                 area_wfp=740036A4 ret_pc=70168732 real_wsp=70001FD0 (was 74003690) shadow_wsp=70001FD0 master_wfp=70001FE4 depth=0
redirect seq=001527 caller=QUEST2 WSAVS DIST                 pc=70168717 area_wfp=740036A4 argc=4 frame=0 real_wsp=70001FDA shadow_wsp=70001FE4 master_wfp=70001FE4 ret=70166E20 depth=1
redirect seq=001529 caller=QUEST2 WRTN  DIST                 area_wfp=740036A4 ret_pc=70168732 real_wsp=70001FD0 (was 74003690) shadow_wsp=70001FD0 master_wfp=70001FE4 depth=0
redirect seq=001531 caller=QUEST2 WSAVS DIST                 pc=70168717 area_wfp=740036A4 argc=4 frame=0 real_wsp=70001FDA shadow_wsp=70001FE4 master_wfp=70001FE4 ret=70166E20 depth=1
redirect seq=001533 caller=QUEST2 WRTN  DIST                 area_wfp=740036A4 ret_pc=70168732 real_wsp=70001FD0 (was 74003690) shadow_wsp=70001FD0 master_wfp=70001FE4 depth=0
redirect seq=001535 caller=QUEST2 WSAVS DIST                 pc=70168717 area_wfp=740036A4 argc=4 frame=0 real_wsp=70001FDA shadow_wsp=70001FE4 master_wfp=70001FE4 ret=70166E20 depth=1
redirect seq=001537 caller=QUEST2 WRTN  DIST                 area_wfp=740036A4 ret_pc=70168732 real_wsp=70001FD0 (was 74003690) shadow_wsp=70001FD0 master_wfp=70001FE4 depth=0
redirect seq=001542 caller=QUEST2 WSAVS DIST                 pc=70168717 area_wfp=740036A4 argc=4 frame=0 real_wsp=70001FDA shadow_wsp=70001FE4 master_wfp=70001FE4 ret=70166E20 depth=1
redirect seq=001544 caller=QUEST2 WRTN  DIST                 area_wfp=740036A4 ret_pc=70168732 real_wsp=70001FD0 (was 74003690) shadow_wsp=70001FD0 master_wfp=70001FE4 depth=0
redirect seq=001546 caller=QUEST2 WSAVS DIST                 pc=70168717 area_wfp=740036A4 argc=4 frame=0 real_wsp=70001FDA shadow_wsp=70001FE4 master_wfp=70001FE4 ret=70166E20 depth=1
redirect seq=001548 caller=QUEST2 WRTN  DIST                 area_wfp=740036A4 ret_pc=70168732 real_wsp=70001FD0 (was 74003690) shadow_wsp=70001FD0 master_wfp=70001FE4 depth=0
redirect seq=001550 caller=QUEST2 WSAVS DIST                 pc=70168717 area_wfp=740036A4 argc=4 frame=0 real_wsp=70001FDA shadow_wsp=70001FE4 master_wfp=70001FE4 ret=70166E20 depth=1
redirect seq=001552 caller=QUEST2 WRTN  DIST                 area_wfp=740036A4 ret_pc=70168732 real_wsp=70001FD0 (was 74003690) shadow_wsp=70001FD0 master_wfp=70001FE4 depth=0
redirect seq=001556 caller=QUEST2 WSAVS DIST                 pc=70168717 area_wfp=740036A4 argc=4 frame=0 real_wsp=70001FDA shadow_wsp=70001FE4 master_wfp=70001FE4 ret=70166E20 depth=1
redirect seq=001558 caller=QUEST2 WRTN  DIST                 area_wfp=740036A4 ret_pc=70168732 real_wsp=70001FD0 (was 74003690) shadow_wsp=70001FD0 master_wfp=70001FE4 depth=0
redirect seq=001560 caller=QUEST2 WSAVS DIST                 pc=70168717 area_wfp=740036A4 argc=4 frame=0 real_wsp=70001FDA shadow_wsp=70001FE4 master_wfp=70001FE4 ret=70166E20 depth=1
redirect seq=001562 caller=QUEST2 WRTN  DIST                 area_wfp=740036A4 ret_pc=70168732 real_wsp=70001FD0 (was 74003690) shadow_wsp=70001FD0 master_wfp=70001FE4 depth=0
redirect seq=001565 caller=QUEST2 WSAVS DIST                 pc=70168717 area_wfp=740036A4 argc=4 frame=0 real_wsp=70001FDA shadow_wsp=70001FE4 master_wfp=70001FE4 ret=70166E20 depth=1
redirect seq=001567 caller=QUEST2 WRTN  DIST                 area_wfp=740036A4 ret_pc=70168732 real_wsp=70001FD0 (was 74003690) shadow_wsp=70001FD0 master_wfp=70001FE4 depth=0
redirect seq=001572 caller=QUEST2 WSAVS DIST                 pc=70168717 area_wfp=740036A4 argc=4 frame=0 real_wsp=70001FDA shadow_wsp=70001FE4 master_wfp=70001FE4 ret=70166E20 depth=1
redirect seq=001574 caller=QUEST2 WRTN  DIST                 area_wfp=740036A4 ret_pc=70168732 real_wsp=70001FD0 (was 74003690) shadow_wsp=70001FD0 master_wfp=70001FE4 depth=0
redirect seq=001576 caller=QUEST2 WSAVS DIST                 pc=70168717 area_wfp=740036A4 argc=4 frame=0 real_wsp=70001FDA shadow_wsp=70001FE4 master_wfp=70001FE4 ret=70166E20 depth=1
redirect seq=001578 caller=QUEST2 WRTN  DIST                 area_wfp=740036A4 ret_pc=70168732 real_wsp=70001FD0 (was 74003690) shadow_wsp=70001FD0 master_wfp=70001FE4 depth=0
redirect seq=001580 caller=QUEST2 WSAVS DIST                 pc=70168717 area_wfp=740036A4 argc=4 frame=0 real_wsp=70001FDA shadow_wsp=70001FE4 master_wfp=70001FE4 ret=70166E20 depth=1
redirect seq=001582 caller=QUEST2 WRTN  DIST                 area_wfp=740036A4 ret_pc=70168732 real_wsp=70001FD0 (was 74003690) shadow_wsp=70001FD0 master_wfp=70001FE4 depth=0
redirect seq=001586 caller=QUEST2 WSAVS DIST                 pc=70168717 area_wfp=740036A4 argc=4 frame=0 real_wsp=70001FDA shadow_wsp=70001FE4 master_wfp=70001FE4 ret=70166E20 depth=1
redirect seq=001588 caller=QUEST2 WRTN  DIST                 area_wfp=740036A4 ret_pc=70168732 real_wsp=70001FD0 (was 74003690) shadow_wsp=70001FD0 master_wfp=70001FE4 depth=0
redirect seq=001590 caller=QUEST2 WSAVS DIST                 pc=70168717 area_wfp=740036A4 argc=4 frame=0 real_wsp=70001FDA shadow_wsp=70001FE4 master_wfp=70001FE4 ret=70166E20 depth=1
redirect seq=001592 caller=QUEST2 WRTN  DIST                 area_wfp=740036A4 ret_pc=70168732 real_wsp=70001FD0 (was 74003690) shadow_wsp=70001FD0 master_wfp=70001FE4 depth=0
redirect seq=001595 caller=QUEST2 WSAVS DIST                 pc=70168717 area_wfp=740036A4 argc=4 frame=0 real_wsp=70001FDA shadow_wsp=70001FE4 master_wfp=70001FE4 ret=70166E20 depth=1
redirect seq=001597 caller=QUEST2 WRTN  DIST                 area_wfp=740036A4 ret_pc=70168732 real_wsp=70001FD0 (was 74003690) shadow_wsp=70001FD0 master_wfp=70001FE4 depth=0
redirect seq=001602 caller=QUEST2 WSAVS DIST                 pc=70168717 area_wfp=740036A4 argc=4 frame=0 real_wsp=70001FDA shadow_wsp=70001FE4 master_wfp=70001FE4 ret=70166E20 depth=1
redirect seq=001604 caller=QUEST2 WRTN  DIST                 area_wfp=740036A4 ret_pc=70168732 real_wsp=70001FD0 (was 74003690) shadow_wsp=70001FD0 master_wfp=70001FE4 depth=0
redirect seq=001606 caller=QUEST2 WSAVS DIST                 pc=70168717 area_wfp=740036A4 argc=4 frame=0 real_wsp=70001FDA shadow_wsp=70001FE4 master_wfp=70001FE4 ret=70166E20 depth=1
redirect seq=001608 caller=QUEST2 WRTN  DIST                 area_wfp=740036A4 ret_pc=70168732 real_wsp=70001FD0 (was 74003690) shadow_wsp=70001FD0 master_wfp=70001FE4 depth=0
redirect seq=001610 caller=QUEST2 WSAVS DIST                 pc=70168717 area_wfp=740036A4 argc=4 frame=0 real_wsp=70001FDA shadow_wsp=70001FE4 master_wfp=70001FE4 ret=70166E20 depth=1
redirect seq=001612 caller=QUEST2 WRTN  DIST                 area_wfp=740036A4 ret_pc=70168732 real_wsp=70001FD0 (was 74003690) shadow_wsp=70001FD0 master_wfp=70001FE4 depth=0
redirect seq=001616 caller=QUEST2 WSAVS DIST                 pc=70168717 area_wfp=740036A4 argc=4 frame=0 real_wsp=70001FDA shadow_wsp=70001FE4 master_wfp=70001FE4 ret=70166E20 depth=1
redirect seq=001618 caller=QUEST2 WRTN  DIST                 area_wfp=740036A4 ret_pc=70168732 real_wsp=70001FD0 (was 74003690) shadow_wsp=70001FD0 master_wfp=70001FE4 depth=0
redirect seq=001620 caller=QUEST2 WSAVS DIST                 pc=70168717 area_wfp=740036A4 argc=4 frame=0 real_wsp=70001FDA shadow_wsp=70001FE4 master_wfp=70001FE4 ret=70166E20 depth=1
redirect seq=001622 caller=QUEST2 WRTN  DIST                 area_wfp=740036A4 ret_pc=70168732 real_wsp=70001FD0 (was 74003690) shadow_wsp=70001FD0 master_wfp=70001FE4 depth=0
redirect seq=001625 caller=QUEST2 WSAVS DIST                 pc=70168717 area_wfp=740036A4 argc=4 frame=0 real_wsp=70001FDA shadow_wsp=70001FE4 master_wfp=70001FE4 ret=70166E20 depth=1
redirect seq=001627 caller=QUEST2 WRTN  DIST                 area_wfp=740036A4 ret_pc=70168732 real_wsp=70001FD0 (was 74003690) shadow_wsp=70001FD0 master_wfp=70001FE4 depth=0
redirect seq=001632 caller=QUEST2 WSAVS DIST                 pc=70168717 area_wfp=740036A4 argc=4 frame=0 real_wsp=70001FDA shadow_wsp=70001FE4 master_wfp=70001FE4 ret=70166E20 depth=1
redirect seq=001634 caller=QUEST2 WRTN  DIST                 area_wfp=740036A4 ret_pc=70168732 real_wsp=70001FD0 (was 74003690) shadow_wsp=70001FD0 master_wfp=70001FE4 depth=0
redirect seq=001636 caller=QUEST2 WSAVS DIST                 pc=70168717 area_wfp=740036A4 argc=4 frame=0 real_wsp=70001FDA shadow_wsp=70001FE4 master_wfp=70001FE4 ret=70166E20 depth=1
redirect seq=001638 caller=QUEST2 WRTN  DIST                 area_wfp=740036A4 ret_pc=70168732 real_wsp=70001FD0 (was 74003690) shadow_wsp=70001FD0 master_wfp=70001FE4 depth=0
redirect seq=001640 caller=QUEST2 WSAVS DIST                 pc=70168717 area_wfp=740036A4 argc=4 frame=0 real_wsp=70001FDA shadow_wsp=70001FE4 master_wfp=70001FE4 ret=70166E20 depth=1
redirect seq=001642 caller=QUEST2 WRTN  DIST                 area_wfp=740036A4 ret_pc=70168732 real_wsp=70001FD0 (was 74003690) shadow_wsp=70001FD0 master_wfp=70001FE4 depth=0
redirect seq=001645 caller=QUEST2 WSAVS DIST                 pc=70168717 area_wfp=740036A4 argc=4 frame=0 real_wsp=70001FDA shadow_wsp=70001FE4 master_wfp=70001FE4 ret=70166E20 depth=1
redirect seq=001647 caller=QUEST2 WRTN  DIST                 area_wfp=740036A4 ret_pc=70168732 real_wsp=70001FD0 (was 74003690) shadow_wsp=70001FD0 master_wfp=70001FE4 depth=0
redirect seq=001651 caller=QUEST2 WSAVS DIST                 pc=70168717 area_wfp=740036A4 argc=4 frame=0 real_wsp=70001FDA shadow_wsp=70001FE4 master_wfp=70001FE4 ret=70166E20 depth=1
redirect seq=001653 caller=QUEST2 WRTN  DIST                 area_wfp=740036A4 ret_pc=70168732 real_wsp=70001FD0 (was 74003690) shadow_wsp=70001FD0 master_wfp=70001FE4 depth=0
redirect seq=001655 caller=QUEST2 WSAVS DIST                 pc=70168717 area_wfp=740036A4 argc=4 frame=0 real_wsp=70001FDA shadow_wsp=70001FE4 master_wfp=70001FE4 ret=70166E20 depth=1
redirect seq=001657 caller=QUEST2 WRTN  DIST                 area_wfp=740036A4 ret_pc=70168732 real_wsp=70001FD0 (was 74003690) shadow_wsp=70001FD0 master_wfp=70001FE4 depth=0
redirect seq=001662 caller=QUEST2 WSAVS DIST                 pc=70168717 area_wfp=740036A4 argc=4 frame=0 real_wsp=70001FDA shadow_wsp=70001FE4 master_wfp=70001FE4 ret=70166E20 depth=1
redirect seq=001664 caller=QUEST2 WRTN  DIST                 area_wfp=740036A4 ret_pc=70168732 real_wsp=70001FD0 (was 74003690) shadow_wsp=70001FD0 master_wfp=70001FE4 depth=0
redirect seq=001666 caller=QUEST2 WSAVS DIST                 pc=70168717 area_wfp=740036A4 argc=4 frame=0 real_wsp=70001FDA shadow_wsp=70001FE4 master_wfp=70001FE4 ret=70166E20 depth=1
redirect seq=001668 caller=QUEST2 WRTN  DIST                 area_wfp=740036A4 ret_pc=70168732 real_wsp=70001FD0 (was 74003690) shadow_wsp=70001FD0 master_wfp=70001FE4 depth=0
redirect seq=001670 caller=QUEST2 WSAVS DIST                 pc=70168717 area_wfp=740036A4 argc=4 frame=0 real_wsp=70001FDA shadow_wsp=70001FE4 master_wfp=70001FE4 ret=70166E20 depth=1
redirect seq=001672 caller=QUEST2 WRTN  DIST                 area_wfp=740036A4 ret_pc=70168732 real_wsp=70001FD0 (was 74003690) shadow_wsp=70001FD0 master_wfp=70001FE4 depth=0
redirect seq=001675 caller=QUEST2 WSAVS DIST                 pc=70168717 area_wfp=740036A4 argc=4 frame=0 real_wsp=70001FDA shadow_wsp=70001FE4 master_wfp=70001FE4 ret=70166E20 depth=1
redirect seq=001677 caller=QUEST2 WRTN  DIST                 area_wfp=740036A4 ret_pc=70168732 real_wsp=70001FD0 (was 74003690) shadow_wsp=70001FD0 master_wfp=70001FE4 depth=0
redirect seq=001681 caller=QUEST2 WSAVS DIST                 pc=70168717 area_wfp=740036A4 argc=4 frame=0 real_wsp=70001FDA shadow_wsp=70001FE4 master_wfp=70001FE4 ret=70166E20 depth=1
redirect seq=001683 caller=QUEST2 WRTN  DIST                 area_wfp=740036A4 ret_pc=70168732 real_wsp=70001FD0 (was 74003690) shadow_wsp=70001FD0 master_wfp=70001FE4 depth=0
redirect seq=001685 caller=QUEST2 WSAVS DIST                 pc=70168717 area_wfp=740036A4 argc=4 frame=0 real_wsp=70001FDA shadow_wsp=70001FE4 master_wfp=70001FE4 ret=70166E20 depth=1
redirect seq=001687 caller=QUEST2 WRTN  DIST                 area_wfp=740036A4 ret_pc=70168732 real_wsp=70001FD0 (was 74003690) shadow_wsp=70001FD0 master_wfp=70001FE4 depth=0
redirect seq=001692 caller=QUEST2 WSAVS DIST                 pc=70168717 area_wfp=740036A4 argc=4 frame=0 real_wsp=70001FDA shadow_wsp=70001FE4 master_wfp=70001FE4 ret=70166E20 depth=1
redirect seq=001694 caller=QUEST2 WRTN  DIST                 area_wfp=740036A4 ret_pc=70168732 real_wsp=70001FD0 (was 74003690) shadow_wsp=70001FD0 master_wfp=70001FE4 depth=0
redirect seq=001696 caller=QUEST2 WSAVS DIST                 pc=70168717 area_wfp=740036A4 argc=4 frame=0 real_wsp=70001FDA shadow_wsp=70001FE4 master_wfp=70001FE4 ret=70166E20 depth=1
redirect seq=001698 caller=QUEST2 WRTN  DIST                 area_wfp=740036A4 ret_pc=70168732 real_wsp=70001FD0 (was 74003690) shadow_wsp=70001FD0 master_wfp=70001FE4 depth=0
redirect seq=001700 caller=QUEST2 WSAVS DIST                 pc=70168717 area_wfp=740036A4 argc=4 frame=0 real_wsp=70001FDA shadow_wsp=70001FE4 master_wfp=70001FE4 ret=70166E20 depth=1
redirect seq=001702 caller=QUEST2 WRTN  DIST                 area_wfp=740036A4 ret_pc=70168732 real_wsp=70001FD0 (was 74003690) shadow_wsp=70001FD0 master_wfp=70001FE4 depth=0
redirect seq=001707 caller=QUEST2 WSAVS DIST                 pc=70168717 area_wfp=740036A4 argc=4 frame=0 real_wsp=70001FDA shadow_wsp=70001FE4 master_wfp=70001FE4 ret=70166E20 depth=1
redirect seq=001709 caller=QUEST2 WRTN  DIST                 area_wfp=740036A4 ret_pc=70168732 real_wsp=70001FD0 (was 74003690) shadow_wsp=70001FD0 master_wfp=70001FE4 depth=0
redirect seq=001711 caller=QUEST2 WSAVS DIST                 pc=70168717 area_wfp=740036A4 argc=4 frame=0 real_wsp=70001FDA shadow_wsp=70001FE4 master_wfp=70001FE4 ret=70166E20 depth=1
redirect seq=001713 caller=QUEST2 WRTN  DIST                 area_wfp=740036A4 ret_pc=70168732 real_wsp=70001FD0 (was 74003690) shadow_wsp=70001FD0 master_wfp=70001FE4 depth=0
redirect seq=001715 caller=QUEST2 WSAVS DIST                 pc=70168717 area_wfp=740036A4 argc=4 frame=0 real_wsp=70001FDA shadow_wsp=70001FE4 master_wfp=70001FE4 ret=70166E20 depth=1
redirect seq=001717 caller=QUEST2 WRTN  DIST                 area_wfp=740036A4 ret_pc=70168732 real_wsp=70001FD0 (was 74003690) shadow_wsp=70001FD0 master_wfp=70001FE4 depth=0
redirect seq=001722 caller=QUEST2 WSAVS DIST                 pc=70168717 area_wfp=740036A4 argc=4 frame=0 real_wsp=70001FDA shadow_wsp=70001FE4 master_wfp=70001FE4 ret=70166E20 depth=1
redirect seq=001724 caller=QUEST2 WRTN  DIST                 area_wfp=740036A4 ret_pc=70168732 real_wsp=70001FD0 (was 74003690) shadow_wsp=70001FD0 master_wfp=70001FE4 depth=0
redirect seq=001726 caller=QUEST2 WSAVS DIST                 pc=70168717 area_wfp=740036A4 argc=4 frame=0 real_wsp=70001FDA shadow_wsp=70001FE4 master_wfp=70001FE4 ret=70166E20 depth=1
redirect seq=001728 caller=QUEST2 WRTN  DIST                 area_wfp=740036A4 ret_pc=70168732 real_wsp=70001FD0 (was 74003690) shadow_wsp=70001FD0 master_wfp=70001FE4 depth=0
redirect seq=001730 caller=QUEST2 WSAVS DIST                 pc=70168717 area_wfp=740036A4 argc=4 frame=0 real_wsp=70001FDA shadow_wsp=70001FE4 master_wfp=70001FE4 ret=70166E20 depth=1
redirect seq=001732 caller=QUEST2 WRTN  DIST                 area_wfp=740036A4 ret_pc=70168732 real_wsp=70001FD0 (was 74003690) shadow_wsp=70001FD0 master_wfp=70001FE4 depth=0
redirect seq=001737 caller=QUEST2 WSAVS DIST                 pc=70168717 area_wfp=740036A4 argc=4 frame=0 real_wsp=70001FDA shadow_wsp=70001FE4 master_wfp=70001FE4 ret=70166E20 depth=1
redirect seq=001739 caller=QUEST2 WRTN  DIST                 area_wfp=740036A4 ret_pc=70168732 real_wsp=70001FD0 (was 74003690) shadow_wsp=70001FD0 master_wfp=70001FE4 depth=0
redirect seq=001741 caller=QUEST2 WSAVS DIST                 pc=70168717 area_wfp=740036A4 argc=4 frame=0 real_wsp=70001FDA shadow_wsp=70001FE4 master_wfp=70001FE4 ret=70166E20 depth=1
redirect seq=001743 caller=QUEST2 WRTN  DIST                 area_wfp=740036A4 ret_pc=70168732 real_wsp=70001FD0 (was 74003690) shadow_wsp=70001FD0 master_wfp=70001FE4 depth=0
redirect seq=001745 caller=QUEST2 WSAVS DIST                 pc=70168717 area_wfp=740036A4 argc=4 frame=0 real_wsp=70001FDA shadow_wsp=70001FE4 master_wfp=70001FE4 ret=70166E20 depth=1
redirect seq=001747 caller=QUEST2 WRTN  DIST                 area_wfp=740036A4 ret_pc=70168732 real_wsp=70001FD0 (was 74003690) shadow_wsp=70001FD0 master_wfp=70001FE4 depth=0
redirect seq=001752 caller=QUEST2 WSAVS DIST                 pc=70168717 area_wfp=740036A4 argc=4 frame=0 real_wsp=70001FDA shadow_wsp=70001FE4 master_wfp=70001FE4 ret=70166E20 depth=1
redirect seq=001754 caller=QUEST2 WRTN  DIST                 area_wfp=740036A4 ret_pc=70168732 real_wsp=70001FD0 (was 74003690) shadow_wsp=70001FD0 master_wfp=70001FE4 depth=0
redirect seq=001756 caller=QUEST2 WSAVS DIST                 pc=70168717 area_wfp=740036A4 argc=4 frame=0 real_wsp=70001FDA shadow_wsp=70001FE4 master_wfp=70001FE4 ret=70166E20 depth=1
redirect seq=001758 caller=QUEST2 WRTN  DIST                 area_wfp=740036A4 ret_pc=70168732 real_wsp=70001FD0 (was 74003690) shadow_wsp=70001FD0 master_wfp=70001FE4 depth=0
redirect seq=001760 caller=QUEST2 WSAVS DIST                 pc=70168717 area_wfp=740036A4 argc=4 frame=0 real_wsp=70001FDA shadow_wsp=70001FE4 master_wfp=70001FE4 ret=70166E20 depth=1
redirect seq=001762 caller=QUEST2 WRTN  DIST                 area_wfp=740036A4 ret_pc=70168732 real_wsp=70001FD0 (was 74003690) shadow_wsp=70001FD0 master_wfp=70001FE4 depth=0
redirect seq=001767 caller=QUEST2 WSAVS DIST                 pc=70168717 area_wfp=740036A4 argc=4 frame=0 real_wsp=70001FDA shadow_wsp=70001FE4 master_wfp=70001FE4 ret=70166E20 depth=1
redirect seq=001769 caller=QUEST2 WRTN  DIST                 area_wfp=740036A4 ret_pc=70168732 real_wsp=70001FD0 (was 74003690) shadow_wsp=70001FD0 master_wfp=70001FE4 depth=0
redirect seq=001771 caller=QUEST2 WSAVS DIST                 pc=70168717 area_wfp=740036A4 argc=4 frame=0 real_wsp=70001FDA shadow_wsp=70001FE4 master_wfp=70001FE4 ret=70166E20 depth=1
redirect seq=001773 caller=QUEST2 WRTN  DIST                 area_wfp=740036A4 ret_pc=70168732 real_wsp=70001FD0 (was 74003690) shadow_wsp=70001FD0 master_wfp=70001FE4 depth=0
redirect seq=001775 caller=QUEST2 WSAVS DIST                 pc=70168717 area_wfp=740036A4 argc=4 frame=0 real_wsp=70001FDA shadow_wsp=70001FE4 master_wfp=70001FE4 ret=70166E20 depth=1
redirect seq=001777 caller=QUEST2 WRTN  DIST                 area_wfp=740036A4 ret_pc=70168732 real_wsp=70001FD0 (was 74003690) shadow_wsp=70001FD0 master_wfp=70001FE4 depth=0
redirect seq=001781 caller=QUEST2 WSAVS DIST                 pc=70168717 area_wfp=740036A4 argc=4 frame=0 real_wsp=70001FDA shadow_wsp=70001FE4 master_wfp=70001FE4 ret=70166E20 depth=1
redirect seq=001783 caller=QUEST2 WRTN  DIST                 area_wfp=740036A4 ret_pc=70168732 real_wsp=70001FD0 (was 74003690) shadow_wsp=70001FD0 master_wfp=70001FE4 depth=0
redirect seq=001785 caller=QUEST2 WSAVS DIST                 pc=70168717 area_wfp=740036A4 argc=4 frame=0 real_wsp=70001FDA shadow_wsp=70001FE4 master_wfp=70001FE4 ret=70166E20 depth=1
redirect seq=001788 caller=QUEST2 WRTN  DIST                 area_wfp=740036A4 ret_pc=70168732 real_wsp=70001FD0 (was 74003690) shadow_wsp=70001FD0 master_wfp=70001FE4 depth=0
redirect seq=001790 caller=QUEST2 WSAVS DIST                 pc=70168717 area_wfp=740036A4 argc=4 frame=0 real_wsp=70001FDA shadow_wsp=70001FE4 master_wfp=70001FE4 ret=70166E20 depth=1
redirect seq=001792 caller=QUEST2 WRTN  DIST                 area_wfp=740036A4 ret_pc=70168732 real_wsp=70001FD0 (was 74003690) shadow_wsp=70001FD0 master_wfp=70001FE4 depth=0
redirect seq=001797 caller=QUEST2 WSAVS DIST                 pc=70168717 area_wfp=740036A4 argc=4 frame=0 real_wsp=70001FDA shadow_wsp=70001FE4 master_wfp=70001FE4 ret=70166E20 depth=1
redirect seq=001799 caller=QUEST2 WRTN  DIST                 area_wfp=740036A4 ret_pc=70168732 real_wsp=70001FD0 (was 74003690) shadow_wsp=70001FD0 master_wfp=70001FE4 depth=0
redirect seq=001801 caller=QUEST2 WSAVS DIST                 pc=70168717 area_wfp=740036A4 argc=4 frame=0 real_wsp=70001FDA shadow_wsp=70001FE4 master_wfp=70001FE4 ret=70166E20 depth=1
redirect seq=001803 caller=QUEST2 WRTN  DIST                 area_wfp=740036A4 ret_pc=70168732 real_wsp=70001FD0 (was 74003690) shadow_wsp=70001FD0 master_wfp=70001FE4 depth=0
redirect seq=001805 caller=QUEST2 WSAVS DIST                 pc=70168717 area_wfp=740036A4 argc=4 frame=0 real_wsp=70001FDA shadow_wsp=70001FE4 master_wfp=70001FE4 ret=70166E20 depth=1
redirect seq=001807 caller=QUEST2 WRTN  DIST                 area_wfp=740036A4 ret_pc=70168732 real_wsp=70001FD0 (was 74003690) shadow_wsp=70001FD0 master_wfp=70001FE4 depth=0
redirect seq=001811 caller=QUEST2 WSAVS DIST                 pc=70168717 area_wfp=740036A4 argc=4 frame=0 real_wsp=70001FDA shadow_wsp=70001FE4 master_wfp=70001FE4 ret=70166E20 depth=1
redirect seq=001813 caller=QUEST2 WRTN  DIST                 area_wfp=740036A4 ret_pc=70168732 real_wsp=70001FD0 (was 74003690) shadow_wsp=70001FD0 master_wfp=70001FE4 depth=0
redirect seq=001815 caller=QUEST2 WSAVS DIST                 pc=70168717 area_wfp=740036A4 argc=4 frame=0 real_wsp=70001FDA shadow_wsp=70001FE4 master_wfp=70001FE4 ret=70166E20 depth=1
redirect seq=001818 caller=QUEST2 WRTN  DIST                 area_wfp=740036A4 ret_pc=70168732 real_wsp=70001FD0 (was 74003690) shadow_wsp=70001FD0 master_wfp=70001FE4 depth=0
redirect seq=001820 caller=QUEST2 WSAVS DIST                 pc=70168717 area_wfp=740036A4 argc=4 frame=0 real_wsp=70001FDA shadow_wsp=70001FE4 master_wfp=70001FE4 ret=70166E20 depth=1
redirect seq=001822 caller=QUEST2 WRTN  DIST                 area_wfp=740036A4 ret_pc=70168732 real_wsp=70001FD0 (was 74003690) shadow_wsp=70001FD0 master_wfp=70001FE4 depth=0
redirect seq=001827 caller=QUEST2 WSAVS DIST                 pc=70168717 area_wfp=740036A4 argc=4 frame=0 real_wsp=70001FDA shadow_wsp=70001FE4 master_wfp=70001FE4 ret=70166E20 depth=1
redirect seq=001829 caller=QUEST2 WRTN  DIST                 area_wfp=740036A4 ret_pc=70168732 real_wsp=70001FD0 (was 74003690) shadow_wsp=70001FD0 master_wfp=70001FE4 depth=0
redirect seq=001831 caller=QUEST2 WSAVS DIST                 pc=70168717 area_wfp=740036A4 argc=4 frame=0 real_wsp=70001FDA shadow_wsp=70001FE4 master_wfp=70001FE4 ret=70166E20 depth=1
redirect seq=001833 caller=QUEST2 WRTN  DIST                 area_wfp=740036A4 ret_pc=70168732 real_wsp=70001FD0 (was 74003690) shadow_wsp=70001FD0 master_wfp=70001FE4 depth=0
redirect seq=001835 caller=QUEST2 WSAVS DIST                 pc=70168717 area_wfp=740036A4 argc=4 frame=0 real_wsp=70001FDA shadow_wsp=70001FE4 master_wfp=70001FE4 ret=70166E20 depth=1
redirect seq=001837 caller=QUEST2 WRTN  DIST                 area_wfp=740036A4 ret_pc=70168732 real_wsp=70001FD0 (was 74003690) shadow_wsp=70001FD0 master_wfp=70001FE4 depth=0
redirect seq=001841 caller=QUEST2 WSAVS DIST                 pc=70168717 area_wfp=740036A4 argc=4 frame=0 real_wsp=70001FDA shadow_wsp=70001FE4 master_wfp=70001FE4 ret=70166E20 depth=1
redirect seq=001843 caller=QUEST2 WRTN  DIST                 area_wfp=740036A4 ret_pc=70168732 real_wsp=70001FD0 (was 74003690) shadow_wsp=70001FD0 master_wfp=70001FE4 depth=0
redirect seq=001845 caller=QUEST2 WSAVS DIST                 pc=70168717 area_wfp=740036A4 argc=4 frame=0 real_wsp=70001FDA shadow_wsp=70001FE4 master_wfp=70001FE4 ret=70166E20 depth=1
redirect seq=001848 caller=QUEST2 WRTN  DIST                 area_wfp=740036A4 ret_pc=70168732 real_wsp=70001FD0 (was 74003690) shadow_wsp=70001FD0 master_wfp=70001FE4 depth=0
redirect seq=001850 caller=QUEST2 WSAVS DIST                 pc=70168717 area_wfp=740036A4 argc=4 frame=0 real_wsp=70001FDA shadow_wsp=70001FE4 master_wfp=70001FE4 ret=70166E20 depth=1
redirect seq=001852 caller=QUEST2 WRTN  DIST                 area_wfp=740036A4 ret_pc=70168732 real_wsp=70001FD0 (was 74003690) shadow_wsp=70001FD0 master_wfp=70001FE4 depth=0
redirect seq=001857 caller=QUEST2 WSAVS DIST                 pc=70168717 area_wfp=740036A4 argc=4 frame=0 real_wsp=70001FDA shadow_wsp=70001FE4 master_wfp=70001FE4 ret=70166E20 depth=1
redirect seq=001859 caller=QUEST2 WRTN  DIST                 area_wfp=740036A4 ret_pc=70168732 real_wsp=70001FD0 (was 74003690) shadow_wsp=70001FD0 master_wfp=70001FE4 depth=0
redirect seq=001861 caller=QUEST2 WSAVS DIST                 pc=70168717 area_wfp=740036A4 argc=4 frame=0 real_wsp=70001FDA shadow_wsp=70001FE4 master_wfp=70001FE4 ret=70166E20 depth=1
redirect seq=001863 caller=QUEST2 WRTN  DIST                 area_wfp=740036A4 ret_pc=70168732 real_wsp=70001FD0 (was 74003690) shadow_wsp=70001FD0 master_wfp=70001FE4 depth=0
redirect seq=001865 caller=QUEST2 WSAVS DIST                 pc=70168717 area_wfp=740036A4 argc=4 frame=0 real_wsp=70001FDA shadow_wsp=70001FE4 master_wfp=70001FE4 ret=70166E20 depth=1
redirect seq=001867 caller=QUEST2 WRTN  DIST                 area_wfp=740036A4 ret_pc=70168732 real_wsp=70001FD0 (was 74003690) shadow_wsp=70001FD0 master_wfp=70001FE4 depth=0
redirect seq=001870 caller=QUEST2 WSAVS DIST                 pc=70168717 area_wfp=740036A4 argc=4 frame=0 real_wsp=70001FDA shadow_wsp=70001FE4 master_wfp=70001FE4 ret=70166E20 depth=1
redirect seq=001874 caller=QUEST2 WRTN  DIST                 area_wfp=740036A4 ret_pc=70168732 real_wsp=70001FD0 (was 74003690) shadow_wsp=70001FD0 master_wfp=70001FE4 depth=0
redirect seq=001876 caller=QUEST2 WSAVS DIST                 pc=70168717 area_wfp=740036A4 argc=4 frame=0 real_wsp=70001FDA shadow_wsp=70001FE4 master_wfp=70001FE4 ret=70166E20 depth=1
redirect seq=001878 caller=QUEST2 WRTN  DIST                 area_wfp=740036A4 ret_pc=70168732 real_wsp=70001FD0 (was 74003690) shadow_wsp=70001FD0 master_wfp=70001FE4 depth=0
redirect seq=001880 caller=QUEST2 WSAVS DIST                 pc=70168717 area_wfp=740036A4 argc=4 frame=0 real_wsp=70001FDA shadow_wsp=70001FE4 master_wfp=70001FE4 ret=70166E20 depth=1
redirect seq=001882 caller=QUEST2 WRTN  DIST                 area_wfp=740036A4 ret_pc=70168732 real_wsp=70001FD0 (was 74003690) shadow_wsp=70001FD0 master_wfp=70001FE4 depth=0
redirect seq=001887 caller=QUEST2 WSAVS DIST                 pc=70168717 area_wfp=740036A4 argc=4 frame=0 real_wsp=70001FDA shadow_wsp=70001FE4 master_wfp=70001FE4 ret=70166E20 depth=1
redirect seq=001889 caller=QUEST2 WRTN  DIST                 area_wfp=740036A4 ret_pc=70168732 real_wsp=70001FD0 (was 74003690) shadow_wsp=70001FD0 master_wfp=70001FE4 depth=0
redirect seq=001891 caller=QUEST2 WSAVS DIST                 pc=70168717 area_wfp=740036A4 argc=4 frame=0 real_wsp=70001FDA shadow_wsp=70001FE4 master_wfp=70001FE4 ret=70166E20 depth=1
redirect seq=001893 caller=QUEST2 WRTN  DIST                 area_wfp=740036A4 ret_pc=70168732 real_wsp=70001FD0 (was 74003690) shadow_wsp=70001FD0 master_wfp=70001FE4 depth=0
redirect seq=001895 caller=QUEST2 WSAVS DIST                 pc=70168717 area_wfp=740036A4 argc=4 frame=0 real_wsp=70001FDA shadow_wsp=70001FE4 master_wfp=70001FE4 ret=70166E20 depth=1
redirect seq=001897 caller=QUEST2 WRTN  DIST                 area_wfp=740036A4 ret_pc=70168732 real_wsp=70001FD0 (was 74003690) shadow_wsp=70001FD0 master_wfp=70001FE4 depth=0
redirect seq=001900 caller=QUEST2 WSAVS DIST                 pc=70168717 area_wfp=740036A4 argc=4 frame=0 real_wsp=70001FDA shadow_wsp=70001FE4 master_wfp=70001FE4 ret=70166E20 depth=1
redirect seq=001904 caller=QUEST2 WRTN  DIST                 area_wfp=740036A4 ret_pc=70168732 real_wsp=70001FD0 (was 74003690) shadow_wsp=70001FD0 master_wfp=70001FE4 depth=0
redirect seq=001906 caller=QUEST2 WSAVS DIST                 pc=70168717 area_wfp=740036A4 argc=4 frame=0 real_wsp=70001FDA shadow_wsp=70001FE4 master_wfp=70001FE4 ret=70166E20 depth=1
redirect seq=001908 caller=QUEST2 WRTN  DIST                 area_wfp=740036A4 ret_pc=70168732 real_wsp=70001FD0 (was 74003690) shadow_wsp=70001FD0 master_wfp=70001FE4 depth=0
redirect seq=001910 caller=QUEST2 WSAVS DIST                 pc=70168717 area_wfp=740036A4 argc=4 frame=0 real_wsp=70001FDA shadow_wsp=70001FE4 master_wfp=70001FE4 ret=70166E20 depth=1
redirect seq=001912 caller=QUEST2 WRTN  DIST                 area_wfp=740036A4 ret_pc=70168732 real_wsp=70001FD0 (was 74003690) shadow_wsp=70001FD0 master_wfp=70001FE4 depth=0
redirect seq=001917 caller=QUEST2 WSAVS DIST                 pc=70168717 area_wfp=740036A4 argc=4 frame=0 real_wsp=70001FDA shadow_wsp=70001FE4 master_wfp=70001FE4 ret=70166E20 depth=1
redirect seq=001919 caller=QUEST2 WRTN  DIST                 area_wfp=740036A4 ret_pc=70168732 real_wsp=70001FD0 (was 74003690) shadow_wsp=70001FD0 master_wfp=70001FE4 depth=0
redirect seq=001921 caller=QUEST2 WSAVS DIST                 pc=70168717 area_wfp=740036A4 argc=4 frame=0 real_wsp=70001FDA shadow_wsp=70001FE4 master_wfp=70001FE4 ret=70166E20 depth=1
redirect seq=001923 caller=QUEST2 WRTN  DIST                 area_wfp=740036A4 ret_pc=70168732 real_wsp=70001FD0 (was 74003690) shadow_wsp=70001FD0 master_wfp=70001FE4 depth=0
redirect seq=001925 caller=QUEST2 WSAVS DIST                 pc=70168717 area_wfp=740036A4 argc=4 frame=0 real_wsp=70001FDA shadow_wsp=70001FE4 master_wfp=70001FE4 ret=70166E20 depth=1
redirect seq=001927 caller=QUEST2 WRTN  DIST                 area_wfp=740036A4 ret_pc=70168732 real_wsp=70001FD0 (was 74003690) shadow_wsp=70001FD0 master_wfp=70001FE4 depth=0
redirect seq=001930 caller=QUEST2 WSAVS DIST                 pc=70168717 area_wfp=740036A4 argc=4 frame=0 real_wsp=70001FDA shadow_wsp=70001FE4 master_wfp=70001FE4 ret=70166E20 depth=1
redirect seq=001934 caller=QUEST2 WRTN  DIST                 area_wfp=740036A4 ret_pc=70168732 real_wsp=70001FD0 (was 74003690) shadow_wsp=70001FD0 master_wfp=70001FE4 depth=0
redirect seq=001936 caller=QUEST2 WSAVS DIST                 pc=70168717 area_wfp=740036A4 argc=4 frame=0 real_wsp=70001FDA shadow_wsp=70001FE4 master_wfp=70001FE4 ret=70166E20 depth=1
redirect seq=001938 caller=QUEST2 WRTN  DIST                 area_wfp=740036A4 ret_pc=70168732 real_wsp=70001FD0 (was 74003690) shadow_wsp=70001FD0 master_wfp=70001FE4 depth=0
redirect seq=001940 caller=QUEST2 WSAVS DIST                 pc=70168717 area_wfp=740036A4 argc=4 frame=0 real_wsp=70001FDA shadow_wsp=70001FE4 master_wfp=70001FE4 ret=70166E20 depth=1
redirect seq=001942 caller=QUEST2 WRTN  DIST                 area_wfp=740036A4 ret_pc=70168732 real_wsp=70001FD0 (was 74003690) shadow_wsp=70001FD0 master_wfp=70001FE4 depth=0
redirect seq=001947 caller=QUEST2 WSAVS DIST                 pc=70168717 area_wfp=740036A4 argc=4 frame=0 real_wsp=70001FDA shadow_wsp=70001FE4 master_wfp=70001FE4 ret=70166E20 depth=1
redirect seq=001949 caller=QUEST2 WRTN  DIST                 area_wfp=740036A4 ret_pc=70168732 real_wsp=70001FD0 (was 74003690) shadow_wsp=70001FD0 master_wfp=70001FE4 depth=0
redirect seq=001951 caller=QUEST2 WSAVS DIST                 pc=70168717 area_wfp=740036A4 argc=4 frame=0 real_wsp=70001FDA shadow_wsp=70001FE4 master_wfp=70001FE4 ret=70166E20 depth=1
redirect seq=001953 caller=QUEST2 WRTN  DIST                 area_wfp=740036A4 ret_pc=70168732 real_wsp=70001FD0 (was 74003690) shadow_wsp=70001FD0 master_wfp=70001FE4 depth=0
redirect seq=001955 caller=QUEST2 WSAVS DIST                 pc=70168717 area_wfp=740036A4 argc=4 frame=0 real_wsp=70001FDA shadow_wsp=70001FE4 master_wfp=70001FE4 ret=70166E20 depth=1
redirect seq=001957 caller=QUEST2 WRTN  DIST                 area_wfp=740036A4 ret_pc=70168732 real_wsp=70001FD0 (was 74003690) shadow_wsp=70001FD0 master_wfp=70001FE4 depth=0
redirect seq=001960 caller=QUEST2 WSAVS DIST                 pc=70168717 area_wfp=740036A4 argc=4 frame=0 real_wsp=70001FDA shadow_wsp=70001FE4 master_wfp=70001FE4 ret=70166E20 depth=1
redirect seq=001964 caller=QUEST2 WRTN  DIST                 area_wfp=740036A4 ret_pc=70168732 real_wsp=70001FD0 (was 74003690) shadow_wsp=70001FD0 master_wfp=70001FE4 depth=0
redirect seq=001966 caller=QUEST2 WSAVS DIST                 pc=70168717 area_wfp=740036A4 argc=4 frame=0 real_wsp=70001FDA shadow_wsp=70001FE4 master_wfp=70001FE4 ret=70166E20 depth=1
redirect seq=001968 caller=QUEST2 WRTN  DIST                 area_wfp=740036A4 ret_pc=70168732 real_wsp=70001FD0 (was 74003690) shadow_wsp=70001FD0 master_wfp=70001FE4 depth=0
redirect seq=001970 caller=QUEST2 WSAVS DIST                 pc=70168717 area_wfp=740036A4 argc=4 frame=0 real_wsp=70001FDA shadow_wsp=70001FE4 master_wfp=70001FE4 ret=70166E20 depth=1
redirect seq=001972 caller=QUEST2 WRTN  DIST                 area_wfp=740036A4 ret_pc=70168732 real_wsp=70001FD0 (was 74003690) shadow_wsp=70001FD0 master_wfp=70001FE4 depth=0
redirect seq=001977 caller=QUEST2 WSAVS DIST                 pc=70168717 area_wfp=740036A4 argc=4 frame=0 real_wsp=70001FDA shadow_wsp=70001FE4 master_wfp=70001FE4 ret=70166E20 depth=1
redirect seq=001979 caller=QUEST2 WRTN  DIST                 area_wfp=740036A4 ret_pc=70168732 real_wsp=70001FD0 (was 74003690) shadow_wsp=70001FD0 master_wfp=70001FE4 depth=0
redirect seq=001981 caller=QUEST2 WSAVS DIST                 pc=70168717 area_wfp=740036A4 argc=4 frame=0 real_wsp=70001FDA shadow_wsp=70001FE4 master_wfp=70001FE4 ret=70166E20 depth=1
redirect seq=001983 caller=QUEST2 WRTN  DIST                 area_wfp=740036A4 ret_pc=70168732 real_wsp=70001FD0 (was 74003690) shadow_wsp=70001FD0 master_wfp=70001FE4 depth=0
redirect seq=001985 caller=QUEST2 WSAVS DIST                 pc=70168717 area_wfp=740036A4 argc=4 frame=0 real_wsp=70001FDA shadow_wsp=70001FE4 master_wfp=70001FE4 ret=70166E20 depth=1
redirect seq=001987 caller=QUEST2 WRTN  DIST                 area_wfp=740036A4 ret_pc=70168732 real_wsp=70001FD0 (was 74003690) shadow_wsp=70001FD0 master_wfp=70001FE4 depth=0
redirect seq=001990 caller=QUEST2 WSAVS DIST                 pc=70168717 area_wfp=740036A4 argc=4 frame=0 real_wsp=70001FDA shadow_wsp=70001FE4 master_wfp=70001FE4 ret=70166E20 depth=1
redirect seq=001994 caller=QUEST2 WRTN  DIST                 area_wfp=740036A4 ret_pc=70168732 real_wsp=70001FD0 (was 74003690) shadow_wsp=70001FD0 master_wfp=70001FE4 depth=0
redirect seq=001996 caller=QUEST2 WSAVS DIST                 pc=70168717 area_wfp=740036A4 argc=4 frame=0 real_wsp=70001FDA shadow_wsp=70001FE4 master_wfp=70001FE4 ret=70166E20 depth=1
redirect seq=001998 caller=QUEST2 WRTN  DIST                 area_wfp=740036A4 ret_pc=70168732 real_wsp=70001FD0 (was 74003690) shadow_wsp=70001FD0 master_wfp=70001FE4 depth=0
redirect seq=002000 caller=QUEST2 WSAVS DIST                 pc=70168717 area_wfp=740036A4 argc=4 frame=0 real_wsp=70001FDA shadow_wsp=70001FE4 master_wfp=70001FE4 ret=70166E20 depth=1
redirect seq=002002 caller=QUEST2 WRTN  DIST                 area_wfp=740036A4 ret_pc=70168732 real_wsp=70001FD0 (was 74003690) shadow_wsp=70001FD0 master_wfp=70001FE4 depth=0
redirect seq=002007 caller=QUEST2 WSAVS DIST                 pc=70168717 area_wfp=740036A4 argc=4 frame=0 real_wsp=70001FDA shadow_wsp=70001FE4 master_wfp=70001FE4 ret=70166E20 depth=1
redirect seq=002009 caller=QUEST2 WRTN  DIST                 area_wfp=740036A4 ret_pc=70168732 real_wsp=70001FD0 (was 74003690) shadow_wsp=70001FD0 master_wfp=70001FE4 depth=0
redirect seq=002011 caller=QUEST2 WSAVS DIST                 pc=70168717 area_wfp=740036A4 argc=4 frame=0 real_wsp=70001FDA shadow_wsp=70001FE4 master_wfp=70001FE4 ret=70166E20 depth=1
redirect seq=002013 caller=QUEST2 WRTN  DIST                 area_wfp=740036A4 ret_pc=70168732 real_wsp=70001FD0 (was 74003690) shadow_wsp=70001FD0 master_wfp=70001FE4 depth=0
redirect seq=002015 caller=QUEST2 WSAVS DIST                 pc=70168717 area_wfp=740036A4 argc=4 frame=0 real_wsp=70001FDA shadow_wsp=70001FE4 master_wfp=70001FE4 ret=70166E20 depth=1
redirect seq=002017 caller=QUEST2 WRTN  DIST                 area_wfp=740036A4 ret_pc=70168732 real_wsp=70001FD0 (was 74003690) shadow_wsp=70001FD0 master_wfp=70001FE4 depth=0
redirect seq=002020 caller=QUEST2 WSAVS DIST                 pc=70168717 area_wfp=740036A4 argc=4 frame=0 real_wsp=70001FDA shadow_wsp=70001FE4 master_wfp=70001FE4 ret=70166E20 depth=1
redirect seq=002024 caller=QUEST2 WRTN  DIST                 area_wfp=740036A4 ret_pc=70168732 real_wsp=70001FD0 (was 74003690) shadow_wsp=70001FD0 master_wfp=70001FE4 depth=0
redirect seq=002026 caller=QUEST2 WSAVS DIST                 pc=70168717 area_wfp=740036A4 argc=4 frame=0 real_wsp=70001FDA shadow_wsp=70001FE4 master_wfp=70001FE4 ret=70166E20 depth=1
redirect seq=002028 caller=QUEST2 WRTN  DIST                 area_wfp=740036A4 ret_pc=70168732 real_wsp=70001FD0 (was 74003690) shadow_wsp=70001FD0 master_wfp=70001FE4 depth=0
redirect seq=002030 caller=QUEST2 WSAVS DIST                 pc=70168717 area_wfp=740036A4 argc=4 frame=0 real_wsp=70001FDA shadow_wsp=70001FE4 master_wfp=70001FE4 ret=70166E20 depth=1
redirect seq=002032 caller=QUEST2 WRTN  DIST                 area_wfp=740036A4 ret_pc=70168732 real_wsp=70001FD0 (was 74003690) shadow_wsp=70001FD0 master_wfp=70001FE4 depth=0
redirect seq=002036 caller=QUEST2 WSAVS DIST                 pc=70168717 area_wfp=740036A4 argc=4 frame=0 real_wsp=70001FDA shadow_wsp=70001FE4 master_wfp=70001FE4 ret=70166E20 depth=1
redirect seq=002038 caller=QUEST2 WRTN  DIST                 area_wfp=740036A4 ret_pc=70168732 real_wsp=70001FD0 (was 74003690) shadow_wsp=70001FD0 master_wfp=70001FE4 depth=0
redirect seq=002040 caller=QUEST2 WSAVS DIST                 pc=70168717 area_wfp=740036A4 argc=4 frame=0 real_wsp=70001FDA shadow_wsp=70001FE4 master_wfp=70001FE4 ret=70166E20 depth=1
redirect seq=002042 caller=QUEST2 WRTN  DIST                 area_wfp=740036A4 ret_pc=70168732 real_wsp=70001FD0 (was 74003690) shadow_wsp=70001FD0 master_wfp=70001FE4 depth=0
redirect seq=002045 caller=QUEST2 WSAVS DIST                 pc=70168717 area_wfp=740036A4 argc=4 frame=0 real_wsp=70001FDA shadow_wsp=70001FE4 master_wfp=70001FE4 ret=70166E20 depth=1
redirect seq=002047 caller=QUEST2 WRTN  DIST                 area_wfp=740036A4 ret_pc=70168732 real_wsp=70001FD0 (was 74003690) shadow_wsp=70001FD0 master_wfp=70001FE4 depth=0
redirect seq=002052 caller=QUEST2 WSAVS DIST                 pc=70168717 area_wfp=740036A4 argc=4 frame=0 real_wsp=70001FDA shadow_wsp=70001FE4 master_wfp=70001FE4 ret=70166E20 depth=1
redirect seq=002054 caller=QUEST2 WRTN  DIST                 area_wfp=740036A4 ret_pc=70168732 real_wsp=70001FD0 (was 74003690) shadow_wsp=70001FD0 master_wfp=70001FE4 depth=0
redirect seq=002056 caller=QUEST2 WSAVS DIST                 pc=70168717 area_wfp=740036A4 argc=4 frame=0 real_wsp=70001FDA shadow_wsp=70001FE4 master_wfp=70001FE4 ret=70166E20 depth=1
redirect seq=002058 caller=QUEST2 WRTN  DIST                 area_wfp=740036A4 ret_pc=70168732 real_wsp=70001FD0 (was 74003690) shadow_wsp=70001FD0 master_wfp=70001FE4 depth=0
redirect seq=002060 caller=QUEST2 WSAVS DIST                 pc=70168717 area_wfp=740036A4 argc=4 frame=0 real_wsp=70001FDA shadow_wsp=70001FE4 master_wfp=70001FE4 ret=70166E20 depth=1
redirect seq=002062 caller=QUEST2 WRTN  DIST                 area_wfp=740036A4 ret_pc=70168732 real_wsp=70001FD0 (was 74003690) shadow_wsp=70001FD0 master_wfp=70001FE4 depth=0
redirect seq=002066 caller=QUEST2 WSAVS DIST                 pc=70168717 area_wfp=740036A4 argc=4 frame=0 real_wsp=70001FDA shadow_wsp=70001FE4 master_wfp=70001FE4 ret=70166E20 depth=1
redirect seq=002068 caller=QUEST2 WRTN  DIST                 area_wfp=740036A4 ret_pc=70168732 real_wsp=70001FD0 (was 74003690) shadow_wsp=70001FD0 master_wfp=70001FE4 depth=0
redirect seq=002070 caller=QUEST2 WSAVS DIST                 pc=70168717 area_wfp=740036A4 argc=4 frame=0 real_wsp=70001FDA shadow_wsp=70001FE4 master_wfp=70001FE4 ret=70166E20 depth=1
redirect seq=002072 caller=QUEST2 WRTN  DIST                 area_wfp=740036A4 ret_pc=70168732 real_wsp=70001FD0 (was 74003690) shadow_wsp=70001FD0 master_wfp=70001FE4 depth=0
redirect seq=002075 caller=QUEST2 WSAVS DIST                 pc=70168717 area_wfp=740036A4 argc=4 frame=0 real_wsp=70001FDA shadow_wsp=70001FE4 master_wfp=70001FE4 ret=70166E20 depth=1
redirect seq=002077 caller=QUEST2 WRTN  DIST                 area_wfp=740036A4 ret_pc=70168732 real_wsp=70001FD0 (was 74003690) shadow_wsp=70001FD0 master_wfp=70001FE4 depth=0
redirect seq=002082 caller=QUEST2 WSAVS DIST                 pc=70168717 area_wfp=740036A4 argc=4 frame=0 real_wsp=70001FDA shadow_wsp=70001FE4 master_wfp=70001FE4 ret=70166E20 depth=1
redirect seq=002084 caller=QUEST2 WRTN  DIST                 area_wfp=740036A4 ret_pc=70168732 real_wsp=70001FD0 (was 74003690) shadow_wsp=70001FD0 master_wfp=70001FE4 depth=0
redirect seq=002086 caller=QUEST2 WSAVS DIST                 pc=70168717 area_wfp=740036A4 argc=4 frame=0 real_wsp=70001FDA shadow_wsp=70001FE4 master_wfp=70001FE4 ret=70166E20 depth=1
redirect seq=002088 caller=QUEST2 WRTN  DIST                 area_wfp=740036A4 ret_pc=70168732 real_wsp=70001FD0 (was 74003690) shadow_wsp=70001FD0 master_wfp=70001FE4 depth=0
redirect seq=002090 caller=QUEST2 WSAVS DIST                 pc=70168717 area_wfp=740036A4 argc=4 frame=0 real_wsp=70001FDA shadow_wsp=70001FE4 master_wfp=70001FE4 ret=70166E20 depth=1
redirect seq=002092 caller=QUEST2 WRTN  DIST                 area_wfp=740036A4 ret_pc=70168732 real_wsp=70001FD0 (was 74003690) shadow_wsp=70001FD0 master_wfp=70001FE4 depth=0
redirect seq=002096 caller=QUEST2 WSAVS DIST                 pc=70168717 area_wfp=740036A4 argc=4 frame=0 real_wsp=70001FDA shadow_wsp=70001FE4 master_wfp=70001FE4 ret=70166E20 depth=1
redirect seq=002098 caller=QUEST2 WRTN  DIST                 area_wfp=740036A4 ret_pc=70168732 real_wsp=70001FD0 (was 74003690) shadow_wsp=70001FD0 master_wfp=70001FE4 depth=0
redirect seq=002100 caller=QUEST2 WSAVS DIST                 pc=70168717 area_wfp=740036A4 argc=4 frame=0 real_wsp=70001FDA shadow_wsp=70001FE4 master_wfp=70001FE4 ret=70166E20 depth=1
redirect seq=002102 caller=QUEST2 WRTN  DIST                 area_wfp=740036A4 ret_pc=70168732 real_wsp=70001FD0 (was 74003690) shadow_wsp=70001FD0 master_wfp=70001FE4 depth=0
redirect seq=002105 caller=QUEST2 WSAVS DIST                 pc=70168717 area_wfp=740036A4 argc=4 frame=0 real_wsp=70001FDA shadow_wsp=70001FE4 master_wfp=70001FE4 ret=70166E20 depth=1
redirect seq=002107 caller=QUEST2 WRTN  DIST                 area_wfp=740036A4 ret_pc=70168732 real_wsp=70001FD0 (was 74003690) shadow_wsp=70001FD0 master_wfp=70001FE4 depth=0
redirect seq=002112 caller=QUEST2 WSAVS DIST                 pc=70168717 area_wfp=740036A4 argc=4 frame=0 real_wsp=70001FDA shadow_wsp=70001FE4 master_wfp=70001FE4 ret=70166E20 depth=1
redirect seq=002114 caller=QUEST2 WRTN  DIST                 area_wfp=740036A4 ret_pc=70168732 real_wsp=70001FD0 (was 74003690) shadow_wsp=70001FD0 master_wfp=70001FE4 depth=0
redirect seq=002116 caller=QUEST2 WSAVS DIST                 pc=70168717 area_wfp=740036A4 argc=4 frame=0 real_wsp=70001FDA shadow_wsp=70001FE4 master_wfp=70001FE4 ret=70166E20 depth=1
redirect seq=002118 caller=QUEST2 WRTN  DIST                 area_wfp=740036A4 ret_pc=70168732 real_wsp=70001FD0 (was 74003690) shadow_wsp=70001FD0 master_wfp=70001FE4 depth=0
redirect seq=002120 caller=QUEST2 WSAVS DIST                 pc=70168717 area_wfp=740036A4 argc=4 frame=0 real_wsp=70001FDA shadow_wsp=70001FE4 master_wfp=70001FE4 ret=70166E20 depth=1
redirect seq=002122 caller=QUEST2 WRTN  DIST                 area_wfp=740036A4 ret_pc=70168732 real_wsp=70001FD0 (was 74003690) shadow_wsp=70001FD0 master_wfp=70001FE4 depth=0
redirect seq=002126 caller=QUEST2 WSAVS DIST                 pc=70168717 area_wfp=740036A4 argc=4 frame=0 real_wsp=70001FDA shadow_wsp=70001FE4 master_wfp=70001FE4 ret=70166E20 depth=1
redirect seq=002128 caller=QUEST2 WRTN  DIST                 area_wfp=740036A4 ret_pc=70168732 real_wsp=70001FD0 (was 74003690) shadow_wsp=70001FD0 master_wfp=70001FE4 depth=0
redirect seq=002130 caller=QUEST2 WSAVS DIST                 pc=70168717 area_wfp=740036A4 argc=4 frame=0 real_wsp=70001FDA shadow_wsp=70001FE4 master_wfp=70001FE4 ret=70166E20 depth=1
redirect seq=002132 caller=QUEST2 WRTN  DIST                 area_wfp=740036A4 ret_pc=70168732 real_wsp=70001FD0 (was 74003690) shadow_wsp=70001FD0 master_wfp=70001FE4 depth=0
redirect seq=002135 caller=QUEST2 WSAVS DIST                 pc=70168717 area_wfp=740036A4 argc=4 frame=0 real_wsp=70001FDA shadow_wsp=70001FE4 master_wfp=70001FE4 ret=70166E20 depth=1
redirect seq=002137 caller=QUEST2 WRTN  DIST                 area_wfp=740036A4 ret_pc=70168732 real_wsp=70001FD0 (was 74003690) shadow_wsp=70001FD0 master_wfp=70001FE4 depth=0
redirect seq=002142 caller=QUEST2 WSAVS DIST                 pc=70168717 area_wfp=740036A4 argc=4 frame=0 real_wsp=70001FDA shadow_wsp=70001FE4 master_wfp=70001FE4 ret=70166E20 depth=1
redirect seq=002144 caller=QUEST2 WRTN  DIST                 area_wfp=740036A4 ret_pc=70168732 real_wsp=70001FD0 (was 74003690) shadow_wsp=70001FD0 master_wfp=70001FE4 depth=0
redirect seq=002146 caller=QUEST2 WSAVS DIST                 pc=70168717 area_wfp=740036A4 argc=4 frame=0 real_wsp=70001FDA shadow_wsp=70001FE4 master_wfp=70001FE4 ret=70166E20 depth=1
redirect seq=002148 caller=QUEST2 WRTN  DIST                 area_wfp=740036A4 ret_pc=70168732 real_wsp=70001FD0 (was 74003690) shadow_wsp=70001FD0 master_wfp=70001FE4 depth=0
redirect seq=002150 caller=QUEST2 WSAVS DIST                 pc=70168717 area_wfp=740036A4 argc=4 frame=0 real_wsp=70001FDA shadow_wsp=70001FE4 master_wfp=70001FE4 ret=70166E20 depth=1
redirect seq=002152 caller=QUEST2 WRTN  DIST                 area_wfp=740036A4 ret_pc=70168732 real_wsp=70001FD0 (was 74003690) shadow_wsp=70001FD0 master_wfp=70001FE4 depth=0
redirect seq=002156 caller=QUEST2 WSAVS DIST                 pc=70168717 area_wfp=740036A4 argc=4 frame=0 real_wsp=70001FDA shadow_wsp=70001FE4 master_wfp=70001FE4 ret=70166E20 depth=1
redirect seq=002158 caller=QUEST2 WRTN  DIST                 area_wfp=740036A4 ret_pc=70168732 real_wsp=70001FD0 (was 74003690) shadow_wsp=70001FD0 master_wfp=70001FE4 depth=0
redirect seq=002160 caller=QUEST2 WSAVS DIST                 pc=70168717 area_wfp=740036A4 argc=4 frame=0 real_wsp=70001FDA shadow_wsp=70001FE4 master_wfp=70001FE4 ret=70166E20 depth=1
redirect seq=002162 caller=QUEST2 WRTN  DIST                 area_wfp=740036A4 ret_pc=70168732 real_wsp=70001FD0 (was 74003690) shadow_wsp=70001FD0 master_wfp=70001FE4 depth=0
redirect seq=002165 caller=QUEST2 WSAVS DIST                 pc=70168717 area_wfp=740036A4 argc=4 frame=0 real_wsp=70001FDA shadow_wsp=70001FE4 master_wfp=70001FE4 ret=70166E20 depth=1
redirect seq=002167 caller=QUEST2 WRTN  DIST                 area_wfp=740036A4 ret_pc=70168732 real_wsp=70001FD0 (was 74003690) shadow_wsp=70001FD0 master_wfp=70001FE4 depth=0
redirect seq=002172 caller=QUEST2 WSAVS DIST                 pc=70168717 area_wfp=740036A4 argc=4 frame=0 real_wsp=70001FDA shadow_wsp=70001FE4 master_wfp=70001FE4 ret=70166E20 depth=1
redirect seq=002174 caller=QUEST2 WRTN  DIST                 area_wfp=740036A4 ret_pc=70168732 real_wsp=70001FD0 (was 74003690) shadow_wsp=70001FD0 master_wfp=70001FE4 depth=0
redirect seq=002176 caller=QUEST2 WSAVS DIST                 pc=70168717 area_wfp=740036A4 argc=4 frame=0 real_wsp=70001FDA shadow_wsp=70001FE4 master_wfp=70001FE4 ret=70166E20 depth=1
redirect seq=002178 caller=QUEST2 WRTN  DIST                 area_wfp=740036A4 ret_pc=70168732 real_wsp=70001FD0 (was 74003690) shadow_wsp=70001FD0 master_wfp=70001FE4 depth=0
redirect seq=002180 caller=QUEST2 WSAVS DIST                 pc=70168717 area_wfp=740036A4 argc=4 frame=0 real_wsp=70001FDA shadow_wsp=70001FE4 master_wfp=70001FE4 ret=70166E20 depth=1
redirect seq=002182 caller=QUEST2 WRTN  DIST                 area_wfp=740036A4 ret_pc=70168732 real_wsp=70001FD0 (was 74003690) shadow_wsp=70001FD0 master_wfp=70001FE4 depth=0
redirect seq=002186 caller=QUEST2 WSAVS DIST                 pc=70168717 area_wfp=740036A4 argc=4 frame=0 real_wsp=70001FDA shadow_wsp=70001FE4 master_wfp=70001FE4 ret=70166E20 depth=1
redirect seq=002188 caller=QUEST2 WRTN  DIST                 area_wfp=740036A4 ret_pc=70168732 real_wsp=70001FD0 (was 74003690) shadow_wsp=70001FD0 master_wfp=70001FE4 depth=0
redirect seq=002190 caller=QUEST2 WSAVS DIST                 pc=70168717 area_wfp=740036A4 argc=4 frame=0 real_wsp=70001FDA shadow_wsp=70001FE4 master_wfp=70001FE4 ret=70166E20 depth=1
redirect seq=002192 caller=QUEST2 WRTN  DIST                 area_wfp=740036A4 ret_pc=70168732 real_wsp=70001FD0 (was 74003690) shadow_wsp=70001FD0 master_wfp=70001FE4 depth=0
redirect seq=002195 caller=QUEST2 WSAVS DIST                 pc=70168717 area_wfp=740036A4 argc=4 frame=0 real_wsp=70001FDA shadow_wsp=70001FE4 master_wfp=70001FE4 ret=70166E20 depth=1
redirect seq=002197 caller=QUEST2 WRTN  DIST                 area_wfp=740036A4 ret_pc=70168732 real_wsp=70001FD0 (was 74003690) shadow_wsp=70001FD0 master_wfp=70001FE4 depth=0
redirect seq=002202 caller=QUEST2 WSAVS DIST                 pc=70168717 area_wfp=740036A4 argc=4 frame=0 real_wsp=70001FDA shadow_wsp=70001FE4 master_wfp=70001FE4 ret=70166E20 depth=1
redirect seq=002204 caller=QUEST2 WRTN  DIST                 area_wfp=740036A4 ret_pc=70168732 real_wsp=70001FD0 (was 74003690) shadow_wsp=70001FD0 master_wfp=70001FE4 depth=0
redirect seq=002206 caller=QUEST2 WSAVS DIST                 pc=70168717 area_wfp=740036A4 argc=4 frame=0 real_wsp=70001FDA shadow_wsp=70001FE4 master_wfp=70001FE4 ret=70166E20 depth=1
redirect seq=002208 caller=QUEST2 WRTN  DIST                 area_wfp=740036A4 ret_pc=70168732 real_wsp=70001FD0 (was 74003690) shadow_wsp=70001FD0 master_wfp=70001FE4 depth=0
redirect seq=002210 caller=QUEST2 WSAVS DIST                 pc=70168717 area_wfp=740036A4 argc=4 frame=0 real_wsp=70001FDA shadow_wsp=70001FE4 master_wfp=70001FE4 ret=70166E20 depth=1
redirect seq=002212 caller=QUEST2 WRTN  DIST                 area_wfp=740036A4 ret_pc=70168732 real_wsp=70001FD0 (was 74003690) shadow_wsp=70001FD0 master_wfp=70001FE4 depth=0
redirect seq=002215 caller=QUEST2 WSAVS DIST                 pc=70168717 area_wfp=740036A4 argc=4 frame=0 real_wsp=70001FDA shadow_wsp=70001FE4 master_wfp=70001FE4 ret=70166E20 depth=1
redirect seq=002217 caller=QUEST2 WRTN  DIST                 area_wfp=740036A4 ret_pc=70168732 real_wsp=70001FD0 (was 74003690) shadow_wsp=70001FD0 master_wfp=70001FE4 depth=0
redirect seq=002221 caller=QUEST2 WSAVS DIST                 pc=70168717 area_wfp=740036A4 argc=4 frame=0 real_wsp=70001FDA shadow_wsp=70001FE4 master_wfp=70001FE4 ret=70166E20 depth=1
redirect seq=002223 caller=QUEST2 WRTN  DIST                 area_wfp=740036A4 ret_pc=70168732 real_wsp=70001FD0 (was 74003690) shadow_wsp=70001FD0 master_wfp=70001FE4 depth=0
redirect seq=002225 caller=QUEST2 WSAVS DIST                 pc=70168717 area_wfp=740036A4 argc=4 frame=0 real_wsp=70001FDA shadow_wsp=70001FE4 master_wfp=70001FE4 ret=70166E20 depth=1
redirect seq=002227 caller=QUEST2 WRTN  DIST                 area_wfp=740036A4 ret_pc=70168732 real_wsp=70001FD0 (was 74003690) shadow_wsp=70001FD0 master_wfp=70001FE4 depth=0
redirect seq=002232 caller=QUEST2 WSAVS DIST                 pc=70168717 area_wfp=740036A4 argc=4 frame=0 real_wsp=70001FDA shadow_wsp=70001FE4 master_wfp=70001FE4 ret=70166E20 depth=1
redirect seq=002234 caller=QUEST2 WRTN  DIST                 area_wfp=740036A4 ret_pc=70168732 real_wsp=70001FD0 (was 74003690) shadow_wsp=70001FD0 master_wfp=70001FE4 depth=0
redirect seq=002236 caller=QUEST2 WSAVS DIST                 pc=70168717 area_wfp=740036A4 argc=4 frame=0 real_wsp=70001FDA shadow_wsp=70001FE4 master_wfp=70001FE4 ret=70166E20 depth=1
redirect seq=002238 caller=QUEST2 WRTN  DIST                 area_wfp=740036A4 ret_pc=70168732 real_wsp=70001FD0 (was 74003690) shadow_wsp=70001FD0 master_wfp=70001FE4 depth=0
redirect seq=002240 caller=QUEST2 WSAVS DIST                 pc=70168717 area_wfp=740036A4 argc=4 frame=0 real_wsp=70001FDA shadow_wsp=70001FE4 master_wfp=70001FE4 ret=70166E20 depth=1
redirect seq=002242 caller=QUEST2 WRTN  DIST                 area_wfp=740036A4 ret_pc=70168732 real_wsp=70001FD0 (was 74003690) shadow_wsp=70001FD0 master_wfp=70001FE4 depth=0
redirect seq=002245 caller=QUEST2 WSAVS DIST                 pc=70168717 area_wfp=740036A4 argc=4 frame=0 real_wsp=70001FDA shadow_wsp=70001FE4 master_wfp=70001FE4 ret=70166E20 depth=1
redirect seq=002247 caller=QUEST2 WRTN  DIST                 area_wfp=740036A4 ret_pc=70168732 real_wsp=70001FD0 (was 74003690) shadow_wsp=70001FD0 master_wfp=70001FE4 depth=0
redirect seq=002251 caller=QUEST2 WSAVS DIST                 pc=70168717 area_wfp=740036A4 argc=4 frame=0 real_wsp=70001FDA shadow_wsp=70001FE4 master_wfp=70001FE4 ret=70166E20 depth=1
redirect seq=002253 caller=QUEST2 WRTN  DIST                 area_wfp=740036A4 ret_pc=70168732 real_wsp=70001FD0 (was 74003690) shadow_wsp=70001FD0 master_wfp=70001FE4 depth=0
redirect seq=002255 caller=QUEST2 WSAVS DIST                 pc=70168717 area_wfp=740036A4 argc=4 frame=0 real_wsp=70001FDA shadow_wsp=70001FE4 master_wfp=70001FE4 ret=70166E20 depth=1
redirect seq=002257 caller=QUEST2 WRTN  DIST                 area_wfp=740036A4 ret_pc=70168732 real_wsp=70001FD0 (was 74003690) shadow_wsp=70001FD0 master_wfp=70001FE4 depth=0
redirect seq=002262 caller=QUEST2 WSAVS DIST                 pc=70168717 area_wfp=740036A4 argc=4 frame=0 real_wsp=70001FDA shadow_wsp=70001FE4 master_wfp=70001FE4 ret=70166E20 depth=1
redirect seq=002264 caller=QUEST2 WRTN  DIST                 area_wfp=740036A4 ret_pc=70168732 real_wsp=70001FD0 (was 74003690) shadow_wsp=70001FD0 master_wfp=70001FE4 depth=0
redirect seq=002266 caller=QUEST2 WSAVS DIST                 pc=70168717 area_wfp=740036A4 argc=4 frame=0 real_wsp=70001FDA shadow_wsp=70001FE4 master_wfp=70001FE4 ret=70166E20 depth=1
redirect seq=002268 caller=QUEST2 WRTN  DIST                 area_wfp=740036A4 ret_pc=70168732 real_wsp=70001FD0 (was 74003690) shadow_wsp=70001FD0 master_wfp=70001FE4 depth=0
redirect seq=002270 caller=QUEST2 WSAVS DIST                 pc=70168717 area_wfp=740036A4 argc=4 frame=0 real_wsp=70001FDA shadow_wsp=70001FE4 master_wfp=70001FE4 ret=70166E20 depth=1
redirect seq=002272 caller=QUEST2 WRTN  DIST                 area_wfp=740036A4 ret_pc=70168732 real_wsp=70001FD0 (was 74003690) shadow_wsp=70001FD0 master_wfp=70001FE4 depth=0
redirect seq=002275 caller=QUEST2 WSAVS DIST                 pc=70168717 area_wfp=740036A4 argc=4 frame=0 real_wsp=70001FDA shadow_wsp=70001FE4 master_wfp=70001FE4 ret=70166E20 depth=1
redirect seq=002277 caller=QUEST2 WRTN  DIST                 area_wfp=740036A4 ret_pc=70168732 real_wsp=70001FD0 (was 74003690) shadow_wsp=70001FD0 master_wfp=70001FE4 depth=0
redirect seq=002281 caller=QUEST2 WSAVS DIST                 pc=70168717 area_wfp=740036A4 argc=4 frame=0 real_wsp=70001FDA shadow_wsp=70001FE4 master_wfp=70001FE4 ret=70166E20 depth=1
redirect seq=002283 caller=QUEST2 WRTN  DIST                 area_wfp=740036A4 ret_pc=70168732 real_wsp=70001FD0 (was 74003690) shadow_wsp=70001FD0 master_wfp=70001FE4 depth=0
redirect seq=002285 caller=QUEST2 WSAVS DIST                 pc=70168717 area_wfp=740036A4 argc=4 frame=0 real_wsp=70001FDA shadow_wsp=70001FE4 master_wfp=70001FE4 ret=70166E20 depth=1
redirect seq=002287 caller=QUEST2 WRTN  DIST                 area_wfp=740036A4 ret_pc=70168732 real_wsp=70001FD0 (was 74003690) shadow_wsp=70001FD0 master_wfp=70001FE4 depth=0
redirect seq=002292 caller=QUEST2 WSAVS DIST                 pc=70168717 area_wfp=740036A4 argc=4 frame=0 real_wsp=70001FDA shadow_wsp=70001FE4 master_wfp=70001FE4 ret=70166E20 depth=1
redirect seq=002294 caller=QUEST2 WRTN  DIST                 area_wfp=740036A4 ret_pc=70168732 real_wsp=70001FD0 (was 74003690) shadow_wsp=70001FD0 master_wfp=70001FE4 depth=0
redirect seq=002296 caller=QUEST2 WSAVS DIST                 pc=70168717 area_wfp=740036A4 argc=4 frame=0 real_wsp=70001FDA shadow_wsp=70001FE4 master_wfp=70001FE4 ret=70166E20 depth=1
redirect seq=002298 caller=QUEST2 WRTN  DIST                 area_wfp=740036A4 ret_pc=70168732 real_wsp=70001FD0 (was 74003690) shadow_wsp=70001FD0 master_wfp=70001FE4 depth=0
redirect seq=002300 caller=QUEST2 WSAVS DIST                 pc=70168717 area_wfp=740036A4 argc=4 frame=0 real_wsp=70001FDA shadow_wsp=70001FE4 master_wfp=70001FE4 ret=70166E20 depth=1
redirect seq=002302 caller=QUEST2 WRTN  DIST                 area_wfp=740036A4 ret_pc=70168732 real_wsp=70001FD0 (was 74003690) shadow_wsp=70001FD0 master_wfp=70001FE4 depth=0
redirect seq=002305 caller=QUEST2 WSAVS DIST                 pc=70168717 area_wfp=740036A4 argc=4 frame=0 real_wsp=70001FDA shadow_wsp=70001FE4 master_wfp=70001FE4 ret=70166E20 depth=1
redirect seq=002307 caller=QUEST2 WRTN  DIST                 area_wfp=740036A4 ret_pc=70168732 real_wsp=70001FD0 (was 74003690) shadow_wsp=70001FD0 master_wfp=70001FE4 depth=0
redirect seq=002311 caller=QUEST2 WSAVS DIST                 pc=70168717 area_wfp=740036A4 argc=4 frame=0 real_wsp=70001FDA shadow_wsp=70001FE4 master_wfp=70001FE4 ret=70166E20 depth=1
redirect seq=002313 caller=QUEST2 WRTN  DIST                 area_wfp=740036A4 ret_pc=70168732 real_wsp=70001FD0 (was 74003690) shadow_wsp=70001FD0 master_wfp=70001FE4 depth=0
redirect seq=002315 caller=QUEST2 WSAVS DIST                 pc=70168717 area_wfp=740036A4 argc=4 frame=0 real_wsp=70001FDA shadow_wsp=70001FE4 master_wfp=70001FE4 ret=70166E20 depth=1
redirect seq=002317 caller=QUEST2 WRTN  DIST                 area_wfp=740036A4 ret_pc=70168732 real_wsp=70001FD0 (was 74003690) shadow_wsp=70001FD0 master_wfp=70001FE4 depth=0
redirect seq=002322 caller=QUEST2 WSAVS DIST                 pc=70168717 area_wfp=740036A4 argc=4 frame=0 real_wsp=70001FDA shadow_wsp=70001FE4 master_wfp=70001FE4 ret=70166E20 depth=1
redirect seq=002324 caller=QUEST2 WRTN  DIST                 area_wfp=740036A4 ret_pc=70168732 real_wsp=70001FD0 (was 74003690) shadow_wsp=70001FD0 master_wfp=70001FE4 depth=0
redirect seq=002326 caller=QUEST2 WSAVS DIST                 pc=70168717 area_wfp=740036A4 argc=4 frame=0 real_wsp=70001FDA shadow_wsp=70001FE4 master_wfp=70001FE4 ret=70166E20 depth=1
redirect seq=002328 caller=QUEST2 WRTN  DIST                 area_wfp=740036A4 ret_pc=70168732 real_wsp=70001FD0 (was 74003690) shadow_wsp=70001FD0 master_wfp=70001FE4 depth=0
redirect seq=002330 caller=QUEST2 WSAVS DIST                 pc=70168717 area_wfp=740036A4 argc=4 frame=0 real_wsp=70001FDA shadow_wsp=70001FE4 master_wfp=70001FE4 ret=70166E20 depth=1
redirect seq=002332 caller=QUEST2 WRTN  DIST                 area_wfp=740036A4 ret_pc=70168732 real_wsp=70001FD0 (was 74003690) shadow_wsp=70001FD0 master_wfp=70001FE4 depth=0
redirect seq=002335 caller=QUEST2 WSAVS DIST                 pc=70168717 area_wfp=740036A4 argc=4 frame=0 real_wsp=70001FDA shadow_wsp=70001FE4 master_wfp=70001FE4 ret=70166E20 depth=1
redirect seq=002337 caller=QUEST2 WRTN  DIST                 area_wfp=740036A4 ret_pc=70168732 real_wsp=70001FD0 (was 74003690) shadow_wsp=70001FD0 master_wfp=70001FE4 depth=0
redirect seq=002341 caller=QUEST2 WSAVS DIST                 pc=70168717 area_wfp=740036A4 argc=4 frame=0 real_wsp=70001FDA shadow_wsp=70001FE4 master_wfp=70001FE4 ret=70166E20 depth=1
redirect seq=002343 caller=QUEST2 WRTN  DIST                 area_wfp=740036A4 ret_pc=70168732 real_wsp=70001FD0 (was 74003690) shadow_wsp=70001FD0 master_wfp=70001FE4 depth=0
redirect seq=002345 caller=QUEST2 WSAVS DIST                 pc=70168717 area_wfp=740036A4 argc=4 frame=0 real_wsp=70001FDA shadow_wsp=70001FE4 master_wfp=70001FE4 ret=70166E20 depth=1
redirect seq=002347 caller=QUEST2 WRTN  DIST                 area_wfp=740036A4 ret_pc=70168732 real_wsp=70001FD0 (was 74003690) shadow_wsp=70001FD0 master_wfp=70001FE4 depth=0
redirect seq=002352 caller=QUEST2 WSAVS DIST                 pc=70168717 area_wfp=740036A4 argc=4 frame=0 real_wsp=70001FDA shadow_wsp=70001FE4 master_wfp=70001FE4 ret=70166E20 depth=1
redirect seq=002354 caller=QUEST2 WRTN  DIST                 area_wfp=740036A4 ret_pc=70168732 real_wsp=70001FD0 (was 74003690) shadow_wsp=70001FD0 master_wfp=70001FE4 depth=0
redirect seq=002356 caller=QUEST2 WSAVS DIST                 pc=70168717 area_wfp=740036A4 argc=4 frame=0 real_wsp=70001FDA shadow_wsp=70001FE4 master_wfp=70001FE4 ret=70166E20 depth=1
redirect seq=002358 caller=QUEST2 WRTN  DIST                 area_wfp=740036A4 ret_pc=70168732 real_wsp=70001FD0 (was 74003690) shadow_wsp=70001FD0 master_wfp=70001FE4 depth=0
redirect seq=002360 caller=QUEST2 WSAVS DIST                 pc=70168717 area_wfp=740036A4 argc=4 frame=0 real_wsp=70001FDA shadow_wsp=70001FE4 master_wfp=70001FE4 ret=70166E20 depth=1
redirect seq=002362 caller=QUEST2 WRTN  DIST                 area_wfp=740036A4 ret_pc=70168732 real_wsp=70001FD0 (was 74003690) shadow_wsp=70001FD0 master_wfp=70001FE4 depth=0
redirect seq=002367 caller=QUEST2 WSAVS DIST                 pc=70168717 area_wfp=740036A4 argc=4 frame=0 real_wsp=70001FDA shadow_wsp=70001FE4 master_wfp=70001FE4 ret=70166E20 depth=1
redirect seq=002369 caller=QUEST2 WRTN  DIST                 area_wfp=740036A4 ret_pc=70168732 real_wsp=70001FD0 (was 74003690) shadow_wsp=70001FD0 master_wfp=70001FE4 depth=0
redirect seq=002371 caller=QUEST2 WSAVS DIST                 pc=70168717 area_wfp=740036A4 argc=4 frame=0 real_wsp=70001FDA shadow_wsp=70001FE4 master_wfp=70001FE4 ret=70166E20 depth=1
redirect seq=002373 caller=QUEST2 WRTN  DIST                 area_wfp=740036A4 ret_pc=70168732 real_wsp=70001FD0 (was 74003690) shadow_wsp=70001FD0 master_wfp=70001FE4 depth=0
redirect seq=002375 caller=QUEST2 WSAVS DIST                 pc=70168717 area_wfp=740036A4 argc=4 frame=0 real_wsp=70001FDA shadow_wsp=70001FE4 master_wfp=70001FE4 ret=70166E20 depth=1
redirect seq=002377 caller=QUEST2 WRTN  DIST                 area_wfp=740036A4 ret_pc=70168732 real_wsp=70001FD0 (was 74003690) shadow_wsp=70001FD0 master_wfp=70001FE4 depth=0
redirect seq=002382 caller=QUEST2 WSAVS DIST                 pc=70168717 area_wfp=740036A4 argc=4 frame=0 real_wsp=70001FDA shadow_wsp=70001FE4 master_wfp=70001FE4 ret=70166E20 depth=1
redirect seq=002384 caller=QUEST2 WRTN  DIST                 area_wfp=740036A4 ret_pc=70168732 real_wsp=70001FD0 (was 74003690) shadow_wsp=70001FD0 master_wfp=70001FE4 depth=0
redirect seq=002386 caller=QUEST2 WSAVS DIST                 pc=70168717 area_wfp=740036A4 argc=4 frame=0 real_wsp=70001FDA shadow_wsp=70001FE4 master_wfp=70001FE4 ret=70166E20 depth=1
redirect seq=002388 caller=QUEST2 WRTN  DIST                 area_wfp=740036A4 ret_pc=70168732 real_wsp=70001FD0 (was 74003690) shadow_wsp=70001FD0 master_wfp=70001FE4 depth=0
redirect seq=002390 caller=QUEST2 WSAVS DIST                 pc=70168717 area_wfp=740036A4 argc=4 frame=0 real_wsp=70001FDA shadow_wsp=70001FE4 master_wfp=70001FE4 ret=70166E20 depth=1
redirect seq=002392 caller=QUEST2 WRTN  DIST                 area_wfp=740036A4 ret_pc=70168732 real_wsp=70001FD0 (was 74003690) shadow_wsp=70001FD0 master_wfp=70001FE4 depth=0
redirect seq=002397 caller=QUEST2 WSAVS DIST                 pc=70168717 area_wfp=740036A4 argc=4 frame=0 real_wsp=70001FDA shadow_wsp=70001FE4 master_wfp=70001FE4 ret=70166E20 depth=1
redirect seq=002399 caller=QUEST2 WRTN  DIST                 area_wfp=740036A4 ret_pc=70168732 real_wsp=70001FD0 (was 74003690) shadow_wsp=70001FD0 master_wfp=70001FE4 depth=0
redirect seq=002401 caller=QUEST2 WSAVS DIST                 pc=70168717 area_wfp=740036A4 argc=4 frame=0 real_wsp=70001FDA shadow_wsp=70001FE4 master_wfp=70001FE4 ret=70166E20 depth=1
redirect seq=002403 caller=QUEST2 WRTN  DIST                 area_wfp=740036A4 ret_pc=70168732 real_wsp=70001FD0 (was 74003690) shadow_wsp=70001FD0 master_wfp=70001FE4 depth=0
redirect seq=002405 caller=QUEST2 WSAVS DIST                 pc=70168717 area_wfp=740036A4 argc=4 frame=0 real_wsp=70001FDA shadow_wsp=70001FE4 master_wfp=70001FE4 ret=70166E20 depth=1
redirect seq=002407 caller=QUEST2 WRTN  DIST                 area_wfp=740036A4 ret_pc=70168732 real_wsp=70001FD0 (was 74003690) shadow_wsp=70001FD0 master_wfp=70001FE4 depth=0
redirect seq=002412 caller=QUEST2 WSAVS DIST                 pc=70168717 area_wfp=740036A4 argc=4 frame=0 real_wsp=70001FDA shadow_wsp=70001FE4 master_wfp=70001FE4 ret=70166E20 depth=1
redirect seq=002414 caller=QUEST2 WRTN  DIST                 area_wfp=740036A4 ret_pc=70168732 real_wsp=70001FD0 (was 74003690) shadow_wsp=70001FD0 master_wfp=70001FE4 depth=0
redirect seq=002416 caller=QUEST2 WSAVS DIST                 pc=70168717 area_wfp=740036A4 argc=4 frame=0 real_wsp=70001FDA shadow_wsp=70001FE4 master_wfp=70001FE4 ret=70166E20 depth=1
redirect seq=002418 caller=QUEST2 WRTN  DIST                 area_wfp=740036A4 ret_pc=70168732 real_wsp=70001FD0 (was 74003690) shadow_wsp=70001FD0 master_wfp=70001FE4 depth=0
redirect seq=002420 caller=QUEST2 WSAVS DIST                 pc=70168717 area_wfp=740036A4 argc=4 frame=0 real_wsp=70001FDA shadow_wsp=70001FE4 master_wfp=70001FE4 ret=70166E20 depth=1
redirect seq=002422 caller=QUEST2 WRTN  DIST                 area_wfp=740036A4 ret_pc=70168732 real_wsp=70001FD0 (was 74003690) shadow_wsp=70001FD0 master_wfp=70001FE4 depth=0
redirect seq=002427 caller=QUEST2 WSAVS DIST                 pc=70168717 area_wfp=740036A4 argc=4 frame=0 real_wsp=70001FDA shadow_wsp=70001FE4 master_wfp=70001FE4 ret=70166E20 depth=1
redirect seq=002429 caller=QUEST2 WRTN  DIST                 area_wfp=740036A4 ret_pc=70168732 real_wsp=70001FD0 (was 74003690) shadow_wsp=70001FD0 master_wfp=70001FE4 depth=0
redirect seq=002431 caller=QUEST2 WSAVS DIST                 pc=70168717 area_wfp=740036A4 argc=4 frame=0 real_wsp=70001FDA shadow_wsp=70001FE4 master_wfp=70001FE4 ret=70166E20 depth=1
redirect seq=002433 caller=QUEST2 WRTN  DIST                 area_wfp=740036A4 ret_pc=70168732 real_wsp=70001FD0 (was 74003690) shadow_wsp=70001FD0 master_wfp=70001FE4 depth=0
redirect seq=002435 caller=QUEST2 WSAVS DIST                 pc=70168717 area_wfp=740036A4 argc=4 frame=0 real_wsp=70001FDA shadow_wsp=70001FE4 master_wfp=70001FE4 ret=70166E20 depth=1
redirect seq=002437 caller=QUEST2 WRTN  DIST                 area_wfp=740036A4 ret_pc=70168732 real_wsp=70001FD0 (was 74003690) shadow_wsp=70001FD0 master_wfp=70001FE4 depth=0
redirect seq=002442 caller=QUEST2 WSAVS DIST                 pc=70168717 area_wfp=740036A4 argc=4 frame=0 real_wsp=70001FDA shadow_wsp=70001FE4 master_wfp=70001FE4 ret=70166E20 depth=1
redirect seq=002444 caller=QUEST2 WRTN  DIST                 area_wfp=740036A4 ret_pc=70168732 real_wsp=70001FD0 (was 74003690) shadow_wsp=70001FD0 master_wfp=70001FE4 depth=0
redirect seq=002446 caller=QUEST2 WSAVS DIST                 pc=70168717 area_wfp=740036A4 argc=4 frame=0 real_wsp=70001FDA shadow_wsp=70001FE4 master_wfp=70001FE4 ret=70166E20 depth=1
redirect seq=002448 caller=QUEST2 WRTN  DIST                 area_wfp=740036A4 ret_pc=70168732 real_wsp=70001FD0 (was 74003690) shadow_wsp=70001FD0 master_wfp=70001FE4 depth=0
redirect seq=002450 caller=QUEST2 WSAVS DIST                 pc=70168717 area_wfp=740036A4 argc=4 frame=0 real_wsp=70001FDA shadow_wsp=70001FE4 master_wfp=70001FE4 ret=70166E20 depth=1
redirect seq=002452 caller=QUEST2 WRTN  DIST                 area_wfp=740036A4 ret_pc=70168732 real_wsp=70001FD0 (was 74003690) shadow_wsp=70001FD0 master_wfp=70001FE4 depth=0
redirect seq=002457 caller=QUEST2 WSAVS DIST                 pc=70168717 area_wfp=740036A4 argc=4 frame=0 real_wsp=70001FDA shadow_wsp=70001FE4 master_wfp=70001FE4 ret=70166E20 depth=1
redirect seq=002459 caller=QUEST2 WRTN  DIST                 area_wfp=740036A4 ret_pc=70168732 real_wsp=70001FD0 (was 74003690) shadow_wsp=70001FD0 master_wfp=70001FE4 depth=0
redirect seq=002461 caller=QUEST2 WSAVS DIST                 pc=70168717 area_wfp=740036A4 argc=4 frame=0 real_wsp=70001FDA shadow_wsp=70001FE4 master_wfp=70001FE4 ret=70166E20 depth=1
redirect seq=002463 caller=QUEST2 WRTN  DIST                 area_wfp=740036A4 ret_pc=70168732 real_wsp=70001FD0 (was 74003690) shadow_wsp=70001FD0 master_wfp=70001FE4 depth=0
redirect seq=002465 caller=QUEST2 WSAVS DIST                 pc=70168717 area_wfp=740036A4 argc=4 frame=0 real_wsp=70001FDA shadow_wsp=70001FE4 master_wfp=70001FE4 ret=70166E20 depth=1
redirect seq=002467 caller=QUEST2 WRTN  DIST                 area_wfp=740036A4 ret_pc=70168732 real_wsp=70001FD0 (was 74003690) shadow_wsp=70001FD0 master_wfp=70001FE4 depth=0
redirect seq=002472 caller=QUEST2 WSAVS DIST                 pc=70168717 area_wfp=740036A4 argc=4 frame=0 real_wsp=70001FDA shadow_wsp=70001FE4 master_wfp=70001FE4 ret=70166E20 depth=1
redirect seq=002474 caller=QUEST2 WRTN  DIST                 area_wfp=740036A4 ret_pc=70168732 real_wsp=70001FD0 (was 74003690) shadow_wsp=70001FD0 master_wfp=70001FE4 depth=0
redirect seq=002476 caller=QUEST2 WSAVS DIST                 pc=70168717 area_wfp=740036A4 argc=4 frame=0 real_wsp=70001FDA shadow_wsp=70001FE4 master_wfp=70001FE4 ret=70166E20 depth=1
redirect seq=002478 caller=QUEST2 WRTN  DIST                 area_wfp=740036A4 ret_pc=70168732 real_wsp=70001FD0 (was 74003690) shadow_wsp=70001FD0 master_wfp=70001FE4 depth=0
redirect seq=002480 caller=QUEST2 WSAVS DIST                 pc=70168717 area_wfp=740036A4 argc=4 frame=0 real_wsp=70001FDA shadow_wsp=70001FE4 master_wfp=70001FE4 ret=70166E20 depth=1
redirect seq=002482 caller=QUEST2 WRTN  DIST                 area_wfp=740036A4 ret_pc=70168732 real_wsp=70001FD0 (was 74003690) shadow_wsp=70001FD0 master_wfp=70001FE4 depth=0
redirect seq=002487 caller=QUEST2 WSAVS DIST                 pc=70168717 area_wfp=740036A4 argc=4 frame=0 real_wsp=70001FDA shadow_wsp=70001FE4 master_wfp=70001FE4 ret=70166E20 depth=1
redirect seq=002489 caller=QUEST2 WRTN  DIST                 area_wfp=740036A4 ret_pc=70168732 real_wsp=70001FD0 (was 74003690) shadow_wsp=70001FD0 master_wfp=70001FE4 depth=0
redirect seq=002491 caller=QUEST2 WSAVS DIST                 pc=70168717 area_wfp=740036A4 argc=4 frame=0 real_wsp=70001FDA shadow_wsp=70001FE4 master_wfp=70001FE4 ret=70166E20 depth=1
redirect seq=002493 caller=QUEST2 WRTN  DIST                 area_wfp=740036A4 ret_pc=70168732 real_wsp=70001FD0 (was 74003690) shadow_wsp=70001FD0 master_wfp=70001FE4 depth=0
redirect seq=002495 caller=QUEST2 WSAVS DIST                 pc=70168717 area_wfp=740036A4 argc=4 frame=0 real_wsp=70001FDA shadow_wsp=70001FE4 master_wfp=70001FE4 ret=70166E20 depth=1
redirect seq=002497 caller=QUEST2 WRTN  DIST                 area_wfp=740036A4 ret_pc=70168732 real_wsp=70001FD0 (was 74003690) shadow_wsp=70001FD0 master_wfp=70001FE4 depth=0
redirect seq=002502 caller=QUEST2 WSAVS DIST                 pc=70168717 area_wfp=740036A4 argc=4 frame=0 real_wsp=70001FDA shadow_wsp=70001FE4 master_wfp=70001FE4 ret=70166E20 depth=1
redirect seq=002504 caller=QUEST2 WRTN  DIST                 area_wfp=740036A4 ret_pc=70168732 real_wsp=70001FD0 (was 74003690) shadow_wsp=70001FD0 master_wfp=70001FE4 depth=0
redirect seq=002506 caller=QUEST2 WSAVS DIST                 pc=70168717 area_wfp=740036A4 argc=4 frame=0 real_wsp=70001FDA shadow_wsp=70001FE4 master_wfp=70001FE4 ret=70166E20 depth=1
redirect seq=002508 caller=QUEST2 WRTN  DIST                 area_wfp=740036A4 ret_pc=70168732 real_wsp=70001FD0 (was 74003690) shadow_wsp=70001FD0 master_wfp=70001FE4 depth=0
redirect seq=002510 caller=QUEST2 WSAVS DIST                 pc=70168717 area_wfp=740036A4 argc=4 frame=0 real_wsp=70001FDA shadow_wsp=70001FE4 master_wfp=70001FE4 ret=70166E20 depth=1
redirect seq=002512 caller=QUEST2 WRTN  DIST                 area_wfp=740036A4 ret_pc=70168732 real_wsp=70001FD0 (was 74003690) shadow_wsp=70001FD0 master_wfp=70001FE4 depth=0
redirect seq=002517 caller=QUEST2 WSAVS DIST                 pc=70168717 area_wfp=740036A4 argc=4 frame=0 real_wsp=70001FDA shadow_wsp=70001FE4 master_wfp=70001FE4 ret=70166E20 depth=1
redirect seq=002519 caller=QUEST2 WRTN  DIST                 area_wfp=740036A4 ret_pc=70168732 real_wsp=70001FD0 (was 74003690) shadow_wsp=70001FD0 master_wfp=70001FE4 depth=0
redirect seq=002521 caller=QUEST2 WSAVS DIST                 pc=70168717 area_wfp=740036A4 argc=4 frame=0 real_wsp=70001FDA shadow_wsp=70001FE4 master_wfp=70001FE4 ret=70166E20 depth=1
redirect seq=002523 caller=QUEST2 WRTN  DIST                 area_wfp=740036A4 ret_pc=70168732 real_wsp=70001FD0 (was 74003690) shadow_wsp=70001FD0 master_wfp=70001FE4 depth=0
redirect seq=002525 caller=QUEST2 WSAVS DIST                 pc=70168717 area_wfp=740036A4 argc=4 frame=0 real_wsp=70001FDA shadow_wsp=70001FE4 master_wfp=70001FE4 ret=70166E20 depth=1
redirect seq=002527 caller=QUEST2 WRTN  DIST                 area_wfp=740036A4 ret_pc=70168732 real_wsp=70001FD0 (was 74003690) shadow_wsp=70001FD0 master_wfp=70001FE4 depth=0
redirect seq=002845 caller=QUEST2 WSAVS OWNS                 pc=70175CBF area_wfp=74006B30 argc=2 frame=3 real_wsp=70001152 shadow_wsp=70001162 master_wfp=7000115C ret=7017853B depth=1
redirect seq=002846 caller=QUEST2 WRTN  OWNS                 area_wfp=74006B30 ret_pc=70175CEB real_wsp=7000114C (was 74006B20) shadow_wsp=7000114C master_wfp=7000115C depth=0
redirect seq=002883 caller=QUEST2 WSAVS DIST                 pc=70168717 area_wfp=740036A4 argc=4 frame=0 real_wsp=700015AA shadow_wsp=700015B4 master_wfp=700015B4 ret=70166B8A depth=1
redirect seq=002885 caller=QUEST2 WRTN  DIST                 area_wfp=740036A4 ret_pc=70168732 real_wsp=700015A0 (was 74003690) shadow_wsp=700015A0 master_wfp=700015B4 depth=0
redirect seq=002887 caller=QUEST2 WSAVS DIST                 pc=70168717 area_wfp=740036A4 argc=4 frame=0 real_wsp=700015AA shadow_wsp=700015B4 master_wfp=700015B4 ret=70166B8A depth=1
redirect seq=002889 caller=QUEST2 WRTN  DIST                 area_wfp=740036A4 ret_pc=70168732 real_wsp=700015A0 (was 74003690) shadow_wsp=700015A0 master_wfp=700015B4 depth=0
redirect seq=002891 caller=QUEST2 WSAVS DIST                 pc=70168717 area_wfp=740036A4 argc=4 frame=0 real_wsp=700015AA shadow_wsp=700015B4 master_wfp=700015B4 ret=70166B8A depth=1
redirect seq=002893 caller=QUEST2 WRTN  DIST                 area_wfp=740036A4 ret_pc=70168732 real_wsp=700015A0 (was 74003690) shadow_wsp=700015A0 master_wfp=700015B4 depth=0
redirect seq=002898 caller=QUEST2 WSAVS DIST                 pc=70168717 area_wfp=740036A4 argc=4 frame=0 real_wsp=700015AA shadow_wsp=700015B4 master_wfp=700015B4 ret=70166E20 depth=1
redirect seq=002900 caller=QUEST2 WRTN  DIST                 area_wfp=740036A4 ret_pc=70168732 real_wsp=700015A0 (was 74003690) shadow_wsp=700015A0 master_wfp=700015B4 depth=0
redirect seq=002902 caller=QUEST2 WSAVS DIST                 pc=70168717 area_wfp=740036A4 argc=4 frame=0 real_wsp=700015AA shadow_wsp=700015B4 master_wfp=700015B4 ret=70166E20 depth=1
redirect seq=002904 caller=QUEST2 WRTN  DIST                 area_wfp=740036A4 ret_pc=70168732 real_wsp=700015A0 (was 74003690) shadow_wsp=700015A0 master_wfp=700015B4 depth=0
redirect seq=002906 caller=QUEST2 WSAVS DIST                 pc=70168717 area_wfp=740036A4 argc=4 frame=0 real_wsp=700015AA shadow_wsp=700015B4 master_wfp=700015B4 ret=70166E20 depth=1
redirect seq=002908 caller=QUEST2 WRTN  DIST                 area_wfp=740036A4 ret_pc=70168732 real_wsp=700015A0 (was 74003690) shadow_wsp=700015A0 master_wfp=700015B4 depth=0
redirect seq=002913 caller=QUEST2 WSAVS DIST                 pc=70168717 area_wfp=740036A4 argc=4 frame=0 real_wsp=700015AA shadow_wsp=700015B4 master_wfp=700015B4 ret=70166E20 depth=1
redirect seq=002915 caller=QUEST2 WRTN  DIST                 area_wfp=740036A4 ret_pc=70168732 real_wsp=700015A0 (was 74003690) shadow_wsp=700015A0 master_wfp=700015B4 depth=0
redirect seq=002917 caller=QUEST2 WSAVS DIST                 pc=70168717 area_wfp=740036A4 argc=4 frame=0 real_wsp=700015AA shadow_wsp=700015B4 master_wfp=700015B4 ret=70166E20 depth=1
redirect seq=002919 caller=QUEST2 WRTN  DIST                 area_wfp=740036A4 ret_pc=70168732 real_wsp=700015A0 (was 74003690) shadow_wsp=700015A0 master_wfp=700015B4 depth=0
redirect seq=002921 caller=QUEST2 WSAVS DIST                 pc=70168717 area_wfp=740036A4 argc=4 frame=0 real_wsp=700015AA shadow_wsp=700015B4 master_wfp=700015B4 ret=70166E20 depth=1
redirect seq=002923 caller=QUEST2 WRTN  DIST                 area_wfp=740036A4 ret_pc=70168732 real_wsp=700015A0 (was 74003690) shadow_wsp=700015A0 master_wfp=700015B4 depth=0
redirect seq=002927 caller=QUEST2 WSAVS DIST                 pc=70168717 area_wfp=740036A4 argc=4 frame=0 real_wsp=700015AA shadow_wsp=700015B4 master_wfp=700015B4 ret=70166E20 depth=1
redirect seq=002929 caller=QUEST2 WRTN  DIST                 area_wfp=740036A4 ret_pc=70168732 real_wsp=700015A0 (was 74003690) shadow_wsp=700015A0 master_wfp=700015B4 depth=0
redirect seq=002931 caller=QUEST2 WSAVS DIST                 pc=70168717 area_wfp=740036A4 argc=4 frame=0 real_wsp=700015AA shadow_wsp=700015B4 master_wfp=700015B4 ret=70166E20 depth=1
redirect seq=002934 caller=QUEST2 WRTN  DIST                 area_wfp=740036A4 ret_pc=70168732 real_wsp=700015A0 (was 74003690) shadow_wsp=700015A0 master_wfp=700015B4 depth=0
redirect seq=002936 caller=QUEST2 WSAVS DIST                 pc=70168717 area_wfp=740036A4 argc=4 frame=0 real_wsp=700015AA shadow_wsp=700015B4 master_wfp=700015B4 ret=70166E20 depth=1
redirect seq=002938 caller=QUEST2 WRTN  DIST                 area_wfp=740036A4 ret_pc=70168732 real_wsp=700015A0 (was 74003690) shadow_wsp=700015A0 master_wfp=700015B4 depth=0
redirect seq=002943 caller=QUEST2 WSAVS DIST                 pc=70168717 area_wfp=740036A4 argc=4 frame=0 real_wsp=700015AA shadow_wsp=700015B4 master_wfp=700015B4 ret=70166E20 depth=1
redirect seq=002945 caller=QUEST2 WRTN  DIST                 area_wfp=740036A4 ret_pc=70168732 real_wsp=700015A0 (was 74003690) shadow_wsp=700015A0 master_wfp=700015B4 depth=0
redirect seq=002947 caller=QUEST2 WSAVS DIST                 pc=70168717 area_wfp=740036A4 argc=4 frame=0 real_wsp=700015AA shadow_wsp=700015B4 master_wfp=700015B4 ret=70166E20 depth=1
redirect seq=002949 caller=QUEST2 WRTN  DIST                 area_wfp=740036A4 ret_pc=70168732 real_wsp=700015A0 (was 74003690) shadow_wsp=700015A0 master_wfp=700015B4 depth=0
redirect seq=002951 caller=QUEST2 WSAVS DIST                 pc=70168717 area_wfp=740036A4 argc=4 frame=0 real_wsp=700015AA shadow_wsp=700015B4 master_wfp=700015B4 ret=70166E20 depth=1
redirect seq=002953 caller=QUEST2 WRTN  DIST                 area_wfp=740036A4 ret_pc=70168732 real_wsp=700015A0 (was 74003690) shadow_wsp=700015A0 master_wfp=700015B4 depth=0
redirect seq=002958 caller=QUEST2 WSAVS DIST                 pc=70168717 area_wfp=740036A4 argc=4 frame=0 real_wsp=700015AA shadow_wsp=700015B4 master_wfp=700015B4 ret=70166E20 depth=1
redirect seq=002960 caller=QUEST2 WRTN  DIST                 area_wfp=740036A4 ret_pc=70168732 real_wsp=700015A0 (was 74003690) shadow_wsp=700015A0 master_wfp=700015B4 depth=0
redirect seq=002962 caller=QUEST2 WSAVS DIST                 pc=70168717 area_wfp=740036A4 argc=4 frame=0 real_wsp=700015AA shadow_wsp=700015B4 master_wfp=700015B4 ret=70166E20 depth=1
redirect seq=002964 caller=QUEST2 WRTN  DIST                 area_wfp=740036A4 ret_pc=70168732 real_wsp=700015A0 (was 74003690) shadow_wsp=700015A0 master_wfp=700015B4 depth=0
redirect seq=002966 caller=QUEST2 WSAVS DIST                 pc=70168717 area_wfp=740036A4 argc=4 frame=0 real_wsp=700015AA shadow_wsp=700015B4 master_wfp=700015B4 ret=70166E20 depth=1
redirect seq=002969 caller=QUEST2 WRTN  DIST                 area_wfp=740036A4 ret_pc=70168732 real_wsp=700015A0 (was 74003690) shadow_wsp=700015A0 master_wfp=700015B4 depth=0
redirect seq=002971 caller=QUEST2 WSAVS DIST                 pc=70168717 area_wfp=740036A4 argc=4 frame=0 real_wsp=700015AA shadow_wsp=700015B4 master_wfp=700015B4 ret=70166E20 depth=1
redirect seq=002975 caller=QUEST2 WRTN  DIST                 area_wfp=740036A4 ret_pc=70168732 real_wsp=700015A0 (was 74003690) shadow_wsp=700015A0 master_wfp=700015B4 depth=0
redirect seq=002977 caller=QUEST2 WSAVS DIST                 pc=70168717 area_wfp=740036A4 argc=4 frame=0 real_wsp=700015AA shadow_wsp=700015B4 master_wfp=700015B4 ret=70166E20 depth=1
redirect seq=002979 caller=QUEST2 WRTN  DIST                 area_wfp=740036A4 ret_pc=70168732 real_wsp=700015A0 (was 74003690) shadow_wsp=700015A0 master_wfp=700015B4 depth=0
redirect seq=002981 caller=QUEST2 WSAVS DIST                 pc=70168717 area_wfp=740036A4 argc=4 frame=0 real_wsp=700015AA shadow_wsp=700015B4 master_wfp=700015B4 ret=70166E20 depth=1
redirect seq=002983 caller=QUEST2 WRTN  DIST                 area_wfp=740036A4 ret_pc=70168732 real_wsp=700015A0 (was 74003690) shadow_wsp=700015A0 master_wfp=700015B4 depth=0
redirect seq=002988 caller=QUEST2 WSAVS DIST                 pc=70168717 area_wfp=740036A4 argc=4 frame=0 real_wsp=700015AA shadow_wsp=700015B4 master_wfp=700015B4 ret=70166E20 depth=1
redirect seq=002990 caller=QUEST2 WRTN  DIST                 area_wfp=740036A4 ret_pc=70168732 real_wsp=700015A0 (was 74003690) shadow_wsp=700015A0 master_wfp=700015B4 depth=0
redirect seq=002992 caller=QUEST2 WSAVS DIST                 pc=70168717 area_wfp=740036A4 argc=4 frame=0 real_wsp=700015AA shadow_wsp=700015B4 master_wfp=700015B4 ret=70166E20 depth=1
redirect seq=002994 caller=QUEST2 WRTN  DIST                 area_wfp=740036A4 ret_pc=70168732 real_wsp=700015A0 (was 74003690) shadow_wsp=700015A0 master_wfp=700015B4 depth=0
redirect seq=002996 caller=QUEST2 WSAVS DIST                 pc=70168717 area_wfp=740036A4 argc=4 frame=0 real_wsp=700015AA shadow_wsp=700015B4 master_wfp=700015B4 ret=70166E20 depth=1
redirect seq=002998 caller=QUEST2 WRTN  DIST                 area_wfp=740036A4 ret_pc=70168732 real_wsp=700015A0 (was 74003690) shadow_wsp=700015A0 master_wfp=700015B4 depth=0
redirect seq=003002 caller=QUEST2 WSAVS DIST                 pc=70168717 area_wfp=740036A4 argc=4 frame=0 real_wsp=700015AA shadow_wsp=700015B4 master_wfp=700015B4 ret=70166E20 depth=1
redirect seq=003004 caller=QUEST2 WRTN  DIST                 area_wfp=740036A4 ret_pc=70168732 real_wsp=700015A0 (was 74003690) shadow_wsp=700015A0 master_wfp=700015B4 depth=0
redirect seq=003006 caller=QUEST2 WSAVS DIST                 pc=70168717 area_wfp=740036A4 argc=4 frame=0 real_wsp=700015AA shadow_wsp=700015B4 master_wfp=700015B4 ret=70166E20 depth=1
redirect seq=003009 caller=QUEST2 WRTN  DIST                 area_wfp=740036A4 ret_pc=70168732 real_wsp=700015A0 (was 74003690) shadow_wsp=700015A0 master_wfp=700015B4 depth=0
redirect seq=003011 caller=QUEST2 WSAVS DIST                 pc=70168717 area_wfp=740036A4 argc=4 frame=0 real_wsp=700015AA shadow_wsp=700015B4 master_wfp=700015B4 ret=70166E20 depth=1
redirect seq=003013 caller=QUEST2 WRTN  DIST                 area_wfp=740036A4 ret_pc=70168732 real_wsp=700015A0 (was 74003690) shadow_wsp=700015A0 master_wfp=700015B4 depth=0
redirect seq=003018 caller=QUEST2 WSAVS DIST                 pc=70168717 area_wfp=740036A4 argc=4 frame=0 real_wsp=700015AA shadow_wsp=700015B4 master_wfp=700015B4 ret=70166E20 depth=1
redirect seq=003020 caller=QUEST2 WRTN  DIST                 area_wfp=740036A4 ret_pc=70168732 real_wsp=700015A0 (was 74003690) shadow_wsp=700015A0 master_wfp=700015B4 depth=0
redirect seq=003022 caller=QUEST2 WSAVS DIST                 pc=70168717 area_wfp=740036A4 argc=4 frame=0 real_wsp=700015AA shadow_wsp=700015B4 master_wfp=700015B4 ret=70166E20 depth=1
redirect seq=003024 caller=QUEST2 WRTN  DIST                 area_wfp=740036A4 ret_pc=70168732 real_wsp=700015A0 (was 74003690) shadow_wsp=700015A0 master_wfp=700015B4 depth=0
redirect seq=003026 caller=QUEST2 WSAVS DIST                 pc=70168717 area_wfp=740036A4 argc=4 frame=0 real_wsp=700015AA shadow_wsp=700015B4 master_wfp=700015B4 ret=70166E20 depth=1
redirect seq=003028 caller=QUEST2 WRTN  DIST                 area_wfp=740036A4 ret_pc=70168732 real_wsp=700015A0 (was 74003690) shadow_wsp=700015A0 master_wfp=700015B4 depth=0
redirect seq=003033 caller=QUEST2 WSAVS DIST                 pc=70168717 area_wfp=740036A4 argc=4 frame=0 real_wsp=700015AA shadow_wsp=700015B4 master_wfp=700015B4 ret=70166E20 depth=1
redirect seq=003035 caller=QUEST2 WRTN  DIST                 area_wfp=740036A4 ret_pc=70168732 real_wsp=700015A0 (was 74003690) shadow_wsp=700015A0 master_wfp=700015B4 depth=0
redirect seq=003037 caller=QUEST2 WSAVS DIST                 pc=70168717 area_wfp=740036A4 argc=4 frame=0 real_wsp=700015AA shadow_wsp=700015B4 master_wfp=700015B4 ret=70166E20 depth=1
redirect seq=003039 caller=QUEST2 WRTN  DIST                 area_wfp=740036A4 ret_pc=70168732 real_wsp=700015A0 (was 74003690) shadow_wsp=700015A0 master_wfp=700015B4 depth=0
redirect seq=003041 caller=QUEST2 WSAVS DIST                 pc=70168717 area_wfp=740036A4 argc=4 frame=0 real_wsp=700015AA shadow_wsp=700015B4 master_wfp=700015B4 ret=70166E20 depth=1
redirect seq=003043 caller=QUEST2 WRTN  DIST                 area_wfp=740036A4 ret_pc=70168732 real_wsp=700015A0 (was 74003690) shadow_wsp=700015A0 master_wfp=700015B4 depth=0
redirect seq=003046 caller=QUEST2 WSAVS DIST                 pc=70168717 area_wfp=740036A4 argc=4 frame=0 real_wsp=700015AA shadow_wsp=700015B4 master_wfp=700015B4 ret=70166E20 depth=1
redirect seq=003048 caller=QUEST2 WRTN  DIST                 area_wfp=740036A4 ret_pc=70168732 real_wsp=700015A0 (was 74003690) shadow_wsp=700015A0 master_wfp=700015B4 depth=0
redirect seq=003052 caller=QUEST2 WSAVS DIST                 pc=70168717 area_wfp=740036A4 argc=4 frame=0 real_wsp=700015AA shadow_wsp=700015B4 master_wfp=700015B4 ret=70166E20 depth=1
redirect seq=003054 caller=QUEST2 WRTN  DIST                 area_wfp=740036A4 ret_pc=70168732 real_wsp=700015A0 (was 74003690) shadow_wsp=700015A0 master_wfp=700015B4 depth=0
redirect seq=003056 caller=QUEST2 WSAVS DIST                 pc=70168717 area_wfp=740036A4 argc=4 frame=0 real_wsp=700015AA shadow_wsp=700015B4 master_wfp=700015B4 ret=70166E20 depth=1
redirect seq=003058 caller=QUEST2 WRTN  DIST                 area_wfp=740036A4 ret_pc=70168732 real_wsp=700015A0 (was 74003690) shadow_wsp=700015A0 master_wfp=700015B4 depth=0
redirect seq=003063 caller=QUEST2 WSAVS DIST                 pc=70168717 area_wfp=740036A4 argc=4 frame=0 real_wsp=700015AA shadow_wsp=700015B4 master_wfp=700015B4 ret=70166E20 depth=1
redirect seq=003065 caller=QUEST2 WRTN  DIST                 area_wfp=740036A4 ret_pc=70168732 real_wsp=700015A0 (was 74003690) shadow_wsp=700015A0 master_wfp=700015B4 depth=0
redirect seq=003067 caller=QUEST2 WSAVS DIST                 pc=70168717 area_wfp=740036A4 argc=4 frame=0 real_wsp=700015AA shadow_wsp=700015B4 master_wfp=700015B4 ret=70166E20 depth=1
redirect seq=003069 caller=QUEST2 WRTN  DIST                 area_wfp=740036A4 ret_pc=70168732 real_wsp=700015A0 (was 74003690) shadow_wsp=700015A0 master_wfp=700015B4 depth=0
redirect seq=003071 caller=QUEST2 WSAVS DIST                 pc=70168717 area_wfp=740036A4 argc=4 frame=0 real_wsp=700015AA shadow_wsp=700015B4 master_wfp=700015B4 ret=70166E20 depth=1
redirect seq=003073 caller=QUEST2 WRTN  DIST                 area_wfp=740036A4 ret_pc=70168732 real_wsp=700015A0 (was 74003690) shadow_wsp=700015A0 master_wfp=700015B4 depth=0
redirect seq=003078 caller=QUEST2 WSAVS DIST                 pc=70168717 area_wfp=740036A4 argc=4 frame=0 real_wsp=700015AA shadow_wsp=700015B4 master_wfp=700015B4 ret=70166E20 depth=1
redirect seq=003080 caller=QUEST2 WRTN  DIST                 area_wfp=740036A4 ret_pc=70168732 real_wsp=700015A0 (was 74003690) shadow_wsp=700015A0 master_wfp=700015B4 depth=0
redirect seq=003082 caller=QUEST2 WSAVS DIST                 pc=70168717 area_wfp=740036A4 argc=4 frame=0 real_wsp=700015AA shadow_wsp=700015B4 master_wfp=700015B4 ret=70166E20 depth=1
redirect seq=003084 caller=QUEST2 WRTN  DIST                 area_wfp=740036A4 ret_pc=70168732 real_wsp=700015A0 (was 74003690) shadow_wsp=700015A0 master_wfp=700015B4 depth=0
redirect seq=003086 caller=QUEST2 WSAVS DIST                 pc=70168717 area_wfp=740036A4 argc=4 frame=0 real_wsp=700015AA shadow_wsp=700015B4 master_wfp=700015B4 ret=70166E20 depth=1
redirect seq=003088 caller=QUEST2 WRTN  DIST                 area_wfp=740036A4 ret_pc=70168732 real_wsp=700015A0 (was 74003690) shadow_wsp=700015A0 master_wfp=700015B4 depth=0
redirect seq=003092 caller=QUEST2 WSAVS DIST                 pc=70168717 area_wfp=740036A4 argc=4 frame=0 real_wsp=700015AA shadow_wsp=700015B4 master_wfp=700015B4 ret=70166E20 depth=1
redirect seq=003094 caller=QUEST2 WRTN  DIST                 area_wfp=740036A4 ret_pc=70168732 real_wsp=700015A0 (was 74003690) shadow_wsp=700015A0 master_wfp=700015B4 depth=0
redirect seq=003096 caller=QUEST2 WSAVS DIST                 pc=70168717 area_wfp=740036A4 argc=4 frame=0 real_wsp=700015AA shadow_wsp=700015B4 master_wfp=700015B4 ret=70166E20 depth=1
redirect seq=003098 caller=QUEST2 WRTN  DIST                 area_wfp=740036A4 ret_pc=70168732 real_wsp=700015A0 (was 74003690) shadow_wsp=700015A0 master_wfp=700015B4 depth=0
redirect seq=003101 caller=QUEST2 WSAVS DIST                 pc=70168717 area_wfp=740036A4 argc=4 frame=0 real_wsp=700015AA shadow_wsp=700015B4 master_wfp=700015B4 ret=70166E20 depth=1
redirect seq=003103 caller=QUEST2 WRTN  DIST                 area_wfp=740036A4 ret_pc=70168732 real_wsp=700015A0 (was 74003690) shadow_wsp=700015A0 master_wfp=700015B4 depth=0
redirect seq=003108 caller=QUEST2 WSAVS DIST                 pc=70168717 area_wfp=740036A4 argc=4 frame=0 real_wsp=700015AA shadow_wsp=700015B4 master_wfp=700015B4 ret=70166E20 depth=1
redirect seq=003110 caller=QUEST2 WRTN  DIST                 area_wfp=740036A4 ret_pc=70168732 real_wsp=700015A0 (was 74003690) shadow_wsp=700015A0 master_wfp=700015B4 depth=0
redirect seq=003112 caller=QUEST2 WSAVS DIST                 pc=70168717 area_wfp=740036A4 argc=4 frame=0 real_wsp=700015AA shadow_wsp=700015B4 master_wfp=700015B4 ret=70166E20 depth=1
redirect seq=003114 caller=QUEST2 WRTN  DIST                 area_wfp=740036A4 ret_pc=70168732 real_wsp=700015A0 (was 74003690) shadow_wsp=700015A0 master_wfp=700015B4 depth=0
redirect seq=003116 caller=QUEST2 WSAVS DIST                 pc=70168717 area_wfp=740036A4 argc=4 frame=0 real_wsp=700015AA shadow_wsp=700015B4 master_wfp=700015B4 ret=70166E20 depth=1
redirect seq=003118 caller=QUEST2 WRTN  DIST                 area_wfp=740036A4 ret_pc=70168732 real_wsp=700015A0 (was 74003690) shadow_wsp=700015A0 master_wfp=700015B4 depth=0
redirect seq=003123 caller=QUEST2 WSAVS DIST                 pc=70168717 area_wfp=740036A4 argc=4 frame=0 real_wsp=700015AA shadow_wsp=700015B4 master_wfp=700015B4 ret=70166E20 depth=1
redirect seq=003125 caller=QUEST2 WRTN  DIST                 area_wfp=740036A4 ret_pc=70168732 real_wsp=700015A0 (was 74003690) shadow_wsp=700015A0 master_wfp=700015B4 depth=0
redirect seq=003127 caller=QUEST2 WSAVS DIST                 pc=70168717 area_wfp=740036A4 argc=4 frame=0 real_wsp=700015AA shadow_wsp=700015B4 master_wfp=700015B4 ret=70166E20 depth=1
redirect seq=003129 caller=QUEST2 WRTN  DIST                 area_wfp=740036A4 ret_pc=70168732 real_wsp=700015A0 (was 74003690) shadow_wsp=700015A0 master_wfp=700015B4 depth=0
redirect seq=003131 caller=QUEST2 WSAVS DIST                 pc=70168717 area_wfp=740036A4 argc=4 frame=0 real_wsp=700015AA shadow_wsp=700015B4 master_wfp=700015B4 ret=70166E20 depth=1
redirect seq=003133 caller=QUEST2 WRTN  DIST                 area_wfp=740036A4 ret_pc=70168732 real_wsp=700015A0 (was 74003690) shadow_wsp=700015A0 master_wfp=700015B4 depth=0
redirect seq=003137 caller=QUEST2 WSAVS DIST                 pc=70168717 area_wfp=740036A4 argc=4 frame=0 real_wsp=700015AA shadow_wsp=700015B4 master_wfp=700015B4 ret=70166E20 depth=1
redirect seq=003139 caller=QUEST2 WRTN  DIST                 area_wfp=740036A4 ret_pc=70168732 real_wsp=700015A0 (was 74003690) shadow_wsp=700015A0 master_wfp=700015B4 depth=0
redirect seq=003141 caller=QUEST2 WSAVS DIST                 pc=70168717 area_wfp=740036A4 argc=4 frame=0 real_wsp=700015AA shadow_wsp=700015B4 master_wfp=700015B4 ret=70166E20 depth=1
redirect seq=003144 caller=QUEST2 WRTN  DIST                 area_wfp=740036A4 ret_pc=70168732 real_wsp=700015A0 (was 74003690) shadow_wsp=700015A0 master_wfp=700015B4 depth=0
redirect seq=003146 caller=QUEST2 WSAVS DIST                 pc=70168717 area_wfp=740036A4 argc=4 frame=0 real_wsp=700015AA shadow_wsp=700015B4 master_wfp=700015B4 ret=70166E20 depth=1
redirect seq=003148 caller=QUEST2 WRTN  DIST                 area_wfp=740036A4 ret_pc=70168732 real_wsp=700015A0 (was 74003690) shadow_wsp=700015A0 master_wfp=700015B4 depth=0
redirect seq=003153 caller=QUEST2 WSAVS DIST                 pc=70168717 area_wfp=740036A4 argc=4 frame=0 real_wsp=700015AA shadow_wsp=700015B4 master_wfp=700015B4 ret=70166E20 depth=1
redirect seq=003155 caller=QUEST2 WRTN  DIST                 area_wfp=740036A4 ret_pc=70168732 real_wsp=700015A0 (was 74003690) shadow_wsp=700015A0 master_wfp=700015B4 depth=0
redirect seq=003157 caller=QUEST2 WSAVS DIST                 pc=70168717 area_wfp=740036A4 argc=4 frame=0 real_wsp=700015AA shadow_wsp=700015B4 master_wfp=700015B4 ret=70166E20 depth=1
redirect seq=003159 caller=QUEST2 WRTN  DIST                 area_wfp=740036A4 ret_pc=70168732 real_wsp=700015A0 (was 74003690) shadow_wsp=700015A0 master_wfp=700015B4 depth=0
redirect seq=003161 caller=QUEST2 WSAVS DIST                 pc=70168717 area_wfp=740036A4 argc=4 frame=0 real_wsp=700015AA shadow_wsp=700015B4 master_wfp=700015B4 ret=70166E20 depth=1
redirect seq=003163 caller=QUEST2 WRTN  DIST                 area_wfp=740036A4 ret_pc=70168732 real_wsp=700015A0 (was 74003690) shadow_wsp=700015A0 master_wfp=700015B4 depth=0
redirect seq=003168 caller=QUEST2 WSAVS DIST                 pc=70168717 area_wfp=740036A4 argc=4 frame=0 real_wsp=700015AA shadow_wsp=700015B4 master_wfp=700015B4 ret=70166E20 depth=1
redirect seq=003170 caller=QUEST2 WRTN  DIST                 area_wfp=740036A4 ret_pc=70168732 real_wsp=700015A0 (was 74003690) shadow_wsp=700015A0 master_wfp=700015B4 depth=0
redirect seq=003172 caller=QUEST2 WSAVS DIST                 pc=70168717 area_wfp=740036A4 argc=4 frame=0 real_wsp=700015AA shadow_wsp=700015B4 master_wfp=700015B4 ret=70166E20 depth=1
redirect seq=003174 caller=QUEST2 WRTN  DIST                 area_wfp=740036A4 ret_pc=70168732 real_wsp=700015A0 (was 74003690) shadow_wsp=700015A0 master_wfp=700015B4 depth=0
redirect seq=003176 caller=QUEST2 WSAVS DIST                 pc=70168717 area_wfp=740036A4 argc=4 frame=0 real_wsp=700015AA shadow_wsp=700015B4 master_wfp=700015B4 ret=70166E20 depth=1
redirect seq=003179 caller=QUEST2 WRTN  DIST                 area_wfp=740036A4 ret_pc=70168732 real_wsp=700015A0 (was 74003690) shadow_wsp=700015A0 master_wfp=700015B4 depth=0
redirect seq=003181 caller=QUEST2 WSAVS DIST                 pc=70168717 area_wfp=740036A4 argc=4 frame=0 real_wsp=700015AA shadow_wsp=700015B4 master_wfp=700015B4 ret=70166E20 depth=1
redirect seq=003185 caller=QUEST2 WRTN  DIST                 area_wfp=740036A4 ret_pc=70168732 real_wsp=700015A0 (was 74003690) shadow_wsp=700015A0 master_wfp=700015B4 depth=0
redirect seq=003187 caller=QUEST2 WSAVS DIST                 pc=70168717 area_wfp=740036A4 argc=4 frame=0 real_wsp=700015AA shadow_wsp=700015B4 master_wfp=700015B4 ret=70166E20 depth=1
redirect seq=003189 caller=QUEST2 WRTN  DIST                 area_wfp=740036A4 ret_pc=70168732 real_wsp=700015A0 (was 74003690) shadow_wsp=700015A0 master_wfp=700015B4 depth=0
redirect seq=003191 caller=QUEST2 WSAVS DIST                 pc=70168717 area_wfp=740036A4 argc=4 frame=0 real_wsp=700015AA shadow_wsp=700015B4 master_wfp=700015B4 ret=70166E20 depth=1
redirect seq=003193 caller=QUEST2 WRTN  DIST                 area_wfp=740036A4 ret_pc=70168732 real_wsp=700015A0 (was 74003690) shadow_wsp=700015A0 master_wfp=700015B4 depth=0
redirect seq=003198 caller=QUEST2 WSAVS DIST                 pc=70168717 area_wfp=740036A4 argc=4 frame=0 real_wsp=700015AA shadow_wsp=700015B4 master_wfp=700015B4 ret=70166E20 depth=1
redirect seq=003200 caller=QUEST2 WRTN  DIST                 area_wfp=740036A4 ret_pc=70168732 real_wsp=700015A0 (was 74003690) shadow_wsp=700015A0 master_wfp=700015B4 depth=0
redirect seq=003202 caller=QUEST2 WSAVS DIST                 pc=70168717 area_wfp=740036A4 argc=4 frame=0 real_wsp=700015AA shadow_wsp=700015B4 master_wfp=700015B4 ret=70166E20 depth=1
redirect seq=003204 caller=QUEST2 WRTN  DIST                 area_wfp=740036A4 ret_pc=70168732 real_wsp=700015A0 (was 74003690) shadow_wsp=700015A0 master_wfp=700015B4 depth=0
redirect seq=003206 caller=QUEST2 WSAVS DIST                 pc=70168717 area_wfp=740036A4 argc=4 frame=0 real_wsp=700015AA shadow_wsp=700015B4 master_wfp=700015B4 ret=70166E20 depth=1
redirect seq=003208 caller=QUEST2 WRTN  DIST                 area_wfp=740036A4 ret_pc=70168732 real_wsp=700015A0 (was 74003690) shadow_wsp=700015A0 master_wfp=700015B4 depth=0
redirect seq=003212 caller=QUEST2 WSAVS DIST                 pc=70168717 area_wfp=740036A4 argc=4 frame=0 real_wsp=700015AA shadow_wsp=700015B4 master_wfp=700015B4 ret=70166E20 depth=1
redirect seq=003214 caller=QUEST2 WRTN  DIST                 area_wfp=740036A4 ret_pc=70168732 real_wsp=700015A0 (was 74003690) shadow_wsp=700015A0 master_wfp=700015B4 depth=0
redirect seq=003216 caller=QUEST2 WSAVS DIST                 pc=70168717 area_wfp=740036A4 argc=4 frame=0 real_wsp=700015AA shadow_wsp=700015B4 master_wfp=700015B4 ret=70166E20 depth=1
redirect seq=003218 caller=QUEST2 WRTN  DIST                 area_wfp=740036A4 ret_pc=70168732 real_wsp=700015A0 (was 74003690) shadow_wsp=700015A0 master_wfp=700015B4 depth=0
redirect seq=003221 caller=QUEST2 WSAVS DIST                 pc=70168717 area_wfp=740036A4 argc=4 frame=0 real_wsp=700015AA shadow_wsp=700015B4 master_wfp=700015B4 ret=70166E20 depth=1
redirect seq=003223 caller=QUEST2 WRTN  DIST                 area_wfp=740036A4 ret_pc=70168732 real_wsp=700015A0 (was 74003690) shadow_wsp=700015A0 master_wfp=700015B4 depth=0
redirect seq=003228 caller=QUEST2 WSAVS DIST                 pc=70168717 area_wfp=740036A4 argc=4 frame=0 real_wsp=700015AA shadow_wsp=700015B4 master_wfp=700015B4 ret=70166E20 depth=1
redirect seq=003230 caller=QUEST2 WRTN  DIST                 area_wfp=740036A4 ret_pc=70168732 real_wsp=700015A0 (was 74003690) shadow_wsp=700015A0 master_wfp=700015B4 depth=0
redirect seq=003232 caller=QUEST2 WSAVS DIST                 pc=70168717 area_wfp=740036A4 argc=4 frame=0 real_wsp=700015AA shadow_wsp=700015B4 master_wfp=700015B4 ret=70166E20 depth=1
redirect seq=003234 caller=QUEST2 WRTN  DIST                 area_wfp=740036A4 ret_pc=70168732 real_wsp=700015A0 (was 74003690) shadow_wsp=700015A0 master_wfp=700015B4 depth=0
redirect seq=003236 caller=QUEST2 WSAVS DIST                 pc=70168717 area_wfp=740036A4 argc=4 frame=0 real_wsp=700015AA shadow_wsp=700015B4 master_wfp=700015B4 ret=70166E20 depth=1
redirect seq=003238 caller=QUEST2 WRTN  DIST                 area_wfp=740036A4 ret_pc=70168732 real_wsp=700015A0 (was 74003690) shadow_wsp=700015A0 master_wfp=700015B4 depth=0
redirect seq=003242 caller=QUEST2 WSAVS DIST                 pc=70168717 area_wfp=740036A4 argc=4 frame=0 real_wsp=700015AA shadow_wsp=700015B4 master_wfp=700015B4 ret=70166E20 depth=1
redirect seq=003244 caller=QUEST2 WRTN  DIST                 area_wfp=740036A4 ret_pc=70168732 real_wsp=700015A0 (was 74003690) shadow_wsp=700015A0 master_wfp=700015B4 depth=0
redirect seq=003246 caller=QUEST2 WSAVS DIST                 pc=70168717 area_wfp=740036A4 argc=4 frame=0 real_wsp=700015AA shadow_wsp=700015B4 master_wfp=700015B4 ret=70166E20 depth=1
redirect seq=003248 caller=QUEST2 WRTN  DIST                 area_wfp=740036A4 ret_pc=70168732 real_wsp=700015A0 (was 74003690) shadow_wsp=700015A0 master_wfp=700015B4 depth=0
redirect seq=003251 caller=QUEST2 WSAVS DIST                 pc=70168717 area_wfp=740036A4 argc=4 frame=0 real_wsp=700015AA shadow_wsp=700015B4 master_wfp=700015B4 ret=70166E20 depth=1
redirect seq=003253 caller=QUEST2 WRTN  DIST                 area_wfp=740036A4 ret_pc=70168732 real_wsp=700015A0 (was 74003690) shadow_wsp=700015A0 master_wfp=700015B4 depth=0
redirect seq=003258 caller=QUEST2 WSAVS DIST                 pc=70168717 area_wfp=740036A4 argc=4 frame=0 real_wsp=700015AA shadow_wsp=700015B4 master_wfp=700015B4 ret=70166E20 depth=1
redirect seq=003260 caller=QUEST2 WRTN  DIST                 area_wfp=740036A4 ret_pc=70168732 real_wsp=700015A0 (was 74003690) shadow_wsp=700015A0 master_wfp=700015B4 depth=0
redirect seq=003262 caller=QUEST2 WSAVS DIST                 pc=70168717 area_wfp=740036A4 argc=4 frame=0 real_wsp=700015AA shadow_wsp=700015B4 master_wfp=700015B4 ret=70166E20 depth=1
redirect seq=003264 caller=QUEST2 WRTN  DIST                 area_wfp=740036A4 ret_pc=70168732 real_wsp=700015A0 (was 74003690) shadow_wsp=700015A0 master_wfp=700015B4 depth=0
redirect seq=003266 caller=QUEST2 WSAVS DIST                 pc=70168717 area_wfp=740036A4 argc=4 frame=0 real_wsp=700015AA shadow_wsp=700015B4 master_wfp=700015B4 ret=70166E20 depth=1
redirect seq=003268 caller=QUEST2 WRTN  DIST                 area_wfp=740036A4 ret_pc=70168732 real_wsp=700015A0 (was 74003690) shadow_wsp=700015A0 master_wfp=700015B4 depth=0
redirect seq=003273 caller=QUEST2 WSAVS DIST                 pc=70168717 area_wfp=740036A4 argc=4 frame=0 real_wsp=700015AA shadow_wsp=700015B4 master_wfp=700015B4 ret=70166E20 depth=1
redirect seq=003275 caller=QUEST2 WRTN  DIST                 area_wfp=740036A4 ret_pc=70168732 real_wsp=700015A0 (was 74003690) shadow_wsp=700015A0 master_wfp=700015B4 depth=0
redirect seq=003277 caller=QUEST2 WSAVS DIST                 pc=70168717 area_wfp=740036A4 argc=4 frame=0 real_wsp=700015AA shadow_wsp=700015B4 master_wfp=700015B4 ret=70166E20 depth=1
redirect seq=003279 caller=QUEST2 WRTN  DIST                 area_wfp=740036A4 ret_pc=70168732 real_wsp=700015A0 (was 74003690) shadow_wsp=700015A0 master_wfp=700015B4 depth=0
redirect seq=003281 caller=QUEST2 WSAVS DIST                 pc=70168717 area_wfp=740036A4 argc=4 frame=0 real_wsp=700015AA shadow_wsp=700015B4 master_wfp=700015B4 ret=70166E20 depth=1
redirect seq=003283 caller=QUEST2 WRTN  DIST                 area_wfp=740036A4 ret_pc=70168732 real_wsp=700015A0 (was 74003690) shadow_wsp=700015A0 master_wfp=700015B4 depth=0
redirect seq=003286 caller=QUEST2 WSAVS DIST                 pc=70168717 area_wfp=740036A4 argc=4 frame=0 real_wsp=700015AA shadow_wsp=700015B4 master_wfp=700015B4 ret=70166E20 depth=1
redirect seq=003288 caller=QUEST2 WRTN  DIST                 area_wfp=740036A4 ret_pc=70168732 real_wsp=700015A0 (was 74003690) shadow_wsp=700015A0 master_wfp=700015B4 depth=0
redirect seq=003292 caller=QUEST2 WSAVS DIST                 pc=70168717 area_wfp=740036A4 argc=4 frame=0 real_wsp=700015AA shadow_wsp=700015B4 master_wfp=700015B4 ret=70166E20 depth=1
redirect seq=003294 caller=QUEST2 WRTN  DIST                 area_wfp=740036A4 ret_pc=70168732 real_wsp=700015A0 (was 74003690) shadow_wsp=700015A0 master_wfp=700015B4 depth=0
redirect seq=003296 caller=QUEST2 WSAVS DIST                 pc=70168717 area_wfp=740036A4 argc=4 frame=0 real_wsp=700015AA shadow_wsp=700015B4 master_wfp=700015B4 ret=70166E20 depth=1
redirect seq=003298 caller=QUEST2 WRTN  DIST                 area_wfp=740036A4 ret_pc=70168732 real_wsp=700015A0 (was 74003690) shadow_wsp=700015A0 master_wfp=700015B4 depth=0
redirect seq=003303 caller=QUEST2 WSAVS DIST                 pc=70168717 area_wfp=740036A4 argc=4 frame=0 real_wsp=700015AA shadow_wsp=700015B4 master_wfp=700015B4 ret=70166E20 depth=1
redirect seq=003305 caller=QUEST2 WRTN  DIST                 area_wfp=740036A4 ret_pc=70168732 real_wsp=700015A0 (was 74003690) shadow_wsp=700015A0 master_wfp=700015B4 depth=0
redirect seq=003307 caller=QUEST2 WSAVS DIST                 pc=70168717 area_wfp=740036A4 argc=4 frame=0 real_wsp=700015AA shadow_wsp=700015B4 master_wfp=700015B4 ret=70166E20 depth=1
redirect seq=003309 caller=QUEST2 WRTN  DIST                 area_wfp=740036A4 ret_pc=70168732 real_wsp=700015A0 (was 74003690) shadow_wsp=700015A0 master_wfp=700015B4 depth=0
redirect seq=003311 caller=QUEST2 WSAVS DIST                 pc=70168717 area_wfp=740036A4 argc=4 frame=0 real_wsp=700015AA shadow_wsp=700015B4 master_wfp=700015B4 ret=70166E20 depth=1
redirect seq=003313 caller=QUEST2 WRTN  DIST                 area_wfp=740036A4 ret_pc=70168732 real_wsp=700015A0 (was 74003690) shadow_wsp=700015A0 master_wfp=700015B4 depth=0
redirect seq=003316 caller=QUEST2 WSAVS DIST                 pc=70168717 area_wfp=740036A4 argc=4 frame=0 real_wsp=700015AA shadow_wsp=700015B4 master_wfp=700015B4 ret=70166E20 depth=1
redirect seq=003320 caller=QUEST2 WRTN  DIST                 area_wfp=740036A4 ret_pc=70168732 real_wsp=700015A0 (was 74003690) shadow_wsp=700015A0 master_wfp=700015B4 depth=0
redirect seq=003322 caller=QUEST2 WSAVS DIST                 pc=70168717 area_wfp=740036A4 argc=4 frame=0 real_wsp=700015AA shadow_wsp=700015B4 master_wfp=700015B4 ret=70166E20 depth=1
redirect seq=003324 caller=QUEST2 WRTN  DIST                 area_wfp=740036A4 ret_pc=70168732 real_wsp=700015A0 (was 74003690) shadow_wsp=700015A0 master_wfp=700015B4 depth=0
redirect seq=003326 caller=QUEST2 WSAVS DIST                 pc=70168717 area_wfp=740036A4 argc=4 frame=0 real_wsp=700015AA shadow_wsp=700015B4 master_wfp=700015B4 ret=70166E20 depth=1
redirect seq=003328 caller=QUEST2 WRTN  DIST                 area_wfp=740036A4 ret_pc=70168732 real_wsp=700015A0 (was 74003690) shadow_wsp=700015A0 master_wfp=700015B4 depth=0
redirect seq=003333 caller=QUEST2 WSAVS DIST                 pc=70168717 area_wfp=740036A4 argc=4 frame=0 real_wsp=700015AA shadow_wsp=700015B4 master_wfp=700015B4 ret=70166E20 depth=1
redirect seq=003335 caller=QUEST2 WRTN  DIST                 area_wfp=740036A4 ret_pc=70168732 real_wsp=700015A0 (was 74003690) shadow_wsp=700015A0 master_wfp=700015B4 depth=0
redirect seq=003337 caller=QUEST2 WSAVS DIST                 pc=70168717 area_wfp=740036A4 argc=4 frame=0 real_wsp=700015AA shadow_wsp=700015B4 master_wfp=700015B4 ret=70166E20 depth=1
redirect seq=003339 caller=QUEST2 WRTN  DIST                 area_wfp=740036A4 ret_pc=70168732 real_wsp=700015A0 (was 74003690) shadow_wsp=700015A0 master_wfp=700015B4 depth=0
redirect seq=003341 caller=QUEST2 WSAVS DIST                 pc=70168717 area_wfp=740036A4 argc=4 frame=0 real_wsp=700015AA shadow_wsp=700015B4 master_wfp=700015B4 ret=70166E20 depth=1
redirect seq=003343 caller=QUEST2 WRTN  DIST                 area_wfp=740036A4 ret_pc=70168732 real_wsp=700015A0 (was 74003690) shadow_wsp=700015A0 master_wfp=700015B4 depth=0
redirect seq=003347 caller=QUEST2 WSAVS DIST                 pc=70168717 area_wfp=740036A4 argc=4 frame=0 real_wsp=700015AA shadow_wsp=700015B4 master_wfp=700015B4 ret=70166E20 depth=1
redirect seq=003349 caller=QUEST2 WRTN  DIST                 area_wfp=740036A4 ret_pc=70168732 real_wsp=700015A0 (was 74003690) shadow_wsp=700015A0 master_wfp=700015B4 depth=0
redirect seq=003351 caller=QUEST2 WSAVS DIST                 pc=70168717 area_wfp=740036A4 argc=4 frame=0 real_wsp=700015AA shadow_wsp=700015B4 master_wfp=700015B4 ret=70166E20 depth=1
redirect seq=003354 caller=QUEST2 WRTN  DIST                 area_wfp=740036A4 ret_pc=70168732 real_wsp=700015A0 (was 74003690) shadow_wsp=700015A0 master_wfp=700015B4 depth=0
redirect seq=003356 caller=QUEST2 WSAVS DIST                 pc=70168717 area_wfp=740036A4 argc=4 frame=0 real_wsp=700015AA shadow_wsp=700015B4 master_wfp=700015B4 ret=70166E20 depth=1
redirect seq=003358 caller=QUEST2 WRTN  DIST                 area_wfp=740036A4 ret_pc=70168732 real_wsp=700015A0 (was 74003690) shadow_wsp=700015A0 master_wfp=700015B4 depth=0
redirect seq=003363 caller=QUEST2 WSAVS DIST                 pc=70168717 area_wfp=740036A4 argc=4 frame=0 real_wsp=700015AA shadow_wsp=700015B4 master_wfp=700015B4 ret=70166E20 depth=1
redirect seq=003365 caller=QUEST2 WRTN  DIST                 area_wfp=740036A4 ret_pc=70168732 real_wsp=700015A0 (was 74003690) shadow_wsp=700015A0 master_wfp=700015B4 depth=0
redirect seq=003367 caller=QUEST2 WSAVS DIST                 pc=70168717 area_wfp=740036A4 argc=4 frame=0 real_wsp=700015AA shadow_wsp=700015B4 master_wfp=700015B4 ret=70166E20 depth=1
redirect seq=003369 caller=QUEST2 WRTN  DIST                 area_wfp=740036A4 ret_pc=70168732 real_wsp=700015A0 (was 74003690) shadow_wsp=700015A0 master_wfp=700015B4 depth=0
redirect seq=003371 caller=QUEST2 WSAVS DIST                 pc=70168717 area_wfp=740036A4 argc=4 frame=0 real_wsp=700015AA shadow_wsp=700015B4 master_wfp=700015B4 ret=70166E20 depth=1
redirect seq=003373 caller=QUEST2 WRTN  DIST                 area_wfp=740036A4 ret_pc=70168732 real_wsp=700015A0 (was 74003690) shadow_wsp=700015A0 master_wfp=700015B4 depth=0
redirect seq=003378 caller=QUEST2 WSAVS DIST                 pc=70168717 area_wfp=740036A4 argc=4 frame=0 real_wsp=700015AA shadow_wsp=700015B4 master_wfp=700015B4 ret=70166E20 depth=1
redirect seq=003380 caller=QUEST2 WRTN  DIST                 area_wfp=740036A4 ret_pc=70168732 real_wsp=700015A0 (was 74003690) shadow_wsp=700015A0 master_wfp=700015B4 depth=0
redirect seq=003382 caller=QUEST2 WSAVS DIST                 pc=70168717 area_wfp=740036A4 argc=4 frame=0 real_wsp=700015AA shadow_wsp=700015B4 master_wfp=700015B4 ret=70166E20 depth=1
redirect seq=003384 caller=QUEST2 WRTN  DIST                 area_wfp=740036A4 ret_pc=70168732 real_wsp=700015A0 (was 74003690) shadow_wsp=700015A0 master_wfp=700015B4 depth=0
redirect seq=003386 caller=QUEST2 WSAVS DIST                 pc=70168717 area_wfp=740036A4 argc=4 frame=0 real_wsp=700015AA shadow_wsp=700015B4 master_wfp=700015B4 ret=70166E20 depth=1
redirect seq=003388 caller=QUEST2 WRTN  DIST                 area_wfp=740036A4 ret_pc=70168732 real_wsp=700015A0 (was 74003690) shadow_wsp=700015A0 master_wfp=700015B4 depth=0
redirect seq=003393 caller=QUEST2 WSAVS DIST                 pc=70168717 area_wfp=740036A4 argc=4 frame=0 real_wsp=700015AA shadow_wsp=700015B4 master_wfp=700015B4 ret=70166E20 depth=1
redirect seq=003395 caller=QUEST2 WRTN  DIST                 area_wfp=740036A4 ret_pc=70168732 real_wsp=700015A0 (was 74003690) shadow_wsp=700015A0 master_wfp=700015B4 depth=0
redirect seq=003397 caller=QUEST2 WSAVS DIST                 pc=70168717 area_wfp=740036A4 argc=4 frame=0 real_wsp=700015AA shadow_wsp=700015B4 master_wfp=700015B4 ret=70166E20 depth=1
redirect seq=003399 caller=QUEST2 WRTN  DIST                 area_wfp=740036A4 ret_pc=70168732 real_wsp=700015A0 (was 74003690) shadow_wsp=700015A0 master_wfp=700015B4 depth=0
redirect seq=003401 caller=QUEST2 WSAVS DIST                 pc=70168717 area_wfp=740036A4 argc=4 frame=0 real_wsp=700015AA shadow_wsp=700015B4 master_wfp=700015B4 ret=70166E20 depth=1
redirect seq=003403 caller=QUEST2 WRTN  DIST                 area_wfp=740036A4 ret_pc=70168732 real_wsp=700015A0 (was 74003690) shadow_wsp=700015A0 master_wfp=700015B4 depth=0
redirect seq=003407 caller=QUEST2 WSAVS DIST                 pc=70168717 area_wfp=740036A4 argc=4 frame=0 real_wsp=700015AA shadow_wsp=700015B4 master_wfp=700015B4 ret=70166E20 depth=1
redirect seq=003409 caller=QUEST2 WRTN  DIST                 area_wfp=740036A4 ret_pc=70168732 real_wsp=700015A0 (was 74003690) shadow_wsp=700015A0 master_wfp=700015B4 depth=0
redirect seq=003411 caller=QUEST2 WSAVS DIST                 pc=70168717 area_wfp=740036A4 argc=4 frame=0 real_wsp=700015AA shadow_wsp=700015B4 master_wfp=700015B4 ret=70166E20 depth=1
redirect seq=003413 caller=QUEST2 WRTN  DIST                 area_wfp=740036A4 ret_pc=70168732 real_wsp=700015A0 (was 74003690) shadow_wsp=700015A0 master_wfp=700015B4 depth=0
redirect seq=003416 caller=QUEST2 WSAVS DIST                 pc=70168717 area_wfp=740036A4 argc=4 frame=0 real_wsp=700015AA shadow_wsp=700015B4 master_wfp=700015B4 ret=70166E20 depth=1
redirect seq=003418 caller=QUEST2 WRTN  DIST                 area_wfp=740036A4 ret_pc=70168732 real_wsp=700015A0 (was 74003690) shadow_wsp=700015A0 master_wfp=700015B4 depth=0
redirect seq=003423 caller=QUEST2 WSAVS DIST                 pc=70168717 area_wfp=740036A4 argc=4 frame=0 real_wsp=700015AA shadow_wsp=700015B4 master_wfp=700015B4 ret=70166E20 depth=1
redirect seq=003425 caller=QUEST2 WRTN  DIST                 area_wfp=740036A4 ret_pc=70168732 real_wsp=700015A0 (was 74003690) shadow_wsp=700015A0 master_wfp=700015B4 depth=0
redirect seq=003427 caller=QUEST2 WSAVS DIST                 pc=70168717 area_wfp=740036A4 argc=4 frame=0 real_wsp=700015AA shadow_wsp=700015B4 master_wfp=700015B4 ret=70166E20 depth=1
redirect seq=003429 caller=QUEST2 WRTN  DIST                 area_wfp=740036A4 ret_pc=70168732 real_wsp=700015A0 (was 74003690) shadow_wsp=700015A0 master_wfp=700015B4 depth=0
redirect seq=003431 caller=QUEST2 WSAVS DIST                 pc=70168717 area_wfp=740036A4 argc=4 frame=0 real_wsp=700015AA shadow_wsp=700015B4 master_wfp=700015B4 ret=70166E20 depth=1
redirect seq=003433 caller=QUEST2 WRTN  DIST                 area_wfp=740036A4 ret_pc=70168732 real_wsp=700015A0 (was 74003690) shadow_wsp=700015A0 master_wfp=700015B4 depth=0
redirect seq=003438 caller=QUEST2 WSAVS DIST                 pc=70168717 area_wfp=740036A4 argc=4 frame=0 real_wsp=700015AA shadow_wsp=700015B4 master_wfp=700015B4 ret=70166E20 depth=1
redirect seq=003440 caller=QUEST2 WRTN  DIST                 area_wfp=740036A4 ret_pc=70168732 real_wsp=700015A0 (was 74003690) shadow_wsp=700015A0 master_wfp=700015B4 depth=0
redirect seq=003442 caller=QUEST2 WSAVS DIST                 pc=70168717 area_wfp=740036A4 argc=4 frame=0 real_wsp=700015AA shadow_wsp=700015B4 master_wfp=700015B4 ret=70166E20 depth=1
redirect seq=003444 caller=QUEST2 WRTN  DIST                 area_wfp=740036A4 ret_pc=70168732 real_wsp=700015A0 (was 74003690) shadow_wsp=700015A0 master_wfp=700015B4 depth=0
redirect seq=003446 caller=QUEST2 WSAVS DIST                 pc=70168717 area_wfp=740036A4 argc=4 frame=0 real_wsp=700015AA shadow_wsp=700015B4 master_wfp=700015B4 ret=70166E20 depth=1
redirect seq=003448 caller=QUEST2 WRTN  DIST                 area_wfp=740036A4 ret_pc=70168732 real_wsp=700015A0 (was 74003690) shadow_wsp=700015A0 master_wfp=700015B4 depth=0
redirect seq=003451 caller=QUEST2 WSAVS DIST                 pc=70168717 area_wfp=740036A4 argc=4 frame=0 real_wsp=700015AA shadow_wsp=700015B4 master_wfp=700015B4 ret=70166E20 depth=1
redirect seq=003453 caller=QUEST2 WRTN  DIST                 area_wfp=740036A4 ret_pc=70168732 real_wsp=700015A0 (was 74003690) shadow_wsp=700015A0 master_wfp=700015B4 depth=0
redirect seq=003457 caller=QUEST2 WSAVS DIST                 pc=70168717 area_wfp=740036A4 argc=4 frame=0 real_wsp=700015AA shadow_wsp=700015B4 master_wfp=700015B4 ret=70166E20 depth=1
redirect seq=003459 caller=QUEST2 WRTN  DIST                 area_wfp=740036A4 ret_pc=70168732 real_wsp=700015A0 (was 74003690) shadow_wsp=700015A0 master_wfp=700015B4 depth=0
redirect seq=003461 caller=QUEST2 WSAVS DIST                 pc=70168717 area_wfp=740036A4 argc=4 frame=0 real_wsp=700015AA shadow_wsp=700015B4 master_wfp=700015B4 ret=70166E20 depth=1
redirect seq=003463 caller=QUEST2 WRTN  DIST                 area_wfp=740036A4 ret_pc=70168732 real_wsp=700015A0 (was 74003690) shadow_wsp=700015A0 master_wfp=700015B4 depth=0
redirect seq=003468 caller=QUEST2 WSAVS DIST                 pc=70168717 area_wfp=740036A4 argc=4 frame=0 real_wsp=700015AA shadow_wsp=700015B4 master_wfp=700015B4 ret=70166E20 depth=1
redirect seq=003470 caller=QUEST2 WRTN  DIST                 area_wfp=740036A4 ret_pc=70168732 real_wsp=700015A0 (was 74003690) shadow_wsp=700015A0 master_wfp=700015B4 depth=0
redirect seq=003472 caller=QUEST2 WSAVS DIST                 pc=70168717 area_wfp=740036A4 argc=4 frame=0 real_wsp=700015AA shadow_wsp=700015B4 master_wfp=700015B4 ret=70166E20 depth=1
redirect seq=003474 caller=QUEST2 WRTN  DIST                 area_wfp=740036A4 ret_pc=70168732 real_wsp=700015A0 (was 74003690) shadow_wsp=700015A0 master_wfp=700015B4 depth=0
redirect seq=003476 caller=QUEST2 WSAVS DIST                 pc=70168717 area_wfp=740036A4 argc=4 frame=0 real_wsp=700015AA shadow_wsp=700015B4 master_wfp=700015B4 ret=70166E20 depth=1
redirect seq=003478 caller=QUEST2 WRTN  DIST                 area_wfp=740036A4 ret_pc=70168732 real_wsp=700015A0 (was 74003690) shadow_wsp=700015A0 master_wfp=700015B4 depth=0
redirect seq=003482 caller=QUEST2 WSAVS DIST                 pc=70168717 area_wfp=740036A4 argc=4 frame=0 real_wsp=700015AA shadow_wsp=700015B4 master_wfp=700015B4 ret=70166E20 depth=1
redirect seq=003484 caller=QUEST2 WRTN  DIST                 area_wfp=740036A4 ret_pc=70168732 real_wsp=700015A0 (was 74003690) shadow_wsp=700015A0 master_wfp=700015B4 depth=0
redirect seq=003486 caller=QUEST2 WSAVS DIST                 pc=70168717 area_wfp=740036A4 argc=4 frame=0 real_wsp=700015AA shadow_wsp=700015B4 master_wfp=700015B4 ret=70166E20 depth=1
redirect seq=003489 caller=QUEST2 WRTN  DIST                 area_wfp=740036A4 ret_pc=70168732 real_wsp=700015A0 (was 74003690) shadow_wsp=700015A0 master_wfp=700015B4 depth=0
redirect seq=003491 caller=QUEST2 WSAVS DIST                 pc=70168717 area_wfp=740036A4 argc=4 frame=0 real_wsp=700015AA shadow_wsp=700015B4 master_wfp=700015B4 ret=70166E20 depth=1
redirect seq=003493 caller=QUEST2 WRTN  DIST                 area_wfp=740036A4 ret_pc=70168732 real_wsp=700015A0 (was 74003690) shadow_wsp=700015A0 master_wfp=700015B4 depth=0
redirect seq=003498 caller=QUEST2 WSAVS DIST                 pc=70168717 area_wfp=740036A4 argc=4 frame=0 real_wsp=700015AA shadow_wsp=700015B4 master_wfp=700015B4 ret=70166E20 depth=1
redirect seq=003500 caller=QUEST2 WRTN  DIST                 area_wfp=740036A4 ret_pc=70168732 real_wsp=700015A0 (was 74003690) shadow_wsp=700015A0 master_wfp=700015B4 depth=0
redirect seq=003502 caller=QUEST2 WSAVS DIST                 pc=70168717 area_wfp=740036A4 argc=4 frame=0 real_wsp=700015AA shadow_wsp=700015B4 master_wfp=700015B4 ret=70166E20 depth=1
redirect seq=003504 caller=QUEST2 WRTN  DIST                 area_wfp=740036A4 ret_pc=70168732 real_wsp=700015A0 (was 74003690) shadow_wsp=700015A0 master_wfp=700015B4 depth=0
redirect seq=003506 caller=QUEST2 WSAVS DIST                 pc=70168717 area_wfp=740036A4 argc=4 frame=0 real_wsp=700015AA shadow_wsp=700015B4 master_wfp=700015B4 ret=70166E20 depth=1
redirect seq=003508 caller=QUEST2 WRTN  DIST                 area_wfp=740036A4 ret_pc=70168732 real_wsp=700015A0 (was 74003690) shadow_wsp=700015A0 master_wfp=700015B4 depth=0
redirect seq=003513 caller=QUEST2 WSAVS DIST                 pc=70168717 area_wfp=740036A4 argc=4 frame=0 real_wsp=700015AA shadow_wsp=700015B4 master_wfp=700015B4 ret=70166E20 depth=1
redirect seq=003515 caller=QUEST2 WRTN  DIST                 area_wfp=740036A4 ret_pc=70168732 real_wsp=700015A0 (was 74003690) shadow_wsp=700015A0 master_wfp=700015B4 depth=0
redirect seq=003517 caller=QUEST2 WSAVS DIST                 pc=70168717 area_wfp=740036A4 argc=4 frame=0 real_wsp=700015AA shadow_wsp=700015B4 master_wfp=700015B4 ret=70166E20 depth=1
redirect seq=003519 caller=QUEST2 WRTN  DIST                 area_wfp=740036A4 ret_pc=70168732 real_wsp=700015A0 (was 74003690) shadow_wsp=700015A0 master_wfp=700015B4 depth=0
redirect seq=003521 caller=QUEST2 WSAVS DIST                 pc=70168717 area_wfp=740036A4 argc=4 frame=0 real_wsp=700015AA shadow_wsp=700015B4 master_wfp=700015B4 ret=70166E20 depth=1
redirect seq=003524 caller=QUEST2 WRTN  DIST                 area_wfp=740036A4 ret_pc=70168732 real_wsp=700015A0 (was 74003690) shadow_wsp=700015A0 master_wfp=700015B4 depth=0
redirect seq=003526 caller=QUEST2 WSAVS DIST                 pc=70168717 area_wfp=740036A4 argc=4 frame=0 real_wsp=700015AA shadow_wsp=700015B4 master_wfp=700015B4 ret=70166E20 depth=1
redirect seq=003530 caller=QUEST2 WRTN  DIST                 area_wfp=740036A4 ret_pc=70168732 real_wsp=700015A0 (was 74003690) shadow_wsp=700015A0 master_wfp=700015B4 depth=0
redirect seq=003532 caller=QUEST2 WSAVS DIST                 pc=70168717 area_wfp=740036A4 argc=4 frame=0 real_wsp=700015AA shadow_wsp=700015B4 master_wfp=700015B4 ret=70166E20 depth=1
redirect seq=003534 caller=QUEST2 WRTN  DIST                 area_wfp=740036A4 ret_pc=70168732 real_wsp=700015A0 (was 74003690) shadow_wsp=700015A0 master_wfp=700015B4 depth=0
redirect seq=003536 caller=QUEST2 WSAVS DIST                 pc=70168717 area_wfp=740036A4 argc=4 frame=0 real_wsp=700015AA shadow_wsp=700015B4 master_wfp=700015B4 ret=70166E20 depth=1
redirect seq=003538 caller=QUEST2 WRTN  DIST                 area_wfp=740036A4 ret_pc=70168732 real_wsp=700015A0 (was 74003690) shadow_wsp=700015A0 master_wfp=700015B4 depth=0
redirect seq=003543 caller=QUEST2 WSAVS DIST                 pc=70168717 area_wfp=740036A4 argc=4 frame=0 real_wsp=700015AA shadow_wsp=700015B4 master_wfp=700015B4 ret=70166E20 depth=1
redirect seq=003545 caller=QUEST2 WRTN  DIST                 area_wfp=740036A4 ret_pc=70168732 real_wsp=700015A0 (was 74003690) shadow_wsp=700015A0 master_wfp=700015B4 depth=0
redirect seq=003547 caller=QUEST2 WSAVS DIST                 pc=70168717 area_wfp=740036A4 argc=4 frame=0 real_wsp=700015AA shadow_wsp=700015B4 master_wfp=700015B4 ret=70166E20 depth=1
redirect seq=003549 caller=QUEST2 WRTN  DIST                 area_wfp=740036A4 ret_pc=70168732 real_wsp=700015A0 (was 74003690) shadow_wsp=700015A0 master_wfp=700015B4 depth=0
redirect seq=003551 caller=QUEST2 WSAVS DIST                 pc=70168717 area_wfp=740036A4 argc=4 frame=0 real_wsp=700015AA shadow_wsp=700015B4 master_wfp=700015B4 ret=70166E20 depth=1
redirect seq=003553 caller=QUEST2 WRTN  DIST                 area_wfp=740036A4 ret_pc=70168732 real_wsp=700015A0 (was 74003690) shadow_wsp=700015A0 master_wfp=700015B4 depth=0
redirect seq=003556 caller=QUEST2 WSAVS DIST                 pc=70168717 area_wfp=740036A4 argc=4 frame=0 real_wsp=700015AA shadow_wsp=700015B4 master_wfp=700015B4 ret=70166E20 depth=1
redirect seq=003558 caller=QUEST2 WRTN  DIST                 area_wfp=740036A4 ret_pc=70168732 real_wsp=700015A0 (was 74003690) shadow_wsp=700015A0 master_wfp=700015B4 depth=0
redirect seq=003562 caller=QUEST2 WSAVS DIST                 pc=70168717 area_wfp=740036A4 argc=4 frame=0 real_wsp=700015AA shadow_wsp=700015B4 master_wfp=700015B4 ret=70166E20 depth=1
redirect seq=003564 caller=QUEST2 WRTN  DIST                 area_wfp=740036A4 ret_pc=70168732 real_wsp=700015A0 (was 74003690) shadow_wsp=700015A0 master_wfp=700015B4 depth=0
redirect seq=003566 caller=QUEST2 WSAVS DIST                 pc=70168717 area_wfp=740036A4 argc=4 frame=0 real_wsp=700015AA shadow_wsp=700015B4 master_wfp=700015B4 ret=70166E20 depth=1
redirect seq=003568 caller=QUEST2 WRTN  DIST                 area_wfp=740036A4 ret_pc=70168732 real_wsp=700015A0 (was 74003690) shadow_wsp=700015A0 master_wfp=700015B4 depth=0
redirect seq=003573 caller=QUEST2 WSAVS DIST                 pc=70168717 area_wfp=740036A4 argc=4 frame=0 real_wsp=700015AA shadow_wsp=700015B4 master_wfp=700015B4 ret=70166E20 depth=1
redirect seq=003575 caller=QUEST2 WRTN  DIST                 area_wfp=740036A4 ret_pc=70168732 real_wsp=700015A0 (was 74003690) shadow_wsp=700015A0 master_wfp=700015B4 depth=0
redirect seq=003577 caller=QUEST2 WSAVS DIST                 pc=70168717 area_wfp=740036A4 argc=4 frame=0 real_wsp=700015AA shadow_wsp=700015B4 master_wfp=700015B4 ret=70166E20 depth=1
redirect seq=003579 caller=QUEST2 WRTN  DIST                 area_wfp=740036A4 ret_pc=70168732 real_wsp=700015A0 (was 74003690) shadow_wsp=700015A0 master_wfp=700015B4 depth=0
redirect seq=003581 caller=QUEST2 WSAVS DIST                 pc=70168717 area_wfp=740036A4 argc=4 frame=0 real_wsp=700015AA shadow_wsp=700015B4 master_wfp=700015B4 ret=70166E20 depth=1
redirect seq=003583 caller=QUEST2 WRTN  DIST                 area_wfp=740036A4 ret_pc=70168732 real_wsp=700015A0 (was 74003690) shadow_wsp=700015A0 master_wfp=700015B4 depth=0
redirect seq=003587 caller=QUEST2 WSAVS DIST                 pc=70168717 area_wfp=740036A4 argc=4 frame=0 real_wsp=700015AA shadow_wsp=700015B4 master_wfp=700015B4 ret=70166E20 depth=1
redirect seq=003589 caller=QUEST2 WRTN  DIST                 area_wfp=740036A4 ret_pc=70168732 real_wsp=700015A0 (was 74003690) shadow_wsp=700015A0 master_wfp=700015B4 depth=0
redirect seq=003591 caller=QUEST2 WSAVS DIST                 pc=70168717 area_wfp=740036A4 argc=4 frame=0 real_wsp=700015AA shadow_wsp=700015B4 master_wfp=700015B4 ret=70166E20 depth=1
redirect seq=003593 caller=QUEST2 WRTN  DIST                 area_wfp=740036A4 ret_pc=70168732 real_wsp=700015A0 (was 74003690) shadow_wsp=700015A0 master_wfp=700015B4 depth=0
redirect seq=003596 caller=QUEST2 WSAVS DIST                 pc=70168717 area_wfp=740036A4 argc=4 frame=0 real_wsp=700015AA shadow_wsp=700015B4 master_wfp=700015B4 ret=70166E20 depth=1
redirect seq=003598 caller=QUEST2 WRTN  DIST                 area_wfp=740036A4 ret_pc=70168732 real_wsp=700015A0 (was 74003690) shadow_wsp=700015A0 master_wfp=700015B4 depth=0
redirect seq=003603 caller=QUEST2 WSAVS DIST                 pc=70168717 area_wfp=740036A4 argc=4 frame=0 real_wsp=700015AA shadow_wsp=700015B4 master_wfp=700015B4 ret=70166E20 depth=1
redirect seq=003605 caller=QUEST2 WRTN  DIST                 area_wfp=740036A4 ret_pc=70168732 real_wsp=700015A0 (was 74003690) shadow_wsp=700015A0 master_wfp=700015B4 depth=0
redirect seq=003607 caller=QUEST2 WSAVS DIST                 pc=70168717 area_wfp=740036A4 argc=4 frame=0 real_wsp=700015AA shadow_wsp=700015B4 master_wfp=700015B4 ret=70166E20 depth=1
redirect seq=003609 caller=QUEST2 WRTN  DIST                 area_wfp=740036A4 ret_pc=70168732 real_wsp=700015A0 (was 74003690) shadow_wsp=700015A0 master_wfp=700015B4 depth=0
redirect seq=003611 caller=QUEST2 WSAVS DIST                 pc=70168717 area_wfp=740036A4 argc=4 frame=0 real_wsp=700015AA shadow_wsp=700015B4 master_wfp=700015B4 ret=70166E20 depth=1
redirect seq=003613 caller=QUEST2 WRTN  DIST                 area_wfp=740036A4 ret_pc=70168732 real_wsp=700015A0 (was 74003690) shadow_wsp=700015A0 master_wfp=700015B4 depth=0
redirect seq=003618 caller=QUEST2 WSAVS DIST                 pc=70168717 area_wfp=740036A4 argc=4 frame=0 real_wsp=700015AA shadow_wsp=700015B4 master_wfp=700015B4 ret=70166E20 depth=1
redirect seq=003620 caller=QUEST2 WRTN  DIST                 area_wfp=740036A4 ret_pc=70168732 real_wsp=700015A0 (was 74003690) shadow_wsp=700015A0 master_wfp=700015B4 depth=0
redirect seq=003622 caller=QUEST2 WSAVS DIST                 pc=70168717 area_wfp=740036A4 argc=4 frame=0 real_wsp=700015AA shadow_wsp=700015B4 master_wfp=700015B4 ret=70166E20 depth=1
redirect seq=003624 caller=QUEST2 WRTN  DIST                 area_wfp=740036A4 ret_pc=70168732 real_wsp=700015A0 (was 74003690) shadow_wsp=700015A0 master_wfp=700015B4 depth=0
redirect seq=003626 caller=QUEST2 WSAVS DIST                 pc=70168717 area_wfp=740036A4 argc=4 frame=0 real_wsp=700015AA shadow_wsp=700015B4 master_wfp=700015B4 ret=70166E20 depth=1
redirect seq=003628 caller=QUEST2 WRTN  DIST                 area_wfp=740036A4 ret_pc=70168732 real_wsp=700015A0 (was 74003690) shadow_wsp=700015A0 master_wfp=700015B4 depth=0
redirect seq=003631 caller=QUEST2 WSAVS DIST                 pc=70168717 area_wfp=740036A4 argc=4 frame=0 real_wsp=700015AA shadow_wsp=700015B4 master_wfp=700015B4 ret=70166E20 depth=1
redirect seq=003635 caller=QUEST2 WRTN  DIST                 area_wfp=740036A4 ret_pc=70168732 real_wsp=700015A0 (was 74003690) shadow_wsp=700015A0 master_wfp=700015B4 depth=0
redirect seq=003637 caller=QUEST2 WSAVS DIST                 pc=70168717 area_wfp=740036A4 argc=4 frame=0 real_wsp=700015AA shadow_wsp=700015B4 master_wfp=700015B4 ret=70166E20 depth=1
redirect seq=003639 caller=QUEST2 WRTN  DIST                 area_wfp=740036A4 ret_pc=70168732 real_wsp=700015A0 (was 74003690) shadow_wsp=700015A0 master_wfp=700015B4 depth=0
redirect seq=003641 caller=QUEST2 WSAVS DIST                 pc=70168717 area_wfp=740036A4 argc=4 frame=0 real_wsp=700015AA shadow_wsp=700015B4 master_wfp=700015B4 ret=70166E20 depth=1
redirect seq=003643 caller=QUEST2 WRTN  DIST                 area_wfp=740036A4 ret_pc=70168732 real_wsp=700015A0 (was 74003690) shadow_wsp=700015A0 master_wfp=700015B4 depth=0
redirect seq=003648 caller=QUEST2 WSAVS DIST                 pc=70168717 area_wfp=740036A4 argc=4 frame=0 real_wsp=700015AA shadow_wsp=700015B4 master_wfp=700015B4 ret=70166E20 depth=1
redirect seq=003650 caller=QUEST2 WRTN  DIST                 area_wfp=740036A4 ret_pc=70168732 real_wsp=700015A0 (was 74003690) shadow_wsp=700015A0 master_wfp=700015B4 depth=0
redirect seq=003652 caller=QUEST2 WSAVS DIST                 pc=70168717 area_wfp=740036A4 argc=4 frame=0 real_wsp=700015AA shadow_wsp=700015B4 master_wfp=700015B4 ret=70166E20 depth=1
redirect seq=003654 caller=QUEST2 WRTN  DIST                 area_wfp=740036A4 ret_pc=70168732 real_wsp=700015A0 (was 74003690) shadow_wsp=700015A0 master_wfp=700015B4 depth=0
redirect seq=003656 caller=QUEST2 WSAVS DIST                 pc=70168717 area_wfp=740036A4 argc=4 frame=0 real_wsp=700015AA shadow_wsp=700015B4 master_wfp=700015B4 ret=70166E20 depth=1
redirect seq=003658 caller=QUEST2 WRTN  DIST                 area_wfp=740036A4 ret_pc=70168732 real_wsp=700015A0 (was 74003690) shadow_wsp=700015A0 master_wfp=700015B4 depth=0
redirect seq=003662 caller=QUEST2 WSAVS DIST                 pc=70168717 area_wfp=740036A4 argc=4 frame=0 real_wsp=700015AA shadow_wsp=700015B4 master_wfp=700015B4 ret=70166E20 depth=1
redirect seq=003664 caller=QUEST2 WRTN  DIST                 area_wfp=740036A4 ret_pc=70168732 real_wsp=700015A0 (was 74003690) shadow_wsp=700015A0 master_wfp=700015B4 depth=0
redirect seq=003666 caller=QUEST2 WSAVS DIST                 pc=70168717 area_wfp=740036A4 argc=4 frame=0 real_wsp=700015AA shadow_wsp=700015B4 master_wfp=700015B4 ret=70166E20 depth=1
redirect seq=003669 caller=QUEST2 WRTN  DIST                 area_wfp=740036A4 ret_pc=70168732 real_wsp=700015A0 (was 74003690) shadow_wsp=700015A0 master_wfp=700015B4 depth=0
redirect seq=003671 caller=QUEST2 WSAVS DIST                 pc=70168717 area_wfp=740036A4 argc=4 frame=0 real_wsp=700015AA shadow_wsp=700015B4 master_wfp=700015B4 ret=70166E20 depth=1
redirect seq=003673 caller=QUEST2 WRTN  DIST                 area_wfp=740036A4 ret_pc=70168732 real_wsp=700015A0 (was 74003690) shadow_wsp=700015A0 master_wfp=700015B4 depth=0
redirect seq=003678 caller=QUEST2 WSAVS DIST                 pc=70168717 area_wfp=740036A4 argc=4 frame=0 real_wsp=700015AA shadow_wsp=700015B4 master_wfp=700015B4 ret=70166E20 depth=1
redirect seq=003680 caller=QUEST2 WRTN  DIST                 area_wfp=740036A4 ret_pc=70168732 real_wsp=700015A0 (was 74003690) shadow_wsp=700015A0 master_wfp=700015B4 depth=0
redirect seq=003682 caller=QUEST2 WSAVS DIST                 pc=70168717 area_wfp=740036A4 argc=4 frame=0 real_wsp=700015AA shadow_wsp=700015B4 master_wfp=700015B4 ret=70166E20 depth=1
redirect seq=003684 caller=QUEST2 WRTN  DIST                 area_wfp=740036A4 ret_pc=70168732 real_wsp=700015A0 (was 74003690) shadow_wsp=700015A0 master_wfp=700015B4 depth=0
redirect seq=003686 caller=QUEST2 WSAVS DIST                 pc=70168717 area_wfp=740036A4 argc=4 frame=0 real_wsp=700015AA shadow_wsp=700015B4 master_wfp=700015B4 ret=70166E20 depth=1
redirect seq=003688 caller=QUEST2 WRTN  DIST                 area_wfp=740036A4 ret_pc=70168732 real_wsp=700015A0 (was 74003690) shadow_wsp=700015A0 master_wfp=700015B4 depth=0
redirect seq=003693 caller=QUEST2 WSAVS DIST                 pc=70168717 area_wfp=740036A4 argc=4 frame=0 real_wsp=700015AA shadow_wsp=700015B4 master_wfp=700015B4 ret=70166E20 depth=1
redirect seq=003695 caller=QUEST2 WRTN  DIST                 area_wfp=740036A4 ret_pc=70168732 real_wsp=700015A0 (was 74003690) shadow_wsp=700015A0 master_wfp=700015B4 depth=0
redirect seq=003697 caller=QUEST2 WSAVS DIST                 pc=70168717 area_wfp=740036A4 argc=4 frame=0 real_wsp=700015AA shadow_wsp=700015B4 master_wfp=700015B4 ret=70166E20 depth=1
redirect seq=003699 caller=QUEST2 WRTN  DIST                 area_wfp=740036A4 ret_pc=70168732 real_wsp=700015A0 (was 74003690) shadow_wsp=700015A0 master_wfp=700015B4 depth=0
redirect seq=003701 caller=QUEST2 WSAVS DIST                 pc=70168717 area_wfp=740036A4 argc=4 frame=0 real_wsp=700015AA shadow_wsp=700015B4 master_wfp=700015B4 ret=70166E20 depth=1
redirect seq=003704 caller=QUEST2 WRTN  DIST                 area_wfp=740036A4 ret_pc=70168732 real_wsp=700015A0 (was 74003690) shadow_wsp=700015A0 master_wfp=700015B4 depth=0
redirect seq=003706 caller=QUEST2 WSAVS DIST                 pc=70168717 area_wfp=740036A4 argc=4 frame=0 real_wsp=700015AA shadow_wsp=700015B4 master_wfp=700015B4 ret=70166E20 depth=1
redirect seq=003710 caller=QUEST2 WRTN  DIST                 area_wfp=740036A4 ret_pc=70168732 real_wsp=700015A0 (was 74003690) shadow_wsp=700015A0 master_wfp=700015B4 depth=0
redirect seq=003712 caller=QUEST2 WSAVS DIST                 pc=70168717 area_wfp=740036A4 argc=4 frame=0 real_wsp=700015AA shadow_wsp=700015B4 master_wfp=700015B4 ret=70166E20 depth=1
redirect seq=003714 caller=QUEST2 WRTN  DIST                 area_wfp=740036A4 ret_pc=70168732 real_wsp=700015A0 (was 74003690) shadow_wsp=700015A0 master_wfp=700015B4 depth=0
redirect seq=003716 caller=QUEST2 WSAVS DIST                 pc=70168717 area_wfp=740036A4 argc=4 frame=0 real_wsp=700015AA shadow_wsp=700015B4 master_wfp=700015B4 ret=70166E20 depth=1
redirect seq=003718 caller=QUEST2 WRTN  DIST                 area_wfp=740036A4 ret_pc=70168732 real_wsp=700015A0 (was 74003690) shadow_wsp=700015A0 master_wfp=700015B4 depth=0
redirect seq=003723 caller=QUEST2 WSAVS DIST                 pc=70168717 area_wfp=740036A4 argc=4 frame=0 real_wsp=700015AA shadow_wsp=700015B4 master_wfp=700015B4 ret=70166E20 depth=1
redirect seq=003725 caller=QUEST2 WRTN  DIST                 area_wfp=740036A4 ret_pc=70168732 real_wsp=700015A0 (was 74003690) shadow_wsp=700015A0 master_wfp=700015B4 depth=0
redirect seq=003727 caller=QUEST2 WSAVS DIST                 pc=70168717 area_wfp=740036A4 argc=4 frame=0 real_wsp=700015AA shadow_wsp=700015B4 master_wfp=700015B4 ret=70166E20 depth=1
redirect seq=003729 caller=QUEST2 WRTN  DIST                 area_wfp=740036A4 ret_pc=70168732 real_wsp=700015A0 (was 74003690) shadow_wsp=700015A0 master_wfp=700015B4 depth=0
redirect seq=003731 caller=QUEST2 WSAVS DIST                 pc=70168717 area_wfp=740036A4 argc=4 frame=0 real_wsp=700015AA shadow_wsp=700015B4 master_wfp=700015B4 ret=70166E20 depth=1
redirect seq=003733 caller=QUEST2 WRTN  DIST                 area_wfp=740036A4 ret_pc=70168732 real_wsp=700015A0 (was 74003690) shadow_wsp=700015A0 master_wfp=700015B4 depth=0
redirect seq=003736 caller=QUEST2 WSAVS DIST                 pc=70168717 area_wfp=740036A4 argc=4 frame=0 real_wsp=700015AA shadow_wsp=700015B4 master_wfp=700015B4 ret=70166E20 depth=1
redirect seq=003738 caller=QUEST2 WRTN  DIST                 area_wfp=740036A4 ret_pc=70168732 real_wsp=700015A0 (was 74003690) shadow_wsp=700015A0 master_wfp=700015B4 depth=0
redirect seq=003742 caller=QUEST2 WSAVS DIST                 pc=70168717 area_wfp=740036A4 argc=4 frame=0 real_wsp=700015AA shadow_wsp=700015B4 master_wfp=700015B4 ret=70166E20 depth=1
redirect seq=003744 caller=QUEST2 WRTN  DIST                 area_wfp=740036A4 ret_pc=70168732 real_wsp=700015A0 (was 74003690) shadow_wsp=700015A0 master_wfp=700015B4 depth=0
redirect seq=003746 caller=QUEST2 WSAVS DIST                 pc=70168717 area_wfp=740036A4 argc=4 frame=0 real_wsp=700015AA shadow_wsp=700015B4 master_wfp=700015B4 ret=70166E20 depth=1
redirect seq=003748 caller=QUEST2 WRTN  DIST                 area_wfp=740036A4 ret_pc=70168732 real_wsp=700015A0 (was 74003690) shadow_wsp=700015A0 master_wfp=700015B4 depth=0
redirect seq=003753 caller=QUEST2 WSAVS DIST                 pc=70168717 area_wfp=740036A4 argc=4 frame=0 real_wsp=700015AA shadow_wsp=700015B4 master_wfp=700015B4 ret=70166E20 depth=1
redirect seq=003755 caller=QUEST2 WRTN  DIST                 area_wfp=740036A4 ret_pc=70168732 real_wsp=700015A0 (was 74003690) shadow_wsp=700015A0 master_wfp=700015B4 depth=0
redirect seq=003757 caller=QUEST2 WSAVS DIST                 pc=70168717 area_wfp=740036A4 argc=4 frame=0 real_wsp=700015AA shadow_wsp=700015B4 master_wfp=700015B4 ret=70166E20 depth=1
redirect seq=003759 caller=QUEST2 WRTN  DIST                 area_wfp=740036A4 ret_pc=70168732 real_wsp=700015A0 (was 74003690) shadow_wsp=700015A0 master_wfp=700015B4 depth=0
redirect seq=003761 caller=QUEST2 WSAVS DIST                 pc=70168717 area_wfp=740036A4 argc=4 frame=0 real_wsp=700015AA shadow_wsp=700015B4 master_wfp=700015B4 ret=70166E20 depth=1
redirect seq=003763 caller=QUEST2 WRTN  DIST                 area_wfp=740036A4 ret_pc=70168732 real_wsp=700015A0 (was 74003690) shadow_wsp=700015A0 master_wfp=700015B4 depth=0
redirect seq=003767 caller=QUEST2 WSAVS DIST                 pc=70168717 area_wfp=740036A4 argc=4 frame=0 real_wsp=700015AA shadow_wsp=700015B4 master_wfp=700015B4 ret=70166E20 depth=1
redirect seq=003769 caller=QUEST2 WRTN  DIST                 area_wfp=740036A4 ret_pc=70168732 real_wsp=700015A0 (was 74003690) shadow_wsp=700015A0 master_wfp=700015B4 depth=0
redirect seq=003771 caller=QUEST2 WSAVS DIST                 pc=70168717 area_wfp=740036A4 argc=4 frame=0 real_wsp=700015AA shadow_wsp=700015B4 master_wfp=700015B4 ret=70166E20 depth=1
redirect seq=003773 caller=QUEST2 WRTN  DIST                 area_wfp=740036A4 ret_pc=70168732 real_wsp=700015A0 (was 74003690) shadow_wsp=700015A0 master_wfp=700015B4 depth=0
redirect seq=003776 caller=QUEST2 WSAVS DIST                 pc=70168717 area_wfp=740036A4 argc=4 frame=0 real_wsp=700015AA shadow_wsp=700015B4 master_wfp=700015B4 ret=70166E20 depth=1
redirect seq=003778 caller=QUEST2 WRTN  DIST                 area_wfp=740036A4 ret_pc=70168732 real_wsp=700015A0 (was 74003690) shadow_wsp=700015A0 master_wfp=700015B4 depth=0
redirect seq=003783 caller=QUEST2 WSAVS DIST                 pc=70168717 area_wfp=740036A4 argc=4 frame=0 real_wsp=700015AA shadow_wsp=700015B4 master_wfp=700015B4 ret=70166E20 depth=1
redirect seq=003785 caller=QUEST2 WRTN  DIST                 area_wfp=740036A4 ret_pc=70168732 real_wsp=700015A0 (was 74003690) shadow_wsp=700015A0 master_wfp=700015B4 depth=0
redirect seq=003787 caller=QUEST2 WSAVS DIST                 pc=70168717 area_wfp=740036A4 argc=4 frame=0 real_wsp=700015AA shadow_wsp=700015B4 master_wfp=700015B4 ret=70166E20 depth=1
redirect seq=003789 caller=QUEST2 WRTN  DIST                 area_wfp=740036A4 ret_pc=70168732 real_wsp=700015A0 (was 74003690) shadow_wsp=700015A0 master_wfp=700015B4 depth=0
redirect seq=003791 caller=QUEST2 WSAVS DIST                 pc=70168717 area_wfp=740036A4 argc=4 frame=0 real_wsp=700015AA shadow_wsp=700015B4 master_wfp=700015B4 ret=70166E20 depth=1
redirect seq=003793 caller=QUEST2 WRTN  DIST                 area_wfp=740036A4 ret_pc=70168732 real_wsp=700015A0 (was 74003690) shadow_wsp=700015A0 master_wfp=700015B4 depth=0
redirect seq=003798 caller=QUEST2 WSAVS DIST                 pc=70168717 area_wfp=740036A4 argc=4 frame=0 real_wsp=700015AA shadow_wsp=700015B4 master_wfp=700015B4 ret=70166E20 depth=1
redirect seq=003800 caller=QUEST2 WRTN  DIST                 area_wfp=740036A4 ret_pc=70168732 real_wsp=700015A0 (was 74003690) shadow_wsp=700015A0 master_wfp=700015B4 depth=0
redirect seq=003802 caller=QUEST2 WSAVS DIST                 pc=70168717 area_wfp=740036A4 argc=4 frame=0 real_wsp=700015AA shadow_wsp=700015B4 master_wfp=700015B4 ret=70166E20 depth=1
redirect seq=003804 caller=QUEST2 WRTN  DIST                 area_wfp=740036A4 ret_pc=70168732 real_wsp=700015A0 (was 74003690) shadow_wsp=700015A0 master_wfp=700015B4 depth=0
redirect seq=003806 caller=QUEST2 WSAVS DIST                 pc=70168717 area_wfp=740036A4 argc=4 frame=0 real_wsp=700015AA shadow_wsp=700015B4 master_wfp=700015B4 ret=70166E20 depth=1
redirect seq=003808 caller=QUEST2 WRTN  DIST                 area_wfp=740036A4 ret_pc=70168732 real_wsp=700015A0 (was 74003690) shadow_wsp=700015A0 master_wfp=700015B4 depth=0
redirect seq=003812 caller=QUEST2 WSAVS DIST                 pc=70168717 area_wfp=740036A4 argc=4 frame=0 real_wsp=700015AA shadow_wsp=700015B4 master_wfp=700015B4 ret=70166E20 depth=1
redirect seq=003814 caller=QUEST2 WRTN  DIST                 area_wfp=740036A4 ret_pc=70168732 real_wsp=700015A0 (was 74003690) shadow_wsp=700015A0 master_wfp=700015B4 depth=0
redirect seq=003816 caller=QUEST2 WSAVS DIST                 pc=70168717 area_wfp=740036A4 argc=4 frame=0 real_wsp=700015AA shadow_wsp=700015B4 master_wfp=700015B4 ret=70166E20 depth=1
redirect seq=003819 caller=QUEST2 WRTN  DIST                 area_wfp=740036A4 ret_pc=70168732 real_wsp=700015A0 (was 74003690) shadow_wsp=700015A0 master_wfp=700015B4 depth=0
redirect seq=003821 caller=QUEST2 WSAVS DIST                 pc=70168717 area_wfp=740036A4 argc=4 frame=0 real_wsp=700015AA shadow_wsp=700015B4 master_wfp=700015B4 ret=70166E20 depth=1
redirect seq=003823 caller=QUEST2 WRTN  DIST                 area_wfp=740036A4 ret_pc=70168732 real_wsp=700015A0 (was 74003690) shadow_wsp=700015A0 master_wfp=700015B4 depth=0
redirect seq=003828 caller=QUEST2 WSAVS DIST                 pc=70168717 area_wfp=740036A4 argc=4 frame=0 real_wsp=700015AA shadow_wsp=700015B4 master_wfp=700015B4 ret=70166E20 depth=1
redirect seq=003830 caller=QUEST2 WRTN  DIST                 area_wfp=740036A4 ret_pc=70168732 real_wsp=700015A0 (was 74003690) shadow_wsp=700015A0 master_wfp=700015B4 depth=0
redirect seq=003832 caller=QUEST2 WSAVS DIST                 pc=70168717 area_wfp=740036A4 argc=4 frame=0 real_wsp=700015AA shadow_wsp=700015B4 master_wfp=700015B4 ret=70166E20 depth=1
redirect seq=003834 caller=QUEST2 WRTN  DIST                 area_wfp=740036A4 ret_pc=70168732 real_wsp=700015A0 (was 74003690) shadow_wsp=700015A0 master_wfp=700015B4 depth=0
redirect seq=003836 caller=QUEST2 WSAVS DIST                 pc=70168717 area_wfp=740036A4 argc=4 frame=0 real_wsp=700015AA shadow_wsp=700015B4 master_wfp=700015B4 ret=70166E20 depth=1
redirect seq=003838 caller=QUEST2 WRTN  DIST                 area_wfp=740036A4 ret_pc=70168732 real_wsp=700015A0 (was 74003690) shadow_wsp=700015A0 master_wfp=700015B4 depth=0
redirect seq=003843 caller=QUEST2 WSAVS DIST                 pc=70168717 area_wfp=740036A4 argc=4 frame=0 real_wsp=700015AA shadow_wsp=700015B4 master_wfp=700015B4 ret=70166E20 depth=1
redirect seq=003845 caller=QUEST2 WRTN  DIST                 area_wfp=740036A4 ret_pc=70168732 real_wsp=700015A0 (was 74003690) shadow_wsp=700015A0 master_wfp=700015B4 depth=0
redirect seq=003847 caller=QUEST2 WSAVS DIST                 pc=70168717 area_wfp=740036A4 argc=4 frame=0 real_wsp=700015AA shadow_wsp=700015B4 master_wfp=700015B4 ret=70166E20 depth=1
redirect seq=003849 caller=QUEST2 WRTN  DIST                 area_wfp=740036A4 ret_pc=70168732 real_wsp=700015A0 (was 74003690) shadow_wsp=700015A0 master_wfp=700015B4 depth=0
redirect seq=003851 caller=QUEST2 WSAVS DIST                 pc=70168717 area_wfp=740036A4 argc=4 frame=0 real_wsp=700015AA shadow_wsp=700015B4 master_wfp=700015B4 ret=70166E20 depth=1
redirect seq=003854 caller=QUEST2 WRTN  DIST                 area_wfp=740036A4 ret_pc=70168732 real_wsp=700015A0 (was 74003690) shadow_wsp=700015A0 master_wfp=700015B4 depth=0
redirect seq=003856 caller=QUEST2 WSAVS DIST                 pc=70168717 area_wfp=740036A4 argc=4 frame=0 real_wsp=700015AA shadow_wsp=700015B4 master_wfp=700015B4 ret=70166E20 depth=1
redirect seq=003860 caller=QUEST2 WRTN  DIST                 area_wfp=740036A4 ret_pc=70168732 real_wsp=700015A0 (was 74003690) shadow_wsp=700015A0 master_wfp=700015B4 depth=0
redirect seq=003862 caller=QUEST2 WSAVS DIST                 pc=70168717 area_wfp=740036A4 argc=4 frame=0 real_wsp=700015AA shadow_wsp=700015B4 master_wfp=700015B4 ret=70166E20 depth=1
redirect seq=003864 caller=QUEST2 WRTN  DIST                 area_wfp=740036A4 ret_pc=70168732 real_wsp=700015A0 (was 74003690) shadow_wsp=700015A0 master_wfp=700015B4 depth=0
redirect seq=003866 caller=QUEST2 WSAVS DIST                 pc=70168717 area_wfp=740036A4 argc=4 frame=0 real_wsp=700015AA shadow_wsp=700015B4 master_wfp=700015B4 ret=70166E20 depth=1
redirect seq=003868 caller=QUEST2 WRTN  DIST                 area_wfp=740036A4 ret_pc=70168732 real_wsp=700015A0 (was 74003690) shadow_wsp=700015A0 master_wfp=700015B4 depth=0
redirect seq=003873 caller=QUEST2 WSAVS DIST                 pc=70168717 area_wfp=740036A4 argc=4 frame=0 real_wsp=700015AA shadow_wsp=700015B4 master_wfp=700015B4 ret=70166E20 depth=1
redirect seq=003875 caller=QUEST2 WRTN  DIST                 area_wfp=740036A4 ret_pc=70168732 real_wsp=700015A0 (was 74003690) shadow_wsp=700015A0 master_wfp=700015B4 depth=0
redirect seq=003877 caller=QUEST2 WSAVS DIST                 pc=70168717 area_wfp=740036A4 argc=4 frame=0 real_wsp=700015AA shadow_wsp=700015B4 master_wfp=700015B4 ret=70166E20 depth=1
redirect seq=003879 caller=QUEST2 WRTN  DIST                 area_wfp=740036A4 ret_pc=70168732 real_wsp=700015A0 (was 74003690) shadow_wsp=700015A0 master_wfp=700015B4 depth=0
redirect seq=003881 caller=QUEST2 WSAVS DIST                 pc=70168717 area_wfp=740036A4 argc=4 frame=0 real_wsp=700015AA shadow_wsp=700015B4 master_wfp=700015B4 ret=70166E20 depth=1
redirect seq=003883 caller=QUEST2 WRTN  DIST                 area_wfp=740036A4 ret_pc=70168732 real_wsp=700015A0 (was 74003690) shadow_wsp=700015A0 master_wfp=700015B4 depth=0
redirect seq=003886 caller=QUEST2 WSAVS DIST                 pc=70168717 area_wfp=740036A4 argc=4 frame=0 real_wsp=700015AA shadow_wsp=700015B4 master_wfp=700015B4 ret=70166E20 depth=1
redirect seq=003888 caller=QUEST2 WRTN  DIST                 area_wfp=740036A4 ret_pc=70168732 real_wsp=700015A0 (was 74003690) shadow_wsp=700015A0 master_wfp=700015B4 depth=0
redirect seq=003892 caller=QUEST2 WSAVS DIST                 pc=70168717 area_wfp=740036A4 argc=4 frame=0 real_wsp=700015AA shadow_wsp=700015B4 master_wfp=700015B4 ret=70166E20 depth=1
redirect seq=003894 caller=QUEST2 WRTN  DIST                 area_wfp=740036A4 ret_pc=70168732 real_wsp=700015A0 (was 74003690) shadow_wsp=700015A0 master_wfp=700015B4 depth=0
redirect seq=003896 caller=QUEST2 WSAVS DIST                 pc=70168717 area_wfp=740036A4 argc=4 frame=0 real_wsp=700015AA shadow_wsp=700015B4 master_wfp=700015B4 ret=70166E20 depth=1
redirect seq=003898 caller=QUEST2 WRTN  DIST                 area_wfp=740036A4 ret_pc=70168732 real_wsp=700015A0 (was 74003690) shadow_wsp=700015A0 master_wfp=700015B4 depth=0
redirect seq=003903 caller=QUEST2 WSAVS DIST                 pc=70168717 area_wfp=740036A4 argc=4 frame=0 real_wsp=700015AA shadow_wsp=700015B4 master_wfp=700015B4 ret=70166E20 depth=1
redirect seq=003905 caller=QUEST2 WRTN  DIST                 area_wfp=740036A4 ret_pc=70168732 real_wsp=700015A0 (was 74003690) shadow_wsp=700015A0 master_wfp=700015B4 depth=0
redirect seq=003907 caller=QUEST2 WSAVS DIST                 pc=70168717 area_wfp=740036A4 argc=4 frame=0 real_wsp=700015AA shadow_wsp=700015B4 master_wfp=700015B4 ret=70166E20 depth=1
redirect seq=003909 caller=QUEST2 WRTN  DIST                 area_wfp=740036A4 ret_pc=70168732 real_wsp=700015A0 (was 74003690) shadow_wsp=700015A0 master_wfp=700015B4 depth=0
redirect seq=003911 caller=QUEST2 WSAVS DIST                 pc=70168717 area_wfp=740036A4 argc=4 frame=0 real_wsp=700015AA shadow_wsp=700015B4 master_wfp=700015B4 ret=70166E20 depth=1
redirect seq=003913 caller=QUEST2 WRTN  DIST                 area_wfp=740036A4 ret_pc=70168732 real_wsp=700015A0 (was 74003690) shadow_wsp=700015A0 master_wfp=700015B4 depth=0
redirect seq=003917 caller=QUEST2 WSAVS DIST                 pc=70168717 area_wfp=740036A4 argc=4 frame=0 real_wsp=700015AA shadow_wsp=700015B4 master_wfp=700015B4 ret=70166E20 depth=1
redirect seq=003919 caller=QUEST2 WRTN  DIST                 area_wfp=740036A4 ret_pc=70168732 real_wsp=700015A0 (was 74003690) shadow_wsp=700015A0 master_wfp=700015B4 depth=0
redirect seq=003921 caller=QUEST2 WSAVS DIST                 pc=70168717 area_wfp=740036A4 argc=4 frame=0 real_wsp=700015AA shadow_wsp=700015B4 master_wfp=700015B4 ret=70166E20 depth=1
redirect seq=003923 caller=QUEST2 WRTN  DIST                 area_wfp=740036A4 ret_pc=70168732 real_wsp=700015A0 (was 74003690) shadow_wsp=700015A0 master_wfp=700015B4 depth=0
redirect seq=003926 caller=QUEST2 WSAVS DIST                 pc=70168717 area_wfp=740036A4 argc=4 frame=0 real_wsp=700015AA shadow_wsp=700015B4 master_wfp=700015B4 ret=70166E20 depth=1
redirect seq=003928 caller=QUEST2 WRTN  DIST                 area_wfp=740036A4 ret_pc=70168732 real_wsp=700015A0 (was 74003690) shadow_wsp=700015A0 master_wfp=700015B4 depth=0
redirect seq=003933 caller=QUEST2 WSAVS DIST                 pc=70168717 area_wfp=740036A4 argc=4 frame=0 real_wsp=700015AA shadow_wsp=700015B4 master_wfp=700015B4 ret=70166E20 depth=1
redirect seq=003935 caller=QUEST2 WRTN  DIST                 area_wfp=740036A4 ret_pc=70168732 real_wsp=700015A0 (was 74003690) shadow_wsp=700015A0 master_wfp=700015B4 depth=0
redirect seq=003937 caller=QUEST2 WSAVS DIST                 pc=70168717 area_wfp=740036A4 argc=4 frame=0 real_wsp=700015AA shadow_wsp=700015B4 master_wfp=700015B4 ret=70166E20 depth=1
redirect seq=003939 caller=QUEST2 WRTN  DIST                 area_wfp=740036A4 ret_pc=70168732 real_wsp=700015A0 (was 74003690) shadow_wsp=700015A0 master_wfp=700015B4 depth=0
redirect seq=003941 caller=QUEST2 WSAVS DIST                 pc=70168717 area_wfp=740036A4 argc=4 frame=0 real_wsp=700015AA shadow_wsp=700015B4 master_wfp=700015B4 ret=70166E20 depth=1
redirect seq=003943 caller=QUEST2 WRTN  DIST                 area_wfp=740036A4 ret_pc=70168732 real_wsp=700015A0 (was 74003690) shadow_wsp=700015A0 master_wfp=700015B4 depth=0
redirect seq=003948 caller=QUEST2 WSAVS DIST                 pc=70168717 area_wfp=740036A4 argc=4 frame=0 real_wsp=700015AA shadow_wsp=700015B4 master_wfp=700015B4 ret=70166E20 depth=1
redirect seq=003950 caller=QUEST2 WRTN  DIST                 area_wfp=740036A4 ret_pc=70168732 real_wsp=700015A0 (was 74003690) shadow_wsp=700015A0 master_wfp=700015B4 depth=0
redirect seq=003952 caller=QUEST2 WSAVS DIST                 pc=70168717 area_wfp=740036A4 argc=4 frame=0 real_wsp=700015AA shadow_wsp=700015B4 master_wfp=700015B4 ret=70166E20 depth=1
redirect seq=003954 caller=QUEST2 WRTN  DIST                 area_wfp=740036A4 ret_pc=70168732 real_wsp=700015A0 (was 74003690) shadow_wsp=700015A0 master_wfp=700015B4 depth=0
redirect seq=003956 caller=QUEST2 WSAVS DIST                 pc=70168717 area_wfp=740036A4 argc=4 frame=0 real_wsp=700015AA shadow_wsp=700015B4 master_wfp=700015B4 ret=70166E20 depth=1
redirect seq=003958 caller=QUEST2 WRTN  DIST                 area_wfp=740036A4 ret_pc=70168732 real_wsp=700015A0 (was 74003690) shadow_wsp=700015A0 master_wfp=700015B4 depth=0
redirect seq=003961 caller=QUEST2 WSAVS DIST                 pc=70168717 area_wfp=740036A4 argc=4 frame=0 real_wsp=700015AA shadow_wsp=700015B4 master_wfp=700015B4 ret=70166E20 depth=1
redirect seq=003963 caller=QUEST2 WRTN  DIST                 area_wfp=740036A4 ret_pc=70168732 real_wsp=700015A0 (was 74003690) shadow_wsp=700015A0 master_wfp=700015B4 depth=0
redirect seq=003967 caller=QUEST2 WSAVS DIST                 pc=70168717 area_wfp=740036A4 argc=4 frame=0 real_wsp=700015AA shadow_wsp=700015B4 master_wfp=700015B4 ret=70166E20 depth=1
redirect seq=003969 caller=QUEST2 WRTN  DIST                 area_wfp=740036A4 ret_pc=70168732 real_wsp=700015A0 (was 74003690) shadow_wsp=700015A0 master_wfp=700015B4 depth=0
redirect seq=003971 caller=QUEST2 WSAVS DIST                 pc=70168717 area_wfp=740036A4 argc=4 frame=0 real_wsp=700015AA shadow_wsp=700015B4 master_wfp=700015B4 ret=70166E20 depth=1
redirect seq=003973 caller=QUEST2 WRTN  DIST                 area_wfp=740036A4 ret_pc=70168732 real_wsp=700015A0 (was 74003690) shadow_wsp=700015A0 master_wfp=700015B4 depth=0
redirect seq=003978 caller=QUEST2 WSAVS DIST                 pc=70168717 area_wfp=740036A4 argc=4 frame=0 real_wsp=700015AA shadow_wsp=700015B4 master_wfp=700015B4 ret=70166E20 depth=1
redirect seq=003980 caller=QUEST2 WRTN  DIST                 area_wfp=740036A4 ret_pc=70168732 real_wsp=700015A0 (was 74003690) shadow_wsp=700015A0 master_wfp=700015B4 depth=0
redirect seq=003982 caller=QUEST2 WSAVS DIST                 pc=70168717 area_wfp=740036A4 argc=4 frame=0 real_wsp=700015AA shadow_wsp=700015B4 master_wfp=700015B4 ret=70166E20 depth=1
redirect seq=003984 caller=QUEST2 WRTN  DIST                 area_wfp=740036A4 ret_pc=70168732 real_wsp=700015A0 (was 74003690) shadow_wsp=700015A0 master_wfp=700015B4 depth=0
redirect seq=003986 caller=QUEST2 WSAVS DIST                 pc=70168717 area_wfp=740036A4 argc=4 frame=0 real_wsp=700015AA shadow_wsp=700015B4 master_wfp=700015B4 ret=70166E20 depth=1
redirect seq=003988 caller=QUEST2 WRTN  DIST                 area_wfp=740036A4 ret_pc=70168732 real_wsp=700015A0 (was 74003690) shadow_wsp=700015A0 master_wfp=700015B4 depth=0
redirect seq=003992 caller=QUEST2 WSAVS DIST                 pc=70168717 area_wfp=740036A4 argc=4 frame=0 real_wsp=700015AA shadow_wsp=700015B4 master_wfp=700015B4 ret=70166E20 depth=1
redirect seq=003994 caller=QUEST2 WRTN  DIST                 area_wfp=740036A4 ret_pc=70168732 real_wsp=700015A0 (was 74003690) shadow_wsp=700015A0 master_wfp=700015B4 depth=0
redirect seq=003996 caller=QUEST2 WSAVS DIST                 pc=70168717 area_wfp=740036A4 argc=4 frame=0 real_wsp=700015AA shadow_wsp=700015B4 master_wfp=700015B4 ret=70166E20 depth=1
redirect seq=003998 caller=QUEST2 WRTN  DIST                 area_wfp=740036A4 ret_pc=70168732 real_wsp=700015A0 (was 74003690) shadow_wsp=700015A0 master_wfp=700015B4 depth=0
redirect seq=004002 caller=QUEST2 WSAVS DIST                 pc=70168717 area_wfp=740036A4 argc=4 frame=0 real_wsp=700015AA shadow_wsp=700015B4 master_wfp=700015B4 ret=70166E20 depth=1
redirect seq=004004 caller=QUEST2 WRTN  DIST                 area_wfp=740036A4 ret_pc=70168732 real_wsp=700015A0 (was 74003690) shadow_wsp=700015A0 master_wfp=700015B4 depth=0
redirect seq=004006 caller=QUEST2 WSAVS DIST                 pc=70168717 area_wfp=740036A4 argc=4 frame=0 real_wsp=700015AA shadow_wsp=700015B4 master_wfp=700015B4 ret=70166E20 depth=1
redirect seq=004010 caller=QUEST2 WRTN  DIST                 area_wfp=740036A4 ret_pc=70168732 real_wsp=700015A0 (was 74003690) shadow_wsp=700015A0 master_wfp=700015B4 depth=0
redirect seq=004012 caller=QUEST2 WSAVS DIST                 pc=70168717 area_wfp=740036A4 argc=4 frame=0 real_wsp=700015AA shadow_wsp=700015B4 master_wfp=700015B4 ret=70166E20 depth=1
redirect seq=004014 caller=QUEST2 WRTN  DIST                 area_wfp=740036A4 ret_pc=70168732 real_wsp=700015A0 (was 74003690) shadow_wsp=700015A0 master_wfp=700015B4 depth=0
redirect seq=004016 caller=QUEST2 WSAVS DIST                 pc=70168717 area_wfp=740036A4 argc=4 frame=0 real_wsp=700015AA shadow_wsp=700015B4 master_wfp=700015B4 ret=70166E20 depth=1
redirect seq=004018 caller=QUEST2 WRTN  DIST                 area_wfp=740036A4 ret_pc=70168732 real_wsp=700015A0 (was 74003690) shadow_wsp=700015A0 master_wfp=700015B4 depth=0
redirect seq=004023 caller=QUEST2 WSAVS DIST                 pc=70168717 area_wfp=740036A4 argc=4 frame=0 real_wsp=700015AA shadow_wsp=700015B4 master_wfp=700015B4 ret=70166E20 depth=1
redirect seq=004025 caller=QUEST2 WRTN  DIST                 area_wfp=740036A4 ret_pc=70168732 real_wsp=700015A0 (was 74003690) shadow_wsp=700015A0 master_wfp=700015B4 depth=0
redirect seq=004027 caller=QUEST2 WSAVS DIST                 pc=70168717 area_wfp=740036A4 argc=4 frame=0 real_wsp=700015AA shadow_wsp=700015B4 master_wfp=700015B4 ret=70166E20 depth=1
redirect seq=004029 caller=QUEST2 WRTN  DIST                 area_wfp=740036A4 ret_pc=70168732 real_wsp=700015A0 (was 74003690) shadow_wsp=700015A0 master_wfp=700015B4 depth=0
redirect seq=004031 caller=QUEST2 WSAVS DIST                 pc=70168717 area_wfp=740036A4 argc=4 frame=0 real_wsp=700015AA shadow_wsp=700015B4 master_wfp=700015B4 ret=70166E20 depth=1
redirect seq=004033 caller=QUEST2 WRTN  DIST                 area_wfp=740036A4 ret_pc=70168732 real_wsp=700015A0 (was 74003690) shadow_wsp=700015A0 master_wfp=700015B4 depth=0
redirect seq=004037 caller=QUEST2 WSAVS DIST                 pc=70168717 area_wfp=740036A4 argc=4 frame=0 real_wsp=700015AA shadow_wsp=700015B4 master_wfp=700015B4 ret=70166E20 depth=1
redirect seq=004039 caller=QUEST2 WRTN  DIST                 area_wfp=740036A4 ret_pc=70168732 real_wsp=700015A0 (was 74003690) shadow_wsp=700015A0 master_wfp=700015B4 depth=0
redirect seq=004041 caller=QUEST2 WSAVS DIST                 pc=70168717 area_wfp=740036A4 argc=4 frame=0 real_wsp=700015AA shadow_wsp=700015B4 master_wfp=700015B4 ret=70166E20 depth=1
redirect seq=004044 caller=QUEST2 WRTN  DIST                 area_wfp=740036A4 ret_pc=70168732 real_wsp=700015A0 (was 74003690) shadow_wsp=700015A0 master_wfp=700015B4 depth=0
redirect seq=004046 caller=QUEST2 WSAVS DIST                 pc=70168717 area_wfp=740036A4 argc=4 frame=0 real_wsp=700015AA shadow_wsp=700015B4 master_wfp=700015B4 ret=70166E20 depth=1
redirect seq=004048 caller=QUEST2 WRTN  DIST                 area_wfp=740036A4 ret_pc=70168732 real_wsp=700015A0 (was 74003690) shadow_wsp=700015A0 master_wfp=700015B4 depth=0
redirect seq=004053 caller=QUEST2 WSAVS DIST                 pc=70168717 area_wfp=740036A4 argc=4 frame=0 real_wsp=700015AA shadow_wsp=700015B4 master_wfp=700015B4 ret=70166E20 depth=1
redirect seq=004055 caller=QUEST2 WRTN  DIST                 area_wfp=740036A4 ret_pc=70168732 real_wsp=700015A0 (was 74003690) shadow_wsp=700015A0 master_wfp=700015B4 depth=0
redirect seq=004057 caller=QUEST2 WSAVS DIST                 pc=70168717 area_wfp=740036A4 argc=4 frame=0 real_wsp=700015AA shadow_wsp=700015B4 master_wfp=700015B4 ret=70166E20 depth=1
redirect seq=004059 caller=QUEST2 WRTN  DIST                 area_wfp=740036A4 ret_pc=70168732 real_wsp=700015A0 (was 74003690) shadow_wsp=700015A0 master_wfp=700015B4 depth=0
redirect seq=004061 caller=QUEST2 WSAVS DIST                 pc=70168717 area_wfp=740036A4 argc=4 frame=0 real_wsp=700015AA shadow_wsp=700015B4 master_wfp=700015B4 ret=70166E20 depth=1
redirect seq=004063 caller=QUEST2 WRTN  DIST                 area_wfp=740036A4 ret_pc=70168732 real_wsp=700015A0 (was 74003690) shadow_wsp=700015A0 master_wfp=700015B4 depth=0
redirect seq=004067 caller=QUEST2 WSAVS DIST                 pc=70168717 area_wfp=740036A4 argc=4 frame=0 real_wsp=700015AA shadow_wsp=700015B4 master_wfp=700015B4 ret=70166E20 depth=1
redirect seq=004069 caller=QUEST2 WRTN  DIST                 area_wfp=740036A4 ret_pc=70168732 real_wsp=700015A0 (was 74003690) shadow_wsp=700015A0 master_wfp=700015B4 depth=0
redirect seq=004071 caller=QUEST2 WSAVS DIST                 pc=70168717 area_wfp=740036A4 argc=4 frame=0 real_wsp=700015AA shadow_wsp=700015B4 master_wfp=700015B4 ret=70166E20 depth=1
redirect seq=004074 caller=QUEST2 WRTN  DIST                 area_wfp=740036A4 ret_pc=70168732 real_wsp=700015A0 (was 74003690) shadow_wsp=700015A0 master_wfp=700015B4 depth=0
redirect seq=004076 caller=QUEST2 WSAVS DIST                 pc=70168717 area_wfp=740036A4 argc=4 frame=0 real_wsp=700015AA shadow_wsp=700015B4 master_wfp=700015B4 ret=70166E20 depth=1
redirect seq=004078 caller=QUEST2 WRTN  DIST                 area_wfp=740036A4 ret_pc=70168732 real_wsp=700015A0 (was 74003690) shadow_wsp=700015A0 master_wfp=700015B4 depth=0
redirect seq=004083 caller=QUEST2 WSAVS DIST                 pc=70168717 area_wfp=740036A4 argc=4 frame=0 real_wsp=700015AA shadow_wsp=700015B4 master_wfp=700015B4 ret=70166E20 depth=1
redirect seq=004085 caller=QUEST2 WRTN  DIST                 area_wfp=740036A4 ret_pc=70168732 real_wsp=700015A0 (was 74003690) shadow_wsp=700015A0 master_wfp=700015B4 depth=0
redirect seq=004087 caller=QUEST2 WSAVS DIST                 pc=70168717 area_wfp=740036A4 argc=4 frame=0 real_wsp=700015AA shadow_wsp=700015B4 master_wfp=700015B4 ret=70166E20 depth=1
redirect seq=004089 caller=QUEST2 WRTN  DIST                 area_wfp=740036A4 ret_pc=70168732 real_wsp=700015A0 (was 74003690) shadow_wsp=700015A0 master_wfp=700015B4 depth=0
redirect seq=004091 caller=QUEST2 WSAVS DIST                 pc=70168717 area_wfp=740036A4 argc=4 frame=0 real_wsp=700015AA shadow_wsp=700015B4 master_wfp=700015B4 ret=70166E20 depth=1
redirect seq=004093 caller=QUEST2 WRTN  DIST                 area_wfp=740036A4 ret_pc=70168732 real_wsp=700015A0 (was 74003690) shadow_wsp=700015A0 master_wfp=700015B4 depth=0
redirect seq=004098 caller=QUEST2 WSAVS DIST                 pc=70168717 area_wfp=740036A4 argc=4 frame=0 real_wsp=700015AA shadow_wsp=700015B4 master_wfp=700015B4 ret=70166E20 depth=1
redirect seq=004100 caller=QUEST2 WRTN  DIST                 area_wfp=740036A4 ret_pc=70168732 real_wsp=700015A0 (was 74003690) shadow_wsp=700015A0 master_wfp=700015B4 depth=0
redirect seq=004102 caller=QUEST2 WSAVS DIST                 pc=70168717 area_wfp=740036A4 argc=4 frame=0 real_wsp=700015AA shadow_wsp=700015B4 master_wfp=700015B4 ret=70166E20 depth=1
redirect seq=004104 caller=QUEST2 WRTN  DIST                 area_wfp=740036A4 ret_pc=70168732 real_wsp=700015A0 (was 74003690) shadow_wsp=700015A0 master_wfp=700015B4 depth=0
redirect seq=004106 caller=QUEST2 WSAVS DIST                 pc=70168717 area_wfp=740036A4 argc=4 frame=0 real_wsp=700015AA shadow_wsp=700015B4 master_wfp=700015B4 ret=70166E20 depth=1
redirect seq=004108 caller=QUEST2 WRTN  DIST                 area_wfp=740036A4 ret_pc=70168732 real_wsp=700015A0 (was 74003690) shadow_wsp=700015A0 master_wfp=700015B4 depth=0
redirect seq=004111 caller=QUEST2 WSAVS DIST                 pc=70168717 area_wfp=740036A4 argc=4 frame=0 real_wsp=700015AA shadow_wsp=700015B4 master_wfp=700015B4 ret=70166E20 depth=1
redirect seq=004113 caller=QUEST2 WRTN  DIST                 area_wfp=740036A4 ret_pc=70168732 real_wsp=700015A0 (was 74003690) shadow_wsp=700015A0 master_wfp=700015B4 depth=0
redirect seq=004117 caller=QUEST2 WSAVS DIST                 pc=70168717 area_wfp=740036A4 argc=4 frame=0 real_wsp=700015AA shadow_wsp=700015B4 master_wfp=700015B4 ret=70166E20 depth=1
redirect seq=004119 caller=QUEST2 WRTN  DIST                 area_wfp=740036A4 ret_pc=70168732 real_wsp=700015A0 (was 74003690) shadow_wsp=700015A0 master_wfp=700015B4 depth=0
redirect seq=004121 caller=QUEST2 WSAVS DIST                 pc=70168717 area_wfp=740036A4 argc=4 frame=0 real_wsp=700015AA shadow_wsp=700015B4 master_wfp=700015B4 ret=70166E20 depth=1
redirect seq=004123 caller=QUEST2 WRTN  DIST                 area_wfp=740036A4 ret_pc=70168732 real_wsp=700015A0 (was 74003690) shadow_wsp=700015A0 master_wfp=700015B4 depth=0
redirect seq=004128 caller=QUEST2 WSAVS DIST                 pc=70168717 area_wfp=740036A4 argc=4 frame=0 real_wsp=700015AA shadow_wsp=700015B4 master_wfp=700015B4 ret=70166E20 depth=1
redirect seq=004130 caller=QUEST2 WRTN  DIST                 area_wfp=740036A4 ret_pc=70168732 real_wsp=700015A0 (was 74003690) shadow_wsp=700015A0 master_wfp=700015B4 depth=0
redirect seq=004132 caller=QUEST2 WSAVS DIST                 pc=70168717 area_wfp=740036A4 argc=4 frame=0 real_wsp=700015AA shadow_wsp=700015B4 master_wfp=700015B4 ret=70166E20 depth=1
redirect seq=004134 caller=QUEST2 WRTN  DIST                 area_wfp=740036A4 ret_pc=70168732 real_wsp=700015A0 (was 74003690) shadow_wsp=700015A0 master_wfp=700015B4 depth=0
redirect seq=004136 caller=QUEST2 WSAVS DIST                 pc=70168717 area_wfp=740036A4 argc=4 frame=0 real_wsp=700015AA shadow_wsp=700015B4 master_wfp=700015B4 ret=70166E20 depth=1
redirect seq=004138 caller=QUEST2 WRTN  DIST                 area_wfp=740036A4 ret_pc=70168732 real_wsp=700015A0 (was 74003690) shadow_wsp=700015A0 master_wfp=700015B4 depth=0
redirect seq=004142 caller=QUEST2 WSAVS DIST                 pc=70168717 area_wfp=740036A4 argc=4 frame=0 real_wsp=700015AA shadow_wsp=700015B4 master_wfp=700015B4 ret=70166E20 depth=1
redirect seq=004144 caller=QUEST2 WRTN  DIST                 area_wfp=740036A4 ret_pc=70168732 real_wsp=700015A0 (was 74003690) shadow_wsp=700015A0 master_wfp=700015B4 depth=0
redirect seq=004146 caller=QUEST2 WSAVS DIST                 pc=70168717 area_wfp=740036A4 argc=4 frame=0 real_wsp=700015AA shadow_wsp=700015B4 master_wfp=700015B4 ret=70166E20 depth=1
redirect seq=004148 caller=QUEST2 WRTN  DIST                 area_wfp=740036A4 ret_pc=70168732 real_wsp=700015A0 (was 74003690) shadow_wsp=700015A0 master_wfp=700015B4 depth=0
redirect seq=004151 caller=QUEST2 WSAVS DIST                 pc=70168717 area_wfp=740036A4 argc=4 frame=0 real_wsp=700015AA shadow_wsp=700015B4 master_wfp=700015B4 ret=70166E20 depth=1
redirect seq=004153 caller=QUEST2 WRTN  DIST                 area_wfp=740036A4 ret_pc=70168732 real_wsp=700015A0 (was 74003690) shadow_wsp=700015A0 master_wfp=700015B4 depth=0
redirect seq=004158 caller=QUEST2 WSAVS DIST                 pc=70168717 area_wfp=740036A4 argc=4 frame=0 real_wsp=700015AA shadow_wsp=700015B4 master_wfp=700015B4 ret=70166E20 depth=1
redirect seq=004160 caller=QUEST2 WRTN  DIST                 area_wfp=740036A4 ret_pc=70168732 real_wsp=700015A0 (was 74003690) shadow_wsp=700015A0 master_wfp=700015B4 depth=0
redirect seq=004162 caller=QUEST2 WSAVS DIST                 pc=70168717 area_wfp=740036A4 argc=4 frame=0 real_wsp=700015AA shadow_wsp=700015B4 master_wfp=700015B4 ret=70166E20 depth=1
redirect seq=004164 caller=QUEST2 WRTN  DIST                 area_wfp=740036A4 ret_pc=70168732 real_wsp=700015A0 (was 74003690) shadow_wsp=700015A0 master_wfp=700015B4 depth=0
redirect seq=004166 caller=QUEST2 WSAVS DIST                 pc=70168717 area_wfp=740036A4 argc=4 frame=0 real_wsp=700015AA shadow_wsp=700015B4 master_wfp=700015B4 ret=70166E20 depth=1
redirect seq=004168 caller=QUEST2 WRTN  DIST                 area_wfp=740036A4 ret_pc=70168732 real_wsp=700015A0 (was 74003690) shadow_wsp=700015A0 master_wfp=700015B4 depth=0
redirect seq=004173 caller=QUEST2 WSAVS DIST                 pc=70168717 area_wfp=740036A4 argc=4 frame=0 real_wsp=700015AA shadow_wsp=700015B4 master_wfp=700015B4 ret=70166E20 depth=1
redirect seq=004175 caller=QUEST2 WRTN  DIST                 area_wfp=740036A4 ret_pc=70168732 real_wsp=700015A0 (was 74003690) shadow_wsp=700015A0 master_wfp=700015B4 depth=0
redirect seq=004177 caller=QUEST2 WSAVS DIST                 pc=70168717 area_wfp=740036A4 argc=4 frame=0 real_wsp=700015AA shadow_wsp=700015B4 master_wfp=700015B4 ret=70166E20 depth=1
redirect seq=004179 caller=QUEST2 WRTN  DIST                 area_wfp=740036A4 ret_pc=70168732 real_wsp=700015A0 (was 74003690) shadow_wsp=700015A0 master_wfp=700015B4 depth=0
redirect seq=004181 caller=QUEST2 WSAVS DIST                 pc=70168717 area_wfp=740036A4 argc=4 frame=0 real_wsp=700015AA shadow_wsp=700015B4 master_wfp=700015B4 ret=70166E20 depth=1
redirect seq=004183 caller=QUEST2 WRTN  DIST                 area_wfp=740036A4 ret_pc=70168732 real_wsp=700015A0 (was 74003690) shadow_wsp=700015A0 master_wfp=700015B4 depth=0
redirect seq=004186 caller=QUEST2 WSAVS DIST                 pc=70168717 area_wfp=740036A4 argc=4 frame=0 real_wsp=700015AA shadow_wsp=700015B4 master_wfp=700015B4 ret=70166E20 depth=1
redirect seq=004188 caller=QUEST2 WRTN  DIST                 area_wfp=740036A4 ret_pc=70168732 real_wsp=700015A0 (was 74003690) shadow_wsp=700015A0 master_wfp=700015B4 depth=0
redirect seq=004192 caller=QUEST2 WSAVS DIST                 pc=70168717 area_wfp=740036A4 argc=4 frame=0 real_wsp=700015AA shadow_wsp=700015B4 master_wfp=700015B4 ret=70166E20 depth=1
redirect seq=004194 caller=QUEST2 WRTN  DIST                 area_wfp=740036A4 ret_pc=70168732 real_wsp=700015A0 (was 74003690) shadow_wsp=700015A0 master_wfp=700015B4 depth=0
redirect seq=004196 caller=QUEST2 WSAVS DIST                 pc=70168717 area_wfp=740036A4 argc=4 frame=0 real_wsp=700015AA shadow_wsp=700015B4 master_wfp=700015B4 ret=70166E20 depth=1
redirect seq=004198 caller=QUEST2 WRTN  DIST                 area_wfp=740036A4 ret_pc=70168732 real_wsp=700015A0 (was 74003690) shadow_wsp=700015A0 master_wfp=700015B4 depth=0
redirect seq=004203 caller=QUEST2 WSAVS DIST                 pc=70168717 area_wfp=740036A4 argc=4 frame=0 real_wsp=700015AA shadow_wsp=700015B4 master_wfp=700015B4 ret=70166E20 depth=1
redirect seq=004205 caller=QUEST2 WRTN  DIST                 area_wfp=740036A4 ret_pc=70168732 real_wsp=700015A0 (was 74003690) shadow_wsp=700015A0 master_wfp=700015B4 depth=0
redirect seq=004207 caller=QUEST2 WSAVS DIST                 pc=70168717 area_wfp=740036A4 argc=4 frame=0 real_wsp=700015AA shadow_wsp=700015B4 master_wfp=700015B4 ret=70166E20 depth=1
redirect seq=004209 caller=QUEST2 WRTN  DIST                 area_wfp=740036A4 ret_pc=70168732 real_wsp=700015A0 (was 74003690) shadow_wsp=700015A0 master_wfp=700015B4 depth=0
redirect seq=004211 caller=QUEST2 WSAVS DIST                 pc=70168717 area_wfp=740036A4 argc=4 frame=0 real_wsp=700015AA shadow_wsp=700015B4 master_wfp=700015B4 ret=70166E20 depth=1
redirect seq=004213 caller=QUEST2 WRTN  DIST                 area_wfp=740036A4 ret_pc=70168732 real_wsp=700015A0 (was 74003690) shadow_wsp=700015A0 master_wfp=700015B4 depth=0
redirect seq=004217 caller=QUEST2 WSAVS DIST                 pc=70168717 area_wfp=740036A4 argc=4 frame=0 real_wsp=700015AA shadow_wsp=700015B4 master_wfp=700015B4 ret=70166E20 depth=1
redirect seq=004219 caller=QUEST2 WRTN  DIST                 area_wfp=740036A4 ret_pc=70168732 real_wsp=700015A0 (was 74003690) shadow_wsp=700015A0 master_wfp=700015B4 depth=0
redirect seq=004221 caller=QUEST2 WSAVS DIST                 pc=70168717 area_wfp=740036A4 argc=4 frame=0 real_wsp=700015AA shadow_wsp=700015B4 master_wfp=700015B4 ret=70166E20 depth=1
redirect seq=004224 caller=QUEST2 WRTN  DIST                 area_wfp=740036A4 ret_pc=70168732 real_wsp=700015A0 (was 74003690) shadow_wsp=700015A0 master_wfp=700015B4 depth=0
redirect seq=004226 caller=QUEST2 WSAVS DIST                 pc=70168717 area_wfp=740036A4 argc=4 frame=0 real_wsp=700015AA shadow_wsp=700015B4 master_wfp=700015B4 ret=70166E20 depth=1
redirect seq=004228 caller=QUEST2 WRTN  DIST                 area_wfp=740036A4 ret_pc=70168732 real_wsp=700015A0 (was 74003690) shadow_wsp=700015A0 master_wfp=700015B4 depth=0
redirect seq=004233 caller=QUEST2 WSAVS DIST                 pc=70168717 area_wfp=740036A4 argc=4 frame=0 real_wsp=700015AA shadow_wsp=700015B4 master_wfp=700015B4 ret=70166E20 depth=1
redirect seq=004235 caller=QUEST2 WRTN  DIST                 area_wfp=740036A4 ret_pc=70168732 real_wsp=700015A0 (was 74003690) shadow_wsp=700015A0 master_wfp=700015B4 depth=0
redirect seq=004237 caller=QUEST2 WSAVS DIST                 pc=70168717 area_wfp=740036A4 argc=4 frame=0 real_wsp=700015AA shadow_wsp=700015B4 master_wfp=700015B4 ret=70166E20 depth=1
redirect seq=004239 caller=QUEST2 WRTN  DIST                 area_wfp=740036A4 ret_pc=70168732 real_wsp=700015A0 (was 74003690) shadow_wsp=700015A0 master_wfp=700015B4 depth=0
redirect seq=004241 caller=QUEST2 WSAVS DIST                 pc=70168717 area_wfp=740036A4 argc=4 frame=0 real_wsp=700015AA shadow_wsp=700015B4 master_wfp=700015B4 ret=70166E20 depth=1
redirect seq=004243 caller=QUEST2 WRTN  DIST                 area_wfp=740036A4 ret_pc=70168732 real_wsp=700015A0 (was 74003690) shadow_wsp=700015A0 master_wfp=700015B4 depth=0
redirect seq=004248 caller=QUEST2 WSAVS DIST                 pc=70168717 area_wfp=740036A4 argc=4 frame=0 real_wsp=700015AA shadow_wsp=700015B4 master_wfp=700015B4 ret=70166E20 depth=1
redirect seq=004250 caller=QUEST2 WRTN  DIST                 area_wfp=740036A4 ret_pc=70168732 real_wsp=700015A0 (was 74003690) shadow_wsp=700015A0 master_wfp=700015B4 depth=0
redirect seq=004252 caller=QUEST2 WSAVS DIST                 pc=70168717 area_wfp=740036A4 argc=4 frame=0 real_wsp=700015AA shadow_wsp=700015B4 master_wfp=700015B4 ret=70166E20 depth=1
redirect seq=004254 caller=QUEST2 WRTN  DIST                 area_wfp=740036A4 ret_pc=70168732 real_wsp=700015A0 (was 74003690) shadow_wsp=700015A0 master_wfp=700015B4 depth=0
redirect seq=004256 caller=QUEST2 WSAVS DIST                 pc=70168717 area_wfp=740036A4 argc=4 frame=0 real_wsp=700015AA shadow_wsp=700015B4 master_wfp=700015B4 ret=70166E20 depth=1
redirect seq=004259 caller=QUEST2 WRTN  DIST                 area_wfp=740036A4 ret_pc=70168732 real_wsp=700015A0 (was 74003690) shadow_wsp=700015A0 master_wfp=700015B4 depth=0
redirect seq=004261 caller=QUEST2 WSAVS DIST                 pc=70168717 area_wfp=740036A4 argc=4 frame=0 real_wsp=700015AA shadow_wsp=700015B4 master_wfp=700015B4 ret=70166E20 depth=1
redirect seq=004265 caller=QUEST2 WRTN  DIST                 area_wfp=740036A4 ret_pc=70168732 real_wsp=700015A0 (was 74003690) shadow_wsp=700015A0 master_wfp=700015B4 depth=0
redirect seq=004267 caller=QUEST2 WSAVS DIST                 pc=70168717 area_wfp=740036A4 argc=4 frame=0 real_wsp=700015AA shadow_wsp=700015B4 master_wfp=700015B4 ret=70166E20 depth=1
redirect seq=004269 caller=QUEST2 WRTN  DIST                 area_wfp=740036A4 ret_pc=70168732 real_wsp=700015A0 (was 74003690) shadow_wsp=700015A0 master_wfp=700015B4 depth=0
redirect seq=004271 caller=QUEST2 WSAVS DIST                 pc=70168717 area_wfp=740036A4 argc=4 frame=0 real_wsp=700015AA shadow_wsp=700015B4 master_wfp=700015B4 ret=70166E20 depth=1
redirect seq=004273 caller=QUEST2 WRTN  DIST                 area_wfp=740036A4 ret_pc=70168732 real_wsp=700015A0 (was 74003690) shadow_wsp=700015A0 master_wfp=700015B4 depth=0
redirect seq=004278 caller=QUEST2 WSAVS DIST                 pc=70168717 area_wfp=740036A4 argc=4 frame=0 real_wsp=700015AA shadow_wsp=700015B4 master_wfp=700015B4 ret=70166E20 depth=1
redirect seq=004280 caller=QUEST2 WRTN  DIST                 area_wfp=740036A4 ret_pc=70168732 real_wsp=700015A0 (was 74003690) shadow_wsp=700015A0 master_wfp=700015B4 depth=0
redirect seq=004282 caller=QUEST2 WSAVS DIST                 pc=70168717 area_wfp=740036A4 argc=4 frame=0 real_wsp=700015AA shadow_wsp=700015B4 master_wfp=700015B4 ret=70166E20 depth=1
redirect seq=004284 caller=QUEST2 WRTN  DIST                 area_wfp=740036A4 ret_pc=70168732 real_wsp=700015A0 (was 74003690) shadow_wsp=700015A0 master_wfp=700015B4 depth=0
redirect seq=004286 caller=QUEST2 WSAVS DIST                 pc=70168717 area_wfp=740036A4 argc=4 frame=0 real_wsp=700015AA shadow_wsp=700015B4 master_wfp=700015B4 ret=70166E20 depth=1
redirect seq=004288 caller=QUEST2 WRTN  DIST                 area_wfp=740036A4 ret_pc=70168732 real_wsp=700015A0 (was 74003690) shadow_wsp=700015A0 master_wfp=700015B4 depth=0
redirect seq=004292 caller=QUEST2 WSAVS DIST                 pc=70168717 area_wfp=740036A4 argc=4 frame=0 real_wsp=700015AA shadow_wsp=700015B4 master_wfp=700015B4 ret=70166E20 depth=1
redirect seq=004294 caller=QUEST2 WRTN  DIST                 area_wfp=740036A4 ret_pc=70168732 real_wsp=700015A0 (was 74003690) shadow_wsp=700015A0 master_wfp=700015B4 depth=0
redirect seq=004296 caller=QUEST2 WSAVS DIST                 pc=70168717 area_wfp=740036A4 argc=4 frame=0 real_wsp=700015AA shadow_wsp=700015B4 master_wfp=700015B4 ret=70166E20 depth=1
redirect seq=004298 caller=QUEST2 WRTN  DIST                 area_wfp=740036A4 ret_pc=70168732 real_wsp=700015A0 (was 74003690) shadow_wsp=700015A0 master_wfp=700015B4 depth=0
redirect seq=004301 caller=QUEST2 WSAVS DIST                 pc=70168717 area_wfp=740036A4 argc=4 frame=0 real_wsp=700015AA shadow_wsp=700015B4 master_wfp=700015B4 ret=70166E20 depth=1
redirect seq=004303 caller=QUEST2 WRTN  DIST                 area_wfp=740036A4 ret_pc=70168732 real_wsp=700015A0 (was 74003690) shadow_wsp=700015A0 master_wfp=700015B4 depth=0
redirect seq=004308 caller=QUEST2 WSAVS DIST                 pc=70168717 area_wfp=740036A4 argc=4 frame=0 real_wsp=700015AA shadow_wsp=700015B4 master_wfp=700015B4 ret=70166E20 depth=1
redirect seq=004310 caller=QUEST2 WRTN  DIST                 area_wfp=740036A4 ret_pc=70168732 real_wsp=700015A0 (was 74003690) shadow_wsp=700015A0 master_wfp=700015B4 depth=0
redirect seq=004312 caller=QUEST2 WSAVS DIST                 pc=70168717 area_wfp=740036A4 argc=4 frame=0 real_wsp=700015AA shadow_wsp=700015B4 master_wfp=700015B4 ret=70166E20 depth=1
redirect seq=004314 caller=QUEST2 WRTN  DIST                 area_wfp=740036A4 ret_pc=70168732 real_wsp=700015A0 (was 74003690) shadow_wsp=700015A0 master_wfp=700015B4 depth=0
redirect seq=004316 caller=QUEST2 WSAVS DIST                 pc=70168717 area_wfp=740036A4 argc=4 frame=0 real_wsp=700015AA shadow_wsp=700015B4 master_wfp=700015B4 ret=70166E20 depth=1
redirect seq=004318 caller=QUEST2 WRTN  DIST                 area_wfp=740036A4 ret_pc=70168732 real_wsp=700015A0 (was 74003690) shadow_wsp=700015A0 master_wfp=700015B4 depth=0
redirect seq=004323 caller=QUEST2 WSAVS DIST                 pc=70168717 area_wfp=740036A4 argc=4 frame=0 real_wsp=700015AA shadow_wsp=700015B4 master_wfp=700015B4 ret=70166E20 depth=1
redirect seq=004325 caller=QUEST2 WRTN  DIST                 area_wfp=740036A4 ret_pc=70168732 real_wsp=700015A0 (was 74003690) shadow_wsp=700015A0 master_wfp=700015B4 depth=0
redirect seq=004327 caller=QUEST2 WSAVS DIST                 pc=70168717 area_wfp=740036A4 argc=4 frame=0 real_wsp=700015AA shadow_wsp=700015B4 master_wfp=700015B4 ret=70166E20 depth=1
redirect seq=004329 caller=QUEST2 WRTN  DIST                 area_wfp=740036A4 ret_pc=70168732 real_wsp=700015A0 (was 74003690) shadow_wsp=700015A0 master_wfp=700015B4 depth=0
redirect seq=004331 caller=QUEST2 WSAVS DIST                 pc=70168717 area_wfp=740036A4 argc=4 frame=0 real_wsp=700015AA shadow_wsp=700015B4 master_wfp=700015B4 ret=70166E20 depth=1
redirect seq=004333 caller=QUEST2 WRTN  DIST                 area_wfp=740036A4 ret_pc=70168732 real_wsp=700015A0 (was 74003690) shadow_wsp=700015A0 master_wfp=700015B4 depth=0
redirect seq=004336 caller=QUEST2 WSAVS DIST                 pc=70168717 area_wfp=740036A4 argc=4 frame=0 real_wsp=700015AA shadow_wsp=700015B4 master_wfp=700015B4 ret=70166E20 depth=1
redirect seq=004338 caller=QUEST2 WRTN  DIST                 area_wfp=740036A4 ret_pc=70168732 real_wsp=700015A0 (was 74003690) shadow_wsp=700015A0 master_wfp=700015B4 depth=0
redirect seq=004342 caller=QUEST2 WSAVS DIST                 pc=70168717 area_wfp=740036A4 argc=4 frame=0 real_wsp=700015AA shadow_wsp=700015B4 master_wfp=700015B4 ret=70166E20 depth=1
redirect seq=004344 caller=QUEST2 WRTN  DIST                 area_wfp=740036A4 ret_pc=70168732 real_wsp=700015A0 (was 74003690) shadow_wsp=700015A0 master_wfp=700015B4 depth=0
redirect seq=004346 caller=QUEST2 WSAVS DIST                 pc=70168717 area_wfp=740036A4 argc=4 frame=0 real_wsp=700015AA shadow_wsp=700015B4 master_wfp=700015B4 ret=70166E20 depth=1
redirect seq=004348 caller=QUEST2 WRTN  DIST                 area_wfp=740036A4 ret_pc=70168732 real_wsp=700015A0 (was 74003690) shadow_wsp=700015A0 master_wfp=700015B4 depth=0
redirect seq=004353 caller=QUEST2 WSAVS DIST                 pc=70168717 area_wfp=740036A4 argc=4 frame=0 real_wsp=700015AA shadow_wsp=700015B4 master_wfp=700015B4 ret=70166E20 depth=1
redirect seq=004355 caller=QUEST2 WRTN  DIST                 area_wfp=740036A4 ret_pc=70168732 real_wsp=700015A0 (was 74003690) shadow_wsp=700015A0 master_wfp=700015B4 depth=0
redirect seq=004357 caller=QUEST2 WSAVS DIST                 pc=70168717 area_wfp=740036A4 argc=4 frame=0 real_wsp=700015AA shadow_wsp=700015B4 master_wfp=700015B4 ret=70166E20 depth=1
redirect seq=004359 caller=QUEST2 WRTN  DIST                 area_wfp=740036A4 ret_pc=70168732 real_wsp=700015A0 (was 74003690) shadow_wsp=700015A0 master_wfp=700015B4 depth=0
redirect seq=004361 caller=QUEST2 WSAVS DIST                 pc=70168717 area_wfp=740036A4 argc=4 frame=0 real_wsp=700015AA shadow_wsp=700015B4 master_wfp=700015B4 ret=70166E20 depth=1
redirect seq=004363 caller=QUEST2 WRTN  DIST                 area_wfp=740036A4 ret_pc=70168732 real_wsp=700015A0 (was 74003690) shadow_wsp=700015A0 master_wfp=700015B4 depth=0
redirect seq=004367 caller=QUEST2 WSAVS DIST                 pc=70168717 area_wfp=740036A4 argc=4 frame=0 real_wsp=700015AA shadow_wsp=700015B4 master_wfp=700015B4 ret=70166E20 depth=1
redirect seq=004369 caller=QUEST2 WRTN  DIST                 area_wfp=740036A4 ret_pc=70168732 real_wsp=700015A0 (was 74003690) shadow_wsp=700015A0 master_wfp=700015B4 depth=0
redirect seq=004371 caller=QUEST2 WSAVS DIST                 pc=70168717 area_wfp=740036A4 argc=4 frame=0 real_wsp=700015AA shadow_wsp=700015B4 master_wfp=700015B4 ret=70166E20 depth=1
redirect seq=004373 caller=QUEST2 WRTN  DIST                 area_wfp=740036A4 ret_pc=70168732 real_wsp=700015A0 (was 74003690) shadow_wsp=700015A0 master_wfp=700015B4 depth=0
redirect seq=004377 caller=QUEST2 WSAVS DIST                 pc=70168717 area_wfp=740036A4 argc=4 frame=0 real_wsp=700015AA shadow_wsp=700015B4 master_wfp=700015B4 ret=70166E20 depth=1
redirect seq=004379 caller=QUEST2 WRTN  DIST                 area_wfp=740036A4 ret_pc=70168732 real_wsp=700015A0 (was 74003690) shadow_wsp=700015A0 master_wfp=700015B4 depth=0
redirect seq=004555 caller=QUEST2 WSAVS READ_IN              pc=701766ED area_wfp=74006C5C argc=0 frame=6 real_wsp=70001182 shadow_wsp=70001198 master_wfp=7000118C ret=7015FB7E depth=1
redirect seq=004567 caller=QUEST2 WRTN  READ_IN              area_wfp=74006C5C ret_pc=7017E77D real_wsp=70001180 (was 74006C50) shadow_wsp=70001180 master_wfp=7000118C depth=0
redirect seq=004586 caller=QUEST2 WSAVS OWNS                 pc=70175CBF area_wfp=74006B30 argc=2 frame=3 real_wsp=7000131E shadow_wsp=7000132E master_wfp=70001328 ret=70171114 depth=1
redirect seq=004587 caller=QUEST2 WRTN  OWNS                 area_wfp=74006B30 ret_pc=70175D3C real_wsp=70001318 (was 74006B20) shadow_wsp=70001318 master_wfp=70001328 depth=0
redirect seq=004589 caller=QUEST2 WSAVS OWNS                 pc=70175CBF area_wfp=74006B30 argc=2 frame=3 real_wsp=7000131E shadow_wsp=7000132E master_wfp=70001328 ret=70171128 depth=1
redirect seq=004590 caller=QUEST2 WRTN  OWNS                 area_wfp=74006B30 ret_pc=70175D08 real_wsp=70001318 (was 74006B20) shadow_wsp=70001318 master_wfp=70001328 depth=0
redirect seq=004592 caller=QUEST2 WSAVS OWNS                 pc=70175CBF area_wfp=74006B30 argc=2 frame=3 real_wsp=7000131E shadow_wsp=7000132E master_wfp=70001328 ret=70171133 depth=1
redirect seq=004594 caller=QUEST2 WRTN  OWNS                 area_wfp=74006B30 ret_pc=70175DA8 real_wsp=70001318 (was 74006B20) shadow_wsp=70001318 master_wfp=70001328 depth=0
redirect seq=004614 caller=QUEST2 WSAVS FIND_OBJECT          pc=7016A88F area_wfp=74003B12 argc=3 frame=6 real_wsp=70001320 shadow_wsp=70001336 master_wfp=7000132A ret=70172343 depth=1
