redirect seq=000145 caller=QUEST2 WSAVS READ_IN              pc=701766ED area_wfp=740072BC argc=0 frame=6 real_wsp=700010DE shadow_wsp=700010F4 master_wfp=700010E8 ret=7015C063 depth=1
redirect seq=000157 caller=QUEST2 WRTN  READ_IN              area_wfp=740072BC ret_pc=7017E77D real_wsp=700010DC (was 740072B0) shadow_wsp=700010DC master_wfp=700010E8 depth=0
redirect seq=000160 caller=QUEST2 WSAVS LOGON                pc=70175E9F area_wfp=7400714C argc=0 frame=40 real_wsp=700010DE shadow_wsp=70001138 master_wfp=700010E8 ret=7015C287 depth=1
redirect seq=000197 caller=QUEST2 WSAVS READ_IN              pc=701766ED area_wfp=740072BC argc=0 frame=6 real_wsp=700010EC shadow_wsp=7000115C master_wfp=70001150 ret=70175F6F depth=2
redirect seq=000210 caller=QUEST2 WRTN  READ_IN              area_wfp=740072BC ret_pc=7017E77D real_wsp=700010EA (was 740072B0) shadow_wsp=70001144 master_wfp=70001150 depth=1
redirect seq=000220 caller=QUEST2 WSAVS READ_IN              pc=701766ED area_wfp=740072BC argc=0 frame=6 real_wsp=700010EC shadow_wsp=7000115C master_wfp=70001150 ret=70175FD7 depth=2
redirect seq=000232 caller=QUEST2 WRTN  READ_IN              area_wfp=740072BC ret_pc=7017E77D real_wsp=700010EA (was 740072B0) shadow_wsp=70001144 master_wfp=70001150 depth=1
redirect seq=000266 caller=QUEST2 WSAVS GET_INPUT            pc=7016AA35 area_wfp=74003ECE argc=1 frame=41 real_wsp=700010EE shadow_wsp=700011A4 master_wfp=70001152 ret=701760C8 depth=2
redirect seq=000275 caller=QUEST2 WRTN  GET_INPUT            area_wfp=74003ECE ret_pc=7016AA66 real_wsp=700010EA (was 74003EC0) shadow_wsp=70001144 master_wfp=70001152 depth=1
redirect seq=001578 caller=QUEST2 WRTN  LOGON                area_wfp=7400714C ret_pc=7017E77D real_wsp=700010DC (was 74007140) shadow_wsp=700010DC master_wfp=700010E8 depth=0
redirect seq=001585 caller=QUEST2 WSAVS INIT_SCREEN          pc=7016E103 area_wfp=740056FE argc=1 frame=5 real_wsp=700010E0 shadow_wsp=700010F4 master_wfp=700010EA ret=7015C390 depth=1
redirect seq=001590 caller=QUEST2 WRTN  INIT_SCREEN          area_wfp=740056FE ret_pc=7016E1DC real_wsp=700010DC (was 740056F0) shadow_wsp=700010DC master_wfp=700010EA depth=0
redirect seq=001631 caller=QUEST2 WSAVS HIT_ANY_CHAR         pc=7016DE91 area_wfp=7400569C argc=0 frame=9 real_wsp=70001B7E shadow_wsp=70001B9A master_wfp=70001B88 ret=7016BCA4 depth=1
redirect seq=001642 caller=QUEST2 WSAVS GET_INPUT            pc=7016AA35 area_wfp=74003ECE argc=1 frame=41 real_wsp=70001B82 shadow_wsp=70001BFA master_wfp=70001BA8 ret=7016DEAD depth=2
redirect seq=001650 caller=QUEST2 WRTN  GET_INPUT            area_wfp=74003ECE ret_pc=7016AA66 real_wsp=70001B7E (was 74003EC0) shadow_wsp=70001B9A master_wfp=70001BA8 depth=1
redirect seq=001659 caller=QUEST2 WRTN  HIT_ANY_CHAR         area_wfp=7400569C ret_pc=7016DEBB real_wsp=70001B7C (was 74005690) shadow_wsp=70001B7C master_wfp=70001B88 depth=0
redirect seq=001661 caller=QUEST2 WSAVS REFRESH_SCREEN       pc=70176A93 area_wfp=7400733E argc=0 frame=23 real_wsp=70001B7E shadow_wsp=70001BB6 master_wfp=70001B88 ret=7016BCA8 depth=1
redirect seq=001750 caller=QUEST2 WRTN  REFRESH_SCREEN       area_wfp=7400733E ret_pc=70176B4D real_wsp=70001B7C (was 74007332) shadow_wsp=70001B7C master_wfp=70001B88 depth=0
redirect seq=001753 caller=QUEST2 WSAVS DIST                 pc=70168717 area_wfp=74003964 argc=4 frame=0 real_wsp=70001FDA shadow_wsp=70001FE4 master_wfp=70001FE4 ret=70166B8A depth=1
redirect seq=001755 caller=QUEST2 WRTN  DIST                 area_wfp=74003964 ret_pc=70168732 real_wsp=70001FD0 (was 74003950) shadow_wsp=70001FD0 master_wfp=70001FE4 depth=0
redirect seq=001757 caller=QUEST2 WSAVS DIST                 pc=70168717 area_wfp=74003964 argc=4 frame=0 real_wsp=70001FDA shadow_wsp=70001FE4 master_wfp=70001FE4 ret=70166B8A depth=1
redirect seq=001759 caller=QUEST2 WRTN  DIST                 area_wfp=74003964 ret_pc=70168732 real_wsp=70001FD0 (was 74003950) shadow_wsp=70001FD0 master_wfp=70001FE4 depth=0
redirect seq=001761 caller=QUEST2 WSAVS DIST                 pc=70168717 area_wfp=74003964 argc=4 frame=0 real_wsp=70001FDA shadow_wsp=70001FE4 master_wfp=70001FE4 ret=70166B8A depth=1
redirect seq=001763 caller=QUEST2 WRTN  DIST                 area_wfp=74003964 ret_pc=70168732 real_wsp=70001FD0 (was 74003950) shadow_wsp=70001FD0 master_wfp=70001FE4 depth=0
redirect seq=001768 caller=QUEST2 WSAVS DIST                 pc=70168717 area_wfp=74003964 argc=4 frame=0 real_wsp=70001FDA shadow_wsp=70001FE4 master_wfp=70001FE4 ret=70166E20 depth=1
redirect seq=001770 caller=QUEST2 WRTN  DIST                 area_wfp=74003964 ret_pc=70168732 real_wsp=70001FD0 (was 74003950) shadow_wsp=70001FD0 master_wfp=70001FE4 depth=0
redirect seq=001772 caller=QUEST2 WSAVS DIST                 pc=70168717 area_wfp=74003964 argc=4 frame=0 real_wsp=70001FDA shadow_wsp=70001FE4 master_wfp=70001FE4 ret=70166E20 depth=1
redirect seq=001774 caller=QUEST2 WRTN  DIST                 area_wfp=74003964 ret_pc=70168732 real_wsp=70001FD0 (was 74003950) shadow_wsp=70001FD0 master_wfp=70001FE4 depth=0
redirect seq=001776 caller=QUEST2 WSAVS DIST                 pc=70168717 area_wfp=74003964 argc=4 frame=0 real_wsp=70001FDA shadow_wsp=70001FE4 master_wfp=70001FE4 ret=70166E20 depth=1
redirect seq=001778 caller=QUEST2 WRTN  DIST                 area_wfp=74003964 ret_pc=70168732 real_wsp=70001FD0 (was 74003950) shadow_wsp=70001FD0 master_wfp=70001FE4 depth=0
redirect seq=001783 caller=QUEST2 WSAVS DIST                 pc=70168717 area_wfp=74003964 argc=4 frame=0 real_wsp=70001FDA shadow_wsp=70001FE4 master_wfp=70001FE4 ret=70166E20 depth=1
redirect seq=001785 caller=QUEST2 WRTN  DIST                 area_wfp=74003964 ret_pc=70168732 real_wsp=70001FD0 (was 74003950) shadow_wsp=70001FD0 master_wfp=70001FE4 depth=0
redirect seq=001787 caller=QUEST2 WSAVS DIST                 pc=70168717 area_wfp=74003964 argc=4 frame=0 real_wsp=70001FDA shadow_wsp=70001FE4 master_wfp=70001FE4 ret=70166E20 depth=1
redirect seq=001789 caller=QUEST2 WRTN  DIST                 area_wfp=74003964 ret_pc=70168732 real_wsp=70001FD0 (was 74003950) shadow_wsp=70001FD0 master_wfp=70001FE4 depth=0
redirect seq=001791 caller=QUEST2 WSAVS DIST                 pc=70168717 area_wfp=74003964 argc=4 frame=0 real_wsp=70001FDA shadow_wsp=70001FE4 master_wfp=70001FE4 ret=70166E20 depth=1
redirect seq=001793 caller=QUEST2 WRTN  DIST                 area_wfp=74003964 ret_pc=70168732 real_wsp=70001FD0 (was 74003950) shadow_wsp=70001FD0 master_wfp=70001FE4 depth=0
redirect seq=001798 caller=QUEST2 WSAVS DIST                 pc=70168717 area_wfp=74003964 argc=4 frame=0 real_wsp=70001FDA shadow_wsp=70001FE4 master_wfp=70001FE4 ret=70166E20 depth=1
redirect seq=001800 caller=QUEST2 WRTN  DIST                 area_wfp=74003964 ret_pc=70168732 real_wsp=70001FD0 (was 74003950) shadow_wsp=70001FD0 master_wfp=70001FE4 depth=0
redirect seq=001802 caller=QUEST2 WSAVS DIST                 pc=70168717 area_wfp=74003964 argc=4 frame=0 real_wsp=70001FDA shadow_wsp=70001FE4 master_wfp=70001FE4 ret=70166E20 depth=1
redirect seq=001804 caller=QUEST2 WRTN  DIST                 area_wfp=74003964 ret_pc=70168732 real_wsp=70001FD0 (was 74003950) shadow_wsp=70001FD0 master_wfp=70001FE4 depth=0
redirect seq=001806 caller=QUEST2 WSAVS DIST                 pc=70168717 area_wfp=74003964 argc=4 frame=0 real_wsp=70001FDA shadow_wsp=70001FE4 master_wfp=70001FE4 ret=70166E20 depth=1
redirect seq=001808 caller=QUEST2 WRTN  DIST                 area_wfp=74003964 ret_pc=70168732 real_wsp=70001FD0 (was 74003950) shadow_wsp=70001FD0 master_wfp=70001FE4 depth=0
redirect seq=001813 caller=QUEST2 WSAVS DIST                 pc=70168717 area_wfp=74003964 argc=4 frame=0 real_wsp=70001FDA shadow_wsp=70001FE4 master_wfp=70001FE4 ret=70166E20 depth=1
redirect seq=001815 caller=QUEST2 WRTN  DIST                 area_wfp=74003964 ret_pc=70168732 real_wsp=70001FD0 (was 74003950) shadow_wsp=70001FD0 master_wfp=70001FE4 depth=0
redirect seq=001817 caller=QUEST2 WSAVS DIST                 pc=70168717 area_wfp=74003964 argc=4 frame=0 real_wsp=70001FDA shadow_wsp=70001FE4 master_wfp=70001FE4 ret=70166E20 depth=1
redirect seq=001819 caller=QUEST2 WRTN  DIST                 area_wfp=74003964 ret_pc=70168732 real_wsp=70001FD0 (was 74003950) shadow_wsp=70001FD0 master_wfp=70001FE4 depth=0
redirect seq=001821 caller=QUEST2 WSAVS DIST                 pc=70168717 area_wfp=74003964 argc=4 frame=0 real_wsp=70001FDA shadow_wsp=70001FE4 master_wfp=70001FE4 ret=70166E20 depth=1
redirect seq=001823 caller=QUEST2 WRTN  DIST                 area_wfp=74003964 ret_pc=70168732 real_wsp=70001FD0 (was 74003950) shadow_wsp=70001FD0 master_wfp=70001FE4 depth=0
redirect seq=001828 caller=QUEST2 WSAVS DIST                 pc=70168717 area_wfp=74003964 argc=4 frame=0 real_wsp=70001FDA shadow_wsp=70001FE4 master_wfp=70001FE4 ret=70166E20 depth=1
redirect seq=001830 caller=QUEST2 WRTN  DIST                 area_wfp=74003964 ret_pc=70168732 real_wsp=70001FD0 (was 74003950) shadow_wsp=70001FD0 master_wfp=70001FE4 depth=0
redirect seq=001832 caller=QUEST2 WSAVS DIST                 pc=70168717 area_wfp=74003964 argc=4 frame=0 real_wsp=70001FDA shadow_wsp=70001FE4 master_wfp=70001FE4 ret=70166E20 depth=1
redirect seq=001834 caller=QUEST2 WRTN  DIST                 area_wfp=74003964 ret_pc=70168732 real_wsp=70001FD0 (was 74003950) shadow_wsp=70001FD0 master_wfp=70001FE4 depth=0
redirect seq=001836 caller=QUEST2 WSAVS DIST                 pc=70168717 area_wfp=74003964 argc=4 frame=0 real_wsp=70001FDA shadow_wsp=70001FE4 master_wfp=70001FE4 ret=70166E20 depth=1
redirect seq=001838 caller=QUEST2 WRTN  DIST                 area_wfp=74003964 ret_pc=70168732 real_wsp=70001FD0 (was 74003950) shadow_wsp=70001FD0 master_wfp=70001FE4 depth=0
redirect seq=001843 caller=QUEST2 WSAVS DIST                 pc=70168717 area_wfp=74003964 argc=4 frame=0 real_wsp=70001FDA shadow_wsp=70001FE4 master_wfp=70001FE4 ret=70166E20 depth=1
redirect seq=001845 caller=QUEST2 WRTN  DIST                 area_wfp=74003964 ret_pc=70168732 real_wsp=70001FD0 (was 74003950) shadow_wsp=70001FD0 master_wfp=70001FE4 depth=0
redirect seq=001847 caller=QUEST2 WSAVS DIST                 pc=70168717 area_wfp=74003964 argc=4 frame=0 real_wsp=70001FDA shadow_wsp=70001FE4 master_wfp=70001FE4 ret=70166E20 depth=1
redirect seq=001849 caller=QUEST2 WRTN  DIST                 area_wfp=74003964 ret_pc=70168732 real_wsp=70001FD0 (was 74003950) shadow_wsp=70001FD0 master_wfp=70001FE4 depth=0
redirect seq=001851 caller=QUEST2 WSAVS DIST                 pc=70168717 area_wfp=74003964 argc=4 frame=0 real_wsp=70001FDA shadow_wsp=70001FE4 master_wfp=70001FE4 ret=70166E20 depth=1
redirect seq=001853 caller=QUEST2 WRTN  DIST                 area_wfp=74003964 ret_pc=70168732 real_wsp=70001FD0 (was 74003950) shadow_wsp=70001FD0 master_wfp=70001FE4 depth=0
redirect seq=001858 caller=QUEST2 WSAVS DIST                 pc=70168717 area_wfp=74003964 argc=4 frame=0 real_wsp=70001FDA shadow_wsp=70001FE4 master_wfp=70001FE4 ret=70166E20 depth=1
redirect seq=001860 caller=QUEST2 WRTN  DIST                 area_wfp=74003964 ret_pc=70168732 real_wsp=70001FD0 (was 74003950) shadow_wsp=70001FD0 master_wfp=70001FE4 depth=0
redirect seq=001862 caller=QUEST2 WSAVS DIST                 pc=70168717 area_wfp=74003964 argc=4 frame=0 real_wsp=70001FDA shadow_wsp=70001FE4 master_wfp=70001FE4 ret=70166E20 depth=1
redirect seq=001864 caller=QUEST2 WRTN  DIST                 area_wfp=74003964 ret_pc=70168732 real_wsp=70001FD0 (was 74003950) shadow_wsp=70001FD0 master_wfp=70001FE4 depth=0
redirect seq=001866 caller=QUEST2 WSAVS DIST                 pc=70168717 area_wfp=74003964 argc=4 frame=0 real_wsp=70001FDA shadow_wsp=70001FE4 master_wfp=70001FE4 ret=70166E20 depth=1
redirect seq=001868 caller=QUEST2 WRTN  DIST                 area_wfp=74003964 ret_pc=70168732 real_wsp=70001FD0 (was 74003950) shadow_wsp=70001FD0 master_wfp=70001FE4 depth=0
redirect seq=001873 caller=QUEST2 WSAVS DIST                 pc=70168717 area_wfp=74003964 argc=4 frame=0 real_wsp=70001FDA shadow_wsp=70001FE4 master_wfp=70001FE4 ret=70166E20 depth=1
redirect seq=001875 caller=QUEST2 WRTN  DIST                 area_wfp=74003964 ret_pc=70168732 real_wsp=70001FD0 (was 74003950) shadow_wsp=70001FD0 master_wfp=70001FE4 depth=0
redirect seq=001877 caller=QUEST2 WSAVS DIST                 pc=70168717 area_wfp=74003964 argc=4 frame=0 real_wsp=70001FDA shadow_wsp=70001FE4 master_wfp=70001FE4 ret=70166E20 depth=1
redirect seq=001879 caller=QUEST2 WRTN  DIST                 area_wfp=74003964 ret_pc=70168732 real_wsp=70001FD0 (was 74003950) shadow_wsp=70001FD0 master_wfp=70001FE4 depth=0
redirect seq=001881 caller=QUEST2 WSAVS DIST                 pc=70168717 area_wfp=74003964 argc=4 frame=0 real_wsp=70001FDA shadow_wsp=70001FE4 master_wfp=70001FE4 ret=70166E20 depth=1
redirect seq=001883 caller=QUEST2 WRTN  DIST                 area_wfp=74003964 ret_pc=70168732 real_wsp=70001FD0 (was 74003950) shadow_wsp=70001FD0 master_wfp=70001FE4 depth=0
redirect seq=001888 caller=QUEST2 WSAVS DIST                 pc=70168717 area_wfp=74003964 argc=4 frame=0 real_wsp=70001FDA shadow_wsp=70001FE4 master_wfp=70001FE4 ret=70166E20 depth=1
redirect seq=001890 caller=QUEST2 WRTN  DIST                 area_wfp=74003964 ret_pc=70168732 real_wsp=70001FD0 (was 74003950) shadow_wsp=70001FD0 master_wfp=70001FE4 depth=0
redirect seq=001892 caller=QUEST2 WSAVS DIST                 pc=70168717 area_wfp=74003964 argc=4 frame=0 real_wsp=70001FDA shadow_wsp=70001FE4 master_wfp=70001FE4 ret=70166E20 depth=1
redirect seq=001894 caller=QUEST2 WRTN  DIST                 area_wfp=74003964 ret_pc=70168732 real_wsp=70001FD0 (was 74003950) shadow_wsp=70001FD0 master_wfp=70001FE4 depth=0
redirect seq=001896 caller=QUEST2 WSAVS DIST                 pc=70168717 area_wfp=74003964 argc=4 frame=0 real_wsp=70001FDA shadow_wsp=70001FE4 master_wfp=70001FE4 ret=70166E20 depth=1
redirect seq=001898 caller=QUEST2 WRTN  DIST                 area_wfp=74003964 ret_pc=70168732 real_wsp=70001FD0 (was 74003950) shadow_wsp=70001FD0 master_wfp=70001FE4 depth=0
redirect seq=001903 caller=QUEST2 WSAVS DIST                 pc=70168717 area_wfp=74003964 argc=4 frame=0 real_wsp=70001FDA shadow_wsp=70001FE4 master_wfp=70001FE4 ret=70166E20 depth=1
redirect seq=001905 caller=QUEST2 WRTN  DIST                 area_wfp=74003964 ret_pc=70168732 real_wsp=70001FD0 (was 74003950) shadow_wsp=70001FD0 master_wfp=70001FE4 depth=0
redirect seq=001907 caller=QUEST2 WSAVS DIST                 pc=70168717 area_wfp=74003964 argc=4 frame=0 real_wsp=70001FDA shadow_wsp=70001FE4 master_wfp=70001FE4 ret=70166E20 depth=1
redirect seq=001909 caller=QUEST2 WRTN  DIST                 area_wfp=74003964 ret_pc=70168732 real_wsp=70001FD0 (was 74003950) shadow_wsp=70001FD0 master_wfp=70001FE4 depth=0
redirect seq=001911 caller=QUEST2 WSAVS DIST                 pc=70168717 area_wfp=74003964 argc=4 frame=0 real_wsp=70001FDA shadow_wsp=70001FE4 master_wfp=70001FE4 ret=70166E20 depth=1
redirect seq=001913 caller=QUEST2 WRTN  DIST                 area_wfp=74003964 ret_pc=70168732 real_wsp=70001FD0 (was 74003950) shadow_wsp=70001FD0 master_wfp=70001FE4 depth=0
redirect seq=001918 caller=QUEST2 WSAVS DIST                 pc=70168717 area_wfp=74003964 argc=4 frame=0 real_wsp=70001FDA shadow_wsp=70001FE4 master_wfp=70001FE4 ret=70166E20 depth=1
redirect seq=001920 caller=QUEST2 WRTN  DIST                 area_wfp=74003964 ret_pc=70168732 real_wsp=70001FD0 (was 74003950) shadow_wsp=70001FD0 master_wfp=70001FE4 depth=0
redirect seq=001922 caller=QUEST2 WSAVS DIST                 pc=70168717 area_wfp=74003964 argc=4 frame=0 real_wsp=70001FDA shadow_wsp=70001FE4 master_wfp=70001FE4 ret=70166E20 depth=1
redirect seq=001924 caller=QUEST2 WRTN  DIST                 area_wfp=74003964 ret_pc=70168732 real_wsp=70001FD0 (was 74003950) shadow_wsp=70001FD0 master_wfp=70001FE4 depth=0
redirect seq=001926 caller=QUEST2 WSAVS DIST                 pc=70168717 area_wfp=74003964 argc=4 frame=0 real_wsp=70001FDA shadow_wsp=70001FE4 master_wfp=70001FE4 ret=70166E20 depth=1
redirect seq=001928 caller=QUEST2 WRTN  DIST                 area_wfp=74003964 ret_pc=70168732 real_wsp=70001FD0 (was 74003950) shadow_wsp=70001FD0 master_wfp=70001FE4 depth=0
redirect seq=001932 caller=QUEST2 WSAVS DIST                 pc=70168717 area_wfp=74003964 argc=4 frame=0 real_wsp=70001FDA shadow_wsp=70001FE4 master_wfp=70001FE4 ret=70166E20 depth=1
redirect seq=001934 caller=QUEST2 WRTN  DIST                 area_wfp=74003964 ret_pc=70168732 real_wsp=70001FD0 (was 74003950) shadow_wsp=70001FD0 master_wfp=70001FE4 depth=0
redirect seq=001936 caller=QUEST2 WSAVS DIST                 pc=70168717 area_wfp=74003964 argc=4 frame=0 real_wsp=70001FDA shadow_wsp=70001FE4 master_wfp=70001FE4 ret=70166E20 depth=1
redirect seq=001939 caller=QUEST2 WRTN  DIST                 area_wfp=74003964 ret_pc=70168732 real_wsp=70001FD0 (was 74003950) shadow_wsp=70001FD0 master_wfp=70001FE4 depth=0
redirect seq=001941 caller=QUEST2 WSAVS DIST                 pc=70168717 area_wfp=74003964 argc=4 frame=0 real_wsp=70001FDA shadow_wsp=70001FE4 master_wfp=70001FE4 ret=70166E20 depth=1
redirect seq=001943 caller=QUEST2 WRTN  DIST                 area_wfp=74003964 ret_pc=70168732 real_wsp=70001FD0 (was 74003950) shadow_wsp=70001FD0 master_wfp=70001FE4 depth=0
redirect seq=001948 caller=QUEST2 WSAVS DIST                 pc=70168717 area_wfp=74003964 argc=4 frame=0 real_wsp=70001FDA shadow_wsp=70001FE4 master_wfp=70001FE4 ret=70166E20 depth=1
redirect seq=001950 caller=QUEST2 WRTN  DIST                 area_wfp=74003964 ret_pc=70168732 real_wsp=70001FD0 (was 74003950) shadow_wsp=70001FD0 master_wfp=70001FE4 depth=0
redirect seq=001952 caller=QUEST2 WSAVS DIST                 pc=70168717 area_wfp=74003964 argc=4 frame=0 real_wsp=70001FDA shadow_wsp=70001FE4 master_wfp=70001FE4 ret=70166E20 depth=1
redirect seq=001954 caller=QUEST2 WRTN  DIST                 area_wfp=74003964 ret_pc=70168732 real_wsp=70001FD0 (was 74003950) shadow_wsp=70001FD0 master_wfp=70001FE4 depth=0
redirect seq=001956 caller=QUEST2 WSAVS DIST                 pc=70168717 area_wfp=74003964 argc=4 frame=0 real_wsp=70001FDA shadow_wsp=70001FE4 master_wfp=70001FE4 ret=70166E20 depth=1
redirect seq=001958 caller=QUEST2 WRTN  DIST                 area_wfp=74003964 ret_pc=70168732 real_wsp=70001FD0 (was 74003950) shadow_wsp=70001FD0 master_wfp=70001FE4 depth=0
redirect seq=001962 caller=QUEST2 WSAVS DIST                 pc=70168717 area_wfp=74003964 argc=4 frame=0 real_wsp=70001FDA shadow_wsp=70001FE4 master_wfp=70001FE4 ret=70166E20 depth=1
redirect seq=001964 caller=QUEST2 WRTN  DIST                 area_wfp=74003964 ret_pc=70168732 real_wsp=70001FD0 (was 74003950) shadow_wsp=70001FD0 master_wfp=70001FE4 depth=0
redirect seq=001966 caller=QUEST2 WSAVS DIST                 pc=70168717 area_wfp=74003964 argc=4 frame=0 real_wsp=70001FDA shadow_wsp=70001FE4 master_wfp=70001FE4 ret=70166E20 depth=1
redirect seq=001968 caller=QUEST2 WRTN  DIST                 area_wfp=74003964 ret_pc=70168732 real_wsp=70001FD0 (was 74003950) shadow_wsp=70001FD0 master_wfp=70001FE4 depth=0
redirect seq=001971 caller=QUEST2 WSAVS DIST                 pc=70168717 area_wfp=74003964 argc=4 frame=0 real_wsp=70001FDA shadow_wsp=70001FE4 master_wfp=70001FE4 ret=70166E20 depth=1
redirect seq=001973 caller=QUEST2 WRTN  DIST                 area_wfp=74003964 ret_pc=70168732 real_wsp=70001FD0 (was 74003950) shadow_wsp=70001FD0 master_wfp=70001FE4 depth=0
redirect seq=001978 caller=QUEST2 WSAVS DIST                 pc=70168717 area_wfp=74003964 argc=4 frame=0 real_wsp=70001FDA shadow_wsp=70001FE4 master_wfp=70001FE4 ret=70166E20 depth=1
redirect seq=001980 caller=QUEST2 WRTN  DIST                 area_wfp=74003964 ret_pc=70168732 real_wsp=70001FD0 (was 74003950) shadow_wsp=70001FD0 master_wfp=70001FE4 depth=0
redirect seq=001982 caller=QUEST2 WSAVS DIST                 pc=70168717 area_wfp=74003964 argc=4 frame=0 real_wsp=70001FDA shadow_wsp=70001FE4 master_wfp=70001FE4 ret=70166E20 depth=1
redirect seq=001984 caller=QUEST2 WRTN  DIST                 area_wfp=74003964 ret_pc=70168732 real_wsp=70001FD0 (was 74003950) shadow_wsp=70001FD0 master_wfp=70001FE4 depth=0
redirect seq=001986 caller=QUEST2 WSAVS DIST                 pc=70168717 area_wfp=74003964 argc=4 frame=0 real_wsp=70001FDA shadow_wsp=70001FE4 master_wfp=70001FE4 ret=70166E20 depth=1
redirect seq=001988 caller=QUEST2 WRTN  DIST                 area_wfp=74003964 ret_pc=70168732 real_wsp=70001FD0 (was 74003950) shadow_wsp=70001FD0 master_wfp=70001FE4 depth=0
redirect seq=001992 caller=QUEST2 WSAVS DIST                 pc=70168717 area_wfp=74003964 argc=4 frame=0 real_wsp=70001FDA shadow_wsp=70001FE4 master_wfp=70001FE4 ret=70166E20 depth=1
redirect seq=001994 caller=QUEST2 WRTN  DIST                 area_wfp=74003964 ret_pc=70168732 real_wsp=70001FD0 (was 74003950) shadow_wsp=70001FD0 master_wfp=70001FE4 depth=0
redirect seq=001996 caller=QUEST2 WSAVS DIST                 pc=70168717 area_wfp=74003964 argc=4 frame=0 real_wsp=70001FDA shadow_wsp=70001FE4 master_wfp=70001FE4 ret=70166E20 depth=1
redirect seq=001998 caller=QUEST2 WRTN  DIST                 area_wfp=74003964 ret_pc=70168732 real_wsp=70001FD0 (was 74003950) shadow_wsp=70001FD0 master_wfp=70001FE4 depth=0
redirect seq=002001 caller=QUEST2 WSAVS DIST                 pc=70168717 area_wfp=74003964 argc=4 frame=0 real_wsp=70001FDA shadow_wsp=70001FE4 master_wfp=70001FE4 ret=70166E20 depth=1
redirect seq=002003 caller=QUEST2 WRTN  DIST                 area_wfp=74003964 ret_pc=70168732 real_wsp=70001FD0 (was 74003950) shadow_wsp=70001FD0 master_wfp=70001FE4 depth=0
redirect seq=002008 caller=QUEST2 WSAVS DIST                 pc=70168717 area_wfp=74003964 argc=4 frame=0 real_wsp=70001FDA shadow_wsp=70001FE4 master_wfp=70001FE4 ret=70166E20 depth=1
redirect seq=002010 caller=QUEST2 WRTN  DIST                 area_wfp=74003964 ret_pc=70168732 real_wsp=70001FD0 (was 74003950) shadow_wsp=70001FD0 master_wfp=70001FE4 depth=0
redirect seq=002012 caller=QUEST2 WSAVS DIST                 pc=70168717 area_wfp=74003964 argc=4 frame=0 real_wsp=70001FDA shadow_wsp=70001FE4 master_wfp=70001FE4 ret=70166E20 depth=1
redirect seq=002014 caller=QUEST2 WRTN  DIST                 area_wfp=74003964 ret_pc=70168732 real_wsp=70001FD0 (was 74003950) shadow_wsp=70001FD0 master_wfp=70001FE4 depth=0
redirect seq=002016 caller=QUEST2 WSAVS DIST                 pc=70168717 area_wfp=74003964 argc=4 frame=0 real_wsp=70001FDA shadow_wsp=70001FE4 master_wfp=70001FE4 ret=70166E20 depth=1
redirect seq=002018 caller=QUEST2 WRTN  DIST                 area_wfp=74003964 ret_pc=70168732 real_wsp=70001FD0 (was 74003950) shadow_wsp=70001FD0 master_wfp=70001FE4 depth=0
redirect seq=002022 caller=QUEST2 WSAVS DIST                 pc=70168717 area_wfp=74003964 argc=4 frame=0 real_wsp=70001FDA shadow_wsp=70001FE4 master_wfp=70001FE4 ret=70166E20 depth=1
redirect seq=002024 caller=QUEST2 WRTN  DIST                 area_wfp=74003964 ret_pc=70168732 real_wsp=70001FD0 (was 74003950) shadow_wsp=70001FD0 master_wfp=70001FE4 depth=0
redirect seq=002026 caller=QUEST2 WSAVS DIST                 pc=70168717 area_wfp=74003964 argc=4 frame=0 real_wsp=70001FDA shadow_wsp=70001FE4 master_wfp=70001FE4 ret=70166E20 depth=1
redirect seq=002028 caller=QUEST2 WRTN  DIST                 area_wfp=74003964 ret_pc=70168732 real_wsp=70001FD0 (was 74003950) shadow_wsp=70001FD0 master_wfp=70001FE4 depth=0
redirect seq=002031 caller=QUEST2 WSAVS DIST                 pc=70168717 area_wfp=74003964 argc=4 frame=0 real_wsp=70001FDA shadow_wsp=70001FE4 master_wfp=70001FE4 ret=70166E20 depth=1
redirect seq=002033 caller=QUEST2 WRTN  DIST                 area_wfp=74003964 ret_pc=70168732 real_wsp=70001FD0 (was 74003950) shadow_wsp=70001FD0 master_wfp=70001FE4 depth=0
redirect seq=002038 caller=QUEST2 WSAVS DIST                 pc=70168717 area_wfp=74003964 argc=4 frame=0 real_wsp=70001FDA shadow_wsp=70001FE4 master_wfp=70001FE4 ret=70166E20 depth=1
redirect seq=002040 caller=QUEST2 WRTN  DIST                 area_wfp=74003964 ret_pc=70168732 real_wsp=70001FD0 (was 74003950) shadow_wsp=70001FD0 master_wfp=70001FE4 depth=0
redirect seq=002042 caller=QUEST2 WSAVS DIST                 pc=70168717 area_wfp=74003964 argc=4 frame=0 real_wsp=70001FDA shadow_wsp=70001FE4 master_wfp=70001FE4 ret=70166E20 depth=1
redirect seq=002044 caller=QUEST2 WRTN  DIST                 area_wfp=74003964 ret_pc=70168732 real_wsp=70001FD0 (was 74003950) shadow_wsp=70001FD0 master_wfp=70001FE4 depth=0
redirect seq=002046 caller=QUEST2 WSAVS DIST                 pc=70168717 area_wfp=74003964 argc=4 frame=0 real_wsp=70001FDA shadow_wsp=70001FE4 master_wfp=70001FE4 ret=70166E20 depth=1
redirect seq=002048 caller=QUEST2 WRTN  DIST                 area_wfp=74003964 ret_pc=70168732 real_wsp=70001FD0 (was 74003950) shadow_wsp=70001FD0 master_wfp=70001FE4 depth=0
redirect seq=002052 caller=QUEST2 WSAVS DIST                 pc=70168717 area_wfp=74003964 argc=4 frame=0 real_wsp=70001FDA shadow_wsp=70001FE4 master_wfp=70001FE4 ret=70166E20 depth=1
redirect seq=002054 caller=QUEST2 WRTN  DIST                 area_wfp=74003964 ret_pc=70168732 real_wsp=70001FD0 (was 74003950) shadow_wsp=70001FD0 master_wfp=70001FE4 depth=0
redirect seq=002056 caller=QUEST2 WSAVS DIST                 pc=70168717 area_wfp=74003964 argc=4 frame=0 real_wsp=70001FDA shadow_wsp=70001FE4 master_wfp=70001FE4 ret=70166E20 depth=1
redirect seq=002058 caller=QUEST2 WRTN  DIST                 area_wfp=74003964 ret_pc=70168732 real_wsp=70001FD0 (was 74003950) shadow_wsp=70001FD0 master_wfp=70001FE4 depth=0
redirect seq=002061 caller=QUEST2 WSAVS DIST                 pc=70168717 area_wfp=74003964 argc=4 frame=0 real_wsp=70001FDA shadow_wsp=70001FE4 master_wfp=70001FE4 ret=70166E20 depth=1
redirect seq=002063 caller=QUEST2 WRTN  DIST                 area_wfp=74003964 ret_pc=70168732 real_wsp=70001FD0 (was 74003950) shadow_wsp=70001FD0 master_wfp=70001FE4 depth=0
redirect seq=002068 caller=QUEST2 WSAVS DIST                 pc=70168717 area_wfp=74003964 argc=4 frame=0 real_wsp=70001FDA shadow_wsp=70001FE4 master_wfp=70001FE4 ret=70166E20 depth=1
redirect seq=002070 caller=QUEST2 WRTN  DIST                 area_wfp=74003964 ret_pc=70168732 real_wsp=70001FD0 (was 74003950) shadow_wsp=70001FD0 master_wfp=70001FE4 depth=0
redirect seq=002072 caller=QUEST2 WSAVS DIST                 pc=70168717 area_wfp=74003964 argc=4 frame=0 real_wsp=70001FDA shadow_wsp=70001FE4 master_wfp=70001FE4 ret=70166E20 depth=1
redirect seq=002074 caller=QUEST2 WRTN  DIST                 area_wfp=74003964 ret_pc=70168732 real_wsp=70001FD0 (was 74003950) shadow_wsp=70001FD0 master_wfp=70001FE4 depth=0
redirect seq=002076 caller=QUEST2 WSAVS DIST                 pc=70168717 area_wfp=74003964 argc=4 frame=0 real_wsp=70001FDA shadow_wsp=70001FE4 master_wfp=70001FE4 ret=70166E20 depth=1
redirect seq=002078 caller=QUEST2 WRTN  DIST                 area_wfp=74003964 ret_pc=70168732 real_wsp=70001FD0 (was 74003950) shadow_wsp=70001FD0 master_wfp=70001FE4 depth=0
redirect seq=002082 caller=QUEST2 WSAVS DIST                 pc=70168717 area_wfp=74003964 argc=4 frame=0 real_wsp=70001FDA shadow_wsp=70001FE4 master_wfp=70001FE4 ret=70166E20 depth=1
redirect seq=002084 caller=QUEST2 WRTN  DIST                 area_wfp=74003964 ret_pc=70168732 real_wsp=70001FD0 (was 74003950) shadow_wsp=70001FD0 master_wfp=70001FE4 depth=0
redirect seq=002086 caller=QUEST2 WSAVS DIST                 pc=70168717 area_wfp=74003964 argc=4 frame=0 real_wsp=70001FDA shadow_wsp=70001FE4 master_wfp=70001FE4 ret=70166E20 depth=1
redirect seq=002088 caller=QUEST2 WRTN  DIST                 area_wfp=74003964 ret_pc=70168732 real_wsp=70001FD0 (was 74003950) shadow_wsp=70001FD0 master_wfp=70001FE4 depth=0
redirect seq=002091 caller=QUEST2 WSAVS DIST                 pc=70168717 area_wfp=74003964 argc=4 frame=0 real_wsp=70001FDA shadow_wsp=70001FE4 master_wfp=70001FE4 ret=70166E20 depth=1
redirect seq=002093 caller=QUEST2 WRTN  DIST                 area_wfp=74003964 ret_pc=70168732 real_wsp=70001FD0 (was 74003950) shadow_wsp=70001FD0 master_wfp=70001FE4 depth=0
redirect seq=002098 caller=QUEST2 WSAVS DIST                 pc=70168717 area_wfp=74003964 argc=4 frame=0 real_wsp=70001FDA shadow_wsp=70001FE4 master_wfp=70001FE4 ret=70166E20 depth=1
redirect seq=002100 caller=QUEST2 WRTN  DIST                 area_wfp=74003964 ret_pc=70168732 real_wsp=70001FD0 (was 74003950) shadow_wsp=70001FD0 master_wfp=70001FE4 depth=0
redirect seq=002102 caller=QUEST2 WSAVS DIST                 pc=70168717 area_wfp=74003964 argc=4 frame=0 real_wsp=70001FDA shadow_wsp=70001FE4 master_wfp=70001FE4 ret=70166E20 depth=1
redirect seq=002104 caller=QUEST2 WRTN  DIST                 area_wfp=74003964 ret_pc=70168732 real_wsp=70001FD0 (was 74003950) shadow_wsp=70001FD0 master_wfp=70001FE4 depth=0
redirect seq=002106 caller=QUEST2 WSAVS DIST                 pc=70168717 area_wfp=74003964 argc=4 frame=0 real_wsp=70001FDA shadow_wsp=70001FE4 master_wfp=70001FE4 ret=70166E20 depth=1
redirect seq=002108 caller=QUEST2 WRTN  DIST                 area_wfp=74003964 ret_pc=70168732 real_wsp=70001FD0 (was 74003950) shadow_wsp=70001FD0 master_wfp=70001FE4 depth=0
redirect seq=002111 caller=QUEST2 WSAVS DIST                 pc=70168717 area_wfp=74003964 argc=4 frame=0 real_wsp=70001FDA shadow_wsp=70001FE4 master_wfp=70001FE4 ret=70166E20 depth=1
redirect seq=002113 caller=QUEST2 WRTN  DIST                 area_wfp=74003964 ret_pc=70168732 real_wsp=70001FD0 (was 74003950) shadow_wsp=70001FD0 master_wfp=70001FE4 depth=0
redirect seq=002117 caller=QUEST2 WSAVS DIST                 pc=70168717 area_wfp=74003964 argc=4 frame=0 real_wsp=70001FDA shadow_wsp=70001FE4 master_wfp=70001FE4 ret=70166E20 depth=1
redirect seq=002119 caller=QUEST2 WRTN  DIST                 area_wfp=74003964 ret_pc=70168732 real_wsp=70001FD0 (was 74003950) shadow_wsp=70001FD0 master_wfp=70001FE4 depth=0
redirect seq=002121 caller=QUEST2 WSAVS DIST                 pc=70168717 area_wfp=74003964 argc=4 frame=0 real_wsp=70001FDA shadow_wsp=70001FE4 master_wfp=70001FE4 ret=70166E20 depth=1
redirect seq=002123 caller=QUEST2 WRTN  DIST                 area_wfp=74003964 ret_pc=70168732 real_wsp=70001FD0 (was 74003950) shadow_wsp=70001FD0 master_wfp=70001FE4 depth=0
redirect seq=002128 caller=QUEST2 WSAVS DIST                 pc=70168717 area_wfp=74003964 argc=4 frame=0 real_wsp=70001FDA shadow_wsp=70001FE4 master_wfp=70001FE4 ret=70166E20 depth=1
redirect seq=002130 caller=QUEST2 WRTN  DIST                 area_wfp=74003964 ret_pc=70168732 real_wsp=70001FD0 (was 74003950) shadow_wsp=70001FD0 master_wfp=70001FE4 depth=0
redirect seq=002132 caller=QUEST2 WSAVS DIST                 pc=70168717 area_wfp=74003964 argc=4 frame=0 real_wsp=70001FDA shadow_wsp=70001FE4 master_wfp=70001FE4 ret=70166E20 depth=1
redirect seq=002134 caller=QUEST2 WRTN  DIST                 area_wfp=74003964 ret_pc=70168732 real_wsp=70001FD0 (was 74003950) shadow_wsp=70001FD0 master_wfp=70001FE4 depth=0
redirect seq=002136 caller=QUEST2 WSAVS DIST                 pc=70168717 area_wfp=74003964 argc=4 frame=0 real_wsp=70001FDA shadow_wsp=70001FE4 master_wfp=70001FE4 ret=70166E20 depth=1
redirect seq=002138 caller=QUEST2 WRTN  DIST                 area_wfp=74003964 ret_pc=70168732 real_wsp=70001FD0 (was 74003950) shadow_wsp=70001FD0 master_wfp=70001FE4 depth=0
redirect seq=002141 caller=QUEST2 WSAVS DIST                 pc=70168717 area_wfp=74003964 argc=4 frame=0 real_wsp=70001FDA shadow_wsp=70001FE4 master_wfp=70001FE4 ret=70166E20 depth=1
redirect seq=002143 caller=QUEST2 WRTN  DIST                 area_wfp=74003964 ret_pc=70168732 real_wsp=70001FD0 (was 74003950) shadow_wsp=70001FD0 master_wfp=70001FE4 depth=0
redirect seq=002147 caller=QUEST2 WSAVS DIST                 pc=70168717 area_wfp=74003964 argc=4 frame=0 real_wsp=70001FDA shadow_wsp=70001FE4 master_wfp=70001FE4 ret=70166E20 depth=1
redirect seq=002149 caller=QUEST2 WRTN  DIST                 area_wfp=74003964 ret_pc=70168732 real_wsp=70001FD0 (was 74003950) shadow_wsp=70001FD0 master_wfp=70001FE4 depth=0
redirect seq=002151 caller=QUEST2 WSAVS DIST                 pc=70168717 area_wfp=74003964 argc=4 frame=0 real_wsp=70001FDA shadow_wsp=70001FE4 master_wfp=70001FE4 ret=70166E20 depth=1
redirect seq=002153 caller=QUEST2 WRTN  DIST                 area_wfp=74003964 ret_pc=70168732 real_wsp=70001FD0 (was 74003950) shadow_wsp=70001FD0 master_wfp=70001FE4 depth=0
redirect seq=002158 caller=QUEST2 WSAVS DIST                 pc=70168717 area_wfp=74003964 argc=4 frame=0 real_wsp=70001FDA shadow_wsp=70001FE4 master_wfp=70001FE4 ret=70166E20 depth=1
redirect seq=002160 caller=QUEST2 WRTN  DIST                 area_wfp=74003964 ret_pc=70168732 real_wsp=70001FD0 (was 74003950) shadow_wsp=70001FD0 master_wfp=70001FE4 depth=0
redirect seq=002162 caller=QUEST2 WSAVS DIST                 pc=70168717 area_wfp=74003964 argc=4 frame=0 real_wsp=70001FDA shadow_wsp=70001FE4 master_wfp=70001FE4 ret=70166E20 depth=1
redirect seq=002164 caller=QUEST2 WRTN  DIST                 area_wfp=74003964 ret_pc=70168732 real_wsp=70001FD0 (was 74003950) shadow_wsp=70001FD0 master_wfp=70001FE4 depth=0
redirect seq=002166 caller=QUEST2 WSAVS DIST                 pc=70168717 area_wfp=74003964 argc=4 frame=0 real_wsp=70001FDA shadow_wsp=70001FE4 master_wfp=70001FE4 ret=70166E20 depth=1
redirect seq=002168 caller=QUEST2 WRTN  DIST                 area_wfp=74003964 ret_pc=70168732 real_wsp=70001FD0 (was 74003950) shadow_wsp=70001FD0 master_wfp=70001FE4 depth=0
redirect seq=002172 caller=QUEST2 WSAVS DIST                 pc=70168717 area_wfp=74003964 argc=4 frame=0 real_wsp=70001FDA shadow_wsp=70001FE4 master_wfp=70001FE4 ret=70166E20 depth=1
redirect seq=002174 caller=QUEST2 WRTN  DIST                 area_wfp=74003964 ret_pc=70168732 real_wsp=70001FD0 (was 74003950) shadow_wsp=70001FD0 master_wfp=70001FE4 depth=0
redirect seq=002176 caller=QUEST2 WSAVS DIST                 pc=70168717 area_wfp=74003964 argc=4 frame=0 real_wsp=70001FDA shadow_wsp=70001FE4 master_wfp=70001FE4 ret=70166E20 depth=1
redirect seq=002179 caller=QUEST2 WRTN  DIST                 area_wfp=74003964 ret_pc=70168732 real_wsp=70001FD0 (was 74003950) shadow_wsp=70001FD0 master_wfp=70001FE4 depth=0
redirect seq=002181 caller=QUEST2 WSAVS DIST                 pc=70168717 area_wfp=74003964 argc=4 frame=0 real_wsp=70001FDA shadow_wsp=70001FE4 master_wfp=70001FE4 ret=70166E20 depth=1
redirect seq=002183 caller=QUEST2 WRTN  DIST                 area_wfp=74003964 ret_pc=70168732 real_wsp=70001FD0 (was 74003950) shadow_wsp=70001FD0 master_wfp=70001FE4 depth=0
redirect seq=002188 caller=QUEST2 WSAVS DIST                 pc=70168717 area_wfp=74003964 argc=4 frame=0 real_wsp=70001FDA shadow_wsp=70001FE4 master_wfp=70001FE4 ret=70166E20 depth=1
redirect seq=002190 caller=QUEST2 WRTN  DIST                 area_wfp=74003964 ret_pc=70168732 real_wsp=70001FD0 (was 74003950) shadow_wsp=70001FD0 master_wfp=70001FE4 depth=0
redirect seq=002192 caller=QUEST2 WSAVS DIST                 pc=70168717 area_wfp=74003964 argc=4 frame=0 real_wsp=70001FDA shadow_wsp=70001FE4 master_wfp=70001FE4 ret=70166E20 depth=1
redirect seq=002194 caller=QUEST2 WRTN  DIST                 area_wfp=74003964 ret_pc=70168732 real_wsp=70001FD0 (was 74003950) shadow_wsp=70001FD0 master_wfp=70001FE4 depth=0
redirect seq=002196 caller=QUEST2 WSAVS DIST                 pc=70168717 area_wfp=74003964 argc=4 frame=0 real_wsp=70001FDA shadow_wsp=70001FE4 master_wfp=70001FE4 ret=70166E20 depth=1
redirect seq=002198 caller=QUEST2 WRTN  DIST                 area_wfp=74003964 ret_pc=70168732 real_wsp=70001FD0 (was 74003950) shadow_wsp=70001FD0 master_wfp=70001FE4 depth=0
redirect seq=002202 caller=QUEST2 WSAVS DIST                 pc=70168717 area_wfp=74003964 argc=4 frame=0 real_wsp=70001FDA shadow_wsp=70001FE4 master_wfp=70001FE4 ret=70166E20 depth=1
redirect seq=002204 caller=QUEST2 WRTN  DIST                 area_wfp=74003964 ret_pc=70168732 real_wsp=70001FD0 (was 74003950) shadow_wsp=70001FD0 master_wfp=70001FE4 depth=0
redirect seq=002206 caller=QUEST2 WSAVS DIST                 pc=70168717 area_wfp=74003964 argc=4 frame=0 real_wsp=70001FDA shadow_wsp=70001FE4 master_wfp=70001FE4 ret=70166E20 depth=1
redirect seq=002209 caller=QUEST2 WRTN  DIST                 area_wfp=74003964 ret_pc=70168732 real_wsp=70001FD0 (was 74003950) shadow_wsp=70001FD0 master_wfp=70001FE4 depth=0
redirect seq=002211 caller=QUEST2 WSAVS DIST                 pc=70168717 area_wfp=74003964 argc=4 frame=0 real_wsp=70001FDA shadow_wsp=70001FE4 master_wfp=70001FE4 ret=70166E20 depth=1
redirect seq=002213 caller=QUEST2 WRTN  DIST                 area_wfp=74003964 ret_pc=70168732 real_wsp=70001FD0 (was 74003950) shadow_wsp=70001FD0 master_wfp=70001FE4 depth=0
redirect seq=002218 caller=QUEST2 WSAVS DIST                 pc=70168717 area_wfp=74003964 argc=4 frame=0 real_wsp=70001FDA shadow_wsp=70001FE4 master_wfp=70001FE4 ret=70166E20 depth=1
redirect seq=002220 caller=QUEST2 WRTN  DIST                 area_wfp=74003964 ret_pc=70168732 real_wsp=70001FD0 (was 74003950) shadow_wsp=70001FD0 master_wfp=70001FE4 depth=0
redirect seq=002222 caller=QUEST2 WSAVS DIST                 pc=70168717 area_wfp=74003964 argc=4 frame=0 real_wsp=70001FDA shadow_wsp=70001FE4 master_wfp=70001FE4 ret=70166E20 depth=1
redirect seq=002224 caller=QUEST2 WRTN  DIST                 area_wfp=74003964 ret_pc=70168732 real_wsp=70001FD0 (was 74003950) shadow_wsp=70001FD0 master_wfp=70001FE4 depth=0
redirect seq=002226 caller=QUEST2 WSAVS DIST                 pc=70168717 area_wfp=74003964 argc=4 frame=0 real_wsp=70001FDA shadow_wsp=70001FE4 master_wfp=70001FE4 ret=70166E20 depth=1
redirect seq=002228 caller=QUEST2 WRTN  DIST                 area_wfp=74003964 ret_pc=70168732 real_wsp=70001FD0 (was 74003950) shadow_wsp=70001FD0 master_wfp=70001FE4 depth=0
redirect seq=002232 caller=QUEST2 WSAVS DIST                 pc=70168717 area_wfp=74003964 argc=4 frame=0 real_wsp=70001FDA shadow_wsp=70001FE4 master_wfp=70001FE4 ret=70166E20 depth=1
redirect seq=002234 caller=QUEST2 WRTN  DIST                 area_wfp=74003964 ret_pc=70168732 real_wsp=70001FD0 (was 74003950) shadow_wsp=70001FD0 master_wfp=70001FE4 depth=0
redirect seq=002236 caller=QUEST2 WSAVS DIST                 pc=70168717 area_wfp=74003964 argc=4 frame=0 real_wsp=70001FDA shadow_wsp=70001FE4 master_wfp=70001FE4 ret=70166E20 depth=1
redirect seq=002239 caller=QUEST2 WRTN  DIST                 area_wfp=74003964 ret_pc=70168732 real_wsp=70001FD0 (was 74003950) shadow_wsp=70001FD0 master_wfp=70001FE4 depth=0
redirect seq=002241 caller=QUEST2 WSAVS DIST                 pc=70168717 area_wfp=74003964 argc=4 frame=0 real_wsp=70001FDA shadow_wsp=70001FE4 master_wfp=70001FE4 ret=70166E20 depth=1
redirect seq=002243 caller=QUEST2 WRTN  DIST                 area_wfp=74003964 ret_pc=70168732 real_wsp=70001FD0 (was 74003950) shadow_wsp=70001FD0 master_wfp=70001FE4 depth=0
redirect seq=002248 caller=QUEST2 WSAVS DIST                 pc=70168717 area_wfp=74003964 argc=4 frame=0 real_wsp=70001FDA shadow_wsp=70001FE4 master_wfp=70001FE4 ret=70166E20 depth=1
redirect seq=002250 caller=QUEST2 WRTN  DIST                 area_wfp=74003964 ret_pc=70168732 real_wsp=70001FD0 (was 74003950) shadow_wsp=70001FD0 master_wfp=70001FE4 depth=0
redirect seq=002252 caller=QUEST2 WSAVS DIST                 pc=70168717 area_wfp=74003964 argc=4 frame=0 real_wsp=70001FDA shadow_wsp=70001FE4 master_wfp=70001FE4 ret=70166E20 depth=1
redirect seq=002254 caller=QUEST2 WRTN  DIST                 area_wfp=74003964 ret_pc=70168732 real_wsp=70001FD0 (was 74003950) shadow_wsp=70001FD0 master_wfp=70001FE4 depth=0
redirect seq=002256 caller=QUEST2 WSAVS DIST                 pc=70168717 area_wfp=74003964 argc=4 frame=0 real_wsp=70001FDA shadow_wsp=70001FE4 master_wfp=70001FE4 ret=70166E20 depth=1
redirect seq=002258 caller=QUEST2 WRTN  DIST                 area_wfp=74003964 ret_pc=70168732 real_wsp=70001FD0 (was 74003950) shadow_wsp=70001FD0 master_wfp=70001FE4 depth=0
redirect seq=002261 caller=QUEST2 WSAVS DIST                 pc=70168717 area_wfp=74003964 argc=4 frame=0 real_wsp=70001FDA shadow_wsp=70001FE4 master_wfp=70001FE4 ret=70166E20 depth=1
redirect seq=002265 caller=QUEST2 WRTN  DIST                 area_wfp=74003964 ret_pc=70168732 real_wsp=70001FD0 (was 74003950) shadow_wsp=70001FD0 master_wfp=70001FE4 depth=0
redirect seq=002267 caller=QUEST2 WSAVS DIST                 pc=70168717 area_wfp=74003964 argc=4 frame=0 real_wsp=70001FDA shadow_wsp=70001FE4 master_wfp=70001FE4 ret=70166E20 depth=1
redirect seq=002269 caller=QUEST2 WRTN  DIST                 area_wfp=74003964 ret_pc=70168732 real_wsp=70001FD0 (was 74003950) shadow_wsp=70001FD0 master_wfp=70001FE4 depth=0
redirect seq=002271 caller=QUEST2 WSAVS DIST                 pc=70168717 area_wfp=74003964 argc=4 frame=0 real_wsp=70001FDA shadow_wsp=70001FE4 master_wfp=70001FE4 ret=70166E20 depth=1
redirect seq=002273 caller=QUEST2 WRTN  DIST                 area_wfp=74003964 ret_pc=70168732 real_wsp=70001FD0 (was 74003950) shadow_wsp=70001FD0 master_wfp=70001FE4 depth=0
redirect seq=002277 caller=QUEST2 WSAVS DIST                 pc=70168717 area_wfp=74003964 argc=4 frame=0 real_wsp=70001FDA shadow_wsp=70001FE4 master_wfp=70001FE4 ret=70166E20 depth=1
redirect seq=002279 caller=QUEST2 WRTN  DIST                 area_wfp=74003964 ret_pc=70168732 real_wsp=70001FD0 (was 74003950) shadow_wsp=70001FD0 master_wfp=70001FE4 depth=0
redirect seq=002281 caller=QUEST2 WSAVS DIST                 pc=70168717 area_wfp=74003964 argc=4 frame=0 real_wsp=70001FDA shadow_wsp=70001FE4 master_wfp=70001FE4 ret=70166E20 depth=1
redirect seq=002283 caller=QUEST2 WRTN  DIST                 area_wfp=74003964 ret_pc=70168732 real_wsp=70001FD0 (was 74003950) shadow_wsp=70001FD0 master_wfp=70001FE4 depth=0
redirect seq=002286 caller=QUEST2 WSAVS DIST                 pc=70168717 area_wfp=74003964 argc=4 frame=0 real_wsp=70001FDA shadow_wsp=70001FE4 master_wfp=70001FE4 ret=70166E20 depth=1
redirect seq=002288 caller=QUEST2 WRTN  DIST                 area_wfp=74003964 ret_pc=70168732 real_wsp=70001FD0 (was 74003950) shadow_wsp=70001FD0 master_wfp=70001FE4 depth=0
redirect seq=002293 caller=QUEST2 WSAVS DIST                 pc=70168717 area_wfp=74003964 argc=4 frame=0 real_wsp=70001FDA shadow_wsp=70001FE4 master_wfp=70001FE4 ret=70166E20 depth=1
redirect seq=002295 caller=QUEST2 WRTN  DIST                 area_wfp=74003964 ret_pc=70168732 real_wsp=70001FD0 (was 74003950) shadow_wsp=70001FD0 master_wfp=70001FE4 depth=0
redirect seq=002297 caller=QUEST2 WSAVS DIST                 pc=70168717 area_wfp=74003964 argc=4 frame=0 real_wsp=70001FDA shadow_wsp=70001FE4 master_wfp=70001FE4 ret=70166E20 depth=1
redirect seq=002299 caller=QUEST2 WRTN  DIST                 area_wfp=74003964 ret_pc=70168732 real_wsp=70001FD0 (was 74003950) shadow_wsp=70001FD0 master_wfp=70001FE4 depth=0
redirect seq=002301 caller=QUEST2 WSAVS DIST                 pc=70168717 area_wfp=74003964 argc=4 frame=0 real_wsp=70001FDA shadow_wsp=70001FE4 master_wfp=70001FE4 ret=70166E20 depth=1
redirect seq=002303 caller=QUEST2 WRTN  DIST                 area_wfp=74003964 ret_pc=70168732 real_wsp=70001FD0 (was 74003950) shadow_wsp=70001FD0 master_wfp=70001FE4 depth=0
redirect seq=002306 caller=QUEST2 WSAVS DIST                 pc=70168717 area_wfp=74003964 argc=4 frame=0 real_wsp=70001FDA shadow_wsp=70001FE4 master_wfp=70001FE4 ret=70166E20 depth=1
redirect seq=002308 caller=QUEST2 WRTN  DIST                 area_wfp=74003964 ret_pc=70168732 real_wsp=70001FD0 (was 74003950) shadow_wsp=70001FD0 master_wfp=70001FE4 depth=0
redirect seq=002312 caller=QUEST2 WSAVS DIST                 pc=70168717 area_wfp=74003964 argc=4 frame=0 real_wsp=70001FDA shadow_wsp=70001FE4 master_wfp=70001FE4 ret=70166E20 depth=1
redirect seq=002314 caller=QUEST2 WRTN  DIST                 area_wfp=74003964 ret_pc=70168732 real_wsp=70001FD0 (was 74003950) shadow_wsp=70001FD0 master_wfp=70001FE4 depth=0
redirect seq=002316 caller=QUEST2 WSAVS DIST                 pc=70168717 area_wfp=74003964 argc=4 frame=0 real_wsp=70001FDA shadow_wsp=70001FE4 master_wfp=70001FE4 ret=70166E20 depth=1
redirect seq=002318 caller=QUEST2 WRTN  DIST                 area_wfp=74003964 ret_pc=70168732 real_wsp=70001FD0 (was 74003950) shadow_wsp=70001FD0 master_wfp=70001FE4 depth=0
redirect seq=002323 caller=QUEST2 WSAVS DIST                 pc=70168717 area_wfp=74003964 argc=4 frame=0 real_wsp=70001FDA shadow_wsp=70001FE4 master_wfp=70001FE4 ret=70166E20 depth=1
redirect seq=002325 caller=QUEST2 WRTN  DIST                 area_wfp=74003964 ret_pc=70168732 real_wsp=70001FD0 (was 74003950) shadow_wsp=70001FD0 master_wfp=70001FE4 depth=0
redirect seq=002327 caller=QUEST2 WSAVS DIST                 pc=70168717 area_wfp=74003964 argc=4 frame=0 real_wsp=70001FDA shadow_wsp=70001FE4 master_wfp=70001FE4 ret=70166E20 depth=1
redirect seq=002329 caller=QUEST2 WRTN  DIST                 area_wfp=74003964 ret_pc=70168732 real_wsp=70001FD0 (was 74003950) shadow_wsp=70001FD0 master_wfp=70001FE4 depth=0
redirect seq=002331 caller=QUEST2 WSAVS DIST                 pc=70168717 area_wfp=74003964 argc=4 frame=0 real_wsp=70001FDA shadow_wsp=70001FE4 master_wfp=70001FE4 ret=70166E20 depth=1
redirect seq=002333 caller=QUEST2 WRTN  DIST                 area_wfp=74003964 ret_pc=70168732 real_wsp=70001FD0 (was 74003950) shadow_wsp=70001FD0 master_wfp=70001FE4 depth=0
redirect seq=002337 caller=QUEST2 WSAVS DIST                 pc=70168717 area_wfp=74003964 argc=4 frame=0 real_wsp=70001FDA shadow_wsp=70001FE4 master_wfp=70001FE4 ret=70166E20 depth=1
redirect seq=002339 caller=QUEST2 WRTN  DIST                 area_wfp=74003964 ret_pc=70168732 real_wsp=70001FD0 (was 74003950) shadow_wsp=70001FD0 master_wfp=70001FE4 depth=0
redirect seq=002342 caller=QUEST2 WSAVS DIST                 pc=70168717 area_wfp=74003964 argc=4 frame=0 real_wsp=70001FDA shadow_wsp=70001FE4 master_wfp=70001FE4 ret=70166E20 depth=1
redirect seq=002344 caller=QUEST2 WRTN  DIST                 area_wfp=74003964 ret_pc=70168732 real_wsp=70001FD0 (was 74003950) shadow_wsp=70001FD0 master_wfp=70001FE4 depth=0
redirect seq=002346 caller=QUEST2 WSAVS DIST                 pc=70168717 area_wfp=74003964 argc=4 frame=0 real_wsp=70001FDA shadow_wsp=70001FE4 master_wfp=70001FE4 ret=70166E20 depth=1
redirect seq=002348 caller=QUEST2 WRTN  DIST                 area_wfp=74003964 ret_pc=70168732 real_wsp=70001FD0 (was 74003950) shadow_wsp=70001FD0 master_wfp=70001FE4 depth=0
redirect seq=002353 caller=QUEST2 WSAVS DIST                 pc=70168717 area_wfp=74003964 argc=4 frame=0 real_wsp=70001FDA shadow_wsp=70001FE4 master_wfp=70001FE4 ret=70166E20 depth=1
redirect seq=002355 caller=QUEST2 WRTN  DIST                 area_wfp=74003964 ret_pc=70168732 real_wsp=70001FD0 (was 74003950) shadow_wsp=70001FD0 master_wfp=70001FE4 depth=0
redirect seq=002357 caller=QUEST2 WSAVS DIST                 pc=70168717 area_wfp=74003964 argc=4 frame=0 real_wsp=70001FDA shadow_wsp=70001FE4 master_wfp=70001FE4 ret=70166E20 depth=1
redirect seq=002359 caller=QUEST2 WRTN  DIST                 area_wfp=74003964 ret_pc=70168732 real_wsp=70001FD0 (was 74003950) shadow_wsp=70001FD0 master_wfp=70001FE4 depth=0
redirect seq=002361 caller=QUEST2 WSAVS DIST                 pc=70168717 area_wfp=74003964 argc=4 frame=0 real_wsp=70001FDA shadow_wsp=70001FE4 master_wfp=70001FE4 ret=70166E20 depth=1
redirect seq=002363 caller=QUEST2 WRTN  DIST                 area_wfp=74003964 ret_pc=70168732 real_wsp=70001FD0 (was 74003950) shadow_wsp=70001FD0 master_wfp=70001FE4 depth=0
redirect seq=002367 caller=QUEST2 WSAVS DIST                 pc=70168717 area_wfp=74003964 argc=4 frame=0 real_wsp=70001FDA shadow_wsp=70001FE4 master_wfp=70001FE4 ret=70166E20 depth=1
redirect seq=002369 caller=QUEST2 WRTN  DIST                 area_wfp=74003964 ret_pc=70168732 real_wsp=70001FD0 (was 74003950) shadow_wsp=70001FD0 master_wfp=70001FE4 depth=0
redirect seq=002371 caller=QUEST2 WSAVS DIST                 pc=70168717 area_wfp=74003964 argc=4 frame=0 real_wsp=70001FDA shadow_wsp=70001FE4 master_wfp=70001FE4 ret=70166E20 depth=1
redirect seq=002374 caller=QUEST2 WRTN  DIST                 area_wfp=74003964 ret_pc=70168732 real_wsp=70001FD0 (was 74003950) shadow_wsp=70001FD0 master_wfp=70001FE4 depth=0
redirect seq=002376 caller=QUEST2 WSAVS DIST                 pc=70168717 area_wfp=74003964 argc=4 frame=0 real_wsp=70001FDA shadow_wsp=70001FE4 master_wfp=70001FE4 ret=70166E20 depth=1
redirect seq=002378 caller=QUEST2 WRTN  DIST                 area_wfp=74003964 ret_pc=70168732 real_wsp=70001FD0 (was 74003950) shadow_wsp=70001FD0 master_wfp=70001FE4 depth=0
redirect seq=002383 caller=QUEST2 WSAVS DIST                 pc=70168717 area_wfp=74003964 argc=4 frame=0 real_wsp=70001FDA shadow_wsp=70001FE4 master_wfp=70001FE4 ret=70166E20 depth=1
redirect seq=002385 caller=QUEST2 WRTN  DIST                 area_wfp=74003964 ret_pc=70168732 real_wsp=70001FD0 (was 74003950) shadow_wsp=70001FD0 master_wfp=70001FE4 depth=0
redirect seq=002387 caller=QUEST2 WSAVS DIST                 pc=70168717 area_wfp=74003964 argc=4 frame=0 real_wsp=70001FDA shadow_wsp=70001FE4 master_wfp=70001FE4 ret=70166E20 depth=1
redirect seq=002389 caller=QUEST2 WRTN  DIST                 area_wfp=74003964 ret_pc=70168732 real_wsp=70001FD0 (was 74003950) shadow_wsp=70001FD0 master_wfp=70001FE4 depth=0
redirect seq=002391 caller=QUEST2 WSAVS DIST                 pc=70168717 area_wfp=74003964 argc=4 frame=0 real_wsp=70001FDA shadow_wsp=70001FE4 master_wfp=70001FE4 ret=70166E20 depth=1
redirect seq=002393 caller=QUEST2 WRTN  DIST                 area_wfp=74003964 ret_pc=70168732 real_wsp=70001FD0 (was 74003950) shadow_wsp=70001FD0 master_wfp=70001FE4 depth=0
redirect seq=002397 caller=QUEST2 WSAVS DIST                 pc=70168717 area_wfp=74003964 argc=4 frame=0 real_wsp=70001FDA shadow_wsp=70001FE4 master_wfp=70001FE4 ret=70166E20 depth=1
redirect seq=002399 caller=QUEST2 WRTN  DIST                 area_wfp=74003964 ret_pc=70168732 real_wsp=70001FD0 (was 74003950) shadow_wsp=70001FD0 master_wfp=70001FE4 depth=0
redirect seq=002401 caller=QUEST2 WSAVS DIST                 pc=70168717 area_wfp=74003964 argc=4 frame=0 real_wsp=70001FDA shadow_wsp=70001FE4 master_wfp=70001FE4 ret=70166E20 depth=1
redirect seq=002404 caller=QUEST2 WRTN  DIST                 area_wfp=74003964 ret_pc=70168732 real_wsp=70001FD0 (was 74003950) shadow_wsp=70001FD0 master_wfp=70001FE4 depth=0
redirect seq=002406 caller=QUEST2 WSAVS DIST                 pc=70168717 area_wfp=74003964 argc=4 frame=0 real_wsp=70001FDA shadow_wsp=70001FE4 master_wfp=70001FE4 ret=70166E20 depth=1
redirect seq=002408 caller=QUEST2 WRTN  DIST                 area_wfp=74003964 ret_pc=70168732 real_wsp=70001FD0 (was 74003950) shadow_wsp=70001FD0 master_wfp=70001FE4 depth=0
redirect seq=002413 caller=QUEST2 WSAVS DIST                 pc=70168717 area_wfp=74003964 argc=4 frame=0 real_wsp=70001FDA shadow_wsp=70001FE4 master_wfp=70001FE4 ret=70166E20 depth=1
redirect seq=002415 caller=QUEST2 WRTN  DIST                 area_wfp=74003964 ret_pc=70168732 real_wsp=70001FD0 (was 74003950) shadow_wsp=70001FD0 master_wfp=70001FE4 depth=0
redirect seq=002417 caller=QUEST2 WSAVS DIST                 pc=70168717 area_wfp=74003964 argc=4 frame=0 real_wsp=70001FDA shadow_wsp=70001FE4 master_wfp=70001FE4 ret=70166E20 depth=1
redirect seq=002419 caller=QUEST2 WRTN  DIST                 area_wfp=74003964 ret_pc=70168732 real_wsp=70001FD0 (was 74003950) shadow_wsp=70001FD0 master_wfp=70001FE4 depth=0
redirect seq=002421 caller=QUEST2 WSAVS DIST                 pc=70168717 area_wfp=74003964 argc=4 frame=0 real_wsp=70001FDA shadow_wsp=70001FE4 master_wfp=70001FE4 ret=70166E20 depth=1
redirect seq=002423 caller=QUEST2 WRTN  DIST                 area_wfp=74003964 ret_pc=70168732 real_wsp=70001FD0 (was 74003950) shadow_wsp=70001FD0 master_wfp=70001FE4 depth=0
redirect seq=002426 caller=QUEST2 WSAVS DIST                 pc=70168717 area_wfp=74003964 argc=4 frame=0 real_wsp=70001FDA shadow_wsp=70001FE4 master_wfp=70001FE4 ret=70166E20 depth=1
redirect seq=002430 caller=QUEST2 WRTN  DIST                 area_wfp=74003964 ret_pc=70168732 real_wsp=70001FD0 (was 74003950) shadow_wsp=70001FD0 master_wfp=70001FE4 depth=0
redirect seq=002432 caller=QUEST2 WSAVS DIST                 pc=70168717 area_wfp=74003964 argc=4 frame=0 real_wsp=70001FDA shadow_wsp=70001FE4 master_wfp=70001FE4 ret=70166E20 depth=1
redirect seq=002434 caller=QUEST2 WRTN  DIST                 area_wfp=74003964 ret_pc=70168732 real_wsp=70001FD0 (was 74003950) shadow_wsp=70001FD0 master_wfp=70001FE4 depth=0
redirect seq=002436 caller=QUEST2 WSAVS DIST                 pc=70168717 area_wfp=74003964 argc=4 frame=0 real_wsp=70001FDA shadow_wsp=70001FE4 master_wfp=70001FE4 ret=70166E20 depth=1
redirect seq=002438 caller=QUEST2 WRTN  DIST                 area_wfp=74003964 ret_pc=70168732 real_wsp=70001FD0 (was 74003950) shadow_wsp=70001FD0 master_wfp=70001FE4 depth=0
redirect seq=002442 caller=QUEST2 WSAVS DIST                 pc=70168717 area_wfp=74003964 argc=4 frame=0 real_wsp=70001FDA shadow_wsp=70001FE4 master_wfp=70001FE4 ret=70166E20 depth=1
redirect seq=002444 caller=QUEST2 WRTN  DIST                 area_wfp=74003964 ret_pc=70168732 real_wsp=70001FD0 (was 74003950) shadow_wsp=70001FD0 master_wfp=70001FE4 depth=0
redirect seq=002446 caller=QUEST2 WSAVS DIST                 pc=70168717 area_wfp=74003964 argc=4 frame=0 real_wsp=70001FDA shadow_wsp=70001FE4 master_wfp=70001FE4 ret=70166E20 depth=1
redirect seq=002448 caller=QUEST2 WRTN  DIST                 area_wfp=74003964 ret_pc=70168732 real_wsp=70001FD0 (was 74003950) shadow_wsp=70001FD0 master_wfp=70001FE4 depth=0
redirect seq=002451 caller=QUEST2 WSAVS DIST                 pc=70168717 area_wfp=74003964 argc=4 frame=0 real_wsp=70001FDA shadow_wsp=70001FE4 master_wfp=70001FE4 ret=70166E20 depth=1
redirect seq=002453 caller=QUEST2 WRTN  DIST                 area_wfp=74003964 ret_pc=70168732 real_wsp=70001FD0 (was 74003950) shadow_wsp=70001FD0 master_wfp=70001FE4 depth=0
redirect seq=002458 caller=QUEST2 WSAVS DIST                 pc=70168717 area_wfp=74003964 argc=4 frame=0 real_wsp=70001FDA shadow_wsp=70001FE4 master_wfp=70001FE4 ret=70166E20 depth=1
redirect seq=002460 caller=QUEST2 WRTN  DIST                 area_wfp=74003964 ret_pc=70168732 real_wsp=70001FD0 (was 74003950) shadow_wsp=70001FD0 master_wfp=70001FE4 depth=0
redirect seq=002462 caller=QUEST2 WSAVS DIST                 pc=70168717 area_wfp=74003964 argc=4 frame=0 real_wsp=70001FDA shadow_wsp=70001FE4 master_wfp=70001FE4 ret=70166E20 depth=1
redirect seq=002464 caller=QUEST2 WRTN  DIST                 area_wfp=74003964 ret_pc=70168732 real_wsp=70001FD0 (was 74003950) shadow_wsp=70001FD0 master_wfp=70001FE4 depth=0
redirect seq=002466 caller=QUEST2 WSAVS DIST                 pc=70168717 area_wfp=74003964 argc=4 frame=0 real_wsp=70001FDA shadow_wsp=70001FE4 master_wfp=70001FE4 ret=70166E20 depth=1
redirect seq=002468 caller=QUEST2 WRTN  DIST                 area_wfp=74003964 ret_pc=70168732 real_wsp=70001FD0 (was 74003950) shadow_wsp=70001FD0 master_wfp=70001FE4 depth=0
redirect seq=002471 caller=QUEST2 WSAVS DIST                 pc=70168717 area_wfp=74003964 argc=4 frame=0 real_wsp=70001FDA shadow_wsp=70001FE4 master_wfp=70001FE4 ret=70166E20 depth=1
redirect seq=002473 caller=QUEST2 WRTN  DIST                 area_wfp=74003964 ret_pc=70168732 real_wsp=70001FD0 (was 74003950) shadow_wsp=70001FD0 master_wfp=70001FE4 depth=0
redirect seq=002477 caller=QUEST2 WSAVS DIST                 pc=70168717 area_wfp=74003964 argc=4 frame=0 real_wsp=70001FDA shadow_wsp=70001FE4 master_wfp=70001FE4 ret=70166E20 depth=1
redirect seq=002479 caller=QUEST2 WRTN  DIST                 area_wfp=74003964 ret_pc=70168732 real_wsp=70001FD0 (was 74003950) shadow_wsp=70001FD0 master_wfp=70001FE4 depth=0
redirect seq=002481 caller=QUEST2 WSAVS DIST                 pc=70168717 area_wfp=74003964 argc=4 frame=0 real_wsp=70001FDA shadow_wsp=70001FE4 master_wfp=70001FE4 ret=70166E20 depth=1
redirect seq=002483 caller=QUEST2 WRTN  DIST                 area_wfp=74003964 ret_pc=70168732 real_wsp=70001FD0 (was 74003950) shadow_wsp=70001FD0 master_wfp=70001FE4 depth=0
redirect seq=002488 caller=QUEST2 WSAVS DIST                 pc=70168717 area_wfp=74003964 argc=4 frame=0 real_wsp=70001FDA shadow_wsp=70001FE4 master_wfp=70001FE4 ret=70166E20 depth=1
redirect seq=002490 caller=QUEST2 WRTN  DIST                 area_wfp=74003964 ret_pc=70168732 real_wsp=70001FD0 (was 74003950) shadow_wsp=70001FD0 master_wfp=70001FE4 depth=0
redirect seq=002492 caller=QUEST2 WSAVS DIST                 pc=70168717 area_wfp=74003964 argc=4 frame=0 real_wsp=70001FDA shadow_wsp=70001FE4 master_wfp=70001FE4 ret=70166E20 depth=1
redirect seq=002494 caller=QUEST2 WRTN  DIST                 area_wfp=74003964 ret_pc=70168732 real_wsp=70001FD0 (was 74003950) shadow_wsp=70001FD0 master_wfp=70001FE4 depth=0
redirect seq=002496 caller=QUEST2 WSAVS DIST                 pc=70168717 area_wfp=74003964 argc=4 frame=0 real_wsp=70001FDA shadow_wsp=70001FE4 master_wfp=70001FE4 ret=70166E20 depth=1
redirect seq=002498 caller=QUEST2 WRTN  DIST                 area_wfp=74003964 ret_pc=70168732 real_wsp=70001FD0 (was 74003950) shadow_wsp=70001FD0 master_wfp=70001FE4 depth=0
redirect seq=002501 caller=QUEST2 WSAVS DIST                 pc=70168717 area_wfp=74003964 argc=4 frame=0 real_wsp=70001FDA shadow_wsp=70001FE4 master_wfp=70001FE4 ret=70166E20 depth=1
redirect seq=002505 caller=QUEST2 WRTN  DIST                 area_wfp=74003964 ret_pc=70168732 real_wsp=70001FD0 (was 74003950) shadow_wsp=70001FD0 master_wfp=70001FE4 depth=0
redirect seq=002507 caller=QUEST2 WSAVS DIST                 pc=70168717 area_wfp=74003964 argc=4 frame=0 real_wsp=70001FDA shadow_wsp=70001FE4 master_wfp=70001FE4 ret=70166E20 depth=1
redirect seq=002509 caller=QUEST2 WRTN  DIST                 area_wfp=74003964 ret_pc=70168732 real_wsp=70001FD0 (was 74003950) shadow_wsp=70001FD0 master_wfp=70001FE4 depth=0
redirect seq=002511 caller=QUEST2 WSAVS DIST                 pc=70168717 area_wfp=74003964 argc=4 frame=0 real_wsp=70001FDA shadow_wsp=70001FE4 master_wfp=70001FE4 ret=70166E20 depth=1
redirect seq=002513 caller=QUEST2 WRTN  DIST                 area_wfp=74003964 ret_pc=70168732 real_wsp=70001FD0 (was 74003950) shadow_wsp=70001FD0 master_wfp=70001FE4 depth=0
redirect seq=002518 caller=QUEST2 WSAVS DIST                 pc=70168717 area_wfp=74003964 argc=4 frame=0 real_wsp=70001FDA shadow_wsp=70001FE4 master_wfp=70001FE4 ret=70166E20 depth=1
redirect seq=002520 caller=QUEST2 WRTN  DIST                 area_wfp=74003964 ret_pc=70168732 real_wsp=70001FD0 (was 74003950) shadow_wsp=70001FD0 master_wfp=70001FE4 depth=0
redirect seq=002522 caller=QUEST2 WSAVS DIST                 pc=70168717 area_wfp=74003964 argc=4 frame=0 real_wsp=70001FDA shadow_wsp=70001FE4 master_wfp=70001FE4 ret=70166E20 depth=1
redirect seq=002524 caller=QUEST2 WRTN  DIST                 area_wfp=74003964 ret_pc=70168732 real_wsp=70001FD0 (was 74003950) shadow_wsp=70001FD0 master_wfp=70001FE4 depth=0
redirect seq=002526 caller=QUEST2 WSAVS DIST                 pc=70168717 area_wfp=74003964 argc=4 frame=0 real_wsp=70001FDA shadow_wsp=70001FE4 master_wfp=70001FE4 ret=70166E20 depth=1
redirect seq=002528 caller=QUEST2 WRTN  DIST                 area_wfp=74003964 ret_pc=70168732 real_wsp=70001FD0 (was 74003950) shadow_wsp=70001FD0 master_wfp=70001FE4 depth=0
redirect seq=002531 caller=QUEST2 WSAVS DIST                 pc=70168717 area_wfp=74003964 argc=4 frame=0 real_wsp=70001FDA shadow_wsp=70001FE4 master_wfp=70001FE4 ret=70166E20 depth=1
redirect seq=002535 caller=QUEST2 WRTN  DIST                 area_wfp=74003964 ret_pc=70168732 real_wsp=70001FD0 (was 74003950) shadow_wsp=70001FD0 master_wfp=70001FE4 depth=0
redirect seq=002537 caller=QUEST2 WSAVS DIST                 pc=70168717 area_wfp=74003964 argc=4 frame=0 real_wsp=70001FDA shadow_wsp=70001FE4 master_wfp=70001FE4 ret=70166E20 depth=1
redirect seq=002539 caller=QUEST2 WRTN  DIST                 area_wfp=74003964 ret_pc=70168732 real_wsp=70001FD0 (was 74003950) shadow_wsp=70001FD0 master_wfp=70001FE4 depth=0
redirect seq=002541 caller=QUEST2 WSAVS DIST                 pc=70168717 area_wfp=74003964 argc=4 frame=0 real_wsp=70001FDA shadow_wsp=70001FE4 master_wfp=70001FE4 ret=70166E20 depth=1
redirect seq=002543 caller=QUEST2 WRTN  DIST                 area_wfp=74003964 ret_pc=70168732 real_wsp=70001FD0 (was 74003950) shadow_wsp=70001FD0 master_wfp=70001FE4 depth=0
redirect seq=002548 caller=QUEST2 WSAVS DIST                 pc=70168717 area_wfp=74003964 argc=4 frame=0 real_wsp=70001FDA shadow_wsp=70001FE4 master_wfp=70001FE4 ret=70166E20 depth=1
redirect seq=002550 caller=QUEST2 WRTN  DIST                 area_wfp=74003964 ret_pc=70168732 real_wsp=70001FD0 (was 74003950) shadow_wsp=70001FD0 master_wfp=70001FE4 depth=0
redirect seq=002552 caller=QUEST2 WSAVS DIST                 pc=70168717 area_wfp=74003964 argc=4 frame=0 real_wsp=70001FDA shadow_wsp=70001FE4 master_wfp=70001FE4 ret=70166E20 depth=1
redirect seq=002554 caller=QUEST2 WRTN  DIST                 area_wfp=74003964 ret_pc=70168732 real_wsp=70001FD0 (was 74003950) shadow_wsp=70001FD0 master_wfp=70001FE4 depth=0
redirect seq=002556 caller=QUEST2 WSAVS DIST                 pc=70168717 area_wfp=74003964 argc=4 frame=0 real_wsp=70001FDA shadow_wsp=70001FE4 master_wfp=70001FE4 ret=70166E20 depth=1
redirect seq=002558 caller=QUEST2 WRTN  DIST                 area_wfp=74003964 ret_pc=70168732 real_wsp=70001FD0 (was 74003950) shadow_wsp=70001FD0 master_wfp=70001FE4 depth=0
redirect seq=002561 caller=QUEST2 WSAVS DIST                 pc=70168717 area_wfp=74003964 argc=4 frame=0 real_wsp=70001FDA shadow_wsp=70001FE4 master_wfp=70001FE4 ret=70166E20 depth=1
redirect seq=002565 caller=QUEST2 WRTN  DIST                 area_wfp=74003964 ret_pc=70168732 real_wsp=70001FD0 (was 74003950) shadow_wsp=70001FD0 master_wfp=70001FE4 depth=0
redirect seq=002567 caller=QUEST2 WSAVS DIST                 pc=70168717 area_wfp=74003964 argc=4 frame=0 real_wsp=70001FDA shadow_wsp=70001FE4 master_wfp=70001FE4 ret=70166E20 depth=1
redirect seq=002569 caller=QUEST2 WRTN  DIST                 area_wfp=74003964 ret_pc=70168732 real_wsp=70001FD0 (was 74003950) shadow_wsp=70001FD0 master_wfp=70001FE4 depth=0
redirect seq=002571 caller=QUEST2 WSAVS DIST                 pc=70168717 area_wfp=74003964 argc=4 frame=0 real_wsp=70001FDA shadow_wsp=70001FE4 master_wfp=70001FE4 ret=70166E20 depth=1
redirect seq=002573 caller=QUEST2 WRTN  DIST                 area_wfp=74003964 ret_pc=70168732 real_wsp=70001FD0 (was 74003950) shadow_wsp=70001FD0 master_wfp=70001FE4 depth=0
redirect seq=002578 caller=QUEST2 WSAVS DIST                 pc=70168717 area_wfp=74003964 argc=4 frame=0 real_wsp=70001FDA shadow_wsp=70001FE4 master_wfp=70001FE4 ret=70166E20 depth=1
redirect seq=002580 caller=QUEST2 WRTN  DIST                 area_wfp=74003964 ret_pc=70168732 real_wsp=70001FD0 (was 74003950) shadow_wsp=70001FD0 master_wfp=70001FE4 depth=0
redirect seq=002582 caller=QUEST2 WSAVS DIST                 pc=70168717 area_wfp=74003964 argc=4 frame=0 real_wsp=70001FDA shadow_wsp=70001FE4 master_wfp=70001FE4 ret=70166E20 depth=1
redirect seq=002584 caller=QUEST2 WRTN  DIST                 area_wfp=74003964 ret_pc=70168732 real_wsp=70001FD0 (was 74003950) shadow_wsp=70001FD0 master_wfp=70001FE4 depth=0
redirect seq=002586 caller=QUEST2 WSAVS DIST                 pc=70168717 area_wfp=74003964 argc=4 frame=0 real_wsp=70001FDA shadow_wsp=70001FE4 master_wfp=70001FE4 ret=70166E20 depth=1
redirect seq=002588 caller=QUEST2 WRTN  DIST                 area_wfp=74003964 ret_pc=70168732 real_wsp=70001FD0 (was 74003950) shadow_wsp=70001FD0 master_wfp=70001FE4 depth=0
redirect seq=002593 caller=QUEST2 WSAVS DIST                 pc=70168717 area_wfp=74003964 argc=4 frame=0 real_wsp=70001FDA shadow_wsp=70001FE4 master_wfp=70001FE4 ret=70166E20 depth=1
redirect seq=002595 caller=QUEST2 WRTN  DIST                 area_wfp=74003964 ret_pc=70168732 real_wsp=70001FD0 (was 74003950) shadow_wsp=70001FD0 master_wfp=70001FE4 depth=0
redirect seq=002597 caller=QUEST2 WSAVS DIST                 pc=70168717 area_wfp=74003964 argc=4 frame=0 real_wsp=70001FDA shadow_wsp=70001FE4 master_wfp=70001FE4 ret=70166E20 depth=1
redirect seq=002599 caller=QUEST2 WRTN  DIST                 area_wfp=74003964 ret_pc=70168732 real_wsp=70001FD0 (was 74003950) shadow_wsp=70001FD0 master_wfp=70001FE4 depth=0
redirect seq=002601 caller=QUEST2 WSAVS DIST                 pc=70168717 area_wfp=74003964 argc=4 frame=0 real_wsp=70001FDA shadow_wsp=70001FE4 master_wfp=70001FE4 ret=70166E20 depth=1
redirect seq=002603 caller=QUEST2 WRTN  DIST                 area_wfp=74003964 ret_pc=70168732 real_wsp=70001FD0 (was 74003950) shadow_wsp=70001FD0 master_wfp=70001FE4 depth=0
redirect seq=002606 caller=QUEST2 WSAVS DIST                 pc=70168717 area_wfp=74003964 argc=4 frame=0 real_wsp=70001FDA shadow_wsp=70001FE4 master_wfp=70001FE4 ret=70166E20 depth=1
redirect seq=002608 caller=QUEST2 WRTN  DIST                 area_wfp=74003964 ret_pc=70168732 real_wsp=70001FD0 (was 74003950) shadow_wsp=70001FD0 master_wfp=70001FE4 depth=0
redirect seq=002612 caller=QUEST2 WSAVS DIST                 pc=70168717 area_wfp=74003964 argc=4 frame=0 real_wsp=70001FDA shadow_wsp=70001FE4 master_wfp=70001FE4 ret=70166E20 depth=1
redirect seq=002614 caller=QUEST2 WRTN  DIST                 area_wfp=74003964 ret_pc=70168732 real_wsp=70001FD0 (was 74003950) shadow_wsp=70001FD0 master_wfp=70001FE4 depth=0
redirect seq=002616 caller=QUEST2 WSAVS DIST                 pc=70168717 area_wfp=74003964 argc=4 frame=0 real_wsp=70001FDA shadow_wsp=70001FE4 master_wfp=70001FE4 ret=70166E20 depth=1
redirect seq=002618 caller=QUEST2 WRTN  DIST                 area_wfp=74003964 ret_pc=70168732 real_wsp=70001FD0 (was 74003950) shadow_wsp=70001FD0 master_wfp=70001FE4 depth=0
redirect seq=002623 caller=QUEST2 WSAVS DIST                 pc=70168717 area_wfp=74003964 argc=4 frame=0 real_wsp=70001FDA shadow_wsp=70001FE4 master_wfp=70001FE4 ret=70166E20 depth=1
redirect seq=002625 caller=QUEST2 WRTN  DIST                 area_wfp=74003964 ret_pc=70168732 real_wsp=70001FD0 (was 74003950) shadow_wsp=70001FD0 master_wfp=70001FE4 depth=0
redirect seq=002627 caller=QUEST2 WSAVS DIST                 pc=70168717 area_wfp=74003964 argc=4 frame=0 real_wsp=70001FDA shadow_wsp=70001FE4 master_wfp=70001FE4 ret=70166E20 depth=1
redirect seq=002629 caller=QUEST2 WRTN  DIST                 area_wfp=74003964 ret_pc=70168732 real_wsp=70001FD0 (was 74003950) shadow_wsp=70001FD0 master_wfp=70001FE4 depth=0
redirect seq=002631 caller=QUEST2 WSAVS DIST                 pc=70168717 area_wfp=74003964 argc=4 frame=0 real_wsp=70001FDA shadow_wsp=70001FE4 master_wfp=70001FE4 ret=70166E20 depth=1
redirect seq=002633 caller=QUEST2 WRTN  DIST                 area_wfp=74003964 ret_pc=70168732 real_wsp=70001FD0 (was 74003950) shadow_wsp=70001FD0 master_wfp=70001FE4 depth=0
redirect seq=002636 caller=QUEST2 WSAVS DIST                 pc=70168717 area_wfp=74003964 argc=4 frame=0 real_wsp=70001FDA shadow_wsp=70001FE4 master_wfp=70001FE4 ret=70166E20 depth=1
redirect seq=002640 caller=QUEST2 WRTN  DIST                 area_wfp=74003964 ret_pc=70168732 real_wsp=70001FD0 (was 74003950) shadow_wsp=70001FD0 master_wfp=70001FE4 depth=0
redirect seq=002642 caller=QUEST2 WSAVS DIST                 pc=70168717 area_wfp=74003964 argc=4 frame=0 real_wsp=70001FDA shadow_wsp=70001FE4 master_wfp=70001FE4 ret=70166E20 depth=1
redirect seq=002644 caller=QUEST2 WRTN  DIST                 area_wfp=74003964 ret_pc=70168732 real_wsp=70001FD0 (was 74003950) shadow_wsp=70001FD0 master_wfp=70001FE4 depth=0
redirect seq=002646 caller=QUEST2 WSAVS DIST                 pc=70168717 area_wfp=74003964 argc=4 frame=0 real_wsp=70001FDA shadow_wsp=70001FE4 master_wfp=70001FE4 ret=70166E20 depth=1
redirect seq=002648 caller=QUEST2 WRTN  DIST                 area_wfp=74003964 ret_pc=70168732 real_wsp=70001FD0 (was 74003950) shadow_wsp=70001FD0 master_wfp=70001FE4 depth=0
redirect seq=002653 caller=QUEST2 WSAVS DIST                 pc=70168717 area_wfp=74003964 argc=4 frame=0 real_wsp=70001FDA shadow_wsp=70001FE4 master_wfp=70001FE4 ret=70166E20 depth=1
redirect seq=002655 caller=QUEST2 WRTN  DIST                 area_wfp=74003964 ret_pc=70168732 real_wsp=70001FD0 (was 74003950) shadow_wsp=70001FD0 master_wfp=70001FE4 depth=0
redirect seq=002657 caller=QUEST2 WSAVS DIST                 pc=70168717 area_wfp=74003964 argc=4 frame=0 real_wsp=70001FDA shadow_wsp=70001FE4 master_wfp=70001FE4 ret=70166E20 depth=1
redirect seq=002659 caller=QUEST2 WRTN  DIST                 area_wfp=74003964 ret_pc=70168732 real_wsp=70001FD0 (was 74003950) shadow_wsp=70001FD0 master_wfp=70001FE4 depth=0
redirect seq=002661 caller=QUEST2 WSAVS DIST                 pc=70168717 area_wfp=74003964 argc=4 frame=0 real_wsp=70001FDA shadow_wsp=70001FE4 master_wfp=70001FE4 ret=70166E20 depth=1
redirect seq=002663 caller=QUEST2 WRTN  DIST                 area_wfp=74003964 ret_pc=70168732 real_wsp=70001FD0 (was 74003950) shadow_wsp=70001FD0 master_wfp=70001FE4 depth=0
redirect seq=002666 caller=QUEST2 WSAVS DIST                 pc=70168717 area_wfp=74003964 argc=4 frame=0 real_wsp=70001FDA shadow_wsp=70001FE4 master_wfp=70001FE4 ret=70166E20 depth=1
redirect seq=002670 caller=QUEST2 WRTN  DIST                 area_wfp=74003964 ret_pc=70168732 real_wsp=70001FD0 (was 74003950) shadow_wsp=70001FD0 master_wfp=70001FE4 depth=0
redirect seq=002672 caller=QUEST2 WSAVS DIST                 pc=70168717 area_wfp=74003964 argc=4 frame=0 real_wsp=70001FDA shadow_wsp=70001FE4 master_wfp=70001FE4 ret=70166E20 depth=1
redirect seq=002674 caller=QUEST2 WRTN  DIST                 area_wfp=74003964 ret_pc=70168732 real_wsp=70001FD0 (was 74003950) shadow_wsp=70001FD0 master_wfp=70001FE4 depth=0
redirect seq=002676 caller=QUEST2 WSAVS DIST                 pc=70168717 area_wfp=74003964 argc=4 frame=0 real_wsp=70001FDA shadow_wsp=70001FE4 master_wfp=70001FE4 ret=70166E20 depth=1
redirect seq=002678 caller=QUEST2 WRTN  DIST                 area_wfp=74003964 ret_pc=70168732 real_wsp=70001FD0 (was 74003950) shadow_wsp=70001FD0 master_wfp=70001FE4 depth=0
redirect seq=002683 caller=QUEST2 WSAVS DIST                 pc=70168717 area_wfp=74003964 argc=4 frame=0 real_wsp=70001FDA shadow_wsp=70001FE4 master_wfp=70001FE4 ret=70166E20 depth=1
redirect seq=002685 caller=QUEST2 WRTN  DIST                 area_wfp=74003964 ret_pc=70168732 real_wsp=70001FD0 (was 74003950) shadow_wsp=70001FD0 master_wfp=70001FE4 depth=0
redirect seq=002687 caller=QUEST2 WSAVS DIST                 pc=70168717 area_wfp=74003964 argc=4 frame=0 real_wsp=70001FDA shadow_wsp=70001FE4 master_wfp=70001FE4 ret=70166E20 depth=1
redirect seq=002689 caller=QUEST2 WRTN  DIST                 area_wfp=74003964 ret_pc=70168732 real_wsp=70001FD0 (was 74003950) shadow_wsp=70001FD0 master_wfp=70001FE4 depth=0
redirect seq=002691 caller=QUEST2 WSAVS DIST                 pc=70168717 area_wfp=74003964 argc=4 frame=0 real_wsp=70001FDA shadow_wsp=70001FE4 master_wfp=70001FE4 ret=70166E20 depth=1
redirect seq=002693 caller=QUEST2 WRTN  DIST                 area_wfp=74003964 ret_pc=70168732 real_wsp=70001FD0 (was 74003950) shadow_wsp=70001FD0 master_wfp=70001FE4 depth=0
redirect seq=002696 caller=QUEST2 WSAVS DIST                 pc=70168717 area_wfp=74003964 argc=4 frame=0 real_wsp=70001FDA shadow_wsp=70001FE4 master_wfp=70001FE4 ret=70166E20 depth=1
redirect seq=002700 caller=QUEST2 WRTN  DIST                 area_wfp=74003964 ret_pc=70168732 real_wsp=70001FD0 (was 74003950) shadow_wsp=70001FD0 master_wfp=70001FE4 depth=0
redirect seq=002702 caller=QUEST2 WSAVS DIST                 pc=70168717 area_wfp=74003964 argc=4 frame=0 real_wsp=70001FDA shadow_wsp=70001FE4 master_wfp=70001FE4 ret=70166E20 depth=1
redirect seq=002704 caller=QUEST2 WRTN  DIST                 area_wfp=74003964 ret_pc=70168732 real_wsp=70001FD0 (was 74003950) shadow_wsp=70001FD0 master_wfp=70001FE4 depth=0
redirect seq=002706 caller=QUEST2 WSAVS DIST                 pc=70168717 area_wfp=74003964 argc=4 frame=0 real_wsp=70001FDA shadow_wsp=70001FE4 master_wfp=70001FE4 ret=70166E20 depth=1
redirect seq=002708 caller=QUEST2 WRTN  DIST                 area_wfp=74003964 ret_pc=70168732 real_wsp=70001FD0 (was 74003950) shadow_wsp=70001FD0 master_wfp=70001FE4 depth=0
redirect seq=002713 caller=QUEST2 WSAVS DIST                 pc=70168717 area_wfp=74003964 argc=4 frame=0 real_wsp=70001FDA shadow_wsp=70001FE4 master_wfp=70001FE4 ret=70166E20 depth=1
redirect seq=002715 caller=QUEST2 WRTN  DIST                 area_wfp=74003964 ret_pc=70168732 real_wsp=70001FD0 (was 74003950) shadow_wsp=70001FD0 master_wfp=70001FE4 depth=0
redirect seq=002717 caller=QUEST2 WSAVS DIST                 pc=70168717 area_wfp=74003964 argc=4 frame=0 real_wsp=70001FDA shadow_wsp=70001FE4 master_wfp=70001FE4 ret=70166E20 depth=1
redirect seq=002719 caller=QUEST2 WRTN  DIST                 area_wfp=74003964 ret_pc=70168732 real_wsp=70001FD0 (was 74003950) shadow_wsp=70001FD0 master_wfp=70001FE4 depth=0
redirect seq=002721 caller=QUEST2 WSAVS DIST                 pc=70168717 area_wfp=74003964 argc=4 frame=0 real_wsp=70001FDA shadow_wsp=70001FE4 master_wfp=70001FE4 ret=70166E20 depth=1
redirect seq=002723 caller=QUEST2 WRTN  DIST                 area_wfp=74003964 ret_pc=70168732 real_wsp=70001FD0 (was 74003950) shadow_wsp=70001FD0 master_wfp=70001FE4 depth=0
redirect seq=002726 caller=QUEST2 WSAVS DIST                 pc=70168717 area_wfp=74003964 argc=4 frame=0 real_wsp=70001FDA shadow_wsp=70001FE4 master_wfp=70001FE4 ret=70166E20 depth=1
redirect seq=002730 caller=QUEST2 WRTN  DIST                 area_wfp=74003964 ret_pc=70168732 real_wsp=70001FD0 (was 74003950) shadow_wsp=70001FD0 master_wfp=70001FE4 depth=0
redirect seq=002732 caller=QUEST2 WSAVS DIST                 pc=70168717 area_wfp=74003964 argc=4 frame=0 real_wsp=70001FDA shadow_wsp=70001FE4 master_wfp=70001FE4 ret=70166E20 depth=1
redirect seq=002734 caller=QUEST2 WRTN  DIST                 area_wfp=74003964 ret_pc=70168732 real_wsp=70001FD0 (was 74003950) shadow_wsp=70001FD0 master_wfp=70001FE4 depth=0
redirect seq=002736 caller=QUEST2 WSAVS DIST                 pc=70168717 area_wfp=74003964 argc=4 frame=0 real_wsp=70001FDA shadow_wsp=70001FE4 master_wfp=70001FE4 ret=70166E20 depth=1
redirect seq=002738 caller=QUEST2 WRTN  DIST                 area_wfp=74003964 ret_pc=70168732 real_wsp=70001FD0 (was 74003950) shadow_wsp=70001FD0 master_wfp=70001FE4 depth=0
redirect seq=002743 caller=QUEST2 WSAVS DIST                 pc=70168717 area_wfp=74003964 argc=4 frame=0 real_wsp=70001FDA shadow_wsp=70001FE4 master_wfp=70001FE4 ret=70166E20 depth=1
redirect seq=002745 caller=QUEST2 WRTN  DIST                 area_wfp=74003964 ret_pc=70168732 real_wsp=70001FD0 (was 74003950) shadow_wsp=70001FD0 master_wfp=70001FE4 depth=0
redirect seq=002747 caller=QUEST2 WSAVS DIST                 pc=70168717 area_wfp=74003964 argc=4 frame=0 real_wsp=70001FDA shadow_wsp=70001FE4 master_wfp=70001FE4 ret=70166E20 depth=1
redirect seq=002749 caller=QUEST2 WRTN  DIST                 area_wfp=74003964 ret_pc=70168732 real_wsp=70001FD0 (was 74003950) shadow_wsp=70001FD0 master_wfp=70001FE4 depth=0
redirect seq=002751 caller=QUEST2 WSAVS DIST                 pc=70168717 area_wfp=74003964 argc=4 frame=0 real_wsp=70001FDA shadow_wsp=70001FE4 master_wfp=70001FE4 ret=70166E20 depth=1
redirect seq=002753 caller=QUEST2 WRTN  DIST                 area_wfp=74003964 ret_pc=70168732 real_wsp=70001FD0 (was 74003950) shadow_wsp=70001FD0 master_wfp=70001FE4 depth=0
redirect seq=002758 caller=QUEST2 WSAVS DIST                 pc=70168717 area_wfp=74003964 argc=4 frame=0 real_wsp=70001FDA shadow_wsp=70001FE4 master_wfp=70001FE4 ret=70166E20 depth=1
redirect seq=002760 caller=QUEST2 WRTN  DIST                 area_wfp=74003964 ret_pc=70168732 real_wsp=70001FD0 (was 74003950) shadow_wsp=70001FD0 master_wfp=70001FE4 depth=0
redirect seq=002762 caller=QUEST2 WSAVS DIST                 pc=70168717 area_wfp=74003964 argc=4 frame=0 real_wsp=70001FDA shadow_wsp=70001FE4 master_wfp=70001FE4 ret=70166E20 depth=1
redirect seq=002764 caller=QUEST2 WRTN  DIST                 area_wfp=74003964 ret_pc=70168732 real_wsp=70001FD0 (was 74003950) shadow_wsp=70001FD0 master_wfp=70001FE4 depth=0
redirect seq=002766 caller=QUEST2 WSAVS DIST                 pc=70168717 area_wfp=74003964 argc=4 frame=0 real_wsp=70001FDA shadow_wsp=70001FE4 master_wfp=70001FE4 ret=70166E20 depth=1
redirect seq=002768 caller=QUEST2 WRTN  DIST                 area_wfp=74003964 ret_pc=70168732 real_wsp=70001FD0 (was 74003950) shadow_wsp=70001FD0 master_wfp=70001FE4 depth=0
redirect seq=002771 caller=QUEST2 WSAVS DIST                 pc=70168717 area_wfp=74003964 argc=4 frame=0 real_wsp=70001FDA shadow_wsp=70001FE4 master_wfp=70001FE4 ret=70166E20 depth=1
redirect seq=002773 caller=QUEST2 WRTN  DIST                 area_wfp=74003964 ret_pc=70168732 real_wsp=70001FD0 (was 74003950) shadow_wsp=70001FD0 master_wfp=70001FE4 depth=0
redirect seq=002777 caller=QUEST2 WSAVS DIST                 pc=70168717 area_wfp=74003964 argc=4 frame=0 real_wsp=70001FDA shadow_wsp=70001FE4 master_wfp=70001FE4 ret=70166E20 depth=1
redirect seq=002779 caller=QUEST2 WRTN  DIST                 area_wfp=74003964 ret_pc=70168732 real_wsp=70001FD0 (was 74003950) shadow_wsp=70001FD0 master_wfp=70001FE4 depth=0
redirect seq=002781 caller=QUEST2 WSAVS DIST                 pc=70168717 area_wfp=74003964 argc=4 frame=0 real_wsp=70001FDA shadow_wsp=70001FE4 master_wfp=70001FE4 ret=70166E20 depth=1
redirect seq=002783 caller=QUEST2 WRTN  DIST                 area_wfp=74003964 ret_pc=70168732 real_wsp=70001FD0 (was 74003950) shadow_wsp=70001FD0 master_wfp=70001FE4 depth=0
redirect seq=002788 caller=QUEST2 WSAVS DIST                 pc=70168717 area_wfp=74003964 argc=4 frame=0 real_wsp=70001FDA shadow_wsp=70001FE4 master_wfp=70001FE4 ret=70166E20 depth=1
redirect seq=002790 caller=QUEST2 WRTN  DIST                 area_wfp=74003964 ret_pc=70168732 real_wsp=70001FD0 (was 74003950) shadow_wsp=70001FD0 master_wfp=70001FE4 depth=0
redirect seq=002792 caller=QUEST2 WSAVS DIST                 pc=70168717 area_wfp=74003964 argc=4 frame=0 real_wsp=70001FDA shadow_wsp=70001FE4 master_wfp=70001FE4 ret=70166E20 depth=1
redirect seq=002794 caller=QUEST2 WRTN  DIST                 area_wfp=74003964 ret_pc=70168732 real_wsp=70001FD0 (was 74003950) shadow_wsp=70001FD0 master_wfp=70001FE4 depth=0
redirect seq=002796 caller=QUEST2 WSAVS DIST                 pc=70168717 area_wfp=74003964 argc=4 frame=0 real_wsp=70001FDA shadow_wsp=70001FE4 master_wfp=70001FE4 ret=70166E20 depth=1
redirect seq=002798 caller=QUEST2 WRTN  DIST                 area_wfp=74003964 ret_pc=70168732 real_wsp=70001FD0 (was 74003950) shadow_wsp=70001FD0 master_wfp=70001FE4 depth=0
redirect seq=002803 caller=QUEST2 WSAVS DIST                 pc=70168717 area_wfp=74003964 argc=4 frame=0 real_wsp=70001FDA shadow_wsp=70001FE4 master_wfp=70001FE4 ret=70166E20 depth=1
redirect seq=002805 caller=QUEST2 WRTN  DIST                 area_wfp=74003964 ret_pc=70168732 real_wsp=70001FD0 (was 74003950) shadow_wsp=70001FD0 master_wfp=70001FE4 depth=0
redirect seq=002807 caller=QUEST2 WSAVS DIST                 pc=70168717 area_wfp=74003964 argc=4 frame=0 real_wsp=70001FDA shadow_wsp=70001FE4 master_wfp=70001FE4 ret=70166E20 depth=1
redirect seq=002809 caller=QUEST2 WRTN  DIST                 area_wfp=74003964 ret_pc=70168732 real_wsp=70001FD0 (was 74003950) shadow_wsp=70001FD0 master_wfp=70001FE4 depth=0
redirect seq=002811 caller=QUEST2 WSAVS DIST                 pc=70168717 area_wfp=74003964 argc=4 frame=0 real_wsp=70001FDA shadow_wsp=70001FE4 master_wfp=70001FE4 ret=70166E20 depth=1
redirect seq=002813 caller=QUEST2 WRTN  DIST                 area_wfp=74003964 ret_pc=70168732 real_wsp=70001FD0 (was 74003950) shadow_wsp=70001FD0 master_wfp=70001FE4 depth=0
redirect seq=002818 caller=QUEST2 WSAVS DIST                 pc=70168717 area_wfp=74003964 argc=4 frame=0 real_wsp=70001FDA shadow_wsp=70001FE4 master_wfp=70001FE4 ret=70166E20 depth=1
redirect seq=002820 caller=QUEST2 WRTN  DIST                 area_wfp=74003964 ret_pc=70168732 real_wsp=70001FD0 (was 74003950) shadow_wsp=70001FD0 master_wfp=70001FE4 depth=0
redirect seq=002822 caller=QUEST2 WSAVS DIST                 pc=70168717 area_wfp=74003964 argc=4 frame=0 real_wsp=70001FDA shadow_wsp=70001FE4 master_wfp=70001FE4 ret=70166E20 depth=1
redirect seq=002824 caller=QUEST2 WRTN  DIST                 area_wfp=74003964 ret_pc=70168732 real_wsp=70001FD0 (was 74003950) shadow_wsp=70001FD0 master_wfp=70001FE4 depth=0
redirect seq=002826 caller=QUEST2 WSAVS DIST                 pc=70168717 area_wfp=74003964 argc=4 frame=0 real_wsp=70001FDA shadow_wsp=70001FE4 master_wfp=70001FE4 ret=70166E20 depth=1
redirect seq=002828 caller=QUEST2 WRTN  DIST                 area_wfp=74003964 ret_pc=70168732 real_wsp=70001FD0 (was 74003950) shadow_wsp=70001FD0 master_wfp=70001FE4 depth=0
redirect seq=002831 caller=QUEST2 WSAVS DIST                 pc=70168717 area_wfp=74003964 argc=4 frame=0 real_wsp=70001FDA shadow_wsp=70001FE4 master_wfp=70001FE4 ret=70166E20 depth=1
redirect seq=002835 caller=QUEST2 WRTN  DIST                 area_wfp=74003964 ret_pc=70168732 real_wsp=70001FD0 (was 74003950) shadow_wsp=70001FD0 master_wfp=70001FE4 depth=0
redirect seq=002837 caller=QUEST2 WSAVS DIST                 pc=70168717 area_wfp=74003964 argc=4 frame=0 real_wsp=70001FDA shadow_wsp=70001FE4 master_wfp=70001FE4 ret=70166E20 depth=1
redirect seq=002839 caller=QUEST2 WRTN  DIST                 area_wfp=74003964 ret_pc=70168732 real_wsp=70001FD0 (was 74003950) shadow_wsp=70001FD0 master_wfp=70001FE4 depth=0
redirect seq=002841 caller=QUEST2 WSAVS DIST                 pc=70168717 area_wfp=74003964 argc=4 frame=0 real_wsp=70001FDA shadow_wsp=70001FE4 master_wfp=70001FE4 ret=70166E20 depth=1
redirect seq=002843 caller=QUEST2 WRTN  DIST                 area_wfp=74003964 ret_pc=70168732 real_wsp=70001FD0 (was 74003950) shadow_wsp=70001FD0 master_wfp=70001FE4 depth=0
redirect seq=002848 caller=QUEST2 WSAVS DIST                 pc=70168717 area_wfp=74003964 argc=4 frame=0 real_wsp=70001FDA shadow_wsp=70001FE4 master_wfp=70001FE4 ret=70166E20 depth=1
redirect seq=002850 caller=QUEST2 WRTN  DIST                 area_wfp=74003964 ret_pc=70168732 real_wsp=70001FD0 (was 74003950) shadow_wsp=70001FD0 master_wfp=70001FE4 depth=0
redirect seq=002852 caller=QUEST2 WSAVS DIST                 pc=70168717 area_wfp=74003964 argc=4 frame=0 real_wsp=70001FDA shadow_wsp=70001FE4 master_wfp=70001FE4 ret=70166E20 depth=1
redirect seq=002854 caller=QUEST2 WRTN  DIST                 area_wfp=74003964 ret_pc=70168732 real_wsp=70001FD0 (was 74003950) shadow_wsp=70001FD0 master_wfp=70001FE4 depth=0
redirect seq=002856 caller=QUEST2 WSAVS DIST                 pc=70168717 area_wfp=74003964 argc=4 frame=0 real_wsp=70001FDA shadow_wsp=70001FE4 master_wfp=70001FE4 ret=70166E20 depth=1
redirect seq=002858 caller=QUEST2 WRTN  DIST                 area_wfp=74003964 ret_pc=70168732 real_wsp=70001FD0 (was 74003950) shadow_wsp=70001FD0 master_wfp=70001FE4 depth=0
redirect seq=002861 caller=QUEST2 WSAVS DIST                 pc=70168717 area_wfp=74003964 argc=4 frame=0 real_wsp=70001FDA shadow_wsp=70001FE4 master_wfp=70001FE4 ret=70166E20 depth=1
redirect seq=002865 caller=QUEST2 WRTN  DIST                 area_wfp=74003964 ret_pc=70168732 real_wsp=70001FD0 (was 74003950) shadow_wsp=70001FD0 master_wfp=70001FE4 depth=0
redirect seq=002867 caller=QUEST2 WSAVS DIST                 pc=70168717 area_wfp=74003964 argc=4 frame=0 real_wsp=70001FDA shadow_wsp=70001FE4 master_wfp=70001FE4 ret=70166E20 depth=1
redirect seq=002869 caller=QUEST2 WRTN  DIST                 area_wfp=74003964 ret_pc=70168732 real_wsp=70001FD0 (was 74003950) shadow_wsp=70001FD0 master_wfp=70001FE4 depth=0
redirect seq=002871 caller=QUEST2 WSAVS DIST                 pc=70168717 area_wfp=74003964 argc=4 frame=0 real_wsp=70001FDA shadow_wsp=70001FE4 master_wfp=70001FE4 ret=70166E20 depth=1
redirect seq=002873 caller=QUEST2 WRTN  DIST                 area_wfp=74003964 ret_pc=70168732 real_wsp=70001FD0 (was 74003950) shadow_wsp=70001FD0 master_wfp=70001FE4 depth=0
redirect seq=002878 caller=QUEST2 WSAVS DIST                 pc=70168717 area_wfp=74003964 argc=4 frame=0 real_wsp=70001FDA shadow_wsp=70001FE4 master_wfp=70001FE4 ret=70166E20 depth=1
redirect seq=002880 caller=QUEST2 WRTN  DIST                 area_wfp=74003964 ret_pc=70168732 real_wsp=70001FD0 (was 74003950) shadow_wsp=70001FD0 master_wfp=70001FE4 depth=0
redirect seq=002882 caller=QUEST2 WSAVS DIST                 pc=70168717 area_wfp=74003964 argc=4 frame=0 real_wsp=70001FDA shadow_wsp=70001FE4 master_wfp=70001FE4 ret=70166E20 depth=1
redirect seq=002884 caller=QUEST2 WRTN  DIST                 area_wfp=74003964 ret_pc=70168732 real_wsp=70001FD0 (was 74003950) shadow_wsp=70001FD0 master_wfp=70001FE4 depth=0
redirect seq=002886 caller=QUEST2 WSAVS DIST                 pc=70168717 area_wfp=74003964 argc=4 frame=0 real_wsp=70001FDA shadow_wsp=70001FE4 master_wfp=70001FE4 ret=70166E20 depth=1
redirect seq=002888 caller=QUEST2 WRTN  DIST                 area_wfp=74003964 ret_pc=70168732 real_wsp=70001FD0 (was 74003950) shadow_wsp=70001FD0 master_wfp=70001FE4 depth=0
redirect seq=002891 caller=QUEST2 WSAVS DIST                 pc=70168717 area_wfp=74003964 argc=4 frame=0 real_wsp=70001FDA shadow_wsp=70001FE4 master_wfp=70001FE4 ret=70166E20 depth=1
redirect seq=002895 caller=QUEST2 WRTN  DIST                 area_wfp=74003964 ret_pc=70168732 real_wsp=70001FD0 (was 74003950) shadow_wsp=70001FD0 master_wfp=70001FE4 depth=0
redirect seq=002897 caller=QUEST2 WSAVS DIST                 pc=70168717 area_wfp=74003964 argc=4 frame=0 real_wsp=70001FDA shadow_wsp=70001FE4 master_wfp=70001FE4 ret=70166E20 depth=1
redirect seq=002899 caller=QUEST2 WRTN  DIST                 area_wfp=74003964 ret_pc=70168732 real_wsp=70001FD0 (was 74003950) shadow_wsp=70001FD0 master_wfp=70001FE4 depth=0
redirect seq=002901 caller=QUEST2 WSAVS DIST                 pc=70168717 area_wfp=74003964 argc=4 frame=0 real_wsp=70001FDA shadow_wsp=70001FE4 master_wfp=70001FE4 ret=70166E20 depth=1
redirect seq=002903 caller=QUEST2 WRTN  DIST                 area_wfp=74003964 ret_pc=70168732 real_wsp=70001FD0 (was 74003950) shadow_wsp=70001FD0 master_wfp=70001FE4 depth=0
redirect seq=002908 caller=QUEST2 WSAVS DIST                 pc=70168717 area_wfp=74003964 argc=4 frame=0 real_wsp=70001FDA shadow_wsp=70001FE4 master_wfp=70001FE4 ret=70166E20 depth=1
redirect seq=002910 caller=QUEST2 WRTN  DIST                 area_wfp=74003964 ret_pc=70168732 real_wsp=70001FD0 (was 74003950) shadow_wsp=70001FD0 master_wfp=70001FE4 depth=0
redirect seq=002912 caller=QUEST2 WSAVS DIST                 pc=70168717 area_wfp=74003964 argc=4 frame=0 real_wsp=70001FDA shadow_wsp=70001FE4 master_wfp=70001FE4 ret=70166E20 depth=1
redirect seq=002914 caller=QUEST2 WRTN  DIST                 area_wfp=74003964 ret_pc=70168732 real_wsp=70001FD0 (was 74003950) shadow_wsp=70001FD0 master_wfp=70001FE4 depth=0
redirect seq=002916 caller=QUEST2 WSAVS DIST                 pc=70168717 area_wfp=74003964 argc=4 frame=0 real_wsp=70001FDA shadow_wsp=70001FE4 master_wfp=70001FE4 ret=70166E20 depth=1
redirect seq=002918 caller=QUEST2 WRTN  DIST                 area_wfp=74003964 ret_pc=70168732 real_wsp=70001FD0 (was 74003950) shadow_wsp=70001FD0 master_wfp=70001FE4 depth=0
redirect seq=002923 caller=QUEST2 WSAVS DIST                 pc=70168717 area_wfp=74003964 argc=4 frame=0 real_wsp=70001FDA shadow_wsp=70001FE4 master_wfp=70001FE4 ret=70166E20 depth=1
redirect seq=002925 caller=QUEST2 WRTN  DIST                 area_wfp=74003964 ret_pc=70168732 real_wsp=70001FD0 (was 74003950) shadow_wsp=70001FD0 master_wfp=70001FE4 depth=0
redirect seq=002927 caller=QUEST2 WSAVS DIST                 pc=70168717 area_wfp=74003964 argc=4 frame=0 real_wsp=70001FDA shadow_wsp=70001FE4 master_wfp=70001FE4 ret=70166E20 depth=1
redirect seq=002929 caller=QUEST2 WRTN  DIST                 area_wfp=74003964 ret_pc=70168732 real_wsp=70001FD0 (was 74003950) shadow_wsp=70001FD0 master_wfp=70001FE4 depth=0
redirect seq=002931 caller=QUEST2 WSAVS DIST                 pc=70168717 area_wfp=74003964 argc=4 frame=0 real_wsp=70001FDA shadow_wsp=70001FE4 master_wfp=70001FE4 ret=70166E20 depth=1
redirect seq=002933 caller=QUEST2 WRTN  DIST                 area_wfp=74003964 ret_pc=70168732 real_wsp=70001FD0 (was 74003950) shadow_wsp=70001FD0 master_wfp=70001FE4 depth=0
redirect seq=002936 caller=QUEST2 WSAVS DIST                 pc=70168717 area_wfp=74003964 argc=4 frame=0 real_wsp=70001FDA shadow_wsp=70001FE4 master_wfp=70001FE4 ret=70166E20 depth=1
redirect seq=002938 caller=QUEST2 WRTN  DIST                 area_wfp=74003964 ret_pc=70168732 real_wsp=70001FD0 (was 74003950) shadow_wsp=70001FD0 master_wfp=70001FE4 depth=0
redirect seq=002942 caller=QUEST2 WSAVS DIST                 pc=70168717 area_wfp=74003964 argc=4 frame=0 real_wsp=70001FDA shadow_wsp=70001FE4 master_wfp=70001FE4 ret=70166E20 depth=1
redirect seq=002944 caller=QUEST2 WRTN  DIST                 area_wfp=74003964 ret_pc=70168732 real_wsp=70001FD0 (was 74003950) shadow_wsp=70001FD0 master_wfp=70001FE4 depth=0
redirect seq=002946 caller=QUEST2 WSAVS DIST                 pc=70168717 area_wfp=74003964 argc=4 frame=0 real_wsp=70001FDA shadow_wsp=70001FE4 master_wfp=70001FE4 ret=70166E20 depth=1
redirect seq=002948 caller=QUEST2 WRTN  DIST                 area_wfp=74003964 ret_pc=70168732 real_wsp=70001FD0 (was 74003950) shadow_wsp=70001FD0 master_wfp=70001FE4 depth=0
redirect seq=002953 caller=QUEST2 WSAVS DIST                 pc=70168717 area_wfp=74003964 argc=4 frame=0 real_wsp=70001FDA shadow_wsp=70001FE4 master_wfp=70001FE4 ret=70166E20 depth=1
redirect seq=002955 caller=QUEST2 WRTN  DIST                 area_wfp=74003964 ret_pc=70168732 real_wsp=70001FD0 (was 74003950) shadow_wsp=70001FD0 master_wfp=70001FE4 depth=0
redirect seq=002957 caller=QUEST2 WSAVS DIST                 pc=70168717 area_wfp=74003964 argc=4 frame=0 real_wsp=70001FDA shadow_wsp=70001FE4 master_wfp=70001FE4 ret=70166E20 depth=1
redirect seq=002959 caller=QUEST2 WRTN  DIST                 area_wfp=74003964 ret_pc=70168732 real_wsp=70001FD0 (was 74003950) shadow_wsp=70001FD0 master_wfp=70001FE4 depth=0
redirect seq=002961 caller=QUEST2 WSAVS DIST                 pc=70168717 area_wfp=74003964 argc=4 frame=0 real_wsp=70001FDA shadow_wsp=70001FE4 master_wfp=70001FE4 ret=70166E20 depth=1
redirect seq=002963 caller=QUEST2 WRTN  DIST                 area_wfp=74003964 ret_pc=70168732 real_wsp=70001FD0 (was 74003950) shadow_wsp=70001FD0 master_wfp=70001FE4 depth=0
redirect seq=002966 caller=QUEST2 WSAVS DIST                 pc=70168717 area_wfp=74003964 argc=4 frame=0 real_wsp=70001FDA shadow_wsp=70001FE4 master_wfp=70001FE4 ret=70166E20 depth=1
redirect seq=002968 caller=QUEST2 WRTN  DIST                 area_wfp=74003964 ret_pc=70168732 real_wsp=70001FD0 (was 74003950) shadow_wsp=70001FD0 master_wfp=70001FE4 depth=0
redirect seq=002972 caller=QUEST2 WSAVS DIST                 pc=70168717 area_wfp=74003964 argc=4 frame=0 real_wsp=70001FDA shadow_wsp=70001FE4 master_wfp=70001FE4 ret=70166E20 depth=1
redirect seq=002974 caller=QUEST2 WRTN  DIST                 area_wfp=74003964 ret_pc=70168732 real_wsp=70001FD0 (was 74003950) shadow_wsp=70001FD0 master_wfp=70001FE4 depth=0
redirect seq=002976 caller=QUEST2 WSAVS DIST                 pc=70168717 area_wfp=74003964 argc=4 frame=0 real_wsp=70001FDA shadow_wsp=70001FE4 master_wfp=70001FE4 ret=70166E20 depth=1
redirect seq=002978 caller=QUEST2 WRTN  DIST                 area_wfp=74003964 ret_pc=70168732 real_wsp=70001FD0 (was 74003950) shadow_wsp=70001FD0 master_wfp=70001FE4 depth=0
redirect seq=002983 caller=QUEST2 WSAVS DIST                 pc=70168717 area_wfp=74003964 argc=4 frame=0 real_wsp=70001FDA shadow_wsp=70001FE4 master_wfp=70001FE4 ret=70166E20 depth=1
redirect seq=002985 caller=QUEST2 WRTN  DIST                 area_wfp=74003964 ret_pc=70168732 real_wsp=70001FD0 (was 74003950) shadow_wsp=70001FD0 master_wfp=70001FE4 depth=0
redirect seq=002987 caller=QUEST2 WSAVS DIST                 pc=70168717 area_wfp=74003964 argc=4 frame=0 real_wsp=70001FDA shadow_wsp=70001FE4 master_wfp=70001FE4 ret=70166E20 depth=1
redirect seq=002989 caller=QUEST2 WRTN  DIST                 area_wfp=74003964 ret_pc=70168732 real_wsp=70001FD0 (was 74003950) shadow_wsp=70001FD0 master_wfp=70001FE4 depth=0
redirect seq=002991 caller=QUEST2 WSAVS DIST                 pc=70168717 area_wfp=74003964 argc=4 frame=0 real_wsp=70001FDA shadow_wsp=70001FE4 master_wfp=70001FE4 ret=70166E20 depth=1
redirect seq=002993 caller=QUEST2 WRTN  DIST                 area_wfp=74003964 ret_pc=70168732 real_wsp=70001FD0 (was 74003950) shadow_wsp=70001FD0 master_wfp=70001FE4 depth=0
redirect seq=002997 caller=QUEST2 WSAVS DIST                 pc=70168717 area_wfp=74003964 argc=4 frame=0 real_wsp=70001FDA shadow_wsp=70001FE4 master_wfp=70001FE4 ret=70166E20 depth=1
redirect seq=002999 caller=QUEST2 WRTN  DIST                 area_wfp=74003964 ret_pc=70168732 real_wsp=70001FD0 (was 74003950) shadow_wsp=70001FD0 master_wfp=70001FE4 depth=0
redirect seq=003001 caller=QUEST2 WSAVS DIST                 pc=70168717 area_wfp=74003964 argc=4 frame=0 real_wsp=70001FDA shadow_wsp=70001FE4 master_wfp=70001FE4 ret=70166E20 depth=1
redirect seq=003004 caller=QUEST2 WRTN  DIST                 area_wfp=74003964 ret_pc=70168732 real_wsp=70001FD0 (was 74003950) shadow_wsp=70001FD0 master_wfp=70001FE4 depth=0
redirect seq=003006 caller=QUEST2 WSAVS DIST                 pc=70168717 area_wfp=74003964 argc=4 frame=0 real_wsp=70001FDA shadow_wsp=70001FE4 master_wfp=70001FE4 ret=70166E20 depth=1
redirect seq=003008 caller=QUEST2 WRTN  DIST                 area_wfp=74003964 ret_pc=70168732 real_wsp=70001FD0 (was 74003950) shadow_wsp=70001FD0 master_wfp=70001FE4 depth=0
redirect seq=003013 caller=QUEST2 WSAVS DIST                 pc=70168717 area_wfp=74003964 argc=4 frame=0 real_wsp=70001FDA shadow_wsp=70001FE4 master_wfp=70001FE4 ret=70166E20 depth=1
redirect seq=003015 caller=QUEST2 WRTN  DIST                 area_wfp=74003964 ret_pc=70168732 real_wsp=70001FD0 (was 74003950) shadow_wsp=70001FD0 master_wfp=70001FE4 depth=0
redirect seq=003017 caller=QUEST2 WSAVS DIST                 pc=70168717 area_wfp=74003964 argc=4 frame=0 real_wsp=70001FDA shadow_wsp=70001FE4 master_wfp=70001FE4 ret=70166E20 depth=1
redirect seq=003019 caller=QUEST2 WRTN  DIST                 area_wfp=74003964 ret_pc=70168732 real_wsp=70001FD0 (was 74003950) shadow_wsp=70001FD0 master_wfp=70001FE4 depth=0
redirect seq=003021 caller=QUEST2 WSAVS DIST                 pc=70168717 area_wfp=74003964 argc=4 frame=0 real_wsp=70001FDA shadow_wsp=70001FE4 master_wfp=70001FE4 ret=70166E20 depth=1
redirect seq=003023 caller=QUEST2 WRTN  DIST                 area_wfp=74003964 ret_pc=70168732 real_wsp=70001FD0 (was 74003950) shadow_wsp=70001FD0 master_wfp=70001FE4 depth=0
redirect seq=003027 caller=QUEST2 WSAVS DIST                 pc=70168717 area_wfp=74003964 argc=4 frame=0 real_wsp=70001FDA shadow_wsp=70001FE4 master_wfp=70001FE4 ret=70166E20 depth=1
redirect seq=003029 caller=QUEST2 WRTN  DIST                 area_wfp=74003964 ret_pc=70168732 real_wsp=70001FD0 (was 74003950) shadow_wsp=70001FD0 master_wfp=70001FE4 depth=0
redirect seq=003031 caller=QUEST2 WSAVS DIST                 pc=70168717 area_wfp=74003964 argc=4 frame=0 real_wsp=70001FDA shadow_wsp=70001FE4 master_wfp=70001FE4 ret=70166E20 depth=1
redirect seq=003034 caller=QUEST2 WRTN  DIST                 area_wfp=74003964 ret_pc=70168732 real_wsp=70001FD0 (was 74003950) shadow_wsp=70001FD0 master_wfp=70001FE4 depth=0
redirect seq=003036 caller=QUEST2 WSAVS DIST                 pc=70168717 area_wfp=74003964 argc=4 frame=0 real_wsp=70001FDA shadow_wsp=70001FE4 master_wfp=70001FE4 ret=70166E20 depth=1
redirect seq=003038 caller=QUEST2 WRTN  DIST                 area_wfp=74003964 ret_pc=70168732 real_wsp=70001FD0 (was 74003950) shadow_wsp=70001FD0 master_wfp=70001FE4 depth=0
redirect seq=003043 caller=QUEST2 WSAVS DIST                 pc=70168717 area_wfp=74003964 argc=4 frame=0 real_wsp=70001FDA shadow_wsp=70001FE4 master_wfp=70001FE4 ret=70166E20 depth=1
redirect seq=003045 caller=QUEST2 WRTN  DIST                 area_wfp=74003964 ret_pc=70168732 real_wsp=70001FD0 (was 74003950) shadow_wsp=70001FD0 master_wfp=70001FE4 depth=0
redirect seq=003047 caller=QUEST2 WSAVS DIST                 pc=70168717 area_wfp=74003964 argc=4 frame=0 real_wsp=70001FDA shadow_wsp=70001FE4 master_wfp=70001FE4 ret=70166E20 depth=1
redirect seq=003049 caller=QUEST2 WRTN  DIST                 area_wfp=74003964 ret_pc=70168732 real_wsp=70001FD0 (was 74003950) shadow_wsp=70001FD0 master_wfp=70001FE4 depth=0
redirect seq=003051 caller=QUEST2 WSAVS DIST                 pc=70168717 area_wfp=74003964 argc=4 frame=0 real_wsp=70001FDA shadow_wsp=70001FE4 master_wfp=70001FE4 ret=70166E20 depth=1
redirect seq=003053 caller=QUEST2 WRTN  DIST                 area_wfp=74003964 ret_pc=70168732 real_wsp=70001FD0 (was 74003950) shadow_wsp=70001FD0 master_wfp=70001FE4 depth=0
redirect seq=003057 caller=QUEST2 WSAVS DIST                 pc=70168717 area_wfp=74003964 argc=4 frame=0 real_wsp=70001FDA shadow_wsp=70001FE4 master_wfp=70001FE4 ret=70166E20 depth=1
redirect seq=003059 caller=QUEST2 WRTN  DIST                 area_wfp=74003964 ret_pc=70168732 real_wsp=70001FD0 (was 74003950) shadow_wsp=70001FD0 master_wfp=70001FE4 depth=0
redirect seq=003061 caller=QUEST2 WSAVS DIST                 pc=70168717 area_wfp=74003964 argc=4 frame=0 real_wsp=70001FDA shadow_wsp=70001FE4 master_wfp=70001FE4 ret=70166E20 depth=1
redirect seq=003064 caller=QUEST2 WRTN  DIST                 area_wfp=74003964 ret_pc=70168732 real_wsp=70001FD0 (was 74003950) shadow_wsp=70001FD0 master_wfp=70001FE4 depth=0
redirect seq=003066 caller=QUEST2 WSAVS DIST                 pc=70168717 area_wfp=74003964 argc=4 frame=0 real_wsp=70001FDA shadow_wsp=70001FE4 master_wfp=70001FE4 ret=70166E20 depth=1
redirect seq=003068 caller=QUEST2 WRTN  DIST                 area_wfp=74003964 ret_pc=70168732 real_wsp=70001FD0 (was 74003950) shadow_wsp=70001FD0 master_wfp=70001FE4 depth=0
redirect seq=003073 caller=QUEST2 WSAVS DIST                 pc=70168717 area_wfp=74003964 argc=4 frame=0 real_wsp=70001FDA shadow_wsp=70001FE4 master_wfp=70001FE4 ret=70166E20 depth=1
redirect seq=003075 caller=QUEST2 WRTN  DIST                 area_wfp=74003964 ret_pc=70168732 real_wsp=70001FD0 (was 74003950) shadow_wsp=70001FD0 master_wfp=70001FE4 depth=0
redirect seq=003077 caller=QUEST2 WSAVS DIST                 pc=70168717 area_wfp=74003964 argc=4 frame=0 real_wsp=70001FDA shadow_wsp=70001FE4 master_wfp=70001FE4 ret=70166E20 depth=1
redirect seq=003079 caller=QUEST2 WRTN  DIST                 area_wfp=74003964 ret_pc=70168732 real_wsp=70001FD0 (was 74003950) shadow_wsp=70001FD0 master_wfp=70001FE4 depth=0
redirect seq=003081 caller=QUEST2 WSAVS DIST                 pc=70168717 area_wfp=74003964 argc=4 frame=0 real_wsp=70001FDA shadow_wsp=70001FE4 master_wfp=70001FE4 ret=70166E20 depth=1
redirect seq=003083 caller=QUEST2 WRTN  DIST                 area_wfp=74003964 ret_pc=70168732 real_wsp=70001FD0 (was 74003950) shadow_wsp=70001FD0 master_wfp=70001FE4 depth=0
redirect seq=003086 caller=QUEST2 WSAVS DIST                 pc=70168717 area_wfp=74003964 argc=4 frame=0 real_wsp=70001FDA shadow_wsp=70001FE4 master_wfp=70001FE4 ret=70166E20 depth=1
redirect seq=003090 caller=QUEST2 WRTN  DIST                 area_wfp=74003964 ret_pc=70168732 real_wsp=70001FD0 (was 74003950) shadow_wsp=70001FD0 master_wfp=70001FE4 depth=0
redirect seq=003092 caller=QUEST2 WSAVS DIST                 pc=70168717 area_wfp=74003964 argc=4 frame=0 real_wsp=70001FDA shadow_wsp=70001FE4 master_wfp=70001FE4 ret=70166E20 depth=1
redirect seq=003094 caller=QUEST2 WRTN  DIST                 area_wfp=74003964 ret_pc=70168732 real_wsp=70001FD0 (was 74003950) shadow_wsp=70001FD0 master_wfp=70001FE4 depth=0
redirect seq=003096 caller=QUEST2 WSAVS DIST                 pc=70168717 area_wfp=74003964 argc=4 frame=0 real_wsp=70001FDA shadow_wsp=70001FE4 master_wfp=70001FE4 ret=70166E20 depth=1
redirect seq=003098 caller=QUEST2 WRTN  DIST                 area_wfp=74003964 ret_pc=70168732 real_wsp=70001FD0 (was 74003950) shadow_wsp=70001FD0 master_wfp=70001FE4 depth=0
redirect seq=003103 caller=QUEST2 WSAVS DIST                 pc=70168717 area_wfp=74003964 argc=4 frame=0 real_wsp=70001FDA shadow_wsp=70001FE4 master_wfp=70001FE4 ret=70166E20 depth=1
redirect seq=003105 caller=QUEST2 WRTN  DIST                 area_wfp=74003964 ret_pc=70168732 real_wsp=70001FD0 (was 74003950) shadow_wsp=70001FD0 master_wfp=70001FE4 depth=0
redirect seq=003107 caller=QUEST2 WSAVS DIST                 pc=70168717 area_wfp=74003964 argc=4 frame=0 real_wsp=70001FDA shadow_wsp=70001FE4 master_wfp=70001FE4 ret=70166E20 depth=1
redirect seq=003109 caller=QUEST2 WRTN  DIST                 area_wfp=74003964 ret_pc=70168732 real_wsp=70001FD0 (was 74003950) shadow_wsp=70001FD0 master_wfp=70001FE4 depth=0
redirect seq=003111 caller=QUEST2 WSAVS DIST                 pc=70168717 area_wfp=74003964 argc=4 frame=0 real_wsp=70001FDA shadow_wsp=70001FE4 master_wfp=70001FE4 ret=70166E20 depth=1
redirect seq=003113 caller=QUEST2 WRTN  DIST                 area_wfp=74003964 ret_pc=70168732 real_wsp=70001FD0 (was 74003950) shadow_wsp=70001FD0 master_wfp=70001FE4 depth=0
redirect seq=003116 caller=QUEST2 WSAVS DIST                 pc=70168717 area_wfp=74003964 argc=4 frame=0 real_wsp=70001FDA shadow_wsp=70001FE4 master_wfp=70001FE4 ret=70166E20 depth=1
redirect seq=003120 caller=QUEST2 WRTN  DIST                 area_wfp=74003964 ret_pc=70168732 real_wsp=70001FD0 (was 74003950) shadow_wsp=70001FD0 master_wfp=70001FE4 depth=0
redirect seq=003122 caller=QUEST2 WSAVS DIST                 pc=70168717 area_wfp=74003964 argc=4 frame=0 real_wsp=70001FDA shadow_wsp=70001FE4 master_wfp=70001FE4 ret=70166E20 depth=1
redirect seq=003124 caller=QUEST2 WRTN  DIST                 area_wfp=74003964 ret_pc=70168732 real_wsp=70001FD0 (was 74003950) shadow_wsp=70001FD0 master_wfp=70001FE4 depth=0
redirect seq=003126 caller=QUEST2 WSAVS DIST                 pc=70168717 area_wfp=74003964 argc=4 frame=0 real_wsp=70001FDA shadow_wsp=70001FE4 master_wfp=70001FE4 ret=70166E20 depth=1
redirect seq=003128 caller=QUEST2 WRTN  DIST                 area_wfp=74003964 ret_pc=70168732 real_wsp=70001FD0 (was 74003950) shadow_wsp=70001FD0 master_wfp=70001FE4 depth=0
redirect seq=003133 caller=QUEST2 WSAVS DIST                 pc=70168717 area_wfp=74003964 argc=4 frame=0 real_wsp=70001FDA shadow_wsp=70001FE4 master_wfp=70001FE4 ret=70166E20 depth=1
redirect seq=003135 caller=QUEST2 WRTN  DIST                 area_wfp=74003964 ret_pc=70168732 real_wsp=70001FD0 (was 74003950) shadow_wsp=70001FD0 master_wfp=70001FE4 depth=0
redirect seq=003137 caller=QUEST2 WSAVS DIST                 pc=70168717 area_wfp=74003964 argc=4 frame=0 real_wsp=70001FDA shadow_wsp=70001FE4 master_wfp=70001FE4 ret=70166E20 depth=1
redirect seq=003139 caller=QUEST2 WRTN  DIST                 area_wfp=74003964 ret_pc=70168732 real_wsp=70001FD0 (was 74003950) shadow_wsp=70001FD0 master_wfp=70001FE4 depth=0
redirect seq=003141 caller=QUEST2 WSAVS DIST                 pc=70168717 area_wfp=74003964 argc=4 frame=0 real_wsp=70001FDA shadow_wsp=70001FE4 master_wfp=70001FE4 ret=70166E20 depth=1
redirect seq=003143 caller=QUEST2 WRTN  DIST                 area_wfp=74003964 ret_pc=70168732 real_wsp=70001FD0 (was 74003950) shadow_wsp=70001FD0 master_wfp=70001FE4 depth=0
redirect seq=003146 caller=QUEST2 WSAVS DIST                 pc=70168717 area_wfp=74003964 argc=4 frame=0 real_wsp=70001FDA shadow_wsp=70001FE4 master_wfp=70001FE4 ret=70166E20 depth=1
redirect seq=003150 caller=QUEST2 WRTN  DIST                 area_wfp=74003964 ret_pc=70168732 real_wsp=70001FD0 (was 74003950) shadow_wsp=70001FD0 master_wfp=70001FE4 depth=0
redirect seq=003152 caller=QUEST2 WSAVS DIST                 pc=70168717 area_wfp=74003964 argc=4 frame=0 real_wsp=70001FDA shadow_wsp=70001FE4 master_wfp=70001FE4 ret=70166E20 depth=1
redirect seq=003154 caller=QUEST2 WRTN  DIST                 area_wfp=74003964 ret_pc=70168732 real_wsp=70001FD0 (was 74003950) shadow_wsp=70001FD0 master_wfp=70001FE4 depth=0
redirect seq=003156 caller=QUEST2 WSAVS DIST                 pc=70168717 area_wfp=74003964 argc=4 frame=0 real_wsp=70001FDA shadow_wsp=70001FE4 master_wfp=70001FE4 ret=70166E20 depth=1
redirect seq=003158 caller=QUEST2 WRTN  DIST                 area_wfp=74003964 ret_pc=70168732 real_wsp=70001FD0 (was 74003950) shadow_wsp=70001FD0 master_wfp=70001FE4 depth=0
redirect seq=003163 caller=QUEST2 WSAVS DIST                 pc=70168717 area_wfp=74003964 argc=4 frame=0 real_wsp=70001FDA shadow_wsp=70001FE4 master_wfp=70001FE4 ret=70166E20 depth=1
redirect seq=003165 caller=QUEST2 WRTN  DIST                 area_wfp=74003964 ret_pc=70168732 real_wsp=70001FD0 (was 74003950) shadow_wsp=70001FD0 master_wfp=70001FE4 depth=0
redirect seq=003167 caller=QUEST2 WSAVS DIST                 pc=70168717 area_wfp=74003964 argc=4 frame=0 real_wsp=70001FDA shadow_wsp=70001FE4 master_wfp=70001FE4 ret=70166E20 depth=1
redirect seq=003169 caller=QUEST2 WRTN  DIST                 area_wfp=74003964 ret_pc=70168732 real_wsp=70001FD0 (was 74003950) shadow_wsp=70001FD0 master_wfp=70001FE4 depth=0
redirect seq=003171 caller=QUEST2 WSAVS DIST                 pc=70168717 area_wfp=74003964 argc=4 frame=0 real_wsp=70001FDA shadow_wsp=70001FE4 master_wfp=70001FE4 ret=70166E20 depth=1
redirect seq=003173 caller=QUEST2 WRTN  DIST                 area_wfp=74003964 ret_pc=70168732 real_wsp=70001FD0 (was 74003950) shadow_wsp=70001FD0 master_wfp=70001FE4 depth=0
redirect seq=003176 caller=QUEST2 WSAVS DIST                 pc=70168717 area_wfp=74003964 argc=4 frame=0 real_wsp=70001FDA shadow_wsp=70001FE4 master_wfp=70001FE4 ret=70166E20 depth=1
redirect seq=003180 caller=QUEST2 WRTN  DIST                 area_wfp=74003964 ret_pc=70168732 real_wsp=70001FD0 (was 74003950) shadow_wsp=70001FD0 master_wfp=70001FE4 depth=0
redirect seq=003182 caller=QUEST2 WSAVS DIST                 pc=70168717 area_wfp=74003964 argc=4 frame=0 real_wsp=70001FDA shadow_wsp=70001FE4 master_wfp=70001FE4 ret=70166E20 depth=1
redirect seq=003184 caller=QUEST2 WRTN  DIST                 area_wfp=74003964 ret_pc=70168732 real_wsp=70001FD0 (was 74003950) shadow_wsp=70001FD0 master_wfp=70001FE4 depth=0
redirect seq=003186 caller=QUEST2 WSAVS DIST                 pc=70168717 area_wfp=74003964 argc=4 frame=0 real_wsp=70001FDA shadow_wsp=70001FE4 master_wfp=70001FE4 ret=70166E20 depth=1
redirect seq=003188 caller=QUEST2 WRTN  DIST                 area_wfp=74003964 ret_pc=70168732 real_wsp=70001FD0 (was 74003950) shadow_wsp=70001FD0 master_wfp=70001FE4 depth=0
redirect seq=003193 caller=QUEST2 WSAVS DIST                 pc=70168717 area_wfp=74003964 argc=4 frame=0 real_wsp=70001FDA shadow_wsp=70001FE4 master_wfp=70001FE4 ret=70166E20 depth=1
redirect seq=003195 caller=QUEST2 WRTN  DIST                 area_wfp=74003964 ret_pc=70168732 real_wsp=70001FD0 (was 74003950) shadow_wsp=70001FD0 master_wfp=70001FE4 depth=0
redirect seq=003197 caller=QUEST2 WSAVS DIST                 pc=70168717 area_wfp=74003964 argc=4 frame=0 real_wsp=70001FDA shadow_wsp=70001FE4 master_wfp=70001FE4 ret=70166E20 depth=1
redirect seq=003199 caller=QUEST2 WRTN  DIST                 area_wfp=74003964 ret_pc=70168732 real_wsp=70001FD0 (was 74003950) shadow_wsp=70001FD0 master_wfp=70001FE4 depth=0
redirect seq=003201 caller=QUEST2 WSAVS DIST                 pc=70168717 area_wfp=74003964 argc=4 frame=0 real_wsp=70001FDA shadow_wsp=70001FE4 master_wfp=70001FE4 ret=70166E20 depth=1
redirect seq=003203 caller=QUEST2 WRTN  DIST                 area_wfp=74003964 ret_pc=70168732 real_wsp=70001FD0 (was 74003950) shadow_wsp=70001FD0 master_wfp=70001FE4 depth=0
redirect seq=003206 caller=QUEST2 WSAVS DIST                 pc=70168717 area_wfp=74003964 argc=4 frame=0 real_wsp=70001FDA shadow_wsp=70001FE4 master_wfp=70001FE4 ret=70166E20 depth=1
redirect seq=003208 caller=QUEST2 WRTN  DIST                 area_wfp=74003964 ret_pc=70168732 real_wsp=70001FD0 (was 74003950) shadow_wsp=70001FD0 master_wfp=70001FE4 depth=0
redirect seq=003212 caller=QUEST2 WSAVS DIST                 pc=70168717 area_wfp=74003964 argc=4 frame=0 real_wsp=70001FDA shadow_wsp=70001FE4 master_wfp=70001FE4 ret=70166E20 depth=1
redirect seq=003214 caller=QUEST2 WRTN  DIST                 area_wfp=74003964 ret_pc=70168732 real_wsp=70001FD0 (was 74003950) shadow_wsp=70001FD0 master_wfp=70001FE4 depth=0
redirect seq=003216 caller=QUEST2 WSAVS DIST                 pc=70168717 area_wfp=74003964 argc=4 frame=0 real_wsp=70001FDA shadow_wsp=70001FE4 master_wfp=70001FE4 ret=70166E20 depth=1
redirect seq=003218 caller=QUEST2 WRTN  DIST                 area_wfp=74003964 ret_pc=70168732 real_wsp=70001FD0 (was 74003950) shadow_wsp=70001FD0 master_wfp=70001FE4 depth=0
redirect seq=003223 caller=QUEST2 WSAVS DIST                 pc=70168717 area_wfp=74003964 argc=4 frame=0 real_wsp=70001FDA shadow_wsp=70001FE4 master_wfp=70001FE4 ret=70166E20 depth=1
redirect seq=003225 caller=QUEST2 WRTN  DIST                 area_wfp=74003964 ret_pc=70168732 real_wsp=70001FD0 (was 74003950) shadow_wsp=70001FD0 master_wfp=70001FE4 depth=0
redirect seq=003227 caller=QUEST2 WSAVS DIST                 pc=70168717 area_wfp=74003964 argc=4 frame=0 real_wsp=70001FDA shadow_wsp=70001FE4 master_wfp=70001FE4 ret=70166E20 depth=1
redirect seq=003229 caller=QUEST2 WRTN  DIST                 area_wfp=74003964 ret_pc=70168732 real_wsp=70001FD0 (was 74003950) shadow_wsp=70001FD0 master_wfp=70001FE4 depth=0
redirect seq=003231 caller=QUEST2 WSAVS DIST                 pc=70168717 area_wfp=74003964 argc=4 frame=0 real_wsp=70001FDA shadow_wsp=70001FE4 master_wfp=70001FE4 ret=70166E20 depth=1
redirect seq=003233 caller=QUEST2 WRTN  DIST                 area_wfp=74003964 ret_pc=70168732 real_wsp=70001FD0 (was 74003950) shadow_wsp=70001FD0 master_wfp=70001FE4 depth=0
redirect seq=003236 caller=QUEST2 WSAVS DIST                 pc=70168717 area_wfp=74003964 argc=4 frame=0 real_wsp=70001FDA shadow_wsp=70001FE4 master_wfp=70001FE4 ret=70166E20 depth=1
redirect seq=003238 caller=QUEST2 WRTN  DIST                 area_wfp=74003964 ret_pc=70168732 real_wsp=70001FD0 (was 74003950) shadow_wsp=70001FD0 master_wfp=70001FE4 depth=0
redirect seq=003242 caller=QUEST2 WSAVS DIST                 pc=70168717 area_wfp=74003964 argc=4 frame=0 real_wsp=70001FDA shadow_wsp=70001FE4 master_wfp=70001FE4 ret=70166E20 depth=1
redirect seq=003244 caller=QUEST2 WRTN  DIST                 area_wfp=74003964 ret_pc=70168732 real_wsp=70001FD0 (was 74003950) shadow_wsp=70001FD0 master_wfp=70001FE4 depth=0
redirect seq=003246 caller=QUEST2 WSAVS DIST                 pc=70168717 area_wfp=74003964 argc=4 frame=0 real_wsp=70001FDA shadow_wsp=70001FE4 master_wfp=70001FE4 ret=70166E20 depth=1
redirect seq=003248 caller=QUEST2 WRTN  DIST                 area_wfp=74003964 ret_pc=70168732 real_wsp=70001FD0 (was 74003950) shadow_wsp=70001FD0 master_wfp=70001FE4 depth=0
redirect seq=003258 caller=QUEST2 WSAVS TERRITORY            pc=7017CD71 area_wfp=74009958 argc=6 frame=22 real_wsp=70001FDE shadow_wsp=70002014 master_wfp=70001FE8 ret=701670F2 depth=1
redirect seq=003284 caller=QUEST2 WRTN  TERRITORY            area_wfp=74009958 ret_pc=7017CFAF real_wsp=70001FD0 (was 74009940) shadow_wsp=70001FD0 master_wfp=70001FE8 depth=0
redirect seq=003507 caller=QUEST2 WSAVS TERRAIN              pc=7017C877 area_wfp=740098DE argc=9 frame=15 real_wsp=700010F0 shadow_wsp=70001118 master_wfp=700010FA ret=7015C51C depth=1
redirect seq=003508 caller=QUEST2 WRTN  TERRAIN              area_wfp=740098DE ret_pc=7017CA4B real_wsp=700010DC (was 740098C0) shadow_wsp=700010DC master_wfp=700010FA depth=0
redirect seq=003520 caller=QUEST2 WSAVS GET_INPUT            pc=7016AA35 area_wfp=74003ECE argc=1 frame=41 real_wsp=70001150 shadow_wsp=700011AC master_wfp=7000115A ret=70178270 depth=1
redirect seq=003528 caller=QUEST2 WRTN  GET_INPUT            area_wfp=74003ECE ret_pc=7016AA66 real_wsp=7000114C (was 74003EC0) shadow_wsp=7000114C master_wfp=7000115A depth=0
redirect seq=003545 caller=QUEST2 WSAVS GET_INPUT            pc=7016AA35 area_wfp=74003ECE argc=1 frame=41 real_wsp=70001150 shadow_wsp=700011AC master_wfp=7000115A ret=70178270 depth=1
redirect seq=003553 caller=QUEST2 WRTN  GET_INPUT            area_wfp=74003ECE ret_pc=7016AA66 real_wsp=7000114C (was 74003EC0) shadow_wsp=7000114C master_wfp=7000115A depth=0
redirect seq=003557 caller=QUEST2 WSAVS OWNS                 pc=70175CBF area_wfp=74007120 argc=2 frame=3 real_wsp=70001152 shadow_wsp=70001162 master_wfp=7000115C ret=7017853B depth=1
redirect seq=003558 caller=QUEST2 WRTN  OWNS                 area_wfp=74007120 ret_pc=70175CEB real_wsp=7000114C (was 74007110) shadow_wsp=7000114C master_wfp=7000115C depth=0
redirect seq=003560 caller=QUEST2 WSAVS STORMS_AT_SEA        pc=7017A695 area_wfp=74007ADE argc=1 frame=23 real_wsp=70001150 shadow_wsp=70001188 master_wfp=7000115A ret=7017880C depth=1
redirect seq=003563 caller=QUEST2 WRTN  STORMS_AT_SEA        area_wfp=74007ADE ret_pc=7017A7D4 real_wsp=7000114C (was 74007AD0) shadow_wsp=7000114C master_wfp=7000115A depth=0
redirect seq=003565 caller=QUEST2 WSAVS MOVE_FAMILIAR        pc=7016FC67 area_wfp=74005F4E argc=1 frame=97 real_wsp=70001150 shadow_wsp=7000121C master_wfp=7000115A ret=70178813 depth=1
redirect seq=003566 caller=QUEST2 WRTN  MOVE_FAMILIAR        area_wfp=74005F4E ret_pc=70170104 real_wsp=7000114C (was 74005F40) shadow_wsp=7000114C master_wfp=7000115A depth=0
redirect seq=003568 caller=QUEST2 WSAVS SIGNAL_TURN          pc=70177BED area_wfp=740077BC argc=0 frame=13 real_wsp=7000114E shadow_wsp=70001172 master_wfp=70001158 ret=70178841 depth=1
redirect seq=003585 caller=QUEST2 WRTN  SIGNAL_TURN          area_wfp=740077BC ret_pc=70177F31 real_wsp=7000114C (was 740077B0) shadow_wsp=7000114C master_wfp=70001158 depth=0
redirect seq=003595 caller=QUEST2 WSAVS REGEN_SPELLS         pc=70176797 area_wfp=7400730C argc=0 frame=6 real_wsp=7000114E shadow_wsp=70001164 master_wfp=70001158 ret=70178869 depth=1
redirect seq=003597 caller=QUEST2 WRTN  REGEN_SPELLS         area_wfp=7400730C ret_pc=70176A15 real_wsp=7000114C (was 74007300) shadow_wsp=7000114C master_wfp=70001158 depth=0
redirect seq=003603 caller=QUEST2 WSAVS DIST                 pc=70168717 area_wfp=74003964 argc=4 frame=0 real_wsp=700015AA shadow_wsp=700015B4 master_wfp=700015B4 ret=70166B8A depth=1
redirect seq=003605 caller=QUEST2 WRTN  DIST                 area_wfp=74003964 ret_pc=70168732 real_wsp=700015A0 (was 74003950) shadow_wsp=700015A0 master_wfp=700015B4 depth=0
redirect seq=003607 caller=QUEST2 WSAVS DIST                 pc=70168717 area_wfp=74003964 argc=4 frame=0 real_wsp=700015AA shadow_wsp=700015B4 master_wfp=700015B4 ret=70166B8A depth=1
redirect seq=003609 caller=QUEST2 WRTN  DIST                 area_wfp=74003964 ret_pc=70168732 real_wsp=700015A0 (was 74003950) shadow_wsp=700015A0 master_wfp=700015B4 depth=0
redirect seq=003611 caller=QUEST2 WSAVS DIST                 pc=70168717 area_wfp=74003964 argc=4 frame=0 real_wsp=700015AA shadow_wsp=700015B4 master_wfp=700015B4 ret=70166B8A depth=1
redirect seq=003613 caller=QUEST2 WRTN  DIST                 area_wfp=74003964 ret_pc=70168732 real_wsp=700015A0 (was 74003950) shadow_wsp=700015A0 master_wfp=700015B4 depth=0
redirect seq=003618 caller=QUEST2 WSAVS DIST                 pc=70168717 area_wfp=74003964 argc=4 frame=0 real_wsp=700015AA shadow_wsp=700015B4 master_wfp=700015B4 ret=70166E20 depth=1
redirect seq=003620 caller=QUEST2 WRTN  DIST                 area_wfp=74003964 ret_pc=70168732 real_wsp=700015A0 (was 74003950) shadow_wsp=700015A0 master_wfp=700015B4 depth=0
redirect seq=003622 caller=QUEST2 WSAVS DIST                 pc=70168717 area_wfp=74003964 argc=4 frame=0 real_wsp=700015AA shadow_wsp=700015B4 master_wfp=700015B4 ret=70166E20 depth=1
redirect seq=003624 caller=QUEST2 WRTN  DIST                 area_wfp=74003964 ret_pc=70168732 real_wsp=700015A0 (was 74003950) shadow_wsp=700015A0 master_wfp=700015B4 depth=0
redirect seq=003626 caller=QUEST2 WSAVS DIST                 pc=70168717 area_wfp=74003964 argc=4 frame=0 real_wsp=700015AA shadow_wsp=700015B4 master_wfp=700015B4 ret=70166E20 depth=1
redirect seq=003628 caller=QUEST2 WRTN  DIST                 area_wfp=74003964 ret_pc=70168732 real_wsp=700015A0 (was 74003950) shadow_wsp=700015A0 master_wfp=700015B4 depth=0
redirect seq=003633 caller=QUEST2 WSAVS DIST                 pc=70168717 area_wfp=74003964 argc=4 frame=0 real_wsp=700015AA shadow_wsp=700015B4 master_wfp=700015B4 ret=70166E20 depth=1
redirect seq=003635 caller=QUEST2 WRTN  DIST                 area_wfp=74003964 ret_pc=70168732 real_wsp=700015A0 (was 74003950) shadow_wsp=700015A0 master_wfp=700015B4 depth=0
redirect seq=003637 caller=QUEST2 WSAVS DIST                 pc=70168717 area_wfp=74003964 argc=4 frame=0 real_wsp=700015AA shadow_wsp=700015B4 master_wfp=700015B4 ret=70166E20 depth=1
redirect seq=003639 caller=QUEST2 WRTN  DIST                 area_wfp=74003964 ret_pc=70168732 real_wsp=700015A0 (was 74003950) shadow_wsp=700015A0 master_wfp=700015B4 depth=0
redirect seq=003641 caller=QUEST2 WSAVS DIST                 pc=70168717 area_wfp=74003964 argc=4 frame=0 real_wsp=700015AA shadow_wsp=700015B4 master_wfp=700015B4 ret=70166E20 depth=1
redirect seq=003643 caller=QUEST2 WRTN  DIST                 area_wfp=74003964 ret_pc=70168732 real_wsp=700015A0 (was 74003950) shadow_wsp=700015A0 master_wfp=700015B4 depth=0
redirect seq=003647 caller=QUEST2 WSAVS DIST                 pc=70168717 area_wfp=74003964 argc=4 frame=0 real_wsp=700015AA shadow_wsp=700015B4 master_wfp=700015B4 ret=70166E20 depth=1
redirect seq=003649 caller=QUEST2 WRTN  DIST                 area_wfp=74003964 ret_pc=70168732 real_wsp=700015A0 (was 74003950) shadow_wsp=700015A0 master_wfp=700015B4 depth=0
redirect seq=003651 caller=QUEST2 WSAVS DIST                 pc=70168717 area_wfp=74003964 argc=4 frame=0 real_wsp=700015AA shadow_wsp=700015B4 master_wfp=700015B4 ret=70166E20 depth=1
redirect seq=003654 caller=QUEST2 WRTN  DIST                 area_wfp=74003964 ret_pc=70168732 real_wsp=700015A0 (was 74003950) shadow_wsp=700015A0 master_wfp=700015B4 depth=0
redirect seq=003656 caller=QUEST2 WSAVS DIST                 pc=70168717 area_wfp=74003964 argc=4 frame=0 real_wsp=700015AA shadow_wsp=700015B4 master_wfp=700015B4 ret=70166E20 depth=1
redirect seq=003658 caller=QUEST2 WRTN  DIST                 area_wfp=74003964 ret_pc=70168732 real_wsp=700015A0 (was 74003950) shadow_wsp=700015A0 master_wfp=700015B4 depth=0
redirect seq=003663 caller=QUEST2 WSAVS DIST                 pc=70168717 area_wfp=74003964 argc=4 frame=0 real_wsp=700015AA shadow_wsp=700015B4 master_wfp=700015B4 ret=70166E20 depth=1
redirect seq=003665 caller=QUEST2 WRTN  DIST                 area_wfp=74003964 ret_pc=70168732 real_wsp=700015A0 (was 74003950) shadow_wsp=700015A0 master_wfp=700015B4 depth=0
redirect seq=003667 caller=QUEST2 WSAVS DIST                 pc=70168717 area_wfp=74003964 argc=4 frame=0 real_wsp=700015AA shadow_wsp=700015B4 master_wfp=700015B4 ret=70166E20 depth=1
redirect seq=003669 caller=QUEST2 WRTN  DIST                 area_wfp=74003964 ret_pc=70168732 real_wsp=700015A0 (was 74003950) shadow_wsp=700015A0 master_wfp=700015B4 depth=0
redirect seq=003671 caller=QUEST2 WSAVS DIST                 pc=70168717 area_wfp=74003964 argc=4 frame=0 real_wsp=700015AA shadow_wsp=700015B4 master_wfp=700015B4 ret=70166E20 depth=1
redirect seq=003673 caller=QUEST2 WRTN  DIST                 area_wfp=74003964 ret_pc=70168732 real_wsp=700015A0 (was 74003950) shadow_wsp=700015A0 master_wfp=700015B4 depth=0
redirect seq=003678 caller=QUEST2 WSAVS DIST                 pc=70168717 area_wfp=74003964 argc=4 frame=0 real_wsp=700015AA shadow_wsp=700015B4 master_wfp=700015B4 ret=70166E20 depth=1
redirect seq=003680 caller=QUEST2 WRTN  DIST                 area_wfp=74003964 ret_pc=70168732 real_wsp=700015A0 (was 74003950) shadow_wsp=700015A0 master_wfp=700015B4 depth=0
redirect seq=003682 caller=QUEST2 WSAVS DIST                 pc=70168717 area_wfp=74003964 argc=4 frame=0 real_wsp=700015AA shadow_wsp=700015B4 master_wfp=700015B4 ret=70166E20 depth=1
redirect seq=003684 caller=QUEST2 WRTN  DIST                 area_wfp=74003964 ret_pc=70168732 real_wsp=700015A0 (was 74003950) shadow_wsp=700015A0 master_wfp=700015B4 depth=0
redirect seq=003686 caller=QUEST2 WSAVS DIST                 pc=70168717 area_wfp=74003964 argc=4 frame=0 real_wsp=700015AA shadow_wsp=700015B4 master_wfp=700015B4 ret=70166E20 depth=1
redirect seq=003689 caller=QUEST2 WRTN  DIST                 area_wfp=74003964 ret_pc=70168732 real_wsp=700015A0 (was 74003950) shadow_wsp=700015A0 master_wfp=700015B4 depth=0
redirect seq=003691 caller=QUEST2 WSAVS DIST                 pc=70168717 area_wfp=74003964 argc=4 frame=0 real_wsp=700015AA shadow_wsp=700015B4 master_wfp=700015B4 ret=70166E20 depth=1
redirect seq=003693 caller=QUEST2 WRTN  DIST                 area_wfp=74003964 ret_pc=70168732 real_wsp=700015A0 (was 74003950) shadow_wsp=700015A0 master_wfp=700015B4 depth=0
redirect seq=003697 caller=QUEST2 WSAVS DIST                 pc=70168717 area_wfp=74003964 argc=4 frame=0 real_wsp=700015AA shadow_wsp=700015B4 master_wfp=700015B4 ret=70166E20 depth=1
redirect seq=003699 caller=QUEST2 WRTN  DIST                 area_wfp=74003964 ret_pc=70168732 real_wsp=700015A0 (was 74003950) shadow_wsp=700015A0 master_wfp=700015B4 depth=0
redirect seq=003701 caller=QUEST2 WSAVS DIST                 pc=70168717 area_wfp=74003964 argc=4 frame=0 real_wsp=700015AA shadow_wsp=700015B4 master_wfp=700015B4 ret=70166E20 depth=1
redirect seq=003703 caller=QUEST2 WRTN  DIST                 area_wfp=74003964 ret_pc=70168732 real_wsp=700015A0 (was 74003950) shadow_wsp=700015A0 master_wfp=700015B4 depth=0
redirect seq=003708 caller=QUEST2 WSAVS DIST                 pc=70168717 area_wfp=74003964 argc=4 frame=0 real_wsp=700015AA shadow_wsp=700015B4 master_wfp=700015B4 ret=70166E20 depth=1
redirect seq=003710 caller=QUEST2 WRTN  DIST                 area_wfp=74003964 ret_pc=70168732 real_wsp=700015A0 (was 74003950) shadow_wsp=700015A0 master_wfp=700015B4 depth=0
redirect seq=003712 caller=QUEST2 WSAVS DIST                 pc=70168717 area_wfp=74003964 argc=4 frame=0 real_wsp=700015AA shadow_wsp=700015B4 master_wfp=700015B4 ret=70166E20 depth=1
redirect seq=003714 caller=QUEST2 WRTN  DIST                 area_wfp=74003964 ret_pc=70168732 real_wsp=700015A0 (was 74003950) shadow_wsp=700015A0 master_wfp=700015B4 depth=0
redirect seq=003716 caller=QUEST2 WSAVS DIST                 pc=70168717 area_wfp=74003964 argc=4 frame=0 real_wsp=700015AA shadow_wsp=700015B4 master_wfp=700015B4 ret=70166E20 depth=1
redirect seq=003718 caller=QUEST2 WRTN  DIST                 area_wfp=74003964 ret_pc=70168732 real_wsp=700015A0 (was 74003950) shadow_wsp=700015A0 master_wfp=700015B4 depth=0
redirect seq=003722 caller=QUEST2 WSAVS DIST                 pc=70168717 area_wfp=74003964 argc=4 frame=0 real_wsp=700015AA shadow_wsp=700015B4 master_wfp=700015B4 ret=70166E20 depth=1
redirect seq=003724 caller=QUEST2 WRTN  DIST                 area_wfp=74003964 ret_pc=70168732 real_wsp=700015A0 (was 74003950) shadow_wsp=700015A0 master_wfp=700015B4 depth=0
redirect seq=003726 caller=QUEST2 WSAVS DIST                 pc=70168717 area_wfp=74003964 argc=4 frame=0 real_wsp=700015AA shadow_wsp=700015B4 master_wfp=700015B4 ret=70166E20 depth=1
redirect seq=003728 caller=QUEST2 WRTN  DIST                 area_wfp=74003964 ret_pc=70168732 real_wsp=700015A0 (was 74003950) shadow_wsp=700015A0 master_wfp=700015B4 depth=0
redirect seq=003731 caller=QUEST2 WSAVS DIST                 pc=70168717 area_wfp=74003964 argc=4 frame=0 real_wsp=700015AA shadow_wsp=700015B4 master_wfp=700015B4 ret=70166E20 depth=1
redirect seq=003733 caller=QUEST2 WRTN  DIST                 area_wfp=74003964 ret_pc=70168732 real_wsp=700015A0 (was 74003950) shadow_wsp=700015A0 master_wfp=700015B4 depth=0
redirect seq=003738 caller=QUEST2 WSAVS DIST                 pc=70168717 area_wfp=74003964 argc=4 frame=0 real_wsp=700015AA shadow_wsp=700015B4 master_wfp=700015B4 ret=70166E20 depth=1
redirect seq=003740 caller=QUEST2 WRTN  DIST                 area_wfp=74003964 ret_pc=70168732 real_wsp=700015A0 (was 74003950) shadow_wsp=700015A0 master_wfp=700015B4 depth=0
redirect seq=003742 caller=QUEST2 WSAVS DIST                 pc=70168717 area_wfp=74003964 argc=4 frame=0 real_wsp=700015AA shadow_wsp=700015B4 master_wfp=700015B4 ret=70166E20 depth=1
redirect seq=003744 caller=QUEST2 WRTN  DIST                 area_wfp=74003964 ret_pc=70168732 real_wsp=700015A0 (was 74003950) shadow_wsp=700015A0 master_wfp=700015B4 depth=0
redirect seq=003746 caller=QUEST2 WSAVS DIST                 pc=70168717 area_wfp=74003964 argc=4 frame=0 real_wsp=700015AA shadow_wsp=700015B4 master_wfp=700015B4 ret=70166E20 depth=1
redirect seq=003748 caller=QUEST2 WRTN  DIST                 area_wfp=74003964 ret_pc=70168732 real_wsp=700015A0 (was 74003950) shadow_wsp=700015A0 master_wfp=700015B4 depth=0
redirect seq=003753 caller=QUEST2 WSAVS DIST                 pc=70168717 area_wfp=74003964 argc=4 frame=0 real_wsp=700015AA shadow_wsp=700015B4 master_wfp=700015B4 ret=70166E20 depth=1
redirect seq=003755 caller=QUEST2 WRTN  DIST                 area_wfp=74003964 ret_pc=70168732 real_wsp=700015A0 (was 74003950) shadow_wsp=700015A0 master_wfp=700015B4 depth=0
redirect seq=003757 caller=QUEST2 WSAVS DIST                 pc=70168717 area_wfp=74003964 argc=4 frame=0 real_wsp=700015AA shadow_wsp=700015B4 master_wfp=700015B4 ret=70166E20 depth=1
redirect seq=003759 caller=QUEST2 WRTN  DIST                 area_wfp=74003964 ret_pc=70168732 real_wsp=700015A0 (was 74003950) shadow_wsp=700015A0 master_wfp=700015B4 depth=0
redirect seq=003761 caller=QUEST2 WSAVS DIST                 pc=70168717 area_wfp=74003964 argc=4 frame=0 real_wsp=700015AA shadow_wsp=700015B4 master_wfp=700015B4 ret=70166E20 depth=1
redirect seq=003763 caller=QUEST2 WRTN  DIST                 area_wfp=74003964 ret_pc=70168732 real_wsp=700015A0 (was 74003950) shadow_wsp=700015A0 master_wfp=700015B4 depth=0
redirect seq=003767 caller=QUEST2 WSAVS DIST                 pc=70168717 area_wfp=74003964 argc=4 frame=0 real_wsp=700015AA shadow_wsp=700015B4 master_wfp=700015B4 ret=70166E20 depth=1
redirect seq=003769 caller=QUEST2 WRTN  DIST                 area_wfp=74003964 ret_pc=70168732 real_wsp=700015A0 (was 74003950) shadow_wsp=700015A0 master_wfp=700015B4 depth=0
redirect seq=003771 caller=QUEST2 WSAVS DIST                 pc=70168717 area_wfp=74003964 argc=4 frame=0 real_wsp=700015AA shadow_wsp=700015B4 master_wfp=700015B4 ret=70166E20 depth=1
redirect seq=003774 caller=QUEST2 WRTN  DIST                 area_wfp=74003964 ret_pc=70168732 real_wsp=700015A0 (was 74003950) shadow_wsp=700015A0 master_wfp=700015B4 depth=0
redirect seq=003776 caller=QUEST2 WSAVS DIST                 pc=70168717 area_wfp=74003964 argc=4 frame=0 real_wsp=700015AA shadow_wsp=700015B4 master_wfp=700015B4 ret=70166E20 depth=1
redirect seq=003778 caller=QUEST2 WRTN  DIST                 area_wfp=74003964 ret_pc=70168732 real_wsp=700015A0 (was 74003950) shadow_wsp=700015A0 master_wfp=700015B4 depth=0
redirect seq=003783 caller=QUEST2 WSAVS DIST                 pc=70168717 area_wfp=74003964 argc=4 frame=0 real_wsp=700015AA shadow_wsp=700015B4 master_wfp=700015B4 ret=70166E20 depth=1
redirect seq=003785 caller=QUEST2 WRTN  DIST                 area_wfp=74003964 ret_pc=70168732 real_wsp=700015A0 (was 74003950) shadow_wsp=700015A0 master_wfp=700015B4 depth=0
redirect seq=003787 caller=QUEST2 WSAVS DIST                 pc=70168717 area_wfp=74003964 argc=4 frame=0 real_wsp=700015AA shadow_wsp=700015B4 master_wfp=700015B4 ret=70166E20 depth=1
redirect seq=003789 caller=QUEST2 WRTN  DIST                 area_wfp=74003964 ret_pc=70168732 real_wsp=700015A0 (was 74003950) shadow_wsp=700015A0 master_wfp=700015B4 depth=0
redirect seq=003791 caller=QUEST2 WSAVS DIST                 pc=70168717 area_wfp=74003964 argc=4 frame=0 real_wsp=700015AA shadow_wsp=700015B4 master_wfp=700015B4 ret=70166E20 depth=1
redirect seq=003793 caller=QUEST2 WRTN  DIST                 area_wfp=74003964 ret_pc=70168732 real_wsp=700015A0 (was 74003950) shadow_wsp=700015A0 master_wfp=700015B4 depth=0
redirect seq=003797 caller=QUEST2 WSAVS DIST                 pc=70168717 area_wfp=74003964 argc=4 frame=0 real_wsp=700015AA shadow_wsp=700015B4 master_wfp=700015B4 ret=70166E20 depth=1
redirect seq=003799 caller=QUEST2 WRTN  DIST                 area_wfp=74003964 ret_pc=70168732 real_wsp=700015A0 (was 74003950) shadow_wsp=700015A0 master_wfp=700015B4 depth=0
redirect seq=003801 caller=QUEST2 WSAVS DIST                 pc=70168717 area_wfp=74003964 argc=4 frame=0 real_wsp=700015AA shadow_wsp=700015B4 master_wfp=700015B4 ret=70166E20 depth=1
redirect seq=003804 caller=QUEST2 WRTN  DIST                 area_wfp=74003964 ret_pc=70168732 real_wsp=700015A0 (was 74003950) shadow_wsp=700015A0 master_wfp=700015B4 depth=0
redirect seq=003806 caller=QUEST2 WSAVS DIST                 pc=70168717 area_wfp=74003964 argc=4 frame=0 real_wsp=700015AA shadow_wsp=700015B4 master_wfp=700015B4 ret=70166E20 depth=1
redirect seq=003808 caller=QUEST2 WRTN  DIST                 area_wfp=74003964 ret_pc=70168732 real_wsp=700015A0 (was 74003950) shadow_wsp=700015A0 master_wfp=700015B4 depth=0
redirect seq=003813 caller=QUEST2 WSAVS DIST                 pc=70168717 area_wfp=74003964 argc=4 frame=0 real_wsp=700015AA shadow_wsp=700015B4 master_wfp=700015B4 ret=70166E20 depth=1
redirect seq=003815 caller=QUEST2 WRTN  DIST                 area_wfp=74003964 ret_pc=70168732 real_wsp=700015A0 (was 74003950) shadow_wsp=700015A0 master_wfp=700015B4 depth=0
redirect seq=003817 caller=QUEST2 WSAVS DIST                 pc=70168717 area_wfp=74003964 argc=4 frame=0 real_wsp=700015AA shadow_wsp=700015B4 master_wfp=700015B4 ret=70166E20 depth=1
redirect seq=003819 caller=QUEST2 WRTN  DIST                 area_wfp=74003964 ret_pc=70168732 real_wsp=700015A0 (was 74003950) shadow_wsp=700015A0 master_wfp=700015B4 depth=0
redirect seq=003821 caller=QUEST2 WSAVS DIST                 pc=70168717 area_wfp=74003964 argc=4 frame=0 real_wsp=700015AA shadow_wsp=700015B4 master_wfp=700015B4 ret=70166E20 depth=1
redirect seq=003823 caller=QUEST2 WRTN  DIST                 area_wfp=74003964 ret_pc=70168732 real_wsp=700015A0 (was 74003950) shadow_wsp=700015A0 master_wfp=700015B4 depth=0
redirect seq=003828 caller=QUEST2 WSAVS DIST                 pc=70168717 area_wfp=74003964 argc=4 frame=0 real_wsp=700015AA shadow_wsp=700015B4 master_wfp=700015B4 ret=70166E20 depth=1
redirect seq=003830 caller=QUEST2 WRTN  DIST                 area_wfp=74003964 ret_pc=70168732 real_wsp=700015A0 (was 74003950) shadow_wsp=700015A0 master_wfp=700015B4 depth=0
redirect seq=003832 caller=QUEST2 WSAVS DIST                 pc=70168717 area_wfp=74003964 argc=4 frame=0 real_wsp=700015AA shadow_wsp=700015B4 master_wfp=700015B4 ret=70166E20 depth=1
redirect seq=003834 caller=QUEST2 WRTN  DIST                 area_wfp=74003964 ret_pc=70168732 real_wsp=700015A0 (was 74003950) shadow_wsp=700015A0 master_wfp=700015B4 depth=0
redirect seq=003836 caller=QUEST2 WSAVS DIST                 pc=70168717 area_wfp=74003964 argc=4 frame=0 real_wsp=700015AA shadow_wsp=700015B4 master_wfp=700015B4 ret=70166E20 depth=1
redirect seq=003838 caller=QUEST2 WRTN  DIST                 area_wfp=74003964 ret_pc=70168732 real_wsp=700015A0 (was 74003950) shadow_wsp=700015A0 master_wfp=700015B4 depth=0
redirect seq=003841 caller=QUEST2 WSAVS DIST                 pc=70168717 area_wfp=74003964 argc=4 frame=0 real_wsp=700015AA shadow_wsp=700015B4 master_wfp=700015B4 ret=70166E20 depth=1
redirect seq=003843 caller=QUEST2 WRTN  DIST                 area_wfp=74003964 ret_pc=70168732 real_wsp=700015A0 (was 74003950) shadow_wsp=700015A0 master_wfp=700015B4 depth=0
redirect seq=003847 caller=QUEST2 WSAVS DIST                 pc=70168717 area_wfp=74003964 argc=4 frame=0 real_wsp=700015AA shadow_wsp=700015B4 master_wfp=700015B4 ret=70166E20 depth=1
redirect seq=003849 caller=QUEST2 WRTN  DIST                 area_wfp=74003964 ret_pc=70168732 real_wsp=700015A0 (was 74003950) shadow_wsp=700015A0 master_wfp=700015B4 depth=0
redirect seq=003851 caller=QUEST2 WSAVS DIST                 pc=70168717 area_wfp=74003964 argc=4 frame=0 real_wsp=700015AA shadow_wsp=700015B4 master_wfp=700015B4 ret=70166E20 depth=1
redirect seq=003853 caller=QUEST2 WRTN  DIST                 area_wfp=74003964 ret_pc=70168732 real_wsp=700015A0 (was 74003950) shadow_wsp=700015A0 master_wfp=700015B4 depth=0
redirect seq=003858 caller=QUEST2 WSAVS DIST                 pc=70168717 area_wfp=74003964 argc=4 frame=0 real_wsp=700015AA shadow_wsp=700015B4 master_wfp=700015B4 ret=70166E20 depth=1
redirect seq=003860 caller=QUEST2 WRTN  DIST                 area_wfp=74003964 ret_pc=70168732 real_wsp=700015A0 (was 74003950) shadow_wsp=700015A0 master_wfp=700015B4 depth=0
redirect seq=003862 caller=QUEST2 WSAVS DIST                 pc=70168717 area_wfp=74003964 argc=4 frame=0 real_wsp=700015AA shadow_wsp=700015B4 master_wfp=700015B4 ret=70166E20 depth=1
redirect seq=003864 caller=QUEST2 WRTN  DIST                 area_wfp=74003964 ret_pc=70168732 real_wsp=700015A0 (was 74003950) shadow_wsp=700015A0 master_wfp=700015B4 depth=0
redirect seq=003866 caller=QUEST2 WSAVS DIST                 pc=70168717 area_wfp=74003964 argc=4 frame=0 real_wsp=700015AA shadow_wsp=700015B4 master_wfp=700015B4 ret=70166E20 depth=1
redirect seq=003868 caller=QUEST2 WRTN  DIST                 area_wfp=74003964 ret_pc=70168732 real_wsp=700015A0 (was 74003950) shadow_wsp=700015A0 master_wfp=700015B4 depth=0
redirect seq=003872 caller=QUEST2 WSAVS DIST                 pc=70168717 area_wfp=74003964 argc=4 frame=0 real_wsp=700015AA shadow_wsp=700015B4 master_wfp=700015B4 ret=70166E20 depth=1
redirect seq=003874 caller=QUEST2 WRTN  DIST                 area_wfp=74003964 ret_pc=70168732 real_wsp=700015A0 (was 74003950) shadow_wsp=700015A0 master_wfp=700015B4 depth=0
redirect seq=003876 caller=QUEST2 WSAVS DIST                 pc=70168717 area_wfp=74003964 argc=4 frame=0 real_wsp=700015AA shadow_wsp=700015B4 master_wfp=700015B4 ret=70166E20 depth=1
redirect seq=003878 caller=QUEST2 WRTN  DIST                 area_wfp=74003964 ret_pc=70168732 real_wsp=700015A0 (was 74003950) shadow_wsp=700015A0 master_wfp=700015B4 depth=0
redirect seq=003881 caller=QUEST2 WSAVS DIST                 pc=70168717 area_wfp=74003964 argc=4 frame=0 real_wsp=700015AA shadow_wsp=700015B4 master_wfp=700015B4 ret=70166E20 depth=1
redirect seq=003883 caller=QUEST2 WRTN  DIST                 area_wfp=74003964 ret_pc=70168732 real_wsp=700015A0 (was 74003950) shadow_wsp=700015A0 master_wfp=700015B4 depth=0
redirect seq=003888 caller=QUEST2 WSAVS DIST                 pc=70168717 area_wfp=74003964 argc=4 frame=0 real_wsp=700015AA shadow_wsp=700015B4 master_wfp=700015B4 ret=70166E20 depth=1
redirect seq=003890 caller=QUEST2 WRTN  DIST                 area_wfp=74003964 ret_pc=70168732 real_wsp=700015A0 (was 74003950) shadow_wsp=700015A0 master_wfp=700015B4 depth=0
redirect seq=003892 caller=QUEST2 WSAVS DIST                 pc=70168717 area_wfp=74003964 argc=4 frame=0 real_wsp=700015AA shadow_wsp=700015B4 master_wfp=700015B4 ret=70166E20 depth=1
redirect seq=003894 caller=QUEST2 WRTN  DIST                 area_wfp=74003964 ret_pc=70168732 real_wsp=700015A0 (was 74003950) shadow_wsp=700015A0 master_wfp=700015B4 depth=0
redirect seq=003896 caller=QUEST2 WSAVS DIST                 pc=70168717 area_wfp=74003964 argc=4 frame=0 real_wsp=700015AA shadow_wsp=700015B4 master_wfp=700015B4 ret=70166E20 depth=1
redirect seq=003898 caller=QUEST2 WRTN  DIST                 area_wfp=74003964 ret_pc=70168732 real_wsp=700015A0 (was 74003950) shadow_wsp=700015A0 master_wfp=700015B4 depth=0
redirect seq=003903 caller=QUEST2 WSAVS DIST                 pc=70168717 area_wfp=74003964 argc=4 frame=0 real_wsp=700015AA shadow_wsp=700015B4 master_wfp=700015B4 ret=70166E20 depth=1
redirect seq=003905 caller=QUEST2 WRTN  DIST                 area_wfp=74003964 ret_pc=70168732 real_wsp=700015A0 (was 74003950) shadow_wsp=700015A0 master_wfp=700015B4 depth=0
redirect seq=003907 caller=QUEST2 WSAVS DIST                 pc=70168717 area_wfp=74003964 argc=4 frame=0 real_wsp=700015AA shadow_wsp=700015B4 master_wfp=700015B4 ret=70166E20 depth=1
redirect seq=003909 caller=QUEST2 WRTN  DIST                 area_wfp=74003964 ret_pc=70168732 real_wsp=700015A0 (was 74003950) shadow_wsp=700015A0 master_wfp=700015B4 depth=0
redirect seq=003911 caller=QUEST2 WSAVS DIST                 pc=70168717 area_wfp=74003964 argc=4 frame=0 real_wsp=700015AA shadow_wsp=700015B4 master_wfp=700015B4 ret=70166E20 depth=1
redirect seq=003913 caller=QUEST2 WRTN  DIST                 area_wfp=74003964 ret_pc=70168732 real_wsp=700015A0 (was 74003950) shadow_wsp=700015A0 master_wfp=700015B4 depth=0
redirect seq=003917 caller=QUEST2 WSAVS DIST                 pc=70168717 area_wfp=74003964 argc=4 frame=0 real_wsp=700015AA shadow_wsp=700015B4 master_wfp=700015B4 ret=70166E20 depth=1
redirect seq=003919 caller=QUEST2 WRTN  DIST                 area_wfp=74003964 ret_pc=70168732 real_wsp=700015A0 (was 74003950) shadow_wsp=700015A0 master_wfp=700015B4 depth=0
redirect seq=003921 caller=QUEST2 WSAVS DIST                 pc=70168717 area_wfp=74003964 argc=4 frame=0 real_wsp=700015AA shadow_wsp=700015B4 master_wfp=700015B4 ret=70166E20 depth=1
redirect seq=003924 caller=QUEST2 WRTN  DIST                 area_wfp=74003964 ret_pc=70168732 real_wsp=700015A0 (was 74003950) shadow_wsp=700015A0 master_wfp=700015B4 depth=0
redirect seq=003926 caller=QUEST2 WSAVS DIST                 pc=70168717 area_wfp=74003964 argc=4 frame=0 real_wsp=700015AA shadow_wsp=700015B4 master_wfp=700015B4 ret=70166E20 depth=1
redirect seq=003928 caller=QUEST2 WRTN  DIST                 area_wfp=74003964 ret_pc=70168732 real_wsp=700015A0 (was 74003950) shadow_wsp=700015A0 master_wfp=700015B4 depth=0
redirect seq=003933 caller=QUEST2 WSAVS DIST                 pc=70168717 area_wfp=74003964 argc=4 frame=0 real_wsp=700015AA shadow_wsp=700015B4 master_wfp=700015B4 ret=70166E20 depth=1
redirect seq=003935 caller=QUEST2 WRTN  DIST                 area_wfp=74003964 ret_pc=70168732 real_wsp=700015A0 (was 74003950) shadow_wsp=700015A0 master_wfp=700015B4 depth=0
redirect seq=003937 caller=QUEST2 WSAVS DIST                 pc=70168717 area_wfp=74003964 argc=4 frame=0 real_wsp=700015AA shadow_wsp=700015B4 master_wfp=700015B4 ret=70166E20 depth=1
redirect seq=003939 caller=QUEST2 WRTN  DIST                 area_wfp=74003964 ret_pc=70168732 real_wsp=700015A0 (was 74003950) shadow_wsp=700015A0 master_wfp=700015B4 depth=0
redirect seq=003941 caller=QUEST2 WSAVS DIST                 pc=70168717 area_wfp=74003964 argc=4 frame=0 real_wsp=700015AA shadow_wsp=700015B4 master_wfp=700015B4 ret=70166E20 depth=1
redirect seq=003943 caller=QUEST2 WRTN  DIST                 area_wfp=74003964 ret_pc=70168732 real_wsp=700015A0 (was 74003950) shadow_wsp=700015A0 master_wfp=700015B4 depth=0
redirect seq=003947 caller=QUEST2 WSAVS DIST                 pc=70168717 area_wfp=74003964 argc=4 frame=0 real_wsp=700015AA shadow_wsp=700015B4 master_wfp=700015B4 ret=70166E20 depth=1
redirect seq=003949 caller=QUEST2 WRTN  DIST                 area_wfp=74003964 ret_pc=70168732 real_wsp=700015A0 (was 74003950) shadow_wsp=700015A0 master_wfp=700015B4 depth=0
redirect seq=003951 caller=QUEST2 WSAVS DIST                 pc=70168717 area_wfp=74003964 argc=4 frame=0 real_wsp=700015AA shadow_wsp=700015B4 master_wfp=700015B4 ret=70166E20 depth=1
redirect seq=003953 caller=QUEST2 WRTN  DIST                 area_wfp=74003964 ret_pc=70168732 real_wsp=700015A0 (was 74003950) shadow_wsp=700015A0 master_wfp=700015B4 depth=0
redirect seq=003956 caller=QUEST2 WSAVS DIST                 pc=70168717 area_wfp=74003964 argc=4 frame=0 real_wsp=700015AA shadow_wsp=700015B4 master_wfp=700015B4 ret=70166E20 depth=1
redirect seq=003958 caller=QUEST2 WRTN  DIST                 area_wfp=74003964 ret_pc=70168732 real_wsp=700015A0 (was 74003950) shadow_wsp=700015A0 master_wfp=700015B4 depth=0
redirect seq=003963 caller=QUEST2 WSAVS DIST                 pc=70168717 area_wfp=74003964 argc=4 frame=0 real_wsp=700015AA shadow_wsp=700015B4 master_wfp=700015B4 ret=70166E20 depth=1
redirect seq=003965 caller=QUEST2 WRTN  DIST                 area_wfp=74003964 ret_pc=70168732 real_wsp=700015A0 (was 74003950) shadow_wsp=700015A0 master_wfp=700015B4 depth=0
redirect seq=003967 caller=QUEST2 WSAVS DIST                 pc=70168717 area_wfp=74003964 argc=4 frame=0 real_wsp=700015AA shadow_wsp=700015B4 master_wfp=700015B4 ret=70166E20 depth=1
redirect seq=003969 caller=QUEST2 WRTN  DIST                 area_wfp=74003964 ret_pc=70168732 real_wsp=700015A0 (was 74003950) shadow_wsp=700015A0 master_wfp=700015B4 depth=0
redirect seq=003971 caller=QUEST2 WSAVS DIST                 pc=70168717 area_wfp=74003964 argc=4 frame=0 real_wsp=700015AA shadow_wsp=700015B4 master_wfp=700015B4 ret=70166E20 depth=1
redirect seq=003973 caller=QUEST2 WRTN  DIST                 area_wfp=74003964 ret_pc=70168732 real_wsp=700015A0 (was 74003950) shadow_wsp=700015A0 master_wfp=700015B4 depth=0
redirect seq=003978 caller=QUEST2 WSAVS DIST                 pc=70168717 area_wfp=74003964 argc=4 frame=0 real_wsp=700015AA shadow_wsp=700015B4 master_wfp=700015B4 ret=70166E20 depth=1
redirect seq=003980 caller=QUEST2 WRTN  DIST                 area_wfp=74003964 ret_pc=70168732 real_wsp=700015A0 (was 74003950) shadow_wsp=700015A0 master_wfp=700015B4 depth=0
redirect seq=003982 caller=QUEST2 WSAVS DIST                 pc=70168717 area_wfp=74003964 argc=4 frame=0 real_wsp=700015AA shadow_wsp=700015B4 master_wfp=700015B4 ret=70166E20 depth=1
redirect seq=003984 caller=QUEST2 WRTN  DIST                 area_wfp=74003964 ret_pc=70168732 real_wsp=700015A0 (was 74003950) shadow_wsp=700015A0 master_wfp=700015B4 depth=0
redirect seq=003986 caller=QUEST2 WSAVS DIST                 pc=70168717 area_wfp=74003964 argc=4 frame=0 real_wsp=700015AA shadow_wsp=700015B4 master_wfp=700015B4 ret=70166E20 depth=1
redirect seq=003988 caller=QUEST2 WRTN  DIST                 area_wfp=74003964 ret_pc=70168732 real_wsp=700015A0 (was 74003950) shadow_wsp=700015A0 master_wfp=700015B4 depth=0
redirect seq=003991 caller=QUEST2 WSAVS DIST                 pc=70168717 area_wfp=74003964 argc=4 frame=0 real_wsp=700015AA shadow_wsp=700015B4 master_wfp=700015B4 ret=70166E20 depth=1
redirect seq=003993 caller=QUEST2 WRTN  DIST                 area_wfp=74003964 ret_pc=70168732 real_wsp=700015A0 (was 74003950) shadow_wsp=700015A0 master_wfp=700015B4 depth=0
redirect seq=003997 caller=QUEST2 WSAVS DIST                 pc=70168717 area_wfp=74003964 argc=4 frame=0 real_wsp=700015AA shadow_wsp=700015B4 master_wfp=700015B4 ret=70166E20 depth=1
redirect seq=003999 caller=QUEST2 WRTN  DIST                 area_wfp=74003964 ret_pc=70168732 real_wsp=700015A0 (was 74003950) shadow_wsp=700015A0 master_wfp=700015B4 depth=0
redirect seq=004001 caller=QUEST2 WSAVS DIST                 pc=70168717 area_wfp=74003964 argc=4 frame=0 real_wsp=700015AA shadow_wsp=700015B4 master_wfp=700015B4 ret=70166E20 depth=1
redirect seq=004003 caller=QUEST2 WRTN  DIST                 area_wfp=74003964 ret_pc=70168732 real_wsp=700015A0 (was 74003950) shadow_wsp=700015A0 master_wfp=700015B4 depth=0
redirect seq=004008 caller=QUEST2 WSAVS DIST                 pc=70168717 area_wfp=74003964 argc=4 frame=0 real_wsp=700015AA shadow_wsp=700015B4 master_wfp=700015B4 ret=70166E20 depth=1
redirect seq=004010 caller=QUEST2 WRTN  DIST                 area_wfp=74003964 ret_pc=70168732 real_wsp=700015A0 (was 74003950) shadow_wsp=700015A0 master_wfp=700015B4 depth=0
redirect seq=004012 caller=QUEST2 WSAVS DIST                 pc=70168717 area_wfp=74003964 argc=4 frame=0 real_wsp=700015AA shadow_wsp=700015B4 master_wfp=700015B4 ret=70166E20 depth=1
redirect seq=004014 caller=QUEST2 WRTN  DIST                 area_wfp=74003964 ret_pc=70168732 real_wsp=700015A0 (was 74003950) shadow_wsp=700015A0 master_wfp=700015B4 depth=0
redirect seq=004016 caller=QUEST2 WSAVS DIST                 pc=70168717 area_wfp=74003964 argc=4 frame=0 real_wsp=700015AA shadow_wsp=700015B4 master_wfp=700015B4 ret=70166E20 depth=1
redirect seq=004018 caller=QUEST2 WRTN  DIST                 area_wfp=74003964 ret_pc=70168732 real_wsp=700015A0 (was 74003950) shadow_wsp=700015A0 master_wfp=700015B4 depth=0
redirect seq=004023 caller=QUEST2 WSAVS DIST                 pc=70168717 area_wfp=74003964 argc=4 frame=0 real_wsp=700015AA shadow_wsp=700015B4 master_wfp=700015B4 ret=70166E20 depth=1
redirect seq=004025 caller=QUEST2 WRTN  DIST                 area_wfp=74003964 ret_pc=70168732 real_wsp=700015A0 (was 74003950) shadow_wsp=700015A0 master_wfp=700015B4 depth=0
redirect seq=004027 caller=QUEST2 WSAVS DIST                 pc=70168717 area_wfp=74003964 argc=4 frame=0 real_wsp=700015AA shadow_wsp=700015B4 master_wfp=700015B4 ret=70166E20 depth=1
redirect seq=004029 caller=QUEST2 WRTN  DIST                 area_wfp=74003964 ret_pc=70168732 real_wsp=700015A0 (was 74003950) shadow_wsp=700015A0 master_wfp=700015B4 depth=0
redirect seq=004031 caller=QUEST2 WSAVS DIST                 pc=70168717 area_wfp=74003964 argc=4 frame=0 real_wsp=700015AA shadow_wsp=700015B4 master_wfp=700015B4 ret=70166E20 depth=1
redirect seq=004034 caller=QUEST2 WRTN  DIST                 area_wfp=74003964 ret_pc=70168732 real_wsp=700015A0 (was 74003950) shadow_wsp=700015A0 master_wfp=700015B4 depth=0
redirect seq=004036 caller=QUEST2 WSAVS DIST                 pc=70168717 area_wfp=74003964 argc=4 frame=0 real_wsp=700015AA shadow_wsp=700015B4 master_wfp=700015B4 ret=70166E20 depth=1
redirect seq=004040 caller=QUEST2 WRTN  DIST                 area_wfp=74003964 ret_pc=70168732 real_wsp=700015A0 (was 74003950) shadow_wsp=700015A0 master_wfp=700015B4 depth=0
redirect seq=004042 caller=QUEST2 WSAVS DIST                 pc=70168717 area_wfp=74003964 argc=4 frame=0 real_wsp=700015AA shadow_wsp=700015B4 master_wfp=700015B4 ret=70166E20 depth=1
redirect seq=004044 caller=QUEST2 WRTN  DIST                 area_wfp=74003964 ret_pc=70168732 real_wsp=700015A0 (was 74003950) shadow_wsp=700015A0 master_wfp=700015B4 depth=0
redirect seq=004046 caller=QUEST2 WSAVS DIST                 pc=70168717 area_wfp=74003964 argc=4 frame=0 real_wsp=700015AA shadow_wsp=700015B4 master_wfp=700015B4 ret=70166E20 depth=1
redirect seq=004048 caller=QUEST2 WRTN  DIST                 area_wfp=74003964 ret_pc=70168732 real_wsp=700015A0 (was 74003950) shadow_wsp=700015A0 master_wfp=700015B4 depth=0
redirect seq=004053 caller=QUEST2 WSAVS DIST                 pc=70168717 area_wfp=74003964 argc=4 frame=0 real_wsp=700015AA shadow_wsp=700015B4 master_wfp=700015B4 ret=70166E20 depth=1
redirect seq=004055 caller=QUEST2 WRTN  DIST                 area_wfp=74003964 ret_pc=70168732 real_wsp=700015A0 (was 74003950) shadow_wsp=700015A0 master_wfp=700015B4 depth=0
redirect seq=004057 caller=QUEST2 WSAVS DIST                 pc=70168717 area_wfp=74003964 argc=4 frame=0 real_wsp=700015AA shadow_wsp=700015B4 master_wfp=700015B4 ret=70166E20 depth=1
redirect seq=004059 caller=QUEST2 WRTN  DIST                 area_wfp=74003964 ret_pc=70168732 real_wsp=700015A0 (was 74003950) shadow_wsp=700015A0 master_wfp=700015B4 depth=0
redirect seq=004061 caller=QUEST2 WSAVS DIST                 pc=70168717 area_wfp=74003964 argc=4 frame=0 real_wsp=700015AA shadow_wsp=700015B4 master_wfp=700015B4 ret=70166E20 depth=1
redirect seq=004063 caller=QUEST2 WRTN  DIST                 area_wfp=74003964 ret_pc=70168732 real_wsp=700015A0 (was 74003950) shadow_wsp=700015A0 master_wfp=700015B4 depth=0
redirect seq=004067 caller=QUEST2 WSAVS DIST                 pc=70168717 area_wfp=74003964 argc=4 frame=0 real_wsp=700015AA shadow_wsp=700015B4 master_wfp=700015B4 ret=70166E20 depth=1
redirect seq=004069 caller=QUEST2 WRTN  DIST                 area_wfp=74003964 ret_pc=70168732 real_wsp=700015A0 (was 74003950) shadow_wsp=700015A0 master_wfp=700015B4 depth=0
redirect seq=004071 caller=QUEST2 WSAVS DIST                 pc=70168717 area_wfp=74003964 argc=4 frame=0 real_wsp=700015AA shadow_wsp=700015B4 master_wfp=700015B4 ret=70166E20 depth=1
redirect seq=004074 caller=QUEST2 WRTN  DIST                 area_wfp=74003964 ret_pc=70168732 real_wsp=700015A0 (was 74003950) shadow_wsp=700015A0 master_wfp=700015B4 depth=0
redirect seq=004076 caller=QUEST2 WSAVS DIST                 pc=70168717 area_wfp=74003964 argc=4 frame=0 real_wsp=700015AA shadow_wsp=700015B4 master_wfp=700015B4 ret=70166E20 depth=1
redirect seq=004078 caller=QUEST2 WRTN  DIST                 area_wfp=74003964 ret_pc=70168732 real_wsp=700015A0 (was 74003950) shadow_wsp=700015A0 master_wfp=700015B4 depth=0
redirect seq=004083 caller=QUEST2 WSAVS DIST                 pc=70168717 area_wfp=74003964 argc=4 frame=0 real_wsp=700015AA shadow_wsp=700015B4 master_wfp=700015B4 ret=70166E20 depth=1
redirect seq=004085 caller=QUEST2 WRTN  DIST                 area_wfp=74003964 ret_pc=70168732 real_wsp=700015A0 (was 74003950) shadow_wsp=700015A0 master_wfp=700015B4 depth=0
redirect seq=004087 caller=QUEST2 WSAVS DIST                 pc=70168717 area_wfp=74003964 argc=4 frame=0 real_wsp=700015AA shadow_wsp=700015B4 master_wfp=700015B4 ret=70166E20 depth=1
redirect seq=004089 caller=QUEST2 WRTN  DIST                 area_wfp=74003964 ret_pc=70168732 real_wsp=700015A0 (was 74003950) shadow_wsp=700015A0 master_wfp=700015B4 depth=0
redirect seq=004091 caller=QUEST2 WSAVS DIST                 pc=70168717 area_wfp=74003964 argc=4 frame=0 real_wsp=700015AA shadow_wsp=700015B4 master_wfp=700015B4 ret=70166E20 depth=1
redirect seq=004093 caller=QUEST2 WRTN  DIST                 area_wfp=74003964 ret_pc=70168732 real_wsp=700015A0 (was 74003950) shadow_wsp=700015A0 master_wfp=700015B4 depth=0
redirect seq=004098 caller=QUEST2 WSAVS DIST                 pc=70168717 area_wfp=74003964 argc=4 frame=0 real_wsp=700015AA shadow_wsp=700015B4 master_wfp=700015B4 ret=70166E20 depth=1
redirect seq=004100 caller=QUEST2 WRTN  DIST                 area_wfp=74003964 ret_pc=70168732 real_wsp=700015A0 (was 74003950) shadow_wsp=700015A0 master_wfp=700015B4 depth=0
redirect seq=004102 caller=QUEST2 WSAVS DIST                 pc=70168717 area_wfp=74003964 argc=4 frame=0 real_wsp=700015AA shadow_wsp=700015B4 master_wfp=700015B4 ret=70166E20 depth=1
redirect seq=004104 caller=QUEST2 WRTN  DIST                 area_wfp=74003964 ret_pc=70168732 real_wsp=700015A0 (was 74003950) shadow_wsp=700015A0 master_wfp=700015B4 depth=0
redirect seq=004106 caller=QUEST2 WSAVS DIST                 pc=70168717 area_wfp=74003964 argc=4 frame=0 real_wsp=700015AA shadow_wsp=700015B4 master_wfp=700015B4 ret=70166E20 depth=1
redirect seq=004108 caller=QUEST2 WRTN  DIST                 area_wfp=74003964 ret_pc=70168732 real_wsp=700015A0 (was 74003950) shadow_wsp=700015A0 master_wfp=700015B4 depth=0
redirect seq=004113 caller=QUEST2 WSAVS DIST                 pc=70168717 area_wfp=74003964 argc=4 frame=0 real_wsp=700015AA shadow_wsp=700015B4 master_wfp=700015B4 ret=70166E20 depth=1
redirect seq=004115 caller=QUEST2 WRTN  DIST                 area_wfp=74003964 ret_pc=70168732 real_wsp=700015A0 (was 74003950) shadow_wsp=700015A0 master_wfp=700015B4 depth=0
redirect seq=004117 caller=QUEST2 WSAVS DIST                 pc=70168717 area_wfp=74003964 argc=4 frame=0 real_wsp=700015AA shadow_wsp=700015B4 master_wfp=700015B4 ret=70166E20 depth=1
redirect seq=004119 caller=QUEST2 WRTN  DIST                 area_wfp=74003964 ret_pc=70168732 real_wsp=700015A0 (was 74003950) shadow_wsp=700015A0 master_wfp=700015B4 depth=0
redirect seq=004121 caller=QUEST2 WSAVS DIST                 pc=70168717 area_wfp=74003964 argc=4 frame=0 real_wsp=700015AA shadow_wsp=700015B4 master_wfp=700015B4 ret=70166E20 depth=1
redirect seq=004123 caller=QUEST2 WRTN  DIST                 area_wfp=74003964 ret_pc=70168732 real_wsp=700015A0 (was 74003950) shadow_wsp=700015A0 master_wfp=700015B4 depth=0
redirect seq=004127 caller=QUEST2 WSAVS DIST                 pc=70168717 area_wfp=74003964 argc=4 frame=0 real_wsp=700015AA shadow_wsp=700015B4 master_wfp=700015B4 ret=70166E20 depth=1
redirect seq=004129 caller=QUEST2 WRTN  DIST                 area_wfp=74003964 ret_pc=70168732 real_wsp=700015A0 (was 74003950) shadow_wsp=700015A0 master_wfp=700015B4 depth=0
redirect seq=004131 caller=QUEST2 WSAVS DIST                 pc=70168717 area_wfp=74003964 argc=4 frame=0 real_wsp=700015AA shadow_wsp=700015B4 master_wfp=700015B4 ret=70166E20 depth=1
redirect seq=004133 caller=QUEST2 WRTN  DIST                 area_wfp=74003964 ret_pc=70168732 real_wsp=700015A0 (was 74003950) shadow_wsp=700015A0 master_wfp=700015B4 depth=0
redirect seq=004136 caller=QUEST2 WSAVS DIST                 pc=70168717 area_wfp=74003964 argc=4 frame=0 real_wsp=700015AA shadow_wsp=700015B4 master_wfp=700015B4 ret=70166E20 depth=1
redirect seq=004138 caller=QUEST2 WRTN  DIST                 area_wfp=74003964 ret_pc=70168732 real_wsp=700015A0 (was 74003950) shadow_wsp=700015A0 master_wfp=700015B4 depth=0
redirect seq=004143 caller=QUEST2 WSAVS DIST                 pc=70168717 area_wfp=74003964 argc=4 frame=0 real_wsp=700015AA shadow_wsp=700015B4 master_wfp=700015B4 ret=70166E20 depth=1
redirect seq=004145 caller=QUEST2 WRTN  DIST                 area_wfp=74003964 ret_pc=70168732 real_wsp=700015A0 (was 74003950) shadow_wsp=700015A0 master_wfp=700015B4 depth=0
redirect seq=004147 caller=QUEST2 WSAVS DIST                 pc=70168717 area_wfp=74003964 argc=4 frame=0 real_wsp=700015AA shadow_wsp=700015B4 master_wfp=700015B4 ret=70166E20 depth=1
redirect seq=004149 caller=QUEST2 WRTN  DIST                 area_wfp=74003964 ret_pc=70168732 real_wsp=700015A0 (was 74003950) shadow_wsp=700015A0 master_wfp=700015B4 depth=0
redirect seq=004151 caller=QUEST2 WSAVS DIST                 pc=70168717 area_wfp=74003964 argc=4 frame=0 real_wsp=700015AA shadow_wsp=700015B4 master_wfp=700015B4 ret=70166E20 depth=1
redirect seq=004153 caller=QUEST2 WRTN  DIST                 area_wfp=74003964 ret_pc=70168732 real_wsp=700015A0 (was 74003950) shadow_wsp=700015A0 master_wfp=700015B4 depth=0
redirect seq=004158 caller=QUEST2 WSAVS DIST                 pc=70168717 area_wfp=74003964 argc=4 frame=0 real_wsp=700015AA shadow_wsp=700015B4 master_wfp=700015B4 ret=70166E20 depth=1
redirect seq=004160 caller=QUEST2 WRTN  DIST                 area_wfp=74003964 ret_pc=70168732 real_wsp=700015A0 (was 74003950) shadow_wsp=700015A0 master_wfp=700015B4 depth=0
redirect seq=004162 caller=QUEST2 WSAVS DIST                 pc=70168717 area_wfp=74003964 argc=4 frame=0 real_wsp=700015AA shadow_wsp=700015B4 master_wfp=700015B4 ret=70166E20 depth=1
redirect seq=004164 caller=QUEST2 WRTN  DIST                 area_wfp=74003964 ret_pc=70168732 real_wsp=700015A0 (was 74003950) shadow_wsp=700015A0 master_wfp=700015B4 depth=0
redirect seq=004166 caller=QUEST2 WSAVS DIST                 pc=70168717 area_wfp=74003964 argc=4 frame=0 real_wsp=700015AA shadow_wsp=700015B4 master_wfp=700015B4 ret=70166E20 depth=1
redirect seq=004169 caller=QUEST2 WRTN  DIST                 area_wfp=74003964 ret_pc=70168732 real_wsp=700015A0 (was 74003950) shadow_wsp=700015A0 master_wfp=700015B4 depth=0
redirect seq=004171 caller=QUEST2 WSAVS DIST                 pc=70168717 area_wfp=74003964 argc=4 frame=0 real_wsp=700015AA shadow_wsp=700015B4 master_wfp=700015B4 ret=70166E20 depth=1
redirect seq=004175 caller=QUEST2 WRTN  DIST                 area_wfp=74003964 ret_pc=70168732 real_wsp=700015A0 (was 74003950) shadow_wsp=700015A0 master_wfp=700015B4 depth=0
redirect seq=004177 caller=QUEST2 WSAVS DIST                 pc=70168717 area_wfp=74003964 argc=4 frame=0 real_wsp=700015AA shadow_wsp=700015B4 master_wfp=700015B4 ret=70166E20 depth=1
redirect seq=004179 caller=QUEST2 WRTN  DIST                 area_wfp=74003964 ret_pc=70168732 real_wsp=700015A0 (was 74003950) shadow_wsp=700015A0 master_wfp=700015B4 depth=0
redirect seq=004181 caller=QUEST2 WSAVS DIST                 pc=70168717 area_wfp=74003964 argc=4 frame=0 real_wsp=700015AA shadow_wsp=700015B4 master_wfp=700015B4 ret=70166E20 depth=1
redirect seq=004183 caller=QUEST2 WRTN  DIST                 area_wfp=74003964 ret_pc=70168732 real_wsp=700015A0 (was 74003950) shadow_wsp=700015A0 master_wfp=700015B4 depth=0
redirect seq=004188 caller=QUEST2 WSAVS DIST                 pc=70168717 area_wfp=74003964 argc=4 frame=0 real_wsp=700015AA shadow_wsp=700015B4 master_wfp=700015B4 ret=70166E20 depth=1
redirect seq=004190 caller=QUEST2 WRTN  DIST                 area_wfp=74003964 ret_pc=70168732 real_wsp=700015A0 (was 74003950) shadow_wsp=700015A0 master_wfp=700015B4 depth=0
redirect seq=004192 caller=QUEST2 WSAVS DIST                 pc=70168717 area_wfp=74003964 argc=4 frame=0 real_wsp=700015AA shadow_wsp=700015B4 master_wfp=700015B4 ret=70166E20 depth=1
redirect seq=004194 caller=QUEST2 WRTN  DIST                 area_wfp=74003964 ret_pc=70168732 real_wsp=700015A0 (was 74003950) shadow_wsp=700015A0 master_wfp=700015B4 depth=0
redirect seq=004196 caller=QUEST2 WSAVS DIST                 pc=70168717 area_wfp=74003964 argc=4 frame=0 real_wsp=700015AA shadow_wsp=700015B4 master_wfp=700015B4 ret=70166E20 depth=1
redirect seq=004198 caller=QUEST2 WRTN  DIST                 area_wfp=74003964 ret_pc=70168732 real_wsp=700015A0 (was 74003950) shadow_wsp=700015A0 master_wfp=700015B4 depth=0
redirect seq=004202 caller=QUEST2 WSAVS DIST                 pc=70168717 area_wfp=74003964 argc=4 frame=0 real_wsp=700015AA shadow_wsp=700015B4 master_wfp=700015B4 ret=70166E20 depth=1
redirect seq=004204 caller=QUEST2 WRTN  DIST                 area_wfp=74003964 ret_pc=70168732 real_wsp=700015A0 (was 74003950) shadow_wsp=700015A0 master_wfp=700015B4 depth=0
redirect seq=004206 caller=QUEST2 WSAVS DIST                 pc=70168717 area_wfp=74003964 argc=4 frame=0 real_wsp=700015AA shadow_wsp=700015B4 master_wfp=700015B4 ret=70166E20 depth=1
redirect seq=004208 caller=QUEST2 WRTN  DIST                 area_wfp=74003964 ret_pc=70168732 real_wsp=700015A0 (was 74003950) shadow_wsp=700015A0 master_wfp=700015B4 depth=0
redirect seq=004211 caller=QUEST2 WSAVS DIST                 pc=70168717 area_wfp=74003964 argc=4 frame=0 real_wsp=700015AA shadow_wsp=700015B4 master_wfp=700015B4 ret=70166E20 depth=1
redirect seq=004213 caller=QUEST2 WRTN  DIST                 area_wfp=74003964 ret_pc=70168732 real_wsp=700015A0 (was 74003950) shadow_wsp=700015A0 master_wfp=700015B4 depth=0
redirect seq=004218 caller=QUEST2 WSAVS DIST                 pc=70168717 area_wfp=74003964 argc=4 frame=0 real_wsp=700015AA shadow_wsp=700015B4 master_wfp=700015B4 ret=70166E20 depth=1
redirect seq=004220 caller=QUEST2 WRTN  DIST                 area_wfp=74003964 ret_pc=70168732 real_wsp=700015A0 (was 74003950) shadow_wsp=700015A0 master_wfp=700015B4 depth=0
redirect seq=004222 caller=QUEST2 WSAVS DIST                 pc=70168717 area_wfp=74003964 argc=4 frame=0 real_wsp=700015AA shadow_wsp=700015B4 master_wfp=700015B4 ret=70166E20 depth=1
redirect seq=004224 caller=QUEST2 WRTN  DIST                 area_wfp=74003964 ret_pc=70168732 real_wsp=700015A0 (was 74003950) shadow_wsp=700015A0 master_wfp=700015B4 depth=0
redirect seq=004226 caller=QUEST2 WSAVS DIST                 pc=70168717 area_wfp=74003964 argc=4 frame=0 real_wsp=700015AA shadow_wsp=700015B4 master_wfp=700015B4 ret=70166E20 depth=1
redirect seq=004228 caller=QUEST2 WRTN  DIST                 area_wfp=74003964 ret_pc=70168732 real_wsp=700015A0 (was 74003950) shadow_wsp=700015A0 master_wfp=700015B4 depth=0
redirect seq=004233 caller=QUEST2 WSAVS DIST                 pc=70168717 area_wfp=74003964 argc=4 frame=0 real_wsp=700015AA shadow_wsp=700015B4 master_wfp=700015B4 ret=70166E20 depth=1
redirect seq=004235 caller=QUEST2 WRTN  DIST                 area_wfp=74003964 ret_pc=70168732 real_wsp=700015A0 (was 74003950) shadow_wsp=700015A0 master_wfp=700015B4 depth=0
redirect seq=004237 caller=QUEST2 WSAVS DIST                 pc=70168717 area_wfp=74003964 argc=4 frame=0 real_wsp=700015AA shadow_wsp=700015B4 master_wfp=700015B4 ret=70166E20 depth=1
redirect seq=004239 caller=QUEST2 WRTN  DIST                 area_wfp=74003964 ret_pc=70168732 real_wsp=700015A0 (was 74003950) shadow_wsp=700015A0 master_wfp=700015B4 depth=0
redirect seq=004241 caller=QUEST2 WSAVS DIST                 pc=70168717 area_wfp=74003964 argc=4 frame=0 real_wsp=700015AA shadow_wsp=700015B4 master_wfp=700015B4 ret=70166E20 depth=1
redirect seq=004243 caller=QUEST2 WRTN  DIST                 area_wfp=74003964 ret_pc=70168732 real_wsp=700015A0 (was 74003950) shadow_wsp=700015A0 master_wfp=700015B4 depth=0
redirect seq=004246 caller=QUEST2 WSAVS DIST                 pc=70168717 area_wfp=74003964 argc=4 frame=0 real_wsp=700015AA shadow_wsp=700015B4 master_wfp=700015B4 ret=70166E20 depth=1
redirect seq=004248 caller=QUEST2 WRTN  DIST                 area_wfp=74003964 ret_pc=70168732 real_wsp=700015A0 (was 74003950) shadow_wsp=700015A0 master_wfp=700015B4 depth=0
redirect seq=004252 caller=QUEST2 WSAVS DIST                 pc=70168717 area_wfp=74003964 argc=4 frame=0 real_wsp=700015AA shadow_wsp=700015B4 master_wfp=700015B4 ret=70166E20 depth=1
redirect seq=004254 caller=QUEST2 WRTN  DIST                 area_wfp=74003964 ret_pc=70168732 real_wsp=700015A0 (was 74003950) shadow_wsp=700015A0 master_wfp=700015B4 depth=0
redirect seq=004256 caller=QUEST2 WSAVS DIST                 pc=70168717 area_wfp=74003964 argc=4 frame=0 real_wsp=700015AA shadow_wsp=700015B4 master_wfp=700015B4 ret=70166E20 depth=1
redirect seq=004258 caller=QUEST2 WRTN  DIST                 area_wfp=74003964 ret_pc=70168732 real_wsp=700015A0 (was 74003950) shadow_wsp=700015A0 master_wfp=700015B4 depth=0
redirect seq=004263 caller=QUEST2 WSAVS DIST                 pc=70168717 area_wfp=74003964 argc=4 frame=0 real_wsp=700015AA shadow_wsp=700015B4 master_wfp=700015B4 ret=70166E20 depth=1
redirect seq=004265 caller=QUEST2 WRTN  DIST                 area_wfp=74003964 ret_pc=70168732 real_wsp=700015A0 (was 74003950) shadow_wsp=700015A0 master_wfp=700015B4 depth=0
redirect seq=004267 caller=QUEST2 WSAVS DIST                 pc=70168717 area_wfp=74003964 argc=4 frame=0 real_wsp=700015AA shadow_wsp=700015B4 master_wfp=700015B4 ret=70166E20 depth=1
redirect seq=004269 caller=QUEST2 WRTN  DIST                 area_wfp=74003964 ret_pc=70168732 real_wsp=700015A0 (was 74003950) shadow_wsp=700015A0 master_wfp=700015B4 depth=0
redirect seq=004271 caller=QUEST2 WSAVS DIST                 pc=70168717 area_wfp=74003964 argc=4 frame=0 real_wsp=700015AA shadow_wsp=700015B4 master_wfp=700015B4 ret=70166E20 depth=1
redirect seq=004273 caller=QUEST2 WRTN  DIST                 area_wfp=74003964 ret_pc=70168732 real_wsp=700015A0 (was 74003950) shadow_wsp=700015A0 master_wfp=700015B4 depth=0
redirect seq=004277 caller=QUEST2 WSAVS DIST                 pc=70168717 area_wfp=74003964 argc=4 frame=0 real_wsp=700015AA shadow_wsp=700015B4 master_wfp=700015B4 ret=70166E20 depth=1
redirect seq=004279 caller=QUEST2 WRTN  DIST                 area_wfp=74003964 ret_pc=70168732 real_wsp=700015A0 (was 74003950) shadow_wsp=700015A0 master_wfp=700015B4 depth=0
redirect seq=004281 caller=QUEST2 WSAVS DIST                 pc=70168717 area_wfp=74003964 argc=4 frame=0 real_wsp=700015AA shadow_wsp=700015B4 master_wfp=700015B4 ret=70166E20 depth=1
redirect seq=004284 caller=QUEST2 WRTN  DIST                 area_wfp=74003964 ret_pc=70168732 real_wsp=700015A0 (was 74003950) shadow_wsp=700015A0 master_wfp=700015B4 depth=0
redirect seq=004286 caller=QUEST2 WSAVS DIST                 pc=70168717 area_wfp=74003964 argc=4 frame=0 real_wsp=700015AA shadow_wsp=700015B4 master_wfp=700015B4 ret=70166E20 depth=1
redirect seq=004288 caller=QUEST2 WRTN  DIST                 area_wfp=74003964 ret_pc=70168732 real_wsp=700015A0 (was 74003950) shadow_wsp=700015A0 master_wfp=700015B4 depth=0
redirect seq=004293 caller=QUEST2 WSAVS DIST                 pc=70168717 area_wfp=74003964 argc=4 frame=0 real_wsp=700015AA shadow_wsp=700015B4 master_wfp=700015B4 ret=70166E20 depth=1
redirect seq=004295 caller=QUEST2 WRTN  DIST                 area_wfp=74003964 ret_pc=70168732 real_wsp=700015A0 (was 74003950) shadow_wsp=700015A0 master_wfp=700015B4 depth=0
redirect seq=004297 caller=QUEST2 WSAVS DIST                 pc=70168717 area_wfp=74003964 argc=4 frame=0 real_wsp=700015AA shadow_wsp=700015B4 master_wfp=700015B4 ret=70166E20 depth=1
redirect seq=004299 caller=QUEST2 WRTN  DIST                 area_wfp=74003964 ret_pc=70168732 real_wsp=700015A0 (was 74003950) shadow_wsp=700015A0 master_wfp=700015B4 depth=0
redirect seq=004301 caller=QUEST2 WSAVS DIST                 pc=70168717 area_wfp=74003964 argc=4 frame=0 real_wsp=700015AA shadow_wsp=700015B4 master_wfp=700015B4 ret=70166E20 depth=1
redirect seq=004303 caller=QUEST2 WRTN  DIST                 area_wfp=74003964 ret_pc=70168732 real_wsp=700015A0 (was 74003950) shadow_wsp=700015A0 master_wfp=700015B4 depth=0
redirect seq=004306 caller=QUEST2 WSAVS DIST                 pc=70168717 area_wfp=74003964 argc=4 frame=0 real_wsp=700015AA shadow_wsp=700015B4 master_wfp=700015B4 ret=70166E20 depth=1
redirect seq=004310 caller=QUEST2 WRTN  DIST                 area_wfp=74003964 ret_pc=70168732 real_wsp=700015A0 (was 74003950) shadow_wsp=700015A0 master_wfp=700015B4 depth=0
redirect seq=004312 caller=QUEST2 WSAVS DIST                 pc=70168717 area_wfp=74003964 argc=4 frame=0 real_wsp=700015AA shadow_wsp=700015B4 master_wfp=700015B4 ret=70166E20 depth=1
redirect seq=004314 caller=QUEST2 WRTN  DIST                 area_wfp=74003964 ret_pc=70168732 real_wsp=700015A0 (was 74003950) shadow_wsp=700015A0 master_wfp=700015B4 depth=0
redirect seq=004316 caller=QUEST2 WSAVS DIST                 pc=70168717 area_wfp=74003964 argc=4 frame=0 real_wsp=700015AA shadow_wsp=700015B4 master_wfp=700015B4 ret=70166E20 depth=1
redirect seq=004318 caller=QUEST2 WRTN  DIST                 area_wfp=74003964 ret_pc=70168732 real_wsp=700015A0 (was 74003950) shadow_wsp=700015A0 master_wfp=700015B4 depth=0
redirect seq=004323 caller=QUEST2 WSAVS DIST                 pc=70168717 area_wfp=74003964 argc=4 frame=0 real_wsp=700015AA shadow_wsp=700015B4 master_wfp=700015B4 ret=70166E20 depth=1
redirect seq=004325 caller=QUEST2 WRTN  DIST                 area_wfp=74003964 ret_pc=70168732 real_wsp=700015A0 (was 74003950) shadow_wsp=700015A0 master_wfp=700015B4 depth=0
redirect seq=004327 caller=QUEST2 WSAVS DIST                 pc=70168717 area_wfp=74003964 argc=4 frame=0 real_wsp=700015AA shadow_wsp=700015B4 master_wfp=700015B4 ret=70166E20 depth=1
redirect seq=004329 caller=QUEST2 WRTN  DIST                 area_wfp=74003964 ret_pc=70168732 real_wsp=700015A0 (was 74003950) shadow_wsp=700015A0 master_wfp=700015B4 depth=0
redirect seq=004331 caller=QUEST2 WSAVS DIST                 pc=70168717 area_wfp=74003964 argc=4 frame=0 real_wsp=700015AA shadow_wsp=700015B4 master_wfp=700015B4 ret=70166E20 depth=1
redirect seq=004333 caller=QUEST2 WRTN  DIST                 area_wfp=74003964 ret_pc=70168732 real_wsp=700015A0 (was 74003950) shadow_wsp=700015A0 master_wfp=700015B4 depth=0
redirect seq=004337 caller=QUEST2 WSAVS DIST                 pc=70168717 area_wfp=74003964 argc=4 frame=0 real_wsp=700015AA shadow_wsp=700015B4 master_wfp=700015B4 ret=70166E20 depth=1
redirect seq=004339 caller=QUEST2 WRTN  DIST                 area_wfp=74003964 ret_pc=70168732 real_wsp=700015A0 (was 74003950) shadow_wsp=700015A0 master_wfp=700015B4 depth=0
redirect seq=004341 caller=QUEST2 WSAVS DIST                 pc=70168717 area_wfp=74003964 argc=4 frame=0 real_wsp=700015AA shadow_wsp=700015B4 master_wfp=700015B4 ret=70166E20 depth=1
redirect seq=004343 caller=QUEST2 WRTN  DIST                 area_wfp=74003964 ret_pc=70168732 real_wsp=700015A0 (was 74003950) shadow_wsp=700015A0 master_wfp=700015B4 depth=0
redirect seq=004346 caller=QUEST2 WSAVS DIST                 pc=70168717 area_wfp=74003964 argc=4 frame=0 real_wsp=700015AA shadow_wsp=700015B4 master_wfp=700015B4 ret=70166E20 depth=1
redirect seq=004348 caller=QUEST2 WRTN  DIST                 area_wfp=74003964 ret_pc=70168732 real_wsp=700015A0 (was 74003950) shadow_wsp=700015A0 master_wfp=700015B4 depth=0
redirect seq=004353 caller=QUEST2 WSAVS DIST                 pc=70168717 area_wfp=74003964 argc=4 frame=0 real_wsp=700015AA shadow_wsp=700015B4 master_wfp=700015B4 ret=70166E20 depth=1
redirect seq=004355 caller=QUEST2 WRTN  DIST                 area_wfp=74003964 ret_pc=70168732 real_wsp=700015A0 (was 74003950) shadow_wsp=700015A0 master_wfp=700015B4 depth=0
redirect seq=004357 caller=QUEST2 WSAVS DIST                 pc=70168717 area_wfp=74003964 argc=4 frame=0 real_wsp=700015AA shadow_wsp=700015B4 master_wfp=700015B4 ret=70166E20 depth=1
redirect seq=004359 caller=QUEST2 WRTN  DIST                 area_wfp=74003964 ret_pc=70168732 real_wsp=700015A0 (was 74003950) shadow_wsp=700015A0 master_wfp=700015B4 depth=0
redirect seq=004361 caller=QUEST2 WSAVS DIST                 pc=70168717 area_wfp=74003964 argc=4 frame=0 real_wsp=700015AA shadow_wsp=700015B4 master_wfp=700015B4 ret=70166E20 depth=1
redirect seq=004363 caller=QUEST2 WRTN  DIST                 area_wfp=74003964 ret_pc=70168732 real_wsp=700015A0 (was 74003950) shadow_wsp=700015A0 master_wfp=700015B4 depth=0
redirect seq=004368 caller=QUEST2 WSAVS DIST                 pc=70168717 area_wfp=74003964 argc=4 frame=0 real_wsp=700015AA shadow_wsp=700015B4 master_wfp=700015B4 ret=70166E20 depth=1
redirect seq=004370 caller=QUEST2 WRTN  DIST                 area_wfp=74003964 ret_pc=70168732 real_wsp=700015A0 (was 74003950) shadow_wsp=700015A0 master_wfp=700015B4 depth=0
redirect seq=004372 caller=QUEST2 WSAVS DIST                 pc=70168717 area_wfp=74003964 argc=4 frame=0 real_wsp=700015AA shadow_wsp=700015B4 master_wfp=700015B4 ret=70166E20 depth=1
redirect seq=004374 caller=QUEST2 WRTN  DIST                 area_wfp=74003964 ret_pc=70168732 real_wsp=700015A0 (was 74003950) shadow_wsp=700015A0 master_wfp=700015B4 depth=0
redirect seq=004376 caller=QUEST2 WSAVS DIST                 pc=70168717 area_wfp=74003964 argc=4 frame=0 real_wsp=700015AA shadow_wsp=700015B4 master_wfp=700015B4 ret=70166E20 depth=1
redirect seq=004379 caller=QUEST2 WRTN  DIST                 area_wfp=74003964 ret_pc=70168732 real_wsp=700015A0 (was 74003950) shadow_wsp=700015A0 master_wfp=700015B4 depth=0
redirect seq=004381 caller=QUEST2 WSAVS DIST                 pc=70168717 area_wfp=74003964 argc=4 frame=0 real_wsp=700015AA shadow_wsp=700015B4 master_wfp=700015B4 ret=70166E20 depth=1
redirect seq=004385 caller=QUEST2 WRTN  DIST                 area_wfp=74003964 ret_pc=70168732 real_wsp=700015A0 (was 74003950) shadow_wsp=700015A0 master_wfp=700015B4 depth=0
redirect seq=004387 caller=QUEST2 WSAVS DIST                 pc=70168717 area_wfp=74003964 argc=4 frame=0 real_wsp=700015AA shadow_wsp=700015B4 master_wfp=700015B4 ret=70166E20 depth=1
redirect seq=004389 caller=QUEST2 WRTN  DIST                 area_wfp=74003964 ret_pc=70168732 real_wsp=700015A0 (was 74003950) shadow_wsp=700015A0 master_wfp=700015B4 depth=0
redirect seq=004391 caller=QUEST2 WSAVS DIST                 pc=70168717 area_wfp=74003964 argc=4 frame=0 real_wsp=700015AA shadow_wsp=700015B4 master_wfp=700015B4 ret=70166E20 depth=1
redirect seq=004393 caller=QUEST2 WRTN  DIST                 area_wfp=74003964 ret_pc=70168732 real_wsp=700015A0 (was 74003950) shadow_wsp=700015A0 master_wfp=700015B4 depth=0
redirect seq=004398 caller=QUEST2 WSAVS DIST                 pc=70168717 area_wfp=74003964 argc=4 frame=0 real_wsp=700015AA shadow_wsp=700015B4 master_wfp=700015B4 ret=70166E20 depth=1
redirect seq=004400 caller=QUEST2 WRTN  DIST                 area_wfp=74003964 ret_pc=70168732 real_wsp=700015A0 (was 74003950) shadow_wsp=700015A0 master_wfp=700015B4 depth=0
redirect seq=004402 caller=QUEST2 WSAVS DIST                 pc=70168717 area_wfp=74003964 argc=4 frame=0 real_wsp=700015AA shadow_wsp=700015B4 master_wfp=700015B4 ret=70166E20 depth=1
redirect seq=004404 caller=QUEST2 WRTN  DIST                 area_wfp=74003964 ret_pc=70168732 real_wsp=700015A0 (was 74003950) shadow_wsp=700015A0 master_wfp=700015B4 depth=0
redirect seq=004406 caller=QUEST2 WSAVS DIST                 pc=70168717 area_wfp=74003964 argc=4 frame=0 real_wsp=700015AA shadow_wsp=700015B4 master_wfp=700015B4 ret=70166E20 depth=1
redirect seq=004408 caller=QUEST2 WRTN  DIST                 area_wfp=74003964 ret_pc=70168732 real_wsp=700015A0 (was 74003950) shadow_wsp=700015A0 master_wfp=700015B4 depth=0
redirect seq=004412 caller=QUEST2 WSAVS DIST                 pc=70168717 area_wfp=74003964 argc=4 frame=0 real_wsp=700015AA shadow_wsp=700015B4 master_wfp=700015B4 ret=70166E20 depth=1
redirect seq=004414 caller=QUEST2 WRTN  DIST                 area_wfp=74003964 ret_pc=70168732 real_wsp=700015A0 (was 74003950) shadow_wsp=700015A0 master_wfp=700015B4 depth=0
redirect seq=004416 caller=QUEST2 WSAVS DIST                 pc=70168717 area_wfp=74003964 argc=4 frame=0 real_wsp=700015AA shadow_wsp=700015B4 master_wfp=700015B4 ret=70166E20 depth=1
redirect seq=004419 caller=QUEST2 WRTN  DIST                 area_wfp=74003964 ret_pc=70168732 real_wsp=700015A0 (was 74003950) shadow_wsp=700015A0 master_wfp=700015B4 depth=0
redirect seq=004421 caller=QUEST2 WSAVS DIST                 pc=70168717 area_wfp=74003964 argc=4 frame=0 real_wsp=700015AA shadow_wsp=700015B4 master_wfp=700015B4 ret=70166E20 depth=1
redirect seq=004423 caller=QUEST2 WRTN  DIST                 area_wfp=74003964 ret_pc=70168732 real_wsp=700015A0 (was 74003950) shadow_wsp=700015A0 master_wfp=700015B4 depth=0
redirect seq=004428 caller=QUEST2 WSAVS DIST                 pc=70168717 area_wfp=74003964 argc=4 frame=0 real_wsp=700015AA shadow_wsp=700015B4 master_wfp=700015B4 ret=70166E20 depth=1
redirect seq=004430 caller=QUEST2 WRTN  DIST                 area_wfp=74003964 ret_pc=70168732 real_wsp=700015A0 (was 74003950) shadow_wsp=700015A0 master_wfp=700015B4 depth=0
redirect seq=004432 caller=QUEST2 WSAVS DIST                 pc=70168717 area_wfp=74003964 argc=4 frame=0 real_wsp=700015AA shadow_wsp=700015B4 master_wfp=700015B4 ret=70166E20 depth=1
redirect seq=004434 caller=QUEST2 WRTN  DIST                 area_wfp=74003964 ret_pc=70168732 real_wsp=700015A0 (was 74003950) shadow_wsp=700015A0 master_wfp=700015B4 depth=0
redirect seq=004436 caller=QUEST2 WSAVS DIST                 pc=70168717 area_wfp=74003964 argc=4 frame=0 real_wsp=700015AA shadow_wsp=700015B4 master_wfp=700015B4 ret=70166E20 depth=1
redirect seq=004438 caller=QUEST2 WRTN  DIST                 area_wfp=74003964 ret_pc=70168732 real_wsp=700015A0 (was 74003950) shadow_wsp=700015A0 master_wfp=700015B4 depth=0
redirect seq=004442 caller=QUEST2 WSAVS DIST                 pc=70168717 area_wfp=74003964 argc=4 frame=0 real_wsp=700015AA shadow_wsp=700015B4 master_wfp=700015B4 ret=70166E20 depth=1
redirect seq=004444 caller=QUEST2 WRTN  DIST                 area_wfp=74003964 ret_pc=70168732 real_wsp=700015A0 (was 74003950) shadow_wsp=700015A0 master_wfp=700015B4 depth=0
redirect seq=004446 caller=QUEST2 WSAVS DIST                 pc=70168717 area_wfp=74003964 argc=4 frame=0 real_wsp=700015AA shadow_wsp=700015B4 master_wfp=700015B4 ret=70166E20 depth=1
redirect seq=004448 caller=QUEST2 WRTN  DIST                 area_wfp=74003964 ret_pc=70168732 real_wsp=700015A0 (was 74003950) shadow_wsp=700015A0 master_wfp=700015B4 depth=0
redirect seq=004451 caller=QUEST2 WSAVS DIST                 pc=70168717 area_wfp=74003964 argc=4 frame=0 real_wsp=700015AA shadow_wsp=700015B4 master_wfp=700015B4 ret=70166E20 depth=1
redirect seq=004453 caller=QUEST2 WRTN  DIST                 area_wfp=74003964 ret_pc=70168732 real_wsp=700015A0 (was 74003950) shadow_wsp=700015A0 master_wfp=700015B4 depth=0
redirect seq=004458 caller=QUEST2 WSAVS DIST                 pc=70168717 area_wfp=74003964 argc=4 frame=0 real_wsp=700015AA shadow_wsp=700015B4 master_wfp=700015B4 ret=70166E20 depth=1
redirect seq=004460 caller=QUEST2 WRTN  DIST                 area_wfp=74003964 ret_pc=70168732 real_wsp=700015A0 (was 74003950) shadow_wsp=700015A0 master_wfp=700015B4 depth=0
redirect seq=004462 caller=QUEST2 WSAVS DIST                 pc=70168717 area_wfp=74003964 argc=4 frame=0 real_wsp=700015AA shadow_wsp=700015B4 master_wfp=700015B4 ret=70166E20 depth=1
redirect seq=004464 caller=QUEST2 WRTN  DIST                 area_wfp=74003964 ret_pc=70168732 real_wsp=700015A0 (was 74003950) shadow_wsp=700015A0 master_wfp=700015B4 depth=0
redirect seq=004466 caller=QUEST2 WSAVS DIST                 pc=70168717 area_wfp=74003964 argc=4 frame=0 real_wsp=700015AA shadow_wsp=700015B4 master_wfp=700015B4 ret=70166E20 depth=1
redirect seq=004468 caller=QUEST2 WRTN  DIST                 area_wfp=74003964 ret_pc=70168732 real_wsp=700015A0 (was 74003950) shadow_wsp=700015A0 master_wfp=700015B4 depth=0
redirect seq=004472 caller=QUEST2 WSAVS DIST                 pc=70168717 area_wfp=74003964 argc=4 frame=0 real_wsp=700015AA shadow_wsp=700015B4 master_wfp=700015B4 ret=70166E20 depth=1
redirect seq=004474 caller=QUEST2 WRTN  DIST                 area_wfp=74003964 ret_pc=70168732 real_wsp=700015A0 (was 74003950) shadow_wsp=700015A0 master_wfp=700015B4 depth=0
redirect seq=004477 caller=QUEST2 WSAVS DIST                 pc=70168717 area_wfp=74003964 argc=4 frame=0 real_wsp=700015AA shadow_wsp=700015B4 master_wfp=700015B4 ret=70166E20 depth=1
redirect seq=004479 caller=QUEST2 WRTN  DIST                 area_wfp=74003964 ret_pc=70168732 real_wsp=700015A0 (was 74003950) shadow_wsp=700015A0 master_wfp=700015B4 depth=0
redirect seq=004481 caller=QUEST2 WSAVS DIST                 pc=70168717 area_wfp=74003964 argc=4 frame=0 real_wsp=700015AA shadow_wsp=700015B4 master_wfp=700015B4 ret=70166E20 depth=1
redirect seq=004483 caller=QUEST2 WRTN  DIST                 area_wfp=74003964 ret_pc=70168732 real_wsp=700015A0 (was 74003950) shadow_wsp=700015A0 master_wfp=700015B4 depth=0
redirect seq=004488 caller=QUEST2 WSAVS DIST                 pc=70168717 area_wfp=74003964 argc=4 frame=0 real_wsp=700015AA shadow_wsp=700015B4 master_wfp=700015B4 ret=70166E20 depth=1
redirect seq=004490 caller=QUEST2 WRTN  DIST                 area_wfp=74003964 ret_pc=70168732 real_wsp=700015A0 (was 74003950) shadow_wsp=700015A0 master_wfp=700015B4 depth=0
redirect seq=004492 caller=QUEST2 WSAVS DIST                 pc=70168717 area_wfp=74003964 argc=4 frame=0 real_wsp=700015AA shadow_wsp=700015B4 master_wfp=700015B4 ret=70166E20 depth=1
redirect seq=004494 caller=QUEST2 WRTN  DIST                 area_wfp=74003964 ret_pc=70168732 real_wsp=700015A0 (was 74003950) shadow_wsp=700015A0 master_wfp=700015B4 depth=0
redirect seq=004496 caller=QUEST2 WSAVS DIST                 pc=70168717 area_wfp=74003964 argc=4 frame=0 real_wsp=700015AA shadow_wsp=700015B4 master_wfp=700015B4 ret=70166E20 depth=1
redirect seq=004498 caller=QUEST2 WRTN  DIST                 area_wfp=74003964 ret_pc=70168732 real_wsp=700015A0 (was 74003950) shadow_wsp=700015A0 master_wfp=700015B4 depth=0
redirect seq=004503 caller=QUEST2 WSAVS DIST                 pc=70168717 area_wfp=74003964 argc=4 frame=0 real_wsp=700015AA shadow_wsp=700015B4 master_wfp=700015B4 ret=70166E20 depth=1
redirect seq=004505 caller=QUEST2 WRTN  DIST                 area_wfp=74003964 ret_pc=70168732 real_wsp=700015A0 (was 74003950) shadow_wsp=700015A0 master_wfp=700015B4 depth=0
redirect seq=004507 caller=QUEST2 WSAVS DIST                 pc=70168717 area_wfp=74003964 argc=4 frame=0 real_wsp=700015AA shadow_wsp=700015B4 master_wfp=700015B4 ret=70166E20 depth=1
redirect seq=004509 caller=QUEST2 WRTN  DIST                 area_wfp=74003964 ret_pc=70168732 real_wsp=700015A0 (was 74003950) shadow_wsp=700015A0 master_wfp=700015B4 depth=0
redirect seq=004511 caller=QUEST2 WSAVS DIST                 pc=70168717 area_wfp=74003964 argc=4 frame=0 real_wsp=700015AA shadow_wsp=700015B4 master_wfp=700015B4 ret=70166E20 depth=1
redirect seq=004514 caller=QUEST2 WRTN  DIST                 area_wfp=74003964 ret_pc=70168732 real_wsp=700015A0 (was 74003950) shadow_wsp=700015A0 master_wfp=700015B4 depth=0
redirect seq=004516 caller=QUEST2 WSAVS DIST                 pc=70168717 area_wfp=74003964 argc=4 frame=0 real_wsp=700015AA shadow_wsp=700015B4 master_wfp=700015B4 ret=70166E20 depth=1
redirect seq=004520 caller=QUEST2 WRTN  DIST                 area_wfp=74003964 ret_pc=70168732 real_wsp=700015A0 (was 74003950) shadow_wsp=700015A0 master_wfp=700015B4 depth=0
redirect seq=004522 caller=QUEST2 WSAVS DIST                 pc=70168717 area_wfp=74003964 argc=4 frame=0 real_wsp=700015AA shadow_wsp=700015B4 master_wfp=700015B4 ret=70166E20 depth=1
redirect seq=004524 caller=QUEST2 WRTN  DIST                 area_wfp=74003964 ret_pc=70168732 real_wsp=700015A0 (was 74003950) shadow_wsp=700015A0 master_wfp=700015B4 depth=0
redirect seq=004526 caller=QUEST2 WSAVS DIST                 pc=70168717 area_wfp=74003964 argc=4 frame=0 real_wsp=700015AA shadow_wsp=700015B4 master_wfp=700015B4 ret=70166E20 depth=1
redirect seq=004528 caller=QUEST2 WRTN  DIST                 area_wfp=74003964 ret_pc=70168732 real_wsp=700015A0 (was 74003950) shadow_wsp=700015A0 master_wfp=700015B4 depth=0
redirect seq=004533 caller=QUEST2 WSAVS DIST                 pc=70168717 area_wfp=74003964 argc=4 frame=0 real_wsp=700015AA shadow_wsp=700015B4 master_wfp=700015B4 ret=70166E20 depth=1
redirect seq=004535 caller=QUEST2 WRTN  DIST                 area_wfp=74003964 ret_pc=70168732 real_wsp=700015A0 (was 74003950) shadow_wsp=700015A0 master_wfp=700015B4 depth=0
redirect seq=004537 caller=QUEST2 WSAVS DIST                 pc=70168717 area_wfp=74003964 argc=4 frame=0 real_wsp=700015AA shadow_wsp=700015B4 master_wfp=700015B4 ret=70166E20 depth=1
redirect seq=004539 caller=QUEST2 WRTN  DIST                 area_wfp=74003964 ret_pc=70168732 real_wsp=700015A0 (was 74003950) shadow_wsp=700015A0 master_wfp=700015B4 depth=0
redirect seq=004541 caller=QUEST2 WSAVS DIST                 pc=70168717 area_wfp=74003964 argc=4 frame=0 real_wsp=700015AA shadow_wsp=700015B4 master_wfp=700015B4 ret=70166E20 depth=1
redirect seq=004543 caller=QUEST2 WRTN  DIST                 area_wfp=74003964 ret_pc=70168732 real_wsp=700015A0 (was 74003950) shadow_wsp=700015A0 master_wfp=700015B4 depth=0
redirect seq=004547 caller=QUEST2 WSAVS DIST                 pc=70168717 area_wfp=74003964 argc=4 frame=0 real_wsp=700015AA shadow_wsp=700015B4 master_wfp=700015B4 ret=70166E20 depth=1
redirect seq=004549 caller=QUEST2 WRTN  DIST                 area_wfp=74003964 ret_pc=70168732 real_wsp=700015A0 (was 74003950) shadow_wsp=700015A0 master_wfp=700015B4 depth=0
redirect seq=004551 caller=QUEST2 WSAVS DIST                 pc=70168717 area_wfp=74003964 argc=4 frame=0 real_wsp=700015AA shadow_wsp=700015B4 master_wfp=700015B4 ret=70166E20 depth=1
redirect seq=004553 caller=QUEST2 WRTN  DIST                 area_wfp=74003964 ret_pc=70168732 real_wsp=700015A0 (was 74003950) shadow_wsp=700015A0 master_wfp=700015B4 depth=0
redirect seq=004556 caller=QUEST2 WSAVS DIST                 pc=70168717 area_wfp=74003964 argc=4 frame=0 real_wsp=700015AA shadow_wsp=700015B4 master_wfp=700015B4 ret=70166E20 depth=1
redirect seq=004558 caller=QUEST2 WRTN  DIST                 area_wfp=74003964 ret_pc=70168732 real_wsp=700015A0 (was 74003950) shadow_wsp=700015A0 master_wfp=700015B4 depth=0
redirect seq=004563 caller=QUEST2 WSAVS DIST                 pc=70168717 area_wfp=74003964 argc=4 frame=0 real_wsp=700015AA shadow_wsp=700015B4 master_wfp=700015B4 ret=70166E20 depth=1
redirect seq=004565 caller=QUEST2 WRTN  DIST                 area_wfp=74003964 ret_pc=70168732 real_wsp=700015A0 (was 74003950) shadow_wsp=700015A0 master_wfp=700015B4 depth=0
redirect seq=004567 caller=QUEST2 WSAVS DIST                 pc=70168717 area_wfp=74003964 argc=4 frame=0 real_wsp=700015AA shadow_wsp=700015B4 master_wfp=700015B4 ret=70166E20 depth=1
redirect seq=004569 caller=QUEST2 WRTN  DIST                 area_wfp=74003964 ret_pc=70168732 real_wsp=700015A0 (was 74003950) shadow_wsp=700015A0 master_wfp=700015B4 depth=0
redirect seq=004571 caller=QUEST2 WSAVS DIST                 pc=70168717 area_wfp=74003964 argc=4 frame=0 real_wsp=700015AA shadow_wsp=700015B4 master_wfp=700015B4 ret=70166E20 depth=1
redirect seq=004573 caller=QUEST2 WRTN  DIST                 area_wfp=74003964 ret_pc=70168732 real_wsp=700015A0 (was 74003950) shadow_wsp=700015A0 master_wfp=700015B4 depth=0
redirect seq=004578 caller=QUEST2 WSAVS DIST                 pc=70168717 area_wfp=74003964 argc=4 frame=0 real_wsp=700015AA shadow_wsp=700015B4 master_wfp=700015B4 ret=70166E20 depth=1
redirect seq=004580 caller=QUEST2 WRTN  DIST                 area_wfp=74003964 ret_pc=70168732 real_wsp=700015A0 (was 74003950) shadow_wsp=700015A0 master_wfp=700015B4 depth=0
redirect seq=004582 caller=QUEST2 WSAVS DIST                 pc=70168717 area_wfp=74003964 argc=4 frame=0 real_wsp=700015AA shadow_wsp=700015B4 master_wfp=700015B4 ret=70166E20 depth=1
redirect seq=004584 caller=QUEST2 WRTN  DIST                 area_wfp=74003964 ret_pc=70168732 real_wsp=700015A0 (was 74003950) shadow_wsp=700015A0 master_wfp=700015B4 depth=0
redirect seq=004586 caller=QUEST2 WSAVS DIST                 pc=70168717 area_wfp=74003964 argc=4 frame=0 real_wsp=700015AA shadow_wsp=700015B4 master_wfp=700015B4 ret=70166E20 depth=1
redirect seq=004588 caller=QUEST2 WRTN  DIST                 area_wfp=74003964 ret_pc=70168732 real_wsp=700015A0 (was 74003950) shadow_wsp=700015A0 master_wfp=700015B4 depth=0
redirect seq=004591 caller=QUEST2 WSAVS DIST                 pc=70168717 area_wfp=74003964 argc=4 frame=0 real_wsp=700015AA shadow_wsp=700015B4 master_wfp=700015B4 ret=70166E20 depth=1
redirect seq=004593 caller=QUEST2 WRTN  DIST                 area_wfp=74003964 ret_pc=70168732 real_wsp=700015A0 (was 74003950) shadow_wsp=700015A0 master_wfp=700015B4 depth=0
redirect seq=004597 caller=QUEST2 WSAVS DIST                 pc=70168717 area_wfp=74003964 argc=4 frame=0 real_wsp=700015AA shadow_wsp=700015B4 master_wfp=700015B4 ret=70166E20 depth=1
redirect seq=004599 caller=QUEST2 WRTN  DIST                 area_wfp=74003964 ret_pc=70168732 real_wsp=700015A0 (was 74003950) shadow_wsp=700015A0 master_wfp=700015B4 depth=0
redirect seq=004601 caller=QUEST2 WSAVS DIST                 pc=70168717 area_wfp=74003964 argc=4 frame=0 real_wsp=700015AA shadow_wsp=700015B4 master_wfp=700015B4 ret=70166E20 depth=1
redirect seq=004603 caller=QUEST2 WRTN  DIST                 area_wfp=74003964 ret_pc=70168732 real_wsp=700015A0 (was 74003950) shadow_wsp=700015A0 master_wfp=700015B4 depth=0
redirect seq=004608 caller=QUEST2 WSAVS DIST                 pc=70168717 area_wfp=74003964 argc=4 frame=0 real_wsp=700015AA shadow_wsp=700015B4 master_wfp=700015B4 ret=70166E20 depth=1
redirect seq=004610 caller=QUEST2 WRTN  DIST                 area_wfp=74003964 ret_pc=70168732 real_wsp=700015A0 (was 74003950) shadow_wsp=700015A0 master_wfp=700015B4 depth=0
redirect seq=004612 caller=QUEST2 WSAVS DIST                 pc=70168717 area_wfp=74003964 argc=4 frame=0 real_wsp=700015AA shadow_wsp=700015B4 master_wfp=700015B4 ret=70166E20 depth=1
redirect seq=004614 caller=QUEST2 WRTN  DIST                 area_wfp=74003964 ret_pc=70168732 real_wsp=700015A0 (was 74003950) shadow_wsp=700015A0 master_wfp=700015B4 depth=0
redirect seq=004616 caller=QUEST2 WSAVS DIST                 pc=70168717 area_wfp=74003964 argc=4 frame=0 real_wsp=700015AA shadow_wsp=700015B4 master_wfp=700015B4 ret=70166E20 depth=1
redirect seq=004618 caller=QUEST2 WRTN  DIST                 area_wfp=74003964 ret_pc=70168732 real_wsp=700015A0 (was 74003950) shadow_wsp=700015A0 master_wfp=700015B4 depth=0
redirect seq=004621 caller=QUEST2 WSAVS DIST                 pc=70168717 area_wfp=74003964 argc=4 frame=0 real_wsp=700015AA shadow_wsp=700015B4 master_wfp=700015B4 ret=70166E20 depth=1
redirect seq=004625 caller=QUEST2 WRTN  DIST                 area_wfp=74003964 ret_pc=70168732 real_wsp=700015A0 (was 74003950) shadow_wsp=700015A0 master_wfp=700015B4 depth=0
redirect seq=004627 caller=QUEST2 WSAVS DIST                 pc=70168717 area_wfp=74003964 argc=4 frame=0 real_wsp=700015AA shadow_wsp=700015B4 master_wfp=700015B4 ret=70166E20 depth=1
redirect seq=004629 caller=QUEST2 WRTN  DIST                 area_wfp=74003964 ret_pc=70168732 real_wsp=700015A0 (was 74003950) shadow_wsp=700015A0 master_wfp=700015B4 depth=0
redirect seq=004631 caller=QUEST2 WSAVS DIST                 pc=70168717 area_wfp=74003964 argc=4 frame=0 real_wsp=700015AA shadow_wsp=700015B4 master_wfp=700015B4 ret=70166E20 depth=1
redirect seq=004633 caller=QUEST2 WRTN  DIST                 area_wfp=74003964 ret_pc=70168732 real_wsp=700015A0 (was 74003950) shadow_wsp=700015A0 master_wfp=700015B4 depth=0
redirect seq=004638 caller=QUEST2 WSAVS DIST                 pc=70168717 area_wfp=74003964 argc=4 frame=0 real_wsp=700015AA shadow_wsp=700015B4 master_wfp=700015B4 ret=70166E20 depth=1
redirect seq=004640 caller=QUEST2 WRTN  DIST                 area_wfp=74003964 ret_pc=70168732 real_wsp=700015A0 (was 74003950) shadow_wsp=700015A0 master_wfp=700015B4 depth=0
redirect seq=004642 caller=QUEST2 WSAVS DIST                 pc=70168717 area_wfp=74003964 argc=4 frame=0 real_wsp=700015AA shadow_wsp=700015B4 master_wfp=700015B4 ret=70166E20 depth=1
redirect seq=004644 caller=QUEST2 WRTN  DIST                 area_wfp=74003964 ret_pc=70168732 real_wsp=700015A0 (was 74003950) shadow_wsp=700015A0 master_wfp=700015B4 depth=0
redirect seq=004646 caller=QUEST2 WSAVS DIST                 pc=70168717 area_wfp=74003964 argc=4 frame=0 real_wsp=700015AA shadow_wsp=700015B4 master_wfp=700015B4 ret=70166E20 depth=1
redirect seq=004649 caller=QUEST2 WRTN  DIST                 area_wfp=74003964 ret_pc=70168732 real_wsp=700015A0 (was 74003950) shadow_wsp=700015A0 master_wfp=700015B4 depth=0
redirect seq=004651 caller=QUEST2 WSAVS DIST                 pc=70168717 area_wfp=74003964 argc=4 frame=0 real_wsp=700015AA shadow_wsp=700015B4 master_wfp=700015B4 ret=70166E20 depth=1
redirect seq=004655 caller=QUEST2 WRTN  DIST                 area_wfp=74003964 ret_pc=70168732 real_wsp=700015A0 (was 74003950) shadow_wsp=700015A0 master_wfp=700015B4 depth=0
redirect seq=004657 caller=QUEST2 WSAVS DIST                 pc=70168717 area_wfp=74003964 argc=4 frame=0 real_wsp=700015AA shadow_wsp=700015B4 master_wfp=700015B4 ret=70166E20 depth=1
redirect seq=004659 caller=QUEST2 WRTN  DIST                 area_wfp=74003964 ret_pc=70168732 real_wsp=700015A0 (was 74003950) shadow_wsp=700015A0 master_wfp=700015B4 depth=0
redirect seq=004661 caller=QUEST2 WSAVS DIST                 pc=70168717 area_wfp=74003964 argc=4 frame=0 real_wsp=700015AA shadow_wsp=700015B4 master_wfp=700015B4 ret=70166E20 depth=1
redirect seq=004663 caller=QUEST2 WRTN  DIST                 area_wfp=74003964 ret_pc=70168732 real_wsp=700015A0 (was 74003950) shadow_wsp=700015A0 master_wfp=700015B4 depth=0
redirect seq=004668 caller=QUEST2 WSAVS DIST                 pc=70168717 area_wfp=74003964 argc=4 frame=0 real_wsp=700015AA shadow_wsp=700015B4 master_wfp=700015B4 ret=70166E20 depth=1
redirect seq=004670 caller=QUEST2 WRTN  DIST                 area_wfp=74003964 ret_pc=70168732 real_wsp=700015A0 (was 74003950) shadow_wsp=700015A0 master_wfp=700015B4 depth=0
redirect seq=004672 caller=QUEST2 WSAVS DIST                 pc=70168717 area_wfp=74003964 argc=4 frame=0 real_wsp=700015AA shadow_wsp=700015B4 master_wfp=700015B4 ret=70166E20 depth=1
redirect seq=004674 caller=QUEST2 WRTN  DIST                 area_wfp=74003964 ret_pc=70168732 real_wsp=700015A0 (was 74003950) shadow_wsp=700015A0 master_wfp=700015B4 depth=0
redirect seq=004676 caller=QUEST2 WSAVS DIST                 pc=70168717 area_wfp=74003964 argc=4 frame=0 real_wsp=700015AA shadow_wsp=700015B4 master_wfp=700015B4 ret=70166E20 depth=1
redirect seq=004678 caller=QUEST2 WRTN  DIST                 area_wfp=74003964 ret_pc=70168732 real_wsp=700015A0 (was 74003950) shadow_wsp=700015A0 master_wfp=700015B4 depth=0
redirect seq=004682 caller=QUEST2 WSAVS DIST                 pc=70168717 area_wfp=74003964 argc=4 frame=0 real_wsp=700015AA shadow_wsp=700015B4 master_wfp=700015B4 ret=70166E20 depth=1
redirect seq=004684 caller=QUEST2 WRTN  DIST                 area_wfp=74003964 ret_pc=70168732 real_wsp=700015A0 (was 74003950) shadow_wsp=700015A0 master_wfp=700015B4 depth=0
redirect seq=004686 caller=QUEST2 WSAVS DIST                 pc=70168717 area_wfp=74003964 argc=4 frame=0 real_wsp=700015AA shadow_wsp=700015B4 master_wfp=700015B4 ret=70166E20 depth=1
redirect seq=004688 caller=QUEST2 WRTN  DIST                 area_wfp=74003964 ret_pc=70168732 real_wsp=700015A0 (was 74003950) shadow_wsp=700015A0 master_wfp=700015B4 depth=0
redirect seq=004691 caller=QUEST2 WSAVS DIST                 pc=70168717 area_wfp=74003964 argc=4 frame=0 real_wsp=700015AA shadow_wsp=700015B4 master_wfp=700015B4 ret=70166E20 depth=1
redirect seq=004693 caller=QUEST2 WRTN  DIST                 area_wfp=74003964 ret_pc=70168732 real_wsp=700015A0 (was 74003950) shadow_wsp=700015A0 master_wfp=700015B4 depth=0
redirect seq=004698 caller=QUEST2 WSAVS DIST                 pc=70168717 area_wfp=74003964 argc=4 frame=0 real_wsp=700015AA shadow_wsp=700015B4 master_wfp=700015B4 ret=70166E20 depth=1
redirect seq=004700 caller=QUEST2 WRTN  DIST                 area_wfp=74003964 ret_pc=70168732 real_wsp=700015A0 (was 74003950) shadow_wsp=700015A0 master_wfp=700015B4 depth=0
redirect seq=004702 caller=QUEST2 WSAVS DIST                 pc=70168717 area_wfp=74003964 argc=4 frame=0 real_wsp=700015AA shadow_wsp=700015B4 master_wfp=700015B4 ret=70166E20 depth=1
redirect seq=004704 caller=QUEST2 WRTN  DIST                 area_wfp=74003964 ret_pc=70168732 real_wsp=700015A0 (was 74003950) shadow_wsp=700015A0 master_wfp=700015B4 depth=0
redirect seq=004706 caller=QUEST2 WSAVS DIST                 pc=70168717 area_wfp=74003964 argc=4 frame=0 real_wsp=700015AA shadow_wsp=700015B4 master_wfp=700015B4 ret=70166E20 depth=1
redirect seq=004708 caller=QUEST2 WRTN  DIST                 area_wfp=74003964 ret_pc=70168732 real_wsp=700015A0 (was 74003950) shadow_wsp=700015A0 master_wfp=700015B4 depth=0
redirect seq=004713 caller=QUEST2 WSAVS DIST                 pc=70168717 area_wfp=74003964 argc=4 frame=0 real_wsp=700015AA shadow_wsp=700015B4 master_wfp=700015B4 ret=70166E20 depth=1
redirect seq=004715 caller=QUEST2 WRTN  DIST                 area_wfp=74003964 ret_pc=70168732 real_wsp=700015A0 (was 74003950) shadow_wsp=700015A0 master_wfp=700015B4 depth=0
redirect seq=004717 caller=QUEST2 WSAVS DIST                 pc=70168717 area_wfp=74003964 argc=4 frame=0 real_wsp=700015AA shadow_wsp=700015B4 master_wfp=700015B4 ret=70166E20 depth=1
redirect seq=004719 caller=QUEST2 WRTN  DIST                 area_wfp=74003964 ret_pc=70168732 real_wsp=700015A0 (was 74003950) shadow_wsp=700015A0 master_wfp=700015B4 depth=0
redirect seq=004721 caller=QUEST2 WSAVS DIST                 pc=70168717 area_wfp=74003964 argc=4 frame=0 real_wsp=700015AA shadow_wsp=700015B4 master_wfp=700015B4 ret=70166E20 depth=1
redirect seq=004723 caller=QUEST2 WRTN  DIST                 area_wfp=74003964 ret_pc=70168732 real_wsp=700015A0 (was 74003950) shadow_wsp=700015A0 master_wfp=700015B4 depth=0
redirect seq=004727 caller=QUEST2 WSAVS DIST                 pc=70168717 area_wfp=74003964 argc=4 frame=0 real_wsp=700015AA shadow_wsp=700015B4 master_wfp=700015B4 ret=70166E20 depth=1
redirect seq=004729 caller=QUEST2 WRTN  DIST                 area_wfp=74003964 ret_pc=70168732 real_wsp=700015A0 (was 74003950) shadow_wsp=700015A0 master_wfp=700015B4 depth=0
redirect seq=004732 caller=QUEST2 WSAVS DIST                 pc=70168717 area_wfp=74003964 argc=4 frame=0 real_wsp=700015AA shadow_wsp=700015B4 master_wfp=700015B4 ret=70166E20 depth=1
redirect seq=004734 caller=QUEST2 WRTN  DIST                 area_wfp=74003964 ret_pc=70168732 real_wsp=700015A0 (was 74003950) shadow_wsp=700015A0 master_wfp=700015B4 depth=0
redirect seq=004736 caller=QUEST2 WSAVS DIST                 pc=70168717 area_wfp=74003964 argc=4 frame=0 real_wsp=700015AA shadow_wsp=700015B4 master_wfp=700015B4 ret=70166E20 depth=1
redirect seq=004738 caller=QUEST2 WRTN  DIST                 area_wfp=74003964 ret_pc=70168732 real_wsp=700015A0 (was 74003950) shadow_wsp=700015A0 master_wfp=700015B4 depth=0
redirect seq=004743 caller=QUEST2 WSAVS DIST                 pc=70168717 area_wfp=74003964 argc=4 frame=0 real_wsp=700015AA shadow_wsp=700015B4 master_wfp=700015B4 ret=70166E20 depth=1
redirect seq=004745 caller=QUEST2 WRTN  DIST                 area_wfp=74003964 ret_pc=70168732 real_wsp=700015A0 (was 74003950) shadow_wsp=700015A0 master_wfp=700015B4 depth=0
redirect seq=004747 caller=QUEST2 WSAVS DIST                 pc=70168717 area_wfp=74003964 argc=4 frame=0 real_wsp=700015AA shadow_wsp=700015B4 master_wfp=700015B4 ret=70166E20 depth=1
redirect seq=004749 caller=QUEST2 WRTN  DIST                 area_wfp=74003964 ret_pc=70168732 real_wsp=700015A0 (was 74003950) shadow_wsp=700015A0 master_wfp=700015B4 depth=0
redirect seq=004751 caller=QUEST2 WSAVS DIST                 pc=70168717 area_wfp=74003964 argc=4 frame=0 real_wsp=700015AA shadow_wsp=700015B4 master_wfp=700015B4 ret=70166E20 depth=1
redirect seq=004753 caller=QUEST2 WRTN  DIST                 area_wfp=74003964 ret_pc=70168732 real_wsp=700015A0 (was 74003950) shadow_wsp=700015A0 master_wfp=700015B4 depth=0
redirect seq=004758 caller=QUEST2 WSAVS DIST                 pc=70168717 area_wfp=74003964 argc=4 frame=0 real_wsp=700015AA shadow_wsp=700015B4 master_wfp=700015B4 ret=70166E20 depth=1
redirect seq=004760 caller=QUEST2 WRTN  DIST                 area_wfp=74003964 ret_pc=70168732 real_wsp=700015A0 (was 74003950) shadow_wsp=700015A0 master_wfp=700015B4 depth=0
redirect seq=004762 caller=QUEST2 WSAVS DIST                 pc=70168717 area_wfp=74003964 argc=4 frame=0 real_wsp=700015AA shadow_wsp=700015B4 master_wfp=700015B4 ret=70166E20 depth=1
redirect seq=004764 caller=QUEST2 WRTN  DIST                 area_wfp=74003964 ret_pc=70168732 real_wsp=700015A0 (was 74003950) shadow_wsp=700015A0 master_wfp=700015B4 depth=0
redirect seq=004766 caller=QUEST2 WSAVS DIST                 pc=70168717 area_wfp=74003964 argc=4 frame=0 real_wsp=700015AA shadow_wsp=700015B4 master_wfp=700015B4 ret=70166E20 depth=1
redirect seq=004768 caller=QUEST2 WRTN  DIST                 area_wfp=74003964 ret_pc=70168732 real_wsp=700015A0 (was 74003950) shadow_wsp=700015A0 master_wfp=700015B4 depth=0
redirect seq=004773 caller=QUEST2 WSAVS DIST                 pc=70168717 area_wfp=74003964 argc=4 frame=0 real_wsp=700015AA shadow_wsp=700015B4 master_wfp=700015B4 ret=70166E20 depth=1
redirect seq=004775 caller=QUEST2 WRTN  DIST                 area_wfp=74003964 ret_pc=70168732 real_wsp=700015A0 (was 74003950) shadow_wsp=700015A0 master_wfp=700015B4 depth=0
redirect seq=004777 caller=QUEST2 WSAVS DIST                 pc=70168717 area_wfp=74003964 argc=4 frame=0 real_wsp=700015AA shadow_wsp=700015B4 master_wfp=700015B4 ret=70166E20 depth=1
redirect seq=004779 caller=QUEST2 WRTN  DIST                 area_wfp=74003964 ret_pc=70168732 real_wsp=700015A0 (was 74003950) shadow_wsp=700015A0 master_wfp=700015B4 depth=0
redirect seq=004781 caller=QUEST2 WSAVS DIST                 pc=70168717 area_wfp=74003964 argc=4 frame=0 real_wsp=700015AA shadow_wsp=700015B4 master_wfp=700015B4 ret=70166E20 depth=1
redirect seq=004783 caller=QUEST2 WRTN  DIST                 area_wfp=74003964 ret_pc=70168732 real_wsp=700015A0 (was 74003950) shadow_wsp=700015A0 master_wfp=700015B4 depth=0
redirect seq=004787 caller=QUEST2 WSAVS DIST                 pc=70168717 area_wfp=74003964 argc=4 frame=0 real_wsp=700015AA shadow_wsp=700015B4 master_wfp=700015B4 ret=70166E20 depth=1
redirect seq=004789 caller=QUEST2 WRTN  DIST                 area_wfp=74003964 ret_pc=70168732 real_wsp=700015A0 (was 74003950) shadow_wsp=700015A0 master_wfp=700015B4 depth=0
redirect seq=004791 caller=QUEST2 WSAVS DIST                 pc=70168717 area_wfp=74003964 argc=4 frame=0 real_wsp=700015AA shadow_wsp=700015B4 master_wfp=700015B4 ret=70166E20 depth=1
redirect seq=004793 caller=QUEST2 WRTN  DIST                 area_wfp=74003964 ret_pc=70168732 real_wsp=700015A0 (was 74003950) shadow_wsp=700015A0 master_wfp=700015B4 depth=0
redirect seq=004796 caller=QUEST2 WSAVS DIST                 pc=70168717 area_wfp=74003964 argc=4 frame=0 real_wsp=700015AA shadow_wsp=700015B4 master_wfp=700015B4 ret=70166E20 depth=1
redirect seq=004798 caller=QUEST2 WRTN  DIST                 area_wfp=74003964 ret_pc=70168732 real_wsp=700015A0 (was 74003950) shadow_wsp=700015A0 master_wfp=700015B4 depth=0
redirect seq=004803 caller=QUEST2 WSAVS DIST                 pc=70168717 area_wfp=74003964 argc=4 frame=0 real_wsp=700015AA shadow_wsp=700015B4 master_wfp=700015B4 ret=70166E20 depth=1
redirect seq=004805 caller=QUEST2 WRTN  DIST                 area_wfp=74003964 ret_pc=70168732 real_wsp=700015A0 (was 74003950) shadow_wsp=700015A0 master_wfp=700015B4 depth=0
redirect seq=004807 caller=QUEST2 WSAVS DIST                 pc=70168717 area_wfp=74003964 argc=4 frame=0 real_wsp=700015AA shadow_wsp=700015B4 master_wfp=700015B4 ret=70166E20 depth=1
redirect seq=004809 caller=QUEST2 WRTN  DIST                 area_wfp=74003964 ret_pc=70168732 real_wsp=700015A0 (was 74003950) shadow_wsp=700015A0 master_wfp=700015B4 depth=0
redirect seq=004811 caller=QUEST2 WSAVS DIST                 pc=70168717 area_wfp=74003964 argc=4 frame=0 real_wsp=700015AA shadow_wsp=700015B4 master_wfp=700015B4 ret=70166E20 depth=1
redirect seq=004813 caller=QUEST2 WRTN  DIST                 area_wfp=74003964 ret_pc=70168732 real_wsp=700015A0 (was 74003950) shadow_wsp=700015A0 master_wfp=700015B4 depth=0
redirect seq=004818 caller=QUEST2 WSAVS DIST                 pc=70168717 area_wfp=74003964 argc=4 frame=0 real_wsp=700015AA shadow_wsp=700015B4 master_wfp=700015B4 ret=70166E20 depth=1
redirect seq=004820 caller=QUEST2 WRTN  DIST                 area_wfp=74003964 ret_pc=70168732 real_wsp=700015A0 (was 74003950) shadow_wsp=700015A0 master_wfp=700015B4 depth=0
redirect seq=004822 caller=QUEST2 WSAVS DIST                 pc=70168717 area_wfp=74003964 argc=4 frame=0 real_wsp=700015AA shadow_wsp=700015B4 master_wfp=700015B4 ret=70166E20 depth=1
redirect seq=004824 caller=QUEST2 WRTN  DIST                 area_wfp=74003964 ret_pc=70168732 real_wsp=700015A0 (was 74003950) shadow_wsp=700015A0 master_wfp=700015B4 depth=0
redirect seq=004826 caller=QUEST2 WSAVS DIST                 pc=70168717 area_wfp=74003964 argc=4 frame=0 real_wsp=700015AA shadow_wsp=700015B4 master_wfp=700015B4 ret=70166E20 depth=1
redirect seq=004828 caller=QUEST2 WRTN  DIST                 area_wfp=74003964 ret_pc=70168732 real_wsp=700015A0 (was 74003950) shadow_wsp=700015A0 master_wfp=700015B4 depth=0
redirect seq=004831 caller=QUEST2 WSAVS DIST                 pc=70168717 area_wfp=74003964 argc=4 frame=0 real_wsp=700015AA shadow_wsp=700015B4 master_wfp=700015B4 ret=70166E20 depth=1
redirect seq=004833 caller=QUEST2 WRTN  DIST                 area_wfp=74003964 ret_pc=70168732 real_wsp=700015A0 (was 74003950) shadow_wsp=700015A0 master_wfp=700015B4 depth=0
redirect seq=004837 caller=QUEST2 WSAVS DIST                 pc=70168717 area_wfp=74003964 argc=4 frame=0 real_wsp=700015AA shadow_wsp=700015B4 master_wfp=700015B4 ret=70166E20 depth=1
redirect seq=004839 caller=QUEST2 WRTN  DIST                 area_wfp=74003964 ret_pc=70168732 real_wsp=700015A0 (was 74003950) shadow_wsp=700015A0 master_wfp=700015B4 depth=0
redirect seq=004841 caller=QUEST2 WSAVS DIST                 pc=70168717 area_wfp=74003964 argc=4 frame=0 real_wsp=700015AA shadow_wsp=700015B4 master_wfp=700015B4 ret=70166E20 depth=1
redirect seq=004843 caller=QUEST2 WRTN  DIST                 area_wfp=74003964 ret_pc=70168732 real_wsp=700015A0 (was 74003950) shadow_wsp=700015A0 master_wfp=700015B4 depth=0
redirect seq=004848 caller=QUEST2 WSAVS DIST                 pc=70168717 area_wfp=74003964 argc=4 frame=0 real_wsp=700015AA shadow_wsp=700015B4 master_wfp=700015B4 ret=70166E20 depth=1
redirect seq=004850 caller=QUEST2 WRTN  DIST                 area_wfp=74003964 ret_pc=70168732 real_wsp=700015A0 (was 74003950) shadow_wsp=700015A0 master_wfp=700015B4 depth=0
redirect seq=004852 caller=QUEST2 WSAVS DIST                 pc=70168717 area_wfp=74003964 argc=4 frame=0 real_wsp=700015AA shadow_wsp=700015B4 master_wfp=700015B4 ret=70166E20 depth=1
redirect seq=004854 caller=QUEST2 WRTN  DIST                 area_wfp=74003964 ret_pc=70168732 real_wsp=700015A0 (was 74003950) shadow_wsp=700015A0 master_wfp=700015B4 depth=0
redirect seq=004856 caller=QUEST2 WSAVS DIST                 pc=70168717 area_wfp=74003964 argc=4 frame=0 real_wsp=700015AA shadow_wsp=700015B4 master_wfp=700015B4 ret=70166E20 depth=1
redirect seq=004858 caller=QUEST2 WRTN  DIST                 area_wfp=74003964 ret_pc=70168732 real_wsp=700015A0 (was 74003950) shadow_wsp=700015A0 master_wfp=700015B4 depth=0
redirect seq=004863 caller=QUEST2 WSAVS DIST                 pc=70168717 area_wfp=74003964 argc=4 frame=0 real_wsp=700015AA shadow_wsp=700015B4 master_wfp=700015B4 ret=70166E20 depth=1
redirect seq=004865 caller=QUEST2 WRTN  DIST                 area_wfp=74003964 ret_pc=70168732 real_wsp=700015A0 (was 74003950) shadow_wsp=700015A0 master_wfp=700015B4 depth=0
redirect seq=004867 caller=QUEST2 WSAVS DIST                 pc=70168717 area_wfp=74003964 argc=4 frame=0 real_wsp=700015AA shadow_wsp=700015B4 master_wfp=700015B4 ret=70166E20 depth=1
redirect seq=004869 caller=QUEST2 WRTN  DIST                 area_wfp=74003964 ret_pc=70168732 real_wsp=700015A0 (was 74003950) shadow_wsp=700015A0 master_wfp=700015B4 depth=0
redirect seq=004871 caller=QUEST2 WSAVS DIST                 pc=70168717 area_wfp=74003964 argc=4 frame=0 real_wsp=700015AA shadow_wsp=700015B4 master_wfp=700015B4 ret=70166E20 depth=1
redirect seq=004874 caller=QUEST2 WRTN  DIST                 area_wfp=74003964 ret_pc=70168732 real_wsp=700015A0 (was 74003950) shadow_wsp=700015A0 master_wfp=700015B4 depth=0
redirect seq=004876 caller=QUEST2 WSAVS DIST                 pc=70168717 area_wfp=74003964 argc=4 frame=0 real_wsp=700015AA shadow_wsp=700015B4 master_wfp=700015B4 ret=70166E20 depth=1
redirect seq=004880 caller=QUEST2 WRTN  DIST                 area_wfp=74003964 ret_pc=70168732 real_wsp=700015A0 (was 74003950) shadow_wsp=700015A0 master_wfp=700015B4 depth=0
redirect seq=004882 caller=QUEST2 WSAVS DIST                 pc=70168717 area_wfp=74003964 argc=4 frame=0 real_wsp=700015AA shadow_wsp=700015B4 master_wfp=700015B4 ret=70166E20 depth=1
redirect seq=004884 caller=QUEST2 WRTN  DIST                 area_wfp=74003964 ret_pc=70168732 real_wsp=700015A0 (was 74003950) shadow_wsp=700015A0 master_wfp=700015B4 depth=0
redirect seq=004886 caller=QUEST2 WSAVS DIST                 pc=70168717 area_wfp=74003964 argc=4 frame=0 real_wsp=700015AA shadow_wsp=700015B4 master_wfp=700015B4 ret=70166E20 depth=1
redirect seq=004888 caller=QUEST2 WRTN  DIST                 area_wfp=74003964 ret_pc=70168732 real_wsp=700015A0 (was 74003950) shadow_wsp=700015A0 master_wfp=700015B4 depth=0
redirect seq=004893 caller=QUEST2 WSAVS DIST                 pc=70168717 area_wfp=74003964 argc=4 frame=0 real_wsp=700015AA shadow_wsp=700015B4 master_wfp=700015B4 ret=70166E20 depth=1
redirect seq=004895 caller=QUEST2 WRTN  DIST                 area_wfp=74003964 ret_pc=70168732 real_wsp=700015A0 (was 74003950) shadow_wsp=700015A0 master_wfp=700015B4 depth=0
redirect seq=004897 caller=QUEST2 WSAVS DIST                 pc=70168717 area_wfp=74003964 argc=4 frame=0 real_wsp=700015AA shadow_wsp=700015B4 master_wfp=700015B4 ret=70166E20 depth=1
redirect seq=004899 caller=QUEST2 WRTN  DIST                 area_wfp=74003964 ret_pc=70168732 real_wsp=700015A0 (was 74003950) shadow_wsp=700015A0 master_wfp=700015B4 depth=0
redirect seq=004901 caller=QUEST2 WSAVS DIST                 pc=70168717 area_wfp=74003964 argc=4 frame=0 real_wsp=700015AA shadow_wsp=700015B4 master_wfp=700015B4 ret=70166E20 depth=1
redirect seq=004903 caller=QUEST2 WRTN  DIST                 area_wfp=74003964 ret_pc=70168732 real_wsp=700015A0 (was 74003950) shadow_wsp=700015A0 master_wfp=700015B4 depth=0
redirect seq=004907 caller=QUEST2 WSAVS DIST                 pc=70168717 area_wfp=74003964 argc=4 frame=0 real_wsp=700015AA shadow_wsp=700015B4 master_wfp=700015B4 ret=70166E20 depth=1
redirect seq=004909 caller=QUEST2 WRTN  DIST                 area_wfp=74003964 ret_pc=70168732 real_wsp=700015A0 (was 74003950) shadow_wsp=700015A0 master_wfp=700015B4 depth=0
redirect seq=004911 caller=QUEST2 WSAVS DIST                 pc=70168717 area_wfp=74003964 argc=4 frame=0 real_wsp=700015AA shadow_wsp=700015B4 master_wfp=700015B4 ret=70166E20 depth=1
redirect seq=004914 caller=QUEST2 WRTN  DIST                 area_wfp=74003964 ret_pc=70168732 real_wsp=700015A0 (was 74003950) shadow_wsp=700015A0 master_wfp=700015B4 depth=0
redirect seq=004916 caller=QUEST2 WSAVS DIST                 pc=70168717 area_wfp=74003964 argc=4 frame=0 real_wsp=700015AA shadow_wsp=700015B4 master_wfp=700015B4 ret=70166E20 depth=1
redirect seq=004918 caller=QUEST2 WRTN  DIST                 area_wfp=74003964 ret_pc=70168732 real_wsp=700015A0 (was 74003950) shadow_wsp=700015A0 master_wfp=700015B4 depth=0
redirect seq=004923 caller=QUEST2 WSAVS DIST                 pc=70168717 area_wfp=74003964 argc=4 frame=0 real_wsp=700015AA shadow_wsp=700015B4 master_wfp=700015B4 ret=70166E20 depth=1
redirect seq=004925 caller=QUEST2 WRTN  DIST                 area_wfp=74003964 ret_pc=70168732 real_wsp=700015A0 (was 74003950) shadow_wsp=700015A0 master_wfp=700015B4 depth=0
redirect seq=004927 caller=QUEST2 WSAVS DIST                 pc=70168717 area_wfp=74003964 argc=4 frame=0 real_wsp=700015AA shadow_wsp=700015B4 master_wfp=700015B4 ret=70166E20 depth=1
redirect seq=004929 caller=QUEST2 WRTN  DIST                 area_wfp=74003964 ret_pc=70168732 real_wsp=700015A0 (was 74003950) shadow_wsp=700015A0 master_wfp=700015B4 depth=0
redirect seq=004931 caller=QUEST2 WSAVS DIST                 pc=70168717 area_wfp=74003964 argc=4 frame=0 real_wsp=700015AA shadow_wsp=700015B4 master_wfp=700015B4 ret=70166E20 depth=1
redirect seq=004933 caller=QUEST2 WRTN  DIST                 area_wfp=74003964 ret_pc=70168732 real_wsp=700015A0 (was 74003950) shadow_wsp=700015A0 master_wfp=700015B4 depth=0
redirect seq=004937 caller=QUEST2 WSAVS DIST                 pc=70168717 area_wfp=74003964 argc=4 frame=0 real_wsp=700015AA shadow_wsp=700015B4 master_wfp=700015B4 ret=70166E20 depth=1
redirect seq=004939 caller=QUEST2 WRTN  DIST                 area_wfp=74003964 ret_pc=70168732 real_wsp=700015A0 (was 74003950) shadow_wsp=700015A0 master_wfp=700015B4 depth=0
redirect seq=004941 caller=QUEST2 WSAVS DIST                 pc=70168717 area_wfp=74003964 argc=4 frame=0 real_wsp=700015AA shadow_wsp=700015B4 master_wfp=700015B4 ret=70166E20 depth=1
redirect seq=004943 caller=QUEST2 WRTN  DIST                 area_wfp=74003964 ret_pc=70168732 real_wsp=700015A0 (was 74003950) shadow_wsp=700015A0 master_wfp=700015B4 depth=0
redirect seq=004946 caller=QUEST2 WSAVS DIST                 pc=70168717 area_wfp=74003964 argc=4 frame=0 real_wsp=700015AA shadow_wsp=700015B4 master_wfp=700015B4 ret=70166E20 depth=1
redirect seq=004948 caller=QUEST2 WRTN  DIST                 area_wfp=74003964 ret_pc=70168732 real_wsp=700015A0 (was 74003950) shadow_wsp=700015A0 master_wfp=700015B4 depth=0
redirect seq=004953 caller=QUEST2 WSAVS DIST                 pc=70168717 area_wfp=74003964 argc=4 frame=0 real_wsp=700015AA shadow_wsp=700015B4 master_wfp=700015B4 ret=70166E20 depth=1
redirect seq=004955 caller=QUEST2 WRTN  DIST                 area_wfp=74003964 ret_pc=70168732 real_wsp=700015A0 (was 74003950) shadow_wsp=700015A0 master_wfp=700015B4 depth=0
redirect seq=004957 caller=QUEST2 WSAVS DIST                 pc=70168717 area_wfp=74003964 argc=4 frame=0 real_wsp=700015AA shadow_wsp=700015B4 master_wfp=700015B4 ret=70166E20 depth=1
redirect seq=004959 caller=QUEST2 WRTN  DIST                 area_wfp=74003964 ret_pc=70168732 real_wsp=700015A0 (was 74003950) shadow_wsp=700015A0 master_wfp=700015B4 depth=0
redirect seq=004961 caller=QUEST2 WSAVS DIST                 pc=70168717 area_wfp=74003964 argc=4 frame=0 real_wsp=700015AA shadow_wsp=700015B4 master_wfp=700015B4 ret=70166E20 depth=1
redirect seq=004963 caller=QUEST2 WRTN  DIST                 area_wfp=74003964 ret_pc=70168732 real_wsp=700015A0 (was 74003950) shadow_wsp=700015A0 master_wfp=700015B4 depth=0
redirect seq=004968 caller=QUEST2 WSAVS DIST                 pc=70168717 area_wfp=74003964 argc=4 frame=0 real_wsp=700015AA shadow_wsp=700015B4 master_wfp=700015B4 ret=70166E20 depth=1
redirect seq=004970 caller=QUEST2 WRTN  DIST                 area_wfp=74003964 ret_pc=70168732 real_wsp=700015A0 (was 74003950) shadow_wsp=700015A0 master_wfp=700015B4 depth=0
redirect seq=004972 caller=QUEST2 WSAVS DIST                 pc=70168717 area_wfp=74003964 argc=4 frame=0 real_wsp=700015AA shadow_wsp=700015B4 master_wfp=700015B4 ret=70166E20 depth=1
redirect seq=004974 caller=QUEST2 WRTN  DIST                 area_wfp=74003964 ret_pc=70168732 real_wsp=700015A0 (was 74003950) shadow_wsp=700015A0 master_wfp=700015B4 depth=0
redirect seq=004976 caller=QUEST2 WSAVS DIST                 pc=70168717 area_wfp=74003964 argc=4 frame=0 real_wsp=700015AA shadow_wsp=700015B4 master_wfp=700015B4 ret=70166E20 depth=1
redirect seq=004978 caller=QUEST2 WRTN  DIST                 area_wfp=74003964 ret_pc=70168732 real_wsp=700015A0 (was 74003950) shadow_wsp=700015A0 master_wfp=700015B4 depth=0
redirect seq=004982 caller=QUEST2 WSAVS DIST                 pc=70168717 area_wfp=74003964 argc=4 frame=0 real_wsp=700015AA shadow_wsp=700015B4 master_wfp=700015B4 ret=70166E20 depth=1
redirect seq=004984 caller=QUEST2 WRTN  DIST                 area_wfp=74003964 ret_pc=70168732 real_wsp=700015A0 (was 74003950) shadow_wsp=700015A0 master_wfp=700015B4 depth=0
redirect seq=004986 caller=QUEST2 WSAVS DIST                 pc=70168717 area_wfp=74003964 argc=4 frame=0 real_wsp=700015AA shadow_wsp=700015B4 master_wfp=700015B4 ret=70166E20 depth=1
redirect seq=004989 caller=QUEST2 WRTN  DIST                 area_wfp=74003964 ret_pc=70168732 real_wsp=700015A0 (was 74003950) shadow_wsp=700015A0 master_wfp=700015B4 depth=0
redirect seq=004991 caller=QUEST2 WSAVS DIST                 pc=70168717 area_wfp=74003964 argc=4 frame=0 real_wsp=700015AA shadow_wsp=700015B4 master_wfp=700015B4 ret=70166E20 depth=1
redirect seq=004993 caller=QUEST2 WRTN  DIST                 area_wfp=74003964 ret_pc=70168732 real_wsp=700015A0 (was 74003950) shadow_wsp=700015A0 master_wfp=700015B4 depth=0
redirect seq=004998 caller=QUEST2 WSAVS DIST                 pc=70168717 area_wfp=74003964 argc=4 frame=0 real_wsp=700015AA shadow_wsp=700015B4 master_wfp=700015B4 ret=70166E20 depth=1
redirect seq=005000 caller=QUEST2 WRTN  DIST                 area_wfp=74003964 ret_pc=70168732 real_wsp=700015A0 (was 74003950) shadow_wsp=700015A0 master_wfp=700015B4 depth=0
redirect seq=005002 caller=QUEST2 WSAVS DIST                 pc=70168717 area_wfp=74003964 argc=4 frame=0 real_wsp=700015AA shadow_wsp=700015B4 master_wfp=700015B4 ret=70166E20 depth=1
redirect seq=005004 caller=QUEST2 WRTN  DIST                 area_wfp=74003964 ret_pc=70168732 real_wsp=700015A0 (was 74003950) shadow_wsp=700015A0 master_wfp=700015B4 depth=0
redirect seq=005006 caller=QUEST2 WSAVS DIST                 pc=70168717 area_wfp=74003964 argc=4 frame=0 real_wsp=700015AA shadow_wsp=700015B4 master_wfp=700015B4 ret=70166E20 depth=1
redirect seq=005008 caller=QUEST2 WRTN  DIST                 area_wfp=74003964 ret_pc=70168732 real_wsp=700015A0 (was 74003950) shadow_wsp=700015A0 master_wfp=700015B4 depth=0
redirect seq=005013 caller=QUEST2 WSAVS DIST                 pc=70168717 area_wfp=74003964 argc=4 frame=0 real_wsp=700015AA shadow_wsp=700015B4 master_wfp=700015B4 ret=70166E20 depth=1
redirect seq=005015 caller=QUEST2 WRTN  DIST                 area_wfp=74003964 ret_pc=70168732 real_wsp=700015A0 (was 74003950) shadow_wsp=700015A0 master_wfp=700015B4 depth=0
redirect seq=005017 caller=QUEST2 WSAVS DIST                 pc=70168717 area_wfp=74003964 argc=4 frame=0 real_wsp=700015AA shadow_wsp=700015B4 master_wfp=700015B4 ret=70166E20 depth=1
redirect seq=005019 caller=QUEST2 WRTN  DIST                 area_wfp=74003964 ret_pc=70168732 real_wsp=700015A0 (was 74003950) shadow_wsp=700015A0 master_wfp=700015B4 depth=0
redirect seq=005021 caller=QUEST2 WSAVS DIST                 pc=70168717 area_wfp=74003964 argc=4 frame=0 real_wsp=700015AA shadow_wsp=700015B4 master_wfp=700015B4 ret=70166E20 depth=1
redirect seq=005024 caller=QUEST2 WRTN  DIST                 area_wfp=74003964 ret_pc=70168732 real_wsp=700015A0 (was 74003950) shadow_wsp=700015A0 master_wfp=700015B4 depth=0
redirect seq=005026 caller=QUEST2 WSAVS DIST                 pc=70168717 area_wfp=74003964 argc=4 frame=0 real_wsp=700015AA shadow_wsp=700015B4 master_wfp=700015B4 ret=70166E20 depth=1
redirect seq=005030 caller=QUEST2 WRTN  DIST                 area_wfp=74003964 ret_pc=70168732 real_wsp=700015A0 (was 74003950) shadow_wsp=700015A0 master_wfp=700015B4 depth=0
redirect seq=005032 caller=QUEST2 WSAVS DIST                 pc=70168717 area_wfp=74003964 argc=4 frame=0 real_wsp=700015AA shadow_wsp=700015B4 master_wfp=700015B4 ret=70166E20 depth=1
redirect seq=005034 caller=QUEST2 WRTN  DIST                 area_wfp=74003964 ret_pc=70168732 real_wsp=700015A0 (was 74003950) shadow_wsp=700015A0 master_wfp=700015B4 depth=0
redirect seq=005036 caller=QUEST2 WSAVS DIST                 pc=70168717 area_wfp=74003964 argc=4 frame=0 real_wsp=700015AA shadow_wsp=700015B4 master_wfp=700015B4 ret=70166E20 depth=1
redirect seq=005038 caller=QUEST2 WRTN  DIST                 area_wfp=74003964 ret_pc=70168732 real_wsp=700015A0 (was 74003950) shadow_wsp=700015A0 master_wfp=700015B4 depth=0
redirect seq=005043 caller=QUEST2 WSAVS DIST                 pc=70168717 area_wfp=74003964 argc=4 frame=0 real_wsp=700015AA shadow_wsp=700015B4 master_wfp=700015B4 ret=70166E20 depth=1
redirect seq=005045 caller=QUEST2 WRTN  DIST                 area_wfp=74003964 ret_pc=70168732 real_wsp=700015A0 (was 74003950) shadow_wsp=700015A0 master_wfp=700015B4 depth=0
redirect seq=005047 caller=QUEST2 WSAVS DIST                 pc=70168717 area_wfp=74003964 argc=4 frame=0 real_wsp=700015AA shadow_wsp=700015B4 master_wfp=700015B4 ret=70166E20 depth=1
redirect seq=005049 caller=QUEST2 WRTN  DIST                 area_wfp=74003964 ret_pc=70168732 real_wsp=700015A0 (was 74003950) shadow_wsp=700015A0 master_wfp=700015B4 depth=0
redirect seq=005051 caller=QUEST2 WSAVS DIST                 pc=70168717 area_wfp=74003964 argc=4 frame=0 real_wsp=700015AA shadow_wsp=700015B4 master_wfp=700015B4 ret=70166E20 depth=1
redirect seq=005053 caller=QUEST2 WRTN  DIST                 area_wfp=74003964 ret_pc=70168732 real_wsp=700015A0 (was 74003950) shadow_wsp=700015A0 master_wfp=700015B4 depth=0
redirect seq=005057 caller=QUEST2 WSAVS DIST                 pc=70168717 area_wfp=74003964 argc=4 frame=0 real_wsp=700015AA shadow_wsp=700015B4 master_wfp=700015B4 ret=70166E20 depth=1
redirect seq=005059 caller=QUEST2 WRTN  DIST                 area_wfp=74003964 ret_pc=70168732 real_wsp=700015A0 (was 74003950) shadow_wsp=700015A0 master_wfp=700015B4 depth=0
redirect seq=005061 caller=QUEST2 WSAVS DIST                 pc=70168717 area_wfp=74003964 argc=4 frame=0 real_wsp=700015AA shadow_wsp=700015B4 master_wfp=700015B4 ret=70166E20 depth=1
redirect seq=005063 caller=QUEST2 WRTN  DIST                 area_wfp=74003964 ret_pc=70168732 real_wsp=700015A0 (was 74003950) shadow_wsp=700015A0 master_wfp=700015B4 depth=0
redirect seq=005066 caller=QUEST2 WSAVS DIST                 pc=70168717 area_wfp=74003964 argc=4 frame=0 real_wsp=700015AA shadow_wsp=700015B4 master_wfp=700015B4 ret=70166E20 depth=1
redirect seq=005068 caller=QUEST2 WRTN  DIST                 area_wfp=74003964 ret_pc=70168732 real_wsp=700015A0 (was 74003950) shadow_wsp=700015A0 master_wfp=700015B4 depth=0
redirect seq=005073 caller=QUEST2 WSAVS DIST                 pc=70168717 area_wfp=74003964 argc=4 frame=0 real_wsp=700015AA shadow_wsp=700015B4 master_wfp=700015B4 ret=70166E20 depth=1
redirect seq=005075 caller=QUEST2 WRTN  DIST                 area_wfp=74003964 ret_pc=70168732 real_wsp=700015A0 (was 74003950) shadow_wsp=700015A0 master_wfp=700015B4 depth=0
redirect seq=005077 caller=QUEST2 WSAVS DIST                 pc=70168717 area_wfp=74003964 argc=4 frame=0 real_wsp=700015AA shadow_wsp=700015B4 master_wfp=700015B4 ret=70166E20 depth=1
redirect seq=005079 caller=QUEST2 WRTN  DIST                 area_wfp=74003964 ret_pc=70168732 real_wsp=700015A0 (was 74003950) shadow_wsp=700015A0 master_wfp=700015B4 depth=0
redirect seq=005081 caller=QUEST2 WSAVS DIST                 pc=70168717 area_wfp=74003964 argc=4 frame=0 real_wsp=700015AA shadow_wsp=700015B4 master_wfp=700015B4 ret=70166E20 depth=1
redirect seq=005083 caller=QUEST2 WRTN  DIST                 area_wfp=74003964 ret_pc=70168732 real_wsp=700015A0 (was 74003950) shadow_wsp=700015A0 master_wfp=700015B4 depth=0
redirect seq=005088 caller=QUEST2 WSAVS DIST                 pc=70168717 area_wfp=74003964 argc=4 frame=0 real_wsp=700015AA shadow_wsp=700015B4 master_wfp=700015B4 ret=70166E20 depth=1
redirect seq=005090 caller=QUEST2 WRTN  DIST                 area_wfp=74003964 ret_pc=70168732 real_wsp=700015A0 (was 74003950) shadow_wsp=700015A0 master_wfp=700015B4 depth=0
redirect seq=005092 caller=QUEST2 WSAVS DIST                 pc=70168717 area_wfp=74003964 argc=4 frame=0 real_wsp=700015AA shadow_wsp=700015B4 master_wfp=700015B4 ret=70166E20 depth=1
redirect seq=005094 caller=QUEST2 WRTN  DIST                 area_wfp=74003964 ret_pc=70168732 real_wsp=700015A0 (was 74003950) shadow_wsp=700015A0 master_wfp=700015B4 depth=0
redirect seq=005096 caller=QUEST2 WSAVS DIST                 pc=70168717 area_wfp=74003964 argc=4 frame=0 real_wsp=700015AA shadow_wsp=700015B4 master_wfp=700015B4 ret=70166E20 depth=1
redirect seq=005098 caller=QUEST2 WRTN  DIST                 area_wfp=74003964 ret_pc=70168732 real_wsp=700015A0 (was 74003950) shadow_wsp=700015A0 master_wfp=700015B4 depth=0
redirect seq=005101 caller=QUEST2 WSAVS TERRITORY            pc=7017CD71 area_wfp=74009958 argc=6 frame=22 real_wsp=700015AE shadow_wsp=700015E4 master_wfp=700015B8 ret=701670F2 depth=1
redirect seq=005128 caller=QUEST2 WRTN  TERRITORY            area_wfp=74009958 ret_pc=7017CFAF real_wsp=700015A0 (was 74009940) shadow_wsp=700015A0 master_wfp=700015B8 depth=0
redirect seq=005130 caller=QUEST2 WSAVS TOWER_ATTACK         pc=7017D0ED area_wfp=740099AE argc=1 frame=94 real_wsp=70001150 shadow_wsp=70001216 master_wfp=7000115A ret=701788EF depth=1
redirect seq=005141 caller=QUEST2 WRTN  TOWER_ATTACK         area_wfp=740099AE ret_pc=7017D40B real_wsp=7000114C (was 740099A0) shadow_wsp=7000114C master_wfp=7000115A depth=0
redirect seq=005143 caller=QUEST2 WSAVS REPORT               pc=70176C0B area_wfp=7400738C argc=0 frame=258 real_wsp=7000114E shadow_wsp=7000135C master_wfp=70001158 ret=701788F3 depth=1
redirect seq=005144 caller=QUEST2 WRTN  REPORT               area_wfp=7400738C ret_pc=70176F46 real_wsp=7000114C (was 74007380) shadow_wsp=7000114C master_wfp=70001158 depth=0
redirect seq=005146 caller=QUEST2 WSAVS THIEF                pc=7017B42F area_wfp=74007C0E argc=1 frame=68 real_wsp=70001150 shadow_wsp=700011E2 master_wfp=7000115A ret=701788FA depth=1
redirect seq=005147 caller=QUEST2 WRTN  THIEF                area_wfp=74007C0E ret_pc=7017B431 real_wsp=7000114C (was 74007C00) shadow_wsp=7000114C master_wfp=7000115A depth=0
redirect seq=005149 caller=QUEST2 WSAVS CATAPULT             pc=70161CBF area_wfp=74000EBE argc=1 frame=26 real_wsp=70001150 shadow_wsp=7000118E master_wfp=7000115A ret=70178901 depth=1
redirect seq=005151 caller=QUEST2 WRTN  CATAPULT             area_wfp=74000EBE ret_pc=70161FAE real_wsp=7000114C (was 74000EB0) shadow_wsp=7000114C master_wfp=7000115A depth=0
redirect seq=005153 caller=QUEST2 WSAVS DEFEND               pc=70165863 area_wfp=7400304C argc=0 frame=148 real_wsp=7000114E shadow_wsp=70001280 master_wfp=70001158 ret=70178930 depth=1
redirect seq=005155 caller=QUEST2 WRTN  DEFEND               area_wfp=7400304C ret_pc=70165D6E real_wsp=7000114C (was 74003040) shadow_wsp=7000114C master_wfp=70001158 depth=0
redirect seq=005168 caller=QUEST2 WSAVS GET_INPUT            pc=7016AA35 area_wfp=74003ECE argc=1 frame=41 real_wsp=70001150 shadow_wsp=700011AC master_wfp=7000115A ret=70178C3F depth=1
redirect seq=005176 caller=QUEST2 WRTN  GET_INPUT            area_wfp=74003ECE ret_pc=7016AA66 real_wsp=7000114C (was 74003EC0) shadow_wsp=7000114C master_wfp=7000115A depth=0
redirect seq=005209 caller=QUEST2 WSAVS GET_INPUT            pc=7016AA35 area_wfp=74003ECE argc=1 frame=41 real_wsp=70001150 shadow_wsp=700011AC master_wfp=7000115A ret=70178C3F depth=1
redirect seq=005217 caller=QUEST2 WRTN  GET_INPUT            area_wfp=74003ECE ret_pc=7016AA66 real_wsp=7000114C (was 74003EC0) shadow_wsp=7000114C master_wfp=7000115A depth=0
redirect seq=005241 caller=QUEST2 WSAVS AUTO_MOVE            pc=7015FA73 area_wfp=74000A00 argc=2 frame=16 real_wsp=70001152 shadow_wsp=7000117C master_wfp=7000115C ret=70178D56 depth=1
redirect seq=005252 caller=QUEST2 WSAVS GET_INPUT            pc=7016AA35 area_wfp=74003ECE argc=1 frame=41 real_wsp=7000115A shadow_wsp=700011E0 master_wfp=7000118E ret=7015FAA6 depth=2
redirect seq=005260 caller=QUEST2 WRTN  GET_INPUT            area_wfp=74003ECE ret_pc=7016AA66 real_wsp=70001156 (was 74003EC0) shadow_wsp=70001180 master_wfp=7000118E depth=1
redirect seq=005277 caller=QUEST2 WSAVS READ_IN              pc=701766ED area_wfp=740072BC argc=0 frame=6 real_wsp=70001158 shadow_wsp=70001198 master_wfp=7000118C ret=7015FB7E depth=2
redirect seq=005289 caller=QUEST2 WRTN  READ_IN              area_wfp=740072BC ret_pc=7017E77D real_wsp=70001156 (was 740072B0) shadow_wsp=70001180 master_wfp=7000118C depth=1
redirect seq=005302 caller=QUEST2 WRTN  AUTO_MOVE            area_wfp=74000A00 ret_pc=7017E77D real_wsp=7000114C (was 740009F0) shadow_wsp=7000114C master_wfp=7000115C depth=0
redirect seq=005309 caller=QUEST2 WSAVS OWNS                 pc=70175CBF area_wfp=74007120 argc=2 frame=3 real_wsp=7000131E shadow_wsp=7000132E master_wfp=70001328 ret=70171114 depth=1
redirect seq=005310 caller=QUEST2 WRTN  OWNS                 area_wfp=74007120 ret_pc=70175D3C real_wsp=70001318 (was 74007110) shadow_wsp=70001318 master_wfp=70001328 depth=0
redirect seq=005312 caller=QUEST2 WSAVS OWNS                 pc=70175CBF area_wfp=74007120 argc=2 frame=3 real_wsp=7000131E shadow_wsp=7000132E master_wfp=70001328 ret=70171128 depth=1
redirect seq=005313 caller=QUEST2 WRTN  OWNS                 area_wfp=74007120 ret_pc=70175D08 real_wsp=70001318 (was 74007110) shadow_wsp=70001318 master_wfp=70001328 depth=0
redirect seq=005315 caller=QUEST2 WSAVS OWNS                 pc=70175CBF area_wfp=74007120 argc=2 frame=3 real_wsp=7000131E shadow_wsp=7000132E master_wfp=70001328 ret=70171133 depth=1
redirect seq=005317 caller=QUEST2 WRTN  OWNS                 area_wfp=74007120 ret_pc=70175DA8 real_wsp=70001318 (was 74007110) shadow_wsp=70001318 master_wfp=70001328 depth=0
redirect seq=005319 caller=QUEST2 WSAVS TERRAIN              pc=7017C877 area_wfp=740098DE argc=9 frame=15 real_wsp=7000132C shadow_wsp=70001354 master_wfp=70001336 ret=70171192 depth=1
redirect seq=005320 caller=QUEST2 WRTN  TERRAIN              area_wfp=740098DE ret_pc=7017CA4B real_wsp=70001318 (was 740098C0) shadow_wsp=70001318 master_wfp=70001336 depth=0
redirect seq=005338 caller=QUEST2 WSAVS TERRAIN              pc=7017C877 area_wfp=740098DE argc=9 frame=15 real_wsp=7000132C shadow_wsp=70001354 master_wfp=70001336 ret=70171337 depth=1
redirect seq=005339 caller=QUEST2 WRTN  TERRAIN              area_wfp=740098DE ret_pc=7017CA4B real_wsp=70001318 (was 740098C0) shadow_wsp=70001318 master_wfp=70001336 depth=0
redirect seq=005341 caller=QUEST2 WSAVS FIND_OBJECT          pc=7016A88F area_wfp=74003EA2 argc=3 frame=6 real_wsp=70001320 shadow_wsp=70001336 master_wfp=7000132A ret=70172343 depth=1
