# site	callee	argc	block	shape	needs_t	refuse	pushes(program order)	args(arg1..argN)
7015BE91	?OPEN_SHARED_IO_FILE	5	7015BE78	contiguous	0	-	7015BE87 XPEF [pc+0x7EEF] (0x7015BD77) | 7015BE89 WPSH 0,0 | 7015BE8A XPEF [ac3+0xA] | 7015BE8C XPEF [ac3+0xC] | 7015BE8E LPEF [0x70000264]	0x70000264 | wp(ac3, 12) | wp(ac3, 10) | ac0 | 0x7015BD77
7015BEAE	?OPEN_SHARED_IO_FILE	5	7015BE95	contiguous	0	-	7015BEA4 XPEF [pc+0x7ECE] (0x7015BD73) | 7015BEA6 WPSH 0,0 | 7015BEA7 XPEF [ac3+0xA] | 7015BEA9 XPEF [ac3+0xC] | 7015BEAB LPEF [0x70000266]	0x70000266 | wp(ac3, 12) | wp(ac3, 10) | ac0 | 0x7015BD73
7015BECB	?OPEN_SHARED_IO_FILE	5	7015BEB2	contiguous	0	-	7015BEC1 XPEF [pc+0x7EB5] (0x7015BD77) | 7015BEC3 WPSH 0,0 | 7015BEC4 XPEF [ac3+0xA] | 7015BEC6 XPEF [ac3+0xC] | 7015BEC8 LPEF [0x70000268]	0x70000268 | wp(ac3, 12) | wp(ac3, 10) | ac0 | 0x7015BD77
7015BEDF	?GET_SHARED_PAGE	4	7015BECF	contiguous	0	-	7015BED5 XPEF [ac3+0xC] | 7015BED7 XPEF [ac3+0xA] | 7015BED9 LPEF [0x70000210] | 7015BEDC LPEF [0x70000264]	0x70000264 | 0x70000210 | wp(ac3, 10) | wp(ac3, 12)
7015BEFA	?GET_SHARED_PAGE	4	7015BEE3	contiguous	0	-	7015BEF0 XPEF [ac3+0xC] | 7015BEF2 XPEF [ac3+0xA] | 7015BEF4 LPEF [0x70000212] | 7015BEF7 LPEF [0x70000266]	0x70000266 | 0x70000212 | wp(ac3, 10) | wp(ac3, 12)
7015BF13	?GET_SHARED_PAGE	4	7015BEFE	contiguous	0	-	7015BF09 XPEF [ac3+0xC] | 7015BF0B XPEF [ac3+0xA] | 7015BF0D LPEF [0x70000214] | 7015BF10 LPEF [0x70000268]	0x70000268 | 0x70000214 | wp(ac3, 10) | wp(ac3, 12)
7015C01F	?OPEN_FILE	2	7015C00F	contiguous	0	-	7015C01A XPEF [ac3+0xE] | 7015C01C LPEF [0x70000260]	0x70000260 | wp(ac3, 14)
7015C033	?OPEN_FILE	2	7015C023	contiguous	0	-	7015C02E XPEF [ac3+0xE] | 7015C030 LPEF [0x70000262]	0x70000262 | wp(ac3, 14)
7015C047	?WRITE_SCREEN	2	7015C037	contiguous	0	-	7015C042 XPEF [ac3+0x14] | 7015C044 LPEF [0x70000260]	0x70000260 | wp(ac3, 20)
7015C05B	?WRITE_SCREEN	2	7015C04B	contiguous	0	-	7015C056 XPEF [ac3+0x20] | 7015C058 LPEF [0x70000260]	0x70000260 | wp(ac3, 32)
7015C07E	?WRITE_SCREEN	2	7015C06E	contiguous	0	-	7015C079 XPEF [ac3+0x20] | 7015C07B LPEF [0x70000260]	0x70000260 | wp(ac3, 32)
7015C100	?WRITE_SCREEN	2	7015C0F0	contiguous	0	-	7015C0FB XPEF [ac3+0x2E] | 7015C0FD LPEF [0x70000260]	0x70000260 | wp(ac3, 46)
7015C211	?WRITE_SCREEN	2	7015C201	contiguous	0	-	7015C20C XPEF [ac3+0x20] | 7015C20E LPEF [0x70000260]	0x70000260 | wp(ac3, 32)
7015C26D	?WRITE_SCREEN	2	7015C25D	contiguous	0	-	7015C268 XPEF [ac3+0x20] | 7015C26A LPEF [0x70000260]	0x70000260 | wp(ac3, 32)
7015C3A0	?CREATE_TASK	2	7015C390	contiguous	0	-	7015C39C XPEF [ac3+0x14] | 7015C39E XPEF [ac3+0xE]	wp(ac3, 14) | wp(ac3, 20)
7015C840	?RANDOM_NUMBER	3	7015C823	contiguous	0	-	7015C83A XPEF [ac2+0x28] | 7015C83C XPEF [ac3+0x34] | 7015C83E XPEF [ac3+0x32]	wp(ac3, 50) | wp(ac3, 52) | wp(ac2, 40)
7015C862	?RANDOM_NUMBER	3	7015C84B	contiguous	0	-	7015C85C XPEF [ac2+0x28] | 7015C85E XPEF [ac3+0x34] | 7015C860 XPEF [ac3+0x32]	wp(ac3, 50) | wp(ac3, 52) | wp(ac2, 40)
7015C889	?WRITE_SCREEN	5	7015C866	contiguous	0	-	7015C87E XPEF [ac3+0x44] | 7015C880 XPEF [ac3+0x34] | 7015C882 XPEF [ac3+0x32] | 7015C884 XPEF [ac3+0x36] | 7015C886 LPEF [0x70000260]	0x70000260 | wp(ac3, 54) | wp(ac3, 50) | wp(ac3, 52) | wp(ac3, 68)
7015C8AE	?WRITE_SCREEN	2	7015C89E	contiguous	0	-	7015C8A9 XPEF [ac3+0x46] | 7015C8AB LPEF [0x70000260]	0x70000260 | wp(ac3, 70)
7015C8C4	?RANDOM_NUMBER	3	7015C8B3	contiguous	0	-	7015C8BE XPEF [ac2+0x28] | 7015C8C0 XPEF [ac3+0x34] | 7015C8C2 XPEF [ac3+0x32]	wp(ac3, 50) | wp(ac3, 52) | wp(ac2, 40)
7015C8DB	?WRITE_SCREEN	2	7015C8C8	contiguous	0	-	7015C8D6 XPEF [ac3+0x64] | 7015C8D8 LPEF [0x70000260]	0x70000260 | wp(ac3, 100)
7015C92E	?WRITE_SCREEN	2	7015C8EA	contiguous	0	-	7015C929 XPEF [ac3+0xC6] | 7015C92B LPEF [0x70000260]	0x70000260 | wp(ac3, 198)
7015C96B	?WRITE_SCREEN	2	7015C95B	contiguous	0	-	7015C966 XPEF [ac3+0x8A] | 7015C968 LPEF [0x70000260]	0x70000260 | wp(ac3, 138)
7015C988	?WRITE_SCREEN	2	7015C978	contiguous	0	-	7015C983 XPEF [ac3+0x8A] | 7015C985 LPEF [0x70000260]	0x70000260 | wp(ac3, 138)
7015CA35	?WRITE_SCREEN	2	7015CA25	contiguous	0	-	7015CA30 XPEF [ac3+0x46] | 7015CA32 LPEF [0x70000260]	0x70000260 | wp(ac3, 70)
7015CA4C	?RANDOM_NUMBER	3	7015CA3B	contiguous	0	-	7015CA46 XPEF [ac2+0x28] | 7015CA48 XPEF [ac3+0x34] | 7015CA4A XPEF [ac3+0x32]	wp(ac3, 50) | wp(ac3, 52) | wp(ac2, 40)
7015CA64	?RANDOM_NUMBER	3	7015CA50	contiguous	0	-	7015CA5E XPEF [ac2+0x28] | 7015CA60 XPEF [ac3+0x34] | 7015CA62 XPEF [ac3+0x32]	wp(ac3, 50) | wp(ac3, 52) | wp(ac2, 40)
7015CADD	?WRITE_SCREEN	2	7015CA99	contiguous	0	-	7015CAD8 XPEF [ac3+0x8A] | 7015CADA LPEF [0x70000260]	0x70000260 | wp(ac3, 138)
7015CB63	?WRITE_SCREEN	2	7015CB0B	contiguous	0	-	7015CB5E XPEF [ac3+0x8A] | 7015CB60 LPEF [0x70000260]	0x70000260 | wp(ac3, 138)
7015CBD3	?WRITE_SCREEN	2	7015CBC3	contiguous	0	-	7015CBCE XPEF [ac3+0x36] | 7015CBD0 LPEF [0x70000260]	0x70000260 | wp(ac3, 54)
7015CCA4	?RANDOM_NUMBER	3	7015CC93	contiguous	0	-	7015CC9E XPEF [ac2+0x28] | 7015CCA0 XPEF [ac3+0x4] | 7015CCA2 XPEF [ac3+0x2]	wp(ac3, 2) | wp(ac3, 4) | wp(ac2, 40)
7015CCF5	?RANDOM_NUMBER	3	7015CCE4	contiguous	0	-	7015CCEF XPEF [ac2+0x28] | 7015CCF1 XPEF [ac3+0x4] | 7015CCF3 XPEF [ac3+0x2]	wp(ac3, 2) | wp(ac3, 4) | wp(ac2, 40)
7015CD46	?RANDOM_NUMBER	3	7015CD35	contiguous	0	-	7015CD40 XPEF [ac2+0x28] | 7015CD42 XPEF [ac3+0x4] | 7015CD44 XPEF [ac3+0x2]	wp(ac3, 2) | wp(ac3, 4) | wp(ac2, 40)
7015CD98	?RANDOM_NUMBER	3	7015CD87	contiguous	0	-	7015CD92 XPEF [ac2+0x28] | 7015CD94 XPEF [ac3+0x4] | 7015CD96 XPEF [ac3+0x2]	wp(ac3, 2) | wp(ac3, 4) | wp(ac2, 40)
7015CDEF	?RANDOM_NUMBER	3	7015CDDE	contiguous	0	-	7015CDE9 XPEF [ac2+0x28] | 7015CDEB XPEF [ac3+0x4] | 7015CDED XPEF [ac3+0x2]	wp(ac3, 2) | wp(ac3, 4) | wp(ac2, 40)
7015CE95	?WRITE_SCREEN	2	7015CE51	contiguous	0	-	7015CE90 XPEF [ac3+0x42] | 7015CE92 LPEF [0x70000260]	0x70000260 | wp(ac3, 66)
7015CF2E	?WRITE_SCREEN	2	7015CEE8	contiguous	0	-	7015CF29 XPEF [ac3+0x42] | 7015CF2B LPEF [0x70000260]	0x70000260 | wp(ac3, 66)
7015D07A	?WRITE_SCREEN	2	7015D068	contiguous	0	-	7015D075 XPEF [ac3+0x2] | 7015D077 LPEF [0x70000260]	0x70000260 | wp(ac3, 2)
7015D094	?OPEN_FILE	2	7015D085	contiguous	0	-	7015D090 XPEF [ac3+0x216] | 7015D092 XPEF [ac3+0xD]	wp(ac3, 13) | wp(ac3, 534)
7015D0AD	?WRITE_SCREEN	2	7015D09D	contiguous	0	-	7015D0A8 XPEF [ac3+0x220] | 7015D0AA LPEF [0x70000260]	0x70000260 | wp(ac3, 544)
7015D0E5	?WRITE_SCREEN	2	7015D0D5	contiguous	0	-	7015D0E0 XPEF [ac3+0x220] | 7015D0E2 LPEF [0x70000260]	0x70000260 | wp(ac3, 544)
7015D10B	?WRITE_SCREEN	2	7015D0F8	contiguous	0	-	7015D106 XPEF [ac3+0x216] | 7015D108 LPEF [0x70000260]	0x70000260 | wp(ac3, 534)
7015D143	?WRITE_SCREEN	2	7015D12A	contiguous	0	-	7015D13E XPEF [ac3+0x216] | 7015D140 LPEF [0x70000260]	0x70000260 | wp(ac3, 534)
7015D176	?READ	7	7015D150	contiguous	0	-	7015D168 XPEF [ac3+0x24C] | 7015D16A XPEF [ac3+0x24A] | 7015D16C XPEF [ac3+0x220] | 7015D16E XPEF [ac3+0x17] | 7015D170 XPEF [ac3+0x12] | 7015D172 XPEF [ac3+0x216] | 7015D174 XPEF [ac3+0xD]	wp(ac3, 13) | wp(ac3, 534) | wp(ac3, 18) | wp(ac3, 23) | wp(ac3, 544) | wp(ac3, 586) | wp(ac3, 588)
7015D1E2	?WRITE_SCREEN	2	7015D1AB	contiguous	0	-	7015D1DD XPEF [ac3+0x220] | 7015D1DF LPEF [0x70000260]	0x70000260 | wp(ac3, 544)
7015D255	?WRITE_SCREEN	2	7015D245	contiguous	0	-	7015D250 XPEF [ac3+0x24E] | 7015D252 LPEF [0x70000260]	0x70000260 | wp(ac3, 590)
7015D2BA	?READ	4	7015D2AD	contiguous	0	-	7015D2B2 XPEF [ac3+0x17] | 7015D2B4 XPEF [ac3+0x12] | 7015D2B6 XPEF [ac3+0x24A] | 7015D2B8 XPEF [ac3+0xD]	wp(ac3, 13) | wp(ac3, 586) | wp(ac3, 18) | wp(ac3, 23)
7015D2D5	?WRITE_SCREEN	2	7015D2C5	contiguous	0	-	7015D2D0 XPEF [ac3+0x24E] | 7015D2D2 LPEF [0x70000260]	0x70000260 | wp(ac3, 590)
7015D2F5	?CLOSE_FILE	1	7015D2F3	contiguous	0	-	7015D2F3 XPEF [ac3+0xD]	wp(ac3, 13)
7015D930	?UNSIGNED_TO_CHAR	1	7015D923	XLEF	0	-	7015D92C XPEF [ac3+0x2C]	wp(ac3, 44)
7015D967	?UNSIGNED_TO_CHAR	1	7015D958	XLEF	0	-	7015D963 XPEF [ac3+0x2C]	wp(ac3, 44)
7015DA46	?WRITE_SCREEN	5	7015D9A7	contiguous	0	-	7015DA3B XPEF [ac3+0x30] | 7015DA3D XPEF [ac3+0x2E] | 7015DA3F XPEF [ac3+0x2C] | 7015DA41 XPEF [ac3+0x124] | 7015DA43 LPEF [0x70000260]	0x70000260 | wp(ac3, 292) | wp(ac3, 44) | wp(ac3, 46) | wp(ac3, 48)
7015DABA	?WRITE_SCREEN	5	7015DA51	contiguous	0	-	7015DAAF XPEF [ac3+0x44] | 7015DAB1 XPEF [ac3+0x2E] | 7015DAB3 XPEF [ac3+0x2C] | 7015DAB5 XPEF [ac3+0x124] | 7015DAB7 LPEF [0x70000260]	0x70000260 | wp(ac3, 292) | wp(ac3, 44) | wp(ac3, 46) | wp(ac3, 68)
7015DADC	?WRITE_SCREEN	2	7015DACC	contiguous	0	-	7015DAD7 XPEF [ac3+0x32] | 7015DAD9 LPEF [0x70000260]	0x70000260 | wp(ac3, 50)
7015DAF0	?WRITE_SCREEN	2	7015DAE0	contiguous	0	-	7015DAEB XPEF [ac3+0x32] | 7015DAED LPEF [0x70000260]	0x70000260 | wp(ac3, 50)
7015DB18	?WRITE_SCREEN	2	7015DB08	contiguous	0	-	7015DB13 XPEF [ac3+0x32] | 7015DB15 LPEF [0x70000260]	0x70000260 | wp(ac3, 50)
7015DB2C	?WRITE_SCREEN	2	7015DB1C	contiguous	0	-	7015DB27 XPEF [ac3+0x32] | 7015DB29 LPEF [0x70000260]	0x70000260 | wp(ac3, 50)
7015DB7C	?WRITE_SCREEN	2	7015DB6C	contiguous	0	-	7015DB77 XPEF [ac3+0x78] | 7015DB79 LPEF [0x70000260]	0x70000260 | wp(ac3, 120)
7015DB92	?WRITE_SCREEN	2	7015DB82	contiguous	0	-	7015DB8D XPEF [ac3+0x48] | 7015DB8F LPEF [0x70000260]	0x70000260 | wp(ac3, 72)
7015DBF6	?WRITE_SCREEN	2	7015DBBD	contiguous	0	-	7015DBF1 XPEF [ac3+0x32] | 7015DBF3 LPEF [0x70000260]	0x70000260 | wp(ac3, 50)
7015DC1A	?WRITE_SCREEN	2	7015DC0A	contiguous	0	-	7015DC15 XPEF [ac3+0x32] | 7015DC17 LPEF [0x70000260]	0x70000260 | wp(ac3, 50)
7015DC5C	?WRITE_SCREEN	2	7015DC4C	contiguous	0	-	7015DC57 XPEF [ac3+0x32] | 7015DC59 LPEF [0x70000260]	0x70000260 | wp(ac3, 50)
7015DC70	?WRITE_SCREEN	2	7015DC60	contiguous	0	-	7015DC6B XPEF [ac3+0x32] | 7015DC6D LPEF [0x70000260]	0x70000260 | wp(ac3, 50)
7015DCE5	?RANDOM_NUMBER	3	7015DCC2	contiguous	0	-	7015DCDF XPEF [ac2+0x28] | 7015DCE1 XPEF [ac3+0x2E] | 7015DCE3 XPEF [ac3+0x2C]	wp(ac3, 44) | wp(ac3, 46) | wp(ac2, 40)
7015DD5B	?WRITE_SCREEN	2	7015DD4B	contiguous	0	-	7015DD56 XPEF [ac3+0x78] | 7015DD58 LPEF [0x70000260]	0x70000260 | wp(ac3, 120)
7015DDAE	?RANDOM_NUMBER	3	7015DD9D	contiguous	0	-	7015DDA8 XPEF [ac2+0x28] | 7015DDAA XPEF [ac3+0x2E] | 7015DDAC XPEF [ac3+0x2C]	wp(ac3, 44) | wp(ac3, 46) | wp(ac2, 40)
7015DDD6	?RANDOM_NUMBER	3	7015DDC5	contiguous	0	-	7015DDD0 XPEF [ac2+0x28] | 7015DDD2 XPEF [ac3+0x2E] | 7015DDD4 XPEF [ac3+0x2C]	wp(ac3, 44) | wp(ac3, 46) | wp(ac2, 40)
7015DE06	?RANDOM_NUMBER	3	7015DDF5	contiguous	0	-	7015DE00 XPEF [ac2+0x28] | 7015DE02 XPEF [ac3+0x2E] | 7015DE04 XPEF [ac3+0x2C]	wp(ac3, 44) | wp(ac3, 46) | wp(ac2, 40)
7015DEB0	?WRITE_SCREEN	2	7015DEA0	contiguous	0	-	7015DEAB XPEF [ac3+0x48] | 7015DEAD LPEF [0x70000260]	0x70000260 | wp(ac3, 72)
7015DEC6	?WRITE_SCREEN	2	7015DEB6	contiguous	0	-	7015DEC1 XPEF [ac3+0x9E] | 7015DEC3 LPEF [0x70000260]	0x70000260 | wp(ac3, 158)
7015DF3E	?WRITE_SCREEN	2	7015DF2E	contiguous	0	-	7015DF39 XPEF [ac3+0x78] | 7015DF3B LPEF [0x70000260]	0x70000260 | wp(ac3, 120)
7015DF84	?WRITE_SCREEN	2	7015DF74	contiguous	0	-	7015DF7F XPEF [ac3+0x78] | 7015DF81 LPEF [0x70000260]	0x70000260 | wp(ac3, 120)
7015DF9C	?UNSIGNED_TO_CHAR	1	7015DF94	XLEF	0	-	7015DF98 XPEF [ac3+0x2C]	wp(ac3, 44)
7015DFD9	?WRITE_SCREEN	2	7015DFA0	contiguous	0	-	7015DFD4 XPEF [ac3+0x78] | 7015DFD6 LPEF [0x70000260]	0x70000260 | wp(ac3, 120)
7015E0B1	?WRITE_SCREEN	2	7015E0A1	contiguous	0	-	7015E0AC XPEF [ac3+0x32] | 7015E0AE LPEF [0x70000260]	0x70000260 | wp(ac3, 50)
7015E0D3	?WRITE_SCREEN	2	7015E0C3	contiguous	0	-	7015E0CE XPEF [ac3+0x32] | 7015E0D0 LPEF [0x70000260]	0x70000260 | wp(ac3, 50)
7015E0E8	?WRITE_SCREEN	2	7015E0D8	contiguous	0	-	7015E0E3 XPEF [ac3+0x78] | 7015E0E5 LPEF [0x70000260]	0x70000260 | wp(ac3, 120)
7015E10E	?DELAY	1	7015E108	contiguous	0	-	7015E10C XPEF [ac3+0x2C]	wp(ac3, 44)
7015E16D	?WRITE_SCREEN	2	7015E129	contiguous	0	-	7015E168 XPEF [ac3+0x2C] | 7015E16A LPEF [0x70000260]	0x70000260 | wp(ac3, 44)
7015E1BF	?RANDOM_NUMBER	3	7015E1A6	XWSTA	0	-	7015E1B7 XPEF [ac2+0x28] | 7015E1B9 XPEF [ac3+0x12] | 7015E1BB XPEF [ac3+0x2]	wp(ac3, 2) | wp(ac3, 18) | wp(ac2, 40)
7015E2CA	?WRITE_SCREEN	2	7015E286	contiguous	0	-	7015E2C5 XPEF [ac3+0x32] | 7015E2C7 LPEF [0x70000260]	0x70000260 | wp(ac3, 50)
7015E33F	?RANDOM_NUMBER	3	7015E326	XWSTA	0	-	7015E337 XPEF [ac2+0x28] | 7015E339 XPEF [ac3+0x6] | 7015E33B XPEF [ac3+0x4]	wp(ac3, 4) | wp(ac3, 6) | wp(ac2, 40)
7015E384	?RANDOM_NUMBER	3	7015E36B	XWSTA	0	-	7015E37C XPEF [ac2+0x28] | 7015E37E XPEF [ac3+0x6] | 7015E380 XPEF [ac3+0x4]	wp(ac3, 4) | wp(ac3, 6) | wp(ac2, 40)
7015E3C5	?RANDOM_NUMBER	3	7015E3AC	XWSTA	0	-	7015E3BD XPEF [ac2+0x28] | 7015E3BF XPEF [ac3+0x6] | 7015E3C1 XPEF [ac3+0x4]	wp(ac3, 4) | wp(ac3, 6) | wp(ac2, 40)
7015E3EF	?RANDOM_NUMBER	3	7015E3D5	contiguous	0	-	7015E3E9 XPEF [ac2+0x28] | 7015E3EB XPEF [ac3+0x6] | 7015E3ED XPEF [ac3+0x4]	wp(ac3, 4) | wp(ac3, 6) | wp(ac2, 40)
7015E486	?RANDOM_NUMBER	3	7015E46D	XWSTA	0	-	7015E47E XPEF [ac2+0x28] | 7015E480 XPEF [ac3+0x6] | 7015E482 XPEF [ac3+0x4]	wp(ac3, 4) | wp(ac3, 6) | wp(ac2, 40)
7015E664	?RANDOM_NUMBER	3	7015E653	contiguous	0	-	7015E65E XPEF [ac2+0x28] | 7015E660 XPEF [ac3+0x6] | 7015E662 XPEF [ac3+0x4]	wp(ac3, 4) | wp(ac3, 6) | wp(ac2, 40)
7015E754	?RANDOM_NUMBER	3	7015E743	contiguous	0	-	7015E74E XPEF [ac2+0x28] | 7015E750 XPEF [ac3+0x6] | 7015E752 XPEF [ac3+0x4]	wp(ac3, 4) | wp(ac3, 6) | wp(ac2, 40)
7015E7D2	?WRITE_SCREEN	2	7015E78E	contiguous	0	-	7015E7CD XPEF [ac3+0xA6] | 7015E7CF LPEF [0x70000260]	0x70000260 | wp(ac3, 166)
7015E897	?WRITE_SCREEN	2	7015E887	contiguous	0	-	7015E892 XPEF [ac3+0xE] | 7015E894 LPEF [0x70000260]	0x70000260 | wp(ac3, 14)
7015E8C7	?WRITE_SCREEN	2	7015E8B7	contiguous	0	-	7015E8C2 XPEF [ac3+0x2A] | 7015E8C4 LPEF [0x70000260]	0x70000260 | wp(ac3, 42)
7015E90A	?RANDOM_NUMBER	3	7015E8F9	contiguous	0	-	7015E904 XPEF [ac2+0x28] | 7015E906 XPEF [ac3+0xE] | 7015E908 XPEF [ac3+0xC]	wp(ac3, 12) | wp(ac3, 14) | wp(ac2, 40)
7015E931	?WRITE_SCREEN	2	7015E921	contiguous	0	-	7015E92C XPEF [ac3+0xE] | 7015E92E LPEF [0x70000260]	0x70000260 | wp(ac3, 14)
7015E94C	?WRITE_SCREEN	2	7015E93C	contiguous	0	-	7015E947 XPEF [ac3+0xE] | 7015E949 LPEF [0x70000260]	0x70000260 | wp(ac3, 14)
7015E95A	?UNSIGNED_TO_CHAR	1	7015E952	XLEF	0	-	7015E956 XPEF [ac3+0xC]	wp(ac3, 12)
7015E997	?WRITE_SCREEN	2	7015E95E	contiguous	0	-	7015E992 XPEF [ac3+0x70] | 7015E994 LPEF [0x70000260]	0x70000260 | wp(ac3, 112)
7015EAEB	?WRITE_SCREEN	2	7015EADB	contiguous	0	-	7015EAE6 XPEF [ac3+0xE] | 7015EAE8 LPEF [0x70000260]	0x70000260 | wp(ac3, 14)
7015EB0D	?WRITE_SCREEN	2	7015EAFD	contiguous	0	-	7015EB08 XPEF [ac3+0xE] | 7015EB0A LPEF [0x70000260]	0x70000260 | wp(ac3, 14)
7015EB2C	?WRITE_SCREEN	2	7015EB1C	contiguous	0	-	7015EB27 XPEF [ac3+0xE] | 7015EB29 LPEF [0x70000260]	0x70000260 | wp(ac3, 14)
7015EBAE	?WRITE_SCREEN	2	7015EB9E	contiguous	0	-	7015EBA9 XPEF [ac3+0xE] | 7015EBAB LPEF [0x70000260]	0x70000260 | wp(ac3, 14)
7015EC43	?WRITE_SCREEN	2	7015EC33	contiguous	0	-	7015EC3E XPEF [ac3+0xE] | 7015EC40 LPEF [0x70000260]	0x70000260 | wp(ac3, 14)
7015ECB1	?WRITE_SCREEN	2	7015ECA1	contiguous	0	-	7015ECAC XPEF [ac3+0xE] | 7015ECAE LPEF [0x70000260]	0x70000260 | wp(ac3, 14)
7015ED82	?WRITE_SCREEN	2	7015ED72	contiguous	0	-	7015ED7D XPEF [ac3+0xE] | 7015ED7F LPEF [0x70000260]	0x70000260 | wp(ac3, 14)
7015EDAB	?WRITE_SCREEN	2	7015ED9B	contiguous	0	-	7015EDA6 XPEF [ac3+0xE] | 7015EDA8 LPEF [0x70000260]	0x70000260 | wp(ac3, 14)
7015EDF8	?RANDOM_NUMBER	3	7015EDD9	contiguous	0	-	7015EDF2 XPEF [ac2+0x28] | 7015EDF4 XPEF [ac3+0x48] | 7015EDF6 XPEF [ac3+0xC]	wp(ac3, 12) | wp(ac3, 72) | wp(ac2, 40)
7015EE0C	?UNSIGNED_TO_CHAR	1	7015EDFC	XLEF	0	-	7015EE08 XPEF [ac3+0xC]	wp(ac3, 12)
7015EE49	?WRITE_SCREEN	2	7015EE10	contiguous	0	-	7015EE44 XPEF [ac3+0x70] | 7015EE46 LPEF [0x70000260]	0x70000260 | wp(ac3, 112)
7015EF33	?WRITE_SCREEN	2	7015EF23	contiguous	0	-	7015EF2E XPEF [ac3+0xE] | 7015EF30 LPEF [0x70000260]	0x70000260 | wp(ac3, 14)
7015EF6B	?RANDOM_NUMBER	3	7015EF5A	contiguous	0	-	7015EF65 XPEF [ac2+0x28] | 7015EF67 XPEF [ac3+0x48] | 7015EF69 XPEF [ac3+0xC]	wp(ac3, 12) | wp(ac3, 72) | wp(ac2, 40)
7015EF94	?UNSIGNED_TO_CHAR	1	7015EF77	XLEF	0	-	7015EF90 XPEF [ac3+0xC]	wp(ac3, 12)
7015EFD1	?WRITE_SCREEN	2	7015EF98	contiguous	0	-	7015EFCC XPEF [ac3+0x70] | 7015EFCE LPEF [0x70000260]	0x70000260 | wp(ac3, 112)
7015F0D0	?WRITE_SCREEN	2	7015F0C0	contiguous	0	-	7015F0CB XPEF [ac3+0xE] | 7015F0CD LPEF [0x70000260]	0x70000260 | wp(ac3, 14)
7015F111	?WRITE_SCREEN	2	7015F101	contiguous	0	-	7015F10C XPEF [ac3+0xE] | 7015F10E LPEF [0x70000260]	0x70000260 | wp(ac3, 14)
7015F127	?WRITE_SCREEN	2	7015F117	contiguous	0	-	7015F122 XPEF [ac3+0x4A] | 7015F124 LPEF [0x70000260]	0x70000260 | wp(ac3, 74)
7015F187	?WRITE_SCREEN	2	7015F177	contiguous	0	-	7015F182 XPEF [ac3+0xE] | 7015F184 LPEF [0x70000260]	0x70000260 | wp(ac3, 14)
7015F225	?WRITE_SCREEN	2	7015F215	contiguous	0	-	7015F220 XPEF [ac3+0xE] | 7015F222 LPEF [0x70000260]	0x70000260 | wp(ac3, 14)
7015F276	?UNSIGNED_TO_CHAR	1	7015F26E	XLEF	0	-	7015F272 XPEF [ac3+0xC]	wp(ac3, 12)
7015F2B3	?WRITE_SCREEN	2	7015F27A	contiguous	0	-	7015F2AE XPEF [ac3+0xBE] | 7015F2B0 LPEF [0x70000260]	0x70000260 | wp(ac3, 190)
7015F2FD	?WRITE_SCREEN	2	7015F2ED	contiguous	0	-	7015F2F8 XPEF [ac3+0xE] | 7015F2FA LPEF [0x70000260]	0x70000260 | wp(ac3, 14)
7015F3A1	?WRITE_SCREEN	2	7015F391	contiguous	0	-	7015F39C XPEF [ac3+0x4A] | 7015F39E LPEF [0x70000260]	0x70000260 | wp(ac3, 74)
7015F40D	?WRITE_SCREEN	2	7015F3F0	contiguous	0	-	7015F408 XPEF [ac3+0xE] | 7015F40A LPEF [0x70000260]	0x70000260 | wp(ac3, 14)
7015F4D6	?WRITE_SCREEN	2	7015F4B9	contiguous	0	-	7015F4D1 XPEF [ac3+0xE] | 7015F4D3 LPEF [0x70000260]	0x70000260 | wp(ac3, 14)
7015F525	?WRITE_SCREEN	2	7015F515	contiguous	0	-	7015F520 XPEF [ac3+0xE] | 7015F522 LPEF [0x70000260]	0x70000260 | wp(ac3, 14)
7015F53B	?RANDOM_NUMBER	3	7015F52A	contiguous	0	-	7015F535 XPEF [ac2+0x28] | 7015F537 XPEF [ac3+0x48] | 7015F539 XPEF [ac3+0xC]	wp(ac3, 12) | wp(ac3, 72) | wp(ac2, 40)
7015F5C7	?WRITE_SCREEN	2	7015F5B7	contiguous	0	-	7015F5C2 XPEF [ac3+0xE] | 7015F5C4 LPEF [0x70000260]	0x70000260 | wp(ac3, 14)
7015F64B	?WRITE_SCREEN	2	7015F63B	contiguous	0	-	7015F646 XPEF [ac3+0xE] | 7015F648 LPEF [0x70000260]	0x70000260 | wp(ac3, 14)
7015F671	?WRITE_SCREEN	2	7015F661	contiguous	0	-	7015F66C XPEF [ac3+0xE] | 7015F66E LPEF [0x70000260]	0x70000260 | wp(ac3, 14)
7015F71F	?WRITE_SCREEN	2	7015F70F	contiguous	0	-	7015F71A XPEF [ac3+0xE] | 7015F71C LPEF [0x70000260]	0x70000260 | wp(ac3, 14)
7015F8B0	?WRITE_SCREEN	2	7015F895	contiguous	0	-	7015F8AB XPEF [ac3+0xE] | 7015F8AD LPEF [0x70000260]	0x70000260 | wp(ac3, 14)
7015F8C7	?WRITE_SCREEN	2	7015F8B7	contiguous	0	-	7015F8C2 XPEF [ac3+0xE] | 7015F8C4 LPEF [0x70000260]	0x70000260 | wp(ac3, 14)
7015F99A	?WRITE_SCREEN	5	7015F90E	contiguous	0	-	7015F98F XPEF [ac3+0x6] | 7015F991 XPEF [ac3+0x4] | 7015F993 XPEF [ac3+0x2] | 7015F995 XPEF [ac3+0x76] | 7015F997 LPEF [0x70000260]	0x70000260 | wp(ac3, 118) | wp(ac3, 2) | wp(ac3, 4) | wp(ac3, 6)
7015FA9C	?WRITE_SCREEN	5	7015FA7C	contiguous	0	-	7015FA91 XPEF [ac3+0x20] | 7015FA93 XPEF [ac3+0x1E] | 7015FA95 XPEF [ac3+0x1C] | 7015FA97 XPEF [ac3+0xE] | 7015FA99 LPEF [0x70000260]	0x70000260 | wp(ac3, 14) | wp(ac3, 28) | wp(ac3, 30) | wp(ac3, 32)
7015FAFE	?WRITE_SCREEN	2	7015FAEE	contiguous	0	-	7015FAF9 XPEF [ac3+0xE] | 7015FAFB LPEF [0x70000260]	0x70000260 | wp(ac3, 14)
7015FB17	?WRITE_SCREEN	2	7015FB07	contiguous	0	-	7015FB12 XPEF [ac3+0xE] | 7015FB14 LPEF [0x70000260]	0x70000260 | wp(ac3, 14)
7015FB30	?WRITE_SCREEN	2	7015FB20	contiguous	0	-	7015FB2B XPEF [ac3+0xE] | 7015FB2D LPEF [0x70000260]	0x70000260 | wp(ac3, 14)
7015FB49	?WRITE_SCREEN	2	7015FB39	contiguous	0	-	7015FB44 XPEF [ac3+0xE] | 7015FB46 LPEF [0x70000260]	0x70000260 | wp(ac3, 14)
7015FB62	?WRITE_SCREEN	2	7015FB52	contiguous	0	-	7015FB5D XPEF [ac3+0xE] | 7015FB5F LPEF [0x70000260]	0x70000260 | wp(ac3, 14)
7015FB76	?WRITE_SCREEN	2	7015FB66	contiguous	0	-	7015FB71 XPEF [ac3+0xE] | 7015FB73 LPEF [0x70000260]	0x70000260 | wp(ac3, 14)
7015FB9B	?WRITE_SCREEN	5	7015FB7E	contiguous	0	-	7015FB90 XPEF [ac3+0x20] | 7015FB92 XPEF [ac3+0x1E] | 7015FB94 XPEF [ac3+0x1C] | 7015FB96 XPEF [ac3+0xE] | 7015FB98 LPEF [0x70000260]	0x70000260 | wp(ac3, 14) | wp(ac3, 28) | wp(ac3, 30) | wp(ac3, 32)
7015FBC2	?CHAR_TO_UNSIGNED	1	7015FBB5	contiguous	0	-	7015FBBF LPEF [0x7000021C]	0x7000021C
7015FD7F	?WRITE_SCREEN	5	7015FD5F	contiguous	0	-	7015FD74 XPEF [ac3+0x28] | 7015FD76 XPEF [ac3+0x26] | 7015FD78 XPEF [ac3+0x24] | 7015FD7A XPEF [ac3+0x14] | 7015FD7C LPEF [0x70000260]	0x70000260 | wp(ac3, 20) | wp(ac3, 36) | wp(ac3, 38) | wp(ac3, 40)
7015FDE8	?WRITE_SCREEN	5	7015FDC8	contiguous	0	-	7015FDDD XPEF [ac3+0x28] | 7015FDDF XPEF [ac3+0x26] | 7015FDE1 XPEF [ac3+0x24] | 7015FDE3 XPEF [ac3+0x2A] | 7015FDE5 LPEF [0x70000260]	0x70000260 | wp(ac3, 42) | wp(ac3, 36) | wp(ac3, 38) | wp(ac3, 40)
7015FE17	?WRITE_SCREEN	5	7015FDEE	contiguous	0	-	7015FE0C XPEF [ac3+0x28] | 7015FE0E XPEF [ac3+0x26] | 7015FE10 XPEF [ac3+0x24] | 7015FE12 XPEF [ac3+0x3C] | 7015FE14 LPEF [0x70000260]	0x70000260 | wp(ac3, 60) | wp(ac3, 36) | wp(ac3, 38) | wp(ac3, 40)
7015FE3B	?WRITE_SCREEN	5	7015FE21	contiguous	0	-	7015FE30 XPEF [ac3+0x28] | 7015FE32 XPEF [ac3+0x26] | 7015FE34 XPEF [ac3+0x24] | 7015FE36 XPEF [ac3+0x14] | 7015FE38 LPEF [0x70000260]	0x70000260 | wp(ac3, 20) | wp(ac3, 36) | wp(ac3, 38) | wp(ac3, 40)
7015FE6B	?WRITE_SCREEN	5	7015FE4B	contiguous	0	-	7015FE60 XPEF [ac3+0x28] | 7015FE62 XPEF [ac3+0x26] | 7015FE64 XPEF [ac3+0x24] | 7015FE66 XPEF [ac3+0x14] | 7015FE68 LPEF [0x70000260]	0x70000260 | wp(ac3, 20) | wp(ac3, 36) | wp(ac3, 38) | wp(ac3, 40)
7015FEAD	?WRITE_SCREEN	5	7015FE8D	contiguous	0	-	7015FEA2 XPEF [ac3+0x28] | 7015FEA4 XPEF [ac3+0x26] | 7015FEA6 XPEF [ac3+0x24] | 7015FEA8 XPEF [ac3+0x14] | 7015FEAA LPEF [0x70000260]	0x70000260 | wp(ac3, 20) | wp(ac3, 36) | wp(ac3, 38) | wp(ac3, 40)
7015FFB3	?WRITE_SCREEN	5	7015FF6A	contiguous	0	-	7015FFA8 XPEF [ac3+0x14] | 7015FFAA XPEF [ac3+0x28] | 7015FFAC XPEF [ac3+0x24] | 7015FFAE XPEF [ac3+0x3C] | 7015FFB0 LPEF [0x70000260]	0x70000260 | wp(ac3, 60) | wp(ac3, 36) | wp(ac3, 40) | wp(ac3, 20)
7015FFD1	?WRITE_SCREEN	5	7015FFB9	contiguous	0	-	7015FFC6 XPEF [ac3+0x28] | 7015FFC8 XPEF [ac3+0x26] | 7015FFCA XPEF [ac3+0x5] | 7015FFCC XPEF [ac3+0x24] | 7015FFCE LPEF [0x70000260]	0x70000260 | wp(ac3, 36) | wp(ac3, 5) | wp(ac3, 38) | wp(ac3, 40)
70160032	?WRITE_SCREEN	5	70160012	contiguous	0	-	70160027 XPEF [ac3+0x28] | 70160029 XPEF [ac3+0x26] | 7016002B XPEF [ac3+0x24] | 7016002D XPEF [ac3+0x64] | 7016002F LPEF [0x70000260]	0x70000260 | wp(ac3, 100) | wp(ac3, 36) | wp(ac3, 38) | wp(ac3, 40)
70160073	?WRITE_SCREEN	5	70160053	contiguous	0	-	70160068 XPEF [ac3+0x28] | 7016006A XPEF [ac3+0x26] | 7016006C XPEF [ac3+0x24] | 7016006E XPEF [ac3+0x88] | 70160070 LPEF [0x70000260]	0x70000260 | wp(ac3, 136) | wp(ac3, 36) | wp(ac3, 38) | wp(ac3, 40)
7016010E	?WRITE_SCREEN	5	701600EE	contiguous	0	-	70160103 XPEF [ac3+0x28] | 70160105 XPEF [ac3+0x26] | 70160107 XPEF [ac3+0x24] | 70160109 XPEF [ac3+0x14] | 7016010B LPEF [0x70000260]	0x70000260 | wp(ac3, 20) | wp(ac3, 36) | wp(ac3, 38) | wp(ac3, 40)
70160184	?WRITE_SCREEN	5	70160169	contiguous	0	-	70160179 XPEF [ac3+0x14] | 7016017B XPEF [ac3+0x28] | 7016017D XPEF [ac3+0x26] | 7016017F XPEF [ac3+0x24] | 70160181 LPEF [0x70000260]	0x70000260 | wp(ac3, 36) | wp(ac3, 38) | wp(ac3, 40) | wp(ac3, 20)
70160488	?WRITE_SCREEN	2	70160478	contiguous	0	-	70160483 XPEF [ac3+0x12] | 70160485 LPEF [0x70000260]	0x70000260 | wp(ac3, 18)
701604BF	?WRITE_SCREEN	2	701604AF	contiguous	0	-	701604BA XPEF [ac3+0x12] | 701604BC LPEF [0x70000260]	0x70000260 | wp(ac3, 18)
701605C1	?WRITE_SCREEN	2	701605B1	contiguous	0	-	701605BC XPEF [ac3+0x32] | 701605BE LPEF [0x70000260]	0x70000260 | wp(ac3, 50)
701605E0	?WRITE_SCREEN	2	701605D0	contiguous	0	-	701605DB XPEF [ac3+0x80] | 701605DD LPEF [0x70000260]	0x70000260 | wp(ac3, 128)
70160673	?WRITE_SCREEN	2	70160657	contiguous	0	-	7016066E XPEF [ac3+0x12] | 70160670 LPEF [0x70000260]	0x70000260 | wp(ac3, 18)
70160706	?WRITE_SCREEN	2	701606F6	contiguous	0	-	70160701 XPEF [ac3+0x32] | 70160703 LPEF [0x70000260]	0x70000260 | wp(ac3, 50)
7016071B	?WRITE_SCREEN	2	7016070B	contiguous	0	-	70160716 XPEF [ac3+0x32] | 70160718 LPEF [0x70000260]	0x70000260 | wp(ac3, 50)
7016082C	?WRITE_SCREEN	2	7016080D	contiguous	0	-	70160827 XPEF [ac3+0x32] | 70160829 LPEF [0x70000260]	0x70000260 | wp(ac3, 50)
7016084F	?WRITE_SCREEN	2	7016083F	contiguous	0	-	7016084A XPEF [ac3+0x12] | 7016084C LPEF [0x70000260]	0x70000260 | wp(ac3, 18)
7016086B	?RANDOM_NUMBER	3	70160854	contiguous	0	-	70160865 XPEF [ac2+0x28] | 70160867 XPEF [ac3+0x6] | 70160869 XPEF [ac3+0x4]	wp(ac3, 4) | wp(ac3, 6) | wp(ac2, 40)
70160895	?WRITE_SCREEN	2	70160885	contiguous	0	-	70160890 XPEF [ac3+0xC] | 70160892 LPEF [0x70000260]	0x70000260 | wp(ac3, 12)
701608A1	?UNSIGNED_TO_CHAR	1	7016089B	XLEF	0	-	7016089D XPEF [ac3+0x4]	wp(ac3, 4)
701608DE	?WRITE_SCREEN	2	701608A5	contiguous	0	-	701608D9 XPEF [ac3+0x6E] | 701608DB LPEF [0x70000260]	0x70000260 | wp(ac3, 110)
7016098A	?WRITE_SCREEN	2	7016097A	contiguous	0	-	70160985 XPEF [ac3+0x26] | 70160987 LPEF [0x70000260]	0x70000260 | wp(ac3, 38)
701609A1	?RANDOM_NUMBER	3	70160990	contiguous	0	-	7016099B XPEF [ac2+0x28] | 7016099D XPEF [ac3+0x24] | 7016099F XPEF [ac3+0x22]	wp(ac3, 34) | wp(ac3, 36) | wp(ac2, 40)
70160A1B	?WRITE_SCREEN	2	701609E2	contiguous	0	-	70160A16 XPEF [ac3+0x68] | 70160A18 LPEF [0x70000260]	0x70000260 | wp(ac3, 104)
70160FB2	?RANDOM_NUMBER	3	70160FA1	contiguous	0	-	70160FAC XPEF [ac2+0x28] | 70160FAE XPEF [ac3+0x26] | 70160FB0 XPEF [ac3+0x24]	wp(ac3, 36) | wp(ac3, 38) | wp(ac2, 40)
70160FCC	?RANDOM_NUMBER	3	70160FB6	contiguous	0	-	70160FC6 XPEF [ac2+0x28] | 70160FC8 XPEF [ac3+0x26] | 70160FCA XPEF [ac3+0x24]	wp(ac3, 36) | wp(ac3, 38) | wp(ac2, 40)
70161024	?RANDOM_NUMBER	3	70161013	contiguous	0	-	7016101E XPEF [ac2+0x28] | 70161020 XPEF [ac3+0x28] | 70161022 XPEF [ac3+0x26]	wp(ac3, 38) | wp(ac3, 40) | wp(ac2, 40)
7016103E	?RANDOM_NUMBER	3	70161028	contiguous	0	-	70161038 XPEF [ac2+0x28] | 7016103A XPEF [ac3+0x28] | 7016103C XPEF [ac3+0x26]	wp(ac3, 38) | wp(ac3, 40) | wp(ac2, 40)
7016109D	?RANDOM_NUMBER	3	7016108C	contiguous	0	-	70161097 XPEF [ac2+0x28] | 70161099 XPEF [ac3+0x26] | 7016109B XPEF [ac3+0x24]	wp(ac3, 36) | wp(ac3, 38) | wp(ac2, 40)
701610B9	?RANDOM_NUMBER	3	701610A1	contiguous	0	-	701610B3 XPEF [ac2+0x28] | 701610B5 XPEF [ac3+0x26] | 701610B7 XPEF [ac3+0x24]	wp(ac3, 36) | wp(ac3, 38) | wp(ac2, 40)
70161150	?RANDOM_NUMBER	3	7016113F	contiguous	0	-	7016114A XPEF [ac2+0x28] | 7016114C XPEF [ac3+0x26] | 7016114E XPEF [ac3+0x24]	wp(ac3, 36) | wp(ac3, 38) | wp(ac2, 40)
7016116A	?RANDOM_NUMBER	3	70161154	contiguous	0	-	70161164 XPEF [ac2+0x28] | 70161166 XPEF [ac3+0x26] | 70161168 XPEF [ac3+0x24]	wp(ac3, 36) | wp(ac3, 38) | wp(ac2, 40)
70161305	?RANDOM_NUMBER	3	701612F4	contiguous	0	-	701612FF XPEF [ac2+0x28] | 70161301 XPEF [ac3+0x24] | 70161303 XPEF [ac3+0x22]	wp(ac3, 34) | wp(ac3, 36) | wp(ac2, 40)
7016131D	?RANDOM_NUMBER	3	70161309	contiguous	0	-	70161317 XPEF [ac2+0x28] | 70161319 XPEF [ac3+0x24] | 7016131B XPEF [ac3+0x22]	wp(ac3, 34) | wp(ac3, 36) | wp(ac2, 40)
701614A1	?RANDOM_NUMBER	3	7016146A	contiguous	0	-	7016149B XPEF [ac2+0x28] | 7016149D XPEF [ac3+0x26] | 7016149F XPEF [ac3+0x24]	wp(ac3, 36) | wp(ac3, 38) | wp(ac2, 40)
701615A7	?RANDOM_NUMBER	3	70161596	contiguous	0	-	701615A1 XPEF [ac2+0x28] | 701615A3 XPEF [ac3+0x24] | 701615A5 XPEF [ac3+0x22]	wp(ac3, 34) | wp(ac3, 36) | wp(ac2, 40)
7016189F	?WRITE_SCREEN	2	7016188F	contiguous	0	-	7016189A XPEF [ac3+0x28] | 7016189C LPEF [0x70000260]	0x70000260 | wp(ac3, 40)
701618C5	?WRITE_SCREEN	5	701618A9	contiguous	0	-	701618BA XPEF [ac3+0x28] | 701618BC XPEF [ac3+0x26] | 701618BE XPEF [ac3+0x24] | 701618C0 XPEF [ac3+0x22] | 701618C2 LPEF [0x70000260]	0x70000260 | wp(ac3, 34) | wp(ac3, 36) | wp(ac3, 38) | wp(ac3, 40)
70161916	?WRITE_SCREEN	2	701618F0	contiguous	0	-	70161911 XPEF [ac3+0x38] | 70161913 LPEF [0x70000260]	0x70000260 | wp(ac3, 56)
70161AF4	?WRITE_SCREEN	5	70161AD4	contiguous	0	-	70161AE9 XPEF [ac3+0x18] | 70161AEB XPEF [ac3+0x16] | 70161AED XPEF [ac3+0x8] | 70161AEF XPEF [ac3+0xA] | 70161AF1 LPEF [0x70000260]	0x70000260 | wp(ac3, 10) | wp(ac3, 8) | wp(ac3, 22) | wp(ac3, 24)
70161B39	?RANDOM_NUMBER	3	70161B28	contiguous	0	-	70161B33 XPEF [ac2+0x28] | 70161B35 XPEF [ac3+0x16] | 70161B37 XPEF [ac3+0x8]	wp(ac3, 8) | wp(ac3, 22) | wp(ac2, 40)
70161BB6	?RANDOM_NUMBER	3	70161BA5	contiguous	0	-	70161BB0 XPEF [ac2+0x28] | 70161BB2 XPEF [ac3+0x16] | 70161BB4 XPEF [ac3+0x8]	wp(ac3, 8) | wp(ac3, 22) | wp(ac2, 40)
70161E2F	?RANDOM_NUMBER	3	70161E1E	contiguous	0	-	70161E29 XPEF [ac2+0x28] | 70161E2B XPEF [ac3+0xE] | 70161E2D XPEF [ac3+0xC]	wp(ac3, 12) | wp(ac3, 14) | wp(ac2, 40)
70161F63	?WRITE_SCREEN	5	70161F43	contiguous	0	-	70161F58 XPEF [ac3+0x12] | 70161F5A XPEF [ac3+0x10] | 70161F5C XPEF [ac3+0xC] | 70161F5E XPEF [ac3+0x16] | 70161F60 LPEF [0x70000260]	0x70000260 | wp(ac3, 22) | wp(ac3, 12) | wp(ac3, 16) | wp(ac3, 18)
7016236E	?WRITE_SCREEN	2	7016235E	contiguous	0	-	70162369 XPEF [ac3+0x5A] | 7016236B LPEF [0x70000260]	0x70000260 | wp(ac3, 90)
70162384	?WRITE_SCREEN	2	70162374	contiguous	0	-	7016237F XPEF [ac3+0x78] | 70162381 LPEF [0x70000260]	0x70000260 | wp(ac3, 120)
701623F5	?WRITE_SCREEN	2	701623BA	contiguous	0	-	701623F0 XPEF [ac3+0x5A] | 701623F2 LPEF [0x70000260]	0x70000260 | wp(ac3, 90)
70162417	?WRITE_SCREEN	2	70162407	contiguous	0	-	70162412 XPEF [ac3+0x5A] | 70162414 LPEF [0x70000260]	0x70000260 | wp(ac3, 90)
701624A6	?WRITE_SCREEN	2	70162496	contiguous	0	-	701624A1 XPEF [ac3+0xE] | 701624A3 LPEF [0x70000260]	0x70000260 | wp(ac3, 14)
70162547	?WRITE_SCREEN	2	70162537	contiguous	0	-	70162542 XPEF [ac3+0x24] | 70162544 LPEF [0x70000260]	0x70000260 | wp(ac3, 36)
70162597	?WRITE_SCREEN	2	70162587	contiguous	0	-	70162592 XPEF [ac3+0x24] | 70162594 LPEF [0x70000260]	0x70000260 | wp(ac3, 36)
7016264D	?WRITE_SCREEN	2	7016263D	contiguous	0	-	70162648 XPEF [ac3+0xE] | 7016264A LPEF [0x70000260]	0x70000260 | wp(ac3, 14)
70162696	?WRITE_SCREEN	2	70162686	contiguous	0	-	70162691 XPEF [ac3+0xE] | 70162693 LPEF [0x70000260]	0x70000260 | wp(ac3, 14)
701626E3	?WRITE_SCREEN	2	701626D3	contiguous	0	-	701626DE XPEF [ac3+0x24] | 701626E0 LPEF [0x70000260]	0x70000260 | wp(ac3, 36)
70162749	?WRITE_SCREEN	2	70162739	contiguous	0	-	70162744 XPEF [ac3+0x24] | 70162746 LPEF [0x70000260]	0x70000260 | wp(ac3, 36)
70162776	?WRITE_SCREEN	2	70162766	contiguous	0	-	70162771 XPEF [ac3+0xE] | 70162773 LPEF [0x70000260]	0x70000260 | wp(ac3, 14)
701627DB	?WRITE_SCREEN	2	701627CB	contiguous	0	-	701627D6 XPEF [ac3+0x24] | 701627D8 LPEF [0x70000260]	0x70000260 | wp(ac3, 36)
70162808	?WRITE_SCREEN	2	701627F8	contiguous	0	-	70162803 XPEF [ac3+0xE] | 70162805 LPEF [0x70000260]	0x70000260 | wp(ac3, 14)
70162836	?WRITE_SCREEN	2	70162826	contiguous	0	-	70162831 XPEF [ac3+0x24] | 70162833 LPEF [0x70000260]	0x70000260 | wp(ac3, 36)
701628E1	?WRITE_SCREEN	2	701628D1	contiguous	0	-	701628DC XPEF [ac3+0x24] | 701628DE LPEF [0x70000260]	0x70000260 | wp(ac3, 36)
7016290E	?WRITE_SCREEN	2	701628FE	contiguous	0	-	70162909 XPEF [ac3+0xE] | 7016290B LPEF [0x70000260]	0x70000260 | wp(ac3, 14)
70162924	?WRITE_SCREEN	2	70162914	contiguous	0	-	7016291F XPEF [ac3+0x24] | 70162921 LPEF [0x70000260]	0x70000260 | wp(ac3, 36)
70162AF0	?WRITE_SCREEN	5	70162AD5	contiguous	0	-	70162AE5 XPEF [ac3+0x46] | 70162AE7 XPEF [ac3+0x24] | 70162AE9 XPEF [ac3+0xE] | 70162AEB XPEF [ac3+0x44] | 70162AED LPEF [0x70000260]	0x70000260 | wp(ac3, 68) | wp(ac3, 14) | wp(ac3, 36) | wp(ac3, 70)
70162B9F	?WRITE_SCREEN	2	70162B8F	contiguous	0	-	70162B9A XPEF [ac3+0x24] | 70162B9C LPEF [0x70000260]	0x70000260 | wp(ac3, 36)
70162BCC	?WRITE_SCREEN	2	70162BBC	contiguous	0	-	70162BC7 XPEF [ac3+0xE] | 70162BC9 LPEF [0x70000260]	0x70000260 | wp(ac3, 14)
70162BF9	?WRITE_SCREEN	2	70162BE9	contiguous	0	-	70162BF4 XPEF [ac3+0x24] | 70162BF6 LPEF [0x70000260]	0x70000260 | wp(ac3, 36)
70162C87	?WRITE_SCREEN	2	70162C77	contiguous	0	-	70162C82 XPEF [ac3+0xE] | 70162C84 LPEF [0x70000260]	0x70000260 | wp(ac3, 14)
70162CB4	?WRITE_SCREEN	2	70162CA4	contiguous	0	-	70162CAF XPEF [ac3+0xE] | 70162CB1 LPEF [0x70000260]	0x70000260 | wp(ac3, 14)
70162CCA	?WRITE_SCREEN	2	70162CBA	contiguous	0	-	70162CC5 XPEF [ac3+0xE] | 70162CC7 LPEF [0x70000260]	0x70000260 | wp(ac3, 14)
70162E02	?WRITE_SCREEN	2	70162DF2	contiguous	0	-	70162DFD XPEF [ac3+0xE] | 70162DFF LPEF [0x70000260]	0x70000260 | wp(ac3, 14)
70163007	?WRITE_SCREEN	2	70162FF7	contiguous	0	-	70163002 XPEF [ac3+0xE] | 70163004 LPEF [0x70000260]	0x70000260 | wp(ac3, 14)
70163058	?WRITE_SCREEN	2	70163048	contiguous	0	-	70163053 XPEF [ac3+0x48] | 70163055 LPEF [0x70000260]	0x70000260 | wp(ac3, 72)
701630B3	?WRITE_SCREEN	2	701630A3	contiguous	0	-	701630AE XPEF [ac3+0x24] | 701630B0 LPEF [0x70000260]	0x70000260 | wp(ac3, 36)
70163184	?WRITE_SCREEN	2	70163174	contiguous	0	-	7016317F XPEF [ac3+0xE] | 70163181 LPEF [0x70000260]	0x70000260 | wp(ac3, 14)
70163293	?WRITE_SCREEN	2	70163283	contiguous	0	-	7016328E XPEF [ac3+0xE] | 70163290 LPEF [0x70000260]	0x70000260 | wp(ac3, 14)
70163318	?WRITE_SCREEN	2	70163308	contiguous	0	-	70163313 XPEF [ac3+0x24] | 70163315 LPEF [0x70000260]	0x70000260 | wp(ac3, 36)
70163345	?WRITE_SCREEN	2	70163335	contiguous	0	-	70163340 XPEF [ac3+0xE] | 70163342 LPEF [0x70000260]	0x70000260 | wp(ac3, 14)
70163389	?WRITE_SCREEN	2	70163379	contiguous	0	-	70163384 XPEF [ac3+0xE] | 70163386 LPEF [0x70000260]	0x70000260 | wp(ac3, 14)
701633E5	?WRITE_SCREEN	2	70163396	contiguous	0	-	701633E0 XPEF [ac3+0x24] | 701633E2 LPEF [0x70000260]	0x70000260 | wp(ac3, 36)
701634D1	?WRITE_SCREEN	2	701634CA	contiguous	0	-	701634CC XPEF [ac2+0x12] | 701634CE LPEF [0x70000260]	0x70000260 | wp(ac2, 18)
70163513	?WRITE_SCREEN	2	70163503	contiguous	0	-	7016350E XPEF [ac3+0xE] | 70163510 LPEF [0x70000260]	0x70000260 | wp(ac3, 14)
701635B6	?WRITE_SCREEN	2	701635A6	contiguous	0	-	701635B1 XPEF [ac3+0x24] | 701635B3 LPEF [0x70000260]	0x70000260 | wp(ac3, 36)
701635E3	?WRITE_SCREEN	2	701635D3	contiguous	0	-	701635DE XPEF [ac3+0x24] | 701635E0 LPEF [0x70000260]	0x70000260 | wp(ac3, 36)
70163606	?WRITE_SCREEN	2	701635F6	contiguous	0	-	70163601 XPEF [ac3+0x24] | 70163603 LPEF [0x70000260]	0x70000260 | wp(ac3, 36)
70163718	?WRITE_SCREEN	5	701636FD	contiguous	0	-	7016370D XPEF [ac3+0x8] | 7016370F XPEF [ac3+0x6] | 70163711 XPEF [ac3+0x4] | 70163713 XPEF [ac3+0x2] | 70163715 LPEF [0x70000260]	0x70000260 | wp(ac3, 2) | wp(ac3, 4) | wp(ac3, 6) | wp(ac3, 8)
7016392C	?UNSIGNED_TO_CHAR	1	70163925	XLEF	0	-	70163928 XPEF [ac3+0x18]	wp(ac3, 24)
70163978	?WRITE_SCREEN	5	70163930	contiguous	0	-	7016396D XPEF [ac3+0x1E] | 7016396F XPEF [ac3+0x1C] | 70163971 XPEF [ac3+0x18] | 70163973 XPEF [ac3+0x78] | 70163975 LPEF [0x70000260]	0x70000260 | wp(ac3, 120) | wp(ac3, 24) | wp(ac3, 28) | wp(ac3, 30)
701639B1	?WRITE_SCREEN	5	70163991	contiguous	0	-	701639A6 XPEF [ac3+0x1C] | 701639A8 XPEF [ac3+0x1A] | 701639AA XPEF [ac3+0x18] | 701639AC XPEF [ac3+0x20] | 701639AE LPEF [0x70000260]	0x70000260 | wp(ac3, 32) | wp(ac3, 24) | wp(ac3, 26) | wp(ac3, 28)
701639CC	?CHAR_TO_UNSIGNED	1	701639C9	contiguous	0	-	701639C9 LPEF [0x7000021C]	0x7000021C
70163A01	?WRITE_SCREEN	5	701639E1	contiguous	0	-	701639F6 XPEF [ac3+0x1C] | 701639F8 XPEF [ac3+0x1A] | 701639FA XPEF [ac3+0x18] | 701639FC XPEF [ac3+0x32] | 701639FE LPEF [0x70000260]	0x70000260 | wp(ac3, 50) | wp(ac3, 24) | wp(ac3, 26) | wp(ac3, 28)
70163A5D	?WRITE_SCREEN	5	70163A3D	contiguous	0	-	70163A52 XPEF [ac3+0x1C] | 70163A54 XPEF [ac3+0x1A] | 70163A56 XPEF [ac3+0x18] | 70163A58 XPEF [ac3+0x20] | 70163A5A LPEF [0x70000260]	0x70000260 | wp(ac3, 32) | wp(ac3, 24) | wp(ac3, 26) | wp(ac3, 28)
70163A76	?WRITE_SCREEN	2	70163A6C	contiguous	0	-	70163A70 LPEF [ac2+0x70000689] | 70163A73 LPEF [0x70000260]	0x70000260 | wp(ac2, -268433783)
70163A8B	?WRITE_SCREEN	2	70163A81	contiguous	0	-	70163A85 LPEF [ac2+0x7000058D] | 70163A88 LPEF [0x70000260]	0x70000260 | wp(ac2, -268434035)
70163ACC	?WRITE_SCREEN	2	70163ABC	contiguous	0	-	70163AC7 XPEF [ac3+0x20] | 70163AC9 LPEF [0x70000260]	0x70000260 | wp(ac3, 32)
70163C6C	?WRITE_SCREEN	2	70163C5C	contiguous	0	-	70163C67 XPEF [ac3+0x20] | 70163C69 LPEF [0x70000260]	0x70000260 | wp(ac3, 32)
70163D04	?WRITE_SCREEN	2	70163CF4	contiguous	0	-	70163CFF XPEF [ac3+0x20] | 70163D01 LPEF [0x70000260]	0x70000260 | wp(ac3, 32)
70163D5D	?WRITE_SCREEN	2	70163D1A	contiguous	0	-	70163D58 XPEF [ac3+0x54] | 70163D5A LPEF [0x70000260]	0x70000260 | wp(ac3, 84)
7016401E	?UNSIGNED_TO_CHAR	1	70164011	XLEF	0	-	7016401A XPEF [ac3+0x26]	wp(ac3, 38)
701640B2	?WRITE_SCREEN	5	70164049	contiguous	0	-	701640A7 XPEF [ac3+0x56] | 701640A9 XPEF [ac3+0x28] | 701640AB XPEF [ac3+0x26] | 701640AD XPEF [ac3+0xC6] | 701640AF LPEF [0x70000260]	0x70000260 | wp(ac3, 198) | wp(ac3, 38) | wp(ac3, 40) | wp(ac3, 86)
701640D4	?WRITE_SCREEN	2	701640C4	contiguous	0	-	701640CF XPEF [ac3+0x2A] | 701640D1 LPEF [0x70000260]	0x70000260 | wp(ac3, 42)
701640E8	?WRITE_SCREEN	2	701640D8	contiguous	0	-	701640E3 XPEF [ac3+0x2A] | 701640E5 LPEF [0x70000260]	0x70000260 | wp(ac3, 42)
70164108	?WRITE_SCREEN	2	701640F8	contiguous	0	-	70164103 XPEF [ac3+0x3C] | 70164105 LPEF [0x70000260]	0x70000260 | wp(ac3, 60)
70164177	?WRITE_SCREEN	2	7016413B	contiguous	0	-	70164172 XPEF [ac3+0x2A] | 70164174 LPEF [0x70000260]	0x70000260 | wp(ac3, 42)
70164196	?WRITE_SCREEN	2	70164186	contiguous	0	-	70164191 XPEF [ac3+0x2A] | 70164193 LPEF [0x70000260]	0x70000260 | wp(ac3, 42)
701641B7	?WRITE_SCREEN	2	701641A7	contiguous	0	-	701641B2 XPEF [ac3+0x3C] | 701641B4 LPEF [0x70000260]	0x70000260 | wp(ac3, 60)
701641D7	?WRITE_SCREEN	2	701641C7	contiguous	0	-	701641D2 XPEF [ac3+0x2A] | 701641D4 LPEF [0x70000260]	0x70000260 | wp(ac3, 42)
701641EB	?WRITE_SCREEN	2	701641DB	contiguous	0	-	701641E6 XPEF [ac3+0x2A] | 701641E8 LPEF [0x70000260]	0x70000260 | wp(ac3, 42)
70164221	?RANDOM_NUMBER	3	701641F6	contiguous	0	-	7016421B XPEF [ac2+0x28] | 7016421D XPEF [ac3+0x28] | 7016421F XPEF [ac3+0x26]	wp(ac3, 38) | wp(ac3, 40) | wp(ac2, 40)
70164279	?RANDOM_NUMBER	3	70164268	contiguous	0	-	70164273 XPEF [ac2+0x28] | 70164275 XPEF [ac3+0x28] | 70164277 XPEF [ac3+0x26]	wp(ac3, 38) | wp(ac3, 40) | wp(ac2, 40)
701642A2	?RANDOM_NUMBER	3	70164291	contiguous	0	-	7016429C XPEF [ac2+0x28] | 7016429E XPEF [ac3+0x28] | 701642A0 XPEF [ac3+0x26]	wp(ac3, 38) | wp(ac3, 40) | wp(ac2, 40)
701642F0	?WRITE_SCREEN	2	701642E0	contiguous	0	-	701642EB XPEF [ac3+0x58] | 701642ED LPEF [0x70000260]	0x70000260 | wp(ac3, 88)
70164348	?UNSIGNED_TO_CHAR	1	70164340	XLEF	0	-	70164344 XPEF [ac3+0x26]	wp(ac3, 38)
70164385	?WRITE_SCREEN	2	7016434C	contiguous	0	-	70164380 XPEF [ac3+0x82] | 70164382 LPEF [0x70000260]	0x70000260 | wp(ac3, 130)
701643B9	?WRITE_SCREEN	2	701643A9	contiguous	0	-	701643B4 XPEF [ac3+0x3C] | 701643B6 LPEF [0x70000260]	0x70000260 | wp(ac3, 60)
701643DB	?DELAY	1	701643D5	contiguous	0	-	701643D9 XPEF [ac3+0x26]	wp(ac3, 38)
7016443F	?WRITE_SCREEN	2	701643FB	contiguous	0	-	7016443A XPEF [ac3+0x36] | 7016443C LPEF [0x70000260]	0x70000260 | wp(ac3, 54)
70164495	?RANDOM_NUMBER	3	7016447C	XWSTA	0	-	7016448D XPEF [ac2+0x28] | 7016448F XPEF [ac3+0x16] | 70164491 XPEF [ac3+0x2]	wp(ac3, 2) | wp(ac3, 22) | wp(ac2, 40)
70164518	?RANDOM_NUMBER	3	70164507	contiguous	0	-	70164512 XPEF [ac2+0x28] | 70164514 XPEF [ac3+0x16] | 70164516 XPEF [ac3+0x2]	wp(ac3, 2) | wp(ac3, 22) | wp(ac2, 40)
70164597	?WRITE_SCREEN	2	70164553	contiguous	0	-	70164592 XPEF [ac3+0xAE] | 70164594 LPEF [0x70000260]	0x70000260 | wp(ac3, 174)
7016461F	?RANDOM_NUMBER	3	7016460E	contiguous	0	-	70164619 XPEF [ac2+0x28] | 7016461B XPEF [ac3+0x4] | 7016461D XPEF [ac3+0x2]	wp(ac3, 2) | wp(ac3, 4) | wp(ac2, 40)
7016462E	?UNSIGNED_TO_CHAR	1	70164623	XLEF	0	-	7016462A XPEF [ac3+0x2]	wp(ac3, 2)
7016466B	?WRITE_SCREEN	2	70164632	contiguous	0	-	70164666 XPEF [ac3+0x56] | 70164668 LPEF [0x70000260]	0x70000260 | wp(ac3, 86)
701646D5	?WRITE_SCREEN	2	701646C5	contiguous	0	-	701646D0 XPEF [ac3+0x18] | 701646D2 LPEF [0x70000260]	0x70000260 | wp(ac3, 24)
7016470F	?WRITE_SCREEN	2	701646FF	contiguous	0	-	7016470A XPEF [ac3+0x18] | 7016470C LPEF [0x70000260]	0x70000260 | wp(ac3, 24)
70164860	?WRITE_SCREEN	2	70164850	contiguous	0	-	7016485B XPEF [ac3+0x30] | 7016485D LPEF [0x70000260]	0x70000260 | wp(ac3, 48)
70164899	?RANDOM_NUMBER	3	7016487B	contiguous	0	-	70164893 XPEF [ac2+0x28] | 70164895 XPEF [ac3+0x4] | 70164897 XPEF [ac3+0x2]	wp(ac3, 2) | wp(ac3, 4) | wp(ac2, 40)
701648AA	?UNSIGNED_TO_CHAR	1	7016489D	XLEF	0	-	701648A6 XPEF [ac3+0x2]	wp(ac3, 2)
701648E7	?WRITE_SCREEN	2	701648AE	contiguous	0	-	701648E2 XPEF [ac3+0x56] | 701648E4 LPEF [0x70000260]	0x70000260 | wp(ac3, 86)
70164945	?WRITE_SCREEN	2	70164935	contiguous	0	-	70164940 XPEF [ac3+0x18] | 70164942 LPEF [0x70000260]	0x70000260 | wp(ac3, 24)
7016495C	?RANDOM_NUMBER	3	7016494B	contiguous	0	-	70164956 XPEF [ac2+0x28] | 70164958 XPEF [ac3+0x4] | 7016495A XPEF [ac3+0x2]	wp(ac3, 2) | wp(ac3, 4) | wp(ac2, 40)
70164980	?UNSIGNED_TO_CHAR	1	70164968	XLEF	0	-	7016497C XPEF [ac3+0x2]	wp(ac3, 2)
701649BD	?WRITE_SCREEN	2	70164984	contiguous	0	-	701649B8 XPEF [ac3+0x56] | 701649BA LPEF [0x70000260]	0x70000260 | wp(ac3, 86)
70164A19	?WRITE_SCREEN	2	70164A09	contiguous	0	-	70164A14 XPEF [ac3+0x18] | 70164A16 LPEF [0x70000260]	0x70000260 | wp(ac3, 24)
70164A2F	?WRITE_SCREEN	2	70164A1F	contiguous	0	-	70164A2A XPEF [ac3+0x30] | 70164A2C LPEF [0x70000260]	0x70000260 | wp(ac3, 48)
70164A5F	?WRITE_SCREEN	2	70164A4F	contiguous	0	-	70164A5A XPEF [ac3+0x6] | 70164A5C LPEF [0x70000260]	0x70000260 | wp(ac3, 6)
70164AF9	?UNSIGNED_TO_CHAR	1	70164AE6	XLEF	0	-	70164AF5 XPEF [ac3+0x2]	wp(ac3, 2)
70164B36	?WRITE_SCREEN	2	70164AFD	contiguous	0	-	70164B31 XPEF [ac3+0xA4] | 70164B33 LPEF [0x70000260]	0x70000260 | wp(ac3, 164)
70164BEC	?WRITE_SCREEN	2	70164BDC	contiguous	0	-	70164BE7 XPEF [ac3+0x30] | 70164BE9 LPEF [0x70000260]	0x70000260 | wp(ac3, 48)
70164C24	?WRITE_SCREEN	2	70164BFE	contiguous	0	-	70164C1F XPEF [ac3+0x18] | 70164C21 LPEF [0x70000260]	0x70000260 | wp(ac3, 24)
70164C73	?WRITE_SCREEN	2	70164C63	contiguous	0	-	70164C6E XPEF [ac3+0x18] | 70164C70 LPEF [0x70000260]	0x70000260 | wp(ac3, 24)
70164EFA	?RANDOM_NUMBER	3	70164EE9	contiguous	0	-	70164EF4 XPEF [ac2+0x28] | 70164EF6 XPEF [ac3+0xE] | 70164EF8 XPEF [ac3+0xC]	wp(ac3, 12) | wp(ac3, 14) | wp(ac2, 40)
70164F14	?RANDOM_NUMBER	3	70164EFE	contiguous	0	-	70164F0E XPEF [ac2+0x28] | 70164F10 XPEF [ac3+0xE] | 70164F12 XPEF [ac3+0xC]	wp(ac3, 12) | wp(ac3, 14) | wp(ac2, 40)
701650DF	?WRITE_SCREEN	5	701650BF	contiguous	0	-	701650D4 XPEF [ac3+0xC30] | 701650D6 XPEF [ac3+0xC2E] | 701650D8 XPEF [ac3+0xC2C] | 701650DA XPEF [ac3+0xC20] | 701650DC LPEF [0x70000260]	0x70000260 | wp(ac3, 3104) | wp(ac3, 3116) | wp(ac3, 3118) | wp(ac3, 3120)
701650FE	?WRITE_SCREEN	5	701650E7	contiguous	0	-	701650F3 XPEF [ac3+0xC20] | 701650F5 XPEF [ac3+0xC30] | 701650F7 XPEF [ac3+0xC2E] | 701650F9 XPEF [ac3+0xC2C] | 701650FB LPEF [0x70000260]	0x70000260 | wp(ac3, 3116) | wp(ac3, 3118) | wp(ac3, 3120) | wp(ac3, 3104)
70165123	?OPEN_FILE	2	70165102	contiguous	0	-	7016511F XPEF [ac3+0xC76] | 70165121 XPEF [ac3+0x12]	wp(ac3, 18) | wp(ac3, 3190)
70165179	?WRITE_SCREEN	2	70165135	contiguous	0	-	70165175 XPEF [ac3+0xCBA] | 70165177 XPEF [ac3+0x12]	wp(ac3, 18) | wp(ac3, 3258)
701651E4	?WRITE_SCREEN	2	70165186	contiguous	0	-	701651E0 XPEF [ac3+0xC76] | 701651E2 XPEF [ac3+0x12]	wp(ac3, 18) | wp(ac3, 3190)
701651F8	?WRITE_SCREEN	2	701651E9	contiguous	0	-	701651F3 XPEF [ac3+0xC2C] | 701651F5 LPEF [0x70000260]	0x70000260 | wp(ac3, 3116)
70165687	?WRITE_SCREEN	2	70165683	contiguous	0	-	70165683 XPEF [ac3+0x14] | 70165685 XPEF [ac3+0x12]	wp(ac3, 18) | wp(ac3, 20)
70165693	?CLOSE_FILE	1	70165691	contiguous	0	-	70165691 XPEF [ac3+0x12]	wp(ac3, 18)
70165715	?AWAIT_CONSOLE_INTERRUPT	0	70165715	contiguous	0	-		
701659A3	?RANDOM_NUMBER	3	7016597E	contiguous	0	-	7016599D XPEF [ac2+0x28] | 7016599F XPEF [ac3+0x2C] | 701659A1 XPEF [ac3+0x2A]	wp(ac3, 42) | wp(ac3, 44) | wp(ac2, 40)
70165A02	?RANDOM_NUMBER	3	701659F1	contiguous	0	-	701659FC XPEF [ac2+0x28] | 701659FE XPEF [ac3+0x2C] | 70165A00 XPEF [ac3+0x2A]	wp(ac3, 42) | wp(ac3, 44) | wp(ac2, 40)
70165A43	?UNSIGNED_TO_CHAR	1	70165A34	XLEF	0	-	70165A3F XPEF [ac3+0x2A]	wp(ac3, 42)
70165AC6	?WRITE_SCREEN	5	70165A6E	contiguous	0	-	70165ABB XPEF [ac3+0x32] | 70165ABD XPEF [ac3+0x30] | 70165ABF XPEF [ac3+0x2C] | 70165AC1 XPEF [ac3+0x84] | 70165AC3 LPEF [0x70000260]	0x70000260 | wp(ac3, 132) | wp(ac3, 44) | wp(ac3, 48) | wp(ac3, 50)
70165B24	?WRITE_SCREEN	2	70165B14	contiguous	0	-	70165B1F XPEF [ac3+0x34] | 70165B21 LPEF [0x70000260]	0x70000260 | wp(ac3, 52)
70165B56	?WRITE_SCREEN	2	70165B46	contiguous	0	-	70165B51 XPEF [ac3+0x5E] | 70165B53 LPEF [0x70000260]	0x70000260 | wp(ac3, 94)
70165B92	?RANDOM_NUMBER	3	70165B81	contiguous	0	-	70165B8C XPEF [ac2+0x28] | 70165B8E XPEF [ac3+0x2E] | 70165B90 XPEF [ac3+0x2C]	wp(ac3, 44) | wp(ac3, 46) | wp(ac2, 40)
70165BB0	?UNSIGNED_TO_CHAR	1	70165BA8	XLEF	0	-	70165BAC XPEF [ac3+0x2C]	wp(ac3, 44)
70165BEC	?WRITE_SCREEN	2	70165BB4	contiguous	0	-	70165BE7 XPEF [ac3+0x84] | 70165BE9 LPEF [0x70000260]	0x70000260 | wp(ac3, 132)
70165C24	?WRITE_SCREEN	2	70165C14	contiguous	0	-	70165C1F XPEF [ac3+0x34] | 70165C21 LPEF [0x70000260]	0x70000260 | wp(ac3, 52)
70165C46	?UNSIGNED_TO_CHAR	1	70165C3E	XLEF	0	-	70165C42 XPEF [ac3+0x2A]	wp(ac3, 42)
70165C83	?WRITE_SCREEN	2	70165C4A	contiguous	0	-	70165C7E XPEF [ac3+0xAC] | 70165C80 LPEF [0x70000260]	0x70000260 | wp(ac3, 172)
70165CCF	?WRITE_SCREEN	2	70165CB6	contiguous	0	-	70165CCA XPEF [ac3+0x46] | 70165CCC LPEF [0x70000260]	0x70000260 | wp(ac3, 70)
70165D5F	?WRITE_SCREEN	2	70165D4F	contiguous	0	-	70165D5A XPEF [ac3+0x46] | 70165D5C LPEF [0x70000260]	0x70000260 | wp(ac3, 70)
70165DB2	?UNSIGNED_TO_CHAR	1	70165DA5	XLEF	0	-	70165DAE XPEF [ac3+0x2A]	wp(ac3, 42)
70165E2F	?WRITE_SCREEN	5	70165DD7	contiguous	0	-	70165E24 XPEF [ac3+0x34] | 70165E26 XPEF [ac3+0x32] | 70165E28 XPEF [ac3+0x2A] | 70165E2A XPEF [ac3+0xFE] | 70165E2C LPEF [0x70000260]	0x70000260 | wp(ac3, 254) | wp(ac3, 42) | wp(ac3, 50) | wp(ac3, 52)
70165E65	?RANDOM_NUMBER	3	70165E3A	contiguous	0	-	70165E5F XPEF [ac2+0x28] | 70165E61 XPEF [ac3+0x2E] | 70165E63 XPEF [ac3+0x2A]	wp(ac3, 42) | wp(ac3, 46) | wp(ac2, 40)
70165E9E	?RANDOM_NUMBER	3	70165E8D	contiguous	0	-	70165E98 XPEF [ac2+0x28] | 70165E9A XPEF [ac3+0x2E] | 70165E9C XPEF [ac3+0x2A]	wp(ac3, 42) | wp(ac3, 46) | wp(ac2, 40)
70165EC2	?UNSIGNED_TO_CHAR	1	70165EBA	XLEF	0	-	70165EBE XPEF [ac3+0x2A]	wp(ac3, 42)
70165EFF	?WRITE_SCREEN	2	70165EC6	contiguous	0	-	70165EFA XPEF [ac3+0xAC] | 70165EFC LPEF [0x70000260]	0x70000260 | wp(ac3, 172)
70165F86	?WRITE_SCREEN	2	70165F76	contiguous	0	-	70165F81 XPEF [ac3+0x46] | 70165F83 LPEF [0x70000260]	0x70000260 | wp(ac3, 70)
701661A3	?WRITE_SCREEN	2	70166193	contiguous	0	-	7016619E XPEF @[ac3+0x8008] | 701661A0 LPEF [0x70000260]	0x70000260 | R[ac3 + 8]
7016620E	?WRITE_SCREEN	2	701661FE	contiguous	0	-	70166209 XPEF @[ac3+0x8008] | 7016620B LPEF [0x70000260]	0x70000260 | R[ac3 + 8]
70166499	?WRITE_SCREEN	2	70166487	contiguous	0	-	70166494 XPEF [ac3+0x1C] | 70166496 LPEF [0x70000260]	0x70000260 | wp(ac3, 28)
701664D0	?UNSIGNED_TO_CHAR	1	701664CA	XLEF	0	-	701664CC XPEF [ac3+0x4C]	wp(ac3, 76)
70166510	?UNSIGNED_TO_CHAR	1	70166508	XLEF	0	-	7016650C XPEF [ac3+0x4C]	wp(ac3, 76)
701665E9	?WRITE_SCREEN	2	701665D9	contiguous	0	-	701665E4 XPEF @[ac3+0x806A] | 701665E6 LPEF [0x70000260]	0x70000260 | R[ac3 + 106]
70166604	?WRITE_SCREEN	2	701665FA	contiguous	0	-	701665FF XPEF [ac3+0x4C] | 70166601 LPEF [0x70000260]	0x70000260 | wp(ac3, 76)
70166A39	?WRITE_SCREEN	2	70166A33	contiguous	0	-	70166A33 LPEF [0x70000A4E] | 70166A36 LPEF [0x70000260]	0x70000260 | 0x70000A4E
70166A54	?WRITE_SCREEN	2	70166A4E	contiguous	0	-	70166A4E LPEF [0x70000A4E] | 70166A51 LPEF [0x70000260]	0x70000260 | 0x70000A4E
701670B1	?WRITE_SCREEN	5	7016709A	contiguous	0	-	701670A6 XPEF [ac3+0x416] | 701670A8 XPEF [ac3+0x414] | 701670AA XPEF [ac3+0x412] | 701670AC XPEF [ac3+0x26A] | 701670AE LPEF [0x70000260]	0x70000260 | wp(ac3, 618) | wp(ac3, 1042) | wp(ac3, 1044) | wp(ac3, 1046)
701670CD	?WRITE_SCREEN	5	701670B6	contiguous	0	-	701670C2 XPEF [ac3+0x416] | 701670C4 XPEF [ac3+0x414] | 701670C6 XPEF [ac3+0x412] | 701670C8 XPEF [ac3+0xEE] | 701670CA LPEF [0x70000260]	0x70000260 | wp(ac3, 238) | wp(ac3, 1042) | wp(ac3, 1044) | wp(ac3, 1046)
70167176	?WRITE_SCREEN	5	70167156	contiguous	0	-	7016716B XPEF [ac3+0x416] | 7016716D XPEF [ac3+0x414] | 7016716F XPEF [ac3+0x412] | 70167171 XPEF [ac3+0x12] | 70167173 LPEF [0x70000260]	0x70000260 | wp(ac3, 18) | wp(ac3, 1042) | wp(ac3, 1044) | wp(ac3, 1046)
70167217	?WRITE_SCREEN	5	701671FA	contiguous	0	-	7016720C XPEF [ac3+0x416] | 7016720E XPEF [ac3+0x414] | 70167210 XPEF [ac3+0x412] | 70167212 XPEF [ac3+0x12] | 70167214 LPEF [0x70000260]	0x70000260 | wp(ac3, 18) | wp(ac3, 1042) | wp(ac3, 1044) | wp(ac3, 1046)
7016723D	?WRITE_SCREEN	5	7016721C	contiguous	0	-	70167232 XPEF [ac3+0x416] | 70167234 XPEF [ac3+0x414] | 70167236 XPEF [ac3+0x412] | 70167238 XPEF [ac3+0x420] | 7016723A LPEF [0x70000260]	0x70000260 | wp(ac3, 1056) | wp(ac3, 1042) | wp(ac3, 1044) | wp(ac3, 1046)
701672A6	?WRITE_SCREEN	5	70167285	contiguous	0	-	7016729B XPEF [ac3+0x416] | 7016729D XPEF [ac3+0x414] | 7016729F XPEF [ac3+0x412] | 701672A1 XPEF [ac3+0x420] | 701672A3 LPEF [0x70000260]	0x70000260 | wp(ac3, 1056) | wp(ac3, 1042) | wp(ac3, 1044) | wp(ac3, 1046)
70167311	?WRITE_SCREEN	5	701672F4	contiguous	0	-	70167306 XPEF [ac3+0x416] | 70167308 XPEF [ac3+0x414] | 7016730A XPEF [ac3+0x412] | 7016730C XPEF [ac3+0x12] | 7016730E LPEF [0x70000260]	0x70000260 | wp(ac3, 18) | wp(ac3, 1042) | wp(ac3, 1044) | wp(ac3, 1046)
701674E8	?WRITE_SCREEN	5	701674C8	contiguous	0	-	701674DD XPEF [ac3+0x2A] | 701674DF XPEF [ac3+0x28] | 701674E1 XPEF [ac3+0x1E] | 701674E3 XPEF [ac3+0x20] | 701674E5 LPEF [0x70000260]	0x70000260 | wp(ac3, 32) | wp(ac3, 30) | wp(ac3, 40) | wp(ac3, 42)
70167790	?WRITE_SCREEN	5	70167772	contiguous	0	-	70167785 XPEF [ac3+0x2C] | 70167787 XPEF [ac3+0x20] | 70167789 XPEF [ac3+0x4] | 7016778B XPEF @[ac3+0x802A] | 7016778D LPEF [0x70000260]	0x70000260 | R[ac3 + 42] | wp(ac3, 4) | wp(ac3, 32) | wp(ac3, 44)
701677EA	?WRITE_SCREEN	5	701677C0	contiguous	0	-	701677DF XPEF [ac3+0x2A] | 701677E1 XPEF [ac3+0x28] | 701677E3 XPEF [ac3+0x1E] | 701677E5 XPEF [ac3+0x2C] | 701677E7 LPEF [0x70000260]	0x70000260 | wp(ac3, 44) | wp(ac3, 30) | wp(ac3, 40) | wp(ac3, 42)
7016785D	?WRITE_SCREEN	5	7016783E	contiguous	0	-	70167852 XPEF [ac3+0x2A] | 70167854 XPEF [ac3+0x28] | 70167856 XPEF [ac3+0x3] | 70167858 XPEF [ac3+0x2C] | 7016785A LPEF [0x70000260]	0x70000260 | wp(ac3, 44) | wp(ac3, 3) | wp(ac3, 40) | wp(ac3, 42)
701678DE	?UNSIGNED_TO_CHAR	1	701678D1	XLEF	0	-	701678DA XPEF [ac3+0x1E]	wp(ac3, 30)
7016792D	?WRITE_SCREEN	5	701678E2	contiguous	0	-	70167922 XPEF [ac3+0x20] | 70167924 XPEF [ac3+0x2A] | 70167926 XPEF [ac3+0x1E] | 70167928 XPEF [ac3+0x88] | 7016792A LPEF [0x70000260]	0x70000260 | wp(ac3, 136) | wp(ac3, 30) | wp(ac3, 42) | wp(ac3, 32)
7016796A	?UNSIGNED_TO_CHAR	1	70167964	XLEF	0	-	70167966 XPEF [ac3+0x1E]	wp(ac3, 30)
701679A6	?WRITE_SCREEN	5	7016796E	contiguous	0	-	7016799B XPEF [ac3+0x20] | 7016799D XPEF [ac3+0x2A] | 7016799F XPEF [ac3+0x28] | 701679A1 XPEF [ac3+0x64] | 701679A3 LPEF [0x70000260]	0x70000260 | wp(ac3, 100) | wp(ac3, 40) | wp(ac3, 42) | wp(ac3, 32)
701679CD	?WRITE_SCREEN	5	701679AB	contiguous	0	-	701679C2 XPEF [ac3+0x2A] | 701679C4 XPEF [ac3+0x28] | 701679C6 XPEF [ac3+0x1E] | 701679C8 XPEF [ac3+0x2C] | 701679CA LPEF [0x70000260]	0x70000260 | wp(ac3, 44) | wp(ac3, 30) | wp(ac3, 40) | wp(ac3, 42)
70167A23	?UNSIGNED_TO_CHAR	1	70167A14	XLEF	0	-	70167A1F XPEF [ac3+0x1E]	wp(ac3, 30)
70167A5F	?WRITE_SCREEN	5	70167A27	contiguous	0	-	70167A54 XPEF [ac3+0x20] | 70167A56 XPEF [ac3+0x2A] | 70167A58 XPEF [ac3+0x28] | 70167A5A XPEF [ac3+0x88] | 70167A5C LPEF [0x70000260]	0x70000260 | wp(ac3, 136) | wp(ac3, 40) | wp(ac3, 42) | wp(ac3, 32)
70167A98	?UNSIGNED_TO_CHAR	1	70167A89	XLEF	0	-	70167A94 XPEF [ac3+0x1E]	wp(ac3, 30)
70167AD4	?WRITE_SCREEN	5	70167A9C	contiguous	0	-	70167AC9 XPEF [ac3+0x20] | 70167ACB XPEF [ac3+0x2A] | 70167ACD XPEF [ac3+0x28] | 70167ACF XPEF [ac3+0x88] | 70167AD1 LPEF [0x70000260]	0x70000260 | wp(ac3, 136) | wp(ac3, 40) | wp(ac3, 42) | wp(ac3, 32)
70167B2F	?UNSIGNED_TO_CHAR	1	70167B20	XLEF	0	-	70167B2B XPEF [ac3+0x1E]	wp(ac3, 30)
70167B6B	?WRITE_SCREEN	5	70167B33	contiguous	0	-	70167B60 XPEF [ac3+0x20] | 70167B62 XPEF [ac3+0x2A] | 70167B64 XPEF [ac3+0x28] | 70167B66 XPEF [ac3+0x64] | 70167B68 LPEF [0x70000260]	0x70000260 | wp(ac3, 100) | wp(ac3, 40) | wp(ac3, 42) | wp(ac3, 32)
70167BA0	?UNSIGNED_TO_CHAR	1	70167B91	XLEF	0	-	70167B9C XPEF [ac3+0x1E]	wp(ac3, 30)
70167BCA	?WRITE_SCREEN	2	70167BA4	contiguous	0	-	70167BC5 XPEF [ac3+0x88] | 70167BC7 LPEF [0x70000260]	0x70000260 | wp(ac3, 136)
70167C05	?UNSIGNED_TO_CHAR	1	70167BF6	XLEF	0	-	70167C01 XPEF [ac3+0x1E]	wp(ac3, 30)
70167C41	?WRITE_SCREEN	5	70167C09	contiguous	0	-	70167C36 XPEF [ac3+0x20] | 70167C38 XPEF [ac3+0x2A] | 70167C3A XPEF [ac3+0x28] | 70167C3C XPEF [ac3+0x88] | 70167C3E LPEF [0x70000260]	0x70000260 | wp(ac3, 136) | wp(ac3, 40) | wp(ac3, 42) | wp(ac3, 32)
70167C9C	?UNSIGNED_TO_CHAR	1	70167C96	XLEF	0	-	70167C98 XPEF [ac3+0x1E]	wp(ac3, 30)
70167CD8	?WRITE_SCREEN	5	70167CA0	contiguous	0	-	70167CCD XPEF [ac3+0x20] | 70167CCF XPEF [ac3+0x2A] | 70167CD1 XPEF [ac3+0x28] | 70167CD3 XPEF [ac3+0x88] | 70167CD5 LPEF [0x70000260]	0x70000260 | wp(ac3, 136) | wp(ac3, 40) | wp(ac3, 42) | wp(ac3, 32)
70167CFF	?WRITE_SCREEN	5	70167CDD	contiguous	0	-	70167CF4 XPEF [ac3+0x2A] | 70167CF6 XPEF [ac3+0x28] | 70167CF8 XPEF [ac3+0x1E] | 70167CFA XPEF [ac3+0x2C] | 70167CFC LPEF [0x70000260]	0x70000260 | wp(ac3, 44) | wp(ac3, 30) | wp(ac3, 40) | wp(ac3, 42)
70167D3C	?UNSIGNED_TO_CHAR	1	70167D36	XLEF	0	-	70167D38 XPEF [ac3+0x1E]	wp(ac3, 30)
70167D78	?WRITE_SCREEN	5	70167D40	contiguous	0	-	70167D6D XPEF [ac3+0x20] | 70167D6F XPEF [ac3+0x2A] | 70167D71 XPEF [ac3+0x28] | 70167D73 XPEF [ac3+0x88] | 70167D75 LPEF [0x70000260]	0x70000260 | wp(ac3, 136) | wp(ac3, 40) | wp(ac3, 42) | wp(ac3, 32)
70167D9F	?WRITE_SCREEN	5	70167D7D	contiguous	0	-	70167D94 XPEF [ac3+0x2A] | 70167D96 XPEF [ac3+0x28] | 70167D98 XPEF [ac3+0x1E] | 70167D9A XPEF [ac3+0x2C] | 70167D9C LPEF [0x70000260]	0x70000260 | wp(ac3, 44) | wp(ac3, 30) | wp(ac3, 40) | wp(ac3, 42)
70167F42	?WRITE_SCREEN	5	70167F2B	contiguous	0	-	70167F37 XPEF [ac3+0x2A] | 70167F39 XPEF [ac3+0x28] | 70167F3B XPEF [ac3+0x1E] | 70167F3D XPEF [ac3+0x6] | 70167F3F LPEF [0x70000260]	0x70000260 | wp(ac3, 6) | wp(ac3, 30) | wp(ac3, 40) | wp(ac3, 42)
70167FBD	?UNSIGNED_TO_CHAR	1	70167FB7	XLEF	0	-	70167FB9 XPEF [ac3+0x1E]	wp(ac3, 30)
70168008	?WRITE_SCREEN	5	70167FC1	contiguous	0	-	70167FFD XPEF [ac3+0x20] | 70167FFF XPEF [ac3+0x2A] | 70168001 XPEF [ac3+0x1E] | 70168003 XPEF [ac3+0x88] | 70168005 LPEF [0x70000260]	0x70000260 | wp(ac3, 136) | wp(ac3, 30) | wp(ac3, 42) | wp(ac3, 32)
70168029	?WRITE_SCREEN	5	7016800D	contiguous	0	-	7016801E XPEF [ac3+0x20] | 70168020 XPEF [ac3+0x2A] | 70168022 XPEF [ac3+0x28] | 70168024 XPEF [ac3+0x1E] | 70168026 LPEF [0x70000260]	0x70000260 | wp(ac3, 30) | wp(ac3, 40) | wp(ac3, 42) | wp(ac3, 32)
70168044	?UNSIGNED_TO_CHAR	1	7016803E	XLEF	0	-	70168040 XPEF [ac3+0x1E]	wp(ac3, 30)
7016806E	?WRITE_SCREEN	2	70168048	contiguous	0	-	70168069 XPEF [ac3+0x64] | 7016806B LPEF [0x70000260]	0x70000260 | wp(ac3, 100)
7016807D	?WRITE_SCREEN	2	70168073	contiguous	0	-	70168078 XPEF [ac3+0x1E] | 7016807A LPEF [0x70000260]	0x70000260 | wp(ac3, 30)
701681C6	?WRITE_SCREEN	5	7016818C	contiguous	0	-	701681BB XPEF [ac3+0x20] | 701681BD XPEF [ac3+0x2A] | 701681BF XPEF [ac3+0x28] | 701681C1 XPEF [ac3+0xF6] | 701681C3 LPEF [0x70000260]	0x70000260 | wp(ac3, 246) | wp(ac3, 40) | wp(ac3, 42) | wp(ac3, 32)
701681E7	?WRITE_SCREEN	5	701681CB	contiguous	0	-	701681DC XPEF [ac3+0x20] | 701681DE XPEF [ac3+0x2A] | 701681E0 XPEF [ac3+0x28] | 701681E2 XPEF [ac3+0x1E] | 701681E4 LPEF [0x70000260]	0x70000260 | wp(ac3, 30) | wp(ac3, 40) | wp(ac3, 42) | wp(ac3, 32)
7016827B	?WRITE_SCREEN	5	7016825F	contiguous	0	-	70168270 XPEF [ac3+0x20] | 70168272 XPEF [ac3+0x2A] | 70168274 XPEF [ac3+0x28] | 70168276 XPEF [ac3+0x1E] | 70168278 LPEF [0x70000260]	0x70000260 | wp(ac3, 30) | wp(ac3, 40) | wp(ac3, 42) | wp(ac3, 32)
701682A5	?WRITE_SCREEN	2	70168295	contiguous	0	-	701682A0 XPEF [ac3+0x20] | 701682A2 LPEF [0x70000260]	0x70000260 | wp(ac3, 32)
701682D4	?WRITE_SCREEN	2	701682CA	contiguous	0	-	701682CF XPEF [ac3+0x1E] | 701682D1 LPEF [0x70000260]	0x70000260 | wp(ac3, 30)
701682E8	?WRITE_SCREEN	2	701682D8	contiguous	0	-	701682E3 XPEF [ac3+0x20] | 701682E5 LPEF [0x70000260]	0x70000260 | wp(ac3, 32)
7016832B	?WRITE_SCREEN	2	70168321	contiguous	0	-	70168326 XPEF [ac3+0x1E] | 70168328 LPEF [0x70000260]	0x70000260 | wp(ac3, 30)
7016836D	?WRITE_SCREEN	2	7016835D	contiguous	0	-	70168368 XPEF [ac3+0x2C] | 7016836A LPEF [0x70000260]	0x70000260 | wp(ac3, 44)
70168383	?WRITE_SCREEN	2	70168373	contiguous	0	-	7016837E XPEF [ac3+0x20] | 70168380 LPEF [0x70000260]	0x70000260 | wp(ac3, 32)
70168398	?WRITE_SCREEN	2	70168388	contiguous	0	-	70168393 XPEF [ac3+0x2C] | 70168395 LPEF [0x70000260]	0x70000260 | wp(ac3, 44)
701683F1	?WRITE_SCREEN	5	701683CF	contiguous	0	-	701683E6 XPEF [ac3+0x2A] | 701683E8 XPEF [ac3+0x28] | 701683EA XPEF [ac3+0x1E] | 701683EC XPEF [ac3+0x2C] | 701683EE LPEF [0x70000260]	0x70000260 | wp(ac3, 44) | wp(ac3, 30) | wp(ac3, 40) | wp(ac3, 42)
70168412	?WRITE_SCREEN	5	701683F6	contiguous	0	-	70168407 XPEF [ac3+0x20] | 70168409 XPEF [ac3+0x2A] | 7016840B XPEF [ac3+0x28] | 7016840D XPEF [ac3+0x1E] | 7016840F LPEF [0x70000260]	0x70000260 | wp(ac3, 30) | wp(ac3, 40) | wp(ac3, 42) | wp(ac3, 32)
70168512	?WRITE_SCREEN	5	701684D6	contiguous	0	-	70168507 XPEF [ac3+0x20] | 70168509 XPEF [ac3+0x28] | 7016850B XPEF [ac3+0x1E] | 7016850D XPEF [ac3+0x64] | 7016850F LPEF [0x70000260]	0x70000260 | wp(ac3, 100) | wp(ac3, 30) | wp(ac3, 40) | wp(ac3, 32)
701685CD	?WRITE_SCREEN	5	701685AB	contiguous	0	-	701685C2 XPEF [ac3+0x16] | 701685C4 XPEF [ac3+0x14] | 701685C6 XPEF [ac3+0x12] | 701685C8 XPEF [ac3+0x6] | 701685CA LPEF [0x70000260]	0x70000260 | wp(ac3, 6) | wp(ac3, 18) | wp(ac3, 20) | wp(ac3, 22)
70168642	?WRITE_SCREEN	2	70168602	contiguous	0	-	7016863D XPEF [ac3+0x18] | 7016863F LPEF [0x70000260]	0x70000260 | wp(ac3, 24)
7016866F	?WRITE_SCREEN	2	70168660	contiguous	0	-	7016866A XPEF [ac3+0x16] | 7016866C LPEF [0x70000260]	0x70000260 | wp(ac3, 22)
70168698	?WRITE_SCREEN	5	70168678	contiguous	0	-	7016868D XPEF [ac3+0x16] | 7016868F XPEF [ac3+0x14] | 70168691 XPEF [ac3+0x12] | 70168693 XPEF [ac3+0x6] | 70168695 LPEF [0x70000260]	0x70000260 | wp(ac3, 6) | wp(ac3, 18) | wp(ac3, 20) | wp(ac3, 22)
70168A79	?WRITE_SCREEN	5	70168A59	contiguous	0	-	70168A6E XPEF [ac3+0x2E] | 70168A70 XPEF [ac3+0x2C] | 70168A72 XPEF [ac3+0x14] | 70168A74 XPEF [ac3+0x16] | 70168A76 LPEF [0x70000260]	0x70000260 | wp(ac3, 22) | wp(ac3, 20) | wp(ac3, 44) | wp(ac3, 46)
70168ACA	?WRITE_SCREEN	5	70168AAA	contiguous	0	-	70168ABF XPEF [ac3+0x2E] | 70168AC1 XPEF [ac3+0x2C] | 70168AC3 XPEF [ac3+0x14] | 70168AC5 XPEF [ac3+0x30] | 70168AC7 LPEF [0x70000260]	0x70000260 | wp(ac3, 48) | wp(ac3, 20) | wp(ac3, 44) | wp(ac3, 46)
70168AE8	?WRITE_SCREEN	5	70168AD0	contiguous	0	-	70168ADD XPEF [ac3+0x2E] | 70168ADF XPEF [ac3+0x2C] | 70168AE1 XPEF [ac3+0xE] | 70168AE3 XPEF [ac3+0x14] | 70168AE5 LPEF [0x70000260]	0x70000260 | wp(ac3, 20) | wp(ac3, 14) | wp(ac3, 44) | wp(ac3, 46)
70168B42	?WRITE_SCREEN	5	70168B17	contiguous	0	-	70168B37 XPEF [ac3+0x2E] | 70168B39 XPEF [ac3+0x2C] | 70168B3B XPEF [ac3+0x14] | 70168B3D XPEF [ac3+0x30] | 70168B3F LPEF [0x70000260]	0x70000260 | wp(ac3, 48) | wp(ac3, 20) | wp(ac3, 44) | wp(ac3, 46)
70168B67	?WRITE_SCREEN	5	70168B47	contiguous	0	-	70168B5C XPEF [ac3+0x2E] | 70168B5E XPEF [ac3+0x2C] | 70168B60 XPEF [ac3+0x14] | 70168B62 XPEF [ac3+0x30] | 70168B64 LPEF [0x70000260]	0x70000260 | wp(ac3, 48) | wp(ac3, 20) | wp(ac3, 44) | wp(ac3, 46)
70168C0E	?UNSIGNED_TO_CHAR	1	70168BFD	XLEF	0	-	70168C0A XPEF [ac3+0x2C]	wp(ac3, 44)
70168C57	?WRITE_SCREEN	5	70168C12	contiguous	0	-	70168C4C XPEF [ac3+0x30] | 70168C4E XPEF [ac3+0x16] | 70168C50 XPEF [ac3+0x2C] | 70168C52 XPEF [ac3+0xA0] | 70168C54 LPEF [0x70000260]	0x70000260 | wp(ac3, 160) | wp(ac3, 44) | wp(ac3, 22) | wp(ac3, 48)
70168CD3	?WRITE_SCREEN	5	70168CB3	contiguous	0	-	70168CC8 XPEF [ac3+0x16] | 70168CCA XPEF [ac3+0x2E] | 70168CCC XPEF [ac3+0x2C] | 70168CCE XPEF [ac3+0x30] | 70168CD0 LPEF [0x70000260]	0x70000260 | wp(ac3, 48) | wp(ac3, 44) | wp(ac3, 46) | wp(ac3, 22)
70168D6A	?WRITE_SCREEN	5	70168D4A	contiguous	0	-	70168D5F XPEF [ac3+0x30] | 70168D61 XPEF [ac3+0x2E] | 70168D63 XPEF [ac3+0x2C] | 70168D65 XPEF [ac3+0x16] | 70168D67 LPEF [0x70000260]	0x70000260 | wp(ac3, 22) | wp(ac3, 44) | wp(ac3, 46) | wp(ac3, 48)
70168DD6	?WRITE_SCREEN	5	70168DB6	contiguous	0	-	70168DCB XPEF [ac3+0x2E] | 70168DCD XPEF [ac3+0x2C] | 70168DCF XPEF [ac3+0x14] | 70168DD1 XPEF [ac3+0x16] | 70168DD3 LPEF [0x70000260]	0x70000260 | wp(ac3, 22) | wp(ac3, 20) | wp(ac3, 44) | wp(ac3, 46)
70168E1E	?WRITE_SCREEN	5	70168DFE	contiguous	0	-	70168E13 XPEF [ac3+0x2E] | 70168E15 XPEF [ac3+0x2C] | 70168E17 XPEF [ac3+0x14] | 70168E19 XPEF [ac3+0x16] | 70168E1B LPEF [0x70000260]	0x70000260 | wp(ac3, 22) | wp(ac3, 20) | wp(ac3, 44) | wp(ac3, 46)
70169068	?WRITE_SCREEN	5	70169048	contiguous	0	-	7016905D XPEF [ac3+0x2E] | 7016905F XPEF [ac3+0x2C] | 70169061 XPEF [ac3+0x14] | 70169063 XPEF [ac3+0x30] | 70169065 LPEF [0x70000260]	0x70000260 | wp(ac3, 48) | wp(ac3, 20) | wp(ac3, 44) | wp(ac3, 46)
701690E6	?WRITE_SCREEN	5	701690C6	contiguous	0	-	701690DB XPEF [ac3+0x2E] | 701690DD XPEF [ac3+0x2C] | 701690DF XPEF [ac3+0x14] | 701690E1 XPEF [ac3+0x30] | 701690E3 LPEF [0x70000260]	0x70000260 | wp(ac3, 48) | wp(ac3, 20) | wp(ac3, 44) | wp(ac3, 46)
70169191	?WRITE_SCREEN	5	70169171	contiguous	0	-	70169186 XPEF [ac3+0x2E] | 70169188 XPEF [ac3+0x2C] | 7016918A XPEF [ac3+0x14] | 7016918C XPEF [ac3+0x30] | 7016918E LPEF [0x70000260]	0x70000260 | wp(ac3, 48) | wp(ac3, 20) | wp(ac3, 44) | wp(ac3, 46)
70169200	?WRITE_SCREEN	5	701691E0	contiguous	0	-	701691F5 XPEF [ac3+0x2E] | 701691F7 XPEF [ac3+0x2C] | 701691F9 XPEF [ac3+0x14] | 701691FB XPEF [ac3+0x30] | 701691FD LPEF [0x70000260]	0x70000260 | wp(ac3, 48) | wp(ac3, 20) | wp(ac3, 44) | wp(ac3, 46)
70169268	?WRITE_SCREEN	5	70169248	contiguous	0	-	7016925D XPEF [ac3+0x2E] | 7016925F XPEF [ac3+0x2C] | 70169261 XPEF [ac3+0x14] | 70169263 XPEF [ac3+0x16] | 70169265 LPEF [0x70000260]	0x70000260 | wp(ac3, 22) | wp(ac3, 20) | wp(ac3, 44) | wp(ac3, 46)
701692E2	?WRITE_SCREEN	5	701692C2	contiguous	0	-	701692D7 XPEF [ac3+0x2E] | 701692D9 XPEF [ac3+0x2C] | 701692DB XPEF [ac3+0x14] | 701692DD XPEF [ac3+0x16] | 701692DF LPEF [0x70000260]	0x70000260 | wp(ac3, 22) | wp(ac3, 20) | wp(ac3, 44) | wp(ac3, 46)
701692EC	?DELAY	1	701692E6	contiguous	0	-	701692EA XPEF [ac3+0x14]	wp(ac3, 20)
70169419	?WRITE_SCREEN	5	701693F9	contiguous	0	-	7016940E XPEF [ac3+0x2E] | 70169410 XPEF [ac3+0x2C] | 70169412 XPEF [ac3+0x14] | 70169414 XPEF [ac3+0x16] | 70169416 LPEF [0x70000260]	0x70000260 | wp(ac3, 22) | wp(ac3, 20) | wp(ac3, 44) | wp(ac3, 46)
70169423	?DELAY	1	7016941D	contiguous	0	-	70169421 XPEF [ac3+0x14]	wp(ac3, 20)
7016947D	?WRITE_SCREEN	5	7016945D	contiguous	0	-	70169472 XPEF [ac3+0x2E] | 70169474 XPEF [ac3+0x2C] | 70169476 XPEF [ac3+0x14] | 70169478 XPEF [ac3+0x16] | 7016947A LPEF [0x70000260]	0x70000260 | wp(ac3, 22) | wp(ac3, 20) | wp(ac3, 44) | wp(ac3, 46)
701694BB	?WRITE_SCREEN	5	7016949B	contiguous	0	-	701694B0 XPEF [ac3+0x2E] | 701694B2 XPEF [ac3+0x2C] | 701694B4 XPEF [ac3+0x14] | 701694B6 XPEF [ac3+0x30] | 701694B8 LPEF [0x70000260]	0x70000260 | wp(ac3, 48) | wp(ac3, 20) | wp(ac3, 44) | wp(ac3, 46)
70169532	?WRITE_SCREEN	5	70169512	contiguous	0	-	70169527 XPEF [ac3+0x2E] | 70169529 XPEF [ac3+0x2C] | 7016952B XPEF [ac3+0x14] | 7016952D XPEF [ac3+0x30] | 7016952F LPEF [0x70000260]	0x70000260 | wp(ac3, 48) | wp(ac3, 20) | wp(ac3, 44) | wp(ac3, 46)
701695A7	?WRITE_SCREEN	5	70169587	contiguous	0	-	7016959C XPEF [ac3+0x2E] | 7016959E XPEF [ac3+0x2C] | 701695A0 XPEF [ac3+0x14] | 701695A2 XPEF [ac3+0x30] | 701695A4 LPEF [0x70000260]	0x70000260 | wp(ac3, 48) | wp(ac3, 20) | wp(ac3, 44) | wp(ac3, 46)
7016961C	?WRITE_SCREEN	5	701695FC	contiguous	0	-	70169611 XPEF [ac3+0x2E] | 70169613 XPEF [ac3+0x2C] | 70169615 XPEF [ac3+0x14] | 70169617 XPEF [ac3+0x16] | 70169619 LPEF [0x70000260]	0x70000260 | wp(ac3, 22) | wp(ac3, 20) | wp(ac3, 44) | wp(ac3, 46)
7016965F	?DELAY	1	70169659	contiguous	0	-	7016965D XPEF [ac3+0x14]	wp(ac3, 20)
7016967E	?WRITE_SCREEN	5	70169663	contiguous	0	-	70169673 XPEF [ac3+0x16] | 70169675 XPEF [ac3+0x2E] | 70169677 XPEF [ac3+0x2C] | 70169679 XPEF [ac3+0x14] | 7016967B LPEF [0x70000260]	0x70000260 | wp(ac3, 20) | wp(ac3, 44) | wp(ac3, 46) | wp(ac3, 22)
701696AC	?WRITE_SCREEN	5	7016968C	contiguous	0	-	701696A1 XPEF [ac3+0x22] | 701696A3 XPEF [ac3+0x20] | 701696A5 XPEF [ac3+0x1E] | 701696A7 XPEF [ac3+0xC] | 701696A9 LPEF [0x70000260]	0x70000260 | wp(ac3, 12) | wp(ac3, 30) | wp(ac3, 32) | wp(ac3, 34)
701696EE	?WRITE_SCREEN	5	701696CE	contiguous	0	-	701696E3 XPEF [ac3+0x22] | 701696E5 XPEF [ac3+0x20] | 701696E7 XPEF [ac3+0x1E] | 701696E9 XPEF [ac3+0xC] | 701696EB LPEF [0x70000260]	0x70000260 | wp(ac3, 12) | wp(ac3, 30) | wp(ac3, 32) | wp(ac3, 34)
70169709	?CHAR_TO_UNSIGNED	1	70169706	contiguous	0	-	70169706 LPEF [0x7000021C]	0x7000021C
70169D9D	?WRITE_SCREEN	5	70169D7D	contiguous	0	-	70169D92 XPEF [ac3+0x2C] | 70169D94 XPEF [ac3+0x2A] | 70169D96 XPEF [ac3+0x28] | 70169D98 XPEF [ac3+0x18] | 70169D9A LPEF [0x70000260]	0x70000260 | wp(ac3, 24) | wp(ac3, 40) | wp(ac3, 42) | wp(ac3, 44)
70169DD8	?WRITE_SCREEN	5	70169DB8	contiguous	0	-	70169DCD XPEF [ac3+0x2C] | 70169DCF XPEF [ac3+0x2A] | 70169DD1 XPEF [ac3+0x28] | 70169DD3 XPEF [ac3+0x2E] | 70169DD5 LPEF [0x70000260]	0x70000260 | wp(ac3, 46) | wp(ac3, 40) | wp(ac3, 42) | wp(ac3, 44)
70169E0C	?WRITE_SCREEN	5	70169DEC	contiguous	0	-	70169E01 XPEF [ac3+0x2C] | 70169E03 XPEF [ac3+0x2A] | 70169E05 XPEF [ac3+0x28] | 70169E07 XPEF [ac3+0x2E] | 70169E09 LPEF [0x70000260]	0x70000260 | wp(ac3, 46) | wp(ac3, 40) | wp(ac3, 42) | wp(ac3, 44)
70169E31	?WRITE_SCREEN	5	70169E11	contiguous	0	-	70169E26 XPEF [ac3+0x2C] | 70169E28 XPEF [ac3+0x2A] | 70169E2A XPEF [ac3+0x28] | 70169E2C XPEF [ac3+0x4A] | 70169E2E LPEF [0x70000260]	0x70000260 | wp(ac3, 74) | wp(ac3, 40) | wp(ac3, 42) | wp(ac3, 44)
70169F9A	?WRITE_SCREEN	5	70169F7F	contiguous	0	-	70169F8F XPEF [ac3+0x2C] | 70169F91 XPEF [ac3+0x2A] | 70169F93 XPEF [ac3+0x4] | 70169F95 XPEF [ac3+0x28] | 70169F97 LPEF [0x70000260]	0x70000260 | wp(ac3, 40) | wp(ac3, 4) | wp(ac3, 42) | wp(ac3, 44)
7016A047	?WRITE_SCREEN	5	7016A002	contiguous	0	-	7016A03C XPEF [ac3+0x18] | 7016A03E XPEF [ac3+0x2C] | 7016A040 XPEF [ac3+0x28] | 7016A042 XPEF [ac3+0x2E] | 7016A044 LPEF [0x70000260]	0x70000260 | wp(ac3, 46) | wp(ac3, 40) | wp(ac3, 44) | wp(ac3, 24)
7016A087	?WRITE_SCREEN	2	7016A04F	contiguous	0	-	7016A082 XPEF [ac3+0x18] | 7016A084 LPEF [0x70000260]	0x70000260 | wp(ac3, 24)
7016A0AE	?RANDOM_NUMBER	3	7016A09D	contiguous	0	-	7016A0A8 XPEF [ac2+0x28] | 7016A0AA XPEF [ac3+0x2A] | 7016A0AC XPEF [ac3+0x28]	wp(ac3, 40) | wp(ac3, 42) | wp(ac2, 40)
7016A165	?WRITE_SCREEN	5	7016A0F3	contiguous	0	-	7016A15A XPEF [ac3+0x2C] | 7016A15C XPEF [ac3+0x2A] | 7016A15E XPEF [ac3+0x28] | 7016A160 XPEF [ac3+0xBE] | 7016A162 LPEF [0x70000260]	0x70000260 | wp(ac3, 190) | wp(ac3, 40) | wp(ac3, 42) | wp(ac3, 44)
7016A1BF	?WRITE_SCREEN	2	7016A1AF	contiguous	0	-	7016A1BA XPEF [ac3+0x18] | 7016A1BC LPEF [0x70000260]	0x70000260 | wp(ac3, 24)
7016A1F0	?UNSIGNED_TO_CHAR	1	7016A1E8	XLEF	0	-	7016A1EC XPEF [ac3+0x28]	wp(ac3, 40)
7016A22D	?WRITE_SCREEN	2	7016A1F4	contiguous	0	-	7016A228 XPEF [ac3+0xDE] | 7016A22A LPEF [0x70000260]	0x70000260 | wp(ac3, 222)
7016A2C8	?WRITE_SCREEN	5	7016A249	contiguous	0	-	7016A2BD XPEF [ac3+0x2C] | 7016A2BF XPEF [ac3+0x2A] | 7016A2C1 XPEF [ac3+0x28] | 7016A2C3 XPEF [ac3+0x12C] | 7016A2C5 LPEF [0x70000260]	0x70000260 | wp(ac3, 300) | wp(ac3, 40) | wp(ac3, 42) | wp(ac3, 44)
7016A314	?UNSIGNED_TO_CHAR	1	7016A30C	XLEF	0	-	7016A310 XPEF [ac3+0x28]	wp(ac3, 40)
7016A351	?WRITE_SCREEN	2	7016A318	contiguous	0	-	7016A34C XPEF [ac3+0xDE] | 7016A34E LPEF [0x70000260]	0x70000260 | wp(ac3, 222)
7016A37E	?WRITE_SCREEN	2	7016A36E	contiguous	0	-	7016A379 XPEF [ac3+0x18] | 7016A37B LPEF [0x70000260]	0x70000260 | wp(ac3, 24)
7016A3B4	?WRITE_SCREEN	5	7016A399	contiguous	0	-	7016A3A9 XPEF [ac3+0x18] | 7016A3AB XPEF [ac3+0x2C] | 7016A3AD XPEF [ac3+0x2A] | 7016A3AF XPEF [ac3+0x28] | 7016A3B1 LPEF [0x70000260]	0x70000260 | wp(ac3, 40) | wp(ac3, 42) | wp(ac3, 44) | wp(ac3, 24)
7016A473	?WRITE_SCREEN	2	7016A461	contiguous	0	-	7016A46E XPEF [ac3+0x2] | 7016A470 LPEF [0x70000260]	0x70000260 | wp(ac3, 2)
7016A4C5	?RANDOM_NUMBER	3	7016A4AC	XWSTA	0	-	7016A4BD XPEF [ac2+0x28] | 7016A4BF XPEF [ac3+0x12] | 7016A4C1 XPEF [ac3+0x2]	wp(ac3, 2) | wp(ac3, 18) | wp(ac2, 40)
7016A545	?WRITE_SCREEN	2	7016A501	contiguous	0	-	7016A540 XPEF [ac3+0x30] | 7016A542 LPEF [0x70000260]	0x70000260 | wp(ac3, 48)
7016A59D	?RANDOM_NUMBER	3	7016A584	XWSTA	0	-	7016A595 XPEF [ac2+0x28] | 7016A597 XPEF [ac3+0x14] | 7016A599 XPEF [ac3+0x4]	wp(ac3, 4) | wp(ac3, 20) | wp(ac2, 40)
7016A638	?RANDOM_NUMBER	3	7016A627	contiguous	0	-	7016A632 XPEF [ac2+0x28] | 7016A634 XPEF [ac3+0x14] | 7016A636 XPEF [ac3+0x4]	wp(ac3, 4) | wp(ac3, 20) | wp(ac2, 40)
7016A6B5	?WRITE_SCREEN	2	7016A671	contiguous	0	-	7016A6B0 XPEF [ac3+0xA4] | 7016A6B2 LPEF [0x70000260]	0x70000260 | wp(ac3, 164)
7016AA5A	?READ	6	7016AA45	contiguous	0	-	7016AA4D XPEF [ac3+0x4C] | 7016AA4F XPEF [ac3+0x52] | 7016AA51 XPEF [ac3+0x2] | 7016AA53 XPEF [ac3+0x50] | 7016AA55 XPEF [ac3+0x4E] | 7016AA57 LPEF [0x70000262]	0x70000262 | wp(ac3, 78) | wp(ac3, 80) | wp(ac3, 2) | wp(ac3, 82) | wp(ac3, 76)
7016B576	?WRITE_SCREEN	2	7016B56C	contiguous	0	-	7016B571 XPEF [ac3+0x1FC] | 7016B573 LPEF [0x70000260]	0x70000260 | wp(ac3, 508)
7016B5A2	?WRITE_SCREEN	2	7016B592	contiguous	0	-	7016B59D XPEF [ac3+0x1FE] | 7016B59F LPEF [0x70000260]	0x70000260 | wp(ac3, 510)
7016B5CC	?WRITE_SCREEN	2	7016B5B2	contiguous	0	-	7016B5C7 XPEF [ac3+0x232] | 7016B5C9 LPEF [0x70000260]	0x70000260 | wp(ac3, 562)
7016B605	?WRITE_SCREEN	2	7016B5DC	contiguous	0	-	7016B600 XPEF [ac3+0x2F0] | 7016B602 LPEF [0x70000260]	0x70000260 | wp(ac3, 752)
7016B643	?WRITE_SCREEN	2	7016B633	contiguous	0	-	7016B63E XPEF [ac3+0x274] | 7016B640 LPEF [0x70000260]	0x70000260 | wp(ac3, 628)
7016B690	?WRITE_SCREEN	2	7016B671	contiguous	0	-	7016B68B XPEF [ac3+0x3FC] | 7016B68D LPEF [0x70000260]	0x70000260 | wp(ac3, 1020)
7016B6EC	?WRITE_SCREEN	2	7016B6BE	contiguous	0	-	7016B6E7 XPEF [ac3+0x532] | 7016B6E9 LPEF [0x70000260]	0x70000260 | wp(ac3, 1330)
7016B734	?WRITE_SCREEN	2	7016B70C	contiguous	0	-	7016B72F XPEF [ac3+0x3FC] | 7016B731 LPEF [0x70000260]	0x70000260 | wp(ac3, 1020)
7016B76F	?WRITE_SCREEN	2	7016B746	contiguous	0	-	7016B76A XPEF [ac3+0x3FC] | 7016B76C LPEF [0x70000260]	0x70000260 | wp(ac3, 1020)
7016B7A8	?WRITE_SCREEN	2	7016B77F	contiguous	0	-	7016B7A3 XPEF [ac3+0x2F0] | 7016B7A5 LPEF [0x70000260]	0x70000260 | wp(ac3, 752)
7016B7ED	?RANDOM_NUMBER	3	7016B7D8	contiguous	0	-	7016B7E7 XPEF [ac2+0x28] | 7016B7E9 XPEF [ac3+0x1FE] | 7016B7EB XPEF [ac3+0x1FC]	wp(ac3, 508) | wp(ac3, 510) | wp(ac2, 40)
7016B8F3	?WRITE_SCREEN	2	7016B8E3	contiguous	0	-	7016B8EE XPEF @[ac3+0x8232] | 7016B8F0 LPEF [0x70000260]	0x70000260 | R[ac3 + 562]
7016B970	?WRITE_SCREEN	2	7016B91A	contiguous	0	-	7016B96B XPEF [ac3+0x928] | 7016B96D LPEF [0x70000260]	0x70000260 | wp(ac3, 2344)
7016B9AB	?WRITE_SCREEN	2	7016B991	contiguous	0	-	7016B9A6 XPEF [ac3+0x274] | 7016B9A8 LPEF [0x70000260]	0x70000260 | wp(ac3, 628)
7016B9D7	?WRITE_SCREEN	2	7016B9BB	contiguous	0	-	7016B9D2 XPEF [ac3+0x274] | 7016B9D4 LPEF [0x70000260]	0x70000260 | wp(ac3, 628)
7016BA30	?WRITE_SCREEN	2	7016B9E9	contiguous	0	-	7016BA2B XPEF [ac3+0x928] | 7016BA2D LPEF [0x70000260]	0x70000260 | wp(ac3, 2344)
7016BA7A	?WRITE_SCREEN	2	7016BA42	contiguous	0	-	7016BA75 XPEF [ac3+0x7BA] | 7016BA77 LPEF [0x70000260]	0x70000260 | wp(ac3, 1978)
7016BAA5	?RANDOM_NUMBER	3	7016BA90	contiguous	0	-	7016BA9F XPEF [ac2+0x28] | 7016BAA1 XPEF [ac3+0x1FE] | 7016BAA3 XPEF [ac3+0x1FC]	wp(ac3, 508) | wp(ac3, 510) | wp(ac2, 40)
7016BB34	?WRITE_SCREEN	2	7016BB06	contiguous	0	-	7016BB2F XPEF [ac3+0x69E] | 7016BB31 LPEF [0x70000260]	0x70000260 | wp(ac3, 1694)
7016BB99	?WRITE_SCREEN	2	7016BB89	contiguous	0	-	7016BB94 XPEF [ac3+0x1FE] | 7016BB96 LPEF [0x70000260]	0x70000260 | wp(ac3, 510)
7016BBAE	?RANDOM_NUMBER	3	7016BB9F	contiguous	0	-	7016BBA8 XPEF [ac2+0x28] | 7016BBAA XPEF [ac3+0x1FE] | 7016BBAC XPEF [ac3+0x1FC]	wp(ac3, 508) | wp(ac3, 510) | wp(ac2, 40)
7016BC60	?WRITE_SCREEN	2	7016BC50	contiguous	0	-	7016BC5B XPEF @[ac3+0x81FE] | 7016BC5D LPEF [0x70000260]	0x70000260 | R[ac3 + 510]
7016BC9C	?WRITE_SCREEN	2	7016BC81	contiguous	0	-	7016BC97 XPEF [ac3+0x1FE] | 7016BC99 LPEF [0x70000260]	0x70000260 | wp(ac3, 510)
7016D592	?WRITE_SCREEN	2	7016D582	contiguous	0	-	7016D58D XPEF [ac3+0x22] | 7016D58F LPEF [0x70000260]	0x70000260 | wp(ac3, 34)
7016D5A6	?WRITE_SCREEN	2	7016D596	contiguous	0	-	7016D5A1 XPEF [ac3+0x32] | 7016D5A3 LPEF [0x70000260]	0x70000260 | wp(ac3, 50)
7016D5BA	?WRITE_SCREEN	2	7016D5AA	contiguous	0	-	7016D5B5 XPEF [ac3+0x22] | 7016D5B7 LPEF [0x70000260]	0x70000260 | wp(ac3, 34)
7016D5C5	?CHAR_TO_UNSIGNED	1	7016D5C2	contiguous	0	-	7016D5C2 LPEF [0x7000021C]	0x7000021C
7016D5DF	?WRITE_SCREEN	2	7016D5CF	contiguous	0	-	7016D5DA XPEF [ac3+0x22] | 7016D5DC LPEF [0x70000260]	0x70000260 | wp(ac3, 34)
7016D602	?WRITE_SCREEN	2	7016D5E3	contiguous	0	-	7016D5FD XPEF [ac3+0x146] | 7016D5FF LPEF [0x70000260]	0x70000260 | wp(ac3, 326)
7016D616	?WRITE_SCREEN	2	7016D606	contiguous	0	-	7016D611 XPEF [ac3+0x32] | 7016D613 LPEF [0x70000260]	0x70000260 | wp(ac3, 50)
7016D63E	?WRITE_SCREEN	2	7016D61F	contiguous	0	-	7016D639 XPEF [ac3+0x2CE] | 7016D63B LPEF [0x70000260]	0x70000260 | wp(ac3, 718)
7016D693	?WRITE_SCREEN	2	7016D647	contiguous	0	-	7016D68E XPEF [ac3+0x608] | 7016D690 LPEF [0x70000260]	0x70000260 | wp(ac3, 1544)
7016D6BB	?WRITE_SCREEN	2	7016D69C	contiguous	0	-	7016D6B6 XPEF [ac3+0x146] | 7016D6B8 LPEF [0x70000260]	0x70000260 | wp(ac3, 326)
7016D6D6	?WRITE_SCREEN	2	7016D6C6	contiguous	0	-	7016D6D1 XPEF [ac3+0x32] | 7016D6D3 LPEF [0x70000260]	0x70000260 | wp(ac3, 50)
7016D71A	?WRITE_SCREEN	2	7016D70A	contiguous	0	-	7016D715 XPEF [ac3+0x32] | 7016D717 LPEF [0x70000260]	0x70000260 | wp(ac3, 50)
7016D730	?WRITE_SCREEN	2	7016D720	contiguous	0	-	7016D72B XPEF [ac3+0x32] | 7016D72D LPEF [0x70000260]	0x70000260 | wp(ac3, 50)
7016D746	?WRITE_SCREEN	2	7016D736	contiguous	0	-	7016D741 XPEF [ac3+0x32] | 7016D743 LPEF [0x70000260]	0x70000260 | wp(ac3, 50)
7016D75C	?WRITE_SCREEN	2	7016D74C	contiguous	0	-	7016D757 XPEF [ac3+0x32] | 7016D759 LPEF [0x70000260]	0x70000260 | wp(ac3, 50)
7016D772	?WRITE_SCREEN	2	7016D762	contiguous	0	-	7016D76D XPEF [ac3+0x32] | 7016D76F LPEF [0x70000260]	0x70000260 | wp(ac3, 50)
7016D788	?WRITE_SCREEN	2	7016D778	contiguous	0	-	7016D783 XPEF [ac3+0x32] | 7016D785 LPEF [0x70000260]	0x70000260 | wp(ac3, 50)
7016D79E	?WRITE_SCREEN	2	7016D78E	contiguous	0	-	7016D799 XPEF [ac3+0x32] | 7016D79B LPEF [0x70000260]	0x70000260 | wp(ac3, 50)
7016D7B4	?WRITE_SCREEN	2	7016D7A4	contiguous	0	-	7016D7AF XPEF [ac3+0x32] | 7016D7B1 LPEF [0x70000260]	0x70000260 | wp(ac3, 50)
7016D7CA	?WRITE_SCREEN	2	7016D7BA	contiguous	0	-	7016D7C5 XPEF [ac3+0x32] | 7016D7C7 LPEF [0x70000260]	0x70000260 | wp(ac3, 50)
7016D7EF	?WRITE_SCREEN	2	7016D7D0	contiguous	0	-	7016D7EA XPEF [ac3+0xA8] | 7016D7EC LPEF [0x70000260]	0x70000260 | wp(ac3, 168)
7016D805	?WRITE_SCREEN	2	7016D7F5	contiguous	0	-	7016D800 XPEF [ac3+0x32] | 7016D802 LPEF [0x70000260]	0x70000260 | wp(ac3, 50)
7016D81B	?WRITE_SCREEN	2	7016D80B	contiguous	0	-	7016D816 XPEF [ac3+0x32] | 7016D818 LPEF [0x70000260]	0x70000260 | wp(ac3, 50)
7016D840	?WRITE_SCREEN	2	7016D821	contiguous	0	-	7016D83B XPEF [ac3+0xA8] | 7016D83D LPEF [0x70000260]	0x70000260 | wp(ac3, 168)
7016D865	?WRITE_SCREEN	2	7016D846	contiguous	0	-	7016D860 XPEF [ac3+0xA8] | 7016D862 LPEF [0x70000260]	0x70000260 | wp(ac3, 168)
7016D87B	?WRITE_SCREEN	2	7016D86B	contiguous	0	-	7016D876 XPEF [ac3+0x32] | 7016D878 LPEF [0x70000260]	0x70000260 | wp(ac3, 50)
7016D891	?WRITE_SCREEN	2	7016D881	contiguous	0	-	7016D88C XPEF [ac3+0x32] | 7016D88E LPEF [0x70000260]	0x70000260 | wp(ac3, 50)
7016D8B6	?WRITE_SCREEN	2	7016D897	contiguous	0	-	7016D8B1 XPEF [ac3+0xA8] | 7016D8B3 LPEF [0x70000260]	0x70000260 | wp(ac3, 168)
7016D8DB	?WRITE_SCREEN	2	7016D8BC	contiguous	0	-	7016D8D6 XPEF [ac3+0xA8] | 7016D8D8 LPEF [0x70000260]	0x70000260 | wp(ac3, 168)
7016D8F1	?WRITE_SCREEN	2	7016D8E1	contiguous	0	-	7016D8EC XPEF [ac3+0x32] | 7016D8EE LPEF [0x70000260]	0x70000260 | wp(ac3, 50)
7016D907	?WRITE_SCREEN	2	7016D8F7	contiguous	0	-	7016D902 XPEF [ac3+0x32] | 7016D904 LPEF [0x70000260]	0x70000260 | wp(ac3, 50)
7016D92C	?WRITE_SCREEN	2	7016D90D	contiguous	0	-	7016D927 XPEF [ac3+0xA8] | 7016D929 LPEF [0x70000260]	0x70000260 | wp(ac3, 168)
7016D942	?WRITE_SCREEN	2	7016D932	contiguous	0	-	7016D93D XPEF [ac3+0x32] | 7016D93F LPEF [0x70000260]	0x70000260 | wp(ac3, 50)
7016D958	?WRITE_SCREEN	2	7016D948	contiguous	0	-	7016D953 XPEF [ac3+0x32] | 7016D955 LPEF [0x70000260]	0x70000260 | wp(ac3, 50)
7016D96E	?WRITE_SCREEN	2	7016D95E	contiguous	0	-	7016D969 XPEF [ac3+0x32] | 7016D96B LPEF [0x70000260]	0x70000260 | wp(ac3, 50)
7016D984	?WRITE_SCREEN	2	7016D974	contiguous	0	-	7016D97F XPEF [ac3+0x32] | 7016D981 LPEF [0x70000260]	0x70000260 | wp(ac3, 50)
7016D99A	?WRITE_SCREEN	2	7016D98A	contiguous	0	-	7016D995 XPEF [ac3+0x32] | 7016D997 LPEF [0x70000260]	0x70000260 | wp(ac3, 50)
7016D9B0	?WRITE_SCREEN	2	7016D9A0	contiguous	0	-	7016D9AB XPEF [ac3+0x32] | 7016D9AD LPEF [0x70000260]	0x70000260 | wp(ac3, 50)
7016D9C6	?WRITE_SCREEN	2	7016D9B6	contiguous	0	-	7016D9C1 XPEF [ac3+0x32] | 7016D9C3 LPEF [0x70000260]	0x70000260 | wp(ac3, 50)
7016D9DC	?WRITE_SCREEN	2	7016D9CC	contiguous	0	-	7016D9D7 XPEF [ac3+0x32] | 7016D9D9 LPEF [0x70000260]	0x70000260 | wp(ac3, 50)
7016D9F2	?WRITE_SCREEN	2	7016D9E2	contiguous	0	-	7016D9ED XPEF [ac3+0x32] | 7016D9EF LPEF [0x70000260]	0x70000260 | wp(ac3, 50)
7016DA08	?WRITE_SCREEN	2	7016D9F8	contiguous	0	-	7016DA03 XPEF [ac3+0x32] | 7016DA05 LPEF [0x70000260]	0x70000260 | wp(ac3, 50)
7016DA1D	?WRITE_SCREEN	2	7016DA0D	contiguous	0	-	7016DA18 XPEF [ac3+0x32] | 7016DA1A LPEF [0x70000260]	0x70000260 | wp(ac3, 50)
7016DA32	?WRITE_SCREEN	2	7016DA22	contiguous	0	-	7016DA2D XPEF [ac3+0x32] | 7016DA2F LPEF [0x70000260]	0x70000260 | wp(ac3, 50)
7016DA47	?WRITE_SCREEN	2	7016DA37	contiguous	0	-	7016DA42 XPEF [ac3+0x32] | 7016DA44 LPEF [0x70000260]	0x70000260 | wp(ac3, 50)
7016DA5C	?WRITE_SCREEN	2	7016DA4C	contiguous	0	-	7016DA57 XPEF [ac3+0x32] | 7016DA59 LPEF [0x70000260]	0x70000260 | wp(ac3, 50)
7016DA71	?WRITE_SCREEN	2	7016DA61	contiguous	0	-	7016DA6C XPEF [ac3+0x32] | 7016DA6E LPEF [0x70000260]	0x70000260 | wp(ac3, 50)
7016DA86	?WRITE_SCREEN	2	7016DA76	contiguous	0	-	7016DA81 XPEF [ac3+0x32] | 7016DA83 LPEF [0x70000260]	0x70000260 | wp(ac3, 50)
7016DA9B	?WRITE_SCREEN	2	7016DA91	contiguous	0	-	7016DA96 XPEF [ac3+0x22] | 7016DA98 LPEF [0x70000260]	0x70000260 | wp(ac3, 34)
7016DAAD	?WRITE_SCREEN	2	7016DAA3	contiguous	0	-	7016DAA8 XPEF [ac3+0x22] | 7016DAAA LPEF [0x70000260]	0x70000260 | wp(ac3, 34)
7016DB01	?WRITE_SCREEN	2	7016DAC4	contiguous	0	-	7016DAFC XPEF [ac3+0x1E4] | 7016DAFE LPEF [0x70000260]	0x70000260 | wp(ac3, 484)
7016DB74	?WRITE_SCREEN	2	7016DB0A	contiguous	0	-	7016DB6F XPEF [ac3+0xA82] | 7016DB71 LPEF [0x70000260]	0x70000260 | wp(ac3, 2690)
7016DBB5	?WRITE_SCREEN	2	7016DBA5	contiguous	0	-	7016DBB0 XPEF [ac3+0x32] | 7016DBB2 LPEF [0x70000260]	0x70000260 | wp(ac3, 50)
7016DCCC	?WRITE_SCREEN	2	7016DC94	contiguous	0	-	7016DCC7 XPEF [ac3+0xA8] | 7016DCC9 LPEF [0x70000260]	0x70000260 | wp(ac3, 168)
7016DCE5	?WRITE_SCREEN	2	7016DCDB	contiguous	0	-	7016DCE0 XPEF [ac3+0x22] | 7016DCE2 LPEF [0x70000260]	0x70000260 | wp(ac3, 34)
7016DD04	?WRITE_SCREEN	2	7016DCFA	contiguous	0	-	7016DCFF XPEF [ac3+0x22] | 7016DD01 LPEF [0x70000260]	0x70000260 | wp(ac3, 34)
7016DD1F	?WRITE_SCREEN	2	7016DD0F	contiguous	0	-	7016DD1A XPEF [ac3+0x32] | 7016DD1C LPEF [0x70000260]	0x70000260 | wp(ac3, 50)
7016DD46	?WRITE_SCREEN	2	7016DD27	contiguous	0	-	7016DD41 XPEF [ac3+0x146] | 7016DD43 LPEF [0x70000260]	0x70000260 | wp(ac3, 326)
7016DD5F	?WRITE_SCREEN	2	7016DD4F	contiguous	0	-	7016DD5A XPEF [ac3+0x32] | 7016DD5C LPEF [0x70000260]	0x70000260 | wp(ac3, 50)
7016DD96	?WRITE_SCREEN	2	7016DD68	contiguous	0	-	7016DD91 XPEF [ac3+0x2CE] | 7016DD93 LPEF [0x70000260]	0x70000260 | wp(ac3, 718)
7016DDBE	?WRITE_SCREEN	2	7016DD9F	contiguous	0	-	7016DDB9 XPEF [ac3+0x146] | 7016DDBB LPEF [0x70000260]	0x70000260 | wp(ac3, 326)
7016DDF0	?WRITE_SCREEN	2	7016DDC2	contiguous	0	-	7016DDEB XPEF [ac3+0x4BE] | 7016DDED LPEF [0x70000260]	0x70000260 | wp(ac3, 1214)
7016DEA3	?WRITE_SCREEN	2	7016DE91	contiguous	0	-	7016DE9E XPEF [ac3+0x4] | 7016DEA0 LPEF [0x70000260]	0x70000260 | wp(ac3, 4)
7016DEB7	?WRITE_SCREEN	2	7016DEAD	contiguous	0	-	7016DEB2 XPEF [ac3+0x4] | 7016DEB4 LPEF [0x70000260]	0x70000260 | wp(ac3, 4)
7016E2EE	?WRITE_SCREEN	2	7016E2DC	contiguous	0	-	7016E2E9 XPEF [ac3+0x2] | 7016E2EB LPEF [0x70000260]	0x70000260 | wp(ac3, 2)
7016E308	?OPEN_FILE	2	7016E2F9	contiguous	0	-	7016E304 XPEF [ac3+0x216] | 7016E306 XPEF [ac3+0xD]	wp(ac3, 13) | wp(ac3, 534)
7016E32F	?WRITE_SCREEN	2	7016E31F	contiguous	0	-	7016E32A XPEF [ac3+0x220] | 7016E32C LPEF [0x70000260]	0x70000260 | wp(ac3, 544)
7016E367	?WRITE_SCREEN	2	7016E34E	contiguous	0	-	7016E362 XPEF [ac3+0x216] | 7016E364 LPEF [0x70000260]	0x70000260 | wp(ac3, 534)
7016E39A	?READ	7	7016E374	contiguous	0	-	7016E38C XPEF [ac3+0x234] | 7016E38E XPEF [ac3+0x232] | 7016E390 XPEF [ac3+0x220] | 7016E392 XPEF [ac3+0x17] | 7016E394 XPEF [ac3+0x14] | 7016E396 XPEF [ac3+0x216] | 7016E398 XPEF [ac3+0xD]	wp(ac3, 13) | wp(ac3, 534) | wp(ac3, 20) | wp(ac3, 23) | wp(ac3, 544) | wp(ac3, 562) | wp(ac3, 564)
7016E418	?WRITE_SCREEN	2	7016E408	contiguous	0	-	7016E413 XPEF [ac3+0x236] | 7016E415 LPEF [0x70000260]	0x70000260 | wp(ac3, 566)
7016E587	?READ	4	7016E57A	contiguous	0	-	7016E57F XPEF [ac3+0x17] | 7016E581 XPEF [ac3+0x14] | 7016E583 XPEF [ac3+0x232] | 7016E585 XPEF [ac3+0xD]	wp(ac3, 13) | wp(ac3, 562) | wp(ac3, 20) | wp(ac3, 23)
7016E59D	?WRITE_SCREEN	2	7016E58D	contiguous	0	-	7016E598 XPEF [ac3+0x256] | 7016E59A LPEF [0x70000260]	0x70000260 | wp(ac3, 598)
7016E5BF	?CLOSE_FILE	1	7016E5BD	contiguous	0	-	7016E5BD XPEF [ac3+0xD]	wp(ac3, 13)
7016E5F1	?READ	7	7016E5CB	contiguous	0	-	7016E5E3 XPEF [ac3+0xA] | 7016E5E5 XPEF [ac3+0x8] | 7016E5E7 XPEF [ac3+0x6] | 7016E5E9 XPEF [ac2+0x17] | 7016E5EB XPEF [ac2+0x14] | 7016E5ED XPEF [ac3+0x4] | 7016E5EF XPEF [ac2+0xD]	wp(ac2, 13) | wp(ac3, 4) | wp(ac2, 20) | wp(ac2, 23) | wp(ac3, 6) | wp(ac3, 8) | wp(ac3, 10)
7016E63C	?READ	4	7016E62D	contiguous	0	-	7016E634 XPEF [ac2+0x17] | 7016E636 XPEF [ac2+0x14] | 7016E638 XPEF [ac3+0x4] | 7016E63A XPEF [ac2+0xD]	wp(ac2, 13) | wp(ac3, 4) | wp(ac2, 20) | wp(ac2, 23)
7016E810	?RANDOM_NUMBER	3	7016E7FF	contiguous	0	-	7016E80A XPEF [ac2+0x28] | 7016E80C XPEF [ac3+0x14] | 7016E80E XPEF [ac3+0x12]	wp(ac3, 18) | wp(ac3, 20) | wp(ac2, 40)
7016E82A	?RANDOM_NUMBER	3	7016E814	contiguous	0	-	7016E824 XPEF [ac2+0x28] | 7016E826 XPEF [ac3+0x14] | 7016E828 XPEF [ac3+0x12]	wp(ac3, 18) | wp(ac3, 20) | wp(ac2, 40)
7016E882	?RANDOM_NUMBER	3	7016E871	contiguous	0	-	7016E87C XPEF [ac2+0x28] | 7016E87E XPEF [ac3+0x16] | 7016E880 XPEF [ac3+0x14]	wp(ac3, 20) | wp(ac3, 22) | wp(ac2, 40)
7016E89C	?RANDOM_NUMBER	3	7016E886	contiguous	0	-	7016E896 XPEF [ac2+0x28] | 7016E898 XPEF [ac3+0x16] | 7016E89A XPEF [ac3+0x14]	wp(ac3, 20) | wp(ac3, 22) | wp(ac2, 40)
7016E8FF	?RANDOM_NUMBER	3	7016E8EE	contiguous	0	-	7016E8F9 XPEF [ac2+0x28] | 7016E8FB XPEF [ac3+0x16] | 7016E8FD XPEF [ac3+0x14]	wp(ac3, 20) | wp(ac3, 22) | wp(ac2, 40)
7016E91B	?RANDOM_NUMBER	3	7016E903	contiguous	0	-	7016E915 XPEF [ac2+0x28] | 7016E917 XPEF [ac3+0x16] | 7016E919 XPEF [ac3+0x14]	wp(ac3, 20) | wp(ac3, 22) | wp(ac2, 40)
7016E954	?RANDOM_NUMBER	3	7016E943	contiguous	0	-	7016E94E XPEF [ac2+0x28] | 7016E950 XPEF [ac3+0x16] | 7016E952 XPEF [ac3+0x14]	wp(ac3, 20) | wp(ac3, 22) | wp(ac2, 40)
7016E96E	?RANDOM_NUMBER	3	7016E958	contiguous	0	-	7016E968 XPEF [ac2+0x28] | 7016E96A XPEF [ac3+0x16] | 7016E96C XPEF [ac3+0x14]	wp(ac3, 20) | wp(ac3, 22) | wp(ac2, 40)
7016EBA7	?WRITE_SCREEN	2	7016EB90	contiguous	0	-	7016EBA2 XPEF [ac3+0x20A] | 7016EBA4 LPEF [0x70000260]	0x70000260 | wp(ac3, 522)
7016EBCB	?WRITE_SCREEN	2	7016EBBB	contiguous	0	-	7016EBC6 XPEF [ac3+0x20A] | 7016EBC8 LPEF [0x70000260]	0x70000260 | wp(ac3, 522)
7016EC2E	?WRITE_SCREEN	2	7016EBFD	contiguous	0	-	7016EC29 XPEF [ac3+0x238] | 7016EC2B LPEF [0x70000260]	0x70000260 | wp(ac3, 568)
7016EC3D	?WRITE_SCREEN	2	7016EC33	contiguous	0	-	7016EC38 XPEF [ac3+0x234] | 7016EC3A LPEF [0x70000260]	0x70000260 | wp(ac3, 564)
7016EC69	?WRITE_SCREEN	2	7016EC57	contiguous	0	-	7016EC64 XPEF [ac3+0x2] | 7016EC66 LPEF [0x70000260]	0x70000260 | wp(ac3, 2)
7016EC83	?OPEN_FILE	2	7016EC74	contiguous	0	-	7016EC7F XPEF [ac3+0x238] | 7016EC81 XPEF [ac3+0xC]	wp(ac3, 12) | wp(ac3, 568)
7016EC9C	?WRITE_SCREEN	2	7016EC8C	contiguous	0	-	7016EC97 XPEF [ac3+0x248] | 7016EC99 LPEF [0x70000260]	0x70000260 | wp(ac3, 584)
7016ECC6	?READ	7	7016ECA0	contiguous	0	-	7016ECB8 XPEF [ac3+0x20A] | 7016ECBA XPEF [ac3+0x238] | 7016ECBC XPEF [ac3+0x236] | 7016ECBE XPEF [ac3+0x15] | 7016ECC0 XPEF [ac3+0x12] | 7016ECC2 XPEF [ac3+0x234] | 7016ECC4 XPEF [ac3+0xC]	wp(ac3, 12) | wp(ac3, 564) | wp(ac3, 18) | wp(ac3, 21) | wp(ac3, 566) | wp(ac3, 568) | wp(ac3, 522)
7016ED01	?WRITE_SCREEN	2	7016ECF7	contiguous	0	-	7016ECFC XPEF [ac3+0x234] | 7016ECFE LPEF [0x70000260]	0x70000260 | wp(ac3, 564)
7016EE31	?WRITE_SCREEN	2	7016EE21	contiguous	0	-	7016EE2C XPEF @[ac3+0x8238] | 7016EE2E LPEF [0x70000260]	0x70000260 | R[ac3 + 568]
7016EE79	?WRITE_SCREEN	2	7016EE3A	contiguous	0	-	7016EE74 XPEF [ac3+0x20A] | 7016EE76 LPEF [0x70000260]	0x70000260 | wp(ac3, 522)
7016EE9A	?UNSIGNED_TO_CHAR	1	7016EE8B	XLEF	0	-	7016EE96 XPEF [ac3+0x234]	wp(ac3, 564)
7016EEB3	?UNSIGNED_TO_CHAR	1	7016EEA9	XLEF	0	-	7016EEAF XPEF [ac3+0x234]	wp(ac3, 564)
7016EEE0	?WRITE_SCREEN	2	7016EEC1	contiguous	0	-	7016EEDB XPEF [ac3+0x20A] | 7016EEDD LPEF [0x70000260]	0x70000260 | wp(ac3, 522)
7016EF01	?UNSIGNED_TO_CHAR	1	7016EEF2	XLEF	0	-	7016EEFD XPEF [ac3+0x234]	wp(ac3, 564)
7016EF1A	?UNSIGNED_TO_CHAR	1	7016EF10	XLEF	0	-	7016EF16 XPEF [ac3+0x234]	wp(ac3, 564)
7016EF47	?WRITE_SCREEN	2	7016EF28	contiguous	0	-	7016EF42 XPEF [ac3+0x20A] | 7016EF44 LPEF [0x70000260]	0x70000260 | wp(ac3, 522)
7016EF68	?UNSIGNED_TO_CHAR	1	7016EF59	XLEF	0	-	7016EF64 XPEF [ac3+0x234]	wp(ac3, 564)
7016EF81	?UNSIGNED_TO_CHAR	1	7016EF77	XLEF	0	-	7016EF7D XPEF [ac3+0x234]	wp(ac3, 564)
7016EFAE	?WRITE_SCREEN	2	7016EF8F	contiguous	0	-	7016EFA9 XPEF [ac3+0x20A] | 7016EFAB LPEF [0x70000260]	0x70000260 | wp(ac3, 522)
7016EFCF	?UNSIGNED_TO_CHAR	1	7016EFC0	XLEF	0	-	7016EFCB XPEF [ac3+0x234]	wp(ac3, 564)
7016EFE8	?UNSIGNED_TO_CHAR	1	7016EFDE	XLEF	0	-	7016EFE4 XPEF [ac3+0x234]	wp(ac3, 564)
7016F015	?WRITE_SCREEN	2	7016EFF6	contiguous	0	-	7016F010 XPEF [ac3+0x20A] | 7016F012 LPEF [0x70000260]	0x70000260 | wp(ac3, 522)
7016F036	?UNSIGNED_TO_CHAR	1	7016F027	XLEF	0	-	7016F032 XPEF [ac3+0x234]	wp(ac3, 564)
7016F04F	?UNSIGNED_TO_CHAR	1	7016F045	XLEF	0	-	7016F04B XPEF [ac3+0x234]	wp(ac3, 564)
7016F07A	?WRITE_SCREEN	2	7016F05D	contiguous	0	-	7016F075 XPEF [ac3+0x20A] | 7016F077 LPEF [0x70000260]	0x70000260 | wp(ac3, 522)
7016F09B	?UNSIGNED_TO_CHAR	1	7016F08C	XLEF	0	-	7016F097 XPEF [ac3+0x234]	wp(ac3, 564)
7016F0B4	?UNSIGNED_TO_CHAR	1	7016F0AA	XLEF	0	-	7016F0B0 XPEF [ac3+0x234]	wp(ac3, 564)
7016F0DF	?WRITE_SCREEN	2	7016F0C2	contiguous	0	-	7016F0DA XPEF [ac3+0x20A] | 7016F0DC LPEF [0x70000260]	0x70000260 | wp(ac3, 522)
7016F100	?UNSIGNED_TO_CHAR	1	7016F0F1	XLEF	0	-	7016F0FC XPEF [ac3+0x234]	wp(ac3, 564)
7016F119	?UNSIGNED_TO_CHAR	1	7016F10F	XLEF	0	-	7016F115 XPEF [ac3+0x234]	wp(ac3, 564)
7016F146	?WRITE_SCREEN	2	7016F127	contiguous	0	-	7016F141 XPEF [ac3+0x20A] | 7016F143 LPEF [0x70000260]	0x70000260 | wp(ac3, 522)
7016F167	?UNSIGNED_TO_CHAR	1	7016F158	XLEF	0	-	7016F163 XPEF [ac3+0x234]	wp(ac3, 564)
7016F180	?UNSIGNED_TO_CHAR	1	7016F176	XLEF	0	-	7016F17C XPEF [ac3+0x234]	wp(ac3, 564)
7016F1AD	?WRITE_SCREEN	2	7016F18E	contiguous	0	-	7016F1A8 XPEF [ac3+0x20A] | 7016F1AA LPEF [0x70000260]	0x70000260 | wp(ac3, 522)
7016F1BE	?READ	4	7016F1B1	contiguous	0	-	7016F1B6 XPEF [ac3+0x15] | 7016F1B8 XPEF [ac3+0x12] | 7016F1BA XPEF [ac3+0x234] | 7016F1BC XPEF [ac3+0xC]	wp(ac3, 12) | wp(ac3, 564) | wp(ac3, 18) | wp(ac3, 21)
7016F1DA	?CLOSE_FILE	1	7016F1D8	contiguous	0	-	7016F1D8 XPEF [ac3+0xC]	wp(ac3, 12)
7016F23D	?WRITE_SCREEN	2	7016F22F	contiguous	0	-	7016F238 XPEF [ac3+0x236] | 7016F23A LPEF [0x70000260]	0x70000260 | wp(ac3, 566)
7016F24F	?WRITE_SCREEN	2	7016F245	contiguous	0	-	7016F24A XPEF [ac3+0x236] | 7016F24C LPEF [0x70000260]	0x70000260 | wp(ac3, 566)
7016F2D8	?WRITE_SCREEN	2	7016F27B	contiguous	0	-	7016F2D3 XPEF [ac3+0x2F2] | 7016F2D5 LPEF [0x70000260]	0x70000260 | wp(ac3, 754)
7016F324	?WRITE_SCREEN	2	7016F2E7	contiguous	0	-	7016F31F XPEF [ac3+0x248] | 7016F321 LPEF [0x70000260]	0x70000260 | wp(ac3, 584)
7016F34A	?UNSIGNED_TO_CHAR	1	7016F32E	XLEF	0	-	7016F346 XPEF [ac3+0x236]	wp(ac3, 566)
7016F385	?WRITE_SCREEN	2	7016F34E	contiguous	0	-	7016F380 XPEF [ac3+0x248] | 7016F382 LPEF [0x70000260]	0x70000260 | wp(ac3, 584)
7016F395	?WRITE_SCREEN	2	7016F38B	contiguous	0	-	7016F390 XPEF [ac3+0x234] | 7016F392 LPEF [0x70000260]	0x70000260 | wp(ac3, 564)
7016F3B7	?WRITE_SCREEN	2	7016F3A7	contiguous	0	-	7016F3B2 XPEF [ac3+0x20A] | 7016F3B4 LPEF [0x70000260]	0x70000260 | wp(ac3, 522)
7016F407	?WRITE_SCREEN	2	7016F3FA	contiguous	0	-	7016F402 XPEF [ac2+0x7FEF] | 7016F404 LPEF [0x70000260]	0x70000260 | wp(ac2, -17)
7016F41B	?WRITE_SCREEN	2	7016F411	contiguous	0	-	7016F416 XPEF [ac3+0x236] | 7016F418 LPEF [0x70000260]	0x70000260 | wp(ac3, 566)
7016F463	?WRITE_SCREEN	2	7016F455	contiguous	0	-	7016F45E XPEF [ac3+0x236] | 7016F460 LPEF [0x70000260]	0x70000260 | wp(ac3, 566)
7016F475	?WRITE_SCREEN	2	7016F46B	contiguous	0	-	7016F470 XPEF [ac3+0x236] | 7016F472 LPEF [0x70000260]	0x70000260 | wp(ac3, 566)
7016F484	?UNSIGNED_TO_CHAR	1	7016F47D	XLEF	0	-	7016F480 XPEF [ac3+0x236]	wp(ac3, 566)
7016F4AE	?WRITE_SCREEN	2	7016F488	contiguous	0	-	7016F4A9 XPEF [ac3+0x20A] | 7016F4AB LPEF [0x70000260]	0x70000260 | wp(ac3, 522)
7016F4EF	?WRITE_SCREEN	2	7016F4BE	contiguous	0	-	7016F4EA XPEF [ac3+0x20A] | 7016F4EC LPEF [0x70000260]	0x70000260 | wp(ac3, 522)
7016F52B	?WRITE_SCREEN	2	7016F4FA	contiguous	0	-	7016F526 XPEF [ac3+0x20A] | 7016F528 LPEF [0x70000260]	0x70000260 | wp(ac3, 522)
7016F53B	?WRITE_SCREEN	2	7016F531	contiguous	0	-	7016F536 XPEF [ac3+0x236] | 7016F538 LPEF [0x70000260]	0x70000260 | wp(ac3, 566)
7016F54B	?WRITE_SCREEN	2	7016F541	contiguous	0	-	7016F546 XPEF [ac3+0x234] | 7016F548 LPEF [0x70000260]	0x70000260 | wp(ac3, 564)
7016F69E	?WRITE_SCREEN	2	7016F68E	contiguous	0	-	7016F699 XPEF [ac3+0x8] | 7016F69B LPEF [0x70000260]	0x70000260 | wp(ac3, 8)
7016F6B4	?WRITE_SCREEN	2	7016F6A4	contiguous	0	-	7016F6AF XPEF [ac3+0x1E] | 7016F6B1 LPEF [0x70000260]	0x70000260 | wp(ac3, 30)
7016F737	?WRITE_SCREEN	2	7016F6F2	contiguous	0	-	7016F732 XPEF [ac3+0x8] | 7016F734 LPEF [0x70000260]	0x70000260 | wp(ac3, 8)
7016FDE8	?WRITE_SCREEN	2	7016FDD8	contiguous	0	-	7016FDE3 XPEF [ac3+0x1A] | 7016FDE5 LPEF [0x70000260]	0x70000260 | wp(ac3, 26)
7016FE5E	?RANDOM_NUMBER	3	7016FE4B	contiguous	0	-	7016FE58 XPEF [ac2+0x28] | 7016FE5A XPEF [ac3+0x18] | 7016FE5C XPEF [ac3+0x16]	wp(ac3, 22) | wp(ac3, 24) | wp(ac2, 40)
7016FE78	?RANDOM_NUMBER	3	7016FE62	contiguous	0	-	7016FE72 XPEF [ac2+0x28] | 7016FE74 XPEF [ac3+0x18] | 7016FE76 XPEF [ac3+0x16]	wp(ac3, 22) | wp(ac3, 24) | wp(ac2, 40)
7016FF2B	?WRITE_SCREEN	5	7016FE9D	contiguous	0	-	7016FF20 XPEF [ac3+0x18] | 7016FF22 XPEF [ac3+0x16] | 7016FF24 XPEF [ac3+0x14] | 7016FF26 XPEF [ac3+0xA0] | 7016FF28 LPEF [0x70000260]	0x70000260 | wp(ac3, 160) | wp(ac3, 20) | wp(ac3, 22) | wp(ac3, 24)
7016FF65	?WRITE_SCREEN	2	7016FF55	contiguous	0	-	7016FF60 XPEF [ac3+0x34] | 7016FF62 LPEF [0x70000260]	0x70000260 | wp(ac3, 52)
70170392	?WRITE_SCREEN	2	7017034C	contiguous	0	-	7017038D XPEF [ac3+0x5C] | 7017038F LPEF [0x70000260]	0x70000260 | wp(ac3, 92)
7017039C	?DELAY	1	70170396	contiguous	0	-	7017039A XPEF [ac3+0x16]	wp(ac3, 22)
70170420	?WRITE_SCREEN	2	70170410	contiguous	0	-	7017041B XPEF [ac3+0x1C] | 7017041D LPEF [0x70000260]	0x70000260 | wp(ac3, 28)
70170475	?RANDOM_NUMBER	3	70170466	contiguous	0	-	7017046F XPEF [ac2+0x28] | 70170471 XPEF [ac3+0x18] | 70170473 XPEF [ac3+0x16]	wp(ac3, 22) | wp(ac3, 24) | wp(ac2, 40)
7017050D	?WRITE_SCREEN	5	701704AD	contiguous	0	-	70170502 XPEF [ac3+0x1C] | 70170504 XPEF [ac3+0x1A] | 70170506 XPEF [ac3+0x16] | 70170508 XPEF [ac3+0x5C] | 7017050A LPEF [0x70000260]	0x70000260 | wp(ac3, 92) | wp(ac3, 22) | wp(ac3, 26) | wp(ac3, 28)
7017051B	?DELAY	1	70170515	contiguous	0	-	70170519 XPEF [ac3+0x16]	wp(ac3, 22)
70170563	?WRITE_SCREEN	2	70170553	contiguous	0	-	7017055E XPEF [ac3+0x1C] | 70170560 LPEF [0x70000260]	0x70000260 | wp(ac3, 28)
70170595	?WRITE_SCREEN	2	70170585	contiguous	0	-	70170590 XPEF [ac3+0x1C] | 70170592 LPEF [0x70000260]	0x70000260 | wp(ac3, 28)
701705C4	?WRITE_SCREEN	2	701705B7	contiguous	0	-	701705BF XPEF [ac3+0x1C] | 701705C1 LPEF [0x70000260]	0x70000260 | wp(ac3, 28)
701705F3	?WRITE_SCREEN	2	701705E6	contiguous	0	-	701705EE XPEF [ac3+0x1C] | 701705F0 LPEF [0x70000260]	0x70000260 | wp(ac3, 28)
7017068A	?WRITE_SCREEN	5	7017066A	contiguous	0	-	7017067F XPEF [ac3+0x1A] | 70170681 XPEF [ac3+0x18] | 70170683 XPEF [ac3+0x16] | 70170685 XPEF [ac3+0x1C] | 70170687 LPEF [0x70000260]	0x70000260 | wp(ac3, 28) | wp(ac3, 22) | wp(ac3, 24) | wp(ac3, 26)
701706B6	?WRITE_SCREEN	5	70170696	contiguous	0	-	701706AB XPEF [ac3+0x1A] | 701706AD XPEF [ac3+0x18] | 701706AF XPEF [ac3+0x16] | 701706B1 XPEF [ac3+0x1C] | 701706B3 LPEF [0x70000260]	0x70000260 | wp(ac3, 28) | wp(ac3, 22) | wp(ac3, 24) | wp(ac3, 26)
701706FF	?WRITE_SCREEN	2	701706EF	contiguous	0	-	701706FA XPEF [ac3+0x7E] | 701706FC LPEF [0x70000260]	0x70000260 | wp(ac3, 126)
7017076C	?WRITE_SCREEN	2	7017075C	contiguous	0	-	70170767 XPEF [ac3+0x1C] | 70170769 LPEF [0x70000260]	0x70000260 | wp(ac3, 28)
70170797	?WRITE_SCREEN	2	70170787	contiguous	0	-	70170792 XPEF [ac3+0x1C] | 70170794 LPEF [0x70000260]	0x70000260 | wp(ac3, 28)
701707B0	?WRITE_SCREEN	2	701707A0	contiguous	0	-	701707AB XPEF [ac3+0x1C] | 701707AD LPEF [0x70000260]	0x70000260 | wp(ac3, 28)
701707F9	?WRITE_SCREEN	2	701707E9	contiguous	0	-	701707F4 XPEF [ac3+0x1C] | 701707F6 LPEF [0x70000260]	0x70000260 | wp(ac3, 28)
70170817	?WRITE_SCREEN	2	70170807	contiguous	0	-	70170812 XPEF [ac3+0x1C] | 70170814 LPEF [0x70000260]	0x70000260 | wp(ac3, 28)
70170834	?UNSIGNED_TO_CHAR	1	7017082C	XLEF	0	-	70170830 XPEF [ac3+0x16]	wp(ac3, 22)
7017085E	?WRITE_SCREEN	2	70170838	contiguous	0	-	70170859 XPEF [ac3+0x1C] | 7017085B LPEF [0x70000260]	0x70000260 | wp(ac3, 28)
701708AB	?RANDOM_NUMBER	3	7017089C	contiguous	0	-	701708A5 XPEF [ac2+0x28] | 701708A7 XPEF [ac3+0x18] | 701708A9 XPEF [ac3+0x16]	wp(ac3, 22) | wp(ac3, 24) | wp(ac2, 40)
70170912	?WRITE_SCREEN	5	701708F2	contiguous	0	-	70170907 XPEF [ac3+0x1A] | 70170909 XPEF [ac3+0x18] | 7017090B XPEF [ac3+0x16] | 7017090D XPEF [ac3+0x7E] | 7017090F LPEF [0x70000260]	0x70000260 | wp(ac3, 126) | wp(ac3, 22) | wp(ac3, 24) | wp(ac3, 26)
7017096E	?WRITE_SCREEN	5	7017091C	contiguous	0	-	70170963 XPEF [ac3+0x3A] | 70170965 XPEF [ac3+0x1C] | 70170967 XPEF [ac3+0x16] | 70170969 XPEF [ac3+0x7E] | 7017096B LPEF [0x70000260]	0x70000260 | wp(ac3, 126) | wp(ac3, 22) | wp(ac3, 28) | wp(ac3, 58)
701709BF	?RANDOM_NUMBER	3	701709A8	contiguous	0	-	701709B9 XPEF [ac2+0x28] | 701709BB XPEF [ac3+0x18] | 701709BD XPEF [ac3+0x16]	wp(ac3, 22) | wp(ac3, 24) | wp(ac2, 40)
701709FF	?RANDOM_NUMBER	3	701709E6	XWSTA	0	-	701709F7 XPEF [ac2+0x28] | 701709F9 XPEF [ac3+0x18] | 701709FB XPEF [ac3+0x16]	wp(ac3, 22) | wp(ac3, 24) | wp(ac2, 40)
70170A3D	?RANDOM_NUMBER	3	70170A26	contiguous	0	-	70170A37 XPEF [ac2+0x28] | 70170A39 XPEF [ac3+0x18] | 70170A3B XPEF [ac3+0x16]	wp(ac3, 22) | wp(ac3, 24) | wp(ac2, 40)
70170AF5	?RANDOM_NUMBER	3	70170ADE	contiguous	0	-	70170AEF XPEF [ac2+0x28] | 70170AF1 XPEF [ac3+0x18] | 70170AF3 XPEF [ac3+0x16]	wp(ac3, 22) | wp(ac3, 24) | wp(ac2, 40)
70170B35	?WRITE_SCREEN	5	70170B15	contiguous	0	-	70170B2A XPEF [ac3+0x1A] | 70170B2C XPEF [ac3+0x18] | 70170B2E XPEF [ac3+0x16] | 70170B30 XPEF [ac3+0x1C] | 70170B32 LPEF [0x70000260]	0x70000260 | wp(ac3, 28) | wp(ac3, 22) | wp(ac3, 24) | wp(ac3, 26)
70170B57	?RANDOM_NUMBER	3	70170B46	contiguous	0	-	70170B51 XPEF [ac2+0x28] | 70170B53 XPEF [ac3+0x18] | 70170B55 XPEF [ac3+0x16]	wp(ac3, 22) | wp(ac3, 24) | wp(ac2, 40)
70170BB3	?WRITE_SCREEN	5	70170B93	contiguous	0	-	70170BA8 XPEF [ac3+0x1A] | 70170BAA XPEF [ac3+0x18] | 70170BAC XPEF [ac3+0x16] | 70170BAE XPEF [ac3+0x1C] | 70170BB0 LPEF [0x70000260]	0x70000260 | wp(ac3, 28) | wp(ac3, 22) | wp(ac3, 24) | wp(ac3, 26)
70170BC6	?UNSIGNED_TO_CHAR	1	70170BBE	XLEF+XWSTA	0	-	70170BC0 XPEF [ac3+0x16]	wp(ac3, 22)
70170C1E	?WRITE_SCREEN	5	70170BCA	contiguous	0	-	70170C13 XPEF [ac3+0x1C] | 70170C15 XPEF [ac3+0x18] | 70170C17 XPEF [ac3+0x16] | 70170C19 XPEF [ac3+0xB2] | 70170C1B LPEF [0x70000260]	0x70000260 | wp(ac3, 178) | wp(ac3, 22) | wp(ac3, 24) | wp(ac3, 28)
70170C28	?DELAY	1	70170C22	contiguous	0	-	70170C26 XPEF [ac3+0x16]	wp(ac3, 22)
701711FA	?WRITE_SCREEN	2	701711EA	contiguous	0	-	701711F5 XPEF [ac3+0x28] | 701711F7 LPEF [0x70000260]	0x70000260 | wp(ac3, 40)
70171204	?DELAY	1	701711FE	contiguous	0	-	70171202 XPEF [ac3+0x22]	wp(ac3, 34)
70171219	?WRITE_SCREEN	2	70171209	contiguous	0	-	70171214 XPEF [ac3+0x28] | 70171216 LPEF [0x70000260]	0x70000260 | wp(ac3, 40)
70171223	?DELAY	1	7017121D	contiguous	0	-	70171221 XPEF [ac3+0x22]	wp(ac3, 34)
7017124A	?WRITE_SCREEN	2	7017123A	contiguous	0	-	70171245 XPEF [ac3+0x28] | 70171247 LPEF [0x70000260]	0x70000260 | wp(ac3, 40)
7017125F	?WRITE_SCREEN	2	7017124F	contiguous	0	-	7017125A XPEF [ac3+0x36] | 7017125C LPEF [0x70000260]	0x70000260 | wp(ac3, 54)
70171269	?DELAY	1	70171263	contiguous	0	-	70171267 XPEF [ac3+0x22]	wp(ac3, 34)
70171294	?WRITE_SCREEN	2	70171284	contiguous	0	-	7017128F XPEF [ac3+0x28] | 70171291 LPEF [0x70000260]	0x70000260 | wp(ac3, 40)
701712A9	?WRITE_SCREEN	2	70171299	contiguous	0	-	701712A4 XPEF [ac3+0x28] | 701712A6 LPEF [0x70000260]	0x70000260 | wp(ac3, 40)
701712C2	?WRITE_SCREEN	2	701712B2	contiguous	0	-	701712BD XPEF [ac3+0x28] | 701712BF LPEF [0x70000260]	0x70000260 | wp(ac3, 40)
701712E1	?WRITE_SCREEN	2	701712D1	contiguous	0	-	701712DC XPEF [ac3+0x28] | 701712DE LPEF [0x70000260]	0x70000260 | wp(ac3, 40)
701712FD	?WRITE_SCREEN	2	701712F0	contiguous	0	-	701712F8 XPEF [ac3+0x28] | 701712FA LPEF [0x70000260]	0x70000260 | wp(ac3, 40)
70171319	?WRITE_SCREEN	2	7017130C	contiguous	0	-	70171314 XPEF [ac3+0x28] | 70171316 LPEF [0x70000260]	0x70000260 | wp(ac3, 40)
70171384	?WRITE_SCREEN	5	70171364	contiguous	0	-	70171379 XPEF [ac3+0x26] | 7017137B XPEF [ac3+0x24] | 7017137D XPEF [ac3+0x22] | 7017137F XPEF [ac3+0x36] | 70171381 LPEF [0x70000260]	0x70000260 | wp(ac3, 54) | wp(ac3, 34) | wp(ac3, 36) | wp(ac3, 38)
70171443	?WRITE_SCREEN	5	70171423	contiguous	0	-	70171438 XPEF [ac3+0x26] | 7017143A XPEF [ac3+0x24] | 7017143C XPEF [ac3+0x22] | 7017143E XPEF [ac3+0x28] | 70171440 LPEF [0x70000260]	0x70000260 | wp(ac3, 40) | wp(ac3, 34) | wp(ac3, 36) | wp(ac3, 38)
701715C9	?WRITE_SCREEN	5	701715A9	contiguous	0	-	701715BE XPEF [ac3+0x26] | 701715C0 XPEF [ac3+0x24] | 701715C2 XPEF [ac3+0x22] | 701715C4 XPEF [ac3+0x28] | 701715C6 LPEF [0x70000260]	0x70000260 | wp(ac3, 40) | wp(ac3, 34) | wp(ac3, 36) | wp(ac3, 38)
7017166A	?WRITE_SCREEN	5	7017164A	contiguous	0	-	7017165F XPEF [ac3+0x26] | 70171661 XPEF [ac3+0x24] | 70171663 XPEF [ac3+0x22] | 70171665 XPEF [ac3+0x46] | 70171667 LPEF [0x70000260]	0x70000260 | wp(ac3, 70) | wp(ac3, 34) | wp(ac3, 36) | wp(ac3, 38)
7017169A	?WRITE_SCREEN	5	7017167A	contiguous	0	-	7017168F XPEF [ac3+0x26] | 70171691 XPEF [ac3+0x24] | 70171693 XPEF [ac3+0x22] | 70171695 XPEF [ac3+0x5C] | 70171697 LPEF [0x70000260]	0x70000260 | wp(ac3, 92) | wp(ac3, 34) | wp(ac3, 36) | wp(ac3, 38)
701716BF	?WRITE_SCREEN	5	7017169F	contiguous	0	-	701716B4 XPEF [ac3+0x26] | 701716B6 XPEF [ac3+0x24] | 701716B8 XPEF [ac3+0x22] | 701716BA XPEF [ac3+0x46] | 701716BC LPEF [0x70000260]	0x70000260 | wp(ac3, 70) | wp(ac3, 34) | wp(ac3, 36) | wp(ac3, 38)
7017170A	?WRITE_SCREEN	5	701716EA	contiguous	0	-	701716FF XPEF [ac3+0x26] | 70171701 XPEF [ac3+0x24] | 70171703 XPEF [ac3+0x22] | 70171705 XPEF [ac3+0x46] | 70171707 LPEF [0x70000260]	0x70000260 | wp(ac3, 70) | wp(ac3, 34) | wp(ac3, 36) | wp(ac3, 38)
7017176F	?WRITE_SCREEN	5	7017174F	contiguous	0	-	70171764 XPEF [ac3+0x26] | 70171766 XPEF [ac3+0x24] | 70171768 XPEF [ac3+0x22] | 7017176A XPEF [ac3+0x36] | 7017176C LPEF [0x70000260]	0x70000260 | wp(ac3, 54) | wp(ac3, 34) | wp(ac3, 36) | wp(ac3, 38)
701717E4	?WRITE_SCREEN	5	701717C4	contiguous	0	-	701717D9 XPEF [ac3+0x26] | 701717DB XPEF [ac3+0x24] | 701717DD XPEF [ac3+0x22] | 701717DF XPEF [ac3+0x46] | 701717E1 LPEF [0x70000260]	0x70000260 | wp(ac3, 70) | wp(ac3, 34) | wp(ac3, 36) | wp(ac3, 38)
70171847	?WRITE_SCREEN	5	70171827	contiguous	0	-	7017183C XPEF [ac3+0x26] | 7017183E XPEF [ac3+0x24] | 70171840 XPEF [ac3+0x22] | 70171842 XPEF [ac3+0x76] | 70171844 LPEF [0x70000260]	0x70000260 | wp(ac3, 118) | wp(ac3, 34) | wp(ac3, 36) | wp(ac3, 38)
7017186D	?WRITE_SCREEN	5	7017184D	contiguous	0	-	70171862 XPEF [ac3+0x26] | 70171864 XPEF [ac3+0x24] | 70171866 XPEF [ac3+0x22] | 70171868 XPEF [ac3+0x96] | 7017186A LPEF [0x70000260]	0x70000260 | wp(ac3, 150) | wp(ac3, 34) | wp(ac3, 36) | wp(ac3, 38)
701718A3	?WRITE_SCREEN	5	70171883	contiguous	0	-	70171898 XPEF [ac3+0x26] | 7017189A XPEF [ac3+0x24] | 7017189C XPEF [ac3+0x22] | 7017189E XPEF [ac3+0x36] | 701718A0 LPEF [0x70000260]	0x70000260 | wp(ac3, 54) | wp(ac3, 34) | wp(ac3, 36) | wp(ac3, 38)
701718E0	?RANDOM_NUMBER	3	701718CF	contiguous	0	-	701718DA XPEF [ac2+0x28] | 701718DC XPEF [ac3+0x24] | 701718DE XPEF [ac3+0x22]	wp(ac3, 34) | wp(ac3, 36) | wp(ac2, 40)
701718FF	?UNSIGNED_TO_CHAR	1	701718ED	XLEF	0	-	701718FB XPEF [ac3+0x22]	wp(ac3, 34)
7017194C	?WRITE_SCREEN	5	70171903	contiguous	0	-	70171941 XPEF [ac3+0x28] | 70171943 XPEF [ac3+0x26] | 70171945 XPEF [ac3+0x22] | 70171947 XPEF [ac3+0x134] | 70171949 LPEF [0x70000260]	0x70000260 | wp(ac3, 308) | wp(ac3, 34) | wp(ac3, 38) | wp(ac3, 40)
701719ED	?WRITE_SCREEN	5	7017199A	contiguous	0	-	701719E2 XPEF [ac3+0x28] | 701719E4 XPEF [ac3+0x24] | 701719E6 XPEF [ac3+0x22] | 701719E8 XPEF [ac3+0xB8] | 701719EA LPEF [0x70000260]	0x70000260 | wp(ac3, 184) | wp(ac3, 34) | wp(ac3, 36) | wp(ac3, 40)
70171A2D	?WRITE_SCREEN	5	70171A0D	contiguous	0	-	70171A22 XPEF [ac3+0x26] | 70171A24 XPEF [ac3+0x24] | 70171A26 XPEF [ac3+0x22] | 70171A28 XPEF [ac3+0x36] | 70171A2A LPEF [0x70000260]	0x70000260 | wp(ac3, 54) | wp(ac3, 34) | wp(ac3, 36) | wp(ac3, 38)
70171B1E	?WRITE_SCREEN	5	70171AFE	contiguous	0	-	70171B13 XPEF [ac3+0x26] | 70171B15 XPEF [ac3+0x24] | 70171B17 XPEF [ac3+0x22] | 70171B19 XPEF [ac3+0x5C] | 70171B1B LPEF [0x70000260]	0x70000260 | wp(ac3, 92) | wp(ac3, 34) | wp(ac3, 36) | wp(ac3, 38)
70171B78	?WRITE_SCREEN	5	70171B58	contiguous	0	-	70171B6D XPEF [ac3+0x26] | 70171B6F XPEF [ac3+0x24] | 70171B71 XPEF [ac3+0x22] | 70171B73 XPEF [ac3+0x46] | 70171B75 LPEF [0x70000260]	0x70000260 | wp(ac3, 70) | wp(ac3, 34) | wp(ac3, 36) | wp(ac3, 38)
70171BAC	?WRITE_SCREEN	5	70171B8C	contiguous	0	-	70171BA1 XPEF [ac3+0x26] | 70171BA3 XPEF [ac3+0x24] | 70171BA5 XPEF [ac3+0x22] | 70171BA7 XPEF [ac3+0x76] | 70171BA9 LPEF [0x70000260]	0x70000260 | wp(ac3, 118) | wp(ac3, 34) | wp(ac3, 36) | wp(ac3, 38)
70171BFE	?WRITE_SCREEN	5	70171BDE	contiguous	0	-	70171BF3 XPEF [ac3+0x26] | 70171BF5 XPEF [ac3+0x24] | 70171BF7 XPEF [ac3+0x22] | 70171BF9 XPEF [ac3+0x76] | 70171BFB LPEF [0x70000260]	0x70000260 | wp(ac3, 118) | wp(ac3, 34) | wp(ac3, 36) | wp(ac3, 38)
70171C08	?DELAY	1	70171C02	contiguous	0	-	70171C06 XPEF [ac3+0x22]	wp(ac3, 34)
70171CB9	?RANDOM_NUMBER	3	70171CA4	contiguous	0	-	70171CB3 XPEF [ac2+0x28] | 70171CB5 XPEF [ac3+0x24] | 70171CB7 XPEF [ac3+0x22]	wp(ac3, 34) | wp(ac3, 36) | wp(ac2, 40)
70171CD5	?RANDOM_NUMBER	3	70171CBD	contiguous	0	-	70171CCF XPEF [ac2+0x28] | 70171CD1 XPEF [ac3+0x24] | 70171CD3 XPEF [ac3+0x22]	wp(ac3, 34) | wp(ac3, 36) | wp(ac2, 40)
70171DA5	?WRITE_SCREEN	5	70171D85	contiguous	0	-	70171D9A XPEF [ac3+0x26] | 70171D9C XPEF [ac3+0x24] | 70171D9E XPEF [ac3+0x22] | 70171DA0 XPEF [ac3+0x76] | 70171DA2 LPEF [0x70000260]	0x70000260 | wp(ac3, 118) | wp(ac3, 34) | wp(ac3, 36) | wp(ac3, 38)
70171E64	?WRITE_SCREEN	5	70171E44	contiguous	0	-	70171E59 XPEF [ac3+0x26] | 70171E5B XPEF [ac3+0x24] | 70171E5D XPEF [ac3+0x22] | 70171E5F XPEF [ac3+0x36] | 70171E61 LPEF [0x70000260]	0x70000260 | wp(ac3, 54) | wp(ac3, 34) | wp(ac3, 36) | wp(ac3, 38)
70171F27	?WRITE_SCREEN	5	70171F07	contiguous	0	-	70171F1C XPEF [ac3+0x26] | 70171F1E XPEF [ac3+0x24] | 70171F20 XPEF [ac3+0x22] | 70171F22 XPEF [ac3+0x46] | 70171F24 LPEF [0x70000260]	0x70000260 | wp(ac3, 70) | wp(ac3, 34) | wp(ac3, 36) | wp(ac3, 38)
70172045	?WRITE_SCREEN	5	70172025	contiguous	0	-	7017203A XPEF [ac3+0x26] | 7017203C XPEF [ac3+0x24] | 7017203E XPEF [ac3+0x22] | 70172040 XPEF [ac3+0x46] | 70172042 LPEF [0x70000260]	0x70000260 | wp(ac3, 70) | wp(ac3, 34) | wp(ac3, 36) | wp(ac3, 38)
7017206B	?WRITE_SCREEN	5	7017204B	contiguous	0	-	70172060 XPEF [ac3+0x26] | 70172062 XPEF [ac3+0x24] | 70172064 XPEF [ac3+0x22] | 70172066 XPEF [ac3+0x46] | 70172068 LPEF [0x70000260]	0x70000260 | wp(ac3, 70) | wp(ac3, 34) | wp(ac3, 36) | wp(ac3, 38)
701720E9	?WRITE_SCREEN	5	701720C9	contiguous	0	-	701720DE XPEF [ac3+0x26] | 701720E0 XPEF [ac3+0x24] | 701720E2 XPEF [ac3+0x22] | 701720E4 XPEF [ac3+0x28] | 701720E6 LPEF [0x70000260]	0x70000260 | wp(ac3, 40) | wp(ac3, 34) | wp(ac3, 36) | wp(ac3, 38)
70172111	?WRITE_SCREEN	5	701720F1	contiguous	0	-	70172106 XPEF [ac3+0x26] | 70172108 XPEF [ac3+0x24] | 7017210A XPEF [ac3+0x22] | 7017210C XPEF [ac3+0x28] | 7017210E LPEF [0x70000260]	0x70000260 | wp(ac3, 40) | wp(ac3, 34) | wp(ac3, 36) | wp(ac3, 38)
70172255	?WRITE_SCREEN	5	70172235	contiguous	0	-	7017224A XPEF [ac3+0x26] | 7017224C XPEF [ac3+0x24] | 7017224E XPEF [ac3+0x22] | 70172250 XPEF [ac3+0x28] | 70172252 LPEF [0x70000260]	0x70000260 | wp(ac3, 40) | wp(ac3, 34) | wp(ac3, 36) | wp(ac3, 38)
7017227B	?WRITE_SCREEN	5	7017225B	contiguous	0	-	70172270 XPEF [ac3+0x26] | 70172272 XPEF [ac3+0x24] | 70172274 XPEF [ac3+0x22] | 70172276 XPEF [ac3+0x28] | 70172278 LPEF [0x70000260]	0x70000260 | wp(ac3, 40) | wp(ac3, 34) | wp(ac3, 36) | wp(ac3, 38)
7017242C	?WRITE_SCREEN	5	7017240C	contiguous	0	-	70172421 XPEF [ac3+0x26] | 70172423 XPEF [ac3+0x24] | 70172425 XPEF [ac3+0x22] | 70172427 XPEF [ac3+0x46] | 70172429 LPEF [0x70000260]	0x70000260 | wp(ac3, 70) | wp(ac3, 34) | wp(ac3, 36) | wp(ac3, 38)
70172452	?WRITE_SCREEN	5	70172432	contiguous	0	-	70172447 XPEF [ac3+0x26] | 70172449 XPEF [ac3+0x24] | 7017244B XPEF [ac3+0x22] | 7017244D XPEF [ac3+0x46] | 7017244F LPEF [0x70000260]	0x70000260 | wp(ac3, 70) | wp(ac3, 34) | wp(ac3, 36) | wp(ac3, 38)
701724CC	?WRITE_SCREEN	5	701724AC	contiguous	0	-	701724C1 XPEF [ac3+0x26] | 701724C3 XPEF [ac3+0x24] | 701724C5 XPEF [ac3+0x22] | 701724C7 XPEF [ac3+0x28] | 701724C9 LPEF [0x70000260]	0x70000260 | wp(ac3, 40) | wp(ac3, 34) | wp(ac3, 36) | wp(ac3, 38)
701724F4	?WRITE_SCREEN	5	701724D4	contiguous	0	-	701724E9 XPEF [ac3+0x26] | 701724EB XPEF [ac3+0x24] | 701724ED XPEF [ac3+0x22] | 701724EF XPEF [ac3+0x28] | 701724F1 LPEF [0x70000260]	0x70000260 | wp(ac3, 40) | wp(ac3, 34) | wp(ac3, 36) | wp(ac3, 38)
701726BA	?WRITE_SCREEN	5	7017269A	contiguous	0	-	701726AF XPEF [ac3+0x26] | 701726B1 XPEF [ac3+0x24] | 701726B3 XPEF [ac3+0x22] | 701726B5 XPEF [ac3+0x76] | 701726B7 LPEF [0x70000260]	0x70000260 | wp(ac3, 118) | wp(ac3, 34) | wp(ac3, 36) | wp(ac3, 38)
70172701	?WRITE_SCREEN	5	701726E1	contiguous	0	-	701726F6 XPEF [ac3+0x26] | 701726F8 XPEF [ac3+0x24] | 701726FA XPEF [ac3+0x22] | 701726FC XPEF [ac3+0x28] | 701726FE LPEF [0x70000260]	0x70000260 | wp(ac3, 40) | wp(ac3, 34) | wp(ac3, 36) | wp(ac3, 38)
7017270B	?DELAY	1	70172705	contiguous	0	-	70172709 XPEF [ac3+0x22]	wp(ac3, 34)
70172730	?WRITE_SCREEN	5	70172710	contiguous	0	-	70172725 XPEF [ac3+0x26] | 70172727 XPEF [ac3+0x24] | 70172729 XPEF [ac3+0x22] | 7017272B XPEF [ac3+0x76] | 7017272D LPEF [0x70000260]	0x70000260 | wp(ac3, 118) | wp(ac3, 34) | wp(ac3, 36) | wp(ac3, 38)
7017274C	?DELAY	1	7017273A	contiguous	0	-	7017274A XPEF [ac3+0x22]	wp(ac3, 34)
70172771	?WRITE_SCREEN	5	70172751	contiguous	0	-	70172766 XPEF [ac3+0x26] | 70172768 XPEF [ac3+0x24] | 7017276A XPEF [ac3+0x22] | 7017276C XPEF [ac3+0x36] | 7017276E LPEF [0x70000260]	0x70000260 | wp(ac3, 54) | wp(ac3, 34) | wp(ac3, 36) | wp(ac3, 38)
7017277B	?DELAY	1	70172775	contiguous	0	-	70172779 XPEF [ac3+0x22]	wp(ac3, 34)
701727E4	?WRITE_SCREEN	5	701727C4	contiguous	0	-	701727D9 XPEF [ac3+0x26] | 701727DB XPEF [ac3+0x24] | 701727DD XPEF [ac3+0x22] | 701727DF XPEF [ac3+0x5C] | 701727E1 LPEF [0x70000260]	0x70000260 | wp(ac3, 92) | wp(ac3, 34) | wp(ac3, 36) | wp(ac3, 38)
70172866	?WRITE_SCREEN	5	70172831	contiguous	0	-	7017285B XPEF [ac3+0x28] | 7017285D XPEF [ac3+0x26] | 7017285F XPEF [ac3+0x24] | 70172861 XPEF [ac3+0x178] | 70172863 LPEF [0x70000260]	0x70000260 | wp(ac3, 376) | wp(ac3, 36) | wp(ac3, 38) | wp(ac3, 40)
701728DF	?WRITE_SCREEN	5	701728BF	contiguous	0	-	701728D4 XPEF [ac3+0x26] | 701728D6 XPEF [ac3+0x24] | 701728D8 XPEF [ac3+0x22] | 701728DA XPEF [ac3+0x5C] | 701728DC LPEF [0x70000260]	0x70000260 | wp(ac3, 92) | wp(ac3, 34) | wp(ac3, 36) | wp(ac3, 38)
7017291B	?WRITE_SCREEN	5	701728FB	contiguous	0	-	70172910 XPEF [ac3+0x26] | 70172912 XPEF [ac3+0x24] | 70172914 XPEF [ac3+0x22] | 70172916 XPEF [ac3+0x76] | 70172918 LPEF [0x70000260]	0x70000260 | wp(ac3, 118) | wp(ac3, 34) | wp(ac3, 36) | wp(ac3, 38)
7017294B	?WRITE_SCREEN	5	7017292B	contiguous	0	-	70172940 XPEF [ac3+0x26] | 70172942 XPEF [ac3+0x24] | 70172944 XPEF [ac3+0x22] | 70172946 XPEF [ac3+0x5C] | 70172948 LPEF [0x70000260]	0x70000260 | wp(ac3, 92) | wp(ac3, 34) | wp(ac3, 36) | wp(ac3, 38)
701729D5	?DELAY	1	701729CF	contiguous	0	-	701729D3 XPEF [ac3+0x22]	wp(ac3, 34)
70172D42	?WRITE_SCREEN	5	70172D22	contiguous	0	-	70172D37 XPEF [ac3+0x80] | 70172D39 XPEF [ac3+0x7E] | 70172D3B XPEF [ac3+0x60] | 70172D3D XPEF [ac3+0x62] | 70172D3F LPEF [0x70000260]	0x70000260 | wp(ac3, 98) | wp(ac3, 96) | wp(ac3, 126) | wp(ac3, 128)
70172D60	?WRITE_SCREEN	5	70172D48	contiguous	0	-	70172D55 XPEF [ac3+0x80] | 70172D57 XPEF [ac3+0x7E] | 70172D59 XPEF [ac3+0xE] | 70172D5B XPEF [ac3+0x60] | 70172D5D LPEF [0x70000260]	0x70000260 | wp(ac3, 96) | wp(ac3, 14) | wp(ac3, 126) | wp(ac3, 128)
70172DDA	?UNSIGNED_TO_CHAR	1	70172DAE	XLEF+XWSTA	0	-	70172DD4 XPEF [ac3+0x60]	wp(ac3, 96)
70172EAC	?UNSIGNED_TO_CHAR	1	70172E80	XLEF+XWSTA	0	-	70172EA6 XPEF [ac3+0x60]	wp(ac3, 96)
70172F76	?WRITE_SCREEN	5	70172F56	contiguous	0	-	70172F6B XPEF [ac3+0x80] | 70172F6D XPEF [ac3+0x7E] | 70172F6F XPEF [ac3+0x60] | 70172F71 XPEF [ac3+0x62] | 70172F73 LPEF [0x70000260]	0x70000260 | wp(ac3, 98) | wp(ac3, 96) | wp(ac3, 126) | wp(ac3, 128)
70172FD9	?WRITE_SCREEN	5	70172FB9	contiguous	0	-	70172FCE XPEF [ac3+0x80] | 70172FD0 XPEF [ac3+0x7E] | 70172FD2 XPEF [ac3+0x60] | 70172FD4 XPEF [ac3+0x62] | 70172FD6 LPEF [0x70000260]	0x70000260 | wp(ac3, 98) | wp(ac3, 96) | wp(ac3, 126) | wp(ac3, 128)
7017303C	?WRITE_SCREEN	5	7017301C	contiguous	0	-	70173031 XPEF [ac3+0x80] | 70173033 XPEF [ac3+0x7E] | 70173035 XPEF [ac3+0x60] | 70173037 XPEF [ac3+0x62] | 70173039 LPEF [0x70000260]	0x70000260 | wp(ac3, 98) | wp(ac3, 96) | wp(ac3, 126) | wp(ac3, 128)
70173095	?WRITE_SCREEN	5	70173075	contiguous	0	-	7017308A XPEF [ac3+0x80] | 7017308C XPEF [ac3+0x7E] | 7017308E XPEF [ac3+0x60] | 70173090 XPEF [ac3+0x62] | 70173092 LPEF [0x70000260]	0x70000260 | wp(ac3, 98) | wp(ac3, 96) | wp(ac3, 126) | wp(ac3, 128)
701730EE	?WRITE_SCREEN	5	701730CE	contiguous	0	-	701730E3 XPEF [ac3+0x80] | 701730E5 XPEF [ac3+0x7E] | 701730E7 XPEF [ac3+0x60] | 701730E9 XPEF [ac3+0x62] | 701730EB LPEF [0x70000260]	0x70000260 | wp(ac3, 98) | wp(ac3, 96) | wp(ac3, 126) | wp(ac3, 128)
70173145	?WRITE_SCREEN	5	70173125	contiguous	0	-	7017313A XPEF [ac3+0x80] | 7017313C XPEF [ac3+0x7E] | 7017313E XPEF [ac3+0x60] | 70173140 XPEF [ac3+0x62] | 70173142 LPEF [0x70000260]	0x70000260 | wp(ac3, 98) | wp(ac3, 96) | wp(ac3, 126) | wp(ac3, 128)
70173199	?WRITE_SCREEN	5	70173179	contiguous	0	-	7017318E XPEF [ac3+0x80] | 70173190 XPEF [ac3+0x7E] | 70173192 XPEF [ac3+0x60] | 70173194 XPEF [ac3+0x62] | 70173196 LPEF [0x70000260]	0x70000260 | wp(ac3, 98) | wp(ac3, 96) | wp(ac3, 126) | wp(ac3, 128)
701731FA	?UNSIGNED_TO_CHAR	1	701731EE	XLEF+XWSTA	0	-	701731F4 XPEF [ac3+0x60]	wp(ac3, 96)
7017329D	?UNSIGNED_TO_CHAR	1	70173286	XLEF	0	-	70173299 XPEF [ac3+0x7E]	wp(ac3, 126)
7017332C	?WRITE_SCREEN	5	701732EB	contiguous	0	-	70173321 XPEF [ac3+0x82] | 70173323 XPEF [ac3+0x80] | 70173325 XPEF [ac3+0x60] | 70173327 XPEF [ac3+0x9C] | 70173329 LPEF [0x70000260]	0x70000260 | wp(ac3, 156) | wp(ac3, 96) | wp(ac3, 128) | wp(ac3, 130)
7017334C	?WRITE_SCREEN	5	70173331	contiguous	0	-	70173341 XPEF [ac3+0x82] | 70173343 XPEF [ac3+0x80] | 70173345 XPEF [ac3+0x7E] | 70173347 XPEF [ac3+0x60] | 70173349 LPEF [0x70000260]	0x70000260 | wp(ac3, 96) | wp(ac3, 126) | wp(ac3, 128) | wp(ac3, 130)
7017336C	?WRITE_SCREEN	2	7017335E	contiguous	0	-	70173367 XPEF [ac3+0x86] | 70173369 LPEF [0x70000260]	0x70000260 | wp(ac3, 134)
70173523	?UNSIGNED_TO_CHAR	1	70173510	XLEF	0	-	7017351F XPEF [ac3+0x60]	wp(ac3, 96)
70173549	?UNSIGNED_TO_CHAR	1	70173535	XLEF	0	-	70173545 XPEF [ac3+0x80]	wp(ac3, 128)
701735A5	?WRITE_SCREEN	2	7017354D	contiguous	0	-	701735A0 XPEF [ac3+0x9C] | 701735A2 LPEF [0x70000260]	0x70000260 | wp(ac3, 156)
7017385B	?WRITE_SCREEN	5	7017383F	contiguous	0	-	70173850 XPEF [ac3+0x26] | 70173852 XPEF [ac3+0x24] | 70173854 XPEF [ac3+0x22] | 70173856 XPEF [ac3+0x20] | 70173858 LPEF [0x70000260]	0x70000260 | wp(ac3, 32) | wp(ac3, 34) | wp(ac3, 36) | wp(ac3, 38)
701738C3	?WRITE_SCREEN	5	701738A3	contiguous	0	-	701738B8 XPEF [ac3+0x24] | 701738BA XPEF [ac3+0x22] | 701738BC XPEF [ac3+0x20] | 701738BE XPEF [ac3+0x28] | 701738C0 LPEF [0x70000260]	0x70000260 | wp(ac3, 40) | wp(ac3, 32) | wp(ac3, 34) | wp(ac3, 36)
7017394F	?WRITE_SCREEN	5	7017392F	contiguous	0	-	70173944 XPEF [ac3+0x24] | 70173946 XPEF [ac3+0x22] | 70173948 XPEF [ac3+0x20] | 7017394A XPEF [ac3+0x36] | 7017394C LPEF [0x70000260]	0x70000260 | wp(ac3, 54) | wp(ac3, 32) | wp(ac3, 34) | wp(ac3, 36)
70173974	?CHAR_TO_UNSIGNED	1	70173971	contiguous	0	-	70173971 LPEF [0x7000021C]	0x7000021C
70173A3F	?WRITE_SCREEN	5	70173A1F	contiguous	0	-	70173A34 XPEF [ac3+0x24] | 70173A36 XPEF [ac3+0x22] | 70173A38 XPEF [ac3+0x20] | 70173A3A XPEF [ac3+0x46] | 70173A3C LPEF [0x70000260]	0x70000260 | wp(ac3, 70) | wp(ac3, 32) | wp(ac3, 34) | wp(ac3, 36)
70173A60	?WRITE_SCREEN	5	70173A49	contiguous	0	-	70173A55 XPEF [ac3+0x26] | 70173A57 XPEF [ac3+0x24] | 70173A59 XPEF [ac3+0x22] | 70173A5B XPEF [ac3+0x20] | 70173A5D LPEF [0x70000260]	0x70000260 | wp(ac3, 32) | wp(ac3, 34) | wp(ac3, 36) | wp(ac3, 38)
70173ABF	?WRITE_SCREEN	5	70173A9D	contiguous	0	-	70173AB4 XPEF [ac3+0x26] | 70173AB6 XPEF [ac3+0x24] | 70173AB8 XPEF [ac3+0x22] | 70173ABA XPEF [ac3+0x28] | 70173ABC LPEF [0x70000260]	0x70000260 | wp(ac3, 40) | wp(ac3, 34) | wp(ac3, 36) | wp(ac3, 38)
70173AF1	?WRITE_SCREEN	5	70173AD9	contiguous	0	-	70173AE6 XPEF [ac3+0x26] | 70173AE8 XPEF [ac3+0x24] | 70173AEA XPEF [ac3+0x12] | 70173AEC XPEF [ac3+0x22] | 70173AEE LPEF [0x70000260]	0x70000260 | wp(ac3, 34) | wp(ac3, 18) | wp(ac3, 36) | wp(ac3, 38)
70173B49	?WRITE_SCREEN	5	70173B05	contiguous	0	-	70173B3E XPEF [ac3+0x26] | 70173B40 XPEF [ac3+0x22] | 70173B42 XPEF [ac3+0x1C] | 70173B44 XPEF [ac3+0x46] | 70173B46 LPEF [0x70000260]	0x70000260 | wp(ac3, 70) | wp(ac3, 28) | wp(ac3, 34) | wp(ac3, 38)
70173B62	?UNSIGNED_TO_CHAR	1	70173B53	XLEF	0	-	70173B5E XPEF [ac3+0x22]	wp(ac3, 34)
70173B83	?UNSIGNED_TO_CHAR	1	70173B72	XLEF+XWSTA	0	-	70173B7D XPEF [ac3+0x24]	wp(ac3, 36)
70173BA3	?UNSIGNED_TO_CHAR	1	70173B93	XLEF+XWSTA	0	-	70173B9D XPEF [ac3+0x26]	wp(ac3, 38)
70173BC3	?UNSIGNED_TO_CHAR	1	70173BB3	XLEF+XWSTA	0	-	70173BBD XPEF [ac3+0x86]	wp(ac3, 134)
70173C53	?WRITE_SCREEN	5	70173BC7	contiguous	0	-	70173C48 XPEF [ac3+0x26] | 70173C4A XPEF [ac3+0x24] | 70173C4C XPEF [ac3+0x22] | 70173C4E XPEF [ac3+0x1A0] | 70173C50 LPEF [0x70000260]	0x70000260 | wp(ac3, 416) | wp(ac3, 34) | wp(ac3, 36) | wp(ac3, 38)
70173CA3	?WRITE_SCREEN	5	70173C5F	contiguous	0	-	70173C98 XPEF [ac3+0x26] | 70173C9A XPEF [ac3+0x22] | 70173C9C XPEF [ac3+0x1C] | 70173C9E XPEF [ac3+0x62] | 70173CA0 LPEF [0x70000260]	0x70000260 | wp(ac3, 98) | wp(ac3, 28) | wp(ac3, 34) | wp(ac3, 38)
70173CBC	?UNSIGNED_TO_CHAR	1	70173CAD	XLEF	0	-	70173CB8 XPEF [ac3+0x22]	wp(ac3, 34)
70173CDD	?UNSIGNED_TO_CHAR	1	70173CCC	XLEF+XWSTA	0	-	70173CD7 XPEF [ac3+0x24]	wp(ac3, 36)
70173CFE	?UNSIGNED_TO_CHAR	1	70173CEE	XLEF+XWSTA	0	-	70173CF8 XPEF [ac3+0x26]	wp(ac3, 38)
70173D72	?WRITE_SCREEN	5	70173D02	contiguous	0	-	70173D67 XPEF [ac3+0x86] | 70173D69 XPEF [ac3+0x24] | 70173D6B XPEF [ac3+0x22] | 70173D6D XPEF [ac3+0x1A0] | 70173D6F LPEF [0x70000260]	0x70000260 | wp(ac3, 416) | wp(ac3, 34) | wp(ac3, 36) | wp(ac3, 134)
70173DA3	?WRITE_SCREEN	5	70173D83	contiguous	0	-	70173D98 XPEF [ac3+0x24] | 70173D9A XPEF [ac3+0x22] | 70173D9C XPEF [ac3+0x20] | 70173D9E XPEF [ac3+0xAE] | 70173DA0 LPEF [0x70000260]	0x70000260 | wp(ac3, 174) | wp(ac3, 32) | wp(ac3, 34) | wp(ac3, 36)
70173DD4	?WRITE_SCREEN	5	70173DB4	contiguous	0	-	70173DC9 XPEF [ac3+0x24] | 70173DCB XPEF [ac3+0x22] | 70173DCD XPEF [ac3+0x20] | 70173DCF XPEF [ac3+0x28] | 70173DD1 LPEF [0x70000260]	0x70000260 | wp(ac3, 40) | wp(ac3, 32) | wp(ac3, 34) | wp(ac3, 36)
70173DEF	?CHAR_TO_UNSIGNED	1	70173DEC	contiguous	0	-	70173DEC LPEF [0x7000021C]	0x7000021C
70173E23	?WRITE_SCREEN	5	70173DFA	contiguous	0	-	70173E18 XPEF [ac3+0x24] | 70173E1A XPEF [ac3+0x22] | 70173E1C XPEF [ac3+0x20] | 70173E1E XPEF [ac3+0x28] | 70173E20 LPEF [0x70000260]	0x70000260 | wp(ac3, 40) | wp(ac3, 32) | wp(ac3, 34) | wp(ac3, 36)
70173E2E	?CHAR_TO_UNSIGNED	1	70173E2B	contiguous	0	-	70173E2B LPEF [0x7000021C]	0x7000021C
70173E5E	?WRITE_SCREEN	5	70173E39	contiguous	0	-	70173E53 XPEF [ac3+0x26] | 70173E55 XPEF [ac3+0x24] | 70173E57 XPEF [ac3+0x22] | 70173E59 XPEF [ac3+0x20] | 70173E5B LPEF [0x70000260]	0x70000260 | wp(ac3, 32) | wp(ac3, 34) | wp(ac3, 36) | wp(ac3, 38)
70173E92	?WRITE_SCREEN	5	70173E72	contiguous	0	-	70173E87 XPEF [ac3+0x24] | 70173E89 XPEF [ac3+0x22] | 70173E8B XPEF [ac3+0x20] | 70173E8D XPEF [ac3+0x28] | 70173E8F LPEF [0x70000260]	0x70000260 | wp(ac3, 40) | wp(ac3, 32) | wp(ac3, 34) | wp(ac3, 36)
70173EB1	?WRITE_SCREEN	5	70173E9A	contiguous	0	-	70173EA6 XPEF [ac3+0x26] | 70173EA8 XPEF [ac3+0x24] | 70173EAA XPEF [ac3+0x22] | 70173EAC XPEF [ac3+0x20] | 70173EAE LPEF [0x70000260]	0x70000260 | wp(ac3, 32) | wp(ac3, 34) | wp(ac3, 36) | wp(ac3, 38)
70173F79	?WRITE_SCREEN	5	70173F59	contiguous	0	-	70173F6E XPEF [ac3+0x24] | 70173F70 XPEF [ac3+0x22] | 70173F72 XPEF [ac3+0x20] | 70173F74 XPEF [ac3+0x28] | 70173F76 LPEF [0x70000260]	0x70000260 | wp(ac3, 40) | wp(ac3, 32) | wp(ac3, 34) | wp(ac3, 36)
70173F98	?WRITE_SCREEN	5	70173F81	contiguous	0	-	70173F8D XPEF [ac3+0x26] | 70173F8F XPEF [ac3+0x24] | 70173F91 XPEF [ac3+0x22] | 70173F93 XPEF [ac3+0x20] | 70173F95 LPEF [0x70000260]	0x70000260 | wp(ac3, 32) | wp(ac3, 34) | wp(ac3, 36) | wp(ac3, 38)
70174045	?UNSIGNED_TO_CHAR	1	70174036	XLEF	0	-	70174041 XPEF [ac3+0x20]	wp(ac3, 32)
70174065	?UNSIGNED_TO_CHAR	1	70174057	XLEF+XWSTA	0	-	7017405F XPEF [ac3+0x22]	wp(ac3, 34)
701740BD	?WRITE_SCREEN	5	70174069	contiguous	0	-	701740B2 XPEF [ac3+0x26] | 701740B4 XPEF [ac3+0x24] | 701740B6 XPEF [ac3+0x20] | 701740B8 XPEF [ac3+0x128] | 701740BA LPEF [0x70000260]	0x70000260 | wp(ac3, 296) | wp(ac3, 32) | wp(ac3, 36) | wp(ac3, 38)
70174120	?WRITE_SCREEN	5	701740E9	contiguous	0	-	70174115 XPEF [ac3+0x26] | 70174117 XPEF [ac3+0x24] | 70174119 XPEF [ac3+0x22] | 7017411B XPEF [ac3+0x1A0] | 7017411D LPEF [0x70000260]	0x70000260 | wp(ac3, 416) | wp(ac3, 34) | wp(ac3, 36) | wp(ac3, 38)
7017415D	?WRITE_SCREEN	5	7017412A	contiguous	0	-	70174152 XPEF [ac3+0x24] | 70174154 XPEF [ac3+0x22] | 70174156 XPEF [ac3+0x20] | 70174158 XPEF [ac3+0x28] | 7017415A LPEF [0x70000260]	0x70000260 | wp(ac3, 40) | wp(ac3, 32) | wp(ac3, 34) | wp(ac3, 36)
7017422C	?WRITE_SCREEN	5	70174209	contiguous	0	-	70174221 XPEF [ac3+0x24] | 70174223 XPEF [ac3+0x22] | 70174225 XPEF [ac3+0x20] | 70174227 XPEF [ac3+0x36] | 70174229 LPEF [0x70000260]	0x70000260 | wp(ac3, 54) | wp(ac3, 32) | wp(ac3, 34) | wp(ac3, 36)
7017424B	?WRITE_SCREEN	5	70174234	contiguous	0	-	70174240 XPEF [ac3+0x26] | 70174242 XPEF [ac3+0x24] | 70174244 XPEF [ac3+0x22] | 70174246 XPEF [ac3+0x20] | 70174248 LPEF [0x70000260]	0x70000260 | wp(ac3, 32) | wp(ac3, 34) | wp(ac3, 36) | wp(ac3, 38)
70174299	?WRITE_SCREEN	5	70174279	contiguous	0	-	7017428E XPEF [ac3+0x24] | 70174290 XPEF [ac3+0x22] | 70174292 XPEF [ac3+0x20] | 70174294 XPEF [ac3+0x46] | 70174296 LPEF [0x70000260]	0x70000260 | wp(ac3, 70) | wp(ac3, 32) | wp(ac3, 34) | wp(ac3, 36)
701742BA	?WRITE_SCREEN	5	701742A3	contiguous	0	-	701742AF XPEF [ac3+0x26] | 701742B1 XPEF [ac3+0x24] | 701742B3 XPEF [ac3+0x22] | 701742B5 XPEF [ac3+0x20] | 701742B7 LPEF [0x70000260]	0x70000260 | wp(ac3, 32) | wp(ac3, 34) | wp(ac3, 36) | wp(ac3, 38)
7017439E	?WRITE_SCREEN	5	7017437E	contiguous	0	-	70174393 XPEF [ac3+0x24] | 70174395 XPEF [ac3+0x22] | 70174397 XPEF [ac3+0x20] | 70174399 XPEF [ac3+0x46] | 7017439B LPEF [0x70000260]	0x70000260 | wp(ac3, 70) | wp(ac3, 32) | wp(ac3, 34) | wp(ac3, 36)
701743BD	?WRITE_SCREEN	5	701743A6	contiguous	0	-	701743B2 XPEF [ac3+0x26] | 701743B4 XPEF [ac3+0x24] | 701743B6 XPEF [ac3+0x22] | 701743B8 XPEF [ac3+0x20] | 701743BA LPEF [0x70000260]	0x70000260 | wp(ac3, 32) | wp(ac3, 34) | wp(ac3, 36) | wp(ac3, 38)
70174524	?WRITE_SCREEN	5	70174504	contiguous	0	-	70174519 XPEF [ac3+0x24] | 7017451B XPEF [ac3+0x22] | 7017451D XPEF [ac3+0x20] | 7017451F XPEF [ac3+0xF4] | 70174521 LPEF [0x70000260]	0x70000260 | wp(ac3, 244) | wp(ac3, 32) | wp(ac3, 34) | wp(ac3, 36)
70174548	?WRITE_SCREEN	5	7017452E	contiguous	0	-	7017453D XPEF [ac3+0x24] | 7017453F XPEF [ac3+0x22] | 70174541 XPEF [ac3+0x20] | 70174543 XPEF [ac3+0x28] | 70174545 LPEF [0x70000260]	0x70000260 | wp(ac3, 40) | wp(ac3, 32) | wp(ac3, 34) | wp(ac3, 36)
70174576	?WRITE_SCREEN	5	70174556	contiguous	0	-	7017456B XPEF [ac3+0x24] | 7017456D XPEF [ac3+0x22] | 7017456F XPEF [ac3+0x20] | 70174571 XPEF [ac3+0x46] | 70174573 LPEF [0x70000260]	0x70000260 | wp(ac3, 70) | wp(ac3, 32) | wp(ac3, 34) | wp(ac3, 36)
7017459B	?WRITE_SCREEN	5	7017457B	contiguous	0	-	70174590 XPEF [ac3+0x24] | 70174592 XPEF [ac3+0x22] | 70174594 XPEF [ac3+0x20] | 70174596 XPEF [ac3+0x62] | 70174598 LPEF [0x70000260]	0x70000260 | wp(ac3, 98) | wp(ac3, 32) | wp(ac3, 34) | wp(ac3, 36)
701745BC	?WRITE_SCREEN	5	701745A5	contiguous	0	-	701745B1 XPEF [ac3+0x26] | 701745B3 XPEF [ac3+0x24] | 701745B5 XPEF [ac3+0x22] | 701745B7 XPEF [ac3+0x20] | 701745B9 LPEF [0x70000260]	0x70000260 | wp(ac3, 32) | wp(ac3, 34) | wp(ac3, 36) | wp(ac3, 38)
70174643	?WRITE_SCREEN	5	701745F6	contiguous	0	-	70174638 XPEF [ac3+0x26] | 7017463A XPEF [ac3+0x22] | 7017463C XPEF [ac3+0x20] | 7017463E XPEF [ac3+0xAE] | 70174640 LPEF [0x70000260]	0x70000260 | wp(ac3, 174) | wp(ac3, 32) | wp(ac3, 34) | wp(ac3, 38)
701746BE	?WRITE_SCREEN	5	70174670	contiguous	0	-	701746B3 XPEF [ac3+0x26] | 701746B5 XPEF [ac3+0x22] | 701746B7 XPEF [ac3+0x20] | 701746B9 XPEF [ac3+0xAE] | 701746BB LPEF [0x70000260]	0x70000260 | wp(ac3, 174) | wp(ac3, 32) | wp(ac3, 34) | wp(ac3, 38)
70174732	?WRITE_SCREEN	5	701746E7	contiguous	0	-	70174727 XPEF [ac3+0x26] | 70174729 XPEF [ac3+0x22] | 7017472B XPEF [ac3+0x20] | 7017472D XPEF [ac3+0xAE] | 7017472F LPEF [0x70000260]	0x70000260 | wp(ac3, 174) | wp(ac3, 32) | wp(ac3, 34) | wp(ac3, 38)
7017486F	?UNSIGNED_TO_CHAR	1	70174860	XLEF	0	-	7017486B XPEF [ac3+0x20]	wp(ac3, 32)
70174892	?UNSIGNED_TO_CHAR	1	70174884	XLEF+XWSTA	0	-	7017488C XPEF [ac3+0x22]	wp(ac3, 34)
70174931	?WRITE_SCREEN	5	701748A6	contiguous	0	-	70174926 XPEF [ac3+0x24] | 70174928 XPEF [ac3+0x22] | 7017492A XPEF [ac3+0x20] | 7017492C XPEF [ac3+0x1A0] | 7017492E LPEF [0x70000260]	0x70000260 | wp(ac3, 416) | wp(ac3, 32) | wp(ac3, 34) | wp(ac3, 36)
70174958	?WRITE_SCREEN	5	7017493D	contiguous	0	-	7017494D XPEF [ac3+0x26] | 7017494F XPEF [ac3+0x24] | 70174951 XPEF [ac3+0x22] | 70174953 XPEF [ac3+0x20] | 70174955 LPEF [0x70000260]	0x70000260 | wp(ac3, 32) | wp(ac3, 34) | wp(ac3, 36) | wp(ac3, 38)
70174988	?WRITE_SCREEN	5	70174963	contiguous	0	-	7017497D XPEF [ac3+0x24] | 7017497F XPEF [ac3+0x22] | 70174981 XPEF [ac3+0x20] | 70174983 XPEF [ac3+0x28] | 70174985 LPEF [0x70000260]	0x70000260 | wp(ac3, 40) | wp(ac3, 32) | wp(ac3, 34) | wp(ac3, 36)
70174A1E	?WRITE_SCREEN	5	701749F3	contiguous	0	-	70174A13 XPEF [ac3+0x24] | 70174A15 XPEF [ac3+0x22] | 70174A17 XPEF [ac3+0x20] | 70174A19 XPEF [ac3+0x28] | 70174A1B LPEF [0x70000260]	0x70000260 | wp(ac3, 40) | wp(ac3, 32) | wp(ac3, 34) | wp(ac3, 36)
70174A3D	?WRITE_SCREEN	5	70174A26	contiguous	0	-	70174A32 XPEF [ac3+0x26] | 70174A34 XPEF [ac3+0x24] | 70174A36 XPEF [ac3+0x22] | 70174A38 XPEF [ac3+0x20] | 70174A3A LPEF [0x70000260]	0x70000260 | wp(ac3, 32) | wp(ac3, 34) | wp(ac3, 36) | wp(ac3, 38)
70174A44	?CHAR_TO_UNSIGNED	1	70174A41	contiguous	0	-	70174A41 LPEF [0x7000021C]	0x7000021C
70174A7B	?WRITE_SCREEN	5	70174A52	contiguous	0	-	70174A70 XPEF [ac3+0x24] | 70174A72 XPEF [ac3+0x22] | 70174A74 XPEF [ac3+0x20] | 70174A76 XPEF [ac3+0x62] | 70174A78 LPEF [0x70000260]	0x70000260 | wp(ac3, 98) | wp(ac3, 32) | wp(ac3, 34) | wp(ac3, 36)
70174C42	?WRITE_SCREEN	5	70174C00	contiguous	0	-	70174C37 XPEF [ac3+0x24] | 70174C39 XPEF [ac3+0x22] | 70174C3B XPEF [ac3+0x20] | 70174C3D XPEF [ac3+0x28] | 70174C3F LPEF [0x70000260]	0x70000260 | wp(ac3, 40) | wp(ac3, 32) | wp(ac3, 34) | wp(ac3, 36)
70174C63	?WRITE_SCREEN	5	70174C4C	contiguous	0	-	70174C58 XPEF [ac3+0x26] | 70174C5A XPEF [ac3+0x24] | 70174C5C XPEF [ac3+0x22] | 70174C5E XPEF [ac3+0x20] | 70174C60 LPEF [0x70000260]	0x70000260 | wp(ac3, 32) | wp(ac3, 34) | wp(ac3, 36) | wp(ac3, 38)
701750C2	?WRITE_SCREEN	5	7017508C	contiguous	0	-	701750B7 XPEF [ac3+0x24] | 701750B9 XPEF [ac3+0x22] | 701750BB XPEF [ac3+0x20] | 701750BD XPEF [ac3+0x28] | 701750BF LPEF [0x70000260]	0x70000260 | wp(ac3, 40) | wp(ac3, 32) | wp(ac3, 34) | wp(ac3, 36)
701750E3	?WRITE_SCREEN	5	701750CC	contiguous	0	-	701750D8 XPEF [ac3+0x26] | 701750DA XPEF [ac3+0x24] | 701750DC XPEF [ac3+0x22] | 701750DE XPEF [ac3+0x20] | 701750E0 LPEF [0x70000260]	0x70000260 | wp(ac3, 32) | wp(ac3, 34) | wp(ac3, 36) | wp(ac3, 38)
7017566C	?WRITE_SCREEN	5	70175645	contiguous	0	-	70175661 XPEF [ac3+0x26] | 70175663 XPEF [ac3+0x24] | 70175665 XPEF [ac3+0x22] | 70175667 XPEF [ac3+0x20] | 70175669 LPEF [0x70000260]	0x70000260 | wp(ac3, 32) | wp(ac3, 34) | wp(ac3, 36) | wp(ac3, 38)
7017573C	?WRITE_SCREEN	5	7017571C	contiguous	0	-	70175731 XPEF [ac3+0x20] | 70175733 XPEF [ac3+0x1E] | 70175735 XPEF [ac3+0x1C] | 70175737 XPEF @[ac3+0x8014] | 70175739 LPEF [0x70000260]	0x70000260 | R[ac3 + 20] | wp(ac3, 28) | wp(ac3, 30) | wp(ac3, 32)
701757C1	?UNSIGNED_TO_CHAR	1	701757B1	XLEF+XWSTA	0	-	701757BB XPEF [ac3+0x20]	wp(ac3, 32)
70175865	?WRITE_SCREEN	5	70175845	contiguous	0	-	7017585A XPEF [ac3+0x2C] | 7017585C XPEF [ac3+0x2A] | 7017585E XPEF [ac3+0xE] | 70175860 XPEF @[ac3+0x8020] | 70175862 LPEF [0x70000260]	0x70000260 | R[ac3 + 32] | wp(ac3, 14) | wp(ac3, 42) | wp(ac3, 44)
70175889	?CHAR_TO_UNSIGNED	1	70175886	contiguous	0	-	70175886 LPEF [0x7000021C]	0x7000021C
7017594A	?WRITE_SCREEN	5	7017592A	contiguous	0	-	7017593F XPEF [ac3+0x1C] | 70175941 XPEF [ac3+0x1A] | 70175943 XPEF [ac3+0x18] | 70175945 XPEF @[ac3+0x8010] | 70175947 LPEF [0x70000260]	0x70000260 | R[ac3 + 16] | wp(ac3, 24) | wp(ac3, 26) | wp(ac3, 28)
70175C15	?WRITE_SCREEN	2	70175BA9	contiguous	0	-	70175C10 XPEF [ac3+0x5D4] | 70175C12 LPEF [0x70000260]	0x70000260 | wp(ac3, 1492)
70175C2D	?WRITE_SCREEN	2	70175C1D	contiguous	0	-	70175C28 XPEF [ac3+0x2] | 70175C2A LPEF [0x70000260]	0x70000260 | wp(ac3, 2)
70175C3F	?WRITE_SCREEN	2	70175C35	contiguous	0	-	70175C3A XPEF [ac3+0x2] | 70175C3C LPEF [0x70000260]	0x70000260 | wp(ac3, 2)
70175ED5	?LOOKUP_PORT	3	70175ECD	contiguous	0	-	70175ECD XPEF [pc+0x7EDF] (0x70175DAD) | 70175ECF LPEF [0x70000218] | 70175ED2 LPEF [0x70150400]	0x70150400 | 0x70000218 | 0x70175DAD
70175EE4	?LIB_ERROR_CODE	0	70175EE2	contiguous	0	-		
70175F09	?CONNECT	1	70175F04	contiguous	0	-	70175F07 XPEF [ac2+0x2A]	wp(ac2, 42)
70175F43	?CURRENT_PID	0	70175F3D	contiguous	0	-		
70175F67	?WRITE_SCREEN	2	70175F4E	contiguous	0	-	70175F62 XPEF [ac3+0x22] | 70175F64 LPEF [0x70000260]	0x70000260 | wp(ac3, 34)
70175FCF	?WRITE_SCREEN	2	70175FBF	contiguous	0	-	70175FCA XPEF [ac3+0x22] | 70175FCC LPEF [0x70000260]	0x70000260 | wp(ac3, 34)
70176022	?WRITE_SCREEN	2	7017600C	contiguous	0	-	7017601D XPEF [ac3+0x22] | 7017601F LPEF [0x70000260]	0x70000260 | wp(ac3, 34)
701760BE	?WRITE_SCREEN	2	701760AE	contiguous	0	-	701760B9 XPEF [ac3+0x2A] | 701760BB LPEF [0x70000260]	0x70000260 | wp(ac3, 42)
701760DE	?WRITE_SCREEN	2	701760C8	contiguous	0	-	701760D9 XPEF [ac3+0x22] | 701760DB LPEF [0x70000260]	0x70000260 | wp(ac3, 34)
7017612B	?WRITE_SCREEN	2	7017611B	contiguous	0	-	70176126 XPEF [ac3+0x2A] | 70176128 LPEF [0x70000260]	0x70000260 | wp(ac3, 42)
7017614A	?WRITE_SCREEN	2	7017613A	contiguous	0	-	70176145 XPEF [ac3+0x2A] | 70176147 LPEF [0x70000260]	0x70000260 | wp(ac3, 42)
701761FD	?RANDOM_NUMBER	3	701761E9	contiguous	0	-	701761F7 XPEF [ac2+0x28] | 701761F9 XPEF [ac3+0x6] | 701761FB XPEF [ac3+0x4]	wp(ac3, 4) | wp(ac3, 6) | wp(ac2, 40)
7017623D	?RANDOM_NUMBER	3	70176226	contiguous	0	-	70176237 XPEF [ac2+0x28] | 70176239 XPEF [ac3+0x8] | 7017623B XPEF [ac3+0x6]	wp(ac3, 6) | wp(ac3, 8) | wp(ac2, 40)
7017625E	?RANDOM_NUMBER	3	70176241	contiguous	0	-	70176258 XPEF [ac2+0x28] | 7017625A XPEF [ac3+0x6] | 7017625C XPEF [ac3+0x4]	wp(ac3, 4) | wp(ac3, 6) | wp(ac2, 40)
701763D9	?RANDOM_NUMBER	3	701763C8	contiguous	0	-	701763D3 XPEF [ac2+0x28] | 701763D5 XPEF [ac3+0xE] | 701763D7 XPEF [ac3+0xC]	wp(ac3, 12) | wp(ac3, 14) | wp(ac2, 40)
701763F3	?RANDOM_NUMBER	3	701763DD	contiguous	0	-	701763ED XPEF [ac2+0x28] | 701763EF XPEF [ac3+0xE] | 701763F1 XPEF [ac3+0xC]	wp(ac3, 12) | wp(ac3, 14) | wp(ac2, 40)
70176478	?RANDOM_NUMBER	3	70176469	contiguous	0	-	70176472 XPEF [ac2+0x28] | 70176474 XPEF [ac3+0xE] | 70176476 XPEF [ac3+0xC]	wp(ac3, 12) | wp(ac3, 14) | wp(ac2, 40)
70176494	?RANDOM_NUMBER	3	7017647C	contiguous	0	-	7017648E XPEF [ac2+0x28] | 70176490 XPEF [ac3+0xE] | 70176492 XPEF [ac3+0xC]	wp(ac3, 12) | wp(ac3, 14) | wp(ac2, 40)
70176510	?RANDOM_NUMBER	3	701764FF	contiguous	0	-	7017650A XPEF [ac2+0x28] | 7017650C XPEF [ac3+0xA] | 7017650E XPEF [ac3+0x8]	wp(ac3, 8) | wp(ac3, 10) | wp(ac2, 40)
7017652A	?RANDOM_NUMBER	3	70176514	contiguous	0	-	70176524 XPEF [ac2+0x28] | 70176526 XPEF [ac3+0xA] | 70176528 XPEF [ac3+0x8]	wp(ac3, 8) | wp(ac3, 10) | wp(ac2, 40)
70176660	?RANDOM_NUMBER	3	7017664D	contiguous	0	-	7017665A XPEF [ac2+0x28] | 7017665C XPEF [ac3+0x4] | 7017665E XPEF [ac3+0x2]	wp(ac3, 2) | wp(ac3, 4) | wp(ac2, 40)
70176716	?READ_SCREEN	3	7017670A	contiguous	0	-	7017670E XPEF [ac3+0xC] | 70176710 LPEF [0x7000021C] | 70176713 LPEF [0x70000262]	0x70000262 | 0x7000021C | wp(ac3, 12)
70176AA3	?WRITE_SCREEN	2	70176A99	contiguous	0	-	70176A9E XPEF [ac3+0x4] | 70176AA0 LPEF [0x70000260]	0x70000260 | wp(ac3, 4)
70176AB6	?WRITE_SCREEN	2	70176AAC	contiguous	0	-	70176AB1 XPEF [ac3+0x4] | 70176AB3 LPEF [0x70000260]	0x70000260 | wp(ac3, 4)
70176ADB	?WRITE_SCREEN	5	70176ABA	contiguous	0	-	70176AD0 XPEF [ac3+0x14] | 70176AD2 XPEF [ac3+0x12] | 70176AD4 XPEF [ac3+0x4] | 70176AD6 XPEF [ac3+0x6] | 70176AD8 LPEF [0x70000260]	0x70000260 | wp(ac3, 6) | wp(ac3, 4) | wp(ac3, 18) | wp(ac3, 20)
70176B02	?WRITE_SCREEN	5	70176ADF	contiguous	0	-	70176AF7 XPEF [ac3+0x14] | 70176AF9 XPEF [ac3+0x12] | 70176AFB XPEF [ac3+0x4] | 70176AFD XPEF [ac3+0x6] | 70176AFF LPEF [0x70000260]	0x70000260 | wp(ac3, 6) | wp(ac3, 4) | wp(ac3, 18) | wp(ac3, 20)
70176B48	?WRITE_SCREEN	5	70176B10	contiguous	0	-	70176B3D XPEF [ac3+0x12] | 70176B3F XPEF [ac3+0x4] | 70176B41 XPEF [ac3+0x2] | 70176B43 XPEF [ac3+0x22] | 70176B45 LPEF [0x70000260]	0x70000260 | wp(ac3, 34) | wp(ac3, 2) | wp(ac3, 4) | wp(ac3, 18)
70176CE4	?WRITE_SCREEN	5	70176C5C	contiguous	0	-	70176CD9 XPEF [ac3+0x10] | 70176CDB XPEF [ac3+0xE] | 70176CDD XPEF [ac3+0xC] | 70176CDF XPEF [ac3+0x9A] | 70176CE1 LPEF [0x70000260]	0x70000260 | wp(ac3, 154) | wp(ac3, 12) | wp(ac3, 14) | wp(ac3, 16)
70176D96	?WRITE_SCREEN	5	70176D0E	contiguous	0	-	70176D8B XPEF [ac3+0x10] | 70176D8D XPEF [ac3+0xE] | 70176D8F XPEF [ac3+0xC] | 70176D91 XPEF [ac3+0x124] | 70176D93 LPEF [0x70000260]	0x70000260 | wp(ac3, 292) | wp(ac3, 12) | wp(ac3, 14) | wp(ac3, 16)
70176DDE	?UNSIGNED_TO_CHAR	1	70176DB5	XWSTA+XLEF+XWSTA	0	-	70176DD6 XPEF [ac3+0x16]	wp(ac3, 22)
70176E76	?WRITE_SCREEN	5	70176DE2	contiguous	0	-	70176E6B XPEF [ac3+0x10] | 70176E6D XPEF [ac3+0xE] | 70176E6F XPEF [ac3+0xC] | 70176E71 XPEF [ac3+0x1C6] | 70176E73 LPEF [0x70000260]	0x70000260 | wp(ac3, 454) | wp(ac3, 12) | wp(ac3, 14) | wp(ac3, 16)
701772AC	?WRITE_SCREEN	5	7017728C	contiguous	0	-	701772A1 XPEF [ac3+0x30] | 701772A3 XPEF [ac3+0x20] | 701772A5 XPEF [ac3+0x1E] | 701772A7 XPEF [ac3+0x22] | 701772A9 LPEF [0x70000260]	0x70000260 | wp(ac3, 34) | wp(ac3, 30) | wp(ac3, 32) | wp(ac3, 48)
70177332	?RANDOM_NUMBER	3	70177321	contiguous	0	-	7017732C XPEF [ac2+0x28] | 7017732E XPEF [ac3+0x20] | 70177330 XPEF [ac3+0x1E]	wp(ac3, 30) | wp(ac3, 32) | wp(ac2, 40)
70177360	?UNSIGNED_TO_CHAR	1	70177347	XWSTA+XLEF+XWSTA	0	-	70177358 XPEF [ac3+0x20]	wp(ac3, 32)
701773CF	?WRITE_SCREEN	5	70177364	contiguous	0	-	701773C4 XPEF [ac3+0x30] | 701773C6 XPEF [ac3+0x20] | 701773C8 XPEF [ac3+0x1E] | 701773CA XPEF [ac3+0x146] | 701773CC LPEF [0x70000260]	0x70000260 | wp(ac3, 326) | wp(ac3, 30) | wp(ac3, 32) | wp(ac3, 48)
701774A9	?WRITE_SCREEN	5	70177489	contiguous	0	-	7017749E XPEF [ac3+0x64] | 701774A0 XPEF [ac3+0x30] | 701774A2 XPEF [ac3+0x20] | 701774A4 XPEF [ac3+0x32] | 701774A6 LPEF [0x70000260]	0x70000260 | wp(ac3, 50) | wp(ac3, 32) | wp(ac3, 48) | wp(ac3, 100)
701775C5	?WRITE_SCREEN	5	7017758F	contiguous	0	-	701775BA XPEF [ac3+0x22] | 701775BC XPEF [ac3+0x64] | 701775BE XPEF [ac3+0x30] | 701775C0 XPEF [ac3+0x66] | 701775C2 LPEF [0x70000260]	0x70000260 | wp(ac3, 102) | wp(ac3, 48) | wp(ac3, 100) | wp(ac3, 34)
70177716	?UNSIGNED_TO_CHAR	1	701776FA	XLEF	0	-	70177712 XPEF [ac3+0x1E]	wp(ac3, 30)
7017778B	?WRITE_SCREEN	5	7017771A	contiguous	0	-	70177780 XPEF [ac3+0x30] | 70177782 XPEF [ac3+0x20] | 70177784 XPEF [ac3+0x1E] | 70177786 XPEF [ac3+0xA4] | 70177788 LPEF [0x70000260]	0x70000260 | wp(ac3, 164) | wp(ac3, 30) | wp(ac3, 32) | wp(ac3, 48)
701777F4	?WRITE_SCREEN	5	701777AF	contiguous	0	-	701777E9 XPEF [ac3+0x64] | 701777EB XPEF [ac3+0x30] | 701777ED XPEF [ac3+0x1E] | 701777EF XPEF [ac3+0x66] | 701777F1 LPEF [0x70000260]	0x70000260 | wp(ac3, 102) | wp(ac3, 30) | wp(ac3, 48) | wp(ac3, 100)
70177842	?WRITE_SCREEN	5	701777F9	contiguous	0	-	70177837 XPEF [ac3+0x64] | 70177839 XPEF [ac3+0x30] | 7017783B XPEF [ac3+0x1E] | 7017783D XPEF [ac3+0xA4] | 7017783F LPEF [0x70000260]	0x70000260 | wp(ac3, 164) | wp(ac3, 30) | wp(ac3, 48) | wp(ac3, 100)
70177906	?WRITE_SCREEN	5	701778C1	contiguous	0	-	701778FB XPEF [ac3+0x64] | 701778FD XPEF [ac3+0x30] | 701778FF XPEF [ac3+0x1E] | 70177901 XPEF [ac3+0x66] | 70177903 LPEF [0x70000260]	0x70000260 | wp(ac3, 102) | wp(ac3, 30) | wp(ac3, 48) | wp(ac3, 100)
70177A01	?RANDOM_NUMBER	3	701779F0	contiguous	0	-	701779FB XPEF [ac2+0x28] | 701779FD XPEF [ac3+0x20] | 701779FF XPEF [ac3+0x1E]	wp(ac3, 30) | wp(ac3, 32) | wp(ac2, 40)
70177A4A	?UNSIGNED_TO_CHAR	1	70177A33	XLEF	0	-	70177A46 XPEF [ac3+0x1E]	wp(ac3, 30)
70177A87	?WRITE_SCREEN	2	70177A4E	contiguous	0	-	70177A82 XPEF [ac3+0xA4] | 70177A84 LPEF [0x70000260]	0x70000260 | wp(ac3, 164)
70177AB6	?RANDOM_NUMBER	3	70177AA5	contiguous	0	-	70177AB0 XPEF [ac2+0x28] | 70177AB2 XPEF [ac3+0x30] | 70177AB4 XPEF [ac3+0x1E]	wp(ac3, 30) | wp(ac3, 48) | wp(ac2, 40)
70177B2D	?WRITE_SCREEN	2	70177B12	contiguous	0	-	70177B28 XPEF [ac3+0x66] | 70177B2A LPEF [0x70000260]	0x70000260 | wp(ac3, 102)
70177B42	?WRITE_SCREEN	2	70177B32	contiguous	0	-	70177B3D XPEF [ac3+0x44] | 70177B3F LPEF [0x70000260]	0x70000260 | wp(ac3, 68)
70177B4C	?DELAY	1	70177B46	contiguous	0	-	70177B4A XPEF [ac3+0x1E]	wp(ac3, 30)
70177B5B	?DELAY	1	70177B55	contiguous	0	-	70177B59 XPEF [ac3+0x1E]	wp(ac3, 30)
70177C0F	?WRITE_SCREEN	5	70177BED	contiguous	0	-	70177C04 XPEF [ac3+0x18] | 70177C06 XPEF [ac3+0x16] | 70177C08 XPEF [ac3+0x14] | 70177C0A XPEF [ac3+0x6] | 70177C0C LPEF [0x70000260]	0x70000260 | wp(ac3, 6) | wp(ac3, 20) | wp(ac3, 22) | wp(ac3, 24)
70177C98	?RANDOM_NUMBER	3	70177C7D	XWSTA	0	-	70177C90 XPEF [ac2+0x28] | 70177C92 XPEF [ac3+0x6] | 70177C94 XPEF [ac3+0x18]	wp(ac3, 24) | wp(ac3, 6) | wp(ac2, 40)
70177D57	?RANDOM_NUMBER	3	70177D46	contiguous	0	-	70177D51 XPEF [ac2+0x28] | 70177D53 XPEF [ac3+0x16] | 70177D55 XPEF [ac3+0x14]	wp(ac3, 20) | wp(ac3, 22) | wp(ac2, 40)
70177DEB	?RANDOM_NUMBER	3	70177DDA	contiguous	0	-	70177DE5 XPEF [ac2+0x28] | 70177DE7 XPEF [ac3+0x16] | 70177DE9 XPEF [ac3+0x14]	wp(ac3, 20) | wp(ac3, 22) | wp(ac2, 40)
70177F2D	?WRITE_SCREEN	5	70177F0F	contiguous	0	-	70177F22 XPEF [ac3+0x18] | 70177F24 XPEF [ac3+0x16] | 70177F26 XPEF [ac3+0x14] | 70177F28 XPEF [ac3+0x6] | 70177F2A LPEF [0x70000260]	0x70000260 | wp(ac3, 6) | wp(ac3, 20) | wp(ac3, 22) | wp(ac3, 24)
70178266	?WRITE_SCREEN	5	70178246	contiguous	0	-	7017825B XPEF [ac3+0x5E] | 7017825D XPEF [ac3+0x5C] | 7017825F XPEF [ac3+0x20] | 70178261 XPEF [ac3+0x22] | 70178263 LPEF [0x70000260]	0x70000260 | wp(ac3, 34) | wp(ac3, 32) | wp(ac3, 92) | wp(ac3, 94)
701782FF	?WRITE_SCREEN	2	701782EF	contiguous	0	-	701782FA XPEF [ac3+0x22] | 701782FC LPEF [0x70000260]	0x70000260 | wp(ac3, 34)
701785FB	?WRITE_SCREEN	5	701785DB	contiguous	0	-	701785F0 XPEF [ac3+0x5E] | 701785F2 XPEF [ac3+0x5C] | 701785F4 XPEF [ac3+0x20] | 701785F6 XPEF [ac3+0x22] | 701785F8 LPEF [0x70000260]	0x70000260 | wp(ac3, 34) | wp(ac3, 32) | wp(ac3, 92) | wp(ac3, 94)
70178640	?WRITE_SCREEN	5	70178620	contiguous	0	-	70178635 XPEF [ac3+0x5E] | 70178637 XPEF [ac3+0x5C] | 70178639 XPEF [ac3+0x20] | 7017863B XPEF [ac3+0x22] | 7017863D LPEF [0x70000260]	0x70000260 | wp(ac3, 34) | wp(ac3, 32) | wp(ac3, 92) | wp(ac3, 94)
70178762	?WRITE_SCREEN	5	70178742	contiguous	0	-	70178757 XPEF [ac3+0x5E] | 70178759 XPEF [ac3+0x5C] | 7017875B XPEF [ac3+0x20] | 7017875D XPEF [ac3+0x22] | 7017875F LPEF [0x70000260]	0x70000260 | wp(ac3, 34) | wp(ac3, 32) | wp(ac3, 92) | wp(ac3, 94)
70178861	?WRITE_SCREEN	5	70178841	contiguous	0	-	70178856 XPEF [ac3+0x5E] | 70178858 XPEF [ac3+0x5C] | 7017885A XPEF [ac3+0x20] | 7017885C XPEF [ac3+0x22] | 7017885E LPEF [0x70000260]	0x70000260 | wp(ac3, 34) | wp(ac3, 32) | wp(ac3, 92) | wp(ac3, 94)
70178B9A	?WRITE_SCREEN	5	70178B7A	contiguous	0	-	70178B8F XPEF [ac3+0x5E] | 70178B91 XPEF [ac3+0x5C] | 70178B93 XPEF [ac3+0x20] | 70178B95 XPEF [ac3+0x22] | 70178B97 LPEF [0x70000260]	0x70000260 | wp(ac3, 34) | wp(ac3, 32) | wp(ac3, 92) | wp(ac3, 94)
70178BE4	?WRITE_SCREEN	5	70178BC4	contiguous	0	-	70178BD9 XPEF [ac3+0x5E] | 70178BDB XPEF [ac3+0x5C] | 70178BDD XPEF [ac3+0x20] | 70178BDF XPEF [ac3+0x22] | 70178BE1 LPEF [0x70000260]	0x70000260 | wp(ac3, 34) | wp(ac3, 32) | wp(ac3, 92) | wp(ac3, 94)
70178C2E	?WRITE_SCREEN	5	70178C04	contiguous	0	-	70178C23 XPEF [ac3+0x5E] | 70178C25 XPEF [ac3+0x5C] | 70178C27 XPEF [ac3+0x20] | 70178C29 XPEF [ac3+0x22] | 70178C2B LPEF [0x70000260]	0x70000260 | wp(ac3, 34) | wp(ac3, 32) | wp(ac3, 92) | wp(ac3, 94)
70178C5F	?WRITE_SCREEN	5	70178C3F	contiguous	0	-	70178C54 XPEF [ac3+0x5E] | 70178C56 XPEF [ac3+0x5C] | 70178C58 XPEF [ac3+0x20] | 70178C5A XPEF [ac3+0x22] | 70178C5C LPEF [0x70000260]	0x70000260 | wp(ac3, 34) | wp(ac3, 32) | wp(ac3, 92) | wp(ac3, 94)
70178C7D	?WRITE_SCREEN	5	70178C63	contiguous	0	-	70178C72 XPEF [ac3+0x22] | 70178C74 XPEF [ac3+0x5E] | 70178C76 XPEF [ac3+0x5C] | 70178C78 XPEF [ac3+0x20] | 70178C7A LPEF [0x70000260]	0x70000260 | wp(ac3, 32) | wp(ac3, 92) | wp(ac3, 94) | wp(ac3, 34)
70178CFE	?WRITE_SCREEN	2	70178CEE	contiguous	0	-	70178CF9 XPEF [ac3+0x22] | 70178CFB LPEF [0x70000260]	0x70000260 | wp(ac3, 34)
70178D1C	?WRITE_SCREEN	2	70178D12	contiguous	0	-	70178D17 XPEF [ac3+0x20] | 70178D19 LPEF [0x70000260]	0x70000260 | wp(ac3, 32)
70178D49	?WRITE_SCREEN	2	70178D39	contiguous	0	-	70178D44 XPEF [ac3+0x22] | 70178D46 LPEF [0x70000260]	0x70000260 | wp(ac3, 34)
70178D9D	?WRITE_SCREEN	2	70178D8D	contiguous	0	-	70178D98 XPEF [ac3+0x22] | 70178D9A LPEF [0x70000260]	0x70000260 | wp(ac3, 34)
70178E57	?WRITE_SCREEN	2	70178E3B	contiguous	0	-	70178E52 XPEF [ac3+0x22] | 70178E54 LPEF [0x70000260]	0x70000260 | wp(ac3, 34)
70178E72	?WRITE_SCREEN	2	70178E62	contiguous	0	-	70178E6D XPEF [ac3+0x22] | 70178E6F LPEF [0x70000260]	0x70000260 | wp(ac3, 34)
70178EBB	?WRITE_SCREEN	2	70178EAB	contiguous	0	-	70178EB6 XPEF [ac3+0x22] | 70178EB8 LPEF [0x70000260]	0x70000260 | wp(ac3, 34)
70178EFE	?WRITE_SCREEN	2	70178EEE	contiguous	0	-	70178EF9 XPEF [ac3+0x22] | 70178EFB LPEF [0x70000260]	0x70000260 | wp(ac3, 34)
70178F14	?WRITE_SCREEN	2	70178F04	contiguous	0	-	70178F0F XPEF [ac3+0x22] | 70178F11 LPEF [0x70000260]	0x70000260 | wp(ac3, 34)
70178FE9	?WRITE_SCREEN	2	70178FD9	contiguous	0	-	70178FE4 XPEF [ac3+0x22] | 70178FE6 LPEF [0x70000260]	0x70000260 | wp(ac3, 34)
7017900D	?WRITE_SCREEN	5	70178FED	contiguous	0	-	70179002 XPEF [ac3+0x5E] | 70179004 XPEF [ac3+0x5C] | 70179006 XPEF [ac3+0x20] | 70179008 XPEF [ac3+0x22] | 7017900A LPEF [0x70000260]	0x70000260 | wp(ac3, 34) | wp(ac3, 32) | wp(ac3, 92) | wp(ac3, 94)
70179034	?WRITE_SCREEN	2	70179024	contiguous	0	-	7017902F XPEF [ac3+0x22] | 70179031 LPEF [0x70000260]	0x70000260 | wp(ac3, 34)
70179058	?WRITE_SCREEN	5	70179038	contiguous	0	-	7017904D XPEF [ac3+0x5E] | 7017904F XPEF [ac3+0x5C] | 70179051 XPEF [ac3+0x20] | 70179053 XPEF [ac3+0x22] | 70179055 LPEF [0x70000260]	0x70000260 | wp(ac3, 34) | wp(ac3, 32) | wp(ac3, 92) | wp(ac3, 94)
7017907D	?WRITE_SCREEN	2	7017906D	contiguous	0	-	70179078 XPEF [ac3+0x22] | 7017907A LPEF [0x70000260]	0x70000260 | wp(ac3, 34)
701790A1	?WRITE_SCREEN	5	70179081	contiguous	0	-	70179096 XPEF [ac3+0x5E] | 70179098 XPEF [ac3+0x5C] | 7017909A XPEF [ac3+0x20] | 7017909C XPEF [ac3+0x22] | 7017909E LPEF [0x70000260]	0x70000260 | wp(ac3, 34) | wp(ac3, 32) | wp(ac3, 92) | wp(ac3, 94)
701790CD	?WRITE_SCREEN	2	701790BD	contiguous	0	-	701790C8 XPEF [ac3+0x22] | 701790CA LPEF [0x70000260]	0x70000260 | wp(ac3, 34)
701790F1	?WRITE_SCREEN	5	701790D1	contiguous	0	-	701790E6 XPEF [ac3+0x5E] | 701790E8 XPEF [ac3+0x5C] | 701790EA XPEF [ac3+0x20] | 701790EC XPEF [ac3+0x22] | 701790EE LPEF [0x70000260]	0x70000260 | wp(ac3, 34) | wp(ac3, 32) | wp(ac3, 92) | wp(ac3, 94)
7017913F	?WRITE_SCREEN	5	7017911F	contiguous	0	-	70179134 XPEF [ac3+0x5E] | 70179136 XPEF [ac3+0x5C] | 70179138 XPEF [ac3+0x20] | 7017913A XPEF [ac3+0x22] | 7017913C LPEF [0x70000260]	0x70000260 | wp(ac3, 34) | wp(ac3, 32) | wp(ac3, 92) | wp(ac3, 94)
7017917C	?WRITE_SCREEN	5	7017915C	contiguous	0	-	70179171 XPEF [ac3+0x5E] | 70179173 XPEF [ac3+0x5C] | 70179175 XPEF [ac3+0x20] | 70179177 XPEF [ac3+0x22] | 70179179 LPEF [0x70000260]	0x70000260 | wp(ac3, 34) | wp(ac3, 32) | wp(ac3, 92) | wp(ac3, 94)
701791AC	?WRITE_SCREEN	2	7017919C	contiguous	0	-	701791A7 XPEF [ac3+0x22] | 701791A9 LPEF [0x70000260]	0x70000260 | wp(ac3, 34)
701791D0	?WRITE_SCREEN	5	701791B0	contiguous	0	-	701791C5 XPEF [ac3+0x5E] | 701791C7 XPEF [ac3+0x5C] | 701791C9 XPEF [ac3+0x20] | 701791CB XPEF [ac3+0x22] | 701791CD LPEF [0x70000260]	0x70000260 | wp(ac3, 34) | wp(ac3, 32) | wp(ac3, 92) | wp(ac3, 94)
70179252	?WRITE_SCREEN	2	70179242	contiguous	0	-	7017924D XPEF [ac3+0x22] | 7017924F LPEF [0x70000260]	0x70000260 | wp(ac3, 34)
7017927D	?WRITE_SCREEN	2	7017926D	contiguous	0	-	70179278 XPEF [ac3+0x22] | 7017927A LPEF [0x70000260]	0x70000260 | wp(ac3, 34)
70179293	?WRITE_SCREEN	2	70179283	contiguous	0	-	7017928E XPEF [ac3+0x22] | 70179290 LPEF [0x70000260]	0x70000260 | wp(ac3, 34)
701792FD	?WRITE_SCREEN	2	701792ED	contiguous	0	-	701792F8 XPEF [ac3+0x22] | 701792FA LPEF [0x70000260]	0x70000260 | wp(ac3, 34)
70179313	?WRITE_SCREEN	2	70179303	contiguous	0	-	7017930E XPEF [ac3+0x22] | 70179310 LPEF [0x70000260]	0x70000260 | wp(ac3, 34)
7017933D	?WRITE_SCREEN	5	7017931D	contiguous	0	-	70179332 XPEF [ac3+0x5E] | 70179334 XPEF [ac3+0x5C] | 70179336 XPEF [ac3+0x20] | 70179338 XPEF [ac3+0x22] | 7017933A LPEF [0x70000260]	0x70000260 | wp(ac3, 34) | wp(ac3, 32) | wp(ac3, 92) | wp(ac3, 94)
7017937E	?WRITE_SCREEN	5	7017935E	contiguous	0	-	70179373 XPEF [ac3+0x5E] | 70179375 XPEF [ac3+0x5C] | 70179377 XPEF [ac3+0x20] | 70179379 XPEF [ac3+0x22] | 7017937B LPEF [0x70000260]	0x70000260 | wp(ac3, 34) | wp(ac3, 32) | wp(ac3, 92) | wp(ac3, 94)
701793BB	?WRITE_SCREEN	5	7017939B	contiguous	0	-	701793B0 XPEF [ac3+0x5E] | 701793B2 XPEF [ac3+0x5C] | 701793B4 XPEF [ac3+0x20] | 701793B6 XPEF [ac3+0x22] | 701793B8 LPEF [0x70000260]	0x70000260 | wp(ac3, 34) | wp(ac3, 32) | wp(ac3, 92) | wp(ac3, 94)
70179460	?WRITE_SCREEN	2	70179450	contiguous	0	-	7017945B XPEF [ac3+0x22] | 7017945D LPEF [0x70000260]	0x70000260 | wp(ac3, 34)
70179484	?WRITE_SCREEN	5	70179464	contiguous	0	-	70179479 XPEF [ac3+0x5E] | 7017947B XPEF [ac3+0x5C] | 7017947D XPEF [ac3+0x20] | 7017947F XPEF [ac3+0x22] | 70179481 LPEF [0x70000260]	0x70000260 | wp(ac3, 34) | wp(ac3, 32) | wp(ac3, 92) | wp(ac3, 94)
701794D1	?WRITE_SCREEN	2	701794C1	contiguous	0	-	701794CC XPEF [ac3+0x22] | 701794CE LPEF [0x70000260]	0x70000260 | wp(ac3, 34)
70179724	?WRITE_SCREEN	5	70179704	contiguous	0	-	70179719 XPEF [ac3+0x5E] | 7017971B XPEF [ac3+0x5C] | 7017971D XPEF [ac3+0x20] | 7017971F XPEF [ac3+0x22] | 70179721 LPEF [0x70000260]	0x70000260 | wp(ac3, 34) | wp(ac3, 32) | wp(ac3, 92) | wp(ac3, 94)
70179824	?WRITE_SCREEN	5	70179804	contiguous	0	-	70179819 XPEF [ac3+0x1E] | 7017981B XPEF [ac3+0x1C] | 7017981D XPEF [ac3+0x1A] | 7017981F XPEF [ac3+0xA] | 70179821 LPEF [0x70000260]	0x70000260 | wp(ac3, 10) | wp(ac3, 26) | wp(ac3, 28) | wp(ac3, 30)
70179879	?WRITE_SCREEN	5	70179859	contiguous	0	-	7017986E XPEF [ac3+0x1E] | 70179870 XPEF [ac3+0x1C] | 70179872 XPEF [ac3+0x1A] | 70179874 XPEF [ac3+0xA] | 70179876 LPEF [0x70000260]	0x70000260 | wp(ac3, 10) | wp(ac3, 26) | wp(ac3, 28) | wp(ac3, 30)
701798E8	?WRITE_SCREEN	2	701798D1	contiguous	0	-	701798E3 XPEF [ac3+0xA] | 701798E5 LPEF [0x70000260]	0x70000260 | wp(ac3, 10)
70179908	?WRITE_SCREEN	2	701798F1	contiguous	0	-	70179903 XPEF [ac3+0xA] | 70179905 LPEF [0x70000260]	0x70000260 | wp(ac3, 10)
70179928	?WRITE_SCREEN	2	70179911	contiguous	0	-	70179923 XPEF [ac3+0xA] | 70179925 LPEF [0x70000260]	0x70000260 | wp(ac3, 10)
70179948	?WRITE_SCREEN	2	70179931	contiguous	0	-	70179943 XPEF [ac3+0xA] | 70179945 LPEF [0x70000260]	0x70000260 | wp(ac3, 10)
70179C2D	?WRITE_SCREEN	5	70179C0D	contiguous	0	-	70179C22 XPEF [ac3+0x3E] | 70179C24 XPEF [ac3+0x3C] | 70179C26 XPEF [ac3+0x2E] | 70179C28 XPEF [ac3+0x30] | 70179C2A LPEF [0x70000260]	0x70000260 | wp(ac3, 48) | wp(ac3, 46) | wp(ac3, 60) | wp(ac3, 62)
70179C4E	?UNSIGNED_TO_CHAR	1	70179C46	XLEF	0	-	70179C4A XPEF [ac3+0x2E]	wp(ac3, 46)
70179C8A	?WRITE_SCREEN	2	70179C52	contiguous	0	-	70179C85 XPEF [ac3+0x96] | 70179C87 LPEF [0x70000260]	0x70000260 | wp(ac3, 150)
70179C98	?UNSIGNED_TO_CHAR	1	70179C90	XLEF	0	-	70179C94 XPEF [ac3+0x2E]	wp(ac3, 46)
70179CAE	?UNSIGNED_TO_CHAR	1	70179C9C	XLEF+XWSTA	0	-	70179CA8 XPEF [ac3+0x3C]	wp(ac3, 60)
70179D09	?WRITE_SCREEN	2	70179CB2	contiguous	0	-	70179D04 XPEF [ac3+0x16C] | 70179D06 LPEF [0x70000260]	0x70000260 | wp(ac3, 364)
70179D50	?WRITE_SCREEN	2	70179D40	contiguous	0	-	70179D4B XPEF [ac3+0x40] | 70179D4D LPEF [0x70000260]	0x70000260 | wp(ac3, 64)
70179D66	?WRITE_SCREEN	2	70179D56	contiguous	0	-	70179D61 XPEF [ac3+0x40] | 70179D63 LPEF [0x70000260]	0x70000260 | wp(ac3, 64)
70179E20	?WRITE_SCREEN	2	70179E10	contiguous	0	-	70179E1B XPEF [ac3+0x40] | 70179E1D LPEF [0x70000260]	0x70000260 | wp(ac3, 64)
70179E4D	?WRITE_SCREEN	5	70179E2D	contiguous	0	-	70179E42 XPEF [ac3+0x3E] | 70179E44 XPEF [ac3+0x3C] | 70179E46 XPEF [ac3+0x2E] | 70179E48 XPEF [ac3+0x52] | 70179E4A LPEF [0x70000260]	0x70000260 | wp(ac3, 82) | wp(ac3, 46) | wp(ac3, 60) | wp(ac3, 62)
70179EAF	?WRITE_SCREEN	5	70179E97	contiguous	0	-	70179EA4 XPEF [ac3+0x3E] | 70179EA6 XPEF [ac3+0x3C] | 70179EA8 XPEF [ac3+0xF] | 70179EAA XPEF [ac3+0x2E] | 70179EAC LPEF [0x70000260]	0x70000260 | wp(ac3, 46) | wp(ac3, 15) | wp(ac3, 60) | wp(ac3, 62)
70179F0C	?WRITE_SCREEN	5	70179EEC	contiguous	0	-	70179F01 XPEF [ac3+0x3E] | 70179F03 XPEF [ac3+0x3C] | 70179F05 XPEF [ac3+0x2E] | 70179F07 XPEF [ac3+0x40] | 70179F09 LPEF [0x70000260]	0x70000260 | wp(ac3, 64) | wp(ac3, 46) | wp(ac3, 60) | wp(ac3, 62)
70179F41	?RANDOM_NUMBER	3	70179F30	contiguous	0	-	70179F3B XPEF [ac2+0x28] | 70179F3D XPEF [ac3+0x3C] | 70179F3F XPEF [ac3+0x2E]	wp(ac3, 46) | wp(ac3, 60) | wp(ac2, 40)
70179FAA	?WRITE_SCREEN	5	70179F8A	contiguous	0	-	70179F9F XPEF [ac3+0x3E] | 70179FA1 XPEF [ac3+0x3C] | 70179FA3 XPEF [ac3+0x2E] | 70179FA5 XPEF [ac3+0x52] | 70179FA7 LPEF [0x70000260]	0x70000260 | wp(ac3, 82) | wp(ac3, 46) | wp(ac3, 60) | wp(ac3, 62)
70179FCB	?WRITE_SCREEN	5	70179FB4	contiguous	0	-	70179FC0 XPEF [ac3+0x30] | 70179FC2 XPEF [ac3+0x3E] | 70179FC4 XPEF [ac3+0x3C] | 70179FC6 XPEF [ac3+0x2E] | 70179FC8 LPEF [0x70000260]	0x70000260 | wp(ac3, 46) | wp(ac3, 60) | wp(ac3, 62) | wp(ac3, 48)
7017A043	?UNSIGNED_TO_CHAR	1	7017A034	XLEF	0	-	7017A03F XPEF [ac3+0x2E]	wp(ac3, 46)
7017A080	?WRITE_SCREEN	2	7017A047	contiguous	0	-	7017A07B XPEF [ac3+0x16C] | 7017A07D LPEF [0x70000260]	0x70000260 | wp(ac3, 364)
7017A0D6	?UNSIGNED_TO_CHAR	1	7017A0C7	XLEF	0	-	7017A0D2 XPEF [ac3+0x2E]	wp(ac3, 46)
7017A112	?UNSIGNED_TO_CHAR	1	7017A105	XLEF+XWSTA	0	-	7017A10C XPEF [ac3+0x96]	wp(ac3, 150)
7017A1CA	?WRITE_SCREEN	2	7017A1BA	contiguous	0	-	7017A1C5 XPEF @[ac3+0x8040] | 7017A1C7 LPEF [0x70000260]	0x70000260 | R[ac3 + 64]
7017A20C	?WRITE_SCREEN	2	7017A1FC	contiguous	0	-	7017A207 XPEF [ac3+0x52] | 7017A209 LPEF [0x70000260]	0x70000260 | wp(ac3, 82)
7017A222	?WRITE_SCREEN	2	7017A212	contiguous	0	-	7017A21D XPEF [ac3+0x40] | 7017A21F LPEF [0x70000260]	0x70000260 | wp(ac3, 64)
7017A234	?CHAR_TO_UNSIGNED	1	7017A231	contiguous	0	-	7017A231 LPEF [0x7000021C]	0x7000021C
7017A280	?WRITE_SCREEN	2	7017A270	contiguous	0	-	7017A27B XPEF [ac3+0x40] | 7017A27D LPEF [0x70000260]	0x70000260 | wp(ac3, 64)
7017A2B4	?WRITE_SCREEN	2	7017A2A4	contiguous	0	-	7017A2AF XPEF [ac3+0x40] | 7017A2B1 LPEF [0x70000260]	0x70000260 | wp(ac3, 64)
7017A2F9	?WRITE_SCREEN	2	7017A2E9	contiguous	0	-	7017A2F4 XPEF [ac3+0x40] | 7017A2F6 LPEF [0x70000260]	0x70000260 | wp(ac3, 64)
7017A35D	?WRITE_SCREEN	2	7017A34D	contiguous	0	-	7017A358 XPEF [ac3+0x40] | 7017A35A LPEF [0x70000260]	0x70000260 | wp(ac3, 64)
7017A39E	?WRITE_SCREEN	2	7017A38E	contiguous	0	-	7017A399 XPEF [ac3+0x40] | 7017A39B LPEF [0x70000260]	0x70000260 | wp(ac3, 64)
7017A3CB	?WRITE_SCREEN	2	7017A3BB	contiguous	0	-	7017A3C6 XPEF [ac3+0x30] | 7017A3C8 LPEF [0x70000260]	0x70000260 | wp(ac3, 48)
7017A409	?WRITE_SCREEN	2	7017A3F9	contiguous	0	-	7017A404 XPEF [ac3+0x30] | 7017A406 LPEF [0x70000260]	0x70000260 | wp(ac3, 48)
7017A439	?WRITE_SCREEN	2	7017A429	contiguous	0	-	7017A434 XPEF [ac3+0x40] | 7017A436 LPEF [0x70000260]	0x70000260 | wp(ac3, 64)
7017A51C	?WRITE_SCREEN	2	7017A4DC	contiguous	0	-	7017A517 XPEF [ac3+0x52] | 7017A519 LPEF [0x70000260]	0x70000260 | wp(ac3, 82)
7017A545	?WRITE_SCREEN	5	7017A525	contiguous	0	-	7017A53A XPEF [ac3+0x3E] | 7017A53C XPEF [ac3+0x3C] | 7017A53E XPEF [ac3+0x2E] | 7017A540 XPEF [ac3+0x40] | 7017A542 LPEF [0x70000260]	0x70000260 | wp(ac3, 64) | wp(ac3, 46) | wp(ac3, 60) | wp(ac3, 62)
7017A7CC	?WRITE_SCREEN	5	7017A7AC	contiguous	0	-	7017A7C1 XPEF [ac3+0x2E] | 7017A7C3 XPEF [ac3+0x2C] | 7017A7C5 XPEF [ac3+0x6] | 7017A7C7 XPEF [ac3+0x8] | 7017A7C9 LPEF [0x70000260]	0x70000260 | wp(ac3, 8) | wp(ac3, 6) | wp(ac3, 44) | wp(ac3, 46)
7017AA38	?WRITE_SCREEN	5	7017A9E4	contiguous	0	-	7017AA2D XPEF [ac3+0x16] | 7017AA2F XPEF [ac3+0x12] | 7017AA31 XPEF [ac3+0x10] | 7017AA33 XPEF [ac3+0x58] | 7017AA35 LPEF [0x70000260]	0x70000260 | wp(ac3, 88) | wp(ac3, 16) | wp(ac3, 18) | wp(ac3, 22)
7017AA5C	?WRITE_SCREEN	5	7017AA42	contiguous	0	-	7017AA51 XPEF [ac3+0x14] | 7017AA53 XPEF [ac3+0x12] | 7017AA55 XPEF [ac3+0x10] | 7017AA57 XPEF [ac3+0x18] | 7017AA59 LPEF [0x70000260]	0x70000260 | wp(ac3, 24) | wp(ac3, 16) | wp(ac3, 18) | wp(ac3, 20)
7017AA8B	?RANDOM_NUMBER	3	7017AA72	XWSTA	0	-	7017AA83 XPEF [ac2+0x28] | 7017AA85 XPEF [ac3+0x12] | 7017AA87 XPEF [ac3+0x10]	wp(ac3, 16) | wp(ac3, 18) | wp(ac2, 40)
7017AACE	?RANDOM_NUMBER	3	7017AAAC	contiguous	0	-	7017AAC8 XPEF [ac2+0x28] | 7017AACA XPEF [ac3+0x12] | 7017AACC XPEF [ac3+0x10]	wp(ac3, 16) | wp(ac3, 18) | wp(ac2, 40)
7017AC0D	?WRITE_SCREEN	5	7017ABBC	contiguous	0	-	7017AC02 XPEF [ac3+0x14] | 7017AC04 XPEF [ac3+0x10] | 7017AC06 XPEF [ac3+0xE] | 7017AC08 XPEF [ac3+0x58] | 7017AC0A LPEF [0x70000260]	0x70000260 | wp(ac3, 88) | wp(ac3, 14) | wp(ac3, 16) | wp(ac3, 20)
7017AC31	?WRITE_SCREEN	5	7017AC17	contiguous	0	-	7017AC26 XPEF [ac3+0x12] | 7017AC28 XPEF [ac3+0x10] | 7017AC2A XPEF [ac3+0xE] | 7017AC2C XPEF [ac3+0x18] | 7017AC2E LPEF [0x70000260]	0x70000260 | wp(ac3, 24) | wp(ac3, 14) | wp(ac3, 16) | wp(ac3, 18)
7017AC54	?RANDOM_NUMBER	3	7017AC43	contiguous	0	-	7017AC4E XPEF [ac2+0x28] | 7017AC50 XPEF [ac3+0x10] | 7017AC52 XPEF [ac3+0xE]	wp(ac3, 14) | wp(ac3, 16) | wp(ac2, 40)
7017ACA0	?WRITE_SCREEN	2	7017AC5F	contiguous	0	-	7017AC9B XPEF [ac3+0x2A] | 7017AC9D LPEF [0x70000260]	0x70000260 | wp(ac3, 42)
7017ACEC	?WRITE_SCREEN	2	7017ACDC	contiguous	0	-	7017ACE7 XPEF [ac3+0x18] | 7017ACE9 LPEF [0x70000260]	0x70000260 | wp(ac3, 24)
7017AE96	?WRITE_SCREEN	2	7017AE86	contiguous	0	-	7017AE91 XPEF [ac3+0x18] | 7017AE93 LPEF [0x70000260]	0x70000260 | wp(ac3, 24)
7017AEE6	?WRITE_SCREEN	2	7017AEA2	contiguous	0	-	7017AEE1 XPEF [ac3+0x58] | 7017AEE3 LPEF [0x70000260]	0x70000260 | wp(ac3, 88)
7017AF3A	?WRITE_SCREEN	2	7017AEF6	contiguous	0	-	7017AF35 XPEF [ac3+0x58] | 7017AF37 LPEF [0x70000260]	0x70000260 | wp(ac3, 88)
7017B029	?WRITE_SCREEN	5	7017B009	contiguous	0	-	7017B01E XPEF [ac3+0x12] | 7017B020 XPEF [ac3+0x10] | 7017B022 XPEF [ac3+0xE] | 7017B024 XPEF [ac3+0x2A] | 7017B026 LPEF [0x70000260]	0x70000260 | wp(ac3, 42) | wp(ac3, 14) | wp(ac3, 16) | wp(ac3, 18)
7017B070	?WRITE_SCREEN	5	7017B050	contiguous	0	-	7017B065 XPEF [ac3+0x12] | 7017B067 XPEF [ac3+0x10] | 7017B069 XPEF [ac3+0xE] | 7017B06B XPEF [ac3+0x2A] | 7017B06D LPEF [0x70000260]	0x70000260 | wp(ac3, 42) | wp(ac3, 14) | wp(ac3, 16) | wp(ac3, 18)
7017B0B6	?WRITE_SCREEN	5	7017B096	contiguous	0	-	7017B0AB XPEF [ac3+0x12] | 7017B0AD XPEF [ac3+0x10] | 7017B0AF XPEF [ac3+0xE] | 7017B0B1 XPEF [ac3+0x86] | 7017B0B3 LPEF [0x70000260]	0x70000260 | wp(ac3, 134) | wp(ac3, 14) | wp(ac3, 16) | wp(ac3, 18)
7017B0D9	?WRITE_SCREEN	5	7017B0BE	contiguous	0	-	7017B0CE XPEF [ac3+0x14] | 7017B0D0 XPEF [ac3+0x12] | 7017B0D2 XPEF [ac3+0x10] | 7017B0D4 XPEF [ac3+0xE] | 7017B0D6 LPEF [0x70000260]	0x70000260 | wp(ac3, 14) | wp(ac3, 16) | wp(ac3, 18) | wp(ac3, 20)
7017B104	?WRITE_SCREEN	5	7017B0E4	contiguous	0	-	7017B0F9 XPEF [ac3+0x12] | 7017B0FB XPEF [ac3+0x10] | 7017B0FD XPEF [ac3+0xE] | 7017B0FF XPEF [ac3+0x2A] | 7017B101 LPEF [0x70000260]	0x70000260 | wp(ac3, 42) | wp(ac3, 14) | wp(ac3, 16) | wp(ac3, 18)
7017B125	?WRITE_SCREEN	5	7017B10E	contiguous	0	-	7017B11A XPEF [ac3+0x14] | 7017B11C XPEF [ac3+0x12] | 7017B11E XPEF [ac3+0x10] | 7017B120 XPEF [ac3+0xE] | 7017B122 LPEF [0x70000260]	0x70000260 | wp(ac3, 14) | wp(ac3, 16) | wp(ac3, 18) | wp(ac3, 20)
7017B156	?WRITE_SCREEN	2	7017B146	contiguous	0	-	7017B151 XPEF [ac3+0x18] | 7017B153 LPEF [0x70000260]	0x70000260 | wp(ac3, 24)
7017BF31	?WRITE_SCREEN	2	7017BF27	contiguous	0	-	7017BF2C XPEF [ac3+0x1A90] | 7017BF2E LPEF [0x70000260]	0x70000260 | wp(ac3, 6800)
7017BF71	?WRITE_SCREEN	2	7017BF4F	contiguous	0	-	7017BF6C XPEF [ac3+0x1AD2] | 7017BF6E LPEF [0x70000260]	0x70000260 | wp(ac3, 6866)
7017BF7E	?UNSIGNED_TO_CHAR	1	7017BF76	XLEF	0	-	7017BF7A XPEF [ac3+0x1A90]	wp(ac3, 6800)
7017BFBB	?WRITE_SCREEN	2	7017BF82	contiguous	0	-	7017BFB6 XPEF [ac3+0x1AD2] | 7017BFB8 LPEF [0x70000260]	0x70000260 | wp(ac3, 6866)
7017BFE2	?WRITE_SCREEN	5	7017BFC3	contiguous	0	-	7017BFD7 XPEF [ac3+0x1A96] | 7017BFD9 XPEF [ac3+0x1A94] | 7017BFDB XPEF [ac3+0x1A92] | 7017BFDD XPEF [ac3+0x1A90] | 7017BFDF LPEF [0x70000260]	0x70000260 | wp(ac3, 6800) | wp(ac3, 6802) | wp(ac3, 6804) | wp(ac3, 6806)
7017C007	?WRITE_SCREEN	5	7017BFE7	contiguous	0	-	7017BFFC XPEF [ac3+0x1A94] | 7017BFFE XPEF [ac3+0x1A92] | 7017C000 XPEF [ac3+0x1A90] | 7017C002 XPEF [ac3+0x1AA8] | 7017C004 LPEF [0x70000260]	0x70000260 | wp(ac3, 6824) | wp(ac3, 6800) | wp(ac3, 6802) | wp(ac3, 6804)
7017C096	?WRITE_SCREEN	2	7017C08C	contiguous	0	-	7017C091 XPEF [ac3+0x1A90] | 7017C093 LPEF [0x70000260]	0x70000260 | wp(ac3, 6800)
7017C0B6	?WRITE_SCREEN	2	7017C0AC	contiguous	0	-	7017C0B1 XPEF [ac3+0x1A90] | 7017C0B3 LPEF [0x70000260]	0x70000260 | wp(ac3, 6800)
7017C0D0	?WRITE_SCREEN	2	7017C0C6	contiguous	0	-	7017C0CB XPEF [ac3+0x1A90] | 7017C0CD LPEF [0x70000260]	0x70000260 | wp(ac3, 6800)
7017C0F0	?WRITE_SCREEN	2	7017C0E6	contiguous	0	-	7017C0EB XPEF [ac3+0x1A90] | 7017C0ED LPEF [0x70000260]	0x70000260 | wp(ac3, 6800)
7017C15E	?UNSIGNED_TO_CHAR	1	7017C14D	XLEF+XWSTA	0	-	7017C158 XPEF [ac3+0x1A96]	wp(ac3, 6806)
7017C1D2	?WRITE_SCREEN	5	7017C162	contiguous	0	-	7017C1C7 XPEF [ac3+0x1A96] | 7017C1C9 XPEF [ac3+0x1A94] | 7017C1CB XPEF [ac3+0x1A92] | 7017C1CD XPEF [ac3+0x1AD2] | 7017C1CF LPEF [0x70000260]	0x70000260 | wp(ac3, 6866) | wp(ac3, 6802) | wp(ac3, 6804) | wp(ac3, 6806)
7017C31B	?WRITE_SCREEN	5	7017C2AB	contiguous	0	-	7017C310 XPEF [ac3+0x18] | 7017C312 XPEF [ac3+0x16] | 7017C314 XPEF [ac3+0x14] | 7017C316 XPEF [ac3+0x94] | 7017C318 LPEF [0x70000260]	0x70000260 | wp(ac3, 148) | wp(ac3, 20) | wp(ac3, 22) | wp(ac3, 24)
7017C478	?RANDOM_NUMBER	3	7017C467	contiguous	0	-	7017C472 XPEF [ac2+0x28] | 7017C474 XPEF [ac3+0x18] | 7017C476 XPEF [ac3+0x16]	wp(ac3, 22) | wp(ac3, 24) | wp(ac2, 40)
7017C492	?RANDOM_NUMBER	3	7017C47C	contiguous	0	-	7017C48C XPEF [ac2+0x28] | 7017C48E XPEF [ac3+0x18] | 7017C490 XPEF [ac3+0x16]	wp(ac3, 22) | wp(ac3, 24) | wp(ac2, 40)
7017C501	?RANDOM_NUMBER	3	7017C4F0	contiguous	0	-	7017C4FB XPEF [ac2+0x28] | 7017C4FD XPEF [ac3+0x18] | 7017C4FF XPEF [ac3+0x16]	wp(ac3, 22) | wp(ac3, 24) | wp(ac2, 40)
7017C51B	?RANDOM_NUMBER	3	7017C505	contiguous	0	-	7017C515 XPEF [ac2+0x28] | 7017C517 XPEF [ac3+0x18] | 7017C519 XPEF [ac3+0x16]	wp(ac3, 22) | wp(ac3, 24) | wp(ac2, 40)
7017CB5F	?WRITE_SCREEN	5	7017CB3D	contiguous	0	-	7017CB54 XPEF [ac3+0x14] | 7017CB56 XPEF [ac3+0x12] | 7017CB58 XPEF [ac3+0x10] | 7017CB5A XPEF [ac3+0x2] | 7017CB5C LPEF [0x70000260]	0x70000260 | wp(ac3, 2) | wp(ac3, 16) | wp(ac3, 18) | wp(ac3, 20)
7017CB85	?WRITE_SCREEN	5	7017CB63	contiguous	0	-	7017CB7A XPEF [ac3+0x14] | 7017CB7C XPEF [ac3+0x12] | 7017CB7E XPEF [ac3+0x10] | 7017CB80 XPEF [ac3+0x2] | 7017CB82 LPEF [0x70000260]	0x70000260 | wp(ac3, 2) | wp(ac3, 16) | wp(ac3, 18) | wp(ac3, 20)
7017CBAB	?WRITE_SCREEN	5	7017CB89	contiguous	0	-	7017CBA0 XPEF [ac3+0x14] | 7017CBA2 XPEF [ac3+0x12] | 7017CBA4 XPEF [ac3+0x10] | 7017CBA6 XPEF [ac3+0x2] | 7017CBA8 LPEF [0x70000260]	0x70000260 | wp(ac3, 2) | wp(ac3, 16) | wp(ac3, 18) | wp(ac3, 20)
7017CBD1	?WRITE_SCREEN	5	7017CBAF	contiguous	0	-	7017CBC6 XPEF [ac3+0x14] | 7017CBC8 XPEF [ac3+0x12] | 7017CBCA XPEF [ac3+0x10] | 7017CBCC XPEF [ac3+0x2] | 7017CBCE LPEF [0x70000260]	0x70000260 | wp(ac3, 2) | wp(ac3, 16) | wp(ac3, 18) | wp(ac3, 20)
7017CBF7	?WRITE_SCREEN	5	7017CBD5	contiguous	0	-	7017CBEC XPEF [ac3+0x14] | 7017CBEE XPEF [ac3+0x12] | 7017CBF0 XPEF [ac3+0x10] | 7017CBF2 XPEF [ac3+0x2] | 7017CBF4 LPEF [0x70000260]	0x70000260 | wp(ac3, 2) | wp(ac3, 16) | wp(ac3, 18) | wp(ac3, 20)
7017CC1D	?WRITE_SCREEN	5	7017CBFB	contiguous	0	-	7017CC12 XPEF [ac3+0x14] | 7017CC14 XPEF [ac3+0x12] | 7017CC16 XPEF [ac3+0x10] | 7017CC18 XPEF [ac3+0x2] | 7017CC1A LPEF [0x70000260]	0x70000260 | wp(ac3, 2) | wp(ac3, 16) | wp(ac3, 18) | wp(ac3, 20)
7017CC43	?WRITE_SCREEN	5	7017CC21	contiguous	0	-	7017CC38 XPEF [ac3+0x14] | 7017CC3A XPEF [ac3+0x12] | 7017CC3C XPEF [ac3+0x10] | 7017CC3E XPEF [ac3+0x2] | 7017CC40 LPEF [0x70000260]	0x70000260 | wp(ac3, 2) | wp(ac3, 16) | wp(ac3, 18) | wp(ac3, 20)
7017CC69	?WRITE_SCREEN	5	7017CC47	contiguous	0	-	7017CC5E XPEF [ac3+0x14] | 7017CC60 XPEF [ac3+0x12] | 7017CC62 XPEF [ac3+0x10] | 7017CC64 XPEF [ac3+0x2] | 7017CC66 LPEF [0x70000260]	0x70000260 | wp(ac3, 2) | wp(ac3, 16) | wp(ac3, 18) | wp(ac3, 20)
7017CC8F	?WRITE_SCREEN	5	7017CC6D	contiguous	0	-	7017CC84 XPEF [ac3+0x14] | 7017CC86 XPEF [ac3+0x12] | 7017CC88 XPEF [ac3+0x10] | 7017CC8A XPEF [ac3+0x2] | 7017CC8C LPEF [0x70000260]	0x70000260 | wp(ac3, 2) | wp(ac3, 16) | wp(ac3, 18) | wp(ac3, 20)
7017CCB5	?WRITE_SCREEN	5	7017CC93	contiguous	0	-	7017CCAA XPEF [ac3+0x14] | 7017CCAC XPEF [ac3+0x12] | 7017CCAE XPEF [ac3+0x10] | 7017CCB0 XPEF [ac3+0x2] | 7017CCB2 LPEF [0x70000260]	0x70000260 | wp(ac3, 2) | wp(ac3, 16) | wp(ac3, 18) | wp(ac3, 20)
7017CCDB	?WRITE_SCREEN	5	7017CCB9	contiguous	0	-	7017CCD0 XPEF [ac3+0x14] | 7017CCD2 XPEF [ac3+0x12] | 7017CCD4 XPEF [ac3+0x10] | 7017CCD6 XPEF [ac3+0x2] | 7017CCD8 LPEF [0x70000260]	0x70000260 | wp(ac3, 2) | wp(ac3, 16) | wp(ac3, 18) | wp(ac3, 20)
7017D206	?UNSIGNED_TO_CHAR	1	7017D1F1	XLEF	0	-	7017D202 XPEF [ac3+0x10]	wp(ac3, 16)
7017D253	?WRITE_SCREEN	5	7017D20A	contiguous	0	-	7017D248 XPEF [ac3+0x26] | 7017D24A XPEF [ac3+0x14] | 7017D24C XPEF [ac3+0x10] | 7017D24E XPEF [ac3+0x88] | 7017D250 LPEF [0x70000260]	0x70000260 | wp(ac3, 136) | wp(ac3, 16) | wp(ac3, 20) | wp(ac3, 38)
7017D36F	?UNSIGNED_TO_CHAR	1	7017D35A	XLEF	0	-	7017D36B XPEF [ac3+0xE]	wp(ac3, 14)
7017D3BC	?WRITE_SCREEN	5	7017D373	contiguous	0	-	7017D3B1 XPEF [ac3+0x14] | 7017D3B3 XPEF [ac3+0x12] | 7017D3B5 XPEF [ac3+0xE] | 7017D3B7 XPEF [ac3+0x88] | 7017D3B9 LPEF [0x70000260]	0x70000260 | wp(ac3, 136) | wp(ac3, 14) | wp(ac3, 18) | wp(ac3, 20)
7017D407	?WRITE_SCREEN	5	7017D3EC	contiguous	0	-	7017D3FC XPEF [ac3+0x14] | 7017D3FE XPEF [ac3+0x12] | 7017D400 XPEF [ac3+0x10] | 7017D402 XPEF [ac3+0xE] | 7017D404 LPEF [0x70000260]	0x70000260 | wp(ac3, 14) | wp(ac3, 16) | wp(ac3, 18) | wp(ac3, 20)
7017D4B4	?RANDOM_NUMBER	3	7017D4A3	contiguous	0	-	7017D4AE XPEF [ac2+0x28] | 7017D4B0 XPEF [ac3+0xC] | 7017D4B2 XPEF [ac3+0xA]	wp(ac3, 10) | wp(ac3, 12) | wp(ac2, 40)
7017D4CE	?RANDOM_NUMBER	3	7017D4B8	contiguous	0	-	7017D4C8 XPEF [ac2+0x28] | 7017D4CA XPEF [ac3+0xC] | 7017D4CC XPEF [ac3+0xA]	wp(ac3, 10) | wp(ac3, 12) | wp(ac2, 40)
7017D528	?WRITE_SCREEN	5	7017D508	contiguous	0	-	7017D51D XPEF [ac3+0x18] | 7017D51F XPEF [ac3+0xC] | 7017D521 XPEF [ac3+0xA] | 7017D523 XPEF [ac3+0xE] | 7017D525 LPEF [0x70000260]	0x70000260 | wp(ac3, 14) | wp(ac3, 10) | wp(ac3, 12) | wp(ac3, 24)
7017D75F	?READ	7	7017D747	contiguous	0	-	7017D751 XPEF [ac3+0x1FA] | 7017D753 XPEF [ac3+0x1F8] | 7017D755 XPEF [ac3+0x1F6] | 7017D757 XPEF [ac3+0x6] | 7017D759 XPEF [ac3+0x8] | 7017D75B XPEF [ac3+0xA] | 7017D75D XPEF @[ac3+0xFFF4]	R[ac3 + -12] | wp(ac3, 10) | wp(ac3, 8) | wp(ac3, 6) | wp(ac3, 502) | wp(ac3, 504) | wp(ac3, 506)
7017D77F	?READ	4	7017D777	contiguous	0	-	7017D777 XPEF [ac3+0x6] | 7017D779 XPEF [ac3+0x8] | 7017D77B XPEF [ac3+0xA] | 7017D77D XPEF @[ac3+0xFFF4]	R[ac3 + -12] | wp(ac3, 10) | wp(ac3, 8) | wp(ac3, 6)
7017D7A1	?WRITE	6	7017D78A	contiguous	0	-	7017D795 XPEF [ac3+0x1FA] | 7017D797 XPEF [ac3+0x1F8] | 7017D799 XPEF [ac3+0x1F6] | 7017D79B XPEF [ac3+0x8] | 7017D79D XPEF @[ac3+0xFFF2] | 7017D79F XPEF @[ac3+0xFFF4]	R[ac3 + -12] | R[ac3 + -14] | wp(ac3, 8) | wp(ac3, 502) | wp(ac3, 504) | wp(ac3, 506)
7017D7AC	?WRITE	3	7017D7A6	contiguous	0	-	7017D7A6 XPEF [ac3+0x8] | 7017D7A8 XPEF @[ac3+0xFFF2] | 7017D7AA XPEF @[ac3+0xFFF4]	R[ac3 + -12] | R[ac3 + -14] | wp(ac3, 8)
