Program start address: 0x7015c005
------------------------------------- HEADER ------------------------------------

000000    0000 0000 0000 0000 0000 0000 0000 0000  [                ]
000008    0000 0000 0000 0000 0000 0000 0000 0000  [                ]
*
*
0000F8    0000 0000 0000 0000 0000 0000 0000 0000  [                ]
000100    0000 0000 0000 0000 0000 0000 FFFF FFFF  [                ]
000108    021F 0000 0002 0000 0005 0000 0000 005F  [               _]
000110    FFFF FFFF 0000 05A1 0000 7017 FDD3 7017  [          p   p ]
000118    FDD0 0000 000E 3000 0126 3000 0126 3000  [      0  &0  &0 ]
000120    0126 3000 01AC 3000 01AC 0000 FFFF FFFF  [ &0   0         ]
000128    FFFF FFFF 0000 0000 0000 0000 0000 0000  [                ]
000130    0000 0000 0000 0000 0000 0000 0000 0000  [                ]
000138    0000 0000 0000 0000 0000 0000 0000 0000  [                ]
*
*
000170    0000 0000 0000 0000 0000 0000 0000 0000  [                ]
000178    0000 0000 0000 0000 7015 C005 0000 0000  [        p       ]
000180    0000 0000 0000 0000 0000 0000 0000 0000  [                ]
000188    0000 0000 0000 0000 0000 0000 0000 0000  [                ]
000190    0000 0000 0000 0000 0000 0000 0000 0000  [                ]
000198    0000 0000 0000 0000 0000 0000 0000 0000  [                ]
0001A0    0000 0000 0000 0000 0000 0000 0001 0000  [                ]
0001A8    0000 0000 0000 0000 FFFF FFFF FFFF FFFF  [                ]
0001B0    0000 0000 0000 0000 0000 0000 0000 0000  [                ]
0001B8    0000 0000 0000 0000 0000 0000 0000 0000  [                ]
*
*
001FF8    0000 0000 0000 0000 0000 0000 0000 0000  [                ]





memory_data: 0x70000000 0x70001800
70000000    0000 0000 0000 0000 0000 0000 7017 FDEC  [            p   ]
70000008    7017 FDF6 0000 0000 01B8 0000 0000 0000  [p               ]
70000010    0000 0000 7000 0E87 7000 0E87 7000 0E87  [    p   p   p   ]
70000018    0000 0000 0000 0000 0000 0000 0000 01C3  [                ]
70000020    0000 0000 0000 0000 0000 01CA 01CD 01DB  [                ]

# ----------------------------------------------------------------
# ?ZMAX / ?ZBOT
# ----------------------------------------------------------------
70000028    0000 0000 0000 0000 0000 0000 0000 0000  [                ]
70000030    0000 0000 0000 0000 0000 0000 0000 0000  [                ]
*
*
700000F8    0000 0000 0000 0000 0000 0000 0000 0000  [                ]

# ----------------------------------------------------------------
# ?NBOT
# ----------------------------------------------------------------
70000100    0000 0000 0000 0000 0000 0000 0000 0000  [                ]
70000108    0000 0000 0000 0000 0000 0000 0000 0000  [                ]
70000110    0000 0000 0000 0000 0000 0000 0000 0000  [                ]
70000118    0000 0000 0000 0000 0000 0000 0000 0000  [                ]
70000120    0000 0000 0000 0000 0000 0000            [                ]

# ----------------------------------------------------------------
# ?USTA / ?UDP000000 / UD.SHORT_STATIC
# ----------------------------------------------------------------
70000126    0000 0000 0000 0000 0000 0000 0000 0000  [                ]
7000012E    0000 0000 0000 0000 0000 0000 0000 0000  [                ]
*
*
70000196    0000 0000 0000 0000 0000 0000 0000 0000  [                ]
7000019E    0000 0000 0000 0000 0000 0000 2E53 5741  [            .SWA]
700001A6    542E 4950 4300 3F30 3030 5357 4154 2E54  [T.IPC ?000SWAT.T]
700001AE    4D50 2E42 4B50 5400 0000 0000 0000 0000  [MP.BKPT         ]
700001B6    0000 0000                                [                ]

# ----------------------------------------------------------------
# .LOW32K
# ----------------------------------------------------------------
700001B8    A6D9 7017 EA2E A6D9 7017 EC39            [  p  .  p  9    ]

# ----------------------------------------------------------------
# .LIERR
# ----------------------------------------------------------------
700001BE    7017 EBBB                                [p               ]

# ----------------------------------------------------------------
# SFALT
# ----------------------------------------------------------------
700001C0    A6D9 7017 EBC0                           [  p             ]

# ----------------------------------------------------------------
# IFALT
# ----------------------------------------------------------------
700001C3    9B79 8739 0000 A6C9 7017 EE1F 0000       [ y 9    p       ]

# ----------------------------------------------------------------
# FFALT
# ----------------------------------------------------------------
700001CA    A6D9 7017 ECCC                           [  p             ]

# ----------------------------------------------------------------
# CFALT
# ----------------------------------------------------------------
700001CD    9E49 D689 0001 1609 8E99 0000 0007 B149  [ I             I]
700001D5    8739 0000 A6C9 7017 EE33 0000 AED9 0017  [ 9    p  3      ]
700001DD    EB40                                     [ @              ]

# ----------------------------------------------------------------
# ?UDP000003
# ----------------------------------------------------------------
700001DE    C629 0012 8278 C629 0134 81B8 C629 0135  [ )   x ) 4   ) 5]
700001E6    80F8 C629 0136 A959 D629 F000 C619 8006  [   ) 6 Y )      ]
700001EE    00C8 E799                                [                ]

# ----------------------------------------------------------------
# I.HEAP / ?UDP000001
# ----------------------------------------------------------------
700001F0    FFFF FFFF FFFF FFFF FFFF FFFF FFFF FFFF  [                ]
700001F8    FFFF FFFF FFFF FFFF FFFF FFFF FFFF FFFF  [                ]
70000200    0000 0000 0000 0000 0000 0000 0000 0000  [                ]

# ----------------------------------------------------------------
# ?UDP000002
# ----------------------------------------------------------------
70000208    0000 0000 0000 0000                      [                ]

# ----------------------------------------------------------------
# ?INFORM_CHANNEL
# ----------------------------------------------------------------
7000020C    FFFF 0000                                [                ]

# ----------------------------------------------------------------
# ?DEMAND_CHANNEL
# ----------------------------------------------------------------
7000020E    FFFF 0000                                [                ]

# ----------------------------------------------------------------
# SD_PTR
# ----------------------------------------------------------------
70000210    0000 0000                                [                ]

# ----------------------------------------------------------------
# OBJ_PTR
# ----------------------------------------------------------------
70000212    0000 0000                                [                ]

# ----------------------------------------------------------------
# CAS_PTR
# ----------------------------------------------------------------
70000214    0000 0000                                [                ]

# ----------------------------------------------------------------
# PLAYER_NUM
# ----------------------------------------------------------------
70000216    0000 0000                                [                ]

# ----------------------------------------------------------------
# GLOBAL_PORT_NUM
# ----------------------------------------------------------------
70000218    0000 0000                                [                ]

# ----------------------------------------------------------------
# OPERATOR
# ----------------------------------------------------------------
7000021A    0000 0000                                [                ]

# ----------------------------------------------------------------
# IN_BUFFER
# ----------------------------------------------------------------
7000021C    0000 0000 0000 0000 0000 0000 0000 0000  [                ]
70000224    0000 0000 0000 0000 0000 0000 0000 0000  [                ]
*
*
70000254    0000 0000 0000 0000 0000 0000 0000 0000  [                ]
7000025C    0000 0000 0000 0000                      [                ]

# ----------------------------------------------------------------
# OUT_CHAN
# ----------------------------------------------------------------
70000260    0000 0000                                [                ]

# ----------------------------------------------------------------
# IN_CHAN
# ----------------------------------------------------------------
70000262    0000 0000                                [                ]

# ----------------------------------------------------------------
# SH_CHAN1
# ----------------------------------------------------------------
70000264    0000 0000                                [                ]

# ----------------------------------------------------------------
# SH_CHAN2
# ----------------------------------------------------------------
70000266    0000 0000                                [                ]

# ----------------------------------------------------------------
# SH_CHAN3
# ----------------------------------------------------------------
70000268    0000 0000                                [                ]

# ----------------------------------------------------------------
# WRITE_INDEX
# ----------------------------------------------------------------
7000026A    0000 0000                                [                ]

# ----------------------------------------------------------------
# CITY_NUM
# ----------------------------------------------------------------
7000026C    0000 0000                                [                ]

# ----------------------------------------------------------------
# TERR_NUM
# ----------------------------------------------------------------
7000026E    0000 0000                                [                ]

# ----------------------------------------------------------------
# MOVES_LEFT
# ----------------------------------------------------------------
70000270    0000 0000                                [                ]

# ----------------------------------------------------------------
# BEING_NAMES
# ----------------------------------------------------------------
70000272    000E 6769 616E 7420 2841 6C62 696F 6E29  [  giant (Albion)]
7000027A    0000 0000 0000 0000 000F 7769 7A61 7264  [          wizard]
70000282    2028 5465 7272 616B 2900 0000 0000 0000  [ (Terrak)       ]
7000028A    000C 6C6F 7264 2028 4C6F 7269 6329 0000  [  lord (Loric)  ]
70000292    0000 0000 0000 0000 0012 6261 6E69 7368  [          banish]
7000029A    6572 2028 4272 6973 746C 6529 0000 0000  [er (Bristle)    ]
700002A2    0015 6D69 6E64 2066 6C61 7965 7220 284D  [  mind flayer (M]
700002AA    616C 646F 726B 2900 0010 6865 616C 6572  [aldork)   healer]
700002B2    2028 4361 7272 6F6E 6529 0000 0000 0000  [ (Carrone)      ]
700002BA    0015 7768 6974 6520 6472 6167 6F6E 2028  [  white dragon (]
700002C2    5375 6E64 6172 2900 0012 5768 6974 6520  [Sundar)   White ]
700002CA    4472 6167 6F6E 2043 6C6F 6E65 0000 0000  [Dragon Clone    ]
700002D2    0012 5768 6974 6520 4472 6167 6F6E 2043  [  White Dragon C]
700002DA    6C6F 6E65 0000 0000 0013 5768 6974 6520  [lone      White ]
700002E2    4472 6167 6F6E 204D 7574 616E 7400 0000  [Dragon Mutant   ]
700002EA    0013 5768 6974 6520 4472 6167 6F6E 204D  [  White Dragon M]
700002F2    7574 616E 7400 0000 0013 5768 6974 6520  [utant     White ]
700002FA    4472 6167 6F6E 204D 7574 616E 7400 0000  [Dragon Mutant   ]
70000302    0013 5768 6974 6520 4472 6167 6F6E 204D  [  White Dragon M]
7000030A    7574 616E 7400 0000 0000 0000 0000 0000  [utant           ]
70000312    0000 0000 0000 0000 0000 0000 0000 0000  [                ]
7000031A    0000 0000 0000 0000 0000 0000 0000 0000  [                ]
*
*
700003D2    0000 0000 0000 0000 0000 0000 0000 0000  [                ]
700003DA    0006 4472 6167 6F6E 0000 0000 0000 0000  [  Dragon        ]
700003E2    0000 0000 0000 0000 0004 4F67 7265 0000  [          Ogre  ]
700003EA    0000 0000 0000 0000 0000 0000 0000 0000  [                ]
700003F2    0006 476F 7267 6F6E 0000 0000 0000 0000  [  Gorgon        ]
700003FA    0000 0000 0000 0000 0006 5769 7A61 7264  [          Wizard]
70000402    0000 0000 0000 0000 0000 0000 0000 0000  [                ]
7000040A    0007 4772 6966 666F 6E00 0000 0000 0000  [  Griffon       ]
70000412    0000 0000 0000 0000 0007 4379 636C 6F70  [          Cyclop]
7000041A    7300 0000 0000 0000 0000 0000 0000 0000  [s               ]
70000422    0005 5472 6F6C 6C00 0000 0000 0000 0000  [  Troll         ]
7000042A    0000 0000 0000 0000 000C 426C 6163 6B20  [          Black ]
70000432    4B6E 6967 6874 0000 0000 0000 0000 0000  [Knight          ]
7000043A    0005 4879 6472 6100 0000 0000 0000 0000  [  Hydra         ]
70000442    0000 0000 0000 0000 0006 5370 6869 6E78  [          Sphinx]
7000044A    0000 0000 0000 0000 0000 0000 0000 0000  [                ]
70000452    0008 4D69 6E6F 7461 7572 0000 0000 0000  [  Minotaur      ]
7000045A    0000 0000 0000 0000 0009 536F 7263 6572  [          Sorcer]
70000462    6573 7300 0000 0000 0000 0000 0000 0000  [ess             ]
7000046A    0005 4861 7270 7900 0000 0000 0000 0000  [  Harpy         ]
70000472    0000 0000 0000 0000 000D 4361 7374 6C65  [          Castle]
7000047A    204B 6E69 6768 7400 0000 0000 0000 0000  [ Knight         ]
70000482    000C 426C 6163 6B20 4472 6167 6F6E 0000  [  Black Dragon  ]
7000048A    0000 0000 0000 0000 0007 5065 6761 7375  [          Pegasu]
70000492    7300 0000 0000 0000 0000 0000 0000 0000  [s               ]
7000049A    0007 5374 616C 6B65 7200 0000 0000 0000  [  Stalker       ]
700004A2    0000 0000 0000 0000 0005 4769 616E 7400  [          Giant ]
700004AA    0000 0000 0000 0000 0000 0000 0000 0000  [                ]
700004B2    000A 5265 6420 4472 6167 6F6E 0000 0000  [  Red Dragon    ]
700004BA    0000 0000 0000 0000 000B 4171 7561 2044  [          Aqua D]
700004C2    7261 676F 6E00 0000 0000 0000 0000 0000  [ragon           ]
700004CA    000B 426C 6163 6B20 5269 6465 7200 0000  [  Black Rider   ]
700004D2    0000 0000 0000 0000 000F 5265 6420 5472  [          Red Tr]
700004DA    6F6F 7020 5269 6465 7200 0000 0000 0000  [oop Rider       ]
700004E2    0005 4477 6172 6600 0000 0000 0000 0000  [  Dwarf         ]
700004EA    0000 0000 0000 0000 000D 456C 7665 6E20  [          Elven ]
700004F2    5761 7272 696F 7200 0000 0000 0000 0000  [Warrior         ]
700004FA    0004 4B69 6E67 0000 0000 0000 0000 0000  [  King          ]
70000502    0000 0000 0000 0000 0005 4465 6D6F 6E00  [          Demon ]
7000050A    0000 0000 0000 0000 0000 0000 0000 0000  [                ]
70000512    0005 4768 6F75 6C00 0000 0000 0000 0000  [  Ghoul         ]
7000051A    0000 0000 0000 0000 000C 426C 6163 6B20  [          Black ]
70000522    5769 7A61 7264 0000 0000 0000 0000 0000  [Wizard          ]
7000052A    000C 456C 7665 6E20 4172 6368 6572 0000  [  Elven Archer  ]
70000532    0000 0000 0000 0000 000B 5469 6D62 6572  [          Timber]
7000053A    2077 6F6C 6600 0000 0000 0000 0000 0000  [ wolf           ]
70000542    000D 4369 7461 6465 6C20 4775 6172 6400  [  Citadel Guard ]
7000054A    0000 0000 0000 0000 0003 4F77 6C00 0000  [          Owl   ]
70000552    0000 0000 0000 0000 0000 0000 0000 0000  [                ]
7000055A    0005 4561 676C 6500 0000 0000 0000 0000  [  Eagle         ]
70000562    0000 0000 0000 0000 0005 4472 7569 6400  [          Druid ]
7000056A    0000 0000 0000 0000 0000 0000 0000 0000  [                ]
70000572    0009 4261 7262 6172 6961 6E00 0000 0000  [  Barbarian     ]
7000057A    0000 0000 0000 0000 0009 5265 6420 4775  [          Red Gu]
70000582    6172 6400 0000 0000 0000 0000 0000 0000  [ard             ]
7000058A    000B 426C 6163 6B20 4775 6172 6400 0000  [  Black Guard   ]
70000592    0000 0000 0000 0000                      [                ]

# ----------------------------------------------------------------
# OBJECT_NAMES
# ----------------------------------------------------------------
70000596    0005 5377 6F72 6400 0000 0000 0000 0000  [  Sword         ]
7000059E    0000 0005 4B6E 6966 6500 0000 0000 0000  [    Knife       ]
700005A6    0000 0000 0005 4172 6D6F 7200 0000 0000  [      Armor     ]
700005AE    0000 0000 0000 0003 426F 7700 0000 0000  [        Bow     ]
700005B6    0000 0000 0000 0000 000D 436C 696D 6269  [          Climbi]
700005BE    6E67 2067 6561 7200 0000 0006 5368 6965  [ng gear     Shie]
700005C6    6C64 0000 0000 0000 0000 0000 0009 4372  [ld            Cr]
700005CE    6F73 7320 626F 7700 0000 0000 0000 0008  [oss bow         ]
700005D6    4361 7461 7075 6C74 0000 0000 0000 0000  [Catapult        ]
700005DE    000D 4261 7474 6572 696E 6720 7261 6D00  [  Battering ram ]
700005E6    0000 0006 4172 726F 7773 0000 0000 0000  [    Arrows      ]
700005EE    0000 0000 000D 506F 6973 6F6E 2061 7272  [      Poison arr]
700005F6    6F77 7300 0000 000F 4361 7374 6C65 2064  [ows     Castle d]
700005FE    6566 656E 6365 7300 000D 5465 7272 6974  [efences   Territ]
70000606    6F72 7920 6D61 7000 0000 0008 4261 636B  [ory map     Back]
7000060E    7061 636B 0000 0000 0000 0000 000A 5761  [pack          Wa]
70000616    7465 7220 736B 696E 0000 0000 0000 000C  [ter skin        ]
7000061E    466F 6F64 2072 6174 696F 6E73 0000 0000  [Food rations    ]
70000626    000D 4472 6167 6F6E 2073 6C61 7965 7200  [  Dragon slayer ]
7000062E    0000 000B 486F 6C79 2053 796D 626F 6C00  [    Holy Symbol ]
70000636    0000 0000 0005 466C 6173 6B00 0000 0000  [      Flask     ]
7000063E    0000 0000 0000 0006 416D 756C 6574 0000  [        Amulet  ]
70000646    0000 0000 0000 0000                      [                ]

# ----------------------------------------------------------------
# TREASURE_NAMES
# ----------------------------------------------------------------
7000064A    0006 7369 6C76 6572 0000 0000 0000 0000  [  silver        ]
70000652    0008 616D 6574 6879 7374 0000 0000 0000  [  amethyst      ]
7000065A    0005 746F 7061 7A00 0000 0000 0000 0000  [  topaz         ]
70000662    0004 676F 6C64 0000 0000 0000 0000 0000  [  gold          ]
7000066A    0008 7361 7068 6972 6573 0000 0000 0000  [  saphires      ]
70000672    0006 7275 6269 6573 0000 0000 0000 0000  [  rubies        ]
7000067A    0008 656D 6572 616C 6473 0000 0000 0000  [  emeralds      ]
70000682    0008 6469 616D 6F6E 6473 0000 0000 0000  [  diamonds      ]
7000068A    000E 6D61 6769 6320 6372 7973 7461 6C73  [  magic crystals]

# ----------------------------------------------------------------
# MAGIC_NAMES
# ----------------------------------------------------------------
70000692    0005 4372 6F77 6E00 0000 0000 0000 0000  [  Crown         ]
7000069A    0000 0007 5363 6570 7465 7200 0000 0000  [    Scepter     ]
700006A2    0000 0000 0008 476F 6C64 206F 7262 0000  [      Gold orb  ]
700006AA    0000 0000 0000 000A 4772 6561 7420 7365  [        Great se]
700006B2    616C 0000 0000 0000 000B 5369 676E 6574  [al        Signet]
700006BA    2072 696E 6700 0000 0000 000B 4D61 6769  [ ring       Magi]
700006C2    6320 626F 6F74 7300 0000 0000 000F 5472  [c boots       Tr]
700006CA    616E 7370 6F72 7465 7220 6B65 7900 000B  [ansporter key   ]
700006D2    4D61 6769 6320 636C 6F61 6B00 0000 0000  [Magic cloak     ]
700006DA    0009 5370 7920 676C 6173 7300 0000 0000  [  Spy glass     ]
700006E2    0000 000A 4D61 6769 6320 726F 7065 0000  [    Magic rope  ]
700006EA    0000 0000 000C 5468 6520 4F6E 6520 5269  [      The One Ri]
700006F2    6E67 0000 0000 000D 5465 6C65 706F 7274  [ng      Teleport]
700006FA    2072 696E 6700 0000 000C 4372 7973 7461  [ ring     Crysta]
70000702    6C20 6261 6C6C 0000 0000 000B 496E 7669  [l ball      Invi]
7000070A    732E 2072 696E 6700 0000 0000 000B 5374  [s. ring       St]
70000712    6166 6620 6F66 2052 6100 0000 0000 000D  [aff of Ra       ]
7000071A    5468 6F72 2773 2068 616D 6D65 7200 0000  [Thor's hammer   ]
70000722    0008 4361 6475 6365 7573 0000 0000 0000  [  Caduceus      ]
7000072A    0000 000E 5374 6166 6620 6F66 2044 6561  [    Staff of Dea]
70000732    7468 0000 000C 4368 2E20 312C 2045 6172  [th    Ch. 1, Ear]
7000073A    7468 0000 0000 000C 4368 2E20 322C 2045  [th      Ch. 2, E]
70000742    6172 7468 0000 0000 000C 4368 2E20 332C  [arth      Ch. 3,]
7000074A    2045 6172 7468 0000 0000 000B 4368 2E20  [ Earth      Ch. ]
70000752    342C 2057 696E 6400 0000 0000 000B 4368  [4, Wind       Ch]
7000075A    2E20 352C 2057 696E 6400 0000 0000 000B  [. 5, Wind       ]
70000762    4368 2E20 362C 2057 696E 6400 0000 0000  [Ch. 6, Wind     ]
7000076A    000B 4368 2E20 372C 2046 6972 6500 0000  [  Ch. 7, Fire   ]
70000772    0000 000B 4368 2E20 382C 2046 6972 6500  [    Ch. 8, Fire ]
7000077A    0000 0000 000B 4368 2E20 392C 2046 6972  [      Ch. 9, Fir]
70000782    6500 0000 0000 000D 4D61 7374 6572 2076  [e       Master v]
7000078A    6F6C 756D 6500 0000 000B 4D61 6769 6320  [olume     Magic ]
70000792    7377 6F72 6400 0000 0000 000E 5769 7A61  [sword       Wiza]
7000079A    7264 7320 7363 726F 6C6C 0000            [rds scroll      ]

# ----------------------------------------------------------------
# GWB_PTR
# ----------------------------------------------------------------
700007A0    0000 0000                                [                ]

# ----------------------------------------------------------------
# BARGAIN_TBL
# ----------------------------------------------------------------
700007A2    5C00 0002 4451 FE69 4000 0000            [\   DQ i@       ]

# ----------------------------------------------------------------
# DRAGON_ALLY
# ----------------------------------------------------------------
700007A8    0031 0032 001F 0000                      [ 1 2            ]

# ----------------------------------------------------------------
# NEAR_SPECIAL
# ----------------------------------------------------------------
700007AC    0000 0000 0000 0000 0000 0000 0000 0000  [                ]
700007B4    0000 0000 0000 0000 0000 0000 0000 0000  [                ]
700007BC    0000 0000 0000 0000 0000 0000 0000 0000  [                ]
700007C4    0000 0000 0000 0000 0000 0000            [                ]

# ----------------------------------------------------------------
# CAVES
# ----------------------------------------------------------------
700007CA    FFFF FFFE 0002 0003 0001 FFFF FFFF FFFF  [                ]
700007D2    0001 0002 0004 0001 FFFF 0001 0001 0002  [                ]
700007DA    0003 FFFF 0005 0001 FFFF 0006 FFFF FFFF  [                ]
700007E2    0002 0007 0008 0009 000A 0003 FFFE FFFF  [                ]
700007EA    0004 FFFF 0002 0006 0009 FFFF FFFF 0002  [                ]
700007F2    FFFF 0001 000A FFFF 0001 0003 000B FFFF  [                ]
700007FA    0009 0002 0004 FFFF 000C 0004 0002 FFFF  [                ]
70000802    FFFF FFFF 000D 0003 000E FFFF 000C FFFF  [                ]
7000080A    0004 0008 000D FFFF 000F 0005 0004 0005  [                ]
70000812    0006 0007 0004 FFFF FFFE 0002 000B 0001  [                ]
7000081A    FFFF FFFF 0003 FFFF 0001 FFFF FFFF 0004  [                ]
70000822    FFFF 0002 FFFF FFFF 0005 FFFF 0002 FFFF  [                ]
7000082A    FFFF 0006 0003 0003 FFFF FFFF 0007 FFFE  [                ]
70000832    0003 FFFF FFFF 0008 FFFF 0004 FFFF 000A  [                ]
7000083A    0009 FFFF 0004 000A FFFF FFFE 0008 0005  [                ]
70000842    0008 0009 000A 000A 0007 000C 000F 000C  [                ]
7000084A    000C 0001 000D 000E FFFF FFFF 0001 000E  [                ]
70000852    000C FFFF FFFF 0001 000C 000D 000F FFFF  [                ]
7000085A    0001 0001 0005 FFFF FFFF 0002 000F 0005  [                ]
70000862    0002 FFFE 0001 FFFF FFFF 0003 0001 0002  [                ]
7000086A    FFFF FFFF 0004 0002 0003 FFFF 0005 FFFF  [                ]
70000872    0003 0003 0004 0006 FFFF FFFF 0002 0005  [                ]
7000087A    0007 FFFF FFFF 0003 0006 0008 FFFE FFFE  [                ]
70000882    0002 0007 0009 FFFF FFFF 0003 0008 000A  [                ]
7000088A    FFFF FFFF 0004 0009 000B FFFF FFFF 0005  [                ]
70000892    000C 000A FFFF FFFF 0007 000D 000C 000C  [                ]
7000089A    000C 0005 000C 000D 000E 000E 0006 FFFE  [                ]
700008A2    FFFE FFFE FFFE 0002 FFFF 0001 FFFF FFFF  [                ]
700008AA    0002 000F 0006 FFFE 0002 0001 FFFF FFFF  [                ]
700008B2    0001 0003 0001 FFFF FFFF 0002 0004 0001  [                ]
700008BA    FFFF FFFF 0005 0005 0005 0007 0005 000D  [                ]
700008C2    000C 0005 0001 0007 0002 0001 0002 0008  [                ]
700008CA    0007 0006 0008 0003 0008 0007 0009 0009  [                ]
700008D2    0002 0008 000A 0009 0008 0003 000A 0009  [                ]
700008DA    000B 000B 0004 000C 000C 000B 000B 0004  [                ]
700008E2    000B 000B 000D 0005 0005 000E 000B 0005  [                ]
700008EA    000C 0007 FFFE FFFE FFFE FFFE 0005 FFFF  [                ]
700008F2    0001 FFFF FFFF 0002 0003 0006 FFFE 0002  [                ]
700008FA    0002 FFFF FFFF 0001 0003 0003 0001 0001  [                ]
70000902    0002 0004 0004 0005 0003 0001 FFFE 0004  [                ]
7000090A    0001 0004 0006 0002 0005 0002 0007 0006  [                ]
70000912    0003 0007 0008 FFFF 0006 FFFF 0005 0009  [                ]
7000091A    FFFF 0006 FFFF 0005 0001 FFFF FFFE 000A  [                ]
70000922    0005 000B 0009 0003 FFFF 0005 000C 000C  [                ]
7000092A    000D FFFF 0007 0001 0006 0005 0004 0005  [                ]
70000932    000E 000A FFFF FFFE 0005 FFFF 000D FFFE  [                ]
7000093A    000F 0005 0004 FFFD 0003 0008 0005 0000  [                ]

# ----------------------------------------------------------------
# CAVE_CONTENTS
# ----------------------------------------------------------------
70000942    0009 6769 616E 7420 7261 7400 0000 0000  [  giant rat     ]
7000094A    0000 0000 0000 0000 0000 0000 0000 0000  [                ]
70000952    000B 676F 6C64 206E 7567 6765 7400 0000  [  gold nugget   ]
7000095A    0000 0000 0000 0000 0000 0000 0000 0000  [                ]
70000962    0009 6361 7665 2062 6561 7200 0000 0000  [  cave bear     ]
7000096A    0000 0000 0000 0000 0000 0000 0000 0000  [                ]
70000972    0008 7261 7265 2067 656D 0000 0000 0000  [  rare gem      ]
7000097A    0000 0000 0000 0000 0000 0000 0000 0000  [                ]
70000982    000F 6769 616E 7420 7461 7261 6E74 756C  [  giant tarantul]
7000098A    6100 0000 0000 0000 0000 0000 0000 0000  [a               ]
70000992    000E 7472 6561 7375 7265 2063 6865 7374  [  treasure chest]
7000099A    0000 0000 0000 0000 0000 0000 0000 0000  [                ]
700009A2    000B 7661 6D70 6972 6520 6261 7400 0000  [  vampire bat   ]
700009AA    0000 0000 0000 0000 0000 0000 0000 0000  [                ]
700009B2    0011 626F 6F6B 206F 6620 6B6E 6F77 6C65  [  book of knowle]
700009BA    6467 6500 0000 0000 0000 0000 0000 0000  [dge             ]
700009C2    0012 6472 6167 6F6E 2069 6E20 6974 7320  [  dragon in its ]
700009CA    6C61 6972 0000 0000 0000 0000 0000 0000  [lair            ]
700009D2    001A 626F 6F6B 206F 6620 756E 6465 7465  [  book of undete]
700009DA    726D 696E 6564 2070 6F77 6572 0000 0000  [rmined power    ]
700009E2    0008 6761 7267 6F79 6C65 0000 0000 0000  [  gargoyle      ]
700009EA    0000 0000 0000 0000 0000 0000 0000 0000  [                ]
700009F2    0013 6472 6167 6F6E 2073 6C61 7965 7220  [  dragon slayer ]
700009FA    7377 6F72 6400 0000 0000 0000 0000 0000  [sword           ]
70000A02    000C 626C 6163 6B20 6465 616D 6F6E 0000  [  black deamon  ]
70000A0A    0000 0000 0000 0000 0000 0000 0000 0000  [                ]
70000A12    0006 616D 756C 6574 0000 0000 0000 0000  [  amulet        ]
70000A1A    0000 0000 0000 0000 0000 0000 0000 0000  [                ]

# ----------------------------------------------------------------
# CAVE_BEING
# ----------------------------------------------------------------
70000A22    AAA8 0000                                [                ]

# ----------------------------------------------------------------
# CAVE_BEING_STRENGTH
# ----------------------------------------------------------------
70000A24    0014 0000 0028 0000 003C 0000 005A 0000  [     (   <   Z  ]
70000A2C    015E 0000 01F4 0000 0320 0000            [ ^              ]

# ----------------------------------------------------------------
# CAVE_BEING_ESCAPE
# ----------------------------------------------------------------
70000A32    001E 0000 0014 0000 0028 0000 0032 0000  [         (   2  ]
70000A3A    0046 0000 004B 0000 003C 0000            [ F   K   <      ]

# ----------------------------------------------------------------
# CAVE_BEING_HIT_RATE
# ----------------------------------------------------------------
70000A40    0014 0000 0023 0000 002D 0000 001E 0000  [     #   -      ]
70000A48    0032 0000 0037 0000 0037 0000            [ 2   7   7      ]

# ----------------------------------------------------------------
# CAVE_STR
# ----------------------------------------------------------------
70000A4E    0000 0000 0000 0000 0000 0000 0000 0000  [                ]
70000A56    0000 0000 0000 0000 0000 0000 0000 0000  [                ]
70000A5E    0000 0000 0000 0000 0000 0000 0000 0000  [                ]
70000A66    0000 0000 0000 0000 0000 0000 0000 0000  [                ]
70000A6E    0000 0000 0000 0000 0000 0000 0000 0000  [                ]
70000A76    0000 0000                                [                ]

# ----------------------------------------------------------------
# OLD_CAVE_STR
# ----------------------------------------------------------------
70000A78    0000 0000 0000 0000 0000 0000 0000 0000  [                ]
70000A80    0000 0000 0000 0000 0000 0000 0000 0000  [                ]
70000A88    0000 0000 0000 0000 0000 0000 0000 0000  [                ]
70000A90    0000 0000 0000 0000 0000 0000 0000 0000  [                ]
70000A98    0000 0000 0000 0000 0000 0000 0000 0000  [                ]
70000AA0    0000 0000                                [                ]

# ----------------------------------------------------------------
# OLD_SCREEN_STR
# ----------------------------------------------------------------
70000AA2    0000 0000 0000 0000 0000 0000 0000 0000  [                ]
70000AAA    0000 0000 0000 0000 0000 0000 0000 0000  [                ]
*
*
70000C12    0000 0000 0000 0000 0000 0000 0000 0000  [                ]
70000C1A    0000 0000 0000 0000                      [                ]

# ----------------------------------------------------------------
# OLD_NAME
# ----------------------------------------------------------------
70000C1E    0000 0000 0000 0000 0000 0000 0000 0000  [                ]
70000C26    0000 0000 0000 0000 0000 0000 0000 0000  [                ]
70000C2E    0000 0000 0000 0000 0000 0000            [                ]

# ----------------------------------------------------------------
# LAND_MASS_STR
# ----------------------------------------------------------------
70000C34    0000 0000 0000 0000 0000 0000 0000 0000  [                ]
70000C3C    0000 0000 0000 0000 0000 0000 0000 0000  [                ]

# ----------------------------------------------------------------
# OLD_LAND_MASS_STR
# ----------------------------------------------------------------
70000C44    0000 0000 0000 0000 0000 0000 0000 0000  [                ]
70000C4C    0000 0000 0000 0000 0000 0000 0000 0000  [                ]

# ----------------------------------------------------------------
# OLD_CITY_NUM
# ----------------------------------------------------------------
70000C54    0000 0000                                [                ]

# ----------------------------------------------------------------
# FOG
# ----------------------------------------------------------------
70000C56    0000 0000 0000 0000 0000 0000 0000 0000  [                ]

# ----------------------------------------------------------------
# OLD_FOG
# ----------------------------------------------------------------
70000C5E    0000 0000 0000 0000 0000 0000 0000 0000  [                ]

# ----------------------------------------------------------------
# OLD_LINE
# ----------------------------------------------------------------
70000C66    FFFF 0000                                [                ]

# ----------------------------------------------------------------
# HOLY_COLOR
# ----------------------------------------------------------------
70000C68    0000 0000                                [                ]

# ----------------------------------------------------------------
# DISPLAY_COLOR
# ----------------------------------------------------------------
70000C6A    0000 0000                                [                ]

# ----------------------------------------------------------------
# LAST_DISPLAY_COLOR
# ----------------------------------------------------------------
70000C6C    0000 0000                                [                ]

# ----------------------------------------------------------------
# DIRECTION_MOVED
# ----------------------------------------------------------------
70000C6E    0000 0000                                [                ]

# ----------------------------------------------------------------
# N
# ----------------------------------------------------------------
70000C70    0000 0000                                [                ]

# ----------------------------------------------------------------
# FIRST_TIME
# ----------------------------------------------------------------
70000C72    8000 0000                                [                ]

# ----------------------------------------------------------------
# LAST_CAMOUFLAGE
# ----------------------------------------------------------------
70000C74    0000 0000                                [                ]

# ----------------------------------------------------------------
# ?SCOPE
# ----------------------------------------------------------------
70000C76    0000 0000 0000 0000                      [                ]

# ----------------------------------------------------------------
# ?SCOPE_DEFN_ADDR
# ----------------------------------------------------------------
70000C7A    0000 0000                                [                ]

# ----------------------------------------------------------------
# ?SCOPE_INFO_PTRS_ADDR
# ----------------------------------------------------------------
70000C7C    0000 0000                                [                ]

# ----------------------------------------------------------------
# TREASURE_STR
# ----------------------------------------------------------------
70000C7E    0E53 490F 0E41 4D0F 0E54 4F0F 0E47 4F0F  [ SI  AM  TO  GO ]
70000C86    0E53 410F 0E52 550F 0E45 4D0F 0E44 490F  [ SA  RU  EM  DI ]
70000C8E    0E43 520F                                [ CR             ]

# ----------------------------------------------------------------
# MAGIC_STR
# ----------------------------------------------------------------
70000C90    0E43 720F 0E53 630F 0E4F 720F 0E53 650F  [ Cr  Sc  Or  Se ]
70000C98    0E52 690F 0E42 6F0F 0E54 6B0F 0E43 6C0F  [ Ri  Bo  Tk  Cl ]
70000CA0    0E53 670F 0E4D 720F 0E4F 6E0F 0E54 720F  [ Sg  Mr  On  Tr ]
70000CA8    0E43 620F 0E49 720F 0E53 720F 0E54 680F  [ Cb  Ir  Sr  Th ]
70000CB0    0E43 610F 0E53 640F 0E42 6B0F 0E42 6B0F  [ Ca  Sd  Bk  Bk ]
70000CB8    0E42 6B0F 0E42 6B0F 0E42 6B0F 0E42 6B0F  [ Bk  Bk  Bk  Bk ]
70000CC0    0E42 6B0F 0E42 6B0F 0E42 6B0F 0E4D 760F  [ Bk  Bk  Bk  Mv ]
70000CC8    0E4D 730F 0E57 730F                      [ Ms  Ws         ]

# ----------------------------------------------------------------
# INITIALS
# ----------------------------------------------------------------
70000CCC    0000                                     [                ]

# ----------------------------------------------------------------
# EMSG
# ----------------------------------------------------------------
70000CCD    556E 6578 7065 6374 6564 2065 7272 6F72  [Unexpected error]
70000CD5    003E 003F 0000 0000 0000 0000 0000 0000  [ > ?            ]
70000CDD    0000 0000 0000 0000 0000 0000 0000 0000  [                ]
70000CE5    0000 0000 0000 0000 0000 0000 0000 0000  [                ]
*
*
70000D95    0000 0000 0000 0000 0000 0000 0000 0000  [                ]
70000D9D    0009 6261 7420 7769 6E67 7300 0000 0000  [  bat wings     ]
70000DA5    0000 0000 0000 0013 7465 6172 206F 6620  [        tear of ]
70000DAD    6120 736F 7263 6572 6573 7300 0010 7265  [a sorceress   re]
70000DB5    6420 6472 6167 6F6E 2074 6565 7468 0000  [d dragon teeth  ]
70000DBD    0000 0010 626C 6F6F 6420 6F66 2061 2064  [    blood of a d]
70000DC5    656D 6F6E 0000 0000 0014 6772 6966 666F  [emon      griffo]
70000DCD    6E20 7461 696C 2066 6561 7468 6572 0010  [n tail feather  ]
70000DD5    6579 6520 6F66 2061 2063 7963 6C6F 7073  [eye of a cyclops]
70000DDD    0000 0000 2D2D 2D2D 2D2D 2D2D 2D2D 2D2D  [    ------------]
70000DE5    2D2D 2D2D 2D2D 2D2D 2D2D 2D2D 2D2D 2D2D  [----------------]
70000DED    2D2D 2D2D 2D2D 2D2D 2D2D 2D2D 2D2D 2D2D  [----------------]
70000DF5    2D2D 2D2D 2D2D 2D2D 2D2D 2D2D 2D2D 2D2D  [----------------]
70000DFD    2D2D 2D2D 2D2D 2D2D 2D2D 2D2D 2D2D 2D2D  [----------------]
70000E05    2D2D 2D2D 5F5F 5F5F 5F5F 5F5F 5F5F 5F5F  [----____________]
70000E0D    5F5F 5F5F 5F5F 5F5F 5F5F 5F5F 5F5F 5F5F  [________________]
70000E15    5F5F 5F5F 5F5F 5F5F 5F5F 5F5F 5F5F 5F5F  [________________]
70000E1D    5F5F 5F5F 5F5F 5F5F 5F5F 5F5F 5F5F 5F5F  [________________]
70000E25    5F5F 5F5F 5F5F 5F5F 5F5F 5F5F 5F5F 5F5F  [________________]
70000E2D    5F5F 5F5F 2D2D 2D2D 2D2D 2D2D 2D2D 2D2D  [____------------]
70000E35    2D2D 2D2D 2D2D 2D2D 2D2D 2D2D 2D2D 2D2D  [----------------]
70000E3D    2D2D 2D2D 2D2D 2D2D 2D2D 2D2D 2D2D 2D2D  [----------------]
70000E45    2D2D 2D2D 2D2D 2D2D 2D2D 2D2D 2D2D 2D2D  [----------------]
70000E4D    2D2D 2D2D 2D2D 2D2D 2D2D 2D2D 2D2D 2D2D  [----------------]
70000E55    2D2D 2D2D 4142 4344 4546 4748 494A 4B4C  [----ABCDEFGHIJKL]
70000E5D    4D4E 4F50 5152 5354 5556 5758 595A 6162  [MNOPQRSTUVWXYZab]
70000E65    6364 6566 6768 696A 6B6C 6D6E 6F70 7172  [cdefghijklmnopqr]
70000E6D    7374 7576 7778 797A 3132 3334 3536 3738  [stuvwxyz12345678]
70000E75    3930 0000 802C 0000 0000 0000 0000 0000  [90   ,          ]
70000E7D    0000 0000 0000 0000 0000 0000 0000 0000  [                ]
70000E85    0000 0000 0000 0000 0000 0000 0000 0000  [                ]
*
*
70000F45    0000 0000 0000 0000 0000 0000 0000 0000  [                ]
70000F4D    0000 0000 0000 0000 0000 0000 000A 5A45  [              ZE]
70000F55    524F 4449 5649 4445 0000 0000 0009 554E  [RODIVIDE      UN]
70000F5D    4445 5246 4C4F 5700 0000 0000 0008 4F56  [DERFLOW       OV]
70000F65    4552 464C 4F57 0000 0000 0000 000D 4649  [ERFLOW        FI]
70000F6D    5845 444F 5645 5246 4C4F 5700 0005 4552  [XEDOVERFLOW   ER]
70000F75    524F 5200 0000 0000 0000 0000 0009 3C75  [ROR           <u]
70000F7D    6E6B 6E6F 776E 3E00 0000 0000 0007 454E  [nknown>       EN]
70000F85    4446 494C 4500 0000 0000 0000 0007 454E  [DFILE         EN]
70000F8D    4450 4147 4500 0000 0000 0000 0003 4B45  [DPAGE         KE]
70000F95    5900 0000 0000 0000 0000 0000 000D 554E  [Y             UN]
70000F9D    4445 4649 4E45 4446 494C 4500 0004 4C4F  [DEFINEDFILE   LO]
70000FA5    434B 0000 0000 0000 0000 0000 0008 5359  [CK            SY]
70000FAD    5345 5252 4F52 0000 0000 0000 0007 4442  [SERROR        DB]
70000FB5    4552 524F 5200 0000 0000 0000 0008 4442  [ERROR         DB]
70000FBD    454E 4453 4554 0000 0000 0000 0005 4442  [ENDSET        DB]
70000FC5    4B45 5900 0000 0000 0000 0000 0A00 0000  [KEY             ]
70000FCD    FFFF FFFF 0A00 0000 404F 5554 5055 5400  [        @OUTPUT ]
70000FD5    00FF 0000 0000 0000 0000 FFFF FFFF FFFF  [                ]
70000FDD    0000 FFFF 0000 0000 0000 0000 0000 0000  [                ]
70000FE5    FFFF FFFF 0000 0000 0000 0000 0000 0000  [                ]
70000FED    0000 0000 0000 0000 0000 0000 0000 0000  [                ]
70000FF5    0000 0000 0000 0000 0000 0000 0000 0000  [                ]
70000FFD    0000 0000 0000 0000 0000 0000 0000 0000  [                ]
70001005    0000 0000 434F 5059 5249 4748 5420 2843  [    COPYRIGHT (C]
7000100D    2920 4441 5441 2047 454E 4552 414C 2043  [) DATA GENERAL C]
70001015    4F52 504F 5241 5449 4F4E 2031 3938 302C  [ORPORATION 1980,]
7000101D    3139 3831 2C31 3938 322C 3139 3833 0000  [1981,1982,1983  ]
70001025    414C 4C20 5249 4748 5453 2052 4553 4552  [ALL RIGHTS RESER]
7000102D    5645 4400 4C49 4345 4E53 4544 204D 4154  [VED LICENSED MAT]
70001035    4552 4941 4C2D 5052 4F50 4552 5459 204F  [ERIAL-PROPERTY O]
7000103D    4620 4441 5441 2047 454E 4552 414C 2043  [F DATA GENERAL C]
70001045    4F52 504F 5241 5449 4F4E 0000            [ORPORATION      ]

# ----------------------------------------------------------------
# ?NMAX
# ----------------------------------------------------------------
7000104B    0000 0000 0000 0000 0000 0000 0000 0000  [                ]
70001053    0000 0000 0000 0000 0000 0000 0000 0000  [                ]
*
*
700017F3    0000 0000 0000 0000 0000 0000 0000 0000  [                ]
700017FB    0000 0000 0000 0000 0000                 [                ]

memory_data: 0x70017C00 0x70000100

disassemble: 0x7017D99B 0x7017DA6C
# ----------------------------------------------------------------
# ?CHAR_TO_UNSIGNED
# ----------------------------------------------------------------
7017d99b WSAVS 0x0007;
7017d99d XNLDA 0,[ac3+0x7FF7];
7017d99f WSGTI 0,1 (0x0001);
7017d9a1 WBR 14 (0x7017D9AF);
7017d9a2 XNLDA 0,@[ac3+0xFFF2];
7017d9a4 NLDAI 16 (0x0010),1;
7017d9a6 WSGE 0,1;
7017d9a7 WMOV 0,1;
7017d9a8 NLDAI 2 (0x0002),0;
7017d9aa WSGE 0,1;
7017d9ab WMOV 1,0;
7017d9ac XNSTA 0,[ac3+0x4];
7017d9ae WBR 5 (0x7017D9B3);
7017d9af NLDAI 10 (0x000A),0;
7017d9b1 XNSTA 0,[ac3+0x4];
7017d9b3 XNLDA 0,@[ac3+0xFFF4];
7017d9b5 XNSTA 0,[ac3+0x7];
7017d9b7 LLEF 0,[0x7015BCCB];
7017d9ba XNLDA 1,@[ac3+0xFFF4];
7017d9bc XWLDA 2,[ac3+0x7FF4];
7017d9be XLEFB 3,[ac2+0x2];
7017d9c0 WINC 1,2;
7017d9c1 WCST;
7017d9c2 WSNE 1,1;
7017d9c3 WMOV 2,1;
7017d9c4 WSUB 1,2;
7017d9c5 LDAFP 3;
7017d9c6 CVWN 2;
7017d9c7 XNSTA 2,[ac3+0x5];
7017d9c9 WSUB 0,0;
7017d9ca XWSTA 0,[ac3+0x2];
7017d9cc XNSTA 0,[ac3+0xA];
7017d9ce XNLDA 0,[ac3+0x5];
7017d9d0 XNLDA 1,[ac3+0x7];
7017d9d2 WSLE 0,1;
7017d9d3 WBR 85 (0x7017DA28);
7017d9d4 XNLDA 1,[ac3+0xA];
7017d9d6 WCOM 1,1;
7017d9d7 MOV.L# 1,1,SNC;
7017d9d8 WBR 80 (0x7017DA28);
7017d9d9 XWLDA 2,[ac3+0x7FF4];
7017d9db XLEFB 1,[ac2+0x1];
7017d9dd WADD 0,1;
7017d9de WLDB 1,0;
7017d9df XSTB 0,[ac3+0x16];
7017d9e1 XNADI 1,[ac3+0x5];
7017d9e3 WSNEI 0,32 (0x0020);
7017d9e5 WBR 87 (0x7017DA3C);
7017d9e6 XLEFB 0,[pc+0xFF50] (0x7017D98F:0);
7017d9e8 NLDAI 22 (0x0016),1;
7017d9ea WPSH 0,1;
7017d9eb XLEFB 0,[ac3+0x16];
7017d9ed NLDAI 1 (0x0001),1;
7017d9ef WPSH 0,1;
7017d9f0 LCALL [0x7017E5F4],4; # C.INDEX
7017d9f4 WSUB 1,0;
7017d9f5 CVWN 0;
7017d9f6 XNSTA 0,[ac3+0x6];
7017d9f8 WSGTI 0,15 (0x000F);
7017d9fa WBR 5 (0x7017D9FF);
7017d9fb NADDI 0,65530 (0xFFFA);
7017d9fd XNSTA 0,[ac3+0x6];
7017d9ff XNLDA 0,[ac3+0x6];
7017da01 MOV.L# 0,0,SZC;
7017da02 WBR 5 (0x7017DA07);
7017da03 XNLDA 2,[ac3+0x4];
7017da05 WSGE 0,2;
7017da06 WBR 16 (0x7017DA16);
7017da07 WLDAI 2,0x00011611;
7017da0a XWSTA 2,[ac3+0xC];
7017da0c XPEF [ac3+0xC];
7017da0e LCALL [0x7017E33A],1; # ?LIB_ERROR
7017da12 WSUB 0,0;
7017da13 XWSTA 0,[ac3+0x7FF8];
7017da15 WRTN;
7017da16 XWSTA 2,[ac3+0xC];
7017da18 XPEF [ac3+0xA];
7017da1a XPEF [ac3+0xC];
7017da1c XPEF [ac3+0x2];
7017da1e LCALL [0x7017DB1B],3; # ?UMUL32
7017da22 XNLDA 2,[ac3+0x6];
7017da24 WADD 2,0;
7017da25 XWSTA 0,[ac3+0x2];
7017da27 WBR -89 (0x7017D9CE);
7017da28 XNLDA 0,[ac3+0xA];
7017da2a MOV.L# 0,0,SNC;
7017da2b WBR 12 (0x7017DA37);
7017da2c WLDAI 0,0x00011606;
7017da2f XWSTA 0,[ac3+0xC];
7017da31 XPEF [ac3+0xC];
7017da33 LCALL [0x7017E33A],1; # ?LIB_ERROR
7017da37 XWLDA 0,[ac3+0x2];
7017da39 XWSTA 0,[ac3+0x7FF8];
7017da3b WRTN;
7017da3c XNLDA 0,@[ac3+0xFFF4];
7017da3e WINC 0,0;
7017da3f XNLDA 1,[ac3+0x5];
7017da41 WSUB 1,0;
7017da42 XWLDA 2,[ac3+0x7FF4];
7017da44 XLEFB 1,[ac2+0x1];
7017da46 XNLDA 2,[ac3+0x5];
7017da48 WADD 1,2;
7017da49 XWSTA 0,[ac3+0xC];
7017da4b LLEF 0,[0x7015BCCB];
7017da4e XWLDA 1,[ac3+0xC];
7017da50 WMOV 2,3;
7017da51 WINC 1,2;
7017da52 WCST;
7017da53 WSNE 1,1;
7017da54 WMOV 2,1;
7017da55 WSUB 1,2;
7017da56 LDAFP 3;
7017da57 CVWN 2;
7017da58 XNSTA 2,[ac3+0x5];
7017da5a MOV.# 2,2,SNR;
7017da5b WBR 12 (0x7017DA67);
7017da5c WLDAI 0,0x00011611;
7017da5f XWSTA 0,[ac3+0xC];
7017da61 XPEF [ac3+0xC];
7017da63 LCALL [0x7017E33A],1; # ?LIB_ERROR
7017da67 XWLDA 0,[ac3+0x2];
7017da69 XWSTA 0,[ac3+0x7FF8];
7017da6b WRTN;

memory_data: 0x7017DA6C 0x7017DA75
7017DA6C    0000 3031 3233 3435 3637 3839 4142 4344  [  0123456789ABCD]
7017DA74    4546                                     [EF              ]

disassemble: 0x7017DA75 0x7017DB1A
# ----------------------------------------------------------------
# ?UNSIGNED_TO_CHAR
# ----------------------------------------------------------------
7017da75 WSAVS 0x0019;
7017da77 XNLDA 0,[ac3+0x7FF7];
7017da79 XNSTA 0,[ac3+0x2];
7017da7b WSGTI 0,2 (0x0002);
7017da7d WBR 18 (0x7017DA8F);
7017da7e XNLDA 1,@[ac3+0xFFF0];
7017da80 XNSTA 1,[ac3+0x3];
7017da82 XNLDA 1,@[ac3+0xFFF2];
7017da84 NLDAI 16 (0x0010),2;
7017da86 WSGE 1,2;
7017da87 WMOV 1,2;
7017da88 NLDAI 2 (0x0002),1;
7017da8a WSGE 1,2;
7017da8b WMOV 2,1;
7017da8c XNSTA 1,[ac3+0x4];
7017da8e WBR 24 (0x7017DAA6);
7017da8f WSEQI 0,2 (0x0002);
7017da91 WBR 14 (0x7017DA9F);
7017da92 XNLDA 0,@[ac3+0xFFF2];
7017da94 NLDAI 16 (0x0010),1;
7017da96 WSGE 0,1;
7017da97 WMOV 0,1;
7017da98 NLDAI 2 (0x0002),0;
7017da9a WSGE 0,1;
7017da9b WMOV 1,0;
7017da9c XNSTA 0,[ac3+0x4];
7017da9e WBR 5 (0x7017DAA3);
7017da9f NLDAI 10 (0x000A),0;
7017daa1 XNSTA 0,[ac3+0x4];
7017daa3 WSUB 0,0;
7017daa4 XNSTA 0,[ac3+0x3];
7017daa6 XNLDA 0,[ac3+0x3];
7017daa8 ADD.O# 0,0,SEZ;
7017daa9 WBR 6 (0x7017DAAF);
7017daaa NLDAI 32 (0x0020),1;
7017daac XNSTA 1,[ac3+0x5];
7017daae WBR 7 (0x7017DAB5);
7017daaf NLDAI 32 (0x0020),1;
7017dab1 WSGE 0,1;
7017dab2 WMOV 0,1;
7017dab3 XNSTA 1,[ac3+0x5];
7017dab5 XWLDA 0,@[ac3+0xFFF4];
7017dab7 XWSTA 0,[ac3+0x8];
7017dab9 NLDAI 32 (0x0020),0;
7017dabb XNSTA 0,[ac3+0x6];
7017dabd XNLDA 1,[ac3+0x5];
7017dabf XNSTA 1,[ac3+0x1E];
7017dac1 NLDAI 1 (0x0001),2;
7017dac3 XNSTA 2,[ac3+0x7];
7017dac5 WMOV 2,0;
7017dac6 WSLE 0,1;
7017dac7 WBR 49 (0x7017DAF8);
7017dac8 WBR 6 (0x7017DACE);
7017dac9 XNLDA 0,[ac3+0x1E];
7017dacb XNDO 0,44,[ac3+0x7];
7017dace XNLDA 1,[ac3+0x4];
7017dad0 XWSTA 1,[ac3+0x20];
7017dad2 XPEF [ac3+0xC];
7017dad4 XPEF [ac3+0x20];
7017dad6 XPEF [ac3+0x8];
7017dad8 LCALL [0x7017DB3E],3; # ?UDIV32
7017dadc XWSTA 0,[ac3+0xA];
7017dade XWLDA 0,[ac3+0xC];
7017dae0 CVWN 0;
7017dae1 WINC 0,0;
7017dae2 XLEFB 1,[pc+0xFF13] (0x7017DA6C:1);
7017dae4 WADD 1,0;
7017dae5 XLEFB 1,[ac3+0x1B];
7017dae7 XNLDA 2,[ac3+0x6];
7017dae9 WADD 1,2;
7017daea WLDB 0,1;
7017daeb WSTB 2,1;
7017daec XWLDA 0,[ac3+0xA];
7017daee XWSTA 0,[ac3+0x8];
7017daf0 XNSBI 1,[ac3+0x6];
7017daf2 WSEQ 0,0;
7017daf3 WBR -42 (0x7017DAC9);
7017daf4 XNLDA 0,[ac3+0x3];
7017daf6 ADD.O# 0,0,SEZ;
7017daf7 WBR -46 (0x7017DAC9);
7017daf8 XNLDA 0,[ac3+0x6];
7017dafa WINC 0,0;
7017dafb NLDAI 33 (0x0021),1;
7017dafd WSUB 0,1;
7017dafe XLEFB 2,[ac3+0x1B];
7017db00 WADD 2,0;
7017db01 XWSTA 0,[ac3+0x20];
7017db03 NLDAI 32 (0x0020),0;
7017db05 WSGE 1,0;
7017db06 WMOV 1,0;
7017db07 XNSTA 0,[ac3+0x22];
7017db09 XLEFB 2,[ac3+0x46];
7017db0b XWLDA 3,[ac3+0x20];
7017db0d WCMV;
7017db0e LDAFP 3;
7017db0f XNLDA 0,[ac3+0x22];
7017db11 WADI 2,0;
7017db12 WMOV 0,1;
7017db13 XWLDA 2,[ac3+0x7FFC];
7017db15 WLSI 1,2;
7017db16 XLEFB 3,[ac3+0x44];
7017db18 WCMV;
7017db19 WRTN;

memory_data: 0x7017DB1A 0x7017DB1B
7017DB1A    0000                                     [                ]

disassemble: 0x7017DB1B 0x7017DB3C
# ----------------------------------------------------------------
# ?UMUL32
# ----------------------------------------------------------------
7017db1b WSAVS 0x0004;
7017db1d LFLDS 2,[pc+0x1E] (0x7017DB3C);
7017db20 XWLDA 0,@[ac3+0xFFF2];
7017db22 WFLAD 0,1;
7017db23 FSGE;
7017db24 FAD 2,1;
7017db25 XWLDA 0,@[ac3+0xFFF4];
7017db27 WFLAD 0,0;
7017db28 FSGE;
7017db29 FAD 2,0;
7017db2a FMD 1,0;
7017db2b FSD 0,2;
7017db2c FSGT;
7017db2d SUB.ZR 0,0,SKP;
7017db2e SUB 0,0;
7017db2f XNSTA 0,@[ac3+0xFFF0];
7017db31 NLDAI 18944 (0x4A00),0;
7017db33 FSCAL 0;
7017db34 LFSTD 0,[ac3+0x3];
7017db37 XWLDA 0,[ac3+0x4];
7017db39 XWSTA 0,[ac3+0x7FF8];
7017db3b WRTN;

memory_data: 0x7017DB3C 0x7017DB3E
7017DB3C    4910 0000                                [I               ]

disassemble: 0x7017DB3E 0x7017DB62
# ----------------------------------------------------------------
# ?UDIV32
# ----------------------------------------------------------------
7017db3e WSAVS 0x0000;
7017db40 XWLDA 1,@[ac3+0xFFF4];
7017db42 XWLDA 2,@[ac3+0xFFF2];
7017db44 WSUB 0,0;
7017db45 WDIVS;
7017db46 XWSTA 1,[ac3+0x7FF8];
7017db48 XWSTA 0,@[ac3+0xFFF0];
7017db4a WRTN;
# ----------------------------------------------------------------
# ?AWAIT_CONSOLE_INTERRUPT
# ----------------------------------------------------------------
7017db4b WSAVS 0x0001;
7017db4d WSUB 0,0;
7017db4e XWSTA 0,[ac3+0x2];
7017db50 WSUB 1,1;
7017db51 WSUB 2,2;
7017db52 SYSCALL 016
7017db55 ADC 1,1,SKP;
7017db56 WSUB 1,1;
7017db57 XWSTA 0,[ac3+0x2];
7017db59 MOV.L# 1,1,SNC;
7017db5a WRTN;
7017db5b XPEF [ac3+0x2];
7017db5d LCALL [0x7017E33A],1; # ?LIB_ERROR
7017db61 WRTN;

memory_data: 0x7017DB62 0x7017DB63
7017DB62    0000                                     [                ]

disassemble: 0x7017DB63 0x7017DB9A
# ----------------------------------------------------------------
# ?CLOSE_FILE
# ----------------------------------------------------------------
7017db63 WSAVS 0x000D;
7017db65 WSUB 0,0;
7017db66 XWSTA 0,[ac3+0x12];
7017db68 XWSTA 0,[ac3+0x14];
7017db6a XLEF 2,[ac3+0x2];
7017db6c XWSTA 2,[ac3+0x16];
7017db6e XWSTA 2,[ac3+0x18];
7017db70 NLDAI 16 (0x0010),1;
7017db72 XWSTA 1,[ac3+0x1A];
7017db74 XPEF [ac3+0x1A];
7017db76 XPEF [ac3+0x18];
7017db78 LCALL [0x7017E31C],2; # ?FILL_WORDS
7017db7c XNLDA 0,@[ac3+0xFFF4];
7017db7e XNSTA 0,[ac3+0x2];
7017db80 XWLDA 0,[ac3+0x12];
7017db82 XWLDA 1,[ac3+0x14];
7017db84 SYSCALL 0301
7017db87 MOV.O 3,3,SKP;
7017db88 MOV.Z 3,3;
7017db89 LDAFP 3;
7017db8a XWSTA 2,[ac3+0x16];
7017db8c XWSTA 1,[ac3+0x14];
7017db8e XWSTA 0,[ac3+0x12];
7017db90 MOV.R 0,0;
7017db91 MOV.L# 0,0,SNC;
7017db92 WRTN;
7017db93 XPEF [ac3+0x12];
7017db95 LCALL [0x7017E33A],1; # ?LIB_ERROR
7017db99 WRTN;

memory_data: 0x7017DB9A 0x7017DB9B
7017DB9A    0000                                     [                ]

disassemble: 0x7017DB9B 0x7017DC3E
# ----------------------------------------------------------------
# ?CONNECT
# ----------------------------------------------------------------
7017db9b WSAVS 0x0001;
7017db9d XNLDA 0,@[ac3+0xFFF4];
7017db9f XWSTA 0,[ac3+0x2];
7017dba1 WSUB 1,1;
7017dba2 WSUB 2,2;
7017dba3 SYSCALL 0167
7017dba6 ADC 1,1,SKP;
7017dba7 WSUB 1,1;
7017dba8 XWSTA 0,[ac3+0x2];
7017dbaa MOV.L# 1,1,SNC;
7017dbab WRTN;
7017dbac XPEF [ac3+0x2];
7017dbae LCALL [0x7017E33A],1; # ?LIB_ERROR
7017dbb2 WRTN;
# ----------------------------------------------------------------
# ?CREATE_TASK
# ----------------------------------------------------------------
7017dbb3 WSAVS 0x0006;
7017dbb5 XWLDA 2,[ac3+0x7FF4];
7017dbb7 XWLDA 0,[ac2+0x2];
7017dbb9 WSNE 0,0;
7017dbba WBR 13 (0x7017DBC7);
7017dbbb WLDAI 0,0x00011839;
7017dbbe XWSTA 0,[ac3+0xC];
7017dbc0 XPEF [ac3+0xC];
7017dbc2 LCALL [0x7017E33A],1; # ?LIB_ERROR
7017dbc6 WRTN;
7017dbc7 XWLDA 0,@[ac3+0xFFF2];
7017dbc9 LWADD 0,[0x7017EA78];
7017dbcc NLDAI 3 (0x0003),1;
7017dbce LJSR [0x7017E866]; # I.ALLOC
7017dbd1 XWSTA 0,[ac3+0xA];
7017dbd3 XNLDA 0,[ac3+0x7FF7];
7017dbd5 XNSTA 0,[ac3+0x6];
7017dbd7 WSGTI 0,4 (0x0004);
7017dbd9 WBR 6 (0x7017DBDF);
7017dbda XWLDA 0,@[ac3+0xFFEC];
7017dbdc XWSTA 0,@[ac3+0x800A];
7017dbde WBR 4 (0x7017DBE2);
7017dbdf WSUB 0,0;
7017dbe0 XWSTA 0,@[ac3+0x800A];
7017dbe2 XNLDA 0,[ac3+0x6];
7017dbe4 WSGTI 0,3 (0x0003);
7017dbe6 WBR 6 (0x7017DBEC);
7017dbe7 XNLDA 2,@[ac3+0xFFEE];
7017dbe9 XNSTA 2,[ac3+0x3];
7017dbeb WBR 4 (0x7017DBEF);
7017dbec WSUB 2,2;
7017dbed XNSTA 2,[ac3+0x3];
7017dbef WSGTI 0,2 (0x0002);
7017dbf1 WBR 6 (0x7017DBF7);
7017dbf2 XNLDA 0,@[ac3+0xFFF0];
7017dbf4 XNSTA 0,[ac3+0x2];
7017dbf6 WBR 4 (0x7017DBFA);
7017dbf7 WSUB 0,0;
7017dbf8 XNSTA 0,[ac3+0x2];
7017dbfa NLDAI 22 (0x0016),0;
7017dbfc LJSR [0x7017E866]; # I.ALLOC
7017dbff XWSTA 0,[ac3+0x4];
7017dc01 WMOV 0,2;
7017dc02 XNLDA 0,[ac3+0x3];
7017dc04 XNSTA 0,[ac2+0x4];
7017dc06 XNLDA 0,[ac3+0x2];
7017dc08 XNSTA 0,[ac2+0x5];
7017dc0a XWLDA 2,[ac3+0x7FF4];
7017dc0c XWLDA 3,[ac3+0x4];
7017dc0e XWSTA 2,[ac3+0x8];
7017dc10 LDAFP 2;
7017dc11 XWLDA 0,[ac2+0xA];
7017dc13 XWSTA 0,[ac3+0xA];
7017dc15 XWLDA 0,@[ac2+0xFFF2];
7017dc17 LWADD 0,[0x7017EA78];
7017dc1a XWSTA 0,[ac3+0xD];
7017dc1c WADC 0,0;
7017dc1d XNSTA 0,[ac3+0xC];
7017dc1f WSUB 0,0;
7017dc20 XNSTA 0,[ac3+0xF];
7017dc22 XNSTA 0,[ac3+0x10];
7017dc24 NLDAI 1 (0x0001),0;
7017dc26 XNSTA 0,[ac3+0x11];
7017dc28 XPEF [ac2+0x8];
7017dc2a XPEF [ac2+0x4];
7017dc2c LCALL [0x7017E1DC],2; # MT?TASK
7017dc30 MOV.L# 0,0,SNC;
7017dc31 WBR 7 (0x7017DC38);
7017dc32 XPEF [ac3+0x8];
7017dc34 LCALL [0x7017E33A],1; # ?LIB_ERROR
7017dc38 XWLDA 0,[ac3+0x4];
7017dc3a LJSR [0x7017E949]; # I.FREEW
7017dc3d WRTN;

memory_data: 0x7017DC3E 0x7017DC3F
7017DC3E    0000                                     [                ]

disassemble: 0x7017DC3F 0x7017DC4E
# ----------------------------------------------------------------
# MT?LOCK
# ----------------------------------------------------------------
7017dc3f WSAVS 0x0002;
7017dc41 XLEF 2,[ac3+0x2];
7017dc43 XWSTA 2,[ac3+0x4];
7017dc45 XPEF [ac3+0x4];
7017dc47 XPEF @[ac3+0xFFF4];
7017dc49 LCALL [0x7017E095],2; # ?RECEIVE_TASK_MESSAGE
7017dc4d WRTN;

memory_data: 0x7017DC4E 0x7017DC4F
7017DC4E    0000                                     [                ]

disassemble: 0x7017DC4F 0x7017DC62
# ----------------------------------------------------------------
# MT?UNLOCK
# ----------------------------------------------------------------
7017dc4f WSAVS 0x0002;
7017dc51 NLDAI 1 (0x0001),0;
7017dc53 XWSTA 0,[ac3+0x2];
7017dc55 XLEF 2,[ac3+0x2];
7017dc57 XWSTA 2,[ac3+0x4];
7017dc59 XPEF [ac3+0x4];
7017dc5b XPEF @[ac3+0xFFF4];
7017dc5d LCALL [0x7017E0BB],2; # ?SEND_TASK_MESSAGE
7017dc61 WRTN;

memory_data: 0x7017DC62 0x7017DC63
7017DC62    0000                                     [                ]

disassemble: 0x7017DC63 0x7017DE24
# ----------------------------------------------------------------
# ?DELAY
# ----------------------------------------------------------------
7017dc63 WSAVS 0x0002;
7017dc65 XWLDA 0,@[ac3+0xFFF4];
7017dc67 XWSTA 0,[ac3+0x2];
7017dc69 WSUB 0,0;
7017dc6a XWSTA 0,[ac3+0x4];
7017dc6c XWLDA 0,[ac3+0x2];
7017dc6e XWLDA 1,[ac3+0x4];
7017dc70 WSUB 2,2;
7017dc71 SYSCALL 0263
7017dc74 ADC 2,2,SKP;
7017dc75 WSUB 2,2;
7017dc76 XWSTA 1,[ac3+0x4];
7017dc78 XWSTA 0,[ac3+0x2];
7017dc7a MOV.L# 2,2,SNC;
7017dc7b WMOV 0,0;
7017dc7c WRTN;
# ----------------------------------------------------------------
# ?GET_SHARED_PAGE
# ----------------------------------------------------------------
7017dc7d WSAVS 0x0009;
7017dc7f XLEF 2,[ac3+0x2];
7017dc81 XWSTA 2,[ac3+0x10];
7017dc83 NLDAI 8 (0x0008),0;
7017dc85 XWSTA 0,[ac3+0x12];
7017dc87 XPEF [ac3+0x12];
7017dc89 XPEF [ac3+0x10];
7017dc8b LCALL [0x7017E31C],2; # ?FILL_WORDS
7017dc8f XNLDA 1,[ac3+0x7FF7];
7017dc91 WSEQI 1,4 (0x0004);
7017dc93 WBR 8 (0x7017DC9B);
7017dc94 XNLDA 1,@[ac3+0xFFEE];
7017dc96 NADD 1,1;
7017dc97 NADD 1,1;
7017dc98 XNSTA 1,[ac3+0x2];
7017dc9a WBR 5 (0x7017DC9F);
7017dc9b NLDAI 4 (0x0004),1;
7017dc9d XNSTA 1,[ac3+0x2];
7017dc9f XWLDA 1,@[ac3+0xFFF2];
7017dca1 XWSTA 1,[ac3+0x4];
7017dca3 XWLDA 1,@[ac3+0xFFF0];
7017dca5 WADD 1,1;
7017dca6 WADD 1,1;
7017dca7 XWSTA 1,[ac3+0x6];
7017dca9 WSUB 1,1;
7017dcaa XWSTA 1,[ac3+0xA];
7017dcac XNLDA 0,@[ac3+0xFFF4];
7017dcae XWSTA 0,[ac3+0xC];
7017dcb0 XWSTA 2,[ac3+0xE];
7017dcb2 WMOV 1,0;
7017dcb3 XWLDA 1,[ac3+0xC];
7017dcb5 SYSCALL 060
7017dcb8 MOV.O 3,3,SKP;
7017dcb9 MOV.Z 3,3;
7017dcba LDAFP 3;
7017dcbb XWSTA 2,[ac3+0xE];
7017dcbd XWSTA 1,[ac3+0xC];
7017dcbf XWSTA 0,[ac3+0xA];
7017dcc1 MOV.R 0,0;
7017dcc2 MOV.L# 0,0,SNC;
7017dcc3 WRTN;
7017dcc4 XPEF [ac3+0xA];
7017dcc6 LCALL [0x7017E33A],1; # ?LIB_ERROR
7017dcca WRTN;
# ----------------------------------------------------------------
# ?LOOKUP_PORT
# ----------------------------------------------------------------
7017dccb WSAVS 0x0048;
7017dccd XNLDA 0,@[ac3+0xFFF4];
7017dccf WINC 0,0;
7017dcd0 LDASP 1;
7017dcd1 WADI 2,1;
7017dcd2 XWSTA 0,[ac3+0x8A];
7017dcd4 WADI 3,0;
7017dcd5 WMOVR 0;
7017dcd6 WMOVR 0;
7017dcd7 WMSP 0;
7017dcd8 WMOV 1,2;
7017dcd9 WLSI 1,2;
7017dcda XNLDA 0,@[ac3+0xFFF4];
7017dcdc XWSTA 1,[ac3+0x8C];
7017dcde XWLDA 3,[ac3+0x7FF4];
7017dce0 XLEFB 3,[ac3+0x2];
7017dce2 WMOV 0,1;
7017dce3 WCMV;
7017dce4 WSTB 2,0;
7017dce5 NLDAI 257 (0x0101),0;
7017dce7 LDAFP 3;
7017dce8 XWLDA 1,[ac3+0x8A];
7017dcea XLEFB 2,[ac3+0x10];
7017dcec XWLDA 3,[ac3+0x8C];
7017dcee WLSI 1,3;
7017dcef WCMV;
7017dcf0 LDAFP 3;
7017dcf1 XWLDA 1,[ac3+0x8C];
7017dcf3 WSBI 2,1;
7017dcf4 STASP 1;
7017dcf5 XLEFB 2,[ac3+0x10];
7017dcf7 XWSTA 2,[ac3+0x2];
7017dcf9 XWSTA 0,[ac3+0x4];
7017dcfb XWSTA 0,[ac3+0x6];
7017dcfd XWLDA 0,[ac3+0x2];
7017dcff XWLDA 1,[ac3+0x4];
7017dd01 XWLDA 2,[ac3+0x6];
7017dd03 SYSCALL 027
7017dd06 MOV.O 3,3,SKP;
7017dd07 MOV.Z 3,3;
7017dd08 LDAFP 3;
7017dd09 XWSTA 2,[ac3+0x6];
7017dd0b XWSTA 1,[ac3+0x4];
7017dd0d XWSTA 0,[ac3+0x2];
7017dd0f MOV.R 0,0;
7017dd10 MOV.L# 0,0,SNC;
7017dd11 WBR 16 (0x7017DD21);
7017dd12 XWLDA 0,[ac3+0x2];
7017dd14 XWSTA 0,[ac3+0x2];
7017dd16 XPEF [ac3+0x2];
7017dd18 LCALL [0x7017E33A],1; # ?LIB_ERROR
7017dd1c WADC 0,0;
7017dd1d XWSTA 0,[ac3+0x4];
7017dd1f XWSTA 0,[ac3+0x2];
7017dd21 WMOV 0,0;
7017dd22 XWLDA 0,[ac3+0x4];
7017dd24 XWSTA 0,@[ac3+0xFFF2];
7017dd26 WRTN;
# ----------------------------------------------------------------
# ?OPEN_FILE
# ----------------------------------------------------------------
7017dd27 WSAVS 0x0010;
7017dd29 XNLDA 0,@[ac3+0xFFF2];
7017dd2b WINC 0,0;
7017dd2c XWSTA 0,[ac3+0x1A];
7017dd2e WADI 3,0;
7017dd2f WMOVR 0;
7017dd30 WMOVR 0;
7017dd31 LDASP 1;
7017dd32 WADI 2,1;
7017dd33 WMSP 0;
7017dd34 XWSTA 1,[ac3+0x1C];
7017dd36 XNLDA 0,@[ac3+0xFFF2];
7017dd38 WINC 0,0;
7017dd39 LDASP 2;
7017dd3a WADI 2,2;
7017dd3b XWSTA 0,[ac3+0x1E];
7017dd3d WADI 3,0;
7017dd3e WMOVR 0;
7017dd3f WMOVR 0;
7017dd40 WMSP 0;
7017dd41 XWSTA 2,[ac3+0x20];
7017dd43 WLSI 1,2;
7017dd44 XNLDA 0,@[ac3+0xFFF2];
7017dd46 XWLDA 3,[ac3+0x7FF2];
7017dd48 XLEFB 3,[ac3+0x2];
7017dd4a WMOV 0,1;
7017dd4b WCMV;
7017dd4c WSTB 2,0;
7017dd4d LDAFP 3;
7017dd4e XWLDA 0,[ac3+0x1A];
7017dd50 XWLDA 1,[ac3+0x1E];
7017dd52 XWLDA 2,[ac3+0x1C];
7017dd54 WLSI 1,2;
7017dd55 XWLDA 3,[ac3+0x20];
7017dd57 WLSI 1,3;
7017dd58 WCMV;
7017dd59 LDAFP 3;
7017dd5a XWLDA 1,[ac3+0x20];
7017dd5c WSBI 2,1;
7017dd5d STASP 1;
7017dd5e XWSTA 0,[ac3+0x12];
7017dd60 XWSTA 0,[ac3+0x14];
7017dd62 XLEF 2,[ac3+0x2];
7017dd64 XWSTA 2,[ac3+0x16];
7017dd66 XNLDA 1,[ac3+0x7FF7];
7017dd68 WSEQI 1,3 (0x0003);
7017dd6a WBR 6 (0x7017DD70);
7017dd6b XWLDA 1,@[ac3+0xFFF0];
7017dd6d XWSTA 1,[ac3+0x18];
7017dd6f WBR 6 (0x7017DD75);
7017dd70 WLDAI 1,0x403A0000;
7017dd73 XWSTA 1,[ac3+0x18];
7017dd75 XNLDA 1,[ac3+0x18];
7017dd77 XNSTA 1,[ac3+0x3];
7017dd79 XNLDA 1,[ac3+0x19];
7017dd7b ZEX 1,1;
7017dd7c CVWN 1;
7017dd7d XNSTA 1,[ac3+0x4];
7017dd7f XWLDA 2,[ac3+0x1C];
7017dd81 WLSI 1,2;
7017dd82 XWSTA 2,[ac3+0xE];
7017dd84 WADC 1,1;
7017dd85 XNSTA 1,[ac3+0x2];
7017dd87 XNSTA 1,[ac3+0x9];
7017dd89 XNSTA 1,[ac3+0x5];
7017dd8b XWSTA 1,[ac3+0x10];
7017dd8d XNSTA 0,[ac3+0xA];
7017dd8f XWSTA 0,[ac3+0xC];
7017dd91 XNSTA 0,[ac3+0xB];
7017dd93 XNSTA 0,[ac3+0x8];
7017dd95 XWSTA 1,[ac3+0x6];
7017dd97 XWLDA 1,[ac3+0x14];
7017dd99 XWLDA 2,[ac3+0x16];
7017dd9b SYSCALL 0300
7017dd9e MOV.O 3,3,SKP;
7017dd9f MOV.Z 3,3;
7017dda0 LDAFP 3;
7017dda1 XWSTA 2,[ac3+0x16];
7017dda3 XWSTA 1,[ac3+0x14];
7017dda5 XWSTA 0,[ac3+0x12];
7017dda7 MOV.R 0,0;
7017dda8 MOV.L# 0,0,SNC;
7017dda9 WBR 13 (0x7017DDB6);
7017ddaa XPEF @[ac3+0xFFF2];
7017ddac XPEF [ac3+0x12];
7017ddae LCALL [0x7017E33A],2; # ?LIB_ERROR
7017ddb2 WADC 0,0;
7017ddb3 XNSTA 0,@[ac3+0xFFF4];
7017ddb5 WRTN;
7017ddb6 XNLDA 0,[ac3+0x2];
7017ddb8 XNSTA 0,@[ac3+0xFFF4];
7017ddba WRTN;
# ----------------------------------------------------------------
# ?OPEN_SHARED_IO_FILE
# ----------------------------------------------------------------
7017ddbb WSAVS 0x0007;
7017ddbd XNLDA 0,@[ac3+0xFFF2];
7017ddbf WINC 0,0;
7017ddc0 XWSTA 0,[ac3+0x8];
7017ddc2 WADI 3,0;
7017ddc3 WMOVR 0;
7017ddc4 WMOVR 0;
7017ddc5 LDASP 1;
7017ddc6 WADI 2,1;
7017ddc7 WMSP 0;
7017ddc8 XWSTA 1,[ac3+0xA];
7017ddca XNLDA 0,@[ac3+0xFFF2];
7017ddcc WINC 0,0;
7017ddcd LDASP 2;
7017ddce WADI 2,2;
7017ddcf XWSTA 0,[ac3+0xC];
7017ddd1 WADI 3,0;
7017ddd2 WMOVR 0;
7017ddd3 WMOVR 0;
7017ddd4 WMSP 0;
7017ddd5 XWSTA 2,[ac3+0xE];
7017ddd7 WLSI 1,2;
7017ddd8 XNLDA 0,@[ac3+0xFFF2];
7017ddda XWLDA 3,[ac3+0x7FF2];
7017dddc XLEFB 3,[ac3+0x2];
7017ddde WMOV 0,1;
7017dddf WCMV;
7017dde0 WSTB 2,0;
7017dde1 LDAFP 3;
7017dde2 XWLDA 0,[ac3+0x8];
7017dde4 XWLDA 1,[ac3+0xC];
7017dde6 XWLDA 2,[ac3+0xA];
7017dde8 WLSI 1,2;
7017dde9 XWLDA 3,[ac3+0xE];
7017ddeb WLSI 1,3;
7017ddec WCMV;
7017dded LDAFP 3;
7017ddee XWLDA 1,[ac3+0xE];
7017ddf0 WSBI 2,1;
7017ddf1 STASP 1;
7017ddf2 XWLDA 2,[ac3+0xA];
7017ddf4 WLSI 1,2;
7017ddf5 XWSTA 2,[ac3+0x2];
7017ddf7 WADC 1,1;
7017ddf8 XWSTA 1,[ac3+0x4];
7017ddfa XNLDA 2,@[ac3+0xFFF0];
7017ddfc ZEX 2,2;
7017ddfd XWSTA 2,[ac3+0x6];
7017ddff XWLDA 0,[ac3+0x2];
7017de01 SYSCALL 063
7017de04 MOV.O 3,3,SKP;
7017de05 MOV.Z 3,3;
7017de06 LDAFP 3;
7017de07 XWSTA 2,[ac3+0x6];
7017de09 XWSTA 1,[ac3+0x4];
7017de0b XWSTA 0,[ac3+0x2];
7017de0d MOV.R 0,0;
7017de0e MOV.L# 0,0,SNC;
7017de0f WBR 15 (0x7017DE1E);
7017de10 XWLDA 0,[ac3+0x2];
7017de12 XWSTA 0,[ac3+0x2];
7017de14 XPEF [ac3+0x2];
7017de16 LCALL [0x7017E33A],1; # ?LIB_ERROR
7017de1a WADC 0,0;
7017de1b XNSTA 0,@[ac3+0xFFF4];
7017de1d WRTN;
7017de1e XWLDA 0,[ac3+0x4];
7017de20 CVWN 0;
7017de21 XNSTA 0,@[ac3+0xFFF4];
7017de23 WRTN;

memory_data: 0x7017DE24 0x7017DE25
7017DE24    0000                                     [                ]

disassemble: 0x7017DE25 0x7017DE5E
# ----------------------------------------------------------------
# ?LIB_ERROR_CODE
# ----------------------------------------------------------------
7017de25 WSAVS 0x0000;
7017de27 LCALL [0x7017ED93],0; # T?AREA
7017de2b WMOV 0,2;
7017de2c XLEF 2,[ac2+0x8];
7017de2e XWLDA 0,[ac2+0x1];
7017de30 XWSTA 0,[ac3+0x7FF8];
7017de32 WRTN;
# ----------------------------------------------------------------
# ?RANDOM_NUMBER
# ----------------------------------------------------------------
7017de33 WSAVS 0x0005;
7017de35 XWLDA 0,@[ac3+0xFFF0];
7017de37 WFLAD 0,0;
7017de38 LFMMD 0,[0x7015BCDB];
7017de3b LFAMD 0,[0x7015BCDF];
7017de3e XFSTD 0,[ac3+0x2];
7017de40 LFLDD 1,[0x7015BCE3];
7017de43 XFSTD 1,[ac3+0x6];
7017de45 LCALL [0x7017E722],0; # D.MOD / F.MOD
7017de49 WFFAD 0,0;
7017de4a XWSTA 0,@[ac3+0xFFF0];
7017de4c XWLDA 0,@[ac3+0xFFF4];
7017de4e WFLAD 0,0;
7017de4f XWLDA 1,@[ac3+0xFFF2];
7017de51 WSUB 0,1;
7017de52 WINC 1,1;
7017de53 WFLAD 1,2;
7017de54 XWLDA 0,@[ac3+0xFFF0];
7017de56 WFLAD 0,3;
7017de57 FMD 3,2;
7017de58 FDD 1,2;
7017de59 FAD 2,0;
7017de5a WFFAD 0,0;
7017de5b XWSTA 0,[ac3+0x7FF8];
7017de5d WRTN;

memory_data: 0x7017DE5E 0x7017DE5F
7017DE5E    0000                                     [                ]

disassemble: 0x7017DE5F 0x7017DEE7
# ----------------------------------------------------------------
# ?READ
# ----------------------------------------------------------------
7017de5f WSAVS 0x000E;
7017de61 XLEF 2,[ac3+0x2];
7017de63 XWSTA 2,[ac3+0x1A];
7017de65 NLDAI 16 (0x0010),0;
7017de67 XWSTA 0,[ac3+0x1C];
7017de69 XPEF [ac3+0x1C];
7017de6b XPEF [ac3+0x1A];
7017de6d LCALL [0x7017E31C],2; # ?FILL_WORDS
7017de71 XNLDA 1,[ac3+0x7FF7];
7017de73 XNSTA 1,[ac3+0x18];
7017de75 XNLDA 0,@[ac3+0xFFF4];
7017de77 XNSTA 0,[ac3+0x2];
7017de79 XWLDA 0,@[ac3+0xFFF2];
7017de7b XWSTA 0,[ac3+0x6];
7017de7d XNLDA 0,@[ac3+0xFFF0];
7017de7f XNSTA 0,[ac3+0x9];
7017de81 WSGTI 1,4 (0x0004);
7017de83 WBR 6 (0x7017DE89);
7017de84 XNLDA 0,@[ac3+0xFFEC];
7017de86 XNSTA 0,[ac3+0x19];
7017de88 WBR 4 (0x7017DE8C);
7017de89 WSUB 0,0;
7017de8a XNSTA 0,[ac3+0x19];
7017de8c WSGTI 1,5 (0x0005);
7017de8e WBR 19 (0x7017DEA1);
7017de8f XNLDA 0,@[ac3+0xFFEA];
7017de91 XNLDA 1,[ac3+0x19];
7017de93 WLSHI 0,65523 (0xFFF3);
7017de95 WANDI 0,7 (0x00000007);
7017de98 WANDI 1,-8 (0xFFFFFFF8);
7017de9b WIOR 0,1;
7017de9c XNSTA 1,[ac3+0x19];
7017de9e NLDAI 401 (0x0191),0;
7017dea0 WBTO 3,0;
7017dea1 XNLDA 0,[ac3+0x18];
7017dea3 WSEQI 0,7 (0x0007);
7017dea5 WBR 8 (0x7017DEAD);
7017dea6 XWLDA 1,@[ac3+0xFFE8];
7017dea8 XWSTA 1,[ac3+0xC];
7017deaa NLDAI 402 (0x0192),1;
7017deac WBTO 3,1;
7017dead XNLDA 1,[ac3+0x19];
7017deaf XNSTA 1,[ac3+0x3];
7017deb1 WSUB 1,1;
7017deb2 XWSTA 1,[ac3+0x12];
7017deb4 XWSTA 1,[ac3+0x14];
7017deb6 XWSTA 2,[ac3+0x16];
7017deb8 WSGTI 0,3 (0x0003);
7017deba WBR 3 (0x7017DEBD);
7017debb XNSTA 1,@[ac3+0xFFEE];
7017debd WMOV 1,0;
7017debe SYSCALL 0302
7017dec1 MOV.O 3,3,SKP;
7017dec2 MOV.Z 3,3;
7017dec3 LDAFP 3;
7017dec4 XWSTA 2,[ac3+0x16];
7017dec6 XWSTA 1,[ac3+0x14];
7017dec8 XWSTA 0,[ac3+0x12];
7017deca MOV.R 0,0;
7017decb MOV.L# 0,0,SNC;
7017decc WBR 22 (0x7017DEE2);
7017decd XWLDA 0,[ac3+0x12];
7017decf WSEQI 0,24 (0x0018);
7017ded1 WBR 11 (0x7017DEDC);
7017ded2 XNLDA 0,[ac3+0x18];
7017ded4 WSGTI 0,3 (0x0003);
7017ded6 WBR 6 (0x7017DEDC);
7017ded7 NLDAI 32768 (0x8000),0;
7017ded9 XNSTA 0,@[ac3+0xFFEE];
7017dedb WBR 7 (0x7017DEE2);
7017dedc XPEF [ac3+0x12];
7017dede LCALL [0x7017E33A],1; # ?LIB_ERROR
7017dee2 XNLDA 0,[ac3+0xA];
7017dee4 XNSTA 0,@[ac3+0xFFF0];
7017dee6 WRTN;

memory_data: 0x7017DEE7 0x7017DEEB
7017DEE7    0400 2000 7F7F 0A00                      [                ]

disassemble: 0x7017DEEB 0x7017E12A
# ----------------------------------------------------------------
# ?READ_SCREEN
# ----------------------------------------------------------------
7017deeb WSAVS 0x0023;
7017deed XNLDA 0,@[ac3+0xFFF0];
7017deef WADI 2,0;
7017def0 XWSTA 0,[ac3+0xC];
7017def2 WINC 0,0;
7017def3 WMOVR 0;
7017def4 WINC 0,0;
7017def5 WINC 0,0;
7017def6 WMOVR 0;
7017def7 LDASP 1;
7017def8 WADI 2,1;
7017def9 WMSP 0;
7017defa XWSTA 1,[ac3+0xE];
7017defc XNLDA 0,[ac3+0x7FF7];
7017defe XNSTA 0,[ac3+0x2];
7017df00 WSGTI 0,11 (0x000B);
7017df02 WBR 6 (0x7017DF08);
7017df03 XWLDA 0,@[ac3+0xFFDE];
7017df05 XWSTA 0,[ac3+0x4];
7017df07 WBR 6 (0x7017DF0D);
7017df08 LLEF 0,[0x70000E77];
7017df0b XWSTA 0,[ac3+0x4];
7017df0d WMOV 1,2;
7017df0e XWLDA 0,[ac3+0xC];
7017df10 WINC 0,0;
7017df11 WMOVR 0;
7017df12 WINC 0,0;
7017df13 XWSTA 2,[ac3+0x44];
7017df15 XWSTA 0,[ac3+0x46];
7017df17 XPEF [ac3+0x46];
7017df19 XPEF [ac3+0x44];
7017df1b LCALL [0x7017E31C],2; # ?FILL_WORDS
7017df1f XNLDA 0,@[ac3+0xFFF2];
7017df21 WSGE 0,0;
7017df22 WSUB 0,0;
7017df23 XNLDA 1,@[ac3+0xFFF0];
7017df25 WSGE 0,1;
7017df26 WMOV 0,1;
7017df27 XNSTA 1,[ac3+0x3];
7017df29 WMOV 1,0;
7017df2a XLEFB 2,[ac2+0x2];
7017df2c XNLDA 1,@[ac3+0xFFF2];
7017df2e XWLDA 3,[ac3+0x7FF2];
7017df30 XLEFB 3,[ac3+0x2];
7017df32 WCMV;
7017df33 LDAFP 3;
7017df34 XNLDA 1,[ac3+0x3];
7017df36 WINC 1,1;
7017df37 XWLDA 2,[ac3+0xE];
7017df39 XLEFB 0,[ac2+0x1];
7017df3b WADD 0,1;
7017df3c NLDAI 10 (0x000A),0;
7017df3e WSTB 1,0;
7017df3f XNLDA 1,@[ac3+0xFFF0];
7017df41 WINC 1,1;
7017df42 XWLDA 2,[ac3+0xE];
7017df44 XLEFB 0,[ac2+0x1];
7017df46 WADD 0,1;
7017df47 NLDAI 2 (0x0002),0;
7017df49 XWSTA 1,[ac3+0x44];
7017df4b WMOV 0,1;
7017df4c XWLDA 2,[ac3+0x44];
7017df4e XLEFB 3,[pc+0xFF34] (0x7017DEE9:0);
7017df50 WCMV;
7017df51 LDAFP 3;
7017df52 XLEF 2,[ac3+0x10];
7017df54 XWSTA 2,[ac3+0x44];
7017df56 NLDAI 48 (0x0030),1;
7017df58 XWSTA 1,[ac3+0x46];
7017df5a XPEF [ac3+0x46];
7017df5c XPEF [ac3+0x44];
7017df5e LCALL [0x7017E31C],2; # ?FILL_WORDS
7017df62 XNLDA 2,@[ac3+0xFFF4];
7017df64 XNSTA 2,[ac3+0x10];
7017df66 XWLDA 2,[ac3+0xE];
7017df68 XLEFB 2,[ac2+0x2];
7017df6a XWSTA 2,[ac3+0x14];
7017df6c XNLDA 2,@[ac3+0xFFF0];
7017df6e NADI 2,2;
7017df6f XNSTA 2,[ac3+0x17];
7017df71 NLDAI 49154 (0xC002),2;
7017df73 XNSTA 2,[ac3+0x11];
7017df75 XLEF 2,[ac3+0x40];
7017df77 XWSTA 2,[ac3+0x20];
7017df79 XWLDA 2,[ac3+0x20];
7017df7b WIORI 2,-2147483648 (0x80000000);
7017df7e XWSTA 2,[ac3+0x20];
7017df80 XLEF 2,[ac3+0x40];
7017df82 XWSTA 2,[ac3+0x44];
7017df84 NLDAI 3 (0x0003),0;
7017df86 XWSTA 0,[ac3+0x46];
7017df88 XPEF [ac3+0x46];
7017df8a XPEF [ac3+0x44];
7017df8c LCALL [0x7017E31C],2; # ?FILL_WORDS
7017df90 XNLDA 2,[ac3+0x2];
7017df92 WSGTI 2,5 (0x0005);
7017df94 WBR 35 (0x7017DFB7);
7017df95 XNLDA 2,@[ac3+0xFFEA];
7017df97 WANDI 2,1 (0x00000001);
7017df9a ZEX 2,2;
7017df9b MOV.# 2,2,SNR;
7017df9c WBR 8 (0x7017DFA4);
7017df9d XNLDA 2,[ac3+0x11];
7017df9f WIORI 2,2048 (0x00000800);
7017dfa2 XNSTA 2,[ac3+0x11];
7017dfa4 WMOV 0,0;
7017dfa5 XNLDA 2,@[ac3+0xFFEA];
7017dfa7 WANDI 2,64256 (0x0000FB00);
7017dfaa XNSTA 2,[ac3+0x40];
7017dfac XNLDA 0,[ac3+0x40];
7017dfae WSKBZ 17;
7017dfaf WBR 5 (0x7017DFB4);
7017dfb0 XNLDA 0,[ac3+0x40];
7017dfb2 WSKBO 20;
7017dfb3 WBR 4 (0x7017DFB7);
7017dfb4 NLDAI 1024 (0x0400),0;
7017dfb6 WBTO 3,0;
7017dfb7 XNLDA 0,[ac3+0x2];
7017dfb9 WSGTI 0,4 (0x0004);
7017dfbb WBR 15 (0x7017DFCA);
7017dfbc XNLDA 2,@[ac3+0xFFEE];
7017dfbe WANDI 2,255 (0x000000FF);
7017dfc1 XSTB 2,[ac3+0x85];
7017dfc3 XNLDA 2,@[ac3+0xFFEC];
7017dfc5 WANDI 2,255 (0x000000FF);
7017dfc8 XSTB 2,[ac3+0x84];
7017dfca WSGTI 0,6 (0x0006);
7017dfcc WBR 5 (0x7017DFD1);
7017dfcd XNLDA 2,@[ac3+0xFFE8];
7017dfcf XNSTA 2,[ac3+0x41];
7017dfd1 WSUB 2,2;
7017dfd2 XNSTA 2,[ac3+0x6];
7017dfd4 WSGTI 0,9 (0x0009);
7017dfd6 WBR 3 (0x7017DFD9);
7017dfd7 XNSTA 2,@[ac3+0xFFE2];
7017dfd9 WSGTI 0,8 (0x0008);
7017dfdb WBR 6 (0x7017DFE1);
7017dfdc NLDAI 32 (0x0020),0;
7017dfde XWLDA 1,[ac3+0x7FE4];
7017dfe0 WSTB 1,0;
7017dfe1 NLDAI 1 (0x0001),0;
7017dfe3 XNSTA 0,[ac3+0xA];
7017dfe5 XWSTA 2,[ac3+0x8];
7017dfe7 XLEF 2,[ac3+0x10];
7017dfe9 XWLDA 0,[ac3+0x8];
7017dfeb WSUB 1,1;
7017dfec SYSCALL 0302
7017dfef ADC 1,1,SKP;
7017dff0 WSUB 1,1;
7017dff1 XWSTA 0,[ac3+0x8];
7017dff3 MOV.L# 1,1,SNC;
7017dff4 WBR 29 (0x7017E011);
7017dff5 WSEQI 0,24 (0x0018);
7017dff7 WBR 12 (0x7017E003);
7017dff8 NLDAI 32768 (0x8000),0;
7017dffa XNSTA 0,[ac3+0x6];
7017dffc NLDAI 4 (0x0004),1;
7017dffe XSTB 1,[ac3+0x86];
7017e000 XNADI 1,[ac3+0x18];
7017e002 WBR 84 (0x7017E056);
7017e003 XPEF [ac3+0x8];
7017e005 LCALL [0x7017E33A],1; # ?LIB_ERROR
7017e009 NLDAI 32 (0x0020),0;
7017e00b XSTB 0,[ac3+0x86];
7017e00d WSUB 1,1;
7017e00e XNSTA 1,[ac3+0xA];
7017e010 WBR 70 (0x7017E056);
7017e011 XNLDA 0,[ac3+0x40];
7017e013 WSKBO 21;
7017e014 WBR 33 (0x7017E035);
7017e015 XNLDA 0,[ac3+0x18];
7017e017 WSBI 1,0;
7017e018 XWLDA 2,[ac3+0xE];
7017e01a XLEFB 1,[ac2+0x1];
7017e01c WADD 1,0;
7017e01d WLDB 0,1;
7017e01e XSTB 1,[ac3+0x86];
7017e020 XNLDA 0,[ac3+0x2];
7017e022 WSGTI 0,8 (0x0008);
7017e024 WBR 12 (0x7017E030);
7017e025 XWLDA 2,[ac3+0xE];
7017e027 XLEFB 0,[ac2+0x1];
7017e029 XNLDA 1,[ac3+0x18];
7017e02b WADD 0,1;
7017e02c WLDB 1,0;
7017e02d XWLDA 2,[ac3+0x7FE4];
7017e02f WSTB 2,0;
7017e030 NLDAI 2 (0x0002),0;
7017e032 XNSTA 0,[ac3+0xA];
7017e034 WBR 34 (0x7017E056);
7017e035 XWLDA 2,[ac3+0xE];
7017e037 XLEFB 0,[ac2+0x1];
7017e039 XNLDA 1,[ac3+0x18];
7017e03b WADD 0,1;
7017e03c WLDB 1,0;
7017e03d XSTB 0,[ac3+0x86];
7017e03f XWLDA 1,[ac3+0x4];
7017e041 WSUB 2,2;
7017e042 WSZB 1,0;
7017e043 WADC 2,2;
7017e044 WCOM 2,2;
7017e045 MOV.L# 2,2,SNC;
7017e046 WBR 16 (0x7017E056);
7017e047 XNADI 1,[ac3+0x18];
7017e049 NLDAI 32 (0x0020),0;
7017e04b XSTB 0,[ac3+0x86];
7017e04d XNLDA 1,[ac3+0x2];
7017e04f WSGTI 1,9 (0x0009);
7017e051 WBR 5 (0x7017E056);
7017e052 NLDAI 32768 (0x8000),1;
7017e054 XNSTA 1,@[ac3+0xFFE2];
7017e056 XNLDA 0,[ac3+0x2];
7017e058 WSGTI 0,5 (0x0005);
7017e05a WBR 17 (0x7017E06B);
7017e05b XNLDA 0,@[ac3+0xFFEA];
7017e05d WANDI 0,512 (0x00000200);
7017e060 ZEX 0,0;
7017e061 MOV.# 0,0,SNR;
7017e062 WBR 9 (0x7017E06B);
7017e063 XLDB 0,[ac3+0x84];
7017e065 XNSTA 0,@[ac3+0xFFEC];
7017e067 XLDB 0,[ac3+0x85];
7017e069 XNSTA 0,@[ac3+0xFFEE];
7017e06b XWLDA 2,[ac3+0x7FF2];
7017e06d XNLDA 0,[ac3+0x18];
7017e06f XNLDA 1,[ac3+0xA];
7017e071 WSUB 1,0;
7017e072 WSGE 0,0;
7017e073 WSUB 0,0;
7017e074 WMOV 0,1;
7017e075 XNLDA 0,@[ac3+0xFFF0];
7017e077 WSGE 1,0;
7017e078 WMOV 1,0;
7017e079 XNSTA 0,[ac2+0x0];
7017e07b XLEFB 2,[ac2+0x2];
7017e07d XWLDA 3,[ac3+0xE];
7017e07f XLEFB 3,[ac3+0x2];
7017e081 WCMV;
7017e082 LDAFP 3;
7017e083 XNLDA 1,[ac3+0x2];
7017e085 WSGTI 1,7 (0x0007);
7017e087 WBR 6 (0x7017E08D);
7017e088 XLDB 2,[ac3+0x86];
7017e08a XWLDA 0,[ac3+0x7FE6];
7017e08c WSTB 0,2;
7017e08d WSGTI 1,10 (0x000A);
7017e08f WRTN;
7017e090 XNLDA 0,[ac3+0x6];
7017e092 XNSTA 0,@[ac3+0xFFE0];
7017e094 WRTN;
# ----------------------------------------------------------------
# ?RECEIVE_TASK_MESSAGE
# ----------------------------------------------------------------
7017e095 WSAVS 0x0001;
7017e097 XWLDA 2,[ac3+0x7FF4];
7017e099 XWSTA 2,[ac3+0x2];
7017e09b XNLDA 0,[ac3+0x7FF7];
7017e09d WSGTI 0,2 (0x0002);
7017e09f WBR 17 (0x7017E0B0);
7017e0a0 XNLDA 0,@[ac3+0xFFF0];
7017e0a2 ZEX 0,0;
7017e0a3 MOV.# 0,0,SZR;
7017e0a4 WBR 12 (0x7017E0B0);
7017e0a5 XWLDA 2,[ac3+0x7FF2];
7017e0a7 XPEF [ac2+0x8000];
7017e0a9 XPEF [ac3+0x2];
7017e0ab LCALL [0x7017E1C0],2; # MT?RECNW
7017e0af WRTN;
7017e0b0 XWLDA 2,[ac3+0x7FF2];
7017e0b2 XPEF [ac2+0x8000];
7017e0b4 XPEF [ac3+0x2];
7017e0b6 LCALL [0x7017E1B5],2; # MT?REC
7017e0ba WRTN;
# ----------------------------------------------------------------
# ?SEND_TASK_MESSAGE
# ----------------------------------------------------------------
7017e0bb WSAVS 0x0005;
7017e0bd XNLDA 0,[ac3+0x7FF7];
7017e0bf WSLEI 0,2 (0x0002);
7017e0c1 WBR 9 (0x7017E0CA);
7017e0c2 WSUB 0,0;
7017e0c3 XWSTA 0,[ac3+0x4];
7017e0c5 XNSTA 0,[ac3+0x8];
7017e0c7 XNSTA 0,[ac3+0x9];
7017e0c9 WBR 40 (0x7017E0F1);
7017e0ca WMOV 0,0;
7017e0cb XNLDA 0,@[ac3+0xFFF0];
7017e0cd WANDI 0,1 (0x00000001);
7017e0d0 ZEX 0,0;
7017e0d1 MOV.# 0,0,SNR;
7017e0d2 WBR 5 (0x7017E0D7);
7017e0d3 WADC 0,0;
7017e0d4 XWSTA 0,[ac3+0x4];
7017e0d6 WBR 4 (0x7017E0DA);
7017e0d7 WSUB 0,0;
7017e0d8 XWSTA 0,[ac3+0x4];
7017e0da WMOV 0,0;
7017e0db XNLDA 0,@[ac3+0xFFF0];
7017e0dd WANDI 0,2 (0x00000002);
7017e0e0 ZEX 0,0;
7017e0e1 WADC 1,1;
7017e0e2 MOV.# 0,0,SNR;
7017e0e3 WSUB 1,1;
7017e0e4 XNSTA 1,[ac3+0x8];
7017e0e6 XNLDA 0,@[ac3+0xFFF0];
7017e0e8 WANDI 0,8 (0x00000008);
7017e0eb ZEX 0,0;
7017e0ec WADC 1,1;
7017e0ed MOV.# 0,0,SNR;
7017e0ee WSUB 1,1;
7017e0ef XNSTA 1,[ac3+0x9];
7017e0f1 XWLDA 2,[ac3+0x7FF4];
7017e0f3 XWSTA 2,[ac3+0x2];
7017e0f5 XNLDA 0,[ac3+0x8];
7017e0f7 MOV.L# 0,0,SNC;
7017e0f8 WBR 18 (0x7017E10A);
7017e0f9 XPEF [ac3+0x6];
7017e0fb XPEF [ac3+0x4];
7017e0fd XWLDA 2,[ac3+0x7FF2];
7017e0ff XPEF [ac2+0x8000];
7017e101 XPEF [ac3+0x2];
7017e103 LCALL [0x7017E1A5],4; # MT?XMTW
7017e107 MOV.L# 0,0,SNC;
7017e108 WRTN;
7017e109 WBR 17 (0x7017E11A);
7017e10a XPEF [ac3+0x6];
7017e10c XPEF [ac3+0x4];
7017e10e XWLDA 2,[ac3+0x7FF2];
7017e110 XPEF [ac2+0x8000];
7017e112 XPEF [ac3+0x2];
7017e114 LCALL [0x7017E197],4; # MT?XMT
7017e118 MOV.L# 0,0,SNC;
7017e119 WRTN;
7017e11a XWLDA 0,[ac3+0x6];
7017e11c WSEQI 0,10 (0x000A);
7017e11e WBR 5 (0x7017E123);
7017e11f XNLDA 0,[ac3+0x9];
7017e121 MOV.L# 0,0,SZC;
7017e122 WRTN;
7017e123 XPEF [ac3+0x6];
7017e125 LCALL [0x7017E33A],1; # ?LIB_ERROR
7017e129 WRTN;

memory_data: 0x7017E12A 0x7017E12B
7017E12A    0000                                     [                ]

disassemble: 0x7017E12B 0x7017E3D1
# ----------------------------------------------------------------
# ?CURRENT_PID
# ----------------------------------------------------------------
7017e12b WSAVS 0x0002;
7017e12d WSUB 0,0;
7017e12e XWSTA 0,[ac3+0x2];
7017e130 WADC 1,1;
7017e131 XWSTA 1,[ac3+0x4];
7017e133 WSUB 2,2;
7017e134 SYSCALL 0116
7017e137 ADC 2,2,SKP;
7017e138 WSUB 2,2;
7017e139 XWSTA 1,[ac3+0x4];
7017e13b XWSTA 0,[ac3+0x2];
7017e13d MOV.L# 2,2,SNC;
7017e13e WBR 11 (0x7017E149);
7017e13f XPEF [ac3+0x2];
7017e141 LCALL [0x7017E33A],1; # ?LIB_ERROR
7017e145 WADC 0,0;
7017e146 XWSTA 0,[ac3+0x7FF8];
7017e148 WRTN;
7017e149 CVWN 1;
7017e14a XWSTA 1,[ac3+0x7FF8];
7017e14c WRTN;
# ----------------------------------------------------------------
# MT?SUS
# ----------------------------------------------------------------
7017e14d WSAVS 0x0000;
7017e14f SYSCALL 0502
7017e152 WMOV 0,0;
7017e153 WRTN;
# ----------------------------------------------------------------
# MT?IDSUS
# ----------------------------------------------------------------
7017e154 WSAVS 0x0000;
7017e156 XNLDA 1,@[ac3+0xFFF4];
7017e158 SYSCALL 0513
7017e15b ADC 1,1,SKP;
7017e15c SUB 1,1;
7017e15d WBR 121 (0x7017E1D6);
# ----------------------------------------------------------------
# MT?IDKIL
# ----------------------------------------------------------------
7017e15e WSAVS 0x0000;
7017e160 XNLDA 1,@[ac3+0xFFF4];
7017e162 SYSCALL 0514
7017e165 ADC 1,1,SKP;
7017e166 SUB 1,1;
7017e167 WBR 111 (0x7017E1D6);
# ----------------------------------------------------------------
# MT?PRI
# ----------------------------------------------------------------
7017e168 WSAVS 0x0000;
7017e16a XNLDA 0,@[ac3+0xFFF4];
7017e16c SYSCALL 0503
7017e16f WMOV 0,0;
7017e170 WRTN;
# ----------------------------------------------------------------
# MT?IDPRI
# ----------------------------------------------------------------
7017e171 WSAVS 0x0000;
7017e173 XNLDA 0,@[ac3+0xFFF4];
7017e175 XNLDA 1,@[ac3+0xFFF2];
7017e177 SYSCALL 0515
7017e17a ADC 1,1,SKP;
7017e17b SUB 1,1;
7017e17c XWSTA 0,@[ac3+0xFFF0];
7017e17e WBR 90 (0x7017E1D8);
# ----------------------------------------------------------------
# MT?IDRDY
# ----------------------------------------------------------------
7017e17f WSAVS 0x0000;
7017e181 XNLDA 1,@[ac3+0xFFF4];
7017e183 SYSCALL 0512
7017e186 ADC 1,1,SKP;
7017e187 SUB 1,1;
7017e188 WBR 78 (0x7017E1D6);
# ----------------------------------------------------------------
# MT?ERSCH
# ----------------------------------------------------------------
7017e189 WSAVS 0x0000;
7017e18b SYSCALL 0526
7017e18e WMOV 0,0;
7017e18f WRTN;
# ----------------------------------------------------------------
# MT?DRSCH
# ----------------------------------------------------------------
7017e190 WSAVS 0x0000;
7017e192 SYSCALL 0527
7017e195 WMOV 0,0;
7017e196 WRTN;
# ----------------------------------------------------------------
# MT?XMT
# ----------------------------------------------------------------
7017e197 WSAVS 0x0000;
7017e199 XWLDA 0,@[ac3+0xFFF4];
7017e19b XWLDA 1,@[ac3+0xFFF2];
7017e19d XNLDA 2,@[ac3+0xFFF0];
7017e19f SYSCALL 0523
7017e1a2 ADC 1,1,SKP;
7017e1a3 SUB 1,1;
7017e1a4 WBR 14 (0x7017E1B2);
# ----------------------------------------------------------------
# MT?XMTW
# ----------------------------------------------------------------
7017e1a5 WSAVS 0x0000;
7017e1a7 XWLDA 0,@[ac3+0xFFF4];
7017e1a9 XWLDA 1,@[ac3+0xFFF2];
7017e1ab XNLDA 2,@[ac3+0xFFF0];
7017e1ad SYSCALL 0524
7017e1b0 ADC 1,1,SKP;
7017e1b1 SUB 1,1;
7017e1b2 XWSTA 0,@[ac3+0xFFEE];
7017e1b4 WBR 36 (0x7017E1D8);
# ----------------------------------------------------------------
# MT?REC
# ----------------------------------------------------------------
7017e1b5 WSAVS 0x0000;
7017e1b7 XWLDA 0,@[ac3+0xFFF4];
7017e1b9 SYSCALL 0525
7017e1bc WMOV 0,0;
7017e1bd XWSTA 1,@[ac3+0xFFF2];
7017e1bf WRTN;
# ----------------------------------------------------------------
# MT?RECNW
# ----------------------------------------------------------------
7017e1c0 WSAVS 0x0000;
7017e1c2 XWLDA 0,@[ac3+0xFFF4];
7017e1c4 SYSCALL 0522
7017e1c7 WSUB 1,1;
7017e1c8 XWSTA 1,@[ac3+0xFFF2];
7017e1ca WRTN;
# ----------------------------------------------------------------
# MT?IDGO2
# ----------------------------------------------------------------
7017e1cb WSAVS 0x0000;
7017e1cd XWLDA 0,@[ac3+0xFFF0];
7017e1cf XNLDA 1,@[ac3+0xFFF4];
7017e1d1 SYSCALL 0516
7017e1d4 ADC 1,1,SKP;
7017e1d5 SUB 1,1;
7017e1d6 XWSTA 0,@[ac3+0xFFF2];
7017e1d8 SEX 1,1;
7017e1d9 XWSTA 1,[ac3+0x7FF8];
7017e1db WRTN;
# ----------------------------------------------------------------
# MT?TASK
# ----------------------------------------------------------------
7017e1dc WSAVS 0x0000;
7017e1de XWLDA 2,@[ac3+0xFFF4];
7017e1e0 XNSTA 3,[ac2+0x0];
7017e1e2 WADC 1,1;
7017e1e3 XNSTA 1,[ac2+0xC];
7017e1e5 XWLDA 1,@[ac2+0x8008];
7017e1e7 XWSTA 1,[ac2+0x8];
7017e1e9 LLEF 1,[0x7017E784];
7017e1ec XWSTA 1,[ac2+0x6];
7017e1ee SYSCALL 0500
7017e1f1 WBR 3 (0x7017E1F4);
7017e1f2 WSUB 1,1;
7017e1f3 WBR 4 (0x7017E1F7);
7017e1f4 WLDAI 1,0x00008000;
7017e1f7 XWSTA 0,@[ac3+0xFFF2];
7017e1f9 XWSTA 1,[ac3+0x7FF8];
7017e1fb WRTN;
# ----------------------------------------------------------------
# ?WRITE
# ----------------------------------------------------------------
7017e1fc WSAVS 0x000E;
7017e1fe XLEF 2,[ac3+0x2];
7017e200 XWSTA 2,[ac3+0x1A];
7017e202 NLDAI 16 (0x0010),0;
7017e204 XWSTA 0,[ac3+0x1C];
7017e206 XPEF [ac3+0x1C];
7017e208 XPEF [ac3+0x1A];
7017e20a LCALL [0x7017E31C],2; # ?FILL_WORDS
7017e20e XNLDA 1,[ac3+0x7FF7];
7017e210 XNSTA 1,[ac3+0x18];
7017e212 XNLDA 2,@[ac3+0xFFF4];
7017e214 XNSTA 2,[ac3+0x2];
7017e216 XWLDA 2,@[ac3+0xFFF2];
7017e218 XWSTA 2,[ac3+0x6];
7017e21a XNLDA 2,@[ac3+0xFFF0];
7017e21c XNSTA 2,[ac3+0x9];
7017e21e WSGTI 1,3 (0x0003);
7017e220 WBR 6 (0x7017E226);
7017e221 XNLDA 1,@[ac3+0xFFEE];
7017e223 XNSTA 1,[ac3+0x19];
7017e225 WBR 4 (0x7017E229);
7017e226 WSUB 1,1;
7017e227 XNSTA 1,[ac3+0x19];
7017e229 XNLDA 1,[ac3+0x18];
7017e22b WSGTI 1,4 (0x0004);
7017e22d WBR 26 (0x7017E247);
7017e22e XNLDA 2,@[ac3+0xFFEC];
7017e230 WANDI 2,57344 (0x0000E000);
7017e233 MOV.# 2,2,SNR;
7017e234 WBR 19 (0x7017E247);
7017e235 XNLDA 2,@[ac3+0xFFEC];
7017e237 XNLDA 0,[ac3+0x19];
7017e239 WLSHI 2,65523 (0xFFF3);
7017e23b WANDI 2,7 (0x00000007);
7017e23e WANDI 0,-8 (0xFFFFFFF8);
7017e241 WIOR 2,0;
7017e242 XNSTA 0,[ac3+0x19];
7017e244 NLDAI 401 (0x0191),0;
7017e246 WBTO 3,0;
7017e247 WSGTI 1,5 (0x0005);
7017e249 WBR 8 (0x7017E251);
7017e24a XWLDA 0,@[ac3+0xFFEA];
7017e24c XWSTA 0,[ac3+0xC];
7017e24e NLDAI 402 (0x0192),0;
7017e250 WBTO 3,0;
7017e251 XNLDA 0,[ac3+0x19];
7017e253 XNSTA 0,[ac3+0x3];
7017e255 WSUB 0,0;
7017e256 XWSTA 0,[ac3+0x12];
7017e258 XWSTA 0,[ac3+0x14];
7017e25a XLEF 2,[ac3+0x2];
7017e25c XWSTA 2,[ac3+0x16];
7017e25e XWLDA 1,[ac3+0x14];
7017e260 SYSCALL 0303
7017e263 MOV.O 3,3,SKP;
7017e264 MOV.Z 3,3;
7017e265 LDAFP 3;
7017e266 XWSTA 2,[ac3+0x16];
7017e268 XWSTA 1,[ac3+0x14];
7017e26a XWSTA 0,[ac3+0x12];
7017e26c MOV.R 0,0;
7017e26d MOV.L# 0,0,SNC;
7017e26e WBR 7 (0x7017E275);
7017e26f XPEF [ac3+0x12];
7017e271 LCALL [0x7017E33A],1; # ?LIB_ERROR
7017e275 XNLDA 0,[ac3+0xA];
7017e277 XNSTA 0,@[ac3+0xFFF0];
7017e279 WRTN;
# ----------------------------------------------------------------
# ?WRITE_SCREEN
# ----------------------------------------------------------------
7017e27a WSAVS 0x001E;
7017e27c XNLDA 0,[ac3+0x7FF7];
7017e27e XNSTA 0,[ac3+0x2];
7017e280 XLEF 2,[ac3+0x6];
7017e282 XWSTA 2,[ac3+0x3A];
7017e284 NLDAI 48 (0x0030),0;
7017e286 XWSTA 0,[ac3+0x3C];
7017e288 XPEF [ac3+0x3C];
7017e28a XPEF [ac3+0x3A];
7017e28c LCALL [0x7017E31C],2; # ?FILL_WORDS
7017e290 XNLDA 1,@[ac3+0xFFF4];
7017e292 XNSTA 1,[ac3+0x6];
7017e294 NLDAI 49153 (0xC001),1;
7017e296 XNSTA 1,[ac3+0x7];
7017e298 XWLDA 2,[ac3+0x7FF2];
7017e29a XLEFB 2,[ac2+0x2];
7017e29c XWSTA 2,[ac3+0xA];
7017e29e XNLDA 2,@[ac3+0xFFF2];
7017e2a0 XNSTA 2,[ac3+0xD];
7017e2a2 WADC 2,2;
7017e2a3 XNSTA 2,[ac3+0x14];
7017e2a5 XLEF 2,[ac3+0x36];
7017e2a7 XWSTA 2,[ac3+0x16];
7017e2a9 XWLDA 2,[ac3+0x16];
7017e2ab WIORI 2,-2147483648 (0x80000000);
7017e2ae XWSTA 2,[ac3+0x16];
7017e2b0 XLEF 2,[ac3+0x36];
7017e2b2 XWSTA 2,[ac3+0x3A];
7017e2b4 NLDAI 3 (0x0003),0;
7017e2b6 XWSTA 0,[ac3+0x3C];
7017e2b8 XPEF [ac3+0x3C];
7017e2ba XPEF [ac3+0x3A];
7017e2bc LCALL [0x7017E31C],2; # ?FILL_WORDS
7017e2c0 XNLDA 2,[ac3+0x2];
7017e2c2 WSGTI 2,4 (0x0004);
7017e2c4 WBR 24 (0x7017E2DC);
7017e2c5 XNLDA 2,@[ac3+0xFFEC];
7017e2c7 WANDI 2,1 (0x00000001);
7017e2ca ZEX 2,2;
7017e2cb MOV.# 2,2,SNR;
7017e2cc WBR 8 (0x7017E2D4);
7017e2cd XNLDA 2,[ac3+0x7];
7017e2cf WIORI 2,2048 (0x00000800);
7017e2d2 XNSTA 2,[ac3+0x7];
7017e2d4 WMOV 0,0;
7017e2d5 XNLDA 2,@[ac3+0xFFEC];
7017e2d7 WANDI 2,39680 (0x00009B00);
7017e2da XNSTA 2,[ac3+0x36];
7017e2dc XNLDA 2,[ac3+0x2];
7017e2de WSGTI 2,3 (0x0003);
7017e2e0 WBR 15 (0x7017E2EF);
7017e2e1 XNLDA 0,@[ac3+0xFFEE];
7017e2e3 WANDI 0,255 (0x000000FF);
7017e2e6 XSTB 0,[ac3+0x70];
7017e2e8 XNLDA 0,@[ac3+0xFFF0];
7017e2ea WANDI 0,255 (0x000000FF);
7017e2ed XSTB 0,[ac3+0x71];
7017e2ef XLEF 2,[ac3+0x6];
7017e2f1 XWLDA 0,[ac3+0x4];
7017e2f3 WSUB 1,1;
7017e2f4 SYSCALL 0303
7017e2f7 ADC 1,1,SKP;
7017e2f8 WSUB 1,1;
7017e2f9 XWSTA 0,[ac3+0x4];
7017e2fb MOV.L# 1,1,SNC;
7017e2fc WBR 10 (0x7017E306);
7017e2fd WSNEI 0,55 (0x0037);
7017e2ff WBR 7 (0x7017E306);
7017e300 XPEF [ac3+0x4];
7017e302 LCALL [0x7017E33A],1; # ?LIB_ERROR
7017e306 XNLDA 0,[ac3+0x2];
7017e308 WSGTI 0,4 (0x0004);
7017e30a WRTN;
7017e30b XNLDA 0,@[ac3+0xFFEC];
7017e30d WANDI 0,512 (0x00000200);
7017e310 ZEX 0,0;
7017e311 MOV.# 0,0,SNR;
7017e312 WRTN;
7017e313 XLDB 0,[ac3+0x70];
7017e315 XNSTA 0,@[ac3+0xFFEE];
7017e317 XLDB 0,[ac3+0x71];
7017e319 XNSTA 0,@[ac3+0xFFF0];
7017e31b WRTN;
# ----------------------------------------------------------------
# ?FILL_WORDS
# ----------------------------------------------------------------
7017e31c WSAVS 0x0002;
7017e31e XNLDA 0,[ac3+0x7FF7];
7017e320 WSGTI 0,2 (0x0002);
7017e322 WBR 6 (0x7017E328);
7017e323 XNLDA 0,@[ac3+0xFFF0];
7017e325 XNSTA 0,[ac3+0x2];
7017e327 WBR 4 (0x7017E32B);
7017e328 WSUB 0,0;
7017e329 XNSTA 0,[ac3+0x2];
7017e32b XWLDA 0,@[ac3+0xFFF2];
7017e32d XNLDA 1,[ac3+0x2];
7017e32f XWLDA 2,[ac3+0x7FF4];
7017e331 XNSTA 1,[ac2+0x8000];
7017e333 WMOV 0,1;
7017e334 WSBI 1,1;
7017e335 XWLDA 2,[ac2+0x0];
7017e337 WINC 2,3;
7017e338 WBLM;
7017e339 WRTN;
# ----------------------------------------------------------------
# ?LIB_ERROR
# ----------------------------------------------------------------
7017e33a WSAVS 0x0002;
7017e33c LCALL [0x7017ED93],0; # T?AREA
7017e340 WMOV 0,2;
7017e341 XLEF 2,[ac2+0x8];
7017e343 XWLDA 0,[ac2+0x1E];
7017e345 WSEQ 0,0;
7017e346 WBR 16 (0x7017E356);
7017e347 LCALL [0x7017ED93],0; # T?AREA
7017e34b WMOV 0,2;
7017e34c XLEF 2,[ac2+0x8];
7017e34e WLDAI 0,0x7017E3D2;
7017e351 XWSTA 0,[ac2+0x1E];
7017e353 WSUB 0,0;
7017e354 XWSTA 0,[ac2+0x20];
7017e356 LCALL [0x7017ED93],0; # T?AREA
7017e35a WMOV 0,2;
7017e35b XLEF 2,[ac2+0x8];
7017e35d WSUB 0,0;
7017e35e WBTO 2,0;
7017e35f LCALL [0x7017ED93],0; # T?AREA
7017e363 WMOV 0,2;
7017e364 XLEF 2,[ac2+0x8];
7017e366 XWLDA 0,@[ac3+0xFFF4];
7017e368 XWSTA 0,[ac2+0x1];
7017e36a LCALL [0x7017ED93],0; # T?AREA
7017e36e WMOV 0,2;
7017e36f XLEF 2,[ac2+0x8];
7017e371 XWLDA 0,[ac2+0x3];
7017e373 WSNE 0,0;
7017e374 WBR 23 (0x7017E38B);
7017e375 LCALL [0x7017ED93],0; # T?AREA
7017e379 WMOV 0,2;
7017e37a XLEF 2,[ac2+0x8];
7017e37c XWLDA 0,[ac2+0x3];
7017e37e LJSR [0x7017E949]; # I.FREEW
7017e381 LCALL [0x7017ED93],0; # T?AREA
7017e385 WMOV 0,2;
7017e386 XLEF 2,[ac2+0x8];
7017e388 WSUB 0,0;
7017e389 XWSTA 0,[ac2+0x3];
7017e38b XNLDA 0,[ac3+0x7FF7];
7017e38d WSGTI 0,1 (0x0001);
7017e38f WBR 51 (0x7017E3C2);
7017e390 XNLDA 0,@[ac3+0xFFF2];
7017e392 XNSTA 0,[ac3+0x2];
7017e394 WINC 0,0;
7017e395 WMOVR 0;
7017e396 WINC 0,0;
7017e397 NLDAI 3 (0x0003),1;
7017e399 LJSR [0x7017E866]; # I.ALLOC
7017e39c XWSTA 0,[ac3+0x4];
7017e39e LCALL [0x7017ED93],0; # T?AREA
7017e3a2 WMOV 0,2;
7017e3a3 XLEF 2,[ac2+0x8];
7017e3a5 XWLDA 0,[ac3+0x4];
7017e3a7 XWSTA 0,[ac2+0x3];
7017e3a9 LCALL [0x7017ED93],0; # T?AREA
7017e3ad WMOV 0,2;
7017e3ae XLEF 2,[ac2+0x8];
7017e3b0 XNLDA 0,[ac3+0x2];
7017e3b2 XNLDA 1,@[ac3+0xFFF2];
7017e3b4 WSGE 1,0;
7017e3b5 WMOV 1,0;
7017e3b6 XNSTA 0,@[ac2+0x8003];
7017e3b8 XWLDA 2,[ac2+0x3];
7017e3ba XLEFB 2,[ac2+0x2];
7017e3bc XWLDA 3,[ac3+0x7FF2];
7017e3be XLEFB 3,[ac3+0x2];
7017e3c0 WCMV;
7017e3c1 LDAFP 3;
7017e3c2 LCALL [0x7017ED93],0; # T?AREA
7017e3c6 WMOV 0,2;
7017e3c7 XLEF 2,[ac2+0x8];
7017e3c9 XWLDA 1,[ac2+0x20];
7017e3cb XWLDA 2,[ac2+0x1E];
7017e3cd XCALL 0,0,[ac2+0x0]; # addr not found
7017e3d0 WRTN;

memory_data: 0x7017E3D1 0x7017E3D2
7017E3D1    0000                                     [                ]

disassemble: 0x7017E3D2 0x7017E552
# ----------------------------------------------------------------
# ?DEFAULT_ERROR_HANDLER
# ----------------------------------------------------------------
7017e3d2 WSAVS 0x0003;
7017e3d4 LCALL [0x7017ED93],0; # T?AREA
7017e3d8 WMOV 0,2;
7017e3d9 XLEF 2,[ac2+0x8];
7017e3db XWLDA 0,[ac2+0x1];
7017e3dd WADC 1,1;
7017e3de XWSTA 1,[ac3+0x2];
7017e3e0 WSUB 2,2;
7017e3e1 XWSTA 2,[ac3+0x4];
7017e3e3 XWSTA 0,[ac3+0x6];
7017e3e5 XPEF [ac3+0x6];
7017e3e7 XPEF [ac3+0x4];
7017e3e9 XPEF [ac3+0x2];
7017e3eb LCALL [0x7017EDED],3; # O?SIGNAL
7017e3ef WRTN;
# ----------------------------------------------------------------
# SWAT.NIN
# ----------------------------------------------------------------
7017e3f0 WSAVS 0x0002;
7017e3f2 XNLDA 0,[0x10A];
7017e3f4 NLDAI 1 (0x0001),1;
7017e3f6 WSUB 1,0;
7017e3f7 WSNE 0,0;
7017e3f8 WBR 3 (0x7017E3FB);
7017e3f9 NLDAI 7 (0x0007),0;
7017e3fb LNSTA 0,[pc+0x7FE81DB6] (0x700001B2);
7017e3fe LLEF 2,[pc+0x7FE81D27] (0x70000126);
7017e401 WSUB 0,0;
7017e402 XWSTA 0,[ac2+0x0];
7017e404 WINC 2,3;
7017e405 NLDAI 116 (0x0074),1;
7017e407 WBLM;
7017e408 WADC 0,0;
7017e409 SYSCALL 0127
7017e40c WBR 1 (0x7017E40D);
7017e40d XNSTA 1,[ac3+0x4];
7017e40f WANDI 1,65535 (0x0000FFFF);
7017e412 LLEF 3,[pc+0x7FE81D91] (0x700001A4);
7017e415 WLSI 1,3;
7017e416 NLDAI 10 (0x000A),2;
7017e418 WSUB 0,0;
7017e419 DIV;
7017e41a WANDI 0,65535 (0x0000FFFF);
7017e41d WANDI 1,65535 (0x0000FFFF);
7017e420 ADDI 0,48 (0x0030);
7017e422 WSBI 1,3;
7017e423 WSTB 3,0;
7017e424 MOV.# 1,1,SZR;
7017e425 WBR -13 (0x7017E418);
7017e426 NLDAI 63 (0x003F),0;
7017e428 WSBI 1,3;
7017e429 WSTB 3,0;
7017e42a LLEF 2,[pc+0x7FE81D7E] (0x700001A9);
7017e42d WLSI 1,2;
7017e42e WADI 3,2;
7017e42f WMOV 3,1;
7017e430 LLEF 3,[pc+0x7FE81D73] (0x700001A4);
7017e433 WLSI 1,3;
7017e434 WMOV 3,0;
7017e435 WSBI 1,3;
7017e436 WSUB 0,1;
7017e437 WINC 1,1;
7017e438 WMOV 1,0;
7017e439 WCMV;
7017e43a WMOV 3,0;
7017e43b SYSCALL 027
7017e43e WRTN;
7017e43f LLEF 2,[pc+0x7FE81D55] (0x70000195);
7017e442 XWSTA 1,[ac2+0x2];
7017e444 XNLDA 0,[ac3+0x4];
7017e446 WLDAI 1,0x40000000;
7017e449 SYSCALL 0167
7017e44c WRTN;
7017e44d NLDAI 2047 (0x07FF),0;
7017e44f XNSTA 0,[ac2+0x4];
7017e451 LLEF 0,[pc+0x7FE81CD4] (0x70000126);
7017e454 XWSTA 0,[ac2+0x6];
7017e456 WSUB 0,0;
7017e457 LWSTA 0,[pc+0x7FE81D35] (0x7000018D);
7017e45a XNSTA 0,[ac2+0x5];
7017e45c NLDAI 65535 (0xFFFF),0;
7017e45e XNSTA 0,[ac2+0x1];
7017e460 SYSCALL 0142
7017e463 WBR 78 (0x7017E4B1);
7017e464 LLEF 0,[pc+0x7FE81D44] (0x700001A9);
7017e467 WLSI 1,0;
7017e468 WADC 1,1;
7017e469 WSUB 2,2;
7017e46a SYSCALL 063
7017e46d WBR 68 (0x7017E4B1);
7017e46e LWSTA 1,[pc+0x7FE81D47] (0x700001B6);
7017e471 LLEF 2,[pc+0x7FE81D23] (0x70000195);
7017e474 NLDAI 65535 (0xFFFF),0;
7017e476 XNSTA 0,[ac2+0x1];
7017e478 WSUB 0,0;
7017e479 XNSTA 0,[ac2+0x5];
7017e47b LLEF 1,[pc+0x7FE81D11] (0x7000018D);
7017e47e XWSTA 1,[ac2+0xA];
7017e480 NLDAI 8 (0x0008),1;
7017e482 XNSTA 1,[ac2+0x9];
7017e484 SYSCALL 0142
7017e487 WBR 42 (0x7017E4B1);
7017e488 LLEF 2,[pc+0x7FE81D0C] (0x70000195);
7017e48b XNLDA 0,[ac2+0x1];
7017e48d WSEQI 0,4 (0x0004);
7017e48f WBR 16 (0x7017E49F);
7017e490 LWLDA 1,[pc+0x7FE81D25] (0x700001B6);
7017e493 LLEF 2,[pc+0x7FE81CF9] (0x7000018D);
7017e496 SYSCALL 060
7017e499 WBR 24 (0x7017E4B1);
7017e49a WSUB 0,0;
7017e49b LWSTA 0,[ac2+0x0];
7017e49e WBR -45 (0x7017E471);
7017e49f LNLDA 0,[pc+0x7FE81D12] (0x700001B2);
7017e4a2 WSEQ 0,0;
7017e4a3 WBR 4 (0x7017E4A7);
7017e4a4 XLEF 0,[pc+0x51] (0x7017E4F6);
7017e4a6 WBR 3 (0x7017E4A9);
7017e4a7 XLEF 0,[pc+0x33] (0x7017E4DB);
7017e4a9 XWLDA 1,[0x8];
7017e4ab LWSTA 1,[pc+0x7FE81D08] (0x700001B4);
7017e4ae XWSTA 0,[0x8];
7017e4b0 WRTN;
7017e4b1 XNLDA 1,[ac3+0x4];
7017e4b3 SYSCALL 0170
7017e4b6 WBR 1 (0x7017E4B7);
7017e4b7 WRTN;
# ----------------------------------------------------------------
# SWAT.REX
# ----------------------------------------------------------------
7017e4b8 WSAVS 0x0000;
7017e4ba XNLDA 0,[0x10A];
7017e4bc WSBI 1,0;
7017e4bd WSNE 0,0;
7017e4be WBR 12 (0x7017E4CA);
7017e4bf SYSCALL 0550
7017e4c2 WBR 1 (0x7017E4C3);
7017e4c3 WXORI 0,32768 (0x00008000);
7017e4c6 WSNE 0,0;
7017e4c7 WBR 3 (0x7017E4CA);
7017e4c8 NLDAI 7 (0x0007),0;
7017e4ca LNSTA 0,[pc+0x7FE81CE7] (0x700001B2);
7017e4cd LLEF 2,[pc+0x7FE81CC7] (0x70000195);
7017e4d0 NLDAI 65533 (0xFFFD),0;
7017e4d2 XNSTA 0,[ac2+0x1];
7017e4d4 WSUB 0,0;
7017e4d5 XNSTA 0,[ac2+0x5];
7017e4d7 LDAFP 1;
7017e4d8 XWSTA 1,[ac2+0x6];
7017e4da WBR 93 (0x7017E537);
7017e4db LDATS 3;
7017e4dc WANDI 3,2147483647 (0x7FFFFFFF);
7017e4df WCLM 3,3;
7017e4e0 LEF
7017e4e1 INC.CS 3,0;
7017e4e2 LEF
7017e4e3 SUB.S# 3,0,SNC;
7017e4e4 WBR 4 (0x7017E4E8);
7017e4e5 LJMP @[pc+0x7FE81CCE] (0x700001B4);
7017e4e8 SYSCALL 0550
7017e4eb WBR 1 (0x7017E4EC);
7017e4ec WXORI 0,32768 (0x00008000);
7017e4ef WSNE 0,0;
7017e4f0 WBR 3 (0x7017E4F3);
7017e4f1 NLDAI 7 (0x0007),0;
7017e4f3 LNSTA 0,[pc+0x7FE81CBE] (0x700001B2);
7017e4f6 LLEF 2,[pc+0x7FE81C9E] (0x70000195);
7017e4f9 NLDAI 1 (0x0001),1;
7017e4fb XNSTA 1,[ac2+0x1];
7017e4fd LLEF 2,[pc+0x7FE81C2B] (0x70000129);
7017e500 LNLDA 1,[pc+0x7FE81C25] (0x70000126);
7017e503 WSNE 1,1;
7017e504 WBR 15 (0x7017E513);
7017e505 LDATS 3;
7017e506 WANDI 3,2147483647 (0x7FFFFFFF);
7017e509 XWLDA 0,[ac2+0x0];
7017e50b WSNE 0,3;
7017e50c WBR 19 (0x7017E51F);
7017e50d WSBI 1,1;
7017e50e WSNE 1,1;
7017e50f WBR 4 (0x7017E513);
7017e510 WNADI 2,5 (0x0005);
7017e512 WBR -9 (0x7017E509);
7017e513 LNLDA 0,[pc+0x7FE81C9E] (0x700001B2);
7017e516 MOV 0,0,SNR;
7017e517 WBR 5 (0x7017E51C);
7017e518 SYSCALL 0526
7017e51b WBR 1 (0x7017E51C);
7017e51c LJMP @[pc+0x7FE81C97] (0x700001B4);
7017e51f XNLDA 0,[ac2+0x4];
7017e521 WPSH 0,0;
7017e522 XNLDA 1,[ac2+0x3];
7017e524 XNDSZ [ac2+0x2];
7017e526 WBR 30 (0x7017E544);
7017e527 LWLDA 2,[pc+0x7FE81C65] (0x7000018D);
7017e52a WSEQ 2,2;
7017e52b WBR 25 (0x7017E544);
7017e52c LLEF 2,[pc+0x7FE81C68] (0x70000195);
7017e52f XNSTA 1,[ac2+0x1];
7017e531 LDAFP 1;
7017e532 XWSTA 1,[ac2+0x6];
7017e534 WSUB 1,1;
7017e535 XNSTA 1,[ac2+0x5];
7017e537 LLEF 1,[pc+0x7FE81C55] (0x7000018D);
7017e53a XWSTA 1,[ac2+0xA];
7017e53c NLDAI 8 (0x0008),1;
7017e53e XNSTA 1,[ac2+0x9];
7017e540 SYSCALL 0142
7017e543 WRTN;
7017e544 LLEF 2,[pc+0x7FE81C50] (0x70000195);
7017e547 WPOP 0,0;
7017e548 WSUB 1,1;
7017e549 XNLDA 1,[ac2+0x1];
7017e54b LNADD 1,[pc+0x7FE81C66] (0x700001B2);
7017e54e LDSP 1,[pc+0x7] (0x7017E556);
7017e551 WBR 53 (0x7017E586);

memory_jump_table: 0x7017E552 0x7017E572
7017e556 VALID RANGE: [-1, 12]
         JUMP TARGETS: 0x7017E576, 0x7017E586, 0x7017E58B, 0x7017E58C, 0x7017E5A9, 0x7017E5AF, 0x7017E5C9, 0x7017E572,
                       0x7017E582, 0x7017E587, 0x7017E58C, 0x7017E5A9, 0x7017E5AF, 0x7017E5C5

disassemble: 0x7017E572 0x7017E688
7017e572 SYSCALL 0526
7017e575 WBR 1 (0x7017E576);
7017e576 XWLDA 1,[ac2+0x6];
7017e578 LDASP 3;
7017e579 XWLDA 2,[ac3+0x0];
7017e57b WANDI 2,-2147483648 (0x80000000);
7017e57e WIOR 1,2;
7017e57f XWSTA 2,[ac3+0x0];
7017e581 WPOPB;
7017e582 SYSCALL 0526
7017e585 WBR 1 (0x7017E586);
7017e586 WPOPB;
7017e587 SYSCALL 0526
7017e58a WBR 1 (0x7017E58B);
7017e58b PBX
7017e58c LWLDA 1,[pc+0x7FE81C04] (0x70000191);
7017e58f WPSH 0,1;
7017e590 LWLDA 1,[pc+0x7FE81BFE] (0x7000018F);
7017e593 LWLDA 2,[pc+0x7FE81BF9] (0x7000018D);
7017e596 XCALL 0,1,[ac2+0x0]; # addr not found
7017e599 LLEF 2,[pc+0x7FE81BFB] (0x70000195);
7017e59c XWSTA 0,[ac2+0x6];
7017e59e WSUB 1,1;
7017e59f XNSTA 1,[ac2+0x5];
7017e5a1 LWSTA 1,[pc+0x7FE81BEB] (0x7000018D);
7017e5a4 NLDAI 65534 (0xFFFE),1;
7017e5a6 XNSTA 1,[ac2+0x1];
7017e5a8 WBR -113 (0x7017E537);
7017e5a9 WPSH 0,0;
7017e5aa SYSCALL 0342
7017e5ad WBR -118 (0x7017E537);
7017e5ae WBR -119 (0x7017E537);
7017e5af WPSH 0,0;
7017e5b0 LWLDA 1,[pc+0x7FE81C05] (0x700001B6);
7017e5b3 LLEF 2,[pc+0x7FE81BD9] (0x7000018D);
7017e5b6 SYSCALL 060
7017e5b9 WBR 1 (0x7017E5BA);
7017e5ba WSUB 0,0;
7017e5bb LWSTA 0,[ac2+0x0];
7017e5be LLEF 2,[pc+0x7FE81BD6] (0x70000195);
7017e5c1 XNSTA 0,[ac2+0x5];
7017e5c3 XJMP [pc+0x7F73] (0x7017E537);
7017e5c5 SYSCALL 0526
7017e5c8 WBR 1 (0x7017E5C9);
7017e5c9 WPSH 0,0;
7017e5ca WRTN;
# ----------------------------------------------------------------
# B.MOVE
# ----------------------------------------------------------------
7017e5cb WSAVS 0x0000;
7017e5cd XWLDA 1,[ac3+0x7FEE];
7017e5cf XWLDA 2,[ac3+0x7FF4];
7017e5d1 WMOV 2,0;
7017e5d2 WSUB 1,0;
7017e5d3 WSGE 0,0;
7017e5d4 WSUB 0,0;
7017e5d5 WINC 0,0;
7017e5d6 WPSH 0,0;
7017e5d7 WSGE 1,2;
7017e5d8 WMOV 1,2;
7017e5d9 XWLDA 0,[ac3+0x7FF0];
7017e5db XWLDA 1,[ac3+0x7FF2];
7017e5dd WSGT 2,2;
7017e5de WBR 19 (0x7017E5F1);
7017e5df WPSH 2,2;
7017e5e0 XWLDA 2,[ac3+0x7FEA];
7017e5e2 XWLDA 3,[ac3+0x7FEC];
7017e5e4 WSZB 2,3;
7017e5e5 WBR 3 (0x7017E5E8);
7017e5e6 WBTZ 0,1;
7017e5e7 WBR 2 (0x7017E5E9);
7017e5e8 WBTO 0,1;
7017e5e9 WINC 1,1;
7017e5ea WINC 3,3;
7017e5eb DSZTS;
7017e5ec WBR -8 (0x7017E5E4);
7017e5ed WPOP 2,2;
7017e5ee WBR 3 (0x7017E5F1);
7017e5ef WBTZ 0,1;
7017e5f0 WINC 1,1;
7017e5f1 DSZTS;
7017e5f2 WBR -3 (0x7017E5EF);
7017e5f3 WRTN;
# ----------------------------------------------------------------
# C.INDEX
# ----------------------------------------------------------------
7017e5f4 WSAVS 0x0008;
7017e5f6 WSUB 0,0;
7017e5f7 XWSTA 0,[ac3+0x2];
7017e5f9 XWSTA 0,[ac3+0x4];
7017e5fb XWSTA 0,[ac3+0x6];
7017e5fd XWSTA 0,[ac3+0x8];
7017e5ff XWSTA 0,[ac3+0xA];
7017e601 XWSTA 0,[ac3+0xC];
7017e603 XWSTA 0,[ac3+0xE];
7017e605 XWSTA 0,[ac3+0x10];
7017e607 XLEF 0,[ac3+0x2];
7017e609 XWLDA 2,[ac3+0x7FF2];
7017e60b WLDB 2,1;
7017e60c WBTO 0,1;
7017e60d XWLDA 2,[ac3+0x7FF4];
7017e60f WSGT 2,2;
7017e610 WBR 53 (0x7017E645);
7017e611 XWLDA 1,[ac3+0x7FF0];
7017e613 WSGE 1,2;
7017e614 WBR 49 (0x7017E645);
7017e615 WSEQI 2,1 (0x0001);
7017e617 WBR 14 (0x7017E625);
7017e618 WMOV 3,2;
7017e619 XWLDA 3,[ac2+0x7FEE];
7017e61b WCST;
7017e61c XWLDA 0,[ac2+0x7FF0];
7017e61e WINC 0,0;
7017e61f WSNE 1,1;
7017e620 WMOV 1,0;
7017e621 WSUB 1,0;
7017e622 XWSTA 0,[ac2+0x7FF8];
7017e624 WRTN;
7017e625 XWSUB 1,[ac3+0x7FF4];
7017e627 WINC 1,1;
7017e628 XWSTA 1,[ac3+0x7FF0];
7017e62a WMOV 3,2;
7017e62b XWLDA 3,[ac2+0x7FEE];
7017e62d WBR 4 (0x7017E631);
7017e62e WPOP 3,0;
7017e62f WINC 3,3;
7017e630 WSBI 1,1;
7017e631 WCST;
7017e632 WSNE 1,1;
7017e633 WBR 18 (0x7017E645);
7017e634 WPSH 0,3;
7017e635 XWLDA 0,[ac2+0x7FF4];
7017e637 WMOV 0,1;
7017e638 XWLDA 2,[ac2+0x7FF2];
7017e63a WCMP;
7017e63b WSEQ 1,1;
7017e63c WBR -14 (0x7017E62E);
7017e63d WPOP 3,0;
7017e63e XWLDA 0,[ac2+0x7FF0];
7017e640 WINC 0,0;
7017e641 WSUB 1,0;
7017e642 XWSTA 0,[ac2+0x7FF8];
7017e644 WRTN;
7017e645 LDAFP 2;
7017e646 WSUB 0,0;
7017e647 XWSTA 0,[ac2+0x7FF8];
7017e649 WRTN;
# ----------------------------------------------------------------
# C.TRANS / C.TRANSL
# ----------------------------------------------------------------
7017e64a WSAVS 0x0040;
7017e64c XWLDA 2,[ac3+0x7FEC];
7017e64e WSGT 2,2;
7017e64f WBR 56 (0x7017E687);
7017e650 XWLDA 1,[ac3+0x7FF4];
7017e652 WSLE 1,1;
7017e653 WBR 7 (0x7017E65A);
7017e654 WXCH 0,2;
7017e655 WMOV 0,1;
7017e656 XWLDA 3,[ac3+0x7FEA];
7017e658 WCMV;
7017e659 WBR 46 (0x7017E687);
7017e65a NLDAI 256 (0x0100),0;
7017e65c WMOV 0,1;
7017e65d XLEFB 2,[ac3+0x4];
7017e65f LLEFB 3,[pc+0x50] (0x7017E6B0);
7017e662 WCMV;
7017e663 LDAFP 3;
7017e664 XLEFB 2,[ac3+0x4];
7017e666 XWLDA 0,[ac3+0x7FF4];
7017e668 WSBI 1,0;
7017e669 XWLDA 1,[ac3+0x7FF0];
7017e66b WSLT 0,1;
7017e66c WBR 6 (0x7017E672);
7017e66d WMOV 0,1;
7017e66e XWADD 1,[ac3+0x7FEE];
7017e670 WLDB 1,1;
7017e671 WBR 3 (0x7017E674);
7017e672 NLDAI 32 (0x0020),1;
7017e674 XWLDA 3,[ac3+0x7FF2];
7017e676 WADD 0,3;
7017e677 WLDB 3,3;
7017e678 WADD 2,3;
7017e679 WSTB 3,1;
7017e67a LDAFP 3;
7017e67b WSLE 0,0;
7017e67c WBR -20 (0x7017E668);
7017e67d WPSH 2,2;
7017e67e LDASP 0;
7017e67f XWLDA 1,[ac3+0x7FEC];
7017e681 WNEG 1,1;
7017e682 XWLDA 2,[ac3+0x7FF8];
7017e684 XWLDA 3,[ac3+0x7FEA];
7017e686 WCTR
7017e687 WRTN;

memory_data: 0x7017E688 0x7017E708
# ----------------------------------------------------------------
# C.COLLAT
# ----------------------------------------------------------------
7017E688    0001 0203 0405 0607 0809 0A0B 0C0D 0E0F  [                ]
7017E690    1011 1213 1415 1617 1819 1A1B 1C1D 1E1F  [                ]
7017E698    2021 2223 2425 2627 2829 2A2B 2C2D 2E2F  [ !"#$%&'()*+,-./]
7017E6A0    3031 3233 3435 3637 3839 3A3B 3C3D 3E3F  [0123456789:;<=>?]
7017E6A8    4041 4243 4445 4647 4849 4A4B 4C4D 4E4F  [@ABCDEFGHIJKLMNO]
7017E6B0    5051 5253 5455 5657 5859 5A5B 5C5D 5E5F  [PQRSTUVWXYZ[\]^_]
7017E6B8    6061 6263 6465 6667 6869 6A6B 6C6D 6E6F  [`abcdefghijklmno]
7017E6C0    7071 7273 7475 7677 7879 7A7B 7C7D 7E7F  [pqrstuvwxyz{|}~ ]
7017E6C8    8081 8283 8485 8687 8889 8A8B 8C8D 8E8F  [                ]
7017E6D0    9091 9293 9495 9697 9899 9A9B 9C9D 9E9F  [                ]
7017E6D8    A0A1 A2A3 A4A5 A6A7 A8A9 AAAB ACAD AEAF  [                ]
7017E6E0    B0B1 B2B3 B4B5 B6B7 B8B9 BABB BCBD BEBF  [                ]
7017E6E8    C0C1 C2C3 C4C5 C6C7 C8C9 CACB CCCD CECF  [                ]
7017E6F0    D0D1 D2D3 D4D5 D6D7 D8D9 DADB DCDD DEDF  [                ]
7017E6F8    E0E1 E2E3 E4E5 E6E7 E8E9 EAEB ECED EEEF  [                ]
7017E700    F0F1 F2F3 F4F5 F6F7 F8F9 FAFB FCFD FEFF  [                ]

disassemble: 0x7017E708 0x7017E715
# ----------------------------------------------------------------
# X.CB
# ----------------------------------------------------------------
7017e708 WSAVS 0x0001;
7017e70a WINC 1,1;
7017e70b STATS 1;
7017e70c NSUB 1,1;
7017e70d WBR 14 (0x7017E71B);
7017e70e WLDB 0,3;
7017e70f WCLM 3,3;
7017e710 JMP
7017e711 JMP
7017e712 JMP
7017e713 JMP
7017e714 WBR 10 (0x7017E71E);

memory_data: 0x7017E715 0x7017E71B
7017E715    CA99 FE29 0001 CAA9 AA59 8259            [   )     Y Y    ]

disassemble: 0x7017E71B 0x7017E85C
7017e71b DSZTS;
7017e71c WBR -14 (0x7017E70E);
7017e71d WRTN;
7017e71e LCALL [0x7017EE2D],0; # O.SCONVE
# ----------------------------------------------------------------
# D.MOD / F.MOD
# ----------------------------------------------------------------
7017e722 WSAVS 0x0000;
7017e724 FMOV 0,2;
7017e725 FSNE;
7017e726 WBR 12 (0x7017E732);
7017e727 FMOV 1,1;
7017e728 FSNE;
7017e729 WBR 9 (0x7017E732);
7017e72a FDD 1,2;
7017e72b FMOV 2,3;
7017e72c FINT 2;
7017e72d FCMP 2,3;
7017e72e FSGE;
7017e72f FAD 1,0;
7017e730 FMD 1,2;
7017e731 FSD 2,0;
7017e732 WRTN;
# ----------------------------------------------------------------
# I.PROLOG
# ----------------------------------------------------------------
7017e733 WSUB 0,0;
7017e734 WPSH 0,1;
7017e735 LDAFP 2;
7017e736 LDASP 0;
7017e737 XWSTA 0,[ac2+0x2];
7017e739 WSBI 2,0;
7017e73a XWSTA 0,[ac2+0xA];
7017e73c XWLDA 0,[ac3+0x0];
7017e73e XWSTA 0,[ac2+0x4];
7017e740 XNLDA 0,[ac3+0x2];
7017e742 XWSTA 0,[ac2+0x6];
7017e744 XNLDA 1,[ac3+0x3];
7017e746 XPEF [ac3+0x4];
7017e748 LDASB 3;
7017e749 XWLDA 0,[ac3+0x7FC0];
7017e74b XWSTA 2,[ac3+0x7FC0];
7017e74d XWSTA 0,[ac2+0x8];
7017e74f WBR 31 (0x7017E76E);
# ----------------------------------------------------------------
# I.WPROLO
# ----------------------------------------------------------------
7017e750 WSUB 0,0;
7017e751 WPSH 0,1;
7017e752 LDAFP 2;
7017e753 LDASP 0;
7017e754 XWSTA 0,[ac2+0x2];
7017e756 WSBI 2,0;
7017e757 XWSTA 0,[ac2+0xA];
7017e759 XWLDA 0,[ac3+0x0];
7017e75b XWSTA 0,[ac2+0x4];
7017e75d XWLDA 0,[ac3+0x2];
7017e75f XWSTA 0,[ac2+0x6];
7017e761 XNLDA 1,[ac3+0x4];
7017e763 XPEF [ac3+0x5];
7017e765 WBR -29 (0x7017E748);
# ----------------------------------------------------------------
# I.DISPLA
# ----------------------------------------------------------------
7017e766 LDAFP 2;
7017e767 LDASP 0;
7017e768 XWSTA 0,[ac2+0x2];
7017e76a XNLDA 1,[ac3+0x0];
7017e76c XPEF [ac3+0x1];
7017e76e XWLDA 3,[ac2+0x7FFA];
7017e770 XLEF 2,[ac2+0xC];
7017e772 WSBI 1,1;
7017e773 WSGT 1,1;
7017e774 WBR 7 (0x7017E77B);
7017e775 XWLDA 3,[ac3+0x7FFA];
7017e777 XWSTA 3,[ac2+0x0];
7017e779 WADI 2,2;
7017e77a WBR -8 (0x7017E772);
7017e77b LDAFP 3;
7017e77c WPOPJ;
# ----------------------------------------------------------------
# I.EPILOG
# ----------------------------------------------------------------
7017e77d LDAFP 3;
7017e77e XWLDA 0,[ac3+0x8];
7017e780 LDASB 2;
7017e781 XWSTA 0,[ac2+0x7FC0];
7017e783 WRTN;
# ----------------------------------------------------------------
# T?INITN
# ----------------------------------------------------------------
7017e784 LDASB 3;
7017e785 WBR 2 (0x7017E787);
# ----------------------------------------------------------------
# T.INIT
# ----------------------------------------------------------------
7017e786 WSUB 3,3;
7017e787 LDASL 1;
7017e788 WNADI 1,65472 (0xFFC0);
7017e78a WNEG 1,0;
7017e78b STASL 0;
7017e78c XLEF 0,[0x1C0];
7017e78e XNSTA 0,[0xC];
7017e790 LDASB 0;
7017e791 WADDI 0,1350 (0x00000546);
7017e794 WSGT 1,0;
7017e795 WBR 50 (0x7017E7C7);
7017e796 WPSH 2,3;
7017e797 LDASB 2;
7017e798 XLEF 2,[ac2+0x16];
7017e79a XLEF 3,[ac2+0x40];
7017e79c STASP 3;
7017e79d WSUB 1,1;
7017e79e XNSTA 1,[ac2+0x0];
7017e7a0 NLDAI 65 (0x0041),1;
7017e7a2 WINC 2,3;
7017e7a3 WBLM;
7017e7a4 STAFP 1;
7017e7a5 LDASB 2;
7017e7a6 LDASP 3;
7017e7a7 STASB 3;
7017e7a8 XWLDA 1,[ac2+0x4];
7017e7aa XWSTA 1,[ac3+0x7FD2];
7017e7ac XLEF 0,[ac2+0x2];
7017e7ae WPSH 2,2;
7017e7af XWLDA 2,[ac2+0x2];
7017e7b1 LDASL 1;
7017e7b2 WADDI 1,1200 (0x000004B0);
7017e7b5 WNEG 1,1;
7017e7b6 STASL 1;
7017e7b7 LCALL [0x7017EBA8],0; # I.FPU
7017e7bb XLEF 0,[pc+0x8] (0x7017E7C4);
7017e7bd SYSCALL 0505
7017e7c0 WMOV 0,0;
7017e7c1 XCALL 0,1,[ac2+0x0]; # addr not found
# ----------------------------------------------------------------
# T?KILL
# ----------------------------------------------------------------
7017e7c4 SYSCALL 0504
7017e7c7 WLDAI 0,0x00011620;
7017e7ca WLDAI 2,0x0000F000;
7017e7cd SYSCALL 0310
# ----------------------------------------------------------------
# I.LOCK
# ----------------------------------------------------------------
7017e7d0 WSAVR 0x0000;
7017e7d2 XWLDA 2,[ac3+0x7FF4];
7017e7d4 XNISZ [ac2+0x3];
7017e7d6 WMOV 0,0;
7017e7d7 NLDAI 32 (0x0020),1;
7017e7d9 WSZBO 2,1;
7017e7da WBR 8 (0x7017E7E2);
7017e7db WSUB 0,0;
7017e7dc XWSTA 0,[ac2+0x0];
7017e7de XNDSZ [ac2+0x3];
7017e7e0 WRTN;
7017e7e1 WRTN;
7017e7e2 WMOV 2,0;
7017e7e3 SYSCALL 0525
7017e7e6 WMOV 0,0;
7017e7e7 XWLDA 2,[ac3+0x7FF4];
7017e7e9 XNDSZ [ac2+0x3];
7017e7eb WRTN;
7017e7ec WRTN;
# ----------------------------------------------------------------
# I.UNLOCK
# ----------------------------------------------------------------
7017e7ed WSAVR 0x0000;
7017e7ef XWLDA 2,[ac3+0x7FF4];
7017e7f1 XLEF 2,[ac2+0x2];
7017e7f3 WSUB 0,0;
7017e7f4 WSUB 1,1;
7017e7f5 WLDAI 3,0x0000FFFF;
7017e7f8 WMESS;
7017e7f9 WBR 2 (0x7017E7FB);
7017e7fa WRTN;
7017e7fb LDAFP 3;
7017e7fc WSUB 2,2;
7017e7fd XWLDA 0,[ac3+0x7FF4];
7017e7ff WADC 1,1;
7017e800 SYSCALL 0523
7017e803 WRTN;
7017e804 WRTN;
# ----------------------------------------------------------------
# I?HPOWNER
# ----------------------------------------------------------------
7017e805 WSAVR 0x0000;
7017e807 LWLDA 0,[0x700001F2];
7017e80a WSEQ 0,0;
7017e80b WRTN;
7017e80c LDASB 0;
7017e80d LWSTA 0,[0x70000204];
7017e810 WRTN;
# ----------------------------------------------------------------
# I?ASIZE
# ----------------------------------------------------------------
7017e811 WSAVS 0x0000;
7017e813 XWLDA 2,@[ac3+0xFFF4];
7017e815 XWLDA 0,[ac2+0x7FFE];
7017e817 WNEG 0,0;
7017e818 WSBI 4,0;
7017e819 XWSTA 0,[ac3+0x7FF8];
7017e81b WRTN;
# ----------------------------------------------------------------
# I?INHPB
# ----------------------------------------------------------------
7017e81c WSSVS 0x0000;
7017e81e WMOVR 2;
7017e81f WBR 3 (0x7017E822);
# ----------------------------------------------------------------
# I?INHPW
# ----------------------------------------------------------------
7017e820 WSSVS 0x0000;
7017e822 LLEF 0,[0x700001FC];
7017e825 WCLM 2,0;
7017e826 WRTN;
7017e827 XWLDA 1,[ac2+0x7FFE];
7017e829 WSUB 1,2;
7017e82a WSBI 4,2;
7017e82b WCLM 2,0;
7017e82c WRTN;
7017e82d XWLDA 0,[ac2+0x0];
7017e82f WSEQ 0,1;
7017e830 WRTN;
7017e831 XWISZ [ac3+0x0];
7017e833 WRTN;
# ----------------------------------------------------------------
# I?INHPBS
# ----------------------------------------------------------------
7017e834 WSSVS 0x0000;
7017e836 WMOVR 2;
7017e837 WBR 3 (0x7017E83A);
# ----------------------------------------------------------------
# I?INHPWS
# ----------------------------------------------------------------
7017e838 WSSVS 0x0000;
7017e83a LLEF 0,[0x700001FC];
7017e83d WCLM 2,0;
7017e83e WRTN;
7017e83f XWLDA 1,[ac2+0x7FFE];
7017e841 WSUB 1,2;
7017e842 WSBI 4,2;
7017e843 WCLM 2,0;
7017e844 WRTN;
7017e845 XWLDA 0,[ac2+0x0];
7017e847 WSEQ 0,1;
7017e848 WRTN;
7017e849 XWLDA 0,[ac3+0x7FFA];
7017e84b WADD 0,0;
7017e84c WADI 4,0;
7017e84d WNEG 0,0;
7017e84e WSGE 0,1;
7017e84f WRTN;
7017e850 XWISZ [ac3+0x0];
7017e852 WRTN;
# ----------------------------------------------------------------
# I?SALLOC
# ----------------------------------------------------------------
7017e853 WSSVS 0x0000;
7017e855 NLDAI 3 (0x0003),1;
7017e857 XWSTA 1,[ac3+0x7FFA];
7017e859 XPSHJ [pc+0x30] (0x7017E88A);
7017e85b WBR 8 (0x7017E863);

memory_data: 0x7017E85C 0x7017E863
7017E85C    E118 7FF8 A589 E319 7FFA C7C9 87A9       [                ]

disassemble: 0x7017E863 0x7017E86B
7017e863 XWSTA 0,[ac3+0x7FF8];
7017e865 WRTN;
# ----------------------------------------------------------------
# I.ALLOC
# ----------------------------------------------------------------
7017e866 WSSVS 0x0000;
7017e868 XPSHJ [pc+0x8] (0x7017E871);
7017e86a WBR 2 (0x7017E86C);

memory_data: 0x7017E86B 0x7017E86C
7017E86B    87A9                                     [                ]

disassemble: 0x7017E86C 0x7017E875
7017e86c WMOV 0,2;
7017e86d LCALL [0x7017EE33],0; # O.SERROR
7017e871 LDSP 1,[pc+0x7] (0x7017E879);
7017e874 WBR 22 (0x7017E88A);

memory_jump_table: 0x7017E875 0x7017E881
7017e879 VALID RANGE: [1, 4]
         JUMP TARGETS: 0x7017E881, 0x7017E886, 0x7017E88A, 0x7017E88C

disassemble: 0x7017E881 0x7017E899
7017e881 WNADI 0,31 (0x001F);
7017e883 WLSHI 0,65531 (0xFFFB);
7017e885 WBR 7 (0x7017E88C);
7017e886 WADI 3,0;
7017e887 WLSHI 0,65534 (0xFFFE);
7017e889 WBR 3 (0x7017E88C);
7017e88a WINC 0,0;
7017e88b WHLV 0;
7017e88c WLSI 1,0;
7017e88d WADI 4,0;
7017e88e NLDAI 8 (0x0008),1;
7017e890 WSLE 1,0;
7017e891 WMOV 1,0;
7017e892 XPSHJ [pc+0x166] (0x7017E9F9);
7017e894 XPSHJ [pc+0x174] (0x7017EA09);
7017e896 XPSHJ [pc+0xD] (0x7017E8A4);
7017e898 WBR 2 (0x7017E89A);

memory_data: 0x7017E899 0x7017E89A
7017E899    C7C9                                     [                ]

disassemble: 0x7017E89A 0x7017E97C
7017e89a WMOV 0,0;
7017e89b XPSHJ [pc+0x165] (0x7017EA01);
7017e89d WPOPJ;
7017e89e LDAFP 3;
7017e89f WPOP 0,0;
7017e8a0 WLDAI 0,0x0001163B;
7017e8a3 WPOPJ;
7017e8a4 WPSH 0,0;
7017e8a5 LDASB 2;
7017e8a6 LWLDA 1,[0x70000204];
7017e8a9 WSNE 1,1;
7017e8aa WMOV 2,1;
7017e8ab WSEQ 1,2;
7017e8ac WBR -14 (0x7017E89E);
7017e8ad LLEF 2,[0x700001F4];
7017e8b0 XWLDA 1,[ac2+0x0];
7017e8b2 WADC 3,3;
7017e8b3 WSNE 1,3;
7017e8b4 WBR 27 (0x7017E8CF);
7017e8b5 NLDAI 65534 (0xFFFE),3;
7017e8b7 QSEARCH 0x001C;
7017e8b9 WBR 22 (0x7017E8CF);
7017e8ba WBR -3 (0x7017E8B7);
7017e8bb WMOV 2,0;
7017e8bc DEQUE;
7017e8bd WMOV 0,0;
7017e8be WMOV 1,2;
7017e8bf XWLDA 1,[ac2+0x7FFE];
7017e8c1 WMOV 1,0;
7017e8c2 LDATS 3;
7017e8c3 WSUB 3,0;
7017e8c4 NLDAI 8 (0x0008),3;
7017e8c6 WSGT 0,3;
7017e8c7 WBR 72 (0x7017E90F);
7017e8c8 WMOV 0,1;
7017e8c9 LDATS 0;
7017e8ca WADD 2,0;
7017e8cb XJSR [pc+0xE7] (0x7017E9B3); # symbol not found
7017e8cd LDATS 1;
7017e8ce WBR 65 (0x7017E90F);
7017e8cf LWLDA 3,[0x700001F0];
7017e8d2 LWLDA 1,[0x700001F2];
7017e8d5 WSNE 1,1;
7017e8d6 WBR 39 (0x7017E8FD);
7017e8d7 WSGT 1,1;
7017e8d8 WBR 7 (0x7017E8DF);
7017e8d9 WSUB 0,3;
7017e8da WSGE 3,1;
7017e8db WBR 58 (0x7017E915);
7017e8dc XLEF 2,[ac3+0x4];
7017e8de WBR 40 (0x7017E906);
7017e8df WNEG 1,1;
7017e8e0 XLEF 2,[ac3+0x2];
7017e8e2 WADD 0,3;
7017e8e3 WSGT 3,1;
7017e8e4 WBR 34 (0x7017E906);
7017e8e5 WPSH 2,0;
7017e8e6 WSUB 1,3;
7017e8e7 WNADI 3,1023 (0x03FF);
7017e8e9 WLSHI 3,65526 (0xFFF6);
7017e8eb WMOV 3,0;
7017e8ec SYSCALL 014
7017e8ef WBR 12 (0x7017E8FB);
7017e8f0 SYSCALL 03
7017e8f3 WMOV 0,0;
7017e8f4 WSBI 1,2;
7017e8f5 WNEG 2,2;
7017e8f6 LWSTA 2,[0x700001F2];
7017e8f9 WPOP 0,2;
7017e8fa WBR 12 (0x7017E906);
7017e8fb WPOP 0,2;
7017e8fc WBR 25 (0x7017E915);
7017e8fd WSUB 0,3;
7017e8fe LDASL 2;
7017e8ff WSUB 0,2;
7017e900 LDASP 1;
7017e901 WSGT 2,1;
7017e902 WBR 19 (0x7017E915);
7017e903 STASL 2;
7017e904 XLEF 2,[ac3+0x4];
7017e906 LWSTA 3,[0x700001F0];
7017e909 XPSHJ [pc+0x23] (0x7017E92D);
7017e90b WADC 1,1;
7017e90c XWSTA 1,[ac3+0x0];
7017e90e WMOV 0,1;
7017e90f LDAFP 0;
7017e910 XJSR [pc+0xA] (0x7017E91B); # symbol not found
7017e912 WPOP 0,0;
7017e913 ISZTS;
7017e914 WPOPJ;
7017e915 LDAFP 3;
7017e916 WPOP 0,0;
7017e917 WLDAI 0,0x00011613;
7017e91a WPOPJ;
7017e91b WSSVS 0x0000;
7017e91d WMOV 2,3;
7017e91e WADD 1,3;
7017e91f WNEG 1,1;
7017e920 XWSTA 1,[ac2+0x7FFE];
7017e922 XWSTA 1,[ac3+0x7FFC];
7017e924 WMOV 0,3;
7017e925 XWLDA 1,[ac3+0x7FFA];
7017e927 WSBI 2,1;
7017e928 WSNE 1,1;
7017e929 WLSI 1,2;
7017e92a XWSTA 2,[ac3+0x7FF8];
7017e92c WRTN;
7017e92d WPSH 0,0;
7017e92e LWLDA 0,[0x700001F2];
7017e931 WSGE 0,0;
7017e932 WBR 10 (0x7017E93C);
7017e933 LWLDA 0,[0x700001F0];
7017e936 WADI 2,0;
7017e937 LWSTA 0,[0x700001FC];
7017e93a WPOP 0,0;
7017e93b WPOPJ;
7017e93c LWLDA 0,[0x700001F0];
7017e93f WSBI 2,0;
7017e940 LWSTA 0,[0x700001FE];
7017e943 WPOP 0,0;
7017e944 WPOPJ;
# ----------------------------------------------------------------
# I.FREEB
# ----------------------------------------------------------------
7017e945 WSSVS 0x0000;
7017e947 WMOVR 0;
7017e948 WBR 8 (0x7017E950);
# ----------------------------------------------------------------
# I.FREEW
# ----------------------------------------------------------------
7017e949 WSSVS 0x0000;
7017e94b WBR 5 (0x7017E950);
# ----------------------------------------------------------------
# I.FREE
# ----------------------------------------------------------------
7017e94c WSSVS 0x0000;
7017e94e WSGE 0,0;
7017e94f WMOVR 0;
7017e950 XPSHJ [pc+0xA8] (0x7017E9F9);
7017e952 XPSHJ [pc+0xB6] (0x7017EA09);
7017e954 XPSHJ [pc+0x1B] (0x7017E970);
7017e956 XPSHJ [pc+0xAA] (0x7017EA01);
7017e958 WRTN;
7017e959 WLDAI 2,0x0001163B;
7017e95c LCALL [0x7017EE33],0; # O.SERROR
7017e960 WSNE 2,2;
7017e961 WBR 8 (0x7017E969);
7017e962 WLDAI 2,0x00011632;
7017e965 LCALL [0x7017EE33],0; # O.SERROR
7017e969 WLDAI 2,0x00011623;
7017e96c LCALL [0x7017EE33],0; # O.SERROR
7017e970 LDASB 2;
7017e971 LWLDA 1,[0x70000204];
7017e974 WSNE 1,1;
7017e975 WMOV 2,1;
7017e976 WSEQ 1,2;
7017e977 WBR -30 (0x7017E959);
7017e978 WMOV 0,2;
7017e979 XJSR [pc+0x7EA6] (0x7017E820); # I?INHPW
7017e97b WBR -27 (0x7017E960);

memory_data: 0x7017E97C 0x7017E9B3
7017E97C    CB09 7FFE A159 CB09 7FFC A9B9 90F8 9B79  [     Y         y]
7017E984    E309 7FFE 81B9 8938 A149 C158 7FFE B159  [       8 I X   Y]
7017E98C    EB79 9B79 83E9 7000 01F4 E7C9 8379 CB79  [ y y  p      y y]
7017E994    E7C9 8379 EB79 C379 CE19 001A 8789 A379  [   y y y       y]
7017E99C    C158 7FFE B159 CB79 9B79 83E9 7000 01F4  [ X   Y y y  p   ]
7017E9A4    F838 8B79 DB09 7FFE B369 C309 7FFE 81B9  [ 8 y     i      ]
7017E9AC    8138 E159 B369 F878 A379 EA69 F1B8       [ 8 Y i x y i    ]

disassemble: 0x7017E9B3 0x7017EA34
7017e9b3 WSSVS 0x0001;
7017e9b5 LWLDA 2,[0x700001F0];
7017e9b8 LWLDA 3,[0x700001F2];
7017e9bb WSLT 3,3;
7017e9bc WBR 7 (0x7017E9C3);
7017e9bd WSUB 1,2;
7017e9be WADI 2,2;
7017e9bf WSEQ 0,2;
7017e9c0 WBR 22 (0x7017E9D6);
7017e9c1 WSBI 2,2;
7017e9c2 WBR 6 (0x7017E9C8);
7017e9c3 WADI 4,2;
7017e9c4 WSEQ 0,2;
7017e9c5 WBR 17 (0x7017E9D6);
7017e9c6 WSBI 4,2;
7017e9c7 WADD 1,2;
7017e9c8 LWSTA 2,[0x700001F0];
7017e9cb XPSHJ [pc+0x7F61] (0x7017E92D);
7017e9cd WADC 0,0;
7017e9ce XWSTA 0,[ac2+0x0];
7017e9d0 WSEQ 3,3;
7017e9d1 WRTN;
7017e9d2 LDASL 2;
7017e9d3 WADD 1,2;
7017e9d4 STASL 2;
7017e9d5 WRTN;
7017e9d6 WMOV 0,2;
7017e9d7 XWSTA 1,[ac2+0x7FFE];
7017e9d9 WADD 1,2;
7017e9da XWSTA 1,[ac2+0x7FFC];
7017e9dc STATS 1;
7017e9dd LLEF 2,[0x700001F4];
7017e9e0 XWLDA 1,[ac2+0x0];
7017e9e2 WADC 3,3;
7017e9e3 WSNE 3,1;
7017e9e4 WBR 10 (0x7017E9EE);
7017e9e5 NLDAI 65534 (0xFFFE),3;
7017e9e7 QSEARCH 0x001A;
7017e9e9 WBR 5 (0x7017E9EE);
7017e9ea WBR -3 (0x7017E9E7);
7017e9eb NLDAI 51193 (0xC7F9),3;
7017e9ed WBR 5 (0x7017E9F2);
7017e9ee XWLDA 1,[ac2+0x0];
7017e9f0 NLDAI 51177 (0xC7E9),3;
7017e9f2 WMOV 2,0;
7017e9f3 LDAFP 2;
7017e9f4 XWLDA 2,[ac2+0x7FF8];
7017e9f6 XCT
7017e9f7 WMOV 0,0;
7017e9f8 WRTN;
7017e9f9 LPEF [0x70000200];
7017e9fc LCALL [0x7017E7D0],1; # I.LOCK
7017ea00 WPOPJ;
7017ea01 LPEF [0x70000200];
7017ea04 LCALL [0x7017E7ED],1; # I.UNLOCK
7017ea08 WPOPJ;
7017ea09 LWLDA 2,[0x700001FA];
7017ea0c WSGT 2,2;
7017ea0d WPOPJ;
7017ea0e WPSH 0,0;
7017ea0f WADC 1,1;
7017ea10 LWSTA 1,[0x700001FA];
7017ea13 WMOV 2,0;
7017ea14 XWLDA 1,[ac2+0x0];
7017ea16 WPSH 1,1;
7017ea17 XPSHJ [pc+0x7F58] (0x7017E970);
7017ea19 WPOP 2,2;
7017ea1a WSLE 2,2;
7017ea1b WBR -8 (0x7017EA13);
7017ea1c WPOP 0,0;
7017ea1d WPOPJ;
# ----------------------------------------------------------------
# I.TOFREE
# ----------------------------------------------------------------
7017ea1e WSAVR 0x0000;
7017ea20 LLEF 1,[0x700001FA];
7017ea23 WMOV 1,3;
7017ea24 XWLDA 1,[ac3+0x0];
7017ea26 WSLE 1,1;
7017ea27 WBR -4 (0x7017EA23);
7017ea28 XWSTA 2,[ac3+0x0];
7017ea2a WADC 1,1;
7017ea2b XWSTA 1,[ac2+0x0];
7017ea2d WRTN;
# ----------------------------------------------------------------
# I.INIT
# ----------------------------------------------------------------
7017ea2e WPSH 1,1;
7017ea2f LCALL [0x7017EA7A],0; # I.GINIT
7017ea33 WBR 37 (0x7017EA58);

memory_data: 0x7017EA34 0x7017EA58
7017EA34    F889 8649 F8B9 8138 DE49 E309 0002 DB79  [   I   8 I     y]
7017EA3C    9379 8159 C679 DE59 BE59 AE79 A6C9 7017  [ y Y y Y Y y  p ]
7017EA44    E805 0000 83E9 7000 0E87 A6C9 7017 EBA8  [      p     p   ]
7017EA4C    0000 A6C9 7017 FD16 0000 9609 0000 0000  [    p           ]
7017EA54    A6C9 7017 FCE8 0000                      [  p             ]

disassemble: 0x7017EA58 0x7017EA6D
7017ea58 WLDAI 2,0x0000F000;
7017ea5b SYSCALL 0310
# ----------------------------------------------------------------
# ?UKIL
# ----------------------------------------------------------------
7017ea5e LDASB 2;
7017ea5f WSEQ 2,2;
7017ea60 WBR 3 (0x7017EA63);
7017ea61 XJMP [ac3+0x0]; # addr not found
7017ea63 WPSH 3,3;
7017ea64 LDASB 3;
7017ea65 XWLDA 2,[ac3+0x7FD2];
7017ea67 WSNE 2,2;
7017ea68 WPOPJ;
7017ea69 LJSR [0x7017E820]; # I?INHPW
7017ea6c WPOPJ;

memory_data: 0x7017EA6D 0x7017EA7A
7017EA6D    A6C9 7017 EA1E 0000 F889 8159 C659 A679  [  p        Y Y y]
7017EA75    A659 DE09 0000                           [ Y              ]

# ----------------------------------------------------------------
# ?STACK_OVERHEAD
# ----------------------------------------------------------------
7017EA78    0000 0548                                [   H            ]

disassemble: 0x7017EA7A 0x7017EAEC
# ----------------------------------------------------------------
# I.GINIT
# ----------------------------------------------------------------
7017ea7a WSAVR 0x0000;
7017ea7c XLEF 0,[0x1C0];
7017ea7e XNSTA 0,[0xC];
7017ea80 WSEQI 0,45816 (0xB2F8);
7017ea82 WSUB 0,0;
7017ea83 WSUB 1,1;
7017ea84 LLEF 2,[pc+0x7FE824CA] (0x70000F4F);
7017ea87 WADC 3,3;
7017ea88 WMESS;
7017ea89 WBR 123 (0x7017EB04);
7017ea8a XLEF 0,[pc+0xD8] (0x7017EB63);
7017ea8c XWSTA 0,[0x124];
7017ea8e SYSCALL 03
7017ea91 WBR 95 (0x7017EAF0);
7017ea92 WMOV 2,3;
7017ea93 WLDAI 1,0xFFFFFFFF;
7017ea96 WSGE 1,1;
7017ea97 WBR 5 (0x7017EA9C);
7017ea98 WSUB 1,0;
7017ea99 WSGE 0,0;
7017ea9a WBR 90 (0x7017EAF4);
7017ea9b WBR 69 (0x7017EAE0);
7017ea9c WLDAI 1,0xFFFFFFFF;
7017ea9f WSGE 1,1;
7017eaa0 WBR 7 (0x7017EAA7);
7017eaa1 WLDAI 0,0x000004F0;
7017eaa4 WSLE 0,1;
7017eaa5 WMOV 0,1;
7017eaa6 WBR 42 (0x7017EAD0);
7017eaa7 WLDAI 2,0xFFFFFFFF;
7017eaaa WLDAI 1,0xFFFFFFFF;
7017eaad WSGE 1,1;
7017eaae WBR 12 (0x7017EABA);
7017eaaf WLDAI 0,0x000004F0;
7017eab2 WSGE 2,2;
7017eab3 WBR 5 (0x7017EAB8);
7017eab4 WSLE 0,2;
7017eab5 WMOV 0,2;
7017eab6 WADD 2,1;
7017eab7 WBR 25 (0x7017EAD0);
7017eab8 WADD 0,1;
7017eab9 WBR 19 (0x7017EACC);
7017eaba WLDAI 1,0x000004F0;
7017eabd WSGE 2,2;
7017eabe WBR 9 (0x7017EAC7);
7017eabf WSLE 2,1;
7017eac0 WMOV 2,1;
7017eac1 WLDAI 2,0x700001F0;
7017eac4 WSGE 2,2;
7017eac5 WBR 7 (0x7017EACC);
7017eac6 WBR 10 (0x7017EAD0);
7017eac7 WLDAI 2,0x700001F0;
7017eaca WSLT 2,2;
7017eacb WBR 21 (0x7017EAE0);
7017eacc XLEF 2,[0x1BB];
7017eace XNSTA 2,[0xC];
7017ead0 LLEF 0,[0x7000104C];
7017ead3 WANDI 0,-2 (0xFFFFFFFE);
7017ead6 WNADI 0,138 (0x008A);
7017ead8 WADD 1,0;
7017ead9 NLDAI 65526 (0xFFF6),1;
7017eadb WLSH 1,0;
7017eadc WLSH 1,3;
7017eadd WSLE 3,0;
7017eade WMOV 3,0;
7017eadf WSUB 3,0;
7017eae0 SYSCALL 014
7017eae3 WBR 21 (0x7017EAF8);
7017eae4 WSBI 1,1;
7017eae5 LLEF 2,[0x7000104C];
7017eae8 WANDI 2,-2 (0xFFFFFFFE);
7017eaeb WBR 32 (0x7017EB0B);

memory_data: 0x7017EAEC 0x7017EAF0
7017EAEC    C689 0001 1622 8A38                      [     " 8        ]

disassemble: 0x7017EAF0 0x7017EAFC
7017eaf0 WLDAI 0,0x0001161E;
7017eaf3 WBR 20 (0x7017EB07);
7017eaf4 WLDAI 0,0x0001161F;
7017eaf7 WBR 16 (0x7017EB07);
7017eaf8 WLDAI 0,0x00011603;
7017eafb WBR 12 (0x7017EB07);

memory_data: 0x7017EAFC 0x7017EB00
7017EAFC    C689 0001 1621 8238                      [     ! 8        ]

disassemble: 0x7017EB00 0x7017EB63
7017eb00 WLDAI 0,0x00011620;
7017eb03 WBR 4 (0x7017EB07);
7017eb04 WLDAI 0,0x0001163C;
7017eb07 LDAFP 3;
7017eb08 XWSTA 0,[ac3+0x7FF8];
7017eb0a WRTN;
7017eb0b WLDAI 3,0x700001F0;
7017eb0e WSGT 3,3;
7017eb0f WBR 65 (0x7017EB50);
7017eb10 WLDAI 3,0xFFFFFFFF;
7017eb13 WSGE 3,3;
7017eb14 WBR 4 (0x7017EB18);
7017eb15 WADI 4,3;
7017eb16 WADD 2,3;
7017eb17 WBR 24 (0x7017EB2F);
7017eb18 WLDAI 3,0xFFFFFFFF;
7017eb1b WSGE 3,3;
7017eb1c WBR 28 (0x7017EB38);
7017eb1d WLDAI 0,0x000004F0;
7017eb20 WINC 3,3;
7017eb21 WANDI 3,-2 (0xFFFFFFFE);
7017eb24 WSLE 0,3;
7017eb25 WMOV 0,3;
7017eb26 WNADI 3,132 (0x0084);
7017eb28 WADD 2,3;
7017eb29 WSGE 1,3;
7017eb2a WBR -42 (0x7017EB00);
7017eb2b WNEG 1,0;
7017eb2c XLEF 1,[ac3+0x7FFC];
7017eb2e WBR 14 (0x7017EB3C);
7017eb2f WANDI 3,-2 (0xFFFFFFFE);
7017eb32 WMOV 2,0;
7017eb33 WMOV 3,2;
7017eb34 WSBI 4,3;
7017eb35 WSGE 3,0;
7017eb36 WBR -54 (0x7017EB00);
7017eb37 WBR 5 (0x7017EB3C);
7017eb38 WSBI 2,1;
7017eb39 WMOV 1,3;
7017eb3a WSBI 2,1;
7017eb3b WSUB 0,0;
7017eb3c LWSTA 3,[0x700001F0];
7017eb3f LWSTA 0,[0x700001F2];
7017eb42 WSLT 0,0;
7017eb43 WADI 2,3;
7017eb44 LWSTA 3,[0x700001FC];
7017eb47 WSBI 2,3;
7017eb48 LWSTA 3,[0x700001FE];
7017eb4b WADC 0,0;
7017eb4c XWSTA 0,[ac3+0x0];
7017eb4e XWSTA 0,[ac3+0x2];
7017eb50 XLEF 2,[ac2+0x40];
7017eb52 WLDAI 0,0x000004F0;
7017eb55 WSUB 0,1;
7017eb56 WMOV 1,0;
7017eb57 WNADI 0,65472 (0xFFC0);
7017eb59 WSGE 0,2;
7017eb5a WBR -90 (0x7017EB00);
7017eb5b LDAFP 3;
7017eb5c XWSTA 1,[ac3+0x7FFA];
7017eb5e XWSTA 2,[ac3+0x7FFC];
7017eb60 XWADI 1,[ac3+0x0];
7017eb62 WRTN;

memory_data: 0x7017EB63 0x7017EBA8
7017EB63    7017 EE02 7017 EC7B                      [p   p  {        ]

# ----------------------------------------------------------------
# I.NOTICE
# ----------------------------------------------------------------
7017EB67    436F 7079 7269 6768 7420 2843 2920 4461  [Copyright (C) Da]
7017EB6F    7461 2047 656E 6572 616C 2043 6F72 706F  [ta General Corpo]
7017EB77    7261 7469 6F6E 2031 3938 302D 3139 3832  [ration 1980-1982]
7017EB7F    2E20 416C 6C20 7269 6768 7473 2072 6573  [. All rights res]
7017EB87    6572 7665 642E 2000 4C69 6365 6E73 6564  [erved.  Licensed]
7017EB8F    204D 6174 6572 6961 6C20 2D20 5072 6F70  [ Material - Prop]
7017EB97    6572 7479 206F 6620 4461 7461 2047 656E  [erty of Data Gen]
7017EB9F    6572 616C 2043 6F72 706F 7261 7469 6F6E  [eral Corporation]
7017EBA7    2E20                                     [.               ]

disassemble: 0x7017EBA8 0x7017EBBB
# ----------------------------------------------------------------
# I.FPU
# ----------------------------------------------------------------
7017eba8 WSAVS 0x0000;
7017ebaa SYSCALL 0542
7017ebad WMOV 0,0;
7017ebae LDASP 2;
7017ebaf WFPSH;
7017ebb0 NLDAI 65535 (0xFFFF),0;
7017ebb2 WSNE 0,0;
7017ebb3 WBR 3 (0x7017EBB6);
7017ebb4 NLDAI 128 (0x0080),0;
7017ebb6 XNSTA 0,[ac2+0x2];
7017ebb8 WFPOP;
7017ebb9 FTE;
7017ebba WRTN;

memory_data: 0x7017EBBB 0x7017EBC0
7017EBBB    9379 A6C9 7017 EE33 0000                 [ y  p  3        ]

disassemble: 0x7017EBC0 0x7017EC79
# ----------------------------------------------------------------
# I.SFALT
# ----------------------------------------------------------------
7017ebc0 WMOV 0,3;
7017ebc1 WSSVR 0x0000;
7017ebc3 WSBI 3,1;
7017ebc4 WSNE 1,1;
7017ebc5 WBR 107 (0x7017EC30);
7017ebc6 NLDAI 65535 (0xFFFF),0;
7017ebc8 WSUB 1,1;
7017ebc9 WLDAI 2,0x00011605;
7017ebcc LCALL [0x7017EE56],0; # O.SET
7017ebd0 LDASB 2;
7017ebd1 XWLDA 0,[ac2+0x7FCC];
7017ebd3 WSEQ 0,0;
7017ebd4 WBR 46 (0x7017EC02);
7017ebd5 XWLDA 0,[ac2+0x7FD0];
7017ebd7 WSNE 0,0;
7017ebd8 WBR 23 (0x7017EBEF);
7017ebd9 WSUB 0,0;
7017ebda STAFP 0;
7017ebdb STASP 2;
7017ebdc XWSTA 0,[ac2+0x7FC0];
7017ebde XWLDA 3,[ac3+0x0];
7017ebe0 LDASL 0;
7017ebe1 WANDI 0,2147483647 (0x7FFFFFFF);
7017ebe4 STASL 0;
7017ebe5 WSSVS 0x0000;
7017ebe7 LCALL [pc+0x36C] (0x7017EF54),0; # R?SIGNAL / ?ERROR
7017ebeb LCALL [pc+0x44A] (0x7017F036),0; # ?FATAL
7017ebef WADC 0,0;
7017ebf0 XWSTA 0,[ac2+0x7FD0];
7017ebf2 LDASL 0;
7017ebf3 WANDI 0,2147483647 (0x7FFFFFFF);
7017ebf6 WADDI 0,1200 (0x000004B0);
7017ebf9 STASL 0;
7017ebfa LCALL [pc+0x359] (0x7017EF54),0; # R?SIGNAL / ?ERROR
7017ebfe LCALL [pc+0x437] (0x7017F036),0; # ?FATAL
7017ec02 XWLDA 0,[ac2+0x7FD0];
7017ec04 WSEQ 0,0;
7017ec05 WBR 16 (0x7017EC15);
7017ec06 XWLDA 0,[ac2+0x7FCE];
7017ec08 XLEF 2,[pc+0x4] (0x7017EC0D);
7017ec0a LJSR [pc+0x71] (0x7017EC7C); # I.GOTO
7017ec0d LDASL 0;
7017ec0e WANDI 0,2147483647 (0x7FFFFFFF);
7017ec11 STASL 0;
7017ec12 LDASB 2;
7017ec13 XJMP @[ac2+0xFFCC]; # addr not found
7017ec15 LDASL 1;
7017ec16 WADD 0,1;
7017ec17 WANDI 1,2147483647 (0x7FFFFFFF);
7017ec1a STASL 1;
7017ec1b WSUB 0,0;
7017ec1c XWSTA 0,[ac2+0x7FD0];
7017ec1e XWLDA 1,[ac2+0x7FCE];
7017ec20 XWSTA 0,[ac2+0x7FCE];
7017ec22 XWLDA 3,[ac2+0x7FCC];
7017ec24 XWSTA 0,[ac2+0x7FCC];
7017ec26 XCALL 0,0,[ac3+0x0]; # addr not found
7017ec29 WLDAI 2,0x00011636;
7017ec2c LCALL [0x7017EE33],0; # O.SERROR
7017ec30 WLDAI 0,0x00011615;
7017ec33 WLDAI 2,0x0000F000;
7017ec36 SYSCALL 0310
# ----------------------------------------------------------------
# I.SFCON
# ----------------------------------------------------------------
7017ec39 WPSH 0,1;
7017ec3a NLDAI 3 (0x0003),2;
7017ec3c WSNE 1,2;
7017ec3d WBR -13 (0x7017EC30);
7017ec3e WSBI 2,2;
7017ec3f WSEQ 1,2;
7017ec40 WBR 36 (0x7017EC64);
7017ec41 WMOV 0,2;
7017ec42 XNLDA 0,[ac2+0x0];
7017ec44 WMOV 0,1;
7017ec45 WANDI 0,59391 (0x0000E7FF);
7017ec48 XWSUB 0,[pc+0x30] (0x7017EC79);
7017ec4a WSEQ 0,0;
7017ec4b WBR 14 (0x7017EC59);
7017ec4c WANDI 1,6144 (0x00001800);
7017ec4f NLDAI 65526 (0xFFF6),0;
7017ec51 WLSH 0,1;
7017ec52 LDASP 2;
7017ec53 WADD 1,2;
7017ec54 XWLDA 0,[ac2+0x7FF4];
7017ec56 WSGE 0,0;
7017ec57 WBR -39 (0x7017EC30);
7017ec58 WBR 6 (0x7017EC5E);
7017ec59 XNLDA 0,[ac2+0x1];
7017ec5b ZEX 0,0;
7017ec5c WNADI 0,5 (0x0005);
7017ec5e WNADI 0,511 (0x01FF);
7017ec60 NLDAI 65527 (0xFFF7),1;
7017ec62 WLSH 1,0;
7017ec63 WBR 3 (0x7017EC66);
7017ec64 NLDAI 1 (0x0001),0;
7017ec66 WPSH 0,0;
7017ec67 SYSCALL 014
7017ec6a WBR 12 (0x7017EC76);
7017ec6b WPOP 2,0;
7017ec6c LDASL 0;
7017ec6d WANDI 0,2147483647 (0x7FFFFFFF);
7017ec70 NLDAI 10 (0x000A),1;
7017ec72 WLSH 1,2;
7017ec73 WADD 2,0;
7017ec74 STASL 0;
7017ec75 WPOPB;
7017ec76 WPOP 2,0;
7017ec77 XJMP [pc+0x7F48] (0x7017EBC0); # I.SFALT

memory_data: 0x7017EC79 0x7017EC7B
7017EC79    0000 E649                                [   I            ]

disassemble: 0x7017EC7B 0x7017EC9D
# ----------------------------------------------------------------
# R.GOTO
# ----------------------------------------------------------------
7017ec7b WBR 3 (0x7017EC7E);
# ----------------------------------------------------------------
# I.GOTO
# ----------------------------------------------------------------
7017ec7c WMOV 3,1;
7017ec7d LDAFP 3;
7017ec7e WSNE 0,3;
7017ec7f WBR 33 (0x7017ECA0);
7017ec80 WPSH 1,2;
7017ec81 LDASB 2;
7017ec82 XWLDA 1,[ac2+0x7FC0];
7017ec84 WSEQ 3,1;
7017ec85 WBR 3 (0x7017EC88);
7017ec86 XWLDA 1,[ac3+0x8];
7017ec88 WMOV 3,2;
7017ec89 XWLDA 3,[ac2+0x7FFE];
7017ec8b WSLT 3,2;
7017ec8c WBR 22 (0x7017ECA2);
7017ec8d WSGT 3,3;
7017ec8e WBR 47 (0x7017ECBD);
7017ec8f WSEQ 3,0;
7017ec90 WBR -12 (0x7017EC84);
7017ec91 LDASB 3;
7017ec92 XWSTA 1,[ac3+0x7FC0];
7017ec94 XLEF 0,[pc+0x8] (0x7017EC9D);
7017ec96 XWSTA 0,[ac2+0x0];
7017ec98 WPOP 0,0;
7017ec99 XWSTA 0,[ac2+0x7FFC];
7017ec9b STAFP 2;
7017ec9c WRTN;

memory_data: 0x7017EC9D 0x7017ECA0
7017EC9D    E309 0002 A659                           [     Y          ]

disassemble: 0x7017ECA0 0x7017ECCB
7017eca0 XJMP [ac2+0x0]; # addr not found
7017eca2 WANDI 3,1879048192 (0x70000000);
7017eca5 WSGT 3,2;
7017eca6 WBR 23 (0x7017ECBD);
7017eca7 XWLDA 3,[ac3+0x124];
7017eca9 WSGT 3,3;
7017ecaa WBR 23 (0x7017ECC1);
7017ecab XWSTA 0,[ac2+0x7FF8];
7017ecad XWLDA 0,[ac2+0x0];
7017ecaf XWSTA 0,[ac2+0x7FFA];
7017ecb1 WPOP 0,0;
7017ecb2 XWSTA 0,[ac2+0x7FFC];
7017ecb4 XWLDA 3,[ac3+0x2];
7017ecb6 XWSTA 3,[ac2+0x0];
7017ecb8 LDASB 3;
7017ecb9 XWSTA 1,[ac3+0x7FC0];
7017ecbb STAFP 2;
7017ecbc WRTN;
7017ecbd WLDAI 2,0x00011614;
7017ecc0 WBR 4 (0x7017ECC4);
7017ecc1 WLDAI 2,0x00011635;
7017ecc4 WPOP 0,3;
7017ecc5 WSSVS 0x0000;
7017ecc7 LCALL [0x7017EE33],0; # O.SERROR

memory_data: 0x7017ECCB 0x7017ECCC
7017ECCB    8379                                     [ y              ]

disassemble: 0x7017ECCC 0x7017ED40
# ----------------------------------------------------------------
# I.FFALT
# ----------------------------------------------------------------
7017eccc LDASP 2;
7017eccd WPSH 0,1;
7017ecce LFSST
7017eccf JMP
7017ecd0 JMP
7017ecd1 LDATS 3;
7017ecd2 FSNM
7017ecd3 WBR 35 (0x7017ECF6);
7017ecd4 FSNO
7017ecd5 WBR 57 (0x7017ED0E);
7017ecd6 FSND
7017ecd7 WBR 47 (0x7017ED06);
7017ecd8 WPSH 2,2;
7017ecd9 NLDAI 65532 (0xFFFC),0;
7017ecdb LCALL [0x7017EDDD],0; # O.SEARCH
7017ecdf WPOP 2,2;
7017ece0 LDATS 3;
7017ece1 WSNE 1,1;
7017ece2 WBR 9 (0x7017ECEB);
7017ece3 WSSVS 0x0000;
7017ece5 FCLE
7017ece6 FTE;
7017ece7 LCALL [0x7017EE07],0; # O.SUNDER
7017eceb XNLDA 0,[ac3+0x0];
7017eced ANDI 0,6144 (0x1800);
7017ecef XNLDA 1,[pc+0x2A] (0x7017ED1A);
7017ecf1 ADD 0,1;
7017ecf2 ADD.ZL 0,0;
7017ecf3 ADD 0,1;
7017ecf4 XCT
7017ecf5 WBR 33 (0x7017ED16);
7017ecf6 XNLDA 0,[ac3+0x0];
7017ecf8 ANDI 0,59391 (0xE7FF);
7017ecfa XNLDA 1,[pc+0x20] (0x7017ED1B);
7017ecfc SUB.# 0,1,SNR;
7017ecfd WBR 25 (0x7017ED16);
7017ecfe WSSVS 0x0000;
7017ed00 FCLE
7017ed01 FTE;
7017ed02 LCALL [0x7017EE1F],0; # O.SFIXED
7017ed06 WSSVS 0x0000;
7017ed08 FCLE
7017ed09 FTE;
7017ed0a LCALL [0x7017EE17],0; # O.SZEROD
7017ed0e WSSVS 0x0000;
7017ed10 FCLE
7017ed11 FTE;
7017ed12 LCALL [0x7017EE0F],0; # O.SOVERF
7017ed16 STASP 2;
7017ed17 FCLE
7017ed18 FTE;
7017ed19 WPOPB;
7017ed1a FSS 0,0;
7017ed1b FSCAL 0;
# ----------------------------------------------------------------
# DERR.TRP
# ----------------------------------------------------------------
7017ed1c WPSH 3,3;
7017ed1d LDASP 3;
7017ed1e XWLDA 3,[ac3+0x7FFE];
7017ed20 LDSP 3,[pc+0x58] (0x7017ED79);
7017ed23 WBR 108 (0x7017ED8F);
7017ed24 LDASP 3;
7017ed25 XWLDA 3,[ac3+0x7FFC];
7017ed27 WPSH 0,0;
7017ed28 LPSR;
7017ed29 WADI 4,0;
7017ed2a WPSH 0,0;
7017ed2b WSAVR 0x0000;
7017ed2d XWLDA 0,[ac3+0x7FF4];
7017ed2f XWSTA 0,[ac3+0x7FF8];
7017ed31 XWLDA 2,[ac3+0x7FF0];
7017ed33 WADDI 2,-16 (0xFFFFFFF0);
7017ed36 WADD 2,2;
7017ed37 XLEF 3,[pc+0x8] (0x7017ED40);
7017ed39 WADD 3,2;
7017ed3a XWLDA 2,[ac2+0x0];
7017ed3c LCALL [0x7017EE33],0; # O.SERROR

memory_data: 0x7017ED40 0x7017ED52
7017ED40    0001 1617 0001 1612 0001 1624 0001 1625  [           $   %]
7017ED48    0001 1626 0001 1627 0001 162E 0001 162F  [   &   '   .   /]
7017ED50    0001 1637                                [   7            ]

disassemble: 0x7017ED52 0x7017ED75
7017ed52 LDASP 3;
7017ed53 XWLDA 3,[ac3+0x7FFC];
7017ed55 WPSH 0,0;
7017ed56 LPSR;
7017ed57 WADI 4,0;
7017ed58 WPSH 0,0;
7017ed59 WSAVR 0x0000;
7017ed5b XWLDA 0,[ac3+0x7FF4];
7017ed5d XWSTA 0,[ac3+0x7FF8];
7017ed5f XWLDA 2,[ac3+0x7FEE];
7017ed61 XWLDA 2,[ac2+0x2];
7017ed63 LCALL [0x7017EE33],0; # O.SERROR
7017ed67 WPOP 3,3;
7017ed68 STATS 2;
7017ed69 LDASP 2;
7017ed6a XWSTA 0,[ac2+0x7FFC];
7017ed6c LDASB 2;
7017ed6d XWSTA 0,[ac2+0x7FD4];
7017ed6f LWSTA 0,[0x7017FDC0];
7017ed72 WPOP 2,2;
7017ed73 ISZTS;
7017ed74 WPOPJ;

memory_jump_table: 0x7017ED75 0x7017ED8F
7017ed79 VALID RANGE: [16, 26]
         JUMP TARGETS: 0x7017ED24, 0x7017ED24, 0x7017ED24, 0x7017ED24, 0x7017ED24, 0x7017ED24, 0x7017ED24, 0x7017ED24,
                       0x7017ED24, 0x7017ED67, 0x7017ED52

disassemble: 0x7017ED8F 0x7017EF50
7017ed8f WPOP 3,3;
7017ed90 LJMP [pc+0x1031] (0x7017FDC2);
# ----------------------------------------------------------------
# T?AREA
# ----------------------------------------------------------------
7017ed93 WSAVS 0x0000;
7017ed95 LDASB 2;
7017ed96 XLEF 0,[ac2+0x7FD7];
7017ed98 XWSTA 0,[ac3+0x7FF8];
7017ed9a WRTN;
# ----------------------------------------------------------------
# O.ON
# ----------------------------------------------------------------
7017ed9b WSSVS 0x0004;
7017ed9d XWLDA 2,[ac3+0x7FFE];
7017ed9f XJSR [pc+0xDA] (0x7017EE7A); # symbol not found
7017eda1 WBR 3 (0x7017EDA4);
7017eda2 WSNE 1,1;
7017eda3 WBR 12 (0x7017EDAF);
7017eda4 XLEF 2,[ac3+0x7FF8];
7017eda6 WMOV 1,3;
7017eda7 XLEF 3,[ac3+0x2];
7017eda9 NLDAI 6 (0x0006),1;
7017edab WBLM;
7017edac XLEF 3,[ac3+0x7FF8];
7017edae WBR 23 (0x7017EDC5);
7017edaf NLDAI 65524 (0xFFF4),1;
7017edb1 WINC 3,2;
7017edb2 XLEF 3,[ac2+0x8];
7017edb4 WBLM;
7017edb5 LDASP 3;
7017edb6 STAFP 3;
7017edb7 XWLDA 2,[ac3+0x7FFE];
7017edb9 XLEF 3,[ac3+0x7FF4];
7017edbb XWSTA 3,[ac2+0x2];
7017edbd XLEF 3,[ac3+0x7FFA];
7017edbf XWLDA 1,@[ac2+0x800A];
7017edc1 XWSTA 1,[ac3+0x0];
7017edc3 XWSTA 3,@[ac2+0x800A];
7017edc5 WSLE 0,0;
7017edc6 WBR 4 (0x7017EDCA);
7017edc7 WSUB 1,1;
7017edc8 XWSTA 1,[ac3+0x4];
7017edca WRTN;
# ----------------------------------------------------------------
# O.REVERT
# ----------------------------------------------------------------
7017edcb WSSVR 0x0000;
7017edcd XWLDA 3,[ac3+0x7FFE];
7017edcf LDASB 2;
7017edd0 XWLDA 2,[ac2+0x7FC0];
7017edd2 WSEQ 2,3;
7017edd3 WBR 9 (0x7017EDDC);
7017edd4 XJSR [pc+0xA5] (0x7017EE7A); # symbol not found
7017edd6 WBR 2 (0x7017EDD8);
7017edd7 WBR 5 (0x7017EDDC);
7017edd8 WMOV 1,3;
7017edd9 WSUB 0,0;
7017edda XWSTA 0,[ac3+0x2];
7017eddc WRTN;
# ----------------------------------------------------------------
# O.SEARCH
# ----------------------------------------------------------------
7017eddd WSAVS 0x0000;
7017eddf XPSHJ [pc+0x82] (0x7017EE62);
7017ede1 LDAFP 3;
7017ede2 XWSTA 1,[ac3+0x7FFA];
7017ede4 XWSTA 2,[ac3+0x7FFC];
7017ede6 WRTN;
# ----------------------------------------------------------------
# O.SIGNAL
# ----------------------------------------------------------------
7017ede7 WSSVS 0x0000;
7017ede9 WLDAI 2,0x00011601;
7017edec WBR 76 (0x7017EE38);
# ----------------------------------------------------------------
# O?SIGNAL
# ----------------------------------------------------------------
7017eded WSAVS 0x0000;
7017edef XNLDA 0,[ac3+0x7FF7];
7017edf1 LDASB 2;
7017edf2 WSGTI 0,3 (0x0003);
7017edf4 WBR 4 (0x7017EDF8);
7017edf5 XNLDA 0,@[ac3+0xFFEE];
7017edf7 WBR 2 (0x7017EDF9);
7017edf8 WSUB 0,0;
7017edf9 XWSTA 0,[ac2+0x7FD6];
7017edfb XWLDA 0,@[ac3+0xFFF4];
7017edfd XWLDA 1,@[ac3+0xFFF2];
7017edff XWLDA 2,@[ac3+0xFFF0];
7017ee01 WBR 55 (0x7017EE38);
# ----------------------------------------------------------------
# R.SIGREC
# ----------------------------------------------------------------
7017ee02 WMOV 1,3;
7017ee03 WSUB 1,1;
7017ee04 WSSVS 0x0000;
7017ee06 WBR 50 (0x7017EE38);
# ----------------------------------------------------------------
# O.SUNDER
# ----------------------------------------------------------------
7017ee07 WSAVS 0x0000;
7017ee09 NLDAI 65532 (0xFFFC),0;
7017ee0b WLDAI 2,0x00011616;
7017ee0e WBR 41 (0x7017EE37);
# ----------------------------------------------------------------
# O.SOVERF
# ----------------------------------------------------------------
7017ee0f WSAVS 0x0000;
7017ee11 NLDAI 65533 (0xFFFD),0;
7017ee13 WLDAI 2,0x00011607;
7017ee16 WBR 33 (0x7017EE37);
# ----------------------------------------------------------------
# O.SZEROD
# ----------------------------------------------------------------
7017ee17 WSAVS 0x0000;
7017ee19 NLDAI 65531 (0xFFFB),0;
7017ee1b WLDAI 2,0x00011608;
7017ee1e WBR 25 (0x7017EE37);
# ----------------------------------------------------------------
# O.SFIXED
# ----------------------------------------------------------------
7017ee1f WSAVS 0x0000;
7017ee21 NLDAI 65534 (0xFFFE),0;
7017ee23 WLDAI 2,0x00011606;
7017ee26 WBR 17 (0x7017EE37);
# ----------------------------------------------------------------
# O.SSUBSC
# ----------------------------------------------------------------
7017ee27 WSAVS 0x0000;
7017ee29 WLDAI 2,0x00011612;
7017ee2c WBR 9 (0x7017EE35);
# ----------------------------------------------------------------
# O.SCONVE
# ----------------------------------------------------------------
7017ee2d WSAVS 0x0000;
7017ee2f WLDAI 2,0x00011611;
7017ee32 WBR 3 (0x7017EE35);
# ----------------------------------------------------------------
# O.SERROR
# ----------------------------------------------------------------
7017ee33 WSAVS 0x0000;
7017ee35 NLDAI 65535 (0xFFFF),0;
7017ee37 WSUB 1,1;
7017ee38 XCALL 0,0,[pc+0x1D] (0x7017EE56); # O.SET
7017ee3b XPSHJ [pc+0x26] (0x7017EE62);
7017ee3d XCALL 0,0,[ac2+0x0]; # addr not found
7017ee40 LDASB 2;
7017ee41 XWLDA 2,[ac2+0x7FD6];
7017ee43 WSEQ 2,2;
7017ee44 WRTN;
7017ee45 WSGT 0,0;
7017ee46 WBR 2 (0x7017EE48);
7017ee47 WRTN;
7017ee48 WLDAI 2,0x00011618;
7017ee4b INC.# 0,0,SZR;
7017ee4c WBR -23 (0x7017EE35);
7017ee4d LDASB 3;
7017ee4e XWLDA 0,[ac3+0x7FC6];
7017ee50 WSEQ 0,2;
7017ee51 WBR -28 (0x7017EE35);
7017ee52 LCALL [0x7017FCE8],0; # I.STOP
# ----------------------------------------------------------------
# O.SET
# ----------------------------------------------------------------
7017ee56 WSAVS 0x0000;
7017ee58 XJSR [pc+0x44] (0x7017EE9D); # symbol not found
7017ee5a LDASB 3;
7017ee5b XWSTA 0,[ac3+0x7FC2];
7017ee5d XWSTA 1,[ac3+0x7FC4];
7017ee5f XWSTA 2,[ac3+0x7FC6];
7017ee61 WRTN;
7017ee62 WPSH 1,1;
7017ee63 LDASB 2;
7017ee64 XWLDA 2,[ac2+0x7FC0];
7017ee66 WSGT 2,2;
7017ee67 WBR 8 (0x7017EE6F);
7017ee68 XJSR [pc+0x11] (0x7017EE7A); # symbol not found
7017ee6a WBR 11 (0x7017EE75);
7017ee6b LDATS 1;
7017ee6c XWLDA 2,[ac2+0x8];
7017ee6e WBR -8 (0x7017EE66);
7017ee6f WPOP 3,3;
7017ee70 LLEF 2,[pc+0x94] (0x7017EF05);
7017ee73 WSUB 1,1;
7017ee74 WPOPJ;
7017ee75 WPOP 3,3;
7017ee76 WXCH 1,2;
7017ee77 XWLDA 2,[ac2+0x6];
7017ee79 WPOPJ;
7017ee7a WSGT 0,0;
7017ee7b WSUB 1,1;
7017ee7c WSSVR 0x0000;
7017ee7e WSUB 0,0;
7017ee7f WPSH 0,0;
7017ee80 WSGT 2,2;
7017ee81 WBR 22 (0x7017EE97);
7017ee82 XWLDA 2,@[ac2+0x800A];
7017ee84 WSGT 2,2;
7017ee85 WBR 18 (0x7017EE97);
7017ee86 XWLDA 0,[ac2+0x2];
7017ee88 WSNE 0,0;
7017ee89 STATS 2;
7017ee8a XWLDA 1,[ac3+0x7FF8];
7017ee8c WSEQ 0,1;
7017ee8d WBR 7 (0x7017EE94);
7017ee8e XWLDA 0,[ac2+0x4];
7017ee90 XWLDA 1,[ac3+0x7FFA];
7017ee92 WSNE 0,1;
7017ee93 WBR 7 (0x7017EE9A);
7017ee94 XWLDA 2,[ac2+0x0];
7017ee96 WBR -18 (0x7017EE84);
7017ee97 WPOP 2,2;
7017ee98 ISZTS;
7017ee99 WMOV 0,0;
7017ee9a XWSTA 2,[ac3+0x7FFA];
7017ee9c WRTN;
7017ee9d WSSVR 0x0005;
7017ee9f WLDAI 0,0x00000000;
7017eea2 WSGT 0,0;
7017eea3 WBR 71 (0x7017EEEA);
7017eea4 LDASB 2;
7017eea5 XWLDA 0,[ac2+0x7FC0];
7017eea7 XWSTA 0,[ac3+0xA];
7017eea9 XWSTA 3,[ac3+0x6];
7017eeab WMOV 3,2;
7017eeac XWLDA 0,[ac3+0xA];
7017eeae XWLDA 2,[ac3+0x6];
7017eeb0 WSGT 2,2;
7017eeb1 WBR 73 (0x7017EEFA);
7017eeb2 WSEQ 0,2;
7017eeb3 WBR 17 (0x7017EEC4);
7017eeb4 XWLDA 2,[ac2+0x4];
7017eeb6 WSGT 2,2;
7017eeb7 WBR 32 (0x7017EED7);
7017eeb8 XNLDA 1,[ac2+0x0];
7017eeba WSLE 1,1;
7017eebb WBR 66 (0x7017EEFD);
7017eebc XWLDA 2,[ac3+0x6];
7017eebe XWLDA 0,[ac2+0x8];
7017eec0 LDAFP 3;
7017eec1 XWSTA 0,[ac3+0xA];
7017eec3 WBR 20 (0x7017EED7);
7017eec4 XPEF [ac3+0x2];
7017eec6 XPEF [ac3+0x4];
7017eec8 XWLDA 0,[ac2+0x0];
7017eeca WSBI 1,0;
7017eecb XWSTA 0,[ac3+0x8];
7017eecd XPEF [ac3+0x8];
7017eecf LCALL [0x7017F730],3; # I?LINEID
7017eed3 XWLDA 2,[ac3+0x2];
7017eed5 WSEQ 2,2;
7017eed6 WBR 8 (0x7017EEDE);
7017eed7 XWLDA 2,[ac3+0x6];
7017eed9 XWLDA 2,[ac2+0x7FFE];
7017eedb XWSTA 2,[ac3+0x6];
7017eedd WBR -49 (0x7017EEAC);
7017eede XWLDA 1,[ac3+0x4];
7017eee0 WADC 0,0;
7017eee1 WSEQ 0,2;
7017eee2 WBR 29 (0x7017EEFF);
7017eee3 XWLDA 2,[ac3+0x6];
7017eee5 XWLDA 2,[ac2+0x7FFE];
7017eee7 XWLDA 2,[ac2+0x4];
7017eee9 WBR 22 (0x7017EEFF);
7017eeea LDASB 3;
7017eeeb XWLDA 3,[ac3+0x7FC0];
7017eeed WSGT 3,3;
7017eeee WBR 12 (0x7017EEFA);
7017eeef XWLDA 2,[ac3+0x4];
7017eef1 WSGT 2,2;
7017eef2 WBR 5 (0x7017EEF7);
7017eef3 XNLDA 1,[ac2+0x0];
7017eef5 WSLE 1,1;
7017eef6 WBR 7 (0x7017EEFD);
7017eef7 XWLDA 3,[ac3+0x8];
7017eef9 WBR -12 (0x7017EEED);
7017eefa WSUB 2,2;
7017eefb WSUB 1,1;
7017eefc WBR 3 (0x7017EEFF);
7017eefd XWLDA 1,[ac3+0x6];
7017eeff LDASB 3;
7017ef00 XWSTA 1,[ac3+0x7FCA];
7017ef02 XWSTA 2,[ac3+0x7FC8];
7017ef04 WRTN;
# ----------------------------------------------------------------
# DEF?ON
# ----------------------------------------------------------------
7017ef05 WSAVS 0x000A;
7017ef07 LCALL [0x7017FC39],0; # O?AREA
7017ef0b XWSTA 0,[ac3+0xC];
7017ef0d WMOV 0,2;
7017ef0e XWLDA 1,[ac2+0x2];
7017ef10 WSGT 1,1;
7017ef11 WBR 22 (0x7017EF27);
7017ef12 XWLDA 0,[ac2+0x4];
7017ef14 XWSTA 0,[ac3+0xE];
7017ef16 XWLDA 0,[ac2+0x6];
7017ef18 XWSTA 0,[ac3+0x10];
7017ef1a XWSTA 1,[ac3+0x12];
7017ef1c XPEF [ac3+0x12];
7017ef1e XPEF [ac3+0x10];
7017ef20 XPEF [ac3+0xE];
7017ef22 LCALL [0x7017FD7A],3; # P?DEFON
7017ef26 WRTN;
7017ef27 XWLDA 0,[ac2+0x2];
7017ef29 WSNEI 0,65535 (0xFFFF);
7017ef2b WBR 22 (0x7017EF41);
7017ef2c WADC 0,0;
7017ef2d XWSTA 0,[ac3+0xE];
7017ef2f XWLDA 1,[ac2+0x4];
7017ef31 XWSTA 1,[ac3+0x10];
7017ef33 XWLDA 0,[ac2+0x6];
7017ef35 XWSTA 0,[ac3+0x12];
7017ef37 XPEF [ac3+0x12];
7017ef39 XPEF [ac3+0x10];
7017ef3b XPEF [ac3+0xE];
7017ef3d LCALL [0x7017EDED],3; # O?SIGNAL
7017ef41 LCALL [0x7017EF54],0; # R?SIGNAL / ?ERROR
7017ef45 XWLDA 2,[ac3+0xC];
7017ef47 XNLDA 0,[ac2+0x16];
7017ef49 MOV.L# 0,0,SZC;
7017ef4a WRTN;
7017ef4b LCALL [0x7017F036],0; # ?FATAL
7017ef4f WRTN;

memory_data: 0x7017EF50 0x7017EF51
7017EF50    0000                                     [                ]

disassemble: 0x7017EF51 0x7017EF8E
# ----------------------------------------------------------------
# R.SIGNAL
# ----------------------------------------------------------------
7017ef51 WSAVS 0x0000;
7017ef53 WBR 22 (0x7017EF69);
# ----------------------------------------------------------------
# R?SIGNAL / ?ERROR
# ----------------------------------------------------------------
7017ef54 WSAVS 0x0000;
7017ef56 XNLDA 2,[ac3+0x7FF7];
7017ef58 WSLE 2,2;
7017ef59 WBR 7 (0x7017EF60);
7017ef5a LDASB 2;
7017ef5b XWLDA 0,[ac2+0x7FC6];
7017ef5d XWLDA 1,[ac2+0x7FC2];
7017ef5f WBR 10 (0x7017EF69);
7017ef60 XWLDA 0,@[ac3+0xFFF4];
7017ef62 NLDAI 65535 (0xFFFF),1;
7017ef64 WSBI 2,2;
7017ef65 WSEQ 2,2;
7017ef66 WBR 3 (0x7017EF69);
7017ef67 XWLDA 1,@[ac3+0xFFF2];
7017ef69 WMOV 3,2;
7017ef6a XWLDA 3,[ac2+0x7FFE];
7017ef6c WSNE 3,3;
7017ef6d WBR 32 (0x7017EF8D);
7017ef6e WSGT 3,2;
7017ef6f WBR -6 (0x7017EF69);
7017ef70 XWLDA 3,[ac2+0x0];
7017ef72 XWSTA 0,[ac2+0x7FFC];
7017ef74 XWSTA 3,[ac2+0x7FFA];
7017ef76 XWSTA 1,[ac2+0x7FF8];
7017ef78 WANDI 3,1879048192 (0x70000000);
7017ef7b XWLDA 3,[ac3+0x124];
7017ef7d WSGT 3,3;
7017ef7e WBR 11 (0x7017EF89);
7017ef7f XWLDA 3,[ac3+0x0];
7017ef81 XWSTA 3,[ac2+0x0];
7017ef83 LDASB 3;
7017ef84 WSUB 0,0;
7017ef85 XWSTA 0,[ac3+0x7FC0];
7017ef87 STAFP 2;
7017ef88 WRTN;
7017ef89 LCALL [pc+0xAC] (0x7017F036),0; # ?FATAL
7017ef8d WRTN;

memory_data: 0x7017EF8E 0x7017F030
7017EF8E    0A00 0000 003D 0000 0A00 0000 0003 0000  [     =          ]
7017EF96    0A00 0000 0007 0000 0B00 0000 0021 0000  [             !  ]
7017EF9E    0A00 0000 0006 0000 0A00 0000 000B 0000  [                ]
7017EFA6    0A00 0000 0012 0000 0B00 0000 00FF 0000  [                ]
7017EFAE    0A00 0000 0013 0000 0A00 0000 0008 0000  [                ]
7017EFB6    0A00 0000 0001 0000 0B00 0000 7FFF 0000  [                ]
7017EFBE    0A00 0000 0004 0000 0A00 0000 0005 0000  [                ]
7017EFC6    0B00 0000 0020 0000 2E2E 2E20 2054 7261  [        ...  Tra]
7017EFCE    6365 6261 636B 206C 696D 6974 2072 6561  [ceback limit rea]
7017EFD6    6368 6564 2C20 7265 6D61 696E 696E 6720  [ched, remaining ]
7017EFDE    6361 6C6C 7320 6E6F 7420 6469 7370 6C61  [calls not displa]
7017EFE6    7965 642E 0A00 0000 206C 696E 6520 0000  [yed.     line   ]
7017EFEE    2C20 2000 3000 0000 2028 5269 6E67 2000  [,   0    (Ring  ]
7017EFF6    2B00 0000 2C20 2070 633D 0000 6672 6F6D  [+   ,  pc=  from]
7017EFFE    2066 703D 0000 0000 2E53 543C 303E 0000  [ fp=    .ST<0>  ]
7017F006    2E53 5400 2E50 5200 0A43 616C 6C20 5472  [.ST .PR  Call Tr]
7017F00E    6163 6562 6163 6B3A 0A0A 0A00 2900 0000  [aceback:    )   ]
7017F016    2875 6E69 7175 6520 7461 736B 2069 6420  [(unique task id ]
7017F01E    6973 2000 696E 2074 6173 6B20 2000 0000  [is  in task     ]
7017F026    206F 6620 6C69 6E65 2000 0000 6672 6F6D  [ of line    from]
7017F02E    2000 2E00                                [  .             ]

disassemble: 0x7017F030 0x7017F274
# ----------------------------------------------------------------
# ?SNAP
# ----------------------------------------------------------------
7017f030 WSAVS 0x00EB;
7017f032 WSUB 0,0;
7017f033 XNSTA 0,[ac3+0xC];
7017f035 WBR 7 (0x7017F03C);
# ----------------------------------------------------------------
# ?FATAL
# ----------------------------------------------------------------
7017f036 WSAVS 0x00EB;
7017f038 NLDAI 32768 (0x8000),0;
7017f03a XNSTA 0,[ac3+0xC];
7017f03c LCALL [0x7017FC39],0; # O?AREA
7017f040 XWSTA 0,[ac3+0x12];
7017f042 WMOV 0,2;
7017f043 XWLDA 1,[ac2+0x2];
7017f045 XWSTA 1,[ac3+0x14];
7017f047 XWLDA 0,[ac2+0x4];
7017f049 XWSTA 0,[ac3+0x16];
7017f04b XWLDA 0,[ac2+0x6];
7017f04d XWSTA 0,[ac3+0x18];
7017f04f XWLDA 0,[ac2+0x8];
7017f051 XWSTA 0,[ac3+0x1A];
7017f053 XWLDA 0,[ac2+0xA];
7017f055 XWSTA 0,[ac3+0x1C];
7017f057 XLEF 2,[ac3+0x1E];
7017f059 WSUB 0,0;
7017f05a WADC 1,1;
7017f05b SYSCALL 0333
7017f05e ADC 0,0,SKP;
7017f05f WSUB 0,0;
7017f060 MOV.L# 0,0,SNC;
7017f061 WBR 4 (0x7017F065);
7017f062 WADC 0,0;
7017f063 XNSTA 0,[ac3+0x1E];
7017f065 LNLDA 0,[0x70000F51];
7017f068 XNLDA 1,[ac3+0x1E];
7017f06a WSNE 0,1;
7017f06b WBR 8 (0x7017F073);
7017f06c LPEF [0x70000208];
7017f06f LCALL [0x7017E7D0],1; # I.LOCK
7017f073 XNLDA 0,[ac3+0x1E];
7017f075 LNSTA 0,[0x70000F51];
7017f078 LCALL [0x7017FD3D],0; # LANG?FLSH
7017f07c WSUB 0,0;
7017f07d XNSTA 0,[ac3+0x2E];
7017f07f XNSTA 0,[ac3+0xE];
7017f081 WMOV 3,1;
7017f082 XCALL 0,0,[pc+0x221] (0x7017F2A4); # symbol not found
7017f085 XWLDA 1,[ac3+0x14];
7017f087 WSGTI 1,65530 (0xFFFA);
7017f089 WBR 4 (0x7017F08D);
7017f08a WSGTI 1,9 (0x0009);
7017f08c WBR 4 (0x7017F090);
7017f08d WSUB 0,0;
7017f08e XWSTA 0,[ac3+0x14];
7017f090 XWLDA 0,[ac3+0x14];
7017f092 WADD 0,0;
7017f093 WADD 0,0;
7017f094 WADD 0,0;
7017f095 XWSTA 0,[ac3+0x1C4];
7017f097 XWLDA 2,[ac3+0x1C4];
7017f099 LNLDA 0,[ac2+0x70000F7B];
7017f09c WADI 2,0;
7017f09d WMOV 0,1;
7017f09e XLEFB 2,[ac3+0x260];
7017f0a0 XWLDA 3,[ac3+0x1C4];
7017f0a2 LLEFB 3,@[ac3+0x60001EF6];
7017f0a5 WCMV;
7017f0a6 LDAFP 3;
7017f0a7 XLEFB 0,[ac3+0x38C];
7017f0a9 NLDAI 14 (0x000E),1;
7017f0ab WPSH 0,1;
7017f0ac XWLDA 0,[ac3+0x18];
7017f0ae NLDAI 11 (0x000B),1;
7017f0b0 LCALL [0x7017FC50],2; # X.IC
7017f0b4 XLEF 2,[ac3+0x130];
7017f0b6 NLDAI 32 (0x0020),1;
7017f0b8 XNSUB 1,[ac2+0x0];
7017f0ba NLDAI 14 (0x000E),0;
7017f0bc WSGE 0,1;
7017f0bd WMOV 0,1;
7017f0be XNLDA 0,[ac2+0x0];
7017f0c0 WADD 1,0;
7017f0c1 XNSTA 0,[ac2+0x0];
7017f0c3 XLEFB 2,[ac2+0x2];
7017f0c5 WADD 0,2;
7017f0c6 WSUB 1,2;
7017f0c7 WMOV 1,0;
7017f0c8 XLEFB 3,[ac3+0x38C];
7017f0ca WCMV;
7017f0cb LDAFP 3;
7017f0cc XLEF 2,[ac3+0x130];
7017f0ce NLDAI 32 (0x0020),1;
7017f0d0 XNLDA 0,[ac2+0x0];
7017f0d2 XLEFB 3,[pc+0xFEB8] (0x7017F02F:0);
7017f0d4 WSLT 0,1;
7017f0d5 WBR 8 (0x7017F0DD);
7017f0d6 XLEFB 1,[ac2+0x2];
7017f0d8 WADD 0,1;
7017f0d9 WLDB 3,0;
7017f0da WSTB 1,0;
7017f0db XNISZ [ac2+0x0];
7017f0dd XPEF [pc+0x7EE8] (0x7017EFC6);
7017f0df LDAFP 3;
7017f0e0 XPEF [ac3+0x130];
7017f0e2 WMOV 3,1;
7017f0e3 XCALL 0,2,[pc+0x1AB] (0x7017F28F); # symbol not found
7017f0e6 WMOV 3,1;
7017f0e7 XCALL 0,0,[pc+0x1BC] (0x7017F2A4); # symbol not found
7017f0ea XWLDA 0,[ac3+0x14];
7017f0ec WSLE 0,0;
7017f0ed WBR 5 (0x7017F0F2);
7017f0ee XWLDA 0,[ac3+0x16];
7017f0f0 WSNE 0,0;
7017f0f1 WBR 22 (0x7017F107);
7017f0f2 XLEF 0,[pc+0x1C5] (0x7017F2B8);
7017f0f4 XWSTA 0,[ac3+0x1C6];
7017f0f6 XWSTA 3,[ac3+0x1C8];
7017f0f8 XPEF [ac3+0x18];
7017f0fa XPEF [ac3+0x16];
7017f0fc XPEF [ac3+0x14];
7017f0fe XPEF [ac3+0x1C6];
7017f100 LCALL [0x7017FABC],4; # P?SNAP
7017f104 XWSTA 0,[ac3+0x10];
7017f106 WBR 4 (0x7017F10A);
7017f107 WSUB 0,0;
7017f108 XWSTA 0,[ac3+0x10];
7017f10a WSUB 0,0;
7017f10b XNSTA 0,[ac3+0xD];
7017f10d XWLDA 1,[ac3+0x1A];
7017f10f WSNE 1,1;
7017f110 WBR 82 (0x7017F162);
7017f111 WSNEI 1,65535 (0xFFFF);
7017f113 WBR 79 (0x7017F162);
7017f114 NLDAI 32768 (0x8000),1;
7017f116 XNSTA 1,[ac3+0xD];
7017f118 XPEF [pc+0x7EA9] (0x7017EFC2);
7017f11a XPEFB @[pc+0xFE22] (0x7017EF3D);
7017f11c WXCH 3,1;
7017f11d XCALL 0,2,[pc+0x15B] (0x7017F279); # symbol not found
7017f120 XWLDA 1,[ac3+0x1C];
7017f122 WSGT 1,1;
7017f123 WBR 55 (0x7017F15A);
7017f124 XPEF [pc+0x7E9D] (0x7017EFC2);
7017f126 XPEFB @[pc+0xFE02] (0x7017EF29);
7017f128 WMOV 3,1;
7017f129 XCALL 0,2,[pc+0x14F] (0x7017F279); # symbol not found
7017f12c NLDAI 2816 (0x0B00),1;
7017f12e XNSTA 1,[ac3+0x22];
7017f130 XWLDA 2,[ac3+0x1C];
7017f132 XLEFB 0,[ac3+0x38C];
7017f134 NLDAI 14 (0x000E),1;
7017f136 WPSH 0,1;
7017f137 WMOV 2,0;
7017f138 NLDAI 11 (0x000B),1;
7017f13a LCALL [0x7017FC50],2; # X.IC
7017f13e XPEFB [ac3+0x38C];
7017f140 XLEF 2,[ac3+0x1CE];
7017f142 LCALL [0x7017FB81],1; # C?TRIM
7017f146 XNLDA 0,[ac3+0x1CE];
7017f148 XWSTA 0,[ac3+0x23];
7017f14a XPEF [ac3+0x22];
7017f14c XPEF [ac3+0x1CE];
7017f14e WXCH 3,1;
7017f14f XCALL 0,2,[pc+0x13F] (0x7017F28F); # symbol not found
7017f152 XPEF [pc+0x7E6B] (0x7017EFBE);
7017f154 XPEFB @[pc+0xFDA2] (0x7017EEF7);
7017f156 WMOV 3,1;
7017f157 XCALL 0,2,[pc+0x121] (0x7017F279); # symbol not found
7017f15a XPEF [pc+0x7E5F] (0x7017EFBA);
7017f15c XPEF @[ac3+0x801A];
7017f15e WMOV 3,1;
7017f15f XCALL 0,2,[pc+0x12F] (0x7017F28F); # symbol not found
7017f162 LNLDA 0,@[0x7015BCE7];
7017f165 WSNEI 0,1 (0x0001);
7017f167 WBR 5 (0x7017F16C);
7017f168 XNLDA 0,[ac3+0x1E];
7017f16a COM.# 0,0,SZR;
7017f16b WBR 4 (0x7017F16F);
7017f16c WMOV 0,0;
7017f16d XJMP [pc+0x84] (0x7017F1F2);
7017f16f XNLDA 0,[ac3+0xD];
7017f171 MOV.L# 0,0,SNC;
7017f172 WBR 9 (0x7017F17B);
7017f173 XPEF [pc+0x7E42] (0x7017EFB6);
7017f175 XPEFB @[pc+0xFD5C] (0x7017EED2);
7017f177 WMOV 3,1;
7017f178 XCALL 0,2,[pc+0x100] (0x7017F279); # symbol not found
7017f17b NLDAI 32768 (0x8000),0;
7017f17d XNSTA 0,[ac3+0xD];
7017f17f XNLDA 1,[ac3+0x20];
7017f181 MOV.# 1,1,SNR;
7017f182 WBR 55 (0x7017F1B9);
7017f183 XPEF [pc+0x7E2E] (0x7017EFB2);
7017f185 XPEFB @[pc+0xFD34] (0x7017EEBA);
7017f187 WMOV 3,1;
7017f188 XCALL 0,2,[pc+0xF0] (0x7017F279); # symbol not found
7017f18b NLDAI 2816 (0x0B00),1;
7017f18d XNSTA 1,[ac3+0x26];
7017f18f XNLDA 2,[ac3+0x20];
7017f191 XLEFB 0,[ac3+0x38C];
7017f193 NLDAI 14 (0x000E),1;
7017f195 WPSH 0,1;
7017f196 WMOV 2,0;
7017f197 NLDAI 11 (0x000B),1;
7017f199 LCALL [0x7017FC50],2; # X.IC
7017f19d XPEFB [ac3+0x38C];
7017f19f XLEF 2,[ac3+0x1CE];
7017f1a1 LCALL [0x7017FB81],1; # C?TRIM
7017f1a5 XNLDA 0,[ac3+0x1CE];
7017f1a7 XWSTA 0,[ac3+0x27];
7017f1a9 XPEF [ac3+0x26];
7017f1ab XPEF [ac3+0x1CE];
7017f1ad WXCH 3,1;
7017f1ae XCALL 0,2,[pc+0xE0] (0x7017F28F); # symbol not found
7017f1b1 XPEF [pc+0x7E04] (0x7017EFB6);
7017f1b3 XPEFB @[pc+0xFCE0] (0x7017EE94);
7017f1b5 WMOV 3,1;
7017f1b6 XCALL 0,2,[pc+0xC2] (0x7017F279); # symbol not found
7017f1b9 XPEF [pc+0x7DF4] (0x7017EFAE);
7017f1bb XPEFB @[pc+0xFCB4] (0x7017EE70);
7017f1bd WMOV 3,1;
7017f1be XCALL 0,2,[pc+0xBA] (0x7017F279); # symbol not found
7017f1c1 NLDAI 2816 (0x0B00),0;
7017f1c3 XNSTA 0,[ac3+0x2A];
7017f1c5 XNLDA 1,[ac3+0x1E];
7017f1c7 XLEFB 0,[ac3+0x38C];
7017f1c9 XWSTA 1,[ac3+0x1C4];
7017f1cb NLDAI 14 (0x000E),1;
7017f1cd WPSH 0,1;
7017f1ce XWLDA 0,[ac3+0x1C4];
7017f1d0 NLDAI 11 (0x000B),1;
7017f1d2 LCALL [0x7017FC50],2; # X.IC
7017f1d6 XPEFB [ac3+0x38C];
7017f1d8 XLEF 2,[ac3+0x1CE];
7017f1da LCALL [0x7017FB81],1; # C?TRIM
7017f1de XNLDA 0,[ac3+0x1CE];
7017f1e0 XWSTA 0,[ac3+0x2B];
7017f1e2 XPEF [ac3+0x2A];
7017f1e4 XPEF [ac3+0x1CE];
7017f1e6 WXCH 3,1;
7017f1e7 XCALL 0,2,[pc+0xA7] (0x7017F28F); # symbol not found
7017f1ea XPEF [pc+0x7DCB] (0x7017EFB6);
7017f1ec XPEFB @[pc+0xFC4E] (0x7017EE3B);
7017f1ee WMOV 3,1;
7017f1ef XCALL 0,2,[pc+0x89] (0x7017F279); # symbol not found
7017f1f2 XNLDA 0,[ac3+0xD];
7017f1f4 MOV.L# 0,0,SNC;
7017f1f5 WBR 13 (0x7017F202);
7017f1f6 XPEF [pc+0x7DBF] (0x7017EFB6);
7017f1f8 XPEFB @[pc+0xFC6C] (0x7017EE65);
7017f1fa WMOV 3,1;
7017f1fb XCALL 0,2,[pc+0x7D] (0x7017F279); # symbol not found
7017f1fe WMOV 3,1;
7017f1ff XCALL 0,0,[pc+0xA4] (0x7017F2A4); # symbol not found
7017f202 XNLDA 0,[ac3+0x7FF7];
7017f204 ADD.O# 0,0,SBN;
7017f205 WBR 11 (0x7017F210);
7017f206 XWLDA 0,[ac3+0x7FF4];
7017f208 WSNE 0,0;
7017f209 WBR 7 (0x7017F210);
7017f20a WPSH 0,0;
7017f20b WMOV 3,1;
7017f20c XCALL 0,1,[pc+0x163] (0x7017F370); # symbol not found
7017f20f WBR 12 (0x7017F21B);
7017f210 XNLDA 0,[ac3+0xC];
7017f212 MOV.L# 0,0,SNC;
7017f213 WBR 8 (0x7017F21B);
7017f214 WSBI 2,3;
7017f215 WPSH 3,3;
7017f216 LDAFP 1;
7017f217 LDAFP 2;
7017f218 XCALL 0,1,[pc+0x157] (0x7017F370); # symbol not found
7017f21b XWLDA 0,[ac3+0x18];
7017f21d WSNE 0,0;
7017f21e WBR 7 (0x7017F225);
7017f21f XPEF [ac3+0x18];
7017f221 WMOV 3,1;
7017f222 XCALL 0,1,[pc+0x117] (0x7017F33A); # symbol not found
7017f225 XWLDA 0,[ac3+0x10];
7017f227 WSNE 0,0;
7017f228 WBR 7 (0x7017F22F);
7017f229 XPEF [ac3+0x10];
7017f22b WMOV 3,1;
7017f22c XCALL 0,1,[pc+0x10D] (0x7017F33A); # symbol not found
7017f22f WMOV 3,1;
7017f230 XCALL 0,0,[pc+0xCB] (0x7017F2FC); # symbol not found
7017f233 XNLDA 0,[ac3+0xC];
7017f235 WCOM 0,0;
7017f236 MOV.L# 0,0,SNC;
7017f237 WBR 20 (0x7017F24B);
7017f238 LNLDA 0,[0x70000F51];
7017f23b XNLDA 1,[ac3+0x1E];
7017f23d WSEQ 0,1;
7017f23e WRTN;
7017f23f WSUB 0,0;
7017f240 LNSTA 0,[0x70000F51];
7017f243 LPEF [0x70000208];
7017f246 LCALL [0x7017E7ED],1; # I.UNLOCK
7017f24a WRTN;
7017f24b XLEF 2,[ac3+0x130];
7017f24d NLDAI 32 (0x0020),1;
7017f24f XNLDA 0,[ac2+0x0];
7017f251 XLEFB 3,[pc+0xFB82] (0x7017F013:0);
7017f253 WSLT 0,1;
7017f254 WBR 8 (0x7017F25C);
7017f255 XLEFB 1,[ac2+0x2];
7017f257 WADD 0,1;
7017f258 WLDB 3,0;
7017f259 WSTB 1,0;
7017f25a XNISZ [ac2+0x0];
7017f25c LCALL [0x7017E4B8],0; # SWAT.REX
7017f260 LCALL [0x7017FCF3],0; # LANG?STOP
7017f264 XLEFB 2,[ac3+0x262];
7017f266 XNLDA 0,[ac3+0x130];
7017f268 WADDI 0,32768 (0x00008000);
7017f26b XWSTA 0,[ac3+0x1C4];
7017f26d WSUB 0,0;
7017f26e WMOV 2,1;
7017f26f XWLDA 2,[ac3+0x1C4];
7017f271 SYSCALL 0310

memory_data: 0x7017F274 0x7017F279
7017F274    8401 8159 824B 8379 9BF8                 [   Y K y        ]

disassemble: 0x7017F279 0x7017F339
7017f279 WSAVS 0x0008;
7017f27b XWLDA 2,[ac3+0x7FF4];
7017f27d XWSTA 2,[ac3+0xC];
7017f27f XWLDA 2,[ac3+0x7FF2];
7017f281 XWLDA 0,[ac2+0x1];
7017f283 CVWN 0;
7017f284 XNSTA 0,[ac3+0xE];
7017f286 XPEF [ac3+0xE];
7017f288 XPEF [ac3+0xC];
7017f28a XCALL 0,2,[pc+0x2D] (0x7017F2B8); # symbol not found
7017f28d WRTN;
7017f28e WBR 109 (0x7017F2FB);
7017f28f WSAVS 0x0008;
7017f291 XWLDA 2,[ac3+0x7FF4];
7017f293 XLEFB 2,[ac2+0x2];
7017f295 XNLDA 0,@[ac3+0xFFF4];
7017f297 XWSTA 2,[ac3+0xC];
7017f299 XNSTA 0,[ac3+0xE];
7017f29b XPEF [ac3+0xE];
7017f29d XPEF [ac3+0xC];
7017f29f XCALL 0,2,[pc+0x18] (0x7017F2B8); # symbol not found
7017f2a2 WRTN;
7017f2a3 WBR 88 (0x7017F2FB);
7017f2a4 WSAVS 0x0008;
7017f2a6 LLEFB 2,@[0x60001F96];
7017f2a9 XWSTA 2,[ac3+0xC];
7017f2ab NLDAI 1 (0x0001),0;
7017f2ad XNSTA 0,[ac3+0xE];
7017f2af XPEF [ac3+0xE];
7017f2b1 XPEF [ac3+0xC];
7017f2b3 XCALL 0,2,[pc+0x4] (0x7017F2B8); # symbol not found
7017f2b6 WRTN;
7017f2b7 WBR 68 (0x7017F2FB);
7017f2b8 WSAVS 0x0008;
7017f2ba WMOV 1,2;
7017f2bb XNLDA 0,[ac2+0x2E];
7017f2bd XNLDA 1,@[ac3+0xFFF2];
7017f2bf WADD 1,0;
7017f2c0 WSGTI 0,512 (0x0200);
7017f2c2 WBR 5 (0x7017F2C7);
7017f2c3 WMOV 2,1;
7017f2c4 XCALL 0,0,[pc+0x37] (0x7017F2FC); # symbol not found
7017f2c7 LLEF 0,[0x7015BCE9];
7017f2ca XNLDA 1,@[ac3+0xFFF2];
7017f2cc XWLDA 3,@[ac3+0xFFF4];
7017f2ce WINC 1,2;
7017f2cf WCST;
7017f2d0 WSNE 1,1;
7017f2d1 WMOV 2,1;
7017f2d2 WSUB 1,2;
7017f2d3 CVWN 2;
7017f2d4 LDAFP 3;
7017f2d5 XNSTA 2,[ac3+0xC];
7017f2d7 MOV.# 2,2,SNR;
7017f2d8 WBR 9 (0x7017F2E1);
7017f2d9 XWLDA 2,[ac3+0x7FFA];
7017f2db XNLDA 0,[ac2+0x2E];
7017f2dd XNADD 0,[ac3+0xC];
7017f2df XNSTA 0,[ac2+0xE];
7017f2e1 XWLDA 2,[ac3+0x7FFA];
7017f2e3 XLEF 2,[ac2+0x2E];
7017f2e5 NLDAI 512 (0x0200),1;
7017f2e7 XNSUB 1,[ac2+0x0];
7017f2e9 XNLDA 0,@[ac3+0xFFF2];
7017f2eb WSGE 0,1;
7017f2ec WMOV 0,1;
7017f2ed XNLDA 0,[ac2+0x0];
7017f2ef WADD 1,0;
7017f2f0 XNSTA 0,[ac2+0x0];
7017f2f2 XLEFB 2,[ac2+0x2];
7017f2f4 WADD 0,2;
7017f2f5 WSUB 1,2;
7017f2f6 WMOV 1,0;
7017f2f7 XWLDA 3,@[ac3+0xFFF4];
7017f2f9 WCMV;
7017f2fa WRTN;
7017f2fb WBR 115 (0x7017F36E);
7017f2fc WSAVS 0x0008;
7017f2fe WMOV 1,2;
7017f2ff XNLDA 0,[ac2+0xE];
7017f301 MOV.# 0,0,SZR;
7017f302 WBR 5 (0x7017F307);
7017f303 XNLDA 0,[ac2+0x2E];
7017f305 XNSTA 0,[ac2+0xE];
7017f307 XWLDA 2,[ac3+0x7FFA];
7017f309 XLEFB 2,[ac2+0x5E];
7017f30b XWSTA 2,[ac3+0xC];
7017f30d XWLDA 2,[ac3+0x7FFA];
7017f30f XPEF [ac2+0xE];
7017f311 XPEF [ac3+0xC];
7017f313 LCALL [0x7017FBE3],2; # ?WRITE_ERROR_CHANNEL
7017f317 MOV.L# 0,0,SNC;
7017f318 WMOV 0,0;
7017f319 XWLDA 2,[ac3+0x7FFA];
7017f31b XNLDA 0,[ac2+0x2E];
7017f31d WINC 0,0;
7017f31e XNLDA 1,[ac2+0xE];
7017f320 WINC 1,1;
7017f321 WSUB 1,0;
7017f322 XWSTA 0,[ac3+0xC];
7017f324 XLEFB 0,[ac2+0x5D];
7017f326 WADD 0,1;
7017f327 XWLDA 0,[ac3+0xC];
7017f329 XWSTA 1,[ac3+0xE];
7017f32b WMOV 0,1;
7017f32c XNSTA 0,[ac2+0x2E];
7017f32e XLEFB 2,[ac2+0x5E];
7017f330 XWLDA 3,[ac3+0xE];
7017f332 WCMV;
7017f333 LDAFP 3;
7017f334 XWLDA 2,[ac3+0x7FFA];
7017f336 XNSTA 0,[ac2+0xE];
7017f338 WRTN;

memory_data: 0x7017F339 0x7017F33A
7017F339    9978                                     [ x              ]

disassemble: 0x7017F33A 0x7017F6B3
7017f33a WSAVS 0x0007;
7017f33c XWLDA 0,@[ac3+0xFFF4];
7017f33e XWSTA 0,[ac3+0xC];
7017f340 WMOV 1,2;
7017f341 XLEFB 2,[ac2+0x286];
7017f343 WLDAI 1,0x0000FFFF;
7017f346 SYSCALL 0311
7017f349 ADC 1,1,SKP;
7017f34a WSUB 1,1;
7017f34b XWSTA 0,[ac3+0xC];
7017f34d MOV.L# 1,1,SNC;
7017f34e WBR 4 (0x7017F352);
7017f34f WSUB 0,0;
7017f350 XWSTA 0,[ac3+0xC];
7017f352 XWLDA 0,[ac3+0xC];
7017f354 CVWN 0;
7017f355 XWLDA 2,[ac3+0x7FFA];
7017f357 XNSTA 0,[ac2+0x142];
7017f359 WSGTI 0,80 (0x0050);
7017f35b WBR 5 (0x7017F360);
7017f35c NLDAI 10 (0x000A),0;
7017f35e XSTB 0,[ac2+0x2D5];
7017f360 XPEF [pc+0x7C49] (0x7017EFAA);
7017f362 XWLDA 2,[ac3+0x7FFA];
7017f364 XPEF [ac2+0x142];
7017f366 WMOV 2,1;
7017f367 XCALL 0,2,[pc+0x7F27] (0x7017F28F); # symbol not found
7017f36a XCALL 0,0,[pc+0x7F39] (0x7017F2A4); # symbol not found
7017f36d WRTN;
7017f36e XJMP [pc+0x305] (0x7017F674);
7017f370 WSAVS 0x0029;
7017f372 XWLDA 0,@[ac3+0xFFF4];
7017f374 WSNE 0,0;
7017f375 WRTN;
7017f376 WADC 0,0;
7017f377 XWSTA 0,[ac3+0x1A];
7017f379 XLEF 2,[ac3+0x1A];
7017f37b NLDAI 14 (0x000E),1;
7017f37d XLEF 3,[ac2+0x2];
7017f37f WBLM;
7017f380 XPEF [pc+0x7C25] (0x7017EFA6);
7017f382 XPEFB @[pc+0xF90E] (0x7017EC91);
7017f384 LDAFP 3;
7017f385 XWLDA 1,[ac3+0x7FFA];
7017f387 XCALL 0,2,[pc+0x7EF1] (0x7017F279); # symbol not found
7017f38a WSUB 2,2;
7017f38b XNSTA 2,[ac3+0x13];
7017f38d XLEF 2,[ac3+0xE];
7017f38f XWSTA 2,[ac3+0xE];
7017f391 XNLDA 2,[ac3+0xE];
7017f393 WANDI 2,28672 (0x00007000);
7017f396 WLSHI 2,65524 (0xFFF4);
7017f398 XNSTA 2,[ac3+0x10];
7017f39a XWLDA 2,@[ac3+0xFFF4];
7017f39c XWSTA 2,[ac3+0xC];
7017f39e WBR 9 (0x7017F3A7);
7017f39f XWLDA 0,[ac3+0xC];
7017f3a1 WSBI 2,0;
7017f3a2 WMOV 0,2;
7017f3a3 XWLDA 1,[ac2+0x0];
7017f3a5 XWSTA 1,[ac3+0xC];
7017f3a7 XWLDA 0,[ac3+0xC];
7017f3a9 WSEQ 0,0;
7017f3aa WBR 3 (0x7017F3AD);
7017f3ab XJMP [pc+0x28B] (0x7017F637);
7017f3ad XNLDA 0,[ac3+0x13];
7017f3af WSGTI 0,99 (0x0063);
7017f3b1 WBR 3 (0x7017F3B4);
7017f3b2 XJMP [pc+0x284] (0x7017F637);
7017f3b4 XNLDA 0,[ac3+0xC];
7017f3b6 WANDI 0,28672 (0x00007000);
7017f3b9 WLSHI 0,65524 (0xFFF4);
7017f3bb XNLDA 1,[ac3+0x10];
7017f3bd WSGT 1,0;
7017f3be WBR 3 (0x7017F3C1);
7017f3bf XJMP [pc+0x277] (0x7017F637);
7017f3c1 XNADI 1,[ac3+0x13];
7017f3c3 XWLDA 0,[ac3+0xC];
7017f3c5 WSBI 2,0;
7017f3c6 WMOV 0,2;
7017f3c7 XWLDA 1,[ac2+0x2];
7017f3c9 WANDI 1,2147483647 (0x7FFFFFFF);
7017f3cc XWSTA 1,[ac3+0xE];
7017f3ce XWLDA 0,[ac3+0xC];
7017f3d0 WSBI 2,0;
7017f3d1 WMOV 0,2;
7017f3d2 XNLDA 1,[ac2+0x2];
7017f3d4 WANDI 1,28672 (0x00007000);
7017f3d7 WLSHI 1,65524 (0xFFF4);
7017f3d9 XNSTA 1,[ac3+0x11];
7017f3db WADD 1,1;
7017f3dc WADD 3,1;
7017f3dd WMOV 1,2;
7017f3de XWLDA 0,[ac2+0x1A];
7017f3e0 WSEQI 0,65535 (0xFFFF);
7017f3e2 WBR 123 (0x7017F45D);
7017f3e3 XNLDA 0,[ac3+0x10];
7017f3e5 XNLDA 1,[ac3+0x11];
7017f3e7 WSLE 0,1;
7017f3e8 WBR 117 (0x7017F45D);
7017f3e9 XWLDA 2,[ac3+0x7FFA];
7017f3eb XLEFB 2,[ac2+0x284];
7017f3ed XWSTA 2,[ac3+0x2E];
7017f3ef XNSTA 1,[ac3+0x30];
7017f3f1 NLDAI 256 (0x0100),0;
7017f3f3 XNSTA 0,[ac3+0x31];
7017f3f5 XLEF 2,[ac3+0x2E];
7017f3f7 WADC 0,0;
7017f3f8 WSUB 1,1;
7017f3f9 SYSCALL 0251
7017f3fc ADC 0,0,SKP;
7017f3fd WSUB 0,0;
7017f3fe MOV.L# 0,0,SZC;
7017f3ff WBR 94 (0x7017F45D);
7017f400 XNLDA 0,[ac3+0x31];
7017f402 XNSTA 0,[ac3+0x12];
7017f404 WSBI 2,0;
7017f405 XWLDA 2,[ac3+0x7FFA];
7017f407 XLEFB 1,[ac2+0x283];
7017f409 WADD 1,0;
7017f40a XWSTA 0,[ac3+0x3E];
7017f40c NLDAI 3 (0x0003),0;
7017f40e WMOV 0,1;
7017f40f XLEFB 2,[pc+0xF7F0] (0x7017F008:0);
7017f411 XWLDA 3,[ac3+0x3E];
7017f413 WCMP;
7017f414 LDAFP 3;
7017f415 WSEQ 1,1;
7017f416 WBR 21 (0x7017F42B);
7017f417 XNLDA 0,[ac3+0x12];
7017f419 WSBI 2,0;
7017f41a XWLDA 2,[ac3+0x7FFA];
7017f41c XLEFB 1,[ac2+0x283];
7017f41e WADD 1,0;
7017f41f NLDAI 3 (0x0003),1;
7017f421 XWSTA 0,[ac3+0x3E];
7017f423 WMOV 1,0;
7017f424 XWLDA 2,[ac3+0x3E];
7017f426 XLEFB 3,[pc+0xF7BE] (0x7017F006:0);
7017f428 WCMV;
7017f429 LDAFP 3;
7017f42a WBR 20 (0x7017F43E);
7017f42b XNLDA 0,[ac3+0x12];
7017f42d WINC 0,0;
7017f42e XWLDA 2,[ac3+0x7FFA];
7017f430 XLEFB 1,[ac2+0x283];
7017f432 WADD 1,0;
7017f433 NLDAI 4 (0x0004),1;
7017f435 XWSTA 0,[ac3+0x3E];
7017f437 WMOV 1,0;
7017f438 XWLDA 2,[ac3+0x3E];
7017f43a XLEFB 3,[pc+0xF78E] (0x7017F002:0);
7017f43c WCMV;
7017f43d LDAFP 3;
7017f43e XWLDA 2,[ac3+0x7FFA];
7017f440 XLEFB 2,[ac2+0x284];
7017f442 XNLDA 0,[ac3+0x11];
7017f444 WADD 0,0;
7017f445 WADD 3,0;
7017f446 XWSTA 0,[ac3+0x3E];
7017f448 WMOV 2,0;
7017f449 XWLDA 2,[ac3+0x3E];
7017f44b XWLDA 1,[ac2+0x1A];
7017f44d WSUB 2,2;
7017f44e SYSCALL 063
7017f451 ADC 0,0,SKP;
7017f452 WSUB 0,0;
7017f453 XWLDA 2,[ac3+0x3E];
7017f455 XWSTA 1,[ac2+0x1A];
7017f457 MOV.L# 0,0,SNC;
7017f458 WBR 5 (0x7017F45D);
7017f459 NLDAI 65534 (0xFFFE),0;
7017f45b XWSTA 0,[ac2+0x1A];
7017f45d XNLDA 0,[ac3+0x11];
7017f45f WADD 0,0;
7017f460 WADD 3,0;
7017f461 WMOV 0,2;
7017f462 XWLDA 1,[ac2+0x1A];
7017f464 WSGE 1,1;
7017f465 WBR 87 (0x7017F4BC);
7017f466 XWLDA 0,[ac3+0xE];
7017f468 XWSTA 0,[ac3+0x18];
7017f46a NLDAI 33 (0x0021),0;
7017f46c XWLDA 2,[ac3+0x7FFA];
7017f46e XNSTA 0,[ac2+0x142];
7017f470 XNLDA 1,[ac3+0x11];
7017f472 WADD 1,1;
7017f473 WADD 3,1;
7017f474 WMOV 1,2;
7017f475 XWLDA 0,[ac2+0x1A];
7017f477 WNADI 0,8192 (0x2000);
7017f479 XWLDA 2,[ac3+0x7FFA];
7017f47b XLEFB 2,[ac2+0x286];
7017f47d XWSTA 0,[ac3+0x3E];
7017f47f XWLDA 0,[ac3+0x18];
7017f481 XWLDA 1,[ac3+0x3E];
7017f483 SYSCALL 0351
7017f486 ADC 1,1,SKP;
7017f487 WSUB 1,1;
7017f488 XWSTA 0,[ac3+0x18];
7017f48a MOV.L# 1,1,SNC;
7017f48b WBR 7 (0x7017F492);
7017f48c WSUB 0,0;
7017f48d XWLDA 2,[ac3+0x7FFA];
7017f48f XNSTA 0,[ac2+0x142];
7017f491 WBR 48 (0x7017F4C1);
7017f492 WMOV 0,0;
7017f493 XWLDA 0,[ac3+0xE];
7017f495 WANDI 0,268435455 (0x0FFFFFFF);
7017f498 XWLDA 1,[ac3+0x18];
7017f49a WANDI 1,268435455 (0x0FFFFFFF);
7017f49d WSEQ 0,1;
7017f49e WBR 7 (0x7017F4A5);
7017f49f WSUB 0,0;
7017f4a0 XWLDA 2,[ac3+0x7FFA];
7017f4a2 XNSTA 0,[ac2+0x142];
7017f4a4 WBR 29 (0x7017F4C1);
7017f4a5 LLEF 0,[0x7015BCF9];
7017f4a8 XWLDA 2,[ac3+0x7FFA];
7017f4aa XNLDA 1,[ac2+0x142];
7017f4ac XLEFB 3,[ac2+0x286];
7017f4ae WINC 1,2;
7017f4af WCST;
7017f4b0 WSNE 1,1;
7017f4b1 WMOV 2,1;
7017f4b2 WSUB 1,2;
7017f4b3 WSBI 1,2;
7017f4b4 LDAFP 3;
7017f4b5 CVWN 2;
7017f4b6 XWLDA 3,[ac3+0x7FFA];
7017f4b8 XNSTA 2,[ac3+0x142];
7017f4ba LDAFP 3;
7017f4bb WBR 6 (0x7017F4C1);
7017f4bc WSUB 0,0;
7017f4bd XWLDA 2,[ac3+0x7FFA];
7017f4bf XNSTA 0,[ac2+0x142];
7017f4c1 XPEF [pc+0x7AF0] (0x7017EFB2);
7017f4c3 XPEFB @[pc+0xF670] (0x7017EB34);
7017f4c5 XWLDA 1,[ac3+0x7FFA];
7017f4c7 XCALL 0,2,[pc+0x7DB1] (0x7017F279); # symbol not found
7017f4ca XWLDA 0,[ac3+0xC];
7017f4cc WSBI 2,0;
7017f4cd WMOV 0,2;
7017f4ce XWLDA 2,[ac2+0x0];
7017f4d0 XWSTA 2,[ac3+0x3E];
7017f4d2 XPEF [ac3+0x3E];
7017f4d4 XLEF 2,[ac3+0x42];
7017f4d6 XCALL 0,1,[pc+0x19E] (0x7017F675); # symbol not found
7017f4d9 XPEF [pc+0x7AC8] (0x7017EFA2);
7017f4db XPEFB [ac3+0x87];
7017f4dd XCALL 0,2,[pc+0x7D9B] (0x7017F279); # symbol not found
7017f4e0 XPEF [pc+0x7ABD] (0x7017EF9E);
7017f4e2 XPEFB @[pc+0xF62A] (0x7017EB0D);
7017f4e4 XCALL 0,2,[pc+0x7D94] (0x7017F279); # symbol not found
7017f4e7 WMOV 1,2;
7017f4e8 XNLDA 0,[ac2+0x142];
7017f4ea WSNE 0,0;
7017f4eb WBR 92 (0x7017F547);
7017f4ec XPEF [pc+0x7AAD] (0x7017EF9A);
7017f4ee XPEF [ac2+0x142];
7017f4f0 WMOV 2,1;
7017f4f1 XCALL 0,2,[pc+0x7D9D] (0x7017F28F); # symbol not found
7017f4f4 XWLDA 0,[ac3+0x18];
7017f4f6 WSNE 0,0;
7017f4f7 WBR 42 (0x7017F521);
7017f4f8 XPEF [pc+0x7ABD] (0x7017EFB6);
7017f4fa XPEFB @[pc+0xF5F6] (0x7017EAF1);
7017f4fc XCALL 0,2,[pc+0x7D7C] (0x7017F279); # symbol not found
7017f4ff NLDAI 2816 (0x0B00),0;
7017f501 XNSTA 0,[ac3+0x32];
7017f503 XWLDA 2,[ac3+0x18];
7017f505 XWSTA 2,[ac3+0x3E];
7017f507 XPEF [ac3+0x3E];
7017f509 XLEF 2,[ac3+0x42];
7017f50b XCALL 0,1,[pc+0x169] (0x7017F675); # symbol not found
7017f50e XPEFB [ac3+0x84];
7017f510 XLEF 2,[ac3+0x4A];
7017f512 LCALL [0x7017FB81],1; # C?TRIM
7017f516 XNLDA 2,[ac3+0x4A];
7017f518 XWSTA 2,[ac3+0x33];
7017f51a XPEF [ac3+0x32];
7017f51c XPEF [ac3+0x4A];
7017f51e XCALL 0,2,[pc+0x7D70] (0x7017F28F); # symbol not found
7017f521 XNLDA 0,[ac3+0x11];
7017f523 WSNEI 0,7 (0x0007);
7017f525 WBR 70 (0x7017F56B);
7017f526 XPEF [pc+0x7A6F] (0x7017EF96);
7017f528 XPEFB @[pc+0xF592] (0x7017EABB);
7017f52a XWLDA 1,[ac3+0x7FFA];
7017f52c XCALL 0,2,[pc+0x7D4C] (0x7017F279); # symbol not found
7017f52f XNLDA 0,[ac3+0x11];
7017f531 WNADI 0,48 (0x0030);
7017f533 WANDI 0,255 (0x000000FF);
7017f536 XSTB 0,[ac3+0x7C];
7017f538 XPEF [pc+0x7A7D] (0x7017EFB6);
7017f53a XPEFB [ac3+0x7C];
7017f53c XCALL 0,2,[pc+0x7D3C] (0x7017F279); # symbol not found
7017f53f XPEF [pc+0x7A76] (0x7017EFB6);
7017f541 XPEFB @[pc+0xF5A4] (0x7017EAE6);
7017f543 XCALL 0,2,[pc+0x7D35] (0x7017F279); # symbol not found
7017f546 WBR 37 (0x7017F56B);
7017f547 NLDAI 2816 (0x0B00),0;
7017f549 XNSTA 0,[ac3+0x36];
7017f54b XWLDA 1,[ac3+0xE];
7017f54d XWSTA 1,[ac3+0x3E];
7017f54f XPEF [ac3+0x3E];
7017f551 XLEF 2,[ac3+0x42];
7017f553 XWLDA 1,[ac3+0x7FFA];
7017f555 XCALL 0,1,[pc+0x11F] (0x7017F675); # symbol not found
7017f558 XPEFB [ac3+0x84];
7017f55a XLEF 2,[ac3+0x4A];
7017f55c LCALL [0x7017FB81],1; # C?TRIM
7017f560 XNLDA 2,[ac3+0x4A];
7017f562 XWSTA 2,[ac3+0x37];
7017f564 XPEF [ac3+0x36];
7017f566 XPEF [ac3+0x4A];
7017f568 XCALL 0,2,[pc+0x7D26] (0x7017F28F); # symbol not found
7017f56b XNLDA 0,[ac3+0x11];
7017f56d XNLDA 1,[ac3+0x10];
7017f56f WSEQ 0,1;
7017f570 WBR 107 (0x7017F5DB);
7017f571 XWLDA 0,[ac3+0xC];
7017f573 WSBI 2,0;
7017f574 WMOV 0,2;
7017f575 XWLDA 1,[ac2+0x2];
7017f577 XWLDA 0,[ac3+0x2A];
7017f579 WANDI 1,2147483647 (0x7FFFFFFF);
7017f57c WANDI 0,-2147483648 (0x80000000);
7017f57f WIOR 1,0;
7017f580 XWSTA 0,[ac3+0x2A];
7017f582 NLDAI 672 (0x02A0),0;
7017f584 WBTZ 3,0;
7017f585 XWLDA 1,[ac3+0x2A];
7017f587 WSBI 1,1;
7017f588 XWSTA 1,[ac3+0x2A];
7017f58a XPEF [ac3+0x2C];
7017f58c XPEF [ac3+0x14];
7017f58e XPEF [ac3+0x2A];
7017f590 LCALL [0x7017F730],3; # I?LINEID
7017f594 XWLDA 1,[ac3+0x14];
7017f596 WSEQI 1,65535 (0xFFFF);
7017f598 WBR 19 (0x7017F5AB);
7017f599 XWLDA 1,[ac3+0xC];
7017f59b WSBI 2,1;
7017f59c XPEF [pc+0x7A29] (0x7017EFC6);
7017f59e WPSH 0,1;
7017f59f XWLDA 2,[ac3+0x7FFA];
7017f5a1 XPEF [ac2+0x142];
7017f5a3 XPEF [ac3+0x14];
7017f5a5 WPSH 1,1;
7017f5a6 LCALL [0x7017FBAE],6; # I?LINE
7017f5aa WBR 54 (0x7017F5E0);
7017f5ab XWLDA 1,[ac3+0x2C];
7017f5ad WSEQI 1,65535 (0xFFFF);
7017f5af WBR 19 (0x7017F5C2);
7017f5b0 XWLDA 1,[ac3+0xC];
7017f5b2 WSBI 2,1;
7017f5b3 XPEF [pc+0x7A12] (0x7017EFC6);
7017f5b5 WPSH 0,1;
7017f5b6 XWLDA 2,[ac3+0x7FFA];
7017f5b8 XPEF [ac2+0x142];
7017f5ba XPEF [ac3+0x16];
7017f5bc WPSH 1,1;
7017f5bd LCALL [0x7017FBAE],6; # I?LINE
7017f5c1 WBR 31 (0x7017F5E0);
7017f5c2 XWLDA 1,[ac3+0x2C];
7017f5c4 WSEQ 1,1;
7017f5c5 WBR 8 (0x7017F5CD);
7017f5c6 WSUB 2,2;
7017f5c7 XWLDA 3,[ac3+0x7FFA];
7017f5c9 XNSTA 2,[ac3+0x142];
7017f5cb LDAFP 3;
7017f5cc WBR 20 (0x7017F5E0);
7017f5cd XNLDA 0,@[ac3+0x802C];
7017f5cf WADI 2,0;
7017f5d0 WMOV 0,1;
7017f5d1 XWLDA 2,[ac3+0x7FFA];
7017f5d3 XLEFB 2,[ac2+0x284];
7017f5d5 XWLDA 3,[ac3+0x2C];
7017f5d7 WLSI 1,3;
7017f5d8 WCMV;
7017f5d9 LDAFP 3;
7017f5da WBR 6 (0x7017F5E0);
7017f5db WSUB 0,0;
7017f5dc XWLDA 2,[ac3+0x7FFA];
7017f5de XNSTA 0,[ac2+0x142];
7017f5e0 XWLDA 2,[ac3+0x7FFA];
7017f5e2 XNLDA 0,[ac2+0x142];
7017f5e4 WSNE 0,0;
7017f5e5 WBR 75 (0x7017F630);
7017f5e6 XPEF [pc+0x79AB] (0x7017EF92);
7017f5e8 XPEFB @[pc+0xF40A] (0x7017E9F3);
7017f5ea WMOV 2,1;
7017f5eb XCALL 0,2,[pc+0x7C8D] (0x7017F279); # symbol not found
7017f5ee XWLDA 0,[ac3+0x14];
7017f5f0 WSNE 0,0;
7017f5f1 WBR 53 (0x7017F626);
7017f5f2 XPEF [pc+0x79AB] (0x7017EF9E);
7017f5f4 XPEFB @[pc+0xF3EA] (0x7017E9DF);
7017f5f6 XCALL 0,2,[pc+0x7C82] (0x7017F279); # symbol not found
7017f5f9 NLDAI 2816 (0x0B00),0;
7017f5fb XNSTA 0,[ac3+0x3A];
7017f5fd XLEFB 0,[ac3+0x84];
7017f5ff NLDAI 14 (0x000E),1;
7017f601 WPSH 0,1;
7017f602 XWLDA 0,[ac3+0x14];
7017f604 NLDAI 11 (0x000B),1;
7017f606 LCALL [0x7017FC50],2; # X.IC
7017f60a XPEFB [ac3+0x84];
7017f60c XLEF 2,[ac3+0x4A];
7017f60e LCALL [0x7017FB81],1; # C?TRIM
7017f612 XNLDA 0,[ac3+0x4A];
7017f614 XWSTA 0,[ac3+0x3B];
7017f616 XPEF [ac3+0x3A];
7017f618 XPEF [ac3+0x4A];
7017f61a XWLDA 1,[ac3+0x7FFA];
7017f61c XCALL 0,2,[pc+0x7C72] (0x7017F28F); # symbol not found
7017f61f XPEF [pc+0x799E] (0x7017EFBE);
7017f621 XPEFB @[pc+0xF408] (0x7017EA2A);
7017f623 XCALL 0,2,[pc+0x7C55] (0x7017F279); # symbol not found
7017f626 XPEF [pc+0x799F] (0x7017EFC6);
7017f628 XWLDA 2,[ac3+0x7FFA];
7017f62a XPEF [ac2+0x142];
7017f62c WMOV 2,1;
7017f62d XCALL 0,2,[pc+0x7C61] (0x7017F28F); # symbol not found
7017f630 XWLDA 1,[ac3+0x7FFA];
7017f632 XCALL 0,0,[pc+0x7C71] (0x7017F2A4); # symbol not found
7017f635 XJMP [pc+0x7D69] (0x7017F39F);
7017f637 XNLDA 0,[ac3+0x13];
7017f639 WSEQI 0,100 (0x0064);
7017f63b WBR 13 (0x7017F648);
7017f63c XPEF [pc+0x7951] (0x7017EF8E);
7017f63e XPEFB @[pc+0xF316] (0x7017E955);
7017f640 XWLDA 1,[ac3+0x7FFA];
7017f642 XCALL 0,2,[pc+0x7C36] (0x7017F279); # symbol not found
7017f645 XCALL 0,0,[pc+0x7C5E] (0x7017F2A4); # symbol not found
7017f648 XWLDA 1,[ac3+0x7FFA];
7017f64a XCALL 0,0,[pc+0x7C59] (0x7017F2A4); # symbol not found
7017f64d WSUB 0,0;
7017f64e XNSTA 0,[ac3+0x11];
7017f650 WBR 6 (0x7017F656);
7017f651 NLDAI 7 (0x0007),0;
7017f653 XNDO 0,31,[ac3+0x11];
7017f656 XNLDA 1,[ac3+0x11];
7017f658 WADD 1,1;
7017f659 XWSTA 1,[ac3+0x3E];
7017f65b WADD 3,1;
7017f65c WMOV 1,2;
7017f65d XWLDA 2,[ac2+0x1A];
7017f65f WSNEI 2,65535 (0xFFFF);
7017f661 WBR -16 (0x7017F651);
7017f662 XWADD 3,[ac3+0x3E];
7017f664 XWLDA 1,[ac3+0x1A];
7017f666 WIORI 1,-2147483648 (0x80000000);
7017f669 WSUB 0,0;
7017f66a WSUB 2,2;
7017f66b SYSCALL 0161
7017f66e ADC 0,0,SKP;
7017f66f WSUB 0,0;
7017f670 MOV.L# 0,0,SNC;
7017f671 WMOV 0,0;
7017f672 WBR -33 (0x7017F651);
7017f673 WRTN;
7017f674 WRTN;
7017f675 WSAVS 0x000D;
7017f677 NLDAI 14 (0x000E),0;
7017f679 WSUB 1,1;
7017f67a XLEFB 2,[ac3+0x20];
7017f67c XLEFB 3,[pc+0xF366] (0x7017F030:0);
7017f67e WCMV;
7017f67f LDAFP 3;
7017f680 XWLDA 1,@[ac3+0xFFF4];
7017f682 XWSTA 1,[ac3+0xC];
7017f684 NLDAI 14 (0x000E),1;
7017f686 XNSTA 1,[ac3+0xE];
7017f688 WBR 8 (0x7017F690);
7017f689 NSBI 1,1;
7017f68a XNSTA 1,[ac3+0xE];
7017f68c NLDAI 1 (0x0001),0;
7017f68e WSGE 1,0;
7017f68f WBR 28 (0x7017F6AB);
7017f690 XNLDA 0,[ac3+0xD];
7017f692 WANDI 0,7 (0x00000007);
7017f695 WNADI 0,48 (0x0030);
7017f697 WANDI 0,255 (0x000000FF);
7017f69a XLEFB 2,[ac3+0x1F];
7017f69c XNLDA 1,[ac3+0xE];
7017f69e WADD 2,1;
7017f69f WSTB 1,0;
7017f6a0 XWLDA 0,[ac3+0xC];
7017f6a2 WLSHI 0,65533 (0xFFFD);
7017f6a4 XWSTA 0,[ac3+0xC];
7017f6a6 WSNE 0,0;
7017f6a7 WBR 4 (0x7017F6AB);
7017f6a8 XNLDA 1,[ac3+0xE];
7017f6aa WBR -33 (0x7017F689);
7017f6ab NLDAI 7 (0x0007),1;
7017f6ad XLEF 2,[ac3+0x10];
7017f6af XWLDA 3,[ac3+0x7FFC];
7017f6b1 WBLM;
7017f6b2 WRTN;

memory_data: 0x7017F6B3 0x7017F6B4
7017F6B3    87A9                                     [                ]

disassemble: 0x7017F6B4 0x7017F7D0
# ----------------------------------------------------------------
# I?PCS
# ----------------------------------------------------------------
7017f6b4 WSAVS 0x000F;
7017f6b6 XWLDA 0,@[ac3+0xFFF4];
7017f6b8 XWSTA 0,[ac3+0x18];
7017f6ba NLDAI 384 (0x0180),0;
7017f6bc WBTZ 3,0;
7017f6bd XPEF [ac3+0x18];
7017f6bf LCALL [0x7017F774],1; # ?FIND_SCOPE
7017f6c3 XWSTA 0,[ac3+0xC];
7017f6c5 WSEQI 0,65535 (0xFFFF);
7017f6c7 WBR 14 (0x7017F6D5);
7017f6c8 WSUB 1,1;
7017f6c9 XWSTA 1,@[ac3+0xFFF2];
7017f6cb XWSTA 1,@[ac3+0xFFF0];
7017f6cd WADC 2,2;
7017f6ce XWSTA 2,@[ac3+0xFFEE];
7017f6d0 XWSTA 2,@[ac3+0xFFEC];
7017f6d2 XNSTA 1,@[ac3+0xFFEA];
7017f6d4 WRTN;
7017f6d5 WADD 0,0;
7017f6d6 LWADD 0,[0x70000C7C];
7017f6d9 WMOV 0,2;
7017f6da XWLDA 1,[ac2+0x0];
7017f6dc XWSTA 1,[ac3+0xE];
7017f6de WMOV 1,2;
7017f6df XWLDA 0,[ac2+0x1];
7017f6e1 XWSTA 0,[ac3+0x10];
7017f6e3 XWLDA 0,[ac2+0x3];
7017f6e5 XWSTA 0,[ac3+0x1A];
7017f6e7 XWLDA 0,[ac3+0x1A];
7017f6e9 WSEQ 0,0;
7017f6ea WBR 5 (0x7017F6EF);
7017f6eb WSUB 0,0;
7017f6ec XNSTA 0,@[ac3+0xFFEA];
7017f6ee WBR 26 (0x7017F708);
7017f6ef XWLDA 0,[ac3+0x1A];
7017f6f1 WSNEI 0,65535 (0xFFFF);
7017f6f3 WBR 21 (0x7017F708);
7017f6f4 XWLDA 2,[ac3+0x7FDE];
7017f6f6 XWLDA 0,[ac2+0x1];
7017f6f8 XNLDA 1,@[ac3+0x801A];
7017f6fa WSGE 1,0;
7017f6fb WMOV 1,0;
7017f6fc XNSTA 0,@[ac3+0xFFEA];
7017f6fe XWLDA 2,[ac3+0x7FEA];
7017f700 WLSI 1,2;
7017f701 WADI 2,2;
7017f702 XWLDA 3,[ac3+0x1A];
7017f704 WLSI 1,3;
7017f705 WADI 2,3;
7017f706 WCMV;
7017f707 LDAFP 3;
7017f708 XPEF [ac3+0x18];
7017f70a XPEF [ac3+0x10];
7017f70c LCALL [0x7017F87B],2; # ?FIND_LINEID_INDEX
7017f710 XWSTA 0,[ac3+0x12];
7017f712 XPEF @[ac3+0xFFEE];
7017f714 XPEF @[ac3+0xFFF2];
7017f716 XPEF [ac3+0x12];
7017f718 XPEF [ac3+0x10];
7017f71a LCALL [0x7017FA31],4; # ?GET_LINEID_ENTRY
7017f71e XWLDA 0,[ac3+0x12];
7017f720 WINC 0,0;
7017f721 XWSTA 0,[ac3+0x1C];
7017f723 XPEF @[ac3+0xFFEC];
7017f725 XPEF @[ac3+0xFFF0];
7017f727 XPEF [ac3+0x1C];
7017f729 XPEF [ac3+0x10];
7017f72b LCALL [0x7017FA31],4; # ?GET_LINEID_ENTRY
7017f72f WRTN;
# ----------------------------------------------------------------
# I?LINEID
# ----------------------------------------------------------------
7017f730 WSAVS 0x000D;
7017f732 XWLDA 0,@[ac3+0xFFF4];
7017f734 XWSTA 0,[ac3+0x14];
7017f736 NLDAI 320 (0x0140),0;
7017f738 WBTZ 3,0;
7017f739 XPEF [ac3+0x14];
7017f73b LCALL [0x7017F774],1; # ?FIND_SCOPE
7017f73f XWSTA 0,[ac3+0xC];
7017f741 WSEQI 0,65535 (0xFFFF);
7017f743 WBR 8 (0x7017F74B);
7017f744 WADC 1,1;
7017f745 XWSTA 1,@[ac3+0xFFF2];
7017f747 WSUB 2,2;
7017f748 XWSTA 2,@[ac3+0xFFF0];
7017f74a WRTN;
7017f74b WADD 0,0;
7017f74c LWADD 0,[0x70000C7C];
7017f74f WMOV 0,2;
7017f750 XWLDA 1,[ac2+0x0];
7017f752 XWSTA 1,[ac3+0xE];
7017f754 WMOV 1,2;
7017f755 XWLDA 0,[ac2+0x3];
7017f757 XWSTA 0,@[ac3+0xFFF0];
7017f759 XWLDA 0,[ac2+0x1];
7017f75b XWSTA 0,[ac3+0x10];
7017f75d XPEF [ac3+0x14];
7017f75f XPEF [ac3+0x10];
7017f761 LCALL [0x7017F87B],2; # ?FIND_LINEID_INDEX
7017f765 XWSTA 0,[ac3+0x12];
7017f767 XPEF @[ac3+0xFFF2];
7017f769 XPEF [ac3+0x16];
7017f76b XPEF [ac3+0x12];
7017f76d XPEF [ac3+0x10];
7017f76f LCALL [0x7017FA31],4; # ?GET_LINEID_ENTRY
7017f773 WRTN;
# ----------------------------------------------------------------
# ?FIND_SCOPE
# ----------------------------------------------------------------
7017f774 WSAVS 0x0010;
7017f776 LCALL [0x7017FD61],0; # ?SCOPE_INIT
7017f77a XNLDA 0,@[ac3+0xFFF4];
7017f77c LNLDA 2,@[0x70000C7A];
7017f77f WANDI 0,28672 (0x00007000);
7017f782 WANDI 2,28672 (0x00007000);
7017f785 WSNE 0,2;
7017f786 WBR 5 (0x7017F78B);
7017f787 WADC 0,0;
7017f788 XWSTA 0,[ac3+0x7FF8];
7017f78a WRTN;
7017f78b LNLDA 0,[0x70000C78];
7017f78e MOV.L# 0,0,SZC;
7017f78f WBR 119 (0x7017F806);
7017f790 WSUB 0,0;
7017f791 XWSTA 0,[ac3+0xC];
7017f793 LWLDA 2,[0x70000C76];
7017f796 XWSTA 2,[ac3+0x10];
7017f798 LWLDA 0,[0x70000FCD];
7017f79b XWSTA 0,[ac3+0xE];
7017f79d WSEQI 0,65535 (0xFFFF);
7017f79f WBR 6 (0x7017F7A5);
7017f7a0 XWADD 2,[ac3+0xC];
7017f7a2 WHLV 2;
7017f7a3 XWSTA 2,[ac3+0xE];
7017f7a5 XWLDA 0,[ac3+0x10];
7017f7a7 XWLDA 1,[ac3+0xC];
7017f7a9 WSNE 0,1;
7017f7aa WBR 53 (0x7017F7DF);
7017f7ab XWLDA 0,[ac3+0xE];
7017f7ad WADD 0,0;
7017f7ae WADD 0,0;
7017f7af XWSTA 0,[ac3+0x1A];
7017f7b1 LWADD 0,[0x70000C7A];
7017f7b4 WMOV 0,2;
7017f7b5 XWLDA 1,[ac2+0x2];
7017f7b7 XWSUB 1,@[ac3+0xFFF4];
7017f7b9 WSGT 1,1;
7017f7ba WBR 24 (0x7017F7D2);
7017f7bb XWLDA 0,[ac3+0xE];
7017f7bd WSBI 1,0;
7017f7be WSGE 0,0;
7017f7bf WBR 36 (0x7017F7E3);
7017f7c0 XWLDA 2,[ac3+0x1A];
7017f7c2 LWADD 2,[0x70000C7A];
7017f7c5 XWLDA 0,[ac2+0x7FFE];
7017f7c7 XWSUB 0,@[ac3+0xFFF4];
7017f7c9 WSGT 0,0;
7017f7ca WBR 25 (0x7017F7E3);
7017f7cb XWLDA 0,[ac3+0xE];
7017f7cd XWSTA 0,[ac3+0x10];
7017f7cf WBR 8 (0x7017F7D7);

memory_data: 0x7017F7D0 0x7017F7D2
7017F7D0    88F8 81B8                                [                ]

disassemble: 0x7017F7D2 0x7017FA9B
7017f7d2 XWLDA 0,[ac3+0xE];
7017f7d4 WINC 0,0;
7017f7d5 XWSTA 0,[ac3+0xC];
7017f7d7 XWLDA 0,[ac3+0x10];
7017f7d9 XWADD 0,[ac3+0xC];
7017f7db WHLV 0;
7017f7dc XWSTA 0,[ac3+0xE];
7017f7de WBR -57 (0x7017F7A5);
7017f7df WADC 0,0;
7017f7e0 XWSTA 0,[ac3+0x7FF8];
7017f7e2 WRTN;
7017f7e3 XWLDA 0,[ac3+0xE];
7017f7e5 XWSTA 0,[ac3+0x14];
7017f7e7 XWLDA 0,[ac3+0x14];
7017f7e9 LWLDA 1,[0x70000C76];
7017f7ec WSLT 0,1;
7017f7ed WBR 16 (0x7017F7FD);
7017f7ee WADD 0,0;
7017f7ef WADD 0,0;
7017f7f0 LWADD 0,[0x70000C7A];
7017f7f3 WMOV 0,2;
7017f7f4 XWLDA 1,[ac2+0x0];
7017f7f6 XWSUB 1,@[ac3+0xFFF4];
7017f7f8 WSGT 1,1;
7017f7f9 WBR 8 (0x7017F801);
7017f7fa XWADI 1,[ac3+0x14];
7017f7fc WBR -21 (0x7017F7E7);
7017f7fd WADC 0,0;
7017f7fe XWSTA 0,[ac3+0x7FF8];
7017f800 WRTN;
7017f801 XWLDA 0,[ac3+0x14];
7017f803 XWSTA 0,[ac3+0x7FF8];
7017f805 WRTN;
7017f806 LWLDA 0,[0x70000C76];
7017f809 WSEQ 0,0;
7017f80a WBR 5 (0x7017F80F);
7017f80b WADC 2,2;
7017f80c XWSTA 2,[ac3+0x7FF8];
7017f80e WRTN;
7017f80f WADC 2,2;
7017f810 XWSTA 2,[ac3+0x12];
7017f812 XWSTA 0,[ac3+0x1A];
7017f814 WSUB 0,0;
7017f815 XWSTA 0,[ac3+0x14];
7017f817 XWLDA 1,[ac3+0x1A];
7017f819 WSLE 0,1;
7017f81a WBR 92 (0x7017F876);
7017f81b WBR 6 (0x7017F821);
7017f81c XWLDA 0,[ac3+0x1A];
7017f81e XWDO 0,87,[ac3+0x14];
7017f821 WADD 0,0;
7017f822 WADD 0,0;
7017f823 LWADD 0,[0x70000C7A];
7017f826 WMOV 0,2;
7017f827 XWLDA 1,[ac2+0x0];
7017f829 XWSUB 1,@[ac3+0xFFF4];
7017f82b WSLE 1,1;
7017f82c WBR -16 (0x7017F81C);
7017f82d XWLDA 0,[ac3+0x14];
7017f82f WADD 0,0;
7017f830 WADD 0,0;
7017f831 XWSTA 0,[ac3+0x1C];
7017f833 LWADD 0,[0x70000C7A];
7017f836 XWLDA 1,@[ac3+0xFFF4];
7017f838 WMOV 0,2;
7017f839 XWSUB 1,[ac2+0x2];
7017f83b XWSTA 2,[ac3+0x1E];
7017f83d WSLE 1,1;
7017f83e WBR -34 (0x7017F81C);
7017f83f XWLDA 0,[ac3+0x12];
7017f841 WSEQI 0,65535 (0xFFFF);
7017f843 WBR 6 (0x7017F849);
7017f844 XWLDA 0,[ac3+0x14];
7017f846 XWSTA 0,[ac3+0x12];
7017f848 WBR -44 (0x7017F81C);
7017f849 XWLDA 2,[ac3+0x1C];
7017f84b LWADD 2,[0x70000C7A];
7017f84e XWSTA 2,[ac3+0x1C];
7017f850 XWLDA 2,[ac3+0x1E];
7017f852 XWLDA 0,[ac2+0x2];
7017f854 XWSUB 0,@[ac3+0x801C];
7017f856 XWLDA 1,[ac3+0x12];
7017f858 WADD 1,1;
7017f859 WADD 1,1;
7017f85a XWSTA 1,[ac3+0x1C];
7017f85c LWADD 1,[0x70000C7A];
7017f85f XWLDA 2,[ac3+0x1C];
7017f861 LWADD 2,[0x70000C7A];
7017f864 XWSTA 0,[ac3+0x1C];
7017f866 XWSTA 2,[ac3+0x1E];
7017f868 WMOV 1,2;
7017f869 XWLDA 0,[ac2+0x2];
7017f86b XWSUB 0,@[ac3+0x801E];
7017f86d XWLDA 1,[ac3+0x1C];
7017f86f WSLT 1,0;
7017f870 WBR -84 (0x7017F81C);
7017f871 XWLDA 0,[ac3+0x14];
7017f873 XWSTA 0,[ac3+0x12];
7017f875 WBR -89 (0x7017F81C);
7017f876 XWLDA 0,[ac3+0x12];
7017f878 XWSTA 0,[ac3+0x7FF8];
7017f87a WRTN;
# ----------------------------------------------------------------
# ?FIND_LINEID_INDEX
# ----------------------------------------------------------------
7017f87b WSAVS 0x0010;
7017f87d XNLDA 0,@[ac3+0xFFF2];
7017f87f XWLDA 2,@[ac3+0xFFF4];
7017f881 XNLDA 2,[ac2+0x5];
7017f883 WANDI 0,28672 (0x00007000);
7017f886 WANDI 2,28672 (0x00007000);
7017f889 WSNE 0,2;
7017f88a WBR 5 (0x7017F88F);
7017f88b WADC 0,0;
7017f88c XWSTA 0,[ac3+0x7FF8];
7017f88e WRTN;
7017f88f XWLDA 0,@[ac3+0xFFF2];
7017f891 XWLDA 2,@[ac3+0xFFF4];
7017f893 XWSUB 0,[ac2+0x5];
7017f895 XWSTA 0,[ac3+0xC];
7017f897 WSLT 0,0;
7017f898 WBR 5 (0x7017F89D);
7017f899 WADC 0,0;
7017f89a XWSTA 0,[ac3+0x7FF8];
7017f89c WRTN;
7017f89d XWLDA 0,[ac2+0x3];
7017f89f WSGT 0,0;
7017f8a0 WBR 36 (0x7017F8C4);
7017f8a1 XWLDA 0,[ac2+0x1];
7017f8a3 WINC 0,0;
7017f8a4 WADD 0,0;
7017f8a5 WNADI 0,7 (0x0007);
7017f8a7 XWLDA 1,[ac2+0x3];
7017f8a9 WADD 1,1;
7017f8aa WADD 1,1;
7017f8ab WADD 0,1;
7017f8ac WADD 2,1;
7017f8ad XWSTA 0,[ac3+0x1A];
7017f8af XWLDA 0,[ac3+0xC];
7017f8b1 WMOV 1,2;
7017f8b2 XWLDA 2,[ac2+0x0];
7017f8b4 WSGT 0,2;
7017f8b5 WBR 5 (0x7017F8BA);
7017f8b6 WADC 1,1;
7017f8b7 XWSTA 1,[ac3+0x7FF8];
7017f8b9 WRTN;
7017f8ba XWLDA 2,[ac3+0x1A];
7017f8bc XWADD 2,@[ac3+0xFFF4];
7017f8be XWLDA 1,[ac2+0x0];
7017f8c0 WSGE 0,1;
7017f8c1 WBR 19 (0x7017F8D4);
7017f8c2 XJMP [pc+0xA6] (0x7017F969);
7017f8c4 XWLDA 0,[ac2+0x1];
7017f8c6 WADD 0,0;
7017f8c7 WADD 2,0;
7017f8c8 XWLDA 1,[ac3+0xC];
7017f8ca WMOV 0,2;
7017f8cb XNLDA 2,[ac2+0x7];
7017f8cd WSGT 1,2;
7017f8ce WBR 5 (0x7017F8D3);
7017f8cf WADC 0,0;
7017f8d0 XWSTA 0,[ac3+0x7FF8];
7017f8d2 WRTN;
7017f8d3 WMOV 0,0;
7017f8d4 XWLDA 2,[ac3+0x7FF4];
7017f8d6 XNLDA 0,[ac2+0x8000];
7017f8d8 WCOM 0,0;
7017f8d9 MOV.L# 0,0,SZC;
7017f8da WBR 58 (0x7017F914);
7017f8db WSUB 0,0;
7017f8dc XWSTA 0,[ac3+0xE];
7017f8de XWLDA 2,[ac2+0x0];
7017f8e0 XWLDA 1,[ac2+0x1];
7017f8e2 XWSTA 1,[ac3+0x10];
7017f8e4 XWLDA 0,[ac3+0x10];
7017f8e6 WSBI 1,0;
7017f8e7 XWLDA 1,[ac3+0xE];
7017f8e9 WSLT 1,0;
7017f8ea WBR 29 (0x7017F907);
7017f8eb XWLDA 0,[ac3+0x10];
7017f8ed XWADD 0,[ac3+0xE];
7017f8ef WINC 0,0;
7017f8f0 WHLV 0;
7017f8f1 XWSTA 0,[ac3+0x12];
7017f8f3 WADD 0,0;
7017f8f4 XWADD 0,@[ac3+0xFFF4];
7017f8f6 WMOV 0,2;
7017f8f7 XNLDA 1,[ac2+0x7];
7017f8f9 XWLDA 0,[ac3+0xC];
7017f8fb WSGT 1,0;
7017f8fc WBR 6 (0x7017F902);
7017f8fd XWLDA 1,[ac3+0x12];
7017f8ff XWSTA 1,[ac3+0x10];
7017f901 WBR -29 (0x7017F8E4);
7017f902 XWLDA 1,[ac3+0x12];
7017f904 XWSTA 1,[ac3+0xE];
7017f906 WBR -34 (0x7017F8E4);
7017f907 XWLDA 0,[ac3+0x10];
7017f909 XWLDA 1,[ac3+0x12];
7017f90b WSEQ 0,1;
7017f90c WBR 3 (0x7017F90F);
7017f90d XWSBI 1,[ac3+0x12];
7017f90f XWLDA 0,[ac3+0x12];
7017f911 XWSTA 0,[ac3+0x7FF8];
7017f913 WRTN;
7017f914 WSUB 0,0;
7017f915 XWSTA 0,[ac3+0x16];
7017f917 WADC 1,1;
7017f918 XWSTA 1,[ac3+0x18];
7017f91a XWLDA 2,@[ac3+0xFFF4];
7017f91c XWLDA 2,[ac2+0x1];
7017f91e XWSTA 2,[ac3+0x1A];
7017f920 XWSTA 0,[ac3+0x14];
7017f922 WSLE 0,2;
7017f923 WBR 56 (0x7017F95B);
7017f924 WBR 6 (0x7017F92A);
7017f925 XWLDA 0,[ac3+0x1A];
7017f927 XWDO 0,51,[ac3+0x14];
7017f92a WADD 0,0;
7017f92b XWADD 0,@[ac3+0xFFF4];
7017f92d WMOV 0,2;
7017f92e XNLDA 1,[ac2+0x7];
7017f930 XWLDA 0,[ac3+0xC];
7017f932 WSUB 1,0;
7017f933 WSGE 0,0;
7017f934 WBR -15 (0x7017F925);
7017f935 XWLDA 0,[ac3+0x18];
7017f937 WSNEI 0,65535 (0xFFFF);
7017f939 WBR 16 (0x7017F949);
7017f93a XWLDA 1,[ac3+0x14];
7017f93c WADD 1,1;
7017f93d XWADD 1,@[ac3+0xFFF4];
7017f93f WMOV 1,2;
7017f940 XNLDA 2,[ac2+0x7];
7017f942 XWLDA 0,[ac3+0xC];
7017f944 WSUB 2,0;
7017f945 XWLDA 1,[ac3+0x18];
7017f947 WSLT 0,1;
7017f948 WBR -35 (0x7017F925);
7017f949 XWLDA 0,[ac3+0x14];
7017f94b WADD 0,0;
7017f94c XWADD 0,@[ac3+0xFFF4];
7017f94e WMOV 0,2;
7017f94f XNLDA 1,[ac2+0x7];
7017f951 XWLDA 0,[ac3+0xC];
7017f953 WSUB 1,0;
7017f954 XWSTA 0,[ac3+0x18];
7017f956 XWLDA 0,[ac3+0x14];
7017f958 XWSTA 0,[ac3+0x16];
7017f95a WBR -53 (0x7017F925);
7017f95b XWLDA 0,[ac3+0x18];
7017f95d WSEQI 0,65535 (0xFFFF);
7017f95f WBR 5 (0x7017F964);
7017f960 WADC 0,0;
7017f961 XWSTA 0,[ac3+0x7FF8];
7017f963 WRTN;
7017f964 XWLDA 0,[ac3+0x16];
7017f966 XWSTA 0,[ac3+0x7FF8];
7017f968 WRTN;
7017f969 XWLDA 2,[ac3+0x7FF4];
7017f96b XNLDA 0,[ac2+0x8000];
7017f96d WCOM 0,0;
7017f96e MOV.L# 0,0,SZC;
7017f96f WBR 73 (0x7017F9B8);
7017f970 WSUB 0,0;
7017f971 XWSTA 0,[ac3+0xE];
7017f973 XWLDA 2,[ac2+0x0];
7017f975 XWLDA 1,[ac2+0x3];
7017f977 XWSTA 1,[ac3+0x10];
7017f979 XWLDA 0,[ac2+0x1];
7017f97b WINC 0,0;
7017f97c WADD 0,0;
7017f97d WNADI 0,7 (0x0007);
7017f97f XWSTA 0,[ac3+0x1A];
7017f981 XWLDA 0,[ac3+0x10];
7017f983 WSBI 1,0;
7017f984 XWLDA 1,[ac3+0xE];
7017f986 WSLT 1,0;
7017f987 WBR 32 (0x7017F9A7);
7017f988 XWLDA 0,[ac3+0x10];
7017f98a XWADD 0,[ac3+0xE];
7017f98c WINC 0,0;
7017f98d WHLV 0;
7017f98e XWSTA 0,[ac3+0x12];
7017f990 WADD 0,0;
7017f991 WADD 0,0;
7017f992 XWADD 0,[ac3+0x1A];
7017f994 XWADD 0,@[ac3+0xFFF4];
7017f996 WMOV 0,2;
7017f997 XWLDA 1,[ac2+0x0];
7017f999 XWLDA 0,[ac3+0xC];
7017f99b WSGT 1,0;
7017f99c WBR 6 (0x7017F9A2);
7017f99d XWLDA 1,[ac3+0x12];
7017f99f XWSTA 1,[ac3+0x10];
7017f9a1 WBR -32 (0x7017F981);
7017f9a2 XWLDA 1,[ac3+0x12];
7017f9a4 XWSTA 1,[ac3+0xE];
7017f9a6 WBR -37 (0x7017F981);
7017f9a7 XWLDA 0,[ac3+0x10];
7017f9a9 XWLDA 1,[ac3+0x12];
7017f9ab WSEQ 0,1;
7017f9ac WBR 3 (0x7017F9AF);
7017f9ad XWSBI 1,[ac3+0x12];
7017f9af XWLDA 0,[ac3+0x12];
7017f9b1 XWLDA 2,@[ac3+0xFFF4];
7017f9b3 XWADD 0,[ac2+0x1];
7017f9b5 XWSTA 0,[ac3+0x7FF8];
7017f9b7 WRTN;
7017f9b8 WSUB 0,0;
7017f9b9 XWSTA 0,[ac3+0x16];
7017f9bb WADC 1,1;
7017f9bc XWSTA 1,[ac3+0x18];
7017f9be XWLDA 2,@[ac3+0xFFF4];
7017f9c0 XWLDA 2,[ac2+0x3];
7017f9c2 XWSTA 2,[ac3+0x1A];
7017f9c4 XWSTA 0,[ac3+0x14];
7017f9c6 WSLE 0,2;
7017f9c7 WBR 92 (0x7017FA23);
7017f9c8 WBR 6 (0x7017F9CE);
7017f9c9 XWLDA 0,[ac3+0x1A];
7017f9cb XWDO 0,87,[ac3+0x14];
7017f9ce XWLDA 2,@[ac3+0xFFF4];
7017f9d0 XWLDA 1,[ac2+0x1];
7017f9d2 WINC 1,1;
7017f9d3 WADD 1,1;
7017f9d4 WNADI 1,7 (0x0007);
7017f9d6 XWLDA 0,[ac3+0x14];
7017f9d8 WADD 0,0;
7017f9d9 WADD 0,0;
7017f9da WADD 0,1;
7017f9db WADD 2,1;
7017f9dc XWLDA 0,[ac3+0xC];
7017f9de WMOV 1,2;
7017f9df XWSUB 0,[ac2+0x0];
7017f9e1 WSGE 0,0;
7017f9e2 WBR -25 (0x7017F9C9);
7017f9e3 XWLDA 0,[ac3+0x18];
7017f9e5 WADC 1,1;
7017f9e6 WSEQI 0,65535 (0xFFFF);
7017f9e8 WSUB 1,1;
7017f9e9 XWLDA 2,@[ac3+0xFFF4];
7017f9eb XWLDA 0,[ac2+0x1];
7017f9ed WINC 0,0;
7017f9ee WADD 0,0;
7017f9ef WNADI 0,7 (0x0007);
7017f9f1 XWLDA 2,[ac3+0x14];
7017f9f3 WADD 2,2;
7017f9f4 WADD 2,2;
7017f9f5 WADD 2,0;
7017f9f6 XWADD 0,@[ac3+0xFFF4];
7017f9f8 XWSTA 0,[ac3+0x1C];
7017f9fa XWLDA 0,[ac3+0xC];
7017f9fc XWSUB 0,@[ac3+0x801C];
7017f9fe XNSTA 1,[ac3+0x1C];
7017fa00 XWLDA 1,[ac3+0x18];
7017fa02 XWSTA 2,[ac3+0x1E];
7017fa04 WADC 2,2;
7017fa05 WSLT 0,1;
7017fa06 WSUB 2,2;
7017fa07 XNLDA 0,[ac3+0x1C];
7017fa09 WIOR 0,2;
7017fa0a MOV.L# 2,2,SNC;
7017fa0b WBR -66 (0x7017F9C9);
7017fa0c XWLDA 2,@[ac3+0xFFF4];
7017fa0e XWLDA 0,[ac2+0x1];
7017fa10 WINC 0,0;
7017fa11 WADD 0,0;
7017fa12 WNADI 0,7 (0x0007);
7017fa14 XWADD 0,[ac3+0x1E];
7017fa16 WADD 2,0;
7017fa17 XWLDA 1,[ac3+0xC];
7017fa19 WMOV 0,2;
7017fa1a XWSUB 1,[ac2+0x0];
7017fa1c XWSTA 1,[ac3+0x18];
7017fa1e XWLDA 0,[ac3+0x14];
7017fa20 XWSTA 0,[ac3+0x16];
7017fa22 WBR -89 (0x7017F9C9);
7017fa23 XWLDA 0,[ac3+0x18];
7017fa25 WSEQI 0,65535 (0xFFFF);
7017fa27 WBR 5 (0x7017FA2C);
7017fa28 WADC 0,0;
7017fa29 XWSTA 0,[ac3+0x7FF8];
7017fa2b WRTN;
7017fa2c XWLDA 0,[ac3+0x16];
7017fa2e XWSTA 0,[ac3+0x7FF8];
7017fa30 WRTN;
# ----------------------------------------------------------------
# ?GET_LINEID_ENTRY
# ----------------------------------------------------------------
7017fa31 WSAVS 0x0007;
7017fa33 XWLDA 0,@[ac3+0xFFF2];
7017fa35 WSGE 0,0;
7017fa36 WBR 17 (0x7017FA47);
7017fa37 WSNEI 0,65535 (0xFFFF);
7017fa39 WBR 14 (0x7017FA47);
7017fa3a XWLDA 2,@[ac3+0xFFF4];
7017fa3c XWLDA 2,[ac2+0x1];
7017fa3e XWLDA 3,@[ac3+0xFFF4];
7017fa40 XWADD 2,[ac3+0x3];
7017fa42 WINC 2,2;
7017fa43 LDAFP 3;
7017fa44 WXCH 2,0;
7017fa45 WSLT 0,2;
7017fa46 WBR 7 (0x7017FA4D);
7017fa47 WSUB 0,0;
7017fa48 XWSTA 0,@[ac3+0xFFF0];
7017fa4a XWSTA 0,@[ac3+0xFFEE];
7017fa4c WRTN;
7017fa4d XWLDA 0,@[ac3+0xFFF2];
7017fa4f XWLDA 2,@[ac3+0xFFF4];
7017fa51 XWLDA 2,[ac2+0x1];
7017fa53 WSLT 0,2;
7017fa54 WBR 25 (0x7017FA6D);
7017fa55 WADD 0,0;
7017fa56 XWSTA 0,[ac3+0xC];
7017fa58 XWADD 0,@[ac3+0xFFF4];
7017fa5a WMOV 0,2;
7017fa5b XNLDA 2,[ac2+0x7];
7017fa5d XWLDA 3,@[ac3+0xFFF4];
7017fa5f XWADD 2,[ac3+0x5];
7017fa61 LDAFP 3;
7017fa62 XWSTA 2,@[ac3+0xFFF0];
7017fa64 XWLDA 2,[ac3+0xC];
7017fa66 XWADD 2,@[ac3+0xFFF4];
7017fa68 XNLDA 0,[ac2+0x8];
7017fa6a XWSTA 0,@[ac3+0xFFEE];
7017fa6c WRTN;
7017fa6d XWLDA 2,@[ac3+0xFFF4];
7017fa6f XWLDA 0,[ac2+0x1];
7017fa71 WINC 0,0;
7017fa72 WADD 0,0;
7017fa73 WNADI 0,7 (0x0007);
7017fa75 XWLDA 1,@[ac3+0xFFF2];
7017fa77 XWSUB 1,[ac2+0x1];
7017fa79 WADD 1,1;
7017fa7a WADD 1,1;
7017fa7b WADD 1,0;
7017fa7c WADD 2,0;
7017fa7d XWLDA 1,[ac2+0x5];
7017fa7f WMOV 0,2;
7017fa80 XWADD 1,[ac2+0x0];
7017fa82 XWSTA 1,@[ac3+0xFFF0];
7017fa84 XWLDA 2,@[ac3+0xFFF4];
7017fa86 XWLDA 0,[ac2+0x1];
7017fa88 WINC 0,0;
7017fa89 WADD 0,0;
7017fa8a WNADI 0,7 (0x0007);
7017fa8c WADI 2,0;
7017fa8d XWLDA 1,@[ac3+0xFFF2];
7017fa8f XWSUB 1,[ac2+0x1];
7017fa91 WADD 1,1;
7017fa92 WADD 1,1;
7017fa93 WADD 1,0;
7017fa94 WADD 2,0;
7017fa95 WMOV 0,2;
7017fa96 XWLDA 1,[ac2+0x0];
7017fa98 XWSTA 1,@[ac3+0xFFEE];
7017fa9a WRTN;

memory_data: 0x7017FA9B 0x7017FABC
7017FA9B    0000 0A00 0000 0009 0000 0A00 0000 0001  [                ]
7017FAA3    0000 0B00 0000 7FFF 0000 0A00 0000 0008  [                ]
7017FAAB    0000 2020 7469 746C 6520 2200 0000 6F6E  [    title "   on]
7017FAB3    2066 696C 6520 2200 0000 6F6E 206B 6579  [ file "   on key]
7017FABB    2022                                     [ "              ]

disassemble: 0x7017FABC 0x7017FB80
# ----------------------------------------------------------------
# P?SNAP
# ----------------------------------------------------------------
7017fabc WSAVS 0x0006;
7017fabe XWLDA 2,@[ac3+0xFFF0];
7017fac0 XWLDA 0,[ac2+0xC];
7017fac2 WSNE 0,0;
7017fac3 WBR 33 (0x7017FAE4);
7017fac4 XPEF [pc+0x7FE3] (0x7017FAA8);
7017fac6 XPEFB @[pc+0xFFE2] (0x7017FAA9);
7017fac8 WMOV 3,1;
7017fac9 XCALL 0,2,[pc+0x5F] (0x7017FB29); # symbol not found
7017facc XPEF [pc+0x7FD7] (0x7017FAA4);
7017face XWLDA 2,[ac3+0x7FF0];
7017fad0 XWLDA 2,[ac2+0x0];
7017fad2 XPEF @[ac2+0x800C];
7017fad4 WMOV 3,1;
7017fad5 XCALL 0,2,[pc+0x71] (0x7017FB47); # symbol not found
7017fad8 XPEF [pc+0x7FC7] (0x7017FAA0);
7017fada XPEFB @[pc+0xFFB6] (0x7017FA91);
7017fadc WMOV 3,1;
7017fadd XCALL 0,2,[pc+0x4B] (0x7017FB29); # symbol not found
7017fae0 WMOV 3,1;
7017fae1 XCALL 0,0,[pc+0x82] (0x7017FB64); # symbol not found
7017fae4 XPEF [pc+0x7FC3] (0x7017FAA8);
7017fae6 XPEFB @[pc+0xFF96] (0x7017FA7D);
7017fae8 WMOV 3,1;
7017fae9 XCALL 0,2,[pc+0x3F] (0x7017FB29); # symbol not found
7017faec XPEF [pc+0x7FB7] (0x7017FAA4);
7017faee XWLDA 2,[ac3+0x7FF0];
7017faf0 XWLDA 2,[ac2+0x0];
7017faf2 XPEF @[ac2+0x8008];
7017faf4 WMOV 3,1;
7017faf5 XCALL 0,2,[pc+0x51] (0x7017FB47); # symbol not found
7017faf8 WMOV 3,1;
7017faf9 XCALL 0,0,[pc+0x6A] (0x7017FB64); # symbol not found
7017fafc XWLDA 2,@[ac3+0xFFF0];
7017fafe XWLDA 0,[ac2+0xA];
7017fb00 WSNE 0,0;
7017fb01 WBR 33 (0x7017FB22);
7017fb02 XPEF [pc+0x7F99] (0x7017FA9C);
7017fb04 XPEFB @[pc+0xFF4E] (0x7017FA53);
7017fb06 WMOV 3,1;
7017fb07 XCALL 0,2,[pc+0x21] (0x7017FB29); # symbol not found
7017fb0a XPEF [pc+0x7F99] (0x7017FAA4);
7017fb0c XWLDA 2,[ac3+0x7FF0];
7017fb0e XWLDA 2,[ac2+0x0];
7017fb10 XPEF @[ac2+0x800A];
7017fb12 WMOV 3,1;
7017fb13 XCALL 0,2,[pc+0x33] (0x7017FB47); # symbol not found
7017fb16 XPEF [pc+0x7F89] (0x7017FAA0);
7017fb18 XPEFB @[pc+0xFF3A] (0x7017FA53);
7017fb1a WMOV 3,1;
7017fb1b XCALL 0,2,[pc+0xD] (0x7017FB29); # symbol not found
7017fb1e WMOV 3,1;
7017fb1f XCALL 0,0,[pc+0x44] (0x7017FB64); # symbol not found
7017fb22 XWLDA 2,@[ac3+0xFFF0];
7017fb24 XWLDA 0,[ac2+0x6];
7017fb26 XWSTA 0,[ac3+0x7FF8];
7017fb28 WRTN;
7017fb29 WSAVS 0x0008;
7017fb2b XWLDA 2,[ac3+0x7FF4];
7017fb2d XWSTA 2,[ac3+0xC];
7017fb2f XWLDA 2,[ac3+0x7FF2];
7017fb31 XWLDA 0,[ac2+0x1];
7017fb33 CVWN 0;
7017fb34 XNSTA 0,[ac3+0xE];
7017fb36 XPEF [ac3+0xE];
7017fb38 XPEF [ac3+0xC];
7017fb3a WMOV 1,2;
7017fb3b XWLDA 2,[ac2+0x7FF4];
7017fb3d XWLDA 1,[ac2+0x2];
7017fb3f XWLDA 2,[ac3+0x7FFA];
7017fb41 XWLDA 2,@[ac2+0xFFF4];
7017fb43 XCALL 0,2,[ac2+0x0]; # addr not found
7017fb46 WRTN;
7017fb47 WSAVS 0x0009;
7017fb49 XWLDA 2,[ac3+0x7FF4];
7017fb4b XLEFB 2,[ac2+0x2];
7017fb4d XNLDA 0,@[ac3+0xFFF4];
7017fb4f XWSTA 2,[ac3+0xC];
7017fb51 XNSTA 0,[ac3+0xE];
7017fb53 XPEF [ac3+0xE];
7017fb55 XPEF [ac3+0xC];
7017fb57 WMOV 1,2;
7017fb58 XWLDA 2,[ac2+0x7FF4];
7017fb5a XWLDA 1,[ac2+0x2];
7017fb5c XWLDA 2,[ac3+0x7FFA];
7017fb5e XWLDA 2,@[ac2+0xFFF4];
7017fb60 XCALL 0,2,[ac2+0x0]; # addr not found
7017fb63 WRTN;
7017fb64 WSAVS 0x0009;
7017fb66 LLEFB 2,@[0x60001F9E];
7017fb69 XWSTA 2,[ac3+0xC];
7017fb6b NLDAI 1 (0x0001),0;
7017fb6d XNSTA 0,[ac3+0xE];
7017fb6f XPEF [ac3+0xE];
7017fb71 XPEF [ac3+0xC];
7017fb73 WMOV 1,2;
7017fb74 XWLDA 2,[ac2+0x7FF4];
7017fb76 XWLDA 1,[ac2+0x2];
7017fb78 XWLDA 2,[ac3+0x7FFA];
7017fb7a XWLDA 2,@[ac2+0xFFF4];
7017fb7c XCALL 0,2,[ac2+0x0]; # addr not found
7017fb7f WRTN;

memory_data: 0x7017FB80 0x7017FB81
7017FB80    2000                                     [                ]

disassemble: 0x7017FB81 0x7017FBAD
# ----------------------------------------------------------------
# C?TRIM
# ----------------------------------------------------------------
7017fb81 WSAVS 0x000C;
7017fb83 LLEF 0,[0x7015BD09];
7017fb86 NLDAI 14 (0x000E),1;
7017fb88 XWLDA 3,[ac3+0x7FF4];
7017fb8a WINC 1,2;
7017fb8b WCST;
7017fb8c WSNE 1,1;
7017fb8d WMOV 2,1;
7017fb8e WSUB 1,2;
7017fb8f NLDAI 15 (0x000F),0;
7017fb91 WSUB 2,0;
7017fb92 LDAFP 3;
7017fb93 XWLDA 1,[ac3+0x7FF4];
7017fb95 WSBI 1,1;
7017fb96 WADD 1,2;
7017fb97 WMOV 0,1;
7017fb98 XNSTA 0,[ac3+0xE];
7017fb9a XWSTA 2,[ac3+0x16];
7017fb9c XLEFB 2,[ac3+0x1E];
7017fb9e XWLDA 3,[ac3+0x16];
7017fba0 WCMV;
7017fba1 LDAFP 3;
7017fba2 XFLDD 0,[ac3+0xE];
7017fba4 XFSTD 0,@[ac3+0xFFFC];
7017fba6 XFLDD 0,[ac3+0x12];
7017fba8 XWLDA 2,[ac3+0x7FFC];
7017fbaa XFSTD 0,[ac2+0x4];
7017fbac WRTN;

memory_data: 0x7017FBAD 0x7017FBAE
7017FBAD    0000                                     [                ]

disassemble: 0x7017FBAE 0x7017FC4C
# ----------------------------------------------------------------
# I?LINE
# ----------------------------------------------------------------
7017fbae WSAVS 0x0000;
7017fbb0 XWLDA 1,@[ac3+0xFFF4];
7017fbb2 WSLE 1,3;
7017fbb3 WBR 13 (0x7017FBC0);
7017fbb4 LDASB 2;
7017fbb5 XWLDA 2,[ac2+0x7FC0];
7017fbb7 WSNE 2,2;
7017fbb8 WBR 8 (0x7017FBC0);
7017fbb9 WSNE 1,2;
7017fbba WBR 13 (0x7017FBC7);
7017fbbb WSLT 1,2;
7017fbbc WBR 4 (0x7017FBC0);
7017fbbd XWLDA 2,[ac2+0x8];
7017fbbf WBR -8 (0x7017FBB7);
7017fbc0 LDAFP 3;
7017fbc1 WSUB 0,0;
7017fbc2 XWSTA 0,@[ac3+0xFFF2];
7017fbc4 XNSTA 0,@[ac3+0xFFF0];
7017fbc6 WRTN;
7017fbc7 WMOV 1,2;
7017fbc8 XWLDA 0,[ac2+0x6];
7017fbca XWSTA 0,@[ac3+0xFFF2];
7017fbcc XWLDA 2,[ac3+0x7FEA];
7017fbce XWLDA 0,[ac2+0x1];
7017fbd0 XWLDA 2,[ac3+0x7FF0];
7017fbd2 WMOV 1,3;
7017fbd3 XWLDA 3,[ac3+0x4];
7017fbd5 WSGT 3,3;
7017fbd6 WBR -22 (0x7017FBC0);
7017fbd7 XNLDA 1,[ac3+0x0];
7017fbd9 WSGE 1,0;
7017fbda WMOV 1,0;
7017fbdb XNSTA 0,[ac2+0x0];
7017fbdd XLEFB 3,[ac3+0x2];
7017fbdf XLEFB 2,[ac2+0x2];
7017fbe1 WCMV;
7017fbe2 WRTN;
# ----------------------------------------------------------------
# ?WRITE_ERROR_CHANNEL
# ----------------------------------------------------------------
7017fbe3 WSAVS 0x0030;
7017fbe5 LNLDA 0,[0x70000FD5];
7017fbe8 WSEQI 0,255 (0x00FF);
7017fbea WBR 36 (0x7017FC0E);
7017fbeb XLEF 2,[ac3+0xE];
7017fbed XWSTA 2,[ac3+0x5E];
7017fbef XPEF [ac3+0x5E];
7017fbf1 LCALL [0x7017FC41],1; # P?IPKT
7017fbf5 NLDAI 16553 (0x40A9),0;
7017fbf7 XNSTA 0,[ac3+0xF];
7017fbf9 LLEFB 2,@[0x60001FA2];
7017fbfc XWSTA 2,[ac3+0x1A];
7017fbfe XLEF 2,[ac3+0xE];
7017fc00 WSUB 0,0;
7017fc01 WSUB 1,1;
7017fc02 SYSCALL 0300
7017fc05 ADC 0,0,SKP;
7017fc06 WSUB 0,0;
7017fc07 MOV.L# 0,0,SZC;
7017fc08 WBR 6 (0x7017FC0E);
7017fc09 XNLDA 0,[ac3+0xE];
7017fc0b LNSTA 0,[0x70000FD5];
7017fc0e XLEF 2,[ac3+0xE];
7017fc10 XWSTA 2,[ac3+0x5E];
7017fc12 XPEF [ac3+0x5E];
7017fc14 LCALL [0x7017FC41],1; # P?IPKT
7017fc18 NLDAI 10241 (0x2801),0;
7017fc1a XNSTA 0,[ac3+0xF];
7017fc1c XNLDA 1,@[ac3+0xFFF2];
7017fc1e XNSTA 1,[ac3+0x15];
7017fc20 XWLDA 1,@[ac3+0xFFF4];
7017fc22 XWSTA 1,[ac3+0x12];
7017fc24 LNLDA 1,[0x70000FD5];
7017fc27 XNSTA 1,[ac3+0xE];
7017fc29 WADC 1,1;
7017fc2a XWSTA 1,[ac3+0x18];
7017fc2c XLEF 2,[ac3+0xE];
7017fc2e WSUB 0,0;
7017fc2f WSUB 1,1;
7017fc30 SYSCALL 0303
7017fc33 ADC 0,0,SKP;
7017fc34 WSUB 0,0;
7017fc35 WCOM 0,0;
7017fc36 XNSTA 0,[ac3+0x7FF9];
7017fc38 WRTN;
# ----------------------------------------------------------------
# O?AREA
# ----------------------------------------------------------------
7017fc39 WSAVS 0x0000;
7017fc3b LDASB 2;
7017fc3c XLEF 0,[ac2+0x7FC0];
7017fc3e XWSTA 0,[ac3+0x7FF8];
7017fc40 WRTN;
# ----------------------------------------------------------------
# P?IPKT
# ----------------------------------------------------------------
7017fc41 WSAVS 0x0006;
7017fc43 NLDAI 48 (0x0030),1;
7017fc45 LLEF 2,[0x70000FD7];
7017fc48 XWLDA 3,@[ac3+0xFFF4];
7017fc4a WBLM;
7017fc4b WRTN;

memory_data: 0x7017FC4C 0x7017FC4D
7017FC4C    0000                                     [                ]

disassemble: 0x7017FC4D 0x7017FCAA
# ----------------------------------------------------------------
# X.AIC
# ----------------------------------------------------------------
7017fc4d WSAVS 0x000C;
7017fc4f WBR 4 (0x7017FC53);
# ----------------------------------------------------------------
# X.IC
# ----------------------------------------------------------------
7017fc50 WSAVS 0x000C;
7017fc52 WSUB 2,2;
7017fc53 XWSTA 2,[ac3+0x16];
7017fc55 XLEFB 2,[ac3+0xC];
7017fc57 XWSTA 2,[ac3+0x4];
7017fc59 WADDI 1,3 (0x00000003);
7017fc5c NNEG 1,1;
7017fc5d XWSTA 1,[ac3+0x2];
7017fc5f STATS 1;
7017fc60 WMOV 0,1;
7017fc61 WSLT 1,1;
7017fc62 WBR 6 (0x7017FC68);
7017fc63 WSANA 1,2147483647 (0x7FFFFFFF);
7017fc66 WBR 60 (0x7017FCA2);
7017fc67 WNEG 1,1;
7017fc68 XNLDA 2,[pc+0x41] (0x7017FCAA);
7017fc6a WSUB 0,0;
7017fc6b WDIVS;
7017fc6c NLDAI 48 (0x0030),2;
7017fc6e WADD 2,0;
7017fc6f XWLDA 2,[ac3+0x4];
7017fc71 WSTB 2,0;
7017fc72 XWISZ [ac3+0x4];
7017fc74 ISZTS;
7017fc75 WSEQ 1,1;
7017fc76 WBR -14 (0x7017FC68);
7017fc77 XWLDA 2,[ac3+0x4];
7017fc79 XWLDA 0,[ac3+0x7FF8];
7017fc7b WSLT 0,0;
7017fc7c WBR 8 (0x7017FC84);
7017fc7d NLDAI 45 (0x002D),0;
7017fc7f WSTB 2,0;
7017fc80 WINC 2,2;
7017fc81 ISZTS;
7017fc82 WBR 2 (0x7017FC84);
7017fc83 WBR 7 (0x7017FC8A);
7017fc84 NLDAI 32 (0x0020),0;
7017fc86 WSTB 2,0;
7017fc87 WINC 2,2;
7017fc88 ISZTS;
7017fc89 WBR -3 (0x7017FC86);
7017fc8a XWLDA 1,[ac3+0x2];
7017fc8c XWLDA 0,[ac3+0x7FF4];
7017fc8e WPSH 3,3;
7017fc8f XWLDA 3,[ac3+0x16];
7017fc91 WSLT 3,3;
7017fc92 WBR 9 (0x7017FC9B);
7017fc93 WNEG 1,1;
7017fc94 WSGE 1,0;
7017fc95 WMOV 1,0;
7017fc96 WNEG 1,1;
7017fc97 WPOP 3,3;
7017fc98 XNSTA 0,@[ac3+0xFFF0];
7017fc9a WBR 2 (0x7017FC9C);
7017fc9b WPOP 3,3;
7017fc9c XWLDA 3,[ac3+0x7FF2];
7017fc9e WSBI 1,2;
7017fc9f WXCH 2,3;
7017fca0 WCMV;
7017fca1 WRTN;
7017fca2 WINC 1,1;
7017fca3 WNEG 1,1;
7017fca4 XNLDA 2,[pc+0x5] (0x7017FCAA);
7017fca6 WSUB 0,0;
7017fca7 WDIVS;
7017fca8 WINC 0,0;
7017fca9 WBR -61 (0x7017FC6C);

memory_data: 0x7017FCAA 0x7017FCAB
7017FCAA    000A                                     [                ]

disassemble: 0x7017FCAB 0x7017FCD6
# ----------------------------------------------------------------
# F.STOP
# ----------------------------------------------------------------
7017fcab WSAVS 0x0042;
7017fcad XLEFB 2,[ac3+0x4];
7017fcaf NLDAI 5 (0x0005),0;
7017fcb1 XLEF 3,[pc+0x24] (0x7017FCD6);
7017fcb3 WLSI 1,3;
7017fcb4 NLDAI 4 (0x0004),1;
7017fcb6 WCMV;
7017fcb7 LDAFP 3;
7017fcb8 XWLDA 1,[ac3+0x7FFA];
7017fcba XWLDA 3,[ac3+0x7FF8];
7017fcbc NLDAI 250 (0x00FA),0;
7017fcbe WSGE 1,1;
7017fcbf WSUB 1,1;
7017fcc0 WSGE 0,1;
7017fcc1 WMOV 0,1;
7017fcc2 WPSH 1,1;
7017fcc3 WMOV 1,0;
7017fcc4 WCMV;
7017fcc5 WPOP 2,2;
7017fcc6 WADDI 2,32773 (0x00008005);
7017fcc9 LDAFP 3;
7017fcca XLEFB 1,[ac3+0x4];
7017fccc WBR 31 (0x7017FCEB);
# ----------------------------------------------------------------
# F.STOPN
# ----------------------------------------------------------------
7017fccd WSAVS 0x0000;
7017fccf WLDAI 2,0x00008004;
7017fcd2 XLEF 1,[pc+0x3] (0x7017FCD6);
7017fcd4 WLSI 1,1;
7017fcd5 WBR 22 (0x7017FCEB);

memory_data: 0x7017FCD6 0x7017FCD8
7017FCD6    5354 4F50                                [STOP            ]

disassemble: 0x7017FCD8 0x7017FD60
# ----------------------------------------------------------------
# I.STOPM
# ----------------------------------------------------------------
7017fcd8 WSAVS 0x0000;
7017fcda XNLDA 0,[ac3+0x7FF7];
7017fcdc WSNE 0,0;
7017fcdd WBR 13 (0x7017FCEA);
7017fcde XWLDA 2,[ac3+0x7FF4];
7017fce0 XLEFB 1,[ac2+0x2];
7017fce2 XNLDA 2,[ac2+0x0];
7017fce4 WADDI 2,32768 (0x00008000);
7017fce7 WBR 4 (0x7017FCEB);
# ----------------------------------------------------------------
# I.STOP
# ----------------------------------------------------------------
7017fce8 WSSVS 0x0000;
7017fcea WSUB 2,2;
7017fceb LCALL [0x7017FCF3],0; # LANG?STOP
7017fcef WSUB 0,0;
7017fcf0 SYSCALL 0310
# ----------------------------------------------------------------
# LANG?STOP
# ----------------------------------------------------------------
7017fcf3 WSAVS 0x0006;
7017fcf5 LCALL [0x7017FDB9],0; # C?INIT / .DUMMY. / C?FLSH / F77?INIT / SPL?INIT / PAS?STOP / P?STOP / P?PAGE / F77?FLSH / BAS?STOP / COB?STOP / C?STOP / SPL?FLSH / PAS?INIT / USR?STOP / BAS?INIT / COB?INIT / PAS?FLSH / USR?INIT / BAS?FLSH / COB?FLSH / P?INIT / F77?STOP / P?FLSH / USR?FLSH / SPL?STOP
7017fcf9 LCALL [0x7017FDB9],0; # C?INIT / .DUMMY. / C?FLSH / F77?INIT / SPL?INIT / PAS?STOP / P?STOP / P?PAGE / F77?FLSH / BAS?STOP / COB?STOP / C?STOP / SPL?FLSH / PAS?INIT / USR?STOP / BAS?INIT / COB?INIT / PAS?FLSH / USR?INIT / BAS?FLSH / COB?FLSH / P?INIT / F77?STOP / P?FLSH / USR?FLSH / SPL?STOP
7017fcfd LCALL [0x7017FDB9],0; # C?INIT / .DUMMY. / C?FLSH / F77?INIT / SPL?INIT / PAS?STOP / P?STOP / P?PAGE / F77?FLSH / BAS?STOP / COB?STOP / C?STOP / SPL?FLSH / PAS?INIT / USR?STOP / BAS?INIT / COB?INIT / PAS?FLSH / USR?INIT / BAS?FLSH / COB?FLSH / P?INIT / F77?STOP / P?FLSH / USR?FLSH / SPL?STOP
7017fd01 LCALL [0x7017FDB9],0; # C?INIT / .DUMMY. / C?FLSH / F77?INIT / SPL?INIT / PAS?STOP / P?STOP / P?PAGE / F77?FLSH / BAS?STOP / COB?STOP / C?STOP / SPL?FLSH / PAS?INIT / USR?STOP / BAS?INIT / COB?INIT / PAS?FLSH / USR?INIT / BAS?FLSH / COB?FLSH / P?INIT / F77?STOP / P?FLSH / USR?FLSH / SPL?STOP
7017fd05 LCALL [0x7017FDB9],0; # C?INIT / .DUMMY. / C?FLSH / F77?INIT / SPL?INIT / PAS?STOP / P?STOP / P?PAGE / F77?FLSH / BAS?STOP / COB?STOP / C?STOP / SPL?FLSH / PAS?INIT / USR?STOP / BAS?INIT / COB?INIT / PAS?FLSH / USR?INIT / BAS?FLSH / COB?FLSH / P?INIT / F77?STOP / P?FLSH / USR?FLSH / SPL?STOP
7017fd09 LCALL [0x7017FDB9],0; # C?INIT / .DUMMY. / C?FLSH / F77?INIT / SPL?INIT / PAS?STOP / P?STOP / P?PAGE / F77?FLSH / BAS?STOP / COB?STOP / C?STOP / SPL?FLSH / PAS?INIT / USR?STOP / BAS?INIT / COB?INIT / PAS?FLSH / USR?INIT / BAS?FLSH / COB?FLSH / P?INIT / F77?STOP / P?FLSH / USR?FLSH / SPL?STOP
7017fd0d LCALL [0x7017FDB9],0; # C?INIT / .DUMMY. / C?FLSH / F77?INIT / SPL?INIT / PAS?STOP / P?STOP / P?PAGE / F77?FLSH / BAS?STOP / COB?STOP / C?STOP / SPL?FLSH / PAS?INIT / USR?STOP / BAS?INIT / COB?INIT / PAS?FLSH / USR?INIT / BAS?FLSH / COB?FLSH / P?INIT / F77?STOP / P?FLSH / USR?FLSH / SPL?STOP
7017fd11 LCALL [0x7017FDB9],0; # C?INIT / .DUMMY. / C?FLSH / F77?INIT / SPL?INIT / PAS?STOP / P?STOP / P?PAGE / F77?FLSH / BAS?STOP / COB?STOP / C?STOP / SPL?FLSH / PAS?INIT / USR?STOP / BAS?INIT / COB?INIT / PAS?FLSH / USR?INIT / BAS?FLSH / COB?FLSH / P?INIT / F77?STOP / P?FLSH / USR?FLSH / SPL?STOP
7017fd15 WRTN;
# ----------------------------------------------------------------
# LANG?INIT
# ----------------------------------------------------------------
7017fd16 WSAVS 0x0006;
7017fd18 LCALL [0x7017E3F0],0; # SWAT.NIN
7017fd1c LCALL [0x7017FDB9],0; # C?INIT / .DUMMY. / C?FLSH / F77?INIT / SPL?INIT / PAS?STOP / P?STOP / P?PAGE / F77?FLSH / BAS?STOP / COB?STOP / C?STOP / SPL?FLSH / PAS?INIT / USR?STOP / BAS?INIT / COB?INIT / PAS?FLSH / USR?INIT / BAS?FLSH / COB?FLSH / P?INIT / F77?STOP / P?FLSH / USR?FLSH / SPL?STOP
7017fd20 LCALL [0x7017FDB9],0; # C?INIT / .DUMMY. / C?FLSH / F77?INIT / SPL?INIT / PAS?STOP / P?STOP / P?PAGE / F77?FLSH / BAS?STOP / COB?STOP / C?STOP / SPL?FLSH / PAS?INIT / USR?STOP / BAS?INIT / COB?INIT / PAS?FLSH / USR?INIT / BAS?FLSH / COB?FLSH / P?INIT / F77?STOP / P?FLSH / USR?FLSH / SPL?STOP
7017fd24 LCALL [0x7017FDB9],0; # C?INIT / .DUMMY. / C?FLSH / F77?INIT / SPL?INIT / PAS?STOP / P?STOP / P?PAGE / F77?FLSH / BAS?STOP / COB?STOP / C?STOP / SPL?FLSH / PAS?INIT / USR?STOP / BAS?INIT / COB?INIT / PAS?FLSH / USR?INIT / BAS?FLSH / COB?FLSH / P?INIT / F77?STOP / P?FLSH / USR?FLSH / SPL?STOP
7017fd28 LCALL [0x7017FDB9],0; # C?INIT / .DUMMY. / C?FLSH / F77?INIT / SPL?INIT / PAS?STOP / P?STOP / P?PAGE / F77?FLSH / BAS?STOP / COB?STOP / C?STOP / SPL?FLSH / PAS?INIT / USR?STOP / BAS?INIT / COB?INIT / PAS?FLSH / USR?INIT / BAS?FLSH / COB?FLSH / P?INIT / F77?STOP / P?FLSH / USR?FLSH / SPL?STOP
7017fd2c LCALL [0x7017FDB9],0; # C?INIT / .DUMMY. / C?FLSH / F77?INIT / SPL?INIT / PAS?STOP / P?STOP / P?PAGE / F77?FLSH / BAS?STOP / COB?STOP / C?STOP / SPL?FLSH / PAS?INIT / USR?STOP / BAS?INIT / COB?INIT / PAS?FLSH / USR?INIT / BAS?FLSH / COB?FLSH / P?INIT / F77?STOP / P?FLSH / USR?FLSH / SPL?STOP
7017fd30 LCALL [0x7017FDB9],0; # C?INIT / .DUMMY. / C?FLSH / F77?INIT / SPL?INIT / PAS?STOP / P?STOP / P?PAGE / F77?FLSH / BAS?STOP / COB?STOP / C?STOP / SPL?FLSH / PAS?INIT / USR?STOP / BAS?INIT / COB?INIT / PAS?FLSH / USR?INIT / BAS?FLSH / COB?FLSH / P?INIT / F77?STOP / P?FLSH / USR?FLSH / SPL?STOP
7017fd34 LCALL [0x7017FDB9],0; # C?INIT / .DUMMY. / C?FLSH / F77?INIT / SPL?INIT / PAS?STOP / P?STOP / P?PAGE / F77?FLSH / BAS?STOP / COB?STOP / C?STOP / SPL?FLSH / PAS?INIT / USR?STOP / BAS?INIT / COB?INIT / PAS?FLSH / USR?INIT / BAS?FLSH / COB?FLSH / P?INIT / F77?STOP / P?FLSH / USR?FLSH / SPL?STOP
7017fd38 LCALL [0x7017FDB9],0; # C?INIT / .DUMMY. / C?FLSH / F77?INIT / SPL?INIT / PAS?STOP / P?STOP / P?PAGE / F77?FLSH / BAS?STOP / COB?STOP / C?STOP / SPL?FLSH / PAS?INIT / USR?STOP / BAS?INIT / COB?INIT / PAS?FLSH / USR?INIT / BAS?FLSH / COB?FLSH / P?INIT / F77?STOP / P?FLSH / USR?FLSH / SPL?STOP
7017fd3c WRTN;
# ----------------------------------------------------------------
# LANG?FLSH
# ----------------------------------------------------------------
7017fd3d WSAVS 0x0006;
7017fd3f LCALL [0x7017FDB9],0; # C?INIT / .DUMMY. / C?FLSH / F77?INIT / SPL?INIT / PAS?STOP / P?STOP / P?PAGE / F77?FLSH / BAS?STOP / COB?STOP / C?STOP / SPL?FLSH / PAS?INIT / USR?STOP / BAS?INIT / COB?INIT / PAS?FLSH / USR?INIT / BAS?FLSH / COB?FLSH / P?INIT / F77?STOP / P?FLSH / USR?FLSH / SPL?STOP
7017fd43 LCALL [0x7017FDB9],0; # C?INIT / .DUMMY. / C?FLSH / F77?INIT / SPL?INIT / PAS?STOP / P?STOP / P?PAGE / F77?FLSH / BAS?STOP / COB?STOP / C?STOP / SPL?FLSH / PAS?INIT / USR?STOP / BAS?INIT / COB?INIT / PAS?FLSH / USR?INIT / BAS?FLSH / COB?FLSH / P?INIT / F77?STOP / P?FLSH / USR?FLSH / SPL?STOP
7017fd47 LCALL [0x7017FDB9],0; # C?INIT / .DUMMY. / C?FLSH / F77?INIT / SPL?INIT / PAS?STOP / P?STOP / P?PAGE / F77?FLSH / BAS?STOP / COB?STOP / C?STOP / SPL?FLSH / PAS?INIT / USR?STOP / BAS?INIT / COB?INIT / PAS?FLSH / USR?INIT / BAS?FLSH / COB?FLSH / P?INIT / F77?STOP / P?FLSH / USR?FLSH / SPL?STOP
7017fd4b LCALL [0x7017FDB9],0; # C?INIT / .DUMMY. / C?FLSH / F77?INIT / SPL?INIT / PAS?STOP / P?STOP / P?PAGE / F77?FLSH / BAS?STOP / COB?STOP / C?STOP / SPL?FLSH / PAS?INIT / USR?STOP / BAS?INIT / COB?INIT / PAS?FLSH / USR?INIT / BAS?FLSH / COB?FLSH / P?INIT / F77?STOP / P?FLSH / USR?FLSH / SPL?STOP
7017fd4f LCALL [0x7017FDB9],0; # C?INIT / .DUMMY. / C?FLSH / F77?INIT / SPL?INIT / PAS?STOP / P?STOP / P?PAGE / F77?FLSH / BAS?STOP / COB?STOP / C?STOP / SPL?FLSH / PAS?INIT / USR?STOP / BAS?INIT / COB?INIT / PAS?FLSH / USR?INIT / BAS?FLSH / COB?FLSH / P?INIT / F77?STOP / P?FLSH / USR?FLSH / SPL?STOP
7017fd53 LCALL [0x7017FDB9],0; # C?INIT / .DUMMY. / C?FLSH / F77?INIT / SPL?INIT / PAS?STOP / P?STOP / P?PAGE / F77?FLSH / BAS?STOP / COB?STOP / C?STOP / SPL?FLSH / PAS?INIT / USR?STOP / BAS?INIT / COB?INIT / PAS?FLSH / USR?INIT / BAS?FLSH / COB?FLSH / P?INIT / F77?STOP / P?FLSH / USR?FLSH / SPL?STOP
7017fd57 LCALL [0x7017FDB9],0; # C?INIT / .DUMMY. / C?FLSH / F77?INIT / SPL?INIT / PAS?STOP / P?STOP / P?PAGE / F77?FLSH / BAS?STOP / COB?STOP / C?STOP / SPL?FLSH / PAS?INIT / USR?STOP / BAS?INIT / COB?INIT / PAS?FLSH / USR?INIT / BAS?FLSH / COB?FLSH / P?INIT / F77?STOP / P?FLSH / USR?FLSH / SPL?STOP
7017fd5b LCALL [0x7017FDB9],0; # C?INIT / .DUMMY. / C?FLSH / F77?INIT / SPL?INIT / PAS?STOP / P?STOP / P?PAGE / F77?FLSH / BAS?STOP / COB?STOP / C?STOP / SPL?FLSH / PAS?INIT / USR?STOP / BAS?INIT / COB?INIT / PAS?FLSH / USR?INIT / BAS?FLSH / COB?FLSH / P?INIT / F77?STOP / P?FLSH / USR?FLSH / SPL?STOP
7017fd5f WRTN;

memory_data: 0x7017FD60 0x7017FD61
7017FD60    0000                                     [                ]

disassemble: 0x7017FD61 0x7017FDBC
# ----------------------------------------------------------------
# ?SCOPE_INIT
# ----------------------------------------------------------------
7017fd61 WSAVS 0x0000;
7017fd63 WLDAI 0,0x00000000;
7017fd66 LWSTA 0,[0x70000C76];
7017fd69 WLSI 1,0;
7017fd6a LLEF 2,[pc+0x7FFD17ED] (0x70151558);
7017fd6d WSUB 0,2;
7017fd6e LWSTA 2,[pc+0x7FE80F0D] (0x70000C7C);
7017fd71 WLSI 1,0;
7017fd72 LLEF 2,[pc+0x7FFD17E3] (0x70151556);
7017fd75 WSUB 0,2;
7017fd76 LWSTA 2,[pc+0x7FE80F03] (0x70000C7A);
7017fd79 WRTN;
# ----------------------------------------------------------------
# P?DEFON
# ----------------------------------------------------------------
7017fd7a WSAVS 0x0007;
7017fd7c XWLDA 0,@[ac3+0xFFF0];
7017fd7e WSEQI 0,2 (0x0002);
7017fd80 WBR 8 (0x7017FD88);
7017fd81 XPEF @[ac3+0xFFF4];
7017fd83 LCALL [0x7017FDB9],1; # C?INIT / .DUMMY. / C?FLSH / F77?INIT / SPL?INIT / PAS?STOP / P?STOP / P?PAGE / F77?FLSH / BAS?STOP / COB?STOP / C?STOP / SPL?FLSH / PAS?INIT / USR?STOP / BAS?INIT / COB?INIT / PAS?FLSH / USR?INIT / BAS?FLSH / COB?FLSH / P?INIT / F77?STOP / P?FLSH / USR?FLSH / SPL?STOP
7017fd87 WRTN;
7017fd88 XWLDA 0,@[ac3+0xFFF0];
7017fd8a WSEQI 0,6 (0x0006);
7017fd8c WBR 5 (0x7017FD91);
7017fd8d WADC 0,0;
7017fd8e XWSTA 0,[ac3+0xC];
7017fd90 WBR 5 (0x7017FD95);
7017fd91 NLDAI 6 (0x0006),0;
7017fd93 XWSTA 0,[ac3+0xC];
7017fd95 XPEF @[ac3+0xFFF2];
7017fd97 XPEF @[ac3+0xFFF4];
7017fd99 XPEF [ac3+0xC];
7017fd9b LCALL [0x7017EDED],3; # O?SIGNAL
7017fd9f WRTN;
# ----------------------------------------------------------------
# I.START
# ----------------------------------------------------------------
7017fda0 WLDAI 2,0xFFFFFFFF;
7017fda3 WSGT 2,2;
7017fda4 WBR 3 (0x7017FDA7);
7017fda5 XJMP [ac2+0x0]; # addr not found
7017fda7 WLDAI 2,0xFFFFFFFF;
7017fdaa WSGT 2,2;
7017fdab WBR 3 (0x7017FDAE);
7017fdac XJMP [ac2+0x0]; # addr not found
7017fdae WSAVS 0x0000;
7017fdb0 WLDAI 0,0x00011602;
7017fdb3 WLDAI 2,0x0000F000;
7017fdb6 SYSCALL 0310
# ----------------------------------------------------------------
# C?INIT / .DUMMY. / C?FLSH / F77?INIT / SPL?INIT / PAS?STOP / P?STOP / P?PAGE / F77?FLSH / BAS?STOP / COB?STOP / C?STOP / SPL?FLSH / PAS?INIT / USR?STOP / BAS?INIT / COB?INIT / PAS?FLSH / USR?INIT / BAS?FLSH / COB?FLSH / P?INIT / F77?STOP / P?FLSH / USR?FLSH / SPL?STOP
# ----------------------------------------------------------------
7017fdb9 WSAVS 0x0000;
7017fdbb WRTN;

memory_data: 0x7017FDBC 0x7017FDBF
7017FDBC    8739 0000 87A9                           [ 9              ]

disassemble: 0x7017FDBF 0x7017FDD4
# ----------------------------------------------------------------
# R.INERR
# ----------------------------------------------------------------
7017fdbf WPOPJ;
# ----------------------------------------------------------------
# C.ERRNO
# ----------------------------------------------------------------
7017fdc0 JMP
7017fdc1 JMP
# ----------------------------------------------------------------
# DERR.USR
# ----------------------------------------------------------------
7017fdc2 WPOP 3,3;
7017fdc3 WPOP 3,3;
7017fdc4 WSBI 1,3;
7017fdc5 WSAVR 0x0000;
7017fdc7 WLDAI 2,0x00011631;
7017fdca LCALL [0x7017EE33],0; # O.SERROR
# ----------------------------------------------------------------
# ?URTB
# ----------------------------------------------------------------
7017fdce AND.CS# 3,3,SBN;
7017fdcf AND.CS# 3,3,SBN;
# ----------------------------------------------------------------
# .BOMB
# ----------------------------------------------------------------
7017fdd0 LPSHJ [pc+0x34] (0x7017FE05);
# ----------------------------------------------------------------
# .KILL
# ----------------------------------------------------------------
7017fdd3 WBR 3 (0x7017FDD6);

memory_data: 0x7017FDD4 0x7017FDD6
7017FDD4    8178 8838                                [ x 8            ]

disassemble: 0x7017FDD6 0x7017FDDD
7017fdd6 SYSCALL 0504
# ----------------------------------------------------------------
# .UTSK
# ----------------------------------------------------------------
7017fdd9 LJSR [pc+0x4C] (0x7017FE26); # ?UTSK
7017fddc WBR 5 (0x7017FDE1);

memory_data: 0x7017FDDD 0x7017FDE1
7017FDDD    A6C9 3000 0002 0000                      [  0             ]

disassemble: 0x7017FDE1 0x7017FDF2
7017fde1 LCALL [0x30000001],0; # ?G.UTSKB
# ----------------------------------------------------------------
# .UKIL
# ----------------------------------------------------------------
7017fde5 LJSR [pc+0x7FFFEC78] (0x7017EA5E); # ?UKIL
7017fde8 LCALL [0x30000003],0; # ?G.UKILL
7017fdec WPSH 3,3;
7017fded LCALL [0x30000000],0; # ?G.SYSCA
7017fdf1 WBR 2 (0x7017FDF3);

memory_data: 0x7017FDF2 0x7017FDF3
7017FDF2    C7C9                                     [                ]

disassemble: 0x7017FDF3 0x7017FDF6
7017fdf3 ISZTS;
7017fdf4 LDAFP 3;
7017fdf5 WPOPJ;

memory_data: 0x7017FDF6 0x7017FE05
7017FDF6    A6C9 3000 0004 0000 B649 DB09 0000 EB29  [  0      I     )]
7017FDFE    0000 B329 0004 C8B9 E779 8749 C789       [   )     y I    ]

disassemble: 0x7017FE05 0x7017FE0C
# ----------------------------------------------------------------
# ?BOMB
# ----------------------------------------------------------------
7017fe05 XLEFB 1,[pc+0xC] (0x7017FE0C:0);
7017fe07 XWLDA 2,[pc+0x1C] (0x7017FE24);
7017fe09 SYSCALL 0310

memory_data: 0x7017FE0C 0x7017FE26
7017FE0C    0A0A 0A46 4154 414C 2052 554E 5449 4D45  [   FATAL RUNTIME]
7017FE14    2045 5252 4F52 3A20 2054 4552 4D49 4E41  [ ERROR:  TERMINA]
7017FE1C    5449 4F4E 2054 4852 5520 3F42 4F4D 420A  [TION THRU ?BOMB ]
7017FE24    0000 D030                                [   0            ]

disassemble: 0x7017FE26 0x7017FE29
# ----------------------------------------------------------------
# ?UTSK
# ----------------------------------------------------------------
7017fe26 LJMP [ac3+0x1]; # addr not found

memory_data: 0x7017FE29 0x7017FFFF
7017FE29    0000 0000 0000 0000 0000 0000 0000 0000  [                ]
7017FE31    0000 0000 0000 0000 0000 0000 0000 0000  [                ]
*
*
7017FFF1    0000 0000 0000 0000 0000 0000 0000 0000  [                ]
7017FFF9    0000 0000 0000 0000 0000 0000            [                ]
