Program start address: 0x7015c005
------------------------------------- HEADER ------------------------------------

000000    0000 0000 0000 0000 0000 0000 0000 0000  [                ]
000008    0000 0000 0000 0000 0000 0000 0000 0000  [                ]
*
*
0000F8    0000 0000 0000 0000 0000 0000 0000 0000  [                ]
000100    0000 0000 0000 0000 0000 0000 FFFF FFFF  [                ]
000108    021F 0000 0002 0000 0005 0000 0000 005F  [               _]
000110    FFFF FFFF 0000 05A1 0000 7017 FDD3 7017  [          p   p ]
000118    FDD0 0000 000E 3000 0126 3000 0126 3000  [      0  &0  &0 ]
000120    0126 3000 01AC 3000 01AC 0000 FFFF FFFF  [ &0   0         ]
000128    FFFF FFFF 0000 0000 0000 0000 0000 0000  [                ]
000130    0000 0000 0000 0000 0000 0000 0000 0000  [                ]
000138    0000 0000 0000 0000 0000 0000 0000 0000  [                ]
*
*
000170    0000 0000 0000 0000 0000 0000 0000 0000  [                ]
000178    0000 0000 0000 0000 7015 C005 0000 0000  [        p       ]
000180    0000 0000 0000 0000 0000 0000 0000 0000  [                ]
000188    0000 0000 0000 0000 0000 0000 0000 0000  [                ]
000190    0000 0000 0000 0000 0000 0000 0000 0000  [                ]
000198    0000 0000 0000 0000 0000 0000 0000 0000  [                ]
0001A0    0000 0000 0000 0000 0000 0000 0001 0000  [                ]
0001A8    0000 0000 0000 0000 FFFF FFFF FFFF FFFF  [                ]
0001B0    0000 0000 0000 0000 0000 0000 0000 0000  [                ]
0001B8    0000 0000 0000 0000 0000 0000 0000 0000  [                ]
*
*
001FF8    0000 0000 0000 0000 0000 0000 0000 0000  [                ]





memory_data: 0x70000000 0x70001800
70000000    0000 0000 0000 0000 0000 0000 7017 FDEC  [            p   ]
70000008    7017 FDF6 0000 0000 01B8 0000 0000 0000  [p               ]
70000010    0000 0000 7000 0E87 7000 0E87 7000 0E87  [    p   p   p   ]
70000018    0000 0000 0000 0000 0000 0000 0000 01C3  [                ]
70000020    0000 0000 0000 0000 0000 01CA 01CD 01DB  [                ]

# ----------------------------------------------------------------
# ?ZMAX / ?ZBOT
# ----------------------------------------------------------------
70000028    0000 0000 0000 0000 0000 0000 0000 0000  [                ]
70000030    0000 0000 0000 0000 0000 0000 0000 0000  [                ]
*
*
700000F8    0000 0000 0000 0000 0000 0000 0000 0000  [                ]

# ----------------------------------------------------------------
# ?NBOT
# ----------------------------------------------------------------
70000100    0000 0000 0000 0000 0000 0000 0000 0000  [                ]
70000108    0000 0000 0000 0000 0000 0000 0000 0000  [                ]
70000110    0000 0000 0000 0000 0000 0000 0000 0000  [                ]
70000118    0000 0000 0000 0000 0000 0000 0000 0000  [                ]
70000120    0000 0000 0000 0000 0000 0000            [                ]

# ----------------------------------------------------------------
# ?USTA / ?UDP000000 / UD.SHORT_STATIC
# ----------------------------------------------------------------
70000126    0000 0000 0000 0000 0000 0000 0000 0000  [                ]
7000012E    0000 0000 0000 0000 0000 0000 0000 0000  [                ]
*
*
70000196    0000 0000 0000 0000 0000 0000 0000 0000  [                ]
7000019E    0000 0000 0000 0000 0000 0000 2E53 5741  [            .SWA]
700001A6    542E 4950 4300 3F30 3030 5357 4154 2E54  [T.IPC ?000SWAT.T]
700001AE    4D50 2E42 4B50 5400 0000 0000 0000 0000  [MP.BKPT         ]
700001B6    0000 0000                                [                ]

# ----------------------------------------------------------------
# .LOW32K
# ----------------------------------------------------------------
700001B8    A6D9 7017 EA2E A6D9 7017 EC39            [  p  .  p  9    ]

# ----------------------------------------------------------------
# .LIERR
# ----------------------------------------------------------------
700001BE    7017 EBBB                                [p               ]

# ----------------------------------------------------------------
# SFALT
# ----------------------------------------------------------------
700001C0    A6D9 7017 EBC0                           [  p             ]

# ----------------------------------------------------------------
# IFALT
# ----------------------------------------------------------------
700001C3    9B79 8739 0000 A6C9 7017 EE1F 0000       [ y 9    p       ]

# ----------------------------------------------------------------
# FFALT
# ----------------------------------------------------------------
700001CA    A6D9 7017 ECCC                           [  p             ]

# ----------------------------------------------------------------
# CFALT
# ----------------------------------------------------------------
700001CD    9E49 D689 0001 1609 8E99 0000 0007 B149  [ I             I]
700001D5    8739 0000 A6C9 7017 EE33 0000 AED9 0017  [ 9    p  3      ]
700001DD    EB40                                     [ @              ]

# ----------------------------------------------------------------
# ?UDP000003
# ----------------------------------------------------------------
700001DE    C629 0012 8278 C629 0134 81B8 C629 0135  [ )   x ) 4   ) 5]
700001E6    80F8 C629 0136 A959 D629 F000 C619 8006  [   ) 6 Y )      ]
700001EE    00C8 E799                                [                ]

# ----------------------------------------------------------------
# I.HEAP / ?UDP000001
# ----------------------------------------------------------------
700001F0    FFFF FFFF FFFF FFFF FFFF FFFF FFFF FFFF  [                ]
700001F8    FFFF FFFF FFFF FFFF FFFF FFFF FFFF FFFF  [                ]
70000200    0000 0000 0000 0000 0000 0000 0000 0000  [                ]

# ----------------------------------------------------------------
# ?UDP000002
# ----------------------------------------------------------------
70000208    0000 0000 0000 0000                      [                ]

# ----------------------------------------------------------------
# ?INFORM_CHANNEL
# ----------------------------------------------------------------
7000020C    FFFF 0000                                [                ]

# ----------------------------------------------------------------
# ?DEMAND_CHANNEL
# ----------------------------------------------------------------
7000020E    FFFF 0000                                [                ]

# ----------------------------------------------------------------
# SD_PTR
# ----------------------------------------------------------------
70000210    0000 0000                                [                ]

# ----------------------------------------------------------------
# OBJ_PTR
# ----------------------------------------------------------------
70000212    0000 0000                                [                ]

# ----------------------------------------------------------------
# CAS_PTR
# ----------------------------------------------------------------
70000214    0000 0000                                [                ]

# ----------------------------------------------------------------
# PLAYER_NUM
# ----------------------------------------------------------------
70000216    0000 0000                                [                ]

# ----------------------------------------------------------------
# GLOBAL_PORT_NUM
# ----------------------------------------------------------------
70000218    0000 0000                                [                ]

# ----------------------------------------------------------------
# OPERATOR
# ----------------------------------------------------------------
7000021A    0000 0000                                [                ]

# ----------------------------------------------------------------
# IN_BUFFER
# ----------------------------------------------------------------
7000021C    0000 0000 0000 0000 0000 0000 0000 0000  [                ]
70000224    0000 0000 0000 0000 0000 0000 0000 0000  [                ]
*
*
70000254    0000 0000 0000 0000 0000 0000 0000 0000  [                ]
7000025C    0000 0000 0000 0000                      [                ]

# ----------------------------------------------------------------
# OUT_CHAN
# ----------------------------------------------------------------
70000260    0000 0000                                [                ]

# ----------------------------------------------------------------
# IN_CHAN
# ----------------------------------------------------------------
70000262    0000 0000                                [                ]

# ----------------------------------------------------------------
# SH_CHAN1
# ----------------------------------------------------------------
70000264    0000 0000                                [                ]

# ----------------------------------------------------------------
# SH_CHAN2
# ----------------------------------------------------------------
70000266    0000 0000                                [                ]

# ----------------------------------------------------------------
# SH_CHAN3
# ----------------------------------------------------------------
70000268    0000 0000                                [                ]

# ----------------------------------------------------------------
# WRITE_INDEX
# ----------------------------------------------------------------
7000026A    0000 0000                                [                ]

# ----------------------------------------------------------------
# CITY_NUM
# ----------------------------------------------------------------
7000026C    0000 0000                                [                ]

# ----------------------------------------------------------------
# TERR_NUM
# ----------------------------------------------------------------
7000026E    0000 0000                                [                ]

# ----------------------------------------------------------------
# MOVES_LEFT
# ----------------------------------------------------------------
70000270    0000 0000                                [                ]

# ----------------------------------------------------------------
# BEING_NAMES
# ----------------------------------------------------------------
70000272    000E 6769 616E 7420 2841 6C62 696F 6E29  [  giant (Albion)]
7000027A    0000 0000 0000 0000 000F 7769 7A61 7264  [          wizard]
70000282    2028 5465 7272 616B 2900 0000 0000 0000  [ (Terrak)       ]
7000028A    000C 6C6F 7264 2028 4C6F 7269 6329 0000  [  lord (Loric)  ]
70000292    0000 0000 0000 0000 0012 6261 6E69 7368  [          banish]
7000029A    6572 2028 4272 6973 746C 6529 0000 0000  [er (Bristle)    ]
700002A2    0015 6D69 6E64 2066 6C61 7965 7220 284D  [  mind flayer (M]
700002AA    616C 646F 726B 2900 0010 6865 616C 6572  [aldork)   healer]
700002B2    2028 4361 7272 6F6E 6529 0000 0000 0000  [ (Carrone)      ]
700002BA    0015 7768 6974 6520 6472 6167 6F6E 2028  [  white dragon (]
700002C2    5375 6E64 6172 2900 0012 5768 6974 6520  [Sundar)   White ]
700002CA    4472 6167 6F6E 2043 6C6F 6E65 0000 0000  [Dragon Clone    ]
700002D2    0012 5768 6974 6520 4472 6167 6F6E 2043  [  White Dragon C]
700002DA    6C6F 6E65 0000 0000 0013 5768 6974 6520  [lone      White ]
700002E2    4472 6167 6F6E 204D 7574 616E 7400 0000  [Dragon Mutant   ]
700002EA    0013 5768 6974 6520 4472 6167 6F6E 204D  [  White Dragon M]
700002F2    7574 616E 7400 0000 0013 5768 6974 6520  [utant     White ]
700002FA    4472 6167 6F6E 204D 7574 616E 7400 0000  [Dragon Mutant   ]
70000302    0013 5768 6974 6520 4472 6167 6F6E 204D  [  White Dragon M]
7000030A    7574 616E 7400 0000 0000 0000 0000 0000  [utant           ]
70000312    0000 0000 0000 0000 0000 0000 0000 0000  [                ]
7000031A    0000 0000 0000 0000 0000 0000 0000 0000  [                ]
*
*
700003D2    0000 0000 0000 0000 0000 0000 0000 0000  [                ]
700003DA    0006 4472 6167 6F6E 0000 0000 0000 0000  [  Dragon        ]
700003E2    0000 0000 0000 0000 0004 4F67 7265 0000  [          Ogre  ]
700003EA    0000 0000 0000 0000 0000 0000 0000 0000  [                ]
700003F2    0006 476F 7267 6F6E 0000 0000 0000 0000  [  Gorgon        ]
700003FA    0000 0000 0000 0000 0006 5769 7A61 7264  [          Wizard]
70000402    0000 0000 0000 0000 0000 0000 0000 0000  [                ]
7000040A    0007 4772 6966 666F 6E00 0000 0000 0000  [  Griffon       ]
70000412    0000 0000 0000 0000 0007 4379 636C 6F70  [          Cyclop]
7000041A    7300 0000 0000 0000 0000 0000 0000 0000  [s               ]
70000422    0005 5472 6F6C 6C00 0000 0000 0000 0000  [  Troll         ]
7000042A    0000 0000 0000 0000 000C 426C 6163 6B20  [          Black ]
70000432    4B6E 6967 6874 0000 0000 0000 0000 0000  [Knight          ]
7000043A    0005 4879 6472 6100 0000 0000 0000 0000  [  Hydra         ]
70000442    0000 0000 0000 0000 0006 5370 6869 6E78  [          Sphinx]
7000044A    0000 0000 0000 0000 0000 0000 0000 0000  [                ]
70000452    0008 4D69 6E6F 7461 7572 0000 0000 0000  [  Minotaur      ]
7000045A    0000 0000 0000 0000 0009 536F 7263 6572  [          Sorcer]
70000462    6573 7300 0000 0000 0000 0000 0000 0000  [ess             ]
7000046A    0005 4861 7270 7900 0000 0000 0000 0000  [  Harpy         ]
70000472    0000 0000 0000 0000 000D 4361 7374 6C65  [          Castle]
7000047A    204B 6E69 6768 7400 0000 0000 0000 0000  [ Knight         ]
70000482    000C 426C 6163 6B20 4472 6167 6F6E 0000  [  Black Dragon  ]
7000048A    0000 0000 0000 0000 0007 5065 6761 7375  [          Pegasu]
70000492    7300 0000 0000 0000 0000 0000 0000 0000  [s               ]
7000049A    0007 5374 616C 6B65 7200 0000 0000 0000  [  Stalker       ]
700004A2    0000 0000 0000 0000 0005 4769 616E 7400  [          Giant ]
700004AA    0000 0000 0000 0000 0000 0000 0000 0000  [                ]
700004B2    000A 5265 6420 4472 6167 6F6E 0000 0000  [  Red Dragon    ]
700004BA    0000 0000 0000 0000 000B 4171 7561 2044  [          Aqua D]
700004C2    7261 676F 6E00 0000 0000 0000 0000 0000  [ragon           ]
700004CA    000B 426C 6163 6B20 5269 6465 7200 0000  [  Black Rider   ]
700004D2    0000 0000 0000 0000 000F 5265 6420 5472  [          Red Tr]
700004DA    6F6F 7020 5269 6465 7200 0000 0000 0000  [oop Rider       ]
700004E2    0005 4477 6172 6600 0000 0000 0000 0000  [  Dwarf         ]
700004EA    0000 0000 0000 0000 000D 456C 7665 6E20  [          Elven ]
700004F2    5761 7272 696F 7200 0000 0000 0000 0000  [Warrior         ]
700004FA    0004 4B69 6E67 0000 0000 0000 0000 0000  [  King          ]
70000502    0000 0000 0000 0000 0005 4465 6D6F 6E00  [          Demon ]
7000050A    0000 0000 0000 0000 0000 0000 0000 0000  [                ]
70000512    0005 4768 6F75 6C00 0000 0000 0000 0000  [  Ghoul         ]
7000051A    0000 0000 0000 0000 000C 426C 6163 6B20  [          Black ]
70000522    5769 7A61 7264 0000 0000 0000 0000 0000  [Wizard          ]
7000052A    000C 456C 7665 6E20 4172 6368 6572 0000  [  Elven Archer  ]
70000532    0000 0000 0000 0000 000B 5469 6D62 6572  [          Timber]
7000053A    2077 6F6C 6600 0000 0000 0000 0000 0000  [ wolf           ]
70000542    000D 4369 7461 6465 6C20 4775 6172 6400  [  Citadel Guard ]
7000054A    0000 0000 0000 0000 0003 4F77 6C00 0000  [          Owl   ]
70000552    0000 0000 0000 0000 0000 0000 0000 0000  [                ]
7000055A    0005 4561 676C 6500 0000 0000 0000 0000  [  Eagle         ]
70000562    0000 0000 0000 0000 0005 4472 7569 6400  [          Druid ]
7000056A    0000 0000 0000 0000 0000 0000 0000 0000  [                ]
70000572    0009 4261 7262 6172 6961 6E00 0000 0000  [  Barbarian     ]
7000057A    0000 0000 0000 0000 0009 5265 6420 4775  [          Red Gu]
70000582    6172 6400 0000 0000 0000 0000 0000 0000  [ard             ]
7000058A    000B 426C 6163 6B20 4775 6172 6400 0000  [  Black Guard   ]
70000592    0000 0000 0000 0000                      [                ]

# ----------------------------------------------------------------
# OBJECT_NAMES
# ----------------------------------------------------------------
70000596    0005 5377 6F72 6400 0000 0000 0000 0000  [  Sword         ]
7000059E    0000 0005 4B6E 6966 6500 0000 0000 0000  [    Knife       ]
700005A6    0000 0000 0005 4172 6D6F 7200 0000 0000  [      Armor     ]
700005AE    0000 0000 0000 0003 426F 7700 0000 0000  [        Bow     ]
700005B6    0000 0000 0000 0000 000D 436C 696D 6269  [          Climbi]
700005BE    6E67 2067 6561 7200 0000 0006 5368 6965  [ng gear     Shie]
700005C6    6C64 0000 0000 0000 0000 0000 0009 4372  [ld            Cr]
700005CE    6F73 7320 626F 7700 0000 0000 0000 0008  [oss bow         ]
700005D6    4361 7461 7075 6C74 0000 0000 0000 0000  [Catapult        ]
700005DE    000D 4261 7474 6572 696E 6720 7261 6D00  [  Battering ram ]
700005E6    0000 0006 4172 726F 7773 0000 0000 0000  [    Arrows      ]
700005EE    0000 0000 000D 506F 6973 6F6E 2061 7272  [      Poison arr]
700005F6    6F77 7300 0000 000F 4361 7374 6C65 2064  [ows     Castle d]
700005FE    6566 656E 6365 7300 000D 5465 7272 6974  [efences   Territ]
70000606    6F72 7920 6D61 7000 0000 0008 4261 636B  [ory map     Back]
7000060E    7061 636B 0000 0000 0000 0000 000A 5761  [pack          Wa]
70000616    7465 7220 736B 696E 0000 0000 0000 000C  [ter skin        ]
7000061E    466F 6F64 2072 6174 696F 6E73 0000 0000  [Food rations    ]
70000626    000D 4472 6167 6F6E 2073 6C61 7965 7200  [  Dragon slayer ]
7000062E    0000 000B 486F 6C79 2053 796D 626F 6C00  [    Holy Symbol ]
70000636    0000 0000 0005 466C 6173 6B00 0000 0000  [      Flask     ]
7000063E    0000 0000 0000 0006 416D 756C 6574 0000  [        Amulet  ]
70000646    0000 0000 0000 0000                      [                ]

# ----------------------------------------------------------------
# TREASURE_NAMES
# ----------------------------------------------------------------
7000064A    0006 7369 6C76 6572 0000 0000 0000 0000  [  silver        ]
70000652    0008 616D 6574 6879 7374 0000 0000 0000  [  amethyst      ]
7000065A    0005 746F 7061 7A00 0000 0000 0000 0000  [  topaz         ]
70000662    0004 676F 6C64 0000 0000 0000 0000 0000  [  gold          ]
7000066A    0008 7361 7068 6972 6573 0000 0000 0000  [  saphires      ]
70000672    0006 7275 6269 6573 0000 0000 0000 0000  [  rubies        ]
7000067A    0008 656D 6572 616C 6473 0000 0000 0000  [  emeralds      ]
70000682    0008 6469 616D 6F6E 6473 0000 0000 0000  [  diamonds      ]
7000068A    000E 6D61 6769 6320 6372 7973 7461 6C73  [  magic crystals]

# ----------------------------------------------------------------
# MAGIC_NAMES
# ----------------------------------------------------------------
70000692    0005 4372 6F77 6E00 0000 0000 0000 0000  [  Crown         ]
7000069A    0000 0007 5363 6570 7465 7200 0000 0000  [    Scepter     ]
700006A2    0000 0000 0008 476F 6C64 206F 7262 0000  [      Gold orb  ]
700006AA    0000 0000 0000 000A 4772 6561 7420 7365  [        Great se]
700006B2    616C 0000 0000 0000 000B 5369 676E 6574  [al        Signet]
700006BA    2072 696E 6700 0000 0000 000B 4D61 6769  [ ring       Magi]
700006C2    6320 626F 6F74 7300 0000 0000 000F 5472  [c boots       Tr]
700006CA    616E 7370 6F72 7465 7220 6B65 7900 000B  [ansporter key   ]
700006D2    4D61 6769 6320 636C 6F61 6B00 0000 0000  [Magic cloak     ]
700006DA    0009 5370 7920 676C 6173 7300 0000 0000  [  Spy glass     ]
700006E2    0000 000A 4D61 6769 6320 726F 7065 0000  [    Magic rope  ]
700006EA    0000 0000 000C 5468 6520 4F6E 6520 5269  [      The One Ri]
700006F2    6E67 0000 0000 000D 5465 6C65 706F 7274  [ng      Teleport]
700006FA    2072 696E 6700 0000 000C 4372 7973 7461  [ ring     Crysta]
70000702    6C20 6261 6C6C 0000 0000 000B 496E 7669  [l ball      Invi]
7000070A    732E 2072 696E 6700 0000 0000 000B 5374  [s. ring       St]
70000712    6166 6620 6F66 2052 6100 0000 0000 000D  [aff of Ra       ]
7000071A    5468 6F72 2773 2068 616D 6D65 7200 0000  [Thor's hammer   ]
70000722    0008 4361 6475 6365 7573 0000 0000 0000  [  Caduceus      ]
7000072A    0000 000E 5374 6166 6620 6F66 2044 6561  [    Staff of Dea]
70000732    7468 0000 000C 4368 2E20 312C 2045 6172  [th    Ch. 1, Ear]
7000073A    7468 0000 0000 000C 4368 2E20 322C 2045  [th      Ch. 2, E]
70000742    6172 7468 0000 0000 000C 4368 2E20 332C  [arth      Ch. 3,]
7000074A    2045 6172 7468 0000 0000 000B 4368 2E20  [ Earth      Ch. ]
70000752    342C 2057 696E 6400 0000 0000 000B 4368  [4, Wind       Ch]
7000075A    2E20 352C 2057 696E 6400 0000 0000 000B  [. 5, Wind       ]
70000762    4368 2E20 362C 2057 696E 6400 0000 0000  [Ch. 6, Wind     ]
7000076A    000B 4368 2E20 372C 2046 6972 6500 0000  [  Ch. 7, Fire   ]
70000772    0000 000B 4368 2E20 382C 2046 6972 6500  [    Ch. 8, Fire ]
7000077A    0000 0000 000B 4368 2E20 392C 2046 6972  [      Ch. 9, Fir]
70000782    6500 0000 0000 000D 4D61 7374 6572 2076  [e       Master v]
7000078A    6F6C 756D 6500 0000 000B 4D61 6769 6320  [olume     Magic ]
70000792    7377 6F72 6400 0000 0000 000E 5769 7A61  [sword       Wiza]
7000079A    7264 7320 7363 726F 6C6C 0000            [rds scroll      ]

# ----------------------------------------------------------------
# GWB_PTR
# ----------------------------------------------------------------
700007A0    0000 0000                                [                ]

# ----------------------------------------------------------------
# BARGAIN_TBL
# ----------------------------------------------------------------
700007A2    5C00 0002 4451 FE69 4000 0000            [\   DQ i@       ]

# ----------------------------------------------------------------
# DRAGON_ALLY
# ----------------------------------------------------------------
700007A8    0031 0032 001F 0000                      [ 1 2            ]

# ----------------------------------------------------------------
# NEAR_SPECIAL
# ----------------------------------------------------------------
700007AC    0000 0000 0000 0000 0000 0000 0000 0000  [                ]
700007B4    0000 0000 0000 0000 0000 0000 0000 0000  [                ]
700007BC    0000 0000 0000 0000 0000 0000 0000 0000  [                ]
700007C4    0000 0000 0000 0000 0000 0000            [                ]

# ----------------------------------------------------------------
# CAVES
# ----------------------------------------------------------------
700007CA    FFFF FFFE 0002 0003 0001 FFFF FFFF FFFF  [                ]
700007D2    0001 0002 0004 0001 FFFF 0001 0001 0002  [                ]
700007DA    0003 FFFF 0005 0001 FFFF 0006 FFFF FFFF  [                ]
700007E2    0002 0007 0008 0009 000A 0003 FFFE FFFF  [                ]
700007EA    0004 FFFF 0002 0006 0009 FFFF FFFF 0002  [                ]
700007F2    FFFF 0001 000A FFFF 0001 0003 000B FFFF  [                ]
700007FA    0009 0002 0004 FFFF 000C 0004 0002 FFFF  [                ]
70000802    FFFF FFFF 000D 0003 000E FFFF 000C FFFF  [                ]
7000080A    0004 0008 000D FFFF 000F 0005 0004 0005  [                ]
70000812    0006 0007 0004 FFFF FFFE 0002 000B 0001  [                ]
7000081A    FFFF FFFF 0003 FFFF 0001 FFFF FFFF 0004  [                ]
70000822    FFFF 0002 FFFF FFFF 0005 FFFF 0002 FFFF  [                ]
7000082A    FFFF 0006 0003 0003 FFFF FFFF 0007 FFFE  [                ]
70000832    0003 FFFF FFFF 0008 FFFF 0004 FFFF 000A  [                ]
7000083A    0009 FFFF 0004 000A FFFF FFFE 0008 0005  [                ]
70000842    0008 0009 000A 000A 0007 000C 000F 000C  [                ]
7000084A    000C 0001 000D 000E FFFF FFFF 0001 000E  [                ]
70000852    000C FFFF FFFF 0001 000C 000D 000F FFFF  [                ]
7000085A    0001 0001 0005 FFFF FFFF 0002 000F 0005  [                ]
70000862    0002 FFFE 0001 FFFF FFFF 0003 0001 0002  [                ]
7000086A    FFFF FFFF 0004 0002 0003 FFFF 0005 FFFF  [                ]
70000872    0003 0003 0004 0006 FFFF FFFF 0002 0005  [                ]
7000087A    0007 FFFF FFFF 0003 0006 0008 FFFE FFFE  [                ]
70000882    0002 0007 0009 FFFF FFFF 0003 0008 000A  [                ]
7000088A    FFFF FFFF 0004 0009 000B FFFF FFFF 0005  [                ]
70000892    000C 000A FFFF FFFF 0007 000D 000C 000C  [                ]
7000089A    000C 0005 000C 000D 000E 000E 0006 FFFE  [                ]
700008A2    FFFE FFFE FFFE 0002 FFFF 0001 FFFF FFFF  [                ]
700008AA    0002 000F 0006 FFFE 0002 0001 FFFF FFFF  [                ]
700008B2    0001 0003 0001 FFFF FFFF 0002 0004 0001  [                ]
700008BA    FFFF FFFF 0005 0005 0005 0007 0005 000D  [                ]
700008C2    000C 0005 0001 0007 0002 0001 0002 0008  [                ]
700008CA    0007 0006 0008 0003 0008 0007 0009 0009  [                ]
700008D2    0002 0008 000A 0009 0008 0003 000A 0009  [                ]
700008DA    000B 000B 0004 000C 000C 000B 000B 0004  [                ]
700008E2    000B 000B 000D 0005 0005 000E 000B 0005  [                ]
700008EA    000C 0007 FFFE FFFE FFFE FFFE 0005 FFFF  [                ]
700008F2    0001 FFFF FFFF 0002 0003 0006 FFFE 0002  [                ]
700008FA    0002 FFFF FFFF 0001 0003 0003 0001 0001  [                ]
70000902    0002 0004 0004 0005 0003 0001 FFFE 0004  [                ]
7000090A    0001 0004 0006 0002 0005 0002 0007 0006  [                ]
70000912    0003 0007 0008 FFFF 0006 FFFF 0005 0009  [                ]
7000091A    FFFF 0006 FFFF 0005 0001 FFFF FFFE 000A  [                ]
70000922    0005 000B 0009 0003 FFFF 0005 000C 000C  [                ]
7000092A    000D FFFF 0007 0001 0006 0005 0004 0005  [                ]
70000932    000E 000A FFFF FFFE 0005 FFFF 000D FFFE  [                ]
7000093A    000F 0005 0004 FFFD 0003 0008 0005 0000  [                ]

# ----------------------------------------------------------------
# CAVE_CONTENTS
# ----------------------------------------------------------------
70000942    0009 6769 616E 7420 7261 7400 0000 0000  [  giant rat     ]
7000094A    0000 0000 0000 0000 0000 0000 0000 0000  [                ]
70000952    000B 676F 6C64 206E 7567 6765 7400 0000  [  gold nugget   ]
7000095A    0000 0000 0000 0000 0000 0000 0000 0000  [                ]
70000962    0009 6361 7665 2062 6561 7200 0000 0000  [  cave bear     ]
7000096A    0000 0000 0000 0000 0000 0000 0000 0000  [                ]
70000972    0008 7261 7265 2067 656D 0000 0000 0000  [  rare gem      ]
7000097A    0000 0000 0000 0000 0000 0000 0000 0000  [                ]
70000982    000F 6769 616E 7420 7461 7261 6E74 756C  [  giant tarantul]
7000098A    6100 0000 0000 0000 0000 0000 0000 0000  [a               ]
70000992    000E 7472 6561 7375 7265 2063 6865 7374  [  treasure chest]
7000099A    0000 0000 0000 0000 0000 0000 0000 0000  [                ]
700009A2    000B 7661 6D70 6972 6520 6261 7400 0000  [  vampire bat   ]
700009AA    0000 0000 0000 0000 0000 0000 0000 0000  [                ]
700009B2    0011 626F 6F6B 206F 6620 6B6E 6F77 6C65  [  book of knowle]
700009BA    6467 6500 0000 0000 0000 0000 0000 0000  [dge             ]
700009C2    0012 6472 6167 6F6E 2069 6E20 6974 7320  [  dragon in its ]
700009CA    6C61 6972 0000 0000 0000 0000 0000 0000  [lair            ]
700009D2    001A 626F 6F6B 206F 6620 756E 6465 7465  [  book of undete]
700009DA    726D 696E 6564 2070 6F77 6572 0000 0000  [rmined power    ]
700009E2    0008 6761 7267 6F79 6C65 0000 0000 0000  [  gargoyle      ]
700009EA    0000 0000 0000 0000 0000 0000 0000 0000  [                ]
700009F2    0013 6472 6167 6F6E 2073 6C61 7965 7220  [  dragon slayer ]
700009FA    7377 6F72 6400 0000 0000 0000 0000 0000  [sword           ]
70000A02    000C 626C 6163 6B20 6465 616D 6F6E 0000  [  black deamon  ]
70000A0A    0000 0000 0000 0000 0000 0000 0000 0000  [                ]
70000A12    0006 616D 756C 6574 0000 0000 0000 0000  [  amulet        ]
70000A1A    0000 0000 0000 0000 0000 0000 0000 0000  [                ]

# ----------------------------------------------------------------
# CAVE_BEING
# ----------------------------------------------------------------
70000A22    AAA8 0000                                [                ]

# ----------------------------------------------------------------
# CAVE_BEING_STRENGTH
# ----------------------------------------------------------------
70000A24    0014 0000 0028 0000 003C 0000 005A 0000  [     (   <   Z  ]
70000A2C    015E 0000 01F4 0000 0320 0000            [ ^              ]

# ----------------------------------------------------------------
# CAVE_BEING_ESCAPE
# ----------------------------------------------------------------
70000A32    001E 0000 0014 0000 0028 0000 0032 0000  [         (   2  ]
70000A3A    0046 0000 004B 0000 003C 0000            [ F   K   <      ]

# ----------------------------------------------------------------
# CAVE_BEING_HIT_RATE
# ----------------------------------------------------------------
70000A40    0014 0000 0023 0000 002D 0000 001E 0000  [     #   -      ]
70000A48    0032 0000 0037 0000 0037 0000            [ 2   7   7      ]

# ----------------------------------------------------------------
# CAVE_STR
# ----------------------------------------------------------------
70000A4E    0000 0000 0000 0000 0000 0000 0000 0000  [                ]
70000A56    0000 0000 0000 0000 0000 0000 0000 0000  [                ]
70000A5E    0000 0000 0000 0000 0000 0000 0000 0000  [                ]
70000A66    0000 0000 0000 0000 0000 0000 0000 0000  [                ]
70000A6E    0000 0000 0000 0000 0000 0000 0000 0000  [                ]
70000A76    0000 0000                                [                ]

# ----------------------------------------------------------------
# OLD_CAVE_STR
# ----------------------------------------------------------------
70000A78    0000 0000 0000 0000 0000 0000 0000 0000  [                ]
70000A80    0000 0000 0000 0000 0000 0000 0000 0000  [                ]
70000A88    0000 0000 0000 0000 0000 0000 0000 0000  [                ]
70000A90    0000 0000 0000 0000 0000 0000 0000 0000  [                ]
70000A98    0000 0000 0000 0000 0000 0000 0000 0000  [                ]
70000AA0    0000 0000                                [                ]

# ----------------------------------------------------------------
# OLD_SCREEN_STR
# ----------------------------------------------------------------
70000AA2    0000 0000 0000 0000 0000 0000 0000 0000  [                ]
70000AAA    0000 0000 0000 0000 0000 0000 0000 0000  [                ]
*
*
70000C12    0000 0000 0000 0000 0000 0000 0000 0000  [                ]
70000C1A    0000 0000 0000 0000                      [                ]

# ----------------------------------------------------------------
# OLD_NAME
# ----------------------------------------------------------------
70000C1E    0000 0000 0000 0000 0000 0000 0000 0000  [                ]
70000C26    0000 0000 0000 0000 0000 0000 0000 0000  [                ]
70000C2E    0000 0000 0000 0000 0000 0000            [                ]

# ----------------------------------------------------------------
# LAND_MASS_STR
# ----------------------------------------------------------------
70000C34    0000 0000 0000 0000 0000 0000 0000 0000  [                ]
70000C3C    0000 0000 0000 0000 0000 0000 0000 0000  [                ]

# ----------------------------------------------------------------
# OLD_LAND_MASS_STR
# ----------------------------------------------------------------
70000C44    0000 0000 0000 0000 0000 0000 0000 0000  [                ]
70000C4C    0000 0000 0000 0000 0000 0000 0000 0000  [                ]

# ----------------------------------------------------------------
# OLD_CITY_NUM
# ----------------------------------------------------------------
70000C54    0000 0000                                [                ]

# ----------------------------------------------------------------
# FOG
# ----------------------------------------------------------------
70000C56    0000 0000 0000 0000 0000 0000 0000 0000  [                ]

# ----------------------------------------------------------------
# OLD_FOG
# ----------------------------------------------------------------
70000C5E    0000 0000 0000 0000 0000 0000 0000 0000  [                ]

# ----------------------------------------------------------------
# OLD_LINE
# ----------------------------------------------------------------
70000C66    FFFF 0000                                [                ]

# ----------------------------------------------------------------
# HOLY_COLOR
# ----------------------------------------------------------------
70000C68    0000 0000                                [                ]

# ----------------------------------------------------------------
# DISPLAY_COLOR
# ----------------------------------------------------------------
70000C6A    0000 0000                                [                ]

# ----------------------------------------------------------------
# LAST_DISPLAY_COLOR
# ----------------------------------------------------------------
70000C6C    0000 0000                                [                ]

# ----------------------------------------------------------------
# DIRECTION_MOVED
# ----------------------------------------------------------------
70000C6E    0000 0000                                [                ]

# ----------------------------------------------------------------
# N
# ----------------------------------------------------------------
70000C70    0000 0000                                [                ]

# ----------------------------------------------------------------
# FIRST_TIME
# ----------------------------------------------------------------
70000C72    8000 0000                                [                ]

# ----------------------------------------------------------------
# LAST_CAMOUFLAGE
# ----------------------------------------------------------------
70000C74    0000 0000                                [                ]

# ----------------------------------------------------------------
# ?SCOPE
# ----------------------------------------------------------------
70000C76    0000 0000 0000 0000                      [                ]

# ----------------------------------------------------------------
# ?SCOPE_DEFN_ADDR
# ----------------------------------------------------------------
70000C7A    0000 0000                                [                ]

# ----------------------------------------------------------------
# ?SCOPE_INFO_PTRS_ADDR
# ----------------------------------------------------------------
70000C7C    0000 0000                                [                ]

# ----------------------------------------------------------------
# TREASURE_STR
# ----------------------------------------------------------------
70000C7E    0E53 490F 0E41 4D0F 0E54 4F0F 0E47 4F0F  [ SI  AM  TO  GO ]
70000C86    0E53 410F 0E52 550F 0E45 4D0F 0E44 490F  [ SA  RU  EM  DI ]
70000C8E    0E43 520F                                [ CR             ]

# ----------------------------------------------------------------
# MAGIC_STR
# ----------------------------------------------------------------
70000C90    0E43 720F 0E53 630F 0E4F 720F 0E53 650F  [ Cr  Sc  Or  Se ]
70000C98    0E52 690F 0E42 6F0F 0E54 6B0F 0E43 6C0F  [ Ri  Bo  Tk  Cl ]
70000CA0    0E53 670F 0E4D 720F 0E4F 6E0F 0E54 720F  [ Sg  Mr  On  Tr ]
70000CA8    0E43 620F 0E49 720F 0E53 720F 0E54 680F  [ Cb  Ir  Sr  Th ]
70000CB0    0E43 610F 0E53 640F 0E42 6B0F 0E42 6B0F  [ Ca  Sd  Bk  Bk ]
70000CB8    0E42 6B0F 0E42 6B0F 0E42 6B0F 0E42 6B0F  [ Bk  Bk  Bk  Bk ]
70000CC0    0E42 6B0F 0E42 6B0F 0E42 6B0F 0E4D 760F  [ Bk  Bk  Bk  Mv ]
70000CC8    0E4D 730F 0E57 730F                      [ Ms  Ws         ]

# ----------------------------------------------------------------
# INITIALS
# ----------------------------------------------------------------
70000CCC    0000                                     [                ]

# ----------------------------------------------------------------
# EMSG
# ----------------------------------------------------------------
70000CCD    556E 6578 7065 6374 6564 2065 7272 6F72  [Unexpected error]
70000CD5    003E 003F 0000 0000 0000 0000 0000 0000  [ > ?            ]
70000CDD    0000 0000 0000 0000 0000 0000 0000 0000  [                ]
70000CE5    0000 0000 0000 0000 0000 0000 0000 0000  [                ]
*
*
70000D95    0000 0000 0000 0000 0000 0000 0000 0000  [                ]
70000D9D    0009 6261 7420 7769 6E67 7300 0000 0000  [  bat wings     ]
70000DA5    0000 0000 0000 0013 7465 6172 206F 6620  [        tear of ]
70000DAD    6120 736F 7263 6572 6573 7300 0010 7265  [a sorceress   re]
70000DB5    6420 6472 6167 6F6E 2074 6565 7468 0000  [d dragon teeth  ]
70000DBD    0000 0010 626C 6F6F 6420 6F66 2061 2064  [    blood of a d]
70000DC5    656D 6F6E 0000 0000 0014 6772 6966 666F  [emon      griffo]
70000DCD    6E20 7461 696C 2066 6561 7468 6572 0010  [n tail feather  ]
70000DD5    6579 6520 6F66 2061 2063 7963 6C6F 7073  [eye of a cyclops]
70000DDD    0000 0000 2D2D 2D2D 2D2D 2D2D 2D2D 2D2D  [    ------------]
70000DE5    2D2D 2D2D 2D2D 2D2D 2D2D 2D2D 2D2D 2D2D  [----------------]
70000DED    2D2D 2D2D 2D2D 2D2D 2D2D 2D2D 2D2D 2D2D  [----------------]
70000DF5    2D2D 2D2D 2D2D 2D2D 2D2D 2D2D 2D2D 2D2D  [----------------]
70000DFD    2D2D 2D2D 2D2D 2D2D 2D2D 2D2D 2D2D 2D2D  [----------------]
70000E05    2D2D 2D2D 5F5F 5F5F 5F5F 5F5F 5F5F 5F5F  [----____________]
70000E0D    5F5F 5F5F 5F5F 5F5F 5F5F 5F5F 5F5F 5F5F  [________________]
70000E15    5F5F 5F5F 5F5F 5F5F 5F5F 5F5F 5F5F 5F5F  [________________]
70000E1D    5F5F 5F5F 5F5F 5F5F 5F5F 5F5F 5F5F 5F5F  [________________]
70000E25    5F5F 5F5F 5F5F 5F5F 5F5F 5F5F 5F5F 5F5F  [________________]
70000E2D    5F5F 5F5F 2D2D 2D2D 2D2D 2D2D 2D2D 2D2D  [____------------]
70000E35    2D2D 2D2D 2D2D 2D2D 2D2D 2D2D 2D2D 2D2D  [----------------]
70000E3D    2D2D 2D2D 2D2D 2D2D 2D2D 2D2D 2D2D 2D2D  [----------------]
70000E45    2D2D 2D2D 2D2D 2D2D 2D2D 2D2D 2D2D 2D2D  [----------------]
70000E4D    2D2D 2D2D 2D2D 2D2D 2D2D 2D2D 2D2D 2D2D  [----------------]
70000E55    2D2D 2D2D 4142 4344 4546 4748 494A 4B4C  [----ABCDEFGHIJKL]
70000E5D    4D4E 4F50 5152 5354 5556 5758 595A 6162  [MNOPQRSTUVWXYZab]
70000E65    6364 6566 6768 696A 6B6C 6D6E 6F70 7172  [cdefghijklmnopqr]
70000E6D    7374 7576 7778 797A 3132 3334 3536 3738  [stuvwxyz12345678]
70000E75    3930 0000 802C 0000 0000 0000 0000 0000  [90   ,          ]
70000E7D    0000 0000 0000 0000 0000 0000 0000 0000  [                ]
70000E85    0000 0000 0000 0000 0000 0000 0000 0000  [                ]
*
*
70000F45    0000 0000 0000 0000 0000 0000 0000 0000  [                ]
70000F4D    0000 0000 0000 0000 0000 0000 000A 5A45  [              ZE]
70000F55    524F 4449 5649 4445 0000 0000 0009 554E  [RODIVIDE      UN]
70000F5D    4445 5246 4C4F 5700 0000 0000 0008 4F56  [DERFLOW       OV]
70000F65    4552 464C 4F57 0000 0000 0000 000D 4649  [ERFLOW        FI]
70000F6D    5845 444F 5645 5246 4C4F 5700 0005 4552  [XEDOVERFLOW   ER]
70000F75    524F 5200 0000 0000 0000 0000 0009 3C75  [ROR           <u]
70000F7D    6E6B 6E6F 776E 3E00 0000 0000 0007 454E  [nknown>       EN]
70000F85    4446 494C 4500 0000 0000 0000 0007 454E  [DFILE         EN]
70000F8D    4450 4147 4500 0000 0000 0000 0003 4B45  [DPAGE         KE]
70000F95    5900 0000 0000 0000 0000 0000 000D 554E  [Y             UN]
70000F9D    4445 4649 4E45 4446 494C 4500 0004 4C4F  [DEFINEDFILE   LO]
70000FA5    434B 0000 0000 0000 0000 0000 0008 5359  [CK            SY]
70000FAD    5345 5252 4F52 0000 0000 0000 0007 4442  [SERROR        DB]
70000FB5    4552 524F 5200 0000 0000 0000 0008 4442  [ERROR         DB]
70000FBD    454E 4453 4554 0000 0000 0000 0005 4442  [ENDSET        DB]
70000FC5    4B45 5900 0000 0000 0000 0000 0A00 0000  [KEY             ]
70000FCD    FFFF FFFF 0A00 0000 404F 5554 5055 5400  [        @OUTPUT ]
70000FD5    00FF 0000 0000 0000 0000 FFFF FFFF FFFF  [                ]
70000FDD    0000 FFFF 0000 0000 0000 0000 0000 0000  [                ]
70000FE5    FFFF FFFF 0000 0000 0000 0000 0000 0000  [                ]
70000FED    0000 0000 0000 0000 0000 0000 0000 0000  [                ]
70000FF5    0000 0000 0000 0000 0000 0000 0000 0000  [                ]
70000FFD    0000 0000 0000 0000 0000 0000 0000 0000  [                ]
70001005    0000 0000 434F 5059 5249 4748 5420 2843  [    COPYRIGHT (C]
7000100D    2920 4441 5441 2047 454E 4552 414C 2043  [) DATA GENERAL C]
70001015    4F52 504F 5241 5449 4F4E 2031 3938 302C  [ORPORATION 1980,]
7000101D    3139 3831 2C31 3938 322C 3139 3833 0000  [1981,1982,1983  ]
70001025    414C 4C20 5249 4748 5453 2052 4553 4552  [ALL RIGHTS RESER]
7000102D    5645 4400 4C49 4345 4E53 4544 204D 4154  [VED LICENSED MAT]
70001035    4552 4941 4C2D 5052 4F50 4552 5459 204F  [ERIAL-PROPERTY O]
7000103D    4620 4441 5441 2047 454E 4552 414C 2043  [F DATA GENERAL C]
70001045    4F52 504F 5241 5449 4F4E 0000            [ORPORATION      ]

# ----------------------------------------------------------------
# ?NMAX
# ----------------------------------------------------------------
7000104B    0000 0000 0000 0000 0000 0000 0000 0000  [                ]
70001053    0000 0000 0000 0000 0000 0000 0000 0000  [                ]
*
*
700017F3    0000 0000 0000 0000 0000 0000 0000 0000  [                ]
700017FB    0000 0000 0000 0000 0000                 [                ]

memory_data: 0x70017C00 0x7015BD20
# ----------------------------------------------------------------
# SHARED2
# ----------------------------------------------------------------
70017C00    0000 0000 0000 0000 0000 0000 0000 0000  [                ]
70017C08    0000 0000 0000 0000 0000 0000 0000 0000  [                ]
*
*
7012ABF8    0000 0000 0000 0000 0000 0000 0000 0000  [                ]

# ----------------------------------------------------------------
# SHARED3
# ----------------------------------------------------------------
7012AC00    0000 0000 0000 0000 0000 0000 0000 0000  [                ]
7012AC08    0000 0000 0000 0000 0000 0000 0000 0000  [                ]
*
*
701503F8    0000 0000 0000 0000 0000 0000 0000 0000  [                ]

# ----------------------------------------------------------------
# PORTNAME
# ----------------------------------------------------------------
70150400    0006 5155 4553 5400                      [  QUEST         ]

# ----------------------------------------------------------------
# INITIAL_STRENGTH
# ----------------------------------------------------------------
70150404    0014 0019 001E 0023 0028 0000            [       # (      ]

# ----------------------------------------------------------------
# PLAYER_MAX_STRENGTH
# ----------------------------------------------------------------
7015040A    03E8 015E 0190 01F4 0258 0000            [   ^     X      ]

# ----------------------------------------------------------------
# PLAYER_MAX_INT
# ----------------------------------------------------------------
70150410    2710 1770 1388 0BB8 09C4 0000            ['  p            ]

# ----------------------------------------------------------------
# PRICE
# ----------------------------------------------------------------
70150416    00C8 0064 0096 012C 002D 003C 0190 03F2  [   d   , - <    ]
7015041E    015E 003C 01F4 03E8 1D4C 0064 001E 0028  [ ^ <     L d   (]

# ----------------------------------------------------------------
# WEIGHT
# ----------------------------------------------------------------
70150426    005A 000E 0280 0046 002D 003C 004B 0000  [ Z     F - < K  ]
7015042E    0320 0014 0014 03E8 0005 0010 0014 001E  [                ]
70150436    0078 0050 0014 001E                      [ x P            ]

# ----------------------------------------------------------------
# MAGIC_WEIGHT
# ----------------------------------------------------------------
7015043A    005A 002D 0050 000A 0000 0000 000A 0014  [ Z - P          ]
70150442    0028 0032 0000 0000 0023 0000 001E 0078  [ ( 2     #     x]
7015044A    0050 00A0 001E 001E 001E 001E 001E 001E  [ P              ]
70150452    001E 001E 001E 0028 0082 000A            [       (        ]

# ----------------------------------------------------------------
# SPELLS
# ----------------------------------------------------------------
70150458    000E 4C69 6768 746E 696E 6720 626F 6C74  [  Lightning bolt]
70150460    0000 0000 0000 0000 0000 0000 0000 0000  [                ]
70150468    000C 4D61 6769 6320 7368 6965 6C64 0000  [  Magic shield  ]
70150470    0000 0000 0000 0000 0000 0000 0000 0000  [                ]
70150478    0013 4372 6561 7465 2073 6D6F 6B65 2073  [  Create smoke s]
70150480    6372 6565 6E00 0000 0000 0000 0000 0000  [creen           ]
70150488    0011 4661 6872 656E 6865 6974 2066 6F69  [  Fahrenheit foi]
70150490    6C65 7200 0000 0000 0000 0000 0000 0000  [ler             ]
70150498    0010 4F62 7461 696E 206B 6E6F 776C 6564  [  Obtain knowled]
701504A0    6765 0000 0000 0000 0000 0000 0000 0000  [ge              ]
701504A8    0012 4475 6D62 666F 756E 6420 6174 7461  [  Dumbfound atta]
701504B0    636B 6572 0000 0000 0000 0000 0000 0000  [cker            ]
701504B8    000E 4163 7469 7661 7465 2063 6C6F 616B  [  Activate cloak]
701504C0    0000 0000 0000 0000 0000 0000 0000 0000  [                ]
701504C8    000C 4865 616C 696E 6720 6175 7261 0000  [  Healing aura  ]
701504D0    0000 0000 0000 0000 0000 0000 0000 0000  [                ]
701504D8    000A 4361 6D6F 7566 6C61 6765 0000 0000  [  Camouflage    ]
701504E0    0000 0000 0000 0000 0000 0000 0000 0000  [                ]
701504E8    000B 496E 7669 7369 626C 6974 7900 0000  [  Invisiblity   ]
701504F0    0000 0000 0000 0000 0000 0000 0000 0000  [                ]
701504F8    0013 5769 656C 6420 5468 6F72 2773 2068  [  Wield Thor's h]
70150500    616D 6D65 7200 0000 0000 0000 0000 0000  [ammer           ]
70150508    0008 5465 6C65 706F 7274 0000 0000 0000  [  Teleport      ]
70150510    0000 0000 0000 0000 0000 0000 0000 0000  [                ]
70150518    0016 4761 7A65 2069 6E74 6F20 4372 7973  [  Gaze into Crys]
70150520    7461 6C20 4261 6C6C 0000 0000 0000 0000  [tal Ball        ]
70150528    0013 4669 656C 6420 6F66 2070 726F 7465  [  Field of prote]
70150530    6374 696F 6E00 0000 0000 0000 0000 0000  [ction           ]
70150538    000C 4579 6520 6F66 2041 7267 7573 0000  [  Eye of Argus  ]
70150540    0000 0000 0000 0000 0000 0000 0000 0000  [                ]
70150548    0011 4163 7469 7661 7465 2063 6164 7563  [  Activate caduc]
70150550    6575 7300 0000 0000 0000 0000 0000 0000  [eus             ]
70150558    0011 5374 7265 6E67 7468 206F 6620 4174  [  Strength of At]
70150560    6C61 7300 0000 0000 0000 0000 0000 0000  [las             ]
70150568    0018 5769 656C 6420 7468 6520 7374 6166  [  Wield the staf]
70150570    6620 6F66 2044 6561 7468 0000 0000 0000  [f of Death      ]
70150578    000D 4372 6561 7465 2061 2062 6F61 7400  [  Create a boat ]
70150580    0000 0000 0000 0000 0000 0000 0000 0000  [                ]
70150588    000E 5375 6D6D 6F6E 2070 6567 6173 7573  [  Summon pegasus]
70150590    0000 0000 0000 0000 0000 0000 0000 0000  [                ]
70150598    000B 4361 6C6C 2068 6561 6C65 7200 0000  [  Call healer   ]
701505A0    0000 0000 0000 0000 0000 0000 0000 0000  [                ]
701505A8    000A 4361 7573 6520 6665 6172 0000 0000  [  Cause fear    ]
701505B0    0000 0000 0000 0000 0000 0000 0000 0000  [                ]
701505B8    000C 436C 6561 7220 7669 7369 6F6E 0000  [  Clear vision  ]
701505C0    0000 0000 0000 0000 0000 0000 0000 0000  [                ]
701505C8    0005 5061 6E69 6300 0000 0000 0000 0000  [  Panic         ]
701505D0    0000 0000 0000 0000 0000 0000 0000 0000  [                ]
701505D8    000F 5765 616B 656E 206F 7070 6F6E 656E  [  Weaken opponen]
701505E0    7400 0000 0000 0000 0000 0000 0000 0000  [t               ]
701505E8    000D 436F 6E6A 6F75 7220 7374 6F72 6D00  [  Conjour storm ]
701505F0    0000 0000 0000 0000 0000 0000 0000 0000  [                ]
701505F8    000A 5375 6D6D 6F6E 2073 756E 0000 0000  [  Summon sun    ]
70150600    0000 0000 0000 0000 0000 0000 0000 0000  [                ]
70150608    0011 4469 7370 6174 6368 2066 616D 696C  [  Dispatch famil]
70150610    6961 7200 0000 0000 0000 0000 0000 0000  [iar             ]
70150618    000F 5265 6361 6C6C 2066 616D 696C 6961  [  Recall familia]
70150620    7200 0000 0000 0000 0000 0000 0000 0000  [r               ]
70150628    0015 4661 6D69 6C69 6172 2063 6C61 6972  [  Familiar clair]
70150630    766F 7961 6E63 6500 0000 0000 0000 0000  [voyance         ]
70150638    000E 4368 6172 6D20 6661 6D69 6C69 6172  [  Charm familiar]
70150640    0000 0000 0000 0000 0000 0000 0000 0000  [                ]
70150648    000B 4372 6561 7465 2066 6F6F 6400 0000  [  Create food   ]
70150650    0000 0000 0000 0000 0000 0000 0000 0000  [                ]
70150658    000C 4372 6561 7465 2077 6174 6572 0000  [  Create water  ]
70150660    0000 0000 0000 0000 0000 0000 0000 0000  [                ]
70150668    0009 4669 7265 2062 616C 6C00 0000 0000  [  Fire ball     ]
70150670    0000 0000 0000 0000 0000 0000 0000 0000  [                ]
70150678    0010 5275 6E20 6C69 6B65 2061 2068 6F72  [  Run like a hor]
70150680    7365 0000 0000 0000 0000 0000 0000 0000  [se              ]
70150688    0009 506F 6C79 6D6F 7270 6800 0000 0000  [  Polymorph     ]
70150690    0000 0000 0000 0000 0000 0000 0000 0000  [                ]
70150698    000A 4372 6561 7465 2066 6F67 0000 0000  [  Create fog    ]
701506A0    0000 0000 0000 0000 0000 0000 0000 0000  [                ]

# ----------------------------------------------------------------
# PLAYER_SPELLS
# ----------------------------------------------------------------
701506A8    8000 8000 8000 8000 8000 8000 0000 8000  [                ]
701506B0    0000 8000 0000 8000 8000 8000 8000 8000  [                ]
701506B8    0000 8000 8000 8000 8000 8000 8000 8000  [                ]
701506C0    8000 8000 8000 8000 8000 8000 8000 8000  [                ]
701506C8    8000 8000 0000 8000 8000 8000 8000 8000  [                ]
701506D0    8000 8000 0000 8000 8000 8000 0000 8000  [                ]
701506D8    8000 0000 8000 0000 8000 0000 0000 8000  [                ]
701506E0    8000 8000 8000 8000 8000 8000 8000 8000  [                ]
701506E8    0000 0000 0000 0000 8000 8000 8000 0000  [                ]
701506F0    0000 8000 8000 8000 8000 0000 8000 0000  [                ]
701506F8    8000 8000 8000 8000 0000 8000 0000 8000  [                ]
70150700    0000 8000 0000 8000 8000 8000 8000 8000  [                ]
70150708    8000 8000 0000 0000 0000 0000 0000 0000  [                ]
70150710    0000 8000 8000 8000 0000 8000 8000 0000  [                ]
70150718    8000 8000 8000 0000 0000 8000 8000 8000  [                ]
70150720    0000 8000 8000 0000 0000 0000 8000 8000  [                ]
70150728    0000 8000 8000 8000 0000 8000 8000 8000  [                ]
70150730    0000 0000 0000 0000 0000 0000 8000 8000  [                ]
70150738    0000 8000 0000 8000 0000 0000 8000 0000  [                ]
70150740    0000 0000 8000 8000 8000 0000 0000 0000  [                ]
70150748    0000 0000 0000 0000 8000 0000 8000 8000  [                ]
70150750    8000 0000 8000 8000 0000 0000 0000 0000  [                ]
70150758    0000 0000 0000 8000 8000 0000 8000 0000  [                ]
70150760    0000 0000                                [                ]

# ----------------------------------------------------------------
# ATTACK_SPELLS
# ----------------------------------------------------------------
70150762    9420 4482 5000 0000                      [  D P           ]

# ----------------------------------------------------------------
# SPELL_REGEN
# ----------------------------------------------------------------
70150766    FFF1 FFEC FFEF FFF8 FFFC FFEB FFF8 FFF6  [                ]
7015076E    FFE2 FFEC FFFE FFD6 FFEC FFE9 FFE1 FFD3  [                ]
70150776    FFBF FFBF FFAB FFA1 0000 0000 0000 0000  [                ]
7015077E    0000 0000 0000 FFD8 FFD8 FFEC FFD8 FFEA  [                ]
70150786    FFBE FFFB FFDD FFD5 FED4 0000            [                ]

# ----------------------------------------------------------------
# SPELL_DURATION
# ----------------------------------------------------------------
7015078C    0001 0001 0001 0001 0008 0001 0008 000C  [                ]
70150794    001E 000F 0001 0001 0001 0003 0014 0001  [                ]
7015079C    0001 0001 0001 000A 0064 0001 0001 0001  [         d      ]
701507A4    0001 0001 0001 0001 0001 0001 0001 0001  [                ]
701507AC    0001 0001 000A 0001 0001 0000            [                ]

# ----------------------------------------------------------------
# ALCHEMIST
# ----------------------------------------------------------------
701507B2    0015 0018 0019 0016 0017 0015 0018 0019  [                ]
701507BA    0016 0017 000E 0014 0012 0064 0065 0066  [           d e f]
701507C2    0067 0068 FFF2 FFEC FFEE FFED 0007 6372  [ g h          cr]
701507CA    696D 736F 6E00 0000 0000 0000 0000 0005  [imson           ]
701507D2    7365 7069 6100 0000 0000 0000 0000 0000  [sepia           ]
701507DA    0006 676F 6C64 656E 0000 0000 0000 0000  [  golden        ]
701507E2    0000 0006 6D61 726F 6F6E 0000 0000 0000  [    maroon      ]
701507EA    0000 0000 000A 6368 6172 7472 6575 7365  [      chartreuse]
701507F2    0000 0000 0000 0006 6272 6F6E 7A65 0000  [        bronze  ]
701507FA    0000 0000 0000 0000 0005 6C75 6369 6400  [          lucid ]
70150802    0000 0000 0000 0000 0000 0006 7669 6F6C  [            viol]
7015080A    6574 0000 0000 0000 0000 0000 0005 636F  [et            co]
70150812    7261 6C00 0000 0000 0000 0000 0000 0008  [ral             ]
7015081A    6C61 7665 6E64 6572 0000 0000 0000 0000  [lavender        ]
70150822    0004 7275 7374 0000 0000 0000 0000 0000  [  rust          ]
7015082A    0000 0006 7369 6C76 6572 0000 0000 0000  [    silver      ]
70150832    0000 0000 0006 7361 6C6D 6F6E 0000 0000  [      salmon    ]
7015083A    0000 0000 0000 0006 7669 6F6C 6574 0000  [        violet  ]
70150842    0000 0000 0000 0000 0006 6272 6F6E 7A65  [          bronze]
7015084A    0000 0000 0000 0000 0000 0005 626C 6163  [            blac]
70150852    6B00 0000 0000 0000 0000 0000 0007 6D61  [k             ma]
7015085A    6765 6E74 6100 0000 0000 0000 0000 0004  [genta           ]
70150862    6379 616E 0000 0000 0000 0000 0000 0000  [cyan            ]
7015086A    0007 7363 6172 6C65 7400 0000 0000 0000  [  scarlet       ]
70150872    0000 0007 6372 696D 736F 6E00 0000 0000  [    crimson     ]
7015087A    0000 0000 0006 676F 6C64 656E 0000 0000  [      golden    ]
70150882    0000 0000 0000 0009 6D61 6C61 6368 6974  [        malachit]
7015088A    6500 0000 0000 0000                      [e               ]

# ----------------------------------------------------------------
# BEING_STRENGTH
# ----------------------------------------------------------------
7015088E    0384 0258 07D0 0258 0384 02EE 05DC 0384  [   X   X        ]
70150896    0384 02EE 02EE 02EE 02EE 0000 0000 0000  [                ]
7015089E    0000 0000 0000 0000 0000 0000 0000 0000  [                ]
701508A6    0000 0000 0000 0000 0000 0000 0078 003C  [             x <]
701508AE    002D 001E 0023 0046 001E 002D 0037 0041  [ -   # F   - 7 A]
701508B6    0041 0014 0028 0023 00FA 0019 0032 003C  [ A   ( #     2 <]
701508BE    006E 005F 002D 0023 001E 0019 0032 012C  [ n _ - #     2 ,]
701508C6    0145 0190 0028 0014 0096 0014 001E 0046  [ E   (         F]
701508CE    00A0 0028 0046 0000                      [   ( F          ]

# ----------------------------------------------------------------
# BEING_MOVES
# ----------------------------------------------------------------
701508D2    0002 0001 0002 0001 0001 0003 0005 0004  [                ]
701508DA    0004 0003 0003 0003 0003 0000 0000 0000  [                ]
701508E2    0000 0000 0000 0000 0000 0000 0000 0000  [                ]
701508EA    0000 0000 0000 0000 0000 0000 0004 0001  [                ]
701508F2    0001 0001 0003 0001 0001 0002 0001 0003  [                ]
701508FA    0001 0001 0003 0001 0005 0004 0001 0002  [                ]
70150902    0003 0003 0002 0001 0001 0002 0001 0001  [                ]
7015090A    0001 0002 0001 0002 0002 0004 0005 0002  [                ]
70150912    0002 0001 0002 0000                      [                ]

# ----------------------------------------------------------------
# BEING_HIT_RATE
# ----------------------------------------------------------------
70150916    003C 0030 0050 003C 001E 0028 003C 0032  [ < 0 P <   ( < 2]
7015091E    0032 0028 0028 0028 0028 0000 0000 0000  [ 2 ( ( ( (      ]
70150926    0000 0000 0000 0000 0000 0000 0000 0000  [                ]
7015092E    0000 0000 0000 0000 0000 0000 0028 001E  [             (  ]
70150936    0050 0046 0041 0028 003C 005A 0032 0046  [ P F A ( < Z 2 F]
7015093E    0032 003C 0041 0046 003C 0000 0032 0014  [ 2 < A F <   2  ]
70150946    0032 002D 002D 0023 0028 002D 0050 001E  [ 2 - - # ( - P  ]
7015094E    000A 003C 0032 001E 0046 001E 0032 003C  [   < 2   F   2 <]
70150956    0055 0046 0050 0000                      [ U F P          ]

# ----------------------------------------------------------------
# BEING_PERSUE_RANGE
# ----------------------------------------------------------------
7015095A    001E 002D 0041 0023 002D 001E 0014 0012  [   - A # -      ]
70150962    0012 0010 0010 0010 0010 0000 0000 0000  [                ]
7015096A    0000 0000 0000 0000 0000 0000 0000 0000  [                ]
70150972    0000 0000 0000 0000 0000 0000 000F 0005  [                ]
7015097A    0008 000A 0009 0003 0006 000C 0008 0007  [                ]
70150982    0006 000E 000B 000A 000A 000A 000C 0005  [                ]
7015098A    000F 000F 000A 000A 0008 000D 0012 0005  [                ]
70150992    0007 000A 000A 000A 000A 0005 000A 000A  [                ]
7015099A    0010 000A 000A 0000                      [                ]

# ----------------------------------------------------------------
# BEING_PERSUE_PERCENT
# ----------------------------------------------------------------
7015099E    0000 000A 0014 0005 000A 000D 0064 0064  [             d d]
701509A6    0064 0064 0064 0064 0064 0000 0000 0000  [ d d d d d      ]
701509AE    0000 0000 0000 0000 0000 0000 0000 0000  [                ]
701509B6    0000 0000 0000 0000 0000 0000 0009 000F  [                ]
701509BE    000A 001E 000C 0005 000B 0014 000F 000A  [                ]
701509C6    000A 0019 000B 0064 0023 0000 001E 000F  [       d #      ]
701509CE    0008 0007 0019 0014 000A 000F 000F 000A  [                ]
701509D6    000F 0014 0000 0064 0064 000A 000A 003C  [       d d     <]
701509DE    000A 0064 0064 0000                      [   d d          ]

# ----------------------------------------------------------------
# BEING_SURPRISE_PERCENT
# ----------------------------------------------------------------
701509E2    0000 0000 0000 0000 0000 0000 0000 0000  [                ]
701509EA    0000 0000 0000 0000 0000 0000 0000 0000  [                ]
701509F2    0000 0000 0000 0000 0000 0000 0000 0000  [                ]
701509FA    0000 0000 0000 0000 0000 0000 0000 0046  [               F]
70150A02    0014 001E 000C 0014 0044 000A 003C 000F  [         D   <  ]
70150A0A    0014 0028 000A 0032 0000 0000 0000 004B  [   (   2       K]
70150A12    0000 0000 0023 0028 003C 0037 0019 0028  [     # ( < 7   (]
70150A1A    003C 000A 003C 0046 001E 0014 000A 0014  [ <   < F        ]
70150A22    0000 0028 001E 0000                      [   (            ]

# ----------------------------------------------------------------
# BEING_PERCENT
# ----------------------------------------------------------------
70150A26    0000 0000 0000 0000 0000 0000 0000 0000  [                ]
70150A2E    0000 0000 0000 0000 0000 0000 0000 0000  [                ]
70150A36    0000 0000 0000 0000 0000 0000 0000 0000  [                ]
70150A3E    0000 0000 0000 0000 0000 0000 0000 0000  [                ]
70150A46    0000 0000 0000 0000 0000 0000 0000 0000  [                ]
70150A4E    0000 0000 0000 0000 004B 004B 0000 0000  [         K K    ]
70150A56    0000 0000 0000 0000 0000 0000 0000 0014  [                ]
70150A5E    000A 001E 0000 0050 000A 0000 0000 0000  [       P        ]
70150A66    000A 0000 0000 0000                      [                ]

# ----------------------------------------------------------------
# PRINCESS_NAMES
# ----------------------------------------------------------------
70150A6A    0004 5361 7261 0000 0000 0000 0000 0000  [  Sara          ]
70150A72    0000 0000 0000 0000 0000 0000 0000 0000  [                ]
70150A7A    0009 4777 656E 646F 6C79 6E00 0000 0000  [  Gwendolyn     ]
70150A82    0000 0000 0000 0000 0000 0000 0000 0000  [                ]
70150A8A    0009 4573 6D65 7265 6C64 6100 0000 0000  [  Esmerelda     ]
70150A92    0000 0000 0000 0000 0000 0000 0000 0000  [                ]
70150A9A    0009 416E 6173 7461 7469 6100 0000 0000  [  Anastatia     ]
70150AA2    0000 0000 0000 0000 0000 0000 0000 0000  [                ]
70150AAA    0008 4973 6162 656C 6C61 0000 0000 0000  [  Isabella      ]
70150AB2    0000 0000 0000 0000 0000 0000 0000 0000  [                ]
70150ABA    0009 4272 756E 6769 6C64 6100 0000 0000  [  Brungilda     ]
70150AC2    0000 0000 0000 0000 0000 0000 0000 0000  [                ]
70150ACA    0008 4D61 6465 6C69 6E65 0000 0000 0000  [  Madeline      ]
70150AD2    0000 0000 0000 0000 0000 0000 0000 0000  [                ]
70150ADA    0007 456C 7362 6574 6800 0000 0000 0000  [  Elsbeth       ]
70150AE2    0000 0000 0000 0000 0000 0000 0000 0000  [                ]
70150AEA    0008 4361 726F 6C69 6E65 0000 0000 0000  [  Caroline      ]
70150AF2    0000 0000 0000 0000 0000 0000 0000 0000  [                ]
70150AFA    0007 4D61 7469 6C64 6100 0000 0000 0000  [  Matilda       ]
70150B02    0000 0000 0000 0000 0000 0000 0000 0000  [                ]

# ----------------------------------------------------------------
# CAN_FLY
# ----------------------------------------------------------------
70150B0A    CA80 0000                                [                ]

# ----------------------------------------------------------------
# CAN_BOAT
# ----------------------------------------------------------------
70150B0C    A3C0 0000                                [                ]

# ----------------------------------------------------------------
# CAN_CLIMB
# ----------------------------------------------------------------
70150B0E    D140 0000                                [ @              ]

# ----------------------------------------------------------------
# HOLY_COLORS
# ----------------------------------------------------------------
70150B10    0003 7265 6400 0000 0004 626C 7565 0000  [  red     blue  ]
70150B18    0005 7768 6974 6500 0005 616D 6265 7200  [  white   amber ]

# ----------------------------------------------------------------
# OBS_OBJ_TBL
# ----------------------------------------------------------------
70150B20    0022 6120 6C6F 6E67 2073 776F 7264 2068  [ "a long sword h]
70150B28    616E 642D 6372 6166 7465 6420 6279 2065  [and-crafted by e]
70150B30    6C76 6573 0000 0000 0000 0000 0000 0000  [lves            ]
70150B38    0000 0000 0000 0000 0000 0000 0000 0000  [                ]
70150B40    0000 0000 0000 0000 0000 0000 0000 0000  [                ]
70150B48    0000 0000 0000 0000 0000 0000 0000 0000  [                ]
70150B50    0000 0000 0000 005E 6120 6461 6767 6572  [       ^a dagger]
70150B58    2077 6974 6820 616E 2069 6E73 6372 6970  [ with an inscrip]
70150B60    7469 6F6E 2069 6E20 616E 2061 6E63 6965  [tion in an ancie]
70150B68    6E74 2064 6961 6C65 6374 0A0B 7768 6963  [nt dialect  whic]
70150B70    6820 7472 616E 736C 6174 6573 2074 6F20  [h translates to ]
70150B78    2774 686F 7520 7368 616C 6C20 6E6F 7420  ['thou shall not ]
70150B80    7374 6561 6C27 0000 0000 0000 0012 7374  [steal'        st]
70150B88    6565 6C20 706C 6174 6564 2061 726D 6F72  [eel plated armor]
70150B90    0000 0000 0000 0000 0000 0000 0000 0000  [                ]
70150B98    0000 0000 0000 0000 0000 0000 0000 0000  [                ]
70150BA0    0000 0000 0000 0000 0000 0000 0000 0000  [                ]
70150BA8    0000 0000 0000 0000 0000 0000 0000 0000  [                ]
70150BB0    0000 0000 0000 0000 0000 0000 0000 0000  [                ]
70150BB8    0000 000F 6120 656C 7665 6E20 6C6F 6E67  [    a elven long]
70150BC0    626F 7700 0000 0000 0000 0000 0000 0000  [bow             ]
70150BC8    0000 0000 0000 0000 0000 0000 0000 0000  [                ]
70150BD0    0000 0000 0000 0000 0000 0000 0000 0000  [                ]
70150BD8    0000 0000 0000 0000 0000 0000 0000 0000  [                ]
70150BE0    0000 0000 0000 0000 0000 0000 0000 0000  [                ]
70150BE8    0000 0000 0000 0000 0052 6D6F 756E 7469  [         Rmounti]
70150BF0    616E 6565 7269 6E67 2067 6561 7220 7768  [aneering gear wh]
70150BF8    6963 6820 696E 636C 7564 6573 3A20 3130  [ich includes: 10]
70150C00    3027 206F 6620 726F 7065 2C0A 0B61 2070  [0' of rope,  a p]
70150C08    6963 6B20 6178 2C20 616E 6420 6173 736F  [ick ax, and asso]
70150C10    7274 6564 2070 696E 696F 6E73 0000 0000  [rted pinions    ]
70150C18    0000 0000 0000 0000 0000 0000 0000 0035  [               5]
70150C20    6120 6C61 7267 6520 7374 6565 6C20 7368  [a large steel sh]
70150C28    6965 6C64 2077 6974 6820 6477 6172 6669  [ield with dwarfi]
70150C30    7368 2072 756E 6573 206F 6E20 7468 6520  [sh runes on the ]
70150C38    6564 6765 7300 0000 0000 0000 0000 0000  [edges           ]
70150C40    0000 0000 0000 0000 0000 0000 0000 0000  [                ]
70150C48    0000 0000 0000 0000 0000 0000 0000 0000  [                ]
70150C50    0000 0000 0022 6120 6372 6F73 7362 6F77  [     "a crossbow]
70150C58    2066 6F72 2073 686F 7274 2072 616E 6765  [ for short range]
70150C60    2074 6172 6765 7473 0000 0000 0000 0000  [ targets        ]
70150C68    0000 0000 0000 0000 0000 0000 0000 0000  [                ]
70150C70    0000 0000 0000 0000 0000 0000 0000 0000  [                ]
70150C78    0000 0000 0000 0000 0000 0000 0000 0000  [                ]
70150C80    0000 0000 0000 0000 0000 0010 6120 6D61  [            a ma]
70150C88    6769 6320 6361 7461 7075 6C74 0000 0000  [gic catapult    ]
70150C90    0000 0000 0000 0000 0000 0000 0000 0000  [                ]
70150C98    0000 0000 0000 0000 0000 0000 0000 0000  [                ]
70150CA0    0000 0000 0000 0000 0000 0000 0000 0000  [                ]
70150CA8    0000 0000 0000 0000 0000 0000 0000 0000  [                ]
70150CB0    0000 0000 0000 0000 0000 0000 0000 0000  [                ]
70150CB8    0035 6120 6661 6972 6C79 206C 6172 6765  [ 5a fairly large]
70150CC0    2062 6174 7465 7269 6E67 2072 616D 2077  [ battering ram w]
70150CC8    6974 6820 7468 6520 6865 6164 206F 6620  [ith the head of ]
70150CD0    6120 6768 6F75 6C00 0000 0000 0000 0000  [a ghoul         ]
70150CD8    0000 0000 0000 0000 0000 0000 0000 0000  [                ]
70150CE0    0000 0000 0000 0000 0000 0000 0000 0000  [                ]
*
*
70150D48    0000 0000 0000 0000 0000 0000 0000 0000  [                ]
70150D50    0000 0030 6120 6D61 6769 6320 7061 7374  [   0a magic past]
70150D58    6520 7768 6963 6820 7769 6C6C 2073 7472  [e which will str]
70150D60    656E 6774 6865 6E20 6361 7374 6C65 2077  [engthen castle w]
70150D68    616C 6C73 0000 0000 0000 0000 0000 0000  [alls            ]
70150D70    0000 0000 0000 0000 0000 0000 0000 0000  [                ]
70150D78    0000 0000 0000 0000 0000 0000 0000 0000  [                ]
*
*
70150DA8    0000 0000 0000 0000 0000 0000 0000 0000  [                ]
70150DB0    0000 0000 0000 0000 0000 0000 0000 0021  [               !]
70150DB8    6120 6261 636B 2070 6163 6B20 666F 7220  [a back pack for ]
70150DC0    7374 6F72 696E 6720 696E 7665 6E74 6F72  [storing inventor]
70150DC8    7900 0000 0000 0000 0000 0000 0000 0000  [y               ]
70150DD0    0000 0000 0000 0000 0000 0000 0000 0000  [                ]
70150DD8    0000 0000 0000 0000 0000 0000 0000 0000  [                ]
*
*
70150E48    0000 0000 0000 0000 0000 0000 0000 0000  [                ]
70150E50    0048 616E 2065 7874 7265 6D65 6C79 206C  [ Han extremely l]
70150E58    6F6E 6720 7377 6F72 6420 7768 6963 6820  [ong sword which ]
70150E60    706F 7373 6573 7365 7320 6D61 6769 6320  [possesses magic ]
70150E68    666F 720A 0B73 6C61 7969 6E67 2077 6869  [for  slaying whi]
70150E70    7465 2064 7261 676F 6E73 0000 0000 0000  [te dragons      ]
70150E78    0000 0000 0000 0000 0000 0000 0000 0000  [                ]
70150E80    0000 0000 0000 002A 6120 686F 6C79 2073  [       *a holy s]
70150E88    796D 626F 6C20 7769 7468 2061 2073 7472  [ymbol with a str]
70150E90    616E 6765 2061 7572 6120 6162 6F75 7420  [ange aura about ]
70150E98    6974 0000 0000 0000 0000 0000 0000 0000  [it              ]
70150EA0    0000 0000 0000 0000 0000 0000 0000 0000  [                ]
70150EA8    0000 0000 0000 0000 0000 0000 0000 0000  [                ]
*
*
70150EE0    0000 0000 0000 0000 0000 0000 0000 0000  [                ]
70150EE8    0000 0030 6120 6D61 6769 6320 616D 756C  [   0a magic amul]
70150EF0    6574 2068 616E 6420 6372 6166 7465 6420  [et hand crafted ]
70150EF8    6279 2061 6E20 756E 6B6E 6F77 6E20 7769  [by an unknown wi]
70150F00    7A61 7264 0000 0000 0000 0000 0000 0000  [zard            ]
70150F08    0000 0000 0000 0000 0000 0000 0000 0000  [                ]
70150F10    0000 0000 0000 0000 0000 0000 0000 0000  [                ]
70150F18    0000 0000 0000 0000                      [                ]

# ----------------------------------------------------------------
# OBS_MAGIC_TBL
# ----------------------------------------------------------------
70150F1C    0016 6120 6372 6F77 6E20 6669 7420 666F  [  a crown fit fo]
70150F24    7220 6120 6B69 6E67 0000 0000 0000 0000  [r a king        ]
70150F2C    0000 0000 0000 0000 0000 0000 0000 0000  [                ]
70150F34    0000 0000 0000 0000 0000 0000 0000 0000  [                ]
70150F3C    0000 0000 0000 0000 0000 0000 0000 0000  [                ]
70150F44    0000 0000 0000 0000 0000 0000 0000 0000  [                ]
70150F4C    0000 0000 0000 0032 6120 676F 6C64 656E  [       2a golden]
70150F54    2073 6365 7074 6F72 2077 6869 6368 2062  [ sceptor which b]
70150F5C    656C 6F6E 6765 6420 746F 2061 6E20 616E  [elonged to an an]
70150F64    6369 656E 7420 6B69 6E67 0000 0000 0000  [cient king      ]
70150F6C    0000 0000 0000 0000 0000 0000 0000 0000  [                ]
70150F74    0000 0000 0000 0000 0000 0000 0000 0000  [                ]
70150F7C    0000 0000 0000 0000 0000 0000 0012 6120  [              a ]
70150F84    676F 6C64 656E 2072 6F79 616C 206F 7262  [golden royal orb]
70150F8C    0000 0000 0000 0000 0000 0000 0000 0000  [                ]
70150F94    0000 0000 0000 0000 0000 0000 0000 0000  [                ]
70150F9C    0000 0000 0000 0000 0000 0000 0000 0000  [                ]
70150FA4    0000 0000 0000 0000 0000 0000 0000 0000  [                ]
70150FAC    0000 0000 0000 0000 0000 0000 0000 0000  [                ]
70150FB4    0000 0029 6120 6772 6561 7420 7365 616C  [   )a great seal]
70150FBC    206F 6620 616E 2061 6E63 6965 6E74 2066  [ of an ancient f]
70150FC4    6F72 676F 7474 656E 206B 696E 6700 0000  [orgotten king   ]
70150FCC    0000 0000 0000 0000 0000 0000 0000 0000  [                ]
70150FD4    0000 0000 0000 0000 0000 0000 0000 0000  [                ]
*
*
7015100C    0000 0000 0000 0000 0000 0000 0000 0000  [                ]
70151014    0000 0000 0000 0000 0000 0000 0000 0011  [                ]
7015101C    6D61 6769 6320 656C 7665 6E20 626F 6F74  [magic elven boot]
70151024    7300 0000 0000 0000 0000 0000 0000 0000  [s               ]
7015102C    0000 0000 0000 0000 0000 0000 0000 0000  [                ]
70151034    0000 0000 0000 0000 0000 0000 0000 0000  [                ]
7015103C    0000 0000 0000 0000 0000 0000 0000 0000  [                ]
70151044    0000 0000 0000 0000 0000 0000 0000 0000  [                ]
7015104C    0000 0000 0030 6120 6B65 7920 746F 2065  [     0a key to e]
70151054    6E61 626C 6520 7061 7373 6167 6520 7468  [nable passage th]
7015105C    726F 7567 6820 616C 6C20 7472 616E 7370  [rough all transp]
70151064    6F72 7465 7273 0000 0000 0000 0000 0000  [orters          ]
7015106C    0000 0000 0000 0000 0000 0000 0000 0000  [                ]
70151074    0000 0000 0000 0000 0000 0000 0000 0000  [                ]
7015107C    0000 0000 0000 0000 0000 0026 616E 2065  [           &an e]
70151084    6C76 656E 2063 6C6F 616B 2074 6861 7420  [lven cloak that ]
7015108C    626C 656E 6473 2077 6974 6820 6E61 7475  [blends with natu]
70151094    7265 0000 0000 0000 0000 0000 0000 0000  [re              ]
7015109C    0000 0000 0000 0000 0000 0000 0000 0000  [                ]
701510A4    0000 0000 0000 0000 0000 0000 0000 0000  [                ]
701510AC    0000 0000 0000 0000 0000 0000 0000 0000  [                ]
701510B4    0026 6120 7370 7920 676C 6173 7320 6F6E  [ &a spy glass on]
701510BC    6365 2075 7365 6420 6279 2061 2073 6561  [ce used by a sea]
701510C4    2063 6170 7461 696E 0000 0000 0000 0000  [ captain        ]
701510CC    0000 0000 0000 0000 0000 0000 0000 0000  [                ]
701510D4    0000 0000 0000 0000 0000 0000 0000 0000  [                ]
701510DC    0000 0000 0000 0000 0000 0000 0000 0000  [                ]
701510E4    0000 0000 0000 0025 6120 676F 6C64 656E  [       %a golden]
701510EC    2072 6F70 6520 696E 2074 6865 2073 6861  [ rope in the sha]
701510F4    7065 206F 6620 6120 6C61 7373 6F00 0000  [pe of a lasso   ]
701510FC    0000 0000 0000 0000 0000 0000 0000 0000  [                ]
70151104    0000 0000 0000 0000 0000 0000 0000 0000  [                ]
*
*
70151174    0000 0000 0000 0000 0000 0000 0000 0000  [                ]
7015117C    0000 0000 0000 0000 0024 6120 6D61 6769  [         $a magi]
70151184    6320 6372 7973 7461 6C20 6261 6C6C 2066  [c crystal ball f]
7015118C    6F72 2067 617A 696E 6720 696E 746F 0000  [or gazing into  ]
70151194    0000 0000 0000 0000 0000 0000 0000 0000  [                ]
7015119C    0000 0000 0000 0000 0000 0000 0000 0000  [                ]
*
*
701511DC    0000 0000 0000 0000 0000 0000 0000 0000  [                ]
701511E4    0000 0000 0033 6120 7374 6166 6620 7769  [     3a staff wi]
701511EC    7468 2061 2072 656C 6965 6620 6361 7276  [th a relief carv]
701511F4    696E 6720 6F66 2074 6865 2073 756E 2061  [ing of the sun a]
701511FC    7420 7468 6520 746F 7000 0000 0000 0000  [t the top       ]
70151204    0000 0000 0000 0000 0000 0000 0000 0000  [                ]
7015120C    0000 0000 0000 0000 0000 0000 0000 0000  [                ]
70151214    0000 0000 0000 0000 0000 0017 6120 6D69  [            a mi]
7015121C    6768 7479 206D 6167 6963 616C 2068 616D  [ghty magical ham]
70151224    6D65 7200 0000 0000 0000 0000 0000 0000  [mer             ]
7015122C    0000 0000 0000 0000 0000 0000 0000 0000  [                ]
70151234    0000 0000 0000 0000 0000 0000 0000 0000  [                ]
7015123C    0000 0000 0000 0000 0000 0000 0000 0000  [                ]
70151244    0000 0000 0000 0000 0000 0000 0000 0000  [                ]
7015124C    002B 616E 2061 7263 616E 6520 7374 6166  [ +an arcane staf]
70151254    6620 7769 7468 2074 776F 2073 6E61 6B65  [f with two snake]
7015125C    7320 696E 7465 7274 7769 6E65 6400 0000  [s intertwined   ]
70151264    0000 0000 0000 0000 0000 0000 0000 0000  [                ]
7015126C    0000 0000 0000 0000 0000 0000 0000 0000  [                ]
70151274    0000 0000 0000 0000 0000 0000 0000 0000  [                ]
7015127C    0000 0000 0000 0037 6120 6D61 6769 6361  [       7a magica]
70151284    6C20 7374 6166 6620 7769 7468 2061 2073  [l staff with a s]
7015128C    6B75 6C6C 2061 6E64 2063 726F 7373 2062  [kull and cross b]
70151294    6F6E 6573 2061 7420 7468 6520 746F 7000  [ones at the top ]
7015129C    0000 0000 0000 0000 0000 0000 0000 0000  [                ]
701512A4    0000 0000 0000 0000 0000 0000 0000 0000  [                ]
701512AC    0000 0000 0000 0000 0000 0000 002E 6120  [             .a ]
701512B4    626F 6F6B 2077 6974 6820 6B6E 6F77 6C65  [book with knowle]
701512BC    6765 206F 6620 7468 6520 6D61 6769 6320  [ge of the magic ]
701512C4    6F66 2074 6865 2065 6172 7468 0000 0000  [of the earth    ]
701512CC    0000 0000 0000 0000 0000 0000 0000 0000  [                ]
701512D4    0000 0000 0000 0000 0000 0000 0000 0000  [                ]
701512DC    0000 0000 0000 0000 0000 0000 0000 0000  [                ]
701512E4    0000 002E 6120 626F 6F6B 2077 6974 6820  [   .a book with ]
701512EC    6B6E 6F77 6C65 6765 206F 6620 7468 6520  [knowlege of the ]
701512F4    6D61 6769 6320 6F66 2074 6865 2065 6172  [magic of the ear]
701512FC    7468 0000 0000 0000 0000 0000 0000 0000  [th              ]
70151304    0000 0000 0000 0000 0000 0000 0000 0000  [                ]
7015130C    0000 0000 0000 0000 0000 0000 0000 0000  [                ]
70151314    0000 0000 0000 0000 002E 6120 626F 6F6B  [         .a book]
7015131C    2077 6974 6820 6B6E 6F77 6C65 6765 206F  [ with knowlege o]
70151324    6620 7468 6520 6D61 6769 6320 6F66 2074  [f the magic of t]
7015132C    6865 2065 6172 7468 0000 0000 0000 0000  [he earth        ]
70151334    0000 0000 0000 0000 0000 0000 0000 0000  [                ]
7015133C    0000 0000 0000 0000 0000 0000 0000 0000  [                ]
70151344    0000 0000 0000 0000 0000 0000 0000 0029  [               )]
7015134C    6120 626F 6F6B 2077 6974 6820 6B6E 6F77  [a book with know]
70151354    6C65 6765 206F 6620 7468 6520 706F 7765  [lege of the powe]
7015135C    7220 6F66 2066 6972 6500 0000 0000 0000  [r of fire       ]
70151364    0000 0000 0000 0000 0000 0000 0000 0000  [                ]
7015136C    0000 0000 0000 0000 0000 0000 0000 0000  [                ]
70151374    0000 0000 0000 0000 0000 0000 0000 0000  [                ]
7015137C    0000 0000 0029 6120 626F 6F6B 2077 6974  [     )a book wit]
70151384    6820 6B6E 6F77 6C65 6765 206F 6620 7468  [h knowlege of th]
7015138C    6520 706F 7765 7220 6F66 2066 6972 6500  [e power of fire ]
70151394    0000 0000 0000 0000 0000 0000 0000 0000  [                ]
7015139C    0000 0000 0000 0000 0000 0000 0000 0000  [                ]
701513A4    0000 0000 0000 0000 0000 0000 0000 0000  [                ]
701513AC    0000 0000 0000 0000 0000 0029 6120 626F  [           )a bo]
701513B4    6F6B 2077 6974 6820 6B6E 6F77 6C65 6765  [ok with knowlege]
701513BC    206F 6620 7468 6520 706F 7765 7220 6F66  [ of the power of]
701513C4    2066 6972 6500 0000 0000 0000 0000 0000  [ fire           ]
701513CC    0000 0000 0000 0000 0000 0000 0000 0000  [                ]
701513D4    0000 0000 0000 0000 0000 0000 0000 0000  [                ]
701513DC    0000 0000 0000 0000 0000 0000 0000 0000  [                ]
701513E4    0027 6120 626F 6F6B 2077 6974 6820 6B6E  [ 'a book with kn]
701513EC    6F77 6C65 6765 206F 6620 7468 6520 7769  [owlege of the wi]
701513F4    6E64 2066 6F72 6365 7300 0000 0000 0000  [nd forces       ]
701513FC    0000 0000 0000 0000 0000 0000 0000 0000  [                ]
70151404    0000 0000 0000 0000 0000 0000 0000 0000  [                ]
7015140C    0000 0000 0000 0000 0000 0000 0000 0000  [                ]
70151414    0000 0000 0000 0027 6120 626F 6F6B 2077  [       'a book w]
7015141C    6974 6820 6B6E 6F77 6C65 6765 206F 6620  [ith knowlege of ]
70151424    7468 6520 7769 6E64 2066 6F72 6365 7300  [the wind forces ]
7015142C    0000 0000 0000 0000 0000 0000 0000 0000  [                ]
70151434    0000 0000 0000 0000 0000 0000 0000 0000  [                ]
7015143C    0000 0000 0000 0000 0000 0000 0000 0000  [                ]
70151444    0000 0000 0000 0000 0000 0000 0027 6120  [             'a ]
7015144C    626F 6F6B 2077 6974 6820 6B6E 6F77 6C65  [book with knowle]
70151454    6765 206F 6620 7468 6520 7769 6E64 2066  [ge of the wind f]
7015145C    6F72 6365 7300 0000 0000 0000 0000 0000  [orces           ]
70151464    0000 0000 0000 0000 0000 0000 0000 0000  [                ]
7015146C    0000 0000 0000 0000 0000 0000 0000 0000  [                ]
70151474    0000 0000 0000 0000 0000 0000 0000 0000  [                ]
7015147C    0000 0041 6120 6C61 7267 6520 626F 6F6B  [   Aa large book]
70151484    2077 6869 6368 2062 696E 6473 2074 6865  [ which binds the]
7015148C    2066 6F72 6365 7320 6F66 2074 6865 2065  [ forces of the e]
70151494    6172 7468 2C0A 0B77 696E 642C 2061 6E64  [arth,  wind, and]
7015149C    2066 6972 6500 0000 0000 0000 0000 0000  [ fire           ]
701514A4    0000 0000 0000 0000 0000 0000 0000 0000  [                ]
701514AC    0000 0000 0000 0000 001A 6120 706F 7765  [          a powe]
701514B4    7266 756C 206D 6167 6963 206C 6F6E 6773  [rful magic longs]
701514BC    776F 7264 0000 0000 0000 0000 0000 0000  [word            ]
701514C4    0000 0000 0000 0000 0000 0000 0000 0000  [                ]
701514CC    0000 0000 0000 0000 0000 0000 0000 0000  [                ]
*
*
7015150C    0000 0000 0000 0000 0000 0000 0000 0000  [                ]
70151514    0000 0000                                [                ]

# ----------------------------------------------------------------
# STORE_NUM
# ----------------------------------------------------------------
70151516    0001 0002 0004 0007 000A 000B 0008 000D  [                ]
7015151E    0000 0000 0000 0000 0000 0000 0000 0000  [                ]
70151526    0003 0006 0005 0004 0007 000A 000B 000D  [                ]
7015152E    000F 0010 000E 0000 0000 0000 0000 0000  [                ]
70151536    0001 0002 0009 000C 000A 000B 0008 000F  [                ]
7015153E    0010 0006 0003 0000 0000 0000 0000 0000  [                ]
70151546    0001 0002 0003 0006 0005 0009 0008 000D  [                ]
7015154E    000E 0010 000F 0000 0000 0000 0000 0000  [                ]

# ----------------------------------------------------------------
# ?SCOPE_DEFN_PART
# ----------------------------------------------------------------
70151556    0000 0000                                [                ]

# ----------------------------------------------------------------
# ?SCOPE_INFO_PTRS_PART
# ----------------------------------------------------------------
70151558    0000 0000                                [                ]

# ----------------------------------------------------------------
# SPACES
# ----------------------------------------------------------------
7015155A    2020 2020 2020 2020 2020 2020 2020 2020  [                ]
70151562    2020 2020 2020 2020 2020 2020 2020 2020  [                ]
7015156A    2020 2020 2020 2020 2020 2020 2020 2020  [                ]
70151572    2020 2020 2020 2020 2020 2020 2020 2020  [                ]
7015157A    2020 2020 2020 2020 2020 2020 2020 2020  [                ]

# ----------------------------------------------------------------
# WEATHER
# ----------------------------------------------------------------
70151582    5375 6E6E 7920 2020 2020 2020 2020 2020  [Sunny           ]
7015158A    2020 2020 436C 6F75 6479 2020 2020 2020  [    Cloudy      ]
70151592    2020 2020 2020 2020 5261 696E 7920 2020  [        Rainy   ]
7015159A    2020 2020 2020 2020 2020 2020 5374 6F72  [            Stor]
701515A2    6D79 2020 2020 2020 2020 2020 2020 2020  [my              ]

# ----------------------------------------------------------------
# LAND_STR
# ----------------------------------------------------------------
701515AA    0020 2000 1C22 221D 1C77 771D 1C57 571D  [     ""  ww  WW ]
701515B2    1C21 211D 1C28 291D 1C66 661D 1C6D 6D1D  [ !!  ()  ff  mm ]
701515BA    1C4D 4D1D 1C2B 2B1D 1C78 201D 002F 2D00  [ MM  ++  x   /- ]
701515C2    002D 2D00 002D 5C00 005C 2D00 002D 2F00  [ --  -\  \-  -/ ]
701515CA    007C 2D00 002D 7C00 2014 2015 1420 1520  [ |-  -|         ]
701515D2    7C14 2015 1420 157C 7C14 5315 0023 2000  [|      || S  #  ]
701515DA    005B 5D00 0025 2500 2014 2015 1420 1520  [ []  %%         ]
701515E2    142F 2015 1420 5C15 0E74 200F 005F 5E00  [ /    \  t   _^ ]
701515EA    005E 5F00 7C14 2015 1420 157C 1C2A 2A1D  [ ^_ |      | ** ]
701515F2    0E7E 7E0F 007C 2D00 002D 7C00 002D 2D00  [ ~~  |-  -|  -- ]
701515FA    007C 2000 0020 7C00 0E2E 2E0F 0E3A 2E0F  [ |    |  ..  :. ]
70151602    0E2E 3A0F 0E20 3A0F 0E3A 200F 1422 2215  [ .:   :  :   "" ]
7015160A    1422 1520 2014 2215 147B 7D15 0E28 290F  [ "    "  {}  () ]
70151612    003B 3B00 007C 2000 0020 7C00 147C 2F15  [ ;;  |    |  |/ ]
7015161A    145C 7C15 002F 2000 0020 5C00 1C2E 201D  [ \|  /    \  .  ]
70151622    1C49 491D                                [ II             ]

# ----------------------------------------------------------------
# BS
# ----------------------------------------------------------------
70151624    1441 1520 1454 1520 144C 1520 1442 1520  [ A   T   L   B  ]
7015162C    144D 1520 1443 1520 1453 1520 1457 6415  [ M   C   S   Wd ]
70151634    1457 6415 1457 6415 1457 6415 1457 6415  [ Wd  Wd  Wd  Wd ]
7015163C    1457 6415 2020 2020 2020 2020 2020 2020  [ Wd             ]
70151644    2020 2020 2020 2020 2020 2020 2020 2020  [                ]
7015164C    2020 2020 2020 2020 2020 2020 2020 2020  [                ]
70151654    2020 2020 2020 2020 2020 2020 2020 2020  [                ]
7015165C    2020 2020 2020 2020 1464 7215 146F 6715  [         dr  og ]
70151664    1467 6F15 1477 6915 1467 7215 1463 7915  [ go  wi  gr  cy ]
7015166C    1474 7215 1462 6B15 1468 7915 1473 7015  [ tr  bk  hy  sp ]
70151674    146D 6915 1473 6F15 1468 6115 146B 6E15  [ mi  so  ha  kn ]
7015167C    1462 6415 1470 6515 1473 7415 1467 6915  [ bd  pe  st  gi ]
70151684    1472 6415 1461 6415 1462 7215 1472 7215  [ rd  ad  br  rr ]
7015168C    1464 7715 1465 6C15 146B 6915 1464 6515  [ dw  el  ki  de ]
70151694    1467 6815 1462 7715 1465 6115 1477 6F15  [ gh  bw  ea  wo ]
7015169C    1463 6715 146F 7715 1465 6715 1464 7515  [ cg  ow  eg  du ]
701516A4    1462 6115 1472 6715 1462 6715            [ ba  rg  bg     ]

# ----------------------------------------------------------------
# UCASE
# ----------------------------------------------------------------
701516AA    4142 4344 4546 4748 494A 4B4C 4D4E 4F50  [ABCDEFGHIJKLMNOP]
701516B2    5152 5354 5556 5758 595A                 [QRSTUVWXYZ      ]

# ----------------------------------------------------------------
# LCASE
# ----------------------------------------------------------------
701516B7    6162 6364 6566 6768 696A 6B6C 6D6E 6F70  [abcdefghijklmnop]
701516BF    7172 7374 7576 7778 797A                 [qrstuvwxyz      ]

# ----------------------------------------------------------------
# STRENGTH_STR
# ----------------------------------------------------------------
701516C4    6C6F 7720 2020 6D65 6469 756D 6869 6768  [low   mediumhigh]
701516CC    2020                                     [                ]

# ----------------------------------------------------------------
# ITEM_STR
# ----------------------------------------------------------------
701516CD    2222 6666 6D6D 7777 7820 2E20 0006 7769  [""ffmmwwx .   wi]
701516D5    7A61 7264 0000 0000 0000 0000 0000 0000  [zard            ]
701516DD    0000 0006 636C 6572 6963 0000 0000 0000  [    cleric      ]
701516E5    0000 0000 0000 0000 0005 6472 7569 6400  [          druid ]
701516ED    0000 0000 0000 0000 0000 0000 0000 0007  [                ]
701516F5    6669 6768 7465 7200 0000 0000 0000 0000  [fighter         ]
701516FD    0000 0000 0009 6261 7262 6172 6961 6E00  [      barbarian ]
70151705    0000 0000 0000 0000 0000 0000 000F 6F6E  [              on]
7015170D    206C 6576 656C 2067 726F 756E 6400 0000  [ level ground   ]
70151715    0000 0000 0000 0000 0000 0000 0000 000A  [                ]
7015171D    696E 2061 2073 7761 6D70 0000 0000 0000  [in a swamp      ]
70151725    0000 0000 0000 0000 0000 0000 0000 0000  [                ]
7015172D    0010 696E 2073 6861 6C6C 6F77 2077 6174  [  in shallow wat]
70151735    6572 0000 0000 0000 0000 0000 0000 0000  [er              ]
7015173D    0000 000F 6F76 6572 2064 6565 7020 7761  [    over deep wa]
70151745    7465 7200 0000 0000 0000 0000 0000 0000  [ter             ]
7015174D    0000 0000 0014 7472 616E 7376 6572 7369  [      transversi]
70151755    6E67 2061 2063 6C69 6666 0000 0000 0000  [ng a cliff      ]
7015175D    0000 0000 0000 0009 696E 2061 2063 6176  [        in a cav]
70151765    6500 0000 0000 0000 0000 0000 0000 0000  [e               ]
7015176D    0000 0000 0000 0000 000B 696E 2061 2066  [          in a f]
70151775    6F72 6573 7400 0000 0000 0000 0000 0000  [orest           ]
7015177D    0000 0000 0000 0000 0000 0015 6F6E 2074  [            on t]
70151785    6F70 206F 6620 6120 666F 6F74 2068 696C  [op of a foot hil]
7015178D    6C00 0000 0000 0000 0000 0000 0014 6F6E  [l             on]
70151795    2074 6F70 206F 6620 6120 6D6F 756E 7461  [ top of a mounta]
7015179D    696E 0000 0000 0000 0000 0000 0000 0009  [in              ]
701517A5    6F6E 2061 2066 6F72 6400 0000 0000 0000  [on a ford       ]
701517AD    0000 0000 0000 0000 0000 0000 0000 0000  [                ]
701517B5    0009 6F6E 2061 2072 6F61 6400 0000 0000  [  on a road     ]
701517BD    0000 0000 0000 0000 0000 0000 0000 0000  [                ]
701517C5    0000 000B 696E 2061 2063 6173 746C 6500  [    in a castle ]
701517CD    0000 0000 0000 0000 0000 0000 0000 0000  [                ]
701517D5    0000 0000 000D 696E 2061 2062 7569 6C64  [      in a build]
701517DD    696E 6700 0000 0000 0000 0000 0000 0000  [ing             ]
701517E5    0000 0000 0000 000A 696E 2061 2073 746F  [        in a sto]
701517ED    7265 0000 0000 0000 0000 0000 0000 0000  [re              ]
701517F5    0000 0000 0000 0000 0012 6E65 7874 2074  [          next t]
701517FD    6F20 6120 6361 7461 7075 6C74 0000 0000  [o a catapult    ]
70151805    0000 0000 0000 0000 0000 0015 6E65 7874  [            next]
7015180D    2074 6F20 6120 7472 616E 7370 6F72 7465  [ to a transporte]
70151815    7200 0000 0000 0000 0000 0000 0009 6F6E  [r             on]
7015181D    2061 2062 6F61 7400 0000 0000 0000 0000  [ a boat         ]
70151825    0000 0000 0000 0000 0000 0000 0000 000C  [                ]
7015182D    6E65 6172 2061 2074 6F77 6572 0000 0000  [near a tower    ]
70151835    0000 0000 0000 0000 0000 0000 0000 0000  [                ]
7015183D    001A 6E65 6172 2074 6865 2044 6172 6B20  [  near the Dark ]
70151845    4C6F 7264 2773 2053 7461 6666 0000 0000  [Lord's Staff    ]
7015184D    0000 0009 696E 2061 2068 6F6C 6400 0000  [    in a hold   ]
70151855    0000 0000 0000 0000 0000 0000 0000 0000  [                ]
7015185D    0000 0000 001A 6E65 6172 2073 6F6D 6520  [      near some ]
70151865    7368 6172 6473 206F 6620 416C 6269 6F6E  [shards of Albion]
7015186D    0000 0000 0000 0019 696E 2074 6865 2066  [        in the f]
70151875    6F72 7472 6573 7320 6F66 2041 6C62 696F  [ortress of Albio]
7015187D    6E00 0000 0000 0000 001E 6F6E 2074 6865  [n         on the]
70151885    206F 7574 6572 2077 616C 6C20 6F66 2061  [ outer wall of a]
7015188D    2063 6974 6164 656C 0000 001E 6F6E 2074  [ citadel    on t]
70151895    6865 2069 6E6E 6572 2077 616C 6C20 6F66  [he inner wall of]
7015189D    2061 2063 6974 6164 656C 0000 001B 696E  [ a citadel    in]
701518A5    2074 6865 2068 6F6D 6520 6F66 2061 6E20  [ the home of an ]
701518AD    616C 6368 656D 6973 7400 0000 0000 001F  [alchemist       ]
701518B5    696E 2074 6865 2063 6176 6520 6F66 2074  [in the cave of t]
701518BD    6865 2057 6869 7465 2044 7261 676F 6E00  [he White Dragon ]
701518C5    000B 696E 2061 2074 656D 706C 6500 0000  [  in a temple   ]
701518CD    0000 0000 0000 0000 0000 0000 0000 0000  [                ]
701518D5    0000 000B 696E 2061 2064 6573 6572 7400  [    in a desert ]
701518DD    0000 0000 0000 0000 0000 0000 0000 0000  [                ]
701518E5    0000 0000 000C 6F6E 2061 2062 6172 7269  [      on a barri]
701518ED    6572 0000 0000 0000 0000 0000 0000 0000  [er              ]
701518F5    0000 0000 0000 0000 0000 6000 0006 7769  [          `   wi]
701518FD    7A61 7264 0000 0000 0000 0000 0000 0000  [zard            ]
70151905    0000 0006 636C 6572 6963 0000 0000 0000  [    cleric      ]
7015190D    0000 0000 0000 0000 0005 6472 7569 6400  [          druid ]
70151915    0000 0000 0000 0000 0000 0000 0000 0007  [                ]
7015191D    6669 6768 7465 7200 0000 0000 0000 0000  [fighter         ]
70151925    0000 0000 0009 6261 7262 6172 6961 6E00  [      barbarian ]
7015192D    0000 0000 0000 0000 0000 0000 000F 6F6E  [              on]
70151935    206C 6576 656C 2067 726F 756E 6400 0000  [ level ground   ]
7015193D    0000 0000 0000 0000 0000 0000 0000 000A  [                ]
70151945    696E 2061 2073 7761 6D70 0000 0000 0000  [in a swamp      ]
7015194D    0000 0000 0000 0000 0000 0000 0000 0000  [                ]
70151955    0010 696E 2073 6861 6C6C 6F77 2077 6174  [  in shallow wat]
7015195D    6572 0000 0000 0000 0000 0000 0000 0000  [er              ]
70151965    0000 000F 6F76 6572 2064 6565 7020 7761  [    over deep wa]
7015196D    7465 7200 0000 0000 0000 0000 0000 0000  [ter             ]
70151975    0000 0000 0014 7472 616E 7376 6572 7369  [      transversi]
7015197D    6E67 2061 2063 6C69 6666 0000 0000 0000  [ng a cliff      ]
70151985    0000 0000 0000 0009 696E 2061 2063 6176  [        in a cav]
7015198D    6500 0000 0000 0000 0000 0000 0000 0000  [e               ]
70151995    0000 0000 0000 0000 000B 696E 2061 2066  [          in a f]
7015199D    6F72 6573 7400 0000 0000 0000 0000 0000  [orest           ]
701519A5    0000 0000 0000 0000 0000 0015 6F6E 2074  [            on t]
701519AD    6F70 206F 6620 6120 666F 6F74 2068 696C  [op of a foot hil]
701519B5    6C00 0000 0000 0000 0000 0000 0014 6F6E  [l             on]
701519BD    2074 6F70 206F 6620 6120 6D6F 756E 7461  [ top of a mounta]
701519C5    696E 0000 0000 0000 0000 0000 0000 0009  [in              ]
701519CD    6F6E 2061 2066 6F72 6400 0000 0000 0000  [on a ford       ]
701519D5    0000 0000 0000 0000 0000 0000 0000 0000  [                ]
701519DD    0009 6F6E 2061 2072 6F61 6400 0000 0000  [  on a road     ]
701519E5    0000 0000 0000 0000 0000 0000 0000 0000  [                ]
701519ED    0000 000B 696E 2061 2063 6173 746C 6500  [    in a castle ]
701519F5    0000 0000 0000 0000 0000 0000 0000 0000  [                ]
701519FD    0000 0000 000D 696E 2061 2062 7569 6C64  [      in a build]
70151A05    696E 6700 0000 0000 0000 0000 0000 0000  [ing             ]
70151A0D    0000 0000 0000 000A 696E 2061 2073 746F  [        in a sto]
70151A15    7265 0000 0000 0000 0000 0000 0000 0000  [re              ]
70151A1D    0000 0000 0000 0000 0012 6E65 7874 2074  [          next t]
70151A25    6F20 6120 6361 7461 7075 6C74 0000 0000  [o a catapult    ]
70151A2D    0000 0000 0000 0000 0000 0015 6E65 7874  [            next]
70151A35    2074 6F20 6120 7472 616E 7370 6F72 7465  [ to a transporte]
70151A3D    7200 0000 0000 0000 0000 0000 0009 6F6E  [r             on]
70151A45    2061 2062 6F61 7400 0000 0000 0000 0000  [ a boat         ]
70151A4D    0000 0000 0000 0000 0000 0000 0000 000C  [                ]
70151A55    6E65 6172 2061 2074 6F77 6572 0000 0000  [near a tower    ]
70151A5D    0000 0000 0000 0000 0000 0000 0000 0000  [                ]
70151A65    001A 6E65 6172 2074 6865 2044 6172 6B20  [  near the Dark ]
70151A6D    4C6F 7264 2773 2053 7461 6666 0000 0000  [Lord's Staff    ]
70151A75    0000 0009 696E 2061 2068 6F6C 6400 0000  [    in a hold   ]
70151A7D    0000 0000 0000 0000 0000 0000 0000 0000  [                ]
70151A85    0000 0000 001A 6E65 6172 2073 6F6D 6520  [      near some ]
70151A8D    7368 6172 6473 206F 6620 416C 6269 6F6E  [shards of Albion]
70151A95    0000 0000 0000 0019 696E 2074 6865 2066  [        in the f]
70151A9D    6F72 7472 6573 7320 6F66 2041 6C62 696F  [ortress of Albio]
70151AA5    6E00 0000 0000 0000 001E 6F6E 2074 6865  [n         on the]
70151AAD    206F 7574 6572 2077 616C 6C20 6F66 2061  [ outer wall of a]
70151AB5    2063 6974 6164 656C 0000 001E 6F6E 2074  [ citadel    on t]
70151ABD    6865 2069 6E6E 6572 2077 616C 6C20 6F66  [he inner wall of]
70151AC5    2061 2063 6974 6164 656C 0000 001B 696E  [ a citadel    in]
70151ACD    2074 6865 2068 6F6D 6520 6F66 2061 6E20  [ the home of an ]
70151AD5    616C 6368 656D 6973 7400 0000 0000 001F  [alchemist       ]
70151ADD    696E 2074 6865 2063 6176 6520 6F66 2074  [in the cave of t]
70151AE5    6865 2057 6869 7465 2044 7261 676F 6E00  [he White Dragon ]
70151AED    000B 696E 2061 2074 656D 706C 6500 0000  [  in a temple   ]
70151AF5    0000 0000 0000 0000 0000 0000 0000 0000  [                ]
70151AFD    0000 000B 696E 2061 2064 6573 6572 7400  [    in a desert ]
70151B05    0000 0000 0000 0000 0000 0000 0000 0000  [                ]
70151B0D    0000 0000 000C 6F6E 2061 2062 6172 7269  [      on a barri]
70151B15    6572 0000 0000 0000 0000 0000 0000 0000  [er              ]
70151B1D    0000 0000 0000 0000 0006 7769 7A61 7264  [          wizard]
70151B25    0000 0000 0000 0000 0000 0000 0000 0006  [                ]
70151B2D    636C 6572 6963 0000 0000 0000 0000 0000  [cleric          ]
70151B35    0000 0000 0005 6472 7569 6400 0000 0000  [      druid     ]
70151B3D    0000 0000 0000 0000 0000 0007 6669 6768  [            figh]
70151B45    7465 7200 0000 0000 0000 0000 0000 0000  [ter             ]
70151B4D    0009 6261 7262 6172 6961 6E00 0000 0000  [  barbarian     ]
70151B55    0000 0000 0000 0000 000F 6F6E 206C 6576  [          on lev]
70151B5D    656C 2067 726F 756E 6400 0000 0000 0000  [el ground       ]
70151B65    0000 0000 0000 0000 0000 000A 696E 2061  [            in a]
70151B6D    2073 7761 6D70 0000 0000 0000 0000 0000  [ swamp          ]
70151B75    0000 0000 0000 0000 0000 0000 0010 696E  [              in]
70151B7D    2073 6861 6C6C 6F77 2077 6174 6572 0000  [ shallow water  ]
70151B85    0000 0000 0000 0000 0000 0000 0000 000F  [                ]
70151B8D    6F76 6572 2064 6565 7020 7761 7465 7200  [over deep water ]
70151B95    0000 0000 0000 0000 0000 0000 0000 0000  [                ]
70151B9D    0014 7472 616E 7376 6572 7369 6E67 2061  [  transversing a]
70151BA5    2063 6C69 6666 0000 0000 0000 0000 0000  [ cliff          ]
70151BAD    0000 0009 696E 2061 2063 6176 6500 0000  [    in a cave   ]
70151BB5    0000 0000 0000 0000 0000 0000 0000 0000  [                ]
70151BBD    0000 0000 000B 696E 2061 2066 6F72 6573  [      in a fores]
70151BC5    7400 0000 0000 0000 0000 0000 0000 0000  [t               ]
70151BCD    0000 0000 0000 0015 6F6E 2074 6F70 206F  [        on top o]
70151BD5    6620 6120 666F 6F74 2068 696C 6C00 0000  [f a foot hill   ]
70151BDD    0000 0000 0000 0000 0014 6F6E 2074 6F70  [          on top]
70151BE5    206F 6620 6120 6D6F 756E 7461 696E 0000  [ of a mountain  ]
70151BED    0000 0000 0000 0000 0000 0009 6F6E 2061  [            on a]
70151BF5    2066 6F72 6400 0000 0000 0000 0000 0000  [ ford           ]
70151BFD    0000 0000 0000 0000 0000 0000 0009 6F6E  [              on]
70151C05    2061 2072 6F61 6400 0000 0000 0000 0000  [ a road         ]
70151C0D    0000 0000 0000 0000 0000 0000 0000 000B  [                ]
70151C15    696E 2061 2063 6173 746C 6500 0000 0000  [in a castle     ]
70151C1D    0000 0000 0000 0000 0000 0000 0000 0000  [                ]
70151C25    000D 696E 2061 2062 7569 6C64 696E 6700  [  in a building ]
70151C2D    0000 0000 0000 0000 0000 0000 0000 0000  [                ]
70151C35    0000 000A 696E 2061 2073 746F 7265 0000  [    in a store  ]
70151C3D    0000 0000 0000 0000 0000 0000 0000 0000  [                ]
70151C45    0000 0000 0012 6E65 7874 2074 6F20 6120  [      next to a ]
70151C4D    6361 7461 7075 6C74 0000 0000 0000 0000  [catapult        ]
70151C55    0000 0000 0000 0015 6E65 7874 2074 6F20  [        next to ]
70151C5D    6120 7472 616E 7370 6F72 7465 7200 0000  [a transporter   ]
70151C65    0000 0000 0000 0000 0009 6F6E 2061 2062  [          on a b]
70151C6D    6F61 7400 0000 0000 0000 0000 0000 0000  [oat             ]
70151C75    0000 0000 0000 0000 0000 000C 6E65 6172  [            near]
70151C7D    2061 2074 6F77 6572 0000 0000 0000 0000  [ a tower        ]
70151C85    0000 0000 0000 0000 0000 0000 001A 6E65  [              ne]
70151C8D    6172 2074 6865 2044 6172 6B20 4C6F 7264  [ar the Dark Lord]
70151C95    2773 2053 7461 6666 0000 0000 0000 0009  ['s Staff        ]
70151C9D    696E 2061 2068 6F6C 6400 0000 0000 0000  [in a hold       ]
70151CA5    0000 0000 0000 0000 0000 0000 0000 0000  [                ]
70151CAD    001A 6E65 6172 2073 6F6D 6520 7368 6172  [  near some shar]
70151CB5    6473 206F 6620 416C 6269 6F6E 0000 0000  [ds of Albion    ]
70151CBD    0000 0019 696E 2074 6865 2066 6F72 7472  [    in the fortr]
70151CC5    6573 7320 6F66 2041 6C62 696F 6E00 0000  [ess of Albion   ]
70151CCD    0000 0000 001E 6F6E 2074 6865 206F 7574  [      on the out]
70151CD5    6572 2077 616C 6C20 6F66 2061 2063 6974  [er wall of a cit]
70151CDD    6164 656C 0000 001E 6F6E 2074 6865 2069  [adel    on the i]
70151CE5    6E6E 6572 2077 616C 6C20 6F66 2061 2063  [nner wall of a c]
70151CED    6974 6164 656C 0000 001B 696E 2074 6865  [itadel    in the]
70151CF5    2068 6F6D 6520 6F66 2061 6E20 616C 6368  [ home of an alch]
70151CFD    656D 6973 7400 0000 0000 001F 696E 2074  [emist       in t]
70151D05    6865 2063 6176 6520 6F66 2074 6865 2057  [he cave of the W]
70151D0D    6869 7465 2044 7261 676F 6E00 000B 696E  [hite Dragon   in]
70151D15    2061 2074 656D 706C 6500 0000 0000 0000  [ a temple       ]
70151D1D    0000 0000 0000 0000 0000 0000 0000 000B  [                ]
70151D25    696E 2061 2064 6573 6572 7400 0000 0000  [in a desert     ]
70151D2D    0000 0000 0000 0000 0000 0000 0000 0000  [                ]
70151D35    000C 6F6E 2061 2062 6172 7269 6572 0000  [  on a barrier  ]
70151D3D    0000 0000 0000 0000 0000 0000 0000 0000  [                ]
70151D45    0000 0073 000F 000A 0006 7769 7A61 7264  [   s      wizard]
70151D4D    0000 0000 0000 0000 0000 0000 0000 0006  [                ]
70151D55    636C 6572 6963 0000 0000 0000 0000 0000  [cleric          ]
70151D5D    0000 0000 0005 6472 7569 6400 0000 0000  [      druid     ]
70151D65    0000 0000 0000 0000 0000 0007 6669 6768  [            figh]
70151D6D    7465 7200 0000 0000 0000 0000 0000 0000  [ter             ]
70151D75    0009 6261 7262 6172 6961 6E00 0000 0000  [  barbarian     ]
70151D7D    0000 0000 0000 0000 000F 6F6E 206C 6576  [          on lev]
70151D85    656C 2067 726F 756E 6400 0000 0000 0000  [el ground       ]
70151D8D    0000 0000 0000 0000 0000 000A 696E 2061  [            in a]
70151D95    2073 7761 6D70 0000 0000 0000 0000 0000  [ swamp          ]
70151D9D    0000 0000 0000 0000 0000 0000 0010 696E  [              in]
70151DA5    2073 6861 6C6C 6F77 2077 6174 6572 0000  [ shallow water  ]
70151DAD    0000 0000 0000 0000 0000 0000 0000 000F  [                ]
70151DB5    6F76 6572 2064 6565 7020 7761 7465 7200  [over deep water ]
70151DBD    0000 0000 0000 0000 0000 0000 0000 0000  [                ]
70151DC5    0014 7472 616E 7376 6572 7369 6E67 2061  [  transversing a]
70151DCD    2063 6C69 6666 0000 0000 0000 0000 0000  [ cliff          ]
70151DD5    0000 0009 696E 2061 2063 6176 6500 0000  [    in a cave   ]
70151DDD    0000 0000 0000 0000 0000 0000 0000 0000  [                ]
70151DE5    0000 0000 000B 696E 2061 2066 6F72 6573  [      in a fores]
70151DED    7400 0000 0000 0000 0000 0000 0000 0000  [t               ]
70151DF5    0000 0000 0000 0015 6F6E 2074 6F70 206F  [        on top o]
70151DFD    6620 6120 666F 6F74 2068 696C 6C00 0000  [f a foot hill   ]
70151E05    0000 0000 0000 0000 0014 6F6E 2074 6F70  [          on top]
70151E0D    206F 6620 6120 6D6F 756E 7461 696E 0000  [ of a mountain  ]
70151E15    0000 0000 0000 0000 0000 0009 6F6E 2061  [            on a]
70151E1D    2066 6F72 6400 0000 0000 0000 0000 0000  [ ford           ]
70151E25    0000 0000 0000 0000 0000 0000 0009 6F6E  [              on]
70151E2D    2061 2072 6F61 6400 0000 0000 0000 0000  [ a road         ]
70151E35    0000 0000 0000 0000 0000 0000 0000 000B  [                ]
70151E3D    696E 2061 2063 6173 746C 6500 0000 0000  [in a castle     ]
70151E45    0000 0000 0000 0000 0000 0000 0000 0000  [                ]
70151E4D    000D 696E 2061 2062 7569 6C64 696E 6700  [  in a building ]
70151E55    0000 0000 0000 0000 0000 0000 0000 0000  [                ]
70151E5D    0000 000A 696E 2061 2073 746F 7265 0000  [    in a store  ]
70151E65    0000 0000 0000 0000 0000 0000 0000 0000  [                ]
70151E6D    0000 0000 0012 6E65 7874 2074 6F20 6120  [      next to a ]
70151E75    6361 7461 7075 6C74 0000 0000 0000 0000  [catapult        ]
70151E7D    0000 0000 0000 0015 6E65 7874 2074 6F20  [        next to ]
70151E85    6120 7472 616E 7370 6F72 7465 7200 0000  [a transporter   ]
70151E8D    0000 0000 0000 0000 0009 6F6E 2061 2062  [          on a b]
70151E95    6F61 7400 0000 0000 0000 0000 0000 0000  [oat             ]
70151E9D    0000 0000 0000 0000 0000 000C 6E65 6172  [            near]
70151EA5    2061 2074 6F77 6572 0000 0000 0000 0000  [ a tower        ]
70151EAD    0000 0000 0000 0000 0000 0000 001A 6E65  [              ne]
70151EB5    6172 2074 6865 2044 6172 6B20 4C6F 7264  [ar the Dark Lord]
70151EBD    2773 2053 7461 6666 0000 0000 0000 0009  ['s Staff        ]
70151EC5    696E 2061 2068 6F6C 6400 0000 0000 0000  [in a hold       ]
70151ECD    0000 0000 0000 0000 0000 0000 0000 0000  [                ]
70151ED5    001A 6E65 6172 2073 6F6D 6520 7368 6172  [  near some shar]
70151EDD    6473 206F 6620 416C 6269 6F6E 0000 0000  [ds of Albion    ]
70151EE5    0000 0019 696E 2074 6865 2066 6F72 7472  [    in the fortr]
70151EED    6573 7320 6F66 2041 6C62 696F 6E00 0000  [ess of Albion   ]
70151EF5    0000 0000 001E 6F6E 2074 6865 206F 7574  [      on the out]
70151EFD    6572 2077 616C 6C20 6F66 2061 2063 6974  [er wall of a cit]
70151F05    6164 656C 0000 001E 6F6E 2074 6865 2069  [adel    on the i]
70151F0D    6E6E 6572 2077 616C 6C20 6F66 2061 2063  [nner wall of a c]
70151F15    6974 6164 656C 0000 001B 696E 2074 6865  [itadel    in the]
70151F1D    2068 6F6D 6520 6F66 2061 6E20 616C 6368  [ home of an alch]
70151F25    656D 6973 7400 0000 0000 001F 696E 2074  [emist       in t]
70151F2D    6865 2063 6176 6520 6F66 2074 6865 2057  [he cave of the W]
70151F35    6869 7465 2044 7261 676F 6E00 000B 696E  [hite Dragon   in]
70151F3D    2061 2074 656D 706C 6500 0000 0000 0000  [ a temple       ]
70151F45    0000 0000 0000 0000 0000 0000 0000 000B  [                ]
70151F4D    696E 2061 2064 6573 6572 7400 0000 0000  [in a desert     ]
70151F55    0000 0000 0000 0000 0000 0000 0000 0000  [                ]
70151F5D    000C 6F6E 2061 2062 6172 7269 6572 0000  [  on a barrier  ]
70151F65    0000 0000 0000 0000 0000 0000 0000 0000  [                ]
70151F6D    0000 0000 0006 7769 7A61 7264 0000 0000  [      wizard    ]
70151F75    0000 0000 0000 0000 0000 0006 636C 6572  [            cler]
70151F7D    6963 0000 0000 0000 0000 0000 0000 0000  [ic              ]
70151F85    0005 6472 7569 6400 0000 0000 0000 0000  [  druid         ]
70151F8D    0000 0000 0000 0007 6669 6768 7465 7200  [        fighter ]
70151F95    0000 0000 0000 0000 0000 0000 0009 6261  [              ba]
70151F9D    7262 6172 6961 6E00 0000 0000 0000 0000  [rbarian         ]
70151FA5    0000 0000 000F 6F6E 206C 6576 656C 2067  [      on level g]
70151FAD    726F 756E 6400 0000 0000 0000 0000 0000  [round           ]
70151FB5    0000 0000 0000 000A 696E 2061 2073 7761  [        in a swa]
70151FBD    6D70 0000 0000 0000 0000 0000 0000 0000  [mp              ]
70151FC5    0000 0000 0000 0000 0010 696E 2073 6861  [          in sha]
70151FCD    6C6C 6F77 2077 6174 6572 0000 0000 0000  [llow water      ]
70151FD5    0000 0000 0000 0000 0000 000F 6F76 6572  [            over]
70151FDD    2064 6565 7020 7761 7465 7200 0000 0000  [ deep water     ]
70151FE5    0000 0000 0000 0000 0000 0000 0014 7472  [              tr]
70151FED    616E 7376 6572 7369 6E67 2061 2063 6C69  [ansversing a cli]
70151FF5    6666 0000 0000 0000 0000 0000 0000 0009  [ff              ]
70151FFD    696E 2061 2063 6176 6500 0000 0000 0000  [in a cave       ]
70152005    0000 0000 0000 0000 0000 0000 0000 0000  [                ]
7015200D    000B 696E 2061 2066 6F72 6573 7400 0000  [  in a forest   ]
70152015    0000 0000 0000 0000 0000 0000 0000 0000  [                ]
7015201D    0000 0015 6F6E 2074 6F70 206F 6620 6120  [    on top of a ]
70152025    666F 6F74 2068 696C 6C00 0000 0000 0000  [foot hill       ]
7015202D    0000 0000 0014 6F6E 2074 6F70 206F 6620  [      on top of ]
70152035    6120 6D6F 756E 7461 696E 0000 0000 0000  [a mountain      ]
7015203D    0000 0000 0000 0009 6F6E 2061 2066 6F72  [        on a for]
70152045    6400 0000 0000 0000 0000 0000 0000 0000  [d               ]
7015204D    0000 0000 0000 0000 0009 6F6E 2061 2072  [          on a r]
70152055    6F61 6400 0000 0000 0000 0000 0000 0000  [oad             ]
7015205D    0000 0000 0000 0000 0000 000B 696E 2061  [            in a]
70152065    2063 6173 746C 6500 0000 0000 0000 0000  [ castle         ]
7015206D    0000 0000 0000 0000 0000 0000 000D 696E  [              in]
70152075    2061 2062 7569 6C64 696E 6700 0000 0000  [ a building     ]
7015207D    0000 0000 0000 0000 0000 0000 0000 000A  [                ]
70152085    696E 2061 2073 746F 7265 0000 0000 0000  [in a store      ]
7015208D    0000 0000 0000 0000 0000 0000 0000 0000  [                ]
70152095    0012 6E65 7874 2074 6F20 6120 6361 7461  [  next to a cata]
7015209D    7075 6C74 0000 0000 0000 0000 0000 0000  [pult            ]
701520A5    0000 0015 6E65 7874 2074 6F20 6120 7472  [    next to a tr]
701520AD    616E 7370 6F72 7465 7200 0000 0000 0000  [ansporter       ]
701520B5    0000 0000 0009 6F6E 2061 2062 6F61 7400  [      on a boat ]
701520BD    0000 0000 0000 0000 0000 0000 0000 0000  [                ]
701520C5    0000 0000 0000 000C 6E65 6172 2061 2074  [        near a t]
701520CD    6F77 6572 0000 0000 0000 0000 0000 0000  [ower            ]
701520D5    0000 0000 0000 0000 001A 6E65 6172 2074  [          near t]
701520DD    6865 2044 6172 6B20 4C6F 7264 2773 2053  [he Dark Lord's S]
701520E5    7461 6666 0000 0000 0000 0009 696E 2061  [taff        in a]
701520ED    2068 6F6C 6400 0000 0000 0000 0000 0000  [ hold           ]
701520F5    0000 0000 0000 0000 0000 0000 001A 6E65  [              ne]
701520FD    6172 2073 6F6D 6520 7368 6172 6473 206F  [ar some shards o]
70152105    6620 416C 6269 6F6E 0000 0000 0000 0019  [f Albion        ]
7015210D    696E 2074 6865 2066 6F72 7472 6573 7320  [in the fortress ]
70152115    6F66 2041 6C62 696F 6E00 0000 0000 0000  [of Albion       ]
7015211D    001E 6F6E 2074 6865 206F 7574 6572 2077  [  on the outer w]
70152125    616C 6C20 6F66 2061 2063 6974 6164 656C  [all of a citadel]
7015212D    0000 001E 6F6E 2074 6865 2069 6E6E 6572  [    on the inner]
70152135    2077 616C 6C20 6F66 2061 2063 6974 6164  [ wall of a citad]
7015213D    656C 0000 001B 696E 2074 6865 2068 6F6D  [el    in the hom]
70152145    6520 6F66 2061 6E20 616C 6368 656D 6973  [e of an alchemis]
7015214D    7400 0000 0000 001F 696E 2074 6865 2063  [t       in the c]
70152155    6176 6520 6F66 2074 6865 2057 6869 7465  [ave of the White]
7015215D    2044 7261 676F 6E00 000B 696E 2061 2074  [ Dragon   in a t]
70152165    656D 706C 6500 0000 0000 0000 0000 0000  [emple           ]
7015216D    0000 0000 0000 0000 0000 000B 696E 2061  [            in a]
70152175    2064 6573 6572 7400 0000 0000 0000 0000  [ desert         ]
7015217D    0000 0000 0000 0000 0000 0000 000C 6F6E  [              on]
70152185    2061 2062 6172 7269 6572 0000 0000 0000  [ a barrier      ]
7015218D    0000 0000 0000 0000 0000 0000 0000 0001  [                ]
70152195    0081 0004 0011 0006 0076 001E 0014 0002  [         v      ]
7015219D    0013 0019 0075 0074 006C 0000 0006 7769  [     u t l    wi]
701521A5    7A61 7264 0000 0000 0000 0000 0000 0000  [zard            ]
701521AD    0000 0006 636C 6572 6963 0000 0000 0000  [    cleric      ]
701521B5    0000 0000 0000 0000 0005 6472 7569 6400  [          druid ]
701521BD    0000 0000 0000 0000 0000 0000 0000 0007  [                ]
701521C5    6669 6768 7465 7200 0000 0000 0000 0000  [fighter         ]
701521CD    0000 0000 0009 6261 7262 6172 6961 6E00  [      barbarian ]
701521D5    0000 0000 0000 0000 0000 0000 000F 6F6E  [              on]
701521DD    206C 6576 656C 2067 726F 756E 6400 0000  [ level ground   ]
701521E5    0000 0000 0000 0000 0000 0000 0000 000A  [                ]
701521ED    696E 2061 2073 7761 6D70 0000 0000 0000  [in a swamp      ]
701521F5    0000 0000 0000 0000 0000 0000 0000 0000  [                ]
701521FD    0010 696E 2073 6861 6C6C 6F77 2077 6174  [  in shallow wat]
70152205    6572 0000 0000 0000 0000 0000 0000 0000  [er              ]
7015220D    0000 000F 6F76 6572 2064 6565 7020 7761  [    over deep wa]
70152215    7465 7200 0000 0000 0000 0000 0000 0000  [ter             ]
7015221D    0000 0000 0014 7472 616E 7376 6572 7369  [      transversi]
70152225    6E67 2061 2063 6C69 6666 0000 0000 0000  [ng a cliff      ]
7015222D    0000 0000 0000 0009 696E 2061 2063 6176  [        in a cav]
70152235    6500 0000 0000 0000 0000 0000 0000 0000  [e               ]
7015223D    0000 0000 0000 0000 000B 696E 2061 2066  [          in a f]
70152245    6F72 6573 7400 0000 0000 0000 0000 0000  [orest           ]
7015224D    0000 0000 0000 0000 0000 0015 6F6E 2074  [            on t]
70152255    6F70 206F 6620 6120 666F 6F74 2068 696C  [op of a foot hil]
7015225D    6C00 0000 0000 0000 0000 0000 0014 6F6E  [l             on]
70152265    2074 6F70 206F 6620 6120 6D6F 756E 7461  [ top of a mounta]
7015226D    696E 0000 0000 0000 0000 0000 0000 0009  [in              ]
70152275    6F6E 2061 2066 6F72 6400 0000 0000 0000  [on a ford       ]
7015227D    0000 0000 0000 0000 0000 0000 0000 0000  [                ]
70152285    0009 6F6E 2061 2072 6F61 6400 0000 0000  [  on a road     ]
7015228D    0000 0000 0000 0000 0000 0000 0000 0000  [                ]
70152295    0000 000B 696E 2061 2063 6173 746C 6500  [    in a castle ]
7015229D    0000 0000 0000 0000 0000 0000 0000 0000  [                ]
701522A5    0000 0000 000D 696E 2061 2062 7569 6C64  [      in a build]
701522AD    696E 6700 0000 0000 0000 0000 0000 0000  [ing             ]
701522B5    0000 0000 0000 000A 696E 2061 2073 746F  [        in a sto]
701522BD    7265 0000 0000 0000 0000 0000 0000 0000  [re              ]
701522C5    0000 0000 0000 0000 0012 6E65 7874 2074  [          next t]
701522CD    6F20 6120 6361 7461 7075 6C74 0000 0000  [o a catapult    ]
701522D5    0000 0000 0000 0000 0000 0015 6E65 7874  [            next]
701522DD    2074 6F20 6120 7472 616E 7370 6F72 7465  [ to a transporte]
701522E5    7200 0000 0000 0000 0000 0000 0009 6F6E  [r             on]
701522ED    2061 2062 6F61 7400 0000 0000 0000 0000  [ a boat         ]
701522F5    0000 0000 0000 0000 0000 0000 0000 000C  [                ]
701522FD    6E65 6172 2061 2074 6F77 6572 0000 0000  [near a tower    ]
70152305    0000 0000 0000 0000 0000 0000 0000 0000  [                ]
7015230D    001A 6E65 6172 2074 6865 2044 6172 6B20  [  near the Dark ]
70152315    4C6F 7264 2773 2053 7461 6666 0000 0000  [Lord's Staff    ]
7015231D    0000 0009 696E 2061 2068 6F6C 6400 0000  [    in a hold   ]
70152325    0000 0000 0000 0000 0000 0000 0000 0000  [                ]
7015232D    0000 0000 001A 6E65 6172 2073 6F6D 6520  [      near some ]
70152335    7368 6172 6473 206F 6620 416C 6269 6F6E  [shards of Albion]
7015233D    0000 0000 0000 0019 696E 2074 6865 2066  [        in the f]
70152345    6F72 7472 6573 7320 6F66 2041 6C62 696F  [ortress of Albio]
7015234D    6E00 0000 0000 0000 001E 6F6E 2074 6865  [n         on the]
70152355    206F 7574 6572 2077 616C 6C20 6F66 2061  [ outer wall of a]
7015235D    2063 6974 6164 656C 0000 001E 6F6E 2074  [ citadel    on t]
70152365    6865 2069 6E6E 6572 2077 616C 6C20 6F66  [he inner wall of]
7015236D    2061 2063 6974 6164 656C 0000 001B 696E  [ a citadel    in]
70152375    2074 6865 2068 6F6D 6520 6F66 2061 6E20  [ the home of an ]
7015237D    616C 6368 656D 6973 7400 0000 0000 001F  [alchemist       ]
70152385    696E 2074 6865 2063 6176 6520 6F66 2074  [in the cave of t]
7015238D    6865 2057 6869 7465 2044 7261 676F 6E00  [he White Dragon ]
70152395    000B 696E 2061 2074 656D 706C 6500 0000  [  in a temple   ]
7015239D    0000 0000 0000 0000 0000 0000 0000 0000  [                ]
701523A5    0000 000B 696E 2061 2064 6573 6572 7400  [    in a desert ]
701523AD    0000 0000 0000 0000 0000 0000 0000 0000  [                ]
701523B5    0000 0000 000C 6F6E 2061 2062 6172 7269  [      on a barri]
701523BD    6572 0000 0000 0000 0000 0000 0000 0000  [er              ]
701523C5    0000 0000 0000 0000 0006 7769 7A61 7264  [          wizard]
701523CD    0000 0000 0000 0000 0000 0000 0000 0006  [                ]
701523D5    636C 6572 6963 0000 0000 0000 0000 0000  [cleric          ]
701523DD    0000 0000 0005 6472 7569 6400 0000 0000  [      druid     ]
701523E5    0000 0000 0000 0000 0000 0007 6669 6768  [            figh]
701523ED    7465 7200 0000 0000 0000 0000 0000 0000  [ter             ]
701523F5    0009 6261 7262 6172 6961 6E00 0000 0000  [  barbarian     ]
701523FD    0000 0000 0000 0000 000F 6F6E 206C 6576  [          on lev]
70152405    656C 2067 726F 756E 6400 0000 0000 0000  [el ground       ]
7015240D    0000 0000 0000 0000 0000 000A 696E 2061  [            in a]
70152415    2073 7761 6D70 0000 0000 0000 0000 0000  [ swamp          ]
7015241D    0000 0000 0000 0000 0000 0000 0010 696E  [              in]
70152425    2073 6861 6C6C 6F77 2077 6174 6572 0000  [ shallow water  ]
7015242D    0000 0000 0000 0000 0000 0000 0000 000F  [                ]
70152435    6F76 6572 2064 6565 7020 7761 7465 7200  [over deep water ]
7015243D    0000 0000 0000 0000 0000 0000 0000 0000  [                ]
70152445    0014 7472 616E 7376 6572 7369 6E67 2061  [  transversing a]
7015244D    2063 6C69 6666 0000 0000 0000 0000 0000  [ cliff          ]
70152455    0000 0009 696E 2061 2063 6176 6500 0000  [    in a cave   ]
7015245D    0000 0000 0000 0000 0000 0000 0000 0000  [                ]
70152465    0000 0000 000B 696E 2061 2066 6F72 6573  [      in a fores]
7015246D    7400 0000 0000 0000 0000 0000 0000 0000  [t               ]
70152475    0000 0000 0000 0015 6F6E 2074 6F70 206F  [        on top o]
7015247D    6620 6120 666F 6F74 2068 696C 6C00 0000  [f a foot hill   ]
70152485    0000 0000 0000 0000 0014 6F6E 2074 6F70  [          on top]
7015248D    206F 6620 6120 6D6F 756E 7461 696E 0000  [ of a mountain  ]
70152495    0000 0000 0000 0000 0000 0009 6F6E 2061  [            on a]
7015249D    2066 6F72 6400 0000 0000 0000 0000 0000  [ ford           ]
701524A5    0000 0000 0000 0000 0000 0000 0009 6F6E  [              on]
701524AD    2061 2072 6F61 6400 0000 0000 0000 0000  [ a road         ]
701524B5    0000 0000 0000 0000 0000 0000 0000 000B  [                ]
701524BD    696E 2061 2063 6173 746C 6500 0000 0000  [in a castle     ]
701524C5    0000 0000 0000 0000 0000 0000 0000 0000  [                ]
701524CD    000D 696E 2061 2062 7569 6C64 696E 6700  [  in a building ]
701524D5    0000 0000 0000 0000 0000 0000 0000 0000  [                ]
701524DD    0000 000A 696E 2061 2073 746F 7265 0000  [    in a store  ]
701524E5    0000 0000 0000 0000 0000 0000 0000 0000  [                ]
701524ED    0000 0000 0012 6E65 7874 2074 6F20 6120  [      next to a ]
701524F5    6361 7461 7075 6C74 0000 0000 0000 0000  [catapult        ]
701524FD    0000 0000 0000 0015 6E65 7874 2074 6F20  [        next to ]
70152505    6120 7472 616E 7370 6F72 7465 7200 0000  [a transporter   ]
7015250D    0000 0000 0000 0000 0009 6F6E 2061 2062  [          on a b]
70152515    6F61 7400 0000 0000 0000 0000 0000 0000  [oat             ]
7015251D    0000 0000 0000 0000 0000 000C 6E65 6172  [            near]
70152525    2061 2074 6F77 6572 0000 0000 0000 0000  [ a tower        ]
7015252D    0000 0000 0000 0000 0000 0000 001A 6E65  [              ne]
70152535    6172 2074 6865 2044 6172 6B20 4C6F 7264  [ar the Dark Lord]
7015253D    2773 2053 7461 6666 0000 0000 0000 0009  ['s Staff        ]
70152545    696E 2061 2068 6F6C 6400 0000 0000 0000  [in a hold       ]
7015254D    0000 0000 0000 0000 0000 0000 0000 0000  [                ]
70152555    001A 6E65 6172 2073 6F6D 6520 7368 6172  [  near some shar]
7015255D    6473 206F 6620 416C 6269 6F6E 0000 0000  [ds of Albion    ]
70152565    0000 0019 696E 2074 6865 2066 6F72 7472  [    in the fortr]
7015256D    6573 7320 6F66 2041 6C62 696F 6E00 0000  [ess of Albion   ]
70152575    0000 0000 001E 6F6E 2074 6865 206F 7574  [      on the out]
7015257D    6572 2077 616C 6C20 6F66 2061 2063 6974  [er wall of a cit]
70152585    6164 656C 0000 001E 6F6E 2074 6865 2069  [adel    on the i]
7015258D    6E6E 6572 2077 616C 6C20 6F66 2061 2063  [nner wall of a c]
70152595    6974 6164 656C 0000 001B 696E 2074 6865  [itadel    in the]
7015259D    2068 6F6D 6520 6F66 2061 6E20 616C 6368  [ home of an alch]
701525A5    656D 6973 7400 0000 0000 001F 696E 2074  [emist       in t]
701525AD    6865 2063 6176 6520 6F66 2074 6865 2057  [he cave of the W]
701525B5    6869 7465 2044 7261 676F 6E00 000B 696E  [hite Dragon   in]
701525BD    2061 2074 656D 706C 6500 0000 0000 0000  [ a temple       ]
701525C5    0000 0000 0000 0000 0000 0000 0000 000B  [                ]
701525CD    696E 2061 2064 6573 6572 7400 0000 0000  [in a desert     ]
701525D5    0000 0000 0000 0000 0000 0000 0000 0000  [                ]
701525DD    000C 6F6E 2061 2062 6172 7269 6572 0000  [  on a barrier  ]
701525E5    0000 0000 0000 0000 0000 0000 0000 0000  [                ]
701525ED    0000 000E 0006 7769 7A61 7264 0000 0000  [      wizard    ]
701525F5    0000 0000 0000 0000 0000 0006 636C 6572  [            cler]
701525FD    6963 0000 0000 0000 0000 0000 0000 0000  [ic              ]
70152605    0005 6472 7569 6400 0000 0000 0000 0000  [  druid         ]
7015260D    0000 0000 0000 0007 6669 6768 7465 7200  [        fighter ]
70152615    0000 0000 0000 0000 0000 0000 0009 6261  [              ba]
7015261D    7262 6172 6961 6E00 0000 0000 0000 0000  [rbarian         ]
70152625    0000 0000 000F 6F6E 206C 6576 656C 2067  [      on level g]
7015262D    726F 756E 6400 0000 0000 0000 0000 0000  [round           ]
70152635    0000 0000 0000 000A 696E 2061 2073 7761  [        in a swa]
7015263D    6D70 0000 0000 0000 0000 0000 0000 0000  [mp              ]
70152645    0000 0000 0000 0000 0010 696E 2073 6861  [          in sha]
7015264D    6C6C 6F77 2077 6174 6572 0000 0000 0000  [llow water      ]
70152655    0000 0000 0000 0000 0000 000F 6F76 6572  [            over]
7015265D    2064 6565 7020 7761 7465 7200 0000 0000  [ deep water     ]
70152665    0000 0000 0000 0000 0000 0000 0014 7472  [              tr]
7015266D    616E 7376 6572 7369 6E67 2061 2063 6C69  [ansversing a cli]
70152675    6666 0000 0000 0000 0000 0000 0000 0009  [ff              ]
7015267D    696E 2061 2063 6176 6500 0000 0000 0000  [in a cave       ]
70152685    0000 0000 0000 0000 0000 0000 0000 0000  [                ]
7015268D    000B 696E 2061 2066 6F72 6573 7400 0000  [  in a forest   ]
70152695    0000 0000 0000 0000 0000 0000 0000 0000  [                ]
7015269D    0000 0015 6F6E 2074 6F70 206F 6620 6120  [    on top of a ]
701526A5    666F 6F74 2068 696C 6C00 0000 0000 0000  [foot hill       ]
701526AD    0000 0000 0014 6F6E 2074 6F70 206F 6620  [      on top of ]
701526B5    6120 6D6F 756E 7461 696E 0000 0000 0000  [a mountain      ]
701526BD    0000 0000 0000 0009 6F6E 2061 2066 6F72  [        on a for]
701526C5    6400 0000 0000 0000 0000 0000 0000 0000  [d               ]
701526CD    0000 0000 0000 0000 0009 6F6E 2061 2072  [          on a r]
701526D5    6F61 6400 0000 0000 0000 0000 0000 0000  [oad             ]
701526DD    0000 0000 0000 0000 0000 000B 696E 2061  [            in a]
701526E5    2063 6173 746C 6500 0000 0000 0000 0000  [ castle         ]
701526ED    0000 0000 0000 0000 0000 0000 000D 696E  [              in]
701526F5    2061 2062 7569 6C64 696E 6700 0000 0000  [ a building     ]
701526FD    0000 0000 0000 0000 0000 0000 0000 000A  [                ]
70152705    696E 2061 2073 746F 7265 0000 0000 0000  [in a store      ]
7015270D    0000 0000 0000 0000 0000 0000 0000 0000  [                ]
70152715    0012 6E65 7874 2074 6F20 6120 6361 7461  [  next to a cata]
7015271D    7075 6C74 0000 0000 0000 0000 0000 0000  [pult            ]
70152725    0000 0015 6E65 7874 2074 6F20 6120 7472  [    next to a tr]
7015272D    616E 7370 6F72 7465 7200 0000 0000 0000  [ansporter       ]
70152735    0000 0000 0009 6F6E 2061 2062 6F61 7400  [      on a boat ]
7015273D    0000 0000 0000 0000 0000 0000 0000 0000  [                ]
70152745    0000 0000 0000 000C 6E65 6172 2061 2074  [        near a t]
7015274D    6F77 6572 0000 0000 0000 0000 0000 0000  [ower            ]
70152755    0000 0000 0000 0000 001A 6E65 6172 2074  [          near t]
7015275D    6865 2044 6172 6B20 4C6F 7264 2773 2053  [he Dark Lord's S]
70152765    7461 6666 0000 0000 0000 0009 696E 2061  [taff        in a]
7015276D    2068 6F6C 6400 0000 0000 0000 0000 0000  [ hold           ]
70152775    0000 0000 0000 0000 0000 0000 001A 6E65  [              ne]
7015277D    6172 2073 6F6D 6520 7368 6172 6473 206F  [ar some shards o]
70152785    6620 416C 6269 6F6E 0000 0000 0000 0019  [f Albion        ]
7015278D    696E 2074 6865 2066 6F72 7472 6573 7320  [in the fortress ]
70152795    6F66 2041 6C62 696F 6E00 0000 0000 0000  [of Albion       ]
7015279D    001E 6F6E 2074 6865 206F 7574 6572 2077  [  on the outer w]
701527A5    616C 6C20 6F66 2061 2063 6974 6164 656C  [all of a citadel]
701527AD    0000 001E 6F6E 2074 6865 2069 6E6E 6572  [    on the inner]
701527B5    2077 616C 6C20 6F66 2061 2063 6974 6164  [ wall of a citad]
701527BD    656C 0000 001B 696E 2074 6865 2068 6F6D  [el    in the hom]
701527C5    6520 6F66 2061 6E20 616C 6368 656D 6973  [e of an alchemis]
701527CD    7400 0000 0000 001F 696E 2074 6865 2063  [t       in the c]
701527D5    6176 6520 6F66 2074 6865 2057 6869 7465  [ave of the White]
701527DD    2044 7261 676F 6E00 000B 696E 2061 2074  [ Dragon   in a t]
701527E5    656D 706C 6500 0000 0000 0000 0000 0000  [emple           ]
701527ED    0000 0000 0000 0000 0000 000B 696E 2061  [            in a]
701527F5    2064 6573 6572 7400 0000 0000 0000 0000  [ desert         ]
701527FD    0000 0000 0000 0000 0000 0000 000C 6F6E  [              on]
70152805    2061 2062 6172 7269 6572 0000 0000 0000  [ a barrier      ]
7015280D    0000 0000 0000 0000 0000 0000 0000 0028  [               (]
70152815    0006 7769 7A61 7264 0000 0000 0000 0000  [  wizard        ]
7015281D    0000 0000 0000 0006 636C 6572 6963 0000  [        cleric  ]
70152825    0000 0000 0000 0000 0000 0000 0005 6472  [              dr]
7015282D    7569 6400 0000 0000 0000 0000 0000 0000  [uid             ]
70152835    0000 0007 6669 6768 7465 7200 0000 0000  [    fighter     ]
7015283D    0000 0000 0000 0000 0009 6261 7262 6172  [          barbar]
70152845    6961 6E00 0000 0000 0000 0000 0000 0000  [ian             ]
7015284D    000F 6F6E 206C 6576 656C 2067 726F 756E  [  on level groun]
70152855    6400 0000 0000 0000 0000 0000 0000 0000  [d               ]
7015285D    0000 000A 696E 2061 2073 7761 6D70 0000  [    in a swamp  ]
70152865    0000 0000 0000 0000 0000 0000 0000 0000  [                ]
7015286D    0000 0000 0010 696E 2073 6861 6C6C 6F77  [      in shallow]
70152875    2077 6174 6572 0000 0000 0000 0000 0000  [ water          ]
7015287D    0000 0000 0000 000F 6F76 6572 2064 6565  [        over dee]
70152885    7020 7761 7465 7200 0000 0000 0000 0000  [p water         ]
7015288D    0000 0000 0000 0000 0014 7472 616E 7376  [          transv]
70152895    6572 7369 6E67 2061 2063 6C69 6666 0000  [ersing a cliff  ]
7015289D    0000 0000 0000 0000 0000 0009 696E 2061  [            in a]
701528A5    2063 6176 6500 0000 0000 0000 0000 0000  [ cave           ]
701528AD    0000 0000 0000 0000 0000 0000 000B 696E  [              in]
701528B5    2061 2066 6F72 6573 7400 0000 0000 0000  [ a forest       ]
701528BD    0000 0000 0000 0000 0000 0000 0000 0015  [                ]
701528C5    6F6E 2074 6F70 206F 6620 6120 666F 6F74  [on top of a foot]
701528CD    2068 696C 6C00 0000 0000 0000 0000 0000  [ hill           ]
701528D5    0014 6F6E 2074 6F70 206F 6620 6120 6D6F  [  on top of a mo]
701528DD    756E 7461 696E 0000 0000 0000 0000 0000  [untain          ]
701528E5    0000 0009 6F6E 2061 2066 6F72 6400 0000  [    on a ford   ]
701528ED    0000 0000 0000 0000 0000 0000 0000 0000  [                ]
701528F5    0000 0000 0009 6F6E 2061 2072 6F61 6400  [      on a road ]
701528FD    0000 0000 0000 0000 0000 0000 0000 0000  [                ]
70152905    0000 0000 0000 000B 696E 2061 2063 6173  [        in a cas]
7015290D    746C 6500 0000 0000 0000 0000 0000 0000  [tle             ]
70152915    0000 0000 0000 0000 000D 696E 2061 2062  [          in a b]
7015291D    7569 6C64 696E 6700 0000 0000 0000 0000  [uilding         ]
70152925    0000 0000 0000 0000 0000 000A 696E 2061  [            in a]
7015292D    2073 746F 7265 0000 0000 0000 0000 0000  [ store          ]
70152935    0000 0000 0000 0000 0000 0000 0012 6E65  [              ne]
7015293D    7874 2074 6F20 6120 6361 7461 7075 6C74  [xt to a catapult]
70152945    0000 0000 0000 0000 0000 0000 0000 0015  [                ]
7015294D    6E65 7874 2074 6F20 6120 7472 616E 7370  [next to a transp]
70152955    6F72 7465 7200 0000 0000 0000 0000 0000  [orter           ]
7015295D    0009 6F6E 2061 2062 6F61 7400 0000 0000  [  on a boat     ]
70152965    0000 0000 0000 0000 0000 0000 0000 0000  [                ]
7015296D    0000 000C 6E65 6172 2061 2074 6F77 6572  [    near a tower]
70152975    0000 0000 0000 0000 0000 0000 0000 0000  [                ]
7015297D    0000 0000 001A 6E65 6172 2074 6865 2044  [      near the D]
70152985    6172 6B20 4C6F 7264 2773 2053 7461 6666  [ark Lord's Staff]
7015298D    0000 0000 0000 0009 696E 2061 2068 6F6C  [        in a hol]
70152995    6400 0000 0000 0000 0000 0000 0000 0000  [d               ]
7015299D    0000 0000 0000 0000 001A 6E65 6172 2073  [          near s]
701529A5    6F6D 6520 7368 6172 6473 206F 6620 416C  [ome shards of Al]
701529AD    6269 6F6E 0000 0000 0000 0019 696E 2074  [bion        in t]
701529B5    6865 2066 6F72 7472 6573 7320 6F66 2041  [he fortress of A]
701529BD    6C62 696F 6E00 0000 0000 0000 001E 6F6E  [lbion         on]
701529C5    2074 6865 206F 7574 6572 2077 616C 6C20  [ the outer wall ]
701529CD    6F66 2061 2063 6974 6164 656C 0000 001E  [of a citadel    ]
701529D5    6F6E 2074 6865 2069 6E6E 6572 2077 616C  [on the inner wal]
701529DD    6C20 6F66 2061 2063 6974 6164 656C 0000  [l of a citadel  ]
701529E5    001B 696E 2074 6865 2068 6F6D 6520 6F66  [  in the home of]
701529ED    2061 6E20 616C 6368 656D 6973 7400 0000  [ an alchemist   ]
701529F5    0000 001F 696E 2074 6865 2063 6176 6520  [    in the cave ]
701529FD    6F66 2074 6865 2057 6869 7465 2044 7261  [of the White Dra]
70152A05    676F 6E00 000B 696E 2061 2074 656D 706C  [gon   in a templ]
70152A0D    6500 0000 0000 0000 0000 0000 0000 0000  [e               ]
70152A15    0000 0000 0000 000B 696E 2061 2064 6573  [        in a des]
70152A1D    6572 7400 0000 0000 0000 0000 0000 0000  [ert             ]
70152A25    0000 0000 0000 0000 000C 6F6E 2061 2062  [          on a b]
70152A2D    6172 7269 6572 0000 0000 0000 0000 0000  [arrier          ]
70152A35    0000 0000 0000 0000 0000 000A 0003 000F  [                ]
70152A3D    0006 7769 7A61 7264 0000 0000 0000 0000  [  wizard        ]
70152A45    0000 0000 0000 0006 636C 6572 6963 0000  [        cleric  ]
70152A4D    0000 0000 0000 0000 0000 0000 0005 6472  [              dr]
70152A55    7569 6400 0000 0000 0000 0000 0000 0000  [uid             ]
70152A5D    0000 0007 6669 6768 7465 7200 0000 0000  [    fighter     ]
70152A65    0000 0000 0000 0000 0009 6261 7262 6172  [          barbar]
70152A6D    6961 6E00 0000 0000 0000 0000 0000 0000  [ian             ]
70152A75    000F 6F6E 206C 6576 656C 2067 726F 756E  [  on level groun]
70152A7D    6400 0000 0000 0000 0000 0000 0000 0000  [d               ]
70152A85    0000 000A 696E 2061 2073 7761 6D70 0000  [    in a swamp  ]
70152A8D    0000 0000 0000 0000 0000 0000 0000 0000  [                ]
70152A95    0000 0000 0010 696E 2073 6861 6C6C 6F77  [      in shallow]
70152A9D    2077 6174 6572 0000 0000 0000 0000 0000  [ water          ]
70152AA5    0000 0000 0000 000F 6F76 6572 2064 6565  [        over dee]
70152AAD    7020 7761 7465 7200 0000 0000 0000 0000  [p water         ]
70152AB5    0000 0000 0000 0000 0014 7472 616E 7376  [          transv]
70152ABD    6572 7369 6E67 2061 2063 6C69 6666 0000  [ersing a cliff  ]
70152AC5    0000 0000 0000 0000 0000 0009 696E 2061  [            in a]
70152ACD    2063 6176 6500 0000 0000 0000 0000 0000  [ cave           ]
70152AD5    0000 0000 0000 0000 0000 0000 000B 696E  [              in]
70152ADD    2061 2066 6F72 6573 7400 0000 0000 0000  [ a forest       ]
70152AE5    0000 0000 0000 0000 0000 0000 0000 0015  [                ]
70152AED    6F6E 2074 6F70 206F 6620 6120 666F 6F74  [on top of a foot]
70152AF5    2068 696C 6C00 0000 0000 0000 0000 0000  [ hill           ]
70152AFD    0014 6F6E 2074 6F70 206F 6620 6120 6D6F  [  on top of a mo]
70152B05    756E 7461 696E 0000 0000 0000 0000 0000  [untain          ]
70152B0D    0000 0009 6F6E 2061 2066 6F72 6400 0000  [    on a ford   ]
70152B15    0000 0000 0000 0000 0000 0000 0000 0000  [                ]
70152B1D    0000 0000 0009 6F6E 2061 2072 6F61 6400  [      on a road ]
70152B25    0000 0000 0000 0000 0000 0000 0000 0000  [                ]
70152B2D    0000 0000 0000 000B 696E 2061 2063 6173  [        in a cas]
70152B35    746C 6500 0000 0000 0000 0000 0000 0000  [tle             ]
70152B3D    0000 0000 0000 0000 000D 696E 2061 2062  [          in a b]
70152B45    7569 6C64 696E 6700 0000 0000 0000 0000  [uilding         ]
70152B4D    0000 0000 0000 0000 0000 000A 696E 2061  [            in a]
70152B55    2073 746F 7265 0000 0000 0000 0000 0000  [ store          ]
70152B5D    0000 0000 0000 0000 0000 0000 0012 6E65  [              ne]
70152B65    7874 2074 6F20 6120 6361 7461 7075 6C74  [xt to a catapult]
70152B6D    0000 0000 0000 0000 0000 0000 0000 0015  [                ]
70152B75    6E65 7874 2074 6F20 6120 7472 616E 7370  [next to a transp]
70152B7D    6F72 7465 7200 0000 0000 0000 0000 0000  [orter           ]
70152B85    0009 6F6E 2061 2062 6F61 7400 0000 0000  [  on a boat     ]
70152B8D    0000 0000 0000 0000 0000 0000 0000 0000  [                ]
70152B95    0000 000C 6E65 6172 2061 2074 6F77 6572  [    near a tower]
70152B9D    0000 0000 0000 0000 0000 0000 0000 0000  [                ]
70152BA5    0000 0000 001A 6E65 6172 2074 6865 2044  [      near the D]
70152BAD    6172 6B20 4C6F 7264 2773 2053 7461 6666  [ark Lord's Staff]
70152BB5    0000 0000 0000 0009 696E 2061 2068 6F6C  [        in a hol]
70152BBD    6400 0000 0000 0000 0000 0000 0000 0000  [d               ]
70152BC5    0000 0000 0000 0000 001A 6E65 6172 2073  [          near s]
70152BCD    6F6D 6520 7368 6172 6473 206F 6620 416C  [ome shards of Al]
70152BD5    6269 6F6E 0000 0000 0000 0019 696E 2074  [bion        in t]
70152BDD    6865 2066 6F72 7472 6573 7320 6F66 2041  [he fortress of A]
70152BE5    6C62 696F 6E00 0000 0000 0000 001E 6F6E  [lbion         on]
70152BED    2074 6865 206F 7574 6572 2077 616C 6C20  [ the outer wall ]
70152BF5    6F66 2061 2063 6974 6164 656C 0000 001E  [of a citadel    ]
70152BFD    6F6E 2074 6865 2069 6E6E 6572 2077 616C  [on the inner wal]
70152C05    6C20 6F66 2061 2063 6974 6164 656C 0000  [l of a citadel  ]
70152C0D    001B 696E 2074 6865 2068 6F6D 6520 6F66  [  in the home of]
70152C15    2061 6E20 616C 6368 656D 6973 7400 0000  [ an alchemist   ]
70152C1D    0000 001F 696E 2074 6865 2063 6176 6520  [    in the cave ]
70152C25    6F66 2074 6865 2057 6869 7465 2044 7261  [of the White Dra]
70152C2D    676F 6E00 000B 696E 2061 2074 656D 706C  [gon   in a templ]
70152C35    6500 0000 0000 0000 0000 0000 0000 0000  [e               ]
70152C3D    0000 0000 0000 000B 696E 2061 2064 6573  [        in a des]
70152C45    6572 7400 0000 0000 0000 0000 0000 0000  [ert             ]
70152C4D    0000 0000 0000 0000 000C 6F6E 2061 2062  [          on a b]
70152C55    6172 7269 6572 0000 0000 0000 0000 0000  [arrier          ]
70152C5D    0000 0000 0000 0000 0000 0000 0006 7769  [              wi]
70152C65    7A61 7264 0000 0000 0000 0000 0000 0000  [zard            ]
70152C6D    0000 0006 636C 6572 6963 0000 0000 0000  [    cleric      ]
70152C75    0000 0000 0000 0000 0005 6472 7569 6400  [          druid ]
70152C7D    0000 0000 0000 0000 0000 0000 0000 0007  [                ]
70152C85    6669 6768 7465 7200 0000 0000 0000 0000  [fighter         ]
70152C8D    0000 0000 0009 6261 7262 6172 6961 6E00  [      barbarian ]
70152C95    0000 0000 0000 0000 0000 0000 000F 6F6E  [              on]
70152C9D    206C 6576 656C 2067 726F 756E 6400 0000  [ level ground   ]
70152CA5    0000 0000 0000 0000 0000 0000 0000 000A  [                ]
70152CAD    696E 2061 2073 7761 6D70 0000 0000 0000  [in a swamp      ]
70152CB5    0000 0000 0000 0000 0000 0000 0000 0000  [                ]
70152CBD    0010 696E 2073 6861 6C6C 6F77 2077 6174  [  in shallow wat]
70152CC5    6572 0000 0000 0000 0000 0000 0000 0000  [er              ]
70152CCD    0000 000F 6F76 6572 2064 6565 7020 7761  [    over deep wa]
70152CD5    7465 7200 0000 0000 0000 0000 0000 0000  [ter             ]
70152CDD    0000 0000 0014 7472 616E 7376 6572 7369  [      transversi]
70152CE5    6E67 2061 2063 6C69 6666 0000 0000 0000  [ng a cliff      ]
70152CED    0000 0000 0000 0009 696E 2061 2063 6176  [        in a cav]
70152CF5    6500 0000 0000 0000 0000 0000 0000 0000  [e               ]
70152CFD    0000 0000 0000 0000 000B 696E 2061 2066  [          in a f]
70152D05    6F72 6573 7400 0000 0000 0000 0000 0000  [orest           ]
70152D0D    0000 0000 0000 0000 0000 0015 6F6E 2074  [            on t]
70152D15    6F70 206F 6620 6120 666F 6F74 2068 696C  [op of a foot hil]
70152D1D    6C00 0000 0000 0000 0000 0000 0014 6F6E  [l             on]
70152D25    2074 6F70 206F 6620 6120 6D6F 756E 7461  [ top of a mounta]
70152D2D    696E 0000 0000 0000 0000 0000 0000 0009  [in              ]
70152D35    6F6E 2061 2066 6F72 6400 0000 0000 0000  [on a ford       ]
70152D3D    0000 0000 0000 0000 0000 0000 0000 0000  [                ]
70152D45    0009 6F6E 2061 2072 6F61 6400 0000 0000  [  on a road     ]
70152D4D    0000 0000 0000 0000 0000 0000 0000 0000  [                ]
70152D55    0000 000B 696E 2061 2063 6173 746C 6500  [    in a castle ]
70152D5D    0000 0000 0000 0000 0000 0000 0000 0000  [                ]
70152D65    0000 0000 000D 696E 2061 2062 7569 6C64  [      in a build]
70152D6D    696E 6700 0000 0000 0000 0000 0000 0000  [ing             ]
70152D75    0000 0000 0000 000A 696E 2061 2073 746F  [        in a sto]
70152D7D    7265 0000 0000 0000 0000 0000 0000 0000  [re              ]
70152D85    0000 0000 0000 0000 0012 6E65 7874 2074  [          next t]
70152D8D    6F20 6120 6361 7461 7075 6C74 0000 0000  [o a catapult    ]
70152D95    0000 0000 0000 0000 0000 0015 6E65 7874  [            next]
70152D9D    2074 6F20 6120 7472 616E 7370 6F72 7465  [ to a transporte]
70152DA5    7200 0000 0000 0000 0000 0000 0009 6F6E  [r             on]
70152DAD    2061 2062 6F61 7400 0000 0000 0000 0000  [ a boat         ]
70152DB5    0000 0000 0000 0000 0000 0000 0000 000C  [                ]
70152DBD    6E65 6172 2061 2074 6F77 6572 0000 0000  [near a tower    ]
70152DC5    0000 0000 0000 0000 0000 0000 0000 0000  [                ]
70152DCD    001A 6E65 6172 2074 6865 2044 6172 6B20  [  near the Dark ]
70152DD5    4C6F 7264 2773 2053 7461 6666 0000 0000  [Lord's Staff    ]
70152DDD    0000 0009 696E 2061 2068 6F6C 6400 0000  [    in a hold   ]
70152DE5    0000 0000 0000 0000 0000 0000 0000 0000  [                ]
70152DED    0000 0000 001A 6E65 6172 2073 6F6D 6520  [      near some ]
70152DF5    7368 6172 6473 206F 6620 416C 6269 6F6E  [shards of Albion]
70152DFD    0000 0000 0000 0019 696E 2074 6865 2066  [        in the f]
70152E05    6F72 7472 6573 7320 6F66 2041 6C62 696F  [ortress of Albio]
70152E0D    6E00 0000 0000 0000 001E 6F6E 2074 6865  [n         on the]
70152E15    206F 7574 6572 2077 616C 6C20 6F66 2061  [ outer wall of a]
70152E1D    2063 6974 6164 656C 0000 001E 6F6E 2074  [ citadel    on t]
70152E25    6865 2069 6E6E 6572 2077 616C 6C20 6F66  [he inner wall of]
70152E2D    2061 2063 6974 6164 656C 0000 001B 696E  [ a citadel    in]
70152E35    2074 6865 2068 6F6D 6520 6F66 2061 6E20  [ the home of an ]
70152E3D    616C 6368 656D 6973 7400 0000 0000 001F  [alchemist       ]
70152E45    696E 2074 6865 2063 6176 6520 6F66 2074  [in the cave of t]
70152E4D    6865 2057 6869 7465 2044 7261 676F 6E00  [he White Dragon ]
70152E55    000B 696E 2061 2074 656D 706C 6500 0000  [  in a temple   ]
70152E5D    0000 0000 0000 0000 0000 0000 0000 0000  [                ]
70152E65    0000 000B 696E 2061 2064 6573 6572 7400  [    in a desert ]
70152E6D    0000 0000 0000 0000 0000 0000 0000 0000  [                ]
70152E75    0000 0000 000C 6F6E 2061 2062 6172 7269  [      on a barri]
70152E7D    6572 0000 0000 0000 0000 0000 0000 0000  [er              ]
70152E85    0000 0000 0000 0014 0006 7769 7A61 7264  [          wizard]
70152E8D    0000 0000 0000 0000 0000 0000 0000 0006  [                ]
70152E95    636C 6572 6963 0000 0000 0000 0000 0000  [cleric          ]
70152E9D    0000 0000 0005 6472 7569 6400 0000 0000  [      druid     ]
70152EA5    0000 0000 0000 0000 0000 0007 6669 6768  [            figh]
70152EAD    7465 7200 0000 0000 0000 0000 0000 0000  [ter             ]
70152EB5    0009 6261 7262 6172 6961 6E00 0000 0000  [  barbarian     ]
70152EBD    0000 0000 0000 0000 000F 6F6E 206C 6576  [          on lev]
70152EC5    656C 2067 726F 756E 6400 0000 0000 0000  [el ground       ]
70152ECD    0000 0000 0000 0000 0000 000A 696E 2061  [            in a]
70152ED5    2073 7761 6D70 0000 0000 0000 0000 0000  [ swamp          ]
70152EDD    0000 0000 0000 0000 0000 0000 0010 696E  [              in]
70152EE5    2073 6861 6C6C 6F77 2077 6174 6572 0000  [ shallow water  ]
70152EED    0000 0000 0000 0000 0000 0000 0000 000F  [                ]
70152EF5    6F76 6572 2064 6565 7020 7761 7465 7200  [over deep water ]
70152EFD    0000 0000 0000 0000 0000 0000 0000 0000  [                ]
70152F05    0014 7472 616E 7376 6572 7369 6E67 2061  [  transversing a]
70152F0D    2063 6C69 6666 0000 0000 0000 0000 0000  [ cliff          ]
70152F15    0000 0009 696E 2061 2063 6176 6500 0000  [    in a cave   ]
70152F1D    0000 0000 0000 0000 0000 0000 0000 0000  [                ]
70152F25    0000 0000 000B 696E 2061 2066 6F72 6573  [      in a fores]
70152F2D    7400 0000 0000 0000 0000 0000 0000 0000  [t               ]
70152F35    0000 0000 0000 0015 6F6E 2074 6F70 206F  [        on top o]
70152F3D    6620 6120 666F 6F74 2068 696C 6C00 0000  [f a foot hill   ]
70152F45    0000 0000 0000 0000 0014 6F6E 2074 6F70  [          on top]
70152F4D    206F 6620 6120 6D6F 756E 7461 696E 0000  [ of a mountain  ]
70152F55    0000 0000 0000 0000 0000 0009 6F6E 2061  [            on a]
70152F5D    2066 6F72 6400 0000 0000 0000 0000 0000  [ ford           ]
70152F65    0000 0000 0000 0000 0000 0000 0009 6F6E  [              on]
70152F6D    2061 2072 6F61 6400 0000 0000 0000 0000  [ a road         ]
70152F75    0000 0000 0000 0000 0000 0000 0000 000B  [                ]
70152F7D    696E 2061 2063 6173 746C 6500 0000 0000  [in a castle     ]
70152F85    0000 0000 0000 0000 0000 0000 0000 0000  [                ]
70152F8D    000D 696E 2061 2062 7569 6C64 696E 6700  [  in a building ]
70152F95    0000 0000 0000 0000 0000 0000 0000 0000  [                ]
70152F9D    0000 000A 696E 2061 2073 746F 7265 0000  [    in a store  ]
70152FA5    0000 0000 0000 0000 0000 0000 0000 0000  [                ]
70152FAD    0000 0000 0012 6E65 7874 2074 6F20 6120  [      next to a ]
70152FB5    6361 7461 7075 6C74 0000 0000 0000 0000  [catapult        ]
70152FBD    0000 0000 0000 0015 6E65 7874 2074 6F20  [        next to ]
70152FC5    6120 7472 616E 7370 6F72 7465 7200 0000  [a transporter   ]
70152FCD    0000 0000 0000 0000 0009 6F6E 2061 2062  [          on a b]
70152FD5    6F61 7400 0000 0000 0000 0000 0000 0000  [oat             ]
70152FDD    0000 0000 0000 0000 0000 000C 6E65 6172  [            near]
70152FE5    2061 2074 6F77 6572 0000 0000 0000 0000  [ a tower        ]
70152FED    0000 0000 0000 0000 0000 0000 001A 6E65  [              ne]
70152FF5    6172 2074 6865 2044 6172 6B20 4C6F 7264  [ar the Dark Lord]
70152FFD    2773 2053 7461 6666 0000 0000 0000 0009  ['s Staff        ]
70153005    696E 2061 2068 6F6C 6400 0000 0000 0000  [in a hold       ]
7015300D    0000 0000 0000 0000 0000 0000 0000 0000  [                ]
70153015    001A 6E65 6172 2073 6F6D 6520 7368 6172  [  near some shar]
7015301D    6473 206F 6620 416C 6269 6F6E 0000 0000  [ds of Albion    ]
70153025    0000 0019 696E 2074 6865 2066 6F72 7472  [    in the fortr]
7015302D    6573 7320 6F66 2041 6C62 696F 6E00 0000  [ess of Albion   ]
70153035    0000 0000 001E 6F6E 2074 6865 206F 7574  [      on the out]
7015303D    6572 2077 616C 6C20 6F66 2061 2063 6974  [er wall of a cit]
70153045    6164 656C 0000 001E 6F6E 2074 6865 2069  [adel    on the i]
7015304D    6E6E 6572 2077 616C 6C20 6F66 2061 2063  [nner wall of a c]
70153055    6974 6164 656C 0000 001B 696E 2074 6865  [itadel    in the]
7015305D    2068 6F6D 6520 6F66 2061 6E20 616C 6368  [ home of an alch]
70153065    656D 6973 7400 0000 0000 001F 696E 2074  [emist       in t]
7015306D    6865 2063 6176 6520 6F66 2074 6865 2057  [he cave of the W]
70153075    6869 7465 2044 7261 676F 6E00 000B 696E  [hite Dragon   in]
7015307D    2061 2074 656D 706C 6500 0000 0000 0000  [ a temple       ]
70153085    0000 0000 0000 0000 0000 0000 0000 000B  [                ]
7015308D    696E 2061 2064 6573 6572 7400 0000 0000  [in a desert     ]
70153095    0000 0000 0000 0000 0000 0000 0000 0000  [                ]
7015309D    000C 6F6E 2061 2062 6172 7269 6572 0000  [  on a barrier  ]
701530A5    0000 0000 0000 0000 0000 0000 0000 0000  [                ]
701530AD    0000 0075 0072 0071 0070 0077 0078 0079  [   u r q p w x y]
701530B5    007A 007B 007C 007D 007E 007F 0080 006C  [ z { | } ~     l]
701530BD    0073 0000 0006 7769 7A61 7264 0000 0000  [ s    wizard    ]
701530C5    0000 0000 0000 0000 0000 0006 636C 6572  [            cler]
701530CD    6963 0000 0000 0000 0000 0000 0000 0000  [ic              ]
701530D5    0005 6472 7569 6400 0000 0000 0000 0000  [  druid         ]
701530DD    0000 0000 0000 0007 6669 6768 7465 7200  [        fighter ]
701530E5    0000 0000 0000 0000 0000 0000 0009 6261  [              ba]
701530ED    7262 6172 6961 6E00 0000 0000 0000 0000  [rbarian         ]
701530F5    0000 0000 000F 6F6E 206C 6576 656C 2067  [      on level g]
701530FD    726F 756E 6400 0000 0000 0000 0000 0000  [round           ]
70153105    0000 0000 0000 000A 696E 2061 2073 7761  [        in a swa]
7015310D    6D70 0000 0000 0000 0000 0000 0000 0000  [mp              ]
70153115    0000 0000 0000 0000 0010 696E 2073 6861  [          in sha]
7015311D    6C6C 6F77 2077 6174 6572 0000 0000 0000  [llow water      ]
70153125    0000 0000 0000 0000 0000 000F 6F76 6572  [            over]
7015312D    2064 6565 7020 7761 7465 7200 0000 0000  [ deep water     ]
70153135    0000 0000 0000 0000 0000 0000 0014 7472  [              tr]
7015313D    616E 7376 6572 7369 6E67 2061 2063 6C69  [ansversing a cli]
70153145    6666 0000 0000 0000 0000 0000 0000 0009  [ff              ]
7015314D    696E 2061 2063 6176 6500 0000 0000 0000  [in a cave       ]
70153155    0000 0000 0000 0000 0000 0000 0000 0000  [                ]
7015315D    000B 696E 2061 2066 6F72 6573 7400 0000  [  in a forest   ]
70153165    0000 0000 0000 0000 0000 0000 0000 0000  [                ]
7015316D    0000 0015 6F6E 2074 6F70 206F 6620 6120  [    on top of a ]
70153175    666F 6F74 2068 696C 6C00 0000 0000 0000  [foot hill       ]
7015317D    0000 0000 0014 6F6E 2074 6F70 206F 6620  [      on top of ]
70153185    6120 6D6F 756E 7461 696E 0000 0000 0000  [a mountain      ]
7015318D    0000 0000 0000 0009 6F6E 2061 2066 6F72  [        on a for]
70153195    6400 0000 0000 0000 0000 0000 0000 0000  [d               ]
7015319D    0000 0000 0000 0000 0009 6F6E 2061 2072  [          on a r]
701531A5    6F61 6400 0000 0000 0000 0000 0000 0000  [oad             ]
701531AD    0000 0000 0000 0000 0000 000B 696E 2061  [            in a]
701531B5    2063 6173 746C 6500 0000 0000 0000 0000  [ castle         ]
701531BD    0000 0000 0000 0000 0000 0000 000D 696E  [              in]
701531C5    2061 2062 7569 6C64 696E 6700 0000 0000  [ a building     ]
701531CD    0000 0000 0000 0000 0000 0000 0000 000A  [                ]
701531D5    696E 2061 2073 746F 7265 0000 0000 0000  [in a store      ]
701531DD    0000 0000 0000 0000 0000 0000 0000 0000  [                ]
701531E5    0012 6E65 7874 2074 6F20 6120 6361 7461  [  next to a cata]
701531ED    7075 6C74 0000 0000 0000 0000 0000 0000  [pult            ]
701531F5    0000 0015 6E65 7874 2074 6F20 6120 7472  [    next to a tr]
701531FD    616E 7370 6F72 7465 7200 0000 0000 0000  [ansporter       ]
70153205    0000 0000 0009 6F6E 2061 2062 6F61 7400  [      on a boat ]
7015320D    0000 0000 0000 0000 0000 0000 0000 0000  [                ]
70153215    0000 0000 0000 000C 6E65 6172 2061 2074  [        near a t]
7015321D    6F77 6572 0000 0000 0000 0000 0000 0000  [ower            ]
70153225    0000 0000 0000 0000 001A 6E65 6172 2074  [          near t]
7015322D    6865 2044 6172 6B20 4C6F 7264 2773 2053  [he Dark Lord's S]
70153235    7461 6666 0000 0000 0000 0009 696E 2061  [taff        in a]
7015323D    2068 6F6C 6400 0000 0000 0000 0000 0000  [ hold           ]
70153245    0000 0000 0000 0000 0000 0000 001A 6E65  [              ne]
7015324D    6172 2073 6F6D 6520 7368 6172 6473 206F  [ar some shards o]
70153255    6620 416C 6269 6F6E 0000 0000 0000 0019  [f Albion        ]
7015325D    696E 2074 6865 2066 6F72 7472 6573 7320  [in the fortress ]
70153265    6F66 2041 6C62 696F 6E00 0000 0000 0000  [of Albion       ]
7015326D    001E 6F6E 2074 6865 206F 7574 6572 2077  [  on the outer w]
70153275    616C 6C20 6F66 2061 2063 6974 6164 656C  [all of a citadel]
7015327D    0000 001E 6F6E 2074 6865 2069 6E6E 6572  [    on the inner]
70153285    2077 616C 6C20 6F66 2061 2063 6974 6164  [ wall of a citad]
7015328D    656C 0000 001B 696E 2074 6865 2068 6F6D  [el    in the hom]
70153295    6520 6F66 2061 6E20 616C 6368 656D 6973  [e of an alchemis]
7015329D    7400 0000 0000 001F 696E 2074 6865 2063  [t       in the c]
701532A5    6176 6520 6F66 2074 6865 2057 6869 7465  [ave of the White]
701532AD    2044 7261 676F 6E00 000B 696E 2061 2074  [ Dragon   in a t]
701532B5    656D 706C 6500 0000 0000 0000 0000 0000  [emple           ]
701532BD    0000 0000 0000 0000 0000 000B 696E 2061  [            in a]
701532C5    2064 6573 6572 7400 0000 0000 0000 0000  [ desert         ]
701532CD    0000 0000 0000 0000 0000 0000 000C 6F6E  [              on]
701532D5    2061 2062 6172 7269 6572 0000 0000 0000  [ a barrier      ]
701532DD    0000 0000 0000 0000 0000 0000 0000 0000  [                ]
701532E5    0006 7769 7A61 7264 0000 0000 0000 0000  [  wizard        ]
701532ED    0000 0000 0000 0006 636C 6572 6963 0000  [        cleric  ]
701532F5    0000 0000 0000 0000 0000 0000 0005 6472  [              dr]
701532FD    7569 6400 0000 0000 0000 0000 0000 0000  [uid             ]
70153305    0000 0007 6669 6768 7465 7200 0000 0000  [    fighter     ]
7015330D    0000 0000 0000 0000 0009 6261 7262 6172  [          barbar]
70153315    6961 6E00 0000 0000 0000 0000 0000 0000  [ian             ]
7015331D    000F 6F6E 206C 6576 656C 2067 726F 756E  [  on level groun]
70153325    6400 0000 0000 0000 0000 0000 0000 0000  [d               ]
7015332D    0000 000A 696E 2061 2073 7761 6D70 0000  [    in a swamp  ]
70153335    0000 0000 0000 0000 0000 0000 0000 0000  [                ]
7015333D    0000 0000 0010 696E 2073 6861 6C6C 6F77  [      in shallow]
70153345    2077 6174 6572 0000 0000 0000 0000 0000  [ water          ]
7015334D    0000 0000 0000 000F 6F76 6572 2064 6565  [        over dee]
70153355    7020 7761 7465 7200 0000 0000 0000 0000  [p water         ]
7015335D    0000 0000 0000 0000 0014 7472 616E 7376  [          transv]
70153365    6572 7369 6E67 2061 2063 6C69 6666 0000  [ersing a cliff  ]
7015336D    0000 0000 0000 0000 0000 0009 696E 2061  [            in a]
70153375    2063 6176 6500 0000 0000 0000 0000 0000  [ cave           ]
7015337D    0000 0000 0000 0000 0000 0000 000B 696E  [              in]
70153385    2061 2066 6F72 6573 7400 0000 0000 0000  [ a forest       ]
7015338D    0000 0000 0000 0000 0000 0000 0000 0015  [                ]
70153395    6F6E 2074 6F70 206F 6620 6120 666F 6F74  [on top of a foot]
7015339D    2068 696C 6C00 0000 0000 0000 0000 0000  [ hill           ]
701533A5    0014 6F6E 2074 6F70 206F 6620 6120 6D6F  [  on top of a mo]
701533AD    756E 7461 696E 0000 0000 0000 0000 0000  [untain          ]
701533B5    0000 0009 6F6E 2061 2066 6F72 6400 0000  [    on a ford   ]
701533BD    0000 0000 0000 0000 0000 0000 0000 0000  [                ]
701533C5    0000 0000 0009 6F6E 2061 2072 6F61 6400  [      on a road ]
701533CD    0000 0000 0000 0000 0000 0000 0000 0000  [                ]
701533D5    0000 0000 0000 000B 696E 2061 2063 6173  [        in a cas]
701533DD    746C 6500 0000 0000 0000 0000 0000 0000  [tle             ]
701533E5    0000 0000 0000 0000 000D 696E 2061 2062  [          in a b]
701533ED    7569 6C64 696E 6700 0000 0000 0000 0000  [uilding         ]
701533F5    0000 0000 0000 0000 0000 000A 696E 2061  [            in a]
701533FD    2073 746F 7265 0000 0000 0000 0000 0000  [ store          ]
70153405    0000 0000 0000 0000 0000 0000 0012 6E65  [              ne]
7015340D    7874 2074 6F20 6120 6361 7461 7075 6C74  [xt to a catapult]
70153415    0000 0000 0000 0000 0000 0000 0000 0015  [                ]
7015341D    6E65 7874 2074 6F20 6120 7472 616E 7370  [next to a transp]
70153425    6F72 7465 7200 0000 0000 0000 0000 0000  [orter           ]
7015342D    0009 6F6E 2061 2062 6F61 7400 0000 0000  [  on a boat     ]
70153435    0000 0000 0000 0000 0000 0000 0000 0000  [                ]
7015343D    0000 000C 6E65 6172 2061 2074 6F77 6572  [    near a tower]
70153445    0000 0000 0000 0000 0000 0000 0000 0000  [                ]
7015344D    0000 0000 001A 6E65 6172 2074 6865 2044  [      near the D]
70153455    6172 6B20 4C6F 7264 2773 2053 7461 6666  [ark Lord's Staff]
7015345D    0000 0000 0000 0009 696E 2061 2068 6F6C  [        in a hol]
70153465    6400 0000 0000 0000 0000 0000 0000 0000  [d               ]
7015346D    0000 0000 0000 0000 001A 6E65 6172 2073  [          near s]
70153475    6F6D 6520 7368 6172 6473 206F 6620 416C  [ome shards of Al]
7015347D    6269 6F6E 0000 0000 0000 0019 696E 2074  [bion        in t]
70153485    6865 2066 6F72 7472 6573 7320 6F66 2041  [he fortress of A]
7015348D    6C62 696F 6E00 0000 0000 0000 001E 6F6E  [lbion         on]
70153495    2074 6865 206F 7574 6572 2077 616C 6C20  [ the outer wall ]
7015349D    6F66 2061 2063 6974 6164 656C 0000 001E  [of a citadel    ]
701534A5    6F6E 2074 6865 2069 6E6E 6572 2077 616C  [on the inner wal]
701534AD    6C20 6F66 2061 2063 6974 6164 656C 0000  [l of a citadel  ]
701534B5    001B 696E 2074 6865 2068 6F6D 6520 6F66  [  in the home of]
701534BD    2061 6E20 616C 6368 656D 6973 7400 0000  [ an alchemist   ]
701534C5    0000 001F 696E 2074 6865 2063 6176 6520  [    in the cave ]
701534CD    6F66 2074 6865 2057 6869 7465 2044 7261  [of the White Dra]
701534D5    676F 6E00 000B 696E 2061 2074 656D 706C  [gon   in a templ]
701534DD    6500 0000 0000 0000 0000 0000 0000 0000  [e               ]
701534E5    0000 0000 0000 000B 696E 2061 2064 6573  [        in a des]
701534ED    6572 7400 0000 0000 0000 0000 0000 0000  [ert             ]
701534F5    0000 0000 0000 0000 000C 6F6E 2061 2062  [          on a b]
701534FD    6172 7269 6572 0000 0000 0000 0000 0000  [arrier          ]
70153505    0000 0000 0000 0000 0000 0081 0001 0076  [               v]
7015350D    0013 0074 006C 0000 0006 7769 7A61 7264  [   t l    wizard]
70153515    0000 0000 0000 0000 0000 0000 0000 0006  [                ]
7015351D    636C 6572 6963 0000 0000 0000 0000 0000  [cleric          ]
70153525    0000 0000 0005 6472 7569 6400 0000 0000  [      druid     ]
7015352D    0000 0000 0000 0000 0000 0007 6669 6768  [            figh]
70153535    7465 7200 0000 0000 0000 0000 0000 0000  [ter             ]
7015353D    0009 6261 7262 6172 6961 6E00 0000 0000  [  barbarian     ]
70153545    0000 0000 0000 0000 000F 6F6E 206C 6576  [          on lev]
7015354D    656C 2067 726F 756E 6400 0000 0000 0000  [el ground       ]
70153555    0000 0000 0000 0000 0000 000A 696E 2061  [            in a]
7015355D    2073 7761 6D70 0000 0000 0000 0000 0000  [ swamp          ]
70153565    0000 0000 0000 0000 0000 0000 0010 696E  [              in]
7015356D    2073 6861 6C6C 6F77 2077 6174 6572 0000  [ shallow water  ]
70153575    0000 0000 0000 0000 0000 0000 0000 000F  [                ]
7015357D    6F76 6572 2064 6565 7020 7761 7465 7200  [over deep water ]
70153585    0000 0000 0000 0000 0000 0000 0000 0000  [                ]
7015358D    0014 7472 616E 7376 6572 7369 6E67 2061  [  transversing a]
70153595    2063 6C69 6666 0000 0000 0000 0000 0000  [ cliff          ]
7015359D    0000 0009 696E 2061 2063 6176 6500 0000  [    in a cave   ]
701535A5    0000 0000 0000 0000 0000 0000 0000 0000  [                ]
701535AD    0000 0000 000B 696E 2061 2066 6F72 6573  [      in a fores]
701535B5    7400 0000 0000 0000 0000 0000 0000 0000  [t               ]
701535BD    0000 0000 0000 0015 6F6E 2074 6F70 206F  [        on top o]
701535C5    6620 6120 666F 6F74 2068 696C 6C00 0000  [f a foot hill   ]
701535CD    0000 0000 0000 0000 0014 6F6E 2074 6F70  [          on top]
701535D5    206F 6620 6120 6D6F 756E 7461 696E 0000  [ of a mountain  ]
701535DD    0000 0000 0000 0000 0000 0009 6F6E 2061  [            on a]
701535E5    2066 6F72 6400 0000 0000 0000 0000 0000  [ ford           ]
701535ED    0000 0000 0000 0000 0000 0000 0009 6F6E  [              on]
701535F5    2061 2072 6F61 6400 0000 0000 0000 0000  [ a road         ]
701535FD    0000 0000 0000 0000 0000 0000 0000 000B  [                ]
70153605    696E 2061 2063 6173 746C 6500 0000 0000  [in a castle     ]
7015360D    0000 0000 0000 0000 0000 0000 0000 0000  [                ]
70153615    000D 696E 2061 2062 7569 6C64 696E 6700  [  in a building ]
7015361D    0000 0000 0000 0000 0000 0000 0000 0000  [                ]
70153625    0000 000A 696E 2061 2073 746F 7265 0000  [    in a store  ]
7015362D    0000 0000 0000 0000 0000 0000 0000 0000  [                ]
70153635    0000 0000 0012 6E65 7874 2074 6F20 6120  [      next to a ]
7015363D    6361 7461 7075 6C74 0000 0000 0000 0000  [catapult        ]
70153645    0000 0000 0000 0015 6E65 7874 2074 6F20  [        next to ]
7015364D    6120 7472 616E 7370 6F72 7465 7200 0000  [a transporter   ]
70153655    0000 0000 0000 0000 0009 6F6E 2061 2062  [          on a b]
7015365D    6F61 7400 0000 0000 0000 0000 0000 0000  [oat             ]
70153665    0000 0000 0000 0000 0000 000C 6E65 6172  [            near]
7015366D    2061 2074 6F77 6572 0000 0000 0000 0000  [ a tower        ]
70153675    0000 0000 0000 0000 0000 0000 001A 6E65  [              ne]
7015367D    6172 2074 6865 2044 6172 6B20 4C6F 7264  [ar the Dark Lord]
70153685    2773 2053 7461 6666 0000 0000 0000 0009  ['s Staff        ]
7015368D    696E 2061 2068 6F6C 6400 0000 0000 0000  [in a hold       ]
70153695    0000 0000 0000 0000 0000 0000 0000 0000  [                ]
7015369D    001A 6E65 6172 2073 6F6D 6520 7368 6172  [  near some shar]
701536A5    6473 206F 6620 416C 6269 6F6E 0000 0000  [ds of Albion    ]
701536AD    0000 0019 696E 2074 6865 2066 6F72 7472  [    in the fortr]
701536B5    6573 7320 6F66 2041 6C62 696F 6E00 0000  [ess of Albion   ]
701536BD    0000 0000 001E 6F6E 2074 6865 206F 7574  [      on the out]
701536C5    6572 2077 616C 6C20 6F66 2061 2063 6974  [er wall of a cit]
701536CD    6164 656C 0000 001E 6F6E 2074 6865 2069  [adel    on the i]
701536D5    6E6E 6572 2077 616C 6C20 6F66 2061 2063  [nner wall of a c]
701536DD    6974 6164 656C 0000 001B 696E 2074 6865  [itadel    in the]
701536E5    2068 6F6D 6520 6F66 2061 6E20 616C 6368  [ home of an alch]
701536ED    656D 6973 7400 0000 0000 001F 696E 2074  [emist       in t]
701536F5    6865 2063 6176 6520 6F66 2074 6865 2057  [he cave of the W]
701536FD    6869 7465 2044 7261 676F 6E00 000B 696E  [hite Dragon   in]
70153705    2061 2074 656D 706C 6500 0000 0000 0000  [ a temple       ]
7015370D    0000 0000 0000 0000 0000 0000 0000 000B  [                ]
70153715    696E 2061 2064 6573 6572 7400 0000 0000  [in a desert     ]
7015371D    0000 0000 0000 0000 0000 0000 0000 0000  [                ]
70153725    000C 6F6E 2061 2062 6172 7269 6572 0000  [  on a barrier  ]
7015372D    0000 0000 0000 0000 0000 0000 0000 0000  [                ]
70153735    0000 0000 0006 7769 7A61 7264 0000 0000  [      wizard    ]
7015373D    0000 0000 0000 0000 0000 0006 636C 6572  [            cler]
70153745    6963 0000 0000 0000 0000 0000 0000 0000  [ic              ]
7015374D    0005 6472 7569 6400 0000 0000 0000 0000  [  druid         ]
70153755    0000 0000 0000 0007 6669 6768 7465 7200  [        fighter ]
7015375D    0000 0000 0000 0000 0000 0000 0009 6261  [              ba]
70153765    7262 6172 6961 6E00 0000 0000 0000 0000  [rbarian         ]
7015376D    0000 0000 000F 6F6E 206C 6576 656C 2067  [      on level g]
70153775    726F 756E 6400 0000 0000 0000 0000 0000  [round           ]
7015377D    0000 0000 0000 000A 696E 2061 2073 7761  [        in a swa]
70153785    6D70 0000 0000 0000 0000 0000 0000 0000  [mp              ]
7015378D    0000 0000 0000 0000 0010 696E 2073 6861  [          in sha]
70153795    6C6C 6F77 2077 6174 6572 0000 0000 0000  [llow water      ]
7015379D    0000 0000 0000 0000 0000 000F 6F76 6572  [            over]
701537A5    2064 6565 7020 7761 7465 7200 0000 0000  [ deep water     ]
701537AD    0000 0000 0000 0000 0000 0000 0014 7472  [              tr]
701537B5    616E 7376 6572 7369 6E67 2061 2063 6C69  [ansversing a cli]
701537BD    6666 0000 0000 0000 0000 0000 0000 0009  [ff              ]
701537C5    696E 2061 2063 6176 6500 0000 0000 0000  [in a cave       ]
701537CD    0000 0000 0000 0000 0000 0000 0000 0000  [                ]
701537D5    000B 696E 2061 2066 6F72 6573 7400 0000  [  in a forest   ]
701537DD    0000 0000 0000 0000 0000 0000 0000 0000  [                ]
701537E5    0000 0015 6F6E 2074 6F70 206F 6620 6120  [    on top of a ]
701537ED    666F 6F74 2068 696C 6C00 0000 0000 0000  [foot hill       ]
701537F5    0000 0000 0014 6F6E 2074 6F70 206F 6620  [      on top of ]
701537FD    6120 6D6F 756E 7461 696E 0000 0000 0000  [a mountain      ]
70153805    0000 0000 0000 0009 6F6E 2061 2066 6F72  [        on a for]
7015380D    6400 0000 0000 0000 0000 0000 0000 0000  [d               ]
70153815    0000 0000 0000 0000 0009 6F6E 2061 2072  [          on a r]
7015381D    6F61 6400 0000 0000 0000 0000 0000 0000  [oad             ]
70153825    0000 0000 0000 0000 0000 000B 696E 2061  [            in a]
7015382D    2063 6173 746C 6500 0000 0000 0000 0000  [ castle         ]
70153835    0000 0000 0000 0000 0000 0000 000D 696E  [              in]
7015383D    2061 2062 7569 6C64 696E 6700 0000 0000  [ a building     ]
70153845    0000 0000 0000 0000 0000 0000 0000 000A  [                ]
7015384D    696E 2061 2073 746F 7265 0000 0000 0000  [in a store      ]
70153855    0000 0000 0000 0000 0000 0000 0000 0000  [                ]
7015385D    0012 6E65 7874 2074 6F20 6120 6361 7461  [  next to a cata]
70153865    7075 6C74 0000 0000 0000 0000 0000 0000  [pult            ]
7015386D    0000 0015 6E65 7874 2074 6F20 6120 7472  [    next to a tr]
70153875    616E 7370 6F72 7465 7200 0000 0000 0000  [ansporter       ]
7015387D    0000 0000 0009 6F6E 2061 2062 6F61 7400  [      on a boat ]
70153885    0000 0000 0000 0000 0000 0000 0000 0000  [                ]
7015388D    0000 0000 0000 000C 6E65 6172 2061 2074  [        near a t]
70153895    6F77 6572 0000 0000 0000 0000 0000 0000  [ower            ]
7015389D    0000 0000 0000 0000 001A 6E65 6172 2074  [          near t]
701538A5    6865 2044 6172 6B20 4C6F 7264 2773 2053  [he Dark Lord's S]
701538AD    7461 6666 0000 0000 0000 0009 696E 2061  [taff        in a]
701538B5    2068 6F6C 6400 0000 0000 0000 0000 0000  [ hold           ]
701538BD    0000 0000 0000 0000 0000 0000 001A 6E65  [              ne]
701538C5    6172 2073 6F6D 6520 7368 6172 6473 206F  [ar some shards o]
701538CD    6620 416C 6269 6F6E 0000 0000 0000 0019  [f Albion        ]
701538D5    696E 2074 6865 2066 6F72 7472 6573 7320  [in the fortress ]
701538DD    6F66 2041 6C62 696F 6E00 0000 0000 0000  [of Albion       ]
701538E5    001E 6F6E 2074 6865 206F 7574 6572 2077  [  on the outer w]
701538ED    616C 6C20 6F66 2061 2063 6974 6164 656C  [all of a citadel]
701538F5    0000 001E 6F6E 2074 6865 2069 6E6E 6572  [    on the inner]
701538FD    2077 616C 6C20 6F66 2061 2063 6974 6164  [ wall of a citad]
70153905    656C 0000 001B 696E 2074 6865 2068 6F6D  [el    in the hom]
7015390D    6520 6F66 2061 6E20 616C 6368 656D 6973  [e of an alchemis]
70153915    7400 0000 0000 001F 696E 2074 6865 2063  [t       in the c]
7015391D    6176 6520 6F66 2074 6865 2057 6869 7465  [ave of the White]
70153925    2044 7261 676F 6E00 000B 696E 2061 2074  [ Dragon   in a t]
7015392D    656D 706C 6500 0000 0000 0000 0000 0000  [emple           ]
70153935    0000 0000 0000 0000 0000 000B 696E 2061  [            in a]
7015393D    2064 6573 6572 7400 0000 0000 0000 0000  [ desert         ]
70153945    0000 0000 0000 0000 0000 0000 000C 6F6E  [              on]
7015394D    2061 2062 6172 7269 6572 0000 0000 0000  [ a barrier      ]
70153955    0000 0000 0000 0000 0000 0000 0000 0000  [                ]
7015395D    0006 7769 7A61 7264 0000 0000 0000 0000  [  wizard        ]
70153965    0000 0000 0000 0006 636C 6572 6963 0000  [        cleric  ]
7015396D    0000 0000 0000 0000 0000 0000 0005 6472  [              dr]
70153975    7569 6400 0000 0000 0000 0000 0000 0000  [uid             ]
7015397D    0000 0007 6669 6768 7465 7200 0000 0000  [    fighter     ]
70153985    0000 0000 0000 0000 0009 6261 7262 6172  [          barbar]
7015398D    6961 6E00 0000 0000 0000 0000 0000 0000  [ian             ]
70153995    000F 6F6E 206C 6576 656C 2067 726F 756E  [  on level groun]
7015399D    6400 0000 0000 0000 0000 0000 0000 0000  [d               ]
701539A5    0000 000A 696E 2061 2073 7761 6D70 0000  [    in a swamp  ]
701539AD    0000 0000 0000 0000 0000 0000 0000 0000  [                ]
701539B5    0000 0000 0010 696E 2073 6861 6C6C 6F77  [      in shallow]
701539BD    2077 6174 6572 0000 0000 0000 0000 0000  [ water          ]
701539C5    0000 0000 0000 000F 6F76 6572 2064 6565  [        over dee]
701539CD    7020 7761 7465 7200 0000 0000 0000 0000  [p water         ]
701539D5    0000 0000 0000 0000 0014 7472 616E 7376  [          transv]
701539DD    6572 7369 6E67 2061 2063 6C69 6666 0000  [ersing a cliff  ]
701539E5    0000 0000 0000 0000 0000 0009 696E 2061  [            in a]
701539ED    2063 6176 6500 0000 0000 0000 0000 0000  [ cave           ]
701539F5    0000 0000 0000 0000 0000 0000 000B 696E  [              in]
701539FD    2061 2066 6F72 6573 7400 0000 0000 0000  [ a forest       ]
70153A05    0000 0000 0000 0000 0000 0000 0000 0015  [                ]
70153A0D    6F6E 2074 6F70 206F 6620 6120 666F 6F74  [on top of a foot]
70153A15    2068 696C 6C00 0000 0000 0000 0000 0000  [ hill           ]
70153A1D    0014 6F6E 2074 6F70 206F 6620 6120 6D6F  [  on top of a mo]
70153A25    756E 7461 696E 0000 0000 0000 0000 0000  [untain          ]
70153A2D    0000 0009 6F6E 2061 2066 6F72 6400 0000  [    on a ford   ]
70153A35    0000 0000 0000 0000 0000 0000 0000 0000  [                ]
70153A3D    0000 0000 0009 6F6E 2061 2072 6F61 6400  [      on a road ]
70153A45    0000 0000 0000 0000 0000 0000 0000 0000  [                ]
70153A4D    0000 0000 0000 000B 696E 2061 2063 6173  [        in a cas]
70153A55    746C 6500 0000 0000 0000 0000 0000 0000  [tle             ]
70153A5D    0000 0000 0000 0000 000D 696E 2061 2062  [          in a b]
70153A65    7569 6C64 696E 6700 0000 0000 0000 0000  [uilding         ]
70153A6D    0000 0000 0000 0000 0000 000A 696E 2061  [            in a]
70153A75    2073 746F 7265 0000 0000 0000 0000 0000  [ store          ]
70153A7D    0000 0000 0000 0000 0000 0000 0012 6E65  [              ne]
70153A85    7874 2074 6F20 6120 6361 7461 7075 6C74  [xt to a catapult]
70153A8D    0000 0000 0000 0000 0000 0000 0000 0015  [                ]
70153A95    6E65 7874 2074 6F20 6120 7472 616E 7370  [next to a transp]
70153A9D    6F72 7465 7200 0000 0000 0000 0000 0000  [orter           ]
70153AA5    0009 6F6E 2061 2062 6F61 7400 0000 0000  [  on a boat     ]
70153AAD    0000 0000 0000 0000 0000 0000 0000 0000  [                ]
70153AB5    0000 000C 6E65 6172 2061 2074 6F77 6572  [    near a tower]
70153ABD    0000 0000 0000 0000 0000 0000 0000 0000  [                ]
70153AC5    0000 0000 001A 6E65 6172 2074 6865 2044  [      near the D]
70153ACD    6172 6B20 4C6F 7264 2773 2053 7461 6666  [ark Lord's Staff]
70153AD5    0000 0000 0000 0009 696E 2061 2068 6F6C  [        in a hol]
70153ADD    6400 0000 0000 0000 0000 0000 0000 0000  [d               ]
70153AE5    0000 0000 0000 0000 001A 6E65 6172 2073  [          near s]
70153AED    6F6D 6520 7368 6172 6473 206F 6620 416C  [ome shards of Al]
70153AF5    6269 6F6E 0000 0000 0000 0019 696E 2074  [bion        in t]
70153AFD    6865 2066 6F72 7472 6573 7320 6F66 2041  [he fortress of A]
70153B05    6C62 696F 6E00 0000 0000 0000 001E 6F6E  [lbion         on]
70153B0D    2074 6865 206F 7574 6572 2077 616C 6C20  [ the outer wall ]
70153B15    6F66 2061 2063 6974 6164 656C 0000 001E  [of a citadel    ]
70153B1D    6F6E 2074 6865 2069 6E6E 6572 2077 616C  [on the inner wal]
70153B25    6C20 6F66 2061 2063 6974 6164 656C 0000  [l of a citadel  ]
70153B2D    001B 696E 2074 6865 2068 6F6D 6520 6F66  [  in the home of]
70153B35    2061 6E20 616C 6368 656D 6973 7400 0000  [ an alchemist   ]
70153B3D    0000 001F 696E 2074 6865 2063 6176 6520  [    in the cave ]
70153B45    6F66 2074 6865 2057 6869 7465 2044 7261  [of the White Dra]
70153B4D    676F 6E00 000B 696E 2061 2074 656D 706C  [gon   in a templ]
70153B55    6500 0000 0000 0000 0000 0000 0000 0000  [e               ]
70153B5D    0000 0000 0000 000B 696E 2061 2064 6573  [        in a des]
70153B65    6572 7400 0000 0000 0000 0000 0000 0000  [ert             ]
70153B6D    0000 0000 0000 0000 000C 6F6E 2061 2062  [          on a b]
70153B75    6172 7269 6572 0000 0000 0000 0000 0000  [arrier          ]
70153B7D    0000 0000 0000 0000 0000 0000 0006 7769  [              wi]
70153B85    7A61 7264 0000 0000 0000 0000 0000 0000  [zard            ]
70153B8D    0000 0006 636C 6572 6963 0000 0000 0000  [    cleric      ]
70153B95    0000 0000 0000 0000 0005 6472 7569 6400  [          druid ]
70153B9D    0000 0000 0000 0000 0000 0000 0000 0007  [                ]
70153BA5    6669 6768 7465 7200 0000 0000 0000 0000  [fighter         ]
70153BAD    0000 0000 0009 6261 7262 6172 6961 6E00  [      barbarian ]
70153BB5    0000 0000 0000 0000 0000 0000 000F 6F6E  [              on]
70153BBD    206C 6576 656C 2067 726F 756E 6400 0000  [ level ground   ]
70153BC5    0000 0000 0000 0000 0000 0000 0000 000A  [                ]
70153BCD    696E 2061 2073 7761 6D70 0000 0000 0000  [in a swamp      ]
70153BD5    0000 0000 0000 0000 0000 0000 0000 0000  [                ]
70153BDD    0010 696E 2073 6861 6C6C 6F77 2077 6174  [  in shallow wat]
70153BE5    6572 0000 0000 0000 0000 0000 0000 0000  [er              ]
70153BED    0000 000F 6F76 6572 2064 6565 7020 7761  [    over deep wa]
70153BF5    7465 7200 0000 0000 0000 0000 0000 0000  [ter             ]
70153BFD    0000 0000 0014 7472 616E 7376 6572 7369  [      transversi]
70153C05    6E67 2061 2063 6C69 6666 0000 0000 0000  [ng a cliff      ]
70153C0D    0000 0000 0000 0009 696E 2061 2063 6176  [        in a cav]
70153C15    6500 0000 0000 0000 0000 0000 0000 0000  [e               ]
70153C1D    0000 0000 0000 0000 000B 696E 2061 2066  [          in a f]
70153C25    6F72 6573 7400 0000 0000 0000 0000 0000  [orest           ]
70153C2D    0000 0000 0000 0000 0000 0015 6F6E 2074  [            on t]
70153C35    6F70 206F 6620 6120 666F 6F74 2068 696C  [op of a foot hil]
70153C3D    6C00 0000 0000 0000 0000 0000 0014 6F6E  [l             on]
70153C45    2074 6F70 206F 6620 6120 6D6F 756E 7461  [ top of a mounta]
70153C4D    696E 0000 0000 0000 0000 0000 0000 0009  [in              ]
70153C55    6F6E 2061 2066 6F72 6400 0000 0000 0000  [on a ford       ]
70153C5D    0000 0000 0000 0000 0000 0000 0000 0000  [                ]
70153C65    0009 6F6E 2061 2072 6F61 6400 0000 0000  [  on a road     ]
70153C6D    0000 0000 0000 0000 0000 0000 0000 0000  [                ]
70153C75    0000 000B 696E 2061 2063 6173 746C 6500  [    in a castle ]
70153C7D    0000 0000 0000 0000 0000 0000 0000 0000  [                ]
70153C85    0000 0000 000D 696E 2061 2062 7569 6C64  [      in a build]
70153C8D    696E 6700 0000 0000 0000 0000 0000 0000  [ing             ]
70153C95    0000 0000 0000 000A 696E 2061 2073 746F  [        in a sto]
70153C9D    7265 0000 0000 0000 0000 0000 0000 0000  [re              ]
70153CA5    0000 0000 0000 0000 0012 6E65 7874 2074  [          next t]
70153CAD    6F20 6120 6361 7461 7075 6C74 0000 0000  [o a catapult    ]
70153CB5    0000 0000 0000 0000 0000 0015 6E65 7874  [            next]
70153CBD    2074 6F20 6120 7472 616E 7370 6F72 7465  [ to a transporte]
70153CC5    7200 0000 0000 0000 0000 0000 0009 6F6E  [r             on]
70153CCD    2061 2062 6F61 7400 0000 0000 0000 0000  [ a boat         ]
70153CD5    0000 0000 0000 0000 0000 0000 0000 000C  [                ]
70153CDD    6E65 6172 2061 2074 6F77 6572 0000 0000  [near a tower    ]
70153CE5    0000 0000 0000 0000 0000 0000 0000 0000  [                ]
70153CED    001A 6E65 6172 2074 6865 2044 6172 6B20  [  near the Dark ]
70153CF5    4C6F 7264 2773 2053 7461 6666 0000 0000  [Lord's Staff    ]
70153CFD    0000 0009 696E 2061 2068 6F6C 6400 0000  [    in a hold   ]
70153D05    0000 0000 0000 0000 0000 0000 0000 0000  [                ]
70153D0D    0000 0000 001A 6E65 6172 2073 6F6D 6520  [      near some ]
70153D15    7368 6172 6473 206F 6620 416C 6269 6F6E  [shards of Albion]
70153D1D    0000 0000 0000 0019 696E 2074 6865 2066  [        in the f]
70153D25    6F72 7472 6573 7320 6F66 2041 6C62 696F  [ortress of Albio]
70153D2D    6E00 0000 0000 0000 001E 6F6E 2074 6865  [n         on the]
70153D35    206F 7574 6572 2077 616C 6C20 6F66 2061  [ outer wall of a]
70153D3D    2063 6974 6164 656C 0000 001E 6F6E 2074  [ citadel    on t]
70153D45    6865 2069 6E6E 6572 2077 616C 6C20 6F66  [he inner wall of]
70153D4D    2061 2063 6974 6164 656C 0000 001B 696E  [ a citadel    in]
70153D55    2074 6865 2068 6F6D 6520 6F66 2061 6E20  [ the home of an ]
70153D5D    616C 6368 656D 6973 7400 0000 0000 001F  [alchemist       ]
70153D65    696E 2074 6865 2063 6176 6520 6F66 2074  [in the cave of t]
70153D6D    6865 2057 6869 7465 2044 7261 676F 6E00  [he White Dragon ]
70153D75    000B 696E 2061 2074 656D 706C 6500 0000  [  in a temple   ]
70153D7D    0000 0000 0000 0000 0000 0000 0000 0000  [                ]
70153D85    0000 000B 696E 2061 2064 6573 6572 7400  [    in a desert ]
70153D8D    0000 0000 0000 0000 0000 0000 0000 0000  [                ]
70153D95    0000 0000 000C 6F6E 2061 2062 6172 7269  [      on a barri]
70153D9D    6572 0000 0000 0000 0000 0000 0000 0000  [er              ]
70153DA5    0000 0000 0000 001E 0003 000A 0006 0005  [                ]
70153DAD    0014 0000 0006 7769 7A61 7264 0000 0000  [      wizard    ]
70153DB5    0000 0000 0000 0000 0000 0006 636C 6572  [            cler]
70153DBD    6963 0000 0000 0000 0000 0000 0000 0000  [ic              ]
70153DC5    0005 6472 7569 6400 0000 0000 0000 0000  [  druid         ]
70153DCD    0000 0000 0000 0007 6669 6768 7465 7200  [        fighter ]
70153DD5    0000 0000 0000 0000 0000 0000 0009 6261  [              ba]
70153DDD    7262 6172 6961 6E00 0000 0000 0000 0000  [rbarian         ]
70153DE5    0000 0000 000F 6F6E 206C 6576 656C 2067  [      on level g]
70153DED    726F 756E 6400 0000 0000 0000 0000 0000  [round           ]
70153DF5    0000 0000 0000 000A 696E 2061 2073 7761  [        in a swa]
70153DFD    6D70 0000 0000 0000 0000 0000 0000 0000  [mp              ]
70153E05    0000 0000 0000 0000 0010 696E 2073 6861  [          in sha]
70153E0D    6C6C 6F77 2077 6174 6572 0000 0000 0000  [llow water      ]
70153E15    0000 0000 0000 0000 0000 000F 6F76 6572  [            over]
70153E1D    2064 6565 7020 7761 7465 7200 0000 0000  [ deep water     ]
70153E25    0000 0000 0000 0000 0000 0000 0014 7472  [              tr]
70153E2D    616E 7376 6572 7369 6E67 2061 2063 6C69  [ansversing a cli]
70153E35    6666 0000 0000 0000 0000 0000 0000 0009  [ff              ]
70153E3D    696E 2061 2063 6176 6500 0000 0000 0000  [in a cave       ]
70153E45    0000 0000 0000 0000 0000 0000 0000 0000  [                ]
70153E4D    000B 696E 2061 2066 6F72 6573 7400 0000  [  in a forest   ]
70153E55    0000 0000 0000 0000 0000 0000 0000 0000  [                ]
70153E5D    0000 0015 6F6E 2074 6F70 206F 6620 6120  [    on top of a ]
70153E65    666F 6F74 2068 696C 6C00 0000 0000 0000  [foot hill       ]
70153E6D    0000 0000 0014 6F6E 2074 6F70 206F 6620  [      on top of ]
70153E75    6120 6D6F 756E 7461 696E 0000 0000 0000  [a mountain      ]
70153E7D    0000 0000 0000 0009 6F6E 2061 2066 6F72  [        on a for]
70153E85    6400 0000 0000 0000 0000 0000 0000 0000  [d               ]
70153E8D    0000 0000 0000 0000 0009 6F6E 2061 2072  [          on a r]
70153E95    6F61 6400 0000 0000 0000 0000 0000 0000  [oad             ]
70153E9D    0000 0000 0000 0000 0000 000B 696E 2061  [            in a]
70153EA5    2063 6173 746C 6500 0000 0000 0000 0000  [ castle         ]
70153EAD    0000 0000 0000 0000 0000 0000 000D 696E  [              in]
70153EB5    2061 2062 7569 6C64 696E 6700 0000 0000  [ a building     ]
70153EBD    0000 0000 0000 0000 0000 0000 0000 000A  [                ]
70153EC5    696E 2061 2073 746F 7265 0000 0000 0000  [in a store      ]
70153ECD    0000 0000 0000 0000 0000 0000 0000 0000  [                ]
70153ED5    0012 6E65 7874 2074 6F20 6120 6361 7461  [  next to a cata]
70153EDD    7075 6C74 0000 0000 0000 0000 0000 0000  [pult            ]
70153EE5    0000 0015 6E65 7874 2074 6F20 6120 7472  [    next to a tr]
70153EED    616E 7370 6F72 7465 7200 0000 0000 0000  [ansporter       ]
70153EF5    0000 0000 0009 6F6E 2061 2062 6F61 7400  [      on a boat ]
70153EFD    0000 0000 0000 0000 0000 0000 0000 0000  [                ]
70153F05    0000 0000 0000 000C 6E65 6172 2061 2074  [        near a t]
70153F0D    6F77 6572 0000 0000 0000 0000 0000 0000  [ower            ]
70153F15    0000 0000 0000 0000 001A 6E65 6172 2074  [          near t]
70153F1D    6865 2044 6172 6B20 4C6F 7264 2773 2053  [he Dark Lord's S]
70153F25    7461 6666 0000 0000 0000 0009 696E 2061  [taff        in a]
70153F2D    2068 6F6C 6400 0000 0000 0000 0000 0000  [ hold           ]
70153F35    0000 0000 0000 0000 0000 0000 001A 6E65  [              ne]
70153F3D    6172 2073 6F6D 6520 7368 6172 6473 206F  [ar some shards o]
70153F45    6620 416C 6269 6F6E 0000 0000 0000 0019  [f Albion        ]
70153F4D    696E 2074 6865 2066 6F72 7472 6573 7320  [in the fortress ]
70153F55    6F66 2041 6C62 696F 6E00 0000 0000 0000  [of Albion       ]
70153F5D    001E 6F6E 2074 6865 206F 7574 6572 2077  [  on the outer w]
70153F65    616C 6C20 6F66 2061 2063 6974 6164 656C  [all of a citadel]
70153F6D    0000 001E 6F6E 2074 6865 2069 6E6E 6572  [    on the inner]
70153F75    2077 616C 6C20 6F66 2061 2063 6974 6164  [ wall of a citad]
70153F7D    656C 0000 001B 696E 2074 6865 2068 6F6D  [el    in the hom]
70153F85    6520 6F66 2061 6E20 616C 6368 656D 6973  [e of an alchemis]
70153F8D    7400 0000 0000 001F 696E 2074 6865 2063  [t       in the c]
70153F95    6176 6520 6F66 2074 6865 2057 6869 7465  [ave of the White]
70153F9D    2044 7261 676F 6E00 000B 696E 2061 2074  [ Dragon   in a t]
70153FA5    656D 706C 6500 0000 0000 0000 0000 0000  [emple           ]
70153FAD    0000 0000 0000 0000 0000 000B 696E 2061  [            in a]
70153FB5    2064 6573 6572 7400 0000 0000 0000 0000  [ desert         ]
70153FBD    0000 0000 0000 0000 0000 0000 000C 6F6E  [              on]
70153FC5    2061 2062 6172 7269 6572 0000 0000 0000  [ a barrier      ]
70153FCD    0000 0000 0000 0000 0000 0000 0000 0000  [                ]
70153FD5    0006 7769 7A61 7264 0000 0000 0000 0000  [  wizard        ]
70153FDD    0000 0000 0000 0006 636C 6572 6963 0000  [        cleric  ]
70153FE5    0000 0000 0000 0000 0000 0000 0005 6472  [              dr]
70153FED    7569 6400 0000 0000 0000 0000 0000 0000  [uid             ]
70153FF5    0000 0007 6669 6768 7465 7200 0000 0000  [    fighter     ]
70153FFD    0000 0000 0000 0000 0009 6261 7262 6172  [          barbar]
70154005    6961 6E00 0000 0000 0000 0000 0000 0000  [ian             ]
7015400D    000F 6F6E 206C 6576 656C 2067 726F 756E  [  on level groun]
70154015    6400 0000 0000 0000 0000 0000 0000 0000  [d               ]
7015401D    0000 000A 696E 2061 2073 7761 6D70 0000  [    in a swamp  ]
70154025    0000 0000 0000 0000 0000 0000 0000 0000  [                ]
7015402D    0000 0000 0010 696E 2073 6861 6C6C 6F77  [      in shallow]
70154035    2077 6174 6572 0000 0000 0000 0000 0000  [ water          ]
7015403D    0000 0000 0000 000F 6F76 6572 2064 6565  [        over dee]
70154045    7020 7761 7465 7200 0000 0000 0000 0000  [p water         ]
7015404D    0000 0000 0000 0000 0014 7472 616E 7376  [          transv]
70154055    6572 7369 6E67 2061 2063 6C69 6666 0000  [ersing a cliff  ]
7015405D    0000 0000 0000 0000 0000 0009 696E 2061  [            in a]
70154065    2063 6176 6500 0000 0000 0000 0000 0000  [ cave           ]
7015406D    0000 0000 0000 0000 0000 0000 000B 696E  [              in]
70154075    2061 2066 6F72 6573 7400 0000 0000 0000  [ a forest       ]
7015407D    0000 0000 0000 0000 0000 0000 0000 0015  [                ]
70154085    6F6E 2074 6F70 206F 6620 6120 666F 6F74  [on top of a foot]
7015408D    2068 696C 6C00 0000 0000 0000 0000 0000  [ hill           ]
70154095    0014 6F6E 2074 6F70 206F 6620 6120 6D6F  [  on top of a mo]
7015409D    756E 7461 696E 0000 0000 0000 0000 0000  [untain          ]
701540A5    0000 0009 6F6E 2061 2066 6F72 6400 0000  [    on a ford   ]
701540AD    0000 0000 0000 0000 0000 0000 0000 0000  [                ]
701540B5    0000 0000 0009 6F6E 2061 2072 6F61 6400  [      on a road ]
701540BD    0000 0000 0000 0000 0000 0000 0000 0000  [                ]
701540C5    0000 0000 0000 000B 696E 2061 2063 6173  [        in a cas]
701540CD    746C 6500 0000 0000 0000 0000 0000 0000  [tle             ]
701540D5    0000 0000 0000 0000 000D 696E 2061 2062  [          in a b]
701540DD    7569 6C64 696E 6700 0000 0000 0000 0000  [uilding         ]
701540E5    0000 0000 0000 0000 0000 000A 696E 2061  [            in a]
701540ED    2073 746F 7265 0000 0000 0000 0000 0000  [ store          ]
701540F5    0000 0000 0000 0000 0000 0000 0012 6E65  [              ne]
701540FD    7874 2074 6F20 6120 6361 7461 7075 6C74  [xt to a catapult]
70154105    0000 0000 0000 0000 0000 0000 0000 0015  [                ]
7015410D    6E65 7874 2074 6F20 6120 7472 616E 7370  [next to a transp]
70154115    6F72 7465 7200 0000 0000 0000 0000 0000  [orter           ]
7015411D    0009 6F6E 2061 2062 6F61 7400 0000 0000  [  on a boat     ]
70154125    0000 0000 0000 0000 0000 0000 0000 0000  [                ]
7015412D    0000 000C 6E65 6172 2061 2074 6F77 6572  [    near a tower]
70154135    0000 0000 0000 0000 0000 0000 0000 0000  [                ]
7015413D    0000 0000 001A 6E65 6172 2074 6865 2044  [      near the D]
70154145    6172 6B20 4C6F 7264 2773 2053 7461 6666  [ark Lord's Staff]
7015414D    0000 0000 0000 0009 696E 2061 2068 6F6C  [        in a hol]
70154155    6400 0000 0000 0000 0000 0000 0000 0000  [d               ]
7015415D    0000 0000 0000 0000 001A 6E65 6172 2073  [          near s]
70154165    6F6D 6520 7368 6172 6473 206F 6620 416C  [ome shards of Al]
7015416D    6269 6F6E 0000 0000 0000 0019 696E 2074  [bion        in t]
70154175    6865 2066 6F72 7472 6573 7320 6F66 2041  [he fortress of A]
7015417D    6C62 696F 6E00 0000 0000 0000 001E 6F6E  [lbion         on]
70154185    2074 6865 206F 7574 6572 2077 616C 6C20  [ the outer wall ]
7015418D    6F66 2061 2063 6974 6164 656C 0000 001E  [of a citadel    ]
70154195    6F6E 2074 6865 2069 6E6E 6572 2077 616C  [on the inner wal]
7015419D    6C20 6F66 2061 2063 6974 6164 656C 0000  [l of a citadel  ]
701541A5    001B 696E 2074 6865 2068 6F6D 6520 6F66  [  in the home of]
701541AD    2061 6E20 616C 6368 656D 6973 7400 0000  [ an alchemist   ]
701541B5    0000 001F 696E 2074 6865 2063 6176 6520  [    in the cave ]
701541BD    6F66 2074 6865 2057 6869 7465 2044 7261  [of the White Dra]
701541C5    676F 6E00 000B 696E 2061 2074 656D 706C  [gon   in a templ]
701541CD    6500 0000 0000 0000 0000 0000 0000 0000  [e               ]
701541D5    0000 0000 0000 000B 696E 2061 2064 6573  [        in a des]
701541DD    6572 7400 0000 0000 0000 0000 0000 0000  [ert             ]
701541E5    0000 0000 0000 0000 000C 6F6E 2061 2062  [          on a b]
701541ED    6172 7269 6572 0000 0000 0000 0000 0000  [arrier          ]
701541F5    0000 0000 0000 0000 0000 0000 0006 7769  [              wi]
701541FD    7A61 7264 0000 0000 0000 0000 0000 0000  [zard            ]
70154205    0000 0006 636C 6572 6963 0000 0000 0000  [    cleric      ]
7015420D    0000 0000 0000 0000 0005 6472 7569 6400  [          druid ]
70154215    0000 0000 0000 0000 0000 0000 0000 0007  [                ]
7015421D    6669 6768 7465 7200 0000 0000 0000 0000  [fighter         ]
70154225    0000 0000 0009 6261 7262 6172 6961 6E00  [      barbarian ]
7015422D    0000 0000 0000 0000 0000 0000 000F 6F6E  [              on]
70154235    206C 6576 656C 2067 726F 756E 6400 0000  [ level ground   ]
7015423D    0000 0000 0000 0000 0000 0000 0000 000A  [                ]
70154245    696E 2061 2073 7761 6D70 0000 0000 0000  [in a swamp      ]
7015424D    0000 0000 0000 0000 0000 0000 0000 0000  [                ]
70154255    0010 696E 2073 6861 6C6C 6F77 2077 6174  [  in shallow wat]
7015425D    6572 0000 0000 0000 0000 0000 0000 0000  [er              ]
70154265    0000 000F 6F76 6572 2064 6565 7020 7761  [    over deep wa]
7015426D    7465 7200 0000 0000 0000 0000 0000 0000  [ter             ]
70154275    0000 0000 0014 7472 616E 7376 6572 7369  [      transversi]
7015427D    6E67 2061 2063 6C69 6666 0000 0000 0000  [ng a cliff      ]
70154285    0000 0000 0000 0009 696E 2061 2063 6176  [        in a cav]
7015428D    6500 0000 0000 0000 0000 0000 0000 0000  [e               ]
70154295    0000 0000 0000 0000 000B 696E 2061 2066  [          in a f]
7015429D    6F72 6573 7400 0000 0000 0000 0000 0000  [orest           ]
701542A5    0000 0000 0000 0000 0000 0015 6F6E 2074  [            on t]
701542AD    6F70 206F 6620 6120 666F 6F74 2068 696C  [op of a foot hil]
701542B5    6C00 0000 0000 0000 0000 0000 0014 6F6E  [l             on]
701542BD    2074 6F70 206F 6620 6120 6D6F 756E 7461  [ top of a mounta]
701542C5    696E 0000 0000 0000 0000 0000 0000 0009  [in              ]
701542CD    6F6E 2061 2066 6F72 6400 0000 0000 0000  [on a ford       ]
701542D5    0000 0000 0000 0000 0000 0000 0000 0000  [                ]
701542DD    0009 6F6E 2061 2072 6F61 6400 0000 0000  [  on a road     ]
701542E5    0000 0000 0000 0000 0000 0000 0000 0000  [                ]
701542ED    0000 000B 696E 2061 2063 6173 746C 6500  [    in a castle ]
701542F5    0000 0000 0000 0000 0000 0000 0000 0000  [                ]
701542FD    0000 0000 000D 696E 2061 2062 7569 6C64  [      in a build]
70154305    696E 6700 0000 0000 0000 0000 0000 0000  [ing             ]
7015430D    0000 0000 0000 000A 696E 2061 2073 746F  [        in a sto]
70154315    7265 0000 0000 0000 0000 0000 0000 0000  [re              ]
7015431D    0000 0000 0000 0000 0012 6E65 7874 2074  [          next t]
70154325    6F20 6120 6361 7461 7075 6C74 0000 0000  [o a catapult    ]
7015432D    0000 0000 0000 0000 0000 0015 6E65 7874  [            next]
70154335    2074 6F20 6120 7472 616E 7370 6F72 7465  [ to a transporte]
7015433D    7200 0000 0000 0000 0000 0000 0009 6F6E  [r             on]
70154345    2061 2062 6F61 7400 0000 0000 0000 0000  [ a boat         ]
7015434D    0000 0000 0000 0000 0000 0000 0000 000C  [                ]
70154355    6E65 6172 2061 2074 6F77 6572 0000 0000  [near a tower    ]
7015435D    0000 0000 0000 0000 0000 0000 0000 0000  [                ]
70154365    001A 6E65 6172 2074 6865 2044 6172 6B20  [  near the Dark ]
7015436D    4C6F 7264 2773 2053 7461 6666 0000 0000  [Lord's Staff    ]
70154375    0000 0009 696E 2061 2068 6F6C 6400 0000  [    in a hold   ]
7015437D    0000 0000 0000 0000 0000 0000 0000 0000  [                ]
70154385    0000 0000 001A 6E65 6172 2073 6F6D 6520  [      near some ]
7015438D    7368 6172 6473 206F 6620 416C 6269 6F6E  [shards of Albion]
70154395    0000 0000 0000 0019 696E 2074 6865 2066  [        in the f]
7015439D    6F72 7472 6573 7320 6F66 2041 6C62 696F  [ortress of Albio]
701543A5    6E00 0000 0000 0000 001E 6F6E 2074 6865  [n         on the]
701543AD    206F 7574 6572 2077 616C 6C20 6F66 2061  [ outer wall of a]
701543B5    2063 6974 6164 656C 0000 001E 6F6E 2074  [ citadel    on t]
701543BD    6865 2069 6E6E 6572 2077 616C 6C20 6F66  [he inner wall of]
701543C5    2061 2063 6974 6164 656C 0000 001B 696E  [ a citadel    in]
701543CD    2074 6865 2068 6F6D 6520 6F66 2061 6E20  [ the home of an ]
701543D5    616C 6368 656D 6973 7400 0000 0000 001F  [alchemist       ]
701543DD    696E 2074 6865 2063 6176 6520 6F66 2074  [in the cave of t]
701543E5    6865 2057 6869 7465 2044 7261 676F 6E00  [he White Dragon ]
701543ED    000B 696E 2061 2074 656D 706C 6500 0000  [  in a temple   ]
701543F5    0000 0000 0000 0000 0000 0000 0000 0000  [                ]
701543FD    0000 000B 696E 2061 2064 6573 6572 7400  [    in a desert ]
70154405    0000 0000 0000 0000 0000 0000 0000 0000  [                ]
7015440D    0000 0000 000C 6F6E 2061 2062 6172 7269  [      on a barri]
70154415    6572 0000 0000 0000 0000 0000 0000 0000  [er              ]
7015441D    0000 0000 0000 0000 0006 7769 7A61 7264  [          wizard]
70154425    0000 0000 0000 0000 0000 0000 0000 0006  [                ]
7015442D    636C 6572 6963 0000 0000 0000 0000 0000  [cleric          ]
70154435    0000 0000 0005 6472 7569 6400 0000 0000  [      druid     ]
7015443D    0000 0000 0000 0000 0000 0007 6669 6768  [            figh]
70154445    7465 7200 0000 0000 0000 0000 0000 0000  [ter             ]
7015444D    0009 6261 7262 6172 6961 6E00 0000 0000  [  barbarian     ]
70154455    0000 0000 0000 0000 000F 6F6E 206C 6576  [          on lev]
7015445D    656C 2067 726F 756E 6400 0000 0000 0000  [el ground       ]
70154465    0000 0000 0000 0000 0000 000A 696E 2061  [            in a]
7015446D    2073 7761 6D70 0000 0000 0000 0000 0000  [ swamp          ]
70154475    0000 0000 0000 0000 0000 0000 0010 696E  [              in]
7015447D    2073 6861 6C6C 6F77 2077 6174 6572 0000  [ shallow water  ]
70154485    0000 0000 0000 0000 0000 0000 0000 000F  [                ]
7015448D    6F76 6572 2064 6565 7020 7761 7465 7200  [over deep water ]
70154495    0000 0000 0000 0000 0000 0000 0000 0000  [                ]
7015449D    0014 7472 616E 7376 6572 7369 6E67 2061  [  transversing a]
701544A5    2063 6C69 6666 0000 0000 0000 0000 0000  [ cliff          ]
701544AD    0000 0009 696E 2061 2063 6176 6500 0000  [    in a cave   ]
701544B5    0000 0000 0000 0000 0000 0000 0000 0000  [                ]
701544BD    0000 0000 000B 696E 2061 2066 6F72 6573  [      in a fores]
701544C5    7400 0000 0000 0000 0000 0000 0000 0000  [t               ]
701544CD    0000 0000 0000 0015 6F6E 2074 6F70 206F  [        on top o]
701544D5    6620 6120 666F 6F74 2068 696C 6C00 0000  [f a foot hill   ]
701544DD    0000 0000 0000 0000 0014 6F6E 2074 6F70  [          on top]
701544E5    206F 6620 6120 6D6F 756E 7461 696E 0000  [ of a mountain  ]
701544ED    0000 0000 0000 0000 0000 0009 6F6E 2061  [            on a]
701544F5    2066 6F72 6400 0000 0000 0000 0000 0000  [ ford           ]
701544FD    0000 0000 0000 0000 0000 0000 0009 6F6E  [              on]
70154505    2061 2072 6F61 6400 0000 0000 0000 0000  [ a road         ]
7015450D    0000 0000 0000 0000 0000 0000 0000 000B  [                ]
70154515    696E 2061 2063 6173 746C 6500 0000 0000  [in a castle     ]
7015451D    0000 0000 0000 0000 0000 0000 0000 0000  [                ]
70154525    000D 696E 2061 2062 7569 6C64 696E 6700  [  in a building ]
7015452D    0000 0000 0000 0000 0000 0000 0000 0000  [                ]
70154535    0000 000A 696E 2061 2073 746F 7265 0000  [    in a store  ]
7015453D    0000 0000 0000 0000 0000 0000 0000 0000  [                ]
70154545    0000 0000 0012 6E65 7874 2074 6F20 6120  [      next to a ]
7015454D    6361 7461 7075 6C74 0000 0000 0000 0000  [catapult        ]
70154555    0000 0000 0000 0015 6E65 7874 2074 6F20  [        next to ]
7015455D    6120 7472 616E 7370 6F72 7465 7200 0000  [a transporter   ]
70154565    0000 0000 0000 0000 0009 6F6E 2061 2062  [          on a b]
7015456D    6F61 7400 0000 0000 0000 0000 0000 0000  [oat             ]
70154575    0000 0000 0000 0000 0000 000C 6E65 6172  [            near]
7015457D    2061 2074 6F77 6572 0000 0000 0000 0000  [ a tower        ]
70154585    0000 0000 0000 0000 0000 0000 001A 6E65  [              ne]
7015458D    6172 2074 6865 2044 6172 6B20 4C6F 7264  [ar the Dark Lord]
70154595    2773 2053 7461 6666 0000 0000 0000 0009  ['s Staff        ]
7015459D    696E 2061 2068 6F6C 6400 0000 0000 0000  [in a hold       ]
701545A5    0000 0000 0000 0000 0000 0000 0000 0000  [                ]
701545AD    001A 6E65 6172 2073 6F6D 6520 7368 6172  [  near some shar]
701545B5    6473 206F 6620 416C 6269 6F6E 0000 0000  [ds of Albion    ]
701545BD    0000 0019 696E 2074 6865 2066 6F72 7472  [    in the fortr]
701545C5    6573 7320 6F66 2041 6C62 696F 6E00 0000  [ess of Albion   ]
701545CD    0000 0000 001E 6F6E 2074 6865 206F 7574  [      on the out]
701545D5    6572 2077 616C 6C20 6F66 2061 2063 6974  [er wall of a cit]
701545DD    6164 656C 0000 001E 6F6E 2074 6865 2069  [adel    on the i]
701545E5    6E6E 6572 2077 616C 6C20 6F66 2061 2063  [nner wall of a c]
701545ED    6974 6164 656C 0000 001B 696E 2074 6865  [itadel    in the]
701545F5    2068 6F6D 6520 6F66 2061 6E20 616C 6368  [ home of an alch]
701545FD    656D 6973 7400 0000 0000 001F 696E 2074  [emist       in t]
70154605    6865 2063 6176 6520 6F66 2074 6865 2057  [he cave of the W]
7015460D    6869 7465 2044 7261 676F 6E00 000B 696E  [hite Dragon   in]
70154615    2061 2074 656D 706C 6500 0000 0000 0000  [ a temple       ]
7015461D    0000 0000 0000 0000 0000 0000 0000 000B  [                ]
70154625    696E 2061 2064 6573 6572 7400 0000 0000  [in a desert     ]
7015462D    0000 0000 0000 0000 0000 0000 0000 0000  [                ]
70154635    000C 6F6E 2061 2062 6172 7269 6572 0000  [  on a barrier  ]
7015463D    0000 0000 0000 0000 0000 0000 0000 0000  [                ]
70154645    0000 0000 0006 7769 7A61 7264 0000 0000  [      wizard    ]
7015464D    0000 0000 0000 0000 0000 0006 636C 6572  [            cler]
70154655    6963 0000 0000 0000 0000 0000 0000 0000  [ic              ]
7015465D    0005 6472 7569 6400 0000 0000 0000 0000  [  druid         ]
70154665    0000 0000 0000 0007 6669 6768 7465 7200  [        fighter ]
7015466D    0000 0000 0000 0000 0000 0000 0009 6261  [              ba]
70154675    7262 6172 6961 6E00 0000 0000 0000 0000  [rbarian         ]
7015467D    0000 0000 000F 6F6E 206C 6576 656C 2067  [      on level g]
70154685    726F 756E 6400 0000 0000 0000 0000 0000  [round           ]
7015468D    0000 0000 0000 000A 696E 2061 2073 7761  [        in a swa]
70154695    6D70 0000 0000 0000 0000 0000 0000 0000  [mp              ]
7015469D    0000 0000 0000 0000 0010 696E 2073 6861  [          in sha]
701546A5    6C6C 6F77 2077 6174 6572 0000 0000 0000  [llow water      ]
701546AD    0000 0000 0000 0000 0000 000F 6F76 6572  [            over]
701546B5    2064 6565 7020 7761 7465 7200 0000 0000  [ deep water     ]
701546BD    0000 0000 0000 0000 0000 0000 0014 7472  [              tr]
701546C5    616E 7376 6572 7369 6E67 2061 2063 6C69  [ansversing a cli]
701546CD    6666 0000 0000 0000 0000 0000 0000 0009  [ff              ]
701546D5    696E 2061 2063 6176 6500 0000 0000 0000  [in a cave       ]
701546DD    0000 0000 0000 0000 0000 0000 0000 0000  [                ]
701546E5    000B 696E 2061 2066 6F72 6573 7400 0000  [  in a forest   ]
701546ED    0000 0000 0000 0000 0000 0000 0000 0000  [                ]
701546F5    0000 0015 6F6E 2074 6F70 206F 6620 6120  [    on top of a ]
701546FD    666F 6F74 2068 696C 6C00 0000 0000 0000  [foot hill       ]
70154705    0000 0000 0014 6F6E 2074 6F70 206F 6620  [      on top of ]
7015470D    6120 6D6F 756E 7461 696E 0000 0000 0000  [a mountain      ]
70154715    0000 0000 0000 0009 6F6E 2061 2066 6F72  [        on a for]
7015471D    6400 0000 0000 0000 0000 0000 0000 0000  [d               ]
70154725    0000 0000 0000 0000 0009 6F6E 2061 2072  [          on a r]
7015472D    6F61 6400 0000 0000 0000 0000 0000 0000  [oad             ]
70154735    0000 0000 0000 0000 0000 000B 696E 2061  [            in a]
7015473D    2063 6173 746C 6500 0000 0000 0000 0000  [ castle         ]
70154745    0000 0000 0000 0000 0000 0000 000D 696E  [              in]
7015474D    2061 2062 7569 6C64 696E 6700 0000 0000  [ a building     ]
70154755    0000 0000 0000 0000 0000 0000 0000 000A  [                ]
7015475D    696E 2061 2073 746F 7265 0000 0000 0000  [in a store      ]
70154765    0000 0000 0000 0000 0000 0000 0000 0000  [                ]
7015476D    0012 6E65 7874 2074 6F20 6120 6361 7461  [  next to a cata]
70154775    7075 6C74 0000 0000 0000 0000 0000 0000  [pult            ]
7015477D    0000 0015 6E65 7874 2074 6F20 6120 7472  [    next to a tr]
70154785    616E 7370 6F72 7465 7200 0000 0000 0000  [ansporter       ]
7015478D    0000 0000 0009 6F6E 2061 2062 6F61 7400  [      on a boat ]
70154795    0000 0000 0000 0000 0000 0000 0000 0000  [                ]
7015479D    0000 0000 0000 000C 6E65 6172 2061 2074  [        near a t]
701547A5    6F77 6572 0000 0000 0000 0000 0000 0000  [ower            ]
701547AD    0000 0000 0000 0000 001A 6E65 6172 2074  [          near t]
701547B5    6865 2044 6172 6B20 4C6F 7264 2773 2053  [he Dark Lord's S]
701547BD    7461 6666 0000 0000 0000 0009 696E 2061  [taff        in a]
701547C5    2068 6F6C 6400 0000 0000 0000 0000 0000  [ hold           ]
701547CD    0000 0000 0000 0000 0000 0000 001A 6E65  [              ne]
701547D5    6172 2073 6F6D 6520 7368 6172 6473 206F  [ar some shards o]
701547DD    6620 416C 6269 6F6E 0000 0000 0000 0019  [f Albion        ]
701547E5    696E 2074 6865 2066 6F72 7472 6573 7320  [in the fortress ]
701547ED    6F66 2041 6C62 696F 6E00 0000 0000 0000  [of Albion       ]
701547F5    001E 6F6E 2074 6865 206F 7574 6572 2077  [  on the outer w]
701547FD    616C 6C20 6F66 2061 2063 6974 6164 656C  [all of a citadel]
70154805    0000 001E 6F6E 2074 6865 2069 6E6E 6572  [    on the inner]
7015480D    2077 616C 6C20 6F66 2061 2063 6974 6164  [ wall of a citad]
70154815    656C 0000 001B 696E 2074 6865 2068 6F6D  [el    in the hom]
7015481D    6520 6F66 2061 6E20 616C 6368 656D 6973  [e of an alchemis]
70154825    7400 0000 0000 001F 696E 2074 6865 2063  [t       in the c]
7015482D    6176 6520 6F66 2074 6865 2057 6869 7465  [ave of the White]
70154835    2044 7261 676F 6E00 000B 696E 2061 2074  [ Dragon   in a t]
7015483D    656D 706C 6500 0000 0000 0000 0000 0000  [emple           ]
70154845    0000 0000 0000 0000 0000 000B 696E 2061  [            in a]
7015484D    2064 6573 6572 7400 0000 0000 0000 0000  [ desert         ]
70154855    0000 0000 0000 0000 0000 0000 000C 6F6E  [              on]
7015485D    2061 2062 6172 7269 6572 0000 0000 0000  [ a barrier      ]
70154865    0000 0000 0000 0000 0000 0000 0000 0000  [                ]
7015486D    0006 7769 7A61 7264 0000 0000 0000 0000  [  wizard        ]
70154875    0000 0000 0000 0006 636C 6572 6963 0000  [        cleric  ]
7015487D    0000 0000 0000 0000 0000 0000 0005 6472  [              dr]
70154885    7569 6400 0000 0000 0000 0000 0000 0000  [uid             ]
7015488D    0000 0007 6669 6768 7465 7200 0000 0000  [    fighter     ]
70154895    0000 0000 0000 0000 0009 6261 7262 6172  [          barbar]
7015489D    6961 6E00 0000 0000 0000 0000 0000 0000  [ian             ]
701548A5    000F 6F6E 206C 6576 656C 2067 726F 756E  [  on level groun]
701548AD    6400 0000 0000 0000 0000 0000 0000 0000  [d               ]
701548B5    0000 000A 696E 2061 2073 7761 6D70 0000  [    in a swamp  ]
701548BD    0000 0000 0000 0000 0000 0000 0000 0000  [                ]
701548C5    0000 0000 0010 696E 2073 6861 6C6C 6F77  [      in shallow]
701548CD    2077 6174 6572 0000 0000 0000 0000 0000  [ water          ]
701548D5    0000 0000 0000 000F 6F76 6572 2064 6565  [        over dee]
701548DD    7020 7761 7465 7200 0000 0000 0000 0000  [p water         ]
701548E5    0000 0000 0000 0000 0014 7472 616E 7376  [          transv]
701548ED    6572 7369 6E67 2061 2063 6C69 6666 0000  [ersing a cliff  ]
701548F5    0000 0000 0000 0000 0000 0009 696E 2061  [            in a]
701548FD    2063 6176 6500 0000 0000 0000 0000 0000  [ cave           ]
70154905    0000 0000 0000 0000 0000 0000 000B 696E  [              in]
7015490D    2061 2066 6F72 6573 7400 0000 0000 0000  [ a forest       ]
70154915    0000 0000 0000 0000 0000 0000 0000 0015  [                ]
7015491D    6F6E 2074 6F70 206F 6620 6120 666F 6F74  [on top of a foot]
70154925    2068 696C 6C00 0000 0000 0000 0000 0000  [ hill           ]
7015492D    0014 6F6E 2074 6F70 206F 6620 6120 6D6F  [  on top of a mo]
70154935    756E 7461 696E 0000 0000 0000 0000 0000  [untain          ]
7015493D    0000 0009 6F6E 2061 2066 6F72 6400 0000  [    on a ford   ]
70154945    0000 0000 0000 0000 0000 0000 0000 0000  [                ]
7015494D    0000 0000 0009 6F6E 2061 2072 6F61 6400  [      on a road ]
70154955    0000 0000 0000 0000 0000 0000 0000 0000  [                ]
7015495D    0000 0000 0000 000B 696E 2061 2063 6173  [        in a cas]
70154965    746C 6500 0000 0000 0000 0000 0000 0000  [tle             ]
7015496D    0000 0000 0000 0000 000D 696E 2061 2062  [          in a b]
70154975    7569 6C64 696E 6700 0000 0000 0000 0000  [uilding         ]
7015497D    0000 0000 0000 0000 0000 000A 696E 2061  [            in a]
70154985    2073 746F 7265 0000 0000 0000 0000 0000  [ store          ]
7015498D    0000 0000 0000 0000 0000 0000 0012 6E65  [              ne]
70154995    7874 2074 6F20 6120 6361 7461 7075 6C74  [xt to a catapult]
7015499D    0000 0000 0000 0000 0000 0000 0000 0015  [                ]
701549A5    6E65 7874 2074 6F20 6120 7472 616E 7370  [next to a transp]
701549AD    6F72 7465 7200 0000 0000 0000 0000 0000  [orter           ]
701549B5    0009 6F6E 2061 2062 6F61 7400 0000 0000  [  on a boat     ]
701549BD    0000 0000 0000 0000 0000 0000 0000 0000  [                ]
701549C5    0000 000C 6E65 6172 2061 2074 6F77 6572  [    near a tower]
701549CD    0000 0000 0000 0000 0000 0000 0000 0000  [                ]
701549D5    0000 0000 001A 6E65 6172 2074 6865 2044  [      near the D]
701549DD    6172 6B20 4C6F 7264 2773 2053 7461 6666  [ark Lord's Staff]
701549E5    0000 0000 0000 0009 696E 2061 2068 6F6C  [        in a hol]
701549ED    6400 0000 0000 0000 0000 0000 0000 0000  [d               ]
701549F5    0000 0000 0000 0000 001A 6E65 6172 2073  [          near s]
701549FD    6F6D 6520 7368 6172 6473 206F 6620 416C  [ome shards of Al]
70154A05    6269 6F6E 0000 0000 0000 0019 696E 2074  [bion        in t]
70154A0D    6865 2066 6F72 7472 6573 7320 6F66 2041  [he fortress of A]
70154A15    6C62 696F 6E00 0000 0000 0000 001E 6F6E  [lbion         on]
70154A1D    2074 6865 206F 7574 6572 2077 616C 6C20  [ the outer wall ]
70154A25    6F66 2061 2063 6974 6164 656C 0000 001E  [of a citadel    ]
70154A2D    6F6E 2074 6865 2069 6E6E 6572 2077 616C  [on the inner wal]
70154A35    6C20 6F66 2061 2063 6974 6164 656C 0000  [l of a citadel  ]
70154A3D    001B 696E 2074 6865 2068 6F6D 6520 6F66  [  in the home of]
70154A45    2061 6E20 616C 6368 656D 6973 7400 0000  [ an alchemist   ]
70154A4D    0000 001F 696E 2074 6865 2063 6176 6520  [    in the cave ]
70154A55    6F66 2074 6865 2057 6869 7465 2044 7261  [of the White Dra]
70154A5D    676F 6E00 000B 696E 2061 2074 656D 706C  [gon   in a templ]
70154A65    6500 0000 0000 0000 0000 0000 0000 0000  [e               ]
70154A6D    0000 0000 0000 000B 696E 2061 2064 6573  [        in a des]
70154A75    6572 7400 0000 0000 0000 0000 0000 0000  [ert             ]
70154A7D    0000 0000 0000 0000 000C 6F6E 2061 2062  [          on a b]
70154A85    6172 7269 6572 0000 0000 0000 0000 0000  [arrier          ]
70154A8D    0000 0000 0000 0000 0000 0000 0006 7769  [              wi]
70154A95    7A61 7264 0000 0000 0000 0000 0000 0000  [zard            ]
70154A9D    0000 0006 636C 6572 6963 0000 0000 0000  [    cleric      ]
70154AA5    0000 0000 0000 0000 0005 6472 7569 6400  [          druid ]
70154AAD    0000 0000 0000 0000 0000 0000 0000 0007  [                ]
70154AB5    6669 6768 7465 7200 0000 0000 0000 0000  [fighter         ]
70154ABD    0000 0000 0009 6261 7262 6172 6961 6E00  [      barbarian ]
70154AC5    0000 0000 0000 0000 0000 0000 000F 6F6E  [              on]
70154ACD    206C 6576 656C 2067 726F 756E 6400 0000  [ level ground   ]
70154AD5    0000 0000 0000 0000 0000 0000 0000 000A  [                ]
70154ADD    696E 2061 2073 7761 6D70 0000 0000 0000  [in a swamp      ]
70154AE5    0000 0000 0000 0000 0000 0000 0000 0000  [                ]
70154AED    0010 696E 2073 6861 6C6C 6F77 2077 6174  [  in shallow wat]
70154AF5    6572 0000 0000 0000 0000 0000 0000 0000  [er              ]
70154AFD    0000 000F 6F76 6572 2064 6565 7020 7761  [    over deep wa]
70154B05    7465 7200 0000 0000 0000 0000 0000 0000  [ter             ]
70154B0D    0000 0000 0014 7472 616E 7376 6572 7369  [      transversi]
70154B15    6E67 2061 2063 6C69 6666 0000 0000 0000  [ng a cliff      ]
70154B1D    0000 0000 0000 0009 696E 2061 2063 6176  [        in a cav]
70154B25    6500 0000 0000 0000 0000 0000 0000 0000  [e               ]
70154B2D    0000 0000 0000 0000 000B 696E 2061 2066  [          in a f]
70154B35    6F72 6573 7400 0000 0000 0000 0000 0000  [orest           ]
70154B3D    0000 0000 0000 0000 0000 0015 6F6E 2074  [            on t]
70154B45    6F70 206F 6620 6120 666F 6F74 2068 696C  [op of a foot hil]
70154B4D    6C00 0000 0000 0000 0000 0000 0014 6F6E  [l             on]
70154B55    2074 6F70 206F 6620 6120 6D6F 756E 7461  [ top of a mounta]
70154B5D    696E 0000 0000 0000 0000 0000 0000 0009  [in              ]
70154B65    6F6E 2061 2066 6F72 6400 0000 0000 0000  [on a ford       ]
70154B6D    0000 0000 0000 0000 0000 0000 0000 0000  [                ]
70154B75    0009 6F6E 2061 2072 6F61 6400 0000 0000  [  on a road     ]
70154B7D    0000 0000 0000 0000 0000 0000 0000 0000  [                ]
70154B85    0000 000B 696E 2061 2063 6173 746C 6500  [    in a castle ]
70154B8D    0000 0000 0000 0000 0000 0000 0000 0000  [                ]
70154B95    0000 0000 000D 696E 2061 2062 7569 6C64  [      in a build]
70154B9D    696E 6700 0000 0000 0000 0000 0000 0000  [ing             ]
70154BA5    0000 0000 0000 000A 696E 2061 2073 746F  [        in a sto]
70154BAD    7265 0000 0000 0000 0000 0000 0000 0000  [re              ]
70154BB5    0000 0000 0000 0000 0012 6E65 7874 2074  [          next t]
70154BBD    6F20 6120 6361 7461 7075 6C74 0000 0000  [o a catapult    ]
70154BC5    0000 0000 0000 0000 0000 0015 6E65 7874  [            next]
70154BCD    2074 6F20 6120 7472 616E 7370 6F72 7465  [ to a transporte]
70154BD5    7200 0000 0000 0000 0000 0000 0009 6F6E  [r             on]
70154BDD    2061 2062 6F61 7400 0000 0000 0000 0000  [ a boat         ]
70154BE5    0000 0000 0000 0000 0000 0000 0000 000C  [                ]
70154BED    6E65 6172 2061 2074 6F77 6572 0000 0000  [near a tower    ]
70154BF5    0000 0000 0000 0000 0000 0000 0000 0000  [                ]
70154BFD    001A 6E65 6172 2074 6865 2044 6172 6B20  [  near the Dark ]
70154C05    4C6F 7264 2773 2053 7461 6666 0000 0000  [Lord's Staff    ]
70154C0D    0000 0009 696E 2061 2068 6F6C 6400 0000  [    in a hold   ]
70154C15    0000 0000 0000 0000 0000 0000 0000 0000  [                ]
70154C1D    0000 0000 001A 6E65 6172 2073 6F6D 6520  [      near some ]
70154C25    7368 6172 6473 206F 6620 416C 6269 6F6E  [shards of Albion]
70154C2D    0000 0000 0000 0019 696E 2074 6865 2066  [        in the f]
70154C35    6F72 7472 6573 7320 6F66 2041 6C62 696F  [ortress of Albio]
70154C3D    6E00 0000 0000 0000 001E 6F6E 2074 6865  [n         on the]
70154C45    206F 7574 6572 2077 616C 6C20 6F66 2061  [ outer wall of a]
70154C4D    2063 6974 6164 656C 0000 001E 6F6E 2074  [ citadel    on t]
70154C55    6865 2069 6E6E 6572 2077 616C 6C20 6F66  [he inner wall of]
70154C5D    2061 2063 6974 6164 656C 0000 001B 696E  [ a citadel    in]
70154C65    2074 6865 2068 6F6D 6520 6F66 2061 6E20  [ the home of an ]
70154C6D    616C 6368 656D 6973 7400 0000 0000 001F  [alchemist       ]
70154C75    696E 2074 6865 2063 6176 6520 6F66 2074  [in the cave of t]
70154C7D    6865 2057 6869 7465 2044 7261 676F 6E00  [he White Dragon ]
70154C85    000B 696E 2061 2074 656D 706C 6500 0000  [  in a temple   ]
70154C8D    0000 0000 0000 0000 0000 0000 0000 0000  [                ]
70154C95    0000 000B 696E 2061 2064 6573 6572 7400  [    in a desert ]
70154C9D    0000 0000 0000 0000 0000 0000 0000 0000  [                ]
70154CA5    0000 0000 000C 6F6E 2061 2062 6172 7269  [      on a barri]
70154CAD    6572 0000 0000 0000 0000 0000 0000 0000  [er              ]
70154CB5    0000 0000 0000 0000 0006 7769 7A61 7264  [          wizard]
70154CBD    0000 0000 0000 0000 0000 0000 0000 0006  [                ]
70154CC5    636C 6572 6963 0000 0000 0000 0000 0000  [cleric          ]
70154CCD    0000 0000 0005 6472 7569 6400 0000 0000  [      druid     ]
70154CD5    0000 0000 0000 0000 0000 0007 6669 6768  [            figh]
70154CDD    7465 7200 0000 0000 0000 0000 0000 0000  [ter             ]
70154CE5    0009 6261 7262 6172 6961 6E00 0000 0000  [  barbarian     ]
70154CED    0000 0000 0000 0000 000F 6F6E 206C 6576  [          on lev]
70154CF5    656C 2067 726F 756E 6400 0000 0000 0000  [el ground       ]
70154CFD    0000 0000 0000 0000 0000 000A 696E 2061  [            in a]
70154D05    2073 7761 6D70 0000 0000 0000 0000 0000  [ swamp          ]
70154D0D    0000 0000 0000 0000 0000 0000 0010 696E  [              in]
70154D15    2073 6861 6C6C 6F77 2077 6174 6572 0000  [ shallow water  ]
70154D1D    0000 0000 0000 0000 0000 0000 0000 000F  [                ]
70154D25    6F76 6572 2064 6565 7020 7761 7465 7200  [over deep water ]
70154D2D    0000 0000 0000 0000 0000 0000 0000 0000  [                ]
70154D35    0014 7472 616E 7376 6572 7369 6E67 2061  [  transversing a]
70154D3D    2063 6C69 6666 0000 0000 0000 0000 0000  [ cliff          ]
70154D45    0000 0009 696E 2061 2063 6176 6500 0000  [    in a cave   ]
70154D4D    0000 0000 0000 0000 0000 0000 0000 0000  [                ]
70154D55    0000 0000 000B 696E 2061 2066 6F72 6573  [      in a fores]
70154D5D    7400 0000 0000 0000 0000 0000 0000 0000  [t               ]
70154D65    0000 0000 0000 0015 6F6E 2074 6F70 206F  [        on top o]
70154D6D    6620 6120 666F 6F74 2068 696C 6C00 0000  [f a foot hill   ]
70154D75    0000 0000 0000 0000 0014 6F6E 2074 6F70  [          on top]
70154D7D    206F 6620 6120 6D6F 756E 7461 696E 0000  [ of a mountain  ]
70154D85    0000 0000 0000 0000 0000 0009 6F6E 2061  [            on a]
70154D8D    2066 6F72 6400 0000 0000 0000 0000 0000  [ ford           ]
70154D95    0000 0000 0000 0000 0000 0000 0009 6F6E  [              on]
70154D9D    2061 2072 6F61 6400 0000 0000 0000 0000  [ a road         ]
70154DA5    0000 0000 0000 0000 0000 0000 0000 000B  [                ]
70154DAD    696E 2061 2063 6173 746C 6500 0000 0000  [in a castle     ]
70154DB5    0000 0000 0000 0000 0000 0000 0000 0000  [                ]
70154DBD    000D 696E 2061 2062 7569 6C64 696E 6700  [  in a building ]
70154DC5    0000 0000 0000 0000 0000 0000 0000 0000  [                ]
70154DCD    0000 000A 696E 2061 2073 746F 7265 0000  [    in a store  ]
70154DD5    0000 0000 0000 0000 0000 0000 0000 0000  [                ]
70154DDD    0000 0000 0012 6E65 7874 2074 6F20 6120  [      next to a ]
70154DE5    6361 7461 7075 6C74 0000 0000 0000 0000  [catapult        ]
70154DED    0000 0000 0000 0015 6E65 7874 2074 6F20  [        next to ]
70154DF5    6120 7472 616E 7370 6F72 7465 7200 0000  [a transporter   ]
70154DFD    0000 0000 0000 0000 0009 6F6E 2061 2062  [          on a b]
70154E05    6F61 7400 0000 0000 0000 0000 0000 0000  [oat             ]
70154E0D    0000 0000 0000 0000 0000 000C 6E65 6172  [            near]
70154E15    2061 2074 6F77 6572 0000 0000 0000 0000  [ a tower        ]
70154E1D    0000 0000 0000 0000 0000 0000 001A 6E65  [              ne]
70154E25    6172 2074 6865 2044 6172 6B20 4C6F 7264  [ar the Dark Lord]
70154E2D    2773 2053 7461 6666 0000 0000 0000 0009  ['s Staff        ]
70154E35    696E 2061 2068 6F6C 6400 0000 0000 0000  [in a hold       ]
70154E3D    0000 0000 0000 0000 0000 0000 0000 0000  [                ]
70154E45    001A 6E65 6172 2073 6F6D 6520 7368 6172  [  near some shar]
70154E4D    6473 206F 6620 416C 6269 6F6E 0000 0000  [ds of Albion    ]
70154E55    0000 0019 696E 2074 6865 2066 6F72 7472  [    in the fortr]
70154E5D    6573 7320 6F66 2041 6C62 696F 6E00 0000  [ess of Albion   ]
70154E65    0000 0000 001E 6F6E 2074 6865 206F 7574  [      on the out]
70154E6D    6572 2077 616C 6C20 6F66 2061 2063 6974  [er wall of a cit]
70154E75    6164 656C 0000 001E 6F6E 2074 6865 2069  [adel    on the i]
70154E7D    6E6E 6572 2077 616C 6C20 6F66 2061 2063  [nner wall of a c]
70154E85    6974 6164 656C 0000 001B 696E 2074 6865  [itadel    in the]
70154E8D    2068 6F6D 6520 6F66 2061 6E20 616C 6368  [ home of an alch]
70154E95    656D 6973 7400 0000 0000 001F 696E 2074  [emist       in t]
70154E9D    6865 2063 6176 6520 6F66 2074 6865 2057  [he cave of the W]
70154EA5    6869 7465 2044 7261 676F 6E00 000B 696E  [hite Dragon   in]
70154EAD    2061 2074 656D 706C 6500 0000 0000 0000  [ a temple       ]
70154EB5    0000 0000 0000 0000 0000 0000 0000 000B  [                ]
70154EBD    696E 2061 2064 6573 6572 7400 0000 0000  [in a desert     ]
70154EC5    0000 0000 0000 0000 0000 0000 0000 0000  [                ]
70154ECD    000C 6F6E 2061 2062 6172 7269 6572 0000  [  on a barrier  ]
70154ED5    0000 0000 0000 0000 0000 0000 0000 0000  [                ]
70154EDD    0000 0000 0006 7769 7A61 7264 0000 0000  [      wizard    ]
70154EE5    0000 0000 0000 0000 0000 0006 636C 6572  [            cler]
70154EED    6963 0000 0000 0000 0000 0000 0000 0000  [ic              ]
70154EF5    0005 6472 7569 6400 0000 0000 0000 0000  [  druid         ]
70154EFD    0000 0000 0000 0007 6669 6768 7465 7200  [        fighter ]
70154F05    0000 0000 0000 0000 0000 0000 0009 6261  [              ba]
70154F0D    7262 6172 6961 6E00 0000 0000 0000 0000  [rbarian         ]
70154F15    0000 0000 000F 6F6E 206C 6576 656C 2067  [      on level g]
70154F1D    726F 756E 6400 0000 0000 0000 0000 0000  [round           ]
70154F25    0000 0000 0000 000A 696E 2061 2073 7761  [        in a swa]
70154F2D    6D70 0000 0000 0000 0000 0000 0000 0000  [mp              ]
70154F35    0000 0000 0000 0000 0010 696E 2073 6861  [          in sha]
70154F3D    6C6C 6F77 2077 6174 6572 0000 0000 0000  [llow water      ]
70154F45    0000 0000 0000 0000 0000 000F 6F76 6572  [            over]
70154F4D    2064 6565 7020 7761 7465 7200 0000 0000  [ deep water     ]
70154F55    0000 0000 0000 0000 0000 0000 0014 7472  [              tr]
70154F5D    616E 7376 6572 7369 6E67 2061 2063 6C69  [ansversing a cli]
70154F65    6666 0000 0000 0000 0000 0000 0000 0009  [ff              ]
70154F6D    696E 2061 2063 6176 6500 0000 0000 0000  [in a cave       ]
70154F75    0000 0000 0000 0000 0000 0000 0000 0000  [                ]
70154F7D    000B 696E 2061 2066 6F72 6573 7400 0000  [  in a forest   ]
70154F85    0000 0000 0000 0000 0000 0000 0000 0000  [                ]
70154F8D    0000 0015 6F6E 2074 6F70 206F 6620 6120  [    on top of a ]
70154F95    666F 6F74 2068 696C 6C00 0000 0000 0000  [foot hill       ]
70154F9D    0000 0000 0014 6F6E 2074 6F70 206F 6620  [      on top of ]
70154FA5    6120 6D6F 756E 7461 696E 0000 0000 0000  [a mountain      ]
70154FAD    0000 0000 0000 0009 6F6E 2061 2066 6F72  [        on a for]
70154FB5    6400 0000 0000 0000 0000 0000 0000 0000  [d               ]
70154FBD    0000 0000 0000 0000 0009 6F6E 2061 2072  [          on a r]
70154FC5    6F61 6400 0000 0000 0000 0000 0000 0000  [oad             ]
70154FCD    0000 0000 0000 0000 0000 000B 696E 2061  [            in a]
70154FD5    2063 6173 746C 6500 0000 0000 0000 0000  [ castle         ]
70154FDD    0000 0000 0000 0000 0000 0000 000D 696E  [              in]
70154FE5    2061 2062 7569 6C64 696E 6700 0000 0000  [ a building     ]
70154FED    0000 0000 0000 0000 0000 0000 0000 000A  [                ]
70154FF5    696E 2061 2073 746F 7265 0000 0000 0000  [in a store      ]
70154FFD    0000 0000 0000 0000 0000 0000 0000 0000  [                ]
70155005    0012 6E65 7874 2074 6F20 6120 6361 7461  [  next to a cata]
7015500D    7075 6C74 0000 0000 0000 0000 0000 0000  [pult            ]
70155015    0000 0015 6E65 7874 2074 6F20 6120 7472  [    next to a tr]
7015501D    616E 7370 6F72 7465 7200 0000 0000 0000  [ansporter       ]
70155025    0000 0000 0009 6F6E 2061 2062 6F61 7400  [      on a boat ]
7015502D    0000 0000 0000 0000 0000 0000 0000 0000  [                ]
70155035    0000 0000 0000 000C 6E65 6172 2061 2074  [        near a t]
7015503D    6F77 6572 0000 0000 0000 0000 0000 0000  [ower            ]
70155045    0000 0000 0000 0000 001A 6E65 6172 2074  [          near t]
7015504D    6865 2044 6172 6B20 4C6F 7264 2773 2053  [he Dark Lord's S]
70155055    7461 6666 0000 0000 0000 0009 696E 2061  [taff        in a]
7015505D    2068 6F6C 6400 0000 0000 0000 0000 0000  [ hold           ]
70155065    0000 0000 0000 0000 0000 0000 001A 6E65  [              ne]
7015506D    6172 2073 6F6D 6520 7368 6172 6473 206F  [ar some shards o]
70155075    6620 416C 6269 6F6E 0000 0000 0000 0019  [f Albion        ]
7015507D    696E 2074 6865 2066 6F72 7472 6573 7320  [in the fortress ]
70155085    6F66 2041 6C62 696F 6E00 0000 0000 0000  [of Albion       ]
7015508D    001E 6F6E 2074 6865 206F 7574 6572 2077  [  on the outer w]
70155095    616C 6C20 6F66 2061 2063 6974 6164 656C  [all of a citadel]
7015509D    0000 001E 6F6E 2074 6865 2069 6E6E 6572  [    on the inner]
701550A5    2077 616C 6C20 6F66 2061 2063 6974 6164  [ wall of a citad]
701550AD    656C 0000 001B 696E 2074 6865 2068 6F6D  [el    in the hom]
701550B5    6520 6F66 2061 6E20 616C 6368 656D 6973  [e of an alchemis]
701550BD    7400 0000 0000 001F 696E 2074 6865 2063  [t       in the c]
701550C5    6176 6520 6F66 2074 6865 2057 6869 7465  [ave of the White]
701550CD    2044 7261 676F 6E00 000B 696E 2061 2074  [ Dragon   in a t]
701550D5    656D 706C 6500 0000 0000 0000 0000 0000  [emple           ]
701550DD    0000 0000 0000 0000 0000 000B 696E 2061  [            in a]
701550E5    2064 6573 6572 7400 0000 0000 0000 0000  [ desert         ]
701550ED    0000 0000 0000 0000 0000 0000 000C 6F6E  [              on]
701550F5    2061 2062 6172 7269 6572 0000 0000 0000  [ a barrier      ]
701550FD    0000 0000 0000 0000 0000 0000 0000 0000  [                ]
70155105    0006 7769 7A61 7264 0000 0000 0000 0000  [  wizard        ]
7015510D    0000 0000 0000 0006 636C 6572 6963 0000  [        cleric  ]
70155115    0000 0000 0000 0000 0000 0000 0005 6472  [              dr]
7015511D    7569 6400 0000 0000 0000 0000 0000 0000  [uid             ]
70155125    0000 0007 6669 6768 7465 7200 0000 0000  [    fighter     ]
7015512D    0000 0000 0000 0000 0009 6261 7262 6172  [          barbar]
70155135    6961 6E00 0000 0000 0000 0000 0000 0000  [ian             ]
7015513D    000F 6F6E 206C 6576 656C 2067 726F 756E  [  on level groun]
70155145    6400 0000 0000 0000 0000 0000 0000 0000  [d               ]
7015514D    0000 000A 696E 2061 2073 7761 6D70 0000  [    in a swamp  ]
70155155    0000 0000 0000 0000 0000 0000 0000 0000  [                ]
7015515D    0000 0000 0010 696E 2073 6861 6C6C 6F77  [      in shallow]
70155165    2077 6174 6572 0000 0000 0000 0000 0000  [ water          ]
7015516D    0000 0000 0000 000F 6F76 6572 2064 6565  [        over dee]
70155175    7020 7761 7465 7200 0000 0000 0000 0000  [p water         ]
7015517D    0000 0000 0000 0000 0014 7472 616E 7376  [          transv]
70155185    6572 7369 6E67 2061 2063 6C69 6666 0000  [ersing a cliff  ]
7015518D    0000 0000 0000 0000 0000 0009 696E 2061  [            in a]
70155195    2063 6176 6500 0000 0000 0000 0000 0000  [ cave           ]
7015519D    0000 0000 0000 0000 0000 0000 000B 696E  [              in]
701551A5    2061 2066 6F72 6573 7400 0000 0000 0000  [ a forest       ]
701551AD    0000 0000 0000 0000 0000 0000 0000 0015  [                ]
701551B5    6F6E 2074 6F70 206F 6620 6120 666F 6F74  [on top of a foot]
701551BD    2068 696C 6C00 0000 0000 0000 0000 0000  [ hill           ]
701551C5    0014 6F6E 2074 6F70 206F 6620 6120 6D6F  [  on top of a mo]
701551CD    756E 7461 696E 0000 0000 0000 0000 0000  [untain          ]
701551D5    0000 0009 6F6E 2061 2066 6F72 6400 0000  [    on a ford   ]
701551DD    0000 0000 0000 0000 0000 0000 0000 0000  [                ]
701551E5    0000 0000 0009 6F6E 2061 2072 6F61 6400  [      on a road ]
701551ED    0000 0000 0000 0000 0000 0000 0000 0000  [                ]
701551F5    0000 0000 0000 000B 696E 2061 2063 6173  [        in a cas]
701551FD    746C 6500 0000 0000 0000 0000 0000 0000  [tle             ]
70155205    0000 0000 0000 0000 000D 696E 2061 2062  [          in a b]
7015520D    7569 6C64 696E 6700 0000 0000 0000 0000  [uilding         ]
70155215    0000 0000 0000 0000 0000 000A 696E 2061  [            in a]
7015521D    2073 746F 7265 0000 0000 0000 0000 0000  [ store          ]
70155225    0000 0000 0000 0000 0000 0000 0012 6E65  [              ne]
7015522D    7874 2074 6F20 6120 6361 7461 7075 6C74  [xt to a catapult]
70155235    0000 0000 0000 0000 0000 0000 0000 0015  [                ]
7015523D    6E65 7874 2074 6F20 6120 7472 616E 7370  [next to a transp]
70155245    6F72 7465 7200 0000 0000 0000 0000 0000  [orter           ]
7015524D    0009 6F6E 2061 2062 6F61 7400 0000 0000  [  on a boat     ]
70155255    0000 0000 0000 0000 0000 0000 0000 0000  [                ]
7015525D    0000 000C 6E65 6172 2061 2074 6F77 6572  [    near a tower]
70155265    0000 0000 0000 0000 0000 0000 0000 0000  [                ]
7015526D    0000 0000 001A 6E65 6172 2074 6865 2044  [      near the D]
70155275    6172 6B20 4C6F 7264 2773 2053 7461 6666  [ark Lord's Staff]
7015527D    0000 0000 0000 0009 696E 2061 2068 6F6C  [        in a hol]
70155285    6400 0000 0000 0000 0000 0000 0000 0000  [d               ]
7015528D    0000 0000 0000 0000 001A 6E65 6172 2073  [          near s]
70155295    6F6D 6520 7368 6172 6473 206F 6620 416C  [ome shards of Al]
7015529D    6269 6F6E 0000 0000 0000 0019 696E 2074  [bion        in t]
701552A5    6865 2066 6F72 7472 6573 7320 6F66 2041  [he fortress of A]
701552AD    6C62 696F 6E00 0000 0000 0000 001E 6F6E  [lbion         on]
701552B5    2074 6865 206F 7574 6572 2077 616C 6C20  [ the outer wall ]
701552BD    6F66 2061 2063 6974 6164 656C 0000 001E  [of a citadel    ]
701552C5    6F6E 2074 6865 2069 6E6E 6572 2077 616C  [on the inner wal]
701552CD    6C20 6F66 2061 2063 6974 6164 656C 0000  [l of a citadel  ]
701552D5    001B 696E 2074 6865 2068 6F6D 6520 6F66  [  in the home of]
701552DD    2061 6E20 616C 6368 656D 6973 7400 0000  [ an alchemist   ]
701552E5    0000 001F 696E 2074 6865 2063 6176 6520  [    in the cave ]
701552ED    6F66 2074 6865 2057 6869 7465 2044 7261  [of the White Dra]
701552F5    676F 6E00 000B 696E 2061 2074 656D 706C  [gon   in a templ]
701552FD    6500 0000 0000 0000 0000 0000 0000 0000  [e               ]
70155305    0000 0000 0000 000B 696E 2061 2064 6573  [        in a des]
7015530D    6572 7400 0000 0000 0000 0000 0000 0000  [ert             ]
70155315    0000 0000 0000 0000 000C 6F6E 2061 2062  [          on a b]
7015531D    6172 7269 6572 0000 0000 0000 0000 0000  [arrier          ]
70155325    0000 0000 0000 0000 0000 0000 0006 7769  [              wi]
7015532D    7A61 7264 0000 0000 0000 0000 0000 0000  [zard            ]
70155335    0000 0006 636C 6572 6963 0000 0000 0000  [    cleric      ]
7015533D    0000 0000 0000 0000 0005 6472 7569 6400  [          druid ]
70155345    0000 0000 0000 0000 0000 0000 0000 0007  [                ]
7015534D    6669 6768 7465 7200 0000 0000 0000 0000  [fighter         ]
70155355    0000 0000 0009 6261 7262 6172 6961 6E00  [      barbarian ]
7015535D    0000 0000 0000 0000 0000 0000 000F 6F6E  [              on]
70155365    206C 6576 656C 2067 726F 756E 6400 0000  [ level ground   ]
7015536D    0000 0000 0000 0000 0000 0000 0000 000A  [                ]
70155375    696E 2061 2073 7761 6D70 0000 0000 0000  [in a swamp      ]
7015537D    0000 0000 0000 0000 0000 0000 0000 0000  [                ]
70155385    0010 696E 2073 6861 6C6C 6F77 2077 6174  [  in shallow wat]
7015538D    6572 0000 0000 0000 0000 0000 0000 0000  [er              ]
70155395    0000 000F 6F76 6572 2064 6565 7020 7761  [    over deep wa]
7015539D    7465 7200 0000 0000 0000 0000 0000 0000  [ter             ]
701553A5    0000 0000 0014 7472 616E 7376 6572 7369  [      transversi]
701553AD    6E67 2061 2063 6C69 6666 0000 0000 0000  [ng a cliff      ]
701553B5    0000 0000 0000 0009 696E 2061 2063 6176  [        in a cav]
701553BD    6500 0000 0000 0000 0000 0000 0000 0000  [e               ]
701553C5    0000 0000 0000 0000 000B 696E 2061 2066  [          in a f]
701553CD    6F72 6573 7400 0000 0000 0000 0000 0000  [orest           ]
701553D5    0000 0000 0000 0000 0000 0015 6F6E 2074  [            on t]
701553DD    6F70 206F 6620 6120 666F 6F74 2068 696C  [op of a foot hil]
701553E5    6C00 0000 0000 0000 0000 0000 0014 6F6E  [l             on]
701553ED    2074 6F70 206F 6620 6120 6D6F 756E 7461  [ top of a mounta]
701553F5    696E 0000 0000 0000 0000 0000 0000 0009  [in              ]
701553FD    6F6E 2061 2066 6F72 6400 0000 0000 0000  [on a ford       ]
70155405    0000 0000 0000 0000 0000 0000 0000 0000  [                ]
7015540D    0009 6F6E 2061 2072 6F61 6400 0000 0000  [  on a road     ]
70155415    0000 0000 0000 0000 0000 0000 0000 0000  [                ]
7015541D    0000 000B 696E 2061 2063 6173 746C 6500  [    in a castle ]
70155425    0000 0000 0000 0000 0000 0000 0000 0000  [                ]
7015542D    0000 0000 000D 696E 2061 2062 7569 6C64  [      in a build]
70155435    696E 6700 0000 0000 0000 0000 0000 0000  [ing             ]
7015543D    0000 0000 0000 000A 696E 2061 2073 746F  [        in a sto]
70155445    7265 0000 0000 0000 0000 0000 0000 0000  [re              ]
7015544D    0000 0000 0000 0000 0012 6E65 7874 2074  [          next t]
70155455    6F20 6120 6361 7461 7075 6C74 0000 0000  [o a catapult    ]
7015545D    0000 0000 0000 0000 0000 0015 6E65 7874  [            next]
70155465    2074 6F20 6120 7472 616E 7370 6F72 7465  [ to a transporte]
7015546D    7200 0000 0000 0000 0000 0000 0009 6F6E  [r             on]
70155475    2061 2062 6F61 7400 0000 0000 0000 0000  [ a boat         ]
7015547D    0000 0000 0000 0000 0000 0000 0000 000C  [                ]
70155485    6E65 6172 2061 2074 6F77 6572 0000 0000  [near a tower    ]
7015548D    0000 0000 0000 0000 0000 0000 0000 0000  [                ]
70155495    001A 6E65 6172 2074 6865 2044 6172 6B20  [  near the Dark ]
7015549D    4C6F 7264 2773 2053 7461 6666 0000 0000  [Lord's Staff    ]
701554A5    0000 0009 696E 2061 2068 6F6C 6400 0000  [    in a hold   ]
701554AD    0000 0000 0000 0000 0000 0000 0000 0000  [                ]
701554B5    0000 0000 001A 6E65 6172 2073 6F6D 6520  [      near some ]
701554BD    7368 6172 6473 206F 6620 416C 6269 6F6E  [shards of Albion]
701554C5    0000 0000 0000 0019 696E 2074 6865 2066  [        in the f]
701554CD    6F72 7472 6573 7320 6F66 2041 6C62 696F  [ortress of Albio]
701554D5    6E00 0000 0000 0000 001E 6F6E 2074 6865  [n         on the]
701554DD    206F 7574 6572 2077 616C 6C20 6F66 2061  [ outer wall of a]
701554E5    2063 6974 6164 656C 0000 001E 6F6E 2074  [ citadel    on t]
701554ED    6865 2069 6E6E 6572 2077 616C 6C20 6F66  [he inner wall of]
701554F5    2061 2063 6974 6164 656C 0000 001B 696E  [ a citadel    in]
701554FD    2074 6865 2068 6F6D 6520 6F66 2061 6E20  [ the home of an ]
70155505    616C 6368 656D 6973 7400 0000 0000 001F  [alchemist       ]
7015550D    696E 2074 6865 2063 6176 6520 6F66 2074  [in the cave of t]
70155515    6865 2057 6869 7465 2044 7261 676F 6E00  [he White Dragon ]
7015551D    000B 696E 2061 2074 656D 706C 6500 0000  [  in a temple   ]
70155525    0000 0000 0000 0000 0000 0000 0000 0000  [                ]
7015552D    0000 000B 696E 2061 2064 6573 6572 7400  [    in a desert ]
70155535    0000 0000 0000 0000 0000 0000 0000 0000  [                ]
7015553D    0000 0000 000C 6F6E 2061 2062 6172 7269  [      on a barri]
70155545    6572 0000 0000 0000 0000 0000 0000 0000  [er              ]
7015554D    0000 0000 0000 0000 0006 7769 7A61 7264  [          wizard]
70155555    0000 0000 0000 0000 0000 0000 0000 0006  [                ]
7015555D    636C 6572 6963 0000 0000 0000 0000 0000  [cleric          ]
70155565    0000 0000 0005 6472 7569 6400 0000 0000  [      druid     ]
7015556D    0000 0000 0000 0000 0000 0007 6669 6768  [            figh]
70155575    7465 7200 0000 0000 0000 0000 0000 0000  [ter             ]
7015557D    0009 6261 7262 6172 6961 6E00 0000 0000  [  barbarian     ]
70155585    0000 0000 0000 0000 000F 6F6E 206C 6576  [          on lev]
7015558D    656C 2067 726F 756E 6400 0000 0000 0000  [el ground       ]
70155595    0000 0000 0000 0000 0000 000A 696E 2061  [            in a]
7015559D    2073 7761 6D70 0000 0000 0000 0000 0000  [ swamp          ]
701555A5    0000 0000 0000 0000 0000 0000 0010 696E  [              in]
701555AD    2073 6861 6C6C 6F77 2077 6174 6572 0000  [ shallow water  ]
701555B5    0000 0000 0000 0000 0000 0000 0000 000F  [                ]
701555BD    6F76 6572 2064 6565 7020 7761 7465 7200  [over deep water ]
701555C5    0000 0000 0000 0000 0000 0000 0000 0000  [                ]
701555CD    0014 7472 616E 7376 6572 7369 6E67 2061  [  transversing a]
701555D5    2063 6C69 6666 0000 0000 0000 0000 0000  [ cliff          ]
701555DD    0000 0009 696E 2061 2063 6176 6500 0000  [    in a cave   ]
701555E5    0000 0000 0000 0000 0000 0000 0000 0000  [                ]
701555ED    0000 0000 000B 696E 2061 2066 6F72 6573  [      in a fores]
701555F5    7400 0000 0000 0000 0000 0000 0000 0000  [t               ]
701555FD    0000 0000 0000 0015 6F6E 2074 6F70 206F  [        on top o]
70155605    6620 6120 666F 6F74 2068 696C 6C00 0000  [f a foot hill   ]
7015560D    0000 0000 0000 0000 0014 6F6E 2074 6F70  [          on top]
70155615    206F 6620 6120 6D6F 756E 7461 696E 0000  [ of a mountain  ]
7015561D    0000 0000 0000 0000 0000 0009 6F6E 2061  [            on a]
70155625    2066 6F72 6400 0000 0000 0000 0000 0000  [ ford           ]
7015562D    0000 0000 0000 0000 0000 0000 0009 6F6E  [              on]
70155635    2061 2072 6F61 6400 0000 0000 0000 0000  [ a road         ]
7015563D    0000 0000 0000 0000 0000 0000 0000 000B  [                ]
70155645    696E 2061 2063 6173 746C 6500 0000 0000  [in a castle     ]
7015564D    0000 0000 0000 0000 0000 0000 0000 0000  [                ]
70155655    000D 696E 2061 2062 7569 6C64 696E 6700  [  in a building ]
7015565D    0000 0000 0000 0000 0000 0000 0000 0000  [                ]
70155665    0000 000A 696E 2061 2073 746F 7265 0000  [    in a store  ]
7015566D    0000 0000 0000 0000 0000 0000 0000 0000  [                ]
70155675    0000 0000 0012 6E65 7874 2074 6F20 6120  [      next to a ]
7015567D    6361 7461 7075 6C74 0000 0000 0000 0000  [catapult        ]
70155685    0000 0000 0000 0015 6E65 7874 2074 6F20  [        next to ]
7015568D    6120 7472 616E 7370 6F72 7465 7200 0000  [a transporter   ]
70155695    0000 0000 0000 0000 0009 6F6E 2061 2062  [          on a b]
7015569D    6F61 7400 0000 0000 0000 0000 0000 0000  [oat             ]
701556A5    0000 0000 0000 0000 0000 000C 6E65 6172  [            near]
701556AD    2061 2074 6F77 6572 0000 0000 0000 0000  [ a tower        ]
701556B5    0000 0000 0000 0000 0000 0000 001A 6E65  [              ne]
701556BD    6172 2074 6865 2044 6172 6B20 4C6F 7264  [ar the Dark Lord]
701556C5    2773 2053 7461 6666 0000 0000 0000 0009  ['s Staff        ]
701556CD    696E 2061 2068 6F6C 6400 0000 0000 0000  [in a hold       ]
701556D5    0000 0000 0000 0000 0000 0000 0000 0000  [                ]
701556DD    001A 6E65 6172 2073 6F6D 6520 7368 6172  [  near some shar]
701556E5    6473 206F 6620 416C 6269 6F6E 0000 0000  [ds of Albion    ]
701556ED    0000 0019 696E 2074 6865 2066 6F72 7472  [    in the fortr]
701556F5    6573 7320 6F66 2041 6C62 696F 6E00 0000  [ess of Albion   ]
701556FD    0000 0000 001E 6F6E 2074 6865 206F 7574  [      on the out]
70155705    6572 2077 616C 6C20 6F66 2061 2063 6974  [er wall of a cit]
7015570D    6164 656C 0000 001E 6F6E 2074 6865 2069  [adel    on the i]
70155715    6E6E 6572 2077 616C 6C20 6F66 2061 2063  [nner wall of a c]
7015571D    6974 6164 656C 0000 001B 696E 2074 6865  [itadel    in the]
70155725    2068 6F6D 6520 6F66 2061 6E20 616C 6368  [ home of an alch]
7015572D    656D 6973 7400 0000 0000 001F 696E 2074  [emist       in t]
70155735    6865 2063 6176 6520 6F66 2074 6865 2057  [he cave of the W]
7015573D    6869 7465 2044 7261 676F 6E00 000B 696E  [hite Dragon   in]
70155745    2061 2074 656D 706C 6500 0000 0000 0000  [ a temple       ]
7015574D    0000 0000 0000 0000 0000 0000 0000 000B  [                ]
70155755    696E 2061 2064 6573 6572 7400 0000 0000  [in a desert     ]
7015575D    0000 0000 0000 0000 0000 0000 0000 0000  [                ]
70155765    000C 6F6E 2061 2062 6172 7269 6572 0000  [  on a barrier  ]
7015576D    0000 0000 0000 0000 0000 0000 0000 0000  [                ]
70155775    0000 0006 0005 0000 0006 7769 7A61 7264  [          wizard]
7015577D    0000 0000 0000 0000 0000 0000 0000 0006  [                ]
70155785    636C 6572 6963 0000 0000 0000 0000 0000  [cleric          ]
7015578D    0000 0000 0005 6472 7569 6400 0000 0000  [      druid     ]
70155795    0000 0000 0000 0000 0000 0007 6669 6768  [            figh]
7015579D    7465 7200 0000 0000 0000 0000 0000 0000  [ter             ]
701557A5    0009 6261 7262 6172 6961 6E00 0000 0000  [  barbarian     ]
701557AD    0000 0000 0000 0000 000F 6F6E 206C 6576  [          on lev]
701557B5    656C 2067 726F 756E 6400 0000 0000 0000  [el ground       ]
701557BD    0000 0000 0000 0000 0000 000A 696E 2061  [            in a]
701557C5    2073 7761 6D70 0000 0000 0000 0000 0000  [ swamp          ]
701557CD    0000 0000 0000 0000 0000 0000 0010 696E  [              in]
701557D5    2073 6861 6C6C 6F77 2077 6174 6572 0000  [ shallow water  ]
701557DD    0000 0000 0000 0000 0000 0000 0000 000F  [                ]
701557E5    6F76 6572 2064 6565 7020 7761 7465 7200  [over deep water ]
701557ED    0000 0000 0000 0000 0000 0000 0000 0000  [                ]
701557F5    0014 7472 616E 7376 6572 7369 6E67 2061  [  transversing a]
701557FD    2063 6C69 6666 0000 0000 0000 0000 0000  [ cliff          ]
70155805    0000 0009 696E 2061 2063 6176 6500 0000  [    in a cave   ]
7015580D    0000 0000 0000 0000 0000 0000 0000 0000  [                ]
70155815    0000 0000 000B 696E 2061 2066 6F72 6573  [      in a fores]
7015581D    7400 0000 0000 0000 0000 0000 0000 0000  [t               ]
70155825    0000 0000 0000 0015 6F6E 2074 6F70 206F  [        on top o]
7015582D    6620 6120 666F 6F74 2068 696C 6C00 0000  [f a foot hill   ]
70155835    0000 0000 0000 0000 0014 6F6E 2074 6F70  [          on top]
7015583D    206F 6620 6120 6D6F 756E 7461 696E 0000  [ of a mountain  ]
70155845    0000 0000 0000 0000 0000 0009 6F6E 2061  [            on a]
7015584D    2066 6F72 6400 0000 0000 0000 0000 0000  [ ford           ]
70155855    0000 0000 0000 0000 0000 0000 0009 6F6E  [              on]
7015585D    2061 2072 6F61 6400 0000 0000 0000 0000  [ a road         ]
70155865    0000 0000 0000 0000 0000 0000 0000 000B  [                ]
7015586D    696E 2061 2063 6173 746C 6500 0000 0000  [in a castle     ]
70155875    0000 0000 0000 0000 0000 0000 0000 0000  [                ]
7015587D    000D 696E 2061 2062 7569 6C64 696E 6700  [  in a building ]
70155885    0000 0000 0000 0000 0000 0000 0000 0000  [                ]
7015588D    0000 000A 696E 2061 2073 746F 7265 0000  [    in a store  ]
70155895    0000 0000 0000 0000 0000 0000 0000 0000  [                ]
7015589D    0000 0000 0012 6E65 7874 2074 6F20 6120  [      next to a ]
701558A5    6361 7461 7075 6C74 0000 0000 0000 0000  [catapult        ]
701558AD    0000 0000 0000 0015 6E65 7874 2074 6F20  [        next to ]
701558B5    6120 7472 616E 7370 6F72 7465 7200 0000  [a transporter   ]
701558BD    0000 0000 0000 0000 0009 6F6E 2061 2062  [          on a b]
701558C5    6F61 7400 0000 0000 0000 0000 0000 0000  [oat             ]
701558CD    0000 0000 0000 0000 0000 000C 6E65 6172  [            near]
701558D5    2061 2074 6F77 6572 0000 0000 0000 0000  [ a tower        ]
701558DD    0000 0000 0000 0000 0000 0000 001A 6E65  [              ne]
701558E5    6172 2074 6865 2044 6172 6B20 4C6F 7264  [ar the Dark Lord]
701558ED    2773 2053 7461 6666 0000 0000 0000 0009  ['s Staff        ]
701558F5    696E 2061 2068 6F6C 6400 0000 0000 0000  [in a hold       ]
701558FD    0000 0000 0000 0000 0000 0000 0000 0000  [                ]
70155905    001A 6E65 6172 2073 6F6D 6520 7368 6172  [  near some shar]
7015590D    6473 206F 6620 416C 6269 6F6E 0000 0000  [ds of Albion    ]
70155915    0000 0019 696E 2074 6865 2066 6F72 7472  [    in the fortr]
7015591D    6573 7320 6F66 2041 6C62 696F 6E00 0000  [ess of Albion   ]
70155925    0000 0000 001E 6F6E 2074 6865 206F 7574  [      on the out]
7015592D    6572 2077 616C 6C20 6F66 2061 2063 6974  [er wall of a cit]
70155935    6164 656C 0000 001E 6F6E 2074 6865 2069  [adel    on the i]
7015593D    6E6E 6572 2077 616C 6C20 6F66 2061 2063  [nner wall of a c]
70155945    6974 6164 656C 0000 001B 696E 2074 6865  [itadel    in the]
7015594D    2068 6F6D 6520 6F66 2061 6E20 616C 6368  [ home of an alch]
70155955    656D 6973 7400 0000 0000 001F 696E 2074  [emist       in t]
7015595D    6865 2063 6176 6520 6F66 2074 6865 2057  [he cave of the W]
70155965    6869 7465 2044 7261 676F 6E00 000B 696E  [hite Dragon   in]
7015596D    2061 2074 656D 706C 6500 0000 0000 0000  [ a temple       ]
70155975    0000 0000 0000 0000 0000 0000 0000 000B  [                ]
7015597D    696E 2061 2064 6573 6572 7400 0000 0000  [in a desert     ]
70155985    0000 0000 0000 0000 0000 0000 0000 0000  [                ]
7015598D    000C 6F6E 2061 2062 6172 7269 6572 0000  [  on a barrier  ]
70155995    0000 0000 0000 0000 0000 0000 0000 0000  [                ]
7015599D    0000 0000 0006 7769 7A61 7264 0000 0000  [      wizard    ]
701559A5    0000 0000 0000 0000 0000 0006 636C 6572  [            cler]
701559AD    6963 0000 0000 0000 0000 0000 0000 0000  [ic              ]
701559B5    0005 6472 7569 6400 0000 0000 0000 0000  [  druid         ]
701559BD    0000 0000 0000 0007 6669 6768 7465 7200  [        fighter ]
701559C5    0000 0000 0000 0000 0000 0000 0009 6261  [              ba]
701559CD    7262 6172 6961 6E00 0000 0000 0000 0000  [rbarian         ]
701559D5    0000 0000 000F 6F6E 206C 6576 656C 2067  [      on level g]
701559DD    726F 756E 6400 0000 0000 0000 0000 0000  [round           ]
701559E5    0000 0000 0000 000A 696E 2061 2073 7761  [        in a swa]
701559ED    6D70 0000 0000 0000 0000 0000 0000 0000  [mp              ]
701559F5    0000 0000 0000 0000 0010 696E 2073 6861  [          in sha]
701559FD    6C6C 6F77 2077 6174 6572 0000 0000 0000  [llow water      ]
70155A05    0000 0000 0000 0000 0000 000F 6F76 6572  [            over]
70155A0D    2064 6565 7020 7761 7465 7200 0000 0000  [ deep water     ]
70155A15    0000 0000 0000 0000 0000 0000 0014 7472  [              tr]
70155A1D    616E 7376 6572 7369 6E67 2061 2063 6C69  [ansversing a cli]
70155A25    6666 0000 0000 0000 0000 0000 0000 0009  [ff              ]
70155A2D    696E 2061 2063 6176 6500 0000 0000 0000  [in a cave       ]
70155A35    0000 0000 0000 0000 0000 0000 0000 0000  [                ]
70155A3D    000B 696E 2061 2066 6F72 6573 7400 0000  [  in a forest   ]
70155A45    0000 0000 0000 0000 0000 0000 0000 0000  [                ]
70155A4D    0000 0015 6F6E 2074 6F70 206F 6620 6120  [    on top of a ]
70155A55    666F 6F74 2068 696C 6C00 0000 0000 0000  [foot hill       ]
70155A5D    0000 0000 0014 6F6E 2074 6F70 206F 6620  [      on top of ]
70155A65    6120 6D6F 756E 7461 696E 0000 0000 0000  [a mountain      ]
70155A6D    0000 0000 0000 0009 6F6E 2061 2066 6F72  [        on a for]
70155A75    6400 0000 0000 0000 0000 0000 0000 0000  [d               ]
70155A7D    0000 0000 0000 0000 0009 6F6E 2061 2072  [          on a r]
70155A85    6F61 6400 0000 0000 0000 0000 0000 0000  [oad             ]
70155A8D    0000 0000 0000 0000 0000 000B 696E 2061  [            in a]
70155A95    2063 6173 746C 6500 0000 0000 0000 0000  [ castle         ]
70155A9D    0000 0000 0000 0000 0000 0000 000D 696E  [              in]
70155AA5    2061 2062 7569 6C64 696E 6700 0000 0000  [ a building     ]
70155AAD    0000 0000 0000 0000 0000 0000 0000 000A  [                ]
70155AB5    696E 2061 2073 746F 7265 0000 0000 0000  [in a store      ]
70155ABD    0000 0000 0000 0000 0000 0000 0000 0000  [                ]
70155AC5    0012 6E65 7874 2074 6F20 6120 6361 7461  [  next to a cata]
70155ACD    7075 6C74 0000 0000 0000 0000 0000 0000  [pult            ]
70155AD5    0000 0015 6E65 7874 2074 6F20 6120 7472  [    next to a tr]
70155ADD    616E 7370 6F72 7465 7200 0000 0000 0000  [ansporter       ]
70155AE5    0000 0000 0009 6F6E 2061 2062 6F61 7400  [      on a boat ]
70155AED    0000 0000 0000 0000 0000 0000 0000 0000  [                ]
70155AF5    0000 0000 0000 000C 6E65 6172 2061 2074  [        near a t]
70155AFD    6F77 6572 0000 0000 0000 0000 0000 0000  [ower            ]
70155B05    0000 0000 0000 0000 001A 6E65 6172 2074  [          near t]
70155B0D    6865 2044 6172 6B20 4C6F 7264 2773 2053  [he Dark Lord's S]
70155B15    7461 6666 0000 0000 0000 0009 696E 2061  [taff        in a]
70155B1D    2068 6F6C 6400 0000 0000 0000 0000 0000  [ hold           ]
70155B25    0000 0000 0000 0000 0000 0000 001A 6E65  [              ne]
70155B2D    6172 2073 6F6D 6520 7368 6172 6473 206F  [ar some shards o]
70155B35    6620 416C 6269 6F6E 0000 0000 0000 0019  [f Albion        ]
70155B3D    696E 2074 6865 2066 6F72 7472 6573 7320  [in the fortress ]
70155B45    6F66 2041 6C62 696F 6E00 0000 0000 0000  [of Albion       ]
70155B4D    001E 6F6E 2074 6865 206F 7574 6572 2077  [  on the outer w]
70155B55    616C 6C20 6F66 2061 2063 6974 6164 656C  [all of a citadel]
70155B5D    0000 001E 6F6E 2074 6865 2069 6E6E 6572  [    on the inner]
70155B65    2077 616C 6C20 6F66 2061 2063 6974 6164  [ wall of a citad]
70155B6D    656C 0000 001B 696E 2074 6865 2068 6F6D  [el    in the hom]
70155B75    6520 6F66 2061 6E20 616C 6368 656D 6973  [e of an alchemis]
70155B7D    7400 0000 0000 001F 696E 2074 6865 2063  [t       in the c]
70155B85    6176 6520 6F66 2074 6865 2057 6869 7465  [ave of the White]
70155B8D    2044 7261 676F 6E00 000B 696E 2061 2074  [ Dragon   in a t]
70155B95    656D 706C 6500 0000 0000 0000 0000 0000  [emple           ]
70155B9D    0000 0000 0000 0000 0000 000B 696E 2061  [            in a]
70155BA5    2064 6573 6572 7400 0000 0000 0000 0000  [ desert         ]
70155BAD    0000 0000 0000 0000 0000 0000 000C 6F6E  [              on]
70155BB5    2061 2062 6172 7269 6572 0000 0000 0000  [ a barrier      ]
70155BBD    0000 0000 0000 0000 0000 0000 0000 0000  [                ]
70155BC5    0006 7769 7A61 7264 0000 0000 0000 0000  [  wizard        ]
70155BCD    0000 0000 0000 0006 636C 6572 6963 0000  [        cleric  ]
70155BD5    0000 0000 0000 0000 0000 0000 0005 6472  [              dr]
70155BDD    7569 6400 0000 0000 0000 0000 0000 0000  [uid             ]
70155BE5    0000 0007 6669 6768 7465 7200 0000 0000  [    fighter     ]
70155BED    0000 0000 0000 0000 0009 6261 7262 6172  [          barbar]
70155BF5    6961 6E00 0000 0000 0000 0000 0000 0000  [ian             ]
70155BFD    000F 6F6E 206C 6576 656C 2067 726F 756E  [  on level groun]
70155C05    6400 0000 0000 0000 0000 0000 0000 0000  [d               ]
70155C0D    0000 000A 696E 2061 2073 7761 6D70 0000  [    in a swamp  ]
70155C15    0000 0000 0000 0000 0000 0000 0000 0000  [                ]
70155C1D    0000 0000 0010 696E 2073 6861 6C6C 6F77  [      in shallow]
70155C25    2077 6174 6572 0000 0000 0000 0000 0000  [ water          ]
70155C2D    0000 0000 0000 000F 6F76 6572 2064 6565  [        over dee]
70155C35    7020 7761 7465 7200 0000 0000 0000 0000  [p water         ]
70155C3D    0000 0000 0000 0000 0014 7472 616E 7376  [          transv]
70155C45    6572 7369 6E67 2061 2063 6C69 6666 0000  [ersing a cliff  ]
70155C4D    0000 0000 0000 0000 0000 0009 696E 2061  [            in a]
70155C55    2063 6176 6500 0000 0000 0000 0000 0000  [ cave           ]
70155C5D    0000 0000 0000 0000 0000 0000 000B 696E  [              in]
70155C65    2061 2066 6F72 6573 7400 0000 0000 0000  [ a forest       ]
70155C6D    0000 0000 0000 0000 0000 0000 0000 0015  [                ]
70155C75    6F6E 2074 6F70 206F 6620 6120 666F 6F74  [on top of a foot]
70155C7D    2068 696C 6C00 0000 0000 0000 0000 0000  [ hill           ]
70155C85    0014 6F6E 2074 6F70 206F 6620 6120 6D6F  [  on top of a mo]
70155C8D    756E 7461 696E 0000 0000 0000 0000 0000  [untain          ]
70155C95    0000 0009 6F6E 2061 2066 6F72 6400 0000  [    on a ford   ]
70155C9D    0000 0000 0000 0000 0000 0000 0000 0000  [                ]
70155CA5    0000 0000 0009 6F6E 2061 2072 6F61 6400  [      on a road ]
70155CAD    0000 0000 0000 0000 0000 0000 0000 0000  [                ]
70155CB5    0000 0000 0000 000B 696E 2061 2063 6173  [        in a cas]
70155CBD    746C 6500 0000 0000 0000 0000 0000 0000  [tle             ]
70155CC5    0000 0000 0000 0000 000D 696E 2061 2062  [          in a b]
70155CCD    7569 6C64 696E 6700 0000 0000 0000 0000  [uilding         ]
70155CD5    0000 0000 0000 0000 0000 000A 696E 2061  [            in a]
70155CDD    2073 746F 7265 0000 0000 0000 0000 0000  [ store          ]
70155CE5    0000 0000 0000 0000 0000 0000 0012 6E65  [              ne]
70155CED    7874 2074 6F20 6120 6361 7461 7075 6C74  [xt to a catapult]
70155CF5    0000 0000 0000 0000 0000 0000 0000 0015  [                ]
70155CFD    6E65 7874 2074 6F20 6120 7472 616E 7370  [next to a transp]
70155D05    6F72 7465 7200 0000 0000 0000 0000 0000  [orter           ]
70155D0D    0009 6F6E 2061 2062 6F61 7400 0000 0000  [  on a boat     ]
70155D15    0000 0000 0000 0000 0000 0000 0000 0000  [                ]
70155D1D    0000 000C 6E65 6172 2061 2074 6F77 6572  [    near a tower]
70155D25    0000 0000 0000 0000 0000 0000 0000 0000  [                ]
70155D2D    0000 0000 001A 6E65 6172 2074 6865 2044  [      near the D]
70155D35    6172 6B20 4C6F 7264 2773 2053 7461 6666  [ark Lord's Staff]
70155D3D    0000 0000 0000 0009 696E 2061 2068 6F6C  [        in a hol]
70155D45    6400 0000 0000 0000 0000 0000 0000 0000  [d               ]
70155D4D    0000 0000 0000 0000 001A 6E65 6172 2073  [          near s]
70155D55    6F6D 6520 7368 6172 6473 206F 6620 416C  [ome shards of Al]
70155D5D    6269 6F6E 0000 0000 0000 0019 696E 2074  [bion        in t]
70155D65    6865 2066 6F72 7472 6573 7320 6F66 2041  [he fortress of A]
70155D6D    6C62 696F 6E00 0000 0000 0000 001E 6F6E  [lbion         on]
70155D75    2074 6865 206F 7574 6572 2077 616C 6C20  [ the outer wall ]
70155D7D    6F66 2061 2063 6974 6164 656C 0000 001E  [of a citadel    ]
70155D85    6F6E 2074 6865 2069 6E6E 6572 2077 616C  [on the inner wal]
70155D8D    6C20 6F66 2061 2063 6974 6164 656C 0000  [l of a citadel  ]
70155D95    001B 696E 2074 6865 2068 6F6D 6520 6F66  [  in the home of]
70155D9D    2061 6E20 616C 6368 656D 6973 7400 0000  [ an alchemist   ]
70155DA5    0000 001F 696E 2074 6865 2063 6176 6520  [    in the cave ]
70155DAD    6F66 2074 6865 2057 6869 7465 2044 7261  [of the White Dra]
70155DB5    676F 6E00 000B 696E 2061 2074 656D 706C  [gon   in a templ]
70155DBD    6500 0000 0000 0000 0000 0000 0000 0000  [e               ]
70155DC5    0000 0000 0000 000B 696E 2061 2064 6573  [        in a des]
70155DCD    6572 7400 0000 0000 0000 0000 0000 0000  [ert             ]
70155DD5    0000 0000 0000 0000 000C 6F6E 2061 2062  [          on a b]
70155DDD    6172 7269 6572 0000 0000 0000 0000 0000  [arrier          ]
70155DE5    0000 0000 0000 0000 0000 0000 0006 7769  [              wi]
70155DED    7A61 7264 0000 0000 0000 0000 0000 0000  [zard            ]
70155DF5    0000 0006 636C 6572 6963 0000 0000 0000  [    cleric      ]
70155DFD    0000 0000 0000 0000 0005 6472 7569 6400  [          druid ]
70155E05    0000 0000 0000 0000 0000 0000 0000 0007  [                ]
70155E0D    6669 6768 7465 7200 0000 0000 0000 0000  [fighter         ]
70155E15    0000 0000 0009 6261 7262 6172 6961 6E00  [      barbarian ]
70155E1D    0000 0000 0000 0000 0000 0000 000F 6F6E  [              on]
70155E25    206C 6576 656C 2067 726F 756E 6400 0000  [ level ground   ]
70155E2D    0000 0000 0000 0000 0000 0000 0000 000A  [                ]
70155E35    696E 2061 2073 7761 6D70 0000 0000 0000  [in a swamp      ]
70155E3D    0000 0000 0000 0000 0000 0000 0000 0000  [                ]
70155E45    0010 696E 2073 6861 6C6C 6F77 2077 6174  [  in shallow wat]
70155E4D    6572 0000 0000 0000 0000 0000 0000 0000  [er              ]
70155E55    0000 000F 6F76 6572 2064 6565 7020 7761  [    over deep wa]
70155E5D    7465 7200 0000 0000 0000 0000 0000 0000  [ter             ]
70155E65    0000 0000 0014 7472 616E 7376 6572 7369  [      transversi]
70155E6D    6E67 2061 2063 6C69 6666 0000 0000 0000  [ng a cliff      ]
70155E75    0000 0000 0000 0009 696E 2061 2063 6176  [        in a cav]
70155E7D    6500 0000 0000 0000 0000 0000 0000 0000  [e               ]
70155E85    0000 0000 0000 0000 000B 696E 2061 2066  [          in a f]
70155E8D    6F72 6573 7400 0000 0000 0000 0000 0000  [orest           ]
70155E95    0000 0000 0000 0000 0000 0015 6F6E 2074  [            on t]
70155E9D    6F70 206F 6620 6120 666F 6F74 2068 696C  [op of a foot hil]
70155EA5    6C00 0000 0000 0000 0000 0000 0014 6F6E  [l             on]
70155EAD    2074 6F70 206F 6620 6120 6D6F 756E 7461  [ top of a mounta]
70155EB5    696E 0000 0000 0000 0000 0000 0000 0009  [in              ]
70155EBD    6F6E 2061 2066 6F72 6400 0000 0000 0000  [on a ford       ]
70155EC5    0000 0000 0000 0000 0000 0000 0000 0000  [                ]
70155ECD    0009 6F6E 2061 2072 6F61 6400 0000 0000  [  on a road     ]
70155ED5    0000 0000 0000 0000 0000 0000 0000 0000  [                ]
70155EDD    0000 000B 696E 2061 2063 6173 746C 6500  [    in a castle ]
70155EE5    0000 0000 0000 0000 0000 0000 0000 0000  [                ]
70155EED    0000 0000 000D 696E 2061 2062 7569 6C64  [      in a build]
70155EF5    696E 6700 0000 0000 0000 0000 0000 0000  [ing             ]
70155EFD    0000 0000 0000 000A 696E 2061 2073 746F  [        in a sto]
70155F05    7265 0000 0000 0000 0000 0000 0000 0000  [re              ]
70155F0D    0000 0000 0000 0000 0012 6E65 7874 2074  [          next t]
70155F15    6F20 6120 6361 7461 7075 6C74 0000 0000  [o a catapult    ]
70155F1D    0000 0000 0000 0000 0000 0015 6E65 7874  [            next]
70155F25    2074 6F20 6120 7472 616E 7370 6F72 7465  [ to a transporte]
70155F2D    7200 0000 0000 0000 0000 0000 0009 6F6E  [r             on]
70155F35    2061 2062 6F61 7400 0000 0000 0000 0000  [ a boat         ]
70155F3D    0000 0000 0000 0000 0000 0000 0000 000C  [                ]
70155F45    6E65 6172 2061 2074 6F77 6572 0000 0000  [near a tower    ]
70155F4D    0000 0000 0000 0000 0000 0000 0000 0000  [                ]
70155F55    001A 6E65 6172 2074 6865 2044 6172 6B20  [  near the Dark ]
70155F5D    4C6F 7264 2773 2053 7461 6666 0000 0000  [Lord's Staff    ]
70155F65    0000 0009 696E 2061 2068 6F6C 6400 0000  [    in a hold   ]
70155F6D    0000 0000 0000 0000 0000 0000 0000 0000  [                ]
70155F75    0000 0000 001A 6E65 6172 2073 6F6D 6520  [      near some ]
70155F7D    7368 6172 6473 206F 6620 416C 6269 6F6E  [shards of Albion]
70155F85    0000 0000 0000 0019 696E 2074 6865 2066  [        in the f]
70155F8D    6F72 7472 6573 7320 6F66 2041 6C62 696F  [ortress of Albio]
70155F95    6E00 0000 0000 0000 001E 6F6E 2074 6865  [n         on the]
70155F9D    206F 7574 6572 2077 616C 6C20 6F66 2061  [ outer wall of a]
70155FA5    2063 6974 6164 656C 0000 001E 6F6E 2074  [ citadel    on t]
70155FAD    6865 2069 6E6E 6572 2077 616C 6C20 6F66  [he inner wall of]
70155FB5    2061 2063 6974 6164 656C 0000 001B 696E  [ a citadel    in]
70155FBD    2074 6865 2068 6F6D 6520 6F66 2061 6E20  [ the home of an ]
70155FC5    616C 6368 656D 6973 7400 0000 0000 001F  [alchemist       ]
70155FCD    696E 2074 6865 2063 6176 6520 6F66 2074  [in the cave of t]
70155FD5    6865 2057 6869 7465 2044 7261 676F 6E00  [he White Dragon ]
70155FDD    000B 696E 2061 2074 656D 706C 6500 0000  [  in a temple   ]
70155FE5    0000 0000 0000 0000 0000 0000 0000 0000  [                ]
70155FED    0000 000B 696E 2061 2064 6573 6572 7400  [    in a desert ]
70155FF5    0000 0000 0000 0000 0000 0000 0000 0000  [                ]
70155FFD    0000 0000 000C 6F6E 2061 2062 6172 7269  [      on a barri]
70156005    6572 0000 0000 0000 0000 0000 0000 0000  [er              ]
7015600D    0000 0000 0000 0000 0006 7769 7A61 7264  [          wizard]
70156015    0000 0000 0000 0000 0000 0000 0000 0006  [                ]
7015601D    636C 6572 6963 0000 0000 0000 0000 0000  [cleric          ]
70156025    0000 0000 0005 6472 7569 6400 0000 0000  [      druid     ]
7015602D    0000 0000 0000 0000 0000 0007 6669 6768  [            figh]
70156035    7465 7200 0000 0000 0000 0000 0000 0000  [ter             ]
7015603D    0009 6261 7262 6172 6961 6E00 0000 0000  [  barbarian     ]
70156045    0000 0000 0000 0000 000F 6F6E 206C 6576  [          on lev]
7015604D    656C 2067 726F 756E 6400 0000 0000 0000  [el ground       ]
70156055    0000 0000 0000 0000 0000 000A 696E 2061  [            in a]
7015605D    2073 7761 6D70 0000 0000 0000 0000 0000  [ swamp          ]
70156065    0000 0000 0000 0000 0000 0000 0010 696E  [              in]
7015606D    2073 6861 6C6C 6F77 2077 6174 6572 0000  [ shallow water  ]
70156075    0000 0000 0000 0000 0000 0000 0000 000F  [                ]
7015607D    6F76 6572 2064 6565 7020 7761 7465 7200  [over deep water ]
70156085    0000 0000 0000 0000 0000 0000 0000 0000  [                ]
7015608D    0014 7472 616E 7376 6572 7369 6E67 2061  [  transversing a]
70156095    2063 6C69 6666 0000 0000 0000 0000 0000  [ cliff          ]
7015609D    0000 0009 696E 2061 2063 6176 6500 0000  [    in a cave   ]
701560A5    0000 0000 0000 0000 0000 0000 0000 0000  [                ]
701560AD    0000 0000 000B 696E 2061 2066 6F72 6573  [      in a fores]
701560B5    7400 0000 0000 0000 0000 0000 0000 0000  [t               ]
701560BD    0000 0000 0000 0015 6F6E 2074 6F70 206F  [        on top o]
701560C5    6620 6120 666F 6F74 2068 696C 6C00 0000  [f a foot hill   ]
701560CD    0000 0000 0000 0000 0014 6F6E 2074 6F70  [          on top]
701560D5    206F 6620 6120 6D6F 756E 7461 696E 0000  [ of a mountain  ]
701560DD    0000 0000 0000 0000 0000 0009 6F6E 2061  [            on a]
701560E5    2066 6F72 6400 0000 0000 0000 0000 0000  [ ford           ]
701560ED    0000 0000 0000 0000 0000 0000 0009 6F6E  [              on]
701560F5    2061 2072 6F61 6400 0000 0000 0000 0000  [ a road         ]
701560FD    0000 0000 0000 0000 0000 0000 0000 000B  [                ]
70156105    696E 2061 2063 6173 746C 6500 0000 0000  [in a castle     ]
7015610D    0000 0000 0000 0000 0000 0000 0000 0000  [                ]
70156115    000D 696E 2061 2062 7569 6C64 696E 6700  [  in a building ]
7015611D    0000 0000 0000 0000 0000 0000 0000 0000  [                ]
70156125    0000 000A 696E 2061 2073 746F 7265 0000  [    in a store  ]
7015612D    0000 0000 0000 0000 0000 0000 0000 0000  [                ]
70156135    0000 0000 0012 6E65 7874 2074 6F20 6120  [      next to a ]
7015613D    6361 7461 7075 6C74 0000 0000 0000 0000  [catapult        ]
70156145    0000 0000 0000 0015 6E65 7874 2074 6F20  [        next to ]
7015614D    6120 7472 616E 7370 6F72 7465 7200 0000  [a transporter   ]
70156155    0000 0000 0000 0000 0009 6F6E 2061 2062  [          on a b]
7015615D    6F61 7400 0000 0000 0000 0000 0000 0000  [oat             ]
70156165    0000 0000 0000 0000 0000 000C 6E65 6172  [            near]
7015616D    2061 2074 6F77 6572 0000 0000 0000 0000  [ a tower        ]
70156175    0000 0000 0000 0000 0000 0000 001A 6E65  [              ne]
7015617D    6172 2074 6865 2044 6172 6B20 4C6F 7264  [ar the Dark Lord]
70156185    2773 2053 7461 6666 0000 0000 0000 0009  ['s Staff        ]
7015618D    696E 2061 2068 6F6C 6400 0000 0000 0000  [in a hold       ]
70156195    0000 0000 0000 0000 0000 0000 0000 0000  [                ]
7015619D    001A 6E65 6172 2073 6F6D 6520 7368 6172  [  near some shar]
701561A5    6473 206F 6620 416C 6269 6F6E 0000 0000  [ds of Albion    ]
701561AD    0000 0019 696E 2074 6865 2066 6F72 7472  [    in the fortr]
701561B5    6573 7320 6F66 2041 6C62 696F 6E00 0000  [ess of Albion   ]
701561BD    0000 0000 001E 6F6E 2074 6865 206F 7574  [      on the out]
701561C5    6572 2077 616C 6C20 6F66 2061 2063 6974  [er wall of a cit]
701561CD    6164 656C 0000 001E 6F6E 2074 6865 2069  [adel    on the i]
701561D5    6E6E 6572 2077 616C 6C20 6F66 2061 2063  [nner wall of a c]
701561DD    6974 6164 656C 0000 001B 696E 2074 6865  [itadel    in the]
701561E5    2068 6F6D 6520 6F66 2061 6E20 616C 6368  [ home of an alch]
701561ED    656D 6973 7400 0000 0000 001F 696E 2074  [emist       in t]
701561F5    6865 2063 6176 6520 6F66 2074 6865 2057  [he cave of the W]
701561FD    6869 7465 2044 7261 676F 6E00 000B 696E  [hite Dragon   in]
70156205    2061 2074 656D 706C 6500 0000 0000 0000  [ a temple       ]
7015620D    0000 0000 0000 0000 0000 0000 0000 000B  [                ]
70156215    696E 2061 2064 6573 6572 7400 0000 0000  [in a desert     ]
7015621D    0000 0000 0000 0000 0000 0000 0000 0000  [                ]
70156225    000C 6F6E 2061 2062 6172 7269 6572 0000  [  on a barrier  ]
7015622D    0000 0000 0000 0000 0000 0000 0000 0000  [                ]
70156235    0000 0000 0006 7769 7A61 7264 0000 0000  [      wizard    ]
7015623D    0000 0000 0000 0000 0000 0006 636C 6572  [            cler]
70156245    6963 0000 0000 0000 0000 0000 0000 0000  [ic              ]
7015624D    0005 6472 7569 6400 0000 0000 0000 0000  [  druid         ]
70156255    0000 0000 0000 0007 6669 6768 7465 7200  [        fighter ]
7015625D    0000 0000 0000 0000 0000 0000 0009 6261  [              ba]
70156265    7262 6172 6961 6E00 0000 0000 0000 0000  [rbarian         ]
7015626D    0000 0000 000F 6F6E 206C 6576 656C 2067  [      on level g]
70156275    726F 756E 6400 0000 0000 0000 0000 0000  [round           ]
7015627D    0000 0000 0000 000A 696E 2061 2073 7761  [        in a swa]
70156285    6D70 0000 0000 0000 0000 0000 0000 0000  [mp              ]
7015628D    0000 0000 0000 0000 0010 696E 2073 6861  [          in sha]
70156295    6C6C 6F77 2077 6174 6572 0000 0000 0000  [llow water      ]
7015629D    0000 0000 0000 0000 0000 000F 6F76 6572  [            over]
701562A5    2064 6565 7020 7761 7465 7200 0000 0000  [ deep water     ]
701562AD    0000 0000 0000 0000 0000 0000 0014 7472  [              tr]
701562B5    616E 7376 6572 7369 6E67 2061 2063 6C69  [ansversing a cli]
701562BD    6666 0000 0000 0000 0000 0000 0000 0009  [ff              ]
701562C5    696E 2061 2063 6176 6500 0000 0000 0000  [in a cave       ]
701562CD    0000 0000 0000 0000 0000 0000 0000 0000  [                ]
701562D5    000B 696E 2061 2066 6F72 6573 7400 0000  [  in a forest   ]
701562DD    0000 0000 0000 0000 0000 0000 0000 0000  [                ]
701562E5    0000 0015 6F6E 2074 6F70 206F 6620 6120  [    on top of a ]
701562ED    666F 6F74 2068 696C 6C00 0000 0000 0000  [foot hill       ]
701562F5    0000 0000 0014 6F6E 2074 6F70 206F 6620  [      on top of ]
701562FD    6120 6D6F 756E 7461 696E 0000 0000 0000  [a mountain      ]
70156305    0000 0000 0000 0009 6F6E 2061 2066 6F72  [        on a for]
7015630D    6400 0000 0000 0000 0000 0000 0000 0000  [d               ]
70156315    0000 0000 0000 0000 0009 6F6E 2061 2072  [          on a r]
7015631D    6F61 6400 0000 0000 0000 0000 0000 0000  [oad             ]
70156325    0000 0000 0000 0000 0000 000B 696E 2061  [            in a]
7015632D    2063 6173 746C 6500 0000 0000 0000 0000  [ castle         ]
70156335    0000 0000 0000 0000 0000 0000 000D 696E  [              in]
7015633D    2061 2062 7569 6C64 696E 6700 0000 0000  [ a building     ]
70156345    0000 0000 0000 0000 0000 0000 0000 000A  [                ]
7015634D    696E 2061 2073 746F 7265 0000 0000 0000  [in a store      ]
70156355    0000 0000 0000 0000 0000 0000 0000 0000  [                ]
7015635D    0012 6E65 7874 2074 6F20 6120 6361 7461  [  next to a cata]
70156365    7075 6C74 0000 0000 0000 0000 0000 0000  [pult            ]
7015636D    0000 0015 6E65 7874 2074 6F20 6120 7472  [    next to a tr]
70156375    616E 7370 6F72 7465 7200 0000 0000 0000  [ansporter       ]
7015637D    0000 0000 0009 6F6E 2061 2062 6F61 7400  [      on a boat ]
70156385    0000 0000 0000 0000 0000 0000 0000 0000  [                ]
7015638D    0000 0000 0000 000C 6E65 6172 2061 2074  [        near a t]
70156395    6F77 6572 0000 0000 0000 0000 0000 0000  [ower            ]
7015639D    0000 0000 0000 0000 001A 6E65 6172 2074  [          near t]
701563A5    6865 2044 6172 6B20 4C6F 7264 2773 2053  [he Dark Lord's S]
701563AD    7461 6666 0000 0000 0000 0009 696E 2061  [taff        in a]
701563B5    2068 6F6C 6400 0000 0000 0000 0000 0000  [ hold           ]
701563BD    0000 0000 0000 0000 0000 0000 001A 6E65  [              ne]
701563C5    6172 2073 6F6D 6520 7368 6172 6473 206F  [ar some shards o]
701563CD    6620 416C 6269 6F6E 0000 0000 0000 0019  [f Albion        ]
701563D5    696E 2074 6865 2066 6F72 7472 6573 7320  [in the fortress ]
701563DD    6F66 2041 6C62 696F 6E00 0000 0000 0000  [of Albion       ]
701563E5    001E 6F6E 2074 6865 206F 7574 6572 2077  [  on the outer w]
701563ED    616C 6C20 6F66 2061 2063 6974 6164 656C  [all of a citadel]
701563F5    0000 001E 6F6E 2074 6865 2069 6E6E 6572  [    on the inner]
701563FD    2077 616C 6C20 6F66 2061 2063 6974 6164  [ wall of a citad]
70156405    656C 0000 001B 696E 2074 6865 2068 6F6D  [el    in the hom]
7015640D    6520 6F66 2061 6E20 616C 6368 656D 6973  [e of an alchemis]
70156415    7400 0000 0000 001F 696E 2074 6865 2063  [t       in the c]
7015641D    6176 6520 6F66 2074 6865 2057 6869 7465  [ave of the White]
70156425    2044 7261 676F 6E00 000B 696E 2061 2074  [ Dragon   in a t]
7015642D    656D 706C 6500 0000 0000 0000 0000 0000  [emple           ]
70156435    0000 0000 0000 0000 0000 000B 696E 2061  [            in a]
7015643D    2064 6573 6572 7400 0000 0000 0000 0000  [ desert         ]
70156445    0000 0000 0000 0000 0000 0000 000C 6F6E  [              on]
7015644D    2061 2062 6172 7269 6572 0000 0000 0000  [ a barrier      ]
70156455    0000 0000 0000 0000 0000 0000 0000 0000  [                ]
7015645D    0006 7769 7A61 7264 0000 0000 0000 0000  [  wizard        ]
70156465    0000 0000 0000 0006 636C 6572 6963 0000  [        cleric  ]
7015646D    0000 0000 0000 0000 0000 0000 0005 6472  [              dr]
70156475    7569 6400 0000 0000 0000 0000 0000 0000  [uid             ]
7015647D    0000 0007 6669 6768 7465 7200 0000 0000  [    fighter     ]
70156485    0000 0000 0000 0000 0009 6261 7262 6172  [          barbar]
7015648D    6961 6E00 0000 0000 0000 0000 0000 0000  [ian             ]
70156495    000F 6F6E 206C 6576 656C 2067 726F 756E  [  on level groun]
7015649D    6400 0000 0000 0000 0000 0000 0000 0000  [d               ]
701564A5    0000 000A 696E 2061 2073 7761 6D70 0000  [    in a swamp  ]
701564AD    0000 0000 0000 0000 0000 0000 0000 0000  [                ]
701564B5    0000 0000 0010 696E 2073 6861 6C6C 6F77  [      in shallow]
701564BD    2077 6174 6572 0000 0000 0000 0000 0000  [ water          ]
701564C5    0000 0000 0000 000F 6F76 6572 2064 6565  [        over dee]
701564CD    7020 7761 7465 7200 0000 0000 0000 0000  [p water         ]
701564D5    0000 0000 0000 0000 0014 7472 616E 7376  [          transv]
701564DD    6572 7369 6E67 2061 2063 6C69 6666 0000  [ersing a cliff  ]
701564E5    0000 0000 0000 0000 0000 0009 696E 2061  [            in a]
701564ED    2063 6176 6500 0000 0000 0000 0000 0000  [ cave           ]
701564F5    0000 0000 0000 0000 0000 0000 000B 696E  [              in]
701564FD    2061 2066 6F72 6573 7400 0000 0000 0000  [ a forest       ]
70156505    0000 0000 0000 0000 0000 0000 0000 0015  [                ]
7015650D    6F6E 2074 6F70 206F 6620 6120 666F 6F74  [on top of a foot]
70156515    2068 696C 6C00 0000 0000 0000 0000 0000  [ hill           ]
7015651D    0014 6F6E 2074 6F70 206F 6620 6120 6D6F  [  on top of a mo]
70156525    756E 7461 696E 0000 0000 0000 0000 0000  [untain          ]
7015652D    0000 0009 6F6E 2061 2066 6F72 6400 0000  [    on a ford   ]
70156535    0000 0000 0000 0000 0000 0000 0000 0000  [                ]
7015653D    0000 0000 0009 6F6E 2061 2072 6F61 6400  [      on a road ]
70156545    0000 0000 0000 0000 0000 0000 0000 0000  [                ]
7015654D    0000 0000 0000 000B 696E 2061 2063 6173  [        in a cas]
70156555    746C 6500 0000 0000 0000 0000 0000 0000  [tle             ]
7015655D    0000 0000 0000 0000 000D 696E 2061 2062  [          in a b]
70156565    7569 6C64 696E 6700 0000 0000 0000 0000  [uilding         ]
7015656D    0000 0000 0000 0000 0000 000A 696E 2061  [            in a]
70156575    2073 746F 7265 0000 0000 0000 0000 0000  [ store          ]
7015657D    0000 0000 0000 0000 0000 0000 0012 6E65  [              ne]
70156585    7874 2074 6F20 6120 6361 7461 7075 6C74  [xt to a catapult]
7015658D    0000 0000 0000 0000 0000 0000 0000 0015  [                ]
70156595    6E65 7874 2074 6F20 6120 7472 616E 7370  [next to a transp]
7015659D    6F72 7465 7200 0000 0000 0000 0000 0000  [orter           ]
701565A5    0009 6F6E 2061 2062 6F61 7400 0000 0000  [  on a boat     ]
701565AD    0000 0000 0000 0000 0000 0000 0000 0000  [                ]
701565B5    0000 000C 6E65 6172 2061 2074 6F77 6572  [    near a tower]
701565BD    0000 0000 0000 0000 0000 0000 0000 0000  [                ]
701565C5    0000 0000 001A 6E65 6172 2074 6865 2044  [      near the D]
701565CD    6172 6B20 4C6F 7264 2773 2053 7461 6666  [ark Lord's Staff]
701565D5    0000 0000 0000 0009 696E 2061 2068 6F6C  [        in a hol]
701565DD    6400 0000 0000 0000 0000 0000 0000 0000  [d               ]
701565E5    0000 0000 0000 0000 001A 6E65 6172 2073  [          near s]
701565ED    6F6D 6520 7368 6172 6473 206F 6620 416C  [ome shards of Al]
701565F5    6269 6F6E 0000 0000 0000 0019 696E 2074  [bion        in t]
701565FD    6865 2066 6F72 7472 6573 7320 6F66 2041  [he fortress of A]
70156605    6C62 696F 6E00 0000 0000 0000 001E 6F6E  [lbion         on]
7015660D    2074 6865 206F 7574 6572 2077 616C 6C20  [ the outer wall ]
70156615    6F66 2061 2063 6974 6164 656C 0000 001E  [of a citadel    ]
7015661D    6F6E 2074 6865 2069 6E6E 6572 2077 616C  [on the inner wal]
70156625    6C20 6F66 2061 2063 6974 6164 656C 0000  [l of a citadel  ]
7015662D    001B 696E 2074 6865 2068 6F6D 6520 6F66  [  in the home of]
70156635    2061 6E20 616C 6368 656D 6973 7400 0000  [ an alchemist   ]
7015663D    0000 001F 696E 2074 6865 2063 6176 6520  [    in the cave ]
70156645    6F66 2074 6865 2057 6869 7465 2044 7261  [of the White Dra]
7015664D    676F 6E00 000B 696E 2061 2074 656D 706C  [gon   in a templ]
70156655    6500 0000 0000 0000 0000 0000 0000 0000  [e               ]
7015665D    0000 0000 0000 000B 696E 2061 2064 6573  [        in a des]
70156665    6572 7400 0000 0000 0000 0000 0000 0000  [ert             ]
7015666D    0000 0000 0000 0000 000C 6F6E 2061 2062  [          on a b]
70156675    6172 7269 6572 0000 0000 0000 0000 0000  [arrier          ]
7015667D    0000 0000 0000 0000 0000 0000 0006 7769  [              wi]
70156685    7A61 7264 0000 0000 0000 0000 0000 0000  [zard            ]
7015668D    0000 0006 636C 6572 6963 0000 0000 0000  [    cleric      ]
70156695    0000 0000 0000 0000 0005 6472 7569 6400  [          druid ]
7015669D    0000 0000 0000 0000 0000 0000 0000 0007  [                ]
701566A5    6669 6768 7465 7200 0000 0000 0000 0000  [fighter         ]
701566AD    0000 0000 0009 6261 7262 6172 6961 6E00  [      barbarian ]
701566B5    0000 0000 0000 0000 0000 0000 000F 6F6E  [              on]
701566BD    206C 6576 656C 2067 726F 756E 6400 0000  [ level ground   ]
701566C5    0000 0000 0000 0000 0000 0000 0000 000A  [                ]
701566CD    696E 2061 2073 7761 6D70 0000 0000 0000  [in a swamp      ]
701566D5    0000 0000 0000 0000 0000 0000 0000 0000  [                ]
701566DD    0010 696E 2073 6861 6C6C 6F77 2077 6174  [  in shallow wat]
701566E5    6572 0000 0000 0000 0000 0000 0000 0000  [er              ]
701566ED    0000 000F 6F76 6572 2064 6565 7020 7761  [    over deep wa]
701566F5    7465 7200 0000 0000 0000 0000 0000 0000  [ter             ]
701566FD    0000 0000 0014 7472 616E 7376 6572 7369  [      transversi]
70156705    6E67 2061 2063 6C69 6666 0000 0000 0000  [ng a cliff      ]
7015670D    0000 0000 0000 0009 696E 2061 2063 6176  [        in a cav]
70156715    6500 0000 0000 0000 0000 0000 0000 0000  [e               ]
7015671D    0000 0000 0000 0000 000B 696E 2061 2066  [          in a f]
70156725    6F72 6573 7400 0000 0000 0000 0000 0000  [orest           ]
7015672D    0000 0000 0000 0000 0000 0015 6F6E 2074  [            on t]
70156735    6F70 206F 6620 6120 666F 6F74 2068 696C  [op of a foot hil]
7015673D    6C00 0000 0000 0000 0000 0000 0014 6F6E  [l             on]
70156745    2074 6F70 206F 6620 6120 6D6F 756E 7461  [ top of a mounta]
7015674D    696E 0000 0000 0000 0000 0000 0000 0009  [in              ]
70156755    6F6E 2061 2066 6F72 6400 0000 0000 0000  [on a ford       ]
7015675D    0000 0000 0000 0000 0000 0000 0000 0000  [                ]
70156765    0009 6F6E 2061 2072 6F61 6400 0000 0000  [  on a road     ]
7015676D    0000 0000 0000 0000 0000 0000 0000 0000  [                ]
70156775    0000 000B 696E 2061 2063 6173 746C 6500  [    in a castle ]
7015677D    0000 0000 0000 0000 0000 0000 0000 0000  [                ]
70156785    0000 0000 000D 696E 2061 2062 7569 6C64  [      in a build]
7015678D    696E 6700 0000 0000 0000 0000 0000 0000  [ing             ]
70156795    0000 0000 0000 000A 696E 2061 2073 746F  [        in a sto]
7015679D    7265 0000 0000 0000 0000 0000 0000 0000  [re              ]
701567A5    0000 0000 0000 0000 0012 6E65 7874 2074  [          next t]
701567AD    6F20 6120 6361 7461 7075 6C74 0000 0000  [o a catapult    ]
701567B5    0000 0000 0000 0000 0000 0015 6E65 7874  [            next]
701567BD    2074 6F20 6120 7472 616E 7370 6F72 7465  [ to a transporte]
701567C5    7200 0000 0000 0000 0000 0000 0009 6F6E  [r             on]
701567CD    2061 2062 6F61 7400 0000 0000 0000 0000  [ a boat         ]
701567D5    0000 0000 0000 0000 0000 0000 0000 000C  [                ]
701567DD    6E65 6172 2061 2074 6F77 6572 0000 0000  [near a tower    ]
701567E5    0000 0000 0000 0000 0000 0000 0000 0000  [                ]
701567ED    001A 6E65 6172 2074 6865 2044 6172 6B20  [  near the Dark ]
701567F5    4C6F 7264 2773 2053 7461 6666 0000 0000  [Lord's Staff    ]
701567FD    0000 0009 696E 2061 2068 6F6C 6400 0000  [    in a hold   ]
70156805    0000 0000 0000 0000 0000 0000 0000 0000  [                ]
7015680D    0000 0000 001A 6E65 6172 2073 6F6D 6520  [      near some ]
70156815    7368 6172 6473 206F 6620 416C 6269 6F6E  [shards of Albion]
7015681D    0000 0000 0000 0019 696E 2074 6865 2066  [        in the f]
70156825    6F72 7472 6573 7320 6F66 2041 6C62 696F  [ortress of Albio]
7015682D    6E00 0000 0000 0000 001E 6F6E 2074 6865  [n         on the]
70156835    206F 7574 6572 2077 616C 6C20 6F66 2061  [ outer wall of a]
7015683D    2063 6974 6164 656C 0000 001E 6F6E 2074  [ citadel    on t]
70156845    6865 2069 6E6E 6572 2077 616C 6C20 6F66  [he inner wall of]
7015684D    2061 2063 6974 6164 656C 0000 001B 696E  [ a citadel    in]
70156855    2074 6865 2068 6F6D 6520 6F66 2061 6E20  [ the home of an ]
7015685D    616C 6368 656D 6973 7400 0000 0000 001F  [alchemist       ]
70156865    696E 2074 6865 2063 6176 6520 6F66 2074  [in the cave of t]
7015686D    6865 2057 6869 7465 2044 7261 676F 6E00  [he White Dragon ]
70156875    000B 696E 2061 2074 656D 706C 6500 0000  [  in a temple   ]
7015687D    0000 0000 0000 0000 0000 0000 0000 0000  [                ]
70156885    0000 000B 696E 2061 2064 6573 6572 7400  [    in a desert ]
7015688D    0000 0000 0000 0000 0000 0000 0000 0000  [                ]
70156895    0000 0000 000C 6F6E 2061 2062 6172 7269  [      on a barri]
7015689D    6572 0000 0000 0000 0000 0000 0000 0000  [er              ]
701568A5    0000 0000 0000 0000 0006 7769 7A61 7264  [          wizard]
701568AD    0000 0000 0000 0000 0000 0000 0000 0006  [                ]
701568B5    636C 6572 6963 0000 0000 0000 0000 0000  [cleric          ]
701568BD    0000 0000 0005 6472 7569 6400 0000 0000  [      druid     ]
701568C5    0000 0000 0000 0000 0000 0007 6669 6768  [            figh]
701568CD    7465 7200 0000 0000 0000 0000 0000 0000  [ter             ]
701568D5    0009 6261 7262 6172 6961 6E00 0000 0000  [  barbarian     ]
701568DD    0000 0000 0000 0000 000F 6F6E 206C 6576  [          on lev]
701568E5    656C 2067 726F 756E 6400 0000 0000 0000  [el ground       ]
701568ED    0000 0000 0000 0000 0000 000A 696E 2061  [            in a]
701568F5    2073 7761 6D70 0000 0000 0000 0000 0000  [ swamp          ]
701568FD    0000 0000 0000 0000 0000 0000 0010 696E  [              in]
70156905    2073 6861 6C6C 6F77 2077 6174 6572 0000  [ shallow water  ]
7015690D    0000 0000 0000 0000 0000 0000 0000 000F  [                ]
70156915    6F76 6572 2064 6565 7020 7761 7465 7200  [over deep water ]
7015691D    0000 0000 0000 0000 0000 0000 0000 0000  [                ]
70156925    0014 7472 616E 7376 6572 7369 6E67 2061  [  transversing a]
7015692D    2063 6C69 6666 0000 0000 0000 0000 0000  [ cliff          ]
70156935    0000 0009 696E 2061 2063 6176 6500 0000  [    in a cave   ]
7015693D    0000 0000 0000 0000 0000 0000 0000 0000  [                ]
70156945    0000 0000 000B 696E 2061 2066 6F72 6573  [      in a fores]
7015694D    7400 0000 0000 0000 0000 0000 0000 0000  [t               ]
70156955    0000 0000 0000 0015 6F6E 2074 6F70 206F  [        on top o]
7015695D    6620 6120 666F 6F74 2068 696C 6C00 0000  [f a foot hill   ]
70156965    0000 0000 0000 0000 0014 6F6E 2074 6F70  [          on top]
7015696D    206F 6620 6120 6D6F 756E 7461 696E 0000  [ of a mountain  ]
70156975    0000 0000 0000 0000 0000 0009 6F6E 2061  [            on a]
7015697D    2066 6F72 6400 0000 0000 0000 0000 0000  [ ford           ]
70156985    0000 0000 0000 0000 0000 0000 0009 6F6E  [              on]
7015698D    2061 2072 6F61 6400 0000 0000 0000 0000  [ a road         ]
70156995    0000 0000 0000 0000 0000 0000 0000 000B  [                ]
7015699D    696E 2061 2063 6173 746C 6500 0000 0000  [in a castle     ]
701569A5    0000 0000 0000 0000 0000 0000 0000 0000  [                ]
701569AD    000D 696E 2061 2062 7569 6C64 696E 6700  [  in a building ]
701569B5    0000 0000 0000 0000 0000 0000 0000 0000  [                ]
701569BD    0000 000A 696E 2061 2073 746F 7265 0000  [    in a store  ]
701569C5    0000 0000 0000 0000 0000 0000 0000 0000  [                ]
701569CD    0000 0000 0012 6E65 7874 2074 6F20 6120  [      next to a ]
701569D5    6361 7461 7075 6C74 0000 0000 0000 0000  [catapult        ]
701569DD    0000 0000 0000 0015 6E65 7874 2074 6F20  [        next to ]
701569E5    6120 7472 616E 7370 6F72 7465 7200 0000  [a transporter   ]
701569ED    0000 0000 0000 0000 0009 6F6E 2061 2062  [          on a b]
701569F5    6F61 7400 0000 0000 0000 0000 0000 0000  [oat             ]
701569FD    0000 0000 0000 0000 0000 000C 6E65 6172  [            near]
70156A05    2061 2074 6F77 6572 0000 0000 0000 0000  [ a tower        ]
70156A0D    0000 0000 0000 0000 0000 0000 001A 6E65  [              ne]
70156A15    6172 2074 6865 2044 6172 6B20 4C6F 7264  [ar the Dark Lord]
70156A1D    2773 2053 7461 6666 0000 0000 0000 0009  ['s Staff        ]
70156A25    696E 2061 2068 6F6C 6400 0000 0000 0000  [in a hold       ]
70156A2D    0000 0000 0000 0000 0000 0000 0000 0000  [                ]
70156A35    001A 6E65 6172 2073 6F6D 6520 7368 6172  [  near some shar]
70156A3D    6473 206F 6620 416C 6269 6F6E 0000 0000  [ds of Albion    ]
70156A45    0000 0019 696E 2074 6865 2066 6F72 7472  [    in the fortr]
70156A4D    6573 7320 6F66 2041 6C62 696F 6E00 0000  [ess of Albion   ]
70156A55    0000 0000 001E 6F6E 2074 6865 206F 7574  [      on the out]
70156A5D    6572 2077 616C 6C20 6F66 2061 2063 6974  [er wall of a cit]
70156A65    6164 656C 0000 001E 6F6E 2074 6865 2069  [adel    on the i]
70156A6D    6E6E 6572 2077 616C 6C20 6F66 2061 2063  [nner wall of a c]
70156A75    6974 6164 656C 0000 001B 696E 2074 6865  [itadel    in the]
70156A7D    2068 6F6D 6520 6F66 2061 6E20 616C 6368  [ home of an alch]
70156A85    656D 6973 7400 0000 0000 001F 696E 2074  [emist       in t]
70156A8D    6865 2063 6176 6520 6F66 2074 6865 2057  [he cave of the W]
70156A95    6869 7465 2044 7261 676F 6E00 000B 696E  [hite Dragon   in]
70156A9D    2061 2074 656D 706C 6500 0000 0000 0000  [ a temple       ]
70156AA5    0000 0000 0000 0000 0000 0000 0000 000B  [                ]
70156AAD    696E 2061 2064 6573 6572 7400 0000 0000  [in a desert     ]
70156AB5    0000 0000 0000 0000 0000 0000 0000 0000  [                ]
70156ABD    000C 6F6E 2061 2062 6172 7269 6572 0000  [  on a barrier  ]
70156AC5    0000 0000 0000 0000 0000 0000 0000 0000  [                ]
70156ACD    0000 0000 0006 7769 7A61 7264 0000 0000  [      wizard    ]
70156AD5    0000 0000 0000 0000 0000 0006 636C 6572  [            cler]
70156ADD    6963 0000 0000 0000 0000 0000 0000 0000  [ic              ]
70156AE5    0005 6472 7569 6400 0000 0000 0000 0000  [  druid         ]
70156AED    0000 0000 0000 0007 6669 6768 7465 7200  [        fighter ]
70156AF5    0000 0000 0000 0000 0000 0000 0009 6261  [              ba]
70156AFD    7262 6172 6961 6E00 0000 0000 0000 0000  [rbarian         ]
70156B05    0000 0000 000F 6F6E 206C 6576 656C 2067  [      on level g]
70156B0D    726F 756E 6400 0000 0000 0000 0000 0000  [round           ]
70156B15    0000 0000 0000 000A 696E 2061 2073 7761  [        in a swa]
70156B1D    6D70 0000 0000 0000 0000 0000 0000 0000  [mp              ]
70156B25    0000 0000 0000 0000 0010 696E 2073 6861  [          in sha]
70156B2D    6C6C 6F77 2077 6174 6572 0000 0000 0000  [llow water      ]
70156B35    0000 0000 0000 0000 0000 000F 6F76 6572  [            over]
70156B3D    2064 6565 7020 7761 7465 7200 0000 0000  [ deep water     ]
70156B45    0000 0000 0000 0000 0000 0000 0014 7472  [              tr]
70156B4D    616E 7376 6572 7369 6E67 2061 2063 6C69  [ansversing a cli]
70156B55    6666 0000 0000 0000 0000 0000 0000 0009  [ff              ]
70156B5D    696E 2061 2063 6176 6500 0000 0000 0000  [in a cave       ]
70156B65    0000 0000 0000 0000 0000 0000 0000 0000  [                ]
70156B6D    000B 696E 2061 2066 6F72 6573 7400 0000  [  in a forest   ]
70156B75    0000 0000 0000 0000 0000 0000 0000 0000  [                ]
70156B7D    0000 0015 6F6E 2074 6F70 206F 6620 6120  [    on top of a ]
70156B85    666F 6F74 2068 696C 6C00 0000 0000 0000  [foot hill       ]
70156B8D    0000 0000 0014 6F6E 2074 6F70 206F 6620  [      on top of ]
70156B95    6120 6D6F 756E 7461 696E 0000 0000 0000  [a mountain      ]
70156B9D    0000 0000 0000 0009 6F6E 2061 2066 6F72  [        on a for]
70156BA5    6400 0000 0000 0000 0000 0000 0000 0000  [d               ]
70156BAD    0000 0000 0000 0000 0009 6F6E 2061 2072  [          on a r]
70156BB5    6F61 6400 0000 0000 0000 0000 0000 0000  [oad             ]
70156BBD    0000 0000 0000 0000 0000 000B 696E 2061  [            in a]
70156BC5    2063 6173 746C 6500 0000 0000 0000 0000  [ castle         ]
70156BCD    0000 0000 0000 0000 0000 0000 000D 696E  [              in]
70156BD5    2061 2062 7569 6C64 696E 6700 0000 0000  [ a building     ]
70156BDD    0000 0000 0000 0000 0000 0000 0000 000A  [                ]
70156BE5    696E 2061 2073 746F 7265 0000 0000 0000  [in a store      ]
70156BED    0000 0000 0000 0000 0000 0000 0000 0000  [                ]
70156BF5    0012 6E65 7874 2074 6F20 6120 6361 7461  [  next to a cata]
70156BFD    7075 6C74 0000 0000 0000 0000 0000 0000  [pult            ]
70156C05    0000 0015 6E65 7874 2074 6F20 6120 7472  [    next to a tr]
70156C0D    616E 7370 6F72 7465 7200 0000 0000 0000  [ansporter       ]
70156C15    0000 0000 0009 6F6E 2061 2062 6F61 7400  [      on a boat ]
70156C1D    0000 0000 0000 0000 0000 0000 0000 0000  [                ]
70156C25    0000 0000 0000 000C 6E65 6172 2061 2074  [        near a t]
70156C2D    6F77 6572 0000 0000 0000 0000 0000 0000  [ower            ]
70156C35    0000 0000 0000 0000 001A 6E65 6172 2074  [          near t]
70156C3D    6865 2044 6172 6B20 4C6F 7264 2773 2053  [he Dark Lord's S]
70156C45    7461 6666 0000 0000 0000 0009 696E 2061  [taff        in a]
70156C4D    2068 6F6C 6400 0000 0000 0000 0000 0000  [ hold           ]
70156C55    0000 0000 0000 0000 0000 0000 001A 6E65  [              ne]
70156C5D    6172 2073 6F6D 6520 7368 6172 6473 206F  [ar some shards o]
70156C65    6620 416C 6269 6F6E 0000 0000 0000 0019  [f Albion        ]
70156C6D    696E 2074 6865 2066 6F72 7472 6573 7320  [in the fortress ]
70156C75    6F66 2041 6C62 696F 6E00 0000 0000 0000  [of Albion       ]
70156C7D    001E 6F6E 2074 6865 206F 7574 6572 2077  [  on the outer w]
70156C85    616C 6C20 6F66 2061 2063 6974 6164 656C  [all of a citadel]
70156C8D    0000 001E 6F6E 2074 6865 2069 6E6E 6572  [    on the inner]
70156C95    2077 616C 6C20 6F66 2061 2063 6974 6164  [ wall of a citad]
70156C9D    656C 0000 001B 696E 2074 6865 2068 6F6D  [el    in the hom]
70156CA5    6520 6F66 2061 6E20 616C 6368 656D 6973  [e of an alchemis]
70156CAD    7400 0000 0000 001F 696E 2074 6865 2063  [t       in the c]
70156CB5    6176 6520 6F66 2074 6865 2057 6869 7465  [ave of the White]
70156CBD    2044 7261 676F 6E00 000B 696E 2061 2074  [ Dragon   in a t]
70156CC5    656D 706C 6500 0000 0000 0000 0000 0000  [emple           ]
70156CCD    0000 0000 0000 0000 0000 000B 696E 2061  [            in a]
70156CD5    2064 6573 6572 7400 0000 0000 0000 0000  [ desert         ]
70156CDD    0000 0000 0000 0000 0000 0000 000C 6F6E  [              on]
70156CE5    2061 2062 6172 7269 6572 0000 0000 0000  [ a barrier      ]
70156CED    0000 0000 0000 0000 0000 0000 0000 0000  [                ]
70156CF5    0006 7769 7A61 7264 0000 0000 0000 0000  [  wizard        ]
70156CFD    0000 0000 0000 0006 636C 6572 6963 0000  [        cleric  ]
70156D05    0000 0000 0000 0000 0000 0000 0005 6472  [              dr]
70156D0D    7569 6400 0000 0000 0000 0000 0000 0000  [uid             ]
70156D15    0000 0007 6669 6768 7465 7200 0000 0000  [    fighter     ]
70156D1D    0000 0000 0000 0000 0009 6261 7262 6172  [          barbar]
70156D25    6961 6E00 0000 0000 0000 0000 0000 0000  [ian             ]
70156D2D    000F 6F6E 206C 6576 656C 2067 726F 756E  [  on level groun]
70156D35    6400 0000 0000 0000 0000 0000 0000 0000  [d               ]
70156D3D    0000 000A 696E 2061 2073 7761 6D70 0000  [    in a swamp  ]
70156D45    0000 0000 0000 0000 0000 0000 0000 0000  [                ]
70156D4D    0000 0000 0010 696E 2073 6861 6C6C 6F77  [      in shallow]
70156D55    2077 6174 6572 0000 0000 0000 0000 0000  [ water          ]
70156D5D    0000 0000 0000 000F 6F76 6572 2064 6565  [        over dee]
70156D65    7020 7761 7465 7200 0000 0000 0000 0000  [p water         ]
70156D6D    0000 0000 0000 0000 0014 7472 616E 7376  [          transv]
70156D75    6572 7369 6E67 2061 2063 6C69 6666 0000  [ersing a cliff  ]
70156D7D    0000 0000 0000 0000 0000 0009 696E 2061  [            in a]
70156D85    2063 6176 6500 0000 0000 0000 0000 0000  [ cave           ]
70156D8D    0000 0000 0000 0000 0000 0000 000B 696E  [              in]
70156D95    2061 2066 6F72 6573 7400 0000 0000 0000  [ a forest       ]
70156D9D    0000 0000 0000 0000 0000 0000 0000 0015  [                ]
70156DA5    6F6E 2074 6F70 206F 6620 6120 666F 6F74  [on top of a foot]
70156DAD    2068 696C 6C00 0000 0000 0000 0000 0000  [ hill           ]
70156DB5    0014 6F6E 2074 6F70 206F 6620 6120 6D6F  [  on top of a mo]
70156DBD    756E 7461 696E 0000 0000 0000 0000 0000  [untain          ]
70156DC5    0000 0009 6F6E 2061 2066 6F72 6400 0000  [    on a ford   ]
70156DCD    0000 0000 0000 0000 0000 0000 0000 0000  [                ]
70156DD5    0000 0000 0009 6F6E 2061 2072 6F61 6400  [      on a road ]
70156DDD    0000 0000 0000 0000 0000 0000 0000 0000  [                ]
70156DE5    0000 0000 0000 000B 696E 2061 2063 6173  [        in a cas]
70156DED    746C 6500 0000 0000 0000 0000 0000 0000  [tle             ]
70156DF5    0000 0000 0000 0000 000D 696E 2061 2062  [          in a b]
70156DFD    7569 6C64 696E 6700 0000 0000 0000 0000  [uilding         ]
70156E05    0000 0000 0000 0000 0000 000A 696E 2061  [            in a]
70156E0D    2073 746F 7265 0000 0000 0000 0000 0000  [ store          ]
70156E15    0000 0000 0000 0000 0000 0000 0012 6E65  [              ne]
70156E1D    7874 2074 6F20 6120 6361 7461 7075 6C74  [xt to a catapult]
70156E25    0000 0000 0000 0000 0000 0000 0000 0015  [                ]
70156E2D    6E65 7874 2074 6F20 6120 7472 616E 7370  [next to a transp]
70156E35    6F72 7465 7200 0000 0000 0000 0000 0000  [orter           ]
70156E3D    0009 6F6E 2061 2062 6F61 7400 0000 0000  [  on a boat     ]
70156E45    0000 0000 0000 0000 0000 0000 0000 0000  [                ]
70156E4D    0000 000C 6E65 6172 2061 2074 6F77 6572  [    near a tower]
70156E55    0000 0000 0000 0000 0000 0000 0000 0000  [                ]
70156E5D    0000 0000 001A 6E65 6172 2074 6865 2044  [      near the D]
70156E65    6172 6B20 4C6F 7264 2773 2053 7461 6666  [ark Lord's Staff]
70156E6D    0000 0000 0000 0009 696E 2061 2068 6F6C  [        in a hol]
70156E75    6400 0000 0000 0000 0000 0000 0000 0000  [d               ]
70156E7D    0000 0000 0000 0000 001A 6E65 6172 2073  [          near s]
70156E85    6F6D 6520 7368 6172 6473 206F 6620 416C  [ome shards of Al]
70156E8D    6269 6F6E 0000 0000 0000 0019 696E 2074  [bion        in t]
70156E95    6865 2066 6F72 7472 6573 7320 6F66 2041  [he fortress of A]
70156E9D    6C62 696F 6E00 0000 0000 0000 001E 6F6E  [lbion         on]
70156EA5    2074 6865 206F 7574 6572 2077 616C 6C20  [ the outer wall ]
70156EAD    6F66 2061 2063 6974 6164 656C 0000 001E  [of a citadel    ]
70156EB5    6F6E 2074 6865 2069 6E6E 6572 2077 616C  [on the inner wal]
70156EBD    6C20 6F66 2061 2063 6974 6164 656C 0000  [l of a citadel  ]
70156EC5    001B 696E 2074 6865 2068 6F6D 6520 6F66  [  in the home of]
70156ECD    2061 6E20 616C 6368 656D 6973 7400 0000  [ an alchemist   ]
70156ED5    0000 001F 696E 2074 6865 2063 6176 6520  [    in the cave ]
70156EDD    6F66 2074 6865 2057 6869 7465 2044 7261  [of the White Dra]
70156EE5    676F 6E00 000B 696E 2061 2074 656D 706C  [gon   in a templ]
70156EED    6500 0000 0000 0000 0000 0000 0000 0000  [e               ]
70156EF5    0000 0000 0000 000B 696E 2061 2064 6573  [        in a des]
70156EFD    6572 7400 0000 0000 0000 0000 0000 0000  [ert             ]
70156F05    0000 0000 0000 0000 000C 6F6E 2061 2062  [          on a b]
70156F0D    6172 7269 6572 0000 0000 0000 0000 0000  [arrier          ]
70156F15    0000 0000 0000 0000 0000 0000 0006 7769  [              wi]
70156F1D    7A61 7264 0000 0000 0000 0000 0000 0000  [zard            ]
70156F25    0000 0006 636C 6572 6963 0000 0000 0000  [    cleric      ]
70156F2D    0000 0000 0000 0000 0005 6472 7569 6400  [          druid ]
70156F35    0000 0000 0000 0000 0000 0000 0000 0007  [                ]
70156F3D    6669 6768 7465 7200 0000 0000 0000 0000  [fighter         ]
70156F45    0000 0000 0009 6261 7262 6172 6961 6E00  [      barbarian ]
70156F4D    0000 0000 0000 0000 0000 0000 000F 6F6E  [              on]
70156F55    206C 6576 656C 2067 726F 756E 6400 0000  [ level ground   ]
70156F5D    0000 0000 0000 0000 0000 0000 0000 000A  [                ]
70156F65    696E 2061 2073 7761 6D70 0000 0000 0000  [in a swamp      ]
70156F6D    0000 0000 0000 0000 0000 0000 0000 0000  [                ]
70156F75    0010 696E 2073 6861 6C6C 6F77 2077 6174  [  in shallow wat]
70156F7D    6572 0000 0000 0000 0000 0000 0000 0000  [er              ]
70156F85    0000 000F 6F76 6572 2064 6565 7020 7761  [    over deep wa]
70156F8D    7465 7200 0000 0000 0000 0000 0000 0000  [ter             ]
70156F95    0000 0000 0014 7472 616E 7376 6572 7369  [      transversi]
70156F9D    6E67 2061 2063 6C69 6666 0000 0000 0000  [ng a cliff      ]
70156FA5    0000 0000 0000 0009 696E 2061 2063 6176  [        in a cav]
70156FAD    6500 0000 0000 0000 0000 0000 0000 0000  [e               ]
70156FB5    0000 0000 0000 0000 000B 696E 2061 2066  [          in a f]
70156FBD    6F72 6573 7400 0000 0000 0000 0000 0000  [orest           ]
70156FC5    0000 0000 0000 0000 0000 0015 6F6E 2074  [            on t]
70156FCD    6F70 206F 6620 6120 666F 6F74 2068 696C  [op of a foot hil]
70156FD5    6C00 0000 0000 0000 0000 0000 0014 6F6E  [l             on]
70156FDD    2074 6F70 206F 6620 6120 6D6F 756E 7461  [ top of a mounta]
70156FE5    696E 0000 0000 0000 0000 0000 0000 0009  [in              ]
70156FED    6F6E 2061 2066 6F72 6400 0000 0000 0000  [on a ford       ]
70156FF5    0000 0000 0000 0000 0000 0000 0000 0000  [                ]
70156FFD    0009 6F6E 2061 2072 6F61 6400 0000 0000  [  on a road     ]
70157005    0000 0000 0000 0000 0000 0000 0000 0000  [                ]
7015700D    0000 000B 696E 2061 2063 6173 746C 6500  [    in a castle ]
70157015    0000 0000 0000 0000 0000 0000 0000 0000  [                ]
7015701D    0000 0000 000D 696E 2061 2062 7569 6C64  [      in a build]
70157025    696E 6700 0000 0000 0000 0000 0000 0000  [ing             ]
7015702D    0000 0000 0000 000A 696E 2061 2073 746F  [        in a sto]
70157035    7265 0000 0000 0000 0000 0000 0000 0000  [re              ]
7015703D    0000 0000 0000 0000 0012 6E65 7874 2074  [          next t]
70157045    6F20 6120 6361 7461 7075 6C74 0000 0000  [o a catapult    ]
7015704D    0000 0000 0000 0000 0000 0015 6E65 7874  [            next]
70157055    2074 6F20 6120 7472 616E 7370 6F72 7465  [ to a transporte]
7015705D    7200 0000 0000 0000 0000 0000 0009 6F6E  [r             on]
70157065    2061 2062 6F61 7400 0000 0000 0000 0000  [ a boat         ]
7015706D    0000 0000 0000 0000 0000 0000 0000 000C  [                ]
70157075    6E65 6172 2061 2074 6F77 6572 0000 0000  [near a tower    ]
7015707D    0000 0000 0000 0000 0000 0000 0000 0000  [                ]
70157085    001A 6E65 6172 2074 6865 2044 6172 6B20  [  near the Dark ]
7015708D    4C6F 7264 2773 2053 7461 6666 0000 0000  [Lord's Staff    ]
70157095    0000 0009 696E 2061 2068 6F6C 6400 0000  [    in a hold   ]
7015709D    0000 0000 0000 0000 0000 0000 0000 0000  [                ]
701570A5    0000 0000 001A 6E65 6172 2073 6F6D 6520  [      near some ]
701570AD    7368 6172 6473 206F 6620 416C 6269 6F6E  [shards of Albion]
701570B5    0000 0000 0000 0019 696E 2074 6865 2066  [        in the f]
701570BD    6F72 7472 6573 7320 6F66 2041 6C62 696F  [ortress of Albio]
701570C5    6E00 0000 0000 0000 001E 6F6E 2074 6865  [n         on the]
701570CD    206F 7574 6572 2077 616C 6C20 6F66 2061  [ outer wall of a]
701570D5    2063 6974 6164 656C 0000 001E 6F6E 2074  [ citadel    on t]
701570DD    6865 2069 6E6E 6572 2077 616C 6C20 6F66  [he inner wall of]
701570E5    2061 2063 6974 6164 656C 0000 001B 696E  [ a citadel    in]
701570ED    2074 6865 2068 6F6D 6520 6F66 2061 6E20  [ the home of an ]
701570F5    616C 6368 656D 6973 7400 0000 0000 001F  [alchemist       ]
701570FD    696E 2074 6865 2063 6176 6520 6F66 2074  [in the cave of t]
70157105    6865 2057 6869 7465 2044 7261 676F 6E00  [he White Dragon ]
7015710D    000B 696E 2061 2074 656D 706C 6500 0000  [  in a temple   ]
70157115    0000 0000 0000 0000 0000 0000 0000 0000  [                ]
7015711D    0000 000B 696E 2061 2064 6573 6572 7400  [    in a desert ]
70157125    0000 0000 0000 0000 0000 0000 0000 0000  [                ]
7015712D    0000 0000 000C 6F6E 2061 2062 6172 7269  [      on a barri]
70157135    6572 0000 0000 0000 0000 0000 0000 0000  [er              ]
7015713D    0000 0000 0000 0000 0006 7769 7A61 7264  [          wizard]
70157145    0000 0000 0000 0000 0000 0000 0000 0006  [                ]
7015714D    636C 6572 6963 0000 0000 0000 0000 0000  [cleric          ]
70157155    0000 0000 0005 6472 7569 6400 0000 0000  [      druid     ]
7015715D    0000 0000 0000 0000 0000 0007 6669 6768  [            figh]
70157165    7465 7200 0000 0000 0000 0000 0000 0000  [ter             ]
7015716D    0009 6261 7262 6172 6961 6E00 0000 0000  [  barbarian     ]
70157175    0000 0000 0000 0000 000F 6F6E 206C 6576  [          on lev]
7015717D    656C 2067 726F 756E 6400 0000 0000 0000  [el ground       ]
70157185    0000 0000 0000 0000 0000 000A 696E 2061  [            in a]
7015718D    2073 7761 6D70 0000 0000 0000 0000 0000  [ swamp          ]
70157195    0000 0000 0000 0000 0000 0000 0010 696E  [              in]
7015719D    2073 6861 6C6C 6F77 2077 6174 6572 0000  [ shallow water  ]
701571A5    0000 0000 0000 0000 0000 0000 0000 000F  [                ]
701571AD    6F76 6572 2064 6565 7020 7761 7465 7200  [over deep water ]
701571B5    0000 0000 0000 0000 0000 0000 0000 0000  [                ]
701571BD    0014 7472 616E 7376 6572 7369 6E67 2061  [  transversing a]
701571C5    2063 6C69 6666 0000 0000 0000 0000 0000  [ cliff          ]
701571CD    0000 0009 696E 2061 2063 6176 6500 0000  [    in a cave   ]
701571D5    0000 0000 0000 0000 0000 0000 0000 0000  [                ]
701571DD    0000 0000 000B 696E 2061 2066 6F72 6573  [      in a fores]
701571E5    7400 0000 0000 0000 0000 0000 0000 0000  [t               ]
701571ED    0000 0000 0000 0015 6F6E 2074 6F70 206F  [        on top o]
701571F5    6620 6120 666F 6F74 2068 696C 6C00 0000  [f a foot hill   ]
701571FD    0000 0000 0000 0000 0014 6F6E 2074 6F70  [          on top]
70157205    206F 6620 6120 6D6F 756E 7461 696E 0000  [ of a mountain  ]
7015720D    0000 0000 0000 0000 0000 0009 6F6E 2061  [            on a]
70157215    2066 6F72 6400 0000 0000 0000 0000 0000  [ ford           ]
7015721D    0000 0000 0000 0000 0000 0000 0009 6F6E  [              on]
70157225    2061 2072 6F61 6400 0000 0000 0000 0000  [ a road         ]
7015722D    0000 0000 0000 0000 0000 0000 0000 000B  [                ]
70157235    696E 2061 2063 6173 746C 6500 0000 0000  [in a castle     ]
7015723D    0000 0000 0000 0000 0000 0000 0000 0000  [                ]
70157245    000D 696E 2061 2062 7569 6C64 696E 6700  [  in a building ]
7015724D    0000 0000 0000 0000 0000 0000 0000 0000  [                ]
70157255    0000 000A 696E 2061 2073 746F 7265 0000  [    in a store  ]
7015725D    0000 0000 0000 0000 0000 0000 0000 0000  [                ]
70157265    0000 0000 0012 6E65 7874 2074 6F20 6120  [      next to a ]
7015726D    6361 7461 7075 6C74 0000 0000 0000 0000  [catapult        ]
70157275    0000 0000 0000 0015 6E65 7874 2074 6F20  [        next to ]
7015727D    6120 7472 616E 7370 6F72 7465 7200 0000  [a transporter   ]
70157285    0000 0000 0000 0000 0009 6F6E 2061 2062  [          on a b]
7015728D    6F61 7400 0000 0000 0000 0000 0000 0000  [oat             ]
70157295    0000 0000 0000 0000 0000 000C 6E65 6172  [            near]
7015729D    2061 2074 6F77 6572 0000 0000 0000 0000  [ a tower        ]
701572A5    0000 0000 0000 0000 0000 0000 001A 6E65  [              ne]
701572AD    6172 2074 6865 2044 6172 6B20 4C6F 7264  [ar the Dark Lord]
701572B5    2773 2053 7461 6666 0000 0000 0000 0009  ['s Staff        ]
701572BD    696E 2061 2068 6F6C 6400 0000 0000 0000  [in a hold       ]
701572C5    0000 0000 0000 0000 0000 0000 0000 0000  [                ]
701572CD    001A 6E65 6172 2073 6F6D 6520 7368 6172  [  near some shar]
701572D5    6473 206F 6620 416C 6269 6F6E 0000 0000  [ds of Albion    ]
701572DD    0000 0019 696E 2074 6865 2066 6F72 7472  [    in the fortr]
701572E5    6573 7320 6F66 2041 6C62 696F 6E00 0000  [ess of Albion   ]
701572ED    0000 0000 001E 6F6E 2074 6865 206F 7574  [      on the out]
701572F5    6572 2077 616C 6C20 6F66 2061 2063 6974  [er wall of a cit]
701572FD    6164 656C 0000 001E 6F6E 2074 6865 2069  [adel    on the i]
70157305    6E6E 6572 2077 616C 6C20 6F66 2061 2063  [nner wall of a c]
7015730D    6974 6164 656C 0000 001B 696E 2074 6865  [itadel    in the]
70157315    2068 6F6D 6520 6F66 2061 6E20 616C 6368  [ home of an alch]
7015731D    656D 6973 7400 0000 0000 001F 696E 2074  [emist       in t]
70157325    6865 2063 6176 6520 6F66 2074 6865 2057  [he cave of the W]
7015732D    6869 7465 2044 7261 676F 6E00 000B 696E  [hite Dragon   in]
70157335    2061 2074 656D 706C 6500 0000 0000 0000  [ a temple       ]
7015733D    0000 0000 0000 0000 0000 0000 0000 000B  [                ]
70157345    696E 2061 2064 6573 6572 7400 0000 0000  [in a desert     ]
7015734D    0000 0000 0000 0000 0000 0000 0000 0000  [                ]
70157355    000C 6F6E 2061 2062 6172 7269 6572 0000  [  on a barrier  ]
7015735D    0000 0000 0000 0000 0000 0000 0000 0000  [                ]
70157365    0000 0000 0006 7769 7A61 7264 0000 0000  [      wizard    ]
7015736D    0000 0000 0000 0000 0000 0006 636C 6572  [            cler]
70157375    6963 0000 0000 0000 0000 0000 0000 0000  [ic              ]
7015737D    0005 6472 7569 6400 0000 0000 0000 0000  [  druid         ]
70157385    0000 0000 0000 0007 6669 6768 7465 7200  [        fighter ]
7015738D    0000 0000 0000 0000 0000 0000 0009 6261  [              ba]
70157395    7262 6172 6961 6E00 0000 0000 0000 0000  [rbarian         ]
7015739D    0000 0000 000F 6F6E 206C 6576 656C 2067  [      on level g]
701573A5    726F 756E 6400 0000 0000 0000 0000 0000  [round           ]
701573AD    0000 0000 0000 000A 696E 2061 2073 7761  [        in a swa]
701573B5    6D70 0000 0000 0000 0000 0000 0000 0000  [mp              ]
701573BD    0000 0000 0000 0000 0010 696E 2073 6861  [          in sha]
701573C5    6C6C 6F77 2077 6174 6572 0000 0000 0000  [llow water      ]
701573CD    0000 0000 0000 0000 0000 000F 6F76 6572  [            over]
701573D5    2064 6565 7020 7761 7465 7200 0000 0000  [ deep water     ]
701573DD    0000 0000 0000 0000 0000 0000 0014 7472  [              tr]
701573E5    616E 7376 6572 7369 6E67 2061 2063 6C69  [ansversing a cli]
701573ED    6666 0000 0000 0000 0000 0000 0000 0009  [ff              ]
701573F5    696E 2061 2063 6176 6500 0000 0000 0000  [in a cave       ]
701573FD    0000 0000 0000 0000 0000 0000 0000 0000  [                ]
70157405    000B 696E 2061 2066 6F72 6573 7400 0000  [  in a forest   ]
7015740D    0000 0000 0000 0000 0000 0000 0000 0000  [                ]
70157415    0000 0015 6F6E 2074 6F70 206F 6620 6120  [    on top of a ]
7015741D    666F 6F74 2068 696C 6C00 0000 0000 0000  [foot hill       ]
70157425    0000 0000 0014 6F6E 2074 6F70 206F 6620  [      on top of ]
7015742D    6120 6D6F 756E 7461 696E 0000 0000 0000  [a mountain      ]
70157435    0000 0000 0000 0009 6F6E 2061 2066 6F72  [        on a for]
7015743D    6400 0000 0000 0000 0000 0000 0000 0000  [d               ]
70157445    0000 0000 0000 0000 0009 6F6E 2061 2072  [          on a r]
7015744D    6F61 6400 0000 0000 0000 0000 0000 0000  [oad             ]
70157455    0000 0000 0000 0000 0000 000B 696E 2061  [            in a]
7015745D    2063 6173 746C 6500 0000 0000 0000 0000  [ castle         ]
70157465    0000 0000 0000 0000 0000 0000 000D 696E  [              in]
7015746D    2061 2062 7569 6C64 696E 6700 0000 0000  [ a building     ]
70157475    0000 0000 0000 0000 0000 0000 0000 000A  [                ]
7015747D    696E 2061 2073 746F 7265 0000 0000 0000  [in a store      ]
70157485    0000 0000 0000 0000 0000 0000 0000 0000  [                ]
7015748D    0012 6E65 7874 2074 6F20 6120 6361 7461  [  next to a cata]
70157495    7075 6C74 0000 0000 0000 0000 0000 0000  [pult            ]
7015749D    0000 0015 6E65 7874 2074 6F20 6120 7472  [    next to a tr]
701574A5    616E 7370 6F72 7465 7200 0000 0000 0000  [ansporter       ]
701574AD    0000 0000 0009 6F6E 2061 2062 6F61 7400  [      on a boat ]
701574B5    0000 0000 0000 0000 0000 0000 0000 0000  [                ]
701574BD    0000 0000 0000 000C 6E65 6172 2061 2074  [        near a t]
701574C5    6F77 6572 0000 0000 0000 0000 0000 0000  [ower            ]
701574CD    0000 0000 0000 0000 001A 6E65 6172 2074  [          near t]
701574D5    6865 2044 6172 6B20 4C6F 7264 2773 2053  [he Dark Lord's S]
701574DD    7461 6666 0000 0000 0000 0009 696E 2061  [taff        in a]
701574E5    2068 6F6C 6400 0000 0000 0000 0000 0000  [ hold           ]
701574ED    0000 0000 0000 0000 0000 0000 001A 6E65  [              ne]
701574F5    6172 2073 6F6D 6520 7368 6172 6473 206F  [ar some shards o]
701574FD    6620 416C 6269 6F6E 0000 0000 0000 0019  [f Albion        ]
70157505    696E 2074 6865 2066 6F72 7472 6573 7320  [in the fortress ]
7015750D    6F66 2041 6C62 696F 6E00 0000 0000 0000  [of Albion       ]
70157515    001E 6F6E 2074 6865 206F 7574 6572 2077  [  on the outer w]
7015751D    616C 6C20 6F66 2061 2063 6974 6164 656C  [all of a citadel]
70157525    0000 001E 6F6E 2074 6865 2069 6E6E 6572  [    on the inner]
7015752D    2077 616C 6C20 6F66 2061 2063 6974 6164  [ wall of a citad]
70157535    656C 0000 001B 696E 2074 6865 2068 6F6D  [el    in the hom]
7015753D    6520 6F66 2061 6E20 616C 6368 656D 6973  [e of an alchemis]
70157545    7400 0000 0000 001F 696E 2074 6865 2063  [t       in the c]
7015754D    6176 6520 6F66 2074 6865 2057 6869 7465  [ave of the White]
70157555    2044 7261 676F 6E00 000B 696E 2061 2074  [ Dragon   in a t]
7015755D    656D 706C 6500 0000 0000 0000 0000 0000  [emple           ]
70157565    0000 0000 0000 0000 0000 000B 696E 2061  [            in a]
7015756D    2064 6573 6572 7400 0000 0000 0000 0000  [ desert         ]
70157575    0000 0000 0000 0000 0000 0000 000C 6F6E  [              on]
7015757D    2061 2062 6172 7269 6572 0000 0000 0000  [ a barrier      ]
70157585    0000 0000 0000 0000 0000 0000 0000 001E  [                ]
7015758D    0006 7769 7A61 7264 0000 0000 0000 0000  [  wizard        ]
70157595    0000 0000 0000 0006 636C 6572 6963 0000  [        cleric  ]
7015759D    0000 0000 0000 0000 0000 0000 0005 6472  [              dr]
701575A5    7569 6400 0000 0000 0000 0000 0000 0000  [uid             ]
701575AD    0000 0007 6669 6768 7465 7200 0000 0000  [    fighter     ]
701575B5    0000 0000 0000 0000 0009 6261 7262 6172  [          barbar]
701575BD    6961 6E00 0000 0000 0000 0000 0000 0000  [ian             ]
701575C5    000F 6F6E 206C 6576 656C 2067 726F 756E  [  on level groun]
701575CD    6400 0000 0000 0000 0000 0000 0000 0000  [d               ]
701575D5    0000 000A 696E 2061 2073 7761 6D70 0000  [    in a swamp  ]
701575DD    0000 0000 0000 0000 0000 0000 0000 0000  [                ]
701575E5    0000 0000 0010 696E 2073 6861 6C6C 6F77  [      in shallow]
701575ED    2077 6174 6572 0000 0000 0000 0000 0000  [ water          ]
701575F5    0000 0000 0000 000F 6F76 6572 2064 6565  [        over dee]
701575FD    7020 7761 7465 7200 0000 0000 0000 0000  [p water         ]
70157605    0000 0000 0000 0000 0014 7472 616E 7376  [          transv]
7015760D    6572 7369 6E67 2061 2063 6C69 6666 0000  [ersing a cliff  ]
70157615    0000 0000 0000 0000 0000 0009 696E 2061  [            in a]
7015761D    2063 6176 6500 0000 0000 0000 0000 0000  [ cave           ]
70157625    0000 0000 0000 0000 0000 0000 000B 696E  [              in]
7015762D    2061 2066 6F72 6573 7400 0000 0000 0000  [ a forest       ]
70157635    0000 0000 0000 0000 0000 0000 0000 0015  [                ]
7015763D    6F6E 2074 6F70 206F 6620 6120 666F 6F74  [on top of a foot]
70157645    2068 696C 6C00 0000 0000 0000 0000 0000  [ hill           ]
7015764D    0014 6F6E 2074 6F70 206F 6620 6120 6D6F  [  on top of a mo]
70157655    756E 7461 696E 0000 0000 0000 0000 0000  [untain          ]
7015765D    0000 0009 6F6E 2061 2066 6F72 6400 0000  [    on a ford   ]
70157665    0000 0000 0000 0000 0000 0000 0000 0000  [                ]
7015766D    0000 0000 0009 6F6E 2061 2072 6F61 6400  [      on a road ]
70157675    0000 0000 0000 0000 0000 0000 0000 0000  [                ]
7015767D    0000 0000 0000 000B 696E 2061 2063 6173  [        in a cas]
70157685    746C 6500 0000 0000 0000 0000 0000 0000  [tle             ]
7015768D    0000 0000 0000 0000 000D 696E 2061 2062  [          in a b]
70157695    7569 6C64 696E 6700 0000 0000 0000 0000  [uilding         ]
7015769D    0000 0000 0000 0000 0000 000A 696E 2061  [            in a]
701576A5    2073 746F 7265 0000 0000 0000 0000 0000  [ store          ]
701576AD    0000 0000 0000 0000 0000 0000 0012 6E65  [              ne]
701576B5    7874 2074 6F20 6120 6361 7461 7075 6C74  [xt to a catapult]
701576BD    0000 0000 0000 0000 0000 0000 0000 0015  [                ]
701576C5    6E65 7874 2074 6F20 6120 7472 616E 7370  [next to a transp]
701576CD    6F72 7465 7200 0000 0000 0000 0000 0000  [orter           ]
701576D5    0009 6F6E 2061 2062 6F61 7400 0000 0000  [  on a boat     ]
701576DD    0000 0000 0000 0000 0000 0000 0000 0000  [                ]
701576E5    0000 000C 6E65 6172 2061 2074 6F77 6572  [    near a tower]
701576ED    0000 0000 0000 0000 0000 0000 0000 0000  [                ]
701576F5    0000 0000 001A 6E65 6172 2074 6865 2044  [      near the D]
701576FD    6172 6B20 4C6F 7264 2773 2053 7461 6666  [ark Lord's Staff]
70157705    0000 0000 0000 0009 696E 2061 2068 6F6C  [        in a hol]
7015770D    6400 0000 0000 0000 0000 0000 0000 0000  [d               ]
70157715    0000 0000 0000 0000 001A 6E65 6172 2073  [          near s]
7015771D    6F6D 6520 7368 6172 6473 206F 6620 416C  [ome shards of Al]
70157725    6269 6F6E 0000 0000 0000 0019 696E 2074  [bion        in t]
7015772D    6865 2066 6F72 7472 6573 7320 6F66 2041  [he fortress of A]
70157735    6C62 696F 6E00 0000 0000 0000 001E 6F6E  [lbion         on]
7015773D    2074 6865 206F 7574 6572 2077 616C 6C20  [ the outer wall ]
70157745    6F66 2061 2063 6974 6164 656C 0000 001E  [of a citadel    ]
7015774D    6F6E 2074 6865 2069 6E6E 6572 2077 616C  [on the inner wal]
70157755    6C20 6F66 2061 2063 6974 6164 656C 0000  [l of a citadel  ]
7015775D    001B 696E 2074 6865 2068 6F6D 6520 6F66  [  in the home of]
70157765    2061 6E20 616C 6368 656D 6973 7400 0000  [ an alchemist   ]
7015776D    0000 001F 696E 2074 6865 2063 6176 6520  [    in the cave ]
70157775    6F66 2074 6865 2057 6869 7465 2044 7261  [of the White Dra]
7015777D    676F 6E00 000B 696E 2061 2074 656D 706C  [gon   in a templ]
70157785    6500 0000 0000 0000 0000 0000 0000 0000  [e               ]
7015778D    0000 0000 0000 000B 696E 2061 2064 6573  [        in a des]
70157795    6572 7400 0000 0000 0000 0000 0000 0000  [ert             ]
7015779D    0000 0000 0000 0000 000C 6F6E 2061 2062  [          on a b]
701577A5    6172 7269 6572 0000 0000 0000 0000 0000  [arrier          ]
701577AD    0000 0000 0000 0000 0000 0011 0006 7769  [              wi]
701577B5    7A61 7264 0000 0000 0000 0000 0000 0000  [zard            ]
701577BD    0000 0006 636C 6572 6963 0000 0000 0000  [    cleric      ]
701577C5    0000 0000 0000 0000 0005 6472 7569 6400  [          druid ]
701577CD    0000 0000 0000 0000 0000 0000 0000 0007  [                ]
701577D5    6669 6768 7465 7200 0000 0000 0000 0000  [fighter         ]
701577DD    0000 0000 0009 6261 7262 6172 6961 6E00  [      barbarian ]
701577E5    0000 0000 0000 0000 0000 0000 000F 6F6E  [              on]
701577ED    206C 6576 656C 2067 726F 756E 6400 0000  [ level ground   ]
701577F5    0000 0000 0000 0000 0000 0000 0000 000A  [                ]
701577FD    696E 2061 2073 7761 6D70 0000 0000 0000  [in a swamp      ]
70157805    0000 0000 0000 0000 0000 0000 0000 0000  [                ]
7015780D    0010 696E 2073 6861 6C6C 6F77 2077 6174  [  in shallow wat]
70157815    6572 0000 0000 0000 0000 0000 0000 0000  [er              ]
7015781D    0000 000F 6F76 6572 2064 6565 7020 7761  [    over deep wa]
70157825    7465 7200 0000 0000 0000 0000 0000 0000  [ter             ]
7015782D    0000 0000 0014 7472 616E 7376 6572 7369  [      transversi]
70157835    6E67 2061 2063 6C69 6666 0000 0000 0000  [ng a cliff      ]
7015783D    0000 0000 0000 0009 696E 2061 2063 6176  [        in a cav]
70157845    6500 0000 0000 0000 0000 0000 0000 0000  [e               ]
7015784D    0000 0000 0000 0000 000B 696E 2061 2066  [          in a f]
70157855    6F72 6573 7400 0000 0000 0000 0000 0000  [orest           ]
7015785D    0000 0000 0000 0000 0000 0015 6F6E 2074  [            on t]
70157865    6F70 206F 6620 6120 666F 6F74 2068 696C  [op of a foot hil]
7015786D    6C00 0000 0000 0000 0000 0000 0014 6F6E  [l             on]
70157875    2074 6F70 206F 6620 6120 6D6F 756E 7461  [ top of a mounta]
7015787D    696E 0000 0000 0000 0000 0000 0000 0009  [in              ]
70157885    6F6E 2061 2066 6F72 6400 0000 0000 0000  [on a ford       ]
7015788D    0000 0000 0000 0000 0000 0000 0000 0000  [                ]
70157895    0009 6F6E 2061 2072 6F61 6400 0000 0000  [  on a road     ]
7015789D    0000 0000 0000 0000 0000 0000 0000 0000  [                ]
701578A5    0000 000B 696E 2061 2063 6173 746C 6500  [    in a castle ]
701578AD    0000 0000 0000 0000 0000 0000 0000 0000  [                ]
701578B5    0000 0000 000D 696E 2061 2062 7569 6C64  [      in a build]
701578BD    696E 6700 0000 0000 0000 0000 0000 0000  [ing             ]
701578C5    0000 0000 0000 000A 696E 2061 2073 746F  [        in a sto]
701578CD    7265 0000 0000 0000 0000 0000 0000 0000  [re              ]
701578D5    0000 0000 0000 0000 0012 6E65 7874 2074  [          next t]
701578DD    6F20 6120 6361 7461 7075 6C74 0000 0000  [o a catapult    ]
701578E5    0000 0000 0000 0000 0000 0015 6E65 7874  [            next]
701578ED    2074 6F20 6120 7472 616E 7370 6F72 7465  [ to a transporte]
701578F5    7200 0000 0000 0000 0000 0000 0009 6F6E  [r             on]
701578FD    2061 2062 6F61 7400 0000 0000 0000 0000  [ a boat         ]
70157905    0000 0000 0000 0000 0000 0000 0000 000C  [                ]
7015790D    6E65 6172 2061 2074 6F77 6572 0000 0000  [near a tower    ]
70157915    0000 0000 0000 0000 0000 0000 0000 0000  [                ]
7015791D    001A 6E65 6172 2074 6865 2044 6172 6B20  [  near the Dark ]
70157925    4C6F 7264 2773 2053 7461 6666 0000 0000  [Lord's Staff    ]
7015792D    0000 0009 696E 2061 2068 6F6C 6400 0000  [    in a hold   ]
70157935    0000 0000 0000 0000 0000 0000 0000 0000  [                ]
7015793D    0000 0000 001A 6E65 6172 2073 6F6D 6520  [      near some ]
70157945    7368 6172 6473 206F 6620 416C 6269 6F6E  [shards of Albion]
7015794D    0000 0000 0000 0019 696E 2074 6865 2066  [        in the f]
70157955    6F72 7472 6573 7320 6F66 2041 6C62 696F  [ortress of Albio]
7015795D    6E00 0000 0000 0000 001E 6F6E 2074 6865  [n         on the]
70157965    206F 7574 6572 2077 616C 6C20 6F66 2061  [ outer wall of a]
7015796D    2063 6974 6164 656C 0000 001E 6F6E 2074  [ citadel    on t]
70157975    6865 2069 6E6E 6572 2077 616C 6C20 6F66  [he inner wall of]
7015797D    2061 2063 6974 6164 656C 0000 001B 696E  [ a citadel    in]
70157985    2074 6865 2068 6F6D 6520 6F66 2061 6E20  [ the home of an ]
7015798D    616C 6368 656D 6973 7400 0000 0000 001F  [alchemist       ]
70157995    696E 2074 6865 2063 6176 6520 6F66 2074  [in the cave of t]
7015799D    6865 2057 6869 7465 2044 7261 676F 6E00  [he White Dragon ]
701579A5    000B 696E 2061 2074 656D 706C 6500 0000  [  in a temple   ]
701579AD    0000 0000 0000 0000 0000 0000 0000 0000  [                ]
701579B5    0000 000B 696E 2061 2064 6573 6572 7400  [    in a desert ]
701579BD    0000 0000 0000 0000 0000 0000 0000 0000  [                ]
701579C5    0000 0000 000C 6F6E 2061 2062 6172 7269  [      on a barri]
701579CD    6572 0000 0000 0000 0000 0000 0000 0000  [er              ]
701579D5    0000 0000 0000 006A 0008 000C 006B 0009  [       j     k  ]
701579DD    000A 0005 0073 005A 0012 0013 001E 006E  [     s Z       n]
701579E5    0006 7769 7A61 7264 0000 0000 0000 0000  [  wizard        ]
701579ED    0000 0000 0000 0006 636C 6572 6963 0000  [        cleric  ]
701579F5    0000 0000 0000 0000 0000 0000 0005 6472  [              dr]
701579FD    7569 6400 0000 0000 0000 0000 0000 0000  [uid             ]
70157A05    0000 0007 6669 6768 7465 7200 0000 0000  [    fighter     ]
70157A0D    0000 0000 0000 0000 0009 6261 7262 6172  [          barbar]
70157A15    6961 6E00 0000 0000 0000 0000 0000 0000  [ian             ]
70157A1D    000F 6F6E 206C 6576 656C 2067 726F 756E  [  on level groun]
70157A25    6400 0000 0000 0000 0000 0000 0000 0000  [d               ]
70157A2D    0000 000A 696E 2061 2073 7761 6D70 0000  [    in a swamp  ]
70157A35    0000 0000 0000 0000 0000 0000 0000 0000  [                ]
70157A3D    0000 0000 0010 696E 2073 6861 6C6C 6F77  [      in shallow]
70157A45    2077 6174 6572 0000 0000 0000 0000 0000  [ water          ]
70157A4D    0000 0000 0000 000F 6F76 6572 2064 6565  [        over dee]
70157A55    7020 7761 7465 7200 0000 0000 0000 0000  [p water         ]
70157A5D    0000 0000 0000 0000 0014 7472 616E 7376  [          transv]
70157A65    6572 7369 6E67 2061 2063 6C69 6666 0000  [ersing a cliff  ]
70157A6D    0000 0000 0000 0000 0000 0009 696E 2061  [            in a]
70157A75    2063 6176 6500 0000 0000 0000 0000 0000  [ cave           ]
70157A7D    0000 0000 0000 0000 0000 0000 000B 696E  [              in]
70157A85    2061 2066 6F72 6573 7400 0000 0000 0000  [ a forest       ]
70157A8D    0000 0000 0000 0000 0000 0000 0000 0015  [                ]
70157A95    6F6E 2074 6F70 206F 6620 6120 666F 6F74  [on top of a foot]
70157A9D    2068 696C 6C00 0000 0000 0000 0000 0000  [ hill           ]
70157AA5    0014 6F6E 2074 6F70 206F 6620 6120 6D6F  [  on top of a mo]
70157AAD    756E 7461 696E 0000 0000 0000 0000 0000  [untain          ]
70157AB5    0000 0009 6F6E 2061 2066 6F72 6400 0000  [    on a ford   ]
70157ABD    0000 0000 0000 0000 0000 0000 0000 0000  [                ]
70157AC5    0000 0000 0009 6F6E 2061 2072 6F61 6400  [      on a road ]
70157ACD    0000 0000 0000 0000 0000 0000 0000 0000  [                ]
70157AD5    0000 0000 0000 000B 696E 2061 2063 6173  [        in a cas]
70157ADD    746C 6500 0000 0000 0000 0000 0000 0000  [tle             ]
70157AE5    0000 0000 0000 0000 000D 696E 2061 2062  [          in a b]
70157AED    7569 6C64 696E 6700 0000 0000 0000 0000  [uilding         ]
70157AF5    0000 0000 0000 0000 0000 000A 696E 2061  [            in a]
70157AFD    2073 746F 7265 0000 0000 0000 0000 0000  [ store          ]
70157B05    0000 0000 0000 0000 0000 0000 0012 6E65  [              ne]
70157B0D    7874 2074 6F20 6120 6361 7461 7075 6C74  [xt to a catapult]
70157B15    0000 0000 0000 0000 0000 0000 0000 0015  [                ]
70157B1D    6E65 7874 2074 6F20 6120 7472 616E 7370  [next to a transp]
70157B25    6F72 7465 7200 0000 0000 0000 0000 0000  [orter           ]
70157B2D    0009 6F6E 2061 2062 6F61 7400 0000 0000  [  on a boat     ]
70157B35    0000 0000 0000 0000 0000 0000 0000 0000  [                ]
70157B3D    0000 000C 6E65 6172 2061 2074 6F77 6572  [    near a tower]
70157B45    0000 0000 0000 0000 0000 0000 0000 0000  [                ]
70157B4D    0000 0000 001A 6E65 6172 2074 6865 2044  [      near the D]
70157B55    6172 6B20 4C6F 7264 2773 2053 7461 6666  [ark Lord's Staff]
70157B5D    0000 0000 0000 0009 696E 2061 2068 6F6C  [        in a hol]
70157B65    6400 0000 0000 0000 0000 0000 0000 0000  [d               ]
70157B6D    0000 0000 0000 0000 001A 6E65 6172 2073  [          near s]
70157B75    6F6D 6520 7368 6172 6473 206F 6620 416C  [ome shards of Al]
70157B7D    6269 6F6E 0000 0000 0000 0019 696E 2074  [bion        in t]
70157B85    6865 2066 6F72 7472 6573 7320 6F66 2041  [he fortress of A]
70157B8D    6C62 696F 6E00 0000 0000 0000 001E 6F6E  [lbion         on]
70157B95    2074 6865 206F 7574 6572 2077 616C 6C20  [ the outer wall ]
70157B9D    6F66 2061 2063 6974 6164 656C 0000 001E  [of a citadel    ]
70157BA5    6F6E 2074 6865 2069 6E6E 6572 2077 616C  [on the inner wal]
70157BAD    6C20 6F66 2061 2063 6974 6164 656C 0000  [l of a citadel  ]
70157BB5    001B 696E 2074 6865 2068 6F6D 6520 6F66  [  in the home of]
70157BBD    2061 6E20 616C 6368 656D 6973 7400 0000  [ an alchemist   ]
70157BC5    0000 001F 696E 2074 6865 2063 6176 6520  [    in the cave ]
70157BCD    6F66 2074 6865 2057 6869 7465 2044 7261  [of the White Dra]
70157BD5    676F 6E00 000B 696E 2061 2074 656D 706C  [gon   in a templ]
70157BDD    6500 0000 0000 0000 0000 0000 0000 0000  [e               ]
70157BE5    0000 0000 0000 000B 696E 2061 2064 6573  [        in a des]
70157BED    6572 7400 0000 0000 0000 0000 0000 0000  [ert             ]
70157BF5    0000 0000 0000 0000 000C 6F6E 2061 2062  [          on a b]
70157BFD    6172 7269 6572 0000 0000 0000 0000 0000  [arrier          ]
70157C05    0000 0000 0000 0000 0000 0000 0006 7769  [              wi]
70157C0D    7A61 7264 0000 0000 0000 0000 0000 0000  [zard            ]
70157C15    0000 0006 636C 6572 6963 0000 0000 0000  [    cleric      ]
70157C1D    0000 0000 0000 0000 0005 6472 7569 6400  [          druid ]
70157C25    0000 0000 0000 0000 0000 0000 0000 0007  [                ]
70157C2D    6669 6768 7465 7200 0000 0000 0000 0000  [fighter         ]
70157C35    0000 0000 0009 6261 7262 6172 6961 6E00  [      barbarian ]
70157C3D    0000 0000 0000 0000 0000 0000 000F 6F6E  [              on]
70157C45    206C 6576 656C 2067 726F 756E 6400 0000  [ level ground   ]
70157C4D    0000 0000 0000 0000 0000 0000 0000 000A  [                ]
70157C55    696E 2061 2073 7761 6D70 0000 0000 0000  [in a swamp      ]
70157C5D    0000 0000 0000 0000 0000 0000 0000 0000  [                ]
70157C65    0010 696E 2073 6861 6C6C 6F77 2077 6174  [  in shallow wat]
70157C6D    6572 0000 0000 0000 0000 0000 0000 0000  [er              ]
70157C75    0000 000F 6F76 6572 2064 6565 7020 7761  [    over deep wa]
70157C7D    7465 7200 0000 0000 0000 0000 0000 0000  [ter             ]
70157C85    0000 0000 0014 7472 616E 7376 6572 7369  [      transversi]
70157C8D    6E67 2061 2063 6C69 6666 0000 0000 0000  [ng a cliff      ]
70157C95    0000 0000 0000 0009 696E 2061 2063 6176  [        in a cav]
70157C9D    6500 0000 0000 0000 0000 0000 0000 0000  [e               ]
70157CA5    0000 0000 0000 0000 000B 696E 2061 2066  [          in a f]
70157CAD    6F72 6573 7400 0000 0000 0000 0000 0000  [orest           ]
70157CB5    0000 0000 0000 0000 0000 0015 6F6E 2074  [            on t]
70157CBD    6F70 206F 6620 6120 666F 6F74 2068 696C  [op of a foot hil]
70157CC5    6C00 0000 0000 0000 0000 0000 0014 6F6E  [l             on]
70157CCD    2074 6F70 206F 6620 6120 6D6F 756E 7461  [ top of a mounta]
70157CD5    696E 0000 0000 0000 0000 0000 0000 0009  [in              ]
70157CDD    6F6E 2061 2066 6F72 6400 0000 0000 0000  [on a ford       ]
70157CE5    0000 0000 0000 0000 0000 0000 0000 0000  [                ]
70157CED    0009 6F6E 2061 2072 6F61 6400 0000 0000  [  on a road     ]
70157CF5    0000 0000 0000 0000 0000 0000 0000 0000  [                ]
70157CFD    0000 000B 696E 2061 2063 6173 746C 6500  [    in a castle ]
70157D05    0000 0000 0000 0000 0000 0000 0000 0000  [                ]
70157D0D    0000 0000 000D 696E 2061 2062 7569 6C64  [      in a build]
70157D15    696E 6700 0000 0000 0000 0000 0000 0000  [ing             ]
70157D1D    0000 0000 0000 000A 696E 2061 2073 746F  [        in a sto]
70157D25    7265 0000 0000 0000 0000 0000 0000 0000  [re              ]
70157D2D    0000 0000 0000 0000 0012 6E65 7874 2074  [          next t]
70157D35    6F20 6120 6361 7461 7075 6C74 0000 0000  [o a catapult    ]
70157D3D    0000 0000 0000 0000 0000 0015 6E65 7874  [            next]
70157D45    2074 6F20 6120 7472 616E 7370 6F72 7465  [ to a transporte]
70157D4D    7200 0000 0000 0000 0000 0000 0009 6F6E  [r             on]
70157D55    2061 2062 6F61 7400 0000 0000 0000 0000  [ a boat         ]
70157D5D    0000 0000 0000 0000 0000 0000 0000 000C  [                ]
70157D65    6E65 6172 2061 2074 6F77 6572 0000 0000  [near a tower    ]
70157D6D    0000 0000 0000 0000 0000 0000 0000 0000  [                ]
70157D75    001A 6E65 6172 2074 6865 2044 6172 6B20  [  near the Dark ]
70157D7D    4C6F 7264 2773 2053 7461 6666 0000 0000  [Lord's Staff    ]
70157D85    0000 0009 696E 2061 2068 6F6C 6400 0000  [    in a hold   ]
70157D8D    0000 0000 0000 0000 0000 0000 0000 0000  [                ]
70157D95    0000 0000 001A 6E65 6172 2073 6F6D 6520  [      near some ]
70157D9D    7368 6172 6473 206F 6620 416C 6269 6F6E  [shards of Albion]
70157DA5    0000 0000 0000 0019 696E 2074 6865 2066  [        in the f]
70157DAD    6F72 7472 6573 7320 6F66 2041 6C62 696F  [ortress of Albio]
70157DB5    6E00 0000 0000 0000 001E 6F6E 2074 6865  [n         on the]
70157DBD    206F 7574 6572 2077 616C 6C20 6F66 2061  [ outer wall of a]
70157DC5    2063 6974 6164 656C 0000 001E 6F6E 2074  [ citadel    on t]
70157DCD    6865 2069 6E6E 6572 2077 616C 6C20 6F66  [he inner wall of]
70157DD5    2061 2063 6974 6164 656C 0000 001B 696E  [ a citadel    in]
70157DDD    2074 6865 2068 6F6D 6520 6F66 2061 6E20  [ the home of an ]
70157DE5    616C 6368 656D 6973 7400 0000 0000 001F  [alchemist       ]
70157DED    696E 2074 6865 2063 6176 6520 6F66 2074  [in the cave of t]
70157DF5    6865 2057 6869 7465 2044 7261 676F 6E00  [he White Dragon ]
70157DFD    000B 696E 2061 2074 656D 706C 6500 0000  [  in a temple   ]
70157E05    0000 0000 0000 0000 0000 0000 0000 0000  [                ]
70157E0D    0000 000B 696E 2061 2064 6573 6572 7400  [    in a desert ]
70157E15    0000 0000 0000 0000 0000 0000 0000 0000  [                ]
70157E1D    0000 0000 000C 6F6E 2061 2062 6172 7269  [      on a barri]
70157E25    6572 0000 0000 0000 0000 0000 0000 0000  [er              ]
70157E2D    0000 0000 0000 0000 00F9 00FA 00F8 00F7  [                ]
70157E35    00F6 00F3 00F4 00F5 00C9 00D4 00D5 00D6  [                ]
70157E3D    00D9 00DA 00D7 00D8 00FD 00FE 0100 0102  [                ]
70157E45    0103 00FF 0101 00E3 00E4 00E5 00E6 00E8  [                ]
70157E4D    00E9 00EA 00EB 00DB 00DC 00DE 0006 7769  [              wi]
70157E55    7A61 7264 0000 0000 0000 0000 0000 0000  [zard            ]
70157E5D    0000 0006 636C 6572 6963 0000 0000 0000  [    cleric      ]
70157E65    0000 0000 0000 0000 0005 6472 7569 6400  [          druid ]
70157E6D    0000 0000 0000 0000 0000 0000 0000 0007  [                ]
70157E75    6669 6768 7465 7200 0000 0000 0000 0000  [fighter         ]
70157E7D    0000 0000 0009 6261 7262 6172 6961 6E00  [      barbarian ]
70157E85    0000 0000 0000 0000 0000 0000 000F 6F6E  [              on]
70157E8D    206C 6576 656C 2067 726F 756E 6400 0000  [ level ground   ]
70157E95    0000 0000 0000 0000 0000 0000 0000 000A  [                ]
70157E9D    696E 2061 2073 7761 6D70 0000 0000 0000  [in a swamp      ]
70157EA5    0000 0000 0000 0000 0000 0000 0000 0000  [                ]
70157EAD    0010 696E 2073 6861 6C6C 6F77 2077 6174  [  in shallow wat]
70157EB5    6572 0000 0000 0000 0000 0000 0000 0000  [er              ]
70157EBD    0000 000F 6F76 6572 2064 6565 7020 7761  [    over deep wa]
70157EC5    7465 7200 0000 0000 0000 0000 0000 0000  [ter             ]
70157ECD    0000 0000 0014 7472 616E 7376 6572 7369  [      transversi]
70157ED5    6E67 2061 2063 6C69 6666 0000 0000 0000  [ng a cliff      ]
70157EDD    0000 0000 0000 0009 696E 2061 2063 6176  [        in a cav]
70157EE5    6500 0000 0000 0000 0000 0000 0000 0000  [e               ]
70157EED    0000 0000 0000 0000 000B 696E 2061 2066  [          in a f]
70157EF5    6F72 6573 7400 0000 0000 0000 0000 0000  [orest           ]
70157EFD    0000 0000 0000 0000 0000 0015 6F6E 2074  [            on t]
70157F05    6F70 206F 6620 6120 666F 6F74 2068 696C  [op of a foot hil]
70157F0D    6C00 0000 0000 0000 0000 0000 0014 6F6E  [l             on]
70157F15    2074 6F70 206F 6620 6120 6D6F 756E 7461  [ top of a mounta]
70157F1D    696E 0000 0000 0000 0000 0000 0000 0009  [in              ]
70157F25    6F6E 2061 2066 6F72 6400 0000 0000 0000  [on a ford       ]
70157F2D    0000 0000 0000 0000 0000 0000 0000 0000  [                ]
70157F35    0009 6F6E 2061 2072 6F61 6400 0000 0000  [  on a road     ]
70157F3D    0000 0000 0000 0000 0000 0000 0000 0000  [                ]
70157F45    0000 000B 696E 2061 2063 6173 746C 6500  [    in a castle ]
70157F4D    0000 0000 0000 0000 0000 0000 0000 0000  [                ]
70157F55    0000 0000 000D 696E 2061 2062 7569 6C64  [      in a build]
70157F5D    696E 6700 0000 0000 0000 0000 0000 0000  [ing             ]
70157F65    0000 0000 0000 000A 696E 2061 2073 746F  [        in a sto]
70157F6D    7265 0000 0000 0000 0000 0000 0000 0000  [re              ]
70157F75    0000 0000 0000 0000 0012 6E65 7874 2074  [          next t]
70157F7D    6F20 6120 6361 7461 7075 6C74 0000 0000  [o a catapult    ]
70157F85    0000 0000 0000 0000 0000 0015 6E65 7874  [            next]
70157F8D    2074 6F20 6120 7472 616E 7370 6F72 7465  [ to a transporte]
70157F95    7200 0000 0000 0000 0000 0000 0009 6F6E  [r             on]
70157F9D    2061 2062 6F61 7400 0000 0000 0000 0000  [ a boat         ]
70157FA5    0000 0000 0000 0000 0000 0000 0000 000C  [                ]
70157FAD    6E65 6172 2061 2074 6F77 6572 0000 0000  [near a tower    ]
70157FB5    0000 0000 0000 0000 0000 0000 0000 0000  [                ]
70157FBD    001A 6E65 6172 2074 6865 2044 6172 6B20  [  near the Dark ]
70157FC5    4C6F 7264 2773 2053 7461 6666 0000 0000  [Lord's Staff    ]
70157FCD    0000 0009 696E 2061 2068 6F6C 6400 0000  [    in a hold   ]
70157FD5    0000 0000 0000 0000 0000 0000 0000 0000  [                ]
70157FDD    0000 0000 001A 6E65 6172 2073 6F6D 6520  [      near some ]
70157FE5    7368 6172 6473 206F 6620 416C 6269 6F6E  [shards of Albion]
70157FED    0000 0000 0000 0019 696E 2074 6865 2066  [        in the f]
70157FF5    6F72 7472 6573 7320 6F66 2041 6C62 696F  [ortress of Albio]
70157FFD    6E00 0000 0000 0000 001E 6F6E 2074 6865  [n         on the]
70158005    206F 7574 6572 2077 616C 6C20 6F66 2061  [ outer wall of a]
7015800D    2063 6974 6164 656C 0000 001E 6F6E 2074  [ citadel    on t]
70158015    6865 2069 6E6E 6572 2077 616C 6C20 6F66  [he inner wall of]
7015801D    2061 2063 6974 6164 656C 0000 001B 696E  [ a citadel    in]
70158025    2074 6865 2068 6F6D 6520 6F66 2061 6E20  [ the home of an ]
7015802D    616C 6368 656D 6973 7400 0000 0000 001F  [alchemist       ]
70158035    696E 2074 6865 2063 6176 6520 6F66 2074  [in the cave of t]
7015803D    6865 2057 6869 7465 2044 7261 676F 6E00  [he White Dragon ]
70158045    000B 696E 2061 2074 656D 706C 6500 0000  [  in a temple   ]
7015804D    0000 0000 0000 0000 0000 0000 0000 0000  [                ]
70158055    0000 000B 696E 2061 2064 6573 6572 7400  [    in a desert ]
7015805D    0000 0000 0000 0000 0000 0000 0000 0000  [                ]
70158065    0000 0000 000C 6F6E 2061 2062 6172 7269  [      on a barri]
7015806D    6572 0000 0000 0000 0000 0000 0000 0000  [er              ]
70158075    0000 0000 0000 0000 0006 7769 7A61 7264  [          wizard]
7015807D    0000 0000 0000 0000 0000 0000 0000 0006  [                ]
70158085    636C 6572 6963 0000 0000 0000 0000 0000  [cleric          ]
7015808D    0000 0000 0005 6472 7569 6400 0000 0000  [      druid     ]
70158095    0000 0000 0000 0000 0000 0007 6669 6768  [            figh]
7015809D    7465 7200 0000 0000 0000 0000 0000 0000  [ter             ]
701580A5    0009 6261 7262 6172 6961 6E00 0000 0000  [  barbarian     ]
701580AD    0000 0000 0000 0000 000F 6F6E 206C 6576  [          on lev]
701580B5    656C 2067 726F 756E 6400 0000 0000 0000  [el ground       ]
701580BD    0000 0000 0000 0000 0000 000A 696E 2061  [            in a]
701580C5    2073 7761 6D70 0000 0000 0000 0000 0000  [ swamp          ]
701580CD    0000 0000 0000 0000 0000 0000 0010 696E  [              in]
701580D5    2073 6861 6C6C 6F77 2077 6174 6572 0000  [ shallow water  ]
701580DD    0000 0000 0000 0000 0000 0000 0000 000F  [                ]
701580E5    6F76 6572 2064 6565 7020 7761 7465 7200  [over deep water ]
701580ED    0000 0000 0000 0000 0000 0000 0000 0000  [                ]
701580F5    0014 7472 616E 7376 6572 7369 6E67 2061  [  transversing a]
701580FD    2063 6C69 6666 0000 0000 0000 0000 0000  [ cliff          ]
70158105    0000 0009 696E 2061 2063 6176 6500 0000  [    in a cave   ]
7015810D    0000 0000 0000 0000 0000 0000 0000 0000  [                ]
70158115    0000 0000 000B 696E 2061 2066 6F72 6573  [      in a fores]
7015811D    7400 0000 0000 0000 0000 0000 0000 0000  [t               ]
70158125    0000 0000 0000 0015 6F6E 2074 6F70 206F  [        on top o]
7015812D    6620 6120 666F 6F74 2068 696C 6C00 0000  [f a foot hill   ]
70158135    0000 0000 0000 0000 0014 6F6E 2074 6F70  [          on top]
7015813D    206F 6620 6120 6D6F 756E 7461 696E 0000  [ of a mountain  ]
70158145    0000 0000 0000 0000 0000 0009 6F6E 2061  [            on a]
7015814D    2066 6F72 6400 0000 0000 0000 0000 0000  [ ford           ]
70158155    0000 0000 0000 0000 0000 0000 0009 6F6E  [              on]
7015815D    2061 2072 6F61 6400 0000 0000 0000 0000  [ a road         ]
70158165    0000 0000 0000 0000 0000 0000 0000 000B  [                ]
7015816D    696E 2061 2063 6173 746C 6500 0000 0000  [in a castle     ]
70158175    0000 0000 0000 0000 0000 0000 0000 0000  [                ]
7015817D    000D 696E 2061 2062 7569 6C64 696E 6700  [  in a building ]
70158185    0000 0000 0000 0000 0000 0000 0000 0000  [                ]
7015818D    0000 000A 696E 2061 2073 746F 7265 0000  [    in a store  ]
70158195    0000 0000 0000 0000 0000 0000 0000 0000  [                ]
7015819D    0000 0000 0012 6E65 7874 2074 6F20 6120  [      next to a ]
701581A5    6361 7461 7075 6C74 0000 0000 0000 0000  [catapult        ]
701581AD    0000 0000 0000 0015 6E65 7874 2074 6F20  [        next to ]
701581B5    6120 7472 616E 7370 6F72 7465 7200 0000  [a transporter   ]
701581BD    0000 0000 0000 0000 0009 6F6E 2061 2062  [          on a b]
701581C5    6F61 7400 0000 0000 0000 0000 0000 0000  [oat             ]
701581CD    0000 0000 0000 0000 0000 000C 6E65 6172  [            near]
701581D5    2061 2074 6F77 6572 0000 0000 0000 0000  [ a tower        ]
701581DD    0000 0000 0000 0000 0000 0000 001A 6E65  [              ne]
701581E5    6172 2074 6865 2044 6172 6B20 4C6F 7264  [ar the Dark Lord]
701581ED    2773 2053 7461 6666 0000 0000 0000 0009  ['s Staff        ]
701581F5    696E 2061 2068 6F6C 6400 0000 0000 0000  [in a hold       ]
701581FD    0000 0000 0000 0000 0000 0000 0000 0000  [                ]
70158205    001A 6E65 6172 2073 6F6D 6520 7368 6172  [  near some shar]
7015820D    6473 206F 6620 416C 6269 6F6E 0000 0000  [ds of Albion    ]
70158215    0000 0019 696E 2074 6865 2066 6F72 7472  [    in the fortr]
7015821D    6573 7320 6F66 2041 6C62 696F 6E00 0000  [ess of Albion   ]
70158225    0000 0000 001E 6F6E 2074 6865 206F 7574  [      on the out]
7015822D    6572 2077 616C 6C20 6F66 2061 2063 6974  [er wall of a cit]
70158235    6164 656C 0000 001E 6F6E 2074 6865 2069  [adel    on the i]
7015823D    6E6E 6572 2077 616C 6C20 6F66 2061 2063  [nner wall of a c]
70158245    6974 6164 656C 0000 001B 696E 2074 6865  [itadel    in the]
7015824D    2068 6F6D 6520 6F66 2061 6E20 616C 6368  [ home of an alch]
70158255    656D 6973 7400 0000 0000 001F 696E 2074  [emist       in t]
7015825D    6865 2063 6176 6520 6F66 2074 6865 2057  [he cave of the W]
70158265    6869 7465 2044 7261 676F 6E00 000B 696E  [hite Dragon   in]
7015826D    2061 2074 656D 706C 6500 0000 0000 0000  [ a temple       ]
70158275    0000 0000 0000 0000 0000 0000 0000 000B  [                ]
7015827D    696E 2061 2064 6573 6572 7400 0000 0000  [in a desert     ]
70158285    0000 0000 0000 0000 0000 0000 0000 0000  [                ]
7015828D    000C 6F6E 2061 2062 6172 7269 6572 0000  [  on a barrier  ]
70158295    0000 0000 0000 0000 0000 0000 0000 0000  [                ]
7015829D    0000 0000 0006 7769 7A61 7264 0000 0000  [      wizard    ]
701582A5    0000 0000 0000 0000 0000 0006 636C 6572  [            cler]
701582AD    6963 0000 0000 0000 0000 0000 0000 0000  [ic              ]
701582B5    0005 6472 7569 6400 0000 0000 0000 0000  [  druid         ]
701582BD    0000 0000 0000 0007 6669 6768 7465 7200  [        fighter ]
701582C5    0000 0000 0000 0000 0000 0000 0009 6261  [              ba]
701582CD    7262 6172 6961 6E00 0000 0000 0000 0000  [rbarian         ]
701582D5    0000 0000 000F 6F6E 206C 6576 656C 2067  [      on level g]
701582DD    726F 756E 6400 0000 0000 0000 0000 0000  [round           ]
701582E5    0000 0000 0000 000A 696E 2061 2073 7761  [        in a swa]
701582ED    6D70 0000 0000 0000 0000 0000 0000 0000  [mp              ]
701582F5    0000 0000 0000 0000 0010 696E 2073 6861  [          in sha]
701582FD    6C6C 6F77 2077 6174 6572 0000 0000 0000  [llow water      ]
70158305    0000 0000 0000 0000 0000 000F 6F76 6572  [            over]
7015830D    2064 6565 7020 7761 7465 7200 0000 0000  [ deep water     ]
70158315    0000 0000 0000 0000 0000 0000 0014 7472  [              tr]
7015831D    616E 7376 6572 7369 6E67 2061 2063 6C69  [ansversing a cli]
70158325    6666 0000 0000 0000 0000 0000 0000 0009  [ff              ]
7015832D    696E 2061 2063 6176 6500 0000 0000 0000  [in a cave       ]
70158335    0000 0000 0000 0000 0000 0000 0000 0000  [                ]
7015833D    000B 696E 2061 2066 6F72 6573 7400 0000  [  in a forest   ]
70158345    0000 0000 0000 0000 0000 0000 0000 0000  [                ]
7015834D    0000 0015 6F6E 2074 6F70 206F 6620 6120  [    on top of a ]
70158355    666F 6F74 2068 696C 6C00 0000 0000 0000  [foot hill       ]
7015835D    0000 0000 0014 6F6E 2074 6F70 206F 6620  [      on top of ]
70158365    6120 6D6F 756E 7461 696E 0000 0000 0000  [a mountain      ]
7015836D    0000 0000 0000 0009 6F6E 2061 2066 6F72  [        on a for]
70158375    6400 0000 0000 0000 0000 0000 0000 0000  [d               ]
7015837D    0000 0000 0000 0000 0009 6F6E 2061 2072  [          on a r]
70158385    6F61 6400 0000 0000 0000 0000 0000 0000  [oad             ]
7015838D    0000 0000 0000 0000 0000 000B 696E 2061  [            in a]
70158395    2063 6173 746C 6500 0000 0000 0000 0000  [ castle         ]
7015839D    0000 0000 0000 0000 0000 0000 000D 696E  [              in]
701583A5    2061 2062 7569 6C64 696E 6700 0000 0000  [ a building     ]
701583AD    0000 0000 0000 0000 0000 0000 0000 000A  [                ]
701583B5    696E 2061 2073 746F 7265 0000 0000 0000  [in a store      ]
701583BD    0000 0000 0000 0000 0000 0000 0000 0000  [                ]
701583C5    0012 6E65 7874 2074 6F20 6120 6361 7461  [  next to a cata]
701583CD    7075 6C74 0000 0000 0000 0000 0000 0000  [pult            ]
701583D5    0000 0015 6E65 7874 2074 6F20 6120 7472  [    next to a tr]
701583DD    616E 7370 6F72 7465 7200 0000 0000 0000  [ansporter       ]
701583E5    0000 0000 0009 6F6E 2061 2062 6F61 7400  [      on a boat ]
701583ED    0000 0000 0000 0000 0000 0000 0000 0000  [                ]
701583F5    0000 0000 0000 000C 6E65 6172 2061 2074  [        near a t]
701583FD    6F77 6572 0000 0000 0000 0000 0000 0000  [ower            ]
70158405    0000 0000 0000 0000 001A 6E65 6172 2074  [          near t]
7015840D    6865 2044 6172 6B20 4C6F 7264 2773 2053  [he Dark Lord's S]
70158415    7461 6666 0000 0000 0000 0009 696E 2061  [taff        in a]
7015841D    2068 6F6C 6400 0000 0000 0000 0000 0000  [ hold           ]
70158425    0000 0000 0000 0000 0000 0000 001A 6E65  [              ne]
7015842D    6172 2073 6F6D 6520 7368 6172 6473 206F  [ar some shards o]
70158435    6620 416C 6269 6F6E 0000 0000 0000 0019  [f Albion        ]
7015843D    696E 2074 6865 2066 6F72 7472 6573 7320  [in the fortress ]
70158445    6F66 2041 6C62 696F 6E00 0000 0000 0000  [of Albion       ]
7015844D    001E 6F6E 2074 6865 206F 7574 6572 2077  [  on the outer w]
70158455    616C 6C20 6F66 2061 2063 6974 6164 656C  [all of a citadel]
7015845D    0000 001E 6F6E 2074 6865 2069 6E6E 6572  [    on the inner]
70158465    2077 616C 6C20 6F66 2061 2063 6974 6164  [ wall of a citad]
7015846D    656C 0000 001B 696E 2074 6865 2068 6F6D  [el    in the hom]
70158475    6520 6F66 2061 6E20 616C 6368 656D 6973  [e of an alchemis]
7015847D    7400 0000 0000 001F 696E 2074 6865 2063  [t       in the c]
70158485    6176 6520 6F66 2074 6865 2057 6869 7465  [ave of the White]
7015848D    2044 7261 676F 6E00 000B 696E 2061 2074  [ Dragon   in a t]
70158495    656D 706C 6500 0000 0000 0000 0000 0000  [emple           ]
7015849D    0000 0000 0000 0000 0000 000B 696E 2061  [            in a]
701584A5    2064 6573 6572 7400 0000 0000 0000 0000  [ desert         ]
701584AD    0000 0000 0000 0000 0000 0000 000C 6F6E  [              on]
701584B5    2061 2062 6172 7269 6572 0000 0000 0000  [ a barrier      ]
701584BD    0000 0000 0000 0000 0000 0000 0000 0000  [                ]
701584C5    0000 6000 0000 0000 0000 6000 0006 7769  [  `       `   wi]
701584CD    7A61 7264 0000 0000 0000 0000 0000 0000  [zard            ]
701584D5    0000 0006 636C 6572 6963 0000 0000 0000  [    cleric      ]
701584DD    0000 0000 0000 0000 0005 6472 7569 6400  [          druid ]
701584E5    0000 0000 0000 0000 0000 0000 0000 0007  [                ]
701584ED    6669 6768 7465 7200 0000 0000 0000 0000  [fighter         ]
701584F5    0000 0000 0009 6261 7262 6172 6961 6E00  [      barbarian ]
701584FD    0000 0000 0000 0000 0000 0000 000F 6F6E  [              on]
70158505    206C 6576 656C 2067 726F 756E 6400 0000  [ level ground   ]
7015850D    0000 0000 0000 0000 0000 0000 0000 000A  [                ]
70158515    696E 2061 2073 7761 6D70 0000 0000 0000  [in a swamp      ]
7015851D    0000 0000 0000 0000 0000 0000 0000 0000  [                ]
70158525    0010 696E 2073 6861 6C6C 6F77 2077 6174  [  in shallow wat]
7015852D    6572 0000 0000 0000 0000 0000 0000 0000  [er              ]
70158535    0000 000F 6F76 6572 2064 6565 7020 7761  [    over deep wa]
7015853D    7465 7200 0000 0000 0000 0000 0000 0000  [ter             ]
70158545    0000 0000 0014 7472 616E 7376 6572 7369  [      transversi]
7015854D    6E67 2061 2063 6C69 6666 0000 0000 0000  [ng a cliff      ]
70158555    0000 0000 0000 0009 696E 2061 2063 6176  [        in a cav]
7015855D    6500 0000 0000 0000 0000 0000 0000 0000  [e               ]
70158565    0000 0000 0000 0000 000B 696E 2061 2066  [          in a f]
7015856D    6F72 6573 7400 0000 0000 0000 0000 0000  [orest           ]
70158575    0000 0000 0000 0000 0000 0015 6F6E 2074  [            on t]
7015857D    6F70 206F 6620 6120 666F 6F74 2068 696C  [op of a foot hil]
70158585    6C00 0000 0000 0000 0000 0000 0014 6F6E  [l             on]
7015858D    2074 6F70 206F 6620 6120 6D6F 756E 7461  [ top of a mounta]
70158595    696E 0000 0000 0000 0000 0000 0000 0009  [in              ]
7015859D    6F6E 2061 2066 6F72 6400 0000 0000 0000  [on a ford       ]
701585A5    0000 0000 0000 0000 0000 0000 0000 0000  [                ]
701585AD    0009 6F6E 2061 2072 6F61 6400 0000 0000  [  on a road     ]
701585B5    0000 0000 0000 0000 0000 0000 0000 0000  [                ]
701585BD    0000 000B 696E 2061 2063 6173 746C 6500  [    in a castle ]
701585C5    0000 0000 0000 0000 0000 0000 0000 0000  [                ]
701585CD    0000 0000 000D 696E 2061 2062 7569 6C64  [      in a build]
701585D5    696E 6700 0000 0000 0000 0000 0000 0000  [ing             ]
701585DD    0000 0000 0000 000A 696E 2061 2073 746F  [        in a sto]
701585E5    7265 0000 0000 0000 0000 0000 0000 0000  [re              ]
701585ED    0000 0000 0000 0000 0012 6E65 7874 2074  [          next t]
701585F5    6F20 6120 6361 7461 7075 6C74 0000 0000  [o a catapult    ]
701585FD    0000 0000 0000 0000 0000 0015 6E65 7874  [            next]
70158605    2074 6F20 6120 7472 616E 7370 6F72 7465  [ to a transporte]
7015860D    7200 0000 0000 0000 0000 0000 0009 6F6E  [r             on]
70158615    2061 2062 6F61 7400 0000 0000 0000 0000  [ a boat         ]
7015861D    0000 0000 0000 0000 0000 0000 0000 000C  [                ]
70158625    6E65 6172 2061 2074 6F77 6572 0000 0000  [near a tower    ]
7015862D    0000 0000 0000 0000 0000 0000 0000 0000  [                ]
70158635    001A 6E65 6172 2074 6865 2044 6172 6B20  [  near the Dark ]
7015863D    4C6F 7264 2773 2053 7461 6666 0000 0000  [Lord's Staff    ]
70158645    0000 0009 696E 2061 2068 6F6C 6400 0000  [    in a hold   ]
7015864D    0000 0000 0000 0000 0000 0000 0000 0000  [                ]
70158655    0000 0000 001A 6E65 6172 2073 6F6D 6520  [      near some ]
7015865D    7368 6172 6473 206F 6620 416C 6269 6F6E  [shards of Albion]
70158665    0000 0000 0000 0019 696E 2074 6865 2066  [        in the f]
7015866D    6F72 7472 6573 7320 6F66 2041 6C62 696F  [ortress of Albio]
70158675    6E00 0000 0000 0000 001E 6F6E 2074 6865  [n         on the]
7015867D    206F 7574 6572 2077 616C 6C20 6F66 2061  [ outer wall of a]
70158685    2063 6974 6164 656C 0000 001E 6F6E 2074  [ citadel    on t]
7015868D    6865 2069 6E6E 6572 2077 616C 6C20 6F66  [he inner wall of]
70158695    2061 2063 6974 6164 656C 0000 001B 696E  [ a citadel    in]
7015869D    2074 6865 2068 6F6D 6520 6F66 2061 6E20  [ the home of an ]
701586A5    616C 6368 656D 6973 7400 0000 0000 001F  [alchemist       ]
701586AD    696E 2074 6865 2063 6176 6520 6F66 2074  [in the cave of t]
701586B5    6865 2057 6869 7465 2044 7261 676F 6E00  [he White Dragon ]
701586BD    000B 696E 2061 2074 656D 706C 6500 0000  [  in a temple   ]
701586C5    0000 0000 0000 0000 0000 0000 0000 0000  [                ]
701586CD    0000 000B 696E 2061 2064 6573 6572 7400  [    in a desert ]
701586D5    0000 0000 0000 0000 0000 0000 0000 0000  [                ]
701586DD    0000 0000 000C 6F6E 2061 2062 6172 7269  [      on a barri]
701586E5    6572 0000 0000 0000 0000 0000 0000 0000  [er              ]
701586ED    0000 0000 0000 0000 0006 7769 7A61 7264  [          wizard]
701586F5    0000 0000 0000 0000 0000 0000 0000 0006  [                ]
701586FD    636C 6572 6963 0000 0000 0000 0000 0000  [cleric          ]
70158705    0000 0000 0005 6472 7569 6400 0000 0000  [      druid     ]
7015870D    0000 0000 0000 0000 0000 0007 6669 6768  [            figh]
70158715    7465 7200 0000 0000 0000 0000 0000 0000  [ter             ]
7015871D    0009 6261 7262 6172 6961 6E00 0000 0000  [  barbarian     ]
70158725    0000 0000 0000 0000 000F 6F6E 206C 6576  [          on lev]
7015872D    656C 2067 726F 756E 6400 0000 0000 0000  [el ground       ]
70158735    0000 0000 0000 0000 0000 000A 696E 2061  [            in a]
7015873D    2073 7761 6D70 0000 0000 0000 0000 0000  [ swamp          ]
70158745    0000 0000 0000 0000 0000 0000 0010 696E  [              in]
7015874D    2073 6861 6C6C 6F77 2077 6174 6572 0000  [ shallow water  ]
70158755    0000 0000 0000 0000 0000 0000 0000 000F  [                ]
7015875D    6F76 6572 2064 6565 7020 7761 7465 7200  [over deep water ]
70158765    0000 0000 0000 0000 0000 0000 0000 0000  [                ]
7015876D    0014 7472 616E 7376 6572 7369 6E67 2061  [  transversing a]
70158775    2063 6C69 6666 0000 0000 0000 0000 0000  [ cliff          ]
7015877D    0000 0009 696E 2061 2063 6176 6500 0000  [    in a cave   ]
70158785    0000 0000 0000 0000 0000 0000 0000 0000  [                ]
7015878D    0000 0000 000B 696E 2061 2066 6F72 6573  [      in a fores]
70158795    7400 0000 0000 0000 0000 0000 0000 0000  [t               ]
7015879D    0000 0000 0000 0015 6F6E 2074 6F70 206F  [        on top o]
701587A5    6620 6120 666F 6F74 2068 696C 6C00 0000  [f a foot hill   ]
701587AD    0000 0000 0000 0000 0014 6F6E 2074 6F70  [          on top]
701587B5    206F 6620 6120 6D6F 756E 7461 696E 0000  [ of a mountain  ]
701587BD    0000 0000 0000 0000 0000 0009 6F6E 2061  [            on a]
701587C5    2066 6F72 6400 0000 0000 0000 0000 0000  [ ford           ]
701587CD    0000 0000 0000 0000 0000 0000 0009 6F6E  [              on]
701587D5    2061 2072 6F61 6400 0000 0000 0000 0000  [ a road         ]
701587DD    0000 0000 0000 0000 0000 0000 0000 000B  [                ]
701587E5    696E 2061 2063 6173 746C 6500 0000 0000  [in a castle     ]
701587ED    0000 0000 0000 0000 0000 0000 0000 0000  [                ]
701587F5    000D 696E 2061 2062 7569 6C64 696E 6700  [  in a building ]
701587FD    0000 0000 0000 0000 0000 0000 0000 0000  [                ]
70158805    0000 000A 696E 2061 2073 746F 7265 0000  [    in a store  ]
7015880D    0000 0000 0000 0000 0000 0000 0000 0000  [                ]
70158815    0000 0000 0012 6E65 7874 2074 6F20 6120  [      next to a ]
7015881D    6361 7461 7075 6C74 0000 0000 0000 0000  [catapult        ]
70158825    0000 0000 0000 0015 6E65 7874 2074 6F20  [        next to ]
7015882D    6120 7472 616E 7370 6F72 7465 7200 0000  [a transporter   ]
70158835    0000 0000 0000 0000 0009 6F6E 2061 2062  [          on a b]
7015883D    6F61 7400 0000 0000 0000 0000 0000 0000  [oat             ]
70158845    0000 0000 0000 0000 0000 000C 6E65 6172  [            near]
7015884D    2061 2074 6F77 6572 0000 0000 0000 0000  [ a tower        ]
70158855    0000 0000 0000 0000 0000 0000 001A 6E65  [              ne]
7015885D    6172 2074 6865 2044 6172 6B20 4C6F 7264  [ar the Dark Lord]
70158865    2773 2053 7461 6666 0000 0000 0000 0009  ['s Staff        ]
7015886D    696E 2061 2068 6F6C 6400 0000 0000 0000  [in a hold       ]
70158875    0000 0000 0000 0000 0000 0000 0000 0000  [                ]
7015887D    001A 6E65 6172 2073 6F6D 6520 7368 6172  [  near some shar]
70158885    6473 206F 6620 416C 6269 6F6E 0000 0000  [ds of Albion    ]
7015888D    0000 0019 696E 2074 6865 2066 6F72 7472  [    in the fortr]
70158895    6573 7320 6F66 2041 6C62 696F 6E00 0000  [ess of Albion   ]
7015889D    0000 0000 001E 6F6E 2074 6865 206F 7574  [      on the out]
701588A5    6572 2077 616C 6C20 6F66 2061 2063 6974  [er wall of a cit]
701588AD    6164 656C 0000 001E 6F6E 2074 6865 2069  [adel    on the i]
701588B5    6E6E 6572 2077 616C 6C20 6F66 2061 2063  [nner wall of a c]
701588BD    6974 6164 656C 0000 001B 696E 2074 6865  [itadel    in the]
701588C5    2068 6F6D 6520 6F66 2061 6E20 616C 6368  [ home of an alch]
701588CD    656D 6973 7400 0000 0000 001F 696E 2074  [emist       in t]
701588D5    6865 2063 6176 6520 6F66 2074 6865 2057  [he cave of the W]
701588DD    6869 7465 2044 7261 676F 6E00 000B 696E  [hite Dragon   in]
701588E5    2061 2074 656D 706C 6500 0000 0000 0000  [ a temple       ]
701588ED    0000 0000 0000 0000 0000 0000 0000 000B  [                ]
701588F5    696E 2061 2064 6573 6572 7400 0000 0000  [in a desert     ]
701588FD    0000 0000 0000 0000 0000 0000 0000 0000  [                ]
70158905    000C 6F6E 2061 2062 6172 7269 6572 0000  [  on a barrier  ]
7015890D    0000 0000 0000 0000 0000 0000 0000 0000  [                ]
70158915    0000 0000 0006 7769 7A61 7264 0000 0000  [      wizard    ]
7015891D    0000 0000 0000 0000 0000 0006 636C 6572  [            cler]
70158925    6963 0000 0000 0000 0000 0000 0000 0000  [ic              ]
7015892D    0005 6472 7569 6400 0000 0000 0000 0000  [  druid         ]
70158935    0000 0000 0000 0007 6669 6768 7465 7200  [        fighter ]
7015893D    0000 0000 0000 0000 0000 0000 0009 6261  [              ba]
70158945    7262 6172 6961 6E00 0000 0000 0000 0000  [rbarian         ]
7015894D    0000 0000 000F 6F6E 206C 6576 656C 2067  [      on level g]
70158955    726F 756E 6400 0000 0000 0000 0000 0000  [round           ]
7015895D    0000 0000 0000 000A 696E 2061 2073 7761  [        in a swa]
70158965    6D70 0000 0000 0000 0000 0000 0000 0000  [mp              ]
7015896D    0000 0000 0000 0000 0010 696E 2073 6861  [          in sha]
70158975    6C6C 6F77 2077 6174 6572 0000 0000 0000  [llow water      ]
7015897D    0000 0000 0000 0000 0000 000F 6F76 6572  [            over]
70158985    2064 6565 7020 7761 7465 7200 0000 0000  [ deep water     ]
7015898D    0000 0000 0000 0000 0000 0000 0014 7472  [              tr]
70158995    616E 7376 6572 7369 6E67 2061 2063 6C69  [ansversing a cli]
7015899D    6666 0000 0000 0000 0000 0000 0000 0009  [ff              ]
701589A5    696E 2061 2063 6176 6500 0000 0000 0000  [in a cave       ]
701589AD    0000 0000 0000 0000 0000 0000 0000 0000  [                ]
701589B5    000B 696E 2061 2066 6F72 6573 7400 0000  [  in a forest   ]
701589BD    0000 0000 0000 0000 0000 0000 0000 0000  [                ]
701589C5    0000 0015 6F6E 2074 6F70 206F 6620 6120  [    on top of a ]
701589CD    666F 6F74 2068 696C 6C00 0000 0000 0000  [foot hill       ]
701589D5    0000 0000 0014 6F6E 2074 6F70 206F 6620  [      on top of ]
701589DD    6120 6D6F 756E 7461 696E 0000 0000 0000  [a mountain      ]
701589E5    0000 0000 0000 0009 6F6E 2061 2066 6F72  [        on a for]
701589ED    6400 0000 0000 0000 0000 0000 0000 0000  [d               ]
701589F5    0000 0000 0000 0000 0009 6F6E 2061 2072  [          on a r]
701589FD    6F61 6400 0000 0000 0000 0000 0000 0000  [oad             ]
70158A05    0000 0000 0000 0000 0000 000B 696E 2061  [            in a]
70158A0D    2063 6173 746C 6500 0000 0000 0000 0000  [ castle         ]
70158A15    0000 0000 0000 0000 0000 0000 000D 696E  [              in]
70158A1D    2061 2062 7569 6C64 696E 6700 0000 0000  [ a building     ]
70158A25    0000 0000 0000 0000 0000 0000 0000 000A  [                ]
70158A2D    696E 2061 2073 746F 7265 0000 0000 0000  [in a store      ]
70158A35    0000 0000 0000 0000 0000 0000 0000 0000  [                ]
70158A3D    0012 6E65 7874 2074 6F20 6120 6361 7461  [  next to a cata]
70158A45    7075 6C74 0000 0000 0000 0000 0000 0000  [pult            ]
70158A4D    0000 0015 6E65 7874 2074 6F20 6120 7472  [    next to a tr]
70158A55    616E 7370 6F72 7465 7200 0000 0000 0000  [ansporter       ]
70158A5D    0000 0000 0009 6F6E 2061 2062 6F61 7400  [      on a boat ]
70158A65    0000 0000 0000 0000 0000 0000 0000 0000  [                ]
70158A6D    0000 0000 0000 000C 6E65 6172 2061 2074  [        near a t]
70158A75    6F77 6572 0000 0000 0000 0000 0000 0000  [ower            ]
70158A7D    0000 0000 0000 0000 001A 6E65 6172 2074  [          near t]
70158A85    6865 2044 6172 6B20 4C6F 7264 2773 2053  [he Dark Lord's S]
70158A8D    7461 6666 0000 0000 0000 0009 696E 2061  [taff        in a]
70158A95    2068 6F6C 6400 0000 0000 0000 0000 0000  [ hold           ]
70158A9D    0000 0000 0000 0000 0000 0000 001A 6E65  [              ne]
70158AA5    6172 2073 6F6D 6520 7368 6172 6473 206F  [ar some shards o]
70158AAD    6620 416C 6269 6F6E 0000 0000 0000 0019  [f Albion        ]
70158AB5    696E 2074 6865 2066 6F72 7472 6573 7320  [in the fortress ]
70158ABD    6F66 2041 6C62 696F 6E00 0000 0000 0000  [of Albion       ]
70158AC5    001E 6F6E 2074 6865 206F 7574 6572 2077  [  on the outer w]
70158ACD    616C 6C20 6F66 2061 2063 6974 6164 656C  [all of a citadel]
70158AD5    0000 001E 6F6E 2074 6865 2069 6E6E 6572  [    on the inner]
70158ADD    2077 616C 6C20 6F66 2061 2063 6974 6164  [ wall of a citad]
70158AE5    656C 0000 001B 696E 2074 6865 2068 6F6D  [el    in the hom]
70158AED    6520 6F66 2061 6E20 616C 6368 656D 6973  [e of an alchemis]
70158AF5    7400 0000 0000 001F 696E 2074 6865 2063  [t       in the c]
70158AFD    6176 6520 6F66 2074 6865 2057 6869 7465  [ave of the White]
70158B05    2044 7261 676F 6E00 000B 696E 2061 2074  [ Dragon   in a t]
70158B0D    656D 706C 6500 0000 0000 0000 0000 0000  [emple           ]
70158B15    0000 0000 0000 0000 0000 000B 696E 2061  [            in a]
70158B1D    2064 6573 6572 7400 0000 0000 0000 0000  [ desert         ]
70158B25    0000 0000 0000 0000 0000 0000 000C 6F6E  [              on]
70158B2D    2061 2062 6172 7269 6572 0000 0000 0000  [ a barrier      ]
70158B35    0000 0000 0000 0000 0000 0000 0000 0000  [                ]
70158B3D    0006 7769 7A61 7264 0000 0000 0000 0000  [  wizard        ]
70158B45    0000 0000 0000 0006 636C 6572 6963 0000  [        cleric  ]
70158B4D    0000 0000 0000 0000 0000 0000 0005 6472  [              dr]
70158B55    7569 6400 0000 0000 0000 0000 0000 0000  [uid             ]
70158B5D    0000 0007 6669 6768 7465 7200 0000 0000  [    fighter     ]
70158B65    0000 0000 0000 0000 0009 6261 7262 6172  [          barbar]
70158B6D    6961 6E00 0000 0000 0000 0000 0000 0000  [ian             ]
70158B75    000F 6F6E 206C 6576 656C 2067 726F 756E  [  on level groun]
70158B7D    6400 0000 0000 0000 0000 0000 0000 0000  [d               ]
70158B85    0000 000A 696E 2061 2073 7761 6D70 0000  [    in a swamp  ]
70158B8D    0000 0000 0000 0000 0000 0000 0000 0000  [                ]
70158B95    0000 0000 0010 696E 2073 6861 6C6C 6F77  [      in shallow]
70158B9D    2077 6174 6572 0000 0000 0000 0000 0000  [ water          ]
70158BA5    0000 0000 0000 000F 6F76 6572 2064 6565  [        over dee]
70158BAD    7020 7761 7465 7200 0000 0000 0000 0000  [p water         ]
70158BB5    0000 0000 0000 0000 0014 7472 616E 7376  [          transv]
70158BBD    6572 7369 6E67 2061 2063 6C69 6666 0000  [ersing a cliff  ]
70158BC5    0000 0000 0000 0000 0000 0009 696E 2061  [            in a]
70158BCD    2063 6176 6500 0000 0000 0000 0000 0000  [ cave           ]
70158BD5    0000 0000 0000 0000 0000 0000 000B 696E  [              in]
70158BDD    2061 2066 6F72 6573 7400 0000 0000 0000  [ a forest       ]
70158BE5    0000 0000 0000 0000 0000 0000 0000 0015  [                ]
70158BED    6F6E 2074 6F70 206F 6620 6120 666F 6F74  [on top of a foot]
70158BF5    2068 696C 6C00 0000 0000 0000 0000 0000  [ hill           ]
70158BFD    0014 6F6E 2074 6F70 206F 6620 6120 6D6F  [  on top of a mo]
70158C05    756E 7461 696E 0000 0000 0000 0000 0000  [untain          ]
70158C0D    0000 0009 6F6E 2061 2066 6F72 6400 0000  [    on a ford   ]
70158C15    0000 0000 0000 0000 0000 0000 0000 0000  [                ]
70158C1D    0000 0000 0009 6F6E 2061 2072 6F61 6400  [      on a road ]
70158C25    0000 0000 0000 0000 0000 0000 0000 0000  [                ]
70158C2D    0000 0000 0000 000B 696E 2061 2063 6173  [        in a cas]
70158C35    746C 6500 0000 0000 0000 0000 0000 0000  [tle             ]
70158C3D    0000 0000 0000 0000 000D 696E 2061 2062  [          in a b]
70158C45    7569 6C64 696E 6700 0000 0000 0000 0000  [uilding         ]
70158C4D    0000 0000 0000 0000 0000 000A 696E 2061  [            in a]
70158C55    2073 746F 7265 0000 0000 0000 0000 0000  [ store          ]
70158C5D    0000 0000 0000 0000 0000 0000 0012 6E65  [              ne]
70158C65    7874 2074 6F20 6120 6361 7461 7075 6C74  [xt to a catapult]
70158C6D    0000 0000 0000 0000 0000 0000 0000 0015  [                ]
70158C75    6E65 7874 2074 6F20 6120 7472 616E 7370  [next to a transp]
70158C7D    6F72 7465 7200 0000 0000 0000 0000 0000  [orter           ]
70158C85    0009 6F6E 2061 2062 6F61 7400 0000 0000  [  on a boat     ]
70158C8D    0000 0000 0000 0000 0000 0000 0000 0000  [                ]
70158C95    0000 000C 6E65 6172 2061 2074 6F77 6572  [    near a tower]
70158C9D    0000 0000 0000 0000 0000 0000 0000 0000  [                ]
70158CA5    0000 0000 001A 6E65 6172 2074 6865 2044  [      near the D]
70158CAD    6172 6B20 4C6F 7264 2773 2053 7461 6666  [ark Lord's Staff]
70158CB5    0000 0000 0000 0009 696E 2061 2068 6F6C  [        in a hol]
70158CBD    6400 0000 0000 0000 0000 0000 0000 0000  [d               ]
70158CC5    0000 0000 0000 0000 001A 6E65 6172 2073  [          near s]
70158CCD    6F6D 6520 7368 6172 6473 206F 6620 416C  [ome shards of Al]
70158CD5    6269 6F6E 0000 0000 0000 0019 696E 2074  [bion        in t]
70158CDD    6865 2066 6F72 7472 6573 7320 6F66 2041  [he fortress of A]
70158CE5    6C62 696F 6E00 0000 0000 0000 001E 6F6E  [lbion         on]
70158CED    2074 6865 206F 7574 6572 2077 616C 6C20  [ the outer wall ]
70158CF5    6F66 2061 2063 6974 6164 656C 0000 001E  [of a citadel    ]
70158CFD    6F6E 2074 6865 2069 6E6E 6572 2077 616C  [on the inner wal]
70158D05    6C20 6F66 2061 2063 6974 6164 656C 0000  [l of a citadel  ]
70158D0D    001B 696E 2074 6865 2068 6F6D 6520 6F66  [  in the home of]
70158D15    2061 6E20 616C 6368 656D 6973 7400 0000  [ an alchemist   ]
70158D1D    0000 001F 696E 2074 6865 2063 6176 6520  [    in the cave ]
70158D25    6F66 2074 6865 2057 6869 7465 2044 7261  [of the White Dra]
70158D2D    676F 6E00 000B 696E 2061 2074 656D 706C  [gon   in a templ]
70158D35    6500 0000 0000 0000 0000 0000 0000 0000  [e               ]
70158D3D    0000 0000 0000 000B 696E 2061 2064 6573  [        in a des]
70158D45    6572 7400 0000 0000 0000 0000 0000 0000  [ert             ]
70158D4D    0000 0000 0000 0000 000C 6F6E 2061 2062  [          on a b]
70158D55    6172 7269 6572 0000 0000 0000 0000 0000  [arrier          ]
70158D5D    0000 0000 0000 0000 0000 0000 0006 7769  [              wi]
70158D65    7A61 7264 0000 0000 0000 0000 0000 0000  [zard            ]
70158D6D    0000 0006 636C 6572 6963 0000 0000 0000  [    cleric      ]
70158D75    0000 0000 0000 0000 0005 6472 7569 6400  [          druid ]
70158D7D    0000 0000 0000 0000 0000 0000 0000 0007  [                ]
70158D85    6669 6768 7465 7200 0000 0000 0000 0000  [fighter         ]
70158D8D    0000 0000 0009 6261 7262 6172 6961 6E00  [      barbarian ]
70158D95    0000 0000 0000 0000 0000 0000 000F 6F6E  [              on]
70158D9D    206C 6576 656C 2067 726F 756E 6400 0000  [ level ground   ]
70158DA5    0000 0000 0000 0000 0000 0000 0000 000A  [                ]
70158DAD    696E 2061 2073 7761 6D70 0000 0000 0000  [in a swamp      ]
70158DB5    0000 0000 0000 0000 0000 0000 0000 0000  [                ]
70158DBD    0010 696E 2073 6861 6C6C 6F77 2077 6174  [  in shallow wat]
70158DC5    6572 0000 0000 0000 0000 0000 0000 0000  [er              ]
70158DCD    0000 000F 6F76 6572 2064 6565 7020 7761  [    over deep wa]
70158DD5    7465 7200 0000 0000 0000 0000 0000 0000  [ter             ]
70158DDD    0000 0000 0014 7472 616E 7376 6572 7369  [      transversi]
70158DE5    6E67 2061 2063 6C69 6666 0000 0000 0000  [ng a cliff      ]
70158DED    0000 0000 0000 0009 696E 2061 2063 6176  [        in a cav]
70158DF5    6500 0000 0000 0000 0000 0000 0000 0000  [e               ]
70158DFD    0000 0000 0000 0000 000B 696E 2061 2066  [          in a f]
70158E05    6F72 6573 7400 0000 0000 0000 0000 0000  [orest           ]
70158E0D    0000 0000 0000 0000 0000 0015 6F6E 2074  [            on t]
70158E15    6F70 206F 6620 6120 666F 6F74 2068 696C  [op of a foot hil]
70158E1D    6C00 0000 0000 0000 0000 0000 0014 6F6E  [l             on]
70158E25    2074 6F70 206F 6620 6120 6D6F 756E 7461  [ top of a mounta]
70158E2D    696E 0000 0000 0000 0000 0000 0000 0009  [in              ]
70158E35    6F6E 2061 2066 6F72 6400 0000 0000 0000  [on a ford       ]
70158E3D    0000 0000 0000 0000 0000 0000 0000 0000  [                ]
70158E45    0009 6F6E 2061 2072 6F61 6400 0000 0000  [  on a road     ]
70158E4D    0000 0000 0000 0000 0000 0000 0000 0000  [                ]
70158E55    0000 000B 696E 2061 2063 6173 746C 6500  [    in a castle ]
70158E5D    0000 0000 0000 0000 0000 0000 0000 0000  [                ]
70158E65    0000 0000 000D 696E 2061 2062 7569 6C64  [      in a build]
70158E6D    696E 6700 0000 0000 0000 0000 0000 0000  [ing             ]
70158E75    0000 0000 0000 000A 696E 2061 2073 746F  [        in a sto]
70158E7D    7265 0000 0000 0000 0000 0000 0000 0000  [re              ]
70158E85    0000 0000 0000 0000 0012 6E65 7874 2074  [          next t]
70158E8D    6F20 6120 6361 7461 7075 6C74 0000 0000  [o a catapult    ]
70158E95    0000 0000 0000 0000 0000 0015 6E65 7874  [            next]
70158E9D    2074 6F20 6120 7472 616E 7370 6F72 7465  [ to a transporte]
70158EA5    7200 0000 0000 0000 0000 0000 0009 6F6E  [r             on]
70158EAD    2061 2062 6F61 7400 0000 0000 0000 0000  [ a boat         ]
70158EB5    0000 0000 0000 0000 0000 0000 0000 000C  [                ]
70158EBD    6E65 6172 2061 2074 6F77 6572 0000 0000  [near a tower    ]
70158EC5    0000 0000 0000 0000 0000 0000 0000 0000  [                ]
70158ECD    001A 6E65 6172 2074 6865 2044 6172 6B20  [  near the Dark ]
70158ED5    4C6F 7264 2773 2053 7461 6666 0000 0000  [Lord's Staff    ]
70158EDD    0000 0009 696E 2061 2068 6F6C 6400 0000  [    in a hold   ]
70158EE5    0000 0000 0000 0000 0000 0000 0000 0000  [                ]
70158EED    0000 0000 001A 6E65 6172 2073 6F6D 6520  [      near some ]
70158EF5    7368 6172 6473 206F 6620 416C 6269 6F6E  [shards of Albion]
70158EFD    0000 0000 0000 0019 696E 2074 6865 2066  [        in the f]
70158F05    6F72 7472 6573 7320 6F66 2041 6C62 696F  [ortress of Albio]
70158F0D    6E00 0000 0000 0000 001E 6F6E 2074 6865  [n         on the]
70158F15    206F 7574 6572 2077 616C 6C20 6F66 2061  [ outer wall of a]
70158F1D    2063 6974 6164 656C 0000 001E 6F6E 2074  [ citadel    on t]
70158F25    6865 2069 6E6E 6572 2077 616C 6C20 6F66  [he inner wall of]
70158F2D    2061 2063 6974 6164 656C 0000 001B 696E  [ a citadel    in]
70158F35    2074 6865 2068 6F6D 6520 6F66 2061 6E20  [ the home of an ]
70158F3D    616C 6368 656D 6973 7400 0000 0000 001F  [alchemist       ]
70158F45    696E 2074 6865 2063 6176 6520 6F66 2074  [in the cave of t]
70158F4D    6865 2057 6869 7465 2044 7261 676F 6E00  [he White Dragon ]
70158F55    000B 696E 2061 2074 656D 706C 6500 0000  [  in a temple   ]
70158F5D    0000 0000 0000 0000 0000 0000 0000 0000  [                ]
70158F65    0000 000B 696E 2061 2064 6573 6572 7400  [    in a desert ]
70158F6D    0000 0000 0000 0000 0000 0000 0000 0000  [                ]
70158F75    0000 0000 000C 6F6E 2061 2062 6172 7269  [      on a barri]
70158F7D    6572 0000 0000 0000 0000 0000 0000 0000  [er              ]
70158F85    0000 0000 0000 0000 0006 7769 7A61 7264  [          wizard]
70158F8D    0000 0000 0000 0000 0000 0000 0000 0006  [                ]
70158F95    636C 6572 6963 0000 0000 0000 0000 0000  [cleric          ]
70158F9D    0000 0000 0005 6472 7569 6400 0000 0000  [      druid     ]
70158FA5    0000 0000 0000 0000 0000 0007 6669 6768  [            figh]
70158FAD    7465 7200 0000 0000 0000 0000 0000 0000  [ter             ]
70158FB5    0009 6261 7262 6172 6961 6E00 0000 0000  [  barbarian     ]
70158FBD    0000 0000 0000 0000 000F 6F6E 206C 6576  [          on lev]
70158FC5    656C 2067 726F 756E 6400 0000 0000 0000  [el ground       ]
70158FCD    0000 0000 0000 0000 0000 000A 696E 2061  [            in a]
70158FD5    2073 7761 6D70 0000 0000 0000 0000 0000  [ swamp          ]
70158FDD    0000 0000 0000 0000 0000 0000 0010 696E  [              in]
70158FE5    2073 6861 6C6C 6F77 2077 6174 6572 0000  [ shallow water  ]
70158FED    0000 0000 0000 0000 0000 0000 0000 000F  [                ]
70158FF5    6F76 6572 2064 6565 7020 7761 7465 7200  [over deep water ]
70158FFD    0000 0000 0000 0000 0000 0000 0000 0000  [                ]
70159005    0014 7472 616E 7376 6572 7369 6E67 2061  [  transversing a]
7015900D    2063 6C69 6666 0000 0000 0000 0000 0000  [ cliff          ]
70159015    0000 0009 696E 2061 2063 6176 6500 0000  [    in a cave   ]
7015901D    0000 0000 0000 0000 0000 0000 0000 0000  [                ]
70159025    0000 0000 000B 696E 2061 2066 6F72 6573  [      in a fores]
7015902D    7400 0000 0000 0000 0000 0000 0000 0000  [t               ]
70159035    0000 0000 0000 0015 6F6E 2074 6F70 206F  [        on top o]
7015903D    6620 6120 666F 6F74 2068 696C 6C00 0000  [f a foot hill   ]
70159045    0000 0000 0000 0000 0014 6F6E 2074 6F70  [          on top]
7015904D    206F 6620 6120 6D6F 756E 7461 696E 0000  [ of a mountain  ]
70159055    0000 0000 0000 0000 0000 0009 6F6E 2061  [            on a]
7015905D    2066 6F72 6400 0000 0000 0000 0000 0000  [ ford           ]
70159065    0000 0000 0000 0000 0000 0000 0009 6F6E  [              on]
7015906D    2061 2072 6F61 6400 0000 0000 0000 0000  [ a road         ]
70159075    0000 0000 0000 0000 0000 0000 0000 000B  [                ]
7015907D    696E 2061 2063 6173 746C 6500 0000 0000  [in a castle     ]
70159085    0000 0000 0000 0000 0000 0000 0000 0000  [                ]
7015908D    000D 696E 2061 2062 7569 6C64 696E 6700  [  in a building ]
70159095    0000 0000 0000 0000 0000 0000 0000 0000  [                ]
7015909D    0000 000A 696E 2061 2073 746F 7265 0000  [    in a store  ]
701590A5    0000 0000 0000 0000 0000 0000 0000 0000  [                ]
701590AD    0000 0000 0012 6E65 7874 2074 6F20 6120  [      next to a ]
701590B5    6361 7461 7075 6C74 0000 0000 0000 0000  [catapult        ]
701590BD    0000 0000 0000 0015 6E65 7874 2074 6F20  [        next to ]
701590C5    6120 7472 616E 7370 6F72 7465 7200 0000  [a transporter   ]
701590CD    0000 0000 0000 0000 0009 6F6E 2061 2062  [          on a b]
701590D5    6F61 7400 0000 0000 0000 0000 0000 0000  [oat             ]
701590DD    0000 0000 0000 0000 0000 000C 6E65 6172  [            near]
701590E5    2061 2074 6F77 6572 0000 0000 0000 0000  [ a tower        ]
701590ED    0000 0000 0000 0000 0000 0000 001A 6E65  [              ne]
701590F5    6172 2074 6865 2044 6172 6B20 4C6F 7264  [ar the Dark Lord]
701590FD    2773 2053 7461 6666 0000 0000 0000 0009  ['s Staff        ]
70159105    696E 2061 2068 6F6C 6400 0000 0000 0000  [in a hold       ]
7015910D    0000 0000 0000 0000 0000 0000 0000 0000  [                ]
70159115    001A 6E65 6172 2073 6F6D 6520 7368 6172  [  near some shar]
7015911D    6473 206F 6620 416C 6269 6F6E 0000 0000  [ds of Albion    ]
70159125    0000 0019 696E 2074 6865 2066 6F72 7472  [    in the fortr]
7015912D    6573 7320 6F66 2041 6C62 696F 6E00 0000  [ess of Albion   ]
70159135    0000 0000 001E 6F6E 2074 6865 206F 7574  [      on the out]
7015913D    6572 2077 616C 6C20 6F66 2061 2063 6974  [er wall of a cit]
70159145    6164 656C 0000 001E 6F6E 2074 6865 2069  [adel    on the i]
7015914D    6E6E 6572 2077 616C 6C20 6F66 2061 2063  [nner wall of a c]
70159155    6974 6164 656C 0000 001B 696E 2074 6865  [itadel    in the]
7015915D    2068 6F6D 6520 6F66 2061 6E20 616C 6368  [ home of an alch]
70159165    656D 6973 7400 0000 0000 001F 696E 2074  [emist       in t]
7015916D    6865 2063 6176 6520 6F66 2074 6865 2057  [he cave of the W]
70159175    6869 7465 2044 7261 676F 6E00 000B 696E  [hite Dragon   in]
7015917D    2061 2074 656D 706C 6500 0000 0000 0000  [ a temple       ]
70159185    0000 0000 0000 0000 0000 0000 0000 000B  [                ]
7015918D    696E 2061 2064 6573 6572 7400 0000 0000  [in a desert     ]
70159195    0000 0000 0000 0000 0000 0000 0000 0000  [                ]
7015919D    000C 6F6E 2061 2062 6172 7269 6572 0000  [  on a barrier  ]
701591A5    0000 0000 0000 0000 0000 0000 0000 0000  [                ]
701591AD    0000 0000 0006 7769 7A61 7264 0000 0000  [      wizard    ]
701591B5    0000 0000 0000 0000 0000 0006 636C 6572  [            cler]
701591BD    6963 0000 0000 0000 0000 0000 0000 0000  [ic              ]
701591C5    0005 6472 7569 6400 0000 0000 0000 0000  [  druid         ]
701591CD    0000 0000 0000 0007 6669 6768 7465 7200  [        fighter ]
701591D5    0000 0000 0000 0000 0000 0000 0009 6261  [              ba]
701591DD    7262 6172 6961 6E00 0000 0000 0000 0000  [rbarian         ]
701591E5    0000 0000 000F 6F6E 206C 6576 656C 2067  [      on level g]
701591ED    726F 756E 6400 0000 0000 0000 0000 0000  [round           ]
701591F5    0000 0000 0000 000A 696E 2061 2073 7761  [        in a swa]
701591FD    6D70 0000 0000 0000 0000 0000 0000 0000  [mp              ]
70159205    0000 0000 0000 0000 0010 696E 2073 6861  [          in sha]
7015920D    6C6C 6F77 2077 6174 6572 0000 0000 0000  [llow water      ]
70159215    0000 0000 0000 0000 0000 000F 6F76 6572  [            over]
7015921D    2064 6565 7020 7761 7465 7200 0000 0000  [ deep water     ]
70159225    0000 0000 0000 0000 0000 0000 0014 7472  [              tr]
7015922D    616E 7376 6572 7369 6E67 2061 2063 6C69  [ansversing a cli]
70159235    6666 0000 0000 0000 0000 0000 0000 0009  [ff              ]
7015923D    696E 2061 2063 6176 6500 0000 0000 0000  [in a cave       ]
70159245    0000 0000 0000 0000 0000 0000 0000 0000  [                ]
7015924D    000B 696E 2061 2066 6F72 6573 7400 0000  [  in a forest   ]
70159255    0000 0000 0000 0000 0000 0000 0000 0000  [                ]
7015925D    0000 0015 6F6E 2074 6F70 206F 6620 6120  [    on top of a ]
70159265    666F 6F74 2068 696C 6C00 0000 0000 0000  [foot hill       ]
7015926D    0000 0000 0014 6F6E 2074 6F70 206F 6620  [      on top of ]
70159275    6120 6D6F 756E 7461 696E 0000 0000 0000  [a mountain      ]
7015927D    0000 0000 0000 0009 6F6E 2061 2066 6F72  [        on a for]
70159285    6400 0000 0000 0000 0000 0000 0000 0000  [d               ]
7015928D    0000 0000 0000 0000 0009 6F6E 2061 2072  [          on a r]
70159295    6F61 6400 0000 0000 0000 0000 0000 0000  [oad             ]
7015929D    0000 0000 0000 0000 0000 000B 696E 2061  [            in a]
701592A5    2063 6173 746C 6500 0000 0000 0000 0000  [ castle         ]
701592AD    0000 0000 0000 0000 0000 0000 000D 696E  [              in]
701592B5    2061 2062 7569 6C64 696E 6700 0000 0000  [ a building     ]
701592BD    0000 0000 0000 0000 0000 0000 0000 000A  [                ]
701592C5    696E 2061 2073 746F 7265 0000 0000 0000  [in a store      ]
701592CD    0000 0000 0000 0000 0000 0000 0000 0000  [                ]
701592D5    0012 6E65 7874 2074 6F20 6120 6361 7461  [  next to a cata]
701592DD    7075 6C74 0000 0000 0000 0000 0000 0000  [pult            ]
701592E5    0000 0015 6E65 7874 2074 6F20 6120 7472  [    next to a tr]
701592ED    616E 7370 6F72 7465 7200 0000 0000 0000  [ansporter       ]
701592F5    0000 0000 0009 6F6E 2061 2062 6F61 7400  [      on a boat ]
701592FD    0000 0000 0000 0000 0000 0000 0000 0000  [                ]
70159305    0000 0000 0000 000C 6E65 6172 2061 2074  [        near a t]
7015930D    6F77 6572 0000 0000 0000 0000 0000 0000  [ower            ]
70159315    0000 0000 0000 0000 001A 6E65 6172 2074  [          near t]
7015931D    6865 2044 6172 6B20 4C6F 7264 2773 2053  [he Dark Lord's S]
70159325    7461 6666 0000 0000 0000 0009 696E 2061  [taff        in a]
7015932D    2068 6F6C 6400 0000 0000 0000 0000 0000  [ hold           ]
70159335    0000 0000 0000 0000 0000 0000 001A 6E65  [              ne]
7015933D    6172 2073 6F6D 6520 7368 6172 6473 206F  [ar some shards o]
70159345    6620 416C 6269 6F6E 0000 0000 0000 0019  [f Albion        ]
7015934D    696E 2074 6865 2066 6F72 7472 6573 7320  [in the fortress ]
70159355    6F66 2041 6C62 696F 6E00 0000 0000 0000  [of Albion       ]
7015935D    001E 6F6E 2074 6865 206F 7574 6572 2077  [  on the outer w]
70159365    616C 6C20 6F66 2061 2063 6974 6164 656C  [all of a citadel]
7015936D    0000 001E 6F6E 2074 6865 2069 6E6E 6572  [    on the inner]
70159375    2077 616C 6C20 6F66 2061 2063 6974 6164  [ wall of a citad]
7015937D    656C 0000 001B 696E 2074 6865 2068 6F6D  [el    in the hom]
70159385    6520 6F66 2061 6E20 616C 6368 656D 6973  [e of an alchemis]
7015938D    7400 0000 0000 001F 696E 2074 6865 2063  [t       in the c]
70159395    6176 6520 6F66 2074 6865 2057 6869 7465  [ave of the White]
7015939D    2044 7261 676F 6E00 000B 696E 2061 2074  [ Dragon   in a t]
701593A5    656D 706C 6500 0000 0000 0000 0000 0000  [emple           ]
701593AD    0000 0000 0000 0000 0000 000B 696E 2061  [            in a]
701593B5    2064 6573 6572 7400 0000 0000 0000 0000  [ desert         ]
701593BD    0000 0000 0000 0000 0000 0000 000C 6F6E  [              on]
701593C5    2061 2062 6172 7269 6572 0000 0000 0000  [ a barrier      ]
701593CD    0000 0000 0000 0000 0000 0000 0000 0000  [                ]
701593D5    0006 7769 7A61 7264 0000 0000 0000 0000  [  wizard        ]
701593DD    0000 0000 0000 0006 636C 6572 6963 0000  [        cleric  ]
701593E5    0000 0000 0000 0000 0000 0000 0005 6472  [              dr]
701593ED    7569 6400 0000 0000 0000 0000 0000 0000  [uid             ]
701593F5    0000 0007 6669 6768 7465 7200 0000 0000  [    fighter     ]
701593FD    0000 0000 0000 0000 0009 6261 7262 6172  [          barbar]
70159405    6961 6E00 0000 0000 0000 0000 0000 0000  [ian             ]
7015940D    000F 6F6E 206C 6576 656C 2067 726F 756E  [  on level groun]
70159415    6400 0000 0000 0000 0000 0000 0000 0000  [d               ]
7015941D    0000 000A 696E 2061 2073 7761 6D70 0000  [    in a swamp  ]
70159425    0000 0000 0000 0000 0000 0000 0000 0000  [                ]
7015942D    0000 0000 0010 696E 2073 6861 6C6C 6F77  [      in shallow]
70159435    2077 6174 6572 0000 0000 0000 0000 0000  [ water          ]
7015943D    0000 0000 0000 000F 6F76 6572 2064 6565  [        over dee]
70159445    7020 7761 7465 7200 0000 0000 0000 0000  [p water         ]
7015944D    0000 0000 0000 0000 0014 7472 616E 7376  [          transv]
70159455    6572 7369 6E67 2061 2063 6C69 6666 0000  [ersing a cliff  ]
7015945D    0000 0000 0000 0000 0000 0009 696E 2061  [            in a]
70159465    2063 6176 6500 0000 0000 0000 0000 0000  [ cave           ]
7015946D    0000 0000 0000 0000 0000 0000 000B 696E  [              in]
70159475    2061 2066 6F72 6573 7400 0000 0000 0000  [ a forest       ]
7015947D    0000 0000 0000 0000 0000 0000 0000 0015  [                ]
70159485    6F6E 2074 6F70 206F 6620 6120 666F 6F74  [on top of a foot]
7015948D    2068 696C 6C00 0000 0000 0000 0000 0000  [ hill           ]
70159495    0014 6F6E 2074 6F70 206F 6620 6120 6D6F  [  on top of a mo]
7015949D    756E 7461 696E 0000 0000 0000 0000 0000  [untain          ]
701594A5    0000 0009 6F6E 2061 2066 6F72 6400 0000  [    on a ford   ]
701594AD    0000 0000 0000 0000 0000 0000 0000 0000  [                ]
701594B5    0000 0000 0009 6F6E 2061 2072 6F61 6400  [      on a road ]
701594BD    0000 0000 0000 0000 0000 0000 0000 0000  [                ]
701594C5    0000 0000 0000 000B 696E 2061 2063 6173  [        in a cas]
701594CD    746C 6500 0000 0000 0000 0000 0000 0000  [tle             ]
701594D5    0000 0000 0000 0000 000D 696E 2061 2062  [          in a b]
701594DD    7569 6C64 696E 6700 0000 0000 0000 0000  [uilding         ]
701594E5    0000 0000 0000 0000 0000 000A 696E 2061  [            in a]
701594ED    2073 746F 7265 0000 0000 0000 0000 0000  [ store          ]
701594F5    0000 0000 0000 0000 0000 0000 0012 6E65  [              ne]
701594FD    7874 2074 6F20 6120 6361 7461 7075 6C74  [xt to a catapult]
70159505    0000 0000 0000 0000 0000 0000 0000 0015  [                ]
7015950D    6E65 7874 2074 6F20 6120 7472 616E 7370  [next to a transp]
70159515    6F72 7465 7200 0000 0000 0000 0000 0000  [orter           ]
7015951D    0009 6F6E 2061 2062 6F61 7400 0000 0000  [  on a boat     ]
70159525    0000 0000 0000 0000 0000 0000 0000 0000  [                ]
7015952D    0000 000C 6E65 6172 2061 2074 6F77 6572  [    near a tower]
70159535    0000 0000 0000 0000 0000 0000 0000 0000  [                ]
7015953D    0000 0000 001A 6E65 6172 2074 6865 2044  [      near the D]
70159545    6172 6B20 4C6F 7264 2773 2053 7461 6666  [ark Lord's Staff]
7015954D    0000 0000 0000 0009 696E 2061 2068 6F6C  [        in a hol]
70159555    6400 0000 0000 0000 0000 0000 0000 0000  [d               ]
7015955D    0000 0000 0000 0000 001A 6E65 6172 2073  [          near s]
70159565    6F6D 6520 7368 6172 6473 206F 6620 416C  [ome shards of Al]
7015956D    6269 6F6E 0000 0000 0000 0019 696E 2074  [bion        in t]
70159575    6865 2066 6F72 7472 6573 7320 6F66 2041  [he fortress of A]
7015957D    6C62 696F 6E00 0000 0000 0000 001E 6F6E  [lbion         on]
70159585    2074 6865 206F 7574 6572 2077 616C 6C20  [ the outer wall ]
7015958D    6F66 2061 2063 6974 6164 656C 0000 001E  [of a citadel    ]
70159595    6F6E 2074 6865 2069 6E6E 6572 2077 616C  [on the inner wal]
7015959D    6C20 6F66 2061 2063 6974 6164 656C 0000  [l of a citadel  ]
701595A5    001B 696E 2074 6865 2068 6F6D 6520 6F66  [  in the home of]
701595AD    2061 6E20 616C 6368 656D 6973 7400 0000  [ an alchemist   ]
701595B5    0000 001F 696E 2074 6865 2063 6176 6520  [    in the cave ]
701595BD    6F66 2074 6865 2057 6869 7465 2044 7261  [of the White Dra]
701595C5    676F 6E00 000B 696E 2061 2074 656D 706C  [gon   in a templ]
701595CD    6500 0000 0000 0000 0000 0000 0000 0000  [e               ]
701595D5    0000 0000 0000 000B 696E 2061 2064 6573  [        in a des]
701595DD    6572 7400 0000 0000 0000 0000 0000 0000  [ert             ]
701595E5    0000 0000 0000 0000 000C 6F6E 2061 2062  [          on a b]
701595ED    6172 7269 6572 0000 0000 0000 0000 0000  [arrier          ]
701595F5    0000 0000 0000 0000 0000 0000 0006 7769  [              wi]
701595FD    7A61 7264 0000 0000 0000 0000 0000 0000  [zard            ]
70159605    0000 0006 636C 6572 6963 0000 0000 0000  [    cleric      ]
7015960D    0000 0000 0000 0000 0005 6472 7569 6400  [          druid ]
70159615    0000 0000 0000 0000 0000 0000 0000 0007  [                ]
7015961D    6669 6768 7465 7200 0000 0000 0000 0000  [fighter         ]
70159625    0000 0000 0009 6261 7262 6172 6961 6E00  [      barbarian ]
7015962D    0000 0000 0000 0000 0000 0000 000F 6F6E  [              on]
70159635    206C 6576 656C 2067 726F 756E 6400 0000  [ level ground   ]
7015963D    0000 0000 0000 0000 0000 0000 0000 000A  [                ]
70159645    696E 2061 2073 7761 6D70 0000 0000 0000  [in a swamp      ]
7015964D    0000 0000 0000 0000 0000 0000 0000 0000  [                ]
70159655    0010 696E 2073 6861 6C6C 6F77 2077 6174  [  in shallow wat]
7015965D    6572 0000 0000 0000 0000 0000 0000 0000  [er              ]
70159665    0000 000F 6F76 6572 2064 6565 7020 7761  [    over deep wa]
7015966D    7465 7200 0000 0000 0000 0000 0000 0000  [ter             ]
70159675    0000 0000 0014 7472 616E 7376 6572 7369  [      transversi]
7015967D    6E67 2061 2063 6C69 6666 0000 0000 0000  [ng a cliff      ]
70159685    0000 0000 0000 0009 696E 2061 2063 6176  [        in a cav]
7015968D    6500 0000 0000 0000 0000 0000 0000 0000  [e               ]
70159695    0000 0000 0000 0000 000B 696E 2061 2066  [          in a f]
7015969D    6F72 6573 7400 0000 0000 0000 0000 0000  [orest           ]
701596A5    0000 0000 0000 0000 0000 0015 6F6E 2074  [            on t]
701596AD    6F70 206F 6620 6120 666F 6F74 2068 696C  [op of a foot hil]
701596B5    6C00 0000 0000 0000 0000 0000 0014 6F6E  [l             on]
701596BD    2074 6F70 206F 6620 6120 6D6F 756E 7461  [ top of a mounta]
701596C5    696E 0000 0000 0000 0000 0000 0000 0009  [in              ]
701596CD    6F6E 2061 2066 6F72 6400 0000 0000 0000  [on a ford       ]
701596D5    0000 0000 0000 0000 0000 0000 0000 0000  [                ]
701596DD    0009 6F6E 2061 2072 6F61 6400 0000 0000  [  on a road     ]
701596E5    0000 0000 0000 0000 0000 0000 0000 0000  [                ]
701596ED    0000 000B 696E 2061 2063 6173 746C 6500  [    in a castle ]
701596F5    0000 0000 0000 0000 0000 0000 0000 0000  [                ]
701596FD    0000 0000 000D 696E 2061 2062 7569 6C64  [      in a build]
70159705    696E 6700 0000 0000 0000 0000 0000 0000  [ing             ]
7015970D    0000 0000 0000 000A 696E 2061 2073 746F  [        in a sto]
70159715    7265 0000 0000 0000 0000 0000 0000 0000  [re              ]
7015971D    0000 0000 0000 0000 0012 6E65 7874 2074  [          next t]
70159725    6F20 6120 6361 7461 7075 6C74 0000 0000  [o a catapult    ]
7015972D    0000 0000 0000 0000 0000 0015 6E65 7874  [            next]
70159735    2074 6F20 6120 7472 616E 7370 6F72 7465  [ to a transporte]
7015973D    7200 0000 0000 0000 0000 0000 0009 6F6E  [r             on]
70159745    2061 2062 6F61 7400 0000 0000 0000 0000  [ a boat         ]
7015974D    0000 0000 0000 0000 0000 0000 0000 000C  [                ]
70159755    6E65 6172 2061 2074 6F77 6572 0000 0000  [near a tower    ]
7015975D    0000 0000 0000 0000 0000 0000 0000 0000  [                ]
70159765    001A 6E65 6172 2074 6865 2044 6172 6B20  [  near the Dark ]
7015976D    4C6F 7264 2773 2053 7461 6666 0000 0000  [Lord's Staff    ]
70159775    0000 0009 696E 2061 2068 6F6C 6400 0000  [    in a hold   ]
7015977D    0000 0000 0000 0000 0000 0000 0000 0000  [                ]
70159785    0000 0000 001A 6E65 6172 2073 6F6D 6520  [      near some ]
7015978D    7368 6172 6473 206F 6620 416C 6269 6F6E  [shards of Albion]
70159795    0000 0000 0000 0019 696E 2074 6865 2066  [        in the f]
7015979D    6F72 7472 6573 7320 6F66 2041 6C62 696F  [ortress of Albio]
701597A5    6E00 0000 0000 0000 001E 6F6E 2074 6865  [n         on the]
701597AD    206F 7574 6572 2077 616C 6C20 6F66 2061  [ outer wall of a]
701597B5    2063 6974 6164 656C 0000 001E 6F6E 2074  [ citadel    on t]
701597BD    6865 2069 6E6E 6572 2077 616C 6C20 6F66  [he inner wall of]
701597C5    2061 2063 6974 6164 656C 0000 001B 696E  [ a citadel    in]
701597CD    2074 6865 2068 6F6D 6520 6F66 2061 6E20  [ the home of an ]
701597D5    616C 6368 656D 6973 7400 0000 0000 001F  [alchemist       ]
701597DD    696E 2074 6865 2063 6176 6520 6F66 2074  [in the cave of t]
701597E5    6865 2057 6869 7465 2044 7261 676F 6E00  [he White Dragon ]
701597ED    000B 696E 2061 2074 656D 706C 6500 0000  [  in a temple   ]
701597F5    0000 0000 0000 0000 0000 0000 0000 0000  [                ]
701597FD    0000 000B 696E 2061 2064 6573 6572 7400  [    in a desert ]
70159805    0000 0000 0000 0000 0000 0000 0000 0000  [                ]
7015980D    0000 0000 000C 6F6E 2061 2062 6172 7269  [      on a barri]
70159815    6572 0000 0000 0000 0000 0000 0000 0000  [er              ]
7015981D    0000 0000 0000 0077 0078 0079 007A 007B  [       w x y z {]
70159825    007C 007D 007E 007F 0080 0009 0065 0066  [ | } ~       e f]
7015982D    0067 0068 0069 000F 0008 0000 0006 7769  [ g h i        wi]
70159835    7A61 7264 0000 0000 0000 0000 0000 0000  [zard            ]
7015983D    0000 0006 636C 6572 6963 0000 0000 0000  [    cleric      ]
70159845    0000 0000 0000 0000 0005 6472 7569 6400  [          druid ]
7015984D    0000 0000 0000 0000 0000 0000 0000 0007  [                ]
70159855    6669 6768 7465 7200 0000 0000 0000 0000  [fighter         ]
7015985D    0000 0000 0009 6261 7262 6172 6961 6E00  [      barbarian ]
70159865    0000 0000 0000 0000 0000 0000 000F 6F6E  [              on]
7015986D    206C 6576 656C 2067 726F 756E 6400 0000  [ level ground   ]
70159875    0000 0000 0000 0000 0000 0000 0000 000A  [                ]
7015987D    696E 2061 2073 7761 6D70 0000 0000 0000  [in a swamp      ]
70159885    0000 0000 0000 0000 0000 0000 0000 0000  [                ]
7015988D    0010 696E 2073 6861 6C6C 6F77 2077 6174  [  in shallow wat]
70159895    6572 0000 0000 0000 0000 0000 0000 0000  [er              ]
7015989D    0000 000F 6F76 6572 2064 6565 7020 7761  [    over deep wa]
701598A5    7465 7200 0000 0000 0000 0000 0000 0000  [ter             ]
701598AD    0000 0000 0014 7472 616E 7376 6572 7369  [      transversi]
701598B5    6E67 2061 2063 6C69 6666 0000 0000 0000  [ng a cliff      ]
701598BD    0000 0000 0000 0009 696E 2061 2063 6176  [        in a cav]
701598C5    6500 0000 0000 0000 0000 0000 0000 0000  [e               ]
701598CD    0000 0000 0000 0000 000B 696E 2061 2066  [          in a f]
701598D5    6F72 6573 7400 0000 0000 0000 0000 0000  [orest           ]
701598DD    0000 0000 0000 0000 0000 0015 6F6E 2074  [            on t]
701598E5    6F70 206F 6620 6120 666F 6F74 2068 696C  [op of a foot hil]
701598ED    6C00 0000 0000 0000 0000 0000 0014 6F6E  [l             on]
701598F5    2074 6F70 206F 6620 6120 6D6F 756E 7461  [ top of a mounta]
701598FD    696E 0000 0000 0000 0000 0000 0000 0009  [in              ]
70159905    6F6E 2061 2066 6F72 6400 0000 0000 0000  [on a ford       ]
7015990D    0000 0000 0000 0000 0000 0000 0000 0000  [                ]
70159915    0009 6F6E 2061 2072 6F61 6400 0000 0000  [  on a road     ]
7015991D    0000 0000 0000 0000 0000 0000 0000 0000  [                ]
70159925    0000 000B 696E 2061 2063 6173 746C 6500  [    in a castle ]
7015992D    0000 0000 0000 0000 0000 0000 0000 0000  [                ]
70159935    0000 0000 000D 696E 2061 2062 7569 6C64  [      in a build]
7015993D    696E 6700 0000 0000 0000 0000 0000 0000  [ing             ]
70159945    0000 0000 0000 000A 696E 2061 2073 746F  [        in a sto]
7015994D    7265 0000 0000 0000 0000 0000 0000 0000  [re              ]
70159955    0000 0000 0000 0000 0012 6E65 7874 2074  [          next t]
7015995D    6F20 6120 6361 7461 7075 6C74 0000 0000  [o a catapult    ]
70159965    0000 0000 0000 0000 0000 0015 6E65 7874  [            next]
7015996D    2074 6F20 6120 7472 616E 7370 6F72 7465  [ to a transporte]
70159975    7200 0000 0000 0000 0000 0000 0009 6F6E  [r             on]
7015997D    2061 2062 6F61 7400 0000 0000 0000 0000  [ a boat         ]
70159985    0000 0000 0000 0000 0000 0000 0000 000C  [                ]
7015998D    6E65 6172 2061 2074 6F77 6572 0000 0000  [near a tower    ]
70159995    0000 0000 0000 0000 0000 0000 0000 0000  [                ]
7015999D    001A 6E65 6172 2074 6865 2044 6172 6B20  [  near the Dark ]
701599A5    4C6F 7264 2773 2053 7461 6666 0000 0000  [Lord's Staff    ]
701599AD    0000 0009 696E 2061 2068 6F6C 6400 0000  [    in a hold   ]
701599B5    0000 0000 0000 0000 0000 0000 0000 0000  [                ]
701599BD    0000 0000 001A 6E65 6172 2073 6F6D 6520  [      near some ]
701599C5    7368 6172 6473 206F 6620 416C 6269 6F6E  [shards of Albion]
701599CD    0000 0000 0000 0019 696E 2074 6865 2066  [        in the f]
701599D5    6F72 7472 6573 7320 6F66 2041 6C62 696F  [ortress of Albio]
701599DD    6E00 0000 0000 0000 001E 6F6E 2074 6865  [n         on the]
701599E5    206F 7574 6572 2077 616C 6C20 6F66 2061  [ outer wall of a]
701599ED    2063 6974 6164 656C 0000 001E 6F6E 2074  [ citadel    on t]
701599F5    6865 2069 6E6E 6572 2077 616C 6C20 6F66  [he inner wall of]
701599FD    2061 2063 6974 6164 656C 0000 001B 696E  [ a citadel    in]
70159A05    2074 6865 2068 6F6D 6520 6F66 2061 6E20  [ the home of an ]
70159A0D    616C 6368 656D 6973 7400 0000 0000 001F  [alchemist       ]
70159A15    696E 2074 6865 2063 6176 6520 6F66 2074  [in the cave of t]
70159A1D    6865 2057 6869 7465 2044 7261 676F 6E00  [he White Dragon ]
70159A25    000B 696E 2061 2074 656D 706C 6500 0000  [  in a temple   ]
70159A2D    0000 0000 0000 0000 0000 0000 0000 0000  [                ]
70159A35    0000 000B 696E 2061 2064 6573 6572 7400  [    in a desert ]
70159A3D    0000 0000 0000 0000 0000 0000 0000 0000  [                ]
70159A45    0000 0000 000C 6F6E 2061 2062 6172 7269  [      on a barri]
70159A4D    6572 0000 0000 0000 0000 0000 0000 0000  [er              ]
70159A55    0000 0000 0000 0005 0003 001E 0006 7769  [              wi]
70159A5D    7A61 7264 0000 0000 0000 0000 0000 0000  [zard            ]
70159A65    0000 0006 636C 6572 6963 0000 0000 0000  [    cleric      ]
70159A6D    0000 0000 0000 0000 0005 6472 7569 6400  [          druid ]
70159A75    0000 0000 0000 0000 0000 0000 0000 0007  [                ]
70159A7D    6669 6768 7465 7200 0000 0000 0000 0000  [fighter         ]
70159A85    0000 0000 0009 6261 7262 6172 6961 6E00  [      barbarian ]
70159A8D    0000 0000 0000 0000 0000 0000 000F 6F6E  [              on]
70159A95    206C 6576 656C 2067 726F 756E 6400 0000  [ level ground   ]
70159A9D    0000 0000 0000 0000 0000 0000 0000 000A  [                ]
70159AA5    696E 2061 2073 7761 6D70 0000 0000 0000  [in a swamp      ]
70159AAD    0000 0000 0000 0000 0000 0000 0000 0000  [                ]
70159AB5    0010 696E 2073 6861 6C6C 6F77 2077 6174  [  in shallow wat]
70159ABD    6572 0000 0000 0000 0000 0000 0000 0000  [er              ]
70159AC5    0000 000F 6F76 6572 2064 6565 7020 7761  [    over deep wa]
70159ACD    7465 7200 0000 0000 0000 0000 0000 0000  [ter             ]
70159AD5    0000 0000 0014 7472 616E 7376 6572 7369  [      transversi]
70159ADD    6E67 2061 2063 6C69 6666 0000 0000 0000  [ng a cliff      ]
70159AE5    0000 0000 0000 0009 696E 2061 2063 6176  [        in a cav]
70159AED    6500 0000 0000 0000 0000 0000 0000 0000  [e               ]
70159AF5    0000 0000 0000 0000 000B 696E 2061 2066  [          in a f]
70159AFD    6F72 6573 7400 0000 0000 0000 0000 0000  [orest           ]
70159B05    0000 0000 0000 0000 0000 0015 6F6E 2074  [            on t]
70159B0D    6F70 206F 6620 6120 666F 6F74 2068 696C  [op of a foot hil]
70159B15    6C00 0000 0000 0000 0000 0000 0014 6F6E  [l             on]
70159B1D    2074 6F70 206F 6620 6120 6D6F 756E 7461  [ top of a mounta]
70159B25    696E 0000 0000 0000 0000 0000 0000 0009  [in              ]
70159B2D    6F6E 2061 2066 6F72 6400 0000 0000 0000  [on a ford       ]
70159B35    0000 0000 0000 0000 0000 0000 0000 0000  [                ]
70159B3D    0009 6F6E 2061 2072 6F61 6400 0000 0000  [  on a road     ]
70159B45    0000 0000 0000 0000 0000 0000 0000 0000  [                ]
70159B4D    0000 000B 696E 2061 2063 6173 746C 6500  [    in a castle ]
70159B55    0000 0000 0000 0000 0000 0000 0000 0000  [                ]
70159B5D    0000 0000 000D 696E 2061 2062 7569 6C64  [      in a build]
70159B65    696E 6700 0000 0000 0000 0000 0000 0000  [ing             ]
70159B6D    0000 0000 0000 000A 696E 2061 2073 746F  [        in a sto]
70159B75    7265 0000 0000 0000 0000 0000 0000 0000  [re              ]
70159B7D    0000 0000 0000 0000 0012 6E65 7874 2074  [          next t]
70159B85    6F20 6120 6361 7461 7075 6C74 0000 0000  [o a catapult    ]
70159B8D    0000 0000 0000 0000 0000 0015 6E65 7874  [            next]
70159B95    2074 6F20 6120 7472 616E 7370 6F72 7465  [ to a transporte]
70159B9D    7200 0000 0000 0000 0000 0000 0009 6F6E  [r             on]
70159BA5    2061 2062 6F61 7400 0000 0000 0000 0000  [ a boat         ]
70159BAD    0000 0000 0000 0000 0000 0000 0000 000C  [                ]
70159BB5    6E65 6172 2061 2074 6F77 6572 0000 0000  [near a tower    ]
70159BBD    0000 0000 0000 0000 0000 0000 0000 0000  [                ]
70159BC5    001A 6E65 6172 2074 6865 2044 6172 6B20  [  near the Dark ]
70159BCD    4C6F 7264 2773 2053 7461 6666 0000 0000  [Lord's Staff    ]
70159BD5    0000 0009 696E 2061 2068 6F6C 6400 0000  [    in a hold   ]
70159BDD    0000 0000 0000 0000 0000 0000 0000 0000  [                ]
70159BE5    0000 0000 001A 6E65 6172 2073 6F6D 6520  [      near some ]
70159BED    7368 6172 6473 206F 6620 416C 6269 6F6E  [shards of Albion]
70159BF5    0000 0000 0000 0019 696E 2074 6865 2066  [        in the f]
70159BFD    6F72 7472 6573 7320 6F66 2041 6C62 696F  [ortress of Albio]
70159C05    6E00 0000 0000 0000 001E 6F6E 2074 6865  [n         on the]
70159C0D    206F 7574 6572 2077 616C 6C20 6F66 2061  [ outer wall of a]
70159C15    2063 6974 6164 656C 0000 001E 6F6E 2074  [ citadel    on t]
70159C1D    6865 2069 6E6E 6572 2077 616C 6C20 6F66  [he inner wall of]
70159C25    2061 2063 6974 6164 656C 0000 001B 696E  [ a citadel    in]
70159C2D    2074 6865 2068 6F6D 6520 6F66 2061 6E20  [ the home of an ]
70159C35    616C 6368 656D 6973 7400 0000 0000 001F  [alchemist       ]
70159C3D    696E 2074 6865 2063 6176 6520 6F66 2074  [in the cave of t]
70159C45    6865 2057 6869 7465 2044 7261 676F 6E00  [he White Dragon ]
70159C4D    000B 696E 2061 2074 656D 706C 6500 0000  [  in a temple   ]
70159C55    0000 0000 0000 0000 0000 0000 0000 0000  [                ]
70159C5D    0000 000B 696E 2061 2064 6573 6572 7400  [    in a desert ]
70159C65    0000 0000 0000 0000 0000 0000 0000 0000  [                ]
70159C6D    0000 0000 000C 6F6E 2061 2062 6172 7269  [      on a barri]
70159C75    6572 0000 0000 0000 0000 0000 0000 0000  [er              ]
70159C7D    0000 0000 0000 000F 0004 0007 0006 7769  [              wi]
70159C85    7A61 7264 0000 0000 0000 0000 0000 0000  [zard            ]
70159C8D    0000 0006 636C 6572 6963 0000 0000 0000  [    cleric      ]
70159C95    0000 0000 0000 0000 0005 6472 7569 6400  [          druid ]
70159C9D    0000 0000 0000 0000 0000 0000 0000 0007  [                ]
70159CA5    6669 6768 7465 7200 0000 0000 0000 0000  [fighter         ]
70159CAD    0000 0000 0009 6261 7262 6172 6961 6E00  [      barbarian ]
70159CB5    0000 0000 0000 0000 0000 0000 000F 6F6E  [              on]
70159CBD    206C 6576 656C 2067 726F 756E 6400 0000  [ level ground   ]
70159CC5    0000 0000 0000 0000 0000 0000 0000 000A  [                ]
70159CCD    696E 2061 2073 7761 6D70 0000 0000 0000  [in a swamp      ]
70159CD5    0000 0000 0000 0000 0000 0000 0000 0000  [                ]
70159CDD    0010 696E 2073 6861 6C6C 6F77 2077 6174  [  in shallow wat]
70159CE5    6572 0000 0000 0000 0000 0000 0000 0000  [er              ]
70159CED    0000 000F 6F76 6572 2064 6565 7020 7761  [    over deep wa]
70159CF5    7465 7200 0000 0000 0000 0000 0000 0000  [ter             ]
70159CFD    0000 0000 0014 7472 616E 7376 6572 7369  [      transversi]
70159D05    6E67 2061 2063 6C69 6666 0000 0000 0000  [ng a cliff      ]
70159D0D    0000 0000 0000 0009 696E 2061 2063 6176  [        in a cav]
70159D15    6500 0000 0000 0000 0000 0000 0000 0000  [e               ]
70159D1D    0000 0000 0000 0000 000B 696E 2061 2066  [          in a f]
70159D25    6F72 6573 7400 0000 0000 0000 0000 0000  [orest           ]
70159D2D    0000 0000 0000 0000 0000 0015 6F6E 2074  [            on t]
70159D35    6F70 206F 6620 6120 666F 6F74 2068 696C  [op of a foot hil]
70159D3D    6C00 0000 0000 0000 0000 0000 0014 6F6E  [l             on]
70159D45    2074 6F70 206F 6620 6120 6D6F 756E 7461  [ top of a mounta]
70159D4D    696E 0000 0000 0000 0000 0000 0000 0009  [in              ]
70159D55    6F6E 2061 2066 6F72 6400 0000 0000 0000  [on a ford       ]
70159D5D    0000 0000 0000 0000 0000 0000 0000 0000  [                ]
70159D65    0009 6F6E 2061 2072 6F61 6400 0000 0000  [  on a road     ]
70159D6D    0000 0000 0000 0000 0000 0000 0000 0000  [                ]
70159D75    0000 000B 696E 2061 2063 6173 746C 6500  [    in a castle ]
70159D7D    0000 0000 0000 0000 0000 0000 0000 0000  [                ]
70159D85    0000 0000 000D 696E 2061 2062 7569 6C64  [      in a build]
70159D8D    696E 6700 0000 0000 0000 0000 0000 0000  [ing             ]
70159D95    0000 0000 0000 000A 696E 2061 2073 746F  [        in a sto]
70159D9D    7265 0000 0000 0000 0000 0000 0000 0000  [re              ]
70159DA5    0000 0000 0000 0000 0012 6E65 7874 2074  [          next t]
70159DAD    6F20 6120 6361 7461 7075 6C74 0000 0000  [o a catapult    ]
70159DB5    0000 0000 0000 0000 0000 0015 6E65 7874  [            next]
70159DBD    2074 6F20 6120 7472 616E 7370 6F72 7465  [ to a transporte]
70159DC5    7200 0000 0000 0000 0000 0000 0009 6F6E  [r             on]
70159DCD    2061 2062 6F61 7400 0000 0000 0000 0000  [ a boat         ]
70159DD5    0000 0000 0000 0000 0000 0000 0000 000C  [                ]
70159DDD    6E65 6172 2061 2074 6F77 6572 0000 0000  [near a tower    ]
70159DE5    0000 0000 0000 0000 0000 0000 0000 0000  [                ]
70159DED    001A 6E65 6172 2074 6865 2044 6172 6B20  [  near the Dark ]
70159DF5    4C6F 7264 2773 2053 7461 6666 0000 0000  [Lord's Staff    ]
70159DFD    0000 0009 696E 2061 2068 6F6C 6400 0000  [    in a hold   ]
70159E05    0000 0000 0000 0000 0000 0000 0000 0000  [                ]
70159E0D    0000 0000 001A 6E65 6172 2073 6F6D 6520  [      near some ]
70159E15    7368 6172 6473 206F 6620 416C 6269 6F6E  [shards of Albion]
70159E1D    0000 0000 0000 0019 696E 2074 6865 2066  [        in the f]
70159E25    6F72 7472 6573 7320 6F66 2041 6C62 696F  [ortress of Albio]
70159E2D    6E00 0000 0000 0000 001E 6F6E 2074 6865  [n         on the]
70159E35    206F 7574 6572 2077 616C 6C20 6F66 2061  [ outer wall of a]
70159E3D    2063 6974 6164 656C 0000 001E 6F6E 2074  [ citadel    on t]
70159E45    6865 2069 6E6E 6572 2077 616C 6C20 6F66  [he inner wall of]
70159E4D    2061 2063 6974 6164 656C 0000 001B 696E  [ a citadel    in]
70159E55    2074 6865 2068 6F6D 6520 6F66 2061 6E20  [ the home of an ]
70159E5D    616C 6368 656D 6973 7400 0000 0000 001F  [alchemist       ]
70159E65    696E 2074 6865 2063 6176 6520 6F66 2074  [in the cave of t]
70159E6D    6865 2057 6869 7465 2044 7261 676F 6E00  [he White Dragon ]
70159E75    000B 696E 2061 2074 656D 706C 6500 0000  [  in a temple   ]
70159E7D    0000 0000 0000 0000 0000 0000 0000 0000  [                ]
70159E85    0000 000B 696E 2061 2064 6573 6572 7400  [    in a desert ]
70159E8D    0000 0000 0000 0000 0000 0000 0000 0000  [                ]
70159E95    0000 0000 000C 6F6E 2061 2062 6172 7269  [      on a barri]
70159E9D    6572 0000 0000 0000 0000 0000 0000 0000  [er              ]
70159EA5    0000 0000 0000 006D 0006 7769 7A61 7264  [       m  wizard]
70159EAD    0000 0000 0000 0000 0000 0000 0000 0006  [                ]
70159EB5    636C 6572 6963 0000 0000 0000 0000 0000  [cleric          ]
70159EBD    0000 0000 0005 6472 7569 6400 0000 0000  [      druid     ]
70159EC5    0000 0000 0000 0000 0000 0007 6669 6768  [            figh]
70159ECD    7465 7200 0000 0000 0000 0000 0000 0000  [ter             ]
70159ED5    0009 6261 7262 6172 6961 6E00 0000 0000  [  barbarian     ]
70159EDD    0000 0000 0000 0000 000F 6F6E 206C 6576  [          on lev]
70159EE5    656C 2067 726F 756E 6400 0000 0000 0000  [el ground       ]
70159EED    0000 0000 0000 0000 0000 000A 696E 2061  [            in a]
70159EF5    2073 7761 6D70 0000 0000 0000 0000 0000  [ swamp          ]
70159EFD    0000 0000 0000 0000 0000 0000 0010 696E  [              in]
70159F05    2073 6861 6C6C 6F77 2077 6174 6572 0000  [ shallow water  ]
70159F0D    0000 0000 0000 0000 0000 0000 0000 000F  [                ]
70159F15    6F76 6572 2064 6565 7020 7761 7465 7200  [over deep water ]
70159F1D    0000 0000 0000 0000 0000 0000 0000 0000  [                ]
70159F25    0014 7472 616E 7376 6572 7369 6E67 2061  [  transversing a]
70159F2D    2063 6C69 6666 0000 0000 0000 0000 0000  [ cliff          ]
70159F35    0000 0009 696E 2061 2063 6176 6500 0000  [    in a cave   ]
70159F3D    0000 0000 0000 0000 0000 0000 0000 0000  [                ]
70159F45    0000 0000 000B 696E 2061 2066 6F72 6573  [      in a fores]
70159F4D    7400 0000 0000 0000 0000 0000 0000 0000  [t               ]
70159F55    0000 0000 0000 0015 6F6E 2074 6F70 206F  [        on top o]
70159F5D    6620 6120 666F 6F74 2068 696C 6C00 0000  [f a foot hill   ]
70159F65    0000 0000 0000 0000 0014 6F6E 2074 6F70  [          on top]
70159F6D    206F 6620 6120 6D6F 756E 7461 696E 0000  [ of a mountain  ]
70159F75    0000 0000 0000 0000 0000 0009 6F6E 2061  [            on a]
70159F7D    2066 6F72 6400 0000 0000 0000 0000 0000  [ ford           ]
70159F85    0000 0000 0000 0000 0000 0000 0009 6F6E  [              on]
70159F8D    2061 2072 6F61 6400 0000 0000 0000 0000  [ a road         ]
70159F95    0000 0000 0000 0000 0000 0000 0000 000B  [                ]
70159F9D    696E 2061 2063 6173 746C 6500 0000 0000  [in a castle     ]
70159FA5    0000 0000 0000 0000 0000 0000 0000 0000  [                ]
70159FAD    000D 696E 2061 2062 7569 6C64 696E 6700  [  in a building ]
70159FB5    0000 0000 0000 0000 0000 0000 0000 0000  [                ]
70159FBD    0000 000A 696E 2061 2073 746F 7265 0000  [    in a store  ]
70159FC5    0000 0000 0000 0000 0000 0000 0000 0000  [                ]
70159FCD    0000 0000 0012 6E65 7874 2074 6F20 6120  [      next to a ]
70159FD5    6361 7461 7075 6C74 0000 0000 0000 0000  [catapult        ]
70159FDD    0000 0000 0000 0015 6E65 7874 2074 6F20  [        next to ]
70159FE5    6120 7472 616E 7370 6F72 7465 7200 0000  [a transporter   ]
70159FED    0000 0000 0000 0000 0009 6F6E 2061 2062  [          on a b]
70159FF5    6F61 7400 0000 0000 0000 0000 0000 0000  [oat             ]
70159FFD    0000 0000 0000 0000 0000 000C 6E65 6172  [            near]
7015A005    2061 2074 6F77 6572 0000 0000 0000 0000  [ a tower        ]
7015A00D    0000 0000 0000 0000 0000 0000 001A 6E65  [              ne]
7015A015    6172 2074 6865 2044 6172 6B20 4C6F 7264  [ar the Dark Lord]
7015A01D    2773 2053 7461 6666 0000 0000 0000 0009  ['s Staff        ]
7015A025    696E 2061 2068 6F6C 6400 0000 0000 0000  [in a hold       ]
7015A02D    0000 0000 0000 0000 0000 0000 0000 0000  [                ]
7015A035    001A 6E65 6172 2073 6F6D 6520 7368 6172  [  near some shar]
7015A03D    6473 206F 6620 416C 6269 6F6E 0000 0000  [ds of Albion    ]
7015A045    0000 0019 696E 2074 6865 2066 6F72 7472  [    in the fortr]
7015A04D    6573 7320 6F66 2041 6C62 696F 6E00 0000  [ess of Albion   ]
7015A055    0000 0000 001E 6F6E 2074 6865 206F 7574  [      on the out]
7015A05D    6572 2077 616C 6C20 6F66 2061 2063 6974  [er wall of a cit]
7015A065    6164 656C 0000 001E 6F6E 2074 6865 2069  [adel    on the i]
7015A06D    6E6E 6572 2077 616C 6C20 6F66 2061 2063  [nner wall of a c]
7015A075    6974 6164 656C 0000 001B 696E 2074 6865  [itadel    in the]
7015A07D    2068 6F6D 6520 6F66 2061 6E20 616C 6368  [ home of an alch]
7015A085    656D 6973 7400 0000 0000 001F 696E 2074  [emist       in t]
7015A08D    6865 2063 6176 6520 6F66 2074 6865 2057  [he cave of the W]
7015A095    6869 7465 2044 7261 676F 6E00 000B 696E  [hite Dragon   in]
7015A09D    2061 2074 656D 706C 6500 0000 0000 0000  [ a temple       ]
7015A0A5    0000 0000 0000 0000 0000 0000 0000 000B  [                ]
7015A0AD    696E 2061 2064 6573 6572 7400 0000 0000  [in a desert     ]
7015A0B5    0000 0000 0000 0000 0000 0000 0000 0000  [                ]
7015A0BD    000C 6F6E 2061 2062 6172 7269 6572 0000  [  on a barrier  ]
7015A0C5    0000 0000 0000 0000 0000 0000 0000 0000  [                ]
7015A0CD    0000 0000 0006 7769 7A61 7264 0000 0000  [      wizard    ]
7015A0D5    0000 0000 0000 0000 0000 0006 636C 6572  [            cler]
7015A0DD    6963 0000 0000 0000 0000 0000 0000 0000  [ic              ]
7015A0E5    0005 6472 7569 6400 0000 0000 0000 0000  [  druid         ]
7015A0ED    0000 0000 0000 0007 6669 6768 7465 7200  [        fighter ]
7015A0F5    0000 0000 0000 0000 0000 0000 0009 6261  [              ba]
7015A0FD    7262 6172 6961 6E00 0000 0000 0000 0000  [rbarian         ]
7015A105    0000 0000 000F 6F6E 206C 6576 656C 2067  [      on level g]
7015A10D    726F 756E 6400 0000 0000 0000 0000 0000  [round           ]
7015A115    0000 0000 0000 000A 696E 2061 2073 7761  [        in a swa]
7015A11D    6D70 0000 0000 0000 0000 0000 0000 0000  [mp              ]
7015A125    0000 0000 0000 0000 0010 696E 2073 6861  [          in sha]
7015A12D    6C6C 6F77 2077 6174 6572 0000 0000 0000  [llow water      ]
7015A135    0000 0000 0000 0000 0000 000F 6F76 6572  [            over]
7015A13D    2064 6565 7020 7761 7465 7200 0000 0000  [ deep water     ]
7015A145    0000 0000 0000 0000 0000 0000 0014 7472  [              tr]
7015A14D    616E 7376 6572 7369 6E67 2061 2063 6C69  [ansversing a cli]
7015A155    6666 0000 0000 0000 0000 0000 0000 0009  [ff              ]
7015A15D    696E 2061 2063 6176 6500 0000 0000 0000  [in a cave       ]
7015A165    0000 0000 0000 0000 0000 0000 0000 0000  [                ]
7015A16D    000B 696E 2061 2066 6F72 6573 7400 0000  [  in a forest   ]
7015A175    0000 0000 0000 0000 0000 0000 0000 0000  [                ]
7015A17D    0000 0015 6F6E 2074 6F70 206F 6620 6120  [    on top of a ]
7015A185    666F 6F74 2068 696C 6C00 0000 0000 0000  [foot hill       ]
7015A18D    0000 0000 0014 6F6E 2074 6F70 206F 6620  [      on top of ]
7015A195    6120 6D6F 756E 7461 696E 0000 0000 0000  [a mountain      ]
7015A19D    0000 0000 0000 0009 6F6E 2061 2066 6F72  [        on a for]
7015A1A5    6400 0000 0000 0000 0000 0000 0000 0000  [d               ]
7015A1AD    0000 0000 0000 0000 0009 6F6E 2061 2072  [          on a r]
7015A1B5    6F61 6400 0000 0000 0000 0000 0000 0000  [oad             ]
7015A1BD    0000 0000 0000 0000 0000 000B 696E 2061  [            in a]
7015A1C5    2063 6173 746C 6500 0000 0000 0000 0000  [ castle         ]
7015A1CD    0000 0000 0000 0000 0000 0000 000D 696E  [              in]
7015A1D5    2061 2062 7569 6C64 696E 6700 0000 0000  [ a building     ]
7015A1DD    0000 0000 0000 0000 0000 0000 0000 000A  [                ]
7015A1E5    696E 2061 2073 746F 7265 0000 0000 0000  [in a store      ]
7015A1ED    0000 0000 0000 0000 0000 0000 0000 0000  [                ]
7015A1F5    0012 6E65 7874 2074 6F20 6120 6361 7461  [  next to a cata]
7015A1FD    7075 6C74 0000 0000 0000 0000 0000 0000  [pult            ]
7015A205    0000 0015 6E65 7874 2074 6F20 6120 7472  [    next to a tr]
7015A20D    616E 7370 6F72 7465 7200 0000 0000 0000  [ansporter       ]
7015A215    0000 0000 0009 6F6E 2061 2062 6F61 7400  [      on a boat ]
7015A21D    0000 0000 0000 0000 0000 0000 0000 0000  [                ]
7015A225    0000 0000 0000 000C 6E65 6172 2061 2074  [        near a t]
7015A22D    6F77 6572 0000 0000 0000 0000 0000 0000  [ower            ]
7015A235    0000 0000 0000 0000 001A 6E65 6172 2074  [          near t]
7015A23D    6865 2044 6172 6B20 4C6F 7264 2773 2053  [he Dark Lord's S]
7015A245    7461 6666 0000 0000 0000 0009 696E 2061  [taff        in a]
7015A24D    2068 6F6C 6400 0000 0000 0000 0000 0000  [ hold           ]
7015A255    0000 0000 0000 0000 0000 0000 001A 6E65  [              ne]
7015A25D    6172 2073 6F6D 6520 7368 6172 6473 206F  [ar some shards o]
7015A265    6620 416C 6269 6F6E 0000 0000 0000 0019  [f Albion        ]
7015A26D    696E 2074 6865 2066 6F72 7472 6573 7320  [in the fortress ]
7015A275    6F66 2041 6C62 696F 6E00 0000 0000 0000  [of Albion       ]
7015A27D    001E 6F6E 2074 6865 206F 7574 6572 2077  [  on the outer w]
7015A285    616C 6C20 6F66 2061 2063 6974 6164 656C  [all of a citadel]
7015A28D    0000 001E 6F6E 2074 6865 2069 6E6E 6572  [    on the inner]
7015A295    2077 616C 6C20 6F66 2061 2063 6974 6164  [ wall of a citad]
7015A29D    656C 0000 001B 696E 2074 6865 2068 6F6D  [el    in the hom]
7015A2A5    6520 6F66 2061 6E20 616C 6368 656D 6973  [e of an alchemis]
7015A2AD    7400 0000 0000 001F 696E 2074 6865 2063  [t       in the c]
7015A2B5    6176 6520 6F66 2074 6865 2057 6869 7465  [ave of the White]
7015A2BD    2044 7261 676F 6E00 000B 696E 2061 2074  [ Dragon   in a t]
7015A2C5    656D 706C 6500 0000 0000 0000 0000 0000  [emple           ]
7015A2CD    0000 0000 0000 0000 0000 000B 696E 2061  [            in a]
7015A2D5    2064 6573 6572 7400 0000 0000 0000 0000  [ desert         ]
7015A2DD    0000 0000 0000 0000 0000 0000 000C 6F6E  [              on]
7015A2E5    2061 2062 6172 7269 6572 0000 0000 0000  [ a barrier      ]
7015A2ED    0000 0000 0000 0000 0000 0000 0000 0002  [                ]
7015A2F5    0006 7769 7A61 7264 0000 0000 0000 0000  [  wizard        ]
7015A2FD    0000 0000 0000 0006 636C 6572 6963 0000  [        cleric  ]
7015A305    0000 0000 0000 0000 0000 0000 0005 6472  [              dr]
7015A30D    7569 6400 0000 0000 0000 0000 0000 0000  [uid             ]
7015A315    0000 0007 6669 6768 7465 7200 0000 0000  [    fighter     ]
7015A31D    0000 0000 0000 0000 0009 6261 7262 6172  [          barbar]
7015A325    6961 6E00 0000 0000 0000 0000 0000 0000  [ian             ]
7015A32D    000F 6F6E 206C 6576 656C 2067 726F 756E  [  on level groun]
7015A335    6400 0000 0000 0000 0000 0000 0000 0000  [d               ]
7015A33D    0000 000A 696E 2061 2073 7761 6D70 0000  [    in a swamp  ]
7015A345    0000 0000 0000 0000 0000 0000 0000 0000  [                ]
7015A34D    0000 0000 0010 696E 2073 6861 6C6C 6F77  [      in shallow]
7015A355    2077 6174 6572 0000 0000 0000 0000 0000  [ water          ]
7015A35D    0000 0000 0000 000F 6F76 6572 2064 6565  [        over dee]
7015A365    7020 7761 7465 7200 0000 0000 0000 0000  [p water         ]
7015A36D    0000 0000 0000 0000 0014 7472 616E 7376  [          transv]
7015A375    6572 7369 6E67 2061 2063 6C69 6666 0000  [ersing a cliff  ]
7015A37D    0000 0000 0000 0000 0000 0009 696E 2061  [            in a]
7015A385    2063 6176 6500 0000 0000 0000 0000 0000  [ cave           ]
7015A38D    0000 0000 0000 0000 0000 0000 000B 696E  [              in]
7015A395    2061 2066 6F72 6573 7400 0000 0000 0000  [ a forest       ]
7015A39D    0000 0000 0000 0000 0000 0000 0000 0015  [                ]
7015A3A5    6F6E 2074 6F70 206F 6620 6120 666F 6F74  [on top of a foot]
7015A3AD    2068 696C 6C00 0000 0000 0000 0000 0000  [ hill           ]
7015A3B5    0014 6F6E 2074 6F70 206F 6620 6120 6D6F  [  on top of a mo]
7015A3BD    756E 7461 696E 0000 0000 0000 0000 0000  [untain          ]
7015A3C5    0000 0009 6F6E 2061 2066 6F72 6400 0000  [    on a ford   ]
7015A3CD    0000 0000 0000 0000 0000 0000 0000 0000  [                ]
7015A3D5    0000 0000 0009 6F6E 2061 2072 6F61 6400  [      on a road ]
7015A3DD    0000 0000 0000 0000 0000 0000 0000 0000  [                ]
7015A3E5    0000 0000 0000 000B 696E 2061 2063 6173  [        in a cas]
7015A3ED    746C 6500 0000 0000 0000 0000 0000 0000  [tle             ]
7015A3F5    0000 0000 0000 0000 000D 696E 2061 2062  [          in a b]
7015A3FD    7569 6C64 696E 6700 0000 0000 0000 0000  [uilding         ]
7015A405    0000 0000 0000 0000 0000 000A 696E 2061  [            in a]
7015A40D    2073 746F 7265 0000 0000 0000 0000 0000  [ store          ]
7015A415    0000 0000 0000 0000 0000 0000 0012 6E65  [              ne]
7015A41D    7874 2074 6F20 6120 6361 7461 7075 6C74  [xt to a catapult]
7015A425    0000 0000 0000 0000 0000 0000 0000 0015  [                ]
7015A42D    6E65 7874 2074 6F20 6120 7472 616E 7370  [next to a transp]
7015A435    6F72 7465 7200 0000 0000 0000 0000 0000  [orter           ]
7015A43D    0009 6F6E 2061 2062 6F61 7400 0000 0000  [  on a boat     ]
7015A445    0000 0000 0000 0000 0000 0000 0000 0000  [                ]
7015A44D    0000 000C 6E65 6172 2061 2074 6F77 6572  [    near a tower]
7015A455    0000 0000 0000 0000 0000 0000 0000 0000  [                ]
7015A45D    0000 0000 001A 6E65 6172 2074 6865 2044  [      near the D]
7015A465    6172 6B20 4C6F 7264 2773 2053 7461 6666  [ark Lord's Staff]
7015A46D    0000 0000 0000 0009 696E 2061 2068 6F6C  [        in a hol]
7015A475    6400 0000 0000 0000 0000 0000 0000 0000  [d               ]
7015A47D    0000 0000 0000 0000 001A 6E65 6172 2073  [          near s]
7015A485    6F6D 6520 7368 6172 6473 206F 6620 416C  [ome shards of Al]
7015A48D    6269 6F6E 0000 0000 0000 0019 696E 2074  [bion        in t]
7015A495    6865 2066 6F72 7472 6573 7320 6F66 2041  [he fortress of A]
7015A49D    6C62 696F 6E00 0000 0000 0000 001E 6F6E  [lbion         on]
7015A4A5    2074 6865 206F 7574 6572 2077 616C 6C20  [ the outer wall ]
7015A4AD    6F66 2061 2063 6974 6164 656C 0000 001E  [of a citadel    ]
7015A4B5    6F6E 2074 6865 2069 6E6E 6572 2077 616C  [on the inner wal]
7015A4BD    6C20 6F66 2061 2063 6974 6164 656C 0000  [l of a citadel  ]
7015A4C5    001B 696E 2074 6865 2068 6F6D 6520 6F66  [  in the home of]
7015A4CD    2061 6E20 616C 6368 656D 6973 7400 0000  [ an alchemist   ]
7015A4D5    0000 001F 696E 2074 6865 2063 6176 6520  [    in the cave ]
7015A4DD    6F66 2074 6865 2057 6869 7465 2044 7261  [of the White Dra]
7015A4E5    676F 6E00 000B 696E 2061 2074 656D 706C  [gon   in a templ]
7015A4ED    6500 0000 0000 0000 0000 0000 0000 0000  [e               ]
7015A4F5    0000 0000 0000 000B 696E 2061 2064 6573  [        in a des]
7015A4FD    6572 7400 0000 0000 0000 0000 0000 0000  [ert             ]
7015A505    0000 0000 0000 0000 000C 6F6E 2061 2062  [          on a b]
7015A50D    6172 7269 6572 0000 0000 0000 0000 0000  [arrier          ]
7015A515    0000 0000 0000 0000 0000 0077 0078 0079  [           w x y]
7015A51D    007A 007B 007C 007D 007E 007F 0006 7769  [ z { | } ~    wi]
7015A525    7A61 7264 0000 0000 0000 0000 0000 0000  [zard            ]
7015A52D    0000 0006 636C 6572 6963 0000 0000 0000  [    cleric      ]
7015A535    0000 0000 0000 0000 0005 6472 7569 6400  [          druid ]
7015A53D    0000 0000 0000 0000 0000 0000 0000 0007  [                ]
7015A545    6669 6768 7465 7200 0000 0000 0000 0000  [fighter         ]
7015A54D    0000 0000 0009 6261 7262 6172 6961 6E00  [      barbarian ]
7015A555    0000 0000 0000 0000 0000 0000 000F 6F6E  [              on]
7015A55D    206C 6576 656C 2067 726F 756E 6400 0000  [ level ground   ]
7015A565    0000 0000 0000 0000 0000 0000 0000 000A  [                ]
7015A56D    696E 2061 2073 7761 6D70 0000 0000 0000  [in a swamp      ]
7015A575    0000 0000 0000 0000 0000 0000 0000 0000  [                ]
7015A57D    0010 696E 2073 6861 6C6C 6F77 2077 6174  [  in shallow wat]
7015A585    6572 0000 0000 0000 0000 0000 0000 0000  [er              ]
7015A58D    0000 000F 6F76 6572 2064 6565 7020 7761  [    over deep wa]
7015A595    7465 7200 0000 0000 0000 0000 0000 0000  [ter             ]
7015A59D    0000 0000 0014 7472 616E 7376 6572 7369  [      transversi]
7015A5A5    6E67 2061 2063 6C69 6666 0000 0000 0000  [ng a cliff      ]
7015A5AD    0000 0000 0000 0009 696E 2061 2063 6176  [        in a cav]
7015A5B5    6500 0000 0000 0000 0000 0000 0000 0000  [e               ]
7015A5BD    0000 0000 0000 0000 000B 696E 2061 2066  [          in a f]
7015A5C5    6F72 6573 7400 0000 0000 0000 0000 0000  [orest           ]
7015A5CD    0000 0000 0000 0000 0000 0015 6F6E 2074  [            on t]
7015A5D5    6F70 206F 6620 6120 666F 6F74 2068 696C  [op of a foot hil]
7015A5DD    6C00 0000 0000 0000 0000 0000 0014 6F6E  [l             on]
7015A5E5    2074 6F70 206F 6620 6120 6D6F 756E 7461  [ top of a mounta]
7015A5ED    696E 0000 0000 0000 0000 0000 0000 0009  [in              ]
7015A5F5    6F6E 2061 2066 6F72 6400 0000 0000 0000  [on a ford       ]
7015A5FD    0000 0000 0000 0000 0000 0000 0000 0000  [                ]
7015A605    0009 6F6E 2061 2072 6F61 6400 0000 0000  [  on a road     ]
7015A60D    0000 0000 0000 0000 0000 0000 0000 0000  [                ]
7015A615    0000 000B 696E 2061 2063 6173 746C 6500  [    in a castle ]
7015A61D    0000 0000 0000 0000 0000 0000 0000 0000  [                ]
7015A625    0000 0000 000D 696E 2061 2062 7569 6C64  [      in a build]
7015A62D    696E 6700 0000 0000 0000 0000 0000 0000  [ing             ]
7015A635    0000 0000 0000 000A 696E 2061 2073 746F  [        in a sto]
7015A63D    7265 0000 0000 0000 0000 0000 0000 0000  [re              ]
7015A645    0000 0000 0000 0000 0012 6E65 7874 2074  [          next t]
7015A64D    6F20 6120 6361 7461 7075 6C74 0000 0000  [o a catapult    ]
7015A655    0000 0000 0000 0000 0000 0015 6E65 7874  [            next]
7015A65D    2074 6F20 6120 7472 616E 7370 6F72 7465  [ to a transporte]
7015A665    7200 0000 0000 0000 0000 0000 0009 6F6E  [r             on]
7015A66D    2061 2062 6F61 7400 0000 0000 0000 0000  [ a boat         ]
7015A675    0000 0000 0000 0000 0000 0000 0000 000C  [                ]
7015A67D    6E65 6172 2061 2074 6F77 6572 0000 0000  [near a tower    ]
7015A685    0000 0000 0000 0000 0000 0000 0000 0000  [                ]
7015A68D    001A 6E65 6172 2074 6865 2044 6172 6B20  [  near the Dark ]
7015A695    4C6F 7264 2773 2053 7461 6666 0000 0000  [Lord's Staff    ]
7015A69D    0000 0009 696E 2061 2068 6F6C 6400 0000  [    in a hold   ]
7015A6A5    0000 0000 0000 0000 0000 0000 0000 0000  [                ]
7015A6AD    0000 0000 001A 6E65 6172 2073 6F6D 6520  [      near some ]
7015A6B5    7368 6172 6473 206F 6620 416C 6269 6F6E  [shards of Albion]
7015A6BD    0000 0000 0000 0019 696E 2074 6865 2066  [        in the f]
7015A6C5    6F72 7472 6573 7320 6F66 2041 6C62 696F  [ortress of Albio]
7015A6CD    6E00 0000 0000 0000 001E 6F6E 2074 6865  [n         on the]
7015A6D5    206F 7574 6572 2077 616C 6C20 6F66 2061  [ outer wall of a]
7015A6DD    2063 6974 6164 656C 0000 001E 6F6E 2074  [ citadel    on t]
7015A6E5    6865 2069 6E6E 6572 2077 616C 6C20 6F66  [he inner wall of]
7015A6ED    2061 2063 6974 6164 656C 0000 001B 696E  [ a citadel    in]
7015A6F5    2074 6865 2068 6F6D 6520 6F66 2061 6E20  [ the home of an ]
7015A6FD    616C 6368 656D 6973 7400 0000 0000 001F  [alchemist       ]
7015A705    696E 2074 6865 2063 6176 6520 6F66 2074  [in the cave of t]
7015A70D    6865 2057 6869 7465 2044 7261 676F 6E00  [he White Dragon ]
7015A715    000B 696E 2061 2074 656D 706C 6500 0000  [  in a temple   ]
7015A71D    0000 0000 0000 0000 0000 0000 0000 0000  [                ]
7015A725    0000 000B 696E 2061 2064 6573 6572 7400  [    in a desert ]
7015A72D    0000 0000 0000 0000 0000 0000 0000 0000  [                ]
7015A735    0000 0000 000C 6F6E 2061 2062 6172 7269  [      on a barri]
7015A73D    6572 0000 0000 0000 0000 0000 0000 0000  [er              ]
7015A745    0000 0000 0000 0046 0002 0000 0006 7769  [       F      wi]
7015A74D    7A61 7264 0000 0000 0000 0000 0000 0000  [zard            ]
7015A755    0000 0006 636C 6572 6963 0000 0000 0000  [    cleric      ]
7015A75D    0000 0000 0000 0000 0005 6472 7569 6400  [          druid ]
7015A765    0000 0000 0000 0000 0000 0000 0000 0007  [                ]
7015A76D    6669 6768 7465 7200 0000 0000 0000 0000  [fighter         ]
7015A775    0000 0000 0009 6261 7262 6172 6961 6E00  [      barbarian ]
7015A77D    0000 0000 0000 0000 0000 0000 000F 6F6E  [              on]
7015A785    206C 6576 656C 2067 726F 756E 6400 0000  [ level ground   ]
7015A78D    0000 0000 0000 0000 0000 0000 0000 000A  [                ]
7015A795    696E 2061 2073 7761 6D70 0000 0000 0000  [in a swamp      ]
7015A79D    0000 0000 0000 0000 0000 0000 0000 0000  [                ]
7015A7A5    0010 696E 2073 6861 6C6C 6F77 2077 6174  [  in shallow wat]
7015A7AD    6572 0000 0000 0000 0000 0000 0000 0000  [er              ]
7015A7B5    0000 000F 6F76 6572 2064 6565 7020 7761  [    over deep wa]
7015A7BD    7465 7200 0000 0000 0000 0000 0000 0000  [ter             ]
7015A7C5    0000 0000 0014 7472 616E 7376 6572 7369  [      transversi]
7015A7CD    6E67 2061 2063 6C69 6666 0000 0000 0000  [ng a cliff      ]
7015A7D5    0000 0000 0000 0009 696E 2061 2063 6176  [        in a cav]
7015A7DD    6500 0000 0000 0000 0000 0000 0000 0000  [e               ]
7015A7E5    0000 0000 0000 0000 000B 696E 2061 2066  [          in a f]
7015A7ED    6F72 6573 7400 0000 0000 0000 0000 0000  [orest           ]
7015A7F5    0000 0000 0000 0000 0000 0015 6F6E 2074  [            on t]
7015A7FD    6F70 206F 6620 6120 666F 6F74 2068 696C  [op of a foot hil]
7015A805    6C00 0000 0000 0000 0000 0000 0014 6F6E  [l             on]
7015A80D    2074 6F70 206F 6620 6120 6D6F 756E 7461  [ top of a mounta]
7015A815    696E 0000 0000 0000 0000 0000 0000 0009  [in              ]
7015A81D    6F6E 2061 2066 6F72 6400 0000 0000 0000  [on a ford       ]
7015A825    0000 0000 0000 0000 0000 0000 0000 0000  [                ]
7015A82D    0009 6F6E 2061 2072 6F61 6400 0000 0000  [  on a road     ]
7015A835    0000 0000 0000 0000 0000 0000 0000 0000  [                ]
7015A83D    0000 000B 696E 2061 2063 6173 746C 6500  [    in a castle ]
7015A845    0000 0000 0000 0000 0000 0000 0000 0000  [                ]
7015A84D    0000 0000 000D 696E 2061 2062 7569 6C64  [      in a build]
7015A855    696E 6700 0000 0000 0000 0000 0000 0000  [ing             ]
7015A85D    0000 0000 0000 000A 696E 2061 2073 746F  [        in a sto]
7015A865    7265 0000 0000 0000 0000 0000 0000 0000  [re              ]
7015A86D    0000 0000 0000 0000 0012 6E65 7874 2074  [          next t]
7015A875    6F20 6120 6361 7461 7075 6C74 0000 0000  [o a catapult    ]
7015A87D    0000 0000 0000 0000 0000 0015 6E65 7874  [            next]
7015A885    2074 6F20 6120 7472 616E 7370 6F72 7465  [ to a transporte]
7015A88D    7200 0000 0000 0000 0000 0000 0009 6F6E  [r             on]
7015A895    2061 2062 6F61 7400 0000 0000 0000 0000  [ a boat         ]
7015A89D    0000 0000 0000 0000 0000 0000 0000 000C  [                ]
7015A8A5    6E65 6172 2061 2074 6F77 6572 0000 0000  [near a tower    ]
7015A8AD    0000 0000 0000 0000 0000 0000 0000 0000  [                ]
7015A8B5    001A 6E65 6172 2074 6865 2044 6172 6B20  [  near the Dark ]
7015A8BD    4C6F 7264 2773 2053 7461 6666 0000 0000  [Lord's Staff    ]
7015A8C5    0000 0009 696E 2061 2068 6F6C 6400 0000  [    in a hold   ]
7015A8CD    0000 0000 0000 0000 0000 0000 0000 0000  [                ]
7015A8D5    0000 0000 001A 6E65 6172 2073 6F6D 6520  [      near some ]
7015A8DD    7368 6172 6473 206F 6620 416C 6269 6F6E  [shards of Albion]
7015A8E5    0000 0000 0000 0019 696E 2074 6865 2066  [        in the f]
7015A8ED    6F72 7472 6573 7320 6F66 2041 6C62 696F  [ortress of Albio]
7015A8F5    6E00 0000 0000 0000 001E 6F6E 2074 6865  [n         on the]
7015A8FD    206F 7574 6572 2077 616C 6C20 6F66 2061  [ outer wall of a]
7015A905    2063 6974 6164 656C 0000 001E 6F6E 2074  [ citadel    on t]
7015A90D    6865 2069 6E6E 6572 2077 616C 6C20 6F66  [he inner wall of]
7015A915    2061 2063 6974 6164 656C 0000 001B 696E  [ a citadel    in]
7015A91D    2074 6865 2068 6F6D 6520 6F66 2061 6E20  [ the home of an ]
7015A925    616C 6368 656D 6973 7400 0000 0000 001F  [alchemist       ]
7015A92D    696E 2074 6865 2063 6176 6520 6F66 2074  [in the cave of t]
7015A935    6865 2057 6869 7465 2044 7261 676F 6E00  [he White Dragon ]
7015A93D    000B 696E 2061 2074 656D 706C 6500 0000  [  in a temple   ]
7015A945    0000 0000 0000 0000 0000 0000 0000 0000  [                ]
7015A94D    0000 000B 696E 2061 2064 6573 6572 7400  [    in a desert ]
7015A955    0000 0000 0000 0000 0000 0000 0000 0000  [                ]
7015A95D    0000 0000 000C 6F6E 2061 2062 6172 7269  [      on a barri]
7015A965    6572 0000 0000 0000 0000 0000 0000 0000  [er              ]
7015A96D    0000 0000 0000 0000 0006 7769 7A61 7264  [          wizard]
7015A975    0000 0000 0000 0000 0000 0000 0000 0006  [                ]
7015A97D    636C 6572 6963 0000 0000 0000 0000 0000  [cleric          ]
7015A985    0000 0000 0005 6472 7569 6400 0000 0000  [      druid     ]
7015A98D    0000 0000 0000 0000 0000 0007 6669 6768  [            figh]
7015A995    7465 7200 0000 0000 0000 0000 0000 0000  [ter             ]
7015A99D    0009 6261 7262 6172 6961 6E00 0000 0000  [  barbarian     ]
7015A9A5    0000 0000 0000 0000 000F 6F6E 206C 6576  [          on lev]
7015A9AD    656C 2067 726F 756E 6400 0000 0000 0000  [el ground       ]
7015A9B5    0000 0000 0000 0000 0000 000A 696E 2061  [            in a]
7015A9BD    2073 7761 6D70 0000 0000 0000 0000 0000  [ swamp          ]
7015A9C5    0000 0000 0000 0000 0000 0000 0010 696E  [              in]
7015A9CD    2073 6861 6C6C 6F77 2077 6174 6572 0000  [ shallow water  ]
7015A9D5    0000 0000 0000 0000 0000 0000 0000 000F  [                ]
7015A9DD    6F76 6572 2064 6565 7020 7761 7465 7200  [over deep water ]
7015A9E5    0000 0000 0000 0000 0000 0000 0000 0000  [                ]
7015A9ED    0014 7472 616E 7376 6572 7369 6E67 2061  [  transversing a]
7015A9F5    2063 6C69 6666 0000 0000 0000 0000 0000  [ cliff          ]
7015A9FD    0000 0009 696E 2061 2063 6176 6500 0000  [    in a cave   ]
7015AA05    0000 0000 0000 0000 0000 0000 0000 0000  [                ]
7015AA0D    0000 0000 000B 696E 2061 2066 6F72 6573  [      in a fores]
7015AA15    7400 0000 0000 0000 0000 0000 0000 0000  [t               ]
7015AA1D    0000 0000 0000 0015 6F6E 2074 6F70 206F  [        on top o]
7015AA25    6620 6120 666F 6F74 2068 696C 6C00 0000  [f a foot hill   ]
7015AA2D    0000 0000 0000 0000 0014 6F6E 2074 6F70  [          on top]
7015AA35    206F 6620 6120 6D6F 756E 7461 696E 0000  [ of a mountain  ]
7015AA3D    0000 0000 0000 0000 0000 0009 6F6E 2061  [            on a]
7015AA45    2066 6F72 6400 0000 0000 0000 0000 0000  [ ford           ]
7015AA4D    0000 0000 0000 0000 0000 0000 0009 6F6E  [              on]
7015AA55    2061 2072 6F61 6400 0000 0000 0000 0000  [ a road         ]
7015AA5D    0000 0000 0000 0000 0000 0000 0000 000B  [                ]
7015AA65    696E 2061 2063 6173 746C 6500 0000 0000  [in a castle     ]
7015AA6D    0000 0000 0000 0000 0000 0000 0000 0000  [                ]
7015AA75    000D 696E 2061 2062 7569 6C64 696E 6700  [  in a building ]
7015AA7D    0000 0000 0000 0000 0000 0000 0000 0000  [                ]
7015AA85    0000 000A 696E 2061 2073 746F 7265 0000  [    in a store  ]
7015AA8D    0000 0000 0000 0000 0000 0000 0000 0000  [                ]
7015AA95    0000 0000 0012 6E65 7874 2074 6F20 6120  [      next to a ]
7015AA9D    6361 7461 7075 6C74 0000 0000 0000 0000  [catapult        ]
7015AAA5    0000 0000 0000 0015 6E65 7874 2074 6F20  [        next to ]
7015AAAD    6120 7472 616E 7370 6F72 7465 7200 0000  [a transporter   ]
7015AAB5    0000 0000 0000 0000 0009 6F6E 2061 2062  [          on a b]
7015AABD    6F61 7400 0000 0000 0000 0000 0000 0000  [oat             ]
7015AAC5    0000 0000 0000 0000 0000 000C 6E65 6172  [            near]
7015AACD    2061 2074 6F77 6572 0000 0000 0000 0000  [ a tower        ]
7015AAD5    0000 0000 0000 0000 0000 0000 001A 6E65  [              ne]
7015AADD    6172 2074 6865 2044 6172 6B20 4C6F 7264  [ar the Dark Lord]
7015AAE5    2773 2053 7461 6666 0000 0000 0000 0009  ['s Staff        ]
7015AAED    696E 2061 2068 6F6C 6400 0000 0000 0000  [in a hold       ]
7015AAF5    0000 0000 0000 0000 0000 0000 0000 0000  [                ]
7015AAFD    001A 6E65 6172 2073 6F6D 6520 7368 6172  [  near some shar]
7015AB05    6473 206F 6620 416C 6269 6F6E 0000 0000  [ds of Albion    ]
7015AB0D    0000 0019 696E 2074 6865 2066 6F72 7472  [    in the fortr]
7015AB15    6573 7320 6F66 2041 6C62 696F 6E00 0000  [ess of Albion   ]
7015AB1D    0000 0000 001E 6F6E 2074 6865 206F 7574  [      on the out]
7015AB25    6572 2077 616C 6C20 6F66 2061 2063 6974  [er wall of a cit]
7015AB2D    6164 656C 0000 001E 6F6E 2074 6865 2069  [adel    on the i]
7015AB35    6E6E 6572 2077 616C 6C20 6F66 2061 2063  [nner wall of a c]
7015AB3D    6974 6164 656C 0000 001B 696E 2074 6865  [itadel    in the]
7015AB45    2068 6F6D 6520 6F66 2061 6E20 616C 6368  [ home of an alch]
7015AB4D    656D 6973 7400 0000 0000 001F 696E 2074  [emist       in t]
7015AB55    6865 2063 6176 6520 6F66 2074 6865 2057  [he cave of the W]
7015AB5D    6869 7465 2044 7261 676F 6E00 000B 696E  [hite Dragon   in]
7015AB65    2061 2074 656D 706C 6500 0000 0000 0000  [ a temple       ]
7015AB6D    0000 0000 0000 0000 0000 0000 0000 000B  [                ]
7015AB75    696E 2061 2064 6573 6572 7400 0000 0000  [in a desert     ]
7015AB7D    0000 0000 0000 0000 0000 0000 0000 0000  [                ]
7015AB85    000C 6F6E 2061 2062 6172 7269 6572 0000  [  on a barrier  ]
7015AB8D    0000 0000 0000 0000 0000 0000 0000 0000  [                ]
7015AB95    0000 0000 0006 7769 7A61 7264 0000 0000  [      wizard    ]
7015AB9D    0000 0000 0000 0000 0000 0006 636C 6572  [            cler]
7015ABA5    6963 0000 0000 0000 0000 0000 0000 0000  [ic              ]
7015ABAD    0005 6472 7569 6400 0000 0000 0000 0000  [  druid         ]
7015ABB5    0000 0000 0000 0007 6669 6768 7465 7200  [        fighter ]
7015ABBD    0000 0000 0000 0000 0000 0000 0009 6261  [              ba]
7015ABC5    7262 6172 6961 6E00 0000 0000 0000 0000  [rbarian         ]
7015ABCD    0000 0000 000F 6F6E 206C 6576 656C 2067  [      on level g]
7015ABD5    726F 756E 6400 0000 0000 0000 0000 0000  [round           ]
7015ABDD    0000 0000 0000 000A 696E 2061 2073 7761  [        in a swa]
7015ABE5    6D70 0000 0000 0000 0000 0000 0000 0000  [mp              ]
7015ABED    0000 0000 0000 0000 0010 696E 2073 6861  [          in sha]
7015ABF5    6C6C 6F77 2077 6174 6572 0000 0000 0000  [llow water      ]
7015ABFD    0000 0000 0000 0000 0000 000F 6F76 6572  [            over]
7015AC05    2064 6565 7020 7761 7465 7200 0000 0000  [ deep water     ]
7015AC0D    0000 0000 0000 0000 0000 0000 0014 7472  [              tr]
7015AC15    616E 7376 6572 7369 6E67 2061 2063 6C69  [ansversing a cli]
7015AC1D    6666 0000 0000 0000 0000 0000 0000 0009  [ff              ]
7015AC25    696E 2061 2063 6176 6500 0000 0000 0000  [in a cave       ]
7015AC2D    0000 0000 0000 0000 0000 0000 0000 0000  [                ]
7015AC35    000B 696E 2061 2066 6F72 6573 7400 0000  [  in a forest   ]
7015AC3D    0000 0000 0000 0000 0000 0000 0000 0000  [                ]
7015AC45    0000 0015 6F6E 2074 6F70 206F 6620 6120  [    on top of a ]
7015AC4D    666F 6F74 2068 696C 6C00 0000 0000 0000  [foot hill       ]
7015AC55    0000 0000 0014 6F6E 2074 6F70 206F 6620  [      on top of ]
7015AC5D    6120 6D6F 756E 7461 696E 0000 0000 0000  [a mountain      ]
7015AC65    0000 0000 0000 0009 6F6E 2061 2066 6F72  [        on a for]
7015AC6D    6400 0000 0000 0000 0000 0000 0000 0000  [d               ]
7015AC75    0000 0000 0000 0000 0009 6F6E 2061 2072  [          on a r]
7015AC7D    6F61 6400 0000 0000 0000 0000 0000 0000  [oad             ]
7015AC85    0000 0000 0000 0000 0000 000B 696E 2061  [            in a]
7015AC8D    2063 6173 746C 6500 0000 0000 0000 0000  [ castle         ]
7015AC95    0000 0000 0000 0000 0000 0000 000D 696E  [              in]
7015AC9D    2061 2062 7569 6C64 696E 6700 0000 0000  [ a building     ]
7015ACA5    0000 0000 0000 0000 0000 0000 0000 000A  [                ]
7015ACAD    696E 2061 2073 746F 7265 0000 0000 0000  [in a store      ]
7015ACB5    0000 0000 0000 0000 0000 0000 0000 0000  [                ]
7015ACBD    0012 6E65 7874 2074 6F20 6120 6361 7461  [  next to a cata]
7015ACC5    7075 6C74 0000 0000 0000 0000 0000 0000  [pult            ]
7015ACCD    0000 0015 6E65 7874 2074 6F20 6120 7472  [    next to a tr]
7015ACD5    616E 7370 6F72 7465 7200 0000 0000 0000  [ansporter       ]
7015ACDD    0000 0000 0009 6F6E 2061 2062 6F61 7400  [      on a boat ]
7015ACE5    0000 0000 0000 0000 0000 0000 0000 0000  [                ]
7015ACED    0000 0000 0000 000C 6E65 6172 2061 2074  [        near a t]
7015ACF5    6F77 6572 0000 0000 0000 0000 0000 0000  [ower            ]
7015ACFD    0000 0000 0000 0000 001A 6E65 6172 2074  [          near t]
7015AD05    6865 2044 6172 6B20 4C6F 7264 2773 2053  [he Dark Lord's S]
7015AD0D    7461 6666 0000 0000 0000 0009 696E 2061  [taff        in a]
7015AD15    2068 6F6C 6400 0000 0000 0000 0000 0000  [ hold           ]
7015AD1D    0000 0000 0000 0000 0000 0000 001A 6E65  [              ne]
7015AD25    6172 2073 6F6D 6520 7368 6172 6473 206F  [ar some shards o]
7015AD2D    6620 416C 6269 6F6E 0000 0000 0000 0019  [f Albion        ]
7015AD35    696E 2074 6865 2066 6F72 7472 6573 7320  [in the fortress ]
7015AD3D    6F66 2041 6C62 696F 6E00 0000 0000 0000  [of Albion       ]
7015AD45    001E 6F6E 2074 6865 206F 7574 6572 2077  [  on the outer w]
7015AD4D    616C 6C20 6F66 2061 2063 6974 6164 656C  [all of a citadel]
7015AD55    0000 001E 6F6E 2074 6865 2069 6E6E 6572  [    on the inner]
7015AD5D    2077 616C 6C20 6F66 2061 2063 6974 6164  [ wall of a citad]
7015AD65    656C 0000 001B 696E 2074 6865 2068 6F6D  [el    in the hom]
7015AD6D    6520 6F66 2061 6E20 616C 6368 656D 6973  [e of an alchemis]
7015AD75    7400 0000 0000 001F 696E 2074 6865 2063  [t       in the c]
7015AD7D    6176 6520 6F66 2074 6865 2057 6869 7465  [ave of the White]
7015AD85    2044 7261 676F 6E00 000B 696E 2061 2074  [ Dragon   in a t]
7015AD8D    656D 706C 6500 0000 0000 0000 0000 0000  [emple           ]
7015AD95    0000 0000 0000 0000 0000 000B 696E 2061  [            in a]
7015AD9D    2064 6573 6572 7400 0000 0000 0000 0000  [ desert         ]
7015ADA5    0000 0000 0000 0000 0000 0000 000C 6F6E  [              on]
7015ADAD    2061 2062 6172 7269 6572 0000 0000 0000  [ a barrier      ]
7015ADB5    0000 0000 0000 0000 0000 0000 0000 0000  [                ]
7015ADBD    0006 7769 7A61 7264 0000 0000 0000 0000  [  wizard        ]
7015ADC5    0000 0000 0000 0006 636C 6572 6963 0000  [        cleric  ]
7015ADCD    0000 0000 0000 0000 0000 0000 0005 6472  [              dr]
7015ADD5    7569 6400 0000 0000 0000 0000 0000 0000  [uid             ]
7015ADDD    0000 0007 6669 6768 7465 7200 0000 0000  [    fighter     ]
7015ADE5    0000 0000 0000 0000 0009 6261 7262 6172  [          barbar]
7015ADED    6961 6E00 0000 0000 0000 0000 0000 0000  [ian             ]
7015ADF5    000F 6F6E 206C 6576 656C 2067 726F 756E  [  on level groun]
7015ADFD    6400 0000 0000 0000 0000 0000 0000 0000  [d               ]
7015AE05    0000 000A 696E 2061 2073 7761 6D70 0000  [    in a swamp  ]
7015AE0D    0000 0000 0000 0000 0000 0000 0000 0000  [                ]
7015AE15    0000 0000 0010 696E 2073 6861 6C6C 6F77  [      in shallow]
7015AE1D    2077 6174 6572 0000 0000 0000 0000 0000  [ water          ]
7015AE25    0000 0000 0000 000F 6F76 6572 2064 6565  [        over dee]
7015AE2D    7020 7761 7465 7200 0000 0000 0000 0000  [p water         ]
7015AE35    0000 0000 0000 0000 0014 7472 616E 7376  [          transv]
7015AE3D    6572 7369 6E67 2061 2063 6C69 6666 0000  [ersing a cliff  ]
7015AE45    0000 0000 0000 0000 0000 0009 696E 2061  [            in a]
7015AE4D    2063 6176 6500 0000 0000 0000 0000 0000  [ cave           ]
7015AE55    0000 0000 0000 0000 0000 0000 000B 696E  [              in]
7015AE5D    2061 2066 6F72 6573 7400 0000 0000 0000  [ a forest       ]
7015AE65    0000 0000 0000 0000 0000 0000 0000 0015  [                ]
7015AE6D    6F6E 2074 6F70 206F 6620 6120 666F 6F74  [on top of a foot]
7015AE75    2068 696C 6C00 0000 0000 0000 0000 0000  [ hill           ]
7015AE7D    0014 6F6E 2074 6F70 206F 6620 6120 6D6F  [  on top of a mo]
7015AE85    756E 7461 696E 0000 0000 0000 0000 0000  [untain          ]
7015AE8D    0000 0009 6F6E 2061 2066 6F72 6400 0000  [    on a ford   ]
7015AE95    0000 0000 0000 0000 0000 0000 0000 0000  [                ]
7015AE9D    0000 0000 0009 6F6E 2061 2072 6F61 6400  [      on a road ]
7015AEA5    0000 0000 0000 0000 0000 0000 0000 0000  [                ]
7015AEAD    0000 0000 0000 000B 696E 2061 2063 6173  [        in a cas]
7015AEB5    746C 6500 0000 0000 0000 0000 0000 0000  [tle             ]
7015AEBD    0000 0000 0000 0000 000D 696E 2061 2062  [          in a b]
7015AEC5    7569 6C64 696E 6700 0000 0000 0000 0000  [uilding         ]
7015AECD    0000 0000 0000 0000 0000 000A 696E 2061  [            in a]
7015AED5    2073 746F 7265 0000 0000 0000 0000 0000  [ store          ]
7015AEDD    0000 0000 0000 0000 0000 0000 0012 6E65  [              ne]
7015AEE5    7874 2074 6F20 6120 6361 7461 7075 6C74  [xt to a catapult]
7015AEED    0000 0000 0000 0000 0000 0000 0000 0015  [                ]
7015AEF5    6E65 7874 2074 6F20 6120 7472 616E 7370  [next to a transp]
7015AEFD    6F72 7465 7200 0000 0000 0000 0000 0000  [orter           ]
7015AF05    0009 6F6E 2061 2062 6F61 7400 0000 0000  [  on a boat     ]
7015AF0D    0000 0000 0000 0000 0000 0000 0000 0000  [                ]
7015AF15    0000 000C 6E65 6172 2061 2074 6F77 6572  [    near a tower]
7015AF1D    0000 0000 0000 0000 0000 0000 0000 0000  [                ]
7015AF25    0000 0000 001A 6E65 6172 2074 6865 2044  [      near the D]
7015AF2D    6172 6B20 4C6F 7264 2773 2053 7461 6666  [ark Lord's Staff]
7015AF35    0000 0000 0000 0009 696E 2061 2068 6F6C  [        in a hol]
7015AF3D    6400 0000 0000 0000 0000 0000 0000 0000  [d               ]
7015AF45    0000 0000 0000 0000 001A 6E65 6172 2073  [          near s]
7015AF4D    6F6D 6520 7368 6172 6473 206F 6620 416C  [ome shards of Al]
7015AF55    6269 6F6E 0000 0000 0000 0019 696E 2074  [bion        in t]
7015AF5D    6865 2066 6F72 7472 6573 7320 6F66 2041  [he fortress of A]
7015AF65    6C62 696F 6E00 0000 0000 0000 001E 6F6E  [lbion         on]
7015AF6D    2074 6865 206F 7574 6572 2077 616C 6C20  [ the outer wall ]
7015AF75    6F66 2061 2063 6974 6164 656C 0000 001E  [of a citadel    ]
7015AF7D    6F6E 2074 6865 2069 6E6E 6572 2077 616C  [on the inner wal]
7015AF85    6C20 6F66 2061 2063 6974 6164 656C 0000  [l of a citadel  ]
7015AF8D    001B 696E 2074 6865 2068 6F6D 6520 6F66  [  in the home of]
7015AF95    2061 6E20 616C 6368 656D 6973 7400 0000  [ an alchemist   ]
7015AF9D    0000 001F 696E 2074 6865 2063 6176 6520  [    in the cave ]
7015AFA5    6F66 2074 6865 2057 6869 7465 2044 7261  [of the White Dra]
7015AFAD    676F 6E00 000B 696E 2061 2074 656D 706C  [gon   in a templ]
7015AFB5    6500 0000 0000 0000 0000 0000 0000 0000  [e               ]
7015AFBD    0000 0000 0000 000B 696E 2061 2064 6573  [        in a des]
7015AFC5    6572 7400 0000 0000 0000 0000 0000 0000  [ert             ]
7015AFCD    0000 0000 0000 0000 000C 6F6E 2061 2062  [          on a b]
7015AFD5    6172 7269 6572 0000 0000 0000 0000 0000  [arrier          ]
7015AFDD    0000 0000 0000 0000 0000 0000 0006 7769  [              wi]
7015AFE5    7A61 7264 0000 0000 0000 0000 0000 0000  [zard            ]
7015AFED    0000 0006 636C 6572 6963 0000 0000 0000  [    cleric      ]
7015AFF5    0000 0000 0000 0000 0005 6472 7569 6400  [          druid ]
7015AFFD    0000 0000 0000 0000 0000 0000 0000 0007  [                ]
7015B005    6669 6768 7465 7200 0000 0000 0000 0000  [fighter         ]
7015B00D    0000 0000 0009 6261 7262 6172 6961 6E00  [      barbarian ]
7015B015    0000 0000 0000 0000 0000 0000 000F 6F6E  [              on]
7015B01D    206C 6576 656C 2067 726F 756E 6400 0000  [ level ground   ]
7015B025    0000 0000 0000 0000 0000 0000 0000 000A  [                ]
7015B02D    696E 2061 2073 7761 6D70 0000 0000 0000  [in a swamp      ]
7015B035    0000 0000 0000 0000 0000 0000 0000 0000  [                ]
7015B03D    0010 696E 2073 6861 6C6C 6F77 2077 6174  [  in shallow wat]
7015B045    6572 0000 0000 0000 0000 0000 0000 0000  [er              ]
7015B04D    0000 000F 6F76 6572 2064 6565 7020 7761  [    over deep wa]
7015B055    7465 7200 0000 0000 0000 0000 0000 0000  [ter             ]
7015B05D    0000 0000 0014 7472 616E 7376 6572 7369  [      transversi]
7015B065    6E67 2061 2063 6C69 6666 0000 0000 0000  [ng a cliff      ]
7015B06D    0000 0000 0000 0009 696E 2061 2063 6176  [        in a cav]
7015B075    6500 0000 0000 0000 0000 0000 0000 0000  [e               ]
7015B07D    0000 0000 0000 0000 000B 696E 2061 2066  [          in a f]
7015B085    6F72 6573 7400 0000 0000 0000 0000 0000  [orest           ]
7015B08D    0000 0000 0000 0000 0000 0015 6F6E 2074  [            on t]
7015B095    6F70 206F 6620 6120 666F 6F74 2068 696C  [op of a foot hil]
7015B09D    6C00 0000 0000 0000 0000 0000 0014 6F6E  [l             on]
7015B0A5    2074 6F70 206F 6620 6120 6D6F 756E 7461  [ top of a mounta]
7015B0AD    696E 0000 0000 0000 0000 0000 0000 0009  [in              ]
7015B0B5    6F6E 2061 2066 6F72 6400 0000 0000 0000  [on a ford       ]
7015B0BD    0000 0000 0000 0000 0000 0000 0000 0000  [                ]
7015B0C5    0009 6F6E 2061 2072 6F61 6400 0000 0000  [  on a road     ]
7015B0CD    0000 0000 0000 0000 0000 0000 0000 0000  [                ]
7015B0D5    0000 000B 696E 2061 2063 6173 746C 6500  [    in a castle ]
7015B0DD    0000 0000 0000 0000 0000 0000 0000 0000  [                ]
7015B0E5    0000 0000 000D 696E 2061 2062 7569 6C64  [      in a build]
7015B0ED    696E 6700 0000 0000 0000 0000 0000 0000  [ing             ]
7015B0F5    0000 0000 0000 000A 696E 2061 2073 746F  [        in a sto]
7015B0FD    7265 0000 0000 0000 0000 0000 0000 0000  [re              ]
7015B105    0000 0000 0000 0000 0012 6E65 7874 2074  [          next t]
7015B10D    6F20 6120 6361 7461 7075 6C74 0000 0000  [o a catapult    ]
7015B115    0000 0000 0000 0000 0000 0015 6E65 7874  [            next]
7015B11D    2074 6F20 6120 7472 616E 7370 6F72 7465  [ to a transporte]
7015B125    7200 0000 0000 0000 0000 0000 0009 6F6E  [r             on]
7015B12D    2061 2062 6F61 7400 0000 0000 0000 0000  [ a boat         ]
7015B135    0000 0000 0000 0000 0000 0000 0000 000C  [                ]
7015B13D    6E65 6172 2061 2074 6F77 6572 0000 0000  [near a tower    ]
7015B145    0000 0000 0000 0000 0000 0000 0000 0000  [                ]
7015B14D    001A 6E65 6172 2074 6865 2044 6172 6B20  [  near the Dark ]
7015B155    4C6F 7264 2773 2053 7461 6666 0000 0000  [Lord's Staff    ]
7015B15D    0000 0009 696E 2061 2068 6F6C 6400 0000  [    in a hold   ]
7015B165    0000 0000 0000 0000 0000 0000 0000 0000  [                ]
7015B16D    0000 0000 001A 6E65 6172 2073 6F6D 6520  [      near some ]
7015B175    7368 6172 6473 206F 6620 416C 6269 6F6E  [shards of Albion]
7015B17D    0000 0000 0000 0019 696E 2074 6865 2066  [        in the f]
7015B185    6F72 7472 6573 7320 6F66 2041 6C62 696F  [ortress of Albio]
7015B18D    6E00 0000 0000 0000 001E 6F6E 2074 6865  [n         on the]
7015B195    206F 7574 6572 2077 616C 6C20 6F66 2061  [ outer wall of a]
7015B19D    2063 6974 6164 656C 0000 001E 6F6E 2074  [ citadel    on t]
7015B1A5    6865 2069 6E6E 6572 2077 616C 6C20 6F66  [he inner wall of]
7015B1AD    2061 2063 6974 6164 656C 0000 001B 696E  [ a citadel    in]
7015B1B5    2074 6865 2068 6F6D 6520 6F66 2061 6E20  [ the home of an ]
7015B1BD    616C 6368 656D 6973 7400 0000 0000 001F  [alchemist       ]
7015B1C5    696E 2074 6865 2063 6176 6520 6F66 2074  [in the cave of t]
7015B1CD    6865 2057 6869 7465 2044 7261 676F 6E00  [he White Dragon ]
7015B1D5    000B 696E 2061 2074 656D 706C 6500 0000  [  in a temple   ]
7015B1DD    0000 0000 0000 0000 0000 0000 0000 0000  [                ]
7015B1E5    0000 000B 696E 2061 2064 6573 6572 7400  [    in a desert ]
7015B1ED    0000 0000 0000 0000 0000 0000 0000 0000  [                ]
7015B1F5    0000 0000 000C 6F6E 2061 2062 6172 7269  [      on a barri]
7015B1FD    6572 0000 0000 0000 0000 0000 0000 0000  [er              ]
7015B205    0000 0000 0000 0000 0006 7769 7A61 7264  [          wizard]
7015B20D    0000 0000 0000 0000 0000 0000 0000 0006  [                ]
7015B215    636C 6572 6963 0000 0000 0000 0000 0000  [cleric          ]
7015B21D    0000 0000 0005 6472 7569 6400 0000 0000  [      druid     ]
7015B225    0000 0000 0000 0000 0000 0007 6669 6768  [            figh]
7015B22D    7465 7200 0000 0000 0000 0000 0000 0000  [ter             ]
7015B235    0009 6261 7262 6172 6961 6E00 0000 0000  [  barbarian     ]
7015B23D    0000 0000 0000 0000 000F 6F6E 206C 6576  [          on lev]
7015B245    656C 2067 726F 756E 6400 0000 0000 0000  [el ground       ]
7015B24D    0000 0000 0000 0000 0000 000A 696E 2061  [            in a]
7015B255    2073 7761 6D70 0000 0000 0000 0000 0000  [ swamp          ]
7015B25D    0000 0000 0000 0000 0000 0000 0010 696E  [              in]
7015B265    2073 6861 6C6C 6F77 2077 6174 6572 0000  [ shallow water  ]
7015B26D    0000 0000 0000 0000 0000 0000 0000 000F  [                ]
7015B275    6F76 6572 2064 6565 7020 7761 7465 7200  [over deep water ]
7015B27D    0000 0000 0000 0000 0000 0000 0000 0000  [                ]
7015B285    0014 7472 616E 7376 6572 7369 6E67 2061  [  transversing a]
7015B28D    2063 6C69 6666 0000 0000 0000 0000 0000  [ cliff          ]
7015B295    0000 0009 696E 2061 2063 6176 6500 0000  [    in a cave   ]
7015B29D    0000 0000 0000 0000 0000 0000 0000 0000  [                ]
7015B2A5    0000 0000 000B 696E 2061 2066 6F72 6573  [      in a fores]
7015B2AD    7400 0000 0000 0000 0000 0000 0000 0000  [t               ]
7015B2B5    0000 0000 0000 0015 6F6E 2074 6F70 206F  [        on top o]
7015B2BD    6620 6120 666F 6F74 2068 696C 6C00 0000  [f a foot hill   ]
7015B2C5    0000 0000 0000 0000 0014 6F6E 2074 6F70  [          on top]
7015B2CD    206F 6620 6120 6D6F 756E 7461 696E 0000  [ of a mountain  ]
7015B2D5    0000 0000 0000 0000 0000 0009 6F6E 2061  [            on a]
7015B2DD    2066 6F72 6400 0000 0000 0000 0000 0000  [ ford           ]
7015B2E5    0000 0000 0000 0000 0000 0000 0009 6F6E  [              on]
7015B2ED    2061 2072 6F61 6400 0000 0000 0000 0000  [ a road         ]
7015B2F5    0000 0000 0000 0000 0000 0000 0000 000B  [                ]
7015B2FD    696E 2061 2063 6173 746C 6500 0000 0000  [in a castle     ]
7015B305    0000 0000 0000 0000 0000 0000 0000 0000  [                ]
7015B30D    000D 696E 2061 2062 7569 6C64 696E 6700  [  in a building ]
7015B315    0000 0000 0000 0000 0000 0000 0000 0000  [                ]
7015B31D    0000 000A 696E 2061 2073 746F 7265 0000  [    in a store  ]
7015B325    0000 0000 0000 0000 0000 0000 0000 0000  [                ]
7015B32D    0000 0000 0012 6E65 7874 2074 6F20 6120  [      next to a ]
7015B335    6361 7461 7075 6C74 0000 0000 0000 0000  [catapult        ]
7015B33D    0000 0000 0000 0015 6E65 7874 2074 6F20  [        next to ]
7015B345    6120 7472 616E 7370 6F72 7465 7200 0000  [a transporter   ]
7015B34D    0000 0000 0000 0000 0009 6F6E 2061 2062  [          on a b]
7015B355    6F61 7400 0000 0000 0000 0000 0000 0000  [oat             ]
7015B35D    0000 0000 0000 0000 0000 000C 6E65 6172  [            near]
7015B365    2061 2074 6F77 6572 0000 0000 0000 0000  [ a tower        ]
7015B36D    0000 0000 0000 0000 0000 0000 001A 6E65  [              ne]
7015B375    6172 2074 6865 2044 6172 6B20 4C6F 7264  [ar the Dark Lord]
7015B37D    2773 2053 7461 6666 0000 0000 0000 0009  ['s Staff        ]
7015B385    696E 2061 2068 6F6C 6400 0000 0000 0000  [in a hold       ]
7015B38D    0000 0000 0000 0000 0000 0000 0000 0000  [                ]
7015B395    001A 6E65 6172 2073 6F6D 6520 7368 6172  [  near some shar]
7015B39D    6473 206F 6620 416C 6269 6F6E 0000 0000  [ds of Albion    ]
7015B3A5    0000 0019 696E 2074 6865 2066 6F72 7472  [    in the fortr]
7015B3AD    6573 7320 6F66 2041 6C62 696F 6E00 0000  [ess of Albion   ]
7015B3B5    0000 0000 001E 6F6E 2074 6865 206F 7574  [      on the out]
7015B3BD    6572 2077 616C 6C20 6F66 2061 2063 6974  [er wall of a cit]
7015B3C5    6164 656C 0000 001E 6F6E 2074 6865 2069  [adel    on the i]
7015B3CD    6E6E 6572 2077 616C 6C20 6F66 2061 2063  [nner wall of a c]
7015B3D5    6974 6164 656C 0000 001B 696E 2074 6865  [itadel    in the]
7015B3DD    2068 6F6D 6520 6F66 2061 6E20 616C 6368  [ home of an alch]
7015B3E5    656D 6973 7400 0000 0000 001F 696E 2074  [emist       in t]
7015B3ED    6865 2063 6176 6520 6F66 2074 6865 2057  [he cave of the W]
7015B3F5    6869 7465 2044 7261 676F 6E00 000B 696E  [hite Dragon   in]
7015B3FD    2061 2074 656D 706C 6500 0000 0000 0000  [ a temple       ]
7015B405    0000 0000 0000 0000 0000 0000 0000 000B  [                ]
7015B40D    696E 2061 2064 6573 6572 7400 0000 0000  [in a desert     ]
7015B415    0000 0000 0000 0000 0000 0000 0000 0000  [                ]
7015B41D    000C 6F6E 2061 2062 6172 7269 6572 0000  [  on a barrier  ]
7015B425    0000 0000 0000 0000 0000 0000 0000 0000  [                ]
7015B42D    0000 0006 0005 0000 0006 7769 7A61 7264  [          wizard]
7015B435    0000 0000 0000 0000 0000 0000 0000 0006  [                ]
7015B43D    636C 6572 6963 0000 0000 0000 0000 0000  [cleric          ]
7015B445    0000 0000 0005 6472 7569 6400 0000 0000  [      druid     ]
7015B44D    0000 0000 0000 0000 0000 0007 6669 6768  [            figh]
7015B455    7465 7200 0000 0000 0000 0000 0000 0000  [ter             ]
7015B45D    0009 6261 7262 6172 6961 6E00 0000 0000  [  barbarian     ]
7015B465    0000 0000 0000 0000 000F 6F6E 206C 6576  [          on lev]
7015B46D    656C 2067 726F 756E 6400 0000 0000 0000  [el ground       ]
7015B475    0000 0000 0000 0000 0000 000A 696E 2061  [            in a]
7015B47D    2073 7761 6D70 0000 0000 0000 0000 0000  [ swamp          ]
7015B485    0000 0000 0000 0000 0000 0000 0010 696E  [              in]
7015B48D    2073 6861 6C6C 6F77 2077 6174 6572 0000  [ shallow water  ]
7015B495    0000 0000 0000 0000 0000 0000 0000 000F  [                ]
7015B49D    6F76 6572 2064 6565 7020 7761 7465 7200  [over deep water ]
7015B4A5    0000 0000 0000 0000 0000 0000 0000 0000  [                ]
7015B4AD    0014 7472 616E 7376 6572 7369 6E67 2061  [  transversing a]
7015B4B5    2063 6C69 6666 0000 0000 0000 0000 0000  [ cliff          ]
7015B4BD    0000 0009 696E 2061 2063 6176 6500 0000  [    in a cave   ]
7015B4C5    0000 0000 0000 0000 0000 0000 0000 0000  [                ]
7015B4CD    0000 0000 000B 696E 2061 2066 6F72 6573  [      in a fores]
7015B4D5    7400 0000 0000 0000 0000 0000 0000 0000  [t               ]
7015B4DD    0000 0000 0000 0015 6F6E 2074 6F70 206F  [        on top o]
7015B4E5    6620 6120 666F 6F74 2068 696C 6C00 0000  [f a foot hill   ]
7015B4ED    0000 0000 0000 0000 0014 6F6E 2074 6F70  [          on top]
7015B4F5    206F 6620 6120 6D6F 756E 7461 696E 0000  [ of a mountain  ]
7015B4FD    0000 0000 0000 0000 0000 0009 6F6E 2061  [            on a]
7015B505    2066 6F72 6400 0000 0000 0000 0000 0000  [ ford           ]
7015B50D    0000 0000 0000 0000 0000 0000 0009 6F6E  [              on]
7015B515    2061 2072 6F61 6400 0000 0000 0000 0000  [ a road         ]
7015B51D    0000 0000 0000 0000 0000 0000 0000 000B  [                ]
7015B525    696E 2061 2063 6173 746C 6500 0000 0000  [in a castle     ]
7015B52D    0000 0000 0000 0000 0000 0000 0000 0000  [                ]
7015B535    000D 696E 2061 2062 7569 6C64 696E 6700  [  in a building ]
7015B53D    0000 0000 0000 0000 0000 0000 0000 0000  [                ]
7015B545    0000 000A 696E 2061 2073 746F 7265 0000  [    in a store  ]
7015B54D    0000 0000 0000 0000 0000 0000 0000 0000  [                ]
7015B555    0000 0000 0012 6E65 7874 2074 6F20 6120  [      next to a ]
7015B55D    6361 7461 7075 6C74 0000 0000 0000 0000  [catapult        ]
7015B565    0000 0000 0000 0015 6E65 7874 2074 6F20  [        next to ]
7015B56D    6120 7472 616E 7370 6F72 7465 7200 0000  [a transporter   ]
7015B575    0000 0000 0000 0000 0009 6F6E 2061 2062  [          on a b]
7015B57D    6F61 7400 0000 0000 0000 0000 0000 0000  [oat             ]
7015B585    0000 0000 0000 0000 0000 000C 6E65 6172  [            near]
7015B58D    2061 2074 6F77 6572 0000 0000 0000 0000  [ a tower        ]
7015B595    0000 0000 0000 0000 0000 0000 001A 6E65  [              ne]
7015B59D    6172 2074 6865 2044 6172 6B20 4C6F 7264  [ar the Dark Lord]
7015B5A5    2773 2053 7461 6666 0000 0000 0000 0009  ['s Staff        ]
7015B5AD    696E 2061 2068 6F6C 6400 0000 0000 0000  [in a hold       ]
7015B5B5    0000 0000 0000 0000 0000 0000 0000 0000  [                ]
7015B5BD    001A 6E65 6172 2073 6F6D 6520 7368 6172  [  near some shar]
7015B5C5    6473 206F 6620 416C 6269 6F6E 0000 0000  [ds of Albion    ]
7015B5CD    0000 0019 696E 2074 6865 2066 6F72 7472  [    in the fortr]
7015B5D5    6573 7320 6F66 2041 6C62 696F 6E00 0000  [ess of Albion   ]
7015B5DD    0000 0000 001E 6F6E 2074 6865 206F 7574  [      on the out]
7015B5E5    6572 2077 616C 6C20 6F66 2061 2063 6974  [er wall of a cit]
7015B5ED    6164 656C 0000 001E 6F6E 2074 6865 2069  [adel    on the i]
7015B5F5    6E6E 6572 2077 616C 6C20 6F66 2061 2063  [nner wall of a c]
7015B5FD    6974 6164 656C 0000 001B 696E 2074 6865  [itadel    in the]
7015B605    2068 6F6D 6520 6F66 2061 6E20 616C 6368  [ home of an alch]
7015B60D    656D 6973 7400 0000 0000 001F 696E 2074  [emist       in t]
7015B615    6865 2063 6176 6520 6F66 2074 6865 2057  [he cave of the W]
7015B61D    6869 7465 2044 7261 676F 6E00 000B 696E  [hite Dragon   in]
7015B625    2061 2074 656D 706C 6500 0000 0000 0000  [ a temple       ]
7015B62D    0000 0000 0000 0000 0000 0000 0000 000B  [                ]
7015B635    696E 2061 2064 6573 6572 7400 0000 0000  [in a desert     ]
7015B63D    0000 0000 0000 0000 0000 0000 0000 0000  [                ]
7015B645    000C 6F6E 2061 2062 6172 7269 6572 0000  [  on a barrier  ]
7015B64D    0000 0000 0000 0000 0000 0000 0000 0000  [                ]
7015B655    0000 0000 0006 7769 7A61 7264 0000 0000  [      wizard    ]
7015B65D    0000 0000 0000 0000 0000 0006 636C 6572  [            cler]
7015B665    6963 0000 0000 0000 0000 0000 0000 0000  [ic              ]
7015B66D    0005 6472 7569 6400 0000 0000 0000 0000  [  druid         ]
7015B675    0000 0000 0000 0007 6669 6768 7465 7200  [        fighter ]
7015B67D    0000 0000 0000 0000 0000 0000 0009 6261  [              ba]
7015B685    7262 6172 6961 6E00 0000 0000 0000 0000  [rbarian         ]
7015B68D    0000 0000 000F 6F6E 206C 6576 656C 2067  [      on level g]
7015B695    726F 756E 6400 0000 0000 0000 0000 0000  [round           ]
7015B69D    0000 0000 0000 000A 696E 2061 2073 7761  [        in a swa]
7015B6A5    6D70 0000 0000 0000 0000 0000 0000 0000  [mp              ]
7015B6AD    0000 0000 0000 0000 0010 696E 2073 6861  [          in sha]
7015B6B5    6C6C 6F77 2077 6174 6572 0000 0000 0000  [llow water      ]
7015B6BD    0000 0000 0000 0000 0000 000F 6F76 6572  [            over]
7015B6C5    2064 6565 7020 7761 7465 7200 0000 0000  [ deep water     ]
7015B6CD    0000 0000 0000 0000 0000 0000 0014 7472  [              tr]
7015B6D5    616E 7376 6572 7369 6E67 2061 2063 6C69  [ansversing a cli]
7015B6DD    6666 0000 0000 0000 0000 0000 0000 0009  [ff              ]
7015B6E5    696E 2061 2063 6176 6500 0000 0000 0000  [in a cave       ]
7015B6ED    0000 0000 0000 0000 0000 0000 0000 0000  [                ]
7015B6F5    000B 696E 2061 2066 6F72 6573 7400 0000  [  in a forest   ]
7015B6FD    0000 0000 0000 0000 0000 0000 0000 0000  [                ]
7015B705    0000 0015 6F6E 2074 6F70 206F 6620 6120  [    on top of a ]
7015B70D    666F 6F74 2068 696C 6C00 0000 0000 0000  [foot hill       ]
7015B715    0000 0000 0014 6F6E 2074 6F70 206F 6620  [      on top of ]
7015B71D    6120 6D6F 756E 7461 696E 0000 0000 0000  [a mountain      ]
7015B725    0000 0000 0000 0009 6F6E 2061 2066 6F72  [        on a for]
7015B72D    6400 0000 0000 0000 0000 0000 0000 0000  [d               ]
7015B735    0000 0000 0000 0000 0009 6F6E 2061 2072  [          on a r]
7015B73D    6F61 6400 0000 0000 0000 0000 0000 0000  [oad             ]
7015B745    0000 0000 0000 0000 0000 000B 696E 2061  [            in a]
7015B74D    2063 6173 746C 6500 0000 0000 0000 0000  [ castle         ]
7015B755    0000 0000 0000 0000 0000 0000 000D 696E  [              in]
7015B75D    2061 2062 7569 6C64 696E 6700 0000 0000  [ a building     ]
7015B765    0000 0000 0000 0000 0000 0000 0000 000A  [                ]
7015B76D    696E 2061 2073 746F 7265 0000 0000 0000  [in a store      ]
7015B775    0000 0000 0000 0000 0000 0000 0000 0000  [                ]
7015B77D    0012 6E65 7874 2074 6F20 6120 6361 7461  [  next to a cata]
7015B785    7075 6C74 0000 0000 0000 0000 0000 0000  [pult            ]
7015B78D    0000 0015 6E65 7874 2074 6F20 6120 7472  [    next to a tr]
7015B795    616E 7370 6F72 7465 7200 0000 0000 0000  [ansporter       ]
7015B79D    0000 0000 0009 6F6E 2061 2062 6F61 7400  [      on a boat ]
7015B7A5    0000 0000 0000 0000 0000 0000 0000 0000  [                ]
7015B7AD    0000 0000 0000 000C 6E65 6172 2061 2074  [        near a t]
7015B7B5    6F77 6572 0000 0000 0000 0000 0000 0000  [ower            ]
7015B7BD    0000 0000 0000 0000 001A 6E65 6172 2074  [          near t]
7015B7C5    6865 2044 6172 6B20 4C6F 7264 2773 2053  [he Dark Lord's S]
7015B7CD    7461 6666 0000 0000 0000 0009 696E 2061  [taff        in a]
7015B7D5    2068 6F6C 6400 0000 0000 0000 0000 0000  [ hold           ]
7015B7DD    0000 0000 0000 0000 0000 0000 001A 6E65  [              ne]
7015B7E5    6172 2073 6F6D 6520 7368 6172 6473 206F  [ar some shards o]
7015B7ED    6620 416C 6269 6F6E 0000 0000 0000 0019  [f Albion        ]
7015B7F5    696E 2074 6865 2066 6F72 7472 6573 7320  [in the fortress ]
7015B7FD    6F66 2041 6C62 696F 6E00 0000 0000 0000  [of Albion       ]
7015B805    001E 6F6E 2074 6865 206F 7574 6572 2077  [  on the outer w]
7015B80D    616C 6C20 6F66 2061 2063 6974 6164 656C  [all of a citadel]
7015B815    0000 001E 6F6E 2074 6865 2069 6E6E 6572  [    on the inner]
7015B81D    2077 616C 6C20 6F66 2061 2063 6974 6164  [ wall of a citad]
7015B825    656C 0000 001B 696E 2074 6865 2068 6F6D  [el    in the hom]
7015B82D    6520 6F66 2061 6E20 616C 6368 656D 6973  [e of an alchemis]
7015B835    7400 0000 0000 001F 696E 2074 6865 2063  [t       in the c]
7015B83D    6176 6520 6F66 2074 6865 2057 6869 7465  [ave of the White]
7015B845    2044 7261 676F 6E00 000B 696E 2061 2074  [ Dragon   in a t]
7015B84D    656D 706C 6500 0000 0000 0000 0000 0000  [emple           ]
7015B855    0000 0000 0000 0000 0000 000B 696E 2061  [            in a]
7015B85D    2064 6573 6572 7400 0000 0000 0000 0000  [ desert         ]
7015B865    0000 0000 0000 0000 0000 0000 000C 6F6E  [              on]
7015B86D    2061 2062 6172 7269 6572 0000 0000 0000  [ a barrier      ]
7015B875    0000 0000 0000 0000 0000 0000 0000 0000  [                ]
7015B87D    0006 7769 7A61 7264 0000 0000 0000 0000  [  wizard        ]
7015B885    0000 0000 0000 0006 636C 6572 6963 0000  [        cleric  ]
7015B88D    0000 0000 0000 0000 0000 0000 0005 6472  [              dr]
7015B895    7569 6400 0000 0000 0000 0000 0000 0000  [uid             ]
7015B89D    0000 0007 6669 6768 7465 7200 0000 0000  [    fighter     ]
7015B8A5    0000 0000 0000 0000 0009 6261 7262 6172  [          barbar]
7015B8AD    6961 6E00 0000 0000 0000 0000 0000 0000  [ian             ]
7015B8B5    000F 6F6E 206C 6576 656C 2067 726F 756E  [  on level groun]
7015B8BD    6400 0000 0000 0000 0000 0000 0000 0000  [d               ]
7015B8C5    0000 000A 696E 2061 2073 7761 6D70 0000  [    in a swamp  ]
7015B8CD    0000 0000 0000 0000 0000 0000 0000 0000  [                ]
7015B8D5    0000 0000 0010 696E 2073 6861 6C6C 6F77  [      in shallow]
7015B8DD    2077 6174 6572 0000 0000 0000 0000 0000  [ water          ]
7015B8E5    0000 0000 0000 000F 6F76 6572 2064 6565  [        over dee]
7015B8ED    7020 7761 7465 7200 0000 0000 0000 0000  [p water         ]
7015B8F5    0000 0000 0000 0000 0014 7472 616E 7376  [          transv]
7015B8FD    6572 7369 6E67 2061 2063 6C69 6666 0000  [ersing a cliff  ]
7015B905    0000 0000 0000 0000 0000 0009 696E 2061  [            in a]
7015B90D    2063 6176 6500 0000 0000 0000 0000 0000  [ cave           ]
7015B915    0000 0000 0000 0000 0000 0000 000B 696E  [              in]
7015B91D    2061 2066 6F72 6573 7400 0000 0000 0000  [ a forest       ]
7015B925    0000 0000 0000 0000 0000 0000 0000 0015  [                ]
7015B92D    6F6E 2074 6F70 206F 6620 6120 666F 6F74  [on top of a foot]
7015B935    2068 696C 6C00 0000 0000 0000 0000 0000  [ hill           ]
7015B93D    0014 6F6E 2074 6F70 206F 6620 6120 6D6F  [  on top of a mo]
7015B945    756E 7461 696E 0000 0000 0000 0000 0000  [untain          ]
7015B94D    0000 0009 6F6E 2061 2066 6F72 6400 0000  [    on a ford   ]
7015B955    0000 0000 0000 0000 0000 0000 0000 0000  [                ]
7015B95D    0000 0000 0009 6F6E 2061 2072 6F61 6400  [      on a road ]
7015B965    0000 0000 0000 0000 0000 0000 0000 0000  [                ]
7015B96D    0000 0000 0000 000B 696E 2061 2063 6173  [        in a cas]
7015B975    746C 6500 0000 0000 0000 0000 0000 0000  [tle             ]
7015B97D    0000 0000 0000 0000 000D 696E 2061 2062  [          in a b]
7015B985    7569 6C64 696E 6700 0000 0000 0000 0000  [uilding         ]
7015B98D    0000 0000 0000 0000 0000 000A 696E 2061  [            in a]
7015B995    2073 746F 7265 0000 0000 0000 0000 0000  [ store          ]
7015B99D    0000 0000 0000 0000 0000 0000 0012 6E65  [              ne]
7015B9A5    7874 2074 6F20 6120 6361 7461 7075 6C74  [xt to a catapult]
7015B9AD    0000 0000 0000 0000 0000 0000 0000 0015  [                ]
7015B9B5    6E65 7874 2074 6F20 6120 7472 616E 7370  [next to a transp]
7015B9BD    6F72 7465 7200 0000 0000 0000 0000 0000  [orter           ]
7015B9C5    0009 6F6E 2061 2062 6F61 7400 0000 0000  [  on a boat     ]
7015B9CD    0000 0000 0000 0000 0000 0000 0000 0000  [                ]
7015B9D5    0000 000C 6E65 6172 2061 2074 6F77 6572  [    near a tower]
7015B9DD    0000 0000 0000 0000 0000 0000 0000 0000  [                ]
7015B9E5    0000 0000 001A 6E65 6172 2074 6865 2044  [      near the D]
7015B9ED    6172 6B20 4C6F 7264 2773 2053 7461 6666  [ark Lord's Staff]
7015B9F5    0000 0000 0000 0009 696E 2061 2068 6F6C  [        in a hol]
7015B9FD    6400 0000 0000 0000 0000 0000 0000 0000  [d               ]
7015BA05    0000 0000 0000 0000 001A 6E65 6172 2073  [          near s]
7015BA0D    6F6D 6520 7368 6172 6473 206F 6620 416C  [ome shards of Al]
7015BA15    6269 6F6E 0000 0000 0000 0019 696E 2074  [bion        in t]
7015BA1D    6865 2066 6F72 7472 6573 7320 6F66 2041  [he fortress of A]
7015BA25    6C62 696F 6E00 0000 0000 0000 001E 6F6E  [lbion         on]
7015BA2D    2074 6865 206F 7574 6572 2077 616C 6C20  [ the outer wall ]
7015BA35    6F66 2061 2063 6974 6164 656C 0000 001E  [of a citadel    ]
7015BA3D    6F6E 2074 6865 2069 6E6E 6572 2077 616C  [on the inner wal]
7015BA45    6C20 6F66 2061 2063 6974 6164 656C 0000  [l of a citadel  ]
7015BA4D    001B 696E 2074 6865 2068 6F6D 6520 6F66  [  in the home of]
7015BA55    2061 6E20 616C 6368 656D 6973 7400 0000  [ an alchemist   ]
7015BA5D    0000 001F 696E 2074 6865 2063 6176 6520  [    in the cave ]
7015BA65    6F66 2074 6865 2057 6869 7465 2044 7261  [of the White Dra]
7015BA6D    676F 6E00 000B 696E 2061 2074 656D 706C  [gon   in a templ]
7015BA75    6500 0000 0000 0000 0000 0000 0000 0000  [e               ]
7015BA7D    0000 0000 0000 000B 696E 2061 2064 6573  [        in a des]
7015BA85    6572 7400 0000 0000 0000 0000 0000 0000  [ert             ]
7015BA8D    0000 0000 0000 0000 000C 6F6E 2061 2062  [          on a b]
7015BA95    6172 7269 6572 0000 0000 0000 0000 0000  [arrier          ]
7015BA9D    0000 0000 0000 0000 0000 0000 0000 6000  [              ` ]
7015BAA5    0006 7769 7A61 7264 0000 0000 0000 0000  [  wizard        ]
7015BAAD    0000 0000 0000 0006 636C 6572 6963 0000  [        cleric  ]
7015BAB5    0000 0000 0000 0000 0000 0000 0005 6472  [              dr]
7015BABD    7569 6400 0000 0000 0000 0000 0000 0000  [uid             ]
7015BAC5    0000 0007 6669 6768 7465 7200 0000 0000  [    fighter     ]
7015BACD    0000 0000 0000 0000 0009 6261 7262 6172  [          barbar]
7015BAD5    6961 6E00 0000 0000 0000 0000 0000 0000  [ian             ]
7015BADD    000F 6F6E 206C 6576 656C 2067 726F 756E  [  on level groun]
7015BAE5    6400 0000 0000 0000 0000 0000 0000 0000  [d               ]
7015BAED    0000 000A 696E 2061 2073 7761 6D70 0000  [    in a swamp  ]
7015BAF5    0000 0000 0000 0000 0000 0000 0000 0000  [                ]
7015BAFD    0000 0000 0010 696E 2073 6861 6C6C 6F77  [      in shallow]
7015BB05    2077 6174 6572 0000 0000 0000 0000 0000  [ water          ]
7015BB0D    0000 0000 0000 000F 6F76 6572 2064 6565  [        over dee]
7015BB15    7020 7761 7465 7200 0000 0000 0000 0000  [p water         ]
7015BB1D    0000 0000 0000 0000 0014 7472 616E 7376  [          transv]
7015BB25    6572 7369 6E67 2061 2063 6C69 6666 0000  [ersing a cliff  ]
7015BB2D    0000 0000 0000 0000 0000 0009 696E 2061  [            in a]
7015BB35    2063 6176 6500 0000 0000 0000 0000 0000  [ cave           ]
7015BB3D    0000 0000 0000 0000 0000 0000 000B 696E  [              in]
7015BB45    2061 2066 6F72 6573 7400 0000 0000 0000  [ a forest       ]
7015BB4D    0000 0000 0000 0000 0000 0000 0000 0015  [                ]
7015BB55    6F6E 2074 6F70 206F 6620 6120 666F 6F74  [on top of a foot]
7015BB5D    2068 696C 6C00 0000 0000 0000 0000 0000  [ hill           ]
7015BB65    0014 6F6E 2074 6F70 206F 6620 6120 6D6F  [  on top of a mo]
7015BB6D    756E 7461 696E 0000 0000 0000 0000 0000  [untain          ]
7015BB75    0000 0009 6F6E 2061 2066 6F72 6400 0000  [    on a ford   ]
7015BB7D    0000 0000 0000 0000 0000 0000 0000 0000  [                ]
7015BB85    0000 0000 0009 6F6E 2061 2072 6F61 6400  [      on a road ]
7015BB8D    0000 0000 0000 0000 0000 0000 0000 0000  [                ]
7015BB95    0000 0000 0000 000B 696E 2061 2063 6173  [        in a cas]
7015BB9D    746C 6500 0000 0000 0000 0000 0000 0000  [tle             ]
7015BBA5    0000 0000 0000 0000 000D 696E 2061 2062  [          in a b]
7015BBAD    7569 6C64 696E 6700 0000 0000 0000 0000  [uilding         ]
7015BBB5    0000 0000 0000 0000 0000 000A 696E 2061  [            in a]
7015BBBD    2073 746F 7265 0000 0000 0000 0000 0000  [ store          ]
7015BBC5    0000 0000 0000 0000 0000 0000 0012 6E65  [              ne]
7015BBCD    7874 2074 6F20 6120 6361 7461 7075 6C74  [xt to a catapult]
7015BBD5    0000 0000 0000 0000 0000 0000 0000 0015  [                ]
7015BBDD    6E65 7874 2074 6F20 6120 7472 616E 7370  [next to a transp]
7015BBE5    6F72 7465 7200 0000 0000 0000 0000 0000  [orter           ]
7015BBED    0009 6F6E 2061 2062 6F61 7400 0000 0000  [  on a boat     ]
7015BBF5    0000 0000 0000 0000 0000 0000 0000 0000  [                ]
7015BBFD    0000 000C 6E65 6172 2061 2074 6F77 6572  [    near a tower]
7015BC05    0000 0000 0000 0000 0000 0000 0000 0000  [                ]
7015BC0D    0000 0000 001A 6E65 6172 2074 6865 2044  [      near the D]
7015BC15    6172 6B20 4C6F 7264 2773 2053 7461 6666  [ark Lord's Staff]
7015BC1D    0000 0000 0000 0009 696E 2061 2068 6F6C  [        in a hol]
7015BC25    6400 0000 0000 0000 0000 0000 0000 0000  [d               ]
7015BC2D    0000 0000 0000 0000 001A 6E65 6172 2073  [          near s]
7015BC35    6F6D 6520 7368 6172 6473 206F 6620 416C  [ome shards of Al]
7015BC3D    6269 6F6E 0000 0000 0000 0019 696E 2074  [bion        in t]
7015BC45    6865 2066 6F72 7472 6573 7320 6F66 2041  [he fortress of A]
7015BC4D    6C62 696F 6E00 0000 0000 0000 001E 6F6E  [lbion         on]
7015BC55    2074 6865 206F 7574 6572 2077 616C 6C20  [ the outer wall ]
7015BC5D    6F66 2061 2063 6974 6164 656C 0000 001E  [of a citadel    ]
7015BC65    6F6E 2074 6865 2069 6E6E 6572 2077 616C  [on the inner wal]
7015BC6D    6C20 6F66 2061 2063 6974 6164 656C 0000  [l of a citadel  ]
7015BC75    001B 696E 2074 6865 2068 6F6D 6520 6F66  [  in the home of]
7015BC7D    2061 6E20 616C 6368 656D 6973 7400 0000  [ an alchemist   ]
7015BC85    0000 001F 696E 2074 6865 2063 6176 6520  [    in the cave ]
7015BC8D    6F66 2074 6865 2057 6869 7465 2044 7261  [of the White Dra]
7015BC95    676F 6E00 000B 696E 2061 2074 656D 706C  [gon   in a templ]
7015BC9D    6500 0000 0000 0000 0000 0000 0000 0000  [e               ]
7015BCA5    0000 0000 0000 000B 696E 2061 2064 6573  [        in a des]
7015BCAD    6572 7400 0000 0000 0000 0000 0000 0000  [ert             ]
7015BCB5    0000 0000 0000 0000 000C 6F6E 2061 2062  [          on a b]
7015BCBD    6172 7269 6572 0000 0000 0000 0000 0000  [arrier          ]
7015BCC5    0000 0000 0000 0000 0000 0000 FFFF FFFF  [                ]
7015BCCD    7FFF FFFF FFFF FFFF FFFF FFFF FFFF FFFF  [                ]
7015BCD5    FFFF FFFF FFFF FFFF FFFF FFFF 471D F5E7  [            G   ]
7015BCDD    D000 0000 46D8 658B 0000 0000 4740 0000  [    F e     G@  ]
7015BCE5    0000 0000 7000 010A 0020 0000 0000 0000  [    p           ]
7015BCED    0000 0000 0000 0000 0000 0000 0000 0000  [                ]
7015BCF5    0000 0000 0000 0000 8000 0000 0000 0000  [                ]
7015BCFD    0000 0000 0000 0000 0000 0000 0000 0000  [                ]
7015BD05    0000 0000 0000 0000 FFFF FFFF 7FFF FFFF  [                ]
7015BD0D    FFFF FFFF FFFF FFFF FFFF FFFF FFFF FFFF  [                ]
7015BD15    FFFF FFFF FFFF FFFF 0000                 [                ]

# ----------------------------------------------------------------
# RTSC
# ----------------------------------------------------------------
7015BD1A    411C EA01 C119 3C7F 40F4 4546            [A     < @ EF    ]

memory_data: 0x7015BD73 0x7015BE23
7015BD73    0B00 0000 0010 0000 0B00 0000 0011 0000  [                ]
7015BD7B    0B00 0000 001B 0000 4341 5354 4C45 5F44  [        CASTLE_D]
7015BD83    4154 415F 4649 4C45 0000 0000 574F 524C  [ATA_FILE    WORL]
7015BD8B    445F 4441 5441 5F46 494C 4500 5348 4152  [D_DATA_FILE SHAR]
7015BD93    4544 5F44 4154 415F 4649 4C45 0000 0000  [ED_DATA_FILE    ]
7015BD9B    4361 6E6E 6F74 2073 6574 2073 6861 7265  [Cannot set share]
7015BDA3    6420 7061 7274 6974 696F 6E00 0E2E 2E0F  [d partition  .. ]
7015BDAB    0E3A 2E0F 0E2E 3A0F 0E20 3A0F 0E3A 200F  [ :.  .:   :  :  ]
7015BDB3    1422 2215 1422 1520 2014 2215 147B 7D15  [ ""  "    "  {} ]
7015BDBB    0E28 290F 003B 3B00 007C 2000 0020 7C00  [ ()  ;;  |    | ]
7015BDC3    147C 2F15 145C 7C15 002F 2000 0020 5C00  [ |/  \|  /    \ ]
7015BDCB    1C2E 201D 1C49 491D 0020 2000 1C22 221D  [ .   II      "" ]
7015BDD3    1C77 771D 1C57 571D 1C21 211D 1C28 291D  [ ww  WW  !!  () ]
7015BDDB    1C66 661D 1C6D 6D1D 1C4D 4D1D 1C2B 2B1D  [ ff  mm  MM  ++ ]
7015BDE3    1C78 201D 002F 2D00 002D 2D00 002D 5C00  [ x   /-  --  -\ ]
7015BDEB    005C 2D00 002D 2F00 007C 2D00 002D 7C00  [ \-  -/  |-  -| ]
7015BDF3    2014 2015 1420 1520 7C14 2015 1420 157C  [        |      |]
7015BDFB    7C14 5315 0023 2000 005B 5D00 0025 2500  [| S  #   []  %% ]
7015BE03    2014 2015 1420 1520 142F 2015 1420 5C15  [         /    \ ]
7015BE0B    0E74 200F 005F 5E00 005E 5F00 7C14 2015  [ t   _^  ^_ |   ]
7015BE13    1420 157C 1C2A 2A1D 0E7E 7E0F 007C 2D00  [   | **  ~~  |- ]
7015BE1B    002D 7C00 002D 2D00 007C 2000 0020 7C00  [ -|  --  |    | ]

memory_data: 0x7015BF18 0x7015C005
7015BF18    0000 0B00 0000 0084 0000 0B00 0000 0026  [               &]
7015BF20    0000 0A00 0000 0002 0000 5468 6973 2070  [          This p]
7015BF28    6C61 7965 7220 7761 7320 7072 6576 696F  [layer was previo]
7015BF30    7573 6C79 206B 696C 6C65 6420 6F66 6621  [usly killed off!]
7015BF38    2020 496E 6974 6961 6C73 2061 6C72 6561  [  Initials alrea]
7015BF40    6479 2069 6E20 7573 6521 0A00 5A00 4100  [dy in use!  Z A ]
7015BF48    7A00 6100 0000 4D61 7869 6D75 6D20 6E75  [z a   Maximum nu]
7015BF50    6D62 6572 206F 6620 706C 6179 6572 7320  [mber of players ]
7015BF58    6578 6365 6564 6564 2E0A 474F 4400 5477  [exceeded. GOD Tw]
7015BF60    6F20 6368 6172 6163 7465 7273 2070 6C65  [o characters ple]
7015BF68    6173 652E 0A00 5768 6174 2061 7265 2079  [ase.  What are y]
7015BF70    6F75 7220 696E 6974 6961 6C73 203A 2000  [our initials :  ]
7015BF78    0000 5765 6C63 6F6D 6520 746F 2071 7565  [  Welcome to que]
7015BF80    7374 210A 0A00 4049 4E50 5554 0000 404F  [st!   @INPUT  @O]
7015BF88    5554 5055 5400 0E2E 2E0F 0E3A 2E0F 0E2E  [UTPUT  ..  :.  .]
7015BF90    3A0F 0E20 3A0F 0E3A 200F 1422 2215 1422  [:   :  :   ""  "]
7015BF98    1520 2014 2215 147B 7D15 0E28 290F 003B  [    "  {}  ()  ;]
7015BFA0    3B00 007C 2000 0020 7C00 147C 2F15 145C  [;  |    |  |/  \]
7015BFA8    7C15 002F 2000 0020 5C00 1C2E 201D 1C49  [|  /    \  .   I]
7015BFB0    491D 0020 2000 1C22 221D 1C77 771D 1C57  [I      ""  ww  W]
7015BFB8    571D 1C21 211D 1C28 291D 1C66 661D 1C6D  [W  !!  ()  ff  m]
7015BFC0    6D1D 1C4D 4D1D 1C2B 2B1D 1C78 201D 002F  [m  MM  ++  x   /]
7015BFC8    2D00 002D 2D00 002D 5C00 005C 2D00 002D  [-  --  -\  \-  -]
7015BFD0    2F00 007C 2D00 002D 7C00 2014 2015 1420  [/  |-  -|       ]
7015BFD8    1520 7C14 2015 1420 157C 7C14 5315 0023  [  |      || S  #]
7015BFE0    2000 005B 5D00 0025 2500 2014 2015 1420  [   []  %%       ]
7015BFE8    1520 142F 2015 1420 5C15 0E74 200F 005F  [   /    \  t   _]
7015BFF0    5E00 005E 5F00 7C14 2015 1420 157C 1C2A  [^  ^_ |      | *]
7015BFF8    2A1D 0E7E 7E0F 007C 2D00 002D 7C00 002D  [*  ~~  |-  -|  -]
7015C000    2D00 007C 2000 0020 7C00                 [-  |    |       ]

memory_data: 0x7015C217 0x7015C218
7015C217    C8B8                                     [                ]

memory_data: 0x7015C648 0x7015C649
7015C648    DAB8                                     [                ]

memory_data: 0x7015C65D 0x7015C823
7015C65D    2068 6173 2062 6565 6E20 6572 6173 6564  [ has been erased]
7015C665    2E0A 0000 2068 6173 2062 6565 6E20 6163  [.    has been ac]
7015C66D    7175 6972 6564 2E0A 0A0B 4B6E 6F77 6C65  [quired.   Knowle]
7015C675    6467 6520 6F66 2000 0A0B 596F 7520 6861  [dge of    You ha]
7015C67D    7665 2062 6565 6E20 6465 6365 6976 6564  [ve been deceived]
7015C685    2100 0000 0A66 6F72 206B 6E6F 776C 6564  [!    for knowled]
7015C68D    6765 206F 6620 0000 0A66 6F72 2061 206D  [ge of    for a m]
7015C695    6167 6963 2066 6C61 736B 0000 0B48 6974  [agic flask   Hit]
7015C69D    2073 7061 6365 2062 6172 2074 6F20 7472  [ space bar to tr]
7015C6A5    6164 6520 796F 7572 2000 0000 0B59 6F75  [ade your     You]
7015C6AD    2068 6176 6520 6E6F 7468 696E 6720 7468  [ have nothing th]
7015C6B5    6174 2069 6E74 6572 6573 7473 2074 6865  [at interests the]
7015C6BD    2061 6C63 6865 6D69 7374 2E00 0A0B 596F  [ alchemist.   Yo]
7015C6C5    7520 6861 7665 2065 6E74 6572 6564 2074  [u have entered t]
7015C6CD    6865 2068 6F6D 6520 6F66 2061 6E20 616C  [he home of an al]
7015C6D5    6368 656D 6973 742E 0A0B 5468 6520 616C  [chemist.  The al]
7015C6DD    6368 656D 6973 7420 6973 2077 696C 6C69  [chemist is willi]
7015C6E5    6E67 2074 6F20 6261 7267 6169 6E20 7769  [ng to bargain wi]
7015C6ED    7468 2079 6F75 2E0A 0A0B 596F 7520 6861  [th you.   You ha]
7015C6F5    7665 2065 6E74 6572 6564 2074 6865 2068  [ve entered the h]
7015C6FD    6F6D 6520 6F66 2061 6E20 616C 6368 656D  [ome of an alchem]
7015C705    6973 742E 0A0B 5468 6520 616C 6368 656D  [ist.  The alchem]
7015C70D    6973 7420 6973 2069 6E20 6D65 6469 7461  [ist is in medita]
7015C715    7469 6F6E 2061 6E64 2063 616E 206E 6F74  [tion and can not]
7015C71D    2062 6520 6469 7374 7572 6265 642E 2000  [ be disturbed.  ]
7015C725    206C 6971 7569 642C 2068 6974 2073 7061  [ liquid, hit spa]
7015C72D    6365 2062 6172 2074 6F20 7175 6166 6620  [ce bar to quaff ]
7015C735    7468 6520 706F 7469 6F6E 0000 0A0B 5468  [the potion    Th]
7015C73D    6572 6520 6973 206E 6F20 6F6E 6520 686F  [ere is no one ho]
7015C745    6D65 2C20 6275 7420 7468 6572 6520 6973  [me, but there is]
7015C74D    2061 2066 6C61 736B 2066 696C 6C65 6420  [ a flask filled ]
7015C755    7769 7468 2061 0A0B 0A0B 5468 6520 6669  [with a    The fi]
7015C75D    656C 6420 7072 6F74 6563 7469 6E67 2074  [eld protecting t]
7015C765    6865 2061 6C63 6865 6D69 7374 2773 2068  [he alchemist's h]
7015C76D    6F6D 6520 6973 2062 726F 6B65 6E20 6279  [ome is broken by]
7015C775    2074 6865 2053 7461 6666 206F 6620 5261  [ the Staff of Ra]
7015C77D    2100 0000 0A0B 5468 6520 616C 6368 656D  [!     The alchem]
7015C785    6973 7473 2068 6F6D 6520 6973 2070 726F  [ists home is pro]
7015C78D    7465 6374 6564 2062 7920 616E 2075 6E6B  [tected by an unk]
7015C795    6E6F 776E 2066 6965 6C64 2E00 0B2A 2A2A  [nown field.  ***]
7015C79D    2A20 416C 6368 656D 6973 7420 686F 6D65  [* Alchemist home]
7015C7A5    202A 2A2A 2A0A 0000 0E2E 2E0F 0E3A 2E0F  [ ****    ..  :. ]
7015C7AD    0E2E 3A0F 0E20 3A0F 0E3A 200F 1422 2215  [ .:   :  :   "" ]
7015C7B5    1422 1520 2014 2215 147B 7D15 0E28 290F  [ "    "  {}  () ]
7015C7BD    003B 3B00 007C 2000 0020 7C00 147C 2F15  [ ;;  |    |  |/ ]
7015C7C5    145C 7C15 002F 2000 0020 5C00 1C2E 201D  [ \|  /    \  .  ]
7015C7CD    1C49 491D 0020 2000 1C22 221D 1C77 771D  [ II      ""  ww ]
7015C7D5    1C57 571D 1C21 211D 1C28 291D 1C66 661D  [ WW  !!  ()  ff ]
7015C7DD    1C6D 6D1D 1C4D 4D1D 1C2B 2B1D 1C78 201D  [ mm  MM  ++  x  ]
7015C7E5    002F 2D00 002D 2D00 002D 5C00 005C 2D00  [ /-  --  -\  \- ]
7015C7ED    002D 2F00 007C 2D00 002D 7C00 2014 2015  [ -/  |-  -|     ]
7015C7F5    1420 1520 7C14 2015 1420 157C 7C14 5315  [    |      || S ]
7015C7FD    0023 2000 005B 5D00 0025 2500 2014 2015  [ #   []  %%     ]
7015C805    1420 1520 142F 2015 1420 5C15 0E74 200F  [     /    \  t  ]
7015C80D    005F 5E00 005E 5F00 7C14 2015 1420 157C  [ _^  ^_ |      |]
7015C815    1C2A 2A1D 0E7E 7E0F 007C 2D00 002D 7C00  [ **  ~~  |-  -| ]
7015C81D    002D 2D00 007C 2000 0020 7C00            [ --  |    |     ]

memory_data: 0x7015CF4D 0x7015D053
7015CF4D    5468 6174 2070 6C61 7965 722F 7061 7373  [That player/pass]
7015CF55    776F 7264 2064 6F65 7320 6E6F 7420 6578  [word does not ex]
7015CF5D    6973 740A 5468 6174 2070 6C61 7965 7220  [ist That player ]
7015CF65    6973 2063 7572 7265 6E74 6C79 2061 6374  [is currently act]
7015CF6D    6976 6521 0A00 0A00 0B20 2020 2020 0000  [ive!            ]
7015CF75    5061 7373 776F 7264 203F 2000 0A50 6C61  [Password ?   Pla]
7015CF7D    7965 7220 6E61 6D65 203F 2000 0A50 6C61  [yer name ?   Pla]
7015CF85    7965 7220 616C 6C69 616E 6365 2074 6162  [yer alliance tab]
7015CF8D    6C65 3A0A 0A00 6400 4400 6100 4100 6C00  [le:   d D a A l ]
7015CF95    4C00 0000 0C44 6F20 796F 7520 7769 7368  [L    Do you wish]
7015CF9D    2074 6F20 284C 2920 6C69 7374 2C20 2841  [ to (L) list, (A]
7015CFA5    2920 6164 642C 206F 7220 2844 2920 6465  [) add, or (D) de]
7015CFAD    6C65 7465 0A66 726F 6D20 796F 7572 2070  [lete from your p]
7015CFB5    6C61 7965 7220 616C 6C69 616E 6365 206C  [layer alliance l]
7015CFBD    6973 7420 3F20 0000 5553 4552 5F44 4154  [ist ?   USER_DAT]
7015CFC5    415F 4649 4C45 0000 436F 756C 646E 2774  [A_FILE  Couldn't]
7015CFCD    2061 6363 6573 7320 7573 6572 5F64 6174  [ access user_dat]
7015CFD5    615F 6669 6C65 0A00 0E2E 2E0F 0E3A 2E0F  [a_file   ..  :. ]
7015CFDD    0E2E 3A0F 0E20 3A0F 0E3A 200F 1422 2215  [ .:   :  :   "" ]
7015CFE5    1422 1520 2014 2215 147B 7D15 0E28 290F  [ "    "  {}  () ]
7015CFED    003B 3B00 007C 2000 0020 7C00 147C 2F15  [ ;;  |    |  |/ ]
7015CFF5    145C 7C15 002F 2000 0020 5C00 1C2E 201D  [ \|  /    \  .  ]
7015CFFD    1C49 491D 0020 2000 1C22 221D 1C77 771D  [ II      ""  ww ]
7015D005    1C57 571D 1C21 211D 1C28 291D 1C66 661D  [ WW  !!  ()  ff ]
7015D00D    1C6D 6D1D 1C4D 4D1D 1C2B 2B1D 1C78 201D  [ mm  MM  ++  x  ]
7015D015    002F 2D00 002D 2D00 002D 5C00 005C 2D00  [ /-  --  -\  \- ]
7015D01D    002D 2F00 007C 2D00 002D 7C00 2014 2015  [ -/  |-  -|     ]
7015D025    1420 1520 7C14 2015 1420 157C 7C14 5315  [    |      || S ]
7015D02D    0023 2000 005B 5D00 0025 2500 2014 2015  [ #   []  %%     ]
7015D035    1420 1520 142F 2015 1420 5C15 0E74 200F  [     /    \  t  ]
7015D03D    005F 5E00 005E 5F00 7C14 2015 1420 157C  [ _^  ^_ |      |]
7015D045    1C2A 2A1D 0E7E 7E0F 007C 2D00 002D 7C00  [ **  ~~  |-  -| ]
7015D04D    002D 2D00 007C 2000 0020 7C00            [ --  |    |     ]

memory_data: 0x7015D058 0x7015D05C
7015D058    0000 0000 0000 0000                      [                ]

memory_data: 0x7015D25F 0x7015D260
7015D25F    DBB8                                     [                ]

memory_data: 0x7015D301 0x7015D7A7
7015D301    2773 206D 6167 6963 2073 6869 656C 6420  ['s magic shield ]
7015D309    7072 6F74 6563 7473 2068 696D 2E0A 0000  [protects him.   ]
7015D311    0A0B 5468 6174 2062 6569 6E67 2063 616E  [  That being can]
7015D319    6E6F 7420 6265 2063 6861 726D 6564 210A  [not be charmed! ]
7015D321    0A0B 5468 6520 7370 656C 6C20 6861 7320  [  The spell has ]
7015D329    6E6F 2065 6666 6563 7421 0A00 0A0B 5468  [no effect!    Th]
7015D331    6520 6265 696E 6720 6861 7320 6265 656E  [e being has been]
7015D339    2063 6861 726D 6564 210A 5768 6174 2077  [ charmed! What w]
7015D341    696C 6C20 796F 7520 6E61 6D65 2069 743F  [ill you name it?]
7015D349    2000 0000 0A0B 4E6F 7420 6120 7072 6179  [      Not a pray]
7015D351    6572 206F 6620 6368 6172 6D69 6E67 2074  [er of charming t]
7015D359    6861 7421 0A00 0000 0A0B 5468 6520 776F  [hat!      The wo]
7015D361    726C 6420 6361 6E6E 6F74 2074 616B 6520  [rld cannot take ]
7015D369    616E 7920 6D6F 7265 2066 6F67 2061 7420  [any more fog at ]
7015D371    7468 6973 2074 696D 6521 0A00 0A0B 596F  [this time!    Yo]
7015D379    7520 6361 6E6E 6F74 2063 7265 6174 6520  [u cannot create ]
7015D381    6120 666F 6720 696E 2061 2063 6176 6521  [a fog in a cave!]
7015D389    0A00 0000 0A0B 5468 6520 7370 656C 6C20  [      The spell ]
7015D391    646F 6573 206E 6F74 2068 6176 6520 616E  [does not have an]
7015D399    7920 6566 6665 6374 210A 0000 0A0B 596F  [y effect!     Yo]
7015D3A1    7527 6C6C 2068 6176 6520 746F 2064 6F20  [u'll have to do ]
7015D3A9    6265 7474 6572 2074 6861 6E20 7468 6174  [better than that]
7015D3B1    210A 0000 0A0B 596F 7520 6861 7665 2077  [!     You have w]
7015D3B9    6561 6B65 6E65 6420 7468 6520 6265 696E  [eakened the bein]
7015D3C1    6720 6279 2032 3025 0A00 0000 0A0B 4368  [g by 20%      Ch]
7015D3C9    616E 6769 6E67 2074 6865 2077 6561 7468  [anging the weath]
7015D3D1    6572 2072 6571 7569 7265 7320 616C 6C20  [er requires all ]
7015D3D9    6F66 2079 6F75 7220 636F 6E63 656E 7472  [of your concentr]
7015D3E1    6174 696F 6E2E 0A00 0A0B 596F 7520 6361  [ation.    You ca]
7015D3E9    6E6E 6F74 2063 6F6E 6365 6E74 7261 7465  [nnot concentrate]
7015D3F1    2077 6869 6C65 2069 6E20 6261 7474 6C65  [ while in battle]
7015D3F9    210A 0000 2073 7472 656E 6774 6820 706F  [!    strength po]
7015D401    696E 7473 2069 6E20 796F 7572 206F 7070  [ints in your opp]
7015D409    6F6E 656E 742E 0A00 0A0B 596F 7520 6465  [onent.    You de]
7015D411    7465 6374 2000 0000 0A0B 596F 7572 2073  [tect      Your s]
7015D419    7065 6C6C 2068 6173 206E 6F20 6566 6665  [pell has no effe]
7015D421    6374 210A 0A0B 596F 7520 646F 206E 6F74  [ct!   You do not]
7015D429    2068 6176 6520 6120 6D61 6769 6320 636C  [ have a magic cl]
7015D431    6F61 6B21 0A00 0000 0A0B 5468 6520 706F  [oak!      The po]
7015D439    7765 7220 6F66 2074 6865 2073 7461 6666  [wer of the staff]
7015D441    206F 6620 6465 6174 6820 6361 6E6E 6F74  [ of death cannot]
7015D449    2062 6520 6465 6665 6E64 6564 2061 6761  [ be defended aga]
7015D451    696E 7374 2E0A 0000 0A0B 5468 6520 706F  [inst.     The po]
7015D459    7765 7220 6F66 2074 6865 2073 7461 6666  [wer of the staff]
7015D461    206F 6620 6465 6174 6820 6861 7320 6265  [ of death has be]
7015D469    656E 2061 7665 7274 6564 2E0A 0A0B 596F  [en averted.   Yo]
7015D471    7520 646F 206E 6F74 206F 776E 2061 2073  [u do not own a s]
7015D479    7461 6666 206F 6620 6465 6174 6821 0A00  [taff of death!  ]
7015D481    0A0B 596F 7520 646F 206E 6F74 206F 776E  [  You do not own]
7015D489    2054 686F 7227 7320 6D61 6769 6320 6861  [ Thor's magic ha]
7015D491    6D6D 6572 210A 0000 0A0B 5468 6520 6661  [mmer!     The fa]
7015D499    6872 656E 6865 6974 2066 6F69 6C65 7220  [hrenheit foiler ]
7015D4A1    6861 7320 6E6F 2065 6666 6563 7421 0A00  [has no effect!  ]
7015D4A9    0A0B 596F 7520 6361 6E6E 6F74 2063 6F6E  [  You cannot con]
7015D4B1    6365 6E74 7261 7465 2077 6869 6C65 2079  [centrate while y]
7015D4B9    6F75 2061 7265 2075 6E64 6572 2061 7474  [ou are under att]
7015D4C1    6163 6B0A 0A0B 5468 6520 4461 726B 204C  [ack   The Dark L]
7015D4C9    6F72 6427 7320 7374 6166 6620 636F 756E  [ord's staff coun]
7015D4D1    7465 7261 6374 7320 7468 6520 6669 656C  [teracts the fiel]
7015D4D9    642E 0A00 0A0B 596F 7520 6361 6E27 7420  [d.    You can't ]
7015D4E1    646F 2074 6861 7420 7769 7468 6F75 7420  [do that without ]
7015D4E9    616E 2069 6E76 6973 6962 696C 6974 7920  [an invisibility ]
7015D4F1    7269 6E67 2E0A 0000 0A0B 596F 7520 646F  [ring.     You do]
7015D4F9    6E27 7420 6F77 6E20 6120 6361 6475 6365  [n't own a caduce]
7015D501    7573 210A 0A0B 596F 7520 6361 6E6E 6F74  [us!   You cannot]
7015D509    2063 616D 6166 6C61 6765 2077 6869 6C65  [ camaflage while]
7015D511    2062 6569 6E67 2061 7474 6163 6B65 6421  [ being attacked!]
7015D519    0A00 0000 0A0B 596F 7520 6361 6E6E 6F74  [      You cannot]
7015D521    2063 6F6E 6365 6E74 7261 7465 2077 6869  [ concentrate whi]
7015D529    6C65 2062 6569 6E67 2061 7474 6163 6B65  [le being attacke]
7015D531    6421 0A00 0A0B 596F 7520 6361 6E6E 6F74  [d!    You cannot]
7015D539    2074 656C 6570 6F72 7420 7768 696C 6520  [ teleport while ]
7015D541    6265 696E 6720 6174 7461 636B 6564 210A  [being attacked! ]
7015D549    0A0B 5468 6520 6C69 6768 746E 696E 6720  [  The lightning ]
7015D551    626F 6C74 2068 6173 206E 6F20 6566 6665  [bolt has no effe]
7015D559    6374 210A 0A0B 4F68 2053 6869 7421 2048  [ct!   Oh Shit! H]
7015D561    6520 646F 6467 6564 2069 7421 0A00 0000  [e dodged it!    ]
7015D569    0A0B 596F 7572 2070 6F77 6572 6675 6C20  [  Your powerful ]
7015D571    6F70 706F 6E65 6E74 206C 6175 6768 7320  [opponent laughs ]
7015D579    6174 2079 6F75 7220 6665 6562 6C65 2061  [at your feeble a]
7015D581    7474 656D 7074 210A 206B 696E 642E 0A00  [ttempt!  kind.  ]
7015D589    0B59 6F75 7220 736B 696C 6C20 6173 2061  [ Your skill as a]
7015D591    2064 7261 676F 6E20 736C 6179 6572 2068  [ dragon slayer h]
7015D599    6173 2067 6976 656E 2079 6F75 2061 6E0A  [as given you an ]
7015D5A1    616C 6C69 616E 6365 2077 6974 6820 7468  [alliance with th]
7015D5A9    6520 0000 2068 6173 2062 6565 6E20 6B69  [e    has been ki]
7015D5B1    6C6C 6564 210A 0000 0B54 6865 2000 0000  [lled!    The    ]
7015D5B9    0A0B 596F 7572 2061 7474 6163 6B20 6861  [  Your attack ha]
7015D5C1    7320 6265 656E 2073 7563 6365 7373 6675  [s been successfu]
7015D5C9    6C6C 7920 646F 6467 6564 0A00 0A0B 4869  [lly dodged    Hi]
7015D5D1    7320 7368 6965 6C64 2070 726F 7465 6374  [s shield protect]
7015D5D9    7320 6869 6D2E 0A00 2073 7472 656E 6774  [s him.   strengt]
7015D5E1    6820 706F 696E 7473 2064 616D 6167 652E  [h points damage.]
7015D5E9    0A00 0000 0A0B 596F 7520 6861 7665 2064  [      You have d]
7015D5F1    6F6E 6520 0A0B 4C6F 7269 6320 6361 6E20  [one   Loric can ]
7015D5F9    6E6F 7420 6265 2061 7474 6163 6B65 6420  [not be attacked ]
7015D601    7769 7468 6F75 7420 7468 6520 7363 6570  [without the scep]
7015D609    746F 7220 6F66 204C 6F72 6963 210A 0000  [tor of Loric!   ]
7015D611    0A0B 416C 6269 6F6E 2063 616E 206E 6F74  [  Albion can not]
7015D619    2062 6520 6174 7461 636B 6564 2077 6974  [ be attacked wit]
7015D621    686F 7574 2074 6865 206D 6167 6963 2073  [hout the magic s]
7015D629    6861 7264 210A 0000 0A0B 5468 6520 7374  [hard!     The st]
7015D631    6166 6620 6F66 2064 6561 7468 2073 7564  [aff of death sud]
7015D639    6465 6E6C 7920 7368 6F6F 7473 2061 6E20  [denly shoots an ]
7015D641    656E 6572 6779 2072 6179 2C20 6B69 6C6C  [energy ray, kill]
7015D649    696E 6720 796F 7572 206F 7070 6F6E 656E  [ing your opponen]
7015D651    742E 0A00 0A0B 5468 6520 7374 6166 6620  [t.    The staff ]
7015D659    6F66 2064 6561 7468 2068 6173 206E 6F20  [of death has no ]
7015D661    6566 6665 6374 2E0A 0A0B 5468 6520 626C  [effect.   The bl]
7015D669    6163 6B20 6B6E 6967 6874 2068 6173 2064  [ack knight has d]
7015D671    6573 7472 6F79 6564 2079 6F75 7220 7377  [estroyed your sw]
7015D679    6F72 642E 0A00 0000 4669 6768 7400 6600  [ord.    Fight f ]
7015D681    4600 1900 0A0B 0A0B 1717 1B00 0D00 0B00  [F               ]
7015D689    4361 7374 0A0B 4869 7420 7370 6163 6520  [Cast  Hit space ]
7015D691    6261 7220 6174 2073 7065 6C6C 2074 6F20  [bar at spell to ]
7015D699    6361 7374 0A00 0000 4361 7374 0A0B 5468  [cast    Cast  Th]
7015D6A1    6572 6520 6E6F 206E 6F6E 2D61 7474 6163  [ere no non-attac]
7015D6A9    6B20 7370 656C 6C73 2061 7661 696C 6162  [k spells availab]
7015D6B1    6C65 2061 7420 7468 6973 2074 696D 652E  [le at this time.]
7015D6B9    0A00 6300 4300 0000 0B42 6172 6761 696E  [  c C    Bargain]
7015D6C1    6200 4200 0A0B 0A0B 0A0B 1717 1700 0000  [b B             ]
7015D6C9    4967 6E6F 7265 6900 4900 0000 0A0B 446F  [Ignorei I     Do]
7015D6D1    2079 6F75 2077 616E 7420 746F 2028 4629  [ you want to (F)]
7015D6D9    2066 6967 6874 2C20 2843 2920 6361 7374  [ fight, (C) cast]
7015D6E1    2C20 2842 2920 6261 7267 6169 6E2C 206F  [, (B) bargain, o]
7015D6E9    7220 2849 2920 6967 6E6F 7265 3F20 0000  [r (I) ignore?   ]
7015D6F1    0B59 6F75 2061 7265 2061 7474 6163 6B69  [ You are attacki]
7015D6F9    6E67 2061 2000 0000 0A0B 446F 2079 6F75  [ng a      Do you]
7015D701    2077 616E 7420 746F 2028 4629 2066 6967  [ want to (F) fig]
7015D709    6874 2C20 2843 2920 6361 7374 2C20 6F72  [ht, (C) cast, or]
7015D711    2028 4929 2069 676E 6F72 653F 2000 2000  [ (I) ignore?    ]
7015D719    0B59 6F75 2061 7265 2061 7474 6163 6B69  [ You are attacki]
7015D721    6E67 2074 6865 2000 206F 6620 7374 7265  [ng the   of stre]
7015D729    6E67 7468 2000 0000 0E2E 2E0F 0E3A 2E0F  [ngth     ..  :. ]
7015D731    0E2E 3A0F 0E20 3A0F 0E3A 200F 1422 2215  [ .:   :  :   "" ]
7015D739    1422 1520 2014 2215 147B 7D15 0E28 290F  [ "    "  {}  () ]
7015D741    003B 3B00 007C 2000 0020 7C00 147C 2F15  [ ;;  |    |  |/ ]
7015D749    145C 7C15 002F 2000 0020 5C00 1C2E 201D  [ \|  /    \  .  ]
7015D751    1C49 491D 0020 2000 1C22 221D 1C77 771D  [ II      ""  ww ]
7015D759    1C57 571D 1C21 211D 1C28 291D 1C66 661D  [ WW  !!  ()  ff ]
7015D761    1C6D 6D1D 1C4D 4D1D 1C2B 2B1D 1C78 201D  [ mm  MM  ++  x  ]
7015D769    002F 2D00 002D 2D00 002D 5C00 005C 2D00  [ /-  --  -\  \- ]
7015D771    002D 2F00 007C 2D00 002D 7C00 2014 2015  [ -/  |-  -|     ]
7015D779    1420 1520 7C14 2015 1420 157C 7C14 5315  [    |      || S ]
7015D781    0023 2000 005B 5D00 0025 2500 2014 2015  [ #   []  %%     ]
7015D789    1420 1520 142F 2015 1420 5C15 0E74 200F  [     /    \  t  ]
7015D791    005F 5E00 005E 5F00 7C14 2015 1420 157C  [ _^  ^_ |      |]
7015D799    1C2A 2A1D 0E7E 7E0F 007C 2D00 002D 7C00  [ **  ~~  |-  -| ]
7015D7A1    002D 2D00 007C 2000 0020 7C00            [ --  |    |     ]

memory_data: 0x7015DD9B 0x7015DD9C
7015DD9B    E278                                     [ x              ]

memory_data: 0x7015DF05 0x7015DF06
7015DF05    E2B8                                     [                ]

memory_data: 0x7015E84F 0x7015E853
7015E84F    0000 0000 0000 0001                      [                ]

memory_data: 0x7015F3DC 0x7015F3DD
7015F3DC    8938                                     [ 8              ]

memory_data: 0x7015F63A 0x7015F63B
7015F63A    CAB8                                     [                ]

memory_data: 0x7015F99F 0x7015FA73
7015F99F    0B0A 0B00 0A0B 466F 7220 686F 7720 6D61  [      For how ma]
7015F9A7    6E79 2074 7572 6E73 3F20 0000 0B4D 6F76  [ny turns?    Mov]
7015F9AF    6520 746F 2074 6865 2045 4153 5400 0000  [e to the EAST   ]
7015F9B7    0B4D 6F76 6520 746F 2074 6865 2057 4553  [ Move to the WES]
7015F9BF    5400 0000 0B4D 6F76 6520 746F 2074 6865  [T    Move to the]
7015F9C7    2053 4F55 5448 0000 0B4D 6F76 6520 746F  [ SOUTH   Move to]
7015F9CF    2074 6865 204E 4F52 5448 0000 0B53 7461  [ the NORTH   Sta]
7015F9D7    7920 6174 2063 7572 7265 6E74 206C 6F63  [y at current loc]
7015F9DF    6174 696F 6E00 7300 5300 6E00 4E00 7700  [ation s S n N w ]
7015F9E7    5700 6500 4500 0000 0B57 6861 7420 6469  [W e E    What di]
7015F9EF    7265 6374 696F 6E20 746F 206D 6F76 653F  [rection to move?]
7015F9F7    2000 0000 0E2E 2E0F 0E3A 2E0F 0E2E 3A0F  [     ..  :.  .: ]
7015F9FF    0E20 3A0F 0E3A 200F 1422 2215 1422 1520  [  :  :   ""  "  ]
7015FA07    2014 2215 147B 7D15 0E28 290F 003B 3B00  [  "  {}  ()  ;; ]
7015FA0F    007C 2000 0020 7C00 147C 2F15 145C 7C15  [ |    |  |/  \| ]
7015FA17    002F 2000 0020 5C00 1C2E 201D 1C49 491D  [ /    \  .   II ]
7015FA1F    0020 2000 1C22 221D 1C77 771D 1C57 571D  [     ""  ww  WW ]
7015FA27    1C21 211D 1C28 291D 1C66 661D 1C6D 6D1D  [ !!  ()  ff  mm ]
7015FA2F    1C4D 4D1D 1C2B 2B1D 1C78 201D 002F 2D00  [ MM  ++  x   /- ]
7015FA37    002D 2D00 002D 5C00 005C 2D00 002D 2F00  [ --  -\  \-  -/ ]
7015FA3F    007C 2D00 002D 7C00 2014 2015 1420 1520  [ |-  -|         ]
7015FA47    7C14 2015 1420 157C 7C14 5315 0023 2000  [|      || S  #  ]
7015FA4F    005B 5D00 0025 2500 2014 2015 1420 1520  [ []  %%         ]
7015FA57    142F 2015 1420 5C15 0E74 200F 005F 5E00  [ /    \  t   _^ ]
7015FA5F    005E 5F00 7C14 2015 1420 157C 1C2A 2A1D  [ ^_ |      | ** ]
7015FA67    0E7E 7E0F 007C 2D00 002D 7C00 002D 2D00  [ ~~  |-  -|  -- ]
7015FA6F    007C 2000 0020 7C00                      [ |    |         ]

memory_data: 0x7015FA78 0x7015FA7C
7015FA78    0000 0000 0000 0000                      [                ]

memory_data: 0x7015FBE6 0x7015FD51
7015FBE6    0000 0B00 0000 0B54 6865 7265 2069 7320  [       There is ]
7015FBEE    6E6F 2072 6F6F 6D20 6C65 6674 210A 0B59  [no room left!  Y]
7015FBF6    6F75 2077 696C 6C20 6861 7665 2074 6F20  [ou will have to ]
7015FBFE    656D 7074 7920 7468 6520 7761 7465 7220  [empty the water ]
7015FC06    736B 696E 0A0B 6265 666F 7265 2079 6F75  [skin  before you]
7015FC0E    2063 616E 2070 7574 2069 7420 696E 2074  [ can put it in t]
7015FC16    6865 2062 6163 6B70 6163 6B0A 0B48 6974  [he backpack  Hit]
7015FC1E    2073 7061 6365 2062 6172 2074 6F20 636F  [ space bar to co]
7015FC26    6E66 6972 6D00 0B59 6F75 2063 616E 206F  [nfirm  You can o]
7015FC2E    6E6C 7920 6361 7272 7920 6F6E 6520 7761  [nly carry one wa]
7015FC36    7465 7220 736B 696E 2069 6E20 796F 7572  [ter skin in your]
7015FC3E    2069 6E76 656E 746F 7279 2100 2000 1B00  [ inventory!     ]
7015FC46    0000 2074 6865 2062 6163 6B70 6163 6B20  [   the backpack ]
7015FC4E    6F72 2065 7363 6170 6520 746F 2065 7869  [or escape to exi]
7015FC56    7400 0B48 6974 2073 7061 6365 2062 6172  [t  Hit space bar]
7015FC5E    2061 7420 6F62 6A65 6374 2074 6F20 6C00  [ at object to l ]
7015FC66    4C00 7461 6B65 2066 726F 6D00 0000 0B54  [L take from    T]
7015FC6E    6865 2062 6163 6B70 6163 6B20 6973 2065  [he backpack is e]
7015FC76    6D70 7479 2100 7400 5400 7075 7420 696E  [mpty! t T put in]
7015FC7E    0000 0B54 6865 2069 6E76 656E 746F 7279  [   The inventory]
7015FC86    2069 7320 656D 7074 7921 7300 5300 0B0A  [ is empty!s S   ]
7015FC8E    0B00 0B44 6F20 796F 7520 7769 7368 2074  [   Do you wish t]
7015FC96    6F20 2853 2920 7374 6F77 2028 4C29 206C  [o (S) stow (L) l]
7015FC9E    6973 7420 6F72 2028 5429 2074 616B 650A  [ist or (T) take ]
7015FCA6    0B73 6F6D 6574 6869 6E67 2066 726F 6D20  [ something from ]
7015FCAE    7468 6520 6261 636B 7061 636B 203F 2000  [the backpack ?  ]
7015FCB6    0000 0B59 6F75 2064 6F20 6E6F 7420 6861  [   You do not ha]
7015FCBE    7665 2061 6E79 2069 6E76 656E 746F 7279  [ve any inventory]
7015FCC6    210A 0B59 6F75 2064 6F20 6E6F 7420 6861  [!  You do not ha]
7015FCCE    7665 2061 2062 6163 6B70 6163 6B21 0A00  [ve a backpack!  ]
7015FCD6    0000 0E2E 2E0F 0E3A 2E0F 0E2E 3A0F 0E20  [   ..  :.  .:   ]
7015FCDE    3A0F 0E3A 200F 1422 2215 1422 1520 2014  [:  :   ""  "    ]
7015FCE6    2215 147B 7D15 0E28 290F 003B 3B00 007C  ["  {}  ()  ;;  |]
7015FCEE    2000 0020 7C00 147C 2F15 145C 7C15 002F  [    |  |/  \|  /]
7015FCF6    2000 0020 5C00 1C2E 201D 1C49 491D 0020  [    \  .   II   ]
7015FCFE    2000 1C22 221D 1C77 771D 1C57 571D 1C21  [   ""  ww  WW  !]
7015FD06    211D 1C28 291D 1C66 661D 1C6D 6D1D 1C4D  [!  ()  ff  mm  M]
7015FD0E    4D1D 1C2B 2B1D 1C78 201D 002F 2D00 002D  [M  ++  x   /-  -]
7015FD16    2D00 002D 5C00 005C 2D00 002D 2F00 007C  [-  -\  \-  -/  |]
7015FD1E    2D00 002D 7C00 2014 2015 1420 1520 7C14  [-  -|         | ]
7015FD26    2015 1420 157C 7C14 5315 0023 2000 005B  [     || S  #   []
7015FD2E    5D00 0025 2500 2014 2015 1420 1520 142F  []  %%          /]
7015FD36    2015 1420 5C15 0E74 200F 005F 5E00 005E  [    \  t   _^  ^]
7015FD3E    5F00 7C14 2015 1420 157C 1C2A 2A1D 0E7E  [_ |      | **  ~]
7015FD46    7E0F 007C 2D00 002D 7C00 002D 2D00 007C  [~  |-  -|  --  |]
7015FD4E    2000 0020 7C00                           [    |           ]

memory_data: 0x70160038 0x70160039
70160038    DB78                                     [ x              ]

memory_data: 0x701600ED 0x701600EE
701600ED    D338                                     [ 8              ]

memory_jump_table: 0x7016018D 0x70160213
70160191 VALID RANGE: [2, 66]
         JUMP TARGETS: 0x701606D5, 0xFFFFFFFF, 0x70160566, 0x70160574, 0x7016063D, 0xFFFFFFFF, 0xFFFFFFFF, 0xFFFFFFFF,
                       0xFFFFFFFF, 0xFFFFFFFF, 0xFFFFFFFF, 0xFFFFFFFF, 0xFFFFFFFF, 0xFFFFFFFF, 0xFFFFFFFF, 0xFFFFFFFF,
                       0xFFFFFFFF, 0xFFFFFFFF, 0xFFFFFFFF, 0xFFFFFFFF, 0xFFFFFFFF, 0xFFFFFFFF, 0xFFFFFFFF, 0xFFFFFFFF,
                       0xFFFFFFFF, 0xFFFFFFFF, 0xFFFFFFFF, 0xFFFFFFFF, 0xFFFFFFFF, 0x701606C7, 0xFFFFFFFF, 0xFFFFFFFF,
                       0x701604D5, 0xFFFFFFFF, 0xFFFFFFFF, 0xFFFFFFFF, 0x701604FA, 0xFFFFFFFF, 0xFFFFFFFF, 0xFFFFFFFF,
                       0x701604E9, 0xFFFFFFFF, 0x701606B9, 0xFFFFFFFF, 0xFFFFFFFF, 0xFFFFFFFF, 0x70160507, 0x701606C7,
                       0x701606C7, 0x70160514, 0x70160687, 0x70160525, 0x70160532, 0x70160695, 0xFFFFFFFF, 0xFFFFFFFF,
                       0x70160679, 0x70160543, 0xFFFFFFFF, 0x7016076C, 0xFFFFFFFF, 0xFFFFFFFF, 0x70160554, 0xFFFFFFFF,
                       0x701606AB

memory_data: 0x70160213 0x7016044F
70160213    0B59 6F75 7220 0000 2069 7320 6E65 6564  [ Your    is need]
7016021B    6564 2074 6F20 7265 6163 6820 6120 6261  [ed to reach a ba]
70160223    7267 6169 6E2E 0A48 6974 2073 7061 6365  [rgain. Hit space]
7016022B    2062 6172 2074 6F20 6261 7267 6169 6E2E  [ bar to bargain.]
70160233    0B57 6561 6C74 6820 6F66 2000 0B59 6F75  [ Wealth of   You]
7016023B    2064 6F6E 2774 2068 6176 6520 656E 6F75  [ don't have enou]
70160243    6768 2077 6561 6C74 6820 746F 2020 6261  [gh wealth to  ba]
7016024B    7267 6169 6E20 7769 7468 2E00 0B59 6F75  [rgain with.  You]
70160253    2064 6F20 6E6F 7420 6861 7665 2061 6E79  [ do not have any]
7016025B    7468 696E 6720 6F66 2069 6E74 6572 6573  [thing of interes]
70160263    742E 0000 0B54 6865 2063 6974 6164 656C  [t.   The citadel]
7016026B    2077 616C 6C20 6361 6E20 6E6F 7720 6265  [ wall can now be]
70160273    2065 6E74 6572 6564 2061 6674 6572 2074  [ entered after t]
7016027B    6865 2067 7561 7264 206D 6F76 6573 2061  [he guard moves a]
70160283    7761 792E 0B48 6520 7769 6C6C 206D 6F76  [way. He will mov]
7016028B    6520 6177 6179 2069 6E20 7065 6163 6520  [e away in peace ]
70160293    696E 2065 7863 6861 6E67 6520 666F 7220  [in exchange for ]
7016029B    796F 7572 204F 6E65 2052 696E 672E 0A0B  [your One Ring.  ]
701602A3    4869 7420 7370 6163 6520 6261 7220 746F  [Hit space bar to]
701602AB    2073 7572 7265 6E64 6F72 2074 6865 204F  [ surrendor the O]
701602B3    6E65 2052 696E 672E 0B48 6520 7769 6C6C  [ne Ring. He will]
701602BB    2067 7261 6E74 2061 6E20 616C 6C69 616E  [ grant an allian]
701602C3    6365 2069 6E20 6578 6368 616E 6765 2066  [ce in exchange f]
701602CB    6F72 2079 6F75 7220 4F6E 6520 5269 6E67  [or your One Ring]
701602D3    2E0A 0B48 6974 2073 7061 6365 2062 6172  [.  Hit space bar]
701602DB    2074 6F20 7375 7272 656E 646F 7220 7468  [ to surrendor th]
701602E3    6520 4F6E 6520 5269 6E67 2E00 0B41 6E20  [e One Ring.  An ]
701602EB    616C 6C69 616E 6365 2077 6974 6820 7468  [alliance with th]
701602F3    6520 6865 616C 6572 2020 6861 7320 6265  [e healer  has be]
701602FB    656E 2067 7261 6E74 6564 2E00 0D17 170B  [en granted.     ]
70160303    4D61 6C64 6F72 6B20 696E 666F 726D 7320  [Maldork informs ]
7016030B    796F 7520 7468 6174 2074 6865 7265 2061  [you that there a]
70160313    7265 2073 6978 2069 6E67 7265 6469 656E  [re six ingredien]
7016031B    7473 0A0B 6E65 6564 6564 2074 6F20 6368  [ts  needed to ch]
70160323    6172 6D20 6120 6661 6D69 6C69 6172 2E20  [arm a familiar. ]
7016032B    204F 6E65 206F 6620 7468 6520 696E 6772  [ One of the ingr]
70160333    6564 6965 6E74 730A 0B69 7320 7468 6520  [edients  is the ]
7016033B    626C 6F6F 6420 6F66 2061 2064 656D 6F6E  [blood of a demon]
70160343    2C20 6275 7420 4D61 6C64 6F72 6B20 6361  [, but Maldork ca]
7016034B    6E6E 6F74 2072 656D 656D 6265 7220 7468  [nnot remember th]
70160353    6520 7265 7374 2E00 2000 0000 0B4D 616C  [e rest.      Mal]
7016035B    646F 726B 2077 616E 7473 2074 6F20 6162  [dork wants to ab]
70160363    736F 7262 2038 3025 206F 6620 796F 7572  [sorb 80% of your]
7016036B    2069 6E74 656C 6C69 6765 6E63 6520 696E  [ intelligence in]
70160373    2065 7863 6861 6E67 650A 0B46 6F72 2074  [ exchange  For t]
7016037B    6865 2073 7065 6C6C 7320 7265 7175 6972  [he spells requir]
70160383    6564 2074 6F20 6D61 6E69 7075 6C61 7465  [ed to manipulate]
7016038B    2061 2066 616D 696C 6961 722E 0A0B 4869  [ a familiar.  Hi]
70160393    7420 7370 6163 6520 6261 7220 746F 2062  [t space bar to b]
7016039B    6172 6761 696E 2077 6974 6820 4D61 6C64  [argain with Mald]
701603A3    6F72 6B2E 0B4E 6F20 6261 7267 6169 6E20  [ork. No bargain ]
701603AB    6361 6E20 706F 7373 6962 6C79 2062 6520  [can possibly be ]
701603B3    7265 6163 6865 642E 0B49 6620 796F 7520  [reached. If you ]
701603BB    6261 636B 2061 7761 792C 2074 6865 2062  [back away, the b]
701603C3    6569 6E67 2077 696C 6C3C 0A09 0909 0909  [eing will<      ]
701603CB    2020 3E20 616C 736F 2062 6163 6B20 6177  [  > also back aw]
701603D3    6179 2E00 0E2E 2E0F 0E3A 2E0F 0E2E 3A0F  [ay.  ..  :.  .: ]
701603DB    0E20 3A0F 0E3A 200F 1422 2215 1422 1520  [  :  :   ""  "  ]
701603E3    2014 2215 147B 7D15 0E28 290F 003B 3B00  [  "  {}  ()  ;; ]
701603EB    007C 2000 0020 7C00 147C 2F15 145C 7C15  [ |    |  |/  \| ]
701603F3    002F 2000 0020 5C00 1C2E 201D 1C49 491D  [ /    \  .   II ]
701603FB    0020 2000 1C22 221D 1C77 771D 1C57 571D  [     ""  ww  WW ]
70160403    1C21 211D 1C28 291D 1C66 661D 1C6D 6D1D  [ !!  ()  ff  mm ]
7016040B    1C4D 4D1D 1C2B 2B1D 1C78 201D 002F 2D00  [ MM  ++  x   /- ]
70160413    002D 2D00 002D 5C00 005C 2D00 002D 2F00  [ --  -\  \-  -/ ]
7016041B    007C 2D00 002D 7C00 2014 2015 1420 1520  [ |-  -|         ]
70160423    7C14 2015 1420 157C 7C14 5315 0023 2000  [|      || S  #  ]
7016042B    005B 5D00 0025 2500 2014 2015 1420 1520  [ []  %%         ]
70160433    142F 2015 1420 5C15 0E74 200F 005F 5E00  [ /    \  t   _^ ]
7016043B    005E 5F00 7C14 2015 1420 157C 1C2A 2A1D  [ ^_ |      | ** ]
70160443    0E7E 7E0F 007C 2D00 002D 7C00 002D 2D00  [ ~~  |-  -|  -- ]
7016044B    007C 2000 0020 7C00                      [ |    |         ]

memory_data: 0x70160769 0x7016076A
70160769    80F8                                     [                ]

memory_data: 0x70160AF9 0x70160AFA
70160AF9    E278                                     [ x              ]

memory_data: 0x70160B17 0x70160B95
70160B17    0B00 0000 0084 0000 0E2E 2E0F 0E3A 2E0F  [         ..  :. ]
70160B1F    0E2E 3A0F 0E20 3A0F 0E3A 200F 1422 2215  [ .:   :  :   "" ]
70160B27    1422 1520 2014 2215 147B 7D15 0E28 290F  [ "    "  {}  () ]
70160B2F    003B 3B00 007C 2000 0020 7C00 147C 2F15  [ ;;  |    |  |/ ]
70160B37    145C 7C15 002F 2000 0020 5C00 1C2E 201D  [ \|  /    \  .  ]
70160B3F    1C49 491D 0020 2000 1C22 221D 1C77 771D  [ II      ""  ww ]
70160B47    1C57 571D 1C21 211D 1C28 291D 1C66 661D  [ WW  !!  ()  ff ]
70160B4F    1C6D 6D1D 1C4D 4D1D 1C2B 2B1D 1C78 201D  [ mm  MM  ++  x  ]
70160B57    002F 2D00 002D 2D00 002D 5C00 005C 2D00  [ /-  --  -\  \- ]
70160B5F    002D 2F00 007C 2D00 002D 7C00 2014 2015  [ -/  |-  -|     ]
70160B67    1420 1520 7C14 2015 1420 157C 7C14 5315  [    |      || S ]
70160B6F    0023 2000 005B 5D00 0025 2500 2014 2015  [ #   []  %%     ]
70160B77    1420 1520 142F 2015 1420 5C15 0E74 200F  [     /    \  t  ]
70160B7F    005F 5E00 005E 5F00 7C14 2015 1420 157C  [ _^  ^_ |      |]
70160B87    1C2A 2A1D 0E7E 7E0F 007C 2D00 002D 7C00  [ **  ~~  |-  -| ]
70160B8F    002D 2D00 007C 2000 0020 7C00            [ --  |    |     ]

memory_data: 0x70160BAF 0x70160BB0
70160BAF    81B8                                     [                ]

memory_data: 0x7016104B 0x7016104C
7016104B    CBF8                                     [                ]

memory_data: 0x701615D0 0x70161693
701615D0    0000 0B00 0000 0084 0000 0B59 6F75 7220  [           Your ]
701615D8    626F 6174 2069 7320 626C 6F63 6B65 6421  [boat is blocked!]
701615E0    0000 0B53 6169 6C20 7900 5900 0B00 0B44  [   Sail y Y    D]
701615E8    6F20 796F 7520 7769 7368 2074 6F20 6469  [o you wish to di]
701615F0    7365 6D62 6172 6B20 3F00 746F 2074 6865  [sembark ? to the]
701615F8    2045 4153 5400 746F 2074 6865 2057 4553  [ EAST to the WES]
70161600    5400 746F 2074 6865 2053 4F55 5448 746F  [T to the SOUTHto]
70161608    2074 6865 204E 4F52 5448 616E 6420 6C65  [ the NORTHand le]
70161610    7420 7468 6520 7769 6E64 2074 616B 6520  [t the wind take ]
70161618    6974 0E2E 2E0F 0E3A 2E0F 0E2E 3A0F 0E20  [it ..  :.  .:   ]
70161620    3A0F 0E3A 200F 1422 2215 1422 1520 2014  [:  :   ""  "    ]
70161628    2215 147B 7D15 0E28 290F 003B 3B00 007C  ["  {}  ()  ;;  |]
70161630    2000 0020 7C00 147C 2F15 145C 7C15 002F  [    |  |/  \|  /]
70161638    2000 0020 5C00 1C2E 201D 1C49 491D 0020  [    \  .   II   ]
70161640    2000 1C22 221D 1C77 771D 1C57 571D 1C21  [   ""  ww  WW  !]
70161648    211D 1C28 291D 1C66 661D 1C6D 6D1D 1C4D  [!  ()  ff  mm  M]
70161650    4D1D 1C2B 2B1D 1C78 201D 002F 2D00 002D  [M  ++  x   /-  -]
70161658    2D00 002D 5C00 005C 2D00 002D 2F00 007C  [-  -\  \-  -/  |]
70161660    2D00 002D 7C00 2014 2015 1420 1520 7C14  [-  -|         | ]
70161668    2015 1420 157C 7C14 5315 0023 2000 005B  [     || S  #   []
70161670    5D00 0025 2500 2014 2015 1420 1520 142F  []  %%          /]
70161678    2015 1420 5C15 0E74 200F 005F 5E00 005E  [    \  t   _^  ^]
70161680    5F00 7C14 2015 1420 157C 1C2A 2A1D 0E7E  [_ |      | **  ~]
70161688    7E0F 007C 2D00 002D 7C00 002D 2D00 007C  [~  |-  -|  --  |]
70161690    2000 0020 7C00                           [    |           ]

memory_data: 0x70161C27 0x70161CBF
70161C27    0B4F 6E65 206F 6620 796F 7572 2063 6174  [ One of your cat]
70161C2F    6170 756C 7473 2068 6173 2062 6565 6E20  [apults has been ]
70161C37    6465 7374 726F 7965 6420 6279 2066 6C61  [destroyed by fla]
70161C3F    6D69 6E67 2061 7272 6F77 7300 0E2E 2E0F  [ming arrows  .. ]
70161C47    0E3A 2E0F 0E2E 3A0F 0E20 3A0F 0E3A 200F  [ :.  .:   :  :  ]
70161C4F    1422 2215 1422 1520 2014 2215 147B 7D15  [ ""  "    "  {} ]
70161C57    0E28 290F 003B 3B00 007C 2000 0020 7C00  [ ()  ;;  |    | ]
70161C5F    147C 2F15 145C 7C15 002F 2000 0020 5C00  [ |/  \|  /    \ ]
70161C67    1C2E 201D 1C49 491D 0020 2000 1C22 221D  [ .   II      "" ]
70161C6F    1C77 771D 1C57 571D 1C21 211D 1C28 291D  [ ww  WW  !!  () ]
70161C77    1C66 661D 1C6D 6D1D 1C4D 4D1D 1C2B 2B1D  [ ff  mm  MM  ++ ]
70161C7F    1C78 201D 002F 2D00 002D 2D00 002D 5C00  [ x   /-  --  -\ ]
70161C87    005C 2D00 002D 2F00 007C 2D00 002D 7C00  [ \-  -/  |-  -| ]
70161C8F    2014 2015 1420 1520 7C14 2015 1420 157C  [        |      |]
70161C97    7C14 5315 0023 2000 005B 5D00 0025 2500  [| S  #   []  %% ]
70161C9F    2014 2015 1420 1520 142F 2015 1420 5C15  [         /    \ ]
70161CA7    0E74 200F 005F 5E00 005E 5F00 7C14 2015  [ t   _^  ^_ |   ]
70161CAF    1420 157C 1C2A 2A1D 0E7E 7E0F 007C 2D00  [   | **  ~~  |- ]
70161CB7    002D 7C00 002D 2D00 007C 2000 0020 7C00  [ -|  --  |    | ]

memory_data: 0x70161FAF 0x70162327
70161FAF    0B00 0000 0084 0000 0A0B 596F 7520 6361  [          You ca]
70161FB7    6E6E 6F74 2063 6861 6E67 6520 7468 6520  [nnot change the ]
70161FBF    7765 6174 6865 7220 7769 7468 6F75 7420  [weather without ]
70161FC7    7468 6520 7072 6F70 6572 2065 7175 6970  [the proper equip]
70161FCF    6D65 6E74 210A 0000 0A0B 596F 7520 6361  [ment!     You ca]
70161FD7    6E6E 6F74 2063 6861 6E67 6520 7468 6520  [nnot change the ]
70161FDF    7765 6174 6865 7220 696E 2061 2063 6176  [weather in a cav]
70161FE7    6521 0A00 0A0B 4368 616E 6769 6E67 2074  [e!    Changing t]
70161FEF    6865 2077 6561 7468 6572 2072 6571 7569  [he weather requi]
70161FF7    7265 7320 616C 6C20 6F66 2079 6F75 7220  [res all of your ]
70161FFF    636F 6E63 656E 7472 6174 696F 6E2E 0A00  [concentration.  ]
70162007    7765 7374 6561 7374 736F 7574 6800 0000  [westeastsouth   ]
7016200F    6E6F 7274 6800 7300 5300 6E00 4E00 7700  [north s S n N w ]
70162017    5700 6500 4500 0000 203F 2000 0A0B 5768  [W e E    ?    Wh]
7016201F    6174 2064 6972 6563 7469 6F6E 2074 6F20  [at direction to ]
70162027    7365 6E64 2000 0000 0A0B 596F 7520 646F  [send      You do]
7016202F    206E 6F74 2068 6176 6520 6120 6661 6D69  [ not have a fami]
70162037    6C69 6172 210A 0000 0A0B 5468 6520 776F  [liar!     The wo]
7016203F    726C 6420 6361 6E6E 6F74 2074 616B 6520  [rld cannot take ]
70162047    616E 7920 6D6F 7265 2066 6F67 2061 7420  [any more fog at ]
7016204F    7468 6973 2074 696D 6521 0A00 0A0B 596F  [this time!    Yo]
70162057    7520 6361 6E6E 6F74 2063 7265 6174 6520  [u cannot create ]
7016205F    6120 666F 6720 696E 2061 2063 6176 6521  [a fog in a cave!]
70162067    0A00 0000 0A0B 596F 7520 646F 206E 6F74  [      You do not]
7016206F    2068 6176 6520 6120 6D61 6769 6320 636C  [ have a magic cl]
70162077    6F61 6B21 0A00 0000 0A0B 5468 6520 4461  [oak!      The Da]
7016207F    726B 204C 6F72 6427 7320 7374 6166 6620  [rk Lord's staff ]
70162087    636F 756E 7465 7261 6374 7320 7468 6520  [counteracts the ]
7016208F    6669 656C 6421 0A00 0A0B 4361 6D61 666C  [field!    Camafl]
70162097    6167 6520 6861 7320 6E6F 2065 6666 6563  [age has no effec]
7016209F    7420 6F75 7473 6964 6520 6569 7468 6572  [t outside either]
701620A7    2061 2066 6F72 6573 742C 206D 6F75 6E74  [ a forest, mount]
701620AF    6169 6E2C 206F 7220 666F 6F74 2068 696C  [ain, or foot hil]
701620B7    6C2E 0A00 0A0B 5468 6174 2063 6173 746C  [l.    That castl]
701620BF    6520 6973 2063 7572 7265 6E74 6C79 206F  [e is currently o]
701620C7    6363 7570 6965 6421 0A00 0000 0A0B 5768  [ccupied!      Wh]
701620CF    6174 2063 6173 746C 6520 746F 2074 656C  [at castle to tel]
701620D7    6570 6F72 7420 746F 203F 2000 0A0B 596F  [eport to ?    Yo]
701620DF    7520 6361 6E6E 6F74 2074 656C 6570 6F72  [u cannot telepor]
701620E7    7420 7769 7468 2074 6865 2070 7269 6E63  [t with the princ]
701620EF    6573 7321 0A00 0000 0A0B 5465 6C65 706F  [ess!      Telepo]
701620F7    7274 696E 6720 646F 6573 206E 6F74 2068  [rting does not h]
701620FF    6176 6520 616E 7920 6166 6665 6374 210A  [ave any affect! ]
70162107    0A0B 596F 7520 6361 6E6E 6F74 2074 656C  [  You cannot tel]
7016210F    6570 6F72 7420 7768 696C 6520 6361 7272  [eport while carr]
70162117    7969 6E67 2074 6865 2044 6172 6B20 4C6F  [ying the Dark Lo]
7016211F    7264 2773 2053 7461 6666 210A 0A0B 596F  [rd's Staff!   Yo]
70162127    7520 6361 6E6E 6F74 2074 656C 6570 6F72  [u cannot telepor]
7016212F    7420 7768 696C 6520 696E 2062 6174 746C  [t while in battl]
70162137    6521 0A00 0A0B 596F 7520 6361 6E6E 6F74  [e!    You cannot]
7016213F    2074 656C 6570 6F72 7420 7769 7468 6F75  [ teleport withou]
70162147    7420 6120 7472 616E 7370 6F72 7420 7269  [t a transport ri]
7016214F    6E67 210A 0000 0000 4D41 4C44 4F52 4B00  [ng!     MALDORK ]
70162157    4252 4953 544C 4500 414C 4249 4F4E 0000  [BRISTLE ALBION  ]
7016215F    4341 5252 4F4E 4500 5445 5252 414B 0000  [CARRONE TERRAK  ]
70162167    0A0B 5768 6F2F 7768 6174 2064 6F20 796F  [  Who/what do yo]
7016216F    7520 7769 7368 2074 6F20 636F 6E63 656E  [u wish to concen]
70162177    7472 6174 6520 6F6E 203F 2000 0A0B 5468  [trate on ?    Th]
7016217F    6520 7370 656C 6C20 6861 7320 6E6F 2065  [e spell has no e]
70162187    6666 6563 7420 7769 7468 6F75 7420 6120  [ffect without a ]
7016218F    6372 7973 7461 6C20 6261 6C6C 210A 0000  [crystal ball!   ]
70162197    0A0B 596F 7520 6361 6E6E 6F74 2063 7265  [  You cannot cre]
7016219F    6174 6520 6120 626F 6174 2075 6E6C 6573  [ate a boat unles]
701621A7    7320 796F 7520 6172 6520 696E 2073 6861  [s you are in sha]
701621AF    6C6C 6F77 2077 6174 6572 210A 0A0B 5468  [llow water!   Th]
701621B7    6520 7370 656C 6C20 6861 7320 6E6F 2065  [e spell has no e]
701621BF    6666 6563 7420 7768 696C 6520 6F6E 2061  [ffect while on a]
701621C7    2070 6567 6173 7573 210A 0000 0A0B 5468  [ pegasus!     Th]
701621CF    6520 7370 656C 6C20 6861 7320 6E6F 2065  [e spell has no e]
701621D7    6666 6563 7420 7769 7468 6F75 7420 616E  [ffect without an]
701621DF    2069 6E76 6973 6962 696C 6974 7920 7269  [ invisibility ri]
701621E7    6E67 210A 0A0B 596F 7520 6361 6E6E 6F74  [ng!   You cannot]
701621EF    2063 6F6E 6365 6E74 7261 7465 2077 6869  [ concentrate whi]
701621F7    6C65 2069 6E20 6261 7474 6C65 210A 0000  [le in battle!   ]
701621FF    0A0B 596F 7520 6361 6E6E 6F74 2064 6F20  [  You cannot do ]
70162207    7468 6174 2077 6974 686F 7574 206F 776E  [that without own]
7016220F    696E 6720 6120 6361 6475 6365 7573 210A  [ing a caduceus! ]
70162217    0A0B 5468 6520 4461 726B 204C 6F72 6427  [  The Dark Lord']
7016221F    7320 7374 6166 6620 636F 756E 7465 7261  [s staff countera]
70162227    6374 7320 7468 6520 7374 7265 6E67 7468  [cts the strength]
7016222F    206F 6620 6174 6C61 7321 0A00 0A0B 4974  [ of atlas!    It]
70162237    2069 7320 746F 6F20 636F 6E66 696E 6564  [ is too confined]
7016223F    2074 6F20 7275 6E20 696E 2061 2063 6176  [ to run in a cav]
70162247    6521 0A00 1900 0000 0A0B 0A0B 1717 1B00  [e!              ]
7016224F    0D00 0B00 2000 0000 170B 4869 7420 7370  [          Hit sp]
70162257    6163 6520 6261 7220 6174 2073 7065 6C6C  [ace bar at spell]
7016225F    2074 6F20 6361 7374 2C20 6573 6361 7065  [ to cast, escape]
70162267    206B 6579 2074 6F20 6578 6974 2C0A 0B62  [ key to exit,  b]
7016226F    6163 6B20 6172 726F 7720 666F 7220 7072  [ack arrow for pr]
70162277    6576 696F 7573 2073 7065 6C6C 2C20 616E  [evious spell, an]
7016227F    7974 6869 6E67 2065 6C73 6520 746F 2067  [ything else to g]
70162287    6574 206E 6578 7420 7370 656C 6C0A 0000  [et next spell   ]
7016228F    170B 5468 6572 6520 6172 6520 6E6F 206E  [  There are no n]
70162297    6F6E 2D61 7474 6163 6B20 7370 656C 6C73  [on-attack spells]
7016229F    2061 7661 696C 6162 6C65 2061 7420 7468  [ available at th]
701622A7    6973 2074 696D 652E 0A00 0000 0E2E 2E0F  [is time.     .. ]
701622AF    0E3A 2E0F 0E2E 3A0F 0E20 3A0F 0E3A 200F  [ :.  .:   :  :  ]
701622B7    1422 2215 1422 1520 2014 2215 147B 7D15  [ ""  "    "  {} ]
701622BF    0E28 290F 003B 3B00 007C 2000 0020 7C00  [ ()  ;;  |    | ]
701622C7    147C 2F15 145C 7C15 002F 2000 0020 5C00  [ |/  \|  /    \ ]
701622CF    1C2E 201D 1C49 491D 0020 2000 1C22 221D  [ .   II      "" ]
701622D7    1C77 771D 1C57 571D 1C21 211D 1C28 291D  [ ww  WW  !!  () ]
701622DF    1C66 661D 1C6D 6D1D 1C4D 4D1D 1C2B 2B1D  [ ff  mm  MM  ++ ]
701622E7    1C78 201D 002F 2D00 002D 2D00 002D 5C00  [ x   /-  --  -\ ]
701622EF    005C 2D00 002D 2F00 007C 2D00 002D 7C00  [ \-  -/  |-  -| ]
701622F7    2014 2015 1420 1520 7C14 2015 1420 157C  [        |      |]
701622FF    7C14 5315 0023 2000 005B 5D00 0025 2500  [| S  #   []  %% ]
70162307    2014 2015 1420 1520 142F 2015 1420 5C15  [         /    \ ]
7016230F    0E74 200F 005F 5E00 005E 5F00 7C14 2015  [ t   _^  ^_ |   ]
70162317    1420 157C 1C2A 2A1D 0E7E 7E0F 007C 2D00  [   | **  ~~  |- ]
7016231F    002D 7C00 002D 2D00 007C 2000 0020 7C00  [ -|  --  |    | ]

memory_data: 0x70162444 0x70162448
70162444    0000 0000 0000 0001                      [                ]

memory_data: 0x70162A6E 0x70162A6F
70162A6E    8238                                     [ 8              ]

memory_data: 0x70162D00 0x70162D01
70162D00    8238                                     [ 8              ]

memory_data: 0x70163307 0x70163308
70163307    CA78                                     [ x              ]

memory_data: 0x701637A6 0x7016389D
701637A6    0000 210A 0000 0A0B 596F 7520 616C 7265  [  !     You alre]
701637AE    6164 7920 6861 7665 2000 0A0B 596F 7520  [ady have    You ]
701637B6    6361 6E27 7420 6361 7272 7920 616E 7974  [can't carry anyt]
701637BE    6869 6E67 206D 6F72 6521 0A00 0000 0A0B  [hing more!      ]
701637C6    596F 7520 616C 7265 6164 7920 6861 7665  [You already have]
701637CE    2061 726D 6F72 210A 0000 0B0A 596F 7520  [ armor!     You ]
701637D6    6361 6E20 6F6E 6C79 2074 6F77 206F 6E65  [can only tow one]
701637DE    2063 6174 6170 756C 7421 0A00 2000 0B48  [ catapult!     H]
701637E6    6974 2073 7061 6365 2062 6172 2074 6F20  [it space bar to ]
701637EE    7461 6B65 2074 6865 2000 0B59 6F75 2062  [take the   You b]
701637F6    6573 7420 7365 6520 796F 7572 2052 6F79  [est see your Roy]
701637FE    616C 2041 6363 6F75 6E74 616E 742E 0B48  [al Accountant. H]
70163806    6F77 206D 7563 6820 3F20 7900 5900 1B00  [ow much ? y Y   ]
7016380E    0000 203F 2000 0B44 6F20 796F 7520 7769  [   ?   Do you wi]
70163816    7368 2074 6F20 7461 6B65 2061 6E79 206F  [sh to take any o]
7016381E    6620 7468 6520 2420 0000 0E2E 2E0F 0E3A  [f the $    ..  :]
70163826    2E0F 0E2E 3A0F 0E20 3A0F 0E3A 200F 1422  [.  .:   :  :   "]
7016382E    2215 1422 1520 2014 2215 147B 7D15 0E28  ["  "    "  {}  (]
70163836    290F 003B 3B00 007C 2000 0020 7C00 147C  [)  ;;  |    |  |]
7016383E    2F15 145C 7C15 002F 2000 0020 5C00 1C2E  [/  \|  /    \  .]
70163846    201D 1C49 491D 0020 2000 1C22 221D 1C77  [   II      ""  w]
7016384E    771D 1C57 571D 1C21 211D 1C28 291D 1C66  [w  WW  !!  ()  f]
70163856    661D 1C6D 6D1D 1C4D 4D1D 1C2B 2B1D 1C78  [f  mm  MM  ++  x]
7016385E    201D 002F 2D00 002D 2D00 002D 5C00 005C  [   /-  --  -\  \]
70163866    2D00 002D 2F00 007C 2D00 002D 7C00 2014  [-  -/  |-  -|   ]
7016386E    2015 1420 1520 7C14 2015 1420 157C 7C14  [      |      || ]
70163876    5315 0023 2000 005B 5D00 0025 2500 2014  [S  #   []  %%   ]
7016387E    2015 1420 1520 142F 2015 1420 5C15 0E74  [       /    \  t]
70163886    200F 005F 5E00 005E 5F00 7C14 2015 1420  [   _^  ^_ |     ]
7016388E    157C 1C2A 2A1D 0E7E 7E0F 007C 2D00 002D  [ | **  ~~  |-  -]
70163896    7C00 002D 2D00 007C 2000 0020 7C00       [|  --  |    |   ]

memory_data: 0x701638A2 0x701638A6
701638A2    0000 0000 0000 0000                      [                ]

memory_data: 0x70163CF3 0x70163CF4
70163CF3    D938                                     [ 8              ]

memory_data: 0x70163D68 0x70163FD3
70163D68    0000 0A0B 596F 7520 6361 6E6E 6F74 2063  [    You cannot c]
70163D70    7265 6174 6520 6120 666F 6720 696E 2061  [reate a fog in a]
70163D78    2063 6176 6521 0A00 0000 0A0B 596F 7520  [ cave!      You ]
70163D80    6861 7665 2077 6561 6B65 6E65 6420 7468  [have weakened th]
70163D88    6520 6265 696E 6720 6279 2032 3025 0A00  [e being by 20%  ]
70163D90    0000 0A0B 596F 7520 6361 6E6E 6F74 2062  [    You cannot b]
70163D98    6520 696E 2061 2063 6176 6520 7768 656E  [e in a cave when]
70163DA0    2063 6861 6E67 696E 6720 7468 6520 7765  [ changing the we]
70163DA8    6174 6865 722E 0A00 0000 2073 7472 656E  [ather.     stren]
70163DB0    6774 6820 706F 696E 7473 2069 6E20 796F  [gth points in yo]
70163DB8    7572 206F 7070 6F6E 656E 742E 0A00 0A0B  [ur opponent.    ]
70163DC0    596F 7520 6465 7465 6374 2000 0000 0A0B  [You detect      ]
70163DC8    596F 7520 646F 206E 6F74 2068 6176 6520  [You do not have ]
70163DD0    6120 6D61 6769 6320 636C 6F61 6B21 0A00  [a magic cloak!  ]
70163DD8    0000 0A0B 5468 6520 706F 7765 7220 6F66  [    The power of]
70163DE0    2074 6865 2073 7461 6666 206F 6620 6465  [ the staff of de]
70163DE8    6174 6820 6361 6E6E 6F74 2062 6520 6465  [ath cannot be de]
70163DF0    6665 6E64 6564 2061 6761 696E 7374 2E0A  [fended against. ]
70163DF8    0000 0A0B 596F 7520 646F 206E 6F74 206F  [    You do not o]
70163E00    776E 2061 2073 7461 6666 206F 6620 6465  [wn a staff of de]
70163E08    6174 6821 0A00 0A09 596F 7520 646F 206E  [ath!    You do n]
70163E10    6F74 206F 776E 2054 686F 7227 7320 6D61  [ot own Thor's ma]
70163E18    6769 6320 6861 6D6D 6572 210A 0000 0A0B  [gic hammer!     ]
70163E20    596F 7520 6361 6E6E 6F74 2063 6F6E 6365  [You cannot conce]
70163E28    6E74 7261 7465 2077 6869 6C65 2079 6F75  [ntrate while you]
70163E30    2061 7265 2075 6E64 6572 2061 7474 6163  [ are under attac]
70163E38    6B0A 0A0B 596F 7520 6361 6E6E 6F74 2074  [k   You cannot t]
70163E40    656C 6570 6F72 7420 7768 696C 6520 6265  [eleport while be]
70163E48    696E 6720 6174 7461 636B 6564 210A 0A0B  [ing attacked!   ]
70163E50    4974 2069 7320 746F 6F20 636F 6E66 696E  [It is too confin]
70163E58    6564 2074 6F20 7275 6E20 696E 2061 2063  [ed to run in a c]
70163E60    6176 6521 0A00 206B 696E 642E 0000 0B59  [ave!   kind.   Y]
70163E68    6F75 7220 736B 696C 6C20 6173 2061 2064  [our skill as a d]
70163E70    7261 676F 6E20 736C 6179 6572 2068 6173  [ragon slayer has]
70163E78    2067 6976 656E 2079 6F75 2061 6E20 616C  [ given you an al]
70163E80    6C69 616E 6365 2077 6974 6820 7468 6520  [liance with the ]
70163E88    0000 2068 6173 2062 6565 6E20 6B69 6C6C  [   has been kill]
70163E90    6564 210A 0000 0B54 6865 2000 0000 0A0B  [ed!    The      ]
70163E98    596F 7572 2061 7474 6163 6B20 6861 7320  [Your attack has ]
70163EA0    6265 656E 2073 7563 6365 7373 6675 6C6C  [been successfull]
70163EA8    7920 646F 6467 6564 0A00 2073 7472 656E  [y dodged   stren]
70163EB0    6774 6820 706F 696E 7473 2064 616D 6167  [gth points damag]
70163EB8    652E 0A00 0000 0A0B 596F 7520 6861 7665  [e.      You have]
70163EC0    2064 6F6E 6520 0A0B 5468 6520 7374 6166  [ done   The staf]
70163EC8    6620 6F66 2064 6561 7468 2073 7564 6465  [f of death sudde]
70163ED0    6E6C 7920 7368 6F6F 7473 2061 6E20 656E  [nly shoots an en]
70163ED8    6572 6779 2072 6179 2C20 6B69 6C6C 696E  [ergy ray, killin]
70163EE0    6720 796F 7572 206F 7070 6F6E 656E 742E  [g your opponent.]
70163EE8    0A00 4669 6768 7400 6600 4600 0000 0B54  [  Fight f F    T]
70163EF0    6865 7265 2061 7265 6E27 7420 616E 7920  [here aren't any ]
70163EF8    6176 6169 6C61 626C 6520 7370 656C 6C73  [available spells]
70163F00    2E00 0A0B 0A0B 1717 2000 0D00 0B00 4361  [.             Ca]
70163F08    7374 0A0B 4869 7420 7370 6163 6520 6261  [st  Hit space ba]
70163F10    7220 6174 2073 7065 6C6C 2074 6F20 6361  [r at spell to ca]
70163F18    7374 0A00 6300 4300 0000 0A0B 0A0B 0A0B  [st  c C         ]
70163F20    1717 1700 0000 4967 6E6F 7265 6900 4900  [      Ignorei I ]
70163F28    0000 0A0B 446F 2079 6F75 2077 616E 7420  [    Do you want ]
70163F30    746F 2028 4629 2066 6967 6874 2C20 2843  [to (F) fight, (C]
70163F38    2920 6361 7374 2C20 6F72 2028 4929 2069  [) cast, or (I) i]
70163F40    676E 6F72 653F 2000 0000 0B59 6F75 2061  [gnore?     You a]
70163F48    7265 2061 7474 6163 6B69 6E67 2061 2000  [re attacking a  ]
70163F50    0000 206F 6620 7374 7265 6E67 7468 2000  [   of strength  ]
70163F58    0000 0E2E 2E0F 0E3A 2E0F 0E2E 3A0F 0E20  [   ..  :.  .:   ]
70163F60    3A0F 0E3A 200F 1422 2215 1422 1520 2014  [:  :   ""  "    ]
70163F68    2215 147B 7D15 0E28 290F 003B 3B00 007C  ["  {}  ()  ;;  |]
70163F70    2000 0020 7C00 147C 2F15 145C 7C15 002F  [    |  |/  \|  /]
70163F78    2000 0020 5C00 1C2E 201D 1C49 491D 0020  [    \  .   II   ]
70163F80    2000 1C22 221D 1C77 771D 1C57 571D 1C21  [   ""  ww  WW  !]
70163F88    211D 1C28 291D 1C66 661D 1C6D 6D1D 1C4D  [!  ()  ff  mm  M]
70163F90    4D1D 1C2B 2B1D 1C78 201D 002F 2D00 002D  [M  ++  x   /-  -]
70163F98    2D00 002D 5C00 005C 2D00 002D 2F00 007C  [-  -\  \-  -/  |]
70163FA0    2D00 002D 7C00 2014 2015 1420 1520 7C14  [-  -|         | ]
70163FA8    2015 1420 157C 7C14 5315 0023 2000 005B  [     || S  #   []
70163FB0    5D00 0025 2500 2014 2015 1420 1520 142F  []  %%          /]
70163FB8    2015 1420 5C15 0E74 200F 005F 5E00 005E  [    \  t   _^  ^]
70163FC0    5F00 7C14 2015 1420 157C 1C2A 2A1D 0E7E  [_ |      | **  ~]
70163FC8    7E0F 007C 2D00 002D 7C00 002D 2D00 007C  [~  |-  -|  --  |]
70163FD0    2000 0020 7C00                           [    |           ]

memory_data: 0x7016432F 0x70164330
7016432F    E2B8                                     [                ]

memory_data: 0x70164CE1 0x70164D5B
70164CE1    0E2E 2E0F 0E3A 2E0F 0E2E 3A0F 0E20 3A0F  [ ..  :.  .:   : ]
70164CE9    0E3A 200F 1422 2215 1422 1520 2014 2215  [ :   ""  "    " ]
70164CF1    147B 7D15 0E28 290F 003B 3B00 007C 2000  [ {}  ()  ;;  |  ]
70164CF9    0020 7C00 147C 2F15 145C 7C15 002F 2000  [  |  |/  \|  /  ]
70164D01    0020 5C00 1C2E 201D 1C49 491D 0020 2000  [  \  .   II     ]
70164D09    1C22 221D 1C77 771D 1C57 571D 1C21 211D  [ ""  ww  WW  !! ]
70164D11    1C28 291D 1C66 661D 1C6D 6D1D 1C4D 4D1D  [ ()  ff  mm  MM ]
70164D19    1C2B 2B1D 1C78 201D 002F 2D00 002D 2D00  [ ++  x   /-  -- ]
70164D21    002D 5C00 005C 2D00 002D 2F00 007C 2D00  [ -\  \-  -/  |- ]
70164D29    002D 7C00 2014 2015 1420 1520 7C14 2015  [ -|         |   ]
70164D31    1420 157C 7C14 5315 0023 2000 005B 5D00  [   || S  #   [] ]
70164D39    0025 2500 2014 2015 1420 1520 142F 2015  [ %%          /  ]
70164D41    1420 5C15 0E74 200F 005F 5E00 005E 5F00  [  \  t   _^  ^_ ]
70164D49    7C14 2015 1420 157C 1C2A 2A1D 0E7E 7E0F  [|      | **  ~~ ]
70164D51    007C 2D00 002D 7C00 002D 2D00 007C 2000  [ |-  -|  --  |  ]
70164D59    0020 7C00                                [  |             ]

memory_data: 0x70165004 0x7016509F
70165004    0000 0B00 0000 0084 2022 2220 5F5C 2F5F  [         "" _\/_]
7016500C    7C53 5F7C 7C5F 5F20 205F 0C00 0A0A 4369  [|S_||__  _    Ci]
70165014    7479 206F 6620 0A00 0000 0B00 0000 4669  [ty of         Fi]
7016501C    6C65 206E 616D 6520 666F 7220 6D61 703A  [le name for map:]
70165024    2000 0E2E 2E0F 0E3A 2E0F 0E2E 3A0F 0E20  [   ..  :.  .:   ]
7016502C    3A0F 0E3A 200F 1422 2215 1422 1520 2014  [:  :   ""  "    ]
70165034    2215 147B 7D15 0E28 290F 003B 3B00 007C  ["  {}  ()  ;;  |]
7016503C    2000 0020 7C00 147C 2F15 145C 7C15 002F  [    |  |/  \|  /]
70165044    2000 0020 5C00 1C2E 201D 1C49 491D 0020  [    \  .   II   ]
7016504C    2000 1C22 221D 1C77 771D 1C57 571D 1C21  [   ""  ww  WW  !]
70165054    211D 1C28 291D 1C66 661D 1C6D 6D1D 1C4D  [!  ()  ff  mm  M]
7016505C    4D1D 1C2B 2B1D 1C78 201D 002F 2D00 002D  [M  ++  x   /-  -]
70165064    2D00 002D 5C00 005C 2D00 002D 2F00 007C  [-  -\  \-  -/  |]
7016506C    2D00 002D 7C00 2014 2015 1420 1520 7C14  [-  -|         | ]
70165074    2015 1420 157C 7C14 5315 0023 2000 005B  [     || S  #   []
7016507C    5D00 0025 2500 2014 2015 1420 1520 142F  []  %%          /]
70165084    2015 1420 5C15 0E74 200F 005F 5E00 005E  [    \  t   _^  ^]
7016508C    5F00 7C14 2015 1420 157C 1C2A 2A1D 0E7E  [_ |      | **  ~]
70165094    7E0F 007C 2D00 002D 7C00 002D 2D00 007C  [~  |-  -|  --  |]
7016509C    2000 0020 7C00                           [    |           ]

memory_data: 0x7016529D 0x7016529E
7016529D    82B8                                     [                ]

memory_data: 0x7016557C 0x7016557D
7016557C    81B8                                     [                ]

memory_data: 0x70165698 0x70165713
70165698    0000 0E2E 2E0F 0E3A 2E0F 0E2E 3A0F 0E20  [   ..  :.  .:   ]
701656A0    3A0F 0E3A 200F 1422 2215 1422 1520 2014  [:  :   ""  "    ]
701656A8    2215 147B 7D15 0E28 290F 003B 3B00 007C  ["  {}  ()  ;;  |]
701656B0    2000 0020 7C00 147C 2F15 145C 7C15 002F  [    |  |/  \|  /]
701656B8    2000 0020 5C00 1C2E 201D 1C49 491D 0020  [    \  .   II   ]
701656C0    2000 1C22 221D 1C77 771D 1C57 571D 1C21  [   ""  ww  WW  !]
701656C8    211D 1C28 291D 1C66 661D 1C6D 6D1D 1C4D  [!  ()  ff  mm  M]
701656D0    4D1D 1C2B 2B1D 1C78 201D 002F 2D00 002D  [M  ++  x   /-  -]
701656D8    2D00 002D 5C00 005C 2D00 002D 2F00 007C  [-  -\  \-  -/  |]
701656E0    2D00 002D 7C00 2014 2015 1420 1520 7C14  [-  -|         | ]
701656E8    2015 1420 157C 7C14 5315 0023 2000 005B  [     || S  #   []
701656F0    5D00 0025 2500 2014 2015 1420 1520 142F  []  %%          /]
701656F8    2015 1420 5C15 0E74 200F 005F 5E00 005E  [    \  t   _^  ^]
70165700    5F00 7C14 2015 1420 157C 1C2A 2A1D 0E7E  [_ |      | **  ~]
70165708    7E0F 007C 2D00 002D 7C00 002D 2D00 007C  [~  |-  -|  --  |]
70165710    2000 0020 7C00                           [    |           ]

memory_data: 0x7016572B 0x70165863
7016572B    2E0A 0B59 6F75 2068 6176 6520 7375 6363  [.  You have succ]
70165733    6573 7366 756C 6C79 2064 6F64 6765 6420  [essfully dodged ]
7016573B    7468 6520 6174 7461 636B 2E0A 2068 6173  [the attack.  has]
70165743    2064 6F6E 6520 6177 6179 2077 6974 6820  [ done away with ]
7016574B    796F 7521 0A00 0000 5468 6520 0B59 6F75  [you!    The  You]
70165753    7220 7375 7065 7262 2063 6F6E 7374 6974  [r superb constit]
7016575B    7574 696F 6E20 736F 6674 656E 7320 7468  [ution softens th]
70165763    6520 626C 6F77 0A00 2073 7472 656E 6774  [e blow   strengt]
7016576B    6820 706F 696E 7473 210A 0000 2E0A 0B59  [h points!   .  Y]
70165773    6F75 2068 6176 6520 6265 656E 2068 6974  [ou have been hit]
7016577B    2077 6974 6820 0000 2E0A 0B59 6F75 2068  [ with   .  You h]
70165783    6176 6520 6265 656E 2074 656C 6570 6F72  [ave been telepor]
7016578B    7465 6421 0A00 0000 2069 6E74 656C 6C69  [ted!     intelli]
70165793    6765 6E63 6520 706F 696E 7473 2068 6176  [gence points hav]
7016579B    6520 6265 656E 2061 6273 6F72 6265 642E  [e been absorbed.]
701657A3    0A00 0000 2E0A 0B00 2E0A 0B41 2072 6564  [    .   .  A red]
701657AB    2063 6C6F 7564 206F 6620 736D 6F6B 6520  [ cloud of smoke ]
701657B3    6170 7065 6172 7320 616E 6420 7468 6520  [appears and the ]
701657BB    7072 696E 6365 7373 2076 616E 6973 6865  [princess vanishe]
701657C3    7321 0A00 2E0A 0B59 6F75 7220 7368 6965  [s!  .  Your shie]
701657CB    6C64 2070 726F 7465 6374 7320 796F 7521  [ld protects you!]
701657D3    0A00 0000 0B59 6F75 2068 6176 6520 656E  [     You have en]
701657DB    636F 756E 7465 7265 6420 6120 206F 6620  [countered a  of ]
701657E3    7374 7265 6E67 7468 2000 0000 0E2E 2E0F  [strength     .. ]
701657EB    0E3A 2E0F 0E2E 3A0F 0E20 3A0F 0E3A 200F  [ :.  .:   :  :  ]
701657F3    1422 2215 1422 1520 2014 2215 147B 7D15  [ ""  "    "  {} ]
701657FB    0E28 290F 003B 3B00 007C 2000 0020 7C00  [ ()  ;;  |    | ]
70165803    147C 2F15 145C 7C15 002F 2000 0020 5C00  [ |/  \|  /    \ ]
7016580B    1C2E 201D 1C49 491D 0020 2000 1C22 221D  [ .   II      "" ]
70165813    1C77 771D 1C57 571D 1C21 211D 1C28 291D  [ ww  WW  !!  () ]
7016581B    1C66 661D 1C6D 6D1D 1C4D 4D1D 1C2B 2B1D  [ ff  mm  MM  ++ ]
70165823    1C78 201D 002F 2D00 002D 2D00 002D 5C00  [ x   /-  --  -\ ]
7016582B    005C 2D00 002D 2F00 007C 2D00 002D 7C00  [ \-  -/  |-  -| ]
70165833    2014 2015 1420 1520 7C14 2015 1420 157C  [        |      |]
7016583B    7C14 5315 0023 2000 005B 5D00 0025 2500  [| S  #   []  %% ]
70165843    2014 2015 1420 1520 142F 2015 1420 5C15  [         /    \ ]
7016584B    0E74 200F 005F 5E00 005E 5F00 7C14 2015  [ t   _^  ^_ |   ]
70165853    1420 157C 1C2A 2A1D 0E7E 7E0F 007C 2D00  [   | **  ~~  |- ]
7016585B    002D 7C00 002D 2D00 007C 2000 0020 7C00  [ -|  --  |    | ]

memory_data: 0x70165F8F 0x7016603D
70165F8F    0A54 6865 7265 2069 7320 6120 7075 6666  [ There is a puff]
70165F97    2061 206F 7261 6E67 6520 736D 6F6B 6520  [ a orange smoke ]
70165F9F    2873 6F75 6E64 2066 616D 696C 6961 7229  [(sound familiar)]
70165FA7    2061 6E64 2079 6F75 2061 7265 2072 6569  [ and you are rei]
70165FAF    6E63 6172 6E61 7465 6421 0A0A 0A42 6574  [ncarnated!   Bet]
70165FB7    7465 7220 6C75 636B 206E 6578 7420 7469  [ter luck next ti]
70165FBF    6D65 2100 0C0A 0A00 0E2E 2E0F 0E3A 2E0F  [me!      ..  :. ]
70165FC7    0E2E 3A0F 0E20 3A0F 0E3A 200F 1422 2215  [ .:   :  :   "" ]
70165FCF    1422 1520 2014 2215 147B 7D15 0E28 290F  [ "    "  {}  () ]
70165FD7    003B 3B00 007C 2000 0020 7C00 147C 2F15  [ ;;  |    |  |/ ]
70165FDF    145C 7C15 002F 2000 0020 5C00 1C2E 201D  [ \|  /    \  .  ]
70165FE7    1C49 491D 0020 2000 1C22 221D 1C77 771D  [ II      ""  ww ]
70165FEF    1C57 571D 1C21 211D 1C28 291D 1C66 661D  [ WW  !!  ()  ff ]
70165FF7    1C6D 6D1D 1C4D 4D1D 1C2B 2B1D 1C78 201D  [ mm  MM  ++  x  ]
70165FFF    002F 2D00 002D 2D00 002D 5C00 005C 2D00  [ /-  --  -\  \- ]
70166007    002D 2F00 007C 2D00 002D 7C00 2014 2015  [ -/  |-  -|     ]
7016600F    1420 1520 7C14 2015 1420 157C 7C14 5315  [    |      || S ]
70166017    0023 2000 005B 5D00 0025 2500 2014 2015  [ #   []  %%     ]
7016601F    1420 1520 142F 2015 1420 5C15 0E74 200F  [     /    \  t  ]
70166027    005F 5E00 005E 5F00 7C14 2015 1420 157C  [ _^  ^_ |      |]
7016602F    1C2A 2A1D 0E7E 7E0F 007C 2D00 002D 7C00  [ **  ~~  |-  -| ]
70166037    002D 2D00 007C 2000 0020 7C00            [ --  |    |     ]

memory_data: 0x701663BB 0x70166487
701663BB    0C00 7C20 5265 6164 7920 666F 7220 7573  [  | Ready for us]
701663C3    650A 0000 5265 6765 6E65 7261 7469 6E67  [e   Regenerating]
701663CB    2066 6F72 2000 0000 206D 6F72 6520 7475  [ for     more tu]
701663D3    726E 2873 290A 0000 4566 6665 6374 6976  [rn(s)   Effectiv]
701663DB    6520 666F 7220 0000 0C53 5045 4C4C 2020  [e for    SPELL  ]
701663E3    2020 2020 2020 2020 2020 2020 2020 2020  [                ]
701663EB    2020 2020 2020 207C 2053 5441 5455 530A  [       | STATUS ]
701663F3    2D2D 2D2D 2D2D 2D2D 2D2D 2D2D 2D2D 2D2D  [----------------]
701663FB    2D2D 2D2D 2D2D 2D2D 2D2D 2D2D 2D2D 7C2D  [--------------|-]
70166403    2D2D 2D2D 2D2D 2D2D 2D2D 2D2D 2D2D 2D2D  [----------------]
7016640B    2D2D 2D0A 0E2E 2E0F 0E3A 2E0F 0E2E 3A0F  [---  ..  :.  .: ]
70166413    0E20 3A0F 0E3A 200F 1422 2215 1422 1520  [  :  :   ""  "  ]
7016641B    2014 2215 147B 7D15 0E28 290F 003B 3B00  [  "  {}  ()  ;; ]
70166423    007C 2000 0020 7C00 147C 2F15 145C 7C15  [ |    |  |/  \| ]
7016642B    002F 2000 0020 5C00 1C2E 201D 1C49 491D  [ /    \  .   II ]
70166433    0020 2000 1C22 221D 1C77 771D 1C57 571D  [     ""  ww  WW ]
7016643B    1C21 211D 1C28 291D 1C66 661D 1C6D 6D1D  [ !!  ()  ff  mm ]
70166443    1C4D 4D1D 1C2B 2B1D 1C78 201D 002F 2D00  [ MM  ++  x   /- ]
7016644B    002D 2D00 002D 5C00 005C 2D00 002D 2F00  [ --  -\  \-  -/ ]
70166453    007C 2D00 002D 7C00 2014 2015 1420 1520  [ |-  -|         ]
7016645B    7C14 2015 1420 157C 7C14 5315 0023 2000  [|      || S  #  ]
70166463    005B 5D00 0025 2500 2014 2015 1420 1520  [ []  %%         ]
7016646B    142F 2015 1420 5C15 0E74 200F 005F 5E00  [ /    \  t   _^ ]
70166473    005E 5F00 7C14 2015 1420 157C 1C2A 2A1D  [ ^_ |      | ** ]
7016647B    0E7E 7E0F 007C 2D00 002D 7C00 002D 2D00  [ ~~  |-  -|  -- ]
70166483    007C 2000 0020 7C00                      [ |    |         ]

memory_data: 0x70166616 0x701666A3
70166616    0000 7C00 3A00 2D2D 2D2D 2E2E 2E2E 1A19  [  | : ----....  ]
7016661E    0000 100B 0500 1009 0400 100E 0400 100A  [                ]
70166626    0600 100A 0300 0E2E 2E0F 0E3A 2E0F 0E2E  [       ..  :.  .]
7016662E    3A0F 0E20 3A0F 0E3A 200F 1422 2215 1422  [:   :  :   ""  "]
70166636    1520 2014 2215 147B 7D15 0E28 290F 003B  [    "  {}  ()  ;]
7016663E    3B00 007C 2000 0020 7C00 147C 2F15 145C  [;  |    |  |/  \]
70166646    7C15 002F 2000 0020 5C00 1C2E 201D 1C49  [|  /    \  .   I]
7016664E    491D 0020 2000 1C22 221D 1C77 771D 1C57  [I      ""  ww  W]
70166656    571D 1C21 211D 1C28 291D 1C66 661D 1C6D  [W  !!  ()  ff  m]
7016665E    6D1D 1C4D 4D1D 1C2B 2B1D 1C78 201D 002F  [m  MM  ++  x   /]
70166666    2D00 002D 2D00 002D 5C00 005C 2D00 002D  [-  --  -\  \-  -]
7016666E    2F00 007C 2D00 002D 7C00 2014 2015 1420  [/  |-  -|       ]
70166676    1520 7C14 2015 1420 157C 7C14 5315 0023  [  |      || S  #]
7016667E    2000 005B 5D00 0025 2500 2014 2015 1420  [   []  %%       ]
70166686    1520 142F 2015 1420 5C15 0E74 200F 005F  [   /    \  t   _]
7016668E    5E00 005E 5F00 7C14 2015 1420 157C 1C2A  [^  ^_ |      | *]
70166696    2A1D 0E7E 7E0F 007C 2D00 002D 7C00 002D  [*  ~~  |-  -|  -]
7016669E    2D00 007C 2000 0020 7C00                 [-  |    |       ]

memory_data: 0x70166A6B 0x70166AF9
70166A6B    0B00 0000 0027 5D00 2020 2020 5B00 0000  [     ']     [   ]
70166A73    2020 2020 4369 7479 206F 6620 2020 2020  [    City of     ]
70166A7B    1C7E 7E1D 1000 0000 0E2E 2E0F 0E3A 2E0F  [ ~~      ..  :. ]
70166A83    0E2E 3A0F 0E20 3A0F 0E3A 200F 1422 2215  [ .:   :  :   "" ]
70166A8B    1422 1520 2014 2215 147B 7D15 0E28 290F  [ "    "  {}  () ]
70166A93    003B 3B00 007C 2000 0020 7C00 147C 2F15  [ ;;  |    |  |/ ]
70166A9B    145C 7C15 002F 2000 0020 5C00 1C2E 201D  [ \|  /    \  .  ]
70166AA3    1C49 491D 0020 2000 1C22 221D 1C77 771D  [ II      ""  ww ]
70166AAB    1C57 571D 1C21 211D 1C28 291D 1C66 661D  [ WW  !!  ()  ff ]
70166AB3    1C6D 6D1D 1C4D 4D1D 1C2B 2B1D 1C78 201D  [ mm  MM  ++  x  ]
70166ABB    002F 2D00 002D 2D00 002D 5C00 005C 2D00  [ /-  --  -\  \- ]
70166AC3    002D 2F00 007C 2D00 002D 7C00 2014 2015  [ -/  |-  -|     ]
70166ACB    1420 1520 7C14 2015 1420 157C 7C14 5315  [    |      || S ]
70166AD3    0023 2000 005B 5D00 0025 2500 2014 2015  [ #   []  %%     ]
70166ADB    1420 1520 142F 2015 1420 5C15 0E74 200F  [     /    \  t  ]
70166AE3    005F 5E00 005E 5F00 7C14 2015 1420 157C  [ _^  ^_ |      |]
70166AEB    1C2A 2A1D 0E7E 7E0F 007C 2D00 002D 7C00  [ **  ~~  |-  -| ]
70166AF3    002D 2D00 007C 2000 0020 7C00            [ --  |    |     ]

memory_data: 0x70166BA0 0x70166BA1
70166BA0    CA38                                     [ 8              ]

memory_data: 0x70167328 0x701674B5
70167328    0000 202D 2000 5769 6E64 2066 726F 6D20  [   -  Wind from ]
70167330    0B00 5765 7374 536F 7574 6800 0000 4561  [  WestSouth   Ea]
70167338    7374 4E6F 7274 6800 0000 596F 7520 6861  [stNorth   You ha]
70167340    7665 2061 2063 6174 6170 756C 7420 696E  [ve a catapult in]
70167348    2074 6F77 0B00 4461 726B 204C 6F72 6427  [ tow  Dark Lord']
70167350    7320 5374 6166 6600 0000 4120 6D61 6769  [s Staff   A magi]
70167358    6320 7368 6172 6400 0000 5363 6570 746F  [c shard   Scepto]
70167360    7220 6F66 204C 6F72 6963 4172 6D6F 7200  [r of LoricArmor ]
70167368    2C00 426F 6F74 7300 0000 596F 7520 6172  [, Boots   You ar]
70167370    6520 0B00 0000 6361 7272 7969 6E67 2000  [e     carrying  ]
70167378    0000 7361 696C 696E 6720 6120 626F 6174  [  sailing a boat]
70167380    0000 6174 2068 6F6D 6520 696E 2079 6F75  [  at home in you]
70167388    7220 6361 7374 6C65 0000 6578 706C 6F72  [r castle  explor]
70167390    696E 6720 6120 6361 7665 666C 7969 6E67  [ing a caveflying]
70167398    206F 6E20 6120 7065 6761 7375 7300 506F  [ on a pegasus Po]
701673A0    6973 6F6E 202D 200B 0B00 4172 726F 7773  [ison -    Arrows]
701673A8    202D 200B 0000 5269 2000 4F6E 2000 5472  [ -    Ri  On  Tr]
701673B0    2000 1C49 721D 2000 0000 4972 2000 5269  [   Ir     Ir  Ri]
701673B8    6E67 733A 200B 596F 7520 6861 766E 2774  [ngs:  You havn't]
701673C0    2073 6C61 696E 2061 2064 7261 676F 6E20  [ slain a dragon ]
701673C8    7965 740B 0000 4472 6167 6F6E 7320 736C  [yet   Dragons sl]
701673D0    6169 6E20 0B00 596F 7520 6861 7665 206E  [ain   You have n]
701673D8    6F20 6361 7374 6C65 7320 7965 740B 4E75  [o castles yet Nu]
701673E0    6D62 6572 206F 6620 6361 7374 6C65 7320  [mber of castles ]
701673E8    0B00 5175 6573 7420 6C65 7665 6C20 0B00  [  Quest level   ]
701673F0    0000 2C20 5065 7263 6570 7469 6F6E 200B  [  , Perception  ]
701673F8    0000 5669 7369 6F6E 200B 496E 7465 6C6C  [  Vision  Intell]
70167400    6967 656E 6365 206C 6576 656C 200B 4578  [igence level  Ex]
70167408    7065 7269 656E 6365 206C 6576 656C 200B  [perience level  ]
70167410    0000 5468 7920 7075 7273 6520 6973 2065  [  Thy purse is e]
70167418    6D70 7479 0B00 5765 616C 7468 200B 5374  [mpty  Wealth  St]
70167420    7265 6E67 7468 200B 0000 5D00 205B 4E6F  [rength    ]  [No]
70167428    7468 696E 6720 2020 2020 2020 2020 2020  [thing           ]
70167430    2000 2000 1D00 1C00 0000 1449 4E56 454E  [           INVEN]
70167438    544F 5259 1500 0E2E 2E0F 0E3A 2E0F 0E2E  [TORY   ..  :.  .]
70167440    3A0F 0E20 3A0F 0E3A 200F 1422 2215 1422  [:   :  :   ""  "]
70167448    1520 2014 2215 147B 7D15 0E28 290F 003B  [    "  {}  ()  ;]
70167450    3B00 007C 2000 0020 7C00 147C 2F15 145C  [;  |    |  |/  \]
70167458    7C15 002F 2000 0020 5C00 1C2E 201D 1C49  [|  /    \  .   I]
70167460    491D 0020 2000 1C22 221D 1C77 771D 1C57  [I      ""  ww  W]
70167468    571D 1C21 211D 1C28 291D 1C66 661D 1C6D  [W  !!  ()  ff  m]
70167470    6D1D 1C4D 4D1D 1C2B 2B1D 1C78 201D 002F  [m  MM  ++  x   /]
70167478    2D00 002D 2D00 002D 5C00 005C 2D00 002D  [-  --  -\  \-  -]
70167480    2F00 007C 2D00 002D 7C00 2014 2015 1420  [/  |-  -|       ]
70167488    1520 7C14 2015 1420 157C 7C14 5315 0023  [  |      || S  #]
70167490    2000 005B 5D00 0025 2500 2014 2015 1420  [   []  %%       ]
70167498    1520 142F 2015 1420 5C15 0E74 200F 005F  [   /    \  t   _]
701674A0    5E00 005E 5F00 7C14 2015 1420 157C 1C2A  [^  ^_ |      | *]
701674A8    2A1D 0E7E 7E0F 007C 2D00 002D 7C00 002D  [*  ~~  |-  -|  -]
701674B0    2D00 007C 2000 0020 7C00                 [-  |    |       ]

memory_data: 0x70168517 0x701685AB
70168517    0B17 0B17 0B17 0B17 0B17 0B17 0B00 0B0A  [                ]
7016851F    0A00 0000 0B20 2020 2000 0000 0B54 6865  [             The]
70168527    2066 6C61 736B 2063 6F6E 7461 696E 733A  [ flask contains:]
7016852F    0A00 0000 0E2E 2E0F 0E3A 2E0F 0E2E 3A0F  [     ..  :.  .: ]
70168537    0E20 3A0F 0E3A 200F 1422 2215 1422 1520  [  :  :   ""  "  ]
7016853F    2014 2215 147B 7D15 0E28 290F 003B 3B00  [  "  {}  ()  ;; ]
70168547    007C 2000 0020 7C00 147C 2F15 145C 7C15  [ |    |  |/  \| ]
7016854F    002F 2000 0020 5C00 1C2E 201D 1C49 491D  [ /    \  .   II ]
70168557    0020 2000 1C22 221D 1C77 771D 1C57 571D  [     ""  ww  WW ]
7016855F    1C21 211D 1C28 291D 1C66 661D 1C6D 6D1D  [ !!  ()  ff  mm ]
70168567    1C4D 4D1D 1C2B 2B1D 1C78 201D 002F 2D00  [ MM  ++  x   /- ]
7016856F    002D 2D00 002D 5C00 005C 2D00 002D 2F00  [ --  -\  \-  -/ ]
70168577    007C 2D00 002D 7C00 2014 2015 1420 1520  [ |-  -|         ]
7016857F    7C14 2015 1420 157C 7C14 5315 0023 2000  [|      || S  #  ]
70168587    005B 5D00 0025 2500 2014 2015 1420 1520  [ []  %%         ]
7016858F    142F 2015 1420 5C15 0E74 200F 005F 5E00  [ /    \  t   _^ ]
70168597    005E 5F00 7C14 2015 1420 157C 1C2A 2A1D  [ ^_ |      | ** ]
7016859F    0E7E 7E0F 007C 2D00 002D 7C00 002D 2D00  [ ~~  |-  -|  -- ]
701685A7    007C 2000 0020 7C00                      [ |    |         ]

memory_data: 0x7016869D 0x70168717
7016869D    0E2E 2E0F 0E3A 2E0F 0E2E 3A0F 0E20 3A0F  [ ..  :.  .:   : ]
701686A5    0E3A 200F 1422 2215 1422 1520 2014 2215  [ :   ""  "    " ]
701686AD    147B 7D15 0E28 290F 003B 3B00 007C 2000  [ {}  ()  ;;  |  ]
701686B5    0020 7C00 147C 2F15 145C 7C15 002F 2000  [  |  |/  \|  /  ]
701686BD    0020 5C00 1C2E 201D 1C49 491D 0020 2000  [  \  .   II     ]
701686C5    1C22 221D 1C77 771D 1C57 571D 1C21 211D  [ ""  ww  WW  !! ]
701686CD    1C28 291D 1C66 661D 1C6D 6D1D 1C4D 4D1D  [ ()  ff  mm  MM ]
701686D5    1C2B 2B1D 1C78 201D 002F 2D00 002D 2D00  [ ++  x   /-  -- ]
701686DD    002D 5C00 005C 2D00 002D 2F00 007C 2D00  [ -\  \-  -/  |- ]
701686E5    002D 7C00 2014 2015 1420 1520 7C14 2015  [ -|         |   ]
701686ED    1420 157C 7C14 5315 0023 2000 005B 5D00  [   || S  #   [] ]
701686F5    0025 2500 2014 2015 1420 1520 142F 2015  [ %%          /  ]
701686FD    1420 5C15 0E74 200F 005F 5E00 005E 5F00  [  \  t   _^  ^_ ]
70168705    7C14 2015 1420 157C 1C2A 2A1D 0E7E 7E0F  [|      | **  ~~ ]
7016870D    007C 2D00 002D 7C00 002D 2D00 007C 2000  [ |-  -|  --  |  ]
70168715    0020 7C00                                [  |             ]

memory_data: 0x70168733 0x701687AD
70168733    0E2E 2E0F 0E3A 2E0F 0E2E 3A0F 0E20 3A0F  [ ..  :.  .:   : ]
7016873B    0E3A 200F 1422 2215 1422 1520 2014 2215  [ :   ""  "    " ]
70168743    147B 7D15 0E28 290F 003B 3B00 007C 2000  [ {}  ()  ;;  |  ]
7016874B    0020 7C00 147C 2F15 145C 7C15 002F 2000  [  |  |/  \|  /  ]
70168753    0020 5C00 1C2E 201D 1C49 491D 0020 2000  [  \  .   II     ]
7016875B    1C22 221D 1C77 771D 1C57 571D 1C21 211D  [ ""  ww  WW  !! ]
70168763    1C28 291D 1C66 661D 1C6D 6D1D 1C4D 4D1D  [ ()  ff  mm  MM ]
7016876B    1C2B 2B1D 1C78 201D 002F 2D00 002D 2D00  [ ++  x   /-  -- ]
70168773    002D 5C00 005C 2D00 002D 2F00 007C 2D00  [ -\  \-  -/  |- ]
7016877B    002D 7C00 2014 2015 1420 1520 7C14 2015  [ -|         |   ]
70168783    1420 157C 7C14 5315 0023 2000 005B 5D00  [   || S  #   [] ]
7016878B    0025 2500 2014 2015 1420 1520 142F 2015  [ %%          /  ]
70168793    1420 5C15 0E74 200F 005F 5E00 005E 5F00  [  \  t   _^  ^_ ]
7016879B    7C14 2015 1420 157C 1C2A 2A1D 0E7E 7E0F  [|      | **  ~~ ]
701687A3    007C 2D00 002D 7C00 002D 2D00 007C 2000  [ |-  -|  --  |  ]
701687AB    0020 7C00                                [  |             ]

memory_data: 0x701687DE 0x70168A27
701687DE    0000 0B48 6F77 206D 7563 6820 3F20 7900  [   How much ? y ]
701687E6    5900 0B44 6F20 796F 7520 7769 7368 2074  [Y  Do you wish t]
701687EE    6F20 6472 6F70 2073 6F6D 6520 6D6F 6E65  [o drop some mone]
701687F6    7920 3F20 0B00 0B48 6974 2073 7061 6365  [y ?    Hit space]
701687FE    2062 6172 2074 6F20 6472 6F70 2074 6865  [ bar to drop the]
70168806    206F 6E65 2072 696E 6720 284F 6E29 0B48  [ one ring (On) H]
7016880E    6974 2073 7061 6365 2062 6172 2074 6F20  [it space bar to ]
70168816    6472 6F70 2074 6865 2069 6E76 6973 6962  [drop the invisib]
7016881E    696C 6974 7920 7269 6E67 2028 4972 2900  [ility ring (Ir) ]
70168826    0000 0B48 6974 2073 7061 6365 2062 6172  [   Hit space bar]
7016882E    2074 6F20 6472 6F70 2074 6865 2073 6967  [ to drop the sig]
70168836    6E65 7420 7269 6E67 2028 5269 2900 0B48  [net ring (Ri)  H]
7016883E    6974 2073 7061 6365 2062 6172 2074 6F20  [it space bar to ]
70168846    6472 6F70 2074 6865 2074 656C 6570 6F72  [drop the telepor]
7016884E    7420 7269 6E67 2028 5472 2900 0000 0B54  [t ring (Tr)    T]
70168856    6865 2063 6173 746C 6520 6973 2066 756C  [he castle is ful]
7016885E    6C2E 0B59 6F75 2068 6176 6520 6D61 6465  [l. You have made]
70168866    2061 2073 6572 696F 7573 2061 6363 6F75  [ a serious accou]
7016886E    6E74 696E 6720 6572 726F 7221 0000 0B48  [nting error!   H]
70168876    6974 2073 7061 6365 2062 6172 2074 6F20  [it space bar to ]
7016887E    6472 6F70 2074 6865 206D 6167 6963 2073  [drop the magic s]
70168886    6861 7264 0000 0B48 6974 2073 7061 6365  [hard   Hit space]
7016888E    2062 6172 2074 6F20 6472 6F70 2074 6865  [ bar to drop the]
70168896    2044 6172 6B20 4C6F 7264 2773 2073 7461  [ Dark Lord's sta]
7016889E    6666 0B48 6974 2073 7061 6365 2062 6172  [ff Hit space bar]
701688A6    2074 6F20 6472 6F70 2074 6865 2053 6365  [ to drop the Sce]
701688AE    7074 6F72 206F 6620 4C6F 7269 6300 0B54  [ptor of Loric  T]
701688B6    6865 2061 6E63 6965 6E74 206D 6167 6963  [he ancient magic]
701688BE    206F 6620 5465 7272 616B 2070 7265 7665  [ of Terrak preve]
701688C6    6E74 7320 796F 7521 0A00 0B44 6F20 796F  [nts you!   Do yo]
701688CE    7520 636F 6E73 6964 6572 2074 6869 7320  [u consider this ]
701688D6    7468 6520 626F 7765 6C73 206F 6620 7468  [the bowels of th]
701688DE    6520 6561 7274 683F 0A00 0B59 6F75 2063  [e earth?   You c]
701688E6    616E 206E 6F74 2070 7574 2061 2063 6174  [an not put a cat]
701688EE    6170 756C 7420 7468 6572 652E 0000 0B59  [apult there.   Y]
701688F6    6F75 2063 616E 206E 6F74 2063 6F6E 7472  [ou can not contr]
701688FE    6F6C 2074 6861 7420 6D61 6E79 2063 6174  [ol that many cat]
70168906    6170 756C 7473 2E00 0000 0B54 6865 2063  [apults.    The c]
7016890E    6173 746C 6520 6973 2066 756C 6C21 0B4F  [astle is full! O]
70168916    6E6C 7920 696E 6469 7669 6475 616C 2069  [nly individual i]
7016891E    7465 6D73 206D 6179 2062 6520 6472 6F70  [tems may be drop]
70168926    7065 6420 696E 2074 6865 2063 6173 746C  [ped in the castl]
7016892E    652E 2500 0000 0B54 6865 2063 6173 746C  [e.%    The castl]
70168936    6520 6D61 7869 6D75 6D20 7374 7265 6E67  [e maximum streng]
7016893E    7468 2068 6173 2062 6565 6E20 696E 6372  [th has been incr]
70168946    6561 7365 6420 6279 2000 0B54 6865 2062  [eased by   The b]
7016894E    6F6F 6B20 6D61 6769 6361 6C6C 7920 6469  [ook magically di]
70168956    7361 7070 6561 7273 2069 6E20 6120 636C  [sappears in a cl]
7016895E    6F75 6420 6F66 2073 6D6F 6B65 2100 0B54  [oud of smoke!  T]
70168966    6865 2066 6C61 736B 2062 7265 616B 7320  [he flask breaks ]
7016896E    616E 6420 7468 6520 636F 6E74 656E 7473  [and the contents]
70168976    2061 7265 206C 6F73 7421 2000 1B00 0000  [ are lost!      ]
7016897E    0000 0B48 6974 2073 7061 6365 2062 6172  [   Hit space bar]
70168986    2061 7420 6F62 6A65 6374 2074 6F20 6472  [ at object to dr]
7016898E    6F70 2C20 6F72 2065 7363 6170 6520 746F  [op, or escape to]
70168996    2065 7869 7400 0B48 6974 2073 7061 6365  [ exit  Hit space]
7016899E    2062 6172 2074 6F20 7265 6C65 6173 6520  [ bar to release ]
701689A6    7468 6520 6361 7461 7075 6C74 2E00 0E2E  [the catapult.  .]
701689AE    2E0F 0E3A 2E0F 0E2E 3A0F 0E20 3A0F 0E3A  [.  :.  .:   :  :]
701689B6    200F 1422 2215 1422 1520 2014 2215 147B  [   ""  "    "  {]
701689BE    7D15 0E28 290F 003B 3B00 007C 2000 0020  [}  ()  ;;  |    ]
701689C6    7C00 147C 2F15 145C 7C15 002F 2000 0020  [|  |/  \|  /    ]
701689CE    5C00 1C2E 201D 1C49 491D 0020 2000 1C22  [\  .   II      "]
701689D6    221D 1C77 771D 1C57 571D 1C21 211D 1C28  ["  ww  WW  !!  (]
701689DE    291D 1C66 661D 1C6D 6D1D 1C4D 4D1D 1C2B  [)  ff  mm  MM  +]
701689E6    2B1D 1C78 201D 002F 2D00 002D 2D00 002D  [+  x   /-  --  -]
701689EE    5C00 005C 2D00 002D 2F00 007C 2D00 002D  [\  \-  -/  |-  -]
701689F6    7C00 2014 2015 1420 1520 7C14 2015 1420  [|         |     ]
701689FE    157C 7C14 5315 0023 2000 005B 5D00 0025  [ || S  #   []  %]
70168A06    2500 2014 2015 1420 1520 142F 2015 1420  [%          /    ]
70168A0E    5C15 0E74 200F 005F 5E00 005E 5F00 7C14  [\  t   _^  ^_ | ]
70168A16    2015 1420 157C 1C2A 2A1D 0E7E 7E0F 007C  [     | **  ~~  |]
70168A1E    2D00 002D 7C00 002D 2D00 007C 2000 0020  [-  -|  --  |    ]
70168A26    7C00                                     [|               ]

memory_data: 0x70168CD9 0x70168CDA
70168CD9    DB78                                     [ x              ]

memory_data: 0x70168D49 0x70168D4A
70168D49    D0B8                                     [                ]

memory_data: 0x70168DB5 0x70168DB6
70168DB5    F278                                     [ x              ]

memory_data: 0x70169388 0x70169389
70169388    C8F8                                     [                ]

memory_data: 0x701693D9 0x701693DA
701693D9    F1F8                                     [                ]

memory_data: 0x70169688 0x7016968C
70169688    0000 0000 0000 0001                      [                ]

memory_data: 0x70169726 0x701697A1
70169726    0000 0E2E 2E0F 0E3A 2E0F 0E2E 3A0F 0E20  [   ..  :.  .:   ]
7016972E    3A0F 0E3A 200F 1422 2215 1422 1520 2014  [:  :   ""  "    ]
70169736    2215 147B 7D15 0E28 290F 003B 3B00 007C  ["  {}  ()  ;;  |]
7016973E    2000 0020 7C00 147C 2F15 145C 7C15 002F  [    |  |/  \|  /]
70169746    2000 0020 5C00 1C2E 201D 1C49 491D 0020  [    \  .   II   ]
7016974E    2000 1C22 221D 1C77 771D 1C57 571D 1C21  [   ""  ww  WW  !]
70169756    211D 1C28 291D 1C66 661D 1C6D 6D1D 1C4D  [!  ()  ff  mm  M]
7016975E    4D1D 1C2B 2B1D 1C78 201D 002F 2D00 002D  [M  ++  x   /-  -]
70169766    2D00 002D 5C00 005C 2D00 002D 2F00 007C  [-  -\  \-  -/  |]
7016976E    2D00 002D 7C00 2014 2015 1420 1520 7C14  [-  -|         | ]
70169776    2015 1420 157C 7C14 5315 0023 2000 005B  [     || S  #   []
7016977E    5D00 0025 2500 2014 2015 1420 1520 142F  []  %%          /]
70169786    2015 1420 5C15 0E74 200F 005F 5E00 005E  [    \  t   _^  ^]
7016978E    5F00 7C14 2015 1420 157C 1C2A 2A1D 0E7E  [_ |      | **  ~]
70169796    7E0F 007C 2D00 002D 7C00 002D 2D00 007C  [~  |-  -|  --  |]
7016979E    2000 0020 7C00                           [    |           ]

memory_data: 0x701698A7 0x701698A8
701698A7    81B8                                     [                ]

memory_data: 0x7016993A 0x701699B5
7016993A    0000 0E2E 2E0F 0E3A 2E0F 0E2E 3A0F 0E20  [   ..  :.  .:   ]
70169942    3A0F 0E3A 200F 1422 2215 1422 1520 2014  [:  :   ""  "    ]
7016994A    2215 147B 7D15 0E28 290F 003B 3B00 007C  ["  {}  ()  ;;  |]
70169952    2000 0020 7C00 147C 2F15 145C 7C15 002F  [    |  |/  \|  /]
7016995A    2000 0020 5C00 1C2E 201D 1C49 491D 0020  [    \  .   II   ]
70169962    2000 1C22 221D 1C77 771D 1C57 571D 1C21  [   ""  ww  WW  !]
7016996A    211D 1C28 291D 1C66 661D 1C6D 6D1D 1C4D  [!  ()  ff  mm  M]
70169972    4D1D 1C2B 2B1D 1C78 201D 002F 2D00 002D  [M  ++  x   /-  -]
7016997A    2D00 002D 5C00 005C 2D00 002D 2F00 007C  [-  -\  \-  -/  |]
70169982    2D00 002D 7C00 2014 2015 1420 1520 7C14  [-  -|         | ]
7016998A    2015 1420 157C 7C14 5315 0023 2000 005B  [     || S  #   []
70169992    5D00 0025 2500 2014 2015 1420 1520 142F  []  %%          /]
7016999A    2015 1420 5C15 0E74 200F 005F 5E00 005E  [    \  t   _^  ^]
701699A2    5F00 7C14 2015 1420 157C 1C2A 2A1D 0E7E  [_ |      | **  ~]
701699AA    7E0F 007C 2D00 002D 7C00 002D 2D00 007C  [~  |-  -|  --  |]
701699B2    2000 0020 7C00                           [    |           ]

memory_data: 0x70169B23 0x70169B24
70169B23    8379                                     [ y              ]

memory_data: 0x70169BBF 0x70169D69
70169BBF    206B 696E 642E 0000 0B59 6F75 7220 736B  [ kind.   Your sk]
70169BC7    696C 6C20 6173 2061 2064 7261 676F 6E20  [ill as a dragon ]
70169BCF    736C 6179 6572 2068 6173 2067 6976 656E  [slayer has given]
70169BD7    2079 6F75 2061 6E20 616C 6C69 616E 6365  [ you an alliance]
70169BDF    2077 6974 6820 7468 6520 0000 2068 6173  [ with the    has]
70169BE7    2062 6565 6E20 6B69 6C6C 6564 210A 0000  [ been killed!   ]
70169BEF    0B54 6865 2077 697A 6172 6420 6861 7320  [ The wizard has ]
70169BF7    6265 656E 206B 696C 6C65 6421 0A00 0B00  [been killed!    ]
70169BFF    0B54 6865 2061 7272 6F77 2068 6173 206D  [ The arrow has m]
70169C07    6973 7365 6421 0A00 2061 7272 6F77 2068  [issed!   arrow h]
70169C0F    6561 6473 2074 6F77 6172 6473 2074 6865  [eads towards the]
70169C17    2077 697A 6172 6420 2073 7472 656E 6774  [ wizard  strengt]
70169C1F    6820 706F 696E 7473 2064 616D 6167 652E  [h points damage.]
70169C27    0A00 0000 0B59 6F75 2068 6176 6520 646F  [     You have do]
70169C2F    6E65 2000 0B54 6865 2061 7272 6F77 2068  [ne   The arrow h]
70169C37    6173 206E 6F20 6566 6665 6374 210A 2E0A  [as no effect! . ]
70169C3F    2061 7272 6F77 2068 6561 6473 2074 6F77  [ arrow heads tow]
70169C47    6172 6473 2074 6865 2000 0000 0B41 2000  [ards the     A  ]
70169C4F    666C 616D 696E 6700 706F 6973 6F6E 0000  [flaming poison  ]
70169C57    2069 7320 6465 7374 726F 7965 6421 0A00  [ is destroyed!  ]
70169C5F    0B54 6865 2000 0A00 0B41 2066 6C61 6D69  [ The     A flami]
70169C67    6E67 2061 7272 6F77 2068 6561 6473 2074  [ng arrow heads t]
70169C6F    6F77 6172 6473 2074 6865 2000 6361 7461  [owards the  cata]
70169C77    7075 6C74 626F 6174 6100 4100 7000 5000  [pultboata A p P ]
70169C7F    0000 0000 0B48 6974 2027 4127 2074 6F20  [     Hit 'A' to ]
70169C87    6669 7265 2061 6E20 6172 726F 7720 2750  [fire an arrow 'P]
70169C8F    2720 746F 2066 6972 6520 6120 706F 6973  [' to fire a pois]
70169C97    6F6E 2061 7272 6F77 2C20 616E 7920 6F74  [on arrow, any ot]
70169C9F    6865 7220 746F 2069 676E 6F72 652E 0000  [her to ignore.  ]
70169CA7    0B48 6974 2027 4127 2074 6F20 6669 7265  [ Hit 'A' to fire]
70169CAF    2061 2066 6C61 6D69 6E67 2061 7272 6F77  [ a flaming arrow]
70169CB7    2C20 616E 7920 6F74 6865 7220 746F 2069  [, any other to i]
70169CBF    676E 6F72 652E 0000 0B48 6974 2027 5027  [gnore.   Hit 'P']
70169CC7    2074 6F20 6669 7265 2061 2070 6F69 736F  [ to fire a poiso]
70169CCF    6E20 6172 726F 772C 2061 6E79 206F 7468  [n arrow, any oth]
70169CD7    6572 2074 6F20 6967 6E6F 7265 2E00 0000  [er to ignore.   ]
70169CDF    0B59 6F75 2063 616E 6E6F 7420 7573 6520  [ You cannot use ]
70169CE7    7468 6174 2074 6F20 6669 7265 2100 0000  [that to fire!   ]
70169CEF    0E2E 2E0F 0E3A 2E0F 0E2E 3A0F 0E20 3A0F  [ ..  :.  .:   : ]
70169CF7    0E3A 200F 1422 2215 1422 1520 2014 2215  [ :   ""  "    " ]
70169CFF    147B 7D15 0E28 290F 003B 3B00 007C 2000  [ {}  ()  ;;  |  ]
70169D07    0020 7C00 147C 2F15 145C 7C15 002F 2000  [  |  |/  \|  /  ]
70169D0F    0020 5C00 1C2E 201D 1C49 491D 0020 2000  [  \  .   II     ]
70169D17    1C22 221D 1C77 771D 1C57 571D 1C21 211D  [ ""  ww  WW  !! ]
70169D1F    1C28 291D 1C66 661D 1C6D 6D1D 1C4D 4D1D  [ ()  ff  mm  MM ]
70169D27    1C2B 2B1D 1C78 201D 002F 2D00 002D 2D00  [ ++  x   /-  -- ]
70169D2F    002D 5C00 005C 2D00 002D 2F00 007C 2D00  [ -\  \-  -/  |- ]
70169D37    002D 7C00 2014 2015 1420 1520 7C14 2015  [ -|         |   ]
70169D3F    1420 157C 7C14 5315 0023 2000 005B 5D00  [   || S  #   [] ]
70169D47    0025 2500 2014 2015 1420 1520 142F 2015  [ %%          /  ]
70169D4F    1420 5C15 0E74 200F 005F 5E00 005E 5F00  [  \  t   _^  ^_ ]
70169D57    7C14 2015 1420 157C 1C2A 2A1D 0E7E 7E0F  [|      | **  ~~ ]
70169D5F    007C 2D00 002D 7C00 002D 2D00 007C 2000  [ |-  -|  --  |  ]
70169D67    0020 7C00                                [  |             ]

memory_data: 0x7016A815 0x7016A88F
7016A815    0E2E 2E0F 0E3A 2E0F 0E2E 3A0F 0E20 3A0F  [ ..  :.  .:   : ]
7016A81D    0E3A 200F 1422 2215 1422 1520 2014 2215  [ :   ""  "    " ]
7016A825    147B 7D15 0E28 290F 003B 3B00 007C 2000  [ {}  ()  ;;  |  ]
7016A82D    0020 7C00 147C 2F15 145C 7C15 002F 2000  [  |  |/  \|  /  ]
7016A835    0020 5C00 1C2E 201D 1C49 491D 0020 2000  [  \  .   II     ]
7016A83D    1C22 221D 1C77 771D 1C57 571D 1C21 211D  [ ""  ww  WW  !! ]
7016A845    1C28 291D 1C66 661D 1C6D 6D1D 1C4D 4D1D  [ ()  ff  mm  MM ]
7016A84D    1C2B 2B1D 1C78 201D 002F 2D00 002D 2D00  [ ++  x   /-  -- ]
7016A855    002D 5C00 005C 2D00 002D 2F00 007C 2D00  [ -\  \-  -/  |- ]
7016A85D    002D 7C00 2014 2015 1420 1520 7C14 2015  [ -|         |   ]
7016A865    1420 157C 7C14 5315 0023 2000 005B 5D00  [   || S  #   [] ]
7016A86D    0025 2500 2014 2015 1420 1520 142F 2015  [ %%          /  ]
7016A875    1420 5C15 0E74 200F 005F 5E00 005E 5F00  [  \  t   _^  ^_ ]
7016A87D    7C14 2015 1420 157C 1C2A 2A1D 0E7E 7E0F  [|      | **  ~~ ]
7016A885    007C 2D00 002D 7C00 002D 2D00 007C 2000  [ |-  -|  --  |  ]
7016A88D    0020 7C00                                [  |             ]

memory_data: 0x7016A914 0x7016A915
7016A914    C2F8                                     [                ]

memory_data: 0x7016A953 0x7016A954
7016A953    E838                                     [ 8              ]

memory_data: 0x7016A9B8 0x7016AA35
7016A9B8    0000 3030 3100 0E2E 2E0F 0E3A 2E0F 0E2E  [  001  ..  :.  .]
7016A9C0    3A0F 0E20 3A0F 0E3A 200F 1422 2215 1422  [:   :  :   ""  "]
7016A9C8    1520 2014 2215 147B 7D15 0E28 290F 003B  [    "  {}  ()  ;]
7016A9D0    3B00 007C 2000 0020 7C00 147C 2F15 145C  [;  |    |  |/  \]
7016A9D8    7C15 002F 2000 0020 5C00 1C2E 201D 1C49  [|  /    \  .   I]
7016A9E0    491D 0020 2000 1C22 221D 1C77 771D 1C57  [I      ""  ww  W]
7016A9E8    571D 1C21 211D 1C28 291D 1C66 661D 1C6D  [W  !!  ()  ff  m]
7016A9F0    6D1D 1C4D 4D1D 1C2B 2B1D 1C78 201D 002F  [m  MM  ++  x   /]
7016A9F8    2D00 002D 2D00 002D 5C00 005C 2D00 002D  [-  --  -\  \-  -]
7016AA00    2F00 007C 2D00 002D 7C00 2014 2015 1420  [/  |-  -|       ]
7016AA08    1520 7C14 2015 1420 157C 7C14 5315 0023  [  |      || S  #]
7016AA10    2000 005B 5D00 0025 2500 2014 2015 1420  [   []  %%       ]
7016AA18    1520 142F 2015 1420 5C15 0E74 200F 005F  [   /    \  t   _]
7016AA20    5E00 005E 5F00 7C14 2015 1420 157C 1C2A  [^  ^_ |      | *]
7016AA28    2A1D 0E7E 7E0F 007C 2D00 002D 7C00 002D  [*  ~~  |-  -|  -]
7016AA30    2D00 007C 2000 0020 7C00                 [-  |    |       ]

memory_data: 0x7016AA6E 0x7016B549
7016AA6E    0000 0B00 0000 0084 0000 5468 6572 6520  [          There ]
7016AA76    6172 6520 6E6F 206D 6F72 6520 7175 6573  [are no more ques]
7016AA7E    7420 6C65 7665 6C73 2061 7320 6F66 2079  [t levels as of y]
7016AA86    6574 2E0A 0000 6265 666F 7265 2074 6865  [et.   before the]
7016AA8E    7920 616C 6C20 7065 7269 7368 2E20 2054  [y all perish.  T]
7016AA96    6865 2062 6172 7269 6572 206D 6179 206F  [he barrier may o]
7016AA9E    6E6C 7920 6265 0A63 726F 7373 6564 2062  [nly be crossed b]
7016AAA6    7920 7468 6520 7573 6520 6F66 2061 6E20  [y the use of an ]
7016AAAE    616D 756C 6574 2074 6861 7420 7761 7320  [amulet that was ]
7016AAB6    6368 6172 6D65 6420 6279 0A61 6E20 616E  [charmed by an an]
7016AABE    6369 656E 7420 666F 7267 6F74 7465 6E20  [cient forgotten ]
7016AAC6    756E 6465 7277 6F72 6C64 2077 697A 6172  [underworld wizar]
7016AACE    642E 0A00 0000 2061 7265 2073 7572 726F  [d.     are surro]
7016AAD6    756E 6465 6420 6279 0A61 206D 6167 6963  [unded by a magic]
7016AADE    616C 2062 6172 7269 6572 2061 6E64 2061  [al barrier and a]
7016AAE6    7265 2073 7461 7276 696E 6720 746F 2064  [re starving to d]
7016AAEE    6561 7468 2E0A 596F 7572 2071 7565 7374  [eath. Your quest]
7016AAF6    2069 7320 746F 2062 7269 6E67 2031 3520  [ is to bring 15 ]
7016AAFE    7261 7469 6F6E 7320 6F66 2066 6F6F 6420  [rations of food ]
7016AB06    746F 2074 6865 6D0A 0000 5468 6520 7065  [to them   The pe]
7016AB0E    6F70 6C65 206F 6620 7468 6520 6369 7479  [ople of the city]
7016AB16    206F 6620 0000 5468 6572 6520 6172 6520  [ of   There are ]
7016AB1E    6E6F 2063 6974 6965 7320 696E 7369 6465  [no cities inside]
7016AB26    2061 2062 6172 7269 6572 2E0A 0000 696E  [ a barrier.   in]
7016AB2E    6772 6564 6965 6E74 7320 666F 7220 7468  [gredients for th]
7016AB36    6520 706F 7469 6F6E 2E0A 0A00 0000 4D61  [e potion.     Ma]
7016AB3E    6C64 6F72 6B2C 2074 6865 206D 696E 6420  [ldork, the mind ]
7016AB46    666C 6179 6572 2C20 6861 7320 7468 6520  [flayer, has the ]
7016AB4E    696E 666F 726D 6174 696F 6E20 6E65 6365  [information nece]
7016AB56    7373 6172 792C 2062 7574 0A68 6520 6861  [ssary, but he ha]
7016AB5E    7320 6265 656E 2077 6974 6868 6F6C 6469  [s been withholdi]
7016AB66    6E67 2069 7420 756E 7469 6C20 796F 7520  [ng it until you ]
7016AB6E    6861 7665 2072 6561 6368 6564 2074 6869  [have reached thi]
7016AB76    7320 6C65 7665 6C2E 0A59 6F75 2077 696C  [s level. You wil]
7016AB7E    6C20 6E65 6564 2074 6F20 6F62 7461 696E  [l need to obtain]
7016AB86    2061 206D 6167 6963 2066 6C61 736B 2074  [ a magic flask t]
7016AB8E    6F20 6761 7468 6572 2074 6865 0A00 4E6F  [o gather the  No]
7016AB96    2077 697A 6172 6420 6973 2063 6F6D 706C  [ wizard is compl]
7016AB9E    6574 6520 7769 7468 6F75 7420 6120 6661  [ete without a fa]
7016ABA6    6974 6866 756C 2066 616D 696C 6961 722E  [ithful familiar.]
7016ABAE    0A54 6865 206E 6578 7420 7175 6573 7420  [ The next quest ]
7016ABB6    696E 766F 6C76 6573 206F 6274 6169 6E69  [involves obtaini]
7016ABBE    6E67 2061 2066 616D 696C 6961 722E 2054  [ng a familiar. T]
7016ABC6    6F20 6368 6172 6D0A 6120 6661 6D69 6C69  [o charm a famili]
7016ABCE    6172 2072 6571 7569 7265 7320 6B6E 6F77  [ar requires know]
7016ABD6    6C65 6765 206F 6620 6120 7370 656C 6C20  [lege of a spell ]
7016ABDE    616E 6420 6120 706F 7469 6F6E 2E0A 7468  [and a potion. th]
7016ABE6    6520 7379 6D62 6F6C 2E20 2055 706F 6E20  [e symbol.  Upon ]
7016ABEE    706F 7373 6573 7369 6F6E 2C20 6974 2077  [possession, it w]
7016ABF6    696C 6C20 6775 6964 6520 796F 7520 6261  [ill guide you ba]
7016ABFE    636B 2074 6F20 6974 730A 7269 6768 7466  [ck to its rightf]
7016AC06    756C 2070 6C61 6365 206F 6E20 7468 6520  [ul place on the ]
7016AC0E    616C 7461 7220 6F66 2074 6865 2074 656D  [altar of the tem]
7016AC16    706C 6520 6279 2074 6865 204C 6967 6874  [ple by the Light]
7016AC1E    206F 660A 5269 6768 7465 6F75 736E 6573  [ of Righteousnes]
7016AC26    732E 220A 0A00 6465 7365 6372 6174 696E  [s."   desecratin]
7016AC2E    6720 7468 6520 686F 6C79 2073 796D 626F  [g the holy symbo]
7016AC36    6C20 6279 2065 6D70 6C6F 7969 6E67 2069  [l by employing i]
7016AC3E    7420 696E 2068 6973 2070 726F 6661 6E65  [t in his profane]
7016AC46    0A61 6E64 206F 7267 6961 7374 6963 2072  [ and orgiastic r]
7016AC4E    6974 7561 6C73 2E20 2059 6F75 7220 6E65  [ituals.  Your ne]
7016AC56    7874 2071 7565 7374 2C20 6D79 2063 6869  [xt quest, my chi]
7016AC5E    6C64 2C20 6973 2074 6F0A 7365 6172 6368  [ld, is to search]
7016AC66    206F 7574 2074 6865 2042 616E 6973 6865  [ out the Banishe]
7016AC6E    722C 2064 6566 6561 7420 6869 6D20 696E  [r, defeat him in]
7016AC76    2062 6174 746C 652C 2061 6E64 2072 6563  [ battle, and rec]
7016AC7E    6F76 6572 0A00 4120 6772 6561 7420 766F  [over  A great vo]
7016AC86    6963 6520 7468 756E 6465 7273 2066 726F  [ice thunders fro]
7016AC8E    6D20 7468 6520 6865 6176 656E 733A 0A0A  [m the heavens:  ]
7016AC96    2254 6865 2068 6561 7468 656E 2070 7269  ["The heathen pri]
7016AC9E    6E63 6520 4272 6973 746C 6520 7468 6520  [nce Bristle the ]
7016ACA6    4261 6E69 7368 6572 2068 6173 2073 746F  [Banisher has sto]
7016ACAE    6C65 6E20 6672 6F6D 0A6D 7920 6D6F 7374  [len from my most]
7016ACB6    2068 6F6C 7920 7465 6D70 6C65 2074 6865  [ holy temple the]
7016ACBE    2053 696C 7665 7220 4368 616C 6963 652E  [ Silver Chalice.]
7016ACC6    2020 5468 6973 2070 6167 616E 2068 6173  [  This pagan has]
7016ACCE    2062 6565 6E0A 636F 6D6D 6974 6D65 6E74  [ been commitment]
7016ACD6    2074 6F20 7468 6520 7769 7A61 7264 2E20  [ to the wizard. ]
7016ACDE    556E 6265 6B6E 6F77 6E73 7420 746F 2068  [Unbeknownst to h]
7016ACE6    696D 2C20 6F6E 6520 5768 6974 650A 4472  [im, one White Dr]
7016ACEE    6167 6F6E 2073 7572 7669 7665 642E 2059  [agon survived. Y]
7016ACF6    6F75 7220 7175 6573 7420 6973 2074 6F20  [our quest is to ]
7016ACFE    7265 7472 6965 7665 2022 4472 6167 6F6E  [retrieve "Dragon]
7016AD06    2053 6C61 7965 7222 0A61 6E64 2066 696E  [ Slayer" and fin]
7016AD0E    6973 6820 7468 6520 7461 736B 206F 6620  [ish the task of ]
7016AD16    5369 7220 4C65 6F6E 6172 642E 0A0A 5465  [Sir Leonard.  Te]
7016AD1E    7272 616B 2063 6F6D 6D61 6E64 6564 2053  [rrak commanded S]
7016AD26    6972 204C 656F 6E61 7264 2074 6F20 6361  [ir Leonard to ca]
7016AD2E    7374 2022 4472 6167 6F6E 2053 6C61 7965  [st "Dragon Slaye]
7016AD36    7222 2064 6565 7020 696E 746F 0A74 6865  [r" deep into the]
7016AD3E    2062 6F77 656C 7320 6F66 2074 6865 2065  [ bowels of the e]
7016AD46    6172 7468 2075 706F 6E20 6675 6C66 696C  [arth upon fulfil]
7016AD4E    6C6D 656E 7420 6F66 2074 6865 2071 7565  [lment of the que]
7016AD56    7374 2E20 5468 650A 6272 6176 6520 6B6E  [st. The brave kn]
7016AD5E    6967 6874 2073 6C61 7965 6420 616C 6C20  [ight slayed all ]
7016AD66    6B6E 6F77 6E20 5768 6974 6520 4472 6167  [known White Drag]
7016AD6E    6F6E 7320 616E 6420 6B65 7074 2068 6973  [ons and kept his]
7016AD76    0A00 746F 2072 6964 2074 6865 206C 616E  [  to rid the lan]
7016AD7E    6420 6F66 2074 6865 2057 6869 7465 2044  [d of the White D]
7016AD86    7261 676F 6E73 2E20 4865 2077 6973 656C  [ragons. He wisel]
7016AD8E    7920 736F 7567 6874 206F 7574 0A74 6865  [y sought out the]
7016AD96    2067 7265 6174 2061 6E64 2070 6F77 6572  [ great and power]
7016AD9E    6675 6C20 7769 7A61 7264 2028 7768 6174  [ful wizard (what]
7016ADA6    2065 6C73 6520 6361 6E20 7769 7A61 7264  [ else can wizard]
7016ADAE    7320 6265 3F29 0A54 6572 7261 6B20 7768  [s be?) Terrak wh]
7016ADB6    6F20 6661 7368 696F 6E65 6420 6120 6368  [o fashioned a ch]
7016ADBE    6172 6D65 6420 7377 6F72 6420 6475 6262  [armed sword dubb]
7016ADC6    6564 2022 4472 6167 6F6E 2053 6C61 7965  [ed "Dragon Slaye]
7016ADCE    722E 0A22 0000 456F 6E73 2061 676F 2C20  [r. "  Eons ago, ]
7016ADD6    6120 6772 6561 7420 686F 7264 6520 6F66  [a great horde of]
7016ADDE    2057 6869 7465 2044 7261 676F 6E73 2074  [ White Dragons t]
7016ADE6    6572 726F 7269 7A65 6420 7468 650A 7465  [errorized the te]
7016ADEE    7272 6974 6F72 7920 6F66 2044 7261 676F  [rritory of Drago]
7016ADF6    6E69 612E 2054 6865 7920 706F 7373 6573  [nia. They posses]
7016ADFE    7365 6420 6D79 7374 6963 616C 2070 6F77  [sed mystical pow]
7016AE06    6572 7320 616E 640A 7765 7265 2066 6561  [ers and were fea]
7016AE0E    7265 6420 6279 2061 6C6C 2E20 5369 7220  [red by all. Sir ]
7016AE16    4C65 6F6E 6172 6420 7468 6520 426F 6C64  [Leonard the Bold]
7016AE1E    2077 6173 2067 6976 656E 2074 6865 2071  [ was given the q]
7016AE26    7565 7374 0A00 466F 7220 796F 7572 206E  [uest  For your n]
7016AE2E    6578 7420 7175 6573 7420 796F 7520 6D75  [ext quest you mu]
7016AE36    7374 2066 6F72 6D20 616E 2061 6C6C 6961  [st form an allia]
7016AE3E    6E63 6520 7769 7468 2054 6572 7261 6B20  [nce with Terrak ]
7016AE46    7468 650A 5769 7A61 7264 2061 6E64 2074  [the Wizard and t]
7016AE4E    616B 6520 6F76 6572 2061 2043 6974 6164  [ake over a Citad]
7016AE56    656C 2E20 5468 6520 6369 7461 6465 6C20  [el. The citadel ]
7016AE5E    6973 2061 2067 7265 6174 0A66 6F72 7469  [is a great forti]
7016AE66    6669 6564 2063 6173 746C 6520 7769 7468  [fied castle with]
7016AE6E    2069 6E6E 6572 2061 6E64 206F 7574 6572  [ inner and outer]
7016AE76    2064 6566 656E 6365 732E 2059 6F75 7220  [ defences. Your ]
7016AE7E    6368 6172 6973 6D61 0A61 7320 7765 6C6C  [charisma as well]
7016AE86    2061 7320 5465 7272 616B 2773 206D 6167  [ as Terrak's mag]
7016AE8E    6963 2069 7320 6E65 6564 6564 2074 6F20  [ic is needed to ]
7016AE96    636F 6D70 6C65 7465 2074 6869 7320 7175  [complete this qu]
7016AE9E    6573 742E 0A0A 5468 6520 6576 696C 206C  [est.  The evil l]
7016AEA6    6F72 6420 4C6F 7269 632C 206B 6E6F 776E  [ord Loric, known]
7016AEAE    2061 7320 4C6F 7269 6320 7468 6520 4461  [ as Loric the Da]
7016AEB6    726B 204C 6F72 642C 0A68 6173 2062 6565  [rk Lord, has bee]
7016AEBE    6E20 6361 7573 696E 6720 7465 7272 6F72  [n causing terror]
7016AEC6    2074 6872 6F75 6768 6F75 7420 7468 6520  [ throughout the ]
7016AECE    6C61 6E64 2E20 596F 7572 0A6E 6578 7420  [land. Your next ]
7016AED6    7175 6573 7420 6973 2074 6F20 6465 6665  [quest is to defe]
7016AEDE    6174 204C 6F72 6963 2069 6E20 6261 7474  [at Loric in batt]
7016AEE6    6C65 2061 6E64 2063 7572 7461 696C 0A68  [le and curtail h]
7016AEEE    6973 2072 6569 676E 206F 6620 7465 7272  [is reign of terr]
7016AEF6    6F72 2C20 756E 7469 6C2C 206F 6620 636F  [or, until, of co]
7016AEFE    7572 7365 2C20 6869 7320 6E65 7874 0A72  [urse, his next r]
7016AF06    6569 6E63 6172 6E61 7469 6F6E 2E0A 0A00  [eincarnation.   ]
7016AF0E    0000 2020 2020 6973 2061 6363 6573 7320  [      is access ]
7016AF16    6772 616E 7465 6420 746F 2068 6973 2066  [granted to his f]
7016AF1E    6F72 7472 6573 732E 204F 6E63 6520 696E  [ortress. Once in]
7016AF26    2074 6865 2066 6F72 7472 6573 7320 616E  [ the fortress an]
7016AF2E    0A20 2020 2061 6C6C 6961 6E63 6520 6361  [     alliance ca]
7016AF36    6E20 6265 206D 6164 6520 7769 7468 2068  [n be made with h]
7016AF3E    696D 2E0A 0A59 6F75 7220 6E65 7874 2071  [im.  Your next q]
7016AF46    7565 7374 2069 730A 746F 2066 6F72 6D20  [uest is to form ]
7016AF4E    616E 2061 6C6C 6961 6E63 6520 7769 7468  [an alliance with]
7016AF56    2041 6C62 696F 6E20 7468 6520 6769 616E  [ Albion the gian]
7016AF5E    742E 0A0A 0000 2020 2020 6973 2069 6D6D  [t.        is imm]
7016AF66    6F72 7461 6C20 616E 6420 706F 7365 7373  [ortal and posess]
7016AF6E    6573 2074 6865 2061 6269 6C69 7479 2074  [es the ability t]
7016AF76    6F20 7465 6C65 706F 7274 2074 6F20 6869  [o teleport to hi]
7016AF7E    730A 2020 2020 666F 7274 7265 7373 2028  [s     fortress (]
7016AF86    6C6F 6361 7465 6420 696E 2045 6173 7420  [located in East ]
7016AF8E    5361 7265 6C6C 2920 7768 656E 2068 6973  [Sarell) when his]
7016AF96    2077 696C 6C20 736F 0A20 2020 2064 6963  [ will so     dic]
7016AF9E    7461 7465 732E 204F 6E6C 7920 6166 7465  [tates. Only afte]
7016AFA6    7220 796F 7520 6861 7665 2064 6566 6561  [r you have defea]
7016AFAE    7465 6420 416C 6269 6F6E 2069 6E20 6261  [ted Albion in ba]
7016AFB6    7474 6C65 0A00 2020 2020 7468 6520 6372  [ttle      the cr]
7016AFBE    7973 7461 6C20 6F66 2041 6C62 696F 6E2E  [ystal of Albion.]
7016AFC6    2054 6865 2063 7279 7374 616C 2077 6173  [ The crystal was]
7016AFCE    2064 6573 7472 6F79 6564 206D 616E 790A  [ destroyed many ]
7016AFD6    2020 2020 656F 6E73 2061 676F 2C20 6275  [    eons ago, bu]
7016AFDE    7420 6672 6167 6D65 6E74 7320 7265 6D61  [t fragments rema]
7016AFE6    696E 206F 6E20 7468 6520 6973 6C61 6E64  [in on the island]
7016AFEE    206F 6620 4973 656E 6D61 726B 0A20 2020  [ of Isenmark    ]
7016AFF6    206C 6F63 6174 6564 2073 6F6D 6577 6865  [ located somewhe]
7016AFFE    7265 2069 6E20 7468 6520 6F63 6561 6E20  [re in the ocean ]
7016B006    6E6F 7274 6820 6F66 2044 7261 676F 6E69  [north of Dragoni]
7016B00E    612E 2041 6C62 696F 6E0A 2020 2020 416C  [a. Albion     Al]
7016B016    6269 6F6E 2074 6865 2067 6961 6E74 2069  [bion the giant i]
7016B01E    7320 6665 6172 6564 2074 6872 6F75 6768  [s feared through]
7016B026    6F75 7420 7468 6520 6C61 6E64 2E20 4E6F  [out the land. No]
7016B02E    0A20 2020 206B 6E6F 776E 2061 7263 616E  [     known arcan]
7016B036    6520 6F72 2070 6879 7369 6361 6C20 6861  [e or physical ha]
7016B03E    726D 2063 616E 2062 6566 616C 6C20 6869  [rm can befall hi]
7016B046    6D2E 2048 6520 6361 6E0A 2020 2020 6F6E  [m. He can     on]
7016B04E    6C79 2062 6520 6465 6665 6174 6564 2069  [ly be defeated i]
7016B056    6620 7468 6520 6174 7461 636B 6572 2068  [f the attacker h]
7016B05E    6F6C 6473 2061 2073 6861 7264 206F 660A  [olds a shard of ]
7016B066    0000 5468 6520 6C65 6765 6E64 206F 6620  [  The legend of ]
7016B06E    416C 6269 6F6E 2074 6865 2067 6961 6E74  [Albion the giant]
7016B076    2069 7320 6173 2066 6F6C 6C6F 7773 3A0A  [ is as follows: ]
7016B07E    2E0A 2068 6173 2062 6565 6E20 6162 6475  [.  has been abdu]
7016B086    6374 6564 2062 7920 6576 696C 204C 6F72  [cted by evil Lor]
7016B08E    6420 6F66 205A 6F72 6E2C 0A77 686F 2068  [d of Zorn, who h]
7016B096    6173 2069 6D70 7269 736F 6E65 6420 6865  [as imprisoned he]
7016B09E    7220 696E 2068 6973 2069 6D70 6572 7669  [r in his impervi]
7016B0A6    6F75 7320 686F 6C64 2E20 596F 7572 2071  [ous hold. Your q]
7016B0AE    7565 7374 2069 730A 746F 2072 6573 6375  [uest is to rescu]
7016B0B6    6520 7468 6520 7072 696E 6365 7373 2061  [e the princess a]
7016B0BE    6E64 2072 6574 7572 6E20 6865 7220 746F  [nd return her to]
7016B0C6    2068 6572 2068 6F6D 6520 6361 7374 6C65  [ her home castle]
7016B0CE    2069 6E20 0A00 5468 6520 6265 6175 7469  [ in   The beauti]
7016B0D6    6675 6C20 7072 696E 6365 7373 2000 7472  [ful princess  tr]
7016B0DE    696C 6F67 7920 7175 6573 7473 2E20 5468  [ilogy quests. Th]
7016B0E6    6520 6D61 7374 6572 2076 6F6C 756D 6520  [e master volume ]
7016B0EE    6361 6E20 6E6F 7420 6265 206F 6274 6169  [can not be obtai]
7016B0F6    6E65 6420 7769 7468 6F75 740A 616C 6C20  [ned without all ]
7016B0FE    7468 6520 7472 696C 6F67 6965 7320 696E  [the trilogies in]
7016B106    2079 6F75 7220 706F 7365 7373 696F 6E2E  [ your posession.]
7016B10E    0A00 436F 6E67 7261 7475 6C61 7469 6F6E  [  Congratulation]
7016B116    7321 2020 596F 7520 6F77 6E20 616C 6C20  [s!  You own all ]
7016B11E    7468 7265 6520 7472 696C 6F67 6965 732E  [three trilogies.]
7016B126    204E 6F77 2079 6F75 0A6D 7573 7420 6669  [ Now you must fi]
7016B12E    6E64 2074 6865 206D 6173 7465 7220 766F  [nd the master vo]
7016B136    6C75 6D65 2074 6F20 636F 6D70 6C65 7465  [lume to complete]
7016B13E    2074 6865 206C 6173 7420 6F66 2074 6865  [ the last of the]
7016B146    0A00 766F 6C75 6D65 7320 6F66 2074 6865  [  volumes of the]
7016B14E    2074 6869 7264 2074 7269 6C6F 6779 2061  [ third trilogy a]
7016B156    6E64 2062 7269 6E67 2074 6865 6D20 746F  [nd bring them to]
7016B15E    206F 6E65 206F 6620 796F 7572 0A63 6173  [ one of your cas]
7016B166    746C 6573 2E20 5468 6520 7468 6972 6420  [tles. The third ]
7016B16E    7472 696C 6F67 7920 6361 6E20 6E6F 7420  [trilogy can not ]
7016B176    6265 206F 6274 6169 6E65 6420 7769 7468  [be obtained with]
7016B17E    6F75 7420 7468 650A 6669 7273 7420 616E  [out the first an]
7016B186    6420 7365 636F 6E64 2074 7269 6C6F 6769  [d second trilogi]
7016B18E    6573 2069 6E20 796F 7572 2070 6F73 6573  [es in your poses]
7016B196    7369 6F6E 2E0A 5468 6520 7468 6972 6420  [sion. The third ]
7016B19E    7472 696C 6F67 7920 6973 2065 6E74 6974  [trilogy is entit]
7016B1A6    6C65 6420 2754 6865 204C 6F72 6520 6F66  [led 'The Lore of]
7016B1AE    2074 6865 2046 6972 6527 2E0A 546F 2063  [ the Fire'. To c]
7016B1B6    6F6D 706C 6574 6520 7468 6973 2074 6173  [omplete this tas]
7016B1BE    6B20 796F 7520 6D75 7374 2063 6F6C 6C65  [k you must colle]
7016B1C6    6374 2061 6C6C 2074 6872 6565 2064 6966  [ct all three dif]
7016B1CE    6665 7265 6E74 0A00 0000 766F 6C75 6D65  [ferent    volume]
7016B1D6    7320 6F66 2074 6865 2073 6563 6F6E 6420  [s of the second ]
7016B1DE    7472 696C 6F67 7920 616E 6420 6272 696E  [trilogy and brin]
7016B1E6    6720 7468 656D 2074 6F20 6F6E 6520 6F66  [g them to one of]
7016B1EE    2079 6F75 720A 6361 7374 6C65 732E 2054  [ your castles. T]
7016B1F6    6865 2073 6563 6F6E 6420 7472 696C 6F67  [he second trilog]
7016B1FE    7920 6361 6E20 6E6F 7420 6265 206F 6274  [y can not be obt]
7016B206    6169 6E65 6420 7769 7468 6F75 7420 7468  [ained without th]
7016B20E    650A 6669 7273 7420 7472 696C 6F67 7920  [e first trilogy ]
7016B216    696E 2079 6F75 7220 706F 7365 7373 696F  [in your posessio]
7016B21E    6E2E 0A00 0000 5468 6520 7365 636F 6E64  [n.    The second]
7016B226    2074 7269 6C6F 6779 2069 7320 656E 7469  [ trilogy is enti]
7016B22E    746C 6564 2027 5468 6520 4C6F 7265 206F  [tled 'The Lore o]
7016B236    6620 7468 6520 5769 6E64 272E 0A54 6F20  [f the Wind'. To ]
7016B23E    636F 6D70 6C65 7465 2074 6869 7320 7461  [complete this ta]
7016B246    736B 2079 6F75 206D 7573 7420 636F 6C6C  [sk you must coll]
7016B24E    6563 7420 616C 6C20 7468 7265 6520 6469  [ect all three di]
7016B256    6666 6572 656E 740A 0000 7461 736B 2079  [fferent   task y]
7016B25E    6F75 206D 7573 7420 636F 6C6C 6563 7420  [ou must collect ]
7016B266    616C 6C20 7468 7265 6520 6469 6666 6572  [all three differ]
7016B26E    656E 7420 766F 6C75 6D65 7320 6F66 2074  [ent volumes of t]
7016B276    6865 0A66 6972 7374 2074 7269 6C6F 6779  [he first trilogy]
7016B27E    2061 6E64 2062 7269 6E67 2074 6865 6D20  [ and bring them ]
7016B286    746F 206F 6E65 206F 6620 796F 7572 2063  [to one of your c]
7016B28E    6173 746C 6573 2E0A 0000 6F66 2074 6872  [astles.   of thr]
7016B296    6565 2074 7269 6C6F 6769 6573 2061 6E64  [ee trilogies and]
7016B29E    2061 206D 6173 7465 7220 766F 6C75 6D65  [ a master volume]
7016B2A6    2E20 5468 6520 6669 7273 7420 7472 696C  [. The first tril]
7016B2AE    6F67 790A 6973 2065 6E74 6974 6C65 6420  [ogy is entitled ]
7016B2B6    2754 6865 204C 6F72 6520 6F66 2074 6865  ['The Lore of the]
7016B2BE    2045 6172 7468 272E 2054 6F20 636F 6D70  [ Earth'. To comp]
7016B2C6    6C65 7465 2074 6869 730A 596F 7520 6861  [lete this You ha]
7016B2CE    7665 2073 7563 6365 7373 6675 6C6C 7920  [ve successfully ]
7016B2D6    7072 6F76 656E 2079 6F75 7220 736B 696C  [proven your skil]
7016B2DE    6C20 6173 2061 2071 7565 7374 206D 6173  [l as a quest mas]
7016B2E6    7465 722E 0A59 6F75 7220 6E65 7874 2066  [ter. Your next f]
7016B2EE    6F75 7220 7175 6573 7473 2077 696C 6C20  [our quests will ]
7016B2F6    696E 766F 6C76 6520 7468 6520 636F 6C6C  [involve the coll]
7016B2FE    6563 7469 6F6E 0A00 0000 6F66 206F 6E65  [ection    of one]
7016B306    206F 6620 796F 7572 206F 776E 2063 6173  [ of your own cas]
7016B30E    746C 6573 2077 6974 6820 6120 5374 6166  [tles with a Staf]
7016B316    6620 6F66 2074 6865 2044 6172 6B20 4C6F  [f of the Dark Lo]
7016B31E    7264 2E0A 5761 726E 696E 673A 2041 2073  [rd. Warning: A s]
7016B326    7461 6666 206F 6620 7468 6520 4461 726B  [taff of the Dark]
7016B32E    204C 6F72 6420 6361 6E20 6361 7573 6520  [ Lord can cause ]
7016B336    756E 7573 7561 6C0A 7369 6465 2065 6666  [unusual side eff]
7016B33E    6563 7473 2E0A 0A00 0000 596F 7520 6172  [ects.     You ar]
7016B346    6520 6E6F 7720 7261 6E6B 6564 2061 7320  [e now ranked as ]
7016B34E    6120 5175 6573 7420 4D61 7374 6572 2E20  [a Quest Master. ]
7016B356    546F 2070 726F 7665 2079 6F75 7273 656C  [To prove yoursel]
7016B35E    660A 776F 7274 6879 206F 6620 7468 6520  [f worthy of the ]
7016B366    7469 746C 652C 2079 6F75 206D 7573 7420  [title, you must ]
7016B36E    7665 6E74 7572 6520 696E 746F 2074 6865  [venture into the]
7016B376    2068 6561 7274 0A6F 6620 4465 6174 6827  [ heart of Death']
7016B37E    7320 4465 6D65 6E73 6573 2061 6E64 2072  [s Demenses and r]
7016B386    6574 7572 6E20 616C 6976 6520 746F 2074  [eturn alive to t]
7016B38E    6865 2073 6166 6574 790A 596F 7520 6861  [he safety You ha]
7016B396    7665 2073 7563 6365 7373 6675 6C6C 7920  [ve successfully ]
7016B39E    7072 6F76 656E 2079 6F75 7220 726F 7961  [proven your roya]
7016B3A6    6C69 7479 2120 596F 7520 6D75 7374 0A6E  [lity! You must n]
7016B3AE    6F77 2070 726F 7665 2079 6F75 7220 7472  [ow prove your tr]
7016B3B6    7565 2063 6F75 7261 6765 2062 7920 6465  [ue courage by de]
7016B3BE    6665 6174 696E 6720 7468 650A 6465 6164  [feating the dead]
7016B3C6    6C79 2062 6C61 636B 2064 7261 676F 6E2E  [ly black dragon.]
7016B3CE    2047 6F6F 6420 4C75 636B 2120 2879 6F75  [ Good Luck! (you]
7016B3D6    276C 6C20 6E65 6564 2069 7429 0A0A 4166  ['ll need it)  Af]
7016B3DE    7465 7220 7468 6573 6520 6F62 6A65 6374  [ter these object]
7016B3E6    7320 6172 6520 696E 2079 6F75 7220 706F  [s are in your po]
7016B3EE    7373 6573 7369 6F6E 200A 796F 7520 6D75  [ssession  you mu]
7016B3F6    7374 2063 6C61 696D 2061 2063 6173 746C  [st claim a castl]
7016B3FE    6520 666F 7220 796F 7572 206F 776E 2E0A  [e for your own. ]
7016B406    476F 6F64 204C 7563 6B21 0A0A 0000 596F  [Good Luck!    Yo]
7016B40E    7520 6D75 7374 206E 6F77 2070 726F 7665  [u must now prove]
7016B416    2079 6F75 7220 726F 7961 6C69 7479 2062  [ your royality b]
7016B41E    7920 7365 656B 696E 6720 6F75 7420 616E  [y seeking out an]
7016B426    640A 6F62 7461 696E 696E 6720 7468 6520  [d obtaining the ]
7016B42E    666F 6C6C 6F77 696E 6720 3520 726F 7961  [following 5 roya]
7016B436    6C20 6F62 6A65 6374 733A 200A 7369 676E  [l objects:  sign]
7016B43E    6574 2072 696E 672C 2067 7265 6174 2073  [et ring, great s]
7016B446    6561 6C2C 2073 6365 7074 6572 2C20 676F  [eal, scepter, go]
7016B44E    6C64 656E 206F 7262 2C20 616E 6420 0A63  [lden orb, and  c]
7016B456    726F 776E 2E20 596F 7520 6861 7665 2073  [rown. You have s]
7016B45E    7563 6365 7373 6675 6C6C 7920 7072 6F76  [uccessfully prov]
7016B466    656E 2079 6F75 7220 6865 726F 6973 6D21  [en your heroism!]
7016B46E    2059 6F75 206D 7573 740A 6E6F 7720 7072  [ You must now pr]
7016B476    6F76 6520 796F 7572 2069 6D70 6572 6961  [ove your imperia]
7016B47E    6C69 7374 6963 2069 6E74 656E 7420 6279  [listic intent by]
7016B486    2073 6569 7A69 6E67 0A61 2063 6173 746C  [ seizing a castl]
7016B48E    6520 6279 2066 6F72 6365 2E20 476F 6F64  [e by force. Good]
7016B496    204C 7563 6B21 0A0A 0000 546F 2070 726F  [ Luck!    To pro]
7016B49E    7665 2079 6F75 7220 6865 726F 6973 6D2C  [ve your heroism,]
7016B4A6    2079 6F75 7220 6669 7273 7420 7175 6573  [ your first ques]
7016B4AE    7420 6973 2074 6F0A 736C 6179 2061 2064  [t is to slay a d]
7016B4B6    7261 676F 6E2E 2054 6865 2064 7261 676F  [ragon. The drago]
7016B4BE    6E20 6D61 7920 6265 206F 6620 616E 7920  [n may be of any ]
7016B4C6    6472 6167 6F6E 2076 6172 6965 7479 0A0A  [dragon variety  ]
7016B4CE    0C00 0E2E 2E0F 0E3A 2E0F 0E2E 3A0F 0E20  [   ..  :.  .:   ]
7016B4D6    3A0F 0E3A 200F 1422 2215 1422 1520 2014  [:  :   ""  "    ]
7016B4DE    2215 147B 7D15 0E28 290F 003B 3B00 007C  ["  {}  ()  ;;  |]
7016B4E6    2000 0020 7C00 147C 2F15 145C 7C15 002F  [    |  |/  \|  /]
7016B4EE    2000 0020 5C00 1C2E 201D 1C49 491D 0020  [    \  .   II   ]
7016B4F6    2000 1C22 221D 1C77 771D 1C57 571D 1C21  [   ""  ww  WW  !]
7016B4FE    211D 1C28 291D 1C66 661D 1C6D 6D1D 1C4D  [!  ()  ff  mm  M]
7016B506    4D1D 1C2B 2B1D 1C78 201D 002F 2D00 002D  [M  ++  x   /-  -]
7016B50E    2D00 002D 5C00 005C 2D00 002D 2F00 007C  [-  -\  \-  -/  |]
7016B516    2D00 002D 7C00 2014 2015 1420 1520 7C14  [-  -|         | ]
7016B51E    2015 1420 157C 7C14 5315 0023 2000 005B  [     || S  #   []
7016B526    5D00 0025 2500 2014 2015 1420 1520 142F  []  %%          /]
7016B52E    2015 1420 5C15 0E74 200F 005F 5E00 005E  [    \  t   _^  ^]
7016B536    5F00 7C14 2015 1420 157C 1C2A 2A1D 0E7E  [_ |      | **  ~]
7016B53E    7E0F 007C 2D00 002D 7C00 002D 2D00 007C  [~  |-  -|  --  |]
7016B546    2000 0020 7C00                           [    |           ]

memory_data: 0x7016BD38 0x7016BDB3
7016BD38    0000 0E2E 2E0F 0E3A 2E0F 0E2E 3A0F 0E20  [   ..  :.  .:   ]
7016BD40    3A0F 0E3A 200F 1422 2215 1422 1520 2014  [:  :   ""  "    ]
7016BD48    2215 147B 7D15 0E28 290F 003B 3B00 007C  ["  {}  ()  ;;  |]
7016BD50    2000 0020 7C00 147C 2F15 145C 7C15 002F  [    |  |/  \|  /]
7016BD58    2000 0020 5C00 1C2E 201D 1C49 491D 0020  [    \  .   II   ]
7016BD60    2000 1C22 221D 1C77 771D 1C57 571D 1C21  [   ""  ww  WW  !]
7016BD68    211D 1C28 291D 1C66 661D 1C6D 6D1D 1C4D  [!  ()  ff  mm  M]
7016BD70    4D1D 1C2B 2B1D 1C78 201D 002F 2D00 002D  [M  ++  x   /-  -]
7016BD78    2D00 002D 5C00 005C 2D00 002D 2F00 007C  [-  -\  \-  -/  |]
7016BD80    2D00 002D 7C00 2014 2015 1420 1520 7C14  [-  -|         | ]
7016BD88    2015 1420 157C 7C14 5315 0023 2000 005B  [     || S  #   []
7016BD90    5D00 0025 2500 2014 2015 1420 1520 142F  []  %%          /]
7016BD98    2015 1420 5C15 0E74 200F 005F 5E00 005E  [    \  t   _^  ^]
7016BDA0    5F00 7C14 2015 1420 157C 1C2A 2A1D 0E7E  [_ |      | **  ~]
7016BDA8    7E0F 007C 2D00 002D 7C00 002D 2D00 007C  [~  |-  -|  --  |]
7016BDB0    2000 0020 7C00                           [    |           ]

memory_data: 0x7016BE20 0x7016BE21
7016BE20    E2B8                                     [                ]

memory_data: 0x7016BE5C 0x7016BE5D
7016BE5C    E2B8                                     [                ]

memory_data: 0x7016BED2 0x7016BF08
7016BED2    C629 0032 9C98 0002 0032 E689 0032 81B9  [ ) 2     2   2  ]
7016BEDA    CF19 8149 8318 7000 0212 9379 CBF9 000F  [   I  p    y    ]
7016BEE2    CB60 A989 F3B8 E329 0002 E689 0032 81B9  [ `     )     2  ]
7016BEEA    CF19 8149 8318 7000 0212 EB09 FFF4 9379  [   I  p        y]
7016BEF2    D3F9 000F CB60 B189 88B8 D699 0001 86A0  [     `          ]
7016BEFA    D1B9 CF19 C629 0009 9169 9318 7000 0212  [     )   i  p   ]
7016BF02    C309 2CEA A189 80F8 E338 87A9            [  ,      8      ]

memory_data: 0x7016BF1A 0x7016BF1B
7016BF1A    0000                                     [                ]

memory_jump_table: 0x7016BF1B 0x7016BF69
7016bf1f VALID RANGE: [1, 37]
         JUMP TARGETS: 0x7016D70A, 0x7016D720, 0x7016D74C, 0x7016D736, 0x7016D762, 0x7016D78E, 0x7016D778, 0x7016D7A4,
                       0x7016D7BA, 0x7016D7D0, 0x7016D7F5, 0x7016D80B, 0x7016D821, 0x7016D846, 0x7016D86B, 0x7016D881,
                       0x7016D897, 0x7016D8BC, 0x7016D8E1, 0x7016D8F7, 0x7016D90D, 0x7016D974, 0x7016D948, 0x7016D95E,
                       0x7016D932, 0x7016D9A0, 0x7016D98A, 0x7016D9B6, 0x7016D9E2, 0x7016D9F8, 0x7016D9CC, 0x7016DA61,
                       0x7016DA76, 0x7016DA0D, 0x7016DA4C, 0x7016DA37, 0x7016DA22

memory_data: 0x7016BF69 0x7016D55F
7016BF69    6974 2E20 2054 6865 2064 7269 6E6B 696E  [it.  The drinkin]
7016BF71    6720 7072 6F63 6573 7320 6672 6F6D 2074  [g process from t]
7016BF79    6865 2073 6B69 6E20 7769 6C6C 2062 6520  [he skin will be ]
7016BF81    6861 6E64 6C65 640A 6175 746F 6D61 7469  [handled automati]
7016BF89    6361 6C6C 792E 0A0A 456D 7074 7920 736B  [cally.  Empty sk]
7016BF91    696E 7320 6172 6520 736F 6C64 2061 7420  [ins are sold at ]
7016BF99    7374 6F72 6573 2066 6F72 2061 206E 6F6D  [stores for a nom]
7016BFA1    696E 616C 2063 6F73 742E 2020 596F 7520  [inal cost.  You ]
7016BFA9    6361 6E0A 6669 6C6C 2061 2077 6174 6572  [can fill a water]
7016BFB1    2073 6B69 6E20 6279 206D 6F76 696E 6720  [ skin by moving ]
7016BFB9    7468 726F 7567 6820 6120 6472 696E 6B61  [through a drinka]
7016BFC1    626C 6520 736F 7572 6365 2C0A 7072 6F76  [ble source, prov]
7016BFC9    6964 696E 6720 7468 6174 2074 6865 2073  [iding that the s]
7016BFD1    6B69 6E20 6973 2069 6E20 796F 7572 2069  [kin is in your i]
7016BFD9    6E76 656E 746F 7279 2028 6E6F 7420 6261  [nventory (not ba]
7016BFE1    636B 7061 636B 292E 0A59 6F75 206D 7573  [ckpack). You mus]
7016BFE9    7420 6861 7665 2074 6865 2077 6174 6572  [t have the water]
7016BFF1    2073 6B69 6E20 696E 2074 6865 2069 6E76  [ skin in the inv]
7016BFF9    656E 746F 7279 2074 6F20 6472 696E 6B20  [entory to drink ]
7016C001    6672 6F6D 0A00 0000 0A14 5761 7465 7215  [from      Water ]
7016C009    0A0A 2020 2020 596F 7520 6D75 7374 2064  [      You must d]
7016C011    7269 6E6B 2077 6174 6572 2065 7665 7279  [rink water every]
7016C019    2032 3020 7475 726E 7320 6F72 2079 6F75  [ 20 turns or you]
7016C021    2077 696C 6C20 6265 6769 6E0A 746F 2077  [ will begin to w]
7016C029    6561 6B65 6E2E 2020 596F 7520 6361 6E20  [eaken.  You can ]
7016C031    7461 6B65 2061 2064 7269 6E6B 2062 7920  [take a drink by ]
7016C039    7761 6C6B 696E 6720 696E 746F 2061 6E79  [walking into any]
7016C041    2064 7269 6E6B 6162 6C65 0A77 6174 6572  [ drinkable water]
7016C049    2073 6F75 7263 652E 2020 5761 7465 7220  [ source.  Water ]
7016C051    6361 6E20 6265 2063 6172 7269 6564 2069  [can be carried i]
7016C059    6E20 6120 7761 7465 7220 736B 696E 2E0A  [n a water skin. ]
7016C061    796F 7572 2062 6163 6B70 6163 6B2E 2020  [your backpack.  ]
7016C069    5768 656E 2074 6865 2072 6174 696F 6E73  [When the rations]
7016C071    2061 7265 2066 756C 6C79 2063 6F6E 7375  [ are fully consu]
7016C079    6D65 642C 2074 6865 7920 6172 650A 7265  [med, they are re]
7016C081    6D6F 7665 642E 0A00 1446 6F6F 6415 0A0A  [moved.   Food   ]
7016C089    2020 2020 466F 6F64 2072 6174 696F 6E73  [    Food rations]
7016C091    2063 616E 2062 6520 7075 7263 6861 7365  [ can be purchase]
7016C099    6420 6174 2073 746F 7265 732E 2020 5468  [d at stores.  Th]
7016C0A1    6579 206C 6173 7420 666F 720A 6162 6F75  [ey last for abou]
7016C0A9    7420 7365 7665 6E20 6461 7973 2C20 6120  [t seven days, a ]
7016C0B1    6461 7920 6265 696E 6720 6170 7072 6F78  [day being approx]
7016C0B9    2E20 3630 206D 6F76 6573 2E20 2046 6F6F  [. 60 moves.  Foo]
7016C0C1    6420 6973 0A61 7574 6F6D 6174 6963 616C  [d is automatical]
7016C0C9    6C79 2063 6F6E 7375 6D65 6420 6672 6F6D  [ly consumed from]
7016C0D1    2065 6974 6865 7220 796F 7520 696E 7665  [ either you inve]
7016C0D9    6E74 6F72 7920 6F72 2066 726F 6D0A 0000  [ntory or from   ]
7016C0E1    0E54 680F 202D 2054 686F 7227 7320 6861  [ Th  - Thor's ha]
7016C0E9    6D6D 6572 200E 4362 0F20 2D20 4372 7973  [mmer  Cb  - Crys]
7016C0F1    7461 6C20 6261 6C6C 200E 5773 0F20 2D20  [tal ball  Ws  - ]
7016C0F9    5769 7A61 7264 7320 7363 726F 6C6C 0A0E  [Wizards scroll  ]
7016C101    4972 0F20 2D20 496E 7669 732E 2072 696E  [Ir  - Invis. rin]
7016C109    6720 2020 0E54 720F 202D 2054 656C 6570  [g    Tr  - Telep]
7016C111    6F72 7420 7269 6E67 0A0E 5372 0F20 2D20  [ort ring  Sr  - ]
7016C119    5374 6166 6620 6F66 2052 6120 2020 0E53  [Staff of Ra    S]
7016C121    640F 202D 2053 7461 6666 206F 6620 4465  [d  - Staff of De]
7016C129    6174 680A 0A00 0000 0E54 6B0F 202D 2054  [ath      Tk  - T]
7016C131    7261 6E73 206B 6579 2020 2020 200E 436C  [rans key      Cl]
7016C139    0F20 2D20 436C 6F61 6B20 2020 2020 2020  [  - Cloak       ]
7016C141    200E 5367 0F20 2D20 5370 7920 676C 6173  [  Sg  - Spy glas]
7016C149    730A 0E4F 6E0F 202D 204F 6E65 2072 696E  [s  On  - One rin]
7016C151    6720 2020 2020 200E 4D72 0F20 2D20 4D61  [g       Mr  - Ma]
7016C159    6769 6320 726F 7065 2020 200E 4361 0F20  [gic rope    Ca  ]
7016C161    2D20 4361 6475 6365 7573 0A00 4D61 6769  [- Caduceus  Magi]
7016C169    6320 7379 6D62 6F6C 7320 6172 653A 0A0A  [c symbols are:  ]
7016C171    0E52 690F 202D 2053 6967 6E65 7420 7269  [ Ri  - Signet ri]
7016C179    6E67 2020 200E 4F72 0F20 2D20 476F 6C64  [ng    Or  - Gold]
7016C181    656E 206F 7262 2020 200E 4372 0F20 2D20  [en orb    Cr  - ]
7016C189    4372 6F77 6E0A 0E53 630F 202D 2053 6365  [Crown  Sc  - Sce]
7016C191    7074 6572 2020 2020 2020 200E 5365 0F20  [pter        Se  ]
7016C199    2D20 4772 6561 7420 7365 616C 2020 200E  [- Great seal    ]
7016C1A1    426F 0F20 2D20 4D61 6769 6320 626F 6F74  [Bo  - Magic boot]
7016C1A9    730A 0000 5472 6561 7375 7265 2073 796D  [s   Treasure sym]
7016C1B1    626F 6C73 2061 7265 3A0A 0A0A 0E53 490F  [bols are:    SI ]
7016C1B9    202D 2053 696C 7665 7220 2020 2020 0E41  [ - Silver      A]
7016C1C1    4D0F 202D 2041 6D65 7468 7973 7420 2020  [M  - Amethyst   ]
7016C1C9    0E54 4F0F 202D 2054 6F70 617A 0A0E 474F  [ TO  - Topaz  GO]
7016C1D1    0F20 2D20 476F 6C64 2020 2020 2020 200E  [  - Gold        ]
7016C1D9    5341 0F20 2D20 5361 7070 6869 7265 7320  [SA  - Sapphires ]
7016C1E1    200E 5255 0F20 2D20 5275 6269 6573 0A0E  [  RU  - Rubies  ]
7016C1E9    454D 0F20 2D20 456D 6572 616C 6473 2020  [EM  - Emeralds  ]
7016C1F1    200E 4449 0F20 2D20 4469 616D 6F6E 6473  [  DI  - Diamonds]
7016C1F9    2020 200E 4352 0F20 2D20 4D61 6769 6320  [    CR  - Magic ]
7016C201    6372 7973 7461 6C73 0A0A 0000 2020 2020  [crystals        ]
7016C209    7C20 2A2A 2A2A 2A20 7C20 2020 2020 2020  [| ***** |       ]
7016C211    2068 6F6C 6420 2020 2020 2014 7C2F 1520  [ hold       |/  ]
7016C219    2020 2014 5C7C 1520 616C 6368 656D 6973  [    \|  alchemis]
7016C221    740A 2020 2020 7C2D 2D2D 2D2D 2D2D 7C20  [t     |-------| ]
7016C229    2020 2020 2020 2020 2020 2020 2020 2020  [                ]
7016C231    2074 656D 706C 6520 2020 2020 686F 6D65  [ temple     home]
7016C239    0A46 6F72 7472 6573 7320 6F66 2041 6C62  [ Fortress of Alb]
7016C241    696F 6E0A 5370 6563 6961 6C20 7374 7275  [ion Special stru]
7016C249    6374 7572 6573 2061 7265 3A0A 0A20 2020  [ctures are:     ]
7016C251    207C 2D2D 2D2D 7C0A 2020 2020 7C20 2A2A  [ |----|     | **]
7016C259    207C 2020 2020 2020 2020 2020 205F 5E5E  [ |           _^^]
7016C261    5F20 2020 2020 203B 3B3B 3B3B 3B3B 3B0A  [_      ;;;;;;;; ]
7016C269    2020 2020 7C20 2A2A 207C 2D2D 7C20 2020  [    | ** |--|   ]
7016C271    2020 2020 2014 7C20 207C 1520 2020 2020  [      |  |      ]
7016C279    207C 202F 2020 5C20 7C20 2020 2014 7B7D  [ | /  \ |     {}]
7016C281    150A 0000 5374 7275 6374 7572 6520 7379  [    Structure sy]
7016C289    6D62 6F6C 7320 6172 653A 0A0A 2014 2020  [mbols are:      ]
7016C291    1520 2020 2020 2020 2020 1420 2015 2020  [                ]
7016C299    2020 2020 2F2D 2D2D 2D5C 2020 2020 2020  [    /----\      ]
7016C2A1    2020 2020 2014 2020 150A 7C14 2020 157C  [          |    |]
7016C2A9    2020 2020 2020 207C 1453 2015 7C20 2020  [       | S  |   ]
7016C2B1    2020 7C2D 2020 2D7C 2063 6173 746C 6520  [  |-  -| castle ]
7016C2B9    2020 142F 2020 5C15 0A62 7569 6C64 696E  [   /  \  buildin]
7016C2C1    6720 2020 7374 6F72 6520 2020 205C 2D2D  [g   store    \--]
7016C2C9    2D2D 2F20 2020 2020 2020 2020 746F 7765  [--/         towe]
7016C2D1    720A 0A00 0A0A 0000 2020 7C0A 7C20 2000  [r         | |   ]
7016C2D9    2020 207C 2000 2020 0C53 796D 626F 6C20  [   |     Symbol ]
7016C2E1    7C20 4E61 6D65 2020 2020 2020 2020 2020  [| Name          ]
7016C2E9    2020 2020 2020 2020 2020 2020 2020 2020  [                ]
7016C2F1    7C20 5374 7265 6E67 7468 207C 0A2D 2D2D  [| Strength | ---]
7016C2F9    2D2D 2D2D 2D2D 2D2D 2D2D 2D2D 2D2D 2D2D  [----------------]
7016C301    2D2D 2D2D 2D2D 2D2D 2D2D 2D2D 2D2D 2D2D  [----------------]
7016C309    2D2D 2D2D 2D2D 2D2D 2D2D 2D2D 2D2D 2D2D  [----------------]
7016C311    0A00 0000 0A20 2020 2054 6F20 7573 6520  [         To use ]
7016C319    6120 6261 7474 6572 696E 6720 7261 6D2C  [a battering ram,]
7016C321    2073 696D 706C 7920 6275 6D70 2074 6865  [ simply bump the]
7016C329    2063 6173 746C 652E 2042 6577 6172 650A  [ castle. Beware ]
7016C331    6F66 2062 6F69 6C69 6E67 206F 696C 2E0A  [of boiling oil. ]
7016C339    0A20 2020 2054 6865 206F 6274 6169 6E20  [     The obtain ]
7016C341    6B6E 6F77 6C65 6467 6520 7370 656C 6C20  [knowledge spell ]
7016C349    7769 6C6C 0A72 6570 6F72 7420 6F6E 2074  [will report on t]
7016C351    6865 2063 6173 746C 6527 7320 7065 7263  [he castle's perc]
7016C359    656E 7420 6F66 2064 6566 656E 7365 7320  [ent of defenses ]
7016C361    7265 6D61 696E 696E 672E 0A0A 6861 7264  [remaining.  hard]
7016C369    6572 2069 7420 6869 7473 2E20 5468 6520  [er it hits. The ]
7016C371    6661 7274 6865 7220 7468 6520 6361 7461  [farther the cata]
7016C379    7075 6C74 2069 7320 706C 6163 6564 2074  [pult is placed t]
7016C381    6865 206C 6573 736F 720A 7468 6520 706F  [he lessor the po]
7016C389    7373 6962 696C 6974 7920 666F 7220 6861  [ssibility for ha]
7016C391    7669 6E67 2069 7420 666C 616D 6564 2062  [ving it flamed b]
7016C399    7920 7468 6520 6361 7374 6C65 2061 7263  [y the castle arc]
7016C3A1    6865 7273 2E0A 0000 7468 6520 6361 7461  [hers.   the cata]
7016C3A9    7075 6C74 2066 6972 696E 6720 6F6E 2061  [pult firing on a]
7016C3B1    2063 6173 746C 652C 2064 726F 7020 6974  [ castle, drop it]
7016C3B9    2077 6974 6869 6E20 3420 6D6F 7665 7320  [ within 4 moves ]
7016C3C1    6672 6F6D 0A74 6865 2063 6173 746C 6520  [from the castle ]
7016C3C9    6365 6E74 6572 2E20 5468 6520 636C 6F73  [center. The clos]
7016C3D1    6572 2074 6865 2063 6174 6170 756C 7420  [er the catapult ]
7016C3D9    6973 2070 6C61 6365 642C 2074 6865 0A00  [is placed, the  ]
7016C3E1    666F 7220 6120 7375 6363 6573 7366 756C  [for a successful]
7016C3E9    2063 616D 7061 6967 6E2E 2054 6F20 7573  [ campaign. To us]
7016C3F1    6520 6120 6361 7461 7075 6C74 2079 6F75  [e a catapult you]
7016C3F9    206D 7573 7420 6573 7461 626C 6973 680A  [ must establish ]
7016C401    6D61 6769 6320 636F 6E74 726F 6C20 6279  [magic control by]
7016C409    2074 616B 696E 6720 616E 6420 7265 6C65  [ taking and rele]
7016C411    6173 696E 6720 7468 6520 6361 7461 7075  [asing the catapu]
7016C419    6C74 2E20 546F 2073 7461 7274 0A00 0000  [lt. To start    ]
7016C421    6163 7469 7665 206D 6164 6465 6E65 6420  [active maddened ]
7016C429    6B6E 6967 6874 7320 696E 2074 6865 6972  [knights in their]
7016C431    2070 7572 7375 6974 206F 6620 796F 752E  [ pursuit of you.]
7016C439    0A0A 2020 2020 5468 6520 7573 6520 6F66  [      The use of]
7016C441    2061 2063 6174 6170 756C 7420 616E 642F  [ a catapult and/]
7016C449    6F72 2062 6174 7465 7269 6E67 2072 616D  [or battering ram]
7016C451    2069 7320 6E65 6365 7373 6172 790A 0000  [ is necessary   ]
7016C459    6B6E 6967 6874 7320 746F 2064 6566 656E  [knights to defen]
7016C461    6420 7468 6569 7220 7265 616C 6D2E 2054  [d their realm. T]
7016C469    6F20 7175 6974 2073 6569 6765 2028 6120  [o quit seige (a ]
7016C471    636F 7761 7264 6C79 2061 6374 292C 0A75  [cowardly act), u]
7016C479    7365 2074 6865 2022 5122 2063 6F6D 6D61  [se the "Q" comma]
7016C481    6E64 2E20 5468 6973 2077 696C 6C20 6E6F  [nd. This will no]
7016C489    742C 2068 6F77 6576 6572 2C20 6469 7363  [t, however, disc]
7016C491    6F75 7261 6765 2061 6E79 0A00 0C20 2020  [ourage any      ]
7016C499    2020 2020 2053 6569 6765 3A0A 0A09 546F  [     Seige:   To]
7016C4A1    206C 6179 2073 6569 6765 2075 706F 6E20  [ lay seige upon ]
7016C4A9    6120 6361 7374 6C65 2C20 6174 7465 6D70  [a castle, attemp]
7016C4B1    7420 746F 2065 6E74 6572 2074 6865 2063  [t to enter the c]
7016C4B9    6173 746C 652E 0A54 6869 7320 6167 6772  [astle. This aggr]
7016C4C1    6573 7369 7665 2061 6374 206F 6620 7761  [essive act of wa]
7016C4C9    7220 7769 6C6C 2065 6E72 6167 6520 7570  [r will enrage up]
7016C4D1    2074 6F20 3130 2063 6173 746C 650A 0000  [ to 10 castle   ]
7016C4D9    0A63 6861 7261 6374 6572 2077 696C 6C20  [ character will ]
7016C4E1    6164 7661 6E63 6520 7468 6520 6375 7273  [advance the curs]
7016C4E9    6F72 2074 6F20 7468 6520 6E65 7874 2074  [or to the next t]
7016C4F1    6172 6765 742E 0A00 6973 2069 7373 7565  [arget.  is issue]
7016C4F9    642C 2074 6865 2063 7572 736F 7220 7769  [d, the cursor wi]
7016C501    6C6C 2062 6520 706C 6163 6564 2075 6E64  [ll be placed und]
7016C509    6572 2061 2074 6172 6765 7420 696E 2072  [er a target in r]
7016C511    616E 6765 2E0A 4869 7420 7468 6520 2250  [ange. Hit the "P]
7016C519    2220 6F72 2022 4122 2069 6E64 6963 6174  [" or "A" indicat]
7016C521    696E 6720 7468 6520 6172 726F 7720 7479  [ing the arrow ty]
7016C529    7065 2074 6F20 6669 7265 2E20 416E 7920  [pe to fire. Any ]
7016C531    6F74 6865 7200 0000 7072 6576 696F 7573  [other   previous]
7016C539    6C79 2070 7572 6368 6173 6564 2061 2062  [ly purchased a b]
7016C541    6F77 206F 7220 6372 6F73 7320 626F 772C  [ow or cross bow,]
7016C549    2061 6E64 0A65 6974 6865 7220 7265 6775  [ and either regu]
7016C551    6C61 7220 6172 726F 7773 206F 7220 706F  [lar arrows or po]
7016C559    6973 6F6E 2061 7272 6F77 732E 2041 6674  [ison arrows. Aft]
7016C561    6572 2074 6865 2022 4622 2063 6F6D 6D61  [er the "F" comma]
7016C569    6E64 0A00 0C20 2020 2020 2020 2046 6972  [nd           Fir]
7016C571    696E 673A 205B 4620 636F 6D6D 616E 645D  [ing: [F command]]
7016C579    0A0A 5768 656E 2066 6972 696E 6720 6174  [  When firing at]
7016C581    2061 2062 6569 6E67 206F 7220 6361 7461  [ a being or cata]
7016C589    7075 6C74 2C20 796F 7520 6D75 7374 2066  [pult, you must f]
7016C591    6972 7374 2068 6176 650A 0C00 0A00 0000  [irst have       ]
7016C599    0A14 4372 6561 7465 2077 6174 6572 1520  [  Create water  ]
7016C5A1    2020 2020 2D20 2020 5468 6973 2073 7065  [    -   This spe]
7016C5A9    6C6C 2077 696C 6C20 6669 6C6C 2074 6865  [ll will fill the]
7016C5B1    2077 6174 6572 2073 6B69 6E20 7769 7468  [ water skin with]
7016C5B9    0A20 2020 2020 2020 2020 2020 2020 2020  [                ]
7016C5C1    2020 2020 2064 7269 6E6B 6162 6C65 2077  [     drinkable w]
7016C5C9    6174 6572 2E0A 0000 0A14 4372 6561 7465  [ater.     Create]
7016C5D1    2066 6F6F 6415 2020 2020 2020 2D20 2020  [ food       -   ]
7016C5D9    5468 6973 2073 7065 6C6C 2063 7265 6174  [This spell creat]
7016C5E1    6573 206F 6E65 206D 6561 6C20 666F 7220  [es one meal for ]
7016C5E9    696E 7374 616E 740A 2020 2020 2020 2020  [instant         ]
7016C5F1    2020 2020 2020 2020 2020 2020 636F 6E73  [            cons]
7016C5F9    756D 7074 696F 6E2E 0A00 0000 0A14 5275  [umption.      Ru]
7016C601    6E20 6C69 6B65 2061 2068 6F72 7365 1520  [n like a horse  ]
7016C609    2D20 2020 466F 7220 6120 6C69 6D69 7465  [-   For a limite]
7016C611    6420 6475 7261 7469 6F6E 2C20 796F 7520  [d duration, you ]
7016C619    7769 6C6C 2062 650A 2020 2020 2020 2020  [will be         ]
7016C621    2020 2020 2020 2020 2020 2020 6162 6C65  [            able]
7016C629    2074 6F20 7461 6B65 2061 6E20 6578 7472  [ to take an extr]
7016C631    6120 6D6F 7665 2074 7572 6E2E 0A00 0000  [a move turn.    ]
7016C639    0A14 506F 6C79 6D6F 7270 6815 2020 2020  [  Polymorph     ]
7016C641    2020 2020 2D20 2020 5072 6573 746F 202D  [    -   Presto -]
7016C649    2063 6861 6E67 6F2C 2074 6865 2062 6569  [ chango, the bei]
7016C651    6E67 2062 6566 6F72 6520 796F 750A 2020  [ng before you   ]
7016C659    2020 2020 2020 2020 2020 2020 2020 2020  [                ]
7016C661    2020 6973 206E 6F20 6C6F 6E67 6572 2077  [  is no longer w]
7016C669    6861 7420 6974 2077 6173 2062 6566 6F72  [hat it was befor]
7016C671    652E 0A00 0A14 4372 6561 7465 2066 6F67  [e.    Create fog]
7016C679    1520 2020 2020 2020 2D20 2020 4120 636C  [        -   A cl]
7016C681    6F75 6420 6F66 2066 6F67 2065 6E76 656C  [oud of fog envel]
7016C689    6F70 6573 2061 6E20 6172 6561 2061 726F  [opes an area aro]
7016C691    756E 640A 2020 2020 2020 2020 2020 2020  [und             ]
7016C699    2020 2020 2020 2020 796F 7520 616E 6420  [        you and ]
7016C6A1    7769 6C6C 206C 6173 7420 666F 7220 7175  [will last for qu]
7016C6A9    6974 6520 736F 6D65 2074 696D 652E 0A00  [ite some time.  ]
7016C6B1    0A14 4669 7265 6261 6C6C 1520 2020 2020  [  Fireball      ]
7016C6B9    2020 2020 2D20 2020 4120 6261 6C6C 206F  [    -   A ball o]
7016C6C1    6620 6669 7265 2072 6163 6573 2074 6F77  [f fire races tow]
7016C6C9    6172 6473 2074 6865 2065 6E65 6D79 2C0A  [ards the enemy, ]
7016C6D1    2020 2020 2020 2020 2020 2020 2020 2020  [                ]
7016C6D9    2020 2020 6361 7573 696E 6720 6275 726E  [    causing burn]
7016C6E1    696E 6720 6461 6D61 6765 2E0A 0A14 4661  [ing damage.   Fa]
7016C6E9    6D69 6C69 6172 2063 6C61 6972 766F 7961  [miliar clairvoya]
7016C6F1    6E63 6515 2020 2D20 2020 4120 7465 6C65  [nce   -   A tele]
7016C6F9    7061 7468 6963 2069 6D61 6765 2069 7320  [pathic image is ]
7016C701    7365 6E74 2062 6163 6B20 6672 6F6D 0A20  [sent back from  ]
7016C709    2020 2020 2020 2020 2020 2020 2020 2020  [                ]
7016C711    2020 2079 6F75 7220 6661 6D69 6C69 6172  [   your familiar]
7016C719    206F 6620 7768 6174 2069 7420 7365 6573  [ of what it sees]
7016C721    2E0A 0000 0A14 5265 6361 6C6C 2066 616D  [.     Recall fam]
7016C729    696C 6961 7215 2020 2D20 2041 2074 656C  [iliar   -  A tel]
7016C731    6570 6174 6869 6320 6D65 7373 6167 6520  [epathic message ]
7016C739    6973 2073 656E 7420 746F 0A20 2020 2020  [is sent to      ]
7016C741    2020 2020 2020 2020 2020 2020 2020 2079  [               y]
7016C749    6F75 7220 6661 6D69 6C69 6172 2074 6F20  [our familiar to ]
7016C751    7365 6E64 2069 7420 6261 636B 2074 6F20  [send it back to ]
7016C759    796F 750A 0A14 4368 6172 6D20 6661 6D69  [you   Charm fami]
7016C761    6C69 6172 1520 2020 2D20 2041 6E20 6174  [liar    -  An at]
7016C769    7465 6D70 7420 6973 206D 6164 6520 746F  [tempt is made to]
7016C771    206F 6274 6169 6E20 610A 2020 2020 2020  [ obtain a       ]
7016C779    2020 2020 2020 2020 2020 2020 2020 6661  [              fa]
7016C781    6D69 6C69 6172 2C20 7468 6520 6D61 6769  [miliar, the magi]
7016C789    6320 666C 6173 6B20 6D75 7374 2062 650A  [c flask must be ]
7016C791    2020 2020 2020 2020 2020 2020 2020 2020  [                ]
7016C799    2020 2020 7573 6564 2069 6E20 636F 6E6A  [    used in conj]
7016C7A1    756E 6374 696F 6E20 7769 7468 2074 6869  [unction with thi]
7016C7A9    7320 7370 656C 6C2E 0A00 0000 0A14 4469  [s spell.      Di]
7016C7B1    7370 6174 6368 2066 616D 696C 6961 7215  [spatch familiar ]
7016C7B9    2D20 2020 2041 2074 656C 6570 6174 6869  [-    A telepathi]
7016C7C1    6320 6D65 7373 6167 6520 6973 2073 656E  [c message is sen]
7016C7C9    7420 746F 0A20 2020 2020 2020 2020 2020  [t to            ]
7016C7D1    2020 2020 2020 2020 2079 6F75 7220 6661  [         your fa]
7016C7D9    6D69 6C69 6172 2077 6974 6820 6120 6469  [miliar with a di]
7016C7E1    7265 6374 696F 6E20 696E 2077 6869 6368  [rection in which]
7016C7E9    0A20 2020 2020 2020 2020 2020 2020 2020  [                ]
7016C7F1    2020 2020 2074 6F20 666C 792E 0A00 0000  [     to fly.    ]
7016C7F9    0A14 436F 6E6A 6F75 7220 7374 6F72 6D15  [  Conjour storm ]
7016C801    2020 2020 2D20 2041 2063 6C6F 7564 2067  [    -  A cloud g]
7016C809    6174 6865 7269 6E67 2077 696E 6420 656D  [athering wind em]
7016C811    696E 6174 6573 0A20 2020 2020 2020 2020  [inates          ]
7016C819    2020 2020 2020 2020 2020 2066 726F 6D20  [           from ]
7016C821    796F 7572 2073 7065 6C6C 2063 6175 7369  [your spell causi]
7016C829    6E67 2061 2076 696F 6C65 6E74 0A20 2020  [ng a violent    ]
7016C831    2020 2020 2020 2020 2020 2020 2020 2020  [                ]
7016C839    2073 746F 726D 2074 6F20 6265 2075 6E6C  [ storm to be unl]
7016C841    6561 7368 6564 206F 6E20 7468 6520 776F  [eashed on the wo]
7016C849    726C 642E 0A00 0000 0A14 436F 6E6A 6F75  [rld.      Conjou]
7016C851    7220 7375 6E15 2020 2020 2020 2D20 2041  [r sun       -  A]
7016C859    2063 6C6F 7564 2064 6973 7065 7273 696E  [ cloud dispersin]
7016C861    6720 7769 6E64 2065 6D69 6E61 7465 730A  [g wind eminates ]
7016C869    2020 2020 2020 2020 2020 2020 2020 2020  [                ]
7016C871    2020 2020 6672 6F6D 2079 6F75 7220 7370  [    from your sp]
7016C879    656C 6C20 6361 7573 696E 6720 616C 6C20  [ell causing all ]
7016C881    7374 6F72 6D73 2074 6F0A 2020 2020 2020  [storms to       ]
7016C889    2020 2020 2020 2020 2020 2020 2020 7661  [              va]
7016C891    6E69 7368 2066 726F 6D20 7468 6520 6661  [nish from the fa]
7016C899    6365 206F 6620 7468 6520 6561 7274 682E  [ce of the earth.]
7016C8A1    0A00 0000 0A14 4361 7573 6520 4665 6172  [      Cause Fear]
7016C8A9    1520 2020 2020 2020 2D20 2041 2074 656C  [        -  A tel]
7016C8B1    6570 6174 6869 6320 6D65 7373 6167 6520  [epathic message ]
7016C8B9    6973 2073 656E 7420 746F 0A20 2020 2020  [is sent to      ]
7016C8C1    2020 2020 2020 2020 2020 2020 2020 2079  [               y]
7016C8C9    6F75 7220 6F70 706F 6E65 6E74 2063 6175  [our opponent cau]
7016C8D1    7369 6E67 2066 6561 722E 2053 7465 7020  [sing fear. Step ]
7016C8D9    6261 636B 0A20 2020 2020 2020 2020 2020  [back            ]
7016C8E1    2020 2020 2020 2020 2061 6E64 2077 6174  [         and wat]
7016C8E9    6368 2074 6865 2063 6869 636B 656E 2072  [ch the chicken r]
7016C8F1    756E 2E0A 0A14 5061 6E69 6315 2020 2020  [un.   Panic     ]
7016C8F9    2020 2020 2020 2020 2D20 2057 6865 6E20  [        -  When ]
7016C901    7468 6520 7369 7475 6174 696F 6E20 6C6F  [the situation lo]
7016C909    6F6B 7320 686F 7065 6C65 7373 0A20 2020  [oks hopeless    ]
7016C911    2020 2020 2020 2020 2020 2020 2020 2020  [                ]
7016C919    2075 7365 2074 6869 7320 7370 656C 6C20  [ use this spell ]
7016C921    746F 2065 7363 6170 6520 6365 7274 6169  [to escape certai]
7016C929    6E20 6465 6174 682E 0A20 2020 2020 2020  [n death.        ]
7016C931    2020 2020 2020 2020 2020 2020 2022 5768  [             "Wh]
7016C939    656E 2061 6C6C 2065 6C73 6520 6661 696C  [en all else fail]
7016C941    7320 2E2E 2E20 7061 6E69 632E 220A 0000  [s ... panic."   ]
7016C949    0A14 436C 6561 7220 5669 7369 6F6E 1520  [  Clear Vision  ]
7016C951    2020 2020 2D20 2054 6869 7320 7370 656C  [    -  This spel]
7016C959    6C20 6361 6E20 636F 756E 7465 7261 6374  [l can counteract]
7016C961    2074 6865 2069 6C6C 0A20 2020 2020 2020  [ the ill        ]
7016C969    2020 2020 2020 2020 2020 2020 2073 6964  [             sid]
7016C971    6520 6566 6665 6374 7320 6F66 2062 6164  [e effects of bad]
7016C979    2070 6F74 696F 6E73 2E0A 0000 0A14 5765  [ potions.     We]
7016C981    616B 656E 204F 7070 6F6E 656E 7415 2020  [aken Opponent   ]
7016C989    2D20 2041 2073 7472 656E 6774 6820 6472  [-  A strength dr]
7016C991    6169 6E69 6E67 2061 7572 6120 6973 2063  [aining aura is c]
7016C999    6F6E 6765 7265 640A 2020 2020 2020 2020  [ongered         ]
7016C9A1    2020 2020 2020 2020 2020 2020 746F 2072  [            to r]
7016C9A9    6564 7563 6520 616E 206F 7070 6F6E 656E  [educe an opponen]
7016C9B1    7473 2073 7472 656E 6774 6820 6279 2032  [ts strength by 2]
7016C9B9    3025 2E0A 2020 2020 2020 2020 2020 2020  [0%.             ]
7016C9C1    2020 2020 2020 2020 6573 7461 626C 6973  [        establis]
7016C9C9    6865 6420 616E 2061 6C6C 6961 6E63 6520  [hed an alliance ]
7016C9D1    7769 7468 2068 6572 2E0A 0000 0A14 4361  [with her.     Ca]
7016C9D9    6C6C 2048 6561 6C65 7215 2020 2020 2020  [ll Healer       ]
7016C9E1    2D20 2041 2074 656C 6570 6174 6869 6320  [-  A telepathic ]
7016C9E9    6D65 7373 6167 6520 6973 2073 656E 7420  [message is sent ]
7016C9F1    746F 0A20 2020 2020 2020 2020 2020 2020  [to              ]
7016C9F9    2020 2020 2020 2074 6865 2068 6561 6C65  [       the heale]
7016CA01    7220 4341 5252 4F4E 452C 2061 6E64 2073  [r CARRONE, and s]
7016CA09    6865 206D 6179 2063 6F6D 650A 2020 2020  [he may come     ]
7016CA11    2020 2020 2020 2020 2020 2020 2020 2020  [                ]
7016CA19    746F 2079 6F75 7220 6169 6420 6966 2079  [to your aid if y]
7016CA21    6F75 2068 6176 6520 7072 6576 696F 7573  [ou have previous]
7016CA29    6C79 0A00 0A14 5375 6D6D 6F6E 1520 2020  [ly    Summon    ]
7016CA31    2020 2020 2020 2020 2D20 2042 7920 696E  [        -  By in]
7016CA39    766F 6B69 6E67 2074 6865 206E 616D 6520  [voking the name ]
7016CA41    6F66 2048 4552 4D45 532C 0A20 2020 2020  [of HERMES,      ]
7016CA49    2020 2020 2020 2020 2020 2020 2020 2061  [               a]
7016CA51    2070 6567 6173 7573 2069 7320 7375 6D6D  [ pegasus is summ]
7016CA59    6F6E 6564 2074 6F20 796F 7572 2073 6964  [oned to your sid]
7016CA61    652C 0A20 2020 2020 2020 2020 2020 2020  [e,              ]
7016CA69    2020 2020 2020 2070 726F 7669 6469 6E67  [       providing]
7016CA71    206F 6E65 2069 7320 7769 7468 696E 2072  [ one is within r]
7016CA79    616E 6765 2E0A 0000 0A14 4372 6561 7465  [ange.     Create]
7016CA81    2062 6F61 7415 2020 2020 2020 2D20 2047  [ boat       -  G]
7016CA89    7565 7373 2077 6861 7420 7468 6973 2064  [uess what this d]
7016CA91    6F65 7320 696E 2073 6861 6C6C 6F77 2077  [oes in shallow w]
7016CA99    6174 6572 2E0A 0000 2020 2020 2020 2020  [ater.           ]
7016CAA1    2020 2020 2020 2020 2020 2020 7570 6F6E  [            upon]
7016CAA9    2069 6E64 6973 6372 696D 696E 6174 6520  [ indiscriminate ]
7016CAB1    4465 6174 6820 4465 616C 6572 732E 0A00  [Death Dealers.  ]
7016CAB9    0A14 5769 656C 6420 6465 6174 6820 7374  [  Wield death st]
7016CAC1    6166 6615 2D20 2041 6E79 6F6E 6520 6E65  [aff -  Anyone ne]
7016CAC9    7874 2074 6F20 796F 7520 6973 2061 626F  [xt to you is abo]
7016CAD1    7574 2074 6F20 6469 652E 0A20 2020 2020  [ut to die.      ]
7016CAD9    2020 2020 2020 2020 2020 2020 2020 2055  [               U]
7016CAE1    7365 2074 6869 7320 706F 7765 7220 7769  [se this power wi]
7016CAE9    7365 6C79 2E20 474F 4473 2066 726F 776E  [sely. GODs frown]
7016CAF1    0A00 0000 2020 2020 2020 2020 2020 2020  [                ]
7016CAF9    2020 2020 2020 2020 6E6F 7420 7065 726D  [        not perm]
7016CB01    616E 656E 742E 0A00 0A14 5374 7265 6E67  [anent.    Streng]
7016CB09    7468 206F 6620 4154 4C41 5315 2D20 204E  [th of ATLAS -  N]
7016CB11    6577 2065 6E65 7267 7920 666C 6F77 7320  [ew energy flows ]
7016CB19    696E 746F 2079 6F75 2067 6976 696E 6720  [into you giving ]
7016CB21    796F 7520 0A20 2020 2020 2020 2020 2020  [you             ]
7016CB29    2020 2020 2020 2020 2065 7874 7261 2073  [         extra s]
7016CB31    7472 656E 6774 682E 2041 6C61 732C 7468  [trength. Alas,th]
7016CB39    6520 6566 6665 6374 2069 730A 0A14 4163  [e effect is   Ac]
7016CB41    7469 7661 7465 2043 6164 7563 6575 7315  [tivate Caduceus ]
7016CB49    2D20 2054 6865 2073 7461 6666 206F 6620  [-  The staff of ]
7016CB51    4845 524D 4553 2069 7320 7573 6564 2074  [HERMES is used t]
7016CB59    6F20 6865 616C 2061 6C6C 0A20 2020 2020  [o heal all      ]
7016CB61    2020 2020 2020 2020 2020 2020 2020 2079  [               y]
7016CB69    6F75 7220 696E 6A75 7269 6573 2E20 4865  [our injuries. He]
7016CB71    616C 2074 6879 7365 6C66 2E20 0A00 0000  [al thyself.     ]
7016CB79    0A14 4579 6520 6F66 2041 5247 5553 1520  [  Eye of ARGUS  ]
7016CB81    2020 2020 2D20 2046 6F72 2061 2062 7269  [    -  For a bri]
7016CB89    6566 2074 696D 6520 796F 7520 6361 6E20  [ef time you can ]
7016CB91    7365 6520 7468 6520 776F 6E64 6572 730A  [see the wonders ]
7016CB99    2020 2020 2020 2020 2020 2020 2020 2020  [                ]
7016CBA1    2020 2020 6F66 2074 6865 2077 6F72 6C64  [    of the world]
7016CBA9    2074 6872 6F75 6768 2074 6865 2065 7965  [ through the eye]
7016CBB1    206F 6620 4152 4755 530A 0000 2020 2020  [ of ARGUS       ]
7016CBB9    2020 2020 2020 2020 2020 2020 2020 2020  [                ]
7016CBC1    7769 7468 696E 2079 6F75 7220 6669 656C  [within your fiel]
7016CBC9    6420 6F66 2070 726F 7465 6374 696F 6E2E  [d of protection.]
7016CBD1    2042 7574 0A20 2020 2020 2020 2020 2020  [ But            ]
7016CBD9    2020 2020 2020 2020 2074 6865 7920 6D75  [         they mu]
7016CBE1    7374 2073 7461 7920 696E 2073 6967 6874  [st stay in sight]
7016CBE9    206F 6620 796F 752E 0A00 0000 0A14 5072  [ of you.      Pr]
7016CBF1    6F74 6563 7469 6F6E 1520 2020 2020 2020  [otection        ]
7016CBF9    2D20 2054 6865 2073 6869 6D6D 6572 696E  [-  The shimmerin]
7016CC01    6720 6169 7220 6C65 7473 2065 7665 7279  [g air lets every]
7016CC09    6F6E 6520 6E65 6172 0A20 2020 2020 2020  [one near        ]
7016CC11    2020 2020 2020 2020 2020 2020 2079 6F75  [             you]
7016CC19    206B 6E6F 7720 7468 6174 2074 6865 7920  [ know that they ]
7016CC21    6172 6520 7361 6665 200A 0000 2020 2020  [are safe        ]
7016CC29    2020 2020 2020 2020 2020 2020 2020 2020  [                ]
7016CC31    6F66 206F 7468 6572 2070 6C61 7965 7273  [of other players]
7016CC39    206F 7220 7365 6520 7768 6174 2066 6F72  [ or see what for]
7016CC41    6365 730A 2020 2020 2020 2020 2020 2020  [ces             ]
7016CC49    2020 2020 2020 2020 7375 7272 6F75 6E64  [        surround]
7016CC51    2061 2064 6973 7461 6E74 2063 6173 746C  [ a distant castl]
7016CC59    652E 0A00 0A14 4761 7A65 2069 6E74 6F20  [e.    Gaze into ]
7016CC61    6372 7973 7461 6C15 2D20 2054 6865 2063  [crystal -  The c]
7016CC69    7279 7374 616C 2062 616C 6C20 6361 6E20  [rystal ball can ]
7016CC71    6265 2072 656D 6F76 6564 2066 726F 6D20  [be removed from ]
7016CC79    6974 730A 2020 2020 2020 2020 2020 2020  [its             ]
7016CC81    2020 2020 2020 2020 7665 6C76 6574 2062  [        velvet b]
7016CC89    6167 2074 6F20 6761 7A65 2075 706F 6E20  [ag to gaze upon ]
7016CC91    7468 6520 6164 7665 6E74 7572 6573 0A00  [the adventures  ]
7016CC99    0A14 5465 6C65 706F 7274 1520 2020 2020  [  Teleport      ]
7016CCA1    2020 2020 2D20 2057 6974 6820 7468 6520  [    -  With the ]
7016CCA9    616E 6369 656E 7420 7465 6C65 706F 7274  [ancient teleport]
7016CCB1    2072 696E 672C 2079 6F75 2063 616E 0A20  [ ring, you can  ]
7016CCB9    2020 2020 2020 2020 2020 2020 2020 2020  [                ]
7016CCC1    2020 2074 656C 6570 6F72 7420 746F 2061  [   teleport to a]
7016CCC9    6E79 2063 6173 746C 6520 696E 2079 6F75  [ny castle in you]
7016CCD1    7220 656D 7069 7265 2E0A 0000 0A14 5769  [r empire.     Wi]
7016CCD9    656C 6420 5468 6F72 7320 4861 6D6D 6572  [eld Thors Hammer]
7016CCE1    152D 2057 6974 6820 6120 746F 7373 206F  [ - With a toss o]
7016CCE9    6620 5448 4F52 7320 6D69 6768 7479 2068  [f THORs mighty h]
7016CCF1    616D 6D65 722C 0A20 2020 2020 2020 2020  [ammer,          ]
7016CCF9    2020 2020 2020 2020 2020 2061 2074 6875  [           a thu]
7016CD01    6E64 6572 696E 6720 6578 706F 7369 7469  [ndering expositi]
7016CD09    6F6E 206F 6620 706F 7765 7220 6973 0A20  [on of power is  ]
7016CD11    2020 2020 2020 2020 2020 2020 2020 2020  [                ]
7016CD19    2020 2075 6E6C 6561 7368 6564 2061 7420  [   unleashed at ]
7016CD21    7468 6520 7669 6374 696D 2E0A 2020 2020  [the victim.     ]
7016CD29    2020 2020 2020 2020 2020 2020 2020 2020  [                ]
7016CD31    7468 6579 2063 616E 2073 7469 6C6C 2073  [they can still s]
7016CD39    6565 2074 6872 6F75 6768 2079 6F75 7220  [ee through your ]
7016CD41    6C69 7474 6C65 0A20 2020 2020 2020 2020  [little          ]
7016CD49    2020 2020 2020 2020 2020 2064 6973 6775  [           disgu]
7016CD51    6973 652E 0A00 0000 0A14 496E 7669 7369  [ise.      Invisi]
7016CD59    6269 6C69 7479 1520 2020 2020 2D20 2054  [bility      -  T]
7016CD61    6865 2066 6F6F 6C73 2074 6865 2063 616E  [he fools the can]
7016CD69    206E 6F20 6C6F 6E67 6572 2073 6565 2079  [ no longer see y]
7016CD71    6F75 2C0A 2020 2020 2020 2020 2020 2020  [ou,             ]
7016CD79    2020 2020 2020 2020 6275 7420 6265 2077  [        but be w]
7016CD81    6172 7920 6F66 2073 6D61 7274 6572 206F  [ary of smarter o]
7016CD89    7070 6F6E 656E 7473 2061 730A 0A14 4361  [pponents as   Ca]
7016CD91    6D6F 7566 6C61 6765 1520 2020 2020 2020  [mouflage        ]
7016CD99    2D20 2054 6869 7320 7370 656C 6C20 7769  [-  This spell wi]
7016CDA1    6C6C 2061 6C6C 6F77 2079 6F75 2074 6F20  [ll allow you to ]
7016CDA9    6869 6465 2077 6974 6869 6E0A 2020 2020  [hide within     ]
7016CDB1    2020 2020 2020 2020 2020 2020 2020 2020  [                ]
7016CDB9    6120 666F 7265 7374 2C20 666F 6F74 2068  [a forest, foot h]
7016CDC1    696C 6C2C 206F 7220 6D6F 756E 7461 696E  [ill, or mountain]
7016CDC9    2077 6974 686F 7574 0A20 2020 2020 2020  [ without        ]
7016CDD1    2020 2020 2020 2020 2020 2020 2062 6569  [             bei]
7016CDD9    6E67 2061 7474 6163 6B65 642E 0A00 0000  [ng attacked.    ]
7016CDE1    0A14 4865 616C 696E 6720 6175 7261 1520  [  Healing aura  ]
7016CDE9    2020 2020 2D20 2054 6865 2073 7769 726C  [    -  The swirl]
7016CDF1    696E 6720 636F 6C6F 7273 206F 6620 7468  [ing colors of th]
7016CDF9    6520 6175 7261 206F 6620 6865 616C 696E  [e aura of healin]
7016CE01    670A 2020 2020 2020 2020 2020 2020 2020  [g               ]
7016CE09    2020 2020 2020 7375 7272 6F75 6E64 7320  [      surrounds ]
7016CE11    796F 752C 2062 7574 2064 6F20 6E6F 7420  [you, but do not ]
7016CE19    6D6F 7665 206F 722C 0A20 2020 2020 2020  [move or,        ]
7016CE21    2020 2020 2020 2020 2020 2020 2074 6865  [             the]
7016CE29    2073 7065 6C6C 2077 696C 6C20 6265 2062  [ spell will be b]
7016CE31    726F 6B65 6E2E 0A00 0A14 4475 6D66 6F75  [roken.    Dumfou]
7016CE39    6E64 2061 7474 6163 6B65 7215 2D20 2059  [nd attacker -  Y]
7016CE41    6F75 2063 616E 2073 746F 7020 6120 6265  [ou can stop a be]
7016CE49    696E 6720 696E 2070 7572 7375 6974 2062  [ing in pursuit b]
7016CE51    790A 2020 2020 2020 2020 2020 2020 2020  [y               ]
7016CE59    2020 2020 2020 6475 6D62 666F 756E 6469  [      dumbfoundi]
7016CE61    6E67 2069 7473 206D 696E 642E 2054 6869  [ng its mind. Thi]
7016CE69    7320 7769 6C6C 206C 6173 7420 6F6E 6C79  [s will last only]
7016CE71    0A20 2020 2020 2020 2020 2020 2020 2020  [                ]
7016CE79    2020 2020 2075 6E74 696C 2074 6865 2062  [     until the b]
7016CE81    6569 6E67 2072 6567 6169 6E73 2069 7427  [eing regains it']
7016CE89    7320 7769 7473 2E0A 0A14 4163 7469 7661  [s wits.   Activa]
7016CE91    7465 2063 6C6F 616B 1520 2020 2D20 2049  [te cloak    -  I]
7016CE99    6620 796F 7520 6861 7665 2074 6865 206D  [f you have the m]
7016CEA1    6167 6963 2067 7265 656E 2063 6C6F 616B  [agic green cloak]
7016CEA9    2C20 7768 656E 0A20 2020 2020 2020 2020  [, when          ]
7016CEB1    2020 2020 2020 2020 2020 2074 6869 7320  [           this ]
7016CEB9    7370 656C 6C20 6973 2069 6E20 7573 652C  [spell is in use,]
7016CEC1    206E 6F20 6E65 7720 6265 696E 6773 0A20  [ no new beings  ]
7016CEC9    2020 2020 2020 2020 2020 2020 2020 2020  [                ]
7016CED1    2020 2077 696C 6C20 6265 2069 6E74 6572  [   will be inter]
7016CED9    6573 7465 6420 696E 206B 696C 6C69 6E67  [ested in killing]
7016CEE1    2079 6F75 2E0A 0000 0A14 4F62 7461 696E  [ you.     Obtain]
7016CEE9    206B 6E6F 776C 6564 6765 1520 2D20 2041  [ knowledge  -  A]
7016CEF1    2073 7472 616E 6765 2073 656E 7361 7469  [ strange sensati]
7016CEF9    6F6E 206F 7665 7263 6F6D 6573 2079 6F75  [on overcomes you]
7016CF01    2E20 596F 7520 6172 650A 2020 2020 2020  [. You are       ]
7016CF09    2020 2020 2020 2020 2020 2020 2020 6E6F  [              no]
7016CF11    7720 6162 6C65 2074 6F20 6465 7465 726D  [w able to determ]
7016CF19    696E 6520 7374 7265 6E67 7468 7320 6F72  [ine strengths or]
7016CF21    206C 6576 656C 730A 2020 2020 2020 2020  [ levels         ]
7016CF29    2020 2020 2020 2020 2020 2020 6F66 2063  [            of c]
7016CF31    6572 7461 696E 2074 6869 6E67 732E 0A00  [ertain things.  ]
7016CF39    0A14 536D 6F6B 6520 7363 7265 656E 1520  [  Smoke screen  ]
7016CF41    2020 2020 2D20 2053 6D6F 6B65 2062 696C  [    -  Smoke bil]
7016CF49    6C6F 7773 2066 6F72 7468 2C20 636F 6E66  [lows forth, conf]
7016CF51    7573 696E 6720 796F 7572 2065 6E65 6D79  [using your enemy]
7016CF59    0A20 2020 2020 2020 2020 2020 2020 2020  [                ]
7016CF61    2020 2020 2061 6E64 2061 6C6C 6F77 696E  [     and allowin]
7016CF69    6720 796F 7520 6F6E 6520 6578 7472 6120  [g you one extra ]
7016CF71    6D6F 7665 2E0A 0000 0A14 4661 7265 6E68  [move.     Farenh]
7016CF79    6569 7420 666F 696C 6572 1520 2D20 2041  [eit foiler  -  A]
7016CF81    2068 6561 7420 7261 7920 2266 6F69 6C73  [ heat ray "foils]
7016CF89    2220 7468 6520 656E 656D 792C 2063 6175  [" the enemy, cau]
7016CF91    7369 6E67 2061 0A20 2020 2020 2020 2020  [sing a          ]
7016CF99    2020 2020 2020 2020 2020 206C 6967 6874  [           light]
7016CFA1    6572 2068 6974 2074 6861 6E20 7468 6520  [er hit than the ]
7016CFA9    6C69 6768 746E 696E 6720 626F 6C74 2E0A  [lightning bolt. ]
7016CFB1    0A14 4D61 6769 6320 7368 6965 6C64 1520  [  Magic shield  ]
7016CFB9    2D20 2020 2020 2054 6869 7320 7472 616E  [-      This tran]
7016CFC1    7370 6172 656E 7420 7368 6965 6C64 2061  [sparent shield a]
7016CFC9    6273 6F72 6273 2074 6865 2062 6C6F 7773  [bsorbs the blows]
7016CFD1    0A20 2020 2020 2020 2020 2020 2020 2020  [                ]
7016CFD9    2020 2020 2066 726F 6D20 6174 7461 636B  [     from attack]
7016CFE1    696E 6720 6265 696E 6773 2C20 6275 7420  [ing beings, but ]
7016CFE9    6174 2061 2063 6F73 7420 6F66 0A20 2020  [at a cost of    ]
7016CFF1    2020 2020 2020 2020 2020 2020 2020 2020  [                ]
7016CFF9    2073 6861 7474 6572 696E 6720 7468 6520  [ shattering the ]
7016D001    7368 6965 6C64 2E0A 0A14 4C69 6768 746E  [shield.   Lightn]
7016D009    696E 6720 626F 6C74 1520 2D20 2020 2041  [ing bolt  -    A]
7016D011    206C 6967 6874 6E69 6E67 2062 6F6C 7420  [ lightning bolt ]
7016D019    7769 6C6C 2064 6573 6365 6E64 2066 726F  [will descend fro]
7016D021    6D20 7468 650A 2020 2020 2020 2020 2020  [m the           ]
7016D029    2020 2020 2020 2020 2020 6865 6176 656E  [          heaven]
7016D031    732C 2073 7472 696B 696E 6720 6120 626C  [s, striking a bl]
7016D039    6F77 2074 6F20 7468 6520 656E 656D 792E  [ow to the enemy.]
7016D041    0A00 0000 0C20 2020 2020 2020 2053 7065  [             Spe]
7016D049    6C6C 733A 0A0A 4F6E 6520 6F66 2074 6865  [lls:  One of the]
7016D051    2061 7474 6163 6B20 6F70 7469 6F6E 7320  [ attack options ]
7016D059    6973 2074 6F20 6361 7374 2061 2073 7065  [is to cast a spe]
7016D061    6C6C 2061 7420 7468 6520 7461 7267 6574  [ll at the target]
7016D069    2E0A 5468 6520 666F 6C6C 6F77 696E 6720  [. The following ]
7016D071    6973 2061 206C 6973 7420 6F66 2079 6F75  [is a list of you]
7016D079    7220 6176 6169 6C61 626C 6520 7370 656C  [r available spel]
7016D081    6C73 2061 6E64 0A74 6865 6972 2065 6666  [ls and their eff]
7016D089    6563 7420 6F6E 2074 6865 206F 7070 6F73  [ect on the oppos]
7016D091    6974 696F 6E2E 0A0A 0A00 0000 6176 6169  [ition.      avai]
7016D099    6C61 626C 6520 2873 6565 2022 5370 656C  [lable (see "Spel]
7016D0A1    6C73 2229 2E20 0A0A 1446 6967 6874 1520  [ls").    Fight  ]
7016D0A9    6174 7461 636B 7320 7468 6520 6265 696E  [attacks the bein]
7016D0B1    6720 7769 7468 2061 2070 726F 706F 7274  [g with a proport]
7016D0B9    696F 6E61 7465 2073 7472 656E 6774 6820  [ionate strength ]
7016D0C1    6869 742E 0A0A 1442 6172 6761 696E 1520  [hit.   Bargain  ]
7016D0C9    616C 6C6F 7773 2079 6F75 2074 6F20 6174  [allows you to at]
7016D0D1    7465 6D70 7420 6120 6465 616C 2E0A 0A14  [tempt a deal.   ]
7016D0D9    4967 6E6F 7265 1520 616C 6C6F 7773 2079  [Ignore  allows y]
7016D0E1    6F75 2074 6F20 6578 6974 2041 7474 6163  [ou to exit Attac]
7016D0E9    6B2E 0A0A 0C20 2020 2020 2020 2041 7474  [k.           Att]
7016D0F1    6163 6B69 6E67 3A20 5B41 2063 6F6D 6D61  [acking: [A comma]
7016D0F9    6E64 5D0A 0A57 6865 6E20 6174 7461 636B  [nd]  When attack]
7016D101    696E 6720 6120 6265 696E 672C 2079 6F75  [ing a being, you]
7016D109    206D 6179 2063 6173 742C 2066 6967 6874  [ may cast, fight]
7016D111    206F 7220 6967 6E6F 7265 2E0A 0A14 4361  [ or ignore.   Ca]
7016D119    7374 1520 656E 6162 6C65 7320 796F 7520  [st  enables you ]
7016D121    746F 2075 7469 6C69 7A65 7320 6F6E 6520  [to utilizes one ]
7016D129    6F66 2079 6F75 7220 7370 656C 6C73 0A00  [of your spells  ]
7016D131    2050 2020 2020 202D 2020 706C 6179 6572  [ P     -  player]
7016D139    2061 6C6C 6961 6E63 6573 0A20 4220 2020  [ alliances  B   ]
7016D141    2020 2D20 2064 6561 6C20 7769 7468 2062  [  -  deal with b]
7016D149    6163 6B70 6163 6B0A 204F 2020 2020 202D  [ackpack  O     -]
7016D151    2020 6F62 7365 7276 6520 6F62 6A65 6374  [  observe object]
7016D159    7320 696E 2079 6F75 7220 696E 7665 6E74  [s in your invent]
7016D161    6F72 790A 203F 2020 2020 202D 2020 6578  [ory  ?     -  ex]
7016D169    616D 696E 6520 7465 7272 6974 6F72 7920  [amine territory ]
7016D171    6D61 7073 0A0A 0000 2058 2020 2020 202D  [maps     X     -]
7016D179    2020 616C 6C6F 7720 6361 7374 6C65 2072  [  allow castle r]
7016D181    656E 616D 6520 7769 7468 696E 2061 2063  [ename within a c]
7016D189    6173 746C 652E 0A20 4B20 2020 2020 2D20  [astle.  K     - ]
7016D191    2061 6C6C 6F77 206B 696C 6C69 6E67 206F  [ allow killing o]
7016D199    6666 206F 6620 706C 6179 6572 2E0A 2046  [ff of player.  F]
7016D1A1    2020 2020 202D 2020 6669 7265 2062 6F77  [     -  fire bow]
7016D1A9    206F 7220 6372 6F73 7320 626F 772E 0A00  [ or cross bow.  ]
7016D1B1    204C 2020 2020 202D 2020 6C69 7374 2061  [ L     -  list a]
7016D1B9    6C6C 2070 6C61 7965 7273 2C20 6265 696E  [ll players, bein]
7016D1C1    6720 616C 6C69 6573 206F 7220 6361 7374  [g allies or cast]
7016D1C9    6C65 2069 6E66 6F2E 0A20 4320 2020 2020  [le info.  C     ]
7016D1D1    2D20 2063 6173 7420 6E6F 6E2D 6174 7461  [-  cast non-atta]
7016D1D9    636B 2073 7065 6C6C 2E0A 2051 2020 2020  [ck spell.  Q    ]
7016D1E1    202D 2020 7175 6974 2073 6569 6769 6E67  [ -  quit seiging]
7016D1E9    2061 6E79 2063 6173 746C 652E 0A00 0000  [ any castle.    ]
7016D1F1    2054 2020 2020 202D 2020 7461 6B65 2061  [ T     -  take a]
7016D1F9    6E20 6F62 6A65 6374 2066 726F 6D20 796F  [n object from yo]
7016D201    7572 2063 6173 746C 652E 0A20 4D20 2020  [ur castle.  M   ]
7016D209    2020 2D20 206D 6F76 6520 6175 746F 6D61  [  -  move automa]
7016D211    7469 6322 2E0A 2044 2020 2020 202D 2020  [tic".  D     -  ]
7016D219    6469 7370 6C61 7920 7370 656C 6C73 2073  [display spells s]
7016D221    7461 7475 732E 0A20 4720 2020 2020 2D20  [tatus.  G     - ]
7016D229    2061 6C6C 6F77 2075 7365 206F 6620 6120  [ allow use of a ]
7016D231    7370 7967 6C61 7373 0A00 0000 0C20 2020  [spyglass        ]
7016D239    2020 2020 2043 6F6D 6D61 6E64 733A 0A0A  [     Commands:  ]
7016D241    5468 6520 6573 6361 7065 206B 6579 2077  [The escape key w]
7016D249    696C 6C20 6578 6974 2071 7565 7374 2E0A  [ill exit quest. ]
7016D251    5468 6520 6572 6173 6520 7061 6765 206B  [The erase page k]
7016D259    6579 2077 696C 6C20 7265 6672 6573 6820  [ey will refresh ]
7016D261    7468 6520 7363 7265 656E 2E0A 2041 2020  [the screen.  A  ]
7016D269    2020 202D 2020 6174 7461 636B 0A20 5220  [   -  attack  R ]
7016D271    2020 2020 2D20 2072 656C 6561 7365 2061  [    -  release a]
7016D279    6E20 6F62 6A65 6374 2E0A 0000 546F 206D  [n object.   To m]
7016D281    6F76 6520 6175 746F 6D61 7469 6361 6C6C  [ove automaticall]
7016D289    792C 2069 6E70 7574 2074 6865 2064 6972  [y, input the dir]
7016D291    6563 7469 6F6E 2061 6E64 2061 6D6F 756E  [ection and amoun]
7016D299    7420 6F66 206D 6F76 6573 0A64 6573 6972  [t of moves desir]
7016D2A1    6564 2E20 5468 6973 2066 6561 7475 7265  [ed. This feature]
7016D2A9    2077 696C 6C20 6D6F 7665 2079 6F75 2064  [ will move you d]
7016D2B1    6F75 626C 6520 796F 7572 2069 6E70 7574  [ouble your input]
7016D2B9    206F 6E20 726F 6164 732C 0A61 6E64 2077  [ on roads, and w]
7016D2C1    696C 6C20 656E 6420 7072 656D 6174 7572  [ill end prematur]
7016D2C9    656C 7920 6966 2079 6F75 2063 6F6D 6520  [ely if you come ]
7016D2D1    696E 2063 6F6E 7461 6374 2077 6974 6820  [in contact with ]
7016D2D9    616E 206F 626A 6563 740A 6F72 2062 6569  [an object or bei]
7016D2E1    6E67 2E20 5E43 5E41 2073 6571 7565 6E63  [ng. ^C^A sequenc]
7016D2E9    6520 7769 6C6C 2074 6572 6D69 6E61 7465  [e will terminate]
7016D2F1    2061 206D 6F76 6520 6175 746F 6D61 7469  [ a move automati]
7016D2F9    632E 0A0A 0C20 2020 2020 2020 204D 6F76  [c.           Mov]
7016D301    696E 673A 0A0A 546F 206D 6F76 6520 796F  [ing:  To move yo]
7016D309    7572 2063 6861 7261 6374 6572 2075 7365  [ur character use]
7016D311    2065 6974 6865 7220 7468 6520 6375 7273  [ either the curs]
7016D319    6F72 2061 7272 6F77 730A 6F72 2074 6865  [or arrows or the]
7016D321    206C 6574 7465 7273 2022 4E22 2C20 2253  [ letters "N", "S]
7016D329    222C 2022 4522 206F 7220 2257 2220 746F  [", "E" or "W" to]
7016D331    2069 6E64 6963 6174 6520 7468 650A 6469  [ indicate the di]
7016D339    7265 6374 696F 6E20 746F 206D 6F76 652E  [rection to move.]
7016D341    2048 6F6D 6520 6B65 7920 7769 6C6C 2063  [ Home key will c]
7016D349    6175 7365 206E 6F20 6D6F 7665 6D65 6E74  [ause no movement]
7016D351    2E0A 0A20 2020 2020 2020 204D 6F76 6520  [.          Move ]
7016D359    4175 746F 6D61 7469 6361 6C6C 793A 2020  [Automatically:  ]
7016D361    5B4D 2063 6F6D 6D61 6E64 5D0A 0A00 0000  [[M command]     ]
7016D369    5370 6563 6961 6C20 7379 6D62 6F6C 7320  [Special symbols ]
7016D371    6172 653A 0A0A 2020 2020 0E7E 7E0F 202D  [are:       ~~  -]
7016D379    2073 6861 7264 7320 6F66 2074 6865 2063  [ shards of the c]
7016D381    7279 7374 616C 206F 6620 4162 6C69 6F6E  [rystal of Ablion]
7016D389    0A20 2020 200E 2829 0F20 2D20 6361 7665  [      ()  - cave]
7016D391    206F 6620 7468 6520 5768 6974 6520 4472  [ of the White Dr]
7016D399    6167 6F6E 0A20 2020 200E 740F 2020 2D20  [agon      t   - ]
7016D3A1    7468 6520 4461 726B 204C 6F72 6427 7320  [the Dark Lord's ]
7016D3A9    7374 6166 660A 0A00 2022 2220 202D 2073  [staff    ""  - s]
7016D3B1    7761 6D70 2020 2020 2020 2020 2020 2028  [wamp           (]
7016D3B9    2920 202D 2063 6176 6520 2020 2020 202E  [)  - cave      .]
7016D3C1    2020 202D 2064 6573 6572 740A 2023 2020  [   - desert  #  ]
7016D3C9    202D 2063 6174 6170 756C 7420 2020 2020  [ - catapult     ]
7016D3D1    2020 2025 2520 202D 2062 6F61 7420 2020  [   %%  - boat   ]
7016D3D9    2020 205B 5D20 202D 2074 7261 6E73 706F  [   []  - transpo]
7016D3E1    7274 6572 0A20 4949 2020 2D20 6D61 6769  [rter  II  - magi]
7016D3E9    6320 6261 7272 6965 7220 2020 7E7E 2020  [c barrier   ~~  ]
7016D3F1    2D20 6D61 6769 6320 666F 670A 0A0A 0000  [- magic fog     ]
7016D3F9    2020 2020 202D 206C 6576 656C 2067 726F  [     - level gro]
7016D401    756E 6420 2020 2066 6620 202D 2066 6F72  [und    ff  - for]
7016D409    6573 7420 2020 2077 7720 202D 2073 6861  [est    ww  - sha]
7016D411    6C6C 6F77 2077 6174 6572 0A20 5757 2020  [llow water  WW  ]
7016D419    2D20 6465 6570 2077 6174 6572 2020 2020  [- deep water    ]
7016D421    2020 6D6D 2020 2D20 666F 6F74 6869 6C6C  [  mm  - foothill]
7016D429    2020 4D4D 2020 2D20 6D6F 756E 7461 696E  [  MM  - mountain]
7016D431    0A20 7820 2020 2D20 726F 6164 2020 2020  [  x   - road    ]
7016D439    2020 2020 2020 2020 2B2B 2020 2D20 666F  [        ++  - fo]
7016D441    7264 2020 2020 2020 2121 2020 2D20 636C  [rd      !!  - cl]
7016D449    6966 660A 0C54 6572 7261 696E 2073 796D  [iff  Terrain sym]
7016D451    626F 6C73 2061 7265 3A0A 0000 546F 7069  [bols are:   Topi]
7016D459    6320 6E75 6D62 6572 2070 6C65 6173 653A  [c number please:]
7016D461    2000 0000 2020 2020 3020 2D20 4578 6974  [        0 - Exit]
7016D469    2068 656C 7020 2020 2020 3120 2D20 5465  [ help     1 - Te]
7016D471    7272 6169 6E0A 2020 2020 3220 2D20 4D6F  [rrain     2 - Mo]
7016D479    7669 6E67 2020 2020 2020 2020 3320 2D20  [ving        3 - ]
7016D481    436F 6D6D 616E 6473 0A20 2020 2034 202D  [Commands     4 -]
7016D489    2041 7474 6163 6B20 2020 2020 2020 2035  [ Attack        5]
7016D491    202D 2053 7065 6C6C 730A 2020 2020 3620  [ - Spells     6 ]
7016D499    2D20 4669 7265 2062 6F77 2020 2020 2020  [- Fire bow      ]
7016D4A1    3720 2D20 5365 6967 650A 2020 2020 3820  [7 - Seige     8 ]
7016D4A9    2D20 4265 696E 6773 2020 2020 2020 2020  [- Beings        ]
7016D4B1    3920 2D20 5374 7275 6374 7572 6573 0A20  [9 - Structures  ]
7016D4B9    2020 3130 202D 2054 7265 6173 7572 6573  [  10 - Treasures]
7016D4C1    2020 2020 3131 202D 204D 6167 6963 206F  [    11 - Magic o]
7016D4C9    626A 6563 7473 0A20 2020 3132 202D 2046  [bjects    12 - F]
7016D4D1    6F6F 642F 7761 7465 720A 0A00 0C20 2020  [ood/water       ]
7016D4D9    2020 2020 2048 656C 700A 0A54 6F70 6963  [     Help  Topic]
7016D4E1    7320 6172 653A 0A0A 0E2E 2E0F 0E3A 2E0F  [s are:   ..  :. ]
7016D4E9    0E2E 3A0F 0E20 3A0F 0E3A 200F 1422 2215  [ .:   :  :   "" ]
7016D4F1    1422 1520 2014 2215 147B 7D15 0E28 290F  [ "    "  {}  () ]
7016D4F9    003B 3B00 007C 2000 0020 7C00 147C 2F15  [ ;;  |    |  |/ ]
7016D501    145C 7C15 002F 2000 0020 5C00 1C2E 201D  [ \|  /    \  .  ]
7016D509    1C49 491D 0020 2000 1C22 221D 1C77 771D  [ II      ""  ww ]
7016D511    1C57 571D 1C21 211D 1C28 291D 1C66 661D  [ WW  !!  ()  ff ]
7016D519    1C6D 6D1D 1C4D 4D1D 1C2B 2B1D 1C78 201D  [ mm  MM  ++  x  ]
7016D521    002F 2D00 002D 2D00 002D 5C00 005C 2D00  [ /-  --  -\  \- ]
7016D529    002D 2F00 007C 2D00 002D 7C00 2014 2015  [ -/  |-  -|     ]
7016D531    1420 1520 7C14 2015 1420 157C 7C14 5315  [    |      || S ]
7016D539    0023 2000 005B 5D00 0025 2500 2014 2015  [ #   []  %%     ]
7016D541    1420 1520 142F 2015 1420 5C15 0E74 200F  [     /    \  t  ]
7016D549    005F 5E00 005E 5F00 7C14 2015 1420 157C  [ _^  ^_ |      |]
7016D551    1C2A 2A1D 0E7E 7E0F 007C 2D00 002D 7C00  [ **  ~~  |-  -| ]
7016D559    002D 2D00 007C 2000 0020 7C00            [ --  |    |     ]

memory_data: 0x7016D564 0x7016D568
7016D564    0000 0000 0000 0000                      [                ]

memory_data: 0x7016DE04 0x7016DE91
7016DE04    0000 0D0B 0000 0B48 6974 2061 6E79 2063  [       Hit any c]
7016DE0C    6861 7261 6374 6572 2074 6F20 636F 6E74  [haracter to cont]
7016DE14    696E 7565 0000 0E2E 2E0F 0E3A 2E0F 0E2E  [inue   ..  :.  .]
7016DE1C    3A0F 0E20 3A0F 0E3A 200F 1422 2215 1422  [:   :  :   ""  "]
7016DE24    1520 2014 2215 147B 7D15 0E28 290F 003B  [    "  {}  ()  ;]
7016DE2C    3B00 007C 2000 0020 7C00 147C 2F15 145C  [;  |    |  |/  \]
7016DE34    7C15 002F 2000 0020 5C00 1C2E 201D 1C49  [|  /    \  .   I]
7016DE3C    491D 0020 2000 1C22 221D 1C77 771D 1C57  [I      ""  ww  W]
7016DE44    571D 1C21 211D 1C28 291D 1C66 661D 1C6D  [W  !!  ()  ff  m]
7016DE4C    6D1D 1C4D 4D1D 1C2B 2B1D 1C78 201D 002F  [m  MM  ++  x   /]
7016DE54    2D00 002D 2D00 002D 5C00 005C 2D00 002D  [-  --  -\  \-  -]
7016DE5C    2F00 007C 2D00 002D 7C00 2014 2015 1420  [/  |-  -|       ]
7016DE64    1520 7C14 2015 1420 157C 7C14 5315 0023  [  |      || S  #]
7016DE6C    2000 005B 5D00 0025 2500 2014 2015 1420  [   []  %%       ]
7016DE74    1520 142F 2015 1420 5C15 0E74 200F 005F  [   /    \  t   _]
7016DE7C    5E00 005E 5F00 7C14 2015 1420 157C 1C2A  [^  ^_ |      | *]
7016DE84    2A1D 0E7E 7E0F 007C 2D00 002D 7C00 002D  [*  ~~  |-  -|  -]
7016DE8C    2D00 007C 2000 0020 7C00                 [-  |    |       ]

memory_data: 0x7016DEBC 0x7016DF39
7016DEBC    0000 1500 1400 0E2E 2E0F 0E3A 2E0F 0E2E  [       ..  :.  .]
7016DEC4    3A0F 0E20 3A0F 0E3A 200F 1422 2215 1422  [:   :  :   ""  "]
7016DECC    1520 2014 2215 147B 7D15 0E28 290F 003B  [    "  {}  ()  ;]
7016DED4    3B00 007C 2000 0020 7C00 147C 2F15 145C  [;  |    |  |/  \]
7016DEDC    7C15 002F 2000 0020 5C00 1C2E 201D 1C49  [|  /    \  .   I]
7016DEE4    491D 0020 2000 1C22 221D 1C77 771D 1C57  [I      ""  ww  W]
7016DEEC    571D 1C21 211D 1C28 291D 1C66 661D 1C6D  [W  !!  ()  ff  m]
7016DEF4    6D1D 1C4D 4D1D 1C2B 2B1D 1C78 201D 002F  [m  MM  ++  x   /]
7016DEFC    2D00 002D 2D00 002D 5C00 005C 2D00 002D  [-  --  -\  \-  -]
7016DF04    2F00 007C 2D00 002D 7C00 2014 2015 1420  [/  |-  -|       ]
7016DF0C    1520 7C14 2015 1420 157C 7C14 5315 0023  [  |      || S  #]
7016DF14    2000 005B 5D00 0025 2500 2014 2015 1420  [   []  %%       ]
7016DF1C    1520 142F 2015 1420 5C15 0E74 200F 005F  [   /    \  t   _]
7016DF24    5E00 005E 5F00 7C14 2015 1420 157C 1C2A  [^  ^_ |      | *]
7016DF2C    2A1D 0E7E 7E0F 007C 2D00 002D 7C00 002D  [*  ~~  |-  -|  -]
7016DF34    2D00 007C 2000 0020 7C00                 [-  |    |       ]

memory_data: 0x7016E089 0x7016E103
7016E089    0E2E 2E0F 0E3A 2E0F 0E2E 3A0F 0E20 3A0F  [ ..  :.  .:   : ]
7016E091    0E3A 200F 1422 2215 1422 1520 2014 2215  [ :   ""  "    " ]
7016E099    147B 7D15 0E28 290F 003B 3B00 007C 2000  [ {}  ()  ;;  |  ]
7016E0A1    0020 7C00 147C 2F15 145C 7C15 002F 2000  [  |  |/  \|  /  ]
7016E0A9    0020 5C00 1C2E 201D 1C49 491D 0020 2000  [  \  .   II     ]
7016E0B1    1C22 221D 1C77 771D 1C57 571D 1C21 211D  [ ""  ww  WW  !! ]
7016E0B9    1C28 291D 1C66 661D 1C6D 6D1D 1C4D 4D1D  [ ()  ff  mm  MM ]
7016E0C1    1C2B 2B1D 1C78 201D 002F 2D00 002D 2D00  [ ++  x   /-  -- ]
7016E0C9    002D 5C00 005C 2D00 002D 2F00 007C 2D00  [ -\  \-  -/  |- ]
7016E0D1    002D 7C00 2014 2015 1420 1520 7C14 2015  [ -|         |   ]
7016E0D9    1420 157C 7C14 5315 0023 2000 005B 5D00  [   || S  #   [] ]
7016E0E1    0025 2500 2014 2015 1420 1520 142F 2015  [ %%          /  ]
7016E0E9    1420 5C15 0E74 200F 005F 5E00 005E 5F00  [  \  t   _^  ^_ ]
7016E0F1    7C14 2015 1420 157C 1C2A 2A1D 0E7E 7E0F  [|      | **  ~~ ]
7016E0F9    007C 2D00 002D 7C00 002D 2D00 007C 2000  [ |-  -|  --  |  ]
7016E101    0020 7C00                                [  |             ]

memory_data: 0x7016E1DD 0x7016E2C7
7016E1DD    5468 6174 2070 6C61 7965 722F 7061 7373  [That player/pass]
7016E1E5    776F 7264 2064 6F65 7320 6E6F 7420 6578  [word does not ex]
7016E1ED    6973 740A 4869 7420 616E 7920 6368 6172  [ist Hit any char]
7016E1F5    6163 7465 7220 746F 2063 6F6E 7469 6E75  [acter to continu]
7016E1FD    6500 0000 5468 6174 2070 6C61 7965 7220  [e   That player ]
7016E205    6973 2063 7572 7265 6E74 6C79 2061 6374  [is currently act]
7016E20D    6976 6521 0A48 6974 2061 6E79 2063 6861  [ive! Hit any cha]
7016E215    7261 6374 6572 2074 6F20 636F 6E74 696E  [racter to contin]
7016E21D    7565 0000 5061 7373 776F 7264 203F 2000  [ue  Password ?  ]
7016E225    0C57 6861 7420 706C 6179 6572 206E 616D  [ What player nam]
7016E22D    6520 746F 206B 696C 6C20 6F66 6620 3F20  [e to kill off ? ]
7016E235    5553 4552 5F44 4154 415F 4649 4C45 0000  [USER_DATA_FILE  ]
7016E23D    436F 756C 646E 2774 2061 6363 6573 7320  [Couldn't access ]
7016E245    7573 6572 5F64 6174 615F 6669 6C65 0A00  [user_data_file  ]
7016E24D    0E2E 2E0F 0E3A 2E0F 0E2E 3A0F 0E20 3A0F  [ ..  :.  .:   : ]
7016E255    0E3A 200F 1422 2215 1422 1520 2014 2215  [ :   ""  "    " ]
7016E25D    147B 7D15 0E28 290F 003B 3B00 007C 2000  [ {}  ()  ;;  |  ]
7016E265    0020 7C00 147C 2F15 145C 7C15 002F 2000  [  |  |/  \|  /  ]
7016E26D    0020 5C00 1C2E 201D 1C49 491D 0020 2000  [  \  .   II     ]
7016E275    1C22 221D 1C77 771D 1C57 571D 1C21 211D  [ ""  ww  WW  !! ]
7016E27D    1C28 291D 1C66 661D 1C6D 6D1D 1C4D 4D1D  [ ()  ff  mm  MM ]
7016E285    1C2B 2B1D 1C78 201D 002F 2D00 002D 2D00  [ ++  x   /-  -- ]
7016E28D    002D 5C00 005C 2D00 002D 2F00 007C 2D00  [ -\  \-  -/  |- ]
7016E295    002D 7C00 2014 2015 1420 1520 7C14 2015  [ -|         |   ]
7016E29D    1420 157C 7C14 5315 0023 2000 005B 5D00  [   || S  #   [] ]
7016E2A5    0025 2500 2014 2015 1420 1520 142F 2015  [ %%          /  ]
7016E2AD    1420 5C15 0E74 200F 005F 5E00 005E 5F00  [  \  t   _^  ^_ ]
7016E2B5    7C14 2015 1420 157C 1C2A 2A1D 0E7E 7E0F  [|      | **  ~~ ]
7016E2BD    007C 2D00 002D 7C00 002D 2D00 007C 2000  [ |-  -|  --  |  ]
7016E2C5    0020 7C00                                [  |             ]

memory_data: 0x7016E2CC 0x7016E2D0
7016E2CC    0000 0000 0000 0000                      [                ]

memory_data: 0x7016E424 0x7016E425
7016E424    DB38                                     [ 8              ]

memory_data: 0x7016E641 0x7016E6BD
7016E641    87A9 0000 0E2E 2E0F 0E3A 2E0F 0E2E 3A0F  [     ..  :.  .: ]
7016E649    0E20 3A0F 0E3A 200F 1422 2215 1422 1520  [  :  :   ""  "  ]
7016E651    2014 2215 147B 7D15 0E28 290F 003B 3B00  [  "  {}  ()  ;; ]
7016E659    007C 2000 0020 7C00 147C 2F15 145C 7C15  [ |    |  |/  \| ]
7016E661    002F 2000 0020 5C00 1C2E 201D 1C49 491D  [ /    \  .   II ]
7016E669    0020 2000 1C22 221D 1C77 771D 1C57 571D  [     ""  ww  WW ]
7016E671    1C21 211D 1C28 291D 1C66 661D 1C6D 6D1D  [ !!  ()  ff  mm ]
7016E679    1C4D 4D1D 1C2B 2B1D 1C78 201D 002F 2D00  [ MM  ++  x   /- ]
7016E681    002D 2D00 002D 5C00 005C 2D00 002D 2F00  [ --  -\  \-  -/ ]
7016E689    007C 2D00 002D 7C00 2014 2015 1420 1520  [ |-  -|         ]
7016E691    7C14 2015 1420 157C 7C14 5315 0023 2000  [|      || S  #  ]
7016E699    005B 5D00 0025 2500 2014 2015 1420 1520  [ []  %%         ]
7016E6A1    142F 2015 1420 5C15 0E74 200F 005F 5E00  [ /    \  t   _^ ]
7016E6A9    005E 5F00 7C14 2015 1420 157C 1C2A 2A1D  [ ^_ |      | ** ]
7016E6B1    0E7E 7E0F 007C 2D00 002D 7C00 002D 2D00  [ ~~  |-  -|  -- ]
7016E6B9    007C 2000 0020 7C00                      [ |    |         ]

memory_data: 0x7016E8A9 0x7016E8AA
7016E8A9    CBF8                                     [                ]

memory_data: 0x7016EA13 0x7016EB87
7016EA13    0B00 0000 0084 0000 0A20 2020 2000 0000  [                ]
7016EA1B    0A20 2020 2057 6561 6C74 6820 2420 0000  [     Wealth $   ]
7016EA23    0A0A 4869 7420 7370 6163 6520 6261 7220  [  Hit space bar ]
7016EA2B    6174 2063 6173 746C 6520 746F 2073 6565  [at castle to see]
7016EA33    2069 6E76 656E 746F 7279 2E0A 6900 4900  [ inventory. i I ]
7016EA3B    2025 2029 2028 2000 202D 2D20 4369 7479  [ % ) (   -- City]
7016EA43    206F 6620 2069 6E20 0A0A 6300 4300 0000  [ of  in   c C   ]
7016EA4B    2020 7C0A 2020 207C 2020 2000 2020 7C20  [  |    |      | ]
7016EA53    2020 2000 2020 7C20 2000 0000 207C 2020  [      |      |  ]
7016EA5B    207C 2000 2020 2000 7C20 0000 2020 0000  [ |      |       ]
7016EA63    1500 2014 2000 0C00 0C20 2050 6C61 7965  [           Playe]
7016EA6B    7220 6E61 6D65 2020 2020 7C20 5354 5220  [r name    | STR ]
7016EA73    7C20 2049 4E54 2020 7C20 2045 5850 2020  [|  INT  |  EXP  ]
7016EA7B    7C20 2020 2420 2020 7C20 5045 5220 7C20  [|   $   | PER | ]
7016EA83    5649 5320 7C20 6361 7374 6C65 7320 7C20  [VIS | castles | ]
7016EA8B    5175 6573 7420 7C0A 2D2D 2D2D 2D2D 2D2D  [Quest | --------]
7016EA93    2D2D 2D2D 2D2D 2D2D 2D7C 2D2D 2D2D 2D7C  [---------|-----|]
7016EA9B    2D2D 2D2D 2D2D 2D7C 2D2D 2D2D 2D2D 2D7C  [-------|-------|]
7016EAA3    2D2D 2D2D 2D2D 2D7C 2D2D 2D2D 2D7C 2D2D  [-------|-----|--]
7016EAAB    2D2D 2D7C 2D2D 2D2D 2D2D 2D2D 2D7C 2D2D  [---|---------|--]
7016EAB3    2D2D 2D2D 2D7C 0A00 5553 4552 5F44 4154  [-----|  USER_DAT]
7016EABB    415F 4649 4C45 0000 436F 756C 646E 2774  [A_FILE  Couldn't]
7016EAC3    2061 6363 6573 7320 7573 6572 5F64 6174  [ access user_dat]
7016EACB    615F 6669 6C65 0A00 7000 5000 0A00 0000  [a_file  p P     ]
7016EAD3    0A20 2020 2020 0000 4375 7272 656E 7420  [        Current ]
7016EADB    616C 6C69 616E 6365 7320 2D0A 6100 4100  [alliances - a A ]
7016EAE3    0C48 6974 2028 5029 2066 6F72 2070 6C61  [ Hit (P) for pla]
7016EAEB    7965 7273 2028 4329 2066 6F72 2063 6173  [yers (C) for cas]
7016EAF3    746C 6573 2028 4129 2066 6F72 2061 6C6C  [tles (A) for all]
7016EAFB    6961 6E63 6573 2028 4929 2066 6F72 2063  [iances (I) for c]
7016EB03    6173 746C 6520 696E 7665 6E74 6F72 793A  [astle inventory:]
7016EB0B    2000 0000 0E2E 2E0F 0E3A 2E0F 0E2E 3A0F  [     ..  :.  .: ]
7016EB13    0E20 3A0F 0E3A 200F 1422 2215 1422 1520  [  :  :   ""  "  ]
7016EB1B    2014 2215 147B 7D15 0E28 290F 003B 3B00  [  "  {}  ()  ;; ]
7016EB23    007C 2000 0020 7C00 147C 2F15 145C 7C15  [ |    |  |/  \| ]
7016EB2B    002F 2000 0020 5C00 1C2E 201D 1C49 491D  [ /    \  .   II ]
7016EB33    0020 2000 1C22 221D 1C77 771D 1C57 571D  [     ""  ww  WW ]
7016EB3B    1C21 211D 1C28 291D 1C66 661D 1C6D 6D1D  [ !!  ()  ff  mm ]
7016EB43    1C4D 4D1D 1C2B 2B1D 1C78 201D 002F 2D00  [ MM  ++  x   /- ]
7016EB4B    002D 2D00 002D 5C00 005C 2D00 002D 2F00  [ --  -\  \-  -/ ]
7016EB53    007C 2D00 002D 7C00 2014 2015 1420 1520  [ |-  -|         ]
7016EB5B    7C14 2015 1420 157C 7C14 5315 0023 2000  [|      || S  #  ]
7016EB63    005B 5D00 0025 2500 2014 2015 1420 1520  [ []  %%         ]
7016EB6B    142F 2015 1420 5C15 0E74 200F 005F 5E00  [ /    \  t   _^ ]
7016EB73    005E 5F00 7C14 2015 1420 157C 1C2A 2A1D  [ ^_ |      | ** ]
7016EB7B    0E7E 7E0F 007C 2D00 002D 7C00 002D 2D00  [ ~~  |-  -|  -- ]
7016EB83    007C 2000 0020 7C00                      [ |    |         ]

memory_data: 0x7016EB8C 0x7016EB90
7016EB8C    0000 0000 0000 0000                      [                ]

memory_data: 0x7016F3CC 0x7016F3CD
7016F3CC    81B8                                     [                ]

memory_data: 0x7016F5AB 0x7016F5AC
7016F5AB    DBF8                                     [                ]

memory_data: 0x7016F5B0 0x7016F65B
7016F5B0    0000 2000 0D00 0B00 0000 0B59 6F75 2064  [           You d]
7016F5B8    6F20 6E6F 7420 6F77 6E20 616E 7920 7465  [o not own any te]
7016F5C0    7272 6974 6F72 7920 6D61 7073 2074 6F20  [rritory maps to ]
7016F5C8    6578 616D 696E 652E 0A00 0B48 6974 2073  [examine.   Hit s]
7016F5D0    7061 6365 2062 6172 2061 7420 7465 7272  [pace bar at terr]
7016F5D8    6974 6F72 7920 746F 2065 7861 6D69 6E65  [itory to examine]
7016F5E0    2E0A 0E2E 2E0F 0E3A 2E0F 0E2E 3A0F 0E20  [.  ..  :.  .:   ]
7016F5E8    3A0F 0E3A 200F 1422 2215 1422 1520 2014  [:  :   ""  "    ]
7016F5F0    2215 147B 7D15 0E28 290F 003B 3B00 007C  ["  {}  ()  ;;  |]
7016F5F8    2000 0020 7C00 147C 2F15 145C 7C15 002F  [    |  |/  \|  /]
7016F600    2000 0020 5C00 1C2E 201D 1C49 491D 0020  [    \  .   II   ]
7016F608    2000 1C22 221D 1C77 771D 1C57 571D 1C21  [   ""  ww  WW  !]
7016F610    211D 1C28 291D 1C66 661D 1C6D 6D1D 1C4D  [!  ()  ff  mm  M]
7016F618    4D1D 1C2B 2B1D 1C78 201D 002F 2D00 002D  [M  ++  x   /-  -]
7016F620    2D00 002D 5C00 005C 2D00 002D 2F00 007C  [-  -\  \-  -/  |]
7016F628    2D00 002D 7C00 2014 2015 1420 1520 7C14  [-  -|         | ]
7016F630    2015 1420 157C 7C14 5315 0023 2000 005B  [     || S  #   []
7016F638    5D00 0025 2500 2014 2015 1420 1520 142F  []  %%          /]
7016F640    2015 1420 5C15 0E74 200F 005F 5E00 005E  [    \  t   _^  ^]
7016F648    5F00 7C14 2015 1420 157C 1C2A 2A1D 0E7E  [_ |      | **  ~]
7016F650    7E0F 007C 2D00 002D 7C00 002D 2D00 007C  [~  |-  -|  --  |]
7016F658    2000 0020 7C00                           [    |           ]

memory_data: 0x7016F6A3 0x7016F6A4
7016F6A3    E238                                     [ 8              ]

memory_data: 0x7016F6C8 0x7016F6C9
7016F6C8    81B8                                     [                ]

memory_data: 0x7016F757 0x7016F7D1
7016F757    0E2E 2E0F 0E3A 2E0F 0E2E 3A0F 0E20 3A0F  [ ..  :.  .:   : ]
7016F75F    0E3A 200F 1422 2215 1422 1520 2014 2215  [ :   ""  "    " ]
7016F767    147B 7D15 0E28 290F 003B 3B00 007C 2000  [ {}  ()  ;;  |  ]
7016F76F    0020 7C00 147C 2F15 145C 7C15 002F 2000  [  |  |/  \|  /  ]
7016F777    0020 5C00 1C2E 201D 1C49 491D 0020 2000  [  \  .   II     ]
7016F77F    1C22 221D 1C77 771D 1C57 571D 1C21 211D  [ ""  ww  WW  !! ]
7016F787    1C28 291D 1C66 661D 1C6D 6D1D 1C4D 4D1D  [ ()  ff  mm  MM ]
7016F78F    1C2B 2B1D 1C78 201D 002F 2D00 002D 2D00  [ ++  x   /-  -- ]
7016F797    002D 5C00 005C 2D00 002D 2F00 007C 2D00  [ -\  \-  -/  |- ]
7016F79F    002D 7C00 2014 2015 1420 1520 7C14 2015  [ -|         |   ]
7016F7A7    1420 157C 7C14 5315 0023 2000 005B 5D00  [   || S  #   [] ]
7016F7AF    0025 2500 2014 2015 1420 1520 142F 2015  [ %%          /  ]
7016F7B7    1420 5C15 0E74 200F 005F 5E00 005E 5F00  [  \  t   _^  ^_ ]
7016F7BF    7C14 2015 1420 157C 1C2A 2A1D 0E7E 7E0F  [|      | **  ~~ ]
7016F7C7    007C 2D00 002D 7C00 002D 2D00 007C 2000  [ |-  -|  --  |  ]
7016F7CF    0020 7C00                                [  |             ]

memory_data: 0x7016FA4B 0x7016FA4C
7016FA4B    C978                                     [ x              ]

memory_data: 0x7016FBC2 0x7016FC67
7016FBC2    0000 0B54 6865 2066 616D 696C 6961 7220  [   The familiar ]
7016FBCA    6973 206B 696C 6C65 6421 0A00 0A00 2069  [is killed!     i]
7016FBD2    7320 6869 7420 6279 2061 2000 0B00 0B54  [s hit by a     T]
7016FBDA    6865 2066 616D 696C 6961 7220 6973 2062  [he familiar is b]
7016FBE2    6163 6B20 746F 2066 756C 6C20 7374 7265  [ack to full stre]
7016FBEA    6E67 7468 210A 0E2E 2E0F 0E3A 2E0F 0E2E  [ngth!  ..  :.  .]
7016FBF2    3A0F 0E20 3A0F 0E3A 200F 1422 2215 1422  [:   :  :   ""  "]
7016FBFA    1520 2014 2215 147B 7D15 0E28 290F 003B  [    "  {}  ()  ;]
7016FC02    3B00 007C 2000 0020 7C00 147C 2F15 145C  [;  |    |  |/  \]
7016FC0A    7C15 002F 2000 0020 5C00 1C2E 201D 1C49  [|  /    \  .   I]
7016FC12    491D 0020 2000 1C22 221D 1C77 771D 1C57  [I      ""  ww  W]
7016FC1A    571D 1C21 211D 1C28 291D 1C66 661D 1C6D  [W  !!  ()  ff  m]
7016FC22    6D1D 1C4D 4D1D 1C2B 2B1D 1C78 201D 002F  [m  MM  ++  x   /]
7016FC2A    2D00 002D 2D00 002D 5C00 005C 2D00 002D  [-  --  -\  \-  -]
7016FC32    2F00 007C 2D00 002D 7C00 2014 2015 1420  [/  |-  -|       ]
7016FC3A    1520 7C14 2015 1420 157C 7C14 5315 0023  [  |      || S  #]
7016FC42    2000 005B 5D00 0025 2500 2014 2015 1420  [   []  %%       ]
7016FC4A    1520 142F 2015 1420 5C15 0E74 200F 005F  [   /    \  t   _]
7016FC52    5E00 005E 5F00 7C14 2015 1420 157C 1C2A  [^  ^_ |      | *]
7016FC5A    2A1D 0E7E 7E0F 007C 2D00 002D 7C00 002D  [*  ~~  |-  -|  -]
7016FC62    2D00 007C 2000 0020 7C00                 [-  |    |       ]

memory_data: 0x70170105 0x701702DB
70170105    0B59 6F75 7220 6D61 7869 6D75 6D20 7374  [ Your maximum st]
7017010D    7265 6E67 7468 2069 7320 0000 0B54 6865  [rength is    The]
70170115    2062 6F6F 6B20 6861 7320 6E6F 2065 6666  [ book has no eff]
7017011D    6563 742E 696E 6372 6561 7365 6420 6279  [ect.increased by]
70170125    2000 0000 6465 6372 6561 7365 6420 6279  [    decreased by]
7017012D    2000 2000 0B48 6974 2073 7061 6365 2062  [     Hit space b]
70170135    6172 2074 6F20 7069 636B 2075 7020 7468  [ar to pick up th]
7017013D    6520 626F 6F6B 2E0A 0A00 0000 0B55 706F  [e book.      Upo]
70170145    6E20 656E 7465 7269 6E67 2074 6865 206E  [n entering the n]
7017014D    6578 7420 726F 6F6D 2C0A 0979 6F75 2068  [ext room,  you h]
70170155    6176 6520 636F 6D65 2061 6372 6F73 7320  [ave come across ]
7017015D    6120 0000 0B55 706F 6E20 656E 7465 7269  [a    Upon enteri]
70170165    6E67 2074 6865 206E 6578 7420 726F 6F6D  [ng the next room]
7017016D    2C0A 0979 6F75 2068 6176 6520 666F 756E  [,  you have foun]
70170175    6420 6120 6472 6167 6F6E 2073 6C61 7965  [d a dragon slaye]
7017017D    7220 7377 6F72 642C 2062 7574 2069 7420  [r sword, but it ]
70170185    6361 6E6E 6F74 2062 6520 7461 6B65 6E20  [cannot be taken ]
7017018D    7965 7421 0A00 0000 202E 2E2E 206C 6576  [yet!     ... lev]
70170195    656C 2000 202E 2E2E 2041 7363 656E 6469  [el   ... Ascendi]
7017019D    6E67 0000 202E 2E2E 2044 6573 6365 6E64  [ng   ... Descend]
701701A5    696E 6700 0B53 756E 6461 7227 7320 736C  [ing  Sundar's sl]
701701AD    6565 7069 6E67 2062 6F64 7920 626C 6F63  [eeping body bloc]
701701B5    6B73 2065 6E74 7261 6E63 6520 746F 2074  [ks entrance to t]
701701BD    6865 206C 6169 7221 0A00 0000 0B54 6865  [he lair!     The]
701701C5    206C 6169 7220 6F66 2053 756E 6461 7220  [ lair of Sundar ]
701701CD    6973 2065 6D70 7479 210A 0000 0B54 6865  [is empty!    The]
701701D5    2070 6F77 6572 206F 6620 7468 6520 4472  [ power of the Dr]
701701DD    6167 6F6E 2073 6C61 7965 7220 7377 6F72  [agon slayer swor]
701701E5    6420 616C 6572 7473 2053 756E 6461 720A  [d alerts Sundar ]
701701ED    0B42 6F74 6820 796F 7520 616E 6420 5375  [ Both you and Su]
701701F5    6E64 6172 2061 7265 2069 6E73 7461 6E74  [ndar are instant]
701701FD    6C79 2074 656C 6570 6F72 7465 6421 0A00  [ly teleported!  ]
70170205    0B59 6F75 2068 6176 6520 666F 756E 6420  [ You have found ]
7017020D    7468 6520 6C61 6972 206F 6620 5375 6E64  [the lair of Sund]
70170215    6172 210A 0B59 6F75 2063 616E 206E 6F74  [ar!  You can not]
7017021D    2067 6F20 7468 6174 2077 6179 2100 0000  [ go that way!   ]
70170225    4541 5354 5745 5354 534F 5554 4800 0000  [EASTWESTSOUTH   ]
7017022D    4E4F 5254 4800 0000 2068 6173 206A 7573  [NORTH    has jus]
70170235    7420 656E 7465 7265 6420 7468 6520 726F  [t entered the ro]
7017023D    6F6D 210A 0B41 2000 5374 6179 2069 6E20  [om!  A  Stay in ]
70170245    7468 6520 6375 7272 656E 7420 726F 6F6D  [the current room]
7017024D    3100 0000 2066 6169 6C73 2100 0959 6F75  [1    fails!  You]
70170255    7220 6174 7465 6D70 7420 746F 2065 7363  [r attempt to esc]
7017025D    6170 6520 7468 6520 0E2E 2E0F 0E3A 2E0F  [ape the  ..  :. ]
70170265    0E2E 3A0F 0E20 3A0F 0E3A 200F 1422 2215  [ .:   :  :   "" ]
7017026D    1422 1520 2014 2215 147B 7D15 0E28 290F  [ "    "  {}  () ]
70170275    003B 3B00 007C 2000 0020 7C00 147C 2F15  [ ;;  |    |  |/ ]
7017027D    145C 7C15 002F 2000 0020 5C00 1C2E 201D  [ \|  /    \  .  ]
70170285    1C49 491D 0020 2000 1C22 221D 1C77 771D  [ II      ""  ww ]
7017028D    1C57 571D 1C21 211D 1C28 291D 1C66 661D  [ WW  !!  ()  ff ]
70170295    1C6D 6D1D 1C4D 4D1D 1C2B 2B1D 1C78 201D  [ mm  MM  ++  x  ]
7017029D    002F 2D00 002D 2D00 002D 5C00 005C 2D00  [ /-  --  -\  \- ]
701702A5    002D 2F00 007C 2D00 002D 7C00 2014 2015  [ -/  |-  -|     ]
701702AD    1420 1520 7C14 2015 1420 157C 7C14 5315  [    |      || S ]
701702B5    0023 2000 005B 5D00 0025 2500 2014 2015  [ #   []  %%     ]
701702BD    1420 1520 142F 2015 1420 5C15 0E74 200F  [     /    \  t  ]
701702C5    005F 5E00 005E 5F00 7C14 2015 1420 157C  [ _^  ^_ |      |]
701702CD    1C2A 2A1D 0E7E 7E0F 007C 2D00 002D 7C00  [ **  ~~  |-  -| ]
701702D5    002D 2D00 007C 2000 0020 7C00            [ --  |    |     ]

memory_data: 0x70170C31 0x7017101D
70170C31    0B00 0000 004B 0000 0B00 0000 0020 0000  [     K          ]
70170C39    0B00 0000 003B 0000 0B00 0000 0084 0000  [     ;          ]
70170C41    0B59 6F75 2063 616E 6E6F 7420 656E 7465  [ You cannot ente]
70170C49    7220 6120 6361 7665 2077 6974 6820 6120  [r a cave with a ]
70170C51    6361 7374 6C65 2064 6566 656E 6365 732E  [castle defences.]
70170C59    0B59 6F75 2063 616E 6E6F 7420 656E 7465  [ You cannot ente]
70170C61    7220 6120 6361 7665 2077 6869 6C65 2063  [r a cave while c]
70170C69    6172 7279 696E 6720 6120 7072 696E 6365  [arrying a prince]
70170C71    7373 2E00 0B59 6F75 2063 616E 6E6F 7420  [ss.  You cannot ]
70170C79    656E 7465 7220 6120 6361 7665 2077 6974  [enter a cave wit]
70170C81    6820 6120 6361 7461 7075 6C74 2069 6E20  [h a catapult in ]
70170C89    746F 772E 0B00 0000 0B54 6865 2070 7269  [tow.     The pri]
70170C91    6E63 6573 7320 6765 7473 2073 6561 2D73  [ncess gets sea-s]
70170C99    6963 6B20 616E 6420 7769 6C6C 206E 6F74  [ick and will not]
70170CA1    2073 6169 6C21 0000 0B59 6F75 2063 616E  [ sail!   You can]
70170CA9    6E6F 7420 7069 636B 2075 7020 7468 6520  [not pick up the ]
70170CB1    7368 6172 642E 0000 0B59 6F75 2068 6176  [shard.   You hav]
70170CB9    6520 7069 636B 6564 2075 7020 6120 7368  [e picked up a sh]
70170CC1    6172 6420 6F66 2074 6865 2063 7279 7374  [ard of the cryst]
70170CC9    616C 206F 6620 416C 6269 6F6E 2100 0000  [al of Albion!   ]
70170CD1    0B59 6F75 2061 6C72 6561 6479 2068 6176  [ You already hav]
70170CD9    6520 6120 7368 6172 6421 0000 0B48 6974  [e a shard!   Hit]
70170CE1    2073 7061 6365 2062 6172 2074 6F20 7069  [ space bar to pi]
70170CE9    636B 2075 7020 6120 7368 6172 6420 6F66  [ck up a shard of]
70170CF1    2074 6865 2063 7279 7374 616C 206F 6620  [ the crystal of ]
70170CF9    416C 6269 6F6E 2100 7300 5300 6E00 4E00  [Albion! s S n N ]
70170D01    7700 5700 6500 4500 0B4D 6F76 6520 6167  [w W e E  Move ag]
70170D09    6169 6E20 2D3E 2000 0B46 6C79 2061 6761  [ain ->   Fly aga]
70170D11    696E 202D 3E20 0000 0B59 6F75 7220 7061  [in ->    Your pa]
70170D19    7468 2069 7320 626C 6F63 6B65 6421 0000  [th is blocked!  ]
70170D21    0B59 6F75 2061 7265 206E 6F77 206F 6E20  [ You are now on ]
70170D29    746F 7020 6F66 2061 2070 6567 6173 7573  [top of a pegasus]
70170D31    210A 0000 0B54 6865 2070 7269 6E63 6573  [!    The princes]
70170D39    7320 6973 2061 6672 6169 6420 746F 2066  [s is afraid to f]
70170D41    6C79 2100 0B54 6865 2077 6174 6572 2069  [ly!  The water i]
70170D49    7320 746F 6F20 6465 6570 2074 6F20 7377  [s too deep to sw]
70170D51    696D 2100 596F 7520 6665 6C6C 2074 6F20  [im! You fell to ]
70170D59    796F 7572 2064 6561 7468 2120 596F 7520  [your death! You ]
70170D61    7368 6F75 6C64 6E27 7420 636C 696D 6220  [shouldn't climb ]
70170D69    636C 6966 6673 2075 6E6C 6573 7320 796F  [cliffs unless yo]
70170D71    7520 6172 6520 7072 6570 6172 6564 2E00  [u are prepared. ]
70170D79    0B41 6C62 696F 6E20 7468 6520 6769 616E  [ Albion the gian]
70170D81    7420 7465 6C65 706F 7274 7320 746F 2064  [t teleports to d]
70170D89    6566 656E 6420 6869 7320 666F 7274 7265  [efend his fortre]
70170D91    7373 2100 0B54 6865 206D 6167 6963 2073  [ss!  The magic s]
70170D99    6861 7264 2061 6C6C 6F77 7320 6163 6365  [hard allows acce]
70170DA1    7373 2074 6F20 416C 6269 6F6E 2773 2066  [ss to Albion's f]
70170DA9    6F72 7472 6573 732E 0B48 6974 2073 7061  [ortress. Hit spa]
70170DB1    6365 2062 6172 2074 6F20 6174 7465 6D70  [ce bar to attemp]
70170DB9    7420 746F 2065 6E74 6572 2041 6C62 696F  [t to enter Albio]
70170DC1    6E27 7320 666F 7274 7265 7373 2E00 0000  [n's fortress.   ]
70170DC9    0B54 6865 2074 656D 706C 6520 6361 6E6E  [ The temple cann]
70170DD1    6F74 2062 6520 656E 7465 7265 642E 0A00  [ot be entered.  ]
70170DD9    0B41 206C 6F75 6420 7275 6D62 6C69 6E67  [ A loud rumbling]
70170DE1    2069 7320 6865 6172 6420 6672 6F6D 2074  [ is heard from t]
70170DE9    6865 2068 6561 7665 6E73 2100 0B54 6865  [he heavens!  The]
70170DF1    2068 6F6C 6420 6361 6E6E 6F74 2062 6520  [ hold cannot be ]
70170DF9    656E 7465 7265 6421 2E0A 0000 0B59 6F75  [entered!.    You]
70170E01    2068 6176 6520 7375 6365 7373 6675 6C6C  [ have sucessfull]
70170E09    7920 6672 6565 6420 7468 6520 7072 696E  [y freed the prin]
70170E11    6365 7373 2000 0000 5468 6520 686F 6C64  [cess    The hold]
70170E19    2067 7561 7264 7320 6861 7665 206B 696C  [ guards have kil]
70170E21    6C65 6420 796F 7521 2073 7472 656E 6774  [led you! strengt]
70170E29    6820 706F 696E 7473 2E0A 0000 0B54 6865  [h points.    The]
70170E31    2068 6F6C 6420 6775 6172 6473 2068 6176  [ hold guards hav]
70170E39    6520 6265 656E 2061 6C65 7274 6564 2074  [e been alerted t]
70170E41    6F20 796F 7572 2070 7265 7365 6E63 652E  [o your presence.]
70170E49    0A0B 596F 7520 6861 7665 2062 6565 6E20  [  You have been ]
70170E51    6174 7461 636B 6564 2077 6974 6820 0000  [attacked with   ]
70170E59    0B59 6F75 2063 616E 6E6F 7420 656E 7465  [ You cannot ente]
70170E61    7220 6120 746F 7765 7221 2E00 0B54 6865  [r a tower!.  The]
70170E69    2053 7461 6666 206F 6620 5261 2068 6173  [ Staff of Ra has]
70170E71    2064 6973 6162 6C65 6420 7468 6520 746F  [ disabled the to]
70170E79    7765 7220 6279 2069 7427 7320 6D61 6769  [wer by it's magi]
70170E81    6361 6C20 696E 666C 7565 6E63 652E 0000  [cal influence.  ]
70170E89    0B54 6865 2053 7461 6666 206F 6620 5261  [ The Staff of Ra]
70170E91    2068 6173 206E 6F20 6675 7274 6865 7220  [ has no further ]
70170E99    6566 6665 6374 206F 6E20 7468 6520 746F  [effect on the to]
70170EA1    7765 722E 0B59 6F75 2063 616E 6E6F 7420  [wer. You cannot ]
70170EA9    656E 7465 7220 6120 6275 696C 6469 6E67  [enter a building]
70170EB1    2079 6574 2E00 0000 596F 7520 7368 6F75  [ yet.   You shou]
70170EB9    6C64 6E27 7420 636C 696D 6220 6D6F 756E  [ldn't climb moun]
70170EC1    7461 696E 7320 7769 7468 6F75 7420 7468  [tains without th]
70170EC9    6520 7072 6F70 6572 2065 7175 6970 6D65  [e proper equipme]
70170ED1    6E74 2E00 0B54 6865 2070 7269 6E63 6573  [nt.  The princes]
70170ED9    7320 6361 6E6E 6F74 2063 6C69 6D62 2100  [s cannot climb! ]
70170EE1    0B54 6865 2070 6567 6173 7573 2069 7320  [ The pegasus is ]
70170EE9    6166 7261 6964 206F 6620 7468 6520 6F63  [afraid of the oc]
70170EF1    6561 6E21 0B54 6865 2062 6172 7269 6572  [ean! The barrier]
70170EF9    2063 616E 6E6F 7420 6265 2063 726F 7373  [ cannot be cross]
70170F01    6564 2100 0B54 6865 2062 6174 7465 7269  [ed!  The batteri]
70170F09    6E67 2072 616D 2068 6173 206E 6F20 6566  [ng ram has no ef]
70170F11    6665 6374 206F 6E20 7468 6520 6261 7272  [fect on the barr]
70170F19    6965 7221 0B54 6865 2070 6567 6173 7573  [ier! The pegasus]
70170F21    2077 696C 6C20 6E6F 7420 6372 6F73 7320  [ will not cross ]
70170F29    7468 6520 6261 7272 6965 7221 0B59 6F75  [the barrier! You]
70170F31    2063 616E 6E6F 7420 6C61 6E64 2074 6865  [ cannot land the]
70170F39    7265 2100 0B54 6865 2074 7261 6E73 706F  [re!  The transpo]
70170F41    7274 6572 2069 7320 6272 6F6B 656E 2000  [rter is broken  ]
70170F49    0B48 6974 2073 7061 6365 2062 6172 2074  [ Hit space bar t]
70170F51    6F20 7472 616E 7370 6F72 7400 4541 5354  [o transport EAST]
70170F59    5745 5354 534F 5554 4800 0000 4E4F 5254  [WESTSOUTH   NORT]
70170F61    4800 0000 4D6F 7665 2074 6F20 7468 6520  [H   Move to the ]
70170F69    466C 7920 746F 2074 6865 2000 5461 6B65  [Fly to the  Take]
70170F71    206F 6666 2061 7420 6375 7272 656E 7420  [ off at current ]
70170F79    6C6F 6361 7469 6F6E 5374 6179 2061 7420  [locationStay at ]
70170F81    6375 7272 656E 7420 6C6F 6361 7469 6F6E  [current location]
70170F89    4C61 6E64 2061 7420 6375 7272 656E 7420  [Land at current ]
70170F91    6C6F 6361 7469 6F6E 486F 7665 7220 6174  [locationHover at]
70170F99    2063 7572 7265 6E74 206C 6F63 6174 696F  [ current locatio]
70170FA1    6E00 0000 0E2E 2E0F 0E3A 2E0F 0E2E 3A0F  [n    ..  :.  .: ]
70170FA9    0E20 3A0F 0E3A 200F 1422 2215 1422 1520  [  :  :   ""  "  ]
70170FB1    2014 2215 147B 7D15 0E28 290F 003B 3B00  [  "  {}  ()  ;; ]
70170FB9    007C 2000 0020 7C00 147C 2F15 145C 7C15  [ |    |  |/  \| ]
70170FC1    002F 2000 0020 5C00 1C2E 201D 1C49 491D  [ /    \  .   II ]
70170FC9    0020 2000 1C22 221D 1C77 771D 1C57 571D  [     ""  ww  WW ]
70170FD1    1C21 211D 1C28 291D 1C66 661D 1C6D 6D1D  [ !!  ()  ff  mm ]
70170FD9    1C4D 4D1D 1C2B 2B1D 1C78 201D 002F 2D00  [ MM  ++  x   /- ]
70170FE1    002D 2D00 002D 5C00 005C 2D00 002D 2F00  [ --  -\  \-  -/ ]
70170FE9    007C 2D00 002D 7C00 2014 2015 1420 1520  [ |-  -|         ]
70170FF1    7C14 2015 1420 157C 7C14 5315 0023 2000  [|      || S  #  ]
70170FF9    005B 5D00 0025 2500 2014 2015 1420 1520  [ []  %%         ]
70171001    142F 2015 1420 5C15 0E74 200F 005F 5E00  [ /    \  t   _^ ]
70171009    005E 5F00 7C14 2015 1420 157C 1C2A 2A1D  [ ^_ |      | ** ]
70171011    0E7E 7E0F 007C 2D00 002D 7C00 002D 2D00  [ ~~  |-  -|  -- ]
70171019    007C 2000 0020 7C00                      [ |    |         ]

memory_data: 0x70171AE3 0x70171AE4
70171AE3    C238                                     [ 8              ]

memory_data: 0x70172A4A 0x70172A4B
70172A4A    DA78                                     [ x              ]

memory_data: 0x70172A60 0x70172CE1
70172A60    0000 0B00 0000 0084 0000 206C 6273 2E20  [           lbs. ]
70172A68    6173 2079 6F75 7220 6C69 6D69 742E 206C  [as your limit. l]
70172A70    6273 2E20 7769 7468 2061 206D 6178 696D  [bs. with a maxim]
70172A78    756D 206F 6620 0B59 6F75 2061 7265 2063  [um of  You are c]
70172A80    6172 7279 696E 6720 0000 0B4E 616D 6520  [arrying    Name ]
70172A88    6120 6369 7479 203F 2000 0B00 0000 206D  [a city ?       m]
70172A90    6F72 6520 6461 7973 0000 666F 6F64 2072  [ore days  food r]
70172A98    6174 696F 6E73 2066 6F72 2061 626F 7574  [ations for about]
70172AA0    2000 666F 6F64 2072 6174 696F 6E73 2066  [  food rations f]
70172AA8    6F72 2061 626F 7574 2037 206D 6F72 6520  [or about 7 more ]
70172AB0    6461 7973 0000 616E 2065 6D70 7479 2077  [days  an empty w]
70172AB8    6174 6572 2073 6B69 6E00 2520 6675 6C6C  [ater skin % full]
70172AC0    0000 6120 7761 7465 7220 736B 696E 2061  [  a water skin a]
70172AC8    626F 7574 2000 596F 7520 6765 7420 6120  [bout  You get a ]
70172AD0    6665 656C 696E 6720 6F66 2067 7265 6174  [feeling of great]
70172AD8    2070 6F77 6572 2C20 706F 7373 6962 6C79  [ power, possibly]
70172AE0    0A74 6865 2070 6F77 6572 206F 7665 7220  [ the power over ]
70172AE8    6C69 6665 2061 6E64 2064 6561 7468 2E00  [life and death. ]
70172AF0    0000 0B48 6974 2073 7061 6365 2062 6172  [   Hit space bar]
70172AF8    2074 6F20 6F62 7365 7276 6520 7468 6520  [ to observe the ]
70172B00    6F6E 6520 7269 6E67 2028 4F6E 2900 5468  [one ring (On) Th]
70172B08    6520 7269 6E67 2073 6565 6D73 2074 6F20  [e ring seems to ]
70172B10    6265 2074 7261 6E73 6C75 6365 6E74 0B48  [be translucent H]
70172B18    6974 2073 7061 6365 2062 6172 2074 6F20  [it space bar to ]
70172B20    6F62 7365 7276 6520 7468 6520 696E 7669  [observe the invi]
70172B28    7369 6269 6C69 7479 2072 696E 6720 2849  [sibility ring (I]
70172B30    7229 5468 6520 7269 6E67 206C 6F6F 6B73  [r)The ring looks]
70172B38    206C 696B 6520 6974 206D 6967 6874 2062  [ like it might b]
70172B40    6520 776F 7274 6820 736F 6D65 7468 696E  [e worth somethin]
70172B48    672E 0B48 6974 2073 7061 6365 2062 6172  [g. Hit space bar]
70172B50    2074 6F20 6F62 7365 7276 6520 7468 6520  [ to observe the ]
70172B58    7369 676E 6574 2072 696E 6720 2852 6929  [signet ring (Ri)]
70172B60    0000 5468 6520 7269 6E67 2068 6173 2061  [  The ring has a]
70172B68    2069 6E67 7261 7669 6E67 206F 6620 4865  [ ingraving of He]
70172B70    726D 6573 2E00 0B48 6974 2073 7061 6365  [rmes.  Hit space]
70172B78    2062 6172 2074 6F20 6F62 7365 7276 6520  [ bar to observe ]
70172B80    7468 6520 7465 6C65 706F 7274 2072 696E  [the teleport rin]
70172B88    6720 2854 7229 5468 6520 7368 6172 6420  [g (Tr)The shard ]
70172B90    7365 656D 7320 746F 2062 6520 6D61 6769  [seems to be magi]
70172B98    632C 2062 7574 2079 6F75 2061 7265 2075  [c, but you are u]
70172BA0    6E61 626C 650A 746F 2064 6574 6572 6D69  [nable to determi]
70172BA8    6E65 2069 6E20 7768 6174 2077 6179 2E00  [ne in what way. ]
70172BB0    0000 0B48 6974 2073 7061 6365 2062 6172  [   Hit space bar]
70172BB8    2074 6F20 6F62 7365 7276 6520 7468 6520  [ to observe the ]
70172BC0    6D61 6769 6320 7368 6172 6400 0000 5468  [magic shard   Th]
70172BC8    6520 7374 6166 6620 6861 7320 6120 736C  [e staff has a sl]
70172BD0    6967 6874 2072 6564 2067 6C6F 7700 0B48  [ight red glow  H]
70172BD8    6974 2073 7061 6365 2062 6172 2074 6F20  [it space bar to ]
70172BE0    6F62 7365 7276 6520 7468 6520 4461 726B  [observe the Dark]
70172BE8    204C 6F72 6427 7320 7374 6166 6600 5468  [ Lord's staff Th]
70172BF0    6520 7363 6570 746F 7220 6973 2065 6E63  [e sceptor is enc]
70172BF8    7275 7374 6564 2077 6974 6820 656D 6572  [rusted with emer]
70172C00    616C 6473 2C20 7769 7468 0A0B 7468 6520  [alds, with  the ]
70172C08    6865 6164 206F 6620 6120 6465 6D6F 6E20  [head of a demon ]
70172C10    6174 206F 6E65 2065 6E64 2E00 0000 0B48  [at one end.    H]
70172C18    6974 2073 7061 6365 2062 6172 2074 6F20  [it space bar to ]
70172C20    6F62 7365 7276 6520 7468 6520 5363 6570  [observe the Scep]
70172C28    746F 7220 6F66 204C 6F72 6963 0000 206C  [tor of Loric   l]
70172C30    6273 2E20 696E 2077 6569 6768 7400 202D  [bs. in weight  -]
70172C38    2061 7070 726F 7869 6D61 7465 6C79 2000  [ approximately  ]
70172C40    0A00 596F 7520 6F62 7365 7276 6520 2000  [  You observe   ]
70172C48    1B00 0000 0000 0B48 6974 2073 7061 6365  [       Hit space]
70172C50    2062 6172 2061 7420 6F62 6A65 6374 2074  [ bar at object t]
70172C58    6F20 6F62 7365 7276 652C 206F 7220 6573  [o observe, or es]
70172C60    6361 7065 2074 6F20 6578 6974 0000 0E2E  [cape to exit   .]
70172C68    2E0F 0E3A 2E0F 0E2E 3A0F 0E20 3A0F 0E3A  [.  :.  .:   :  :]
70172C70    200F 1422 2215 1422 1520 2014 2215 147B  [   ""  "    "  {]
70172C78    7D15 0E28 290F 003B 3B00 007C 2000 0020  [}  ()  ;;  |    ]
70172C80    7C00 147C 2F15 145C 7C15 002F 2000 0020  [|  |/  \|  /    ]
70172C88    5C00 1C2E 201D 1C49 491D 0020 2000 1C22  [\  .   II      "]
70172C90    221D 1C77 771D 1C57 571D 1C21 211D 1C28  ["  ww  WW  !!  (]
70172C98    291D 1C66 661D 1C6D 6D1D 1C4D 4D1D 1C2B  [)  ff  mm  MM  +]
70172CA0    2B1D 1C78 201D 002F 2D00 002D 2D00 002D  [+  x   /-  --  -]
70172CA8    5C00 005C 2D00 002D 2F00 007C 2D00 002D  [\  \-  -/  |-  -]
70172CB0    7C00 2014 2015 1420 1520 7C14 2015 1420  [|         |     ]
70172CB8    157C 7C14 5315 0023 2000 005B 5D00 0025  [ || S  #   []  %]
70172CC0    2500 2014 2015 1420 1520 142F 2015 1420  [%          /    ]
70172CC8    5C15 0E74 200F 005F 5E00 005E 5F00 7C14  [\  t   _^  ^_ | ]
70172CD0    2015 1420 157C 1C2A 2A1D 0E7E 7E0F 007C  [     | **  ~~  |]
70172CD8    2D00 002D 7C00 002D 2D00 007C 2000 0020  [-  -|  --  |    ]
70172CE0    7C00                                     [|               ]

memory_data: 0x70172CE6 0x70172CEA
70172CE6    0000 0000 0000 0000                      [                ]

memory_data: 0x7017339A 0x7017339B
7017339A    81B8                                     [                ]

memory_data: 0x701735AC 0x7017381B
701735AC    0000 0B00 0000 000A 0000 0B00 0000 0013  [                ]
701735B4    0000 0B00 0000 000F 0000 0B00 0000 000C  [                ]
701735BC    0000 0B00 0000 001E 0000 0B00 0000 000B  [                ]
701735C4    0000 0B00 0000 0084 6E00 4E00 0000 5D20  [        n N   ] ]
701735CC    3A20 205B 4E4F 5945 5300 5300 4200 6800  [:  [NOYES S B h ]
701735D4    0000 0B49 7320 7468 6973 2061 2074 656D  [   Is this a tem]
701735DC    706C 6520 3F20 0B49 7320 7468 6973 2061  [ple ?  Is this a]
701735E4    2063 6974 6164 656C 3F20 7900 5900 0B49  [ citadel? y Y  I]
701735EC    7320 6974 2073 7572 726F 756E 6465 6420  [s it surrounded ]
701735F4    6279 2061 2062 6172 7269 6572 203F 2000  [by a barrier ?  ]
701735FC    0000 0B57 6861 7420 6973 2074 6865 2063  [   What is the c]
70173604    6974 7920 7369 7A65 203A 2000 0000 5768  [ity size :    Wh]
7017360C    6174 2069 7320 7468 6520 6369 7479 206E  [at is the city n]
70173614    616D 6520 3A20 4000 0000 2020 2000 0B4C  [ame : @        L]
7017361C    6173 7420 6361 7374 6C65 2069 7320 6174  [ast castle is at]
70173624    2000 426C 6163 6B20 6775 6172 6473 5265  [  Black guardsRe]
7017362C    6420 6775 6172 6473 0000 4361 7374 6C65  [d guards  Castle]
70173634    206D 6178 2073 7472 656E 6774 6800 4361  [ max strength Ca]
7017363C    7374 6C65 2073 7472 656E 6774 6800 4361  [stle strength Ca]
70173644    7374 6C65 206F 776E 6572 4361 7374 6C65  [stle ownerCastle]
7017364C    206E 616D 6500 6500 4500 0B4C 6173 7420  [ name e E  Last ]
70173654    6369 7479 2069 7320 6300 0B4C 6173 7420  [city is c  Last ]
7017365C    6C61 6E64 206D 6173 7320 6973 2000 6C00  [land mass is  l ]
70173664    0000 0B4C 6173 7420 7465 7272 6974 6F72  [   Last territor]
7017366C    7920 6973 2000 7400 0000 5072 6573 7320  [y is  t   Press ]
70173674    3C2D 206F 7220 2D3E 202C 2027 686F 6D65  [<- or -> , 'home]
7017367C    2720 746F 2073 746F 7000 5072 6573 7320  [' to stop Press ]
70173684    3C2D 206F 7220 2D3E 202C 2027 686F 6D65  [<- or -> , 'home]
7017368C    2720 746F 2073 746F 702C 2027 4527 2074  [' to stop, 'E' t]
70173694    6F20 6564 6974 7800 5800 0B0A 0B00 446F  [o editx X     Do]
7017369C    2079 6F75 2077 616E 7420 746F 2062 6163  [ you want to bac]
701736A4    6B75 7020 2854 2920 7465 7272 6974 6F72  [kup (T) territor]
701736AC    792C 2028 4329 2063 6974 792C 0A28 4C29  [y, (C) city, (L)]
701736B4    206C 616E 6420 6D61 7373 2C20 6F72 2028  [ land mass, or (]
701736BC    5829 2063 6173 746C 6520 3F00 2300 5768  [X) castle ? # Wh]
701736C4    6174 2064 6F20 796F 7520 7769 7368 2074  [at do you wish t]
701736CC    6F20 6E61 6D65 2074 6865 2061 7265 6120  [o name the area ]
701736D4    3F20 5768 6174 204C 414E 4420 6368 6172  [? What LAND char]
701736DC    6163 7465 7220 746F 2066 696C 6C20 7769  [acter to fill wi]
701736E4    7468 203A 2000 2600 0000 5768 6174 2069  [th :  &   What i]
701736EC    7320 7468 6520 7465 7272 6974 6F72 7920  [s the territory ]
701736F4    6E61 6D65 203A 2000 2A00 3E00 3C00 202D  [name :  * > <  -]
701736FC    2000 0B43 6F6F 7264 696E 6174 6573 3A20  [   Coordinates: ]
70173704    3F00 0B43 6974 7920 6E61 6D65 2070 6C65  [?  City name ple]
7017370C    6173 6520 3A20 0B59 2063 6F6F 7264 696E  [ase :  Y coordin]
70173714    6174 6520 706C 6561 7365 203A 2000 0B58  [ate please :   X]
7017371C    2063 6F6F 7264 696E 6174 6520 706C 6561  [ coordinate plea]
70173724    7365 203A 2000 446F 2079 6F75 2077 6973  [se :  Do you wis]
7017372C    6820 746F 2067 6F74 6F20 2850 2920 706F  [h to goto (P) po]
70173734    7369 7469 6F6E 2C20 2854 2920 7465 7272  [sition, (T) terr]
7017373C    6974 6F72 792C 206F 7220 2843 2920 6369  [itory, or (C) ci]
70173744    7479 203F 2000 4700 0000 204C 696D 6974  [ty ?  G    Limit]
7017374C    2000 2020 2020 2D00 0B00 1B00 0000 5479  [      -       Ty]
70173754    7065 2061 6E79 2063 6861 7220 746F 2063  [pe any char to c]
7017375C    6F6E 742E 4300 5400 0B00 446F 2079 6F75  [ont.C T   Do you]
70173764    2077 6973 6820 746F 206C 6973 7420 2854  [ wish to list (T]
7017376C    2920 7465 7272 6974 6F72 6965 732C 206F  [) territories, o]
70173774    7220 2843 2920 6369 7469 6573 203F 2000  [r (C) cities ?  ]
7017377C    4C00 3D00 6000 0B49 6E63 7265 6D65 6E74  [L = `  Increment]
70173784    206E 756D 6265 7220 706C 6561 7365 203A  [ number please :]
7017378C    2000 6900 4900 0B54 6572 7269 746F 7279  [  i I  Territory]
70173794    206E 616D 6520 706C 6561 7365 203A 2000  [ name please :  ]
7017379C    2E00 4B00 5000 4800 0000 0E2E 2E0F 0E3A  [. K P H    ..  :]
701737A4    2E0F 0E2E 3A0F 0E20 3A0F 0E3A 200F 1422  [.  .:   :  :   "]
701737AC    2215 1422 1520 2014 2215 147B 7D15 0E28  ["  "    "  {}  (]
701737B4    290F 003B 3B00 007C 2000 0020 7C00 147C  [)  ;;  |    |  |]
701737BC    2F15 145C 7C15 002F 2000 0020 5C00 1C2E  [/  \|  /    \  .]
701737C4    201D 1C49 491D 0020 2000 1C22 221D 1C77  [   II      ""  w]
701737CC    771D 1C57 571D 1C21 211D 1C28 291D 1C66  [w  WW  !!  ()  f]
701737D4    661D 1C6D 6D1D 1C4D 4D1D 1C2B 2B1D 1C78  [f  mm  MM  ++  x]
701737DC    201D 002F 2D00 002D 2D00 002D 5C00 005C  [   /-  --  -\  \]
701737E4    2D00 002D 2F00 007C 2D00 002D 7C00 2014  [-  -/  |-  -|   ]
701737EC    2015 1420 1520 7C14 2015 1420 157C 7C14  [      |      || ]
701737F4    5315 0023 2000 005B 5D00 0025 2500 2014  [S  #   []  %%   ]
701737FC    2015 1420 1520 142F 2015 1420 5C15 0E74  [       /    \  t]
70173804    200F 005F 5E00 005E 5F00 7C14 2015 1420  [   _^  ^_ |     ]
7017380C    157C 1C2A 2A1D 0E7E 7E0F 007C 2D00 002D  [ | **  ~~  |-  -]
70173814    7C00 002D 2D00 007C 2000 0020 7C00       [|  --  |    |   ]

memory_data: 0x70173820 0x70173824
70173820    0000 0000 0000 0000                      [                ]

memory_data: 0x70173924 0x70173925
70173924    E1B8                                     [                ]

memory_data: 0x70173A92 0x70173A93
70173A92    81B8                                     [                ]

memory_data: 0x70175677 0x7017567B
70175677    0000 0000 0000 0001                      [                ]

memory_data: 0x701757AD 0x701757B1
701757AD    0000 0000 0000 0001                      [                ]

memory_data: 0x7017589C 0x701758A0
7017589C    0000 0000 0000 0001                      [                ]

memory_data: 0x70175988 0x70175BA9
70175988    0000 0C00 0000 4375 7273 6F72 2061 7272  [      Cursor arr]
70175990    6F77 7320 6D6F 7665 2049 206E 756D 6265  [ows move I numbe]
70175998    7220 6F66 2073 7061 6365 7320 696E 2064  [r of spaces in d]
701759A0    6972 6563 7469 6F6E 2073 7065 6369 6669  [irection specifi]
701759A8    6564 2E0A 5468 6520 6572 6173 6520 7061  [ed. The erase pa]
701759B0    6765 2077 696C 6C20 7265 6472 6177 2074  [ge will redraw t]
701759B8    6865 2073 6372 6565 6E2E 0A54 6865 2065  [he screen. The e]
701759C0    7363 6170 6520 6B65 7920 7769 6C6C 2065  [scape key will e]
701759C8    7869 7420 7175 6573 740A 0A00 0000 0A2E  [xit quest      .]
701759D0    202D 2074 6572 7269 746F 7279 206D 6170  [ - territory map]
701759D8    2020 2020 2020 3F20 2D20 6469 7370 6C61  [      ? - displa]
701759E0    7920 636F 6F72 6469 6E61 7465 730A 0A00  [y coordinates   ]
701759E8    0000 3C20 2D20 6465 6669 6E65 2074 6F70  [  < - define top]
701759F0    206C 6566 7420 2020 203E 202D 2064 6566  [ left    > - def]
701759F8    696E 6520 626F 7474 6F6D 2072 6967 6874  [ine bottom right]
70175A00    0000 2820 2D20 6D61 6B65 2063 6176 6520  [  ( - make cave ]
70175A08    2020 2020 2020 2020 203D 202D 2063 7265  [         = - cre]
70175A10    6174 6520 6D61 700A 2B20 2D20 6D61 6B65  [ate map + - make]
70175A18    2066 6F72 6420 2020 2020 2020 2020 2060  [ ford          `]
70175A20    202D 2064 6973 706C 6179 206E 6578 7420  [ - display next ]
70175A28    6265 696E 670A 5B20 2D20 6D61 6B65 2074  [being [ - make t]
70175A30    7261 6E73 706F 7274 6572 2020 2022 202D  [ransporter   " -]
70175A38    206D 616B 6520 7377 616D 700A 0000 2120  [ make swamp   ! ]
70175A40    2D20 6D61 6B65 2063 6C69 6666 7320 2020  [- make cliffs   ]
70175A48    2020 2020 2040 202D 2064 6566 696E 6520  [     @ - define ]
70175A50    6369 7479 2063 656E 7465 720A 2320 2D20  [city center # - ]
70175A58    6564 6974 206C 6973 7420 2020 2020 2020  [edit list       ]
70175A60    2020 2025 202D 206D 616B 6520 626F 6174  [   % - make boat]
70175A68    0A26 202D 2064 6566 696E 6520 6C61 6E64  [ & - define land]
70175A70    206D 6173 7320 2020 2A20 2D20 6465 6669  [ mass   * - defi]
70175A78    6E65 2074 6572 7269 746F 7279 0A00 5320  [ne territory  S ]
70175A80    2D20 6D61 6B65 2073 746F 7265 2020 2020  [- make store    ]
70175A88    2020 2020 2054 202D 206D 616B 6520 746F  [     T - make to]
70175A90    7765 722F 7465 6D70 6C65 0A74 202D 206D  [wer/temple t - m]
70175A98    616B 6520 442E 4C2E 2073 7461 6666 2020  [ake D.L. staff  ]
70175AA0    2020 5720 2D20 6D61 6B65 2064 6565 7020  [  W - make deep ]
70175AA8    7761 7465 720A 7720 2D20 6D61 6B65 2073  [water w - make s]
70175AB0    6861 6C6C 6F77 2077 6174 6572 2078 202D  [hallow water x -]
70175AB8    206D 616B 6520 726F 6164 0A00 0000 492C  [ make road    I,]
70175AC0    6920 2D20 7365 7420 696E 6372 656D 656E  [i - set incremen]
70175AC8    7420 2020 204B 202D 206B 696C 6C20 706C  [t    K - kill pl]
70175AD0    6179 6572 0A4C 202D 206C 6973 7420 2020  [ayer L - list   ]
70175AD8    2020 2020 2020 2020 2020 2020 4D20 2D20  [            M - ]
70175AE0    6D61 6B65 206D 6F75 6E74 6169 6E0A 6D20  [make mountain m ]
70175AE8    2D20 6D61 6B65 2068 696C 6C20 2020 2020  [- make hill     ]
70175AF0    2020 2020 2050 202D 206C 6973 7420 706C  [     P - list pl]
70175AF8    6179 6572 730A 0C14 4F70 6572 6174 6F72  [ayers   Operator]
70175B00    2048 656C 7015 0A0A 4220 2D20 6D61 6B65  [ Help   B - make]
70175B08    2062 7569 6C64 696E 6720 2020 2020 2043  [ building      C]
70175B10    202D 206D 616B 6520 6361 7374 6C65 2F63  [ - make castle/c]
70175B18    6974 6164 656C 0A66 202D 206D 616B 6520  [itadel f - make ]
70175B20    666F 7265 7374 2020 2020 2020 2020 6820  [forest        h ]
70175B28    2D20 6D61 6B65 2068 6F6C 640A 0000 0E2E  [- make hold    .]
70175B30    2E0F 0E3A 2E0F 0E2E 3A0F 0E20 3A0F 0E3A  [.  :.  .:   :  :]
70175B38    200F 1422 2215 1422 1520 2014 2215 147B  [   ""  "    "  {]
70175B40    7D15 0E28 290F 003B 3B00 007C 2000 0020  [}  ()  ;;  |    ]
70175B48    7C00 147C 2F15 145C 7C15 002F 2000 0020  [|  |/  \|  /    ]
70175B50    5C00 1C2E 201D 1C49 491D 0020 2000 1C22  [\  .   II      "]
70175B58    221D 1C77 771D 1C57 571D 1C21 211D 1C28  ["  ww  WW  !!  (]
70175B60    291D 1C66 661D 1C6D 6D1D 1C4D 4D1D 1C2B  [)  ff  mm  MM  +]
70175B68    2B1D 1C78 201D 002F 2D00 002D 2D00 002D  [+  x   /-  --  -]
70175B70    5C00 005C 2D00 002D 2F00 007C 2D00 002D  [\  \-  -/  |-  -]
70175B78    7C00 2014 2015 1420 1520 7C14 2015 1420  [|         |     ]
70175B80    157C 7C14 5315 0023 2000 005B 5D00 0025  [ || S  #   []  %]
70175B88    2500 2014 2015 1420 1520 142F 2015 1420  [%          /    ]
70175B90    5C15 0E74 200F 005F 5E00 005E 5F00 7C14  [\  t   _^  ^_ | ]
70175B98    2015 1420 157C 1C2A 2A1D 0E7E 7E0F 007C  [     | **  ~~  |]
70175BA0    2D00 002D 7C00 002D 2D00 007C 2000 0020  [-  -|  --  |    ]
70175BA8    7C00                                     [|               ]

memory_data: 0x70175C44 0x70175CBF
70175C44    0000 0E2E 2E0F 0E3A 2E0F 0E2E 3A0F 0E20  [   ..  :.  .:   ]
70175C4C    3A0F 0E3A 200F 1422 2215 1422 1520 2014  [:  :   ""  "    ]
70175C54    2215 147B 7D15 0E28 290F 003B 3B00 007C  ["  {}  ()  ;;  |]
70175C5C    2000 0020 7C00 147C 2F15 145C 7C15 002F  [    |  |/  \|  /]
70175C64    2000 0020 5C00 1C2E 201D 1C49 491D 0020  [    \  .   II   ]
70175C6C    2000 1C22 221D 1C77 771D 1C57 571D 1C21  [   ""  ww  WW  !]
70175C74    211D 1C28 291D 1C66 661D 1C6D 6D1D 1C4D  [!  ()  ff  mm  M]
70175C7C    4D1D 1C2B 2B1D 1C78 201D 002F 2D00 002D  [M  ++  x   /-  -]
70175C84    2D00 002D 5C00 005C 2D00 002D 2F00 007C  [-  -\  \-  -/  |]
70175C8C    2D00 002D 7C00 2014 2015 1420 1520 7C14  [-  -|         | ]
70175C94    2015 1420 157C 7C14 5315 0023 2000 005B  [     || S  #   []
70175C9C    5D00 0025 2500 2014 2015 1420 1520 142F  []  %%          /]
70175CA4    2015 1420 5C15 0E74 200F 005F 5E00 005E  [    \  t   _^  ^]
70175CAC    5F00 7C14 2015 1420 157C 1C2A 2A1D 0E7E  [_ |      | **  ~]
70175CB4    7E0F 007C 2D00 002D 7C00 002D 2D00 007C  [~  |-  -|  --  |]
70175CBC    2000 0020 7C00                           [    |           ]

memory_data: 0x70175CEC 0x70175CED
70175CEC    F1B8                                     [                ]

memory_data: 0x70175DA9 0x70175E9F
70175DA9    0B00 0000 0012 0000 0B00 0000 0006 0000  [                ]
70175DB1    0B00 0000 0016 0000 0A4D 6178 696D 756D  [         Maximum]
70175DB9    206E 756D 6265 7220 6F66 2070 6C61 7965  [ number of playe]
70175DC1    7273 2065 7863 6565 6465 642E 0A54 6861  [rs exceeded. Tha]
70175DC9    7420 6368 6172 6163 7465 7220 6973 2069  [t character is i]
70175DD1    6E20 7573 652E 2000 7900 5900 0A00 0000  [n use.  y Y     ]
70175DD9    5468 6174 2055 5345 524E 414D 452F 5041  [That USERNAME/PA]
70175DE1    5353 574F 5244 2064 6F65 7320 6E6F 7420  [SSWORD does not ]
70175DE9    6578 6973 740A 446F 2079 6F75 2077 6973  [exist Do you wis]
70175DF1    6820 746F 2063 7265 6174 6520 7468 6973  [h to create this]
70175DF9    2063 6861 7261 6374 6572 3F00 0B00 0000  [ character?     ]
70175E01    5061 7373 776F 7264 203F 2000 506C 6179  [Password ?  Play]
70175E09    6572 206E 616D 6520 3F20 0000 4174 7465  [er name ?   Atte]
70175E11    6D70 7469 6E67 2074 6F20 3F43 4F4E 0000  [mpting to ?CON  ]
70175E19    5175 6573 7420 7365 7276 6572 2069 7320  [Quest server is ]
70175E21    6E6F 7420 7570 0000 0E2E 2E0F 0E3A 2E0F  [not up   ..  :. ]
70175E29    0E2E 3A0F 0E20 3A0F 0E3A 200F 1422 2215  [ .:   :  :   "" ]
70175E31    1422 1520 2014 2215 147B 7D15 0E28 290F  [ "    "  {}  () ]
70175E39    003B 3B00 007C 2000 0020 7C00 147C 2F15  [ ;;  |    |  |/ ]
70175E41    145C 7C15 002F 2000 0020 5C00 1C2E 201D  [ \|  /    \  .  ]
70175E49    1C49 491D 0020 2000 1C22 221D 1C77 771D  [ II      ""  ww ]
70175E51    1C57 571D 1C21 211D 1C28 291D 1C66 661D  [ WW  !!  ()  ff ]
70175E59    1C6D 6D1D 1C4D 4D1D 1C2B 2B1D 1C78 201D  [ mm  MM  ++  x  ]
70175E61    002F 2D00 002D 2D00 002D 5C00 005C 2D00  [ /-  --  -\  \- ]
70175E69    002D 2F00 007C 2D00 002D 7C00 2014 2015  [ -/  |-  -|     ]
70175E71    1420 1520 7C14 2015 1420 157C 7C14 5315  [    |      || S ]
70175E79    0023 2000 005B 5D00 0025 2500 2014 2015  [ #   []  %%     ]
70175E81    1420 1520 142F 2015 1420 5C15 0E74 200F  [     /    \  t  ]
70175E89    005F 5E00 005E 5F00 7C14 2015 1420 157C  [ _^  ^_ |      |]
70175E91    1C2A 2A1D 0E7E 7E0F 007C 2D00 002D 7C00  [ **  ~~  |-  -| ]
70175E99    002D 2D00 007C 2000 0020 7C00            [ --  |    |     ]

memory_data: 0x70175EA4 0x70175EA8
70175EA4    0000 0000 0000 0000                      [                ]

memory_data: 0x7017610E 0x7017610F
7017610E    81F8                                     [                ]

memory_data: 0x7017616D 0x701761E7
7017616D    0E2E 2E0F 0E3A 2E0F 0E2E 3A0F 0E20 3A0F  [ ..  :.  .:   : ]
70176175    0E3A 200F 1422 2215 1422 1520 2014 2215  [ :   ""  "    " ]
7017617D    147B 7D15 0E28 290F 003B 3B00 007C 2000  [ {}  ()  ;;  |  ]
70176185    0020 7C00 147C 2F15 145C 7C15 002F 2000  [  |  |/  \|  /  ]
7017618D    0020 5C00 1C2E 201D 1C49 491D 0020 2000  [  \  .   II     ]
70176195    1C22 221D 1C77 771D 1C57 571D 1C21 211D  [ ""  ww  WW  !! ]
7017619D    1C28 291D 1C66 661D 1C6D 6D1D 1C4D 4D1D  [ ()  ff  mm  MM ]
701761A5    1C2B 2B1D 1C78 201D 002F 2D00 002D 2D00  [ ++  x   /-  -- ]
701761AD    002D 5C00 005C 2D00 002D 2F00 007C 2D00  [ -\  \-  -/  |- ]
701761B5    002D 7C00 2014 2015 1420 1520 7C14 2015  [ -|         |   ]
701761BD    1420 157C 7C14 5315 0023 2000 005B 5D00  [   || S  #   [] ]
701761C5    0025 2500 2014 2015 1420 1520 142F 2015  [ %%          /  ]
701761CD    1420 5C15 0E74 200F 005F 5E00 005E 5F00  [  \  t   _^  ^_ ]
701761D5    7C14 2015 1420 157C 1C2A 2A1D 0E7E 7E0F  [|      | **  ~~ ]
701761DD    007C 2D00 002D 7C00 002D 2D00 007C 2000  [ |-  -|  --  |  ]
701761E5    0020 7C00                                [  |             ]

memory_data: 0x70176277 0x701762F3
70176277    87A9 0000 0E2E 2E0F 0E3A 2E0F 0E2E 3A0F  [     ..  :.  .: ]
7017627F    0E20 3A0F 0E3A 200F 1422 2215 1422 1520  [  :  :   ""  "  ]
70176287    2014 2215 147B 7D15 0E28 290F 003B 3B00  [  "  {}  ()  ;; ]
7017628F    007C 2000 0020 7C00 147C 2F15 145C 7C15  [ |    |  |/  \| ]
70176297    002F 2000 0020 5C00 1C2E 201D 1C49 491D  [ /    \  .   II ]
7017629F    0020 2000 1C22 221D 1C77 771D 1C57 571D  [     ""  ww  WW ]
701762A7    1C21 211D 1C28 291D 1C66 661D 1C6D 6D1D  [ !!  ()  ff  mm ]
701762AF    1C4D 4D1D 1C2B 2B1D 1C78 201D 002F 2D00  [ MM  ++  x   /- ]
701762B7    002D 2D00 002D 5C00 005C 2D00 002D 2F00  [ --  -\  \-  -/ ]
701762BF    007C 2D00 002D 7C00 2014 2015 1420 1520  [ |-  -|         ]
701762C7    7C14 2015 1420 157C 7C14 5315 0023 2000  [|      || S  #  ]
701762CF    005B 5D00 0025 2500 2014 2015 1420 1520  [ []  %%         ]
701762D7    142F 2015 1420 5C15 0E74 200F 005F 5E00  [ /    \  t   _^ ]
701762DF    005E 5F00 7C14 2015 1420 157C 1C2A 2A1D  [ ^_ |      | ** ]
701762E7    0E7E 7E0F 007C 2D00 002D 7C00 002D 2D00  [ ~~  |-  -|  -- ]
701762EF    007C 2000 0020 7C00                      [ |    |         ]

memory_data: 0x701765D2 0x7017664D
701765D2    0000 0E2E 2E0F 0E3A 2E0F 0E2E 3A0F 0E20  [   ..  :.  .:   ]
701765DA    3A0F 0E3A 200F 1422 2215 1422 1520 2014  [:  :   ""  "    ]
701765E2    2215 147B 7D15 0E28 290F 003B 3B00 007C  ["  {}  ()  ;;  |]
701765EA    2000 0020 7C00 147C 2F15 145C 7C15 002F  [    |  |/  \|  /]
701765F2    2000 0020 5C00 1C2E 201D 1C49 491D 0020  [    \  .   II   ]
701765FA    2000 1C22 221D 1C77 771D 1C57 571D 1C21  [   ""  ww  WW  !]
70176602    211D 1C28 291D 1C66 661D 1C6D 6D1D 1C4D  [!  ()  ff  mm  M]
7017660A    4D1D 1C2B 2B1D 1C78 201D 002F 2D00 002D  [M  ++  x   /-  -]
70176612    2D00 002D 5C00 005C 2D00 002D 2F00 007C  [-  -\  \-  -/  |]
7017661A    2D00 002D 7C00 2014 2015 1420 1520 7C14  [-  -|         | ]
70176622    2015 1420 157C 7C14 5315 0023 2000 005B  [     || S  #   []
7017662A    5D00 0025 2500 2014 2015 1420 1520 142F  []  %%          /]
70176632    2015 1420 5C15 0E74 200F 005F 5E00 005E  [    \  t   _^  ^]
7017663A    5F00 7C14 2015 1420 157C 1C2A 2A1D 0E7E  [_ |      | **  ~]
70176642    7E0F 007C 2D00 002D 7C00 002D 2D00 007C  [~  |-  -|  --  |]
7017664A    2000 0020 7C00                           [    |           ]

memory_data: 0x70176672 0x701766ED
70176672    0000 0E2E 2E0F 0E3A 2E0F 0E2E 3A0F 0E20  [   ..  :.  .:   ]
7017667A    3A0F 0E3A 200F 1422 2215 1422 1520 2014  [:  :   ""  "    ]
70176682    2215 147B 7D15 0E28 290F 003B 3B00 007C  ["  {}  ()  ;;  |]
7017668A    2000 0020 7C00 147C 2F15 145C 7C15 002F  [    |  |/  \|  /]
70176692    2000 0020 5C00 1C2E 201D 1C49 491D 0020  [    \  .   II   ]
7017669A    2000 1C22 221D 1C77 771D 1C57 571D 1C21  [   ""  ww  WW  !]
701766A2    211D 1C28 291D 1C66 661D 1C6D 6D1D 1C4D  [!  ()  ff  mm  M]
701766AA    4D1D 1C2B 2B1D 1C78 201D 002F 2D00 002D  [M  ++  x   /-  -]
701766B2    2D00 002D 5C00 005C 2D00 002D 2F00 007C  [-  -\  \-  -/  |]
701766BA    2D00 002D 7C00 2014 2015 1420 1520 7C14  [-  -|         | ]
701766C2    2015 1420 157C 7C14 5315 0023 2000 005B  [     || S  #   []
701766CA    5D00 0025 2500 2014 2015 1420 1520 142F  []  %%          /]
701766D2    2015 1420 5C15 0E74 200F 005F 5E00 005E  [    \  t   _^  ^]
701766DA    5F00 7C14 2015 1420 157C 1C2A 2A1D 0E7E  [_ |      | **  ~]
701766E2    7E0F 007C 2D00 002D 7C00 002D 2D00 007C  [~  |-  -|  --  |]
701766EA    2000 0020 7C00                           [    |           ]

memory_data: 0x701766F2 0x701766F6
701766F2    0000 0000 0000 0000                      [                ]

memory_data: 0x7017671D 0x70176797
7017671D    0E2E 2E0F 0E3A 2E0F 0E2E 3A0F 0E20 3A0F  [ ..  :.  .:   : ]
70176725    0E3A 200F 1422 2215 1422 1520 2014 2215  [ :   ""  "    " ]
7017672D    147B 7D15 0E28 290F 003B 3B00 007C 2000  [ {}  ()  ;;  |  ]
70176735    0020 7C00 147C 2F15 145C 7C15 002F 2000  [  |  |/  \|  /  ]
7017673D    0020 5C00 1C2E 201D 1C49 491D 0020 2000  [  \  .   II     ]
70176745    1C22 221D 1C77 771D 1C57 571D 1C21 211D  [ ""  ww  WW  !! ]
7017674D    1C28 291D 1C66 661D 1C6D 6D1D 1C4D 4D1D  [ ()  ff  mm  MM ]
70176755    1C2B 2B1D 1C78 201D 002F 2D00 002D 2D00  [ ++  x   /-  -- ]
7017675D    002D 5C00 005C 2D00 002D 2F00 007C 2D00  [ -\  \-  -/  |- ]
70176765    002D 7C00 2014 2015 1420 1520 7C14 2015  [ -|         |   ]
7017676D    1420 157C 7C14 5315 0023 2000 005B 5D00  [   || S  #   [] ]
70176775    0025 2500 2014 2015 1420 1520 142F 2015  [ %%          /  ]
7017677D    1420 5C15 0E74 200F 005F 5E00 005E 5F00  [  \  t   _^  ^_ ]
70176785    7C14 2015 1420 157C 1C2A 2A1D 0E7E 7E0F  [|      | **  ~~ ]
7017678D    007C 2D00 002D 7C00 002D 2D00 007C 2000  [ |-  -|  --  |  ]
70176795    0020 7C00                                [  |             ]

memory_data: 0x70176A16 0x70176A93
70176A16    0000 7C00 0C00 0E2E 2E0F 0E3A 2E0F 0E2E  [  |    ..  :.  .]
70176A1E    3A0F 0E20 3A0F 0E3A 200F 1422 2215 1422  [:   :  :   ""  "]
70176A26    1520 2014 2215 147B 7D15 0E28 290F 003B  [    "  {}  ()  ;]
70176A2E    3B00 007C 2000 0020 7C00 147C 2F15 145C  [;  |    |  |/  \]
70176A36    7C15 002F 2000 0020 5C00 1C2E 201D 1C49  [|  /    \  .   I]
70176A3E    491D 0020 2000 1C22 221D 1C77 771D 1C57  [I      ""  ww  W]
70176A46    571D 1C21 211D 1C28 291D 1C66 661D 1C6D  [W  !!  ()  ff  m]
70176A4E    6D1D 1C4D 4D1D 1C2B 2B1D 1C78 201D 002F  [m  MM  ++  x   /]
70176A56    2D00 002D 2D00 002D 5C00 005C 2D00 002D  [-  --  -\  \-  -]
70176A5E    2F00 007C 2D00 002D 7C00 2014 2015 1420  [/  |-  -|       ]
70176A66    1520 7C14 2015 1420 157C 7C14 5315 0023  [  |      || S  #]
70176A6E    2000 005B 5D00 0025 2500 2014 2015 1420  [   []  %%       ]
70176A76    1520 142F 2015 1420 5C15 0E74 200F 005F  [   /    \  t   _]
70176A7E    5E00 005E 5F00 7C14 2015 1420 157C 1C2A  [^  ^_ |      | *]
70176A86    2A1D 0E7E 7E0F 007C 2D00 002D 7C00 002D  [*  ~~  |-  -|  -]
70176A8E    2D00 007C 2000 0020 7C00                 [-  |    |       ]

memory_data: 0x70176B4E 0x70176C0B
70176B4E    0000 2068 6173 2064 6F6E 6520 6177 6179  [   has done away]
70176B56    2077 6974 6820 796F 7521 5468 6520 2073  [ with you!The  s]
70176B5E    7472 656E 6774 6820 706F 696E 7473 2064  [trength points d]
70176B66    616D 6167 652E 0A00 0000 2068 6173 2064  [amage.     has d]
70176B6E    6F6E 6520 2000 0B54 6865 2000 0000 2069  [one    The     i]
70176B76    7320 6E6F 206C 6F6E 6765 7220 756E 6465  [s no longer unde]
70176B7E    7220 7365 6967 6520 6279 2000 0A00 2069  [r seige by     i]
70176B86    7320 756E 6465 7220 7365 6967 6520 6279  [s under seige by]
70176B8E    2000 0B00 0000 0E2E 2E0F 0E3A 2E0F 0E2E  [       ..  :.  .]
70176B96    3A0F 0E20 3A0F 0E3A 200F 1422 2215 1422  [:   :  :   ""  "]
70176B9E    1520 2014 2215 147B 7D15 0E28 290F 003B  [    "  {}  ()  ;]
70176BA6    3B00 007C 2000 0020 7C00 147C 2F15 145C  [;  |    |  |/  \]
70176BAE    7C15 002F 2000 0020 5C00 1C2E 201D 1C49  [|  /    \  .   I]
70176BB6    491D 0020 2000 1C22 221D 1C77 771D 1C57  [I      ""  ww  W]
70176BBE    571D 1C21 211D 1C28 291D 1C66 661D 1C6D  [W  !!  ()  ff  m]
70176BC6    6D1D 1C4D 4D1D 1C2B 2B1D 1C78 201D 002F  [m  MM  ++  x   /]
70176BCE    2D00 002D 2D00 002D 5C00 005C 2D00 002D  [-  --  -\  \-  -]
70176BD6    2F00 007C 2D00 002D 7C00 2014 2015 1420  [/  |-  -|       ]
70176BDE    1520 7C14 2015 1420 157C 7C14 5315 0023  [  |      || S  #]
70176BE6    2000 005B 5D00 0025 2500 2014 2015 1420  [   []  %%       ]
70176BEE    1520 142F 2015 1420 5C15 0E74 200F 005F  [   /    \  t   _]
70176BF6    5E00 005E 5F00 7C14 2015 1420 157C 1C2A  [^  ^_ |      | *]
70176BFE    2A1D 0E7E 7E0F 007C 2D00 002D 7C00 002D  [*  ~~  |-  -|  -]
70176C06    2D00 007C 2000 0020 7C00                 [-  |    |       ]

memory_data: 0x70176F47 0x70176FC1
70176F47    0E2E 2E0F 0E3A 2E0F 0E2E 3A0F 0E20 3A0F  [ ..  :.  .:   : ]
70176F4F    0E3A 200F 1422 2215 1422 1520 2014 2215  [ :   ""  "    " ]
70176F57    147B 7D15 0E28 290F 003B 3B00 007C 2000  [ {}  ()  ;;  |  ]
70176F5F    0020 7C00 147C 2F15 145C 7C15 002F 2000  [  |  |/  \|  /  ]
70176F67    0020 5C00 1C2E 201D 1C49 491D 0020 2000  [  \  .   II     ]
70176F6F    1C22 221D 1C77 771D 1C57 571D 1C21 211D  [ ""  ww  WW  !! ]
70176F77    1C28 291D 1C66 661D 1C6D 6D1D 1C4D 4D1D  [ ()  ff  mm  MM ]
70176F7F    1C2B 2B1D 1C78 201D 002F 2D00 002D 2D00  [ ++  x   /-  -- ]
70176F87    002D 5C00 005C 2D00 002D 2F00 007C 2D00  [ -\  \-  -/  |- ]
70176F8F    002D 7C00 2014 2015 1420 1520 7C14 2015  [ -|         |   ]
70176F97    1420 157C 7C14 5315 0023 2000 005B 5D00  [   || S  #   [] ]
70176F9F    0025 2500 2014 2015 1420 1520 142F 2015  [ %%          /  ]
70176FA7    1420 5C15 0E74 200F 005F 5E00 005E 5F00  [  \  t   _^  ^_ ]
70176FAF    7C14 2015 1420 157C 1C2A 2A1D 0E7E 7E0F  [|      | **  ~~ ]
70176FB7    007C 2D00 002D 7C00 002D 2D00 007C 2000  [ |-  -|  --  |  ]
70176FBF    0020 7C00                                [  |             ]

memory_data: 0x70176FDC 0x70176FDD
70176FDC    0000                                     [                ]

memory_data: 0x70177012 0x701771CF
70177012    FA21 FA10 DE69 F319 0006 EB19 0004 E319  [ !   i          ]
7017701A    0002 8280 824B 8379 87A9 0B00 0000 001F  [     K y        ]
70177022    0000 0B41 206D 6967 6874 7920 626C 6F77  [   A mighty blow]
7017702A    2068 6173 2062 6565 6E20 7374 7275 636B  [ has been struck]
70177032    2074 6F20 7468 6520 6369 7461 6465 6C20  [ to the citadel ]
7017703A    7761 6C6C 2100 0B54 6872 6F75 6768 2061  [wall!  Through a]
70177042    2063 6F6D 6269 6E61 7469 6F6E 206F 6620  [ combination of ]
7017704A    7769 7A61 7264 7279 2061 6E64 2073 7472  [wizardry and str]
70177052    656E 6774 6820 7468 650A 0B63 6974 6164  [ength the  citad]
7017705A    656C 206F 7574 6572 2077 616C 6C20 6861  [el outer wall ha]
70177062    7320 6265 656E 2069 6E66 696C 7472 6174  [s been infiltrat]
7017706A    6564 2E00 0000 2073 7472 656E 6774 6820  [ed.    strength ]
70177072    706F 696E 7473 2064 616D 6167 6521 0A00  [points damage!  ]
7017707A    0000 0B42 6F69 6C69 6E67 206F 696C 2068  [   Boiling oil h]
70177082    6173 2069 6E66 6C69 6374 6564 2000 5468  [as inflicted  Th]
7017708A    6520 626F 696C 696E 6720 6F69 6C20 6861  [e boiling oil ha]
70177092    7320 6B69 6C6C 6564 2079 6F75 2100 2000  [s killed you!   ]
7017709A    0000 0B48 6974 2073 7061 6365 2062 6172  [   Hit space bar]
701770A2    2074 6F20 6174 7465 6D70 7420 6120 7365  [ to attempt a se]
701770AA    6967 6520 6F6E 2000 0000 2077 6974 6821  [ige on     with!]
701770B2    0000 0B59 6F75 2068 6176 6520 6E6F 7468  [   You have noth]
701770BA    696E 6720 746F 2061 7474 6163 6B20 0A00  [ing to attack   ]
701770C2    0000 0B48 6974 2073 7061 6365 2062 6172  [   Hit space bar]
701770CA    2074 6F20 7573 6520 7468 6520 6261 7474  [ to use the batt]
701770D2    6572 696E 6720 7261 6D20 6F6E 2000 2773  [ering ram on  's]
701770DA    2064 6566 656E 6365 7320 6C65 6674 2E0A  [ defences left. ]
701770E2    0000 2520 6F66 2000 0000 0B59 6F75 2064  [  % of     You d]
701770EA    6574 6563 7420 0B59 6F75 2061 7265 206E  [etect  You are n]
701770F2    6F77 2069 6E73 6964 6520 6F66 2000 0B4F  [ow inside of   O]
701770FA    6E6C 7920 6F6E 6520 706C 6179 6572 2070  [nly one player p]
70177102    6572 2063 6173 746C 6521 0A00 0000 2069  [er castle!     i]
7017710A    6E20 7765 616C 7468 2E0A 0A0B 746F 2068  [n wealth.   to h]
70177112    6572 2068 6F6D 6520 6361 7374 6C65 2121  [er home castle!!]
7017711A    2059 6F75 7220 7365 7276 6963 6573 2068  [ Your services h]
70177122    6176 6520 6265 656E 2072 6577 6172 6465  [ave been rewarde]
7017712A    6420 6279 2000 0B59 6F75 2068 6176 6520  [d by   You have ]
70177132    7265 7475 726E 6564 2074 6865 2070 7269  [returned the pri]
7017713A    6E63 6573 7320 7468 6520 6361 7374 6C65  [ncess the castle]
70177142    0000 7468 6520 6369 7461 6465 6C00 0B54  [  the citadel  T]
7017714A    6869 7320 7368 6F75 6C64 206E 6F74 2068  [his should not h]
70177152    6170 7065 6E21 0E2E 2E0F 0E3A 2E0F 0E2E  [appen! ..  :.  .]
7017715A    3A0F 0E20 3A0F 0E3A 200F 1422 2215 1422  [:   :  :   ""  "]
70177162    1520 2014 2215 147B 7D15 0E28 290F 003B  [    "  {}  ()  ;]
7017716A    3B00 007C 2000 0020 7C00 147C 2F15 145C  [;  |    |  |/  \]
70177172    7C15 002F 2000 0020 5C00 1C2E 201D 1C49  [|  /    \  .   I]
7017717A    491D 0020 2000 1C22 221D 1C77 771D 1C57  [I      ""  ww  W]
70177182    571D 1C21 211D 1C28 291D 1C66 661D 1C6D  [W  !!  ()  ff  m]
7017718A    6D1D 1C4D 4D1D 1C2B 2B1D 1C78 201D 002F  [m  MM  ++  x   /]
70177192    2D00 002D 2D00 002D 5C00 005C 2D00 002D  [-  --  -\  \-  -]
7017719A    2F00 007C 2D00 002D 7C00 2014 2015 1420  [/  |-  -|       ]
701771A2    1520 7C14 2015 1420 157C 7C14 5315 0023  [  |      || S  #]
701771AA    2000 005B 5D00 0025 2500 2014 2015 1420  [   []  %%       ]
701771B2    1520 142F 2015 1420 5C15 0E74 200F 005F  [   /    \  t   _]
701771BA    5E00 005E 5F00 7C14 2015 1420 157C 1C2A  [^  ^_ |      | *]
701771C2    2A1D 0E7E 7E0F 007C 2D00 002D 7C00 002D  [*  ~~  |-  -|  -]
701771CA    2D00 007C 2000 0020 7C00                 [-  |    |       ]

memory_data: 0x70177B63 0x70177BED
70177B63    2D3E 0B00 2D3E 0B20 5761 6974 696E 6720  [->  ->  Waiting ]
70177B6B    666F 7220 796F 7572 2074 7572 6E00 0000  [for your turn   ]
70177B73    0E2E 2E0F 0E3A 2E0F 0E2E 3A0F 0E20 3A0F  [ ..  :.  .:   : ]
70177B7B    0E3A 200F 1422 2215 1422 1520 2014 2215  [ :   ""  "    " ]
70177B83    147B 7D15 0E28 290F 003B 3B00 007C 2000  [ {}  ()  ;;  |  ]
70177B8B    0020 7C00 147C 2F15 145C 7C15 002F 2000  [  |  |/  \|  /  ]
70177B93    0020 5C00 1C2E 201D 1C49 491D 0020 2000  [  \  .   II     ]
70177B9B    1C22 221D 1C77 771D 1C57 571D 1C21 211D  [ ""  ww  WW  !! ]
70177BA3    1C28 291D 1C66 661D 1C6D 6D1D 1C4D 4D1D  [ ()  ff  mm  MM ]
70177BAB    1C2B 2B1D 1C78 201D 002F 2D00 002D 2D00  [ ++  x   /-  -- ]
70177BB3    002D 5C00 005C 2D00 002D 2F00 007C 2D00  [ -\  \-  -/  |- ]
70177BBB    002D 7C00 2014 2015 1420 1520 7C14 2015  [ -|         |   ]
70177BC3    1420 157C 7C14 5315 0023 2000 005B 5D00  [   || S  #   [] ]
70177BCB    0025 2500 2014 2015 1420 1520 142F 2015  [ %%          /  ]
70177BD3    1420 5C15 0E74 200F 005F 5E00 005E 5F00  [  \  t   _^  ^_ ]
70177BDB    7C14 2015 1420 157C 1C2A 2A1D 0E7E 7E0F  [|      | **  ~~ ]
70177BE3    007C 2D00 002D 7C00 002D 2D00 007C 2000  [ |-  -|  --  |  ]
70177BEB    0020 7C00                                [  |             ]

memory_data: 0x70177C2C 0x70177C2D
70177C2C    81B8                                     [                ]

memory_data: 0x70177F02 0x70177F03
70177F02    C238                                     [ 8              ]

memory_data: 0x70177F32 0x7017821F
70177F32    0000 0B00 0000 0018 0000 0B2D 3E20 5375  [           -> Su]
70177F3A    7072 6973 6520 6174 7461 636B 210A 0B0A  [prise attack!   ]
70177F42    0B0A 0B0A 0B0A 0B0A 0B00 496E 7661 6C69  [          Invali]
70177F4A    6420 636F 6D6D 616E 6400 6800 4800 7000  [d command h H p ]
70177F52    5000 6B00 4B00 0B43 6173 7421 0000 0B49  [P k K  Cast!   I]
70177F5A    7420 6973 2074 6F6F 2063 756D 6265 7273  [t is too cumbers]
70177F62    6F6D 6520 746F 2073 686F 6F74 2100 0B59  [ome to shoot!  Y]
70177F6A    6F75 2068 6176 6520 6E6F 2061 7272 6F77  [ou have no arrow]
70177F72    7320 6C65 6674 2100 0000 0A0B 4869 7420  [s left!     Hit ]
70177F7A    2842 2920 666F 7220 626F 7720 2858 2920  [(B) for bow (X) ]
70177F82    666F 7220 6372 6F73 7320 626F 7720 3A20  [for cross bow : ]
70177F8A    0000 0A0B 596F 7520 6861 7665 206E 6F74  [    You have not]
70177F92    6869 6E67 2074 6F20 6669 7265 2077 6974  [hing to fire wit]
70177F9A    6800 0B46 6972 6521 0000 0B59 6F75 2063  [h  Fire!   You c]
70177FA2    616E 6E6F 7420 7369 7465 2061 2074 6172  [annot site a tar]
70177FAA    6765 7420 696E 2061 2066 6F67 2100 0B59  [get in a fog!  Y]
70177FB2    6F75 2063 616E 6E6F 7420 6861 6E64 6C65  [ou cannot handle]
70177FBA    2074 6861 7421 0B41 7474 6163 6B21 6100  [ that! Attack!a ]
70177FC2    4100 0B49 7420 6973 2075 7365 6C65 7373  [A  It is useless]
70177FCA    2069 6E20 6120 666F 6721 0B49 7420 6973  [ in a fog! It is]
70177FD2    2075 7365 6C65 7373 2069 6E20 6120 6361  [ useless in a ca]
70177FDA    7665 2100 6700 4700 0000 0B54 616B 6520  [ve! g G    Take ]
70177FE2    6F62 6A65 6374 7400 5400 0B42 6163 6B70  [objectt T  Backp]
70177FEA    6163 6B00 0000 0B4F 6273 6572 7665 2069  [ack    Observe i]
70177FF2    7465 6D00 6F00 4F00 0000 0B0A 0B0A 0B0A  [tem o O         ]
70177FFA    0B0A 0B0A 0B00 0B52 656C 6561 7365 206F  [       Release o]
70178002    626A 6563 7400 0B51 7569 7420 7365 6967  [bject  Quit seig]
7017800A    6500 0B59 6F75 2061 7265 206E 6F74 2073  [e  You are not s]
70178012    6569 6769 6E67 2061 2063 6173 746C 652E  [eiging a castle.]
7017801A    7100 5100 3F00 0B41 6C6C 2073 7065 6C6C  [q Q ?  All spell]
70178022    7320 7265 6164 7921 0000 0B59 6F75 2061  [s ready!   You a]
7017802A    7265 206E 6F74 2069 6E20 6120 6361 7374  [re not in a cast]
70178032    6C65 2100 0000 0B57 6861 7420 646F 2079  [le!    What do y]
7017803A    6F75 2077 6973 6820 746F 2072 656E 616D  [ou wish to renam]
70178042    6520 796F 7572 2063 6173 746C 653F 2000  [e your castle?  ]
7017804A    7800 5800 0000 0B4D 6F76 6520 6175 746F  [x X    Move auto]
70178052    6D61 7469 6300 6D00 4D00 6C00 4C00 0C00  [matic m M l L   ]
7017805A    7900 5900 0000 0B59 6F75 2061 7265 206F  [y Y    You are o]
70178062    6E20 6120 7065 6761 7375 732C 2069 6620  [n a pegasus, if ]
7017806A    796F 7520 6578 6974 206E 6F77 2074 6865  [you exit now the]
70178072    2070 6567 6173 7573 2077 696C 6C20 6469  [ pegasus will di]
7017807A    652E 0A44 6F20 796F 7520 7265 616C 6C79  [e. Do you really]
70178082    2077 616E 7420 746F 2065 7869 7420 3F20  [ want to exit ? ]
7017808A    1B00 0800 7300 5300 6E00 4E00 6500 4500  [    s S n N e E ]
70178092    0B00 2D3E 2000 0B59 6F75 2063 616E 6E6F  [  ->   You canno]
7017809A    7420 6361 7272 7920 7468 6174 206D 7563  [t carry that muc]
701780A2    682C 2079 6F75 206D 7573 7420 6472 6F70  [h, you must drop]
701780AA    2073 6F6D 6574 6869 6E67 2062 6566 6F72  [ something befor]
701780B2    6520 6D6F 7669 6E67 2E0A 7200 5200 0B59  [e moving. r R  Y]
701780BA    6F75 2063 616E 6E6F 7420 6361 7272 7920  [ou cannot carry ]
701780C2    7468 6174 206D 7563 682C 2079 6F75 206D  [that much, you m]
701780CA    7573 7420 6472 6F70 2073 6F6D 6574 6869  [ust drop somethi]
701780D2    6E67 210A 0B48 6974 2042 2066 6F72 2062  [ng!  Hit B for b]
701780DA    6163 6B70 6163 6B20 6F72 2052 2066 6F72  [ackpack or R for]
701780E2    2072 656C 6561 7365 0000 0B0A 0B0A 0B0A  [ release        ]
701780EA    0B0A 0B0A 0B0A 0B0A 0B00 596F 7520 6861  [          You ha]
701780F2    7665 2064 6965 6420 6F66 2068 756E 6761  [ve died of hunga]
701780FA    7221 0B59 6F75 2061 7265 2068 756E 6772  [r! You are hungr]
70178102    792C 2079 6F75 2068 6164 2062 6574 7465  [y, you had bette]
7017810A    7220 6765 7420 736F 6D65 2066 6F6F 6421  [r get some food!]
70178112    0A00 596F 7520 6861 7665 2064 6965 6420  [  You have died ]
7017811A    6F66 2074 6869 7273 7421 0B59 6F75 2061  [of thirst! You a]
70178122    7265 2074 6869 7273 7479 2C20 796F 7520  [re thirsty, you ]
7017812A    6861 6420 6265 7474 6572 2067 6574 2073  [had better get s]
70178132    6F6D 6520 7761 7465 7221 0A00 0000 0B59  [ome water!     Y]
7017813A    6F75 2061 7265 2074 6869 7273 7479 2C20  [ou are thirsty, ]
70178142    616E 6420 796F 7572 2077 6174 6572 2073  [and your water s]
7017814A    6B69 6E20 2069 7320 656D 7074 7921 0A00  [kin  is empty!  ]
70178152    0000 0A0B 596F 7520 6D75 7374 2064 6563  [    You must dec]
7017815A    6C61 7265 2079 6F75 7273 656C 6621 6200  [lare yourself!b ]
70178162    4200 6600 4600 6400 4400 6300 4300 7700  [B f F d D c C w ]
7017816A    5700 0B57 6861 7420 776F 756C 6420 796F  [W  What would yo]
70178172    7520 6C69 6B65 2079 6F75 7220 6368 6172  [u like your char]
7017817A    6163 7465 7220 746F 2062 650A 0B27 5727  [acter to be  'W']
70178182    203D 2077 697A 6172 642C 2027 4327 203D  [ = wizard, 'C' =]
7017818A    2063 6C65 7269 632C 2027 4427 203D 2064  [ cleric, 'D' = d]
70178192    7275 6964 2C20 2746 2720 3D20 6669 6768  [ruid, 'F' = figh]
7017819A    7465 7220 2742 2720 3D20 6261 7262 6172  [ter 'B' = barbar]
701781A2    6961 6E0A 0000 0E2E 2E0F 0E3A 2E0F 0E2E  [ian    ..  :.  .]
701781AA    3A0F 0E20 3A0F 0E3A 200F 1422 2215 1422  [:   :  :   ""  "]
701781B2    1520 2014 2215 147B 7D15 0E28 290F 003B  [    "  {}  ()  ;]
701781BA    3B00 007C 2000 0020 7C00 147C 2F15 145C  [;  |    |  |/  \]
701781C2    7C15 002F 2000 0020 5C00 1C2E 201D 1C49  [|  /    \  .   I]
701781CA    491D 0020 2000 1C22 221D 1C77 771D 1C57  [I      ""  ww  W]
701781D2    571D 1C21 211D 1C28 291D 1C66 661D 1C6D  [W  !!  ()  ff  m]
701781DA    6D1D 1C4D 4D1D 1C2B 2B1D 1C78 201D 002F  [m  MM  ++  x   /]
701781E2    2D00 002D 2D00 002D 5C00 005C 2D00 002D  [-  --  -\  \-  -]
701781EA    2F00 007C 2D00 002D 7C00 2014 2015 1420  [/  |-  -|       ]
701781F2    1520 7C14 2015 1420 157C 7C14 5315 0023  [  |      || S  #]
701781FA    2000 005B 5D00 0025 2500 2014 2015 1420  [   []  %%       ]
70178202    1520 142F 2015 1420 5C15 0E74 200F 005F  [   /    \  t   _]
7017820A    5E00 005E 5F00 7C14 2015 1420 157C 1C2A  [^  ^_ |      | *]
70178212    2A1D 0E7E 7E0F 007C 2D00 002D 7C00 002D  [*  ~~  |-  -|  -]
7017821A    2D00 007C 2000 0020 7C00                 [-  |    |       ]

memory_data: 0x70178224 0x70178228
70178224    0000 0000 0000 0000                      [                ]

memory_data: 0x701786EE 0x701786EF
701786EE    F0F8                                     [                ]

memory_data: 0x7017871F 0x70178720
7017871F    F0B8                                     [                ]

memory_data: 0x70178E33 0x70178E34
70178E33    D3F8                                     [                ]

memory_data: 0x70178EAA 0x70178EAB
70178EAA    EAB8                                     [                ]

memory_data: 0x7017972E 0x701797F3
7017972E    0000 4C6F 6F6B 2074 6F20 7468 6520 4541  [  Look to the EA]
70179736    5354 4C6F 6F6B 2074 6F20 7468 6520 5745  [STLook to the WE]
7017973E    5354 4C6F 6F6B 2074 6F20 7468 6520 534F  [STLook to the SO]
70179746    5554 4800 0000 4C6F 6F6B 2074 6F20 7468  [UTH   Look to th]
7017974E    6520 4E4F 5254 4800 7300 5300 6E00 4E00  [e NORTH s S n N ]
70179756    7700 5700 6500 4500 0000 0B57 6861 7420  [w W e E    What ]
7017975E    6469 7265 6374 696F 6E20 746F 206C 6F6F  [direction to loo]
70179766    6B3F 2000 0000 0B59 6F75 2064 6F6E 2774  [k?     You don't]
7017976E    2068 6176 6520 6120 7370 7920 676C 6173  [ have a spy glas]
70179776    732E 0A00 0000 0E2E 2E0F 0E3A 2E0F 0E2E  [s.     ..  :.  .]
7017977E    3A0F 0E20 3A0F 0E3A 200F 1422 2215 1422  [:   :  :   ""  "]
70179786    1520 2014 2215 147B 7D15 0E28 290F 003B  [    "  {}  ()  ;]
7017978E    3B00 007C 2000 0020 7C00 147C 2F15 145C  [;  |    |  |/  \]
70179796    7C15 002F 2000 0020 5C00 1C2E 201D 1C49  [|  /    \  .   I]
7017979E    491D 0020 2000 1C22 221D 1C77 771D 1C57  [I      ""  ww  W]
701797A6    571D 1C21 211D 1C28 291D 1C66 661D 1C6D  [W  !!  ()  ff  m]
701797AE    6D1D 1C4D 4D1D 1C2B 2B1D 1C78 201D 002F  [m  MM  ++  x   /]
701797B6    2D00 002D 2D00 002D 5C00 005C 2D00 002D  [-  --  -\  \-  -]
701797BE    2F00 007C 2D00 002D 7C00 2014 2015 1420  [/  |-  -|       ]
701797C6    1520 7C14 2015 1420 157C 7C14 5315 0023  [  |      || S  #]
701797CE    2000 005B 5D00 0025 2500 2014 2015 1420  [   []  %%       ]
701797D6    1520 142F 2015 1420 5C15 0E74 200F 005F  [   /    \  t   _]
701797DE    5E00 005E 5F00 7C14 2015 1420 157C 1C2A  [^  ^_ |      | *]
701797E6    2A1D 0E7E 7E0F 007C 2D00 002D 7C00 002D  [*  ~~  |-  -|  -]
701797EE    2D00 007C 2000 0020 7C00                 [-  |    |       ]

memory_data: 0x701799CA 0x70179BE3
701799CA    0000 6E00 4E00 0B44 6F20 796F 7520 7769  [  n N  Do you wi]
701799D2    7368 2074 6F20 6578 6974 2074 6865 2073  [sh to exit the s]
701799DA    746F 7265 3F20 596F 7520 6861 7665 206E  [tore? You have n]
701799E2    6F77 2070 7572 6368 6173 6564 2074 6865  [ow purchased the]
701799EA    2000 596F 7520 6D75 7374 2062 6520 696E  [  You must be in]
701799F2    2061 2074 6572 7269 746F 7279 210A 596F  [ a territory! Yo]
701799FA    7572 2071 7569 7665 7220 6973 2066 756C  [ur quiver is ful]
70179A02    6C21 0A00 0000 596F 7520 6361 6E6E 6F74  [l!    You cannot]
70179A0A    2063 6172 7279 2061 6E79 206D 6F72 6521  [ carry any more!]
70179A12    0A00 596F 7520 6361 6E20 6F6E 6C79 2074  [  You can only t]
70179A1A    6F77 206F 6E65 2063 6174 6170 756C 7421  [ow one catapult!]
70179A22    0A00 596F 7520 616C 7265 6164 7920 6861  [  You already ha]
70179A2A    7665 2074 6861 7421 0A00 596F 7520 6361  [ve that!  You ca]
70179A32    6E6E 6F74 2061 6666 6F72 6420 7468 6174  [nnot afford that]
70179A3A    210A 5768 6963 6820 6974 656D 206E 756D  [! Which item num]
70179A42    6265 7220 746F 2070 7572 6368 6173 653F  [ber to purchase?]
70179A4A    2000 5768 6174 2061 7265 2079 6F75 2067  [  What are you g]
70179A52    6F69 6E67 2074 6F20 7573 6520 666F 7220  [oing to use for ]
70179A5A    6D6F 6E65 792C 2079 6F75 7220 676F 6F64  [money, your good]
70179A62    206C 6F6F 6B73 3F3F 0A00 0A00 2E20 2020  [ looks??    .   ]
70179A6A    7C20 2020 2000 2020 207C 2020 2020 0A0A  [|        |      ]
70179A72    4974 656D 2066 6F72 2073 616C 6520 2020  [Item for sale   ]
70179A7A    2020 2020 2020 7C20 2020 7072 6963 650A  [      |   price ]
70179A82    2D2D 2D2D 2D2D 2D2D 2D2D 2D2D 2D2D 2D2D  [----------------]
70179A8A    2D2D 2D2D 2D2D 7C2D 2D2D 2D2D 2D2D 2D2D  [------|---------]
70179A92    2D2D 0A00 0000 0C14 5354 4F52 4515 2020  [--      STORE   ]
70179A9A    2020 2020 2020 5765 616C 7468 2000 0B00  [      Wealth    ]
70179AA2    0000 0B48 6974 2073 7061 6365 2062 6172  [   Hit space bar]
70179AAA    2074 6F20 7365 6C6C 2062 6163 6B20 7468  [ to sell back th]
70179AB2    6520 6361 7461 7075 6C74 0B54 6865 2062  [e catapult The b]
70179ABA    6163 6B70 6163 6B20 6973 206E 6F74 2065  [ackpack is not e]
70179AC2    6D70 7479 2100 2000 1B00 0000 0000 0B14  [mpty!           ]
70179ACA    5041 574E 5348 4F50 150A 0B0A 0B48 6974  [PAWNSHOP     Hit]
70179AD2    2073 7061 6365 2062 6172 2061 7420 6974  [ space bar at it]
70179ADA    656D 2074 6F20 7365 6C6C 2C20 6F72 2065  [em to sell, or e]
70179AE2    7363 6170 6520 746F 2065 7869 742E 0B59  [scape to exit. Y]
70179AEA    6F75 2064 6F20 6E6F 7420 6F77 6E20 7468  [ou do not own th]
70179AF2    6174 2063 6173 746C 6521 0A0B 5768 6174  [at castle!  What]
70179AFA    2063 6173 746C 6520 746F 2073 656E 6420  [ castle to send ]
70179B02    7468 656D 2074 6F20 3F20 0A0B 596F 7520  [them to ?   You ]
70179B0A    6361 6E6E 6F74 2061 6666 6F72 6420 7468  [cannot afford th]
70179B12    6174 2100 6200 4200 7200 5200 0000 0A48  [at! b B r R    H]
70179B1A    6974 2027 5227 2066 6F72 2072 6564 2067  [it 'R' for red g]
70179B22    7561 7264 2C20 2742 2720 666F 7220 626C  [uard, 'B' for bl]
70179B2A    6163 6B20 6775 6172 6400 0A0B 426C 6163  [ack guard   Blac]
70179B32    6B20 6775 6172 6427 7320 7072 6963 6520  [k guard's price ]
70179B3A    6973 2024 0000 0B52 6564 2067 7561 7264  [is $   Red guard]
70179B42    2773 2070 7269 6365 2069 7320 2400 2E0A  ['s price is $ . ]
70179B4A    0000 0B54 6865 206D 696E 696D 756D 206D  [   The minimum m]
70179B52    6572 6365 6E61 7279 2070 7269 6365 2069  [ercenary price i]
70179B5A    7320 2400 0000 0B14 4D45 5243 454E 4152  [s $     MERCENAR]
70179B62    5920 4755 494C 4415 0A0B 0A00 0000 0E2E  [Y GUILD        .]
70179B6A    2E0F 0E3A 2E0F 0E2E 3A0F 0E20 3A0F 0E3A  [.  :.  .:   :  :]
70179B72    200F 1422 2215 1422 1520 2014 2215 147B  [   ""  "    "  {]
70179B7A    7D15 0E28 290F 003B 3B00 007C 2000 0020  [}  ()  ;;  |    ]
70179B82    7C00 147C 2F15 145C 7C15 002F 2000 0020  [|  |/  \|  /    ]
70179B8A    5C00 1C2E 201D 1C49 491D 0020 2000 1C22  [\  .   II      "]
70179B92    221D 1C77 771D 1C57 571D 1C21 211D 1C28  ["  ww  WW  !!  (]
70179B9A    291D 1C66 661D 1C6D 6D1D 1C4D 4D1D 1C2B  [)  ff  mm  MM  +]
70179BA2    2B1D 1C78 201D 002F 2D00 002D 2D00 002D  [+  x   /-  --  -]
70179BAA    5C00 005C 2D00 002D 2F00 007C 2D00 002D  [\  \-  -/  |-  -]
70179BB2    7C00 2014 2015 1420 1520 7C14 2015 1420  [|         |     ]
70179BBA    157C 7C14 5315 0023 2000 005B 5D00 0025  [ || S  #   []  %]
70179BC2    2500 2014 2015 1420 1520 142F 2015 1420  [%          /    ]
70179BCA    5C15 0E74 200F 005F 5E00 005E 5F00 7C14  [\  t   _^  ^_ | ]
70179BD2    2015 1420 157C 1C2A 2A1D 0E7E 7E0F 007C  [     | **  ~~  |]
70179BDA    2D00 002D 7C00 002D 2D00 007C 2000 0020  [-  -|  --  |    ]
70179BE2    7C00                                     [|               ]

memory_data: 0x70179BE8 0x70179BEC
70179BE8    0000 0000 0000 0000                      [                ]

memory_data: 0x70179D7F 0x70179D80
70179D7F    81B8                                     [                ]

memory_data: 0x70179F11 0x70179F12
70179F11    DBB8                                     [                ]

memory_data: 0x7017A5F9 0x7017A695
7017A5F9    0B54 6865 2062 6F61 7420 6861 7320 6361  [ The boat has ca]
7017A601    7073 697A 6564 210A 0B59 6F75 2061 7265  [psized!  You are]
7017A609    2077 6173 6865 6420 6173 686F 7265 2061  [ washed ashore a]
7017A611    6C69 7665 2C20 6275 7420 7765 616B 656E  [live, but weaken]
7017A619    6564 0A00 0E2E 2E0F 0E3A 2E0F 0E2E 3A0F  [ed   ..  :.  .: ]
7017A621    0E20 3A0F 0E3A 200F 1422 2215 1422 1520  [  :  :   ""  "  ]
7017A629    2014 2215 147B 7D15 0E28 290F 003B 3B00  [  "  {}  ()  ;; ]
7017A631    007C 2000 0020 7C00 147C 2F15 145C 7C15  [ |    |  |/  \| ]
7017A639    002F 2000 0020 5C00 1C2E 201D 1C49 491D  [ /    \  .   II ]
7017A641    0020 2000 1C22 221D 1C77 771D 1C57 571D  [     ""  ww  WW ]
7017A649    1C21 211D 1C28 291D 1C66 661D 1C6D 6D1D  [ !!  ()  ff  mm ]
7017A651    1C4D 4D1D 1C2B 2B1D 1C78 201D 002F 2D00  [ MM  ++  x   /- ]
7017A659    002D 2D00 002D 5C00 005C 2D00 002D 2F00  [ --  -\  \-  -/ ]
7017A661    007C 2D00 002D 7C00 2014 2015 1420 1520  [ |-  -|         ]
7017A669    7C14 2015 1420 157C 7C14 5315 0023 2000  [|      || S  #  ]
7017A671    005B 5D00 0025 2500 2014 2015 1420 1520  [ []  %%         ]
7017A679    142F 2015 1420 5C15 0E74 200F 005F 5E00  [ /    \  t   _^ ]
7017A681    005E 5F00 7C14 2015 1420 157C 1C2A 2A1D  [ ^_ |      | ** ]
7017A689    0E7E 7E0F 007C 2D00 002D 7C00 002D 2D00  [ ~~  |-  -|  -- ]
7017A691    007C 2000 0020 7C00                      [ |    |         ]

memory_data: 0x7017A7D5 0x7017A963
7017A7D5    0B59 6F75 2063 616E 206F 6E6C 7920 746F  [ You can only to]
7017A7DD    7720 6F6E 6520 6361 7461 7075 6C74 210A  [w one catapult! ]
7017A7E5    0B48 6974 2073 7061 6365 2062 6172 2074  [ Hit space bar t]
7017A7ED    6F20 746F 7720 7468 6520 6361 7461 7075  [o tow the catapu]
7017A7F5    6C74 2061 6C6F 6E67 0B00 0000 0B54 6865  [lt along     The]
7017A7FD    2073 6861 7264 206F 6620 416C 6269 6F6E  [ shard of Albion]
7017A805    2061 6E64 2074 6865 2044 6172 6B20 4C6F  [ and the Dark Lo]
7017A80D    7264 2773 2073 7461 6666 0A63 6175 7365  [rd's staff cause]
7017A815    2061 2077 696C 6420 6578 706C 6F73 696F  [ a wild explosio]
7017A81D    6E20 666F 726D 696E 6720 7468 6520 7363  [n forming the sc]
7017A825    6570 746F 7220 6F66 204C 6F72 6963 0A00  [eptor of Loric  ]
7017A82D    0B59 6F75 2061 6C72 6561 6479 2068 6176  [ You already hav]
7017A835    6520 6120 7374 6166 6620 6F66 2074 6865  [e a staff of the]
7017A83D    2044 6172 6B20 4C6F 7264 2E0A 0B48 6974  [ Dark Lord.  Hit]
7017A845    2073 7061 6365 2062 6172 2074 6F20 7461  [ space bar to ta]
7017A84D    6B65 2074 6865 2044 6172 6B20 4C6F 7264  [ke the Dark Lord]
7017A855    2773 2053 7461 6666 2077 6974 686F 7574  ['s Staff without]
7017A85D    2074 6865 2070 7265 7265 7175 6973 6974  [ the prerequisit]
7017A865    6520 626F 6F6B 7321 0A00 0000 0B59 6F75  [e books!     You]
7017A86D    2063 616E 206E 6F74 2074 616B 6520 0000  [ can not take   ]
7017A875    2C20 646F 6E27 7420 6265 2067 7265 6564  [, don't be greed]
7017A87D    7921 0A00 0B59 6F75 2061 6C72 6561 6479  [y!   You already]
7017A885    2068 6176 6520 0000 0B59 6F75 2063 616E  [ have    You can]
7017A88D    6E6F 7420 6361 7272 7920 616E 7974 6869  [not carry anythi]
7017A895    6E67 206D 6F72 6521 0A00 0000 0B54 6865  [ng more!     The]
7017A89D    2073 7065 6C6C 2063 616E 6E6F 7420 6265  [ spell cannot be]
7017A8A5    2069 6E74 6572 7072 6574 6564 210A 0A00  [ interpreted!   ]
7017A8AD    0B53 6372 6F6C 6C20 7370 656C 6C3A 2000  [ Scroll spell:  ]
7017A8B5    0B59 6F75 2776 6520 666F 756E 6420 6120  [ You've found a ]
7017A8BD    2000 0000 0B0A 0B00 2068 6572 6521 0A0B  [         here!  ]
7017A8C5    4869 7420 7370 6163 6520 6261 7220 746F  [Hit space bar to]
7017A8CD    2074 616B 6520 6974 2C20 616E 7974 6869  [ take it, anythi]
7017A8D5    6E67 2065 6C73 6520 746F 2069 676E 6F72  [ng else to ignor]
7017A8DD    6500 0000 0B59 6F75 2776 6520 666F 756E  [e    You've foun]
7017A8E5    6420 736F 6D65 2000 0E2E 2E0F 0E3A 2E0F  [d some   ..  :. ]
7017A8ED    0E2E 3A0F 0E20 3A0F 0E3A 200F 1422 2215  [ .:   :  :   "" ]
7017A8F5    1422 1520 2014 2215 147B 7D15 0E28 290F  [ "    "  {}  () ]
7017A8FD    003B 3B00 007C 2000 0020 7C00 147C 2F15  [ ;;  |    |  |/ ]
7017A905    145C 7C15 002F 2000 0020 5C00 1C2E 201D  [ \|  /    \  .  ]
7017A90D    1C49 491D 0020 2000 1C22 221D 1C77 771D  [ II      ""  ww ]
7017A915    1C57 571D 1C21 211D 1C28 291D 1C66 661D  [ WW  !!  ()  ff ]
7017A91D    1C6D 6D1D 1C4D 4D1D 1C2B 2B1D 1C78 201D  [ mm  MM  ++  x  ]
7017A925    002F 2D00 002D 2D00 002D 5C00 005C 2D00  [ /-  --  -\  \- ]
7017A92D    002D 2F00 007C 2D00 002D 7C00 2014 2015  [ -/  |-  -|     ]
7017A935    1420 1520 7C14 2015 1420 157C 7C14 5315  [    |      || S ]
7017A93D    0023 2000 005B 5D00 0025 2500 2014 2015  [ #   []  %%     ]
7017A945    1420 1520 142F 2015 1420 5C15 0E74 200F  [     /    \  t  ]
7017A94D    005F 5E00 005E 5F00 7C14 2015 1420 157C  [ _^  ^_ |      |]
7017A955    1C2A 2A1D 0E7E 7E0F 007C 2D00 002D 7C00  [ **  ~~  |-  -| ]
7017A95D    002D 2D00 007C 2000 0020 7C00            [ --  |    |     ]

memory_data: 0x7017AE85 0x7017AE86
7017AE85    F2F8                                     [                ]

memory_data: 0x7017B2CD 0x7017B42F
7017B2CD    2E0A 0000 0B54 6865 2074 6869 6566 2068  [.    The thief h]
7017B2D5    6173 2073 7563 6365 7373 6675 6C6C 7920  [as successfully ]
7017B2DD    6D61 6465 2061 7761 7920 7769 7468 2079  [made away with y]
7017B2E5    6F75 7220 0B48 6973 2061 7474 656D 7074  [our  His attempt]
7017B2ED    2074 6F20 7374 6561 6C20 6861 7320 6265  [ to steal has be]
7017B2F5    656E 2073 7563 6365 7373 6675 6C6C 7920  [en successfully ]
7017B2FD    7374 6F70 7065 6421 0A00 0000 0B45 7665  [stopped!     Eve]
7017B305    6E20 7468 6965 7665 7320 7069 7479 2070  [n thieves pity p]
7017B30D    6F6F 7220 7175 6573 746F 7273 2E0A 0A00  [oor questors.   ]
7017B315    0B54 6865 2074 6869 6566 2068 6173 2022  [ The thief has "]
7017B31D    626F 7272 6F77 6564 2220 2420 0B4F 6E65  [borrowed" $  One]
7017B325    206F 6620 796F 7572 2063 6173 746C 6520  [ of your castle ]
7017B32D    6B6E 6967 6874 7320 6861 7320 6361 7074  [knights has capt]
7017B335    7572 6564 2061 2074 6869 6566 2077 6974  [ured a thief wit]
7017B33D    6869 6E20 7468 6520 6361 7374 6C65 210A  [hin the castle! ]
7017B345    0B54 6865 2074 6869 6566 2068 6173 2062  [ The thief has b]
7017B34D    6565 6E20 6875 6E67 206F 6E20 7468 6520  [een hung on the ]
7017B355    7261 6D70 6172 7473 2061 7320 616E 2065  [ramparts as an e]
7017B35D    7861 6D70 6C65 2074 6F20 6F74 6865 7273  [xample to others]
7017B365    206F 6620 6869 7320 6B69 6E64 2E0A 0000  [ of his kind.   ]
7017B36D    0B59 6F75 2068 6176 6520 6B69 6C6C 6564  [ You have killed]
7017B375    2074 6865 2074 6869 6566 2077 6974 6820  [ the thief with ]
7017B37D    796F 7572 206B 6E69 6665 210A 0B59 6F75  [your knife!  You]
7017B385    7220 7365 726D 6F6E 206F 6E20 7468 6520  [r sermon on the ]
7017B38D    3874 6820 636F 6D6D 616E 646D 656E 7420  [8th commandment ]
7017B395    6472 6976 6573 0A20 7468 6520 7468 6965  [drives  the thie]
7017B39D    6620 746F 2073 7569 6369 6465 210A 0000  [f to suicide!   ]
7017B3A5    0B59 6F75 2068 6176 6520 656E 636F 756E  [ You have encoun]
7017B3AD    7465 7265 6420 6120 7468 6965 662E 0A00  [tered a thief.  ]
7017B3B5    0E2E 2E0F 0E3A 2E0F 0E2E 3A0F 0E20 3A0F  [ ..  :.  .:   : ]
7017B3BD    0E3A 200F 1422 2215 1422 1520 2014 2215  [ :   ""  "    " ]
7017B3C5    147B 7D15 0E28 290F 003B 3B00 007C 2000  [ {}  ()  ;;  |  ]
7017B3CD    0020 7C00 147C 2F15 145C 7C15 002F 2000  [  |  |/  \|  /  ]
7017B3D5    0020 5C00 1C2E 201D 1C49 491D 0020 2000  [  \  .   II     ]
7017B3DD    1C22 221D 1C77 771D 1C57 571D 1C21 211D  [ ""  ww  WW  !! ]
7017B3E5    1C28 291D 1C66 661D 1C6D 6D1D 1C4D 4D1D  [ ()  ff  mm  MM ]
7017B3ED    1C2B 2B1D 1C78 201D 002F 2D00 002D 2D00  [ ++  x   /-  -- ]
7017B3F5    002D 5C00 005C 2D00 002D 2F00 007C 2D00  [ -\  \-  -/  |- ]
7017B3FD    002D 7C00 2014 2015 1420 1520 7C14 2015  [ -|         |   ]
7017B405    1420 157C 7C14 5315 0023 2000 005B 5D00  [   || S  #   [] ]
7017B40D    0025 2500 2014 2015 1420 1520 142F 2015  [ %%          /  ]
7017B415    1420 5C15 0E74 200F 005F 5E00 005E 5F00  [  \  t   _^  ^_ ]
7017B41D    7C14 2015 1420 157C 1C2A 2A1D 0E7E 7E0F  [|      | **  ~~ ]
7017B425    007C 2D00 002D 7C00 002D 2D00 007C 2000  [ |-  -|  --  |  ]
7017B42D    0020 7C00                                [  |             ]

memory_data: 0x7017B432 0x7017B799
7017B432    7000 026C 820C 81B8 C629 0001 E339 0003  [p  l     )   9  ]
7017B43A    8178 C629 0002 E339 0003 9E29 0003 A6C9  [ x )   9   )    ]
7017B442    7017 664D 0001 824A 80F8 CE09 0294 E329  [p fM   J       )]
7017B44A    FFF4 E689 000A 81B9 CF19 CE29 02AE A169  [           )   i]
7017B452    D629 0010 C169 E319 0006 E6F9 DB1B 8BF9  [ )   i          ]
7017B45A    7000 0210 D159 A2B9 D249 D459 D24A 80F8  [p    Y   I Y J  ]
7017B462    CE09 0279 E309 0006 E6F9 DB19 D159 A2B9  [   y         Y  ]
7017B46A    D249 D459 D24A 80F8 CE09 026D C629 001F  [ I Y J     m )  ]
7017B472    8B79 E339 0008 F439 0012 BC39 FE5A 8779  [ y 9   9   9 Z y]
7017B47A    CE29 000F DE69 EB39 0006 E339 001A D629  [ )   i 9   9   )]
7017B482    0800 F339 001C 9E29 001C 9E29 001A 9E29  [   9   )   )   )]
7017B48A    0006 9E29 0008 A6F9 7000 0260 A6C9 7017  [   )    p  `  p ]
7017B492    E27A 0005 E329 FFF4 E689 000A 81B9 CF19  [ z   )          ]
7017B49A    CE29 02AE A169 8318 7000 0210 9379 CB29  [ )   i  p    y )]
7017B4A2    002A EEC9 0002 9038 A6F9 7015 A748 A6C9  [ *     8  p  H  ]
7017B4AA    7017 664D 0001 824B 89F8 C629 0042 8B79  [p fM   K   ) B y]
7017B4B2    E339 001E F439 003E BC39 FD98 8779 DE69  [ 9   9 > 9   y i]
7017B4BA    9E29 001E A6F9 7000 0260 A6C9 7017 E27A  [ )    p  `  p  z]
7017B4C2    0002 CE09 0214 A6F9 7015 A748 A6C9 7017  [        p  H  p ]
7017B4CA    664D 0001 824B 90B8 A6F9 7015 A749 9E29  [fM   K    p  I )]
7017B4D2    FFF4 A6C9 7017 5CBF 0002 824B 89F8 C629  [    p \    K   )]
7017B4DA    002C 8B79 E339 001E F439 003E BC39 FD18  [ , y 9   9 > 9  ]
7017B4E2    8779 DE69 9E29 001E A6F9 7000 0260 A6C9  [ y i )    p  `  ]
7017B4EA    7017 E27A 0002 CE09 01EA E329 FFF4 E689  [p  z       )    ]
7017B4F2    000A 81B9 CF19 CE29 02AE A169 D629 0010  [       )   i )  ]
7017B4FA    C169 E6F9 DB1A 8BF9 7000 0210 D159 A2B9  [ i      p    Y  ]
7017B502    D249 D24B 89F8 C629 0092 8B79 E339 0040  [ I K   )   y 9 @]
7017B50A    F439 0082 BC39 FC2C 8779 DE69 9E29 0040  [ 9   9 , y i ) @]
7017B512    A6F9 7000 0260 A6C9 7017 E27A 0002 CE09  [  p  `  p  z    ]
7017B51A    01BE A6F9 7015 A748 A6C9 7017 664D 0001  [    p  H  p fM  ]
7017B522    824A 80F8 CE09 0086 E329 FFF4 E689 000A  [ J       )      ]
7017B52A    81B9 CF19 CE29 02AE A169 8318 7000 0210  [     )   i  p   ]
7017B532    9379 D329 7E8C F689 0064 ABB8 C629 000A  [ y )~    d   )  ]
7017B53A    9179 F669 F339 0002 F319 0006 9E29 0006  [ y i 9       )  ]
7017B542    F409 0008 A6C9 7017 DA75 0001 F329 0008  [      p  u   )  ]
7017B54A    F6F9 001C F319 0006 D259 F319 001A F439  [         Y     9]
7017B552    003C C629 001C BC39 FB7E 8B79 8779 DE69  [ < )   9 ~ y y i]
7017B55A    E329 0008 FC39 0012 8B79 8779 DE69 F439  [ )   9   y y i 9]
7017B562    0080 E309 0006 FC39 003C 8B79 8779 CE29  [       9 < y y )]
7017B56A    000A CD39 DE69 E309 001A 8B79 E339 001E  [   9 i     y 9  ]
7017B572    F439 003E FC39 0080 8779 DE69 9E29 001E  [ 9 > 9   y i )  ]
7017B57A    A6F9 7000 0260 A6C9 7017 E27A 0002 EB29  [  p  `  p  z   )]
7017B582    FFF4 EE89 000A A9B9 CF19 D629 02AE C969  [           )   i]
7017B58A    8B18 7000 0210 B379 C329 7E8C E058 0002  [  p    y )~  X  ]
7017B592    C339 7E8C 8978 C629 0022 8B79 E339 0008  [ 9~  x ) " y 9  ]
7017B59A    F439 0012 BC39 FACC 8779 DE69 9E29 0008  [ 9   9   y i )  ]
7017B5A2    A6F9 7000 0260 A6C9 7017 E27A 0002 CE09  [  p  `  p  z    ]
7017B5AA    012E C629 0001 E319 0006 CE29 000A EB19  [ . )       )    ]
7017B5B2    001A 93F9 7000 0210 9629 0028 9E29 001A  [    p    ) ( )  ]
7017B5BA    9E29 0006 A6C9 7017 DE33 0003 E669 E339  [ )    p  3   i 9]
7017B5C2    0002 F329 FFF4 F689 000A D1B9 CF19 C629  [   )           )]
7017B5CA    02AE 9169 E329 0002 E689 000A 81B9 CF19  [   i )          ]
7017B5D2    9149 9318 7000 0210 CB29 7E7A E339 0006  [ I  p    )~z 9  ]
7017B5DA    AA0D 8378 E6E9 0008 82B8 E6E9 0003 81F8  [   x            ]
7017B5E2    E6E9 0013 8138 E6C9 0011 89F8 CE29 0035  [     8       ) 5]
7017B5EA    A379 E339 001E F439 003E BC39 F9EE 8779  [ y 9   9 > 9   y]
7017B5F2    DE69 9E29 001E A6F9 7000 0260 A6C9 7017  [ i )    p  `  p ]
7017B5FA    E27A 0002 CE09 00DB CE29 0030 A379 E339  [ z       ) 0 y 9]
7017B602    001E F439 003E BC39 F992 8779 DE69 9E29  [   9 > 9   y i )]
7017B60A    001E A6F9 7000 0260 A6C9 7017 E27A 0002  [    p  `  p  z  ]
7017B612    EB29 FFF4 EE89 000A A9B9 CF19 D629 02AE  [ )           )  ]
7017B61A    C969 E329 0006 8949 8B18 7000 0210 B379  [ i )   I  p    y]
7017B622    C329 7E7A E339 0003 E6C9 000E 9078 C629  [ )~z 9       x )]
7017B62A    0001 E339 0004 81B8 C629 000A 9C98 0004  [   9     )      ]
7017B632    0018 EB29 FFF4 EE89 000A A9B9 CF19 D629  [   )           )]
7017B63A    02AE C969 E689 000A 81B9 CF19 8949 8B18  [   i         I  ]
7017B642    7000 0210 B379 8159 C339 0004 F1B8 E329  [p    y Y 9     )]
7017B64A    FFF4 E689 000A 81B9 CF19 CE29 02AE A169  [           )   i]
7017B652    F329 0002 F689 000A D1B9 CF19 C149 8318  [ )           I  ]
7017B65A    7000 0210 9379 A959 CB39 7E7A E329 0003  [p    y Y 9~z )  ]
7017B662    E689 0064 9AF8 E6F9 FF9C E689 001E 81B9  [   d            ]
7017B66A    CF19 D629 0009 C169 9379 CBC9 7000 0689  [   )   i y  p   ]
7017B672    ACB9 F319 0006 F439 0010 EB19 001A FB09  [       9        ]
7017B67A    0006 E3C9 7000 0689 FCE9 E000 0D14 8B79  [    p          y]
7017B682    8779 C629 0002 BC39 F88E 8B79 8779 DE69  [ y )   9   y y i]
7017B68A    EB09 001A A379 E339 001E F439 003E FC39  [     y 9   9 > 9]
7017B692    0010 8779 DE69 9E29 001E A6F9 7000 0260  [   y i )    p  `]
7017B69A    A6C9 7017 E27A 0002 9AB8 E329 0003 E689  [  p  z     )    ]
7017B6A2    0014 81B9 CF19 D629 0009 C169 9379 CBC9  [       )   i y  ]
7017B6AA    7000 058D ACB9 F319 0006 F439 0010 EB19  [p          9    ]
7017B6B2    001A FB09 0006 E3C9 7000 058D FCE9 E000  [        p       ]
7017B6BA    0B1C 8B79 8779 C629 0002 BC39 F81A 8B79  [   y y )   9   y]
7017B6C2    8779 DE69 EB09 001A A379 E339 001E F439  [ y i     y 9   9]
7017B6CA    003E FC39 0010 8779 DE69 9E29 001E A6F9  [ > 9   y i )    ]
7017B6D2    7000 0260 A6C9 7017 E27A 0002 A6C9 7016  [p  `  p  z    p ]
7017B6DA    DE91 0000 87A9 0B00 0000 0084 0D00 206C  [               l]
7017B6E2    696D 6974 203D 2000 0000 0B43 6974 7920  [imit =     City ]
7017B6EA    6F66 2000 1800 1900 1A00 0700 1700 0800  [of              ]
7017B6F2    0000 0B48 6974 206C 6162 656C 206C 6574  [   Hit label let]
7017B6FA    7465 7220 746F 2064 6973 706C 6179 2063  [ter to display c]
7017B702    6974 7920 696E 666F 2E0D 0000 0000 206D  [ity info.      m]
7017B70A    6F76 6573 2074 6F20 6561 6368 2073 7061  [oves to each spa]
7017B712    6365 0A00 0000 5363 616C 6520 3D20 0A00  [ce    Scale =   ]
7017B71A    0C00 3D00 7C00 2000 0000 0E2E 2E0F 0E3A  [  = |      ..  :]
7017B722    2E0F 0E2E 3A0F 0E20 3A0F 0E3A 200F 1422  [.  .:   :  :   "]
7017B72A    2215 1422 1520 2014 2215 147B 7D15 0E28  ["  "    "  {}  (]
7017B732    290F 003B 3B00 007C 2000 0020 7C00 147C  [)  ;;  |    |  |]
7017B73A    2F15 145C 7C15 002F 2000 0020 5C00 1C2E  [/  \|  /    \  .]
7017B742    201D 1C49 491D 0020 2000 1C22 221D 1C77  [   II      ""  w]
7017B74A    771D 1C57 571D 1C21 211D 1C28 291D 1C66  [w  WW  !!  ()  f]
7017B752    661D 1C6D 6D1D 1C4D 4D1D 1C2B 2B1D 1C78  [f  mm  MM  ++  x]
7017B75A    201D 002F 2D00 002D 2D00 002D 5C00 005C  [   /-  --  -\  \]
7017B762    2D00 002D 2F00 007C 2D00 002D 7C00 2014  [-  -/  |-  -|   ]
7017B76A    2015 1420 1520 7C14 2015 1420 157C 7C14  [      |      || ]
7017B772    5315 0023 2000 005B 5D00 0025 2500 2014  [S  #   []  %%   ]
7017B77A    2015 1420 1520 142F 2015 1420 5C15 0E74  [       /    \  t]
7017B782    200F 005F 5E00 005E 5F00 7C14 2015 1420  [   _^  ^_ |     ]
7017B78A    157C 1C2A 2A1D 0E7E 7E0F 007C 2D00 002D  [ | **  ~~  |-  -]
7017B792    7C00 002D 2D00 007C 2000 0020 7C00       [|  --  |    |   ]

memory_data: 0x7017BA62 0x7017BA63
7017BA62    8878                                     [ x              ]

memory_data: 0x7017BA9F 0x7017BAA0
7017BA9F    8878                                     [ x              ]

memory_data: 0x7017BAC3 0x7017BAC4
7017BAC3    81B8                                     [                ]

memory_data: 0x7017C1DB 0x7017C27D
7017C1DB    203F 2000 210A 0B57 6861 7420 646F 2079  [ ?  !  What do y]
7017C1E3    6F75 2077 6973 6820 746F 2063 616C 6C20  [ou wish to call ]
7017C1EB    796F 7572 206E 6577 2000 0000 0B59 6F75  [your new     You]
7017C1F3    2068 6176 6520 7365 6967 6564 2061 2000  [ have seiged a  ]
7017C1FB    6361 7374 6C65 0000 6369 7461 6465 6C00  [castle  citadel ]
7017C203    0E2E 2E0F 0E3A 2E0F 0E2E 3A0F 0E20 3A0F  [ ..  :.  .:   : ]
7017C20B    0E3A 200F 1422 2215 1422 1520 2014 2215  [ :   ""  "    " ]
7017C213    147B 7D15 0E28 290F 003B 3B00 007C 2000  [ {}  ()  ;;  |  ]
7017C21B    0020 7C00 147C 2F15 145C 7C15 002F 2000  [  |  |/  \|  /  ]
7017C223    0020 5C00 1C2E 201D 1C49 491D 0020 2000  [  \  .   II     ]
7017C22B    1C22 221D 1C77 771D 1C57 571D 1C21 211D  [ ""  ww  WW  !! ]
7017C233    1C28 291D 1C66 661D 1C6D 6D1D 1C4D 4D1D  [ ()  ff  mm  MM ]
7017C23B    1C2B 2B1D 1C78 201D 002F 2D00 002D 2D00  [ ++  x   /-  -- ]
7017C243    002D 5C00 005C 2D00 002D 2F00 007C 2D00  [ -\  \-  -/  |- ]
7017C24B    002D 7C00 2014 2015 1420 1520 7C14 2015  [ -|         |   ]
7017C253    1420 157C 7C14 5315 0023 2000 005B 5D00  [   || S  #   [] ]
7017C25B    0025 2500 2014 2015 1420 1520 142F 2015  [ %%          /  ]
7017C263    1420 5C15 0E74 200F 005F 5E00 005E 5F00  [  \  t   _^  ^_ ]
7017C26B    7C14 2015 1420 157C 1C2A 2A1D 0E7E 7E0F  [|      | **  ~~ ]
7017C273    007C 2D00 002D 7C00 002D 2D00 007C 2000  [ |-  -|  --  |  ]
7017C27B    0020 7C00                                [  |             ]

memory_data: 0x7017C49F 0x7017C4A0
7017C49F    C178                                     [ x              ]

memory_data: 0x7017C64F 0x7017C650
7017C64F    81B8                                     [                ]

memory_data: 0x7017C7F9 0x7017C877
7017C7F9    596F 7520 6172 6520 0E2E 2E0F 0E3A 2E0F  [You are  ..  :. ]
7017C801    0E2E 3A0F 0E20 3A0F 0E3A 200F 1422 2215  [ .:   :  :   "" ]
7017C809    1422 1520 2014 2215 147B 7D15 0E28 290F  [ "    "  {}  () ]
7017C811    003B 3B00 007C 2000 0020 7C00 147C 2F15  [ ;;  |    |  |/ ]
7017C819    145C 7C15 002F 2000 0020 5C00 1C2E 201D  [ \|  /    \  .  ]
7017C821    1C49 491D 0020 2000 1C22 221D 1C77 771D  [ II      ""  ww ]
7017C829    1C57 571D 1C21 211D 1C28 291D 1C66 661D  [ WW  !!  ()  ff ]
7017C831    1C6D 6D1D 1C4D 4D1D 1C2B 2B1D 1C78 201D  [ mm  MM  ++  x  ]
7017C839    002F 2D00 002D 2D00 002D 5C00 005C 2D00  [ /-  --  -\  \- ]
7017C841    002D 2F00 007C 2D00 002D 7C00 2014 2015  [ -/  |-  -|     ]
7017C849    1420 1520 7C14 2015 1420 157C 7C14 5315  [    |      || S ]
7017C851    0023 2000 005B 5D00 0025 2500 2014 2015  [ #   []  %%     ]
7017C859    1420 1520 142F 2015 1420 5C15 0E74 200F  [     /    \  t  ]
7017C861    005F 5E00 005E 5F00 7C14 2015 1420 157C  [ _^  ^_ |      |]
7017C869    1C2A 2A1D 0E7E 7E0F 007C 2D00 002D 7C00  [ **  ~~  |-  -| ]
7017C871    002D 2D00 007C 2000 0020 7C00            [ --  |    |     ]

memory_data: 0x7017CA4C 0x7017CB3D
7017CA4C    0000 2020 7820 2020 202D 2020 526F 6164  [    x    -  Road]
7017CA54    2E00 2020 2B2B 2020 202D 2020 466F 7264  [.   ++   -  Ford]
7017CA5C    2E00 2020 2829 2020 202D 2020 4361 7665  [.   ()   -  Cave]
7017CA64    2065 6E74 7261 6E63 652E 2020 2121 2020  [ entrance.  !!  ]
7017CA6C    202D 2020 436C 6966 6673 2E00 0000 2020  [ -  Cliffs.     ]
7017CA74    4D4D 2020 202D 2020 4D6F 756E 7461 696E  [MM   -  Mountain]
7017CA7C    732E 2020 6D6D 2020 202D 2020 466F 6F74  [s.  mm   -  Foot]
7017CA84    2068 696C 6C73 2E00 0000 2020 6666 2020  [ hills.     ff  ]
7017CA8C    202D 2020 466F 7265 7374 2E00 0000 2020  [ -  Forest.     ]
7017CA94    5757 2020 202D 2020 4465 6570 2077 6174  [WW   -  Deep wat]
7017CA9C    6572 2E00 0000 2020 7777 2020 202D 2020  [er.     ww   -  ]
7017CAA4    5368 616C 6C6F 7720 7761 7465 722E 2020  [Shallow water.  ]
7017CAAC    2222 2020 202D 2020 5377 616D 7020 6C61  [""   -  Swamp la]
7017CAB4    6E64 2E00 0000 7370 6163 6520 202D 2020  [nd.   space  -  ]
7017CABC    4C65 7665 6C20 6772 6F75 6E64 2E00 0E2E  [Level ground.  .]
7017CAC4    2E0F 0E3A 2E0F 0E2E 3A0F 0E20 3A0F 0E3A  [.  :.  .:   :  :]
7017CACC    200F 1422 2215 1422 1520 2014 2215 147B  [   ""  "    "  {]
7017CAD4    7D15 0E28 290F 003B 3B00 007C 2000 0020  [}  ()  ;;  |    ]
7017CADC    7C00 147C 2F15 145C 7C15 002F 2000 0020  [|  |/  \|  /    ]
7017CAE4    5C00 1C2E 201D 1C49 491D 0020 2000 1C22  [\  .   II      "]
7017CAEC    221D 1C77 771D 1C57 571D 1C21 211D 1C28  ["  ww  WW  !!  (]
7017CAF4    291D 1C66 661D 1C6D 6D1D 1C4D 4D1D 1C2B  [)  ff  mm  MM  +]
7017CAFC    2B1D 1C78 201D 002F 2D00 002D 2D00 002D  [+  x   /-  --  -]
7017CB04    5C00 005C 2D00 002D 2F00 007C 2D00 002D  [\  \-  -/  |-  -]
7017CB0C    7C00 2014 2015 1420 1520 7C14 2015 1420  [|         |     ]
7017CB14    157C 7C14 5315 0023 2000 005B 5D00 0025  [ || S  #   []  %]
7017CB1C    2500 2014 2015 1420 1520 142F 2015 1420  [%          /    ]
7017CB24    5C15 0E74 200F 005F 5E00 005E 5F00 7C14  [\  t   _^  ^_ | ]
7017CB2C    2015 1420 157C 1C2A 2A1D 0E7E 7E0F 007C  [     | **  ~~  |]
7017CB34    2D00 002D 7C00 002D 2D00 007C 2000 0020  [-  -|  --  |    ]
7017CB3C    7C00                                     [|               ]

memory_data: 0x7017CCE0 0x7017CD71
7017CCE0    0000 5769 6C64 6572 6E65 7373 2000 6561  [  Wilderness  ea]
7017CCE8    7374 4561 7374 7765 7374 5765 7374 536F  [stEastwestWestSo]
7017CCF0    7574 6800 0000 4E6F 7274 6800 0000 0E2E  [uth   North    .]
7017CCF8    2E0F 0E3A 2E0F 0E2E 3A0F 0E20 3A0F 0E3A  [.  :.  .:   :  :]
7017CD00    200F 1422 2215 1422 1520 2014 2215 147B  [   ""  "    "  {]
7017CD08    7D15 0E28 290F 003B 3B00 007C 2000 0020  [}  ()  ;;  |    ]
7017CD10    7C00 147C 2F15 145C 7C15 002F 2000 0020  [|  |/  \|  /    ]
7017CD18    5C00 1C2E 201D 1C49 491D 0020 2000 1C22  [\  .   II      "]
7017CD20    221D 1C77 771D 1C57 571D 1C21 211D 1C28  ["  ww  WW  !!  (]
7017CD28    291D 1C66 661D 1C6D 6D1D 1C4D 4D1D 1C2B  [)  ff  mm  MM  +]
7017CD30    2B1D 1C78 201D 002F 2D00 002D 2D00 002D  [+  x   /-  --  -]
7017CD38    5C00 005C 2D00 002D 2F00 007C 2D00 002D  [\  \-  -/  |-  -]
7017CD40    7C00 2014 2015 1420 1520 7C14 2015 1420  [|         |     ]
7017CD48    157C 7C14 5315 0023 2000 005B 5D00 0025  [ || S  #   []  %]
7017CD50    2500 2014 2015 1420 1520 142F 2015 1420  [%          /    ]
7017CD58    5C15 0E74 200F 005F 5E00 005E 5F00 7C14  [\  t   _^  ^_ | ]
7017CD60    2015 1420 157C 1C2A 2A1D 0E7E 7E0F 007C  [     | **  ~~  |]
7017CD68    2D00 002D 7C00 002D 2D00 007C 2000 0020  [-  -|  --  |    ]
7017CD70    7C00                                     [|               ]

memory_data: 0x7017D00A 0x7017D0ED
7017D00A    87A9 0B00 0000 0021 0000 0B00 0000 0020  [       !        ]
7017D012    0B00 5468 6520 746F 7765 7220 6775 6172  [  The tower guar]
7017D01A    6473 2068 6176 6520 6B69 6C6C 6564 2079  [ds have killed y]
7017D022    6F75 2100 0000 0B59 6F75 2068 6176 6520  [ou!    You have ]
7017D02A    6265 656E 2068 6974 2062 7920 616E 2061  [been hit by an a]
7017D032    7272 6F77 2066 726F 6D20 6120 746F 7765  [rrow from a towe]
7017D03A    7220 666F 7220 5468 6520 656C 7665 6E20  [r for The elven ]
7017D042    6172 6368 6572 2068 6173 206B 696C 6C65  [archer has kille]
7017D04A    6420 796F 7521 2073 7472 656E 6774 6820  [d you! strength ]
7017D052    706F 696E 7473 2E0A 0000 0B59 6F75 2068  [points.    You h]
7017D05A    6176 6520 6265 656E 2068 6974 2062 7920  [ave been hit by ]
7017D062    616E 2061 7272 6F77 2066 726F 6D20 616E  [an arrow from an]
7017D06A    2065 6C76 656E 2061 7263 6865 7220 666F  [ elven archer fo]
7017D072    7220 0E2E 2E0F 0E3A 2E0F 0E2E 3A0F 0E20  [r  ..  :.  .:   ]
7017D07A    3A0F 0E3A 200F 1422 2215 1422 1520 2014  [:  :   ""  "    ]
7017D082    2215 147B 7D15 0E28 290F 003B 3B00 007C  ["  {}  ()  ;;  |]
7017D08A    2000 0020 7C00 147C 2F15 145C 7C15 002F  [    |  |/  \|  /]
7017D092    2000 0020 5C00 1C2E 201D 1C49 491D 0020  [    \  .   II   ]
7017D09A    2000 1C22 221D 1C77 771D 1C57 571D 1C21  [   ""  ww  WW  !]
7017D0A2    211D 1C28 291D 1C66 661D 1C6D 6D1D 1C4D  [!  ()  ff  mm  M]
7017D0AA    4D1D 1C2B 2B1D 1C78 201D 002F 2D00 002D  [M  ++  x   /-  -]
7017D0B2    2D00 002D 5C00 005C 2D00 002D 2F00 007C  [-  -\  \-  -/  |]
7017D0BA    2D00 002D 7C00 2014 2015 1420 1520 7C14  [-  -|         | ]
7017D0C2    2015 1420 157C 7C14 5315 0023 2000 005B  [     || S  #   []
7017D0CA    5D00 0025 2500 2014 2015 1420 1520 142F  []  %%          /]
7017D0D2    2015 1420 5C15 0E74 200F 005F 5E00 005E  [    \  t   _^  ^]
7017D0DA    5F00 7C14 2015 1420 157C 1C2A 2A1D 0E7E  [_ |      | **  ~]
7017D0E2    7E0F 007C 2D00 002D 7C00 002D 2D00 007C  [~  |-  -|  --  |]
7017D0EA    2000 0020 7C00                           [    |           ]

memory_data: 0x7017D330 0x7017D331
7017D330    D2F8                                     [                ]

memory_data: 0x7017D40C 0x7017D48F
7017D40C    0000 0B54 6572 7261 6B20 6973 2064 6561  [   Terrak is dea]
7017D414    6421 0E2E 2E0F 0E3A 2E0F 0E2E 3A0F 0E20  [d! ..  :.  .:   ]
7017D41C    3A0F 0E3A 200F 1422 2215 1422 1520 2014  [:  :   ""  "    ]
7017D424    2215 147B 7D15 0E28 290F 003B 3B00 007C  ["  {}  ()  ;;  |]
7017D42C    2000 0020 7C00 147C 2F15 145C 7C15 002F  [    |  |/  \|  /]
7017D434    2000 0020 5C00 1C2E 201D 1C49 491D 0020  [    \  .   II   ]
7017D43C    2000 1C22 221D 1C77 771D 1C57 571D 1C21  [   ""  ww  WW  !]
7017D444    211D 1C28 291D 1C66 661D 1C6D 6D1D 1C4D  [!  ()  ff  mm  M]
7017D44C    4D1D 1C2B 2B1D 1C78 201D 002F 2D00 002D  [M  ++  x   /-  -]
7017D454    2D00 002D 5C00 005C 2D00 002D 2F00 007C  [-  -\  \-  -/  |]
7017D45C    2D00 002D 7C00 2014 2015 1420 1520 7C14  [-  -|         | ]
7017D464    2015 1420 157C 7C14 5315 0023 2000 005B  [     || S  #   []
7017D46C    5D00 0025 2500 2014 2015 1420 1520 142F  []  %%          /]
7017D474    2015 1420 5C15 0E74 200F 005F 5E00 005E  [    \  t   _^  ^]
7017D47C    5F00 7C14 2015 1420 157C 1C2A 2A1D 0E7E  [_ |      | **  ~]
7017D484    7E0F 007C 2D00 002D 7C00 002D 2D00 007C  [~  |-  -|  --  |]
7017D48C    2000 0020 7C00                           [    |           ]

memory_data: 0x7017D5BB 0x7017D635
7017D5BB    0E2E 2E0F 0E3A 2E0F 0E2E 3A0F 0E20 3A0F  [ ..  :.  .:   : ]
7017D5C3    0E3A 200F 1422 2215 1422 1520 2014 2215  [ :   ""  "    " ]
7017D5CB    147B 7D15 0E28 290F 003B 3B00 007C 2000  [ {}  ()  ;;  |  ]
7017D5D3    0020 7C00 147C 2F15 145C 7C15 002F 2000  [  |  |/  \|  /  ]
7017D5DB    0020 5C00 1C2E 201D 1C49 491D 0020 2000  [  \  .   II     ]
7017D5E3    1C22 221D 1C77 771D 1C57 571D 1C21 211D  [ ""  ww  WW  !! ]
7017D5EB    1C28 291D 1C66 661D 1C6D 6D1D 1C4D 4D1D  [ ()  ff  mm  MM ]
7017D5F3    1C2B 2B1D 1C78 201D 002F 2D00 002D 2D00  [ ++  x   /-  -- ]
7017D5FB    002D 5C00 005C 2D00 002D 2F00 007C 2D00  [ -\  \-  -/  |- ]
7017D603    002D 7C00 2014 2015 1420 1520 7C14 2015  [ -|         |   ]
7017D60B    1420 157C 7C14 5315 0023 2000 005B 5D00  [   || S  #   [] ]
7017D613    0025 2500 2014 2015 1420 1520 142F 2015  [ %%          /  ]
7017D61B    1420 5C15 0E74 200F 005F 5E00 005E 5F00  [  \  t   _^  ^_ ]
7017D623    7C14 2015 1420 157C 1C2A 2A1D 0E7E 7E0F  [|      | **  ~~ ]
7017D62B    007C 2D00 002D 7C00 002D 2D00 007C 2000  [ |-  -|  --  |  ]
7017D633    0020 7C00                                [  |             ]

memory_data: 0x7017D6A9 0x7017D735
7017D6A9    0B00 0000 0019 0000 3F55 5044 4154 4520  [        ?UPDATE ]
7017D6B1    746F 2075 7365 725F 6461 7461 5F66 696C  [to user_data_fil]
7017D6B9    6500 0000 0E2E 2E0F 0E3A 2E0F 0E2E 3A0F  [e    ..  :.  .: ]
7017D6C1    0E20 3A0F 0E3A 200F 1422 2215 1422 1520  [  :  :   ""  "  ]
7017D6C9    2014 2215 147B 7D15 0E28 290F 003B 3B00  [  "  {}  ()  ;; ]
7017D6D1    007C 2000 0020 7C00 147C 2F15 145C 7C15  [ |    |  |/  \| ]
7017D6D9    002F 2000 0020 5C00 1C2E 201D 1C49 491D  [ /    \  .   II ]
7017D6E1    0020 2000 1C22 221D 1C77 771D 1C57 571D  [     ""  ww  WW ]
7017D6E9    1C21 211D 1C28 291D 1C66 661D 1C6D 6D1D  [ !!  ()  ff  mm ]
7017D6F1    1C4D 4D1D 1C2B 2B1D 1C78 201D 002F 2D00  [ MM  ++  x   /- ]
7017D6F9    002D 2D00 002D 5C00 005C 2D00 002D 2F00  [ --  -\  \-  -/ ]
7017D701    007C 2D00 002D 7C00 2014 2015 1420 1520  [ |-  -|         ]
7017D709    7C14 2015 1420 157C 7C14 5315 0023 2000  [|      || S  #  ]
7017D711    005B 5D00 0025 2500 2014 2015 1420 1520  [ []  %%         ]
7017D719    142F 2015 1420 5C15 0E74 200F 005F 5E00  [ /    \  t   _^ ]
7017D721    005E 5F00 7C14 2015 1420 157C 1C2A 2A1D  [ ^_ |      | ** ]
7017D729    0E7E 7E0F 007C 2D00 002D 7C00 002D 2D00  [ ~~  |-  -|  -- ]
7017D731    007C 2000 0020 7C00                      [ |    |         ]

memory_data: 0x7017D784 0x7017D785
7017D784    87A9                                     [                ]

memory_data: 0x7017D7DE 0x7017D859
7017D7DE    0000 0E2E 2E0F 0E3A 2E0F 0E2E 3A0F 0E20  [   ..  :.  .:   ]
7017D7E6    3A0F 0E3A 200F 1422 2215 1422 1520 2014  [:  :   ""  "    ]
7017D7EE    2215 147B 7D15 0E28 290F 003B 3B00 007C  ["  {}  ()  ;;  |]
7017D7F6    2000 0020 7C00 147C 2F15 145C 7C15 002F  [    |  |/  \|  /]
7017D7FE    2000 0020 5C00 1C2E 201D 1C49 491D 0020  [    \  .   II   ]
7017D806    2000 1C22 221D 1C77 771D 1C57 571D 1C21  [   ""  ww  WW  !]
7017D80E    211D 1C28 291D 1C66 661D 1C6D 6D1D 1C4D  [!  ()  ff  mm  M]
7017D816    4D1D 1C2B 2B1D 1C78 201D 002F 2D00 002D  [M  ++  x   /-  -]
7017D81E    2D00 002D 5C00 005C 2D00 002D 2F00 007C  [-  -\  \-  -/  |]
7017D826    2D00 002D 7C00 2014 2015 1420 1520 7C14  [-  -|         | ]
7017D82E    2015 1420 157C 7C14 5315 0023 2000 005B  [     || S  #   []
7017D836    5D00 0025 2500 2014 2015 1420 1520 142F  []  %%          /]
7017D83E    2015 1420 5C15 0E74 200F 005F 5E00 005E  [    \  t   _^  ^]
7017D846    5F00 7C14 2015 1420 157C 1C2A 2A1D 0E7E  [_ |      | **  ~]
7017D84E    7E0F 007C 2D00 002D 7C00 002D 2D00 007C  [~  |-  -|  --  |]
7017D856    2000 0020 7C00                           [    |           ]

memory_data: 0x7017D98E 0x7017D99B
7017D98E    0000 3031 3233 3435 3637 3839 4142 4344  [  0123456789ABCD]
7017D996    4546 6162 6364 6566 2000                 [EFabcdef        ]
