redirect seq=000145 caller=QUEST2 WSAVS READ_IN              pc=701766ED area_wfp=740072BA argc=0 frame=6 real_wsp=700010DE shadow_wsp=700010F4 master_wfp=700010E8 ret=7015C063 depth=1
redirect seq=000157 caller=QUEST2 WRTN  READ_IN              area_wfp=740072BA ret_pc=7017E77D real_wsp=700010DC (was 740072AE) shadow_wsp=700010DC master_wfp=700010E8 depth=0
redirect seq=000160 caller=QUEST2 WSAVS LOGON                pc=70175E9F area_wfp=7400714A argc=0 frame=40 real_wsp=700010DE shadow_wsp=70001138 master_wfp=700010E8 ret=7015C287 depth=1
redirect seq=000197 caller=QUEST2 WSAVS READ_IN              pc=701766ED area_wfp=740072BA argc=0 frame=6 real_wsp=700010EC shadow_wsp=7000115C master_wfp=70001150 ret=70175F6F depth=2
redirect seq=000210 caller=QUEST2 WRTN  READ_IN              area_wfp=740072BA ret_pc=7017E77D real_wsp=700010EA (was 740072AE) shadow_wsp=70001144 master_wfp=70001150 depth=1
redirect seq=000220 caller=QUEST2 WSAVS READ_IN              pc=701766ED area_wfp=740072BA argc=0 frame=6 real_wsp=700010EC shadow_wsp=7000115C master_wfp=70001150 ret=70175FD7 depth=2
redirect seq=000232 caller=QUEST2 WRTN  READ_IN              area_wfp=740072BA ret_pc=7017E77D real_wsp=700010EA (was 740072AE) shadow_wsp=70001144 master_wfp=70001150 depth=1
redirect seq=000267 caller=QUEST2 WSAVS GET_INPUT            pc=7016AA35 area_wfp=74003ECC argc=1 frame=41 real_wsp=700010EE shadow_wsp=700011A4 master_wfp=70001152 ret=701760C8 depth=2
redirect seq=000275 caller=QUEST2 WRTN  GET_INPUT            area_wfp=74003ECC ret_pc=7016AA66 real_wsp=700010EA (was 74003EBE) shadow_wsp=70001144 master_wfp=70001152 depth=1
redirect seq=000497 caller=QUEST2 WRTN  LOGON                area_wfp=7400714A ret_pc=7017E77D real_wsp=700010DC (was 7400713E) shadow_wsp=700010DC master_wfp=700010E8 depth=0
redirect seq=000504 caller=QUEST2 WSAVS INIT_SCREEN          pc=7016E103 area_wfp=740056FC argc=1 frame=5 real_wsp=700010E0 shadow_wsp=700010F4 master_wfp=700010EA ret=7015C390 depth=1
redirect seq=000509 caller=QUEST2 WRTN  INIT_SCREEN          area_wfp=740056FC ret_pc=7016E1DC real_wsp=700010DC (was 740056EE) shadow_wsp=700010DC master_wfp=700010EA depth=0
redirect seq=000549 caller=QUEST2 WSAVS HIT_ANY_CHAR         pc=7016DE91 area_wfp=7400569A argc=0 frame=9 real_wsp=70001B7E shadow_wsp=70001B9A master_wfp=70001B88 ret=7016BCA4 depth=1
redirect seq=000559 caller=QUEST2 WSAVS GET_INPUT            pc=7016AA35 area_wfp=74003ECC argc=1 frame=41 real_wsp=70001B82 shadow_wsp=70001BFA master_wfp=70001BA8 ret=7016DEAD depth=2
redirect seq=000567 caller=QUEST2 WRTN  GET_INPUT            area_wfp=74003ECC ret_pc=7016AA66 real_wsp=70001B7E (was 74003EBE) shadow_wsp=70001B9A master_wfp=70001BA8 depth=1
redirect seq=000578 caller=QUEST2 WRTN  HIT_ANY_CHAR         area_wfp=7400569A ret_pc=7016DEBB real_wsp=70001B7C (was 7400568E) shadow_wsp=70001B7C master_wfp=70001B88 depth=0
redirect seq=000580 caller=QUEST2 WSAVS REFRESH_SCREEN       pc=70176A93 area_wfp=7400733C argc=0 frame=23 real_wsp=70001B7E shadow_wsp=70001BB6 master_wfp=70001B88 ret=7016BCA8 depth=1
redirect seq=000669 caller=QUEST2 WRTN  REFRESH_SCREEN       area_wfp=7400733C ret_pc=70176B4D real_wsp=70001B7C (was 74007330) shadow_wsp=70001B7C master_wfp=70001B88 depth=0
redirect seq=000672 caller=QUEST2 WSAVS DIST                 pc=70168717 area_wfp=74003962 argc=4 frame=0 real_wsp=70001FDA shadow_wsp=70001FE4 master_wfp=70001FE4 ret=70166B8A depth=1
redirect seq=000674 caller=QUEST2 WRTN  DIST                 area_wfp=74003962 ret_pc=70168732 real_wsp=70001FD0 (was 7400394E) shadow_wsp=70001FD0 master_wfp=70001FE4 depth=0
redirect seq=000676 caller=QUEST2 WSAVS DIST                 pc=70168717 area_wfp=74003962 argc=4 frame=0 real_wsp=70001FDA shadow_wsp=70001FE4 master_wfp=70001FE4 ret=70166B8A depth=1
redirect seq=000678 caller=QUEST2 WRTN  DIST                 area_wfp=74003962 ret_pc=70168732 real_wsp=70001FD0 (was 7400394E) shadow_wsp=70001FD0 master_wfp=70001FE4 depth=0
redirect seq=000680 caller=QUEST2 WSAVS DIST                 pc=70168717 area_wfp=74003962 argc=4 frame=0 real_wsp=70001FDA shadow_wsp=70001FE4 master_wfp=70001FE4 ret=70166B8A depth=1
redirect seq=000682 caller=QUEST2 WRTN  DIST                 area_wfp=74003962 ret_pc=70168732 real_wsp=70001FD0 (was 7400394E) shadow_wsp=70001FD0 master_wfp=70001FE4 depth=0
redirect seq=000687 caller=QUEST2 WSAVS DIST                 pc=70168717 area_wfp=74003962 argc=4 frame=0 real_wsp=70001FDA shadow_wsp=70001FE4 master_wfp=70001FE4 ret=70166E20 depth=1
redirect seq=000689 caller=QUEST2 WRTN  DIST                 area_wfp=74003962 ret_pc=70168732 real_wsp=70001FD0 (was 7400394E) shadow_wsp=70001FD0 master_wfp=70001FE4 depth=0
redirect seq=000691 caller=QUEST2 WSAVS DIST                 pc=70168717 area_wfp=74003962 argc=4 frame=0 real_wsp=70001FDA shadow_wsp=70001FE4 master_wfp=70001FE4 ret=70166E20 depth=1
redirect seq=000693 caller=QUEST2 WRTN  DIST                 area_wfp=74003962 ret_pc=70168732 real_wsp=70001FD0 (was 7400394E) shadow_wsp=70001FD0 master_wfp=70001FE4 depth=0
redirect seq=000695 caller=QUEST2 WSAVS DIST                 pc=70168717 area_wfp=74003962 argc=4 frame=0 real_wsp=70001FDA shadow_wsp=70001FE4 master_wfp=70001FE4 ret=70166E20 depth=1
redirect seq=000697 caller=QUEST2 WRTN  DIST                 area_wfp=74003962 ret_pc=70168732 real_wsp=70001FD0 (was 7400394E) shadow_wsp=70001FD0 master_wfp=70001FE4 depth=0
redirect seq=000701 caller=QUEST2 WSAVS DIST                 pc=70168717 area_wfp=74003962 argc=4 frame=0 real_wsp=70001FDA shadow_wsp=70001FE4 master_wfp=70001FE4 ret=70166E20 depth=1
redirect seq=000703 caller=QUEST2 WRTN  DIST                 area_wfp=74003962 ret_pc=70168732 real_wsp=70001FD0 (was 7400394E) shadow_wsp=70001FD0 master_wfp=70001FE4 depth=0
redirect seq=000705 caller=QUEST2 WSAVS DIST                 pc=70168717 area_wfp=74003962 argc=4 frame=0 real_wsp=70001FDA shadow_wsp=70001FE4 master_wfp=70001FE4 ret=70166E20 depth=1
redirect seq=000707 caller=QUEST2 WRTN  DIST                 area_wfp=74003962 ret_pc=70168732 real_wsp=70001FD0 (was 7400394E) shadow_wsp=70001FD0 master_wfp=70001FE4 depth=0
redirect seq=000710 caller=QUEST2 WSAVS DIST                 pc=70168717 area_wfp=74003962 argc=4 frame=0 real_wsp=70001FDA shadow_wsp=70001FE4 master_wfp=70001FE4 ret=70166E20 depth=1
redirect seq=000712 caller=QUEST2 WRTN  DIST                 area_wfp=74003962 ret_pc=70168732 real_wsp=70001FD0 (was 7400394E) shadow_wsp=70001FD0 master_wfp=70001FE4 depth=0
redirect seq=000717 caller=QUEST2 WSAVS DIST                 pc=70168717 area_wfp=74003962 argc=4 frame=0 real_wsp=70001FDA shadow_wsp=70001FE4 master_wfp=70001FE4 ret=70166E20 depth=1
redirect seq=000719 caller=QUEST2 WRTN  DIST                 area_wfp=74003962 ret_pc=70168732 real_wsp=70001FD0 (was 7400394E) shadow_wsp=70001FD0 master_wfp=70001FE4 depth=0
redirect seq=000721 caller=QUEST2 WSAVS DIST                 pc=70168717 area_wfp=74003962 argc=4 frame=0 real_wsp=70001FDA shadow_wsp=70001FE4 master_wfp=70001FE4 ret=70166E20 depth=1
redirect seq=000723 caller=QUEST2 WRTN  DIST                 area_wfp=74003962 ret_pc=70168732 real_wsp=70001FD0 (was 7400394E) shadow_wsp=70001FD0 master_wfp=70001FE4 depth=0
redirect seq=000725 caller=QUEST2 WSAVS DIST                 pc=70168717 area_wfp=74003962 argc=4 frame=0 real_wsp=70001FDA shadow_wsp=70001FE4 master_wfp=70001FE4 ret=70166E20 depth=1
redirect seq=000727 caller=QUEST2 WRTN  DIST                 area_wfp=74003962 ret_pc=70168732 real_wsp=70001FD0 (was 7400394E) shadow_wsp=70001FD0 master_wfp=70001FE4 depth=0
redirect seq=000731 caller=QUEST2 WSAVS DIST                 pc=70168717 area_wfp=74003962 argc=4 frame=0 real_wsp=70001FDA shadow_wsp=70001FE4 master_wfp=70001FE4 ret=70166E20 depth=1
redirect seq=000733 caller=QUEST2 WRTN  DIST                 area_wfp=74003962 ret_pc=70168732 real_wsp=70001FD0 (was 7400394E) shadow_wsp=70001FD0 master_wfp=70001FE4 depth=0
redirect seq=000735 caller=QUEST2 WSAVS DIST                 pc=70168717 area_wfp=74003962 argc=4 frame=0 real_wsp=70001FDA shadow_wsp=70001FE4 master_wfp=70001FE4 ret=70166E20 depth=1
redirect seq=000737 caller=QUEST2 WRTN  DIST                 area_wfp=74003962 ret_pc=70168732 real_wsp=70001FD0 (was 7400394E) shadow_wsp=70001FD0 master_wfp=70001FE4 depth=0
redirect seq=000740 caller=QUEST2 WSAVS DIST                 pc=70168717 area_wfp=74003962 argc=4 frame=0 real_wsp=70001FDA shadow_wsp=70001FE4 master_wfp=70001FE4 ret=70166E20 depth=1
redirect seq=000742 caller=QUEST2 WRTN  DIST                 area_wfp=74003962 ret_pc=70168732 real_wsp=70001FD0 (was 7400394E) shadow_wsp=70001FD0 master_wfp=70001FE4 depth=0
redirect seq=000747 caller=QUEST2 WSAVS DIST                 pc=70168717 area_wfp=74003962 argc=4 frame=0 real_wsp=70001FDA shadow_wsp=70001FE4 master_wfp=70001FE4 ret=70166E20 depth=1
redirect seq=000749 caller=QUEST2 WRTN  DIST                 area_wfp=74003962 ret_pc=70168732 real_wsp=70001FD0 (was 7400394E) shadow_wsp=70001FD0 master_wfp=70001FE4 depth=0
redirect seq=000751 caller=QUEST2 WSAVS DIST                 pc=70168717 area_wfp=74003962 argc=4 frame=0 real_wsp=70001FDA shadow_wsp=70001FE4 master_wfp=70001FE4 ret=70166E20 depth=1
redirect seq=000753 caller=QUEST2 WRTN  DIST                 area_wfp=74003962 ret_pc=70168732 real_wsp=70001FD0 (was 7400394E) shadow_wsp=70001FD0 master_wfp=70001FE4 depth=0
redirect seq=000755 caller=QUEST2 WSAVS DIST                 pc=70168717 area_wfp=74003962 argc=4 frame=0 real_wsp=70001FDA shadow_wsp=70001FE4 master_wfp=70001FE4 ret=70166E20 depth=1
redirect seq=000757 caller=QUEST2 WRTN  DIST                 area_wfp=74003962 ret_pc=70168732 real_wsp=70001FD0 (was 7400394E) shadow_wsp=70001FD0 master_wfp=70001FE4 depth=0
redirect seq=000761 caller=QUEST2 WSAVS DIST                 pc=70168717 area_wfp=74003962 argc=4 frame=0 real_wsp=70001FDA shadow_wsp=70001FE4 master_wfp=70001FE4 ret=70166E20 depth=1
redirect seq=000763 caller=QUEST2 WRTN  DIST                 area_wfp=74003962 ret_pc=70168732 real_wsp=70001FD0 (was 7400394E) shadow_wsp=70001FD0 master_wfp=70001FE4 depth=0
redirect seq=000765 caller=QUEST2 WSAVS DIST                 pc=70168717 area_wfp=74003962 argc=4 frame=0 real_wsp=70001FDA shadow_wsp=70001FE4 master_wfp=70001FE4 ret=70166E20 depth=1
redirect seq=000767 caller=QUEST2 WRTN  DIST                 area_wfp=74003962 ret_pc=70168732 real_wsp=70001FD0 (was 7400394E) shadow_wsp=70001FD0 master_wfp=70001FE4 depth=0
redirect seq=000770 caller=QUEST2 WSAVS DIST                 pc=70168717 area_wfp=74003962 argc=4 frame=0 real_wsp=70001FDA shadow_wsp=70001FE4 master_wfp=70001FE4 ret=70166E20 depth=1
redirect seq=000772 caller=QUEST2 WRTN  DIST                 area_wfp=74003962 ret_pc=70168732 real_wsp=70001FD0 (was 7400394E) shadow_wsp=70001FD0 master_wfp=70001FE4 depth=0
redirect seq=000777 caller=QUEST2 WSAVS DIST                 pc=70168717 area_wfp=74003962 argc=4 frame=0 real_wsp=70001FDA shadow_wsp=70001FE4 master_wfp=70001FE4 ret=70166E20 depth=1
redirect seq=000779 caller=QUEST2 WRTN  DIST                 area_wfp=74003962 ret_pc=70168732 real_wsp=70001FD0 (was 7400394E) shadow_wsp=70001FD0 master_wfp=70001FE4 depth=0
redirect seq=000781 caller=QUEST2 WSAVS DIST                 pc=70168717 area_wfp=74003962 argc=4 frame=0 real_wsp=70001FDA shadow_wsp=70001FE4 master_wfp=70001FE4 ret=70166E20 depth=1
redirect seq=000783 caller=QUEST2 WRTN  DIST                 area_wfp=74003962 ret_pc=70168732 real_wsp=70001FD0 (was 7400394E) shadow_wsp=70001FD0 master_wfp=70001FE4 depth=0
redirect seq=000785 caller=QUEST2 WSAVS DIST                 pc=70168717 area_wfp=74003962 argc=4 frame=0 real_wsp=70001FDA shadow_wsp=70001FE4 master_wfp=70001FE4 ret=70166E20 depth=1
redirect seq=000787 caller=QUEST2 WRTN  DIST                 area_wfp=74003962 ret_pc=70168732 real_wsp=70001FD0 (was 7400394E) shadow_wsp=70001FD0 master_wfp=70001FE4 depth=0
redirect seq=000791 caller=QUEST2 WSAVS DIST                 pc=70168717 area_wfp=74003962 argc=4 frame=0 real_wsp=70001FDA shadow_wsp=70001FE4 master_wfp=70001FE4 ret=70166E20 depth=1
redirect seq=000793 caller=QUEST2 WRTN  DIST                 area_wfp=74003962 ret_pc=70168732 real_wsp=70001FD0 (was 7400394E) shadow_wsp=70001FD0 master_wfp=70001FE4 depth=0
redirect seq=000795 caller=QUEST2 WSAVS DIST                 pc=70168717 area_wfp=74003962 argc=4 frame=0 real_wsp=70001FDA shadow_wsp=70001FE4 master_wfp=70001FE4 ret=70166E20 depth=1
redirect seq=000797 caller=QUEST2 WRTN  DIST                 area_wfp=74003962 ret_pc=70168732 real_wsp=70001FD0 (was 7400394E) shadow_wsp=70001FD0 master_wfp=70001FE4 depth=0
redirect seq=000800 caller=QUEST2 WSAVS DIST                 pc=70168717 area_wfp=74003962 argc=4 frame=0 real_wsp=70001FDA shadow_wsp=70001FE4 master_wfp=70001FE4 ret=70166E20 depth=1
redirect seq=000802 caller=QUEST2 WRTN  DIST                 area_wfp=74003962 ret_pc=70168732 real_wsp=70001FD0 (was 7400394E) shadow_wsp=70001FD0 master_wfp=70001FE4 depth=0
redirect seq=000807 caller=QUEST2 WSAVS DIST                 pc=70168717 area_wfp=74003962 argc=4 frame=0 real_wsp=70001FDA shadow_wsp=70001FE4 master_wfp=70001FE4 ret=70166E20 depth=1
redirect seq=000809 caller=QUEST2 WRTN  DIST                 area_wfp=74003962 ret_pc=70168732 real_wsp=70001FD0 (was 7400394E) shadow_wsp=70001FD0 master_wfp=70001FE4 depth=0
redirect seq=000811 caller=QUEST2 WSAVS DIST                 pc=70168717 area_wfp=74003962 argc=4 frame=0 real_wsp=70001FDA shadow_wsp=70001FE4 master_wfp=70001FE4 ret=70166E20 depth=1
redirect seq=000813 caller=QUEST2 WRTN  DIST                 area_wfp=74003962 ret_pc=70168732 real_wsp=70001FD0 (was 7400394E) shadow_wsp=70001FD0 master_wfp=70001FE4 depth=0
redirect seq=000815 caller=QUEST2 WSAVS DIST                 pc=70168717 area_wfp=74003962 argc=4 frame=0 real_wsp=70001FDA shadow_wsp=70001FE4 master_wfp=70001FE4 ret=70166E20 depth=1
redirect seq=000817 caller=QUEST2 WRTN  DIST                 area_wfp=74003962 ret_pc=70168732 real_wsp=70001FD0 (was 7400394E) shadow_wsp=70001FD0 master_wfp=70001FE4 depth=0
redirect seq=000821 caller=QUEST2 WSAVS DIST                 pc=70168717 area_wfp=74003962 argc=4 frame=0 real_wsp=70001FDA shadow_wsp=70001FE4 master_wfp=70001FE4 ret=70166E20 depth=1
redirect seq=000823 caller=QUEST2 WRTN  DIST                 area_wfp=74003962 ret_pc=70168732 real_wsp=70001FD0 (was 7400394E) shadow_wsp=70001FD0 master_wfp=70001FE4 depth=0
redirect seq=000825 caller=QUEST2 WSAVS DIST                 pc=70168717 area_wfp=74003962 argc=4 frame=0 real_wsp=70001FDA shadow_wsp=70001FE4 master_wfp=70001FE4 ret=70166E20 depth=1
redirect seq=000827 caller=QUEST2 WRTN  DIST                 area_wfp=74003962 ret_pc=70168732 real_wsp=70001FD0 (was 7400394E) shadow_wsp=70001FD0 master_wfp=70001FE4 depth=0
redirect seq=000830 caller=QUEST2 WSAVS DIST                 pc=70168717 area_wfp=74003962 argc=4 frame=0 real_wsp=70001FDA shadow_wsp=70001FE4 master_wfp=70001FE4 ret=70166E20 depth=1
redirect seq=000832 caller=QUEST2 WRTN  DIST                 area_wfp=74003962 ret_pc=70168732 real_wsp=70001FD0 (was 7400394E) shadow_wsp=70001FD0 master_wfp=70001FE4 depth=0
redirect seq=000837 caller=QUEST2 WSAVS DIST                 pc=70168717 area_wfp=74003962 argc=4 frame=0 real_wsp=70001FDA shadow_wsp=70001FE4 master_wfp=70001FE4 ret=70166E20 depth=1
redirect seq=000839 caller=QUEST2 WRTN  DIST                 area_wfp=74003962 ret_pc=70168732 real_wsp=70001FD0 (was 7400394E) shadow_wsp=70001FD0 master_wfp=70001FE4 depth=0
redirect seq=000841 caller=QUEST2 WSAVS DIST                 pc=70168717 area_wfp=74003962 argc=4 frame=0 real_wsp=70001FDA shadow_wsp=70001FE4 master_wfp=70001FE4 ret=70166E20 depth=1
redirect seq=000843 caller=QUEST2 WRTN  DIST                 area_wfp=74003962 ret_pc=70168732 real_wsp=70001FD0 (was 7400394E) shadow_wsp=70001FD0 master_wfp=70001FE4 depth=0
redirect seq=000845 caller=QUEST2 WSAVS DIST                 pc=70168717 area_wfp=74003962 argc=4 frame=0 real_wsp=70001FDA shadow_wsp=70001FE4 master_wfp=70001FE4 ret=70166E20 depth=1
redirect seq=000847 caller=QUEST2 WRTN  DIST                 area_wfp=74003962 ret_pc=70168732 real_wsp=70001FD0 (was 7400394E) shadow_wsp=70001FD0 master_wfp=70001FE4 depth=0
redirect seq=000850 caller=QUEST2 WSAVS DIST                 pc=70168717 area_wfp=74003962 argc=4 frame=0 real_wsp=70001FDA shadow_wsp=70001FE4 master_wfp=70001FE4 ret=70166E20 depth=1
redirect seq=000852 caller=QUEST2 WRTN  DIST                 area_wfp=74003962 ret_pc=70168732 real_wsp=70001FD0 (was 7400394E) shadow_wsp=70001FD0 master_wfp=70001FE4 depth=0
redirect seq=000856 caller=QUEST2 WSAVS DIST                 pc=70168717 area_wfp=74003962 argc=4 frame=0 real_wsp=70001FDA shadow_wsp=70001FE4 master_wfp=70001FE4 ret=70166E20 depth=1
redirect seq=000858 caller=QUEST2 WRTN  DIST                 area_wfp=74003962 ret_pc=70168732 real_wsp=70001FD0 (was 7400394E) shadow_wsp=70001FD0 master_wfp=70001FE4 depth=0
redirect seq=000860 caller=QUEST2 WSAVS DIST                 pc=70168717 area_wfp=74003962 argc=4 frame=0 real_wsp=70001FDA shadow_wsp=70001FE4 master_wfp=70001FE4 ret=70166E20 depth=1
redirect seq=000862 caller=QUEST2 WRTN  DIST                 area_wfp=74003962 ret_pc=70168732 real_wsp=70001FD0 (was 7400394E) shadow_wsp=70001FD0 master_wfp=70001FE4 depth=0
redirect seq=000867 caller=QUEST2 WSAVS DIST                 pc=70168717 area_wfp=74003962 argc=4 frame=0 real_wsp=70001FDA shadow_wsp=70001FE4 master_wfp=70001FE4 ret=70166E20 depth=1
redirect seq=000869 caller=QUEST2 WRTN  DIST                 area_wfp=74003962 ret_pc=70168732 real_wsp=70001FD0 (was 7400394E) shadow_wsp=70001FD0 master_wfp=70001FE4 depth=0
redirect seq=000871 caller=QUEST2 WSAVS DIST                 pc=70168717 area_wfp=74003962 argc=4 frame=0 real_wsp=70001FDA shadow_wsp=70001FE4 master_wfp=70001FE4 ret=70166E20 depth=1
redirect seq=000873 caller=QUEST2 WRTN  DIST                 area_wfp=74003962 ret_pc=70168732 real_wsp=70001FD0 (was 7400394E) shadow_wsp=70001FD0 master_wfp=70001FE4 depth=0
redirect seq=000875 caller=QUEST2 WSAVS DIST                 pc=70168717 area_wfp=74003962 argc=4 frame=0 real_wsp=70001FDA shadow_wsp=70001FE4 master_wfp=70001FE4 ret=70166E20 depth=1
redirect seq=000877 caller=QUEST2 WRTN  DIST                 area_wfp=74003962 ret_pc=70168732 real_wsp=70001FD0 (was 7400394E) shadow_wsp=70001FD0 master_wfp=70001FE4 depth=0
redirect seq=000882 caller=QUEST2 WSAVS DIST                 pc=70168717 area_wfp=74003962 argc=4 frame=0 real_wsp=70001FDA shadow_wsp=70001FE4 master_wfp=70001FE4 ret=70166E20 depth=1
redirect seq=000884 caller=QUEST2 WRTN  DIST                 area_wfp=74003962 ret_pc=70168732 real_wsp=70001FD0 (was 7400394E) shadow_wsp=70001FD0 master_wfp=70001FE4 depth=0
redirect seq=000886 caller=QUEST2 WSAVS DIST                 pc=70168717 area_wfp=74003962 argc=4 frame=0 real_wsp=70001FDA shadow_wsp=70001FE4 master_wfp=70001FE4 ret=70166E20 depth=1
redirect seq=000888 caller=QUEST2 WRTN  DIST                 area_wfp=74003962 ret_pc=70168732 real_wsp=70001FD0 (was 7400394E) shadow_wsp=70001FD0 master_wfp=70001FE4 depth=0
redirect seq=000890 caller=QUEST2 WSAVS DIST                 pc=70168717 area_wfp=74003962 argc=4 frame=0 real_wsp=70001FDA shadow_wsp=70001FE4 master_wfp=70001FE4 ret=70166E20 depth=1
redirect seq=000892 caller=QUEST2 WRTN  DIST                 area_wfp=74003962 ret_pc=70168732 real_wsp=70001FD0 (was 7400394E) shadow_wsp=70001FD0 master_wfp=70001FE4 depth=0
redirect seq=000895 caller=QUEST2 WSAVS DIST                 pc=70168717 area_wfp=74003962 argc=4 frame=0 real_wsp=70001FDA shadow_wsp=70001FE4 master_wfp=70001FE4 ret=70166E20 depth=1
redirect seq=000899 caller=QUEST2 WRTN  DIST                 area_wfp=74003962 ret_pc=70168732 real_wsp=70001FD0 (was 7400394E) shadow_wsp=70001FD0 master_wfp=70001FE4 depth=0
redirect seq=000901 caller=QUEST2 WSAVS DIST                 pc=70168717 area_wfp=74003962 argc=4 frame=0 real_wsp=70001FDA shadow_wsp=70001FE4 master_wfp=70001FE4 ret=70166E20 depth=1
redirect seq=000903 caller=QUEST2 WRTN  DIST                 area_wfp=74003962 ret_pc=70168732 real_wsp=70001FD0 (was 7400394E) shadow_wsp=70001FD0 master_wfp=70001FE4 depth=0
redirect seq=000905 caller=QUEST2 WSAVS DIST                 pc=70168717 area_wfp=74003962 argc=4 frame=0 real_wsp=70001FDA shadow_wsp=70001FE4 master_wfp=70001FE4 ret=70166E20 depth=1
redirect seq=000907 caller=QUEST2 WRTN  DIST                 area_wfp=74003962 ret_pc=70168732 real_wsp=70001FD0 (was 7400394E) shadow_wsp=70001FD0 master_wfp=70001FE4 depth=0
redirect seq=000912 caller=QUEST2 WSAVS DIST                 pc=70168717 area_wfp=74003962 argc=4 frame=0 real_wsp=70001FDA shadow_wsp=70001FE4 master_wfp=70001FE4 ret=70166E20 depth=1
redirect seq=000914 caller=QUEST2 WRTN  DIST                 area_wfp=74003962 ret_pc=70168732 real_wsp=70001FD0 (was 7400394E) shadow_wsp=70001FD0 master_wfp=70001FE4 depth=0
redirect seq=000916 caller=QUEST2 WSAVS DIST                 pc=70168717 area_wfp=74003962 argc=4 frame=0 real_wsp=70001FDA shadow_wsp=70001FE4 master_wfp=70001FE4 ret=70166E20 depth=1
redirect seq=000918 caller=QUEST2 WRTN  DIST                 area_wfp=74003962 ret_pc=70168732 real_wsp=70001FD0 (was 7400394E) shadow_wsp=70001FD0 master_wfp=70001FE4 depth=0
redirect seq=000920 caller=QUEST2 WSAVS DIST                 pc=70168717 area_wfp=74003962 argc=4 frame=0 real_wsp=70001FDA shadow_wsp=70001FE4 master_wfp=70001FE4 ret=70166E20 depth=1
redirect seq=000922 caller=QUEST2 WRTN  DIST                 area_wfp=74003962 ret_pc=70168732 real_wsp=70001FD0 (was 7400394E) shadow_wsp=70001FD0 master_wfp=70001FE4 depth=0
redirect seq=000927 caller=QUEST2 WSAVS DIST                 pc=70168717 area_wfp=74003962 argc=4 frame=0 real_wsp=70001FDA shadow_wsp=70001FE4 master_wfp=70001FE4 ret=70166E20 depth=1
redirect seq=000929 caller=QUEST2 WRTN  DIST                 area_wfp=74003962 ret_pc=70168732 real_wsp=70001FD0 (was 7400394E) shadow_wsp=70001FD0 master_wfp=70001FE4 depth=0
redirect seq=000931 caller=QUEST2 WSAVS DIST                 pc=70168717 area_wfp=74003962 argc=4 frame=0 real_wsp=70001FDA shadow_wsp=70001FE4 master_wfp=70001FE4 ret=70166E20 depth=1
redirect seq=000933 caller=QUEST2 WRTN  DIST                 area_wfp=74003962 ret_pc=70168732 real_wsp=70001FD0 (was 7400394E) shadow_wsp=70001FD0 master_wfp=70001FE4 depth=0
redirect seq=000935 caller=QUEST2 WSAVS DIST                 pc=70168717 area_wfp=74003962 argc=4 frame=0 real_wsp=70001FDA shadow_wsp=70001FE4 master_wfp=70001FE4 ret=70166E20 depth=1
redirect seq=000937 caller=QUEST2 WRTN  DIST                 area_wfp=74003962 ret_pc=70168732 real_wsp=70001FD0 (was 7400394E) shadow_wsp=70001FD0 master_wfp=70001FE4 depth=0
redirect seq=000940 caller=QUEST2 WSAVS DIST                 pc=70168717 area_wfp=74003962 argc=4 frame=0 real_wsp=70001FDA shadow_wsp=70001FE4 master_wfp=70001FE4 ret=70166E20 depth=1
redirect seq=000944 caller=QUEST2 WRTN  DIST                 area_wfp=74003962 ret_pc=70168732 real_wsp=70001FD0 (was 7400394E) shadow_wsp=70001FD0 master_wfp=70001FE4 depth=0
redirect seq=000946 caller=QUEST2 WSAVS DIST                 pc=70168717 area_wfp=74003962 argc=4 frame=0 real_wsp=70001FDA shadow_wsp=70001FE4 master_wfp=70001FE4 ret=70166E20 depth=1
redirect seq=000948 caller=QUEST2 WRTN  DIST                 area_wfp=74003962 ret_pc=70168732 real_wsp=70001FD0 (was 7400394E) shadow_wsp=70001FD0 master_wfp=70001FE4 depth=0
redirect seq=000950 caller=QUEST2 WSAVS DIST                 pc=70168717 area_wfp=74003962 argc=4 frame=0 real_wsp=70001FDA shadow_wsp=70001FE4 master_wfp=70001FE4 ret=70166E20 depth=1
redirect seq=000952 caller=QUEST2 WRTN  DIST                 area_wfp=74003962 ret_pc=70168732 real_wsp=70001FD0 (was 7400394E) shadow_wsp=70001FD0 master_wfp=70001FE4 depth=0
redirect seq=000956 caller=QUEST2 WSAVS DIST                 pc=70168717 area_wfp=74003962 argc=4 frame=0 real_wsp=70001FDA shadow_wsp=70001FE4 master_wfp=70001FE4 ret=70166E20 depth=1
redirect seq=000958 caller=QUEST2 WRTN  DIST                 area_wfp=74003962 ret_pc=70168732 real_wsp=70001FD0 (was 7400394E) shadow_wsp=70001FD0 master_wfp=70001FE4 depth=0
redirect seq=000960 caller=QUEST2 WSAVS DIST                 pc=70168717 area_wfp=74003962 argc=4 frame=0 real_wsp=70001FDA shadow_wsp=70001FE4 master_wfp=70001FE4 ret=70166E20 depth=1
redirect seq=000962 caller=QUEST2 WRTN  DIST                 area_wfp=74003962 ret_pc=70168732 real_wsp=70001FD0 (was 7400394E) shadow_wsp=70001FD0 master_wfp=70001FE4 depth=0
redirect seq=000965 caller=QUEST2 WSAVS DIST                 pc=70168717 area_wfp=74003962 argc=4 frame=0 real_wsp=70001FDA shadow_wsp=70001FE4 master_wfp=70001FE4 ret=70166E20 depth=1
redirect seq=000967 caller=QUEST2 WRTN  DIST                 area_wfp=74003962 ret_pc=70168732 real_wsp=70001FD0 (was 7400394E) shadow_wsp=70001FD0 master_wfp=70001FE4 depth=0
redirect seq=000972 caller=QUEST2 WSAVS DIST                 pc=70168717 area_wfp=74003962 argc=4 frame=0 real_wsp=70001FDA shadow_wsp=70001FE4 master_wfp=70001FE4 ret=70166E20 depth=1
redirect seq=000974 caller=QUEST2 WRTN  DIST                 area_wfp=74003962 ret_pc=70168732 real_wsp=70001FD0 (was 7400394E) shadow_wsp=70001FD0 master_wfp=70001FE4 depth=0
redirect seq=000976 caller=QUEST2 WSAVS DIST                 pc=70168717 area_wfp=74003962 argc=4 frame=0 real_wsp=70001FDA shadow_wsp=70001FE4 master_wfp=70001FE4 ret=70166E20 depth=1
redirect seq=000978 caller=QUEST2 WRTN  DIST                 area_wfp=74003962 ret_pc=70168732 real_wsp=70001FD0 (was 7400394E) shadow_wsp=70001FD0 master_wfp=70001FE4 depth=0
redirect seq=000980 caller=QUEST2 WSAVS DIST                 pc=70168717 area_wfp=74003962 argc=4 frame=0 real_wsp=70001FDA shadow_wsp=70001FE4 master_wfp=70001FE4 ret=70166E20 depth=1
redirect seq=000982 caller=QUEST2 WRTN  DIST                 area_wfp=74003962 ret_pc=70168732 real_wsp=70001FD0 (was 7400394E) shadow_wsp=70001FD0 master_wfp=70001FE4 depth=0
redirect seq=000987 caller=QUEST2 WSAVS DIST                 pc=70168717 area_wfp=74003962 argc=4 frame=0 real_wsp=70001FDA shadow_wsp=70001FE4 master_wfp=70001FE4 ret=70166E20 depth=1
redirect seq=000989 caller=QUEST2 WRTN  DIST                 area_wfp=74003962 ret_pc=70168732 real_wsp=70001FD0 (was 7400394E) shadow_wsp=70001FD0 master_wfp=70001FE4 depth=0
redirect seq=000991 caller=QUEST2 WSAVS DIST                 pc=70168717 area_wfp=74003962 argc=4 frame=0 real_wsp=70001FDA shadow_wsp=70001FE4 master_wfp=70001FE4 ret=70166E20 depth=1
redirect seq=000993 caller=QUEST2 WRTN  DIST                 area_wfp=74003962 ret_pc=70168732 real_wsp=70001FD0 (was 7400394E) shadow_wsp=70001FD0 master_wfp=70001FE4 depth=0
redirect seq=000995 caller=QUEST2 WSAVS DIST                 pc=70168717 area_wfp=74003962 argc=4 frame=0 real_wsp=70001FDA shadow_wsp=70001FE4 master_wfp=70001FE4 ret=70166E20 depth=1
redirect seq=000997 caller=QUEST2 WRTN  DIST                 area_wfp=74003962 ret_pc=70168732 real_wsp=70001FD0 (was 7400394E) shadow_wsp=70001FD0 master_wfp=70001FE4 depth=0
redirect seq=001002 caller=QUEST2 WSAVS DIST                 pc=70168717 area_wfp=74003962 argc=4 frame=0 real_wsp=70001FDA shadow_wsp=70001FE4 master_wfp=70001FE4 ret=70166E20 depth=1
redirect seq=001004 caller=QUEST2 WRTN  DIST                 area_wfp=74003962 ret_pc=70168732 real_wsp=70001FD0 (was 7400394E) shadow_wsp=70001FD0 master_wfp=70001FE4 depth=0
redirect seq=001006 caller=QUEST2 WSAVS DIST                 pc=70168717 area_wfp=74003962 argc=4 frame=0 real_wsp=70001FDA shadow_wsp=70001FE4 master_wfp=70001FE4 ret=70166E20 depth=1
redirect seq=001008 caller=QUEST2 WRTN  DIST                 area_wfp=74003962 ret_pc=70168732 real_wsp=70001FD0 (was 7400394E) shadow_wsp=70001FD0 master_wfp=70001FE4 depth=0
redirect seq=001010 caller=QUEST2 WSAVS DIST                 pc=70168717 area_wfp=74003962 argc=4 frame=0 real_wsp=70001FDA shadow_wsp=70001FE4 master_wfp=70001FE4 ret=70166E20 depth=1
redirect seq=001012 caller=QUEST2 WRTN  DIST                 area_wfp=74003962 ret_pc=70168732 real_wsp=70001FD0 (was 7400394E) shadow_wsp=70001FD0 master_wfp=70001FE4 depth=0
redirect seq=001017 caller=QUEST2 WSAVS DIST                 pc=70168717 area_wfp=74003962 argc=4 frame=0 real_wsp=70001FDA shadow_wsp=70001FE4 master_wfp=70001FE4 ret=70166E20 depth=1
redirect seq=001019 caller=QUEST2 WRTN  DIST                 area_wfp=74003962 ret_pc=70168732 real_wsp=70001FD0 (was 7400394E) shadow_wsp=70001FD0 master_wfp=70001FE4 depth=0
redirect seq=001021 caller=QUEST2 WSAVS DIST                 pc=70168717 area_wfp=74003962 argc=4 frame=0 real_wsp=70001FDA shadow_wsp=70001FE4 master_wfp=70001FE4 ret=70166E20 depth=1
redirect seq=001023 caller=QUEST2 WRTN  DIST                 area_wfp=74003962 ret_pc=70168732 real_wsp=70001FD0 (was 7400394E) shadow_wsp=70001FD0 master_wfp=70001FE4 depth=0
redirect seq=001025 caller=QUEST2 WSAVS DIST                 pc=70168717 area_wfp=74003962 argc=4 frame=0 real_wsp=70001FDA shadow_wsp=70001FE4 master_wfp=70001FE4 ret=70166E20 depth=1
redirect seq=001027 caller=QUEST2 WRTN  DIST                 area_wfp=74003962 ret_pc=70168732 real_wsp=70001FD0 (was 7400394E) shadow_wsp=70001FD0 master_wfp=70001FE4 depth=0
redirect seq=001031 caller=QUEST2 WSAVS DIST                 pc=70168717 area_wfp=74003962 argc=4 frame=0 real_wsp=70001FDA shadow_wsp=70001FE4 master_wfp=70001FE4 ret=70166E20 depth=1
redirect seq=001033 caller=QUEST2 WRTN  DIST                 area_wfp=74003962 ret_pc=70168732 real_wsp=70001FD0 (was 7400394E) shadow_wsp=70001FD0 master_wfp=70001FE4 depth=0
redirect seq=001035 caller=QUEST2 WSAVS DIST                 pc=70168717 area_wfp=74003962 argc=4 frame=0 real_wsp=70001FDA shadow_wsp=70001FE4 master_wfp=70001FE4 ret=70166E20 depth=1
redirect seq=001038 caller=QUEST2 WRTN  DIST                 area_wfp=74003962 ret_pc=70168732 real_wsp=70001FD0 (was 7400394E) shadow_wsp=70001FD0 master_wfp=70001FE4 depth=0
redirect seq=001040 caller=QUEST2 WSAVS DIST                 pc=70168717 area_wfp=74003962 argc=4 frame=0 real_wsp=70001FDA shadow_wsp=70001FE4 master_wfp=70001FE4 ret=70166E20 depth=1
redirect seq=001042 caller=QUEST2 WRTN  DIST                 area_wfp=74003962 ret_pc=70168732 real_wsp=70001FD0 (was 7400394E) shadow_wsp=70001FD0 master_wfp=70001FE4 depth=0
redirect seq=001047 caller=QUEST2 WSAVS DIST                 pc=70168717 area_wfp=74003962 argc=4 frame=0 real_wsp=70001FDA shadow_wsp=70001FE4 master_wfp=70001FE4 ret=70166E20 depth=1
redirect seq=001049 caller=QUEST2 WRTN  DIST                 area_wfp=74003962 ret_pc=70168732 real_wsp=70001FD0 (was 7400394E) shadow_wsp=70001FD0 master_wfp=70001FE4 depth=0
redirect seq=001051 caller=QUEST2 WSAVS DIST                 pc=70168717 area_wfp=74003962 argc=4 frame=0 real_wsp=70001FDA shadow_wsp=70001FE4 master_wfp=70001FE4 ret=70166E20 depth=1
redirect seq=001053 caller=QUEST2 WRTN  DIST                 area_wfp=74003962 ret_pc=70168732 real_wsp=70001FD0 (was 7400394E) shadow_wsp=70001FD0 master_wfp=70001FE4 depth=0
redirect seq=001055 caller=QUEST2 WSAVS DIST                 pc=70168717 area_wfp=74003962 argc=4 frame=0 real_wsp=70001FDA shadow_wsp=70001FE4 master_wfp=70001FE4 ret=70166E20 depth=1
redirect seq=001057 caller=QUEST2 WRTN  DIST                 area_wfp=74003962 ret_pc=70168732 real_wsp=70001FD0 (was 7400394E) shadow_wsp=70001FD0 master_wfp=70001FE4 depth=0
redirect seq=001062 caller=QUEST2 WSAVS DIST                 pc=70168717 area_wfp=74003962 argc=4 frame=0 real_wsp=70001FDA shadow_wsp=70001FE4 master_wfp=70001FE4 ret=70166E20 depth=1
redirect seq=001064 caller=QUEST2 WRTN  DIST                 area_wfp=74003962 ret_pc=70168732 real_wsp=70001FD0 (was 7400394E) shadow_wsp=70001FD0 master_wfp=70001FE4 depth=0
redirect seq=001066 caller=QUEST2 WSAVS DIST                 pc=70168717 area_wfp=74003962 argc=4 frame=0 real_wsp=70001FDA shadow_wsp=70001FE4 master_wfp=70001FE4 ret=70166E20 depth=1
redirect seq=001068 caller=QUEST2 WRTN  DIST                 area_wfp=74003962 ret_pc=70168732 real_wsp=70001FD0 (was 7400394E) shadow_wsp=70001FD0 master_wfp=70001FE4 depth=0
redirect seq=001070 caller=QUEST2 WSAVS DIST                 pc=70168717 area_wfp=74003962 argc=4 frame=0 real_wsp=70001FDA shadow_wsp=70001FE4 master_wfp=70001FE4 ret=70166E20 depth=1
redirect seq=001072 caller=QUEST2 WRTN  DIST                 area_wfp=74003962 ret_pc=70168732 real_wsp=70001FD0 (was 7400394E) shadow_wsp=70001FD0 master_wfp=70001FE4 depth=0
redirect seq=001076 caller=QUEST2 WSAVS DIST                 pc=70168717 area_wfp=74003962 argc=4 frame=0 real_wsp=70001FDA shadow_wsp=70001FE4 master_wfp=70001FE4 ret=70166E20 depth=1
redirect seq=001078 caller=QUEST2 WRTN  DIST                 area_wfp=74003962 ret_pc=70168732 real_wsp=70001FD0 (was 7400394E) shadow_wsp=70001FD0 master_wfp=70001FE4 depth=0
redirect seq=001080 caller=QUEST2 WSAVS DIST                 pc=70168717 area_wfp=74003962 argc=4 frame=0 real_wsp=70001FDA shadow_wsp=70001FE4 master_wfp=70001FE4 ret=70166E20 depth=1
redirect seq=001082 caller=QUEST2 WRTN  DIST                 area_wfp=74003962 ret_pc=70168732 real_wsp=70001FD0 (was 7400394E) shadow_wsp=70001FD0 master_wfp=70001FE4 depth=0
redirect seq=001085 caller=QUEST2 WSAVS DIST                 pc=70168717 area_wfp=74003962 argc=4 frame=0 real_wsp=70001FDA shadow_wsp=70001FE4 master_wfp=70001FE4 ret=70166E20 depth=1
redirect seq=001087 caller=QUEST2 WRTN  DIST                 area_wfp=74003962 ret_pc=70168732 real_wsp=70001FD0 (was 7400394E) shadow_wsp=70001FD0 master_wfp=70001FE4 depth=0
redirect seq=001092 caller=QUEST2 WSAVS DIST                 pc=70168717 area_wfp=74003962 argc=4 frame=0 real_wsp=70001FDA shadow_wsp=70001FE4 master_wfp=70001FE4 ret=70166E20 depth=1
redirect seq=001094 caller=QUEST2 WRTN  DIST                 area_wfp=74003962 ret_pc=70168732 real_wsp=70001FD0 (was 7400394E) shadow_wsp=70001FD0 master_wfp=70001FE4 depth=0
redirect seq=001096 caller=QUEST2 WSAVS DIST                 pc=70168717 area_wfp=74003962 argc=4 frame=0 real_wsp=70001FDA shadow_wsp=70001FE4 master_wfp=70001FE4 ret=70166E20 depth=1
redirect seq=001098 caller=QUEST2 WRTN  DIST                 area_wfp=74003962 ret_pc=70168732 real_wsp=70001FD0 (was 7400394E) shadow_wsp=70001FD0 master_wfp=70001FE4 depth=0
redirect seq=001100 caller=QUEST2 WSAVS DIST                 pc=70168717 area_wfp=74003962 argc=4 frame=0 real_wsp=70001FDA shadow_wsp=70001FE4 master_wfp=70001FE4 ret=70166E20 depth=1
redirect seq=001102 caller=QUEST2 WRTN  DIST                 area_wfp=74003962 ret_pc=70168732 real_wsp=70001FD0 (was 7400394E) shadow_wsp=70001FD0 master_wfp=70001FE4 depth=0
redirect seq=001105 caller=QUEST2 WSAVS DIST                 pc=70168717 area_wfp=74003962 argc=4 frame=0 real_wsp=70001FDA shadow_wsp=70001FE4 master_wfp=70001FE4 ret=70166E20 depth=1
redirect seq=001107 caller=QUEST2 WRTN  DIST                 area_wfp=74003962 ret_pc=70168732 real_wsp=70001FD0 (was 7400394E) shadow_wsp=70001FD0 master_wfp=70001FE4 depth=0
redirect seq=001111 caller=QUEST2 WSAVS DIST                 pc=70168717 area_wfp=74003962 argc=4 frame=0 real_wsp=70001FDA shadow_wsp=70001FE4 master_wfp=70001FE4 ret=70166E20 depth=1
redirect seq=001113 caller=QUEST2 WRTN  DIST                 area_wfp=74003962 ret_pc=70168732 real_wsp=70001FD0 (was 7400394E) shadow_wsp=70001FD0 master_wfp=70001FE4 depth=0
redirect seq=001115 caller=QUEST2 WSAVS DIST                 pc=70168717 area_wfp=74003962 argc=4 frame=0 real_wsp=70001FDA shadow_wsp=70001FE4 master_wfp=70001FE4 ret=70166E20 depth=1
redirect seq=001117 caller=QUEST2 WRTN  DIST                 area_wfp=74003962 ret_pc=70168732 real_wsp=70001FD0 (was 7400394E) shadow_wsp=70001FD0 master_wfp=70001FE4 depth=0
redirect seq=001122 caller=QUEST2 WSAVS DIST                 pc=70168717 area_wfp=74003962 argc=4 frame=0 real_wsp=70001FDA shadow_wsp=70001FE4 master_wfp=70001FE4 ret=70166E20 depth=1
redirect seq=001124 caller=QUEST2 WRTN  DIST                 area_wfp=74003962 ret_pc=70168732 real_wsp=70001FD0 (was 7400394E) shadow_wsp=70001FD0 master_wfp=70001FE4 depth=0
redirect seq=001126 caller=QUEST2 WSAVS DIST                 pc=70168717 area_wfp=74003962 argc=4 frame=0 real_wsp=70001FDA shadow_wsp=70001FE4 master_wfp=70001FE4 ret=70166E20 depth=1
redirect seq=001128 caller=QUEST2 WRTN  DIST                 area_wfp=74003962 ret_pc=70168732 real_wsp=70001FD0 (was 7400394E) shadow_wsp=70001FD0 master_wfp=70001FE4 depth=0
redirect seq=001130 caller=QUEST2 WSAVS DIST                 pc=70168717 area_wfp=74003962 argc=4 frame=0 real_wsp=70001FDA shadow_wsp=70001FE4 master_wfp=70001FE4 ret=70166E20 depth=1
redirect seq=001132 caller=QUEST2 WRTN  DIST                 area_wfp=74003962 ret_pc=70168732 real_wsp=70001FD0 (was 7400394E) shadow_wsp=70001FD0 master_wfp=70001FE4 depth=0
redirect seq=001137 caller=QUEST2 WSAVS DIST                 pc=70168717 area_wfp=74003962 argc=4 frame=0 real_wsp=70001FDA shadow_wsp=70001FE4 master_wfp=70001FE4 ret=70166E20 depth=1
redirect seq=001139 caller=QUEST2 WRTN  DIST                 area_wfp=74003962 ret_pc=70168732 real_wsp=70001FD0 (was 7400394E) shadow_wsp=70001FD0 master_wfp=70001FE4 depth=0
redirect seq=001141 caller=QUEST2 WSAVS DIST                 pc=70168717 area_wfp=74003962 argc=4 frame=0 real_wsp=70001FDA shadow_wsp=70001FE4 master_wfp=70001FE4 ret=70166E20 depth=1
redirect seq=001143 caller=QUEST2 WRTN  DIST                 area_wfp=74003962 ret_pc=70168732 real_wsp=70001FD0 (was 7400394E) shadow_wsp=70001FD0 master_wfp=70001FE4 depth=0
redirect seq=001145 caller=QUEST2 WSAVS DIST                 pc=70168717 area_wfp=74003962 argc=4 frame=0 real_wsp=70001FDA shadow_wsp=70001FE4 master_wfp=70001FE4 ret=70166E20 depth=1
redirect seq=001147 caller=QUEST2 WRTN  DIST                 area_wfp=74003962 ret_pc=70168732 real_wsp=70001FD0 (was 7400394E) shadow_wsp=70001FD0 master_wfp=70001FE4 depth=0
redirect seq=001151 caller=QUEST2 WSAVS DIST                 pc=70168717 area_wfp=74003962 argc=4 frame=0 real_wsp=70001FDA shadow_wsp=70001FE4 master_wfp=70001FE4 ret=70166E20 depth=1
redirect seq=001153 caller=QUEST2 WRTN  DIST                 area_wfp=74003962 ret_pc=70168732 real_wsp=70001FD0 (was 7400394E) shadow_wsp=70001FD0 master_wfp=70001FE4 depth=0
redirect seq=001155 caller=QUEST2 WSAVS DIST                 pc=70168717 area_wfp=74003962 argc=4 frame=0 real_wsp=70001FDA shadow_wsp=70001FE4 master_wfp=70001FE4 ret=70166E20 depth=1
redirect seq=001158 caller=QUEST2 WRTN  DIST                 area_wfp=74003962 ret_pc=70168732 real_wsp=70001FD0 (was 7400394E) shadow_wsp=70001FD0 master_wfp=70001FE4 depth=0
redirect seq=001160 caller=QUEST2 WSAVS DIST                 pc=70168717 area_wfp=74003962 argc=4 frame=0 real_wsp=70001FDA shadow_wsp=70001FE4 master_wfp=70001FE4 ret=70166E20 depth=1
redirect seq=001162 caller=QUEST2 WRTN  DIST                 area_wfp=74003962 ret_pc=70168732 real_wsp=70001FD0 (was 7400394E) shadow_wsp=70001FD0 master_wfp=70001FE4 depth=0
redirect seq=001167 caller=QUEST2 WSAVS DIST                 pc=70168717 area_wfp=74003962 argc=4 frame=0 real_wsp=70001FDA shadow_wsp=70001FE4 master_wfp=70001FE4 ret=70166E20 depth=1
redirect seq=001169 caller=QUEST2 WRTN  DIST                 area_wfp=74003962 ret_pc=70168732 real_wsp=70001FD0 (was 7400394E) shadow_wsp=70001FD0 master_wfp=70001FE4 depth=0
redirect seq=001171 caller=QUEST2 WSAVS DIST                 pc=70168717 area_wfp=74003962 argc=4 frame=0 real_wsp=70001FDA shadow_wsp=70001FE4 master_wfp=70001FE4 ret=70166E20 depth=1
redirect seq=001173 caller=QUEST2 WRTN  DIST                 area_wfp=74003962 ret_pc=70168732 real_wsp=70001FD0 (was 7400394E) shadow_wsp=70001FD0 master_wfp=70001FE4 depth=0
redirect seq=001175 caller=QUEST2 WSAVS DIST                 pc=70168717 area_wfp=74003962 argc=4 frame=0 real_wsp=70001FDA shadow_wsp=70001FE4 master_wfp=70001FE4 ret=70166E20 depth=1
redirect seq=001177 caller=QUEST2 WRTN  DIST                 area_wfp=74003962 ret_pc=70168732 real_wsp=70001FD0 (was 7400394E) shadow_wsp=70001FD0 master_wfp=70001FE4 depth=0
redirect seq=001180 caller=QUEST2 WSAVS DIST                 pc=70168717 area_wfp=74003962 argc=4 frame=0 real_wsp=70001FDA shadow_wsp=70001FE4 master_wfp=70001FE4 ret=70166E20 depth=1
redirect seq=001184 caller=QUEST2 WRTN  DIST                 area_wfp=74003962 ret_pc=70168732 real_wsp=70001FD0 (was 7400394E) shadow_wsp=70001FD0 master_wfp=70001FE4 depth=0
redirect seq=001186 caller=QUEST2 WSAVS DIST                 pc=70168717 area_wfp=74003962 argc=4 frame=0 real_wsp=70001FDA shadow_wsp=70001FE4 master_wfp=70001FE4 ret=70166E20 depth=1
redirect seq=001188 caller=QUEST2 WRTN  DIST                 area_wfp=74003962 ret_pc=70168732 real_wsp=70001FD0 (was 7400394E) shadow_wsp=70001FD0 master_wfp=70001FE4 depth=0
redirect seq=001190 caller=QUEST2 WSAVS DIST                 pc=70168717 area_wfp=74003962 argc=4 frame=0 real_wsp=70001FDA shadow_wsp=70001FE4 master_wfp=70001FE4 ret=70166E20 depth=1
redirect seq=001192 caller=QUEST2 WRTN  DIST                 area_wfp=74003962 ret_pc=70168732 real_wsp=70001FD0 (was 7400394E) shadow_wsp=70001FD0 master_wfp=70001FE4 depth=0
redirect seq=001196 caller=QUEST2 WSAVS DIST                 pc=70168717 area_wfp=74003962 argc=4 frame=0 real_wsp=70001FDA shadow_wsp=70001FE4 master_wfp=70001FE4 ret=70166E20 depth=1
redirect seq=001198 caller=QUEST2 WRTN  DIST                 area_wfp=74003962 ret_pc=70168732 real_wsp=70001FD0 (was 7400394E) shadow_wsp=70001FD0 master_wfp=70001FE4 depth=0
redirect seq=001200 caller=QUEST2 WSAVS DIST                 pc=70168717 area_wfp=74003962 argc=4 frame=0 real_wsp=70001FDA shadow_wsp=70001FE4 master_wfp=70001FE4 ret=70166E20 depth=1
redirect seq=001202 caller=QUEST2 WRTN  DIST                 area_wfp=74003962 ret_pc=70168732 real_wsp=70001FD0 (was 7400394E) shadow_wsp=70001FD0 master_wfp=70001FE4 depth=0
redirect seq=001205 caller=QUEST2 WSAVS DIST                 pc=70168717 area_wfp=74003962 argc=4 frame=0 real_wsp=70001FDA shadow_wsp=70001FE4 master_wfp=70001FE4 ret=70166E20 depth=1
redirect seq=001207 caller=QUEST2 WRTN  DIST                 area_wfp=74003962 ret_pc=70168732 real_wsp=70001FD0 (was 7400394E) shadow_wsp=70001FD0 master_wfp=70001FE4 depth=0
redirect seq=001212 caller=QUEST2 WSAVS DIST                 pc=70168717 area_wfp=74003962 argc=4 frame=0 real_wsp=70001FDA shadow_wsp=70001FE4 master_wfp=70001FE4 ret=70166E20 depth=1
redirect seq=001214 caller=QUEST2 WRTN  DIST                 area_wfp=74003962 ret_pc=70168732 real_wsp=70001FD0 (was 7400394E) shadow_wsp=70001FD0 master_wfp=70001FE4 depth=0
redirect seq=001216 caller=QUEST2 WSAVS DIST                 pc=70168717 area_wfp=74003962 argc=4 frame=0 real_wsp=70001FDA shadow_wsp=70001FE4 master_wfp=70001FE4 ret=70166E20 depth=1
redirect seq=001218 caller=QUEST2 WRTN  DIST                 area_wfp=74003962 ret_pc=70168732 real_wsp=70001FD0 (was 7400394E) shadow_wsp=70001FD0 master_wfp=70001FE4 depth=0
redirect seq=001220 caller=QUEST2 WSAVS DIST                 pc=70168717 area_wfp=74003962 argc=4 frame=0 real_wsp=70001FDA shadow_wsp=70001FE4 master_wfp=70001FE4 ret=70166E20 depth=1
redirect seq=001222 caller=QUEST2 WRTN  DIST                 area_wfp=74003962 ret_pc=70168732 real_wsp=70001FD0 (was 7400394E) shadow_wsp=70001FD0 master_wfp=70001FE4 depth=0
redirect seq=001227 caller=QUEST2 WSAVS DIST                 pc=70168717 area_wfp=74003962 argc=4 frame=0 real_wsp=70001FDA shadow_wsp=70001FE4 master_wfp=70001FE4 ret=70166E20 depth=1
redirect seq=001229 caller=QUEST2 WRTN  DIST                 area_wfp=74003962 ret_pc=70168732 real_wsp=70001FD0 (was 7400394E) shadow_wsp=70001FD0 master_wfp=70001FE4 depth=0
redirect seq=001231 caller=QUEST2 WSAVS DIST                 pc=70168717 area_wfp=74003962 argc=4 frame=0 real_wsp=70001FDA shadow_wsp=70001FE4 master_wfp=70001FE4 ret=70166E20 depth=1
redirect seq=001233 caller=QUEST2 WRTN  DIST                 area_wfp=74003962 ret_pc=70168732 real_wsp=70001FD0 (was 7400394E) shadow_wsp=70001FD0 master_wfp=70001FE4 depth=0
redirect seq=001235 caller=QUEST2 WSAVS DIST                 pc=70168717 area_wfp=74003962 argc=4 frame=0 real_wsp=70001FDA shadow_wsp=70001FE4 master_wfp=70001FE4 ret=70166E20 depth=1
redirect seq=001237 caller=QUEST2 WRTN  DIST                 area_wfp=74003962 ret_pc=70168732 real_wsp=70001FD0 (was 7400394E) shadow_wsp=70001FD0 master_wfp=70001FE4 depth=0
redirect seq=001241 caller=QUEST2 WSAVS DIST                 pc=70168717 area_wfp=74003962 argc=4 frame=0 real_wsp=70001FDA shadow_wsp=70001FE4 master_wfp=70001FE4 ret=70166E20 depth=1
redirect seq=001243 caller=QUEST2 WRTN  DIST                 area_wfp=74003962 ret_pc=70168732 real_wsp=70001FD0 (was 7400394E) shadow_wsp=70001FD0 master_wfp=70001FE4 depth=0
redirect seq=001245 caller=QUEST2 WSAVS DIST                 pc=70168717 area_wfp=74003962 argc=4 frame=0 real_wsp=70001FDA shadow_wsp=70001FE4 master_wfp=70001FE4 ret=70166E20 depth=1
redirect seq=001248 caller=QUEST2 WRTN  DIST                 area_wfp=74003962 ret_pc=70168732 real_wsp=70001FD0 (was 7400394E) shadow_wsp=70001FD0 master_wfp=70001FE4 depth=0
redirect seq=001250 caller=QUEST2 WSAVS DIST                 pc=70168717 area_wfp=74003962 argc=4 frame=0 real_wsp=70001FDA shadow_wsp=70001FE4 master_wfp=70001FE4 ret=70166E20 depth=1
redirect seq=001252 caller=QUEST2 WRTN  DIST                 area_wfp=74003962 ret_pc=70168732 real_wsp=70001FD0 (was 7400394E) shadow_wsp=70001FD0 master_wfp=70001FE4 depth=0
redirect seq=001257 caller=QUEST2 WSAVS DIST                 pc=70168717 area_wfp=74003962 argc=4 frame=0 real_wsp=70001FDA shadow_wsp=70001FE4 master_wfp=70001FE4 ret=70166E20 depth=1
redirect seq=001259 caller=QUEST2 WRTN  DIST                 area_wfp=74003962 ret_pc=70168732 real_wsp=70001FD0 (was 7400394E) shadow_wsp=70001FD0 master_wfp=70001FE4 depth=0
redirect seq=001261 caller=QUEST2 WSAVS DIST                 pc=70168717 area_wfp=74003962 argc=4 frame=0 real_wsp=70001FDA shadow_wsp=70001FE4 master_wfp=70001FE4 ret=70166E20 depth=1
redirect seq=001263 caller=QUEST2 WRTN  DIST                 area_wfp=74003962 ret_pc=70168732 real_wsp=70001FD0 (was 7400394E) shadow_wsp=70001FD0 master_wfp=70001FE4 depth=0
redirect seq=001265 caller=QUEST2 WSAVS DIST                 pc=70168717 area_wfp=74003962 argc=4 frame=0 real_wsp=70001FDA shadow_wsp=70001FE4 master_wfp=70001FE4 ret=70166E20 depth=1
redirect seq=001267 caller=QUEST2 WRTN  DIST                 area_wfp=74003962 ret_pc=70168732 real_wsp=70001FD0 (was 7400394E) shadow_wsp=70001FD0 master_wfp=70001FE4 depth=0
redirect seq=001270 caller=QUEST2 WSAVS DIST                 pc=70168717 area_wfp=74003962 argc=4 frame=0 real_wsp=70001FDA shadow_wsp=70001FE4 master_wfp=70001FE4 ret=70166E20 depth=1
redirect seq=001272 caller=QUEST2 WRTN  DIST                 area_wfp=74003962 ret_pc=70168732 real_wsp=70001FD0 (was 7400394E) shadow_wsp=70001FD0 master_wfp=70001FE4 depth=0
redirect seq=001276 caller=QUEST2 WSAVS DIST                 pc=70168717 area_wfp=74003962 argc=4 frame=0 real_wsp=70001FDA shadow_wsp=70001FE4 master_wfp=70001FE4 ret=70166E20 depth=1
redirect seq=001278 caller=QUEST2 WRTN  DIST                 area_wfp=74003962 ret_pc=70168732 real_wsp=70001FD0 (was 7400394E) shadow_wsp=70001FD0 master_wfp=70001FE4 depth=0
redirect seq=001280 caller=QUEST2 WSAVS DIST                 pc=70168717 area_wfp=74003962 argc=4 frame=0 real_wsp=70001FDA shadow_wsp=70001FE4 master_wfp=70001FE4 ret=70166E20 depth=1
redirect seq=001282 caller=QUEST2 WRTN  DIST                 area_wfp=74003962 ret_pc=70168732 real_wsp=70001FD0 (was 7400394E) shadow_wsp=70001FD0 master_wfp=70001FE4 depth=0
redirect seq=001287 caller=QUEST2 WSAVS DIST                 pc=70168717 area_wfp=74003962 argc=4 frame=0 real_wsp=70001FDA shadow_wsp=70001FE4 master_wfp=70001FE4 ret=70166E20 depth=1
redirect seq=001289 caller=QUEST2 WRTN  DIST                 area_wfp=74003962 ret_pc=70168732 real_wsp=70001FD0 (was 7400394E) shadow_wsp=70001FD0 master_wfp=70001FE4 depth=0
redirect seq=001291 caller=QUEST2 WSAVS DIST                 pc=70168717 area_wfp=74003962 argc=4 frame=0 real_wsp=70001FDA shadow_wsp=70001FE4 master_wfp=70001FE4 ret=70166E20 depth=1
redirect seq=001293 caller=QUEST2 WRTN  DIST                 area_wfp=74003962 ret_pc=70168732 real_wsp=70001FD0 (was 7400394E) shadow_wsp=70001FD0 master_wfp=70001FE4 depth=0
redirect seq=001295 caller=QUEST2 WSAVS DIST                 pc=70168717 area_wfp=74003962 argc=4 frame=0 real_wsp=70001FDA shadow_wsp=70001FE4 master_wfp=70001FE4 ret=70166E20 depth=1
redirect seq=001297 caller=QUEST2 WRTN  DIST                 area_wfp=74003962 ret_pc=70168732 real_wsp=70001FD0 (was 7400394E) shadow_wsp=70001FD0 master_wfp=70001FE4 depth=0
redirect seq=001302 caller=QUEST2 WSAVS DIST                 pc=70168717 area_wfp=74003962 argc=4 frame=0 real_wsp=70001FDA shadow_wsp=70001FE4 master_wfp=70001FE4 ret=70166E20 depth=1
redirect seq=001304 caller=QUEST2 WRTN  DIST                 area_wfp=74003962 ret_pc=70168732 real_wsp=70001FD0 (was 7400394E) shadow_wsp=70001FD0 master_wfp=70001FE4 depth=0
redirect seq=001306 caller=QUEST2 WSAVS DIST                 pc=70168717 area_wfp=74003962 argc=4 frame=0 real_wsp=70001FDA shadow_wsp=70001FE4 master_wfp=70001FE4 ret=70166E20 depth=1
redirect seq=001308 caller=QUEST2 WRTN  DIST                 area_wfp=74003962 ret_pc=70168732 real_wsp=70001FD0 (was 7400394E) shadow_wsp=70001FD0 master_wfp=70001FE4 depth=0
redirect seq=001310 caller=QUEST2 WSAVS DIST                 pc=70168717 area_wfp=74003962 argc=4 frame=0 real_wsp=70001FDA shadow_wsp=70001FE4 master_wfp=70001FE4 ret=70166E20 depth=1
redirect seq=001312 caller=QUEST2 WRTN  DIST                 area_wfp=74003962 ret_pc=70168732 real_wsp=70001FD0 (was 7400394E) shadow_wsp=70001FD0 master_wfp=70001FE4 depth=0
redirect seq=001316 caller=QUEST2 WSAVS DIST                 pc=70168717 area_wfp=74003962 argc=4 frame=0 real_wsp=70001FDA shadow_wsp=70001FE4 master_wfp=70001FE4 ret=70166E20 depth=1
redirect seq=001318 caller=QUEST2 WRTN  DIST                 area_wfp=74003962 ret_pc=70168732 real_wsp=70001FD0 (was 7400394E) shadow_wsp=70001FD0 master_wfp=70001FE4 depth=0
redirect seq=001320 caller=QUEST2 WSAVS DIST                 pc=70168717 area_wfp=74003962 argc=4 frame=0 real_wsp=70001FDA shadow_wsp=70001FE4 master_wfp=70001FE4 ret=70166E20 depth=1
redirect seq=001323 caller=QUEST2 WRTN  DIST                 area_wfp=74003962 ret_pc=70168732 real_wsp=70001FD0 (was 7400394E) shadow_wsp=70001FD0 master_wfp=70001FE4 depth=0
redirect seq=001325 caller=QUEST2 WSAVS DIST                 pc=70168717 area_wfp=74003962 argc=4 frame=0 real_wsp=70001FDA shadow_wsp=70001FE4 master_wfp=70001FE4 ret=70166E20 depth=1
redirect seq=001327 caller=QUEST2 WRTN  DIST                 area_wfp=74003962 ret_pc=70168732 real_wsp=70001FD0 (was 7400394E) shadow_wsp=70001FD0 master_wfp=70001FE4 depth=0
redirect seq=001332 caller=QUEST2 WSAVS DIST                 pc=70168717 area_wfp=74003962 argc=4 frame=0 real_wsp=70001FDA shadow_wsp=70001FE4 master_wfp=70001FE4 ret=70166E20 depth=1
redirect seq=001334 caller=QUEST2 WRTN  DIST                 area_wfp=74003962 ret_pc=70168732 real_wsp=70001FD0 (was 7400394E) shadow_wsp=70001FD0 master_wfp=70001FE4 depth=0
redirect seq=001336 caller=QUEST2 WSAVS DIST                 pc=70168717 area_wfp=74003962 argc=4 frame=0 real_wsp=70001FDA shadow_wsp=70001FE4 master_wfp=70001FE4 ret=70166E20 depth=1
redirect seq=001338 caller=QUEST2 WRTN  DIST                 area_wfp=74003962 ret_pc=70168732 real_wsp=70001FD0 (was 7400394E) shadow_wsp=70001FD0 master_wfp=70001FE4 depth=0
redirect seq=001340 caller=QUEST2 WSAVS DIST                 pc=70168717 area_wfp=74003962 argc=4 frame=0 real_wsp=70001FDA shadow_wsp=70001FE4 master_wfp=70001FE4 ret=70166E20 depth=1
redirect seq=001342 caller=QUEST2 WRTN  DIST                 area_wfp=74003962 ret_pc=70168732 real_wsp=70001FD0 (was 7400394E) shadow_wsp=70001FD0 master_wfp=70001FE4 depth=0
redirect seq=001345 caller=QUEST2 WSAVS DIST                 pc=70168717 area_wfp=74003962 argc=4 frame=0 real_wsp=70001FDA shadow_wsp=70001FE4 master_wfp=70001FE4 ret=70166E20 depth=1
redirect seq=001349 caller=QUEST2 WRTN  DIST                 area_wfp=74003962 ret_pc=70168732 real_wsp=70001FD0 (was 7400394E) shadow_wsp=70001FD0 master_wfp=70001FE4 depth=0
redirect seq=001351 caller=QUEST2 WSAVS DIST                 pc=70168717 area_wfp=74003962 argc=4 frame=0 real_wsp=70001FDA shadow_wsp=70001FE4 master_wfp=70001FE4 ret=70166E20 depth=1
redirect seq=001353 caller=QUEST2 WRTN  DIST                 area_wfp=74003962 ret_pc=70168732 real_wsp=70001FD0 (was 7400394E) shadow_wsp=70001FD0 master_wfp=70001FE4 depth=0
redirect seq=001355 caller=QUEST2 WSAVS DIST                 pc=70168717 area_wfp=74003962 argc=4 frame=0 real_wsp=70001FDA shadow_wsp=70001FE4 master_wfp=70001FE4 ret=70166E20 depth=1
redirect seq=001357 caller=QUEST2 WRTN  DIST                 area_wfp=74003962 ret_pc=70168732 real_wsp=70001FD0 (was 7400394E) shadow_wsp=70001FD0 master_wfp=70001FE4 depth=0
redirect seq=001361 caller=QUEST2 WSAVS DIST                 pc=70168717 area_wfp=74003962 argc=4 frame=0 real_wsp=70001FDA shadow_wsp=70001FE4 master_wfp=70001FE4 ret=70166E20 depth=1
redirect seq=001363 caller=QUEST2 WRTN  DIST                 area_wfp=74003962 ret_pc=70168732 real_wsp=70001FD0 (was 7400394E) shadow_wsp=70001FD0 master_wfp=70001FE4 depth=0
redirect seq=001365 caller=QUEST2 WSAVS DIST                 pc=70168717 area_wfp=74003962 argc=4 frame=0 real_wsp=70001FDA shadow_wsp=70001FE4 master_wfp=70001FE4 ret=70166E20 depth=1
redirect seq=001367 caller=QUEST2 WRTN  DIST                 area_wfp=74003962 ret_pc=70168732 real_wsp=70001FD0 (was 7400394E) shadow_wsp=70001FD0 master_wfp=70001FE4 depth=0
redirect seq=001370 caller=QUEST2 WSAVS DIST                 pc=70168717 area_wfp=74003962 argc=4 frame=0 real_wsp=70001FDA shadow_wsp=70001FE4 master_wfp=70001FE4 ret=70166E20 depth=1
redirect seq=001372 caller=QUEST2 WRTN  DIST                 area_wfp=74003962 ret_pc=70168732 real_wsp=70001FD0 (was 7400394E) shadow_wsp=70001FD0 master_wfp=70001FE4 depth=0
redirect seq=001377 caller=QUEST2 WSAVS DIST                 pc=70168717 area_wfp=74003962 argc=4 frame=0 real_wsp=70001FDA shadow_wsp=70001FE4 master_wfp=70001FE4 ret=70166E20 depth=1
redirect seq=001379 caller=QUEST2 WRTN  DIST                 area_wfp=74003962 ret_pc=70168732 real_wsp=70001FD0 (was 7400394E) shadow_wsp=70001FD0 master_wfp=70001FE4 depth=0
redirect seq=001381 caller=QUEST2 WSAVS DIST                 pc=70168717 area_wfp=74003962 argc=4 frame=0 real_wsp=70001FDA shadow_wsp=70001FE4 master_wfp=70001FE4 ret=70166E20 depth=1
redirect seq=001383 caller=QUEST2 WRTN  DIST                 area_wfp=74003962 ret_pc=70168732 real_wsp=70001FD0 (was 7400394E) shadow_wsp=70001FD0 master_wfp=70001FE4 depth=0
redirect seq=001385 caller=QUEST2 WSAVS DIST                 pc=70168717 area_wfp=74003962 argc=4 frame=0 real_wsp=70001FDA shadow_wsp=70001FE4 master_wfp=70001FE4 ret=70166E20 depth=1
redirect seq=001387 caller=QUEST2 WRTN  DIST                 area_wfp=74003962 ret_pc=70168732 real_wsp=70001FD0 (was 7400394E) shadow_wsp=70001FD0 master_wfp=70001FE4 depth=0
redirect seq=001390 caller=QUEST2 WSAVS DIST                 pc=70168717 area_wfp=74003962 argc=4 frame=0 real_wsp=70001FDA shadow_wsp=70001FE4 master_wfp=70001FE4 ret=70166E20 depth=1
redirect seq=001392 caller=QUEST2 WRTN  DIST                 area_wfp=74003962 ret_pc=70168732 real_wsp=70001FD0 (was 7400394E) shadow_wsp=70001FD0 master_wfp=70001FE4 depth=0
redirect seq=001396 caller=QUEST2 WSAVS DIST                 pc=70168717 area_wfp=74003962 argc=4 frame=0 real_wsp=70001FDA shadow_wsp=70001FE4 master_wfp=70001FE4 ret=70166E20 depth=1
redirect seq=001398 caller=QUEST2 WRTN  DIST                 area_wfp=74003962 ret_pc=70168732 real_wsp=70001FD0 (was 7400394E) shadow_wsp=70001FD0 master_wfp=70001FE4 depth=0
redirect seq=001400 caller=QUEST2 WSAVS DIST                 pc=70168717 area_wfp=74003962 argc=4 frame=0 real_wsp=70001FDA shadow_wsp=70001FE4 master_wfp=70001FE4 ret=70166E20 depth=1
redirect seq=001402 caller=QUEST2 WRTN  DIST                 area_wfp=74003962 ret_pc=70168732 real_wsp=70001FD0 (was 7400394E) shadow_wsp=70001FD0 master_wfp=70001FE4 depth=0
redirect seq=001407 caller=QUEST2 WSAVS DIST                 pc=70168717 area_wfp=74003962 argc=4 frame=0 real_wsp=70001FDA shadow_wsp=70001FE4 master_wfp=70001FE4 ret=70166E20 depth=1
redirect seq=001409 caller=QUEST2 WRTN  DIST                 area_wfp=74003962 ret_pc=70168732 real_wsp=70001FD0 (was 7400394E) shadow_wsp=70001FD0 master_wfp=70001FE4 depth=0
redirect seq=001411 caller=QUEST2 WSAVS DIST                 pc=70168717 area_wfp=74003962 argc=4 frame=0 real_wsp=70001FDA shadow_wsp=70001FE4 master_wfp=70001FE4 ret=70166E20 depth=1
redirect seq=001413 caller=QUEST2 WRTN  DIST                 area_wfp=74003962 ret_pc=70168732 real_wsp=70001FD0 (was 7400394E) shadow_wsp=70001FD0 master_wfp=70001FE4 depth=0
redirect seq=001415 caller=QUEST2 WSAVS DIST                 pc=70168717 area_wfp=74003962 argc=4 frame=0 real_wsp=70001FDA shadow_wsp=70001FE4 master_wfp=70001FE4 ret=70166E20 depth=1
redirect seq=001417 caller=QUEST2 WRTN  DIST                 area_wfp=74003962 ret_pc=70168732 real_wsp=70001FD0 (was 7400394E) shadow_wsp=70001FD0 master_wfp=70001FE4 depth=0
redirect seq=001422 caller=QUEST2 WSAVS DIST                 pc=70168717 area_wfp=74003962 argc=4 frame=0 real_wsp=70001FDA shadow_wsp=70001FE4 master_wfp=70001FE4 ret=70166E20 depth=1
redirect seq=001424 caller=QUEST2 WRTN  DIST                 area_wfp=74003962 ret_pc=70168732 real_wsp=70001FD0 (was 7400394E) shadow_wsp=70001FD0 master_wfp=70001FE4 depth=0
redirect seq=001426 caller=QUEST2 WSAVS DIST                 pc=70168717 area_wfp=74003962 argc=4 frame=0 real_wsp=70001FDA shadow_wsp=70001FE4 master_wfp=70001FE4 ret=70166E20 depth=1
redirect seq=001428 caller=QUEST2 WRTN  DIST                 area_wfp=74003962 ret_pc=70168732 real_wsp=70001FD0 (was 7400394E) shadow_wsp=70001FD0 master_wfp=70001FE4 depth=0
redirect seq=001430 caller=QUEST2 WSAVS DIST                 pc=70168717 area_wfp=74003962 argc=4 frame=0 real_wsp=70001FDA shadow_wsp=70001FE4 master_wfp=70001FE4 ret=70166E20 depth=1
redirect seq=001432 caller=QUEST2 WRTN  DIST                 area_wfp=74003962 ret_pc=70168732 real_wsp=70001FD0 (was 7400394E) shadow_wsp=70001FD0 master_wfp=70001FE4 depth=0
redirect seq=001435 caller=QUEST2 WSAVS DIST                 pc=70168717 area_wfp=74003962 argc=4 frame=0 real_wsp=70001FDA shadow_wsp=70001FE4 master_wfp=70001FE4 ret=70166E20 depth=1
redirect seq=001437 caller=QUEST2 WRTN  DIST                 area_wfp=74003962 ret_pc=70168732 real_wsp=70001FD0 (was 7400394E) shadow_wsp=70001FD0 master_wfp=70001FE4 depth=0
redirect seq=001441 caller=QUEST2 WSAVS DIST                 pc=70168717 area_wfp=74003962 argc=4 frame=0 real_wsp=70001FDA shadow_wsp=70001FE4 master_wfp=70001FE4 ret=70166E20 depth=1
redirect seq=001443 caller=QUEST2 WRTN  DIST                 area_wfp=74003962 ret_pc=70168732 real_wsp=70001FD0 (was 7400394E) shadow_wsp=70001FD0 master_wfp=70001FE4 depth=0
redirect seq=001445 caller=QUEST2 WSAVS DIST                 pc=70168717 area_wfp=74003962 argc=4 frame=0 real_wsp=70001FDA shadow_wsp=70001FE4 master_wfp=70001FE4 ret=70166E20 depth=1
redirect seq=001447 caller=QUEST2 WRTN  DIST                 area_wfp=74003962 ret_pc=70168732 real_wsp=70001FD0 (was 7400394E) shadow_wsp=70001FD0 master_wfp=70001FE4 depth=0
redirect seq=001452 caller=QUEST2 WSAVS DIST                 pc=70168717 area_wfp=74003962 argc=4 frame=0 real_wsp=70001FDA shadow_wsp=70001FE4 master_wfp=70001FE4 ret=70166E20 depth=1
redirect seq=001454 caller=QUEST2 WRTN  DIST                 area_wfp=74003962 ret_pc=70168732 real_wsp=70001FD0 (was 7400394E) shadow_wsp=70001FD0 master_wfp=70001FE4 depth=0
redirect seq=001456 caller=QUEST2 WSAVS DIST                 pc=70168717 area_wfp=74003962 argc=4 frame=0 real_wsp=70001FDA shadow_wsp=70001FE4 master_wfp=70001FE4 ret=70166E20 depth=1
redirect seq=001458 caller=QUEST2 WRTN  DIST                 area_wfp=74003962 ret_pc=70168732 real_wsp=70001FD0 (was 7400394E) shadow_wsp=70001FD0 master_wfp=70001FE4 depth=0
redirect seq=001460 caller=QUEST2 WSAVS DIST                 pc=70168717 area_wfp=74003962 argc=4 frame=0 real_wsp=70001FDA shadow_wsp=70001FE4 master_wfp=70001FE4 ret=70166E20 depth=1
redirect seq=001462 caller=QUEST2 WRTN  DIST                 area_wfp=74003962 ret_pc=70168732 real_wsp=70001FD0 (was 7400394E) shadow_wsp=70001FD0 master_wfp=70001FE4 depth=0
redirect seq=001465 caller=QUEST2 WSAVS DIST                 pc=70168717 area_wfp=74003962 argc=4 frame=0 real_wsp=70001FDA shadow_wsp=70001FE4 master_wfp=70001FE4 ret=70166E20 depth=1
redirect seq=001467 caller=QUEST2 WRTN  DIST                 area_wfp=74003962 ret_pc=70168732 real_wsp=70001FD0 (was 7400394E) shadow_wsp=70001FD0 master_wfp=70001FE4 depth=0
redirect seq=001471 caller=QUEST2 WSAVS DIST                 pc=70168717 area_wfp=74003962 argc=4 frame=0 real_wsp=70001FDA shadow_wsp=70001FE4 master_wfp=70001FE4 ret=70166E20 depth=1
redirect seq=001473 caller=QUEST2 WRTN  DIST                 area_wfp=74003962 ret_pc=70168732 real_wsp=70001FD0 (was 7400394E) shadow_wsp=70001FD0 master_wfp=70001FE4 depth=0
redirect seq=001475 caller=QUEST2 WSAVS DIST                 pc=70168717 area_wfp=74003962 argc=4 frame=0 real_wsp=70001FDA shadow_wsp=70001FE4 master_wfp=70001FE4 ret=70166E20 depth=1
redirect seq=001477 caller=QUEST2 WRTN  DIST                 area_wfp=74003962 ret_pc=70168732 real_wsp=70001FD0 (was 7400394E) shadow_wsp=70001FD0 master_wfp=70001FE4 depth=0
redirect seq=001482 caller=QUEST2 WSAVS DIST                 pc=70168717 area_wfp=74003962 argc=4 frame=0 real_wsp=70001FDA shadow_wsp=70001FE4 master_wfp=70001FE4 ret=70166E20 depth=1
redirect seq=001484 caller=QUEST2 WRTN  DIST                 area_wfp=74003962 ret_pc=70168732 real_wsp=70001FD0 (was 7400394E) shadow_wsp=70001FD0 master_wfp=70001FE4 depth=0
redirect seq=001486 caller=QUEST2 WSAVS DIST                 pc=70168717 area_wfp=74003962 argc=4 frame=0 real_wsp=70001FDA shadow_wsp=70001FE4 master_wfp=70001FE4 ret=70166E20 depth=1
redirect seq=001488 caller=QUEST2 WRTN  DIST                 area_wfp=74003962 ret_pc=70168732 real_wsp=70001FD0 (was 7400394E) shadow_wsp=70001FD0 master_wfp=70001FE4 depth=0
redirect seq=001490 caller=QUEST2 WSAVS DIST                 pc=70168717 area_wfp=74003962 argc=4 frame=0 real_wsp=70001FDA shadow_wsp=70001FE4 master_wfp=70001FE4 ret=70166E20 depth=1
redirect seq=001492 caller=QUEST2 WRTN  DIST                 area_wfp=74003962 ret_pc=70168732 real_wsp=70001FD0 (was 7400394E) shadow_wsp=70001FD0 master_wfp=70001FE4 depth=0
redirect seq=001495 caller=QUEST2 WSAVS DIST                 pc=70168717 area_wfp=74003962 argc=4 frame=0 real_wsp=70001FDA shadow_wsp=70001FE4 master_wfp=70001FE4 ret=70166E20 depth=1
redirect seq=001497 caller=QUEST2 WRTN  DIST                 area_wfp=74003962 ret_pc=70168732 real_wsp=70001FD0 (was 7400394E) shadow_wsp=70001FD0 master_wfp=70001FE4 depth=0
redirect seq=001501 caller=QUEST2 WSAVS DIST                 pc=70168717 area_wfp=74003962 argc=4 frame=0 real_wsp=70001FDA shadow_wsp=70001FE4 master_wfp=70001FE4 ret=70166E20 depth=1
redirect seq=001503 caller=QUEST2 WRTN  DIST                 area_wfp=74003962 ret_pc=70168732 real_wsp=70001FD0 (was 7400394E) shadow_wsp=70001FD0 master_wfp=70001FE4 depth=0
redirect seq=001505 caller=QUEST2 WSAVS DIST                 pc=70168717 area_wfp=74003962 argc=4 frame=0 real_wsp=70001FDA shadow_wsp=70001FE4 master_wfp=70001FE4 ret=70166E20 depth=1
redirect seq=001507 caller=QUEST2 WRTN  DIST                 area_wfp=74003962 ret_pc=70168732 real_wsp=70001FD0 (was 7400394E) shadow_wsp=70001FD0 master_wfp=70001FE4 depth=0
redirect seq=001512 caller=QUEST2 WSAVS DIST                 pc=70168717 area_wfp=74003962 argc=4 frame=0 real_wsp=70001FDA shadow_wsp=70001FE4 master_wfp=70001FE4 ret=70166E20 depth=1
redirect seq=001514 caller=QUEST2 WRTN  DIST                 area_wfp=74003962 ret_pc=70168732 real_wsp=70001FD0 (was 7400394E) shadow_wsp=70001FD0 master_wfp=70001FE4 depth=0
redirect seq=001516 caller=QUEST2 WSAVS DIST                 pc=70168717 area_wfp=74003962 argc=4 frame=0 real_wsp=70001FDA shadow_wsp=70001FE4 master_wfp=70001FE4 ret=70166E20 depth=1
redirect seq=001518 caller=QUEST2 WRTN  DIST                 area_wfp=74003962 ret_pc=70168732 real_wsp=70001FD0 (was 7400394E) shadow_wsp=70001FD0 master_wfp=70001FE4 depth=0
redirect seq=001520 caller=QUEST2 WSAVS DIST                 pc=70168717 area_wfp=74003962 argc=4 frame=0 real_wsp=70001FDA shadow_wsp=70001FE4 master_wfp=70001FE4 ret=70166E20 depth=1
redirect seq=001522 caller=QUEST2 WRTN  DIST                 area_wfp=74003962 ret_pc=70168732 real_wsp=70001FD0 (was 7400394E) shadow_wsp=70001FD0 master_wfp=70001FE4 depth=0
redirect seq=001527 caller=QUEST2 WSAVS DIST                 pc=70168717 area_wfp=74003962 argc=4 frame=0 real_wsp=70001FDA shadow_wsp=70001FE4 master_wfp=70001FE4 ret=70166E20 depth=1
redirect seq=001529 caller=QUEST2 WRTN  DIST                 area_wfp=74003962 ret_pc=70168732 real_wsp=70001FD0 (was 7400394E) shadow_wsp=70001FD0 master_wfp=70001FE4 depth=0
redirect seq=001531 caller=QUEST2 WSAVS DIST                 pc=70168717 area_wfp=74003962 argc=4 frame=0 real_wsp=70001FDA shadow_wsp=70001FE4 master_wfp=70001FE4 ret=70166E20 depth=1
redirect seq=001533 caller=QUEST2 WRTN  DIST                 area_wfp=74003962 ret_pc=70168732 real_wsp=70001FD0 (was 7400394E) shadow_wsp=70001FD0 master_wfp=70001FE4 depth=0
redirect seq=001535 caller=QUEST2 WSAVS DIST                 pc=70168717 area_wfp=74003962 argc=4 frame=0 real_wsp=70001FDA shadow_wsp=70001FE4 master_wfp=70001FE4 ret=70166E20 depth=1
redirect seq=001537 caller=QUEST2 WRTN  DIST                 area_wfp=74003962 ret_pc=70168732 real_wsp=70001FD0 (was 7400394E) shadow_wsp=70001FD0 master_wfp=70001FE4 depth=0
redirect seq=001542 caller=QUEST2 WSAVS DIST                 pc=70168717 area_wfp=74003962 argc=4 frame=0 real_wsp=70001FDA shadow_wsp=70001FE4 master_wfp=70001FE4 ret=70166E20 depth=1
redirect seq=001544 caller=QUEST2 WRTN  DIST                 area_wfp=74003962 ret_pc=70168732 real_wsp=70001FD0 (was 7400394E) shadow_wsp=70001FD0 master_wfp=70001FE4 depth=0
redirect seq=001546 caller=QUEST2 WSAVS DIST                 pc=70168717 area_wfp=74003962 argc=4 frame=0 real_wsp=70001FDA shadow_wsp=70001FE4 master_wfp=70001FE4 ret=70166E20 depth=1
redirect seq=001548 caller=QUEST2 WRTN  DIST                 area_wfp=74003962 ret_pc=70168732 real_wsp=70001FD0 (was 7400394E) shadow_wsp=70001FD0 master_wfp=70001FE4 depth=0
redirect seq=001550 caller=QUEST2 WSAVS DIST                 pc=70168717 area_wfp=74003962 argc=4 frame=0 real_wsp=70001FDA shadow_wsp=70001FE4 master_wfp=70001FE4 ret=70166E20 depth=1
redirect seq=001552 caller=QUEST2 WRTN  DIST                 area_wfp=74003962 ret_pc=70168732 real_wsp=70001FD0 (was 7400394E) shadow_wsp=70001FD0 master_wfp=70001FE4 depth=0
redirect seq=001557 caller=QUEST2 WSAVS DIST                 pc=70168717 area_wfp=74003962 argc=4 frame=0 real_wsp=70001FDA shadow_wsp=70001FE4 master_wfp=70001FE4 ret=70166E20 depth=1
redirect seq=001559 caller=QUEST2 WRTN  DIST                 area_wfp=74003962 ret_pc=70168732 real_wsp=70001FD0 (was 7400394E) shadow_wsp=70001FD0 master_wfp=70001FE4 depth=0
redirect seq=001561 caller=QUEST2 WSAVS DIST                 pc=70168717 area_wfp=74003962 argc=4 frame=0 real_wsp=70001FDA shadow_wsp=70001FE4 master_wfp=70001FE4 ret=70166E20 depth=1
redirect seq=001563 caller=QUEST2 WRTN  DIST                 area_wfp=74003962 ret_pc=70168732 real_wsp=70001FD0 (was 7400394E) shadow_wsp=70001FD0 master_wfp=70001FE4 depth=0
redirect seq=001565 caller=QUEST2 WSAVS DIST                 pc=70168717 area_wfp=74003962 argc=4 frame=0 real_wsp=70001FDA shadow_wsp=70001FE4 master_wfp=70001FE4 ret=70166E20 depth=1
redirect seq=001567 caller=QUEST2 WRTN  DIST                 area_wfp=74003962 ret_pc=70168732 real_wsp=70001FD0 (was 7400394E) shadow_wsp=70001FD0 master_wfp=70001FE4 depth=0
redirect seq=001571 caller=QUEST2 WSAVS DIST                 pc=70168717 area_wfp=74003962 argc=4 frame=0 real_wsp=70001FDA shadow_wsp=70001FE4 master_wfp=70001FE4 ret=70166E20 depth=1
redirect seq=001573 caller=QUEST2 WRTN  DIST                 area_wfp=74003962 ret_pc=70168732 real_wsp=70001FD0 (was 7400394E) shadow_wsp=70001FD0 master_wfp=70001FE4 depth=0
redirect seq=001575 caller=QUEST2 WSAVS DIST                 pc=70168717 area_wfp=74003962 argc=4 frame=0 real_wsp=70001FDA shadow_wsp=70001FE4 master_wfp=70001FE4 ret=70166E20 depth=1
redirect seq=001578 caller=QUEST2 WRTN  DIST                 area_wfp=74003962 ret_pc=70168732 real_wsp=70001FD0 (was 7400394E) shadow_wsp=70001FD0 master_wfp=70001FE4 depth=0
redirect seq=001580 caller=QUEST2 WSAVS DIST                 pc=70168717 area_wfp=74003962 argc=4 frame=0 real_wsp=70001FDA shadow_wsp=70001FE4 master_wfp=70001FE4 ret=70166E20 depth=1
redirect seq=001582 caller=QUEST2 WRTN  DIST                 area_wfp=74003962 ret_pc=70168732 real_wsp=70001FD0 (was 7400394E) shadow_wsp=70001FD0 master_wfp=70001FE4 depth=0
redirect seq=001587 caller=QUEST2 WSAVS DIST                 pc=70168717 area_wfp=74003962 argc=4 frame=0 real_wsp=70001FDA shadow_wsp=70001FE4 master_wfp=70001FE4 ret=70166E20 depth=1
redirect seq=001589 caller=QUEST2 WRTN  DIST                 area_wfp=74003962 ret_pc=70168732 real_wsp=70001FD0 (was 7400394E) shadow_wsp=70001FD0 master_wfp=70001FE4 depth=0
redirect seq=001591 caller=QUEST2 WSAVS DIST                 pc=70168717 area_wfp=74003962 argc=4 frame=0 real_wsp=70001FDA shadow_wsp=70001FE4 master_wfp=70001FE4 ret=70166E20 depth=1
redirect seq=001593 caller=QUEST2 WRTN  DIST                 area_wfp=74003962 ret_pc=70168732 real_wsp=70001FD0 (was 7400394E) shadow_wsp=70001FD0 master_wfp=70001FE4 depth=0
redirect seq=001595 caller=QUEST2 WSAVS DIST                 pc=70168717 area_wfp=74003962 argc=4 frame=0 real_wsp=70001FDA shadow_wsp=70001FE4 master_wfp=70001FE4 ret=70166E20 depth=1
redirect seq=001597 caller=QUEST2 WRTN  DIST                 area_wfp=74003962 ret_pc=70168732 real_wsp=70001FD0 (was 7400394E) shadow_wsp=70001FD0 master_wfp=70001FE4 depth=0
redirect seq=001600 caller=QUEST2 WSAVS DIST                 pc=70168717 area_wfp=74003962 argc=4 frame=0 real_wsp=70001FDA shadow_wsp=70001FE4 master_wfp=70001FE4 ret=70166E20 depth=1
redirect seq=001604 caller=QUEST2 WRTN  DIST                 area_wfp=74003962 ret_pc=70168732 real_wsp=70001FD0 (was 7400394E) shadow_wsp=70001FD0 master_wfp=70001FE4 depth=0
redirect seq=001606 caller=QUEST2 WSAVS DIST                 pc=70168717 area_wfp=74003962 argc=4 frame=0 real_wsp=70001FDA shadow_wsp=70001FE4 master_wfp=70001FE4 ret=70166E20 depth=1
redirect seq=001608 caller=QUEST2 WRTN  DIST                 area_wfp=74003962 ret_pc=70168732 real_wsp=70001FD0 (was 7400394E) shadow_wsp=70001FD0 master_wfp=70001FE4 depth=0
redirect seq=001610 caller=QUEST2 WSAVS DIST                 pc=70168717 area_wfp=74003962 argc=4 frame=0 real_wsp=70001FDA shadow_wsp=70001FE4 master_wfp=70001FE4 ret=70166E20 depth=1
redirect seq=001612 caller=QUEST2 WRTN  DIST                 area_wfp=74003962 ret_pc=70168732 real_wsp=70001FD0 (was 7400394E) shadow_wsp=70001FD0 master_wfp=70001FE4 depth=0
redirect seq=001617 caller=QUEST2 WSAVS DIST                 pc=70168717 area_wfp=74003962 argc=4 frame=0 real_wsp=70001FDA shadow_wsp=70001FE4 master_wfp=70001FE4 ret=70166E20 depth=1
redirect seq=001619 caller=QUEST2 WRTN  DIST                 area_wfp=74003962 ret_pc=70168732 real_wsp=70001FD0 (was 7400394E) shadow_wsp=70001FD0 master_wfp=70001FE4 depth=0
redirect seq=001621 caller=QUEST2 WSAVS DIST                 pc=70168717 area_wfp=74003962 argc=4 frame=0 real_wsp=70001FDA shadow_wsp=70001FE4 master_wfp=70001FE4 ret=70166E20 depth=1
redirect seq=001623 caller=QUEST2 WRTN  DIST                 area_wfp=74003962 ret_pc=70168732 real_wsp=70001FD0 (was 7400394E) shadow_wsp=70001FD0 master_wfp=70001FE4 depth=0
redirect seq=001625 caller=QUEST2 WSAVS DIST                 pc=70168717 area_wfp=74003962 argc=4 frame=0 real_wsp=70001FDA shadow_wsp=70001FE4 master_wfp=70001FE4 ret=70166E20 depth=1
redirect seq=001627 caller=QUEST2 WRTN  DIST                 area_wfp=74003962 ret_pc=70168732 real_wsp=70001FD0 (was 7400394E) shadow_wsp=70001FD0 master_wfp=70001FE4 depth=0
redirect seq=001632 caller=QUEST2 WSAVS DIST                 pc=70168717 area_wfp=74003962 argc=4 frame=0 real_wsp=70001FDA shadow_wsp=70001FE4 master_wfp=70001FE4 ret=70166E20 depth=1
redirect seq=001634 caller=QUEST2 WRTN  DIST                 area_wfp=74003962 ret_pc=70168732 real_wsp=70001FD0 (was 7400394E) shadow_wsp=70001FD0 master_wfp=70001FE4 depth=0
redirect seq=001636 caller=QUEST2 WSAVS DIST                 pc=70168717 area_wfp=74003962 argc=4 frame=0 real_wsp=70001FDA shadow_wsp=70001FE4 master_wfp=70001FE4 ret=70166E20 depth=1
redirect seq=001638 caller=QUEST2 WRTN  DIST                 area_wfp=74003962 ret_pc=70168732 real_wsp=70001FD0 (was 7400394E) shadow_wsp=70001FD0 master_wfp=70001FE4 depth=0
redirect seq=001640 caller=QUEST2 WSAVS DIST                 pc=70168717 area_wfp=74003962 argc=4 frame=0 real_wsp=70001FDA shadow_wsp=70001FE4 master_wfp=70001FE4 ret=70166E20 depth=1
redirect seq=001642 caller=QUEST2 WRTN  DIST                 area_wfp=74003962 ret_pc=70168732 real_wsp=70001FD0 (was 7400394E) shadow_wsp=70001FD0 master_wfp=70001FE4 depth=0
redirect seq=001646 caller=QUEST2 WSAVS DIST                 pc=70168717 area_wfp=74003962 argc=4 frame=0 real_wsp=70001FDA shadow_wsp=70001FE4 master_wfp=70001FE4 ret=70166E20 depth=1
redirect seq=001648 caller=QUEST2 WRTN  DIST                 area_wfp=74003962 ret_pc=70168732 real_wsp=70001FD0 (was 7400394E) shadow_wsp=70001FD0 master_wfp=70001FE4 depth=0
redirect seq=001650 caller=QUEST2 WSAVS DIST                 pc=70168717 area_wfp=74003962 argc=4 frame=0 real_wsp=70001FDA shadow_wsp=70001FE4 master_wfp=70001FE4 ret=70166E20 depth=1
redirect seq=001652 caller=QUEST2 WRTN  DIST                 area_wfp=74003962 ret_pc=70168732 real_wsp=70001FD0 (was 7400394E) shadow_wsp=70001FD0 master_wfp=70001FE4 depth=0
redirect seq=001655 caller=QUEST2 WSAVS DIST                 pc=70168717 area_wfp=74003962 argc=4 frame=0 real_wsp=70001FDA shadow_wsp=70001FE4 master_wfp=70001FE4 ret=70166E20 depth=1
redirect seq=001657 caller=QUEST2 WRTN  DIST                 area_wfp=74003962 ret_pc=70168732 real_wsp=70001FD0 (was 7400394E) shadow_wsp=70001FD0 master_wfp=70001FE4 depth=0
redirect seq=001662 caller=QUEST2 WSAVS DIST                 pc=70168717 area_wfp=74003962 argc=4 frame=0 real_wsp=70001FDA shadow_wsp=70001FE4 master_wfp=70001FE4 ret=70166E20 depth=1
redirect seq=001664 caller=QUEST2 WRTN  DIST                 area_wfp=74003962 ret_pc=70168732 real_wsp=70001FD0 (was 7400394E) shadow_wsp=70001FD0 master_wfp=70001FE4 depth=0
redirect seq=001666 caller=QUEST2 WSAVS DIST                 pc=70168717 area_wfp=74003962 argc=4 frame=0 real_wsp=70001FDA shadow_wsp=70001FE4 master_wfp=70001FE4 ret=70166E20 depth=1
redirect seq=001668 caller=QUEST2 WRTN  DIST                 area_wfp=74003962 ret_pc=70168732 real_wsp=70001FD0 (was 7400394E) shadow_wsp=70001FD0 master_wfp=70001FE4 depth=0
redirect seq=001670 caller=QUEST2 WSAVS DIST                 pc=70168717 area_wfp=74003962 argc=4 frame=0 real_wsp=70001FDA shadow_wsp=70001FE4 master_wfp=70001FE4 ret=70166E20 depth=1
redirect seq=001672 caller=QUEST2 WRTN  DIST                 area_wfp=74003962 ret_pc=70168732 real_wsp=70001FD0 (was 7400394E) shadow_wsp=70001FD0 master_wfp=70001FE4 depth=0
redirect seq=001675 caller=QUEST2 WSAVS DIST                 pc=70168717 area_wfp=74003962 argc=4 frame=0 real_wsp=70001FDA shadow_wsp=70001FE4 master_wfp=70001FE4 ret=70166E20 depth=1
redirect seq=001677 caller=QUEST2 WRTN  DIST                 area_wfp=74003962 ret_pc=70168732 real_wsp=70001FD0 (was 7400394E) shadow_wsp=70001FD0 master_wfp=70001FE4 depth=0
redirect seq=001681 caller=QUEST2 WSAVS DIST                 pc=70168717 area_wfp=74003962 argc=4 frame=0 real_wsp=70001FDA shadow_wsp=70001FE4 master_wfp=70001FE4 ret=70166E20 depth=1
redirect seq=001683 caller=QUEST2 WRTN  DIST                 area_wfp=74003962 ret_pc=70168732 real_wsp=70001FD0 (was 7400394E) shadow_wsp=70001FD0 master_wfp=70001FE4 depth=0
redirect seq=001685 caller=QUEST2 WSAVS DIST                 pc=70168717 area_wfp=74003962 argc=4 frame=0 real_wsp=70001FDA shadow_wsp=70001FE4 master_wfp=70001FE4 ret=70166E20 depth=1
redirect seq=001687 caller=QUEST2 WRTN  DIST                 area_wfp=74003962 ret_pc=70168732 real_wsp=70001FD0 (was 7400394E) shadow_wsp=70001FD0 master_wfp=70001FE4 depth=0
redirect seq=001692 caller=QUEST2 WSAVS DIST                 pc=70168717 area_wfp=74003962 argc=4 frame=0 real_wsp=70001FDA shadow_wsp=70001FE4 master_wfp=70001FE4 ret=70166E20 depth=1
redirect seq=001694 caller=QUEST2 WRTN  DIST                 area_wfp=74003962 ret_pc=70168732 real_wsp=70001FD0 (was 7400394E) shadow_wsp=70001FD0 master_wfp=70001FE4 depth=0
redirect seq=001696 caller=QUEST2 WSAVS DIST                 pc=70168717 area_wfp=74003962 argc=4 frame=0 real_wsp=70001FDA shadow_wsp=70001FE4 master_wfp=70001FE4 ret=70166E20 depth=1
redirect seq=001698 caller=QUEST2 WRTN  DIST                 area_wfp=74003962 ret_pc=70168732 real_wsp=70001FD0 (was 7400394E) shadow_wsp=70001FD0 master_wfp=70001FE4 depth=0
redirect seq=001700 caller=QUEST2 WSAVS DIST                 pc=70168717 area_wfp=74003962 argc=4 frame=0 real_wsp=70001FDA shadow_wsp=70001FE4 master_wfp=70001FE4 ret=70166E20 depth=1
redirect seq=001702 caller=QUEST2 WRTN  DIST                 area_wfp=74003962 ret_pc=70168732 real_wsp=70001FD0 (was 7400394E) shadow_wsp=70001FD0 master_wfp=70001FE4 depth=0
redirect seq=001707 caller=QUEST2 WSAVS DIST                 pc=70168717 area_wfp=74003962 argc=4 frame=0 real_wsp=70001FDA shadow_wsp=70001FE4 master_wfp=70001FE4 ret=70166E20 depth=1
redirect seq=001709 caller=QUEST2 WRTN  DIST                 area_wfp=74003962 ret_pc=70168732 real_wsp=70001FD0 (was 7400394E) shadow_wsp=70001FD0 master_wfp=70001FE4 depth=0
redirect seq=001711 caller=QUEST2 WSAVS DIST                 pc=70168717 area_wfp=74003962 argc=4 frame=0 real_wsp=70001FDA shadow_wsp=70001FE4 master_wfp=70001FE4 ret=70166E20 depth=1
redirect seq=001713 caller=QUEST2 WRTN  DIST                 area_wfp=74003962 ret_pc=70168732 real_wsp=70001FD0 (was 7400394E) shadow_wsp=70001FD0 master_wfp=70001FE4 depth=0
redirect seq=001715 caller=QUEST2 WSAVS DIST                 pc=70168717 area_wfp=74003962 argc=4 frame=0 real_wsp=70001FDA shadow_wsp=70001FE4 master_wfp=70001FE4 ret=70166E20 depth=1
redirect seq=001717 caller=QUEST2 WRTN  DIST                 area_wfp=74003962 ret_pc=70168732 real_wsp=70001FD0 (was 7400394E) shadow_wsp=70001FD0 master_wfp=70001FE4 depth=0
redirect seq=001722 caller=QUEST2 WSAVS DIST                 pc=70168717 area_wfp=74003962 argc=4 frame=0 real_wsp=70001FDA shadow_wsp=70001FE4 master_wfp=70001FE4 ret=70166E20 depth=1
redirect seq=001724 caller=QUEST2 WRTN  DIST                 area_wfp=74003962 ret_pc=70168732 real_wsp=70001FD0 (was 7400394E) shadow_wsp=70001FD0 master_wfp=70001FE4 depth=0
redirect seq=001726 caller=QUEST2 WSAVS DIST                 pc=70168717 area_wfp=74003962 argc=4 frame=0 real_wsp=70001FDA shadow_wsp=70001FE4 master_wfp=70001FE4 ret=70166E20 depth=1
redirect seq=001728 caller=QUEST2 WRTN  DIST                 area_wfp=74003962 ret_pc=70168732 real_wsp=70001FD0 (was 7400394E) shadow_wsp=70001FD0 master_wfp=70001FE4 depth=0
redirect seq=001730 caller=QUEST2 WSAVS DIST                 pc=70168717 area_wfp=74003962 argc=4 frame=0 real_wsp=70001FDA shadow_wsp=70001FE4 master_wfp=70001FE4 ret=70166E20 depth=1
redirect seq=001732 caller=QUEST2 WRTN  DIST                 area_wfp=74003962 ret_pc=70168732 real_wsp=70001FD0 (was 7400394E) shadow_wsp=70001FD0 master_wfp=70001FE4 depth=0
redirect seq=001737 caller=QUEST2 WSAVS DIST                 pc=70168717 area_wfp=74003962 argc=4 frame=0 real_wsp=70001FDA shadow_wsp=70001FE4 master_wfp=70001FE4 ret=70166E20 depth=1
redirect seq=001739 caller=QUEST2 WRTN  DIST                 area_wfp=74003962 ret_pc=70168732 real_wsp=70001FD0 (was 7400394E) shadow_wsp=70001FD0 master_wfp=70001FE4 depth=0
redirect seq=001741 caller=QUEST2 WSAVS DIST                 pc=70168717 area_wfp=74003962 argc=4 frame=0 real_wsp=70001FDA shadow_wsp=70001FE4 master_wfp=70001FE4 ret=70166E20 depth=1
redirect seq=001743 caller=QUEST2 WRTN  DIST                 area_wfp=74003962 ret_pc=70168732 real_wsp=70001FD0 (was 7400394E) shadow_wsp=70001FD0 master_wfp=70001FE4 depth=0
redirect seq=001745 caller=QUEST2 WSAVS DIST                 pc=70168717 area_wfp=74003962 argc=4 frame=0 real_wsp=70001FDA shadow_wsp=70001FE4 master_wfp=70001FE4 ret=70166E20 depth=1
redirect seq=001747 caller=QUEST2 WRTN  DIST                 area_wfp=74003962 ret_pc=70168732 real_wsp=70001FD0 (was 7400394E) shadow_wsp=70001FD0 master_wfp=70001FE4 depth=0
redirect seq=001751 caller=QUEST2 WSAVS DIST                 pc=70168717 area_wfp=74003962 argc=4 frame=0 real_wsp=70001FDA shadow_wsp=70001FE4 master_wfp=70001FE4 ret=70166E20 depth=1
redirect seq=001753 caller=QUEST2 WRTN  DIST                 area_wfp=74003962 ret_pc=70168732 real_wsp=70001FD0 (was 7400394E) shadow_wsp=70001FD0 master_wfp=70001FE4 depth=0
redirect seq=001755 caller=QUEST2 WSAVS DIST                 pc=70168717 area_wfp=74003962 argc=4 frame=0 real_wsp=70001FDA shadow_wsp=70001FE4 master_wfp=70001FE4 ret=70166E20 depth=1
redirect seq=001758 caller=QUEST2 WRTN  DIST                 area_wfp=74003962 ret_pc=70168732 real_wsp=70001FD0 (was 7400394E) shadow_wsp=70001FD0 master_wfp=70001FE4 depth=0
redirect seq=001760 caller=QUEST2 WSAVS DIST                 pc=70168717 area_wfp=74003962 argc=4 frame=0 real_wsp=70001FDA shadow_wsp=70001FE4 master_wfp=70001FE4 ret=70166E20 depth=1
redirect seq=001762 caller=QUEST2 WRTN  DIST                 area_wfp=74003962 ret_pc=70168732 real_wsp=70001FD0 (was 7400394E) shadow_wsp=70001FD0 master_wfp=70001FE4 depth=0
redirect seq=001767 caller=QUEST2 WSAVS DIST                 pc=70168717 area_wfp=74003962 argc=4 frame=0 real_wsp=70001FDA shadow_wsp=70001FE4 master_wfp=70001FE4 ret=70166E20 depth=1
redirect seq=001769 caller=QUEST2 WRTN  DIST                 area_wfp=74003962 ret_pc=70168732 real_wsp=70001FD0 (was 7400394E) shadow_wsp=70001FD0 master_wfp=70001FE4 depth=0
redirect seq=001771 caller=QUEST2 WSAVS DIST                 pc=70168717 area_wfp=74003962 argc=4 frame=0 real_wsp=70001FDA shadow_wsp=70001FE4 master_wfp=70001FE4 ret=70166E20 depth=1
redirect seq=001773 caller=QUEST2 WRTN  DIST                 area_wfp=74003962 ret_pc=70168732 real_wsp=70001FD0 (was 7400394E) shadow_wsp=70001FD0 master_wfp=70001FE4 depth=0
redirect seq=001775 caller=QUEST2 WSAVS DIST                 pc=70168717 area_wfp=74003962 argc=4 frame=0 real_wsp=70001FDA shadow_wsp=70001FE4 master_wfp=70001FE4 ret=70166E20 depth=1
redirect seq=001777 caller=QUEST2 WRTN  DIST                 area_wfp=74003962 ret_pc=70168732 real_wsp=70001FD0 (was 7400394E) shadow_wsp=70001FD0 master_wfp=70001FE4 depth=0
redirect seq=001780 caller=QUEST2 WSAVS DIST                 pc=70168717 area_wfp=74003962 argc=4 frame=0 real_wsp=70001FDA shadow_wsp=70001FE4 master_wfp=70001FE4 ret=70166E20 depth=1
redirect seq=001784 caller=QUEST2 WRTN  DIST                 area_wfp=74003962 ret_pc=70168732 real_wsp=70001FD0 (was 7400394E) shadow_wsp=70001FD0 master_wfp=70001FE4 depth=0
redirect seq=001786 caller=QUEST2 WSAVS DIST                 pc=70168717 area_wfp=74003962 argc=4 frame=0 real_wsp=70001FDA shadow_wsp=70001FE4 master_wfp=70001FE4 ret=70166E20 depth=1
redirect seq=001788 caller=QUEST2 WRTN  DIST                 area_wfp=74003962 ret_pc=70168732 real_wsp=70001FD0 (was 7400394E) shadow_wsp=70001FD0 master_wfp=70001FE4 depth=0
redirect seq=001790 caller=QUEST2 WSAVS DIST                 pc=70168717 area_wfp=74003962 argc=4 frame=0 real_wsp=70001FDA shadow_wsp=70001FE4 master_wfp=70001FE4 ret=70166E20 depth=1
redirect seq=001792 caller=QUEST2 WRTN  DIST                 area_wfp=74003962 ret_pc=70168732 real_wsp=70001FD0 (was 7400394E) shadow_wsp=70001FD0 master_wfp=70001FE4 depth=0
redirect seq=001796 caller=QUEST2 WSAVS DIST                 pc=70168717 area_wfp=74003962 argc=4 frame=0 real_wsp=70001FDA shadow_wsp=70001FE4 master_wfp=70001FE4 ret=70166E20 depth=1
redirect seq=001798 caller=QUEST2 WRTN  DIST                 area_wfp=74003962 ret_pc=70168732 real_wsp=70001FD0 (was 7400394E) shadow_wsp=70001FD0 master_wfp=70001FE4 depth=0
redirect seq=001800 caller=QUEST2 WSAVS DIST                 pc=70168717 area_wfp=74003962 argc=4 frame=0 real_wsp=70001FDA shadow_wsp=70001FE4 master_wfp=70001FE4 ret=70166E20 depth=1
redirect seq=001802 caller=QUEST2 WRTN  DIST                 area_wfp=74003962 ret_pc=70168732 real_wsp=70001FD0 (was 7400394E) shadow_wsp=70001FD0 master_wfp=70001FE4 depth=0
redirect seq=001805 caller=QUEST2 WSAVS DIST                 pc=70168717 area_wfp=74003962 argc=4 frame=0 real_wsp=70001FDA shadow_wsp=70001FE4 master_wfp=70001FE4 ret=70166E20 depth=1
redirect seq=001807 caller=QUEST2 WRTN  DIST                 area_wfp=74003962 ret_pc=70168732 real_wsp=70001FD0 (was 7400394E) shadow_wsp=70001FD0 master_wfp=70001FE4 depth=0
redirect seq=001812 caller=QUEST2 WSAVS DIST                 pc=70168717 area_wfp=74003962 argc=4 frame=0 real_wsp=70001FDA shadow_wsp=70001FE4 master_wfp=70001FE4 ret=70166E20 depth=1
redirect seq=001814 caller=QUEST2 WRTN  DIST                 area_wfp=74003962 ret_pc=70168732 real_wsp=70001FD0 (was 7400394E) shadow_wsp=70001FD0 master_wfp=70001FE4 depth=0
redirect seq=001816 caller=QUEST2 WSAVS DIST                 pc=70168717 area_wfp=74003962 argc=4 frame=0 real_wsp=70001FDA shadow_wsp=70001FE4 master_wfp=70001FE4 ret=70166E20 depth=1
redirect seq=001818 caller=QUEST2 WRTN  DIST                 area_wfp=74003962 ret_pc=70168732 real_wsp=70001FD0 (was 7400394E) shadow_wsp=70001FD0 master_wfp=70001FE4 depth=0
redirect seq=001820 caller=QUEST2 WSAVS DIST                 pc=70168717 area_wfp=74003962 argc=4 frame=0 real_wsp=70001FDA shadow_wsp=70001FE4 master_wfp=70001FE4 ret=70166E20 depth=1
redirect seq=001822 caller=QUEST2 WRTN  DIST                 area_wfp=74003962 ret_pc=70168732 real_wsp=70001FD0 (was 7400394E) shadow_wsp=70001FD0 master_wfp=70001FE4 depth=0
redirect seq=001825 caller=QUEST2 WSAVS DIST                 pc=70168717 area_wfp=74003962 argc=4 frame=0 real_wsp=70001FDA shadow_wsp=70001FE4 master_wfp=70001FE4 ret=70166E20 depth=1
redirect seq=001827 caller=QUEST2 WRTN  DIST                 area_wfp=74003962 ret_pc=70168732 real_wsp=70001FD0 (was 7400394E) shadow_wsp=70001FD0 master_wfp=70001FE4 depth=0
redirect seq=001831 caller=QUEST2 WSAVS DIST                 pc=70168717 area_wfp=74003962 argc=4 frame=0 real_wsp=70001FDA shadow_wsp=70001FE4 master_wfp=70001FE4 ret=70166E20 depth=1
redirect seq=001833 caller=QUEST2 WRTN  DIST                 area_wfp=74003962 ret_pc=70168732 real_wsp=70001FD0 (was 7400394E) shadow_wsp=70001FD0 master_wfp=70001FE4 depth=0
redirect seq=001835 caller=QUEST2 WSAVS DIST                 pc=70168717 area_wfp=74003962 argc=4 frame=0 real_wsp=70001FDA shadow_wsp=70001FE4 master_wfp=70001FE4 ret=70166E20 depth=1
redirect seq=001837 caller=QUEST2 WRTN  DIST                 area_wfp=74003962 ret_pc=70168732 real_wsp=70001FD0 (was 7400394E) shadow_wsp=70001FD0 master_wfp=70001FE4 depth=0
redirect seq=001842 caller=QUEST2 WSAVS DIST                 pc=70168717 area_wfp=74003962 argc=4 frame=0 real_wsp=70001FDA shadow_wsp=70001FE4 master_wfp=70001FE4 ret=70166E20 depth=1
redirect seq=001844 caller=QUEST2 WRTN  DIST                 area_wfp=74003962 ret_pc=70168732 real_wsp=70001FD0 (was 7400394E) shadow_wsp=70001FD0 master_wfp=70001FE4 depth=0
redirect seq=001846 caller=QUEST2 WSAVS DIST                 pc=70168717 area_wfp=74003962 argc=4 frame=0 real_wsp=70001FDA shadow_wsp=70001FE4 master_wfp=70001FE4 ret=70166E20 depth=1
redirect seq=001848 caller=QUEST2 WRTN  DIST                 area_wfp=74003962 ret_pc=70168732 real_wsp=70001FD0 (was 7400394E) shadow_wsp=70001FD0 master_wfp=70001FE4 depth=0
redirect seq=001850 caller=QUEST2 WSAVS DIST                 pc=70168717 area_wfp=74003962 argc=4 frame=0 real_wsp=70001FDA shadow_wsp=70001FE4 master_wfp=70001FE4 ret=70166E20 depth=1
redirect seq=001852 caller=QUEST2 WRTN  DIST                 area_wfp=74003962 ret_pc=70168732 real_wsp=70001FD0 (was 7400394E) shadow_wsp=70001FD0 master_wfp=70001FE4 depth=0
redirect seq=001857 caller=QUEST2 WSAVS DIST                 pc=70168717 area_wfp=74003962 argc=4 frame=0 real_wsp=70001FDA shadow_wsp=70001FE4 master_wfp=70001FE4 ret=70166E20 depth=1
redirect seq=001859 caller=QUEST2 WRTN  DIST                 area_wfp=74003962 ret_pc=70168732 real_wsp=70001FD0 (was 7400394E) shadow_wsp=70001FD0 master_wfp=70001FE4 depth=0
redirect seq=001861 caller=QUEST2 WSAVS DIST                 pc=70168717 area_wfp=74003962 argc=4 frame=0 real_wsp=70001FDA shadow_wsp=70001FE4 master_wfp=70001FE4 ret=70166E20 depth=1
redirect seq=001863 caller=QUEST2 WRTN  DIST                 area_wfp=74003962 ret_pc=70168732 real_wsp=70001FD0 (was 7400394E) shadow_wsp=70001FD0 master_wfp=70001FE4 depth=0
redirect seq=001865 caller=QUEST2 WSAVS DIST                 pc=70168717 area_wfp=74003962 argc=4 frame=0 real_wsp=70001FDA shadow_wsp=70001FE4 master_wfp=70001FE4 ret=70166E20 depth=1
redirect seq=001867 caller=QUEST2 WRTN  DIST                 area_wfp=74003962 ret_pc=70168732 real_wsp=70001FD0 (was 7400394E) shadow_wsp=70001FD0 master_wfp=70001FE4 depth=0
redirect seq=001870 caller=QUEST2 WSAVS DIST                 pc=70168717 area_wfp=74003962 argc=4 frame=0 real_wsp=70001FDA shadow_wsp=70001FE4 master_wfp=70001FE4 ret=70166E20 depth=1
redirect seq=001872 caller=QUEST2 WRTN  DIST                 area_wfp=74003962 ret_pc=70168732 real_wsp=70001FD0 (was 7400394E) shadow_wsp=70001FD0 master_wfp=70001FE4 depth=0
redirect seq=001876 caller=QUEST2 WSAVS DIST                 pc=70168717 area_wfp=74003962 argc=4 frame=0 real_wsp=70001FDA shadow_wsp=70001FE4 master_wfp=70001FE4 ret=70166E20 depth=1
redirect seq=001878 caller=QUEST2 WRTN  DIST                 area_wfp=74003962 ret_pc=70168732 real_wsp=70001FD0 (was 7400394E) shadow_wsp=70001FD0 master_wfp=70001FE4 depth=0
redirect seq=001880 caller=QUEST2 WSAVS DIST                 pc=70168717 area_wfp=74003962 argc=4 frame=0 real_wsp=70001FDA shadow_wsp=70001FE4 master_wfp=70001FE4 ret=70166E20 depth=1
redirect seq=001882 caller=QUEST2 WRTN  DIST                 area_wfp=74003962 ret_pc=70168732 real_wsp=70001FD0 (was 7400394E) shadow_wsp=70001FD0 master_wfp=70001FE4 depth=0
redirect seq=001887 caller=QUEST2 WSAVS DIST                 pc=70168717 area_wfp=74003962 argc=4 frame=0 real_wsp=70001FDA shadow_wsp=70001FE4 master_wfp=70001FE4 ret=70166E20 depth=1
redirect seq=001889 caller=QUEST2 WRTN  DIST                 area_wfp=74003962 ret_pc=70168732 real_wsp=70001FD0 (was 7400394E) shadow_wsp=70001FD0 master_wfp=70001FE4 depth=0
redirect seq=001891 caller=QUEST2 WSAVS DIST                 pc=70168717 area_wfp=74003962 argc=4 frame=0 real_wsp=70001FDA shadow_wsp=70001FE4 master_wfp=70001FE4 ret=70166E20 depth=1
redirect seq=001893 caller=QUEST2 WRTN  DIST                 area_wfp=74003962 ret_pc=70168732 real_wsp=70001FD0 (was 7400394E) shadow_wsp=70001FD0 master_wfp=70001FE4 depth=0
redirect seq=001895 caller=QUEST2 WSAVS DIST                 pc=70168717 area_wfp=74003962 argc=4 frame=0 real_wsp=70001FDA shadow_wsp=70001FE4 master_wfp=70001FE4 ret=70166E20 depth=1
redirect seq=001897 caller=QUEST2 WRTN  DIST                 area_wfp=74003962 ret_pc=70168732 real_wsp=70001FD0 (was 7400394E) shadow_wsp=70001FD0 master_wfp=70001FE4 depth=0
redirect seq=001902 caller=QUEST2 WSAVS DIST                 pc=70168717 area_wfp=74003962 argc=4 frame=0 real_wsp=70001FDA shadow_wsp=70001FE4 master_wfp=70001FE4 ret=70166E20 depth=1
redirect seq=001904 caller=QUEST2 WRTN  DIST                 area_wfp=74003962 ret_pc=70168732 real_wsp=70001FD0 (was 7400394E) shadow_wsp=70001FD0 master_wfp=70001FE4 depth=0
redirect seq=001906 caller=QUEST2 WSAVS DIST                 pc=70168717 area_wfp=74003962 argc=4 frame=0 real_wsp=70001FDA shadow_wsp=70001FE4 master_wfp=70001FE4 ret=70166E20 depth=1
redirect seq=001908 caller=QUEST2 WRTN  DIST                 area_wfp=74003962 ret_pc=70168732 real_wsp=70001FD0 (was 7400394E) shadow_wsp=70001FD0 master_wfp=70001FE4 depth=0
redirect seq=001910 caller=QUEST2 WSAVS DIST                 pc=70168717 area_wfp=74003962 argc=4 frame=0 real_wsp=70001FDA shadow_wsp=70001FE4 master_wfp=70001FE4 ret=70166E20 depth=1
redirect seq=001912 caller=QUEST2 WRTN  DIST                 area_wfp=74003962 ret_pc=70168732 real_wsp=70001FD0 (was 7400394E) shadow_wsp=70001FD0 master_wfp=70001FE4 depth=0
redirect seq=001915 caller=QUEST2 WSAVS DIST                 pc=70168717 area_wfp=74003962 argc=4 frame=0 real_wsp=70001FDA shadow_wsp=70001FE4 master_wfp=70001FE4 ret=70166E20 depth=1
redirect seq=001919 caller=QUEST2 WRTN  DIST                 area_wfp=74003962 ret_pc=70168732 real_wsp=70001FD0 (was 7400394E) shadow_wsp=70001FD0 master_wfp=70001FE4 depth=0
redirect seq=001921 caller=QUEST2 WSAVS DIST                 pc=70168717 area_wfp=74003962 argc=4 frame=0 real_wsp=70001FDA shadow_wsp=70001FE4 master_wfp=70001FE4 ret=70166E20 depth=1
redirect seq=001923 caller=QUEST2 WRTN  DIST                 area_wfp=74003962 ret_pc=70168732 real_wsp=70001FD0 (was 7400394E) shadow_wsp=70001FD0 master_wfp=70001FE4 depth=0
redirect seq=001925 caller=QUEST2 WSAVS DIST                 pc=70168717 area_wfp=74003962 argc=4 frame=0 real_wsp=70001FDA shadow_wsp=70001FE4 master_wfp=70001FE4 ret=70166E20 depth=1
redirect seq=001927 caller=QUEST2 WRTN  DIST                 area_wfp=74003962 ret_pc=70168732 real_wsp=70001FD0 (was 7400394E) shadow_wsp=70001FD0 master_wfp=70001FE4 depth=0
redirect seq=001931 caller=QUEST2 WSAVS DIST                 pc=70168717 area_wfp=74003962 argc=4 frame=0 real_wsp=70001FDA shadow_wsp=70001FE4 master_wfp=70001FE4 ret=70166E20 depth=1
redirect seq=001933 caller=QUEST2 WRTN  DIST                 area_wfp=74003962 ret_pc=70168732 real_wsp=70001FD0 (was 7400394E) shadow_wsp=70001FD0 master_wfp=70001FE4 depth=0
redirect seq=001935 caller=QUEST2 WSAVS DIST                 pc=70168717 area_wfp=74003962 argc=4 frame=0 real_wsp=70001FDA shadow_wsp=70001FE4 master_wfp=70001FE4 ret=70166E20 depth=1
redirect seq=001937 caller=QUEST2 WRTN  DIST                 area_wfp=74003962 ret_pc=70168732 real_wsp=70001FD0 (was 7400394E) shadow_wsp=70001FD0 master_wfp=70001FE4 depth=0
redirect seq=001940 caller=QUEST2 WSAVS DIST                 pc=70168717 area_wfp=74003962 argc=4 frame=0 real_wsp=70001FDA shadow_wsp=70001FE4 master_wfp=70001FE4 ret=70166E20 depth=1
redirect seq=001942 caller=QUEST2 WRTN  DIST                 area_wfp=74003962 ret_pc=70168732 real_wsp=70001FD0 (was 7400394E) shadow_wsp=70001FD0 master_wfp=70001FE4 depth=0
redirect seq=001947 caller=QUEST2 WSAVS DIST                 pc=70168717 area_wfp=74003962 argc=4 frame=0 real_wsp=70001FDA shadow_wsp=70001FE4 master_wfp=70001FE4 ret=70166E20 depth=1
redirect seq=001949 caller=QUEST2 WRTN  DIST                 area_wfp=74003962 ret_pc=70168732 real_wsp=70001FD0 (was 7400394E) shadow_wsp=70001FD0 master_wfp=70001FE4 depth=0
redirect seq=001951 caller=QUEST2 WSAVS DIST                 pc=70168717 area_wfp=74003962 argc=4 frame=0 real_wsp=70001FDA shadow_wsp=70001FE4 master_wfp=70001FE4 ret=70166E20 depth=1
redirect seq=001953 caller=QUEST2 WRTN  DIST                 area_wfp=74003962 ret_pc=70168732 real_wsp=70001FD0 (was 7400394E) shadow_wsp=70001FD0 master_wfp=70001FE4 depth=0
redirect seq=001955 caller=QUEST2 WSAVS DIST                 pc=70168717 area_wfp=74003962 argc=4 frame=0 real_wsp=70001FDA shadow_wsp=70001FE4 master_wfp=70001FE4 ret=70166E20 depth=1
redirect seq=001957 caller=QUEST2 WRTN  DIST                 area_wfp=74003962 ret_pc=70168732 real_wsp=70001FD0 (was 7400394E) shadow_wsp=70001FD0 master_wfp=70001FE4 depth=0
redirect seq=001962 caller=QUEST2 WSAVS DIST                 pc=70168717 area_wfp=74003962 argc=4 frame=0 real_wsp=70001FDA shadow_wsp=70001FE4 master_wfp=70001FE4 ret=70166E20 depth=1
redirect seq=001964 caller=QUEST2 WRTN  DIST                 area_wfp=74003962 ret_pc=70168732 real_wsp=70001FD0 (was 7400394E) shadow_wsp=70001FD0 master_wfp=70001FE4 depth=0
redirect seq=001966 caller=QUEST2 WSAVS DIST                 pc=70168717 area_wfp=74003962 argc=4 frame=0 real_wsp=70001FDA shadow_wsp=70001FE4 master_wfp=70001FE4 ret=70166E20 depth=1
redirect seq=001968 caller=QUEST2 WRTN  DIST                 area_wfp=74003962 ret_pc=70168732 real_wsp=70001FD0 (was 7400394E) shadow_wsp=70001FD0 master_wfp=70001FE4 depth=0
redirect seq=001970 caller=QUEST2 WSAVS DIST                 pc=70168717 area_wfp=74003962 argc=4 frame=0 real_wsp=70001FDA shadow_wsp=70001FE4 master_wfp=70001FE4 ret=70166E20 depth=1
redirect seq=001972 caller=QUEST2 WRTN  DIST                 area_wfp=74003962 ret_pc=70168732 real_wsp=70001FD0 (was 7400394E) shadow_wsp=70001FD0 master_wfp=70001FE4 depth=0
redirect seq=001976 caller=QUEST2 WSAVS DIST                 pc=70168717 area_wfp=74003962 argc=4 frame=0 real_wsp=70001FDA shadow_wsp=70001FE4 master_wfp=70001FE4 ret=70166E20 depth=1
redirect seq=001978 caller=QUEST2 WRTN  DIST                 area_wfp=74003962 ret_pc=70168732 real_wsp=70001FD0 (was 7400394E) shadow_wsp=70001FD0 master_wfp=70001FE4 depth=0
redirect seq=001980 caller=QUEST2 WSAVS DIST                 pc=70168717 area_wfp=74003962 argc=4 frame=0 real_wsp=70001FDA shadow_wsp=70001FE4 master_wfp=70001FE4 ret=70166E20 depth=1
redirect seq=001983 caller=QUEST2 WRTN  DIST                 area_wfp=74003962 ret_pc=70168732 real_wsp=70001FD0 (was 7400394E) shadow_wsp=70001FD0 master_wfp=70001FE4 depth=0
redirect seq=001985 caller=QUEST2 WSAVS DIST                 pc=70168717 area_wfp=74003962 argc=4 frame=0 real_wsp=70001FDA shadow_wsp=70001FE4 master_wfp=70001FE4 ret=70166E20 depth=1
redirect seq=001987 caller=QUEST2 WRTN  DIST                 area_wfp=74003962 ret_pc=70168732 real_wsp=70001FD0 (was 7400394E) shadow_wsp=70001FD0 master_wfp=70001FE4 depth=0
redirect seq=001992 caller=QUEST2 WSAVS DIST                 pc=70168717 area_wfp=74003962 argc=4 frame=0 real_wsp=70001FDA shadow_wsp=70001FE4 master_wfp=70001FE4 ret=70166E20 depth=1
redirect seq=001994 caller=QUEST2 WRTN  DIST                 area_wfp=74003962 ret_pc=70168732 real_wsp=70001FD0 (was 7400394E) shadow_wsp=70001FD0 master_wfp=70001FE4 depth=0
redirect seq=001996 caller=QUEST2 WSAVS DIST                 pc=70168717 area_wfp=74003962 argc=4 frame=0 real_wsp=70001FDA shadow_wsp=70001FE4 master_wfp=70001FE4 ret=70166E20 depth=1
redirect seq=001998 caller=QUEST2 WRTN  DIST                 area_wfp=74003962 ret_pc=70168732 real_wsp=70001FD0 (was 7400394E) shadow_wsp=70001FD0 master_wfp=70001FE4 depth=0
redirect seq=002000 caller=QUEST2 WSAVS DIST                 pc=70168717 area_wfp=74003962 argc=4 frame=0 real_wsp=70001FDA shadow_wsp=70001FE4 master_wfp=70001FE4 ret=70166E20 depth=1
redirect seq=002002 caller=QUEST2 WRTN  DIST                 area_wfp=74003962 ret_pc=70168732 real_wsp=70001FD0 (was 7400394E) shadow_wsp=70001FD0 master_wfp=70001FE4 depth=0
redirect seq=002005 caller=QUEST2 WSAVS DIST                 pc=70168717 area_wfp=74003962 argc=4 frame=0 real_wsp=70001FDA shadow_wsp=70001FE4 master_wfp=70001FE4 ret=70166E20 depth=1
redirect seq=002009 caller=QUEST2 WRTN  DIST                 area_wfp=74003962 ret_pc=70168732 real_wsp=70001FD0 (was 7400394E) shadow_wsp=70001FD0 master_wfp=70001FE4 depth=0
redirect seq=002011 caller=QUEST2 WSAVS DIST                 pc=70168717 area_wfp=74003962 argc=4 frame=0 real_wsp=70001FDA shadow_wsp=70001FE4 master_wfp=70001FE4 ret=70166E20 depth=1
redirect seq=002013 caller=QUEST2 WRTN  DIST                 area_wfp=74003962 ret_pc=70168732 real_wsp=70001FD0 (was 7400394E) shadow_wsp=70001FD0 master_wfp=70001FE4 depth=0
redirect seq=002015 caller=QUEST2 WSAVS DIST                 pc=70168717 area_wfp=74003962 argc=4 frame=0 real_wsp=70001FDA shadow_wsp=70001FE4 master_wfp=70001FE4 ret=70166E20 depth=1
redirect seq=002017 caller=QUEST2 WRTN  DIST                 area_wfp=74003962 ret_pc=70168732 real_wsp=70001FD0 (was 7400394E) shadow_wsp=70001FD0 master_wfp=70001FE4 depth=0
redirect seq=002022 caller=QUEST2 WSAVS DIST                 pc=70168717 area_wfp=74003962 argc=4 frame=0 real_wsp=70001FDA shadow_wsp=70001FE4 master_wfp=70001FE4 ret=70166E20 depth=1
redirect seq=002024 caller=QUEST2 WRTN  DIST                 area_wfp=74003962 ret_pc=70168732 real_wsp=70001FD0 (was 7400394E) shadow_wsp=70001FD0 master_wfp=70001FE4 depth=0
redirect seq=002026 caller=QUEST2 WSAVS DIST                 pc=70168717 area_wfp=74003962 argc=4 frame=0 real_wsp=70001FDA shadow_wsp=70001FE4 master_wfp=70001FE4 ret=70166E20 depth=1
redirect seq=002028 caller=QUEST2 WRTN  DIST                 area_wfp=74003962 ret_pc=70168732 real_wsp=70001FD0 (was 7400394E) shadow_wsp=70001FD0 master_wfp=70001FE4 depth=0
redirect seq=002030 caller=QUEST2 WSAVS DIST                 pc=70168717 area_wfp=74003962 argc=4 frame=0 real_wsp=70001FDA shadow_wsp=70001FE4 master_wfp=70001FE4 ret=70166E20 depth=1
redirect seq=002032 caller=QUEST2 WRTN  DIST                 area_wfp=74003962 ret_pc=70168732 real_wsp=70001FD0 (was 7400394E) shadow_wsp=70001FD0 master_wfp=70001FE4 depth=0
redirect seq=002035 caller=QUEST2 WSAVS DIST                 pc=70168717 area_wfp=74003962 argc=4 frame=0 real_wsp=70001FDA shadow_wsp=70001FE4 master_wfp=70001FE4 ret=70166E20 depth=1
redirect seq=002039 caller=QUEST2 WRTN  DIST                 area_wfp=74003962 ret_pc=70168732 real_wsp=70001FD0 (was 7400394E) shadow_wsp=70001FD0 master_wfp=70001FE4 depth=0
redirect seq=002041 caller=QUEST2 WSAVS DIST                 pc=70168717 area_wfp=74003962 argc=4 frame=0 real_wsp=70001FDA shadow_wsp=70001FE4 master_wfp=70001FE4 ret=70166E20 depth=1
redirect seq=002043 caller=QUEST2 WRTN  DIST                 area_wfp=74003962 ret_pc=70168732 real_wsp=70001FD0 (was 7400394E) shadow_wsp=70001FD0 master_wfp=70001FE4 depth=0
redirect seq=002045 caller=QUEST2 WSAVS DIST                 pc=70168717 area_wfp=74003962 argc=4 frame=0 real_wsp=70001FDA shadow_wsp=70001FE4 master_wfp=70001FE4 ret=70166E20 depth=1
redirect seq=002047 caller=QUEST2 WRTN  DIST                 area_wfp=74003962 ret_pc=70168732 real_wsp=70001FD0 (was 7400394E) shadow_wsp=70001FD0 master_wfp=70001FE4 depth=0
redirect seq=002052 caller=QUEST2 WSAVS DIST                 pc=70168717 area_wfp=74003962 argc=4 frame=0 real_wsp=70001FDA shadow_wsp=70001FE4 master_wfp=70001FE4 ret=70166E20 depth=1
redirect seq=002054 caller=QUEST2 WRTN  DIST                 area_wfp=74003962 ret_pc=70168732 real_wsp=70001FD0 (was 7400394E) shadow_wsp=70001FD0 master_wfp=70001FE4 depth=0
redirect seq=002056 caller=QUEST2 WSAVS DIST                 pc=70168717 area_wfp=74003962 argc=4 frame=0 real_wsp=70001FDA shadow_wsp=70001FE4 master_wfp=70001FE4 ret=70166E20 depth=1
redirect seq=002058 caller=QUEST2 WRTN  DIST                 area_wfp=74003962 ret_pc=70168732 real_wsp=70001FD0 (was 7400394E) shadow_wsp=70001FD0 master_wfp=70001FE4 depth=0
redirect seq=002060 caller=QUEST2 WSAVS DIST                 pc=70168717 area_wfp=74003962 argc=4 frame=0 real_wsp=70001FDA shadow_wsp=70001FE4 master_wfp=70001FE4 ret=70166E20 depth=1
redirect seq=002062 caller=QUEST2 WRTN  DIST                 area_wfp=74003962 ret_pc=70168732 real_wsp=70001FD0 (was 7400394E) shadow_wsp=70001FD0 master_wfp=70001FE4 depth=0
redirect seq=002065 caller=QUEST2 WSAVS DIST                 pc=70168717 area_wfp=74003962 argc=4 frame=0 real_wsp=70001FDA shadow_wsp=70001FE4 master_wfp=70001FE4 ret=70166E20 depth=1
redirect seq=002069 caller=QUEST2 WRTN  DIST                 area_wfp=74003962 ret_pc=70168732 real_wsp=70001FD0 (was 7400394E) shadow_wsp=70001FD0 master_wfp=70001FE4 depth=0
redirect seq=002071 caller=QUEST2 WSAVS DIST                 pc=70168717 area_wfp=74003962 argc=4 frame=0 real_wsp=70001FDA shadow_wsp=70001FE4 master_wfp=70001FE4 ret=70166E20 depth=1
redirect seq=002073 caller=QUEST2 WRTN  DIST                 area_wfp=74003962 ret_pc=70168732 real_wsp=70001FD0 (was 7400394E) shadow_wsp=70001FD0 master_wfp=70001FE4 depth=0
redirect seq=002075 caller=QUEST2 WSAVS DIST                 pc=70168717 area_wfp=74003962 argc=4 frame=0 real_wsp=70001FDA shadow_wsp=70001FE4 master_wfp=70001FE4 ret=70166E20 depth=1
redirect seq=002077 caller=QUEST2 WRTN  DIST                 area_wfp=74003962 ret_pc=70168732 real_wsp=70001FD0 (was 7400394E) shadow_wsp=70001FD0 master_wfp=70001FE4 depth=0
redirect seq=002082 caller=QUEST2 WSAVS DIST                 pc=70168717 area_wfp=74003962 argc=4 frame=0 real_wsp=70001FDA shadow_wsp=70001FE4 master_wfp=70001FE4 ret=70166E20 depth=1
redirect seq=002084 caller=QUEST2 WRTN  DIST                 area_wfp=74003962 ret_pc=70168732 real_wsp=70001FD0 (was 7400394E) shadow_wsp=70001FD0 master_wfp=70001FE4 depth=0
redirect seq=002086 caller=QUEST2 WSAVS DIST                 pc=70168717 area_wfp=74003962 argc=4 frame=0 real_wsp=70001FDA shadow_wsp=70001FE4 master_wfp=70001FE4 ret=70166E20 depth=1
redirect seq=002088 caller=QUEST2 WRTN  DIST                 area_wfp=74003962 ret_pc=70168732 real_wsp=70001FD0 (was 7400394E) shadow_wsp=70001FD0 master_wfp=70001FE4 depth=0
redirect seq=002090 caller=QUEST2 WSAVS DIST                 pc=70168717 area_wfp=74003962 argc=4 frame=0 real_wsp=70001FDA shadow_wsp=70001FE4 master_wfp=70001FE4 ret=70166E20 depth=1
redirect seq=002092 caller=QUEST2 WRTN  DIST                 area_wfp=74003962 ret_pc=70168732 real_wsp=70001FD0 (was 7400394E) shadow_wsp=70001FD0 master_wfp=70001FE4 depth=0
redirect seq=002095 caller=QUEST2 WSAVS DIST                 pc=70168717 area_wfp=74003962 argc=4 frame=0 real_wsp=70001FDA shadow_wsp=70001FE4 master_wfp=70001FE4 ret=70166E20 depth=1
redirect seq=002099 caller=QUEST2 WRTN  DIST                 area_wfp=74003962 ret_pc=70168732 real_wsp=70001FD0 (was 7400394E) shadow_wsp=70001FD0 master_wfp=70001FE4 depth=0
redirect seq=002101 caller=QUEST2 WSAVS DIST                 pc=70168717 area_wfp=74003962 argc=4 frame=0 real_wsp=70001FDA shadow_wsp=70001FE4 master_wfp=70001FE4 ret=70166E20 depth=1
redirect seq=002103 caller=QUEST2 WRTN  DIST                 area_wfp=74003962 ret_pc=70168732 real_wsp=70001FD0 (was 7400394E) shadow_wsp=70001FD0 master_wfp=70001FE4 depth=0
redirect seq=002105 caller=QUEST2 WSAVS DIST                 pc=70168717 area_wfp=74003962 argc=4 frame=0 real_wsp=70001FDA shadow_wsp=70001FE4 master_wfp=70001FE4 ret=70166E20 depth=1
redirect seq=002107 caller=QUEST2 WRTN  DIST                 area_wfp=74003962 ret_pc=70168732 real_wsp=70001FD0 (was 7400394E) shadow_wsp=70001FD0 master_wfp=70001FE4 depth=0
redirect seq=002112 caller=QUEST2 WSAVS DIST                 pc=70168717 area_wfp=74003962 argc=4 frame=0 real_wsp=70001FDA shadow_wsp=70001FE4 master_wfp=70001FE4 ret=70166E20 depth=1
redirect seq=002114 caller=QUEST2 WRTN  DIST                 area_wfp=74003962 ret_pc=70168732 real_wsp=70001FD0 (was 7400394E) shadow_wsp=70001FD0 master_wfp=70001FE4 depth=0
redirect seq=002116 caller=QUEST2 WSAVS DIST                 pc=70168717 area_wfp=74003962 argc=4 frame=0 real_wsp=70001FDA shadow_wsp=70001FE4 master_wfp=70001FE4 ret=70166E20 depth=1
redirect seq=002118 caller=QUEST2 WRTN  DIST                 area_wfp=74003962 ret_pc=70168732 real_wsp=70001FD0 (was 7400394E) shadow_wsp=70001FD0 master_wfp=70001FE4 depth=0
redirect seq=002120 caller=QUEST2 WSAVS DIST                 pc=70168717 area_wfp=74003962 argc=4 frame=0 real_wsp=70001FDA shadow_wsp=70001FE4 master_wfp=70001FE4 ret=70166E20 depth=1
redirect seq=002122 caller=QUEST2 WRTN  DIST                 area_wfp=74003962 ret_pc=70168732 real_wsp=70001FD0 (was 7400394E) shadow_wsp=70001FD0 master_wfp=70001FE4 depth=0
redirect seq=002125 caller=QUEST2 WSAVS DIST                 pc=70168717 area_wfp=74003962 argc=4 frame=0 real_wsp=70001FDA shadow_wsp=70001FE4 master_wfp=70001FE4 ret=70166E20 depth=1
redirect seq=002129 caller=QUEST2 WRTN  DIST                 area_wfp=74003962 ret_pc=70168732 real_wsp=70001FD0 (was 7400394E) shadow_wsp=70001FD0 master_wfp=70001FE4 depth=0
redirect seq=002131 caller=QUEST2 WSAVS DIST                 pc=70168717 area_wfp=74003962 argc=4 frame=0 real_wsp=70001FDA shadow_wsp=70001FE4 master_wfp=70001FE4 ret=70166E20 depth=1
redirect seq=002133 caller=QUEST2 WRTN  DIST                 area_wfp=74003962 ret_pc=70168732 real_wsp=70001FD0 (was 7400394E) shadow_wsp=70001FD0 master_wfp=70001FE4 depth=0
redirect seq=002135 caller=QUEST2 WSAVS DIST                 pc=70168717 area_wfp=74003962 argc=4 frame=0 real_wsp=70001FDA shadow_wsp=70001FE4 master_wfp=70001FE4 ret=70166E20 depth=1
redirect seq=002137 caller=QUEST2 WRTN  DIST                 area_wfp=74003962 ret_pc=70168732 real_wsp=70001FD0 (was 7400394E) shadow_wsp=70001FD0 master_wfp=70001FE4 depth=0
redirect seq=002142 caller=QUEST2 WSAVS DIST                 pc=70168717 area_wfp=74003962 argc=4 frame=0 real_wsp=70001FDA shadow_wsp=70001FE4 master_wfp=70001FE4 ret=70166E20 depth=1
redirect seq=002144 caller=QUEST2 WRTN  DIST                 area_wfp=74003962 ret_pc=70168732 real_wsp=70001FD0 (was 7400394E) shadow_wsp=70001FD0 master_wfp=70001FE4 depth=0
redirect seq=002146 caller=QUEST2 WSAVS DIST                 pc=70168717 area_wfp=74003962 argc=4 frame=0 real_wsp=70001FDA shadow_wsp=70001FE4 master_wfp=70001FE4 ret=70166E20 depth=1
redirect seq=002148 caller=QUEST2 WRTN  DIST                 area_wfp=74003962 ret_pc=70168732 real_wsp=70001FD0 (was 7400394E) shadow_wsp=70001FD0 master_wfp=70001FE4 depth=0
redirect seq=002150 caller=QUEST2 WSAVS DIST                 pc=70168717 area_wfp=74003962 argc=4 frame=0 real_wsp=70001FDA shadow_wsp=70001FE4 master_wfp=70001FE4 ret=70166E20 depth=1
redirect seq=002152 caller=QUEST2 WRTN  DIST                 area_wfp=74003962 ret_pc=70168732 real_wsp=70001FD0 (was 7400394E) shadow_wsp=70001FD0 master_wfp=70001FE4 depth=0
redirect seq=002155 caller=QUEST2 WSAVS DIST                 pc=70168717 area_wfp=74003962 argc=4 frame=0 real_wsp=70001FDA shadow_wsp=70001FE4 master_wfp=70001FE4 ret=70166E20 depth=1
redirect seq=002159 caller=QUEST2 WRTN  DIST                 area_wfp=74003962 ret_pc=70168732 real_wsp=70001FD0 (was 7400394E) shadow_wsp=70001FD0 master_wfp=70001FE4 depth=0
redirect seq=002161 caller=QUEST2 WSAVS DIST                 pc=70168717 area_wfp=74003962 argc=4 frame=0 real_wsp=70001FDA shadow_wsp=70001FE4 master_wfp=70001FE4 ret=70166E20 depth=1
redirect seq=002163 caller=QUEST2 WRTN  DIST                 area_wfp=74003962 ret_pc=70168732 real_wsp=70001FD0 (was 7400394E) shadow_wsp=70001FD0 master_wfp=70001FE4 depth=0
redirect seq=002165 caller=QUEST2 WSAVS DIST                 pc=70168717 area_wfp=74003962 argc=4 frame=0 real_wsp=70001FDA shadow_wsp=70001FE4 master_wfp=70001FE4 ret=70166E20 depth=1
redirect seq=002167 caller=QUEST2 WRTN  DIST                 area_wfp=74003962 ret_pc=70168732 real_wsp=70001FD0 (was 7400394E) shadow_wsp=70001FD0 master_wfp=70001FE4 depth=0
redirect seq=002177 caller=QUEST2 WSAVS TERRITORY            pc=7017CD71 area_wfp=74009956 argc=6 frame=22 real_wsp=70001FDE shadow_wsp=70002014 master_wfp=70001FE8 ret=701670F2 depth=1
redirect seq=002230 caller=QUEST2 WRTN  TERRITORY            area_wfp=74009956 ret_pc=7017CFAF real_wsp=70001FD0 (was 7400993E) shadow_wsp=70001FD0 master_wfp=70001FE8 depth=0
redirect seq=002453 caller=QUEST2 WSAVS TERRAIN              pc=7017C877 area_wfp=740098DC argc=9 frame=15 real_wsp=700010F0 shadow_wsp=70001118 master_wfp=700010FA ret=7015C51C depth=1
redirect seq=002454 caller=QUEST2 WRTN  TERRAIN              area_wfp=740098DC ret_pc=7017CA4B real_wsp=700010DC (was 740098BE) shadow_wsp=700010DC master_wfp=700010FA depth=0
redirect seq=002466 caller=QUEST2 WSAVS GET_INPUT            pc=7016AA35 area_wfp=74003ECC argc=1 frame=41 real_wsp=70001150 shadow_wsp=700011AC master_wfp=7000115A ret=70178270 depth=1
redirect seq=002474 caller=QUEST2 WRTN  GET_INPUT            area_wfp=74003ECC ret_pc=7016AA66 real_wsp=7000114C (was 74003EBE) shadow_wsp=7000114C master_wfp=7000115A depth=0
redirect seq=002491 caller=QUEST2 WSAVS GET_INPUT            pc=7016AA35 area_wfp=74003ECC argc=1 frame=41 real_wsp=70001150 shadow_wsp=700011AC master_wfp=7000115A ret=70178270 depth=1
redirect seq=002499 caller=QUEST2 WRTN  GET_INPUT            area_wfp=74003ECC ret_pc=7016AA66 real_wsp=7000114C (was 74003EBE) shadow_wsp=7000114C master_wfp=7000115A depth=0
redirect seq=002503 caller=QUEST2 WSAVS OWNS                 pc=70175CBF area_wfp=7400711E argc=2 frame=3 real_wsp=70001152 shadow_wsp=70001162 master_wfp=7000115C ret=7017853B depth=1
redirect seq=002504 caller=QUEST2 WRTN  OWNS                 area_wfp=7400711E ret_pc=70175CEB real_wsp=7000114C (was 7400710E) shadow_wsp=7000114C master_wfp=7000115C depth=0
redirect seq=002506 caller=QUEST2 WSAVS STORMS_AT_SEA        pc=7017A695 area_wfp=74007ADC argc=1 frame=23 real_wsp=70001150 shadow_wsp=70001188 master_wfp=7000115A ret=7017880C depth=1
redirect seq=002509 caller=QUEST2 WRTN  STORMS_AT_SEA        area_wfp=74007ADC ret_pc=7017A7D4 real_wsp=7000114C (was 74007ACE) shadow_wsp=7000114C master_wfp=7000115A depth=0
redirect seq=002511 caller=QUEST2 WSAVS MOVE_FAMILIAR        pc=7016FC67 area_wfp=74005F4C argc=1 frame=97 real_wsp=70001150 shadow_wsp=7000121C master_wfp=7000115A ret=70178813 depth=1
redirect seq=002512 caller=QUEST2 WRTN  MOVE_FAMILIAR        area_wfp=74005F4C ret_pc=70170104 real_wsp=7000114C (was 74005F3E) shadow_wsp=7000114C master_wfp=7000115A depth=0
redirect seq=002514 caller=QUEST2 WSAVS SIGNAL_TURN          pc=70177BED area_wfp=740077BA argc=0 frame=13 real_wsp=7000114E shadow_wsp=70001172 master_wfp=70001158 ret=70178841 depth=1
redirect seq=002531 caller=QUEST2 WRTN  SIGNAL_TURN          area_wfp=740077BA ret_pc=70177F31 real_wsp=7000114C (was 740077AE) shadow_wsp=7000114C master_wfp=70001158 depth=0
redirect seq=002541 caller=QUEST2 WSAVS REGEN_SPELLS         pc=70176797 area_wfp=7400730A argc=0 frame=6 real_wsp=7000114E shadow_wsp=70001164 master_wfp=70001158 ret=70178869 depth=1
redirect seq=002543 caller=QUEST2 WRTN  REGEN_SPELLS         area_wfp=7400730A ret_pc=70176A15 real_wsp=7000114C (was 740072FE) shadow_wsp=7000114C master_wfp=70001158 depth=0
redirect seq=002549 caller=QUEST2 WSAVS DIST                 pc=70168717 area_wfp=74003962 argc=4 frame=0 real_wsp=700015AA shadow_wsp=700015B4 master_wfp=700015B4 ret=70166B8A depth=1
redirect seq=002551 caller=QUEST2 WRTN  DIST                 area_wfp=74003962 ret_pc=70168732 real_wsp=700015A0 (was 7400394E) shadow_wsp=700015A0 master_wfp=700015B4 depth=0
redirect seq=002553 caller=QUEST2 WSAVS DIST                 pc=70168717 area_wfp=74003962 argc=4 frame=0 real_wsp=700015AA shadow_wsp=700015B4 master_wfp=700015B4 ret=70166B8A depth=1
redirect seq=002555 caller=QUEST2 WRTN  DIST                 area_wfp=74003962 ret_pc=70168732 real_wsp=700015A0 (was 7400394E) shadow_wsp=700015A0 master_wfp=700015B4 depth=0
redirect seq=002557 caller=QUEST2 WSAVS DIST                 pc=70168717 area_wfp=74003962 argc=4 frame=0 real_wsp=700015AA shadow_wsp=700015B4 master_wfp=700015B4 ret=70166B8A depth=1
redirect seq=002559 caller=QUEST2 WRTN  DIST                 area_wfp=74003962 ret_pc=70168732 real_wsp=700015A0 (was 7400394E) shadow_wsp=700015A0 master_wfp=700015B4 depth=0
redirect seq=002564 caller=QUEST2 WSAVS DIST                 pc=70168717 area_wfp=74003962 argc=4 frame=0 real_wsp=700015AA shadow_wsp=700015B4 master_wfp=700015B4 ret=70166E20 depth=1
redirect seq=002566 caller=QUEST2 WRTN  DIST                 area_wfp=74003962 ret_pc=70168732 real_wsp=700015A0 (was 7400394E) shadow_wsp=700015A0 master_wfp=700015B4 depth=0
redirect seq=002568 caller=QUEST2 WSAVS DIST                 pc=70168717 area_wfp=74003962 argc=4 frame=0 real_wsp=700015AA shadow_wsp=700015B4 master_wfp=700015B4 ret=70166E20 depth=1
redirect seq=002570 caller=QUEST2 WRTN  DIST                 area_wfp=74003962 ret_pc=70168732 real_wsp=700015A0 (was 7400394E) shadow_wsp=700015A0 master_wfp=700015B4 depth=0
redirect seq=002572 caller=QUEST2 WSAVS DIST                 pc=70168717 area_wfp=74003962 argc=4 frame=0 real_wsp=700015AA shadow_wsp=700015B4 master_wfp=700015B4 ret=70166E20 depth=1
redirect seq=002574 caller=QUEST2 WRTN  DIST                 area_wfp=74003962 ret_pc=70168732 real_wsp=700015A0 (was 7400394E) shadow_wsp=700015A0 master_wfp=700015B4 depth=0
redirect seq=002579 caller=QUEST2 WSAVS DIST                 pc=70168717 area_wfp=74003962 argc=4 frame=0 real_wsp=700015AA shadow_wsp=700015B4 master_wfp=700015B4 ret=70166E20 depth=1
redirect seq=002581 caller=QUEST2 WRTN  DIST                 area_wfp=74003962 ret_pc=70168732 real_wsp=700015A0 (was 7400394E) shadow_wsp=700015A0 master_wfp=700015B4 depth=0
redirect seq=002583 caller=QUEST2 WSAVS DIST                 pc=70168717 area_wfp=74003962 argc=4 frame=0 real_wsp=700015AA shadow_wsp=700015B4 master_wfp=700015B4 ret=70166E20 depth=1
redirect seq=002585 caller=QUEST2 WRTN  DIST                 area_wfp=74003962 ret_pc=70168732 real_wsp=700015A0 (was 7400394E) shadow_wsp=700015A0 master_wfp=700015B4 depth=0
redirect seq=002587 caller=QUEST2 WSAVS DIST                 pc=70168717 area_wfp=74003962 argc=4 frame=0 real_wsp=700015AA shadow_wsp=700015B4 master_wfp=700015B4 ret=70166E20 depth=1
redirect seq=002589 caller=QUEST2 WRTN  DIST                 area_wfp=74003962 ret_pc=70168732 real_wsp=700015A0 (was 7400394E) shadow_wsp=700015A0 master_wfp=700015B4 depth=0
redirect seq=002593 caller=QUEST2 WSAVS DIST                 pc=70168717 area_wfp=74003962 argc=4 frame=0 real_wsp=700015AA shadow_wsp=700015B4 master_wfp=700015B4 ret=70166E20 depth=1
redirect seq=002595 caller=QUEST2 WRTN  DIST                 area_wfp=74003962 ret_pc=70168732 real_wsp=700015A0 (was 7400394E) shadow_wsp=700015A0 master_wfp=700015B4 depth=0
redirect seq=002597 caller=QUEST2 WSAVS DIST                 pc=70168717 area_wfp=74003962 argc=4 frame=0 real_wsp=700015AA shadow_wsp=700015B4 master_wfp=700015B4 ret=70166E20 depth=1
redirect seq=002600 caller=QUEST2 WRTN  DIST                 area_wfp=74003962 ret_pc=70168732 real_wsp=700015A0 (was 7400394E) shadow_wsp=700015A0 master_wfp=700015B4 depth=0
redirect seq=002602 caller=QUEST2 WSAVS DIST                 pc=70168717 area_wfp=74003962 argc=4 frame=0 real_wsp=700015AA shadow_wsp=700015B4 master_wfp=700015B4 ret=70166E20 depth=1
redirect seq=002604 caller=QUEST2 WRTN  DIST                 area_wfp=74003962 ret_pc=70168732 real_wsp=700015A0 (was 7400394E) shadow_wsp=700015A0 master_wfp=700015B4 depth=0
redirect seq=002609 caller=QUEST2 WSAVS DIST                 pc=70168717 area_wfp=74003962 argc=4 frame=0 real_wsp=700015AA shadow_wsp=700015B4 master_wfp=700015B4 ret=70166E20 depth=1
redirect seq=002611 caller=QUEST2 WRTN  DIST                 area_wfp=74003962 ret_pc=70168732 real_wsp=700015A0 (was 7400394E) shadow_wsp=700015A0 master_wfp=700015B4 depth=0
redirect seq=002613 caller=QUEST2 WSAVS DIST                 pc=70168717 area_wfp=74003962 argc=4 frame=0 real_wsp=700015AA shadow_wsp=700015B4 master_wfp=700015B4 ret=70166E20 depth=1
redirect seq=002615 caller=QUEST2 WRTN  DIST                 area_wfp=74003962 ret_pc=70168732 real_wsp=700015A0 (was 7400394E) shadow_wsp=700015A0 master_wfp=700015B4 depth=0
redirect seq=002617 caller=QUEST2 WSAVS DIST                 pc=70168717 area_wfp=74003962 argc=4 frame=0 real_wsp=700015AA shadow_wsp=700015B4 master_wfp=700015B4 ret=70166E20 depth=1
redirect seq=002619 caller=QUEST2 WRTN  DIST                 area_wfp=74003962 ret_pc=70168732 real_wsp=700015A0 (was 7400394E) shadow_wsp=700015A0 master_wfp=700015B4 depth=0
redirect seq=002624 caller=QUEST2 WSAVS DIST                 pc=70168717 area_wfp=74003962 argc=4 frame=0 real_wsp=700015AA shadow_wsp=700015B4 master_wfp=700015B4 ret=70166E20 depth=1
redirect seq=002626 caller=QUEST2 WRTN  DIST                 area_wfp=74003962 ret_pc=70168732 real_wsp=700015A0 (was 7400394E) shadow_wsp=700015A0 master_wfp=700015B4 depth=0
redirect seq=002628 caller=QUEST2 WSAVS DIST                 pc=70168717 area_wfp=74003962 argc=4 frame=0 real_wsp=700015AA shadow_wsp=700015B4 master_wfp=700015B4 ret=70166E20 depth=1
redirect seq=002630 caller=QUEST2 WRTN  DIST                 area_wfp=74003962 ret_pc=70168732 real_wsp=700015A0 (was 7400394E) shadow_wsp=700015A0 master_wfp=700015B4 depth=0
redirect seq=002632 caller=QUEST2 WSAVS DIST                 pc=70168717 area_wfp=74003962 argc=4 frame=0 real_wsp=700015AA shadow_wsp=700015B4 master_wfp=700015B4 ret=70166E20 depth=1
redirect seq=002635 caller=QUEST2 WRTN  DIST                 area_wfp=74003962 ret_pc=70168732 real_wsp=700015A0 (was 7400394E) shadow_wsp=700015A0 master_wfp=700015B4 depth=0
redirect seq=002637 caller=QUEST2 WSAVS DIST                 pc=70168717 area_wfp=74003962 argc=4 frame=0 real_wsp=700015AA shadow_wsp=700015B4 master_wfp=700015B4 ret=70166E20 depth=1
redirect seq=002641 caller=QUEST2 WRTN  DIST                 area_wfp=74003962 ret_pc=70168732 real_wsp=700015A0 (was 7400394E) shadow_wsp=700015A0 master_wfp=700015B4 depth=0
redirect seq=002643 caller=QUEST2 WSAVS DIST                 pc=70168717 area_wfp=74003962 argc=4 frame=0 real_wsp=700015AA shadow_wsp=700015B4 master_wfp=700015B4 ret=70166E20 depth=1
redirect seq=002645 caller=QUEST2 WRTN  DIST                 area_wfp=74003962 ret_pc=70168732 real_wsp=700015A0 (was 7400394E) shadow_wsp=700015A0 master_wfp=700015B4 depth=0
redirect seq=002647 caller=QUEST2 WSAVS DIST                 pc=70168717 area_wfp=74003962 argc=4 frame=0 real_wsp=700015AA shadow_wsp=700015B4 master_wfp=700015B4 ret=70166E20 depth=1
redirect seq=002649 caller=QUEST2 WRTN  DIST                 area_wfp=74003962 ret_pc=70168732 real_wsp=700015A0 (was 7400394E) shadow_wsp=700015A0 master_wfp=700015B4 depth=0
redirect seq=002654 caller=QUEST2 WSAVS DIST                 pc=70168717 area_wfp=74003962 argc=4 frame=0 real_wsp=700015AA shadow_wsp=700015B4 master_wfp=700015B4 ret=70166E20 depth=1
redirect seq=002656 caller=QUEST2 WRTN  DIST                 area_wfp=74003962 ret_pc=70168732 real_wsp=700015A0 (was 7400394E) shadow_wsp=700015A0 master_wfp=700015B4 depth=0
redirect seq=002658 caller=QUEST2 WSAVS DIST                 pc=70168717 area_wfp=74003962 argc=4 frame=0 real_wsp=700015AA shadow_wsp=700015B4 master_wfp=700015B4 ret=70166E20 depth=1
redirect seq=002660 caller=QUEST2 WRTN  DIST                 area_wfp=74003962 ret_pc=70168732 real_wsp=700015A0 (was 7400394E) shadow_wsp=700015A0 master_wfp=700015B4 depth=0
redirect seq=002662 caller=QUEST2 WSAVS DIST                 pc=70168717 area_wfp=74003962 argc=4 frame=0 real_wsp=700015AA shadow_wsp=700015B4 master_wfp=700015B4 ret=70166E20 depth=1
redirect seq=002664 caller=QUEST2 WRTN  DIST                 area_wfp=74003962 ret_pc=70168732 real_wsp=700015A0 (was 7400394E) shadow_wsp=700015A0 master_wfp=700015B4 depth=0
redirect seq=002668 caller=QUEST2 WSAVS DIST                 pc=70168717 area_wfp=74003962 argc=4 frame=0 real_wsp=700015AA shadow_wsp=700015B4 master_wfp=700015B4 ret=70166E20 depth=1
redirect seq=002670 caller=QUEST2 WRTN  DIST                 area_wfp=74003962 ret_pc=70168732 real_wsp=700015A0 (was 7400394E) shadow_wsp=700015A0 master_wfp=700015B4 depth=0
redirect seq=002672 caller=QUEST2 WSAVS DIST                 pc=70168717 area_wfp=74003962 argc=4 frame=0 real_wsp=700015AA shadow_wsp=700015B4 master_wfp=700015B4 ret=70166E20 depth=1
redirect seq=002675 caller=QUEST2 WRTN  DIST                 area_wfp=74003962 ret_pc=70168732 real_wsp=700015A0 (was 7400394E) shadow_wsp=700015A0 master_wfp=700015B4 depth=0
redirect seq=002677 caller=QUEST2 WSAVS DIST                 pc=70168717 area_wfp=74003962 argc=4 frame=0 real_wsp=700015AA shadow_wsp=700015B4 master_wfp=700015B4 ret=70166E20 depth=1
redirect seq=002679 caller=QUEST2 WRTN  DIST                 area_wfp=74003962 ret_pc=70168732 real_wsp=700015A0 (was 7400394E) shadow_wsp=700015A0 master_wfp=700015B4 depth=0
redirect seq=002684 caller=QUEST2 WSAVS DIST                 pc=70168717 area_wfp=74003962 argc=4 frame=0 real_wsp=700015AA shadow_wsp=700015B4 master_wfp=700015B4 ret=70166E20 depth=1
redirect seq=002686 caller=QUEST2 WRTN  DIST                 area_wfp=74003962 ret_pc=70168732 real_wsp=700015A0 (was 7400394E) shadow_wsp=700015A0 master_wfp=700015B4 depth=0
redirect seq=002688 caller=QUEST2 WSAVS DIST                 pc=70168717 area_wfp=74003962 argc=4 frame=0 real_wsp=700015AA shadow_wsp=700015B4 master_wfp=700015B4 ret=70166E20 depth=1
redirect seq=002690 caller=QUEST2 WRTN  DIST                 area_wfp=74003962 ret_pc=70168732 real_wsp=700015A0 (was 7400394E) shadow_wsp=700015A0 master_wfp=700015B4 depth=0
redirect seq=002692 caller=QUEST2 WSAVS DIST                 pc=70168717 area_wfp=74003962 argc=4 frame=0 real_wsp=700015AA shadow_wsp=700015B4 master_wfp=700015B4 ret=70166E20 depth=1
redirect seq=002694 caller=QUEST2 WRTN  DIST                 area_wfp=74003962 ret_pc=70168732 real_wsp=700015A0 (was 7400394E) shadow_wsp=700015A0 master_wfp=700015B4 depth=0
redirect seq=002699 caller=QUEST2 WSAVS DIST                 pc=70168717 area_wfp=74003962 argc=4 frame=0 real_wsp=700015AA shadow_wsp=700015B4 master_wfp=700015B4 ret=70166E20 depth=1
redirect seq=002701 caller=QUEST2 WRTN  DIST                 area_wfp=74003962 ret_pc=70168732 real_wsp=700015A0 (was 7400394E) shadow_wsp=700015A0 master_wfp=700015B4 depth=0
redirect seq=002703 caller=QUEST2 WSAVS DIST                 pc=70168717 area_wfp=74003962 argc=4 frame=0 real_wsp=700015AA shadow_wsp=700015B4 master_wfp=700015B4 ret=70166E20 depth=1
redirect seq=002705 caller=QUEST2 WRTN  DIST                 area_wfp=74003962 ret_pc=70168732 real_wsp=700015A0 (was 7400394E) shadow_wsp=700015A0 master_wfp=700015B4 depth=0
redirect seq=002707 caller=QUEST2 WSAVS DIST                 pc=70168717 area_wfp=74003962 argc=4 frame=0 real_wsp=700015AA shadow_wsp=700015B4 master_wfp=700015B4 ret=70166E20 depth=1
redirect seq=002709 caller=QUEST2 WRTN  DIST                 area_wfp=74003962 ret_pc=70168732 real_wsp=700015A0 (was 7400394E) shadow_wsp=700015A0 master_wfp=700015B4 depth=0
redirect seq=002712 caller=QUEST2 WSAVS DIST                 pc=70168717 area_wfp=74003962 argc=4 frame=0 real_wsp=700015AA shadow_wsp=700015B4 master_wfp=700015B4 ret=70166E20 depth=1
redirect seq=002714 caller=QUEST2 WRTN  DIST                 area_wfp=74003962 ret_pc=70168732 real_wsp=700015A0 (was 7400394E) shadow_wsp=700015A0 master_wfp=700015B4 depth=0
redirect seq=002718 caller=QUEST2 WSAVS DIST                 pc=70168717 area_wfp=74003962 argc=4 frame=0 real_wsp=700015AA shadow_wsp=700015B4 master_wfp=700015B4 ret=70166E20 depth=1
redirect seq=002720 caller=QUEST2 WRTN  DIST                 area_wfp=74003962 ret_pc=70168732 real_wsp=700015A0 (was 7400394E) shadow_wsp=700015A0 master_wfp=700015B4 depth=0
redirect seq=002722 caller=QUEST2 WSAVS DIST                 pc=70168717 area_wfp=74003962 argc=4 frame=0 real_wsp=700015AA shadow_wsp=700015B4 master_wfp=700015B4 ret=70166E20 depth=1
redirect seq=002724 caller=QUEST2 WRTN  DIST                 area_wfp=74003962 ret_pc=70168732 real_wsp=700015A0 (was 7400394E) shadow_wsp=700015A0 master_wfp=700015B4 depth=0
redirect seq=002729 caller=QUEST2 WSAVS DIST                 pc=70168717 area_wfp=74003962 argc=4 frame=0 real_wsp=700015AA shadow_wsp=700015B4 master_wfp=700015B4 ret=70166E20 depth=1
redirect seq=002731 caller=QUEST2 WRTN  DIST                 area_wfp=74003962 ret_pc=70168732 real_wsp=700015A0 (was 7400394E) shadow_wsp=700015A0 master_wfp=700015B4 depth=0
redirect seq=002733 caller=QUEST2 WSAVS DIST                 pc=70168717 area_wfp=74003962 argc=4 frame=0 real_wsp=700015AA shadow_wsp=700015B4 master_wfp=700015B4 ret=70166E20 depth=1
redirect seq=002735 caller=QUEST2 WRTN  DIST                 area_wfp=74003962 ret_pc=70168732 real_wsp=700015A0 (was 7400394E) shadow_wsp=700015A0 master_wfp=700015B4 depth=0
redirect seq=002737 caller=QUEST2 WSAVS DIST                 pc=70168717 area_wfp=74003962 argc=4 frame=0 real_wsp=700015AA shadow_wsp=700015B4 master_wfp=700015B4 ret=70166E20 depth=1
redirect seq=002739 caller=QUEST2 WRTN  DIST                 area_wfp=74003962 ret_pc=70168732 real_wsp=700015A0 (was 7400394E) shadow_wsp=700015A0 master_wfp=700015B4 depth=0
redirect seq=002744 caller=QUEST2 WSAVS DIST                 pc=70168717 area_wfp=74003962 argc=4 frame=0 real_wsp=700015AA shadow_wsp=700015B4 master_wfp=700015B4 ret=70166E20 depth=1
redirect seq=002746 caller=QUEST2 WRTN  DIST                 area_wfp=74003962 ret_pc=70168732 real_wsp=700015A0 (was 7400394E) shadow_wsp=700015A0 master_wfp=700015B4 depth=0
redirect seq=002748 caller=QUEST2 WSAVS DIST                 pc=70168717 area_wfp=74003962 argc=4 frame=0 real_wsp=700015AA shadow_wsp=700015B4 master_wfp=700015B4 ret=70166E20 depth=1
redirect seq=002750 caller=QUEST2 WRTN  DIST                 area_wfp=74003962 ret_pc=70168732 real_wsp=700015A0 (was 7400394E) shadow_wsp=700015A0 master_wfp=700015B4 depth=0
redirect seq=002752 caller=QUEST2 WSAVS DIST                 pc=70168717 area_wfp=74003962 argc=4 frame=0 real_wsp=700015AA shadow_wsp=700015B4 master_wfp=700015B4 ret=70166E20 depth=1
redirect seq=002754 caller=QUEST2 WRTN  DIST                 area_wfp=74003962 ret_pc=70168732 real_wsp=700015A0 (was 7400394E) shadow_wsp=700015A0 master_wfp=700015B4 depth=0
redirect seq=002758 caller=QUEST2 WSAVS DIST                 pc=70168717 area_wfp=74003962 argc=4 frame=0 real_wsp=700015AA shadow_wsp=700015B4 master_wfp=700015B4 ret=70166E20 depth=1
redirect seq=002760 caller=QUEST2 WRTN  DIST                 area_wfp=74003962 ret_pc=70168732 real_wsp=700015A0 (was 7400394E) shadow_wsp=700015A0 master_wfp=700015B4 depth=0
redirect seq=002762 caller=QUEST2 WSAVS DIST                 pc=70168717 area_wfp=74003962 argc=4 frame=0 real_wsp=700015AA shadow_wsp=700015B4 master_wfp=700015B4 ret=70166E20 depth=1
redirect seq=002764 caller=QUEST2 WRTN  DIST                 area_wfp=74003962 ret_pc=70168732 real_wsp=700015A0 (was 7400394E) shadow_wsp=700015A0 master_wfp=700015B4 depth=0
redirect seq=002767 caller=QUEST2 WSAVS DIST                 pc=70168717 area_wfp=74003962 argc=4 frame=0 real_wsp=700015AA shadow_wsp=700015B4 master_wfp=700015B4 ret=70166E20 depth=1
redirect seq=002769 caller=QUEST2 WRTN  DIST                 area_wfp=74003962 ret_pc=70168732 real_wsp=700015A0 (was 7400394E) shadow_wsp=700015A0 master_wfp=700015B4 depth=0
redirect seq=002774 caller=QUEST2 WSAVS DIST                 pc=70168717 area_wfp=74003962 argc=4 frame=0 real_wsp=700015AA shadow_wsp=700015B4 master_wfp=700015B4 ret=70166E20 depth=1
redirect seq=002776 caller=QUEST2 WRTN  DIST                 area_wfp=74003962 ret_pc=70168732 real_wsp=700015A0 (was 7400394E) shadow_wsp=700015A0 master_wfp=700015B4 depth=0
redirect seq=002778 caller=QUEST2 WSAVS DIST                 pc=70168717 area_wfp=74003962 argc=4 frame=0 real_wsp=700015AA shadow_wsp=700015B4 master_wfp=700015B4 ret=70166E20 depth=1
redirect seq=002780 caller=QUEST2 WRTN  DIST                 area_wfp=74003962 ret_pc=70168732 real_wsp=700015A0 (was 7400394E) shadow_wsp=700015A0 master_wfp=700015B4 depth=0
redirect seq=002782 caller=QUEST2 WSAVS DIST                 pc=70168717 area_wfp=74003962 argc=4 frame=0 real_wsp=700015AA shadow_wsp=700015B4 master_wfp=700015B4 ret=70166E20 depth=1
redirect seq=002784 caller=QUEST2 WRTN  DIST                 area_wfp=74003962 ret_pc=70168732 real_wsp=700015A0 (was 7400394E) shadow_wsp=700015A0 master_wfp=700015B4 depth=0
redirect seq=002788 caller=QUEST2 WSAVS DIST                 pc=70168717 area_wfp=74003962 argc=4 frame=0 real_wsp=700015AA shadow_wsp=700015B4 master_wfp=700015B4 ret=70166E20 depth=1
redirect seq=002790 caller=QUEST2 WRTN  DIST                 area_wfp=74003962 ret_pc=70168732 real_wsp=700015A0 (was 7400394E) shadow_wsp=700015A0 master_wfp=700015B4 depth=0
redirect seq=002792 caller=QUEST2 WSAVS DIST                 pc=70168717 area_wfp=74003962 argc=4 frame=0 real_wsp=700015AA shadow_wsp=700015B4 master_wfp=700015B4 ret=70166E20 depth=1
redirect seq=002795 caller=QUEST2 WRTN  DIST                 area_wfp=74003962 ret_pc=70168732 real_wsp=700015A0 (was 7400394E) shadow_wsp=700015A0 master_wfp=700015B4 depth=0
redirect seq=002797 caller=QUEST2 WSAVS DIST                 pc=70168717 area_wfp=74003962 argc=4 frame=0 real_wsp=700015AA shadow_wsp=700015B4 master_wfp=700015B4 ret=70166E20 depth=1
redirect seq=002799 caller=QUEST2 WRTN  DIST                 area_wfp=74003962 ret_pc=70168732 real_wsp=700015A0 (was 7400394E) shadow_wsp=700015A0 master_wfp=700015B4 depth=0
redirect seq=002804 caller=QUEST2 WSAVS DIST                 pc=70168717 area_wfp=74003962 argc=4 frame=0 real_wsp=700015AA shadow_wsp=700015B4 master_wfp=700015B4 ret=70166E20 depth=1
redirect seq=002806 caller=QUEST2 WRTN  DIST                 area_wfp=74003962 ret_pc=70168732 real_wsp=700015A0 (was 7400394E) shadow_wsp=700015A0 master_wfp=700015B4 depth=0
redirect seq=002808 caller=QUEST2 WSAVS DIST                 pc=70168717 area_wfp=74003962 argc=4 frame=0 real_wsp=700015AA shadow_wsp=700015B4 master_wfp=700015B4 ret=70166E20 depth=1
redirect seq=002810 caller=QUEST2 WRTN  DIST                 area_wfp=74003962 ret_pc=70168732 real_wsp=700015A0 (was 7400394E) shadow_wsp=700015A0 master_wfp=700015B4 depth=0
redirect seq=002812 caller=QUEST2 WSAVS DIST                 pc=70168717 area_wfp=74003962 argc=4 frame=0 real_wsp=700015AA shadow_wsp=700015B4 master_wfp=700015B4 ret=70166E20 depth=1
redirect seq=002814 caller=QUEST2 WRTN  DIST                 area_wfp=74003962 ret_pc=70168732 real_wsp=700015A0 (was 7400394E) shadow_wsp=700015A0 master_wfp=700015B4 depth=0
redirect seq=002817 caller=QUEST2 WSAVS DIST                 pc=70168717 area_wfp=74003962 argc=4 frame=0 real_wsp=700015AA shadow_wsp=700015B4 master_wfp=700015B4 ret=70166E20 depth=1
redirect seq=002821 caller=QUEST2 WRTN  DIST                 area_wfp=74003962 ret_pc=70168732 real_wsp=700015A0 (was 7400394E) shadow_wsp=700015A0 master_wfp=700015B4 depth=0
redirect seq=002823 caller=QUEST2 WSAVS DIST                 pc=70168717 area_wfp=74003962 argc=4 frame=0 real_wsp=700015AA shadow_wsp=700015B4 master_wfp=700015B4 ret=70166E20 depth=1
redirect seq=002825 caller=QUEST2 WRTN  DIST                 area_wfp=74003962 ret_pc=70168732 real_wsp=700015A0 (was 7400394E) shadow_wsp=700015A0 master_wfp=700015B4 depth=0
redirect seq=002827 caller=QUEST2 WSAVS DIST                 pc=70168717 area_wfp=74003962 argc=4 frame=0 real_wsp=700015AA shadow_wsp=700015B4 master_wfp=700015B4 ret=70166E20 depth=1
redirect seq=002829 caller=QUEST2 WRTN  DIST                 area_wfp=74003962 ret_pc=70168732 real_wsp=700015A0 (was 7400394E) shadow_wsp=700015A0 master_wfp=700015B4 depth=0
redirect seq=002834 caller=QUEST2 WSAVS DIST                 pc=70168717 area_wfp=74003962 argc=4 frame=0 real_wsp=700015AA shadow_wsp=700015B4 master_wfp=700015B4 ret=70166E20 depth=1
redirect seq=002836 caller=QUEST2 WRTN  DIST                 area_wfp=74003962 ret_pc=70168732 real_wsp=700015A0 (was 7400394E) shadow_wsp=700015A0 master_wfp=700015B4 depth=0
redirect seq=002838 caller=QUEST2 WSAVS DIST                 pc=70168717 area_wfp=74003962 argc=4 frame=0 real_wsp=700015AA shadow_wsp=700015B4 master_wfp=700015B4 ret=70166E20 depth=1
redirect seq=002840 caller=QUEST2 WRTN  DIST                 area_wfp=74003962 ret_pc=70168732 real_wsp=700015A0 (was 7400394E) shadow_wsp=700015A0 master_wfp=700015B4 depth=0
redirect seq=002842 caller=QUEST2 WSAVS DIST                 pc=70168717 area_wfp=74003962 argc=4 frame=0 real_wsp=700015AA shadow_wsp=700015B4 master_wfp=700015B4 ret=70166E20 depth=1
redirect seq=002844 caller=QUEST2 WRTN  DIST                 area_wfp=74003962 ret_pc=70168732 real_wsp=700015A0 (was 7400394E) shadow_wsp=700015A0 master_wfp=700015B4 depth=0
redirect seq=002849 caller=QUEST2 WSAVS DIST                 pc=70168717 area_wfp=74003962 argc=4 frame=0 real_wsp=700015AA shadow_wsp=700015B4 master_wfp=700015B4 ret=70166E20 depth=1
redirect seq=002851 caller=QUEST2 WRTN  DIST                 area_wfp=74003962 ret_pc=70168732 real_wsp=700015A0 (was 7400394E) shadow_wsp=700015A0 master_wfp=700015B4 depth=0
redirect seq=002853 caller=QUEST2 WSAVS DIST                 pc=70168717 area_wfp=74003962 argc=4 frame=0 real_wsp=700015AA shadow_wsp=700015B4 master_wfp=700015B4 ret=70166E20 depth=1
redirect seq=002855 caller=QUEST2 WRTN  DIST                 area_wfp=74003962 ret_pc=70168732 real_wsp=700015A0 (was 7400394E) shadow_wsp=700015A0 master_wfp=700015B4 depth=0
redirect seq=002857 caller=QUEST2 WSAVS DIST                 pc=70168717 area_wfp=74003962 argc=4 frame=0 real_wsp=700015AA shadow_wsp=700015B4 master_wfp=700015B4 ret=70166E20 depth=1
redirect seq=002859 caller=QUEST2 WRTN  DIST                 area_wfp=74003962 ret_pc=70168732 real_wsp=700015A0 (was 7400394E) shadow_wsp=700015A0 master_wfp=700015B4 depth=0
redirect seq=002863 caller=QUEST2 WSAVS DIST                 pc=70168717 area_wfp=74003962 argc=4 frame=0 real_wsp=700015AA shadow_wsp=700015B4 master_wfp=700015B4 ret=70166E20 depth=1
redirect seq=002865 caller=QUEST2 WRTN  DIST                 area_wfp=74003962 ret_pc=70168732 real_wsp=700015A0 (was 7400394E) shadow_wsp=700015A0 master_wfp=700015B4 depth=0
redirect seq=002867 caller=QUEST2 WSAVS DIST                 pc=70168717 area_wfp=74003962 argc=4 frame=0 real_wsp=700015AA shadow_wsp=700015B4 master_wfp=700015B4 ret=70166E20 depth=1
redirect seq=002869 caller=QUEST2 WRTN  DIST                 area_wfp=74003962 ret_pc=70168732 real_wsp=700015A0 (was 7400394E) shadow_wsp=700015A0 master_wfp=700015B4 depth=0
redirect seq=002872 caller=QUEST2 WSAVS DIST                 pc=70168717 area_wfp=74003962 argc=4 frame=0 real_wsp=700015AA shadow_wsp=700015B4 master_wfp=700015B4 ret=70166E20 depth=1
redirect seq=002874 caller=QUEST2 WRTN  DIST                 area_wfp=74003962 ret_pc=70168732 real_wsp=700015A0 (was 7400394E) shadow_wsp=700015A0 master_wfp=700015B4 depth=0
redirect seq=002879 caller=QUEST2 WSAVS DIST                 pc=70168717 area_wfp=74003962 argc=4 frame=0 real_wsp=700015AA shadow_wsp=700015B4 master_wfp=700015B4 ret=70166E20 depth=1
redirect seq=002881 caller=QUEST2 WRTN  DIST                 area_wfp=74003962 ret_pc=70168732 real_wsp=700015A0 (was 7400394E) shadow_wsp=700015A0 master_wfp=700015B4 depth=0
redirect seq=002883 caller=QUEST2 WSAVS DIST                 pc=70168717 area_wfp=74003962 argc=4 frame=0 real_wsp=700015AA shadow_wsp=700015B4 master_wfp=700015B4 ret=70166E20 depth=1
redirect seq=002885 caller=QUEST2 WRTN  DIST                 area_wfp=74003962 ret_pc=70168732 real_wsp=700015A0 (was 7400394E) shadow_wsp=700015A0 master_wfp=700015B4 depth=0
redirect seq=002887 caller=QUEST2 WSAVS DIST                 pc=70168717 area_wfp=74003962 argc=4 frame=0 real_wsp=700015AA shadow_wsp=700015B4 master_wfp=700015B4 ret=70166E20 depth=1
redirect seq=002889 caller=QUEST2 WRTN  DIST                 area_wfp=74003962 ret_pc=70168732 real_wsp=700015A0 (was 7400394E) shadow_wsp=700015A0 master_wfp=700015B4 depth=0
redirect seq=002893 caller=QUEST2 WSAVS DIST                 pc=70168717 area_wfp=74003962 argc=4 frame=0 real_wsp=700015AA shadow_wsp=700015B4 master_wfp=700015B4 ret=70166E20 depth=1
redirect seq=002895 caller=QUEST2 WRTN  DIST                 area_wfp=74003962 ret_pc=70168732 real_wsp=700015A0 (was 7400394E) shadow_wsp=700015A0 master_wfp=700015B4 depth=0
redirect seq=002897 caller=QUEST2 WSAVS DIST                 pc=70168717 area_wfp=74003962 argc=4 frame=0 real_wsp=700015AA shadow_wsp=700015B4 master_wfp=700015B4 ret=70166E20 depth=1
redirect seq=002899 caller=QUEST2 WRTN  DIST                 area_wfp=74003962 ret_pc=70168732 real_wsp=700015A0 (was 7400394E) shadow_wsp=700015A0 master_wfp=700015B4 depth=0
redirect seq=002902 caller=QUEST2 WSAVS DIST                 pc=70168717 area_wfp=74003962 argc=4 frame=0 real_wsp=700015AA shadow_wsp=700015B4 master_wfp=700015B4 ret=70166E20 depth=1
redirect seq=002904 caller=QUEST2 WRTN  DIST                 area_wfp=74003962 ret_pc=70168732 real_wsp=700015A0 (was 7400394E) shadow_wsp=700015A0 master_wfp=700015B4 depth=0
redirect seq=002909 caller=QUEST2 WSAVS DIST                 pc=70168717 area_wfp=74003962 argc=4 frame=0 real_wsp=700015AA shadow_wsp=700015B4 master_wfp=700015B4 ret=70166E20 depth=1
redirect seq=002911 caller=QUEST2 WRTN  DIST                 area_wfp=74003962 ret_pc=70168732 real_wsp=700015A0 (was 7400394E) shadow_wsp=700015A0 master_wfp=700015B4 depth=0
redirect seq=002913 caller=QUEST2 WSAVS DIST                 pc=70168717 area_wfp=74003962 argc=4 frame=0 real_wsp=700015AA shadow_wsp=700015B4 master_wfp=700015B4 ret=70166E20 depth=1
redirect seq=002915 caller=QUEST2 WRTN  DIST                 area_wfp=74003962 ret_pc=70168732 real_wsp=700015A0 (was 7400394E) shadow_wsp=700015A0 master_wfp=700015B4 depth=0
redirect seq=002917 caller=QUEST2 WSAVS DIST                 pc=70168717 area_wfp=74003962 argc=4 frame=0 real_wsp=700015AA shadow_wsp=700015B4 master_wfp=700015B4 ret=70166E20 depth=1
redirect seq=002919 caller=QUEST2 WRTN  DIST                 area_wfp=74003962 ret_pc=70168732 real_wsp=700015A0 (was 7400394E) shadow_wsp=700015A0 master_wfp=700015B4 depth=0
redirect seq=002923 caller=QUEST2 WSAVS DIST                 pc=70168717 area_wfp=74003962 argc=4 frame=0 real_wsp=700015AA shadow_wsp=700015B4 master_wfp=700015B4 ret=70166E20 depth=1
redirect seq=002925 caller=QUEST2 WRTN  DIST                 area_wfp=74003962 ret_pc=70168732 real_wsp=700015A0 (was 7400394E) shadow_wsp=700015A0 master_wfp=700015B4 depth=0
redirect seq=002927 caller=QUEST2 WSAVS DIST                 pc=70168717 area_wfp=74003962 argc=4 frame=0 real_wsp=700015AA shadow_wsp=700015B4 master_wfp=700015B4 ret=70166E20 depth=1
redirect seq=002929 caller=QUEST2 WRTN  DIST                 area_wfp=74003962 ret_pc=70168732 real_wsp=700015A0 (was 7400394E) shadow_wsp=700015A0 master_wfp=700015B4 depth=0
redirect seq=002932 caller=QUEST2 WSAVS DIST                 pc=70168717 area_wfp=74003962 argc=4 frame=0 real_wsp=700015AA shadow_wsp=700015B4 master_wfp=700015B4 ret=70166E20 depth=1
redirect seq=002934 caller=QUEST2 WRTN  DIST                 area_wfp=74003962 ret_pc=70168732 real_wsp=700015A0 (was 7400394E) shadow_wsp=700015A0 master_wfp=700015B4 depth=0
redirect seq=002939 caller=QUEST2 WSAVS DIST                 pc=70168717 area_wfp=74003962 argc=4 frame=0 real_wsp=700015AA shadow_wsp=700015B4 master_wfp=700015B4 ret=70166E20 depth=1
redirect seq=002941 caller=QUEST2 WRTN  DIST                 area_wfp=74003962 ret_pc=70168732 real_wsp=700015A0 (was 7400394E) shadow_wsp=700015A0 master_wfp=700015B4 depth=0
redirect seq=002943 caller=QUEST2 WSAVS DIST                 pc=70168717 area_wfp=74003962 argc=4 frame=0 real_wsp=700015AA shadow_wsp=700015B4 master_wfp=700015B4 ret=70166E20 depth=1
redirect seq=002945 caller=QUEST2 WRTN  DIST                 area_wfp=74003962 ret_pc=70168732 real_wsp=700015A0 (was 7400394E) shadow_wsp=700015A0 master_wfp=700015B4 depth=0
redirect seq=002947 caller=QUEST2 WSAVS DIST                 pc=70168717 area_wfp=74003962 argc=4 frame=0 real_wsp=700015AA shadow_wsp=700015B4 master_wfp=700015B4 ret=70166E20 depth=1
redirect seq=002949 caller=QUEST2 WRTN  DIST                 area_wfp=74003962 ret_pc=70168732 real_wsp=700015A0 (was 7400394E) shadow_wsp=700015A0 master_wfp=700015B4 depth=0
redirect seq=002954 caller=QUEST2 WSAVS DIST                 pc=70168717 area_wfp=74003962 argc=4 frame=0 real_wsp=700015AA shadow_wsp=700015B4 master_wfp=700015B4 ret=70166E20 depth=1
redirect seq=002956 caller=QUEST2 WRTN  DIST                 area_wfp=74003962 ret_pc=70168732 real_wsp=700015A0 (was 7400394E) shadow_wsp=700015A0 master_wfp=700015B4 depth=0
redirect seq=002958 caller=QUEST2 WSAVS DIST                 pc=70168717 area_wfp=74003962 argc=4 frame=0 real_wsp=700015AA shadow_wsp=700015B4 master_wfp=700015B4 ret=70166E20 depth=1
redirect seq=002960 caller=QUEST2 WRTN  DIST                 area_wfp=74003962 ret_pc=70168732 real_wsp=700015A0 (was 7400394E) shadow_wsp=700015A0 master_wfp=700015B4 depth=0
redirect seq=002962 caller=QUEST2 WSAVS DIST                 pc=70168717 area_wfp=74003962 argc=4 frame=0 real_wsp=700015AA shadow_wsp=700015B4 master_wfp=700015B4 ret=70166E20 depth=1
redirect seq=002965 caller=QUEST2 WRTN  DIST                 area_wfp=74003962 ret_pc=70168732 real_wsp=700015A0 (was 7400394E) shadow_wsp=700015A0 master_wfp=700015B4 depth=0
redirect seq=002967 caller=QUEST2 WSAVS DIST                 pc=70168717 area_wfp=74003962 argc=4 frame=0 real_wsp=700015AA shadow_wsp=700015B4 master_wfp=700015B4 ret=70166E20 depth=1
redirect seq=002971 caller=QUEST2 WRTN  DIST                 area_wfp=74003962 ret_pc=70168732 real_wsp=700015A0 (was 7400394E) shadow_wsp=700015A0 master_wfp=700015B4 depth=0
redirect seq=002973 caller=QUEST2 WSAVS DIST                 pc=70168717 area_wfp=74003962 argc=4 frame=0 real_wsp=700015AA shadow_wsp=700015B4 master_wfp=700015B4 ret=70166E20 depth=1
redirect seq=002975 caller=QUEST2 WRTN  DIST                 area_wfp=74003962 ret_pc=70168732 real_wsp=700015A0 (was 7400394E) shadow_wsp=700015A0 master_wfp=700015B4 depth=0
redirect seq=002977 caller=QUEST2 WSAVS DIST                 pc=70168717 area_wfp=74003962 argc=4 frame=0 real_wsp=700015AA shadow_wsp=700015B4 master_wfp=700015B4 ret=70166E20 depth=1
redirect seq=002979 caller=QUEST2 WRTN  DIST                 area_wfp=74003962 ret_pc=70168732 real_wsp=700015A0 (was 7400394E) shadow_wsp=700015A0 master_wfp=700015B4 depth=0
redirect seq=002984 caller=QUEST2 WSAVS DIST                 pc=70168717 area_wfp=74003962 argc=4 frame=0 real_wsp=700015AA shadow_wsp=700015B4 master_wfp=700015B4 ret=70166E20 depth=1
redirect seq=002986 caller=QUEST2 WRTN  DIST                 area_wfp=74003962 ret_pc=70168732 real_wsp=700015A0 (was 7400394E) shadow_wsp=700015A0 master_wfp=700015B4 depth=0
redirect seq=002988 caller=QUEST2 WSAVS DIST                 pc=70168717 area_wfp=74003962 argc=4 frame=0 real_wsp=700015AA shadow_wsp=700015B4 master_wfp=700015B4 ret=70166E20 depth=1
redirect seq=002990 caller=QUEST2 WRTN  DIST                 area_wfp=74003962 ret_pc=70168732 real_wsp=700015A0 (was 7400394E) shadow_wsp=700015A0 master_wfp=700015B4 depth=0
redirect seq=002992 caller=QUEST2 WSAVS DIST                 pc=70168717 area_wfp=74003962 argc=4 frame=0 real_wsp=700015AA shadow_wsp=700015B4 master_wfp=700015B4 ret=70166E20 depth=1
redirect seq=002995 caller=QUEST2 WRTN  DIST                 area_wfp=74003962 ret_pc=70168732 real_wsp=700015A0 (was 7400394E) shadow_wsp=700015A0 master_wfp=700015B4 depth=0
redirect seq=002997 caller=QUEST2 WSAVS DIST                 pc=70168717 area_wfp=74003962 argc=4 frame=0 real_wsp=700015AA shadow_wsp=700015B4 master_wfp=700015B4 ret=70166E20 depth=1
redirect seq=003001 caller=QUEST2 WRTN  DIST                 area_wfp=74003962 ret_pc=70168732 real_wsp=700015A0 (was 7400394E) shadow_wsp=700015A0 master_wfp=700015B4 depth=0
redirect seq=003003 caller=QUEST2 WSAVS DIST                 pc=70168717 area_wfp=74003962 argc=4 frame=0 real_wsp=700015AA shadow_wsp=700015B4 master_wfp=700015B4 ret=70166E20 depth=1
redirect seq=003005 caller=QUEST2 WRTN  DIST                 area_wfp=74003962 ret_pc=70168732 real_wsp=700015A0 (was 7400394E) shadow_wsp=700015A0 master_wfp=700015B4 depth=0
redirect seq=003007 caller=QUEST2 WSAVS DIST                 pc=70168717 area_wfp=74003962 argc=4 frame=0 real_wsp=700015AA shadow_wsp=700015B4 master_wfp=700015B4 ret=70166E20 depth=1
redirect seq=003009 caller=QUEST2 WRTN  DIST                 area_wfp=74003962 ret_pc=70168732 real_wsp=700015A0 (was 7400394E) shadow_wsp=700015A0 master_wfp=700015B4 depth=0
redirect seq=003014 caller=QUEST2 WSAVS DIST                 pc=70168717 area_wfp=74003962 argc=4 frame=0 real_wsp=700015AA shadow_wsp=700015B4 master_wfp=700015B4 ret=70166E20 depth=1
redirect seq=003016 caller=QUEST2 WRTN  DIST                 area_wfp=74003962 ret_pc=70168732 real_wsp=700015A0 (was 7400394E) shadow_wsp=700015A0 master_wfp=700015B4 depth=0
redirect seq=003018 caller=QUEST2 WSAVS DIST                 pc=70168717 area_wfp=74003962 argc=4 frame=0 real_wsp=700015AA shadow_wsp=700015B4 master_wfp=700015B4 ret=70166E20 depth=1
redirect seq=003020 caller=QUEST2 WRTN  DIST                 area_wfp=74003962 ret_pc=70168732 real_wsp=700015A0 (was 7400394E) shadow_wsp=700015A0 master_wfp=700015B4 depth=0
redirect seq=003022 caller=QUEST2 WSAVS DIST                 pc=70168717 area_wfp=74003962 argc=4 frame=0 real_wsp=700015AA shadow_wsp=700015B4 master_wfp=700015B4 ret=70166E20 depth=1
redirect seq=003024 caller=QUEST2 WRTN  DIST                 area_wfp=74003962 ret_pc=70168732 real_wsp=700015A0 (was 7400394E) shadow_wsp=700015A0 master_wfp=700015B4 depth=0
redirect seq=003029 caller=QUEST2 WSAVS DIST                 pc=70168717 area_wfp=74003962 argc=4 frame=0 real_wsp=700015AA shadow_wsp=700015B4 master_wfp=700015B4 ret=70166E20 depth=1
redirect seq=003031 caller=QUEST2 WRTN  DIST                 area_wfp=74003962 ret_pc=70168732 real_wsp=700015A0 (was 7400394E) shadow_wsp=700015A0 master_wfp=700015B4 depth=0
redirect seq=003033 caller=QUEST2 WSAVS DIST                 pc=70168717 area_wfp=74003962 argc=4 frame=0 real_wsp=700015AA shadow_wsp=700015B4 master_wfp=700015B4 ret=70166E20 depth=1
redirect seq=003035 caller=QUEST2 WRTN  DIST                 area_wfp=74003962 ret_pc=70168732 real_wsp=700015A0 (was 7400394E) shadow_wsp=700015A0 master_wfp=700015B4 depth=0
redirect seq=003037 caller=QUEST2 WSAVS DIST                 pc=70168717 area_wfp=74003962 argc=4 frame=0 real_wsp=700015AA shadow_wsp=700015B4 master_wfp=700015B4 ret=70166E20 depth=1
redirect seq=003039 caller=QUEST2 WRTN  DIST                 area_wfp=74003962 ret_pc=70168732 real_wsp=700015A0 (was 7400394E) shadow_wsp=700015A0 master_wfp=700015B4 depth=0
redirect seq=003044 caller=QUEST2 WSAVS DIST                 pc=70168717 area_wfp=74003962 argc=4 frame=0 real_wsp=700015AA shadow_wsp=700015B4 master_wfp=700015B4 ret=70166E20 depth=1
redirect seq=003046 caller=QUEST2 WRTN  DIST                 area_wfp=74003962 ret_pc=70168732 real_wsp=700015A0 (was 7400394E) shadow_wsp=700015A0 master_wfp=700015B4 depth=0
redirect seq=003048 caller=QUEST2 WSAVS DIST                 pc=70168717 area_wfp=74003962 argc=4 frame=0 real_wsp=700015AA shadow_wsp=700015B4 master_wfp=700015B4 ret=70166E20 depth=1
redirect seq=003050 caller=QUEST2 WRTN  DIST                 area_wfp=74003962 ret_pc=70168732 real_wsp=700015A0 (was 7400394E) shadow_wsp=700015A0 master_wfp=700015B4 depth=0
redirect seq=003052 caller=QUEST2 WSAVS DIST                 pc=70168717 area_wfp=74003962 argc=4 frame=0 real_wsp=700015AA shadow_wsp=700015B4 master_wfp=700015B4 ret=70166E20 depth=1
redirect seq=003054 caller=QUEST2 WRTN  DIST                 area_wfp=74003962 ret_pc=70168732 real_wsp=700015A0 (was 7400394E) shadow_wsp=700015A0 master_wfp=700015B4 depth=0
redirect seq=003059 caller=QUEST2 WSAVS DIST                 pc=70168717 area_wfp=74003962 argc=4 frame=0 real_wsp=700015AA shadow_wsp=700015B4 master_wfp=700015B4 ret=70166E20 depth=1
redirect seq=003061 caller=QUEST2 WRTN  DIST                 area_wfp=74003962 ret_pc=70168732 real_wsp=700015A0 (was 7400394E) shadow_wsp=700015A0 master_wfp=700015B4 depth=0
redirect seq=003063 caller=QUEST2 WSAVS DIST                 pc=70168717 area_wfp=74003962 argc=4 frame=0 real_wsp=700015AA shadow_wsp=700015B4 master_wfp=700015B4 ret=70166E20 depth=1
redirect seq=003065 caller=QUEST2 WRTN  DIST                 area_wfp=74003962 ret_pc=70168732 real_wsp=700015A0 (was 7400394E) shadow_wsp=700015A0 master_wfp=700015B4 depth=0
redirect seq=003067 caller=QUEST2 WSAVS DIST                 pc=70168717 area_wfp=74003962 argc=4 frame=0 real_wsp=700015AA shadow_wsp=700015B4 master_wfp=700015B4 ret=70166E20 depth=1
redirect seq=003069 caller=QUEST2 WRTN  DIST                 area_wfp=74003962 ret_pc=70168732 real_wsp=700015A0 (was 7400394E) shadow_wsp=700015A0 master_wfp=700015B4 depth=0
redirect seq=003073 caller=QUEST2 WSAVS DIST                 pc=70168717 area_wfp=74003962 argc=4 frame=0 real_wsp=700015AA shadow_wsp=700015B4 master_wfp=700015B4 ret=70166E20 depth=1
redirect seq=003075 caller=QUEST2 WRTN  DIST                 area_wfp=74003962 ret_pc=70168732 real_wsp=700015A0 (was 7400394E) shadow_wsp=700015A0 master_wfp=700015B4 depth=0
redirect seq=003077 caller=QUEST2 WSAVS DIST                 pc=70168717 area_wfp=74003962 argc=4 frame=0 real_wsp=700015AA shadow_wsp=700015B4 master_wfp=700015B4 ret=70166E20 depth=1
redirect seq=003079 caller=QUEST2 WRTN  DIST                 area_wfp=74003962 ret_pc=70168732 real_wsp=700015A0 (was 7400394E) shadow_wsp=700015A0 master_wfp=700015B4 depth=0
redirect seq=003082 caller=QUEST2 WSAVS DIST                 pc=70168717 area_wfp=74003962 argc=4 frame=0 real_wsp=700015AA shadow_wsp=700015B4 master_wfp=700015B4 ret=70166E20 depth=1
redirect seq=003084 caller=QUEST2 WRTN  DIST                 area_wfp=74003962 ret_pc=70168732 real_wsp=700015A0 (was 7400394E) shadow_wsp=700015A0 master_wfp=700015B4 depth=0
redirect seq=003089 caller=QUEST2 WSAVS DIST                 pc=70168717 area_wfp=74003962 argc=4 frame=0 real_wsp=700015AA shadow_wsp=700015B4 master_wfp=700015B4 ret=70166E20 depth=1
redirect seq=003091 caller=QUEST2 WRTN  DIST                 area_wfp=74003962 ret_pc=70168732 real_wsp=700015A0 (was 7400394E) shadow_wsp=700015A0 master_wfp=700015B4 depth=0
redirect seq=003093 caller=QUEST2 WSAVS DIST                 pc=70168717 area_wfp=74003962 argc=4 frame=0 real_wsp=700015AA shadow_wsp=700015B4 master_wfp=700015B4 ret=70166E20 depth=1
redirect seq=003095 caller=QUEST2 WRTN  DIST                 area_wfp=74003962 ret_pc=70168732 real_wsp=700015A0 (was 7400394E) shadow_wsp=700015A0 master_wfp=700015B4 depth=0
redirect seq=003097 caller=QUEST2 WSAVS DIST                 pc=70168717 area_wfp=74003962 argc=4 frame=0 real_wsp=700015AA shadow_wsp=700015B4 master_wfp=700015B4 ret=70166E20 depth=1
redirect seq=003099 caller=QUEST2 WRTN  DIST                 area_wfp=74003962 ret_pc=70168732 real_wsp=700015A0 (was 7400394E) shadow_wsp=700015A0 master_wfp=700015B4 depth=0
redirect seq=003103 caller=QUEST2 WSAVS DIST                 pc=70168717 area_wfp=74003962 argc=4 frame=0 real_wsp=700015AA shadow_wsp=700015B4 master_wfp=700015B4 ret=70166E20 depth=1
redirect seq=003105 caller=QUEST2 WRTN  DIST                 area_wfp=74003962 ret_pc=70168732 real_wsp=700015A0 (was 7400394E) shadow_wsp=700015A0 master_wfp=700015B4 depth=0
redirect seq=003107 caller=QUEST2 WSAVS DIST                 pc=70168717 area_wfp=74003962 argc=4 frame=0 real_wsp=700015AA shadow_wsp=700015B4 master_wfp=700015B4 ret=70166E20 depth=1
redirect seq=003110 caller=QUEST2 WRTN  DIST                 area_wfp=74003962 ret_pc=70168732 real_wsp=700015A0 (was 7400394E) shadow_wsp=700015A0 master_wfp=700015B4 depth=0
redirect seq=003112 caller=QUEST2 WSAVS DIST                 pc=70168717 area_wfp=74003962 argc=4 frame=0 real_wsp=700015AA shadow_wsp=700015B4 master_wfp=700015B4 ret=70166E20 depth=1
redirect seq=003114 caller=QUEST2 WRTN  DIST                 area_wfp=74003962 ret_pc=70168732 real_wsp=700015A0 (was 7400394E) shadow_wsp=700015A0 master_wfp=700015B4 depth=0
redirect seq=003119 caller=QUEST2 WSAVS DIST                 pc=70168717 area_wfp=74003962 argc=4 frame=0 real_wsp=700015AA shadow_wsp=700015B4 master_wfp=700015B4 ret=70166E20 depth=1
redirect seq=003121 caller=QUEST2 WRTN  DIST                 area_wfp=74003962 ret_pc=70168732 real_wsp=700015A0 (was 7400394E) shadow_wsp=700015A0 master_wfp=700015B4 depth=0
redirect seq=003123 caller=QUEST2 WSAVS DIST                 pc=70168717 area_wfp=74003962 argc=4 frame=0 real_wsp=700015AA shadow_wsp=700015B4 master_wfp=700015B4 ret=70166E20 depth=1
redirect seq=003125 caller=QUEST2 WRTN  DIST                 area_wfp=74003962 ret_pc=70168732 real_wsp=700015A0 (was 7400394E) shadow_wsp=700015A0 master_wfp=700015B4 depth=0
redirect seq=003127 caller=QUEST2 WSAVS DIST                 pc=70168717 area_wfp=74003962 argc=4 frame=0 real_wsp=700015AA shadow_wsp=700015B4 master_wfp=700015B4 ret=70166E20 depth=1
redirect seq=003129 caller=QUEST2 WRTN  DIST                 area_wfp=74003962 ret_pc=70168732 real_wsp=700015A0 (was 7400394E) shadow_wsp=700015A0 master_wfp=700015B4 depth=0
redirect seq=003133 caller=QUEST2 WSAVS DIST                 pc=70168717 area_wfp=74003962 argc=4 frame=0 real_wsp=700015AA shadow_wsp=700015B4 master_wfp=700015B4 ret=70166E20 depth=1
redirect seq=003135 caller=QUEST2 WRTN  DIST                 area_wfp=74003962 ret_pc=70168732 real_wsp=700015A0 (was 7400394E) shadow_wsp=700015A0 master_wfp=700015B4 depth=0
redirect seq=003137 caller=QUEST2 WSAVS DIST                 pc=70168717 area_wfp=74003962 argc=4 frame=0 real_wsp=700015AA shadow_wsp=700015B4 master_wfp=700015B4 ret=70166E20 depth=1
redirect seq=003140 caller=QUEST2 WRTN  DIST                 area_wfp=74003962 ret_pc=70168732 real_wsp=700015A0 (was 7400394E) shadow_wsp=700015A0 master_wfp=700015B4 depth=0
redirect seq=003142 caller=QUEST2 WSAVS DIST                 pc=70168717 area_wfp=74003962 argc=4 frame=0 real_wsp=700015AA shadow_wsp=700015B4 master_wfp=700015B4 ret=70166E20 depth=1
redirect seq=003144 caller=QUEST2 WRTN  DIST                 area_wfp=74003962 ret_pc=70168732 real_wsp=700015A0 (was 7400394E) shadow_wsp=700015A0 master_wfp=700015B4 depth=0
redirect seq=003149 caller=QUEST2 WSAVS DIST                 pc=70168717 area_wfp=74003962 argc=4 frame=0 real_wsp=700015AA shadow_wsp=700015B4 master_wfp=700015B4 ret=70166E20 depth=1
redirect seq=003151 caller=QUEST2 WRTN  DIST                 area_wfp=74003962 ret_pc=70168732 real_wsp=700015A0 (was 7400394E) shadow_wsp=700015A0 master_wfp=700015B4 depth=0
redirect seq=003153 caller=QUEST2 WSAVS DIST                 pc=70168717 area_wfp=74003962 argc=4 frame=0 real_wsp=700015AA shadow_wsp=700015B4 master_wfp=700015B4 ret=70166E20 depth=1
redirect seq=003155 caller=QUEST2 WRTN  DIST                 area_wfp=74003962 ret_pc=70168732 real_wsp=700015A0 (was 7400394E) shadow_wsp=700015A0 master_wfp=700015B4 depth=0
redirect seq=003157 caller=QUEST2 WSAVS DIST                 pc=70168717 area_wfp=74003962 argc=4 frame=0 real_wsp=700015AA shadow_wsp=700015B4 master_wfp=700015B4 ret=70166E20 depth=1
redirect seq=003159 caller=QUEST2 WRTN  DIST                 area_wfp=74003962 ret_pc=70168732 real_wsp=700015A0 (was 7400394E) shadow_wsp=700015A0 master_wfp=700015B4 depth=0
redirect seq=003163 caller=QUEST2 WSAVS DIST                 pc=70168717 area_wfp=74003962 argc=4 frame=0 real_wsp=700015AA shadow_wsp=700015B4 master_wfp=700015B4 ret=70166E20 depth=1
redirect seq=003165 caller=QUEST2 WRTN  DIST                 area_wfp=74003962 ret_pc=70168732 real_wsp=700015A0 (was 7400394E) shadow_wsp=700015A0 master_wfp=700015B4 depth=0
redirect seq=003167 caller=QUEST2 WSAVS DIST                 pc=70168717 area_wfp=74003962 argc=4 frame=0 real_wsp=700015AA shadow_wsp=700015B4 master_wfp=700015B4 ret=70166E20 depth=1
redirect seq=003169 caller=QUEST2 WRTN  DIST                 area_wfp=74003962 ret_pc=70168732 real_wsp=700015A0 (was 7400394E) shadow_wsp=700015A0 master_wfp=700015B4 depth=0
redirect seq=003172 caller=QUEST2 WSAVS DIST                 pc=70168717 area_wfp=74003962 argc=4 frame=0 real_wsp=700015AA shadow_wsp=700015B4 master_wfp=700015B4 ret=70166E20 depth=1
redirect seq=003174 caller=QUEST2 WRTN  DIST                 area_wfp=74003962 ret_pc=70168732 real_wsp=700015A0 (was 7400394E) shadow_wsp=700015A0 master_wfp=700015B4 depth=0
redirect seq=003179 caller=QUEST2 WSAVS DIST                 pc=70168717 area_wfp=74003962 argc=4 frame=0 real_wsp=700015AA shadow_wsp=700015B4 master_wfp=700015B4 ret=70166E20 depth=1
redirect seq=003181 caller=QUEST2 WRTN  DIST                 area_wfp=74003962 ret_pc=70168732 real_wsp=700015A0 (was 7400394E) shadow_wsp=700015A0 master_wfp=700015B4 depth=0
redirect seq=003183 caller=QUEST2 WSAVS DIST                 pc=70168717 area_wfp=74003962 argc=4 frame=0 real_wsp=700015AA shadow_wsp=700015B4 master_wfp=700015B4 ret=70166E20 depth=1
redirect seq=003185 caller=QUEST2 WRTN  DIST                 area_wfp=74003962 ret_pc=70168732 real_wsp=700015A0 (was 7400394E) shadow_wsp=700015A0 master_wfp=700015B4 depth=0
redirect seq=003187 caller=QUEST2 WSAVS DIST                 pc=70168717 area_wfp=74003962 argc=4 frame=0 real_wsp=700015AA shadow_wsp=700015B4 master_wfp=700015B4 ret=70166E20 depth=1
redirect seq=003189 caller=QUEST2 WRTN  DIST                 area_wfp=74003962 ret_pc=70168732 real_wsp=700015A0 (was 7400394E) shadow_wsp=700015A0 master_wfp=700015B4 depth=0
redirect seq=003192 caller=QUEST2 WSAVS DIST                 pc=70168717 area_wfp=74003962 argc=4 frame=0 real_wsp=700015AA shadow_wsp=700015B4 master_wfp=700015B4 ret=70166E20 depth=1
redirect seq=003194 caller=QUEST2 WRTN  DIST                 area_wfp=74003962 ret_pc=70168732 real_wsp=700015A0 (was 7400394E) shadow_wsp=700015A0 master_wfp=700015B4 depth=0
redirect seq=003198 caller=QUEST2 WSAVS DIST                 pc=70168717 area_wfp=74003962 argc=4 frame=0 real_wsp=700015AA shadow_wsp=700015B4 master_wfp=700015B4 ret=70166E20 depth=1
redirect seq=003200 caller=QUEST2 WRTN  DIST                 area_wfp=74003962 ret_pc=70168732 real_wsp=700015A0 (was 7400394E) shadow_wsp=700015A0 master_wfp=700015B4 depth=0
redirect seq=003202 caller=QUEST2 WSAVS DIST                 pc=70168717 area_wfp=74003962 argc=4 frame=0 real_wsp=700015AA shadow_wsp=700015B4 master_wfp=700015B4 ret=70166E20 depth=1
redirect seq=003204 caller=QUEST2 WRTN  DIST                 area_wfp=74003962 ret_pc=70168732 real_wsp=700015A0 (was 7400394E) shadow_wsp=700015A0 master_wfp=700015B4 depth=0
redirect seq=003209 caller=QUEST2 WSAVS DIST                 pc=70168717 area_wfp=74003962 argc=4 frame=0 real_wsp=700015AA shadow_wsp=700015B4 master_wfp=700015B4 ret=70166E20 depth=1
redirect seq=003211 caller=QUEST2 WRTN  DIST                 area_wfp=74003962 ret_pc=70168732 real_wsp=700015A0 (was 7400394E) shadow_wsp=700015A0 master_wfp=700015B4 depth=0
redirect seq=003213 caller=QUEST2 WSAVS DIST                 pc=70168717 area_wfp=74003962 argc=4 frame=0 real_wsp=700015AA shadow_wsp=700015B4 master_wfp=700015B4 ret=70166E20 depth=1
redirect seq=003215 caller=QUEST2 WRTN  DIST                 area_wfp=74003962 ret_pc=70168732 real_wsp=700015A0 (was 7400394E) shadow_wsp=700015A0 master_wfp=700015B4 depth=0
redirect seq=003217 caller=QUEST2 WSAVS DIST                 pc=70168717 area_wfp=74003962 argc=4 frame=0 real_wsp=700015AA shadow_wsp=700015B4 master_wfp=700015B4 ret=70166E20 depth=1
redirect seq=003219 caller=QUEST2 WRTN  DIST                 area_wfp=74003962 ret_pc=70168732 real_wsp=700015A0 (was 7400394E) shadow_wsp=700015A0 master_wfp=700015B4 depth=0
redirect seq=003223 caller=QUEST2 WSAVS DIST                 pc=70168717 area_wfp=74003962 argc=4 frame=0 real_wsp=700015AA shadow_wsp=700015B4 master_wfp=700015B4 ret=70166E20 depth=1
redirect seq=003225 caller=QUEST2 WRTN  DIST                 area_wfp=74003962 ret_pc=70168732 real_wsp=700015A0 (was 7400394E) shadow_wsp=700015A0 master_wfp=700015B4 depth=0
redirect seq=003227 caller=QUEST2 WSAVS DIST                 pc=70168717 area_wfp=74003962 argc=4 frame=0 real_wsp=700015AA shadow_wsp=700015B4 master_wfp=700015B4 ret=70166E20 depth=1
redirect seq=003230 caller=QUEST2 WRTN  DIST                 area_wfp=74003962 ret_pc=70168732 real_wsp=700015A0 (was 7400394E) shadow_wsp=700015A0 master_wfp=700015B4 depth=0
redirect seq=003232 caller=QUEST2 WSAVS DIST                 pc=70168717 area_wfp=74003962 argc=4 frame=0 real_wsp=700015AA shadow_wsp=700015B4 master_wfp=700015B4 ret=70166E20 depth=1
redirect seq=003234 caller=QUEST2 WRTN  DIST                 area_wfp=74003962 ret_pc=70168732 real_wsp=700015A0 (was 7400394E) shadow_wsp=700015A0 master_wfp=700015B4 depth=0
redirect seq=003239 caller=QUEST2 WSAVS DIST                 pc=70168717 area_wfp=74003962 argc=4 frame=0 real_wsp=700015AA shadow_wsp=700015B4 master_wfp=700015B4 ret=70166E20 depth=1
redirect seq=003241 caller=QUEST2 WRTN  DIST                 area_wfp=74003962 ret_pc=70168732 real_wsp=700015A0 (was 7400394E) shadow_wsp=700015A0 master_wfp=700015B4 depth=0
redirect seq=003243 caller=QUEST2 WSAVS DIST                 pc=70168717 area_wfp=74003962 argc=4 frame=0 real_wsp=700015AA shadow_wsp=700015B4 master_wfp=700015B4 ret=70166E20 depth=1
redirect seq=003245 caller=QUEST2 WRTN  DIST                 area_wfp=74003962 ret_pc=70168732 real_wsp=700015A0 (was 7400394E) shadow_wsp=700015A0 master_wfp=700015B4 depth=0
redirect seq=003247 caller=QUEST2 WSAVS DIST                 pc=70168717 area_wfp=74003962 argc=4 frame=0 real_wsp=700015AA shadow_wsp=700015B4 master_wfp=700015B4 ret=70166E20 depth=1
redirect seq=003249 caller=QUEST2 WRTN  DIST                 area_wfp=74003962 ret_pc=70168732 real_wsp=700015A0 (was 7400394E) shadow_wsp=700015A0 master_wfp=700015B4 depth=0
redirect seq=003253 caller=QUEST2 WSAVS DIST                 pc=70168717 area_wfp=74003962 argc=4 frame=0 real_wsp=700015AA shadow_wsp=700015B4 master_wfp=700015B4 ret=70166E20 depth=1
redirect seq=003255 caller=QUEST2 WRTN  DIST                 area_wfp=74003962 ret_pc=70168732 real_wsp=700015A0 (was 7400394E) shadow_wsp=700015A0 master_wfp=700015B4 depth=0
redirect seq=003257 caller=QUEST2 WSAVS DIST                 pc=70168717 area_wfp=74003962 argc=4 frame=0 real_wsp=700015AA shadow_wsp=700015B4 master_wfp=700015B4 ret=70166E20 depth=1
redirect seq=003260 caller=QUEST2 WRTN  DIST                 area_wfp=74003962 ret_pc=70168732 real_wsp=700015A0 (was 7400394E) shadow_wsp=700015A0 master_wfp=700015B4 depth=0
redirect seq=003262 caller=QUEST2 WSAVS DIST                 pc=70168717 area_wfp=74003962 argc=4 frame=0 real_wsp=700015AA shadow_wsp=700015B4 master_wfp=700015B4 ret=70166E20 depth=1
redirect seq=003264 caller=QUEST2 WRTN  DIST                 area_wfp=74003962 ret_pc=70168732 real_wsp=700015A0 (was 7400394E) shadow_wsp=700015A0 master_wfp=700015B4 depth=0
redirect seq=003269 caller=QUEST2 WSAVS DIST                 pc=70168717 area_wfp=74003962 argc=4 frame=0 real_wsp=700015AA shadow_wsp=700015B4 master_wfp=700015B4 ret=70166E20 depth=1
redirect seq=003271 caller=QUEST2 WRTN  DIST                 area_wfp=74003962 ret_pc=70168732 real_wsp=700015A0 (was 7400394E) shadow_wsp=700015A0 master_wfp=700015B4 depth=0
redirect seq=003273 caller=QUEST2 WSAVS DIST                 pc=70168717 area_wfp=74003962 argc=4 frame=0 real_wsp=700015AA shadow_wsp=700015B4 master_wfp=700015B4 ret=70166E20 depth=1
redirect seq=003275 caller=QUEST2 WRTN  DIST                 area_wfp=74003962 ret_pc=70168732 real_wsp=700015A0 (was 7400394E) shadow_wsp=700015A0 master_wfp=700015B4 depth=0
redirect seq=003277 caller=QUEST2 WSAVS DIST                 pc=70168717 area_wfp=74003962 argc=4 frame=0 real_wsp=700015AA shadow_wsp=700015B4 master_wfp=700015B4 ret=70166E20 depth=1
redirect seq=003279 caller=QUEST2 WRTN  DIST                 area_wfp=74003962 ret_pc=70168732 real_wsp=700015A0 (was 7400394E) shadow_wsp=700015A0 master_wfp=700015B4 depth=0
redirect seq=003282 caller=QUEST2 WSAVS DIST                 pc=70168717 area_wfp=74003962 argc=4 frame=0 real_wsp=700015AA shadow_wsp=700015B4 master_wfp=700015B4 ret=70166E20 depth=1
redirect seq=003284 caller=QUEST2 WRTN  DIST                 area_wfp=74003962 ret_pc=70168732 real_wsp=700015A0 (was 7400394E) shadow_wsp=700015A0 master_wfp=700015B4 depth=0
redirect seq=003288 caller=QUEST2 WSAVS DIST                 pc=70168717 area_wfp=74003962 argc=4 frame=0 real_wsp=700015AA shadow_wsp=700015B4 master_wfp=700015B4 ret=70166E20 depth=1
redirect seq=003290 caller=QUEST2 WRTN  DIST                 area_wfp=74003962 ret_pc=70168732 real_wsp=700015A0 (was 7400394E) shadow_wsp=700015A0 master_wfp=700015B4 depth=0
redirect seq=003292 caller=QUEST2 WSAVS DIST                 pc=70168717 area_wfp=74003962 argc=4 frame=0 real_wsp=700015AA shadow_wsp=700015B4 master_wfp=700015B4 ret=70166E20 depth=1
redirect seq=003294 caller=QUEST2 WRTN  DIST                 area_wfp=74003962 ret_pc=70168732 real_wsp=700015A0 (was 7400394E) shadow_wsp=700015A0 master_wfp=700015B4 depth=0
redirect seq=003299 caller=QUEST2 WSAVS DIST                 pc=70168717 area_wfp=74003962 argc=4 frame=0 real_wsp=700015AA shadow_wsp=700015B4 master_wfp=700015B4 ret=70166E20 depth=1
redirect seq=003301 caller=QUEST2 WRTN  DIST                 area_wfp=74003962 ret_pc=70168732 real_wsp=700015A0 (was 7400394E) shadow_wsp=700015A0 master_wfp=700015B4 depth=0
redirect seq=003303 caller=QUEST2 WSAVS DIST                 pc=70168717 area_wfp=74003962 argc=4 frame=0 real_wsp=700015AA shadow_wsp=700015B4 master_wfp=700015B4 ret=70166E20 depth=1
redirect seq=003305 caller=QUEST2 WRTN  DIST                 area_wfp=74003962 ret_pc=70168732 real_wsp=700015A0 (was 7400394E) shadow_wsp=700015A0 master_wfp=700015B4 depth=0
redirect seq=003307 caller=QUEST2 WSAVS DIST                 pc=70168717 area_wfp=74003962 argc=4 frame=0 real_wsp=700015AA shadow_wsp=700015B4 master_wfp=700015B4 ret=70166E20 depth=1
redirect seq=003309 caller=QUEST2 WRTN  DIST                 area_wfp=74003962 ret_pc=70168732 real_wsp=700015A0 (was 7400394E) shadow_wsp=700015A0 master_wfp=700015B4 depth=0
redirect seq=003312 caller=QUEST2 WSAVS DIST                 pc=70168717 area_wfp=74003962 argc=4 frame=0 real_wsp=700015AA shadow_wsp=700015B4 master_wfp=700015B4 ret=70166E20 depth=1
redirect seq=003316 caller=QUEST2 WRTN  DIST                 area_wfp=74003962 ret_pc=70168732 real_wsp=700015A0 (was 7400394E) shadow_wsp=700015A0 master_wfp=700015B4 depth=0
redirect seq=003318 caller=QUEST2 WSAVS DIST                 pc=70168717 area_wfp=74003962 argc=4 frame=0 real_wsp=700015AA shadow_wsp=700015B4 master_wfp=700015B4 ret=70166E20 depth=1
redirect seq=003320 caller=QUEST2 WRTN  DIST                 area_wfp=74003962 ret_pc=70168732 real_wsp=700015A0 (was 7400394E) shadow_wsp=700015A0 master_wfp=700015B4 depth=0
redirect seq=003322 caller=QUEST2 WSAVS DIST                 pc=70168717 area_wfp=74003962 argc=4 frame=0 real_wsp=700015AA shadow_wsp=700015B4 master_wfp=700015B4 ret=70166E20 depth=1
redirect seq=003324 caller=QUEST2 WRTN  DIST                 area_wfp=74003962 ret_pc=70168732 real_wsp=700015A0 (was 7400394E) shadow_wsp=700015A0 master_wfp=700015B4 depth=0
redirect seq=003329 caller=QUEST2 WSAVS DIST                 pc=70168717 area_wfp=74003962 argc=4 frame=0 real_wsp=700015AA shadow_wsp=700015B4 master_wfp=700015B4 ret=70166E20 depth=1
redirect seq=003331 caller=QUEST2 WRTN  DIST                 area_wfp=74003962 ret_pc=70168732 real_wsp=700015A0 (was 7400394E) shadow_wsp=700015A0 master_wfp=700015B4 depth=0
redirect seq=003333 caller=QUEST2 WSAVS DIST                 pc=70168717 area_wfp=74003962 argc=4 frame=0 real_wsp=700015AA shadow_wsp=700015B4 master_wfp=700015B4 ret=70166E20 depth=1
redirect seq=003335 caller=QUEST2 WRTN  DIST                 area_wfp=74003962 ret_pc=70168732 real_wsp=700015A0 (was 7400394E) shadow_wsp=700015A0 master_wfp=700015B4 depth=0
redirect seq=003337 caller=QUEST2 WSAVS DIST                 pc=70168717 area_wfp=74003962 argc=4 frame=0 real_wsp=700015AA shadow_wsp=700015B4 master_wfp=700015B4 ret=70166E20 depth=1
redirect seq=003339 caller=QUEST2 WRTN  DIST                 area_wfp=74003962 ret_pc=70168732 real_wsp=700015A0 (was 7400394E) shadow_wsp=700015A0 master_wfp=700015B4 depth=0
redirect seq=003343 caller=QUEST2 WSAVS DIST                 pc=70168717 area_wfp=74003962 argc=4 frame=0 real_wsp=700015AA shadow_wsp=700015B4 master_wfp=700015B4 ret=70166E20 depth=1
redirect seq=003345 caller=QUEST2 WRTN  DIST                 area_wfp=74003962 ret_pc=70168732 real_wsp=700015A0 (was 7400394E) shadow_wsp=700015A0 master_wfp=700015B4 depth=0
redirect seq=003347 caller=QUEST2 WSAVS DIST                 pc=70168717 area_wfp=74003962 argc=4 frame=0 real_wsp=700015AA shadow_wsp=700015B4 master_wfp=700015B4 ret=70166E20 depth=1
redirect seq=003350 caller=QUEST2 WRTN  DIST                 area_wfp=74003962 ret_pc=70168732 real_wsp=700015A0 (was 7400394E) shadow_wsp=700015A0 master_wfp=700015B4 depth=0
redirect seq=003352 caller=QUEST2 WSAVS DIST                 pc=70168717 area_wfp=74003962 argc=4 frame=0 real_wsp=700015AA shadow_wsp=700015B4 master_wfp=700015B4 ret=70166E20 depth=1
redirect seq=003354 caller=QUEST2 WRTN  DIST                 area_wfp=74003962 ret_pc=70168732 real_wsp=700015A0 (was 7400394E) shadow_wsp=700015A0 master_wfp=700015B4 depth=0
redirect seq=003359 caller=QUEST2 WSAVS DIST                 pc=70168717 area_wfp=74003962 argc=4 frame=0 real_wsp=700015AA shadow_wsp=700015B4 master_wfp=700015B4 ret=70166E20 depth=1
redirect seq=003361 caller=QUEST2 WRTN  DIST                 area_wfp=74003962 ret_pc=70168732 real_wsp=700015A0 (was 7400394E) shadow_wsp=700015A0 master_wfp=700015B4 depth=0
redirect seq=003363 caller=QUEST2 WSAVS DIST                 pc=70168717 area_wfp=74003962 argc=4 frame=0 real_wsp=700015AA shadow_wsp=700015B4 master_wfp=700015B4 ret=70166E20 depth=1
redirect seq=003365 caller=QUEST2 WRTN  DIST                 area_wfp=74003962 ret_pc=70168732 real_wsp=700015A0 (was 7400394E) shadow_wsp=700015A0 master_wfp=700015B4 depth=0
redirect seq=003367 caller=QUEST2 WSAVS DIST                 pc=70168717 area_wfp=74003962 argc=4 frame=0 real_wsp=700015AA shadow_wsp=700015B4 master_wfp=700015B4 ret=70166E20 depth=1
redirect seq=003369 caller=QUEST2 WRTN  DIST                 area_wfp=74003962 ret_pc=70168732 real_wsp=700015A0 (was 7400394E) shadow_wsp=700015A0 master_wfp=700015B4 depth=0
redirect seq=003374 caller=QUEST2 WSAVS DIST                 pc=70168717 area_wfp=74003962 argc=4 frame=0 real_wsp=700015AA shadow_wsp=700015B4 master_wfp=700015B4 ret=70166E20 depth=1
redirect seq=003376 caller=QUEST2 WRTN  DIST                 area_wfp=74003962 ret_pc=70168732 real_wsp=700015A0 (was 7400394E) shadow_wsp=700015A0 master_wfp=700015B4 depth=0
redirect seq=003378 caller=QUEST2 WSAVS DIST                 pc=70168717 area_wfp=74003962 argc=4 frame=0 real_wsp=700015AA shadow_wsp=700015B4 master_wfp=700015B4 ret=70166E20 depth=1
redirect seq=003380 caller=QUEST2 WRTN  DIST                 area_wfp=74003962 ret_pc=70168732 real_wsp=700015A0 (was 7400394E) shadow_wsp=700015A0 master_wfp=700015B4 depth=0
redirect seq=003382 caller=QUEST2 WSAVS DIST                 pc=70168717 area_wfp=74003962 argc=4 frame=0 real_wsp=700015AA shadow_wsp=700015B4 master_wfp=700015B4 ret=70166E20 depth=1
redirect seq=003384 caller=QUEST2 WRTN  DIST                 area_wfp=74003962 ret_pc=70168732 real_wsp=700015A0 (was 7400394E) shadow_wsp=700015A0 master_wfp=700015B4 depth=0
redirect seq=003389 caller=QUEST2 WSAVS DIST                 pc=70168717 area_wfp=74003962 argc=4 frame=0 real_wsp=700015AA shadow_wsp=700015B4 master_wfp=700015B4 ret=70166E20 depth=1
redirect seq=003391 caller=QUEST2 WRTN  DIST                 area_wfp=74003962 ret_pc=70168732 real_wsp=700015A0 (was 7400394E) shadow_wsp=700015A0 master_wfp=700015B4 depth=0
redirect seq=003393 caller=QUEST2 WSAVS DIST                 pc=70168717 area_wfp=74003962 argc=4 frame=0 real_wsp=700015AA shadow_wsp=700015B4 master_wfp=700015B4 ret=70166E20 depth=1
redirect seq=003395 caller=QUEST2 WRTN  DIST                 area_wfp=74003962 ret_pc=70168732 real_wsp=700015A0 (was 7400394E) shadow_wsp=700015A0 master_wfp=700015B4 depth=0
redirect seq=003397 caller=QUEST2 WSAVS DIST                 pc=70168717 area_wfp=74003962 argc=4 frame=0 real_wsp=700015AA shadow_wsp=700015B4 master_wfp=700015B4 ret=70166E20 depth=1
redirect seq=003399 caller=QUEST2 WRTN  DIST                 area_wfp=74003962 ret_pc=70168732 real_wsp=700015A0 (was 7400394E) shadow_wsp=700015A0 master_wfp=700015B4 depth=0
redirect seq=003404 caller=QUEST2 WSAVS DIST                 pc=70168717 area_wfp=74003962 argc=4 frame=0 real_wsp=700015AA shadow_wsp=700015B4 master_wfp=700015B4 ret=70166E20 depth=1
redirect seq=003406 caller=QUEST2 WRTN  DIST                 area_wfp=74003962 ret_pc=70168732 real_wsp=700015A0 (was 7400394E) shadow_wsp=700015A0 master_wfp=700015B4 depth=0
redirect seq=003408 caller=QUEST2 WSAVS DIST                 pc=70168717 area_wfp=74003962 argc=4 frame=0 real_wsp=700015AA shadow_wsp=700015B4 master_wfp=700015B4 ret=70166E20 depth=1
redirect seq=003410 caller=QUEST2 WRTN  DIST                 area_wfp=74003962 ret_pc=70168732 real_wsp=700015A0 (was 7400394E) shadow_wsp=700015A0 master_wfp=700015B4 depth=0
redirect seq=003412 caller=QUEST2 WSAVS DIST                 pc=70168717 area_wfp=74003962 argc=4 frame=0 real_wsp=700015AA shadow_wsp=700015B4 master_wfp=700015B4 ret=70166E20 depth=1
redirect seq=003414 caller=QUEST2 WRTN  DIST                 area_wfp=74003962 ret_pc=70168732 real_wsp=700015A0 (was 7400394E) shadow_wsp=700015A0 master_wfp=700015B4 depth=0
redirect seq=003417 caller=QUEST2 WSAVS DIST                 pc=70168717 area_wfp=74003962 argc=4 frame=0 real_wsp=700015AA shadow_wsp=700015B4 master_wfp=700015B4 ret=70166E20 depth=1
redirect seq=003419 caller=QUEST2 WRTN  DIST                 area_wfp=74003962 ret_pc=70168732 real_wsp=700015A0 (was 7400394E) shadow_wsp=700015A0 master_wfp=700015B4 depth=0
redirect seq=003423 caller=QUEST2 WSAVS DIST                 pc=70168717 area_wfp=74003962 argc=4 frame=0 real_wsp=700015AA shadow_wsp=700015B4 master_wfp=700015B4 ret=70166E20 depth=1
redirect seq=003425 caller=QUEST2 WRTN  DIST                 area_wfp=74003962 ret_pc=70168732 real_wsp=700015A0 (was 7400394E) shadow_wsp=700015A0 master_wfp=700015B4 depth=0
redirect seq=003427 caller=QUEST2 WSAVS DIST                 pc=70168717 area_wfp=74003962 argc=4 frame=0 real_wsp=700015AA shadow_wsp=700015B4 master_wfp=700015B4 ret=70166E20 depth=1
redirect seq=003429 caller=QUEST2 WRTN  DIST                 area_wfp=74003962 ret_pc=70168732 real_wsp=700015A0 (was 7400394E) shadow_wsp=700015A0 master_wfp=700015B4 depth=0
redirect seq=003434 caller=QUEST2 WSAVS DIST                 pc=70168717 area_wfp=74003962 argc=4 frame=0 real_wsp=700015AA shadow_wsp=700015B4 master_wfp=700015B4 ret=70166E20 depth=1
redirect seq=003436 caller=QUEST2 WRTN  DIST                 area_wfp=74003962 ret_pc=70168732 real_wsp=700015A0 (was 7400394E) shadow_wsp=700015A0 master_wfp=700015B4 depth=0
redirect seq=003438 caller=QUEST2 WSAVS DIST                 pc=70168717 area_wfp=74003962 argc=4 frame=0 real_wsp=700015AA shadow_wsp=700015B4 master_wfp=700015B4 ret=70166E20 depth=1
redirect seq=003440 caller=QUEST2 WRTN  DIST                 area_wfp=74003962 ret_pc=70168732 real_wsp=700015A0 (was 7400394E) shadow_wsp=700015A0 master_wfp=700015B4 depth=0
redirect seq=003442 caller=QUEST2 WSAVS DIST                 pc=70168717 area_wfp=74003962 argc=4 frame=0 real_wsp=700015AA shadow_wsp=700015B4 master_wfp=700015B4 ret=70166E20 depth=1
redirect seq=003444 caller=QUEST2 WRTN  DIST                 area_wfp=74003962 ret_pc=70168732 real_wsp=700015A0 (was 7400394E) shadow_wsp=700015A0 master_wfp=700015B4 depth=0
redirect seq=003447 caller=QUEST2 WSAVS DIST                 pc=70168717 area_wfp=74003962 argc=4 frame=0 real_wsp=700015AA shadow_wsp=700015B4 master_wfp=700015B4 ret=70166E20 depth=1
redirect seq=003449 caller=QUEST2 WRTN  DIST                 area_wfp=74003962 ret_pc=70168732 real_wsp=700015A0 (was 7400394E) shadow_wsp=700015A0 master_wfp=700015B4 depth=0
redirect seq=003453 caller=QUEST2 WSAVS DIST                 pc=70168717 area_wfp=74003962 argc=4 frame=0 real_wsp=700015AA shadow_wsp=700015B4 master_wfp=700015B4 ret=70166E20 depth=1
redirect seq=003455 caller=QUEST2 WRTN  DIST                 area_wfp=74003962 ret_pc=70168732 real_wsp=700015A0 (was 7400394E) shadow_wsp=700015A0 master_wfp=700015B4 depth=0
redirect seq=003457 caller=QUEST2 WSAVS DIST                 pc=70168717 area_wfp=74003962 argc=4 frame=0 real_wsp=700015AA shadow_wsp=700015B4 master_wfp=700015B4 ret=70166E20 depth=1
redirect seq=003459 caller=QUEST2 WRTN  DIST                 area_wfp=74003962 ret_pc=70168732 real_wsp=700015A0 (was 7400394E) shadow_wsp=700015A0 master_wfp=700015B4 depth=0
redirect seq=003464 caller=QUEST2 WSAVS DIST                 pc=70168717 area_wfp=74003962 argc=4 frame=0 real_wsp=700015AA shadow_wsp=700015B4 master_wfp=700015B4 ret=70166E20 depth=1
redirect seq=003466 caller=QUEST2 WRTN  DIST                 area_wfp=74003962 ret_pc=70168732 real_wsp=700015A0 (was 7400394E) shadow_wsp=700015A0 master_wfp=700015B4 depth=0
redirect seq=003468 caller=QUEST2 WSAVS DIST                 pc=70168717 area_wfp=74003962 argc=4 frame=0 real_wsp=700015AA shadow_wsp=700015B4 master_wfp=700015B4 ret=70166E20 depth=1
redirect seq=003470 caller=QUEST2 WRTN  DIST                 area_wfp=74003962 ret_pc=70168732 real_wsp=700015A0 (was 7400394E) shadow_wsp=700015A0 master_wfp=700015B4 depth=0
redirect seq=003472 caller=QUEST2 WSAVS DIST                 pc=70168717 area_wfp=74003962 argc=4 frame=0 real_wsp=700015AA shadow_wsp=700015B4 master_wfp=700015B4 ret=70166E20 depth=1
redirect seq=003474 caller=QUEST2 WRTN  DIST                 area_wfp=74003962 ret_pc=70168732 real_wsp=700015A0 (was 7400394E) shadow_wsp=700015A0 master_wfp=700015B4 depth=0
redirect seq=003478 caller=QUEST2 WSAVS DIST                 pc=70168717 area_wfp=74003962 argc=4 frame=0 real_wsp=700015AA shadow_wsp=700015B4 master_wfp=700015B4 ret=70166E20 depth=1
redirect seq=003480 caller=QUEST2 WRTN  DIST                 area_wfp=74003962 ret_pc=70168732 real_wsp=700015A0 (was 7400394E) shadow_wsp=700015A0 master_wfp=700015B4 depth=0
redirect seq=003482 caller=QUEST2 WSAVS DIST                 pc=70168717 area_wfp=74003962 argc=4 frame=0 real_wsp=700015AA shadow_wsp=700015B4 master_wfp=700015B4 ret=70166E20 depth=1
redirect seq=003485 caller=QUEST2 WRTN  DIST                 area_wfp=74003962 ret_pc=70168732 real_wsp=700015A0 (was 7400394E) shadow_wsp=700015A0 master_wfp=700015B4 depth=0
redirect seq=003487 caller=QUEST2 WSAVS DIST                 pc=70168717 area_wfp=74003962 argc=4 frame=0 real_wsp=700015AA shadow_wsp=700015B4 master_wfp=700015B4 ret=70166E20 depth=1
redirect seq=003489 caller=QUEST2 WRTN  DIST                 area_wfp=74003962 ret_pc=70168732 real_wsp=700015A0 (was 7400394E) shadow_wsp=700015A0 master_wfp=700015B4 depth=0
redirect seq=003494 caller=QUEST2 WSAVS DIST                 pc=70168717 area_wfp=74003962 argc=4 frame=0 real_wsp=700015AA shadow_wsp=700015B4 master_wfp=700015B4 ret=70166E20 depth=1
redirect seq=003496 caller=QUEST2 WRTN  DIST                 area_wfp=74003962 ret_pc=70168732 real_wsp=700015A0 (was 7400394E) shadow_wsp=700015A0 master_wfp=700015B4 depth=0
redirect seq=003498 caller=QUEST2 WSAVS DIST                 pc=70168717 area_wfp=74003962 argc=4 frame=0 real_wsp=700015AA shadow_wsp=700015B4 master_wfp=700015B4 ret=70166E20 depth=1
redirect seq=003500 caller=QUEST2 WRTN  DIST                 area_wfp=74003962 ret_pc=70168732 real_wsp=700015A0 (was 7400394E) shadow_wsp=700015A0 master_wfp=700015B4 depth=0
redirect seq=003502 caller=QUEST2 WSAVS DIST                 pc=70168717 area_wfp=74003962 argc=4 frame=0 real_wsp=700015AA shadow_wsp=700015B4 master_wfp=700015B4 ret=70166E20 depth=1
redirect seq=003504 caller=QUEST2 WRTN  DIST                 area_wfp=74003962 ret_pc=70168732 real_wsp=700015A0 (was 7400394E) shadow_wsp=700015A0 master_wfp=700015B4 depth=0
redirect seq=003508 caller=QUEST2 WSAVS DIST                 pc=70168717 area_wfp=74003962 argc=4 frame=0 real_wsp=700015AA shadow_wsp=700015B4 master_wfp=700015B4 ret=70166E20 depth=1
redirect seq=003510 caller=QUEST2 WRTN  DIST                 area_wfp=74003962 ret_pc=70168732 real_wsp=700015A0 (was 7400394E) shadow_wsp=700015A0 master_wfp=700015B4 depth=0
redirect seq=003512 caller=QUEST2 WSAVS DIST                 pc=70168717 area_wfp=74003962 argc=4 frame=0 real_wsp=700015AA shadow_wsp=700015B4 master_wfp=700015B4 ret=70166E20 depth=1
redirect seq=003515 caller=QUEST2 WRTN  DIST                 area_wfp=74003962 ret_pc=70168732 real_wsp=700015A0 (was 7400394E) shadow_wsp=700015A0 master_wfp=700015B4 depth=0
redirect seq=003517 caller=QUEST2 WSAVS DIST                 pc=70168717 area_wfp=74003962 argc=4 frame=0 real_wsp=700015AA shadow_wsp=700015B4 master_wfp=700015B4 ret=70166E20 depth=1
redirect seq=003519 caller=QUEST2 WRTN  DIST                 area_wfp=74003962 ret_pc=70168732 real_wsp=700015A0 (was 7400394E) shadow_wsp=700015A0 master_wfp=700015B4 depth=0
redirect seq=003524 caller=QUEST2 WSAVS DIST                 pc=70168717 area_wfp=74003962 argc=4 frame=0 real_wsp=700015AA shadow_wsp=700015B4 master_wfp=700015B4 ret=70166E20 depth=1
redirect seq=003526 caller=QUEST2 WRTN  DIST                 area_wfp=74003962 ret_pc=70168732 real_wsp=700015A0 (was 7400394E) shadow_wsp=700015A0 master_wfp=700015B4 depth=0
redirect seq=003528 caller=QUEST2 WSAVS DIST                 pc=70168717 area_wfp=74003962 argc=4 frame=0 real_wsp=700015AA shadow_wsp=700015B4 master_wfp=700015B4 ret=70166E20 depth=1
redirect seq=003530 caller=QUEST2 WRTN  DIST                 area_wfp=74003962 ret_pc=70168732 real_wsp=700015A0 (was 7400394E) shadow_wsp=700015A0 master_wfp=700015B4 depth=0
redirect seq=003532 caller=QUEST2 WSAVS DIST                 pc=70168717 area_wfp=74003962 argc=4 frame=0 real_wsp=700015AA shadow_wsp=700015B4 master_wfp=700015B4 ret=70166E20 depth=1
redirect seq=003534 caller=QUEST2 WRTN  DIST                 area_wfp=74003962 ret_pc=70168732 real_wsp=700015A0 (was 7400394E) shadow_wsp=700015A0 master_wfp=700015B4 depth=0
redirect seq=003539 caller=QUEST2 WSAVS DIST                 pc=70168717 area_wfp=74003962 argc=4 frame=0 real_wsp=700015AA shadow_wsp=700015B4 master_wfp=700015B4 ret=70166E20 depth=1
redirect seq=003541 caller=QUEST2 WRTN  DIST                 area_wfp=74003962 ret_pc=70168732 real_wsp=700015A0 (was 7400394E) shadow_wsp=700015A0 master_wfp=700015B4 depth=0
redirect seq=003543 caller=QUEST2 WSAVS DIST                 pc=70168717 area_wfp=74003962 argc=4 frame=0 real_wsp=700015AA shadow_wsp=700015B4 master_wfp=700015B4 ret=70166E20 depth=1
redirect seq=003545 caller=QUEST2 WRTN  DIST                 area_wfp=74003962 ret_pc=70168732 real_wsp=700015A0 (was 7400394E) shadow_wsp=700015A0 master_wfp=700015B4 depth=0
redirect seq=003547 caller=QUEST2 WSAVS DIST                 pc=70168717 area_wfp=74003962 argc=4 frame=0 real_wsp=700015AA shadow_wsp=700015B4 master_wfp=700015B4 ret=70166E20 depth=1
redirect seq=003549 caller=QUEST2 WRTN  DIST                 area_wfp=74003962 ret_pc=70168732 real_wsp=700015A0 (was 7400394E) shadow_wsp=700015A0 master_wfp=700015B4 depth=0
redirect seq=003554 caller=QUEST2 WSAVS DIST                 pc=70168717 area_wfp=74003962 argc=4 frame=0 real_wsp=700015AA shadow_wsp=700015B4 master_wfp=700015B4 ret=70166E20 depth=1
redirect seq=003556 caller=QUEST2 WRTN  DIST                 area_wfp=74003962 ret_pc=70168732 real_wsp=700015A0 (was 7400394E) shadow_wsp=700015A0 master_wfp=700015B4 depth=0
redirect seq=003558 caller=QUEST2 WSAVS DIST                 pc=70168717 area_wfp=74003962 argc=4 frame=0 real_wsp=700015AA shadow_wsp=700015B4 master_wfp=700015B4 ret=70166E20 depth=1
redirect seq=003560 caller=QUEST2 WRTN  DIST                 area_wfp=74003962 ret_pc=70168732 real_wsp=700015A0 (was 7400394E) shadow_wsp=700015A0 master_wfp=700015B4 depth=0
redirect seq=003562 caller=QUEST2 WSAVS DIST                 pc=70168717 area_wfp=74003962 argc=4 frame=0 real_wsp=700015AA shadow_wsp=700015B4 master_wfp=700015B4 ret=70166E20 depth=1
redirect seq=003564 caller=QUEST2 WRTN  DIST                 area_wfp=74003962 ret_pc=70168732 real_wsp=700015A0 (was 7400394E) shadow_wsp=700015A0 master_wfp=700015B4 depth=0
redirect seq=003568 caller=QUEST2 WSAVS DIST                 pc=70168717 area_wfp=74003962 argc=4 frame=0 real_wsp=700015AA shadow_wsp=700015B4 master_wfp=700015B4 ret=70166E20 depth=1
redirect seq=003570 caller=QUEST2 WRTN  DIST                 area_wfp=74003962 ret_pc=70168732 real_wsp=700015A0 (was 7400394E) shadow_wsp=700015A0 master_wfp=700015B4 depth=0
redirect seq=003572 caller=QUEST2 WSAVS DIST                 pc=70168717 area_wfp=74003962 argc=4 frame=0 real_wsp=700015AA shadow_wsp=700015B4 master_wfp=700015B4 ret=70166E20 depth=1
redirect seq=003574 caller=QUEST2 WRTN  DIST                 area_wfp=74003962 ret_pc=70168732 real_wsp=700015A0 (was 7400394E) shadow_wsp=700015A0 master_wfp=700015B4 depth=0
redirect seq=003577 caller=QUEST2 WSAVS DIST                 pc=70168717 area_wfp=74003962 argc=4 frame=0 real_wsp=700015AA shadow_wsp=700015B4 master_wfp=700015B4 ret=70166E20 depth=1
redirect seq=003579 caller=QUEST2 WRTN  DIST                 area_wfp=74003962 ret_pc=70168732 real_wsp=700015A0 (was 7400394E) shadow_wsp=700015A0 master_wfp=700015B4 depth=0
redirect seq=003584 caller=QUEST2 WSAVS DIST                 pc=70168717 area_wfp=74003962 argc=4 frame=0 real_wsp=700015AA shadow_wsp=700015B4 master_wfp=700015B4 ret=70166E20 depth=1
redirect seq=003586 caller=QUEST2 WRTN  DIST                 area_wfp=74003962 ret_pc=70168732 real_wsp=700015A0 (was 7400394E) shadow_wsp=700015A0 master_wfp=700015B4 depth=0
redirect seq=003588 caller=QUEST2 WSAVS DIST                 pc=70168717 area_wfp=74003962 argc=4 frame=0 real_wsp=700015AA shadow_wsp=700015B4 master_wfp=700015B4 ret=70166E20 depth=1
redirect seq=003590 caller=QUEST2 WRTN  DIST                 area_wfp=74003962 ret_pc=70168732 real_wsp=700015A0 (was 7400394E) shadow_wsp=700015A0 master_wfp=700015B4 depth=0
redirect seq=003592 caller=QUEST2 WSAVS DIST                 pc=70168717 area_wfp=74003962 argc=4 frame=0 real_wsp=700015AA shadow_wsp=700015B4 master_wfp=700015B4 ret=70166E20 depth=1
redirect seq=003594 caller=QUEST2 WRTN  DIST                 area_wfp=74003962 ret_pc=70168732 real_wsp=700015A0 (was 7400394E) shadow_wsp=700015A0 master_wfp=700015B4 depth=0
redirect seq=003599 caller=QUEST2 WSAVS DIST                 pc=70168717 area_wfp=74003962 argc=4 frame=0 real_wsp=700015AA shadow_wsp=700015B4 master_wfp=700015B4 ret=70166E20 depth=1
redirect seq=003601 caller=QUEST2 WRTN  DIST                 area_wfp=74003962 ret_pc=70168732 real_wsp=700015A0 (was 7400394E) shadow_wsp=700015A0 master_wfp=700015B4 depth=0
redirect seq=003603 caller=QUEST2 WSAVS DIST                 pc=70168717 area_wfp=74003962 argc=4 frame=0 real_wsp=700015AA shadow_wsp=700015B4 master_wfp=700015B4 ret=70166E20 depth=1
redirect seq=003605 caller=QUEST2 WRTN  DIST                 area_wfp=74003962 ret_pc=70168732 real_wsp=700015A0 (was 7400394E) shadow_wsp=700015A0 master_wfp=700015B4 depth=0
redirect seq=003607 caller=QUEST2 WSAVS DIST                 pc=70168717 area_wfp=74003962 argc=4 frame=0 real_wsp=700015AA shadow_wsp=700015B4 master_wfp=700015B4 ret=70166E20 depth=1
redirect seq=003609 caller=QUEST2 WRTN  DIST                 area_wfp=74003962 ret_pc=70168732 real_wsp=700015A0 (was 7400394E) shadow_wsp=700015A0 master_wfp=700015B4 depth=0
redirect seq=003614 caller=QUEST2 WSAVS DIST                 pc=70168717 area_wfp=74003962 argc=4 frame=0 real_wsp=700015AA shadow_wsp=700015B4 master_wfp=700015B4 ret=70166E20 depth=1
redirect seq=003616 caller=QUEST2 WRTN  DIST                 area_wfp=74003962 ret_pc=70168732 real_wsp=700015A0 (was 7400394E) shadow_wsp=700015A0 master_wfp=700015B4 depth=0
redirect seq=003618 caller=QUEST2 WSAVS DIST                 pc=70168717 area_wfp=74003962 argc=4 frame=0 real_wsp=700015AA shadow_wsp=700015B4 master_wfp=700015B4 ret=70166E20 depth=1
redirect seq=003620 caller=QUEST2 WRTN  DIST                 area_wfp=74003962 ret_pc=70168732 real_wsp=700015A0 (was 7400394E) shadow_wsp=700015A0 master_wfp=700015B4 depth=0
redirect seq=003622 caller=QUEST2 WSAVS DIST                 pc=70168717 area_wfp=74003962 argc=4 frame=0 real_wsp=700015AA shadow_wsp=700015B4 master_wfp=700015B4 ret=70166E20 depth=1
redirect seq=003624 caller=QUEST2 WRTN  DIST                 area_wfp=74003962 ret_pc=70168732 real_wsp=700015A0 (was 7400394E) shadow_wsp=700015A0 master_wfp=700015B4 depth=0
redirect seq=003629 caller=QUEST2 WSAVS DIST                 pc=70168717 area_wfp=74003962 argc=4 frame=0 real_wsp=700015AA shadow_wsp=700015B4 master_wfp=700015B4 ret=70166E20 depth=1
redirect seq=003631 caller=QUEST2 WRTN  DIST                 area_wfp=74003962 ret_pc=70168732 real_wsp=700015A0 (was 7400394E) shadow_wsp=700015A0 master_wfp=700015B4 depth=0
redirect seq=003633 caller=QUEST2 WSAVS DIST                 pc=70168717 area_wfp=74003962 argc=4 frame=0 real_wsp=700015AA shadow_wsp=700015B4 master_wfp=700015B4 ret=70166E20 depth=1
redirect seq=003635 caller=QUEST2 WRTN  DIST                 area_wfp=74003962 ret_pc=70168732 real_wsp=700015A0 (was 7400394E) shadow_wsp=700015A0 master_wfp=700015B4 depth=0
redirect seq=003637 caller=QUEST2 WSAVS DIST                 pc=70168717 area_wfp=74003962 argc=4 frame=0 real_wsp=700015AA shadow_wsp=700015B4 master_wfp=700015B4 ret=70166E20 depth=1
redirect seq=003639 caller=QUEST2 WRTN  DIST                 area_wfp=74003962 ret_pc=70168732 real_wsp=700015A0 (was 7400394E) shadow_wsp=700015A0 master_wfp=700015B4 depth=0
redirect seq=003642 caller=QUEST2 WSAVS DIST                 pc=70168717 area_wfp=74003962 argc=4 frame=0 real_wsp=700015AA shadow_wsp=700015B4 master_wfp=700015B4 ret=70166E20 depth=1
redirect seq=003646 caller=QUEST2 WRTN  DIST                 area_wfp=74003962 ret_pc=70168732 real_wsp=700015A0 (was 7400394E) shadow_wsp=700015A0 master_wfp=700015B4 depth=0
redirect seq=003648 caller=QUEST2 WSAVS DIST                 pc=70168717 area_wfp=74003962 argc=4 frame=0 real_wsp=700015AA shadow_wsp=700015B4 master_wfp=700015B4 ret=70166E20 depth=1
redirect seq=003650 caller=QUEST2 WRTN  DIST                 area_wfp=74003962 ret_pc=70168732 real_wsp=700015A0 (was 7400394E) shadow_wsp=700015A0 master_wfp=700015B4 depth=0
redirect seq=003652 caller=QUEST2 WSAVS DIST                 pc=70168717 area_wfp=74003962 argc=4 frame=0 real_wsp=700015AA shadow_wsp=700015B4 master_wfp=700015B4 ret=70166E20 depth=1
redirect seq=003654 caller=QUEST2 WRTN  DIST                 area_wfp=74003962 ret_pc=70168732 real_wsp=700015A0 (was 7400394E) shadow_wsp=700015A0 master_wfp=700015B4 depth=0
redirect seq=003659 caller=QUEST2 WSAVS DIST                 pc=70168717 area_wfp=74003962 argc=4 frame=0 real_wsp=700015AA shadow_wsp=700015B4 master_wfp=700015B4 ret=70166E20 depth=1
redirect seq=003661 caller=QUEST2 WRTN  DIST                 area_wfp=74003962 ret_pc=70168732 real_wsp=700015A0 (was 7400394E) shadow_wsp=700015A0 master_wfp=700015B4 depth=0
redirect seq=003663 caller=QUEST2 WSAVS DIST                 pc=70168717 area_wfp=74003962 argc=4 frame=0 real_wsp=700015AA shadow_wsp=700015B4 master_wfp=700015B4 ret=70166E20 depth=1
redirect seq=003665 caller=QUEST2 WRTN  DIST                 area_wfp=74003962 ret_pc=70168732 real_wsp=700015A0 (was 7400394E) shadow_wsp=700015A0 master_wfp=700015B4 depth=0
redirect seq=003667 caller=QUEST2 WSAVS DIST                 pc=70168717 area_wfp=74003962 argc=4 frame=0 real_wsp=700015AA shadow_wsp=700015B4 master_wfp=700015B4 ret=70166E20 depth=1
redirect seq=003669 caller=QUEST2 WRTN  DIST                 area_wfp=74003962 ret_pc=70168732 real_wsp=700015A0 (was 7400394E) shadow_wsp=700015A0 master_wfp=700015B4 depth=0
redirect seq=003672 caller=QUEST2 WSAVS DIST                 pc=70168717 area_wfp=74003962 argc=4 frame=0 real_wsp=700015AA shadow_wsp=700015B4 master_wfp=700015B4 ret=70166E20 depth=1
redirect seq=003676 caller=QUEST2 WRTN  DIST                 area_wfp=74003962 ret_pc=70168732 real_wsp=700015A0 (was 7400394E) shadow_wsp=700015A0 master_wfp=700015B4 depth=0
redirect seq=003678 caller=QUEST2 WSAVS DIST                 pc=70168717 area_wfp=74003962 argc=4 frame=0 real_wsp=700015AA shadow_wsp=700015B4 master_wfp=700015B4 ret=70166E20 depth=1
redirect seq=003680 caller=QUEST2 WRTN  DIST                 area_wfp=74003962 ret_pc=70168732 real_wsp=700015A0 (was 7400394E) shadow_wsp=700015A0 master_wfp=700015B4 depth=0
redirect seq=003682 caller=QUEST2 WSAVS DIST                 pc=70168717 area_wfp=74003962 argc=4 frame=0 real_wsp=700015AA shadow_wsp=700015B4 master_wfp=700015B4 ret=70166E20 depth=1
redirect seq=003684 caller=QUEST2 WRTN  DIST                 area_wfp=74003962 ret_pc=70168732 real_wsp=700015A0 (was 7400394E) shadow_wsp=700015A0 master_wfp=700015B4 depth=0
redirect seq=003689 caller=QUEST2 WSAVS DIST                 pc=70168717 area_wfp=74003962 argc=4 frame=0 real_wsp=700015AA shadow_wsp=700015B4 master_wfp=700015B4 ret=70166E20 depth=1
redirect seq=003691 caller=QUEST2 WRTN  DIST                 area_wfp=74003962 ret_pc=70168732 real_wsp=700015A0 (was 7400394E) shadow_wsp=700015A0 master_wfp=700015B4 depth=0
redirect seq=003693 caller=QUEST2 WSAVS DIST                 pc=70168717 area_wfp=74003962 argc=4 frame=0 real_wsp=700015AA shadow_wsp=700015B4 master_wfp=700015B4 ret=70166E20 depth=1
redirect seq=003695 caller=QUEST2 WRTN  DIST                 area_wfp=74003962 ret_pc=70168732 real_wsp=700015A0 (was 7400394E) shadow_wsp=700015A0 master_wfp=700015B4 depth=0
redirect seq=003697 caller=QUEST2 WSAVS DIST                 pc=70168717 area_wfp=74003962 argc=4 frame=0 real_wsp=700015AA shadow_wsp=700015B4 master_wfp=700015B4 ret=70166E20 depth=1
redirect seq=003700 caller=QUEST2 WRTN  DIST                 area_wfp=74003962 ret_pc=70168732 real_wsp=700015A0 (was 7400394E) shadow_wsp=700015A0 master_wfp=700015B4 depth=0
redirect seq=003702 caller=QUEST2 WSAVS DIST                 pc=70168717 area_wfp=74003962 argc=4 frame=0 real_wsp=700015AA shadow_wsp=700015B4 master_wfp=700015B4 ret=70166E20 depth=1
redirect seq=003706 caller=QUEST2 WRTN  DIST                 area_wfp=74003962 ret_pc=70168732 real_wsp=700015A0 (was 7400394E) shadow_wsp=700015A0 master_wfp=700015B4 depth=0
redirect seq=003708 caller=QUEST2 WSAVS DIST                 pc=70168717 area_wfp=74003962 argc=4 frame=0 real_wsp=700015AA shadow_wsp=700015B4 master_wfp=700015B4 ret=70166E20 depth=1
redirect seq=003710 caller=QUEST2 WRTN  DIST                 area_wfp=74003962 ret_pc=70168732 real_wsp=700015A0 (was 7400394E) shadow_wsp=700015A0 master_wfp=700015B4 depth=0
redirect seq=003712 caller=QUEST2 WSAVS DIST                 pc=70168717 area_wfp=74003962 argc=4 frame=0 real_wsp=700015AA shadow_wsp=700015B4 master_wfp=700015B4 ret=70166E20 depth=1
redirect seq=003714 caller=QUEST2 WRTN  DIST                 area_wfp=74003962 ret_pc=70168732 real_wsp=700015A0 (was 7400394E) shadow_wsp=700015A0 master_wfp=700015B4 depth=0
redirect seq=003719 caller=QUEST2 WSAVS DIST                 pc=70168717 area_wfp=74003962 argc=4 frame=0 real_wsp=700015AA shadow_wsp=700015B4 master_wfp=700015B4 ret=70166E20 depth=1
redirect seq=003721 caller=QUEST2 WRTN  DIST                 area_wfp=74003962 ret_pc=70168732 real_wsp=700015A0 (was 7400394E) shadow_wsp=700015A0 master_wfp=700015B4 depth=0
redirect seq=003723 caller=QUEST2 WSAVS DIST                 pc=70168717 area_wfp=74003962 argc=4 frame=0 real_wsp=700015AA shadow_wsp=700015B4 master_wfp=700015B4 ret=70166E20 depth=1
redirect seq=003725 caller=QUEST2 WRTN  DIST                 area_wfp=74003962 ret_pc=70168732 real_wsp=700015A0 (was 7400394E) shadow_wsp=700015A0 master_wfp=700015B4 depth=0
redirect seq=003727 caller=QUEST2 WSAVS DIST                 pc=70168717 area_wfp=74003962 argc=4 frame=0 real_wsp=700015AA shadow_wsp=700015B4 master_wfp=700015B4 ret=70166E20 depth=1
redirect seq=003729 caller=QUEST2 WRTN  DIST                 area_wfp=74003962 ret_pc=70168732 real_wsp=700015A0 (was 7400394E) shadow_wsp=700015A0 master_wfp=700015B4 depth=0
redirect seq=003734 caller=QUEST2 WSAVS DIST                 pc=70168717 area_wfp=74003962 argc=4 frame=0 real_wsp=700015AA shadow_wsp=700015B4 master_wfp=700015B4 ret=70166E20 depth=1
redirect seq=003736 caller=QUEST2 WRTN  DIST                 area_wfp=74003962 ret_pc=70168732 real_wsp=700015A0 (was 7400394E) shadow_wsp=700015A0 master_wfp=700015B4 depth=0
redirect seq=003738 caller=QUEST2 WSAVS DIST                 pc=70168717 area_wfp=74003962 argc=4 frame=0 real_wsp=700015AA shadow_wsp=700015B4 master_wfp=700015B4 ret=70166E20 depth=1
redirect seq=003740 caller=QUEST2 WRTN  DIST                 area_wfp=74003962 ret_pc=70168732 real_wsp=700015A0 (was 7400394E) shadow_wsp=700015A0 master_wfp=700015B4 depth=0
redirect seq=003742 caller=QUEST2 WSAVS DIST                 pc=70168717 area_wfp=74003962 argc=4 frame=0 real_wsp=700015AA shadow_wsp=700015B4 master_wfp=700015B4 ret=70166E20 depth=1
redirect seq=003744 caller=QUEST2 WRTN  DIST                 area_wfp=74003962 ret_pc=70168732 real_wsp=700015A0 (was 7400394E) shadow_wsp=700015A0 master_wfp=700015B4 depth=0
redirect seq=003748 caller=QUEST2 WSAVS DIST                 pc=70168717 area_wfp=74003962 argc=4 frame=0 real_wsp=700015AA shadow_wsp=700015B4 master_wfp=700015B4 ret=70166E20 depth=1
redirect seq=003750 caller=QUEST2 WRTN  DIST                 area_wfp=74003962 ret_pc=70168732 real_wsp=700015A0 (was 7400394E) shadow_wsp=700015A0 master_wfp=700015B4 depth=0
redirect seq=003752 caller=QUEST2 WSAVS DIST                 pc=70168717 area_wfp=74003962 argc=4 frame=0 real_wsp=700015AA shadow_wsp=700015B4 master_wfp=700015B4 ret=70166E20 depth=1
redirect seq=003754 caller=QUEST2 WRTN  DIST                 area_wfp=74003962 ret_pc=70168732 real_wsp=700015A0 (was 7400394E) shadow_wsp=700015A0 master_wfp=700015B4 depth=0
redirect seq=003757 caller=QUEST2 WSAVS DIST                 pc=70168717 area_wfp=74003962 argc=4 frame=0 real_wsp=700015AA shadow_wsp=700015B4 master_wfp=700015B4 ret=70166E20 depth=1
redirect seq=003759 caller=QUEST2 WRTN  DIST                 area_wfp=74003962 ret_pc=70168732 real_wsp=700015A0 (was 7400394E) shadow_wsp=700015A0 master_wfp=700015B4 depth=0
redirect seq=003764 caller=QUEST2 WSAVS DIST                 pc=70168717 area_wfp=74003962 argc=4 frame=0 real_wsp=700015AA shadow_wsp=700015B4 master_wfp=700015B4 ret=70166E20 depth=1
redirect seq=003766 caller=QUEST2 WRTN  DIST                 area_wfp=74003962 ret_pc=70168732 real_wsp=700015A0 (was 7400394E) shadow_wsp=700015A0 master_wfp=700015B4 depth=0
redirect seq=003768 caller=QUEST2 WSAVS DIST                 pc=70168717 area_wfp=74003962 argc=4 frame=0 real_wsp=700015AA shadow_wsp=700015B4 master_wfp=700015B4 ret=70166E20 depth=1
redirect seq=003770 caller=QUEST2 WRTN  DIST                 area_wfp=74003962 ret_pc=70168732 real_wsp=700015A0 (was 7400394E) shadow_wsp=700015A0 master_wfp=700015B4 depth=0
redirect seq=003772 caller=QUEST2 WSAVS DIST                 pc=70168717 area_wfp=74003962 argc=4 frame=0 real_wsp=700015AA shadow_wsp=700015B4 master_wfp=700015B4 ret=70166E20 depth=1
redirect seq=003774 caller=QUEST2 WRTN  DIST                 area_wfp=74003962 ret_pc=70168732 real_wsp=700015A0 (was 7400394E) shadow_wsp=700015A0 master_wfp=700015B4 depth=0
redirect seq=003777 caller=QUEST2 WSAVS DIST                 pc=70168717 area_wfp=74003962 argc=4 frame=0 real_wsp=700015AA shadow_wsp=700015B4 master_wfp=700015B4 ret=70166E20 depth=1
redirect seq=003779 caller=QUEST2 WRTN  DIST                 area_wfp=74003962 ret_pc=70168732 real_wsp=700015A0 (was 7400394E) shadow_wsp=700015A0 master_wfp=700015B4 depth=0
redirect seq=003783 caller=QUEST2 WSAVS DIST                 pc=70168717 area_wfp=74003962 argc=4 frame=0 real_wsp=700015AA shadow_wsp=700015B4 master_wfp=700015B4 ret=70166E20 depth=1
redirect seq=003785 caller=QUEST2 WRTN  DIST                 area_wfp=74003962 ret_pc=70168732 real_wsp=700015A0 (was 7400394E) shadow_wsp=700015A0 master_wfp=700015B4 depth=0
redirect seq=003787 caller=QUEST2 WSAVS DIST                 pc=70168717 area_wfp=74003962 argc=4 frame=0 real_wsp=700015AA shadow_wsp=700015B4 master_wfp=700015B4 ret=70166E20 depth=1
redirect seq=003789 caller=QUEST2 WRTN  DIST                 area_wfp=74003962 ret_pc=70168732 real_wsp=700015A0 (was 7400394E) shadow_wsp=700015A0 master_wfp=700015B4 depth=0
redirect seq=003794 caller=QUEST2 WSAVS DIST                 pc=70168717 area_wfp=74003962 argc=4 frame=0 real_wsp=700015AA shadow_wsp=700015B4 master_wfp=700015B4 ret=70166E20 depth=1
redirect seq=003796 caller=QUEST2 WRTN  DIST                 area_wfp=74003962 ret_pc=70168732 real_wsp=700015A0 (was 7400394E) shadow_wsp=700015A0 master_wfp=700015B4 depth=0
redirect seq=003798 caller=QUEST2 WSAVS DIST                 pc=70168717 area_wfp=74003962 argc=4 frame=0 real_wsp=700015AA shadow_wsp=700015B4 master_wfp=700015B4 ret=70166E20 depth=1
redirect seq=003800 caller=QUEST2 WRTN  DIST                 area_wfp=74003962 ret_pc=70168732 real_wsp=700015A0 (was 7400394E) shadow_wsp=700015A0 master_wfp=700015B4 depth=0
redirect seq=003802 caller=QUEST2 WSAVS DIST                 pc=70168717 area_wfp=74003962 argc=4 frame=0 real_wsp=700015AA shadow_wsp=700015B4 master_wfp=700015B4 ret=70166E20 depth=1
redirect seq=003804 caller=QUEST2 WRTN  DIST                 area_wfp=74003962 ret_pc=70168732 real_wsp=700015A0 (was 7400394E) shadow_wsp=700015A0 master_wfp=700015B4 depth=0
redirect seq=003807 caller=QUEST2 WSAVS DIST                 pc=70168717 area_wfp=74003962 argc=4 frame=0 real_wsp=700015AA shadow_wsp=700015B4 master_wfp=700015B4 ret=70166E20 depth=1
redirect seq=003811 caller=QUEST2 WRTN  DIST                 area_wfp=74003962 ret_pc=70168732 real_wsp=700015A0 (was 7400394E) shadow_wsp=700015A0 master_wfp=700015B4 depth=0
redirect seq=003813 caller=QUEST2 WSAVS DIST                 pc=70168717 area_wfp=74003962 argc=4 frame=0 real_wsp=700015AA shadow_wsp=700015B4 master_wfp=700015B4 ret=70166E20 depth=1
redirect seq=003815 caller=QUEST2 WRTN  DIST                 area_wfp=74003962 ret_pc=70168732 real_wsp=700015A0 (was 7400394E) shadow_wsp=700015A0 master_wfp=700015B4 depth=0
redirect seq=003817 caller=QUEST2 WSAVS DIST                 pc=70168717 area_wfp=74003962 argc=4 frame=0 real_wsp=700015AA shadow_wsp=700015B4 master_wfp=700015B4 ret=70166E20 depth=1
redirect seq=003819 caller=QUEST2 WRTN  DIST                 area_wfp=74003962 ret_pc=70168732 real_wsp=700015A0 (was 7400394E) shadow_wsp=700015A0 master_wfp=700015B4 depth=0
redirect seq=003824 caller=QUEST2 WSAVS DIST                 pc=70168717 area_wfp=74003962 argc=4 frame=0 real_wsp=700015AA shadow_wsp=700015B4 master_wfp=700015B4 ret=70166E20 depth=1
redirect seq=003826 caller=QUEST2 WRTN  DIST                 area_wfp=74003962 ret_pc=70168732 real_wsp=700015A0 (was 7400394E) shadow_wsp=700015A0 master_wfp=700015B4 depth=0
redirect seq=003828 caller=QUEST2 WSAVS DIST                 pc=70168717 area_wfp=74003962 argc=4 frame=0 real_wsp=700015AA shadow_wsp=700015B4 master_wfp=700015B4 ret=70166E20 depth=1
redirect seq=003830 caller=QUEST2 WRTN  DIST                 area_wfp=74003962 ret_pc=70168732 real_wsp=700015A0 (was 7400394E) shadow_wsp=700015A0 master_wfp=700015B4 depth=0
redirect seq=003832 caller=QUEST2 WSAVS DIST                 pc=70168717 area_wfp=74003962 argc=4 frame=0 real_wsp=700015AA shadow_wsp=700015B4 master_wfp=700015B4 ret=70166E20 depth=1
redirect seq=003834 caller=QUEST2 WRTN  DIST                 area_wfp=74003962 ret_pc=70168732 real_wsp=700015A0 (was 7400394E) shadow_wsp=700015A0 master_wfp=700015B4 depth=0
redirect seq=003839 caller=QUEST2 WSAVS DIST                 pc=70168717 area_wfp=74003962 argc=4 frame=0 real_wsp=700015AA shadow_wsp=700015B4 master_wfp=700015B4 ret=70166E20 depth=1
redirect seq=003841 caller=QUEST2 WRTN  DIST                 area_wfp=74003962 ret_pc=70168732 real_wsp=700015A0 (was 7400394E) shadow_wsp=700015A0 master_wfp=700015B4 depth=0
redirect seq=003843 caller=QUEST2 WSAVS DIST                 pc=70168717 area_wfp=74003962 argc=4 frame=0 real_wsp=700015AA shadow_wsp=700015B4 master_wfp=700015B4 ret=70166E20 depth=1
redirect seq=003845 caller=QUEST2 WRTN  DIST                 area_wfp=74003962 ret_pc=70168732 real_wsp=700015A0 (was 7400394E) shadow_wsp=700015A0 master_wfp=700015B4 depth=0
redirect seq=003847 caller=QUEST2 WSAVS DIST                 pc=70168717 area_wfp=74003962 argc=4 frame=0 real_wsp=700015AA shadow_wsp=700015B4 master_wfp=700015B4 ret=70166E20 depth=1
redirect seq=003849 caller=QUEST2 WRTN  DIST                 area_wfp=74003962 ret_pc=70168732 real_wsp=700015A0 (was 7400394E) shadow_wsp=700015A0 master_wfp=700015B4 depth=0
redirect seq=003853 caller=QUEST2 WSAVS DIST                 pc=70168717 area_wfp=74003962 argc=4 frame=0 real_wsp=700015AA shadow_wsp=700015B4 master_wfp=700015B4 ret=70166E20 depth=1
redirect seq=003855 caller=QUEST2 WRTN  DIST                 area_wfp=74003962 ret_pc=70168732 real_wsp=700015A0 (was 7400394E) shadow_wsp=700015A0 master_wfp=700015B4 depth=0
redirect seq=003857 caller=QUEST2 WSAVS DIST                 pc=70168717 area_wfp=74003962 argc=4 frame=0 real_wsp=700015AA shadow_wsp=700015B4 master_wfp=700015B4 ret=70166E20 depth=1
redirect seq=003860 caller=QUEST2 WRTN  DIST                 area_wfp=74003962 ret_pc=70168732 real_wsp=700015A0 (was 7400394E) shadow_wsp=700015A0 master_wfp=700015B4 depth=0
redirect seq=003862 caller=QUEST2 WSAVS DIST                 pc=70168717 area_wfp=74003962 argc=4 frame=0 real_wsp=700015AA shadow_wsp=700015B4 master_wfp=700015B4 ret=70166E20 depth=1
redirect seq=003864 caller=QUEST2 WRTN  DIST                 area_wfp=74003962 ret_pc=70168732 real_wsp=700015A0 (was 7400394E) shadow_wsp=700015A0 master_wfp=700015B4 depth=0
redirect seq=003869 caller=QUEST2 WSAVS DIST                 pc=70168717 area_wfp=74003962 argc=4 frame=0 real_wsp=700015AA shadow_wsp=700015B4 master_wfp=700015B4 ret=70166E20 depth=1
redirect seq=003871 caller=QUEST2 WRTN  DIST                 area_wfp=74003962 ret_pc=70168732 real_wsp=700015A0 (was 7400394E) shadow_wsp=700015A0 master_wfp=700015B4 depth=0
redirect seq=003873 caller=QUEST2 WSAVS DIST                 pc=70168717 area_wfp=74003962 argc=4 frame=0 real_wsp=700015AA shadow_wsp=700015B4 master_wfp=700015B4 ret=70166E20 depth=1
redirect seq=003875 caller=QUEST2 WRTN  DIST                 area_wfp=74003962 ret_pc=70168732 real_wsp=700015A0 (was 7400394E) shadow_wsp=700015A0 master_wfp=700015B4 depth=0
redirect seq=003877 caller=QUEST2 WSAVS DIST                 pc=70168717 area_wfp=74003962 argc=4 frame=0 real_wsp=700015AA shadow_wsp=700015B4 master_wfp=700015B4 ret=70166E20 depth=1
redirect seq=003879 caller=QUEST2 WRTN  DIST                 area_wfp=74003962 ret_pc=70168732 real_wsp=700015A0 (was 7400394E) shadow_wsp=700015A0 master_wfp=700015B4 depth=0
redirect seq=003883 caller=QUEST2 WSAVS DIST                 pc=70168717 area_wfp=74003962 argc=4 frame=0 real_wsp=700015AA shadow_wsp=700015B4 master_wfp=700015B4 ret=70166E20 depth=1
redirect seq=003885 caller=QUEST2 WRTN  DIST                 area_wfp=74003962 ret_pc=70168732 real_wsp=700015A0 (was 7400394E) shadow_wsp=700015A0 master_wfp=700015B4 depth=0
redirect seq=003887 caller=QUEST2 WSAVS DIST                 pc=70168717 area_wfp=74003962 argc=4 frame=0 real_wsp=700015AA shadow_wsp=700015B4 master_wfp=700015B4 ret=70166E20 depth=1
redirect seq=003889 caller=QUEST2 WRTN  DIST                 area_wfp=74003962 ret_pc=70168732 real_wsp=700015A0 (was 7400394E) shadow_wsp=700015A0 master_wfp=700015B4 depth=0
redirect seq=003892 caller=QUEST2 WSAVS DIST                 pc=70168717 area_wfp=74003962 argc=4 frame=0 real_wsp=700015AA shadow_wsp=700015B4 master_wfp=700015B4 ret=70166E20 depth=1
redirect seq=003894 caller=QUEST2 WRTN  DIST                 area_wfp=74003962 ret_pc=70168732 real_wsp=700015A0 (was 7400394E) shadow_wsp=700015A0 master_wfp=700015B4 depth=0
redirect seq=003899 caller=QUEST2 WSAVS DIST                 pc=70168717 area_wfp=74003962 argc=4 frame=0 real_wsp=700015AA shadow_wsp=700015B4 master_wfp=700015B4 ret=70166E20 depth=1
redirect seq=003901 caller=QUEST2 WRTN  DIST                 area_wfp=74003962 ret_pc=70168732 real_wsp=700015A0 (was 7400394E) shadow_wsp=700015A0 master_wfp=700015B4 depth=0
redirect seq=003903 caller=QUEST2 WSAVS DIST                 pc=70168717 area_wfp=74003962 argc=4 frame=0 real_wsp=700015AA shadow_wsp=700015B4 master_wfp=700015B4 ret=70166E20 depth=1
redirect seq=003905 caller=QUEST2 WRTN  DIST                 area_wfp=74003962 ret_pc=70168732 real_wsp=700015A0 (was 7400394E) shadow_wsp=700015A0 master_wfp=700015B4 depth=0
redirect seq=003907 caller=QUEST2 WSAVS DIST                 pc=70168717 area_wfp=74003962 argc=4 frame=0 real_wsp=700015AA shadow_wsp=700015B4 master_wfp=700015B4 ret=70166E20 depth=1
redirect seq=003909 caller=QUEST2 WRTN  DIST                 area_wfp=74003962 ret_pc=70168732 real_wsp=700015A0 (was 7400394E) shadow_wsp=700015A0 master_wfp=700015B4 depth=0
redirect seq=003914 caller=QUEST2 WSAVS DIST                 pc=70168717 area_wfp=74003962 argc=4 frame=0 real_wsp=700015AA shadow_wsp=700015B4 master_wfp=700015B4 ret=70166E20 depth=1
redirect seq=003916 caller=QUEST2 WRTN  DIST                 area_wfp=74003962 ret_pc=70168732 real_wsp=700015A0 (was 7400394E) shadow_wsp=700015A0 master_wfp=700015B4 depth=0
redirect seq=003918 caller=QUEST2 WSAVS DIST                 pc=70168717 area_wfp=74003962 argc=4 frame=0 real_wsp=700015AA shadow_wsp=700015B4 master_wfp=700015B4 ret=70166E20 depth=1
redirect seq=003920 caller=QUEST2 WRTN  DIST                 area_wfp=74003962 ret_pc=70168732 real_wsp=700015A0 (was 7400394E) shadow_wsp=700015A0 master_wfp=700015B4 depth=0
redirect seq=003922 caller=QUEST2 WSAVS DIST                 pc=70168717 area_wfp=74003962 argc=4 frame=0 real_wsp=700015AA shadow_wsp=700015B4 master_wfp=700015B4 ret=70166E20 depth=1
redirect seq=003924 caller=QUEST2 WRTN  DIST                 area_wfp=74003962 ret_pc=70168732 real_wsp=700015A0 (was 7400394E) shadow_wsp=700015A0 master_wfp=700015B4 depth=0
redirect seq=003927 caller=QUEST2 WSAVS DIST                 pc=70168717 area_wfp=74003962 argc=4 frame=0 real_wsp=700015AA shadow_wsp=700015B4 master_wfp=700015B4 ret=70166E20 depth=1
redirect seq=003929 caller=QUEST2 WRTN  DIST                 area_wfp=74003962 ret_pc=70168732 real_wsp=700015A0 (was 7400394E) shadow_wsp=700015A0 master_wfp=700015B4 depth=0
redirect seq=003933 caller=QUEST2 WSAVS DIST                 pc=70168717 area_wfp=74003962 argc=4 frame=0 real_wsp=700015AA shadow_wsp=700015B4 master_wfp=700015B4 ret=70166E20 depth=1
redirect seq=003935 caller=QUEST2 WRTN  DIST                 area_wfp=74003962 ret_pc=70168732 real_wsp=700015A0 (was 7400394E) shadow_wsp=700015A0 master_wfp=700015B4 depth=0
redirect seq=003937 caller=QUEST2 WSAVS DIST                 pc=70168717 area_wfp=74003962 argc=4 frame=0 real_wsp=700015AA shadow_wsp=700015B4 master_wfp=700015B4 ret=70166E20 depth=1
redirect seq=003939 caller=QUEST2 WRTN  DIST                 area_wfp=74003962 ret_pc=70168732 real_wsp=700015A0 (was 7400394E) shadow_wsp=700015A0 master_wfp=700015B4 depth=0
redirect seq=003944 caller=QUEST2 WSAVS DIST                 pc=70168717 area_wfp=74003962 argc=4 frame=0 real_wsp=700015AA shadow_wsp=700015B4 master_wfp=700015B4 ret=70166E20 depth=1
redirect seq=003946 caller=QUEST2 WRTN  DIST                 area_wfp=74003962 ret_pc=70168732 real_wsp=700015A0 (was 7400394E) shadow_wsp=700015A0 master_wfp=700015B4 depth=0
redirect seq=003948 caller=QUEST2 WSAVS DIST                 pc=70168717 area_wfp=74003962 argc=4 frame=0 real_wsp=700015AA shadow_wsp=700015B4 master_wfp=700015B4 ret=70166E20 depth=1
redirect seq=003950 caller=QUEST2 WRTN  DIST                 area_wfp=74003962 ret_pc=70168732 real_wsp=700015A0 (was 7400394E) shadow_wsp=700015A0 master_wfp=700015B4 depth=0
redirect seq=003952 caller=QUEST2 WSAVS DIST                 pc=70168717 area_wfp=74003962 argc=4 frame=0 real_wsp=700015AA shadow_wsp=700015B4 master_wfp=700015B4 ret=70166E20 depth=1
redirect seq=003954 caller=QUEST2 WRTN  DIST                 area_wfp=74003962 ret_pc=70168732 real_wsp=700015A0 (was 7400394E) shadow_wsp=700015A0 master_wfp=700015B4 depth=0
redirect seq=003959 caller=QUEST2 WSAVS DIST                 pc=70168717 area_wfp=74003962 argc=4 frame=0 real_wsp=700015AA shadow_wsp=700015B4 master_wfp=700015B4 ret=70166E20 depth=1
redirect seq=003961 caller=QUEST2 WRTN  DIST                 area_wfp=74003962 ret_pc=70168732 real_wsp=700015A0 (was 7400394E) shadow_wsp=700015A0 master_wfp=700015B4 depth=0
redirect seq=003963 caller=QUEST2 WSAVS DIST                 pc=70168717 area_wfp=74003962 argc=4 frame=0 real_wsp=700015AA shadow_wsp=700015B4 master_wfp=700015B4 ret=70166E20 depth=1
redirect seq=003965 caller=QUEST2 WRTN  DIST                 area_wfp=74003962 ret_pc=70168732 real_wsp=700015A0 (was 7400394E) shadow_wsp=700015A0 master_wfp=700015B4 depth=0
redirect seq=003968 caller=QUEST2 WSAVS DIST                 pc=70168717 area_wfp=74003962 argc=4 frame=0 real_wsp=700015AA shadow_wsp=700015B4 master_wfp=700015B4 ret=70166E20 depth=1
redirect seq=003970 caller=QUEST2 WRTN  DIST                 area_wfp=74003962 ret_pc=70168732 real_wsp=700015A0 (was 7400394E) shadow_wsp=700015A0 master_wfp=700015B4 depth=0
redirect seq=003972 caller=QUEST2 WSAVS DIST                 pc=70168717 area_wfp=74003962 argc=4 frame=0 real_wsp=700015AA shadow_wsp=700015B4 master_wfp=700015B4 ret=70166E20 depth=1
redirect seq=003976 caller=QUEST2 WRTN  DIST                 area_wfp=74003962 ret_pc=70168732 real_wsp=700015A0 (was 7400394E) shadow_wsp=700015A0 master_wfp=700015B4 depth=0
redirect seq=003978 caller=QUEST2 WSAVS DIST                 pc=70168717 area_wfp=74003962 argc=4 frame=0 real_wsp=700015AA shadow_wsp=700015B4 master_wfp=700015B4 ret=70166E20 depth=1
redirect seq=003980 caller=QUEST2 WRTN  DIST                 area_wfp=74003962 ret_pc=70168732 real_wsp=700015A0 (was 7400394E) shadow_wsp=700015A0 master_wfp=700015B4 depth=0
redirect seq=003982 caller=QUEST2 WSAVS DIST                 pc=70168717 area_wfp=74003962 argc=4 frame=0 real_wsp=700015AA shadow_wsp=700015B4 master_wfp=700015B4 ret=70166E20 depth=1
redirect seq=003984 caller=QUEST2 WRTN  DIST                 area_wfp=74003962 ret_pc=70168732 real_wsp=700015A0 (was 7400394E) shadow_wsp=700015A0 master_wfp=700015B4 depth=0
redirect seq=003989 caller=QUEST2 WSAVS DIST                 pc=70168717 area_wfp=74003962 argc=4 frame=0 real_wsp=700015AA shadow_wsp=700015B4 master_wfp=700015B4 ret=70166E20 depth=1
redirect seq=003991 caller=QUEST2 WRTN  DIST                 area_wfp=74003962 ret_pc=70168732 real_wsp=700015A0 (was 7400394E) shadow_wsp=700015A0 master_wfp=700015B4 depth=0
redirect seq=003993 caller=QUEST2 WSAVS DIST                 pc=70168717 area_wfp=74003962 argc=4 frame=0 real_wsp=700015AA shadow_wsp=700015B4 master_wfp=700015B4 ret=70166E20 depth=1
redirect seq=003995 caller=QUEST2 WRTN  DIST                 area_wfp=74003962 ret_pc=70168732 real_wsp=700015A0 (was 7400394E) shadow_wsp=700015A0 master_wfp=700015B4 depth=0
redirect seq=003997 caller=QUEST2 WSAVS DIST                 pc=70168717 area_wfp=74003962 argc=4 frame=0 real_wsp=700015AA shadow_wsp=700015B4 master_wfp=700015B4 ret=70166E20 depth=1
redirect seq=003999 caller=QUEST2 WRTN  DIST                 area_wfp=74003962 ret_pc=70168732 real_wsp=700015A0 (was 7400394E) shadow_wsp=700015A0 master_wfp=700015B4 depth=0
redirect seq=004003 caller=QUEST2 WSAVS DIST                 pc=70168717 area_wfp=74003962 argc=4 frame=0 real_wsp=700015AA shadow_wsp=700015B4 master_wfp=700015B4 ret=70166E20 depth=1
redirect seq=004005 caller=QUEST2 WRTN  DIST                 area_wfp=74003962 ret_pc=70168732 real_wsp=700015A0 (was 7400394E) shadow_wsp=700015A0 master_wfp=700015B4 depth=0
redirect seq=004007 caller=QUEST2 WSAVS DIST                 pc=70168717 area_wfp=74003962 argc=4 frame=0 real_wsp=700015AA shadow_wsp=700015B4 master_wfp=700015B4 ret=70166E20 depth=1
redirect seq=004010 caller=QUEST2 WRTN  DIST                 area_wfp=74003962 ret_pc=70168732 real_wsp=700015A0 (was 7400394E) shadow_wsp=700015A0 master_wfp=700015B4 depth=0
redirect seq=004012 caller=QUEST2 WSAVS DIST                 pc=70168717 area_wfp=74003962 argc=4 frame=0 real_wsp=700015AA shadow_wsp=700015B4 master_wfp=700015B4 ret=70166E20 depth=1
redirect seq=004014 caller=QUEST2 WRTN  DIST                 area_wfp=74003962 ret_pc=70168732 real_wsp=700015A0 (was 7400394E) shadow_wsp=700015A0 master_wfp=700015B4 depth=0
redirect seq=004019 caller=QUEST2 WSAVS DIST                 pc=70168717 area_wfp=74003962 argc=4 frame=0 real_wsp=700015AA shadow_wsp=700015B4 master_wfp=700015B4 ret=70166E20 depth=1
redirect seq=004021 caller=QUEST2 WRTN  DIST                 area_wfp=74003962 ret_pc=70168732 real_wsp=700015A0 (was 7400394E) shadow_wsp=700015A0 master_wfp=700015B4 depth=0
redirect seq=004023 caller=QUEST2 WSAVS DIST                 pc=70168717 area_wfp=74003962 argc=4 frame=0 real_wsp=700015AA shadow_wsp=700015B4 master_wfp=700015B4 ret=70166E20 depth=1
redirect seq=004025 caller=QUEST2 WRTN  DIST                 area_wfp=74003962 ret_pc=70168732 real_wsp=700015A0 (was 7400394E) shadow_wsp=700015A0 master_wfp=700015B4 depth=0
redirect seq=004027 caller=QUEST2 WSAVS DIST                 pc=70168717 area_wfp=74003962 argc=4 frame=0 real_wsp=700015AA shadow_wsp=700015B4 master_wfp=700015B4 ret=70166E20 depth=1
redirect seq=004029 caller=QUEST2 WRTN  DIST                 area_wfp=74003962 ret_pc=70168732 real_wsp=700015A0 (was 7400394E) shadow_wsp=700015A0 master_wfp=700015B4 depth=0
redirect seq=004034 caller=QUEST2 WSAVS DIST                 pc=70168717 area_wfp=74003962 argc=4 frame=0 real_wsp=700015AA shadow_wsp=700015B4 master_wfp=700015B4 ret=70166E20 depth=1
redirect seq=004036 caller=QUEST2 WRTN  DIST                 area_wfp=74003962 ret_pc=70168732 real_wsp=700015A0 (was 7400394E) shadow_wsp=700015A0 master_wfp=700015B4 depth=0
redirect seq=004038 caller=QUEST2 WSAVS DIST                 pc=70168717 area_wfp=74003962 argc=4 frame=0 real_wsp=700015AA shadow_wsp=700015B4 master_wfp=700015B4 ret=70166E20 depth=1
redirect seq=004040 caller=QUEST2 WRTN  DIST                 area_wfp=74003962 ret_pc=70168732 real_wsp=700015A0 (was 7400394E) shadow_wsp=700015A0 master_wfp=700015B4 depth=0
redirect seq=004042 caller=QUEST2 WSAVS DIST                 pc=70168717 area_wfp=74003962 argc=4 frame=0 real_wsp=700015AA shadow_wsp=700015B4 master_wfp=700015B4 ret=70166E20 depth=1
redirect seq=004045 caller=QUEST2 WRTN  DIST                 area_wfp=74003962 ret_pc=70168732 real_wsp=700015A0 (was 7400394E) shadow_wsp=700015A0 master_wfp=700015B4 depth=0
redirect seq=004047 caller=QUEST2 WSAVS TERRITORY            pc=7017CD71 area_wfp=74009956 argc=6 frame=22 real_wsp=700015AE shadow_wsp=700015E4 master_wfp=700015B8 ret=701670F2 depth=1
redirect seq=004101 caller=QUEST2 WRTN  TERRITORY            area_wfp=74009956 ret_pc=7017CFAF real_wsp=700015A0 (was 7400993E) shadow_wsp=700015A0 master_wfp=700015B8 depth=0
redirect seq=004103 caller=QUEST2 WSAVS TOWER_ATTACK         pc=7017D0ED area_wfp=740099AC argc=1 frame=94 real_wsp=70001150 shadow_wsp=70001216 master_wfp=7000115A ret=701788EF depth=1
redirect seq=004114 caller=QUEST2 WRTN  TOWER_ATTACK         area_wfp=740099AC ret_pc=7017D40B real_wsp=7000114C (was 7400999E) shadow_wsp=7000114C master_wfp=7000115A depth=0
redirect seq=004116 caller=QUEST2 WSAVS REPORT               pc=70176C0B area_wfp=7400738A argc=0 frame=258 real_wsp=7000114E shadow_wsp=7000135C master_wfp=70001158 ret=701788F3 depth=1
redirect seq=004117 caller=QUEST2 WRTN  REPORT               area_wfp=7400738A ret_pc=70176F46 real_wsp=7000114C (was 7400737E) shadow_wsp=7000114C master_wfp=70001158 depth=0
redirect seq=004119 caller=QUEST2 WSAVS THIEF                pc=7017B42F area_wfp=74007C0C argc=1 frame=68 real_wsp=70001150 shadow_wsp=700011E2 master_wfp=7000115A ret=701788FA depth=1
redirect seq=004120 caller=QUEST2 WRTN  THIEF                area_wfp=74007C0C ret_pc=7017B431 real_wsp=7000114C (was 74007BFE) shadow_wsp=7000114C master_wfp=7000115A depth=0
redirect seq=004122 caller=QUEST2 WSAVS CATAPULT             pc=70161CBF area_wfp=74000EBC argc=1 frame=26 real_wsp=70001150 shadow_wsp=7000118E master_wfp=7000115A ret=70178901 depth=1
redirect seq=004124 caller=QUEST2 WRTN  CATAPULT             area_wfp=74000EBC ret_pc=70161FAE real_wsp=7000114C (was 74000EAE) shadow_wsp=7000114C master_wfp=7000115A depth=0
redirect seq=004126 caller=QUEST2 WSAVS DEFEND               pc=70165863 area_wfp=7400304A argc=0 frame=148 real_wsp=7000114E shadow_wsp=70001280 master_wfp=70001158 ret=70178930 depth=1
redirect seq=004128 caller=QUEST2 WRTN  DEFEND               area_wfp=7400304A ret_pc=70165D6E real_wsp=7000114C (was 7400303E) shadow_wsp=7000114C master_wfp=70001158 depth=0
redirect seq=004141 caller=QUEST2 WSAVS GET_INPUT            pc=7016AA35 area_wfp=74003ECC argc=1 frame=41 real_wsp=70001150 shadow_wsp=700011AC master_wfp=7000115A ret=70178C3F depth=1
redirect seq=004149 caller=QUEST2 WRTN  GET_INPUT            area_wfp=74003ECC ret_pc=7016AA66 real_wsp=7000114C (was 74003EBE) shadow_wsp=7000114C master_wfp=7000115A depth=0
redirect seq=004182 caller=QUEST2 WSAVS GET_INPUT            pc=7016AA35 area_wfp=74003ECC argc=1 frame=41 real_wsp=70001150 shadow_wsp=700011AC master_wfp=7000115A ret=70178C3F depth=1
redirect seq=004190 caller=QUEST2 WRTN  GET_INPUT            area_wfp=74003ECC ret_pc=7016AA66 real_wsp=7000114C (was 74003EBE) shadow_wsp=7000114C master_wfp=7000115A depth=0
redirect seq=004214 caller=QUEST2 WSAVS AUTO_MOVE            pc=7015FA73 area_wfp=740009FE argc=2 frame=16 real_wsp=70001152 shadow_wsp=7000117C master_wfp=7000115C ret=70178D56 depth=1
redirect seq=004225 caller=QUEST2 WSAVS GET_INPUT            pc=7016AA35 area_wfp=74003ECC argc=1 frame=41 real_wsp=7000115A shadow_wsp=700011E0 master_wfp=7000118E ret=7015FAA6 depth=2
redirect seq=004233 caller=QUEST2 WRTN  GET_INPUT            area_wfp=74003ECC ret_pc=7016AA66 real_wsp=70001156 (was 74003EBE) shadow_wsp=70001180 master_wfp=7000118E depth=1
redirect seq=004250 caller=QUEST2 WSAVS READ_IN              pc=701766ED area_wfp=740072BA argc=0 frame=6 real_wsp=70001158 shadow_wsp=70001198 master_wfp=7000118C ret=7015FB7E depth=2
redirect seq=004262 caller=QUEST2 WRTN  READ_IN              area_wfp=740072BA ret_pc=7017E77D real_wsp=70001156 (was 740072AE) shadow_wsp=70001180 master_wfp=7000118C depth=1
redirect seq=004279 caller=QUEST2 WRTN  AUTO_MOVE            area_wfp=740009FE ret_pc=7017E77D real_wsp=7000114C (was 740009EE) shadow_wsp=7000114C master_wfp=7000115C depth=0
redirect seq=004291 caller=QUEST2 WSAVS GET_INPUT            pc=7016AA35 area_wfp=74003ECC argc=1 frame=41 real_wsp=70001150 shadow_wsp=700011AC master_wfp=7000115A ret=70178C3F depth=1
redirect seq=004299 caller=QUEST2 WRTN  GET_INPUT            area_wfp=74003ECC ret_pc=7016AA66 real_wsp=7000114C (was 74003EBE) shadow_wsp=7000114C master_wfp=7000115A depth=0
