# p32 sites — machine-readable ledger (tools/string_sites.py --p32-tsv); consumed by lower.py --strings-sites
# dis sha256=5c1db5fb75c8c26a70eaeab5760213973d1c80e8711b6dacbb9c28376d4118f4
# blocks sha256=ba30a84139a7d2f489cdb6345eddde4dfdf6c77d6d75f2eaa14ab3df58a829d0
# mem sha256=1d44317d0995843e28fd576adffb8be977489975760def777d7e7c2a70803074
# pc	op	block	func	idiom	dest	verdict	category	reason	fold	ir	form	slice	chain
7015C902	WCMV	7015C8EA	ALCHEMIST_HOME	COPY-LIT-EXACT	a	EMIT			7015C8FD 7015C8FF 7015C901	[@bp(ac3, 200), 60] = [@0x7015C73B:0, "\x0A\x0BThere is no one home, but there is a flask filled with a\x0A\x0B"]	expr	4	piece 1/2 of ALCHEMIST_HOME ('frame', 200)
7015C90D	WCMV	7015C8EA	ALCHEMIST_HOME	CONCAT-PIECE+CALLRESULT	a	EMIT			7015C904 7015C906 7015C909 7015C90C	[@ac2, sx16(M16[((sx16(M16[wp(ac3, 2)]) * 9) - 0xFEAF841)])] = [@bp((sx16(M16[wp(ac3, 2)]) * 9), -0x1FD5F080), sx16(M16[((sx16(M16[wp(ac3, 2)]) * 9) - 0xFEAF841)])]	mixed	6	piece 2/2 of ALCHEMIST_HOME ('frame', 200)
7015C916	WCMV	7015C8EA	ALCHEMIST_HOME	COPY-STR-EXACT+CALLRESULT	a	EMIT			7015C90F 7015C911 7015C913 7015C915	[@bp(ac3, 0x114), (sx16(M16[((sx16(M16[wp(ac3, 2)]) * 9) - 0xFEAF841)]) + 60)] = [@bp(ac3, 200), (sx16(M16[((sx16(M16[wp(ac3, 2)]) * 9) - 0xFEAF841)]) + 60)]	expr	6	piece 1/2 of ALCHEMIST_HOME ('frame', 276); copy-out of ALCHEMIST_HOME ('frame', 200) (total MATCH)
7015C91C	WCMV	7015C8EA	ALCHEMIST_HOME	CONCAT-PIECE	a	EMIT			7015C917 7015C919 7015C91B	[@ac2, 42] = [@0x7015C725:0, " liquid, hit space bar to quaff the potion"]	mixed	4	piece 2/2 of ALCHEMIST_HOME ('frame', 276)
7015C927	WCMV	7015C8EA	ALCHEMIST_HOME	ASSIGN-STR-VARYING+CALLRESULT	a	EMIT			7015C91E 7015C920 7015C921 7015C923 7015C925	[@wp(ac3, 198), (sx16(M16[((sx16(M16[wp(ac3, 2)]) * 9) - 0xFEAF841)]) + 102) varying] = [@bp(ac3, 0x114), (sx16(M16[((sx16(M16[wp(ac3, 2)]) * 9) - 0xFEAF841)]) + 102)]	expr	6	copy-out of ALCHEMIST_HOME ('frame', 276) (total MATCH)
7015CAB1	WCMV	7015CA99	ALCHEMIST_HOME	COPY-LIT-EXACT	a	EMIT			7015CAAE 7015CAB0	[@bp(ac3, 140), 29] = [@0x7015C69B:0, "\x0BHit space bar to trade your "]	expr	4	piece 1/2 of ALCHEMIST_HOME ('frame', 140)
7015CABC	WCMV	7015CA99	ALCHEMIST_HOME	CONCAT-PIECE+CALLRESULT	a	EMIT				[@ac2, ac0] = [@ac3, ac1]	register	6	piece 2/2 of ALCHEMIST_HOME ('frame', 140)
7015CAC5	WCMV	7015CA99	ALCHEMIST_HOME	COPY-STR-EXACT+CALLRESULT	a	EMIT				[@ac2, ac0] = [@ac3, ac1]	register	6	piece 1/2 of ALCHEMIST_HOME ('frame', 200); copy-out of ALCHEMIST_HOME ('frame', 140) (total MATCH)
7015CACB	WCMV	7015CA99	ALCHEMIST_HOME	CONCAT-PIECE	a	EMIT			7015CAC6 7015CAC8 7015CACA	[@ac2, 18] = [@0x7015C691:0, "\x0Afor a magic flask"]	mixed	4	piece 2/2 of ALCHEMIST_HOME ('frame', 200)
7015CAD6	WCMV	7015CA99	ALCHEMIST_HOME	ASSIGN-STR-VARYING+CALLRESULT	a	EMIT			7015CAD2 7015CAD4	[@bp(ac3, 0x116), ac0] = [@bp(ac3, 200), ac1]	mixed	6	copy-out of ALCHEMIST_HOME ('frame', 200) (total MATCH)
7015CB23	WCMV	7015CB0B	ALCHEMIST_HOME	COPY-LIT-EXACT	a	EMIT			7015CB20 7015CB22	[@bp(ac3, 140), 29] = [@0x7015C69B:0, "\x0BHit space bar to trade your "]	expr	4	piece 1/2 of ALCHEMIST_HOME ('frame', 140)
7015CB2E	WCMV	7015CB0B	ALCHEMIST_HOME	CONCAT-PIECE+CALLRESULT	a	EMIT				[@ac2, ac0] = [@ac3, ac1]	register	6	piece 2/2 of ALCHEMIST_HOME ('frame', 140)
7015CB37	WCMV	7015CB0B	ALCHEMIST_HOME	COPY-STR-EXACT+CALLRESULT	a	EMIT				[@ac2, ac0] = [@ac3, ac1]	register	6	piece 1/2 of ALCHEMIST_HOME ('frame', 276); copy-out of ALCHEMIST_HOME ('frame', 140) (total MATCH)
7015CB3D	WCMV	7015CB0B	ALCHEMIST_HOME	CONCAT-PIECE	a	EMIT			7015CB38 7015CB3A 7015CB3C	[@ac2, 18] = [@0x7015C687:0, "\x0Afor knowledge of "]	mixed	4	piece 2/2 of ALCHEMIST_HOME ('frame', 276)
7015CB46	WCMV	7015CB0B	ALCHEMIST_HOME	COPY-STR-EXACT+CALLRESULT	a	EMIT				[@ac2, ac0] = [@ac3, ac1]	register	6	piece 1/2 of ALCHEMIST_HOME ('frame', 396)
7015CB51	WCMV	7015CB0B	ALCHEMIST_HOME	CONCAT-PIECE+CALLRESULT	a	EMIT			7015CB48 7015CB4A 7015CB4D 7015CB50	[@ac2, sx16(M16[((sx16(M16[wp(ac3, 5)]) * 16) - 0xFEAFBB8)])] = [@bp((sx16(M16[wp(ac3, 5)]) * 16), -0x1FD5F76E), sx16(M16[((sx16(M16[wp(ac3, 5)]) * 16) - 0xFEAFBB8)])]	mixed	6	piece 2/2 of ALCHEMIST_HOME ('frame', 396)
7015CB5C	WCMV	7015CB0B	ALCHEMIST_HOME	ASSIGN-STR-VARYING+CALLRESULT	a	EMIT			7015CB58 7015CB5A	[@bp(ac3, 0x116), ac0] = [@bp(ac3, 0x18C), ac1]	mixed	6	copy-out of ALCHEMIST_HOME ('frame', 396) (total MATCH)
7015CE69	WCMV	7015CE51	ALCHEMIST_HOME	COPY-LIT-EXACT	a	EMIT			7015CE66 7015CE68	[@bp(ac3, 12), 15] = [@0x7015C671:0, "\x0A\x0BKnowledge of "]	expr	4	piece 1/2 of ALCHEMIST_HOME ('frame', 12)
7015CE74	WCMV	7015CE51	ALCHEMIST_HOME	CONCAT-PIECE	a	EMIT			7015CE6B 7015CE6D 7015CE70 7015CE73	[@ac2, sx16(M16[((sx16(M16[(M32[wp(ac3, -6)] + 5)]) * 16) - 0xFEAFBB8)])] = [@bp((sx16(M16[(M32[wp(ac3, -6)] + 5)]) * 16), -0x1FD5F76E), sx16(M16[((sx16(M16[(M32[wp(ac3, -6)] + 5)]) * 16) - 0xFEAFBB8)])]	mixed	4	piece 2/2 of ALCHEMIST_HOME ('frame', 12)
7015CE7D	WCMV	7015CE51	ALCHEMIST_HOME	COPY-STR-EXACT	a	EMIT			7015CE76 7015CE78 7015CE7A 7015CE7C	[@bp(ac3, 64), (sx16(M16[((sx16(M16[(M32[wp(ac3, -6)] + 5)]) * 16) - 0xFEAFBB8)]) + 15)] = [@bp(ac3, 12), (sx16(M16[((sx16(M16[(M32[wp(ac3, -6)] + 5)]) * 16) - 0xFEAFBB8)]) + 15)]	expr	4	piece 1/2 of ALCHEMIST_HOME ('frame', 64)
7015CE83	WCMV	7015CE51	ALCHEMIST_HOME	CONCAT-PIECE	a	EMIT			7015CE7E 7015CE80 7015CE82	[@ac2, 20] = [@0x7015C667:0, " has been acquired.\x0A"]	mixed	4	piece 2/2 of ALCHEMIST_HOME ('frame', 64)
7015CE8E	WCMV	7015CE51	ALCHEMIST_HOME	ASSIGN-STR-VARYING	a	EMIT			7015CE85 7015CE87 7015CE88 7015CE8A 7015CE8C	[@wp(ac3, 66), (sx16(M16[((sx16(M16[(M32[wp(ac3, -6)] + 5)]) * 16) - 0xFEAFBB8)]) + 35) varying] = [@bp(ac3, 64), (sx16(M16[((sx16(M16[(M32[wp(ac3, -6)] + 5)]) * 16) - 0xFEAFBB8)]) + 35)]	expr	5	copy-out of ALCHEMIST_HOME ('frame', 64) (total MATCH)
7015CF02	WCMV	7015CEE8	ALCHEMIST_HOME	COPY-LIT-EXACT	a	EMIT			7015CEFD 7015CEFF 7015CF01	[@bp(ac3, 12), 15] = [@0x7015C671:0, "\x0A\x0BKnowledge of "]	expr	4	piece 1/2 of ALCHEMIST_HOME ('frame', 12)
7015CF0D	WCMV	7015CEE8	ALCHEMIST_HOME	CONCAT-PIECE+CALLRESULT	a	EMIT				[@ac2, ac0] = [@ac3, ac1]	register	6	piece 2/2 of ALCHEMIST_HOME ('frame', 12)
7015CF16	WCMV	7015CEE8	ALCHEMIST_HOME	COPY-STR-EXACT+CALLRESULT	a	EMIT				[@ac2, ac0] = [@ac3, ac1]	register	6	piece 1/2 of ALCHEMIST_HOME ('frame', 64)
7015CF1C	WCMV	7015CEE8	ALCHEMIST_HOME	CONCAT-PIECE	a	EMIT			7015CF17 7015CF19 7015CF1B	[@ac2, 18] = [@0x7015C65D:0, " has been erased.\x0A"]	mixed	4	piece 2/2 of ALCHEMIST_HOME ('frame', 64)
7015CF27	WCMV	7015CEE8	ALCHEMIST_HOME	ASSIGN-STR-VARYING+CALLRESULT	a	EMIT			7015CF23 7015CF25	[@bp(ac3, 134), ac0] = [@bp(ac3, 64), ac1]	mixed	6	copy-out of ALCHEMIST_HOME ('frame', 64) (total MATCH)
7015D131	WCMV	7015D12A	ALLY_PLAYER	ASSIGN-STR-VARYING-PAD	?	EMIT			7015D12C 7015D12E	[@bp(ac3, 0x40A), ac0] = [@0x7000021D:0, ac1]	mixed	5	
7015D1BB	WCMV	7015D1AB	ALLY_PLAYER	COPY-LIT-EXACT	a	EMIT			7015D1B6 7015D1B8 7015D1BA	[@bp(ac3, 0x440), 6] = [@0x7015CF71:0, "\x0B     "]	expr	4	piece 1/2 of ALLY_PLAYER ('frame', 1088)
7015D1C4	WCMV	7015D1AB	ALLY_PLAYER	CONCAT-PIECE	a	EMIT			7015D1BD 7015D1BF 7015D1C1 7015D1C3	[@ac2, sx16(M16[M32[wp(ac3, 16)]])] = [@M32[wp(ac3, 16)], varying]	mixed	4	piece 2/2 of ALLY_PLAYER ('frame', 1088)
7015D1CD	WCMV	7015D1AB	ALLY_PLAYER	COPY-STR-EXACT	a	EMIT			7015D1C6 7015D1C8 7015D1CA 7015D1CC	[@bp(ac3, 0x49C), (sx16(M16[M32[wp(ac3, 16)]]) + 6)] = [@bp(ac3, 0x440), (sx16(M16[M32[wp(ac3, 16)]]) + 6)]	expr	4	piece 1/1 of ALLY_PLAYER ('frame', 1180)
7015D1DB	WCMV	7015D1AB	ALLY_PLAYER	ASSIGN-STR-VARYING	a	EMIT			7015D1D2 7015D1D4 7015D1D5 7015D1D7 7015D1D9	[@wp(ac3, 544), (sx16(M16[M32[wp(ac3, 16)]]) + 7) varying] = [@bp(ac3, 0x49C), (sx16(M16[M32[wp(ac3, 16)]]) + 7)]	expr	5	copy-out of ALLY_PLAYER ('frame', 1180) (total MATCH)
7015D94A	WCMV	7015D94A	ATTACK	CONCAT-PIECE	a	EMIT				[@ac2, ac0] = [@ac3, ac1]	mixed	6	piece 1/1 of ATTACK ('frame', 54)
7015D981	WCMV	7015D981	ATTACK	CONCAT-PIECE	a	EMIT				[@ac2, ac0] = [@ac3, ac1]	mixed	6	piece 1/1 of ATTACK ('frame', 54)
7015D9D2	WCMV	7015D9A7	ATTACK	COPY-LIT-EXACT	a	EMIT			7015D9CD 7015D9CF 7015D9D1	[@bp(ac3, 144), 23] = [@0x7015D719:0, "\x0BYou are attacking the "]	expr	4	piece 1/2 of ATTACK ('frame', 144)
7015D9DD	WCMV	7015D9A7	ATTACK	CONCAT-PIECE	a	EMIT			7015D9D4 7015D9D6 7015D9D9 7015D9DC	[@ac2, sx16(M16[((sx16(M16[((M32[wp(ac3, 10)] * 686) + M32[0x70000210] + 42)]) * 11) - 0xFEAE09C)])] = [@bp((sx16(M16[((M32[wp(ac3, 10)] * 686) + M32[0x70000210] + 42)]) * 11), -0x1FD5C136), sx16(M16[((sx16(M16[((M32[wp(ac3, 10)] * 686) + M32[0x70000210] + 42)]) * 11) - 0xFEAE09C)])]	mixed	4	piece 2/2 of ATTACK ('frame', 144)
7015D9E6	WCMV	7015D9A7	ATTACK	COPY-STR-EXACT	a	EMIT			7015D9DF 7015D9E1 7015D9E3 7015D9E5	[@bp(ac3, 196), (sx16(M16[((sx16(M16[((M32[wp(ac3, 10)] * 686) + M32[0x70000210] + 42)]) * 11) - 0xFEAE09C)]) + 23)] = [@bp(ac3, 144), (sx16(M16[((sx16(M16[((M32[wp(ac3, 10)] * 686) + M32[0x70000210] + 42)]) * 11) - 0xFEAE09C)]) + 23)]	expr	4	piece 1/1 of ATTACK ('frame', 196)
7015D9F9	WCMV	7015D9A7	ATTACK	COPY-STR-EXACT	a	EMIT			7015D9F2 7015D9F4 7015D9F6 7015D9F8	[@bp(ac3, 240), (sx16(M16[((sx16(M16[((M32[wp(ac3, 10)] * 686) + M32[0x70000210] + 42)]) * 11) - 0xFEAE09C)]) + 24)] = [@bp(ac3, 196), (sx16(M16[((sx16(M16[((M32[wp(ac3, 10)] * 686) + M32[0x70000210] + 42)]) * 11) - 0xFEAE09C)]) + 24)]	expr	4	piece 1/2 of ATTACK ('frame', 240); copy-out of ATTACK ('frame', 196) (total MATCH)
7015DA05	WCMV	7015D9A7	ATTACK	CONCAT-PIECE	a	EMIT			7015DA00 7015DA02 7015DA04	[@ac2, sx16(M16[((M32[wp(ac3, 10)] * 686) + M32[0x70000210] - 0x271)])] = [@((M32[wp(ac3, 10)] * 686) + M32[0x70000210] - 0x271), varying]	mixed	4	piece 2/2 of ATTACK ('frame', 240)
7015DA0E	WCMV	7015D9A7	ATTACK	COPY-STR-EXACT	a	EMIT			7015DA07 7015DA09 7015DA0B 7015DA0D	[@bp(ac3, 0x13C), (sx16(M16[((sx16(M16[((M32[wp(ac3, 10)] * 686) + M32[0x70000210] + 42)]) * 11) - 0xFEAE09C)]) + sx16(M16[((M32[wp(ac3, 10)] * 686) + M32[0x70000210] - 0x271)]) + 24)] = [@bp(ac3, 240), (sx16(M16[((sx16(M16[((M32[wp(ac3, 10)] * 686) + M32[0x70000210] + 42)]) * 11) - 0xFEAE09C)]) + sx16(M16[((M32[wp(ac3, 10)] * 686) + M32[0x70000210] - 0x271)]) + 24)]	expr	4	piece 1/2 of ATTACK ('frame', 316)
7015DA15	WCMV	7015D9A7	ATTACK	CONCAT-PIECE	a	EMIT			7015DA10 7015DA12 7015DA14	[@ac2, sx16(M16[wp(ac3, 26)])] = [@wp(ac3, 26), varying]	mixed	4	piece 2/2 of ATTACK ('frame', 316)
7015DA1E	WCMV	7015D9A7	ATTACK	COPY-STR-EXACT	a	EMIT			7015DA17 7015DA19 7015DA1B 7015DA1D	[@bp(ac3, 0x1A8), (sx16(M16[((sx16(M16[((M32[wp(ac3, 10)] * 686) + M32[0x70000210] + 42)]) * 11) - 0xFEAE09C)]) + sx16(M16[((M32[wp(ac3, 10)] * 686) + M32[0x70000210] - 0x271)]) + sx16(M16[wp(ac3, 26)]) + 24)] = [@bp(ac3, 0x13C), (sx16(M16[((sx16(M16[((M32[wp(ac3, 10)] * 686) + M32[0x70000210] + 42)]) * 11) - 0xFEAE09C)]) + sx16(M16[((M32[wp(ac3, 10)] * 686) + M32[0x70000210] - 0x271)]) + sx16(M16[wp(ac3, 26)]) + 24)]	expr	4	piece 1/2 of ATTACK ('frame', 424); copy-out of ATTACK ('frame', 316) (total MATCH)
7015DA24	WCMV	7015D9A7	ATTACK	CONCAT-PIECE	a	EMIT			7015DA1F 7015DA21 7015DA23	[@ac2, 53] = [@0x7015D6FD:0, "\x0A\x0BDo you want to (F) fight, (C) cast, or (I) ignore? "]	mixed	4	piece 2/2 of ATTACK ('frame', 424)
7015DA2F	WCMV	7015D9A7	ATTACK	ASSIGN-STR-VARYING	a	EMIT			7015DA26 7015DA28 7015DA29 7015DA2B 7015DA2D	[@wp(ac3, 292), (sx16(M16[((sx16(M16[((M32[wp(ac3, 10)] * 686) + M32[0x70000210] + 42)]) * 11) - 0xFEAE09C)]) + sx16(M16[((M32[wp(ac3, 10)] * 686) + M32[0x70000210] - 0x271)]) + sx16(M16[wp(ac3, 26)]) + 77) varying] = [@bp(ac3, 0x1A8), (sx16(M16[((sx16(M16[((M32[wp(ac3, 10)] * 686) + M32[0x70000210] + 42)]) * 11) - 0xFEAE09C)]) + sx16(M16[((M32[wp(ac3, 10)] * 686) + M32[0x70000210] - 0x271)]) + sx16(M16[wp(ac3, 26)]) + 77)]	expr	5	copy-out of ATTACK ('frame', 424) (total MATCH)
7015DA6E	WCMV	7015DA51	ATTACK	COPY-LIT-EXACT	a	EMIT			7015DA69 7015DA6B 7015DA6D	[@bp(ac3, 144), 21] = [@0x7015D6F1:0, "\x0BYou are attacking a "]	expr	4	piece 1/2 of ATTACK ('frame', 144)
7015DA79	WCMV	7015DA51	ATTACK	CONCAT-PIECE	a	EMIT			7015DA70 7015DA72 7015DA75 7015DA78	[@ac2, sx16(M16[((sx16(M16[wp(ac3, 7)]) * 12) - 0xFFFFD9A)])] = [@bp((sx16(M16[wp(ac3, 7)]) * 12), -0x1FFFFB32), sx16(M16[((sx16(M16[wp(ac3, 7)]) * 12) - 0xFFFFD9A)])]	mixed	4	piece 2/2 of ATTACK ('frame', 144)
7015DA82	WCMV	7015DA51	ATTACK	COPY-STR-EXACT	a	EMIT			7015DA7B 7015DA7D 7015DA7F 7015DA81	[@bp(ac3, 240), (sx16(M16[((sx16(M16[wp(ac3, 7)]) * 12) - 0xFFFFD9A)]) + 21)] = [@bp(ac3, 144), (sx16(M16[((sx16(M16[wp(ac3, 7)]) * 12) - 0xFFFFD9A)]) + 21)]	expr	4	piece 1/2 of ATTACK ('frame', 240); copy-out of ATTACK ('frame', 144) (total MATCH)
7015DA89	WCMV	7015DA51	ATTACK	CONCAT-PIECE	a	EMIT			7015DA84 7015DA86 7015DA88	[@ac2, sx16(M16[wp(ac3, 26)])] = [@wp(ac3, 26), varying]	mixed	4	piece 2/2 of ATTACK ('frame', 240)
7015DA92	WCMV	7015DA51	ATTACK	COPY-STR-EXACT	a	EMIT			7015DA8B 7015DA8D 7015DA8F 7015DA91	[@bp(ac3, 0x1A8), (sx16(M16[((sx16(M16[wp(ac3, 7)]) * 12) - 0xFFFFD9A)]) + sx16(M16[wp(ac3, 26)]) + 21)] = [@bp(ac3, 240), (sx16(M16[((sx16(M16[wp(ac3, 7)]) * 12) - 0xFFFFD9A)]) + sx16(M16[wp(ac3, 26)]) + 21)]	expr	4	piece 1/2 of ATTACK ('frame', 424)
7015DA98	WCMV	7015DA51	ATTACK	CONCAT-PIECE	a	EMIT			7015DA93 7015DA95 7015DA97	[@ac2, 66] = [@0x7015D6CF:0, "\x0A\x0BDo you want to (F) fight, (C) cast, (B) bargain, or (I) ignore? "]	mixed	4	piece 2/2 of ATTACK ('frame', 424)
7015DAA3	WCMV	7015DA51	ATTACK	ASSIGN-STR-VARYING	a	EMIT			7015DA9A 7015DA9C 7015DA9D 7015DA9F 7015DAA1	[@wp(ac3, 292), (sx16(M16[((sx16(M16[wp(ac3, 7)]) * 12) - 0xFFFFD9A)]) + sx16(M16[wp(ac3, 26)]) + 87) varying] = [@bp(ac3, 0x1A8), (sx16(M16[((sx16(M16[wp(ac3, 7)]) * 12) - 0xFFFFD9A)]) + sx16(M16[wp(ac3, 26)]) + 87)]	expr	5	copy-out of ATTACK ('frame', 424) (total MATCH)
7015DBD8	WCMV	7015DBBD	ATTACK	COPY-STR-EXACT	a	EMIT			7015DBD0 7015DBD1 7015DBD4 7015DBD7	[@bp(ac3, 101), sx16(M16[((sx16(M16[wp(ac3, 6)]) * 16) - 0xFEAFBB8)])] = [@bp((sx16(M16[wp(ac3, 6)]) * 16), -0x1FD5F76E), sx16(M16[((sx16(M16[wp(ac3, 6)]) * 16) - 0xFEAFBB8)])]	expr	4	piece 1/1 of ATTACK ('frame', 101)
7015DBE1	WCMV	7015DBBD	ATTACK	COPY-STR-EXACT	a	EMIT			7015DBDA 7015DBDC 7015DBDE 7015DBE0	[@bp(ac3, 144), (sx16(M16[((sx16(M16[wp(ac3, 6)]) * 16) - 0xFEAFBB8)]) + 1)] = [@bp(ac3, 100), (sx16(M16[((sx16(M16[wp(ac3, 6)]) * 16) - 0xFEAFBB8)]) + 1)]	expr	4	piece 1/1 of ATTACK ('frame', 144)
7015DBEF	WCMV	7015DBBD	ATTACK	ASSIGN-STR-VARYING	a	EMIT			7015DBE6 7015DBE8 7015DBE9 7015DBEB 7015DBED	[@wp(ac3, 50), (sx16(M16[((sx16(M16[wp(ac3, 6)]) * 16) - 0xFEAFBB8)]) + 2) varying] = [@bp(ac3, 144), (sx16(M16[((sx16(M16[wp(ac3, 6)]) * 16) - 0xFEAFBB8)]) + 2)]	expr	5	copy-out of ATTACK ('frame', 144) (total MATCH)
7015DFB1	WCMV	7015DFA0	ATTACK	COPY-LIT-EXACT	a	EMIT			7015DFAC 7015DFAE 7015DFB0	[@bp(ac3, 240), 16] = [@0x7015D5EB:0, "\x0A\x0BYou have done "]	expr	4	piece 1/2 of ATTACK ('frame', 240)
7015DFB8	WCMV	7015DFA0	ATTACK	CONCAT-PIECE	a	EMIT			7015DFB3 7015DFB5 7015DFB7	[@ac2, sx16(M16[wp(ac3, 50)])] = [@wp(ac3, 50), varying]	mixed	4	piece 2/2 of ATTACK ('frame', 240)
7015DFC1	WCMV	7015DFA0	ATTACK	COPY-STR-EXACT	a	EMIT			7015DFBA 7015DFBC 7015DFBE 7015DFC0	[@bp(ac3, 0x13C), (sx16(M16[wp(ac3, 50)]) + 16)] = [@bp(ac3, 240), (sx16(M16[wp(ac3, 50)]) + 16)]	expr	4	piece 1/2 of ATTACK ('frame', 316)
7015DFC7	WCMV	7015DFA0	ATTACK	CONCAT-PIECE	a	EMIT			7015DFC2 7015DFC4 7015DFC6	[@ac2, 25] = [@0x7015D5DD:0, " strength points damage.\x0A"]	mixed	4	piece 2/2 of ATTACK ('frame', 316)
7015DFD2	WCMV	7015DFA0	ATTACK	ASSIGN-STR-VARYING	a	EMIT			7015DFC9 7015DFCB 7015DFCC 7015DFCE 7015DFD0	[@wp(ac3, 120), (sx16(M16[wp(ac3, 50)]) + 41) varying] = [@bp(ac3, 0x13C), (sx16(M16[wp(ac3, 50)]) + 41)]	expr	5	copy-out of ATTACK ('frame', 316) (total MATCH)
7015E141	WCMV	7015E129	ATTACK	COPY-LIT-EXACT	a	EMIT			7015E13E 7015E140	[@bp(ac3, 8), 5] = [@0x7015D5B5:0, "\x0BThe "]	expr	4	piece 1/2 of ATTACK ('frame', 8)
7015E14C	WCMV	7015E129	ATTACK	CONCAT-PIECE	a	EMIT				[@ac2, ac0] = [@ac3, ac1]	register	4	piece 2/2 of ATTACK ('frame', 8)
7015E155	WCMV	7015E129	ATTACK	COPY-STR-EXACT	a	EMIT				[@ac2, ac0] = [@ac3, ac1]	register	4	piece 1/2 of ATTACK ('frame', 44)
7015E15B	WCMV	7015E129	ATTACK	CONCAT-PIECE	a	EMIT			7015E156 7015E158 7015E15A	[@ac2, 18] = [@0x7015D5AB:0, " has been killed!\x0A"]	mixed	4	piece 2/2 of ATTACK ('frame', 44)
7015E166	WCMV	7015E129	ATTACK	ASSIGN-STR-VARYING	a	EMIT			7015E162 7015E164	[@bp(ac3, 90), ac0] = [@bp(ac3, 44), ac1]	mixed	5	copy-out of ATTACK ('frame', 44) (total MATCH)
7015E29E	WCMV	7015E286	ATTACK	COPY-LIT-EXACT	a	EMIT			7015E29B 7015E29D	[@bp(ac3, 24), 5] = [@0x7015D5B5:0, "\x0BThe "]	expr	4	piece 1/2 of ATTACK ('frame', 24)
7015E2A9	WCMV	7015E286	ATTACK	CONCAT-PIECE	a	EMIT			7015E2A0 7015E2A2 7015E2A5 7015E2A8	[@ac2, sx16(M16[((sx16(M16[(M32[wp(ac3, -6)] + 7)]) * 12) - 0xFFFFD9A)])] = [@bp((sx16(M16[(M32[wp(ac3, -6)] + 7)]) * 12), -0x1FFFFB32), sx16(M16[((sx16(M16[(M32[wp(ac3, -6)] + 7)]) * 12) - 0xFFFFD9A)])]	mixed	4	piece 2/2 of ATTACK ('frame', 24)
7015E2B2	WCMV	7015E286	ATTACK	COPY-STR-EXACT	a	EMIT			7015E2AB 7015E2AD 7015E2AF 7015E2B1	[@bp(ac3, 52), (sx16(M16[((sx16(M16[(M32[wp(ac3, -6)] + 7)]) * 12) - 0xFFFFD9A)]) + 5)] = [@bp(ac3, 24), (sx16(M16[((sx16(M16[(M32[wp(ac3, -6)] + 7)]) * 12) - 0xFFFFD9A)]) + 5)]	expr	4	piece 1/2 of ATTACK ('frame', 52); copy-out of ATTACK ('frame', 24) (total MATCH)
7015E2B8	WCMV	7015E286	ATTACK	CONCAT-PIECE	a	EMIT			7015E2B3 7015E2B5 7015E2B7	[@ac2, 18] = [@0x7015D5AB:0, " has been killed!\x0A"]	mixed	4	piece 2/2 of ATTACK ('frame', 52)
7015E2C3	WCMV	7015E286	ATTACK	ASSIGN-STR-VARYING	a	EMIT			7015E2BA 7015E2BC 7015E2BD 7015E2BF 7015E2C1	[@wp(ac3, 50), (sx16(M16[((sx16(M16[(M32[wp(ac3, -6)] + 7)]) * 12) - 0xFFFFD9A)]) + 23) varying] = [@bp(ac3, 52), (sx16(M16[((sx16(M16[(M32[wp(ac3, -6)] + 7)]) * 12) - 0xFFFFD9A)]) + 23)]	expr	5	copy-out of ATTACK ('frame', 52) (total MATCH)
7015E7A6	WCMV	7015E78E	ATTACK	COPY-LIT-EXACT	a	EMIT			7015E7A3 7015E7A5	[@bp(ac3, 148), 66] = [@0x7015D589:0, "\x0BYour skill as a dragon slayer has given you an\x0Aalliance with the "]	expr	4	piece 1/2 of ATTACK ('frame', 148)
7015E7B1	WCMV	7015E78E	ATTACK	CONCAT-PIECE	a	EMIT			7015E7A8 7015E7AA 7015E7AD 7015E7B0	[@ac2, sx16(M16[((M32[(M32[wp(ac3, -6)] + 14)] * 12) - 0xFFFFD9A)])] = [@bp((M32[(M32[wp(ac3, -6)] + 14)] * 12), -0x1FFFFB32), sx16(M16[((M32[(M32[wp(ac3, -6)] + 14)] * 12) - 0xFFFFD9A)])]	mixed	4	piece 2/2 of ATTACK ('frame', 148)
7015E7BA	WCMV	7015E78E	ATTACK	COPY-STR-EXACT	a	EMIT			7015E7B3 7015E7B5 7015E7B7 7015E7B9	[@bp(ac3, 236), (sx16(M16[((M32[(M32[wp(ac3, -6)] + 14)] * 12) - 0xFFFFD9A)]) + 66)] = [@bp(ac3, 148), (sx16(M16[((M32[(M32[wp(ac3, -6)] + 14)] * 12) - 0xFFFFD9A)]) + 66)]	expr	4	piece 1/2 of ATTACK ('frame', 236)
7015E7C0	WCMV	7015E78E	ATTACK	CONCAT-PIECE	a	EMIT			7015E7BB 7015E7BD 7015E7BF	[@ac2, 7] = [@0x7015D585:0, " kind.\x0A"]	mixed	4	piece 2/2 of ATTACK ('frame', 236)
7015E7CB	WCMV	7015E78E	ATTACK	ASSIGN-STR-VARYING	a	EMIT			7015E7C2 7015E7C4 7015E7C5 7015E7C7 7015E7C9	[@wp(ac3, 166), (sx16(M16[((M32[(M32[wp(ac3, -6)] + 14)] * 12) - 0xFFFFD9A)]) + 73) varying] = [@bp(ac3, 236), (sx16(M16[((M32[(M32[wp(ac3, -6)] + 14)] * 12) - 0xFFFFD9A)]) + 73)]	expr	5	copy-out of ATTACK ('frame', 236) (total MATCH)
7015E96F	WCMV	7015E95E	ATTACK	COPY-LIT-EXACT	a	EMIT			7015E96A 7015E96C 7015E96E	[@bp(ac3, 84), 16] = [@0x7015D5EB:0, "\x0A\x0BYou have done "]	expr	4	piece 1/2 of ATTACK ('frame', 84)
7015E976	WCMV	7015E95E	ATTACK	CONCAT-PIECE	a	EMIT			7015E971 7015E973 7015E975	[@ac2, sx16(M16[wp(ac3, 14)])] = [@wp(ac3, 14), varying]	mixed	4	piece 2/2 of ATTACK ('frame', 84)
7015E97F	WCMV	7015E95E	ATTACK	COPY-STR-EXACT	a	EMIT			7015E978 7015E97A 7015E97C 7015E97E	[@bp(ac3, 148), (sx16(M16[wp(ac3, 14)]) + 16)] = [@bp(ac3, 84), (sx16(M16[wp(ac3, 14)]) + 16)]	expr	4	piece 1/2 of ATTACK ('frame', 148)
7015E985	WCMV	7015E95E	ATTACK	CONCAT-PIECE	a	EMIT			7015E980 7015E982 7015E984	[@ac2, 25] = [@0x7015D5DD:0, " strength points damage.\x0A"]	mixed	4	piece 2/2 of ATTACK ('frame', 148)
7015E990	WCMV	7015E95E	ATTACK	ASSIGN-STR-VARYING	a	EMIT			7015E987 7015E989 7015E98A 7015E98C 7015E98E	[@wp(ac3, 112), (sx16(M16[wp(ac3, 14)]) + 41) varying] = [@bp(ac3, 148), (sx16(M16[wp(ac3, 14)]) + 41)]	expr	5	copy-out of ATTACK ('frame', 148) (total MATCH)
7015EE21	WCMV	7015EE10	ATTACK	COPY-LIT-EXACT	a	EMIT			7015EE1C 7015EE1E 7015EE20	[@bp(ac3, 84), 16] = [@0x7015D5EB:0, "\x0A\x0BYou have done "]	expr	4	piece 1/2 of ATTACK ('frame', 84)
7015EE28	WCMV	7015EE10	ATTACK	CONCAT-PIECE	a	EMIT			7015EE23 7015EE25 7015EE27	[@ac2, sx16(M16[wp(ac3, 14)])] = [@wp(ac3, 14), varying]	mixed	4	piece 2/2 of ATTACK ('frame', 84)
7015EE31	WCMV	7015EE10	ATTACK	COPY-STR-EXACT	a	EMIT			7015EE2A 7015EE2C 7015EE2E 7015EE30	[@bp(ac3, 148), (sx16(M16[wp(ac3, 14)]) + 16)] = [@bp(ac3, 84), (sx16(M16[wp(ac3, 14)]) + 16)]	expr	4	piece 1/2 of ATTACK ('frame', 148)
7015EE37	WCMV	7015EE10	ATTACK	CONCAT-PIECE	a	EMIT			7015EE32 7015EE34 7015EE36	[@ac2, 25] = [@0x7015D5DD:0, " strength points damage.\x0A"]	mixed	4	piece 2/2 of ATTACK ('frame', 148)
7015EE42	WCMV	7015EE10	ATTACK	ASSIGN-STR-VARYING	a	EMIT			7015EE39 7015EE3B 7015EE3C 7015EE3E 7015EE40	[@wp(ac3, 112), (sx16(M16[wp(ac3, 14)]) + 41) varying] = [@bp(ac3, 148), (sx16(M16[wp(ac3, 14)]) + 41)]	expr	5	copy-out of ATTACK ('frame', 148) (total MATCH)
7015EFA9	WCMV	7015EF98	ATTACK	COPY-LIT-EXACT	a	EMIT			7015EFA6 7015EFA8	[@bp(ac3, 84), 16] = [@0x7015D5EB:0, "\x0A\x0BYou have done "]	expr	4	piece 1/2 of ATTACK ('frame', 84)
7015EFB0	WCMV	7015EF98	ATTACK	CONCAT-PIECE	a	EMIT			7015EFAB 7015EFAD 7015EFAF	[@ac2, sx16(M16[wp(ac3, 14)])] = [@wp(ac3, 14), varying]	mixed	4	piece 2/2 of ATTACK ('frame', 84)
7015EFB9	WCMV	7015EF98	ATTACK	COPY-STR-EXACT	a	EMIT			7015EFB2 7015EFB4 7015EFB6 7015EFB8	[@bp(ac3, 148), (sx16(M16[wp(ac3, 14)]) + 16)] = [@bp(ac3, 84), (sx16(M16[wp(ac3, 14)]) + 16)]	expr	4	piece 1/2 of ATTACK ('frame', 148)
7015EFBF	WCMV	7015EF98	ATTACK	CONCAT-PIECE	a	EMIT			7015EFBA 7015EFBC 7015EFBE	[@ac2, 25] = [@0x7015D5DD:0, " strength points damage.\x0A"]	mixed	4	piece 2/2 of ATTACK ('frame', 148)
7015EFCA	WCMV	7015EF98	ATTACK	ASSIGN-STR-VARYING	a	EMIT			7015EFC1 7015EFC3 7015EFC4 7015EFC6 7015EFC8	[@wp(ac3, 112), (sx16(M16[wp(ac3, 14)]) + 41) varying] = [@bp(ac3, 148), (sx16(M16[wp(ac3, 14)]) + 41)]	expr	5	copy-out of ATTACK ('frame', 148) (total MATCH)
7015F28B	WCMV	7015F27A	ATTACK	COPY-LIT-EXACT	a	EMIT			7015F286 7015F288 7015F28A	[@bp(ac3, 84), 13] = [@0x7015D40D:0, "\x0A\x0BYou detect "]	expr	4	piece 1/2 of ATTACK ('frame', 84)
7015F292	WCMV	7015F27A	ATTACK	CONCAT-PIECE	a	EMIT			7015F28D 7015F28F 7015F291	[@ac2, sx16(M16[wp(ac3, 14)])] = [@wp(ac3, 14), varying]	mixed	4	piece 2/2 of ATTACK ('frame', 84)
7015F29B	WCMV	7015F27A	ATTACK	COPY-STR-EXACT	a	EMIT			7015F294 7015F296 7015F298 7015F29A	[@bp(ac3, 0x12C), (sx16(M16[wp(ac3, 14)]) + 13)] = [@bp(ac3, 84), (sx16(M16[wp(ac3, 14)]) + 13)]	expr	4	piece 1/2 of ATTACK ('frame', 300)
7015F2A1	WCMV	7015F27A	ATTACK	CONCAT-PIECE	a	EMIT			7015F29C 7015F29E 7015F2A0	[@ac2, 35] = [@0x7015D3FB:0, " strength points in your opponent.\x0A"]	mixed	4	piece 2/2 of ATTACK ('frame', 300)
7015F2AC	WCMV	7015F27A	ATTACK	ASSIGN-STR-VARYING	a	EMIT			7015F2A3 7015F2A5 7015F2A6 7015F2A8 7015F2AA	[@wp(ac3, 190), (sx16(M16[wp(ac3, 14)]) + 48) varying] = [@bp(ac3, 0x12C), (sx16(M16[wp(ac3, 14)]) + 48)]	expr	5	copy-out of ATTACK ('frame', 300) (total MATCH)
7015F936	WCMV	7015F90E	ATTACK	COPY-LIT-EXACT	a	EMIT			7015F933 7015F935	[@bp(ac3, 20), 5] = [@0x7015D5B5:0, "\x0BThe "]	expr	4	piece 1/2 of ATTACK ('frame', 20)
7015F941	WCMV	7015F90E	ATTACK	CONCAT-PIECE	a	EMIT				[@ac2, ac0] = [@ac3, ac1]	register	4	piece 2/2 of ATTACK ('frame', 20)
7015F94A	WCMV	7015F90E	ATTACK	COPY-STR-EXACT	a	EMIT				[@ac2, ac0] = [@ac3, ac1]	register	4	piece 1/1 of ATTACK ('frame', 60); copy-out of ATTACK ('frame', 20) (total MATCH)
7015F95D	WCMV	7015F90E	ATTACK	COPY-STR-EXACT	a	EMIT				[@ac2, ac0] = [@ac3, ac1]	register	4	piece 1/2 of ATTACK ('frame', 88)
7015F969	WCMV	7015F90E	ATTACK	CONCAT-PIECE	a	EMIT				[@ac2, ac0] = [@ac3, ac1]	register	4	piece 2/2 of ATTACK ('frame', 88)
7015F972	WCMV	7015F90E	ATTACK	COPY-STR-EXACT	a	EMIT				[@ac2, ac0] = [@ac3, ac1]	register	4	piece 1/2 of ATTACK ('frame', 148); copy-out of ATTACK ('frame', 88) (total MATCH)
7015F978	WCMV	7015F90E	ATTACK	CONCAT-PIECE	a	EMIT			7015F973 7015F975 7015F977	[@ac2, 30] = [@0x7015D301:0, "'s magic shield protects him.\x0A"]	mixed	4	piece 2/2 of ATTACK ('frame', 148)
7015F983	WCMV	7015F90E	ATTACK	ASSIGN-STR-VARYING	a	EMIT			7015F97F 7015F981	[@bp(ac3, 238), ac0] = [@bp(ac3, 148), ac1]	mixed	5	copy-out of ATTACK ('frame', 148) (total MATCH)
7015FF7B	WCMV	7015FF6A	BACKPACK	COPY-LIT-EXACT	a	EMIT			7015FF78 7015FF7A	[@bp(ac3, 120), 28] = [@0x7015FC57:0, "\x0BHit space bar at object to "]	expr	4	piece 1/2 of BACKPACK ('frame', 120)
7015FF82	WCMV	7015FF6A	BACKPACK	CONCAT-PIECE	a	EMIT			7015FF7D 7015FF7F 7015FF81	[@ac2, sx16(M16[wp(ac3, 12)])] = [@wp(ac3, 12), varying]	mixed	4	piece 2/2 of BACKPACK ('frame', 120)
7015FF8B	WCMV	7015FF6A	BACKPACK	COPY-STR-EXACT	a	EMIT			7015FF84 7015FF86 7015FF88 7015FF8A	[@bp(ac3, 200), (sx16(M16[wp(ac3, 12)]) + 28)] = [@bp(ac3, 120), (sx16(M16[wp(ac3, 12)]) + 28)]	expr	4	piece 1/2 of BACKPACK ('frame', 200); copy-out of BACKPACK ('frame', 120) (total MATCH)
7015FF91	WCMV	7015FF6A	BACKPACK	CONCAT-PIECE	a	EMIT			7015FF8C 7015FF8E 7015FF90	[@ac2, 31] = [@0x7015FC47:0, " the backpack or escape to exit"]	mixed	4	piece 2/2 of BACKPACK ('frame', 200)
7015FF9C	WCMV	7015FF6A	BACKPACK	ASSIGN-STR-VARYING	a	EMIT			7015FF93 7015FF95 7015FF96 7015FF98 7015FF9A	[@wp(ac3, 60), (sx16(M16[wp(ac3, 12)]) + 59) varying] = [@bp(ac3, 200), (sx16(M16[wp(ac3, 12)]) + 59)]	expr	5	copy-out of BACKPACK ('frame', 200) (total MATCH)
701608B6	WCMV	701608A5	BARGAIN	COPY-LIT-EXACT	a	EMIT			701608B1 701608B3 701608B5	[@bp(ac3, 76), 11] = [@0x70160233:0, "\x0BWealth of "]	expr	4	piece 1/2 of BARGAIN ('frame', 76)
701608BD	WCMV	701608A5	BARGAIN	CONCAT-PIECE	a	EMIT			701608B8 701608BA 701608BC	[@ac2, sx16(M16[wp(ac3, 12)])] = [@wp(ac3, 12), varying]	mixed	4	piece 2/2 of BARGAIN ('frame', 76)
701608C6	WCMV	701608A5	BARGAIN	COPY-STR-EXACT	a	EMIT			701608BF 701608C1 701608C3 701608C5	[@bp(ac3, 120), (sx16(M16[wp(ac3, 12)]) + 11)] = [@bp(ac3, 76), (sx16(M16[wp(ac3, 12)]) + 11)]	expr	4	piece 1/2 of BARGAIN ('frame', 120); copy-out of BARGAIN ('frame', 76) (total MATCH)
701608CC	WCMV	701608A5	BARGAIN	CONCAT-PIECE	a	EMIT			701608C7 701608C9 701608CB	[@ac2, 56] = [@0x70160217:0, " is needed to reach a bargain.\x0AHit space bar to bargain."]	mixed	4	piece 2/2 of BARGAIN ('frame', 120)
701608D7	WCMV	701608A5	BARGAIN	ASSIGN-STR-VARYING	a	EMIT			701608CE 701608D0 701608D1 701608D3 701608D5	[@wp(ac3, 110), (sx16(M16[wp(ac3, 12)]) + 67) varying] = [@bp(ac3, 120), (sx16(M16[wp(ac3, 12)]) + 67)]	expr	5	copy-out of BARGAIN ('frame', 120) (total MATCH)
701609CA	WCMV	701609BB	BARGAIN	COPY-STR-EXACT+CALLRESULT	?	EMIT				[@ac2, ac0] = [@ac3, ac1]	register	6	piece 1/1 of BARGAIN ('frame', 36)
701609E0	WCMV	701609D1	BARGAIN	COPY-STR-EXACT+CALLRESULT	?	EMIT				[@ac2, ac0] = [@ac3, ac1]	register	6	piece 1/1 of BARGAIN ('frame', 36)
701609F3	WCMV	701609E2	BARGAIN	COPY-LIT-EXACT	a	EMIT			701609F0 701609F2	[@bp(ac3, 76), 6] = [@0x70160213:0, "\x0BYour "]	expr	4	piece 1/2 of BARGAIN ('frame', 76)
701609FA	WCMV	701609E2	BARGAIN	CONCAT-PIECE	a	EMIT			701609F5 701609F7 701609F9	[@ac2, sx16(M16[wp(ac3, 18)])] = [@wp(ac3, 18), varying]	mixed	4	piece 2/2 of BARGAIN ('frame', 76)
70160A03	WCMV	701609E2	BARGAIN	COPY-STR-EXACT	a	EMIT			701609FC 701609FE 70160A00 70160A02	[@bp(ac3, 116), (sx16(M16[wp(ac3, 18)]) + 6)] = [@bp(ac3, 76), (sx16(M16[wp(ac3, 18)]) + 6)]	expr	4	piece 1/2 of BARGAIN ('frame', 116); copy-out of BARGAIN ('frame', 76) (total MATCH)
70160A09	WCMV	701609E2	BARGAIN	CONCAT-PIECE	a	EMIT			70160A04 70160A06 70160A08	[@ac2, 56] = [@0x70160217:0, " is needed to reach a bargain.\x0AHit space bar to bargain."]	mixed	4	piece 2/2 of BARGAIN ('frame', 116)
70160A14	WCMV	701609E2	BARGAIN	ASSIGN-STR-VARYING	a	EMIT			70160A0B 70160A0D 70160A0E 70160A10 70160A12	[@wp(ac3, 104), (sx16(M16[wp(ac3, 18)]) + 62) varying] = [@bp(ac3, 116), (sx16(M16[wp(ac3, 18)]) + 62)]	expr	5	copy-out of BARGAIN ('frame', 116) (total MATCH)
701618FD	WCMV	701618F0	BOAT	COPY-LIT-EXACT	a	EMIT			701618F8 701618FA 701618FC	[@bp(ac3, 80), 6] = [@0x701615E1:0, "\x0BSail "]	expr	4	piece 1/2 of BOAT ('frame', 80)
70161904	WCMV	701618F0	BOAT	CONCAT-PIECE	a	EMIT			701618FF 70161901 70161903	[@ac2, sx16(M16[wp(ac3, 18)])] = [@wp(ac3, 18), varying]	mixed	4	piece 2/2 of BOAT ('frame', 80)
7016190F	WCMV	701618F0	BOAT	ASSIGN-STR-VARYING	a	EMIT			70161906 70161908 70161909 7016190B 7016190D	[@wp(ac3, 56), (sx16(M16[wp(ac3, 18)]) + 6) varying] = [@bp(ac3, 80), (sx16(M16[wp(ac3, 18)]) + 6)]	expr	5	copy-out of BOAT ('frame', 80) (total MATCH)
701623D7	WCMV	701623BA	CAST	COPY-STR-EXACT	a	EMIT				[@ac2, ac0] = [@ac3, ac1]	register	4	piece 1/1 of CAST ('frame', 181)
701623E0	WCMV	701623BA	CAST	COPY-STR-EXACT	a	EMIT				[@ac2, ac0] = [@ac3, ac1]	register	4	piece 1/1 of CAST ('frame', 240)
701623EE	WCMV	701623BA	CAST	ASSIGN-STR-VARYING	a	EMIT			701623EA 701623EC	[@bp(ac3, 182), ac0] = [@bp(ac3, 240), ac1]	mixed	5	copy-out of CAST ('frame', 240) (total MATCH)
70162AAF	WCMP	70162AA3	CAST	-	-	EMIT				ac1 = cmp([@ac3, ac1], [@0x7000021C, varying])	mixed	6	
70162B53	WCMP	70162B48	CAST	-	-	EMIT			70162B50	ac1 = cmp([@0x7000021C, varying], [@ac2, ac0])	mixed	6	
70162D72	WCMP	70162D6A	CAST	-	-	EMIT			70162D6F	ac1 = cmp([@ac3, ac1], [@0x7000021D:0, ac0])	mixed	6	
701633B8	WCMV	70163396	CAST	COPY-LIT-EXACT	a	EMIT			701633B3 701633B5 701633B7	[@bp(ac3, 72), 25] = [@0x7016201D:0, "\x0A\x0BWhat direction to send "]	expr	4	piece 1/2 of CAST ('frame', 72)
701633C4	WCMV	70163396	CAST	CONCAT-PIECE	a	EMIT			701633BF 701633C1 701633C3	[@ac2, sx16(M16[((sx16(M16[0x70000216]) * 686) + M32[0x70000210] + 23)])] = [@((sx16(M16[0x70000216]) * 686) + M32[0x70000210] + 23), varying]	mixed	4	piece 2/2 of CAST ('frame', 72)
701633CD	WCMV	70163396	CAST	COPY-STR-EXACT	a	EMIT			701633C6 701633C8 701633CA 701633CC	[@bp(ac3, 144), (sx16(M16[((sx16(M16[0x70000216]) * 686) + M32[0x70000210] + 23)]) + 25)] = [@bp(ac3, 72), (sx16(M16[((sx16(M16[0x70000216]) * 686) + M32[0x70000210] + 23)]) + 25)]	expr	4	piece 1/2 of CAST ('frame', 144); copy-out of CAST ('frame', 72) (total MATCH)
701633D3	WCMV	70163396	CAST	CONCAT-PIECE	a	EMIT			701633CE 701633D0 701633D2	[@ac2, 3] = [@0x7016201B:0, " ? "]	mixed	4	piece 2/2 of CAST ('frame', 144)
701633DE	WCMV	70163396	CAST	ASSIGN-STR-VARYING	a	EMIT			701633D5 701633D7 701633D8 701633DA 701633DC	[@wp(ac3, 36), (sx16(M16[((sx16(M16[0x70000216]) * 686) + M32[0x70000210] + 23)]) + 28) varying] = [@bp(ac3, 144), (sx16(M16[((sx16(M16[0x70000216]) * 686) + M32[0x70000210] + 23)]) + 28)]	expr	5	copy-out of CAST ('frame', 144) (total MATCH)
70163940	WCMV	70163930	CASTLE_INVENTORY	COPY-LIT-EXACT	a	EMIT			7016393B 7016393D 7016393F	[@bp(ac3, 100), 34] = [@0x70163811:0, "\x0BDo you wish to take any of the $ "]	expr	4	piece 1/2 of CASTLE_INVENTORY ('frame', 100)
70163947	WCMV	70163930	CASTLE_INVENTORY	CONCAT-PIECE	a	EMIT			70163942 70163944 70163946	[@ac2, sx16(M16[wp(ac3, 32)])] = [@wp(ac3, 32), varying]	mixed	4	piece 2/2 of CASTLE_INVENTORY ('frame', 100)
70163950	WCMV	70163930	CASTLE_INVENTORY	COPY-STR-EXACT	a	EMIT			70163949 7016394B 7016394D 7016394F	[@bp(ac3, 168), (sx16(M16[wp(ac3, 32)]) + 34)] = [@bp(ac3, 100), (sx16(M16[wp(ac3, 32)]) + 34)]	expr	4	piece 1/2 of CASTLE_INVENTORY ('frame', 168); copy-out of CASTLE_INVENTORY ('frame', 100) (total MATCH)
70163956	WCMV	70163930	CASTLE_INVENTORY	CONCAT-PIECE	a	EMIT			70163951 70163953 70163955	[@ac2, 3] = [@0x7016380F:0, " ? "]	mixed	4	piece 2/2 of CASTLE_INVENTORY ('frame', 168)
70163961	WCMV	70163930	CASTLE_INVENTORY	ASSIGN-STR-VARYING	a	EMIT			70163958 7016395A 7016395B 7016395D 7016395F	[@wp(ac3, 120), (sx16(M16[wp(ac3, 32)]) + 37) varying] = [@bp(ac3, 168), (sx16(M16[wp(ac3, 32)]) + 37)]	expr	5	copy-out of CASTLE_INVENTORY ('frame', 168) (total MATCH)
70163D31	WCMV	70163D1A	CASTLE_INVENTORY	COPY-LIT-EXACT	a	EMIT			70163D2C 70163D2E 70163D30	[@bp(ac3, 64), 19] = [@0x701637A9:0, "\x0A\x0BYou already have "]	expr	4	piece 1/2 of CASTLE_INVENTORY ('frame', 64)
70163D3C	WCMV	70163D1A	CASTLE_INVENTORY	CONCAT-PIECE	a	EMIT			70163D33 70163D35 70163D38 70163D3B	[@ac2, sx16(M16[((sx16(M16[wp(ac3, 13)]) * 9) - 0xFFFFCFB)])] = [@bp((sx16(M16[wp(ac3, 13)]) * 9), -0x1FFFF9F4), sx16(M16[((sx16(M16[wp(ac3, 13)]) * 9) - 0xFFFFCFB)])]	mixed	4	piece 2/2 of CASTLE_INVENTORY ('frame', 64)
70163D45	WCMV	70163D1A	CASTLE_INVENTORY	COPY-STR-EXACT	a	EMIT			70163D3E 70163D40 70163D42 70163D44	[@bp(ac3, 100), (sx16(M16[((sx16(M16[wp(ac3, 13)]) * 9) - 0xFFFFCFB)]) + 19)] = [@bp(ac3, 64), (sx16(M16[((sx16(M16[wp(ac3, 13)]) * 9) - 0xFFFFCFB)]) + 19)]	expr	4	piece 1/2 of CASTLE_INVENTORY ('frame', 100)
70163D4B	WCMV	70163D1A	CASTLE_INVENTORY	CONCAT-PIECE	a	EMIT			70163D46 70163D48 70163D4A	[@ac2, 2] = [@0x701637A7:0, "!\x0A"]	mixed	4	piece 2/2 of CASTLE_INVENTORY ('frame', 100)
70163D56	WCMV	70163D1A	CASTLE_INVENTORY	ASSIGN-STR-VARYING	a	EMIT			70163D4D 70163D4F 70163D50 70163D52 70163D54	[@wp(ac3, 84), (sx16(M16[((sx16(M16[wp(ac3, 13)]) * 9) - 0xFFFFCFB)]) + 21) varying] = [@bp(ac3, 100), (sx16(M16[((sx16(M16[wp(ac3, 13)]) * 9) - 0xFFFFCFB)]) + 21)]	expr	5	copy-out of CASTLE_INVENTORY ('frame', 100) (total MATCH)
70164038	WCMV	70164038	CAVE_ATTACK	CONCAT-PIECE	a	EMIT				[@ac2, ac0] = [@ac3, ac1]	mixed	6	piece 1/1 of CAVE_ATTACK ('frame', 42)
70164066	WCMV	70164049	CAVE_ATTACK	COPY-LIT-EXACT	a	EMIT			70164061 70164063 70164065	[@bp(ac3, 120), 21] = [@0x70163F45:0, "\x0BYou are attacking a "]	expr	4	piece 1/2 of CAVE_ATTACK ('frame', 120)
70164071	WCMV	70164049	CAVE_ATTACK	CONCAT-PIECE	a	EMIT			70164068 7016406A 7016406D 70164070	[@ac2, sx16(M16[((sx16(M16[wp(ac3, 9)]) * 16) - 0xFFFF6CE)])] = [@bp((sx16(M16[wp(ac3, 9)]) * 16), -0x1FFFED9A), sx16(M16[((sx16(M16[wp(ac3, 9)]) * 16) - 0xFFFF6CE)])]	mixed	4	piece 2/2 of CAVE_ATTACK ('frame', 120)
7016407A	WCMV	70164049	CAVE_ATTACK	COPY-STR-EXACT	a	EMIT			70164073 70164075 70164077 70164079	[@bp(ac3, 176), (sx16(M16[((sx16(M16[wp(ac3, 9)]) * 16) - 0xFFFF6CE)]) + 21)] = [@bp(ac3, 120), (sx16(M16[((sx16(M16[wp(ac3, 9)]) * 16) - 0xFFFF6CE)]) + 21)]	expr	4	piece 1/2 of CAVE_ATTACK ('frame', 176)
70164081	WCMV	70164049	CAVE_ATTACK	CONCAT-PIECE	a	EMIT			7016407C 7016407E 70164080	[@ac2, sx16(M16[wp(ac3, 20)])] = [@wp(ac3, 20), varying]	mixed	4	piece 2/2 of CAVE_ATTACK ('frame', 176)
7016408A	WCMV	70164049	CAVE_ATTACK	COPY-STR-EXACT	a	EMIT			70164083 70164085 70164087 70164089	[@bp(ac3, 0x104), (sx16(M16[((sx16(M16[wp(ac3, 9)]) * 16) - 0xFFFF6CE)]) + sx16(M16[wp(ac3, 20)]) + 21)] = [@bp(ac3, 176), (sx16(M16[((sx16(M16[wp(ac3, 9)]) * 16) - 0xFFFF6CE)]) + sx16(M16[wp(ac3, 20)]) + 21)]	expr	4	piece 1/2 of CAVE_ATTACK ('frame', 260); copy-out of CAVE_ATTACK ('frame', 176) (total MATCH)
70164090	WCMV	70164049	CAVE_ATTACK	CONCAT-PIECE	a	EMIT			7016408B 7016408D 7016408F	[@ac2, 53] = [@0x70163F29:0, "\x0A\x0BDo you want to (F) fight, (C) cast, or (I) ignore? "]	mixed	4	piece 2/2 of CAVE_ATTACK ('frame', 260)
7016409B	WCMV	70164049	CAVE_ATTACK	ASSIGN-STR-VARYING	a	EMIT			70164092 70164094 70164095 70164097 70164099	[@wp(ac3, 198), (sx16(M16[((sx16(M16[wp(ac3, 9)]) * 16) - 0xFFFF6CE)]) + sx16(M16[wp(ac3, 20)]) + 74) varying] = [@bp(ac3, 0x104), (sx16(M16[((sx16(M16[wp(ac3, 9)]) * 16) - 0xFFFF6CE)]) + sx16(M16[wp(ac3, 20)]) + 74)]	expr	5	copy-out of CAVE_ATTACK ('frame', 260) (total MATCH)
70164159	WCMV	7016413B	CAVE_ATTACK	COPY-STR-EXACT	a	EMIT			70164150 70164152 70164155 70164158	[@bp(ac3, 85), sx16(M16[((sx16(M16[wp(ac3, 6)]) * 16) - 0xFEAFBB8)])] = [@bp((sx16(M16[wp(ac3, 6)]) * 16), -0x1FD5F76E), sx16(M16[((sx16(M16[wp(ac3, 6)]) * 16) - 0xFEAFBB8)])]	expr	4	piece 1/1 of CAVE_ATTACK ('frame', 85)
70164162	WCMV	7016413B	CAVE_ATTACK	COPY-STR-EXACT	a	EMIT			7016415B 7016415D 7016415F 70164161	[@bp(ac3, 120), (sx16(M16[((sx16(M16[wp(ac3, 6)]) * 16) - 0xFEAFBB8)]) + 1)] = [@bp(ac3, 84), (sx16(M16[((sx16(M16[wp(ac3, 6)]) * 16) - 0xFEAFBB8)]) + 1)]	expr	4	piece 1/1 of CAVE_ATTACK ('frame', 120)
70164170	WCMV	7016413B	CAVE_ATTACK	ASSIGN-STR-VARYING	a	EMIT			70164167 70164169 7016416A 7016416C 7016416E	[@wp(ac3, 42), (sx16(M16[((sx16(M16[wp(ac3, 6)]) * 16) - 0xFEAFBB8)]) + 2) varying] = [@bp(ac3, 120), (sx16(M16[((sx16(M16[wp(ac3, 6)]) * 16) - 0xFEAFBB8)]) + 2)]	expr	5	copy-out of CAVE_ATTACK ('frame', 120) (total MATCH)
7016435D	WCMV	7016434C	CAVE_ATTACK	COPY-LIT-EXACT	a	EMIT			70164358 7016435A 7016435C	[@bp(ac3, 120), 16] = [@0x70163EBB:0, "\x0A\x0BYou have done "]	expr	4	piece 1/2 of CAVE_ATTACK ('frame', 120)
70164364	WCMV	7016434C	CAVE_ATTACK	CONCAT-PIECE	a	EMIT			7016435F 70164361 70164363	[@ac2, sx16(M16[wp(ac3, 42)])] = [@wp(ac3, 42), varying]	mixed	4	piece 2/2 of CAVE_ATTACK ('frame', 120)
7016436D	WCMV	7016434C	CAVE_ATTACK	COPY-STR-EXACT	a	EMIT			70164366 70164368 7016436A 7016436C	[@bp(ac3, 176), (sx16(M16[wp(ac3, 42)]) + 16)] = [@bp(ac3, 120), (sx16(M16[wp(ac3, 42)]) + 16)]	expr	4	piece 1/2 of CAVE_ATTACK ('frame', 176)
70164373	WCMV	7016434C	CAVE_ATTACK	CONCAT-PIECE	a	EMIT			7016436E 70164370 70164372	[@ac2, 25] = [@0x70163EAD:0, " strength points damage.\x0A"]	mixed	4	piece 2/2 of CAVE_ATTACK ('frame', 176)
7016437E	WCMV	7016434C	CAVE_ATTACK	ASSIGN-STR-VARYING	a	EMIT			70164375 70164377 70164378 7016437A 7016437C	[@wp(ac3, 130), (sx16(M16[wp(ac3, 42)]) + 41) varying] = [@bp(ac3, 176), (sx16(M16[wp(ac3, 42)]) + 41)]	expr	5	copy-out of CAVE_ATTACK ('frame', 176) (total MATCH)
70164413	WCMV	701643FB	CAVE_ATTACK	COPY-LIT-EXACT	a	EMIT			70164410 70164412	[@bp(ac3, 8), 5] = [@0x70163E93:0, "\x0BThe "]	expr	4	piece 1/2 of CAVE_ATTACK ('frame', 8)
7016441E	WCMV	701643FB	CAVE_ATTACK	CONCAT-PIECE	a	EMIT			70164415 70164417 7016441A 7016441D	[@ac2, sx16(M16[((sx16(M16[(M32[wp(ac3, -6)] + 9)]) * 16) - 0xFFFF6CE)])] = [@bp((sx16(M16[(M32[wp(ac3, -6)] + 9)]) * 16), -0x1FFFED9A), sx16(M16[((sx16(M16[(M32[wp(ac3, -6)] + 9)]) * 16) - 0xFFFF6CE)])]	mixed	4	piece 2/2 of CAVE_ATTACK ('frame', 8)
70164427	WCMV	701643FB	CAVE_ATTACK	COPY-STR-EXACT	a	EMIT			70164420 70164422 70164424 70164426	[@bp(ac3, 52), (sx16(M16[((sx16(M16[(M32[wp(ac3, -6)] + 9)]) * 16) - 0xFFFF6CE)]) + 5)] = [@bp(ac3, 8), (sx16(M16[((sx16(M16[(M32[wp(ac3, -6)] + 9)]) * 16) - 0xFFFF6CE)]) + 5)]	expr	4	piece 1/2 of CAVE_ATTACK ('frame', 52)
7016442D	WCMV	701643FB	CAVE_ATTACK	CONCAT-PIECE	a	EMIT			70164428 7016442A 7016442C	[@ac2, 18] = [@0x70163E89:0, " has been killed!\x0A"]	mixed	4	piece 2/2 of CAVE_ATTACK ('frame', 52)
70164438	WCMV	701643FB	CAVE_ATTACK	ASSIGN-STR-VARYING	a	EMIT			7016442F 70164431 70164432 70164434 70164436	[@wp(ac3, 54), (sx16(M16[((sx16(M16[(M32[wp(ac3, -6)] + 9)]) * 16) - 0xFFFF6CE)]) + 23) varying] = [@bp(ac3, 52), (sx16(M16[((sx16(M16[(M32[wp(ac3, -6)] + 9)]) * 16) - 0xFFFF6CE)]) + 23)]	expr	5	copy-out of CAVE_ATTACK ('frame', 52) (total MATCH)
7016456B	WCMV	70164553	CAVE_ATTACK	COPY-LIT-EXACT	a	EMIT			70164568 7016456A	[@bp(ac3, 164), 66] = [@0x70163E67:0, "\x0BYour skill as a dragon slayer has given you an alliance with the "]	expr	4	piece 1/2 of CAVE_ATTACK ('frame', 164)
70164576	WCMV	70164553	CAVE_ATTACK	CONCAT-PIECE	a	EMIT			7016456D 7016456F 70164572 70164575	[@ac2, sx16(M16[((sx16(M16[(M32[wp(ac3, -6)] + 11)]) * 12) - 0xFFFFD9A)])] = [@bp((sx16(M16[(M32[wp(ac3, -6)] + 11)]) * 12), -0x1FFFFB32), sx16(M16[((sx16(M16[(M32[wp(ac3, -6)] + 11)]) * 12) - 0xFFFFD9A)])]	mixed	4	piece 2/2 of CAVE_ATTACK ('frame', 164)
7016457F	WCMV	70164553	CAVE_ATTACK	COPY-STR-EXACT	a	EMIT			70164578 7016457A 7016457C 7016457E	[@bp(ac3, 252), (sx16(M16[((sx16(M16[(M32[wp(ac3, -6)] + 11)]) * 12) - 0xFFFFD9A)]) + 66)] = [@bp(ac3, 164), (sx16(M16[((sx16(M16[(M32[wp(ac3, -6)] + 11)]) * 12) - 0xFFFFD9A)]) + 66)]	expr	4	piece 1/2 of CAVE_ATTACK ('frame', 252); copy-out of CAVE_ATTACK ('frame', 164) (total MATCH)
70164585	WCMV	70164553	CAVE_ATTACK	CONCAT-PIECE	a	EMIT			70164580 70164582 70164584	[@ac2, 6] = [@0x70163E63:0, " kind."]	mixed	4	piece 2/2 of CAVE_ATTACK ('frame', 252)
70164590	WCMV	70164553	CAVE_ATTACK	ASSIGN-STR-VARYING	a	EMIT			70164587 70164589 7016458A 7016458C 7016458E	[@wp(ac3, 174), (sx16(M16[((sx16(M16[(M32[wp(ac3, -6)] + 11)]) * 12) - 0xFFFFD9A)]) + 72) varying] = [@bp(ac3, 252), (sx16(M16[((sx16(M16[(M32[wp(ac3, -6)] + 11)]) * 12) - 0xFFFFD9A)]) + 72)]	expr	5	copy-out of CAVE_ATTACK ('frame', 252) (total MATCH)
70164643	WCMV	70164632	CAVE_ATTACK	COPY-LIT-EXACT	a	EMIT			7016463E 70164640 70164642	[@bp(ac3, 48), 16] = [@0x70163EBB:0, "\x0A\x0BYou have done "]	expr	4	piece 1/2 of CAVE_ATTACK ('frame', 48)
7016464A	WCMV	70164632	CAVE_ATTACK	CONCAT-PIECE	a	EMIT			70164645 70164647 70164649	[@ac2, sx16(M16[wp(ac3, 6)])] = [@wp(ac3, 6), varying]	mixed	4	piece 2/2 of CAVE_ATTACK ('frame', 48)
70164653	WCMV	70164632	CAVE_ATTACK	COPY-STR-EXACT	a	EMIT			7016464C 7016464E 70164650 70164652	[@bp(ac3, 96), (sx16(M16[wp(ac3, 6)]) + 16)] = [@bp(ac3, 48), (sx16(M16[wp(ac3, 6)]) + 16)]	expr	4	piece 1/2 of CAVE_ATTACK ('frame', 96)
70164659	WCMV	70164632	CAVE_ATTACK	CONCAT-PIECE	a	EMIT			70164654 70164656 70164658	[@ac2, 25] = [@0x70163EAD:0, " strength points damage.\x0A"]	mixed	4	piece 2/2 of CAVE_ATTACK ('frame', 96)
70164664	WCMV	70164632	CAVE_ATTACK	ASSIGN-STR-VARYING	a	EMIT			7016465B 7016465D 7016465E 70164660 70164662	[@wp(ac3, 86), (sx16(M16[wp(ac3, 6)]) + 41) varying] = [@bp(ac3, 96), (sx16(M16[wp(ac3, 6)]) + 41)]	expr	5	copy-out of CAVE_ATTACK ('frame', 96) (total MATCH)
701648BF	WCMV	701648AE	CAVE_ATTACK	COPY-LIT-EXACT	a	EMIT			701648BA 701648BC 701648BE	[@bp(ac3, 48), 16] = [@0x70163EBB:0, "\x0A\x0BYou have done "]	expr	4	piece 1/2 of CAVE_ATTACK ('frame', 48)
701648C6	WCMV	701648AE	CAVE_ATTACK	CONCAT-PIECE	a	EMIT			701648C1 701648C3 701648C5	[@ac2, sx16(M16[wp(ac3, 6)])] = [@wp(ac3, 6), varying]	mixed	4	piece 2/2 of CAVE_ATTACK ('frame', 48)
701648CF	WCMV	701648AE	CAVE_ATTACK	COPY-STR-EXACT	a	EMIT			701648C8 701648CA 701648CC 701648CE	[@bp(ac3, 96), (sx16(M16[wp(ac3, 6)]) + 16)] = [@bp(ac3, 48), (sx16(M16[wp(ac3, 6)]) + 16)]	expr	4	piece 1/2 of CAVE_ATTACK ('frame', 96)
701648D5	WCMV	701648AE	CAVE_ATTACK	CONCAT-PIECE	a	EMIT			701648D0 701648D2 701648D4	[@ac2, 25] = [@0x70163EAD:0, " strength points damage.\x0A"]	mixed	4	piece 2/2 of CAVE_ATTACK ('frame', 96)
701648E0	WCMV	701648AE	CAVE_ATTACK	ASSIGN-STR-VARYING	a	EMIT			701648D7 701648D9 701648DA 701648DC 701648DE	[@wp(ac3, 86), (sx16(M16[wp(ac3, 6)]) + 41) varying] = [@bp(ac3, 96), (sx16(M16[wp(ac3, 6)]) + 41)]	expr	5	copy-out of CAVE_ATTACK ('frame', 96) (total MATCH)
70164995	WCMV	70164984	CAVE_ATTACK	COPY-LIT-EXACT	a	EMIT			70164990 70164992 70164994	[@bp(ac3, 48), 16] = [@0x70163EBB:0, "\x0A\x0BYou have done "]	expr	4	piece 1/2 of CAVE_ATTACK ('frame', 48)
7016499C	WCMV	70164984	CAVE_ATTACK	CONCAT-PIECE	a	EMIT			70164997 70164999 7016499B	[@ac2, sx16(M16[wp(ac3, 6)])] = [@wp(ac3, 6), varying]	mixed	4	piece 2/2 of CAVE_ATTACK ('frame', 48)
701649A5	WCMV	70164984	CAVE_ATTACK	COPY-STR-EXACT	a	EMIT			7016499E 701649A0 701649A2 701649A4	[@bp(ac3, 96), (sx16(M16[wp(ac3, 6)]) + 16)] = [@bp(ac3, 48), (sx16(M16[wp(ac3, 6)]) + 16)]	expr	4	piece 1/2 of CAVE_ATTACK ('frame', 96)
701649AB	WCMV	70164984	CAVE_ATTACK	CONCAT-PIECE	a	EMIT			701649A6 701649A8 701649AA	[@ac2, 25] = [@0x70163EAD:0, " strength points damage.\x0A"]	mixed	4	piece 2/2 of CAVE_ATTACK ('frame', 96)
701649B6	WCMV	70164984	CAVE_ATTACK	ASSIGN-STR-VARYING	a	EMIT			701649AD 701649AF 701649B0 701649B2 701649B4	[@wp(ac3, 86), (sx16(M16[wp(ac3, 6)]) + 41) varying] = [@bp(ac3, 96), (sx16(M16[wp(ac3, 6)]) + 41)]	expr	5	copy-out of CAVE_ATTACK ('frame', 96) (total MATCH)
70164B0E	WCMV	70164AFD	CAVE_ATTACK	COPY-LIT-EXACT	a	EMIT			70164B09 70164B0B 70164B0D	[@bp(ac3, 48), 13] = [@0x70163DBF:0, "\x0A\x0BYou detect "]	expr	4	piece 1/2 of CAVE_ATTACK ('frame', 48)
70164B15	WCMV	70164AFD	CAVE_ATTACK	CONCAT-PIECE	a	EMIT			70164B10 70164B12 70164B14	[@ac2, sx16(M16[wp(ac3, 6)])] = [@wp(ac3, 6), varying]	mixed	4	piece 2/2 of CAVE_ATTACK ('frame', 48)
70164B1E	WCMV	70164AFD	CAVE_ATTACK	COPY-STR-EXACT	a	EMIT			70164B17 70164B19 70164B1B 70164B1D	[@bp(ac3, 248), (sx16(M16[wp(ac3, 6)]) + 13)] = [@bp(ac3, 48), (sx16(M16[wp(ac3, 6)]) + 13)]	expr	4	piece 1/2 of CAVE_ATTACK ('frame', 248); copy-out of CAVE_ATTACK ('frame', 48) (total MATCH)
70164B24	WCMV	70164AFD	CAVE_ATTACK	CONCAT-PIECE	a	EMIT			70164B1F 70164B21 70164B23	[@ac2, 35] = [@0x70163DAD:0, " strength points in your opponent.\x0A"]	mixed	4	piece 2/2 of CAVE_ATTACK ('frame', 248)
70164B2F	WCMV	70164AFD	CAVE_ATTACK	ASSIGN-STR-VARYING	a	EMIT			70164B26 70164B28 70164B29 70164B2B 70164B2D	[@wp(ac3, 164), (sx16(M16[wp(ac3, 6)]) + 48) varying] = [@bp(ac3, 248), (sx16(M16[wp(ac3, 6)]) + 48)]	expr	5	copy-out of CAVE_ATTACK ('frame', 248) (total MATCH)
70165111	WCMV	70165102	DISPLAY_MAP	COPY-STR-EXACT	a	EMIT			7016510A 7016510D 70165110	[@bp(ac3, 0x1864), sx16(M16[0x7000021C])] = [@0x7000021C, varying]	expr	4	piece 1/1 of DISPLAY_MAP ('frame', 6244)
7016511D	WCMV	70165102	DISPLAY_MAP	ASSIGN-STR-VARYING	a	EMIT			70165114 70165116 70165117 70165119 7016511B	[@wp(ac3, 3190), (sx16(M16[0x7000021C]) + 1) varying] = [@bp(ac3, 0x1864), (sx16(M16[0x7000021C]) + 1)]	expr	5	copy-out of DISPLAY_MAP ('frame', 6244) (total MATCH)
7016514B	WCMV	70165135	DISPLAY_MAP	COPY-LIT-EXACT	a	EMIT			70165147 7016514A	[@bp(ac3, 0x1841), 20] = [@0x7015155A:0, "                    "]	expr	4	piece 1/1 of DISPLAY_MAP ('frame', 6209)
70165154	WCMV	70165135	DISPLAY_MAP	COPY-STR-EXACT	a	EMIT			7016514D 7016514F 70165151 70165153	[@bp(ac3, 0x1974), 21] = [@bp(ac3, 0x1840), 21]	expr	4	piece 1/2 of DISPLAY_MAP ('frame', 6516)
7016515C	WCMV	70165135	DISPLAY_MAP	CONCAT-PIECE	a	EMIT			70165155 70165158 7016515B	[@ac2, sx16(M16[0x7000021C])] = [@0x7000021C, varying]	mixed	4	piece 2/2 of DISPLAY_MAP ('frame', 6516)
70165165	WCMV	70165135	DISPLAY_MAP	COPY-STR-EXACT	a	EMIT			7016515E 70165160 70165162 70165164	[@bp(ac3, 0x1A10), (sx16(M16[0x7000021C]) + 21)] = [@bp(ac3, 0x1974), (sx16(M16[0x7000021C]) + 21)]	expr	4	piece 1/1 of DISPLAY_MAP ('frame', 6672)
70165173	WCMV	70165135	DISPLAY_MAP	ASSIGN-STR-VARYING	a	EMIT			7016516A 7016516C 7016516D 7016516F 70165171	[@wp(ac3, 3258), (sx16(M16[0x7000021C]) + 22) varying] = [@bp(ac3, 0x1A10), (sx16(M16[0x7000021C]) + 22)]	expr	5	copy-out of DISPLAY_MAP ('frame', 6672) (total MATCH)
701651A2	WCMV	70165186	DISPLAY_MAP	COPY-LIT-EXACT	a	EMIT			7016519C 7016519E 701651A1	[@bp(ac3, 0x1864), 20] = [@0x7015155A:0, "                    "]	expr	4	piece 1/2 of DISPLAY_MAP ('frame', 6244)
701651A8	WCMV	70165186	DISPLAY_MAP	CONCAT-PIECE	a	EMIT			701651A3 701651A5 701651A7	[@ac2, 8] = [@0x70165013:0, "City of "]	mixed	4	piece 2/2 of DISPLAY_MAP ('frame', 6244)
701651B8	WCMV	70165186	DISPLAY_MAP	COPY-STR-EXACT	a	EMIT			701651B1 701651B3 701651B5 701651B7	[@bp(ac3, 0x18EC), 28] = [@bp(ac3, 0x1864), 28]	expr	4	piece 1/2 of DISPLAY_MAP ('frame', 6380); copy-out of DISPLAY_MAP ('frame', 6244) (total MATCH)
701651C4	WCMV	70165186	DISPLAY_MAP	CONCAT-PIECE+CALLRESULT	a	EMIT				[@ac2, ac0] = [@ac3, ac1]	register	6	piece 2/2 of DISPLAY_MAP ('frame', 6380)
701651CD	WCMV	70165186	DISPLAY_MAP	COPY-STR-EXACT+CALLRESULT	a	EMIT				[@ac2, ac0] = [@ac3, ac1]	register	6	piece 1/2 of DISPLAY_MAP ('frame', 6244)
701651D3	WCMV	70165186	DISPLAY_MAP	CONCAT-PIECE	a	EMIT			701651CE 701651D0 701651D2	[@ac2, 2] = [@0x70165012:0, "\x0A\x0A"]	mixed	4	piece 2/2 of DISPLAY_MAP ('frame', 6244)
701651DE	WCMV	70165186	DISPLAY_MAP	ASSIGN-STR-VARYING+CALLRESULT	a	EMIT			701651DA 701651DC	[@bp(ac3, 0x18EE), ac0] = [@bp(ac3, 0x1864), ac1]	mixed	6	copy-out of DISPLAY_MAP ('frame', 6244) (total MATCH)
70165655	WCMV	70165643	DISPLAY_MAP	COPY-STR-EXACT+SUBSTR	a	EMIT				[@ac2, 2] = [@ac3, 2]	mixed	5	piece 1/1 of DISPLAY_MAP ('frame', 122)
7016566D	WCMV	70165661	DISPLAY_MAP	COPY-STR-EXACT+SUBSTR	a	EMIT			7016566B	[@ac2, ac0] = [@bp(ac3, 122), ac1]	mixed	5	piece 1/1 of DISPLAY_MAP None
70165A5D	WCMV	70165A5D	DEFEND	CONCAT-PIECE	a	EMIT				[@ac2, ac0] = [@ac3, ac1]	mixed	6	piece 1/1 of DEFEND ('frame', 38)
70165A89	WCMV	70165A6E	DEFEND	COPY-LIT-EXACT	a	EMIT			70165A86 70165A88	[@bp(ac3, 140), 24] = [@0x701657D5:0, "\x0BYou have encountered a "]	expr	4	piece 1/2 of DEFEND ('frame', 140)
70165A94	WCMV	70165A6E	DEFEND	CONCAT-PIECE+CALLRESULT	a	EMIT			70165A8B 70165A8D 70165A90 70165A93	[@ac2, sx16(M16[((sx16(M16[wp(ac3, 5)]) * 12) - 0xFFFFD9A)])] = [@bp((sx16(M16[wp(ac3, 5)]) * 12), -0x1FFFFB32), sx16(M16[((sx16(M16[wp(ac3, 5)]) * 12) - 0xFFFFD9A)])]	mixed	6	piece 2/2 of DEFEND ('frame', 140)
70165A9D	WCMV	70165A6E	DEFEND	COPY-STR-EXACT+CALLRESULT	a	EMIT			70165A96 70165A98 70165A9A 70165A9C	[@bp(ac3, 188), (sx16(M16[((sx16(M16[wp(ac3, 5)]) * 12) - 0xFFFFD9A)]) + 24)] = [@bp(ac3, 140), (sx16(M16[((sx16(M16[wp(ac3, 5)]) * 12) - 0xFFFFD9A)]) + 24)]	expr	6	piece 1/2 of DEFEND ('frame', 188); copy-out of DEFEND ('frame', 140) (total MATCH)
70165AA4	WCMV	70165A6E	DEFEND	CONCAT-PIECE	a	EMIT			70165A9F 70165AA1 70165AA3	[@ac2, sx16(M16[wp(ac3, 18)])] = [@wp(ac3, 18), varying]	mixed	4	piece 2/2 of DEFEND ('frame', 188)
70165AAF	WCMV	70165A6E	DEFEND	ASSIGN-STR-VARYING+CALLRESULT	a	EMIT			70165AA6 70165AA8 70165AA9 70165AAB 70165AAD	[@wp(ac3, 132), (sx16(M16[((sx16(M16[wp(ac3, 5)]) * 12) - 0xFFFFD9A)]) + sx16(M16[wp(ac3, 18)]) + 24) varying] = [@bp(ac3, 188), (sx16(M16[((sx16(M16[wp(ac3, 5)]) * 12) - 0xFFFFD9A)]) + sx16(M16[wp(ac3, 18)]) + 24)]	expr	6	copy-out of DEFEND ('frame', 188) (total MATCH)
70165BC4	WCMV	70165BB4	DEFEND	COPY-LIT-EXACT	a	EMIT			70165BBF 70165BC1 70165BC3	[@bp(ac3, 140), 3] = [@0x701657A5:0, ".\x0A\x0B"]	expr	4	piece 1/2 of DEFEND ('frame', 140)
70165BCB	WCMV	70165BB4	DEFEND	CONCAT-PIECE	a	EMIT			70165BC6 70165BC8 70165BCA	[@ac2, sx16(M16[wp(ac3, 52)])] = [@wp(ac3, 52), varying]	mixed	4	piece 2/2 of DEFEND ('frame', 140)
70165BD4	WCMV	70165BB4	DEFEND	COPY-STR-EXACT	a	EMIT			70165BCD 70165BCF 70165BD1 70165BD3	[@bp(ac3, 188), (sx16(M16[wp(ac3, 52)]) + 3)] = [@bp(ac3, 140), (sx16(M16[wp(ac3, 52)]) + 3)]	expr	4	piece 1/2 of DEFEND ('frame', 188); copy-out of DEFEND ('frame', 140) (total MATCH)
70165BDA	WCMV	70165BB4	DEFEND	CONCAT-PIECE	a	EMIT			70165BD5 70165BD7 70165BD9	[@ac2, 41] = [@0x7016578F:0, " intelligence points have been absorbed.\x0A"]	mixed	4	piece 2/2 of DEFEND ('frame', 188)
70165BE5	WCMV	70165BB4	DEFEND	ASSIGN-STR-VARYING	a	EMIT			70165BDC 70165BDE 70165BDF 70165BE1 70165BE3	[@wp(ac3, 132), (sx16(M16[wp(ac3, 52)]) + 44) varying] = [@bp(ac3, 188), (sx16(M16[wp(ac3, 52)]) + 44)]	expr	5	copy-out of DEFEND ('frame', 188) (total MATCH)
70165C5B	WCMV	70165C4A	DEFEND	COPY-LIT-EXACT	a	EMIT			70165C58 70165C5A	[@bp(ac3, 188), 26] = [@0x70165771:0, ".\x0A\x0BYou have been hit with "]	expr	4	piece 1/2 of DEFEND ('frame', 188)
70165C62	WCMV	70165C4A	DEFEND	CONCAT-PIECE	a	EMIT			70165C5D 70165C5F 70165C61	[@ac2, sx16(M16[wp(ac3, 52)])] = [@wp(ac3, 52), varying]	mixed	4	piece 2/2 of DEFEND ('frame', 188)
70165C6B	WCMV	70165C4A	DEFEND	COPY-STR-EXACT	a	EMIT			70165C64 70165C66 70165C68 70165C6A	[@bp(ac3, 0x108), (sx16(M16[wp(ac3, 52)]) + 26)] = [@bp(ac3, 188), (sx16(M16[wp(ac3, 52)]) + 26)]	expr	4	piece 1/2 of DEFEND ('frame', 264); copy-out of DEFEND ('frame', 188) (total MATCH)
70165C71	WCMV	70165C4A	DEFEND	CONCAT-PIECE	a	EMIT			70165C6C 70165C6E 70165C70	[@ac2, 18] = [@0x70165767:0, " strength points!\x0A"]	mixed	4	piece 2/2 of DEFEND ('frame', 264)
70165C7C	WCMV	70165C4A	DEFEND	ASSIGN-STR-VARYING	a	EMIT			70165C73 70165C75 70165C76 70165C78 70165C7A	[@wp(ac3, 172), (sx16(M16[wp(ac3, 52)]) + 44) varying] = [@bp(ac3, 0x108), (sx16(M16[wp(ac3, 52)]) + 44)]	expr	5	copy-out of DEFEND ('frame', 264) (total MATCH)
70165D1F	WCMV	70165D07	DEFEND	COPY-LIT-EXACT	d	EMIT			70165D1A 70165D1C 70165D1E	[@bp(ac3, 104), 4] = [@0x7016574F:0, "The "]	expr	4	piece 1/2 of DEFEND ('frame', 104)
70165D2A	WCMV	70165D07	DEFEND	CONCAT-PIECE+CALLRESULT	d	EMIT			70165D21 70165D23 70165D26 70165D29	[@ac2, sx16(M16[((sx16(M16[wp(ac3, 5)]) * 12) - 0xFFFFD9A)])] = [@bp((sx16(M16[wp(ac3, 5)]) * 12), -0x1FFFFB32), sx16(M16[((sx16(M16[wp(ac3, 5)]) * 12) - 0xFFFFD9A)])]	mixed	6	piece 2/2 of DEFEND ('frame', 104)
70165D33	WCMV	70165D07	DEFEND	COPY-STR-EXACT+CALLRESULT	d	EMIT			70165D2C 70165D2E 70165D30 70165D32	[@bp(ac3, 188), (sx16(M16[((sx16(M16[wp(ac3, 5)]) * 12) - 0xFFFFD9A)]) + 4)] = [@bp(ac3, 104), (sx16(M16[((sx16(M16[wp(ac3, 5)]) * 12) - 0xFFFFD9A)]) + 4)]	expr	6	piece 1/2 of DEFEND ('frame', 188); copy-out of DEFEND ('frame', 104) (total MATCH)
70165D39	WCMV	70165D07	DEFEND	CONCAT-PIECE	d	EMIT			70165D34 70165D36 70165D38	[@ac2, 25] = [@0x70165741:0, " has done away with you!\x0A"]	mixed	4	piece 2/2 of DEFEND ('frame', 188)
70165D44	WCMV	70165D07	DEFEND	ASSIGN-STR-VARYING+CALLRESULT	d	EMIT			70165D3B 70165D3D 70165D3E 70165D40 70165D42	[@wp(ac3, 132), (sx16(M16[((sx16(M16[wp(ac3, 5)]) * 12) - 0xFFFFD9A)]) + 29) varying] = [@bp(ac3, 188), (sx16(M16[((sx16(M16[wp(ac3, 5)]) * 12) - 0xFFFFD9A)]) + 29)]	expr	6	copy-out of DEFEND ('frame', 188) (total MATCH)
70165DCC	WCMV	70165DCC	DEFEND	CONCAT-PIECE	a	EMIT				[@ac2, ac0] = [@ac3, ac1]	mixed	6	piece 1/1 of DEFEND ('frame', 38)
70165DF2	WCMV	70165DD7	DEFEND	COPY-LIT-EXACT	a	EMIT			70165DEF 70165DF1	[@bp(ac3, 188), 24] = [@0x701657D5:0, "\x0BYou have encountered a "]	expr	4	piece 1/2 of DEFEND ('frame', 188)
70165DFD	WCMV	70165DD7	DEFEND	CONCAT-PIECE+CALLRESULT	a	EMIT			70165DF4 70165DF6 70165DF9 70165DFC	[@ac2, sx16(M16[((sx16(M16[wp(ac3, 44)]) * 16) - 0xFFFF6CE)])] = [@bp((sx16(M16[wp(ac3, 44)]) * 16), -0x1FFFED9A), sx16(M16[((sx16(M16[wp(ac3, 44)]) * 16) - 0xFFFF6CE)])]	mixed	6	piece 2/2 of DEFEND ('frame', 188)
70165E06	WCMV	70165DD7	DEFEND	COPY-STR-EXACT+CALLRESULT	a	EMIT			70165DFF 70165E01 70165E03 70165E05	[@bp(ac3, 0x1A8), (sx16(M16[((sx16(M16[wp(ac3, 44)]) * 16) - 0xFFFF6CE)]) + 24)] = [@bp(ac3, 188), (sx16(M16[((sx16(M16[wp(ac3, 44)]) * 16) - 0xFFFF6CE)]) + 24)]	expr	6	piece 1/2 of DEFEND ('frame', 424); copy-out of DEFEND ('frame', 188) (total MATCH)
70165E0D	WCMV	70165DD7	DEFEND	CONCAT-PIECE	a	EMIT			70165E08 70165E0A 70165E0C	[@ac2, sx16(M16[wp(ac3, 18)])] = [@wp(ac3, 18), varying]	mixed	4	piece 2/2 of DEFEND ('frame', 424)
70165E18	WCMV	70165DD7	DEFEND	ASSIGN-STR-VARYING+CALLRESULT	a	EMIT			70165E0F 70165E11 70165E12 70165E14 70165E16	[@wp(ac3, 254), (sx16(M16[((sx16(M16[wp(ac3, 44)]) * 16) - 0xFFFF6CE)]) + sx16(M16[wp(ac3, 18)]) + 24) varying] = [@bp(ac3, 0x1A8), (sx16(M16[((sx16(M16[wp(ac3, 44)]) * 16) - 0xFFFF6CE)]) + sx16(M16[wp(ac3, 18)]) + 24)]	expr	6	copy-out of DEFEND ('frame', 424) (total MATCH)
70165ED7	WCMV	70165EC6	DEFEND	COPY-LIT-EXACT	d	EMIT			70165ED4 70165ED6	[@bp(ac3, 188), 26] = [@0x70165771:0, ".\x0A\x0BYou have been hit with "]	expr	4	piece 1/2 of DEFEND ('frame', 188)
70165EDE	WCMV	70165EC6	DEFEND	CONCAT-PIECE	d	EMIT			70165ED9 70165EDB 70165EDD	[@ac2, sx16(M16[wp(ac3, 52)])] = [@wp(ac3, 52), varying]	mixed	4	piece 2/2 of DEFEND ('frame', 188)
70165EE7	WCMV	70165EC6	DEFEND	COPY-STR-EXACT	d	EMIT			70165EE0 70165EE2 70165EE4 70165EE6	[@bp(ac3, 0x108), (sx16(M16[wp(ac3, 52)]) + 26)] = [@bp(ac3, 188), (sx16(M16[wp(ac3, 52)]) + 26)]	expr	4	piece 1/2 of DEFEND ('frame', 264); copy-out of DEFEND ('frame', 188) (total MATCH)
70165EED	WCMV	70165EC6	DEFEND	CONCAT-PIECE	d	EMIT			70165EE8 70165EEA 70165EEC	[@ac2, 18] = [@0x70165767:0, " strength points!\x0A"]	mixed	4	piece 2/2 of DEFEND ('frame', 264)
70165EF8	WCMV	70165EC6	DEFEND	ASSIGN-STR-VARYING	a	EMIT			70165EEF 70165EF1 70165EF2 70165EF4 70165EF6	[@wp(ac3, 172), (sx16(M16[wp(ac3, 52)]) + 44) varying] = [@bp(ac3, 0x108), (sx16(M16[wp(ac3, 52)]) + 44)]	expr	5	copy-out of DEFEND ('frame', 264) (total MATCH)
70165F46	WCMV	70165F2D	DEFEND	COPY-LIT-EXACT	d	EMIT			70165F3F 70165F41 70165F43 70165F45	[@bp(ac3, 104), 4] = [@0x7016574F:0, "The "]	expr	4	piece 1/2 of DEFEND ('frame', 104)
70165F51	WCMV	70165F2D	DEFEND	CONCAT-PIECE+CALLRESULT	d	EMIT				[@ac2, ac0] = [@ac3, ac1]	register	6	piece 2/2 of DEFEND ('frame', 104)
70165F5A	WCMV	70165F2D	DEFEND	COPY-STR-EXACT+CALLRESULT	d	EMIT				[@ac2, ac0] = [@ac3, ac1]	register	6	piece 1/2 of DEFEND ('frame', 188); copy-out of DEFEND ('frame', 104) (total MATCH)
70165F60	WCMV	70165F2D	DEFEND	CONCAT-PIECE	d	EMIT			70165F5B 70165F5D 70165F5F	[@ac2, 25] = [@0x70165741:0, " has done away with you!\x0A"]	mixed	4	piece 2/2 of DEFEND ('frame', 188)
70165F6B	WCMV	70165F2D	DEFEND	ASSIGN-STR-VARYING+CALLRESULT	d	EMIT			70165F67 70165F69	[@bp(ac3, 0x10A), ac0] = [@bp(ac3, 188), ac1]	mixed	6	copy-out of DEFEND ('frame', 188) (total MATCH)
701664E3	WCMV	701664D4	DISPLAY_MAGIC	COPY-LIT-EXACT	c	EMIT			701664DC 701664DE 701664E0 701664E2	[@bp(ac3, 156), 14] = [@0x701663D7:0, "Effective for "]	expr	4	piece 1/2 of DISPLAY_MAGIC ('frame', 156)
701664EA	WCMV	701664D4	DISPLAY_MAGIC	CONCAT-PIECE	c	EMIT			701664E5 701664E7 701664E9	[@ac2, sx16(M16[wp(ac3, 28)])] = [@wp(ac3, 28), varying]	mixed	4	piece 2/2 of DISPLAY_MAGIC ('frame', 156)
701664F6	WCMV	701664F6	DISPLAY_MAGIC	ASSIGN-STR-MIN	c	EMIT				[@ac2, ac0] = [@ac3, 40]	mixed	5	copy-out of DISPLAY_MAGIC ('frame', 156) (total MATCH)
701664FD	WCMV	701664FD	DISPLAY_MAGIC	CONCAT-PIECE	c	EMIT				[@ac2, ac0] = [@0x701663CF:0, ac1]	mixed	6	piece 1/1 of DISPLAY_MAGIC ('frame', 14)
70166523	WCMV	70166514	DISPLAY_MAGIC	COPY-LIT-EXACT	c	EMIT			7016651C 7016651E 70166520 70166522	[@bp(ac3, 56), 17] = [@0x701663C5:0, "Regenerating for "]	expr	4	piece 1/2 of DISPLAY_MAGIC ('frame', 56)
7016652A	WCMV	70166514	DISPLAY_MAGIC	CONCAT-PIECE	c	EMIT			70166525 70166527 70166529	[@ac2, sx16(M16[wp(ac3, 78)])] = [@wp(ac3, 78), varying]	mixed	4	piece 2/2 of DISPLAY_MAGIC ('frame', 56)
70166536	WCMV	70166536	DISPLAY_MAGIC	ASSIGN-STR-MIN	c	EMIT				[@ac2, ac0] = [@ac3, 40]	mixed	5	copy-out of DISPLAY_MAGIC ('frame', 56) (total MATCH)
7016653D	WCMV	7016653D	DISPLAY_MAGIC	CONCAT-PIECE	c	EMIT				[@ac2, ac0] = [@0x701663CF:0, ac1]	mixed	6	piece 1/1 of DISPLAY_MAGIC ('frame', 14)
70166703	WCMV	701666F8	DISPLAY_CAVE	COPY-STR-EXACT	b	EMIT			701666FC 701666FD 70166700	[@0x70000A78:0, (sx16(M16[0x70000A4E]) + 2)] = [@0x70000A4E:0, (sx16(M16[0x70000A4E]) + 2)]	expr	4	piece 1/1 of DISPLAY_CAVE ('static', 1879050872, 0)
70166735	WCMV	70166723	DISPLAY_CAVE	COPY-STR-EXACT	b	EMIT			7016672E 70166731 70166734	[@bp(ac3, 16), 0] = [@0x70000A4F:0, 0]	expr	4	piece 1/2 of DISPLAY_CAVE ('frame', 16)
7016673B	WCMV	70166723	DISPLAY_CAVE	CONCAT-PIECE	b	EMIT			70166736 70166738 7016673A	[@ac2, 3] = [@0x70166627:0, "\x10\x0A\x03"]	mixed	4	piece 2/2 of DISPLAY_CAVE ('frame', 16)
70166744	WCMV	70166723	DISPLAY_CAVE	COPY-STR-EXACT	b	EMIT			7016673D 7016673F 70166741 70166743	[@bp(ac3, 104), 3] = [@bp(ac3, 16), 3]	expr	4	piece 1/2 of DISPLAY_CAVE ('frame', 104); copy-out of DISPLAY_CAVE ('frame', 16) (total MATCH)
7016674A	WCMV	70166723	DISPLAY_CAVE	CONCAT-PIECE	b	EMIT			70166745 70166747 70166749	[@ac2, 4] = [@0x7016661B:0, "...."]	mixed	4	piece 2/2 of DISPLAY_CAVE ('frame', 104)
7016676F	WCMV	7016675D	DISPLAY_CAVE	COPY-STR-EXACT	b	EMIT			70166768 7016676B 7016676E	[@bp(ac3, 16), 0] = [@0x70000A4F:0, 0]	expr	4	piece 1/2 of DISPLAY_CAVE ('frame', 16)
70166775	WCMV	7016675D	DISPLAY_CAVE	CONCAT-PIECE	b	EMIT			70166770 70166772 70166774	[@ac2, 3] = [@0x70166627:0, "\x10\x0A\x03"]	mixed	4	piece 2/2 of DISPLAY_CAVE ('frame', 16)
7016677E	WCMV	7016675D	DISPLAY_CAVE	COPY-STR-EXACT	b	EMIT			70166777 70166779 7016677B 7016677D	[@bp(ac3, 104), 3] = [@bp(ac3, 16), 3]	expr	4	piece 1/2 of DISPLAY_CAVE ('frame', 104); copy-out of DISPLAY_CAVE ('frame', 16) (total MATCH)
70166784	WCMV	7016675D	DISPLAY_CAVE	CONCAT-PIECE	b	EMIT			7016677F 70166781 70166783	[@ac2, 4] = [@0x70166619:0, "----"]	mixed	4	piece 2/2 of DISPLAY_CAVE ('frame', 104)
701667B8	WCMV	7016679D	DISPLAY_CAVE	COPY-STR-EXACT	b	EMIT				[@ac2, ac0] = [@0x70000A4F:0, ac1]	mixed	4	piece 1/2 of DISPLAY_CAVE ('frame', 104)
701667BE	WCMV	7016679D	DISPLAY_CAVE	CONCAT-PIECE	b	EMIT			701667B9 701667BB 701667BD	[@ac2, 3] = [@0x70166621:0, "\x10\x09\x04"]	mixed	4	piece 2/2 of DISPLAY_CAVE ('frame', 104)
701667C7	WCMV	7016679D	DISPLAY_CAVE	COPY-STR-EXACT	b	EMIT				[@ac2, ac0] = [@ac3, ac1]	register	4	piece 1/1 of DISPLAY_CAVE ('frame', 196); copy-out of DISPLAY_CAVE ('frame', 104) (total MATCH)
701667D3	WCMV	7016679D	DISPLAY_CAVE	COPY-STR-EXACT	b	EMIT				[@ac2, ac0] = [@ac3, ac1]	register	4	piece 1/2 of DISPLAY_CAVE ('frame', 104)
701667D9	WCMV	7016679D	DISPLAY_CAVE	CONCAT-PIECE	b	EMIT			701667D4 701667D6 701667D8	[@ac2, 2] = [@0x7016661D:0, "\x1A\x19"]	mixed	4	piece 2/2 of DISPLAY_CAVE ('frame', 104)
701667E2	WCMV	7016679D	DISPLAY_CAVE	COPY-STR-EXACT	b	EMIT				[@ac2, ac0] = [@ac3, ac1]	register	4	piece 1/1 of DISPLAY_CAVE ('frame', 280); copy-out of DISPLAY_CAVE ('frame', 104) (total MATCH)
701667F5	WCMV	701667ED	DISPLAY_CAVE	ASSIGN-STR-VARYING-PAD	b	EMIT			701667F0 701667F3	[@0x70000A4F:0, ac0] = [@bp(ac3, 0x118), ac1]	mixed	5	copy-out of DISPLAY_CAVE ('frame', 280) (total MATCH)
70166813	WCMV	701667F8	DISPLAY_CAVE	COPY-STR-EXACT	b	EMIT				[@ac2, ac0] = [@0x70000A4F:0, ac1]	mixed	4	piece 1/2 of DISPLAY_CAVE ('frame', 16)
70166819	WCMV	701667F8	DISPLAY_CAVE	CONCAT-PIECE	b	EMIT			70166814 70166816 70166818	[@ac2, 3] = [@0x70166621:0, "\x10\x09\x04"]	mixed	4	piece 2/2 of DISPLAY_CAVE ('frame', 16)
70166822	WCMV	701667F8	DISPLAY_CAVE	COPY-STR-EXACT	b	EMIT				[@ac2, ac0] = [@ac3, ac1]	register	4	piece 1/1 of DISPLAY_CAVE ('frame', 104); copy-out of DISPLAY_CAVE ('frame', 16) (total MATCH)
7016682E	WCMV	701667F8	DISPLAY_CAVE	COPY-STR-EXACT	b	EMIT				[@ac2, ac0] = [@ac3, ac1]	register	4	piece 1/2 of DISPLAY_CAVE ('frame', 280); copy-out of DISPLAY_CAVE ('frame', 104) (total MATCH)
70166834	WCMV	701667F8	DISPLAY_CAVE	CONCAT-PIECE	b	EMIT			7016682F 70166831 70166833	[@ac2, 2] = [@0x7016661D:0, "\x1A\x19"]	mixed	4	piece 2/2 of DISPLAY_CAVE ('frame', 280)
7016683D	WCMV	701667F8	DISPLAY_CAVE	COPY-STR-EXACT	b	EMIT				[@ac2, ac0] = [@ac3, ac1]	register	4	piece 1/1 of DISPLAY_CAVE ('frame', 104)
70166850	WCMV	70166848	DISPLAY_CAVE	ASSIGN-STR-VARYING-PAD	b	EMIT			7016684B 7016684E	[@0x70000A4F:0, ac0] = [@bp(ac3, 104), ac1]	mixed	5	copy-out of DISPLAY_CAVE ('frame', 104) (total MATCH)
70166874	WCMV	70166859	DISPLAY_CAVE	COPY-STR-EXACT	b	EMIT				[@ac2, ac0] = [@0x70000A4F:0, ac1]	mixed	4	piece 1/2 of DISPLAY_CAVE ('frame', 16)
7016687A	WCMV	70166859	DISPLAY_CAVE	CONCAT-PIECE	b	EMIT			70166875 70166877 70166879	[@ac2, 3] = [@0x70166623:0, "\x10\x0E\x04"]	mixed	4	piece 2/2 of DISPLAY_CAVE ('frame', 16)
70166883	WCMV	70166859	DISPLAY_CAVE	COPY-STR-EXACT	b	EMIT				[@ac2, ac0] = [@ac3, ac1]	register	4	piece 1/1 of DISPLAY_CAVE ('frame', 196); copy-out of DISPLAY_CAVE ('frame', 16) (total MATCH)
7016688F	WCMV	70166859	DISPLAY_CAVE	COPY-STR-EXACT	b	EMIT				[@ac2, ac0] = [@ac3, ac1]	register	4	piece 1/2 of DISPLAY_CAVE ('frame', 104)
70166895	WCMV	70166859	DISPLAY_CAVE	CONCAT-PIECE	b	EMIT			70166890 70166892 70166894	[@ac2, 2] = [@0x7016661D:0, "\x1A\x19"]	mixed	4	piece 2/2 of DISPLAY_CAVE ('frame', 104)
7016689E	WCMV	70166859	DISPLAY_CAVE	COPY-STR-EXACT	b	EMIT				[@ac2, ac0] = [@ac3, ac1]	register	4	piece 1/1 of DISPLAY_CAVE ('frame', 280); copy-out of DISPLAY_CAVE ('frame', 104) (total MATCH)
701668B1	WCMV	701668A9	DISPLAY_CAVE	ASSIGN-STR-VARYING-PAD	b	EMIT			701668AC 701668AF	[@0x70000A4F:0, ac0] = [@bp(ac3, 0x118), ac1]	mixed	5	copy-out of DISPLAY_CAVE ('frame', 280) (total MATCH)
701668CF	WCMV	701668B4	DISPLAY_CAVE	COPY-STR-EXACT	b	EMIT				[@ac2, ac0] = [@0x70000A4F:0, ac1]	mixed	4	piece 1/2 of DISPLAY_CAVE ('frame', 16)
701668D5	WCMV	701668B4	DISPLAY_CAVE	CONCAT-PIECE	b	EMIT			701668D0 701668D2 701668D4	[@ac2, 3] = [@0x70166623:0, "\x10\x0E\x04"]	mixed	4	piece 2/2 of DISPLAY_CAVE ('frame', 16)
701668DE	WCMV	701668B4	DISPLAY_CAVE	COPY-STR-EXACT	b	EMIT				[@ac2, ac0] = [@ac3, ac1]	register	4	piece 1/1 of DISPLAY_CAVE ('frame', 196); copy-out of DISPLAY_CAVE ('frame', 16) (total MATCH)
701668EA	WCMV	701668B4	DISPLAY_CAVE	COPY-STR-EXACT	b	EMIT				[@ac2, ac0] = [@ac3, ac1]	register	4	piece 1/2 of DISPLAY_CAVE ('frame', 104)
701668F0	WCMV	701668B4	DISPLAY_CAVE	CONCAT-PIECE	b	EMIT			701668EB 701668ED 701668EF	[@ac2, 2] = [@0x7016661D:0, "\x1A\x19"]	mixed	4	piece 2/2 of DISPLAY_CAVE ('frame', 104)
701668F9	WCMV	701668B4	DISPLAY_CAVE	COPY-STR-EXACT	b	EMIT				[@ac2, ac0] = [@ac3, ac1]	register	4	piece 1/1 of DISPLAY_CAVE ('frame', 280); copy-out of DISPLAY_CAVE ('frame', 104) (total MATCH)
7016690C	WCMV	70166904	DISPLAY_CAVE	ASSIGN-STR-VARYING-PAD	b	EMIT			70166907 7016690A	[@0x70000A4F:0, ac0] = [@bp(ac3, 0x118), ac1]	mixed	5	copy-out of DISPLAY_CAVE ('frame', 280) (total MATCH)
7016694D	WCMV	7016693C	DISPLAY_CAVE	COPY-STR-EXACT	c	EMIT				[@ac2, ac0] = [@0x70000A4F:0, ac1]	mixed	4	piece 1/2 of DISPLAY_CAVE ('frame', 16)
70166953	WCMV	7016693C	DISPLAY_CAVE	CONCAT-PIECE	c	EMIT			7016694E 70166950 70166952	[@ac2, 3] = [@0x7016661F:0, "\x10\x0B\x05"]	mixed	4	piece 2/2 of DISPLAY_CAVE ('frame', 16)
701669BC	WCMV	701669AA	DISPLAY_CAVE	COPY-STR-EXACT	b	EMIT				[@ac2, ac0] = [@0x70000A4F:0, ac1]	mixed	4	piece 1/2 of DISPLAY_CAVE ('frame', 16)
701669C2	WCMV	701669AA	DISPLAY_CAVE	CONCAT-PIECE	b	EMIT			701669BD 701669BF 701669C1	[@ac2, 3] = [@0x70166625:0, "\x10\x0A\x06"]	mixed	4	piece 2/2 of DISPLAY_CAVE ('frame', 16)
701669CB	WCMV	701669AA	DISPLAY_CAVE	COPY-STR-EXACT	b	EMIT				[@ac2, ac0] = [@ac3, ac1]	register	4	piece 1/2 of DISPLAY_CAVE ('frame', 104); copy-out of DISPLAY_CAVE ('frame', 16) (total MATCH)
701669D1	WCMV	701669AA	DISPLAY_CAVE	CONCAT-PIECE	b	EMIT			701669CC 701669CE 701669D0	[@ac2, 4] = [@0x7016661B:0, "...."]	mixed	4	piece 2/2 of DISPLAY_CAVE ('frame', 104)
701669E1	WCMV	701669D9	DISPLAY_CAVE	ASSIGN-STR-VARYING-PAD	b	EMIT			701669DC 701669DF	[@0x70000A4F:0, ac0] = [@bp(ac3, 104), ac1]	mixed	5	copy-out of DISPLAY_CAVE ('frame', 104) (total MATCH)
701669F6	WCMV	701669E4	DISPLAY_CAVE	COPY-STR-EXACT	b	EMIT				[@ac2, ac0] = [@0x70000A4F:0, ac1]	mixed	4	piece 1/2 of DISPLAY_CAVE ('frame', 16)
701669FC	WCMV	701669E4	DISPLAY_CAVE	CONCAT-PIECE	b	EMIT			701669F7 701669F9 701669FB	[@ac2, 3] = [@0x70166625:0, "\x10\x0A\x06"]	mixed	4	piece 2/2 of DISPLAY_CAVE ('frame', 16)
70166A05	WCMV	701669E4	DISPLAY_CAVE	COPY-STR-EXACT	b	EMIT				[@ac2, ac0] = [@ac3, ac1]	register	4	piece 1/2 of DISPLAY_CAVE ('frame', 104); copy-out of DISPLAY_CAVE ('frame', 16) (total MATCH)
70166A0B	WCMV	701669E4	DISPLAY_CAVE	CONCAT-PIECE	b	EMIT			70166A06 70166A08 70166A0A	[@ac2, 4] = [@0x70166619:0, "----"]	mixed	4	piece 2/2 of DISPLAY_CAVE ('frame', 104)
70166A1B	WCMV	70166A13	DISPLAY_CAVE	ASSIGN-STR-VARYING-PAD	b	EMIT			70166A16 70166A19	[@0x70000A4F:0, ac0] = [@bp(ac3, 104), ac1]	mixed	5	copy-out of DISPLAY_CAVE ('frame', 104) (total MATCH)
70166A4A	WCMP	70166A3E	DISPLAY_CAVE	-	-	EMIT			70166A44 70166A47	ac1 = cmp([@0x70000A4F:0, ac1], [@0x70000A78, varying])	mixed	6	
70166DB8	WCMV	70166DB2	DISPLAY_SCREEN	ASSIGN-STR-VARYING-PAD+SUBSTR	?	EMIT				[@ac2, ac0] = [@ac3, ac1]	register	5	
70166EF1	WCMV	70166EF1	DISPLAY_SCREEN	CONCAT-PIECE	?	EMIT				[@ac2, ac0] = [@ac3, ac1]	mixed	6	piece 1/1 of DISPLAY_SCREEN ('frame', 478)
70166FC4	WCMV	70166FC4	DISPLAY_SCREEN	CONCAT-PIECE	?	EMIT				[@ac2, ac0] = [@ac3, ac1]	mixed	6	piece 1/1 of DISPLAY_SCREEN ('frame', 478)
70166FE5	WCMV	70166FD9	DISPLAY_SCREEN	COPY-STR-EXACT+SUBSTR	c	EMIT			70166FE3	[@ac2, ac0] = [@bp(ac3, 22), ac1]	mixed	5	piece 1/1 of DISPLAY_SCREEN None
70167081	WCMP	7016707B	DISPLAY_SCREEN	-	-	EMIT			7016707C 7016707F	ac1 = cmp([@bp(ac3, 0x4D6), ac1], [@0x70000AA2, varying])	mixed	6	
7016708E	WCMV	70167085	DISPLAY_SCREEN	COPY-STR-EXACT	b	EMIT			70167089 7016708C	[@0x70000AA2:0, ac0] = [@bp(ac3, 0x4D4), ac1]	mixed	6	piece 1/1 of DISPLAY_SCREEN ('static', 1879050914, 0)
7016710B	WCMV	701670FF	DISPLAY_SCREEN	COPY-LIT-EXACT	a	EMIT			70167108 7016710A	[@bp(ac3, 0x840), 4] = [@0x70166A79:0, "    "]	expr	4	piece 1/2 of DISPLAY_SCREEN ('frame', 2112)
70167112	WCMV	701670FF	DISPLAY_SCREEN	CONCAT-PIECE	a	EMIT			7016710D 7016710F 70167111	[@ac2, sx16(M16[wp(ac3, 18)])] = [@wp(ac3, 18), varying]	mixed	4	piece 2/2 of DISPLAY_SCREEN ('frame', 2112)
7016711E	WCMV	7016711E	DISPLAY_SCREEN	ASSIGN-STR-MIN	a	EMIT				[@ac2, ac0] = [@ac3, 39]	mixed	5	copy-out of DISPLAY_SCREEN ('frame', 2112) (total MATCH)
70167127	WCMV	70167127	DISPLAY_SCREEN	CONCAT-PIECE	a	EMIT				[@ac2, ac0] = [@0x7015155A:0, ac1]	mixed	6	piece 1/1 of DISPLAY_SCREEN ('frame', 38)
7016713B	WCMP	70167135	DISPLAY_SCREEN	-	-	EMIT			70167136 70167139	ac1 = cmp([@bp(ac3, 38), ac1], [@0x70000C1E, varying])	mixed	6	copy-out of DISPLAY_SCREEN ('frame', 38) (MISMATCH)
7016715F	WCMV	70167156	DISPLAY_SCREEN	COPY-STR-EXACT	b	EMIT			7016715A 7016715D	[@0x70000C1E:0, ac0] = [@bp(ac3, 36), ac1]	mixed	6	piece 1/1 of DISPLAY_SCREEN ('static', 1879051294, 0)
701671D9	WCMV	701671C5	DISPLAY_SCREEN	COPY-LIT-EXACT	a	EMIT			701671D2 701671D4 701671D6 701671D8	[@bp(ac3, 0x840), 12] = [@0x70166A73:0, "    City of "]	expr	4	piece 1/2 of DISPLAY_SCREEN ('frame', 2112)
701671E5	WCMV	701671C5	DISPLAY_SCREEN	CONCAT-PIECE+CALLRESULT	a	EMIT				[@ac2, ac0] = [@ac3, ac1]	register	6	piece 2/2 of DISPLAY_SCREEN ('frame', 2112)
701671F1	WCMV	701671F1	DISPLAY_SCREEN	ASSIGN-STR-MIN+CALLRESULT	a	EMIT				[@ac2, ac0] = [@ac3, 39]	mixed	6	copy-out of DISPLAY_SCREEN ('frame', 2112) (total MATCH)
701671FA	WCMV	701671FA	DISPLAY_SCREEN	CONCAT-PIECE+CALLRESULT	a	EMIT				[@ac2, ac0] = [@0x7015155A:0, ac1]	mixed	6	piece 1/1 of DISPLAY_SCREEN ('frame', 38)
70167278	WCMV	7016726D	DISPLAY_SCREEN	COPY-STR-EXACT	b	EMIT			70167271 70167272 70167275	[@0x70000C44:0, (sx16(M16[0x70000C34]) + 2)] = [@0x70000C34:0, (sx16(M16[0x70000C34]) + 2)]	expr	4	piece 1/1 of DISPLAY_SCREEN ('static', 1879051332, 0)
701672CB	WCMV	701672BF	DISPLAY_SCREEN	COPY-LIT-EXACT	a	EMIT			701672C4 701672C6 701672C8 701672CA	[@bp(ac3, 0x840), 5] = [@0x70166A6F:0, "    ["]	expr	4	piece 1/2 of DISPLAY_SCREEN ('frame', 2112)
701672D3	WCMV	701672BF	DISPLAY_SCREEN	CONCAT-PIECE	a	EMIT			701672CC 701672CF 701672D2	[@ac2, sx16(M16[0x70000C34])] = [@0x70000C34, varying]	mixed	4	piece 2/2 of DISPLAY_SCREEN ('frame', 2112)
701672DC	WCMV	701672BF	DISPLAY_SCREEN	COPY-STR-EXACT	a	EMIT			701672D5 701672D7 701672D9 701672DB	[@bp(ac3, 0x86C), (sx16(M16[0x70000C34]) + 5)] = [@bp(ac3, 0x840), (sx16(M16[0x70000C34]) + 5)]	expr	4	piece 1/1 of DISPLAY_SCREEN ('frame', 2156)
701672EB	WCMV	701672EB	DISPLAY_SCREEN	ASSIGN-STR-MIN	a	EMIT				[@ac2, ac0] = [@ac3, 39]	mixed	5	copy-out of DISPLAY_SCREEN ('frame', 2156) (total MATCH)
701672F4	WCMV	701672F4	DISPLAY_SCREEN	CONCAT-PIECE	a	EMIT				[@ac2, ac0] = [@0x7015155A:0, ac1]	mixed	6	piece 1/1 of DISPLAY_SCREEN ('frame', 38)
70167683	WCMV	70167673	DISPLAY_INVENTORY	COPY-STR-EXACT+CALLRESULT	?	EMIT			7016767B 7016767C 7016767E 70167680	[@bp(ac3, 12), (sx16(M16[((sx16(M16[wp(ac3, 2)]) * 9) - 0xFFFFCFB)]) + 2)] = [@bp((sx16(M16[wp(ac3, 2)]) * 9), -0x1FFFF9F6), (sx16(M16[((sx16(M16[wp(ac3, 2)]) * 9) - 0xFFFFCFB)]) + 2)]	expr	6	piece 1/1 of DISPLAY_INVENTORY ('frame', 12)
7016769A	WCMV	7016768A	DISPLAY_INVENTORY	COPY-STR-EXACT+CALLRESULT	?	EMIT			70167692 70167693 70167695 70167697	[@bp(ac3, 12), (sx16(M16[((sx16(M16[wp(ac3, 2)]) * 9) - 0xFFFFA73)]) + 2)] = [@bp((sx16(M16[wp(ac3, 2)]) * 9), -0x1FFFF4E6), (sx16(M16[((sx16(M16[wp(ac3, 2)]) * 9) - 0xFFFFA73)]) + 2)]	expr	6	piece 1/1 of DISPLAY_INVENTORY ('frame', 12)
701676D9	WCMV	701676C8	DISPLAY_INVENTORY	COPY-STR-EXACT	a	EMIT			701676D4 701676D6 701676D8	[@bp(ac3, 89), sx16(M16[wp(ac3, 6)])] = [@wp(ac3, 6), varying]	expr	4	piece 1/1 of DISPLAY_INVENTORY ('frame', 89)
701676E5	WCMV	701676E5	DISPLAY_INVENTORY	ASSIGN-STR-MIN	c	EMIT				[@ac2, ac0] = [@ac3, 30]	mixed	5	
70167719	WCMV	70167707	DISPLAY_INVENTORY	COPY-STR-EXACT	a	EMIT			70167716 70167718	[@bp(ac3, 88), sx16(M16[wp(ac3, 6)])] = [@wp(ac3, 6), varying]	expr	4	piece 1/1 of DISPLAY_INVENTORY ('frame', 88)
70167728	WCMV	70167728	DISPLAY_INVENTORY	ASSIGN-STR-MIN	c	EMIT				[@ac2, ac0] = [@ac3, 30]	mixed	5	copy-out of DISPLAY_INVENTORY ('frame', 88) (total MATCH)
70167734	WCMV	70167734	DISPLAY_INVENTORY	CONCAT-PIECE	c	EMIT				[@ac2, ac0] = [@bp((sx16(M16[0x70000C68]) * 4), -0x1FD5E9E6), ac1]	mixed	6	piece 1/1 of DISPLAY_INVENTORY ('frame', 14)
701678B0	WCMV	7016789B	DISPLAY_INVENTORY	COPY-LIT-EXACT	a	EMIT			701678AB 701678AD 701678AF	[@bp(ac3, 88), 2] = [@0x70167426:0, " ["]	expr	4	piece 1/2 of DISPLAY_INVENTORY ('frame', 88)
701678BB	WCMV	7016789B	DISPLAY_INVENTORY	CONCAT-PIECE+CALLRESULT	a	EMIT				[@ac2, ac0] = [@ac3, ac1]	register	6	piece 2/2 of DISPLAY_INVENTORY ('frame', 88)
701678C8	WCMV	7016789B	DISPLAY_INVENTORY	ASSIGN-STR-VARYING+CALLRESULT	a	EMIT				[@ac2, ac0] = [@ac3, ac1]	register	6	copy-out of DISPLAY_INVENTORY ('frame', 88) (total MATCH)
701678F4	WCMV	701678E2	DISPLAY_INVENTORY	COPY-LIT-EXACT	a	EMIT			701678F1 701678F3	[@bp(ac3, 156), 10] = [@0x7016741F:0, "Strength \x0B"]	expr	4	piece 1/2 of DISPLAY_INVENTORY ('frame', 156)
701678FB	WCMV	701678E2	DISPLAY_INVENTORY	CONCAT-PIECE	a	EMIT			701678F6 701678F8 701678FA	[@ac2, sx16(M16[wp(ac3, 60)])] = [@wp(ac3, 60), varying]	mixed	4	piece 2/2 of DISPLAY_INVENTORY ('frame', 156)
70167904	WCMV	701678E2	DISPLAY_INVENTORY	COPY-STR-EXACT	a	EMIT			701678FD 701678FF 70167901 70167903	[@bp(ac3, 200), (sx16(M16[wp(ac3, 60)]) + 10)] = [@bp(ac3, 156), (sx16(M16[wp(ac3, 60)]) + 10)]	expr	4	piece 1/2 of DISPLAY_INVENTORY ('frame', 200)
7016790B	WCMV	701678E2	DISPLAY_INVENTORY	CONCAT-PIECE	a	EMIT			70167906 70167908 7016790A	[@ac2, sx16(M16[wp(ac3, 6)])] = [@wp(ac3, 6), varying]	mixed	4	piece 2/2 of DISPLAY_INVENTORY ('frame', 200)
70167916	WCMV	701678E2	DISPLAY_INVENTORY	ASSIGN-STR-VARYING	a	EMIT			7016790D 7016790F 70167910 70167912 70167914	[@wp(ac3, 136), (sx16(M16[wp(ac3, 60)]) + sx16(M16[wp(ac3, 6)]) + 10) varying] = [@bp(ac3, 200), (sx16(M16[wp(ac3, 60)]) + sx16(M16[wp(ac3, 6)]) + 10)]	expr	5	copy-out of DISPLAY_INVENTORY ('frame', 200) (total MATCH)
7016797B	WCMV	7016796E	DISPLAY_INVENTORY	COPY-LIT-EXACT	a	EMIT			70167976 70167978 7016797A	[@bp(ac3, 156), 8] = [@0x7016741B:0, "Wealth \x0B"]	expr	4	piece 1/2 of DISPLAY_INVENTORY ('frame', 156)
70167982	WCMV	7016796E	DISPLAY_INVENTORY	CONCAT-PIECE	a	EMIT			7016797D 7016797F 70167981	[@ac2, sx16(M16[wp(ac3, 60)])] = [@wp(ac3, 60), varying]	mixed	4	piece 2/2 of DISPLAY_INVENTORY ('frame', 156)
7016798D	WCMV	7016796E	DISPLAY_INVENTORY	ASSIGN-STR-VARYING	a	EMIT			70167984 70167986 70167987 70167989 7016798B	[@wp(ac3, 100), (sx16(M16[wp(ac3, 60)]) + 8) varying] = [@bp(ac3, 156), (sx16(M16[wp(ac3, 60)]) + 8)]	expr	5	copy-out of DISPLAY_INVENTORY ('frame', 156) (total MATCH)
70167A34	WCMV	70167A27	DISPLAY_INVENTORY	COPY-LIT-EXACT	a	EMIT			70167A2F 70167A31 70167A33	[@bp(ac3, 200), 18] = [@0x70167407:0, "Experience level \x0B"]	expr	4	piece 1/2 of DISPLAY_INVENTORY ('frame', 200)
70167A3B	WCMV	70167A27	DISPLAY_INVENTORY	CONCAT-PIECE	a	EMIT			70167A36 70167A38 70167A3A	[@ac2, sx16(M16[wp(ac3, 60)])] = [@wp(ac3, 60), varying]	mixed	4	piece 2/2 of DISPLAY_INVENTORY ('frame', 200)
70167A46	WCMV	70167A27	DISPLAY_INVENTORY	ASSIGN-STR-VARYING	a	EMIT			70167A3D 70167A3F 70167A40 70167A42 70167A44	[@wp(ac3, 136), (sx16(M16[wp(ac3, 60)]) + 18) varying] = [@bp(ac3, 200), (sx16(M16[wp(ac3, 60)]) + 18)]	expr	5	copy-out of DISPLAY_INVENTORY ('frame', 200) (total MATCH)
70167AA9	WCMV	70167A9C	DISPLAY_INVENTORY	COPY-LIT-EXACT	a	EMIT			70167AA4 70167AA6 70167AA8	[@bp(ac3, 200), 20] = [@0x701673FD:0, "Intelligence level \x0B"]	expr	4	piece 1/2 of DISPLAY_INVENTORY ('frame', 200)
70167AB0	WCMV	70167A9C	DISPLAY_INVENTORY	CONCAT-PIECE	a	EMIT			70167AAB 70167AAD 70167AAF	[@ac2, sx16(M16[wp(ac3, 60)])] = [@wp(ac3, 60), varying]	mixed	4	piece 2/2 of DISPLAY_INVENTORY ('frame', 200)
70167ABB	WCMV	70167A9C	DISPLAY_INVENTORY	ASSIGN-STR-VARYING	a	EMIT			70167AB2 70167AB4 70167AB5 70167AB7 70167AB9	[@wp(ac3, 136), (sx16(M16[wp(ac3, 60)]) + 20) varying] = [@bp(ac3, 200), (sx16(M16[wp(ac3, 60)]) + 20)]	expr	5	copy-out of DISPLAY_INVENTORY ('frame', 200) (total MATCH)
70167B40	WCMV	70167B33	DISPLAY_INVENTORY	COPY-LIT-EXACT	a	EMIT			70167B3B 70167B3D 70167B3F	[@bp(ac3, 156), 8] = [@0x701673F9:0, "Vision \x0B"]	expr	4	piece 1/2 of DISPLAY_INVENTORY ('frame', 156)
70167B47	WCMV	70167B33	DISPLAY_INVENTORY	CONCAT-PIECE	a	EMIT			70167B42 70167B44 70167B46	[@ac2, sx16(M16[wp(ac3, 60)])] = [@wp(ac3, 60), varying]	mixed	4	piece 2/2 of DISPLAY_INVENTORY ('frame', 156)
70167B52	WCMV	70167B33	DISPLAY_INVENTORY	ASSIGN-STR-VARYING	a	EMIT			70167B49 70167B4B 70167B4C 70167B4E 70167B50	[@wp(ac3, 100), (sx16(M16[wp(ac3, 60)]) + 8) varying] = [@bp(ac3, 156), (sx16(M16[wp(ac3, 60)]) + 8)]	expr	5	copy-out of DISPLAY_INVENTORY ('frame', 156) (total MATCH)
70167BB1	WCMV	70167BA4	DISPLAY_INVENTORY	COPY-LIT-EXACT	a	EMIT			70167BAC 70167BAE 70167BB0	[@bp(ac3, 200), 14] = [@0x701673F1:0, ", Perception \x0B"]	expr	4	piece 1/2 of DISPLAY_INVENTORY ('frame', 200)
70167BB8	WCMV	70167BA4	DISPLAY_INVENTORY	CONCAT-PIECE	a	EMIT			70167BB3 70167BB5 70167BB7	[@ac2, sx16(M16[wp(ac3, 60)])] = [@wp(ac3, 60), varying]	mixed	4	piece 2/2 of DISPLAY_INVENTORY ('frame', 200)
70167BC3	WCMV	70167BA4	DISPLAY_INVENTORY	ASSIGN-STR-VARYING	a	EMIT			70167BBA 70167BBC 70167BBD 70167BBF 70167BC1	[@wp(ac3, 136), (sx16(M16[wp(ac3, 60)]) + 14) varying] = [@bp(ac3, 200), (sx16(M16[wp(ac3, 60)]) + 14)]	expr	5	copy-out of DISPLAY_INVENTORY ('frame', 200) (total MATCH)
70167C16	WCMV	70167C09	DISPLAY_INVENTORY	COPY-LIT-EXACT	a	EMIT			70167C11 70167C13 70167C15	[@bp(ac3, 200), 13] = [@0x701673E9:0, "Quest level \x0B"]	expr	4	piece 1/2 of DISPLAY_INVENTORY ('frame', 200)
70167C1D	WCMV	70167C09	DISPLAY_INVENTORY	CONCAT-PIECE	a	EMIT			70167C18 70167C1A 70167C1C	[@ac2, sx16(M16[wp(ac3, 60)])] = [@wp(ac3, 60), varying]	mixed	4	piece 2/2 of DISPLAY_INVENTORY ('frame', 200)
70167C28	WCMV	70167C09	DISPLAY_INVENTORY	ASSIGN-STR-VARYING	a	EMIT			70167C1F 70167C21 70167C22 70167C24 70167C26	[@wp(ac3, 136), (sx16(M16[wp(ac3, 60)]) + 13) varying] = [@bp(ac3, 200), (sx16(M16[wp(ac3, 60)]) + 13)]	expr	5	copy-out of DISPLAY_INVENTORY ('frame', 200) (total MATCH)
70167CAD	WCMV	70167CA0	DISPLAY_INVENTORY	COPY-LIT-EXACT	a	EMIT			70167CA8 70167CAA 70167CAC	[@bp(ac3, 200), 19] = [@0x701673DF:0, "Number of castles \x0B"]	expr	4	piece 1/2 of DISPLAY_INVENTORY ('frame', 200)
70167CB4	WCMV	70167CA0	DISPLAY_INVENTORY	CONCAT-PIECE	a	EMIT			70167CAF 70167CB1 70167CB3	[@ac2, sx16(M16[wp(ac3, 60)])] = [@wp(ac3, 60), varying]	mixed	4	piece 2/2 of DISPLAY_INVENTORY ('frame', 200)
70167CBF	WCMV	70167CA0	DISPLAY_INVENTORY	ASSIGN-STR-VARYING	a	EMIT			70167CB6 70167CB8 70167CB9 70167CBB 70167CBD	[@wp(ac3, 136), (sx16(M16[wp(ac3, 60)]) + 19) varying] = [@bp(ac3, 200), (sx16(M16[wp(ac3, 60)]) + 19)]	expr	5	copy-out of DISPLAY_INVENTORY ('frame', 200) (total MATCH)
70167D4D	WCMV	70167D40	DISPLAY_INVENTORY	COPY-LIT-EXACT	a	EMIT			70167D48 70167D4A 70167D4C	[@bp(ac3, 200), 15] = [@0x701673CB:0, "Dragons slain \x0B"]	expr	4	piece 1/2 of DISPLAY_INVENTORY ('frame', 200)
70167D54	WCMV	70167D40	DISPLAY_INVENTORY	CONCAT-PIECE	a	EMIT			70167D4F 70167D51 70167D53	[@ac2, sx16(M16[wp(ac3, 60)])] = [@wp(ac3, 60), varying]	mixed	4	piece 2/2 of DISPLAY_INVENTORY ('frame', 200)
70167D5F	WCMV	70167D40	DISPLAY_INVENTORY	ASSIGN-STR-VARYING	a	EMIT			70167D56 70167D58 70167D59 70167D5B 70167D5D	[@wp(ac3, 136), (sx16(M16[wp(ac3, 60)]) + 15) varying] = [@bp(ac3, 200), (sx16(M16[wp(ac3, 60)]) + 15)]	expr	5	copy-out of DISPLAY_INVENTORY ('frame', 200) (total MATCH)
70167EA4	WCMV	70167E98	DISPLAY_INVENTORY	COPY-LIT-EXACT	?	EMIT			70167EA2	[@bp(ac3, 22), ac0] = [@0x701673B5:0, ac1]	mixed	4	piece 1/1 of DISPLAY_INVENTORY ('frame', 22)
70167EBD	WCMV	70167EB1	DISPLAY_INVENTORY	COPY-LIT-EXACT	?	EMIT			70167EBB	[@bp(ac3, 22), ac0] = [@0x701673B1:0, ac1]	mixed	4	piece 1/1 of DISPLAY_INVENTORY ('frame', 22)
70167EE1	WCMV	70167ED5	DISPLAY_INVENTORY	COPY-LIT-EXACT+SUBSTR	a	EMIT			70167EDF	[@ac2, ac0] = [@0x701673AF:0, ac1]	mixed	5	piece 1/1 of DISPLAY_INVENTORY None
70167F05	WCMV	70167EF9	DISPLAY_INVENTORY	COPY-LIT-EXACT+SUBSTR	a	EMIT			70167F03	[@ac2, ac0] = [@0x701673AD:0, ac1]	mixed	5	piece 1/1 of DISPLAY_INVENTORY None
70167F29	WCMV	70167F1D	DISPLAY_INVENTORY	COPY-LIT-EXACT+SUBSTR	a	EMIT			70167F27	[@ac2, ac0] = [@0x701673AB:0, ac1]	mixed	5	piece 1/1 of DISPLAY_INVENTORY None
70167FD1	WCMV	70167FC1	DISPLAY_INVENTORY	COPY-LIT-EXACT	a	EMIT			70167FCC 70167FCE 70167FD0	[@bp(ac3, 156), 10] = [@0x701673A5:0, "Arrows - \x0B"]	expr	4	piece 1/2 of DISPLAY_INVENTORY ('frame', 156)
70167FD8	WCMV	70167FC1	DISPLAY_INVENTORY	CONCAT-PIECE	a	EMIT			70167FD3 70167FD5 70167FD7	[@ac2, sx16(M16[wp(ac3, 60)])] = [@wp(ac3, 60), varying]	mixed	4	piece 2/2 of DISPLAY_INVENTORY ('frame', 156)
70167FE1	WCMV	70167FC1	DISPLAY_INVENTORY	COPY-STR-EXACT	a	EMIT			70167FDA 70167FDC 70167FDE 70167FE0	[@bp(ac3, 200), (sx16(M16[wp(ac3, 60)]) + 10)] = [@bp(ac3, 156), (sx16(M16[wp(ac3, 60)]) + 10)]	expr	4	piece 1/1 of DISPLAY_INVENTORY ('frame', 200)
70167FEF	WCMV	70167FC1	DISPLAY_INVENTORY	ASSIGN-STR-VARYING	a	EMIT			70167FE6 70167FE8 70167FE9 70167FEB 70167FED	[@wp(ac3, 136), (sx16(M16[wp(ac3, 60)]) + 11) varying] = [@bp(ac3, 200), (sx16(M16[wp(ac3, 60)]) + 11)]	expr	5	copy-out of DISPLAY_INVENTORY ('frame', 200) (total MATCH)
70168055	WCMV	70168048	DISPLAY_INVENTORY	COPY-LIT-EXACT	a	EMIT			70168050 70168052 70168054	[@bp(ac3, 156), 10] = [@0x7016739F:0, "Poison - \x0B"]	expr	4	piece 1/2 of DISPLAY_INVENTORY ('frame', 156)
7016805C	WCMV	70168048	DISPLAY_INVENTORY	CONCAT-PIECE	a	EMIT			70168057 70168059 7016805B	[@ac2, sx16(M16[wp(ac3, 60)])] = [@wp(ac3, 60), varying]	mixed	4	piece 2/2 of DISPLAY_INVENTORY ('frame', 156)
70168067	WCMV	70168048	DISPLAY_INVENTORY	ASSIGN-STR-VARYING	a	EMIT			7016805E 70168060 70168061 70168063 70168065	[@wp(ac3, 100), (sx16(M16[wp(ac3, 60)]) + 10) varying] = [@bp(ac3, 156), (sx16(M16[wp(ac3, 60)]) + 10)]	expr	5	copy-out of DISPLAY_INVENTORY ('frame', 156) (total MATCH)
7016812B	WCMV	70168117	DISPLAY_INVENTORY	COPY-LIT-EXACT	b	EMIT			70168128 7016812A	[@bp(ac3, 156), 9] = [@0x70167373:0, "carrying "]	expr	4	piece 1/2 of DISPLAY_INVENTORY ('frame', 156)
70168136	WCMV	70168117	DISPLAY_INVENTORY	CONCAT-PIECE+CALLRESULT	b	EMIT				[@ac2, ac0] = [@ac3, ac1]	register	6	piece 2/2 of DISPLAY_INVENTORY ('frame', 156)
70168143	WCMV	70168117	DISPLAY_INVENTORY	ASSIGN-STR-VARYING+CALLRESULT	b	EMIT			7016813E 70168141	[@0x7000021D:0, ac0] = [@bp(ac3, 156), ac1]	mixed	6	copy-out of DISPLAY_INVENTORY ('frame', 156) (total MATCH)
7016819A	WCMV	7016818C	DISPLAY_INVENTORY	COPY-LIT-EXACT	a	EMIT			70168195 70168197 70168199	[@bp(ac3, 0x15C), 9] = [@0x7016736D:0, "You are \x0B"]	expr	4	piece 1/2 of DISPLAY_INVENTORY ('frame', 348)
701681A2	WCMV	7016818C	DISPLAY_INVENTORY	CONCAT-PIECE	a	EMIT			7016819B 7016819E 701681A1	[@ac2, sx16(M16[0x7000021C])] = [@0x7000021C, varying]	mixed	4	piece 2/2 of DISPLAY_INVENTORY ('frame', 348)
701681AD	WCMV	7016818C	DISPLAY_INVENTORY	ASSIGN-STR-VARYING	a	EMIT			701681A4 701681A6 701681A7 701681A9 701681AB	[@wp(ac3, 246), (sx16(M16[0x7000021C]) + 9) varying] = [@bp(ac3, 0x15C), (sx16(M16[0x7000021C]) + 9)]	expr	5	copy-out of DISPLAY_INVENTORY ('frame', 348) (total MATCH)
701684B5	WCMV	701684A1	DISPLAY_INVENTORY	COPY-LIT-EXACT	a	EMIT			701684B0 701684B2 701684B4	[@bp(ac3, 156), 11] = [@0x7016732B:0, "Wind from \x0B"]	expr	4	piece 1/2 of DISPLAY_INVENTORY ('frame', 156)
701684BC	WCMV	701684A1	DISPLAY_INVENTORY	CONCAT-PIECE	a	EMIT			701684B7 701684B9 701684BB	[@ac2, sx16(M16[wp(ac3, 6)])] = [@wp(ac3, 6), varying]	mixed	4	piece 2/2 of DISPLAY_INVENTORY ('frame', 156)
701684C5	WCMV	701684A1	DISPLAY_INVENTORY	COPY-STR-EXACT	a	EMIT			701684BE 701684C0 701684C2 701684C4	[@bp(ac3, 200), (sx16(M16[wp(ac3, 6)]) + 11)] = [@bp(ac3, 156), (sx16(M16[wp(ac3, 6)]) + 11)]	expr	4	piece 1/2 of DISPLAY_INVENTORY ('frame', 200)
701684CB	WCMV	701684A1	DISPLAY_INVENTORY	CONCAT-PIECE	a	EMIT			701684C6 701684C8 701684CA	[@ac2, 3] = [@0x70167329:0, " - "]	mixed	4	piece 2/2 of DISPLAY_INVENTORY ('frame', 200)
701684E7	WCMV	701684D6	DISPLAY_INVENTORY	COPY-STR-EXACT	a	EMIT			701684E4 701684E6	[@bp(ac3, 0x110), (sx16(M16[wp(ac3, 6)]) + 14)] = [@bp(ac3, 200), (sx16(M16[wp(ac3, 6)]) + 14)]	expr	4	piece 1/2 of DISPLAY_INVENTORY ('frame', 272); copy-out of DISPLAY_INVENTORY ('frame', 200) (total MATCH)
701684EE	WCMV	701684D6	DISPLAY_INVENTORY	CONCAT-PIECE+SUBSTR	a	EMIT			701684EB 701684ED	[@ac2, 20] = [@(0x70151578:0 + (sx16(M16[(M32[0x70000212] + 0x10221C)]) * 20)), 20]	mixed	5	piece 2/2 of DISPLAY_INVENTORY ('frame', 272)
701684F9	WCMV	701684D6	DISPLAY_INVENTORY	ASSIGN-STR-VARYING	a	EMIT			701684F0 701684F2 701684F3 701684F5 701684F7	[@wp(ac3, 100), (sx16(M16[wp(ac3, 6)]) + 34) varying] = [@bp(ac3, 0x110), (sx16(M16[wp(ac3, 6)]) + 34)]	expr	5	copy-out of DISPLAY_INVENTORY ('frame', 272) (total MATCH)
70168619	WCMV	70168602	DISPLAY_FLASK	COPY-LIT-EXACT	a	EMIT			70168614 70168616 70168618	[@bp(ac3, 48), 5] = [@0x70168521:0, "\x0B    "]	expr	4	piece 1/2 of DISPLAY_FLASK ('frame', 48)
70168624	WCMV	70168602	DISPLAY_FLASK	CONCAT-PIECE	a	EMIT			7016861B 7016861D 70168620 70168623	[@ac2, sx16(M16[((sx16(M16[wp(ac3, 2)]) * 11) - 0xFFFF26E)])] = [@bp((sx16(M16[wp(ac3, 2)]) * 11), -0x1FFFE4DA), sx16(M16[((sx16(M16[wp(ac3, 2)]) * 11) - 0xFFFF26E)])]	mixed	4	piece 2/2 of DISPLAY_FLASK ('frame', 48)
7016862D	WCMV	70168602	DISPLAY_FLASK	COPY-STR-EXACT	a	EMIT			70168626 70168628 7016862A 7016862C	[@bp(ac3, 76), (sx16(M16[((sx16(M16[wp(ac3, 2)]) * 11) - 0xFFFF26E)]) + 5)] = [@bp(ac3, 48), (sx16(M16[((sx16(M16[wp(ac3, 2)]) * 11) - 0xFFFF26E)]) + 5)]	expr	4	piece 1/1 of DISPLAY_FLASK ('frame', 76); copy-out of DISPLAY_FLASK ('frame', 48) (total MATCH)
7016863B	WCMV	70168602	DISPLAY_FLASK	ASSIGN-STR-VARYING	a	EMIT			70168632 70168634 70168635 70168637 70168639	[@wp(ac3, 24), (sx16(M16[((sx16(M16[wp(ac3, 2)]) * 11) - 0xFFFF26E)]) + 6) varying] = [@bp(ac3, 76), (sx16(M16[((sx16(M16[wp(ac3, 2)]) * 11) - 0xFFFF26E)]) + 6)]	expr	5	copy-out of DISPLAY_FLASK ('frame', 76) (total MATCH)
70168668	WCMV	70168660	DISPLAY_FLASK	COPY-STR-EXACT	a	EMIT			70168663 70168664 70168666	[@bp(ac3, 44), (sx16(M16[wp(ac3, 18)]) + 2)] = [@bp(ac3, 36), (sx16(M16[wp(ac3, 18)]) + 2)]	expr	4	piece 1/1 of DISPLAY_FLASK ('frame', 44)
70168C22	WCMV	70168C12	DROP	COPY-LIT-EXACT	a	EMIT			70168C1D 70168C1F 70168C21	[@bp(ac3, 152), 51] = [@0x70168931:0, "\x0BThe castle maximum strength has been increased by "]	expr	4	piece 1/2 of DROP ('frame', 152)
70168C29	WCMV	70168C12	DROP	CONCAT-PIECE	a	EMIT			70168C24 70168C26 70168C28	[@ac2, sx16(M16[wp(ac3, 22)])] = [@wp(ac3, 22), varying]	mixed	4	piece 2/2 of DROP ('frame', 152)
70168C32	WCMV	70168C12	DROP	COPY-STR-EXACT	a	EMIT			70168C2B 70168C2D 70168C2F 70168C31	[@bp(ac3, 236), (sx16(M16[wp(ac3, 22)]) + 51)] = [@bp(ac3, 152), (sx16(M16[wp(ac3, 22)]) + 51)]	expr	4	piece 1/1 of DROP ('frame', 236); copy-out of DROP ('frame', 152) (total MATCH)
70168C40	WCMV	70168C12	DROP	ASSIGN-STR-VARYING	a	EMIT			70168C37 70168C39 70168C3A 70168C3C 70168C3E	[@wp(ac3, 160), (sx16(M16[wp(ac3, 22)]) + 52) varying] = [@bp(ac3, 236), (sx16(M16[wp(ac3, 22)]) + 52)]	expr	5	copy-out of DROP ('frame', 236) (total MATCH)
7016A012	WCMV	7016A002	FIRE	COPY-LIT-EXACT	a	EMIT			7016A00D 7016A00F 7016A011	[@bp(ac3, 92), 35] = [@0x70169C63:0, "\x0BA flaming arrow heads towards the "]	expr	4	piece 1/2 of FIRE ('frame', 92)
7016A019	WCMV	7016A002	FIRE	CONCAT-PIECE	a	EMIT			7016A014 7016A016 7016A018	[@ac2, sx16(M16[wp(ac3, 18)])] = [@wp(ac3, 18), varying]	mixed	4	piece 2/2 of FIRE ('frame', 92)
7016A022	WCMV	7016A002	FIRE	COPY-STR-EXACT	a	EMIT			7016A01B 7016A01D 7016A01F 7016A021	[@bp(ac3, 148), (sx16(M16[wp(ac3, 18)]) + 35)] = [@bp(ac3, 92), (sx16(M16[wp(ac3, 18)]) + 35)]	expr	4	piece 1/1 of FIRE ('frame', 148); copy-out of FIRE ('frame', 92) (total MATCH)
7016A030	WCMV	7016A002	FIRE	ASSIGN-STR-VARYING	a	EMIT			7016A027 7016A029 7016A02A 7016A02C 7016A02E	[@wp(ac3, 46), (sx16(M16[wp(ac3, 18)]) + 36) varying] = [@bp(ac3, 148), (sx16(M16[wp(ac3, 18)]) + 36)]	expr	5	copy-out of FIRE ('frame', 148) (total MATCH)
7016A05F	WCMV	7016A04F	FIRE	COPY-LIT-EXACT	a	EMIT			7016A05A 7016A05C 7016A05E	[@bp(ac3, 48), 5] = [@0x70169C5F:0, "\x0BThe "]	expr	4	piece 1/2 of FIRE ('frame', 48)
7016A066	WCMV	7016A04F	FIRE	CONCAT-PIECE	a	EMIT			7016A061 7016A063 7016A065	[@ac2, sx16(M16[wp(ac3, 18)])] = [@wp(ac3, 18), varying]	mixed	4	piece 2/2 of FIRE ('frame', 48)
7016A06F	WCMV	7016A04F	FIRE	COPY-STR-EXACT	a	EMIT			7016A068 7016A06A 7016A06C 7016A06E	[@bp(ac3, 92), (sx16(M16[wp(ac3, 18)]) + 5)] = [@bp(ac3, 48), (sx16(M16[wp(ac3, 18)]) + 5)]	expr	4	piece 1/2 of FIRE ('frame', 92)
7016A075	WCMV	7016A04F	FIRE	CONCAT-PIECE	a	EMIT			7016A070 7016A072 7016A074	[@ac2, 15] = [@0x70169C57:0, " is destroyed!\x0A"]	mixed	4	piece 2/2 of FIRE ('frame', 92)
7016A080	WCMV	7016A04F	FIRE	ASSIGN-STR-VARYING+CALLRESULT	a	EMIT			7016A07C 7016A07E	[@bp(ac3, 50), ac0] = [@bp(ac3, 92), ac1]	mixed	6	copy-out of FIRE ('frame', 92) (total MATCH)
7016A10A	WCMV	7016A0F3	FIRE	COPY-LIT-EXACT	a	EMIT			7016A107 7016A109	[@bp(ac3, 48), 3] = [@0x70169C4D:0, "\x0BA "]	expr	4	piece 1/2 of FIRE ('frame', 48)
7016A111	WCMV	7016A0F3	FIRE	CONCAT-PIECE	a	EMIT			7016A10C 7016A10E 7016A110	[@ac2, sx16(M16[wp(ac3, 18)])] = [@wp(ac3, 18), varying]	mixed	4	piece 2/2 of FIRE ('frame', 48)
7016A11A	WCMV	7016A0F3	FIRE	COPY-STR-EXACT	a	EMIT			7016A113 7016A115 7016A117 7016A119	[@bp(ac3, 224), (sx16(M16[wp(ac3, 18)]) + 3)] = [@bp(ac3, 48), (sx16(M16[wp(ac3, 18)]) + 3)]	expr	4	piece 1/2 of FIRE ('frame', 224); copy-out of FIRE ('frame', 48) (total MATCH)
7016A120	WCMV	7016A0F3	FIRE	CONCAT-PIECE	a	EMIT			7016A11B 7016A11D 7016A11F	[@ac2, 25] = [@0x70169C3F:0, " arrow heads towards the "]	mixed	4	piece 2/2 of FIRE ('frame', 224)
7016A129	WCMV	7016A0F3	FIRE	COPY-STR-EXACT	a	EMIT			7016A122 7016A124 7016A126 7016A128	[@bp(ac3, 0x104), (sx16(M16[wp(ac3, 18)]) + 28)] = [@bp(ac3, 224), (sx16(M16[wp(ac3, 18)]) + 28)]	expr	4	piece 1/2 of FIRE ('frame', 260)
7016A134	WCMV	7016A0F3	FIRE	CONCAT-PIECE+CALLRESULT	a	EMIT			7016A12B 7016A12D 7016A130 7016A133	[@ac2, sx16(M16[((sx16(M16[wp(ac3, 8)]) * 12) - 0xFFFFD9A)])] = [@bp((sx16(M16[wp(ac3, 8)]) * 12), -0x1FFFFB32), sx16(M16[((sx16(M16[wp(ac3, 8)]) * 12) - 0xFFFFD9A)])]	mixed	6	piece 2/2 of FIRE ('frame', 260)
7016A13D	WCMV	7016A0F3	FIRE	COPY-STR-EXACT+CALLRESULT	a	EMIT			7016A136 7016A138 7016A13A 7016A13C	[@bp(ac3, 0x140), (sx16(M16[wp(ac3, 18)]) + sx16(M16[((sx16(M16[wp(ac3, 8)]) * 12) - 0xFFFFD9A)]) + 28)] = [@bp(ac3, 0x104), (sx16(M16[wp(ac3, 18)]) + sx16(M16[((sx16(M16[wp(ac3, 8)]) * 12) - 0xFFFFD9A)]) + 28)]	expr	6	piece 1/2 of FIRE ('frame', 320)
7016A143	WCMV	7016A0F3	FIRE	CONCAT-PIECE	a	EMIT			7016A13E 7016A140 7016A142	[@ac2, 2] = [@0x70169C3E:0, ".\x0A"]	mixed	4	piece 2/2 of FIRE ('frame', 320)
7016A14E	WCMV	7016A0F3	FIRE	ASSIGN-STR-VARYING+CALLRESULT	a	EMIT			7016A145 7016A147 7016A148 7016A14A 7016A14C	[@wp(ac3, 190), (sx16(M16[wp(ac3, 18)]) + sx16(M16[((sx16(M16[wp(ac3, 8)]) * 12) - 0xFFFFD9A)]) + 30) varying] = [@bp(ac3, 0x140), (sx16(M16[wp(ac3, 18)]) + sx16(M16[((sx16(M16[wp(ac3, 8)]) * 12) - 0xFFFFD9A)]) + 30)]	expr	6	copy-out of FIRE ('frame', 320) (total MATCH)
7016A205	WCMV	7016A1F4	FIRE	COPY-LIT-EXACT	a	EMIT			7016A200 7016A202 7016A204	[@bp(ac3, 92), 15] = [@0x70169C29:0, "\x0BYou have done "]	expr	4	piece 1/2 of FIRE ('frame', 92)
7016A20C	WCMV	7016A1F4	FIRE	CONCAT-PIECE	a	EMIT			7016A207 7016A209 7016A20B	[@ac2, sx16(M16[wp(ac3, 112)])] = [@wp(ac3, 112), varying]	mixed	4	piece 2/2 of FIRE ('frame', 92)
7016A215	WCMV	7016A1F4	FIRE	COPY-STR-EXACT	a	EMIT			7016A20E 7016A210 7016A212 7016A214	[@bp(ac3, 148), (sx16(M16[wp(ac3, 112)]) + 15)] = [@bp(ac3, 92), (sx16(M16[wp(ac3, 112)]) + 15)]	expr	4	piece 1/2 of FIRE ('frame', 148); copy-out of FIRE ('frame', 92) (total MATCH)
7016A21B	WCMV	7016A1F4	FIRE	CONCAT-PIECE	a	EMIT			7016A216 7016A218 7016A21A	[@ac2, 25] = [@0x70169C1B:0, " strength points damage.\x0A"]	mixed	4	piece 2/2 of FIRE ('frame', 148)
7016A226	WCMV	7016A1F4	FIRE	ASSIGN-STR-VARYING	a	EMIT			7016A21D 7016A21F 7016A220 7016A222 7016A224	[@wp(ac3, 222), (sx16(M16[wp(ac3, 112)]) + 40) varying] = [@bp(ac3, 148), (sx16(M16[wp(ac3, 112)]) + 40)]	expr	5	copy-out of FIRE ('frame', 148) (total MATCH)
7016A265	WCMV	7016A249	FIRE	COPY-LIT-EXACT	a	EMIT			7016A262 7016A264	[@bp(ac3, 224), 3] = [@0x70169C4D:0, "\x0BA "]	expr	4	piece 1/2 of FIRE ('frame', 224)
7016A26C	WCMV	7016A249	FIRE	CONCAT-PIECE	a	EMIT			7016A267 7016A269 7016A26B	[@ac2, sx16(M16[wp(ac3, 18)])] = [@wp(ac3, 18), varying]	mixed	4	piece 2/2 of FIRE ('frame', 224)
7016A275	WCMV	7016A249	FIRE	COPY-STR-EXACT	a	EMIT			7016A26E 7016A270 7016A272 7016A274	[@bp(ac3, 0x140), (sx16(M16[wp(ac3, 18)]) + 3)] = [@bp(ac3, 224), (sx16(M16[wp(ac3, 18)]) + 3)]	expr	4	piece 1/2 of FIRE ('frame', 320)
7016A27B	WCMV	7016A249	FIRE	CONCAT-PIECE	a	EMIT			7016A276 7016A278 7016A27A	[@ac2, 32] = [@0x70169C0B:0, " arrow heads towards the wizard "]	mixed	4	piece 2/2 of FIRE ('frame', 320)
7016A28B	WCMV	7016A249	FIRE	COPY-STR-EXACT	a	EMIT			7016A284 7016A286 7016A288 7016A28A	[@bp(ac3, 148), (sx16(M16[wp(ac3, 18)]) + 35)] = [@bp(ac3, 0x140), (sx16(M16[wp(ac3, 18)]) + 35)]	expr	4	piece 1/2 of FIRE ('frame', 148); copy-out of FIRE ('frame', 320) (total MATCH)
7016A297	WCMV	7016A249	FIRE	CONCAT-PIECE+CALLRESULT	a	EMIT			7016A292 7016A294 7016A296	[@ac2, sx16(M16[((sx16(M16[wp(ac3, 8)]) * 686) + M32[0x70000210] - 0x271)])] = [@((sx16(M16[wp(ac3, 8)]) * 686) + M32[0x70000210] - 0x271), varying]	mixed	6	piece 2/2 of FIRE ('frame', 148)
7016A2A0	WCMV	7016A249	FIRE	COPY-STR-EXACT+CALLRESULT	a	EMIT			7016A299 7016A29B 7016A29D 7016A29F	[@bp(ac3, 0x208), (sx16(M16[wp(ac3, 18)]) + sx16(M16[((sx16(M16[wp(ac3, 8)]) * 686) + M32[0x70000210] - 0x271)]) + 35)] = [@bp(ac3, 148), (sx16(M16[wp(ac3, 18)]) + sx16(M16[((sx16(M16[wp(ac3, 8)]) * 686) + M32[0x70000210] - 0x271)]) + 35)]	expr	6	piece 1/2 of FIRE ('frame', 520)
7016A2A6	WCMV	7016A249	FIRE	CONCAT-PIECE	a	EMIT			7016A2A1 7016A2A3 7016A2A5	[@ac2, 2] = [@0x70169C3E:0, ".\x0A"]	mixed	4	piece 2/2 of FIRE ('frame', 520)
7016A2B1	WCMV	7016A249	FIRE	ASSIGN-STR-VARYING+CALLRESULT	a	EMIT			7016A2A8 7016A2AA 7016A2AB 7016A2AD 7016A2AF	[@wp(ac3, 300), (sx16(M16[wp(ac3, 18)]) + sx16(M16[((sx16(M16[wp(ac3, 8)]) * 686) + M32[0x70000210] - 0x271)]) + 37) varying] = [@bp(ac3, 0x208), (sx16(M16[wp(ac3, 18)]) + sx16(M16[((sx16(M16[wp(ac3, 8)]) * 686) + M32[0x70000210] - 0x271)]) + 37)]	expr	6	copy-out of FIRE ('frame', 520) (total MATCH)
7016A329	WCMV	7016A318	FIRE	COPY-LIT-EXACT	a	EMIT			7016A324 7016A326 7016A328	[@bp(ac3, 92), 15] = [@0x70169C29:0, "\x0BYou have done "]	expr	4	piece 1/2 of FIRE ('frame', 92)
7016A330	WCMV	7016A318	FIRE	CONCAT-PIECE	a	EMIT			7016A32B 7016A32D 7016A32F	[@ac2, sx16(M16[wp(ac3, 112)])] = [@wp(ac3, 112), varying]	mixed	4	piece 2/2 of FIRE ('frame', 92)
7016A339	WCMV	7016A318	FIRE	COPY-STR-EXACT	a	EMIT			7016A332 7016A334 7016A336 7016A338	[@bp(ac3, 148), (sx16(M16[wp(ac3, 112)]) + 15)] = [@bp(ac3, 92), (sx16(M16[wp(ac3, 112)]) + 15)]	expr	4	piece 1/2 of FIRE ('frame', 148); copy-out of FIRE ('frame', 92) (total MATCH)
7016A33F	WCMV	7016A318	FIRE	CONCAT-PIECE	a	EMIT			7016A33A 7016A33C 7016A33E	[@ac2, 25] = [@0x70169C1B:0, " strength points damage.\x0A"]	mixed	4	piece 2/2 of FIRE ('frame', 148)
7016A34A	WCMV	7016A318	FIRE	ASSIGN-STR-VARYING	a	EMIT			7016A341 7016A343 7016A344 7016A346 7016A348	[@wp(ac3, 222), (sx16(M16[wp(ac3, 112)]) + 40) varying] = [@bp(ac3, 148), (sx16(M16[wp(ac3, 112)]) + 40)]	expr	5	copy-out of FIRE ('frame', 148) (total MATCH)
7016A519	WCMV	7016A501	FIRE	COPY-LIT-EXACT	a	EMIT			7016A516 7016A518	[@bp(ac3, 12), 5] = [@0x70169C5F:0, "\x0BThe "]	expr	4	piece 1/2 of FIRE ('frame', 12)
7016A524	WCMV	7016A501	FIRE	CONCAT-PIECE	a	EMIT				[@ac2, ac0] = [@ac3, ac1]	register	4	piece 2/2 of FIRE ('frame', 12)
7016A52D	WCMV	7016A501	FIRE	COPY-STR-EXACT	a	EMIT				[@ac2, ac0] = [@ac3, ac1]	register	4	piece 1/2 of FIRE ('frame', 48)
7016A533	WCMV	7016A501	FIRE	CONCAT-PIECE	a	EMIT			7016A52E 7016A530 7016A532	[@ac2, 18] = [@0x70169BE5:0, " has been killed!\x0A"]	mixed	4	piece 2/2 of FIRE ('frame', 48)
7016A53E	WCMV	7016A501	FIRE	ASSIGN-STR-VARYING	a	EMIT			7016A53A 7016A53C	[@bp(ac3, 98), ac0] = [@bp(ac3, 48), ac1]	mixed	5	copy-out of FIRE ('frame', 48) (total MATCH)
7016A689	WCMV	7016A671	FIRE	COPY-LIT-EXACT	a	EMIT			7016A686 7016A688	[@bp(ac3, 144), 66] = [@0x70169BC3:0, "\x0BYour skill as a dragon slayer has given you an alliance with the "]	expr	4	piece 1/2 of FIRE ('frame', 144)
7016A694	WCMV	7016A671	FIRE	CONCAT-PIECE	a	EMIT			7016A68B 7016A68D 7016A690 7016A693	[@ac2, sx16(M16[((M32[(M32[wp(ac3, -6)] + 14)] * 12) - 0xFFFFD9A)])] = [@bp((M32[(M32[wp(ac3, -6)] + 14)] * 12), -0x1FFFFB32), sx16(M16[((M32[(M32[wp(ac3, -6)] + 14)] * 12) - 0xFFFFD9A)])]	mixed	4	piece 2/2 of FIRE ('frame', 144)
7016A69D	WCMV	7016A671	FIRE	COPY-STR-EXACT	a	EMIT			7016A696 7016A698 7016A69A 7016A69C	[@bp(ac3, 232), (sx16(M16[((M32[(M32[wp(ac3, -6)] + 14)] * 12) - 0xFFFFD9A)]) + 66)] = [@bp(ac3, 144), (sx16(M16[((M32[(M32[wp(ac3, -6)] + 14)] * 12) - 0xFFFFD9A)]) + 66)]	expr	4	piece 1/2 of FIRE ('frame', 232); copy-out of FIRE ('frame', 144) (total MATCH)
7016A6A3	WCMV	7016A671	FIRE	CONCAT-PIECE	a	EMIT			7016A69E 7016A6A0 7016A6A2	[@ac2, 6] = [@0x70169BBF:0, " kind."]	mixed	4	piece 2/2 of FIRE ('frame', 232)
7016A6AE	WCMV	7016A671	FIRE	ASSIGN-STR-VARYING	a	EMIT			7016A6A5 7016A6A7 7016A6A8 7016A6AA 7016A6AC	[@wp(ac3, 164), (sx16(M16[((M32[(M32[wp(ac3, -6)] + 14)] * 12) - 0xFFFFD9A)]) + 72) varying] = [@bp(ac3, 232), (sx16(M16[((M32[(M32[wp(ac3, -6)] + 14)] * 12) - 0xFFFFD9A)]) + 72)]	expr	5	copy-out of FIRE ('frame', 232) (total MATCH)
7016B5ED	WCMV	7016B5DC	GET_QUEST	COPY-LIT-EXACT	a	EMIT			7016B5E6 7016B5E8 7016B5EA 7016B5EC	[@bp(ac3, 0x4E8), 152] = [@0x7016B40D:0, "You must now prove your royality by seeking out and\x0Aobtaining the following 5 royal objects: \x0Asignet ring, great seal, scepter, golden orb, and \x0Acrown. "]	expr	4	piece 1/2 of GET_QUEST ('frame', 1256)
7016B5F3	WCMV	7016B5DC	GET_QUEST	CONCAT-PIECE	a	EMIT			7016B5EE 7016B5F0 7016B5F2	[@ac2, 94] = [@0x7016B3DD:0, "After these objects are in your possession \x0Ayou must claim a castle for your own.\x0AGood Luck!\x0A\x0A"]	mixed	4	piece 2/2 of GET_QUEST ('frame', 1256)
7016B678	WCMV	7016B671	GET_QUEST	COPY-LIT-EXACT	a	EMIT			7016B671 7016B673 7016B675 7016B677	[@bp(ac3, 0x6D8), 160] = [@0x7016B343:0, "You are now ranked as a Quest Master. To prove yourself\x0Aworthy of the title, you must venture into the heart\x0Aof Death's Demenses and return alive to the safety\x0A"]	expr	4	piece 1/2 of GET_QUEST ('frame', 1752)
7016B67E	WCMV	7016B671	GET_QUEST	CONCAT-PIECE	a	EMIT			7016B679 7016B67B 7016B67D	[@ac2, 125] = [@0x7016B303:0, "of one of your own castles with a Staff of the Dark Lord.\x0AWarning: A staff of the Dark Lord can cause unusual\x0Aside effects.\x0A\x0A"]	mixed	4	piece 2/2 of GET_QUEST ('frame', 1752)
7016B6C5	WCMV	7016B6BE	GET_QUEST	COPY-LIT-EXACT	a	EMIT			7016B6BE 7016B6C0 7016B6C2 7016B6C4	[@bp(ac3, 0x4E8), 109] = [@0x7016B2CB:0, "You have successfully proven your skill as a quest master.\x0AYour next four quests will involve the collection\x0A"]	expr	4	piece 1/2 of GET_QUEST ('frame', 1256)
7016B6CB	WCMV	7016B6BE	GET_QUEST	CONCAT-PIECE	a	EMIT			7016B6C6 7016B6C8 7016B6CA	[@ac2, 112] = [@0x7016B293:0, "of three trilogies and a master volume. The first trilogy\x0Ais entitled 'The Lore of the Earth'. To complete this\x0A"]	mixed	4	piece 2/2 of GET_QUEST ('frame', 1256)
7016B6D4	WCMV	7016B6BE	GET_QUEST	COPY-STR-EXACT	a	EMIT			7016B6CD 7016B6CF 7016B6D1 7016B6D3	[@bp(ac3, 0x918), 221] = [@bp(ac3, 0x4E8), 221]	expr	4	piece 1/2 of GET_QUEST ('frame', 2328); copy-out of GET_QUEST ('frame', 1256) (total MATCH)
7016B6DA	WCMV	7016B6BE	GET_QUEST	CONCAT-PIECE	a	EMIT			7016B6D5 7016B6D7 7016B6D9	[@ac2, 110] = [@0x7016B25B:0, "task you must collect all three different volumes of the\x0Afirst trilogy and bring them to one of your castles.\x0A"]	mixed	4	piece 2/2 of GET_QUEST ('frame', 2328)
7016B71C	WCMV	7016B70C	GET_QUEST	COPY-LIT-EXACT	a	EMIT			7016B715 7016B717 7016B719 7016B71B	[@bp(ac3, 0x6D8), 114] = [@0x7016B221:0, "The second trilogy is entitled 'The Lore of the Wind'.\x0ATo complete this task you must collect all three different\x0A"]	expr	4	piece 1/2 of GET_QUEST ('frame', 1752)
7016B722	WCMV	7016B70C	GET_QUEST	CONCAT-PIECE	a	EMIT			7016B71D 7016B71F 7016B721	[@ac2, 153] = [@0x7016B1D3:0, "volumes of the second trilogy and bring them to one of your\x0Acastles. The second trilogy can not be obtained without the\x0Afirst trilogy in your posession.\x0A"]	mixed	4	piece 2/2 of GET_QUEST ('frame', 1752)
7016B757	WCMV	7016B746	GET_QUEST	COPY-LIT-EXACT	a	EMIT			7016B750 7016B752 7016B754 7016B756	[@bp(ac3, 0x6D8), 113] = [@0x7016B199:0, "The third trilogy is entitled 'The Lore of the Fire'.\x0ATo complete this task you must collect all three different\x0A"]	expr	4	piece 1/2 of GET_QUEST ('frame', 1752)
7016B75D	WCMV	7016B746	GET_QUEST	CONCAT-PIECE	a	EMIT			7016B758 7016B75A 7016B75C	[@ac2, 164] = [@0x7016B147:0, "volumes of the third trilogy and bring them to one of your\x0Acastles. The third trilogy can not be obtained without the\x0Afirst and second trilogies in your posession.\x0A"]	mixed	4	piece 2/2 of GET_QUEST ('frame', 1752)
7016B790	WCMV	7016B77F	GET_QUEST	COPY-LIT-EXACT	a	EMIT			7016B789 7016B78B 7016B78D 7016B78F	[@bp(ac3, 0x4E8), 111] = [@0x7016B10F:0, "Congratulations!  You own all three trilogies. Now you\x0Amust find the master volume to complete the last of the\x0A"]	expr	4	piece 1/2 of GET_QUEST ('frame', 1256)
7016B796	WCMV	7016B77F	GET_QUEST	CONCAT-PIECE	a	EMIT			7016B791 7016B793 7016B795	[@ac2, 99] = [@0x7016B0DD:0, "trilogy quests. The master volume can not be obtained without\x0Aall the trilogies in your posession.\x0A"]	mixed	4	piece 2/2 of GET_QUEST ('frame', 1256)
7016B881	WCMV	7016B860	GET_QUEST	COPY-LIT-EXACT	c	EMIT			7016B87E 7016B880	[@bp(ac3, 0x4E8), 23] = [@0x7016B0D1:0, "The beautiful princess "]	expr	4	piece 1/2 of GET_QUEST ('frame', 1256)
7016B88C	WCMV	7016B860	GET_QUEST	CONCAT-PIECE+CALLRESULT	c	EMIT				[@ac2, ac0] = [@ac3, ac1]	register	6	piece 2/2 of GET_QUEST ('frame', 1256)
7016B895	WCMV	7016B860	GET_QUEST	COPY-STR-EXACT+CALLRESULT	c	EMIT				[@ac2, ac0] = [@ac3, ac1]	register	6	piece 1/2 of GET_QUEST ('frame', 1504)
7016B89B	WCMV	7016B860	GET_QUEST	CONCAT-PIECE	c	EMIT			7016B896 7016B898 7016B89A	[@ac2, 163] = [@0x7016B07F:0, " has been abducted by evil Lord of Zorn,\x0Awho has imprisoned her in his impervious hold. Your quest is\x0Ato rescue the princess and return her to her home castle in \x0A"]	mixed	4	piece 2/2 of GET_QUEST ('frame', 1504)
7016B92B	WCMV	7016B91A	GET_QUEST	COPY-LIT-EXACT	a	EMIT			7016B924 7016B926 7016B928 7016B92A	[@bp(ac3, 0x4E8), 46] = [@0x7016B067:0, "The legend of Albion the giant is as follows:\x0A"]	expr	4	piece 1/2 of GET_QUEST ('frame', 1256)
7016B931	WCMV	7016B91A	GET_QUEST	CONCAT-PIECE	a	EMIT			7016B92C 7016B92E 7016B930	[@ac2, 166] = [@0x7016B013:0, "    Albion the giant is feared throughout the land. No\x0A    known arcane or physical harm can befall him. He can\x0A    only be defeated if the attacker holds a shard of\x0A"]	mixed	4	piece 2/2 of GET_QUEST ('frame', 1256)
7016B93A	WCMV	7016B91A	GET_QUEST	COPY-STR-EXACT	a	EMIT			7016B933 7016B935 7016B937 7016B939	[@bp(ac3, 0xBB4), 212] = [@bp(ac3, 0x4E8), 212]	expr	4	piece 1/2 of GET_QUEST ('frame', 2996); copy-out of GET_QUEST ('frame', 1256) (total MATCH)
7016B940	WCMV	7016B91A	GET_QUEST	CONCAT-PIECE	a	EMIT			7016B93B 7016B93D 7016B93F	[@ac2, 180] = [@0x7016AFB9:0, "    the crystal of Albion. The crystal was destroyed many\x0A    eons ago, but fragments remain on the island of Isenmark\x0A    located somewhere in the ocean north of Dragonia. Albion\x0A"]	mixed	4	piece 2/2 of GET_QUEST ('frame', 2996)
7016B949	WCMV	7016B91A	GET_QUEST	COPY-STR-EXACT	a	EMIT			7016B942 7016B944 7016B946 7016B948	[@bp(ac3, 0xD3C), 0x188] = [@bp(ac3, 0xBB4), 0x188]	expr	4	piece 1/2 of GET_QUEST ('frame', 3388); copy-out of GET_QUEST ('frame', 2996) (total MATCH)
7016B94F	WCMV	7016B91A	GET_QUEST	CONCAT-PIECE	a	EMIT			7016B94A 7016B94C 7016B94E	[@ac2, 175] = [@0x7016AF61:0, "    is immortal and posesses the ability to teleport to his\x0A    fortress (located in East Sarell) when his will so\x0A    dictates. Only after you have defeated Albion in battle\x0A"]	mixed	4	piece 2/2 of GET_QUEST ('frame', 3388)
7016B958	WCMV	7016B91A	GET_QUEST	COPY-STR-EXACT	a	EMIT			7016B951 7016B953 7016B955 7016B957	[@bp(ac3, 0xF74), 0x237] = [@bp(ac3, 0xD3C), 0x237]	expr	4	piece 1/2 of GET_QUEST ('frame', 3956); copy-out of GET_QUEST ('frame', 3388) (total MATCH)
7016B95E	WCMV	7016B91A	GET_QUEST	CONCAT-PIECE	a	EMIT			7016B959 7016B95B 7016B95D	[@ac2, 162] = [@0x7016AF0F:0, "    is access granted to his fortress. Once in the fortress an\x0A    alliance can be made with him.\x0A\x0AYour next quest is\x0Ato form an alliance with Albion the giant.\x0A\x0A"]	mixed	4	piece 2/2 of GET_QUEST ('frame', 3956)
7016B9FA	WCMV	7016B9E9	GET_QUEST	COPY-LIT-EXACT	a	EMIT			7016B9F3 7016B9F5 7016B9F7 7016B9F9	[@bp(ac3, 0xBB4), 175] = [@0x7016ADD1:0, "Eons ago, a great horde of White Dragons terrorized the\x0Aterritory of Dragonia. They possessed mystical powers and\x0Awere feared by all. Sir Leonard the Bold was given the quest\x0A"]	expr	4	piece 1/2 of GET_QUEST ('frame', 2996)
7016BA00	WCMV	7016B9E9	GET_QUEST	CONCAT-PIECE	a	EMIT			7016B9FB 7016B9FD 7016B9FF	[@ac2, 178] = [@0x7016AD77:0, "to rid the land of the White Dragons. He wisely sought out\x0Athe great and powerful wizard (what else can wizards be?)\x0ATerrak who fashioned a charmed sword dubbed \x22Dragon Slayer.\x0A\x22"]	mixed	4	piece 2/2 of GET_QUEST ('frame', 2996)
7016BA09	WCMV	7016B9E9	GET_QUEST	COPY-STR-EXACT	a	EMIT			7016BA02 7016BA04 7016BA06 7016BA08	[@bp(ac3, 0xD3C), 0x161] = [@bp(ac3, 0xBB4), 0x161]	expr	4	piece 1/2 of GET_QUEST ('frame', 3388); copy-out of GET_QUEST ('frame', 2996) (total MATCH)
7016BA0F	WCMV	7016B9E9	GET_QUEST	CONCAT-PIECE	a	EMIT			7016BA0A 7016BA0C 7016BA0E	[@ac2, 179] = [@0x7016AD1D:0, "Terrak commanded Sir Leonard to cast \x22Dragon Slayer\x22 deep into\x0Athe bowels of the earth upon fulfillment of the quest. The\x0Abrave knight slayed all known White Dragons and kept his\x0A"]	mixed	4	piece 2/2 of GET_QUEST ('frame', 3388)
7016BA18	WCMV	7016B9E9	GET_QUEST	COPY-STR-EXACT	a	EMIT			7016BA11 7016BA13 7016BA15 7016BA17	[@bp(ac3, 0xF74), 0x214] = [@bp(ac3, 0xD3C), 0x214]	expr	4	piece 1/2 of GET_QUEST ('frame', 3956); copy-out of GET_QUEST ('frame', 3388) (total MATCH)
7016BA1E	WCMV	7016B9E9	GET_QUEST	CONCAT-PIECE	a	EMIT			7016BA19 7016BA1B 7016BA1D	[@ac2, 152] = [@0x7016ACD1:0, "commitment to the wizard. Unbeknownst to him, one White\x0ADragon survived. Your quest is to retrieve \x22Dragon Slayer\x22\x0Aand finish the task of Sir Leonard.\x0A\x0A"]	mixed	4	piece 2/2 of GET_QUEST ('frame', 3956)
7016BA53	WCMV	7016BA42	GET_QUEST	COPY-LIT-EXACT	a	EMIT			7016BA4C 7016BA4E 7016BA50 7016BA52	[@bp(ac3, 0xA64), 160] = [@0x7016AC81:0, "A great voice thunders from the heavens:\x0A\x0A\x22The heathen prince Bristle the Banisher has stolen from\x0Amy most holy temple the Silver Chalice.  This pagan has been\x0A"]	expr	4	piece 1/2 of GET_QUEST ('frame', 2660)
7016BA59	WCMV	7016BA42	GET_QUEST	CONCAT-PIECE	a	EMIT			7016BA54 7016BA56 7016BA58	[@ac2, 175] = [@0x7016AC29:0, "desecrating the holy symbol by employing it in his profane\x0Aand orgiastic rituals.  Your next quest, my child, is to\x0Asearch out the Banisher, defeat him in battle, and recover\x0A"]	mixed	4	piece 2/2 of GET_QUEST ('frame', 2660)
7016BA62	WCMV	7016BA42	GET_QUEST	COPY-STR-EXACT	a	EMIT			7016BA5B 7016BA5D 7016BA5F 7016BA61	[@bp(ac3, 0xD3C), 0x14F] = [@bp(ac3, 0xA64), 0x14F]	expr	4	piece 1/2 of GET_QUEST ('frame', 3388)
7016BA68	WCMV	7016BA42	GET_QUEST	CONCAT-PIECE	a	EMIT			7016BA63 7016BA65 7016BA67	[@ac2, 135] = [@0x7016ABE5:0, "the symbol.  Upon possession, it will guide you back to its\x0Arightful place on the altar of the temple by the Light of\x0ARighteousness.\x22\x0A\x0A"]	mixed	4	piece 2/2 of GET_QUEST ('frame', 3388)
7016BB0D	WCMV	7016BB06	GET_QUEST	COPY-LIT-EXACT	a	EMIT			7016BB06 7016BB08 7016BB0A 7016BB0C	[@bp(ac3, 0xA64), 160] = [@0x7016AB95:0, "No wizard is complete without a faithful familiar.\x0AThe next quest involves obtaining a familiar. To charm\x0Aa familiar requires knowlege of a spell and a potion.\x0A"]	expr	4	piece 1/2 of GET_QUEST ('frame', 2660)
7016BB13	WCMV	7016BB06	GET_QUEST	CONCAT-PIECE	a	EMIT			7016BB0E 7016BB10 7016BB12	[@ac2, 175] = [@0x7016AB3D:0, "Maldork, the mind flayer, has the information necessary, but\x0Ahe has been withholding it until you have reached this level.\x0AYou will need to obtain a magic flask to gather the\x0A"]	mixed	4	piece 2/2 of GET_QUEST ('frame', 2660)
7016BB1C	WCMV	7016BB06	GET_QUEST	COPY-STR-EXACT	a	EMIT			7016BB15 7016BB17 7016BB19 7016BB1B	[@bp(ac3, 0xBB4), 0x14F] = [@bp(ac3, 0xA64), 0x14F]	expr	4	piece 1/2 of GET_QUEST ('frame', 2996)
7016BB22	WCMV	7016BB06	GET_QUEST	CONCAT-PIECE	a	EMIT			7016BB1D 7016BB1F 7016BB21	[@ac2, 29] = [@0x7016AB2D:0, "ingredients for the potion.\x0A\x0A"]	mixed	4	piece 2/2 of GET_QUEST ('frame', 2996)
7016BC09	WCMV	7016BBE3	GET_QUEST	COPY-LIT-EXACT	c	EMIT			7016BC04 7016BC06 7016BC08	[@bp(ac3, 0x5E0), 26] = [@0x7016AB0B:0, "The people of the city of "]	expr	4	piece 1/2 of GET_QUEST ('frame', 1504)
7016BC15	WCMV	7016BBE3	GET_QUEST	CONCAT-PIECE	c	EMIT			7016BC10 7016BC12 7016BC14	[@ac2, sx16(M16[((sx16(M16[((sx16(M16[0x70000216]) * 686) + M32[0x70000210] + 43)]) * 19) + M32[0x70000212] + 0x7C2)])] = [@((sx16(M16[((sx16(M16[0x70000216]) * 686) + M32[0x70000210] + 43)]) * 19) + M32[0x70000212] + 0x7C2), varying]	mixed	4	piece 2/2 of GET_QUEST ('frame', 1504)
7016BC1E	WCMV	7016BBE3	GET_QUEST	COPY-STR-EXACT	c	EMIT			7016BC17 7016BC19 7016BC1B 7016BC1D	[@bp(ac3, 0x4E8), (sx16(M16[((sx16(M16[((sx16(M16[0x70000216]) * 686) + M32[0x70000210] + 43)]) * 19) + M32[0x70000212] + 0x7C2)]) + 26)] = [@bp(ac3, 0x5E0), (sx16(M16[((sx16(M16[((sx16(M16[0x70000216]) * 686) + M32[0x70000210] + 43)]) * 19) + M32[0x70000212] + 0x7C2)]) + 26)]	expr	4	piece 1/2 of GET_QUEST ('frame', 1256); copy-out of GET_QUEST ('frame', 1504) (total MATCH)
7016BC24	WCMV	7016BBE3	GET_QUEST	CONCAT-PIECE	c	EMIT			7016BC1F 7016BC21 7016BC23	[@ac2, 114] = [@0x7016AAD1:0, " are surrounded by\x0Aa magical barrier and are starving to death.\x0AYour quest is to bring 15 rations of food to them\x0A"]	mixed	4	piece 2/2 of GET_QUEST ('frame', 1256)
7016D5EA	WCMV	7016D5E3	HELP	COPY-LIT-EXACT	a	EMIT			7016D5E3 7016D5E5 7016D5E7 7016D5E9	[@bp(ac3, 0x150), 164] = [@0x7016D3F9:0, "     - level ground    ff  - forest    ww  - shallow water\x0A WW  - deep water      mm  - foothill  MM  - mountain\x0A x   - road            ++  - ford      !!  - cliff\x0A"]	expr	4	piece 1/2 of HELP ('frame', 336)
7016D5F0	WCMV	7016D5E3	HELP	CONCAT-PIECE	a	EMIT			7016D5EB 7016D5ED 7016D5EF	[@ac2, 150] = [@0x7016D3AD:0, " \x22\x22  - swamp           ()  - cave      .   - desert\x0A #   - catapult        %%  - boat      []  - transporter\x0A II  - magic barrier   ~~  - magic fog\x0A\x0A\x0A"]	mixed	4	piece 2/2 of HELP ('frame', 336)
7016D626	WCMV	7016D61F	HELP	COPY-LIT-EXACT	a	EMIT			7016D61F 7016D621 7016D623 7016D625	[@bp(ac3, 0x3C8), 217] = [@0x7016D2FB:0, "\x0C        Moving:\x0A\x0ATo move your character use either the cursor arrows\x0Aor the letters \x22N\x22, \x22S\x22, \x22E\x22 or \x22W\x22 to indicate the\x0Adirection to move. Home key will cause no movement.\x0A\x0A        Move Automatically:  [M command]\x0A\x0A"]	expr	4	piece 1/2 of HELP ('frame', 968)
7016D62C	WCMV	7016D61F	HELP	CONCAT-PIECE	a	EMIT			7016D627 7016D629 7016D62B	[@ac2, 248] = [@0x7016D27F:0, "To move automatically, input the direction and amount of moves\x0Adesired. This feature will move you double your input on roads,\x0Aand will end prematurely if you come in contact with an object\x0Aor being. ^C^A sequence will terminate a move automatic.\x0A\x0A"]	mixed	4	piece 2/2 of HELP ('frame', 968)
7016D64E	WCMV	7016D647	HELP	COPY-LIT-EXACT	a	EMIT			7016D647 7016D649 7016D64B 7016D64D	[@bp(ac3, 0x150), 142] = [@0x7016D237:0, "\x0C        Commands:\x0A\x0AThe escape key will exit quest.\x0AThe erase page key will refresh the screen.\x0A A     -  attack\x0A R     -  release an object.\x0A"]	expr	4	piece 1/2 of HELP ('frame', 336)
7016D654	WCMV	7016D647	HELP	CONCAT-PIECE	a	EMIT			7016D64F 7016D651 7016D653	[@ac2, 137] = [@0x7016D1F1:0, " T     -  take an object from your castle.\x0A M     -  move automatic\x22.\x0A D     -  display spells status.\x0A G     -  allow use of a spyglass\x0A"]	mixed	4	piece 2/2 of HELP ('frame', 336)
7016D65D	WCMV	7016D647	HELP	COPY-STR-EXACT	a	EMIT			7016D656 7016D658 7016D65A 7016D65C	[@bp(ac3, 0x3C8), 0x117] = [@bp(ac3, 0x150), 0x117]	expr	4	piece 1/2 of HELP ('frame', 968); copy-out of HELP ('frame', 336) (total MATCH)
7016D663	WCMV	7016D647	HELP	CONCAT-PIECE	a	EMIT			7016D65E 7016D660 7016D662	[@ac2, 125] = [@0x7016D1B1:0, " L     -  list all players, being allies or castle info.\x0A C     -  cast non-attack spell.\x0A Q     -  quit seiging any castle.\x0A"]	mixed	4	piece 2/2 of HELP ('frame', 968)
7016D66C	WCMV	7016D647	HELP	COPY-STR-EXACT	a	EMIT			7016D665 7016D667 7016D669 7016D66B	[@bp(ac3, 0x770), 0x194] = [@bp(ac3, 0x3C8), 0x194]	expr	4	piece 1/2 of HELP ('frame', 1904)
7016D672	WCMV	7016D647	HELP	CONCAT-PIECE	a	EMIT			7016D66D 7016D66F 7016D671	[@ac2, 119] = [@0x7016D175:0, " X     -  allow castle rename within a castle.\x0A K     -  allow killing off of player.\x0A F     -  fire bow or cross bow.\x0A"]	mixed	4	piece 2/2 of HELP ('frame', 1904)
7016D67B	WCMV	7016D647	HELP	COPY-STR-EXACT	a	EMIT			7016D674 7016D676 7016D678 7016D67A	[@bp(ac3, 0x97C), 0x20B] = [@bp(ac3, 0x770), 0x20B]	expr	4	piece 1/2 of HELP ('frame', 2428)
7016D681	WCMV	7016D647	HELP	CONCAT-PIECE	a	EMIT			7016D67C 7016D67E 7016D680	[@ac2, 134] = [@0x7016D131:0, " P     -  player alliances\x0A B     -  deal with backpack\x0A O     -  observe objects in your inventory\x0A ?     -  examine territory maps\x0A\x0A"]	mixed	4	piece 2/2 of HELP ('frame', 2428)
7016D6A3	WCMV	7016D69C	HELP	COPY-LIT-EXACT	a	EMIT			7016D69C 7016D69E 7016D6A0 7016D6A2	[@bp(ac3, 0x150), 139] = [@0x7016D0EB:0, "\x0C        Attacking: [A command]\x0A\x0AWhen attacking a being, you may cast, fight or ignore.\x0A\x0A\x14Cast\x15 enables you to utilizes one of your spells\x0A"]	expr	4	piece 1/2 of HELP ('frame', 336)
7016D6A9	WCMV	7016D69C	HELP	CONCAT-PIECE	a	EMIT			7016D6A4 7016D6A6 7016D6A8	[@ac2, 168] = [@0x7016D097:0, "available (see \x22Spells\x22). \x0A\x0A\x14Fight\x15 attacks the being with a proportionate strength hit.\x0A\x0A\x14Bargain\x15 allows you to attempt a deal.\x0A\x0A\x14Ignore\x15 allows you to exit Attack.\x0A\x0A"]	mixed	4	piece 2/2 of HELP ('frame', 336)
7016D7D7	WCMV	7016D7D0	HELP	COPY-LIT-EXACT	a	EMIT			7016D7D0 7016D7D2 7016D7D4 7016D7D6	[@bp(ac3, 100), 116] = [@0x7016CD55:0, "\x0A\x14Invisibility\x15     -  The fools the can no longer see you,\x0A                    but be wary of smarter opponents as\x0A"]	expr	4	piece 1/2 of HELP ('frame', 100)
7016D7DD	WCMV	7016D7D0	HELP	CONCAT-PIECE	a	EMIT			7016D7D8 7016D7DA 7016D7DC	[@ac2, 89] = [@0x7016CD27:0, "                    they can still see through your little\x0A                    disguise.\x0A"]	mixed	4	piece 2/2 of HELP ('frame', 100)
7016D828	WCMV	7016D821	HELP	COPY-LIT-EXACT	a	EMIT			7016D821 7016D823 7016D825 7016D827	[@bp(ac3, 100), 123] = [@0x7016CC5B:0, "\x0A\x14Gaze into crystal\x15-  The crystal ball can be removed from its\x0A                    velvet bag to gaze upon the adventures\x0A"]	expr	4	piece 1/2 of HELP ('frame', 100)
7016D82E	WCMV	7016D821	HELP	CONCAT-PIECE	a	EMIT			7016D829 7016D82B 7016D82D	[@ac2, 103] = [@0x7016CC27:0, "                    of other players or see what forces\x0A                    surround a distant castle.\x0A"]	mixed	4	piece 2/2 of HELP ('frame', 100)
7016D84D	WCMV	7016D846	HELP	COPY-LIT-EXACT	a	EMIT			7016D846 7016D848 7016D84A 7016D84C	[@bp(ac3, 100), 110] = [@0x7016CBEF:0, "\x0A\x14Protection\x15       -  The shimmering air lets everyone near\x0A                    you know that they are safe \x0A"]	expr	4	piece 1/2 of HELP ('frame', 100)
7016D853	WCMV	7016D846	HELP	CONCAT-PIECE	a	EMIT			7016D84E 7016D850 7016D852	[@ac2, 109] = [@0x7016CBB7:0, "                    within your field of protection. But\x0A                    they must stay in sight of you.\x0A"]	mixed	4	piece 2/2 of HELP ('frame', 100)
7016D89E	WCMV	7016D897	HELP	COPY-LIT-EXACT	a	EMIT			7016D897 7016D899 7016D89B 7016D89D	[@bp(ac3, 100), 116] = [@0x7016CB05:0, "\x0A\x14Strength of ATLAS\x15-  New energy flows into you giving you \x0A                    extra strength. Alas,the effect is\x0A"]	expr	4	piece 1/2 of HELP ('frame', 100)
7016D8A4	WCMV	7016D897	HELP	CONCAT-PIECE	a	EMIT			7016D89F 7016D8A1 7016D8A3	[@ac2, 35] = [@0x7016CAF3:0, "                    not permanent.\x0A"]	mixed	4	piece 2/2 of HELP ('frame', 100)
7016D8C3	WCMV	7016D8BC	HELP	COPY-LIT-EXACT	a	EMIT			7016D8BC 7016D8BE 7016D8C0 7016D8C2	[@bp(ac3, 100), 113] = [@0x7016CAB9:0, "\x0A\x14Wield death staff\x15-  Anyone next to you is about to die.\x0A                    Use this power wisely. GODs frown\x0A"]	expr	4	piece 1/2 of HELP ('frame', 100)
7016D8C9	WCMV	7016D8BC	HELP	CONCAT-PIECE	a	EMIT			7016D8C4 7016D8C6 7016D8C8	[@ac2, 55] = [@0x7016CA9D:0, "                    upon indiscriminate Death Dealers.\x0A"]	mixed	4	piece 2/2 of HELP ('frame', 100)
7016D914	WCMV	7016D90D	HELP	COPY-LIT-EXACT	a	EMIT			7016D90D 7016D90F 7016D911 7016D913	[@bp(ac3, 100), 167] = [@0x7016C9D7:0, "\x0A\x14Call Healer\x15      -  A telepathic message is sent to\x0A                    the healer CARRONE, and she may come\x0A                    to your aid if you have previously\x0A"]	expr	4	piece 1/2 of HELP ('frame', 100)
7016D91A	WCMV	7016D90D	HELP	CONCAT-PIECE	a	EMIT			7016D915 7016D917 7016D919	[@ac2, 54] = [@0x7016C9BB:0, "                    established an alliance with her.\x0A"]	mixed	4	piece 2/2 of HELP ('frame', 100)
7016DACB	WCMV	7016DAC4	HELP	COPY-LIT-EXACT	a	EMIT			7016DAC4 7016DAC6 7016DAC8 7016DACA	[@bp(ac3, 100), 86] = [@0x7016C56B:0, "\x0C        Firing: [F command]\x0A\x0AWhen firing at a being or catapult, you must first have\x0A"]	expr	4	piece 1/2 of HELP ('frame', 100)
7016DAD1	WCMV	7016DAC4	HELP	CONCAT-PIECE	a	EMIT			7016DACC 7016DACE 7016DAD0	[@ac2, 107] = [@0x7016C535:0, "previously purchased a bow or cross bow, and\x0Aeither regular arrows or poison arrows. After the \x22F\x22 command\x0A"]	mixed	4	piece 2/2 of HELP ('frame', 100)
7016DADA	WCMV	7016DAC4	HELP	COPY-STR-EXACT	a	EMIT			7016DAD3 7016DAD5 7016DAD7 7016DAD9	[@bp(ac3, 0x3C8), 193] = [@bp(ac3, 100), 193]	expr	4	piece 1/2 of HELP ('frame', 968)
7016DAE0	WCMV	7016DAC4	HELP	CONCAT-PIECE	a	EMIT			7016DADB 7016DADD 7016DADF	[@ac2, 125] = [@0x7016C4F5:0, "is issued, the cursor will be placed under a target in range.\x0AHit the \x22P\x22 or \x22A\x22 indicating the arrow type to fire. Any other"]	mixed	4	piece 2/2 of HELP ('frame', 968)
7016DAE9	WCMV	7016DAC4	HELP	COPY-STR-EXACT	a	EMIT			7016DAE2 7016DAE4 7016DAE6 7016DAE8	[@bp(ac3, 0x59C), 0x13E] = [@bp(ac3, 0x3C8), 0x13E]	expr	4	piece 1/2 of HELP ('frame', 1436)
7016DAEF	WCMV	7016DAC4	HELP	CONCAT-PIECE	a	EMIT			7016DAEA 7016DAEC 7016DAEE	[@ac2, 55] = [@0x7016C4D9:0, "\x0Acharacter will advance the cursor to the next target.\x0A"]	mixed	4	piece 2/2 of HELP ('frame', 1436)
7016DB11	WCMV	7016DB0A	HELP	COPY-LIT-EXACT	a	EMIT			7016DB0A 7016DB0C 7016DB0E 7016DB10	[@bp(ac3, 0x150), 130] = [@0x7016C497:0, "\x0C        Seige:\x0A\x0A\x09To lay seige upon a castle, attempt to enter the castle.\x0AThis aggressive act of war will enrage up to 10 castle\x0A"]	expr	4	piece 1/2 of HELP ('frame', 336)
7016DB17	WCMV	7016DB0A	HELP	CONCAT-PIECE	a	EMIT			7016DB12 7016DB14 7016DB16	[@ac2, 123] = [@0x7016C459:0, "knights to defend their realm. To quit seige (a cowardly act),\x0Ause the \x22Q\x22 command. This will not, however, discourage any\x0A"]	mixed	4	piece 2/2 of HELP ('frame', 336)
7016DB20	WCMV	7016DB0A	HELP	COPY-STR-EXACT	a	EMIT			7016DB19 7016DB1B 7016DB1D 7016DB1F	[@bp(ac3, 0x3C8), 253] = [@bp(ac3, 0x150), 253]	expr	4	piece 1/2 of HELP ('frame', 968); copy-out of HELP ('frame', 336) (total MATCH)
7016DB26	WCMV	7016DB0A	HELP	CONCAT-PIECE	a	EMIT			7016DB21 7016DB23 7016DB25	[@ac2, 110] = [@0x7016C421:0, "active maddened knights in their pursuit of you.\x0A\x0A    The use of a catapult and/or battering ram is necessary\x0A"]	mixed	4	piece 2/2 of HELP ('frame', 968)
7016DB2F	WCMV	7016DB0A	HELP	COPY-STR-EXACT	a	EMIT			7016DB28 7016DB2A 7016DB2C 7016DB2E	[@bp(ac3, 0x770), 0x16B] = [@bp(ac3, 0x3C8), 0x16B]	expr	4	piece 1/2 of HELP ('frame', 1904)
7016DB35	WCMV	7016DB0A	HELP	CONCAT-PIECE	a	EMIT			7016DB30 7016DB32 7016DB34	[@ac2, 125] = [@0x7016C3E1:0, "for a successful campaign. To use a catapult you must establish\x0Amagic control by taking and releasing the catapult. To start\x0A"]	mixed	4	piece 2/2 of HELP ('frame', 1904)
7016DB3E	WCMV	7016DB0A	HELP	COPY-STR-EXACT	a	EMIT			7016DB37 7016DB39 7016DB3B 7016DB3D	[@bp(ac3, 0x97C), 0x1E8] = [@bp(ac3, 0x770), 0x1E8]	expr	4	piece 1/2 of HELP ('frame', 2428)
7016DB44	WCMV	7016DB0A	HELP	CONCAT-PIECE	a	EMIT			7016DB3F 7016DB41 7016DB43	[@ac2, 119] = [@0x7016C3A5:0, "the catapult firing on a castle, drop it within 4 moves from\x0Athe castle center. The closer the catapult is placed, the\x0A"]	mixed	4	piece 2/2 of HELP ('frame', 2428)
7016DB4D	WCMV	7016DB0A	HELP	COPY-STR-EXACT	a	EMIT			7016DB46 7016DB48 7016DB4A 7016DB4C	[@bp(ac3, 0xEA4), 0x25F] = [@bp(ac3, 0x97C), 0x25F]	expr	4	piece 1/2 of HELP ('frame', 3748); copy-out of HELP ('frame', 2428) (total MATCH)
7016DB53	WCMV	7016DB0A	HELP	CONCAT-PIECE	a	EMIT			7016DB4E 7016DB50 7016DB52	[@ac2, 122] = [@0x7016C367:0, "harder it hits. The farther the catapult is placed the lessor\x0Athe possibility for having it flamed by the castle archers.\x0A"]	mixed	4	piece 2/2 of HELP ('frame', 3748)
7016DB5C	WCMV	7016DB0A	HELP	COPY-STR-EXACT	a	EMIT			7016DB55 7016DB57 7016DB59 7016DB5B	[@bp(ac3, 0x1180), 0x2D9] = [@bp(ac3, 0xEA4), 0x2D9]	expr	4	piece 1/2 of HELP ('frame', 4480)
7016DB62	WCMV	7016DB0A	HELP	CONCAT-PIECE	a	EMIT			7016DB5D 7016DB5F 7016DB61	[@ac2, 168] = [@0x7016C313:0, "\x0A    To use a battering ram, simply bump the castle. Beware\x0Aof boiling oil.\x0A\x0A    The obtain knowledge spell will\x0Areport on the castle's percent of defenses remaining.\x0A\x0A"]	mixed	4	piece 2/2 of HELP ('frame', 4480)
7016DBE7	WCMV	7016DBDB	HELP	COPY-STR-EXACT+SUBSTR	a	EMIT			7016DBE0 7016DBE2 7016DBE3 7016DBE5	[@bp(ac3, 36), 30] = [@(0x70000266:1 + ((sx16(M16[wp(ac3, 16)]) * 24) + 1)), 30]	expr	5	piece 1/1 of HELP ('frame', 36)
7016DC46	WCMV	7016DC39	HELP	COPY-LIT-EXACT	a	EMIT			7016DC43 7016DC45	[@bp(ac3, 68), 2] = [@0x7016C2DC:0, "  "]	expr	4	piece 1/2 of HELP ('frame', 68)
7016DC4D	WCMV	7016DC39	HELP	CONCAT-PIECE+SUBSTR	a	EMIT			7016DC4A 7016DC4C	[@ac2, 4] = [@(0x70151623:1 + ((sx16(M16[wp(ac3, 16)]) * 4) - 3)), 4]	mixed	5	piece 2/2 of HELP ('frame', 68)
7016DC56	WCMV	7016DC39	HELP	COPY-STR-EXACT	a	EMIT			7016DC4F 7016DC51 7016DC53 7016DC55	[@bp(ac3, 100), 6] = [@bp(ac3, 68), 6]	expr	4	piece 1/2 of HELP ('frame', 100); copy-out of HELP ('frame', 68) (total MATCH)
7016DC5C	WCMV	7016DC39	HELP	CONCAT-PIECE	a	EMIT			7016DC57 7016DC59 7016DC5B	[@ac2, 5] = [@0x7016C2D9:0, "   | "]	mixed	4	piece 2/2 of HELP ('frame', 100)
7016DC65	WCMV	7016DC39	HELP	COPY-STR-EXACT	a	EMIT			7016DC5E 7016DC60 7016DC62 7016DC64	[@bp(ac3, 0x150), 11] = [@bp(ac3, 100), 11]	expr	4	piece 1/2 of HELP ('frame', 336)
7016DC6C	WCMV	7016DC39	HELP	CONCAT-PIECE	a	EMIT			7016DC66 7016DC69 7016DC6B	[@ac2, 30] = [@bp(ac3, 36), 30]	mixed	4	piece 2/2 of HELP ('frame', 336)
7016DC75	WCMV	7016DC39	HELP	COPY-STR-EXACT	a	EMIT			7016DC6E 7016DC70 7016DC72 7016DC74	[@bp(ac3, 100), 41] = [@bp(ac3, 0x150), 41]	expr	4	piece 1/2 of HELP ('frame', 100); copy-out of HELP ('frame', 336) (total MATCH)
7016DC7B	WCMV	7016DC39	HELP	CONCAT-PIECE	a	EMIT			7016DC76 7016DC78 7016DC7A	[@ac2, 3] = [@0x7016C2D7:0, "|  "]	mixed	4	piece 2/2 of HELP ('frame', 100)
7016DCA4	WCMV	7016DC94	HELP	COPY-STR-EXACT	a	EMIT			7016DCA1 7016DCA3	[@bp(ac3, 0x150), 44] = [@bp(ac3, 100), 44]	expr	4	piece 1/2 of HELP ('frame', 336)
7016DCAB	WCMV	7016DC94	HELP	CONCAT-PIECE+SUBSTR	a	EMIT			7016DCAA	[@ac2, 6] = [@ac3, 6]	mixed	5	piece 2/2 of HELP ('frame', 336)
7016DCB4	WCMV	7016DC94	HELP	COPY-STR-EXACT	a	EMIT			7016DCAD 7016DCAF 7016DCB1 7016DCB3	[@bp(ac3, 100), 50] = [@bp(ac3, 0x150), 50]	expr	4	piece 1/2 of HELP ('frame', 100); copy-out of HELP ('frame', 336) (total MATCH)
7016DCBA	WCMV	7016DC94	HELP	CONCAT-PIECE	a	EMIT			7016DCB5 7016DCB7 7016DCB9	[@ac2, 4] = [@0x7016C2D5:0, "  |\x0A"]	mixed	4	piece 2/2 of HELP ('frame', 100)
7016DD2E	WCMV	7016DD27	HELP	COPY-LIT-EXACT	a	EMIT			7016DD27 7016DD29 7016DD2B 7016DD2D	[@bp(ac3, 0x150), 126] = [@0x7016C243:0, "Special structures are:\x0A\x0A    |----|\x0A    | ** |           _^^_      \x3B\x3B\x3B\x3B\x3B\x3B\x3B\x3B\x0A    | ** |--|        \x14|  |\x15      | /  \x5C |    \x14{}\x15\x0A"]	expr	4	piece 1/2 of HELP ('frame', 336)
7016DD34	WCMV	7016DD27	HELP	CONCAT-PIECE	a	EMIT			7016DD2F 7016DD31 7016DD33	[@ac2, 120] = [@0x7016C207:0, "    | ***** |        hold      \x14|/\x15    \x14\x5C|\x15 alchemist\x0A    |-------|                  temple     home\x0AFortress of Albion\x0A"]	mixed	4	piece 2/2 of HELP ('frame', 336)
7016DD6F	WCMV	7016DD68	HELP	COPY-LIT-EXACT	a	EMIT			7016DD68 7016DD6A 7016DD6C 7016DD6E	[@bp(ac3, 0x150), 134] = [@0x7016C167:0, "Magic symbols are:\x0A\x0A\x0ERi\x0F - Signet ring   \x0EOr\x0F - Golden orb   \x0ECr\x0F - Crown\x0A\x0ESc\x0F - Scepter       \x0ESe\x0F - Great seal   \x0EBo\x0F - Magic boots\x0A"]	expr	4	piece 1/2 of HELP ('frame', 336)
7016DD75	WCMV	7016DD68	HELP	CONCAT-PIECE	a	EMIT			7016DD70 7016DD72 7016DD74	[@ac2, 115] = [@0x7016C12D:0, "\x0ETk\x0F - Trans key     \x0ECl\x0F - Cloak        \x0ESg\x0F - Spy glass\x0A\x0EOn\x0F - One ring      \x0EMr\x0F - Magic rope   \x0ECa\x0F - Caduceus\x0A"]	mixed	4	piece 2/2 of HELP ('frame', 336)
7016DD7E	WCMV	7016DD68	HELP	COPY-STR-EXACT	a	EMIT			7016DD77 7016DD79 7016DD7B 7016DD7D	[@bp(ac3, 0x3C8), 249] = [@bp(ac3, 0x150), 249]	expr	4	piece 1/2 of HELP ('frame', 968); copy-out of HELP ('frame', 336) (total MATCH)
7016DD84	WCMV	7016DD68	HELP	CONCAT-PIECE	a	EMIT			7016DD7F 7016DD81 7016DD83	[@ac2, 149] = [@0x7016C0E1:0, "\x0ETh\x0F - Thor's hammer \x0ECb\x0F - Crystal ball \x0EWs\x0F - Wizards scroll\x0A\x0EIr\x0F - Invis. ring   \x0ETr\x0F - Teleport ring\x0A\x0ESr\x0F - Staff of Ra   \x0ESd\x0F - Staff of Death\x0A\x0A"]	mixed	4	piece 2/2 of HELP ('frame', 968)
7016DDA6	WCMV	7016DD9F	HELP	COPY-LIT-EXACT	a	EMIT			7016DD9F 7016DDA1 7016DDA3 7016DDA5	[@bp(ac3, 0x150), 182] = [@0x7016C085:0, "\x14Food\x15\x0A\x0A    Food rations can be purchased at stores.  They last for\x0Aabout seven days, a day being approx. 60 moves.  Food is\x0Aautomatically consumed from either you inventory or from\x0A"]	expr	4	piece 1/2 of HELP ('frame', 336)
7016DDAC	WCMV	7016DD9F	HELP	CONCAT-PIECE	a	EMIT			7016DDA7 7016DDA9 7016DDAB	[@ac2, 71] = [@0x7016C061:0, "your backpack.  When the rations are fully consumed, they are\x0Aremoved.\x0A"]	mixed	4	piece 2/2 of HELP ('frame', 336)
7016DDC9	WCMV	7016DDC2	HELP	COPY-LIT-EXACT	a	EMIT			7016DDC2 7016DDC4 7016DDC6 7016DDC8	[@bp(ac3, 0x3C8), 184] = [@0x7016C005:0, "\x0A\x14Water\x15\x0A\x0A    You must drink water every 20 turns or you will begin\x0Ato weaken.  You can take a drink by walking into any drinkable\x0Awater source.  Water can be carried in a water skin.\x0A"]	expr	4	piece 1/2 of HELP ('frame', 968)
7016DDCF	WCMV	7016DDC2	HELP	CONCAT-PIECE	a	EMIT			7016DDCA 7016DDCC 7016DDCE	[@ac2, 237] = [@0x7016BF8D:0, "Empty skins are sold at stores for a nominal cost.  You can\x0Afill a water skin by moving through a drinkable source,\x0Aproviding that the skin is in your inventory (not backpack).\x0AYou must have the water skin in the inventory to drink from\x0A"]	mixed	4	piece 2/2 of HELP ('frame', 968)
7016DDD8	WCMV	7016DDC2	HELP	COPY-STR-EXACT	a	EMIT			7016DDD1 7016DDD3 7016DDD5 7016DDD7	[@bp(ac3, 0x770), 0x1A5] = [@bp(ac3, 0x3C8), 0x1A5]	expr	4	piece 1/2 of HELP ('frame', 1904)
7016DDDE	WCMV	7016DDC2	HELP	CONCAT-PIECE	a	EMIT			7016DDD9 7016DDDB 7016DDDD	[@ac2, 72] = [@0x7016BF69:0, "it.  The drinking process from the skin will be handled\x0Aautomatically.\x0A\x0A"]	mixed	4	piece 2/2 of HELP ('frame', 1904)
7016DF66	WCMV	7016DF59	INIT_OBJ_TBL	COPY-LIT-EXACT+SUBSTR	b	EMIT			7016DF63	[@ac2, ac0] = [@0x7015155A:0, ac1]	mixed	5	piece 1/1 of INIT_OBJ_TBL None
7016E005	WCMV	7016DFF8	INIT_OBJ_TBL	COPY-LIT-EXACT+SUBSTR	b	EMIT			7016E002	[@ac2, ac0] = [@0x7015155A:0, ac1]	mixed	5	piece 1/1 of INIT_OBJ_TBL None
7016E033	WCMV	7016E020	INIT_OBJ_TBL	ASSIGN-STR-FIXED+SUBSTR	b	EMIT				[@(bp(M32[0x70000210], 1) + ((sx16(M16[0x70000216]) * 2) + 0x3E1CF)), 2] = [@ac3, ac1]	mixed	5	
7016E355	WCMV	7016E34E	KILL_PLAYER	ASSIGN-STR-VARYING-PAD	?	EMIT			7016E350 7016E352	[@bp(ac3, 0x40A), ac0] = [@0x7000021D:0, ac1]	mixed	5	
7016EC11	WCMV	7016EBFD	LIST_PLAYERS	COPY-LIT-EXACT	a	EMIT			7016EC0C 7016EC0E 7016EC10	[@bp(ac3, 0x414), 6] = [@0x7016EAD3:0, "\x0A     "]	expr	4	piece 1/2 of LIST_PLAYERS ('frame', 1044)
7016EC1C	WCMV	7016EBFD	LIST_PLAYERS	CONCAT-PIECE	a	EMIT			7016EC13 7016EC15 7016EC18 7016EC1B	[@ac2, sx16(M16[((sx16(M16[wp(ac3, 14)]) * 12) - 0xFFFFD9A)])] = [@bp((sx16(M16[wp(ac3, 14)]) * 12), -0x1FFFFB32), sx16(M16[((sx16(M16[wp(ac3, 14)]) * 12) - 0xFFFFD9A)])]	mixed	4	piece 2/2 of LIST_PLAYERS ('frame', 1044)
7016EC27	WCMV	7016EBFD	LIST_PLAYERS	ASSIGN-STR-VARYING	a	EMIT			7016EC1E 7016EC20 7016EC21 7016EC23 7016EC25	[@wp(ac3, 568), (sx16(M16[((sx16(M16[wp(ac3, 14)]) * 12) - 0xFFFFD9A)]) + 6) varying] = [@bp(ac3, 0x414), (sx16(M16[((sx16(M16[wp(ac3, 14)]) * 12) - 0xFFFFD9A)]) + 6)]	expr	5	copy-out of LIST_PLAYERS ('frame', 1044) (total MATCH)
7016ED28	WCMV	7016ED1F	LIST_PLAYERS	ASSIGN-STR-FIXED	a	EMIT			7016ED20 7016ED22 7016ED24 7016ED26	[@bp(ac3, 48), 12] = [@bp(M32[wp(ac3, 16)], 2), ac1]	mixed	5	
7016ED54	WCMV	7016ED46	LIST_PLAYERS	COPY-LIT-EXACT	d	EMIT			7016ED51 7016ED53	[@bp(ac3, 0x468), 2] = [@0x7016EA64:0, " \x14"]	expr	4	piece 1/1 of LIST_PLAYERS ('frame', 1128)
7016ED61	WCMV	7016ED46	LIST_PLAYERS	COPY-STR-EXACT	a	EMIT			7016ED5A 7016ED5C 7016ED5E 7016ED60	[@bp(ac3, 60), 3] = [@bp(ac3, 0x468), 3]	expr	4	piece 1/1 of LIST_PLAYERS ('frame', 60)
7016EE41	WCMV	7016EE3A	LIST_PLAYERS	COPY-LIT-EXACT	a	EMIT			7016EE3A 7016EE3C 7016EE3E 7016EE40	[@bp(ac3, 0x470), 3] = [@0x7016EA5D:0, "   "]	expr	4	piece 1/2 of LIST_PLAYERS ('frame', 1136)
7016EE48	WCMV	7016EE3A	LIST_PLAYERS	CONCAT-PIECE	a	EMIT			7016EE42 7016EE45 7016EE47	[@ac2, 12] = [@bp(ac3, 48), 12]	mixed	4	piece 2/2 of LIST_PLAYERS ('frame', 1136)
7016EE51	WCMV	7016EE3A	LIST_PLAYERS	COPY-STR-EXACT	a	EMIT			7016EE4A 7016EE4C 7016EE4E 7016EE50	[@bp(ac3, 0x414), 15] = [@bp(ac3, 0x470), 15]	expr	4	piece 1/2 of LIST_PLAYERS ('frame', 1044); copy-out of LIST_PLAYERS ('frame', 1136) (total MATCH)
7016EE58	WCMV	7016EE3A	LIST_PLAYERS	CONCAT-PIECE	a	EMIT			7016EE52 7016EE55 7016EE57	[@ac2, 4] = [@bp(ac3, 60), 4]	mixed	4	piece 2/2 of LIST_PLAYERS ('frame', 1044)
7016EE61	WCMV	7016EE3A	LIST_PLAYERS	COPY-STR-EXACT	a	EMIT			7016EE5A 7016EE5C 7016EE5E 7016EE60	[@bp(ac3, 0x470), 19] = [@bp(ac3, 0x414), 19]	expr	4	piece 1/2 of LIST_PLAYERS ('frame', 1136)
7016EE67	WCMV	7016EE3A	LIST_PLAYERS	CONCAT-PIECE	a	EMIT			7016EE62 7016EE64 7016EE66	[@ac2, 2] = [@0x7016EA5F:0, "| "]	mixed	4	piece 2/2 of LIST_PLAYERS ('frame', 1136)
7016EEC8	WCMV	7016EEC1	LIST_PLAYERS	COPY-STR-EXACT	a	EMIT			7016EEC1 7016EEC3 7016EEC5 7016EEC7	[@bp(ac3, 0x470), 3] = [@bp(ac3, 48), 3]	expr	4	piece 1/2 of LIST_PLAYERS ('frame', 1136)
7016EECE	WCMV	7016EEC1	LIST_PLAYERS	CONCAT-PIECE	a	EMIT			7016EEC9 7016EECB 7016EECD	[@ac2, 3] = [@0x7016EA5B:0, " | "]	mixed	4	piece 2/2 of LIST_PLAYERS ('frame', 1136)
7016EF2F	WCMV	7016EF28	LIST_PLAYERS	COPY-STR-EXACT	a	EMIT			7016EF28 7016EF2A 7016EF2C 7016EF2E	[@bp(ac3, 0x470), 5] = [@bp(ac3, 48), 5]	expr	4	piece 1/2 of LIST_PLAYERS ('frame', 1136)
7016EF35	WCMV	7016EF28	LIST_PLAYERS	CONCAT-PIECE	a	EMIT			7016EF30 7016EF32 7016EF34	[@ac2, 3] = [@0x7016EA5B:0, " | "]	mixed	4	piece 2/2 of LIST_PLAYERS ('frame', 1136)
7016EF96	WCMV	7016EF8F	LIST_PLAYERS	COPY-STR-EXACT	a	EMIT			7016EF8F 7016EF91 7016EF93 7016EF95	[@bp(ac3, 0x470), 5] = [@bp(ac3, 48), 5]	expr	4	piece 1/2 of LIST_PLAYERS ('frame', 1136)
7016EF9C	WCMV	7016EF8F	LIST_PLAYERS	CONCAT-PIECE	a	EMIT			7016EF97 7016EF99 7016EF9B	[@ac2, 3] = [@0x7016EA5B:0, " | "]	mixed	4	piece 2/2 of LIST_PLAYERS ('frame', 1136)
7016EFFD	WCMV	7016EFF6	LIST_PLAYERS	COPY-STR-EXACT	a	EMIT			7016EFF6 7016EFF8 7016EFFA 7016EFFC	[@bp(ac3, 0x470), 5] = [@bp(ac3, 48), 5]	expr	4	piece 1/2 of LIST_PLAYERS ('frame', 1136)
7016F003	WCMV	7016EFF6	LIST_PLAYERS	CONCAT-PIECE	a	EMIT			7016EFFE 7016F000 7016F002	[@ac2, 4] = [@0x7016EA59:0, " |  "]	mixed	4	piece 2/2 of LIST_PLAYERS ('frame', 1136)
7016F068	WCMV	7016F05D	LIST_PLAYERS	COPY-LIT-EXACT	a	EMIT			7016F063 7016F065 7016F067	[@bp(ac3, 0x471), 5] = [@0x7016EA55:0, "  |  "]	expr	4	piece 1/1 of LIST_PLAYERS ('frame', 1137)
7016F0CD	WCMV	7016F0C2	LIST_PLAYERS	COPY-LIT-EXACT	a	EMIT			7016F0C8 7016F0CA 7016F0CC	[@bp(ac3, 0x471), 7] = [@0x7016EA51:0, "  |    "]	expr	4	piece 1/1 of LIST_PLAYERS ('frame', 1137)
7016F12E	WCMV	7016F127	LIST_PLAYERS	COPY-STR-EXACT	a	EMIT			7016F127 7016F129 7016F12B 7016F12D	[@bp(ac3, 0x470), 2] = [@bp(ac3, 48), 2]	expr	4	piece 1/2 of LIST_PLAYERS ('frame', 1136)
7016F134	WCMV	7016F127	LIST_PLAYERS	CONCAT-PIECE	a	EMIT			7016F12F 7016F131 7016F133	[@ac2, 7] = [@0x7016EA4D:0, "   |   "]	mixed	4	piece 2/2 of LIST_PLAYERS ('frame', 1136)
7016F195	WCMV	7016F18E	LIST_PLAYERS	COPY-STR-EXACT	a	EMIT			7016F18E 7016F190 7016F192 7016F194	[@bp(ac3, 0x470), 2] = [@bp(ac3, 48), 2]	expr	4	piece 1/2 of LIST_PLAYERS ('frame', 1136)
7016F19B	WCMV	7016F18E	LIST_PLAYERS	CONCAT-PIECE	a	EMIT			7016F196 7016F198 7016F19A	[@ac2, 4] = [@0x7016EA4B:0, "  |\x0A"]	mixed	4	piece 2/2 of LIST_PLAYERS ('frame', 1136)
7016F2A6	WCMV	7016F27B	LIST_PLAYERS	COPY-STR-EXACT+CALLRESULT	a	EMIT				[@ac2, ac0] = [@ac3, ac1]	register	6	piece 1/1 of LIST_PLAYERS ('frame', 1045)
7016F2AF	WCMV	7016F27B	LIST_PLAYERS	COPY-STR-EXACT+CALLRESULT	a	EMIT				[@ac2, ac0] = [@ac3, ac1]	register	6	piece 1/2 of LIST_PLAYERS ('frame', 1168)
7016F2B5	WCMV	7016F27B	LIST_PLAYERS	CONCAT-PIECE	a	EMIT			7016F2B0 7016F2B2 7016F2B4	[@ac2, 4] = [@0x7016EA45:0, " in "]	mixed	4	piece 2/2 of LIST_PLAYERS ('frame', 1168)
7016F2BE	WCMV	7016F27B	LIST_PLAYERS	COPY-STR-EXACT+CALLRESULT	a	EMIT				[@ac2, ac0] = [@ac3, ac1]	register	6	piece 1/2 of LIST_PLAYERS ('frame', 1340); copy-out of LIST_PLAYERS ('frame', 1168) (total MATCH)
7016F2C6	WCMV	7016F27B	LIST_PLAYERS	CONCAT-PIECE	a	EMIT			7016F2BF 7016F2C2 7016F2C5	[@ac2, sx16(M16[0x7000021C])] = [@0x7000021C, varying]	mixed	4	piece 2/2 of LIST_PLAYERS ('frame', 1340)
7016F2D1	WCMV	7016F27B	LIST_PLAYERS	ASSIGN-STR-VARYING+CALLRESULT	a	EMIT			7016F2CD 7016F2CF	[@bp(ac3, 0x5E6), ac0] = [@bp(ac3, 0x53C), ac1]	mixed	6	copy-out of LIST_PLAYERS ('frame', 1340) (total MATCH)
7016F306	WCMV	7016F2E7	LIST_PLAYERS	COPY-LIT-EXACT	a	EMIT			7016F301 7016F303 7016F305	[@bp(ac3, 0x414), 12] = [@0x7016EA3F:0, " -- City of "]	expr	4	piece 1/2 of LIST_PLAYERS ('frame', 1044)
7016F312	WCMV	7016F2E7	LIST_PLAYERS	CONCAT-PIECE+CALLRESULT	a	EMIT				[@ac2, ac0] = [@ac3, ac1]	register	6	piece 2/2 of LIST_PLAYERS ('frame', 1044)
7016F31D	WCMV	7016F2E7	LIST_PLAYERS	ASSIGN-STR-VARYING+CALLRESULT	a	EMIT			7016F319 7016F31B	[@bp(ac3, 0x492), ac0] = [@bp(ac3, 0x414), ac1]	mixed	6	copy-out of LIST_PLAYERS ('frame', 1044) (total MATCH)
7016F35D	WCMV	7016F34E	LIST_PLAYERS	COPY-LIT-EXACT	a	EMIT			7016F358 7016F35A 7016F35C	[@bp(ac3, 0x490), 3] = [@0x7016EA3D:0, " ( "]	expr	4	piece 1/2 of LIST_PLAYERS ('frame', 1168)
7016F364	WCMV	7016F34E	LIST_PLAYERS	CONCAT-PIECE	a	EMIT			7016F35F 7016F361 7016F363	[@ac2, sx16(M16[wp(ac3, 522)])] = [@wp(ac3, 522), varying]	mixed	4	piece 2/2 of LIST_PLAYERS ('frame', 1168)
7016F36D	WCMV	7016F34E	LIST_PLAYERS	COPY-STR-EXACT	a	EMIT			7016F366 7016F368 7016F36A 7016F36C	[@bp(ac3, 0x414), (sx16(M16[wp(ac3, 522)]) + 3)] = [@bp(ac3, 0x490), (sx16(M16[wp(ac3, 522)]) + 3)]	expr	4	piece 1/2 of LIST_PLAYERS ('frame', 1044); copy-out of LIST_PLAYERS ('frame', 1168) (total MATCH)
7016F373	WCMV	7016F34E	LIST_PLAYERS	CONCAT-PIECE	a	EMIT			7016F36E 7016F370 7016F372	[@ac2, 4] = [@0x7016EA3B:0, " % )"]	mixed	4	piece 2/2 of LIST_PLAYERS ('frame', 1044)
7016F37E	WCMV	7016F34E	LIST_PLAYERS	ASSIGN-STR-VARYING	a	EMIT			7016F375 7016F377 7016F378 7016F37A 7016F37C	[@wp(ac3, 584), (sx16(M16[wp(ac3, 522)]) + 7) varying] = [@bp(ac3, 0x414), (sx16(M16[wp(ac3, 522)]) + 7)]	expr	5	copy-out of LIST_PLAYERS ('frame', 1044) (total MATCH)
7016F495	WCMV	7016F488	LIST_PLAYERS	COPY-LIT-EXACT	a	EMIT			7016F490 7016F492 7016F494	[@bp(ac3, 0x490), 14] = [@0x7016EA1B:0, "\x0A    Wealth $ "]	expr	4	piece 1/2 of LIST_PLAYERS ('frame', 1168)
7016F49C	WCMV	7016F488	LIST_PLAYERS	CONCAT-PIECE	a	EMIT			7016F497 7016F499 7016F49B	[@ac2, sx16(M16[wp(ac3, 522)])] = [@wp(ac3, 522), varying]	mixed	4	piece 2/2 of LIST_PLAYERS ('frame', 1168)
7016F4A7	WCMV	7016F488	LIST_PLAYERS	ASSIGN-STR-VARYING	a	EMIT			7016F49E 7016F4A0 7016F4A1 7016F4A3 7016F4A5	[@wp(ac3, 522), (sx16(M16[wp(ac3, 522)]) + 14) varying] = [@bp(ac3, 0x490), (sx16(M16[wp(ac3, 522)]) + 14)]	expr	5	copy-out of LIST_PLAYERS ('frame', 1168) (total MATCH)
7016F4D2	WCMV	7016F4BE	LIST_PLAYERS	COPY-LIT-EXACT	a	EMIT			7016F4CD 7016F4CF 7016F4D1	[@bp(ac3, 0x470), 5] = [@0x7016EA17:0, "\x0A    "]	expr	4	piece 1/2 of LIST_PLAYERS ('frame', 1136)
7016F4DD	WCMV	7016F4BE	LIST_PLAYERS	CONCAT-PIECE+CALLRESULT	a	EMIT			7016F4D4 7016F4D6 7016F4D9 7016F4DC	[@ac2, sx16(M16[((sx16(M16[wp(ac3, 14)]) * 9) - 0xFFFFCFB)])] = [@bp((sx16(M16[wp(ac3, 14)]) * 9), -0x1FFFF9F4), sx16(M16[((sx16(M16[wp(ac3, 14)]) * 9) - 0xFFFFCFB)])]	mixed	6	piece 2/2 of LIST_PLAYERS ('frame', 1136)
7016F4E8	WCMV	7016F4BE	LIST_PLAYERS	ASSIGN-STR-VARYING+CALLRESULT	a	EMIT			7016F4DF 7016F4E1 7016F4E2 7016F4E4 7016F4E6	[@wp(ac3, 522), (sx16(M16[((sx16(M16[wp(ac3, 14)]) * 9) - 0xFFFFCFB)]) + 5) varying] = [@bp(ac3, 0x470), (sx16(M16[((sx16(M16[wp(ac3, 14)]) * 9) - 0xFFFFCFB)]) + 5)]	expr	6	copy-out of LIST_PLAYERS ('frame', 1136) (total MATCH)
7016F50E	WCMV	7016F4FA	LIST_PLAYERS	COPY-LIT-EXACT	a	EMIT			7016F509 7016F50B 7016F50D	[@bp(ac3, 0x470), 5] = [@0x7016EA17:0, "\x0A    "]	expr	4	piece 1/2 of LIST_PLAYERS ('frame', 1136)
7016F519	WCMV	7016F4FA	LIST_PLAYERS	CONCAT-PIECE+CALLRESULT	a	EMIT			7016F510 7016F512 7016F515 7016F518	[@ac2, sx16(M16[((sx16(M16[wp(ac3, 14)]) * 9) - 0xFFFFA73)])] = [@bp((sx16(M16[wp(ac3, 14)]) * 9), -0x1FFFF4E4), sx16(M16[((sx16(M16[wp(ac3, 14)]) * 9) - 0xFFFFA73)])]	mixed	6	piece 2/2 of LIST_PLAYERS ('frame', 1136)
7016F524	WCMV	7016F4FA	LIST_PLAYERS	ASSIGN-STR-VARYING+CALLRESULT	a	EMIT			7016F51B 7016F51D 7016F51E 7016F520 7016F522	[@wp(ac3, 522), (sx16(M16[((sx16(M16[wp(ac3, 14)]) * 9) - 0xFFFFA73)]) + 5) varying] = [@bp(ac3, 0x470), (sx16(M16[((sx16(M16[wp(ac3, 14)]) * 9) - 0xFFFFA73)]) + 5)]	expr	6	copy-out of LIST_PLAYERS ('frame', 1136) (total MATCH)
7016F719	WCMV	7016F6F2	LOOK	COPY-STR-EXACT	a	EMIT			7016F714 7016F716 7016F718	[@bp(ac3, 113), sx16(M16[((sx16(M16[wp(ac3, 2)]) * 20) + M32[0x70000212] - 15)])] = [@((sx16(M16[wp(ac3, 2)]) * 20) + M32[0x70000212] - 15), varying]	expr	4	piece 1/1 of LOOK ('frame', 113)
7016F722	WCMV	7016F6F2	LOOK	COPY-STR-EXACT	a	EMIT			7016F71B 7016F71D 7016F71F 7016F721	[@bp(ac3, 148), (sx16(M16[((sx16(M16[wp(ac3, 2)]) * 20) + M32[0x70000212] - 15)]) + 1)] = [@bp(ac3, 112), (sx16(M16[((sx16(M16[wp(ac3, 2)]) * 20) + M32[0x70000212] - 15)]) + 1)]	expr	4	piece 1/1 of LOOK ('frame', 148)
7016F730	WCMV	7016F6F2	LOOK	ASSIGN-STR-VARYING	a	EMIT			7016F72C 7016F72E	[@bp(ac3, 18), (sx16(M16[((sx16(M16[wp(ac3, 2)]) * 20) + M32[0x70000212] - 15)]) + 2)] = [@bp(ac3, 148), (sx16(M16[((sx16(M16[wp(ac3, 2)]) * 20) + M32[0x70000212] - 15)]) + 2)]	expr	5	copy-out of LOOK ('frame', 148) (total MATCH)
7016FEDA	WCMV	7016FE9D	MOVE_FAMILIAR	COPY-STR-EXACT	a	EMIT			7016FED5 7016FED7 7016FED9	[@bp(ac3, 105), sx16(M16[((sx16(M16[M32[wp(ac3, -12)]]) * 686) + M32[0x70000210] + 23)])] = [@((sx16(M16[M32[wp(ac3, -12)]]) * 686) + M32[0x70000210] + 23), varying]	expr	4	piece 1/1 of MOVE_FAMILIAR ('frame', 105)
7016FEE3	WCMV	7016FE9D	MOVE_FAMILIAR	COPY-STR-EXACT	a	EMIT			7016FEDC 7016FEDE 7016FEE0 7016FEE2	[@bp(ac3, 140), (sx16(M16[((sx16(M16[M32[wp(ac3, -12)]]) * 686) + M32[0x70000210] + 23)]) + 1)] = [@bp(ac3, 104), (sx16(M16[((sx16(M16[M32[wp(ac3, -12)]]) * 686) + M32[0x70000210] + 23)]) + 1)]	expr	4	piece 1/2 of MOVE_FAMILIAR ('frame', 140)
7016FEE9	WCMV	7016FE9D	MOVE_FAMILIAR	CONCAT-PIECE	a	EMIT			7016FEE4 7016FEE6 7016FEE8	[@ac2, 13] = [@0x7016FBD1:0, " is hit by a "]	mixed	4	piece 2/2 of MOVE_FAMILIAR ('frame', 140)
7016FEF2	WCMV	7016FE9D	MOVE_FAMILIAR	COPY-STR-EXACT	a	EMIT			7016FEEB 7016FEED 7016FEEF 7016FEF1	[@bp(ac3, 184), (sx16(M16[((sx16(M16[M32[wp(ac3, -12)]]) * 686) + M32[0x70000210] + 23)]) + 14)] = [@bp(ac3, 140), (sx16(M16[((sx16(M16[M32[wp(ac3, -12)]]) * 686) + M32[0x70000210] + 23)]) + 14)]	expr	4	piece 1/2 of MOVE_FAMILIAR ('frame', 184)
7016FEFD	WCMV	7016FE9D	MOVE_FAMILIAR	CONCAT-PIECE	a	EMIT				[@ac2, ac0] = [@ac3, ac1]	register	4	piece 2/2 of MOVE_FAMILIAR ('frame', 184)
7016FF06	WCMV	7016FE9D	MOVE_FAMILIAR	COPY-STR-EXACT	a	EMIT				[@ac2, ac0] = [@ac3, ac1]	register	4	piece 1/1 of MOVE_FAMILIAR ('frame', 252); copy-out of MOVE_FAMILIAR ('frame', 184) (total MATCH)
7016FF14	WCMV	7016FE9D	MOVE_FAMILIAR	ASSIGN-STR-VARYING	a	EMIT			7016FF10 7016FF12	[@bp(ac3, 0x142), ac0] = [@bp(ac3, 252), ac1]	mixed	5	copy-out of MOVE_FAMILIAR ('frame', 252) (total MATCH)
70170366	WCMV	7017034C	MOVE_IN_CAVE	COPY-LIT-EXACT	a	EMIT			70170361 70170363 70170365	[@bp(ac3, 56), 28] = [@0x70170253:0, "\x09Your attempt to escape the "]	expr	4	piece 1/2 of MOVE_IN_CAVE ('frame', 56)
70170371	WCMV	7017034C	MOVE_IN_CAVE	CONCAT-PIECE+CALLRESULT	a	EMIT				[@ac2, ac0] = [@ac3, ac1]	register	6	piece 2/2 of MOVE_IN_CAVE ('frame', 56)
7017037A	WCMV	7017034C	MOVE_IN_CAVE	COPY-STR-EXACT+CALLRESULT	a	EMIT				[@ac2, ac0] = [@ac3, ac1]	register	6	piece 1/2 of MOVE_IN_CAVE ('frame', 116)
70170380	WCMV	7017034C	MOVE_IN_CAVE	CONCAT-PIECE	a	EMIT			7017037B 7017037D 7017037F	[@ac2, 7] = [@0x7017024F:0, " fails!"]	mixed	4	piece 2/2 of MOVE_IN_CAVE ('frame', 116)
7017038B	WCMV	7017034C	MOVE_IN_CAVE	ASSIGN-STR-VARYING+CALLRESULT	a	EMIT			70170387 70170389	[@bp(ac3, 186), ac0] = [@bp(ac3, 116), ac1]	mixed	6	copy-out of MOVE_IN_CAVE ('frame', 116) (total MATCH)
701704D1	WCMV	701704AD	MOVE_IN_CAVE	COPY-LIT-EXACT	a	EMIT			701704CC 701704CE 701704D0	[@bp(ac3, 56), 3] = [@0x7017023F:0, "\x0BA "]	expr	4	piece 1/2 of MOVE_IN_CAVE ('frame', 56)
701704DC	WCMV	701704AD	MOVE_IN_CAVE	CONCAT-PIECE+CALLRESULT	a	EMIT				[@ac2, ac0] = [@ac3, ac1]	register	6	piece 2/2 of MOVE_IN_CAVE ('frame', 56)
701704E5	WCMV	701704AD	MOVE_IN_CAVE	COPY-STR-EXACT+CALLRESULT	a	EMIT				[@ac2, ac0] = [@ac3, ac1]	register	6	piece 1/2 of MOVE_IN_CAVE ('frame', 116)
701704EB	WCMV	701704AD	MOVE_IN_CAVE	CONCAT-PIECE	a	EMIT			701704E6 701704E8 701704EA	[@ac2, 28] = [@0x70170231:0, " has just entered the room!\x0A"]	mixed	4	piece 2/2 of MOVE_IN_CAVE ('frame', 116)
701704F6	WCMV	701704AD	MOVE_IN_CAVE	ASSIGN-STR-VARYING+CALLRESULT	a	EMIT			701704F2 701704F4	[@bp(ac3, 186), ac0] = [@bp(ac3, 116), ac1]	mixed	6	copy-out of MOVE_IN_CAVE ('frame', 116) (total MATCH)
70170845	WCMV	70170838	MOVE_IN_CAVE	COPY-LIT-EXACT	a	EMIT			7017083E 70170840 70170842 70170844	[@bp(ac3, 116), 11] = [@0x70170191:0, " ... level "]	expr	4	piece 1/2 of MOVE_IN_CAVE ('frame', 116)
7017084C	WCMV	70170838	MOVE_IN_CAVE	CONCAT-PIECE	a	EMIT			70170847 70170849 7017084B	[@ac2, sx16(M16[wp(ac3, 28)])] = [@wp(ac3, 28), varying]	mixed	4	piece 2/2 of MOVE_IN_CAVE ('frame', 116)
70170857	WCMV	70170838	MOVE_IN_CAVE	ASSIGN-STR-VARYING	a	EMIT			7017084E 70170850 70170851 70170853 70170855	[@wp(ac3, 28), (sx16(M16[wp(ac3, 28)]) + 11) varying] = [@bp(ac3, 116), (sx16(M16[wp(ac3, 28)]) + 11)]	expr	5	copy-out of MOVE_IN_CAVE ('frame', 116) (total MATCH)
70170935	WCMV	7017091C	MOVE_IN_CAVE	COPY-LIT-EXACT	a	EMIT			70170932 70170934	[@bp(ac3, 252), 54] = [@0x70170143:0, "\x0BUpon entering the next room,\x0A\x09you have come across a "]	expr	4	piece 1/2 of MOVE_IN_CAVE ('frame', 252)
70170940	WCMV	7017091C	MOVE_IN_CAVE	CONCAT-PIECE+CALLRESULT	a	EMIT				[@ac2, ac0] = [@ac3, ac1]	register	6	piece 2/2 of MOVE_IN_CAVE ('frame', 252)
70170949	WCMV	7017091C	MOVE_IN_CAVE	COPY-STR-EXACT+CALLRESULT	a	EMIT				[@ac2, ac0] = [@ac3, ac1]	register	6	piece 1/1 of MOVE_IN_CAVE ('frame', 356)
70170957	WCMV	7017091C	MOVE_IN_CAVE	ASSIGN-STR-VARYING+CALLRESULT	a	EMIT			70170953 70170955	[@bp(ac3, 254), ac0] = [@bp(ac3, 0x164), ac1]	mixed	6	copy-out of MOVE_IN_CAVE ('frame', 356) (total MATCH)
70170BD9	WCMV	70170BCA	MOVE_IN_CAVE	COPY-LIT-EXACT	a	EMIT			70170BD6 70170BD8	[@bp(ac3, 116), 26] = [@0x70170105:0, "\x0BYour maximum strength is "]	expr	4	piece 1/2 of MOVE_IN_CAVE ('frame', 116)
70170BE0	WCMV	70170BCA	MOVE_IN_CAVE	CONCAT-PIECE	a	EMIT			70170BDB 70170BDD 70170BDF	[@ac2, sx16(M16[wp(ac3, 10)])] = [@wp(ac3, 10), varying]	mixed	4	piece 2/2 of MOVE_IN_CAVE ('frame', 116)
70170BE9	WCMV	70170BCA	MOVE_IN_CAVE	COPY-STR-EXACT	a	EMIT			70170BE2 70170BE4 70170BE6 70170BE8	[@bp(ac3, 0x164), M32[wp(ac3, 24)]] = [@bp(ac3, 116), M32[wp(ac3, 24)]]	expr	4	piece 1/2 of MOVE_IN_CAVE ('frame', 356); copy-out of MOVE_IN_CAVE ('frame', 116) (total MATCH)
70170BF0	WCMV	70170BCA	MOVE_IN_CAVE	CONCAT-PIECE	a	EMIT			70170BEB 70170BED 70170BEF	[@ac2, sx16(M16[wp(ac3, 28)])] = [@wp(ac3, 28), varying]	mixed	4	piece 2/2 of MOVE_IN_CAVE ('frame', 356)
70170BF9	WCMV	70170BCA	MOVE_IN_CAVE	COPY-STR-EXACT+CALLRESULT	a	EMIT				[@ac2, ac0] = [@ac3, ac1]	register	6	piece 1/1 of MOVE_IN_CAVE ('frame', 252); copy-out of MOVE_IN_CAVE ('frame', 356) (total MATCH)
70170C07	WCMV	70170BCA	MOVE_IN_CAVE	ASSIGN-STR-VARYING+CALLRESULT	a	EMIT			70170C03 70170C05	[@bp(ac3, 0x166), ac0] = [@bp(ac3, 252), ac1]	mixed	6	copy-out of MOVE_IN_CAVE ('frame', 252) (total MATCH)
70171914	WCMV	70171903	MOVE_PLAYER	COPY-LIT-EXACT	a	EMIT			7017190F 70171911 70171913	[@bp(ac3, 0x170), 82] = [@0x70170E2F:0, "\x0BThe hold guards have been alerted to your presence.\x0A\x0BYou have been attacked with "]	expr	4	piece 1/2 of MOVE_PLAYER ('frame', 368)
7017191B	WCMV	70171903	MOVE_PLAYER	CONCAT-PIECE	a	EMIT			70171916 70171918 7017191A	[@ac2, sx16(M16[wp(ac3, 70)])] = [@wp(ac3, 70), varying]	mixed	4	piece 2/2 of MOVE_PLAYER ('frame', 368)
70171924	WCMV	70171903	MOVE_PLAYER	COPY-STR-EXACT	a	EMIT			7017191D 7017191F 70171921 70171923	[@bp(ac3, 0x1E4), (sx16(M16[wp(ac3, 70)]) + 82)] = [@bp(ac3, 0x170), (sx16(M16[wp(ac3, 70)]) + 82)]	expr	4	piece 1/2 of MOVE_PLAYER ('frame', 484)
7017192A	WCMV	70171903	MOVE_PLAYER	CONCAT-PIECE	a	EMIT			70171925 70171927 70171929	[@ac2, 18] = [@0x70170E25:0, " strength points.\x0A"]	mixed	4	piece 2/2 of MOVE_PLAYER ('frame', 484)
70171935	WCMV	70171903	MOVE_PLAYER	ASSIGN-STR-VARYING	a	EMIT			7017192C 7017192E 7017192F 70171931 70171933	[@wp(ac3, 308), (sx16(M16[wp(ac3, 70)]) + 100) varying] = [@bp(ac3, 0x1E4), (sx16(M16[wp(ac3, 70)]) + 100)]	expr	5	copy-out of MOVE_PLAYER ('frame', 484) (total MATCH)
701719B1	WCMV	7017199A	MOVE_PLAYER	COPY-LIT-EXACT	a	EMIT			701719AE 701719B0	[@bp(ac3, 0x170), 41] = [@0x70170DFF:0, "\x0BYou have sucessfully freed the princess "]	expr	4	piece 1/2 of MOVE_PLAYER ('frame', 368)
701719BC	WCMV	7017199A	MOVE_PLAYER	CONCAT-PIECE+CALLRESULT	a	EMIT				[@ac2, ac0] = [@ac3, ac1]	register	6	piece 2/2 of MOVE_PLAYER ('frame', 368)
701719C5	WCMV	7017199A	MOVE_PLAYER	COPY-STR-EXACT+CALLRESULT	a	EMIT				[@ac2, ac0] = [@ac3, ac1]	register	6	piece 1/2 of MOVE_PLAYER ('frame', 484)
701719CB	WCMV	7017199A	MOVE_PLAYER	CONCAT-PIECE	a	EMIT			701719C6 701719C8 701719CA	[@ac2, 2] = [@0x70170DFD:0, ".\x0A"]	mixed	4	piece 2/2 of MOVE_PLAYER ('frame', 484)
701719D6	WCMV	7017199A	MOVE_PLAYER	ASSIGN-STR-VARYING+CALLRESULT	a	EMIT			701719D2 701719D4	[@bp(ac3, 0x172), ac0] = [@bp(ac3, 0x1E4), ac1]	mixed	6	copy-out of MOVE_PLAYER ('frame', 484) (total MATCH)
70172844	WCMV	70172831	MOVE_PLAYER	COPY-STR-EXACT	a	EMIT			7017283D 70172840 70172843	[@bp(ac3, 0x269), sx16(M16[0x7000021C])] = [@0x7000021C, varying]	expr	4	piece 1/1 of MOVE_PLAYER ('frame', 617)
7017284F	WCMV	70172831	MOVE_PLAYER	ASSIGN-STR-VARYING	a	EMIT			70172846 70172848 70172849 7017284B 7017284D	[@wp(ac3, 376), (sx16(M16[0x7000021C]) + 1) varying] = [@bp(ac3, 0x268), (sx16(M16[0x7000021C]) + 1)]	expr	5	
70172DA8	WCMP	70172D98	OBSERVE	-	-	EMIT			70172DA2 70172DA3 70172DA5	ac1 = cmp([@bp((sx16(M16[wp(ac3, 13)]) * 51), -0x1FD60A04), sx16(M16[((sx16(M16[wp(ac3, 13)]) * 51) - 0xFEB0503)])], [@0x70172C67:0, 0])	expr	6	
70172DED	WCMV	70172DDE	OBSERVE	COPY-STR-EXACT	a	EMIT			70172DE6 70172DE8 70172DEA 70172DEC	[@bp(ac3, 0x138), sx16(M16[wp(ac3, 18)])] = [@wp(ac3, 18), varying]	expr	4	piece 1/2 of OBSERVE ('frame', 312)
70172DF8	WCMV	70172DDE	OBSERVE	CONCAT-PIECE	a	EMIT			70172DEF 70172DF1 70172DF4 70172DF7	[@ac2, sx16(M16[((sx16(M16[wp(ac3, 13)]) * 51) - 0xFEB0503)])] = [@bp((sx16(M16[wp(ac3, 13)]) * 51), -0x1FD60A04), sx16(M16[((sx16(M16[wp(ac3, 13)]) * 51) - 0xFEB0503)])]	mixed	4	piece 2/2 of OBSERVE ('frame', 312)
70172E01	WCMV	70172DDE	OBSERVE	COPY-STR-EXACT	c	EMIT			70172DFA 70172DFC 70172DFE 70172E00	[@bp(ac3, 0x234), M32[wp(ac3, 128)]] = [@bp(ac3, 0x138), M32[wp(ac3, 128)]]	expr	4	piece 1/1 of OBSERVE ('frame', 564); copy-out of OBSERVE ('frame', 312) (total MATCH)
70172E0D	WCMV	70172DDE	OBSERVE	COPY-STR-EXACT	c	EMIT			70172E06 70172E08 70172E0A 70172E0C	[@bp(ac3, 0x330), M32[wp(ac3, 98)]] = [@bp(ac3, 0x234), M32[wp(ac3, 98)]]	expr	4	piece 1/2 of OBSERVE ('frame', 816)
70172E18	WCMV	70172DDE	OBSERVE	CONCAT-PIECE	c	EMIT			70172E0F 70172E11 70172E14 70172E17	[@ac2, sx16(M16[(M32[wp(ac3, 154)] - 0xFFFF977)])] = [@bp(M32[wp(ac3, 154)], -0x1FFFF2EC), sx16(M16[(M32[wp(ac3, 154)] - 0xFFFF977)])]	mixed	4	piece 2/2 of OBSERVE ('frame', 816)
70172E21	WCMV	70172DDE	OBSERVE	COPY-STR-EXACT	c	EMIT			70172E1A 70172E1C 70172E1E 70172E20	[@bp(ac3, 0x43C), M32[wp(ac3, 130)]] = [@bp(ac3, 0x330), M32[wp(ac3, 130)]]	expr	4	piece 1/2 of OBSERVE ('frame', 1084)
70172E27	WCMV	70172DDE	OBSERVE	CONCAT-PIECE	c	EMIT			70172E22 70172E24 70172E26	[@ac2, 17] = [@0x70172C37:0, " - approximately "]	mixed	4	piece 2/2 of OBSERVE ('frame', 1084)
70172E55	WCMV	70172E55	OBSERVE	CONCAT-PIECE	a	EMIT				[@ac2, ac0] = [@0x70172C2F:0, ac1]	mixed	6	piece 1/1 of OBSERVE ('frame', 38)
70172E7A	WCMP	70172E6A	OBSERVE	-	-	EMIT			70172E74 70172E75 70172E77	ac1 = cmp([@bp((sx16(M16[wp(ac3, 13)]) * 51), -0x1FD5EA24), sx16(M16[((sx16(M16[wp(ac3, 13)]) * 51) - 0xFEAF513)])], [@0x70172C67:0, 0])	expr	6	
70172EBE	WCMV	70172EB0	OBSERVE	COPY-STR-EXACT	a	EMIT			70172EB7 70172EB9 70172EBB 70172EBD	[@bp(ac3, 0x138), sx16(M16[wp(ac3, 18)])] = [@wp(ac3, 18), varying]	expr	4	piece 1/2 of OBSERVE ('frame', 312)
70172EC9	WCMV	70172EB0	OBSERVE	CONCAT-PIECE	a	EMIT			70172EC0 70172EC2 70172EC5 70172EC8	[@ac2, sx16(M16[((sx16(M16[wp(ac3, 13)]) * 51) - 0xFEAF513)])] = [@bp((sx16(M16[wp(ac3, 13)]) * 51), -0x1FD5EA24), sx16(M16[((sx16(M16[wp(ac3, 13)]) * 51) - 0xFEAF513)])]	mixed	4	piece 2/2 of OBSERVE ('frame', 312)
70172ED2	WCMV	70172EB0	OBSERVE	COPY-STR-EXACT	c	EMIT			70172ECB 70172ECD 70172ECF 70172ED1	[@bp(ac3, 0x234), M32[wp(ac3, 128)]] = [@bp(ac3, 0x138), M32[wp(ac3, 128)]]	expr	4	piece 1/1 of OBSERVE ('frame', 564); copy-out of OBSERVE ('frame', 312) (total MATCH)
70172EDE	WCMV	70172EB0	OBSERVE	COPY-STR-EXACT	c	EMIT			70172ED7 70172ED9 70172EDB 70172EDD	[@bp(ac3, 0x330), M32[wp(ac3, 130)]] = [@bp(ac3, 0x234), M32[wp(ac3, 130)]]	expr	4	piece 1/2 of OBSERVE ('frame', 816)
70172EE9	WCMV	70172EB0	OBSERVE	CONCAT-PIECE	c	EMIT				[@ac2, ac0] = [@ac3, ac1]	register	4	piece 2/2 of OBSERVE ('frame', 816)
70172EF2	WCMV	70172EB0	OBSERVE	COPY-STR-EXACT	c	EMIT			70172EEB 70172EED 70172EEF 70172EF1	[@bp(ac3, 0x43C), M32[wp(ac3, 132)]] = [@bp(ac3, 0x330), M32[wp(ac3, 132)]]	expr	4	piece 1/2 of OBSERVE ('frame', 1084)
70172EF8	WCMV	70172EB0	OBSERVE	CONCAT-PIECE	c	EMIT			70172EF3 70172EF5 70172EF7	[@ac2, 17] = [@0x70172C37:0, " - approximately "]	mixed	4	piece 2/2 of OBSERVE ('frame', 1084)
70172F26	WCMV	70172F26	OBSERVE	CONCAT-PIECE	a	EMIT				[@ac2, ac0] = [@0x70172C2F:0, ac1]	mixed	6	piece 1/1 of OBSERVE ('frame', 38)
7017320C	WCMV	701731FE	OBSERVE	COPY-STR-EXACT	a	EMIT			70173205 70173207 70173209 7017320B	[@bp(ac3, 0x138), sx16(M16[wp(ac3, 18)])] = [@wp(ac3, 18), varying]	expr	4	piece 1/2 of OBSERVE ('frame', 312)
70173212	WCMV	701731FE	OBSERVE	CONCAT-PIECE	a	EMIT			7017320D 7017320F 70173211	[@ac2, 19] = [@0x70172AC1:0, "a water skin about "]	mixed	4	piece 2/2 of OBSERVE ('frame', 312)
7017321B	WCMV	701731FE	OBSERVE	COPY-STR-EXACT	a	EMIT			70173214 70173216 70173218 7017321A	[@bp(ac3, 0x234), M32[wp(ac3, 128)]] = [@bp(ac3, 0x138), M32[wp(ac3, 128)]]	expr	4	piece 1/2 of OBSERVE ('frame', 564); copy-out of OBSERVE ('frame', 312) (total MATCH)
70173222	WCMV	701731FE	OBSERVE	CONCAT-PIECE	a	EMIT			7017321D 7017321F 70173221	[@ac2, sx16(M16[wp(ac3, 134)])] = [@wp(ac3, 134), varying]	mixed	4	piece 2/2 of OBSERVE ('frame', 564)
7017322E	WCMV	7017322E	OBSERVE	ASSIGN-STR-MIN+CALLRESULT	a	EMIT				[@ac2, ac0] = [@ac3, 150]	mixed	6	copy-out of OBSERVE ('frame', 564) (total MATCH)
70173235	WCMV	70173235	OBSERVE	CONCAT-PIECE	a	EMIT				[@ac2, ac0] = [@0x70172ABD:0, ac1]	mixed	6	piece 1/1 of OBSERVE ('frame', 38)
70173253	WCMV	70173247	OBSERVE	COPY-LIT-EXACT+SUBSTR	a	EMIT			70173251	[@ac2, ac0] = [@0x70172AB3:0, ac1]	mixed	5	piece 1/1 of OBSERVE None
70173279	WCMV	7017326D	OBSERVE	COPY-LIT-EXACT+SUBSTR	a	EMIT			70173277	[@ac2, ac0] = [@0x70172AA1:0, ac1]	mixed	5	piece 1/1 of OBSERVE None
701732B0	WCMV	701732A1	OBSERVE	COPY-STR-EXACT	a	EMIT			701732A9 701732AB 701732AD 701732AF	[@bp(ac3, 0x138), sx16(M16[wp(ac3, 18)])] = [@wp(ac3, 18), varying]	expr	4	piece 1/2 of OBSERVE ('frame', 312)
701732B6	WCMV	701732A1	OBSERVE	CONCAT-PIECE	a	EMIT			701732B1 701732B3 701732B5	[@ac2, 23] = [@0x70172A95:0, "food rations for about "]	mixed	4	piece 2/2 of OBSERVE ('frame', 312)
701732BF	WCMV	701732A1	OBSERVE	COPY-STR-EXACT	a	EMIT			701732B8 701732BA 701732BC 701732BE	[@bp(ac3, 0x234), M32[wp(ac3, 96)]] = [@bp(ac3, 0x138), M32[wp(ac3, 96)]]	expr	4	piece 1/2 of OBSERVE ('frame', 564); copy-out of OBSERVE ('frame', 312) (total MATCH)
701732C6	WCMV	701732A1	OBSERVE	CONCAT-PIECE	a	EMIT			701732C1 701732C3 701732C5	[@ac2, sx16(M16[wp(ac3, 134)])] = [@wp(ac3, 134), varying]	mixed	4	piece 2/2 of OBSERVE ('frame', 564)
701732D2	WCMV	701732D2	OBSERVE	ASSIGN-STR-MIN	a	EMIT				[@ac2, ac0] = [@ac3, 150]	mixed	5	copy-out of OBSERVE ('frame', 564) (total MATCH)
701732D9	WCMV	701732D9	OBSERVE	CONCAT-PIECE	a	EMIT				[@ac2, ac0] = [@0x70172A8F:0, ac1]	mixed	6	piece 1/1 of OBSERVE ('frame', 38)
701732FE	WCMV	701732EB	OBSERVE	COPY-STR-EXACT	a	EMIT			701732F9 701732FB 701732FD	[@bp(ac3, 0x139), sx16(M16[wp(ac3, 18)])] = [@wp(ac3, 18), varying]	expr	4	piece 1/1 of OBSERVE ('frame', 313)
70173307	WCMV	701732EB	OBSERVE	COPY-STR-EXACT	a	EMIT			70173300 70173302 70173304 70173306	[@bp(ac3, 0x234), (sx16(M16[wp(ac3, 18)]) + 1)] = [@bp(ac3, 0x138), (sx16(M16[wp(ac3, 18)]) + 1)]	expr	4	piece 1/1 of OBSERVE ('frame', 564)
70173315	WCMV	701732EB	OBSERVE	ASSIGN-STR-VARYING	a	EMIT			7017330C 7017330E 7017330F 70173311 70173313	[@wp(ac3, 156), (sx16(M16[wp(ac3, 18)]) + 2) varying] = [@bp(ac3, 0x234), (sx16(M16[wp(ac3, 18)]) + 2)]	expr	5	copy-out of OBSERVE ('frame', 564) (total MATCH)
70173365	WCMV	7017335E	OBSERVE	ASSIGN-LIT-VARYING+CALLRESULT	a	EMIT			70173361 70173363	[@bp(ac3, 0x10E), ac0] = [@0x70172A85:0, ac1]	mixed	6	
7017355E	WCMV	7017354D	OBSERVE	COPY-LIT-EXACT	a	EMIT			7017355B 7017355D	[@bp(ac3, 0x138), 18] = [@0x70172A7B:0, "\x0BYou are carrying "]	expr	4	piece 1/2 of OBSERVE ('frame', 312)
70173565	WCMV	7017354D	OBSERVE	CONCAT-PIECE	a	EMIT			70173560 70173562 70173564	[@ac2, sx16(M16[wp(ac3, 134)])] = [@wp(ac3, 134), varying]	mixed	4	piece 2/2 of OBSERVE ('frame', 312)
7017356E	WCMV	7017354D	OBSERVE	COPY-STR-EXACT	a	EMIT			70173567 70173569 7017356B 7017356D	[@bp(ac3, 0x234), M32[wp(ac3, 96)]] = [@bp(ac3, 0x138), M32[wp(ac3, 96)]]	expr	4	piece 1/2 of OBSERVE ('frame', 564); copy-out of OBSERVE ('frame', 312) (total MATCH)
70173574	WCMV	7017354D	OBSERVE	CONCAT-PIECE	a	EMIT			7017356F 70173571 70173573	[@ac2, 24] = [@0x70172A6F:0, " lbs. with a maximum of "]	mixed	4	piece 2/2 of OBSERVE ('frame', 564)
7017357D	WCMV	7017354D	OBSERVE	COPY-STR-EXACT	a	EMIT			70173576 70173578 7017357A 7017357C	[@bp(ac3, 0x138), M32[wp(ac3, 126)]] = [@bp(ac3, 0x234), M32[wp(ac3, 126)]]	expr	4	piece 1/2 of OBSERVE ('frame', 312)
70173584	WCMV	7017354D	OBSERVE	CONCAT-PIECE	a	EMIT			7017357F 70173581 70173583	[@ac2, sx16(M16[wp(ac3, 98)])] = [@wp(ac3, 98), varying]	mixed	4	piece 2/2 of OBSERVE ('frame', 312)
7017358D	WCMV	7017354D	OBSERVE	COPY-STR-EXACT	a	EMIT			70173586 70173588 7017358A 7017358C	[@bp(ac3, 0x234), (sx16(M16[wp(ac3, 98)]) + sx16(M16[wp(ac3, 134)]) + 42)] = [@bp(ac3, 0x138), (sx16(M16[wp(ac3, 98)]) + sx16(M16[wp(ac3, 134)]) + 42)]	expr	4	piece 1/2 of OBSERVE ('frame', 564); copy-out of OBSERVE ('frame', 312) (total MATCH)
70173593	WCMV	7017354D	OBSERVE	CONCAT-PIECE	a	EMIT			7017358E 70173590 70173592	[@ac2, 20] = [@0x70172A65:0, " lbs. as your limit."]	mixed	4	piece 2/2 of OBSERVE ('frame', 564)
7017359E	WCMV	7017354D	OBSERVE	ASSIGN-STR-VARYING	a	EMIT			70173595 70173597 70173598 7017359A 7017359C	[@wp(ac3, 156), (sx16(M16[wp(ac3, 98)]) + sx16(M16[wp(ac3, 134)]) + 62) varying] = [@bp(ac3, 0x234), (sx16(M16[wp(ac3, 98)]) + sx16(M16[wp(ac3, 134)]) + 62)]	expr	5	copy-out of OBSERVE ('frame', 564) (total MATCH)
70173B29	WCMV	70173B05	OP_EDIT	COPY-STR-EXACT	a	EMIT			70173B24 70173B26 70173B28	[@bp(ac3, 109), sx16(M16[((sx16(M16[wp(ac3, 17)]) * 20) + M32[0x70000212] - 15)])] = [@((sx16(M16[wp(ac3, 17)]) * 20) + M32[0x70000212] - 15), varying]	expr	4	piece 1/1 of OP_EDIT ('frame', 109)
70173B34	WCMV	70173B05	OP_EDIT	ASSIGN-STR-VARYING	a	EMIT			70173B2B 70173B2D 70173B2E 70173B30 70173B32	[@wp(ac3, 70), (sx16(M16[((sx16(M16[wp(ac3, 17)]) * 20) + M32[0x70000212] - 15)]) + 1) varying] = [@bp(ac3, 108), (sx16(M16[((sx16(M16[wp(ac3, 17)]) * 20) + M32[0x70000212] - 15)]) + 1)]	expr	5	
70173BD7	WCMV	70173BC7	OP_EDIT	COPY-STR-EXACT	a	EMIT			70173BD2 70173BD4 70173BD6	[@bp(ac3, 0x139), sx16(M16[wp(ac3, 70)])] = [@wp(ac3, 70), varying]	expr	4	piece 1/1 of OP_EDIT ('frame', 313)
70173BE0	WCMV	70173BC7	OP_EDIT	COPY-STR-EXACT	a	EMIT			70173BD9 70173BDB 70173BDD 70173BDF	[@bp(ac3, 140), M32[wp(ac3, 34)]] = [@bp(ac3, 0x138), M32[wp(ac3, 34)]]	expr	4	piece 1/1 of OP_EDIT ('frame', 140)
70173BEC	WCMV	70173BC7	OP_EDIT	COPY-STR-EXACT	a	EMIT			70173BE5 70173BE7 70173BE9 70173BEB	[@bp(ac3, 0x15C), M32[wp(ac3, 40)]] = [@bp(ac3, 140), M32[wp(ac3, 40)]]	expr	4	piece 1/2 of OP_EDIT ('frame', 348); copy-out of OP_EDIT ('frame', 140) (total MATCH)
70173BF3	WCMV	70173BC7	OP_EDIT	CONCAT-PIECE	a	EMIT			70173BEE 70173BF0 70173BF2	[@ac2, sx16(M16[wp(ac3, 98)])] = [@wp(ac3, 98), varying]	mixed	4	piece 2/2 of OP_EDIT ('frame', 348)
70173BFC	WCMV	70173BC7	OP_EDIT	COPY-STR-EXACT+CALLRESULT	a	EMIT			70173BF5 70173BF7 70173BF9 70173BFB	[@bp(ac3, 0x1A0), M32[wp(ac3, 36)]] = [@bp(ac3, 0x15C), M32[wp(ac3, 36)]]	expr	6	piece 1/2 of OP_EDIT ('frame', 416)
70173C02	WCMV	70173BC7	OP_EDIT	CONCAT-PIECE	a	EMIT			70173BFD 70173BFF 70173C01	[@ac2, 4] = [@0x7017374D:0, "    "]	mixed	4	piece 2/2 of OP_EDIT ('frame', 416)
70173C0B	WCMV	70173BC7	OP_EDIT	COPY-STR-EXACT+CALLRESULT	a	EMIT			70173C04 70173C06 70173C08 70173C0A	[@bp(ac3, 0x1E8), M32[wp(ac3, 54)]] = [@bp(ac3, 0x1A0), M32[wp(ac3, 54)]]	expr	6	piece 1/2 of OP_EDIT ('frame', 488)
70173C12	WCMV	70173BC7	OP_EDIT	CONCAT-PIECE	a	EMIT			70173C0D 70173C0F 70173C11	[@ac2, sx16(M16[wp(ac3, 116)])] = [@wp(ac3, 116), varying]	mixed	4	piece 2/2 of OP_EDIT ('frame', 488)
70173C1B	WCMV	70173BC7	OP_EDIT	COPY-STR-EXACT+CALLRESULT	a	EMIT			70173C14 70173C16 70173C18 70173C1A	[@bp(ac3, 0x250), M32[wp(ac3, 38)]] = [@bp(ac3, 0x1E8), M32[wp(ac3, 38)]]	expr	6	piece 1/1 of OP_EDIT ('frame', 592); copy-out of OP_EDIT ('frame', 488) (total MATCH)
70173C27	WCMV	70173BC7	OP_EDIT	COPY-STR-EXACT+CALLRESULT	a	EMIT			70173C20 70173C22 70173C24 70173C26	[@bp(ac3, 0x2B8), M32[wp(ac3, 154)]] = [@bp(ac3, 0x250), M32[wp(ac3, 154)]]	expr	6	piece 1/2 of OP_EDIT ('frame', 696); copy-out of OP_EDIT ('frame', 592) (total MATCH)
70173C2E	WCMV	70173BC7	OP_EDIT	CONCAT-PIECE	a	EMIT			70173C29 70173C2B 70173C2D	[@ac2, sx16(M16[wp(ac3, 136)])] = [@wp(ac3, 136), varying]	mixed	4	piece 2/2 of OP_EDIT ('frame', 696)
70173C39	WCMV	70173BC7	OP_EDIT	ASSIGN-STR-VARYING+CALLRESULT	a	EMIT			70173C35 70173C37	[@bp(ac3, 0x342), ac0] = [@bp(ac3, 0x2B8), ac1]	mixed	6	copy-out of OP_EDIT ('frame', 696) (total MATCH)
70173C83	WCMV	70173C5F	OP_EDIT	COPY-STR-EXACT	a	EMIT			70173C7E 70173C80 70173C82	[@bp(ac3, 109), sx16(M16[((sx16(M16[wp(ac3, 17)]) * 19) + M32[0x70000212] + 0x7C2)])] = [@((sx16(M16[wp(ac3, 17)]) * 19) + M32[0x70000212] + 0x7C2), varying]	expr	4	piece 1/1 of OP_EDIT ('frame', 109)
70173C8E	WCMV	70173C5F	OP_EDIT	ASSIGN-STR-VARYING	a	EMIT			70173C85 70173C87 70173C88 70173C8A 70173C8C	[@wp(ac3, 98), (sx16(M16[((sx16(M16[wp(ac3, 17)]) * 19) + M32[0x70000212] + 0x7C2)]) + 1) varying] = [@bp(ac3, 108), (sx16(M16[((sx16(M16[wp(ac3, 17)]) * 19) + M32[0x70000212] + 0x7C2)]) + 1)]	expr	5	
70173D12	WCMV	70173D02	OP_EDIT	COPY-STR-EXACT	a	EMIT			70173D0D 70173D0F 70173D11	[@bp(ac3, 0x139), sx16(M16[wp(ac3, 98)])] = [@wp(ac3, 98), varying]	expr	4	piece 1/1 of OP_EDIT ('frame', 313)
70173D1B	WCMV	70173D02	OP_EDIT	COPY-STR-EXACT	a	EMIT			70173D14 70173D16 70173D18 70173D1A	[@bp(ac3, 196), M32[wp(ac3, 34)]] = [@bp(ac3, 0x138), M32[wp(ac3, 34)]]	expr	4	piece 1/1 of OP_EDIT ('frame', 196)
70173D27	WCMV	70173D02	OP_EDIT	COPY-STR-EXACT	a	EMIT			70173D20 70173D22 70173D24 70173D26	[@bp(ac3, 0x15C), M32[wp(ac3, 134)]] = [@bp(ac3, 196), M32[wp(ac3, 134)]]	expr	4	piece 1/2 of OP_EDIT ('frame', 348)
70173D2E	WCMV	70173D02	OP_EDIT	CONCAT-PIECE	a	EMIT			70173D29 70173D2B 70173D2D	[@ac2, sx16(M16[wp(ac3, 116)])] = [@wp(ac3, 116), varying]	mixed	4	piece 2/2 of OP_EDIT ('frame', 348)
70173D37	WCMV	70173D02	OP_EDIT	COPY-STR-EXACT+CALLRESULT	a	EMIT			70173D30 70173D32 70173D34 70173D36	[@bp(ac3, 0x1E8), M32[wp(ac3, 36)]] = [@bp(ac3, 0x15C), M32[wp(ac3, 36)]]	expr	6	piece 1/2 of OP_EDIT ('frame', 488)
70173D3D	WCMV	70173D02	OP_EDIT	CONCAT-PIECE	a	EMIT			70173D38 70173D3A 70173D3C	[@ac2, 7] = [@0x70173749:0, " Limit "]	mixed	4	piece 2/2 of OP_EDIT ('frame', 488)
70173D46	WCMV	70173D02	OP_EDIT	COPY-STR-EXACT+CALLRESULT	a	EMIT			70173D3F 70173D41 70173D43 70173D45	[@bp(ac3, 0x2B8), M32[wp(ac3, 154)]] = [@bp(ac3, 0x1E8), M32[wp(ac3, 154)]]	expr	6	piece 1/2 of OP_EDIT ('frame', 696); copy-out of OP_EDIT ('frame', 488) (total MATCH)
70173D4D	WCMV	70173D02	OP_EDIT	CONCAT-PIECE	a	EMIT			70173D48 70173D4A 70173D4C	[@ac2, sx16(M16[wp(ac3, 136)])] = [@wp(ac3, 136), varying]	mixed	4	piece 2/2 of OP_EDIT ('frame', 696)
70173D58	WCMV	70173D02	OP_EDIT	ASSIGN-STR-VARYING+CALLRESULT	a	EMIT			70173D54 70173D56	[@bp(ac3, 0x342), ac0] = [@bp(ac3, 0x2B8), ac1]	mixed	6	copy-out of OP_EDIT ('frame', 696) (total MATCH)
70174075	WCMV	70174069	OP_EDIT	COPY-LIT-EXACT	a	EMIT			70174070 70174072 70174074	[@bp(ac3, 140), 14] = [@0x701736FD:0, "\x0BCoordinates: "]	expr	4	piece 1/2 of OP_EDIT ('frame', 140)
7017407C	WCMV	70174069	OP_EDIT	CONCAT-PIECE	a	EMIT			70174077 70174079 7017407B	[@ac2, sx16(M16[wp(ac3, 98)])] = [@wp(ac3, 98), varying]	mixed	4	piece 2/2 of OP_EDIT ('frame', 140)
70174085	WCMV	70174069	OP_EDIT	COPY-STR-EXACT	a	EMIT			7017407E 70174080 70174082 70174084	[@bp(ac3, 0x15C), M32[wp(ac3, 32)]] = [@bp(ac3, 140), M32[wp(ac3, 32)]]	expr	4	piece 1/2 of OP_EDIT ('frame', 348); copy-out of OP_EDIT ('frame', 140) (total MATCH)
7017408B	WCMV	70174069	OP_EDIT	CONCAT-PIECE	a	EMIT			70174086 70174088 7017408A	[@ac2, 3] = [@0x701736FB:0, " - "]	mixed	4	piece 2/2 of OP_EDIT ('frame', 348)
70174094	WCMV	70174069	OP_EDIT	COPY-STR-EXACT	a	EMIT			7017408D 7017408F 70174091 70174093	[@bp(ac3, 0x1E8), M32[wp(ac3, 36)]] = [@bp(ac3, 0x15C), M32[wp(ac3, 36)]]	expr	4	piece 1/2 of OP_EDIT ('frame', 488)
7017409B	WCMV	70174069	OP_EDIT	CONCAT-PIECE	a	EMIT			70174096 70174098 7017409A	[@ac2, sx16(M16[wp(ac3, 116)])] = [@wp(ac3, 116), varying]	mixed	4	piece 2/2 of OP_EDIT ('frame', 488)
701740A6	WCMV	70174069	OP_EDIT	ASSIGN-STR-VARYING+CALLRESULT	a	EMIT			701740A2 701740A4	[@bp(ac3, 0x252), ac0] = [@bp(ac3, 0x1E8), ac1]	mixed	6	copy-out of OP_EDIT ('frame', 488) (total MATCH)
701740FC	WCMV	701740E9	OP_EDIT	COPY-STR-EXACT	a	EMIT			701740F5 701740F8 701740FB	[@bp(ac3, 0x2B9), sx16(M16[0x7000021C])] = [@0x7000021C, varying]	expr	4	piece 1/1 of OP_EDIT ('frame', 697)
70174107	WCMV	701740E9	OP_EDIT	ASSIGN-STR-VARYING	a	EMIT			701740FE 70174100 70174101 70174103 70174105	[@wp(ac3, 416), (sx16(M16[0x7000021C]) + 1) varying] = [@bp(ac3, 0x2B8), (sx16(M16[0x7000021C]) + 1)]	expr	5	
7017413A	WCMV	7017412A	OP_EDIT	COPY-STR-EXACT	a	EMIT			70174133 70174135 70174137 70174139	[@bp(ac3, 68), 2] = [@bp(ac3, 64), 2]	expr	4	piece 1/1 of OP_EDIT ('frame', 68)
70174615	WCMV	701745F6	OP_EDIT	COPY-LIT-EXACT	a	EMIT			70174612 70174614	[@bp(ac3, 140), 19] = [@0x70173665:0, "\x0BLast territory is "]	expr	4	piece 1/2 of OP_EDIT ('frame', 140)
70174621	WCMV	701745F6	OP_EDIT	CONCAT-PIECE+CALLRESULT	a	EMIT				[@ac2, ac0] = [@ac3, ac1]	register	6	piece 2/2 of OP_EDIT ('frame', 140)
7017462C	WCMV	701745F6	OP_EDIT	ASSIGN-STR-VARYING+CALLRESULT	a	EMIT			70174628 7017462A	[@bp(ac3, 0x15E), ac0] = [@bp(ac3, 140), ac1]	mixed	6	copy-out of OP_EDIT ('frame', 140) (total MATCH)
7017468E	WCMV	70174670	OP_EDIT	COPY-LIT-EXACT	a	EMIT			7017468B 7017468D	[@bp(ac3, 140), 19] = [@0x70173659:0, "\x0BLast land mass is "]	expr	4	piece 1/2 of OP_EDIT ('frame', 140)
7017469C	WCMV	70174670	OP_EDIT	CONCAT-PIECE+CALLRESULT	a	EMIT				[@ac2, ac0] = [@ac3, ac1]	register	6	piece 2/2 of OP_EDIT ('frame', 140)
701746A7	WCMV	70174670	OP_EDIT	ASSIGN-STR-VARYING+CALLRESULT	a	EMIT			701746A3 701746A5	[@bp(ac3, 0x15E), ac0] = [@bp(ac3, 140), ac1]	mixed	6	copy-out of OP_EDIT ('frame', 140) (total MATCH)
70174704	WCMV	701746E7	OP_EDIT	COPY-LIT-EXACT	a	EMIT			70174701 70174703	[@bp(ac3, 140), 14] = [@0x70173651:0, "\x0BLast city is "]	expr	4	piece 1/2 of OP_EDIT ('frame', 140)
70174710	WCMV	701746E7	OP_EDIT	CONCAT-PIECE+CALLRESULT	a	EMIT				[@ac2, ac0] = [@ac3, ac1]	register	6	piece 2/2 of OP_EDIT ('frame', 140)
7017471B	WCMV	701746E7	OP_EDIT	ASSIGN-STR-VARYING+CALLRESULT	a	EMIT			70174717 70174719	[@bp(ac3, 0x15E), ac0] = [@bp(ac3, 140), ac1]	mixed	6	copy-out of OP_EDIT ('frame', 140) (total MATCH)
701748BE	WCMV	701748A6	OP_EDIT	COPY-LIT-EXACT	a	EMIT			701748B9 701748BB 701748BD	[@bp(ac3, 140), 19] = [@0x7017361B:0, "\x0BLast castle is at "]	expr	4	piece 1/2 of OP_EDIT ('frame', 140)
701748C5	WCMV	701748A6	OP_EDIT	CONCAT-PIECE	a	EMIT			701748C0 701748C2 701748C4	[@ac2, sx16(M16[wp(ac3, 98)])] = [@wp(ac3, 98), varying]	mixed	4	piece 2/2 of OP_EDIT ('frame', 140)
701748CE	WCMV	701748A6	OP_EDIT	COPY-STR-EXACT	a	EMIT			701748C7 701748C9 701748CB 701748CD	[@bp(ac3, 0x15C), M32[wp(ac3, 32)]] = [@bp(ac3, 140), M32[wp(ac3, 32)]]	expr	4	piece 1/2 of OP_EDIT ('frame', 348); copy-out of OP_EDIT ('frame', 140) (total MATCH)
701748D4	WCMV	701748A6	OP_EDIT	CONCAT-PIECE	a	EMIT			701748CF 701748D1 701748D3	[@ac2, 3] = [@0x701736FB:0, " - "]	mixed	4	piece 2/2 of OP_EDIT ('frame', 348)
701748DD	WCMV	701748A6	OP_EDIT	COPY-STR-EXACT	a	EMIT			701748D6 701748D8 701748DA 701748DC	[@bp(ac3, 0x1E8), M32[wp(ac3, 36)]] = [@bp(ac3, 0x15C), M32[wp(ac3, 36)]]	expr	4	piece 1/2 of OP_EDIT ('frame', 488)
701748E4	WCMV	701748A6	OP_EDIT	CONCAT-PIECE	a	EMIT			701748DF 701748E1 701748E3	[@ac2, sx16(M16[wp(ac3, 116)])] = [@wp(ac3, 116), varying]	mixed	4	piece 2/2 of OP_EDIT ('frame', 488)
701748ED	WCMV	701748A6	OP_EDIT	COPY-STR-EXACT+CALLRESULT	a	EMIT				[@ac2, ac0] = [@ac3, ac1]	register	6	piece 1/2 of OP_EDIT ('frame', 592); copy-out of OP_EDIT ('frame', 488) (total MATCH)
701748F3	WCMV	701748A6	OP_EDIT	CONCAT-PIECE	a	EMIT			701748EE 701748F0 701748F2	[@ac2, 3] = [@0x70173619:0, "   "]	mixed	4	piece 2/2 of OP_EDIT ('frame', 592)
70174903	WCMV	701748A6	OP_EDIT	COPY-STR-EXACT+CALLRESULT	a	EMIT				[@ac2, ac0] = [@ac3, ac1]	register	6	piece 1/2 of OP_EDIT ('frame', 696); copy-out of OP_EDIT ('frame', 592) (total MATCH)
7017490F	WCMV	701748A6	OP_EDIT	CONCAT-PIECE	a	EMIT			7017490A 7017490C 7017490E	[@ac2, sx16(M16[((sx16(M16[(M32[0x70000212] + 0xDE890)]) * 23) + M32[0x70000214] - 17)])] = [@((sx16(M16[(M32[0x70000212] + 0xDE890)]) * 23) + M32[0x70000214] - 17), varying]	mixed	4	piece 2/2 of OP_EDIT ('frame', 696)
7017491A	WCMV	701748A6	OP_EDIT	ASSIGN-STR-VARYING+CALLRESULT	a	EMIT			70174916 70174918	[@bp(ac3, 0x342), ac0] = [@bp(ac3, 0x2B8), ac1]	mixed	6	copy-out of OP_EDIT ('frame', 696) (total MATCH)
7017597B	WCMV	70175972	OP_EDIT	ASSIGN-STR-VARYING-PAD	p	EMIT			70175974 70175976 70175978	[@bp(M32[wp(ac3, -14)], 2), ac0] = [@0x7000021C, varying]	mixed	5	
70175BB2	WCMV	70175BA9	OP_HELP	COPY-LIT-EXACT	a	EMIT			70175BAB 70175BAD 70175BAF 70175BB1	[@bp(ac3, 4), 102] = [@0x70175AFB:0, "\x0C\x14Operator Help\x15\x0A\x0AB - make building      C - make castle/citadel\x0Af - make forest        h - make hold\x0A"]	expr	4	piece 1/2 of OP_HELP ('frame', 4)
70175BB8	WCMV	70175BA9	OP_HELP	CONCAT-PIECE	a	EMIT			70175BB3 70175BB5 70175BB7	[@ac2, 120] = [@0x70175ABF:0, "I,i - set increment    K - kill player\x0AL - list               M - make mountain\x0Am - make hill          P - list players\x0A"]	mixed	4	piece 2/2 of OP_HELP ('frame', 4)
70175BC1	WCMV	70175BA9	OP_HELP	COPY-STR-EXACT	a	EMIT			70175BBA 70175BBC 70175BBE 70175BC0	[@bp(ac3, 228), 222] = [@bp(ac3, 4), 222]	expr	4	piece 1/2 of OP_HELP ('frame', 228)
70175BC7	WCMV	70175BA9	OP_HELP	CONCAT-PIECE	a	EMIT			70175BC2 70175BC4 70175BC6	[@ac2, 125] = [@0x70175A7F:0, "S - make store         T - make tower/temple\x0At - make D.L. staff    W - make deep water\x0Aw - make shallow water x - make road\x0A"]	mixed	4	piece 2/2 of OP_HELP ('frame', 228)
70175BD0	WCMV	70175BA9	OP_HELP	COPY-STR-EXACT	a	EMIT			70175BC9 70175BCB 70175BCD 70175BCF	[@bp(ac3, 0x240), 0x15B] = [@bp(ac3, 228), 0x15B]	expr	4	piece 1/2 of OP_HELP ('frame', 576); copy-out of OP_HELP ('frame', 228) (total MATCH)
70175BD6	WCMV	70175BA9	OP_HELP	CONCAT-PIECE	a	EMIT			70175BD1 70175BD3 70175BD5	[@ac2, 127] = [@0x70175A3F:0, "! - make cliffs        @ - define city center\x0A# - edit list          % - make boat\x0A& - define land mass   * - define territory\x0A"]	mixed	4	piece 2/2 of OP_HELP ('frame', 576)
70175BDF	WCMV	70175BA9	OP_HELP	COPY-STR-EXACT	a	EMIT			70175BD8 70175BDA 70175BDC 70175BDE	[@bp(ac3, 0x41C), 0x1DA] = [@bp(ac3, 0x240), 0x1DA]	expr	4	piece 1/2 of OP_HELP ('frame', 1052)
70175BE5	WCMV	70175BA9	OP_HELP	CONCAT-PIECE	a	EMIT			70175BE0 70175BE2 70175BE4	[@ac2, 122] = [@0x70175A01:0, "( - make cave          = - create map\x0A+ - make ford          ` - display next being\x0A[ - make transporter   \x22 - make swamp\x0A"]	mixed	4	piece 2/2 of OP_HELP ('frame', 1052)
70175BEE	WCMV	70175BA9	OP_HELP	COPY-STR-EXACT	a	EMIT			70175BE7 70175BE9 70175BEB 70175BED	[@bp(ac3, 0x670), 0x254] = [@bp(ac3, 0x41C), 0x254]	expr	4	piece 1/2 of OP_HELP ('frame', 1648)
70175BF4	WCMV	70175BA9	OP_HELP	CONCAT-PIECE	a	EMIT			70175BEF 70175BF1 70175BF3	[@ac2, 46] = [@0x701759E9:0, "< - define top left    > - define bottom right"]	mixed	4	piece 2/2 of OP_HELP ('frame', 1648)
70175BFD	WCMV	70175BA9	OP_HELP	COPY-STR-EXACT	a	EMIT			70175BF6 70175BF8 70175BFA 70175BFC	[@bp(ac3, 0x8F4), 0x282] = [@bp(ac3, 0x670), 0x282]	expr	4	piece 1/2 of OP_HELP ('frame', 2292)
70175C03	WCMV	70175BA9	OP_HELP	CONCAT-PIECE	a	EMIT			70175BFE 70175C00 70175C02	[@ac2, 49] = [@0x701759CF:0, "\x0A. - territory map      ? - display coordinates\x0A\x0A"]	mixed	4	piece 2/2 of OP_HELP ('frame', 2292)
70176B1C	WCMV	70176B10	REFRESH_SCREEN	COPY-LIT-EXACT	a	EMIT			70176B16 70176B18 70176B1B	[@bp(ac3, 13), 22] = [@0x7015155A:0, "                      "]	expr	4	piece 1/1 of REFRESH_SCREEN ('frame', 13)
70176B25	WCMV	70176B10	REFRESH_SCREEN	COPY-STR-EXACT	a	EMIT			70176B1E 70176B20 70176B22 70176B24	[@bp(ac3, 44), 23] = [@bp(ac3, 12), 23]	expr	4	piece 1/1 of REFRESH_SCREEN ('frame', 44)
70176C8B	WCMV	70176C5C	REPORT	COPY-STR-EXACT	a	EMIT			70176C86 70176C88 70176C8A	[@bp(ac3, 53), sx16(M16[((sx16(M16[wp(ac3, 3)]) * 23) + M32[0x70000214] - 0x38281)])] = [@((sx16(M16[wp(ac3, 3)]) * 23) + M32[0x70000214] - 0x38281), varying]	expr	4	piece 1/1 of REPORT ('frame', 53)
70176C94	WCMV	70176C5C	REPORT	COPY-STR-EXACT	a	EMIT			70176C8D 70176C8F 70176C91 70176C93	[@bp(ac3, 88), (sx16(M16[((sx16(M16[wp(ac3, 3)]) * 23) + M32[0x70000214] - 0x38281)]) + 1)] = [@bp(ac3, 52), (sx16(M16[((sx16(M16[wp(ac3, 3)]) * 23) + M32[0x70000214] - 0x38281)]) + 1)]	expr	4	piece 1/2 of REPORT ('frame', 88)
70176C9A	WCMV	70176C5C	REPORT	CONCAT-PIECE	a	EMIT			70176C95 70176C97 70176C99	[@ac2, 19] = [@0x70176B85:0, " is under seige by "]	mixed	4	piece 2/2 of REPORT ('frame', 88)
70176CAA	WCMV	70176C5C	REPORT	COPY-STR-EXACT	a	EMIT			70176CA3 70176CA5 70176CA7 70176CA9	[@bp(ac3, 140), (sx16(M16[((sx16(M16[wp(ac3, 3)]) * 23) + M32[0x70000214] - 0x38281)]) + 20)] = [@bp(ac3, 88), (sx16(M16[((sx16(M16[wp(ac3, 3)]) * 23) + M32[0x70000214] - 0x38281)]) + 20)]	expr	4	piece 1/2 of REPORT ('frame', 140)
70176CB6	WCMV	70176C5C	REPORT	CONCAT-PIECE	a	EMIT			70176CB1 70176CB3 70176CB5	[@ac2, sx16(M16[((sx16(M16[wp(ac3, 2)]) * 686) + M32[0x70000210] - 0x271)])] = [@((sx16(M16[wp(ac3, 2)]) * 686) + M32[0x70000210] - 0x271), varying]	mixed	4	piece 2/2 of REPORT ('frame', 140)
70176CBF	WCMV	70176C5C	REPORT	COPY-STR-EXACT	a	EMIT			70176CB8 70176CBA 70176CBC 70176CBE	[@bp(ac3, 224), (sx16(M16[((sx16(M16[wp(ac3, 2)]) * 686) + M32[0x70000210] - 0x271)]) + sx16(M16[((sx16(M16[wp(ac3, 3)]) * 23) + M32[0x70000214] - 0x38281)]) + 20)] = [@bp(ac3, 140), (sx16(M16[((sx16(M16[wp(ac3, 2)]) * 686) + M32[0x70000210] - 0x271)]) + sx16(M16[((sx16(M16[wp(ac3, 3)]) * 23) + M32[0x70000214] - 0x38281)]) + 20)]	expr	4	piece 1/1 of REPORT ('frame', 224); copy-out of REPORT ('frame', 140) (total MATCH)
70176CCD	WCMV	70176C5C	REPORT	ASSIGN-STR-VARYING	a	EMIT			70176CC4 70176CC6 70176CC7 70176CC9 70176CCB	[@wp(ac3, 154), (sx16(M16[((sx16(M16[wp(ac3, 2)]) * 686) + M32[0x70000210] - 0x271)]) + sx16(M16[((sx16(M16[wp(ac3, 3)]) * 23) + M32[0x70000214] - 0x38281)]) + 21) varying] = [@bp(ac3, 224), (sx16(M16[((sx16(M16[wp(ac3, 2)]) * 686) + M32[0x70000210] - 0x271)]) + sx16(M16[((sx16(M16[wp(ac3, 3)]) * 23) + M32[0x70000214] - 0x38281)]) + 21)]	expr	5	copy-out of REPORT ('frame', 224) (total MATCH)
70176D3D	WCMV	70176D0E	REPORT	COPY-STR-EXACT	a	EMIT				[@ac2, ac0] = [@ac3, ac1]	register	4	piece 1/1 of REPORT ('frame', 53)
70176D46	WCMV	70176D0E	REPORT	COPY-STR-EXACT	a	EMIT				[@ac2, ac0] = [@ac3, ac1]	register	4	piece 1/2 of REPORT ('frame', 140)
70176D4C	WCMV	70176D0E	REPORT	CONCAT-PIECE	a	EMIT			70176D47 70176D49 70176D4B	[@ac2, 29] = [@0x70176B75:0, " is no longer under seige by "]	mixed	4	piece 2/2 of REPORT ('frame', 140)
70176D5C	WCMV	70176D0E	REPORT	COPY-STR-EXACT	a	EMIT				[@ac2, ac0] = [@ac3, ac1]	register	4	piece 1/2 of REPORT ('frame', 396)
70176D68	WCMV	70176D0E	REPORT	CONCAT-PIECE	a	EMIT			70176D63 70176D65 70176D67	[@ac2, sx16(M16[((sx16(M16[wp(ac3, 2)]) * 686) + M32[0x70000210] - 0x271)])] = [@((sx16(M16[wp(ac3, 2)]) * 686) + M32[0x70000210] - 0x271), varying]	mixed	4	piece 2/2 of REPORT ('frame', 396)
70176D71	WCMV	70176D0E	REPORT	COPY-STR-EXACT	a	EMIT				[@ac2, ac0] = [@ac3, ac1]	register	4	piece 1/1 of REPORT ('frame', 488); copy-out of REPORT ('frame', 396) (total MATCH)
70176D7F	WCMV	70176D0E	REPORT	ASSIGN-STR-VARYING	a	EMIT			70176D7B 70176D7D	[@bp(ac3, 0x24A), ac0] = [@bp(ac3, 0x1E8), ac1]	mixed	5	copy-out of REPORT ('frame', 488) (total MATCH)
70176DF3	WCMV	70176DE2	REPORT	COPY-LIT-EXACT	a	EMIT			70176DEE 70176DF0 70176DF2	[@bp(ac3, 52), 5] = [@0x70176B71:0, "\x0BThe "]	expr	4	piece 1/2 of REPORT ('frame', 52)
70176DFE	WCMV	70176DE2	REPORT	CONCAT-PIECE	a	EMIT			70176DF5 70176DF7 70176DFA 70176DFD	[@ac2, sx16(M16[((sx16(M16[((sx16(M16[wp(ac3, 2)]) * 686) + M32[0x70000210] + 42)]) * 11) - 0xFEA6E5C)])] = [@bp((sx16(M16[((sx16(M16[wp(ac3, 2)]) * 686) + M32[0x70000210] + 42)]) * 11), -0x1FD4DCB6), sx16(M16[((sx16(M16[((sx16(M16[wp(ac3, 2)]) * 686) + M32[0x70000210] + 42)]) * 11) - 0xFEA6E5C)])]	mixed	4	piece 2/2 of REPORT ('frame', 52)
70176E07	WCMV	70176DE2	REPORT	COPY-STR-EXACT	a	EMIT			70176E00 70176E02 70176E04 70176E06	[@bp(ac3, 224), M32[wp(ac3, 14)]] = [@bp(ac3, 52), M32[wp(ac3, 14)]]	expr	4	piece 1/1 of REPORT ('frame', 224); copy-out of REPORT ('frame', 52) (total MATCH)
70176E1A	WCMV	70176DE2	REPORT	COPY-STR-EXACT	a	EMIT			70176E13 70176E15 70176E17 70176E19	[@bp(ac3, 0x134), M32[wp(ac3, 16)]] = [@bp(ac3, 224), M32[wp(ac3, 16)]]	expr	4	piece 1/2 of REPORT ('frame', 308)
70176E26	WCMV	70176DE2	REPORT	CONCAT-PIECE	a	EMIT				[@ac2, ac0] = [@ac3, ac1]	register	4	piece 2/2 of REPORT ('frame', 308)
70176E2F	WCMV	70176DE2	REPORT	COPY-STR-EXACT	a	EMIT			70176E28 70176E2A 70176E2C 70176E2E	[@bp(ac3, 224), M32[wp(ac3, 18)]] = [@bp(ac3, 0x134), M32[wp(ac3, 18)]]	expr	4	piece 1/2 of REPORT ('frame', 224); copy-out of REPORT ('frame', 308) (total MATCH)
70176E35	WCMV	70176DE2	REPORT	CONCAT-PIECE	a	EMIT			70176E30 70176E32 70176E34	[@ac2, 10] = [@0x70176B6B:0, " has done "]	mixed	4	piece 2/2 of REPORT ('frame', 224)
70176E3E	WCMV	70176DE2	REPORT	COPY-STR-EXACT	a	EMIT			70176E37 70176E39 70176E3B 70176E3D	[@bp(ac3, 0x2A8), M32[wp(ac3, 20)]] = [@bp(ac3, 224), M32[wp(ac3, 20)]]	expr	4	piece 1/2 of REPORT ('frame', 680)
70176E45	WCMV	70176DE2	REPORT	CONCAT-PIECE	a	EMIT			70176E40 70176E42 70176E44	[@ac2, sx16(M16[wp(ac3, 44)])] = [@wp(ac3, 44), varying]	mixed	4	piece 2/2 of REPORT ('frame', 680)
70176E4E	WCMV	70176DE2	REPORT	COPY-STR-EXACT	a	EMIT				[@ac2, ac0] = [@ac3, ac1]	register	4	piece 1/2 of REPORT ('frame', 780); copy-out of REPORT ('frame', 680) (total MATCH)
70176E54	WCMV	70176DE2	REPORT	CONCAT-PIECE	a	EMIT			70176E4F 70176E51 70176E53	[@ac2, 25] = [@0x70176B5D:0, " strength points damage.\x0A"]	mixed	4	piece 2/2 of REPORT ('frame', 780)
70176E5F	WCMV	70176DE2	REPORT	ASSIGN-STR-VARYING	a	EMIT			70176E5B 70176E5D	[@bp(ac3, 0x38E), ac0] = [@bp(ac3, 0x30C), ac1]	mixed	5	copy-out of REPORT ('frame', 780) (total MATCH)
70176EEF	WCMV	70176ECD	REPORT	COPY-LIT-EXACT	d	EMIT			70176EEC 70176EEE	[@bp(ac3, 52), 4] = [@0x70176B5B:0, "The "]	expr	4	piece 1/2 of REPORT ('frame', 52)
70176EFA	WCMV	70176ECD	REPORT	CONCAT-PIECE	d	EMIT			70176EF1 70176EF3 70176EF6 70176EF9	[@ac2, sx16(M16[((sx16(M16[((sx16(M16[wp(ac3, 2)]) * 686) + M32[0x70000210] + 42)]) * 11) - 0xFEA6E5C)])] = [@bp((sx16(M16[((sx16(M16[wp(ac3, 2)]) * 686) + M32[0x70000210] + 42)]) * 11), -0x1FD4DCB6), sx16(M16[((sx16(M16[((sx16(M16[wp(ac3, 2)]) * 686) + M32[0x70000210] + 42)]) * 11) - 0xFEA6E5C)])]	mixed	4	piece 2/2 of REPORT ('frame', 52)
70176F03	WCMV	70176ECD	REPORT	COPY-STR-EXACT	d	EMIT			70176EFC 70176EFE 70176F00 70176F02	[@bp(ac3, 88), (sx16(M16[((sx16(M16[((sx16(M16[wp(ac3, 2)]) * 686) + M32[0x70000210] + 42)]) * 11) - 0xFEA6E5C)]) + 4)] = [@bp(ac3, 52), (sx16(M16[((sx16(M16[((sx16(M16[wp(ac3, 2)]) * 686) + M32[0x70000210] + 42)]) * 11) - 0xFEA6E5C)]) + 4)]	expr	4	piece 1/1 of REPORT ('frame', 88); copy-out of REPORT ('frame', 52) (total MATCH)
70176F16	WCMV	70176ECD	REPORT	COPY-STR-EXACT	d	EMIT			70176F0F 70176F11 70176F13 70176F15	[@bp(ac3, 140), (sx16(M16[((sx16(M16[((sx16(M16[wp(ac3, 2)]) * 686) + M32[0x70000210] + 42)]) * 11) - 0xFEA6E5C)]) + 5)] = [@bp(ac3, 88), (sx16(M16[((sx16(M16[((sx16(M16[wp(ac3, 2)]) * 686) + M32[0x70000210] + 42)]) * 11) - 0xFEA6E5C)]) + 5)]	expr	4	piece 1/2 of REPORT ('frame', 140)
70176F22	WCMV	70176ECD	REPORT	CONCAT-PIECE	d	EMIT			70176F1D 70176F1F 70176F21	[@ac2, sx16(M16[((sx16(M16[wp(ac3, 5)]) * 686) + M32[0x70000210] - 0x271)])] = [@((sx16(M16[wp(ac3, 5)]) * 686) + M32[0x70000210] - 0x271), varying]	mixed	4	piece 2/2 of REPORT ('frame', 140)
70176F2B	WCMV	70176ECD	REPORT	COPY-STR-EXACT	d	EMIT			70176F24 70176F26 70176F28 70176F2A	[@bp(ac3, 224), (sx16(M16[((sx16(M16[wp(ac3, 5)]) * 686) + M32[0x70000210] - 0x271)]) + sx16(M16[((sx16(M16[((sx16(M16[wp(ac3, 2)]) * 686) + M32[0x70000210] + 42)]) * 11) - 0xFEA6E5C)]) + 5)] = [@bp(ac3, 140), (sx16(M16[((sx16(M16[wp(ac3, 5)]) * 686) + M32[0x70000210] - 0x271)]) + sx16(M16[((sx16(M16[((sx16(M16[wp(ac3, 2)]) * 686) + M32[0x70000210] + 42)]) * 11) - 0xFEA6E5C)]) + 5)]	expr	4	piece 1/2 of REPORT ('frame', 224); copy-out of REPORT ('frame', 140) (total MATCH)
70176F31	WCMV	70176ECD	REPORT	CONCAT-PIECE	d	EMIT			70176F2C 70176F2E 70176F30	[@ac2, 24] = [@0x70176B4F:0, " has done away with you!"]	mixed	4	piece 2/2 of REPORT ('frame', 224)
70176F3C	WCMV	70176ECD	REPORT	ASSIGN-STR-VARYING	d	EMIT			70176F33 70176F35 70176F36 70176F38 70176F3A	[@wp(ac3, 70), (sx16(M16[((sx16(M16[wp(ac3, 5)]) * 686) + M32[0x70000210] - 0x271)]) + sx16(M16[((sx16(M16[((sx16(M16[wp(ac3, 2)]) * 686) + M32[0x70000210] + 42)]) * 11) - 0xFEA6E5C)]) + 29) varying] = [@bp(ac3, 224), (sx16(M16[((sx16(M16[wp(ac3, 5)]) * 686) + M32[0x70000210] - 0x271)]) + sx16(M16[((sx16(M16[((sx16(M16[wp(ac3, 2)]) * 686) + M32[0x70000210] + 42)]) * 11) - 0xFEA6E5C)]) + 29)]	expr	5	copy-out of REPORT ('frame', 224) (total MATCH)
701772FB	WCMV	701772EC	SEIGE	COPY-STR-EXACT	?	EMIT			701772F4 701772F5 701772F7 701772F9	[@bp(ac3, 16), (sx16(M16[((sx16(M16[wp(ac3, 3)]) * 23) + M32[0x70000214] - 17)]) + 2)] = [@bp(((sx16(M16[wp(ac3, 3)]) * 23) + M32[0x70000214]), -34), (sx16(M16[((sx16(M16[wp(ac3, 3)]) * 23) + M32[0x70000214] - 17)]) + 2)]	expr	4	piece 1/1 of SEIGE ('frame', 16)
70177374	WCMV	70177364	SEIGE	COPY-LIT-EXACT	a	EMIT			70177371 70177373	[@bp(ac3, 136), 32] = [@0x7017712D:0, "\x0BYou have returned the princess "]	expr	4	piece 1/2 of SEIGE ('frame', 136)
7017737F	WCMV	70177364	SEIGE	CONCAT-PIECE+CALLRESULT	a	EMIT				[@ac2, ac0] = [@ac3, ac1]	register	6	piece 2/2 of SEIGE ('frame', 136)
70177388	WCMV	70177364	SEIGE	COPY-STR-EXACT+CALLRESULT	a	EMIT			70177381 70177383 70177385 70177387	[@bp(ac3, 204), M32[wp(ac3, 30)]] = [@bp(ac3, 136), M32[wp(ac3, 30)]]	expr	6	piece 1/2 of SEIGE ('frame', 204); copy-out of SEIGE ('frame', 136) (total MATCH)
7017738E	WCMV	70177364	SEIGE	CONCAT-PIECE	a	EMIT			70177389 7017738B 7017738D	[@ac2, 59] = [@0x7017710F:0, "\x0A\x0Bto her home castle!! Your services have been rewarded by "]	mixed	4	piece 2/2 of SEIGE ('frame', 204)
70177397	WCMV	70177364	SEIGE	COPY-STR-EXACT+CALLRESULT	a	EMIT			70177390 70177392 70177394 70177396	[@bp(ac3, 0x148), M32[wp(ac3, 34)]] = [@bp(ac3, 204), M32[wp(ac3, 34)]]	expr	6	piece 1/2 of SEIGE ('frame', 328); copy-out of SEIGE ('frame', 204) (total MATCH)
7017739E	WCMV	70177364	SEIGE	CONCAT-PIECE	a	EMIT			70177399 7017739B 7017739D	[@ac2, sx16(M16[wp(ac3, 50)])] = [@wp(ac3, 50), varying]	mixed	4	piece 2/2 of SEIGE ('frame', 328)
701773A7	WCMV	70177364	SEIGE	COPY-STR-EXACT+CALLRESULT	a	EMIT				[@ac2, ac0] = [@ac3, ac1]	register	6	piece 1/2 of SEIGE ('frame', 484)
701773AD	WCMV	70177364	SEIGE	CONCAT-PIECE	a	EMIT			701773A8 701773AA 701773AC	[@ac2, 12] = [@0x70177109:0, " in wealth.\x0A"]	mixed	4	piece 2/2 of SEIGE ('frame', 484)
701773B8	WCMV	70177364	SEIGE	ASSIGN-STR-VARYING+CALLRESULT	a	EMIT			701773B4 701773B6	[@bp(ac3, 0x28E), ac0] = [@bp(ac3, 0x1E4), ac1]	mixed	6	copy-out of SEIGE ('frame', 484) (total MATCH)
7017759C	WCMV	7017758F	SEIGE	COPY-LIT-EXACT	a	EMIT			70177597 70177599 7017759B	[@bp(ac3, 136), 23] = [@0x701770ED:0, "\x0BYou are now inside of "]	expr	4	piece 1/2 of SEIGE ('frame', 136)
701775A3	WCMV	7017758F	SEIGE	CONCAT-PIECE	a	EMIT			7017759E 701775A0 701775A2	[@ac2, sx16(M16[wp(ac3, 8)])] = [@wp(ac3, 8), varying]	mixed	4	piece 2/2 of SEIGE ('frame', 136)
701775AE	WCMV	7017758F	SEIGE	ASSIGN-STR-VARYING	a	EMIT			701775A5 701775A7 701775A8 701775AA 701775AC	[@wp(ac3, 102), (sx16(M16[wp(ac3, 8)]) + 23) varying] = [@bp(ac3, 136), (sx16(M16[wp(ac3, 8)]) + 23)]	expr	5	copy-out of SEIGE ('frame', 136) (total MATCH)
70177734	WCMV	7017771A	SEIGE	COPY-LIT-EXACT	a	EMIT			7017772F 70177731 70177733	[@bp(ac3, 136), 12] = [@0x701770E7:0, "\x0BYou detect "]	expr	4	piece 1/2 of SEIGE ('frame', 136)
7017773B	WCMV	7017771A	SEIGE	CONCAT-PIECE	a	EMIT			70177736 70177738 7017773A	[@ac2, sx16(M16[wp(ac3, 50)])] = [@wp(ac3, 50), varying]	mixed	4	piece 2/2 of SEIGE ('frame', 136)
70177744	WCMV	7017771A	SEIGE	COPY-STR-EXACT	a	EMIT			7017773D 7017773F 70177741 70177743	[@bp(ac3, 204), (sx16(M16[wp(ac3, 50)]) + 12)] = [@bp(ac3, 136), (sx16(M16[wp(ac3, 50)]) + 12)]	expr	4	piece 1/2 of SEIGE ('frame', 204); copy-out of SEIGE ('frame', 136) (total MATCH)
7017774A	WCMV	7017771A	SEIGE	CONCAT-PIECE	a	EMIT			70177745 70177747 70177749	[@ac2, 5] = [@0x701770E3:0, "% of "]	mixed	4	piece 2/2 of SEIGE ('frame', 204)
70177753	WCMV	7017771A	SEIGE	COPY-STR-EXACT	a	EMIT			7017774C 7017774E 70177750 70177752	[@bp(ac3, 0x148), (sx16(M16[wp(ac3, 50)]) + 17)] = [@bp(ac3, 204), (sx16(M16[wp(ac3, 50)]) + 17)]	expr	4	piece 1/2 of SEIGE ('frame', 328); copy-out of SEIGE ('frame', 204) (total MATCH)
7017775A	WCMV	7017771A	SEIGE	CONCAT-PIECE	a	EMIT			70177755 70177757 70177759	[@ac2, sx16(M16[wp(ac3, 8)])] = [@wp(ac3, 8), varying]	mixed	4	piece 2/2 of SEIGE ('frame', 328)
70177763	WCMV	7017771A	SEIGE	COPY-STR-EXACT	a	EMIT			7017775C 7017775E 70177760 70177762	[@bp(ac3, 204), (sx16(M16[wp(ac3, 50)]) + sx16(M16[wp(ac3, 8)]) + 17)] = [@bp(ac3, 0x148), (sx16(M16[wp(ac3, 50)]) + sx16(M16[wp(ac3, 8)]) + 17)]	expr	4	piece 1/2 of SEIGE ('frame', 204)
70177769	WCMV	7017771A	SEIGE	CONCAT-PIECE	a	EMIT			70177764 70177766 70177768	[@ac2, 18] = [@0x701770D9:0, "'s defences left.\x0A"]	mixed	4	piece 2/2 of SEIGE ('frame', 204)
70177774	WCMV	7017771A	SEIGE	ASSIGN-STR-VARYING	a	EMIT			7017776B 7017776D 7017776E 70177770 70177772	[@wp(ac3, 164), (sx16(M16[wp(ac3, 50)]) + sx16(M16[wp(ac3, 8)]) + 35) varying] = [@bp(ac3, 204), (sx16(M16[wp(ac3, 50)]) + sx16(M16[wp(ac3, 8)]) + 35)]	expr	5	copy-out of SEIGE ('frame', 204) (total MATCH)
701777BF	WCMV	701777AF	SEIGE	COPY-LIT-EXACT	a	EMIT			701777BA 701777BC 701777BE	[@bp(ac3, 204), 43] = [@0x701770C3:0, "\x0BHit space bar to use the battering ram on "]	expr	4	piece 1/2 of SEIGE ('frame', 204)
701777C6	WCMV	701777AF	SEIGE	CONCAT-PIECE	a	EMIT			701777C1 701777C3 701777C5	[@ac2, sx16(M16[wp(ac3, 8)])] = [@wp(ac3, 8), varying]	mixed	4	piece 2/2 of SEIGE ('frame', 204)
701777CF	WCMV	701777AF	SEIGE	COPY-STR-EXACT	a	EMIT			701777C8 701777CA 701777CC 701777CE	[@bp(ac3, 0x148), (sx16(M16[wp(ac3, 8)]) + 43)] = [@bp(ac3, 204), (sx16(M16[wp(ac3, 8)]) + 43)]	expr	4	piece 1/1 of SEIGE ('frame', 328); copy-out of SEIGE ('frame', 204) (total MATCH)
701777DD	WCMV	701777AF	SEIGE	ASSIGN-STR-VARYING	a	EMIT			701777D4 701777D6 701777D7 701777D9 701777DB	[@wp(ac3, 102), (sx16(M16[wp(ac3, 8)]) + 44) varying] = [@bp(ac3, 0x148), (sx16(M16[wp(ac3, 8)]) + 44)]	expr	5	copy-out of SEIGE ('frame', 328) (total MATCH)
7017780A	WCMV	701777F9	SEIGE	COPY-LIT-EXACT	a	EMIT			70177805 70177807 70177809	[@bp(ac3, 136), 28] = [@0x701770B3:0, "\x0BYou have nothing to attack "]	expr	4	piece 1/2 of SEIGE ('frame', 136)
70177811	WCMV	701777F9	SEIGE	CONCAT-PIECE	a	EMIT			7017780C 7017780E 70177810	[@ac2, sx16(M16[wp(ac3, 8)])] = [@wp(ac3, 8), varying]	mixed	4	piece 2/2 of SEIGE ('frame', 136)
7017781A	WCMV	701777F9	SEIGE	COPY-STR-EXACT	a	EMIT			70177813 70177815 70177817 70177819	[@bp(ac3, 204), (sx16(M16[wp(ac3, 8)]) + 28)] = [@bp(ac3, 136), (sx16(M16[wp(ac3, 8)]) + 28)]	expr	4	piece 1/2 of SEIGE ('frame', 204); copy-out of SEIGE ('frame', 136) (total MATCH)
70177820	WCMV	701777F9	SEIGE	CONCAT-PIECE	a	EMIT			7017781B 7017781D 7017781F	[@ac2, 6] = [@0x701770AF:0, " with!"]	mixed	4	piece 2/2 of SEIGE ('frame', 204)
7017782B	WCMV	701777F9	SEIGE	ASSIGN-STR-VARYING	a	EMIT			70177822 70177824 70177825 70177827 70177829	[@wp(ac3, 164), (sx16(M16[wp(ac3, 8)]) + 34) varying] = [@bp(ac3, 204), (sx16(M16[wp(ac3, 8)]) + 34)]	expr	5	copy-out of SEIGE ('frame', 204) (total MATCH)
701778D1	WCMV	701778C1	SEIGE	COPY-LIT-EXACT	a	EMIT			701778CC 701778CE 701778D0	[@bp(ac3, 204), 37] = [@0x7017709B:0, "\x0BHit space bar to attempt a seige on "]	expr	4	piece 1/2 of SEIGE ('frame', 204)
701778D8	WCMV	701778C1	SEIGE	CONCAT-PIECE	a	EMIT			701778D3 701778D5 701778D7	[@ac2, sx16(M16[wp(ac3, 8)])] = [@wp(ac3, 8), varying]	mixed	4	piece 2/2 of SEIGE ('frame', 204)
701778E1	WCMV	701778C1	SEIGE	COPY-STR-EXACT	a	EMIT			701778DA 701778DC 701778DE 701778E0	[@bp(ac3, 0x148), (sx16(M16[wp(ac3, 8)]) + 37)] = [@bp(ac3, 204), (sx16(M16[wp(ac3, 8)]) + 37)]	expr	4	piece 1/1 of SEIGE ('frame', 328); copy-out of SEIGE ('frame', 204) (total MATCH)
701778EF	WCMV	701778C1	SEIGE	ASSIGN-STR-VARYING	a	EMIT			701778E6 701778E8 701778E9 701778EB 701778ED	[@wp(ac3, 102), (sx16(M16[wp(ac3, 8)]) + 38) varying] = [@bp(ac3, 0x148), (sx16(M16[wp(ac3, 8)]) + 38)]	expr	5	copy-out of SEIGE ('frame', 328) (total MATCH)
70177A5F	WCMV	70177A4E	SEIGE	COPY-LIT-EXACT	a	EMIT			70177A5A 70177A5C 70177A5E	[@bp(ac3, 136), 27] = [@0x7017707B:0, "\x0BBoiling oil has inflicted "]	expr	4	piece 1/2 of SEIGE ('frame', 136)
70177A66	WCMV	70177A4E	SEIGE	CONCAT-PIECE	a	EMIT			70177A61 70177A63 70177A65	[@ac2, sx16(M16[wp(ac3, 50)])] = [@wp(ac3, 50), varying]	mixed	4	piece 2/2 of SEIGE ('frame', 136)
70177A6F	WCMV	70177A4E	SEIGE	COPY-STR-EXACT	a	EMIT			70177A68 70177A6A 70177A6C 70177A6E	[@bp(ac3, 204), (sx16(M16[wp(ac3, 50)]) + 27)] = [@bp(ac3, 136), (sx16(M16[wp(ac3, 50)]) + 27)]	expr	4	piece 1/2 of SEIGE ('frame', 204); copy-out of SEIGE ('frame', 136) (total MATCH)
70177A75	WCMV	70177A4E	SEIGE	CONCAT-PIECE	a	EMIT			70177A70 70177A72 70177A74	[@ac2, 25] = [@0x7017706D:0, " strength points damage!\x0A"]	mixed	4	piece 2/2 of SEIGE ('frame', 204)
70177A80	WCMV	70177A4E	SEIGE	ASSIGN-STR-VARYING	a	EMIT			70177A77 70177A79 70177A7A 70177A7C 70177A7E	[@wp(ac3, 164), (sx16(M16[wp(ac3, 50)]) + 52) varying] = [@bp(ac3, 204), (sx16(M16[wp(ac3, 50)]) + 52)]	expr	5	copy-out of SEIGE ('frame', 204) (total MATCH)
70178DBE	WCMP	70178DB5	START_TURN	-	-	EMIT			70178DB5 70178DB6 70178DB9 70178DBB	ac1 = cmp([@0x7000021C, varying], [@0x7017804D:0, ac1])	expr	6	
70179C62	WCMV	70179C52	STORE	COPY-LIT-EXACT	a	EMIT			70179C5F 70179C61	[@bp(ac3, 164), 33] = [@0x70179B4B:0, "\x0BThe minimum mercenary price is $"]	expr	4	piece 1/2 of STORE ('frame', 164)
70179C69	WCMV	70179C52	STORE	CONCAT-PIECE	a	EMIT			70179C64 70179C66 70179C68	[@ac2, sx16(M16[wp(ac3, 64)])] = [@wp(ac3, 64), varying]	mixed	4	piece 2/2 of STORE ('frame', 164)
70179C72	WCMV	70179C52	STORE	COPY-STR-EXACT	a	EMIT			70179C6B 70179C6D 70179C6F 70179C71	[@bp(ac3, 232), (sx16(M16[wp(ac3, 64)]) + 33)] = [@bp(ac3, 164), (sx16(M16[wp(ac3, 64)]) + 33)]	expr	4	piece 1/2 of STORE ('frame', 232); copy-out of STORE ('frame', 164) (total MATCH)
70179C78	WCMV	70179C52	STORE	CONCAT-PIECE	a	EMIT			70179C73 70179C75 70179C77	[@ac2, 2] = [@0x70179B49:0, ".\x0A"]	mixed	4	piece 2/2 of STORE ('frame', 232)
70179C83	WCMV	70179C52	STORE	ASSIGN-STR-VARYING	a	EMIT			70179C7A 70179C7C 70179C7D 70179C7F 70179C81	[@wp(ac3, 150), (sx16(M16[wp(ac3, 64)]) + 35) varying] = [@bp(ac3, 232), (sx16(M16[wp(ac3, 64)]) + 35)]	expr	5	copy-out of STORE ('frame', 232) (total MATCH)
70179CC2	WCMV	70179CB2	STORE	COPY-LIT-EXACT	a	EMIT			70179CBF 70179CC1	[@bp(ac3, 232), 23] = [@0x70179B3D:0, "\x0BRed guard's price is $"]	expr	4	piece 1/2 of STORE ('frame', 232)
70179CC9	WCMV	70179CB2	STORE	CONCAT-PIECE	a	EMIT			70179CC4 70179CC6 70179CC8	[@ac2, sx16(M16[wp(ac3, 64)])] = [@wp(ac3, 64), varying]	mixed	4	piece 2/2 of STORE ('frame', 232)
70179CD2	WCMV	70179CB2	STORE	COPY-STR-EXACT	a	EMIT			70179CCB 70179CCD 70179CCF 70179CD1	[@bp(ac3, 0x174), M32[wp(ac3, 46)]] = [@bp(ac3, 232), M32[wp(ac3, 46)]]	expr	4	piece 1/2 of STORE ('frame', 372)
70179CD8	WCMV	70179CB2	STORE	CONCAT-PIECE	a	EMIT			70179CD3 70179CD5 70179CD7	[@ac2, 26] = [@0x70179B2F:0, "\x0A\x0BBlack guard's price is $"]	mixed	4	piece 2/2 of STORE ('frame', 372)
70179CE1	WCMV	70179CB2	STORE	COPY-STR-EXACT	a	EMIT			70179CDA 70179CDC 70179CDE 70179CE0	[@bp(ac3, 0x1C8), M32[wp(ac3, 62)]] = [@bp(ac3, 0x174), M32[wp(ac3, 62)]]	expr	4	piece 1/2 of STORE ('frame', 456); copy-out of STORE ('frame', 372) (total MATCH)
70179CE8	WCMV	70179CB2	STORE	CONCAT-PIECE	a	EMIT			70179CE3 70179CE5 70179CE7	[@ac2, sx16(M16[wp(ac3, 82)])] = [@wp(ac3, 82), varying]	mixed	4	piece 2/2 of STORE ('frame', 456)
70179CF1	WCMV	70179CB2	STORE	COPY-STR-EXACT+CALLRESULT	a	EMIT				[@ac2, ac0] = [@ac3, ac1]	register	6	piece 1/2 of STORE ('frame', 572)
70179CF7	WCMV	70179CB2	STORE	CONCAT-PIECE	a	EMIT			70179CF2 70179CF4 70179CF6	[@ac2, 43] = [@0x70179B19:0, "\x0AHit 'R' for red guard, 'B' for black guard"]	mixed	4	piece 2/2 of STORE ('frame', 572)
70179D02	WCMV	70179CB2	STORE	ASSIGN-STR-VARYING+CALLRESULT	a	EMIT			70179CFE 70179D00	[@bp(ac3, 0x2DA), ac0] = [@bp(ac3, 0x23C), ac1]	mixed	6	copy-out of STORE ('frame', 572) (total MATCH)
7017A058	WCMV	7017A047	STORE	COPY-LIT-EXACT	a	EMIT			7017A053 7017A055 7017A057	[@bp(ac3, 164), 23] = [@0x70179A95:0, "\x0C\x14STORE\x15        Wealth "]	expr	4	piece 1/2 of STORE ('frame', 164)
7017A05F	WCMV	7017A047	STORE	CONCAT-PIECE	a	EMIT			7017A05A 7017A05C 7017A05E	[@ac2, sx16(M16[wp(ac3, 64)])] = [@wp(ac3, 64), varying]	mixed	4	piece 2/2 of STORE ('frame', 164)
7017A068	WCMV	7017A047	STORE	COPY-STR-EXACT	a	EMIT			7017A061 7017A063 7017A065 7017A067	[@bp(ac3, 0x23C), (sx16(M16[wp(ac3, 64)]) + 23)] = [@bp(ac3, 164), (sx16(M16[wp(ac3, 64)]) + 23)]	expr	4	piece 1/2 of STORE ('frame', 572)
7017A06E	WCMV	7017A047	STORE	CONCAT-PIECE	a	EMIT			7017A069 7017A06B 7017A06D	[@ac2, 69] = [@0x70179A71:0, "\x0A\x0AItem for sale         |   price\x0A----------------------|-----------\x0A"]	mixed	4	piece 2/2 of STORE ('frame', 572)
7017A079	WCMV	7017A047	STORE	ASSIGN-STR-VARYING	a	EMIT			7017A070 7017A072 7017A073 7017A075 7017A077	[@wp(ac3, 364), (sx16(M16[wp(ac3, 64)]) + 92) varying] = [@bp(ac3, 0x23C), (sx16(M16[wp(ac3, 64)]) + 92)]	expr	5	copy-out of STORE ('frame', 572) (total MATCH)
7017A126	WCMV	7017A116	STORE	COPY-STR-EXACT	c	EMIT			7017A121 7017A123 7017A125	[@bp(ac3, 0x1C8), sx16(M16[wp(ac3, 64)])] = [@wp(ac3, 64), varying]	expr	4	piece 1/2 of STORE ('frame', 456)
7017A12C	WCMV	7017A116	STORE	CONCAT-PIECE	c	EMIT			7017A127 7017A129 7017A12B	[@ac2, 2] = [@0x70179A68:0, ". "]	mixed	4	piece 2/2 of STORE ('frame', 456)
7017A135	WCMV	7017A116	STORE	COPY-STR-EXACT	c	EMIT			7017A12E 7017A130 7017A132 7017A134	[@bp(ac3, 0x2D8), M32[wp(ac3, 46)]] = [@bp(ac3, 0x1C8), M32[wp(ac3, 46)]]	expr	4	piece 1/2 of STORE ('frame', 728)
7017A140	WCMV	7017A116	STORE	CONCAT-PIECE	c	EMIT			7017A137 7017A139 7017A13C 7017A13F	[@ac2, sx16(M16[((sx16(M16[wp(ac3, 12)]) * 9) - 0xFFFFA73)])] = [@bp((sx16(M16[wp(ac3, 12)]) * 9), -0x1FFFF4E4), sx16(M16[((sx16(M16[wp(ac3, 12)]) * 9) - 0xFFFFA73)])]	mixed	4	piece 2/2 of STORE ('frame', 728)
7017A4F3	WCMV	7017A4DC	STORE	COPY-LIT-EXACT	a	EMIT			7017A4EE 7017A4F0 7017A4F2	[@bp(ac3, 164), 27] = [@0x701799DD:0, "You have now purchased the "]	expr	4	piece 1/2 of STORE ('frame', 164)
7017A4FE	WCMV	7017A4DC	STORE	CONCAT-PIECE	a	EMIT			7017A4F5 7017A4F7 7017A4FA 7017A4FD	[@ac2, sx16(M16[((sx16(M16[wp(ac3, 14)]) * 9) - 0xFFFFA73)])] = [@bp((sx16(M16[wp(ac3, 14)]) * 9), -0x1FFFF4E4), sx16(M16[((sx16(M16[wp(ac3, 14)]) * 9) - 0xFFFFA73)])]	mixed	4	piece 2/2 of STORE ('frame', 164)
7017A507	WCMV	7017A4DC	STORE	COPY-STR-EXACT	a	EMIT			7017A500 7017A502 7017A504 7017A506	[@bp(ac3, 232), (sx16(M16[((sx16(M16[wp(ac3, 14)]) * 9) - 0xFFFFA73)]) + 27)] = [@bp(ac3, 164), (sx16(M16[((sx16(M16[wp(ac3, 14)]) * 9) - 0xFFFFA73)]) + 27)]	expr	4	piece 1/1 of STORE ('frame', 232); copy-out of STORE ('frame', 164) (total MATCH)
7017A515	WCMV	7017A4DC	STORE	ASSIGN-STR-VARYING	a	EMIT			7017A50C 7017A50E 7017A50F 7017A511 7017A513	[@wp(ac3, 82), (sx16(M16[((sx16(M16[wp(ac3, 14)]) * 9) - 0xFFFFA73)]) + 28) varying] = [@bp(ac3, 232), (sx16(M16[((sx16(M16[wp(ac3, 14)]) * 9) - 0xFFFFA73)]) + 28)]	expr	5	copy-out of STORE ('frame', 232) (total MATCH)
7017A9FC	WCMV	7017A9E4	TAKE	COPY-LIT-EXACT	a	EMIT			7017A9F9 7017A9FB	[@bp(ac3, 48), 19] = [@0x7017A8DF:0, "\x0BYou've found some "]	expr	4	piece 1/2 of TAKE ('frame', 48)
7017AA07	WCMV	7017A9E4	TAKE	CONCAT-PIECE	a	EMIT				[@ac2, ac0] = [@ac3, ac1]	register	4	piece 2/2 of TAKE ('frame', 48)
7017AA10	WCMV	7017A9E4	TAKE	COPY-STR-EXACT	a	EMIT				[@ac2, ac0] = [@ac3, ac1]	register	4	piece 1/2 of TAKE ('frame', 84)
7017AA16	WCMV	7017A9E4	TAKE	CONCAT-PIECE	a	EMIT			7017AA11 7017AA13 7017AA15	[@ac2, 57] = [@0x7017A8C1:0, " here!\x0A\x0BHit space bar to take it, anything else to ignore"]	mixed	4	piece 2/2 of TAKE ('frame', 84)
7017AA21	WCMV	7017A9E4	TAKE	ASSIGN-STR-VARYING	a	EMIT			7017AA1D 7017AA1F	[@bp(ac3, 178), ac0] = [@bp(ac3, 84), ac1]	mixed	5	copy-out of TAKE ('frame', 84) (total MATCH)
7017ABD1	WCMV	7017ABBC	TAKE	COPY-LIT-EXACT	a	EMIT			7017ABCC 7017ABCE 7017ABD0	[@bp(ac3, 48), 16] = [@0x7017A8B5:0, "\x0BYou've found a "]	expr	4	piece 1/2 of TAKE ('frame', 48)
7017ABDC	WCMV	7017ABBC	TAKE	CONCAT-PIECE	a	EMIT			7017ABD3 7017ABD5 7017ABD8 7017ABDB	[@ac2, sx16(M16[((sx16(M16[((M32[wp(ac3, 6)] * 9) + M32[0x70000212] + 0x2CE9)]) * 9) - 0x10000B0B)])] = [@bp((sx16(M16[((M32[wp(ac3, 6)] * 9) + M32[0x70000212] + 0x2CE9)]) * 9), -0x20001614), sx16(M16[((sx16(M16[((M32[wp(ac3, 6)] * 9) + M32[0x70000212] + 0x2CE9)]) * 9) - 0x10000B0B)])]	mixed	4	piece 2/2 of TAKE ('frame', 48)
7017ABE5	WCMV	7017ABBC	TAKE	COPY-STR-EXACT	a	EMIT			7017ABDE 7017ABE0 7017ABE2 7017ABE4	[@bp(ac3, 84), (sx16(M16[((sx16(M16[((M32[wp(ac3, 6)] * 9) + M32[0x70000212] + 0x2CE9)]) * 9) - 0x10000B0B)]) + 16)] = [@bp(ac3, 48), (sx16(M16[((sx16(M16[((M32[wp(ac3, 6)] * 9) + M32[0x70000212] + 0x2CE9)]) * 9) - 0x10000B0B)]) + 16)]	expr	4	piece 1/2 of TAKE ('frame', 84)
7017ABEB	WCMV	7017ABBC	TAKE	CONCAT-PIECE	a	EMIT			7017ABE6 7017ABE8 7017ABEA	[@ac2, 57] = [@0x7017A8C1:0, " here!\x0A\x0BHit space bar to take it, anything else to ignore"]	mixed	4	piece 2/2 of TAKE ('frame', 84)
7017ABF6	WCMV	7017ABBC	TAKE	ASSIGN-STR-VARYING	a	EMIT			7017ABED 7017ABEF 7017ABF0 7017ABF2 7017ABF4	[@wp(ac3, 88), (sx16(M16[((sx16(M16[((M32[wp(ac3, 6)] * 9) + M32[0x70000212] + 0x2CE9)]) * 9) - 0x10000B0B)]) + 73) varying] = [@bp(ac3, 84), (sx16(M16[((sx16(M16[((M32[wp(ac3, 6)] * 9) + M32[0x70000212] + 0x2CE9)]) * 9) - 0x10000B0B)]) + 73)]	expr	5	copy-out of TAKE ('frame', 84) (total MATCH)
7017AC77	WCMV	7017AC5F	TAKE	COPY-LIT-EXACT	a	EMIT			7017AC74 7017AC76	[@bp(ac3, 84), 15] = [@0x7017A8AD:0, "\x0BScroll spell: "]	expr	4	piece 1/2 of TAKE ('frame', 84)
7017AC82	WCMV	7017AC5F	TAKE	CONCAT-PIECE+CALLRESULT	a	EMIT				[@ac2, ac0] = [@ac3, ac1]	register	6	piece 2/2 of TAKE ('frame', 84)
7017AC8B	WCMV	7017AC5F	TAKE	COPY-STR-EXACT+CALLRESULT	a	EMIT				[@ac2, ac0] = [@ac3, ac1]	register	6	piece 1/1 of TAKE ('frame', 176); copy-out of TAKE ('frame', 84) (total MATCH)
7017AC99	WCMV	7017AC5F	TAKE	ASSIGN-STR-VARYING+CALLRESULT	a	EMIT			7017AC95 7017AC97	[@bp(ac3, 86), ac0] = [@bp(ac3, 176), ac1]	mixed	6	copy-out of TAKE ('frame', 176) (total MATCH)
7017AEBA	WCMV	7017AEA2	TAKE	COPY-LIT-EXACT	a	EMIT			7017AEB5 7017AEB7 7017AEB9	[@bp(ac3, 48), 18] = [@0x7017A87F:0, "\x0BYou already have "]	expr	4	piece 1/2 of TAKE ('frame', 48)
7017AEC5	WCMV	7017AEA2	TAKE	CONCAT-PIECE	a	EMIT			7017AEBC 7017AEBE 7017AEC1 7017AEC4	[@ac2, sx16(M16[((sx16(M16[((M32[wp(ac3, 6)] * 9) + M32[0x70000212] + 0x2CE9)]) * 9) - 0x10000B0B)])] = [@bp((sx16(M16[((M32[wp(ac3, 6)] * 9) + M32[0x70000212] + 0x2CE9)]) * 9), -0x20001614), sx16(M16[((sx16(M16[((M32[wp(ac3, 6)] * 9) + M32[0x70000212] + 0x2CE9)]) * 9) - 0x10000B0B)])]	mixed	4	piece 2/2 of TAKE ('frame', 48)
7017AECE	WCMV	7017AEA2	TAKE	COPY-STR-EXACT	a	EMIT			7017AEC7 7017AEC9 7017AECB 7017AECD	[@bp(ac3, 84), (sx16(M16[((sx16(M16[((M32[wp(ac3, 6)] * 9) + M32[0x70000212] + 0x2CE9)]) * 9) - 0x10000B0B)]) + 18)] = [@bp(ac3, 48), (sx16(M16[((sx16(M16[((M32[wp(ac3, 6)] * 9) + M32[0x70000212] + 0x2CE9)]) * 9) - 0x10000B0B)]) + 18)]	expr	4	piece 1/2 of TAKE ('frame', 84)
7017AED4	WCMV	7017AEA2	TAKE	CONCAT-PIECE	a	EMIT			7017AECF 7017AED1 7017AED3	[@ac2, 19] = [@0x7017A875:0, ", don't be greedy!\x0A"]	mixed	4	piece 2/2 of TAKE ('frame', 84)
7017AEDF	WCMV	7017AEA2	TAKE	ASSIGN-STR-VARYING	a	EMIT			7017AED6 7017AED8 7017AED9 7017AEDB 7017AEDD	[@wp(ac3, 88), (sx16(M16[((sx16(M16[((M32[wp(ac3, 6)] * 9) + M32[0x70000212] + 0x2CE9)]) * 9) - 0x10000B0B)]) + 37) varying] = [@bp(ac3, 84), (sx16(M16[((sx16(M16[((M32[wp(ac3, 6)] * 9) + M32[0x70000212] + 0x2CE9)]) * 9) - 0x10000B0B)]) + 37)]	expr	5	copy-out of TAKE ('frame', 84) (total MATCH)
7017AF0E	WCMV	7017AEF6	TAKE	COPY-LIT-EXACT	a	EMIT			7017AF0B 7017AF0D	[@bp(ac3, 48), 18] = [@0x7017A86B:0, "\x0BYou can not take "]	expr	4	piece 1/2 of TAKE ('frame', 48)
7017AF19	WCMV	7017AEF6	TAKE	CONCAT-PIECE	a	EMIT			7017AF10 7017AF12 7017AF15 7017AF18	[@ac2, sx16(M16[((sx16(M16[((M32[wp(ac3, 6)] * 9) + M32[0x70000212] + 0x2CE9)]) * 9) - 0x10000B0B)])] = [@bp((sx16(M16[((M32[wp(ac3, 6)] * 9) + M32[0x70000212] + 0x2CE9)]) * 9), -0x20001614), sx16(M16[((sx16(M16[((M32[wp(ac3, 6)] * 9) + M32[0x70000212] + 0x2CE9)]) * 9) - 0x10000B0B)])]	mixed	4	piece 2/2 of TAKE ('frame', 48)
7017AF22	WCMV	7017AEF6	TAKE	COPY-STR-EXACT	a	EMIT			7017AF1B 7017AF1D 7017AF1F 7017AF21	[@bp(ac3, 84), (sx16(M16[((sx16(M16[((M32[wp(ac3, 6)] * 9) + M32[0x70000212] + 0x2CE9)]) * 9) - 0x10000B0B)]) + 18)] = [@bp(ac3, 48), (sx16(M16[((sx16(M16[((M32[wp(ac3, 6)] * 9) + M32[0x70000212] + 0x2CE9)]) * 9) - 0x10000B0B)]) + 18)]	expr	4	piece 1/2 of TAKE ('frame', 84)
7017AF28	WCMV	7017AEF6	TAKE	CONCAT-PIECE	a	EMIT			7017AF23 7017AF25 7017AF27	[@ac2, 33] = [@0x7017A859:0, " without the prerequisite books!\x0A"]	mixed	4	piece 2/2 of TAKE ('frame', 84)
7017AF33	WCMV	7017AEF6	TAKE	ASSIGN-STR-VARYING	a	EMIT			7017AF2A 7017AF2C 7017AF2D 7017AF2F 7017AF31	[@wp(ac3, 88), (sx16(M16[((sx16(M16[((M32[wp(ac3, 6)] * 9) + M32[0x70000212] + 0x2CE9)]) * 9) - 0x10000B0B)]) + 51) varying] = [@bp(ac3, 84), (sx16(M16[((sx16(M16[((M32[wp(ac3, 6)] * 9) + M32[0x70000212] + 0x2CE9)]) * 9) - 0x10000B0B)]) + 51)]	expr	5	copy-out of TAKE ('frame', 84) (total MATCH)
7017B811	WCMV	7017B804	TERRITORY_MAP	ASSIGN-LIT-FIXED+SUBSTR	?	EMIT			7017B80D 7017B80F	[@ac2, 80] = [@0x7017B71D:0, " "]	mixed	5	
7017B831	WCMV	7017B82B	TERRITORY_MAP	ASSIGN-STR-FIXED	?	EMIT			7017B82C 7017B82E	[@bp(ac3, 33), ac0] = [@0x70000E2F:0, ac1]	mixed	5	
7017B866	WCMV	7017B857	TERRITORY_MAP	ASSIGN-STR-FIXED+SUBSTR	?	EMIT			7017B863	[@ac2, ac0] = [@0x70000E2F:0, ac1]	mixed	5	
7017BD95	WCMV	7017BD84	TERRITORY_MAP	COPY-LIT-EXACT+SUBSTR	?	EMIT				[@ac2, 2] = [@ac3, 2]	mixed	5	piece 1/1 of TERRITORY_MAP None
7017BF5C	WCMV	7017BF4F	TERRITORY_MAP	COPY-STR-EXACT+SUBSTR	a	EMIT			7017BF5A 7017BF5B	[@ac2, 80] = [@ac3, 80]	mixed	5	piece 1/1 of TERRITORY_MAP ('frame', 13648)
7017BF93	WCMV	7017BF82	TERRITORY_MAP	COPY-LIT-EXACT	a	EMIT			7017BF8E 7017BF90 7017BF92	[@bp(ac3, 0x35A4), 8] = [@0x7017B715:0, "Scale = "]	expr	4	piece 1/2 of TERRITORY_MAP ('frame', 13732)
7017BF9A	WCMV	7017BF82	TERRITORY_MAP	CONCAT-PIECE	a	EMIT			7017BF95 7017BF97 7017BF99	[@ac2, sx16(M16[wp(ac3, 6824)])] = [@wp(ac3, 6824), varying]	mixed	4	piece 2/2 of TERRITORY_MAP ('frame', 13732)
7017BFA3	WCMV	7017BF82	TERRITORY_MAP	COPY-STR-EXACT	a	EMIT			7017BF9C 7017BF9E 7017BFA0 7017BFA2	[@bp(ac3, 0x3550), (sx16(M16[wp(ac3, 6824)]) + 8)] = [@bp(ac3, 0x35A4), (sx16(M16[wp(ac3, 6824)]) + 8)]	expr	4	piece 1/2 of TERRITORY_MAP ('frame', 13648)
7017BFA9	WCMV	7017BF82	TERRITORY_MAP	CONCAT-PIECE	a	EMIT			7017BFA4 7017BFA6 7017BFA8	[@ac2, 21] = [@0x7017B709:0, " moves to each space\x0A"]	mixed	4	piece 2/2 of TERRITORY_MAP ('frame', 13648)
7017BFB4	WCMV	7017BF82	TERRITORY_MAP	ASSIGN-STR-VARYING	a	EMIT			7017BFAB 7017BFAD 7017BFAE 7017BFB0 7017BFB2	[@wp(ac3, 6866), (sx16(M16[wp(ac3, 6824)]) + 29) varying] = [@bp(ac3, 0x3550), (sx16(M16[wp(ac3, 6824)]) + 29)]	expr	5	copy-out of TERRITORY_MAP ('frame', 13648) (total MATCH)
7017C179	WCMV	7017C162	TERRITORY_MAP	COPY-LIT-EXACT	a	EMIT			7017C174 7017C176 7017C178	[@bp(ac3, 0x35A4), 9] = [@0x7017B6E7:0, "\x0BCity of "]	expr	4	piece 1/2 of TERRITORY_MAP ('frame', 13732)
7017C185	WCMV	7017C162	TERRITORY_MAP	CONCAT-PIECE	a	EMIT			7017C180 7017C182 7017C184	[@ac2, sx16(M16[((sx16(M16[(M32[wp(ac3, 10)] + ac3 + 0x3D1)]) * 19) + M32[0x70000212] + 0x7C2)])] = [@((sx16(M16[(M32[wp(ac3, 10)] + ac3 + 0x3D1)]) * 19) + M32[0x70000212] + 0x7C2), varying]	mixed	4	piece 2/2 of TERRITORY_MAP ('frame', 13732)
7017C18E	WCMV	7017C162	TERRITORY_MAP	COPY-STR-EXACT	a	EMIT			7017C187 7017C189 7017C18B 7017C18D	[@bp(ac3, 0x35F8), M32[wp(ac3, 6804)]] = [@bp(ac3, 0x35A4), M32[wp(ac3, 6804)]]	expr	4	piece 1/2 of TERRITORY_MAP ('frame', 13816)
7017C194	WCMV	7017C162	TERRITORY_MAP	CONCAT-PIECE	a	EMIT			7017C18F 7017C191 7017C193	[@ac2, 9] = [@0x7017B6E1:0, " limit = "]	mixed	4	piece 2/2 of TERRITORY_MAP ('frame', 13816)
7017C19D	WCMV	7017C162	TERRITORY_MAP	COPY-STR-EXACT	a	EMIT			7017C196 7017C198 7017C19A 7017C19C	[@bp(ac3, 0x35A4), M32[wp(ac3, 6808)]] = [@bp(ac3, 0x35F8), M32[wp(ac3, 6808)]]	expr	4	piece 1/2 of TERRITORY_MAP ('frame', 13732); copy-out of TERRITORY_MAP ('frame', 13816) (total MATCH)
7017C1A4	WCMV	7017C162	TERRITORY_MAP	CONCAT-PIECE	a	EMIT			7017C19F 7017C1A1 7017C1A3	[@ac2, sx16(M16[wp(ac3, 6824)])] = [@wp(ac3, 6824), varying]	mixed	4	piece 2/2 of TERRITORY_MAP ('frame', 13732)
7017C1AD	WCMV	7017C162	TERRITORY_MAP	COPY-STR-EXACT	a	EMIT			7017C1A6 7017C1A8 7017C1AA 7017C1AC	[@bp(ac3, 0x3550), (sx16(M16[wp(ac3, 6824)]) + sx16(M16[((sx16(M16[(M32[wp(ac3, 10)] + ac3 + 0x3D1)]) * 19) + M32[0x70000212] + 0x7C2)]) + 18)] = [@bp(ac3, 0x35A4), (sx16(M16[wp(ac3, 6824)]) + sx16(M16[((sx16(M16[(M32[wp(ac3, 10)] + ac3 + 0x3D1)]) * 19) + M32[0x70000212] + 0x7C2)]) + 18)]	expr	4	piece 1/1 of TERRITORY_MAP ('frame', 13648)
7017C1BB	WCMV	7017C162	TERRITORY_MAP	ASSIGN-STR-VARYING	a	EMIT			7017C1B2 7017C1B4 7017C1B5 7017C1B7 7017C1B9	[@wp(ac3, 6866), (sx16(M16[wp(ac3, 6824)]) + sx16(M16[((sx16(M16[(M32[wp(ac3, 10)] + ac3 + 0x3D1)]) * 19) + M32[0x70000212] + 0x7C2)]) + 19) varying] = [@bp(ac3, 0x3550), (sx16(M16[wp(ac3, 6824)]) + sx16(M16[((sx16(M16[(M32[wp(ac3, 10)] + ac3 + 0x3D1)]) * 19) + M32[0x70000212] + 0x7C2)]) + 19)]	expr	5	copy-out of TERRITORY_MAP ('frame', 13648) (total MATCH)
7017C2C4	WCMV	7017C2AB	TAKE_OVER_CASTLE	COPY-LIT-EXACT	a	EMIT			7017C2BF 7017C2C1 7017C2C3	[@bp(ac3, 52), 19] = [@0x7017C1F1:0, "\x0BYou have seiged a "]	expr	4	piece 1/2 of TAKE_OVER_CASTLE ('frame', 52)
7017C2CB	WCMV	7017C2AB	TAKE_OVER_CASTLE	CONCAT-PIECE	a	EMIT			7017C2C6 7017C2C8 7017C2CA	[@ac2, sx16(M16[wp(ac3, 14)])] = [@wp(ac3, 14), varying]	mixed	4	piece 2/2 of TAKE_OVER_CASTLE ('frame', 52)
7017C2D4	WCMV	7017C2AB	TAKE_OVER_CASTLE	COPY-STR-EXACT	a	EMIT			7017C2CD 7017C2CF 7017C2D1 7017C2D3	[@bp(ac3, 84), (sx16(M16[wp(ac3, 14)]) + 19)] = [@bp(ac3, 52), (sx16(M16[wp(ac3, 14)]) + 19)]	expr	4	piece 1/2 of TAKE_OVER_CASTLE ('frame', 84)
7017C2DA	WCMV	7017C2AB	TAKE_OVER_CASTLE	CONCAT-PIECE	a	EMIT			7017C2D5 7017C2D7 7017C2D9	[@ac2, 37] = [@0x7017C1DD:0, "!\x0A\x0BWhat do you wish to call your new "]	mixed	4	piece 2/2 of TAKE_OVER_CASTLE ('frame', 84)
7017C2E3	WCMV	7017C2AB	TAKE_OVER_CASTLE	COPY-STR-EXACT	a	EMIT			7017C2DC 7017C2DE 7017C2E0 7017C2E2	[@bp(ac3, 148), (sx16(M16[wp(ac3, 14)]) + 56)] = [@bp(ac3, 84), (sx16(M16[wp(ac3, 14)]) + 56)]	expr	4	piece 1/2 of TAKE_OVER_CASTLE ('frame', 148); copy-out of TAKE_OVER_CASTLE ('frame', 84) (total MATCH)
7017C2EA	WCMV	7017C2AB	TAKE_OVER_CASTLE	CONCAT-PIECE	a	EMIT			7017C2E5 7017C2E7 7017C2E9	[@ac2, sx16(M16[wp(ac3, 14)])] = [@wp(ac3, 14), varying]	mixed	4	piece 2/2 of TAKE_OVER_CASTLE ('frame', 148)
7017C2F3	WCMV	7017C2AB	TAKE_OVER_CASTLE	COPY-STR-EXACT	a	EMIT			7017C2EC 7017C2EE 7017C2F0 7017C2F2	[@bp(ac3, 220), ((sx16(M16[wp(ac3, 14)]) * 2) + 56)] = [@bp(ac3, 148), ((sx16(M16[wp(ac3, 14)]) * 2) + 56)]	expr	4	piece 1/2 of TAKE_OVER_CASTLE ('frame', 220); copy-out of TAKE_OVER_CASTLE ('frame', 148) (total MATCH)
7017C2F9	WCMV	7017C2AB	TAKE_OVER_CASTLE	CONCAT-PIECE	a	EMIT			7017C2F4 7017C2F6 7017C2F8	[@ac2, 3] = [@0x7017C1DB:0, " ? "]	mixed	4	piece 2/2 of TAKE_OVER_CASTLE ('frame', 220)
7017C304	WCMV	7017C2AB	TAKE_OVER_CASTLE	ASSIGN-STR-VARYING	a	EMIT			7017C2FB 7017C2FD 7017C2FE 7017C300 7017C302	[@wp(ac3, 148), ((sx16(M16[wp(ac3, 14)]) * 2) + 59) varying] = [@bp(ac3, 220), ((sx16(M16[wp(ac3, 14)]) * 2) + 59)]	expr	5	copy-out of TAKE_OVER_CASTLE ('frame', 220) (total MATCH)
7017C380	WCMV	7017C376	TAKE_OVER_CASTLE	ASSIGN-STR-VARYING-PAD	b	EMIT				[@ac2, ac0] = [@0x7000021D:0, ac1]	mixed	5	
7017CA2D	WCMV	7017CA19	TERRAIN	COPY-LIT-EXACT	p	EMIT			7017CA28 7017CA2A 7017CA2C	[@bp(ac3, 24), 8] = [@0x7017C7F9:0, "You are "]	expr	4	piece 1/2 of TERRAIN ('frame', 24)
7017CA38	WCMV	7017CA19	TERRAIN	CONCAT-PIECE	p	EMIT			7017CA2F 7017CA31 7017CA34 7017CA37	[@ac2, sx16(M16[((sx16(M16[M32[wp(ac3, -20)]]) * 17) - 0xFEA5442)])] = [@bp((sx16(M16[M32[wp(ac3, -20)]]) * 17), -0x1FD4A882), sx16(M16[((sx16(M16[M32[wp(ac3, -20)]]) * 17) - 0xFEA5442)])]	mixed	4	piece 2/2 of TERRAIN ('frame', 24)
7017CA4A	WCMV	7017CA42	TERRAIN	ASSIGN-STR-VARYING-PAD	p	EMIT			7017CA44 7017CA46 7017CA48	[@bp(M32[wp(ac3, -18)], 2), ac0] = [@bp(ac3, 24), (sx16(M16[((sx16(M16[M32[wp(ac3, -20)]]) * 17) - 0xFEA5442)]) + 8)]	mixed	5	copy-out of TERRAIN ('frame', 24) (total MATCH)
7017CE70	WCMV	7017CE64	TERRITORY	COPY-LIT-EXACT+SUBSTR	p	EMIT			7017CE6E	[@ac2, ac0] = [@0x7017CCEB:0, ac1]	mixed	5	piece 1/1 of TERRITORY None
7017CEA7	WCMV	7017CE9B	TERRITORY	COPY-LIT-EXACT+SUBSTR	p	EMIT			7017CEA5	[@ac2, ac0] = [@0x7017CCE7:0, ac1]	mixed	5	piece 1/1 of TERRITORY None
7017CED6	WCMV	7017CECC	TERRITORY	ASSIGN-STR-VARYING-PAD+CALLRESULT	p	EMIT				[@ac2, ac0] = [@ac3, ac1]	register	6	
7017CEF1	WCMV	7017CED9	TERRITORY	COPY-STR-EXACT	p	EMIT			7017CEEC 7017CEEE 7017CEF0	[@bp(ac3, 40), sx16(M16[wp(ac3, 6)])] = [@wp(ac3, 6), varying]	expr	4	piece 1/1 of TERRITORY ('frame', 40)
7017CF04	WCMV	7017CED9	TERRITORY	COPY-STR-EXACT	p	EMIT			7017CEFD 7017CEFF 7017CF01 7017CF03	[@bp(ac3, 52), (sx16(M16[wp(ac3, 6)]) + 1)] = [@bp(ac3, 40), (sx16(M16[wp(ac3, 6)]) + 1)]	expr	4	piece 1/2 of TERRITORY ('frame', 52)
7017CF10	WCMV	7017CED9	TERRITORY	CONCAT-PIECE+CALLRESULT	p	EMIT				[@ac2, ac0] = [@ac3, ac1]	register	6	piece 2/2 of TERRITORY ('frame', 52)
7017CF22	WCMV	7017CF1A	TERRITORY	ASSIGN-STR-VARYING-PAD+CALLRESULT	p	EMIT			7017CF1C 7017CF1E 7017CF20	[@bp(M32[wp(ac3, -16)], 2), ac0] = [@bp(ac3, 52), ac1]	mixed	6	copy-out of TERRITORY ('frame', 52) (total MATCH)
7017CF35	WCMV	7017CF2D	TERRITORY	ASSIGN-LIT-VARYING-PAD	p	EMIT			7017CF2F 7017CF31 7017CF33	[@bp(M32[wp(ac3, -16)], 2), ac0] = [@0x7017CCE1:0, "Wilderness"]	mixed	5	
7017D004	WCMV	7017CFEE	TERRITORY	COPY-STR-EXACT	b	EMIT			7017CFFC 7017CFFD 7017CFFE 7017D001	[@0x70000C34:0, (sx16(M16[((sx16(M16[wp(ac3, 2)]) * 22) + M32[0x70000212] + 0xFCC18)]) + 2)] = [@bp(((sx16(M16[wp(ac3, 2)]) * 22) + M32[0x70000212]), 0x1F9830), (sx16(M16[((sx16(M16[wp(ac3, 2)]) * 22) + M32[0x70000212] + 0xFCC18)]) + 2)]	expr	4	piece 1/1 of TERRITORY ('static', 1879051316, 0)
7017D21B	WCMV	7017D20A	TOWER_ATTACK	COPY-LIT-EXACT	a	EMIT			7017D216 7017D218 7017D21A	[@bp(ac3, 76), 56] = [@0x7017D057:0, "\x0BYou have been hit by an arrow from an elven archer for "]	expr	4	piece 1/2 of TOWER_ATTACK ('frame', 76)
7017D222	WCMV	7017D20A	TOWER_ATTACK	CONCAT-PIECE	a	EMIT			7017D21D 7017D21F 7017D221	[@ac2, sx16(M16[wp(ac3, 20)])] = [@wp(ac3, 20), varying]	mixed	4	piece 2/2 of TOWER_ATTACK ('frame', 76)
7017D22B	WCMV	7017D20A	TOWER_ATTACK	COPY-STR-EXACT	a	EMIT			7017D224 7017D226 7017D228 7017D22A	[@bp(ac3, 164), (sx16(M16[wp(ac3, 20)]) + 56)] = [@bp(ac3, 76), (sx16(M16[wp(ac3, 20)]) + 56)]	expr	4	piece 1/2 of TOWER_ATTACK ('frame', 164)
7017D231	WCMV	7017D20A	TOWER_ATTACK	CONCAT-PIECE	a	EMIT			7017D22C 7017D22E 7017D230	[@ac2, 18] = [@0x7017D04D:0, " strength points.\x0A"]	mixed	4	piece 2/2 of TOWER_ATTACK ('frame', 164)
7017D23C	WCMV	7017D20A	TOWER_ATTACK	ASSIGN-STR-VARYING	a	EMIT			7017D233 7017D235 7017D236 7017D238 7017D23A	[@wp(ac3, 136), (sx16(M16[wp(ac3, 20)]) + 74) varying] = [@bp(ac3, 164), (sx16(M16[wp(ac3, 20)]) + 74)]	expr	5	copy-out of TOWER_ATTACK ('frame', 164) (total MATCH)
7017D384	WCMV	7017D373	TOWER_ATTACK	COPY-LIT-EXACT	a	EMIT			7017D37F 7017D381 7017D383	[@bp(ac3, 76), 48] = [@0x7017D025:0, "\x0BYou have been hit by an arrow from a tower for "]	expr	4	piece 1/2 of TOWER_ATTACK ('frame', 76)
7017D38B	WCMV	7017D373	TOWER_ATTACK	CONCAT-PIECE	a	EMIT			7017D386 7017D388 7017D38A	[@ac2, sx16(M16[wp(ac3, 20)])] = [@wp(ac3, 20), varying]	mixed	4	piece 2/2 of TOWER_ATTACK ('frame', 76)
7017D394	WCMV	7017D373	TOWER_ATTACK	COPY-STR-EXACT	a	EMIT			7017D38D 7017D38F 7017D391 7017D393	[@bp(ac3, 164), (sx16(M16[wp(ac3, 20)]) + 48)] = [@bp(ac3, 76), (sx16(M16[wp(ac3, 20)]) + 48)]	expr	4	piece 1/2 of TOWER_ATTACK ('frame', 164)
7017D39A	WCMV	7017D373	TOWER_ATTACK	CONCAT-PIECE	a	EMIT			7017D395 7017D397 7017D399	[@ac2, 18] = [@0x7017D04D:0, " strength points.\x0A"]	mixed	4	piece 2/2 of TOWER_ATTACK ('frame', 164)
7017D3A5	WCMV	7017D373	TOWER_ATTACK	ASSIGN-STR-VARYING	a	EMIT			7017D39C 7017D39E 7017D39F 7017D3A1 7017D3A3	[@wp(ac3, 136), (sx16(M16[wp(ac3, 20)]) + 66) varying] = [@bp(ac3, 164), (sx16(M16[wp(ac3, 20)]) + 66)]	expr	5	copy-out of TOWER_ATTACK ('frame', 164) (total MATCH)
