# docs/Project58/asserts.tsv — every string count operand NOT proven non-negative by construction,
# with the exact IR assert that discharges it at runtime.  Emit it immediately BEFORE the statement
# (same block; the count expression is evaluated in the statement's own context, IR.md 5.8).
# tier: base-class = a varying read (count = length word at A, data at A+1); cond = non-negative iff the
#       named length word(s) are; guard = proven by a dominating guard (no assert NEEDED, listed for completeness);
#       unknown = the tool could not decide (arithmetic / opaque / interprocedural); the assert still discharges it;
#       invariant (a005) = proven by dataflow: the count is a frame slot's length word (or C - it) and every writer of
#       that slot in the routine keeps it in [0, C] (literal assignments, the clamped append min(len+k, C)); no assert NEEDED;
#       derived (a004) = built from base-class length words by +, x, min/max: covered by the ROOT site's assert(s)
#       named in the root column (block:stmt role), which dominate it with the length word unchanged between.
# pc	block	stmt	op	routine	role	class	tier	needed	root	assert
7015C0AD	7015C0A3	0	WCMP	QUEST	s1/ac1	varying	guard	no		assert((sx16(M16[0x7000021C])) >=s 0, "P58 guard s1-ac1 @7015C0AD")
7015C90D	7015C8EA	12	WCMV	ALCHEMIST_HOME	dst/ac0	lenload-expr	derived	no	7015C8EA:12 src/ac1	assert((sx16(M16[((sx16(M16[wp(ac3, 2)]) * 9) - 0xFEAF841)])) >=s 0, "P58 derived dst-ac0 @7015C90D")
7015C90D	7015C8EA	12	WCMV	ALCHEMIST_HOME	src/ac1	lenload-expr	base-class	yes		assert((sx16(M16[((sx16(M16[wp(ac3, 2)]) * 9) - 0xFEAF841)])) >=s 0, "P58 base-class src-ac1 @7015C90D")
7015C916	7015C8EA	14	WCMV	ALCHEMIST_HOME	dst/ac0	expr	derived	no	7015C8EA:12 src/ac1	assert(((sx16(M16[((sx16(M16[wp(ac3, 2)]) * 9) - 0xFEAF841)]) + 0x3C)) >=s 0, "P58 derived dst-ac0 @7015C916")
7015C916	7015C8EA	14	WCMV	ALCHEMIST_HOME	src/ac1	expr	derived	no	7015C8EA:12 src/ac1	assert(((sx16(M16[((sx16(M16[wp(ac3, 2)]) * 9) - 0xFEAF841)]) + 0x3C)) >=s 0, "P58 derived src-ac1 @7015C916")
7015C927	7015C8EA	17	WCMV	ALCHEMIST_HOME	dst/ac0	expr	derived	no	7015C8EA:12 src/ac1	assert(((sx16(M16[((sx16(M16[wp(ac3, 2)]) * 9) - 0xFEAF841)]) + 0x66)) >=s 0, "P58 derived dst-ac0 @7015C927")
7015C927	7015C8EA	17	WCMV	ALCHEMIST_HOME	src/ac1	expr	derived	no	7015C8EA:12 src/ac1	assert(((sx16(M16[((sx16(M16[wp(ac3, 2)]) * 9) - 0xFEAF841)]) + 0x66)) >=s 0, "P58 derived src-ac1 @7015C927")
7015CAC5	7015CA99	17	WCMV	ALCHEMIST_HOME	dst/ac0	register	derived	no	7015CA99:17 src/ac1	assert((ac0) >=s 0, "P58 derived dst-ac0 @7015CAC5")
7015CAC5	7015CA99	17	WCMV	ALCHEMIST_HOME	src/ac1	register	base-class	yes		assert((ac1) >=s 0, "P58 base-class src-ac1 @7015CAC5")
7015CAC5	7015CA99	23	WCMV	ALCHEMIST_HOME	dst/ac0	register	derived	no	7015CA99:17 src/ac1	assert((ac0) >=s 0, "P58 derived dst-ac0 @7015CAC5")
7015CAC5	7015CA99	23	WCMV	ALCHEMIST_HOME	src/ac1	register	derived	no	7015CA99:17 src/ac1	assert((ac1) >=s 0, "P58 derived src-ac1 @7015CAC5")
7015CAD6	7015CA99	29	WCMV	ALCHEMIST_HOME	dst/ac0	register	derived	no	7015CA99:17 src/ac1	assert((ac0) >=s 0, "P58 derived dst-ac0 @7015CAD6")
7015CAD6	7015CA99	29	WCMV	ALCHEMIST_HOME	src/ac1	register	derived	no	7015CA99:17 src/ac1	assert((ac1) >=s 0, "P58 derived src-ac1 @7015CAD6")
7015CB46	7015CB0B	17	WCMV	ALCHEMIST_HOME	dst/ac0	register	derived	no	7015CB0B:17 src/ac1	assert((ac0) >=s 0, "P58 derived dst-ac0 @7015CB46")
7015CB46	7015CB0B	17	WCMV	ALCHEMIST_HOME	src/ac1	register	base-class	yes		assert((ac1) >=s 0, "P58 base-class src-ac1 @7015CB46")
7015CB46	7015CB0B	23	WCMV	ALCHEMIST_HOME	dst/ac0	register	derived	no	7015CB0B:17 src/ac1	assert((ac0) >=s 0, "P58 derived dst-ac0 @7015CB46")
7015CB46	7015CB0B	23	WCMV	ALCHEMIST_HOME	src/ac1	register	derived	no	7015CB0B:17 src/ac1	assert((ac1) >=s 0, "P58 derived src-ac1 @7015CB46")
7015CB46	7015CB0B	30	WCMV	ALCHEMIST_HOME	dst/ac0	register	derived	no	7015CB0B:17 src/ac1	assert((ac0) >=s 0, "P58 derived dst-ac0 @7015CB46")
7015CB46	7015CB0B	30	WCMV	ALCHEMIST_HOME	src/ac1	register	derived	no	7015CB0B:17 src/ac1	assert((ac1) >=s 0, "P58 derived src-ac1 @7015CB46")
7015CB51	7015CB0B	32	WCMV	ALCHEMIST_HOME	dst/ac0	lenload-expr	derived	no	7015CB0B:32 src/ac1	assert((sx16(M16[((sx16(M16[wp(ac3, 5)]) * 0x10) - 0xFEAFBB8)])) >=s 0, "P58 derived dst-ac0 @7015CB51")
7015CB51	7015CB0B	32	WCMV	ALCHEMIST_HOME	src/ac1	lenload-expr	base-class	yes		assert((sx16(M16[((sx16(M16[wp(ac3, 5)]) * 0x10) - 0xFEAFBB8)])) >=s 0, "P58 base-class src-ac1 @7015CB51")
7015CB5C	7015CB0B	37	WCMV	ALCHEMIST_HOME	dst/ac0	register	unknown	yes		assert((ac0) >=s 0, "P58 unknown dst-ac0 @7015CB5C")
7015CB5C	7015CB0B	37	WCMV	ALCHEMIST_HOME	src/ac1	register	unknown	yes		assert((ac1) >=s 0, "P58 unknown src-ac1 @7015CB5C")
7015CE74	7015CE51	13	WCMV	ALCHEMIST_HOME.1@7015CC78	dst/ac0	lenload-expr	derived	no	7015CE51:13 src/ac1	assert((sx16(M16[((sx16(M16[(M32[wp(ac3, -0x6)] + 5)]) * 0x10) - 0xFEAFBB8)])) >=s 0, "P58 derived dst-ac0 @7015CE74")
7015CE74	7015CE51	13	WCMV	ALCHEMIST_HOME.1@7015CC78	src/ac1	lenload-expr	base-class	yes		assert((sx16(M16[((sx16(M16[(M32[wp(ac3, -0x6)] + 5)]) * 0x10) - 0xFEAFBB8)])) >=s 0, "P58 base-class src-ac1 @7015CE74")
7015CE7D	7015CE51	15	WCMV	ALCHEMIST_HOME.1@7015CC78	dst/ac0	expr	derived	no	7015CE51:13 src/ac1	assert(((sx16(M16[((sx16(M16[(M32[wp(ac3, -0x6)] + 5)]) * 0x10) - 0xFEAFBB8)]) + 0xF)) >=s 0, "P58 derived dst-ac0 @7015CE7D")
7015CE7D	7015CE51	15	WCMV	ALCHEMIST_HOME.1@7015CC78	src/ac1	expr	derived	no	7015CE51:13 src/ac1	assert(((sx16(M16[((sx16(M16[(M32[wp(ac3, -0x6)] + 5)]) * 0x10) - 0xFEAFBB8)]) + 0xF)) >=s 0, "P58 derived src-ac1 @7015CE7D")
7015CE8E	7015CE51	18	WCMV	ALCHEMIST_HOME.1@7015CC78	dst/ac0	expr	derived	no	7015CE51:13 src/ac1	assert(((sx16(M16[((sx16(M16[(M32[wp(ac3, -0x6)] + 5)]) * 0x10) - 0xFEAFBB8)]) + 0x23)) >=s 0, "P58 derived dst-ac0 @7015CE8E")
7015CE8E	7015CE51	18	WCMV	ALCHEMIST_HOME.1@7015CC78	src/ac1	expr	derived	no	7015CE51:13 src/ac1	assert(((sx16(M16[((sx16(M16[(M32[wp(ac3, -0x6)] + 5)]) * 0x10) - 0xFEAFBB8)]) + 0x23)) >=s 0, "P58 derived src-ac1 @7015CE8E")
7015CF16	7015CEE8	17	WCMV	ALCHEMIST_HOME.1@7015CC78	dst/ac0	register	derived	no	7015CEE8:17 src/ac1	assert((ac0) >=s 0, "P58 derived dst-ac0 @7015CF16")
7015CF16	7015CEE8	17	WCMV	ALCHEMIST_HOME.1@7015CC78	src/ac1	register	base-class	yes		assert((ac1) >=s 0, "P58 base-class src-ac1 @7015CF16")
7015CF16	7015CEE8	23	WCMV	ALCHEMIST_HOME.1@7015CC78	dst/ac0	register	derived	no	7015CEE8:17 src/ac1	assert((ac0) >=s 0, "P58 derived dst-ac0 @7015CF16")
7015CF16	7015CEE8	23	WCMV	ALCHEMIST_HOME.1@7015CC78	src/ac1	register	derived	no	7015CEE8:17 src/ac1	assert((ac1) >=s 0, "P58 derived src-ac1 @7015CF16")
7015CF27	7015CEE8	29	WCMV	ALCHEMIST_HOME.1@7015CC78	dst/ac0	register	derived	no	7015CEE8:17 src/ac1	assert((ac0) >=s 0, "P58 derived dst-ac0 @7015CF27")
7015CF27	7015CEE8	29	WCMV	ALCHEMIST_HOME.1@7015CC78	src/ac1	register	derived	no	7015CEE8:17 src/ac1	assert((ac1) >=s 0, "P58 derived src-ac1 @7015CF27")
7015D131	7015D12A	1	WCMV	ALLY_PLAYER.1@7015D068	dst/ac0	register	guard	no		assert((ac0) >=s 0, "P58 guard dst-ac0 @7015D131")
7015D131	7015D12A	1	WCMV	ALLY_PLAYER.1@7015D068	src/ac1	register	guard	no		assert((ac1) >=s 0, "P58 guard src-ac1 @7015D131")
7015D1C4	7015D1AB	8	WCMV	ALLY_PLAYER.1@7015D068	dst/ac0	lenload-expr	derived	no	7015D1AB:8 src/ac1	assert((sx16(M16[M32[wp(ac3, 0x10)]])) >=s 0, "P58 derived dst-ac0 @7015D1C4")
7015D1C4	7015D1AB	8	WCMV	ALLY_PLAYER.1@7015D068	src/ac1	varying	base-class	yes		assert((sx16(M16[M32[wp(ac3, 0x10)]])) >=s 0, "P58 base-class src-ac1 @7015D1C4")
7015D1CD	7015D1AB	10	WCMV	ALLY_PLAYER.1@7015D068	dst/ac0	expr	derived	no	7015D1AB:8 src/ac1	assert(((sx16(M16[M32[wp(ac3, 0x10)]]) + 6)) >=s 0, "P58 derived dst-ac0 @7015D1CD")
7015D1CD	7015D1AB	10	WCMV	ALLY_PLAYER.1@7015D068	src/ac1	expr	derived	no	7015D1AB:8 src/ac1	assert(((sx16(M16[M32[wp(ac3, 0x10)]]) + 6)) >=s 0, "P58 derived src-ac1 @7015D1CD")
7015D1DB	7015D1AB	14	WCMV	ALLY_PLAYER.1@7015D068	dst/ac0	expr	derived	no	7015D1AB:8 src/ac1	assert(((sx16(M16[M32[wp(ac3, 0x10)]]) + 7)) >=s 0, "P58 derived dst-ac0 @7015D1DB")
7015D1DB	7015D1AB	14	WCMV	ALLY_PLAYER.1@7015D068	src/ac1	expr	derived	no	7015D1AB:8 src/ac1	assert(((sx16(M16[M32[wp(ac3, 0x10)]]) + 7)) >=s 0, "P58 derived src-ac1 @7015D1DB")
7015D1F4	7015D1EA	0	WCMP	ALLY_PLAYER.1@7015D068	s1/ac1	varying	base-class	yes		assert((sx16(M16[R[wp(ac3, 0x10)]])) >=s 0, "P58 base-class s1-ac1 @7015D1F4")
7015D1F4	7015D1EA	0	WCMP	ALLY_PLAYER.1@7015D068	s2/ac0	varying	base-class	yes		assert((sx16(M16[wp(ac3, 0x204)])) >=s 0, "P58 base-class s2-ac0 @7015D1F4")
7015D207	7015D1FA	0	WCMP	ALLY_PLAYER.1@7015D068	s1/ac1	varying	base-class	yes		assert((sx16(M16[(M32[wp(ac3, 0x10)] + 0x11)])) >=s 0, "P58 base-class s1-ac1 @7015D207")
7015D207	7015D1FA	0	WCMP	ALLY_PLAYER.1@7015D068	s2/ac0	varying	base-class	yes		assert((sx16(M16[0x7000021C])) >=s 0, "P58 base-class s2-ac0 @7015D207")
7015D94A	7015D94A	0	WCMV	ATTACK	dst/ac0	register	cond	yes		assert((ac0) >=s 0, "P58 cond dst-ac0 @7015D94A")
7015D94A	7015D94A	0	WCMV	ATTACK	src/ac1	register	derived	no	residue chain	assert((ac1) >=s 0, "P58 derived src-ac1 @7015D94A")
7015D981	7015D981	0	WCMV	ATTACK	dst/ac0	register	cond	yes		assert((ac0) >=s 0, "P58 cond dst-ac0 @7015D981")
7015D981	7015D981	0	WCMV	ATTACK	src/ac1	register	derived	no	residue chain	assert((ac1) >=s 0, "P58 derived src-ac1 @7015D981")
7015D9DD	7015D9A7	22	WCMV	ATTACK	dst/ac0	lenload-expr	derived	no	7015D9A7:22 src/ac1	assert((sx16(M16[((sx16(M16[((M32[wp(ac3, 0xA)] * 0x2AE) + M32[0x70000210] + 0x2A)]) * 0xB) - 0xFEAE09C)])) >=s 0, "P58 derived dst-ac0 @7015D9DD")
7015D9DD	7015D9A7	22	WCMV	ATTACK	src/ac1	lenload-expr	base-class	yes		assert((sx16(M16[((sx16(M16[((M32[wp(ac3, 0xA)] * 0x2AE) + M32[0x70000210] + 0x2A)]) * 0xB) - 0xFEAE09C)])) >=s 0, "P58 base-class src-ac1 @7015D9DD")
7015D9E6	7015D9A7	24	WCMV	ATTACK	dst/ac0	expr	derived	no	7015D9A7:22 src/ac1	assert(((sx16(M16[((sx16(M16[((M32[wp(ac3, 0xA)] * 0x2AE) + M32[0x70000210] + 0x2A)]) * 0xB) - 0xFEAE09C)]) + 0x17)) >=s 0, "P58 derived dst-ac0 @7015D9E6")
7015D9E6	7015D9A7	24	WCMV	ATTACK	src/ac1	expr	derived	no	7015D9A7:22 src/ac1	assert(((sx16(M16[((sx16(M16[((M32[wp(ac3, 0xA)] * 0x2AE) + M32[0x70000210] + 0x2A)]) * 0xB) - 0xFEAE09C)]) + 0x17)) >=s 0, "P58 derived src-ac1 @7015D9E6")
7015D9F9	7015D9A7	31	WCMV	ATTACK	dst/ac0	expr	derived	no	7015D9A7:22 src/ac1	assert(((sx16(M16[((sx16(M16[((M32[wp(ac3, 0xA)] * 0x2AE) + M32[0x70000210] + 0x2A)]) * 0xB) - 0xFEAE09C)]) + 0x18)) >=s 0, "P58 derived dst-ac0 @7015D9F9")
7015D9F9	7015D9A7	31	WCMV	ATTACK	src/ac1	expr	derived	no	7015D9A7:22 src/ac1	assert(((sx16(M16[((sx16(M16[((M32[wp(ac3, 0xA)] * 0x2AE) + M32[0x70000210] + 0x2A)]) * 0xB) - 0xFEAE09C)]) + 0x18)) >=s 0, "P58 derived src-ac1 @7015D9F9")
7015DA05	7015D9A7	36	WCMV	ATTACK	dst/ac0	lenload-expr	derived	no	7015D9A7:36 src/ac1	assert((sx16(M16[((M32[wp(ac3, 0xA)] * 0x2AE) + M32[0x70000210] - 0x271)])) >=s 0, "P58 derived dst-ac0 @7015DA05")
7015DA05	7015D9A7	36	WCMV	ATTACK	src/ac1	varying	base-class	yes		assert((sx16(M16[((M32[wp(ac3, 0xA)] * 0x2AE) + M32[0x70000210] - 0x271)])) >=s 0, "P58 base-class src-ac1 @7015DA05")
7015DA0E	7015D9A7	38	WCMV	ATTACK	dst/ac0	expr	derived	no	7015D9A7:22 src/ac1 & 7015D9A7:36 src/ac1	assert(((sx16(M16[((sx16(M16[((M32[wp(ac3, 0xA)] * 0x2AE) + M32[0x70000210] + 0x2A)]) * 0xB) - 0xFEAE09C)]) + sx16(M16[((M32[wp(ac3, 0xA)] * 0x2AE) + M32[0x70000210] - 0x271)]) + 0x18)) >=s 0, "P58 derived dst-ac0 @7015DA0E")
7015DA0E	7015D9A7	38	WCMV	ATTACK	src/ac1	expr	derived	no	7015D9A7:22 src/ac1 & 7015D9A7:36 src/ac1	assert(((sx16(M16[((sx16(M16[((M32[wp(ac3, 0xA)] * 0x2AE) + M32[0x70000210] + 0x2A)]) * 0xB) - 0xFEAE09C)]) + sx16(M16[((M32[wp(ac3, 0xA)] * 0x2AE) + M32[0x70000210] - 0x271)]) + 0x18)) >=s 0, "P58 derived src-ac1 @7015DA0E")
7015DA15	7015D9A7	40	WCMV	ATTACK	dst/ac0	lenload-expr	derived	no	7015D9A7:40 src/ac1	assert((sx16(M16[wp(ac3, 0x1A)])) >=s 0, "P58 derived dst-ac0 @7015DA15")
7015DA15	7015D9A7	40	WCMV	ATTACK	src/ac1	varying	base-class	yes		assert((sx16(M16[wp(ac3, 0x1A)])) >=s 0, "P58 base-class src-ac1 @7015DA15")
7015DA1E	7015D9A7	42	WCMV	ATTACK	dst/ac0	expr	derived	no	7015D9A7:22 src/ac1 & 7015D9A7:36 src/ac1 & 7015D9A7:40 src/ac1	assert(((sx16(M16[((sx16(M16[((M32[wp(ac3, 0xA)] * 0x2AE) + M32[0x70000210] + 0x2A)]) * 0xB) - 0xFEAE09C)]) + sx16(M16[((M32[wp(ac3, 0xA)] * 0x2AE) + M32[0x70000210] - 0x271)]) + sx16(M16[wp(ac3, 0x1A)]) + 0x18)) >=s 0, "P58 derived dst-ac0 @7015DA1E")
7015DA1E	7015D9A7	42	WCMV	ATTACK	src/ac1	expr	derived	no	7015D9A7:22 src/ac1 & 7015D9A7:36 src/ac1 & 7015D9A7:40 src/ac1	assert(((sx16(M16[((sx16(M16[((M32[wp(ac3, 0xA)] * 0x2AE) + M32[0x70000210] + 0x2A)]) * 0xB) - 0xFEAE09C)]) + sx16(M16[((M32[wp(ac3, 0xA)] * 0x2AE) + M32[0x70000210] - 0x271)]) + sx16(M16[wp(ac3, 0x1A)]) + 0x18)) >=s 0, "P58 derived src-ac1 @7015DA1E")
7015DA2F	7015D9A7	45	WCMV	ATTACK	dst/ac0	expr	derived	no	7015D9A7:22 src/ac1 & 7015D9A7:36 src/ac1 & 7015D9A7:40 src/ac1	assert(((sx16(M16[((sx16(M16[((M32[wp(ac3, 0xA)] * 0x2AE) + M32[0x70000210] + 0x2A)]) * 0xB) - 0xFEAE09C)]) + sx16(M16[((M32[wp(ac3, 0xA)] * 0x2AE) + M32[0x70000210] - 0x271)]) + sx16(M16[wp(ac3, 0x1A)]) + 0x4D)) >=s 0, "P58 derived dst-ac0 @7015DA2F")
7015DA2F	7015D9A7	45	WCMV	ATTACK	src/ac1	expr	derived	no	7015D9A7:22 src/ac1 & 7015D9A7:36 src/ac1 & 7015D9A7:40 src/ac1	assert(((sx16(M16[((sx16(M16[((M32[wp(ac3, 0xA)] * 0x2AE) + M32[0x70000210] + 0x2A)]) * 0xB) - 0xFEAE09C)]) + sx16(M16[((M32[wp(ac3, 0xA)] * 0x2AE) + M32[0x70000210] - 0x271)]) + sx16(M16[wp(ac3, 0x1A)]) + 0x4D)) >=s 0, "P58 derived src-ac1 @7015DA2F")
7015DA79	7015DA51	15	WCMV	ATTACK	dst/ac0	lenload-expr	derived	no	7015DA51:15 src/ac1	assert((sx16(M16[((sx16(M16[wp(ac3, 7)]) * 0xC) - 0xFFFFD9A)])) >=s 0, "P58 derived dst-ac0 @7015DA79")
7015DA79	7015DA51	15	WCMV	ATTACK	src/ac1	lenload-expr	base-class	yes		assert((sx16(M16[((sx16(M16[wp(ac3, 7)]) * 0xC) - 0xFFFFD9A)])) >=s 0, "P58 base-class src-ac1 @7015DA79")
7015DA82	7015DA51	17	WCMV	ATTACK	dst/ac0	expr	derived	no	7015DA51:15 src/ac1	assert(((sx16(M16[((sx16(M16[wp(ac3, 7)]) * 0xC) - 0xFFFFD9A)]) + 0x15)) >=s 0, "P58 derived dst-ac0 @7015DA82")
7015DA82	7015DA51	17	WCMV	ATTACK	src/ac1	expr	derived	no	7015DA51:15 src/ac1	assert(((sx16(M16[((sx16(M16[wp(ac3, 7)]) * 0xC) - 0xFFFFD9A)]) + 0x15)) >=s 0, "P58 derived src-ac1 @7015DA82")
7015DA89	7015DA51	19	WCMV	ATTACK	dst/ac0	lenload-expr	derived	no	7015DA51:19 src/ac1	assert((sx16(M16[wp(ac3, 0x1A)])) >=s 0, "P58 derived dst-ac0 @7015DA89")
7015DA89	7015DA51	19	WCMV	ATTACK	src/ac1	varying	base-class	yes		assert((sx16(M16[wp(ac3, 0x1A)])) >=s 0, "P58 base-class src-ac1 @7015DA89")
7015DA92	7015DA51	21	WCMV	ATTACK	dst/ac0	expr	derived	no	7015DA51:15 src/ac1 & 7015DA51:19 src/ac1	assert(((sx16(M16[((sx16(M16[wp(ac3, 7)]) * 0xC) - 0xFFFFD9A)]) + sx16(M16[wp(ac3, 0x1A)]) + 0x15)) >=s 0, "P58 derived dst-ac0 @7015DA92")
7015DA92	7015DA51	21	WCMV	ATTACK	src/ac1	expr	derived	no	7015DA51:15 src/ac1 & 7015DA51:19 src/ac1	assert(((sx16(M16[((sx16(M16[wp(ac3, 7)]) * 0xC) - 0xFFFFD9A)]) + sx16(M16[wp(ac3, 0x1A)]) + 0x15)) >=s 0, "P58 derived src-ac1 @7015DA92")
7015DAA3	7015DA51	24	WCMV	ATTACK	dst/ac0	expr	derived	no	7015DA51:15 src/ac1 & 7015DA51:19 src/ac1	assert(((sx16(M16[((sx16(M16[wp(ac3, 7)]) * 0xC) - 0xFFFFD9A)]) + sx16(M16[wp(ac3, 0x1A)]) + 0x57)) >=s 0, "P58 derived dst-ac0 @7015DAA3")
7015DAA3	7015DA51	24	WCMV	ATTACK	src/ac1	expr	derived	no	7015DA51:15 src/ac1 & 7015DA51:19 src/ac1	assert(((sx16(M16[((sx16(M16[wp(ac3, 7)]) * 0xC) - 0xFFFFD9A)]) + sx16(M16[wp(ac3, 0x1A)]) + 0x57)) >=s 0, "P58 derived src-ac1 @7015DAA3")
7015DBD8	7015DBBD	12	WCMV	ATTACK	dst/ac0	lenload-expr	derived	no	7015DBBD:12 src/ac1	assert((sx16(M16[((sx16(M16[wp(ac3, 6)]) * 0x10) - 0xFEAFBB8)])) >=s 0, "P58 derived dst-ac0 @7015DBD8")
7015DBD8	7015DBBD	12	WCMV	ATTACK	src/ac1	lenload-expr	base-class	yes		assert((sx16(M16[((sx16(M16[wp(ac3, 6)]) * 0x10) - 0xFEAFBB8)])) >=s 0, "P58 base-class src-ac1 @7015DBD8")
7015DBE1	7015DBBD	14	WCMV	ATTACK	dst/ac0	expr	derived	no	7015DBBD:12 src/ac1	assert(((sx16(M16[((sx16(M16[wp(ac3, 6)]) * 0x10) - 0xFEAFBB8)]) + 1)) >=s 0, "P58 derived dst-ac0 @7015DBE1")
7015DBE1	7015DBBD	14	WCMV	ATTACK	src/ac1	expr	derived	no	7015DBBD:12 src/ac1	assert(((sx16(M16[((sx16(M16[wp(ac3, 6)]) * 0x10) - 0xFEAFBB8)]) + 1)) >=s 0, "P58 derived src-ac1 @7015DBE1")
7015DBEF	7015DBBD	18	WCMV	ATTACK	dst/ac0	expr	derived	no	7015DBBD:12 src/ac1	assert(((sx16(M16[((sx16(M16[wp(ac3, 6)]) * 0x10) - 0xFEAFBB8)]) + 2)) >=s 0, "P58 derived dst-ac0 @7015DBEF")
7015DBEF	7015DBBD	18	WCMV	ATTACK	src/ac1	expr	derived	no	7015DBBD:12 src/ac1	assert(((sx16(M16[((sx16(M16[wp(ac3, 6)]) * 0x10) - 0xFEAFBB8)]) + 2)) >=s 0, "P58 derived src-ac1 @7015DBEF")
7015DFB8	7015DFA0	8	WCMV	ATTACK	dst/ac0	lenload-expr	derived	no	7015DFA0:8 src/ac1	assert((sx16(M16[wp(ac3, 0x32)])) >=s 0, "P58 derived dst-ac0 @7015DFB8")
7015DFB8	7015DFA0	8	WCMV	ATTACK	src/ac1	varying	base-class	yes		assert((sx16(M16[wp(ac3, 0x32)])) >=s 0, "P58 base-class src-ac1 @7015DFB8")
7015DFC1	7015DFA0	10	WCMV	ATTACK	dst/ac0	expr	derived	no	7015DFA0:8 src/ac1	assert(((sx16(M16[wp(ac3, 0x32)]) + 0x10)) >=s 0, "P58 derived dst-ac0 @7015DFC1")
7015DFC1	7015DFA0	10	WCMV	ATTACK	src/ac1	expr	derived	no	7015DFA0:8 src/ac1	assert(((sx16(M16[wp(ac3, 0x32)]) + 0x10)) >=s 0, "P58 derived src-ac1 @7015DFC1")
7015DFD2	7015DFA0	13	WCMV	ATTACK	dst/ac0	expr	derived	no	7015DFA0:8 src/ac1	assert(((sx16(M16[wp(ac3, 0x32)]) + 0x29)) >=s 0, "P58 derived dst-ac0 @7015DFD2")
7015DFD2	7015DFA0	13	WCMV	ATTACK	src/ac1	expr	derived	no	7015DFA0:8 src/ac1	assert(((sx16(M16[wp(ac3, 0x32)]) + 0x29)) >=s 0, "P58 derived src-ac1 @7015DFD2")
7015E155	7015E129	17	WCMV	ATTACK.1@7015E113	dst/ac0	register	derived	no	7015E129:17 src/ac1	assert((ac0) >=s 0, "P58 derived dst-ac0 @7015E155")
7015E155	7015E129	17	WCMV	ATTACK.1@7015E113	src/ac1	register	base-class	yes		assert((ac1) >=s 0, "P58 base-class src-ac1 @7015E155")
7015E155	7015E129	23	WCMV	ATTACK.1@7015E113	dst/ac0	register	derived	no	7015E129:17 src/ac1	assert((ac0) >=s 0, "P58 derived dst-ac0 @7015E155")
7015E155	7015E129	23	WCMV	ATTACK.1@7015E113	src/ac1	register	derived	no	7015E129:17 src/ac1	assert((ac1) >=s 0, "P58 derived src-ac1 @7015E155")
7015E166	7015E129	29	WCMV	ATTACK.1@7015E113	dst/ac0	register	unknown	yes		assert((ac0) >=s 0, "P58 unknown dst-ac0 @7015E166")
7015E166	7015E129	29	WCMV	ATTACK.1@7015E113	src/ac1	register	unknown	yes		assert((ac1) >=s 0, "P58 unknown src-ac1 @7015E166")
7015E2A9	7015E286	13	WCMV	ATTACK.2@7015E1F1	dst/ac0	lenload-expr	derived	no	7015E286:13 src/ac1	assert((sx16(M16[((sx16(M16[(M32[wp(ac3, -0x6)] + 7)]) * 0xC) - 0xFFFFD9A)])) >=s 0, "P58 derived dst-ac0 @7015E2A9")
7015E2A9	7015E286	13	WCMV	ATTACK.2@7015E1F1	src/ac1	lenload-expr	base-class	yes		assert((sx16(M16[((sx16(M16[(M32[wp(ac3, -0x6)] + 7)]) * 0xC) - 0xFFFFD9A)])) >=s 0, "P58 base-class src-ac1 @7015E2A9")
7015E2B2	7015E286	15	WCMV	ATTACK.2@7015E1F1	dst/ac0	expr	derived	no	7015E286:13 src/ac1	assert(((sx16(M16[((sx16(M16[(M32[wp(ac3, -0x6)] + 7)]) * 0xC) - 0xFFFFD9A)]) + 5)) >=s 0, "P58 derived dst-ac0 @7015E2B2")
7015E2B2	7015E286	15	WCMV	ATTACK.2@7015E1F1	src/ac1	expr	derived	no	7015E286:13 src/ac1	assert(((sx16(M16[((sx16(M16[(M32[wp(ac3, -0x6)] + 7)]) * 0xC) - 0xFFFFD9A)]) + 5)) >=s 0, "P58 derived src-ac1 @7015E2B2")
7015E2C3	7015E286	18	WCMV	ATTACK.2@7015E1F1	dst/ac0	expr	derived	no	7015E286:13 src/ac1	assert(((sx16(M16[((sx16(M16[(M32[wp(ac3, -0x6)] + 7)]) * 0xC) - 0xFFFFD9A)]) + 0x17)) >=s 0, "P58 derived dst-ac0 @7015E2C3")
7015E2C3	7015E286	18	WCMV	ATTACK.2@7015E1F1	src/ac1	expr	derived	no	7015E286:13 src/ac1	assert(((sx16(M16[((sx16(M16[(M32[wp(ac3, -0x6)] + 7)]) * 0xC) - 0xFFFFD9A)]) + 0x17)) >=s 0, "P58 derived src-ac1 @7015E2C3")
7015E7B1	7015E78E	13	WCMV	ATTACK.2@7015E1F1	dst/ac0	lenload-expr	derived	no	7015E78E:13 src/ac1	assert((sx16(M16[((M32[(M32[wp(ac3, -0x6)] + 0xE)] * 0xC) - 0xFFFFD9A)])) >=s 0, "P58 derived dst-ac0 @7015E7B1")
7015E7B1	7015E78E	13	WCMV	ATTACK.2@7015E1F1	src/ac1	lenload-expr	base-class	yes		assert((sx16(M16[((M32[(M32[wp(ac3, -0x6)] + 0xE)] * 0xC) - 0xFFFFD9A)])) >=s 0, "P58 base-class src-ac1 @7015E7B1")
7015E7BA	7015E78E	15	WCMV	ATTACK.2@7015E1F1	dst/ac0	expr	derived	no	7015E78E:13 src/ac1	assert(((sx16(M16[((M32[(M32[wp(ac3, -0x6)] + 0xE)] * 0xC) - 0xFFFFD9A)]) + 0x42)) >=s 0, "P58 derived dst-ac0 @7015E7BA")
7015E7BA	7015E78E	15	WCMV	ATTACK.2@7015E1F1	src/ac1	expr	derived	no	7015E78E:13 src/ac1	assert(((sx16(M16[((M32[(M32[wp(ac3, -0x6)] + 0xE)] * 0xC) - 0xFFFFD9A)]) + 0x42)) >=s 0, "P58 derived src-ac1 @7015E7BA")
7015E7CB	7015E78E	18	WCMV	ATTACK.2@7015E1F1	dst/ac0	expr	derived	no	7015E78E:13 src/ac1	assert(((sx16(M16[((M32[(M32[wp(ac3, -0x6)] + 0xE)] * 0xC) - 0xFFFFD9A)]) + 0x49)) >=s 0, "P58 derived dst-ac0 @7015E7CB")
7015E7CB	7015E78E	18	WCMV	ATTACK.2@7015E1F1	src/ac1	expr	derived	no	7015E78E:13 src/ac1	assert(((sx16(M16[((M32[(M32[wp(ac3, -0x6)] + 0xE)] * 0xC) - 0xFFFFD9A)]) + 0x49)) >=s 0, "P58 derived src-ac1 @7015E7CB")
7015E976	7015E95E	8	WCMV	ATTACK.3@7015E84A	dst/ac0	lenload-expr	derived	no	7015E95E:8 src/ac1	assert((sx16(M16[wp(ac3, 0xE)])) >=s 0, "P58 derived dst-ac0 @7015E976")
7015E976	7015E95E	8	WCMV	ATTACK.3@7015E84A	src/ac1	varying	base-class	yes		assert((sx16(M16[wp(ac3, 0xE)])) >=s 0, "P58 base-class src-ac1 @7015E976")
7015E97F	7015E95E	10	WCMV	ATTACK.3@7015E84A	dst/ac0	expr	derived	no	7015E95E:8 src/ac1	assert(((sx16(M16[wp(ac3, 0xE)]) + 0x10)) >=s 0, "P58 derived dst-ac0 @7015E97F")
7015E97F	7015E95E	10	WCMV	ATTACK.3@7015E84A	src/ac1	expr	derived	no	7015E95E:8 src/ac1	assert(((sx16(M16[wp(ac3, 0xE)]) + 0x10)) >=s 0, "P58 derived src-ac1 @7015E97F")
7015E990	7015E95E	13	WCMV	ATTACK.3@7015E84A	dst/ac0	expr	derived	no	7015E95E:8 src/ac1	assert(((sx16(M16[wp(ac3, 0xE)]) + 0x29)) >=s 0, "P58 derived dst-ac0 @7015E990")
7015E990	7015E95E	13	WCMV	ATTACK.3@7015E84A	src/ac1	expr	derived	no	7015E95E:8 src/ac1	assert(((sx16(M16[wp(ac3, 0xE)]) + 0x29)) >=s 0, "P58 derived src-ac1 @7015E990")
7015EE28	7015EE10	8	WCMV	ATTACK.3@7015E84A	dst/ac0	lenload-expr	derived	no	7015EE10:8 src/ac1	assert((sx16(M16[wp(ac3, 0xE)])) >=s 0, "P58 derived dst-ac0 @7015EE28")
7015EE28	7015EE10	8	WCMV	ATTACK.3@7015E84A	src/ac1	varying	base-class	yes		assert((sx16(M16[wp(ac3, 0xE)])) >=s 0, "P58 base-class src-ac1 @7015EE28")
7015EE31	7015EE10	10	WCMV	ATTACK.3@7015E84A	dst/ac0	expr	derived	no	7015EE10:8 src/ac1	assert(((sx16(M16[wp(ac3, 0xE)]) + 0x10)) >=s 0, "P58 derived dst-ac0 @7015EE31")
7015EE31	7015EE10	10	WCMV	ATTACK.3@7015E84A	src/ac1	expr	derived	no	7015EE10:8 src/ac1	assert(((sx16(M16[wp(ac3, 0xE)]) + 0x10)) >=s 0, "P58 derived src-ac1 @7015EE31")
7015EE42	7015EE10	13	WCMV	ATTACK.3@7015E84A	dst/ac0	expr	derived	no	7015EE10:8 src/ac1	assert(((sx16(M16[wp(ac3, 0xE)]) + 0x29)) >=s 0, "P58 derived dst-ac0 @7015EE42")
7015EE42	7015EE10	13	WCMV	ATTACK.3@7015E84A	src/ac1	expr	derived	no	7015EE10:8 src/ac1	assert(((sx16(M16[wp(ac3, 0xE)]) + 0x29)) >=s 0, "P58 derived src-ac1 @7015EE42")
7015EFB0	7015EF98	9	WCMV	ATTACK.3@7015E84A	dst/ac0	lenload-expr	derived	no	7015EF98:9 src/ac1	assert((sx16(M16[wp(ac3, 0xE)])) >=s 0, "P58 derived dst-ac0 @7015EFB0")
7015EFB0	7015EF98	9	WCMV	ATTACK.3@7015E84A	src/ac1	varying	base-class	yes		assert((sx16(M16[wp(ac3, 0xE)])) >=s 0, "P58 base-class src-ac1 @7015EFB0")
7015EFB9	7015EF98	11	WCMV	ATTACK.3@7015E84A	dst/ac0	expr	derived	no	7015EF98:9 src/ac1	assert(((sx16(M16[wp(ac3, 0xE)]) + 0x10)) >=s 0, "P58 derived dst-ac0 @7015EFB9")
7015EFB9	7015EF98	11	WCMV	ATTACK.3@7015E84A	src/ac1	expr	derived	no	7015EF98:9 src/ac1	assert(((sx16(M16[wp(ac3, 0xE)]) + 0x10)) >=s 0, "P58 derived src-ac1 @7015EFB9")
7015EFCA	7015EF98	14	WCMV	ATTACK.3@7015E84A	dst/ac0	expr	derived	no	7015EF98:9 src/ac1	assert(((sx16(M16[wp(ac3, 0xE)]) + 0x29)) >=s 0, "P58 derived dst-ac0 @7015EFCA")
7015EFCA	7015EF98	14	WCMV	ATTACK.3@7015E84A	src/ac1	expr	derived	no	7015EF98:9 src/ac1	assert(((sx16(M16[wp(ac3, 0xE)]) + 0x29)) >=s 0, "P58 derived src-ac1 @7015EFCA")
7015F292	7015F27A	8	WCMV	ATTACK.3@7015E84A	dst/ac0	lenload-expr	derived	no	7015F27A:8 src/ac1	assert((sx16(M16[wp(ac3, 0xE)])) >=s 0, "P58 derived dst-ac0 @7015F292")
7015F292	7015F27A	8	WCMV	ATTACK.3@7015E84A	src/ac1	varying	base-class	yes		assert((sx16(M16[wp(ac3, 0xE)])) >=s 0, "P58 base-class src-ac1 @7015F292")
7015F29B	7015F27A	10	WCMV	ATTACK.3@7015E84A	dst/ac0	expr	derived	no	7015F27A:8 src/ac1	assert(((sx16(M16[wp(ac3, 0xE)]) + 0xD)) >=s 0, "P58 derived dst-ac0 @7015F29B")
7015F29B	7015F27A	10	WCMV	ATTACK.3@7015E84A	src/ac1	expr	derived	no	7015F27A:8 src/ac1	assert(((sx16(M16[wp(ac3, 0xE)]) + 0xD)) >=s 0, "P58 derived src-ac1 @7015F29B")
7015F2AC	7015F27A	13	WCMV	ATTACK.3@7015E84A	dst/ac0	expr	derived	no	7015F27A:8 src/ac1	assert(((sx16(M16[wp(ac3, 0xE)]) + 0x30)) >=s 0, "P58 derived dst-ac0 @7015F2AC")
7015F2AC	7015F27A	13	WCMV	ATTACK.3@7015E84A	src/ac1	expr	derived	no	7015F27A:8 src/ac1	assert(((sx16(M16[wp(ac3, 0xE)]) + 0x30)) >=s 0, "P58 derived src-ac1 @7015F2AC")
7015F75E	7015F755	0	WCMV	ATTACK.4@7015F72B	src/ac1	varying	base-class	yes		assert((sx16(M16[0x7000021C])) >=s 0, "P58 base-class src-ac1 @7015F75E")
7015F972	7015F90E	25	WCMV	ATTACK.5@7015F8F6	dst/ac0	register	derived	no	7015F90E:25 src/ac1	assert((ac0) >=s 0, "P58 derived dst-ac0 @7015F972")
7015F972	7015F90E	25	WCMV	ATTACK.5@7015F8F6	src/ac1	register	base-class	yes		assert((ac1) >=s 0, "P58 base-class src-ac1 @7015F972")
7015F972	7015F90E	31	WCMV	ATTACK.5@7015F8F6	dst/ac0	register	derived	no	7015F90E:25 src/ac1	assert((ac0) >=s 0, "P58 derived dst-ac0 @7015F972")
7015F972	7015F90E	31	WCMV	ATTACK.5@7015F8F6	src/ac1	register	derived	no	7015F90E:25 src/ac1	assert((ac1) >=s 0, "P58 derived src-ac1 @7015F972")
7015F972	7015F90E	42	WCMV	ATTACK.5@7015F8F6	dst/ac0	register	derived	no	7015F90E:25 src/ac1	assert((ac0) >=s 0, "P58 derived dst-ac0 @7015F972")
7015F972	7015F90E	42	WCMV	ATTACK.5@7015F8F6	src/ac1	register	derived	no	7015F90E:25 src/ac1	assert((ac1) >=s 0, "P58 derived src-ac1 @7015F972")
7015F972	7015F90E	50	WCMV	ATTACK.5@7015F8F6	dst/ac0	register	cond	yes		assert((ac0) >=s 0, "P58 cond dst-ac0 @7015F972")
7015F972	7015F90E	50	WCMV	ATTACK.5@7015F8F6	src/ac1	register	cond	yes		assert((ac1) >=s 0, "P58 cond src-ac1 @7015F972")
7015F972	7015F90E	56	WCMV	ATTACK.5@7015F8F6	dst/ac0	register	cond	yes		assert((ac0) >=s 0, "P58 cond dst-ac0 @7015F972")
7015F972	7015F90E	56	WCMV	ATTACK.5@7015F8F6	src/ac1	register	cond	yes		assert((ac1) >=s 0, "P58 cond src-ac1 @7015F972")
7015F983	7015F90E	62	WCMV	ATTACK.5@7015F8F6	dst/ac0	register	unknown	yes		assert((ac0) >=s 0, "P58 unknown dst-ac0 @7015F983")
7015F983	7015F90E	62	WCMV	ATTACK.5@7015F8F6	src/ac1	register	unknown	yes		assert((ac1) >=s 0, "P58 unknown src-ac1 @7015F983")
7015FF82	7015FF6A	9	WCMV	BACKPACK	dst/ac0	lenload-expr	derived	no	7015FF6A:9 src/ac1	assert((sx16(M16[wp(ac3, 0xC)])) >=s 0, "P58 derived dst-ac0 @7015FF82")
7015FF82	7015FF6A	9	WCMV	BACKPACK	src/ac1	varying	base-class	yes		assert((sx16(M16[wp(ac3, 0xC)])) >=s 0, "P58 base-class src-ac1 @7015FF82")
7015FF8B	7015FF6A	11	WCMV	BACKPACK	dst/ac0	expr	derived	no	7015FF6A:9 src/ac1	assert(((sx16(M16[wp(ac3, 0xC)]) + 0x1C)) >=s 0, "P58 derived dst-ac0 @7015FF8B")
7015FF8B	7015FF6A	11	WCMV	BACKPACK	src/ac1	expr	derived	no	7015FF6A:9 src/ac1	assert(((sx16(M16[wp(ac3, 0xC)]) + 0x1C)) >=s 0, "P58 derived src-ac1 @7015FF8B")
7015FF9C	7015FF6A	14	WCMV	BACKPACK	dst/ac0	expr	derived	no	7015FF6A:9 src/ac1	assert(((sx16(M16[wp(ac3, 0xC)]) + 0x3B)) >=s 0, "P58 derived dst-ac0 @7015FF9C")
7015FF9C	7015FF6A	14	WCMV	BACKPACK	src/ac1	expr	derived	no	7015FF6A:9 src/ac1	assert(((sx16(M16[wp(ac3, 0xC)]) + 0x3B)) >=s 0, "P58 derived src-ac1 @7015FF9C")
701608BD	701608A5	8	WCMV	BARGAIN.1@70160854	dst/ac0	lenload-expr	derived	no	701608A5:8 src/ac1	assert((sx16(M16[wp(ac3, 0xC)])) >=s 0, "P58 derived dst-ac0 @701608BD")
701608BD	701608A5	8	WCMV	BARGAIN.1@70160854	src/ac1	varying	base-class	yes		assert((sx16(M16[wp(ac3, 0xC)])) >=s 0, "P58 base-class src-ac1 @701608BD")
701608C6	701608A5	10	WCMV	BARGAIN.1@70160854	dst/ac0	expr	derived	no	701608A5:8 src/ac1	assert(((sx16(M16[wp(ac3, 0xC)]) + 0xB)) >=s 0, "P58 derived dst-ac0 @701608C6")
701608C6	701608A5	10	WCMV	BARGAIN.1@70160854	src/ac1	expr	derived	no	701608A5:8 src/ac1	assert(((sx16(M16[wp(ac3, 0xC)]) + 0xB)) >=s 0, "P58 derived src-ac1 @701608C6")
701608D7	701608A5	13	WCMV	BARGAIN.1@70160854	dst/ac0	expr	derived	no	701608A5:8 src/ac1	assert(((sx16(M16[wp(ac3, 0xC)]) + 0x43)) >=s 0, "P58 derived dst-ac0 @701608D7")
701608D7	701608A5	13	WCMV	BARGAIN.1@70160854	src/ac1	expr	derived	no	701608A5:8 src/ac1	assert(((sx16(M16[wp(ac3, 0xC)]) + 0x43)) >=s 0, "P58 derived src-ac1 @701608D7")
701609CA	701609BB	9	WCMV	BARGAIN.2@70160920	dst/ac0	register	cond	yes		assert((ac0) >=s 0, "P58 cond dst-ac0 @701609CA")
701609CA	701609BB	9	WCMV	BARGAIN.2@70160920	src/ac1	register	cond	yes		assert((ac1) >=s 0, "P58 cond src-ac1 @701609CA")
701609E0	701609D1	9	WCMV	BARGAIN.2@70160920	dst/ac0	register	cond	yes		assert((ac0) >=s 0, "P58 cond dst-ac0 @701609E0")
701609E0	701609D1	9	WCMV	BARGAIN.2@70160920	src/ac1	register	cond	yes		assert((ac1) >=s 0, "P58 cond src-ac1 @701609E0")
701609FA	701609E2	9	WCMV	BARGAIN.2@70160920	dst/ac0	lenload-expr	derived	no	701609E2:9 src/ac1	assert((sx16(M16[wp(ac3, 0x12)])) >=s 0, "P58 derived dst-ac0 @701609FA")
701609FA	701609E2	9	WCMV	BARGAIN.2@70160920	src/ac1	varying	base-class	yes		assert((sx16(M16[wp(ac3, 0x12)])) >=s 0, "P58 base-class src-ac1 @701609FA")
70160A03	701609E2	11	WCMV	BARGAIN.2@70160920	dst/ac0	expr	derived	no	701609E2:9 src/ac1	assert(((sx16(M16[wp(ac3, 0x12)]) + 6)) >=s 0, "P58 derived dst-ac0 @70160A03")
70160A03	701609E2	11	WCMV	BARGAIN.2@70160920	src/ac1	expr	derived	no	701609E2:9 src/ac1	assert(((sx16(M16[wp(ac3, 0x12)]) + 6)) >=s 0, "P58 derived src-ac1 @70160A03")
70160A14	701609E2	14	WCMV	BARGAIN.2@70160920	dst/ac0	expr	derived	no	701609E2:9 src/ac1	assert(((sx16(M16[wp(ac3, 0x12)]) + 0x3E)) >=s 0, "P58 derived dst-ac0 @70160A14")
70160A14	701609E2	14	WCMV	BARGAIN.2@70160920	src/ac1	expr	derived	no	701609E2:9 src/ac1	assert(((sx16(M16[wp(ac3, 0x12)]) + 0x3E)) >=s 0, "P58 derived src-ac1 @70160A14")
70161904	701618F0	6	WCMV	BOAT	dst/ac0	lenload-expr	derived	no	701618F0:6 src/ac1	assert((sx16(M16[wp(ac3, 0x12)])) >=s 0, "P58 derived dst-ac0 @70161904")
70161904	701618F0	6	WCMV	BOAT	src/ac1	varying	base-class	yes		assert((sx16(M16[wp(ac3, 0x12)])) >=s 0, "P58 base-class src-ac1 @70161904")
7016190F	701618F0	8	WCMV	BOAT	dst/ac0	expr	derived	no	701618F0:6 src/ac1	assert(((sx16(M16[wp(ac3, 0x12)]) + 6)) >=s 0, "P58 derived dst-ac0 @7016190F")
7016190F	701618F0	8	WCMV	BOAT	src/ac1	expr	derived	no	701618F0:6 src/ac1	assert(((sx16(M16[wp(ac3, 0x12)]) + 6)) >=s 0, "P58 derived src-ac1 @7016190F")
701623E0	701623BA	17	WCMV	CAST	dst/ac0	register	derived	no	701623BA:17 src/ac1	assert((ac0) >=s 0, "P58 derived dst-ac0 @701623E0")
701623E0	701623BA	17	WCMV	CAST	src/ac1	register	base-class	yes		assert((ac1) >=s 0, "P58 base-class src-ac1 @701623E0")
701623E0	701623BA	23	WCMV	CAST	dst/ac0	register	derived	no	701623BA:17 src/ac1	assert((ac0) >=s 0, "P58 derived dst-ac0 @701623E0")
701623E0	701623BA	23	WCMV	CAST	src/ac1	register	derived	no	701623BA:17 src/ac1	assert((ac1) >=s 0, "P58 derived src-ac1 @701623E0")
701623EE	701623BA	30	WCMV	CAST	dst/ac0	register	derived	no	701623BA:17 src/ac1	assert((ac0) >=s 0, "P58 derived dst-ac0 @701623EE")
701623EE	701623BA	30	WCMV	CAST	src/ac1	register	derived	no	701623BA:17 src/ac1	assert((ac1) >=s 0, "P58 derived src-ac1 @701623EE")
7016296A	7016295F	0	WCMP	CAST.2@70162930	s1/ac1	varying	base-class	yes		assert((sx16(M16[(M32[wp(ac3, -0x6)] + 0x12)])) >=s 0, "P58 base-class s1-ac1 @7016296A")
70162979	7016296E	0	WCMP	CAST.2@70162930	s1/ac1	varying	base-class	yes		assert((sx16(M16[(M32[wp(ac3, -0x6)] + 0x12)])) >=s 0, "P58 base-class s1-ac1 @70162979")
70162988	7016297D	0	WCMP	CAST.2@70162930	s1/ac1	varying	base-class	yes		assert((sx16(M16[(M32[wp(ac3, -0x6)] + 0x12)])) >=s 0, "P58 base-class s1-ac1 @70162988")
70162997	7016298C	0	WCMP	CAST.2@70162930	s1/ac1	varying	base-class	yes		assert((sx16(M16[(M32[wp(ac3, -0x6)] + 0x12)])) >=s 0, "P58 base-class s1-ac1 @70162997")
701629A6	7016299B	0	WCMP	CAST.2@70162930	s1/ac1	varying	base-class	yes		assert((sx16(M16[(M32[wp(ac3, -0x6)] + 0x12)])) >=s 0, "P58 base-class s1-ac1 @701629A6")
701629B7	701629AC	0	WCMP	CAST.2@70162930	s1/ac1	varying	base-class	yes		assert((sx16(M16[(M32[wp(ac3, -0x6)] + 0x12)])) >=s 0, "P58 base-class s1-ac1 @701629B7")
701629D1	701629C6	0	WCMP	CAST.2@70162930	s1/ac1	varying	base-class	yes		assert((sx16(M16[(M32[wp(ac3, -0x6)] + 0x12)])) >=s 0, "P58 base-class s1-ac1 @701629D1")
701629EB	701629E0	0	WCMP	CAST.2@70162930	s1/ac1	varying	base-class	yes		assert((sx16(M16[(M32[wp(ac3, -0x6)] + 0x12)])) >=s 0, "P58 base-class s1-ac1 @701629EB")
70162A05	701629FA	0	WCMP	CAST.2@70162930	s1/ac1	varying	base-class	yes		assert((sx16(M16[(M32[wp(ac3, -0x6)] + 0x12)])) >=s 0, "P58 base-class s1-ac1 @70162A05")
70162A1F	70162A14	0	WCMP	CAST.2@70162930	s1/ac1	varying	base-class	yes		assert((sx16(M16[(M32[wp(ac3, -0x6)] + 0x12)])) >=s 0, "P58 base-class s1-ac1 @70162A1F")
70162AAF	70162AA3	8	WCMP	CAST.2@70162930	s1/ac1	register	base-class	yes		assert((ac1) >=s 0, "P58 base-class s1-ac1 @70162AAF")
70162AAF	70162AA3	8	WCMP	CAST.2@70162930	s2/ac0	varying	base-class	yes		assert((sx16(M16[0x7000021C])) >=s 0, "P58 base-class s2-ac0 @70162AAF")
70162B53	70162B48	6	WCMP	CAST.2@70162930	s1/ac1	varying	base-class	yes		assert((sx16(M16[0x7000021C])) >=s 0, "P58 base-class s1-ac1 @70162B53")
70162B53	70162B48	6	WCMP	CAST.2@70162930	s2/ac0	register	unknown	yes		assert((ac0) >=s 0, "P58 unknown s2-ac0 @70162B53")
70162D72	70162D6A	4	WCMP	CAST.3@70162CD6	s1/ac1	register	guard	no		assert((ac1) >=s 0, "P58 guard s1-ac1 @70162D72")
70162D72	70162D6A	4	WCMP	CAST.3@70162CD6	s2/ac0	register	guard	no		assert((ac0) >=s 0, "P58 guard s2-ac0 @70162D72")
701633C4	70163396	20	WCMV	CAST.3@70162CD6	dst/ac0	lenload-expr	derived	no	70163396:20 src/ac1	assert((sx16(M16[((sx16(M16[0x70000216]) * 0x2AE) + M32[0x70000210] + 0x17)])) >=s 0, "P58 derived dst-ac0 @701633C4")
701633C4	70163396	20	WCMV	CAST.3@70162CD6	src/ac1	varying	base-class	yes		assert((sx16(M16[((sx16(M16[0x70000216]) * 0x2AE) + M32[0x70000210] + 0x17)])) >=s 0, "P58 base-class src-ac1 @701633C4")
701633CD	70163396	22	WCMV	CAST.3@70162CD6	dst/ac0	expr	derived	no	70163396:20 src/ac1	assert(((sx16(M16[((sx16(M16[0x70000216]) * 0x2AE) + M32[0x70000210] + 0x17)]) + 0x19)) >=s 0, "P58 derived dst-ac0 @701633CD")
701633CD	70163396	22	WCMV	CAST.3@70162CD6	src/ac1	expr	derived	no	70163396:20 src/ac1	assert(((sx16(M16[((sx16(M16[0x70000216]) * 0x2AE) + M32[0x70000210] + 0x17)]) + 0x19)) >=s 0, "P58 derived src-ac1 @701633CD")
701633DE	70163396	25	WCMV	CAST.3@70162CD6	dst/ac0	expr	derived	no	70163396:20 src/ac1	assert(((sx16(M16[((sx16(M16[0x70000216]) * 0x2AE) + M32[0x70000210] + 0x17)]) + 0x1C)) >=s 0, "P58 derived dst-ac0 @701633DE")
701633DE	70163396	25	WCMV	CAST.3@70162CD6	src/ac1	expr	derived	no	70163396:20 src/ac1	assert(((sx16(M16[((sx16(M16[0x70000216]) * 0x2AE) + M32[0x70000210] + 0x17)]) + 0x1C)) >=s 0, "P58 derived src-ac1 @701633DE")
70163947	70163930	8	WCMV	CASTLE_INVENTORY	dst/ac0	lenload-expr	derived	no	70163930:8 src/ac1	assert((sx16(M16[wp(ac3, 0x20)])) >=s 0, "P58 derived dst-ac0 @70163947")
70163947	70163930	8	WCMV	CASTLE_INVENTORY	src/ac1	varying	base-class	yes		assert((sx16(M16[wp(ac3, 0x20)])) >=s 0, "P58 base-class src-ac1 @70163947")
70163950	70163930	10	WCMV	CASTLE_INVENTORY	dst/ac0	expr	derived	no	70163930:8 src/ac1	assert(((sx16(M16[wp(ac3, 0x20)]) + 0x22)) >=s 0, "P58 derived dst-ac0 @70163950")
70163950	70163930	10	WCMV	CASTLE_INVENTORY	src/ac1	expr	derived	no	70163930:8 src/ac1	assert(((sx16(M16[wp(ac3, 0x20)]) + 0x22)) >=s 0, "P58 derived src-ac1 @70163950")
70163961	70163930	13	WCMV	CASTLE_INVENTORY	dst/ac0	expr	derived	no	70163930:8 src/ac1	assert(((sx16(M16[wp(ac3, 0x20)]) + 0x25)) >=s 0, "P58 derived dst-ac0 @70163961")
70163961	70163930	13	WCMV	CASTLE_INVENTORY	src/ac1	expr	derived	no	70163930:8 src/ac1	assert(((sx16(M16[wp(ac3, 0x20)]) + 0x25)) >=s 0, "P58 derived src-ac1 @70163961")
70163D3C	70163D1A	12	WCMV	CASTLE_INVENTORY.1@701639BD	dst/ac0	lenload-expr	derived	no	70163D1A:12 src/ac1	assert((sx16(M16[((sx16(M16[wp(ac3, 0xD)]) * 9) - 0xFFFFCFB)])) >=s 0, "P58 derived dst-ac0 @70163D3C")
70163D3C	70163D1A	12	WCMV	CASTLE_INVENTORY.1@701639BD	src/ac1	lenload-expr	base-class	yes		assert((sx16(M16[((sx16(M16[wp(ac3, 0xD)]) * 9) - 0xFFFFCFB)])) >=s 0, "P58 base-class src-ac1 @70163D3C")
70163D45	70163D1A	14	WCMV	CASTLE_INVENTORY.1@701639BD	dst/ac0	expr	derived	no	70163D1A:12 src/ac1	assert(((sx16(M16[((sx16(M16[wp(ac3, 0xD)]) * 9) - 0xFFFFCFB)]) + 0x13)) >=s 0, "P58 derived dst-ac0 @70163D45")
70163D45	70163D1A	14	WCMV	CASTLE_INVENTORY.1@701639BD	src/ac1	expr	derived	no	70163D1A:12 src/ac1	assert(((sx16(M16[((sx16(M16[wp(ac3, 0xD)]) * 9) - 0xFFFFCFB)]) + 0x13)) >=s 0, "P58 derived src-ac1 @70163D45")
70163D56	70163D1A	17	WCMV	CASTLE_INVENTORY.1@701639BD	dst/ac0	expr	derived	no	70163D1A:12 src/ac1	assert(((sx16(M16[((sx16(M16[wp(ac3, 0xD)]) * 9) - 0xFFFFCFB)]) + 0x15)) >=s 0, "P58 derived dst-ac0 @70163D56")
70163D56	70163D1A	17	WCMV	CASTLE_INVENTORY.1@701639BD	src/ac1	expr	derived	no	70163D1A:12 src/ac1	assert(((sx16(M16[((sx16(M16[wp(ac3, 0xD)]) * 9) - 0xFFFFCFB)]) + 0x15)) >=s 0, "P58 derived src-ac1 @70163D56")
70164038	70164038	0	WCMV	CAVE_ATTACK	dst/ac0	register	cond	yes		assert((ac0) >=s 0, "P58 cond dst-ac0 @70164038")
70164038	70164038	0	WCMV	CAVE_ATTACK	src/ac1	register	derived	no	residue chain	assert((ac1) >=s 0, "P58 derived src-ac1 @70164038")
70164071	70164049	15	WCMV	CAVE_ATTACK	dst/ac0	lenload-expr	derived	no	70164049:15 src/ac1	assert((sx16(M16[((sx16(M16[wp(ac3, 9)]) * 0x10) - 0xFFFF6CE)])) >=s 0, "P58 derived dst-ac0 @70164071")
70164071	70164049	15	WCMV	CAVE_ATTACK	src/ac1	lenload-expr	base-class	yes		assert((sx16(M16[((sx16(M16[wp(ac3, 9)]) * 0x10) - 0xFFFF6CE)])) >=s 0, "P58 base-class src-ac1 @70164071")
7016407A	70164049	17	WCMV	CAVE_ATTACK	dst/ac0	expr	derived	no	70164049:15 src/ac1	assert(((sx16(M16[((sx16(M16[wp(ac3, 9)]) * 0x10) - 0xFFFF6CE)]) + 0x15)) >=s 0, "P58 derived dst-ac0 @7016407A")
7016407A	70164049	17	WCMV	CAVE_ATTACK	src/ac1	expr	derived	no	70164049:15 src/ac1	assert(((sx16(M16[((sx16(M16[wp(ac3, 9)]) * 0x10) - 0xFFFF6CE)]) + 0x15)) >=s 0, "P58 derived src-ac1 @7016407A")
70164081	70164049	19	WCMV	CAVE_ATTACK	dst/ac0	lenload-expr	derived	no	70164049:19 src/ac1	assert((sx16(M16[wp(ac3, 0x14)])) >=s 0, "P58 derived dst-ac0 @70164081")
70164081	70164049	19	WCMV	CAVE_ATTACK	src/ac1	varying	base-class	yes		assert((sx16(M16[wp(ac3, 0x14)])) >=s 0, "P58 base-class src-ac1 @70164081")
7016408A	70164049	21	WCMV	CAVE_ATTACK	dst/ac0	expr	derived	no	70164049:15 src/ac1 & 70164049:19 src/ac1	assert(((sx16(M16[((sx16(M16[wp(ac3, 9)]) * 0x10) - 0xFFFF6CE)]) + sx16(M16[wp(ac3, 0x14)]) + 0x15)) >=s 0, "P58 derived dst-ac0 @7016408A")
7016408A	70164049	21	WCMV	CAVE_ATTACK	src/ac1	expr	derived	no	70164049:15 src/ac1 & 70164049:19 src/ac1	assert(((sx16(M16[((sx16(M16[wp(ac3, 9)]) * 0x10) - 0xFFFF6CE)]) + sx16(M16[wp(ac3, 0x14)]) + 0x15)) >=s 0, "P58 derived src-ac1 @7016408A")
7016409B	70164049	24	WCMV	CAVE_ATTACK	dst/ac0	expr	derived	no	70164049:15 src/ac1 & 70164049:19 src/ac1	assert(((sx16(M16[((sx16(M16[wp(ac3, 9)]) * 0x10) - 0xFFFF6CE)]) + sx16(M16[wp(ac3, 0x14)]) + 0x4A)) >=s 0, "P58 derived dst-ac0 @7016409B")
7016409B	70164049	24	WCMV	CAVE_ATTACK	src/ac1	expr	derived	no	70164049:15 src/ac1 & 70164049:19 src/ac1	assert(((sx16(M16[((sx16(M16[wp(ac3, 9)]) * 0x10) - 0xFFFF6CE)]) + sx16(M16[wp(ac3, 0x14)]) + 0x4A)) >=s 0, "P58 derived src-ac1 @7016409B")
70164159	7016413B	13	WCMV	CAVE_ATTACK	dst/ac0	lenload-expr	derived	no	7016413B:13 src/ac1	assert((sx16(M16[((sx16(M16[wp(ac3, 6)]) * 0x10) - 0xFEAFBB8)])) >=s 0, "P58 derived dst-ac0 @70164159")
70164159	7016413B	13	WCMV	CAVE_ATTACK	src/ac1	lenload-expr	base-class	yes		assert((sx16(M16[((sx16(M16[wp(ac3, 6)]) * 0x10) - 0xFEAFBB8)])) >=s 0, "P58 base-class src-ac1 @70164159")
70164162	7016413B	15	WCMV	CAVE_ATTACK	dst/ac0	expr	derived	no	7016413B:13 src/ac1	assert(((sx16(M16[((sx16(M16[wp(ac3, 6)]) * 0x10) - 0xFEAFBB8)]) + 1)) >=s 0, "P58 derived dst-ac0 @70164162")
70164162	7016413B	15	WCMV	CAVE_ATTACK	src/ac1	expr	derived	no	7016413B:13 src/ac1	assert(((sx16(M16[((sx16(M16[wp(ac3, 6)]) * 0x10) - 0xFEAFBB8)]) + 1)) >=s 0, "P58 derived src-ac1 @70164162")
70164170	7016413B	19	WCMV	CAVE_ATTACK	dst/ac0	expr	derived	no	7016413B:13 src/ac1	assert(((sx16(M16[((sx16(M16[wp(ac3, 6)]) * 0x10) - 0xFEAFBB8)]) + 2)) >=s 0, "P58 derived dst-ac0 @70164170")
70164170	7016413B	19	WCMV	CAVE_ATTACK	src/ac1	expr	derived	no	7016413B:13 src/ac1	assert(((sx16(M16[((sx16(M16[wp(ac3, 6)]) * 0x10) - 0xFEAFBB8)]) + 2)) >=s 0, "P58 derived src-ac1 @70164170")
70164364	7016434C	8	WCMV	CAVE_ATTACK	dst/ac0	lenload-expr	derived	no	7016434C:8 src/ac1	assert((sx16(M16[wp(ac3, 0x2A)])) >=s 0, "P58 derived dst-ac0 @70164364")
70164364	7016434C	8	WCMV	CAVE_ATTACK	src/ac1	varying	base-class	yes		assert((sx16(M16[wp(ac3, 0x2A)])) >=s 0, "P58 base-class src-ac1 @70164364")
7016436D	7016434C	10	WCMV	CAVE_ATTACK	dst/ac0	expr	derived	no	7016434C:8 src/ac1	assert(((sx16(M16[wp(ac3, 0x2A)]) + 0x10)) >=s 0, "P58 derived dst-ac0 @7016436D")
7016436D	7016434C	10	WCMV	CAVE_ATTACK	src/ac1	expr	derived	no	7016434C:8 src/ac1	assert(((sx16(M16[wp(ac3, 0x2A)]) + 0x10)) >=s 0, "P58 derived src-ac1 @7016436D")
7016437E	7016434C	13	WCMV	CAVE_ATTACK	dst/ac0	expr	derived	no	7016434C:8 src/ac1	assert(((sx16(M16[wp(ac3, 0x2A)]) + 0x29)) >=s 0, "P58 derived dst-ac0 @7016437E")
7016437E	7016434C	13	WCMV	CAVE_ATTACK	src/ac1	expr	derived	no	7016434C:8 src/ac1	assert(((sx16(M16[wp(ac3, 0x2A)]) + 0x29)) >=s 0, "P58 derived src-ac1 @7016437E")
7016441E	701643FB	13	WCMV	CAVE_ATTACK.1@701643E0	dst/ac0	lenload-expr	derived	no	701643FB:13 src/ac1	assert((sx16(M16[((sx16(M16[(M32[wp(ac3, -0x6)] + 9)]) * 0x10) - 0xFFFF6CE)])) >=s 0, "P58 derived dst-ac0 @7016441E")
7016441E	701643FB	13	WCMV	CAVE_ATTACK.1@701643E0	src/ac1	lenload-expr	base-class	yes		assert((sx16(M16[((sx16(M16[(M32[wp(ac3, -0x6)] + 9)]) * 0x10) - 0xFFFF6CE)])) >=s 0, "P58 base-class src-ac1 @7016441E")
70164427	701643FB	15	WCMV	CAVE_ATTACK.1@701643E0	dst/ac0	expr	derived	no	701643FB:13 src/ac1	assert(((sx16(M16[((sx16(M16[(M32[wp(ac3, -0x6)] + 9)]) * 0x10) - 0xFFFF6CE)]) + 5)) >=s 0, "P58 derived dst-ac0 @70164427")
70164427	701643FB	15	WCMV	CAVE_ATTACK.1@701643E0	src/ac1	expr	derived	no	701643FB:13 src/ac1	assert(((sx16(M16[((sx16(M16[(M32[wp(ac3, -0x6)] + 9)]) * 0x10) - 0xFFFF6CE)]) + 5)) >=s 0, "P58 derived src-ac1 @70164427")
70164438	701643FB	18	WCMV	CAVE_ATTACK.1@701643E0	dst/ac0	expr	derived	no	701643FB:13 src/ac1	assert(((sx16(M16[((sx16(M16[(M32[wp(ac3, -0x6)] + 9)]) * 0x10) - 0xFFFF6CE)]) + 0x17)) >=s 0, "P58 derived dst-ac0 @70164438")
70164438	701643FB	18	WCMV	CAVE_ATTACK.1@701643E0	src/ac1	expr	derived	no	701643FB:13 src/ac1	assert(((sx16(M16[((sx16(M16[(M32[wp(ac3, -0x6)] + 9)]) * 0x10) - 0xFFFF6CE)]) + 0x17)) >=s 0, "P58 derived src-ac1 @70164438")
70164576	70164553	13	WCMV	CAVE_ATTACK.1@701643E0	dst/ac0	lenload-expr	derived	no	70164553:13 src/ac1	assert((sx16(M16[((sx16(M16[(M32[wp(ac3, -0x6)] + 0xB)]) * 0xC) - 0xFFFFD9A)])) >=s 0, "P58 derived dst-ac0 @70164576")
70164576	70164553	13	WCMV	CAVE_ATTACK.1@701643E0	src/ac1	lenload-expr	base-class	yes		assert((sx16(M16[((sx16(M16[(M32[wp(ac3, -0x6)] + 0xB)]) * 0xC) - 0xFFFFD9A)])) >=s 0, "P58 base-class src-ac1 @70164576")
7016457F	70164553	15	WCMV	CAVE_ATTACK.1@701643E0	dst/ac0	expr	derived	no	70164553:13 src/ac1	assert(((sx16(M16[((sx16(M16[(M32[wp(ac3, -0x6)] + 0xB)]) * 0xC) - 0xFFFFD9A)]) + 0x42)) >=s 0, "P58 derived dst-ac0 @7016457F")
7016457F	70164553	15	WCMV	CAVE_ATTACK.1@701643E0	src/ac1	expr	derived	no	70164553:13 src/ac1	assert(((sx16(M16[((sx16(M16[(M32[wp(ac3, -0x6)] + 0xB)]) * 0xC) - 0xFFFFD9A)]) + 0x42)) >=s 0, "P58 derived src-ac1 @7016457F")
70164590	70164553	18	WCMV	CAVE_ATTACK.1@701643E0	dst/ac0	expr	derived	no	70164553:13 src/ac1	assert(((sx16(M16[((sx16(M16[(M32[wp(ac3, -0x6)] + 0xB)]) * 0xC) - 0xFFFFD9A)]) + 0x48)) >=s 0, "P58 derived dst-ac0 @70164590")
70164590	70164553	18	WCMV	CAVE_ATTACK.1@701643E0	src/ac1	expr	derived	no	70164553:13 src/ac1	assert(((sx16(M16[((sx16(M16[(M32[wp(ac3, -0x6)] + 0xB)]) * 0xC) - 0xFFFFD9A)]) + 0x48)) >=s 0, "P58 derived src-ac1 @70164590")
7016464A	70164632	8	WCMV	CAVE_ATTACK.2@70164600	dst/ac0	lenload-expr	derived	no	70164632:8 src/ac1	assert((sx16(M16[wp(ac3, 6)])) >=s 0, "P58 derived dst-ac0 @7016464A")
7016464A	70164632	8	WCMV	CAVE_ATTACK.2@70164600	src/ac1	varying	base-class	yes		assert((sx16(M16[wp(ac3, 6)])) >=s 0, "P58 base-class src-ac1 @7016464A")
70164653	70164632	10	WCMV	CAVE_ATTACK.2@70164600	dst/ac0	expr	derived	no	70164632:8 src/ac1	assert(((sx16(M16[wp(ac3, 6)]) + 0x10)) >=s 0, "P58 derived dst-ac0 @70164653")
70164653	70164632	10	WCMV	CAVE_ATTACK.2@70164600	src/ac1	expr	derived	no	70164632:8 src/ac1	assert(((sx16(M16[wp(ac3, 6)]) + 0x10)) >=s 0, "P58 derived src-ac1 @70164653")
70164664	70164632	13	WCMV	CAVE_ATTACK.2@70164600	dst/ac0	expr	derived	no	70164632:8 src/ac1	assert(((sx16(M16[wp(ac3, 6)]) + 0x29)) >=s 0, "P58 derived dst-ac0 @70164664")
70164664	70164632	13	WCMV	CAVE_ATTACK.2@70164600	src/ac1	expr	derived	no	70164632:8 src/ac1	assert(((sx16(M16[wp(ac3, 6)]) + 0x29)) >=s 0, "P58 derived src-ac1 @70164664")
701648C6	701648AE	8	WCMV	CAVE_ATTACK.2@70164600	dst/ac0	lenload-expr	derived	no	701648AE:8 src/ac1	assert((sx16(M16[wp(ac3, 6)])) >=s 0, "P58 derived dst-ac0 @701648C6")
701648C6	701648AE	8	WCMV	CAVE_ATTACK.2@70164600	src/ac1	varying	base-class	yes		assert((sx16(M16[wp(ac3, 6)])) >=s 0, "P58 base-class src-ac1 @701648C6")
701648CF	701648AE	10	WCMV	CAVE_ATTACK.2@70164600	dst/ac0	expr	derived	no	701648AE:8 src/ac1	assert(((sx16(M16[wp(ac3, 6)]) + 0x10)) >=s 0, "P58 derived dst-ac0 @701648CF")
701648CF	701648AE	10	WCMV	CAVE_ATTACK.2@70164600	src/ac1	expr	derived	no	701648AE:8 src/ac1	assert(((sx16(M16[wp(ac3, 6)]) + 0x10)) >=s 0, "P58 derived src-ac1 @701648CF")
701648E0	701648AE	13	WCMV	CAVE_ATTACK.2@70164600	dst/ac0	expr	derived	no	701648AE:8 src/ac1	assert(((sx16(M16[wp(ac3, 6)]) + 0x29)) >=s 0, "P58 derived dst-ac0 @701648E0")
701648E0	701648AE	13	WCMV	CAVE_ATTACK.2@70164600	src/ac1	expr	derived	no	701648AE:8 src/ac1	assert(((sx16(M16[wp(ac3, 6)]) + 0x29)) >=s 0, "P58 derived src-ac1 @701648E0")
7016499C	70164984	8	WCMV	CAVE_ATTACK.2@70164600	dst/ac0	lenload-expr	derived	no	70164984:8 src/ac1	assert((sx16(M16[wp(ac3, 6)])) >=s 0, "P58 derived dst-ac0 @7016499C")
7016499C	70164984	8	WCMV	CAVE_ATTACK.2@70164600	src/ac1	varying	base-class	yes		assert((sx16(M16[wp(ac3, 6)])) >=s 0, "P58 base-class src-ac1 @7016499C")
701649A5	70164984	10	WCMV	CAVE_ATTACK.2@70164600	dst/ac0	expr	derived	no	70164984:8 src/ac1	assert(((sx16(M16[wp(ac3, 6)]) + 0x10)) >=s 0, "P58 derived dst-ac0 @701649A5")
701649A5	70164984	10	WCMV	CAVE_ATTACK.2@70164600	src/ac1	expr	derived	no	70164984:8 src/ac1	assert(((sx16(M16[wp(ac3, 6)]) + 0x10)) >=s 0, "P58 derived src-ac1 @701649A5")
701649B6	70164984	13	WCMV	CAVE_ATTACK.2@70164600	dst/ac0	expr	derived	no	70164984:8 src/ac1	assert(((sx16(M16[wp(ac3, 6)]) + 0x29)) >=s 0, "P58 derived dst-ac0 @701649B6")
701649B6	70164984	13	WCMV	CAVE_ATTACK.2@70164600	src/ac1	expr	derived	no	70164984:8 src/ac1	assert(((sx16(M16[wp(ac3, 6)]) + 0x29)) >=s 0, "P58 derived src-ac1 @701649B6")
70164B15	70164AFD	8	WCMV	CAVE_ATTACK.2@70164600	dst/ac0	lenload-expr	derived	no	70164AFD:8 src/ac1	assert((sx16(M16[wp(ac3, 6)])) >=s 0, "P58 derived dst-ac0 @70164B15")
70164B15	70164AFD	8	WCMV	CAVE_ATTACK.2@70164600	src/ac1	varying	base-class	yes		assert((sx16(M16[wp(ac3, 6)])) >=s 0, "P58 base-class src-ac1 @70164B15")
70164B1E	70164AFD	10	WCMV	CAVE_ATTACK.2@70164600	dst/ac0	expr	derived	no	70164AFD:8 src/ac1	assert(((sx16(M16[wp(ac3, 6)]) + 0xD)) >=s 0, "P58 derived dst-ac0 @70164B1E")
70164B1E	70164AFD	10	WCMV	CAVE_ATTACK.2@70164600	src/ac1	expr	derived	no	70164AFD:8 src/ac1	assert(((sx16(M16[wp(ac3, 6)]) + 0xD)) >=s 0, "P58 derived src-ac1 @70164B1E")
70164B2F	70164AFD	13	WCMV	CAVE_ATTACK.2@70164600	dst/ac0	expr	derived	no	70164AFD:8 src/ac1	assert(((sx16(M16[wp(ac3, 6)]) + 0x30)) >=s 0, "P58 derived dst-ac0 @70164B2F")
70164B2F	70164AFD	13	WCMV	CAVE_ATTACK.2@70164600	src/ac1	expr	derived	no	70164AFD:8 src/ac1	assert(((sx16(M16[wp(ac3, 6)]) + 0x30)) >=s 0, "P58 derived src-ac1 @70164B2F")
70165111	70165102	4	WCMV	DISPLAY_MAP	dst/ac0	lenload-expr	derived	no	70165102:4 src/ac1	assert((sx16(M16[0x7000021C])) >=s 0, "P58 derived dst-ac0 @70165111")
70165111	70165102	4	WCMV	DISPLAY_MAP	src/ac1	varying	base-class	yes		assert((sx16(M16[0x7000021C])) >=s 0, "P58 base-class src-ac1 @70165111")
7016511D	70165102	7	WCMV	DISPLAY_MAP	dst/ac0	expr	derived	no	70165102:4 src/ac1	assert(((sx16(M16[0x7000021C]) + 1)) >=s 0, "P58 derived dst-ac0 @7016511D")
7016511D	70165102	7	WCMV	DISPLAY_MAP	src/ac1	expr	derived	no	70165102:4 src/ac1	assert(((sx16(M16[0x7000021C]) + 1)) >=s 0, "P58 derived src-ac1 @7016511D")
7016515C	70165135	13	WCMV	DISPLAY_MAP	dst/ac0	lenload-expr	derived	no	70165135:13 src/ac1	assert((sx16(M16[0x7000021C])) >=s 0, "P58 derived dst-ac0 @7016515C")
7016515C	70165135	13	WCMV	DISPLAY_MAP	src/ac1	varying	base-class	yes		assert((sx16(M16[0x7000021C])) >=s 0, "P58 base-class src-ac1 @7016515C")
70165165	70165135	15	WCMV	DISPLAY_MAP	dst/ac0	expr	derived	no	70165135:13 src/ac1	assert(((sx16(M16[0x7000021C]) + 0x15)) >=s 0, "P58 derived dst-ac0 @70165165")
70165165	70165135	15	WCMV	DISPLAY_MAP	src/ac1	expr	derived	no	70165135:13 src/ac1	assert(((sx16(M16[0x7000021C]) + 0x15)) >=s 0, "P58 derived src-ac1 @70165165")
70165173	70165135	19	WCMV	DISPLAY_MAP	dst/ac0	expr	derived	no	70165135:13 src/ac1	assert(((sx16(M16[0x7000021C]) + 0x16)) >=s 0, "P58 derived dst-ac0 @70165173")
70165173	70165135	19	WCMV	DISPLAY_MAP	src/ac1	expr	derived	no	70165135:13 src/ac1	assert(((sx16(M16[0x7000021C]) + 0x16)) >=s 0, "P58 derived src-ac1 @70165173")
701651CD	70165186	26	WCMV	DISPLAY_MAP	dst/ac0	register	derived	no	70165186:26 src/ac1	assert((ac0) >=s 0, "P58 derived dst-ac0 @701651CD")
701651CD	70165186	26	WCMV	DISPLAY_MAP	src/ac1	register	base-class	yes		assert((ac1) >=s 0, "P58 base-class src-ac1 @701651CD")
701651CD	70165186	32	WCMV	DISPLAY_MAP	dst/ac0	register	derived	no	70165186:26 src/ac1	assert((ac0) >=s 0, "P58 derived dst-ac0 @701651CD")
701651CD	70165186	32	WCMV	DISPLAY_MAP	src/ac1	register	derived	no	70165186:26 src/ac1	assert((ac1) >=s 0, "P58 derived src-ac1 @701651CD")
701651DE	70165186	38	WCMV	DISPLAY_MAP	dst/ac0	register	derived	no	70165186:26 src/ac1	assert((ac0) >=s 0, "P58 derived dst-ac0 @701651DE")
701651DE	70165186	38	WCMV	DISPLAY_MAP	src/ac1	register	derived	no	70165186:26 src/ac1	assert((ac1) >=s 0, "P58 derived src-ac1 @701651DE")
7016566D	70165661	7	WCMV	DISPLAY_MAP	dst/ac0	register	invariant	no	join{constant 2 | 80 - slot20 with the slot in [0, 80] (invariant)}	assert((ac0) >=s 0, "P58 invariant dst-ac0 @7016566D")
7016566D	70165661	7	WCMV	DISPLAY_MAP	src/ac1	register	invariant	no	join{constant 2 | 80 - slot20 with the slot in [0, 80] (invariant)}	assert((ac1) >=s 0, "P58 invariant src-ac1 @7016566D")
70165A5D	70165A5D	0	WCMV	DEFEND	dst/ac0	register	cond	yes		assert((ac0) >=s 0, "P58 cond dst-ac0 @70165A5D")
70165A5D	70165A5D	0	WCMV	DEFEND	src/ac1	register	derived	no	residue chain	assert((ac1) >=s 0, "P58 derived src-ac1 @70165A5D")
70165A94	70165A6E	15	WCMV	DEFEND	dst/ac0	lenload-expr	derived	no	70165A6E:15 src/ac1	assert((sx16(M16[((sx16(M16[wp(ac3, 5)]) * 0xC) - 0xFFFFD9A)])) >=s 0, "P58 derived dst-ac0 @70165A94")
70165A94	70165A6E	15	WCMV	DEFEND	src/ac1	lenload-expr	base-class	yes		assert((sx16(M16[((sx16(M16[wp(ac3, 5)]) * 0xC) - 0xFFFFD9A)])) >=s 0, "P58 base-class src-ac1 @70165A94")
70165A9D	70165A6E	17	WCMV	DEFEND	dst/ac0	expr	derived	no	70165A6E:15 src/ac1	assert(((sx16(M16[((sx16(M16[wp(ac3, 5)]) * 0xC) - 0xFFFFD9A)]) + 0x18)) >=s 0, "P58 derived dst-ac0 @70165A9D")
70165A9D	70165A6E	17	WCMV	DEFEND	src/ac1	expr	derived	no	70165A6E:15 src/ac1	assert(((sx16(M16[((sx16(M16[wp(ac3, 5)]) * 0xC) - 0xFFFFD9A)]) + 0x18)) >=s 0, "P58 derived src-ac1 @70165A9D")
70165AA4	70165A6E	19	WCMV	DEFEND	dst/ac0	lenload-expr	derived	no	70165A6E:19 src/ac1	assert((sx16(M16[wp(ac3, 0x12)])) >=s 0, "P58 derived dst-ac0 @70165AA4")
70165AA4	70165A6E	19	WCMV	DEFEND	src/ac1	varying	base-class	yes		assert((sx16(M16[wp(ac3, 0x12)])) >=s 0, "P58 base-class src-ac1 @70165AA4")
70165AAF	70165A6E	21	WCMV	DEFEND	dst/ac0	expr	derived	no	70165A6E:15 src/ac1 & 70165A6E:19 src/ac1	assert(((sx16(M16[((sx16(M16[wp(ac3, 5)]) * 0xC) - 0xFFFFD9A)]) + sx16(M16[wp(ac3, 0x12)]) + 0x18)) >=s 0, "P58 derived dst-ac0 @70165AAF")
70165AAF	70165A6E	21	WCMV	DEFEND	src/ac1	expr	derived	no	70165A6E:15 src/ac1 & 70165A6E:19 src/ac1	assert(((sx16(M16[((sx16(M16[wp(ac3, 5)]) * 0xC) - 0xFFFFD9A)]) + sx16(M16[wp(ac3, 0x12)]) + 0x18)) >=s 0, "P58 derived src-ac1 @70165AAF")
70165BCB	70165BB4	8	WCMV	DEFEND	dst/ac0	lenload-expr	derived	no	70165BB4:8 src/ac1	assert((sx16(M16[wp(ac3, 0x34)])) >=s 0, "P58 derived dst-ac0 @70165BCB")
70165BCB	70165BB4	8	WCMV	DEFEND	src/ac1	varying	base-class	yes		assert((sx16(M16[wp(ac3, 0x34)])) >=s 0, "P58 base-class src-ac1 @70165BCB")
70165BD4	70165BB4	10	WCMV	DEFEND	dst/ac0	expr	derived	no	70165BB4:8 src/ac1	assert(((sx16(M16[wp(ac3, 0x34)]) + 3)) >=s 0, "P58 derived dst-ac0 @70165BD4")
70165BD4	70165BB4	10	WCMV	DEFEND	src/ac1	expr	derived	no	70165BB4:8 src/ac1	assert(((sx16(M16[wp(ac3, 0x34)]) + 3)) >=s 0, "P58 derived src-ac1 @70165BD4")
70165BE5	70165BB4	13	WCMV	DEFEND	dst/ac0	expr	derived	no	70165BB4:8 src/ac1	assert(((sx16(M16[wp(ac3, 0x34)]) + 0x2C)) >=s 0, "P58 derived dst-ac0 @70165BE5")
70165BE5	70165BB4	13	WCMV	DEFEND	src/ac1	expr	derived	no	70165BB4:8 src/ac1	assert(((sx16(M16[wp(ac3, 0x34)]) + 0x2C)) >=s 0, "P58 derived src-ac1 @70165BE5")
70165C62	70165C4A	9	WCMV	DEFEND	dst/ac0	lenload-expr	derived	no	70165C4A:9 src/ac1	assert((sx16(M16[wp(ac3, 0x34)])) >=s 0, "P58 derived dst-ac0 @70165C62")
70165C62	70165C4A	9	WCMV	DEFEND	src/ac1	varying	base-class	yes		assert((sx16(M16[wp(ac3, 0x34)])) >=s 0, "P58 base-class src-ac1 @70165C62")
70165C6B	70165C4A	11	WCMV	DEFEND	dst/ac0	expr	derived	no	70165C4A:9 src/ac1	assert(((sx16(M16[wp(ac3, 0x34)]) + 0x1A)) >=s 0, "P58 derived dst-ac0 @70165C6B")
70165C6B	70165C4A	11	WCMV	DEFEND	src/ac1	expr	derived	no	70165C4A:9 src/ac1	assert(((sx16(M16[wp(ac3, 0x34)]) + 0x1A)) >=s 0, "P58 derived src-ac1 @70165C6B")
70165C7C	70165C4A	14	WCMV	DEFEND	dst/ac0	expr	derived	no	70165C4A:9 src/ac1	assert(((sx16(M16[wp(ac3, 0x34)]) + 0x2C)) >=s 0, "P58 derived dst-ac0 @70165C7C")
70165C7C	70165C4A	14	WCMV	DEFEND	src/ac1	expr	derived	no	70165C4A:9 src/ac1	assert(((sx16(M16[wp(ac3, 0x34)]) + 0x2C)) >=s 0, "P58 derived src-ac1 @70165C7C")
70165D2A	70165D07	12	WCMV	DEFEND	dst/ac0	lenload-expr	derived	no	70165D07:12 src/ac1	assert((sx16(M16[((sx16(M16[wp(ac3, 5)]) * 0xC) - 0xFFFFD9A)])) >=s 0, "P58 derived dst-ac0 @70165D2A")
70165D2A	70165D07	12	WCMV	DEFEND	src/ac1	lenload-expr	base-class	yes		assert((sx16(M16[((sx16(M16[wp(ac3, 5)]) * 0xC) - 0xFFFFD9A)])) >=s 0, "P58 base-class src-ac1 @70165D2A")
70165D33	70165D07	14	WCMV	DEFEND	dst/ac0	expr	derived	no	70165D07:12 src/ac1	assert(((sx16(M16[((sx16(M16[wp(ac3, 5)]) * 0xC) - 0xFFFFD9A)]) + 4)) >=s 0, "P58 derived dst-ac0 @70165D33")
70165D33	70165D07	14	WCMV	DEFEND	src/ac1	expr	derived	no	70165D07:12 src/ac1	assert(((sx16(M16[((sx16(M16[wp(ac3, 5)]) * 0xC) - 0xFFFFD9A)]) + 4)) >=s 0, "P58 derived src-ac1 @70165D33")
70165D44	70165D07	17	WCMV	DEFEND	dst/ac0	expr	derived	no	70165D07:12 src/ac1	assert(((sx16(M16[((sx16(M16[wp(ac3, 5)]) * 0xC) - 0xFFFFD9A)]) + 0x1D)) >=s 0, "P58 derived dst-ac0 @70165D44")
70165D44	70165D07	17	WCMV	DEFEND	src/ac1	expr	derived	no	70165D07:12 src/ac1	assert(((sx16(M16[((sx16(M16[wp(ac3, 5)]) * 0xC) - 0xFFFFD9A)]) + 0x1D)) >=s 0, "P58 derived src-ac1 @70165D44")
70165DCC	70165DCC	0	WCMV	DEFEND	dst/ac0	register	cond	yes		assert((ac0) >=s 0, "P58 cond dst-ac0 @70165DCC")
70165DCC	70165DCC	0	WCMV	DEFEND	src/ac1	register	derived	no	residue chain	assert((ac1) >=s 0, "P58 derived src-ac1 @70165DCC")
70165DFD	70165DD7	15	WCMV	DEFEND	dst/ac0	lenload-expr	derived	no	70165DD7:15 src/ac1	assert((sx16(M16[((sx16(M16[wp(ac3, 0x2C)]) * 0x10) - 0xFFFF6CE)])) >=s 0, "P58 derived dst-ac0 @70165DFD")
70165DFD	70165DD7	15	WCMV	DEFEND	src/ac1	lenload-expr	base-class	yes		assert((sx16(M16[((sx16(M16[wp(ac3, 0x2C)]) * 0x10) - 0xFFFF6CE)])) >=s 0, "P58 base-class src-ac1 @70165DFD")
70165E06	70165DD7	17	WCMV	DEFEND	dst/ac0	expr	derived	no	70165DD7:15 src/ac1	assert(((sx16(M16[((sx16(M16[wp(ac3, 0x2C)]) * 0x10) - 0xFFFF6CE)]) + 0x18)) >=s 0, "P58 derived dst-ac0 @70165E06")
70165E06	70165DD7	17	WCMV	DEFEND	src/ac1	expr	derived	no	70165DD7:15 src/ac1	assert(((sx16(M16[((sx16(M16[wp(ac3, 0x2C)]) * 0x10) - 0xFFFF6CE)]) + 0x18)) >=s 0, "P58 derived src-ac1 @70165E06")
70165E0D	70165DD7	19	WCMV	DEFEND	dst/ac0	lenload-expr	derived	no	70165DD7:19 src/ac1	assert((sx16(M16[wp(ac3, 0x12)])) >=s 0, "P58 derived dst-ac0 @70165E0D")
70165E0D	70165DD7	19	WCMV	DEFEND	src/ac1	varying	base-class	yes		assert((sx16(M16[wp(ac3, 0x12)])) >=s 0, "P58 base-class src-ac1 @70165E0D")
70165E18	70165DD7	21	WCMV	DEFEND	dst/ac0	expr	derived	no	70165DD7:15 src/ac1 & 70165DD7:19 src/ac1	assert(((sx16(M16[((sx16(M16[wp(ac3, 0x2C)]) * 0x10) - 0xFFFF6CE)]) + sx16(M16[wp(ac3, 0x12)]) + 0x18)) >=s 0, "P58 derived dst-ac0 @70165E18")
70165E18	70165DD7	21	WCMV	DEFEND	src/ac1	expr	derived	no	70165DD7:15 src/ac1 & 70165DD7:19 src/ac1	assert(((sx16(M16[((sx16(M16[wp(ac3, 0x2C)]) * 0x10) - 0xFFFF6CE)]) + sx16(M16[wp(ac3, 0x12)]) + 0x18)) >=s 0, "P58 derived src-ac1 @70165E18")
70165EDE	70165EC6	9	WCMV	DEFEND	dst/ac0	lenload-expr	derived	no	70165EC6:9 src/ac1	assert((sx16(M16[wp(ac3, 0x34)])) >=s 0, "P58 derived dst-ac0 @70165EDE")
70165EDE	70165EC6	9	WCMV	DEFEND	src/ac1	varying	base-class	yes		assert((sx16(M16[wp(ac3, 0x34)])) >=s 0, "P58 base-class src-ac1 @70165EDE")
70165EE7	70165EC6	11	WCMV	DEFEND	dst/ac0	expr	derived	no	70165EC6:9 src/ac1	assert(((sx16(M16[wp(ac3, 0x34)]) + 0x1A)) >=s 0, "P58 derived dst-ac0 @70165EE7")
70165EE7	70165EC6	11	WCMV	DEFEND	src/ac1	expr	derived	no	70165EC6:9 src/ac1	assert(((sx16(M16[wp(ac3, 0x34)]) + 0x1A)) >=s 0, "P58 derived src-ac1 @70165EE7")
70165EF8	70165EC6	14	WCMV	DEFEND	dst/ac0	expr	derived	no	70165EC6:9 src/ac1	assert(((sx16(M16[wp(ac3, 0x34)]) + 0x2C)) >=s 0, "P58 derived dst-ac0 @70165EF8")
70165EF8	70165EC6	14	WCMV	DEFEND	src/ac1	expr	derived	no	70165EC6:9 src/ac1	assert(((sx16(M16[wp(ac3, 0x34)]) + 0x2C)) >=s 0, "P58 derived src-ac1 @70165EF8")
70165F5A	70165F2D	15	WCMV	DEFEND	dst/ac0	register	derived	no	70165F2D:15 src/ac1	assert((ac0) >=s 0, "P58 derived dst-ac0 @70165F5A")
70165F5A	70165F2D	15	WCMV	DEFEND	src/ac1	register	base-class	yes		assert((ac1) >=s 0, "P58 base-class src-ac1 @70165F5A")
70165F5A	70165F2D	21	WCMV	DEFEND	dst/ac0	register	derived	no	70165F2D:15 src/ac1	assert((ac0) >=s 0, "P58 derived dst-ac0 @70165F5A")
70165F5A	70165F2D	21	WCMV	DEFEND	src/ac1	register	derived	no	70165F2D:15 src/ac1	assert((ac1) >=s 0, "P58 derived src-ac1 @70165F5A")
70165F6B	70165F2D	27	WCMV	DEFEND	dst/ac0	register	derived	no	70165F2D:15 src/ac1	assert((ac0) >=s 0, "P58 derived dst-ac0 @70165F6B")
70165F6B	70165F2D	27	WCMV	DEFEND	src/ac1	register	derived	no	70165F2D:15 src/ac1	assert((ac1) >=s 0, "P58 derived src-ac1 @70165F6B")
70166166	70166144	16	WCMV	DIED	dst/ac0	lenload-expr	derived	no	70166144:16 src/ac1	assert((sx16(M16[M32[wp(ac3, -0xC)]])) >=s 0, "P58 derived dst-ac0 @70166166")
70166166	70166144	16	WCMV	DIED	src/ac1	varying	base-class	yes		assert((sx16(M16[M32[wp(ac3, -0xC)]])) >=s 0, "P58 base-class src-ac1 @70166166")
7016617A	70166144	31	WCMV	DIED	dst/ac0	register	derived	no	70166144:16 src/ac1	assert((ac0) >=s 0, "P58 derived dst-ac0 @7016617A")
7016617A	70166144	31	WCMV	DIED	src/ac1	register	derived	no	70166144:16 src/ac1	assert((ac1) >=s 0, "P58 derived src-ac1 @7016617A")
7016619C	70166193	5	WCMV	DIED	dst/ac0	register	cond	yes		assert((ac0) >=s 0, "P58 cond dst-ac0 @7016619C")
7016619C	70166193	5	WCMV	DIED	src/ac1	register	cond	yes		assert((ac1) >=s 0, "P58 cond src-ac1 @7016619C")
701661D1	701661AE	17	WCMV	DIED	dst/ac0	lenload-expr	derived	no	701661AE:17 src/ac1	assert((sx16(M16[M32[wp(ac3, -0xC)]])) >=s 0, "P58 derived dst-ac0 @701661D1")
701661D1	701661AE	17	WCMV	DIED	src/ac1	varying	base-class	yes		assert((sx16(M16[M32[wp(ac3, -0xC)]])) >=s 0, "P58 base-class src-ac1 @701661D1")
701661E5	701661AE	32	WCMV	DIED	dst/ac0	register	derived	no	701661AE:17 src/ac1	assert((ac0) >=s 0, "P58 derived dst-ac0 @701661E5")
701661E5	701661AE	32	WCMV	DIED	src/ac1	register	derived	no	701661AE:17 src/ac1	assert((ac1) >=s 0, "P58 derived src-ac1 @701661E5")
70166207	701661FE	5	WCMV	DIED	dst/ac0	register	cond	yes		assert((ac0) >=s 0, "P58 cond dst-ac0 @70166207")
70166207	701661FE	5	WCMV	DIED	src/ac1	register	cond	yes		assert((ac1) >=s 0, "P58 cond src-ac1 @70166207")
701664EA	701664D4	6	WCMV	DISPLAY_MAGIC	dst/ac0	lenload-expr	derived	no	701664D4:6 src/ac1	assert((sx16(M16[wp(ac3, 0x1C)])) >=s 0, "P58 derived dst-ac0 @701664EA")
701664EA	701664D4	6	WCMV	DISPLAY_MAGIC	src/ac1	varying	base-class	yes		assert((sx16(M16[wp(ac3, 0x1C)])) >=s 0, "P58 base-class src-ac1 @701664EA")
701664F6	701664F6	0	WCMV	DISPLAY_MAGIC	dst/ac0	register	cond	yes		assert((ac0) >=s 0, "P58 cond dst-ac0 @701664F6")
701664FD	701664FD	0	WCMV	DISPLAY_MAGIC	dst/ac0	register	derived	no	residue chain	assert((ac0) >=s 0, "P58 derived dst-ac0 @701664FD")
701664FD	701664FD	0	WCMV	DISPLAY_MAGIC	src/ac1	register	derived	no	residue chain	assert((ac1) >=s 0, "P58 derived src-ac1 @701664FD")
7016652A	70166514	6	WCMV	DISPLAY_MAGIC	dst/ac0	lenload-expr	derived	no	70166514:6 src/ac1	assert((sx16(M16[wp(ac3, 0x4E)])) >=s 0, "P58 derived dst-ac0 @7016652A")
7016652A	70166514	6	WCMV	DISPLAY_MAGIC	src/ac1	varying	base-class	yes		assert((sx16(M16[wp(ac3, 0x4E)])) >=s 0, "P58 base-class src-ac1 @7016652A")
70166536	70166536	0	WCMV	DISPLAY_MAGIC	dst/ac0	register	unknown	yes		assert((ac0) >=s 0, "P58 unknown dst-ac0 @70166536")
7016653D	7016653D	0	WCMV	DISPLAY_MAGIC	dst/ac0	register	derived	no	residue chain	assert((ac0) >=s 0, "P58 derived dst-ac0 @7016653D")
7016653D	7016653D	0	WCMV	DISPLAY_MAGIC	src/ac1	register	derived	no	residue chain	assert((ac1) >=s 0, "P58 derived src-ac1 @7016653D")
70166589	70166564	18	WCMV	DISPLAY_MAGIC	dst/ac0	lenload-expr	derived	no	70166564:18 src/ac1	assert((sx16(M16[((sx16(M16[wp(ac3, 2)]) * 0x10) - 0xFEAFBB8)])) >=s 0, "P58 derived dst-ac0 @70166589")
70166589	70166564	18	WCMV	DISPLAY_MAGIC	src/ac1	lenload-expr	base-class	yes		assert((sx16(M16[((sx16(M16[wp(ac3, 2)]) * 0x10) - 0xFEAFBB8)])) >=s 0, "P58 base-class src-ac1 @70166589")
70166591	70166564	20	WCMV	DISPLAY_MAGIC	dst/ac0	expr	unknown	yes		assert(((0 - sx16(M16[((sx16(M16[wp(ac3, 2)]) * 0x10) - 0xFEAFBB8)]) + 0x1E)) >=s 0, "P58 unknown dst-ac0 @70166591")
70166591	70166564	20	WCMV	DISPLAY_MAGIC	src/ac1	expr	unknown	yes		assert(((0 - sx16(M16[((sx16(M16[wp(ac3, 2)]) * 0x10) - 0xFEAFBB8)]) + 0x1E)) >=s 0, "P58 unknown src-ac1 @70166591")
701665C6	70166564	51	WCMV	DISPLAY_MAGIC	dst/ac0	lenload-expr	derived	no	70166564:51 src/ac1	assert((sx16(M16[wp(ac3, 6)])) >=s 0, "P58 derived dst-ac0 @701665C6")
701665C6	70166564	51	WCMV	DISPLAY_MAGIC	src/ac1	varying	base-class	yes		assert((sx16(M16[wp(ac3, 6)])) >=s 0, "P58 base-class src-ac1 @701665C6")
701665E2	701665D9	5	WCMV	DISPLAY_MAGIC	dst/ac0	register	unknown	yes		assert((ac0) >=s 0, "P58 unknown dst-ac0 @701665E2")
701665E2	701665D9	5	WCMV	DISPLAY_MAGIC	src/ac1	register	unknown	yes		assert((ac1) >=s 0, "P58 unknown src-ac1 @701665E2")
70166703	701666F8	2	WCMV	DISPLAY_CAVE	dst/ac0	expr	cond	yes		assert(((sx16(M16[0x70000A4E]) + 2)) >=s 0, "P58 cond dst-ac0 @70166703")
70166703	701666F8	2	WCMV	DISPLAY_CAVE	src/ac1	expr	cond	yes		assert(((sx16(M16[0x70000A4E]) + 2)) >=s 0, "P58 cond src-ac1 @70166703")
701667B8	7016679D	16	WCMV	DISPLAY_CAVE	dst/ac0	register	derived	no	7016679D:16 src/ac1	assert((ac0) >=s 0, "P58 derived dst-ac0 @701667B8")
701667B8	7016679D	16	WCMV	DISPLAY_CAVE	src/ac1	register	base-class	yes		assert((ac1) >=s 0, "P58 base-class src-ac1 @701667B8")
701667E2	7016679D	23	WCMV	DISPLAY_CAVE	dst/ac0	register	derived	no	7016679D:16 src/ac1	assert((ac0) >=s 0, "P58 derived dst-ac0 @701667E2")
701667E2	7016679D	23	WCMV	DISPLAY_CAVE	src/ac1	register	derived	no	7016679D:16 src/ac1	assert((ac1) >=s 0, "P58 derived src-ac1 @701667E2")
701667E2	7016679D	31	WCMV	DISPLAY_CAVE	dst/ac0	register	derived	no	7016679D:16 src/ac1	assert((ac0) >=s 0, "P58 derived dst-ac0 @701667E2")
701667E2	7016679D	31	WCMV	DISPLAY_CAVE	src/ac1	register	derived	no	7016679D:16 src/ac1	assert((ac1) >=s 0, "P58 derived src-ac1 @701667E2")
701667E2	7016679D	38	WCMV	DISPLAY_CAVE	dst/ac0	register	derived	no	7016679D:16 src/ac1	assert((ac0) >=s 0, "P58 derived dst-ac0 @701667E2")
701667E2	7016679D	38	WCMV	DISPLAY_CAVE	src/ac1	register	derived	no	7016679D:16 src/ac1	assert((ac1) >=s 0, "P58 derived src-ac1 @701667E2")
701667F5	701667ED	1	WCMV	DISPLAY_CAVE	dst/ac0	register	unknown	yes		assert((ac0) >=s 0, "P58 unknown dst-ac0 @701667F5")
701667F5	701667ED	1	WCMV	DISPLAY_CAVE	src/ac1	register	unknown	yes		assert((ac1) >=s 0, "P58 unknown src-ac1 @701667F5")
70166813	701667F8	16	WCMV	DISPLAY_CAVE	dst/ac0	register	derived	no	701667F8:16 src/ac1	assert((ac0) >=s 0, "P58 derived dst-ac0 @70166813")
70166813	701667F8	16	WCMV	DISPLAY_CAVE	src/ac1	register	base-class	yes		assert((ac1) >=s 0, "P58 base-class src-ac1 @70166813")
7016683D	701667F8	23	WCMV	DISPLAY_CAVE	dst/ac0	register	derived	no	701667F8:16 src/ac1	assert((ac0) >=s 0, "P58 derived dst-ac0 @7016683D")
7016683D	701667F8	23	WCMV	DISPLAY_CAVE	src/ac1	register	derived	no	701667F8:16 src/ac1	assert((ac1) >=s 0, "P58 derived src-ac1 @7016683D")
7016683D	701667F8	31	WCMV	DISPLAY_CAVE	dst/ac0	register	unknown	yes		assert((ac0) >=s 0, "P58 unknown dst-ac0 @7016683D")
7016683D	701667F8	31	WCMV	DISPLAY_CAVE	src/ac1	register	unknown	yes		assert((ac1) >=s 0, "P58 unknown src-ac1 @7016683D")
7016683D	701667F8	38	WCMV	DISPLAY_CAVE	dst/ac0	register	unknown	yes		assert((ac0) >=s 0, "P58 unknown dst-ac0 @7016683D")
7016683D	701667F8	38	WCMV	DISPLAY_CAVE	src/ac1	register	unknown	yes		assert((ac1) >=s 0, "P58 unknown src-ac1 @7016683D")
70166850	70166848	1	WCMV	DISPLAY_CAVE	dst/ac0	register	unknown	yes		assert((ac0) >=s 0, "P58 unknown dst-ac0 @70166850")
70166850	70166848	1	WCMV	DISPLAY_CAVE	src/ac1	register	unknown	yes		assert((ac1) >=s 0, "P58 unknown src-ac1 @70166850")
70166874	70166859	16	WCMV	DISPLAY_CAVE	dst/ac0	register	derived	no	70166859:16 src/ac1	assert((ac0) >=s 0, "P58 derived dst-ac0 @70166874")
70166874	70166859	16	WCMV	DISPLAY_CAVE	src/ac1	register	base-class	yes		assert((ac1) >=s 0, "P58 base-class src-ac1 @70166874")
7016689E	70166859	23	WCMV	DISPLAY_CAVE	dst/ac0	register	derived	no	70166859:16 src/ac1	assert((ac0) >=s 0, "P58 derived dst-ac0 @7016689E")
7016689E	70166859	23	WCMV	DISPLAY_CAVE	src/ac1	register	derived	no	70166859:16 src/ac1	assert((ac1) >=s 0, "P58 derived src-ac1 @7016689E")
7016689E	70166859	31	WCMV	DISPLAY_CAVE	dst/ac0	register	derived	no	70166859:16 src/ac1	assert((ac0) >=s 0, "P58 derived dst-ac0 @7016689E")
7016689E	70166859	31	WCMV	DISPLAY_CAVE	src/ac1	register	derived	no	70166859:16 src/ac1	assert((ac1) >=s 0, "P58 derived src-ac1 @7016689E")
7016689E	70166859	38	WCMV	DISPLAY_CAVE	dst/ac0	register	unknown	yes		assert((ac0) >=s 0, "P58 unknown dst-ac0 @7016689E")
7016689E	70166859	38	WCMV	DISPLAY_CAVE	src/ac1	register	unknown	yes		assert((ac1) >=s 0, "P58 unknown src-ac1 @7016689E")
701668B1	701668A9	1	WCMV	DISPLAY_CAVE	dst/ac0	register	unknown	yes		assert((ac0) >=s 0, "P58 unknown dst-ac0 @701668B1")
701668B1	701668A9	1	WCMV	DISPLAY_CAVE	src/ac1	register	unknown	yes		assert((ac1) >=s 0, "P58 unknown src-ac1 @701668B1")
701668CF	701668B4	16	WCMV	DISPLAY_CAVE	dst/ac0	register	derived	no	701668B4:16 src/ac1	assert((ac0) >=s 0, "P58 derived dst-ac0 @701668CF")
701668CF	701668B4	16	WCMV	DISPLAY_CAVE	src/ac1	register	base-class	yes		assert((ac1) >=s 0, "P58 base-class src-ac1 @701668CF")
701668F9	701668B4	23	WCMV	DISPLAY_CAVE	dst/ac0	register	derived	no	701668B4:16 src/ac1	assert((ac0) >=s 0, "P58 derived dst-ac0 @701668F9")
701668F9	701668B4	23	WCMV	DISPLAY_CAVE	src/ac1	register	derived	no	701668B4:16 src/ac1	assert((ac1) >=s 0, "P58 derived src-ac1 @701668F9")
701668F9	701668B4	31	WCMV	DISPLAY_CAVE	dst/ac0	register	derived	no	701668B4:16 src/ac1	assert((ac0) >=s 0, "P58 derived dst-ac0 @701668F9")
701668F9	701668B4	31	WCMV	DISPLAY_CAVE	src/ac1	register	derived	no	701668B4:16 src/ac1	assert((ac1) >=s 0, "P58 derived src-ac1 @701668F9")
701668F9	701668B4	38	WCMV	DISPLAY_CAVE	dst/ac0	register	unknown	yes		assert((ac0) >=s 0, "P58 unknown dst-ac0 @701668F9")
701668F9	701668B4	38	WCMV	DISPLAY_CAVE	src/ac1	register	unknown	yes		assert((ac1) >=s 0, "P58 unknown src-ac1 @701668F9")
7016690C	70166904	1	WCMV	DISPLAY_CAVE	dst/ac0	register	unknown	yes		assert((ac0) >=s 0, "P58 unknown dst-ac0 @7016690C")
7016690C	70166904	1	WCMV	DISPLAY_CAVE	src/ac1	register	unknown	yes		assert((ac1) >=s 0, "P58 unknown src-ac1 @7016690C")
7016694D	7016693C	8	WCMV	DISPLAY_CAVE	dst/ac0	register	derived	no	7016693C:8 src/ac1	assert((ac0) >=s 0, "P58 derived dst-ac0 @7016694D")
7016694D	7016693C	8	WCMV	DISPLAY_CAVE	src/ac1	register	base-class	yes		assert((ac1) >=s 0, "P58 base-class src-ac1 @7016694D")
70166973	7016693C	29	WCMV	DISPLAY_CAVE	dst/ac0	register	derived	no	7016693C:8 src/ac1	assert((ac0) >=s 0, "P58 derived dst-ac0 @70166973")
70166973	7016693C	29	WCMV	DISPLAY_CAVE	src/ac1	register	derived	no	7016693C:8 src/ac1	assert((ac1) >=s 0, "P58 derived src-ac1 @70166973")
7016697A	7016693C	34	WCMV	DISPLAY_CAVE	dst/ac0	register	cond	yes		assert((ac0) >=s 0, "P58 cond dst-ac0 @7016697A")
7016697A	7016693C	34	WCMV	DISPLAY_CAVE	src/ac1	register	cond	yes		assert((ac1) >=s 0, "P58 cond src-ac1 @7016697A")
7016698B	70166982	4	WCMV	DISPLAY_CAVE	dst/ac0	register	unknown	yes		assert((ac0) >=s 0, "P58 unknown dst-ac0 @7016698B")
7016698B	70166982	4	WCMV	DISPLAY_CAVE	src/ac1	register	unknown	yes		assert((ac1) >=s 0, "P58 unknown src-ac1 @7016698B")
701669BC	701669AA	9	WCMV	DISPLAY_CAVE	dst/ac0	register	derived	no	701669AA:9 src/ac1	assert((ac0) >=s 0, "P58 derived dst-ac0 @701669BC")
701669BC	701669AA	9	WCMV	DISPLAY_CAVE	src/ac1	register	base-class	yes		assert((ac1) >=s 0, "P58 base-class src-ac1 @701669BC")
701669CB	701669AA	16	WCMV	DISPLAY_CAVE	dst/ac0	register	derived	no	701669AA:9 src/ac1	assert((ac0) >=s 0, "P58 derived dst-ac0 @701669CB")
701669CB	701669AA	16	WCMV	DISPLAY_CAVE	src/ac1	register	derived	no	701669AA:9 src/ac1	assert((ac1) >=s 0, "P58 derived src-ac1 @701669CB")
701669E1	701669D9	1	WCMV	DISPLAY_CAVE	dst/ac0	register	cond	yes		assert((ac0) >=s 0, "P58 cond dst-ac0 @701669E1")
701669E1	701669D9	1	WCMV	DISPLAY_CAVE	src/ac1	register	cond	yes		assert((ac1) >=s 0, "P58 cond src-ac1 @701669E1")
701669F6	701669E4	9	WCMV	DISPLAY_CAVE	dst/ac0	register	derived	no	701669E4:9 src/ac1	assert((ac0) >=s 0, "P58 derived dst-ac0 @701669F6")
701669F6	701669E4	9	WCMV	DISPLAY_CAVE	src/ac1	register	base-class	yes		assert((ac1) >=s 0, "P58 base-class src-ac1 @701669F6")
70166A05	701669E4	16	WCMV	DISPLAY_CAVE	dst/ac0	register	derived	no	701669E4:9 src/ac1	assert((ac0) >=s 0, "P58 derived dst-ac0 @70166A05")
70166A05	701669E4	16	WCMV	DISPLAY_CAVE	src/ac1	register	derived	no	701669E4:9 src/ac1	assert((ac1) >=s 0, "P58 derived src-ac1 @70166A05")
70166A1B	70166A13	1	WCMV	DISPLAY_CAVE	dst/ac0	register	cond	yes		assert((ac0) >=s 0, "P58 cond dst-ac0 @70166A1B")
70166A1B	70166A13	1	WCMV	DISPLAY_CAVE	src/ac1	register	cond	yes		assert((ac1) >=s 0, "P58 cond src-ac1 @70166A1B")
70166A4A	70166A3E	2	WCMP	DISPLAY_CAVE	s1/ac1	register	base-class	yes		assert((ac1) >=s 0, "P58 base-class s1-ac1 @70166A4A")
70166A4A	70166A3E	2	WCMP	DISPLAY_CAVE	s2/ac0	varying	base-class	yes		assert((sx16(M16[0x70000A78])) >=s 0, "P58 base-class s2-ac0 @70166A4A")
70166DB8	70166DB2	3	WCMV	DISPLAY_SCREEN	dst/ac0	register	cond	yes		assert((ac0) >=s 0, "P58 cond dst-ac0 @70166DB8")
70166DB8	70166DB2	3	WCMV	DISPLAY_SCREEN	src/ac1	register	cond	yes		assert((ac1) >=s 0, "P58 cond src-ac1 @70166DB8")
70166E9A	70166E7C	17	WCMV	DISPLAY_SCREEN	dst/ac0	lenload-expr	derived	no	70166E7C:17 src/ac1	assert((sx16(M16[wp(ac3, 0xEE)])) >=s 0, "P58 derived dst-ac0 @70166E9A")
70166E9A	70166E7C	17	WCMV	DISPLAY_SCREEN	src/ac1	varying	base-class	yes		assert((sx16(M16[wp(ac3, 0xEE)])) >=s 0, "P58 base-class src-ac1 @70166E9A")
70166EB9	70166E7C	38	WCMV	DISPLAY_SCREEN	dst/ac0	register	derived	no	70166E7C:17 src/ac1	assert((ac0) >=s 0, "P58 derived dst-ac0 @70166EB9")
70166EB9	70166E7C	38	WCMV	DISPLAY_SCREEN	src/ac1	register	derived	no	70166E7C:17 src/ac1	assert((ac1) >=s 0, "P58 derived src-ac1 @70166EB9")
70166ED9	70166E7C	60	WCMV	DISPLAY_SCREEN	dst/ac0	register	derived	no	70166E7C:17 src/ac1	assert((ac0) >=s 0, "P58 derived dst-ac0 @70166ED9")
70166ED9	70166E7C	60	WCMV	DISPLAY_SCREEN	src/ac1	register	derived	no	70166E7C:17 src/ac1	assert((ac1) >=s 0, "P58 derived src-ac1 @70166ED9")
70166EE9	70166EE9	0	WCMV	DISPLAY_SCREEN	dst/ac0	register	cond	yes		assert((ac0) >=s 0, "P58 cond dst-ac0 @70166EE9")
70166EF1	70166EF1	0	WCMV	DISPLAY_SCREEN	dst/ac0	register	cond	yes		assert((ac0) >=s 0, "P58 cond dst-ac0 @70166EF1")
70166EF1	70166EF1	0	WCMV	DISPLAY_SCREEN	src/ac1	register	derived	no	residue chain	assert((ac1) >=s 0, "P58 derived src-ac1 @70166EF1")
70166F6D	70166F4F	17	WCMV	DISPLAY_SCREEN	dst/ac0	lenload-expr	derived	no	70166F4F:17 src/ac1	assert((sx16(M16[wp(ac3, 0xEE)])) >=s 0, "P58 derived dst-ac0 @70166F6D")
70166F6D	70166F4F	17	WCMV	DISPLAY_SCREEN	src/ac1	varying	base-class	yes		assert((sx16(M16[wp(ac3, 0xEE)])) >=s 0, "P58 base-class src-ac1 @70166F6D")
70166F8C	70166F4F	38	WCMV	DISPLAY_SCREEN	dst/ac0	register	derived	no	70166F4F:17 src/ac1	assert((ac0) >=s 0, "P58 derived dst-ac0 @70166F8C")
70166F8C	70166F4F	38	WCMV	DISPLAY_SCREEN	src/ac1	register	derived	no	70166F4F:17 src/ac1	assert((ac1) >=s 0, "P58 derived src-ac1 @70166F8C")
70166FAC	70166F4F	60	WCMV	DISPLAY_SCREEN	dst/ac0	register	derived	no	70166F4F:17 src/ac1	assert((ac0) >=s 0, "P58 derived dst-ac0 @70166FAC")
70166FAC	70166F4F	60	WCMV	DISPLAY_SCREEN	src/ac1	register	derived	no	70166F4F:17 src/ac1	assert((ac1) >=s 0, "P58 derived src-ac1 @70166FAC")
70166FBC	70166FBC	0	WCMV	DISPLAY_SCREEN	dst/ac0	register	cond	yes		assert((ac0) >=s 0, "P58 cond dst-ac0 @70166FBC")
70166FC4	70166FC4	0	WCMV	DISPLAY_SCREEN	dst/ac0	register	cond	yes		assert((ac0) >=s 0, "P58 cond dst-ac0 @70166FC4")
70166FC4	70166FC4	0	WCMV	DISPLAY_SCREEN	src/ac1	register	derived	no	residue chain	assert((ac1) >=s 0, "P58 derived src-ac1 @70166FC4")
70166FE5	70166FD9	7	WCMV	DISPLAY_SCREEN	dst/ac0	register	unknown	yes		assert((ac0) >=s 0, "P58 unknown dst-ac0 @70166FE5")
70166FE5	70166FD9	7	WCMV	DISPLAY_SCREEN	src/ac1	register	unknown	yes		assert((ac1) >=s 0, "P58 unknown src-ac1 @70166FE5")
70167007	70166FE9	17	WCMV	DISPLAY_SCREEN	dst/ac0	lenload-expr	derived	no	70166FE9:17 src/ac1	assert((sx16(M16[wp(ac3, 0x26A)])) >=s 0, "P58 derived dst-ac0 @70167007")
70167007	70166FE9	17	WCMV	DISPLAY_SCREEN	src/ac1	varying	base-class	yes		assert((sx16(M16[wp(ac3, 0x26A)])) >=s 0, "P58 base-class src-ac1 @70167007")
7016700E	70166FE9	22	WCMV	DISPLAY_SCREEN	dst/ac0	register	derived	no	70166FE9:22 src/ac1	assert((ac0) >=s 0, "P58 derived dst-ac0 @7016700E")
7016700E	70166FE9	22	WCMV	DISPLAY_SCREEN	src/ac1	register	base-class	yes		assert((ac1) >=s 0, "P58 base-class src-ac1 @7016700E")
70167022	70166FE9	37	WCMV	DISPLAY_SCREEN	dst/ac0	register	derived	no	70166FE9:17 src/ac1 & 70166FE9:22 src/ac1	assert((ac0) >=s 0, "P58 derived dst-ac0 @70167022")
70167022	70166FE9	37	WCMV	DISPLAY_SCREEN	src/ac1	register	derived	no	70166FE9:17 src/ac1 & 70166FE9:22 src/ac1	assert((ac1) >=s 0, "P58 derived src-ac1 @70167022")
70167039	70166FE9	54	WCMV	DISPLAY_SCREEN	dst/ac0	register	derived	no	70166FE9:17 src/ac1 & 70166FE9:22 src/ac1	assert((ac0) >=s 0, "P58 derived dst-ac0 @70167039")
70167039	70166FE9	54	WCMV	DISPLAY_SCREEN	src/ac1	register	derived	no	70166FE9:17 src/ac1 & 70166FE9:22 src/ac1	assert((ac1) >=s 0, "P58 derived src-ac1 @70167039")
70167049	70167049	0	WCMV	DISPLAY_SCREEN	dst/ac0	register	cond	yes		assert((ac0) >=s 0, "P58 cond dst-ac0 @70167049")
70167081	7016707B	3	WCMP	DISPLAY_SCREEN	s1/ac1	register	base-class	yes		assert((ac1) >=s 0, "P58 base-class s1-ac1 @70167081")
70167081	7016707B	3	WCMP	DISPLAY_SCREEN	s2/ac0	varying	base-class	yes		assert((sx16(M16[0x70000AA2])) >=s 0, "P58 base-class s2-ac0 @70167081")
7016708E	70167085	3	WCMV	DISPLAY_SCREEN	dst/ac0	register	cond	yes		assert((ac0) >=s 0, "P58 cond dst-ac0 @7016708E")
7016708E	70167085	3	WCMV	DISPLAY_SCREEN	src/ac1	register	cond	yes		assert((ac1) >=s 0, "P58 cond src-ac1 @7016708E")
70167112	701670FF	7	WCMV	DISPLAY_SCREEN	dst/ac0	lenload-expr	derived	no	701670FF:7 src/ac1	assert((sx16(M16[wp(ac3, 0x12)])) >=s 0, "P58 derived dst-ac0 @70167112")
70167112	701670FF	7	WCMV	DISPLAY_SCREEN	src/ac1	varying	base-class	yes		assert((sx16(M16[wp(ac3, 0x12)])) >=s 0, "P58 base-class src-ac1 @70167112")
7016711E	7016711E	0	WCMV	DISPLAY_SCREEN	dst/ac0	register	cond	yes		assert((ac0) >=s 0, "P58 cond dst-ac0 @7016711E")
70167127	70167127	0	WCMV	DISPLAY_SCREEN	dst/ac0	register	unknown	yes		assert((ac0) >=s 0, "P58 unknown dst-ac0 @70167127")
70167127	70167127	0	WCMV	DISPLAY_SCREEN	src/ac1	register	derived	no	residue chain	assert((ac1) >=s 0, "P58 derived src-ac1 @70167127")
7016713B	70167135	3	WCMP	DISPLAY_SCREEN	s1/ac1	register	base-class	yes		assert((ac1) >=s 0, "P58 base-class s1-ac1 @7016713B")
7016713B	70167135	3	WCMP	DISPLAY_SCREEN	s2/ac0	varying	base-class	yes		assert((sx16(M16[0x70000C1E])) >=s 0, "P58 base-class s2-ac0 @7016713B")
7016715F	70167156	3	WCMV	DISPLAY_SCREEN	dst/ac0	register	cond	yes		assert((ac0) >=s 0, "P58 cond dst-ac0 @7016715F")
7016715F	70167156	3	WCMV	DISPLAY_SCREEN	src/ac1	register	cond	yes		assert((ac1) >=s 0, "P58 cond src-ac1 @7016715F")
701671E5	701671C5	14	WCMV	DISPLAY_SCREEN	dst/ac0	register	derived	no	701671C5:14 src/ac1	assert((ac0) >=s 0, "P58 derived dst-ac0 @701671E5")
701671E5	701671C5	14	WCMV	DISPLAY_SCREEN	src/ac1	register	base-class	yes		assert((ac1) >=s 0, "P58 base-class src-ac1 @701671E5")
701671F1	701671F1	0	WCMV	DISPLAY_SCREEN	dst/ac0	register	cond	yes		assert((ac0) >=s 0, "P58 cond dst-ac0 @701671F1")
701671FA	701671FA	0	WCMV	DISPLAY_SCREEN	dst/ac0	register	unknown	yes		assert((ac0) >=s 0, "P58 unknown dst-ac0 @701671FA")
701671FA	701671FA	0	WCMV	DISPLAY_SCREEN	src/ac1	register	derived	no	residue chain	assert((ac1) >=s 0, "P58 derived src-ac1 @701671FA")
70167250	70167249	3	WCMP	DISPLAY_SCREEN	s1/ac1	varying	base-class	yes		assert((sx16(M16[0x70000C34])) >=s 0, "P58 base-class s1-ac1 @70167250")
70167250	70167249	3	WCMP	DISPLAY_SCREEN	s2/ac0	varying	base-class	yes		assert((sx16(M16[0x70000C44])) >=s 0, "P58 base-class s2-ac0 @70167250")
70167278	7016726D	2	WCMV	DISPLAY_SCREEN	dst/ac0	expr	cond	yes		assert(((sx16(M16[0x70000C34]) + 2)) >=s 0, "P58 cond dst-ac0 @70167278")
70167278	7016726D	2	WCMV	DISPLAY_SCREEN	src/ac1	expr	cond	yes		assert(((sx16(M16[0x70000C34]) + 2)) >=s 0, "P58 cond src-ac1 @70167278")
70167281	7016726D	3	WCMP	DISPLAY_SCREEN	s1/ac1	varying	base-class	yes		assert((sx16(M16[0x70000C34])) >=s 0, "P58 base-class s1-ac1 @70167281")
701672D3	701672BF	4	WCMV	DISPLAY_SCREEN	dst/ac0	lenload-expr	derived	no	701672BF:4 src/ac1	assert((sx16(M16[0x70000C34])) >=s 0, "P58 derived dst-ac0 @701672D3")
701672D3	701672BF	4	WCMV	DISPLAY_SCREEN	src/ac1	varying	base-class	yes		assert((sx16(M16[0x70000C34])) >=s 0, "P58 base-class src-ac1 @701672D3")
701672DC	701672BF	6	WCMV	DISPLAY_SCREEN	dst/ac0	expr	derived	no	701672BF:4 src/ac1	assert(((sx16(M16[0x70000C34]) + 5)) >=s 0, "P58 derived dst-ac0 @701672DC")
701672DC	701672BF	6	WCMV	DISPLAY_SCREEN	src/ac1	expr	derived	no	701672BF:4 src/ac1	assert(((sx16(M16[0x70000C34]) + 5)) >=s 0, "P58 derived src-ac1 @701672DC")
701672EB	701672EB	0	WCMV	DISPLAY_SCREEN	dst/ac0	register	cond	yes		assert((ac0) >=s 0, "P58 cond dst-ac0 @701672EB")
701672F4	701672F4	0	WCMV	DISPLAY_SCREEN	dst/ac0	register	unknown	yes		assert((ac0) >=s 0, "P58 unknown dst-ac0 @701672F4")
701672F4	701672F4	0	WCMV	DISPLAY_SCREEN	src/ac1	register	derived	no	residue chain	assert((ac1) >=s 0, "P58 derived src-ac1 @701672F4")
70167683	70167673	6	WCMV	DISPLAY_INVENTORY	dst/ac0	expr	cond	yes		assert(((sx16(M16[((sx16(M16[wp(ac3, 2)]) * 9) - 0xFFFFCFB)]) + 2)) >=s 0, "P58 cond dst-ac0 @70167683")
70167683	70167673	6	WCMV	DISPLAY_INVENTORY	src/ac1	expr	cond	yes		assert(((sx16(M16[((sx16(M16[wp(ac3, 2)]) * 9) - 0xFFFFCFB)]) + 2)) >=s 0, "P58 cond src-ac1 @70167683")
7016769A	7016768A	6	WCMV	DISPLAY_INVENTORY	dst/ac0	expr	cond	yes		assert(((sx16(M16[((sx16(M16[wp(ac3, 2)]) * 9) - 0xFFFFA73)]) + 2)) >=s 0, "P58 cond dst-ac0 @7016769A")
7016769A	7016768A	6	WCMV	DISPLAY_INVENTORY	src/ac1	expr	cond	yes		assert(((sx16(M16[((sx16(M16[wp(ac3, 2)]) * 9) - 0xFFFFA73)]) + 2)) >=s 0, "P58 cond src-ac1 @7016769A")
701676D9	701676C8	8	WCMV	DISPLAY_INVENTORY	dst/ac0	lenload-expr	derived	no	701676C8:8 src/ac1	assert((sx16(M16[wp(ac3, 6)])) >=s 0, "P58 derived dst-ac0 @701676D9")
701676D9	701676C8	8	WCMV	DISPLAY_INVENTORY	src/ac1	varying	base-class	yes		assert((sx16(M16[wp(ac3, 6)])) >=s 0, "P58 base-class src-ac1 @701676D9")
701676E5	701676E5	0	WCMV	DISPLAY_INVENTORY	dst/ac0	register	cond	yes		assert((ac0) >=s 0, "P58 cond dst-ac0 @701676E5")
70167719	70167707	9	WCMV	DISPLAY_INVENTORY	dst/ac0	lenload-expr	derived	no	70167707:9 src/ac1	assert((sx16(M16[wp(ac3, 6)])) >=s 0, "P58 derived dst-ac0 @70167719")
70167719	70167707	9	WCMV	DISPLAY_INVENTORY	src/ac1	varying	base-class	yes		assert((sx16(M16[wp(ac3, 6)])) >=s 0, "P58 base-class src-ac1 @70167719")
70167728	70167728	0	WCMV	DISPLAY_INVENTORY	dst/ac0	register	cond	yes		assert((ac0) >=s 0, "P58 cond dst-ac0 @70167728")
70167734	70167734	0	WCMV	DISPLAY_INVENTORY	dst/ac0	register	cond	yes		assert((ac0) >=s 0, "P58 cond dst-ac0 @70167734")
70167734	70167734	0	WCMV	DISPLAY_INVENTORY	src/ac1	register	derived	no	residue chain	assert((ac1) >=s 0, "P58 derived src-ac1 @70167734")
70167757	70167744	11	WCMV	DISPLAY_INVENTORY	dst/ac0	lenload-expr	derived	no	70167744:11 src/ac1	assert((sx16(M16[wp(ac3, 6)])) >=s 0, "P58 derived dst-ac0 @70167757")
70167757	70167744	11	WCMV	DISPLAY_INVENTORY	src/ac1	varying	base-class	yes		assert((sx16(M16[wp(ac3, 6)])) >=s 0, "P58 base-class src-ac1 @70167757")
7016775F	70167744	13	WCMV	DISPLAY_INVENTORY	dst/ac0	expr	guard	no		assert(((0 - sx16(M16[wp(ac3, 6)]) + 0x13)) >=s 0, "P58 guard dst-ac0 @7016775F")
7016775F	70167744	13	WCMV	DISPLAY_INVENTORY	src/ac1	expr	guard	no		assert(((0 - sx16(M16[wp(ac3, 6)]) + 0x13)) >=s 0, "P58 guard src-ac1 @7016775F")
701678C8	7016789B	15	WCMV	DISPLAY_INVENTORY	dst/ac0	register	derived	no	7016789B:15 src/ac1	assert((ac0) >=s 0, "P58 derived dst-ac0 @701678C8")
701678C8	7016789B	15	WCMV	DISPLAY_INVENTORY	src/ac1	register	base-class	yes		assert((ac1) >=s 0, "P58 base-class src-ac1 @701678C8")
701678C8	7016789B	23	WCMV	DISPLAY_INVENTORY	dst/ac0	register	derived	no	7016789B:15 src/ac1	assert((ac0) >=s 0, "P58 derived dst-ac0 @701678C8")
701678C8	7016789B	23	WCMV	DISPLAY_INVENTORY	src/ac1	register	derived	no	7016789B:15 src/ac1	assert((ac1) >=s 0, "P58 derived src-ac1 @701678C8")
701678FB	701678E2	10	WCMV	DISPLAY_INVENTORY	dst/ac0	lenload-expr	derived	no	701678E2:10 src/ac1	assert((sx16(M16[wp(ac3, 0x3C)])) >=s 0, "P58 derived dst-ac0 @701678FB")
701678FB	701678E2	10	WCMV	DISPLAY_INVENTORY	src/ac1	varying	base-class	yes		assert((sx16(M16[wp(ac3, 0x3C)])) >=s 0, "P58 base-class src-ac1 @701678FB")
70167904	701678E2	12	WCMV	DISPLAY_INVENTORY	dst/ac0	expr	derived	no	701678E2:10 src/ac1	assert(((sx16(M16[wp(ac3, 0x3C)]) + 0xA)) >=s 0, "P58 derived dst-ac0 @70167904")
70167904	701678E2	12	WCMV	DISPLAY_INVENTORY	src/ac1	expr	derived	no	701678E2:10 src/ac1	assert(((sx16(M16[wp(ac3, 0x3C)]) + 0xA)) >=s 0, "P58 derived src-ac1 @70167904")
7016790B	701678E2	14	WCMV	DISPLAY_INVENTORY	dst/ac0	lenload-expr	derived	no	701678E2:14 src/ac1	assert((sx16(M16[wp(ac3, 6)])) >=s 0, "P58 derived dst-ac0 @7016790B")
7016790B	701678E2	14	WCMV	DISPLAY_INVENTORY	src/ac1	varying	base-class	yes		assert((sx16(M16[wp(ac3, 6)])) >=s 0, "P58 base-class src-ac1 @7016790B")
70167916	701678E2	16	WCMV	DISPLAY_INVENTORY	dst/ac0	expr	derived	no	701678E2:10 src/ac1 & 701678E2:14 src/ac1	assert(((sx16(M16[wp(ac3, 0x3C)]) + sx16(M16[wp(ac3, 6)]) + 0xA)) >=s 0, "P58 derived dst-ac0 @70167916")
70167916	701678E2	16	WCMV	DISPLAY_INVENTORY	src/ac1	expr	derived	no	701678E2:10 src/ac1 & 701678E2:14 src/ac1	assert(((sx16(M16[wp(ac3, 0x3C)]) + sx16(M16[wp(ac3, 6)]) + 0xA)) >=s 0, "P58 derived src-ac1 @70167916")
70167982	7016796E	6	WCMV	DISPLAY_INVENTORY	dst/ac0	lenload-expr	derived	no	7016796E:6 src/ac1	assert((sx16(M16[wp(ac3, 0x3C)])) >=s 0, "P58 derived dst-ac0 @70167982")
70167982	7016796E	6	WCMV	DISPLAY_INVENTORY	src/ac1	varying	base-class	yes		assert((sx16(M16[wp(ac3, 0x3C)])) >=s 0, "P58 base-class src-ac1 @70167982")
7016798D	7016796E	8	WCMV	DISPLAY_INVENTORY	dst/ac0	expr	derived	no	7016796E:6 src/ac1	assert(((sx16(M16[wp(ac3, 0x3C)]) + 8)) >=s 0, "P58 derived dst-ac0 @7016798D")
7016798D	7016796E	8	WCMV	DISPLAY_INVENTORY	src/ac1	expr	derived	no	7016796E:6 src/ac1	assert(((sx16(M16[wp(ac3, 0x3C)]) + 8)) >=s 0, "P58 derived src-ac1 @7016798D")
70167A3B	70167A27	6	WCMV	DISPLAY_INVENTORY	dst/ac0	lenload-expr	derived	no	70167A27:6 src/ac1	assert((sx16(M16[wp(ac3, 0x3C)])) >=s 0, "P58 derived dst-ac0 @70167A3B")
70167A3B	70167A27	6	WCMV	DISPLAY_INVENTORY	src/ac1	varying	base-class	yes		assert((sx16(M16[wp(ac3, 0x3C)])) >=s 0, "P58 base-class src-ac1 @70167A3B")
70167A46	70167A27	8	WCMV	DISPLAY_INVENTORY	dst/ac0	expr	derived	no	70167A27:6 src/ac1	assert(((sx16(M16[wp(ac3, 0x3C)]) + 0x12)) >=s 0, "P58 derived dst-ac0 @70167A46")
70167A46	70167A27	8	WCMV	DISPLAY_INVENTORY	src/ac1	expr	derived	no	70167A27:6 src/ac1	assert(((sx16(M16[wp(ac3, 0x3C)]) + 0x12)) >=s 0, "P58 derived src-ac1 @70167A46")
70167AB0	70167A9C	6	WCMV	DISPLAY_INVENTORY	dst/ac0	lenload-expr	derived	no	70167A9C:6 src/ac1	assert((sx16(M16[wp(ac3, 0x3C)])) >=s 0, "P58 derived dst-ac0 @70167AB0")
70167AB0	70167A9C	6	WCMV	DISPLAY_INVENTORY	src/ac1	varying	base-class	yes		assert((sx16(M16[wp(ac3, 0x3C)])) >=s 0, "P58 base-class src-ac1 @70167AB0")
70167ABB	70167A9C	8	WCMV	DISPLAY_INVENTORY	dst/ac0	expr	derived	no	70167A9C:6 src/ac1	assert(((sx16(M16[wp(ac3, 0x3C)]) + 0x14)) >=s 0, "P58 derived dst-ac0 @70167ABB")
70167ABB	70167A9C	8	WCMV	DISPLAY_INVENTORY	src/ac1	expr	derived	no	70167A9C:6 src/ac1	assert(((sx16(M16[wp(ac3, 0x3C)]) + 0x14)) >=s 0, "P58 derived src-ac1 @70167ABB")
70167B47	70167B33	6	WCMV	DISPLAY_INVENTORY	dst/ac0	lenload-expr	derived	no	70167B33:6 src/ac1	assert((sx16(M16[wp(ac3, 0x3C)])) >=s 0, "P58 derived dst-ac0 @70167B47")
70167B47	70167B33	6	WCMV	DISPLAY_INVENTORY	src/ac1	varying	base-class	yes		assert((sx16(M16[wp(ac3, 0x3C)])) >=s 0, "P58 base-class src-ac1 @70167B47")
70167B52	70167B33	8	WCMV	DISPLAY_INVENTORY	dst/ac0	expr	derived	no	70167B33:6 src/ac1	assert(((sx16(M16[wp(ac3, 0x3C)]) + 8)) >=s 0, "P58 derived dst-ac0 @70167B52")
70167B52	70167B33	8	WCMV	DISPLAY_INVENTORY	src/ac1	expr	derived	no	70167B33:6 src/ac1	assert(((sx16(M16[wp(ac3, 0x3C)]) + 8)) >=s 0, "P58 derived src-ac1 @70167B52")
70167BB8	70167BA4	6	WCMV	DISPLAY_INVENTORY	dst/ac0	lenload-expr	derived	no	70167BA4:6 src/ac1	assert((sx16(M16[wp(ac3, 0x3C)])) >=s 0, "P58 derived dst-ac0 @70167BB8")
70167BB8	70167BA4	6	WCMV	DISPLAY_INVENTORY	src/ac1	varying	base-class	yes		assert((sx16(M16[wp(ac3, 0x3C)])) >=s 0, "P58 base-class src-ac1 @70167BB8")
70167BC3	70167BA4	8	WCMV	DISPLAY_INVENTORY	dst/ac0	expr	derived	no	70167BA4:6 src/ac1	assert(((sx16(M16[wp(ac3, 0x3C)]) + 0xE)) >=s 0, "P58 derived dst-ac0 @70167BC3")
70167BC3	70167BA4	8	WCMV	DISPLAY_INVENTORY	src/ac1	expr	derived	no	70167BA4:6 src/ac1	assert(((sx16(M16[wp(ac3, 0x3C)]) + 0xE)) >=s 0, "P58 derived src-ac1 @70167BC3")
70167C1D	70167C09	6	WCMV	DISPLAY_INVENTORY	dst/ac0	lenload-expr	derived	no	70167C09:6 src/ac1	assert((sx16(M16[wp(ac3, 0x3C)])) >=s 0, "P58 derived dst-ac0 @70167C1D")
70167C1D	70167C09	6	WCMV	DISPLAY_INVENTORY	src/ac1	varying	base-class	yes		assert((sx16(M16[wp(ac3, 0x3C)])) >=s 0, "P58 base-class src-ac1 @70167C1D")
70167C28	70167C09	8	WCMV	DISPLAY_INVENTORY	dst/ac0	expr	derived	no	70167C09:6 src/ac1	assert(((sx16(M16[wp(ac3, 0x3C)]) + 0xD)) >=s 0, "P58 derived dst-ac0 @70167C28")
70167C28	70167C09	8	WCMV	DISPLAY_INVENTORY	src/ac1	expr	derived	no	70167C09:6 src/ac1	assert(((sx16(M16[wp(ac3, 0x3C)]) + 0xD)) >=s 0, "P58 derived src-ac1 @70167C28")
70167CB4	70167CA0	6	WCMV	DISPLAY_INVENTORY	dst/ac0	lenload-expr	derived	no	70167CA0:6 src/ac1	assert((sx16(M16[wp(ac3, 0x3C)])) >=s 0, "P58 derived dst-ac0 @70167CB4")
70167CB4	70167CA0	6	WCMV	DISPLAY_INVENTORY	src/ac1	varying	base-class	yes		assert((sx16(M16[wp(ac3, 0x3C)])) >=s 0, "P58 base-class src-ac1 @70167CB4")
70167CBF	70167CA0	8	WCMV	DISPLAY_INVENTORY	dst/ac0	expr	derived	no	70167CA0:6 src/ac1	assert(((sx16(M16[wp(ac3, 0x3C)]) + 0x13)) >=s 0, "P58 derived dst-ac0 @70167CBF")
70167CBF	70167CA0	8	WCMV	DISPLAY_INVENTORY	src/ac1	expr	derived	no	70167CA0:6 src/ac1	assert(((sx16(M16[wp(ac3, 0x3C)]) + 0x13)) >=s 0, "P58 derived src-ac1 @70167CBF")
70167D54	70167D40	6	WCMV	DISPLAY_INVENTORY	dst/ac0	lenload-expr	derived	no	70167D40:6 src/ac1	assert((sx16(M16[wp(ac3, 0x3C)])) >=s 0, "P58 derived dst-ac0 @70167D54")
70167D54	70167D40	6	WCMV	DISPLAY_INVENTORY	src/ac1	varying	base-class	yes		assert((sx16(M16[wp(ac3, 0x3C)])) >=s 0, "P58 base-class src-ac1 @70167D54")
70167D5F	70167D40	8	WCMV	DISPLAY_INVENTORY	dst/ac0	expr	derived	no	70167D40:6 src/ac1	assert(((sx16(M16[wp(ac3, 0x3C)]) + 0xF)) >=s 0, "P58 derived dst-ac0 @70167D5F")
70167D5F	70167D40	8	WCMV	DISPLAY_INVENTORY	src/ac1	expr	derived	no	70167D40:6 src/ac1	assert(((sx16(M16[wp(ac3, 0x3C)]) + 0xF)) >=s 0, "P58 derived src-ac1 @70167D5F")
70167EE1	70167ED5	7	WCMV	DISPLAY_INVENTORY	dst/ac0	register	invariant	no	join{constant 3 | 30 - slot6 with the slot in [0, 30] (invariant)}	assert((ac0) >=s 0, "P58 invariant dst-ac0 @70167EE1")
70167EE1	70167ED5	7	WCMV	DISPLAY_INVENTORY	src/ac1	register	invariant	no	join{constant 3 | 30 - slot6 with the slot in [0, 30] (invariant)}	assert((ac1) >=s 0, "P58 invariant src-ac1 @70167EE1")
70167F05	70167EF9	7	WCMV	DISPLAY_INVENTORY	dst/ac0	register	invariant	no	join{30 - slot6 with the slot in [0, 30] (invariant) | constant 3}	assert((ac0) >=s 0, "P58 invariant dst-ac0 @70167F05")
70167F05	70167EF9	7	WCMV	DISPLAY_INVENTORY	src/ac1	register	invariant	no	join{30 - slot6 with the slot in [0, 30] (invariant) | constant 3}	assert((ac1) >=s 0, "P58 invariant src-ac1 @70167F05")
70167F29	70167F1D	7	WCMV	DISPLAY_INVENTORY	dst/ac0	register	invariant	no	join{constant 3 | 30 - slot6 with the slot in [0, 30] (invariant)}	assert((ac0) >=s 0, "P58 invariant dst-ac0 @70167F29")
70167F29	70167F1D	7	WCMV	DISPLAY_INVENTORY	src/ac1	register	invariant	no	join{constant 3 | 30 - slot6 with the slot in [0, 30] (invariant)}	assert((ac1) >=s 0, "P58 invariant src-ac1 @70167F29")
70167FD8	70167FC1	8	WCMV	DISPLAY_INVENTORY	dst/ac0	lenload-expr	derived	no	70167FC1:8 src/ac1	assert((sx16(M16[wp(ac3, 0x3C)])) >=s 0, "P58 derived dst-ac0 @70167FD8")
70167FD8	70167FC1	8	WCMV	DISPLAY_INVENTORY	src/ac1	varying	base-class	yes		assert((sx16(M16[wp(ac3, 0x3C)])) >=s 0, "P58 base-class src-ac1 @70167FD8")
70167FE1	70167FC1	10	WCMV	DISPLAY_INVENTORY	dst/ac0	expr	derived	no	70167FC1:8 src/ac1	assert(((sx16(M16[wp(ac3, 0x3C)]) + 0xA)) >=s 0, "P58 derived dst-ac0 @70167FE1")
70167FE1	70167FC1	10	WCMV	DISPLAY_INVENTORY	src/ac1	expr	derived	no	70167FC1:8 src/ac1	assert(((sx16(M16[wp(ac3, 0x3C)]) + 0xA)) >=s 0, "P58 derived src-ac1 @70167FE1")
70167FEF	70167FC1	14	WCMV	DISPLAY_INVENTORY	dst/ac0	expr	derived	no	70167FC1:8 src/ac1	assert(((sx16(M16[wp(ac3, 0x3C)]) + 0xB)) >=s 0, "P58 derived dst-ac0 @70167FEF")
70167FEF	70167FC1	14	WCMV	DISPLAY_INVENTORY	src/ac1	expr	derived	no	70167FC1:8 src/ac1	assert(((sx16(M16[wp(ac3, 0x3C)]) + 0xB)) >=s 0, "P58 derived src-ac1 @70167FEF")
7016805C	70168048	6	WCMV	DISPLAY_INVENTORY	dst/ac0	lenload-expr	derived	no	70168048:6 src/ac1	assert((sx16(M16[wp(ac3, 0x3C)])) >=s 0, "P58 derived dst-ac0 @7016805C")
7016805C	70168048	6	WCMV	DISPLAY_INVENTORY	src/ac1	varying	base-class	yes		assert((sx16(M16[wp(ac3, 0x3C)])) >=s 0, "P58 base-class src-ac1 @7016805C")
70168067	70168048	8	WCMV	DISPLAY_INVENTORY	dst/ac0	expr	derived	no	70168048:6 src/ac1	assert(((sx16(M16[wp(ac3, 0x3C)]) + 0xA)) >=s 0, "P58 derived dst-ac0 @70168067")
70168067	70168048	8	WCMV	DISPLAY_INVENTORY	src/ac1	expr	derived	no	70168048:6 src/ac1	assert(((sx16(M16[wp(ac3, 0x3C)]) + 0xA)) >=s 0, "P58 derived src-ac1 @70168067")
70168136	70168117	15	WCMV	DISPLAY_INVENTORY	dst/ac0	register	derived	no	70168117:15 src/ac1	assert((ac0) >=s 0, "P58 derived dst-ac0 @70168136")
70168136	70168117	15	WCMV	DISPLAY_INVENTORY	src/ac1	register	base-class	yes		assert((ac1) >=s 0, "P58 base-class src-ac1 @70168136")
70168143	70168117	20	WCMV	DISPLAY_INVENTORY	dst/ac0	register	unknown	yes		assert((ac0) >=s 0, "P58 unknown dst-ac0 @70168143")
70168143	70168117	20	WCMV	DISPLAY_INVENTORY	src/ac1	register	unknown	yes		assert((ac1) >=s 0, "P58 unknown src-ac1 @70168143")
7016816B	70168150	8	WCMP	DISPLAY_INVENTORY	s1/ac1	varying	base-class	yes		assert((sx16(M16[((sx16(M16[R[wp(ac3, -0xC)]]) * 0x2AE) + M32[0x70000210] - 0x3E)])) >=s 0, "P58 base-class s1-ac1 @7016816B")
7016816B	70168150	8	WCMP	DISPLAY_INVENTORY	s2/ac0	varying	base-class	yes		assert((sx16(M16[0x7000021C])) >=s 0, "P58 base-class s2-ac0 @7016816B")
7016817F	70168176	0	WCMV	DISPLAY_INVENTORY	src/ac1	varying	base-class	yes		assert((sx16(M16[0x7000021C])) >=s 0, "P58 base-class src-ac1 @7016817F")
70168188	70168176	1	WCMP	DISPLAY_INVENTORY	s1/ac1	varying	base-class	yes		assert((sx16(M16[0x7000021C])) >=s 0, "P58 base-class s1-ac1 @70168188")
701681A2	7016818C	5	WCMV	DISPLAY_INVENTORY	dst/ac0	lenload-expr	derived	no	7016818C:5 src/ac1	assert((sx16(M16[0x7000021C])) >=s 0, "P58 derived dst-ac0 @701681A2")
701681A2	7016818C	5	WCMV	DISPLAY_INVENTORY	src/ac1	varying	base-class	yes		assert((sx16(M16[0x7000021C])) >=s 0, "P58 base-class src-ac1 @701681A2")
701681AD	7016818C	7	WCMV	DISPLAY_INVENTORY	dst/ac0	expr	derived	no	7016818C:5 src/ac1	assert(((sx16(M16[0x7000021C]) + 9)) >=s 0, "P58 derived dst-ac0 @701681AD")
701681AD	7016818C	7	WCMV	DISPLAY_INVENTORY	src/ac1	expr	derived	no	7016818C:5 src/ac1	assert(((sx16(M16[0x7000021C]) + 9)) >=s 0, "P58 derived src-ac1 @701681AD")
701684BC	701684A1	10	WCMV	DISPLAY_INVENTORY	dst/ac0	lenload-expr	derived	no	701684A1:10 src/ac1	assert((sx16(M16[wp(ac3, 6)])) >=s 0, "P58 derived dst-ac0 @701684BC")
701684BC	701684A1	10	WCMV	DISPLAY_INVENTORY	src/ac1	varying	base-class	yes		assert((sx16(M16[wp(ac3, 6)])) >=s 0, "P58 base-class src-ac1 @701684BC")
701684C5	701684A1	12	WCMV	DISPLAY_INVENTORY	dst/ac0	expr	derived	no	701684A1:10 src/ac1	assert(((sx16(M16[wp(ac3, 6)]) + 0xB)) >=s 0, "P58 derived dst-ac0 @701684C5")
701684C5	701684A1	12	WCMV	DISPLAY_INVENTORY	src/ac1	expr	derived	no	701684A1:10 src/ac1	assert(((sx16(M16[wp(ac3, 6)]) + 0xB)) >=s 0, "P58 derived src-ac1 @701684C5")
701684E7	701684D6	8	WCMV	DISPLAY_INVENTORY	dst/ac0	expr	derived	no	701684A1:10 src/ac1	assert(((sx16(M16[wp(ac3, 6)]) + 0xE)) >=s 0, "P58 derived dst-ac0 @701684E7")
701684E7	701684D6	8	WCMV	DISPLAY_INVENTORY	src/ac1	expr	derived	no	701684A1:10 src/ac1	assert(((sx16(M16[wp(ac3, 6)]) + 0xE)) >=s 0, "P58 derived src-ac1 @701684E7")
701684F9	701684D6	13	WCMV	DISPLAY_INVENTORY	dst/ac0	expr	derived	no	701684A1:10 src/ac1	assert(((sx16(M16[wp(ac3, 6)]) + 0x22)) >=s 0, "P58 derived dst-ac0 @701684F9")
701684F9	701684D6	13	WCMV	DISPLAY_INVENTORY	src/ac1	expr	derived	no	701684A1:10 src/ac1	assert(((sx16(M16[wp(ac3, 6)]) + 0x22)) >=s 0, "P58 derived src-ac1 @701684F9")
70168624	70168602	12	WCMV	DISPLAY_FLASK	dst/ac0	lenload-expr	derived	no	70168602:12 src/ac1	assert((sx16(M16[((sx16(M16[wp(ac3, 2)]) * 0xB) - 0xFFFF26E)])) >=s 0, "P58 derived dst-ac0 @70168624")
70168624	70168602	12	WCMV	DISPLAY_FLASK	src/ac1	lenload-expr	base-class	yes		assert((sx16(M16[((sx16(M16[wp(ac3, 2)]) * 0xB) - 0xFFFF26E)])) >=s 0, "P58 base-class src-ac1 @70168624")
7016862D	70168602	14	WCMV	DISPLAY_FLASK	dst/ac0	expr	derived	no	70168602:12 src/ac1	assert(((sx16(M16[((sx16(M16[wp(ac3, 2)]) * 0xB) - 0xFFFF26E)]) + 5)) >=s 0, "P58 derived dst-ac0 @7016862D")
7016862D	70168602	14	WCMV	DISPLAY_FLASK	src/ac1	expr	derived	no	70168602:12 src/ac1	assert(((sx16(M16[((sx16(M16[wp(ac3, 2)]) * 0xB) - 0xFFFF26E)]) + 5)) >=s 0, "P58 derived src-ac1 @7016862D")
7016863B	70168602	18	WCMV	DISPLAY_FLASK	dst/ac0	expr	derived	no	70168602:12 src/ac1	assert(((sx16(M16[((sx16(M16[wp(ac3, 2)]) * 0xB) - 0xFFFF26E)]) + 6)) >=s 0, "P58 derived dst-ac0 @7016863B")
7016863B	70168602	18	WCMV	DISPLAY_FLASK	src/ac1	expr	derived	no	70168602:12 src/ac1	assert(((sx16(M16[((sx16(M16[wp(ac3, 2)]) * 0xB) - 0xFFFF26E)]) + 6)) >=s 0, "P58 derived src-ac1 @7016863B")
70168668	70168660	2	WCMV	DISPLAY_FLASK	dst/ac0	expr	cond	yes		assert(((sx16(M16[wp(ac3, 0x12)]) + 2)) >=s 0, "P58 cond dst-ac0 @70168668")
70168668	70168660	2	WCMV	DISPLAY_FLASK	src/ac1	expr	cond	yes		assert(((sx16(M16[wp(ac3, 0x12)]) + 2)) >=s 0, "P58 cond src-ac1 @70168668")
70168C29	70168C12	8	WCMV	DROP	dst/ac0	lenload-expr	derived	no	70168C12:8 src/ac1	assert((sx16(M16[wp(ac3, 0x16)])) >=s 0, "P58 derived dst-ac0 @70168C29")
70168C29	70168C12	8	WCMV	DROP	src/ac1	varying	base-class	yes		assert((sx16(M16[wp(ac3, 0x16)])) >=s 0, "P58 base-class src-ac1 @70168C29")
70168C32	70168C12	10	WCMV	DROP	dst/ac0	expr	derived	no	70168C12:8 src/ac1	assert(((sx16(M16[wp(ac3, 0x16)]) + 0x33)) >=s 0, "P58 derived dst-ac0 @70168C32")
70168C32	70168C12	10	WCMV	DROP	src/ac1	expr	derived	no	70168C12:8 src/ac1	assert(((sx16(M16[wp(ac3, 0x16)]) + 0x33)) >=s 0, "P58 derived src-ac1 @70168C32")
70168C40	70168C12	14	WCMV	DROP	dst/ac0	expr	derived	no	70168C12:8 src/ac1	assert(((sx16(M16[wp(ac3, 0x16)]) + 0x34)) >=s 0, "P58 derived dst-ac0 @70168C40")
70168C40	70168C12	14	WCMV	DROP	src/ac1	expr	derived	no	70168C12:8 src/ac1	assert(((sx16(M16[wp(ac3, 0x16)]) + 0x34)) >=s 0, "P58 derived src-ac1 @70168C40")
7016A019	7016A002	8	WCMV	FIRE	dst/ac0	lenload-expr	derived	no	7016A002:8 src/ac1	assert((sx16(M16[wp(ac3, 0x12)])) >=s 0, "P58 derived dst-ac0 @7016A019")
7016A019	7016A002	8	WCMV	FIRE	src/ac1	varying	base-class	yes		assert((sx16(M16[wp(ac3, 0x12)])) >=s 0, "P58 base-class src-ac1 @7016A019")
7016A022	7016A002	10	WCMV	FIRE	dst/ac0	expr	derived	no	7016A002:8 src/ac1	assert(((sx16(M16[wp(ac3, 0x12)]) + 0x23)) >=s 0, "P58 derived dst-ac0 @7016A022")
7016A022	7016A002	10	WCMV	FIRE	src/ac1	expr	derived	no	7016A002:8 src/ac1	assert(((sx16(M16[wp(ac3, 0x12)]) + 0x23)) >=s 0, "P58 derived src-ac1 @7016A022")
7016A030	7016A002	14	WCMV	FIRE	dst/ac0	expr	derived	no	7016A002:8 src/ac1	assert(((sx16(M16[wp(ac3, 0x12)]) + 0x24)) >=s 0, "P58 derived dst-ac0 @7016A030")
7016A030	7016A002	14	WCMV	FIRE	src/ac1	expr	derived	no	7016A002:8 src/ac1	assert(((sx16(M16[wp(ac3, 0x12)]) + 0x24)) >=s 0, "P58 derived src-ac1 @7016A030")
7016A066	7016A04F	8	WCMV	FIRE	dst/ac0	lenload-expr	derived	no	7016A04F:8 src/ac1	assert((sx16(M16[wp(ac3, 0x12)])) >=s 0, "P58 derived dst-ac0 @7016A066")
7016A066	7016A04F	8	WCMV	FIRE	src/ac1	varying	base-class	yes		assert((sx16(M16[wp(ac3, 0x12)])) >=s 0, "P58 base-class src-ac1 @7016A066")
7016A06F	7016A04F	10	WCMV	FIRE	dst/ac0	expr	derived	no	7016A04F:8 src/ac1	assert(((sx16(M16[wp(ac3, 0x12)]) + 5)) >=s 0, "P58 derived dst-ac0 @7016A06F")
7016A06F	7016A04F	10	WCMV	FIRE	src/ac1	expr	derived	no	7016A04F:8 src/ac1	assert(((sx16(M16[wp(ac3, 0x12)]) + 5)) >=s 0, "P58 derived src-ac1 @7016A06F")
7016A080	7016A04F	16	WCMV	FIRE	dst/ac0	register	unknown	yes		assert((ac0) >=s 0, "P58 unknown dst-ac0 @7016A080")
7016A080	7016A04F	16	WCMV	FIRE	src/ac1	register	unknown	yes		assert((ac1) >=s 0, "P58 unknown src-ac1 @7016A080")
7016A111	7016A0F3	13	WCMV	FIRE	dst/ac0	lenload-expr	derived	no	7016A0F3:13 src/ac1	assert((sx16(M16[wp(ac3, 0x12)])) >=s 0, "P58 derived dst-ac0 @7016A111")
7016A111	7016A0F3	13	WCMV	FIRE	src/ac1	varying	base-class	yes		assert((sx16(M16[wp(ac3, 0x12)])) >=s 0, "P58 base-class src-ac1 @7016A111")
7016A11A	7016A0F3	15	WCMV	FIRE	dst/ac0	expr	derived	no	7016A0F3:13 src/ac1	assert(((sx16(M16[wp(ac3, 0x12)]) + 3)) >=s 0, "P58 derived dst-ac0 @7016A11A")
7016A11A	7016A0F3	15	WCMV	FIRE	src/ac1	expr	derived	no	7016A0F3:13 src/ac1	assert(((sx16(M16[wp(ac3, 0x12)]) + 3)) >=s 0, "P58 derived src-ac1 @7016A11A")
7016A129	7016A0F3	18	WCMV	FIRE	dst/ac0	expr	derived	no	7016A0F3:13 src/ac1	assert(((sx16(M16[wp(ac3, 0x12)]) + 0x1C)) >=s 0, "P58 derived dst-ac0 @7016A129")
7016A129	7016A0F3	18	WCMV	FIRE	src/ac1	expr	derived	no	7016A0F3:13 src/ac1	assert(((sx16(M16[wp(ac3, 0x12)]) + 0x1C)) >=s 0, "P58 derived src-ac1 @7016A129")
7016A134	7016A0F3	20	WCMV	FIRE	dst/ac0	lenload-expr	derived	no	7016A0F3:20 src/ac1	assert((sx16(M16[((sx16(M16[wp(ac3, 8)]) * 0xC) - 0xFFFFD9A)])) >=s 0, "P58 derived dst-ac0 @7016A134")
7016A134	7016A0F3	20	WCMV	FIRE	src/ac1	lenload-expr	base-class	yes		assert((sx16(M16[((sx16(M16[wp(ac3, 8)]) * 0xC) - 0xFFFFD9A)])) >=s 0, "P58 base-class src-ac1 @7016A134")
7016A13D	7016A0F3	22	WCMV	FIRE	dst/ac0	expr	derived	no	7016A0F3:13 src/ac1 & 7016A0F3:20 src/ac1	assert(((sx16(M16[wp(ac3, 0x12)]) + sx16(M16[((sx16(M16[wp(ac3, 8)]) * 0xC) - 0xFFFFD9A)]) + 0x1C)) >=s 0, "P58 derived dst-ac0 @7016A13D")
7016A13D	7016A0F3	22	WCMV	FIRE	src/ac1	expr	derived	no	7016A0F3:13 src/ac1 & 7016A0F3:20 src/ac1	assert(((sx16(M16[wp(ac3, 0x12)]) + sx16(M16[((sx16(M16[wp(ac3, 8)]) * 0xC) - 0xFFFFD9A)]) + 0x1C)) >=s 0, "P58 derived src-ac1 @7016A13D")
7016A14E	7016A0F3	25	WCMV	FIRE	dst/ac0	expr	derived	no	7016A0F3:13 src/ac1 & 7016A0F3:20 src/ac1	assert(((sx16(M16[wp(ac3, 0x12)]) + sx16(M16[((sx16(M16[wp(ac3, 8)]) * 0xC) - 0xFFFFD9A)]) + 0x1E)) >=s 0, "P58 derived dst-ac0 @7016A14E")
7016A14E	7016A0F3	25	WCMV	FIRE	src/ac1	expr	derived	no	7016A0F3:13 src/ac1 & 7016A0F3:20 src/ac1	assert(((sx16(M16[wp(ac3, 0x12)]) + sx16(M16[((sx16(M16[wp(ac3, 8)]) * 0xC) - 0xFFFFD9A)]) + 0x1E)) >=s 0, "P58 derived src-ac1 @7016A14E")
7016A20C	7016A1F4	8	WCMV	FIRE	dst/ac0	lenload-expr	derived	no	7016A1F4:8 src/ac1	assert((sx16(M16[wp(ac3, 0x70)])) >=s 0, "P58 derived dst-ac0 @7016A20C")
7016A20C	7016A1F4	8	WCMV	FIRE	src/ac1	varying	base-class	yes		assert((sx16(M16[wp(ac3, 0x70)])) >=s 0, "P58 base-class src-ac1 @7016A20C")
7016A215	7016A1F4	10	WCMV	FIRE	dst/ac0	expr	derived	no	7016A1F4:8 src/ac1	assert(((sx16(M16[wp(ac3, 0x70)]) + 0xF)) >=s 0, "P58 derived dst-ac0 @7016A215")
7016A215	7016A1F4	10	WCMV	FIRE	src/ac1	expr	derived	no	7016A1F4:8 src/ac1	assert(((sx16(M16[wp(ac3, 0x70)]) + 0xF)) >=s 0, "P58 derived src-ac1 @7016A215")
7016A226	7016A1F4	13	WCMV	FIRE	dst/ac0	expr	cond	yes		assert(((sx16(M16[wp(ac3, 0x70)]) + 0x28)) >=s 0, "P58 cond dst-ac0 @7016A226")
7016A226	7016A1F4	13	WCMV	FIRE	src/ac1	expr	cond	yes		assert(((sx16(M16[wp(ac3, 0x70)]) + 0x28)) >=s 0, "P58 cond src-ac1 @7016A226")
7016A26C	7016A249	16	WCMV	FIRE	dst/ac0	lenload-expr	derived	no	7016A249:16 src/ac1	assert((sx16(M16[wp(ac3, 0x12)])) >=s 0, "P58 derived dst-ac0 @7016A26C")
7016A26C	7016A249	16	WCMV	FIRE	src/ac1	varying	base-class	yes		assert((sx16(M16[wp(ac3, 0x12)])) >=s 0, "P58 base-class src-ac1 @7016A26C")
7016A275	7016A249	18	WCMV	FIRE	dst/ac0	expr	derived	no	7016A249:16 src/ac1	assert(((sx16(M16[wp(ac3, 0x12)]) + 3)) >=s 0, "P58 derived dst-ac0 @7016A275")
7016A275	7016A249	18	WCMV	FIRE	src/ac1	expr	derived	no	7016A249:16 src/ac1	assert(((sx16(M16[wp(ac3, 0x12)]) + 3)) >=s 0, "P58 derived src-ac1 @7016A275")
7016A28B	7016A249	24	WCMV	FIRE	dst/ac0	expr	derived	no	7016A249:16 src/ac1	assert(((sx16(M16[wp(ac3, 0x12)]) + 0x23)) >=s 0, "P58 derived dst-ac0 @7016A28B")
7016A28B	7016A249	24	WCMV	FIRE	src/ac1	expr	derived	no	7016A249:16 src/ac1	assert(((sx16(M16[wp(ac3, 0x12)]) + 0x23)) >=s 0, "P58 derived src-ac1 @7016A28B")
7016A297	7016A249	29	WCMV	FIRE	dst/ac0	lenload-expr	derived	no	7016A249:29 src/ac1	assert((sx16(M16[((sx16(M16[wp(ac3, 8)]) * 0x2AE) + M32[0x70000210] - 0x271)])) >=s 0, "P58 derived dst-ac0 @7016A297")
7016A297	7016A249	29	WCMV	FIRE	src/ac1	varying	base-class	yes		assert((sx16(M16[((sx16(M16[wp(ac3, 8)]) * 0x2AE) + M32[0x70000210] - 0x271)])) >=s 0, "P58 base-class src-ac1 @7016A297")
7016A2A0	7016A249	31	WCMV	FIRE	dst/ac0	expr	derived	no	7016A249:16 src/ac1 & 7016A249:29 src/ac1	assert(((sx16(M16[wp(ac3, 0x12)]) + sx16(M16[((sx16(M16[wp(ac3, 8)]) * 0x2AE) + M32[0x70000210] - 0x271)]) + 0x23)) >=s 0, "P58 derived dst-ac0 @7016A2A0")
7016A2A0	7016A249	31	WCMV	FIRE	src/ac1	expr	derived	no	7016A249:16 src/ac1 & 7016A249:29 src/ac1	assert(((sx16(M16[wp(ac3, 0x12)]) + sx16(M16[((sx16(M16[wp(ac3, 8)]) * 0x2AE) + M32[0x70000210] - 0x271)]) + 0x23)) >=s 0, "P58 derived src-ac1 @7016A2A0")
7016A2B1	7016A249	34	WCMV	FIRE	dst/ac0	expr	derived	no	7016A249:16 src/ac1 & 7016A249:29 src/ac1	assert(((sx16(M16[wp(ac3, 0x12)]) + sx16(M16[((sx16(M16[wp(ac3, 8)]) * 0x2AE) + M32[0x70000210] - 0x271)]) + 0x25)) >=s 0, "P58 derived dst-ac0 @7016A2B1")
7016A2B1	7016A249	34	WCMV	FIRE	src/ac1	expr	derived	no	7016A249:16 src/ac1 & 7016A249:29 src/ac1	assert(((sx16(M16[wp(ac3, 0x12)]) + sx16(M16[((sx16(M16[wp(ac3, 8)]) * 0x2AE) + M32[0x70000210] - 0x271)]) + 0x25)) >=s 0, "P58 derived src-ac1 @7016A2B1")
7016A330	7016A318	8	WCMV	FIRE	dst/ac0	lenload-expr	derived	no	7016A318:8 src/ac1	assert((sx16(M16[wp(ac3, 0x70)])) >=s 0, "P58 derived dst-ac0 @7016A330")
7016A330	7016A318	8	WCMV	FIRE	src/ac1	varying	base-class	yes		assert((sx16(M16[wp(ac3, 0x70)])) >=s 0, "P58 base-class src-ac1 @7016A330")
7016A339	7016A318	10	WCMV	FIRE	dst/ac0	expr	derived	no	7016A318:8 src/ac1	assert(((sx16(M16[wp(ac3, 0x70)]) + 0xF)) >=s 0, "P58 derived dst-ac0 @7016A339")
7016A339	7016A318	10	WCMV	FIRE	src/ac1	expr	derived	no	7016A318:8 src/ac1	assert(((sx16(M16[wp(ac3, 0x70)]) + 0xF)) >=s 0, "P58 derived src-ac1 @7016A339")
7016A34A	7016A318	13	WCMV	FIRE	dst/ac0	expr	cond	yes		assert(((sx16(M16[wp(ac3, 0x70)]) + 0x28)) >=s 0, "P58 cond dst-ac0 @7016A34A")
7016A34A	7016A318	13	WCMV	FIRE	src/ac1	expr	cond	yes		assert(((sx16(M16[wp(ac3, 0x70)]) + 0x28)) >=s 0, "P58 cond src-ac1 @7016A34A")
7016A52D	7016A501	17	WCMV	FIRE.3@7016A4F8	dst/ac0	register	derived	no	7016A501:17 src/ac1	assert((ac0) >=s 0, "P58 derived dst-ac0 @7016A52D")
7016A52D	7016A501	17	WCMV	FIRE.3@7016A4F8	src/ac1	register	base-class	yes		assert((ac1) >=s 0, "P58 base-class src-ac1 @7016A52D")
7016A52D	7016A501	23	WCMV	FIRE.3@7016A4F8	dst/ac0	register	derived	no	7016A501:17 src/ac1	assert((ac0) >=s 0, "P58 derived dst-ac0 @7016A52D")
7016A52D	7016A501	23	WCMV	FIRE.3@7016A4F8	src/ac1	register	derived	no	7016A501:17 src/ac1	assert((ac1) >=s 0, "P58 derived src-ac1 @7016A52D")
7016A53E	7016A501	29	WCMV	FIRE.3@7016A4F8	dst/ac0	register	unknown	yes		assert((ac0) >=s 0, "P58 unknown dst-ac0 @7016A53E")
7016A53E	7016A501	29	WCMV	FIRE.3@7016A4F8	src/ac1	register	unknown	yes		assert((ac1) >=s 0, "P58 unknown src-ac1 @7016A53E")
7016A694	7016A671	13	WCMV	FIRE.3@7016A4F8	dst/ac0	lenload-expr	derived	no	7016A671:13 src/ac1	assert((sx16(M16[((M32[(M32[wp(ac3, -0x6)] + 0xE)] * 0xC) - 0xFFFFD9A)])) >=s 0, "P58 derived dst-ac0 @7016A694")
7016A694	7016A671	13	WCMV	FIRE.3@7016A4F8	src/ac1	lenload-expr	base-class	yes		assert((sx16(M16[((M32[(M32[wp(ac3, -0x6)] + 0xE)] * 0xC) - 0xFFFFD9A)])) >=s 0, "P58 base-class src-ac1 @7016A694")
7016A69D	7016A671	15	WCMV	FIRE.3@7016A4F8	dst/ac0	expr	derived	no	7016A671:13 src/ac1	assert(((sx16(M16[((M32[(M32[wp(ac3, -0x6)] + 0xE)] * 0xC) - 0xFFFFD9A)]) + 0x42)) >=s 0, "P58 derived dst-ac0 @7016A69D")
7016A69D	7016A671	15	WCMV	FIRE.3@7016A4F8	src/ac1	expr	derived	no	7016A671:13 src/ac1	assert(((sx16(M16[((M32[(M32[wp(ac3, -0x6)] + 0xE)] * 0xC) - 0xFFFFD9A)]) + 0x42)) >=s 0, "P58 derived src-ac1 @7016A69D")
7016A6AE	7016A671	18	WCMV	FIRE.3@7016A4F8	dst/ac0	expr	derived	no	7016A671:13 src/ac1	assert(((sx16(M16[((M32[(M32[wp(ac3, -0x6)] + 0xE)] * 0xC) - 0xFFFFD9A)]) + 0x48)) >=s 0, "P58 derived dst-ac0 @7016A6AE")
7016A6AE	7016A671	18	WCMV	FIRE.3@7016A4F8	src/ac1	expr	derived	no	7016A671:13 src/ac1	assert(((sx16(M16[((M32[(M32[wp(ac3, -0x6)] + 0xE)] * 0xC) - 0xFFFFD9A)]) + 0x48)) >=s 0, "P58 derived src-ac1 @7016A6AE")
7016B895	7016B860	22	WCMV	GET_QUEST	dst/ac0	register	derived	no	7016B860:22 src/ac1	assert((ac0) >=s 0, "P58 derived dst-ac0 @7016B895")
7016B895	7016B860	22	WCMV	GET_QUEST	src/ac1	register	base-class	yes		assert((ac1) >=s 0, "P58 base-class src-ac1 @7016B895")
7016B895	7016B860	28	WCMV	GET_QUEST	dst/ac0	register	unknown	yes		assert((ac0) >=s 0, "P58 unknown dst-ac0 @7016B895")
7016B895	7016B860	28	WCMV	GET_QUEST	src/ac1	register	unknown	yes		assert((ac1) >=s 0, "P58 unknown src-ac1 @7016B895")
7016B8AE	7016B860	43	WCMV	GET_QUEST	dst/ac0	register	unknown	yes		assert((ac0) >=s 0, "P58 unknown dst-ac0 @7016B8AE")
7016B8AE	7016B860	43	WCMV	GET_QUEST	src/ac1	register	unknown	yes		assert((ac1) >=s 0, "P58 unknown src-ac1 @7016B8AE")
7016B8B6	7016B860	44	WCMV	GET_QUEST	dst/ac0	lenload-expr	derived	no	7016B860:44 src/ac1	assert((sx16(M16[0x7000021C])) >=s 0, "P58 derived dst-ac0 @7016B8B6")
7016B8B6	7016B860	44	WCMV	GET_QUEST	src/ac1	varying	base-class	yes		assert((sx16(M16[0x7000021C])) >=s 0, "P58 base-class src-ac1 @7016B8B6")
7016B8CA	7016B860	59	WCMV	GET_QUEST	dst/ac0	register	unknown	yes		assert((ac0) >=s 0, "P58 unknown dst-ac0 @7016B8CA")
7016B8CA	7016B860	59	WCMV	GET_QUEST	src/ac1	register	unknown	yes		assert((ac1) >=s 0, "P58 unknown src-ac1 @7016B8CA")
7016B8EC	7016B8E3	5	WCMV	GET_QUEST	dst/ac0	register	unknown	yes		assert((ac0) >=s 0, "P58 unknown dst-ac0 @7016B8EC")
7016B8EC	7016B8E3	5	WCMV	GET_QUEST	src/ac1	register	unknown	yes		assert((ac1) >=s 0, "P58 unknown src-ac1 @7016B8EC")
7016BC15	7016BBE3	21	WCMV	GET_QUEST	dst/ac0	lenload-expr	derived	no	7016BBE3:21 src/ac1	assert((sx16(M16[((sx16(M16[((sx16(M16[0x70000216]) * 0x2AE) + M32[0x70000210] + 0x2B)]) * 0x13) + M32[0x70000212] + 0x7C2)])) >=s 0, "P58 derived dst-ac0 @7016BC15")
7016BC15	7016BBE3	21	WCMV	GET_QUEST	src/ac1	varying	base-class	yes		assert((sx16(M16[((sx16(M16[((sx16(M16[0x70000216]) * 0x2AE) + M32[0x70000210] + 0x2B)]) * 0x13) + M32[0x70000212] + 0x7C2)])) >=s 0, "P58 base-class src-ac1 @7016BC15")
7016BC1E	7016BBE3	23	WCMV	GET_QUEST	dst/ac0	expr	derived	no	7016BBE3:21 src/ac1	assert(((sx16(M16[((sx16(M16[((sx16(M16[0x70000216]) * 0x2AE) + M32[0x70000210] + 0x2B)]) * 0x13) + M32[0x70000212] + 0x7C2)]) + 0x1A)) >=s 0, "P58 derived dst-ac0 @7016BC1E")
7016BC1E	7016BBE3	23	WCMV	GET_QUEST	src/ac1	expr	derived	no	7016BBE3:21 src/ac1	assert(((sx16(M16[((sx16(M16[((sx16(M16[0x70000216]) * 0x2AE) + M32[0x70000210] + 0x2B)]) * 0x13) + M32[0x70000212] + 0x7C2)]) + 0x1A)) >=s 0, "P58 derived src-ac1 @7016BC1E")
7016BC37	7016BBE3	36	WCMV	GET_QUEST	dst/ac0	expr	derived	no	7016BBE3:21 src/ac1	assert(((sx16(M16[((sx16(M16[((sx16(M16[0x70000216]) * 0x2AE) + M32[0x70000210] + 0x2B)]) * 0x13) + M32[0x70000212] + 0x7C2)]) + 0x8C)) >=s 0, "P58 derived dst-ac0 @7016BC37")
7016BC37	7016BBE3	36	WCMV	GET_QUEST	src/ac1	expr	derived	no	7016BBE3:21 src/ac1	assert(((sx16(M16[((sx16(M16[((sx16(M16[0x70000216]) * 0x2AE) + M32[0x70000210] + 0x2B)]) * 0x13) + M32[0x70000212] + 0x7C2)]) + 0x8C)) >=s 0, "P58 derived src-ac1 @7016BC37")
7016BC59	7016BC50	5	WCMV	GET_QUEST	dst/ac0	expr	cond	yes		assert(((sx16(M16[((sx16(M16[((sx16(M16[0x70000216]) * 0x2AE) + M32[0x70000210] + 0x2B)]) * 0x13) + M32[0x70000212] + 0x7C2)]) + 0x119)) >=s 0, "P58 cond dst-ac0 @7016BC59")
7016BC59	7016BC50	5	WCMV	GET_QUEST	src/ac1	expr	cond	yes		assert(((sx16(M16[((sx16(M16[((sx16(M16[0x70000216]) * 0x2AE) + M32[0x70000210] + 0x2B)]) * 0x13) + M32[0x70000212] + 0x7C2)]) + 0x119)) >=s 0, "P58 cond src-ac1 @7016BC59")
7016DC16	7016DBFC	12	WCMV	HELP.1@7016D570	dst/ac0	lenload-expr	derived	no	7016DBFC:12 src/ac1	assert((sx16(M16[((sx16(M16[wp(ac3, 0x10)]) * 0xC) - 0xFFFFD9A)])) >=s 0, "P58 derived dst-ac0 @7016DC16")
7016DC16	7016DBFC	12	WCMV	HELP.1@7016D570	src/ac1	lenload-expr	base-class	yes		assert((sx16(M16[((sx16(M16[wp(ac3, 0x10)]) * 0xC) - 0xFFFFD9A)])) >=s 0, "P58 base-class src-ac1 @7016DC16")
7016DC1E	7016DBFC	14	WCMV	HELP.1@7016D570	dst/ac0	expr	unknown	yes		assert(((0 - sx16(M16[((sx16(M16[wp(ac3, 0x10)]) * 0xC) - 0xFFFFD9A)]) + 0x1E)) >=s 0, "P58 unknown dst-ac0 @7016DC1E")
7016DC1E	7016DBFC	14	WCMV	HELP.1@7016D570	src/ac1	expr	unknown	yes		assert(((0 - sx16(M16[((sx16(M16[wp(ac3, 0x10)]) * 0xC) - 0xFFFFD9A)]) + 0x1E)) >=s 0, "P58 unknown src-ac1 @7016DC1E")
7016DF66	7016DF59	7	WCMV	INIT_OBJ_TBL	dst/ac0	register	unknown	yes		assert((ac0) >=s 0, "P58 unknown dst-ac0 @7016DF66")
7016DF66	7016DF59	7	WCMV	INIT_OBJ_TBL	src/ac1	register	unknown	yes		assert((ac1) >=s 0, "P58 unknown src-ac1 @7016DF66")
7016DF95	7016DF68	29	WCMV	INIT_OBJ_TBL	dst/ac0	register	unknown	yes		assert((ac0) >=s 0, "P58 unknown dst-ac0 @7016DF95")
7016DF95	7016DF68	29	WCMV	INIT_OBJ_TBL	src/ac1	register	unknown	yes		assert((ac1) >=s 0, "P58 unknown src-ac1 @7016DF95")
7016DFA9	7016DF68	44	WCMV	INIT_OBJ_TBL	dst/ac0	register	unknown	yes		assert((ac0) >=s 0, "P58 unknown dst-ac0 @7016DFA9")
7016DFA9	7016DF68	44	WCMV	INIT_OBJ_TBL	src/ac1	register	unknown	yes		assert((ac1) >=s 0, "P58 unknown src-ac1 @7016DFA9")
7016DFD6	7016DFC4	10	WCMV	INIT_OBJ_TBL	src/ac1	register	unknown	yes		assert((ac1) >=s 0, "P58 unknown src-ac1 @7016DFD6")
7016E005	7016DFF8	7	WCMV	INIT_OBJ_TBL	dst/ac0	register	unknown	yes		assert((ac0) >=s 0, "P58 unknown dst-ac0 @7016E005")
7016E005	7016DFF8	7	WCMV	INIT_OBJ_TBL	src/ac1	register	unknown	yes		assert((ac1) >=s 0, "P58 unknown src-ac1 @7016E005")
7016E033	7016E020	10	WCMV	INIT_OBJ_TBL	src/ac1	register	unknown	yes		assert((ac1) >=s 0, "P58 unknown src-ac1 @7016E033")
7016E355	7016E34E	1	WCMV	KILL_PLAYER.2@7016E317	dst/ac0	register	guard	no		assert((ac0) >=s 0, "P58 guard dst-ac0 @7016E355")
7016E355	7016E34E	1	WCMV	KILL_PLAYER.2@7016E317	src/ac1	register	guard	no		assert((ac1) >=s 0, "P58 guard src-ac1 @7016E355")
7016E3B7	7016E3AB	1	WCMP	KILL_PLAYER.2@7016E317	s1/ac1	varying	base-class	yes		assert((sx16(M16[R[wp(ac3, 0x12)]])) >=s 0, "P58 base-class s1-ac1 @7016E3B7")
7016E3B7	7016E3AB	1	WCMP	KILL_PLAYER.2@7016E317	s2/ac0	varying	base-class	yes		assert((sx16(M16[wp(ac3, 0x204)])) >=s 0, "P58 base-class s2-ac0 @7016E3B7")
7016E3CA	7016E3BD	0	WCMP	KILL_PLAYER.2@7016E317	s1/ac1	varying	base-class	yes		assert((sx16(M16[(M32[wp(ac3, 0x12)] + 0x11)])) >=s 0, "P58 base-class s1-ac1 @7016E3CA")
7016E3CA	7016E3BD	0	WCMP	KILL_PLAYER.2@7016E317	s2/ac0	varying	guard	no		assert((sx16(M16[0x7000021C])) >=s 0, "P58 guard s2-ac0 @7016E3CA")
7016EC1C	7016EBFD	10	WCMV	LIST_PLAYERS	dst/ac0	lenload-expr	derived	no	7016EBFD:10 src/ac1	assert((sx16(M16[((sx16(M16[wp(ac3, 0xE)]) * 0xC) - 0xFFFFD9A)])) >=s 0, "P58 derived dst-ac0 @7016EC1C")
7016EC1C	7016EBFD	10	WCMV	LIST_PLAYERS	src/ac1	lenload-expr	base-class	yes		assert((sx16(M16[((sx16(M16[wp(ac3, 0xE)]) * 0xC) - 0xFFFFD9A)])) >=s 0, "P58 base-class src-ac1 @7016EC1C")
7016EC27	7016EBFD	12	WCMV	LIST_PLAYERS	dst/ac0	expr	derived	no	7016EBFD:10 src/ac1	assert(((sx16(M16[((sx16(M16[wp(ac3, 0xE)]) * 0xC) - 0xFFFFD9A)]) + 6)) >=s 0, "P58 derived dst-ac0 @7016EC27")
7016EC27	7016EBFD	12	WCMV	LIST_PLAYERS	src/ac1	expr	derived	no	7016EBFD:10 src/ac1	assert(((sx16(M16[((sx16(M16[wp(ac3, 0xE)]) * 0xC) - 0xFFFFD9A)]) + 6)) >=s 0, "P58 derived src-ac1 @7016EC27")
7016ECE2	7016ECD7	2	WCMP	LIST_PLAYERS.1@7016EC57	s1/ac1	varying	base-class	yes		assert((sx16(M16[R[wp(ac3, 0x10)]])) >=s 0, "P58 base-class s1-ac1 @7016ECE2")
7016ED28	7016ED1F	1	WCMV	LIST_PLAYERS.1@7016EC57	src/ac1	register	guard	no		assert((ac1) >=s 0, "P58 guard src-ac1 @7016ED28")
7016EDBB	7016ED93	25	WCMV	LIST_PLAYERS.1@7016EC57	dst/ac0	register	cond	yes		assert((ac0) >=s 0, "P58 cond dst-ac0 @7016EDBB")
7016EDBB	7016ED93	25	WCMV	LIST_PLAYERS.1@7016EC57	src/ac1	register	cond	yes		assert((ac1) >=s 0, "P58 cond src-ac1 @7016EDBB")
7016EDD2	7016ED93	41	WCMV	LIST_PLAYERS.1@7016EC57	dst/ac0	expr	cond	yes		assert(((sx16(M16[(M32[0x70000210] + 0x1EFB9)]) + 1)) >=s 0, "P58 cond dst-ac0 @7016EDD2")
7016EDD2	7016ED93	41	WCMV	LIST_PLAYERS.1@7016EC57	src/ac1	expr	cond	yes		assert(((sx16(M16[(M32[0x70000210] + 0x1EFB9)]) + 1)) >=s 0, "P58 cond src-ac1 @7016EDD2")
7016EDED	7016ED93	57	WCMV	LIST_PLAYERS.1@7016EC57	dst/ac0	expr	cond	yes		assert(((sx16(M16[(M32[0x70000210] + 0x1EFB9)]) + 0xD)) >=s 0, "P58 cond dst-ac0 @7016EDED")
7016EDED	7016ED93	57	WCMV	LIST_PLAYERS.1@7016EC57	src/ac1	expr	cond	yes		assert(((sx16(M16[(M32[0x70000210] + 0x1EFB9)]) + 0xD)) >=s 0, "P58 cond src-ac1 @7016EDED")
7016EE08	7016ED93	73	WCMV	LIST_PLAYERS.1@7016EC57	dst/ac0	expr	cond	yes		assert(((sx16(M16[(M32[0x70000210] + 0x1EFB9)]) + 0x11)) >=s 0, "P58 cond dst-ac0 @7016EE08")
7016EE08	7016ED93	73	WCMV	LIST_PLAYERS.1@7016EC57	src/ac1	expr	cond	yes		assert(((sx16(M16[(M32[0x70000210] + 0x1EFB9)]) + 0x11)) >=s 0, "P58 cond src-ac1 @7016EE08")
7016EE2A	7016EE21	5	WCMV	LIST_PLAYERS.1@7016EC57	dst/ac0	expr	cond	yes		assert(((sx16(M16[(M32[0x70000210] + 0x1EFB9)]) + 0x13)) >=s 0, "P58 cond dst-ac0 @7016EE2A")
7016EE2A	7016EE21	5	WCMV	LIST_PLAYERS.1@7016EC57	src/ac1	expr	cond	yes		assert(((sx16(M16[(M32[0x70000210] + 0x1EFB9)]) + 0x13)) >=s 0, "P58 cond src-ac1 @7016EE2A")
7016EEA6	7016EE9E	0	WCMV	LIST_PLAYERS.1@7016EC57	src/ac1	varying	base-class	yes		assert((sx16(M16[wp(ac3, 0x20A)])) >=s 0, "P58 base-class src-ac1 @7016EEA6")
7016EEBF	7016EEB7	0	WCMV	LIST_PLAYERS.1@7016EC57	src/ac1	varying	base-class	yes		assert((sx16(M16[wp(ac3, 0x20A)])) >=s 0, "P58 base-class src-ac1 @7016EEBF")
7016EF0D	7016EF05	0	WCMV	LIST_PLAYERS.1@7016EC57	src/ac1	varying	base-class	yes		assert((sx16(M16[wp(ac3, 0x20A)])) >=s 0, "P58 base-class src-ac1 @7016EF0D")
7016EF26	7016EF1E	0	WCMV	LIST_PLAYERS.1@7016EC57	src/ac1	varying	base-class	yes		assert((sx16(M16[wp(ac3, 0x20A)])) >=s 0, "P58 base-class src-ac1 @7016EF26")
7016EF74	7016EF6C	0	WCMV	LIST_PLAYERS.1@7016EC57	src/ac1	varying	base-class	yes		assert((sx16(M16[wp(ac3, 0x20A)])) >=s 0, "P58 base-class src-ac1 @7016EF74")
7016EF8D	7016EF85	0	WCMV	LIST_PLAYERS.1@7016EC57	src/ac1	varying	base-class	yes		assert((sx16(M16[wp(ac3, 0x20A)])) >=s 0, "P58 base-class src-ac1 @7016EF8D")
7016EFDB	7016EFD3	0	WCMV	LIST_PLAYERS.1@7016EC57	src/ac1	varying	base-class	yes		assert((sx16(M16[wp(ac3, 0x20A)])) >=s 0, "P58 base-class src-ac1 @7016EFDB")
7016EFF4	7016EFEC	0	WCMV	LIST_PLAYERS.1@7016EC57	src/ac1	varying	base-class	yes		assert((sx16(M16[wp(ac3, 0x20A)])) >=s 0, "P58 base-class src-ac1 @7016EFF4")
7016F042	7016F03A	0	WCMV	LIST_PLAYERS.1@7016EC57	src/ac1	varying	base-class	yes		assert((sx16(M16[wp(ac3, 0x20A)])) >=s 0, "P58 base-class src-ac1 @7016F042")
7016F05B	7016F053	0	WCMV	LIST_PLAYERS.1@7016EC57	src/ac1	varying	base-class	yes		assert((sx16(M16[wp(ac3, 0x20A)])) >=s 0, "P58 base-class src-ac1 @7016F05B")
7016F0A7	7016F09F	0	WCMV	LIST_PLAYERS.1@7016EC57	src/ac1	varying	base-class	yes		assert((sx16(M16[wp(ac3, 0x20A)])) >=s 0, "P58 base-class src-ac1 @7016F0A7")
7016F0C0	7016F0B8	0	WCMV	LIST_PLAYERS.1@7016EC57	src/ac1	varying	base-class	yes		assert((sx16(M16[wp(ac3, 0x20A)])) >=s 0, "P58 base-class src-ac1 @7016F0C0")
7016F10C	7016F104	0	WCMV	LIST_PLAYERS.1@7016EC57	src/ac1	varying	base-class	yes		assert((sx16(M16[wp(ac3, 0x20A)])) >=s 0, "P58 base-class src-ac1 @7016F10C")
7016F125	7016F11D	0	WCMV	LIST_PLAYERS.1@7016EC57	src/ac1	varying	base-class	yes		assert((sx16(M16[wp(ac3, 0x20A)])) >=s 0, "P58 base-class src-ac1 @7016F125")
7016F173	7016F16B	0	WCMV	LIST_PLAYERS.1@7016EC57	src/ac1	varying	base-class	yes		assert((sx16(M16[wp(ac3, 0x20A)])) >=s 0, "P58 base-class src-ac1 @7016F173")
7016F18C	7016F184	0	WCMV	LIST_PLAYERS.1@7016EC57	src/ac1	varying	base-class	yes		assert((sx16(M16[wp(ac3, 0x20A)])) >=s 0, "P58 base-class src-ac1 @7016F18C")
7016F2BE	7016F27B	25	WCMV	LIST_PLAYERS.2@7016F1D0	dst/ac0	register	derived	no	7016F27B:25 src/ac1	assert((ac0) >=s 0, "P58 derived dst-ac0 @7016F2BE")
7016F2BE	7016F27B	25	WCMV	LIST_PLAYERS.2@7016F1D0	src/ac1	register	base-class	yes		assert((ac1) >=s 0, "P58 base-class src-ac1 @7016F2BE")
7016F2BE	7016F27B	31	WCMV	LIST_PLAYERS.2@7016F1D0	dst/ac0	register	unknown	yes		assert((ac0) >=s 0, "P58 unknown dst-ac0 @7016F2BE")
7016F2BE	7016F27B	31	WCMV	LIST_PLAYERS.2@7016F1D0	src/ac1	register	unknown	yes		assert((ac1) >=s 0, "P58 unknown src-ac1 @7016F2BE")
7016F2BE	7016F27B	38	WCMV	LIST_PLAYERS.2@7016F1D0	dst/ac0	register	unknown	yes		assert((ac0) >=s 0, "P58 unknown dst-ac0 @7016F2BE")
7016F2BE	7016F27B	38	WCMV	LIST_PLAYERS.2@7016F1D0	src/ac1	register	unknown	yes		assert((ac1) >=s 0, "P58 unknown src-ac1 @7016F2BE")
7016F2C6	7016F27B	39	WCMV	LIST_PLAYERS.2@7016F1D0	dst/ac0	lenload-expr	derived	no	7016F27B:39 src/ac1	assert((sx16(M16[0x7000021C])) >=s 0, "P58 derived dst-ac0 @7016F2C6")
7016F2C6	7016F27B	39	WCMV	LIST_PLAYERS.2@7016F1D0	src/ac1	varying	base-class	yes		assert((sx16(M16[0x7000021C])) >=s 0, "P58 base-class src-ac1 @7016F2C6")
7016F2D1	7016F27B	44	WCMV	LIST_PLAYERS.2@7016F1D0	dst/ac0	register	unknown	yes		assert((ac0) >=s 0, "P58 unknown dst-ac0 @7016F2D1")
7016F2D1	7016F27B	44	WCMV	LIST_PLAYERS.2@7016F1D0	src/ac1	register	unknown	yes		assert((ac1) >=s 0, "P58 unknown src-ac1 @7016F2D1")
7016F312	7016F2E7	21	WCMV	LIST_PLAYERS.2@7016F1D0	dst/ac0	register	derived	no	7016F2E7:21 src/ac1	assert((ac0) >=s 0, "P58 derived dst-ac0 @7016F312")
7016F312	7016F2E7	21	WCMV	LIST_PLAYERS.2@7016F1D0	src/ac1	register	base-class	yes		assert((ac1) >=s 0, "P58 base-class src-ac1 @7016F312")
7016F31D	7016F2E7	26	WCMV	LIST_PLAYERS.2@7016F1D0	dst/ac0	register	unknown	yes		assert((ac0) >=s 0, "P58 unknown dst-ac0 @7016F31D")
7016F31D	7016F2E7	26	WCMV	LIST_PLAYERS.2@7016F1D0	src/ac1	register	unknown	yes		assert((ac1) >=s 0, "P58 unknown src-ac1 @7016F31D")
7016F364	7016F34E	8	WCMV	LIST_PLAYERS.2@7016F1D0	dst/ac0	lenload-expr	derived	no	7016F34E:8 src/ac1	assert((sx16(M16[wp(ac3, 0x20A)])) >=s 0, "P58 derived dst-ac0 @7016F364")
7016F364	7016F34E	8	WCMV	LIST_PLAYERS.2@7016F1D0	src/ac1	varying	base-class	yes		assert((sx16(M16[wp(ac3, 0x20A)])) >=s 0, "P58 base-class src-ac1 @7016F364")
7016F36D	7016F34E	10	WCMV	LIST_PLAYERS.2@7016F1D0	dst/ac0	expr	derived	no	7016F34E:8 src/ac1	assert(((sx16(M16[wp(ac3, 0x20A)]) + 3)) >=s 0, "P58 derived dst-ac0 @7016F36D")
7016F36D	7016F34E	10	WCMV	LIST_PLAYERS.2@7016F1D0	src/ac1	expr	derived	no	7016F34E:8 src/ac1	assert(((sx16(M16[wp(ac3, 0x20A)]) + 3)) >=s 0, "P58 derived src-ac1 @7016F36D")
7016F37E	7016F34E	13	WCMV	LIST_PLAYERS.2@7016F1D0	dst/ac0	expr	cond	yes		assert(((sx16(M16[wp(ac3, 0x20A)]) + 7)) >=s 0, "P58 cond dst-ac0 @7016F37E")
7016F37E	7016F34E	13	WCMV	LIST_PLAYERS.2@7016F1D0	src/ac1	expr	cond	yes		assert(((sx16(M16[wp(ac3, 0x20A)]) + 7)) >=s 0, "P58 cond src-ac1 @7016F37E")
7016F49C	7016F488	6	WCMV	LIST_PLAYERS.2@7016F1D0	dst/ac0	lenload-expr	derived	no	7016F488:6 src/ac1	assert((sx16(M16[wp(ac3, 0x20A)])) >=s 0, "P58 derived dst-ac0 @7016F49C")
7016F49C	7016F488	6	WCMV	LIST_PLAYERS.2@7016F1D0	src/ac1	varying	base-class	yes		assert((sx16(M16[wp(ac3, 0x20A)])) >=s 0, "P58 base-class src-ac1 @7016F49C")
7016F4A7	7016F488	8	WCMV	LIST_PLAYERS.2@7016F1D0	dst/ac0	expr	derived	no	7016F488:6 src/ac1	assert(((sx16(M16[wp(ac3, 0x20A)]) + 0xE)) >=s 0, "P58 derived dst-ac0 @7016F4A7")
7016F4A7	7016F488	8	WCMV	LIST_PLAYERS.2@7016F1D0	src/ac1	expr	derived	no	7016F488:6 src/ac1	assert(((sx16(M16[wp(ac3, 0x20A)]) + 0xE)) >=s 0, "P58 derived src-ac1 @7016F4A7")
7016F4DD	7016F4BE	10	WCMV	LIST_PLAYERS.2@7016F1D0	dst/ac0	lenload-expr	derived	no	7016F4BE:10 src/ac1	assert((sx16(M16[((sx16(M16[wp(ac3, 0xE)]) * 9) - 0xFFFFCFB)])) >=s 0, "P58 derived dst-ac0 @7016F4DD")
7016F4DD	7016F4BE	10	WCMV	LIST_PLAYERS.2@7016F1D0	src/ac1	lenload-expr	base-class	yes		assert((sx16(M16[((sx16(M16[wp(ac3, 0xE)]) * 9) - 0xFFFFCFB)])) >=s 0, "P58 base-class src-ac1 @7016F4DD")
7016F4E8	7016F4BE	12	WCMV	LIST_PLAYERS.2@7016F1D0	dst/ac0	expr	derived	no	7016F4BE:10 src/ac1	assert(((sx16(M16[((sx16(M16[wp(ac3, 0xE)]) * 9) - 0xFFFFCFB)]) + 5)) >=s 0, "P58 derived dst-ac0 @7016F4E8")
7016F4E8	7016F4BE	12	WCMV	LIST_PLAYERS.2@7016F1D0	src/ac1	expr	derived	no	7016F4BE:10 src/ac1	assert(((sx16(M16[((sx16(M16[wp(ac3, 0xE)]) * 9) - 0xFFFFCFB)]) + 5)) >=s 0, "P58 derived src-ac1 @7016F4E8")
7016F519	7016F4FA	10	WCMV	LIST_PLAYERS.2@7016F1D0	dst/ac0	lenload-expr	derived	no	7016F4FA:10 src/ac1	assert((sx16(M16[((sx16(M16[wp(ac3, 0xE)]) * 9) - 0xFFFFA73)])) >=s 0, "P58 derived dst-ac0 @7016F519")
7016F519	7016F4FA	10	WCMV	LIST_PLAYERS.2@7016F1D0	src/ac1	lenload-expr	base-class	yes		assert((sx16(M16[((sx16(M16[wp(ac3, 0xE)]) * 9) - 0xFFFFA73)])) >=s 0, "P58 base-class src-ac1 @7016F519")
7016F524	7016F4FA	12	WCMV	LIST_PLAYERS.2@7016F1D0	dst/ac0	expr	derived	no	7016F4FA:10 src/ac1	assert(((sx16(M16[((sx16(M16[wp(ac3, 0xE)]) * 9) - 0xFFFFA73)]) + 5)) >=s 0, "P58 derived dst-ac0 @7016F524")
7016F524	7016F4FA	12	WCMV	LIST_PLAYERS.2@7016F1D0	src/ac1	expr	derived	no	7016F4FA:10 src/ac1	assert(((sx16(M16[((sx16(M16[wp(ac3, 0xE)]) * 9) - 0xFFFFA73)]) + 5)) >=s 0, "P58 derived src-ac1 @7016F524")
7016F719	7016F6F2	20	WCMV	LOOK	dst/ac0	lenload-expr	derived	no	7016F6F2:20 src/ac1	assert((sx16(M16[((sx16(M16[wp(ac3, 2)]) * 0x14) + M32[0x70000212] - 0xF)])) >=s 0, "P58 derived dst-ac0 @7016F719")
7016F719	7016F6F2	20	WCMV	LOOK	src/ac1	varying	base-class	yes		assert((sx16(M16[((sx16(M16[wp(ac3, 2)]) * 0x14) + M32[0x70000212] - 0xF)])) >=s 0, "P58 base-class src-ac1 @7016F719")
7016F722	7016F6F2	22	WCMV	LOOK	dst/ac0	expr	derived	no	7016F6F2:20 src/ac1	assert(((sx16(M16[((sx16(M16[wp(ac3, 2)]) * 0x14) + M32[0x70000212] - 0xF)]) + 1)) >=s 0, "P58 derived dst-ac0 @7016F722")
7016F722	7016F6F2	22	WCMV	LOOK	src/ac1	expr	derived	no	7016F6F2:20 src/ac1	assert(((sx16(M16[((sx16(M16[wp(ac3, 2)]) * 0x14) + M32[0x70000212] - 0xF)]) + 1)) >=s 0, "P58 derived src-ac1 @7016F722")
7016F730	7016F6F2	29	WCMV	LOOK	dst/ac0	expr	derived	no	7016F6F2:20 src/ac1	assert(((sx16(M16[((sx16(M16[wp(ac3, 2)]) * 0x14) + M32[0x70000212] - 0xF)]) + 2)) >=s 0, "P58 derived dst-ac0 @7016F730")
7016F730	7016F6F2	29	WCMV	LOOK	src/ac1	expr	derived	no	7016F6F2:20 src/ac1	assert(((sx16(M16[((sx16(M16[wp(ac3, 2)]) * 0x14) + M32[0x70000212] - 0xF)]) + 2)) >=s 0, "P58 derived src-ac1 @7016F730")
7016FEDA	7016FE9D	31	WCMV	MOVE_FAMILIAR	dst/ac0	lenload-expr	derived	no	7016FE9D:31 src/ac1	assert((sx16(M16[((sx16(M16[M32[wp(ac3, -0xC)]]) * 0x2AE) + M32[0x70000210] + 0x17)])) >=s 0, "P58 derived dst-ac0 @7016FEDA")
7016FEDA	7016FE9D	31	WCMV	MOVE_FAMILIAR	src/ac1	varying	base-class	yes		assert((sx16(M16[((sx16(M16[M32[wp(ac3, -0xC)]]) * 0x2AE) + M32[0x70000210] + 0x17)])) >=s 0, "P58 base-class src-ac1 @7016FEDA")
7016FEE3	7016FE9D	33	WCMV	MOVE_FAMILIAR	dst/ac0	expr	derived	no	7016FE9D:31 src/ac1	assert(((sx16(M16[((sx16(M16[M32[wp(ac3, -0xC)]]) * 0x2AE) + M32[0x70000210] + 0x17)]) + 1)) >=s 0, "P58 derived dst-ac0 @7016FEE3")
7016FEE3	7016FE9D	33	WCMV	MOVE_FAMILIAR	src/ac1	expr	derived	no	7016FE9D:31 src/ac1	assert(((sx16(M16[((sx16(M16[M32[wp(ac3, -0xC)]]) * 0x2AE) + M32[0x70000210] + 0x17)]) + 1)) >=s 0, "P58 derived src-ac1 @7016FEE3")
7016FEF2	7016FE9D	36	WCMV	MOVE_FAMILIAR	dst/ac0	expr	derived	no	7016FE9D:31 src/ac1	assert(((sx16(M16[((sx16(M16[M32[wp(ac3, -0xC)]]) * 0x2AE) + M32[0x70000210] + 0x17)]) + 0xE)) >=s 0, "P58 derived dst-ac0 @7016FEF2")
7016FEF2	7016FE9D	36	WCMV	MOVE_FAMILIAR	src/ac1	expr	derived	no	7016FE9D:31 src/ac1	assert(((sx16(M16[((sx16(M16[M32[wp(ac3, -0xC)]]) * 0x2AE) + M32[0x70000210] + 0x17)]) + 0xE)) >=s 0, "P58 derived src-ac1 @7016FEF2")
7016FF06	7016FE9D	42	WCMV	MOVE_FAMILIAR	dst/ac0	register	derived	no	7016FE9D:42 src/ac1	assert((ac0) >=s 0, "P58 derived dst-ac0 @7016FF06")
7016FF06	7016FE9D	42	WCMV	MOVE_FAMILIAR	src/ac1	register	base-class	yes		assert((ac1) >=s 0, "P58 base-class src-ac1 @7016FF06")
7016FF06	7016FE9D	48	WCMV	MOVE_FAMILIAR	dst/ac0	register	derived	no	7016FE9D:42 src/ac1 & 7016FE9D:31 src/ac1	assert((ac0) >=s 0, "P58 derived dst-ac0 @7016FF06")
7016FF06	7016FE9D	48	WCMV	MOVE_FAMILIAR	src/ac1	register	derived	no	7016FE9D:42 src/ac1 & 7016FE9D:31 src/ac1	assert((ac1) >=s 0, "P58 derived src-ac1 @7016FF06")
7016FF14	7016FE9D	55	WCMV	MOVE_FAMILIAR	dst/ac0	register	unknown	yes		assert((ac0) >=s 0, "P58 unknown dst-ac0 @7016FF14")
7016FF14	7016FE9D	55	WCMV	MOVE_FAMILIAR	src/ac1	register	unknown	yes		assert((ac1) >=s 0, "P58 unknown src-ac1 @7016FF14")
7017037A	7017034C	17	WCMV	MOVE_IN_CAVE	dst/ac0	register	derived	no	7017034C:17 src/ac1	assert((ac0) >=s 0, "P58 derived dst-ac0 @7017037A")
7017037A	7017034C	17	WCMV	MOVE_IN_CAVE	src/ac1	register	base-class	yes		assert((ac1) >=s 0, "P58 base-class src-ac1 @7017037A")
7017037A	7017034C	23	WCMV	MOVE_IN_CAVE	dst/ac0	register	derived	no	7017034C:17 src/ac1	assert((ac0) >=s 0, "P58 derived dst-ac0 @7017037A")
7017037A	7017034C	23	WCMV	MOVE_IN_CAVE	src/ac1	register	derived	no	7017034C:17 src/ac1	assert((ac1) >=s 0, "P58 derived src-ac1 @7017037A")
7017038B	7017034C	29	WCMV	MOVE_IN_CAVE	dst/ac0	register	derived	no	7017034C:17 src/ac1	assert((ac0) >=s 0, "P58 derived dst-ac0 @7017038B")
7017038B	7017034C	29	WCMV	MOVE_IN_CAVE	src/ac1	register	derived	no	7017034C:17 src/ac1	assert((ac1) >=s 0, "P58 derived src-ac1 @7017038B")
701704E5	701704AD	23	WCMV	MOVE_IN_CAVE	dst/ac0	register	derived	no	701704AD:23 src/ac1	assert((ac0) >=s 0, "P58 derived dst-ac0 @701704E5")
701704E5	701704AD	23	WCMV	MOVE_IN_CAVE	src/ac1	register	base-class	yes		assert((ac1) >=s 0, "P58 base-class src-ac1 @701704E5")
701704E5	701704AD	29	WCMV	MOVE_IN_CAVE	dst/ac0	register	derived	no	701704AD:23 src/ac1	assert((ac0) >=s 0, "P58 derived dst-ac0 @701704E5")
701704E5	701704AD	29	WCMV	MOVE_IN_CAVE	src/ac1	register	derived	no	701704AD:23 src/ac1	assert((ac1) >=s 0, "P58 derived src-ac1 @701704E5")
701704F6	701704AD	35	WCMV	MOVE_IN_CAVE	dst/ac0	register	derived	no	701704AD:23 src/ac1	assert((ac0) >=s 0, "P58 derived dst-ac0 @701704F6")
701704F6	701704AD	35	WCMV	MOVE_IN_CAVE	src/ac1	register	derived	no	701704AD:23 src/ac1	assert((ac1) >=s 0, "P58 derived src-ac1 @701704F6")
7017084C	70170838	5	WCMV	MOVE_IN_CAVE	dst/ac0	lenload-expr	derived	no	70170838:5 src/ac1	assert((sx16(M16[wp(ac3, 0x1C)])) >=s 0, "P58 derived dst-ac0 @7017084C")
7017084C	70170838	5	WCMV	MOVE_IN_CAVE	src/ac1	varying	base-class	yes		assert((sx16(M16[wp(ac3, 0x1C)])) >=s 0, "P58 base-class src-ac1 @7017084C")
70170857	70170838	7	WCMV	MOVE_IN_CAVE	dst/ac0	expr	derived	no	70170838:5 src/ac1	assert(((sx16(M16[wp(ac3, 0x1C)]) + 0xB)) >=s 0, "P58 derived dst-ac0 @70170857")
70170857	70170838	7	WCMV	MOVE_IN_CAVE	src/ac1	expr	derived	no	70170838:5 src/ac1	assert(((sx16(M16[wp(ac3, 0x1C)]) + 0xB)) >=s 0, "P58 derived src-ac1 @70170857")
70170949	7017091C	18	WCMV	MOVE_IN_CAVE	dst/ac0	register	derived	no	7017091C:18 src/ac1	assert((ac0) >=s 0, "P58 derived dst-ac0 @70170949")
70170949	7017091C	18	WCMV	MOVE_IN_CAVE	src/ac1	register	base-class	yes		assert((ac1) >=s 0, "P58 base-class src-ac1 @70170949")
70170949	7017091C	24	WCMV	MOVE_IN_CAVE	dst/ac0	register	derived	no	7017091C:18 src/ac1	assert((ac0) >=s 0, "P58 derived dst-ac0 @70170949")
70170949	7017091C	24	WCMV	MOVE_IN_CAVE	src/ac1	register	derived	no	7017091C:18 src/ac1	assert((ac1) >=s 0, "P58 derived src-ac1 @70170949")
70170957	7017091C	31	WCMV	MOVE_IN_CAVE	dst/ac0	register	derived	no	7017091C:18 src/ac1	assert((ac0) >=s 0, "P58 derived dst-ac0 @70170957")
70170957	7017091C	31	WCMV	MOVE_IN_CAVE	src/ac1	register	derived	no	7017091C:18 src/ac1	assert((ac1) >=s 0, "P58 derived src-ac1 @70170957")
70170BE0	70170BCA	9	WCMV	MOVE_IN_CAVE	dst/ac0	lenload-expr	derived	no	70170BCA:9 src/ac1	assert((sx16(M16[wp(ac3, 0xA)])) >=s 0, "P58 derived dst-ac0 @70170BE0")
70170BE0	70170BCA	9	WCMV	MOVE_IN_CAVE	src/ac1	varying	base-class	yes		assert((sx16(M16[wp(ac3, 0xA)])) >=s 0, "P58 base-class src-ac1 @70170BE0")
70170BE9	70170BCA	11	WCMV	MOVE_IN_CAVE	dst/ac0	wide-expr	derived	no	70170BCA:9 src/ac1	assert((M32[wp(ac3, 0x18)]) >=s 0, "P58 derived dst-ac0 @70170BE9")
70170BE9	70170BCA	11	WCMV	MOVE_IN_CAVE	src/ac1	wide-expr	derived	no	70170BCA:9 src/ac1	assert((M32[wp(ac3, 0x18)]) >=s 0, "P58 derived src-ac1 @70170BE9")
70170BF0	70170BCA	13	WCMV	MOVE_IN_CAVE	dst/ac0	lenload-expr	derived	no	70170BCA:13 src/ac1	assert((sx16(M16[wp(ac3, 0x1C)])) >=s 0, "P58 derived dst-ac0 @70170BF0")
70170BF0	70170BCA	13	WCMV	MOVE_IN_CAVE	src/ac1	varying	base-class	yes		assert((sx16(M16[wp(ac3, 0x1C)])) >=s 0, "P58 base-class src-ac1 @70170BF0")
70170BF9	70170BCA	19	WCMV	MOVE_IN_CAVE	dst/ac0	register	derived	no	70170BCA:9 src/ac1 & 70170BCA:13 src/ac1	assert((ac0) >=s 0, "P58 derived dst-ac0 @70170BF9")
70170BF9	70170BCA	19	WCMV	MOVE_IN_CAVE	src/ac1	register	derived	no	70170BCA:9 src/ac1 & 70170BCA:13 src/ac1	assert((ac1) >=s 0, "P58 derived src-ac1 @70170BF9")
70170C07	70170BCA	26	WCMV	MOVE_IN_CAVE	dst/ac0	register	derived	no	70170BCA:9 src/ac1 & 70170BCA:13 src/ac1	assert((ac0) >=s 0, "P58 derived dst-ac0 @70170C07")
70170C07	70170BCA	26	WCMV	MOVE_IN_CAVE	src/ac1	register	derived	no	70170BCA:9 src/ac1 & 70170BCA:13 src/ac1	assert((ac1) >=s 0, "P58 derived src-ac1 @70170C07")
7017191B	70171903	8	WCMV	MOVE_PLAYER	dst/ac0	lenload-expr	derived	no	70171903:8 src/ac1	assert((sx16(M16[wp(ac3, 0x46)])) >=s 0, "P58 derived dst-ac0 @7017191B")
7017191B	70171903	8	WCMV	MOVE_PLAYER	src/ac1	varying	base-class	yes		assert((sx16(M16[wp(ac3, 0x46)])) >=s 0, "P58 base-class src-ac1 @7017191B")
70171924	70171903	10	WCMV	MOVE_PLAYER	dst/ac0	expr	derived	no	70171903:8 src/ac1	assert(((sx16(M16[wp(ac3, 0x46)]) + 0x52)) >=s 0, "P58 derived dst-ac0 @70171924")
70171924	70171903	10	WCMV	MOVE_PLAYER	src/ac1	expr	derived	no	70171903:8 src/ac1	assert(((sx16(M16[wp(ac3, 0x46)]) + 0x52)) >=s 0, "P58 derived src-ac1 @70171924")
70171935	70171903	13	WCMV	MOVE_PLAYER	dst/ac0	expr	derived	no	70171903:8 src/ac1	assert(((sx16(M16[wp(ac3, 0x46)]) + 0x64)) >=s 0, "P58 derived dst-ac0 @70171935")
70171935	70171903	13	WCMV	MOVE_PLAYER	src/ac1	expr	derived	no	70171903:8 src/ac1	assert(((sx16(M16[wp(ac3, 0x46)]) + 0x64)) >=s 0, "P58 derived src-ac1 @70171935")
701719C5	7017199A	17	WCMV	MOVE_PLAYER	dst/ac0	register	derived	no	7017199A:17 src/ac1	assert((ac0) >=s 0, "P58 derived dst-ac0 @701719C5")
701719C5	7017199A	17	WCMV	MOVE_PLAYER	src/ac1	register	base-class	yes		assert((ac1) >=s 0, "P58 base-class src-ac1 @701719C5")
701719C5	7017199A	23	WCMV	MOVE_PLAYER	dst/ac0	register	unknown	yes		assert((ac0) >=s 0, "P58 unknown dst-ac0 @701719C5")
701719C5	7017199A	23	WCMV	MOVE_PLAYER	src/ac1	register	unknown	yes		assert((ac1) >=s 0, "P58 unknown src-ac1 @701719C5")
701719D6	7017199A	29	WCMV	MOVE_PLAYER	dst/ac0	register	unknown	yes		assert((ac0) >=s 0, "P58 unknown dst-ac0 @701719D6")
701719D6	7017199A	29	WCMV	MOVE_PLAYER	src/ac1	register	unknown	yes		assert((ac1) >=s 0, "P58 unknown src-ac1 @701719D6")
70172844	70172831	7	WCMV	MOVE_PLAYER	dst/ac0	lenload-expr	derived	no	70172831:7 src/ac1	assert((sx16(M16[0x7000021C])) >=s 0, "P58 derived dst-ac0 @70172844")
70172844	70172831	7	WCMV	MOVE_PLAYER	src/ac1	varying	base-class	yes		assert((sx16(M16[0x7000021C])) >=s 0, "P58 base-class src-ac1 @70172844")
7017284F	70172831	9	WCMV	MOVE_PLAYER	dst/ac0	expr	derived	no	70172831:7 src/ac1	assert(((sx16(M16[0x7000021C]) + 1)) >=s 0, "P58 derived dst-ac0 @7017284F")
7017284F	70172831	9	WCMV	MOVE_PLAYER	src/ac1	expr	derived	no	70172831:7 src/ac1	assert(((sx16(M16[0x7000021C]) + 1)) >=s 0, "P58 derived src-ac1 @7017284F")
70172DA8	70172D98	5	WCMP	OBSERVE	s1/ac1	lenload-expr	base-class	yes		assert((sx16(M16[((sx16(M16[wp(ac3, 0xD)]) * 0x33) - 0xFEB0503)])) >=s 0, "P58 base-class s1-ac1 @70172DA8")
70172DED	70172DDE	4	WCMV	OBSERVE	dst/ac0	lenload-expr	invariant	no	length word wp(wfp, 0x12) in [0, 32767] (slot invariant)	assert((sx16(M16[wp(ac3, 0x12)])) >=s 0, "P58 invariant dst-ac0 @70172DED")
70172DED	70172DDE	4	WCMV	OBSERVE	src/ac1	varying	invariant	no	length word wp(wfp, 0x12) in [0, 32767] (slot invariant)	assert((sx16(M16[wp(ac3, 0x12)])) >=s 0, "P58 invariant src-ac1 @70172DED")
70172DF8	70172DDE	6	WCMV	OBSERVE	dst/ac0	lenload-expr	derived	no	70172DDE:6 src/ac1	assert((sx16(M16[((sx16(M16[wp(ac3, 0xD)]) * 0x33) - 0xFEB0503)])) >=s 0, "P58 derived dst-ac0 @70172DF8")
70172DF8	70172DDE	6	WCMV	OBSERVE	src/ac1	lenload-expr	base-class	yes		assert((sx16(M16[((sx16(M16[wp(ac3, 0xD)]) * 0x33) - 0xFEB0503)])) >=s 0, "P58 base-class src-ac1 @70172DF8")
70172E01	70172DDE	8	WCMV	OBSERVE	dst/ac0	wide-expr	derived	no	70172DDE:4 src/ac1 & 70172DDE:6 src/ac1	assert((M32[wp(ac3, 0x80)]) >=s 0, "P58 derived dst-ac0 @70172E01")
70172E01	70172DDE	8	WCMV	OBSERVE	src/ac1	wide-expr	derived	no	70172DDE:4 src/ac1 & 70172DDE:6 src/ac1	assert((M32[wp(ac3, 0x80)]) >=s 0, "P58 derived src-ac1 @70172E01")
70172E0D	70172DDE	12	WCMV	OBSERVE	dst/ac0	wide-expr	derived	no	70172DDE:4 src/ac1 & 70172DDE:6 src/ac1	assert((M32[wp(ac3, 0x62)]) >=s 0, "P58 derived dst-ac0 @70172E0D")
70172E0D	70172DDE	12	WCMV	OBSERVE	src/ac1	wide-expr	derived	no	70172DDE:4 src/ac1 & 70172DDE:6 src/ac1	assert((M32[wp(ac3, 0x62)]) >=s 0, "P58 derived src-ac1 @70172E0D")
70172E18	70172DDE	14	WCMV	OBSERVE	dst/ac0	lenload-expr	derived	no	70172DDE:14 src/ac1	assert((sx16(M16[(M32[wp(ac3, 0x9A)] - 0xFFFF977)])) >=s 0, "P58 derived dst-ac0 @70172E18")
70172E18	70172DDE	14	WCMV	OBSERVE	src/ac1	lenload-expr	base-class	yes		assert((sx16(M16[(M32[wp(ac3, 0x9A)] - 0xFFFF977)])) >=s 0, "P58 base-class src-ac1 @70172E18")
70172E21	70172DDE	16	WCMV	OBSERVE	dst/ac0	wide-expr	derived	no	70172DDE:4 src/ac1 & 70172DDE:6 src/ac1 & 70172DDE:14 src/ac1	assert((M32[wp(ac3, 0x82)]) >=s 0, "P58 derived dst-ac0 @70172E21")
70172E21	70172DDE	16	WCMV	OBSERVE	src/ac1	wide-expr	derived	no	70172DDE:4 src/ac1 & 70172DDE:6 src/ac1 & 70172DDE:14 src/ac1	assert((M32[wp(ac3, 0x82)]) >=s 0, "P58 derived src-ac1 @70172E21")
70172E3A	70172DDE	29	WCMV	OBSERVE	dst/ac0	wide-expr	derived	no	70172DDE:4 src/ac1 & 70172DDE:6 src/ac1 & 70172DDE:14 src/ac1	assert((M32[wp(ac3, 0x84)]) >=s 0, "P58 derived dst-ac0 @70172E3A")
70172E3A	70172DDE	29	WCMV	OBSERVE	src/ac1	wide-expr	derived	no	70172DDE:4 src/ac1 & 70172DDE:6 src/ac1 & 70172DDE:14 src/ac1	assert((M32[wp(ac3, 0x84)]) >=s 0, "P58 derived src-ac1 @70172E3A")
70172E41	70172DDE	31	WCMV	OBSERVE	dst/ac0	lenload-expr	derived	no	70172DDE:31 src/ac1	assert((sx16(M16[wp(ac3, 0x86)])) >=s 0, "P58 derived dst-ac0 @70172E41")
70172E41	70172DDE	31	WCMV	OBSERVE	src/ac1	varying	base-class	yes		assert((sx16(M16[wp(ac3, 0x86)])) >=s 0, "P58 base-class src-ac1 @70172E41")
70172E4E	70172E4E	0	WCMV	OBSERVE	dst/ac0	register	cond	yes		assert((ac0) >=s 0, "P58 cond dst-ac0 @70172E4E")
70172E55	70172E55	0	WCMV	OBSERVE	dst/ac0	register	derived	no	residue chain	assert((ac0) >=s 0, "P58 derived dst-ac0 @70172E55")
70172E55	70172E55	0	WCMV	OBSERVE	src/ac1	register	derived	no	residue chain	assert((ac1) >=s 0, "P58 derived src-ac1 @70172E55")
70172E7A	70172E6A	5	WCMP	OBSERVE	s1/ac1	lenload-expr	base-class	yes		assert((sx16(M16[((sx16(M16[wp(ac3, 0xD)]) * 0x33) - 0xFEAF513)])) >=s 0, "P58 base-class s1-ac1 @70172E7A")
70172EBE	70172EB0	4	WCMV	OBSERVE	dst/ac0	lenload-expr	invariant	no	length word wp(wfp, 0x12) in [0, 32767] (slot invariant)	assert((sx16(M16[wp(ac3, 0x12)])) >=s 0, "P58 invariant dst-ac0 @70172EBE")
70172EBE	70172EB0	4	WCMV	OBSERVE	src/ac1	varying	invariant	no	length word wp(wfp, 0x12) in [0, 32767] (slot invariant)	assert((sx16(M16[wp(ac3, 0x12)])) >=s 0, "P58 invariant src-ac1 @70172EBE")
70172EC9	70172EB0	6	WCMV	OBSERVE	dst/ac0	lenload-expr	derived	no	70172EB0:6 src/ac1	assert((sx16(M16[((sx16(M16[wp(ac3, 0xD)]) * 0x33) - 0xFEAF513)])) >=s 0, "P58 derived dst-ac0 @70172EC9")
70172EC9	70172EB0	6	WCMV	OBSERVE	src/ac1	lenload-expr	base-class	yes		assert((sx16(M16[((sx16(M16[wp(ac3, 0xD)]) * 0x33) - 0xFEAF513)])) >=s 0, "P58 base-class src-ac1 @70172EC9")
70172ED2	70172EB0	8	WCMV	OBSERVE	dst/ac0	wide-expr	derived	no	70172EB0:4 src/ac1 & 70172EB0:6 src/ac1	assert((M32[wp(ac3, 0x80)]) >=s 0, "P58 derived dst-ac0 @70172ED2")
70172ED2	70172EB0	8	WCMV	OBSERVE	src/ac1	wide-expr	derived	no	70172EB0:4 src/ac1 & 70172EB0:6 src/ac1	assert((M32[wp(ac3, 0x80)]) >=s 0, "P58 derived src-ac1 @70172ED2")
70172EDE	70172EB0	12	WCMV	OBSERVE	dst/ac0	wide-expr	derived	no	70172EB0:4 src/ac1 & 70172EB0:6 src/ac1	assert((M32[wp(ac3, 0x82)]) >=s 0, "P58 derived dst-ac0 @70172EDE")
70172EDE	70172EB0	12	WCMV	OBSERVE	src/ac1	wide-expr	derived	no	70172EB0:4 src/ac1 & 70172EB0:6 src/ac1	assert((M32[wp(ac3, 0x82)]) >=s 0, "P58 derived src-ac1 @70172EDE")
70172EE9	70172EB0	18	WCMV	OBSERVE	dst/ac0	register	derived	no	70172EB0:18 src/ac1	assert((ac0) >=s 0, "P58 derived dst-ac0 @70172EE9")
70172EE9	70172EB0	18	WCMV	OBSERVE	src/ac1	register	base-class	yes		assert((ac1) >=s 0, "P58 base-class src-ac1 @70172EE9")
70172EF2	70172EB0	20	WCMV	OBSERVE	dst/ac0	wide-expr	derived	no	70172EB0:4 src/ac1 & 70172EB0:6 src/ac1 & 70172EB0:18 src/ac1	assert((M32[wp(ac3, 0x84)]) >=s 0, "P58 derived dst-ac0 @70172EF2")
70172EF2	70172EB0	20	WCMV	OBSERVE	src/ac1	wide-expr	derived	no	70172EB0:4 src/ac1 & 70172EB0:6 src/ac1 & 70172EB0:18 src/ac1	assert((M32[wp(ac3, 0x84)]) >=s 0, "P58 derived src-ac1 @70172EF2")
70172F0B	70172EB0	33	WCMV	OBSERVE	dst/ac0	wide-expr	derived	no	70172EB0:4 src/ac1 & 70172EB0:6 src/ac1 & 70172EB0:18 src/ac1	assert((M32[wp(ac3, 0x9A)]) >=s 0, "P58 derived dst-ac0 @70172F0B")
70172F0B	70172EB0	33	WCMV	OBSERVE	src/ac1	wide-expr	derived	no	70172EB0:4 src/ac1 & 70172EB0:6 src/ac1 & 70172EB0:18 src/ac1	assert((M32[wp(ac3, 0x9A)]) >=s 0, "P58 derived src-ac1 @70172F0B")
70172F12	70172EB0	35	WCMV	OBSERVE	dst/ac0	lenload-expr	derived	no	70172EB0:35 src/ac1	assert((sx16(M16[wp(ac3, 0x86)])) >=s 0, "P58 derived dst-ac0 @70172F12")
70172F12	70172EB0	35	WCMV	OBSERVE	src/ac1	varying	base-class	yes		assert((sx16(M16[wp(ac3, 0x86)])) >=s 0, "P58 base-class src-ac1 @70172F12")
70172F1F	70172F1F	0	WCMV	OBSERVE	dst/ac0	register	cond	yes		assert((ac0) >=s 0, "P58 cond dst-ac0 @70172F1F")
70172F26	70172F26	0	WCMV	OBSERVE	dst/ac0	register	derived	no	residue chain	assert((ac0) >=s 0, "P58 derived dst-ac0 @70172F26")
70172F26	70172F26	0	WCMV	OBSERVE	src/ac1	register	derived	no	residue chain	assert((ac1) >=s 0, "P58 derived src-ac1 @70172F26")
7017320C	701731FE	4	WCMV	OBSERVE	dst/ac0	lenload-expr	derived	no	701731FE:4 src/ac1	assert((sx16(M16[wp(ac3, 0x12)])) >=s 0, "P58 derived dst-ac0 @7017320C")
7017320C	701731FE	4	WCMV	OBSERVE	src/ac1	varying	base-class	yes		assert((sx16(M16[wp(ac3, 0x12)])) >=s 0, "P58 base-class src-ac1 @7017320C")
7017321B	701731FE	7	WCMV	OBSERVE	dst/ac0	wide-expr	derived	no	701731FE:4 src/ac1	assert((M32[wp(ac3, 0x80)]) >=s 0, "P58 derived dst-ac0 @7017321B")
7017321B	701731FE	7	WCMV	OBSERVE	src/ac1	wide-expr	derived	no	701731FE:4 src/ac1	assert((M32[wp(ac3, 0x80)]) >=s 0, "P58 derived src-ac1 @7017321B")
70173222	701731FE	9	WCMV	OBSERVE	dst/ac0	lenload-expr	derived	no	701731FE:9 src/ac1	assert((sx16(M16[wp(ac3, 0x86)])) >=s 0, "P58 derived dst-ac0 @70173222")
70173222	701731FE	9	WCMV	OBSERVE	src/ac1	varying	base-class	yes		assert((sx16(M16[wp(ac3, 0x86)])) >=s 0, "P58 base-class src-ac1 @70173222")
7017322E	7017322E	0	WCMV	OBSERVE	dst/ac0	register	cond	yes		assert((ac0) >=s 0, "P58 cond dst-ac0 @7017322E")
70173235	70173235	0	WCMV	OBSERVE	dst/ac0	register	derived	no	residue chain	assert((ac0) >=s 0, "P58 derived dst-ac0 @70173235")
70173235	70173235	0	WCMV	OBSERVE	src/ac1	register	derived	no	residue chain	assert((ac1) >=s 0, "P58 derived src-ac1 @70173235")
70173253	70173247	7	WCMV	OBSERVE	dst/ac0	register	invariant	no	join{150 - slot18 with the slot in [0, 150] (invariant) | constant 19}	assert((ac0) >=s 0, "P58 invariant dst-ac0 @70173253")
70173253	70173247	7	WCMV	OBSERVE	src/ac1	register	invariant	no	join{150 - slot18 with the slot in [0, 150] (invariant) | constant 19}	assert((ac1) >=s 0, "P58 invariant src-ac1 @70173253")
70173279	7017326D	7	WCMV	OBSERVE	dst/ac0	register	invariant	no	join{150 - slot18 with the slot in [0, 150] (invariant) | constant 34}	assert((ac0) >=s 0, "P58 invariant dst-ac0 @70173279")
70173279	7017326D	7	WCMV	OBSERVE	src/ac1	register	invariant	no	join{150 - slot18 with the slot in [0, 150] (invariant) | constant 34}	assert((ac1) >=s 0, "P58 invariant src-ac1 @70173279")
701732B0	701732A1	4	WCMV	OBSERVE	dst/ac0	lenload-expr	derived	no	701732A1:4 src/ac1	assert((sx16(M16[wp(ac3, 0x12)])) >=s 0, "P58 derived dst-ac0 @701732B0")
701732B0	701732A1	4	WCMV	OBSERVE	src/ac1	varying	base-class	yes		assert((sx16(M16[wp(ac3, 0x12)])) >=s 0, "P58 base-class src-ac1 @701732B0")
701732BF	701732A1	7	WCMV	OBSERVE	dst/ac0	wide-expr	derived	no	701732A1:4 src/ac1	assert((M32[wp(ac3, 0x60)]) >=s 0, "P58 derived dst-ac0 @701732BF")
701732BF	701732A1	7	WCMV	OBSERVE	src/ac1	wide-expr	derived	no	701732A1:4 src/ac1	assert((M32[wp(ac3, 0x60)]) >=s 0, "P58 derived src-ac1 @701732BF")
701732C6	701732A1	9	WCMV	OBSERVE	dst/ac0	lenload-expr	derived	no	701732A1:9 src/ac1	assert((sx16(M16[wp(ac3, 0x86)])) >=s 0, "P58 derived dst-ac0 @701732C6")
701732C6	701732A1	9	WCMV	OBSERVE	src/ac1	varying	base-class	yes		assert((sx16(M16[wp(ac3, 0x86)])) >=s 0, "P58 base-class src-ac1 @701732C6")
701732D2	701732D2	0	WCMV	OBSERVE	dst/ac0	register	cond	yes		assert((ac0) >=s 0, "P58 cond dst-ac0 @701732D2")
701732D9	701732D9	0	WCMV	OBSERVE	dst/ac0	register	derived	no	residue chain	assert((ac0) >=s 0, "P58 derived dst-ac0 @701732D9")
701732D9	701732D9	0	WCMV	OBSERVE	src/ac1	register	derived	no	residue chain	assert((ac1) >=s 0, "P58 derived src-ac1 @701732D9")
701732E7	701732E0	1	WCMP	OBSERVE	s1/ac1	varying	base-class	yes		assert((sx16(M16[wp(ac3, 0x12)])) >=s 0, "P58 base-class s1-ac1 @701732E7")
701732FE	701732EB	9	WCMV	OBSERVE	dst/ac0	lenload-expr	derived	no	701732EB:9 src/ac1	assert((sx16(M16[wp(ac3, 0x12)])) >=s 0, "P58 derived dst-ac0 @701732FE")
701732FE	701732EB	9	WCMV	OBSERVE	src/ac1	varying	base-class	yes		assert((sx16(M16[wp(ac3, 0x12)])) >=s 0, "P58 base-class src-ac1 @701732FE")
70173307	701732EB	11	WCMV	OBSERVE	dst/ac0	expr	derived	no	701732EB:9 src/ac1	assert(((sx16(M16[wp(ac3, 0x12)]) + 1)) >=s 0, "P58 derived dst-ac0 @70173307")
70173307	701732EB	11	WCMV	OBSERVE	src/ac1	expr	derived	no	701732EB:9 src/ac1	assert(((sx16(M16[wp(ac3, 0x12)]) + 1)) >=s 0, "P58 derived src-ac1 @70173307")
70173315	701732EB	15	WCMV	OBSERVE	dst/ac0	expr	derived	no	701732EB:9 src/ac1	assert(((sx16(M16[wp(ac3, 0x12)]) + 2)) >=s 0, "P58 derived dst-ac0 @70173315")
70173315	701732EB	15	WCMV	OBSERVE	src/ac1	expr	derived	no	701732EB:9 src/ac1	assert(((sx16(M16[wp(ac3, 0x12)]) + 2)) >=s 0, "P58 derived src-ac1 @70173315")
701733BF	701733A6	6	WCMP	OBSERVE.1@70173378	s1/ac1	varying	base-class	yes		assert((sx16(M16[((sx16(M16[wp(ac3, 0xD)]) * 0x13) + M32[0x70000212] + 0x7C2)])) >=s 0, "P58 base-class s1-ac1 @701733BF")
701733BF	701733A6	6	WCMP	OBSERVE.1@70173378	s2/ac0	varying	base-class	yes		assert((sx16(M16[0x7000021C])) >=s 0, "P58 base-class s2-ac0 @701733BF")
70173565	7017354D	9	WCMV	OBSERVE.1@70173378	dst/ac0	lenload-expr	derived	no	7017354D:9 src/ac1	assert((sx16(M16[wp(ac3, 0x86)])) >=s 0, "P58 derived dst-ac0 @70173565")
70173565	7017354D	9	WCMV	OBSERVE.1@70173378	src/ac1	varying	base-class	yes		assert((sx16(M16[wp(ac3, 0x86)])) >=s 0, "P58 base-class src-ac1 @70173565")
7017356E	7017354D	11	WCMV	OBSERVE.1@70173378	dst/ac0	wide-expr	derived	no	7017354D:9 src/ac1	assert((M32[wp(ac3, 0x60)]) >=s 0, "P58 derived dst-ac0 @7017356E")
7017356E	7017354D	11	WCMV	OBSERVE.1@70173378	src/ac1	wide-expr	derived	no	7017354D:9 src/ac1	assert((M32[wp(ac3, 0x60)]) >=s 0, "P58 derived src-ac1 @7017356E")
7017357D	7017354D	14	WCMV	OBSERVE.1@70173378	dst/ac0	wide-expr	derived	no	7017354D:9 src/ac1	assert((M32[wp(ac3, 0x7E)]) >=s 0, "P58 derived dst-ac0 @7017357D")
7017357D	7017354D	14	WCMV	OBSERVE.1@70173378	src/ac1	wide-expr	derived	no	7017354D:9 src/ac1	assert((M32[wp(ac3, 0x7E)]) >=s 0, "P58 derived src-ac1 @7017357D")
70173584	7017354D	16	WCMV	OBSERVE.1@70173378	dst/ac0	lenload-expr	derived	no	7017354D:16 src/ac1	assert((sx16(M16[wp(ac3, 0x62)])) >=s 0, "P58 derived dst-ac0 @70173584")
70173584	7017354D	16	WCMV	OBSERVE.1@70173378	src/ac1	varying	base-class	yes		assert((sx16(M16[wp(ac3, 0x62)])) >=s 0, "P58 base-class src-ac1 @70173584")
7017358D	7017354D	18	WCMV	OBSERVE.1@70173378	dst/ac0	expr	derived	no	7017354D:16 src/ac1 & 7017354D:9 src/ac1	assert(((sx16(M16[wp(ac3, 0x62)]) + sx16(M16[wp(ac3, 0x86)]) + 0x2A)) >=s 0, "P58 derived dst-ac0 @7017358D")
7017358D	7017354D	18	WCMV	OBSERVE.1@70173378	src/ac1	expr	derived	no	7017354D:16 src/ac1 & 7017354D:9 src/ac1	assert(((sx16(M16[wp(ac3, 0x62)]) + sx16(M16[wp(ac3, 0x86)]) + 0x2A)) >=s 0, "P58 derived src-ac1 @7017358D")
7017359E	7017354D	21	WCMV	OBSERVE.1@70173378	dst/ac0	expr	derived	no	7017354D:16 src/ac1 & 7017354D:9 src/ac1	assert(((sx16(M16[wp(ac3, 0x62)]) + sx16(M16[wp(ac3, 0x86)]) + 0x3E)) >=s 0, "P58 derived dst-ac0 @7017359E")
7017359E	7017354D	21	WCMV	OBSERVE.1@70173378	src/ac1	expr	derived	no	7017354D:16 src/ac1 & 7017354D:9 src/ac1	assert(((sx16(M16[wp(ac3, 0x62)]) + sx16(M16[wp(ac3, 0x86)]) + 0x3E)) >=s 0, "P58 derived src-ac1 @7017359E")
7017390D	701738F5	6	WCMP	OP_EDIT.1@701738CF	s1/ac1	varying	base-class	yes		assert((sx16(M16[0x7000021C])) >=s 0, "P58 base-class s1-ac1 @7017390D")
7017390D	701738F5	6	WCMP	OP_EDIT.1@701738CF	s2/ac0	varying	base-class	yes		assert((sx16(M16[((sx16(M16[wp(ac3, 0x11)]) * 0x14) + M32[0x70000212] - 0xF)])) >=s 0, "P58 base-class s2-ac0 @7017390D")
70173B29	70173B05	18	WCMV	OP_EDIT.2@7017395B	dst/ac0	lenload-expr	derived	no	70173B05:18 src/ac1	assert((sx16(M16[((sx16(M16[wp(ac3, 0x11)]) * 0x14) + M32[0x70000212] - 0xF)])) >=s 0, "P58 derived dst-ac0 @70173B29")
70173B29	70173B05	18	WCMV	OP_EDIT.2@7017395B	src/ac1	varying	base-class	yes		assert((sx16(M16[((sx16(M16[wp(ac3, 0x11)]) * 0x14) + M32[0x70000212] - 0xF)])) >=s 0, "P58 base-class src-ac1 @70173B29")
70173B34	70173B05	20	WCMV	OP_EDIT.2@7017395B	dst/ac0	expr	derived	no	70173B05:18 src/ac1	assert(((sx16(M16[((sx16(M16[wp(ac3, 0x11)]) * 0x14) + M32[0x70000212] - 0xF)]) + 1)) >=s 0, "P58 derived dst-ac0 @70173B34")
70173B34	70173B05	20	WCMV	OP_EDIT.2@7017395B	src/ac1	expr	derived	no	70173B05:18 src/ac1	assert(((sx16(M16[((sx16(M16[wp(ac3, 0x11)]) * 0x14) + M32[0x70000212] - 0xF)]) + 1)) >=s 0, "P58 derived src-ac1 @70173B34")
70173BD7	70173BC7	7	WCMV	OP_EDIT.2@7017395B	dst/ac0	lenload-expr	derived	no	70173BC7:7 src/ac1	assert((sx16(M16[wp(ac3, 0x46)])) >=s 0, "P58 derived dst-ac0 @70173BD7")
70173BD7	70173BC7	7	WCMV	OP_EDIT.2@7017395B	src/ac1	varying	base-class	yes		assert((sx16(M16[wp(ac3, 0x46)])) >=s 0, "P58 base-class src-ac1 @70173BD7")
70173BE0	70173BC7	9	WCMV	OP_EDIT.2@7017395B	dst/ac0	wide-expr	derived	no	70173BC7:7 src/ac1	assert((M32[wp(ac3, 0x22)]) >=s 0, "P58 derived dst-ac0 @70173BE0")
70173BE0	70173BC7	9	WCMV	OP_EDIT.2@7017395B	src/ac1	wide-expr	derived	no	70173BC7:7 src/ac1	assert((M32[wp(ac3, 0x22)]) >=s 0, "P58 derived src-ac1 @70173BE0")
70173BEC	70173BC7	13	WCMV	OP_EDIT.2@7017395B	dst/ac0	wide-expr	cond	yes		assert((M32[wp(ac3, 0x28)]) >=s 0, "P58 cond dst-ac0 @70173BEC")
70173BEC	70173BC7	13	WCMV	OP_EDIT.2@7017395B	src/ac1	wide-expr	cond	yes		assert((M32[wp(ac3, 0x28)]) >=s 0, "P58 cond src-ac1 @70173BEC")
70173BF3	70173BC7	15	WCMV	OP_EDIT.2@7017395B	dst/ac0	lenload-expr	derived	no	70173BC7:15 src/ac1	assert((sx16(M16[wp(ac3, 0x62)])) >=s 0, "P58 derived dst-ac0 @70173BF3")
70173BF3	70173BC7	15	WCMV	OP_EDIT.2@7017395B	src/ac1	varying	base-class	yes		assert((sx16(M16[wp(ac3, 0x62)])) >=s 0, "P58 base-class src-ac1 @70173BF3")
70173BFC	70173BC7	17	WCMV	OP_EDIT.2@7017395B	dst/ac0	wide-expr	cond	yes		assert((M32[wp(ac3, 0x24)]) >=s 0, "P58 cond dst-ac0 @70173BFC")
70173BFC	70173BC7	17	WCMV	OP_EDIT.2@7017395B	src/ac1	wide-expr	cond	yes		assert((M32[wp(ac3, 0x24)]) >=s 0, "P58 cond src-ac1 @70173BFC")
70173C0B	70173BC7	20	WCMV	OP_EDIT.2@7017395B	dst/ac0	wide-expr	cond	yes		assert((M32[wp(ac3, 0x36)]) >=s 0, "P58 cond dst-ac0 @70173C0B")
70173C0B	70173BC7	20	WCMV	OP_EDIT.2@7017395B	src/ac1	wide-expr	cond	yes		assert((M32[wp(ac3, 0x36)]) >=s 0, "P58 cond src-ac1 @70173C0B")
70173C12	70173BC7	22	WCMV	OP_EDIT.2@7017395B	dst/ac0	lenload-expr	derived	no	70173BC7:22 src/ac1	assert((sx16(M16[wp(ac3, 0x74)])) >=s 0, "P58 derived dst-ac0 @70173C12")
70173C12	70173BC7	22	WCMV	OP_EDIT.2@7017395B	src/ac1	varying	base-class	yes		assert((sx16(M16[wp(ac3, 0x74)])) >=s 0, "P58 base-class src-ac1 @70173C12")
70173C1B	70173BC7	24	WCMV	OP_EDIT.2@7017395B	dst/ac0	wide-expr	cond	yes		assert((M32[wp(ac3, 0x26)]) >=s 0, "P58 cond dst-ac0 @70173C1B")
70173C1B	70173BC7	24	WCMV	OP_EDIT.2@7017395B	src/ac1	wide-expr	cond	yes		assert((M32[wp(ac3, 0x26)]) >=s 0, "P58 cond src-ac1 @70173C1B")
70173C27	70173BC7	28	WCMV	OP_EDIT.2@7017395B	dst/ac0	wide-expr	unknown	yes		assert((M32[wp(ac3, 0x9A)]) >=s 0, "P58 unknown dst-ac0 @70173C27")
70173C27	70173BC7	28	WCMV	OP_EDIT.2@7017395B	src/ac1	wide-expr	unknown	yes		assert((M32[wp(ac3, 0x9A)]) >=s 0, "P58 unknown src-ac1 @70173C27")
70173C2E	70173BC7	30	WCMV	OP_EDIT.2@7017395B	dst/ac0	lenload-expr	derived	no	70173BC7:30 src/ac1	assert((sx16(M16[wp(ac3, 0x88)])) >=s 0, "P58 derived dst-ac0 @70173C2E")
70173C2E	70173BC7	30	WCMV	OP_EDIT.2@7017395B	src/ac1	varying	base-class	yes		assert((sx16(M16[wp(ac3, 0x88)])) >=s 0, "P58 base-class src-ac1 @70173C2E")
70173C39	70173BC7	35	WCMV	OP_EDIT.2@7017395B	dst/ac0	register	unknown	yes		assert((ac0) >=s 0, "P58 unknown dst-ac0 @70173C39")
70173C39	70173BC7	35	WCMV	OP_EDIT.2@7017395B	src/ac1	register	unknown	yes		assert((ac1) >=s 0, "P58 unknown src-ac1 @70173C39")
70173C83	70173C5F	18	WCMV	OP_EDIT.2@7017395B	dst/ac0	lenload-expr	derived	no	70173C5F:18 src/ac1	assert((sx16(M16[((sx16(M16[wp(ac3, 0x11)]) * 0x13) + M32[0x70000212] + 0x7C2)])) >=s 0, "P58 derived dst-ac0 @70173C83")
70173C83	70173C5F	18	WCMV	OP_EDIT.2@7017395B	src/ac1	varying	base-class	yes		assert((sx16(M16[((sx16(M16[wp(ac3, 0x11)]) * 0x13) + M32[0x70000212] + 0x7C2)])) >=s 0, "P58 base-class src-ac1 @70173C83")
70173C8E	70173C5F	20	WCMV	OP_EDIT.2@7017395B	dst/ac0	expr	derived	no	70173C5F:18 src/ac1	assert(((sx16(M16[((sx16(M16[wp(ac3, 0x11)]) * 0x13) + M32[0x70000212] + 0x7C2)]) + 1)) >=s 0, "P58 derived dst-ac0 @70173C8E")
70173C8E	70173C5F	20	WCMV	OP_EDIT.2@7017395B	src/ac1	expr	derived	no	70173C5F:18 src/ac1	assert(((sx16(M16[((sx16(M16[wp(ac3, 0x11)]) * 0x13) + M32[0x70000212] + 0x7C2)]) + 1)) >=s 0, "P58 derived src-ac1 @70173C8E")
70173D12	70173D02	7	WCMV	OP_EDIT.2@7017395B	dst/ac0	lenload-expr	derived	no	70173D02:7 src/ac1	assert((sx16(M16[wp(ac3, 0x62)])) >=s 0, "P58 derived dst-ac0 @70173D12")
70173D12	70173D02	7	WCMV	OP_EDIT.2@7017395B	src/ac1	varying	base-class	yes		assert((sx16(M16[wp(ac3, 0x62)])) >=s 0, "P58 base-class src-ac1 @70173D12")
70173D1B	70173D02	9	WCMV	OP_EDIT.2@7017395B	dst/ac0	wide-expr	derived	no	70173D02:7 src/ac1	assert((M32[wp(ac3, 0x22)]) >=s 0, "P58 derived dst-ac0 @70173D1B")
70173D1B	70173D02	9	WCMV	OP_EDIT.2@7017395B	src/ac1	wide-expr	derived	no	70173D02:7 src/ac1	assert((M32[wp(ac3, 0x22)]) >=s 0, "P58 derived src-ac1 @70173D1B")
70173D27	70173D02	13	WCMV	OP_EDIT.2@7017395B	dst/ac0	wide-expr	unknown	yes		assert((M32[wp(ac3, 0x86)]) >=s 0, "P58 unknown dst-ac0 @70173D27")
70173D27	70173D02	13	WCMV	OP_EDIT.2@7017395B	src/ac1	wide-expr	unknown	yes		assert((M32[wp(ac3, 0x86)]) >=s 0, "P58 unknown src-ac1 @70173D27")
70173D2E	70173D02	15	WCMV	OP_EDIT.2@7017395B	dst/ac0	lenload-expr	derived	no	70173D02:15 src/ac1	assert((sx16(M16[wp(ac3, 0x74)])) >=s 0, "P58 derived dst-ac0 @70173D2E")
70173D2E	70173D02	15	WCMV	OP_EDIT.2@7017395B	src/ac1	varying	base-class	yes		assert((sx16(M16[wp(ac3, 0x74)])) >=s 0, "P58 base-class src-ac1 @70173D2E")
70173D37	70173D02	17	WCMV	OP_EDIT.2@7017395B	dst/ac0	wide-expr	cond	yes		assert((M32[wp(ac3, 0x24)]) >=s 0, "P58 cond dst-ac0 @70173D37")
70173D37	70173D02	17	WCMV	OP_EDIT.2@7017395B	src/ac1	wide-expr	cond	yes		assert((M32[wp(ac3, 0x24)]) >=s 0, "P58 cond src-ac1 @70173D37")
70173D46	70173D02	20	WCMV	OP_EDIT.2@7017395B	dst/ac0	wide-expr	unknown	yes		assert((M32[wp(ac3, 0x9A)]) >=s 0, "P58 unknown dst-ac0 @70173D46")
70173D46	70173D02	20	WCMV	OP_EDIT.2@7017395B	src/ac1	wide-expr	unknown	yes		assert((M32[wp(ac3, 0x9A)]) >=s 0, "P58 unknown src-ac1 @70173D46")
70173D4D	70173D02	22	WCMV	OP_EDIT.2@7017395B	dst/ac0	lenload-expr	derived	no	70173D02:22 src/ac1	assert((sx16(M16[wp(ac3, 0x88)])) >=s 0, "P58 derived dst-ac0 @70173D4D")
70173D4D	70173D02	22	WCMV	OP_EDIT.2@7017395B	src/ac1	varying	base-class	yes		assert((sx16(M16[wp(ac3, 0x88)])) >=s 0, "P58 base-class src-ac1 @70173D4D")
70173D58	70173D02	27	WCMV	OP_EDIT.2@7017395B	dst/ac0	register	cond	yes		assert((ac0) >=s 0, "P58 cond dst-ac0 @70173D58")
70173D58	70173D02	27	WCMV	OP_EDIT.2@7017395B	src/ac1	register	cond	yes		assert((ac1) >=s 0, "P58 cond src-ac1 @70173D58")
70173EE6	70173ECE	6	WCMP	OP_EDIT.3@70173DE4	s1/ac1	varying	base-class	yes		assert((sx16(M16[0x7000021C])) >=s 0, "P58 base-class s1-ac1 @70173EE6")
70173EE6	70173ECE	6	WCMP	OP_EDIT.3@70173DE4	s2/ac0	varying	base-class	yes		assert((sx16(M16[((sx16(M16[wp(ac3, 0x11)]) * 0x14) + M32[0x70000212] - 0xF)])) >=s 0, "P58 base-class s2-ac0 @70173EE6")
70173FCE	70173FB6	6	WCMP	OP_EDIT.3@70173DE4	s1/ac1	varying	base-class	yes		assert((sx16(M16[0x7000021C])) >=s 0, "P58 base-class s1-ac1 @70173FCE")
70173FCE	70173FB6	6	WCMP	OP_EDIT.3@70173DE4	s2/ac0	varying	base-class	yes		assert((sx16(M16[((sx16(M16[wp(ac3, 0x11)]) * 0x13) + M32[0x70000212] + 0x7C2)])) >=s 0, "P58 base-class s2-ac0 @70173FCE")
7017407C	70174069	6	WCMV	OP_EDIT.3@70173DE4	dst/ac0	lenload-expr	derived	no	70174069:6 src/ac1	assert((sx16(M16[wp(ac3, 0x62)])) >=s 0, "P58 derived dst-ac0 @7017407C")
7017407C	70174069	6	WCMV	OP_EDIT.3@70173DE4	src/ac1	varying	base-class	yes		assert((sx16(M16[wp(ac3, 0x62)])) >=s 0, "P58 base-class src-ac1 @7017407C")
70174085	70174069	8	WCMV	OP_EDIT.3@70173DE4	dst/ac0	wide-expr	derived	no	70174069:6 src/ac1	assert((M32[wp(ac3, 0x20)]) >=s 0, "P58 derived dst-ac0 @70174085")
70174085	70174069	8	WCMV	OP_EDIT.3@70173DE4	src/ac1	wide-expr	derived	no	70174069:6 src/ac1	assert((M32[wp(ac3, 0x20)]) >=s 0, "P58 derived src-ac1 @70174085")
70174094	70174069	11	WCMV	OP_EDIT.3@70173DE4	dst/ac0	wide-expr	derived	no	70174069:6 src/ac1	assert((M32[wp(ac3, 0x24)]) >=s 0, "P58 derived dst-ac0 @70174094")
70174094	70174069	11	WCMV	OP_EDIT.3@70173DE4	src/ac1	wide-expr	derived	no	70174069:6 src/ac1	assert((M32[wp(ac3, 0x24)]) >=s 0, "P58 derived src-ac1 @70174094")
7017409B	70174069	13	WCMV	OP_EDIT.3@70173DE4	dst/ac0	lenload-expr	derived	no	70174069:13 src/ac1	assert((sx16(M16[wp(ac3, 0x74)])) >=s 0, "P58 derived dst-ac0 @7017409B")
7017409B	70174069	13	WCMV	OP_EDIT.3@70173DE4	src/ac1	varying	base-class	yes		assert((sx16(M16[wp(ac3, 0x74)])) >=s 0, "P58 base-class src-ac1 @7017409B")
701740A6	70174069	18	WCMV	OP_EDIT.3@70173DE4	dst/ac0	register	derived	no	70174069:6 src/ac1 & 70174069:13 src/ac1	assert((ac0) >=s 0, "P58 derived dst-ac0 @701740A6")
701740A6	70174069	18	WCMV	OP_EDIT.3@70173DE4	src/ac1	register	derived	no	70174069:6 src/ac1 & 70174069:13 src/ac1	assert((ac1) >=s 0, "P58 derived src-ac1 @701740A6")
701740FC	701740E9	7	WCMV	OP_EDIT.3@70173DE4	dst/ac0	lenload-expr	derived	no	701740E9:7 src/ac1	assert((sx16(M16[0x7000021C])) >=s 0, "P58 derived dst-ac0 @701740FC")
701740FC	701740E9	7	WCMV	OP_EDIT.3@70173DE4	src/ac1	varying	base-class	yes		assert((sx16(M16[0x7000021C])) >=s 0, "P58 base-class src-ac1 @701740FC")
70174107	701740E9	9	WCMV	OP_EDIT.3@70173DE4	dst/ac0	expr	derived	no	701740E9:7 src/ac1	assert(((sx16(M16[0x7000021C]) + 1)) >=s 0, "P58 derived dst-ac0 @70174107")
70174107	701740E9	9	WCMV	OP_EDIT.3@70173DE4	src/ac1	expr	derived	no	701740E9:7 src/ac1	assert(((sx16(M16[0x7000021C]) + 1)) >=s 0, "P58 derived src-ac1 @70174107")
7017426E	70174265	0	WCMV	OP_EDIT.3@70173DE4	src/ac1	varying	base-class	yes		assert((sx16(M16[0x7000021C])) >=s 0, "P58 base-class src-ac1 @7017426E")
701744EC	701744E1	0	WCMV	OP_EDIT.3@70173DE4	src/ac1	varying	base-class	yes		assert((sx16(M16[0x7000021C])) >=s 0, "P58 base-class src-ac1 @701744EC")
70174621	701745F6	22	WCMV	OP_EDIT.3@70173DE4	dst/ac0	register	derived	no	701745F6:22 src/ac1	assert((ac0) >=s 0, "P58 derived dst-ac0 @70174621")
70174621	701745F6	22	WCMV	OP_EDIT.3@70173DE4	src/ac1	register	base-class	yes		assert((ac1) >=s 0, "P58 base-class src-ac1 @70174621")
7017462C	701745F6	27	WCMV	OP_EDIT.3@70173DE4	dst/ac0	register	derived	no	701745F6:22 src/ac1	assert((ac0) >=s 0, "P58 derived dst-ac0 @7017462C")
7017462C	701745F6	27	WCMV	OP_EDIT.3@70173DE4	src/ac1	register	derived	no	701745F6:22 src/ac1	assert((ac1) >=s 0, "P58 derived src-ac1 @7017462C")
7017469C	70174670	22	WCMV	OP_EDIT.3@70173DE4	dst/ac0	register	derived	no	70174670:22 src/ac1	assert((ac0) >=s 0, "P58 derived dst-ac0 @7017469C")
7017469C	70174670	22	WCMV	OP_EDIT.3@70173DE4	src/ac1	register	base-class	yes		assert((ac1) >=s 0, "P58 base-class src-ac1 @7017469C")
701746A7	70174670	27	WCMV	OP_EDIT.3@70173DE4	dst/ac0	register	derived	no	70174670:22 src/ac1	assert((ac0) >=s 0, "P58 derived dst-ac0 @701746A7")
701746A7	70174670	27	WCMV	OP_EDIT.3@70173DE4	src/ac1	register	derived	no	70174670:22 src/ac1	assert((ac1) >=s 0, "P58 derived src-ac1 @701746A7")
70174710	701746E7	22	WCMV	OP_EDIT.3@70173DE4	dst/ac0	register	derived	no	701746E7:22 src/ac1	assert((ac0) >=s 0, "P58 derived dst-ac0 @70174710")
70174710	701746E7	22	WCMV	OP_EDIT.3@70173DE4	src/ac1	register	base-class	yes		assert((ac1) >=s 0, "P58 base-class src-ac1 @70174710")
7017471B	701746E7	27	WCMV	OP_EDIT.3@70173DE4	dst/ac0	register	derived	no	701746E7:22 src/ac1	assert((ac0) >=s 0, "P58 derived dst-ac0 @7017471B")
7017471B	701746E7	27	WCMV	OP_EDIT.3@70173DE4	src/ac1	register	derived	no	701746E7:22 src/ac1	assert((ac1) >=s 0, "P58 derived src-ac1 @7017471B")
701748C5	701748A6	12	WCMV	OP_EDIT.3@70173DE4	dst/ac0	lenload-expr	derived	no	701748A6:12 src/ac1	assert((sx16(M16[wp(ac3, 0x62)])) >=s 0, "P58 derived dst-ac0 @701748C5")
701748C5	701748A6	12	WCMV	OP_EDIT.3@70173DE4	src/ac1	varying	base-class	yes		assert((sx16(M16[wp(ac3, 0x62)])) >=s 0, "P58 base-class src-ac1 @701748C5")
701748CE	701748A6	14	WCMV	OP_EDIT.3@70173DE4	dst/ac0	wide-expr	derived	no	701748A6:12 src/ac1	assert((M32[wp(ac3, 0x20)]) >=s 0, "P58 derived dst-ac0 @701748CE")
701748CE	701748A6	14	WCMV	OP_EDIT.3@70173DE4	src/ac1	wide-expr	derived	no	701748A6:12 src/ac1	assert((M32[wp(ac3, 0x20)]) >=s 0, "P58 derived src-ac1 @701748CE")
701748DD	701748A6	17	WCMV	OP_EDIT.3@70173DE4	dst/ac0	wide-expr	derived	no	701748A6:12 src/ac1	assert((M32[wp(ac3, 0x24)]) >=s 0, "P58 derived dst-ac0 @701748DD")
701748DD	701748A6	17	WCMV	OP_EDIT.3@70173DE4	src/ac1	wide-expr	derived	no	701748A6:12 src/ac1	assert((M32[wp(ac3, 0x24)]) >=s 0, "P58 derived src-ac1 @701748DD")
701748E4	701748A6	19	WCMV	OP_EDIT.3@70173DE4	dst/ac0	lenload-expr	derived	no	701748A6:19 src/ac1	assert((sx16(M16[wp(ac3, 0x74)])) >=s 0, "P58 derived dst-ac0 @701748E4")
701748E4	701748A6	19	WCMV	OP_EDIT.3@70173DE4	src/ac1	varying	base-class	yes		assert((sx16(M16[wp(ac3, 0x74)])) >=s 0, "P58 base-class src-ac1 @701748E4")
70174903	701748A6	25	WCMV	OP_EDIT.3@70173DE4	dst/ac0	register	derived	no	701748A6:12 src/ac1 & 701748A6:19 src/ac1	assert((ac0) >=s 0, "P58 derived dst-ac0 @70174903")
70174903	701748A6	25	WCMV	OP_EDIT.3@70173DE4	src/ac1	register	derived	no	701748A6:12 src/ac1 & 701748A6:19 src/ac1	assert((ac1) >=s 0, "P58 derived src-ac1 @70174903")
70174903	701748A6	35	WCMV	OP_EDIT.3@70173DE4	dst/ac0	register	unknown	yes		assert((ac0) >=s 0, "P58 unknown dst-ac0 @70174903")
70174903	701748A6	35	WCMV	OP_EDIT.3@70173DE4	src/ac1	register	unknown	yes		assert((ac1) >=s 0, "P58 unknown src-ac1 @70174903")
7017490F	701748A6	40	WCMV	OP_EDIT.3@70173DE4	dst/ac0	lenload-expr	derived	no	701748A6:40 src/ac1	assert((sx16(M16[((sx16(M16[(M32[0x70000212] + 0xDE890)]) * 0x17) + M32[0x70000214] - 0x11)])) >=s 0, "P58 derived dst-ac0 @7017490F")
7017490F	701748A6	40	WCMV	OP_EDIT.3@70173DE4	src/ac1	varying	base-class	yes		assert((sx16(M16[((sx16(M16[(M32[0x70000212] + 0xDE890)]) * 0x17) + M32[0x70000214] - 0x11)])) >=s 0, "P58 base-class src-ac1 @7017490F")
7017491A	701748A6	45	WCMV	OP_EDIT.3@70173DE4	dst/ac0	register	derived	no	701748A6:12 src/ac1 & 701748A6:19 src/ac1 & 701748A6:40 src/ac1	assert((ac0) >=s 0, "P58 derived dst-ac0 @7017491A")
7017491A	701748A6	45	WCMV	OP_EDIT.3@70173DE4	src/ac1	register	derived	no	701748A6:12 src/ac1 & 701748A6:19 src/ac1 & 701748A6:40 src/ac1	assert((ac1) >=s 0, "P58 derived src-ac1 @7017491A")
701749FC	701749F3	0	WCMV	OP_EDIT.3@70173DE4	src/ac1	varying	base-class	yes		assert((sx16(M16[0x7000021C])) >=s 0, "P58 base-class src-ac1 @701749FC")
701756BA	70175694	21	WCMV	OP_EDIT.4@70175672	dst/ac0	lenload-expr	derived	no	70175694:21 src/ac1	assert((sx16(M16[M32[wp(ac3, -0xC)]])) >=s 0, "P58 derived dst-ac0 @701756BA")
701756BA	70175694	21	WCMV	OP_EDIT.4@70175672	src/ac1	varying	base-class	yes		assert((sx16(M16[M32[wp(ac3, -0xC)]])) >=s 0, "P58 base-class src-ac1 @701756BA")
701756CE	70175694	36	WCMV	OP_EDIT.4@70175672	dst/ac0	register	derived	no	70175694:21 src/ac1	assert((ac0) >=s 0, "P58 derived dst-ac0 @701756CE")
701756CE	70175694	36	WCMV	OP_EDIT.4@70175672	src/ac1	register	derived	no	70175694:21 src/ac1	assert((ac1) >=s 0, "P58 derived src-ac1 @701756CE")
701756E8	70175694	52	WCMV	OP_EDIT.4@70175672	dst/ac0	register	derived	no	70175694:21 src/ac1	assert((ac0) >=s 0, "P58 derived dst-ac0 @701756E8")
701756E8	70175694	52	WCMV	OP_EDIT.4@70175672	src/ac1	register	derived	no	70175694:21 src/ac1	assert((ac1) >=s 0, "P58 derived src-ac1 @701756E8")
701756EF	70175694	54	WCMV	OP_EDIT.4@70175672	dst/ac0	lenload-expr	derived	no	70175694:54 src/ac1	assert((sx16(M16[wp(ac3, 0xC)])) >=s 0, "P58 derived dst-ac0 @701756EF")
701756EF	70175694	54	WCMV	OP_EDIT.4@70175672	src/ac1	varying	base-class	yes		assert((sx16(M16[wp(ac3, 0xC)])) >=s 0, "P58 base-class src-ac1 @701756EF")
70175703	70175694	69	WCMV	OP_EDIT.4@70175672	dst/ac0	register	derived	no	70175694:21 src/ac1 & 70175694:54 src/ac1	assert((ac0) >=s 0, "P58 derived dst-ac0 @70175703")
70175703	70175694	69	WCMV	OP_EDIT.4@70175672	src/ac1	register	derived	no	70175694:21 src/ac1 & 70175694:54 src/ac1	assert((ac1) >=s 0, "P58 derived src-ac1 @70175703")
70175725	7017571C	5	WCMV	OP_EDIT.4@70175672	dst/ac0	register	cond	yes		assert((ac0) >=s 0, "P58 cond dst-ac0 @70175725")
70175725	7017571C	5	WCMV	OP_EDIT.4@70175672	src/ac1	register	cond	yes		assert((ac1) >=s 0, "P58 cond src-ac1 @70175725")
701757E3	701757C5	16	WCMV	OP_EDIT.6@701757A8	dst/ac0	lenload-expr	derived	no	701757C5:16 src/ac1	assert((sx16(M16[M32[wp(ac3, -0xC)]])) >=s 0, "P58 derived dst-ac0 @701757E3")
701757E3	701757C5	16	WCMV	OP_EDIT.6@701757A8	src/ac1	varying	base-class	yes		assert((sx16(M16[M32[wp(ac3, -0xC)]])) >=s 0, "P58 base-class src-ac1 @701757E3")
701757F7	701757C5	31	WCMV	OP_EDIT.6@701757A8	dst/ac0	register	derived	no	701757C5:16 src/ac1	assert((ac0) >=s 0, "P58 derived dst-ac0 @701757F7")
701757F7	701757C5	31	WCMV	OP_EDIT.6@701757A8	src/ac1	register	derived	no	701757C5:16 src/ac1	assert((ac1) >=s 0, "P58 derived src-ac1 @701757F7")
70175811	701757C5	47	WCMV	OP_EDIT.6@701757A8	dst/ac0	register	derived	no	701757C5:16 src/ac1	assert((ac0) >=s 0, "P58 derived dst-ac0 @70175811")
70175811	701757C5	47	WCMV	OP_EDIT.6@701757A8	src/ac1	register	derived	no	701757C5:16 src/ac1	assert((ac1) >=s 0, "P58 derived src-ac1 @70175811")
70175818	701757C5	49	WCMV	OP_EDIT.6@701757A8	dst/ac0	lenload-expr	derived	no	701757C5:49 src/ac1	assert((sx16(M16[wp(ac3, 0xE)])) >=s 0, "P58 derived dst-ac0 @70175818")
70175818	701757C5	49	WCMV	OP_EDIT.6@701757A8	src/ac1	varying	base-class	yes		assert((sx16(M16[wp(ac3, 0xE)])) >=s 0, "P58 base-class src-ac1 @70175818")
7017582C	701757C5	64	WCMV	OP_EDIT.6@701757A8	dst/ac0	register	derived	no	701757C5:16 src/ac1 & 701757C5:49 src/ac1	assert((ac0) >=s 0, "P58 derived dst-ac0 @7017582C")
7017582C	701757C5	64	WCMV	OP_EDIT.6@701757A8	src/ac1	register	derived	no	701757C5:16 src/ac1 & 701757C5:49 src/ac1	assert((ac1) >=s 0, "P58 derived src-ac1 @7017582C")
7017584E	70175845	5	WCMV	OP_EDIT.6@701757A8	dst/ac0	register	cond	yes		assert((ac0) >=s 0, "P58 cond dst-ac0 @7017584E")
7017584E	70175845	5	WCMV	OP_EDIT.6@701757A8	src/ac1	register	cond	yes		assert((ac1) >=s 0, "P58 cond src-ac1 @7017584E")
701758C6	701758A0	21	WCMV	OP_EDIT.8@70175897	dst/ac0	lenload-expr	derived	no	701758A0:21 src/ac1	assert((sx16(M16[M32[wp(ac3, -0xC)]])) >=s 0, "P58 derived dst-ac0 @701758C6")
701758C6	701758A0	21	WCMV	OP_EDIT.8@70175897	src/ac1	varying	base-class	yes		assert((sx16(M16[M32[wp(ac3, -0xC)]])) >=s 0, "P58 base-class src-ac1 @701758C6")
701758DA	701758A0	36	WCMV	OP_EDIT.8@70175897	dst/ac0	register	derived	no	701758A0:21 src/ac1	assert((ac0) >=s 0, "P58 derived dst-ac0 @701758DA")
701758DA	701758A0	36	WCMV	OP_EDIT.8@70175897	src/ac1	register	derived	no	701758A0:21 src/ac1	assert((ac1) >=s 0, "P58 derived src-ac1 @701758DA")
701758F4	701758A0	52	WCMV	OP_EDIT.8@70175897	dst/ac0	register	derived	no	701758A0:21 src/ac1	assert((ac0) >=s 0, "P58 derived dst-ac0 @701758F4")
701758F4	701758A0	52	WCMV	OP_EDIT.8@70175897	src/ac1	register	derived	no	701758A0:21 src/ac1	assert((ac1) >=s 0, "P58 derived src-ac1 @701758F4")
701758FD	701758A0	54	WCMV	OP_EDIT.8@70175897	dst/ac0	lenload-expr	derived	no	701758A0:54 src/ac1	assert((sx16(M16[M32[wp(ac3, -0xE)]])) >=s 0, "P58 derived dst-ac0 @701758FD")
701758FD	701758A0	54	WCMV	OP_EDIT.8@70175897	src/ac1	varying	base-class	yes		assert((sx16(M16[M32[wp(ac3, -0xE)]])) >=s 0, "P58 base-class src-ac1 @701758FD")
70175911	701758A0	69	WCMV	OP_EDIT.8@70175897	dst/ac0	register	derived	no	701758A0:21 src/ac1 & 701758A0:54 src/ac1	assert((ac0) >=s 0, "P58 derived dst-ac0 @70175911")
70175911	701758A0	69	WCMV	OP_EDIT.8@70175897	src/ac1	register	derived	no	701758A0:21 src/ac1 & 701758A0:54 src/ac1	assert((ac1) >=s 0, "P58 derived src-ac1 @70175911")
70175933	7017592A	5	WCMV	OP_EDIT.8@70175897	dst/ac0	register	cond	yes		assert((ac0) >=s 0, "P58 cond dst-ac0 @70175933")
70175933	7017592A	5	WCMV	OP_EDIT.8@70175897	src/ac1	register	cond	yes		assert((ac1) >=s 0, "P58 cond src-ac1 @70175933")
7017597B	70175972	1	WCMV	OP_EDIT.9@7017595A	dst/ac0	register	unknown	yes		assert((ac0) >=s 0, "P58 unknown dst-ac0 @7017597B")
7017597B	70175972	1	WCMV	OP_EDIT.9@7017595A	src/ac1	varying	guard	no		assert((sx16(M16[0x7000021C])) >=s 0, "P58 guard src-ac1 @7017597B")
70175FBD	70175FB4	0	WCMV	LOGON.2@70175EE2	src/ac1	varying	base-class	yes		assert((sx16(M16[0x7000021C])) >=s 0, "P58 base-class src-ac1 @70175FBD")
70176076	7017606D	0	WCMV	LOGON.2@70175EE2	src/ac1	varying	base-class	yes		assert((sx16(M16[0x7000021C])) >=s 0, "P58 base-class src-ac1 @70176076")
70176C8B	70176C5C	23	WCMV	REPORT	dst/ac0	lenload-expr	derived	no	70176C5C:23 src/ac1	assert((sx16(M16[((sx16(M16[wp(ac3, 3)]) * 0x17) + M32[0x70000214] - 0x38281)])) >=s 0, "P58 derived dst-ac0 @70176C8B")
70176C8B	70176C5C	23	WCMV	REPORT	src/ac1	varying	base-class	yes		assert((sx16(M16[((sx16(M16[wp(ac3, 3)]) * 0x17) + M32[0x70000214] - 0x38281)])) >=s 0, "P58 base-class src-ac1 @70176C8B")
70176C94	70176C5C	25	WCMV	REPORT	dst/ac0	expr	derived	no	70176C5C:23 src/ac1	assert(((sx16(M16[((sx16(M16[wp(ac3, 3)]) * 0x17) + M32[0x70000214] - 0x38281)]) + 1)) >=s 0, "P58 derived dst-ac0 @70176C94")
70176C94	70176C5C	25	WCMV	REPORT	src/ac1	expr	derived	no	70176C5C:23 src/ac1	assert(((sx16(M16[((sx16(M16[wp(ac3, 3)]) * 0x17) + M32[0x70000214] - 0x38281)]) + 1)) >=s 0, "P58 derived src-ac1 @70176C94")
70176CAA	70176C5C	31	WCMV	REPORT	dst/ac0	expr	derived	no	70176C5C:23 src/ac1	assert(((sx16(M16[((sx16(M16[wp(ac3, 3)]) * 0x17) + M32[0x70000214] - 0x38281)]) + 0x14)) >=s 0, "P58 derived dst-ac0 @70176CAA")
70176CAA	70176C5C	31	WCMV	REPORT	src/ac1	expr	derived	no	70176C5C:23 src/ac1	assert(((sx16(M16[((sx16(M16[wp(ac3, 3)]) * 0x17) + M32[0x70000214] - 0x38281)]) + 0x14)) >=s 0, "P58 derived src-ac1 @70176CAA")
70176CB6	70176C5C	36	WCMV	REPORT	dst/ac0	lenload-expr	derived	no	70176C5C:36 src/ac1	assert((sx16(M16[((sx16(M16[wp(ac3, 2)]) * 0x2AE) + M32[0x70000210] - 0x271)])) >=s 0, "P58 derived dst-ac0 @70176CB6")
70176CB6	70176C5C	36	WCMV	REPORT	src/ac1	varying	base-class	yes		assert((sx16(M16[((sx16(M16[wp(ac3, 2)]) * 0x2AE) + M32[0x70000210] - 0x271)])) >=s 0, "P58 base-class src-ac1 @70176CB6")
70176CBF	70176C5C	38	WCMV	REPORT	dst/ac0	expr	derived	no	70176C5C:36 src/ac1 & 70176C5C:23 src/ac1	assert(((sx16(M16[((sx16(M16[wp(ac3, 2)]) * 0x2AE) + M32[0x70000210] - 0x271)]) + sx16(M16[((sx16(M16[wp(ac3, 3)]) * 0x17) + M32[0x70000214] - 0x38281)]) + 0x14)) >=s 0, "P58 derived dst-ac0 @70176CBF")
70176CBF	70176C5C	38	WCMV	REPORT	src/ac1	expr	derived	no	70176C5C:36 src/ac1 & 70176C5C:23 src/ac1	assert(((sx16(M16[((sx16(M16[wp(ac3, 2)]) * 0x2AE) + M32[0x70000210] - 0x271)]) + sx16(M16[((sx16(M16[wp(ac3, 3)]) * 0x17) + M32[0x70000214] - 0x38281)]) + 0x14)) >=s 0, "P58 derived src-ac1 @70176CBF")
70176CCD	70176C5C	42	WCMV	REPORT	dst/ac0	expr	derived	no	70176C5C:36 src/ac1 & 70176C5C:23 src/ac1	assert(((sx16(M16[((sx16(M16[wp(ac3, 2)]) * 0x2AE) + M32[0x70000210] - 0x271)]) + sx16(M16[((sx16(M16[wp(ac3, 3)]) * 0x17) + M32[0x70000214] - 0x38281)]) + 0x15)) >=s 0, "P58 derived dst-ac0 @70176CCD")
70176CCD	70176C5C	42	WCMV	REPORT	src/ac1	expr	derived	no	70176C5C:36 src/ac1 & 70176C5C:23 src/ac1	assert(((sx16(M16[((sx16(M16[wp(ac3, 2)]) * 0x2AE) + M32[0x70000210] - 0x271)]) + sx16(M16[((sx16(M16[wp(ac3, 3)]) * 0x17) + M32[0x70000214] - 0x38281)]) + 0x15)) >=s 0, "P58 derived src-ac1 @70176CCD")
70176D71	70176D0E	26	WCMV	REPORT	dst/ac0	register	derived	no	70176D0E:26 src/ac1	assert((ac0) >=s 0, "P58 derived dst-ac0 @70176D71")
70176D71	70176D0E	26	WCMV	REPORT	src/ac1	register	base-class	yes		assert((ac1) >=s 0, "P58 base-class src-ac1 @70176D71")
70176D71	70176D0E	32	WCMV	REPORT	dst/ac0	register	derived	no	70176D0E:26 src/ac1	assert((ac0) >=s 0, "P58 derived dst-ac0 @70176D71")
70176D71	70176D0E	32	WCMV	REPORT	src/ac1	register	derived	no	70176D0E:26 src/ac1	assert((ac1) >=s 0, "P58 derived src-ac1 @70176D71")
70176D71	70176D0E	42	WCMV	REPORT	dst/ac0	register	derived	no	70176D0E:26 src/ac1	assert((ac0) >=s 0, "P58 derived dst-ac0 @70176D71")
70176D71	70176D0E	42	WCMV	REPORT	src/ac1	register	derived	no	70176D0E:26 src/ac1	assert((ac1) >=s 0, "P58 derived src-ac1 @70176D71")
70176D68	70176D0E	47	WCMV	REPORT	dst/ac0	lenload-expr	derived	no	70176D0E:47 src/ac1	assert((sx16(M16[((sx16(M16[wp(ac3, 2)]) * 0x2AE) + M32[0x70000210] - 0x271)])) >=s 0, "P58 derived dst-ac0 @70176D68")
70176D68	70176D0E	47	WCMV	REPORT	src/ac1	varying	base-class	yes		assert((sx16(M16[((sx16(M16[wp(ac3, 2)]) * 0x2AE) + M32[0x70000210] - 0x271)])) >=s 0, "P58 base-class src-ac1 @70176D68")
70176D71	70176D0E	53	WCMV	REPORT	dst/ac0	register	derived	no	70176D0E:47 src/ac1 & 70176D0E:26 src/ac1	assert((ac0) >=s 0, "P58 derived dst-ac0 @70176D71")
70176D71	70176D0E	53	WCMV	REPORT	src/ac1	register	derived	no	70176D0E:47 src/ac1 & 70176D0E:26 src/ac1	assert((ac1) >=s 0, "P58 derived src-ac1 @70176D71")
70176D7F	70176D0E	60	WCMV	REPORT	dst/ac0	register	unknown	yes		assert((ac0) >=s 0, "P58 unknown dst-ac0 @70176D7F")
70176D7F	70176D0E	60	WCMV	REPORT	src/ac1	register	unknown	yes		assert((ac1) >=s 0, "P58 unknown src-ac1 @70176D7F")
70176DFE	70176DE2	8	WCMV	REPORT	dst/ac0	lenload-expr	derived	no	70176DE2:8 src/ac1	assert((sx16(M16[((sx16(M16[((sx16(M16[wp(ac3, 2)]) * 0x2AE) + M32[0x70000210] + 0x2A)]) * 0xB) - 0xFEA6E5C)])) >=s 0, "P58 derived dst-ac0 @70176DFE")
70176DFE	70176DE2	8	WCMV	REPORT	src/ac1	lenload-expr	base-class	yes		assert((sx16(M16[((sx16(M16[((sx16(M16[wp(ac3, 2)]) * 0x2AE) + M32[0x70000210] + 0x2A)]) * 0xB) - 0xFEA6E5C)])) >=s 0, "P58 base-class src-ac1 @70176DFE")
70176E07	70176DE2	10	WCMV	REPORT	dst/ac0	wide-expr	derived	no	70176DE2:8 src/ac1	assert((M32[wp(ac3, 0xE)]) >=s 0, "P58 derived dst-ac0 @70176E07")
70176E07	70176DE2	10	WCMV	REPORT	src/ac1	wide-expr	derived	no	70176DE2:8 src/ac1	assert((M32[wp(ac3, 0xE)]) >=s 0, "P58 derived src-ac1 @70176E07")
70176E1A	70176DE2	17	WCMV	REPORT	dst/ac0	wide-expr	derived	no	70176DE2:8 src/ac1	assert((M32[wp(ac3, 0x10)]) >=s 0, "P58 derived dst-ac0 @70176E1A")
70176E1A	70176DE2	17	WCMV	REPORT	src/ac1	wide-expr	derived	no	70176DE2:8 src/ac1	assert((M32[wp(ac3, 0x10)]) >=s 0, "P58 derived src-ac1 @70176E1A")
70176E4E	70176DE2	25	WCMV	REPORT	dst/ac0	register	derived	no	70176DE2:25 src/ac1	assert((ac0) >=s 0, "P58 derived dst-ac0 @70176E4E")
70176E4E	70176DE2	25	WCMV	REPORT	src/ac1	register	base-class	yes		assert((ac1) >=s 0, "P58 base-class src-ac1 @70176E4E")
70176E2F	70176DE2	27	WCMV	REPORT	dst/ac0	wide-expr	derived	no	70176DE2:25 src/ac1 & 70176DE2:8 src/ac1	assert((M32[wp(ac3, 0x12)]) >=s 0, "P58 derived dst-ac0 @70176E2F")
70176E2F	70176DE2	27	WCMV	REPORT	src/ac1	wide-expr	derived	no	70176DE2:25 src/ac1 & 70176DE2:8 src/ac1	assert((M32[wp(ac3, 0x12)]) >=s 0, "P58 derived src-ac1 @70176E2F")
70176E3E	70176DE2	30	WCMV	REPORT	dst/ac0	wide-expr	derived	no	70176DE2:25 src/ac1 & 70176DE2:8 src/ac1	assert((M32[wp(ac3, 0x14)]) >=s 0, "P58 derived dst-ac0 @70176E3E")
70176E3E	70176DE2	30	WCMV	REPORT	src/ac1	wide-expr	derived	no	70176DE2:25 src/ac1 & 70176DE2:8 src/ac1	assert((M32[wp(ac3, 0x14)]) >=s 0, "P58 derived src-ac1 @70176E3E")
70176E45	70176DE2	32	WCMV	REPORT	dst/ac0	lenload-expr	derived	no	70176DE2:32 src/ac1	assert((sx16(M16[wp(ac3, 0x2C)])) >=s 0, "P58 derived dst-ac0 @70176E45")
70176E45	70176DE2	32	WCMV	REPORT	src/ac1	varying	base-class	yes		assert((sx16(M16[wp(ac3, 0x2C)])) >=s 0, "P58 base-class src-ac1 @70176E45")
70176E4E	70176DE2	38	WCMV	REPORT	dst/ac0	register	derived	no	70176DE2:32 src/ac1 & 70176DE2:25 src/ac1 & 70176DE2:8 src/ac1	assert((ac0) >=s 0, "P58 derived dst-ac0 @70176E4E")
70176E4E	70176DE2	38	WCMV	REPORT	src/ac1	register	derived	no	70176DE2:32 src/ac1 & 70176DE2:25 src/ac1 & 70176DE2:8 src/ac1	assert((ac1) >=s 0, "P58 derived src-ac1 @70176E4E")
70176E5F	70176DE2	44	WCMV	REPORT	dst/ac0	register	unknown	yes		assert((ac0) >=s 0, "P58 unknown dst-ac0 @70176E5F")
70176E5F	70176DE2	44	WCMV	REPORT	src/ac1	register	unknown	yes		assert((ac1) >=s 0, "P58 unknown src-ac1 @70176E5F")
70176EFA	70176ECD	18	WCMV	REPORT	dst/ac0	lenload-expr	derived	no	70176ECD:18 src/ac1	assert((sx16(M16[((sx16(M16[((sx16(M16[wp(ac3, 2)]) * 0x2AE) + M32[0x70000210] + 0x2A)]) * 0xB) - 0xFEA6E5C)])) >=s 0, "P58 derived dst-ac0 @70176EFA")
70176EFA	70176ECD	18	WCMV	REPORT	src/ac1	lenload-expr	base-class	yes		assert((sx16(M16[((sx16(M16[((sx16(M16[wp(ac3, 2)]) * 0x2AE) + M32[0x70000210] + 0x2A)]) * 0xB) - 0xFEA6E5C)])) >=s 0, "P58 base-class src-ac1 @70176EFA")
70176F03	70176ECD	20	WCMV	REPORT	dst/ac0	expr	derived	no	70176ECD:18 src/ac1	assert(((sx16(M16[((sx16(M16[((sx16(M16[wp(ac3, 2)]) * 0x2AE) + M32[0x70000210] + 0x2A)]) * 0xB) - 0xFEA6E5C)]) + 4)) >=s 0, "P58 derived dst-ac0 @70176F03")
70176F03	70176ECD	20	WCMV	REPORT	src/ac1	expr	derived	no	70176ECD:18 src/ac1	assert(((sx16(M16[((sx16(M16[((sx16(M16[wp(ac3, 2)]) * 0x2AE) + M32[0x70000210] + 0x2A)]) * 0xB) - 0xFEA6E5C)]) + 4)) >=s 0, "P58 derived src-ac1 @70176F03")
70176F16	70176ECD	27	WCMV	REPORT	dst/ac0	expr	derived	no	70176ECD:18 src/ac1	assert(((sx16(M16[((sx16(M16[((sx16(M16[wp(ac3, 2)]) * 0x2AE) + M32[0x70000210] + 0x2A)]) * 0xB) - 0xFEA6E5C)]) + 5)) >=s 0, "P58 derived dst-ac0 @70176F16")
70176F16	70176ECD	27	WCMV	REPORT	src/ac1	expr	derived	no	70176ECD:18 src/ac1	assert(((sx16(M16[((sx16(M16[((sx16(M16[wp(ac3, 2)]) * 0x2AE) + M32[0x70000210] + 0x2A)]) * 0xB) - 0xFEA6E5C)]) + 5)) >=s 0, "P58 derived src-ac1 @70176F16")
70176F22	70176ECD	32	WCMV	REPORT	dst/ac0	lenload-expr	derived	no	70176ECD:32 src/ac1	assert((sx16(M16[((sx16(M16[wp(ac3, 5)]) * 0x2AE) + M32[0x70000210] - 0x271)])) >=s 0, "P58 derived dst-ac0 @70176F22")
70176F22	70176ECD	32	WCMV	REPORT	src/ac1	varying	base-class	yes		assert((sx16(M16[((sx16(M16[wp(ac3, 5)]) * 0x2AE) + M32[0x70000210] - 0x271)])) >=s 0, "P58 base-class src-ac1 @70176F22")
70176F2B	70176ECD	34	WCMV	REPORT	dst/ac0	expr	derived	no	70176ECD:32 src/ac1 & 70176ECD:18 src/ac1	assert(((sx16(M16[((sx16(M16[wp(ac3, 5)]) * 0x2AE) + M32[0x70000210] - 0x271)]) + sx16(M16[((sx16(M16[((sx16(M16[wp(ac3, 2)]) * 0x2AE) + M32[0x70000210] + 0x2A)]) * 0xB) - 0xFEA6E5C)]) + 5)) >=s 0, "P58 derived dst-ac0 @70176F2B")
70176F2B	70176ECD	34	WCMV	REPORT	src/ac1	expr	derived	no	70176ECD:32 src/ac1 & 70176ECD:18 src/ac1	assert(((sx16(M16[((sx16(M16[wp(ac3, 5)]) * 0x2AE) + M32[0x70000210] - 0x271)]) + sx16(M16[((sx16(M16[((sx16(M16[wp(ac3, 2)]) * 0x2AE) + M32[0x70000210] + 0x2A)]) * 0xB) - 0xFEA6E5C)]) + 5)) >=s 0, "P58 derived src-ac1 @70176F2B")
70176F3C	70176ECD	37	WCMV	REPORT	dst/ac0	expr	derived	no	70176ECD:32 src/ac1 & 70176ECD:18 src/ac1	assert(((sx16(M16[((sx16(M16[wp(ac3, 5)]) * 0x2AE) + M32[0x70000210] - 0x271)]) + sx16(M16[((sx16(M16[((sx16(M16[wp(ac3, 2)]) * 0x2AE) + M32[0x70000210] + 0x2A)]) * 0xB) - 0xFEA6E5C)]) + 0x1D)) >=s 0, "P58 derived dst-ac0 @70176F3C")
70176F3C	70176ECD	37	WCMV	REPORT	src/ac1	expr	derived	no	70176ECD:32 src/ac1 & 70176ECD:18 src/ac1	assert(((sx16(M16[((sx16(M16[wp(ac3, 5)]) * 0x2AE) + M32[0x70000210] - 0x271)]) + sx16(M16[((sx16(M16[((sx16(M16[wp(ac3, 2)]) * 0x2AE) + M32[0x70000210] + 0x2A)]) * 0xB) - 0xFEA6E5C)]) + 0x1D)) >=s 0, "P58 derived src-ac1 @70176F3C")
701772FB	701772EC	5	WCMV	SEIGE	dst/ac0	expr	cond	yes		assert(((sx16(M16[((sx16(M16[wp(ac3, 3)]) * 0x17) + M32[0x70000214] - 0x11)]) + 2)) >=s 0, "P58 cond dst-ac0 @701772FB")
701772FB	701772EC	5	WCMV	SEIGE	src/ac1	expr	cond	yes		assert(((sx16(M16[((sx16(M16[wp(ac3, 3)]) * 0x17) + M32[0x70000214] - 0x11)]) + 2)) >=s 0, "P58 cond src-ac1 @701772FB")
701773A7	70177364	13	WCMV	SEIGE	dst/ac0	register	derived	no	70177364:13 src/ac1	assert((ac0) >=s 0, "P58 derived dst-ac0 @701773A7")
701773A7	70177364	13	WCMV	SEIGE	src/ac1	register	base-class	yes		assert((ac1) >=s 0, "P58 base-class src-ac1 @701773A7")
70177388	70177364	15	WCMV	SEIGE	dst/ac0	wide-expr	unknown	yes		assert((M32[wp(ac3, 0x1E)]) >=s 0, "P58 unknown dst-ac0 @70177388")
70177388	70177364	15	WCMV	SEIGE	src/ac1	wide-expr	unknown	yes		assert((M32[wp(ac3, 0x1E)]) >=s 0, "P58 unknown src-ac1 @70177388")
70177397	70177364	18	WCMV	SEIGE	dst/ac0	wide-expr	unknown	yes		assert((M32[wp(ac3, 0x22)]) >=s 0, "P58 unknown dst-ac0 @70177397")
70177397	70177364	18	WCMV	SEIGE	src/ac1	wide-expr	unknown	yes		assert((M32[wp(ac3, 0x22)]) >=s 0, "P58 unknown src-ac1 @70177397")
7017739E	70177364	20	WCMV	SEIGE	dst/ac0	lenload-expr	derived	no	70177364:20 src/ac1	assert((sx16(M16[wp(ac3, 0x32)])) >=s 0, "P58 derived dst-ac0 @7017739E")
7017739E	70177364	20	WCMV	SEIGE	src/ac1	varying	base-class	yes		assert((sx16(M16[wp(ac3, 0x32)])) >=s 0, "P58 base-class src-ac1 @7017739E")
701773A7	70177364	26	WCMV	SEIGE	dst/ac0	register	cond	yes		assert((ac0) >=s 0, "P58 cond dst-ac0 @701773A7")
701773A7	70177364	26	WCMV	SEIGE	src/ac1	register	cond	yes		assert((ac1) >=s 0, "P58 cond src-ac1 @701773A7")
701773B8	70177364	32	WCMV	SEIGE	dst/ac0	register	unknown	yes		assert((ac0) >=s 0, "P58 unknown dst-ac0 @701773B8")
701773B8	70177364	32	WCMV	SEIGE	src/ac1	register	unknown	yes		assert((ac1) >=s 0, "P58 unknown src-ac1 @701773B8")
701775A3	7017758F	6	WCMV	SEIGE	dst/ac0	lenload-expr	derived	no	7017758F:6 src/ac1	assert((sx16(M16[wp(ac3, 8)])) >=s 0, "P58 derived dst-ac0 @701775A3")
701775A3	7017758F	6	WCMV	SEIGE	src/ac1	varying	base-class	yes		assert((sx16(M16[wp(ac3, 8)])) >=s 0, "P58 base-class src-ac1 @701775A3")
701775AE	7017758F	8	WCMV	SEIGE	dst/ac0	expr	derived	no	7017758F:6 src/ac1	assert(((sx16(M16[wp(ac3, 8)]) + 0x17)) >=s 0, "P58 derived dst-ac0 @701775AE")
701775AE	7017758F	8	WCMV	SEIGE	src/ac1	expr	derived	no	7017758F:6 src/ac1	assert(((sx16(M16[wp(ac3, 8)]) + 0x17)) >=s 0, "P58 derived src-ac1 @701775AE")
7017773B	7017771A	13	WCMV	SEIGE	dst/ac0	lenload-expr	derived	no	7017771A:13 src/ac1	assert((sx16(M16[wp(ac3, 0x32)])) >=s 0, "P58 derived dst-ac0 @7017773B")
7017773B	7017771A	13	WCMV	SEIGE	src/ac1	varying	base-class	yes		assert((sx16(M16[wp(ac3, 0x32)])) >=s 0, "P58 base-class src-ac1 @7017773B")
70177744	7017771A	15	WCMV	SEIGE	dst/ac0	expr	derived	no	7017771A:13 src/ac1	assert(((sx16(M16[wp(ac3, 0x32)]) + 0xC)) >=s 0, "P58 derived dst-ac0 @70177744")
70177744	7017771A	15	WCMV	SEIGE	src/ac1	expr	derived	no	7017771A:13 src/ac1	assert(((sx16(M16[wp(ac3, 0x32)]) + 0xC)) >=s 0, "P58 derived src-ac1 @70177744")
70177753	7017771A	18	WCMV	SEIGE	dst/ac0	expr	derived	no	7017771A:13 src/ac1	assert(((sx16(M16[wp(ac3, 0x32)]) + 0x11)) >=s 0, "P58 derived dst-ac0 @70177753")
70177753	7017771A	18	WCMV	SEIGE	src/ac1	expr	derived	no	7017771A:13 src/ac1	assert(((sx16(M16[wp(ac3, 0x32)]) + 0x11)) >=s 0, "P58 derived src-ac1 @70177753")
7017775A	7017771A	20	WCMV	SEIGE	dst/ac0	lenload-expr	derived	no	7017771A:20 src/ac1	assert((sx16(M16[wp(ac3, 8)])) >=s 0, "P58 derived dst-ac0 @7017775A")
7017775A	7017771A	20	WCMV	SEIGE	src/ac1	varying	base-class	yes		assert((sx16(M16[wp(ac3, 8)])) >=s 0, "P58 base-class src-ac1 @7017775A")
70177763	7017771A	22	WCMV	SEIGE	dst/ac0	expr	derived	no	7017771A:13 src/ac1 & 7017771A:20 src/ac1	assert(((sx16(M16[wp(ac3, 0x32)]) + sx16(M16[wp(ac3, 8)]) + 0x11)) >=s 0, "P58 derived dst-ac0 @70177763")
70177763	7017771A	22	WCMV	SEIGE	src/ac1	expr	derived	no	7017771A:13 src/ac1 & 7017771A:20 src/ac1	assert(((sx16(M16[wp(ac3, 0x32)]) + sx16(M16[wp(ac3, 8)]) + 0x11)) >=s 0, "P58 derived src-ac1 @70177763")
70177774	7017771A	25	WCMV	SEIGE	dst/ac0	expr	derived	no	7017771A:13 src/ac1 & 7017771A:20 src/ac1	assert(((sx16(M16[wp(ac3, 0x32)]) + sx16(M16[wp(ac3, 8)]) + 0x23)) >=s 0, "P58 derived dst-ac0 @70177774")
70177774	7017771A	25	WCMV	SEIGE	src/ac1	expr	derived	no	7017771A:13 src/ac1 & 7017771A:20 src/ac1	assert(((sx16(M16[wp(ac3, 0x32)]) + sx16(M16[wp(ac3, 8)]) + 0x23)) >=s 0, "P58 derived src-ac1 @70177774")
701777C6	701777AF	8	WCMV	SEIGE	dst/ac0	lenload-expr	derived	no	701777AF:8 src/ac1	assert((sx16(M16[wp(ac3, 8)])) >=s 0, "P58 derived dst-ac0 @701777C6")
701777C6	701777AF	8	WCMV	SEIGE	src/ac1	varying	base-class	yes		assert((sx16(M16[wp(ac3, 8)])) >=s 0, "P58 base-class src-ac1 @701777C6")
701777CF	701777AF	10	WCMV	SEIGE	dst/ac0	expr	derived	no	701777AF:8 src/ac1	assert(((sx16(M16[wp(ac3, 8)]) + 0x2B)) >=s 0, "P58 derived dst-ac0 @701777CF")
701777CF	701777AF	10	WCMV	SEIGE	src/ac1	expr	derived	no	701777AF:8 src/ac1	assert(((sx16(M16[wp(ac3, 8)]) + 0x2B)) >=s 0, "P58 derived src-ac1 @701777CF")
701777DD	701777AF	14	WCMV	SEIGE	dst/ac0	expr	derived	no	701777AF:8 src/ac1	assert(((sx16(M16[wp(ac3, 8)]) + 0x2C)) >=s 0, "P58 derived dst-ac0 @701777DD")
701777DD	701777AF	14	WCMV	SEIGE	src/ac1	expr	derived	no	701777AF:8 src/ac1	assert(((sx16(M16[wp(ac3, 8)]) + 0x2C)) >=s 0, "P58 derived src-ac1 @701777DD")
70177811	701777F9	8	WCMV	SEIGE	dst/ac0	lenload-expr	derived	no	701777F9:8 src/ac1	assert((sx16(M16[wp(ac3, 8)])) >=s 0, "P58 derived dst-ac0 @70177811")
70177811	701777F9	8	WCMV	SEIGE	src/ac1	varying	base-class	yes		assert((sx16(M16[wp(ac3, 8)])) >=s 0, "P58 base-class src-ac1 @70177811")
7017781A	701777F9	10	WCMV	SEIGE	dst/ac0	expr	derived	no	701777F9:8 src/ac1	assert(((sx16(M16[wp(ac3, 8)]) + 0x1C)) >=s 0, "P58 derived dst-ac0 @7017781A")
7017781A	701777F9	10	WCMV	SEIGE	src/ac1	expr	derived	no	701777F9:8 src/ac1	assert(((sx16(M16[wp(ac3, 8)]) + 0x1C)) >=s 0, "P58 derived src-ac1 @7017781A")
7017782B	701777F9	13	WCMV	SEIGE	dst/ac0	expr	derived	no	701777F9:8 src/ac1	assert(((sx16(M16[wp(ac3, 8)]) + 0x22)) >=s 0, "P58 derived dst-ac0 @7017782B")
7017782B	701777F9	13	WCMV	SEIGE	src/ac1	expr	derived	no	701777F9:8 src/ac1	assert(((sx16(M16[wp(ac3, 8)]) + 0x22)) >=s 0, "P58 derived src-ac1 @7017782B")
701778D8	701778C1	8	WCMV	SEIGE	dst/ac0	lenload-expr	derived	no	701778C1:8 src/ac1	assert((sx16(M16[wp(ac3, 8)])) >=s 0, "P58 derived dst-ac0 @701778D8")
701778D8	701778C1	8	WCMV	SEIGE	src/ac1	varying	base-class	yes		assert((sx16(M16[wp(ac3, 8)])) >=s 0, "P58 base-class src-ac1 @701778D8")
701778E1	701778C1	10	WCMV	SEIGE	dst/ac0	expr	derived	no	701778C1:8 src/ac1	assert(((sx16(M16[wp(ac3, 8)]) + 0x25)) >=s 0, "P58 derived dst-ac0 @701778E1")
701778E1	701778C1	10	WCMV	SEIGE	src/ac1	expr	derived	no	701778C1:8 src/ac1	assert(((sx16(M16[wp(ac3, 8)]) + 0x25)) >=s 0, "P58 derived src-ac1 @701778E1")
701778EF	701778C1	14	WCMV	SEIGE	dst/ac0	expr	derived	no	701778C1:8 src/ac1	assert(((sx16(M16[wp(ac3, 8)]) + 0x26)) >=s 0, "P58 derived dst-ac0 @701778EF")
701778EF	701778C1	14	WCMV	SEIGE	src/ac1	expr	derived	no	701778C1:8 src/ac1	assert(((sx16(M16[wp(ac3, 8)]) + 0x26)) >=s 0, "P58 derived src-ac1 @701778EF")
70177A66	70177A4E	8	WCMV	SEIGE	dst/ac0	lenload-expr	derived	no	70177A4E:8 src/ac1	assert((sx16(M16[wp(ac3, 0x32)])) >=s 0, "P58 derived dst-ac0 @70177A66")
70177A66	70177A4E	8	WCMV	SEIGE	src/ac1	varying	base-class	yes		assert((sx16(M16[wp(ac3, 0x32)])) >=s 0, "P58 base-class src-ac1 @70177A66")
70177A6F	70177A4E	10	WCMV	SEIGE	dst/ac0	expr	derived	no	70177A4E:8 src/ac1	assert(((sx16(M16[wp(ac3, 0x32)]) + 0x1B)) >=s 0, "P58 derived dst-ac0 @70177A6F")
70177A6F	70177A4E	10	WCMV	SEIGE	src/ac1	expr	derived	no	70177A4E:8 src/ac1	assert(((sx16(M16[wp(ac3, 0x32)]) + 0x1B)) >=s 0, "P58 derived src-ac1 @70177A6F")
70177A80	70177A4E	13	WCMV	SEIGE	dst/ac0	expr	derived	no	70177A4E:8 src/ac1	assert(((sx16(M16[wp(ac3, 0x32)]) + 0x34)) >=s 0, "P58 derived dst-ac0 @70177A80")
70177A80	70177A4E	13	WCMV	SEIGE	src/ac1	expr	derived	no	70177A4E:8 src/ac1	assert(((sx16(M16[wp(ac3, 0x32)]) + 0x34)) >=s 0, "P58 derived src-ac1 @70177A80")
70178DBE	70178DB5	0	WCMP	START_TURN.1@70178DA9	s1/ac1	varying	base-class	yes		assert((sx16(M16[0x7000021C])) >=s 0, "P58 base-class s1-ac1 @70178DBE")
70178E30	70178E29	0	WCMV	START_TURN.1@70178DA9	src/ac1	varying	base-class	yes		assert((sx16(M16[0x7000021C])) >=s 0, "P58 base-class src-ac1 @70178E30")
70179C69	70179C52	9	WCMV	STORE.1@70179BF4	dst/ac0	lenload-expr	derived	no	70179C52:9 src/ac1	assert((sx16(M16[wp(ac3, 0x40)])) >=s 0, "P58 derived dst-ac0 @70179C69")
70179C69	70179C52	9	WCMV	STORE.1@70179BF4	src/ac1	varying	base-class	yes		assert((sx16(M16[wp(ac3, 0x40)])) >=s 0, "P58 base-class src-ac1 @70179C69")
70179C72	70179C52	11	WCMV	STORE.1@70179BF4	dst/ac0	expr	derived	no	70179C52:9 src/ac1	assert(((sx16(M16[wp(ac3, 0x40)]) + 0x21)) >=s 0, "P58 derived dst-ac0 @70179C72")
70179C72	70179C52	11	WCMV	STORE.1@70179BF4	src/ac1	expr	derived	no	70179C52:9 src/ac1	assert(((sx16(M16[wp(ac3, 0x40)]) + 0x21)) >=s 0, "P58 derived src-ac1 @70179C72")
70179C83	70179C52	14	WCMV	STORE.1@70179BF4	dst/ac0	expr	derived	no	70179C52:9 src/ac1	assert(((sx16(M16[wp(ac3, 0x40)]) + 0x23)) >=s 0, "P58 derived dst-ac0 @70179C83")
70179C83	70179C52	14	WCMV	STORE.1@70179BF4	src/ac1	expr	derived	no	70179C52:9 src/ac1	assert(((sx16(M16[wp(ac3, 0x40)]) + 0x23)) >=s 0, "P58 derived src-ac1 @70179C83")
70179CC9	70179CB2	9	WCMV	STORE.1@70179BF4	dst/ac0	lenload-expr	derived	no	70179CB2:9 src/ac1	assert((sx16(M16[wp(ac3, 0x40)])) >=s 0, "P58 derived dst-ac0 @70179CC9")
70179CC9	70179CB2	9	WCMV	STORE.1@70179BF4	src/ac1	varying	base-class	yes		assert((sx16(M16[wp(ac3, 0x40)])) >=s 0, "P58 base-class src-ac1 @70179CC9")
70179CD2	70179CB2	11	WCMV	STORE.1@70179BF4	dst/ac0	wide-expr	derived	no	70179CB2:9 src/ac1	assert((M32[wp(ac3, 0x2E)]) >=s 0, "P58 derived dst-ac0 @70179CD2")
70179CD2	70179CB2	11	WCMV	STORE.1@70179BF4	src/ac1	wide-expr	derived	no	70179CB2:9 src/ac1	assert((M32[wp(ac3, 0x2E)]) >=s 0, "P58 derived src-ac1 @70179CD2")
70179CE1	70179CB2	14	WCMV	STORE.1@70179BF4	dst/ac0	wide-expr	derived	no	70179CB2:9 src/ac1	assert((M32[wp(ac3, 0x3E)]) >=s 0, "P58 derived dst-ac0 @70179CE1")
70179CE1	70179CB2	14	WCMV	STORE.1@70179BF4	src/ac1	wide-expr	derived	no	70179CB2:9 src/ac1	assert((M32[wp(ac3, 0x3E)]) >=s 0, "P58 derived src-ac1 @70179CE1")
70179CE8	70179CB2	16	WCMV	STORE.1@70179BF4	dst/ac0	lenload-expr	derived	no	70179CB2:16 src/ac1	assert((sx16(M16[wp(ac3, 0x52)])) >=s 0, "P58 derived dst-ac0 @70179CE8")
70179CE8	70179CB2	16	WCMV	STORE.1@70179BF4	src/ac1	varying	base-class	yes		assert((sx16(M16[wp(ac3, 0x52)])) >=s 0, "P58 base-class src-ac1 @70179CE8")
70179CF1	70179CB2	22	WCMV	STORE.1@70179BF4	dst/ac0	register	derived	no	70179CB2:9 src/ac1 & 70179CB2:16 src/ac1	assert((ac0) >=s 0, "P58 derived dst-ac0 @70179CF1")
70179CF1	70179CB2	22	WCMV	STORE.1@70179BF4	src/ac1	register	derived	no	70179CB2:9 src/ac1 & 70179CB2:16 src/ac1	assert((ac1) >=s 0, "P58 derived src-ac1 @70179CF1")
70179D02	70179CB2	28	WCMV	STORE.1@70179BF4	dst/ac0	register	derived	no	70179CB2:9 src/ac1 & 70179CB2:16 src/ac1	assert((ac0) >=s 0, "P58 derived dst-ac0 @70179D02")
70179D02	70179CB2	28	WCMV	STORE.1@70179BF4	src/ac1	register	derived	no	70179CB2:9 src/ac1 & 70179CB2:16 src/ac1	assert((ac1) >=s 0, "P58 derived src-ac1 @70179D02")
70179DCD	70179DBE	2	WCMP	STORE.1@70179BF4	s1/ac1	varying	base-class	yes		assert((sx16(M16[0x7000021C])) >=s 0, "P58 base-class s1-ac1 @70179DCD")
70179DCD	70179DBE	2	WCMP	STORE.1@70179BF4	s2/ac0	varying	base-class	yes		assert((sx16(M16[((sx16(M16[wp(ac3, 0xC)]) * 0x17) + M32[0x70000214] - 0x11)])) >=s 0, "P58 base-class s2-ac0 @70179DCD")
7017A05F	7017A047	8	WCMV	STORE.1@70179BF4	dst/ac0	lenload-expr	derived	no	7017A047:8 src/ac1	assert((sx16(M16[wp(ac3, 0x40)])) >=s 0, "P58 derived dst-ac0 @7017A05F")
7017A05F	7017A047	8	WCMV	STORE.1@70179BF4	src/ac1	varying	base-class	yes		assert((sx16(M16[wp(ac3, 0x40)])) >=s 0, "P58 base-class src-ac1 @7017A05F")
7017A068	7017A047	10	WCMV	STORE.1@70179BF4	dst/ac0	expr	derived	no	7017A047:8 src/ac1	assert(((sx16(M16[wp(ac3, 0x40)]) + 0x17)) >=s 0, "P58 derived dst-ac0 @7017A068")
7017A068	7017A047	10	WCMV	STORE.1@70179BF4	src/ac1	expr	derived	no	7017A047:8 src/ac1	assert(((sx16(M16[wp(ac3, 0x40)]) + 0x17)) >=s 0, "P58 derived src-ac1 @7017A068")
7017A079	7017A047	13	WCMV	STORE.1@70179BF4	dst/ac0	expr	derived	no	7017A047:8 src/ac1	assert(((sx16(M16[wp(ac3, 0x40)]) + 0x5C)) >=s 0, "P58 derived dst-ac0 @7017A079")
7017A079	7017A047	13	WCMV	STORE.1@70179BF4	src/ac1	expr	derived	no	7017A047:8 src/ac1	assert(((sx16(M16[wp(ac3, 0x40)]) + 0x5C)) >=s 0, "P58 derived src-ac1 @7017A079")
7017A126	7017A116	6	WCMV	STORE.1@70179BF4	dst/ac0	lenload-expr	derived	no	7017A116:6 src/ac1	assert((sx16(M16[wp(ac3, 0x40)])) >=s 0, "P58 derived dst-ac0 @7017A126")
7017A126	7017A116	6	WCMV	STORE.1@70179BF4	src/ac1	varying	base-class	yes		assert((sx16(M16[wp(ac3, 0x40)])) >=s 0, "P58 base-class src-ac1 @7017A126")
7017A135	7017A116	9	WCMV	STORE.1@70179BF4	dst/ac0	wide-expr	derived	no	7017A116:6 src/ac1	assert((M32[wp(ac3, 0x2E)]) >=s 0, "P58 derived dst-ac0 @7017A135")
7017A135	7017A116	9	WCMV	STORE.1@70179BF4	src/ac1	wide-expr	derived	no	7017A116:6 src/ac1	assert((M32[wp(ac3, 0x2E)]) >=s 0, "P58 derived src-ac1 @7017A135")
7017A140	7017A116	11	WCMV	STORE.1@70179BF4	dst/ac0	lenload-expr	derived	no	7017A116:11 src/ac1	assert((sx16(M16[((sx16(M16[wp(ac3, 0xC)]) * 9) - 0xFFFFA73)])) >=s 0, "P58 derived dst-ac0 @7017A140")
7017A140	7017A116	11	WCMV	STORE.1@70179BF4	src/ac1	lenload-expr	base-class	yes		assert((sx16(M16[((sx16(M16[wp(ac3, 0xC)]) * 9) - 0xFFFFA73)])) >=s 0, "P58 base-class src-ac1 @7017A140")
7017A153	7017A116	23	WCMV	STORE.1@70179BF4	dst/ac0	wide-expr	derived	no	7017A116:6 src/ac1 & 7017A116:11 src/ac1	assert((M32[wp(ac3, 0x3C)]) >=s 0, "P58 derived dst-ac0 @7017A153")
7017A153	7017A116	23	WCMV	STORE.1@70179BF4	src/ac1	wide-expr	derived	no	7017A116:6 src/ac1 & 7017A116:11 src/ac1	assert((M32[wp(ac3, 0x3C)]) >=s 0, "P58 derived src-ac1 @7017A153")
7017A15B	7017A116	25	WCMV	STORE.1@70179BF4	dst/ac0	wide-expr	guard	no		assert((M32[wp(ac3, 0x3E)]) >=s 0, "P58 guard dst-ac0 @7017A15B")
7017A15B	7017A116	25	WCMV	STORE.1@70179BF4	src/ac1	wide-expr	guard	no		assert((M32[wp(ac3, 0x3E)]) >=s 0, "P58 guard src-ac1 @7017A15B")
7017A16F	7017A116	40	WCMV	STORE.1@70179BF4	dst/ac0	register	unknown	yes		assert((ac0) >=s 0, "P58 unknown dst-ac0 @7017A16F")
7017A16F	7017A116	40	WCMV	STORE.1@70179BF4	src/ac1	register	unknown	yes		assert((ac1) >=s 0, "P58 unknown src-ac1 @7017A16F")
7017A176	7017A116	42	WCMV	STORE.1@70179BF4	dst/ac0	lenload-expr	invariant	no	length word wp(wfp, 0x16) in [0, 32767] (slot invariant)	assert((sx16(M16[wp(ac3, 0x16)])) >=s 0, "P58 invariant dst-ac0 @7017A176")
7017A176	7017A116	42	WCMV	STORE.1@70179BF4	src/ac1	varying	invariant	no	length word wp(wfp, 0x16) in [0, 32767] (slot invariant)	assert((sx16(M16[wp(ac3, 0x16)])) >=s 0, "P58 invariant src-ac1 @7017A176")
7017A18A	7017A116	57	WCMV	STORE.1@70179BF4	dst/ac0	register	unknown	yes		assert((ac0) >=s 0, "P58 unknown dst-ac0 @7017A18A")
7017A18A	7017A116	57	WCMV	STORE.1@70179BF4	src/ac1	register	unknown	yes		assert((ac1) >=s 0, "P58 unknown src-ac1 @7017A18A")
7017A191	7017A116	59	WCMV	STORE.1@70179BF4	dst/ac0	lenload-expr	derived	no	7017A116:59 src/ac1	assert((sx16(M16[wp(ac3, 0x74)])) >=s 0, "P58 derived dst-ac0 @7017A191")
7017A191	7017A116	59	WCMV	STORE.1@70179BF4	src/ac1	varying	base-class	yes		assert((sx16(M16[wp(ac3, 0x74)])) >=s 0, "P58 base-class src-ac1 @7017A191")
7017A1A5	7017A116	74	WCMV	STORE.1@70179BF4	dst/ac0	register	unknown	yes		assert((ac0) >=s 0, "P58 unknown dst-ac0 @7017A1A5")
7017A1A5	7017A116	74	WCMV	STORE.1@70179BF4	src/ac1	register	unknown	yes		assert((ac1) >=s 0, "P58 unknown src-ac1 @7017A1A5")
7017A1C3	7017A1BA	5	WCMV	STORE.1@70179BF4	dst/ac0	register	unknown	yes		assert((ac0) >=s 0, "P58 unknown dst-ac0 @7017A1C3")
7017A1C3	7017A1BA	5	WCMV	STORE.1@70179BF4	src/ac1	register	unknown	yes		assert((ac1) >=s 0, "P58 unknown src-ac1 @7017A1C3")
7017A4FE	7017A4DC	12	WCMV	STORE.1@70179BF4	dst/ac0	lenload-expr	derived	no	7017A4DC:12 src/ac1	assert((sx16(M16[((sx16(M16[wp(ac3, 0xE)]) * 9) - 0xFFFFA73)])) >=s 0, "P58 derived dst-ac0 @7017A4FE")
7017A4FE	7017A4DC	12	WCMV	STORE.1@70179BF4	src/ac1	lenload-expr	base-class	yes		assert((sx16(M16[((sx16(M16[wp(ac3, 0xE)]) * 9) - 0xFFFFA73)])) >=s 0, "P58 base-class src-ac1 @7017A4FE")
7017A507	7017A4DC	14	WCMV	STORE.1@70179BF4	dst/ac0	expr	derived	no	7017A4DC:12 src/ac1	assert(((sx16(M16[((sx16(M16[wp(ac3, 0xE)]) * 9) - 0xFFFFA73)]) + 0x1B)) >=s 0, "P58 derived dst-ac0 @7017A507")
7017A507	7017A4DC	14	WCMV	STORE.1@70179BF4	src/ac1	expr	derived	no	7017A4DC:12 src/ac1	assert(((sx16(M16[((sx16(M16[wp(ac3, 0xE)]) * 9) - 0xFFFFA73)]) + 0x1B)) >=s 0, "P58 derived src-ac1 @7017A507")
7017A515	7017A4DC	18	WCMV	STORE.1@70179BF4	dst/ac0	expr	derived	no	7017A4DC:12 src/ac1	assert(((sx16(M16[((sx16(M16[wp(ac3, 0xE)]) * 9) - 0xFFFFA73)]) + 0x1C)) >=s 0, "P58 derived dst-ac0 @7017A515")
7017A515	7017A4DC	18	WCMV	STORE.1@70179BF4	src/ac1	expr	derived	no	7017A4DC:12 src/ac1	assert(((sx16(M16[((sx16(M16[wp(ac3, 0xE)]) * 9) - 0xFFFFA73)]) + 0x1C)) >=s 0, "P58 derived src-ac1 @7017A515")
7017AA10	7017A9E4	18	WCMV	TAKE	dst/ac0	register	derived	no	7017A9E4:18 src/ac1	assert((ac0) >=s 0, "P58 derived dst-ac0 @7017AA10")
7017AA10	7017A9E4	18	WCMV	TAKE	src/ac1	register	base-class	yes		assert((ac1) >=s 0, "P58 base-class src-ac1 @7017AA10")
7017AA10	7017A9E4	24	WCMV	TAKE	dst/ac0	register	derived	no	7017A9E4:18 src/ac1	assert((ac0) >=s 0, "P58 derived dst-ac0 @7017AA10")
7017AA10	7017A9E4	24	WCMV	TAKE	src/ac1	register	derived	no	7017A9E4:18 src/ac1	assert((ac1) >=s 0, "P58 derived src-ac1 @7017AA10")
7017AA21	7017A9E4	30	WCMV	TAKE	dst/ac0	register	derived	no	7017A9E4:18 src/ac1	assert((ac0) >=s 0, "P58 derived dst-ac0 @7017AA21")
7017AA21	7017A9E4	30	WCMV	TAKE	src/ac1	register	derived	no	7017A9E4:18 src/ac1	assert((ac1) >=s 0, "P58 derived src-ac1 @7017AA21")
7017ABDC	7017ABBC	10	WCMV	TAKE	dst/ac0	lenload-expr	derived	no	7017ABBC:10 src/ac1	assert((sx16(M16[((sx16(M16[((M32[wp(ac3, 6)] * 9) + M32[0x70000212] + 0x2CE9)]) * 9) - 0x10000B0B)])) >=s 0, "P58 derived dst-ac0 @7017ABDC")
7017ABDC	7017ABBC	10	WCMV	TAKE	src/ac1	lenload-expr	base-class	yes		assert((sx16(M16[((sx16(M16[((M32[wp(ac3, 6)] * 9) + M32[0x70000212] + 0x2CE9)]) * 9) - 0x10000B0B)])) >=s 0, "P58 base-class src-ac1 @7017ABDC")
7017ABE5	7017ABBC	12	WCMV	TAKE	dst/ac0	expr	derived	no	7017ABBC:10 src/ac1	assert(((sx16(M16[((sx16(M16[((M32[wp(ac3, 6)] * 9) + M32[0x70000212] + 0x2CE9)]) * 9) - 0x10000B0B)]) + 0x10)) >=s 0, "P58 derived dst-ac0 @7017ABE5")
7017ABE5	7017ABBC	12	WCMV	TAKE	src/ac1	expr	derived	no	7017ABBC:10 src/ac1	assert(((sx16(M16[((sx16(M16[((M32[wp(ac3, 6)] * 9) + M32[0x70000212] + 0x2CE9)]) * 9) - 0x10000B0B)]) + 0x10)) >=s 0, "P58 derived src-ac1 @7017ABE5")
7017ABF6	7017ABBC	15	WCMV	TAKE	dst/ac0	expr	derived	no	7017ABBC:10 src/ac1	assert(((sx16(M16[((sx16(M16[((M32[wp(ac3, 6)] * 9) + M32[0x70000212] + 0x2CE9)]) * 9) - 0x10000B0B)]) + 0x49)) >=s 0, "P58 derived dst-ac0 @7017ABF6")
7017ABF6	7017ABBC	15	WCMV	TAKE	src/ac1	expr	derived	no	7017ABBC:10 src/ac1	assert(((sx16(M16[((sx16(M16[((M32[wp(ac3, 6)] * 9) + M32[0x70000212] + 0x2CE9)]) * 9) - 0x10000B0B)]) + 0x49)) >=s 0, "P58 derived src-ac1 @7017ABF6")
7017AC8B	7017AC5F	17	WCMV	TAKE	dst/ac0	register	derived	no	7017AC5F:17 src/ac1	assert((ac0) >=s 0, "P58 derived dst-ac0 @7017AC8B")
7017AC8B	7017AC5F	17	WCMV	TAKE	src/ac1	register	base-class	yes		assert((ac1) >=s 0, "P58 base-class src-ac1 @7017AC8B")
7017AC8B	7017AC5F	23	WCMV	TAKE	dst/ac0	register	derived	no	7017AC5F:17 src/ac1	assert((ac0) >=s 0, "P58 derived dst-ac0 @7017AC8B")
7017AC8B	7017AC5F	23	WCMV	TAKE	src/ac1	register	derived	no	7017AC5F:17 src/ac1	assert((ac1) >=s 0, "P58 derived src-ac1 @7017AC8B")
7017AC99	7017AC5F	30	WCMV	TAKE	dst/ac0	register	derived	no	7017AC5F:17 src/ac1	assert((ac0) >=s 0, "P58 derived dst-ac0 @7017AC99")
7017AC99	7017AC5F	30	WCMV	TAKE	src/ac1	register	derived	no	7017AC5F:17 src/ac1	assert((ac1) >=s 0, "P58 derived src-ac1 @7017AC99")
7017AEC5	7017AEA2	12	WCMV	TAKE	dst/ac0	lenload-expr	derived	no	7017AEA2:12 src/ac1	assert((sx16(M16[((sx16(M16[((M32[wp(ac3, 6)] * 9) + M32[0x70000212] + 0x2CE9)]) * 9) - 0x10000B0B)])) >=s 0, "P58 derived dst-ac0 @7017AEC5")
7017AEC5	7017AEA2	12	WCMV	TAKE	src/ac1	lenload-expr	base-class	yes		assert((sx16(M16[((sx16(M16[((M32[wp(ac3, 6)] * 9) + M32[0x70000212] + 0x2CE9)]) * 9) - 0x10000B0B)])) >=s 0, "P58 base-class src-ac1 @7017AEC5")
7017AECE	7017AEA2	14	WCMV	TAKE	dst/ac0	expr	derived	no	7017AEA2:12 src/ac1	assert(((sx16(M16[((sx16(M16[((M32[wp(ac3, 6)] * 9) + M32[0x70000212] + 0x2CE9)]) * 9) - 0x10000B0B)]) + 0x12)) >=s 0, "P58 derived dst-ac0 @7017AECE")
7017AECE	7017AEA2	14	WCMV	TAKE	src/ac1	expr	derived	no	7017AEA2:12 src/ac1	assert(((sx16(M16[((sx16(M16[((M32[wp(ac3, 6)] * 9) + M32[0x70000212] + 0x2CE9)]) * 9) - 0x10000B0B)]) + 0x12)) >=s 0, "P58 derived src-ac1 @7017AECE")
7017AEDF	7017AEA2	17	WCMV	TAKE	dst/ac0	expr	derived	no	7017AEA2:12 src/ac1	assert(((sx16(M16[((sx16(M16[((M32[wp(ac3, 6)] * 9) + M32[0x70000212] + 0x2CE9)]) * 9) - 0x10000B0B)]) + 0x25)) >=s 0, "P58 derived dst-ac0 @7017AEDF")
7017AEDF	7017AEA2	17	WCMV	TAKE	src/ac1	expr	derived	no	7017AEA2:12 src/ac1	assert(((sx16(M16[((sx16(M16[((M32[wp(ac3, 6)] * 9) + M32[0x70000212] + 0x2CE9)]) * 9) - 0x10000B0B)]) + 0x25)) >=s 0, "P58 derived src-ac1 @7017AEDF")
7017AF19	7017AEF6	13	WCMV	TAKE	dst/ac0	lenload-expr	derived	no	7017AEF6:13 src/ac1	assert((sx16(M16[((sx16(M16[((M32[wp(ac3, 6)] * 9) + M32[0x70000212] + 0x2CE9)]) * 9) - 0x10000B0B)])) >=s 0, "P58 derived dst-ac0 @7017AF19")
7017AF19	7017AEF6	13	WCMV	TAKE	src/ac1	lenload-expr	base-class	yes		assert((sx16(M16[((sx16(M16[((M32[wp(ac3, 6)] * 9) + M32[0x70000212] + 0x2CE9)]) * 9) - 0x10000B0B)])) >=s 0, "P58 base-class src-ac1 @7017AF19")
7017AF22	7017AEF6	15	WCMV	TAKE	dst/ac0	expr	derived	no	7017AEF6:13 src/ac1	assert(((sx16(M16[((sx16(M16[((M32[wp(ac3, 6)] * 9) + M32[0x70000212] + 0x2CE9)]) * 9) - 0x10000B0B)]) + 0x12)) >=s 0, "P58 derived dst-ac0 @7017AF22")
7017AF22	7017AEF6	15	WCMV	TAKE	src/ac1	expr	derived	no	7017AEF6:13 src/ac1	assert(((sx16(M16[((sx16(M16[((M32[wp(ac3, 6)] * 9) + M32[0x70000212] + 0x2CE9)]) * 9) - 0x10000B0B)]) + 0x12)) >=s 0, "P58 derived src-ac1 @7017AF22")
7017AF33	7017AEF6	18	WCMV	TAKE	dst/ac0	expr	derived	no	7017AEF6:13 src/ac1	assert(((sx16(M16[((sx16(M16[((M32[wp(ac3, 6)] * 9) + M32[0x70000212] + 0x2CE9)]) * 9) - 0x10000B0B)]) + 0x33)) >=s 0, "P58 derived dst-ac0 @7017AF33")
7017AF33	7017AEF6	18	WCMV	TAKE	src/ac1	expr	derived	no	7017AEF6:13 src/ac1	assert(((sx16(M16[((sx16(M16[((M32[wp(ac3, 6)] * 9) + M32[0x70000212] + 0x2CE9)]) * 9) - 0x10000B0B)]) + 0x33)) >=s 0, "P58 derived src-ac1 @7017AF33")
7017B831	7017B82B	3	WCMV	TERRITORY_MAP	dst/ac0	register	unknown	yes		assert((ac0) >=s 0, "P58 unknown dst-ac0 @7017B831")
7017B831	7017B82B	3	WCMV	TERRITORY_MAP	src/ac1	register	guard	no		assert((ac1) >=s 0, "P58 guard src-ac1 @7017B831")
7017B866	7017B857	10	WCMV	TERRITORY_MAP	dst/ac0	register	unknown	yes		assert((ac0) >=s 0, "P58 unknown dst-ac0 @7017B866")
7017B866	7017B857	10	WCMV	TERRITORY_MAP	src/ac1	register	guard	no		assert((ac1) >=s 0, "P58 guard src-ac1 @7017B866")
7017BF9A	7017BF82	8	WCMV	TERRITORY_MAP	dst/ac0	lenload-expr	derived	no	7017BF82:8 src/ac1	assert((sx16(M16[wp(ac3, 0x1AA8)])) >=s 0, "P58 derived dst-ac0 @7017BF9A")
7017BF9A	7017BF82	8	WCMV	TERRITORY_MAP	src/ac1	varying	base-class	yes		assert((sx16(M16[wp(ac3, 0x1AA8)])) >=s 0, "P58 base-class src-ac1 @7017BF9A")
7017BFA3	7017BF82	10	WCMV	TERRITORY_MAP	dst/ac0	expr	derived	no	7017BF82:8 src/ac1	assert(((sx16(M16[wp(ac3, 0x1AA8)]) + 8)) >=s 0, "P58 derived dst-ac0 @7017BFA3")
7017BFA3	7017BF82	10	WCMV	TERRITORY_MAP	src/ac1	expr	derived	no	7017BF82:8 src/ac1	assert(((sx16(M16[wp(ac3, 0x1AA8)]) + 8)) >=s 0, "P58 derived src-ac1 @7017BFA3")
7017BFB4	7017BF82	13	WCMV	TERRITORY_MAP	dst/ac0	expr	cond	yes		assert(((sx16(M16[wp(ac3, 0x1AA8)]) + 0x1D)) >=s 0, "P58 cond dst-ac0 @7017BFB4")
7017BFB4	7017BF82	13	WCMV	TERRITORY_MAP	src/ac1	expr	cond	yes		assert(((sx16(M16[wp(ac3, 0x1AA8)]) + 0x1D)) >=s 0, "P58 cond src-ac1 @7017BFB4")
7017C185	7017C162	14	WCMV	TERRITORY_MAP	dst/ac0	lenload-expr	derived	no	7017C162:14 src/ac1	assert((sx16(M16[((sx16(M16[(M32[wp(ac3, 0xA)] + ac3 + 0x3D1)]) * 0x13) + M32[0x70000212] + 0x7C2)])) >=s 0, "P58 derived dst-ac0 @7017C185")
7017C185	7017C162	14	WCMV	TERRITORY_MAP	src/ac1	varying	base-class	yes		assert((sx16(M16[((sx16(M16[(M32[wp(ac3, 0xA)] + ac3 + 0x3D1)]) * 0x13) + M32[0x70000212] + 0x7C2)])) >=s 0, "P58 base-class src-ac1 @7017C185")
7017C18E	7017C162	16	WCMV	TERRITORY_MAP	dst/ac0	wide-expr	derived	no	7017C162:14 src/ac1	assert((M32[wp(ac3, 0x1A94)]) >=s 0, "P58 derived dst-ac0 @7017C18E")
7017C18E	7017C162	16	WCMV	TERRITORY_MAP	src/ac1	wide-expr	derived	no	7017C162:14 src/ac1	assert((M32[wp(ac3, 0x1A94)]) >=s 0, "P58 derived src-ac1 @7017C18E")
7017C19D	7017C162	19	WCMV	TERRITORY_MAP	dst/ac0	wide-expr	derived	no	7017C162:14 src/ac1	assert((M32[wp(ac3, 0x1A98)]) >=s 0, "P58 derived dst-ac0 @7017C19D")
7017C19D	7017C162	19	WCMV	TERRITORY_MAP	src/ac1	wide-expr	derived	no	7017C162:14 src/ac1	assert((M32[wp(ac3, 0x1A98)]) >=s 0, "P58 derived src-ac1 @7017C19D")
7017C1A4	7017C162	21	WCMV	TERRITORY_MAP	dst/ac0	lenload-expr	derived	no	7017C162:21 src/ac1	assert((sx16(M16[wp(ac3, 0x1AA8)])) >=s 0, "P58 derived dst-ac0 @7017C1A4")
7017C1A4	7017C162	21	WCMV	TERRITORY_MAP	src/ac1	varying	base-class	yes		assert((sx16(M16[wp(ac3, 0x1AA8)])) >=s 0, "P58 base-class src-ac1 @7017C1A4")
7017C1AD	7017C162	23	WCMV	TERRITORY_MAP	dst/ac0	expr	derived	no	7017C162:21 src/ac1 & 7017C162:14 src/ac1	assert(((sx16(M16[wp(ac3, 0x1AA8)]) + sx16(M16[((sx16(M16[(M32[wp(ac3, 0xA)] + ac3 + 0x3D1)]) * 0x13) + M32[0x70000212] + 0x7C2)]) + 0x12)) >=s 0, "P58 derived dst-ac0 @7017C1AD")
7017C1AD	7017C162	23	WCMV	TERRITORY_MAP	src/ac1	expr	derived	no	7017C162:21 src/ac1 & 7017C162:14 src/ac1	assert(((sx16(M16[wp(ac3, 0x1AA8)]) + sx16(M16[((sx16(M16[(M32[wp(ac3, 0xA)] + ac3 + 0x3D1)]) * 0x13) + M32[0x70000212] + 0x7C2)]) + 0x12)) >=s 0, "P58 derived src-ac1 @7017C1AD")
7017C1BB	7017C162	27	WCMV	TERRITORY_MAP	dst/ac0	expr	cond	yes		assert(((sx16(M16[wp(ac3, 0x1AA8)]) + sx16(M16[((sx16(M16[(M32[wp(ac3, 0xA)] + ac3 + 0x3D1)]) * 0x13) + M32[0x70000212] + 0x7C2)]) + 0x13)) >=s 0, "P58 cond dst-ac0 @7017C1BB")
7017C1BB	7017C162	27	WCMV	TERRITORY_MAP	src/ac1	expr	cond	yes		assert(((sx16(M16[wp(ac3, 0x1AA8)]) + sx16(M16[((sx16(M16[(M32[wp(ac3, 0xA)] + ac3 + 0x3D1)]) * 0x13) + M32[0x70000212] + 0x7C2)]) + 0x13)) >=s 0, "P58 cond src-ac1 @7017C1BB")
7017C2EA	7017C2AB	13	WCMV	TAKE_OVER_CASTLE	dst/ac0	lenload-expr	derived	no	7017C2AB:13 src/ac1	assert((sx16(M16[wp(ac3, 0xE)])) >=s 0, "P58 derived dst-ac0 @7017C2EA")
7017C2EA	7017C2AB	13	WCMV	TAKE_OVER_CASTLE	src/ac1	varying	base-class	yes		assert((sx16(M16[wp(ac3, 0xE)])) >=s 0, "P58 base-class src-ac1 @7017C2EA")
7017C2D4	7017C2AB	15	WCMV	TAKE_OVER_CASTLE	dst/ac0	expr	derived	no	7017C2AB:13 src/ac1	assert(((sx16(M16[wp(ac3, 0xE)]) + 0x13)) >=s 0, "P58 derived dst-ac0 @7017C2D4")
7017C2D4	7017C2AB	15	WCMV	TAKE_OVER_CASTLE	src/ac1	expr	derived	no	7017C2AB:13 src/ac1	assert(((sx16(M16[wp(ac3, 0xE)]) + 0x13)) >=s 0, "P58 derived src-ac1 @7017C2D4")
7017C2E3	7017C2AB	18	WCMV	TAKE_OVER_CASTLE	dst/ac0	expr	derived	no	7017C2AB:13 src/ac1	assert(((sx16(M16[wp(ac3, 0xE)]) + 0x38)) >=s 0, "P58 derived dst-ac0 @7017C2E3")
7017C2E3	7017C2AB	18	WCMV	TAKE_OVER_CASTLE	src/ac1	expr	derived	no	7017C2AB:13 src/ac1	assert(((sx16(M16[wp(ac3, 0xE)]) + 0x38)) >=s 0, "P58 derived src-ac1 @7017C2E3")
7017C2EA	7017C2AB	20	WCMV	TAKE_OVER_CASTLE	dst/ac0	lenload-expr	derived	no	7017C2AB:13 src/ac1	assert((sx16(M16[wp(ac3, 0xE)])) >=s 0, "P58 derived dst-ac0 @7017C2EA")
7017C2EA	7017C2AB	20	WCMV	TAKE_OVER_CASTLE	src/ac1	varying	base-class	yes		assert((sx16(M16[wp(ac3, 0xE)])) >=s 0, "P58 base-class src-ac1 @7017C2EA")
7017C2F3	7017C2AB	22	WCMV	TAKE_OVER_CASTLE	dst/ac0	expr	unknown	yes		assert((((sx16(M16[wp(ac3, 0xE)]) * 2) + 0x38)) >=s 0, "P58 unknown dst-ac0 @7017C2F3")
7017C2F3	7017C2AB	22	WCMV	TAKE_OVER_CASTLE	src/ac1	expr	unknown	yes		assert((((sx16(M16[wp(ac3, 0xE)]) * 2) + 0x38)) >=s 0, "P58 unknown src-ac1 @7017C2F3")
7017C304	7017C2AB	25	WCMV	TAKE_OVER_CASTLE	dst/ac0	expr	unknown	yes		assert((((sx16(M16[wp(ac3, 0xE)]) * 2) + 0x3B)) >=s 0, "P58 unknown dst-ac0 @7017C304")
7017C304	7017C2AB	25	WCMV	TAKE_OVER_CASTLE	src/ac1	expr	unknown	yes		assert((((sx16(M16[wp(ac3, 0xE)]) * 2) + 0x3B)) >=s 0, "P58 unknown src-ac1 @7017C304")
7017C380	7017C376	5	WCMV	TAKE_OVER_CASTLE	dst/ac0	register	guard	no		assert((ac0) >=s 0, "P58 guard dst-ac0 @7017C380")
7017C380	7017C376	5	WCMV	TAKE_OVER_CASTLE	src/ac1	register	guard	no		assert((ac1) >=s 0, "P58 guard src-ac1 @7017C380")
7017CA38	7017CA19	10	WCMV	TERRAIN	dst/ac0	lenload-expr	derived	no	7017CA19:10 src/ac1	assert((sx16(M16[((sx16(M16[M32[wp(ac3, -0x14)]]) * 0x11) - 0xFEA5442)])) >=s 0, "P58 derived dst-ac0 @7017CA38")
7017CA38	7017CA19	10	WCMV	TERRAIN	src/ac1	lenload-expr	base-class	yes		assert((sx16(M16[((sx16(M16[M32[wp(ac3, -0x14)]]) * 0x11) - 0xFEA5442)])) >=s 0, "P58 base-class src-ac1 @7017CA38")
7017CA4A	7017CA42	1	WCMV	TERRAIN	dst/ac0	register	unknown	yes		assert((ac0) >=s 0, "P58 unknown dst-ac0 @7017CA4A")
7017CA4A	7017CA42	1	WCMV	TERRAIN	src/ac1	expr	derived	no	7017CA19:10 src/ac1	assert(((sx16(M16[((sx16(M16[M32[wp(ac3, -0x14)]]) * 0x11) - 0xFEA5442)]) + 8)) >=s 0, "P58 derived src-ac1 @7017CA4A")
7017CE4D	7017CE46	1	WCMP	TERRITORY	s1/ac1	varying	invariant	no	length word wp(wfp, 6) in [0, 32767] (slot invariant)	assert((sx16(M16[wp(ac3, 6)])) >=s 0, "P58 invariant s1-ac1 @7017CE4D")
7017CE84	7017CE7D	1	WCMP	TERRITORY	s1/ac1	varying	invariant	no	length word wp(wfp, 6) in [0, 32767] (slot invariant)	assert((sx16(M16[wp(ac3, 6)])) >=s 0, "P58 invariant s1-ac1 @7017CE84")
7017CEB0	7017CEA9	1	WCMP	TERRITORY	s1/ac1	varying	invariant	no	length word wp(wfp, 6) in [0, 32767] (slot invariant)	assert((sx16(M16[wp(ac3, 6)])) >=s 0, "P58 invariant s1-ac1 @7017CEB0")
7017CED6	7017CECC	5	WCMV	TERRITORY	dst/ac0	register	unknown	yes		assert((ac0) >=s 0, "P58 unknown dst-ac0 @7017CED6")
7017CED6	7017CECC	5	WCMV	TERRITORY	src/ac1	register	base-class	yes		assert((ac1) >=s 0, "P58 base-class src-ac1 @7017CED6")
7017CEF1	7017CED9	10	WCMV	TERRITORY	dst/ac0	lenload-expr	invariant	no	length word wp(wfp, 6) in [0, 32767] (slot invariant)	assert((sx16(M16[wp(ac3, 6)])) >=s 0, "P58 invariant dst-ac0 @7017CEF1")
7017CEF1	7017CED9	10	WCMV	TERRITORY	src/ac1	varying	invariant	no	length word wp(wfp, 6) in [0, 32767] (slot invariant)	assert((sx16(M16[wp(ac3, 6)])) >=s 0, "P58 invariant src-ac1 @7017CEF1")
7017CF04	7017CED9	17	WCMV	TERRITORY	dst/ac0	expr	invariant	no	length word wp(wfp, 6) in [0, 32767] (slot invariant) + constant 1	assert(((sx16(M16[wp(ac3, 6)]) + 1)) >=s 0, "P58 invariant dst-ac0 @7017CF04")
7017CF04	7017CED9	17	WCMV	TERRITORY	src/ac1	expr	invariant	no	length word wp(wfp, 6) in [0, 32767] (slot invariant) + constant 1	assert(((sx16(M16[wp(ac3, 6)]) + 1)) >=s 0, "P58 invariant src-ac1 @7017CF04")
7017CF10	7017CED9	25	WCMV	TERRITORY	dst/ac0	register	derived	no	7017CED9:25 src/ac1	assert((ac0) >=s 0, "P58 derived dst-ac0 @7017CF10")
7017CF10	7017CED9	25	WCMV	TERRITORY	src/ac1	register	base-class	yes		assert((ac1) >=s 0, "P58 base-class src-ac1 @7017CF10")
7017CF22	7017CF1A	1	WCMV	TERRITORY	dst/ac0	register	unknown	yes		assert((ac0) >=s 0, "P58 unknown dst-ac0 @7017CF22")
7017CF22	7017CF1A	1	WCMV	TERRITORY	src/ac1	register	cond	yes		assert((ac1) >=s 0, "P58 cond src-ac1 @7017CF22")
7017CF35	7017CF2D	1	WCMV	TERRITORY	dst/ac0	register	unknown	yes		assert((ac0) >=s 0, "P58 unknown dst-ac0 @7017CF35")
7017D004	7017CFEE	6	WCMV	TERRITORY	dst/ac0	expr	cond	yes		assert(((sx16(M16[((sx16(M16[wp(ac3, 2)]) * 0x16) + M32[0x70000212] + 0xFCC18)]) + 2)) >=s 0, "P58 cond dst-ac0 @7017D004")
7017D004	7017CFEE	6	WCMV	TERRITORY	src/ac1	expr	cond	yes		assert(((sx16(M16[((sx16(M16[wp(ac3, 2)]) * 0x16) + M32[0x70000212] + 0xFCC18)]) + 2)) >=s 0, "P58 cond src-ac1 @7017D004")
7017D222	7017D20A	8	WCMV	TOWER_ATTACK	dst/ac0	lenload-expr	derived	no	7017D20A:8 src/ac1	assert((sx16(M16[wp(ac3, 0x14)])) >=s 0, "P58 derived dst-ac0 @7017D222")
7017D222	7017D20A	8	WCMV	TOWER_ATTACK	src/ac1	varying	base-class	yes		assert((sx16(M16[wp(ac3, 0x14)])) >=s 0, "P58 base-class src-ac1 @7017D222")
7017D22B	7017D20A	10	WCMV	TOWER_ATTACK	dst/ac0	expr	derived	no	7017D20A:8 src/ac1	assert(((sx16(M16[wp(ac3, 0x14)]) + 0x38)) >=s 0, "P58 derived dst-ac0 @7017D22B")
7017D22B	7017D20A	10	WCMV	TOWER_ATTACK	src/ac1	expr	derived	no	7017D20A:8 src/ac1	assert(((sx16(M16[wp(ac3, 0x14)]) + 0x38)) >=s 0, "P58 derived src-ac1 @7017D22B")
7017D23C	7017D20A	13	WCMV	TOWER_ATTACK	dst/ac0	expr	derived	no	7017D20A:8 src/ac1	assert(((sx16(M16[wp(ac3, 0x14)]) + 0x4A)) >=s 0, "P58 derived dst-ac0 @7017D23C")
7017D23C	7017D20A	13	WCMV	TOWER_ATTACK	src/ac1	expr	derived	no	7017D20A:8 src/ac1	assert(((sx16(M16[wp(ac3, 0x14)]) + 0x4A)) >=s 0, "P58 derived src-ac1 @7017D23C")
7017D38B	7017D373	8	WCMV	TOWER_ATTACK	dst/ac0	lenload-expr	derived	no	7017D373:8 src/ac1	assert((sx16(M16[wp(ac3, 0x14)])) >=s 0, "P58 derived dst-ac0 @7017D38B")
7017D38B	7017D373	8	WCMV	TOWER_ATTACK	src/ac1	varying	base-class	yes		assert((sx16(M16[wp(ac3, 0x14)])) >=s 0, "P58 base-class src-ac1 @7017D38B")
7017D394	7017D373	10	WCMV	TOWER_ATTACK	dst/ac0	expr	derived	no	7017D373:8 src/ac1	assert(((sx16(M16[wp(ac3, 0x14)]) + 0x30)) >=s 0, "P58 derived dst-ac0 @7017D394")
7017D394	7017D373	10	WCMV	TOWER_ATTACK	src/ac1	expr	derived	no	7017D373:8 src/ac1	assert(((sx16(M16[wp(ac3, 0x14)]) + 0x30)) >=s 0, "P58 derived src-ac1 @7017D394")
7017D3A5	7017D373	13	WCMV	TOWER_ATTACK	dst/ac0	expr	derived	no	7017D373:8 src/ac1	assert(((sx16(M16[wp(ac3, 0x14)]) + 0x42)) >=s 0, "P58 derived dst-ac0 @7017D3A5")
7017D3A5	7017D373	13	WCMV	TOWER_ATTACK	src/ac1	expr	derived	no	7017D373:8 src/ac1	assert(((sx16(M16[wp(ac3, 0x14)]) + 0x42)) >=s 0, "P58 derived src-ac1 @7017D3A5")
